股票代码,股票简称,PE,扣非PE,PB,扣非ROE,ROE,ROA,股息率,分红比例,毛利率,净利率,扣非净利润增速,营收增速,商誉占净资产比例,资产负债率,扣非PEG,扣非市赚率,市赚率
601988.SH,中国银行,6.11,6.18,0.61,6.52,7.16,,5.92,29.98,,39.2,0.41,1.64,0.09,91.56,3.76,0.95,0.85
601288.SH,农业银行,5.83,6.03,0.65,7.26,8.09,,6.34,29.98,,39.85,3.42,1.29,0.05,93.09,4.69,0.83,0.72
601398.SH,工商银行,6.07,6.01,0.61,6.99,7.33,,6.41,29.98,,43.18,0.28,-3.82,,91.89,-1.58,0.86,0.83
002966.SZ,苏州银行,5.2,5.82,0.69,8.85,9.64,,6.04,25.5,,46.61,13.55,1.1,,92.54,5.31,0.66,0.54
002117.SZ,东港股份,41.57,47.07,3.3,5.04,5.45,4.63,3.04,36.99,32.0,10.34,-43.37,-12.07,0.18,28.16,-3.9,9.34,7.63
002132.SZ,恒星科技,167.75,220.9,1.15,0.38,0.5,0.83,,658.95,9.97,0.5,826.56,12.1,0.03,55.4,18.26,587.35,335.49
600426.SH,华鲁恒升,12.66,13.34,1.67,10.25,10.15,9.1,2.17,28.64,20.01,13.03,5.35,30.16,,30.36,0.44,1.3,1.25
601083.SH,锦江航运,13.51,17.74,1.57,8.36,8.74,8.86,2.3,44.87,25.36,17.21,9.74,7.79,,18.02,2.28,2.12,1.55
603708.SH,家家悦,29.75,116.25,3.07,6.2,7.42,3.11,1.45,40.76,23.26,1.3,-18.06,1.78,9.99,82.0,65.18,18.75,4.01
002149.SZ,西部材料,46.83,68.63,2.92,3.39,4.64,3.04,0.95,51.06,22.23,7.43,-23.66,-5.55,,48.62,-12.37,20.24,10.09
600163.SH,中闽能源,20.44,16.65,1.7,6.01,6.35,5.03,1.14,11.13,53.91,39.58,5.05,-0.9,,41.04,-18.52,2.77,3.22
688186.SH,广大特材,28.75,68.13,0.91,1.22,2.22,2.06,0.33,25.04,15.53,3.29,-39.96,0.13,0.54,63.42,524.48,56.03,12.95
301116.SZ,益客食品,31.4,-163.51,3.22,7.32,7.83,5.52,,30.24,4.89,1.39,783.99,-7.3,,61.67,扣非亏损,扣非转亏,4.01
600016.SH,民生银行,4.23,5.28,0.31,4.84,4.84,,5.78,25.33,,30.21,-9.26,-4.37,,91.6,-1.21,1.09,0.87
600335.SH,国机汽车,24.58,-387.21,0.9,1.87,2.77,1.37,0.06,15.06,7.33,1.12,8.68,-12.99,,69.38,扣非亏损,扣非转亏,8.87
600714.SH,金瑞矿业,82.1,126.64,3.46,3.16,3.22,3.27,,263.62,19.4,9.47,214.52,35.42,,10.38,3.58,40.01,25.5
601628.SH,中国人寿,9.93,12.62,2.44,20.39,19.95,,1.52,14.77,,24.79,173.24,54.84,,91.09,0.23,0.62,0.5
603275.SH,众辰科技,24.18,29.96,1.88,5.07,5.89,5.75,0.35,9.53,41.22,32.52,-4.48,5.42,,10.19,5.53,5.9,4.11
603719.SH,良品铺子,207.37,-89.89,2.22,-0.13,0.79,1.11,1.04,417.94,26.84,0.3,-102.59,-8.66,0.02,45.61,扣非亏损,扣非亏损,262.5
603933.SH,睿能科技,40.65,50.23,2.5,4.18,4.66,3.24,0.64,12.0,24.55,4.21,42.1,4.15,7.46,41.39,12.11,12.03,8.72
001207.SZ,联科科技,16.67,17.73,2.43,11.08,11.26,8.73,2.93,16.3,19.27,12.24,75.74,15.59,,30.47,1.14,1.6,1.48
300140.SZ,节能环境,25.28,33.56,1.62,4.82,4.94,3.46,,42.52,37.8,15.86,220.98,-8.49,1.3,54.42,-3.95,6.97,5.12
301551.SZ,无线传媒,107.03,,11.12,8.29,9.54,8.2,,29.88,53.0,41.27,,-7.08,,7.63,,,11.22
600517.SH,国网英大,18.1,21.38,1.64,6.95,6.98,5.73,1.51,19.97,14.88,39.7,26.59,4.64,0.56,43.77,4.61,3.08,2.59
600188.SH,兖矿能源,10.64,10.51,2.65,14.35,14.75,6.61,7.52,30.51,34.62,15.56,-22.45,-21.5,0.24,64.19,-0.49,0.73,0.72
603337.SH,杰克股份,17.3,21.5,3.14,12.75,13.99,8.38,2.31,33.38,32.22,13.35,52.67,14.79,,40.31,1.45,1.69,1.24
688075.SH,安旭生物,28.44,-187.92,1.0,0.38,2.62,2.6,0.99,44.08,42.11,33.66,-80.45,27.56,,11.21,扣非亏损,扣非转亏,10.86
688548.SH,广钢气体,56.05,52.81,2.33,2.93,3.14,2.67,0.58,40.81,27.94,12.25,-23.65,10.54,9.61,26.49,5.01,18.04,17.85
834058.BJ,华洋赛车,26.45,26.34,4.82,13.22,13.56,8.46,8.58,62.98,22.6,11.52,73.35,40.69,,45.3,0.65,1.99,1.95
000623.SZ,吉林敖东,17.78,16.43,0.76,4.29,4.41,4.03,3.96,44.5,39.12,63.81,0.92,-18.88,,11.05,-0.87,3.83,4.03
000726.SZ,鲁泰A,13.82,12.22,0.58,3.79,3.1,2.85,2.01,48.2,24.4,6.78,15.87,1.33,0.21,29.92,9.2,3.23,4.46
002745.SZ,木林森,26.19,27.82,0.98,2.69,2.68,2.01,3.9,203.66,27.95,2.97,18.41,-4.38,13.62,45.95,-6.36,10.34,9.77
300430.SZ,诚益通,36.99,40.31,2.17,4.23,4.44,3.46,0.39,8.17,40.54,12.14,-24.09,-14.32,23.24,36.5,-2.81,9.54,8.33
301039.SZ,中集车辆,17.43,20.24,1.4,5.67,5.74,4.3,,72.33,15.77,5.42,-41.72,-19.14,3.02,39.46,-1.06,3.57,3.04
301261.SZ,恒工精密,28.45,33.14,2.33,4.87,6.31,4.74,0.97,32.37,24.89,12.86,-1.97,18.5,,47.1,1.79,6.81,4.51
600062.SH,华润双鹤,12.07,15.24,2.21,11.81,12.39,9.96,1.38,9.93,58.46,16.52,23.91,1.18,8.34,34.19,12.9,1.29,0.97
601696.SH,中银证券,39.8,51.0,1.97,3.46,3.77,,0.33,11.13,,34.4,-15.66,-12.87,,76.16,-3.96,14.73,10.56
603355.SH,莱克电气,12.13,13.25,2.67,17.7,18.22,6.34,,142.79,24.0,12.15,11.49,11.98,11.86,59.1,1.11,0.75,0.67
688016.SH,心脉医疗,17.3,21.32,3.28,12.98,14.38,14.18,1.54,50.4,75.5,56.44,37.37,9.13,12.11,13.99,2.34,1.64,1.2
688612.SH,威迈斯,27.88,22.75,3.32,8.1,8.59,4.98,1.54,50.15,19.7,6.98,2.24,21.35,0.16,55.51,1.07,2.81,3.25
002338.SZ,奥普光电,189.33,355.56,8.87,2.91,3.63,4.18,0.07,7.04,36.52,14.69,-48.28,1.41,18.33,26.16,252.98,122.38,52.16
002352.SZ,顺丰控股,21.3,25.97,2.39,7.35,8.34,5.32,1.49,39.91,13.96,3.71,21.58,9.44,9.43,52.59,2.75,3.53,2.55
600737.SH,中粮糖业,13.79,11.48,1.94,9.77,10.1,7.13,10.56,49.6,10.22,5.23,-17.66,-4.86,1.54,41.86,-2.36,1.18,1.37
300304.SZ,云意电气,18.01,19.9,2.52,9.93,10.99,9.41,0.88,8.14,32.54,21.34,64.46,31.77,0.56,22.15,0.63,2.0,1.64
300809.SZ,华辰装备,80.3,125.13,3.89,2.1,3.67,2.72,0.34,10.58,29.97,20.02,-58.34,-16.23,,23.77,-7.71,59.57,21.88
301028.SZ,东亚机械,18.11,22.77,3.07,12.32,13.28,10.05,0.85,31.8,32.38,20.43,39.96,21.44,,35.97,1.06,1.85,1.36
600926.SH,杭州银行,4.54,5.14,0.8,11.23,13.51,,5.19,22.2,,48.68,19.98,3.87,,93.42,1.33,0.46,0.34
603273.SH,天元智能,118.02,129.89,4.79,2.37,3.03,1.71,0.4,32.27,13.6,5.87,-53.88,-27.13,,37.75,-4.79,54.8,38.95
605319.SH,无锡振华,14.49,13.61,2.1,10.94,11.05,6.97,2.09,31.49,24.91,14.47,57.34,7.07,,49.83,1.92,1.24,1.31
300193.SZ,佳士科技,20.08,22.93,2.13,7.74,7.83,5.69,5.15,71.71,30.52,19.11,17.46,10.25,0.72,23.32,2.24,2.96,2.56
600826.SH,兰生股份,21.34,29.0,1.47,3.58,5.19,4.73,3.17,52.86,31.23,23.54,-13.95,-3.29,1.13,27.93,-8.81,8.11,4.11
600927.SH,永安期货,39.13,37.66,1.73,3.3,3.34,,0.96,23.66,,2.24,-24.16,-0.63,,80.56,-59.57,11.42,11.71
603201.SH,常润股份,15.93,15.01,2.1,9.88,9.85,7.57,2.41,12.76,20.68,7.12,16.93,4.28,1.65,44.55,3.51,1.52,1.62
605179.SH,一鸣食品,87.68,151.66,3.86,3.44,3.3,1.93,0.3,53.03,29.58,1.79,13.23,5.39,,60.19,28.14,44.08,26.57
688680.SH,海优新材,-10.98,-9.09,2.09,-12.3,-12.11,-5.18,,-7.19,-0.21,-12.11,-157.39,-48.02,,47.82,扣非亏损,扣非亏损,亏损
300897.SZ,山科智能,27.61,26.95,2.37,5.86,6.47,5.43,1.17,71.86,42.88,13.06,1.44,7.74,0.09,20.36,3.48,4.6,4.27
601811.SH,新华文轩,14.64,11.1,1.26,6.87,6.58,4.13,4.25,32.75,35.73,11.07,-3.91,5.61,4.38,39.67,1.98,1.62,2.23
688002.SH,睿创微纳,37.43,45.18,4.86,8.84,9.76,5.09,0.27,10.82,51.13,12.25,28.3,18.31,2.63,38.26,2.47,5.11,3.83
688046.SH,药康生物,44.87,60.36,2.77,3.38,4.61,3.64,0.79,16.05,63.65,19.27,-12.06,12.13,,16.19,4.97,17.85,9.73
002171.SZ,楚江新材,438.38,32.93,1.56,-0.27,0.25,1.11,2.01,53.74,2.46,0.14,-125.5,15.15,17.68,64.8,2.17,转盈,1753.51
002481.SZ,双塔食品,80.27,43.8,2.57,2.26,2.42,1.53,0.68,45.79,17.19,3.58,645.43,6.43,,43.94,6.81,19.37,33.17
600336.SH,澳柯玛,1691.8,-98.34,2.55,-0.87,0.11,0.56,0.5,31.89,13.58,0.08,-136.16,-11.51,,65.51,扣非亏损,扣非亏损,15380.04
601009.SH,南京银行,6.58,5.59,0.61,9.45,11.31,,7.27,32.0,,43.5,11.35,8.03,0.12,92.83,0.7,0.59,0.58
603871.SH,嘉友国际,13.71,14.66,3.55,20.54,20.54,17.44,3.15,38.49,21.74,16.74,44.73,28.3,4.7,30.04,0.52,0.71,0.67
688628.SH,优利德,22.02,25.87,3.61,11.94,12.55,10.82,2.28,32.1,44.82,17.41,16.18,8.94,,22.26,2.9,2.17,1.75
000913.SZ,钱江摩托,14.99,18.54,2.05,9.81,10.15,4.16,3.21,57.31,27.05,9.42,32.29,20.14,,55.48,0.92,1.89,1.48
002552.SZ,宝鼎科技,34.33,-45.98,3.25,2.71,7.11,3.61,,56.48,14.1,5.73,157.12,-5.46,3.85,57.22,扣非亏损,扣非转亏,4.83
300677.SZ,英科医疗,19.78,34.12,1.09,3.67,4.2,2.45,0.34,5.46,22.43,9.86,284.21,40.79,,49.81,0.84,9.29,4.71
600223.SH,福瑞达,32.21,40.37,1.8,3.72,4.14,3.29,1.04,39.94,51.85,7.48,40.09,-17.45,3.23,22.03,-2.31,10.84,7.78
600795.SH,国电电力,7.1,20.69,1.52,8.77,17.26,4.7,2.88,23.9,14.78,10.82,-12.49,-2.79,0.67,72.73,-7.41,2.36,0.41
600821.SH,金开新能,11.94,15.89,1.26,7.67,8.18,4.45,2.86,40.38,56.35,28.01,2.24,9.35,15.68,73.33,1.7,2.07,1.46
601801.SH,皖新传媒,13.73,24.85,1.28,6.62,6.87,4.66,4.39,33.84,24.15,9.89,-16.77,-14.74,0.2,42.33,-1.69,3.76,2.0
601872.SH,招商轮船,12.45,12.98,1.5,8.86,8.93,7.54,4.05,32.62,26.48,17.85,-9.11,1.44,0.11,42.22,9.02,1.46,1.39
603048.SH,浙江黎明,43.13,46.39,1.67,2.47,2.83,2.32,1.88,39.5,34.17,7.93,38.14,6.1,,18.76,7.61,18.82,15.24
605376.SH,博迁新材,70.45,206.46,5.22,4.44,5.25,4.84,0.64,153.38,21.04,11.7,981.47,47.96,,15.22,4.31,46.53,13.42
688115.SH,思林杰,450.56,185.97,2.34,-0.0,0.39,-0.23,0.37,249.49,57.9,4.27,99.85,4.7,,4.41,39.55,-116231.38,1155.28
002533.SZ,金杯电工,13.07,14.07,1.85,9.6,10.8,5.87,4.95,52.77,10.52,3.76,11.75,15.99,,57.03,0.88,1.47,1.21
600050.SH,中国联通,14.85,21.83,0.99,4.22,4.99,3.49,3.01,49.68,26.02,6.54,1.0,2.99,,44.99,7.29,5.17,2.98
600389.SH,江山股份,29.4,34.93,1.79,4.47,4.63,2.72,,50.43,13.6,4.08,-35.26,19.17,2.71,48.0,1.82,7.81,6.35
600693.SH,东百集团,27.56,37.74,0.89,2.22,2.42,2.8,1.0,62.24,57.78,11.27,-19.95,-5.75,0.1,70.08,-6.56,16.99,11.39
601799.SH,星宇股份,30.13,30.08,4.04,9.85,10.4,7.12,0.92,9.55,20.02,10.59,38.77,27.48,,39.32,1.09,3.05,2.9
601952.SH,苏垦农发,23.76,21.73,2.19,6.17,6.85,4.62,2.93,28.03,13.88,6.36,-8.85,-13.55,1.33,51.03,-1.6,3.53,3.47
603121.SH,华培动力,31.15,41.7,2.28,5.31,5.64,3.94,,99.42,27.4,6.39,56.14,3.46,20.14,40.03,12.05,7.86,5.52
603193.SH,润本股份,28.07,32.83,4.78,12.91,12.91,12.88,0.94,40.45,58.33,25.15,44.45,25.98,,7.99,1.26,2.54,2.17
688087.SH,英科再生,21.39,24.97,2.26,7.93,8.26,4.58,0.62,4.83,25.65,8.72,20.81,22.3,,55.34,1.12,3.15,2.59
688151.SH,华强科技,163.82,-74.92,1.44,-0.94,0.66,0.28,0.04,20.04,17.27,8.07,-12.74,-5.76,,16.03,扣非亏损,扣非亏损,248.22
688193.SH,仁度生物,260.43,1695.71,1.75,-0.34,0.48,-0.11,0.44,89.38,80.39,3.58,78.02,11.57,,7.76,146.59,转盈,542.55
688719.SH,爱科赛博,71.36,52.69,1.9,1.44,1.94,0.84,0.8,9.86,41.12,5.92,-70.45,15.07,,24.83,3.5,36.57,36.78
000951.SZ,中国重汽,15.67,15.49,1.32,5.8,6.27,3.39,3.46,55.0,7.72,3.72,34.07,9.18,,60.69,1.69,2.67,2.5
001203.SZ,大中矿业,15.04,13.72,2.1,10.4,10.67,6.8,,32.15,50.71,22.32,-16.26,4.89,0.07,56.48,2.8,1.32,1.41
002212.SZ,天融信,-38.15,-25.47,0.93,-1.98,-1.81,-2.74,,-10.18,63.96,-10.71,29.95,-3.98,44.79,13.82,扣非亏损,扣非亏损,亏损
002390.SZ,信邦制药,30.96,37.18,1.07,2.57,2.58,3.06,1.35,49.52,18.42,5.1,-29.08,-5.35,8.51,20.23,-6.96,14.47,12.0
603655.SH,朗博科技,93.3,100.12,4.45,3.09,3.5,3.73,0.34,43.63,34.62,11.74,105.48,20.21,,6.08,4.95,32.43,26.66
688766.SH,普冉股份,30.48,33.4,4.23,11.13,10.98,9.75,,14.72,33.36,16.45,305.13,78.13,,13.4,0.43,3.0,2.78
002951.SZ,*ST金时,-49.94,-67.5,1.66,-1.8,-2.25,-2.85,,-482.45,18.68,-86.51,11.2,86.78,1.72,21.09,扣非亏损,扣非亏损,亏损
601866.SH,中远海发,20.42,28.86,1.24,3.79,4.61,3.53,1.37,28.74,18.09,6.99,6.93,88.07,,75.14,0.33,7.62,4.43
603876.SH,鼎胜新材,30.77,34.78,1.42,3.06,3.37,1.32,1.52,19.37,9.04,1.28,-51.68,23.73,1.58,74.09,1.47,11.35,9.13
688535.SH,华海诚科,146.83,175.11,6.64,3.27,3.34,3.17,0.32,32.42,27.47,14.55,52.85,17.33,,17.67,10.1,53.51,43.96
002273.SZ,水晶光电,26.25,30.52,3.41,9.52,9.92,8.13,2.22,32.24,31.57,18.67,127.36,32.69,0.78,19.97,0.93,3.2,2.65
002925.SZ,盈趣科技,47.53,44.18,2.31,2.96,3.5,2.84,2.36,72.23,27.74,7.27,-49.26,-14.24,5.92,28.52,-3.1,14.95,13.58
300294.SZ,博雅生物,29.05,135.53,2.11,4.51,5.55,5.72,0.89,25.53,66.67,33.12,-6.96,-43.16,0.96,7.06,-3.14,30.04,5.23
301308.SZ,江波龙,51.54,74.79,5.8,7.87,8.78,6.24,,17.51,21.54,4.23,155.38,101.68,12.35,58.45,0.74,9.5,5.87
600312.SH,平高电气,23.13,23.86,2.54,8.3,8.32,4.91,1.67,35.09,24.27,11.69,54.91,5.88,0.49,49.35,4.06,2.88,2.78
600332.SH,白云山,11.41,15.75,1.33,8.03,8.81,5.08,2.62,25.51,17.7,5.57,-16.95,1.5,2.18,51.99,10.47,1.96,1.3
600379.SH,宝光股份,36.55,42.7,4.55,9.0,9.56,4.65,0.65,30.19,18.17,6.07,22.34,1.38,,54.52,30.94,4.74,3.82
600406.SH,国电南瑞,36.77,30.41,4.76,9.29,9.47,6.14,2.42,39.91,29.26,14.66,6.02,12.97,0.0,41.22,2.34,3.27,3.88
600681.SH,百川能源,21.66,21.93,1.41,4.13,4.72,3.93,7.12,95.85,12.75,5.32,-26.81,1.8,36.51,52.26,12.19,5.31,4.59
600917.SH,重庆燃气,27.79,25.25,1.78,4.7,4.85,3.24,1.52,15.9,9.3,3.83,8.06,0.06,1.22,44.59,397.62,5.37,5.73
601059.SH,信达证券,45.84,43.45,2.95,4.58,4.85,,0.26,19.54,,38.33,-19.08,-14.19,0.0,75.41,-3.06,9.48,9.45
601156.SH,东航物流,9.9,9.93,1.56,11.76,12.54,10.9,,48.35,19.19,13.32,26.78,24.19,,33.32,0.41,0.84,0.79
601179.SH,中国西电,44.03,47.4,2.11,3.59,3.61,2.43,1.34,39.66,20.48,6.52,74.49,6.21,0.09,45.78,7.64,13.2,12.2
601375.SH,中原证券,107.34,162.09,1.67,1.02,1.17,,0.37,13.84,,10.93,-26.61,-12.51,0.05,72.52,-12.96,158.18,91.75
601688.SH,华泰证券,10.71,18.93,1.12,3.47,7.59,,3.08,25.5,,40.54,-35.29,15.41,0.03,78.07,1.23,5.46,1.41
603103.SH,横店影视,375.33,-50.78,6.41,-5.41,1.29,2.01,,86.06,7.38,1.08,-142.39,-17.27,,69.33,扣非亏损,扣非亏损,290.96
603607.SH,京华激光,33.57,34.13,3.11,6.29,6.83,4.42,1.62,86.62,28.31,11.35,28.42,29.69,9.81,35.65,1.15,5.42,4.91
688131.SH,皓元医药,48.31,69.62,3.41,4.97,5.49,4.11,0.29,11.98,47.58,8.7,21.04,17.65,11.07,41.89,3.94,14.01,8.8
688161.SH,威高骨科,55.69,80.84,3.12,4.09,4.2,3.69,0.29,29.86,64.67,15.55,37.0,0.07,0.88,21.8,1164.81,19.75,13.26
688247.SH,宣泰医药,44.29,57.18,4.42,6.95,7.58,7.06,0.37,20.73,51.24,25.53,130.45,69.95,1.49,13.46,0.82,8.23,5.84
688409.SH,富创精密,90.23,101.95,5.0,3.82,4.18,2.94,0.64,49.95,28.78,7.12,370.96,66.54,,41.29,1.53,26.67,21.58
688606.SH,奥泰生物,20.7,26.63,1.4,4.0,5.12,5.1,2.19,93.91,55.76,31.96,59.78,10.37,,6.74,2.57,6.65,4.04
688698.SH,伟创电气,25.97,30.73,3.49,10.24,10.45,7.23,0.77,22.26,40.53,17.66,36.4,22.37,0.07,27.33,1.37,3.0,2.49
000400.SZ,许继电气,27.01,31.76,2.84,7.84,8.02,4.75,1.35,30.18,21.94,10.67,20.23,-11.49,,47.18,-2.76,4.05,3.37
002553.SZ,南方精工,71.25,44.52,3.71,7.44,3.91,2.56,0.82,-4967.17,33.81,6.8,16.01,14.28,0.47,17.19,3.12,11.98,36.45
002673.SZ,西部证券,46.0,44.59,1.58,2.55,2.59,,1.41,6.84,,16.88,-17.72,-22.59,0.02,70.5,-1.97,17.51,17.76
002748.SZ,ST世龙,50.27,37.48,1.17,2.14,1.73,1.59,,466.11,12.59,1.63,249.64,-6.68,,41.25,-5.62,17.52,29.06
002931.SZ,锋龙股份,1611.55,-241.79,3.61,0.08,0.15,0.24,,3099.29,19.06,0.35,101.86,7.15,1.17,31.46,扣非亏损,扣非转亏,10743.7
300965.SZ,*ST恒宇,78.19,-12.37,1.64,0.91,1.58,1.31,,19.92,41.42,16.19,526.53,-16.16,,14.69,扣非亏损,扣非转亏,49.49
301230.SZ,泓博医药,174.1,-466.26,3.39,0.57,1.38,0.62,0.92,86.09,23.76,3.89,-85.6,6.59,,23.09,扣非亏损,扣非转亏,126.16
301256.SZ,华融化学,47.6,68.85,2.4,2.1,3.73,3.28,2.43,54.52,17.06,7.77,-53.96,9.85,,36.82,6.99,32.79,12.76
600369.SH,西南证券,53.96,66.08,1.36,1.92,1.89,,0.86,19.53,,27.31,-13.94,-6.4,,69.36,-10.33,34.42,28.55
600835.SH,上海机电,20.82,24.84,1.49,5.09,5.36,2.47,3.71,38.9,15.76,6.89,-10.61,-9.14,0.03,56.33,-2.72,4.88,3.88
601006.SH,大秦铁路,10.74,13.13,0.8,5.85,5.77,5.97,5.3,40.24,19.75,17.24,-23.07,-9.18,,18.65,-1.43,2.24,1.86
603039.SH,泛微网络,105.56,53.81,5.91,3.13,4.19,1.59,0.32,40.79,93.08,6.22,596.84,-0.87,,43.93,-61.97,17.17,25.19
603277.SH,银都股份,16.52,18.96,3.59,15.85,16.28,13.06,3.73,61.27,46.14,22.9,15.16,1.75,,32.37,10.84,1.2,1.01
603668.SH,天马科技,68.38,-152.31,2.8,3.09,3.09,2.44,0.05,35.84,11.34,1.97,290.61,-15.11,4.34,69.74,扣非亏损,扣非转亏,22.13
688585.SH,上纬新材,33.16,43.23,2.3,4.85,5.27,4.29,0.25,35.3,15.27,5.89,-0.39,7.55,,33.14,5.73,8.92,6.29
832876.BJ,慧为智能,258.5,-1494.12,6.89,1.18,2.03,0.53,,87.96,15.4,1.55,-43.68,-4.01,,31.53,扣非亏损,扣非转亏,127.34
000498.SZ,山东路桥,5.45,5.16,0.75,5.68,7.71,1.9,3.19,3.05,12.3,4.2,2.77,-6.33,0.83,77.25,-0.81,0.91,0.71
000563.SZ,陕国投A,18.31,19.56,1.29,5.32,5.37,5.0,2.3,7.45,,46.34,15.94,5.15,,30.24,3.8,3.67,3.41
002050.SZ,三花智控,30.5,31.81,5.08,12.37,12.61,8.29,1.02,24.64,27.7,11.28,1.14,8.36,0.03,45.8,3.8,2.57,2.42
002128.SZ,电投能源,8.23,9.4,1.42,13.22,13.53,12.05,4.77,3.81,36.45,22.99,22.96,10.54,0.49,28.25,0.89,0.71,0.61
002226.SZ,江南化工,14.71,18.55,1.58,7.53,8.3,7.36,1.37,6.34,31.77,14.05,0.04,3.48,7.86,40.14,5.34,2.46,1.77
002422.SZ,科伦药业,16.35,18.63,2.39,11.59,11.32,10.05,2.75,22.98,52.51,17.4,27.32,6.64,0.38,31.68,2.8,1.61,1.44
002595.SZ,豪迈科技,19.19,20.44,3.78,14.81,15.38,15.45,2.1,31.19,34.94,22.29,18.33,20.05,,14.97,1.02,1.38,1.25
600248.SH,陕建股份,4.63,5.11,0.75,9.74,12.73,1.56,3.73,11.9,10.73,3.3,-8.73,-18.14,0.06,88.12,-0.28,0.52,0.36
601225.SH,陕西煤业,11.04,10.65,2.47,17.75,16.92,15.45,6.29,10.01,34.76,21.03,-13.94,-1.57,,34.29,-6.77,0.6,0.65
601898.SH,中煤能源,8.77,9.92,1.14,9.83,9.95,7.44,4.56,29.94,25.18,13.54,-12.94,-10.11,0.0,47.08,-0.98,1.01,0.88
603233.SH,大参林,16.51,22.78,2.83,12.45,12.09,5.32,1.24,53.37,34.67,4.63,-26.31,11.33,43.76,68.6,2.01,1.83,1.37
603270.SH,金帝股份,37.61,52.83,1.94,3.35,3.88,2.83,0.65,19.17,29.1,8.9,-29.22,5.15,,30.99,10.26,15.78,9.69
603310.SH,巍华新材,27.58,,1.68,5.55,6.85,5.09,,78.22,32.91,23.35,,-34.71,,7.65,,,4.03
603699.SH,纽威股份,16.91,20.05,4.74,21.27,21.17,12.43,3.75,59.24,36.72,18.74,29.66,5.09,,50.08,3.94,0.94,0.8
605009.SH,豪悦护理,16.17,15.08,1.99,8.98,8.64,6.63,4.45,67.14,28.32,14.43,-0.81,-1.62,,30.96,-9.32,1.68,1.87
000561.SZ,烽火电子,-77.28,-315.58,3.3,-3.79,-3.15,-1.44,,-12.17,35.35,-9.68,-165.25,-7.32,,52.16,扣非亏损,扣非亏损,亏损
002324.SZ,普利特,35.75,39.82,2.26,4.4,4.79,2.41,0.38,15.28,13.93,3.28,-48.77,-11.69,8.72,59.05,-3.41,9.05,7.46
002560.SZ,通达股份,37.24,93.93,1.36,2.49,2.76,2.68,,142.43,8.24,1.82,-37.65,9.23,6.8,44.46,10.18,37.67,13.49
600202.SH,哈空调,976.62,-1752.79,2.25,-1.48,0.17,1.06,,43.06,12.67,0.26,-168.37,-11.12,0.1,71.51,扣非亏损,扣非亏损,5744.83
600236.SH,桂冠电力,17.1,22.38,2.91,10.98,12.6,6.98,3.61,46.61,49.17,33.98,87.3,20.61,1.21,50.19,1.09,2.04,1.36
600436.SH,片仔癀,42.86,49.08,10.95,19.82,18.92,18.17,0.96,40.3,45.44,32.16,11.25,11.19,,18.82,4.39,2.48,2.27
600477.SH,杭萧钢构,26.66,35.05,1.4,3.61,4.02,2.04,1.52,51.65,16.93,3.55,-18.22,-22.24,,65.26,-1.58,9.71,6.63
600858.SH,银座股份,16.74,53.69,0.96,2.42,4.41,3.46,,13.73,38.97,2.44,-22.81,-1.22,8.11,77.08,-44.12,22.15,3.79
601096.SH,宏盛华源,54.62,72.07,2.99,3.33,4.15,2.54,0.25,30.18,9.11,2.36,104.69,15.17,,54.4,4.75,21.64,13.16
605369.SH,拱东医疗,26.86,30.65,3.04,8.43,8.37,7.44,1.43,49.21,33.35,16.91,70.42,17.31,11.69,15.66,1.77,3.63,3.21
688097.SH,博众精工,33.45,35.05,2.63,4.65,5.92,3.78,0.39,39.18,34.78,7.6,-2.21,0.91,,51.89,38.48,7.53,5.65
688692.SH,达梦数据,145.8,104.53,11.01,7.08,8.62,6.05,,81.02,86.32,27.15,45.88,40.96,,12.61,2.55,14.76,16.91
000905.SZ,厦门港务,19.89,45.63,1.02,1.46,3.85,3.33,1.39,30.49,2.6,1.31,-20.91,5.74,0.37,53.46,7.96,31.26,5.17
002867.SZ,周大生,11.6,12.57,2.13,13.3,13.08,13.94,6.26,54.14,20.58,7.89,-20.55,-13.49,,24.91,-0.93,0.94,0.89
002984.SZ,森麒麟,11.78,13.13,2.18,13.97,13.83,11.36,1.42,20.07,35.45,27.22,79.43,10.42,,23.73,1.26,0.94,0.85
300288.SZ,朗玛信息,95.56,108.16,3.2,2.5,2.51,2.52,0.27,14.05,36.56,14.61,-38.97,-14.2,34.52,12.83,-7.62,43.31,38.07
300512.SZ,中亚股份,60.66,646.07,1.89,1.75,2.31,1.55,1.19,12.16,26.88,4.27,-44.5,6.07,2.77,38.27,106.52,368.95,26.26
300737.SZ,科顺股份,39.77,-15.49,1.33,0.08,2.51,1.5,,94.59,23.04,2.33,-50.23,-17.7,0.47,65.53,扣非亏损,扣非转亏,15.85
300993.SZ,玉马遮阳,18.41,18.64,2.28,9.0,9.11,9.28,1.64,35.01,40.61,23.26,7.49,15.38,,8.69,1.21,2.07,2.02
600679.SH,上海凤凰,91.99,111.4,2.75,2.18,2.3,1.81,,30.45,14.24,2.81,109.51,42.96,16.29,33.84,2.59,51.13,40.04
600894.SH,广日股份,14.87,13.99,1.25,6.1,5.87,3.13,7.35,277.98,14.99,10.73,9.65,-7.82,1.87,38.96,-1.79,2.29,2.53
601199.SH,江南水务,14.93,16.23,1.39,7.28,7.03,4.97,2.1,11.02,37.55,26.48,14.32,5.94,,38.25,2.73,2.23,2.12
601211.SH,国泰君安,14.7,19.0,1.23,5.42,5.97,,2.69,26.63,,34.18,13.98,7.29,2.35,81.44,2.61,3.51,2.46
603040.SH,新坐标,14.77,17.19,2.39,11.39,12.39,11.96,2.1,24.49,52.45,33.85,15.22,17.57,0.08,12.78,0.98,1.51,1.19
603128.SH,华贸物流,12.99,17.4,1.35,7.86,7.91,6.69,4.47,50.11,10.88,3.39,-11.72,38.64,22.29,41.7,0.45,2.21,1.64
603757.SH,大元泵业,13.36,18.59,2.25,9.21,11.54,7.9,4.95,58.82,30.31,14.67,-37.9,-8.54,,42.0,-2.18,2.02,1.16
603998.SH,方盛制药,17.83,31.03,3.4,10.67,14.94,8.06,2.65,16.04,72.86,16.87,33.87,10.95,16.03,47.92,2.83,2.91,1.19
605123.SH,派克新材,23.15,25.53,1.74,5.39,5.68,3.72,1.4,38.15,20.61,9.95,-36.34,-11.2,,37.58,-2.28,4.73,4.08
688056.SH,莱伯泰科,45.59,79.0,2.64,3.45,4.21,3.73,2.39,33.5,44.87,11.28,14.89,3.72,1.93,11.57,21.26,22.93,10.83
688375.SH,国博电子,85.74,76.33,5.83,4.98,4.98,3.6,0.79,124.29,36.39,16.9,-27.25,-35.83,,25.29,-2.13,15.32,17.22
000338.SZ,潍柴动力,11.02,12.16,1.43,9.3,10.14,3.82,3.8,54.93,21.86,6.39,36.73,0.98,20.38,64.73,12.41,1.31,1.09
000937.SZ,冀中能源,13.66,11.86,1.02,5.46,5.59,4.74,8.4,70.56,35.89,10.66,-50.11,-27.66,0.38,52.48,-0.43,2.17,2.44
001336.SZ,楚环科技,53.26,47.3,1.97,2.3,2.78,2.0,0.35,12.8,34.57,7.95,5.24,-3.76,,36.53,-12.58,20.59,19.16
002009.SZ,天奇股份,-73.25,-23.14,2.68,-5.19,-2.76,0.15,,-10.25,13.37,-2.73,69.75,-24.21,16.99,64.27,扣非亏损,扣非亏损,亏损
002075.SZ,沙钢股份,121.0,-697.66,2.66,-0.13,1.58,0.48,1.31,52.72,4.66,1.0,-121.88,-6.29,,63.49,扣非亏损,扣非亏损,76.58
002353.SZ,杰瑞股份,18.56,17.55,1.97,7.08,8.09,5.94,1.74,11.29,35.02,20.49,-8.66,-8.1,0.42,39.95,-2.17,2.48,2.29
002363.SZ,隆基机械,59.43,86.95,1.38,1.53,1.72,0.85,0.98,72.89,9.48,1.97,8.55,5.48,0.32,34.78,15.87,56.95,34.55
002734.SZ,利民股份,41.81,42.0,1.15,1.24,1.88,2.21,2.51,166.75,18.13,1.76,198.44,-1.58,1.24,60.02,-26.66,33.76,22.24
002833.SZ,弘亚数控,12.28,13.95,2.7,15.44,16.04,12.83,6.76,42.23,32.59,21.21,-6.85,5.78,,27.33,2.41,0.9,0.77
300320.SZ,海达股份,46.12,45.58,3.13,5.12,5.21,4.31,0.32,14.0,18.1,5.18,29.37,23.09,7.08,36.2,1.97,8.91,8.85
300470.SZ,中密控股,21.88,22.95,3.1,9.91,10.32,9.97,2.65,58.63,47.61,23.78,13.6,15.56,6.22,19.92,1.48,2.32,2.12
300658.SZ,延江股份,42.98,138.83,1.39,1.99,2.42,2.52,0.52,47.15,18.04,3.44,12.3,9.68,0.38,48.56,14.34,69.91,17.76
300861.SZ,美畅股份,34.19,29.14,1.95,3.75,4.3,4.59,0.45,17.41,24.57,15.39,-81.72,-43.21,0.12,9.81,-0.67,7.78,7.95
301036.SZ,双乐股份,41.95,46.45,3.32,5.62,6.03,5.95,1.35,44.93,16.82,8.31,369.89,10.63,,10.42,4.37,8.26,6.96
301168.SZ,通灵股份,40.62,48.8,1.8,2.84,3.35,2.83,0.36,15.76,17.14,7.19,-54.53,5.36,0.09,36.16,9.11,17.19,12.12
301300.SZ,远翔新材,39.89,47.09,2.21,4.0,4.1,3.24,1.26,95.77,21.11,9.6,20.08,22.95,,18.51,2.05,11.77,9.73
301505.SZ,苏州规划,104.86,39.12,2.37,1.25,1.67,1.14,2.2,23.97,37.08,8.69,-46.73,-12.26,1.1,25.26,-3.19,31.32,62.79
600039.SH,四川路桥,10.76,11.42,1.51,10.38,10.24,3.33,6.9,10.09,15.76,6.8,-39.12,-19.74,,79.55,-0.58,1.1,1.05
600315.SH,上海家化,55.71,88.59,1.56,1.56,2.1,1.84,1.09,8.47,59.41,3.63,-59.74,-12.07,27.97,31.15,-7.34,56.93,26.53
600837.SH,海通证券,-185.43,-37.04,1.01,-0.6,-0.41,,1.07,40.88,,-1.64,-126.12,-42.86,2.04,75.55,扣非亏损,扣非亏损,亏损
600895.SH,张江高科,74.69,72.55,4.05,4.03,4.03,1.96,0.98,30.24,58.55,29.85,-33.28,-3.66,,70.35,-19.85,18.0,18.53
600938.SH,中国海油,8.16,8.73,1.77,16.73,16.43,14.95,5.44,40.36,54.45,35.79,21.07,6.26,2.07,33.24,1.39,0.52,0.5
601238.SH,广汽集团,553.43,-38.17,0.78,-1.63,0.1,-0.27,1.71,20.72,6.13,-0.67,-146.49,-23.88,0.05,45.28,扣非亏损,扣非亏损,5534.33
601318.SH,中国平安,6.77,9.76,1.19,12.39,13.1,,6.03,22.57,,18.06,27.33,9.99,3.45,89.79,0.98,0.79,0.52
603630.SH,拉芳家化,40.59,58.06,1.52,2.6,2.79,2.23,1.5,29.96,47.39,8.12,-27.4,8.65,,11.54,6.71,22.31,14.55
603768.SH,常青股份,39.13,42.3,1.5,2.67,3.47,2.25,,69.29,16.05,2.87,-26.51,5.48,,57.02,7.71,15.85,11.28
603817.SH,海峡环保,13.72,19.69,1.15,5.78,6.21,4.21,0.86,20.22,41.83,18.58,20.38,8.83,,55.93,2.23,3.41,2.21
688317.SH,之江生物,-208.37,-18.11,0.96,-0.51,-0.34,-1.95,,80.3,72.4,-9.46,-177.13,-32.95,0.14,4.14,扣非亏损,扣非亏损,亏损
688318.SH,财富趋势,172.82,139.69,9.56,3.18,4.11,3.93,0.63,20.05,82.04,68.49,-33.09,-15.43,,6.01,-9.05,43.95,42.05
688679.SH,通源环境,141.53,148.28,1.14,0.41,0.61,0.61,0.57,49.85,18.06,0.74,-81.25,0.82,,60.41,179.85,360.08,232.02
872541.BJ,铁大科技,52.91,40.15,4.35,5.34,6.37,4.5,3.24,70.66,47.21,15.46,39.27,0.96,,28.64,41.89,7.52,8.31
000731.SZ,四川美丰,16.58,21.83,1.0,3.82,4.48,4.46,2.3,33.59,17.93,7.15,-43.41,-10.45,,26.37,-2.09,5.71,3.7
002090.SZ,金智科技,72.32,57.87,2.38,2.27,2.48,1.17,0.5,35.47,25.72,3.14,89.29,-8.51,2.1,49.99,-6.8,25.44,29.16
002625.SZ,光启技术,147.05,159.55,11.98,6.02,5.95,4.91,,138.59,53.62,42.31,28.39,3.67,3.66,13.68,43.42,26.48,24.71
002818.SZ,富森美,14.12,14.05,1.81,9.31,9.22,9.09,8.67,88.1,68.14,51.86,-10.01,-6.81,,18.7,-2.06,1.51,1.53
002932.SZ,明德生物,41.13,-21.23,0.75,-0.66,1.35,1.0,0.52,10.27,51.79,27.64,-185.76,-63.95,,10.54,扣非亏损,扣非亏损,30.47
300394.SZ,天孚通信,58.59,61.0,19.71,26.94,27.39,25.2,1.09,42.34,58.21,40.83,126.15,98.55,0.76,16.9,0.62,2.26,2.14
300718.SZ,长盛轴承,25.18,25.8,3.51,10.21,10.67,9.56,2.17,43.29,34.82,20.8,-0.79,1.95,,14.65,13.25,2.53,2.36
300855.SZ,图南股份,30.46,32.3,5.31,13.58,13.53,12.47,0.99,20.67,35.83,23.91,2.94,1.33,,20.85,24.19,2.38,2.25
300941.SZ,创识科技,126.76,65.09,3.79,2.11,2.23,2.14,0.58,21.24,43.43,20.21,-15.5,-2.9,,5.64,-22.44,30.9,56.85
301077.SZ,星华新材,22.05,23.04,2.45,8.26,8.44,5.92,2.79,53.94,32.35,17.91,72.37,14.71,,34.3,1.57,2.79,2.61
301603.SZ,乔锋智能,28.15,,2.69,8.84,10.23,5.99,,84.44,29.9,12.6,,13.72,0.01,37.24,,,2.75
600180.SH,瑞茂通,30.18,24.95,0.64,3.51,1.59,1.19,1.48,10.03,4.08,0.59,5.83,-36.23,,77.33,-0.69,7.1,18.98
600217.SH,中再资环,139.41,190.88,3.37,1.79,2.4,2.48,,31.68,12.94,2.35,10.63,6.04,1.02,57.96,31.61,106.6,58.09
600834.SH,申通地铁,67.66,95.93,2.74,2.52,3.05,3.35,0.63,31.01,25.13,13.54,-29.06,1.21,,29.18,79.28,38.06,22.18
601555.SH,东吴证券,17.88,20.82,1.08,4.56,4.55,,2.57,31.98,,21.77,5.87,4.98,0.79,77.08,4.18,4.57,3.93
603258.SH,电魂网络,55.15,767.73,2.47,2.29,3.29,2.01,0.91,95.18,68.85,18.1,-50.47,-18.35,9.93,16.99,-41.85,335.56,16.76
688646.SH,逸飞激光,42.27,40.82,1.94,2.21,3.35,2.29,0.9,30.2,29.35,11.38,2.84,15.18,1.69,39.7,2.69,18.47,12.62
831305.BJ,海希通讯,48.39,69.48,3.61,4.62,5.65,5.41,0.83,31.1,35.08,14.18,-3.39,94.12,1.92,28.06,0.74,15.04,8.57
001332.SZ,锡装股份,13.48,15.88,1.6,8.82,9.04,6.71,1.52,43.85,31.84,17.73,95.31,49.45,,30.51,0.32,1.8,1.49
002249.SZ,大洋电机,15.58,19.29,1.54,7.25,7.5,4.75,4.23,32.13,23.23,7.88,32.38,4.09,8.61,46.27,4.71,2.66,2.08
002676.SZ,顺威股份,79.58,90.14,3.67,3.55,3.55,2.63,,17.64,17.93,2.21,60.04,21.95,11.79,63.57,4.11,25.37,22.42
002927.SZ,泰永长征,38.19,78.09,2.66,4.87,5.03,3.52,0.86,30.18,29.5,8.33,-36.01,-15.61,2.55,39.12,-5.0,16.03,7.59
300261.SZ,雅本化学,-110.69,-36.25,3.71,-2.89,-2.49,-1.13,,-92.6,16.15,-5.93,-208.45,-14.59,13.97,41.77,扣非亏损,扣非亏损,亏损
300573.SZ,兴齐眼药,41.96,46.11,9.99,17.46,16.03,16.04,2.19,51.51,78.38,20.2,63.31,30.27,,25.53,1.52,2.64,2.62
301209.SZ,联合化学,37.24,40.31,3.03,6.25,6.24,5.33,0.48,23.06,19.63,11.23,105.9,27.37,,11.84,1.47,6.45,5.97
301448.SZ,开创电气,31.45,39.17,3.29,7.18,8.02,6.6,1.11,35.47,24.27,9.41,27.41,32.21,,18.41,1.22,5.45,3.92
301550.SZ,斯菱股份,31.24,33.47,3.36,7.75,8.29,6.37,0.86,11.64,32.59,24.58,22.5,5.06,,18.72,6.62,4.32,3.77
600027.SH,华电国际,8.57,12.31,1.41,7.33,10.73,4.4,2.92,25.38,9.09,7.12,23.62,-6.52,0.44,61.74,-1.89,1.68,0.8
600352.SH,浙江龙盛,18.52,20.13,0.98,3.42,4.04,2.45,2.98,72.12,28.61,14.69,2.87,-2.03,0.36,49.89,-9.9,5.88,4.58
600794.SH,保税科技,18.86,21.21,1.79,6.53,7.1,6.43,2.08,34.08,45.58,28.34,-5.01,-40.44,0.53,26.7,-0.52,3.25,2.66
601098.SH,中南传媒,17.53,17.44,1.47,6.04,6.23,5.18,5.41,23.21,44.12,11.04,-22.62,1.72,0.39,40.07,10.13,2.89,2.81
603013.SH,亚普股份,15.4,15.14,1.87,9.14,9.15,6.86,2.31,9.98,15.44,7.06,-6.77,-8.66,,36.44,-1.75,1.66,1.68
603062.SH,麦加芯彩,25.25,40.03,2.36,5.59,6.63,5.59,4.0,80.34,20.52,10.04,-19.24,80.5,,31.81,0.5,7.17,3.81
603065.SH,宿迁联盛,227.62,279.6,1.76,0.14,0.57,0.27,0.73,46.5,12.74,1.11,-94.66,-2.15,0.53,42.49,-130.26,2011.54,399.32
603517.SH,绝味食品,21.45,27.35,1.88,6.25,6.31,7.28,1.86,61.45,30.56,8.43,15.73,-10.95,0.12,25.01,-2.5,4.38,3.4
603529.SH,爱玛科技,14.15,16.61,3.53,17.6,18.29,7.35,3.52,30.07,17.42,9.02,-0.03,0.05,0.08,63.03,339.76,0.94,0.77
603579.SH,荣泰健康,13.44,14.27,1.35,6.48,7.17,4.39,4.8,47.18,32.43,12.26,-5.54,-10.3,0.03,42.93,-1.38,2.2,1.87
603650.SH,彤程新材,38.93,55.12,6.91,10.41,12.87,6.94,1.77,47.59,25.44,18.66,8.18,10.45,12.68,56.82,5.28,5.29,3.02
688006.SH,杭可科技,24.21,27.94,2.29,6.54,7.21,3.67,1.79,24.66,29.96,14.07,-51.16,-19.27,,45.16,-1.45,4.27,3.36
688092.SH,爱科科技,27.88,26.67,3.08,8.11,8.33,6.6,1.66,35.01,43.57,15.47,-1.75,25.53,0.93,21.66,1.04,3.29,3.35
688188.SH,柏楚电子,43.16,49.86,7.94,13.53,14.07,15.12,0.99,30.03,81.63,59.42,30.97,31.19,0.33,6.43,1.6,3.69,3.07
688507.SH,索辰科技,-73.79,368.83,2.53,-2.67,-2.51,-3.82,0.28,-8.52,42.63,-89.58,-77.51,58.23,1.47,3.67,6.33,扣非亏损,亏损
688530.SH,欧莱新材,268.16,,4.18,1.02,1.5,1.37,,41.08,18.87,3.33,,-22.63,,16.14,,,178.77
000581.SZ,威孚高科,10.74,11.17,0.94,6.35,6.52,4.9,6.64,22.41,17.76,16.23,3.26,-1.5,0.6,27.07,-7.47,1.76,1.65
300622.SZ,博士眼镜,62.76,72.91,8.88,9.3,10.46,9.14,3.03,53.53,58.55,9.05,-21.98,1.09,1.52,37.67,67.07,7.84,6.0
300741.SZ,华宝股份,47.96,83.67,1.6,1.37,2.5,2.76,2.8,66.36,52.2,17.47,-56.65,-0.39,16.26,8.53,-212.8,61.04,19.19
300919.SZ,中伟股份,23.38,25.84,2.06,5.72,6.57,3.83,2.36,30.14,12.55,5.46,0.92,15.17,4.88,59.97,1.7,4.52,3.56
300964.SZ,本川智能,121.01,993.61,3.43,1.25,2.1,1.53,0.76,48.85,18.84,4.94,449.44,11.06,0.22,23.44,89.87,795.2,57.62
301335.SZ,天元宠物,36.33,44.22,1.4,2.17,2.82,2.86,1.64,39.0,16.77,2.55,-14.49,33.1,,33.62,1.34,20.34,12.88
301421.SZ,波长光电,180.16,193.32,6.25,2.27,2.54,2.11,0.48,28.13,35.11,11.08,-34.16,5.91,,12.1,32.73,84.99,70.93
601198.SH,东兴证券,32.96,32.21,1.5,3.64,3.44,,1.24,30.29,,11.77,51.16,168.23,0.07,72.11,0.19,8.85,9.58
601218.SH,吉鑫科技,69.19,58.01,1.18,0.8,1.28,1.57,2.5,28.93,15.01,4.0,-73.68,-7.54,0.0,22.04,-7.69,72.4,54.06
601598.SH,中国外运,10.36,11.98,1.01,6.79,7.28,4.95,5.53,54.17,4.88,3.54,-7.13,17.93,5.01,49.84,0.67,1.76,1.42
603077.SH,和邦生物,65.54,42.02,1.03,1.12,1.16,1.15,,83.48,10.7,2.87,-78.26,5.89,9.49,25.39,7.13,37.4,56.5
603881.SH,数据港,72.85,93.95,3.19,2.93,3.32,3.11,0.41,20.36,26.65,8.87,10.5,6.03,4.62,55.61,15.57,32.02,21.94
603939.SH,益丰药房,21.15,21.06,3.12,10.89,10.79,6.63,1.25,38.0,40.39,6.96,13.01,8.38,43.98,59.94,2.51,1.93,1.96
688398.SH,赛特新材,29.64,29.84,2.51,5.22,5.62,4.67,1.27,15.41,31.31,9.75,-25.9,12.94,,42.38,2.31,5.71,5.27
688516.SH,奥特维,10.61,11.05,3.83,28.36,28.53,9.83,2.2,35.16,33.14,17.95,39.36,63.27,1.37,68.35,0.17,0.39,0.37
000155.SZ,川能动力,25.94,26.18,2.14,7.0,7.35,3.72,,46.63,53.94,28.36,12.9,-7.02,0.02,50.23,-3.73,3.74,3.53
000751.SZ,锌业股份,904.07,161.83,1.43,-0.25,0.12,1.75,,154.0,3.01,0.04,-127.22,-14.47,,61.17,-11.18,转盈,7533.93
000925.SZ,众合科技,-41.86,-355.18,1.48,-2.97,-3.05,-0.51,,-11.33,30.08,-6.8,-113.63,-18.57,1.0,56.06,扣非亏损,扣非亏损,亏损
002277.SZ,友阿股份,33.0,368.26,0.74,1.31,1.7,2.27,0.27,7.09,60.86,10.16,15.36,-5.34,,52.67,-69.03,280.47,19.41
300384.SZ,三联虹普,15.46,15.83,2.04,10.13,9.98,8.04,3.01,52.27,43.02,28.31,26.61,1.6,9.22,27.21,9.92,1.56,1.55
601619.SH,嘉泽新能,11.27,11.81,1.22,8.21,8.08,5.01,3.12,5.91,61.89,30.57,-16.5,-0.73,,69.16,-16.24,1.44,1.39
603678.SH,火炬电子,44.24,54.93,2.45,3.89,4.12,3.44,0.57,19.41,32.44,9.94,-23.93,-20.73,2.3,24.53,-2.65,14.11,10.74
605111.SH,新洁能,36.27,37.55,4.17,8.69,8.86,8.0,0.58,10.09,36.58,24.32,61.1,22.77,0.74,10.06,1.65,4.32,4.09
688190.SH,云路股份,30.26,31.11,4.34,10.67,11.15,9.94,1.19,21.56,30.78,18.94,16.35,6.54,,20.16,4.75,2.92,2.71
688686.SH,奥普特,46.18,79.86,2.77,4.18,4.53,3.98,0.47,14.02,64.23,17.99,-33.37,-13.32,,7.99,-5.99,19.12,10.19
000501.SZ,武商集团,41.21,97.99,0.62,0.75,1.12,1.34,0.59,49.34,47.31,2.42,-13.65,-5.86,,64.43,-16.71,130.29,36.8
002034.SZ,旺能环境,9.62,10.64,0.98,7.91,7.72,5.18,3.28,23.69,39.01,20.51,3.09,1.19,,53.68,8.96,1.35,1.25
002039.SZ,黔源电力,18.56,25.3,1.66,6.88,6.8,4.59,1.38,32.1,55.78,30.4,-2.65,-5.58,,56.09,-4.54,3.68,2.73
002293.SZ,罗莱生活,17.2,16.32,1.51,5.87,5.99,4.37,4.31,104.81,45.88,8.17,-37.97,-14.74,3.28,36.38,-1.11,2.78,2.87
002345.SZ,潮宏基,10.76,14.72,1.21,8.42,8.55,6.92,3.67,38.72,24.16,6.5,0.77,8.01,17.58,34.75,1.84,1.75,1.26
002543.SZ,万和电气,12.03,11.58,1.55,11.16,9.52,5.62,4.48,41.47,32.78,8.67,4.71,18.61,,43.97,0.62,1.04,1.26
002831.SZ,裕同科技,16.38,15.32,2.16,10.13,9.89,5.96,3.44,60.7,25.19,9.32,9.0,13.44,4.99,48.5,1.14,1.51,1.66
300192.SZ,科德教育,36.18,35.15,6.01,12.09,12.11,10.67,2.74,78.61,34.92,17.99,5.13,3.15,12.39,30.66,11.17,2.91,2.99
300660.SZ,江苏雷利,31.0,38.2,2.94,7.07,7.15,4.39,1.85,37.19,28.76,10.61,-11.19,10.2,4.85,38.0,3.74,5.4,4.34
300695.SZ,兆丰股份,24.46,19.29,1.17,3.3,3.58,2.58,,74.51,29.08,18.46,-24.31,-14.69,,13.89,-1.31,5.84,6.83
301087.SZ,可孚医疗,24.63,36.66,1.74,4.54,5.02,4.38,3.17,65.97,51.38,11.2,12.59,5.87,7.66,26.65,6.25,8.08,4.91
301327.SZ,华宝新能,52.27,-279.32,1.81,1.61,2.62,2.13,,48.16,45.17,7.48,177.54,35.02,0.01,14.75,扣非亏损,扣非转亏,19.95
600079.SH,人福医药,16.86,19.42,2.0,8.71,9.02,7.93,1.85,22.04,46.76,11.01,1.21,5.7,4.51,43.72,3.41,2.23,1.87
600219.SH,南山铝业,11.1,12.75,1.04,6.95,7.29,6.35,4.08,21.28,25.34,17.4,64.23,11.7,,18.92,1.09,1.83,1.52
600390.SH,五矿资本,23.16,24.74,0.88,2.33,2.08,1.33,4.51,19.04,0.11,106.13,-34.07,-8.5,3.27,62.0,-2.91,10.61,11.14
600480.SH,凌云股份,14.38,16.47,1.3,6.02,6.92,4.94,2.74,23.56,17.44,5.23,3.31,-0.42,0.1,50.19,-38.92,2.74,2.08
600529.SH,山东药玻,17.9,20.46,2.21,8.99,9.37,8.78,1.56,41.9,32.1,18.84,16.72,4.12,,21.96,4.97,2.28,1.91
600621.SH,华鑫股份,43.67,65.99,2.18,3.8,3.82,0.74,0.8,18.3,5.43,3141.92,46.28,-1.68,0.72,82.53,-39.32,17.35,11.43
601133.SH,柏诚股份,28.36,27.83,2.13,5.49,5.62,3.87,1.59,31.79,10.1,4.13,4.08,51.52,,46.63,0.54,5.07,5.05
601236.SH,红塔证券,50.03,58.08,1.83,2.79,2.79,,0.79,49.35,,39.24,218.58,85.52,,53.93,0.68,20.78,17.93
601369.SH,陕鼓动力,17.37,17.48,1.82,7.23,7.6,2.93,4.89,67.75,22.86,10.36,-7.25,0.28,0.63,64.78,63.51,2.42,2.29
601886.SH,江河集团,11.18,10.25,0.91,4.54,5.86,2.56,3.0,52.7,15.26,3.44,-16.63,9.26,4.66,70.55,1.11,2.26,1.91
601901.SH,方正证券,30.19,40.88,1.68,4.18,4.24,,0.29,29.25,,35.29,3.87,-4.15,9.07,79.85,-9.85,9.78,7.12
603588.SH,高能环境,11.29,25.33,0.88,4.92,5.86,3.74,1.53,120.91,13.95,5.66,-19.0,52.88,6.15,62.55,0.48,5.15,1.93
603915.SH,国茂股份,25.97,24.87,2.01,4.92,5.81,4.64,1.21,54.06,22.89,10.95,-27.38,-4.17,3.12,30.4,-5.96,5.05,4.47
605100.SH,华丰股份,31.63,23.92,1.22,2.66,2.8,2.05,2.51,73.01,14.11,7.2,-16.9,-27.69,,24.67,-0.86,9.01,11.3
688013.SH,天臣医疗,28.83,32.86,2.87,6.74,7.38,6.64,,137.37,58.2,21.16,47.77,11.22,,14.88,2.93,4.88,3.91
688029.SH,南微医学,23.38,26.46,3.77,12.14,12.21,11.37,1.03,30.13,67.64,23.06,18.11,15.3,4.59,16.74,1.73,2.18,1.91
688200.SH,华峰测控,60.63,60.78,5.01,6.6,6.27,5.49,0.46,27.66,76.57,34.3,15.72,19.75,,6.54,3.08,9.21,9.67
688248.SH,南网科技,55.23,52.5,6.91,9.51,9.63,6.85,0.7,41.32,31.13,13.45,87.34,29.05,0.77,29.14,1.81,5.52,5.74
688556.SH,高测股份,27.72,16.73,1.99,3.96,4.95,2.81,3.72,76.19,22.98,5.98,-86.11,-18.5,,49.22,-0.9,4.23,5.6
688563.SH,航材股份,46.37,60.65,2.64,3.78,4.3,4.02,0.78,26.04,30.57,19.85,-24.13,0.06,,11.82,1005.77,16.06,10.78
871753.BJ,天纺标,119.62,102.07,8.58,5.03,5.07,5.23,1.67,79.88,49.75,13.64,7.97,11.63,,13.24,8.78,20.31,23.59
000001.SZ,平安银行,4.29,4.88,0.54,8.26,9.1,,7.66,18.45,,35.61,0.45,-12.58,1.54,91.46,-0.39,0.59,0.47
001326.SZ,联域股份,20.99,26.17,2.17,7.0,7.55,4.96,1.45,65.19,22.6,8.22,-35.35,9.68,,37.04,2.7,3.74,2.78
002223.SZ,鱼跃医疗,18.1,25.69,2.95,10.49,12.54,10.32,2.31,35.78,50.13,25.44,-23.74,-9.53,8.74,18.26,-2.7,2.45,1.44
002756.SZ,永兴材料,17.59,20.0,1.81,6.06,7.59,6.89,5.75,34.33,18.36,15.92,-73.15,-35.79,0.58,8.51,-0.56,3.3,2.32
002823.SZ,凯中精密,35.09,38.14,2.74,6.39,7.04,5.04,0.63,32.34,17.08,4.98,123.84,4.15,1.15,45.65,9.19,5.97,4.98
300442.SZ,润泽科技,28.97,28.04,6.22,16.68,16.59,6.62,2.04,71.12,30.73,23.74,33.65,139.11,3.95,66.02,0.2,1.68,1.75
300517.SZ,海波重科,84.41,495.07,1.92,0.47,1.65,1.65,,27.62,17.25,5.74,-4.97,-4.07,,30.24,-121.58,1053.57,51.16
301257.SZ,普蕊斯,25.56,27.2,2.16,5.63,6.47,5.91,0.37,21.71,24.52,12.17,-27.42,9.17,,17.37,2.97,4.83,3.95
301538.SZ,骏鼎达,30.93,,3.94,11.99,11.37,12.1,,13.94,43.55,19.59,,34.6,,14.38,,,2.72
600085.SH,同仁堂,32.53,36.61,4.51,10.14,10.05,7.86,0.93,67.17,43.7,14.35,-4.17,0.72,0.22,34.35,51.09,3.61,3.24
600535.SH,天士力,20.94,21.19,1.85,7.83,6.7,5.87,1.94,58.65,66.8,12.81,-6.78,-1.66,0.12,22.67,-12.8,2.7,3.13
600750.SH,江中药业,16.25,18.07,3.7,16.31,16.03,12.21,6.23,64.36,67.67,23.01,9.52,-8.19,0.99,30.93,-2.21,1.11,1.01
601919.SH,中远海控,4.66,5.95,1.06,18.18,17.82,10.39,7.72,49.2,30.76,24.81,73.13,29.8,2.32,44.53,0.2,0.33,0.26
603155.SH,新亚强,31.27,66.75,1.76,3.42,4.31,3.69,,115.99,21.14,17.77,-24.64,3.85,,9.76,17.33,19.5,7.26
603391.SH,力聚热能,21.06,15.23,2.03,4.74,10.54,5.78,,145.77,38.93,23.93,65.26,17.38,,38.55,0.88,3.22,2.0
603883.SH,老百姓,17.82,18.59,2.15,8.89,9.14,5.1,1.67,50.01,33.87,4.58,-5.94,1.19,77.74,64.41,15.64,2.09,1.95
688271.SH,联影医疗,120.3,82.79,5.6,2.44,3.52,2.53,0.18,10.34,49.41,9.47,-44.0,-6.43,0.11,26.1,-12.87,33.98,34.18
688366.SH,昊海生科,36.13,41.03,2.9,5.68,5.93,4.91,0.92,39.69,70.42,15.23,5.53,4.69,7.02,16.73,8.74,7.23,6.09
688623.SH,双元科技,37.39,45.3,1.64,2.69,3.19,1.85,2.23,30.05,42.07,24.34,-43.94,-19.14,,20.73,-2.37,16.86,11.72
301213.SZ,观想科技,469.35,-573.83,4.32,0.32,0.69,-0.03,,264.99,50.45,7.4,23.12,49.23,,12.79,扣非亏损,扣非转亏,680.21
603170.SH,宝立食品,24.16,28.42,4.25,11.88,12.64,12.43,2.22,55.3,31.8,10.15,-12.44,9.72,2.06,30.34,2.92,2.39,1.91
603619.SH,中曼石油,11.25,12.43,2.6,19.51,22.57,10.67,3.35,45.98,47.73,22.5,-5.96,6.87,,61.99,1.81,0.64,0.5
603682.SH,锦和商管,43.09,-144.44,2.05,-0.24,3.34,3.08,3.83,447.68,27.41,3.2,-104.87,0.94,10.51,80.29,扣非亏损,扣非亏损,12.9
605499.SH,东鹏饮料,31.4,37.4,16.14,39.91,37.45,18.6,1.37,64.72,45.05,21.56,77.3,45.34,,64.73,0.82,0.94,0.84
688257.SH,新锐股份,16.98,21.39,1.41,5.31,6.27,5.27,1.6,10.94,31.72,11.5,4.53,16.84,6.89,38.85,1.27,4.03,2.71
002538.SZ,司尔特,15.13,22.3,0.93,4.26,4.67,4.55,1.99,62.46,20.1,7.98,121.92,0.94,5.84,15.99,23.62,5.23,3.24
300417.SZ,南华仪器,74.48,-111.55,3.97,-2.92,3.98,3.5,,50.86,39.6,27.54,-95.1,-20.95,,5.39,扣非亏损,扣非亏损,18.71
300870.SZ,欧陆通,29.98,41.8,3.21,7.25,8.14,4.0,0.77,35.4,21.28,5.89,133.94,28.95,,59.99,1.44,5.76,3.68
603214.SH,爱婴室,39.58,37.26,2.3,2.08,4.26,3.59,2.14,35.59,26.07,2.13,10.2,1.95,11.9,55.55,19.16,17.91,9.29
605377.SH,华旺科技,10.76,11.2,1.5,9.46,9.94,6.52,5.76,64.48,17.22,14.32,-1.27,-4.45,,36.15,-2.52,1.18,1.08
688273.SH,麦澜德,20.53,29.9,2.01,6.66,7.07,6.94,1.8,53.91,72.35,30.41,22.81,13.81,3.8,11.05,2.16,4.49,2.9
688789.SH,宏华数科,31.59,34.46,4.31,10.15,10.44,9.4,0.5,17.93,46.45,25.39,29.01,43.36,6.74,22.3,0.79,3.4,3.03
873833.BJ,美心翼申,43.99,65.2,1.88,2.72,3.07,2.37,1.99,80.28,18.57,5.8,-38.56,-5.37,,16.93,-12.13,23.95,14.33
000655.SZ,金岭矿业,19.84,20.41,1.19,4.27,4.52,3.85,1.67,14.9,17.41,14.0,-19.7,2.35,,11.72,8.7,4.78,4.39
000807.SZ,云铝股份,11.03,10.93,2.01,13.71,14.22,12.96,1.88,31.67,14.65,11.28,48.81,31.67,,24.99,0.35,0.8,0.78
000878.SZ,云南铜业,13.87,18.36,1.9,10.2,10.61,6.61,2.75,5.67,3.42,1.65,-0.34,16.73,,64.78,1.1,1.8,1.31
000920.SZ,沃顿科技,21.24,25.45,2.33,8.14,8.01,6.14,1.24,24.27,38.03,13.46,8.59,-1.25,,27.49,-20.39,3.13,2.65
002252.SZ,上海莱士,20.89,29.25,1.64,5.72,6.03,6.44,0.38,19.79,40.64,29.12,-3.64,6.39,16.27,6.56,4.58,5.11,3.46
002270.SZ,华明装备,25.55,30.67,5.44,14.67,14.63,13.22,5.81,76.94,49.89,29.37,10.79,16.78,3.2,29.46,1.83,2.09,1.75
002825.SZ,纳尔股份,18.94,21.09,1.81,6.96,7.25,3.89,1.41,10.57,17.34,7.64,46.31,32.67,,42.66,0.65,3.03,2.61
003009.SZ,中天火箭,305.11,95.97,4.45,0.96,1.06,0.56,0.13,15.17,18.82,2.67,-51.17,-4.48,,47.06,-21.44,100.44,287.84
300258.SZ,精锻科技,29.7,34.55,1.27,2.5,3.07,2.67,1.16,30.89,25.06,7.9,-43.87,-2.54,,43.71,-13.58,13.8,9.67
300346.SZ,南大光电,69.13,154.92,10.02,8.26,11.3,7.26,0.31,15.2,42.64,20.5,19.92,37.74,2.78,53.21,4.1,18.76,6.12
300441.SZ,鲍斯股份,6.32,16.82,2.5,11.74,32.36,28.31,1.02,51.29,34.79,41.78,50.6,6.74,1.97,25.92,2.5,1.43,0.2
300525.SZ,博思软件,296.51,43.91,6.17,0.94,1.42,-0.15,1.21,-78.38,63.79,-0.95,148.58,12.93,12.37,31.62,3.4,93.17,417.63
300720.SZ,海川智能,71.73,87.74,6.09,5.81,6.19,5.57,1.29,78.76,51.27,20.88,22.96,13.8,,9.49,6.36,15.1,11.59
300748.SZ,金力永磁,112.84,204.83,4.39,1.3,2.82,1.7,1.29,89.39,10.03,4.0,-79.63,-0.72,,38.95,-284.89,157.93,40.01
300770.SZ,新媒股份,17.09,15.6,2.65,11.62,11.21,9.6,4.81,65.95,49.31,36.41,-12.32,5.94,,28.2,2.63,1.34,1.52
300836.SZ,佰奥智能,131.65,-10779.5,6.14,3.54,3.43,2.29,,70.57,23.92,5.24,278.81,5.43,,40.43,扣非亏损,扣非转亏,38.38
300888.SZ,稳健医疗,26.23,73.55,1.7,4.12,4.78,3.65,1.34,60.64,48.14,9.66,-24.01,0.99,12.54,32.29,74.17,17.84,5.49
301110.SZ,青木科技,40.77,46.04,2.82,4.44,5.05,5.23,1.49,55.2,51.08,8.49,240.77,23.52,0.37,10.35,1.96,10.36,8.07
600367.SH,红星发展,53.27,95.91,1.73,2.33,2.46,2.16,0.08,14.49,18.22,3.98,25785.63,2.8,,19.38,34.27,41.19,21.66
600918.SH,中泰证券,76.64,135.09,1.38,1.19,1.09,,0.44,17.37,,8.4,-57.42,-19.96,1.77,78.98,-6.77,113.28,70.31
603167.SH,渤海轮渡,11.94,18.04,1.11,5.12,6.74,9.22,5.97,121.01,29.65,21.18,5.64,3.14,6.97,12.85,5.74,3.53,1.77
603551.SH,奥普科技,17.21,15.21,3.17,11.68,11.71,8.72,7.55,93.31,45.24,14.69,-10.67,-6.02,,32.87,-2.52,1.3,1.47
603577.SH,汇金通,19.79,68.99,1.46,4.82,5.66,3.7,,30.87,13.65,3.37,333.18,14.96,5.74,67.88,4.61,14.3,3.5
603787.SH,新日股份,22.57,41.54,1.57,3.98,5.27,2.14,1.2,23.04,15.56,2.91,-32.75,-14.58,,56.98,-2.85,10.45,4.28
605286.SH,同力日升,16.14,17.69,2.43,11.63,11.65,10.56,1.27,16.42,25.12,15.02,69.24,26.9,11.73,41.8,0.66,1.52,1.39
688028.SH,沃尔德,28.45,30.5,1.5,3.68,3.94,4.14,0.92,33.62,45.6,15.31,20.31,17.0,20.24,14.97,1.79,8.29,7.22
688355.SH,明志科技,34.54,66.81,2.31,2.37,4.99,4.1,2.01,14.38,33.17,12.16,242.94,25.5,,20.6,2.62,28.24,6.92
832000.BJ,安徽凤凰,36.22,42.94,4.27,8.72,9.11,7.96,1.07,19.03,26.83,15.05,39.92,18.76,,22.46,2.29,4.93,3.98
000756.SZ,新华制药,24.97,27.27,2.35,6.82,7.21,4.71,1.23,6.43,23.5,5.28,-11.39,3.64,,42.25,7.49,4.0,3.46
000828.SZ,东莞控股,12.23,22.99,1.23,5.86,7.5,4.04,3.03,35.29,65.27,51.9,-14.08,-60.27,0.03,46.14,-0.38,3.92,1.63
000915.SZ,华特达因,13.48,13.7,2.38,12.02,12.36,16.4,6.91,35.3,84.04,50.26,-20.93,-19.83,0.64,10.33,-0.69,1.14,1.09
001231.SZ,农心科技,36.53,33.58,1.82,3.65,3.74,2.47,0.38,11.54,33.05,6.73,9.68,6.28,0.1,33.15,5.34,9.21,9.77
001323.SZ,慕思股份,21.51,19.41,3.44,10.91,11.12,8.21,3.28,79.12,50.8,13.47,-2.3,1.9,,40.77,10.21,1.78,1.93
002315.SZ,焦点科技,20.66,23.15,4.1,14.49,14.46,9.19,3.02,74.66,80.08,29.03,19.76,7.78,,35.63,2.98,1.6,1.43
002409.SZ,雅克科技,32.1,38.57,4.42,10.7,8.42,6.82,0.65,29.31,32.88,15.07,56.23,41.15,20.64,37.69,0.94,3.6,3.81
002444.SZ,巨星科技,13.66,16.92,2.13,12.32,12.21,10.75,1.22,25.01,32.39,17.85,24.95,28.73,16.33,27.35,0.59,1.37,1.12
002558.SZ,巨人网络,17.71,16.52,2.07,10.67,8.85,8.15,1.89,36.91,88.92,48.54,14.16,-2.15,1.08,11.87,-7.67,1.55,2.0
002661.SZ,克明食品,16.06,44.23,1.32,5.95,6.17,4.01,,63.05,18.87,4.27,2191.92,-11.6,0.87,53.61,-3.81,7.44,2.6
002863.SZ,今飞凯达,35.36,121.22,1.04,1.07,2.16,2.13,0.21,6.85,14.0,1.83,8.55,5.74,0.0,65.07,21.11,113.27,16.37
002972.SZ,科安达,28.71,37.72,2.2,5.05,5.59,5.64,2.32,65.37,65.15,34.31,61.44,19.41,,14.39,1.94,7.47,5.14
002985.SZ,北摩高科,77.01,-142.81,3.36,2.57,2.6,2.86,0.2,124.48,57.54,20.94,-78.48,-38.24,7.34,35.63,扣非亏损,扣非转亏,29.62
300187.SZ,永清环保,32.51,-1479.83,3.38,1.38,7.81,3.84,0.56,28.34,28.04,16.6,810.95,2.21,8.7,69.05,扣非亏损,扣非转亏,4.16
300307.SZ,慈星股份,15.29,56.11,1.96,4.18,9.93,7.16,,27.72,31.57,18.37,54.58,3.74,0.01,36.05,15.01,13.41,1.54
300373.SZ,扬杰科技,30.08,36.05,3.19,7.85,7.82,5.53,1.63,33.1,31.02,15.13,6.59,9.48,3.55,35.4,3.8,4.59,3.85
300409.SZ,道氏技术,49.18,82.93,1.79,2.18,2.47,2.31,1.8,92.74,17.89,2.85,429.78,14.11,6.53,53.83,5.88,38.05,19.91
300534.SZ,陇神戎发,94.43,97.67,4.82,3.77,3.87,5.02,0.2,28.28,71.39,5.9,-44.98,-0.75,1.91,47.55,-130.17,25.88,24.4
300824.SZ,北鼎股份,59.17,58.39,4.53,4.81,5.48,4.2,2.21,81.3,47.36,7.68,-25.2,7.19,,25.22,8.12,12.15,10.8
300982.SZ,苏文电能,55.59,-50.91,1.3,1.4,1.73,1.37,0.61,30.88,16.84,4.29,-75.4,-33.87,,32.73,扣非亏损,扣非转亏,32.13
301000.SZ,肇民科技,29.49,34.35,3.66,8.1,9.0,9.05,2.11,62.47,34.43,19.91,53.02,22.58,,13.01,1.52,4.24,3.28
301007.SZ,德迈仕,45.12,50.55,3.75,5.49,6.18,4.23,0.89,47.21,19.85,7.83,-6.76,11.3,7.72,35.76,4.47,9.21,7.3
301020.SZ,密封科技,34.41,39.08,3.3,6.58,7.16,5.37,0.92,47.77,31.79,16.84,18.2,7.16,,22.56,5.46,5.94,4.81
301031.SZ,中熔电气,48.01,51.68,7.07,11.41,10.55,7.7,0.46,10.13,38.63,12.42,40.69,27.46,,43.75,1.88,4.53,4.55
301078.SZ,孩子王,122.7,231.77,4.89,2.88,4.03,2.97,0.61,27.71,29.5,2.27,8.15,7.1,22.5,63.77,32.63,80.52,30.45
301121.SZ,紫建电子,52.03,52.29,2.25,2.88,3.25,1.93,0.36,48.98,28.45,6.63,239.75,24.18,,37.01,2.16,18.14,16.01
301123.SZ,奕东电子,204.07,-912.96,1.58,0.38,0.59,-0.3,,97.87,15.42,1.32,170.95,13.13,0.23,21.69,扣非亏损,扣非转亏,345.89
301172.SZ,君逸数码,101.36,84.45,2.84,2.04,2.08,1.18,0.9,57.27,29.01,12.94,-28.93,-6.86,0.56,17.78,-12.31,41.47,48.73
301179.SZ,泽宇智能,34.86,31.77,2.66,3.68,5.6,4.49,2.12,47.51,32.48,17.7,-27.57,28.06,,25.28,1.13,8.64,6.22
301187.SZ,欧圣电气,20.48,22.54,3.5,12.09,12.58,8.08,4.17,93.11,34.76,14.13,54.26,56.14,0.49,48.21,0.4,1.86,1.63
301196.SZ,唯科科技,18.56,25.45,1.43,4.1,5.69,5.5,2.62,54.69,28.94,13.71,80.52,45.56,0.5,16.75,0.56,6.2,3.26
301202.SZ,朗威股份,64.32,66.72,4.03,4.72,4.89,4.16,1.87,72.4,18.76,6.2,33.76,38.78,,29.74,1.72,14.15,13.15
301206.SZ,三元生物,53.76,60.28,1.28,1.75,1.81,1.65,0.87,58.33,10.3,15.73,94.68,46.62,,5.03,1.29,34.38,29.7
301329.SZ,信音电子,53.28,53.88,2.24,3.19,3.01,2.72,1.06,64.09,25.12,8.05,-25.25,1.8,,13.9,29.93,16.91,17.7
301418.SZ,协昌科技,54.71,108.5,1.72,1.43,2.35,2.27,0.46,27.57,21.18,13.52,-67.75,-27.89,0.01,5.77,-3.89,75.71,23.28
301446.SZ,福事特,32.92,38.75,2.03,4.15,4.65,3.94,1.02,26.5,36.35,16.67,-12.33,2.31,,13.52,16.76,9.33,7.08
301606.SZ,绿联科技,35.97,,5.62,13.82,15.37,11.55,,60.15,37.73,7.44,,28.47,,22.84,,,2.34
600056.SH,中国医药,29.66,37.93,1.52,3.52,3.83,2.58,1.88,10.0,10.66,2.38,-26.53,-12.41,7.98,62.8,-3.06,10.78,7.74
600754.SH,锦江酒店,20.56,49.62,1.79,3.8,6.49,4.83,1.67,15.04,41.48,11.9,-20.39,-2.55,66.77,63.26,-19.48,13.07,3.17
600839.SH,四川长虹,135.04,138.61,4.36,1.29,2.45,1.57,,82.3,9.93,1.49,42.72,10.33,0.58,74.17,13.42,107.71,55.11
601966.SH,玲珑轮胎,12.89,16.33,1.35,6.53,7.94,4.7,1.49,15.82,24.35,10.73,56.72,9.77,,52.42,1.67,2.5,1.62
601968.SH,宝钢包装,29.02,37.29,1.6,3.95,4.7,2.73,1.91,50.31,8.37,2.77,-26.14,5.92,,55.52,6.3,9.45,6.17
603083.SH,剑桥科技,68.97,133.45,6.2,6.06,6.91,3.89,0.35,10.05,21.54,5.59,15.71,18.6,4.12,50.06,7.17,22.01,9.98
603095.SH,越剑智能,43.96,84.28,1.74,2.76,2.9,1.7,3.39,129.32,13.86,8.0,12.49,62.08,,26.8,1.36,30.54,15.16
603348.SH,文灿股份,67.31,102.07,2.11,2.19,2.83,3.12,,56.52,14.99,2.07,100.96,23.08,6.74,52.74,4.42,46.68,23.78
605086.SH,龙高股份,40.2,47.08,4.23,7.36,7.93,8.41,1.3,30.43,63.84,41.48,1.89,-0.24,,6.52,-197.16,6.39,5.07
605136.SH,丽人丽妆,-85.47,140.43,1.28,-1.83,-1.11,-1.46,0.5,89.19,36.33,-2.37,18.95,-36.44,,7.37,-3.85,扣非亏损,亏损
688205.SH,德科立,90.67,131.8,4.18,2.41,3.44,3.2,1.01,44.61,31.97,12.7,35.44,9.45,,13.82,13.94,54.68,26.36
688336.SH,三生国健,48.73,55.39,2.98,4.35,4.67,3.59,0.22,15.72,75.38,23.71,44.46,28.58,0.01,14.74,1.94,12.73,10.43
836221.BJ,易实精密,31.53,33.17,4.94,11.68,11.98,11.0,1.16,30.36,33.12,20.08,45.82,26.35,,20.27,1.26,2.84,2.63
000681.SZ,视觉中国,94.61,90.46,2.94,2.28,2.35,2.52,0.14,11.01,46.22,14.91,6.16,5.87,38.19,16.18,15.41,39.74,40.26
000936.SZ,华西股份,38.85,60.44,1.28,2.46,2.49,2.55,0.25,22.32,5.6,5.22,47.64,19.66,0.04,20.99,3.07,24.54,15.6
001337.SZ,四川黄金,37.57,40.87,7.0,13.56,13.96,12.6,0.9,29.88,53.44,37.34,25.41,5.77,,27.58,7.08,3.01,2.69
002027.SZ,分众传媒,20.45,23.23,6.85,21.15,22.61,19.6,5.22,57.92,66.22,42.15,8.71,6.76,1.07,28.69,3.44,1.1,0.9
002271.SZ,东方雨虹,21.8,48.36,1.42,4.03,4.68,3.76,3.12,154.97,29.13,5.81,-49.41,-14.44,1.3,44.14,-3.35,12.01,4.66
002372.SZ,伟星新材,28.06,22.44,4.9,11.81,11.74,10.27,5.53,46.26,42.49,16.8,-13.8,0.71,1.78,24.04,31.51,1.9,2.39
002540.SZ,亚太科技,15.9,14.34,1.39,6.1,6.19,5.2,7.34,80.26,12.73,6.38,-5.6,12.21,,27.67,1.17,2.35,2.57
002683.SZ,广东宏大,25.26,27.37,3.45,9.52,10.3,6.38,2.79,36.5,21.36,9.43,26.95,16.75,27.29,56.6,1.63,2.87,2.45
003000.SZ,劲仔食品,20.89,22.46,4.45,14.29,16.09,12.59,2.45,31.23,30.28,12.24,72.89,18.65,,31.33,1.2,1.57,1.3
300580.SZ,贝斯特,32.14,34.26,3.19,7.1,7.6,7.01,0.66,10.42,34.92,21.59,22.38,3.52,0.49,14.9,9.73,4.82,4.23
300628.SZ,亿联网络,18.86,22.9,6.26,23.35,24.1,24.83,4.74,55.69,65.81,50.24,33.26,27.49,,9.0,0.83,0.98,0.78
300751.SZ,迈为股份,33.04,37.88,4.49,9.43,10.39,3.64,0.85,30.24,30.67,10.55,3.79,52.09,,68.43,0.73,4.02,3.18
300758.SZ,七彩化学,34.98,45.02,3.28,6.64,7.22,4.76,,29.7,31.9,10.91,783.99,29.78,8.07,47.87,1.51,6.78,4.84
301061.SZ,匠心家居,17.41,21.46,3.04,12.43,13.49,11.79,2.01,29.16,33.72,23.3,39.03,27.13,,16.97,0.79,1.73,1.29
301325.SZ,曼恩斯特,74.74,53.34,2.18,1.2,2.15,1.27,0.64,41.77,27.95,4.91,-84.42,83.55,1.76,37.21,0.64,44.47,34.76
301336.SZ,趣睡科技,55.05,112.36,1.74,1.39,2.38,1.72,0.23,13.55,25.57,9.89,-3.07,-1.87,,9.75,-60.15,80.91,23.13
301392.SZ,汇成真空,93.46,,10.95,8.57,13.07,7.56,,42.31,32.06,14.96,,10.99,,31.8,,,7.15
301608.SZ,博实结,34.03,37.52,3.11,8.43,10.61,7.85,,61.93,23.3,12.89,-1.74,23.6,,16.29,1.59,4.45,3.21
603236.SH,移远通信,29.98,35.98,3.74,8.75,9.52,3.74,0.2,32.49,17.93,2.62,601.13,32.9,,67.72,1.09,4.11,3.15
603685.SH,晨丰科技,114.26,108.79,1.9,0.71,1.2,1.63,0.98,19.83,15.13,1.13,-28.45,4.38,0.6,66.59,24.85,153.65,95.21
603885.SH,吉祥航空,17.54,37.37,3.2,13.44,13.98,5.92,0.57,40.25,17.56,7.26,6.2,10.15,,80.06,3.68,2.78,1.25
603960.SH,克来机电,141.56,85.57,5.88,2.85,3.09,2.8,0.71,29.7,23.88,8.87,-24.37,-8.34,10.31,13.54,-10.27,30.02,45.81
688150.SH,莱特光电,55.87,72.75,5.48,6.69,7.36,7.37,0.28,52.1,66.39,36.43,195.01,79.91,,14.8,0.91,10.87,7.59
688289.SH,圣湘生物,52.73,67.86,1.9,2.1,2.69,1.64,2.36,91.53,77.5,15.79,637.21,63.24,0.1,14.21,1.07,32.38,19.6
688682.SH,霍莱沃,213.0,233.61,4.5,1.05,1.57,1.12,0.25,94.47,36.69,7.42,-8.59,-16.54,9.05,26.76,-14.12,223.5,135.67
839790.BJ,联迪信息,201.78,192.87,8.29,2.6,3.01,2.9,0.83,2535.25,28.38,6.68,756.02,1.14,,6.4,169.05,74.23,67.04
870299.BJ,灿能电力,70.02,54.07,4.79,4.52,4.73,4.27,2.53,270.97,54.03,18.71,-4.53,10.3,,10.11,5.25,11.97,14.8
001234.SZ,泰慕士,22.29,30.04,2.17,6.14,6.99,6.16,2.04,41.48,20.49,9.78,32.17,10.3,,24.27,2.92,4.9,3.19
002003.SZ,伟星股份,18.11,23.55,3.53,14.13,14.0,12.03,4.15,56.22,42.7,17.56,21.09,23.26,,34.54,1.01,1.67,1.29
002019.SZ,亿帆医药,31.65,,1.82,3.0,4.26,3.64,,48.04,47.65,7.98,122.3,31.67,32.51,31.94,,,7.43
002043.SZ,兔宝宝,15.99,16.16,3.48,13.86,15.13,10.16,6.21,94.21,17.31,7.62,14.14,12.79,24.84,45.72,1.26,1.17,1.06
002111.SZ,威海广泰,37.85,37.71,2.12,3.96,4.1,2.56,1.1,23.99,26.18,6.17,127.55,28.94,2.15,50.24,1.3,9.53,9.23
600019.SH,宝钢股份,19.15,17.45,0.75,2.75,3.43,2.52,5.23,52.05,5.26,2.84,-25.78,-4.91,0.27,40.51,-3.56,6.35,5.58
601825.SH,沪农商行,5.47,6.55,0.64,8.66,8.9,,6.6,33.07,,52.31,1.63,0.34,,91.63,19.28,0.76,0.61
603307.SH,扬州金泉,14.79,16.63,1.6,7.82,7.99,6.46,2.19,29.06,27.07,18.89,-46.99,-5.57,6.75,14.99,-2.99,2.13,1.85
603345.SH,安井食品,19.93,20.77,2.18,7.88,8.14,7.89,2.42,50.23,22.64,9.59,-2.46,7.84,5.89,20.71,2.65,2.64,2.45
603976.SH,正川股份,36.64,49.65,2.12,3.94,4.23,3.45,1.01,34.07,22.06,8.52,79.28,-8.72,,38.18,-5.7,12.6,8.66
605118.SH,力鼎光电,44.91,50.38,4.81,7.43,7.8,7.23,1.03,46.8,42.22,25.56,1.37,-1.74,,16.31,-28.96,6.78,5.76
688088.SH,虹软科技,123.46,205.54,5.58,2.95,3.29,2.1,0.54,97.8,90.49,15.39,3.51,14.09,,11.71,14.58,69.6,37.53
688531.SH,日联科技,47.69,81.17,2.09,2.1,3.25,2.98,0.79,29.41,45.21,20.52,44.78,20.03,,11.05,4.05,38.64,14.67
688720.SH,艾森股份,145.12,176.05,4.55,1.67,2.33,1.41,0.25,28.77,26.28,7.63,-5.42,25.96,,17.15,6.78,105.3,62.29
830799.BJ,艾融软件,264.24,223.52,38.68,10.71,10.75,5.46,1.12,50.12,33.87,10.09,14.19,-0.46,51.53,59.16,-484.96,20.87,24.58
873152.BJ,天宏锂电,313.18,438.79,6.3,0.95,1.49,0.67,0.33,62.63,10.76,0.92,-20.66,47.27,,46.0,9.28,461.3,210.19
000048.SZ,京基智农,11.35,9.08,2.2,15.33,14.56,6.58,,83.82,29.43,13.44,-54.25,-53.72,,62.26,-0.17,0.59,0.78
000554.SZ,泰山石油,43.29,43.14,3.09,5.65,5.5,4.18,0.4,26.77,11.13,2.13,129.76,-5.79,2.25,46.71,-7.45,7.63,7.87
002988.SZ,豪美新材,24.57,24.55,2.22,6.52,6.69,4.1,,48.54,11.72,3.54,41.84,14.02,,58.19,1.75,3.77,3.67
300448.SZ,浩云科技,421.43,-136.79,3.62,0.5,0.64,0.29,0.33,161.07,44.1,1.51,119.29,-9.56,0.96,4.9,扣非亏损,扣非转亏,658.49
300496.SZ,中科创达,137.81,-456.38,2.91,1.33,1.58,1.15,0.31,55.0,36.46,4.19,-75.98,-4.7,4.26,14.04,扣非亏损,扣非转亏,87.22
300701.SZ,森霸传感,59.54,68.38,3.12,4.29,4.0,4.34,0.44,53.94,37.87,13.58,25.62,56.87,12.99,10.6,1.2,15.92,14.88
301381.SZ,赛维时代,40.8,40.37,4.4,6.75,7.84,4.82,1.65,50.95,44.93,2.87,-21.47,55.5,,51.5,0.73,5.98,5.2
301499.SZ,维科精密,96.88,91.58,3.12,1.71,2.42,2.43,0.48,18.46,20.18,5.08,-40.44,10.77,,12.92,8.5,53.42,40.03
600282.SH,南钢股份,11.68,14.23,1.06,6.0,6.71,3.49,6.76,49.99,11.88,3.58,1.78,-12.55,1.34,59.33,-1.13,2.37,1.74
600508.SH,上海能源,12.23,41.07,0.79,4.78,4.91,4.37,2.96,30.65,22.92,7.96,-53.79,-14.88,,36.11,-2.76,8.59,2.49
600980.SH,北矿科技,29.82,34.57,2.3,5.5,5.9,3.58,0.29,11.56,27.7,10.69,13.54,11.01,,46.68,3.14,6.29,5.05
601607.SH,上海医药,13.57,18.44,1.04,5.29,5.74,3.58,2.45,10.07,11.06,2.4,11.56,6.14,13.72,62.83,3.0,3.49,2.36
603197.SH,保隆科技,26.42,38.71,2.83,6.93,8.24,4.45,1.13,30.03,26.2,5.25,-24.29,20.96,9.92,64.44,1.85,5.59,3.21
605066.SH,天正电气,21.8,25.55,1.69,5.93,5.78,2.96,2.72,68.3,26.08,4.72,-12.55,4.73,,43.78,5.41,4.31,3.77
830779.BJ,武汉蓝电,27.78,25.98,4.17,9.98,10.64,10.91,4.98,82.11,62.88,46.29,-16.86,-12.39,,11.36,-2.1,2.6,2.61
831834.BJ,三维股份,33.76,36.34,4.38,8.47,9.25,8.23,6.29,72.81,31.1,13.48,-1.78,2.1,,20.17,17.32,4.29,3.65
832982.BJ,锦波生物,30.51,34.51,16.06,44.98,44.22,37.47,0.57,28.59,92.37,52.6,178.14,91.16,,28.84,0.38,0.77,0.69
002165.SZ,红宝丽,53.36,232.47,1.63,1.46,2.26,1.71,1.65,58.33,15.34,2.44,-22.68,2.33,,60.36,99.64,159.52,23.61
003028.SZ,振邦智能,21.2,21.1,2.25,7.83,8.07,5.73,,55.63,23.45,12.63,-12.42,21.88,,28.94,0.96,2.69,2.63
300563.SZ,神宇股份,112.13,274.9,9.8,2.45,6.67,5.7,1.25,21.38,15.6,10.41,-25.03,18.77,,20.11,14.65,112.16,16.81
301023.SZ,江南奕帆,32.34,38.71,3.79,8.61,8.71,8.16,2.24,51.09,44.31,35.17,89.82,57.42,,9.85,0.67,4.5,3.71
301050.SZ,雷电微力,31.14,40.55,5.39,12.71,13.36,10.14,0.7,57.61,44.03,31.9,51.87,61.61,,20.82,0.66,3.19,2.33
301377.SZ,鼎泰高科,38.09,46.13,3.61,6.16,7.16,6.2,0.63,92.28,35.58,15.29,10.27,21.72,,26.89,2.12,7.49,5.32
600032.SH,浙江新能,23.12,29.92,1.59,4.88,5.18,3.41,0.87,30.17,50.51,23.86,11.55,12.07,0.25,65.74,2.48,6.13,4.46
600235.SH,民丰特纸,25.84,26.19,1.41,4.13,4.15,2.62,0.24,32.64,15.33,5.24,135.06,-2.02,,48.18,-12.98,6.34,6.23
600400.SH,红豆股份,1469.89,-176.61,2.28,-0.71,0.11,0.98,0.36,51.82,39.66,0.27,-173.77,-4.31,,37.46,扣非亏损,扣非亏损,13362.61
830879.BJ,基康仪器,32.48,30.25,3.64,7.71,8.35,7.97,2.15,71.68,56.02,20.1,-2.85,13.25,,15.59,2.28,3.92,3.89
833533.BJ,骏创科技,55.14,45.8,9.62,13.51,13.4,7.22,1.41,26.32,23.84,7.24,-22.91,15.85,,53.23,2.89,3.39,4.11
873679.BJ,前进科技,43.94,46.54,2.18,3.05,3.46,3.1,4.26,92.89,36.41,21.73,-52.48,-32.41,,3.73,-1.44,15.26,12.7
000963.SZ,华东医药,18.51,20.67,2.87,11.52,11.7,8.93,1.4,36.2,32.55,8.14,14.9,3.56,12.89,39.8,5.8,1.79,1.58
001376.SZ,百通能源,34.45,41.8,6.38,13.16,14.33,13.01,0.9,21.61,31.49,18.24,43.26,4.21,,34.56,9.93,3.18,2.4
002174.SZ,游族网络,1395.63,51.6,2.17,0.26,0.11,0.48,0.44,19.82,43.31,0.52,112.04,-15.43,4.62,27.14,-3.34,197.1,12687.51
002236.SZ,大华股份,16.78,20.18,1.59,6.42,7.16,4.49,3.75,33.28,40.81,11.58,-5.87,0.77,0.02,27.52,26.2,3.14,2.34
002322.SZ,理工能科,21.34,18.95,1.83,5.51,5.95,5.76,6.64,99.35,68.93,30.52,39.33,0.21,45.58,8.85,90.27,3.44,3.59
300003.SZ,乐普医疗,22.93,42.96,1.58,4.62,5.01,3.75,2.05,37.54,62.8,16.37,-42.91,-23.55,22.2,30.81,-1.82,9.3,4.58
300233.SZ,金城医药,26.53,30.16,1.44,3.73,4.07,3.45,1.2,29.05,40.13,6.44,15.9,-2.08,,32.87,-14.5,8.08,6.52
300244.SZ,迪安诊断,48.39,-158.39,1.2,1.83,1.77,3.29,0.25,554.06,28.05,3.27,-72.18,-10.05,9.07,44.5,扣非亏损,扣非转亏,27.34
300493.SZ,润欣科技,148.97,195.7,6.88,3.23,3.47,2.58,0.41,20.25,9.21,1.9,22.69,23.97,,41.92,8.16,60.55,42.93
300626.SZ,华瑞股份,85.33,-20.38,3.53,2.67,3.0,2.41,,29.02,18.23,3.02,79.13,12.48,,50.07,扣非亏损,扣非转亏,28.44
300774.SZ,倍杰特,19.0,34.88,2.6,9.76,12.28,6.54,1.46,30.19,33.31,23.43,19.12,13.89,0.18,33.87,2.51,3.57,1.55
300801.SZ,泰和科技,37.03,45.63,1.73,3.23,3.55,3.06,0.97,19.84,14.04,5.05,-24.74,1.25,,26.86,36.43,14.13,10.43
300907.SZ,康平科技,23.41,29.7,2.86,8.35,8.66,5.98,2.25,105.9,19.52,7.72,60.55,20.54,,45.81,1.45,3.56,2.7
301326.SZ,捷邦科技,4902.93,-87.04,3.8,-0.91,0.06,0.23,,-254.04,25.67,0.22,53.64,13.79,6.19,22.3,扣非亏损,扣非亏损,163430.86
600420.SH,国药现代,13.26,15.62,1.29,7.28,7.45,7.05,1.02,18.67,39.69,13.96,74.87,-6.21,1.05,24.29,-2.52,2.15,1.78
600999.SH,招商证券,19.47,19.52,1.67,5.76,6.12,,1.85,18.5,,50.09,12.14,-3.98,0.01,81.09,-4.91,3.39,3.18
603001.SH,奥康国际,-12.3,-11.56,0.82,-6.48,-4.79,-3.06,,-242.71,40.9,-7.26,-23.82,-18.8,,26.27,扣非亏损,扣非亏损,亏损
603897.SH,长城科技,17.92,15.45,1.8,6.96,6.58,4.5,9.77,125.11,4.18,1.99,98.58,16.01,,61.69,0.97,2.22,2.72
605368.SH,蓝天燃气,13.9,15.38,2.41,11.9,13.01,9.81,7.89,92.94,21.34,12.76,-10.28,0.88,6.27,39.84,17.55,1.29,1.07
688293.SH,奥浦迈,129.59,234.05,2.24,0.8,1.26,1.21,0.8,103.64,57.45,12.34,-46.12,25.72,,7.0,9.1,291.91,102.85
002632.SZ,道明光学,28.14,36.22,2.58,5.93,6.51,6.73,3.04,86.78,33.41,13.99,13.6,5.92,,23.26,6.11,6.11,4.32
300532.SZ,今天国际,14.38,16.46,3.12,15.56,15.59,6.35,3.65,121.54,28.66,13.3,-18.37,-11.78,,62.62,-1.4,1.06,0.92
300650.SZ,太龙股份,59.07,75.36,2.27,2.01,2.89,2.44,0.28,19.62,8.29,1.76,-6.21,6.76,39.7,39.99,11.15,37.55,20.44
300960.SZ,通业科技,54.87,47.38,3.85,4.75,5.09,3.61,2.71,72.22,46.09,12.01,152.33,20.87,,34.01,2.27,9.97,10.78
600577.SH,精达股份,20.88,23.64,2.16,7.22,7.8,5.32,3.14,29.19,5.95,2.66,31.0,22.38,1.76,56.77,1.06,3.28,2.68
601857.SH,中国石油,8.55,8.04,1.01,9.21,8.9,7.36,6.23,45.44,21.57,6.57,0.49,-1.13,0.44,39.54,-7.1,0.87,0.96
603130.SH,云中马,30.35,32.4,2.1,4.48,5.09,3.23,1.25,34.76,9.87,3.65,-17.58,7.74,,53.52,4.18,7.23,5.96
603132.SH,金徽股份,25.74,23.35,3.83,11.3,10.84,7.88,3.95,77.51,61.19,31.75,43.09,30.64,5.42,48.98,0.76,2.07,2.37
603387.SH,基蛋生物,16.68,20.54,1.73,6.84,7.77,5.48,1.82,31.09,69.43,23.72,-11.29,-12.1,0.94,29.71,-1.7,3.0,2.15
688106.SH,金宏气体,33.82,41.71,3.22,5.38,6.46,4.4,1.45,44.94,33.09,11.96,-25.92,4.37,9.72,51.02,9.54,7.75,5.23
835438.BJ,戈碧迦,48.93,39.54,4.11,6.81,6.95,5.42,,29.5,31.7,13.12,-34.08,-24.19,,30.01,-1.63,5.8,7.04
002303.SZ,美盈森,18.59,16.53,1.18,4.85,4.27,3.29,3.7,326.36,27.76,7.56,60.08,12.95,,37.5,1.28,3.41,4.35
002653.SZ,海思科,76.09,122.11,9.24,5.14,9.01,7.24,0.86,98.08,72.56,16.43,44.55,15.41,,39.49,7.93,23.74,8.45
002978.SZ,安宁股份,13.99,13.93,2.03,11.13,11.08,10.5,3.16,45.62,66.93,50.25,-2.64,-1.26,,17.8,-11.02,1.25,1.26
300170.SZ,汉得信息,52.76,645.74,1.91,2.31,2.76,1.91,0.12,11.8,32.79,5.99,632.84,4.5,2.31,18.43,143.53,279.45,19.12
603166.SH,福达股份,28.28,28.01,1.96,5.0,5.38,4.03,1.16,85.59,24.74,10.89,124.27,16.92,,38.63,1.66,5.61,5.26
603291.SH,联合水务,27.31,44.81,2.69,4.36,7.46,5.62,0.99,17.83,33.91,16.86,-16.66,-4.55,,51.04,-9.85,10.28,3.66
603390.SH,通达电气,157.6,161.01,2.22,0.53,1.05,0.71,0.5,74.08,28.3,3.84,430.38,9.96,,10.72,16.16,302.3,150.09
603928.SH,兴业股份,48.73,49.49,1.58,2.44,2.4,2.34,0.86,37.29,11.97,3.37,-38.74,-3.92,,12.41,-12.62,20.25,20.31
688155.SH,先惠技术,20.8,27.41,2.71,11.33,11.83,6.87,0.54,28.95,27.2,15.13,1077.62,4.17,26.97,53.24,6.57,2.42,1.76
688519.SH,南亚新材,76.22,365.09,2.35,1.54,2.29,1.32,,40.39,8.91,2.3,131.65,6.59,,47.68,55.36,236.72,33.29
002083.SZ,孚日股份,9.93,12.41,1.12,8.3,8.44,6.02,1.98,52.88,19.0,8.09,34.26,0.73,3.61,48.36,17.09,1.5,1.18
002646.SZ,天佑德酒,68.84,113.8,1.86,1.93,2.03,2.38,0.96,19.98,59.36,5.83,-45.44,4.89,,14.84,23.28,59.09,33.91
002797.SZ,第一创业,47.83,64.05,2.62,4.16,4.2,,0.55,10.51,,28.85,99.48,25.54,0.05,65.79,2.51,15.39,11.39
002991.SZ,甘源食品,18.83,19.77,4.31,15.02,15.65,15.48,3.05,60.07,35.59,17.27,32.01,22.23,,21.46,0.89,1.32,1.2
300099.SZ,尤洛卡,66.89,45.76,2.15,2.67,,2.01,2.16,95.76,48.29,12.19,-16.47,2.47,19.65,11.67,18.54,17.17,
300707.SZ,威唐工业,83.17,117.18,2.93,2.39,2.49,2.36,0.11,19.28,21.56,4.32,176.09,13.72,,38.31,8.54,49.05,33.4
301003.SZ,江苏博云,17.39,18.96,2.01,8.05,8.53,9.33,2.4,42.03,31.85,21.04,31.23,31.35,,4.17,0.6,2.36,2.04
301035.SZ,润丰股份,32.16,37.88,2.25,5.22,5.2,6.78,1.43,27.59,20.36,4.09,-52.43,14.86,1.38,57.15,2.55,7.26,6.18
600028.SH,中国石化,13.06,14.17,0.94,5.41,5.45,3.49,6.18,49.78,15.2,2.15,-12.55,-4.19,0.66,53.45,-3.38,2.62,2.4
603078.SH,江化微,55.26,70.36,3.83,5.14,5.41,2.78,0.53,20.33,25.87,8.79,-11.52,6.33,,30.61,11.12,13.69,10.21
603444.SH,吉比特,17.5,16.89,3.24,13.34,13.91,13.45,2.86,62.36,88.46,29.06,-25.54,-14.77,0.07,19.68,-1.14,1.27,1.26
603866.SH,桃李面包,18.31,20.32,2.11,8.18,8.45,8.29,2.35,66.21,23.81,9.36,-6.54,-8.27,,29.6,-2.46,2.48,2.17
605016.SH,百龙创园,24.79,28.06,3.72,11.05,11.42,11.25,0.85,8.11,33.14,22.26,29.6,25.48,,15.89,1.1,2.54,2.17
605389.SH,长龄液压,25.49,27.54,1.49,4.24,4.33,4.45,1.49,76.69,27.13,14.94,24.35,17.88,10.28,8.18,1.54,6.49,5.89
688285.SH,高铁电气,95.9,300.44,1.85,1.06,1.45,0.98,0.25,10.63,19.97,4.31,-67.62,-18.41,,45.97,-16.32,282.42,66.14
002154.SZ,报喜鸟,11.1,12.77,1.43,8.33,9.47,7.72,4.4,29.7,65.76,12.23,-25.6,-3.59,1.87,32.03,-3.56,1.53,1.17
300757.SZ,罗博特科,383.06,313.38,35.6,7.11,7.03,3.67,0.22,15.15,29.41,7.0,133.5,-5.93,0.76,57.87,-52.84,44.05,54.49
300884.SZ,狄耐克,120.23,94.71,2.18,-0.02,1.29,0.38,2.29,95.17,42.27,3.21,-100.55,-16.83,0.21,25.49,-5.63,转盈,93.2
301310.SZ,鑫宏业,27.74,27.25,1.57,3.92,4.19,2.81,2.06,63.03,11.24,5.5,-10.46,18.87,1.03,43.14,1.44,6.95,6.62
605580.SH,恒盛能源,17.93,22.92,2.89,8.59,11.96,10.24,2.15,54.04,23.45,18.73,-6.01,5.95,,33.6,3.85,2.67,1.5
688163.SH,赛伦生物,26.56,62.12,2.0,4.57,5.69,6.35,1.0,40.2,78.83,36.32,30.93,4.31,,2.73,14.42,13.58,4.67
688484.SH,南芯科技,42.31,44.56,3.96,7.1,7.16,4.87,0.7,20.56,40.86,14.31,52.9,57.49,,16.41,0.78,6.28,5.91
000895.SZ,双汇发展,17.38,20.53,4.42,18.03,17.99,13.97,5.43,99.58,18.23,8.77,-10.66,-4.82,,47.24,-4.26,1.14,0.97
300227.SZ,光韵达,123.0,242.21,3.35,1.42,2.06,2.04,,92.63,31.05,4.28,-38.75,2.55,18.63,41.92,94.83,170.57,59.71
300286.SZ,安科瑞,20.0,25.65,3.05,10.6,11.64,9.54,1.16,21.34,46.24,19.41,-11.89,-6.81,,22.79,-3.77,2.42,1.72
300403.SZ,汉宇集团,23.74,24.89,2.96,9.1,9.14,7.93,4.29,67.12,33.87,21.81,0.78,2.36,,18.97,10.53,2.73,2.6
300784.SZ,利安科技,61.92,56.12,4.89,6.67,8.51,5.99,,36.58,28.05,11.95,-10.5,10.83,,25.3,5.18,8.41,7.28
300818.SZ,耐普矿机,28.31,36.51,3.18,8.23,8.65,6.46,0.55,18.07,37.36,13.29,70.9,41.71,0.02,37.08,0.88,4.43,3.27
300866.SZ,安克创新,23.73,27.01,5.62,16.01,17.8,11.62,2.26,36.56,44.28,9.3,41.13,39.56,,47.77,0.68,1.69,1.33
301262.SZ,海看股份,25.05,26.81,3.02,8.4,9.24,9.13,3.35,18.05,56.89,44.33,15.69,4.02,,12.24,6.66,3.19,2.71
600273.SH,嘉化能源,10.45,11.62,1.11,7.44,7.86,7.37,4.66,51.37,16.99,11.16,-16.09,6.88,5.04,22.04,1.69,1.56,1.33
601728.SH,中国电信,15.25,19.2,1.33,6.44,6.48,4.49,4.31,70.1,29.99,7.49,5.42,2.85,6.61,47.69,6.73,2.98,2.35
603496.SH,恒为科技,89.95,75.93,6.66,5.79,5.65,4.02,0.18,8.93,31.88,8.89,262.8,76.76,,25.45,0.99,13.12,15.92
000423.SZ,东阿阿胶,25.28,26.79,3.92,10.34,10.62,9.76,3.62,99.77,74.13,26.61,52.33,26.28,0.01,21.88,1.02,2.59,2.38
001210.SZ,金房能源,21.64,17.32,1.44,4.67,5.04,3.6,0.25,14.84,23.01,9.91,17.52,18.65,0.81,23.94,0.93,3.71,4.29
002907.SZ,华森制药,59.85,137.21,3.59,3.67,4.53,4.2,0.32,30.96,57.69,12.14,60.53,19.21,,13.31,7.14,37.43,13.21
600633.SH,浙数文化,22.12,184.02,1.4,3.23,4.73,4.09,1.18,77.36,59.68,21.19,-46.85,-5.2,39.98,12.29,-35.38,56.92,4.68
603600.SH,永艺股份,13.31,16.78,1.83,10.32,10.23,6.58,3.62,41.95,22.68,6.78,14.85,35.58,0.23,44.67,0.47,1.63,1.3
688069.SH,德林海,48.75,466.22,1.35,1.57,2.03,1.61,,96.97,39.33,9.17,178.78,97.41,,17.03,4.79,296.29,24.02
688076.SH,诺泰生物,24.74,26.59,4.54,14.82,14.63,10.04,0.89,9.68,69.32,28.01,301.43,76.51,5.92,40.6,0.35,1.79,1.69
688307.SH,中润光学,45.05,42.07,2.69,3.9,4.45,3.16,0.96,43.21,34.09,11.78,239.2,35.7,0.19,18.4,1.18,10.79,10.12
003008.SZ,开普检测,25.97,32.64,1.82,4.63,5.18,6.86,1.07,92.57,68.88,34.44,43.22,23.4,,5.18,1.4,7.05,5.01
300453.SZ,三鑫医疗,19.16,20.93,3.44,12.16,13.27,9.82,1.97,48.89,35.03,16.94,18.84,16.38,5.99,38.45,1.28,1.72,1.44
300760.SZ,迈瑞医疗,24.3,28.28,9.29,29.74,28.68,22.49,2.0,65.11,64.87,36.3,7.75,7.99,26.67,27.06,3.54,0.95,0.85
600009.SH,上海机场,56.74,58.5,2.23,2.9,2.93,2.91,0.37,30.54,22.56,15.57,159.13,16.03,,38.25,3.65,20.15,19.36
603520.SH,司太立,345.08,321.74,1.55,0.2,0.41,1.53,,95.73,21.44,0.51,-84.06,10.65,15.15,54.51,30.22,1639.02,841.65
605090.SH,九丰能源,9.33,14.02,2.17,14.48,18.08,12.39,2.51,22.59,10.11,9.08,2.23,-12.75,10.5,35.19,-1.1,0.97,0.52
688208.SH,道通科技,20.54,27.31,4.73,13.56,16.4,10.55,1.68,45.62,55.84,17.92,65.67,28.07,,45.24,0.97,2.01,1.25
000750.SZ,国海证券,137.04,226.52,1.54,0.82,0.84,,1.13,26.86,,8.53,-55.74,-3.56,0.1,64.61,-63.69,275.2,163.15
002469.SZ,三维化学,19.07,16.75,1.42,5.36,5.45,4.81,4.95,76.84,19.75,8.84,-26.51,-15.01,0.7,20.28,-1.12,3.12,3.5
002847.SZ,盐津铺子,23.71,29.7,10.03,28.27,30.81,19.32,2.16,51.25,31.84,12.83,12.9,28.49,,49.44,1.04,1.05,0.77
002969.SZ,嘉美包装,32.55,18.48,1.45,3.03,3.07,3.18,6.31,25.08,13.12,3.57,49.76,-5.81,,44.33,-3.18,6.1,10.6
300773.SZ,拉卡拉,26.25,29.73,5.07,14.15,13.53,5.22,3.12,76.28,31.19,11.68,7.26,-0.81,,67.43,-36.68,2.1,1.94
301328.SZ,维峰电子,48.18,47.78,2.31,3.58,3.57,3.17,0.61,46.2,40.64,18.21,-16.56,4.58,,4.3,10.44,13.35,13.5
601010.SH,文峰股份,46.95,40.32,1.0,1.48,1.56,2.07,1.97,96.59,47.3,4.97,-33.1,-14.39,,30.74,-2.8,27.18,30.1
603697.SH,有友食品,25.24,39.01,2.29,5.78,6.4,7.27,2.69,89.88,30.06,13.67,17.07,16.77,,9.26,2.33,6.75,3.94
000408.SZ,藏格矿业,19.34,19.47,3.64,14.06,13.98,13.9,6.31,31.48,45.18,80.06,-37.38,-44.53,,4.85,-0.44,1.39,1.38
002508.SZ,老板电器,14.31,16.69,2.12,10.08,11.01,7.78,4.59,62.17,50.43,16.03,-16.27,-6.78,0.11,31.12,-2.46,1.66,1.3
002811.SZ,郑中设计,19.68,-286.37,2.56,6.76,8.24,5.68,2.03,81.84,33.83,11.51,839.89,-0.81,,55.7,扣非亏损,扣非转亏,2.39
600309.SH,万华化学,17.31,17.14,2.75,12.02,12.1,5.71,2.12,19.97,15.38,8.33,-12.07,11.35,2.21,67.19,1.51,1.43,1.43
600398.SH,海澜之家,11.52,13.1,1.75,10.66,10.81,7.03,7.55,67.5,44.59,12.87,-21.34,-1.99,5.14,47.46,-6.58,1.23,1.07
603992.SH,松霖科技,20.03,23.58,3.17,11.15,11.79,8.27,2.42,49.79,35.39,14.63,1.92,-0.09,3.01,34.38,-267.3,2.11,1.7
688550.SH,瑞联新材,23.41,28.4,1.96,5.9,6.28,5.95,1.13,21.78,43.3,16.95,100.08,17.32,,12.07,1.64,4.82,3.73
688578.SH,艾力斯,17.49,20.04,5.1,22.85,23.95,23.38,0.96,17.15,95.8,41.96,165.98,87.97,,10.49,0.23,0.88,0.73
002555.SZ,三七互娱,14.52,15.99,2.91,14.83,14.64,10.86,4.36,36.53,79.12,14.23,-9.67,10.76,12.39,34.62,1.49,1.08,0.99
002582.SZ,好想你,-36.73,-43.79,0.83,-1.65,-1.55,-1.5,7.82,-483.05,24.26,-5.24,-15.63,7.9,,25.91,扣非亏损,扣非亏损,亏损
300272.SZ,开能健康,36.52,47.13,3.5,6.38,6.62,4.76,2.5,49.54,40.26,8.74,-17.95,1.0,11.35,55.73,46.9,7.39,5.52
300400.SZ,劲拓股份,57.94,80.31,6.0,7.54,7.15,5.07,0.77,257.5,34.89,10.84,78.63,0.13,0.28,33.19,630.38,10.66,8.1
300562.SZ,乐心医疗,44.42,48.04,2.89,4.81,4.82,2.71,1.32,80.58,36.26,6.37,389.83,24.39,1.73,34.61,1.97,9.98,9.22
300664.SZ,鹏鹞环保,14.2,29.62,0.93,3.99,4.89,4.24,1.5,27.27,30.79,15.63,-17.44,-7.37,,44.59,-4.02,7.42,2.9
301181.SZ,标榜股份,24.28,29.76,2.04,4.74,6.24,6.34,1.77,28.55,33.14,24.7,-30.52,-12.64,,9.98,-2.35,6.27,3.89
601121.SH,宝地矿业,22.58,32.14,1.66,5.11,5.52,5.52,1.66,38.89,47.89,30.46,91.95,78.7,0.17,38.61,0.41,6.29,4.09
001206.SZ,依依股份,14.57,18.25,1.62,7.57,8.3,9.78,4.12,51.9,19.57,11.47,61.08,33.43,,11.94,0.55,2.41,1.76
002517.SZ,恺英网络,17.4,18.64,4.9,22.68,21.94,18.22,1.79,26.28,82.21,32.6,23.43,29.65,14.07,19.41,0.63,0.82,0.79
300795.SZ,米奥会展,50.23,28.56,8.58,9.36,10.8,8.99,1.36,166.45,50.17,17.21,-28.42,-9.44,11.54,32.93,-3.03,3.05,4.65
603601.SH,再升科技,30.02,-191.27,1.71,2.92,4.04,4.07,0.7,40.25,22.4,9.3,-37.21,-13.38,1.04,26.85,扣非亏损,扣非转亏,7.43
300856.SZ,科思股份,13.74,14.09,3.59,17.95,18.64,15.59,2.41,48.34,45.29,27.66,-9.0,4.69,,29.7,3.0,0.79,0.74
600941.SH,中国移动,14.94,18.18,1.67,7.64,8.3,7.14,4.43,63.6,30.81,14.02,3.61,2.05,0.0,32.96,8.87,2.38,1.8
603057.SH,紫燕食品,15.55,25.26,3.62,14.81,16.6,14.25,3.71,62.74,26.22,13.1,2.93,-4.6,,40.88,-5.49,1.71,0.94
688505.SH,复旦张江,81.1,176.72,3.98,2.31,3.66,2.97,0.76,29.42,91.79,15.7,-23.76,-22.47,,10.45,-7.86,76.36,22.16
002093.SZ,国脉科技,42.8,77.3,2.32,2.71,4.09,4.27,0.66,25.48,53.39,41.22,29.07,14.91,0.76,20.43,5.18,28.53,10.47
002457.SZ,青龙管业,32.09,43.78,2.09,4.55,4.89,3.3,0.96,41.42,31.28,7.11,5387.34,41.07,3.53,43.38,1.07,9.61,6.56
300284.SZ,苏交科,86.08,80.86,2.11,1.49,1.83,1.22,2.11,20.01,31.64,5.32,-30.43,-6.49,6.1,44.94,-12.45,54.27,47.04
300761.SZ,立华股份,12.02,18.41,2.14,13.94,13.96,8.61,,43.21,16.11,9.13,449.23,13.65,0.14,40.42,1.35,1.32,0.86
600211.SH,西藏药业,12.25,17.51,3.56,19.69,22.01,18.17,3.97,50.02,94.93,36.55,-6.22,-8.13,0.24,21.56,-2.15,0.89,0.56
603558.SH,健盛集团,11.11,12.23,1.59,10.52,10.65,8.39,5.16,43.4,28.74,13.68,28.12,15.97,4.02,37.38,0.77,1.16,1.04
002749.SZ,国光股份,17.29,18.33,3.11,14.01,14.69,12.21,4.59,64.63,45.59,19.86,22.92,6.46,2.57,14.94,2.84,1.31,1.18
002757.SZ,南兴股份,14.2,29.62,1.65,8.47,8.68,6.62,3.2,53.6,19.96,8.15,-8.75,-3.91,19.98,38.83,-7.58,3.5,1.64
001339.SZ,智微智能,86.82,137.59,4.68,3.54,4.12,4.76,0.12,35.53,17.76,5.18,157.87,0.06,,55.96,2146.54,38.85,21.07
002241.SZ,歌尔股份,25.26,37.26,2.44,6.48,7.45,3.32,0.48,13.79,11.44,3.29,160.22,-5.82,1.83,59.43,-6.41,5.75,3.39
300151.SZ,昌红科技,103.61,241.61,7.14,3.83,4.87,3.68,0.27,73.28,28.78,8.73,76.7,5.84,0.23,33.41,41.36,63.14,21.28
300421.SZ,力星股份,48.26,57.63,2.61,3.98,4.09,3.16,1.94,99.52,18.25,6.53,-11.51,3.56,4.43,33.84,16.17,14.5,11.8
605098.SH,行动教育,16.25,17.27,4.5,19.58,19.64,10.36,4.67,86.7,75.91,34.95,18.72,22.07,,54.0,0.78,0.88,0.83
301299.SZ,卓创资讯,49.06,63.41,5.65,7.0,8.04,6.25,3.47,68.59,66.05,24.03,43.38,3.41,,32.17,18.58,9.06,6.1
000875.SZ,吉电股份,8.88,14.44,1.29,10.72,11.31,4.13,2.5,29.83,31.67,18.66,26.31,-7.77,0.02,74.07,-1.86,1.35,0.79
601899.SH,紫金矿业,13.99,15.06,3.43,19.65,20.22,10.42,2.01,17.62,19.53,12.88,56.16,2.39,0.41,55.38,6.29,0.77,0.69
002307.SZ,北新路桥,827.96,-295.79,1.61,-0.37,0.15,1.25,,120.49,19.61,-0.19,-335.02,-13.2,0.08,90.19,扣非亏损,扣非亏损,5519.71
836395.BJ,朗鸿科技,36.14,37.3,10.27,19.3,19.97,19.82,3.63,55.68,57.1,37.3,56.08,43.53,,19.05,0.86,1.93,1.81
000002.SZ,万科A,-4.74,-6.82,0.48,-5.97,-7.4,-0.8,,0.0,9.5,-7.46,-220.96,-24.25,1.48,72.42,扣非亏损,扣非亏损,亏损
000004.SZ,国华网安,-53.54,-18.86,16.01,-18.68,-20.17,-10.34,,0.0,72.96,-49.25,7.4,-5.78,,59.25,扣非亏损,扣非亏损,亏损
000006.SZ,深振业A,-17.35,-9.13,1.88,-7.82,-7.8,-1.88,,0.0,7.66,-13.1,-13054.26,482.14,,67.4,扣非亏损,扣非亏损,亏损
000007.SZ,全新好,610.3,204.41,20.04,3.22,2.49,0.84,,0.0,18.97,1.06,-40.16,0.6,0.29,57.96,339.0,127.15,490.2
000008.SZ,神州高铁,-31.72,-8.43,2.25,-6.07,-6.07,-0.68,,0.0,28.82,-18.45,-40.87,-16.71,68.91,66.81,扣非亏损,扣非亏损,亏损
000009.SZ,中国宝安,52.6,80.14,2.66,2.37,3.83,2.86,0.38,0.0,27.29,6.26,-58.17,-40.3,2.23,59.04,-1.99,67.74,27.47
000010.SZ,美丽生态,-46.72,-9.54,16.92,-23.38,-27.05,-1.63,,0.0,16.57,-25.26,67.1,44.1,35.74,93.35,扣非亏损,扣非亏损,亏损
000011.SZ,深物业A,1248.2,-15.02,1.33,0.17,0.08,0.13,3.52,0.0,20.24,-0.43,-96.72,-45.71,0.21,72.01,扣非亏损,扣非转亏,31205.12
000012.SZ,南玻A,16.55,20.16,1.23,4.98,5.59,3.01,4.49,0.0,19.07,6.53,-49.07,-12.19,0.06,54.42,-1.65,8.09,5.92
000014.SZ,沙河股份,45.27,38.24,1.71,2.85,2.81,2.52,1.96,0.0,49.42,14.39,-90.45,-73.51,,23.75,-0.52,26.79,32.22
000016.SZ,深康佳A,-7.21,-4.74,3.82,-35.46,-33.23,-4.07,,0.0,6.27,-22.97,-24.65,-45.42,0.52,86.95,扣非亏损,扣非亏损,亏损
000017.SZ,深中华A,488.19,248.62,15.28,1.91,2.38,2.65,,0.0,6.64,2.48,18.64,-19.81,,12.43,-12.55,260.09,410.24
000019.SZ,深粮控股,24.53,27.21,1.65,4.69,5.02,4.52,2.65,0.0,17.45,6.4,-13.12,-15.12,,32.93,-1.8,11.59,9.77
000020.SZ,深华发A,210.39,206.09,10.48,3.52,3.81,2.76,,0.0,11.99,2.35,31.03,0.74,,42.16,276.67,117.01,110.44
000021.SZ,深科技,37.66,36.25,2.87,5.48,5.81,3.33,0.8,0.0,16.6,7.48,64.96,-1.09,0.08,53.57,-33.22,13.23,12.96
000025.SZ,特力A,54.71,62.51,4.64,6.02,6.49,5.85,0.19,0.0,8.87,5.39,56.15,69.38,,27.15,0.9,20.77,16.86
000026.SZ,飞亚达,16.58,17.16,1.3,5.69,5.88,6.53,3.65,0.0,37.16,6.5,-24.54,-13.82,,19.53,-1.24,6.03,5.64
000027.SZ,深圳能源,11.52,27.34,1.08,4.31,6.09,3.46,2.17,0.0,22.03,9.01,-32.29,3.61,5.41,64.75,7.57,12.69,3.78
000028.SZ,国药一致,11.7,11.76,0.92,5.77,5.99,3.09,2.35,0.0,10.87,1.94,-10.39,-0.21,12.68,58.34,-55.66,4.08,3.91
000029.SZ,深深房A,2682.03,-76.39,4.85,-0.3,0.14,-0.0,,0.0,19.43,2.01,75.14,-41.23,,41.39,扣非亏损,扣非亏损,38314.66
000030.SZ,富奥股份,16.62,18.76,1.28,4.86,5.76,3.7,4.68,0.0,11.83,5.24,11.24,4.83,0.12,46.8,3.88,7.72,5.77
000031.SZ,大悦城,-18.68,-3.03,1.11,-12.04,-4.35,1.78,,0.0,24.38,1.44,-187.39,-1.07,0.51,76.38,扣非亏损,扣非亏损,亏损
000032.SZ,深桑达A,-135.69,341.99,3.78,-5.44,-2.02,0.99,0.52,0.0,9.13,0.07,-0.47,25.21,1.23,82.56,13.56,扣非亏损,亏损
000034.SZ,神州数码,28.05,19.56,2.69,9.62,9.99,3.96,1.49,0.0,4.49,1.0,2.1,8.81,13.19,77.64,2.22,4.07,5.62
000035.SZ,中国天楹,28.85,35.0,1.28,3.29,3.37,3.32,0.43,0.0,33.01,8.98,30.58,13.71,1.32,62.14,2.55,21.25,17.12
000036.SZ,华联控股,168.47,192.46,1.66,0.24,0.71,0.88,,0.0,43.29,13.68,-57.81,-19.93,0.02,22.64,-9.66,1573.06,474.58
000037.SZ,深南电A,-95.31,-78.44,4.1,-3.89,-3.18,-2.1,,0.0,6.44,-13.5,-5.93,-18.3,,32.78,扣非亏损,扣非亏损,亏损
000039.SZ,中集集团,19.31,40.88,1.01,3.43,3.77,3.8,0.29,0.0,11.84,2.11,40.34,35.58,4.12,62.84,1.15,23.85,10.25
000040.SZ,ST旭蓝,-14.46,-6.69,0.23,-1.15,-1.19,0.09,,0.0,34.82,-16.53,-359.53,-47.68,4.94,52.41,扣非亏损,扣非亏损,亏损
000042.SZ,中洲控股,-5.09,-1.6,0.67,-7.86,-9.47,0.12,,0.0,31.84,-13.95,-320.37,-11.15,,83.66,扣非亏损,扣非亏损,亏损
000045.SZ,深纺织A,55.13,74.26,1.98,2.41,2.72,2.92,0.55,0.0,16.32,4.84,29.0,8.83,,23.99,8.41,61.53,40.54
000049.SZ,德赛电池,33.63,28.84,1.55,2.74,3.47,0.96,1.66,0.0,9.57,0.96,-52.53,7.76,,61.96,3.72,21.05,19.38
000050.SZ,深天马A,-37.29,-11.0,0.86,-4.73,-1.71,0.28,,0.0,13.35,-1.98,56.05,-2.78,0.91,63.53,扣非亏损,扣非亏损,亏损
000055.SZ,方大集团,22.92,29.02,0.76,2.35,2.5,1.66,1.77,0.0,18.05,4.71,-44.77,-0.31,,55.04,-95.07,24.66,18.33
000056.SZ,皇庭国际,-10.86,-6.55,5.17,-30.95,-30.29,2.69,,0.0,59.88,-51.19,19.93,-48.41,19.23,91.87,扣非亏损,扣非亏损,亏损
000058.SZ,深赛格,225.48,-112.04,5.71,2.06,1.9,2.33,0.42,0.0,25.02,3.82,-37.85,-9.98,2.77,50.92,扣非亏损,扣非转亏,237.35
000059.SZ,华锦股份,-3.56,-5.96,0.72,-14.5,-14.16,-6.09,0.26,0.0,9.13,-7.91,-362.93,-25.69,,52.1,扣非亏损,扣非亏损,亏损
000060.SZ,中金岭南,18.16,25.77,1.45,5.68,5.87,3.7,1.3,0.0,5.89,2.16,16.39,-13.48,0.82,61.78,-1.91,9.07,6.19
000061.SZ,农产品,28.23,38.51,1.89,4.06,5.05,3.6,1.7,0.0,29.88,12.15,-2.18,-7.93,0.1,61.5,-4.86,18.98,11.18
000062.SZ,深圳华强,94.22,113.43,4.65,3.37,3.7,3.64,2.22,0.0,8.25,1.95,-37.9,13.63,22.71,51.25,8.32,67.27,50.93
000063.SZ,中兴通讯,14.87,21.79,2.17,9.83,11.27,4.17,2.58,0.0,40.43,8.71,-2.86,0.73,0.02,63.63,29.91,4.43,2.64
000065.SZ,北方国际,11.5,12.32,1.31,8.51,8.59,3.87,0.82,0.0,11.7,5.59,5.17,-3.48,0.14,58.99,-3.54,2.9,2.68
000066.SZ,中国长城,-78.67,-76.04,6.01,-5.77,-5.58,-1.38,,0.0,16.38,-6.82,24.57,19.27,0.19,61.1,扣非亏损,扣非亏损,亏损
000068.SZ,华控赛格,-40.01,-22.42,6.42,-11.46,-11.35,-1.71,,0.0,2.63,-15.02,29.66,-11.39,,74.4,扣非亏损,扣非亏损,亏损
000069.SZ,华侨城A,-8.18,-4.59,0.45,-4.13,-4.28,0.05,,0.0,12.88,-10.36,25.68,-7.65,0.08,76.2,扣非亏损,扣非亏损,亏损
000070.SZ,ST特信,874.61,-16.85,2.7,-2.58,0.23,1.87,,0.0,14.11,1.33,29.61,0.41,12.29,70.56,扣非亏损,扣非亏损,7605.31
000078.SZ,海王生物,126.38,-4.42,2.57,0.65,1.53,2.53,,0.0,9.9,0.51,-53.72,-14.27,20.44,86.62,扣非亏损,扣非转亏,165.21
000088.SZ,盐田港,16.29,20.21,1.62,7.48,7.52,4.54,3.73,0.0,24.93,168.1,107.13,-9.52,,33.99,-2.12,5.4,4.33
000089.SZ,深圳机场,34.26,65.1,1.33,2.22,2.92,2.71,1.56,0.0,21.02,9.43,280.15,13.92,,54.09,4.68,58.65,23.46
000090.SZ,天健集团,19.16,11.75,0.75,2.08,2.65,0.85,5.43,0.0,16.23,3.01,-69.59,-47.61,0.34,78.35,-0.25,11.28,14.46
000096.SZ,广聚能源,76.82,77.3,2.49,2.29,2.45,2.41,0.47,0.0,8.65,4.49,42.24,-19.34,4.8,6.43,-4.0,67.49,62.71
000099.SZ,中信海直,98.82,112.02,4.91,3.74,3.77,4.27,0.93,0.0,21.59,12.74,10.72,6.3,,18.4,17.78,59.97,52.42
000100.SZ,TCL科技,48.38,79.21,1.86,1.38,2.87,0.47,1.86,0.0,11.98,-1.49,43.58,-7.54,8.89,65.31,-10.51,115.16,33.72
000151.SZ,中成股份,-30.2,-12.94,10.79,-24.0,-23.75,-7.5,,0.0,-0.45,-26.67,-781.14,-59.35,21.19,77.13,扣非亏损,扣非亏损,亏损
000153.SZ,丰原药业,15.43,26.24,1.52,6.06,7.55,4.58,1.6,0.0,22.55,4.45,-9.64,1.16,0.39,56.65,22.65,8.66,4.09
000156.SZ,华数传媒,29.95,39.55,0.95,1.81,2.35,1.04,2.99,0.0,31.82,5.54,-39.6,-4.79,3.54,46.63,-8.26,43.64,25.49
000157.SZ,中联重科,15.41,25.41,1.13,3.86,5.5,3.0,4.9,0.0,28.37,10.16,-7.25,-3.18,4.44,53.25,-8.0,13.17,5.6
000158.SZ,常山北明,-132.86,-134.23,9.05,-6.94,-4.98,-0.81,,0.0,10.14,-6.2,-27.52,5.6,35.37,66.7,扣非亏损,扣非亏损,亏损
000159.SZ,国际实业,-7.24,69.33,2.17,1.87,-20.32,-11.33,,0.0,6.8,-18.59,-23.62,-43.54,37.6,43.51,-1.59,74.01,亏损
000166.SZ,申万宏源,28.54,36.85,1.42,3.68,3.78,,1.26,20.0,,26.99,-9.91,7.21,,80.43,5.11,10.01,7.55
000301.SZ,东方盛虹,-29.63,-17.36,1.73,-4.05,-4.12,0.68,1.04,0.0,8.58,-1.33,-167.89,4.46,2.2,83.92,扣非亏损,扣非亏损,亏损
000333.SZ,美的集团,13.15,15.22,2.66,16.34,18.46,6.73,5.49,0.0,26.76,10.08,13.17,9.57,13.92,61.16,1.59,1.86,1.42
000401.SZ,冀东水泥,-40.51,-9.43,0.57,-1.72,-1.04,0.35,,0.0,18.13,-2.21,-9.73,-16.95,1.33,50.17,扣非亏损,扣非亏损,亏损
000402.SZ,金融街,-3.59,-3.79,0.38,-7.5,-7.55,-1.01,,0.0,5.72,-23.52,-90.74,42.51,,72.71,扣非亏损,扣非亏损,亏损
000403.SZ,派林生物,23.14,21.11,2.14,6.53,7.09,6.59,0.73,33.54,50.52,28.71,84.71,37.49,33.41,13.57,0.56,3.23,3.26
000404.SZ,长虹华意,10.62,14.19,1.33,8.85,9.62,3.94,4.24,0.0,12.8,5.38,23.58,-9.69,0.37,62.98,-1.46,3.21,2.21
000407.SZ,胜利股份,20.27,22.41,1.01,3.39,3.76,3.49,1.52,0.0,15.74,3.94,9.58,-1.69,36.23,50.35,-13.28,13.21,10.78
000409.SZ,云鼎科技,58.39,71.45,4.21,4.36,5.56,3.58,,0.0,32.91,11.66,79.44,18.07,9.36,30.1,3.95,32.75,21.0
000410.SZ,沈阳机床,-103.65,-65.66,18.45,-14.7,-12.54,-3.1,,0.0,8.05,-12.19,-8.88,-8.2,,72.88,扣非亏损,扣非亏损,亏损
000411.SZ,英特集团,12.13,12.15,1.31,7.82,8.14,4.35,2.72,0.0,6.67,1.69,24.54,3.59,4.75,69.36,3.38,3.11,2.98
000415.SZ,渤海租赁,14.06,18.7,0.98,4.51,5.29,3.8,,0.0,46.39,9.61,8754.77,8.13,19.24,82.64,2.3,8.29,5.32
000417.SZ,合百集团,14.88,28.74,0.88,3.48,4.44,3.13,2.2,0.0,27.03,5.15,22.4,3.88,0.06,54.39,7.41,16.52,6.7
000419.SZ,通程控股,15.37,27.32,0.88,3.08,4.45,4.1,2.14,0.0,25.39,13.05,-9.12,-10.35,,32.09,-2.64,17.72,6.91
000420.SZ,吉林化纤,123.27,288.04,2.31,1.28,1.41,2.11,,0.0,16.05,2.15,57.21,1.53,,59.12,188.41,448.91,174.86
000421.SZ,南京公用,-180.42,-25.21,1.31,-0.49,-0.54,0.38,1.43,0.0,13.42,-0.31,-171.57,9.13,,76.01,扣非亏损,扣非亏损,亏损
000422.SZ,湖北宜化,15.0,21.4,2.05,7.99,10.27,5.32,3.06,0.0,14.24,7.42,70.4,-1.34,0.02,64.6,-15.97,5.36,2.92
000425.SZ,徐工机械,13.67,19.3,1.64,8.5,9.13,4.42,3.3,0.0,23.63,7.74,11.85,-4.11,,63.84,-4.7,4.54,2.99
000426.SZ,兴业银锡,15.21,14.95,3.45,18.47,18.35,14.26,0.72,0.0,64.31,38.83,130.96,35.96,2.5,31.88,0.42,1.62,1.66
000428.SZ,华天酒店,-25.48,-15.27,2.33,-7.74,-6.72,-1.41,,0.0,22.81,-31.95,-9.3,-10.61,,75.78,扣非亏损,扣非亏损,亏损
000429.SZ,粤高速A,12.79,13.6,2.27,13.96,13.45,11.2,6.47,0.0,68.24,51.65,-0.31,-5.03,,41.66,-2.7,1.95,1.9
000430.SZ,张家界,-33.4,-11.16,3.58,-7.84,-7.72,-0.22,,0.0,18.01,-20.87,-40.04,-5.08,,68.83,扣非亏损,扣非亏损,亏损
000488.SZ,晨鸣纸业,-12.18,-6.53,0.72,-6.59,-4.36,0.35,,0.0,8.82,-4.08,14.12,0.52,0.04,73.51,扣非亏损,扣非亏损,亏损
000503.SZ,国新健康,-338.18,-130.77,10.04,-7.74,-2.2,-1.59,,0.0,3.42,-16.0,7.69,24.4,,24.97,扣非亏损,扣非亏损,亏损
000504.SZ,南华生物,-305.76,-85.29,13.79,-5.25,-3.33,-1.13,,0.0,68.03,-9.61,14.35,-11.78,0.66,49.3,扣非亏损,扣非亏损,亏损
000505.SZ,京粮控股,132.51,135.16,1.57,0.53,0.88,1.35,1.04,0.0,4.16,0.33,-73.56,18.07,5.38,47.91,7.48,512.83,301.17
000506.SZ,*ST中润,-28.31,-29.69,5.6,-11.65,-13.81,-2.48,,0.0,7.46,-61.51,14.37,-29.12,,48.06,扣非亏损,扣非亏损,亏损
000507.SZ,珠海港,14.91,19.98,0.9,3.14,3.75,3.59,0.23,0.0,25.47,9.69,-4.26,-0.57,13.37,52.55,-35.33,12.72,7.95
000509.SZ,华塑控股,-259.76,-128.34,31.47,-9.32,-8.69,-1.26,,0.0,3.44,-2.07,2.7,50.15,11.53,73.63,扣非亏损,扣非亏损,亏损
000510.SZ,新金路,-60.13,-22.19,2.01,-2.93,-2.7,-0.43,,0.0,10.22,-2.1,57.13,-23.02,,43.86,扣非亏损,扣非亏损,亏损
000513.SZ,丽珠集团,15.87,18.28,2.5,11.57,11.63,9.0,3.86,0.0,65.81,21.43,3.51,-5.94,0.84,40.04,-3.08,3.16,2.73
000514.SZ,渝开发,-78.35,130.01,1.29,-1.93,-1.24,-0.54,0.29,0.0,23.55,-18.5,-335.84,20.23,,45.99,6.43,扣非亏损,亏损
000516.SZ,国际医学,-47.56,-36.45,3.68,-5.81,-5.6,-1.4,,0.0,9.19,-8.16,37.2,7.85,,67.04,扣非亏损,扣非亏损,亏损
000517.SZ,荣安地产,19.82,-25.13,1.07,3.89,3.64,1.36,13.06,0.0,6.62,1.46,-65.91,26.94,0.09,70.12,扣非亏损,扣非转亏,10.89
000518.SZ,四环生物,-179.61,-73.97,7.49,-3.44,-3.0,-2.13,,0.0,68.85,-9.96,62.52,-13.31,,23.45,扣非亏损,扣非亏损,亏损
000519.SZ,中兵红箭,-293.53,43.13,2.28,-0.63,-0.58,-0.6,0.39,0.0,22.55,-2.41,-141.34,-9.6,,33.09,-4.49,扣非亏损,亏损
000520.SZ,凤凰航运,-199.37,-230.75,11.24,-5.29,-4.14,-2.76,,0.0,-0.36,-2.92,-49.42,1.84,,27.67,扣非亏损,扣非亏损,亏损
000521.SZ,长虹美菱,13.75,12.95,1.61,8.66,8.86,2.35,5.33,0.0,10.83,2.39,0.21,18.73,,71.61,0.69,2.99,3.1
000523.SZ,红棉股份,76.88,72.01,4.29,4.72,4.3,3.43,,0.0,13.79,5.29,211.7,-25.62,,52.34,-2.81,30.51,35.76
000524.SZ,岭南控股,39.36,108.98,3.16,2.65,6.21,4.55,,0.0,18.85,4.44,10.26,30.41,2.53,40.74,3.58,82.39,12.68
000525.SZ,*ST红阳,164.48,-6.97,6.41,2.01,2.65,2.45,,0.0,25.47,0.78,205.52,1.87,59.49,89.53,扣非亏损,扣非转亏,124.13
000526.SZ,学大教育,26.29,32.8,7.63,22.85,25.43,7.52,,0.0,34.98,7.7,40.45,25.29,150.42,79.44,1.3,2.87,2.07
000528.SZ,柳工,14.14,21.57,1.43,7.11,7.84,3.62,2.95,0.0,23.48,5.94,93.89,8.25,0.87,59.49,2.62,6.07,3.61
000529.SZ,广弘控股,31.85,34.51,1.15,1.86,2.7,1.27,2.21,0.0,4.27,4.56,-49.7,-8.77,,49.29,-3.94,37.05,23.59
000530.SZ,冰山冷热,39.85,123.79,1.61,2.3,3.08,1.75,0.56,0.0,17.0,2.62,51.37,3.12,9.02,58.7,39.65,107.42,25.88
000531.SZ,穗恒运A,24.83,28.51,0.92,2.74,2.77,2.17,1.49,0.0,13.7,6.02,-48.04,-5.26,0.15,62.23,-5.42,20.8,17.93
000532.SZ,华金资本,104.83,80.68,3.71,2.42,2.65,2.41,0.54,0.0,41.86,15.21,-7.99,8.71,,35.71,9.26,66.6,79.12
000533.SZ,顺钠股份,30.89,30.73,3.47,8.57,8.79,4.68,,0.0,21.84,6.08,50.81,11.16,1.06,65.05,2.75,7.17,7.03
000534.SZ,万泽股份,35.0,56.49,5.24,9.71,10.54,6.08,0.92,0.0,76.87,17.31,9.75,6.91,,61.44,8.18,11.63,6.64
000536.SZ,华映科技,-19.71,-16.27,14.14,-43.14,-42.35,-9.84,,0.0,-27.54,-64.52,22.02,62.76,,75.08,扣非亏损,扣非亏损,亏损
000537.SZ,中绿电,16.98,21.79,1.06,4.58,5.14,1.97,1.87,0.0,59.23,36.79,4.13,3.35,,72.26,6.51,9.51,6.61
000538.SZ,云南白药,18.75,25.9,2.67,10.61,10.82,8.93,4.23,0.0,28.4,14.47,10.68,0.76,0.26,27.1,33.93,4.88,3.47
000539.SZ,粤电力A,13.1,29.45,1.09,6.52,6.43,2.71,0.41,0.0,13.82,4.88,-13.09,-5.88,0.02,79.01,-5.01,9.03,4.07
000541.SZ,佛山照明,27.17,34.64,1.42,3.44,3.94,1.94,1.8,0.0,19.08,4.88,-5.39,1.33,4.22,42.28,26.09,20.17,13.79
000543.SZ,皖能电力,8.27,10.93,1.13,10.7,10.86,5.13,3.53,0.0,12.27,9.96,25.07,11.52,2.37,65.71,0.95,2.04,1.52
000544.SZ,中原环保,6.88,9.68,1.1,10.76,11.22,4.38,2.59,0.0,48.04,25.44,36.48,-22.23,,72.56,-0.44,1.8,1.23
000545.SZ,金浦钛业,-37.87,-22.86,2.07,-4.31,-3.83,-1.79,,0.0,5.49,-3.37,49.53,-4.1,,46.48,扣非亏损,扣非亏损,亏损
000546.SZ,金圆股份,29.61,-5.91,1.09,-3.97,2.76,1.18,,0.0,0.64,1.7,-14.52,191.59,,16.32,扣非亏损,扣非亏损,21.46
000547.SZ,航天发展,-19.43,-7.23,2.29,-9.03,-8.66,-5.34,,0.0,10.67,-55.6,-2.89,-23.9,22.69,40.33,扣非亏损,扣非亏损,亏损
000548.SZ,湖南投资,21.01,15.12,1.26,4.38,4.54,4.27,1.65,0.0,40.27,17.85,87.25,59.84,,26.03,0.25,6.91,9.25
000550.SZ,江铃汽车,14.37,15.71,2.04,10.19,10.86,2.39,3.59,0.0,13.86,3.26,64.96,17.96,,65.42,0.87,3.08,2.65
000551.SZ,创元科技,19.26,26.26,2.15,8.43,8.68,5.9,0.67,0.0,23.25,9.71,63.2,4.81,1.43,43.65,5.47,6.23,4.44
000552.SZ,甘肃能化,11.28,13.74,0.93,5.9,5.87,4.29,3.28,0.0,32.65,13.24,-37.4,-9.35,,45.48,-1.47,4.65,3.84
000553.SZ,安道麦A,-6.76,-6.24,0.84,-9.23,-8.71,-0.42,,0.0,22.19,-8.54,-71.39,-12.72,25.02,61.61,扣非亏损,扣非亏损,亏损
000555.SZ,神州信息,-78.74,475.77,2.05,-2.2,-1.92,-1.45,0.28,0.0,13.61,-2.7,-390.91,0.94,23.16,52.02,507.22,扣非亏损,亏损
000557.SZ,西部创业,30.55,34.16,1.5,3.69,3.76,3.52,,0.0,27.68,22.53,8.06,-17.04,,8.2,-2.0,18.52,16.25
000558.SZ,莱茵体育,-345.56,-109.6,3.77,-1.21,-0.82,-0.0,,0.0,31.12,-4.06,35.96,-37.17,0.28,39.08,扣非亏损,扣非亏损,亏损
000559.SZ,万向钱潮,25.1,24.96,2.63,8.11,7.95,3.84,2.89,0.0,16.14,6.66,35.65,-2.14,0.0,58.31,-11.67,6.15,6.32
000560.SZ,我爱我家,776.46,-11.68,0.93,-0.77,0.09,1.64,,0.0,7.36,0.11,0.0,-3.42,46.62,70.54,扣非亏损,扣非亏损,17254.66
000564.SZ,供销大集,-372.93,-37.27,3.35,-2.18,-0.8,0.43,,0.0,26.6,-14.3,25.97,8.69,5.34,45.78,扣非亏损,扣非亏损,亏损
000565.SZ,渝三峡A,133.89,-1878.17,2.15,1.02,1.21,1.14,0.24,0.0,23.82,5.61,173.69,-28.91,,15.73,扣非亏损,扣非转亏,221.31
000566.SZ,海南海药,-21.26,-16.25,4.74,-13.07,-15.42,-2.55,,0.0,34.77,-38.98,-71.85,-35.76,11.57,74.12,扣非亏损,扣非亏损,亏损
000567.SZ,海德股份,25.0,28.27,3.19,9.0,9.35,7.76,4.0,0.0,98.93,58.89,-15.86,-9.91,0.12,44.41,-2.85,6.28,5.35
000568.SZ,泸州老窖,14.38,15.63,4.89,26.64,25.88,23.79,3.01,0.0,88.43,47.76,10.24,10.76,,31.46,1.45,1.17,1.11
000570.SZ,苏常柴A,60.28,693.21,1.08,1.25,1.34,0.93,0.82,0.0,16.23,2.68,517.83,8.23,,34.7,84.23,1113.24,89.97
000571.SZ,新大洲A,-31.12,-29.09,10.86,-20.4,-23.28,-1.5,,0.0,33.19,-14.82,-26.42,-30.19,,60.39,扣非亏损,扣非亏损,亏损
000572.SZ,海马汽车,115.86,-27.05,4.44,-11.48,2.92,0.3,,0.0,8.17,-0.26,-2.18,-44.11,,58.0,扣非亏损,扣非亏损,79.36
000573.SZ,粤宏远A,-37.05,-61.69,1.2,-2.32,-2.35,-1.23,1.78,0.0,7.42,-9.61,46.15,53.2,0.78,27.19,扣非亏损,扣非亏损,亏损
000576.SZ,甘化科工,130.09,-12.19,2.16,0.55,1.24,0.93,,0.0,54.59,6.37,-78.62,0.14,28.35,12.04,扣非亏损,扣非转亏,209.82
000582.SZ,北部湾港,20.29,20.76,1.05,3.78,5.78,4.14,2.6,0.0,31.09,20.62,-19.22,0.13,,44.25,158.61,10.98,7.02
000584.SZ,*ST工智,95.44,-7.05,4.27,2.07,3.41,0.92,,0.0,13.67,1.23,127.29,-5.95,43.11,86.19,扣非亏损,扣非转亏,55.98
000586.SZ,汇源通信,-553.31,-248.92,5.83,-1.0,-0.79,0.17,,0.0,30.87,-0.61,-118.27,-20.17,,37.72,扣非亏损,扣非亏损,亏损
000589.SZ,贵州轮胎,10.57,10.65,0.91,6.83,6.98,3.48,3.27,0.0,18.58,7.2,-13.06,11.45,,52.13,0.93,3.12,3.03
000590.SZ,启迪药业,-52.96,-50.81,2.89,-4.49,-4.01,-2.12,,0.0,46.21,-13.06,-1159.85,-21.26,18.8,36.77,扣非亏损,扣非亏损,亏损
000591.SZ,太阳能,12.07,15.33,0.88,5.41,5.52,4.17,2.61,0.0,48.44,27.08,-10.0,-25.93,,51.16,-0.59,5.67,4.37
000592.SZ,平潭发展,173.35,-20.16,2.57,1.06,1.1,1.35,,0.0,9.99,3.59,82.61,33.04,2.27,43.45,扣非亏损,扣非转亏,315.18
000593.SZ,德龙汇能,36.85,-7.9,2.39,4.55,4.93,3.76,,0.0,12.97,3.52,-26.78,10.38,24.21,52.94,扣非亏损,扣非转亏,14.95
000595.SZ,宝塔实业,-132.93,-59.46,24.79,-13.76,-13.06,-4.57,,0.0,2.5,-29.93,-13.9,4.09,14.08,53.4,扣非亏损,扣非亏损,亏损
000596.SZ,古井贡酒,17.74,20.59,4.7,20.69,20.54,17.43,1.93,0.0,79.71,25.68,25.55,19.53,2.25,34.23,1.05,1.99,1.73
000597.SZ,东北制药,30.3,36.4,1.63,2.72,4.14,2.3,1.87,0.0,34.53,3.59,-18.39,-4.22,0.49,63.07,-8.62,26.78,14.64
000598.SZ,兴蓉环境,10.19,11.37,1.24,9.31,9.43,4.88,2.99,0.0,44.76,26.87,9.45,9.17,0.01,59.35,1.24,2.44,2.16
000599.SZ,青岛双星,-17.66,-19.31,2.46,-10.79,-3.5,-0.84,,0.0,9.63,-6.29,22.06,-4.31,,79.8,扣非亏损,扣非亏损,亏损
000600.SZ,建投能源,16.61,34.43,0.94,3.7,4.33,2.82,1.6,0.0,15.27,3.18,276.28,18.86,,67.72,1.83,18.61,7.67
000601.SZ,韶能股份,17.29,-36.79,1.01,4.27,4.49,4.0,,0.0,20.57,6.24,473.86,-0.96,,62.22,扣非亏损,扣非转亏,7.7
000603.SZ,盛达资源,36.14,47.2,2.94,6.04,6.24,5.58,0.68,0.0,43.47,18.53,48.71,-7.08,0.68,41.48,-6.66,15.64,11.58
000605.SZ,渤海股份,176.95,1280.18,1.35,0.11,0.57,1.49,0.31,0.0,25.09,1.5,38.22,1.06,5.62,66.48,1209.09,22658.13,620.89
000607.SZ,华媒控股,268.43,143.24,2.46,-0.1,0.68,1.27,0.63,0.0,20.06,1.57,-53.64,-16.92,11.85,45.43,-8.47,转盈,789.5
000608.SZ,阳光股份,-84.77,-10.22,0.94,-1.21,-0.82,1.44,,0.0,54.13,-1.66,37.66,-32.54,,41.8,扣非亏损,扣非亏损,亏损
000609.SZ,*ST中迪,-4.99,-3.95,2.49,-29.28,-31.61,-1.78,,0.0,0.95,-37.45,-47.67,5540.26,1.05,86.19,扣非亏损,扣非亏损,亏损
000610.SZ,西安旅游,-28.13,-19.17,7.94,-19.23,-19.14,-2.78,,0.0,5.52,-21.59,-33.68,-18.35,1.71,82.4,扣非亏损,扣非亏损,亏损
000612.SZ,焦作万方,13.12,11.79,1.5,9.08,8.78,8.1,2.43,0.0,12.58,11.03,54.93,2.71,0.51,21.64,4.35,2.6,2.99
000615.SZ,ST美谷,-17.02,-5.95,15.15,-49.85,-48.39,-0.9,,0.0,26.91,-11.45,-50.05,-23.78,148.72,88.02,扣非亏损,扣非亏损,亏损
000617.SZ,中油资本,19.39,30.52,1.1,3.94,4.29,1.03,2.17,0.0,23.97,1470.7,-22.18,3.55,0.01,83.18,8.6,15.5,9.04
000619.SZ,海螺新材,-68.65,-39.29,0.9,-1.67,-1.08,0.1,,0.0,8.29,-0.59,-73.39,-4.39,,41.7,扣非亏损,扣非亏损,亏损
000620.SZ,新华联,118.13,-12.92,2.39,0.77,1.54,1.18,,0.0,23.46,1.99,102.17,-15.3,1.93,55.49,扣非亏损,扣非转亏,153.42
000622.SZ,*ST恒立,-44.25,-41.76,5.74,-9.45,-9.28,-3.4,,0.0,1.14,-23.15,-188.69,18.31,,63.94,扣非亏损,扣非亏损,亏损
000625.SZ,长安汽车,29.38,75.8,1.93,2.33,4.95,1.15,2.04,0.0,14.38,2.44,-48.87,2.54,2.43,59.36,29.79,65.16,11.87
000626.SZ,远大控股,-32.11,-5.9,1.27,-3.06,-2.93,0.14,,0.0,0.66,-0.08,65.61,2.16,26.25,66.87,扣非亏损,扣非亏损,亏损
000627.SZ,天茂集团,-50.06,-28.79,1.02,-1.57,-1.57,,,0.0,,-1.92,-59.18,-18.43,17.2,87.37,扣非亏损,扣非亏损,亏损
000628.SZ,高新发展,152.69,138.99,11.3,3.82,5.61,1.8,0.31,0.0,9.85,2.22,-23.56,3.35,7.06,83.65,41.54,72.86,54.44
000629.SZ,钒钛股份,117.18,82.13,2.31,1.34,1.5,1.13,,0.0,6.89,1.83,-80.94,-6.12,,16.08,-13.42,122.26,156.24
000630.SZ,铜陵有色,12.65,16.97,1.38,8.23,8.34,6.57,2.42,0.0,7.57,3.35,45.88,3.62,,51.36,4.69,4.12,3.03
000631.SZ,顺发恒业,114.68,109.26,1.33,0.33,0.86,0.77,3.01,0.0,31.47,22.76,-91.36,-86.74,,15.36,-1.26,665.01,266.71
000632.SZ,三木集团,-15.01,-4.15,1.25,-6.9,-6.07,1.22,,0.0,3.93,-0.61,-1243.99,-8.68,3.92,79.27,扣非亏损,扣非亏损,亏损
000633.SZ,合金投资,467.11,469.35,11.06,1.6,1.79,2.3,,0.0,13.01,2.3,-30.15,-17.13,,34.96,-27.39,585.49,521.91
000635.SZ,英力特,-8.97,-6.51,2.29,-17.81,-17.52,-8.96,,0.0,-9.99,-18.74,48.74,11.36,,49.1,扣非亏损,扣非亏损,亏损
000636.SZ,风华高科,54.22,56.08,1.59,2.29,2.21,1.63,0.37,0.0,19.68,7.39,229.02,10.25,,22.96,5.47,48.91,49.07
000637.SZ,茂化实华,-14.13,-11.17,3.47,-17.32,-16.89,-2.54,,0.0,4.97,-3.88,-111.41,-29.48,30.41,69.45,扣非亏损,扣非亏损,亏损
000638.SZ,万方发展,105.05,-58.67,10.56,0.3,7.65,3.76,,0.0,10.19,10.24,104.19,7.51,3.46,45.76,扣非亏损,扣非转亏,27.46
000639.SZ,西王食品,66.61,58.1,1.64,2.23,1.86,2.44,,0.0,23.71,1.37,1161.35,-7.92,3.7,43.28,-7.34,52.19,71.63
000650.SZ,仁和药业,15.21,30.04,1.38,5.01,6.79,8.93,3.02,0.0,37.65,16.34,-35.13,-17.49,7.99,10.32,-1.72,11.99,4.48
000651.SZ,格力电器,8.46,8.4,1.96,17.41,17.8,6.29,7.4,0.0,30.21,14.46,10.14,-5.39,1.26,65.05,-1.56,0.96,0.95
000652.SZ,泰达股份,38.73,184.3,1.24,0.91,2.41,1.27,1.03,0.0,3.55,0.18,-25.71,9.93,,84.55,18.56,404.08,32.14
000656.SZ,*ST金科,-1.2,-0.77,-4.54,-590.6,,-1.28,,0.0,12.97,-25.55,-359.31,-49.91,0.02,93.08,扣非亏损,扣非亏损,
000657.SZ,中钨高新,51.75,52.53,2.43,3.0,3.48,2.65,2.95,0.0,14.86,2.57,-26.65,7.13,,54.05,7.37,35.05,29.74
000659.SZ,珠海中富,-102.61,-30.34,13.29,-8.76,-9.27,2.64,,0.0,17.54,-3.48,-2.33,-22.74,,88.45,扣非亏损,扣非亏损,亏损
000661.SZ,长春高新,12.23,12.16,1.98,12.61,12.43,10.44,3.09,0.0,85.6,28.13,-21.45,-2.75,0.17,16.28,-4.42,1.93,1.97
000663.SZ,永安林业,-42.6,-634.81,2.08,-4.57,-3.61,-2.28,,0.0,7.83,-17.66,-136.73,-47.57,,26.95,扣非亏损,扣非亏损,亏损
000665.SZ,湖北广电,-11.68,-8.22,1.13,-7.29,-6.92,-2.72,,0.0,3.32,-26.9,2.35,-10.88,6.44,54.98,扣非亏损,扣非亏损,亏损
000668.SZ,荣丰控股,-30.22,-20.44,1.3,-4.04,-3.17,-1.23,,0.0,-1.68,-88.87,-19.52,-4.34,,38.56,扣非亏损,扣非亏损,亏损
000669.SZ,ST金鸿,-9.7,-4.08,7.89,-46.09,-44.86,-2.27,,0.0,14.94,-10.0,-475.99,7.89,15.85,89.67,扣非亏损,扣非亏损,亏损
000670.SZ,盈方微,-129.59,-100.93,339.06,-134.02,-130.94,2.29,,0.0,5.06,-0.26,-5.64,24.16,127.44,81.41,扣非亏损,扣非亏损,亏损
000672.SZ,上峰水泥,15.35,19.05,0.95,4.17,4.53,2.86,4.96,0.0,26.71,9.89,-35.33,-21.77,1.64,46.72,-0.88,9.14,6.78
000676.SZ,智度股份,64.91,182.78,3.41,1.66,3.97,4.24,,0.0,16.11,9.51,-42.8,12.69,8.38,15.53,14.41,220.51,32.7
000677.SZ,恒天海龙,87.16,105.2,9.12,7.74,8.16,7.67,,0.0,20.31,9.82,-6.63,6.48,,21.61,16.22,27.2,21.36
000678.SZ,襄阳轴承,-118.19,-65.26,3.76,-3.66,-2.35,-0.38,,0.0,9.84,-2.27,46.65,-8.3,,62.04,扣非亏损,扣非亏损,亏损
000679.SZ,大连友谊,-28.97,-27.35,5.49,-8.5,-13.27,-3.26,,0.0,23.68,-43.21,-92.26,0.34,,77.88,扣非亏损,扣非亏损,亏损
000680.SZ,山推股份,15.89,15.88,2.37,11.4,11.56,5.46,3.04,0.0,16.7,6.89,42.51,30.64,0.18,59.84,0.52,2.79,2.75
000682.SZ,东方电子,27.96,29.45,3.2,8.18,8.85,3.27,0.99,0.0,32.78,8.46,19.24,12.96,,56.23,2.27,7.2,6.32
000683.SZ,远兴能源,10.41,9.39,1.74,12.84,12.87,9.98,5.11,0.0,42.63,25.99,16.48,29.04,0.02,44.01,0.32,1.46,1.62
000685.SZ,中山公用,10.0,13.94,0.79,5.13,6.07,4.06,2.74,0.0,21.75,31.4,8.14,7.12,0.02,42.68,1.96,5.43,3.3
000686.SZ,东北证券,33.28,39.95,1.12,2.4,2.54,,1.41,0.0,,11.49,-19.1,-6.43,0.4,77.4,-6.22,33.29,26.21
000688.SZ,国城矿业,191.6,105.84,4.56,1.96,1.72,1.8,0.17,0.0,33.26,4.45,3351.05,68.42,5.7,62.61,1.55,108.2,222.79
000690.SZ,宝新能源,12.87,12.32,0.84,4.97,4.91,3.78,6.77,0.0,15.21,9.7,-3.25,-20.71,,43.95,-0.6,4.95,5.24
000691.SZ,亚太实业,-53.86,-36.08,78.33,-72.21,-71.0,-2.77,,0.0,8.66,-7.19,74.56,26.54,54.53,75.8,扣非亏损,扣非亏损,亏损
000692.SZ,惠天热电,-3.39,-2.87,-7.41,,,-6.59,,0.0,-23.21,-39.3,19.82,11.89,,104.87,扣非亏损,,
000695.SZ,滨海能源,927.08,-111.75,11.99,0.54,0.98,0.94,,0.0,12.14,-0.09,108.87,145.7,,76.97,扣非亏损,扣非转亏,1891.99
000697.SZ,炼石航空,-31.1,-39.27,41.62,-72.94,,-2.31,,0.0,8.77,-16.27,19.5,23.33,280.59,93.69,扣非亏损,扣非亏损,
000698.SZ,沈阳化工,-11.77,-17.08,2.14,-4.36,-12.84,-2.79,,0.0,7.64,-5.17,79.52,-2.16,,69.77,扣非亏损,扣非亏损,亏损
000700.SZ,模塑科技,10.28,14.5,1.99,12.86,15.0,5.66,3.1,27.93,18.42,10.23,13.21,-14.21,,56.71,-1.02,1.13,0.69
000701.SZ,厦门信达,-19.03,-3.51,14.58,-12.2,-67.74,0.52,,0.0,2.21,-0.46,42.4,-38.73,10.46,82.1,扣非亏损,扣非亏损,亏损
000702.SZ,正虹科技,-108.36,-29.85,7.85,-6.61,-5.32,-1.33,,0.0,5.14,-2.17,46.02,-15.88,,57.76,扣非亏损,扣非亏损,亏损
000703.SZ,恒逸石化,78.24,-206.17,1.04,0.08,0.92,2.44,1.49,0.0,4.05,0.35,-88.99,-6.61,0.72,71.97,扣非亏损,扣非转亏,170.08
000705.SZ,浙江震元,48.31,57.58,1.42,1.85,2.2,1.87,0.55,0.0,19.15,1.58,-44.64,-8.61,,39.57,-6.69,62.21,43.92
000707.SZ,双环科技,8.44,7.69,1.56,14.29,14.66,9.64,1.75,0.0,21.87,14.82,-28.06,-22.24,,37.99,-0.35,1.08,1.15
000708.SZ,中信特钢,12.34,13.11,1.61,9.55,9.85,4.48,4.02,0.0,12.37,4.82,-10.71,-3.37,0.04,62.3,-3.89,2.75,2.51
000709.SZ,河钢股份,32.04,50.96,0.47,0.47,0.73,1.81,1.88,0.0,8.53,0.72,-45.98,-6.59,0.0,74.76,-7.73,216.9,87.77
000710.SZ,贝瑞基因,257.85,-12.34,1.91,0.69,0.56,1.16,,0.0,50.61,1.7,111.17,-4.96,0.7,24.86,扣非亏损,扣非转亏,920.9
000711.SZ,*ST京蓝,-63.2,-7.31,8.18,-10.34,-9.37,-6.41,,0.0,21.99,-97.38,89.88,-30.45,5.76,37.3,扣非亏损,扣非亏损,亏损
000712.SZ,锦龙股份,-96.5,-65.37,5.16,-3.4,-3.96,,,0.0,,-8.57,68.38,213.09,7.68,81.5,扣非亏损,扣非亏损,亏损
000713.SZ,丰乐种业,-52.5,-359.79,2.66,-4.06,-3.72,-2.53,0.26,0.0,10.3,-4.77,-109.12,-10.32,11.3,42.02,扣非亏损,扣非亏损,亏损
000715.SZ,中兴商业,39.78,30.17,1.55,2.39,3.0,2.28,0.68,0.0,56.13,9.77,-44.24,-7.85,,28.09,-3.84,25.26,26.52
000716.SZ,黑芝麻,106.52,126.83,2.35,1.76,1.63,2.31,0.83,0.0,23.04,3.21,39.53,-17.37,13.05,40.13,-7.3,144.44,130.7
000717.SZ,中南股份,-6.43,-7.44,0.88,-10.56,-9.79,-4.46,,0.0,-1.35,-3.69,-437.52,-22.4,,58.62,扣非亏损,扣非亏损,亏损
000718.SZ,苏宁环球,17.04,31.93,0.83,3.63,3.7,3.62,0.77,72.25,59.69,20.26,-10.01,18.63,1.45,31.69,1.71,8.8,4.6
000719.SZ,中原传媒,16.44,11.86,1.01,4.46,4.64,3.75,4.32,0.0,36.77,7.82,-26.37,1.02,,36.07,11.6,5.31,7.09
000720.SZ,新能泰山,-92.15,-74.65,2.16,-1.75,-1.74,-0.27,,0.0,7.43,-5.23,15.16,-35.2,0.05,53.32,扣非亏损,扣非亏损,亏损
000721.SZ,西安饮食,-51.82,-41.97,18.39,-24.1,-23.49,-4.48,,0.0,2.37,-17.57,-30.54,-12.56,,76.95,扣非亏损,扣非亏损,亏损
000722.SZ,湖南发展,60.37,114.1,1.6,1.94,1.96,2.52,0.52,0.0,55.31,22.72,50.75,5.7,,4.33,20.03,117.74,61.6
000723.SZ,美锦能源,-26.29,-28.49,1.66,-4.61,-4.48,-1.49,,0.0,4.57,-5.5,-276.93,-3.15,0.42,63.0,扣非亏损,扣非亏损,亏损
000725.SZ,京东方A,39.5,55.04,1.34,1.77,2.53,0.96,0.77,0.0,16.49,1.35,254.67,13.61,0.35,51.74,4.04,62.35,31.23
000727.SZ,冠捷科技,135.51,68.65,5.06,1.06,2.77,2.54,,0.0,12.01,0.65,-78.91,3.87,0.37,74.59,17.74,129.81,97.84
000728.SZ,国元证券,19.2,20.76,1.13,4.45,4.48,,2.2,0.0,,31.07,18.06,2.46,0.34,77.25,8.46,9.32,8.57
000729.SZ,燕京啤酒,17.48,33.51,2.02,8.79,8.98,6.94,1.16,0.0,45.09,11.79,45.68,3.47,0.51,36.18,9.67,7.62,3.89
000733.SZ,振华科技,32.43,24.58,1.93,4.02,4.47,4.25,1.89,0.0,49.59,17.25,-71.04,-37.97,,18.45,-0.65,12.22,14.51
000735.SZ,罗牛山,16.55,38.58,1.75,8.07,8.2,3.83,0.35,0.0,17.86,12.18,284.99,1.15,0.98,53.03,33.59,9.56,4.04
000736.SZ,中交地产,-4.29,-3.94,16.86,-146.04,-151.06,-0.44,,0.0,5.8,-12.51,-47.8,0.89,,85.94,扣非亏损,扣非亏损,亏损
000737.SZ,北方铜业,25.83,29.24,3.59,10.92,10.74,5.95,1.72,0.0,7.4,3.01,4.74,160.5,,67.86,0.18,5.36,4.81
000738.SZ,航发控制,38.47,44.48,2.64,5.08,5.22,4.34,0.83,0.0,29.71,15.02,6.43,2.67,,22.71,16.67,17.51,14.74
000739.SZ,普洛药业,16.93,19.07,2.98,12.98,13.52,7.71,2.06,0.0,24.23,9.36,0.4,9.3,0.31,50.61,2.05,2.94,2.5
000752.SZ,ST西发,59.12,47.39,13.95,13.86,19.41,7.08,,0.0,38.56,19.66,172.52,21.79,,37.72,2.17,6.84,6.09
000753.SZ,漳州发展,54.78,-220.3,1.32,0.96,1.81,0.16,0.6,0.0,15.34,3.77,-32.68,-7.29,0.06,71.28,扣非亏损,扣非转亏,60.53
000755.SZ,山西高速,14.18,16.27,1.37,7.44,7.47,5.26,0.98,0.0,58.87,32.23,-0.54,-7.17,,57.71,-2.27,4.37,3.8
000757.SZ,浩物股份,-70.57,-23.56,1.45,-1.61,-1.52,-0.34,,0.0,10.73,-0.91,53.53,-3.18,,39.1,扣非亏损,扣非亏损,亏损
000758.SZ,中色股份,24.37,31.59,1.94,5.54,6.19,3.61,,0.0,14.65,6.4,6.22,12.05,0.97,54.66,2.62,11.4,7.88
000759.SZ,中百集团,-6.59,-4.57,1.49,-15.74,-15.56,-2.08,,0.0,21.64,-4.08,-547.55,-11.5,0.92,81.83,扣非亏损,扣非亏损,亏损
000761.SZ,本钢板材,-3.52,-3.7,1.17,-21.6,-20.8,-6.26,,0.0,-5.45,-7.85,-149.32,-7.66,,68.67,扣非亏损,扣非亏损,亏损
000762.SZ,西藏矿业,62.35,70.86,4.24,4.6,5.18,2.54,2.03,0.0,49.71,32.12,54.22,5.06,,45.74,14.01,30.79,24.07
000766.SZ,通化金马,472.67,431.15,6.44,0.7,1.03,1.82,,0.0,75.39,2.46,51.15,-7.24,0.08,49.06,-59.51,1225.73,917.8
000767.SZ,晋控电力,-21.48,-11.96,1.52,-3.01,-9.16,1.22,,0.0,6.46,-4.18,-152.94,-21.38,0.15,81.91,扣非亏损,扣非亏损,亏损
000768.SZ,中航西飞,68.26,91.97,4.24,4.45,5.53,1.27,0.45,0.0,7.36,3.27,16.38,1.44,,73.39,64.07,41.35,24.69
000776.SZ,广发证券,15.1,17.79,1.15,4.66,5.26,,2.1,17.44,,39.18,21.53,6.24,0.0,80.78,2.85,3.82,2.87
000777.SZ,中核科技,46.25,37.47,3.5,5.09,5.78,3.5,1.29,10.18,21.81,11.29,-2.34,-8.25,0.06,41.39,-4.54,7.36,8.0
000778.SZ,新兴铸管,25.38,47.8,0.64,0.94,1.88,1.36,1.57,0.0,5.59,1.57,-66.98,-25.44,,47.64,-1.88,101.45,27.0
000779.SZ,甘咨询,16.57,16.33,1.05,4.73,4.84,3.57,0.74,0.0,40.38,13.17,-2.45,-19.32,,29.16,-0.85,6.9,6.85
000782.SZ,恒申新材,-207.4,-138.46,2.02,-0.94,-1.07,-0.26,,0.0,4.1,-0.56,81.79,19.02,,40.28,扣非亏损,扣非亏损,亏损
000783.SZ,长江证券,22.04,24.12,1.27,3.88,4.02,,2.23,0.0,,29.88,21.06,-6.7,0.14,75.71,-3.6,12.44,10.97
000785.SZ,居然之家,19.27,21.79,0.93,4.06,3.64,3.34,1.88,0.0,29.33,7.77,-31.04,-2.72,0.82,58.84,-8.02,10.74,10.59
000786.SZ,北新建材,12.65,13.75,2.11,12.65,13.0,10.53,3.57,0.0,30.65,15.7,13.31,19.44,9.13,27.96,0.71,2.17,1.95
000788.SZ,北大医药,22.29,30.05,2.52,8.76,8.8,6.84,0.39,34.32,27.75,8.49,221.85,-7.32,,34.01,-4.11,3.43,2.53
000789.SZ,万年青,478.23,-33.87,0.66,-0.43,0.1,0.64,1.31,0.0,14.63,0.47,-110.43,-32.87,0.92,37.08,扣非亏损,扣非亏损,9564.58
000790.SZ,华神科技,365.24,217.46,2.68,0.5,0.55,1.61,0.2,0.0,47.92,2.3,-81.3,-1.39,9.73,48.94,-155.96,869.49,1328.14
000791.SZ,甘肃能源,12.67,18.29,1.14,6.83,6.94,5.03,1.97,0.0,45.08,32.78,9.14,9.41,0.18,49.92,1.94,5.36,3.65
000792.SZ,盐湖股份,25.13,16.73,3.0,9.17,9.38,7.74,,0.0,54.46,32.51,-44.22,-33.83,0.01,23.28,-0.49,3.65,5.36
000793.SZ,华闻集团,-47.57,-9.05,7.98,-12.75,-11.72,-1.21,,0.0,21.73,-41.92,-0.22,-41.06,1.88,63.72,扣非亏损,扣非亏损,亏损
000795.SZ,英洛华,54.64,53.89,5.59,7.27,7.72,5.76,0.44,0.0,19.78,7.17,390.49,1.88,,30.75,28.71,14.83,14.16
000796.SZ,凯撒旅业,-318.61,-34.13,8.98,-2.7,-1.78,-0.62,,0.0,22.04,-2.71,83.01,5.08,,51.33,扣非亏损,扣非亏损,亏损
000797.SZ,中国武夷,81.56,60.09,0.97,1.31,0.91,2.64,0.33,0.0,29.88,4.02,5479.35,8.19,0.08,74.56,7.33,91.57,179.26
000798.SZ,中水渔业,137.02,-21.03,6.03,2.32,3.42,1.93,,0.0,3.51,1.35,176.98,16.82,,74.9,扣非亏损,扣非转亏,80.13
000799.SZ,酒鬼酒,266.01,171.05,5.0,1.22,1.31,0.19,1.37,0.0,71.81,4.74,-89.27,-44.41,,20.52,-3.85,280.11,406.12
000800.SZ,一汽解放,90.05,-424.04,1.81,0.27,1.51,-0.7,1.76,0.0,6.72,0.81,-23.07,-6.21,,65.89,扣非亏损,扣非转亏,119.27
000801.SZ,四川九洲,88.85,119.75,4.77,2.54,4.03,2.38,1.3,0.0,22.36,5.61,-14.26,-3.76,,51.51,-31.88,94.14,44.1
000802.SZ,北京文化,-93.5,-26.27,4.11,-3.86,-3.24,-0.87,,0.0,23.61,-40.17,-5.11,-28.06,7.76,53.51,扣非亏损,扣非亏损,亏损
000803.SZ,山高环能,-144.93,-33.42,1.62,-1.61,-0.83,1.68,,0.0,18.52,-1.97,-227.39,-32.06,41.59,72.75,扣非亏损,扣非亏损,亏损
000809.SZ,*ST和展,-19.32,-19.75,0.74,-2.82,-2.8,-1.13,,0.0,5.22,-109.93,7.84,447.61,,19.4,扣非亏损,扣非亏损,亏损
000810.SZ,创维数字,49.07,46.29,2.41,3.15,3.68,1.62,0.95,0.0,14.36,3.44,-52.7,-13.24,1.43,42.31,-3.5,29.43,26.67
000811.SZ,冰轮环境,13.47,18.39,1.45,7.65,8.31,5.1,0.74,0.0,27.34,10.23,-19.24,-11.14,12.97,45.87,-1.65,4.81,3.24
000812.SZ,陕西金叶,45.71,69.21,1.96,2.82,3.24,2.93,0.4,0.0,27.95,6.14,33.35,17.29,19.34,64.5,4.0,49.15,28.21
000813.SZ,德展健康,634.27,-162.03,1.32,0.09,0.15,-0.97,,0.0,61.46,-2.35,123.13,5.77,5.61,2.63,扣非亏损,扣非转亏,8456.91
000815.SZ,美利云,-537.66,-471.72,3.84,-0.5,-0.53,0.32,,0.0,11.74,-1.2,69.09,-4.83,,30.25,扣非亏损,扣非亏损,亏损
000816.SZ,智慧农业,100.16,-52.5,1.94,1.03,1.47,2.39,,0.0,20.2,6.55,304.75,1.61,,29.99,扣非亏损,扣非转亏,136.27
000818.SZ,航锦科技,248.77,235.48,4.01,0.97,1.11,2.44,0.16,0.0,16.62,3.16,-57.91,25.24,23.98,60.59,9.33,483.88,448.24
000819.SZ,岳阳兴长,74.68,79.4,3.33,3.04,3.42,2.76,0.55,0.0,17.52,2.21,-9.56,29.59,0.01,22.91,2.68,52.28,43.67
000820.SZ,神雾节能,-121.82,-136.67,39.94,-22.64,-21.76,-5.58,,0.0,9.78,-11.0,27.77,113.95,108.18,73.38,扣非亏损,扣非亏损,亏损
000821.SZ,京山轻机,15.39,22.32,2.2,9.89,11.25,3.39,0.55,0.0,19.02,7.45,27.46,34.43,15.48,71.69,0.65,4.51,2.74
000822.SZ,山东海化,22.67,10.08,0.99,2.61,3.29,2.69,1.46,0.0,14.55,3.56,-77.41,-23.61,,37.81,-0.43,7.73,13.78
000823.SZ,超声电子,27.05,26.12,1.16,2.94,3.15,2.46,1.04,0.0,17.19,4.23,10.08,3.47,,36.55,7.52,17.76,17.18
000825.SZ,太钢不锈,-29.88,-10.9,0.67,-2.45,-1.66,-0.64,,0.0,1.15,-0.73,-54.57,-6.34,,48.64,扣非亏损,扣非亏损,亏损
000826.SZ,启迪环境,-2.78,-2.08,1.42,-14.39,-31.98,-2.33,,0.0,26.15,-27.39,-190.42,-3.07,3.2,68.88,扣非亏损,扣非亏损,亏损
000829.SZ,天音控股,530.77,-126.04,4.91,-2.36,0.69,2.31,0.26,0.0,2.66,0.05,-211.73,0.11,29.72,86.93,扣非亏损,扣非亏损,1538.46
000830.SZ,鲁西化工,11.12,12.42,1.28,8.92,8.95,5.85,1.3,0.0,15.89,7.3,183.2,20.27,,48.75,0.61,2.78,2.48
000831.SZ,中国稀土,-135.35,-404.88,8.01,-4.54,-4.31,-4.87,0.29,0.0,11.14,-10.12,-231.77,-45.03,,9.02,扣非亏损,扣非亏损,亏损
000833.SZ,粤桂股份,19.14,23.28,1.64,6.66,6.6,5.37,0.92,0.0,27.11,10.91,406.87,-28.86,,35.62,-0.81,6.99,5.8
000837.SZ,秦川机床,133.61,-244.15,2.08,-0.34,1.17,0.94,0.28,0.0,16.57,2.89,-63.32,2.01,,42.35,扣非亏损,扣非亏损,228.4
000838.SZ,财信发展,-448.64,-9.96,5.35,-0.94,-0.89,0.14,,0.0,8.63,-0.55,-111.56,-77.43,,73.66,扣非亏损,扣非亏损,亏损
000839.SZ,中信国安,77.49,-72.12,11.27,-5.03,11.36,4.8,,0.0,14.8,7.76,3.97,17.79,,88.2,扣非亏损,扣非亏损,13.64
000848.SZ,承德露露,17.1,15.62,3.0,13.32,13.24,12.68,5.1,0.0,41.52,19.41,-5.13,6.1,,16.47,2.56,2.34,2.58
000850.SZ,华茂股份,21.17,65.89,0.99,1.57,3.44,3.06,2.62,0.0,12.69,6.0,102.64,3.88,0.01,35.7,16.97,84.1,12.31
000851.SZ,ST高鸿,-47.21,-2.25,1.4,-7.05,-2.19,-0.39,,0.0,5.54,-4.57,-552.61,-62.78,8.9,49.18,扣非亏损,扣非亏损,亏损
000852.SZ,石化机械,50.75,121.3,1.85,2.05,2.79,1.68,,0.0,15.6,1.85,-7.62,-7.88,,68.55,-15.39,118.49,36.38
000856.SZ,冀东装备,121.83,150.35,4.39,0.63,2.71,1.28,,0.0,7.8,0.62,-79.38,-17.24,,79.38,-8.72,474.96,89.91
000858.SZ,五粮液,18.27,18.86,4.45,18.68,18.33,19.2,3.33,0.0,77.06,38.2,9.19,8.6,0.0,18.99,2.19,2.02,1.99
000859.SZ,国风新材,-50.95,-55.91,1.87,-2.87,-2.71,-1.9,,0.0,3.97,-4.63,-141.29,0.9,,31.69,扣非亏损,扣非亏损,亏损
000860.SZ,顺鑫农业,31.1,153.06,2.21,5.47,5.48,4.34,,0.0,36.26,5.32,230.64,-16.92,,48.96,-9.04,55.94,11.35
000862.SZ,银星能源,20.92,45.41,1.22,3.92,4.48,3.46,,0.0,36.0,21.17,9.48,-11.08,,52.75,-4.1,23.18,9.34
000863.SZ,三湘印象,52.64,105.71,1.01,1.36,1.45,1.94,,0.0,52.19,4.27,41.07,10.18,6.1,33.75,10.39,155.76,72.6
000868.SZ,安凯客车,-782.34,-29.52,6.62,-6.92,-0.63,-0.54,,0.0,10.05,-0.74,39.46,20.08,,72.06,扣非亏损,扣非亏损,亏损
000869.SZ,张裕A,73.53,59.47,1.56,1.79,2.12,2.49,2.09,0.0,59.03,10.21,-49.37,-21.56,1.0,13.11,-2.76,66.34,69.36
000876.SZ,新希望,228.69,-70.6,2.19,0.15,0.45,1.31,,0.0,5.67,0.04,100.97,-27.67,3.23,70.85,扣非亏损,扣非转亏,1016.38
000877.SZ,天山股份,-9.33,-14.92,0.58,-5.01,-4.57,-0.42,1.71,0.0,13.37,-6.66,-930.47,-23.55,27.65,67.4,扣非亏损,扣非亏损,亏损
000880.SZ,潍柴重机,18.87,23.46,1.79,6.44,7.27,2.0,1.69,0.0,12.09,5.14,7.86,0.37,,64.38,63.43,7.29,5.19
000881.SZ,中广核技,-43.8,-7.85,1.44,-3.86,-2.44,-0.48,,0.0,12.5,-2.89,-22.68,-1.92,6.31,47.95,扣非亏损,扣非亏损,亏损
000882.SZ,华联股份,143.98,-4311.45,0.84,0.11,0.42,1.79,,0.0,54.82,3.02,77.26,8.63,0.76,46.45,扣非亏损,扣非转亏,685.63
000883.SZ,湖北能源,10.12,13.56,0.97,7.33,7.38,4.43,2.13,0.0,29.24,18.27,44.66,6.73,2.19,58.34,2.01,3.7,2.74
000885.SZ,城发环境,7.86,8.78,1.1,10.87,11.0,5.5,2.22,0.0,42.87,20.43,-1.66,-1.87,0.08,69.0,-4.7,1.61,1.43
000886.SZ,海南高速,123.15,127.06,2.16,1.48,1.31,1.39,1.22,0.0,14.78,28.67,365.2,121.2,1.4,12.72,1.05,171.2,188.01
000887.SZ,中鼎股份,12.87,15.06,1.41,7.63,8.4,6.31,1.62,0.0,22.3,7.3,30.43,13.47,18.92,46.45,1.12,3.95,3.06
000888.SZ,峨眉山A,22.54,33.68,2.79,9.51,9.55,8.42,2.24,0.0,53.12,27.21,-6.0,-1.97,,25.59,-17.14,7.08,4.72
000889.SZ,ST中嘉,-66.27,-40.67,18.12,-19.09,-18.6,-2.44,,0.0,8.88,-2.14,15.92,1.71,97.62,86.75,扣非亏损,扣非亏损,亏损
000890.SZ,法尔胜,-28.38,-5.37,20.23,-77.34,-76.7,-2.06,,0.0,5.9,-20.43,-74.85,-22.63,53.71,85.25,扣非亏损,扣非亏损,亏损
000892.SZ,欢瑞世纪,-44.46,-8.53,3.0,-4.98,-4.97,-4.37,,0.0,70.46,-35.81,-240.38,-48.65,,40.52,扣非亏损,扣非亏损,亏损
000893.SZ,亚钾国际,29.66,26.16,1.76,4.5,4.53,3.5,,0.0,49.12,19.94,-48.79,-14.13,,25.14,-1.85,11.63,13.09
000897.SZ,津滨发展,8.79,10.77,1.42,12.88,12.87,7.44,,0.0,32.99,22.27,-24.81,-24.22,,44.25,-0.44,1.67,1.37
000898.SZ,鞍钢股份,-3.56,-3.85,0.49,-9.75,-9.73,-4.92,,0.0,-3.55,-6.38,-138.35,-7.78,,48.81,扣非亏损,扣非亏损,亏损
000899.SZ,赣能股份,10.28,12.58,1.55,11.27,11.64,5.22,1.95,0.0,16.71,12.47,41.62,-5.17,,64.23,-2.43,2.23,1.77
000900.SZ,现代投资,12.02,13.17,0.59,3.22,3.25,2.45,3.83,0.0,25.48,8.64,-4.22,-4.12,2.41,75.39,-3.2,8.19,7.4
000901.SZ,航天科技,-741.76,-161.81,2.55,-0.53,-0.26,1.3,,0.0,17.98,-0.06,-248.97,5.74,8.53,48.55,扣非亏损,扣非亏损,亏损
000902.SZ,新洋丰,11.34,13.31,1.64,10.75,11.15,8.03,2.63,0.0,16.1,9.04,10.57,4.05,,38.92,3.28,2.48,2.03
000903.SZ,云内动力,-14.47,-5.2,2.37,-12.25,-11.62,-1.52,,0.0,7.9,-7.9,14.32,-3.66,18.44,77.79,扣非亏损,扣非亏损,亏损
000906.SZ,浙商中拓,7.83,37.42,0.91,1.07,7.9,2.79,4.79,0.0,1.11,0.37,-87.95,-3.03,0.08,81.06,-12.36,70.24,1.98
000908.SZ,*ST景峰,-29.85,-16.99,-27.17,,,-7.76,,0.0,59.93,-36.32,20.87,-46.79,-0.04,125.43,扣非亏损,,
000909.SZ,ST数源,33.17,-6.06,1.79,-5.79,4.13,3.81,,0.0,52.64,22.08,-89.6,-60.01,,53.21,扣非亏损,扣非亏损,16.06
000910.SZ,大亚圣象,23.21,20.99,0.62,1.78,1.99,1.58,2.38,0.0,25.93,3.36,-45.59,-15.39,2.72,24.62,-1.36,23.64,23.33
000911.SZ,广农糖业,-82.12,-44.51,42.89,-59.34,-29.2,1.91,,0.0,11.71,-1.43,-41855.18,3.04,,95.54,扣非亏损,扣非亏损,亏损
000912.SZ,泸天化,41.46,-100.61,1.07,0.62,1.95,1.1,,0.0,12.62,3.04,-75.05,-21.19,,38.56,扣非亏损,扣非转亏,42.52
000917.SZ,电广传媒,149.39,91.05,1.18,0.43,0.59,1.99,0.36,0.0,27.51,5.66,-17.62,-6.23,4.46,32.83,-14.62,422.2,506.41
000919.SZ,金陵药业,45.02,88.01,1.13,1.34,2.34,1.58,1.27,0.0,20.26,3.25,-44.81,5.51,0.62,17.15,15.96,131.83,38.48
000921.SZ,海信家电,11.76,16.96,2.96,16.14,19.56,7.1,4.97,0.0,21.12,5.9,10.99,8.75,1.24,73.28,1.94,2.1,1.2
000922.SZ,佳电股份,26.41,28.19,2.22,5.86,6.37,3.29,1.97,0.0,21.8,7.0,-24.07,-3.23,,62.23,-8.72,9.62,8.29
000923.SZ,河钢资源,13.98,12.81,1.12,6.23,6.13,5.12,3.57,0.0,62.48,16.74,-12.99,16.73,,24.0,0.77,4.11,4.56
000926.SZ,福星股份,213.36,85.27,0.39,0.38,0.14,0.61,0.24,0.0,24.8,0.61,-61.05,-48.6,,63.74,-1.75,449.38,3048.07
000927.SZ,中国铁物,29.99,37.86,1.88,4.74,4.8,2.59,0.37,0.0,4.8,1.63,-13.88,-14.33,0.14,53.24,-2.64,15.97,12.5
000928.SZ,中钢国际,11.78,13.06,1.23,7.21,7.9,3.06,4.56,0.0,12.39,5.3,32.55,-26.56,,66.96,-0.49,3.62,2.98
000929.SZ,兰州黄河,-31.62,-32.24,2.98,-4.47,-6.82,-5.72,,0.0,18.45,-33.08,-110.3,-10.41,,17.35,扣非亏损,扣非亏损,亏损
000930.SZ,中粮科技,877.1,-35.13,1.07,-0.38,0.09,1.19,,0.0,7.44,0.14,89.24,2.74,3.36,36.56,扣非亏损,扣非亏损,19491.11
000931.SZ,中关村,57.55,93.81,2.5,2.57,3.31,3.8,,0.0,57.91,3.35,19.97,14.96,12.47,52.44,6.27,73.13,34.77
000932.SZ,华菱钢铁,14.01,15.21,0.62,2.8,3.27,2.41,4.47,0.0,6.97,2.47,-62.65,-7.15,,58.81,-2.13,10.87,8.57
000933.SZ,神火股份,9.37,8.53,2.04,16.46,17.14,9.48,4.76,0.0,24.54,14.42,-15.68,-1.1,0.05,53.38,-7.74,1.04,1.09
000935.SZ,四川双马,40.2,24.86,1.78,3.0,3.31,3.3,1.9,0.0,48.8,32.94,-64.94,-7.61,,9.67,-3.26,16.59,24.29
000938.SZ,紫光股份,38.26,45.72,5.97,5.85,4.92,2.83,0.72,0.0,17.59,3.44,6.91,6.56,84.54,80.55,6.97,15.63,15.55
000948.SZ,南天信息,111.68,110.53,3.14,2.05,2.11,0.64,0.8,0.0,12.78,0.78,8.23,2.44,0.31,68.73,45.36,108.07,105.85
000949.SZ,新乡化纤,24.89,54.82,1.02,3.25,3.36,2.63,,0.0,11.67,3.56,2782.73,1.02,,50.79,53.88,33.76,14.82
000950.SZ,重药控股,25.41,25.33,0.87,2.45,2.57,2.09,1.01,0.0,7.44,0.68,-40.86,2.24,9.63,76.6,11.3,20.72,19.78
000952.SZ,广济药业,-9.99,-8.53,1.76,-13.39,-12.35,-4.3,,0.0,23.01,-37.31,-144.53,-11.54,,60.87,扣非亏损,扣非亏损,亏损
000953.SZ,河化股份,20.68,-287.95,15.1,1.05,75.04,28.3,,0.0,14.01,47.74,133.55,10.16,,55.36,扣非亏损,扣非转亏,0.55
000955.SZ,欣龙控股,-145.31,-74.42,4.13,-2.9,-2.11,-1.46,,0.0,8.29,-3.92,28.45,-3.85,,16.28,扣非亏损,扣非亏损,亏损
000957.SZ,中通客车,26.07,34.12,2.34,6.19,6.93,2.3,0.38,0.0,16.74,4.61,238.19,51.88,,65.07,0.66,11.02,7.52
000958.SZ,电投产融,45.82,35.72,2.36,3.86,3.9,2.89,1.6,0.0,29.32,26.62,6.71,-7.7,1.86,37.68,-4.64,18.5,23.5
000959.SZ,首钢股份,96.47,-69.62,0.53,0.0,0.41,0.96,0.87,0.0,3.74,0.38,-99.75,-3.59,,59.52,扣非亏损,-29625.13,470.6
000960.SZ,锡业股份,15.61,14.5,1.43,7.54,6.9,5.09,1.82,0.0,11.63,4.61,46.44,-13.21,,41.79,-1.1,3.84,4.52
000962.SZ,东方钽业,33.39,38.0,2.71,5.87,6.28,5.43,,0.0,19.32,17.5,20.45,14.63,,14.05,2.6,12.95,10.63
000965.SZ,天保基建,3301.09,448.59,0.72,-0.03,0.02,0.9,0.64,0.0,15.13,-0.35,98.58,2.98,0.17,54.77,150.29,转盈,330108.92
000966.SZ,长源电力,11.51,22.93,1.29,8.61,8.73,4.2,0.88,0.0,13.55,7.17,42.18,21.15,7.49,71.4,1.08,5.32,2.64
000967.SZ,盈峰环境,19.36,30.84,0.9,3.45,3.44,2.57,2.63,0.0,23.89,6.8,11.12,3.19,29.41,37.74,9.66,17.9,11.26
000968.SZ,蓝焰控股,16.31,16.03,1.13,5.27,5.22,3.86,2.39,0.0,33.61,16.56,-24.65,1.99,,46.49,8.07,6.09,6.25
000969.SZ,安泰科技,26.38,42.51,2.18,4.34,6.4,3.53,0.89,0.0,17.89,6.81,36.1,-3.16,9.2,41.87,-13.44,19.57,8.24
000970.SZ,中科三环,-253.68,-288.19,2.21,-0.95,-0.64,-0.08,0.48,0.0,10.5,-0.92,-130.08,-22.37,0.33,25.5,扣非亏损,扣非亏损,亏损
000972.SZ,中基健康,-42.91,-50.0,15.57,-25.43,-23.96,-1.49,,0.0,13.97,-14.41,-209.61,-13.19,,90.25,扣非亏损,扣非亏损,亏损
000973.SZ,佛塑科技,49.69,55.6,1.94,2.66,2.95,2.66,1.37,0.0,23.84,6.35,436.41,-14.61,0.66,24.73,-3.8,41.85,33.69
000975.SZ,山金国际,20.23,22.1,3.73,14.84,14.41,14.45,1.87,0.0,25.92,15.89,64.21,70.14,3.15,21.08,0.32,2.98,2.81
000977.SZ,浪潮信息,44.11,41.28,4.03,6.27,7.01,1.58,0.39,0.0,6.7,1.54,176.67,72.26,0.0,77.19,0.57,13.16,12.59
000978.SZ,桂林旅游,187.97,-194.07,2.34,0.43,0.94,1.46,,0.0,31.06,0.91,-83.49,-6.67,1.48,45.76,扣非亏损,扣非转亏,399.93
000980.SZ,众泰汽车,-33.53,-17.35,12.43,-27.62,-24.41,-3.92,,0.0,15.77,-84.99,26.86,-27.63,,78.49,扣非亏损,扣非亏损,亏损
000981.SZ,山子高科,-18.36,-12.44,9.48,-23.94,-32.52,-4.67,,0.0,20.64,-22.04,48.75,-7.13,27.25,81.07,扣非亏损,扣非亏损,亏损
000983.SZ,山西焦煤,12.87,12.49,1.33,7.43,7.66,5.66,8.1,0.0,31.94,10.78,-51.3,-18.68,1.5,46.05,-0.67,3.36,3.36
000985.SZ,大庆华科,65.72,57.24,4.45,5.23,5.08,4.96,0.11,0.0,7.73,2.07,305.17,4.41,,21.27,12.99,21.9,25.87
000987.SZ,越秀资本,18.8,28.59,1.47,4.12,5.92,1.0,2.82,0.0,61.76,84.73,-36.46,3.05,,79.04,9.36,13.89,6.35
000988.SZ,华工科技,32.01,47.13,4.03,8.12,9.86,5.28,0.5,0.0,20.98,10.44,3.23,23.42,0.0,49.08,2.01,11.6,6.49
000989.SZ,ST九芝,20.2,29.69,1.71,5.61,6.19,5.38,3.95,0.0,59.03,11.61,-19.82,-12.94,3.58,28.23,-2.29,10.59,6.53
000990.SZ,诚志股份,34.8,49.04,0.57,1.09,1.23,2.01,0.61,0.0,15.7,3.67,39.09,-17.76,36.04,30.2,-2.76,89.88,56.58
000993.SZ,闽东电力,28.48,152.36,1.75,4.65,4.63,4.36,1.96,0.0,51.69,25.27,-63.51,-67.74,1.66,30.15,-2.25,65.52,12.3
000995.SZ,皇台酒业,90.33,-431.89,18.75,2.33,16.97,5.77,,0.0,65.9,19.77,-9.42,0.57,,69.89,扣非亏损,扣非转亏,10.65
000997.SZ,新大陆,19.49,20.96,3.04,12.27,12.16,7.1,2.55,0.0,38.03,17.71,-7.75,-5.27,9.73,41.58,-3.98,3.42,3.21
000998.SZ,隆平高科,-24.1,72.38,3.36,-17.23,-9.38,-2.04,0.35,0.0,28.24,-29.72,-113.21,-14.46,52.14,69.3,-5.01,扣非亏损,亏损
000999.SZ,华润三九,21.2,19.86,3.06,13.94,14.99,9.82,3.02,0.0,52.68,16.44,19.48,6.08,19.66,36.07,3.26,2.85,2.83
001201.SZ,东瑞股份,-42.32,-25.37,1.29,-2.26,-2.24,-0.44,,0.0,20.9,-7.27,81.59,32.06,,44.69,扣非亏损,扣非亏损,亏损
001202.SZ,炬申股份,19.02,22.59,2.32,8.9,9.03,7.8,1.71,0.0,20.57,9.47,55.94,-2.87,0.02,44.63,-7.88,5.08,4.21
001205.SZ,盛航股份,21.37,20.78,2.21,7.09,7.66,5.34,0.73,0.0,27.61,14.39,8.53,28.82,4.59,59.44,0.72,5.86,5.58
001208.SZ,华菱线缆,43.08,57.37,3.1,4.39,5.51,2.58,0.54,0.0,11.61,2.78,55.11,20.7,,67.7,2.77,26.16,15.64
001209.SZ,洪兴股份,19.5,42.93,1.45,2.68,5.64,5.63,0.56,0.0,34.28,6.19,-35.02,12.21,0.04,28.87,3.51,32.04,6.91
001211.SZ,双枪科技,70.47,-94.17,1.55,0.74,1.64,1.38,,0.0,32.08,1.53,170.47,37.12,0.73,52.49,扣非亏损,扣非转亏,85.94
001212.SZ,中旗新材,55.17,60.43,1.77,2.06,2.22,1.52,0.63,0.0,18.82,9.48,-46.63,-24.54,,23.76,-2.46,58.73,49.7
001213.SZ,中铁特货,25.37,33.72,1.02,2.85,3.04,3.37,1.38,0.0,10.06,7.28,-6.25,2.74,,10.94,12.32,23.67,16.69
001215.SZ,千味央厨,34.24,30.56,2.08,5.42,4.68,4.97,0.36,0.0,24.25,5.93,-1.25,2.7,0.61,22.3,11.32,11.27,14.63
001216.SZ,华瓷股份,15.69,19.17,2.09,9.26,10.27,9.36,1.99,0.0,33.94,17.14,20.95,9.34,,17.51,2.05,4.14,3.06
001217.SZ,华尔泰,32.53,25.99,1.55,3.39,3.6,2.56,0.71,0.0,14.26,6.65,-14.08,-8.16,,36.92,-3.19,15.35,18.07
001218.SZ,丽臣实业,21.6,22.16,1.01,3.27,3.52,2.33,3.01,0.0,11.42,2.95,-28.08,8.52,,20.05,2.6,13.54,12.27
001219.SZ,青岛食品,27.19,38.44,3.09,7.52,8.68,10.36,1.3,0.0,37.41,21.91,20.39,4.96,,7.59,7.75,10.23,6.26
001222.SZ,源飞宠物,15.58,18.05,1.95,9.3,9.63,8.45,1.36,0.0,22.56,15.17,13.64,27.29,,12.92,0.66,3.88,3.24
001223.SZ,欧克科技,33.5,90.32,1.38,2.37,3.04,2.67,1.3,0.0,35.68,18.08,-17.87,10.61,,7.54,8.51,76.34,22.04
001225.SZ,和泰机电,40.23,37.32,1.61,2.52,2.98,2.1,3.19,0.0,37.62,23.56,-48.89,-37.44,,7.76,-1.0,29.59,27.0
001226.SZ,拓山重工,91.25,-430.52,2.53,0.83,2.1,1.57,1.12,0.0,12.21,3.37,210.57,19.29,,37.33,扣非亏损,扣非转亏,86.9
001227.SZ,兰州银行,7.46,8.37,0.51,4.14,4.61,,3.85,0.0,,25.33,-1.37,-3.02,,92.78,-2.77,4.05,3.24
001228.SZ,永泰运,18.43,32.54,1.28,4.13,5.08,3.46,1.89,0.0,10.12,3.24,-41.34,88.11,12.04,53.93,0.37,15.77,7.26
001229.SZ,魅视科技,38.91,37.82,2.8,5.03,5.33,5.14,1.69,0.0,76.02,44.41,-16.47,-15.99,,5.01,-2.37,15.05,14.6
001230.SZ,劲旅环境,15.51,17.1,1.3,5.96,6.37,5.32,1.49,0.0,26.09,11.45,40.19,10.79,,38.07,1.58,5.74,4.87
001236.SZ,弘业期货,554.22,680.06,6.53,0.75,0.89,,0.04,0.0,,0.83,2338.26,82.17,,84.51,8.28,1812.52,1245.43
001238.SZ,浙江正特,69.79,257.55,2.64,3.23,2.87,1.49,0.29,0.0,26.49,3.21,-32.89,10.69,,27.01,24.1,159.72,48.63
001239.SZ,永达股份,70.03,63.72,3.32,3.29,3.62,3.02,,0.0,20.36,10.56,-24.49,-28.48,,41.19,-2.24,38.75,38.69
001255.SZ,博菲电气,117.55,-894.99,2.68,1.27,1.67,1.36,0.24,0.0,25.55,5.26,-76.83,-0.75,0.64,32.35,扣非亏损,扣非转亏,140.77
001256.SZ,炜冈科技,22.35,25.91,2.11,6.72,7.15,6.09,1.08,0.0,33.25,20.97,41.87,23.01,,19.99,1.13,7.72,6.25
001258.SZ,立新能源,36.47,100.73,2.1,4.38,4.35,2.66,0.99,0.0,55.74,15.86,-34.22,1.84,0.0,76.62,54.77,45.97,16.77
001259.SZ,利仁科技,119.36,115.32,2.23,1.31,1.36,0.07,1.41,0.0,29.14,3.43,-39.09,-16.98,,9.6,-6.79,176.05,175.54
001260.SZ,坤泰股份,33.92,36.61,2.33,5.16,5.23,4.95,0.57,0.0,27.38,9.06,16.68,32.65,,22.55,1.12,14.19,12.97
001266.SZ,宏英智能,-143.86,-63.43,2.33,-1.96,-1.18,-0.96,0.68,0.0,23.0,-3.08,-82.29,46.97,,29.91,扣非亏损,扣非亏损,亏损
001267.SZ,汇绿生态,172.34,113.68,3.97,1.72,1.73,1.61,0.76,0.0,24.45,7.48,21.81,-9.17,,42.77,-12.4,132.0,199.24
001268.SZ,联合精密,29.56,31.25,1.99,4.98,4.98,4.71,1.0,0.0,21.41,9.28,8.67,7.94,,20.8,3.94,12.55,11.87
001269.SZ,欧晶科技,-18.55,-33.66,4.34,-14.64,-13.78,-7.27,2.24,0.0,5.43,-27.66,-140.4,-65.27,,47.72,扣非亏损,扣非亏损,亏损
001270.SZ,铖昌科技,-255.96,-601.06,7.9,-3.03,-2.29,-3.18,0.32,0.0,52.04,-31.4,-191.29,-41.22,,7.35,扣非亏损,扣非亏损,亏损
001277.SZ,速达股份,19.03,16.12,1.92,9.68,11.69,7.36,,0.0,24.99,13.21,15.48,0.26,,30.81,61.23,3.33,3.26
001278.SZ,一彬科技,35.46,32.01,1.56,2.82,3.32,1.79,0.39,0.0,20.31,2.68,-36.44,10.3,,60.13,3.11,22.7,21.36
001279.SZ,强邦新材,90.64,,13.15,11.27,11.63,7.22,,0.0,12.42,6.22,,6.28,,36.54,,,15.59
001282.SZ,三联锻造,24.05,23.24,2.19,6.68,6.93,5.62,0.92,0.0,20.1,9.25,44.28,28.85,,27.73,0.81,6.96,6.94
001283.SZ,豪鹏科技,36.83,77.6,1.68,2.4,3.06,1.32,0.92,0.0,19.64,2.05,-36.94,25.87,,71.48,3.0,64.54,24.07
001286.SZ,陕西能源,11.28,13.43,1.53,10.36,10.42,7.87,4.21,0.0,37.92,22.82,12.33,18.6,0.63,53.16,0.72,2.59,2.17
001287.SZ,中电港,78.81,58.63,3.07,2.74,2.93,2.9,0.41,0.0,2.85,0.39,160.3,57.65,,79.09,1.02,42.77,53.79
001288.SZ,运机集团,43.67,43.97,2.48,3.81,3.98,2.97,1.49,0.0,30.93,9.71,22.28,35.22,0.44,46.73,1.25,23.08,21.95
001289.SZ,龙源电力,20.67,28.57,2.09,7.13,7.55,4.29,1.12,0.0,35.09,23.34,-15.83,-6.39,0.22,64.93,-4.47,8.01,5.48
001296.SZ,长江材料,19.77,19.69,1.41,5.17,5.39,5.3,1.7,0.0,25.69,13.11,2.34,8.87,,16.34,2.22,7.62,7.34
001298.SZ,好上好,152.33,282.66,3.96,1.65,1.97,3.15,0.67,0.0,4.38,0.57,-53.44,22.27,,45.22,12.69,343.15,154.65
001299.SZ,美能能源,34.48,33.39,1.98,3.7,4.1,3.4,1.93,0.0,17.93,12.37,15.01,18.25,,23.72,1.83,18.07,16.82
001300.SZ,三柏硕,112.19,-68.6,2.93,1.11,1.98,1.31,,0.0,23.78,5.17,204.49,37.66,,17.81,扣非亏损,扣非转亏,113.32
001301.SZ,尚太科技,24.66,25.9,3.14,9.76,9.85,9.7,2.18,0.0,25.2,15.96,3.69,14.16,,25.83,1.83,5.31,5.01
001306.SZ,夏厦精密,57.88,62.43,2.8,3.2,3.62,2.84,0.71,0.0,24.15,10.35,-2.71,21.25,,28.76,2.94,39.05,31.98
001308.SZ,康冠科技,19.86,17.65,2.06,6.29,7.89,3.61,2.14,0.0,13.2,4.88,-46.86,33.05,,55.85,0.53,5.61,5.03
001309.SZ,德明利,22.93,24.06,8.27,30.02,31.52,13.66,0.14,0.0,23.13,11.73,439.19,268.45,,69.55,0.09,1.6,1.45
001311.SZ,多利科技,15.34,15.93,1.56,7.66,7.67,7.26,1.66,0.0,22.12,13.68,-10.19,-9.42,,19.0,-1.69,4.16,4.0
001313.SZ,粤海饲料,-59.66,-193.69,2.07,-2.9,-2.56,-1.91,0.58,0.0,11.09,-1.58,-197.47,-16.24,0.78,47.42,扣非亏损,扣非亏损,亏损
001314.SZ,亿道信息,222.85,178.85,3.04,0.53,1.02,0.05,0.46,0.0,15.06,0.88,-85.69,22.58,,38.65,7.92,669.47,436.95
001316.SZ,润贝航科,27.3,30.42,2.21,6.22,6.13,6.29,1.85,0.0,27.83,10.58,-4.68,10.68,0.77,11.32,2.85,9.79,8.91
001317.SZ,三羊马,148.29,260.2,2.83,0.9,1.35,1.74,0.34,0.0,7.6,1.43,-48.27,16.89,,50.65,15.41,577.01,219.69
001318.SZ,阳光乳业,29.02,29.42,2.4,6.64,6.0,5.26,1.08,0.0,36.95,21.97,-4.06,-8.72,,4.7,-3.37,8.86,9.67
001319.SZ,铭科精技,36.03,37.21,2.92,5.56,6.1,5.37,1.49,0.0,29.01,11.49,13.01,7.86,,22.17,4.73,13.37,11.81
001322.SZ,箭牌家居,201.41,65.4,1.77,0.02,0.64,0.81,1.11,0.0,26.42,0.61,-99.61,-8.49,,49.48,-7.7,6318.51,629.4
001324.SZ,长青科技,36.04,49.09,2.13,3.69,4.48,4.14,1.32,0.0,33.34,14.95,-26.12,-15.24,,15.14,-3.22,26.63,16.09
001328.SZ,登康口腔,33.22,46.68,3.7,6.56,8.27,6.77,2.3,0.0,49.25,11.2,6.4,4.12,,27.66,11.33,14.23,8.03
001330.SZ,博纳影业,-19.55,-13.07,1.59,-6.64,-5.89,-1.4,,0.0,-2.6,-37.03,8.43,-27.35,1.65,60.01,扣非亏损,扣非亏损,亏损
001331.SZ,胜通能源,71.03,78.15,1.52,1.16,1.59,0.27,0.57,0.0,1.07,0.65,130.24,12.43,,23.37,6.29,135.13,89.34
001333.SZ,光华股份,18.73,21.95,1.47,5.88,5.96,4.13,1.63,0.0,14.31,7.65,2.98,12.94,,34.03,1.7,7.46,6.28
001338.SZ,永顺泰,18.55,21.78,1.53,6.18,6.35,5.53,0.87,0.0,11.41,6.63,120.56,-11.79,,18.52,-1.85,7.05,5.84
001358.SZ,兴欣新材,35.16,42.48,2.01,3.74,4.19,3.85,2.5,0.0,31.66,18.54,-55.89,-33.92,,5.01,-1.25,22.7,16.78
001359.SZ,平安电工,21.58,,2.64,11.2,11.03,10.99,,0.0,36.05,21.08,,14.75,,16.51,,,3.91
001360.SZ,南矿集团,35.15,39.3,2.16,4.13,4.62,3.42,1.29,0.0,33.2,11.52,-23.14,-11.34,,31.91,-3.47,19.02,15.22
001366.SZ,播恩集团,-95.94,-233.05,2.25,-1.97,-1.72,-1.62,0.73,0.0,14.04,-2.0,-166.88,-34.39,,19.95,扣非亏损,扣非亏损,亏损
001367.SZ,海森药业,26.78,26.43,2.38,6.75,6.81,6.24,1.14,0.0,41.37,27.17,22.87,13.02,,6.89,2.03,7.83,7.86
001368.SZ,通达创智,20.75,25.46,1.64,5.27,5.96,5.1,3.19,0.0,27.15,11.73,2.47,23.66,,18.32,1.08,9.65,6.96
001373.SZ,翔腾新材,132.97,136.92,2.2,1.24,1.22,1.18,0.45,0.0,12.85,3.12,-63.1,-6.23,,14.2,-21.97,220.69,217.98
001378.SZ,德冠新材,32.78,34.64,1.67,3.77,3.83,2.75,1.16,0.0,13.65,6.39,-25.31,29.45,,16.77,1.18,18.39,17.12
001379.SZ,腾达科技,78.68,99.72,4.16,4.25,4.29,3.87,,0.0,7.56,4.3,-35.4,-1.73,,31.59,-57.67,46.9,36.68
001380.SZ,华纬科技,21.82,22.33,2.76,9.2,9.87,7.26,1.64,0.0,25.01,12.81,45.08,45.86,,32.49,0.49,4.85,4.42
001387.SZ,雪祺电气,38.12,29.02,2.36,5.44,5.58,3.46,,0.0,12.13,3.98,-44.98,-17.05,,38.7,-1.7,10.66,13.66
001389.SZ,广合科技,29.67,32.58,6.78,20.39,19.86,12.37,,0.0,33.3,18.37,51.34,36.69,,43.9,0.89,3.2,2.99
001696.SZ,宗申动力,58.2,95.65,6.18,7.57,7.99,5.07,3.77,0.0,14.18,5.75,2.3,26.0,20.39,53.23,3.68,25.27,14.57
001872.SZ,招商港口,10.17,13.72,0.83,5.6,6.22,4.89,3.63,0.0,44.73,60.06,11.77,3.5,4.79,35.72,3.92,4.9,3.27
001896.SZ,豫能控股,-56.11,-48.5,2.13,-3.78,-2.82,1.75,,0.0,7.48,-0.98,81.48,6.92,,88.88,扣非亏损,扣非亏损,亏损
001914.SZ,招商积余,14.86,17.19,1.2,5.93,6.19,4.54,1.42,0.0,11.31,5.27,10.2,12.01,30.82,45.6,1.43,5.8,4.8
001965.SZ,招商公路,14.46,16.35,1.25,6.13,6.52,4.05,5.44,0.0,37.96,51.87,-5.43,38.04,0.02,45.42,0.43,5.33,4.44
001979.SZ,招商蛇口,31.38,24.46,1.11,1.46,2.04,0.73,3.36,0.0,9.95,4.38,-43.32,2.88,0.7,68.63,8.51,33.49,30.77
002001.SZ,新和成,13.72,16.05,2.66,14.86,15.22,12.16,2.65,0.0,39.54,25.4,99.03,43.31,0.01,33.56,0.37,2.16,1.8
002004.SZ,华邦健康,15.84,48.75,0.94,4.32,4.47,3.24,4.72,0.0,36.81,6.57,-9.78,0.64,16.65,47.03,76.03,22.58,7.09
002005.SZ,ST德豪,-41.45,-16.74,8.72,-17.1,-14.02,-3.02,,0.0,18.33,-9.05,69.96,-7.53,,63.88,扣非亏损,扣非亏损,亏损
002006.SZ,精工科技,63.71,70.07,4.72,4.7,5.35,2.83,0.98,0.0,24.37,6.19,-50.31,5.51,,54.65,12.72,29.8,23.82
002007.SZ,华兰生物,26.06,27.23,2.74,7.09,8.02,7.39,1.36,0.0,61.77,28.97,-9.75,-10.79,,14.85,-2.52,7.68,6.5
002008.SZ,大族激光,15.08,60.58,1.81,2.43,9.25,4.34,0.97,0.0,34.31,14.52,2.29,7.9,1.88,48.4,7.67,49.86,3.26
002010.SZ,传化智联,48.01,104.14,0.88,1.92,1.36,2.08,2.16,0.0,14.3,1.71,-29.74,-24.76,1.72,55.24,-4.21,108.36,70.6
002011.SZ,盾安环境,14.31,14.99,2.42,13.17,13.6,6.75,,0.0,18.19,6.91,0.81,10.54,3.39,55.95,1.42,2.28,2.1
002012.SZ,凯恩股份,106.14,131.19,1.68,0.74,1.2,1.15,0.55,0.0,17.95,7.11,174.19,-36.15,,7.37,-3.63,356.31,176.91
002014.SZ,永新股份,15.54,16.11,2.6,11.8,12.98,9.27,6.59,0.0,22.96,12.09,2.54,2.44,,38.29,6.6,2.73,2.39
002015.SZ,协鑫能科,16.72,49.18,1.15,4.07,5.14,4.12,1.05,0.0,26.05,9.33,60.1,-15.7,0.14,66.27,-3.13,24.16,6.5
002016.SZ,世荣兆业,184.62,-298.57,1.23,0.48,0.5,0.91,0.41,0.0,38.46,5.79,-90.48,-41.61,0.15,27.21,扣非亏损,扣非转亏,738.48
002017.SZ,东信和平,40.34,39.69,3.81,6.55,7.07,4.3,1.44,0.0,31.75,11.25,8.1,1.89,0.06,42.98,20.96,12.12,11.41
002020.SZ,京新药业,14.14,18.36,1.86,8.71,10.11,7.6,2.36,0.0,51.11,18.09,13.16,9.68,5.95,31.73,1.9,4.21,2.8
002021.SZ,中捷资源,132.7,-412.5,5.32,2.15,3.03,1.26,,0.0,16.98,2.62,224.06,21.94,,31.03,扣非亏损,扣非转亏,87.59
002022.SZ,科华生物,-21.29,-8.96,0.89,-3.58,-3.02,-1.42,,0.0,40.04,-7.92,-282.82,-29.09,14.63,20.1,扣非亏损,扣非亏损,亏损
002023.SZ,海特高新,109.7,196.53,2.12,0.97,1.45,2.0,0.55,0.0,34.1,5.37,631.01,24.65,0.57,41.13,7.97,403.8,151.31
002024.SZ,ST易购,23.77,-6.47,1.57,-7.15,5.09,2.33,,0.0,21.65,1.49,72.74,-21.86,13.34,90.95,扣非亏损,扣非亏损,9.34
002025.SZ,航天电器,49.58,55.02,4.16,5.9,6.4,4.29,0.79,0.0,44.36,11.68,-34.27,-23.22,,35.47,-2.37,18.65,15.49
002026.SZ,山东威达,15.97,20.65,1.19,4.94,5.66,4.28,1.18,0.0,24.21,12.46,64.87,-4.32,0.09,26.58,-4.78,8.35,5.64
002028.SZ,思源电气,30.63,35.5,5.18,12.69,13.28,8.77,0.77,0.0,31.42,14.6,26.52,21.28,5.39,44.35,1.67,5.6,4.61
002029.SZ,七匹狼,13.96,48.4,0.67,0.31,3.62,1.91,2.09,0.0,51.93,12.18,-82.67,-7.73,,35.46,-6.26,307.77,7.71
002030.SZ,达安基因,-13.38,-10.88,1.08,-5.03,-5.83,-5.86,0.15,0.0,39.98,-84.85,-487.9,-29.83,,13.84,扣非亏损,扣非亏损,亏损
002031.SZ,巨轮智能,1183.08,-319.3,3.79,-0.08,0.24,1.28,,0.0,17.99,0.33,95.65,64.89,,44.15,扣非亏损,扣非亏损,9859.0
002032.SZ,苏泊尔,22.41,20.73,7.63,23.49,24.46,13.82,5.15,0.0,24.47,8.67,5.26,7.45,,52.87,2.78,1.77,1.83
002033.SZ,丽江股份,19.8,23.95,2.02,7.68,7.39,8.75,4.33,0.0,60.76,34.16,-10.78,-0.96,0.99,12.26,-24.91,6.24,5.36
002035.SZ,华帝股份,13.26,15.74,1.93,10.55,11.07,6.2,4.83,0.0,40.5,8.79,12.0,3.27,2.77,46.49,4.82,2.98,2.4
002036.SZ,联创电子,-195.58,-16.29,4.48,-3.46,-1.67,0.99,,0.0,9.53,-1.15,74.19,9.22,,79.25,扣非亏损,扣非亏损,亏损
002037.SZ,保利联合,-58.46,-5.54,2.36,-3.95,-3.02,0.96,,0.0,19.55,-1.9,-204.06,-15.43,8.15,83.01,扣非亏损,扣非亏损,亏损
002038.SZ,双鹭药业,-347.6,70.61,1.38,1.36,-0.29,-0.71,1.47,0.0,68.41,-3.28,-61.34,-30.4,,4.63,-2.32,103.48,亏损
002040.SZ,南京港,19.87,20.69,1.01,3.63,3.87,4.35,1.43,0.0,45.6,21.58,-0.97,7.32,1.71,21.73,2.83,11.41,10.27
002041.SZ,登海种业,124.38,74.53,2.7,-0.05,1.63,0.77,0.27,0.0,27.31,9.91,-104.02,-11.55,,23.32,-6.46,转盈,152.61
002042.SZ,华孚时尚,107.06,-20.5,1.13,-1.0,0.99,1.07,,0.0,5.08,0.65,-376.34,-15.61,2.39,63.55,扣非亏损,扣非亏损,216.27
002044.SZ,美年健康,601.86,81.21,2.58,0.11,0.32,1.68,0.32,0.0,39.67,1.13,-96.43,-1.96,56.71,55.68,-41.33,1530.85,3761.6
002045.SZ,国光电器,24.24,38.54,1.89,4.98,6.01,2.65,,0.0,13.79,4.29,25.98,31.78,,57.81,1.21,15.49,8.07
002046.SZ,国机精工,23.24,31.44,1.87,4.84,6.12,4.65,1.73,0.0,36.77,11.75,7.41,-11.64,0.47,37.07,-2.7,12.98,7.59
002047.SZ,宝鹰股份,-8.03,-4.43,-24.25,,,-3.07,,0.0,6.17,-28.79,-28.08,-37.78,-2.78,101.89,扣非亏损,,
002048.SZ,宁波华翔,11.38,13.29,0.96,5.56,5.17,4.62,4.86,0.0,15.1,5.38,-15.16,10.55,7.77,54.74,1.26,4.78,4.4
002049.SZ,紫光国微,44.89,44.86,5.04,7.37,8.49,6.05,1.01,0.0,56.81,23.83,-54.37,-24.56,5.63,26.84,-1.83,12.17,10.58
002051.SZ,中工国际,25.25,51.27,0.95,2.07,2.86,2.53,1.54,0.0,17.15,3.76,-49.41,0.37,2.06,50.75,139.96,49.6,17.66
002052.SZ,*ST同洲,-148.92,-60.47,-739.83,-191.56,,-3.06,,0.0,29.46,-10.8,89.46,15.66,-13.7,104.2,扣非亏损,扣非亏损,
002053.SZ,云南能投,15.31,16.73,1.59,7.76,8.01,3.77,1.66,0.0,40.96,21.04,82.73,31.66,,54.27,0.53,4.31,3.82
002054.SZ,德美化工,38.8,61.69,1.11,2.03,2.12,1.29,1.03,0.0,23.12,-1.05,44.91,-3.14,2.74,56.71,-19.66,60.82,36.61
002055.SZ,得润电子,-29.2,-13.62,1.96,-5.88,-4.92,-1.59,,0.0,15.39,-6.35,-569.48,-23.07,14.72,69.98,扣非亏损,扣非亏损,亏损
002056.SZ,横店东磁,19.32,18.71,2.6,9.73,10.3,4.02,2.87,0.0,15.65,6.75,-45.88,-13.85,0.0,55.67,-1.35,3.84,3.75
002057.SZ,中钢天源,30.27,49.56,2.03,4.19,4.97,3.85,2.25,0.0,22.43,9.36,-38.0,-5.43,1.31,31.25,-9.13,23.64,12.18
002058.SZ,威尔泰,-149.72,-98.74,15.49,-8.43,-5.68,-1.63,,0.0,30.3,-5.56,-8.67,16.48,,41.01,扣非亏损,扣非亏损,亏损
002059.SZ,云南旅游,32.5,-13.07,3.7,-10.63,8.93,3.82,,0.0,3.58,28.64,-43.62,21.01,,51.97,扣非亏损,扣非亏损,7.28
002060.SZ,广东建工,17.35,12.08,1.14,4.94,4.9,1.09,3.16,0.0,10.17,1.65,-33.29,-19.39,0.13,89.09,-0.62,4.89,7.08
002061.SZ,浙江交科,10.62,8.63,0.81,5.68,5.74,1.77,3.42,0.0,8.15,2.85,11.63,3.16,,77.18,2.73,3.04,3.7
002062.SZ,宏润建设,14.54,17.78,1.09,5.61,6.05,3.06,2.26,0.0,17.94,7.88,-2.95,-5.53,,68.16,-3.21,6.34,4.81
002063.SZ,远光软件,85.05,42.05,3.58,3.13,3.19,2.48,0.42,0.0,56.99,6.37,-22.94,-1.44,0.97,17.94,-29.28,26.86,53.32
002064.SZ,华峰化学,15.0,16.04,1.54,7.46,7.84,6.1,2.24,0.0,15.6,9.91,4.24,3.51,0.23,25.97,4.57,4.3,3.83
002065.SZ,东华软件,34.74,57.92,1.92,3.22,4.18,2.24,0.81,0.0,23.1,5.16,12.99,10.13,4.69,50.11,5.72,35.96,16.62
002066.SZ,瑞泰科技,49.57,53.67,3.88,4.69,5.94,2.77,0.9,0.0,15.13,2.67,6.41,-0.03,0.42,71.25,-1546.72,22.87,16.69
002067.SZ,景兴纸业,61.49,235.27,0.75,0.14,0.9,1.3,0.74,0.0,6.64,1.21,-62.75,-0.7,,33.43,-335.0,3434.59,136.63
002068.SZ,黑猫股份,-85.73,-78.79,2.12,-2.93,-1.84,0.27,,0.0,4.04,-0.83,67.75,7.45,2.32,62.07,扣非亏损,扣非亏损,亏损
002069.SZ,獐子岛,-76.49,-54.97,52.03,-47.65,-37.69,1.14,,0.0,13.53,-2.05,-256.16,-8.96,1.97,95.72,扣非亏损,扣非亏损,亏损
002072.SZ,凯瑞德,-533.43,-6003.25,35.55,-5.39,-4.88,-2.31,,0.0,2.75,-0.5,-80.71,133.02,,51.86,扣非亏损,扣非亏损,亏损
002073.SZ,软控股份,18.55,21.2,1.51,5.6,6.32,2.88,1.52,0.0,24.32,8.35,82.15,32.67,,65.58,0.65,7.57,5.87
002074.SZ,国轩高科,78.82,353.3,1.72,0.23,1.66,1.2,0.47,0.0,17.98,1.62,12.62,15.6,1.88,74.31,22.65,3103.2,94.96
002076.SZ,星光股份,-941.84,-150.09,7.96,-2.61,-0.64,-0.17,,0.0,37.4,-1.99,38.3,19.52,1.16,49.05,扣非亏损,扣非亏损,亏损
002077.SZ,大港股份,178.43,526.57,2.85,1.11,1.21,1.67,,0.0,9.52,17.01,26.47,-28.53,3.98,20.42,-18.46,950.39,294.93
002078.SZ,太阳纸业,12.32,11.43,1.46,9.64,9.09,6.47,2.47,0.0,16.35,7.97,24.26,6.07,0.07,46.37,1.88,2.37,2.71
002079.SZ,苏州固锝,173.54,169.06,3.14,0.6,1.37,1.65,0.34,0.0,10.47,0.9,-82.3,55.61,0.01,31.56,3.04,559.08,253.34
002080.SZ,中材科技,28.4,29.19,1.26,1.76,3.29,2.07,3.52,0.0,17.81,4.52,-78.4,-8.2,0.18,54.73,-3.56,33.16,17.27
002081.SZ,金螳螂,16.0,16.54,0.74,2.93,3.47,1.57,2.66,0.0,12.93,3.25,-34.6,-11.24,1.38,60.39,-1.47,11.28,9.22
002082.SZ,万邦德,59.2,62.01,1.35,0.16,1.7,1.4,1.25,0.0,40.58,3.37,120.88,5.56,4.66,35.26,11.16,766.01,69.65
002084.SZ,海鸥住工,-338.46,-8.01,1.29,-0.39,-0.28,0.23,0.76,0.0,15.52,-0.2,-213.29,-0.11,,54.19,扣非亏损,扣非亏损,亏损
002085.SZ,万丰奥威,63.05,72.44,6.86,7.32,8.27,5.84,3.04,0.0,17.5,6.48,3.2,-1.97,14.32,46.26,-36.77,19.79,15.25
002086.SZ,东方海洋,-69.65,-10.1,4.18,-5.09,-4.4,-3.0,,0.0,10.3,-28.36,-5.08,-23.77,0.27,20.19,扣非亏损,扣非亏损,亏损
002088.SZ,鲁阳节能,14.01,13.49,2.32,12.27,12.2,10.95,5.61,0.0,29.62,13.45,-12.74,-0.73,,26.26,-18.38,2.2,2.3
002091.SZ,江苏国泰,10.22,9.73,0.8,5.53,5.72,4.52,3.83,0.0,15.12,5.08,-24.03,2.16,0.02,50.15,4.51,3.52,3.57
002092.SZ,ST中泰,-24.44,-5.32,0.51,-1.86,-1.54,0.57,,0.0,16.56,-1.89,65.25,-25.74,0.01,64.04,扣非亏损,扣非亏损,亏损
002094.SZ,青岛金王,65.63,235.15,3.78,4.12,4.43,4.23,,0.0,20.95,4.75,118.02,-41.32,3.13,56.01,-5.69,114.25,29.63
002095.SZ,生意宝,-198.42,-157.51,4.33,-2.71,-1.61,-2.6,0.25,0.0,11.85,-5.9,-471.85,18.41,,21.18,扣非亏损,扣非亏损,亏损
002096.SZ,易普力,23.84,24.93,2.29,7.15,7.37,6.17,1.98,0.0,23.58,8.85,8.54,0.29,11.34,30.88,85.82,6.97,6.47
002097.SZ,山河智能,192.59,-68.09,1.95,-1.07,0.76,1.42,0.82,0.0,27.57,0.21,-11.1,-1.85,,77.87,扣非亏损,扣非亏损,506.81
002098.SZ,浔兴股份,13.41,15.43,2.38,14.21,14.08,10.25,1.65,0.0,33.97,9.26,77.08,29.7,,37.69,0.52,2.17,1.91
002099.SZ,海翔药业,627.3,-28.42,1.83,0.33,0.22,-0.3,,0.0,27.33,0.71,-49.5,-13.85,11.05,28.24,扣非亏损,扣非转亏,5702.72
002100.SZ,天康生物,12.67,-29.72,1.38,8.15,8.46,4.09,,0.0,11.99,4.24,206.35,-11.01,2.1,49.89,扣非亏损,扣非转亏,3.0
002101.SZ,广东鸿图,25.85,26.35,1.2,3.15,3.46,1.9,2.1,0.0,15.62,4.68,-15.12,6.99,10.04,41.73,3.77,16.7,14.94
002102.SZ,能特科技,48.14,-193.39,1.83,2.56,2.9,1.77,,0.0,2.2,1.39,-25.2,17.0,31.31,48.29,扣非亏损,扣非转亏,33.2
002103.SZ,广博股份,24.04,27.16,3.35,9.81,10.66,5.83,,0.0,18.0,6.0,-6.01,-1.45,0.02,48.15,-18.76,5.53,4.51
002104.SZ,恒宝股份,45.86,66.73,2.62,3.2,4.26,4.05,1.69,0.0,34.21,13.4,-42.72,-28.49,,8.12,-2.34,41.69,21.53
002105.SZ,信隆健康,1707.52,-178.07,2.12,-0.32,0.09,0.32,0.46,0.0,16.05,0.05,-129.16,10.68,,44.26,扣非亏损,扣非亏损,37944.84
002106.SZ,莱宝高科,19.41,20.87,1.5,5.8,5.86,3.46,2.35,0.0,16.11,7.02,4.97,4.45,,37.34,4.69,7.2,6.62
002107.SZ,沃华医药,95.99,127.54,4.29,2.86,3.04,2.0,4.12,0.0,72.27,3.49,-61.44,-19.5,4.58,27.97,-6.54,89.23,63.15
002108.SZ,沧州明珠,33.39,61.7,1.21,2.42,2.71,2.29,2.43,0.0,11.93,7.05,-46.66,-1.54,,31.39,-40.09,50.97,24.64
002109.SZ,兴化股份,-10.62,-8.93,0.96,-6.35,-5.75,-2.1,,0.0,-2.78,-11.96,-53.93,0.38,,52.53,扣非亏损,扣非亏损,亏损
002110.SZ,三钢闽光,-5.05,-9.24,0.47,-4.01,-6.74,-2.97,,0.0,3.13,-3.99,-5432.47,-3.47,,63.48,扣非亏损,扣非亏损,亏损
002112.SZ,三变科技,27.67,21.64,4.76,13.37,13.55,4.95,0.29,0.0,19.11,5.27,163.34,54.03,,71.76,0.4,3.24,4.08
002114.SZ,罗平锌电,-20.63,-29.89,2.02,1.9,-7.07,-1.81,,0.0,9.2,-7.32,115.32,-14.54,1.16,57.95,扣非亏损,扣非转亏,亏损
002115.SZ,三维通信,-142.03,-47.82,2.0,-1.93,-1.05,0.91,,0.0,4.61,-0.03,-155.93,-14.29,13.55,45.13,扣非亏损,扣非亏损,亏损
002116.SZ,中国海诚,18.65,17.59,2.21,8.67,8.99,3.2,2.54,0.0,14.96,4.97,13.13,2.05,,60.43,8.57,4.06,4.15
002119.SZ,康强电子,54.86,79.24,4.26,4.51,5.98,3.98,0.22,0.0,12.78,5.34,33.14,13.55,0.09,44.59,5.85,35.18,18.35
002120.SZ,韵达股份,13.3,15.68,1.26,5.96,7.14,5.8,2.28,0.0,9.87,4.04,20.86,8.14,,48.02,1.93,5.26,3.72
002121.SZ,科陆电子,-35.23,-13.66,8.86,-25.18,-17.5,0.3,,0.0,32.02,-6.26,-298.6,-13.15,8.88,89.35,扣非亏损,扣非亏损,亏损
002122.SZ,汇洲智能,68.37,113.42,2.68,2.66,2.98,1.6,,0.0,20.56,9.04,48.61,10.43,0.67,32.29,10.87,85.43,45.89
002123.SZ,梦网科技,231.54,-5.14,5.67,0.79,1.86,1.78,0.23,0.0,8.97,1.14,136.57,-0.76,,58.62,扣非亏损,扣非转亏,248.96
002124.SZ,ST天邦,4.39,-6.69,2.2,4.61,46.45,10.58,,0.0,15.65,18.79,107.92,-1.68,7.19,73.85,扣非亏损,扣非转亏,0.19
002125.SZ,湘潭电化,21.64,23.01,2.41,8.04,8.54,6.1,1.57,0.0,31.08,17.47,5.11,-13.2,,38.48,-1.74,5.73,5.07
002126.SZ,银轮股份,20.49,23.04,2.72,9.47,10.41,4.78,0.54,0.0,20.07,7.41,32.78,15.18,2.6,60.73,1.52,4.87,3.94
002127.SZ,南极电商,117.48,177.43,1.9,0.77,1.0,0.79,2.06,0.0,14.14,2.11,-43.4,16.42,9.71,14.52,10.81,463.56,234.95
002129.SZ,TCL中环,-5.79,-4.84,1.35,-18.17,-15.94,-4.39,1.66,0.0,-8.21,-28.69,-230.39,-53.59,5.75,59.57,扣非亏损,扣非亏损,亏损
002130.SZ,沃尔核材,28.4,30.57,4.65,12.1,12.76,9.02,2.25,0.0,32.84,14.71,36.0,20.13,12.37,39.7,1.52,5.06,4.45
002131.SZ,利欧股份,-66.53,143.3,1.1,1.96,-1.19,-1.18,1.32,0.0,8.71,-1.14,20.23,1.08,2.68,43.68,132.57,146.09,亏损
002133.SZ,广宇集团,-10.58,-7.71,0.57,-3.95,-3.93,-0.13,1.43,0.0,3.29,-3.63,-197.32,-55.02,0.03,64.4,扣非亏损,扣非亏损,亏损
002134.SZ,天津普林,130.7,153.24,11.32,6.04,6.63,2.94,,0.0,17.23,4.64,21.06,88.13,17.52,61.6,1.74,50.76,39.43
002135.SZ,东南网架,25.34,30.04,0.87,2.09,2.56,1.58,1.73,0.0,8.09,1.8,-48.01,-7.5,0.01,67.53,-4.01,28.73,19.79
002136.SZ,安纳达,40.57,140.42,1.83,3.35,3.42,0.36,0.86,0.0,5.58,1.35,-55.11,-14.85,,28.9,-9.46,83.74,23.72
002137.SZ,实益达,102.45,242.21,2.39,1.15,1.77,2.36,,0.0,22.07,8.8,-28.64,0.41,,16.45,584.91,421.02,115.76
002138.SZ,顺络电子,30.17,33.87,4.07,9.82,10.41,7.12,1.11,0.0,37.31,16.77,33.41,14.13,5.0,45.98,2.4,6.9,5.8
002139.SZ,拓邦股份,20.0,21.92,2.25,8.4,8.61,5.35,0.61,0.0,23.71,7.18,42.12,21.04,1.69,46.58,1.04,5.22,4.65
002140.SZ,东华科技,15.2,17.47,1.51,6.9,7.66,2.38,1.29,0.0,8.09,4.85,35.1,7.93,,70.63,2.2,5.06,3.97
002141.SZ,*ST贤丰,737.2,-14.65,1.7,-2.32,0.16,-0.89,,0.0,44.98,-8.8,52.71,-32.72,7.76,16.2,扣非亏损,扣非亏损,9215.0
002142.SZ,宁波银行,6.26,6.39,0.88,9.82,10.88,,2.98,0.0,,40.93,8.33,7.45,0.13,92.72,0.86,1.3,1.15
002144.SZ,宏达高科,21.26,26.29,0.92,3.07,3.25,3.14,1.29,0.0,30.0,14.91,-3.61,14.81,2.91,8.36,1.78,17.13,13.08
002145.SZ,中核钛白,30.03,39.59,1.5,3.22,3.76,2.55,1.13,0.0,18.52,8.68,51.63,43.26,4.67,36.35,0.92,24.63,15.97
002146.SZ,荣盛发展,-5.56,-10.25,0.48,-5.1,-6.41,0.29,,0.0,12.4,-3.06,-748.5,-15.17,0.61,86.08,扣非亏损,扣非亏损,亏损
002148.SZ,北纬科技,190.81,392.09,2.84,0.38,1.11,1.14,0.25,0.0,41.13,7.3,205.08,6.43,,11.52,60.96,2058.21,343.8
002150.SZ,通润装备,36.05,43.66,2.91,5.84,6.27,5.1,0.39,0.0,31.73,6.13,171.74,45.41,11.03,56.93,0.96,14.95,11.5
002151.SZ,北斗星通,-196.77,-37.25,3.05,-2.01,-1.15,-1.67,0.47,0.0,37.03,-9.34,-341.35,-66.17,9.98,12.51,扣非亏损,扣非亏损,亏损
002152.SZ,广电运通,33.85,43.14,2.47,4.55,5.42,3.03,1.63,0.0,31.44,10.97,-17.08,23.93,11.25,45.81,1.8,18.97,12.49
002153.SZ,石基信息,1042.56,-191.14,3.01,0.16,0.22,-0.69,0.1,0.0,46.98,1.87,123.91,8.46,14.7,14.86,扣非亏损,扣非转亏,9477.84
002155.SZ,湖南黄金,22.88,26.17,3.02,10.36,10.32,9.96,1.17,0.0,7.61,3.22,73.55,11.93,0.4,15.87,2.19,5.05,4.43
002156.SZ,通富微电,69.05,66.88,3.52,3.82,3.89,3.06,0.05,0.0,14.33,3.66,438.98,7.38,7.19,59.46,9.06,35.06,35.5
002157.SZ,正邦科技,80.02,-12.53,2.76,-2.74,2.74,2.39,,0.0,12.55,5.08,88.68,0.89,,47.05,扣非亏损,扣非亏损,58.41
002158.SZ,汉钟精机,10.72,11.7,2.54,17.74,18.36,13.03,2.61,0.0,40.74,25.32,6.35,-1.71,0.01,31.96,-6.85,1.32,1.17
002159.SZ,三特索道,14.52,20.08,2.18,12.05,11.78,13.07,1.44,0.0,61.93,29.99,9.59,-4.44,7.04,21.18,-4.52,3.33,2.46
002160.SZ,常铝股份,60.78,48.31,1.13,1.32,1.41,1.86,,0.0,11.8,0.87,268.79,12.11,14.44,55.36,3.99,73.07,86.21
002161.SZ,远望谷,50.47,-1464.04,2.73,-2.95,4.16,3.69,0.33,0.0,41.24,16.85,-46.69,0.24,9.0,44.03,扣非亏损,扣非亏损,24.26
002162.SZ,悦心健康,-82.23,-31.88,3.88,-5.96,-3.41,-0.67,,0.0,21.16,-4.02,6.79,-5.27,1.96,57.58,扣非亏损,扣非亏损,亏损
002163.SZ,海南发展,-25.55,-28.31,6.54,-18.02,-17.51,-4.4,,0.0,6.91,-11.1,-348.71,-3.0,,78.09,扣非亏损,扣非亏损,亏损
002164.SZ,宁波东力,49.51,55.01,2.06,3.0,3.17,2.08,,0.0,19.61,3.95,98.43,-1.95,2.49,40.7,-28.15,36.72,31.24
002166.SZ,莱茵生物,46.71,52.08,2.08,3.39,3.28,3.19,2.57,0.0,28.16,9.06,2789.46,31.61,0.94,36.91,1.65,30.75,28.48
002167.SZ,东方锆业,-110.02,-51.28,4.09,-3.18,-2.9,-1.51,,0.0,9.96,-5.33,-352.67,16.55,1.67,57.74,扣非亏损,扣非亏损,亏损
002168.SZ,ST惠程,-18.19,-17.01,-29.07,,,-7.66,,0.0,15.36,-57.49,2.68,5.43,,104.92,扣非亏损,,
002169.SZ,智光电气,-31.2,-33.61,2.03,-4.12,-4.73,-1.02,1.45,0.0,14.39,-7.21,-543.9,-0.43,0.62,63.76,扣非亏损,扣非亏损,亏损
002170.SZ,芭田股份,27.23,26.84,2.95,8.11,8.18,5.58,2.7,0.0,22.44,8.43,22.15,-3.23,2.71,56.02,-8.3,6.62,6.66
002172.SZ,澳洋健康,50.48,79.44,19.64,31.65,34.16,3.84,,0.0,13.72,2.64,18.21,-7.54,8.88,94.13,-10.54,5.02,2.96
002173.SZ,创新医疗,-118.15,-98.74,2.38,-1.69,-1.5,-1.54,,0.0,10.02,-4.54,-109.87,0.53,0.05,16.96,扣非亏损,扣非亏损,亏损
002175.SZ,东方智造,82.19,153.71,6.05,5.31,5.68,4.87,,0.0,38.81,13.97,282.45,28.12,0.3,24.25,5.47,57.91,28.94
002176.SZ,江特电机,-133.37,-27.23,3.92,-5.13,-2.18,-0.74,,0.0,4.45,-6.85,-22.88,-50.43,1.33,42.38,扣非亏损,扣非亏损,亏损
002177.SZ,御银股份,234.54,274.13,2.31,0.72,0.74,0.3,0.32,0.0,55.88,24.5,83.37,-1.56,,1.61,-175.56,764.33,633.88
002178.SZ,延华智能,-599.15,-166.92,15.86,-4.5,-1.97,-0.63,,0.0,22.92,-1.53,-1681.5,-12.26,,56.67,扣非亏损,扣非亏损,亏损
002179.SZ,中航光电,28.61,33.6,4.3,11.46,11.89,7.77,1.54,0.0,36.61,18.83,-13.76,-8.23,0.29,36.98,-4.08,5.86,4.81
002180.SZ,纳思达,30.2,-7.4,4.2,6.87,10.89,6.6,,0.0,32.82,6.78,152.84,8.07,47.13,71.35,扣非亏损,扣非转亏,5.55
002181.SZ,粤传媒,-99.14,-72.86,1.21,-1.12,-0.9,-0.33,1.17,0.0,27.61,-9.23,-643.83,7.54,,19.16,扣非亏损,扣非亏损,亏损
002182.SZ,宝武镁业,54.33,46.51,2.09,2.34,2.88,2.06,0.66,0.0,11.48,2.41,-33.73,14.09,1.53,51.42,3.3,39.8,37.73
002183.SZ,怡亚通,179.93,281.89,1.64,0.35,0.68,1.61,0.27,0.0,4.19,0.05,-46.77,-14.41,2.46,79.97,-19.56,1596.64,529.21
002184.SZ,海得控制,-26.52,-32.65,3.12,-9.93,-8.17,-4.72,0.65,0.0,14.82,-11.94,-247.77,-32.7,1.2,57.88,扣非亏损,扣非亏损,亏损
002185.SZ,华天科技,88.85,1500.39,2.57,0.3,2.21,1.45,0.26,0.0,12.29,3.53,116.57,30.52,4.04,47.99,49.15,10141.22,80.41
002186.SZ,全聚德,34.99,68.38,3.76,7.72,8.39,5.23,,0.0,20.06,6.61,1.38,-0.52,0.38,41.59,-132.07,17.72,8.34
002187.SZ,广百股份,55.99,128.44,0.96,0.64,1.3,0.86,0.48,0.0,22.36,1.29,56.17,-5.76,,56.46,-22.31,403.77,86.14
002188.SZ,中天服务,361.08,49.89,10.79,15.09,2.27,2.57,,0.0,22.55,1.06,-27.25,6.01,,59.62,8.3,6.61,318.13
002189.SZ,中光学,-210.69,-29.68,5.83,-3.12,-2.1,-0.13,,0.0,14.36,-1.76,75.42,-8.47,,65.1,扣非亏损,扣非亏损,亏损
002190.SZ,成飞集成,-191.91,-143.3,2.36,-0.87,-0.85,0.89,0.06,0.0,10.2,1.28,-235.31,11.59,,37.88,扣非亏损,扣非亏损,亏损
002191.SZ,劲嘉股份,21.15,100.43,1.0,3.91,3.46,3.17,5.59,0.0,25.12,11.29,-29.63,-25.95,9.69,21.9,-3.87,51.36,12.22
002192.SZ,融捷股份,39.57,55.78,2.9,4.95,5.56,4.51,0.55,0.0,45.97,43.4,-49.98,-51.84,0.21,20.8,-1.08,22.52,14.23
002193.SZ,如意集团,31.06,-2.47,1.03,-5.6,2.52,1.49,,0.0,17.33,9.13,-4.64,12.59,,60.21,扣非亏损,扣非亏损,24.65
002194.SZ,武汉凡谷,126.67,301.62,3.09,1.44,1.82,0.9,1.22,0.0,25.37,4.36,-55.82,-15.44,,16.38,-19.53,419.94,139.19
002195.SZ,岩山科技,346.14,8135.12,2.0,0.27,0.44,-0.81,0.33,0.0,42.4,-3.68,-91.56,12.13,14.03,2.69,670.8,60171.03,1573.35
002196.SZ,方正电机,261492.77,-156.81,2.15,-0.18,0.0,0.66,,0.0,13.46,-0.01,-115.85,11.98,4.56,63.78,扣非亏损,扣非亏损,inf
002197.SZ,ST证通,-38.44,-15.98,1.2,-2.69,-2.31,0.11,,0.0,26.02,-5.35,-657.99,-23.9,,60.14,扣非亏损,扣非亏损,亏损
002198.SZ,嘉应制药,906.1,551.78,4.69,-0.25,0.38,0.44,0.69,0.0,57.42,1.11,-108.29,-31.18,,6.98,-17.7,转盈,4768.92
002199.SZ,东晶电子,-43.9,-36.25,10.14,-17.58,-15.94,-8.01,,0.0,7.46,-27.15,1.64,30.32,,50.65,扣非亏损,扣非亏损,亏损
002200.SZ,ST交投,-28.88,-53.3,76.06,-114.04,-141.6,-1.56,,0.0,14.71,-15.32,-37.4,30.35,,90.8,扣非亏损,扣非亏损,亏损
002201.SZ,正威新材,99.3,141.1,3.25,2.16,2.47,2.77,0.07,0.0,27.19,3.01,-10.66,-27.57,,57.58,-5.12,130.94,80.4
002202.SZ,金风科技,19.79,23.22,1.29,4.68,4.77,2.03,1.25,0.0,16.43,5.2,73.15,22.24,0.26,73.72,1.04,9.92,8.3
002203.SZ,海亮股份,15.57,21.1,1.32,4.77,6.13,2.9,1.52,0.0,3.06,1.15,-39.5,-1.94,1.92,62.12,-10.88,8.85,5.08
002204.SZ,大连重工,18.52,35.19,1.35,3.95,5.56,1.83,0.77,0.0,19.0,3.89,35.7,10.06,,71.47,3.5,17.8,6.66
002205.SZ,国统股份,-41.21,-15.93,2.82,-5.18,-5.04,0.88,,0.0,28.6,-8.31,75.4,64.48,,81.76,扣非亏损,扣非亏损,亏损
002206.SZ,海利得,13.14,14.33,1.37,7.58,7.9,5.01,2.99,0.0,15.68,6.81,1.51,2.5,,45.33,5.74,3.78,3.33
002207.SZ,准油股份,-78.22,-89.39,23.23,-21.96,-20.04,-3.08,,0.0,0.69,-6.67,9.0,34.18,,82.35,扣非亏损,扣非亏损,亏损
002208.SZ,合肥城建,52.99,196.12,0.94,1.22,1.33,1.43,1.33,0.0,19.62,5.28,-67.62,30.08,0.0,71.19,6.52,320.88,79.69
002209.SZ,达意隆,33.07,44.57,2.69,7.01,6.32,1.69,0.22,0.0,28.34,4.37,46.63,5.59,0.12,71.91,7.97,12.72,10.46
002210.SZ,飞马国际,156.99,2599.03,22.21,0.55,11.2,4.6,,0.0,24.17,15.49,-84.54,-24.08,127.24,76.62,-107.94,9520.24,28.03
002211.SZ,宏达新材,-70.6,-84.18,37.6,-19.19,-33.29,-5.58,,0.0,7.0,-8.12,29.83,25.58,,88.11,扣非亏损,扣非亏损,亏损
002213.SZ,大为股份,-83.39,-49.14,5.03,-4.57,-4.44,-3.78,,0.0,3.76,-3.33,22.03,53.55,10.84,17.93,扣非亏损,扣非亏损,亏损
002214.SZ,大立科技,-24.06,-21.36,5.0,-14.3,-14.28,-11.71,0.44,0.0,34.46,-258.66,-50.22,-42.18,0.71,26.65,扣非亏损,扣非亏损,亏损
002215.SZ,诺普信,14.6,25.94,2.46,11.49,12.17,5.04,1.82,0.0,34.03,12.19,66.61,27.3,1.22,64.41,0.95,4.52,2.4
002216.SZ,三全食品,20.52,22.74,2.52,7.25,9.09,6.92,3.73,0.0,25.03,7.69,-35.43,-5.35,0.36,40.28,-4.25,6.28,4.52
002217.SZ,*ST合泰,-4.45,-0.74,-0.94,,,-9.33,,0.0,-34.29,-126.25,62.72,-75.47,,214.4,扣非亏损,,
002218.SZ,拓日新能,131.4,372.99,1.29,1.01,0.74,1.7,0.44,0.0,24.56,2.77,-2.77,40.54,0.32,39.05,9.2,739.55,355.13
002219.SZ,新里程,143.32,212.1,4.36,2.12,2.34,2.58,,0.0,28.69,2.11,60.95,6.93,40.3,61.91,30.62,200.15,122.5
002221.SZ,东华能源,87.71,115.5,1.43,0.79,1.23,2.32,,0.0,4.53,0.65,17.31,16.63,1.33,69.51,6.95,293.52,142.62
002222.SZ,福晶科技,73.96,78.27,10.53,11.63,11.11,11.19,0.85,0.0,55.99,26.86,11.36,11.64,0.11,12.21,6.72,13.46,13.31
002224.SZ,三力士,61.45,683.29,1.29,1.27,1.54,1.15,0.59,0.0,22.69,8.57,-47.89,-2.14,0.0,15.49,-319.46,1076.81,79.8
002225.SZ,濮耐股份,26.45,48.55,1.29,2.26,3.61,2.34,1.85,0.0,18.63,2.95,-60.32,-1.19,6.78,58.06,-40.71,42.93,14.65
002227.SZ,奥特迅,-76.6,-51.43,2.31,-2.99,-2.24,-0.58,,0.0,21.6,-9.45,18.99,18.14,,36.63,扣非亏损,扣非亏损,亏损
002228.SZ,合兴包装,19.43,31.48,1.17,4.32,4.41,2.21,3.5,0.0,12.15,1.61,24.16,-8.41,0.5,56.69,-3.74,14.57,8.81
002229.SZ,鸿博股份,-95.4,-71.62,5.31,-5.47,-4.08,-1.77,,0.0,8.29,-13.96,-87.38,-15.23,3.41,52.59,扣非亏损,扣非亏损,亏损
002230.SZ,科大讯飞,-243.14,-4306.65,6.76,-2.79,-2.03,-1.11,0.22,0.0,40.46,-2.85,-44.38,17.73,6.63,57.37,扣非亏损,扣非亏损,亏损
002231.SZ,奥维通信,-91.54,-42.1,7.41,-7.55,-5.89,-3.14,,0.0,2.96,-4.49,-85.54,306.37,,40.22,扣非亏损,扣非亏损,亏损
002232.SZ,启明信息,-202.72,-122.76,6.72,-2.78,-2.45,-1.98,0.06,0.0,22.56,-7.4,-164.81,-43.2,,27.67,扣非亏损,扣非亏损,亏损
002233.SZ,塔牌集团,18.56,25.5,0.8,2.06,3.22,3.63,7.06,0.0,23.11,13.44,-52.43,-28.81,,9.89,-0.89,24.73,11.53
002234.SZ,民和股份,-10.87,-6.23,1.52,-10.37,-9.97,-5.08,,0.0,5.57,-13.96,-84.98,-3.44,,47.58,扣非亏损,扣非亏损,亏损
002235.SZ,安妮股份,103.19,-39.47,4.54,1.75,3.36,1.84,,0.0,19.74,10.03,147.05,-8.83,0.05,34.51,扣非亏损,扣非转亏,61.42
002237.SZ,恒邦股份,21.45,16.54,1.46,6.69,4.93,2.95,1.25,0.0,2.68,0.77,38.69,14.73,,61.75,1.12,4.94,8.7
002238.SZ,天威视讯,358.56,-4808.1,3.2,-1.16,0.66,0.31,0.64,0.0,26.79,1.5,-201.37,-3.79,,43.67,扣非亏损,扣非亏损,1086.55
002239.SZ,奥特佳,86.91,116.3,1.94,1.49,1.65,1.33,0.26,0.0,11.85,1.47,109.21,13.27,30.4,54.65,8.76,156.03,105.35
002240.SZ,盛新锂能,-23.57,-15.5,1.2,-4.68,-3.62,-1.04,1.05,0.0,3.05,-14.55,-223.63,-47.23,0.02,41.69,扣非亏损,扣非亏损,亏损
002242.SZ,九阳股份,68.11,61.74,2.57,3.75,2.83,0.13,1.18,0.0,26.27,1.48,-61.62,-8.84,3.46,53.8,-6.99,32.95,48.13
002243.SZ,力合科创,62.4,158.93,1.57,1.0,1.89,1.17,1.13,0.0,20.09,4.98,-32.12,-9.31,1.55,48.93,-17.08,319.13,66.04
002244.SZ,滨江集团,14.63,21.94,1.2,5.75,6.26,1.08,1.24,0.0,10.43,4.34,-38.89,-12.09,0.0,78.98,-1.81,7.63,4.67
002245.SZ,蔚蓝锂芯,29.06,40.39,1.62,3.53,4.28,3.64,0.18,0.0,16.47,6.79,214.77,30.92,8.46,34.09,1.31,22.87,13.58
002246.SZ,北化股份,-114.94,-170.65,2.54,-3.22,-1.64,-1.62,0.61,0.0,16.57,-3.72,-964.14,-12.2,,32.02,扣非亏损,扣非亏损,亏损
002247.SZ,聚力文化,9.29,63.92,4.36,4.63,42.78,20.32,,0.0,20.62,34.93,-50.64,-8.97,,37.7,-7.13,27.62,0.43
002248.SZ,华东数控,259.67,-130.53,44.52,10.39,13.92,2.5,,0.0,18.79,3.55,-0.66,13.52,,86.45,扣非亏损,扣非转亏,37.31
002250.SZ,联化科技,129.95,-15.81,0.88,0.29,0.51,1.38,0.28,0.0,22.71,1.76,-11.51,-13.14,0.09,50.33,扣非亏损,扣非转亏,509.61
002251.SZ,ST步步高,3.73,-8.84,1.17,-5.44,48.58,9.36,,0.0,37.28,80.35,61.31,5.16,1.88,62.07,扣非亏损,扣非亏损,0.15
002253.SZ,川大智胜,-125.43,-24.08,3.84,-2.82,-2.27,-1.94,,0.0,24.5,-23.36,-2.71,5.37,0.19,19.35,扣非亏损,扣非亏损,亏损
002254.SZ,泰和新材,45.3,170.36,1.29,0.76,2.14,0.77,2.01,0.0,17.02,3.3,-76.87,0.43,0.09,46.44,392.72,446.09,42.34
002255.SZ,海陆重工,14.74,13.87,1.18,6.06,6.33,3.91,,0.0,25.56,13.05,4.12,0.33,1.59,42.4,42.54,4.58,4.66
002256.SZ,兆新股份,-44.05,-920.39,4.48,-1.86,-7.25,-3.22,,0.0,29.96,-35.53,85.76,-1.3,0.11,24.84,扣非亏损,扣非亏损,亏损
002258.SZ,利尔化学,39.69,43.57,0.91,1.55,1.75,1.73,,0.0,16.34,3.43,-78.85,-13.62,0.25,41.67,-3.2,56.26,45.36
002259.SZ,ST升达,-72.78,55.57,8.76,17.72,-8.64,0.31,,0.0,19.71,-4.21,73.91,-15.39,,73.95,-3.61,6.27,亏损
002261.SZ,拓维信息,2166.3,-1159.85,12.26,0.37,0.43,0.63,,0.0,15.94,0.1,-81.73,57.26,2.93,51.67,扣非亏损,扣非转亏,10075.81
002262.SZ,恩华药业,19.66,23.1,3.75,15.19,15.08,14.75,1.18,0.0,73.75,24.52,16.35,13.39,,12.61,1.73,3.04,2.61
002263.SZ,大东南,-182.6,3058.22,1.83,-0.94,-0.75,-0.73,,0.0,9.78,-2.09,-116.93,-1.5,,6.0,-2033.93,扣非亏损,亏损
002264.SZ,新华都,16.91,18.5,2.4,11.15,11.29,6.74,,0.0,23.89,6.86,19.45,41.15,12.07,41.47,0.45,3.32,2.99
002265.SZ,建设工业,52.48,62.49,3.62,3.24,5.3,2.7,,0.0,15.41,6.35,69.62,-7.44,0.83,56.61,-8.4,38.62,19.8
002266.SZ,浙富控股,17.86,29.91,1.65,5.4,7.01,3.39,1.47,0.0,11.63,5.17,-24.24,6.97,10.16,54.5,4.29,11.08,5.1
002267.SZ,陕天然气,12.8,12.71,1.31,7.81,7.83,5.31,4.09,21.42,14.39,8.81,71.17,20.44,1.75,45.06,0.62,1.63,1.63
002268.SZ,电科网安,-58.75,769.29,3.17,-4.35,-3.94,-4.65,0.27,0.0,38.94,-21.62,-627.86,-42.33,,21.04,-18.17,扣非亏损,亏损
002269.SZ,美邦服饰,71.27,-12.11,9.38,-11.91,10.86,2.88,,0.0,33.98,9.87,39.54,-37.28,,76.79,扣非亏损,扣非亏损,13.13
002272.SZ,川润股份,-138.78,-66.25,3.59,-2.85,-1.97,0.2,0.73,0.0,20.66,-2.42,-58.74,-2.71,0.44,54.4,扣非亏损,扣非亏损,亏损
002274.SZ,华昌化工,10.75,10.1,1.33,8.64,9.43,8.47,3.97,0.0,16.06,8.31,13.61,4.63,,26.0,2.18,2.34,2.28
002275.SZ,桂林三金,17.5,25.36,2.97,11.9,12.76,11.7,4.14,0.0,74.84,24.38,-7.78,-3.49,0.19,23.39,-7.26,4.26,2.74
002276.SZ,万马股份,24.24,33.34,1.46,3.82,4.6,2.31,0.54,0.0,11.41,1.97,-45.3,10.87,2.6,62.72,3.07,17.44,10.54
002278.SZ,神开股份,75.85,111.95,1.84,1.04,1.83,2.2,0.85,0.0,36.46,5.99,91.94,-4.14,7.22,34.26,-27.06,216.04,82.89
002279.SZ,久其软件,-20.78,-21.05,4.72,-15.73,-15.5,-9.53,,0.0,14.98,-9.06,-135.91,46.86,7.71,40.07,扣非亏损,扣非亏损,亏损
002281.SZ,光迅科技,61.57,56.99,4.31,5.26,5.36,3.34,0.84,0.0,23.71,8.43,29.97,24.29,0.09,34.81,2.35,21.68,22.97
002282.SZ,博深股份,17.0,18.71,1.06,4.38,4.72,4.99,1.91,0.0,27.29,13.2,27.56,7.38,33.56,10.73,2.54,8.54,7.21
002283.SZ,天润工业,15.86,17.23,0.94,4.22,4.48,3.24,3.93,0.0,23.74,9.66,-16.46,-6.14,,29.45,-2.81,8.17,7.08
002284.SZ,亚太股份,30.11,42.82,2.2,4.92,5.55,1.85,1.14,0.0,17.68,5.23,129.98,10.63,,57.1,4.03,17.39,10.85
002285.SZ,世联行,-259.47,-21.6,2.4,-3.44,-0.69,-0.96,,0.0,4.96,-1.9,-65.09,-32.93,4.32,35.54,扣非亏损,扣非亏损,亏损
002286.SZ,保龄宝,20.47,27.51,1.36,4.76,5.03,4.66,0.99,0.0,11.8,5.51,215.92,-6.7,,23.99,-4.11,11.56,8.14
002287.SZ,奇正藏药,24.09,33.5,3.39,7.14,10.34,7.54,2.13,0.0,81.59,26.8,2.73,18.1,,40.11,1.85,9.39,4.66
002289.SZ,ST宇顺,-54.33,-44.17,4.85,-6.96,-6.48,-3.77,,0.0,18.59,-10.14,-72.44,6.79,13.2,22.88,扣非亏损,扣非亏损,亏损
002290.SZ,禾盛新材,36.3,51.23,5.24,11.47,11.46,5.6,,0.0,10.61,4.56,3.05,7.83,,54.86,6.54,8.94,6.33
002291.SZ,遥望科技,-10.82,-5.62,1.45,-10.35,-9.65,-6.24,,0.0,7.34,-10.42,6.21,16.1,32.11,35.17,扣非亏损,扣非亏损,亏损
002292.SZ,奥飞娱乐,113.95,165.77,3.2,2.14,2.12,2.0,,0.0,42.62,3.42,14.34,-0.45,43.2,28.59,-371.01,154.87,107.5
002294.SZ,信立泰,53.2,60.46,4.2,5.98,6.23,5.62,1.53,0.0,72.07,17.06,14.94,22.18,0.13,15.52,2.73,20.21,17.08
002295.SZ,精艺股份,45.69,125.42,1.34,1.7,2.2,2.39,0.61,0.0,3.43,1.12,-4.53,27.84,,33.1,4.5,147.55,41.53
002296.SZ,辉煌科技,19.96,19.22,1.66,6.41,6.49,5.42,1.21,0.0,54.09,28.34,122.95,5.83,,22.11,3.3,5.99,6.15
002297.SZ,博云新材,-187.81,-118.46,2.0,-1.52,-0.8,-0.4,,0.0,15.74,-3.89,-785.46,-2.2,,27.47,扣非亏损,扣非亏损,亏损
002298.SZ,中电兴发,-8.49,-4.97,1.32,-11.18,-11.02,-5.9,,0.0,24.38,-27.68,-202.89,-10.98,24.9,47.44,扣非亏损,扣非亏损,亏损
002299.SZ,圣农发展,37.55,59.75,1.85,3.57,3.72,2.45,1.75,0.0,10.31,2.67,-48.48,-1.18,0.99,52.79,-50.54,33.52,20.19
002300.SZ,太阳电缆,31.96,40.32,2.15,4.59,4.89,2.75,1.88,0.0,3.85,0.99,-41.86,5.11,,65.53,7.9,17.58,13.07
002301.SZ,齐心集团,20.74,50.88,1.38,5.01,4.98,1.59,1.17,0.0,8.72,1.78,7.38,8.2,2.52,64.43,6.21,20.31,8.33
002302.SZ,西部建设,776.84,43.91,1.09,-0.26,-0.15,0.46,1.77,0.0,8.45,0.4,-108.22,-8.11,,69.46,-5.42,转盈,转盈
002304.SZ,洋河股份,12.1,17.14,2.59,15.93,15.26,16.34,4.24,0.0,73.81,31.17,-17.39,-9.14,0.51,16.45,-1.88,2.15,1.59
002305.SZ,南国置业,-13.08,-2.97,16.35,-209.19,-63.81,0.39,,0.0,-12.16,-13.82,23.99,201.62,,91.71,扣非亏损,扣非亏损,亏损
002306.SZ,中科云网,-59.68,-88.78,971.89,-270.27,-638.64,-6.68,,0.0,12.64,-44.99,56.29,-23.06,12.49,83.36,扣非亏损,扣非亏损,亏损
002309.SZ,*ST中利,-3.51,-1.43,-2.17,,,-3.4,,0.0,16.58,-18.34,-73.96,-28.88,,114.48,扣非亏损,,
002310.SZ,*ST东园,-2.01,-1.2,-2.47,,,-4.39,,0.0,-79.6,-339.48,0.1,-61.09,-46.42,103.79,扣非亏损,,
002311.SZ,海大集团,16.98,21.16,3.7,16.82,17.28,9.37,1.11,0.0,11.33,4.47,61.11,-2.38,1.47,55.6,-8.9,2.52,1.96
002312.SZ,川发龙蟒,56.56,60.43,3.41,4.62,4.56,3.13,1.26,0.0,15.78,7.03,42.32,11.06,13.15,49.13,5.46,26.14,24.81
002313.SZ,日海智能,-31.04,-12.09,26.8,-44.3,-49.4,0.0,,0.0,18.23,-3.44,62.96,11.99,191.14,96.74,扣非亏损,扣非亏损,亏损
002314.SZ,南山控股,-16.08,-30.06,0.75,-3.63,-3.45,0.49,,0.0,23.08,-6.53,-772.8,-55.92,0.06,76.7,扣非亏损,扣非亏损,亏损
002316.SZ,ST亚联,90.27,-178.15,18.26,10.63,16.28,3.23,,0.0,15.28,4.36,150.32,-1.35,23.17,87.92,扣非亏损,扣非转亏,11.09
002317.SZ,众生药业,57.73,59.31,2.61,4.31,3.41,3.0,1.25,0.0,56.08,7.12,-37.21,-7.88,4.59,21.94,-7.52,27.52,33.86
002318.SZ,久立特材,16.15,16.57,2.97,13.72,14.19,8.56,2.41,0.0,26.93,15.03,15.6,16.07,0.03,43.96,1.03,2.42,2.28
002319.SZ,乐通股份,-79.97,-104.83,41.59,-34.64,-34.06,-1.99,,0.0,16.37,-7.35,-1257.07,7.01,,90.31,扣非亏损,扣非亏损,亏损
002320.SZ,海峡股份,41.8,44.98,3.3,5.85,5.98,14.59,1.99,0.0,45.5,27.01,-31.81,6.76,,17.97,6.65,15.39,13.98
002321.SZ,华英农业,116.07,-314.2,5.28,1.17,3.28,4.16,,0.0,6.82,2.23,74.83,41.41,7.95,64.0,扣非亏损,扣非转亏,70.78
002323.SZ,雅博股份,-48.47,-47.76,7.44,-10.98,-10.88,-4.84,,0.0,12.51,-34.12,-543.2,-60.87,,50.54,扣非亏损,扣非亏损,亏损
002326.SZ,永太科技,-78.55,-15.23,3.06,-3.4,-2.87,0.07,,0.0,17.62,-3.08,42.44,7.3,18.29,71.42,扣非亏损,扣非亏损,亏损
002327.SZ,富安娜,18.34,15.05,1.97,6.97,7.83,7.6,7.26,0.0,55.17,15.54,-15.02,-1.96,,18.96,-7.69,4.32,4.68
002328.SZ,新朋股份,23.61,35.81,1.4,3.73,4.47,4.68,2.18,21.13,11.02,5.93,-5.8,-10.02,,36.15,-3.57,9.6,5.28
002329.SZ,皇氏集团,-169.0,-22.29,1.91,-2.0,-0.9,1.3,,0.0,24.41,-0.86,10.55,-32.7,0.98,65.64,扣非亏损,扣非亏损,亏损
002330.SZ,得利斯,328.46,-39.58,1.23,0.19,0.28,0.41,0.18,0.0,9.0,0.16,-83.43,-10.01,,30.49,扣非亏损,扣非转亏,2346.17
002331.SZ,皖通科技,-132.05,-124.09,2.05,-1.59,-1.16,-0.54,,0.0,27.1,-4.67,63.76,3.3,5.97,36.74,扣非亏损,扣非亏损,亏损
002332.SZ,仙琚制药,17.94,21.25,2.11,8.83,8.96,8.7,2.35,0.0,54.63,16.77,12.82,-0.01,9.96,12.15,-1517.96,4.81,4.0
002333.SZ,罗普斯金,63.76,92.31,2.04,2.02,2.39,1.9,0.54,0.0,13.91,3.91,7.09,2.88,7.51,39.53,32.02,91.52,53.36
002334.SZ,英威腾,29.35,29.1,2.16,5.82,5.55,3.39,0.69,0.0,32.17,3.73,-40.45,-4.81,1.81,45.56,-6.04,10.0,10.57
002335.SZ,科华数据,39.38,47.83,2.85,4.88,5.29,2.53,0.43,0.0,25.33,4.59,-47.9,-1.97,14.41,61.95,-24.26,19.61,14.89
002336.SZ,*ST人乐,-3.04,-3.83,-2.26,,,-13.07,,0.0,30.58,-39.57,13.4,-44.84,,135.34,扣非亏损,,
002337.SZ,赛象科技,46.47,62.71,2.25,3.37,3.68,2.47,0.58,0.0,29.4,7.54,-25.37,34.27,,32.86,1.83,37.25,25.25
002339.SZ,积成电子,-29.64,1223.08,2.13,-5.54,-5.24,-1.45,0.28,0.0,30.31,-5.46,-28.83,10.96,0.28,49.77,111.62,扣非亏损,亏损
002340.SZ,格林美,31.46,396.94,1.97,4.21,4.67,3.27,1.47,0.0,13.56,4.27,72.55,22.96,0.23,62.84,17.29,188.6,13.48
002342.SZ,巨力索具,-703.84,-308.36,1.42,-0.44,-0.15,0.71,0.07,0.0,21.03,-0.24,-284.58,-10.16,,51.89,扣非亏损,扣非亏损,亏损
002343.SZ,慈文传媒,219.18,-114.11,3.41,0.73,1.17,1.34,,0.0,53.32,21.61,315.34,-88.13,,34.36,扣非亏损,扣非转亏,374.67
002344.SZ,海宁皮城,54.29,45.67,0.62,0.7,0.86,1.2,1.05,0.0,31.5,15.21,-14.58,-8.74,0.41,34.54,-5.22,130.5,126.25
002346.SZ,柘中股份,-21.92,30.46,1.61,3.8,-5.26,-6.5,1.79,0.0,23.48,-20.43,0.88,36.96,,30.61,0.82,16.04,亏损
002347.SZ,泰尔股份,-123.31,-30.36,2.2,-3.0,-1.33,-0.08,,0.0,21.44,-1.53,-56.71,-8.41,,51.99,扣非亏损,扣非亏损,亏损
002348.SZ,高乐股份,-84.85,-55.44,8.08,-6.53,-6.9,-3.44,,0.0,22.26,-16.71,-25.16,-5.11,,37.67,扣非亏损,扣非亏损,亏损
002349.SZ,精华制药,29.97,32.11,2.59,6.26,6.56,6.06,1.04,0.0,49.87,18.23,-17.42,-6.65,5.79,10.06,-4.83,10.26,9.14
002350.SZ,北京科锐,1339.36,-22.94,2.01,0.22,0.11,0.37,,0.0,20.42,0.24,109.88,-2.47,0.92,34.55,扣非亏损,扣非转亏,24352.0
002351.SZ,漫步者,28.58,29.7,4.89,12.58,12.85,12.1,1.13,0.0,40.18,17.61,20.85,15.22,0.1,20.54,1.95,4.72,4.45
002354.SZ,天娱数科,-561.06,-5.9,4.6,-4.91,-0.59,0.82,,0.0,21.85,0.04,-2675.13,-11.53,40.08,23.13,扣非亏损,扣非亏损,亏损
002355.SZ,兴民智通,23.93,-12.7,3.58,-14.31,11.9,10.39,,0.0,1.99,22.78,19.65,-2.7,,51.2,扣非亏损,扣非亏损,4.02
002356.SZ,赫美集团,-110.4,-91.17,8.34,-6.73,-5.61,-4.86,,0.0,23.93,-23.28,-153.52,25.31,,25.61,扣非亏损,扣非亏损,亏损
002357.SZ,富临运业,16.74,44.05,1.31,4.83,6.0,4.45,0.66,0.0,19.46,13.59,-21.99,-0.13,5.6,43.71,-334.97,18.25,5.58
002358.SZ,森源电气,25.9,42.92,1.38,3.81,4.04,3.51,0.46,0.0,27.94,6.77,45.12,5.48,,49.85,7.83,22.52,12.82
002360.SZ,同德化工,40.09,51.03,0.99,1.61,1.82,1.53,2.55,0.0,30.75,7.41,-76.17,-31.66,0.74,53.0,-1.61,63.3,44.06
002361.SZ,神剑股份,104.04,205.35,1.82,0.75,1.29,1.07,2.54,0.0,13.13,1.25,112.04,-6.46,11.61,50.6,-31.8,550.02,161.3
002362.SZ,汉王科技,-50.86,-33.96,4.31,-6.74,-6.17,-4.99,,0.0,42.24,-7.41,8.06,17.87,0.18,27.78,扣非亏损,扣非亏损,亏损
002364.SZ,中恒电气,36.33,62.26,1.76,2.41,3.67,2.43,0.65,0.0,26.35,7.04,525.91,20.53,1.25,29.98,3.03,51.75,19.8
002365.SZ,永安药业,30.19,-86.2,1.25,1.88,3.09,2.68,1.02,0.0,23.73,9.5,489.66,-22.93,0.03,10.4,扣非亏损,扣非转亏,19.54
002366.SZ,融发核电,-575.69,-173.52,2.16,-0.52,-0.28,-0.21,,0.0,20.55,-3.67,-447.85,32.7,,36.95,扣非亏损,扣非亏损,亏损
002367.SZ,康力电梯,14.55,20.36,1.58,7.4,8.12,4.07,4.65,0.0,29.15,9.79,-17.21,-17.93,,51.86,-1.14,5.5,3.58
002368.SZ,太极股份,-511.77,104.01,3.84,-0.69,-0.55,0.02,0.61,0.0,28.95,-0.6,-129.08,-16.92,7.0,65.75,-6.15,扣非亏损,亏损
002369.SZ,卓翼科技,-24.38,-10.48,7.2,-20.94,-20.14,-4.35,,0.0,1.04,-10.19,30.62,14.36,,77.28,扣非亏损,扣非亏损,亏损
002370.SZ,亚太药业,-478.49,-66.15,4.45,-3.75,-0.58,0.94,,0.0,31.1,-1.13,61.16,1.65,,53.95,扣非亏损,扣非亏损,亏损
002371.SZ,北方华创,40.12,45.84,8.22,15.98,16.76,8.73,0.32,0.0,44.22,21.91,61.58,39.51,0.09,52.89,1.16,5.74,4.79
002373.SZ,千方科技,846.83,96.77,1.42,0.49,0.13,-0.45,0.45,0.0,30.79,0.05,-60.35,2.98,26.34,29.98,32.43,396.2,13028.09
002374.SZ,中锐股份,-34.46,-17.63,3.42,-7.74,-7.17,-2.26,,0.0,15.95,-18.77,-116.98,-4.19,,70.61,扣非亏损,扣非亏损,亏损
002375.SZ,亚厦股份,16.28,25.45,0.69,2.93,3.2,1.38,0.44,0.0,13.22,3.02,5.78,-5.79,2.54,62.17,-4.39,17.38,10.18
002376.SZ,新北洋,88.44,113.04,1.61,0.76,1.25,2.19,1.97,0.0,32.91,4.43,323.74,8.84,9.82,40.19,12.79,298.69,141.51
002377.SZ,国创高新,-47.03,-28.26,6.01,-9.31,-9.16,-4.01,,0.0,7.82,-11.53,54.53,-40.1,,50.18,扣非亏损,扣非亏损,亏损
002378.SZ,章源钨业,45.24,43.55,4.19,7.17,6.95,4.65,1.06,0.0,16.28,5.13,83.29,12.1,,57.82,3.6,12.15,13.02
002379.SZ,宏创控股,-133.01,-69.93,4.59,-3.12,-2.55,-1.44,,0.0,2.08,-2.0,21.3,27.48,,40.75,扣非亏损,扣非亏损,亏损
002380.SZ,科远智慧,23.02,26.52,2.28,7.07,7.95,5.17,,0.0,40.82,14.1,88.71,16.16,,41.47,1.64,7.5,5.79
002381.SZ,双箭股份,15.21,13.58,1.32,6.29,6.53,4.58,3.3,0.0,18.48,7.21,-14.54,4.32,,42.63,3.14,4.32,4.66
002382.SZ,蓝帆医疗,-19.24,-12.62,0.65,-2.71,-2.39,-0.3,,0.0,17.17,-4.88,43.61,29.85,38.52,41.28,扣非亏损,扣非亏损,亏损
002383.SZ,合众思壮,-80.6,-26.03,3.74,-4.35,-3.42,-0.91,,0.0,39.68,-7.78,-208.98,-33.87,12.25,39.28,扣非亏损,扣非亏损,亏损
002384.SZ,东山精密,36.74,32.96,2.78,5.46,5.77,3.04,1.38,0.0,13.65,4.03,-2.72,17.62,11.69,58.71,1.87,12.08,12.73
002385.SZ,大北农,119.05,-21.8,2.49,0.93,1.66,2.31,0.84,0.0,14.09,1.25,108.08,-15.83,8.12,65.29,扣非亏损,扣非转亏,143.44
002386.SZ,天原股份,-46.43,-23.58,0.77,-1.97,-1.22,-0.03,1.55,0.0,3.67,-1.15,-16.56,-36.0,1.44,60.07,扣非亏损,扣非亏损,亏损
002387.SZ,维信诺,-7.13,-5.35,2.77,-27.46,-25.2,-4.29,,0.0,-8.05,-37.41,23.76,41.95,8.63,77.85,扣非亏损,扣非亏损,亏损
002388.SZ,新亚制程,3414.95,-13.5,2.36,0.56,0.05,-0.16,,0.0,11.87,-1.15,172.94,0.95,8.7,49.77,扣非亏损,扣非转亏,136598.12
002389.SZ,航天彩虹,2717.75,-28246.05,2.8,-0.1,0.08,0.17,0.32,0.0,23.74,0.33,-106.16,-24.82,5.99,19.4,扣非亏损,扣非亏损,67943.84
002391.SZ,长青股份,58.01,-27.25,0.77,0.35,0.96,0.95,3.17,0.0,12.18,1.63,-92.99,-4.41,,50.83,扣非亏损,扣非转亏,120.84
002392.SZ,北京利尔,11.47,12.99,0.87,5.42,5.76,3.86,1.67,0.0,15.12,6.41,4.06,21.13,0.13,40.75,0.61,4.79,3.98
002393.SZ,力生制药,20.14,38.27,0.91,2.15,3.43,2.74,2.3,0.0,55.21,16.44,-22.5,12.31,1.25,16.85,3.11,35.55,11.74
002394.SZ,联发股份,14.15,14.07,0.62,3.24,3.32,3.01,9.63,0.0,14.83,3.73,1.03,8.22,0.03,32.31,1.71,8.69,8.53
002395.SZ,双象股份,39.23,56.5,4.44,7.6,8.62,4.0,0.5,0.0,11.85,5.14,77.3,45.54,,59.03,1.24,14.86,9.1
002396.SZ,星网锐捷,30.07,33.05,1.61,3.67,4.04,2.65,1.38,0.0,32.4,4.49,0.19,7.55,4.75,42.27,4.38,18.02,14.89
002397.SZ,梦洁股份,76.21,-616.86,1.77,1.03,1.76,1.51,,0.0,40.62,1.65,-53.91,-18.31,4.14,54.8,扣非亏损,扣非转亏,86.6
002398.SZ,垒知集团,23.63,64.63,0.84,2.18,2.61,1.78,1.68,0.0,22.13,5.15,-48.4,-17.31,4.01,37.8,-3.73,59.33,18.11
002399.SZ,海普瑞,16.03,-38.2,1.37,3.57,6.43,5.2,,0.0,33.2,19.15,402.43,0.14,18.81,32.6,扣非亏损,扣非转亏,4.98
002400.SZ,省广集团,106.63,111.56,2.64,1.31,1.86,1.56,0.49,0.0,6.0,0.57,-21.07,32.3,6.83,45.42,3.45,170.28,114.66
002401.SZ,中远海科,33.46,52.04,3.77,8.28,8.61,4.82,0.99,0.0,20.77,11.41,-25.76,-7.09,,35.16,-7.34,12.57,7.77
002402.SZ,和而泰,25.08,37.45,2.55,7.25,7.74,3.55,1.05,0.0,18.11,4.62,7.21,28.3,10.15,54.1,1.32,10.33,6.48
002403.SZ,爱仕达,1573.89,-12.7,2.08,-1.97,0.1,0.97,,0.0,29.68,0.05,79.32,17.19,2.05,65.52,扣非亏损,扣非亏损,31477.89
002404.SZ,嘉欣丝绸,17.04,23.62,1.74,6.84,7.53,5.61,4.97,0.0,12.36,4.5,-12.52,10.86,,37.3,2.17,6.9,4.53
002405.SZ,四维图新,-40.46,-18.34,2.79,-5.14,-4.97,-4.38,,0.0,34.69,-19.48,-0.67,9.06,23.27,19.93,扣非亏损,扣非亏损,亏损
002406.SZ,远东传动,43.77,83.9,1.26,1.21,2.15,2.09,1.57,0.0,23.81,9.01,10.73,2.79,,16.57,30.05,138.14,40.71
002407.SZ,多氟多,459.23,2786.03,1.72,-0.63,0.28,0.52,1.97,0.0,8.4,0.39,-114.02,-21.73,0.04,49.29,-128.2,转盈,3280.22
002408.SZ,齐翔腾达,59.03,-61.07,1.34,1.49,1.66,1.36,1.34,0.0,6.47,1.12,0.14,-9.3,5.25,51.98,扣非亏损,扣非转亏,71.12
002410.SZ,广联达,82.79,873.88,3.91,3.1,3.59,2.7,0.41,0.0,86.21,5.25,-12.96,-8.03,15.37,34.52,-108.82,563.1,46.12
002412.SZ,汉森制药,18.53,14.36,1.54,6.05,6.43,6.3,,0.0,75.13,18.84,19.14,1.44,0.7,14.33,9.98,4.75,5.76
002413.SZ,雷科防务,-39.23,-10.32,1.91,-3.82,-3.58,-2.43,,0.0,37.45,-18.57,-135.0,-15.66,17.37,25.43,扣非亏损,扣非亏损,亏损
002414.SZ,高德红外,548.6,-173.63,5.39,0.38,0.74,1.42,0.19,0.0,52.57,2.77,-90.04,12.38,3.39,28.38,扣非亏损,扣非转亏,1482.69
002415.SZ,海康威视,26.99,21.85,3.8,10.64,10.52,7.62,2.59,0.0,44.76,13.71,-3.67,6.06,0.37,32.96,3.6,4.11,5.13
002416.SZ,爱施德,30.7,39.07,3.59,7.25,8.74,6.39,4.31,0.0,3.71,1.0,-4.85,-17.36,0.87,59.16,-2.25,10.79,7.03
002418.SZ,康盛股份,-242.76,-170.73,2.11,-0.93,-0.65,0.22,,0.0,8.8,-0.84,-202.7,5.21,,37.73,扣非亏损,扣非亏损,亏损
002419.SZ,天虹股份,40.89,93.12,1.56,1.49,2.84,0.77,2.89,0.0,36.5,1.32,-48.66,-2.22,1.5,84.45,-42.03,125.11,28.8
002420.SZ,毅昌科技,27.59,-24.49,5.05,10.37,13.25,4.2,,0.0,11.79,3.8,185.05,4.73,5.41,73.69,扣非亏损,扣非转亏,4.16
002421.SZ,达实智能,118.98,331.29,2.23,0.99,1.4,1.07,0.62,0.0,27.45,2.18,-60.31,-21.33,,62.44,-15.53,670.76,169.97
002423.SZ,中粮资本,24.45,31.66,1.91,6.19,6.19,1.62,1.99,0.0,-8.75,175.5,36.49,17.14,,78.42,1.85,10.23,7.9
002424.SZ,ST百灵,49.31,-10.54,1.67,0.73,2.55,3.02,,0.0,58.65,3.14,-81.04,-1.22,0.61,51.15,扣非亏损,扣非转亏,38.68
002425.SZ,ST凯文,-17.4,-3.45,0.65,-2.83,-2.76,-2.7,,0.0,4.98,-31.75,29.38,21.64,44.4,12.14,扣非亏损,扣非亏损,亏损
002426.SZ,胜利精密,-253.9,-13.55,2.94,-4.03,-0.85,0.75,,0.0,12.05,-1.1,24.93,7.17,,54.97,扣非亏损,扣非亏损,亏损
002427.SZ,尤夫股份,-90.76,-46.16,4.57,-4.01,-4.0,-0.54,,0.0,7.27,-2.01,26.79,-12.85,,63.89,扣非亏损,扣非亏损,亏损
002428.SZ,云南锗业,442.73,807.86,12.15,0.97,2.07,2.05,0.16,0.0,29.35,5.38,153.74,6.74,,47.28,119.79,1671.04,427.76
002429.SZ,兆驰股份,13.48,14.33,1.57,8.6,8.95,6.02,1.9,0.0,16.32,9.01,17.28,27.39,3.56,46.73,0.52,3.33,3.01
002430.SZ,杭氧股份,29.65,28.23,3.0,7.0,7.69,4.35,3.42,0.0,20.41,7.12,-22.18,5.85,2.57,57.63,4.82,8.06,7.71
002431.SZ,棕榈股份,-5.75,-3.94,1.7,-25.79,-19.59,-1.4,,0.0,8.37,-24.83,-159.33,-32.42,8.5,85.29,扣非亏损,扣非亏损,亏损
002432.SZ,九安医疗,12.53,13.49,1.19,7.15,7.18,7.76,0.8,0.0,71.68,73.3,100.83,-23.79,,18.16,-0.57,3.77,3.49
002434.SZ,万里扬,24.67,41.58,1.47,4.09,4.36,3.22,4.03,0.0,17.7,6.18,-6.36,4.75,4.41,46.22,8.76,20.33,11.32
002436.SZ,兴森科技,-499.23,28188.42,4.15,-0.26,-0.61,-1.73,0.34,0.0,15.97,-4.76,-140.59,9.1,6.9,60.05,3096.71,扣非亏损,亏损
002437.SZ,誉衡药业,25.72,41.54,3.32,8.04,10.47,7.5,,0.0,53.25,10.32,219.08,-9.48,19.28,32.28,-4.38,10.34,4.91
002438.SZ,江苏神通,23.59,26.4,2.09,6.15,6.77,4.58,1.34,0.0,32.18,13.92,15.53,5.87,6.77,40.8,4.5,8.59,6.97
002439.SZ,启明星辰,-80.25,69.79,1.96,-1.26,-1.78,-2.5,1.0,0.0,54.78,-9.26,-15035.01,-8.19,6.14,17.05,-8.52,扣非亏损,亏损
002440.SZ,闰土股份,37.98,68.18,0.82,1.29,1.61,2.22,2.46,0.0,16.47,4.03,11.98,-3.34,,16.76,-20.4,105.96,47.18
002441.SZ,众业达,22.72,33.6,0.93,3.0,3.06,2.2,3.17,0.0,8.25,1.76,-46.74,-7.32,0.99,33.72,-4.59,22.39,14.85
002442.SZ,龙星化工,17.07,21.23,1.42,6.07,6.36,3.87,1.75,0.0,9.8,3.59,8.72,-2.32,,56.55,-9.13,7.0,5.37
002443.SZ,金洲管道,20.64,21.26,0.98,2.74,3.61,3.26,0.88,0.0,10.96,4.21,-56.15,-21.63,0.07,18.64,-0.98,15.52,11.43
002445.SZ,中南文化,126.47,82.63,2.76,3.01,1.64,1.58,,0.0,24.58,6.28,-5.62,19.31,,19.82,4.28,54.93,154.23
002446.SZ,盛路通信,81.08,-119.43,2.19,1.76,2.05,1.62,,0.0,33.49,7.91,-59.56,-14.48,22.98,23.41,扣非亏损,扣非转亏,79.1
002448.SZ,中原内配,12.08,15.55,1.07,5.97,6.77,5.31,1.96,0.0,24.86,10.43,-14.97,18.9,15.39,30.69,0.82,5.21,3.57
002449.SZ,国星光电,58.82,194.0,1.36,0.93,1.74,0.76,0.63,0.0,11.72,2.59,-31.51,1.38,,40.44,140.43,418.16,67.61
002451.SZ,摩恩电气,206.6,1873.57,4.27,0.34,1.55,1.53,0.14,0.0,9.02,1.2,-38.79,18.1,,50.99,103.52,11122.38,266.58
002452.SZ,长高电新,20.12,28.5,2.08,7.34,7.96,6.38,0.99,0.0,36.08,16.0,9.64,6.33,2.8,30.36,4.5,7.77,5.06
002453.SZ,华软科技,-44.23,-12.25,4.4,-7.7,-7.6,-4.81,,0.0,9.03,-22.45,16.18,7.41,3.67,34.85,扣非亏损,扣非亏损,亏损
002454.SZ,松芝股份,24.75,51.17,1.19,2.82,3.64,2.26,0.8,0.0,18.9,4.44,46.54,-2.4,2.39,40.96,-21.3,36.35,13.6
002455.SZ,百川股份,37.92,-15.62,2.95,4.02,5.35,1.07,,0.0,8.76,-1.0,199.41,22.65,,80.37,扣非亏损,扣非转亏,14.18
002456.SZ,欧菲光,913.99,190.02,15.85,0.76,1.36,1.82,,0.0,11.49,0.68,104.7,33.76,2.74,79.01,5.63,499.45,1344.11
002458.SZ,益生股份,25.98,64.6,2.34,6.79,6.79,4.78,1.86,0.0,27.7,14.05,-55.72,-18.98,0.41,37.23,-3.4,19.03,7.65
002459.SZ,晶澳科技,-93.01,-124.41,1.92,-1.78,-1.44,-0.61,2.72,0.0,5.4,-1.58,-108.45,-9.39,,72.15,扣非亏损,扣非亏损,亏损
002460.SZ,赣锋锂业,-85.05,-35.7,1.65,-0.79,-1.38,-0.43,1.87,0.0,10.34,-7.41,-108.22,-45.78,0.27,47.17,扣非亏损,扣非亏损,亏损
002461.SZ,珠江啤酒,19.02,28.35,1.95,7.5,7.77,5.68,1.58,0.0,49.32,16.86,27.23,7.37,,34.04,3.85,7.56,4.9
002462.SZ,嘉事堂,12.53,21.46,0.88,3.92,5.35,3.92,1.83,0.0,6.29,1.95,-26.08,-15.14,7.67,57.26,-1.42,10.96,4.68
002463.SZ,沪电股份,31.33,33.04,7.05,17.42,17.83,11.39,2.26,0.0,35.86,20.31,105.8,48.15,,42.47,0.69,3.79,3.51
002465.SZ,海格通信,127.63,91.95,2.48,0.65,1.45,0.7,1.17,0.0,29.97,5.77,-70.62,-6.66,7.95,36.29,-13.81,284.14,176.05
002466.SZ,天齐锂业,-8.2,-9.53,1.43,-12.07,-11.95,4.29,2.42,0.0,49.03,17.23,-171.87,-69.87,0.83,28.43,扣非亏损,扣非亏损,亏损
002467.SZ,二六三,72.77,-42.9,3.32,2.88,3.5,3.43,,0.0,44.65,10.69,-19.85,1.58,28.44,14.94,扣非亏损,扣非转亏,41.58
002468.SZ,申通快递,19.83,22.45,1.83,7.02,7.17,4.17,0.26,0.0,5.82,1.91,204.77,14.16,8.41,61.52,1.58,6.4,5.53
002470.SZ,金正大,27.91,-7.34,3.04,2.28,8.57,2.76,,0.0,11.68,2.85,109.48,-5.29,0.0,79.48,扣非亏损,扣非转亏,6.51
002471.SZ,中超控股,-429.17,-127.19,2.33,-1.81,-0.41,1.12,1.07,0.0,10.25,-0.19,-8.86,-7.26,1.34,70.33,扣非亏损,扣非亏损,亏损
002472.SZ,双环传动,26.65,27.21,3.08,8.63,8.98,6.69,0.46,0.0,23.18,11.37,29.21,14.83,0.78,38.54,1.84,6.31,5.93
002474.SZ,榕基软件,-161.11,-39.74,2.89,-1.61,-1.34,-0.33,,0.0,31.18,-5.68,67.63,19.64,,42.79,扣非亏损,扣非亏损,亏损
002475.SZ,立讯精密,24.09,25.86,4.55,13.42,14.98,5.68,0.87,0.0,11.72,5.52,15.43,13.67,2.37,63.04,1.89,3.85,3.22
002476.SZ,宝莫股份,98.41,-4410.64,3.43,1.83,2.64,2.3,0.16,0.0,17.65,6.06,2290.65,24.27,,10.05,扣非亏损,扣非转亏,74.55
002478.SZ,常宝股份,8.99,10.51,0.91,6.58,7.72,5.63,5.14,0.0,16.52,10.26,-39.19,-17.41,0.17,28.14,-0.6,3.19,2.33
002479.SZ,富春环保,12.12,22.25,1.02,3.7,6.38,5.25,3.14,0.0,17.31,9.14,34.34,10.77,13.39,50.46,2.07,12.02,3.8
002480.SZ,新筑股份,-11.4,-9.65,3.32,-20.92,-19.68,0.49,,0.0,26.74,-11.7,-24.67,38.6,0.14,83.67,扣非亏损,扣非亏损,亏损
002482.SZ,广田集团,-33.8,-6.37,13.43,-25.69,-25.93,-6.83,,0.0,6.31,-63.34,80.65,-60.97,,74.22,扣非亏损,扣非亏损,亏损
002483.SZ,润邦股份,14.04,77.86,1.14,5.43,6.23,4.8,1.92,0.0,19.31,7.03,5.38,3.68,4.83,56.45,21.17,28.66,4.51
002484.SZ,江海股份,19.99,22.4,2.31,8.17,8.66,7.65,1.62,0.0,25.05,14.11,-12.82,-6.33,2.27,22.17,-3.54,5.48,4.62
002485.SZ,ST雪发,-35.62,-22.4,1.29,-1.98,-2.68,-1.19,,0.0,-8.85,-5.92,-173.15,-6.26,,27.22,扣非亏损,扣非亏损,亏损
002486.SZ,嘉麟杰,91.64,320.99,1.98,1.14,1.63,2.07,,0.0,22.7,2.04,-76.63,17.33,,17.01,18.52,564.77,112.45
002487.SZ,大金重工,39.49,59.74,2.1,3.68,3.98,2.97,0.68,0.0,27.19,12.23,-31.66,-30.81,,38.78,-1.94,32.46,19.84
002488.SZ,金固股份,257.39,258.68,2.64,0.61,0.77,0.85,0.17,0.0,8.24,1.14,354.06,14.08,0.76,47.13,18.38,852.46,668.54
002489.SZ,浙江永强,11.11,82.11,1.76,3.07,12.62,7.45,0.33,0.0,21.87,14.86,112.37,6.33,0.18,38.49,12.97,53.43,1.76
002490.SZ,ST墨龙,24.06,-3.98,4.28,-48.22,14.32,4.7,,0.0,4.33,6.43,11.29,0.3,,82.28,扣非亏损,扣非亏损,3.36
002491.SZ,通鼎互联,503.54,-682.97,2.2,1.33,0.33,1.48,,0.0,19.75,0.33,-62.09,-15.35,,57.09,扣非亏损,扣非转亏,3051.74
002492.SZ,恒基达鑫,27.76,28.99,1.23,2.89,3.3,3.22,2.0,0.0,47.7,21.02,-37.99,-10.44,0.86,19.76,-2.78,20.06,16.82
002493.SZ,荣盛石化,86.45,61.69,2.3,1.56,1.99,1.94,0.97,0.0,12.16,0.74,630.51,2.57,,75.93,23.98,79.05,86.89
002494.SZ,华斯股份,420.98,-408.22,1.28,0.15,0.23,0.53,,0.0,26.22,0.8,122.26,42.08,,26.94,扣非亏损,扣非转亏,3660.72
002495.SZ,佳隆股份,114.76,-1482.51,2.2,1.32,1.42,1.3,,0.0,32.08,7.74,1021.71,-8.74,,5.29,扣非亏损,扣非转亏,161.63
002496.SZ,辉丰股份,2115.23,-9.57,2.45,-6.27,0.09,0.56,,0.0,22.22,0.04,32.3,-4.58,,44.04,扣非亏损,扣非亏损,47005.06
002497.SZ,雅化集团,62.11,-14.82,1.23,1.08,1.49,1.01,0.27,0.0,16.13,1.18,-85.24,-37.45,4.41,21.69,扣非亏损,扣非转亏,83.38
002498.SZ,汉缆股份,15.19,20.9,1.45,6.59,7.35,5.79,0.9,0.0,17.07,8.72,-22.11,-9.4,,34.4,-2.22,6.34,4.13
002500.SZ,山西证券,35.87,31.94,1.42,2.92,2.98,,1.67,0.0,,23.67,59.76,-12.46,2.61,78.14,-2.56,21.85,24.08
002501.SZ,利源股份,-42.7,-35.2,6.97,-11.88,-11.51,-7.08,,0.0,-19.32,-49.19,6.44,-36.51,,34.62,扣非亏损,扣非亏损,亏损
002506.SZ,协鑫集成,166.61,-890.33,7.37,1.41,3.33,1.17,,0.0,9.46,0.68,-72.2,27.4,0.72,87.57,扣非亏损,扣非转亏,100.06
002507.SZ,涪陵榨菜,20.42,23.14,2.13,7.58,7.92,8.0,2.1,0.0,52.63,34.18,5.6,0.56,0.45,6.01,41.6,6.11,5.16
002510.SZ,天汽模,52.68,193.94,3.01,3.22,4.19,2.23,0.62,0.0,16.8,4.22,9.3,15.6,,63.78,12.43,120.43,25.15
002511.SZ,中顺洁柔,136.78,51.66,1.8,0.59,0.98,0.86,0.6,0.0,31.02,0.88,-77.51,-12.72,0.01,43.27,-4.06,175.67,279.13
002512.SZ,达华智能,1459.08,-69.29,12.86,-4.27,0.67,-0.67,,0.0,10.57,-2.45,46.76,-5.36,48.72,81.61,扣非亏损,扣非亏损,4355.45
002513.SZ,蓝丰生化,-12.06,-7.68,-18.99,,,-7.88,,0.0,-1.02,-17.16,-19.16,86.97,,99.72,扣非亏损,,
002514.SZ,宝馨科技,-25.98,-18.13,7.27,-18.4,-19.04,-5.64,,0.0,5.03,-76.02,-264.55,-53.99,,61.09,扣非亏损,扣非亏损,亏损
002515.SZ,金字火腿,149.66,191.76,2.3,0.79,1.15,0.59,0.35,0.0,22.38,11.33,-6.86,10.57,,1.89,18.14,486.07,260.28
002516.SZ,旷达科技,52.72,61.96,2.29,2.59,3.31,3.22,2.03,0.0,21.88,7.64,-23.0,22.1,0.47,17.89,2.8,47.91,31.85
002518.SZ,科士达,25.32,25.56,2.78,7.67,8.31,5.0,1.63,0.0,31.69,12.13,-51.36,-28.43,0.12,35.06,-0.9,6.66,6.09
002519.SZ,银河电子,37.44,99.5,2.21,1.59,4.38,2.76,1.62,0.0,29.52,17.38,-51.3,-3.46,3.11,22.03,-28.74,124.93,17.09
002520.SZ,日发精机,-51.33,-4.74,4.1,-6.53,-5.55,0.31,,0.0,18.92,-4.53,-25.79,0.61,2.37,71.46,扣非亏损,扣非亏损,亏损
002521.SZ,齐峰新材,34.86,31.28,1.32,2.49,2.81,2.59,2.42,0.0,11.3,4.22,-39.0,-5.97,0.06,27.28,-5.24,25.15,24.81
002522.SZ,浙江众成,66.58,79.95,1.76,1.72,1.98,0.49,0.73,0.0,15.08,-0.56,-53.38,-4.1,,33.2,-19.49,92.93,67.25
002523.SZ,天桥起重,189.35,110.08,1.92,0.35,0.75,0.19,0.54,0.0,25.41,1.03,177.26,12.71,4.84,47.2,8.66,630.26,504.94
002524.SZ,光正眼科,-77.55,-56.63,7.88,-10.58,-7.51,0.89,,0.0,36.9,-2.9,-1150.98,-15.49,136.5,80.68,扣非亏损,扣非亏损,亏损
002526.SZ,山东矿机,36.49,163.18,1.71,3.04,3.54,3.05,0.79,0.0,21.08,6.69,-52.8,-20.93,,35.69,-7.79,107.47,20.61
002527.SZ,新时达,-102.83,-11.02,3.89,-4.65,-2.8,-0.18,,0.0,19.21,-1.87,-3.42,-12.29,7.59,66.99,扣非亏损,扣非亏损,亏损
002528.SZ,ST英飞拓,-37.25,-8.69,9.21,-24.74,-18.6,-1.93,,0.0,27.59,-10.98,73.59,-28.78,0.1,84.86,扣非亏损,扣非亏损,亏损
002529.SZ,海源复材,-43.63,-14.65,5.97,-18.45,-9.78,-3.28,,0.0,-4.63,-34.18,-15.46,-51.74,,56.36,扣非亏损,扣非亏损,亏损
002530.SZ,金财互联,1457.56,-151.37,4.83,-0.18,0.25,1.32,,0.0,27.65,1.67,95.82,5.29,1.29,42.25,扣非亏损,扣非亏损,11660.51
002531.SZ,天顺风能,43.81,47.09,1.88,3.29,3.23,2.35,0.65,0.0,25.29,8.18,-57.7,-44.43,20.94,64.18,-1.06,28.6,27.13
002532.SZ,天山铝业,10.43,12.2,1.62,11.72,12.23,7.25,2.5,0.0,22.06,14.84,122.72,-6.93,,54.93,-1.76,2.08,1.71
002534.SZ,西子洁能,16.3,61.94,2.25,4.16,10.44,3.34,0.8,0.0,19.6,9.43,1650.5,-12.72,1.19,69.58,-4.87,29.8,3.12
002535.SZ,林州重机,16.99,19.62,4.66,22.38,22.95,5.63,,0.0,31.26,10.61,53.81,12.87,,84.43,1.52,1.75,1.48
002536.SZ,飞龙股份,18.88,22.75,2.02,7.94,8.07,5.0,2.16,0.0,21.42,7.59,21.09,14.05,,35.85,1.62,5.73,4.68
002537.SZ,海联金汇,117.73,59.95,1.95,4.75,1.32,1.49,,0.0,14.05,0.73,85.71,-5.23,1.56,53.28,-11.45,25.26,178.37
002539.SZ,云图控股,11.1,13.44,1.14,6.88,7.87,4.21,2.42,0.0,10.64,4.34,3.98,-2.78,0.36,61.18,-4.83,3.9,2.82
002541.SZ,鸿路钢构,12.9,21.21,1.23,3.82,7.02,4.0,2.39,0.0,10.18,4.13,-48.98,-6.37,,62.82,-3.33,11.11,3.68
002542.SZ,中化岩土,-43.5,-18.33,5.56,-8.71,-8.99,-1.7,,0.0,0.88,-16.45,39.22,-25.96,4.36,71.75,扣非亏损,扣非亏损,亏损
002544.SZ,普天科技,670.35,-287.39,4.37,0.31,0.49,0.09,0.13,0.0,16.39,0.33,-77.01,-12.01,,58.99,扣非亏损,扣非转亏,2736.11
002545.SZ,东方铁塔,14.37,15.33,1.02,5.32,5.38,4.32,4.2,0.0,30.3,15.0,-9.36,15.1,4.97,33.08,1.01,5.76,5.34
002546.SZ,新联电子,26.77,29.66,1.16,3.45,3.24,3.09,2.4,0.0,36.0,18.39,39.22,22.56,,10.63,1.32,17.19,16.52
002547.SZ,春兴精工,-22.93,-12.85,81.5,-142.21,-114.22,-3.14,,0.0,7.68,-11.68,-245.89,-12.49,,98.2,扣非亏损,扣非亏损,亏损
002548.SZ,金新农,96.41,-13.9,2.37,1.43,1.86,2.34,,0.0,10.88,0.83,107.35,8.03,2.21,72.22,扣非亏损,扣非转亏,103.67
002549.SZ,凯美特气,-125.04,7775.93,2.76,0.84,-1.64,-1.46,,0.0,26.44,-7.97,168.69,2.44,,32.02,3182.94,18556.1,亏损
002550.SZ,千红制药,20.21,40.52,3.37,9.26,12.8,12.53,2.04,0.0,54.02,24.73,37.66,-17.62,0.45,10.04,-2.3,8.75,3.16
002551.SZ,尚荣医疗,146.28,-18.02,1.1,0.13,0.56,0.1,,0.0,15.84,1.85,-59.91,9.13,0.05,29.45,扣非亏损,扣非转亏,522.42
002554.SZ,惠博普,-37.54,-42.11,1.59,-3.56,-3.13,-1.01,0.26,0.0,11.32,-5.25,-185.62,-32.08,1.08,53.1,扣非亏损,扣非亏损,亏损
002556.SZ,辉隆股份,23.04,-256.67,1.55,1.63,4.99,2.43,3.4,0.0,5.87,1.46,11.66,-7.54,2.02,65.48,扣非亏损,扣非转亏,9.23
002557.SZ,洽洽食品,19.75,19.56,3.02,10.06,10.82,8.1,2.87,0.0,30.25,13.16,31.44,6.24,,39.27,3.14,3.89,3.65
002559.SZ,亚威股份,39.02,64.15,2.96,4.78,5.73,1.82,0.87,0.0,26.21,5.91,-12.04,-1.75,2.37,60.83,-36.7,26.86,13.62
002561.SZ,徐家汇,-1722.05,1628.4,2.05,-0.11,-0.09,0.25,1.12,0.0,55.27,1.26,-107.1,-17.64,,14.22,-92.3,扣非亏损,亏损
002562.SZ,兄弟科技,114.99,-31.74,1.57,0.8,1.03,1.54,,0.0,15.54,1.25,148.1,20.45,0.85,46.78,扣非亏损,扣非转亏,223.28
002563.SZ,森马服饰,17.05,17.52,1.5,6.4,6.55,5.08,5.2,0.0,44.77,8.01,-5.31,5.62,,36.75,3.12,5.47,5.2
002564.SZ,*ST天沃,557.61,-1.12,34.02,-34.41,4.69,1.83,,0.0,16.54,0.09,92.4,-41.11,,94.88,扣非亏损,扣非亏损,237.79
002565.SZ,顺灏股份,54.98,70.17,2.14,2.99,2.94,3.35,0.77,0.0,25.06,6.9,237.25,15.94,2.33,24.27,4.4,46.99,37.4
002566.SZ,益盛药业,50.52,46.79,1.09,0.91,1.59,1.41,1.68,0.0,74.8,6.61,-54.55,-22.36,0.08,22.92,-2.09,103.15,63.55
002567.SZ,唐人神,23.98,-21.92,1.39,4.25,4.51,2.62,,0.0,9.09,1.25,126.9,-18.2,4.15,65.1,扣非亏损,扣非转亏,10.63
002568.SZ,百润股份,37.04,41.08,6.48,13.06,13.43,10.2,2.03,0.0,70.11,23.95,-13.57,-2.88,,42.54,-14.27,6.29,5.52
002569.SZ,ST步森,-73.32,-37.92,15.99,-13.82,-14.4,-5.76,,0.0,34.16,-14.08,60.13,2.68,,66.7,扣非亏损,扣非亏损,亏损
002570.SZ,贝因美,56.87,118.76,3.53,3.12,4.6,3.23,,0.0,42.88,3.72,129.36,8.91,0.82,56.31,13.33,76.07,24.72
002571.SZ,德力股份,-44.24,-35.12,1.61,-2.86,-2.7,-0.02,,0.0,13.15,-2.74,43.03,39.6,,65.75,扣非亏损,扣非亏损,亏损
002572.SZ,索菲亚,14.83,16.53,2.61,12.49,13.18,8.11,6.27,0.0,35.79,12.67,-3.55,-6.64,0.26,47.31,-2.49,2.65,2.25
002573.SZ,清新环境,79.26,-38.92,0.99,0.61,0.93,1.96,2.03,0.0,18.04,1.69,-84.15,-1.59,8.67,69.39,扣非亏损,扣非转亏,170.45
002574.SZ,明牌珠宝,258.73,-112.42,0.86,-0.8,0.25,0.5,1.67,0.0,8.59,0.31,-145.13,9.02,0.05,58.52,扣非亏损,扣非亏损,2069.83
002575.SZ,群兴玩具,-283.67,-215.22,4.73,-1.93,-1.27,-1.35,,0.0,7.12,-5.52,-328.85,577.67,0.03,10.93,扣非亏损,扣非亏损,亏损
002576.SZ,通达动力,38.95,43.52,1.86,3.36,3.63,2.69,0.32,0.0,12.08,3.52,-42.13,-6.7,,38.47,-6.49,25.93,21.46
002577.SZ,雷柏科技,101.87,254.03,3.93,1.97,2.9,2.76,,0.0,30.97,10.4,3.87,7.56,,11.06,33.6,258.14,70.25
002578.SZ,闽发铝业,81.15,174.03,2.01,1.41,1.83,1.39,0.89,0.0,6.08,1.77,-2.36,-18.12,,37.31,-9.6,246.3,88.69
002579.SZ,中京电子,-44.1,-51.14,2.29,-3.98,-3.83,-0.73,,0.0,11.09,-4.7,19.04,7.72,4.96,57.7,扣非亏损,扣非亏损,亏损
002580.SZ,圣阳股份,16.93,28.33,1.74,6.73,7.91,5.14,0.66,0.0,19.08,6.63,-8.31,0.18,,35.32,158.79,8.42,4.28
002581.SZ,未名医药,453.66,-26.53,4.23,0.8,0.7,1.13,,0.0,80.24,7.63,-49.02,-6.99,,3.96,扣非亏损,扣非转亏,1296.16
002583.SZ,海能达,113.72,199.23,6.25,3.64,4.2,2.81,,0.0,49.28,5.56,75.85,15.97,0.9,47.36,12.47,109.56,54.15
002584.SZ,西陇科学,54.98,68.48,2.03,2.69,2.75,2.69,0.2,0.0,6.23,0.99,175.37,13.16,,53.08,5.2,51.0,39.98
002585.SZ,双星新材,-22.51,-13.28,0.76,-2.97,-2.48,-2.02,0.37,0.0,0.05,-5.25,-21146.95,10.7,,32.25,扣非亏损,扣非亏损,亏损
002586.SZ,*ST围海,-20.15,-23.84,0.74,-3.27,-3.0,-0.52,,0.0,7.81,-6.85,10.63,7.59,0.23,58.31,扣非亏损,扣非亏损,亏损
002587.SZ,奥拓电子,-162.22,-265.78,3.22,-1.67,-1.45,-2.11,0.7,0.0,36.44,-4.55,-829.24,-5.25,0.52,29.02,扣非亏损,扣非亏损,亏损
002588.SZ,史丹利,9.75,13.17,1.3,9.0,10.44,5.65,2.04,0.0,18.2,8.15,4.43,3.64,1.73,41.24,3.61,2.92,1.87
002589.SZ,瑞康医药,99.17,-53.16,0.93,0.15,0.71,1.06,0.4,0.0,13.06,0.86,107.88,-0.8,2.57,65.25,扣非亏损,扣非转亏,279.34
002590.SZ,万安科技,39.57,45.53,2.75,4.89,6.18,2.89,,0.0,17.53,4.84,235.4,10.26,,50.09,4.44,18.63,12.81
002591.SZ,恒大高新,84.58,-29.45,2.34,-1.61,2.09,2.1,,0.0,14.79,4.6,12.85,8.6,,22.78,扣非亏损,扣非亏损,80.94
002592.SZ,ST八菱,19.82,52.81,1.5,4.78,5.94,4.91,,0.0,20.24,11.89,-14.67,29.12,0.4,20.46,1.81,22.07,6.67
002593.SZ,日上集团,65.87,145.62,1.15,0.71,1.3,1.32,1.25,0.0,8.93,1.37,-64.92,-24.23,,47.03,-6.01,412.83,101.34
002594.SZ,比亚迪,25.75,26.83,5.57,15.76,17.15,4.48,1.56,0.0,20.77,5.23,19.86,18.94,2.62,77.91,1.42,3.4,3.0
002596.SZ,海南瑞泽,-30.26,-7.21,3.88,-10.36,-9.19,-0.09,,0.0,18.74,-8.21,13.94,-15.41,0.03,75.79,扣非亏损,扣非亏损,亏损
002597.SZ,金禾实业,26.12,28.34,1.91,5.16,5.61,4.47,0.91,0.0,20.19,10.12,-21.91,-1.24,0.02,26.94,-22.83,10.99,9.31
002598.SZ,山东章鼓,20.74,29.16,2.31,7.34,8.05,4.51,0.96,0.0,31.09,7.09,0.02,7.75,3.66,50.83,3.76,7.95,5.15
002599.SZ,盛通股份,7007.71,266.4,2.93,-0.38,0.03,0.39,0.3,0.0,15.9,0.07,79.56,-16.32,12.73,38.8,-16.33,转盈,467180.61
002600.SZ,领益智造,32.25,50.53,3.11,6.3,7.46,5.03,0.89,0.0,15.87,4.46,-29.54,27.75,6.7,53.22,1.82,16.03,8.64
002601.SZ,龙佰集团,13.77,13.12,1.97,10.9,10.63,5.26,5.25,0.0,26.95,12.25,22.89,2.97,23.02,60.3,4.42,2.41,2.59
002602.SZ,ST华通,15.1,36.34,1.4,7.0,7.09,6.39,,0.0,65.15,12.23,47.98,58.66,46.62,31.37,0.62,10.38,4.26
002603.SZ,以岭药业,40.45,226.64,2.6,4.42,4.8,4.15,1.3,0.0,53.39,8.63,-69.07,-25.76,0.97,30.87,-8.8,102.56,16.85
002605.SZ,姚记科技,19.91,28.0,3.39,12.29,12.53,11.43,4.05,0.0,37.85,15.89,-22.42,-21.89,32.67,30.39,-1.28,4.56,3.18
002606.SZ,大连电瓷,21.68,32.35,2.67,8.28,9.62,6.91,0.16,0.0,34.11,14.95,430.68,89.7,4.86,40.7,0.36,7.82,4.51
002607.SZ,中公教育,97.1,-72.97,29.61,24.26,25.82,5.17,,0.0,59.76,8.01,-34.73,-21.21,13.58,88.74,扣非亏损,扣非转亏,7.52
002608.SZ,江苏国信,7.66,11.09,0.93,9.13,9.62,5.75,1.52,0.0,11.68,14.17,47.37,11.87,0.03,51.52,0.93,2.43,1.59
002609.SZ,捷顺科技,97.28,91.97,2.34,1.53,1.76,1.24,1.09,0.0,39.6,4.44,-36.23,-4.97,1.63,31.12,-18.52,120.58,110.54
002611.SZ,东方精工,21.11,18.76,1.92,8.05,7.06,6.34,,0.0,32.2,10.79,53.03,-0.61,8.65,30.92,-30.56,4.66,5.98
002612.SZ,朗姿股份,29.13,40.5,2.61,5.86,5.96,4.83,2.34,0.0,58.92,5.56,11.29,1.45,46.99,54.17,27.98,13.82,9.78
002613.SZ,北玻股份,31.31,56.52,2.24,4.67,5.32,4.18,1.32,0.0,27.97,7.59,-5.3,-3.65,0.05,32.59,-15.47,24.22,11.77
002614.SZ,奥佳华,60.32,-1564.66,0.94,0.16,1.13,1.07,4.0,0.0,36.32,1.48,-82.66,-8.45,1.45,38.58,扣非亏损,扣非转亏,106.77
002615.SZ,哈尔斯,13.28,14.39,2.39,14.02,14.06,7.56,1.36,0.0,29.97,9.53,37.73,38.77,1.05,48.89,0.37,2.05,1.89
002616.SZ,长青集团,20.76,23.63,1.32,3.73,4.59,3.97,1.9,0.0,20.13,4.49,-9.16,-4.98,,74.03,-4.74,12.68,9.05
002617.SZ,露笑科技,47.14,109.63,2.42,3.34,3.92,3.48,,0.0,21.62,7.51,14.7,33.58,0.09,41.99,3.26,65.71,24.05
002620.SZ,瑞和股份,-9.98,-3.19,11.72,-58.62,-59.47,-0.62,,0.0,15.05,-15.31,-5.59,-50.56,,91.19,扣非亏损,扣非亏损,亏损
002622.SZ,皓宸医疗,149.84,-31.24,6.02,2.95,3.07,4.24,,0.0,47.97,4.52,-8.63,21.27,40.55,68.55,扣非亏损,扣非转亏,97.61
002623.SZ,亚玛顿,-104.55,-45.01,1.19,-1.27,-0.83,-0.09,1.87,0.0,4.9,-0.89,-158.79,-9.27,,43.67,扣非亏损,扣非亏损,亏损
002624.SZ,完美世界,-44.34,-33.06,3.01,-5.4,-4.67,-1.08,3.89,0.0,60.65,-9.82,-197.98,-34.26,3.46,35.08,扣非亏损,扣非亏损,亏损
002626.SZ,金达威,34.88,39.35,2.55,5.62,5.53,5.26,1.22,0.0,38.03,9.54,-8.05,0.95,12.37,31.13,41.4,14.01,12.61
002627.SZ,三峡旅游,25.68,39.82,1.24,3.35,3.54,3.2,1.87,0.0,33.7,21.24,7.54,-56.58,0.22,21.32,-0.7,23.74,14.51
002628.SZ,成都路桥,-163.71,-213.25,1.52,-0.56,-0.7,0.68,,0.0,2.83,-3.7,-197.48,-37.26,,57.27,扣非亏损,扣非亏损,亏损
002629.SZ,仁智股份,-101.38,-61.82,44.78,-18.01,-21.46,-4.85,,0.0,4.15,-7.83,81.17,-15.1,0.33,79.79,扣非亏损,扣非亏损,亏损
002630.SZ,华西能源,41.91,40.71,6.77,13.1,9.55,2.98,,0.0,20.65,3.09,138.75,45.62,,92.13,0.89,6.22,8.78
002631.SZ,德尔未来,2023.09,-218.61,1.95,-1.45,0.07,0.99,0.49,0.0,20.87,0.13,-26.71,-5.98,,56.22,扣非亏损,扣非亏损,57802.47
002633.SZ,申科股份,193.33,-320.83,4.31,1.38,1.69,1.38,,0.0,22.36,2.99,160.17,10.09,,32.09,扣非亏损,扣非转亏,228.79
002634.SZ,棒杰股份,-7.67,-6.41,2.26,-19.91,-19.47,-5.96,,0.0,1.08,-29.82,-2252.4,110.01,,74.81,扣非亏损,扣非亏损,亏损
002635.SZ,安洁科技,36.3,44.66,1.85,2.92,3.81,2.64,1.84,0.0,22.92,6.09,-12.37,17.03,4.35,27.35,2.62,30.63,19.05
002636.SZ,金安国纪,50.4,-55.1,1.94,-1.0,2.92,1.03,0.67,0.0,7.55,3.38,-48.72,11.66,5.16,41.52,扣非亏损,扣非亏损,34.52
002637.SZ,赞宇科技,28.13,198.58,1.21,2.45,3.26,2.92,0.93,0.0,7.08,1.46,-13.34,4.19,2.13,53.31,47.39,161.82,17.26
002638.SZ,勤上股份,-65.15,-17.38,1.48,-2.19,-1.67,-1.72,,0.0,13.62,-14.37,50.58,18.39,,10.31,扣非亏损,扣非亏损,亏损
002639.SZ,雪人股份,124.76,-184.83,2.27,0.83,1.36,1.7,,0.0,26.0,2.39,156.59,-8.58,11.84,44.55,扣非亏损,扣非转亏,183.47
002640.SZ,跨境通,-214.45,-47.53,3.81,-2.4,-1.32,3.2,,0.0,11.65,-0.45,-205.41,-16.47,106.79,65.44,扣非亏损,扣非亏损,亏损
002641.SZ,公元股份,29.2,25.9,1.06,2.48,2.74,1.72,1.99,0.0,19.44,3.18,-47.31,-13.63,1.11,34.04,-1.9,20.86,21.31
002642.SZ,荣联科技,396.4,-20.19,4.81,0.88,0.93,0.52,,0.0,12.13,0.76,126.15,-18.95,,53.55,扣非亏损,扣非转亏,852.47
002643.SZ,万润股份,26.09,25.08,1.46,3.65,4.21,4.2,1.81,0.0,40.08,14.23,-54.57,-13.01,8.98,27.37,-1.93,13.74,12.4
002644.SZ,佛慈制药,82.53,153.54,2.43,1.43,2.22,1.65,0.31,0.0,32.02,5.71,-48.7,-19.75,0.5,27.42,-7.77,214.3,74.35
002645.SZ,华宏科技,1342.62,-35.56,1.36,-2.27,0.07,1.05,,0.0,6.12,0.32,61.76,-24.57,28.05,38.33,扣非亏损,扣非亏损,38360.66
002647.SZ,仁东控股,-23.73,-22.01,83.22,-203.93,-248.86,-0.34,,0.0,22.53,-15.12,-36.66,-30.2,810.15,97.72,扣非亏损,扣非亏损,亏损
002648.SZ,卫星化学,12.82,11.68,2.27,15.34,13.9,7.7,2.71,0.0,22.1,11.43,20.48,0.71,0.16,58.84,16.53,1.52,1.84
002649.SZ,博彦科技,30.76,52.65,1.75,4.06,4.3,3.53,0.21,0.0,24.38,3.44,-14.14,4.64,12.72,26.86,11.34,25.93,14.31
002650.SZ,ST加加,-60.92,-22.71,2.72,-3.95,-3.3,-2.59,,0.0,24.53,-6.92,-103.14,-14.92,,19.68,扣非亏损,扣非亏损,亏损
002651.SZ,利君股份,51.79,1340.47,3.01,4.27,4.42,3.36,0.58,0.0,38.8,22.01,-46.92,-36.78,8.6,15.7,-36.45,627.9,23.43
002652.SZ,扬子新材,113.9,-56.32,6.77,-5.24,4.56,3.53,,0.0,6.48,4.52,25.93,-19.82,,41.85,扣非亏损,扣非亏损,49.96
002654.SZ,万润科技,294.15,-206.01,8.66,1.0,2.16,1.16,,0.0,11.23,0.46,136.76,-11.68,4.44,63.56,扣非亏损,扣非转亏,272.36
002655.SZ,共达电声,64.17,62.61,7.52,8.99,9.18,5.51,0.22,0.0,27.32,7.22,75.11,20.62,1.48,55.15,3.04,13.93,13.98
002656.SZ,ST摩登,-53.99,-16.89,2.6,-3.35,-3.58,-2.35,,0.0,66.12,-8.21,80.71,-25.82,,31.12,扣非亏损,扣非亏损,亏损
002657.SZ,中科金财,-59.9,-38.87,3.46,-4.45,-4.25,-3.52,,0.0,20.8,-14.69,-74.88,-19.7,1.31,20.65,扣非亏损,扣非亏损,亏损
002658.SZ,雪迪龙,40.98,32.75,1.66,2.38,2.97,2.37,3.74,0.0,39.93,9.1,-42.45,-11.81,0.72,16.04,-2.77,27.57,27.6
002659.SZ,凯文教育,-104.36,-64.28,1.42,-1.08,-1.01,0.43,,0.0,29.6,-9.14,14.54,17.98,9.02,25.94,扣非亏损,扣非亏损,亏损
002660.SZ,茂硕电源,60.49,75.21,2.42,2.37,2.96,1.41,0.81,0.0,25.11,3.1,-49.3,-10.03,,30.68,-7.5,63.56,40.87
002662.SZ,京威股份,13.59,12.38,1.36,7.59,7.7,7.11,2.85,0.0,29.63,13.56,-5.03,-9.42,,19.39,-1.31,3.26,3.53
002663.SZ,普邦股份,-140.28,152.79,1.45,-1.01,-0.76,-0.49,,0.0,7.6,-1.75,5.98,0.14,,42.57,1079.78,扣非亏损,亏损
002664.SZ,信质集团,52.89,35.24,1.78,2.57,2.54,0.96,0.42,0.0,8.85,1.94,-47.02,36.38,,65.67,0.97,27.4,41.65
002666.SZ,德联集团,36.86,67.84,1.1,2.45,2.29,2.68,1.24,0.0,14.19,2.2,74.43,-13.26,1.25,30.12,-5.12,55.48,32.19
002667.SZ,威领股份,-15.71,-8.87,4.2,-20.23,-18.22,-8.44,,0.0,7.03,-38.64,-64.43,-55.48,18.83,50.63,扣非亏损,扣非亏损,亏损
002668.SZ,TCL智家,11.04,12.89,5.45,44.56,45.18,12.75,,0.0,23.36,11.28,39.16,22.95,0.18,75.88,0.56,0.58,0.49
002669.SZ,康达新材,-28.95,-13.92,1.02,-2.74,-2.6,-0.39,0.59,0.0,16.73,-4.86,-337.26,9.76,24.4,57.82,扣非亏损,扣非亏损,亏损
002670.SZ,国盛金控,212.5,-1455.64,2.14,0.7,0.76,0.5,,0.0,,5046.32,44.49,-7.77,27.07,74.28,扣非亏损,扣非转亏,559.2
002671.SZ,龙泉股份,25.85,28.9,1.63,4.68,4.82,3.5,,0.0,30.68,10.24,1020.69,12.91,6.47,40.9,2.24,12.35,10.73
002672.SZ,东江环保,-11.93,-7.21,1.39,-8.91,-8.2,-2.4,,0.0,6.4,-17.64,-1.04,-17.39,18.39,60.27,扣非亏损,扣非亏损,亏损
002674.SZ,兴业科技,20.55,23.35,1.28,4.42,4.61,4.6,4.93,0.0,21.27,7.7,-33.04,3.77,0.94,39.92,6.19,10.57,8.91
002675.SZ,东诚药业,51.07,101.36,2.52,3.24,3.46,3.39,0.68,0.0,45.55,7.01,-40.04,-16.36,46.49,36.73,-6.2,62.56,29.52
002677.SZ,浙江美大,34.04,26.69,2.94,5.77,5.72,4.86,7.42,0.0,43.27,16.04,-70.6,-48.16,,9.91,-0.55,9.25,11.9
002678.SZ,珠江钢琴,-36.3,-36.18,1.88,-3.73,-3.8,-3.64,0.03,0.0,12.77,-27.78,-4442.73,-41.6,0.51,12.88,扣非亏损,扣非亏损,亏损
002679.SZ,福建金森,-63.29,365.44,3.22,-3.82,-3.73,0.4,0.21,0.0,57.08,-28.99,-2.45,31.5,,62.54,11.6,扣非亏损,亏损
002681.SZ,奋达科技,51.45,755.29,4.25,5.45,6.59,4.24,,0.0,22.2,6.0,-9.25,2.37,,48.17,318.55,277.25,15.62
002682.SZ,龙洲股份,-28.1,-8.65,1.88,-5.44,-5.17,0.14,,0.0,3.4,-3.93,33.91,-12.03,25.34,75.93,扣非亏损,扣非亏损,亏损
002685.SZ,华东重机,183.39,-11.54,5.65,1.09,2.34,0.55,,0.0,6.89,1.75,117.17,80.39,,59.96,扣非亏损,扣非转亏,156.75
002686.SZ,亿利达,59.87,3553.01,2.25,2.66,2.85,2.17,0.3,0.0,24.75,4.32,-13.85,-2.96,11.26,41.87,-1201.27,2673.44,42.01
002687.SZ,乔治白,33.94,21.75,1.68,1.84,3.77,2.37,3.75,0.0,48.65,6.35,-75.04,-18.57,0.57,22.71,-1.17,23.6,18.0
002688.SZ,金河生物,23.25,41.28,1.57,4.57,5.09,3.26,2.08,0.0,33.27,6.82,7.89,5.57,19.75,56.3,7.41,18.07,9.14
002689.SZ,远大智能,-378.55,-71.41,3.58,-4.12,-0.71,-0.05,,0.0,24.7,-1.11,-408.59,-21.42,,38.65,扣非亏损,扣非亏损,亏损
002690.SZ,美亚光电,23.67,24.33,5.54,16.51,17.03,14.78,3.56,0.0,50.45,28.52,-20.14,-4.78,,18.77,-5.09,2.95,2.78
002691.SZ,冀凯股份,-112.83,-48.22,2.32,-4.42,-1.53,-0.28,,0.0,25.37,-7.34,-35.99,-11.24,,22.56,扣非亏损,扣非亏损,亏损
002692.SZ,远程股份,48.85,82.64,2.9,3.77,4.51,2.87,0.44,0.0,10.44,1.62,40.84,40.09,,63.97,2.06,43.81,21.66
002693.SZ,双成药业,-253.0,-259.0,29.42,-8.82,-8.36,-5.5,,0.0,59.95,-40.64,-170.06,-30.34,,43.45,扣非亏损,扣非亏损,亏损
002694.SZ,顾地科技,-49.07,-37.5,8.06,-16.68,-11.35,-5.16,,0.0,8.86,-10.84,-1035.98,-11.89,,56.38,扣非亏损,扣非亏损,亏损
002695.SZ,煌上煌,43.86,182.89,1.66,2.29,2.83,2.64,1.72,0.0,33.64,5.35,-26.8,-8.11,1.2,15.13,-22.54,159.81,31.0
002696.SZ,百洋股份,-44.68,-29.18,1.33,-2.19,-2.21,-0.98,,0.0,7.64,-1.41,-315.08,7.8,2.35,51.99,扣非亏损,扣非亏损,亏损
002697.SZ,红旗连锁,14.38,16.38,1.73,8.38,9.22,6.19,2.49,0.0,29.13,5.02,-8.72,1.65,,47.9,9.91,3.91,3.12
002698.SZ,博实股份,25.84,30.49,4.3,12.1,12.69,8.3,1.65,0.0,34.75,21.94,7.4,9.2,0.01,42.1,3.31,5.04,4.07
002700.SZ,ST浩源,41.44,54.65,5.48,9.45,10.13,8.36,1.43,0.0,27.0,16.47,-15.02,3.48,,21.14,15.68,11.56,8.18
002701.SZ,奥瑞金,13.8,17.28,1.54,8.35,8.52,7.08,2.9,0.0,17.3,6.95,9.4,1.4,0.63,49.03,12.32,4.14,3.24
002702.SZ,海欣食品,-79.7,-66.37,2.34,-2.43,-2.1,-0.42,0.64,0.0,17.78,-2.06,-2723.64,0.67,5.04,45.93,扣非亏损,扣非亏损,亏损
002703.SZ,浙江世宝,76.09,77.99,5.96,6.21,6.38,4.32,0.18,0.0,19.7,7.01,345.89,54.49,,35.81,1.43,25.12,23.85
002705.SZ,新宝股份,11.77,12.42,1.54,10.23,9.93,6.84,2.75,0.0,21.41,6.51,-0.57,17.99,0.34,47.14,0.69,2.43,2.37
002706.SZ,良信股份,19.42,22.61,1.96,6.52,6.47,6.16,2.83,0.0,31.32,9.94,-24.75,-9.58,0.46,26.08,-2.36,6.93,6.0
002707.SZ,众信旅游,47.15,66.37,8.8,14.48,15.24,7.57,,0.0,13.04,2.87,1055.73,130.05,,76.47,0.51,9.17,6.19
002708.SZ,光洋股份,108.8,-286.29,3.33,2.08,2.35,1.4,,0.0,14.51,1.37,137.0,31.25,,47.06,扣非亏损,扣非转亏,92.59
002709.SZ,天赐材料,93.63,105.3,3.26,2.16,2.56,2.72,1.2,0.0,18.48,3.8,-83.23,-26.9,1.6,44.21,-3.91,97.33,73.15
002712.SZ,思美传媒,-366.05,-21.06,2.16,-0.62,-0.44,0.81,,0.0,3.7,-0.12,6.13,9.54,0.72,46.94,扣非亏损,扣非亏损,亏损
002713.SZ,东易日盛,-2.49,-4.57,-3.73,,,-22.0,,0.0,31.48,-51.43,-101.06,-45.96,-68.43,117.98,扣非亏损,,
002714.SZ,牧原股份,17.56,27.54,3.44,16.61,15.36,6.98,,0.0,17.27,11.62,754.04,16.64,,58.38,1.65,3.31,2.29
002715.SZ,登云股份,148.99,100.43,5.23,2.82,2.68,2.76,,0.0,31.04,2.99,11.76,-6.03,,58.58,-16.66,71.15,111.19
002716.SZ,湖南白银,67.06,-228.18,3.4,3.13,4.36,4.08,,0.0,6.34,2.29,411.85,54.78,,46.87,扣非亏损,扣非转亏,30.76
002717.SZ,岭南股份,-16.73,-5.03,3.11,-16.8,-13.14,-0.64,,0.0,2.31,-34.46,-60.18,-51.02,18.32,85.08,扣非亏损,扣非亏损,亏损
002718.SZ,友邦吊顶,-35.09,-39.64,1.7,-3.67,-3.48,-1.85,1.18,0.0,24.46,-7.63,-202.11,-32.66,,31.72,扣非亏损,扣非亏损,亏损
002719.SZ,麦趣尔,-13.38,-14.34,4.21,-17.65,-21.1,-6.21,,0.0,15.6,-18.46,-15.16,-11.34,,70.47,扣非亏损,扣非亏损,亏损
002721.SZ,ST金一,10213.97,-35.13,4.07,-0.63,0.03,-0.47,,0.0,22.11,0.22,97.22,-78.82,0.43,6.06,扣非亏损,扣非亏损,680931.65
002722.SZ,物产金轮,20.47,22.48,1.22,4.18,4.43,4.54,1.23,0.0,17.32,5.8,24.64,-3.69,20.51,22.52,-6.09,10.76,9.24
002723.SZ,小崧股份,-37.55,-31.51,1.65,-3.31,-3.23,0.35,0.19,0.0,14.16,-2.53,-487.99,-3.54,5.18,56.91,扣非亏损,扣非亏损,亏损
002724.SZ,海洋王,63.21,-84.96,1.56,0.59,1.85,0.31,0.49,0.0,63.59,1.84,-68.64,-4.2,2.59,17.64,扣非亏损,扣非转亏,68.34
002725.SZ,跃岭股份,-404.74,-140.21,3.59,-0.88,-0.66,-1.09,,0.0,9.77,-1.24,70.67,3.9,,24.45,扣非亏损,扣非亏损,亏损
002726.SZ,龙大美食,78.34,-9.48,5.51,4.63,5.45,2.21,,0.0,4.84,0.98,114.39,-20.7,1.55,70.94,扣非亏损,扣非转亏,28.75
002727.SZ,一心堂,22.57,22.19,1.14,4.45,3.75,2.61,1.73,0.0,31.73,2.26,-49.44,6.06,25.48,54.06,3.66,9.98,12.04
002728.SZ,特一药业,597.18,73.07,2.75,0.13,0.32,0.04,2.79,0.0,38.84,1.32,-98.7,-38.87,30.39,30.09,-1.88,1138.13,3732.39
002729.SZ,好利科技,54.53,78.93,4.79,6.52,6.78,6.15,0.12,0.0,33.08,12.37,391.89,42.56,,16.67,1.85,24.22,16.09
002730.SZ,电光科技,32.37,29.14,1.83,4.21,4.27,2.81,1.37,0.0,40.23,8.48,-12.09,-15.37,0.27,36.98,-1.9,13.83,15.16
002731.SZ,萃华珠宝,14.4,59.21,1.38,7.17,7.41,3.46,0.64,0.0,12.7,2.31,25.18,0.9,25.42,71.91,65.48,16.51,3.89
002732.SZ,燕塘乳业,23.51,29.24,1.75,5.6,5.7,4.92,0.78,0.0,25.76,6.24,-44.02,-12.03,0.03,21.51,-2.43,10.44,8.25
002733.SZ,雄韬股份,32.52,119.44,1.9,4.18,4.36,3.5,1.0,0.0,19.15,4.54,-11.12,-11.86,0.08,48.37,-10.07,57.14,14.92
002735.SZ,王子新材,250.41,86.31,2.39,0.83,0.71,0.72,0.37,0.0,17.12,1.09,22.92,9.42,9.66,33.83,9.16,206.82,705.38
002736.SZ,国信证券,19.11,19.37,1.47,4.32,4.74,,3.16,0.0,,39.76,0.33,-1.38,0.01,76.39,-14.05,8.96,8.06
002737.SZ,葵花药业,15.78,18.44,2.76,9.96,12.32,11.28,5.77,0.0,52.23,20.41,-42.05,-29.95,1.95,20.79,-0.62,3.7,2.56
002738.SZ,中矿资源,35.08,49.04,2.14,3.45,4.52,5.52,2.68,0.0,35.46,15.23,-79.49,-28.69,10.03,24.76,-1.71,28.45,15.52
002739.SZ,万达电影,121.31,-90.2,3.35,1.02,2.08,3.06,,0.0,23.98,1.8,-92.53,-13.23,52.64,66.75,扣非亏损,扣非转亏,116.64
002741.SZ,光华科技,591.03,-37.95,3.94,0.44,0.5,0.69,,0.0,9.98,0.37,102.07,-8.26,,56.39,扣非亏损,扣非转亏,2364.12
002742.SZ,ST三圣,-33.61,-3.9,9.24,-59.69,-9.16,3.38,,0.0,19.45,-3.2,-25.17,-38.96,125.36,88.02,扣非亏损,扣非亏损,亏损
002743.SZ,富煌钢构,27.51,32.96,0.77,2.02,2.1,1.86,1.12,0.0,13.89,2.37,-17.85,-19.39,,68.82,-1.7,32.58,26.2
002746.SZ,仙坛股份,36.31,326.2,1.19,1.25,2.44,1.46,2.13,0.0,3.71,3.66,-74.33,-12.17,0.01,35.86,-26.8,520.67,29.77
002747.SZ,埃斯顿,-170.91,-137.79,5.86,-4.07,-2.53,0.52,0.32,0.0,29.67,-1.83,-222.85,4.38,55.2,73.99,扣非亏损,扣非亏损,亏损
002750.SZ,*ST龙津,-87.57,-16.71,2.17,-3.25,-1.84,-1.99,,0.0,72.76,-26.94,49.14,-34.41,0.5,11.51,扣非亏损,扣非亏损,亏损
002752.SZ,昇兴股份,12.02,14.0,1.66,10.22,10.71,5.45,1.93,0.0,14.34,7.01,20.94,-3.43,2.61,57.4,-4.09,2.74,2.25
002753.SZ,永东股份,22.61,20.26,1.08,3.53,3.56,3.34,1.66,0.0,5.23,2.59,40.35,-5.54,,28.7,-3.66,11.49,12.7
002755.SZ,奥赛康,71.9,123.49,4.08,3.47,4.31,3.01,,0.0,81.82,7.92,145.61,23.64,,20.97,5.22,71.18,33.37
002758.SZ,浙农股份,23.21,20.23,1.1,2.83,3.54,2.23,2.88,0.0,4.75,0.94,-36.16,5.17,5.63,61.33,3.91,14.32,13.11
002759.SZ,天际股份,-16.95,-23.5,0.98,-4.19,-4.14,-3.1,0.94,0.0,-1.21,-16.39,-757.07,-11.83,36.37,32.82,扣非亏损,扣非亏损,亏损
002760.SZ,凤形股份,118.0,-45.3,2.54,-0.51,1.58,0.88,0.46,0.0,17.81,3.27,88.25,-16.06,10.28,34.18,扣非亏损,扣非亏损,149.37
002761.SZ,浙江建投,55.18,-6770.19,1.57,1.85,1.17,0.18,0.49,0.0,4.47,0.45,-68.46,-18.12,1.76,91.44,扣非亏损,扣非转亏,94.32
002762.SZ,金发拉比,-203.82,-71.73,3.35,-1.33,-1.21,-1.2,0.56,0.0,51.26,-7.35,-1101.83,-7.63,1.0,6.56,扣非亏损,扣非亏损,亏损
002763.SZ,汇洁股份,17.12,33.17,1.42,5.79,6.11,6.98,4.76,0.0,68.57,6.68,-43.29,0.74,0.58,26.31,44.71,11.47,5.6
002765.SZ,蓝黛科技,58.48,-20.23,3.26,2.54,4.27,2.38,,0.0,13.35,4.01,72.9,25.86,5.26,53.41,扣非亏损,扣非转亏,27.39
002766.SZ,索菱股份,92.74,97.73,7.21,5.32,6.03,2.56,,0.0,22.11,4.21,133.77,41.45,0.53,40.73,2.36,36.73,30.76
002767.SZ,先锋电子,159.3,79.88,2.55,0.76,1.2,0.76,0.1,0.0,32.62,2.04,-71.41,0.23,,27.67,351.9,211.1,265.5
002768.SZ,国恩股份,10.37,12.56,1.33,8.99,9.92,3.93,0.84,0.0,8.27,3.44,11.18,11.79,5.12,59.56,1.07,2.79,2.09
002769.SZ,普路通,-44.04,-31.51,2.2,-3.91,-3.61,1.35,,0.0,46.42,-13.01,29.77,-9.31,,88.59,扣非亏损,扣非亏损,亏损
002771.SZ,真视通,-141.14,-109.39,6.72,-3.87,-3.36,-2.31,,0.0,13.26,-12.04,59.95,10.01,,38.45,扣非亏损,扣非亏损,亏损
002772.SZ,众兴菌业,23.79,71.95,0.83,1.92,2.59,1.92,3.8,0.0,19.78,6.18,-58.47,-2.48,,46.03,-29.03,75.13,18.37
002773.SZ,康弘药业,14.07,15.6,2.17,11.81,11.96,12.31,2.06,0.0,89.88,28.29,19.57,13.75,,8.45,1.13,2.64,2.35
002774.SZ,快意电梯,20.01,20.81,1.87,5.65,6.82,4.6,4.82,0.0,27.03,7.64,-5.4,-6.86,,39.68,-3.03,7.37,5.87
002775.SZ,文科股份,257.22,-11.79,9.46,-6.8,1.93,1.87,,0.0,19.0,0.66,25.52,-37.85,13.14,94.04,扣非亏损,扣非亏损,266.55
002777.SZ,久远银海,379.18,235.17,5.8,0.43,1.14,0.53,0.48,0.0,42.63,2.03,-92.99,-16.84,1.28,33.07,-13.97,1093.29,665.22
002778.SZ,中晟高科,-44.71,-12.18,5.49,-10.67,-8.8,-0.26,,0.0,12.91,-8.22,-99.03,-29.05,21.54,62.48,扣非亏损,扣非亏损,亏损
002779.SZ,中坚科技,120.59,214.3,8.94,4.73,5.59,4.05,0.6,0.0,26.39,6.31,-21.47,31.38,,33.32,6.83,90.59,43.14
002780.SZ,三夫户外,176.27,72.73,2.89,0.54,1.24,1.26,,0.0,56.23,0.15,-56.38,-7.54,0.66,40.81,-9.65,268.83,284.31
002782.SZ,可立克,34.04,37.16,3.63,7.85,8.16,4.3,0.57,0.0,13.48,4.72,25.31,-4.94,2.28,51.91,-7.52,9.46,8.34
002783.SZ,凯龙股份,29.12,38.43,1.76,4.54,5.18,4.03,0.86,0.0,29.76,6.85,-40.74,-5.32,5.13,58.52,-7.23,16.93,11.25
002785.SZ,万里石,2567.81,-179.58,8.61,-0.49,0.25,0.02,,0.0,12.51,-1.03,-313.89,3.35,,36.36,扣非亏损,扣非亏损,20542.49
002786.SZ,银宝山新,-37.27,-16.63,17.08,-33.12,-33.42,-1.52,,0.0,12.8,-7.8,15.53,-2.52,,90.27,扣非亏损,扣非亏损,亏损
002787.SZ,华源控股,43.55,82.48,2.14,3.37,3.65,3.16,,0.0,14.02,3.09,206.15,4.99,,42.6,16.52,48.9,23.86
002788.SZ,鹭燕医药,9.96,9.69,1.11,8.62,8.47,4.04,3.34,0.0,7.34,1.67,2.75,4.32,9.33,74.98,2.24,2.25,2.35
002789.SZ,建艺集团,340.75,-3.07,57.22,-55.63,12.38,2.03,,0.0,13.17,0.7,-527.25,25.13,110.75,97.14,扣非亏损,扣非亏损,55.05
002790.SZ,瑞尔特,20.12,22.56,1.62,5.41,5.99,4.92,2.39,0.0,28.48,7.31,-30.63,10.59,0.04,19.09,2.13,8.34,6.72
002791.SZ,坚朗五金,251.15,71.28,1.93,0.02,0.64,0.66,0.25,0.0,31.3,1.1,-99.04,-11.51,,41.56,-6.2,5890.98,784.86
002792.SZ,通宇通讯,115.68,405.91,2.86,0.83,1.91,1.11,1.19,0.0,25.39,6.11,243.17,-1.79,,21.21,-226.36,980.57,121.13
002793.SZ,罗欣药业,-14.39,-7.57,2.42,-12.44,-11.75,-4.95,,0.0,42.8,-16.89,-13.35,2.98,0.09,55.94,扣非亏损,扣非亏损,亏损
002795.SZ,永和智控,-22.55,-11.59,3.08,-9.87,-9.98,-3.71,,0.0,17.96,-13.0,-133.91,-15.28,13.44,57.48,扣非亏损,扣非亏损,亏损
002796.SZ,世嘉科技,84.27,-354.73,3.67,-0.44,3.25,1.74,,0.0,12.03,3.34,83.24,-7.07,,40.16,扣非亏损,扣非亏损,51.86
002798.SZ,帝欧家居,-8.84,-2.29,0.95,-7.57,-6.72,-0.54,,0.0,21.43,-6.88,-114.94,-25.4,,70.05,扣非亏损,扣非亏损,亏损
002799.SZ,环球印务,74.9,-11.36,2.0,1.9,2.0,1.83,0.3,0.0,13.65,2.06,-37.72,-9.89,5.24,32.03,扣非亏损,扣非转亏,74.9
002800.SZ,天顺股份,78.5,2334.42,3.59,2.93,3.46,2.66,,0.0,5.76,1.97,18.58,29.55,,55.2,79.0,1592.11,45.38
002801.SZ,微光股份,16.91,18.55,3.14,14.06,14.64,13.72,1.38,0.0,32.49,22.79,1.37,6.75,,17.9,2.75,2.64,2.31
002802.SZ,洪汇新材,37.77,45.39,3.51,6.01,6.83,6.96,1.95,0.0,29.64,12.88,31.13,27.27,,9.89,1.66,15.11,11.06
002803.SZ,吉宏股份,32.06,39.46,2.58,5.36,5.75,4.69,2.72,0.0,42.88,3.38,-59.75,-20.96,0.43,31.41,-1.88,14.73,11.15
002805.SZ,丰元股份,-24.87,-11.41,2.22,-6.73,-6.12,-2.62,,0.0,-11.01,-16.48,10.99,-57.79,,51.26,扣非亏损,扣非亏损,亏损
002806.SZ,华锋股份,349.3,-8.82,2.93,-0.38,0.6,1.62,,0.0,19.59,0.61,93.99,39.28,28.04,55.09,扣非亏损,扣非亏损,1164.32
002807.SZ,江阴银行,6.83,5.51,0.58,6.4,6.56,,5.35,0.0,,37.31,11.99,1.33,,90.41,4.15,1.72,2.08
002808.SZ,ST恒久,-37.13,-28.66,2.63,-6.17,-5.1,-4.33,0.39,0.0,15.29,-14.88,23.37,9.46,,23.86,扣非亏损,扣非亏损,亏损
002809.SZ,红墙股份,33.88,36.44,1.13,1.89,2.39,1.87,1.38,0.0,28.98,8.41,-46.0,-16.98,,35.51,-2.15,38.61,28.35
002810.SZ,山东赫达,18.25,28.66,2.25,8.31,9.15,6.52,0.94,0.0,27.1,13.8,-21.45,21.78,6.2,43.43,1.32,6.89,3.99
002812.SZ,恩捷股份,62.25,44.67,1.44,1.59,1.74,1.39,3.08,0.0,20.96,6.0,-79.71,-17.91,1.88,42.78,-2.49,56.34,71.55
002813.SZ,路畅科技,-64.46,-65.6,10.59,-12.11,-11.64,-7.31,,0.0,21.0,-19.68,-106.76,-4.34,,32.77,扣非亏损,扣非亏损,亏损
002815.SZ,崇达技术,30.09,42.71,1.5,3.37,3.68,2.92,2.09,0.0,23.59,6.51,-37.16,6.23,0.01,37.78,6.86,25.32,16.35
002816.SZ,和科达,-45.48,-22.94,7.54,-14.26,-11.7,-9.93,,0.0,-4.0,-72.26,-1.83,-30.08,,31.18,扣非亏损,扣非亏损,亏损
002817.SZ,黄山胶囊,35.57,38.46,2.1,4.24,4.47,3.78,0.97,0.0,25.62,11.86,-24.02,-2.54,,13.96,-15.16,18.15,15.92
002819.SZ,东方中科,-82.97,-22.64,2.28,-3.3,-2.86,-2.81,0.12,0.0,20.63,-6.36,19.09,-9.24,6.7,30.09,扣非亏损,扣非亏损,亏损
002820.SZ,桂发祥,37.21,55.85,1.91,3.58,3.76,3.54,1.75,0.0,46.24,8.87,-42.71,-0.86,0.36,8.63,-64.8,31.23,19.79
002821.SZ,凯莱英,33.51,43.35,1.91,3.89,3.98,3.05,1.55,0.0,43.6,16.91,-67.41,-35.14,0.88,11.04,-1.23,22.28,16.84
002822.SZ,ST中装,-2.23,-1.72,1.32,-32.97,-32.9,-8.6,,0.0,-13.89,-42.27,-698.25,-28.13,8.65,70.82,扣非亏损,扣非亏损,亏损
002824.SZ,和胜股份,71.76,61.89,3.17,2.83,3.31,2.03,0.93,0.0,12.19,2.47,-48.62,14.35,0.42,52.55,4.31,43.79,43.36
002826.SZ,易明医药,38.81,332.14,2.95,2.21,5.68,5.28,0.25,0.0,67.05,8.31,49.61,-4.73,2.26,22.52,-70.23,300.44,13.67
002827.SZ,高争民爆,62.54,82.69,10.42,11.51,12.95,5.4,0.9,0.0,26.91,9.93,25.24,1.37,4.21,58.27,60.17,14.37,9.66
002828.SZ,贝肯能源,60.64,76.39,3.29,3.85,3.94,2.34,0.85,0.0,21.97,3.99,-37.43,-9.86,6.66,65.33,-7.75,39.66,30.78
002829.SZ,星网宇达,-137.37,-40.0,2.31,-1.48,-1.25,-1.33,,0.0,38.06,-13.74,-127.0,-66.53,5.47,29.82,扣非亏损,扣非亏损,亏损
002830.SZ,名雕股份,79.76,44.64,2.65,2.34,2.43,1.67,1.61,0.0,31.66,4.36,7.49,-13.75,,50.5,-3.25,38.22,65.64
002832.SZ,比音勒芬,11.43,13.24,2.28,14.72,14.62,12.88,3.15,0.0,76.42,25.4,1.3,7.3,,24.5,1.81,1.8,1.56
002835.SZ,同为股份,19.6,20.15,3.39,12.45,13.53,10.56,1.17,0.0,43.06,17.41,47.5,13.43,,20.6,1.5,3.24,2.9
002836.SZ,新宏泽,30.62,36.91,5.26,11.84,11.86,11.06,1.14,0.0,31.96,17.31,486.24,138.19,,26.58,0.27,6.24,5.16
002837.SZ,英维克,56.02,56.88,9.45,12.67,13.39,7.39,0.73,0.0,31.73,12.25,78.46,38.61,5.65,50.16,1.47,8.98,8.37
002838.SZ,道恩股份,45.5,50.53,2.0,2.7,3.2,2.75,0.51,0.0,11.2,2.92,3.4,12.05,1.23,43.75,4.19,37.36,28.44
002839.SZ,张家港行,5.23,5.64,0.66,8.27,8.89,,5.15,0.0,,41.16,7.92,2.88,,91.53,1.96,1.36,1.18
002840.SZ,华统股份,105.82,-67.04,3.49,2.05,2.54,2.4,,0.0,6.01,0.87,109.4,5.21,2.76,74.42,扣非亏损,扣非转亏,83.32
002841.SZ,视源股份,20.76,23.0,2.04,6.89,7.34,4.22,1.86,0.0,21.98,5.73,-4.55,11.5,1.94,43.69,2.0,6.68,5.66
002842.SZ,翔鹭钨业,-42.15,-12.42,2.5,-7.91,-4.01,0.17,,0.0,5.97,-2.49,-34.47,-4.61,0.45,60.86,扣非亏损,扣非亏损,亏损
002843.SZ,泰嘉股份,56.87,50.24,3.55,4.77,4.66,2.0,0.75,0.0,16.65,4.58,-15.21,-6.62,9.54,45.57,-7.58,21.05,24.41
002845.SZ,同兴达,59.5,58.97,2.09,2.37,2.64,0.35,0.45,0.0,7.49,1.0,668.53,15.33,0.19,70.59,3.85,49.69,45.08
002846.SZ,英联股份,1230.16,528.93,2.44,-0.11,0.15,1.04,0.22,0.0,10.75,0.05,66.85,12.69,2.29,57.34,41.69,转盈,16402.15
002848.SZ,高斯贝尔,-18.34,-12.12,15.4,-58.12,-58.83,-15.87,,0.0,3.26,-52.54,-132.18,-41.37,,69.34,扣非亏损,扣非亏损,亏损
002849.SZ,威星智能,44.51,138.56,2.95,4.77,5.08,3.78,0.21,0.0,35.26,7.7,2.22,0.08,,43.17,1760.64,58.14,17.53
002850.SZ,科达利,21.57,21.31,2.66,9.09,9.21,6.96,1.78,0.0,23.19,11.8,27.75,10.6,,37.7,2.01,4.69,4.68
002851.SZ,麦格米特,42.22,56.3,5.08,7.91,8.9,4.33,0.89,0.0,25.66,7.14,18.1,21.06,1.5,57.7,2.67,14.24,9.49
002852.SZ,道道全,19.97,71.57,1.46,3.88,5.53,4.33,2.03,0.0,8.91,2.67,-39.02,-20.0,,56.9,-3.58,36.88,7.22
002853.SZ,皮阿诺,166.66,-525.18,1.38,-0.8,0.61,0.34,1.55,0.0,23.59,0.88,-121.88,-27.94,,35.15,扣非亏损,扣非亏损,546.43
002855.SZ,捷荣技术,-30.75,-27.64,9.93,-22.5,-21.61,-8.46,,0.0,10.46,-19.25,-300.64,-28.75,,63.68,扣非亏损,扣非亏损,亏损
002856.SZ,美芝股份,-17.24,-5.59,4.63,-18.19,-18.48,-2.08,,0.0,-4.48,-13.24,-235.77,-15.86,12.49,84.51,扣非亏损,扣非亏损,亏损
002857.SZ,三晖电气,-55.21,-97.25,3.23,-5.06,-4.19,-3.31,0.22,0.0,31.86,-15.45,-130.92,-1.59,,39.73,扣非亏损,扣非亏损,亏损
002858.SZ,力盛体育,111.19,-11.28,3.6,2.02,2.44,3.62,,0.0,24.57,9.84,1336.61,20.68,19.68,32.93,扣非亏损,扣非转亏,91.14
002859.SZ,洁美科技,40.32,36.87,3.32,5.84,5.96,3.71,0.8,0.0,36.5,13.2,1.82,19.08,0.69,49.95,1.93,12.62,13.53
002860.SZ,星帅尔,14.57,18.94,1.66,7.77,8.3,5.29,0.77,0.0,18.92,9.8,-19.41,-33.7,2.96,43.94,-0.56,4.87,3.51
002861.SZ,瀛通通讯,-45.92,-22.04,2.53,-4.43,-3.92,-1.26,1.01,0.0,18.19,-5.49,-1.38,8.16,,52.67,扣非亏损,扣非亏损,亏损
002862.SZ,实丰文化,432.62,-47.93,6.32,-0.07,1.1,1.56,,0.0,34.31,1.42,97.97,39.92,,37.41,扣非亏损,扣非亏损,786.58
002864.SZ,盘龙药业,25.84,29.57,1.92,5.11,5.66,3.82,0.57,0.0,61.77,12.45,-5.8,0.1,,28.7,306.74,11.58,9.13
002865.SZ,钧达股份,-31.36,-9.97,4.32,-16.81,-9.55,-2.31,0.96,0.0,0.29,-5.08,-146.74,-42.96,21.2,75.81,扣非亏损,扣非亏损,亏损
002866.SZ,传艺科技,79.0,2105.66,2.28,1.88,2.19,0.1,0.07,0.0,23.98,1.57,-43.96,11.34,0.29,51.0,185.75,2234.96,72.15
002868.SZ,绿康生化,-12.4,-8.55,10.12,-52.9,-46.98,-7.45,,0.0,-2.28,-33.38,-69.92,18.69,23.8,84.78,扣非亏损,扣非亏损,亏损
002869.SZ,金溢科技,142.72,317.63,2.75,0.73,1.46,0.48,0.49,0.0,35.93,8.82,23.24,0.68,,16.46,470.08,869.99,195.51
002870.SZ,香山股份,26.72,25.98,2.81,7.74,8.07,4.03,0.28,0.0,23.52,4.36,-22.99,6.08,29.78,66.97,4.27,6.71,6.62
002871.SZ,伟隆股份,18.42,20.02,2.83,10.61,10.78,8.56,2.68,0.0,41.15,22.65,5.05,-1.8,,34.21,-11.1,3.78,3.42
002872.SZ,ST天圣,-29.92,-20.93,0.71,-2.87,-1.75,-1.17,,0.0,44.92,-9.22,36.25,-0.99,,25.79,扣非亏损,扣非亏损,亏损
002873.SZ,新天药业,31.02,74.03,2.46,3.91,5.82,4.52,0.56,0.0,73.9,9.23,-49.2,-14.8,,46.69,-5.0,37.84,10.66
002875.SZ,安奈儿,-36.08,-36.69,5.03,-10.21,-9.93,-6.19,,0.0,51.25,-17.41,2.63,-19.86,,32.27,扣非亏损,扣非亏损,亏损
002876.SZ,三利谱,63.56,84.8,2.33,3.13,2.77,2.0,0.07,0.0,15.94,3.48,75.23,21.72,0.34,51.55,3.9,54.2,45.89
002877.SZ,智能自控,62.81,50.7,2.46,2.71,2.84,2.49,0.43,0.0,27.85,4.29,-59.09,2.66,,51.71,19.07,37.38,44.23
002878.SZ,元隆雅图,107.91,810.31,2.07,1.23,1.44,1.23,0.27,0.0,16.64,1.4,-45.86,-7.14,10.9,33.05,-113.53,1317.16,149.87
002879.SZ,长缆科技,37.5,29.76,1.64,3.09,3.27,2.48,1.56,0.0,40.92,7.66,100.42,11.13,3.16,25.54,2.67,19.25,22.93
002880.SZ,卫光生物,27.28,27.75,3.1,8.57,8.74,7.63,1.14,0.0,41.75,21.37,20.48,16.14,0.89,31.48,1.72,6.48,6.24
002881.SZ,美格智能,56.23,81.22,4.48,6.02,6.03,5.12,0.37,0.0,16.25,4.15,109.72,39.9,,34.65,2.04,27.0,18.65
002882.SZ,金龙羽,45.58,69.23,3.62,5.83,5.97,4.87,1.33,0.0,13.17,4.72,-26.84,-5.0,,40.4,-13.84,23.77,15.27
002883.SZ,中设股份,65.94,63.05,2.45,2.47,2.81,1.92,0.53,0.0,34.0,4.41,-44.18,-16.33,4.84,34.31,-3.86,51.02,46.93
002884.SZ,凌霄泵业,16.05,16.61,3.2,14.57,14.71,14.87,5.76,0.0,36.53,28.27,18.6,23.57,,6.77,0.7,2.28,2.18
002885.SZ,京泉华,71.04,-256.8,2.81,2.18,2.97,1.63,0.08,0.0,12.39,2.02,-60.21,5.26,,54.73,扣非亏损,扣非转亏,47.84
002886.SZ,沃特股份,127.72,720.06,2.42,0.9,1.42,1.74,0.03,0.0,17.91,2.36,41.69,16.29,1.95,49.49,44.2,1603.52,179.89
002887.SZ,绿茵生态,33.24,66.65,1.03,1.87,2.2,2.04,2.88,0.0,35.43,21.86,-40.56,-0.83,,43.18,-80.03,71.23,30.22
002888.SZ,惠威科技,770.61,-10432.6,7.88,1.78,0.75,0.7,0.27,0.0,34.99,1.73,651.67,7.43,,14.53,扣非亏损,扣非转亏,2054.97
002889.SZ,东方嘉盛,26.12,43.22,2.63,5.64,7.83,5.24,0.33,0.0,12.55,7.26,-9.43,25.07,0.71,42.61,1.72,15.32,6.67
002890.SZ,弘宇股份,101.43,127.3,3.15,1.7,2.32,1.99,0.65,0.0,18.54,5.38,-13.0,-9.97,,19.76,-12.77,150.11,87.44
002891.SZ,中宠股份,26.76,33.91,4.1,10.32,12.12,9.08,0.91,0.0,27.55,9.48,42.17,17.56,8.57,38.98,1.93,6.57,4.42
002892.SZ,科力尔,116.34,163.71,8.38,5.37,5.32,3.45,0.56,0.0,19.07,5.35,24.85,26.37,,40.26,6.21,60.95,43.74
002893.SZ,京能热力,51.58,47.02,2.52,3.7,3.71,2.74,0.74,0.0,18.49,6.42,25.85,0.03,3.14,42.98,1588.52,25.42,27.81
002895.SZ,川恒股份,13.22,12.93,2.08,11.06,11.51,7.51,5.26,0.0,35.29,16.88,31.63,29.36,,45.55,0.44,2.34,2.3
002896.SZ,中大力德,66.57,89.38,4.36,4.04,5.01,3.99,0.22,0.0,24.86,7.66,0.2,-9.79,,27.38,-9.13,44.21,26.57
002897.SZ,意华股份,29.5,39.3,3.59,10.11,10.59,5.63,0.27,0.0,19.15,5.32,136.07,34.17,11.13,60.3,1.15,7.77,5.57
002898.SZ,赛隆药业,-409.62,-466.64,3.82,-0.76,-0.69,0.24,0.14,0.0,45.43,-1.69,-86.86,-2.94,,37.14,扣非亏损,扣非亏损,亏损
002899.SZ,英派斯,23.96,28.37,1.66,5.62,6.42,4.07,0.43,0.0,31.7,9.74,19.2,36.09,,43.16,0.79,10.09,7.46
002900.SZ,哈三联,65.72,112.11,1.66,1.55,1.9,1.13,1.47,0.0,51.1,4.47,3.44,-9.1,0.06,39.64,-12.32,145.01,69.18
002901.SZ,大博医疗,45.01,85.48,4.55,6.78,7.66,6.09,0.62,0.0,68.47,17.21,297.2,35.88,2.08,26.96,2.38,25.21,11.75
002902.SZ,铭普光磁,-33.15,-16.31,5.57,-15.29,-14.15,-4.6,,0.0,12.6,-11.69,-245.15,-19.09,,59.54,扣非亏损,扣非亏损,亏损
002903.SZ,宇环数控,159.57,2086.65,3.61,0.7,1.67,0.92,0.78,0.0,38.88,4.1,-81.39,7.62,,25.93,273.66,5944.86,191.1
002905.SZ,金逸影视,-18.2,-10.34,54.5,-161.34,-106.01,-0.08,,0.0,15.18,-13.11,-812.42,-26.94,,98.44,扣非亏损,扣非亏损,亏损
002906.SZ,华阳集团,27.88,28.23,2.76,7.37,7.56,4.97,0.99,0.0,21.49,6.85,61.31,42.62,0.77,43.77,0.66,7.66,7.37
002908.SZ,德生科技,366.55,163.91,3.85,0.49,0.78,0.76,0.35,0.0,40.51,2.88,-88.83,-24.9,7.9,20.45,-6.58,669.3,939.86
002909.SZ,集泰股份,106.01,574.85,2.14,1.22,1.47,1.65,0.66,0.0,25.45,1.53,-24.64,-5.64,2.62,57.77,-101.91,943.84,144.23
002910.SZ,庄园牧场,-10.32,-8.42,1.44,-10.66,-9.81,-4.6,,0.0,10.93,-18.33,-224.51,-9.17,,52.39,扣非亏损,扣非亏损,亏损
002911.SZ,佛燃能源,23.71,19.45,3.42,6.08,10.96,4.87,5.23,0.0,6.19,2.28,10.3,26.11,0.62,53.27,0.74,6.4,4.33
002912.SZ,中新赛克,-85.9,-578.48,3.42,-3.04,-2.85,-3.55,1.07,0.0,76.44,-12.96,-204.64,-21.24,,21.38,扣非亏损,扣非亏损,亏损
002913.SZ,奥士康,22.0,22.86,1.89,6.31,6.63,4.13,3.24,0.0,23.69,8.43,-34.65,2.6,,46.41,8.79,7.24,6.64
002915.SZ,中欣氟材,-63.99,-19.76,2.54,-3.15,-2.94,-1.01,,0.0,9.4,-4.15,-16.4,12.05,13.48,48.71,扣非亏损,扣非亏损,亏损
002916.SZ,深南电路,27.87,33.79,3.89,10.04,10.88,7.06,1.27,0.0,25.91,11.4,86.67,37.92,,42.47,0.89,6.73,5.12
002917.SZ,金奥博,23.12,27.47,2.13,6.71,6.94,4.85,1.01,0.0,33.8,11.23,35.78,13.1,6.63,40.8,2.1,8.19,6.66
002918.SZ,蒙娜丽莎,20.14,140.93,1.15,3.53,4.02,2.65,2.22,0.0,27.59,3.99,-63.79,-21.41,0.21,57.4,-6.58,79.85,10.02
002919.SZ,名臣健康,32.47,-2264.52,4.8,11.4,11.47,8.59,0.59,0.0,61.68,9.83,-41.15,-24.44,11.83,27.39,扣非亏损,扣非转亏,5.66
002920.SZ,德赛西威,39.94,36.52,8.36,17.13,16.69,8.35,0.65,0.0,20.55,7.47,67.73,31.13,0.08,53.02,1.17,4.26,4.79
002921.SZ,联诚精密,-46.55,-54.15,1.51,-2.21,-2.16,0.43,0.61,0.0,14.09,-3.05,-2802.12,-4.45,,53.96,扣非亏损,扣非亏损,亏损
002922.SZ,伊戈尔,24.37,28.89,2.17,6.11,6.65,4.75,2.02,0.0,22.14,6.75,20.73,28.78,1.17,53.91,1.0,9.46,7.33
002923.SZ,润都股份,70.05,161.72,3.02,2.24,3.18,2.35,1.62,0.0,46.37,4.24,-45.43,-7.23,,46.93,-22.36,144.17,44.06
002926.SZ,华西证券,70.35,72.36,1.04,1.12,1.11,,0.64,0.0,,11.35,-29.91,-13.78,0.06,75.65,-5.25,128.65,126.75
002928.SZ,华夏航空,27.98,395.85,3.37,8.98,9.46,3.89,,0.0,5.92,5.95,141.52,33.81,,83.13,11.71,88.16,5.92
002929.SZ,润建股份,22.58,27.73,1.41,4.62,4.75,1.74,0.6,0.0,16.07,3.95,-28.78,-3.01,2.96,62.23,-9.2,12.01,9.51
002930.SZ,宏川智慧,24.28,29.16,2.2,5.46,6.39,4.43,1.29,0.0,50.99,17.75,-37.21,-6.29,26.81,66.86,-4.64,10.69,7.6
002933.SZ,新兴装备,167.31,2949.26,2.52,0.22,1.14,0.81,0.07,0.0,26.22,5.02,-62.5,19.56,,37.38,150.77,27396.71,293.52
002935.SZ,天奥电子,345.25,94.58,4.74,0.95,1.03,0.45,0.44,0.0,26.49,2.76,-31.93,-10.2,,42.15,-9.27,199.28,670.39
002936.SZ,郑州银行,6.68,15.24,0.45,4.14,5.14,,,0.0,,25.32,-18.14,-13.71,,91.48,-1.11,7.37,2.6
002937.SZ,兴瑞科技,21.13,20.52,3.65,12.24,12.46,8.4,1.53,0.0,26.96,12.99,0.74,-0.6,,36.69,-34.45,3.35,3.39
002938.SZ,鹏鼎控股,30.88,24.43,2.67,6.42,6.53,4.35,2.24,0.0,20.47,8.4,8.89,14.82,0.07,30.61,1.65,7.61,9.46
002939.SZ,长城证券,25.52,28.31,1.27,3.76,3.77,,1.44,21.25,,38.91,-9.5,-9.45,0.04,75.05,-3.0,7.52,6.77
002940.SZ,昂利康,43.63,48.92,1.93,2.58,3.16,3.25,0.97,0.0,40.09,9.52,-54.33,-5.51,17.5,42.0,-8.88,37.93,27.61
002941.SZ,新疆交建,34.39,23.21,2.53,5.18,5.58,1.51,1.23,0.0,13.06,4.46,-23.18,-23.53,0.02,73.72,-0.99,8.96,12.33
002942.SZ,新农股份,23.53,436.2,1.98,5.07,6.39,5.37,1.02,0.0,29.39,9.85,523.41,14.18,,27.21,30.75,171.91,7.36
002943.SZ,宇晶股份,102.51,126.02,3.44,1.8,2.46,1.4,1.43,0.0,23.51,2.68,-74.28,3.1,0.53,61.79,40.67,140.23,83.34
002945.SZ,华林证券,118.11,136.68,7.19,4.84,4.66,,0.03,0.0,,29.73,86.05,34.98,0.06,74.33,3.91,56.52,50.69
002946.SZ,新乳业,18.3,19.92,3.94,18.14,16.92,7.01,1.31,10.16,29.09,5.97,29.5,-0.54,32.19,66.25,-36.88,1.1,1.08
002947.SZ,恒铭达,22.15,23.56,3.05,11.92,13.31,10.64,1.55,0.0,32.79,18.36,67.49,41.05,2.44,20.26,0.57,3.95,3.33
002948.SZ,青岛银行,4.79,5.64,0.61,8.26,9.51,,5.25,0.0,,33.95,16.52,8.14,,93.49,0.69,1.37,1.01
002949.SZ,华阳国际,20.38,23.96,2.13,6.55,7.15,4.24,5.73,0.0,34.03,14.61,-2.1,-22.9,0.05,49.08,-1.05,7.32,5.7
002950.SZ,奥美医疗,15.65,29.64,1.66,7.5,8.13,6.81,0.29,0.0,27.99,10.84,15.22,21.39,2.92,34.83,1.39,7.91,3.85
002952.SZ,亚世光电,206.55,333.93,5.38,1.46,1.96,1.26,0.21,0.0,11.88,2.96,-27.06,-2.71,,19.87,-123.06,455.96,210.77
002953.SZ,日丰股份,23.41,24.18,2.14,6.93,6.98,4.31,0.79,0.0,11.9,4.1,14.75,6.44,2.39,46.18,3.76,6.98,6.71
002955.SZ,鸿合科技,18.98,26.5,1.76,6.36,6.93,5.6,1.32,0.0,31.36,8.68,-19.22,-9.93,0.66,27.95,-2.67,8.33,5.48
002956.SZ,西麦食品,21.32,30.82,2.06,6.03,7.54,6.3,2.16,0.0,42.61,7.58,6.28,26.49,1.08,23.03,1.16,10.22,5.66
002957.SZ,科瑞技术,32.82,51.63,2.46,5.13,5.67,4.15,0.9,0.0,38.9,11.45,25.15,-11.17,6.54,41.85,-4.62,20.12,11.58
002958.SZ,青农商行,4.05,6.73,0.49,7.83,8.88,,3.82,0.0,,37.94,7.51,2.58,,91.31,2.61,1.72,0.91
002959.SZ,小熊电器,31.35,31.43,2.86,4.64,6.56,4.06,2.31,0.0,35.62,5.95,-52.99,-5.4,1.49,49.49,-5.82,13.54,9.56
002960.SZ,青鸟消防,19.36,19.38,1.42,4.88,5.46,4.73,2.53,0.0,37.6,10.05,-36.65,-3.4,8.16,22.9,-5.71,7.94,7.09
002961.SZ,瑞达期货,20.82,23.09,2.77,9.61,9.86,,1.48,0.0,,16.26,58.39,104.66,0.09,81.55,0.22,4.81,4.22
002962.SZ,五方光电,56.17,60.07,2.63,3.22,3.49,2.27,0.85,0.0,16.12,7.35,61.89,36.97,,13.2,1.62,37.36,32.19
002963.SZ,豪尔赛,219.12,69.53,1.18,0.95,0.41,0.54,,0.0,29.7,1.6,125.13,-12.33,,22.06,-5.64,146.62,1068.88
002965.SZ,祥鑫科技,17.37,16.42,1.52,7.23,7.27,4.23,1.46,0.0,13.89,5.57,-4.12,24.88,,44.46,0.66,4.54,4.78
002967.SZ,广电计量,40.55,45.13,2.76,4.51,5.19,3.21,1.0,0.0,44.54,8.54,46.21,10.01,5.29,40.88,4.51,20.0,15.63
002968.SZ,新大正,16.25,19.38,1.89,7.93,8.79,6.58,2.28,0.0,12.29,4.56,-17.3,12.41,10.01,38.15,1.56,4.89,3.7
002970.SZ,锐明技术,29.32,39.08,5.28,13.3,14.82,7.55,1.63,0.0,39.15,11.61,174.52,55.17,0.23,44.66,0.71,5.88,3.96
002971.SZ,和远气体,63.97,61.48,3.76,3.72,4.45,2.47,0.36,0.0,18.82,5.01,2.85,7.57,0.75,72.87,8.12,33.08,28.75
002973.SZ,侨银股份,13.52,14.05,1.85,11.03,10.57,5.89,0.91,0.0,27.33,8.83,2.41,-1.22,0.17,68.07,-11.49,2.55,2.56
002975.SZ,博杰股份,2696.57,-85.67,2.48,-0.62,0.09,0.1,,0.0,44.61,-0.38,29.83,23.03,1.18,37.49,扣非亏损,扣非亏损,59923.8
002976.SZ,瑞玛精密,-373.18,-135.31,3.47,-1.47,-0.3,-0.42,0.42,0.0,21.01,-0.6,-121.46,0.64,9.15,59.18,扣非亏损,扣非亏损,亏损
002977.SZ,天箭科技,388.79,320.53,3.44,0.66,0.66,0.2,0.51,0.0,52.1,5.34,-83.95,-5.93,,14.94,-54.04,976.49,1178.16
002979.SZ,雷赛智能,47.08,47.93,6.4,10.4,10.55,7.61,0.56,0.0,38.64,12.77,83.12,9.62,0.54,37.18,4.98,9.22,8.93
002980.SZ,华盛昌,25.56,31.83,3.56,9.8,10.22,8.95,2.19,0.0,46.89,19.7,24.5,14.3,1.97,22.88,2.23,6.5,5.0
002981.SZ,朝阳科技,32.0,43.65,3.26,7.74,8.13,5.16,1.07,0.0,23.2,6.48,-6.55,17.65,8.05,41.31,2.47,11.28,7.87
002982.SZ,湘佳股份,23.73,-994.85,1.76,5.48,5.22,3.18,,0.0,17.88,3.07,247.44,5.46,,55.31,扣非亏损,扣非转亏,9.09
002983.SZ,芯瑞达,49.86,57.18,3.84,5.0,5.68,4.56,1.13,0.0,19.92,9.8,-47.96,-24.6,,23.66,-2.32,22.87,17.56
002986.SZ,宇新股份,13.07,15.2,1.14,6.27,6.7,4.71,0.64,0.0,19.25,4.61,-34.74,21.96,,45.82,0.69,4.85,3.9
002987.SZ,京北方,32.55,31.04,3.62,8.4,8.57,6.86,0.91,0.0,22.61,6.56,-5.71,10.05,,16.33,3.09,7.39,7.6
002989.SZ,中天精装,-30.49,-31.43,3.05,-6.65,-6.74,-4.69,,0.0,6.76,-40.56,-610.14,-59.42,,39.61,扣非亏损,扣非亏损,亏损
002990.SZ,盛视科技,40.88,52.27,2.56,3.81,4.75,3.31,1.16,0.0,40.52,12.06,-39.42,-20.26,,30.02,-2.58,27.45,17.21
002992.SZ,宝明科技,-122.79,-113.15,16.32,-10.76,-9.6,-2.43,,0.0,9.01,-7.3,19.09,27.04,,67.35,扣非亏损,扣非亏损,亏损
002993.SZ,奥海科技,20.66,27.28,1.67,4.84,6.16,3.92,2.36,0.0,19.81,6.64,-19.2,27.4,1.2,41.48,1.0,11.27,6.71
002995.SZ,天地在线,-81.45,-75.92,3.47,-3.3,-3.15,-2.74,,0.0,6.17,-2.82,0.92,-17.03,,24.38,扣非亏损,扣非亏损,亏损
002996.SZ,顺博合金,20.44,22.32,1.42,2.7,5.43,3.21,0.92,0.0,3.17,1.63,387.51,20.86,,73.31,1.07,16.51,7.53
002997.SZ,瑞鹄模具,20.78,24.96,3.39,12.21,13.14,5.68,0.9,0.0,24.28,16.52,71.42,32.99,,59.05,0.76,4.09,3.16
002998.SZ,优彩资源,16.08,17.14,1.22,5.44,5.29,4.09,2.52,0.0,11.38,6.01,-18.36,-13.95,,31.54,-1.23,6.3,6.08
002999.SZ,天禾股份,158.49,48.08,1.86,0.58,0.49,0.7,1.6,0.0,5.09,0.07,-86.78,-4.39,2.32,80.76,-10.95,166.06,646.88
003001.SZ,中岩大地,109.77,145.67,4.55,3.19,3.11,2.31,0.67,0.0,24.96,6.68,194.39,-17.21,0.25,31.85,-8.46,91.21,70.59
003002.SZ,壶化股份,34.24,33.18,3.54,7.05,7.87,6.18,1.65,0.0,40.3,13.67,-30.44,-18.88,5.61,27.94,-1.76,9.41,8.7
003003.SZ,天元股份,25.1,29.7,1.33,3.21,3.99,3.27,0.87,0.0,18.08,5.52,58.76,-20.93,,30.86,-1.42,18.53,12.58
003004.SZ,声迅股份,-55.9,182.72,3.1,-3.77,-3.55,-2.23,0.66,0.0,40.14,-27.18,-44.93,-7.38,0.19,31.67,-24.75,扣非亏损,亏损
003005.SZ,竞业达,127.81,208.2,2.74,1.28,1.62,1.02,,0.0,50.19,7.95,411.79,22.02,0.11,18.91,9.46,325.06,157.79
003006.SZ,百亚股份,34.95,41.14,7.94,16.24,17.26,14.56,3.63,0.0,54.88,10.26,31.76,57.51,0.01,27.68,0.72,5.07,4.05
003007.SZ,直真科技,-59.39,142.93,3.94,-5.22,-4.79,-4.18,0.61,0.0,64.34,-22.84,15.31,-5.49,2.21,13.49,-26.03,扣非亏损,亏损
003010.SZ,若羽臣,38.19,37.8,2.8,5.29,5.01,3.98,1.48,0.0,46.5,5.0,73.27,39.25,1.1,27.46,0.96,14.29,15.25
003011.SZ,海象新材,832.13,-20.24,1.33,0.37,0.12,0.92,4.24,0.0,27.73,0.16,-96.2,-18.23,,37.8,扣非亏损,扣非转亏,13868.75
003012.SZ,东鹏控股,18.33,19.28,0.99,3.85,4.01,2.73,3.64,0.0,31.23,6.56,-49.33,-18.27,0.05,36.29,-1.05,10.03,9.14
003013.SZ,地铁设计,16.87,15.25,2.62,11.88,11.97,5.88,2.99,0.0,36.09,15.69,3.94,3.05,,55.14,5.0,2.57,2.82
003015.SZ,日久光电,57.37,135.34,4.49,5.3,5.85,5.47,0.85,0.0,26.95,12.7,8340.85,24.75,,14.75,5.47,51.11,19.61
003016.SZ,欣贺股份,-90.3,-56.87,1.31,-1.35,-1.06,-1.31,2.82,0.0,67.53,-2.87,-134.3,-21.52,,22.83,扣非亏损,扣非亏损,亏损
003017.SZ,大洋生物,23.99,22.32,1.59,4.73,5.13,3.42,3.5,0.0,19.05,7.63,48.36,-6.01,,36.24,-3.72,9.43,9.35
003018.SZ,金富科技,15.23,17.42,1.52,7.64,7.61,7.9,1.88,0.0,27.58,15.93,26.85,13.78,4.44,13.76,1.26,4.56,4.0
003019.SZ,宸展光电,19.65,23.68,2.88,9.83,10.85,8.43,1.99,0.0,23.47,8.44,36.35,50.29,,38.54,0.47,4.82,3.62
003020.SZ,立方制药,23.31,24.34,2.14,6.56,6.96,5.2,1.78,0.0,69.92,10.28,-24.1,-26.2,3.87,24.67,-0.93,7.43,6.7
003021.SZ,兆威机电,63.7,76.96,4.29,4.11,5.09,3.9,0.59,0.0,31.55,15.05,49.01,29.99,,20.27,2.57,37.45,25.03
003022.SZ,联泓新科,95.49,110.67,3.16,2.09,2.49,1.5,0.44,0.0,15.33,3.51,19.3,0.62,0.85,58.44,177.56,105.69,76.7
003023.SZ,彩虹集团,20.44,17.41,1.29,4.68,4.78,3.45,1.97,0.0,42.33,9.28,18.18,7.53,,30.97,2.31,7.43,8.55
003025.SZ,思进智能,17.81,28.33,3.16,8.72,13.66,13.49,1.48,0.0,38.26,32.79,54.53,46.81,,14.54,0.61,6.49,2.61
003026.SZ,中晶科技,301.3,-1202.68,8.02,1.66,1.85,1.76,,0.0,34.46,7.11,150.99,25.27,,51.46,扣非亏损,扣非转亏,325.73
003027.SZ,同兴环保,71.46,2844.56,1.1,0.4,1.15,0.79,0.33,0.0,19.13,5.44,-59.93,-23.93,1.32,25.21,-118.85,14337.48,124.27
003029.SZ,吉大正元,-56.83,-34.71,4.43,-6.21,-5.81,-3.75,,0.0,56.7,-21.85,11.89,-13.02,,24.38,扣非亏损,扣非亏损,亏损
003030.SZ,祖名股份,-117.51,-239.97,1.87,-1.39,-1.16,0.42,0.69,0.0,23.7,-1.9,-144.92,13.46,,52.13,扣非亏损,扣非亏损,亏损
003031.SZ,中瓷电子,52.13,56.03,4.38,5.41,6.43,5.77,0.44,0.0,34.44,22.5,106.17,-1.09,0.1,19.98,-51.39,20.72,16.21
003032.SZ,传智教育,-78.65,-39.26,3.21,-4.42,-3.06,-3.37,0.11,0.0,34.76,-22.8,-181.72,-59.45,,17.45,扣非亏损,扣非亏损,亏损
003033.SZ,征和工业,17.06,19.47,1.82,7.73,8.07,5.18,1.4,0.0,22.41,7.4,13.77,8.31,4.66,46.13,2.34,5.03,4.23
003035.SZ,南网能源,90.96,166.08,2.69,2.15,2.24,2.27,0.17,11.11,35.43,7.38,-57.12,3.78,0.3,61.25,43.91,77.27,40.61
003036.SZ,泰坦股份,18.36,27.63,1.46,4.67,6.2,3.41,3.39,0.0,16.34,6.79,-38.96,10.81,1.27,53.81,2.56,11.83,5.92
003037.SZ,三和管桩,139.73,284.14,1.41,-0.02,0.75,1.23,0.45,0.0,9.74,0.47,-101.68,-13.38,,59.96,-21.24,转盈,372.61
003038.SZ,鑫铂股份,21.99,19.4,1.3,3.94,4.32,2.11,1.16,0.0,7.45,2.2,-36.28,31.23,,68.82,0.62,9.86,10.18
003039.SZ,顺控发展,33.91,36.67,3.46,7.48,7.75,7.08,1.14,0.0,44.28,21.71,10.89,24.31,1.63,44.73,1.51,9.8,8.75
003040.SZ,楚天龙,-158.34,-178.79,4.24,-2.14,-1.92,-1.79,0.78,0.0,28.86,-4.09,-144.63,-27.02,,25.39,扣非亏损,扣非亏损,亏损
003041.SZ,真爱美家,24.8,44.18,1.4,3.09,4.21,2.36,2.4,0.0,19.62,9.0,-54.74,-10.97,,37.39,-4.03,28.62,11.78
003042.SZ,中农联合,-30.5,-13.47,1.6,-4.16,-3.87,-0.91,,0.0,11.21,-3.67,32.98,12.7,,63.26,扣非亏损,扣非亏损,亏损
003043.SZ,华亚智能,50.2,56.88,3.21,4.85,5.52,3.39,0.5,0.0,30.11,16.11,-4.74,16.73,16.07,36.72,3.4,23.45,18.19
003816.SZ,中国广核,15.71,19.54,1.76,8.41,8.6,5.37,3.02,0.0,36.72,24.89,0.91,4.06,0.25,59.45,4.82,4.65,3.65
300001.SZ,特锐德,41.55,40.23,3.58,5.66,6.59,2.5,0.5,0.0,20.52,4.13,122.13,11.56,2.4,67.12,3.48,14.2,12.61
300002.SZ,神州泰岳,17.55,22.75,3.75,13.22,17.36,16.13,0.68,0.0,61.95,23.95,54.84,11.42,21.16,12.55,1.99,3.44,2.02
300004.SZ,南风股份,61.51,-1569.03,2.0,1.83,2.46,2.09,,0.0,31.48,9.63,643.02,63.84,,14.82,扣非亏损,扣非转亏,50.0
300005.SZ,探路者,55.37,7420.25,3.6,4.41,4.98,3.5,0.36,0.0,48.89,7.69,159.51,19.04,11.4,25.36,389.71,3366.11,22.24
300006.SZ,莱美药业,-152.89,-61.37,2.62,-2.69,-1.28,-0.83,,0.0,63.4,-2.56,-99.94,-6.07,2.13,30.6,扣非亏损,扣非亏损,亏损
300007.SZ,汉威科技,59.49,378.59,2.21,0.86,2.79,1.39,0.48,0.0,29.75,4.21,-61.73,1.85,4.34,47.32,204.49,885.39,42.65
300008.SZ,天海防务,100.43,121.03,5.07,3.78,3.89,2.86,,0.0,16.0,3.33,-11.41,-1.94,,51.18,-62.26,64.11,51.64
300009.SZ,安科生物,20.38,21.83,4.07,14.47,15.47,14.02,2.45,0.0,77.75,31.22,-11.93,-4.95,1.64,17.2,-4.41,3.02,2.63
300010.SZ,豆神教育,138.82,-67.21,18.92,10.72,10.83,3.82,,0.0,45.39,19.6,222.74,-12.93,28.93,47.15,扣非亏损,扣非转亏,25.64
300011.SZ,鼎汉技术,224.18,290.69,3.53,0.59,1.19,1.44,,0.0,29.9,1.36,128.88,20.27,,64.6,14.34,988.41,376.77
300012.SZ,华测检测,25.13,31.07,3.71,10.83,11.59,9.59,0.7,0.0,50.88,17.11,3.18,7.71,13.41,21.92,4.03,5.74,4.34
300013.SZ,*ST新宁,-40.66,-17.97,-10.23,,,-0.98,,0.0,18.76,-9.33,20.47,17.4,,126.91,扣非亏损,,
300014.SZ,亿纬锂能,24.77,33.97,2.88,7.01,8.9,3.89,1.18,0.0,17.38,9.62,16.0,-4.16,0.16,60.35,-8.16,9.69,5.57
300015.SZ,爱尔眼科,32.57,42.56,7.35,15.86,17.37,14.21,0.95,0.0,51.02,22.5,0.26,1.58,40.47,34.69,26.85,5.37,3.75
300016.SZ,北陆药业,113.58,-123.29,2.36,1.52,1.47,2.13,,0.0,50.04,2.6,275.59,12.3,2.54,38.62,扣非亏损,扣非转亏,154.54
300017.SZ,网宿科技,40.66,55.73,2.42,3.16,4.47,3.6,3.18,0.0,30.45,12.06,3.24,2.64,,18.34,21.14,35.28,18.19
300018.SZ,中元股份,38.39,49.53,2.67,5.2,5.33,4.44,0.82,0.0,46.44,19.59,101.11,23.2,0.47,11.61,2.13,19.04,14.41
300019.SZ,硅宝科技,27.85,24.94,2.35,5.97,6.46,4.93,1.82,0.0,20.64,7.55,-32.17,11.51,2.81,34.04,2.17,8.36,8.62
300020.SZ,*ST银江,-10.34,-6.48,0.57,-4.08,-4.05,-2.08,,0.0,16.74,-31.26,-218.55,-44.74,,40.55,扣非亏损,扣非亏损,亏损
300021.SZ,大禹节水,95.62,-706.84,2.04,-0.61,1.48,1.26,0.63,0.0,22.98,0.73,-146.32,2.17,4.47,72.17,扣非亏损,扣非亏损,129.21
300022.SZ,吉峰科技,-76.82,-149.99,4.53,-4.79,-4.33,1.14,,0.0,12.28,0.08,-846.46,4.07,9.43,58.3,扣非亏损,扣非亏损,亏损
300024.SZ,机器人,-236.68,-155.58,7.24,-3.72,-2.29,-0.78,,0.0,14.4,-4.37,-6.59,0.75,,60.15,扣非亏损,扣非亏损,亏损
300025.SZ,华星创业,-90.99,-99.98,7.7,-6.44,-6.19,-4.14,,0.0,10.53,-8.37,-83.46,-3.16,0.04,33.62,扣非亏损,扣非亏损,亏损
300026.SZ,红日药业,57.95,139.23,1.48,1.8,1.92,1.98,0.71,0.0,52.2,4.33,-64.12,-9.78,7.73,21.2,-14.24,154.32,60.36
300027.SZ,华谊兄弟,-153.83,-28.99,13.98,-7.06,-6.5,0.41,,0.0,42.61,-10.73,83.5,-16.24,18.8,79.09,扣非亏损,扣非亏损,亏损
300029.SZ,ST天龙,-182.14,-222.98,75.88,-31.2,-27.02,-1.42,,0.0,13.55,-4.2,61.62,-43.22,,94.25,扣非亏损,扣非亏损,亏损
300030.SZ,阳普医疗,-36.98,-24.86,3.08,-1.92,-6.06,-2.44,,0.0,40.04,-10.59,-267.62,-10.78,2.74,46.07,扣非亏损,扣非亏损,亏损
300031.SZ,宝通科技,25.45,25.07,2.1,7.03,6.39,4.64,0.32,0.0,40.65,11.3,174.34,1.24,18.09,29.96,20.26,7.13,7.97
300032.SZ,金龙机电,-57.64,-10.41,6.41,-10.51,-7.88,-2.84,,0.0,12.45,-5.74,-14028.31,-53.23,0.43,59.7,扣非亏损,扣非亏损,亏损
300033.SZ,同花顺,188.17,131.5,24.08,8.95,9.5,5.66,1.4,0.0,85.69,27.88,-16.74,-1.59,0.06,26.9,-82.8,29.38,39.61
300034.SZ,钢研高纳,45.64,46.44,4.09,6.53,6.82,5.38,0.61,0.0,31.43,12.98,-0.21,4.74,8.13,47.18,9.8,14.23,13.38
300035.SZ,中科电气,47.13,35.31,2.53,4.45,3.98,3.7,1.42,0.0,19.41,6.7,899.7,10.27,9.11,54.78,3.44,15.87,23.68
300036.SZ,超图软件,276.05,664.86,3.39,0.49,0.88,0.69,0.48,0.0,62.45,2.64,-87.03,-25.35,15.02,30.41,-26.23,2707.63,627.4
300037.SZ,新宙邦,35.0,35.67,3.53,7.55,7.48,4.84,1.27,0.0,27.09,12.48,-5.16,1.51,4.18,41.49,23.58,9.46,9.36
300039.SZ,上海凯宝,25.12,23.17,1.89,5.37,-1.84,5.09,1.5,0.0,81.3,19.32,11.93,-2.87,,10.93,-8.08,8.62,转盈
300040.SZ,九洲集团,40.54,-157.99,1.39,0.61,2.5,2.85,1.25,0.0,31.65,8.11,-67.06,21.05,2.09,59.05,扣非亏损,扣非转亏,32.43
300041.SZ,回天新材,24.15,59.77,1.88,3.9,5.67,3.55,1.0,0.0,18.29,5.4,-59.58,-1.91,0.81,54.27,-31.3,30.63,8.52
300042.SZ,朗科科技,-50.42,-53.95,4.32,-7.11,-6.25,-5.72,,0.0,9.84,-12.41,-74.18,-43.12,,14.78,扣非亏损,扣非亏损,亏损
300043.SZ,星辉娱乐,-14.04,-11.18,2.55,-13.54,-12.68,-6.53,,0.0,23.7,-22.39,-567.05,-29.48,41.15,59.51,扣非亏损,扣非亏损,亏损
300044.SZ,赛为智能,-293.22,-34.75,11.12,-4.3,-2.81,-0.1,,0.0,35.42,-12.15,19.42,-50.1,,60.0,扣非亏损,扣非亏损,亏损
300045.SZ,华力创通,-498.13,-726.6,11.18,-1.62,-1.67,-1.33,,0.0,35.9,-6.45,-1384.95,6.86,0.95,29.59,扣非亏损,扣非亏损,亏损
300046.SZ,台基股份,428.05,235.69,9.5,4.08,1.68,0.99,,0.0,30.63,6.72,78.01,4.35,,7.82,54.2,115.5,509.58
300047.SZ,天源迪科,250.76,-279.17,3.23,0.79,0.97,2.12,0.17,0.0,9.31,1.32,20.06,39.37,15.86,43.6,扣非亏损,扣非转亏,517.02
300048.SZ,合康新能,434.37,-38.49,3.68,0.46,0.64,0.94,,0.0,15.02,0.77,121.4,213.64,1.79,59.88,扣非亏损,扣非转亏,1357.4
300049.SZ,福瑞股份,78.34,91.76,6.65,6.15,6.38,7.53,,0.0,76.5,16.24,21.98,21.42,7.05,31.78,4.28,29.83,24.56
300050.SZ,世纪鼎利,-143.68,-21.41,8.09,-4.29,-4.16,-2.9,,0.0,29.67,-9.79,-70.87,-26.84,0.94,31.49,扣非亏损,扣非亏损,亏损
300051.SZ,琏升科技,-39.61,-33.06,13.42,-28.96,-22.6,-6.21,,0.0,-4.31,-67.39,-307.48,112.47,,73.21,扣非亏损,扣非亏损,亏损
300052.SZ,中青宝,-117.13,-61.24,12.78,-8.32,-7.9,-3.23,,0.0,21.85,-19.79,-177.2,-9.87,,45.67,扣非亏损,扣非亏损,亏损
300053.SZ,航宇微,-151.93,-22.07,6.19,-3.62,-2.73,-2.12,,0.0,42.54,-30.05,-266.48,-33.55,1.53,24.82,扣非亏损,扣非亏损,亏损
300054.SZ,鼎龙股份,54.23,71.93,6.27,7.8,8.25,7.88,,0.0,46.45,19.46,165.26,29.54,11.42,34.79,2.43,18.45,13.15
300055.SZ,万邦达,703.23,-18.17,0.93,-0.37,0.1,0.04,0.24,0.0,5.65,0.47,-196.73,-16.68,,31.04,扣非亏损,扣非亏损,14064.6
300056.SZ,中创环保,-403.84,-44.55,20.31,-15.61,-3.36,-1.78,,0.0,16.7,-10.15,34.14,-18.04,39.42,73.84,扣非亏损,扣非亏损,亏损
300057.SZ,万顺新材,-114.88,-50.04,1.03,-0.89,-0.67,0.13,,0.0,5.12,-0.86,-107.03,23.19,4.43,48.58,扣非亏损,扣非亏损,亏损
300058.SZ,蓝色光标,121.42,-384.49,2.51,1.58,1.6,0.75,0.14,0.0,2.82,0.26,-62.24,25.09,22.09,62.49,扣非亏损,扣非转亏,151.77
300059.SZ,东方财富,55.34,58.23,5.79,7.65,8.14,2.43,0.28,0.0,83.72,269.4,-3.49,-13.96,3.83,76.43,-4.17,15.22,13.6
300061.SZ,旗天科技,-430.55,-23.72,15.38,-2.99,-2.64,-0.07,,0.0,30.81,-3.74,32.67,-26.15,23.01,51.16,扣非亏损,扣非亏损,亏损
300062.SZ,中能电气,-589.83,237.72,2.56,-0.72,-0.31,0.42,0.32,0.0,19.25,-0.63,-136.38,-11.59,1.79,55.94,-20.52,扣非亏损,亏损
300063.SZ,天龙集团,122.54,-377.57,4.91,2.75,3.04,3.23,,0.0,6.04,0.98,23.19,-13.06,0.8,43.27,扣非亏损,扣非转亏,80.62
300065.SZ,海兰信,555.11,-54.54,4.41,-0.73,0.6,0.36,,0.0,37.14,3.78,43.54,-48.02,0.28,25.28,扣非亏损,扣非亏损,1850.36
300066.SZ,三川智慧,55.86,82.5,2.13,2.3,2.87,1.23,0.99,0.0,14.94,4.63,-43.03,-26.75,5.03,15.37,-3.08,71.89,38.92
300067.SZ,安诺其,430.99,781.55,2.76,0.47,0.48,0.95,1.29,0.0,17.76,2.01,199.81,26.24,3.37,28.01,29.78,3347.11,1795.78
300068.SZ,南都电源,59.38,-59.81,3.59,0.78,4.52,2.37,0.5,0.0,10.26,2.87,-89.75,-28.72,2.36,73.26,扣非亏损,扣非转亏,26.28
300069.SZ,金利华电,84.65,486.04,7.01,5.19,6.41,3.82,,0.0,30.03,9.69,551.33,39.23,,47.19,12.39,187.18,26.41
300070.SZ,碧水源,-390.53,92.58,0.82,-0.21,-0.16,0.38,0.86,0.0,27.77,0.94,-148.58,-11.88,2.14,62.01,-7.79,扣非亏损,亏损
300071.SZ,福石控股,-102.54,-94.98,15.98,-14.03,-11.83,-2.45,,0.0,24.56,-3.5,-28.54,8.84,21.55,82.18,扣非亏损,扣非亏损,亏损
300072.SZ,海新能科,-11.52,-10.41,1.55,-9.35,-9.57,-5.66,,0.0,-0.76,-38.25,-1.39,-65.55,0.73,37.94,扣非亏损,扣非亏损,亏损
300073.SZ,当升科技,42.64,39.72,2.01,2.45,3.52,2.55,1.97,0.0,13.13,7.92,-80.35,-55.95,0.17,19.13,-0.71,32.4,24.23
300074.SZ,华平股份,-32.42,-40.75,2.51,-7.39,-5.71,-4.36,,0.0,42.71,-30.77,-224.32,-37.75,9.83,33.93,扣非亏损,扣非亏损,亏损
300075.SZ,数字政通,445.31,-198.5,3.07,0.47,0.51,0.1,0.28,0.0,36.51,2.99,-89.15,-34.45,10.6,16.82,扣非亏损,扣非转亏,1746.3
300076.SZ,GQY视讯,-76.46,-50.54,2.62,-3.3,-2.54,-2.44,,0.0,15.56,-29.26,-106.81,-6.2,,9.66,扣非亏损,扣非亏损,亏损
300077.SZ,国民技术,-104.01,-68.83,19.24,-9.65,-13.55,-3.28,,0.0,19.99,-20.22,64.82,8.01,2.81,69.27,扣非亏损,扣非亏损,亏损
300078.SZ,思创医惠,-10.61,-4.32,7.55,-52.77,-56.52,-9.74,,0.0,16.51,-50.61,-11.79,-29.54,1.56,74.74,扣非亏损,扣非亏损,亏损
300079.SZ,数码视讯,292.68,-943.5,2.07,0.61,0.53,-0.6,0.18,0.0,62.83,5.89,-11.76,-29.26,,6.35,扣非亏损,扣非转亏,1104.46
300080.SZ,易成新能,-18.64,-14.03,1.84,-10.01,-6.01,-2.22,,0.0,4.59,-19.44,-972.28,-63.22,0.57,58.34,扣非亏损,扣非亏损,亏损
300081.SZ,恒信东方,-21.23,-14.4,2.84,-9.64,-9.59,-8.13,,0.0,13.99,-61.24,-46.5,-15.1,20.49,39.69,扣非亏损,扣非亏损,亏损
300082.SZ,奥克股份,-26.17,-17.15,1.66,-5.06,-4.65,-2.21,,0.0,1.63,-4.29,29.23,0.69,2.35,43.98,扣非亏损,扣非亏损,亏损
300083.SZ,创世纪,49.54,93.34,2.6,3.3,4.03,3.69,,0.0,23.16,6.45,89.59,17.59,32.09,50.57,5.31,56.56,24.59
300084.SZ,海默科技,-35.86,-96.01,2.5,-5.35,-5.13,-1.46,,0.0,41.19,-17.06,-2792.81,-14.56,6.42,46.32,扣非亏损,扣非亏损,亏损
300085.SZ,银之杰,-457.48,-298.47,63.66,-10.16,-9.88,-4.37,,0.0,24.12,-9.73,-8.62,-15.03,0.64,47.64,扣非亏损,扣非亏损,亏损
300086.SZ,康芝药业,-15.24,-24.33,1.99,-10.89,-9.56,-5.97,,0.0,53.46,-34.26,-458.93,-19.46,1.61,38.58,扣非亏损,扣非亏损,亏损
300087.SZ,荃银高科,-103.04,85.8,6.59,-5.76,-4.54,-1.12,1.19,0.0,16.49,-5.8,-1253.65,32.26,7.98,69.39,2.66,扣非亏损,亏损
300088.SZ,长信科技,45.63,110.43,2.13,3.13,3.51,2.43,1.05,0.0,9.01,3.75,17.35,37.19,2.75,44.34,2.97,70.67,26.0
300091.SZ,金通灵,-26.09,-8.38,2.63,-7.36,-7.29,-2.15,,0.0,14.42,-14.86,-18.19,1.17,23.66,65.85,扣非亏损,扣非亏损,亏损
300092.SZ,科新机电,18.06,20.81,2.15,8.86,8.98,6.93,1.73,0.0,27.79,13.61,3.12,-9.95,,28.77,-2.09,4.7,4.02
300093.SZ,金刚光伏,-9.61,-8.35,-12.96,,,-10.14,,0.0,-201.0,-478.67,-96.75,-80.22,,111.76,扣非亏损,,
300094.SZ,国联水产,-53.39,-14.24,2.27,-3.74,-3.13,-0.83,,0.0,11.64,-3.02,60.77,-24.14,,46.36,扣非亏损,扣非亏损,亏损
300095.SZ,华伍股份,100.58,-426.82,1.58,0.83,1.17,1.26,1.22,0.0,25.2,2.18,-75.76,-10.01,12.51,38.09,扣非亏损,扣非转亏,171.93
300096.SZ,ST易联众,-17.08,-15.97,5.41,-21.96,-21.26,-7.86,,0.0,46.38,-23.96,39.96,-29.72,0.21,65.11,扣非亏损,扣非亏损,亏损
300097.SZ,智云股份,131.81,-83.33,3.51,1.93,2.02,1.86,,0.0,41.21,3.57,176.25,-9.26,8.43,37.25,扣非亏损,扣非转亏,130.5
300098.SZ,高新兴,-185.32,-76.75,4.02,-3.68,-1.62,-1.45,,0.0,34.83,-4.87,-38.07,-20.31,4.9,39.88,扣非亏损,扣非亏损,亏损
300100.SZ,双林股份,18.45,36.89,3.62,10.23,10.64,7.14,0.96,0.0,20.4,11.34,153.35,12.25,,54.45,3.01,7.21,3.47
300101.SZ,振芯科技,131.19,-616.58,7.12,2.97,4.05,2.71,,0.0,56.28,12.5,-58.58,-8.43,0.38,30.42,扣非亏损,扣非转亏,64.79
300102.SZ,乾照光电,193.43,87.77,3.11,0.59,1.19,1.2,,0.0,15.51,2.6,116.51,2.26,,37.12,38.79,297.63,325.1
300103.SZ,达刚控股,-74.84,-19.49,4.59,-4.94,-4.49,-2.28,,0.0,18.04,-23.39,11.47,-28.62,,37.95,扣非亏损,扣非亏损,亏损
300105.SZ,龙源技术,127.28,29.01,2.1,0.76,1.22,0.58,2.21,0.0,18.38,4.06,11.24,-6.57,,34.75,-4.41,76.11,208.65
300106.SZ,西部牧业,-41.73,-21.39,4.63,-9.32,-7.99,-2.79,,0.0,10.09,-5.55,-80.98,-19.81,0.25,47.95,扣非亏损,扣非亏损,亏损
300107.SZ,建新股份,383.4,456.46,4.64,0.78,0.92,-0.16,0.3,0.0,11.24,3.05,39.88,-4.23,,9.66,-107.79,1168.46,833.47
300108.SZ,*ST吉药,-6.48,-5.61,-3.9,,,-8.49,,0.0,37.05,-115.35,-46.06,7.07,-28.43,161.77,扣非亏损,,
300109.SZ,新开源,16.29,16.61,1.93,9.13,8.83,8.45,5.54,0.0,52.1,28.08,-19.8,-7.92,9.8,19.01,-2.1,3.64,3.69
300110.SZ,华仁药业,37.96,37.06,1.75,3.3,3.49,3.14,0.5,0.0,36.1,9.36,-28.66,-11.7,28.9,41.77,-3.17,22.49,21.75
300111.SZ,向日葵,1220.12,9941.74,6.65,0.28,0.41,-0.65,,0.0,23.91,2.18,113.13,-3.48,,19.83,-2860.93,72146.14,5951.83
300112.SZ,万讯自控,128.56,-248.33,2.51,0.71,1.34,1.57,1.74,0.0,46.66,2.54,-61.97,-1.7,9.22,30.86,扣非亏损,扣非转亏,191.88
300113.SZ,顺网科技,36.57,47.07,4.81,10.0,10.1,9.93,0.57,0.0,41.73,16.82,36.36,25.96,9.99,16.49,1.81,9.41,7.24
300114.SZ,中航电测,360.33,643.23,19.9,3.42,4.19,2.69,,0.0,36.91,8.73,-12.45,-3.05,1.19,38.79,-211.06,376.56,172.0
300115.SZ,长盈精密,32.43,55.19,3.32,5.48,8.87,4.09,,0.0,18.7,5.29,591.02,23.56,1.82,59.97,2.34,20.14,7.31
300117.SZ,*ST嘉寓,-5.35,-0.94,-0.87,,,-8.99,,0.0,-4.16,-52.81,-366.36,-56.07,,180.05,扣非亏损,,
300118.SZ,东方日升,-7.62,-9.2,1.19,-12.17,-10.94,-2.95,1.14,0.0,8.61,-10.44,-210.35,-46.81,,71.41,扣非亏损,扣非亏损,亏损
300119.SZ,瑞普生物,27.85,30.41,2.0,4.73,5.41,4.57,2.44,0.0,49.39,15.12,-8.38,10.06,6.3,33.32,3.02,12.85,10.3
300120.SZ,经纬辉开,90.5,-33.54,2.63,1.73,2.2,2.21,,0.0,11.94,2.51,-15.85,3.26,16.42,35.09,扣非亏损,扣非转亏,82.27
300121.SZ,阳谷华泰,42.03,37.02,2.39,5.11,5.73,5.7,2.82,14.49,19.01,7.3,-34.23,-3.5,0.45,27.56,-10.57,7.24,7.34
300122.SZ,智飞生物,25.52,19.9,2.33,6.81,6.78,4.87,1.31,0.0,27.23,9.44,-66.41,-41.98,0.06,41.46,-0.47,5.84,7.53
300123.SZ,亚光科技,-71.4,-18.35,3.26,-5.39,-3.36,0.94,,0.0,28.36,-9.09,-93.69,-32.14,51.05,56.78,扣非亏损,扣非亏损,亏损
300124.SZ,汇川技术,37.62,40.44,6.35,12.3,13.09,7.12,0.71,0.0,31.02,13.45,2.91,26.22,8.08,49.29,1.54,6.57,5.75
300125.SZ,ST聆达,-1.96,-1.96,-9.42,-378.59,,-33.55,,0.0,-68.76,-1173.06,-32795.52,-93.67,-0.58,112.74,扣非亏损,扣非亏损,
300126.SZ,锐奇股份,-85.29,-51.43,1.67,-2.5,-1.46,-0.94,0.14,0.0,13.39,-4.88,-918.18,-20.31,,15.5,扣非亏损,扣非亏损,亏损
300127.SZ,银河磁体,69.0,82.95,7.4,7.87,7.88,7.55,2.31,0.0,33.26,19.3,-22.11,-6.32,,5.71,-13.12,21.09,17.51
300128.SZ,锦富技术,-37.12,-21.06,8.53,-15.57,-15.21,-4.13,,0.0,12.45,-14.97,-30.66,17.01,17.12,64.64,扣非亏损,扣非亏损,亏损
300129.SZ,泰胜风能,38.47,43.02,1.74,3.15,3.43,2.51,0.46,0.0,16.55,5.23,-34.94,-0.94,0.35,50.13,-45.53,27.32,22.43
300130.SZ,新国都,38.3,20.92,3.55,12.65,6.83,4.27,2.77,24.97,41.99,12.07,5.03,-15.53,16.25,30.92,-1.35,1.65,5.61
300131.SZ,英唐智控,215.83,263.18,5.73,2.66,2.67,2.33,,0.0,7.84,1.01,37.79,11.27,22.17,51.98,23.35,198.08,161.67
300132.SZ,青松股份,62.88,57.76,2.1,2.37,2.48,1.69,,0.0,16.56,2.23,143.68,-3.79,2.02,42.74,-15.24,48.8,50.71
300133.SZ,华策影视,69.05,101.89,2.15,1.63,2.0,1.8,0.7,0.0,38.1,19.22,-55.01,-39.05,10.55,26.13,-2.61,124.81,69.05
300134.SZ,大富科技,-38.64,-30.35,2.74,-5.45,-5.2,-3.36,,0.0,19.96,-12.33,-458.52,-3.96,0.11,26.54,扣非亏损,扣非亏损,亏损
300135.SZ,宝利国际,434.07,-49.75,4.27,-2.75,0.73,0.73,,0.0,2.66,0.22,-21.08,11.96,,52.66,扣非亏损,扣非亏损,1189.22
300136.SZ,信维通信,39.78,79.33,3.94,5.77,7.35,4.39,0.42,0.0,20.8,8.26,-16.91,14.31,13.69,47.55,5.54,27.49,10.82
300137.SZ,先河环保,394.25,-17.77,1.59,0.02,0.3,-0.12,,0.0,38.18,0.74,-98.0,-9.11,8.4,19.53,扣非亏损,扣非转亏,2628.36
300138.SZ,晨光生物,53.76,80.37,1.46,0.45,1.92,1.58,0.97,0.0,7.37,0.87,-95.53,1.08,0.02,59.89,74.21,360.99,56.01
300139.SZ,晓程科技,93.28,-89.43,5.12,2.14,4.2,4.68,,0.0,54.12,26.07,-50.78,28.44,0.68,12.34,扣非亏损,扣非转亏,44.42
300141.SZ,和顺电气,-3335.9,495.3,3.61,-0.41,-0.08,0.21,0.11,0.0,22.46,-0.31,-248.04,18.87,,38.21,26.25,扣非亏损,亏损
300142.SZ,沃森生物,72.62,103.45,2.59,2.37,2.71,2.25,0.04,0.0,79.42,16.37,-59.84,-32.19,0.29,21.82,-3.21,87.48,53.59
300143.SZ,盈康生命,62.37,77.48,4.82,5.41,5.93,4.57,,0.0,26.16,6.78,-16.42,11.26,47.1,42.96,6.88,28.64,21.04
300144.SZ,宋城演艺,19.81,205.83,3.31,12.98,13.11,12.71,1.01,0.0,71.87,51.64,28.05,24.46,0.02,14.76,8.41,31.7,3.02
300145.SZ,中金环境,21.17,46.84,2.7,7.88,10.05,3.96,,0.0,35.29,7.49,0.02,-4.0,6.99,65.63,-11.72,11.88,4.21
300146.SZ,汤臣倍健,20.03,38.3,2.05,6.87,7.5,7.13,5.28,0.0,67.93,15.04,-55.11,-26.33,10.33,16.11,-1.45,11.15,5.34
300147.SZ,香雪制药,-32.7,-22.92,5.56,-11.29,-12.0,-0.09,,0.0,31.1,-12.84,-51.66,-11.26,9.44,73.72,扣非亏损,扣非亏损,亏损
300148.SZ,天舟文化,126.72,-91.99,3.73,1.53,2.21,1.1,,0.0,37.76,6.84,172.96,-0.63,,20.21,扣非亏损,扣非转亏,114.68
300149.SZ,睿智医药,-43.28,-3.75,2.61,-4.93,-4.42,-2.57,,0.0,19.22,-8.6,-78.07,-15.09,10.02,35.56,扣非亏损,扣非亏损,亏损
300150.SZ,世纪瑞尔,64.49,-347.18,1.84,2.09,2.16,1.93,,0.0,43.04,6.37,68.78,9.49,8.29,23.31,扣非亏损,扣非转亏,59.72
300152.SZ,新动力,-2026.24,-104.07,16.01,-0.56,-0.59,0.06,,0.0,23.85,-1.01,92.02,33.2,,59.89,扣非亏损,扣非亏损,亏损
300153.SZ,科泰电源,77.84,97.16,3.02,2.35,2.95,1.18,,0.0,12.88,3.34,56.46,16.72,,54.32,5.81,82.87,52.78
300154.SZ,瑞凌股份,16.88,55.2,1.83,3.08,7.88,6.5,2.7,0.0,21.76,17.58,-32.0,-7.51,0.4,29.66,-7.35,35.85,4.28
300155.SZ,安居宝,-106.55,-37.14,2.34,-2.23,-1.64,-2.41,,0.0,42.58,-15.03,-498.84,-42.1,0.55,10.04,扣非亏损,扣非亏损,亏损
300157.SZ,新锦动力,-18.15,-15.63,-11.55,-59.43,-123.68,-3.26,,0.0,25.43,-28.11,-2.16,-27.73,40.25,90.78,扣非亏损,扣非亏损,亏损
300158.SZ,振东制药,97.53,-46.37,1.02,-0.59,0.78,0.85,,0.0,50.87,1.61,10.42,-18.48,0.79,13.63,扣非亏损,扣非亏损,250.08
300159.SZ,新研股份,-25.89,-26.8,-44.11,,,-3.37,,0.0,16.09,-41.36,-71.9,-44.81,,105.9,扣非亏损,,
300160.SZ,秀强股份,19.81,24.59,1.93,7.12,7.44,6.93,1.69,0.0,30.04,16.06,4.16,6.75,,15.57,3.64,6.91,5.32
300161.SZ,华中数控,-74.47,-78.99,4.2,-7.26,-4.13,-1.19,0.06,0.0,34.63,-7.9,-4.69,-14.54,1.54,64.05,扣非亏损,扣非亏损,亏损
300162.SZ,雷曼光电,-60.77,-29.88,3.74,-5.74,-4.46,-2.84,,0.0,24.8,-4.43,-182.01,14.21,3.48,44.68,扣非亏损,扣非亏损,亏损
300163.SZ,ST先锋,-141.98,-19.14,2.14,-2.42,-1.13,-1.3,,0.0,15.74,-2.91,-69.37,0.42,,17.79,扣非亏损,扣非亏损,亏损
300164.SZ,通源石油,45.04,-4816.49,2.11,3.2,3.58,3.54,,0.0,29.04,5.79,-48.87,9.68,14.25,29.04,扣非亏损,扣非转亏,25.16
300165.SZ,天瑞仪器,-235.21,-19.33,1.56,-0.55,-0.5,-1.02,,0.0,39.07,-0.7,48.26,-8.27,5.27,60.58,扣非亏损,扣非亏损,亏损
300166.SZ,东方国信,408.27,-20.59,1.9,-0.43,0.34,-0.2,,0.0,34.69,1.19,-139.52,2.27,4.41,20.99,扣非亏损,扣非亏损,2401.56
300167.SZ,*ST迪威,-21.72,-6.44,-86.18,,,-3.5,,0.0,18.37,-8.04,77.2,92.6,10.74,88.86,扣非亏损,,
300168.SZ,万达信息,-16.33,-10.03,6.87,-29.15,-27.28,-7.38,,0.0,15.67,-42.4,-58.04,-30.65,47.95,73.94,扣非亏损,扣非亏损,亏损
300169.SZ,天晟新材,415.74,-29.77,39.95,6.0,5.5,3.23,,0.0,22.92,2.06,115.74,3.13,,87.41,扣非亏损,扣非转亏,151.18
300171.SZ,东富龙,51.44,69.83,1.34,1.68,1.94,1.28,1.33,0.0,29.49,4.45,-75.5,-19.32,2.0,38.44,-3.62,83.07,53.03
300172.SZ,中电环保,35.07,84.6,2.09,3.62,4.54,3.57,0.56,0.0,27.73,14.66,-8.03,-22.25,,28.77,-3.8,46.7,15.45
300173.SZ,福能东方,477.02,-91.94,4.74,-3.78,0.75,0.72,,0.0,29.46,1.29,-291.42,-53.46,37.53,75.42,扣非亏损,扣非亏损,1272.06
300174.SZ,元力股份,22.74,26.38,1.97,5.66,6.64,5.23,0.62,0.0,25.05,15.27,3.99,-5.53,,15.77,-4.77,9.33,6.85
300175.SZ,朗源股份,-97.39,-57.52,6.81,-6.12,-6.13,-3.75,,0.0,12.46,-19.17,-52.87,13.79,,6.09,扣非亏损,扣非亏损,亏损
300176.SZ,派生科技,84.72,80.81,3.56,2.97,3.2,2.2,,0.0,14.15,2.26,369.8,4.02,,53.58,20.12,54.47,52.95
300177.SZ,中海达,-300.37,-21.85,6.24,-3.71,-1.55,-1.17,,0.0,41.81,-5.7,28.66,-16.66,2.88,48.42,扣非亏损,扣非亏损,亏损
300179.SZ,四方达,33.47,41.54,3.51,7.05,7.76,4.48,2.24,0.0,53.46,20.47,-7.52,-1.9,,23.25,-21.84,11.78,8.63
300180.SZ,华峰超纤,92.6,-104.95,3.27,1.94,2.68,2.2,,0.0,16.66,3.59,206.89,4.98,4.85,34.47,扣非亏损,扣非转亏,69.11
300181.SZ,佐力药业,21.37,23.64,4.62,15.58,15.13,13.01,4.22,0.0,61.61,20.9,47.8,39.59,4.93,31.79,0.6,3.04,2.82
300182.SZ,捷成股份,31.95,39.31,1.86,4.47,4.46,3.64,,0.0,29.68,17.12,-11.3,5.27,35.88,26.91,7.47,17.58,14.33
300183.SZ,东软载波,74.45,145.61,2.63,2.11,2.66,2.24,0.66,0.0,39.91,10.62,20.82,23.28,6.47,11.21,6.26,137.81,55.98
300184.SZ,力源信息,105.74,169.09,3.82,2.5,2.74,2.88,,0.0,9.13,1.79,47.48,29.49,8.1,37.94,5.73,135.11,77.19
300185.SZ,通裕重工,169.96,-1017.36,1.85,0.63,0.78,1.21,1.04,0.0,12.8,1.28,-81.75,-2.5,0.32,55.5,扣非亏损,扣非转亏,435.8
300188.SZ,国投智能,-43.88,-46.05,3.82,-10.01,-6.33,-4.74,,0.0,40.73,-28.44,6.81,19.57,11.56,31.32,扣非亏损,扣非亏损,亏损
300189.SZ,神农种业,-141.9,-134.25,5.49,-1.86,-2.86,-1.15,,0.0,45.98,-9.78,-15.88,5.51,,20.55,扣非亏损,扣非亏损,亏损
300190.SZ,维尔利,179.97,-8.91,0.91,-2.21,0.37,1.36,0.24,0.0,20.07,0.76,-1211.11,-8.56,20.6,56.99,扣非亏损,扣非亏损,972.81
300191.SZ,潜能恒信,-87.24,-66.12,4.47,-3.78,-4.0,-0.69,,0.0,31.86,-11.61,56.99,5.84,,58.2,扣非亏损,扣非亏损,亏损
300194.SZ,福安药业,15.09,80.87,1.38,6.62,7.06,5.62,1.14,0.0,52.96,15.13,26.08,0.62,5.93,27.09,130.44,24.42,4.27
300195.SZ,长荣股份,561.59,-163.46,0.95,-0.21,0.13,1.07,,0.0,29.52,0.1,69.81,-4.63,0.51,54.99,扣非亏损,扣非亏损,8639.85
300196.SZ,长海股份,19.36,26.41,1.17,4.03,4.46,3.62,1.38,0.0,23.39,10.62,-31.41,-4.3,,33.36,-6.15,13.1,8.68
300197.SZ,节能铁汉,-9.9,-4.72,2.25,-12.15,-17.97,-1.22,,0.0,-5.01,-69.73,-42.68,-36.48,12.54,82.45,扣非亏损,扣非亏损,亏损
300198.SZ,纳川股份,-29.72,-9.74,4.6,-9.97,-10.99,-3.23,,0.0,15.17,-61.83,-16.45,-56.17,,74.93,扣非亏损,扣非亏损,亏损
300199.SZ,翰宇药业,-225.34,-23.32,14.79,-12.77,-4.75,1.86,,0.0,59.57,-9.55,60.36,-6.56,,76.57,扣非亏损,扣非亏损,亏损
300200.SZ,高盟新材,29.8,-12.35,2.75,6.39,7.13,5.36,,0.0,28.09,12.17,6.01,15.87,18.77,27.45,扣非亏损,扣非转亏,8.36
300201.SZ,海伦哲,34.14,42.24,4.26,9.42,9.58,6.65,0.69,0.0,33.85,13.35,4.59,-6.75,0.29,42.83,-6.26,8.97,7.13
300203.SZ,聚光科技,55.95,-80.9,2.9,2.28,3.96,2.5,,0.0,44.37,4.85,131.87,12.33,6.91,65.16,扣非亏损,扣非转亏,28.26
300204.SZ,舒泰神,-315.67,-17.05,3.82,-1.3,-0.91,-0.72,,0.0,81.8,-3.59,92.94,-4.91,1.91,19.56,扣非亏损,扣非亏损,亏损
300205.SZ,ST天喻,-16.47,-17.1,1.83,-8.67,-7.95,-4.42,0.18,0.0,24.83,-14.52,-1333.9,-39.08,,42.67,扣非亏损,扣非亏损,亏损
300206.SZ,理邦仪器,27.51,46.33,3.13,7.95,8.66,7.4,2.03,0.0,58.17,12.52,-26.93,-9.29,0.81,11.98,-4.99,11.65,6.35
300207.SZ,欣旺达,27.19,28.8,1.87,4.98,5.17,1.26,0.81,0.0,16.02,1.45,90.78,11.54,0.32,62.34,2.5,11.56,10.52
300208.SZ,*ST中程,-12.77,-2.04,-4.69,,,-2.18,,0.0,46.47,-155.43,-85.47,-75.16,,116.18,扣非亏损,,
300209.SZ,*ST有树,-54.48,-6.23,-5.19,,,-8.83,,0.0,36.17,-10.74,66.32,-4.83,,245.55,扣非亏损,,
300210.SZ,森远股份,-142.23,-40.53,17.41,-12.29,-8.78,-2.68,,0.0,23.48,-39.22,-4.61,-18.52,,56.11,扣非亏损,扣非亏损,亏损
300211.SZ,亿通科技,-57.42,-56.62,4.65,-6.55,-5.87,-6.25,,0.0,32.13,-52.43,-3637.61,-61.49,,9.43,扣非亏损,扣非亏损,亏损
300212.SZ,易华录,-26.19,-10.79,7.18,-18.51,-18.64,-3.19,,0.0,0.73,-140.87,-6.05,-38.57,8.28,72.12,扣非亏损,扣非亏损,亏损
300213.SZ,佳讯飞鸿,105.53,80.88,2.33,1.54,1.66,1.34,0.69,0.0,41.71,4.3,12.47,9.02,19.88,27.9,8.96,105.24,127.14
300214.SZ,日科化学,-39.53,-65.91,1.12,-2.19,-2.08,-0.54,0.62,0.0,4.34,-2.24,-181.66,26.77,6.92,48.03,扣非亏损,扣非亏损,亏损
300215.SZ,电科院,230.48,104.71,2.44,0.93,0.79,0.94,0.66,0.0,36.09,3.56,288.26,5.27,0.18,26.75,19.87,225.14,583.48
300217.SZ,东方电热,20.9,21.73,1.92,6.59,7.08,4.52,1.26,0.0,22.64,10.0,-14.95,-12.23,1.24,39.7,-1.78,6.6,5.9
300218.SZ,安利股份,17.98,19.61,2.6,10.45,11.34,7.36,0.96,0.0,25.31,8.42,377.79,25.89,,35.72,0.76,3.75,3.17
300219.SZ,鸿利智汇,44.86,103.51,2.11,2.57,3.52,1.99,1.19,0.0,19.09,3.06,-57.2,14.92,0.61,54.25,6.94,80.67,25.49
300220.SZ,金运激光,1433.72,-126.65,32.1,-2.68,1.69,1.23,,0.0,30.39,1.43,89.63,-6.56,,76.38,扣非亏损,扣非亏损,1696.71
300221.SZ,银禧科技,60.78,88.48,2.39,3.02,2.98,2.41,,0.0,16.69,2.72,4.23,17.25,,38.99,5.13,58.51,40.79
300222.SZ,科大智能,183.16,-67.42,4.42,-0.66,1.82,0.72,,0.0,25.7,1.17,81.43,-9.26,0.5,64.24,扣非亏损,扣非亏损,201.28
300223.SZ,北京君正,86.57,75.92,2.95,2.68,2.57,2.02,0.31,0.0,37.44,9.46,-8.25,-6.39,25.2,6.89,-11.87,56.58,67.37
300224.SZ,正海磁材,46.94,58.78,3.34,4.41,4.87,3.04,1.71,0.0,16.15,4.96,-51.81,-17.67,,51.2,-3.33,26.67,19.28
300225.SZ,金力泰,135.35,133.34,4.43,2.23,2.48,1.99,,0.0,31.43,3.55,1053.28,-2.42,,37.28,-55.03,119.47,109.15
300226.SZ,上海钢联,48.45,46.84,4.21,5.25,6.25,1.36,0.28,0.0,1.4,0.35,-13.36,-3.61,0.83,80.92,-12.98,17.86,15.5
300228.SZ,富瑞特装,25.96,20.58,2.13,6.03,6.39,4.9,0.56,0.0,19.83,6.18,171.81,21.43,0.13,47.71,0.96,6.82,8.12
300229.SZ,拓尔思,257.16,-1203.18,4.52,-0.47,1.32,1.06,0.18,0.0,62.73,6.71,-2688.83,2.95,14.38,8.63,扣非亏损,扣非亏损,389.63
300230.SZ,永利股份,19.49,20.0,1.35,5.11,5.25,4.76,3.1,0.0,31.83,10.19,-7.79,12.35,4.98,26.62,1.62,7.82,7.42
300231.SZ,银信科技,77.61,109.28,3.49,3.36,3.12,2.9,1.94,0.0,22.13,4.4,-55.06,-21.26,,43.47,-5.14,65.11,49.75
300232.SZ,洲明科技,45.37,118.25,1.61,2.82,2.68,1.61,0.57,0.0,30.57,2.13,-39.55,6.94,2.84,55.38,17.05,83.86,33.86
300234.SZ,开尔新材,49.2,69.74,2.24,0.53,3.47,3.0,1.71,0.0,24.14,13.01,-79.9,-6.87,,19.15,-10.15,260.99,28.36
300235.SZ,方直科技,111.68,165.6,3.95,1.92,2.66,2.7,0.44,0.0,82.21,25.41,-28.07,7.36,,2.79,22.51,172.95,83.97
300236.SZ,上海新阳,75.19,72.02,2.92,2.98,3.07,2.47,0.56,0.0,38.89,12.18,80.79,22.57,,25.01,3.19,48.32,48.98
300237.SZ,美晨科技,-16.07,-3.66,29.67,-88.08,-81.38,0.62,,0.0,8.07,-16.28,58.58,4.65,,96.49,扣非亏损,扣非亏损,亏损
300238.SZ,冠昊生物,105.02,307.03,7.13,3.79,5.22,4.54,,0.0,78.64,7.43,-46.88,-9.97,0.37,35.5,-30.78,161.9,40.24
300239.SZ,东宝生物,38.36,42.62,2.0,3.5,3.93,2.86,0.35,0.0,22.62,11.3,-34.05,-13.82,,36.68,-3.08,24.32,19.52
300240.SZ,飞力达,90.57,-48.76,1.87,-0.46,1.53,2.34,0.22,0.0,6.45,0.7,-177.64,41.74,1.48,56.53,扣非亏损,扣非亏损,118.39
300241.SZ,瑞丰光电,69.88,821.53,1.95,1.81,2.12,1.83,,0.0,24.56,4.38,203.43,5.84,,35.71,140.79,907.86,65.93
300242.SZ,佳云科技,-59.81,-40.0,9.1,-10.22,-10.73,-9.8,,0.0,7.91,-5.38,43.32,78.04,,47.43,扣非亏损,扣非亏损,亏损
300243.SZ,瑞丰高材,65.28,62.69,2.95,2.89,3.17,3.19,1.02,0.0,14.97,2.48,-48.42,11.66,,50.86,5.38,43.4,41.18
300245.SZ,天玑科技,-193.19,-51.02,2.77,-3.31,-1.07,-1.23,,0.0,25.97,-7.63,11.76,1.19,,12.97,扣非亏损,扣非亏损,亏损
300246.SZ,宝莱特,-106.34,-12.58,1.58,-2.4,-1.06,0.07,,0.0,27.18,-1.39,-175.41,-15.15,3.01,45.87,扣非亏损,扣非亏损,亏损
300247.SZ,融捷健康,75.63,102.85,3.5,3.42,3.52,4.66,,0.0,30.84,10.54,42.38,27.16,,11.1,3.79,60.08,42.97
300248.SZ,新开普,341.92,43.86,2.28,0.3,0.49,0.03,0.83,0.0,56.42,-0.05,1424.34,-0.84,21.67,15.46,-52.03,296.18,1395.58
300249.SZ,依米康,409.5,-47.36,9.72,0.83,1.8,1.05,,0.0,21.17,1.02,104.41,26.82,3.6,73.75,扣非亏损,扣非转亏,455.0
300250.SZ,初灵信息,-85.45,-118.37,6.15,-5.46,-5.07,-4.47,,0.0,54.64,-17.1,-404.93,-21.98,1.64,27.85,扣非亏损,扣非亏损,亏损
300251.SZ,光线传媒,43.78,56.9,3.02,4.93,5.24,5.47,0.86,0.0,42.96,31.97,24.28,53.37,0.17,12.24,1.07,23.08,16.71
300252.SZ,金信诺,890.19,-17.83,3.07,-2.45,0.26,0.57,,0.0,17.25,-1.49,-116.97,-1.32,3.91,54.72,扣非亏损,扣非亏损,6847.6
300253.SZ,卫宁健康,84.05,44.97,2.99,2.46,2.66,1.94,0.28,0.0,41.04,7.18,58.95,0.65,10.0,31.22,69.17,36.6,63.19
300254.SZ,仟源医药,41.9,65.05,3.8,4.37,7.1,5.74,,0.0,66.99,11.03,261.06,6.45,37.1,44.18,10.09,29.79,11.8
300255.SZ,常山药业,2077.32,-22.83,11.1,-1.55,0.4,0.9,,0.0,18.06,-3.55,93.0,-31.2,,62.19,扣非亏损,扣非亏损,10386.58
300256.SZ,星星科技,-70.38,-29.38,9.95,-9.92,-8.65,-6.42,,0.0,10.41,-15.0,44.3,41.24,0.0,42.55,扣非亏损,扣非亏损,亏损
300257.SZ,开山股份,34.0,34.92,1.58,3.36,3.51,2.94,0.63,0.0,32.92,7.1,-35.73,-0.47,3.06,61.89,-74.85,20.77,19.38
300259.SZ,新天科技,30.38,25.54,1.63,3.34,4.02,3.78,3.31,0.0,44.83,19.45,-28.13,-19.3,1.92,14.23,-1.32,15.28,15.11
300260.SZ,新莱应材,43.08,45.64,5.9,9.9,10.5,5.59,0.2,0.0,25.0,9.15,12.53,9.35,6.21,59.74,4.88,9.22,8.2
300263.SZ,隆华科技,33.19,63.04,2.17,4.19,4.77,3.73,0.43,0.0,23.92,8.78,-14.12,1.94,13.68,48.14,32.53,30.07,13.92
300264.SZ,佳创视讯,-60.62,-46.21,51.68,-55.21,-48.41,-8.78,,0.0,11.63,-42.64,21.31,28.29,15.42,84.04,扣非亏损,扣非亏损,亏损
300265.SZ,通光线缆,56.0,93.79,1.72,2.01,2.19,2.43,0.86,0.0,16.53,2.97,-49.08,-0.45,0.96,33.7,-208.93,93.36,51.14
300266.SZ,兴源环境,-30.46,-7.06,50.3,-78.65,-76.42,-0.23,,0.0,13.98,-23.96,39.32,1.09,6.9,91.33,扣非亏损,扣非亏损,亏损
300267.SZ,尔康制药,-203.49,-25.86,1.46,-0.67,-0.54,-0.47,,0.0,30.94,-3.15,-1027.98,-40.89,0.04,12.9,扣非亏损,扣非亏损,亏损
300268.SZ,ST佳沃,-1.72,-1.47,-0.98,-2046.25,,-5.6,,0.0,-9.5,-28.79,-2.27,-24.42,-27.03,101.9,扣非亏损,扣非亏损,
300269.SZ,联建光电,-312.01,-55.18,36.61,-18.9,-8.91,-0.22,,0.0,28.28,-1.47,-173.77,-36.01,,90.75,扣非亏损,扣非亏损,亏损
300270.SZ,中威电子,-36.39,-30.11,3.95,-8.06,-7.88,-6.31,,0.0,26.26,-47.81,7.65,-2.81,1.13,29.35,扣非亏损,扣非亏损,亏损
300271.SZ,华宇软件,-20.41,-5.59,1.77,-6.28,-6.3,-6.29,,0.0,33.26,-29.89,5.48,0.26,6.33,17.45,扣非亏损,扣非亏损,亏损
300274.SZ,阳光电源,17.87,19.02,5.3,23.86,24.52,9.92,1.1,0.0,31.32,15.47,4.31,7.61,,65.77,2.5,1.59,1.46
300275.SZ,梅安森,83.11,94.7,5.83,5.01,5.39,4.19,0.2,0.0,44.1,13.23,30.58,19.0,,34.44,4.98,37.82,30.84
300276.SZ,三丰智能,341.37,-680.79,4.36,0.51,0.96,0.49,,0.0,14.31,1.48,-70.16,23.27,11.49,55.32,扣非亏损,扣非转亏,711.19
300277.SZ,海联讯,668.28,-418.85,8.27,-0.52,0.92,1.14,0.23,0.0,22.85,5.18,-139.29,36.17,,26.59,扣非亏损,扣非亏损,1452.79
300278.SZ,华昌达,92.49,167.98,5.35,2.74,4.42,3.26,,0.0,13.44,3.82,-20.27,-2.16,17.73,36.59,-77.69,122.51,41.85
300279.SZ,和晶科技,47.8,75.0,3.47,4.72,5.6,4.06,,0.0,17.75,3.35,23.85,4.88,14.99,55.88,15.36,31.81,17.07
300280.SZ,紫天科技,216.36,-1.73,2.0,0.73,0.69,0.62,,0.0,3.96,0.7,-95.82,-48.45,9.62,63.78,扣非亏损,扣非转亏,627.14
300281.SZ,金明精机,144.07,-250.59,2.15,0.12,1.12,0.9,0.33,0.0,16.13,3.88,180.57,6.81,,14.73,扣非亏损,扣非转亏,257.27
300283.SZ,温州宏丰,-171.86,-54.58,3.53,-2.52,-1.34,1.26,0.31,0.0,9.62,-1.3,19.21,0.31,,69.2,扣非亏损,扣非亏损,亏损
300285.SZ,国瓷材料,32.55,35.31,3.18,7.03,7.43,6.93,0.43,0.0,39.65,18.21,12.48,6.42,26.15,23.23,5.5,10.04,8.76
300287.SZ,飞利信,-45.73,-31.58,6.01,-9.64,0.0,-4.82,,0.0,19.78,-28.82,19.33,-34.79,1.13,50.47,扣非亏损,扣非亏损,-inf
300289.SZ,利德曼,2014.23,-148.53,1.66,-0.37,0.06,-0.09,0.16,0.0,54.16,1.24,-130.05,-17.15,8.05,5.11,扣非亏损,扣非亏损,67140.91
300290.SZ,荣科科技,-2084.24,-3233.52,22.46,-2.16,-0.8,-0.01,,0.0,39.59,0.26,-334.29,-8.55,21.38,39.02,扣非亏损,扣非亏损,亏损
300291.SZ,百纳千成,-74.19,-22.07,1.52,-2.05,-1.51,-3.54,,0.0,-2.03,-22.55,-49.14,263.51,7.09,13.96,扣非亏损,扣非亏损,亏损
300292.SZ,吴通控股,74.34,140.75,5.78,6.74,6.01,4.07,,0.0,10.68,2.55,44.61,26.14,,47.48,5.38,41.77,24.74
300293.SZ,蓝英装备,-3357.19,-374.85,12.09,-0.23,-0.27,0.78,,0.0,28.17,-0.26,79.01,-10.84,33.67,55.04,扣非亏损,扣非亏损,亏损
300295.SZ,三六五网,-342.49,-33.89,3.19,-1.08,-0.69,-0.32,,0.0,71.35,-7.78,-384.21,-30.8,,5.32,扣非亏损,扣非亏损,亏损
300296.SZ,利亚德,57.84,-217.32,1.69,1.69,2.18,1.72,0.83,0.0,27.67,3.33,-64.49,-9.27,8.94,40.94,扣非亏损,扣非转亏,53.06
300298.SZ,三诺生物,44.95,82.69,5.01,7.41,7.95,5.7,0.66,0.0,55.23,8.54,-31.73,4.83,31.12,39.74,17.11,22.33,11.31
300299.SZ,富春股份,-68.8,-88.24,7.13,-7.89,-7.51,-4.58,,0.0,26.83,-24.14,-718.95,-22.0,36.67,47.84,扣非亏损,扣非亏损,亏损
300300.SZ,ST峡创,-29.22,-10.47,14.82,-41.25,-32.03,-0.97,,0.0,-8.91,-59.27,2.31,7.85,,87.65,扣非亏损,扣非亏损,亏损
300301.SZ,*ST长方,-28.17,-11.88,99.38,-161.86,-113.95,-2.36,,0.0,26.05,-9.9,37.56,-16.15,,97.94,扣非亏损,扣非亏损,亏损
300302.SZ,同有科技,209.59,-103.16,6.44,2.26,2.33,2.2,,0.0,47.93,10.32,139.88,22.4,26.59,29.57,扣非亏损,扣非转亏,179.91
300303.SZ,聚飞光电,46.62,54.64,3.34,5.1,7.36,4.76,1.69,0.0,24.84,10.33,19.14,19.44,0.57,42.82,2.81,21.42,12.67
300305.SZ,裕兴股份,-11.05,-11.5,1.0,-7.76,-6.8,-4.76,0.14,0.0,-8.1,-19.25,-537.41,-40.55,,34.62,扣非亏损,扣非亏损,亏损
300306.SZ,远方信息,46.59,50.25,2.26,2.43,3.59,3.04,2.48,0.0,64.35,18.66,1.62,2.98,,10.22,16.84,41.43,25.96
300308.SZ,中际旭创,31.87,34.68,9.03,23.29,23.68,18.76,0.4,0.0,33.32,22.36,198.77,146.26,10.38,31.11,0.24,2.98,2.69
300310.SZ,宜通世纪,258.28,-234.12,4.31,-0.31,1.28,0.94,,0.0,10.19,1.27,-321.82,-5.06,1.63,37.2,扣非亏损,扣非亏损,403.57
300311.SZ,任子行,-45.21,-45.7,8.54,-14.53,-13.35,-6.9,,0.0,51.99,-36.25,6.59,-10.77,,48.4,扣非亏损,扣非亏损,亏损
300313.SZ,ST天山,-38.91,-44.56,105.15,-98.29,-100.67,-10.08,,0.0,-2.28,-38.51,-139.13,11.23,,88.41,扣非亏损,扣非亏损,亏损
300314.SZ,戴维医疗,44.05,45.61,3.16,5.02,5.37,4.89,1.19,0.0,56.78,15.71,-44.47,-12.21,0.04,12.25,-3.74,18.18,16.41
300315.SZ,掌趣科技,62.81,97.06,3.36,3.41,4.05,2.13,,0.0,77.5,30.12,33.13,-7.68,5.04,8.31,-12.64,56.89,31.02
300316.SZ,晶盛机电,12.11,11.98,2.8,18.22,18.46,10.43,1.59,0.0,35.57,22.38,-11.65,7.55,,45.8,1.59,1.31,1.31
300317.SZ,珈伟新能,-37.78,-34.48,2.1,-4.49,-4.12,-2.05,,0.0,26.53,-27.8,-921.15,-34.22,0.47,43.23,扣非亏损,扣非亏损,亏损
300318.SZ,博晖创新,161.19,-211.38,3.66,1.13,1.72,2.04,,0.0,50.65,6.97,29.24,-19.85,32.96,42.03,扣非亏损,扣非转亏,187.43
300319.SZ,麦捷科技,36.65,40.49,2.71,5.08,5.66,4.15,0.97,0.0,20.82,10.29,39.25,6.11,5.9,31.7,6.63,15.95,12.95
300321.SZ,同大股份,127.87,-372.42,3.1,1.41,1.84,1.11,,0.0,14.09,4.14,177.45,15.56,,8.0,扣非亏损,扣非转亏,138.98
300322.SZ,硕贝德,1768.45,-453.13,8.3,0.09,0.35,0.94,,0.0,24.8,0.01,100.56,8.39,3.72,62.79,扣非亏损,扣非转亏,10105.41
300323.SZ,华灿光电,-23.4,-15.29,1.56,-5.94,-5.01,-3.33,,0.0,-0.05,-12.18,31.18,48.73,,40.5,扣非亏损,扣非亏损,亏损
300324.SZ,旋极信息,-39.08,-23.3,2.5,-5.07,-4.68,-2.64,,0.0,23.93,-11.38,-10.73,-18.78,2.59,42.85,扣非亏损,扣非亏损,亏损
300326.SZ,凯利泰,56.69,172.64,1.48,1.54,1.94,2.4,0.95,0.0,49.05,9.45,-45.67,1.86,20.09,13.0,92.92,223.89,58.44
300327.SZ,中颖电子,78.29,83.05,5.53,5.19,5.27,2.18,0.88,0.0,33.82,5.59,11.99,5.95,,19.59,13.96,31.98,29.71
300328.SZ,宜安科技,1925.48,-174.62,5.75,-1.88,0.22,-0.37,,0.0,12.66,-0.84,1.84,-3.34,1.13,53.71,扣非亏损,扣非亏损,17504.4
300329.SZ,海伦钢琴,-83.48,-13.6,1.98,-3.95,-1.76,-0.82,,0.0,18.16,-12.73,-275.7,-47.43,,34.3,扣非亏损,扣非亏损,亏损
300331.SZ,苏大维格,133.41,-140.74,4.22,0.98,2.38,1.61,,0.0,19.89,2.84,5293.44,11.25,4.29,45.23,扣非亏损,扣非转亏,112.11
300332.SZ,天壕能源,32.46,-390.43,1.39,2.96,3.14,2.46,0.7,0.0,12.61,4.34,-57.64,-4.7,23.33,48.96,扣非亏损,扣非转亏,20.67
300333.SZ,兆日科技,-884.03,-209.59,6.0,-0.55,-0.51,1.29,,0.0,58.3,3.29,92.92,4.48,1.06,1.57,扣非亏损,扣非亏损,亏损
300334.SZ,津膜科技,-130.59,-96.22,3.73,-3.5,-2.12,-0.72,,0.0,28.14,-6.98,41.67,31.22,,34.09,扣非亏损,扣非亏损,亏损
300335.SZ,迪森股份,29.26,44.43,1.31,3.15,3.43,3.8,2.14,0.0,30.31,11.75,9.21,-16.98,14.72,26.7,-2.62,28.24,17.06
300337.SZ,银邦股份,108.05,161.43,9.12,6.06,6.5,3.62,0.25,0.0,10.5,2.87,68.76,15.92,2.68,67.89,10.14,53.26,33.24
300338.SZ,*ST开元,-39.56,-6.96,-12.85,,,-6.41,,0.0,61.77,-27.99,-3.73,-52.21,-47.83,133.58,扣非亏损,,
300339.SZ,润和软件,387.48,991.37,16.65,1.44,3.26,2.64,,0.0,25.8,4.68,3.34,11.43,28.07,38.14,86.75,1378.34,237.72
300340.SZ,科恒股份,-19.62,-5.06,19.6,-73.4,-54.49,-2.02,,0.0,5.79,-7.14,-23.33,-34.36,,94.64,扣非亏损,扣非亏损,亏损
300341.SZ,麦克奥迪,81.24,81.99,7.45,6.72,7.02,5.39,0.59,0.0,42.38,12.65,-0.37,-3.14,,21.67,-26.15,24.41,23.15
300342.SZ,天银机电,121.67,201.34,5.84,3.62,3.56,3.0,0.65,0.0,25.47,7.66,32.07,5.46,14.02,29.79,36.85,111.34,68.36
300343.SZ,联创股份,-298.59,-87.65,3.5,-1.46,-0.85,-0.74,,0.0,9.18,-2.48,-222.0,-8.82,6.64,20.41,扣非亏损,扣非亏损,亏损
300344.SZ,立方数科,-44.5,-25.64,9.24,-14.53,-14.54,-9.73,,0.0,9.55,-23.31,8.77,75.67,16.68,37.07,扣非亏损,扣非亏损,亏损
300345.SZ,华民股份,-16.55,-15.17,5.88,-23.97,-24.02,-7.21,,0.0,-12.31,-28.94,-62.15,-11.9,,81.64,扣非亏损,扣非亏损,亏损
300347.SZ,泰格医药,52.7,48.81,2.71,4.24,3.85,3.73,1.03,0.0,38.88,17.82,-25.56,-10.32,11.51,19.35,-4.73,23.03,27.38
300348.SZ,长亮科技,2778.64,456.1,7.34,0.04,0.24,0.31,0.1,0.0,35.11,0.38,112.49,-12.05,2.79,32.78,-37.85,22303.42,23155.36
300349.SZ,金卡智能,14.91,16.74,1.35,5.95,6.88,5.0,4.03,0.0,42.15,13.65,-1.87,-2.16,23.45,36.33,-7.76,5.63,4.33
300350.SZ,华鹏飞,122.82,-111.18,3.99,-1.87,2.47,2.16,,0.0,15.27,8.83,40.83,-16.73,,17.82,扣非亏损,扣非亏损,99.45
300351.SZ,永贵电器,53.36,69.16,3.0,3.98,4.27,2.72,0.48,0.0,29.02,7.43,18.5,35.56,0.12,25.96,1.94,34.77,24.99
300352.SZ,北信源,-146.77,-220.88,6.21,-3.17,-3.13,-2.63,,0.0,72.87,-12.95,-1508.92,-20.81,3.34,35.51,扣非亏损,扣非亏损,亏损
300353.SZ,东土科技,-41.46,-95.77,4.2,-7.91,-7.33,-3.84,,0.0,42.62,-27.31,11.81,-12.48,5.37,43.48,扣非亏损,扣非亏损,亏损
300354.SZ,东华测试,36.29,47.37,6.53,14.13,13.88,13.64,0.26,0.0,66.55,27.82,19.83,15.88,,10.69,2.98,6.71,5.23
300355.SZ,蒙草生态,188.21,-176.69,2.86,-0.11,1.14,0.76,0.61,0.0,25.87,5.27,-102.38,-1.15,0.11,62.0,扣非亏损,扣非亏损,330.19
300357.SZ,我武生物,34.86,42.32,5.36,11.6,11.95,11.03,0.64,0.0,95.26,35.95,0.31,8.38,,8.58,5.05,7.29,5.83
300358.SZ,楚天科技,-18.63,-25.2,1.04,-4.52,-3.96,-1.8,0.93,0.0,25.94,-4.62,-174.74,-18.75,19.27,65.57,扣非亏损,扣非亏损,亏损
300359.SZ,全通教育,-76.7,-111.19,6.42,-6.52,-6.07,-3.93,,0.0,25.21,-14.35,-2438.14,-30.8,3.08,18.01,扣非亏损,扣非亏损,亏损
300360.SZ,炬华科技,12.36,12.79,2.27,14.92,14.32,12.75,3.66,0.0,47.96,34.96,44.28,23.85,1.65,16.98,0.54,1.71,1.73
300363.SZ,博腾股份,-40.55,-28.61,2.1,-3.84,-3.73,-2.81,1.94,0.0,23.28,-12.56,-150.29,-30.02,5.22,37.76,扣非亏损,扣非亏损,亏损
300364.SZ,中文在线,-87.31,-158.23,21.04,-18.26,-16.34,-9.99,,0.0,30.24,-23.12,-92.08,-20.76,10.98,37.86,扣非亏损,扣非亏损,亏损
300365.SZ,恒华科技,330.36,506.91,2.05,0.31,0.47,0.31,0.22,0.0,31.74,2.33,-49.35,-7.11,0.85,12.94,-71.33,3303.41,1405.8
300366.SZ,创意信息,-29.18,-18.96,4.34,-10.91,-10.66,-7.29,,0.0,15.01,-46.52,-271.8,-41.55,0.89,55.06,扣非亏损,扣非亏损,亏损
300368.SZ,ST汇金,-62.55,-8.87,7.27,-23.39,-8.54,1.52,,0.0,38.54,-19.64,-7.93,-36.54,25.28,64.43,扣非亏损,扣非亏损,亏损
300369.SZ,绿盟科技,-16.81,-9.11,3.0,-13.18,-12.6,-7.27,,0.0,59.5,-25.61,37.32,5.57,13.68,42.71,扣非亏损,扣非亏损,亏损
300370.SZ,安控科技,-118.86,-44.05,9.35,-9.23,-5.79,-0.96,,0.0,25.92,-14.3,29.59,-2.55,7.72,55.17,扣非亏损,扣非亏损,亏损
300371.SZ,汇中股份,28.86,28.83,1.9,4.27,4.96,5.37,1.31,0.0,53.06,20.6,-35.76,-18.99,,9.32,-1.52,13.49,11.64
300374.SZ,中铁装配,-59.36,-35.81,6.3,-8.82,-7.79,-1.06,,0.0,9.0,-5.58,22.89,20.89,,77.67,扣非亏损,扣非亏损,亏损
300375.SZ,鹏翎股份,39.18,69.67,1.8,3.28,3.47,1.82,0.63,0.0,20.31,4.6,115.59,27.29,14.73,29.95,2.55,42.44,22.58
300376.SZ,ST易事特,34.07,60.35,1.34,2.01,2.92,2.58,0.77,0.0,32.95,9.31,-66.9,-37.74,0.24,40.53,-1.6,60.17,23.34
300377.SZ,赢时胜,-1218.96,507.96,7.62,-0.49,-0.46,-0.86,0.52,0.0,44.23,-1.87,-203.6,-9.55,0.24,8.29,-53.17,扣非亏损,亏损
300378.SZ,鼎捷数智,103.43,49.65,3.3,2.19,2.4,2.14,0.54,0.0,56.99,2.94,59.1,11.21,1.81,28.09,4.43,45.31,86.19
300379.SZ,东方通,-45.65,-16.28,3.19,-5.68,-5.07,-5.18,,0.0,73.84,-62.43,7.21,6.86,19.35,12.38,扣非亏损,扣非亏损,亏损
300380.SZ,安硕信息,1310.77,-481.38,23.63,-0.26,1.36,0.6,,0.0,27.99,-0.21,97.34,5.17,,65.88,扣非亏损,扣非亏损,1927.6
300381.SZ,溢多利,66.39,-202.95,1.45,0.54,1.62,1.44,0.81,0.0,46.43,7.21,8.11,1.17,1.37,9.68,扣非亏损,扣非转亏,81.96
300382.SZ,斯莱克,-447.41,-726.01,3.18,-1.39,-0.68,0.16,1.01,0.0,15.27,-4.8,-131.95,-4.52,0.76,53.88,扣非亏损,扣非亏损,亏损
300383.SZ,光环新网,42.67,56.29,1.62,2.68,2.87,2.59,1.03,0.0,16.53,6.13,-2.63,-1.81,8.11,30.93,-31.14,41.94,29.74
300385.SZ,雪浪环境,-8.67,-8.33,3.16,-24.59,-24.06,-3.86,,0.0,9.79,-38.43,-483.96,-55.91,61.05,79.37,扣非亏损,扣非亏损,亏损
300386.SZ,飞天诚信,-225.04,-70.17,4.44,-2.02,-1.47,-2.33,,0.0,38.24,-4.54,72.49,-2.57,4.6,9.41,扣非亏损,扣非亏损,亏损
300387.SZ,富邦股份,19.64,23.87,1.72,6.46,6.73,6.34,0.72,0.0,29.6,10.08,51.37,24.04,33.79,25.67,0.99,7.39,5.84
300388.SZ,节能国祯,14.91,12.43,1.17,6.69,6.04,3.21,2.02,0.0,29.34,10.04,31.11,-1.75,3.24,71.9,-7.1,3.71,4.94
300389.SZ,艾比森,28.62,27.86,2.91,5.27,8.07,2.05,1.73,0.0,28.14,3.99,-59.38,7.11,,56.66,3.92,10.57,7.09
300390.SZ,天华新能,17.26,47.83,1.78,5.06,7.66,6.86,3.94,0.0,18.62,20.49,-60.7,-38.8,1.92,18.7,-1.23,18.92,4.51
300391.SZ,长药控股,-10.0,-3.89,170.58,-170.97,-173.0,-6.64,,0.0,4.93,-277.32,6.25,-90.12,28.3,76.15,扣非亏损,扣非亏损,亏损
300393.SZ,中来股份,-21.66,-21.91,2.21,-8.33,-7.23,-1.71,1.33,0.0,9.8,-7.27,-164.43,-53.35,,72.84,扣非亏损,扣非亏损,亏损
300395.SZ,菲利华,73.78,75.35,5.68,4.76,5.89,4.45,0.57,0.0,42.36,18.54,-49.91,-12.11,2.63,23.61,-6.22,31.64,25.05
300396.SZ,迪瑞医疗,17.94,20.76,2.2,9.11,9.28,6.83,1.7,0.0,43.41,16.38,-17.72,12.1,,31.73,1.72,4.56,3.87
300397.SZ,天和防务,-87.91,-40.44,4.74,-4.03,-3.97,-2.91,,0.0,28.69,-27.52,25.99,5.42,4.96,38.25,扣非亏损,扣非亏损,亏损
300398.SZ,飞凯材料,31.5,108.45,2.26,5.24,5.26,4.5,0.51,0.0,35.76,10.45,15.67,8.6,16.3,35.9,12.62,41.35,11.98
300399.SZ,天利科技,-468.91,-320.8,9.65,-2.77,-1.49,-1.97,0.29,0.0,3.21,-2.13,-25.76,8.45,,8.43,扣非亏损,扣非亏损,亏损
300401.SZ,花园生物,27.35,40.48,3.05,6.72,8.0,5.42,0.6,0.0,58.17,25.75,52.55,4.43,,43.2,9.13,12.04,6.84
300402.SZ,宝色股份,50.21,69.53,2.68,3.66,4.06,2.26,0.5,0.0,18.05,4.45,12.89,1.58,,36.9,43.92,37.96,24.73
300404.SZ,博济医药,62.48,115.33,3.67,3.6,4.48,2.2,0.11,0.0,32.19,8.16,155.65,55.01,2.78,31.81,2.1,64.1,27.89
300405.SZ,科隆股份,-55.19,-12.06,3.11,-7.96,-4.05,0.27,,0.0,7.69,-4.29,-27.2,10.37,,56.84,扣非亏损,扣非亏损,亏损
300406.SZ,九强生物,17.38,16.86,2.28,9.65,9.67,8.89,1.05,0.0,77.81,30.1,0.63,0.3,42.19,27.35,56.05,3.5,3.59
300407.SZ,凯发电气,43.33,52.74,2.15,2.95,4.0,2.31,1.35,0.0,23.16,4.21,-20.22,12.65,0.0,41.05,4.17,35.72,21.66
300408.SZ,三环集团,33.41,40.12,3.7,7.66,8.5,7.73,0.95,0.0,42.77,29.8,63.66,31.05,1.22,16.17,1.29,10.48,7.86
300410.SZ,正业科技,-16.09,-8.7,7.53,-32.77,-29.85,-4.53,,0.0,26.79,-26.87,-63.54,-22.22,,84.75,扣非亏损,扣非亏损,亏损
300411.SZ,金盾股份,253.2,-355.36,7.31,1.41,2.2,1.26,,0.0,21.95,6.42,-8.8,-3.53,1.48,33.82,扣非亏损,扣非转亏,230.18
300412.SZ,迦南科技,115.43,-55.52,2.25,1.13,1.47,0.8,,0.0,26.29,1.46,-26.24,11.1,2.43,58.97,扣非亏损,扣非转亏,157.05
300413.SZ,芒果超媒,27.09,39.91,2.31,5.57,6.55,4.75,0.71,0.0,29.15,13.87,-23.98,-0.85,,30.69,-47.06,14.34,8.27
300414.SZ,中光防雷,547.31,-70.51,2.89,-0.2,0.4,0.02,0.16,0.0,23.17,1.19,-106.0,-26.63,,16.7,扣非亏损,扣非亏损,2736.55
300415.SZ,伊之密,17.85,19.73,4.02,17.32,18.87,9.37,2.27,0.0,34.1,13.43,35.97,24.95,,55.93,0.79,2.28,1.89
300416.SZ,苏试试验,35.75,33.88,2.69,5.12,5.7,4.28,0.82,0.0,44.01,12.23,-36.12,-7.88,2.0,38.53,-4.3,13.23,12.54
300418.SZ,昆仑万维,-62.61,-198.61,3.52,-4.32,-4.18,-3.55,0.13,0.0,76.9,-23.29,-336.11,4.0,30.32,15.37,扣非亏损,扣非亏损,亏损
300419.SZ,ST浩丰,280.87,-12.71,4.85,0.5,1.3,1.45,,0.0,33.75,2.16,-79.81,-34.49,16.19,41.2,扣非亏损,扣非转亏,432.1
300420.SZ,五洋自控,-242.49,-132.1,1.66,-1.03,-0.5,-0.53,0.49,0.0,27.72,-1.91,-207.32,-28.58,16.24,24.63,扣非亏损,扣非亏损,亏损
300422.SZ,博世科,-35.82,-8.9,1.28,-5.4,-2.76,0.83,,0.0,18.26,-5.27,3.18,-13.8,1.36,77.5,扣非亏损,扣非亏损,亏损
300423.SZ,昇辉科技,168.9,-3.09,2.46,1.19,1.11,0.34,,0.0,18.8,0.81,103.45,-40.97,1.65,55.97,扣非亏损,扣非转亏,304.33
300424.SZ,航新科技,199.3,402.45,6.73,0.74,2.41,2.8,0.08,0.0,25.68,2.11,440.88,0.27,4.65,65.89,1506.75,1081.57,165.39
300425.SZ,中建环能,135.61,32.21,1.83,0.75,1.01,1.17,1.06,0.0,29.67,3.31,-56.75,5.74,6.02,43.96,5.61,85.48,268.53
300426.SZ,唐德影视,-40.4,-63.72,63.55,-73.78,-74.38,-1.65,,0.0,77.84,-133.84,-4549.52,-74.7,0.0,99.38,扣非亏损,扣非亏损,亏损
300427.SZ,红相股份,-54.0,-7.26,3.55,-5.88,-5.44,-0.7,,0.0,40.41,-12.7,-6.37,-46.18,14.15,50.43,扣非亏损,扣非亏损,亏损
300428.SZ,立中集团,18.59,20.94,1.75,6.32,7.15,4.33,0.56,0.0,9.74,2.6,17.61,13.09,0.44,64.81,1.6,6.63,5.2
300429.SZ,强力新材,-270.04,-108.71,5.79,-2.86,-1.4,0.34,,0.0,21.2,-3.42,-52.24,16.97,7.96,50.2,扣非亏损,扣非亏损,亏损
300432.SZ,富临精工,44.51,297.33,4.24,5.95,7.43,3.98,,0.0,12.91,5.39,153.87,40.8,,53.3,7.29,100.0,11.98
300433.SZ,蓝思科技,34.69,37.73,2.32,4.48,5.05,3.41,2.27,0.0,17.0,5.21,45.96,36.74,6.26,41.34,1.03,16.83,13.74
300434.SZ,金石亚药,47.74,107.72,1.53,2.16,2.39,2.72,0.99,0.0,55.38,7.39,-60.52,-8.51,4.48,14.04,-12.65,99.66,39.95
300435.SZ,中泰股份,19.22,19.02,1.48,5.67,5.86,4.25,1.04,0.0,19.03,9.25,-26.8,-10.67,13.62,30.98,-1.78,6.71,6.56
300436.SZ,广生堂,-50.2,-18.76,10.61,-17.41,-14.68,-2.83,,0.0,61.12,-22.6,54.95,16.67,11.9,67.28,扣非亏损,扣非亏损,亏损
300437.SZ,清水源,-36.5,-101.79,1.9,-1.15,-3.8,-2.0,,0.0,9.66,-6.36,-44.16,-3.69,3.23,44.75,扣非亏损,扣非亏损,亏损
300438.SZ,鹏辉能源,228.74,-107.1,3.42,0.25,1.07,0.36,0.7,0.0,14.06,0.55,-96.76,-1.6,0.28,65.82,扣非亏损,扣非转亏,427.55
300439.SZ,美康生物,14.75,21.16,1.53,6.9,7.97,7.05,1.15,0.0,45.8,15.88,7.16,-4.35,,19.16,-4.87,6.13,3.7
300440.SZ,运达科技,61.89,68.65,2.04,2.36,2.5,1.91,0.6,0.0,41.97,8.44,37.73,-15.5,11.65,31.76,-4.43,58.18,49.51
300443.SZ,金雷股份,40.9,37.65,1.34,2.21,2.44,2.24,1.5,0.0,22.75,11.36,-56.73,-1.72,0.07,7.57,-21.88,34.1,33.53
300444.SZ,双杰电气,38.44,44.2,3.56,7.65,7.29,2.92,,0.0,20.0,4.73,19.7,0.54,1.32,70.44,81.92,11.55,10.54
300445.SZ,康斯特,30.22,32.61,3.12,7.36,7.91,7.5,0.46,0.0,64.67,24.66,19.16,8.07,0.82,7.96,4.04,8.87,7.64
300446.SZ,航天智造,23.31,26.46,3.34,10.06,11.22,6.89,0.64,0.0,21.09,10.85,517.52,30.21,0.14,40.3,0.88,5.26,4.15
300447.SZ,全信股份,59.3,79.13,2.29,2.83,2.88,2.31,0.46,0.0,37.61,7.51,-54.07,-4.12,0.3,24.41,-19.18,56.0,41.18
300449.SZ,汉邦高科,-89.08,-28.32,7.65,-7.16,-6.24,-3.02,,0.0,13.23,-32.03,37.2,15.98,1.43,25.35,扣非亏损,扣非亏损,亏损
300450.SZ,先导智能,39.3,1063.31,2.67,4.94,5.12,1.8,1.34,0.0,36.42,6.44,-74.22,-30.9,9.11,65.39,-34.41,430.06,15.35
300451.SZ,创业慧康,124.66,-9095.78,1.89,1.09,1.14,0.5,0.15,0.0,50.14,5.04,-40.98,1.01,20.53,19.01,扣非亏损,扣非转亏,218.7
300452.SZ,山河药辅,18.99,23.5,3.55,11.81,13.81,9.6,1.76,0.0,32.19,19.16,-5.12,0.62,4.0,37.17,37.64,3.98,2.75
300454.SZ,深信服,-37.77,476.79,3.56,-7.61,-6.81,-5.01,0.07,0.0,60.6,-12.51,-8.18,-3.63,,39.75,-131.28,扣非亏损,亏损
300455.SZ,航天智装,309.48,185.26,6.29,1.45,1.53,1.16,0.13,0.0,23.85,3.86,-12.08,-17.59,,44.48,-10.53,256.05,404.55
300456.SZ,赛微电子,-96.94,-220.14,3.03,-2.5,-2.31,-2.19,0.15,0.0,30.52,-21.43,-154.68,-9.26,9.18,23.53,扣非亏损,扣非亏损,亏损
300457.SZ,赢合科技,25.35,30.04,2.55,7.57,7.77,6.36,0.95,0.0,30.99,14.39,4.65,-13.59,4.36,53.01,-2.21,7.94,6.53
300458.SZ,全志科技,124.47,158.32,8.31,3.65,5.06,3.27,0.66,0.0,32.18,8.96,358.23,50.36,0.02,18.68,3.14,86.85,49.2
300459.SZ,汤姆猫,168.61,-18.69,5.63,2.22,2.63,4.18,,0.0,89.43,9.6,-62.71,-15.5,78.14,35.99,扣非亏损,扣非转亏,128.22
300460.SZ,惠伦晶体,1937.74,-28.67,4.94,-1.53,0.19,1.11,,0.0,18.51,0.41,68.24,41.46,0.46,50.57,扣非亏损,扣非亏损,20397.29
300461.SZ,田中精机,-77.54,-110.2,5.47,-5.41,-5.15,-3.42,,0.0,39.01,-26.46,-5256684.46,-0.22,,35.81,扣非亏损,扣非亏损,亏损
300462.SZ,华铭智能,-28.34,-32.71,1.44,-4.35,-3.68,-2.87,,0.0,26.43,-12.15,-269.21,-7.71,0.25,29.57,扣非亏损,扣非亏损,亏损
300463.SZ,迈克生物,23.84,26.91,1.37,4.51,4.33,3.99,1.02,0.0,57.19,14.54,6.05,-7.92,2.19,19.35,-3.4,11.92,11.01
300464.SZ,星徽股份,-41.83,-63.56,4.37,-1.17,-8.02,-0.91,,0.0,21.54,-3.5,-243.81,-5.12,58.62,67.29,扣非亏损,扣非亏损,亏损
300465.SZ,高伟达,252.82,349.91,12.27,3.01,3.65,2.56,,0.0,21.46,3.17,-7.18,-13.84,6.63,50.66,-25.28,232.82,138.53
300466.SZ,赛摩智能,-191.92,-63.37,6.29,-2.67,-2.43,-0.54,,0.0,38.77,-6.66,-415.05,-27.28,18.11,43.23,扣非亏损,扣非亏损,亏损
300467.SZ,迅游科技,119.85,229.8,5.68,2.91,3.61,2.01,,0.0,59.81,11.91,-31.46,-20.69,,21.92,-11.1,157.72,66.4
300468.SZ,四方精创,167.46,358.71,7.24,3.17,3.26,2.29,0.55,0.0,33.0,9.91,-15.23,2.38,,6.86,150.43,226.42,102.74
300469.SZ,信息发展,-90.21,-40.49,15.29,-13.15,-11.96,-6.98,,0.0,22.59,-62.62,-3.79,14.11,,47.24,扣非亏损,扣非亏损,亏损
300471.SZ,厚普股份,-125.13,-48.47,3.85,-2.82,-2.29,-1.25,,0.0,32.67,-10.41,-30.41,-44.1,2.77,46.07,扣非亏损,扣非亏损,亏损
300472.SZ,新元科技,-30.17,-10.78,4.14,-15.66,-9.92,-4.65,,0.0,15.61,-22.49,-2.38,34.95,0.21,64.23,扣非亏损,扣非亏损,亏损
300473.SZ,德尔股份,100.12,176.69,2.07,1.3,1.55,1.97,,0.0,20.52,0.61,469.16,4.88,,60.16,36.19,272.41,129.19
300474.SZ,景嘉微,1545.41,795.24,14.33,0.19,0.69,-0.23,0.17,0.0,53.85,5.41,119.9,-5.99,,12.68,-132.72,8442.08,4479.45
300475.SZ,香农芯创,31.34,25.77,5.15,15.08,12.88,8.58,0.49,0.0,5.19,2.13,213.08,116.26,35.88,68.77,0.22,3.42,4.87
300476.SZ,胜宏科技,39.4,46.93,4.84,9.76,9.55,5.15,1.03,0.0,21.55,9.93,33.2,34.02,14.27,53.65,1.38,9.61,8.25
300477.SZ,合纵科技,-16.38,-7.19,2.4,-10.67,-10.33,-2.18,,0.0,8.36,-11.32,-3.17,3.67,9.63,72.61,扣非亏损,扣非亏损,亏损
300478.SZ,杭州高新,-69.16,-41.83,19.53,-20.31,-19.15,-3.09,,0.0,3.36,-6.52,18.65,-9.52,,76.17,扣非亏损,扣非亏损,亏损
300479.SZ,神思电子,-26.75,-29.54,9.46,-24.74,-23.48,-8.89,,0.0,22.12,-109.71,-89.74,-51.32,,67.11,扣非亏损,扣非亏损,亏损
300480.SZ,光力科技,-76.21,-88.69,4.11,-4.29,-3.84,-2.37,0.94,0.0,57.3,-13.8,-189.23,-21.18,16.18,30.85,扣非亏损,扣非亏损,亏损
300481.SZ,濮阳惠成,23.82,28.08,1.96,5.76,6.14,5.5,2.29,0.0,22.78,13.84,-20.75,5.8,0.05,15.01,4.84,9.76,7.76
300482.SZ,万孚生物,21.77,27.21,2.36,7.76,8.41,8.1,1.33,0.0,63.43,20.16,14.88,8.83,2.0,17.53,3.08,7.01,5.18
300483.SZ,首华燃气,-24.2,-7.0,1.03,-3.06,-2.96,0.1,,0.0,8.7,-8.12,-2709.4,1.57,9.71,52.28,扣非亏损,扣非亏损,亏损
300484.SZ,蓝海华腾,205.84,411.53,8.95,2.35,3.2,2.64,1.27,0.0,39.41,8.46,-11.67,5.89,,25.38,69.92,350.24,128.65
300485.SZ,赛升药业,-29.72,-83.1,1.17,0.52,-2.9,-3.45,0.21,0.0,65.86,-31.65,-21.27,-18.01,0.65,4.64,扣非亏损,扣非转亏,亏损
300486.SZ,东杰智能,-27.23,-8.55,2.25,-6.3,-5.66,-1.78,,0.0,10.92,-13.94,-93.82,-3.01,16.78,57.35,扣非亏损,扣非亏损,亏损
300487.SZ,蓝晓科技,32.04,31.82,7.18,16.14,16.42,11.92,1.07,0.0,48.65,31.84,15.43,19.99,0.7,35.4,1.59,3.94,3.9
300488.SZ,恒锋工具,30.94,35.53,2.86,5.51,6.54,6.63,0.81,0.0,45.26,22.08,-8.4,10.65,0.9,33.67,3.34,12.91,9.46
300489.SZ,光智科技,-362.34,-71.73,20.87,-20.92,-8.52,1.54,,0.0,23.88,-2.29,55.38,32.45,,78.24,扣非亏损,扣非亏损,亏损
300490.SZ,华自科技,-19.68,-10.0,1.41,-5.88,-5.11,-2.0,,0.0,17.74,-11.25,-1082.6,-31.24,15.15,59.89,扣非亏损,扣非亏损,亏损
300491.SZ,通合科技,101.47,56.43,2.5,1.57,1.86,1.14,0.54,0.0,28.11,2.84,-65.88,22.52,14.79,43.23,2.51,72.04,109.11
300492.SZ,华图山鼎,66.92,4036.56,31.69,35.59,47.18,12.2,,0.0,57.9,6.07,1641.05,4702.21,,81.74,0.86,226.86,2.84
300494.SZ,盛天网络,1746.38,-287.43,3.34,-0.37,0.14,-0.7,0.22,0.0,15.11,0.29,-103.67,-21.27,18.63,8.03,扣非亏损,扣非亏损,24948.32
300497.SZ,富祥药业,-87.05,-34.5,3.02,-3.86,-2.53,-0.86,,0.0,9.91,-7.08,-13.53,-24.06,,48.65,扣非亏损,扣非亏损,亏损
300498.SZ,温氏股份,15.03,26.45,3.34,17.86,17.6,7.98,0.5,0.0,16.33,8.8,233.3,16.56,0.38,54.86,1.6,2.96,1.71
300499.SZ,高澜股份,-206.38,-100.92,3.51,-1.83,-1.27,-1.72,,0.0,27.96,-4.78,-143.32,-10.35,,23.73,扣非亏损,扣非亏损,亏损
300500.SZ,启迪设计,-93.45,-5.32,1.8,-2.39,-1.43,0.32,0.42,0.0,24.43,-1.81,-266.92,-3.43,0.98,61.69,扣非亏损,扣非亏损,亏损
300501.SZ,海顺新材,27.13,33.75,1.73,4.05,4.35,4.17,1.04,0.0,29.69,10.29,29.81,9.03,0.23,34.82,3.74,16.65,12.47
300502.SZ,新易盛,41.96,48.53,13.0,26.2,26.29,21.87,0.31,0.0,42.34,32.08,287.73,145.82,2.85,27.88,0.33,3.7,3.19
300503.SZ,昊志机电,52.31,-38.77,4.75,4.19,7.09,4.64,,0.0,35.19,8.39,205.43,37.81,6.09,55.24,扣非亏损,扣非转亏,14.76
300504.SZ,天邑股份,93.99,326.59,2.16,1.8,1.7,1.66,1.09,0.0,16.2,2.65,-66.13,-27.6,0.6,20.0,-11.84,362.75,110.57
300505.SZ,川金诺,29.9,38.9,1.78,4.15,4.5,3.87,0.66,0.0,11.95,5.25,187.01,14.9,,29.91,2.61,18.75,13.29
300506.SZ,*ST名家,-64.46,-8.73,26.78,-36.08,-26.96,-2.04,,0.0,48.41,-34.07,57.87,47.97,,86.15,扣非亏损,扣非亏损,亏损
300507.SZ,苏奥传感,39.58,64.57,2.86,3.37,5.54,5.76,0.89,0.0,24.26,16.55,25.03,15.93,0.0,26.14,4.05,38.33,14.29
300508.SZ,维宏股份,28.77,80.65,4.21,6.52,11.52,9.42,0.29,0.0,60.71,24.0,0.24,6.34,12.21,13.83,12.73,24.73,4.99
300509.SZ,新美星,53.8,79.64,3.46,3.09,4.6,0.95,1.66,0.0,21.49,3.38,-32.35,10.62,,76.94,7.5,51.56,23.39
300510.SZ,金冠股份,-181.66,-71.17,1.54,-1.29,-0.63,-0.45,,0.0,23.05,-2.52,-404.07,11.19,21.24,28.22,扣非亏损,扣非亏损,亏损
300511.SZ,雪榕生物,-10.23,-9.14,1.69,-12.24,-11.12,-1.87,,0.0,2.29,-9.46,-37.87,-15.56,,70.74,扣非亏损,扣非亏损,亏损
300513.SZ,恒实科技,-47.98,-69.01,1.36,-2.13,-2.1,-0.59,0.29,0.0,18.86,-6.05,-254.17,-13.13,41.03,45.0,扣非亏损,扣非亏损,亏损
300514.SZ,友讯达,14.51,16.94,3.07,16.22,16.53,13.71,1.23,0.0,40.66,19.34,-4.01,-2.15,,29.05,-7.9,2.09,1.76
300515.SZ,三德科技,24.81,38.07,3.48,9.71,10.75,7.41,1.26,0.0,58.63,23.33,74.77,5.99,,33.41,6.35,7.84,4.62
300516.SZ,久之洋,260.58,128.92,5.49,1.28,1.56,1.08,1.05,0.0,38.41,7.3,-60.5,-27.41,,26.55,-4.7,202.08,334.08
300518.SZ,新迅达,-24.45,-9.02,2.7,-6.63,-7.8,-6.78,,0.0,17.61,-95.79,-148.82,-53.51,,11.8,扣非亏损,扣非亏损,亏损
300519.SZ,新光药业,47.51,60.83,2.93,4.16,4.53,4.2,2.41,0.0,35.08,17.47,-37.55,0.05,,8.35,1348.76,29.26,20.98
300520.SZ,科大国创,-121.12,-14.46,4.17,-3.89,-2.55,-1.85,,0.0,38.82,-6.98,-569.61,-41.51,5.4,56.83,扣非亏损,扣非亏损,亏损
300521.SZ,爱司凯,-187.54,-162.06,4.93,-2.14,-1.95,-1.42,,0.0,41.87,-7.86,-341.55,15.33,,14.72,扣非亏损,扣非亏损,亏损
300522.SZ,世名科技,85.47,212.05,5.0,3.56,4.45,3.95,0.37,0.0,26.35,6.75,-13.59,0.72,4.28,25.01,295.42,119.28,38.41
300523.SZ,辰安科技,-30.54,-62.64,4.45,-11.13,-10.37,-3.39,,0.0,32.21,-15.91,-1872.3,-27.53,5.39,60.41,扣非亏损,扣非亏损,亏损
300527.SZ,中船应急,1411.95,-102.65,3.88,-0.17,0.2,0.35,,0.0,23.18,0.7,98.28,113.86,,32.06,扣非亏损,扣非亏损,14119.51
300528.SZ,幸福蓝海,-37.28,-20.63,5.32,-13.19,-10.16,-1.77,,0.0,9.77,-12.93,-454.21,-33.43,1.38,70.68,扣非亏损,扣非亏损,亏损
300529.SZ,健帆生物,25.35,35.27,8.44,23.42,23.44,17.56,1.8,0.0,81.31,35.93,86.49,47.76,0.37,41.12,0.74,3.01,2.16
300530.SZ,领湃科技,-19.37,-17.23,53.68,-106.99,-103.5,-6.73,,0.0,13.37,-163.0,8.81,-33.88,1.35,93.6,扣非亏损,扣非亏损,亏损
300531.SZ,优博讯,232.81,-24.1,3.6,1.13,1.1,1.34,0.33,0.0,25.23,1.86,-76.22,1.6,8.64,35.46,扣非亏损,扣非转亏,423.29
300533.SZ,冰川网络,-7.09,-9.57,4.14,-36.87,-34.48,-18.16,4.33,0.0,92.64,-22.95,-400.48,-6.19,,55.3,扣非亏损,扣非亏损,亏损
300535.SZ,达威股份,39.22,63.78,1.64,2.97,3.17,1.8,0.4,0.0,35.42,3.81,-5.54,4.26,0.22,33.66,14.96,42.98,24.75
300536.SZ,*ST农尚,-32.84,-29.84,4.19,-7.74,-9.14,-5.87,,0.0,17.09,-48.07,-2713.75,30.9,0.14,39.28,扣非亏损,扣非亏损,亏损
300537.SZ,广信材料,86.68,195.39,5.09,4.58,4.99,3.84,,0.0,37.14,9.51,136.36,-2.11,6.27,29.54,-92.4,85.39,34.74
300538.SZ,同益股份,417.06,299.89,3.31,0.43,0.58,1.12,0.2,0.0,5.53,0.31,-35.25,1.21,3.94,49.35,248.71,1386.14,1438.12
300539.SZ,横河精密,90.34,98.79,5.33,4.04,4.46,3.09,0.64,0.0,21.08,4.35,-3.54,9.76,,50.57,10.12,48.91,40.51
300540.SZ,蜀道装备,146.47,160.87,4.32,2.19,2.25,1.04,,0.0,24.35,4.7,1063.43,43.15,,39.48,3.73,146.77,130.19
300541.SZ,先进数通,136.63,70.11,3.65,1.96,1.99,1.45,0.78,0.0,16.88,2.16,-67.76,-3.35,,35.1,-20.94,71.56,137.32
300542.SZ,新晨科技,-363.46,308.16,13.69,-4.31,-2.77,-0.31,0.11,0.0,16.78,-2.76,-31.02,-20.79,29.28,55.84,-14.82,扣非亏损,亏损
300543.SZ,朗科智能,44.45,77.26,2.65,3.77,4.08,2.25,0.46,0.0,18.56,4.1,-1.08,16.96,,46.71,4.56,41.03,21.79
300545.SZ,联得装备,25.04,27.04,3.6,10.96,11.11,7.99,0.43,0.0,39.94,19.32,68.31,13.37,,39.5,2.02,4.94,4.51
300546.SZ,雄帝科技,234.46,-376.41,3.12,0.39,1.01,0.49,,0.0,48.68,3.36,118.72,14.73,,15.26,扣非亏损,扣非转亏,464.29
300547.SZ,川环科技,23.22,24.31,3.88,12.45,13.03,11.6,1.64,0.0,25.25,15.76,33.37,25.51,0.02,18.87,0.95,3.91,3.56
300548.SZ,博创科技,145.12,-613.29,4.32,1.5,2.25,3.18,0.3,0.0,24.05,9.72,-47.81,-4.23,10.0,32.79,扣非亏损,扣非转亏,129.0
300549.SZ,优德精密,146.56,299.1,4.46,1.54,2.27,2.19,0.52,0.0,28.8,4.91,-30.21,-4.07,,20.28,-73.43,388.46,129.13
300550.SZ,和仁科技,3110.9,157.58,3.59,-0.1,0.09,-0.21,0.2,0.0,43.47,0.2,-108.7,-6.42,0.09,24.58,-24.55,转盈,69131.14
300551.SZ,古鳌科技,-21.75,-20.73,7.32,-22.53,-22.47,-15.52,,0.0,63.45,-91.69,-286.09,-49.86,14.71,31.16,扣非亏损,扣非亏损,亏损
300552.SZ,万集科技,-26.01,-18.96,3.97,-11.24,-10.85,-7.2,,0.0,26.16,-37.4,-15.0,15.38,0.26,32.86,扣非亏损,扣非亏损,亏损
300553.SZ,集智股份,138.22,197.08,3.54,1.84,1.92,0.2,0.2,0.0,44.21,2.98,-30.59,-10.79,,45.71,-18.26,214.7,143.98
300554.SZ,三超新材,-52.97,-69.52,4.39,-6.38,-5.94,-5.4,0.3,0.0,19.81,-17.55,-317.75,-22.7,,28.16,扣非亏损,扣非亏损,亏损
300555.SZ,ST路通,-33.78,-27.87,3.1,-7.19,-6.66,-7.5,,0.0,13.99,-44.52,-60.59,-35.06,0.93,15.26,扣非亏损,扣非亏损,亏损
300556.SZ,丝路视觉,-8.48,-11.87,3.44,-26.73,-25.71,-11.98,0.09,0.0,-6.04,-49.57,-4183.81,-53.54,0.68,60.87,扣非亏损,扣非亏损,亏损
300557.SZ,理工光科,82.45,110.87,3.02,2.48,2.8,1.61,0.57,0.0,32.17,8.07,55.59,2.57,,35.54,43.15,89.36,58.89
300558.SZ,贝达药业,36.93,53.44,3.64,6.64,7.64,5.04,0.33,0.0,83.81,17.28,50.12,14.73,7.22,38.81,3.63,16.09,9.67
300559.SZ,佳发教育,70.65,74.51,3.87,4.09,4.12,2.84,0.97,0.0,56.19,14.02,-56.16,-22.47,1.5,12.12,-3.32,36.46,34.3
300560.SZ,中富通,211.47,-53.91,3.41,0.64,1.22,1.18,0.07,0.0,16.08,1.1,-55.72,-8.62,11.3,60.64,扣非亏损,扣非转亏,346.67
300561.SZ,汇金科技,-1810.37,-1382.53,15.7,-0.57,-0.64,-1.22,0.3,0.0,53.1,-6.09,-214.4,-38.51,,3.59,扣非亏损,扣非亏损,亏损
300564.SZ,筑博设计,1401.25,-487.22,1.78,-2.69,0.09,0.02,3.71,0.0,24.33,0.38,-1135.77,-31.14,,24.04,扣非亏损,扣非亏损,31138.92
300565.SZ,科信技术,-24.58,-17.15,6.01,-25.88,-25.4,-8.17,,0.0,15.44,-39.05,-18.21,-14.67,,57.78,扣非亏损,扣非亏损,亏损
300566.SZ,激智科技,21.51,31.08,2.49,7.41,8.95,5.22,0.8,0.0,24.23,10.22,122.74,-0.24,1.77,47.77,-131.2,8.39,4.81
300567.SZ,精测电子,170.73,163.3,5.71,0.02,2.39,1.15,0.23,0.0,43.43,2.44,100.81,18.5,0.79,56.49,8.83,18043.68,142.87
300568.SZ,星源材质,32.06,62.74,1.52,2.72,3.61,2.35,1.43,0.0,30.22,13.46,-53.49,17.86,,51.99,3.51,46.12,17.76
300569.SZ,天能重工,734.9,99.57,1.03,0.06,0.1,1.16,1.03,0.0,17.26,0.4,-98.38,-30.46,0.06,53.57,-3.27,3487.6,14698.07
300570.SZ,太辰光,92.94,100.25,12.78,9.81,10.33,9.06,1.28,0.0,33.78,16.12,47.09,47.0,,22.1,2.13,20.45,17.99
300571.SZ,平治信息,486.95,-102.87,2.44,0.31,0.38,1.07,,0.0,8.95,0.6,-75.78,-12.04,2.05,59.11,扣非亏损,扣非转亏,2562.88
300572.SZ,安车检测,-120.6,-25.25,2.14,-1.86,-1.31,-1.42,0.11,0.0,30.67,-9.99,-319.69,-16.58,17.08,26.68,扣非亏损,扣非亏损,亏损
300575.SZ,中旗股份,83.6,122.74,1.38,1.34,1.22,0.72,1.57,0.0,15.59,1.4,-87.38,-10.14,1.34,46.29,-12.1,183.57,137.05
300576.SZ,容大感光,125.6,176.27,13.14,7.52,8.15,6.98,0.19,0.0,37.86,15.54,27.29,18.83,9.5,22.99,9.36,46.9,30.82
300577.SZ,开润股份,13.15,24.89,2.74,11.33,15.7,9.49,0.64,0.0,23.16,11.0,63.02,32.48,12.72,49.16,0.77,4.39,1.67
300578.SZ,会畅通讯,158.42,-11.55,4.14,0.47,1.98,1.39,,0.0,33.4,6.64,131.58,0.29,5.33,8.72,扣非亏损,扣非转亏,160.02
300579.SZ,数字认证,-224.09,-138.33,9.04,-3.49,-3.0,-2.07,,0.0,49.35,-4.14,-13.85,14.62,,39.28,扣非亏损,扣非亏损,亏损
300581.SZ,晨曦航空,-263.88,1006.59,8.73,-2.54,-2.44,-2.34,0.13,0.0,39.57,-34.81,28.45,-26.46,,16.6,-38.04,扣非亏损,亏损
300582.SZ,英飞特,57.41,-67.6,2.34,3.16,3.11,2.75,,0.0,31.07,2.31,174.37,6.59,8.93,55.36,扣非亏损,扣非转亏,36.92
300583.SZ,赛托生物,257.57,-660.29,2.6,0.28,0.74,1.44,2.28,0.0,26.38,1.73,-85.39,-17.13,,35.26,扣非亏损,扣非转亏,696.14
300584.SZ,海辰药业,73.72,62.01,2.74,2.91,2.81,2.62,0.21,0.0,83.1,7.8,35.4,-4.62,,29.02,-13.43,42.62,52.47
300585.SZ,奥联电子,-828.23,-350.38,3.77,-0.81,-0.34,-1.17,0.06,0.0,22.17,-1.61,-201.06,-8.59,7.11,20.28,扣非亏损,扣非亏损,亏损
300586.SZ,美联新材,117.72,128.6,2.99,2.05,1.9,1.42,0.62,0.0,13.9,3.69,-58.77,-9.1,3.67,33.38,-14.13,125.54,123.91
300587.SZ,天铁股份,188.97,-10.18,2.37,-1.09,0.98,1.19,,0.0,19.43,1.14,51.87,44.09,6.44,55.06,扣非亏损,扣非亏损,385.66
300588.SZ,熙菱信息,-86.85,-64.9,8.27,-9.66,-6.9,-4.34,,0.0,37.62,-22.37,8.03,2.7,,48.16,扣非亏损,扣非亏损,亏损
300589.SZ,江龙船艇,162.09,121.74,6.25,2.59,2.74,0.83,0.22,0.0,9.47,1.95,176.6,81.75,,58.47,1.49,94.06,118.31
300590.SZ,移为通信,39.87,43.75,3.89,6.87,7.31,6.56,1.25,0.0,42.51,19.31,18.3,6.51,,7.61,6.72,12.74,10.91
300591.SZ,万里马,-26.94,-15.24,5.51,-14.33,-14.25,-6.04,,0.0,10.16,-15.13,-1312.85,0.84,,51.46,扣非亏损,扣非亏损,亏损
300592.SZ,华凯易佰,20.56,26.93,2.34,8.56,8.71,5.71,1.61,0.0,35.13,3.07,-33.98,28.75,32.64,50.77,0.94,6.29,4.72
300593.SZ,新雷能,-41.36,-35.48,2.7,-4.98,-4.73,-2.89,0.68,0.0,42.1,-21.35,-203.75,-37.63,0.41,32.63,扣非亏损,扣非亏损,亏损
300594.SZ,朗进科技,-30.99,-35.79,2.06,-4.86,-4.79,-2.36,0.48,0.0,23.6,-7.34,-4927.35,4.07,,54.97,扣非亏损,扣非亏损,亏损
300595.SZ,欧普康视,26.14,31.72,3.91,10.5,11.57,11.64,0.99,0.0,74.81,40.52,0.4,8.44,11.34,14.84,3.76,6.04,4.52
300596.SZ,利安隆,15.95,17.78,1.53,7.13,7.36,4.72,1.16,0.0,21.13,7.23,11.8,10.57,13.73,48.02,1.68,4.99,4.33
300597.SZ,吉大通信,222.37,278.15,2.44,0.8,0.78,0.88,0.04,0.0,21.17,2.31,-27.67,0.29,,29.64,973.91,698.78,570.18
300598.SZ,诚迈科技,-126.83,-98.28,8.82,-6.22,-5.48,-4.58,0.28,0.0,16.37,-6.1,40.59,3.44,,30.37,扣非亏损,扣非亏损,亏损
300599.SZ,雄塑科技,-46.82,-45.67,1.4,-2.64,-2.6,-2.12,2.49,0.0,9.38,-6.19,-472.95,-21.89,,14.46,扣非亏损,扣非亏损,亏损
300600.SZ,ST瑞科,-71.02,-59.66,2.43,-2.47,-2.54,-2.42,,0.0,26.49,-13.58,26.42,27.53,0.1,16.23,扣非亏损,扣非亏损,亏损
300601.SZ,康泰生物,46.93,51.44,2.39,3.15,3.6,2.38,1.4,0.0,83.45,17.4,-49.27,-18.11,,33.11,-2.84,32.61,26.07
300602.SZ,飞荣达,92.0,87.74,3.34,2.43,2.75,1.48,0.18,0.0,18.27,2.6,225.15,17.53,2.6,48.73,5.01,72.33,66.91
300603.SZ,立昂技术,646.0,454.22,3.3,0.41,0.38,0.01,,0.0,14.7,0.62,111.78,-0.91,1.24,34.35,-498.59,2232.57,3400.02
300604.SZ,长川科技,68.97,87.68,9.97,11.16,11.54,6.5,0.26,0.0,56.06,14.91,422.25,109.72,7.24,43.32,0.8,15.72,11.95
300605.SZ,恒锋信息,-69.45,-74.57,4.32,-4.74,-4.32,-1.74,0.27,0.0,28.21,-13.72,-285.95,-53.0,0.17,58.81,扣非亏损,扣非亏损,亏损
300606.SZ,金太阳,120.87,81.45,4.7,2.74,2.9,2.44,0.44,0.0,25.29,6.23,-36.07,-12.04,,36.57,-6.76,59.45,83.36
300607.SZ,拓斯达,644.4,-175.72,3.38,0.04,0.38,0.43,0.27,0.0,20.31,0.14,-99.25,-30.96,3.46,61.64,扣非亏损,扣非转亏,3391.59
300608.SZ,思特奇,-20.67,-62.38,3.06,-10.37,-10.19,-5.71,0.06,0.0,12.03,-48.73,-121.94,-19.55,,40.83,扣非亏损,扣非亏损,亏损
300609.SZ,汇纳科技,-75.71,-98.48,3.75,-3.68,-3.67,-5.18,0.73,0.0,51.06,-28.75,-2.35,-1.09,4.61,13.92,扣非亏损,扣非亏损,亏损
300610.SZ,晨化股份,24.52,37.29,1.92,4.24,5.94,4.6,1.6,0.0,19.97,9.54,131.16,-4.55,,24.72,-8.19,17.61,8.26
300611.SZ,美力科技,22.55,28.26,2.2,7.25,7.57,4.63,0.44,0.0,21.85,6.97,176.01,21.16,0.93,45.4,1.34,7.79,5.96
300612.SZ,宣亚国际,-102.77,-29.65,6.08,-5.92,-5.32,-2.13,,0.0,21.62,-5.45,-1052.91,-34.43,6.51,34.8,扣非亏损,扣非亏损,亏损
300613.SZ,富瀚微,48.3,55.38,4.68,6.52,7.05,4.59,0.28,0.0,37.86,12.35,-1.87,-3.49,9.49,23.21,-15.86,16.99,13.7
300614.SZ,百川畅银,-18.44,-10.88,1.36,-4.61,-4.68,-1.99,,0.0,17.0,-23.77,-1358.1,-5.5,2.23,38.1,扣非亏损,扣非亏损,亏损
300615.SZ,欣天科技,-103.05,-57.11,4.67,-4.24,-3.35,-2.32,0.63,0.0,20.34,-9.89,-130.5,-68.17,,19.66,扣非亏损,扣非亏损,亏损
300616.SZ,尚品宅配,-20.83,-43.02,0.9,-3.75,-3.15,-1.9,5.02,0.0,31.93,-4.18,-539.15,-22.22,,57.19,扣非亏损,扣非亏损,亏损
300617.SZ,安靠智电,26.03,30.96,1.67,4.03,4.9,4.46,0.59,0.0,40.75,20.2,-8.26,-1.51,,24.34,-20.48,15.35,10.62
300618.SZ,寒锐钴业,59.32,56.68,2.48,3.92,3.18,3.47,0.35,0.0,16.7,4.49,24.94,12.48,,38.66,4.54,28.89,37.31
300619.SZ,金银河,-304.71,-110.37,2.43,-1.07,-0.59,0.94,0.49,0.0,18.77,-1.36,-117.15,-32.5,,60.65,扣非亏损,扣非亏损,亏损
300620.SZ,光库科技,172.93,246.71,6.7,2.47,3.03,2.46,0.22,0.0,35.88,8.54,39.61,41.0,11.86,29.36,6.02,200.16,114.14
300621.SZ,维业股份,152.38,-517.81,3.03,1.63,1.55,1.13,0.09,0.0,5.24,0.14,-31.33,-18.64,,93.79,扣非亏损,扣非转亏,196.61
300623.SZ,捷捷微电,72.51,86.62,8.59,7.19,8.5,5.53,0.37,0.0,38.22,17.5,146.69,40.63,,39.68,2.13,24.08,17.06
300624.SZ,万兴科技,-1638.27,651.64,9.42,-1.49,-0.42,-0.46,0.12,0.0,93.72,-0.41,-137.65,-3.91,23.54,16.3,-166.6,扣非亏损,亏损
300625.SZ,三雄极光,41.59,40.99,1.62,1.74,2.0,1.85,4.05,0.0,32.57,4.11,-69.34,-10.99,,33.7,-3.73,46.99,41.59
300627.SZ,华测导航,41.92,47.2,6.48,10.73,11.92,9.23,1.13,0.0,59.18,16.96,35.31,24.22,1.15,27.01,1.95,8.79,7.03
300629.SZ,新劲刚,40.42,44.42,3.55,6.74,6.76,6.8,0.46,0.0,66.36,28.67,2.51,5.26,32.96,15.74,8.45,13.17,11.96
300630.SZ,普利制药,-38.86,-28.37,1.86,-4.37,-3.44,-1.51,,0.0,59.83,-15.72,-397.45,0.34,,55.09,扣非亏损,扣非亏损,亏损
300631.SZ,久吾高科,117.19,62.3,2.63,1.32,1.69,0.94,0.62,0.0,35.27,6.76,263.23,-37.85,,33.35,-1.65,94.24,138.68
300632.SZ,光莆股份,41.08,1277.83,2.13,1.98,3.71,2.89,1.61,0.0,30.92,10.99,-54.14,-15.51,,23.95,-82.4,1287.94,22.15
300633.SZ,开立医疗,117.56,82.47,5.48,2.75,3.36,2.23,0.68,0.0,66.59,7.79,-73.21,-4.74,5.26,24.93,-17.38,60.01,69.98
300634.SZ,彩讯股份,37.28,51.39,3.61,7.01,7.43,5.25,0.82,16.21,40.4,15.84,1.04,10.72,0.61,19.42,4.79,7.34,5.02
300635.SZ,中达安,511.01,2482.19,3.59,0.51,0.53,1.01,0.08,0.0,22.75,1.13,134.74,5.2,29.72,66.59,477.28,9799.4,1928.36
300636.SZ,同和药业,28.89,30.85,1.6,4.1,4.22,2.84,0.38,0.0,33.66,16.8,29.91,1.84,,29.91,16.81,15.04,13.69
300637.SZ,扬帆新材,-79.47,-25.63,4.23,-4.63,-3.99,-1.61,,0.0,13.77,-5.46,-97.2,-5.73,,49.21,扣非亏损,扣非亏损,亏损
300638.SZ,广和通,16.47,25.92,4.06,13.53,19.69,9.52,2.0,0.0,20.71,10.56,3.83,5.12,0.39,52.55,5.06,3.83,1.67
300639.SZ,凯普生物,-11.9,-13.42,0.93,-5.78,-5.75,-8.77,0.7,0.0,53.81,-65.67,-276.98,-28.26,,10.04,扣非亏损,扣非亏损,亏损
300640.SZ,德艺文创,111.67,109.81,2.08,2.27,1.37,1.29,1.09,0.0,16.85,1.69,-33.92,21.16,,16.28,5.19,96.62,163.02
300641.SZ,正丹股份,12.87,17.68,5.35,39.27,39.85,36.35,0.35,0.0,38.64,31.78,3287.47,130.28,,14.52,0.14,0.9,0.65
300642.SZ,透景生命,74.94,48.46,1.62,0.95,1.59,1.21,0.85,0.0,64.94,6.16,-48.27,-20.01,,9.82,-2.42,102.4,94.26
300643.SZ,万通智控,29.15,30.07,2.99,7.38,7.86,7.1,1.28,0.0,33.58,10.82,2.76,-2.86,6.17,21.45,-10.51,8.15,7.42
300644.SZ,南京聚隆,32.88,31.8,2.75,6.08,6.35,3.98,1.2,0.0,14.81,3.74,4.58,29.47,,58.93,1.08,10.46,10.36
300645.SZ,正元智慧,179.09,173.58,2.33,0.54,0.92,1.12,0.22,0.0,44.1,1.76,-76.83,1.05,9.62,54.57,164.97,646.85,389.33
300647.SZ,超频三,-62.05,-16.89,4.12,-5.23,-4.83,-3.23,,0.0,16.18,-15.43,23.12,-22.86,0.72,58.58,扣非亏损,扣非亏损,亏损
300648.SZ,星云股份,-63.6,-22.94,4.92,-7.1,-5.66,-0.79,,0.0,34.6,-6.01,36.6,16.43,,62.69,扣非亏损,扣非亏损,亏损
300649.SZ,杭州园林,-74.06,-65.52,3.18,-3.68,-3.11,-1.89,0.36,0.0,16.2,-11.59,-268.89,-25.85,,48.66,扣非亏损,扣非亏损,亏损
300651.SZ,金陵体育,62.24,110.0,2.31,1.36,2.67,2.04,0.75,0.0,31.73,8.33,-71.75,-19.89,,35.42,-5.53,162.28,46.62
300652.SZ,雷迪克,27.95,33.42,2.54,6.1,5.4,6.04,1.81,0.0,31.43,18.07,-1.07,11.24,,22.13,2.97,10.97,10.35
300653.SZ,正海生物,25.69,33.32,4.79,11.75,12.99,14.09,2.76,0.0,87.61,42.92,-26.67,-9.46,,8.45,-3.52,5.67,3.96
300654.SZ,世纪天鸿,90.17,102.97,4.5,3.3,3.81,3.57,0.44,0.0,36.94,8.59,-9.53,5.26,,27.51,19.57,62.43,47.33
300655.SZ,晶瑞电材,13323.38,-640.89,4.57,-0.48,0.03,0.53,0.29,0.0,19.82,-1.09,-123.5,10.56,4.54,28.33,扣非亏损,扣非亏损,888225.37
300656.SZ,民德电子,-392.91,-125.22,4.78,-0.92,-0.9,0.06,0.12,0.0,36.4,-4.64,-171.79,-8.26,7.54,32.13,扣非亏损,扣非亏损,亏损
300657.SZ,弘信电子,133.93,-52.65,7.36,0.69,4.21,3.35,,0.0,10.33,2.6,103.54,81.1,28.85,73.31,扣非亏损,扣非转亏,63.63
300659.SZ,中孚信息,-24.78,-39.56,4.84,-18.7,-15.5,-10.51,,0.0,61.8,-43.11,21.96,-7.78,,28.96,扣非亏损,扣非亏损,亏损
300661.SZ,圣邦股份,117.65,121.82,10.41,6.11,7.02,6.2,0.11,0.0,52.17,11.34,165.77,29.96,1.89,19.57,4.07,39.9,33.52
300662.SZ,科锐国际,25.29,34.84,2.37,6.02,7.28,5.04,0.29,0.0,6.75,1.57,-2.77,18.77,8.35,48.8,1.86,11.57,6.95
300663.SZ,科蓝软件,-1205.26,-85.3,10.77,-1.05,-0.61,0.93,,0.0,32.01,-1.37,14.34,0.05,5.92,62.03,扣非亏损,扣非亏损,亏损
300665.SZ,飞鹿股份,-15.36,-32.97,2.97,-13.1,-12.67,-2.22,0.58,0.0,12.49,-21.06,-234.63,-38.94,3.4,72.05,扣非亏损,扣非亏损,亏损
300666.SZ,江丰电子,52.17,71.76,4.52,6.11,6.7,4.53,0.34,0.0,29.96,8.45,87.32,41.77,,42.12,1.72,23.47,15.57
300667.SZ,必创科技,-839.52,548.25,3.31,-0.67,-0.3,-0.06,0.58,0.0,33.39,-0.85,-206.76,-8.22,28.2,18.28,-66.7,扣非亏损,亏损
300668.SZ,杰恩设计,175.69,206.94,3.23,0.93,1.36,1.77,1.22,0.0,26.3,2.87,-84.84,-21.2,,34.16,-9.76,446.23,258.37
300669.SZ,沪宁股份,124.98,133.29,4.96,2.37,2.94,2.47,0.77,0.0,25.34,10.97,-40.29,-16.59,0.3,12.7,-8.03,112.4,85.02
300670.SZ,大烨智能,1404.08,-13.76,3.48,-8.05,0.18,1.55,,0.0,13.63,0.91,-20.98,-20.97,,68.64,扣非亏损,扣非亏损,15600.85
300671.SZ,富满微,-109.61,-33.98,5.37,-4.67,-3.59,-1.84,,0.0,17.92,-13.07,47.79,-5.12,,32.65,扣非亏损,扣非亏损,亏损
300672.SZ,国科微,167.6,299.02,3.84,1.1,1.71,0.16,0.51,0.0,22.61,5.52,33.75,-62.32,7.4,47.76,-4.8,544.86,196.02
300673.SZ,佩蒂股份,19.48,22.89,2.19,7.94,8.1,6.23,,0.0,28.01,11.8,596.01,44.34,4.48,35.88,0.52,5.77,4.81
300674.SZ,宇信科技,51.16,47.92,4.34,5.34,6.37,4.5,1.23,0.0,32.67,11.16,35.18,-23.05,0.44,23.5,-2.08,17.96,16.06
300675.SZ,建科院,-50.79,-146.19,4.11,-6.43,-5.86,-1.44,0.26,0.0,29.91,-13.04,25.2,-6.32,,56.98,扣非亏损,扣非亏损,亏损
300676.SZ,华大基因,-126.61,-157.61,2.13,-1.41,-1.26,-1.38,0.21,0.0,45.22,-4.39,-260.86,-10.1,0.47,24.94,扣非亏损,扣非亏损,亏损
300678.SZ,中科信息,1643.63,827.22,15.85,0.28,0.72,0.73,0.17,0.0,27.61,2.33,-73.67,11.29,,17.19,73.25,5844.02,4565.63
300679.SZ,电连技术,32.44,35.68,4.17,9.66,8.64,7.58,0.86,0.0,33.76,14.24,87.83,51.16,2.77,26.66,0.7,7.39,7.51
300680.SZ,隆盛科技,30.07,34.05,3.35,8.43,8.49,5.3,1.07,0.0,18.61,9.52,78.46,38.47,8.47,50.51,0.88,8.08,7.08
300681.SZ,英搏尔,93.35,123.07,3.33,1.37,2.74,1.02,0.16,0.0,16.37,3.18,385.94,27.51,,57.74,4.47,179.61,68.14
300682.SZ,朗新集团,65.78,28.77,1.88,1.59,2.11,0.86,1.71,0.0,44.37,3.96,-27.22,3.8,17.72,26.29,7.57,36.18,62.35
300683.SZ,海特生物,-74.97,-23.18,1.63,-2.86,-1.62,-1.85,,0.0,45.24,-9.36,-55.5,2.87,10.74,16.65,扣非亏损,扣非亏损,亏损
300684.SZ,中石科技,36.35,58.15,3.29,5.08,6.85,6.46,1.12,0.0,30.76,11.98,140.11,14.8,0.32,21.1,3.93,22.9,10.61
300685.SZ,艾德生物,34.79,35.48,5.83,12.08,13.06,12.09,0.68,0.0,84.74,26.8,37.74,19.84,,11.16,1.79,5.87,5.33
300686.SZ,智动力,-24.02,-15.47,2.31,-7.37,-6.95,-2.79,,0.0,7.56,-7.02,52.83,13.99,,48.99,扣非亏损,扣非亏损,亏损
300687.SZ,赛意信息,63.37,48.37,2.97,3.34,4.0,2.66,0.51,0.0,32.32,5.48,-18.85,1.37,10.82,22.78,35.33,29.0,31.68
300688.SZ,创业黑马,-90.89,-185.89,10.77,-8.96,-8.31,-6.32,0.02,0.0,53.46,-27.01,-198.18,-11.33,,29.82,扣非亏损,扣非亏损,亏损
300689.SZ,澄天伟业,6227.07,-252.99,5.14,-0.89,0.06,-0.12,0.22,0.0,15.67,0.14,-214.33,-18.33,,13.05,扣非亏损,扣非亏损,207569.16
300690.SZ,双一科技,51.18,63.11,3.02,3.98,4.46,3.77,1.12,0.0,24.37,10.12,-22.37,21.91,,21.63,2.88,31.7,22.95
300691.SZ,联合光电,122.16,144.2,3.56,1.33,1.32,0.7,0.65,0.0,23.81,2.41,-36.86,5.92,,42.43,24.37,216.48,185.08
300692.SZ,中环环保,28.83,38.3,1.33,3.19,3.29,2.89,0.65,0.0,39.66,11.04,-20.32,14.04,1.16,64.22,2.73,24.04,17.52
300693.SZ,盛弘股份,22.56,21.33,4.91,16.69,17.4,9.32,1.1,0.0,40.17,12.76,0.32,20.91,,50.46,1.02,2.56,2.59
300694.SZ,蠡湖股份,45.77,47.36,1.88,3.3,3.13,2.0,0.4,0.0,15.64,3.55,-27.96,-3.05,,34.15,-15.55,28.68,29.25
300696.SZ,爱乐达,-227.89,-96.23,3.08,-1.33,-1.0,-1.26,0.57,0.0,4.6,-9.57,-125.78,-29.11,,11.8,扣非亏损,扣非亏损,亏损
300697.SZ,电工合金,36.55,40.67,4.05,8.07,8.54,7.12,1.55,0.0,10.68,5.06,-22.21,3.56,,36.08,11.44,10.08,8.56
300698.SZ,万马科技,143.23,110.89,12.57,6.48,6.41,3.84,,0.0,37.31,8.1,-22.44,7.84,,48.82,14.15,34.24,44.69
300699.SZ,光威复材,38.71,41.62,5.77,10.13,11.09,9.29,1.87,0.0,46.76,30.31,10.09,8.9,,28.45,4.68,8.22,6.98
300700.SZ,岱勒新材,-32.62,-25.83,3.29,-7.16,-7.02,-4.44,0.74,0.0,-3.23,-30.19,-151.64,-60.8,13.64,41.39,扣非亏损,扣非亏损,亏损
300702.SZ,天宇股份,52.65,263.29,1.69,2.6,2.43,1.96,0.23,0.0,35.47,4.4,-30.67,3.61,,45.02,73.01,202.52,43.33
300703.SZ,创源股份,21.71,26.29,2.05,6.79,7.08,4.78,1.33,0.0,30.58,5.33,-8.14,38.33,2.85,49.22,0.69,7.75,6.13
300705.SZ,九典制药,20.17,25.77,5.23,19.19,20.46,16.93,0.97,0.0,73.76,20.96,44.82,13.36,,26.47,1.93,2.69,1.97
300706.SZ,阿石创,291.75,599.73,5.08,1.09,1.3,1.25,0.12,0.0,8.51,1.26,30.9,33.08,0.76,57.31,18.13,1102.66,448.85
300708.SZ,聚灿光电,38.62,29.46,3.07,5.42,5.93,3.0,1.42,0.0,14.1,7.89,2408.97,10.61,,44.3,2.78,10.87,13.02
300709.SZ,精研科技,62.78,86.2,3.89,4.25,4.72,2.72,0.51,0.0,30.35,6.07,-18.94,-3.08,,34.58,-27.98,40.59,26.6
300710.SZ,万隆光电,118.7,708.2,3.12,0.9,1.99,2.7,,0.0,29.43,5.35,176.44,3.99,5.77,21.25,177.63,1572.9,119.3
300711.SZ,广哈通信,193.59,89.94,7.71,2.44,2.96,2.01,0.75,0.0,59.42,8.96,21.31,15.41,,28.86,5.84,73.74,130.8
300712.SZ,永福股份,106.35,121.69,3.67,2.07,2.49,1.03,0.37,0.0,19.56,0.76,-2.33,18.36,0.73,71.3,6.63,117.36,85.42
300713.SZ,英可瑞,-39.79,-37.24,4.41,-7.98,-7.99,-5.51,,0.0,23.24,-33.2,-106.4,-14.11,0.48,39.48,扣非亏损,扣非亏损,亏损
300715.SZ,凯伦股份,-70.4,-26.41,1.32,-2.16,-1.36,-0.05,1.11,0.0,23.54,-1.89,-251.84,-12.92,,62.99,扣非亏损,扣非亏损,亏损
300716.SZ,泉为科技,-20.67,-13.4,24.79,-63.21,-62.04,-11.09,,0.0,-10.26,-69.48,42.58,-76.92,0.05,88.13,扣非亏损,扣非亏损,亏损
300717.SZ,华信新材,35.06,37.0,2.34,4.9,5.05,4.31,1.19,0.0,31.77,15.09,14.46,-3.55,,14.17,-10.43,15.11,13.89
300719.SZ,安达维尔,812.64,60.12,5.49,0.08,0.49,0.26,1.5,0.0,43.59,1.22,-95.29,-11.8,,35.42,-5.09,1429.67,3316.9
300721.SZ,怡达股份,125.29,75.93,1.97,1.24,1.18,1.43,0.67,0.0,11.51,0.46,129.45,-2.44,,51.95,-31.17,122.81,212.36
300722.SZ,新余国科,107.08,121.01,15.17,10.58,10.9,8.87,0.61,0.0,43.44,20.31,3.26,18.08,0.25,26.3,6.69,22.87,19.65
300723.SZ,一品红,-23.22,-80.1,3.5,0.16,-10.49,-5.4,0.7,0.0,66.53,-21.73,-98.3,-32.98,0.5,51.11,扣非亏损,扣非转亏,亏损
300724.SZ,捷佳伟创,9.32,10.74,2.42,20.36,21.15,5.91,1.62,0.0,27.8,16.39,72.14,92.72,,72.26,0.12,1.06,0.88
300725.SZ,药石科技,44.25,72.38,2.8,3.06,4.58,3.78,0.79,0.0,39.72,11.68,-43.89,-12.67,12.28,41.0,-5.71,47.29,19.32
300726.SZ,宏达电子,40.09,51.23,2.85,4.55,5.4,6.92,0.99,0.0,61.45,26.74,-32.63,-4.5,,10.93,-11.37,22.51,14.85
300727.SZ,润禾材料,38.92,44.51,4.06,6.85,7.47,5.31,0.69,0.0,24.26,7.03,11.37,16.3,,43.96,2.73,12.99,10.42
300729.SZ,乐歌股份,16.07,23.82,1.81,4.5,8.55,5.08,2.23,0.0,29.84,6.68,-8.64,48.03,,64.57,0.5,10.59,3.76
300730.SZ,科创信息,-41.41,-32.97,11.2,-18.55,-18.56,-6.17,,0.0,21.41,-43.22,48.82,18.18,,63.7,扣非亏损,扣非亏损,亏损
300731.SZ,科创新源,199.1,143.16,4.69,2.07,1.77,1.63,0.48,0.0,21.9,1.46,2159.02,66.06,16.09,42.25,2.17,138.57,224.97
300732.SZ,设研院,-13.16,-22.17,0.99,-5.39,-5.26,-1.79,2.27,0.0,19.86,-15.45,-264.14,-33.91,,59.02,扣非亏损,扣非亏损,亏损
300733.SZ,西菱动力,78.13,-72.11,2.4,1.97,2.34,2.13,,0.0,15.07,4.0,290.19,13.16,1.19,46.03,扣非亏损,扣非转亏,66.78
300735.SZ,光弘科技,161.38,114.51,6.66,2.53,3.08,3.11,1.06,0.0,11.94,3.98,-43.51,49.91,0.27,34.55,2.29,90.64,104.79
300736.SZ,百邦科技,-68.81,-42.15,14.93,-19.96,-17.1,-10.8,,0.0,5.07,-4.02,-51.01,-26.34,17.31,38.42,扣非亏损,扣非亏损,亏损
300738.SZ,奥飞数据,88.52,101.75,4.02,3.6,3.36,2.83,0.2,0.0,25.55,6.98,-3.43,52.18,8.65,70.51,1.95,56.47,52.69
300739.SZ,明阳电路,95.11,139.13,2.25,1.05,1.76,1.65,1.31,0.0,21.8,2.81,-71.9,-3.77,0.22,42.73,-36.91,264.26,108.08
300740.SZ,水羊股份,42.87,29.14,2.71,5.18,4.49,3.99,0.6,0.0,63.09,3.22,-44.82,-9.84,14.16,49.01,-2.96,11.25,19.1
300743.SZ,天地数码,25.29,29.5,4.1,11.82,12.08,9.91,2.52,0.0,34.93,13.35,94.48,19.87,8.74,37.86,1.48,4.99,4.19
300745.SZ,欣锐科技,-33.41,-12.44,1.36,-4.35,-3.0,-1.51,,0.0,11.59,-5.49,-154.88,19.34,,46.4,扣非亏损,扣非亏损,亏损
300746.SZ,汉嘉设计,589.42,-402.06,2.93,0.06,0.36,0.33,3.38,0.0,19.01,0.89,-93.96,-42.95,28.66,52.49,扣非亏损,扣非转亏,3274.58
300747.SZ,锐科激光,82.21,178.89,4.0,2.15,3.66,2.21,0.51,0.0,26.88,5.3,-56.81,-9.06,1.78,38.12,-19.75,166.1,44.92
300749.SZ,顶固集创,-109.05,-45.94,1.95,-2.23,-1.33,-0.48,0.32,0.0,23.09,-1.2,-176.0,-12.58,,47.01,扣非亏损,扣非亏损,亏损
300750.SZ,宁德时代,23.62,25.03,4.78,14.81,17.73,5.89,1.23,0.0,28.18,14.95,19.26,-12.09,0.34,64.33,-2.07,3.38,2.66
300752.SZ,隆利科技,42.75,48.84,3.82,6.04,6.91,4.69,,0.0,20.57,8.19,493.58,31.85,,38.91,1.53,16.17,12.37
300753.SZ,爱朋医疗,382.63,836.99,2.81,0.13,0.55,1.34,0.38,0.0,69.02,1.41,-74.25,-7.12,7.63,17.03,-117.56,13317.33,1391.39
300755.SZ,华致酒行,37.83,55.48,2.34,4.03,4.5,3.35,0.63,0.0,10.02,2.21,-15.24,-5.1,,46.0,-10.88,27.51,16.81
300756.SZ,金马游乐,111.17,-46.3,1.73,0.34,1.16,0.53,0.62,0.0,30.89,2.88,-94.7,-31.32,0.12,37.69,扣非亏损,扣非转亏,191.66
300759.SZ,康龙化成,28.8,44.98,4.08,6.04,10.9,7.01,0.69,0.0,33.87,15.53,-27.69,3.0,20.26,40.49,14.98,14.9,5.29
300762.SZ,上海瀚讯,-150.12,-75.81,7.6,-4.13,-3.73,-4.74,,0.0,60.98,-57.12,-18.4,-18.38,,32.74,扣非亏损,扣非亏损,亏损
300763.SZ,锦浪科技,31.52,43.67,3.37,7.83,8.3,4.33,0.29,0.0,33.67,12.96,-18.77,11.21,,61.89,3.9,11.16,7.6
300765.SZ,新诺威,206.41,125.92,10.06,3.08,2.82,-0.18,0.87,0.0,42.99,-3.14,-76.26,-23.66,,16.97,-5.32,81.88,146.39
300766.SZ,每日互动,690.61,-376.69,3.62,0.5,0.39,-0.41,,0.0,76.01,1.78,661.25,7.55,,9.77,扣非亏损,扣非转亏,3541.58
300767.SZ,震安科技,-36.73,-22.67,1.96,-4.23,-3.65,-1.5,,0.0,34.88,-17.67,-577.01,-41.07,,39.48,扣非亏损,扣非亏损,亏损
300768.SZ,迪普科技,113.37,100.24,4.31,2.5,2.86,1.59,0.54,0.0,67.23,11.28,33.3,13.78,,13.45,7.28,80.2,79.28
300769.SZ,德方纳米,-11.0,-8.07,1.98,-12.95,-12.44,-4.44,,0.0,-3.08,-14.27,17.16,-54.35,,60.96,扣非亏损,扣非亏损,亏损
300771.SZ,智莱科技,63.45,113.55,1.45,-0.05,1.67,0.59,0.92,0.0,29.03,10.82,97.57,30.56,,16.44,3.72,转盈,75.99
300772.SZ,运达股份,29.18,32.03,1.9,3.12,4.96,0.8,0.47,0.0,14.36,1.92,8.62,24.01,,83.87,1.33,20.52,11.76
300775.SZ,三角防务,53.93,42.31,2.9,3.36,3.99,2.36,0.65,0.0,30.28,19.11,-67.4,-40.14,,38.27,-1.05,25.2,27.03
300776.SZ,帝尔激光,41.73,46.65,6.73,11.08,12.02,6.12,0.58,0.0,48.29,26.62,7.99,25.05,,48.11,1.86,8.42,6.94
300777.SZ,中简科技,43.88,53.48,3.18,5.13,5.57,5.77,0.4,0.0,61.31,43.4,1.89,33.26,0.0,6.1,1.61,20.83,15.76
300778.SZ,新城市,-14.75,-54.35,1.97,-2.47,-10.35,-8.57,,0.0,39.86,-78.94,-237.62,-29.55,,13.74,扣非亏损,扣非亏损,亏损
300779.SZ,惠城环保,306.25,427.25,13.51,2.59,3.16,2.26,0.29,0.0,24.79,5.71,-74.01,10.07,0.12,66.12,42.44,329.68,193.83
300780.SZ,德恩精工,-52.11,-28.12,2.24,-3.77,-3.18,-1.17,,0.0,14.36,-9.79,-867.76,6.73,,43.57,扣非亏损,扣非亏损,亏损
300781.SZ,因赛集团,159.41,339.42,10.8,4.87,5.15,4.88,0.11,0.0,23.24,7.19,59.45,80.91,31.75,27.77,4.19,139.51,61.91
300782.SZ,卓胜微,96.84,79.02,5.38,4.14,4.25,3.08,0.16,0.0,40.52,12.62,-49.11,9.55,,25.33,8.27,38.16,45.57
300783.SZ,三只松鼠,28.36,45.66,4.61,10.04,12.9,9.03,1.39,0.0,25.44,4.76,211.55,56.46,,38.92,0.81,9.1,4.4
300785.SZ,值得买,1114.47,85.83,3.09,0.33,0.21,0.22,0.64,0.0,46.16,0.65,84.61,5.54,1.51,19.15,15.49,513.05,10614.04
300786.SZ,国林科技,-69.49,-51.78,2.79,-3.25,-2.94,-2.4,,0.0,19.9,-11.16,-640.72,31.35,,31.68,扣非亏损,扣非亏损,亏损
300787.SZ,海能实业,52.56,61.43,2.46,2.56,3.0,1.59,1.66,0.0,28.8,2.84,-54.86,10.75,,55.4,5.71,47.97,35.04
300788.SZ,中信出版,34.72,77.41,2.77,6.29,6.05,4.56,1.07,0.0,39.19,10.71,13.42,-6.2,,32.88,-12.49,24.62,11.48
300789.SZ,唐源电气,31.39,21.4,2.23,4.93,5.41,3.78,1.3,0.0,37.95,12.08,9.04,28.48,,33.42,0.75,8.68,11.61
300790.SZ,宇瞳光学,46.29,54.13,3.32,6.65,7.01,4.05,0.61,0.0,22.87,7.38,291.59,33.67,4.49,63.22,1.61,16.28,13.21
300791.SZ,仙乐健康,20.79,19.98,2.99,9.82,9.83,5.88,3.17,0.0,31.21,6.98,28.11,21.8,16.22,51.3,0.92,4.07,4.23
300792.SZ,壹网壹创,40.62,59.74,1.79,3.12,3.32,2.89,0.56,0.0,27.35,10.75,-17.02,-1.43,2.64,6.28,-41.72,38.35,24.47
300793.SZ,佳禾智能,61.84,252.55,2.43,1.8,2.94,1.95,0.69,0.0,16.03,3.71,-65.82,6.9,,46.99,36.6,280.63,42.07
300796.SZ,贝斯美,1275.73,1318.15,2.23,-0.38,0.14,0.15,0.25,0.0,14.4,0.19,-108.63,108.31,15.31,42.14,12.17,转盈,18224.64
300797.SZ,钢研纳克,46.93,53.45,4.81,6.04,7.9,4.0,0.78,0.0,45.95,9.39,-5.07,15.71,,40.48,3.4,17.69,11.88
300798.SZ,锦鸡股份,266.91,949.64,1.85,0.44,0.51,0.9,0.2,0.0,14.81,1.25,-72.26,-0.27,,32.57,-3582.21,4283.46,1046.69
300800.SZ,力合科技,93.24,152.5,1.33,0.44,1.06,0.41,1.33,0.0,34.65,3.91,-51.05,23.18,,15.02,6.58,688.94,175.92
300802.SZ,矩子科技,62.97,125.3,3.17,3.19,3.73,3.75,0.84,0.0,30.4,11.91,-12.79,10.97,,10.54,11.42,78.48,33.76
300803.SZ,指南针,-306.37,291279.75,24.62,-6.17,-6.01,-1.71,,0.0,81.74,-18.47,-131.37,13.61,71.29,79.41,21405.82,扣非亏损,亏损
300804.SZ,广康生化,59.6,108.38,1.44,0.93,1.83,1.81,2.19,0.0,22.66,4.84,-41.87,36.01,,31.13,3.01,233.99,65.13
300805.SZ,电声股份,455.19,-714.03,2.45,0.03,0.4,-0.02,0.36,0.0,10.28,0.24,-98.25,-0.38,0.14,20.48,扣非亏损,扣非转亏,2275.95
300806.SZ,斯迪克,98.25,596.8,3.17,1.48,2.44,1.48,0.14,0.0,23.27,2.68,-46.46,33.13,,69.98,18.02,808.67,80.54
300807.SZ,天迈科技,-33.51,-43.67,4.8,-10.35,-10.2,-8.49,,0.0,42.18,-95.42,1.42,-45.06,,25.35,扣非亏损,扣非亏损,亏损
300808.SZ,久量股份,-204.14,-283.32,4.23,-1.51,-0.01,-1.44,1.2,0.0,13.26,-4.94,-122.42,-17.72,,19.26,扣非亏损,扣非亏损,亏损
300810.SZ,中科海讯,-22.36,-13.11,3.64,-11.55,-11.42,-9.01,0.1,0.0,38.76,-62.82,-96.78,3.38,,35.66,扣非亏损,扣非亏损,亏损
300811.SZ,铂科新材,36.68,41.3,6.38,13.7,14.03,13.01,0.38,0.0,40.63,23.23,55.41,43.63,,22.11,0.95,6.03,5.23
300812.SZ,易天股份,-209.76,-171.5,4.48,-1.63,-1.58,-1.78,0.1,0.0,31.94,-4.51,-163.89,-25.17,,40.67,扣非亏损,扣非亏损,亏损
300813.SZ,泰林生物,168.85,508.22,4.34,1.64,1.71,1.65,0.41,0.0,47.91,4.37,-36.75,19.37,,31.86,26.23,618.58,197.49
300814.SZ,中富电路,139.29,265.56,5.07,2.17,2.66,0.86,0.34,0.0,13.25,2.98,-6.11,12.14,,55.98,21.87,244.79,104.73
300815.SZ,玉禾田,9.76,11.38,1.6,12.8,12.89,9.88,1.37,0.0,24.49,11.05,12.97,16.7,4.98,46.79,0.68,1.78,1.51
300816.SZ,艾可蓝,28.78,58.86,2.36,4.82,6.26,4.08,,0.0,23.39,8.22,430.47,-4.78,2.71,55.46,-12.31,24.41,9.19
300817.SZ,双飞集团,47.55,54.75,3.06,4.74,4.8,3.94,1.48,0.0,25.63,8.03,10.84,10.91,4.02,18.6,5.02,23.13,19.81
300819.SZ,聚杰微纤,25.43,31.7,2.25,6.94,6.68,6.13,1.93,0.0,27.94,12.06,49.08,-13.88,,12.68,-2.28,9.13,7.61
300820.SZ,英杰电气,30.13,27.42,5.12,12.98,13.33,9.34,0.7,0.0,42.01,23.89,6.59,17.36,,39.14,1.58,4.23,4.52
300821.SZ,东岳硅材,88.79,95.29,2.11,1.94,1.8,1.17,,0.0,6.55,2.2,133.18,11.47,,25.11,8.31,98.48,98.66
300822.SZ,贝仕达克,49.86,65.22,3.1,4.54,4.72,3.26,0.66,0.0,25.33,7.04,48.57,-6.91,,18.04,-9.44,28.75,21.13
300823.SZ,建科智能,44.2,42.4,1.93,2.88,3.23,2.75,2.73,0.0,41.94,10.08,-2.94,-3.6,,23.09,-11.79,29.49,27.37
300825.SZ,阿尔特,3528.4,-316.38,2.41,0.1,0.05,0.1,,0.0,32.91,-0.66,-91.25,2.19,0.12,25.16,扣非亏损,扣非转亏,141136.04
300826.SZ,测绘股份,125.35,72.76,2.17,0.83,1.22,0.83,0.55,0.0,33.71,4.04,-18.11,-4.61,8.6,45.82,-15.78,175.99,205.5
300827.SZ,上能电气,42.68,45.59,8.42,15.8,15.76,4.56,0.33,0.0,25.32,9.8,50.81,-7.3,,72.48,-6.25,5.77,5.42
300828.SZ,锐新科技,46.9,47.09,3.03,4.56,4.81,4.87,3.52,0.0,18.55,8.68,-33.15,-13.77,,9.53,-3.42,20.67,19.5
300829.SZ,金丹科技,23.53,45.64,1.84,4.67,5.79,3.67,0.48,0.0,19.85,8.78,19.32,4.17,,47.13,10.95,19.56,8.13
300830.SZ,金现代,-68.86,385.56,3.12,-4.15,-3.29,-3.83,0.29,0.0,38.55,-21.69,10.86,-19.44,,21.26,-19.83,扣非亏损,亏损
300831.SZ,派瑞股份,75.78,78.86,5.82,5.52,5.9,5.51,0.1,7.27,66.27,34.38,1602.22,117.51,,6.38,0.67,14.29,12.84
300832.SZ,新产业,29.2,30.32,6.63,16.99,17.54,18.3,1.28,0.0,72.34,40.52,20.8,17.41,,8.12,1.74,3.57,3.33
300833.SZ,浩洋股份,15.19,17.74,2.19,10.43,10.89,10.93,2.66,0.0,51.74,27.57,-18.2,-6.39,0.37,8.4,-2.78,3.4,2.79
300834.SZ,星辉环材,42.4,46.7,1.37,2.02,2.4,1.08,0.94,0.0,4.27,5.61,39.24,9.58,,25.86,4.88,46.14,35.33
300835.SZ,龙磁科技,31.84,39.1,4.03,8.34,9.52,5.51,0.69,0.0,30.67,11.48,74.09,7.95,10.43,50.12,4.92,9.37,6.69
300837.SZ,浙矿股份,18.89,36.78,1.67,6.1,6.27,4.41,1.0,0.0,34.07,17.47,-34.12,-0.86,0.11,36.64,-42.83,12.07,6.02
300838.SZ,浙江力诺,56.64,34.69,1.8,2.09,2.37,1.63,1.53,0.0,20.6,3.26,-70.63,-10.88,3.55,39.17,-3.19,33.12,47.8
300839.SZ,博汇股份,-8.63,-3.75,3.49,-26.23,-25.14,-5.38,,0.0,22.93,-10.61,-232.1,-20.52,,75.64,扣非亏损,扣非亏损,亏损
300840.SZ,酷特智能,13.86,30.57,2.17,6.25,12.37,12.12,0.25,0.0,41.37,28.53,-3.14,-2.76,,22.85,-11.08,9.78,2.24
300841.SZ,康华生物,15.57,14.15,2.44,11.84,11.54,11.17,2.58,0.0,94.27,38.28,14.52,7.1,,12.55,1.99,2.39,2.7
300842.SZ,帝科股份,18.12,14.06,4.51,28.17,20.43,5.22,1.13,0.0,9.73,2.5,65.0,88.77,2.1,81.68,0.16,1.0,1.77
300843.SZ,胜蓝股份,43.65,58.15,4.25,7.16,7.46,4.15,0.43,0.0,24.71,9.25,21.69,-2.21,0.15,39.2,-26.36,16.24,11.7
300844.SZ,山水比德,74.62,-29.36,2.71,2.07,2.76,2.21,,0.0,51.68,6.83,132.74,34.5,1.24,16.3,扣非亏损,扣非转亏,54.08
300845.SZ,捷安高科,181.58,43.21,2.73,0.59,1.12,0.56,1.38,0.0,48.68,5.61,95.86,-0.31,,17.79,-138.24,145.5,324.25
300846.SZ,首都在线,-36.09,-21.56,6.56,-15.32,-13.74,-5.7,,0.0,8.75,-13.24,2.74,22.13,17.14,46.54,扣非亏损,扣非亏损,亏损
300847.SZ,中船汉光,46.8,52.78,4.29,6.82,7.03,7.0,0.58,0.0,19.93,11.13,32.64,14.44,,9.73,3.66,15.49,13.31
300848.SZ,美瑞新材,131.4,147.58,6.86,3.52,3.94,1.29,0.52,0.0,12.65,3.86,-31.38,10.37,,60.58,14.23,83.9,66.7
300849.SZ,锦盛新材,1750.55,-116.63,3.28,-1.21,0.14,0.14,,0.0,18.83,0.34,67.03,44.32,,18.42,扣非亏损,扣非亏损,25007.89
300850.SZ,新强联,-177.74,71.49,1.77,1.22,-0.72,0.36,0.33,0.0,16.74,-1.16,-74.52,-6.06,0.99,47.45,-11.8,117.3,亏损
300851.SZ,交大思诺,95.3,41.51,1.97,1.11,1.53,1.33,1.44,0.0,74.61,9.29,-45.65,3.91,,8.46,10.6,74.95,124.58
300852.SZ,四会富仕,23.72,25.48,2.61,6.98,7.94,5.98,0.78,0.0,24.7,11.83,-25.92,6.9,,38.57,3.69,7.3,5.98
300853.SZ,申昊科技,-17.44,-10.45,3.21,-12.72,-10.78,-6.49,0.74,0.0,16.66,-162.51,-4467.52,-75.66,,46.92,扣非亏损,扣非亏损,亏损
300854.SZ,中兰环保,78.06,299.25,1.42,0.62,1.37,0.48,0.63,0.0,23.7,2.49,-63.76,-21.05,,38.49,-14.21,959.13,113.95
300857.SZ,协创数据,30.22,35.59,7.38,20.0,20.23,10.85,0.21,0.0,17.85,10.26,186.58,67.11,,53.05,0.53,3.56,2.99
300858.SZ,科拓生物,44.22,52.05,2.38,3.49,4.06,3.27,0.78,0.0,54.14,32.55,0.3,0.82,0.11,4.65,63.87,29.8,21.78
300859.SZ,西域旅游,46.82,75.1,9.15,15.21,15.28,15.91,1.08,0.0,65.22,43.4,-7.48,0.46,,16.18,163.47,9.88,6.13
300860.SZ,锋尚文化,164.85,118.93,1.53,-0.48,0.67,0.66,1.1,0.0,30.79,6.23,-206.6,2.89,0.88,12.28,41.1,转盈,492.1
300862.SZ,蓝盾光电,-748.58,1563.79,3.19,-0.54,-0.32,-0.55,0.18,0.0,28.97,-2.47,-383.03,-18.43,0.44,22.55,-84.83,扣非亏损,亏损
300863.SZ,卡倍亿,32.36,34.44,4.93,10.69,10.12,6.18,1.0,0.0,13.06,5.1,5.15,2.99,,64.16,11.5,6.44,6.4
300864.SZ,南大环境,20.6,23.98,2.83,9.3,10.47,7.66,3.65,0.0,38.52,23.04,13.88,12.45,,26.31,1.93,5.16,3.93
300865.SZ,大宏立,117.73,-252.06,3.36,1.68,2.16,1.6,0.24,0.0,29.25,6.24,242.4,12.47,,17.19,扣非亏损,扣非转亏,109.01
300867.SZ,圣元环保,19.27,23.56,1.04,4.27,4.14,3.95,0.34,0.0,42.31,12.84,20.68,-4.25,,58.08,-5.55,11.03,9.31
300868.SZ,杰美特,330.23,-44.62,2.9,-1.25,0.66,0.7,,0.0,22.48,1.26,63.88,19.36,,26.36,扣非亏损,扣非亏损,1000.69
300869.SZ,康泰医学,509.71,-169.91,3.54,-0.32,0.5,0.25,1.45,0.0,49.9,2.97,-103.53,-45.91,,31.74,扣非亏损,扣非亏损,2038.85
300871.SZ,回盛生物,-31.49,-44.7,1.52,-2.21,-3.22,-0.96,1.87,0.0,16.45,-6.01,-2871.45,14.63,,51.13,扣非亏损,扣非亏损,亏损
300872.SZ,天阳科技,68.89,117.52,3.11,0.62,3.26,3.01,0.37,0.0,26.19,5.94,20.03,-2.01,4.62,39.08,-58.44,381.61,42.26
300873.SZ,海晨股份,15.02,21.31,1.48,6.03,7.52,5.69,1.68,0.0,26.7,18.42,-9.66,-8.05,1.3,27.45,-2.65,7.07,4.0
300875.SZ,捷强装备,-279.25,-32.46,2.82,-1.4,-0.75,-0.66,,0.0,40.3,-4.41,18.28,-23.42,10.55,13.16,扣非亏损,扣非亏损,亏损
300876.SZ,蒙泰高新,-57.99,-71.88,2.93,-2.88,-3.63,-1.19,0.8,0.0,9.12,-9.22,-206.23,4.1,1.4,46.01,扣非亏损,扣非亏损,亏损
300877.SZ,金春股份,104.24,80.07,1.12,0.67,0.8,0.61,0.52,0.0,8.69,1.63,236.95,17.27,,14.73,4.64,237.39,260.61
300878.SZ,维康药业,44.1,-18.97,1.92,-3.46,3.25,2.36,0.99,0.0,47.39,12.46,-173.94,-14.16,1.26,25.67,扣非亏损,扣非亏损,27.14
300879.SZ,大叶股份,104.31,-22.79,3.12,2.2,2.57,1.69,,0.0,19.86,1.53,233.2,70.98,,69.51,扣非亏损,扣非转亏,81.17
300880.SZ,迦南智能,18.91,20.41,4.18,17.01,17.28,13.43,1.51,0.0,32.65,21.81,74.22,29.44,,30.89,0.69,2.4,2.19
300881.SZ,盛德鑫泰,15.0,16.39,3.69,19.17,19.54,8.18,2.16,0.0,19.31,10.09,161.43,57.74,13.54,58.37,0.28,1.71,1.54
300882.SZ,万胜智能,31.1,27.94,3.89,8.92,9.27,6.9,2.46,0.0,33.7,15.2,-43.98,-15.42,,25.39,-1.81,6.26,6.71
300883.SZ,龙利得,283.43,-166.22,1.37,0.12,0.37,0.77,0.13,0.0,13.7,0.96,-55.77,11.61,0.66,36.39,扣非亏损,扣非转亏,1532.06
300885.SZ,海昌新材,49.61,51.21,3.57,5.02,5.44,5.15,0.76,0.0,33.91,21.06,111.84,36.08,,6.46,1.42,20.42,18.24
300886.SZ,华业香料,68.45,164.27,2.91,2.72,3.24,2.9,,0.0,21.22,6.93,780.64,31.04,,8.21,5.29,120.67,42.26
300887.SZ,谱尼测试,-14.75,-17.99,1.44,-7.41,-7.03,-5.66,0.51,0.0,28.24,-20.68,-362.9,-36.11,2.47,18.99,扣非亏损,扣非亏损,亏损
300889.SZ,爱克股份,-22.08,-26.01,1.36,-4.75,-4.51,-3.36,0.18,0.0,21.14,-11.61,-3000.67,-13.37,6.35,37.84,扣非亏损,扣非亏损,亏损
300890.SZ,翔丰华,49.55,95.37,2.11,1.99,2.93,2.47,0.94,0.0,20.44,5.29,-52.99,-21.07,,52.29,-4.53,95.88,33.82
300891.SZ,惠云钛业,238.88,114.44,3.04,0.98,0.89,0.56,0.31,0.0,7.98,1.0,-33.47,-3.0,,52.04,-38.16,234.04,536.8
300892.SZ,品渥食品,-589.11,-315.68,4.33,-0.97,-0.55,-0.31,,0.0,16.21,-0.9,86.81,-26.01,,18.33,扣非亏损,扣非亏损,亏损
300893.SZ,松原股份,28.6,27.31,5.94,15.8,16.65,9.62,0.68,0.0,29.79,14.56,67.37,60.8,,52.8,0.45,3.46,3.44
300894.SZ,火星人,309.17,84.81,4.71,0.58,0.97,-0.29,3.69,0.0,44.06,1.49,-95.65,-35.51,,41.26,-2.39,294.27,637.47
300895.SZ,铜牛信息,-58.22,-27.36,5.51,-6.88,-6.77,-6.86,,0.0,-1.17,-41.41,-1380.84,-20.26,,10.22,扣非亏损,扣非亏损,亏损
300896.SZ,爱美客,33.91,36.46,9.65,22.21,23.11,24.72,1.42,0.0,94.8,66.73,9.66,9.46,3.67,4.34,3.85,3.28,2.93
300898.SZ,熊猫乳品,28.47,33.53,3.09,7.15,8.18,8.19,2.07,0.0,28.06,13.67,-4.65,-19.83,,10.38,-1.69,9.37,6.96
300899.SZ,上海凯鑫,156.85,123.24,2.31,0.72,1.09,0.86,1.32,0.0,31.63,9.06,70.42,11.8,,13.63,10.44,340.6,287.79
300900.SZ,广联航空,111.63,147.59,5.22,3.07,3.35,2.34,0.41,0.0,40.44,7.3,-47.59,21.65,17.06,64.74,6.82,96.15,66.64
300901.SZ,中胤时尚,-96.91,-115.08,3.22,-2.2,-2.44,-2.39,1.46,0.0,16.21,-10.17,-183.93,-27.66,,17.75,扣非亏损,扣非亏损,亏损
300902.SZ,国安达,-367.68,419.53,4.44,-1.74,-0.86,-1.13,0.85,0.0,35.48,-4.28,-306.63,-11.99,,10.44,-34.98,扣非亏损,亏损
300903.SZ,科翔股份,-16.32,-13.4,1.88,-9.35,-8.31,-3.17,,0.0,3.97,-7.56,-78.62,13.22,1.05,71.66,扣非亏损,扣非亏损,亏损
300904.SZ,威力传动,168.53,-79.24,4.51,-5.46,1.96,1.22,1.59,0.0,15.7,4.89,-670.59,-21.32,,57.3,扣非亏损,扣非亏损,171.97
300905.SZ,宝丽迪,51.45,59.05,3.03,3.91,4.37,4.54,2.58,0.0,17.79,7.84,9.75,22.63,11.86,10.1,2.61,30.23,23.55
300906.SZ,日月明,32.94,33.08,2.2,3.88,4.98,4.82,1.98,0.0,60.37,48.12,35.93,6.52,,8.68,5.07,17.06,13.23
300908.SZ,仲景食品,27.08,30.32,3.12,8.52,8.73,8.54,2.42,0.0,42.75,17.78,10.51,14.21,,9.49,2.13,7.12,6.2
300909.SZ,汇创达,46.24,45.21,2.36,3.66,3.86,3.08,0.48,0.0,26.39,7.23,56.01,15.02,8.1,28.55,3.01,24.7,23.96
300910.SZ,瑞丰新材,19.62,21.2,4.18,15.15,16.07,14.62,2.83,0.0,36.08,21.83,11.2,6.89,,21.21,3.08,2.8,2.44
300911.SZ,亿田智能,-230.92,-331.12,2.62,-1.43,-0.76,-0.49,2.66,0.0,38.92,-2.44,-113.44,-52.45,,34.45,扣非亏损,扣非亏损,亏损
300912.SZ,凯龙高科,-9.39,-14.73,2.12,-14.89,-15.41,-7.32,,0.0,8.45,-25.78,-521.85,-41.51,,51.2,扣非亏损,扣非亏损,亏损
300913.SZ,兆龙互连,79.15,100.7,8.22,6.24,7.98,6.89,0.4,0.0,15.91,6.7,15.04,17.11,,16.51,5.89,32.29,19.84
300915.SZ,海融科技,26.94,33.2,2.06,4.91,5.65,5.56,1.22,0.0,35.96,11.41,42.09,8.31,,11.62,4.0,13.53,9.54
300916.SZ,朗特智能,35.56,36.4,3.84,7.53,8.29,5.72,1.23,0.0,16.6,8.54,98.64,104.56,,27.33,0.35,9.67,8.58
300917.SZ,特发服务,108.99,111.68,11.08,7.14,7.74,6.1,0.87,0.0,11.09,4.49,7.21,14.32,1.82,39.54,7.8,31.28,28.16
300918.SZ,南山智尚,25.8,21.53,2.19,5.76,6.04,4.03,1.67,0.0,33.45,10.7,0.86,3.52,,52.61,6.12,7.47,8.54
300920.SZ,润阳科技,73.4,46.46,1.59,1.57,1.62,0.79,0.95,0.0,21.29,4.51,1.33,20.25,0.01,13.89,2.29,59.27,90.62
300921.SZ,南凌科技,381.92,221.32,3.61,-0.55,0.7,0.65,0.81,0.0,29.81,1.06,-328.14,3.98,,16.47,55.61,转盈,1091.19
300922.SZ,天秦装备,71.67,68.53,2.95,3.04,3.11,2.6,0.88,0.0,37.59,18.11,71.94,72.9,,8.14,0.94,45.08,46.09
300923.SZ,研奥股份,68.15,44.02,1.51,1.32,1.64,1.55,1.84,0.0,26.94,6.71,-8.02,4.38,,12.61,10.05,66.61,83.11
300925.SZ,法本信息,84.25,101.44,5.88,5.02,5.29,4.18,0.68,0.0,19.53,3.47,46.03,13.01,,25.28,7.8,40.4,31.85
300926.SZ,博俊科技,20.62,20.51,5.31,19.27,19.3,8.69,0.51,0.0,26.4,12.85,104.74,68.3,,66.88,0.3,2.13,2.14
300927.SZ,江天化学,65.91,65.54,4.26,4.66,4.88,3.59,0.86,0.0,15.41,6.51,-39.01,-1.47,,49.88,-44.65,28.13,27.01
300928.SZ,华安鑫创,-59.45,-40.94,2.64,-3.53,-3.25,-3.73,0.3,0.0,7.86,-5.11,-202.59,-13.81,,8.41,扣非亏损,扣非亏损,亏损
300929.SZ,华骐环保,-81.31,-59.62,1.6,-1.61,-1.47,-0.05,0.16,0.0,32.71,-9.09,-759.32,-41.77,,52.58,扣非亏损,扣非亏损,亏损
300930.SZ,屹通新材,51.27,55.35,3.14,4.63,4.67,4.26,0.42,0.0,19.86,11.49,-5.07,15.44,,25.08,3.58,23.9,21.96
300931.SZ,通用电梯,153.07,190.42,2.47,0.32,1.2,0.45,1.18,0.0,28.6,2.01,-82.91,26.35,,37.51,7.23,1197.6,255.12
300932.SZ,三友联众,44.83,48.23,1.78,2.83,2.99,2.04,1.35,0.0,18.58,3.2,76.28,17.32,,45.94,2.78,34.12,29.98
300933.SZ,中辰股份,50.83,99.24,2.14,2.46,2.91,2.87,0.42,0.0,13.89,2.27,-10.62,12.41,,58.86,8.0,80.69,34.93
300935.SZ,盈建科,-34.9,-28.19,2.06,-5.31,-4.33,-5.22,,0.0,92.17,-50.33,-22.75,-23.21,,5.07,扣非亏损,扣非亏损,亏损
300936.SZ,中英科技,100.21,132.57,3.7,1.95,2.75,2.57,1.64,0.0,25.05,13.34,2.56,2.66,0.24,6.51,49.91,135.7,72.88
300937.SZ,药易购,142.25,161.57,3.12,1.1,1.63,1.0,0.7,0.0,8.61,0.32,-80.09,0.72,1.96,50.1,224.55,293.49,174.54
300938.SZ,信测标准,19.17,22.95,3.31,10.74,11.93,8.37,0.92,0.0,59.54,26.89,8.34,7.95,2.01,37.63,2.89,4.27,3.21
300939.SZ,秋田微,39.88,48.05,2.87,4.67,5.41,4.57,1.06,0.0,25.06,9.26,-25.63,8.77,,14.54,5.48,20.58,14.74
300940.SZ,南极光,-2002.59,-20.49,3.9,-1.01,-0.15,-0.87,,0.0,10.34,-0.65,90.14,-37.62,,24.16,扣非亏损,扣非亏损,亏损
300942.SZ,易瑞生物,689.72,-37.55,4.57,-1.16,0.46,0.81,,0.0,66.09,1.89,90.89,-4.27,,38.08,扣非亏损,扣非亏损,2998.78
300943.SZ,春晖智控,54.1,52.4,2.97,3.73,4.13,2.88,0.84,0.0,26.05,10.22,19.63,14.66,2.89,19.75,3.57,28.07,26.2
300945.SZ,曼卡龙,26.56,33.86,1.71,4.51,4.9,4.8,0.86,0.0,14.13,4.61,15.25,37.37,,11.21,0.91,15.02,10.84
300946.SZ,恒而达,33.42,37.61,3.01,6.73,6.89,6.2,0.71,0.0,31.35,17.94,15.36,8.5,,22.14,4.43,11.18,9.7
300947.SZ,德必集团,98.94,232.08,2.33,1.34,1.74,2.48,,0.0,34.13,3.16,-6.29,14.05,0.59,77.56,16.52,346.12,113.72
300948.SZ,冠中生态,-160.41,-67.9,1.82,-1.5,-0.84,0.27,0.42,0.0,36.33,-4.93,-133.46,-50.51,,46.75,扣非亏损,扣非亏损,亏损
300949.SZ,奥雅股份,-14.26,-12.19,2.26,-3.51,-11.24,-6.86,,0.0,37.43,-29.76,56.66,-7.7,1.44,37.01,扣非亏损,扣非亏损,亏损
300950.SZ,德固特,20.01,27.21,3.53,13.64,13.76,10.01,0.93,0.0,39.77,23.32,189.1,84.01,,29.49,0.32,3.99,2.91
300951.SZ,博硕科技,25.06,27.08,2.36,6.62,7.14,5.56,1.54,0.0,36.57,16.77,-18.36,2.33,,22.81,11.64,8.18,7.02
300952.SZ,恒辉安防,23.3,34.71,2.48,6.3,8.18,5.36,1.33,0.0,24.87,11.58,2.44,25.34,0.13,49.27,1.37,11.02,5.7
300953.SZ,震裕科技,32.01,52.79,2.97,5.91,6.47,2.63,0.08,0.0,13.16,3.44,494.59,17.3,,75.59,3.05,17.86,9.9
300955.SZ,嘉亨家化,545.3,138.86,1.68,-0.09,0.23,0.05,1.58,0.0,20.83,0.32,-103.53,-5.16,,46.89,-26.89,转盈,4741.73
300956.SZ,英力股份,433.65,-863.36,2.58,0.65,0.52,0.84,0.27,0.0,12.43,0.44,148.25,19.25,,50.76,扣非亏损,扣非转亏,1667.9
300957.SZ,贝泰妮,43.02,52.7,4.03,5.8,7.07,6.02,0.88,0.0,73.73,10.07,-32.81,17.09,6.84,22.52,3.08,18.16,12.17
300958.SZ,建工修复,181.19,476.87,1.49,-0.01,0.62,0.24,0.68,0.0,21.69,1.01,-100.35,-22.99,,53.33,-20.74,转盈,584.49
300959.SZ,线上线下,158.5,-894.82,2.28,0.21,1.06,0.62,0.75,0.0,5.52,1.42,-89.25,-29.34,2.4,17.25,扣非亏损,扣非转亏,299.07
300961.SZ,深水海纳,-729.92,-123.12,1.85,-0.55,-0.19,0.51,,0.0,39.87,0.26,79.68,-7.94,,64.67,扣非亏损,扣非亏损,亏损
300962.SZ,中金辐照,34.07,43.22,4.66,10.08,10.3,9.95,1.87,0.0,64.9,36.68,-1.72,4.95,,14.39,8.74,8.58,6.62
300963.SZ,中洲特材,33.15,43.15,3.08,6.89,7.15,5.16,0.59,0.0,20.12,9.02,0.19,1.31,,42.07,33.04,12.53,9.27
300966.SZ,共同药业,-120.82,-226.87,2.71,-1.56,-1.5,-0.5,0.07,0.0,14.23,-4.52,-190.91,-5.1,,61.76,扣非亏损,扣非亏损,亏损
300967.SZ,晓鸣股份,-224.71,-25.27,3.96,-2.91,-1.16,1.18,,0.0,9.98,-1.33,69.29,1.16,,55.12,扣非亏损,扣非亏损,亏损
300968.SZ,格林精密,157.64,737.9,5.27,2.46,2.52,1.07,0.41,0.0,19.86,5.03,9.04,11.2,,16.98,65.88,599.31,125.11
300969.SZ,恒帅股份,29.92,31.84,5.29,13.27,14.01,12.65,0.45,0.0,35.63,23.22,9.82,6.3,,17.35,5.05,4.8,4.27
300970.SZ,华绿生物,-35.4,-22.45,1.12,-2.39,-2.34,-1.44,1.16,0.0,5.01,-4.63,-147.84,-2.07,,34.78,扣非亏损,扣非亏损,亏损
300971.SZ,博亚精工,38.3,35.35,1.86,3.21,3.63,2.86,1.0,0.0,44.26,12.74,-11.33,-11.59,,20.26,-3.05,22.05,21.1
300972.SZ,万辰集团,122.84,248.11,15.08,9.8,9.99,11.62,,0.0,10.42,1.67,221.48,320.63,,81.54,0.77,50.62,24.59
300973.SZ,立高食品,25.29,40.89,2.98,7.64,8.15,6.28,1.03,0.0,32.17,7.37,31.32,5.22,,36.69,7.84,10.7,6.21
300975.SZ,商络电子,136.51,208.67,4.65,2.59,2.76,2.01,0.13,0.0,12.08,1.07,62.45,15.68,,63.19,13.31,160.88,98.92
300976.SZ,达瑞电子,24.35,31.94,1.76,4.97,5.56,5.04,0.43,0.0,24.66,10.1,412.89,91.54,1.61,16.74,0.35,12.86,8.76
300977.SZ,深圳瑞捷,134.33,333.36,2.1,0.6,1.16,1.05,1.18,0.0,37.39,5.18,-60.36,-3.29,,10.01,-101.21,1119.78,231.6
300978.SZ,东箭科技,28.64,32.7,3.1,8.29,8.22,5.9,1.46,0.0,28.47,9.05,16.48,12.13,2.64,39.76,2.7,7.88,6.97
300979.SZ,华利集团,20.98,21.31,4.86,17.81,17.98,17.56,2.28,0.0,27.81,16.24,24.45,22.39,0.77,24.78,0.95,2.39,2.33
300980.SZ,祥源新材,79.59,122.4,2.43,1.34,2.07,1.66,1.96,0.0,31.86,6.29,-50.01,24.15,,37.92,5.07,182.16,76.9
300981.SZ,中红医疗,77.32,-31.59,0.94,-0.0,0.89,0.56,3.12,0.0,12.86,2.99,99.61,16.22,5.12,22.01,扣非亏损,19742.49,173.76
300983.SZ,尤安设计,-56.71,-122.33,1.09,-1.76,-1.43,-2.36,0.2,0.0,25.91,-28.18,-25.72,-26.79,,3.66,扣非亏损,扣非亏损,亏损
300984.SZ,金沃股份,72.97,84.73,3.14,3.04,3.05,2.81,1.25,0.0,13.77,2.54,43.3,14.28,,49.05,5.93,55.73,47.85
300985.SZ,致远新能,59.99,45.45,3.13,3.3,3.9,3.44,1.06,0.0,23.59,4.88,220.98,-15.27,,52.16,-2.98,27.56,30.76
300986.SZ,志特新材,43.74,-203.94,2.57,2.2,3.91,2.74,0.79,0.0,26.38,3.36,204.25,13.4,,68.37,扣非亏损,扣非转亏,22.38
300987.SZ,川网传媒,211.78,158.55,3.7,1.24,1.29,0.38,0.96,0.0,33.31,6.25,-41.63,7.65,,31.16,20.74,256.43,328.34
300988.SZ,津荣天宇,34.35,33.46,2.34,5.01,5.18,3.79,1.53,0.0,21.01,3.34,-8.15,21.08,3.93,45.12,1.59,13.35,13.26
300989.SZ,蕾奥规划,-80.88,-163.41,2.87,-3.5,-2.6,-1.25,0.26,0.0,44.17,-11.64,-385.45,-20.38,,17.49,扣非亏损,扣非亏损,亏损
300990.SZ,同飞股份,69.02,60.65,3.62,3.73,3.94,3.3,1.12,0.0,21.51,5.09,-49.05,3.55,,19.93,17.1,32.55,35.04
300991.SZ,创益通,-575.96,209.99,5.14,-0.93,-0.67,0.53,0.17,0.0,22.91,-1.15,50.97,26.52,,52.71,7.92,扣非亏损,亏损
300992.SZ,泰福泵业,85.42,76.85,3.03,1.86,2.43,2.34,0.35,0.0,24.47,3.78,-59.67,5.46,,51.27,14.07,82.81,70.31
300994.SZ,久祺股份,24.26,32.84,2.39,6.64,7.27,4.3,2.48,0.0,13.63,4.55,-11.45,15.14,,44.04,2.17,9.89,6.67
300995.SZ,奇德新材,197.91,165.2,2.35,1.04,0.88,0.63,0.56,0.0,21.48,2.18,94.56,26.0,,22.46,6.35,316.33,449.79
300996.SZ,普联软件,207.77,44.33,3.48,0.63,1.25,0.4,0.44,0.0,35.96,1.93,119.58,5.86,3.78,12.04,7.57,140.9,332.44
300997.SZ,欢乐家,59.18,35.75,6.2,6.5,6.84,5.53,2.79,0.0,34.22,6.25,-51.11,2.61,,44.03,13.71,11.01,17.3
300998.SZ,宁波方正,-99.93,-52.59,1.74,-2.04,-1.04,-0.12,0.43,0.0,15.0,-2.13,-473.05,-4.0,0.93,42.24,扣非亏损,扣非亏损,亏损
300999.SZ,金龙鱼,105.94,310.71,2.19,0.26,1.56,0.89,0.33,0.0,4.89,0.77,-73.77,-6.93,6.18,55.29,-44.82,2396.49,135.83
301001.SZ,凯淳股份,323.03,139.65,2.48,0.29,0.57,0.65,0.49,0.0,28.69,1.57,124.48,-33.93,,10.74,-4.12,949.68,1133.42
301002.SZ,崧盛股份,91.26,-1718.12,2.86,0.61,2.23,1.28,0.48,0.0,27.69,0.77,-58.85,16.54,,46.58,扣非亏损,扣非转亏,81.85
301004.SZ,嘉益股份,15.62,16.57,6.58,35.15,35.92,31.36,4.4,0.0,39.54,26.75,61.7,61.6,,26.27,0.27,0.94,0.87
301005.SZ,超捷股份,126.65,-217.3,5.61,2.66,3.25,2.54,0.32,0.0,22.65,4.66,100.53,33.21,1.98,33.83,扣非亏损,扣非转亏,77.94
301006.SZ,迈拓股份,37.06,34.05,1.83,3.5,3.68,3.36,1.67,0.0,50.61,19.62,-49.5,-18.58,,11.54,-1.83,19.46,20.14
301008.SZ,宏昌科技,41.92,38.15,2.32,3.04,3.78,2.62,1.99,0.0,17.81,6.07,-27.53,16.23,1.22,43.82,2.35,25.07,22.18
301009.SZ,可靠股份,86.75,286.64,1.9,1.24,1.62,0.68,0.7,0.0,21.52,2.78,-35.28,-2.19,,25.94,-130.92,462.28,107.09
301010.SZ,晶雪节能,64.55,43.35,1.92,2.2,2.21,1.16,1.07,0.0,17.85,3.29,28.88,8.63,,53.79,5.02,39.38,58.41
301011.SZ,华立科技,32.02,39.04,4.07,9.67,9.77,7.34,0.85,0.0,30.55,9.26,53.28,26.39,2.28,43.9,1.48,8.07,6.56
301012.SZ,扬电科技,47.21,60.32,2.97,4.68,4.76,4.03,0.5,0.0,13.96,5.98,2608.77,193.16,,30.24,0.31,25.81,19.84
301013.SZ,利和兴,163.71,-116.46,3.93,1.45,1.81,1.13,,0.0,20.31,3.45,269.73,23.15,0.02,44.04,扣非亏损,扣非转亏,180.9
301015.SZ,百洋医药,17.44,19.57,6.74,24.52,22.95,15.83,2.12,0.0,35.72,11.24,26.22,2.65,4.28,63.53,7.37,1.6,1.52
301016.SZ,雷尔伟,64.41,96.03,3.88,3.57,5.96,4.42,1.5,0.0,41.62,19.31,1.9,0.38,,15.07,254.8,53.74,21.61
301017.SZ,漱玉平民,-346.37,-124.36,2.92,-0.69,-0.62,0.95,0.24,0.0,27.2,-0.4,-109.74,8.32,76.31,75.16,扣非亏损,扣非亏损,亏损
301018.SZ,申菱环境,33.95,67.15,2.52,5.61,5.66,3.27,0.61,0.0,26.37,6.94,-12.96,6.2,,50.49,10.84,23.93,12.0
301019.SZ,宁波色母,27.95,31.55,2.41,5.57,6.57,6.78,1.66,0.0,32.04,19.56,-9.76,7.77,,7.8,4.06,11.33,8.51
301021.SZ,英诺激光,3395.97,-475.99,4.01,-0.85,0.09,-0.28,,0.0,49.0,-0.53,40.33,29.94,,18.67,扣非亏损,扣非亏损,75465.99
301022.SZ,海泰科,49.73,173.01,2.1,2.17,2.99,2.69,0.94,0.0,21.27,6.03,-18.24,21.47,,45.44,8.06,159.59,33.26
301024.SZ,霍普股份,-23.45,-13.34,3.93,-11.51,-11.82,-7.7,,0.0,9.63,-71.45,-103.32,-42.91,15.25,26.31,扣非亏损,扣非亏损,亏损
301025.SZ,读客文化,220.39,-350.32,7.09,1.03,2.44,2.28,,0.0,36.14,5.15,-14.91,-9.75,,20.39,扣非亏损,扣非转亏,180.65
301026.SZ,浩通科技,27.45,33.72,2.43,6.02,6.68,4.38,0.99,0.0,6.17,4.16,27.63,32.3,0.0,45.26,1.04,11.19,8.22
301027.SZ,华蓝集团,-63.6,1629.25,2.12,-2.77,-2.47,-1.21,0.1,0.0,35.27,-7.48,-92.15,-23.65,0.1,51.52,-68.89,扣非亏损,亏损
301029.SZ,怡合达,39.54,41.82,5.46,10.37,10.51,9.41,1.55,0.0,35.44,17.67,-28.05,-15.72,,14.56,-2.66,8.07,7.53
301030.SZ,仕净科技,35.4,33.3,3.45,6.63,7.61,2.16,0.72,0.0,19.66,4.46,-20.67,46.98,,81.79,0.71,10.04,9.3
301032.SZ,新柴股份,44.98,40.74,2.46,3.78,4.18,1.55,0.3,0.0,9.49,2.58,2643.15,-5.22,,56.66,-7.81,21.57,21.52
301033.SZ,迈普医学,48.1,55.33,5.11,7.1,8.13,8.13,0.92,0.0,78.22,27.65,108.37,30.98,,10.91,1.79,15.6,11.83
301037.SZ,保立佳,-16.54,-14.44,2.14,-9.19,-9.09,-1.35,,0.0,10.0,-4.08,-1690.41,-5.65,,71.16,扣非亏损,扣非亏损,亏损
301038.SZ,深水规院,-745.81,135.49,4.64,-0.42,-0.46,-0.47,,0.0,21.53,-0.75,95.47,37.41,,53.03,3.62,扣非亏损,亏损
301040.SZ,中环海陆,-19.41,-15.27,1.97,-7.68,-6.69,-3.27,,0.0,-2.58,-15.27,-13057.94,-9.26,,40.41,扣非亏损,扣非亏损,亏损
301041.SZ,金百泽,100.0,125.84,4.25,2.07,3.18,2.41,0.22,0.0,26.05,4.15,-37.88,7.14,0.01,25.07,17.61,121.61,62.89
301042.SZ,安联锐视,26.0,27.83,2.35,6.12,6.6,4.81,3.06,0.0,34.3,13.57,10.4,14.78,,12.7,1.88,9.09,7.88
301043.SZ,绿岛风,18.42,23.68,2.33,8.09,9.55,8.13,2.69,0.0,38.29,18.09,13.13,6.18,,31.84,3.83,5.86,3.86
301045.SZ,天禄科技,99.12,217.23,2.66,1.84,2.03,1.23,0.44,0.0,19.26,3.65,62.41,10.14,0.37,20.58,21.42,236.3,97.65
301046.SZ,能辉科技,48.98,46.02,4.11,5.84,6.09,3.54,1.11,0.0,17.21,5.75,62.51,110.39,,56.28,0.42,15.76,16.08
301047.SZ,义翘神州,66.84,132.39,1.54,0.59,1.6,1.78,2.43,0.0,74.42,21.36,-74.04,-2.33,4.97,4.54,-56.72,452.0,83.55
301048.SZ,金鹰重工,38.0,26.06,2.07,3.48,4.16,2.59,0.46,0.0,13.48,5.53,-47.31,-0.5,,47.71,-52.3,14.98,18.27
301049.SZ,超越科技,-58.48,-26.41,3.83,-5.19,-4.8,-2.25,,0.0,10.04,-15.97,41.53,21.94,,43.2,扣非亏损,扣非亏损,亏损
301051.SZ,信濠光电,-17.82,-21.79,1.99,-9.12,-8.05,-5.29,0.31,0.0,11.06,-18.63,-13277.26,1.11,2.62,46.19,扣非亏损,扣非亏损,亏损
301052.SZ,果麦文化,100.13,81.97,4.07,2.58,3.12,2.64,0.22,0.0,47.95,5.41,-53.86,13.48,,21.47,6.08,63.45,64.18
301053.SZ,远信工业,39.52,64.93,3.02,4.55,5.86,3.19,0.29,0.0,26.0,8.86,90.44,5.72,,49.27,11.36,28.53,13.49
301055.SZ,张小泉,107.4,84.77,3.93,2.5,2.75,2.99,1.04,0.0,36.62,3.35,117.91,12.39,1.11,30.08,6.84,67.77,78.11
301056.SZ,森赫股份,23.68,24.6,2.95,9.15,9.5,4.96,1.96,0.0,33.75,14.72,19.91,2.74,,38.45,8.98,5.38,4.99
301057.SZ,汇隆新材,51.59,46.42,2.24,3.21,3.2,2.26,2.98,0.0,13.95,4.03,-33.93,6.27,,27.85,7.41,28.93,32.25
301058.SZ,中粮科工,40.84,28.93,3.1,5.12,5.69,2.93,1.37,0.0,26.73,8.53,10.5,-6.01,1.1,47.86,-4.81,11.29,14.35
301059.SZ,金三江,53.43,53.93,4.69,6.5,6.63,6.29,0.83,0.0,35.23,13.88,75.03,38.94,,20.17,1.38,16.59,16.12
301060.SZ,兰卫医学,-78.68,-22.74,2.46,-2.82,-2.31,-2.11,,0.0,21.0,-4.03,-249.54,3.95,0.4,28.34,扣非亏损,扣非亏损,亏损
301062.SZ,上海艾录,65.93,69.65,4.61,4.8,5.24,2.92,0.46,0.0,24.12,5.64,20.59,15.13,,55.46,4.6,29.01,25.16
301063.SZ,海锅股份,59.32,142.87,1.19,1.14,1.48,0.99,0.66,0.0,9.21,2.28,-65.39,6.23,,34.98,22.93,250.8,80.16
301065.SZ,本立科技,31.87,35.29,1.66,3.78,3.92,3.2,0.44,0.0,18.53,9.36,8.58,2.74,,20.4,12.9,18.69,16.26
301066.SZ,万事利,55.06,58.89,3.06,3.68,4.21,2.65,0.47,0.0,45.07,5.76,23.12,-1.32,2.16,32.9,-44.56,32.03,26.16
301067.SZ,显盈科技,344.82,478.03,3.07,0.08,0.66,0.42,0.15,0.0,21.03,0.41,-94.73,33.13,4.73,34.37,14.43,11759.7,1044.9
301068.SZ,大地海洋,56.47,59.35,4.36,5.07,5.85,3.75,0.82,0.0,20.61,6.87,49.11,1.63,4.75,38.31,36.31,23.4,19.31
301069.SZ,凯盛新材,89.43,108.47,4.17,2.16,3.15,3.21,0.7,0.0,23.87,7.47,-72.48,-4.37,,32.7,-24.8,100.41,56.78
301070.SZ,开勒股份,322.56,-211.69,4.45,0.06,1.02,0.71,0.89,0.0,36.33,1.5,-98.54,-8.38,1.13,20.14,扣非亏损,扣非转亏,632.47
301071.SZ,力量钻石,32.73,34.78,1.45,2.43,3.33,3.0,1.55,0.0,34.57,32.84,-39.84,-4.08,,18.42,-8.51,28.59,19.66
301072.SZ,中捷精工,-376.0,-12433.16,3.08,-0.62,-0.6,-0.83,0.24,0.0,12.63,-1.96,-127.47,2.15,1.31,35.63,扣非亏损,扣非亏损,亏损
301073.SZ,君亭酒店,217.41,237.71,5.49,1.73,1.87,2.65,0.66,0.0,30.83,4.61,-23.85,31.84,11.29,60.8,7.46,275.28,232.52
301075.SZ,多瑞医药,-75.04,-84.03,2.36,-2.63,-2.24,-2.38,0.47,0.0,40.75,-13.24,-433.64,-18.57,0.51,28.4,扣非亏损,扣非亏损,亏损
301076.SZ,新瀚新材,48.78,47.33,2.39,3.19,3.72,3.21,0.44,0.0,24.61,13.68,-43.26,-7.47,,8.47,-6.34,29.64,26.22
301079.SZ,邵阳液压,85.23,4936.4,3.93,3.01,3.46,2.16,0.06,0.0,23.11,6.21,-4.89,24.03,,48.63,205.39,3280.87,49.27
301080.SZ,百普赛斯,47.22,52.8,2.04,3.24,3.23,1.49,1.53,0.0,91.33,17.05,-32.85,12.34,,8.4,4.28,32.62,29.24
301081.SZ,严牌股份,32.32,36.97,1.87,4.03,4.27,3.09,2.7,0.0,29.39,7.63,-0.9,3.9,,50.05,9.48,18.33,15.14
301082.SZ,久盛电气,97.0,198.07,2.42,1.84,1.86,1.44,0.99,0.0,12.55,1.47,-64.41,-7.0,,67.44,-28.29,215.57,104.31
301083.SZ,百胜智能,76.2,133.7,3.26,2.23,3.21,2.54,0.67,0.0,23.01,9.27,-32.16,0.56,,16.4,237.77,119.85,47.48
301085.SZ,亚康股份,76.68,116.31,5.27,5.04,5.16,3.86,0.49,0.0,13.62,4.77,-32.81,-14.53,0.08,45.19,-8.0,46.11,29.72
301086.SZ,鸿富瀚,32.61,47.0,2.46,5.19,5.69,4.96,1.95,0.0,37.12,18.29,9.02,30.53,1.31,24.7,1.54,18.13,11.46
301088.SZ,戎美股份,35.25,68.55,1.22,1.19,2.55,3.0,2.88,0.0,40.99,13.43,-9.68,-5.95,,2.87,-11.53,115.33,27.65
301089.SZ,拓新药业,-1232.41,-52.76,2.78,-0.65,-0.17,-0.72,0.46,0.0,25.69,-0.81,-103.4,-56.34,,10.17,扣非亏损,扣非亏损,亏损
301090.SZ,华润材料,-34.8,-34.59,1.73,-4.51,-3.6,-2.8,0.36,0.0,-0.46,-1.86,-182.47,0.1,,34.33,扣非亏损,扣非亏损,亏损
301091.SZ,深城交,309.37,177.31,10.67,1.7,2.62,1.43,0.14,0.0,33.62,5.83,64.84,-11.59,2.38,25.31,-15.3,208.81,236.16
301092.SZ,争光股份,32.28,41.08,1.79,3.45,4.18,3.82,0.98,0.0,29.77,18.54,-15.89,6.48,,10.79,6.34,23.81,15.44
301093.SZ,华兰股份,44.07,57.96,1.38,1.52,2.25,2.21,1.86,0.0,39.15,12.36,-25.98,-6.82,,9.77,-8.49,76.07,39.17
301095.SZ,广立微,1414.45,227.79,4.75,-0.11,0.25,-1.73,0.59,0.0,62.81,3.88,-107.79,12.22,1.07,6.04,18.64,转盈,11315.62
301096.SZ,百诚医药,23.81,24.57,1.62,4.58,5.2,3.55,0.46,0.0,61.17,19.62,-37.74,1.07,,26.33,22.86,10.72,9.16
301097.SZ,天益医疗,316.67,2859.85,2.24,-0.1,0.51,0.27,0.95,0.0,34.9,0.8,-104.07,13.26,,29.87,215.63,转盈,1241.83
301098.SZ,金埔园林,105.77,-266.62,1.43,1.37,1.37,1.76,0.85,0.0,29.37,4.09,-63.99,-6.66,,64.02,扣非亏损,扣非转亏,154.41
301099.SZ,雅创电子,35.03,61.2,4.38,5.71,9.14,5.21,0.14,0.0,18.07,5.35,74.83,37.08,8.9,62.36,1.65,21.42,7.66
301100.SZ,风光股份,-67.02,-44.86,1.8,-2.26,-1.98,-2.01,0.37,0.0,5.89,-5.79,-219.62,35.05,,11.58,扣非亏损,扣非亏损,亏损
301101.SZ,明月镜片,31.87,39.67,3.56,7.37,8.57,9.4,0.72,0.0,59.3,24.84,9.88,3.61,,8.97,10.98,10.77,7.44
301102.SZ,兆讯传媒,48.29,64.07,1.43,1.8,2.22,1.24,0.73,0.0,33.53,13.31,-52.04,16.59,,34.47,3.86,71.35,43.51
301103.SZ,何氏眼科,169.07,-143.32,1.91,0.74,0.8,1.72,2.02,0.0,40.92,1.22,-84.57,-8.4,,16.37,扣非亏损,扣非转亏,422.68
301105.SZ,鸿铭股份,299.55,-115.6,1.83,0.37,0.46,0.05,2.66,0.0,33.64,2.43,475.39,8.55,,11.7,扣非亏损,扣非转亏,1302.38
301106.SZ,骏成科技,32.78,39.9,2.83,6.28,6.61,5.5,0.96,0.0,24.54,12.96,36.12,45.57,0.27,16.16,0.88,12.71,9.92
301107.SZ,瑜欣电子,34.67,44.84,2.3,4.58,4.91,3.32,1.25,0.0,26.2,11.29,-13.02,-0.12,,21.69,-383.26,19.57,14.12
301108.SZ,洁雅股份,47.57,61.32,1.19,1.18,1.86,1.55,1.04,0.0,19.44,8.47,-70.82,-8.79,,13.12,-6.98,104.08,51.15
301109.SZ,军信股份,13.0,15.06,1.36,7.27,7.79,6.68,5.7,0.0,42.96,29.1,1.77,27.74,,41.86,0.54,4.14,3.34
301111.SZ,粤万年青,146.21,239.55,3.55,0.64,1.8,1.53,0.41,0.0,59.72,6.13,-71.15,11.02,0.9,9.08,21.74,753.91,162.45
301112.SZ,信邦智能,255.07,363.81,2.39,0.58,0.7,0.57,0.4,0.0,18.3,0.42,-68.28,17.0,0.5,20.37,21.4,1262.35,728.77
301113.SZ,雅艺科技,240.95,1877.8,2.47,0.54,0.77,0.65,0.09,0.0,27.74,2.86,-81.04,74.94,,8.22,25.06,6931.72,625.85
301115.SZ,建科股份,99.32,182.31,1.07,0.09,0.8,0.92,1.96,0.0,35.22,3.12,-94.65,12.05,6.56,26.61,15.12,3933.43,248.29
301117.SZ,佳缘科技,-134.72,-47.52,2.49,-1.9,-1.38,-1.68,,0.0,43.57,-9.9,-192.33,4.6,0.61,8.64,扣非亏损,扣非亏损,亏损
301118.SZ,恒光股份,-31.35,-22.86,1.68,-5.14,-3.95,-1.83,,0.0,6.41,-6.34,-142.97,31.11,,44.72,扣非亏损,扣非亏损,亏损
301119.SZ,正强股份,27.88,28.89,2.44,6.3,6.74,5.09,0.39,0.0,33.11,21.94,-14.98,-1.44,,26.49,-20.13,9.18,8.27
301120.SZ,新特电气,242.68,981.32,2.34,0.05,0.71,0.66,0.47,0.0,29.03,1.65,-98.64,-19.17,,4.78,-51.19,41936.91,683.61
301122.SZ,采纳股份,33.67,48.75,1.42,2.24,3.17,3.05,1.18,0.0,39.28,19.67,-44.09,-0.5,,5.04,-97.28,43.59,21.24
301125.SZ,腾亚精工,212.18,-351.66,2.63,0.66,0.95,0.35,0.16,0.0,24.33,-0.73,-81.24,32.91,2.82,39.61,扣非亏损,扣非转亏,446.69
301126.SZ,达嘉维康,51.39,51.22,1.41,2.01,2.06,2.44,0.31,0.0,19.18,1.22,69.09,43.43,61.25,70.63,1.18,50.91,49.9
301127.SZ,天源环保,30.95,26.8,3.0,6.8,6.65,4.55,1.55,0.0,33.98,15.32,8.38,4.69,0.01,55.29,5.72,7.88,9.31
301128.SZ,强瑞技术,40.96,54.69,5.08,8.88,9.26,8.22,1.51,0.0,32.76,12.41,121.96,92.96,3.28,36.16,0.59,12.32,8.85
301129.SZ,瑞纳智能,-69.33,-287.38,2.24,-3.86,-2.39,-2.19,0.56,0.0,53.98,-39.81,-9372.24,-45.6,,18.54,扣非亏损,扣非亏损,亏损
301130.SZ,西点药业,47.64,63.14,2.41,3.07,3.64,3.6,0.93,0.0,77.84,17.69,25.71,12.95,,8.03,4.87,41.13,26.18
301131.SZ,聚赛龙,49.43,65.76,2.12,2.92,3.23,1.85,0.73,0.0,9.38,1.55,-15.86,14.05,,55.99,4.68,45.04,30.61
301132.SZ,满坤科技,48.41,54.23,2.66,3.86,4.18,2.14,1.41,0.0,19.17,7.87,-21.01,2.53,,29.54,21.43,28.12,23.16
301133.SZ,金钟股份,29.72,28.21,2.67,6.01,6.19,4.14,0.54,0.0,24.81,8.11,4.36,25.2,,43.78,1.12,9.39,9.6
301135.SZ,瑞德智能,96.11,121.67,2.25,0.72,1.71,0.28,1.21,0.0,18.81,2.41,-63.09,20.12,,29.08,6.05,339.38,112.41
301136.SZ,招标股份,-1605.66,-414.08,2.81,-0.47,-0.13,-0.27,0.16,0.0,39.78,-1.35,-141.26,-17.24,0.97,26.69,扣非亏损,扣非亏损,亏损
301137.SZ,哈焊华通,157.0,151.11,2.66,0.25,1.26,0.88,0.7,0.0,9.94,1.55,-78.33,-4.26,,34.73,-35.5,1192.64,249.2
301138.SZ,华研精机,47.85,45.48,3.22,4.56,4.89,4.47,3.45,0.0,41.88,14.84,9.16,22.82,,29.39,1.99,19.96,19.57
301139.SZ,元道通信,45.59,42.7,1.46,2.54,2.43,2.06,0.17,0.0,15.58,4.22,8.49,-3.87,0.08,35.82,-11.03,33.57,37.53
301141.SZ,中科磁业,406.95,362.89,4.65,0.66,0.85,0.14,0.64,0.0,10.2,2.78,-72.93,3.42,,17.65,106.03,1103.0,957.53
301148.SZ,嘉戎技术,33.62,92.69,1.34,2.01,2.96,2.39,1.77,0.0,40.58,12.91,9.66,-6.86,,21.58,-13.51,92.01,22.71
301149.SZ,隆华新材,24.67,23.31,2.35,6.56,7.26,5.28,1.21,0.0,3.94,3.16,-28.88,25.15,,42.09,0.93,7.1,6.8
301150.SZ,中一科技,-53.9,-51.13,1.39,-2.86,-1.9,-0.96,0.3,0.0,3.22,-1.95,-5013.5,42.06,0.21,40.94,扣非亏损,扣非亏损,亏损
301151.SZ,冠龙节能,95.85,52.99,1.41,0.82,1.09,0.64,1.95,0.0,31.77,3.93,-66.82,-13.62,,23.33,-3.89,129.9,175.87
301152.SZ,天力锂能,-21.66,-9.2,2.82,-9.72,-9.0,-5.15,,0.0,0.58,-12.52,-41.38,-29.05,0.01,43.63,扣非亏损,扣非亏损,亏损
301153.SZ,中科江南,1253.67,98.19,6.75,0.26,0.39,-2.21,1.28,0.0,56.8,0.88,-97.46,-36.83,1.56,20.65,-2.67,757.9,6429.1
301155.SZ,海力风电,128.59,-175.91,2.72,1.48,1.61,0.67,,0.0,6.01,8.06,68.26,-31.76,,36.38,扣非亏损,扣非转亏,159.74
301156.SZ,美农生物,49.29,48.73,2.81,3.6,4.12,4.18,2.92,0.0,28.59,9.29,-37.1,-9.19,,5.35,-5.3,27.1,23.93
301157.SZ,华塑科技,76.71,71.83,2.09,1.28,2.05,1.72,0.35,0.0,31.46,11.45,48.15,22.56,,10.09,3.18,111.94,74.84
301158.SZ,德石股份,27.03,23.47,1.77,4.7,4.78,4.28,1.9,0.0,35.76,16.08,28.1,23.6,,22.81,0.99,9.99,11.31
301159.SZ,三维天地,-18.64,-69.69,3.75,-13.52,-13.99,-13.94,0.22,0.0,19.1,-88.91,-72.85,3.77,,17.98,扣非亏损,扣非亏损,亏损
301160.SZ,翔楼新材,25.27,24.16,3.04,8.72,8.91,8.59,2.39,0.0,25.14,12.92,10.37,13.46,,16.62,1.8,5.54,5.67
301161.SZ,唯万密封,36.29,53.84,2.5,4.58,5.28,6.18,0.3,0.0,39.32,13.4,50.13,93.8,9.51,27.35,0.57,23.52,13.74
301162.SZ,国能日新,58.93,58.36,3.71,3.94,4.86,3.96,0.87,0.0,67.28,14.83,0.9,18.15,,27.29,3.21,29.6,24.25
301163.SZ,宏德股份,76.74,62.33,1.76,1.71,1.72,1.02,0.92,0.0,16.13,4.01,-45.74,-13.56,,17.63,-4.6,72.98,89.24
301165.SZ,锐捷网络,54.77,63.97,6.83,8.55,9.44,3.76,1.48,0.0,35.5,4.92,47.13,5.36,,52.11,11.94,14.96,11.6
301166.SZ,优宁维,140.81,-236.41,1.27,-0.19,-0.19,0.11,1.22,0.0,18.54,1.7,-120.64,-6.6,,9.43,扣非亏损,扣非亏损,转盈
301167.SZ,建研设计,152.25,81.93,1.7,-0.2,0.83,0.69,1.28,0.0,24.57,3.92,-106.57,-25.86,,27.96,-3.17,转盈,366.87
301169.SZ,零点有数,-35.9,-33.05,6.2,-12.7,-12.18,-11.81,,0.0,22.33,-49.25,-119.34,-13.91,2.8,21.36,扣非亏损,扣非亏损,亏损
301170.SZ,锡南科技,23.85,29.49,1.47,3.74,4.68,4.39,0.82,0.0,19.11,9.68,-9.13,7.42,,9.55,3.98,15.76,10.19
301171.SZ,易点天下,37.79,50.99,2.79,5.34,5.62,3.01,0.56,0.0,21.48,10.98,16.31,10.75,1.01,37.1,4.74,19.1,13.45
301175.SZ,中科环保,25.46,28.07,2.54,7.47,7.6,5.14,2.0,0.0,41.42,24.56,31.7,12.6,,48.57,2.23,7.51,6.7
301176.SZ,逸豪新材,-174.38,-96.96,2.11,-0.97,-0.9,-0.63,,0.0,2.89,-1.38,10.94,8.07,,38.43,扣非亏损,扣非亏损,亏损
301177.SZ,迪阿股份,356.25,-72.97,1.53,-1.23,0.31,0.8,1.7,0.0,65.57,1.82,-16.16,-36.19,,11.86,扣非亏损,扣非亏损,2298.39
301178.SZ,天亿马,-74.08,-229.04,2.62,-2.46,-2.61,-3.41,0.31,0.0,16.1,-15.97,-236.79,-11.53,0.59,24.74,扣非亏损,扣非亏损,亏损
301180.SZ,万祥科技,228.9,-576.04,4.89,0.18,1.61,1.51,0.14,0.0,17.75,2.68,-91.04,23.65,0.12,23.14,扣非亏损,扣非转亏,284.35
301182.SZ,凯旺科技,-75.53,-50.71,4.68,-6.16,-4.56,-3.39,,0.0,1.37,-7.06,-42.22,67.26,0.94,53.0,扣非亏损,扣非亏损,亏损
301183.SZ,东田微,85.2,226.16,5.44,4.77,4.91,3.19,,0.0,23.31,9.71,320.25,83.91,,32.08,2.7,94.8,34.71
301185.SZ,鸥玛软件,51.6,42.1,2.76,3.98,4.02,3.27,0.98,0.0,61.48,29.63,-8.45,-0.68,,3.25,-61.57,21.16,25.67
301186.SZ,超达装备,28.86,31.62,2.31,5.87,5.95,4.09,2.43,0.0,34.32,14.94,0.78,11.57,,37.34,2.73,10.77,9.7
301188.SZ,力诺特玻,37.45,48.1,2.43,4.04,4.51,4.19,0.56,0.0,19.68,8.48,46.23,20.19,,29.38,2.38,23.78,16.61
301189.SZ,奥尼电子,-61.66,-43.82,1.27,-1.81,-1.53,-2.7,,0.0,22.01,-9.39,-239.09,-6.88,,11.01,扣非亏损,扣非亏损,亏损
301190.SZ,善水科技,38.21,40.02,1.75,3.31,3.28,2.6,0.79,0.0,28.98,18.05,-31.08,2.55,,14.25,15.7,24.15,23.3
301191.SZ,菲菱科思,46.65,55.17,3.81,5.61,6.06,4.28,1.08,0.0,17.87,8.24,-12.29,-15.61,,24.55,-3.53,19.69,15.4
301192.SZ,泰祥股份,32.35,45.27,3.18,6.12,7.52,6.3,0.87,0.0,29.41,13.96,74.24,50.52,1.42,28.99,0.9,14.8,8.6
301193.SZ,家联科技,34.55,2008.77,1.96,1.36,3.86,2.55,1.18,0.0,18.69,3.48,-41.17,40.08,4.95,56.43,50.12,2943.47,17.9
301195.SZ,北路智控,23.79,25.1,1.92,5.19,6.1,5.43,1.68,0.0,42.78,17.26,-21.88,14.65,,13.13,1.71,9.68,7.8
301197.SZ,工大科雅,-210.22,122.01,1.5,-1.38,-0.53,-0.55,0.53,0.0,42.64,-5.71,-366.78,-24.92,,20.6,-4.9,扣非亏损,亏损
301198.SZ,喜悦智行,240.74,1784.25,2.09,0.36,0.64,0.85,0.99,0.0,18.17,2.38,-89.83,-19.05,,26.37,-93.65,9926.3,752.32
301199.SZ,迈赫股份,44.74,94.86,2.2,2.94,3.74,2.29,0.27,0.0,20.12,7.45,198.0,13.71,,38.04,6.92,64.48,23.93
301200.SZ,大族数控,55.54,103.8,3.01,3.49,4.2,3.32,2.25,0.0,27.99,8.66,35.56,105.55,3.08,26.12,0.98,59.45,26.45
301201.SZ,诚达药业,63.72,106.01,1.54,0.64,1.8,1.62,0.79,0.0,43.54,16.63,-59.78,-6.34,,6.78,-16.73,331.12,70.8
301203.SZ,国泰环保,17.89,18.96,1.7,7.03,7.07,6.84,3.86,0.0,55.7,42.86,-5.92,1.92,,3.52,9.85,5.4,5.06
301205.SZ,联特科技,123.24,195.63,6.92,3.77,4.29,2.88,0.05,0.0,27.27,9.69,423.26,45.57,,29.38,4.29,103.91,57.46
301207.SZ,华兰疫苗,34.68,30.96,2.03,3.17,4.32,3.81,2.16,0.0,81.05,27.93,-64.65,-44.28,,20.25,-0.7,19.51,16.06
301208.SZ,中亦科技,65.77,39.78,3.18,3.65,3.63,2.36,1.0,0.0,30.07,7.98,-29.91,-17.61,,19.91,-2.26,21.79,36.24
301210.SZ,金杨股份,58.92,63.17,1.56,1.94,2.0,1.72,0.33,0.0,12.48,5.03,-5.67,18.94,,18.52,3.33,65.21,58.92
301211.SZ,亨迪药业,65.67,70.4,2.85,2.73,3.21,1.54,2.21,0.0,30.23,22.35,-54.91,-38.43,,5.81,-1.83,51.55,40.92
301212.SZ,联盛化学,128.06,152.89,1.73,0.81,1.01,0.33,0.73,0.0,10.29,3.17,-82.75,-16.98,,16.9,-9.0,378.53,253.59
301215.SZ,中汽股份,60.41,66.59,3.15,3.43,3.91,3.68,1.23,0.0,70.48,40.48,-8.15,4.52,,16.68,14.74,38.79,30.9
301216.SZ,万凯新材,-46.62,-31.11,1.05,-1.2,-1.66,-0.75,1.06,0.0,1.85,-0.7,-117.18,1.92,,68.06,扣非亏损,扣非亏损,亏损
301217.SZ,铜冠铜箔,-73.41,-74.74,1.81,-2.12,-1.82,-1.77,0.51,0.0,-0.37,-3.12,-906.49,15.89,,23.68,扣非亏损,扣非亏损,亏损
301218.SZ,华是科技,-447.4,184.7,3.02,-1.14,-0.5,-0.98,0.14,0.0,21.2,-1.39,-594.93,14.1,,35.73,13.1,扣非亏损,亏损
301219.SZ,腾远钴业,19.48,21.75,1.86,7.1,7.2,7.49,3.81,0.0,23.82,12.63,156.8,23.11,,16.04,0.94,6.12,5.41
301220.SZ,亚香股份,41.31,46.28,1.54,2.74,2.82,2.51,0.61,0.0,27.81,7.77,-30.96,21.37,0.4,20.86,2.17,33.82,29.3
301221.SZ,光庭信息,325.91,-362.51,2.37,0.27,0.55,-0.06,0.17,0.0,36.58,2.89,318.52,-12.68,,9.06,扣非亏损,扣非转亏,1185.13
301222.SZ,浙江恒威,27.49,27.95,2.33,6.15,6.34,6.41,1.01,0.0,25.06,16.92,-4.29,18.27,,5.53,1.53,9.09,8.67
301223.SZ,中荣股份,22.76,21.76,1.16,3.63,3.83,2.61,1.66,0.0,18.6,5.69,-28.84,4.84,0.5,27.53,4.49,11.98,11.89
301225.SZ,恒勃股份,25.91,26.96,2.1,5.63,6.08,5.4,1.12,0.0,30.53,14.09,7.62,7.92,,18.57,3.4,9.58,8.52
301226.SZ,祥明智能,107.08,228.22,3.23,1.61,2.25,1.87,1.01,0.0,18.9,5.38,-63.1,-18.61,,12.51,-12.26,283.04,95.18
301227.SZ,森鹰窗业,-40.22,-68.75,1.03,-2.48,-1.85,-2.03,1.85,0.0,24.18,-8.6,-140.12,-44.4,,25.06,扣非亏损,扣非亏损,亏损
301228.SZ,实朴检测,-31.75,-24.79,2.13,-5.07,-4.71,-3.75,,0.0,28.47,-12.08,45.77,22.92,5.95,30.44,扣非亏损,扣非亏损,亏损
301229.SZ,纽泰格,40.4,38.63,2.8,4.95,5.01,3.74,0.38,0.0,24.15,6.61,-9.47,11.17,2.95,42.99,3.46,15.61,16.13
301231.SZ,荣信文化,-48.04,-53.73,1.82,-3.1,-2.78,-3.52,0.2,0.0,37.36,-12.67,-896.38,-4.57,,5.46,扣非亏损,扣非亏损,亏损
301232.SZ,飞沃科技,-22.49,-29.41,1.5,-5.06,-4.85,-1.93,2.06,0.0,8.23,-6.62,-237.13,-0.56,,55.04,扣非亏损,扣非亏损,亏损
301233.SZ,盛帮股份,25.29,30.99,2.52,6.82,7.61,7.67,1.0,0.0,41.41,23.22,50.69,20.8,,9.91,1.49,9.08,6.65
301234.SZ,五洲医疗,42.76,64.56,2.59,3.6,4.53,4.11,1.18,0.0,17.37,10.02,-48.42,-17.38,,11.87,-3.72,35.91,18.88
301235.SZ,华康医疗,85.43,44.37,1.26,0.75,1.11,1.22,0.39,0.0,35.05,1.81,-75.38,-5.72,,44.17,-7.76,118.61,153.93
301236.SZ,软通动力,635.24,322.54,6.15,-0.04,0.72,0.35,0.39,0.0,12.28,0.19,-101.44,73.07,2.05,54.2,4.41,转盈,1764.55
301237.SZ,和顺科技,-66.77,-54.65,1.44,-2.15,-1.58,-1.81,0.33,0.0,8.23,-6.22,-410.78,17.71,,10.82,扣非亏损,扣非亏损,亏损
301238.SZ,瑞泰新材,67.25,64.91,1.86,2.05,2.08,1.58,1.14,0.0,20.5,10.67,-61.66,-47.77,,23.77,-1.36,63.34,64.67
301239.SZ,普瑞眼科,349.08,-532.75,3.32,0.81,0.7,2.84,0.47,0.0,39.5,1.07,-92.04,-1.36,17.41,52.15,扣非亏损,扣非转亏,997.38
301246.SZ,宏源药业,122.68,-604.75,1.36,0.12,0.83,0.78,0.19,0.0,12.54,2.73,-91.48,-15.17,,25.78,扣非亏损,扣非转亏,295.62
301248.SZ,杰创智能,-32.05,-40.17,1.67,-4.06,-4.01,-3.07,0.57,0.0,16.56,-13.02,-425.76,-24.24,0.92,29.86,扣非亏损,扣非亏损,亏损
301251.SZ,威尔高,77.35,105.58,3.25,2.64,3.19,1.72,0.37,0.0,20.19,6.38,-35.64,22.84,,36.03,4.62,79.98,48.49
301252.SZ,同星科技,24.89,29.52,2.81,7.84,8.59,6.51,1.82,0.0,21.76,12.05,16.38,11.09,,28.29,2.66,7.53,5.79
301255.SZ,通力科技,67.56,68.65,3.81,3.81,4.2,3.36,1.19,0.0,26.21,13.39,-25.42,-4.32,,23.84,-15.88,36.01,32.17
301258.SZ,富士莱,135.97,-196.55,1.33,-0.66,0.72,0.51,1.86,0.0,20.5,4.43,-114.14,-19.59,,9.01,扣非亏损,扣非亏损,377.7
301259.SZ,艾布鲁,-184.05,-133.44,9.89,-4.12,-3.95,-2.83,,0.0,34.3,-29.79,-611.01,-24.14,,43.85,扣非亏损,扣非亏损,亏损
301260.SZ,格力博,569.58,-30.93,1.62,0.48,0.21,-0.11,,0.0,25.45,0.24,112.03,14.77,,50.48,扣非亏损,扣非转亏,5424.55
301263.SZ,泰恩康,40.95,47.53,3.58,6.37,6.49,6.02,1.84,0.0,61.41,18.35,-13.58,-1.5,11.94,20.18,-31.66,14.91,12.62
301265.SZ,华新环保,56.47,83.96,1.48,1.59,1.98,1.61,,0.0,21.01,8.83,-55.13,-17.39,,9.39,-4.83,105.51,57.04
301266.SZ,宇邦新材,85.72,80.39,3.45,2.39,2.84,2.03,0.49,0.0,6.06,1.86,-65.76,21.04,,49.93,3.82,67.39,60.37
301267.SZ,华厦眼科,36.05,39.94,3.49,7.27,7.35,7.69,0.34,0.0,46.03,13.9,-27.23,2.55,9.26,25.08,15.68,10.99,9.81
301268.SZ,铭利达,-62.0,-74.31,3.56,-4.4,-3.91,-0.58,1.34,0.0,13.36,-5.1,-138.39,-39.98,,61.09,扣非亏损,扣非亏损,亏损
301269.SZ,华大九天,866.78,5690.19,13.8,-0.69,1.21,0.39,0.14,0.0,91.86,7.87,-280.88,16.25,0.93,7.17,350.11,转盈,1432.7
301270.SZ,汉仪股份,546.82,3765.14,3.69,-0.05,0.49,0.18,0.88,0.0,79.73,2.23,-102.23,-13.53,16.38,5.79,-278.3,转盈,2231.93
301272.SZ,英华特,30.52,33.11,2.2,4.62,5.39,4.68,0.94,0.0,26.01,12.68,-24.64,6.6,,15.65,5.01,14.34,11.33
301273.SZ,瑞晨环保,-24.95,-51.05,1.46,-4.35,-4.26,-4.0,0.72,0.0,41.59,-30.97,-1496.4,-26.14,0.38,20.82,扣非亏损,扣非亏损,亏损
301276.SZ,嘉曼服饰,16.51,19.33,1.12,3.36,5.13,5.39,3.12,0.0,62.12,15.13,-7.82,-4.16,,17.69,-4.64,11.52,6.44
301277.SZ,新天地,23.21,29.02,2.91,8.92,9.33,9.43,1.92,0.0,41.01,26.41,5.65,9.62,,13.12,3.02,6.5,4.98
301278.SZ,快可电子,28.98,28.23,2.74,6.45,7.29,5.37,0.52,0.0,19.23,11.96,-41.74,-24.86,,28.48,-1.14,8.76,7.95
301279.SZ,金道科技,48.59,51.27,1.61,2.46,2.47,1.7,1.21,0.0,17.41,6.91,-12.64,-5.57,,21.53,-9.2,41.69,39.35
301280.SZ,珠城科技,23.11,25.03,2.37,7.3,7.83,6.62,2.43,0.0,24.63,12.62,26.9,26.62,,24.56,0.94,6.85,5.9
301281.SZ,科源制药,83.36,134.64,3.3,2.02,2.98,2.72,0.88,0.0,39.27,11.95,-54.85,-2.88,0.14,8.68,-46.8,133.48,55.95
301282.SZ,金禄电子,47.84,86.45,2.17,2.23,3.4,1.97,0.4,0.0,13.95,4.89,79.59,22.51,,40.05,3.84,77.48,28.14
301283.SZ,聚胶股份,24.8,25.62,1.45,3.93,4.31,3.53,1.98,0.0,12.83,4.64,-9.47,24.36,,17.5,1.05,13.04,11.51
301285.SZ,鸿日达,133.16,172.9,4.94,2.16,2.7,1.64,0.58,0.0,24.16,4.58,136.9,27.57,,46.59,6.27,159.84,98.63
301286.SZ,侨源股份,75.15,76.19,7.44,7.14,7.19,8.33,0.17,0.0,31.13,17.57,-18.0,-2.22,,11.91,-34.38,21.33,20.91
301287.SZ,康力源,34.76,41.23,1.79,3.75,3.88,3.03,0.69,0.0,32.92,9.14,-31.75,6.55,,22.98,6.3,21.96,17.92
301288.SZ,清研环境,-109.27,-184.12,2.34,-1.86,-1.58,-2.22,0.53,0.0,47.26,-25.1,-510.66,-46.6,,10.34,扣非亏损,扣非亏损,亏损
301289.SZ,国缆检测,50.19,48.71,3.77,5.52,5.64,5.22,0.72,0.0,60.93,27.21,5.17,12.58,0.24,17.61,3.87,17.66,17.8
301290.SZ,东星医疗,29.16,42.24,1.15,1.92,2.95,3.13,2.17,0.0,48.77,20.71,-15.45,1.58,24.02,8.04,26.82,44.1,19.77
301291.SZ,明阳电气,22.42,21.37,2.93,9.95,9.94,5.81,2.54,0.0,23.05,10.65,38.45,23.52,,47.83,0.91,4.29,4.51
301292.SZ,海科新源,-12.51,-13.95,1.23,-7.36,-7.08,-2.87,,0.0,-0.09,-9.63,-576.09,1.68,,61.53,扣非亏损,扣非亏损,亏损
301293.SZ,三博脑科,80.89,104.19,4.91,3.86,4.44,4.75,0.15,0.0,24.97,11.05,18.28,9.83,1.01,16.44,10.6,53.94,36.43
301295.SZ,美硕科技,68.37,73.1,2.56,2.77,2.79,1.32,1.51,0.0,19.09,6.06,-24.5,9.9,,18.12,7.38,52.83,49.01
301296.SZ,新巨丰,23.29,23.1,1.54,4.7,5.5,4.9,0.52,0.0,23.16,9.99,3.37,0.98,,26.1,23.52,9.82,8.47
301297.SZ,富乐德,190.39,242.67,13.77,4.22,5.33,5.39,0.3,0.0,39.56,14.18,27.79,24.96,,15.76,9.72,115.05,71.44
301298.SZ,东利机械,29.93,31.4,2.36,5.72,5.91,5.1,1.76,0.0,29.18,11.21,41.41,11.54,,18.02,2.72,10.98,10.13
301301.SZ,川宁生物,23.38,24.45,4.43,14.79,14.75,12.76,2.67,0.0,35.82,24.14,68.15,24.43,0.02,28.07,1.0,3.31,3.17
301302.SZ,华如科技,-10.04,-7.32,1.95,-13.85,-13.38,-15.11,,0.0,-55.2,-174.45,-888.48,-52.22,,13.08,扣非亏损,扣非亏损,亏损
301303.SZ,真兰仪表,20.17,24.71,1.95,5.15,7.38,6.8,1.78,0.0,40.73,23.06,-1.74,0.39,0.36,20.44,62.63,9.6,5.47
301305.SZ,朗坤环境,18.37,21.9,1.34,5.46,5.55,3.9,1.66,0.0,31.3,14.48,34.9,7.98,,38.72,2.74,8.02,6.62
301306.SZ,西测测试,-31.75,-29.72,3.69,-8.64,-8.35,-5.38,,0.0,9.6,-29.57,-289.35,68.27,,31.42,扣非亏损,扣非亏损,亏损
301307.SZ,美利信,-91.6,-104.58,1.84,-1.74,-1.48,-0.78,0.35,0.0,10.87,-1.84,-149.67,9.63,0.03,51.54,扣非亏损,扣非亏损,亏损
301309.SZ,万得凯,18.43,19.95,1.87,7.6,7.82,6.63,1.07,0.0,23.78,15.53,53.18,53.21,,10.92,0.37,5.25,4.71
301311.SZ,昆船智能,-626.42,201.17,2.84,-0.37,-0.34,0.1,0.23,0.0,15.91,-0.48,-118.64,-3.91,,62.04,-51.47,扣非亏损,亏损
301312.SZ,智立方,72.23,138.73,3.64,2.39,3.72,3.01,0.46,0.0,24.97,10.8,-41.81,23.96,,16.97,5.79,115.93,38.84
301313.SZ,凡拓数创,-13.71,-23.3,2.64,-13.99,-13.14,-9.15,0.42,0.0,29.85,-52.84,-296.68,-22.64,5.66,37.27,扣非亏损,扣非亏损,亏损
301314.SZ,科瑞思,115.97,98.49,2.0,0.69,1.29,0.46,0.82,0.0,23.88,11.89,-61.63,-16.04,,6.64,-6.14,287.1,179.8
301315.SZ,威士顿,107.25,117.45,4.25,1.45,2.95,2.61,0.66,0.0,35.3,16.68,-33.9,-6.27,,8.28,-18.72,162.02,72.71
301316.SZ,慧博云通,162.66,151.05,7.99,3.27,3.7,2.83,0.34,0.0,24.23,3.44,-24.72,24.8,14.43,32.61,6.09,92.52,87.92
301317.SZ,鑫磊股份,73.4,63.33,3.4,3.22,3.36,1.13,1.53,0.0,23.62,4.94,16.17,55.23,,56.3,1.15,39.31,43.69
301318.SZ,维海德,35.55,57.1,2.32,4.44,4.92,4.14,0.56,0.0,45.58,19.49,32.49,25.72,0.7,9.35,2.22,25.74,14.45
301319.SZ,唯特偶,29.6,36.93,2.56,5.29,6.43,6.05,2.4,0.0,18.03,8.54,-7.95,20.38,0.02,15.22,1.81,13.96,9.21
301320.SZ,豪江智能,51.45,78.22,2.88,3.47,4.2,3.2,1.62,0.0,24.45,7.42,-8.39,13.11,,28.64,5.97,45.14,24.5
301321.SZ,翰博高新,-26.6,-24.05,3.11,-8.64,-8.22,-1.89,,0.0,10.67,-5.64,-353.28,4.95,0.41,75.41,扣非亏损,扣非亏损,亏损
301322.SZ,绿通科技,24.17,24.44,1.43,3.9,4.35,4.05,4.62,0.0,27.76,19.61,-44.76,-24.24,,6.5,-1.01,12.53,11.11
301323.SZ,新莱福,26.73,29.98,1.86,5.03,5.29,4.41,1.08,0.0,37.39,16.47,5.26,15.76,0.66,6.97,1.9,11.91,10.11
301330.SZ,熵基科技,33.47,38.6,1.65,3.25,3.71,3.29,1.36,0.0,49.5,9.46,-26.72,-2.02,0.02,14.33,-19.11,23.76,18.04
301331.SZ,恩威医药,94.93,84.34,2.73,1.92,2.08,1.78,1.93,0.0,50.95,3.93,-66.48,-1.67,9.84,28.18,-50.36,87.68,91.28
301332.SZ,德尔玛,36.73,48.48,1.8,3.4,3.68,2.23,0.82,0.0,31.82,4.24,5.21,5.66,6.48,34.31,8.56,28.48,19.96
301333.SZ,诺思格,57.06,66.09,3.6,3.76,4.74,4.31,0.31,0.0,39.19,15.29,-32.35,7.1,4.79,22.19,9.31,35.17,24.08
301337.SZ,亚华电子,-135.04,-918.97,3.18,-2.04,-1.74,-2.47,0.82,0.0,40.22,-14.31,-192.06,-40.62,,8.23,扣非亏损,扣非亏损,亏损
301338.SZ,凯格精机,70.05,85.4,2.86,2.71,3.09,1.1,0.39,0.0,32.38,7.88,28.12,31.57,0.39,35.83,2.71,62.97,45.34
301339.SZ,通行宝,40.95,47.68,3.42,5.94,6.32,3.27,1.49,0.0,51.7,31.3,7.08,18.09,0.39,49.99,2.64,16.07,12.96
301345.SZ,涛涛车业,18.04,19.58,2.39,9.87,10.09,9.4,2.46,0.0,36.32,13.57,51.54,64.87,,32.91,0.3,3.97,3.58
301348.SZ,蓝箭电子,47590.7,-1784.18,3.95,-0.21,0.01,-0.77,0.6,0.0,6.86,0.02,-107.59,-4.64,,19.35,扣非亏损,扣非亏损,9518139.28
301349.SZ,信德新材,-161.41,-52.13,1.17,-1.62,-0.53,-0.33,0.64,0.0,7.57,-1.79,-267.93,-19.4,6.85,14.54,扣非亏损,扣非亏损,亏损
301353.SZ,普莱得,28.99,35.61,1.7,3.75,4.37,3.71,0.93,0.0,29.03,8.22,-17.61,26.25,0.16,13.95,1.36,19.01,13.27
301355.SZ,南王科技,46.8,59.85,1.55,1.99,2.49,1.56,2.31,0.0,15.49,3.51,-41.72,16.01,1.74,34.17,3.74,60.11,37.59
301356.SZ,天振股份,-66.99,-14.19,1.28,-1.72,-1.42,-2.37,,0.0,4.44,-7.95,43.36,93.63,,7.18,扣非亏损,扣非亏损,亏损
301357.SZ,北方长龙,-280.13,-253.97,3.45,-1.33,-0.92,-1.36,0.1,0.0,46.87,-22.13,-118.01,-27.1,,9.53,扣非亏损,扣非亏损,亏损
301358.SZ,湖南裕能,58.75,76.81,3.35,4.18,4.31,2.6,1.23,0.0,7.88,3.08,-68.15,-53.74,1.56,58.14,-1.43,36.76,27.26
301359.SZ,东南电子,46.44,49.74,2.45,3.67,3.92,3.34,1.88,0.0,28.53,14.91,10.22,24.12,,6.37,2.06,27.09,23.69
301360.SZ,荣旗科技,120.99,63.09,2.58,1.28,1.59,0.47,0.32,0.0,44.67,8.06,390.33,2.13,,16.91,29.66,98.25,152.19
301361.SZ,众智科技,48.74,59.11,2.97,3.68,4.67,4.75,0.29,0.0,56.84,32.52,9.84,-1.14,,3.9,-51.75,32.11,20.87
301362.SZ,民爆光电,18.76,24.86,1.87,6.39,7.34,6.16,6.09,0.0,31.03,15.01,-9.32,8.1,,15.59,3.07,7.77,5.11
301363.SZ,美好医疗,38.94,51.5,3.95,7.53,7.86,7.56,0.43,0.0,41.78,22.29,-11.15,10.86,,10.27,4.74,13.67,9.91
301365.SZ,矩阵股份,46.44,230.84,1.55,1.77,2.52,1.53,1.12,0.0,37.18,11.67,-19.48,6.64,0.04,12.22,34.78,260.91,36.86
301366.SZ,一博科技,65.47,90.19,3.36,3.06,3.74,3.23,1.2,0.0,35.88,12.71,17.07,10.54,0.06,16.86,8.56,58.87,35.01
301367.SZ,怡和嘉业,40.29,69.18,2.4,3.07,4.46,4.53,0.82,0.0,51.2,21.18,-62.88,-36.31,,13.47,-1.91,45.13,18.07
301368.SZ,丰立智能,289.86,432.67,6.27,1.6,1.63,1.07,0.18,0.0,14.9,4.26,-28.97,17.16,,22.31,25.21,542.23,355.66
301369.SZ,联动科技,219.83,215.03,3.01,0.72,1.03,-0.6,0.31,0.0,59.63,6.12,-20.36,33.6,,5.96,6.4,599.56,426.86
301370.SZ,国科恒泰,43.73,36.51,2.38,3.99,4.05,2.41,0.73,0.0,10.35,1.83,11.73,-4.89,,63.79,-7.47,18.29,21.59
301371.SZ,敷尔佳,21.83,21.59,2.62,8.65,9.08,10.48,2.62,0.0,81.65,35.03,-6.71,9.47,9.9,3.62,2.28,4.99,4.81
301372.SZ,科净源,-31.66,-25.7,1.9,-4.38,-4.35,-2.42,0.53,0.0,25.21,-22.43,-225.68,-32.55,,41.58,扣非亏损,扣非亏损,亏损
301373.SZ,凌玮科技,23.28,24.61,1.9,5.75,6.22,6.25,2.02,0.0,44.8,27.69,10.81,-1.75,0.02,8.14,-14.07,8.56,7.49
301376.SZ,致欧科技,21.62,21.22,2.5,8.17,8.75,6.36,2.09,0.0,35.1,4.85,-17.44,38.49,,48.66,0.55,5.2,4.94
301378.SZ,通达海,-56.57,1016.05,2.71,-4.23,-3.44,-3.24,1.02,0.0,36.44,-15.83,-288.43,-10.07,,13.95,-100.93,扣非亏损,亏损
301379.SZ,天山电子,21.34,27.39,2.19,6.77,7.87,5.92,1.35,0.0,21.39,9.9,26.58,11.31,0.06,24.18,2.42,8.1,5.42
301380.SZ,挖金客,61.95,57.42,4.15,4.14,4.79,3.45,1.2,0.0,13.54,5.2,-8.78,20.49,31.97,44.07,2.8,27.76,25.87
301382.SZ,蜂助手,49.73,43.64,3.55,5.31,5.36,4.38,0.45,0.0,20.5,8.31,9.26,35.75,0.04,35.9,1.22,16.44,18.56
301383.SZ,天键股份,25.68,38.42,2.85,6.47,8.61,6.65,0.55,0.0,18.63,10.06,23.19,30.2,,26.85,1.27,11.88,5.97
301386.SZ,未来电器,34.98,41.32,2.07,3.36,4.34,4.08,5.11,0.0,27.21,16.84,-27.04,-10.35,,10.94,-3.99,24.59,16.12
301387.SZ,光大同创,363.86,88.4,2.23,0.69,0.45,0.03,1.26,0.0,24.12,0.07,-85.5,19.32,1.07,29.11,4.58,255.17,1617.15
301388.SZ,欣灵电气,175.1,177.47,2.58,0.73,1.09,-0.09,1.44,0.0,19.92,3.29,-61.17,3.69,,16.01,48.09,486.75,321.29
301389.SZ,隆扬电子,68.12,74.35,2.19,2.24,2.4,1.68,1.57,0.0,45.85,25.24,-34.87,5.36,,3.82,13.87,66.28,56.77
301390.SZ,经纬股份,53.43,35.59,1.98,2.58,2.78,1.72,0.92,0.0,24.92,7.29,8.63,20.92,0.18,32.32,1.7,27.61,38.44
301391.SZ,卡莱特,264.77,75.09,1.91,-1.24,0.54,0.14,0.7,0.0,44.14,2.75,-133.03,-24.99,,18.2,-3.01,转盈,980.61
301393.SZ,昊帆生物,38.27,46.8,2.19,3.75,4.32,3.71,0.42,0.0,41.63,29.36,16.13,8.08,,4.03,5.8,24.93,17.72
301395.SZ,仁信新材,57.1,57.79,1.62,1.38,2.03,1.93,5.32,0.0,2.23,2.1,4.08,4.96,,16.46,11.65,83.55,56.26
301396.SZ,宏景科技,-73.31,-1106.12,2.43,-3.02,-2.42,-1.52,0.45,0.0,20.92,-13.99,-273.15,-43.41,,39.57,扣非亏损,扣非亏损,亏损
301397.SZ,溯联股份,24.33,26.17,1.82,5.21,5.57,4.4,2.21,0.0,23.59,12.95,3.36,23.63,,21.57,1.11,10.05,8.73
301398.SZ,星源卓镁,51.24,57.48,3.54,4.79,5.23,5.15,0.71,0.0,33.72,19.47,-0.81,13.54,,8.35,4.25,23.99,19.59
301399.SZ,英特科技,49.12,39.76,2.11,3.02,3.17,2.35,3.14,0.0,23.57,11.88,-41.79,-12.63,,11.52,-3.15,26.29,30.99
301408.SZ,华人健康,35.97,39.09,2.62,5.11,5.44,3.47,0.63,0.0,32.42,3.54,35.89,22.07,49.07,59.18,1.77,15.29,13.22
301413.SZ,安培龙,56.47,65.1,3.95,5.01,5.29,3.89,0.4,0.0,31.55,9.43,-1.64,20.89,,38.09,3.12,25.97,21.35
301419.SZ,阿莱德,81.43,114.48,3.23,2.88,2.93,2.36,1.35,0.0,37.56,10.45,-48.86,-18.65,,8.6,-6.14,79.63,55.58
301428.SZ,世纪恒通,38.82,48.6,2.72,3.68,5.23,4.07,0.78,0.0,23.5,6.96,6.83,21.03,0.11,40.13,2.31,26.43,14.85
301429.SZ,森泰股份,29.13,42.32,1.6,3.16,4.07,3.12,1.25,0.0,28.07,6.12,16.27,46.07,1.24,18.01,0.92,26.76,14.31
301439.SZ,泓淋电力,29.99,39.02,1.93,4.71,4.77,2.77,2.05,0.0,11.84,5.52,-5.42,34.16,,29.14,1.14,16.58,12.57
301456.SZ,盘古智能,51.13,54.52,1.78,2.0,2.65,2.37,1.09,0.0,38.14,16.2,-42.0,19.02,,7.16,2.87,54.52,38.59
301459.SZ,丰茂股份,22.16,27.54,3.02,9.4,10.61,8.03,0.86,0.0,31.56,17.54,0.04,10.88,,30.8,2.53,5.86,4.18
301468.SZ,博盈特焊,35.17,46.41,1.34,2.16,2.82,2.75,1.64,0.0,30.55,17.8,-52.62,-22.74,,7.96,-2.04,42.94,24.94
301469.SZ,恒达新材,31.56,36.2,1.65,3.52,3.89,3.31,1.65,0.0,14.45,7.11,-24.71,21.88,,17.47,1.65,20.55,16.23
301486.SZ,致尚科技,81.68,99.76,2.62,2.17,2.36,3.71,0.83,0.0,35.09,14.06,0.68,95.51,4.0,13.14,1.04,91.83,69.22
301487.SZ,盟固利,959.94,1796.08,5.89,0.3,0.46,0.52,0.06,0.0,6.97,0.55,-87.51,-26.06,,45.92,-68.91,11843.61,4173.66
301488.SZ,豪恩汽电,61.9,62.79,4.53,4.5,5.34,3.23,1.44,0.0,20.51,7.37,-5.54,13.53,,36.88,4.64,27.91,23.19
301489.SZ,思泉新材,69.1,67.82,3.76,3.91,4.13,3.31,0.34,0.0,25.39,9.28,8.16,31.6,1.66,25.35,2.15,34.68,33.46
301498.SZ,乖宝宠物,43.05,48.85,6.61,11.43,12.04,13.19,0.43,0.0,41.98,12.85,41.75,17.96,,12.08,2.72,8.55,7.15
301500.SZ,飞南资源,35.36,32.63,1.87,6.56,4.04,2.89,,0.0,8.16,2.48,107.68,44.08,,60.88,0.74,9.96,17.5
301502.SZ,华阳智能,73.58,69.74,3.02,3.44,3.4,3.08,,0.0,19.12,6.77,-51.57,1.58,,21.49,44.13,40.54,43.28
301503.SZ,智迪科技,30.71,32.82,2.73,6.63,6.73,4.85,1.66,0.0,17.97,7.06,42.11,51.2,,34.35,0.64,9.91,9.13
301507.SZ,民生健康,43.63,58.16,3.29,5.5,5.73,4.96,0.61,0.0,57.47,16.58,9.3,6.98,,10.8,8.33,21.16,15.23
301508.SZ,中机认检,70.0,,4.71,4.58,5.04,4.17,1.19,0.0,42.5,17.25,,4.41,0.4,15.15,,,27.78
301509.SZ,金凯生科,72.75,80.47,1.78,1.16,1.82,1.87,1.27,0.0,39.11,10.15,-82.84,-33.93,,6.33,-2.37,139.13,79.94
301510.SZ,固高科技,297.51,446.63,8.55,1.5,2.25,1.91,0.1,0.0,48.2,9.48,-14.74,10.32,,10.13,43.29,594.0,264.45
301511.SZ,德福科技,-40.81,-53.77,2.75,-5.09,-4.92,-0.81,0.24,0.0,1.62,-5.15,-427.61,7.99,,71.13,扣非亏损,扣非亏损,亏损
301512.SZ,智信精密,-53.01,211.78,2.37,-3.52,-3.22,-4.14,1.06,0.0,38.54,-17.12,-221.99,-39.69,,20.73,-5.34,扣非亏损,亏损
301515.SZ,港通医疗,74.79,36.55,1.53,1.27,1.52,0.91,0.9,0.0,20.02,4.07,-26.16,13.4,,31.69,2.73,57.6,98.41
301516.SZ,中远通,-164.19,-199.34,4.01,-2.08,-1.78,-1.67,0.87,0.0,16.97,-4.14,-151.19,-31.87,,18.13,扣非亏损,扣非亏损,亏损
301517.SZ,陕西华达,160.05,187.55,5.4,2.42,2.55,1.86,0.23,0.0,38.62,6.86,-42.82,-26.32,,37.0,-7.13,155.29,125.53
301518.SZ,长华化学,56.39,48.17,1.78,1.27,2.32,1.94,2.14,0.0,3.95,1.52,-77.25,20.44,,14.52,2.36,76.03,48.61
301519.SZ,舜禹股份,124.97,287.91,1.5,-0.1,0.89,1.0,0.97,0.0,32.84,2.93,-103.79,-13.53,,47.59,-21.28,转盈,280.84
301520.SZ,万邦医药,28.27,35.43,1.94,3.76,5.22,5.18,0.9,0.0,43.15,26.52,-21.08,21.88,,5.71,1.62,18.84,10.83
301522.SZ,上大股份,102.98,,13.45,8.46,10.3,5.0,,0.0,14.25,6.62,,24.6,,61.31,,,20.0
301525.SZ,儒竞科技,28.19,41.57,1.77,3.98,4.77,3.85,0.53,0.0,24.42,14.71,-36.69,-15.92,,18.88,-2.61,20.88,11.82
301526.SZ,国际复材,-76.96,-167.01,1.97,-2.59,-1.87,0.47,0.54,0.0,14.74,-2.93,-174.74,2.01,0.54,57.49,扣非亏损,扣非亏损,亏损
301528.SZ,多浦乐,75.64,78.93,1.88,0.73,1.88,1.81,0.17,0.0,70.58,29.01,-72.88,-27.27,,2.44,-2.89,217.39,80.47
301529.SZ,福赛科技,44.11,48.73,2.46,3.44,4.15,4.75,0.75,0.0,24.13,5.32,-22.35,46.61,,35.52,1.05,28.31,21.26
301533.SZ,威马农机,37.07,41.74,2.65,5.23,5.42,4.34,1.16,0.0,17.11,8.49,5.34,17.35,,17.17,2.41,15.97,13.68
301536.SZ,星宸科技,77.53,,7.01,6.56,7.54,5.4,,0.0,35.99,10.83,,22.95,,32.93,,,20.57
301539.SZ,宏鑫科技,75.11,,4.29,5.94,5.25,2.69,,0.0,15.36,4.42,,5.95,,50.98,,,28.61
301548.SZ,崇德科技,40.23,48.83,3.14,4.96,5.86,5.82,1.64,0.0,38.17,23.03,-2.86,-4.59,,12.68,-10.63,19.67,13.73
301552.SZ,科力装备,25.97,,3.59,13.88,16.55,14.06,,0.0,40.63,27.03,21.34,30.29,,13.62,,,3.14
301555.SZ,惠柏新材,-358.64,-1844.22,2.45,-1.01,-0.5,-0.17,0.52,0.0,9.68,-0.58,-123.11,-10.22,,50.47,扣非亏损,扣非亏损,亏损
301556.SZ,托普云农,65.71,56.65,10.11,11.66,12.25,8.41,,0.0,53.35,22.83,21.86,10.99,1.0,24.5,5.16,9.72,10.73
301558.SZ,三态股份,123.68,165.96,5.27,2.08,3.14,3.43,0.94,0.0,28.83,3.44,-74.28,-3.26,,9.76,-50.93,159.27,78.78
301559.SZ,中集环科,42.1,39.92,2.21,3.91,3.88,3.19,6.81,0.0,16.78,7.55,-67.99,-38.63,,15.47,-1.03,20.42,21.7
301565.SZ,中仑新材,58.03,,3.79,5.6,6.17,3.76,,0.0,13.12,6.36,-29.76,6.92,0.25,34.98,,,18.81
301566.SZ,达利凯普,65.54,70.44,5.83,6.79,6.84,6.4,0.21,0.0,59.6,35.13,-3.21,-8.02,,6.15,-8.78,20.75,19.16
301567.SZ,贝隆精密,108.5,100.84,5.15,3.97,3.77,3.25,,0.0,24.49,8.75,-38.01,10.39,,15.14,9.71,50.74,57.56
301568.SZ,思泰克,58.24,70.57,4.13,4.46,5.25,5.16,1.49,0.0,50.34,24.25,-45.35,-20.49,,11.25,-3.44,31.63,22.19
301571.SZ,国科天成,66.53,,5.35,6.91,8.05,6.6,,0.0,36.9,17.66,38.39,46.23,,29.78,,,16.53
301577.SZ,美信科技,151.08,110.08,4.08,2.24,2.1,1.49,,0.0,20.35,5.0,-68.5,-7.13,,27.38,-15.43,98.2,143.88
301578.SZ,辰奕智能,91.13,72.11,4.32,3.36,3.55,2.67,0.81,0.0,19.03,5.29,-53.44,26.51,,31.32,2.72,42.91,51.34
301580.SZ,爱迪特,32.77,,2.49,7.32,9.82,6.76,,0.0,52.92,17.13,,14.09,2.69,11.5,,,6.67
301586.SZ,佳力奇,53.75,,4.5,5.81,7.51,6.09,,0.0,32.73,18.02,,24.2,,28.66,,,14.31
301587.SZ,中瑞股份,57.51,,2.07,3.24,3.12,2.58,,0.0,29.7,11.15,,-6.97,,18.09,,,36.87
301588.SZ,美新科技,48.41,,2.95,5.86,5.26,5.25,,0.0,32.93,6.44,,7.51,,42.39,,,18.41
301589.SZ,诺瓦星云,29.65,29.06,5.02,15.47,13.81,10.95,,0.0,55.35,19.43,9.48,10.6,0.54,30.04,2.74,3.76,4.29
301591.SZ,肯特股份,41.18,44.9,3.77,8.76,7.72,8.93,,0.0,38.98,18.22,-0.25,9.92,,7.66,4.53,10.25,10.67
301592.SZ,六九一二,698.18,106.25,26.33,3.17,2.87,2.54,,0.0,47.14,5.2,1009.66,82.61,,49.78,1.29,67.05,486.53
301596.SZ,瑞迪智驱,65.61,,7.99,11.41,12.24,9.37,,0.0,32.64,16.89,7.04,3.27,,25.59,,,10.72
301600.SZ,慧翰股份,31.74,,4.54,14.96,23.99,12.07,,0.0,29.59,18.35,45.05,32.93,,25.52,,,2.65
301607.SZ,富特科技,42.16,64.12,4.72,8.97,12.46,4.65,,0.0,26.41,6.98,-22.27,-15.25,,50.13,-4.2,14.3,6.77
301611.SZ,珂玛科技,104.02,,21.12,19.83,24.81,14.4,,0.0,59.42,36.65,,74.65,0.08,31.73,,,8.39
301613.SZ,新铝时代,33.12,,7.85,19.36,19.37,8.52,,0.0,24.84,11.7,,-0.51,0.01,64.72,,,3.42
301618.SZ,长联科技,96.28,94.76,7.81,7.06,9.16,6.83,,0.0,33.27,13.55,-7.09,7.64,,20.78,12.41,26.83,21.02
301626.SZ,苏州天脉,72.49,75.97,14.95,16.06,16.77,14.68,,0.0,40.53,20.32,26.3,1.73,,17.49,43.86,9.46,8.64
301628.SZ,强达电路,69.71,77.83,12.51,13.22,14.46,10.51,,0.0,31.27,13.62,16.11,10.3,,30.63,7.56,11.78,9.64
301633.SZ,港迪技术,95.63,67.78,16.86,13.85,14.15,8.51,,0.0,45.49,15.56,112.64,8.3,,46.7,8.17,9.79,13.52
430017.BJ,星昊医药,20.4,22.99,1.4,4.41,5.22,4.54,2.84,0.0,69.38,16.55,41.45,-9.91,,19.15,-2.32,10.43,7.82
430047.BJ,诺思兰德,-95.32,-93.56,12.87,-16.56,-10.35,-7.67,,0.0,55.71,-55.62,18.89,13.87,,18.97,扣非亏损,扣非亏损,亏损
430090.BJ,同辉信息,-47.0,-14.59,12.24,-17.83,-17.79,-10.74,,0.0,3.5,-15.9,13.2,26.33,,36.41,扣非亏损,扣非亏损,亏损
430139.BJ,华岭股份,-515.04,-443.68,9.48,-2.7,-1.37,-1.63,0.38,0.0,25.4,-7.97,-163.92,-17.68,,14.54,扣非亏损,扣非亏损,亏损
430198.BJ,微创光电,-34.99,-12.3,6.8,-13.64,-13.58,-8.62,,0.0,37.17,-97.12,-35.78,28.01,,36.52,扣非亏损,扣非亏损,亏损
430300.BJ,辰光医疗,-54.83,-42.2,4.25,-7.42,-5.65,-3.35,,0.0,41.27,-18.44,-75.03,-13.44,,45.12,扣非亏损,扣非亏损,亏损
430418.BJ,苏轴股份,22.47,24.01,4.49,15.59,15.69,14.75,1.71,0.0,38.54,21.51,35.88,17.45,,12.9,1.38,3.08,2.86
430425.BJ,乐创技术,59.61,64.98,4.64,5.21,5.7,5.17,1.36,0.0,62.03,23.79,-23.89,-2.58,,4.65,-25.21,24.94,20.92
430476.BJ,海能技术,-159.34,95.04,2.09,-3.03,-0.96,-1.55,1.33,0.0,63.39,-6.37,-226.23,-10.5,17.98,13.36,-9.05,扣非亏损,亏损
430478.BJ,峆一药业,25.05,30.35,2.65,7.41,8.0,7.58,1.54,0.0,38.39,18.21,28.87,18.2,,9.16,1.67,8.19,6.26
430489.BJ,佳先股份,163.58,486.18,8.5,3.38,3.83,2.29,2.56,0.0,12.55,4.14,-29.44,17.8,8.03,51.15,27.32,287.86,85.42
430510.BJ,丰光精密,145.14,107.31,10.61,5.08,5.17,4.69,0.43,0.0,36.79,12.0,143.69,29.44,,30.26,3.65,42.27,56.15
430556.BJ,雅达股份,56.51,56.57,2.72,2.98,3.49,3.06,4.62,0.0,33.56,8.09,-41.19,-4.77,,14.8,-11.87,37.92,32.39
430564.BJ,天润科技,-94.6,-308.75,6.25,-5.71,-4.81,-4.29,0.33,0.0,28.64,-23.15,5.83,-17.94,,20.08,扣非亏损,扣非亏损,亏损
430685.BJ,新芝生物,41.24,36.07,2.29,2.98,4.08,4.18,2.88,0.0,62.4,22.17,-36.5,-17.2,1.24,9.16,-2.1,24.24,20.22
430718.BJ,合肥高科,24.39,26.2,2.91,8.93,9.27,6.64,1.55,0.0,11.95,5.96,17.96,6.87,,34.08,3.81,5.87,5.26
600000.SH,浦发银行,6.29,6.92,0.46,4.69,5.25,,4.85,0.0,,27.49,34.77,-2.24,0.73,92.24,-3.09,2.95,2.4
600004.SH,白云机场,26.76,30.3,1.32,3.66,3.74,3.79,0.76,0.0,27.06,13.16,162.54,15.04,,32.11,2.01,16.57,14.31
600006.SH,东风股份,-90.15,-29.62,1.69,-3.64,-1.39,-0.85,0.52,0.0,3.03,-1.43,-182.39,-12.97,,49.99,扣非亏损,扣非亏损,亏损
600007.SH,中国国贸,16.95,18.24,2.45,10.53,10.74,10.99,4.13,0.0,60.51,34.54,1.2,0.02,,22.35,1125.78,3.46,3.16
600008.SH,首创环保,5.93,15.47,1.2,4.52,10.9,4.85,3.72,0.0,35.4,26.64,8.99,-1.88,0.91,63.72,-8.24,6.85,1.09
600010.SH,包钢股份,-145.07,-166.06,1.94,-1.1,-1.0,0.58,,0.0,7.88,-1.39,-222.56,-6.94,,60.3,扣非亏损,扣非亏损,亏损
600011.SH,华能国际,8.28,18.37,1.98,7.44,14.93,4.05,2.6,0.0,16.03,7.24,6.87,-3.62,5.88,64.34,-5.07,4.94,1.11
600012.SH,皖通高速,14.12,14.52,1.78,9.53,9.44,7.58,5.45,0.0,35.6,24.6,-11.13,16.1,,36.87,0.9,3.05,2.99
600015.SH,华夏银行,4.61,4.23,0.39,5.52,5.79,,6.83,12.77,,26.57,3.56,0.04,,91.82,115.54,0.77,0.8
600017.SH,日照港,11.73,20.76,0.72,4.62,4.68,3.34,2.36,0.0,25.36,11.69,-2.92,2.79,0.98,59.56,7.43,9.0,5.01
600018.SH,上港集团,8.94,11.49,1.08,8.31,9.32,7.29,3.51,13.83,37.6,43.82,-2.9,5.81,0.23,31.07,1.98,1.38,0.96
600020.SH,中原高速,8.58,13.34,0.83,5.34,6.5,3.5,4.05,0.0,39.67,17.49,-9.47,22.13,,70.46,0.6,5.0,2.64
600021.SH,上海电力,8.88,12.16,1.46,8.2,11.62,4.43,2.36,0.0,25.25,13.47,60.85,3.41,0.01,70.03,3.57,2.97,1.53
600022.SH,山东钢铁,-9.24,-11.33,0.91,-7.24,-7.11,-2.03,,0.0,1.64,-2.45,-182.64,-5.92,,56.64,扣非亏损,扣非亏损,亏损
600023.SH,浙能电力,8.83,11.45,1.09,9.16,9.58,6.53,5.42,0.0,12.47,12.02,12.86,-4.62,1.45,43.92,-2.48,2.5,1.84
600025.SH,华能水电,18.29,23.2,3.04,10.22,9.86,5.53,2.09,0.0,59.83,40.03,7.07,7.05,,61.94,3.29,4.54,3.71
600026.SH,中远海能,13.69,14.99,1.73,9.52,9.48,7.24,2.86,40.27,29.79,21.29,0.77,3.68,0.19,48.37,4.07,1.57,1.44
600029.SH,南方航空,43.57,-16.67,2.95,-1.53,5.29,2.96,,0.0,10.34,2.74,-283.44,12.7,,82.42,扣非亏损,扣非亏损,16.47
600030.SH,中信证券,23.08,25.92,1.98,6.03,6.3,,2.33,33.65,,37.82,3.42,0.73,2.89,83.14,35.46,4.3,3.66
600031.SH,三一重工,24.16,32.75,2.21,6.66,6.99,3.94,1.6,0.0,28.27,8.6,9.42,3.92,0.07,51.87,8.36,9.83,6.91
600033.SH,福建高速,9.34,10.72,0.84,6.91,6.95,7.86,3.87,0.0,60.51,43.65,0.0,-0.57,,18.01,-18.92,3.11,2.69
600035.SH,楚天高速,7.74,8.72,0.8,7.55,7.87,5.64,4.97,0.0,43.32,25.63,-21.0,18.49,,49.72,0.47,2.31,1.97
600036.SH,招商银行,6.48,6.73,0.98,10.14,11.54,,7.09,0.0,,45.13,-0.48,-2.91,0.86,90.05,-2.31,1.33,1.12
600037.SH,歌华有线,-653.17,-180.07,0.82,-0.18,-0.09,-0.77,0.35,0.0,9.47,-0.77,-144.43,-3.63,0.01,18.14,扣非亏损,扣非亏损,亏损
600038.SH,中直股份,75.39,77.3,2.23,2.48,2.79,1.1,0.52,0.0,8.6,2.02,23.7,-3.12,,69.08,-24.77,62.43,54.04
600048.SH,保利发展,12.85,20.33,0.68,3.75,3.9,1.39,4.14,0.0,15.92,6.7,-41.03,-5.08,0.02,74.89,-4.0,10.85,6.59
600051.SH,宁波联合,28.17,21.39,0.62,1.53,1.65,1.02,1.66,0.0,14.01,0.75,-5.16,-22.79,,30.85,-0.94,27.94,34.15
600052.SH,东望时代,33.36,67.75,1.38,0.31,3.11,2.12,1.0,0.0,29.33,38.82,-86.53,1.99,8.38,9.63,34.0,435.96,21.45
600053.SH,九鼎投资,796.17,-2381.58,2.57,0.05,0.24,0.59,,0.0,69.0,3.52,-90.83,-5.68,0.01,10.94,扣非亏损,扣非转亏,6577.21
600054.SH,黄山旅游,23.31,34.56,1.91,5.97,6.25,7.91,1.92,0.0,53.41,22.15,-33.12,-1.58,1.14,15.22,-21.85,11.57,7.46
600055.SH,万东医疗,72.53,78.82,5.72,2.35,2.45,1.75,0.76,0.0,38.33,10.67,5.87,18.07,,9.08,4.36,67.03,59.21
600057.SH,厦门象屿,11.44,22.89,1.04,1.29,4.21,2.51,4.47,0.0,2.02,0.49,42.6,-19.24,0.04,71.63,-1.19,35.49,5.43
600058.SH,五矿发展,46.59,-33.4,1.7,-2.55,1.03,1.68,,0.0,2.79,0.29,-273.59,-14.38,,72.3,扣非亏损,扣非亏损,90.46
600059.SH,古越龙山,47.11,43.49,1.45,2.26,2.31,2.26,1.51,0.0,36.75,10.49,2.35,11.3,0.37,9.2,3.85,38.46,40.79
600060.SH,海信视像,16.28,20.89,1.52,5.24,6.96,4.18,3.85,0.0,15.31,3.84,-27.31,3.63,3.66,42.12,5.75,7.97,4.68
600061.SH,国投资本,19.31,27.07,1.05,3.84,4.02,1.21,1.64,0.0,0.16,190.41,-13.57,-20.09,7.64,79.08,-1.35,14.1,9.61
600063.SH,皖维高新,32.88,76.69,1.05,2.2,2.41,1.59,1.16,0.0,13.15,3.13,-43.62,-11.21,0.07,45.94,-6.84,69.75,27.28
600064.SH,南京高科,5.85,8.4,0.75,9.56,10.05,5.37,4.64,0.0,21.27,122.38,3.68,-64.2,0.04,48.25,-0.13,1.76,1.16
600066.SH,宇通客车,15.88,19.06,3.97,15.4,17.83,8.68,11.32,0.0,21.33,10.21,164.12,27.04,0.0,56.75,0.7,2.48,1.78
600067.SH,冠城大通,-44.77,-10.87,0.67,-1.41,-1.11,1.02,,0.0,11.73,-0.51,26.19,8.07,0.02,60.65,扣非亏损,扣非亏损,亏损
600070.SH,*ST富润,-4.49,-2.06,1.86,-27.68,-26.82,-15.95,,0.0,10.28,-154.48,27.4,41.81,,47.56,扣非亏损,扣非亏损,亏损
600071.SH,凤凰光学,-273.89,-71.29,17.46,-11.78,-4.67,-0.23,,0.0,14.88,-1.87,14.78,-7.55,0.85,70.96,扣非亏损,扣非亏损,亏损
600072.SH,中船科技,-232.42,-28.4,2.04,-4.43,-0.65,0.49,0.18,0.0,17.26,0.09,-564.25,-37.01,,76.7,扣非亏损,扣非亏损,亏损
600073.SH,光明肉业,13.43,33.11,1.32,5.78,7.54,3.29,1.07,0.0,10.69,2.1,22.13,-0.38,1.5,47.14,-86.61,11.46,3.56
600075.SH,新疆天业,586.32,-59.21,0.88,-0.25,0.11,1.15,,0.0,13.08,0.13,95.96,-9.6,,54.8,扣非亏损,扣非亏损,10660.32
600076.SH,康欣新材,-18.88,-10.71,0.75,-2.98,-2.93,-0.94,,0.0,-2.93,-25.48,4.53,395.78,3.05,37.42,扣非亏损,扣非亏损,亏损
600078.SH,澄星股份,-50.29,-48.48,2.61,-5.56,-3.73,0.71,0.37,0.0,7.2,-0.8,3.59,0.18,0.04,57.87,扣非亏损,扣非亏损,亏损
600080.SH,金花股份,62.14,7135.81,1.68,1.1,1.95,1.56,,0.0,77.98,7.34,-13.23,4.0,,18.29,1782.39,12975.37,63.73
600081.SH,东风科技,74.02,77.39,1.33,0.33,1.33,1.68,0.65,0.0,11.94,3.08,-69.71,-4.74,0.03,43.94,-16.32,464.78,111.28
600082.SH,海泰发展,-29.72,-1684.74,1.12,-2.78,-2.78,-0.13,0.17,0.0,35.09,-147.53,-34.48,-91.28,,41.15,扣非亏损,扣非亏损,亏损
600083.SH,*ST博信,-15.67,-2.81,-14.9,,,-1.46,,0.0,-0.35,-52.18,-104.87,-71.89,,89.99,扣非亏损,,
600084.SH,中信尼雅,13227.39,-228.01,5.62,-0.43,0.03,0.04,,0.0,58.43,0.44,-174.9,-36.92,,10.95,扣非亏损,扣非亏损,829303.51
600088.SH,中视传媒,48.45,574.32,5.21,0.24,8.52,6.33,0.17,0.0,16.9,26.22,-82.29,-6.38,,21.68,-89.95,4772.12,11.37
600089.SH,特变电工,12.74,13.71,1.13,6.08,6.8,3.18,1.45,0.0,18.94,6.22,-55.96,-1.79,0.14,56.8,-7.68,4.51,3.75
600094.SH,大名城,31.99,-51.9,0.78,1.81,1.84,1.89,,0.0,15.64,6.11,-65.06,-62.74,,40.05,扣非亏损,扣非转亏,34.77
600095.SH,湘财股份,120.62,235.95,1.98,1.12,1.22,0.81,0.47,0.0,1.22,34.68,7.59,-16.52,9.88,70.76,-14.29,421.04,197.1
600096.SH,云天化,7.28,8.14,2.0,21.61,21.9,12.38,6.41,0.0,16.99,10.92,21.42,-12.34,0.36,52.51,-0.66,0.75,0.66
600097.SH,开创国际,105.8,17.4,1.05,0.55,0.74,1.33,1.78,0.0,27.37,1.35,152.4,42.56,4.67,30.71,0.41,63.55,285.94
600098.SH,广州发展,10.84,13.97,0.86,5.98,6.09,3.59,4.66,0.0,10.33,4.78,5.08,9.63,5.13,62.39,1.45,4.67,3.56
600099.SH,林海股份,132.49,208.28,4.18,1.99,2.38,0.33,0.22,0.0,13.24,1.61,7.85,44.36,,50.13,4.7,209.38,111.34
600100.SH,同方股份,282.03,-37.45,1.86,-3.89,0.51,1.21,,0.0,27.68,0.23,33.1,-48.36,0.45,60.39,扣非亏损,扣非亏损,1106.01
600101.SH,明星电力,18.32,29.22,1.82,7.46,7.65,6.29,1.19,0.0,14.73,10.48,19.53,6.09,0.15,28.63,4.8,7.84,4.79
600103.SH,青山纸业,46.76,73.39,1.38,1.46,2.22,2.06,0.7,0.0,18.89,4.84,0.47,5.21,0.2,28.97,14.07,100.81,42.13
600104.SH,上汽集团,16.88,95.79,0.53,0.36,2.37,1.3,2.74,0.0,8.91,2.01,-88.92,-17.74,0.35,63.33,-5.4,528.48,14.24
600105.SH,永鼎股份,96.64,-1279.62,2.64,1.59,1.98,2.33,0.65,0.0,17.96,3.49,-21.85,0.92,4.61,61.85,扣非亏损,扣非转亏,97.61
600106.SH,重庆路桥,53.98,59.69,1.86,2.88,2.6,2.29,0.72,0.0,91.79,148.92,-14.71,-2.52,,28.68,-23.72,41.52,41.52
600107.SH,美尔雅,-33.75,-17.96,4.27,-10.46,-9.06,-4.93,,0.0,31.82,-19.03,-77.44,-20.06,,36.23,扣非亏损,扣非亏损,亏损
600108.SH,亚盛集团,119.87,154.02,1.37,0.4,0.87,1.59,0.2,0.0,18.26,1.69,-41.74,-0.51,,54.11,-300.06,768.17,275.56
600109.SH,国金证券,30.6,27.71,1.11,2.59,2.72,,1.54,0.0,,21.03,-28.35,-14.66,0.04,69.84,-1.89,21.41,22.5
600110.SH,诺德股份,-29.56,-26.69,1.48,-4.45,-3.65,-0.23,1.77,0.0,6.73,-6.14,-238.33,7.14,0.13,52.97,扣非亏损,扣非亏损,亏损
600111.SH,北方稀土,172.78,74.78,4.27,1.22,1.86,2.8,0.36,0.0,9.04,3.81,-80.08,-13.5,0.12,34.73,-5.54,122.22,185.79
600113.SH,浙江东日,37.76,33.58,2.23,4.38,4.47,3.47,2.19,0.0,40.15,17.26,8.53,2.9,0.32,29.41,11.58,15.32,16.9
600114.SH,东睦股份,30.66,32.55,4.21,10.07,10.52,5.6,1.29,0.0,23.68,8.55,307.98,29.8,18.57,57.95,1.09,6.46,5.83
600115.SH,中国东航,-487.02,-14.27,4.53,-1.33,-0.68,1.45,,0.0,6.32,-0.18,83.13,19.78,22.12,85.22,扣非亏损,扣非亏损,亏损
600116.SH,三峡水利,27.73,36.57,1.26,3.09,3.4,2.68,1.99,0.0,11.17,4.56,35.57,-3.45,26.61,52.72,-10.61,23.64,16.31
600117.SH,西宁特钢,-17.34,-7.07,1.85,-9.48,-7.79,-3.53,,0.0,-6.88,-14.38,34.8,24.61,2.15,45.19,扣非亏损,扣非亏损,亏损
600118.SH,中国卫星,-1897.6,-907.21,5.93,-0.38,-0.23,-0.32,0.15,0.0,18.67,-0.45,-114.85,-54.41,,40.05,扣非亏损,扣非亏损,亏损
600119.SH,长江投资,-82.25,-63.47,17.21,-13.95,-14.55,-5.08,,0.0,5.55,-9.68,-238.83,-33.95,0.5,49.93,扣非亏损,扣非亏损,亏损
600120.SH,浙江东方,31.17,37.02,1.12,2.65,2.67,1.48,1.62,0.0,3.87,6.05,1.53,-29.46,2.66,60.73,-1.26,27.93,23.35
600121.SH,郑州煤电,342.74,48.27,3.6,-0.11,0.8,2.31,,0.0,26.47,2.57,98.22,2.04,,79.2,23.67,转盈,856.84
600123.SH,兰花科创,14.07,12.53,0.82,4.33,4.16,3.29,6.79,0.0,29.49,6.55,-59.95,-12.34,,48.79,-1.02,5.79,6.77
600125.SH,铁龙物流,15.59,21.22,1.13,5.37,5.49,5.84,1.82,0.0,8.16,3.9,-12.94,-4.98,,26.09,-4.26,7.91,5.68
600126.SH,杭钢股份,-23.64,-24.87,0.72,-2.88,-2.24,-1.81,0.94,0.0,0.13,-0.93,-2723.09,22.27,,38.39,扣非亏损,扣非亏损,亏损
600127.SH,金健米业,5397.72,1824.39,6.73,-0.41,0.09,0.71,,0.0,4.83,0.04,-118.94,-18.27,,61.44,-99.87,转盈,119949.25
600128.SH,苏豪弘业,41.08,185.04,0.94,0.41,1.72,1.26,1.02,0.0,4.95,1.13,16.25,26.12,,52.67,7.08,905.95,47.82
600129.SH,太极集团,21.46,27.85,3.9,13.13,14.2,5.28,0.65,0.0,42.3,5.29,-30.0,-14.36,,71.21,-1.94,4.24,3.02
600130.SH,波导股份,908.97,-638.99,5.18,-0.73,0.42,0.1,,0.0,13.36,3.09,-234.33,-32.49,,9.9,扣非亏损,扣非亏损,4328.41
600131.SH,国网信通,71.97,36.84,4.48,4.61,4.66,2.18,1.37,0.0,21.16,7.95,-3.22,-4.89,,48.82,-7.54,15.98,30.89
600132.SH,重庆啤酒,17.78,24.43,14.78,61.06,60.18,25.77,4.21,0.0,49.2,20.41,-1.61,0.26,16.03,66.84,92.75,0.8,0.59
600133.SH,东湖高新,47.57,39.08,1.63,2.06,2.4,1.56,1.39,0.0,30.82,16.94,-23.21,-88.49,4.03,48.88,-0.44,37.95,39.64
600135.SH,乐凯胶片,-49.56,-24.71,1.55,-2.95,-2.33,-2.09,,0.0,13.32,-5.14,-394.21,-34.03,,15.59,扣非亏损,扣非亏损,亏损
600136.SH,ST明诚,-99.86,0.99,11.0,-6.03,-7.93,-6.15,,0.0,3.31,-28.06,99.5,-58.9,18.11,52.35,-0.02,扣非亏损,亏损
600137.SH,浪莎股份,71.2,65.66,2.77,2.8,2.92,1.99,0.99,0.0,18.63,6.57,45.82,2.8,,19.55,23.47,46.86,48.77
600138.SH,中青旅,37.67,86.04,1.22,2.44,2.44,2.99,0.8,0.0,23.88,3.42,-21.1,4.65,0.17,50.44,18.5,70.56,30.88
600141.SH,兴发集团,15.53,15.97,1.29,6.05,6.21,4.36,3.29,0.0,17.96,6.02,44.35,0.04,4.52,52.07,395.37,5.28,5.0
600143.SH,金发科技,25.82,48.1,1.35,3.76,4.04,2.58,1.25,0.0,12.22,0.79,84.29,18.0,1.34,68.9,2.67,25.56,12.78
600148.SH,长春一东,-580.71,473.39,6.01,-0.97,-0.77,0.49,0.18,0.0,14.91,0.63,69.08,-1.53,,51.19,-309.04,扣非亏损,亏损
600149.SH,廊坊发展,20.22,-297.99,8.68,-1.8,38.38,14.38,,0.0,38.98,26.11,74.44,171.89,13.72,51.49,扣非亏损,扣非亏损,1.05
600150.SH,中国船舶,55.41,79.55,3.39,4.03,4.63,0.75,0.68,0.0,9.41,4.2,560.73,13.12,0.27,69.88,6.06,39.49,23.94
600151.SH,航天机电,-244.45,-22.45,2.66,-2.7,-0.81,0.27,,0.0,9.03,-1.47,-28.09,-45.99,,38.75,扣非亏损,扣非亏损,亏损
600152.SH,维科技术,5130.57,-36.03,2.0,-2.75,0.03,-0.09,,0.0,13.33,-0.16,52.86,-6.42,,41.81,扣非亏损,扣非亏损,342038.02
600153.SH,建发股份,10.54,18.63,0.52,1.89,2.95,0.85,7.27,0.0,4.37,0.53,-39.3,-16.13,0.49,73.96,-1.15,19.69,7.14
600155.SH,华创云信,129.75,66.76,0.94,0.7,0.54,,,0.0,,1.08,-57.26,4.89,19.47,63.32,13.66,191.77,480.57
600156.SH,华升股份,-66.7,-38.69,4.39,-7.31,-4.82,-2.24,,0.0,6.39,-5.32,8.92,1.45,,52.06,扣非亏损,扣非亏损,亏损
600157.SH,永泰能源,19.92,18.18,0.82,2.99,3.12,3.76,0.41,0.0,25.93,8.1,-13.67,1.8,8.8,51.22,10.08,12.18,12.77
600158.SH,中体产业,262.53,58.83,3.12,0.92,0.89,1.96,0.3,0.0,28.06,6.06,164.07,56.57,0.99,39.63,1.04,127.55,589.96
600159.SH,大龙地产,-120.27,-7.01,1.29,-0.82,-0.8,-0.27,,0.0,10.16,-2.74,-652.11,3.94,,42.57,扣非亏损,扣非亏损,亏损
600160.SH,巨化股份,35.57,45.25,3.49,7.15,7.57,6.35,0.67,0.0,16.95,7.76,71.89,11.83,2.79,33.87,3.83,12.66,9.4
600161.SH,天坛生物,31.77,35.12,4.19,10.2,10.27,11.39,0.48,0.0,55.33,35.04,18.68,1.28,1.26,10.96,27.5,6.89,6.19
600162.SH,香江控股,78.68,-55.36,1.21,0.47,1.12,1.31,9.2,0.0,24.46,-1.62,-40.55,29.77,,66.73,扣非亏损,扣非转亏,140.5
600165.SH,*ST宁科,-2.3,-2.14,-4.21,,,-14.97,,0.0,-0.35,-270.38,-115.27,9.44,,107.01,扣非亏损,,
600166.SH,福田汽车,38.47,100.91,1.52,1.53,3.0,0.93,,0.0,12.59,1.13,-51.17,-16.72,0.1,72.42,-6.03,131.84,25.65
600167.SH,联美控股,20.56,19.42,1.28,4.59,4.58,3.08,3.53,0.0,31.9,22.83,-19.73,5.19,0.61,29.32,3.74,8.45,8.98
600168.SH,武汉控股,54.54,-37.89,1.0,0.87,1.38,1.95,0.92,0.0,21.53,2.53,163.63,21.89,,76.65,扣非亏损,扣非转亏,79.04
600169.SH,太原重工,95.3,424.64,1.72,0.02,1.26,1.72,,0.0,19.0,2.13,102.32,-3.76,,81.03,-112.81,50551.8,151.26
600170.SH,上海建工,13.46,21.93,0.79,1.82,3.04,1.02,2.56,0.0,8.19,0.69,0.21,-4.05,0.86,85.78,-5.42,24.05,8.86
600171.SH,上海贝岭,99.07,131.34,7.41,4.53,5.74,4.73,0.7,0.0,28.58,12.76,58.95,30.72,17.2,13.82,4.28,58.02,34.52
600172.SH,黄河旋风,-8.8,-5.73,2.41,-19.45,-18.65,-2.63,,0.0,10.31,-45.29,-18.87,-24.13,,75.22,扣非亏损,扣非亏损,亏损
600173.SH,卧龙地产,21.63,81.09,0.82,3.02,2.84,2.71,1.2,0.0,15.03,4.55,-52.03,-44.01,,36.41,-1.84,53.73,15.23
600176.SH,中国巨石,22.79,32.59,1.61,4.01,5.3,3.95,2.8,0.0,23.74,13.64,-28.81,1.81,1.55,42.03,18.01,16.25,8.6
600177.SH,雅戈尔,10.66,11.51,0.88,6.13,6.24,3.93,7.63,24.79,42.85,29.97,-3.37,12.63,0.09,45.04,0.91,1.88,1.71
600178.SH,东安动力,-3204.96,-41.39,2.68,-3.15,-0.05,-0.16,0.02,-18.03,6.22,0.15,-1092.08,-22.24,1.62,53.64,扣非亏损,扣非亏损,亏损
600179.SH,安通控股,61.02,92.53,1.27,0.35,1.57,2.07,,0.0,6.23,3.02,-83.84,-1.33,,23.19,-69.76,534.38,77.73
600182.SH,S佳通,23.55,23.58,3.83,12.43,12.46,9.34,1.82,0.0,19.41,8.3,20.44,11.69,,48.78,2.02,3.79,3.78
600183.SH,生益科技,29.37,34.4,3.74,9.27,9.64,6.54,2.46,0.0,22.02,9.84,55.8,19.42,,39.6,1.77,7.42,6.09
600184.SH,光电股份,3950.03,-814.06,2.3,-0.39,0.04,-0.09,0.5,0.0,15.67,0.11,-123.99,-30.53,,41.96,扣非亏损,扣非亏损,197501.41
600185.SH,格力地产,-11.51,-11.14,3.05,-17.5,-15.68,-1.86,,0.0,13.46,-37.82,-165.86,-10.21,,80.65,扣非亏损,扣非亏损,亏损
600186.SH,莲花控股,37.95,44.0,4.88,10.17,10.19,8.23,,0.0,23.48,8.65,77.0,19.84,,53.85,2.22,8.65,7.45
600187.SH,国中水务,628.17,-237.45,2.38,0.07,0.28,0.52,,0.0,30.34,5.02,-95.29,-26.39,,10.78,扣非亏损,扣非转亏,4486.95
600189.SH,泉阳泉,218.13,-11.31,5.13,-1.06,1.78,1.96,,0.0,33.71,5.14,-143.65,-4.96,,68.31,扣非亏损,扣非亏损,245.09
600190.SH,ST锦港,-1.26,-1.63,0.78,-38.37,-37.56,-11.26,0.69,0.0,33.91,-159.37,-43591.81,-39.57,,67.87,扣非亏损,扣非亏损,亏损
600191.SH,华资实业,53.12,-857.42,1.87,0.39,2.73,2.81,,0.0,7.64,10.5,-74.1,-3.1,,13.53,扣非亏损,扣非转亏,38.92
600192.SH,长城电工,-20.64,-14.76,2.54,-10.28,-8.78,-1.57,,0.0,15.41,-9.94,-96.51,-24.45,,72.4,扣非亏损,扣非亏损,亏损
600193.SH,创兴资源,-67.56,-51.22,6.38,-7.16,-6.84,-2.27,,0.0,43.3,-42.9,-213.82,-53.79,,62.17,扣非亏损,扣非亏损,亏损
600195.SH,中牧股份,67.5,177.66,1.34,1.42,1.25,1.43,1.0,0.0,17.23,1.9,-75.24,0.47,0.65,27.77,380.36,250.34,108.0
600196.SH,复星医药,27.36,30.91,1.55,3.95,4.32,3.43,1.08,0.0,48.6,8.15,24.58,0.69,18.25,48.64,44.81,15.65,12.67
600197.SH,伊力特,27.45,25.47,2.3,6.18,6.29,6.7,1.79,0.0,52.35,14.76,5.99,0.64,,22.24,39.65,8.24,8.73
600198.SH,大唐电信,-134.64,-95.78,73.91,-47.8,-8.54,-1.26,,0.0,48.7,-12.83,9.01,-19.81,0.27,78.15,扣非亏损,扣非亏损,亏损
600199.SH,金种子酒,-74.7,-82.42,4.1,-4.51,-4.03,-2.82,,0.0,38.67,-12.25,-128.92,-24.9,,26.52,扣非亏损,扣非亏损,亏损
600200.SH,江苏吴中,123.11,-128.12,4.12,1.51,2.55,2.49,,0.0,34.54,2.86,284.33,9.58,6.59,54.98,扣非亏损,扣非转亏,96.56
600201.SH,生物股份,34.84,58.12,1.45,2.72,3.15,2.26,0.74,0.0,56.2,17.54,-44.8,-20.36,0.21,19.61,-2.85,42.8,22.12
600203.SH,福日电子,-45.15,-23.36,4.23,-9.3,-6.79,-0.44,,0.0,5.76,-1.68,-25.03,2.06,22.62,74.64,扣非亏损,扣非亏损,亏损
600206.SH,有研新材,81.01,80.62,3.19,2.49,3.02,1.85,1.11,0.0,6.11,0.79,-20.18,-18.76,,34.13,-4.3,64.65,53.65
600207.SH,安彩高科,-46.16,-28.24,1.84,-3.66,-2.93,-0.35,,0.0,6.44,-3.08,-607.22,-14.48,0.41,54.22,扣非亏损,扣非亏损,亏损
600208.SH,衢州发展,10.4,15.19,0.62,6.31,4.59,5.17,,0.0,41.48,22.14,60.68,279.28,,55.72,0.05,4.82,4.53
600210.SH,紫江企业,18.31,19.89,2.19,8.91,9.02,5.04,5.32,0.0,22.0,7.71,19.01,-1.99,1.32,56.38,-9.99,4.46,4.06
600212.SH,绿能慧充,-1572.18,-614.27,12.82,-1.06,-0.58,-0.61,,0.0,29.4,-0.68,-154.34,19.6,11.42,58.18,扣非亏损,扣非亏损,亏损
600215.SH,派斯林,31.32,42.07,1.79,4.2,4.28,2.77,1.17,0.0,16.4,5.97,-41.08,-2.62,33.78,44.1,-16.05,20.06,14.63
600216.SH,浙江医药,15.43,23.61,1.69,8.47,8.47,7.08,1.4,0.0,40.05,10.66,226.89,21.04,0.18,21.0,1.12,5.57,3.64
600218.SH,全柴动力,43.19,67.22,1.12,1.19,1.96,1.14,0.73,0.0,10.05,1.98,8.16,-20.75,,44.6,-3.24,113.2,44.07
600221.SH,海航控股,33.26,70.28,22.12,56.13,62.45,3.36,,0.0,10.62,4.18,1915.03,10.68,21.57,97.28,6.58,2.5,1.07
600222.SH,太龙药业,81.63,40.34,2.0,1.24,1.84,1.88,,0.0,26.49,2.23,181.61,-7.08,17.69,56.51,-5.69,65.18,88.72
600225.SH,*ST卓朗,-24.0,-16.85,4.55,-12.9,-12.88,-2.34,,0.0,3.75,-33.53,-543.88,46.75,22.69,72.07,扣非亏损,扣非亏损,亏损
600226.SH,亨通股份,30.98,48.65,2.27,4.57,5.56,4.6,,0.0,16.65,18.02,1.05,106.7,,21.93,0.46,21.31,11.14
600227.SH,赤天化,-89.28,-32.96,1.57,-1.96,-1.3,0.24,,0.0,11.31,-2.03,78.28,2.08,,47.01,扣非亏损,扣非亏损,亏损
600228.SH,返利科技,-606.58,73.0,5.22,-0.49,-0.24,-0.62,,0.0,48.28,-1.7,47.63,-0.07,,19.77,-1015.29,扣非亏损,亏损
600229.SH,城市传媒,28.09,54.03,1.53,3.24,4.05,4.42,3.58,0.0,27.95,6.79,-56.71,-1.08,,26.73,-50.1,33.35,13.87
600230.SH,沧州大化,165.06,2284.55,1.17,0.55,0.53,0.54,1.02,0.0,7.17,0.74,-89.44,1.02,,27.51,2244.82,8280.37,617.4
600231.SH,凌钢股份,-3.23,-3.68,0.99,-16.99,-20.23,-11.1,,0.0,-6.49,-9.82,-445.57,-10.55,,60.73,扣非亏损,扣非亏损,亏损
600232.SH,金鹰股份,28.46,37.9,1.95,4.72,5.14,5.11,2.48,0.0,19.72,5.87,82.6,12.39,,43.18,3.06,16.05,11.09
600233.SH,圆通速递,15.18,15.26,1.94,9.5,9.8,7.89,2.85,0.0,9.63,5.9,11.02,21.13,1.1,31.58,0.72,3.21,3.1
600234.SH,*ST科新,68.46,-7.92,2.38,0.55,2.64,1.71,,0.0,17.83,7.74,110.59,113.85,0.36,36.7,扣非亏损,扣非转亏,51.86
600237.SH,铜峰电子,59.66,56.99,2.76,3.2,3.56,3.33,,0.0,24.05,6.77,8.67,20.45,,22.8,2.79,35.58,33.48
600238.SH,海南椰岛,-305.91,-41.28,17.58,-7.83,-4.22,0.03,,0.0,38.5,-5.58,73.1,0.15,,72.29,扣非亏损,扣非亏损,亏损
600239.SH,云南城投,243.28,-41.89,4.21,-4.08,1.31,1.42,,0.0,33.54,0.1,-112.7,12.65,,80.57,扣非亏损,扣非亏损,371.42
600241.SH,时代万恒,86.74,64.64,1.86,1.6,1.63,1.14,,0.0,30.93,6.41,-57.52,-41.97,,11.53,-1.54,80.55,106.43
600243.SH,青海华鼎,-87.8,-12.2,2.9,-2.78,-2.45,-1.93,,0.0,9.32,-9.9,39.39,-31.74,,24.79,扣非亏损,扣非亏损,亏损
600246.SH,万通发展,-165.84,-78.71,4.65,-2.37,-2.08,-0.86,,0.0,30.78,-38.08,2.71,-8.18,0.37,30.27,扣非亏损,扣非亏损,亏损
600249.SH,两面针,25.04,152.14,1.28,1.3,3.89,2.76,0.51,0.0,16.53,10.71,17.61,17.26,0.16,19.84,8.81,233.27,12.87
600250.SH,南京商旅,63.64,199.62,5.53,3.71,6.69,7.25,,0.0,28.4,12.91,-39.97,-0.55,7.95,54.2,-364.86,107.66,19.02
600251.SH,冠农股份,13.66,14.58,1.63,9.08,8.74,5.89,5.29,0.0,9.66,12.95,-45.73,-16.62,0.6,36.89,-0.88,3.21,3.13
600252.SH,中恒集团,675.99,-121.03,1.55,-0.17,0.17,-0.28,0.4,0.0,40.5,-0.48,-111.93,-11.03,3.25,28.17,扣非亏损,扣非亏损,7952.83
600255.SH,鑫科材料,84.06,-12800.1,3.17,2.19,2.87,2.11,,0.0,8.06,1.87,168.01,27.13,,55.87,扣非亏损,扣非转亏,58.58
600256.SH,广汇能源,19.35,19.02,1.96,7.24,6.36,5.67,9.8,0.0,17.95,7.25,-58.5,-46.76,2.74,53.14,-0.41,5.25,6.09
600257.SH,大湖股份,-96.54,-74.89,3.23,-2.4,-2.48,1.93,,0.0,22.74,-0.98,-361.97,-12.37,15.35,47.89,扣非亏损,扣非亏损,亏损
600258.SH,首旅酒店,17.68,22.57,1.47,5.81,6.34,4.97,1.41,0.0,39.59,12.42,5.77,-0.37,39.99,53.94,-60.92,7.77,5.58
600259.SH,广晟有色,-30.04,-42.48,3.26,-8.08,-8.44,-3.55,,0.0,0.66,-3.39,-349.73,-43.85,,56.36,扣非亏损,扣非亏损,亏损
600261.SH,阳光照明,21.37,24.5,1.25,3.75,4.28,3.45,3.98,0.0,34.58,6.33,-5.11,6.4,2.55,32.04,3.83,13.06,9.98
600262.SH,北方股份,23.58,23.87,2.19,6.4,7.09,4.17,1.3,0.0,20.85,6.72,19.16,8.4,0.0,60.62,2.84,7.46,6.65
600265.SH,景谷林业,-146.41,-91.45,14.85,-10.44,-1.22,-0.11,,0.0,5.24,-3.9,-1877.14,-19.34,27.07,65.06,扣非亏损,扣非亏损,亏损
600266.SH,城建发展,18.47,-128.54,0.66,-0.82,1.94,0.78,2.07,0.0,16.18,3.34,-145.16,-26.72,,79.9,扣非亏损,扣非亏损,19.04
600267.SH,海正药业,15.24,-145.3,1.27,4.23,6.4,4.17,,0.0,41.18,6.48,8.8,-9.5,,47.74,扣非亏损,扣非转亏,4.76
600268.SH,国电南自,53.05,29.41,2.39,3.13,3.35,3.46,1.29,0.0,23.99,5.16,114.11,8.34,,60.81,3.53,18.77,31.67
600269.SH,赣粤高速,7.98,11.57,0.66,5.1,6.35,5.43,3.89,0.0,41.66,27.03,3.41,-12.69,0.02,43.59,-0.91,4.54,2.51
600271.SH,航天信息,-777.11,-57.74,1.4,-1.87,-0.13,-0.16,0.31,0.0,25.28,-1.06,-353.41,-42.46,4.3,19.31,扣非亏损,扣非亏损,亏损
600272.SH,开开实业,67.83,2676.71,5.06,0.21,5.68,5.02,0.43,0.0,18.05,5.98,-86.89,21.1,,54.62,126.84,26025.37,23.89
600276.SH,恒瑞医药,51.26,58.5,7.21,10.96,10.88,10.07,0.44,0.0,85.97,22.87,37.38,18.67,,8.29,3.13,10.67,9.42
600278.SH,东方创业,26.1,46.81,0.86,2.37,2.52,1.72,1.33,0.0,4.9,0.94,-5.03,-10.58,0.0,55.41,-4.42,39.45,20.72
600279.SH,重庆港,59.89,572.04,0.96,0.33,1.16,1.9,1.01,0.0,11.34,3.8,-31.27,-15.64,0.08,37.8,-36.58,3457.5,103.26
600280.SH,中央商场,-143.04,-31.99,6.01,-2.59,-3.1,2.02,,0.0,51.49,-1.58,-451.56,-0.28,5.99,92.63,扣非亏损,扣非亏损,亏损
600281.SH,华阳新材,-17.47,-12.5,12.83,-43.31,-43.43,-5.99,,0.0,-3.25,-35.3,29.66,0.62,,84.36,扣非亏损,扣非亏损,亏损
600283.SH,钱江水利,21.62,32.16,1.95,5.65,6.86,4.25,1.59,0.0,41.12,15.2,19.71,5.87,,65.73,5.48,11.38,6.3
600284.SH,浦东建设,10.11,14.77,0.8,4.96,6.03,1.71,3.41,0.0,8.14,3.33,-6.34,4.16,,74.82,3.55,5.95,3.35
600285.SH,羚锐制药,16.95,20.46,4.48,19.05,20.44,13.5,4.68,0.0,75.0,20.8,22.54,10.07,,40.61,2.03,2.15,1.66
600287.SH,ST舜天,22.96,38.52,0.84,1.69,2.92,3.78,,0.0,14.17,4.16,-41.61,-10.44,,33.14,-3.69,45.45,15.72
600288.SH,大恒科技,-458.67,-457.01,2.11,0.42,-0.34,-0.14,0.11,0.0,36.18,-0.63,23.67,-26.36,1.29,27.79,扣非亏损,扣非转亏,亏损
600289.SH,*ST信通,29.46,-13.41,1.56,-4.19,4.9,1.78,,0.0,56.85,14.89,80.66,37.46,,47.91,扣非亏损,扣非亏损,12.03
600292.SH,远达环保,92.38,309.74,2.09,1.68,1.71,1.93,0.46,0.0,14.05,3.56,60.49,6.69,0.0,39.9,46.33,369.37,108.05
600293.SH,三峡新材,196.06,221.93,2.12,-0.38,0.8,0.84,,0.0,8.35,1.2,-135.16,-18.45,3.06,46.99,-12.03,转盈,490.15
600295.SH,鄂尔多斯,11.9,13.06,1.31,8.04,7.75,4.62,8.25,0.0,20.03,10.02,-31.82,-8.45,0.22,50.25,-1.55,3.25,3.07
600298.SH,安琪酵母,25.55,28.63,3.11,8.18,9.32,6.02,1.42,0.0,23.28,8.89,3.69,13.04,0.33,47.72,2.2,6.99,5.48
600299.SH,安迪苏,23.22,26.41,1.96,7.14,6.61,6.31,0.75,0.0,30.58,8.82,1918.7,18.32,13.42,28.81,1.44,7.39,7.02
600300.SH,维维股份,15.63,25.32,1.55,5.23,7.52,7.52,2.09,0.0,23.48,9.13,25.63,-19.09,,25.14,-1.33,9.69,4.16
600301.SH,华锡有色,17.99,20.63,3.34,14.13,12.9,14.72,,0.0,41.2,25.03,117.8,56.21,11.42,36.22,0.37,2.92,2.79
600302.SH,标准股份,-28.62,-10.03,2.42,-7.19,-6.2,-4.08,,0.0,16.53,-15.71,30.03,-13.61,,37.28,扣非亏损,扣非亏损,亏损
600303.SH,ST曙光,-6.71,-4.49,1.37,-14.29,-14.25,-5.77,,0.0,1.17,-24.06,12.42,-1.83,,55.8,扣非亏损,扣非亏损,亏损
600305.SH,恒顺醋业,57.81,183.15,2.79,3.19,3.64,3.23,0.76,0.0,36.22,7.59,-19.72,-6.51,,19.07,-28.11,114.85,31.76
600307.SH,酒钢宏兴,-4.54,-4.4,1.43,-21.5,-21.17,-3.22,,0.0,4.98,-7.56,-381.86,-14.47,,82.76,扣非亏损,扣非亏损,亏损
600308.SH,华泰股份,25.6,-85.52,0.62,1.72,1.81,1.73,1.38,0.0,8.4,1.77,-10.64,-5.46,,39.88,扣非亏损,扣非转亏,28.28
600310.SH,广西能源,13.23,46.75,2.34,5.84,14.1,4.87,0.8,0.0,28.4,18.91,284.4,-80.27,5.62,75.53,-0.58,16.0,1.88
600313.SH,农发种业,112.0,313.6,4.31,0.35,2.93,2.21,,0.0,8.14,2.73,-89.97,-30.56,4.63,43.95,-10.26,1811.12,76.45
600316.SH,洪都航空,1475.14,1708.26,5.27,0.22,0.27,0.05,0.07,0.0,3.05,0.47,120.61,58.47,,64.97,29.21,15231.89,10926.96
600318.SH,新力金融,125.76,252.99,5.24,3.07,3.18,3.81,,0.0,82.0,35.14,-11.78,-6.6,2.64,49.49,-38.33,164.87,79.09
600319.SH,亚星化学,-15.14,-14.41,3.64,-17.89,-16.52,-1.95,,0.0,2.0,-15.06,-32.48,5.37,,75.42,扣非亏损,扣非亏损,亏损
600320.SH,振华重工,39.62,106.15,1.5,0.84,2.76,1.37,1.51,0.0,12.38,2.38,-30.82,12.67,1.48,77.7,8.38,253.26,28.71
600322.SH,津投城开,-9.95,-1.85,168.54,-276.76,-172.79,1.37,,0.0,23.08,-21.39,-349.73,-72.55,,96.7,扣非亏损,扣非亏损,亏损
600323.SH,瀚蓝环境,9.87,11.14,1.39,10.83,10.92,5.77,2.77,0.0,31.44,16.13,20.14,-2.58,2.99,63.13,-4.32,2.06,1.81
600325.SH,华发股份,10.77,-619.74,0.91,5.85,5.93,0.65,5.13,0.0,15.81,5.61,-41.78,-33.21,,70.15,扣非亏损,扣非转亏,3.63
600326.SH,西藏天路,-117.44,-31.29,2.73,-2.79,-1.82,0.19,,0.0,16.32,-3.35,41.25,-27.22,1.44,54.65,扣非亏损,扣非亏损,亏损
600327.SH,大东方,27.38,676.0,1.12,0.31,3.07,3.1,1.2,0.0,14.93,4.4,-48.97,2.87,9.96,37.78,235.33,4382.51,17.84
600328.SH,中盐化工,16.71,14.78,1.07,4.5,4.76,5.09,3.5,0.0,20.09,7.46,-36.11,-22.89,4.53,30.31,-0.65,6.57,7.02
600329.SH,达仁堂,25.19,30.78,4.2,11.78,12.04,8.77,3.8,0.0,48.97,14.14,-8.93,-3.14,1.02,41.17,-9.79,5.23,4.18
600330.SH,天通股份,59.73,99.23,1.23,1.25,1.53,0.96,0.93,0.0,20.72,4.96,-49.85,-11.34,1.27,31.57,-8.75,158.53,78.08
600331.SH,宏达股份,654.14,828.51,49.29,15.33,6.12,3.1,,0.0,9.6,0.88,172.49,7.9,,82.5,104.87,108.07,213.77
600333.SH,长春燃气,-29.82,-68.01,1.73,-4.98,-4.3,-0.25,,0.0,18.25,-5.91,25.69,10.57,0.06,71.18,扣非亏损,扣非亏损,亏损
600337.SH,美克家居,-5.34,-4.31,0.99,-15.55,-12.93,-4.22,,0.0,38.12,-17.71,-94.2,-26.54,2.01,62.62,扣非亏损,扣非亏损,亏损
600338.SH,西藏珠峰,36.94,-116.4,2.93,6.38,6.38,5.65,,0.0,46.28,18.48,162.46,-10.05,,36.69,扣非亏损,扣非转亏,11.58
600339.SH,中油工程,24.64,60.35,0.78,2.27,2.4,0.93,1.35,0.0,8.86,1.23,-25.22,-3.18,,75.8,-19.0,53.26,20.53
600340.SH,华夏幸福,-5.27,-1.53,2.69,-118.13,-34.16,0.68,,0.0,30.44,-14.45,-1.48,-21.79,,93.2,扣非亏损,扣非亏损,亏损
600343.SH,航天动力,-67.37,-35.33,4.78,-5.15,-5.19,-2.65,,0.0,10.72,-14.84,-48.26,9.07,,46.43,扣非亏损,扣非亏损,亏损
600345.SH,长江通信,105.01,221.11,2.02,0.02,1.45,0.94,0.41,0.0,25.21,11.31,-98.89,35.46,,23.12,6.24,17689.2,144.85
600346.SH,恒力石化,15.81,19.06,1.75,7.63,8.44,4.09,4.18,0.0,10.36,2.88,-7.04,2.71,0.13,77.48,7.03,5.0,3.75
600348.SH,华阳股份,11.74,11.05,1.03,5.93,6.47,4.26,7.36,0.0,33.07,11.21,-59.17,-14.09,,54.42,-0.78,3.73,3.63
600350.SH,山东高速,13.15,15.65,1.51,5.78,7.15,3.49,6.05,0.0,27.82,16.0,-4.45,10.94,1.04,64.93,1.43,5.41,3.68
600351.SH,亚宝药业,14.6,22.74,1.55,7.32,8.09,7.51,2.17,0.0,51.75,10.77,10.66,-3.54,0.88,19.18,-6.42,6.21,3.61
600353.SH,旭光电子,68.48,95.53,4.11,3.99,4.53,2.92,0.44,0.0,22.18,6.29,7.46,24.17,4.52,39.9,3.95,47.86,30.23
600354.SH,敦煌种业,138.01,49.34,5.36,0.87,2.96,6.02,,0.0,34.2,10.12,120.39,31.39,0.07,58.63,1.57,113.52,93.25
600355.SH,精伦电子,-66.28,-57.24,17.86,-18.71,-18.49,-9.81,,0.0,21.95,-28.21,6.66,0.93,,47.53,扣非亏损,扣非亏损,亏损
600356.SH,恒丰纸业,15.66,17.76,0.89,3.78,4.34,4.29,1.71,0.0,16.27,6.14,15.91,4.87,,24.2,3.65,9.41,7.22
600358.SH,国旅联合,-57.5,-42.32,17.38,-18.55,-18.66,-3.25,,0.0,6.05,-9.84,-162.29,-29.66,20.79,74.42,扣非亏损,扣非亏损,亏损
600359.SH,新农开发,47.8,137.31,3.88,6.16,6.1,3.8,,0.0,27.97,10.84,926.99,-19.5,,47.45,-7.04,44.59,15.67
600360.SH,ST华微,36.89,49.91,1.49,2.46,3.07,2.81,0.16,0.0,25.58,6.84,411.35,24.86,,49.13,2.01,40.62,24.03
600361.SH,创新新材,17.07,18.02,1.7,7.36,7.64,5.81,1.4,0.0,3.64,1.32,18.16,11.34,,56.14,1.59,4.89,4.47
600362.SH,江西铜业,12.07,11.13,1.06,8.34,6.96,4.16,3.36,0.0,3.64,1.38,44.28,-0.8,1.53,57.69,-13.94,2.67,3.47
600363.SH,联创光电,54.85,69.02,5.76,7.54,8.11,5.52,0.22,0.0,19.0,15.59,9.12,-1.42,,40.62,-48.52,18.31,13.53
600365.SH,ST通葡,-30.12,-146.26,4.17,-7.52,-10.66,-1.94,,0.0,16.49,-5.39,33.49,0.3,11.86,65.29,扣非亏损,扣非亏损,亏损
600366.SH,宁波韵升,95.33,132.93,1.5,1.06,1.17,0.86,0.64,0.0,13.1,1.82,130.41,-9.19,0.02,33.99,-14.46,250.89,162.96
600368.SH,五洲交通,8.31,9.61,0.93,8.48,8.7,7.64,2.71,0.0,61.61,46.33,3.55,3.12,0.02,30.61,3.08,2.27,1.91
600370.SH,三房巷,-21.15,-14.07,1.56,-5.08,-5.0,-1.19,,0.0,-0.1,-1.68,-883.58,4.03,,67.75,扣非亏损,扣非亏损,亏损
600371.SH,万向德农,40.87,44.92,4.92,8.71,8.98,5.6,1.86,0.0,26.61,20.64,0.73,23.49,,22.13,1.91,10.32,9.1
600372.SH,中航机载,41.18,58.72,1.78,2.69,3.29,2.0,1.85,0.0,26.19,7.98,-25.62,-20.09,0.06,47.99,-2.92,43.65,25.04
600373.SH,中文传媒,18.48,17.06,0.99,3.79,3.97,3.08,5.92,0.0,40.71,11.07,-42.24,-4.34,15.52,41.98,-3.93,9.01,9.31
600375.SH,*ST汉马,-9.97,-3.95,-4.17,,,-4.53,,0.0,4.01,-13.02,23.64,16.09,,116.88,扣非亏损,,
600376.SH,首开股份,-1.43,-1.0,0.6,-22.81,-28.02,-0.89,,0.0,6.91,-32.0,-44.81,-55.69,0.03,76.12,扣非亏损,扣非亏损,亏损
600377.SH,宁沪高速,11.9,14.6,1.78,11.48,11.57,7.31,4.59,0.0,34.99,30.86,7.95,21.1,,44.04,0.69,2.54,2.06
600378.SH,昊华科技,32.98,52.56,3.0,5.51,7.02,4.99,1.14,0.0,22.73,8.73,-14.6,-11.61,0.92,50.56,-4.53,19.07,9.4
600380.SH,健康元,15.01,15.91,1.54,7.6,7.82,7.48,1.45,0.0,63.07,20.45,2.3,-5.95,2.7,34.91,-2.68,4.19,3.84
600381.SH,ST春天,-15.63,-7.15,1.65,-7.46,-7.52,-6.63,,0.0,40.98,-44.76,-28.47,23.22,,5.0,扣非亏损,扣非亏损,亏损
600382.SH,广东明珠,96.04,289.06,0.99,1.35,0.72,1.3,4.04,0.0,53.34,8.61,-77.87,-45.44,,11.15,-6.36,429.51,266.78
600383.SH,金地集团,-6.17,-7.62,0.46,-4.2,-5.39,-0.95,0.45,0.0,12.51,-12.01,-3396.21,-21.59,0.31,67.61,扣非亏损,扣非亏损,亏损
600386.SH,北巴传媒,106.08,153.26,1.99,1.1,1.4,2.33,0.45,0.0,16.32,1.31,260.43,-5.69,,56.9,-26.95,279.66,151.54
600387.SH,*ST海越,539.12,-5.9,0.55,0.38,0.02,0.47,,0.0,8.96,-1.06,-70.21,-40.57,,22.89,扣非亏损,扣非转亏,53912.41
600388.SH,龙净环保,15.78,31.14,1.73,7.36,8.14,3.34,1.56,0.0,24.35,9.75,18.23,-11.64,4.16,68.9,-2.67,8.46,3.88
600391.SH,航发科技,98.41,272.62,4.26,2.37,3.29,2.22,,0.0,17.01,4.15,77.04,-13.78,,69.82,-19.78,230.01,59.82
600392.SH,盛和资源,179.07,84.27,2.52,0.94,1.02,1.4,0.49,0.0,3.69,1.42,-7.3,-37.12,2.96,35.86,-2.27,179.57,351.11
600395.SH,盘江股份,258.98,-96.77,1.1,-0.39,0.3,0.87,4.54,0.0,25.36,0.77,-106.3,-15.36,,70.78,扣非亏损,扣非亏损,1732.3
600396.SH,华电辽能,135.91,-272.12,10.91,3.85,6.44,2.81,,0.0,16.28,1.8,101.9,-36.83,,93.29,扣非亏损,扣非转亏,42.21
600397.SH,安源煤业,-11.34,-9.21,8.35,-44.36,-46.27,-0.61,,0.0,4.06,-4.82,-2228.24,-21.54,,97.19,扣非亏损,扣非亏损,亏损
600399.SH,抚顺特钢,33.49,34.1,2.13,4.53,4.84,2.64,0.58,0.0,13.34,4.91,24.16,2.54,,50.29,13.42,15.06,13.84
600403.SH,大有能源,-7.89,-6.1,1.38,-12.54,-12.41,-1.9,,0.0,13.34,-18.71,-1173.97,-15.28,,68.89,扣非亏损,扣非亏损,亏损
600405.SH,动力源,-12.06,-7.33,5.65,-30.83,-29.5,-6.05,,0.0,29.96,-35.9,-65.23,-32.12,,77.21,扣非亏损,扣非亏损,亏损
600408.SH,安泰集团,-5.8,-4.22,1.5,-17.93,-17.74,-3.91,,0.0,-1.33,-5.84,30.86,-33.77,,68.7,扣非亏损,扣非亏损,亏损
600409.SH,三友化工,22.75,20.92,0.87,2.68,2.89,3.24,1.51,0.0,16.79,3.43,5.18,-2.05,0.02,41.72,-10.2,15.64,15.74
600410.SH,华胜天成,-23.67,-23.85,1.65,-2.67,-5.1,-2.05,,0.0,12.37,-6.44,11.76,3.41,1.03,43.76,扣非亏损,扣非亏损,亏损
600415.SH,小商品城,22.18,26.49,3.49,12.19,12.31,8.48,2.73,0.0,32.0,21.97,6.12,34.25,1.44,44.78,0.77,4.35,3.6
600416.SH,湘电股份,86.49,187.19,2.61,1.85,2.29,1.37,,0.0,17.3,4.76,-32.78,2.34,,48.31,79.83,202.57,75.53
600418.SH,江淮汽车,110.0,-64.56,6.67,-1.71,4.63,1.08,0.13,0.0,11.32,1.46,56.27,-5.02,,70.42,扣非亏损,扣非亏损,47.52
600419.SH,天润乳业,105.89,44.78,1.33,3.12,0.93,0.53,1.16,0.0,18.15,0.13,-48.52,3.5,0.08,55.21,12.8,28.73,227.73
600421.SH,华嵘控股,-517.69,-226.17,206.07,-31.78,-24.99,0.88,,0.0,16.35,-0.85,4.24,-14.96,,74.98,扣非亏损,扣非亏损,亏损
600422.SH,昆药集团,23.08,37.97,2.15,5.34,7.12,5.25,0.96,0.0,40.91,7.16,-6.81,-2.73,1.61,43.0,-13.89,14.21,6.48
600423.SH,柳化股份,58.06,50.82,4.35,5.74,5.92,3.65,,0.0,23.88,23.97,173.1,39.29,,5.19,1.29,17.7,19.62
600425.SH,青松建化,11.75,16.05,0.99,5.57,6.4,5.45,2.53,0.0,24.12,12.1,-30.79,-3.33,,30.49,-4.81,5.76,3.68
600428.SH,中远海特,10.24,15.32,1.35,8.57,10.19,6.32,4.63,0.0,20.66,11.35,46.93,33.0,,60.27,0.46,3.58,2.01
600429.SH,三元股份,49.56,140.86,1.34,1.38,1.99,2.02,1.1,0.0,23.86,2.1,192.05,-11.96,0.38,43.67,-11.78,203.59,49.77
600433.SH,冠豪高新,64.13,138.33,1.33,0.73,1.57,0.62,,0.0,10.58,0.15,142.04,-0.86,0.19,45.14,-160.51,377.63,81.69
600435.SH,北方导航,-181.99,-200.04,6.87,-3.35,-2.75,-1.68,0.34,0.0,31.24,-9.57,-150.44,-66.8,1.66,47.65,扣非亏损,扣非亏损,亏损
600438.SH,通威股份,-25.57,-22.33,2.73,-7.14,-6.52,-2.18,3.62,0.0,7.76,-6.99,-125.81,-38.73,0.78,69.04,扣非亏损,扣非亏损,亏损
600439.SH,瑞贝卡,377.83,1017.23,1.83,0.32,0.36,1.35,0.37,0.0,33.32,1.12,-24.03,1.64,0.58,46.9,620.98,6411.79,2099.08
600444.SH,国机通用,62.66,42.23,3.54,5.0,4.27,2.1,0.67,0.0,13.85,5.29,159.28,37.45,,49.13,1.13,16.89,29.35
600446.SH,金证股份,-108.82,107.06,4.49,-3.9,-3.0,-2.12,0.52,0.0,19.17,-3.79,-265.38,-14.07,1.32,34.87,-7.61,扣非亏损,亏损
600448.SH,华纺股份,537.26,-395.24,1.44,0.11,0.23,1.48,,0.0,12.09,0.14,532.34,-3.18,,65.41,扣非亏损,扣非转亏,4671.85
600449.SH,宁夏建材,29.83,53.15,0.94,1.96,2.38,1.81,1.39,0.0,6.56,2.56,-46.93,-9.55,0.08,32.24,-5.56,54.35,25.07
600452.SH,涪陵电力,31.65,36.18,3.36,8.02,8.18,7.12,1.1,0.0,20.71,17.44,-6.18,-11.98,,25.6,-3.02,9.02,7.74
600455.SH,博通股份,46.71,47.44,4.89,7.93,8.17,3.37,,0.0,51.13,14.88,15.28,9.65,,64.06,4.92,11.97,11.43
600456.SH,宝钛股份,22.29,38.16,2.23,6.46,7.66,5.51,1.12,0.0,21.45,10.78,-14.27,-1.83,,44.08,-20.85,11.82,5.82
600458.SH,时代新材,27.52,30.35,1.86,4.64,5.14,2.48,2.01,0.0,16.19,2.39,-16.21,3.68,0.04,67.76,8.25,13.1,10.71
600459.SH,贵研铂业,18.84,33.96,1.63,5.91,6.62,4.17,1.32,0.0,2.73,1.28,9.12,5.37,1.06,57.16,6.32,11.5,5.69
600460.SH,士兰微,1313.38,3335.44,4.19,1.17,0.24,-0.01,,0.0,19.28,-1.23,-23.76,18.32,1.82,44.27,182.05,5724.61,10944.87
600461.SH,洪城环境,10.14,11.07,1.4,10.66,10.82,5.96,4.82,0.0,33.9,18.31,12.23,-1.22,0.68,58.53,-9.04,2.08,1.87
600462.SH,*ST九有,-18.75,-36.51,-24.44,,,-11.77,,0.0,45.53,-12.44,0.64,48.14,,110.61,扣非亏损,,
600463.SH,空港股份,-48.6,-38.91,3.81,-5.5,-5.71,-2.04,,0.0,27.84,-32.4,2.47,-37.91,,54.58,扣非亏损,扣非亏损,亏损
600467.SH,好当家,106.14,-1053.16,1.23,0.18,0.87,1.81,0.43,0.0,17.07,3.19,-77.31,-9.06,,50.61,扣非亏损,扣非转亏,243.99
600468.SH,百利电气,40.09,48.47,2.59,4.58,4.9,3.31,0.49,0.0,24.18,7.74,4.61,-7.5,9.44,41.21,-6.47,21.17,16.36
600469.SH,风神股份,13.23,15.94,1.44,7.56,8.3,4.45,2.76,0.0,17.28,5.65,-8.89,14.78,,54.74,1.08,4.22,3.19
600470.SH,六国化工,52.3,69.11,1.45,0.61,1.89,1.93,,0.0,9.92,1.39,159.82,-8.48,,68.67,-8.15,225.37,55.35
600475.SH,华光环能,14.14,35.65,1.06,2.71,5.69,3.51,3.37,0.0,16.12,8.93,-52.82,-6.12,2.12,60.16,-5.82,26.35,4.97
600476.SH,湘邮科技,-479.73,117.29,21.49,-8.14,-3.3,0.35,,0.0,16.71,-1.46,63.96,-10.66,,88.88,-11.0,扣非亏损,亏损
600478.SH,科力远,291.48,-80.38,2.96,0.13,0.76,1.05,,0.0,13.49,-0.39,-77.7,2.73,5.09,65.77,扣非亏损,扣非转亏,767.05
600479.SH,千金药业,21.11,17.09,1.96,6.74,6.98,4.99,3.25,0.0,46.05,7.86,-14.19,-2.31,0.46,31.22,-7.39,5.07,6.05
600481.SH,双良节能,-7.87,-9.63,2.63,-23.63,-21.14,-4.22,3.78,0.0,-0.39,-13.0,-213.33,-44.93,,82.22,扣非亏损,扣非亏损,亏损
600482.SH,中国动力,52.76,57.06,1.38,1.6,1.99,1.22,0.59,0.0,12.81,3.53,148.83,12.83,,53.43,4.45,71.38,53.03
600483.SH,福能股份,10.92,9.39,1.1,7.66,7.89,5.56,3.75,0.0,21.99,20.33,10.6,1.22,0.32,41.7,7.69,2.45,2.77
600486.SH,扬农化工,17.88,20.56,2.36,9.84,10.21,7.01,1.39,0.0,24.02,12.8,-24.31,-13.57,0.15,39.32,-1.52,4.18,3.5
600487.SH,亨通光电,14.85,18.01,1.62,8.19,8.58,4.62,1.26,0.0,15.15,5.9,30.2,20.79,2.86,51.29,0.87,4.4,3.46
600488.SH,津药药业,19.38,32.91,1.58,6.11,6.21,4.36,1.78,0.0,44.43,9.29,27.3,-9.36,,35.61,-3.52,10.77,6.24
600489.SH,中金黄金,18.16,18.24,2.4,9.96,9.93,7.77,4.04,0.0,15.4,7.06,24.84,1.08,1.64,42.47,16.96,3.66,3.66
600490.SH,鹏欣资源,-48.07,-34.25,1.25,-2.73,-1.93,-1.89,,0.0,3.58,-5.73,-180.27,-21.76,0.0,24.05,扣非亏损,扣非亏损,亏损
600491.SH,龙元建设,-15.67,-6.31,0.63,-3.03,-2.97,1.29,,0.0,19.77,-4.39,48.96,-4.84,0.83,79.19,扣非亏损,扣非亏损,亏损
600493.SH,凤竹纺织,17.9,235.77,1.31,0.55,5.52,4.42,1.49,0.0,13.08,8.6,546.31,1.42,,38.16,166.58,855.81,6.48
600495.SH,晋西车轴,622.8,-200.16,1.54,-1.02,0.19,-0.05,0.28,0.0,9.47,0.69,-64.06,7.6,,16.58,扣非亏损,扣非亏损,6555.83
600496.SH,精工钢构,10.19,15.11,0.74,4.92,5.47,2.51,1.97,0.0,13.06,4.09,-12.4,4.26,3.53,63.05,3.54,6.14,3.73
600497.SH,驰宏锌锗,16.58,25.76,1.97,8.45,8.92,6.79,2.77,0.0,19.52,10.05,-19.17,-11.19,0.21,28.67,-2.3,6.1,3.72
600498.SH,烽火通信,44.27,44.01,1.83,2.78,2.95,1.66,0.77,0.0,22.13,1.83,24.76,-6.23,0.57,64.96,-7.06,31.69,30.01
600499.SH,科达制造,17.13,28.64,1.41,5.58,6.11,5.36,3.13,0.0,26.9,9.77,-67.46,21.85,6.81,45.85,1.31,10.26,5.61
600500.SH,中化国际,-23.4,-5.9,1.07,-8.96,-3.38,-0.48,,0.0,2.31,-1.57,-39.43,-8.19,10.15,60.96,扣非亏损,扣非亏损,亏损
600501.SH,航天晨光,-44.62,-71.84,4.62,-7.93,-7.47,-2.92,0.44,0.0,11.89,-12.54,-1470.08,-45.83,0.01,57.7,扣非亏损,扣非亏损,亏损
600502.SH,安徽建工,6.84,7.42,0.84,6.52,7.43,1.81,5.59,0.0,12.22,2.42,-21.86,-9.96,0.06,85.91,-0.75,2.28,1.84
600503.SH,华丽家族,1817.89,109.58,1.13,-0.07,0.05,0.13,0.16,0.0,49.28,0.77,-149.9,92.53,,14.69,1.18,转盈,78357.38
600505.SH,西昌电力,657.27,-214.54,3.57,0.91,0.41,1.88,0.14,0.0,19.38,-0.7,142.79,1.87,,68.48,扣非亏损,扣非转亏,3206.19
600506.SH,统一股份,74.55,2533.19,6.18,5.2,6.42,4.04,,0.0,19.53,1.46,140.05,3.1,167.5,79.56,816.29,973.52,23.22
600507.SH,方大特钢,40.67,40.59,1.1,1.65,2.03,1.45,2.17,0.0,4.1,1.03,-73.34,-4.2,0.01,56.25,-9.67,49.1,40.06
600509.SH,天富能源,15.02,21.47,1.28,5.59,6.44,3.22,2.43,0.0,19.3,7.39,13.85,5.95,0.56,69.67,3.61,7.68,4.66
600510.SH,黑牡丹,52.66,132.49,0.55,0.77,0.77,0.2,2.21,0.0,23.21,3.76,-78.35,-69.52,0.24,62.75,-1.91,342.54,136.79
600511.SH,国药股份,12.74,11.7,1.52,9.2,9.17,5.67,2.98,0.0,7.02,4.14,4.04,4.1,1.1,46.25,2.85,2.55,2.78
600512.SH,腾达建设,19.43,37.25,0.64,2.67,2.49,1.3,0.81,0.0,11.2,6.29,-17.89,-9.97,,41.37,-3.74,27.86,15.6
600513.SH,联环药业,26.33,26.47,2.32,6.56,6.71,4.76,1.35,0.0,49.89,6.54,8.7,10.87,1.34,47.92,2.44,8.07,7.85
600515.SH,海南机场,163.84,-425.14,1.99,0.24,0.92,0.9,,0.0,39.98,6.91,-91.18,-31.84,,53.47,扣非亏损,扣非转亏,356.18
600516.SH,方大炭素,65.66,112.48,1.32,0.98,1.5,0.94,,0.0,17.83,7.69,-48.43,-18.74,,13.48,-6.0,229.42,87.55
600518.SH,康美药业,5327.96,-57.6,5.06,-2.55,0.07,0.11,,0.0,14.16,0.21,42.8,9.6,1.5,50.15,扣非亏损,扣非亏损,152227.54
600519.SH,贵州茅台,24.94,24.45,8.51,26.81,26.09,29.63,2.9,0.0,91.53,52.19,15.08,16.91,,13.63,1.45,1.82,1.91
600520.SH,文一科技,277.6,747.84,17.66,2.28,4.91,3.1,,0.0,22.94,7.64,109.2,-9.28,,33.59,-80.55,655.92,113.08
600521.SH,华海药业,19.82,23.65,3.19,12.24,12.13,7.51,1.36,0.0,62.66,14.31,34.3,16.76,0.72,54.21,1.41,3.86,3.27
600522.SH,中天科技,19.16,22.69,1.69,6.26,6.73,4.77,1.76,0.0,15.83,6.71,-3.21,4.78,0.02,38.32,4.75,7.25,5.7
600523.SH,贵航股份,35.42,38.13,1.84,3.37,3.99,3.26,0.89,0.0,22.08,7.0,-9.27,1.64,0.01,21.42,23.22,22.64,17.75
600525.SH,长园集团,-101.35,-84.93,1.58,-1.46,-1.14,0.98,,0.0,36.1,-1.51,-182.91,-6.0,19.02,67.72,扣非亏损,扣非亏损,亏损
600526.SH,菲达环保,20.7,21.45,1.03,3.07,3.78,2.21,,0.0,25.15,8.03,28.25,-12.59,0.04,57.35,-1.7,13.95,10.95
600527.SH,江南高纤,92.77,110.96,1.74,1.03,1.37,1.18,2.56,0.0,13.43,7.32,1.73,-22.7,,4.23,-4.89,216.34,135.43
600528.SH,中铁工业,10.75,12.96,0.8,4.96,4.7,2.35,1.36,0.0,18.84,6.3,-8.88,-5.56,,57.29,-2.33,5.22,4.58
600530.SH,交大昂立,333.84,-3263.23,9.95,0.04,2.0,2.6,,0.0,28.72,4.28,100.34,-5.47,15.71,53.9,扣非亏损,扣非转亏,333.84
600531.SH,豫光金铅,10.8,13.11,1.53,10.2,10.99,6.38,2.64,0.0,7.52,1.91,7.42,13.36,,69.73,0.98,2.57,1.97
600533.SH,栖霞建设,-12.08,-9.34,0.69,-4.3,-4.23,-0.35,,0.0,19.4,-12.85,-1400.5,-65.7,,81.84,扣非亏损,扣非亏损,亏损
600536.SH,中国软件,-124.11,-292.44,25.72,-15.76,-15.76,-3.79,,0.0,44.79,-12.05,48.59,-29.77,0.05,64.16,扣非亏损,扣非亏损,亏损
600537.SH,亿晶光电,-5.74,-5.33,2.24,-25.68,-25.56,-5.68,,0.0,-9.94,-24.62,-270.25,-58.93,,72.0,扣非亏损,扣非亏损,亏损
600538.SH,国发股份,-103.17,-31.99,3.39,-1.97,-2.43,-1.91,,0.0,24.91,-7.33,-1.4,-6.99,23.1,14.56,扣非亏损,扣非亏损,亏损
600539.SH,狮头股份,-170.83,-22.71,4.7,-2.92,-2.04,0.04,,0.0,23.5,-1.4,46.48,-0.25,12.25,17.69,扣非亏损,扣非亏损,亏损
600540.SH,新赛股份,-31.25,-19.69,3.68,-10.9,-8.45,-0.9,,0.0,-3.57,-10.32,-670.05,15.25,,78.34,扣非亏损,扣非亏损,亏损
600543.SH,莫高股份,-54.47,-42.35,2.37,-3.31,-3.17,-2.75,,0.0,19.43,-12.12,-27.95,61.58,,12.92,扣非亏损,扣非亏损,亏损
600545.SH,卓郎智能,-24.83,-26.14,1.24,-3.93,-3.66,-0.9,,0.0,18.71,-4.59,-388.35,-34.05,11.69,56.25,扣非亏损,扣非亏损,亏损
600546.SH,山煤国际,9.86,10.78,1.64,13.53,12.89,10.56,3.71,0.0,34.67,13.67,-46.13,-23.99,,53.24,-0.45,1.59,1.53
600547.SH,山东黄金,41.37,37.64,4.7,6.2,7.42,4.04,0.61,25.87,14.88,4.94,63.57,62.15,23.68,65.1,0.61,6.07,5.57
600548.SH,深高速,12.51,11.18,1.26,5.51,6.66,3.95,6.12,0.0,39.04,25.61,-13.45,-8.03,0.73,58.4,-1.39,4.06,3.76
600549.SH,厦门钨业,16.46,19.68,2.55,10.55,12.02,7.04,2.33,0.0,18.44,8.38,15.37,-10.7,0.07,51.27,-1.84,3.73,2.74
600550.SH,保变电气,170.85,-299.5,32.6,13.91,15.39,2.51,,0.0,16.22,3.13,193.34,54.85,,89.98,扣非亏损,扣非转亏,22.2
600551.SH,时代出版,16.18,17.11,0.99,4.04,4.56,3.13,4.59,0.0,9.42,4.2,-7.07,0.95,,35.88,18.07,8.46,7.1
600552.SH,凯盛科技,87.42,-221.23,3.15,0.01,2.71,2.41,0.38,0.0,18.68,4.42,-94.74,-5.46,4.18,58.88,扣非亏损,扣非转亏,64.52
600556.SH,天下秀,100.52,232.56,2.26,1.47,1.69,1.28,0.26,0.0,17.12,1.99,-38.79,-3.92,0.36,30.1,-59.28,315.65,118.96
600557.SH,康缘药业,19.93,20.31,1.84,5.51,6.85,5.83,1.81,0.0,74.2,11.71,-10.16,-11.06,1.11,22.7,-1.84,7.37,5.82
600558.SH,大西洋,33.43,41.13,1.68,3.11,3.75,3.64,1.35,0.0,13.63,3.74,7.63,1.95,,21.93,21.07,26.48,17.83
600559.SH,老白干酒,28.36,28.16,4.15,10.5,11.11,7.5,2.0,0.0,66.21,13.61,34.28,6.29,12.0,48.05,4.48,5.37,5.1
600560.SH,金自天正,69.24,71.12,3.8,3.95,4.05,2.37,0.48,0.0,25.34,8.43,4.31,-27.73,,44.13,-2.56,36.04,34.19
600561.SH,江西长运,509.56,-18.48,1.78,-6.0,0.27,1.72,,0.0,-4.41,0.59,31.54,-3.46,0.49,75.79,扣非亏损,扣非亏损,3774.55
600562.SH,国睿科技,51.21,45.47,4.38,6.37,6.51,4.72,1.05,0.0,40.16,18.54,-6.43,-6.57,,33.7,-6.92,14.28,15.73
600563.SH,法拉电子,29.4,29.7,6.05,15.46,15.94,13.13,2.16,0.0,34.11,22.54,3.25,19.77,0.38,30.09,1.5,3.84,3.69
600566.SH,济川药业,11.82,11.7,2.13,12.39,13.69,11.18,4.14,0.0,79.26,32.86,-7.06,-11.19,1.19,22.35,-1.05,1.89,1.73
600567.SH,山鹰国际,159.57,-28.78,0.78,-3.17,0.5,1.62,0.57,0.0,7.75,0.07,-22.77,1.36,3.64,69.49,扣非亏损,扣非亏损,638.27
600568.SH,ST中珠,-23.77,-15.83,1.29,-4.08,-3.84,-3.44,,0.0,21.92,-23.74,66.01,0.8,4.9,14.15,扣非亏损,扣非亏损,亏损
600569.SH,安阳钢铁,-2.07,-2.09,1.6,-46.15,-45.0,-5.87,,0.0,-3.93,-9.52,-132.81,-25.67,,87.33,扣非亏损,扣非亏损,亏损
600570.SH,恒生电子,100.95,50.91,7.3,3.29,5.41,3.25,0.45,0.0,69.31,10.68,-50.28,-4.12,7.78,33.01,-12.36,30.94,37.32
600571.SH,信雅达,-830.52,138.3,5.66,-2.68,-0.49,-2.0,1.89,0.0,22.91,-0.3,-380.73,-8.77,1.84,21.28,-15.76,扣非亏损,亏损
600572.SH,康恩贝,18.22,26.92,1.89,6.2,7.53,6.06,3.96,0.0,53.74,11.12,-16.84,-5.23,2.73,30.71,-5.15,8.69,4.84
600573.SH,惠泉啤酒,25.39,47.63,2.06,5.84,6.19,4.12,0.58,0.0,34.52,13.57,18.09,0.04,,23.42,1290.81,16.3,8.2
600575.SH,淮河能源,12.97,18.0,1.27,6.9,7.36,5.18,4.98,0.0,7.17,3.87,71.41,12.73,0.64,43.5,1.41,5.22,3.53
600576.SH,祥源文旅,46.3,52.18,2.45,3.9,3.97,4.25,,0.0,49.04,19.31,-6.44,8.64,17.74,28.06,6.04,26.77,23.32
600578.SH,京能电力,13.37,18.5,1.16,5.08,5.87,3.11,3.55,0.0,11.02,7.31,74.42,5.73,0.02,62.49,3.23,7.29,4.56
600579.SH,克劳斯,-2.53,-1.16,-6.37,-1827.05,,-5.34,,0.0,18.25,-14.36,-38.35,-15.12,78.71,87.16,扣非亏损,扣非亏损,
600580.SH,卧龙电驱,24.46,64.87,2.11,5.93,6.59,3.79,0.85,0.0,25.46,5.56,-21.47,1.06,12.92,56.77,61.37,21.88,7.42
600581.SH,八一钢铁,-2.94,-2.94,15.77,-135.53,-134.86,-3.23,,0.0,-2.42,-9.72,-112.42,-16.64,,98.61,扣非亏损,扣非亏损,亏损
600582.SH,天地科技,9.06,11.12,1.1,8.9,9.19,5.73,5.15,0.0,32.48,12.83,9.4,0.37,0.01,43.38,29.75,2.5,1.97
600583.SH,海油工程,10.72,17.05,0.96,5.15,6.84,4.32,2.47,0.0,11.77,8.63,20.88,-2.56,,41.59,-6.65,6.62,3.13
600584.SH,长电科技,54.38,48.87,2.91,3.86,4.07,2.66,0.33,0.0,12.93,4.29,36.73,22.26,12.45,46.89,2.2,25.31,26.72
600585.SH,海螺水泥,20.73,21.49,0.77,2.63,2.8,2.44,4.26,0.0,19.54,7.7,-40.18,-31.27,0.58,21.46,-0.69,16.33,14.81
600586.SH,金晶科技,22.09,24.29,1.43,4.74,4.96,3.76,1.5,0.0,17.87,5.89,-33.17,-12.8,0.5,45.4,-1.9,10.24,8.91
600587.SH,新华医疗,13.56,16.62,1.48,8.2,8.33,4.76,1.94,0.0,26.31,8.54,9.36,1.45,3.26,48.65,11.42,4.05,3.26
600588.SH,用友网络,-22.15,-29.59,4.92,-15.72,-15.78,-5.71,,0.0,48.83,-25.8,-30.71,0.53,16.3,56.21,扣非亏损,扣非亏损,亏损
600589.SH,广东榕泰,-181.44,-43.82,11.1,-9.51,-4.52,-0.74,,0.0,11.03,-9.02,53.13,10.03,20.66,65.89,扣非亏损,扣非亏损,亏损
600590.SH,泰豪科技,-17.83,-4.88,1.45,-4.75,-5.92,0.42,,0.0,18.03,-7.1,-510.69,4.08,13.51,68.86,扣非亏损,扣非亏损,亏损
600592.SH,龙溪股份,19.47,46.46,1.7,4.1,6.49,4.92,1.1,0.0,21.66,10.11,-10.58,12.18,0.0,29.9,3.81,22.66,6.0
600593.SH,大连圣亚,26.13,74.75,11.2,37.4,38.28,8.68,,0.0,65.67,33.14,-7.94,7.74,,77.66,9.66,4.0,1.36
600594.SH,益佰制药,-14.36,-12.7,1.22,-6.49,-6.09,-3.6,1.16,0.0,62.2,-10.17,-225.66,-19.8,5.91,33.37,扣非亏损,扣非亏损,亏损
600595.SH,中孚实业,14.35,15.49,0.96,4.88,5.16,4.87,,0.0,11.05,4.79,-8.96,22.65,,34.58,0.68,6.35,5.56
600596.SH,新安股份,63.61,-232.95,0.92,-0.03,1.08,0.92,1.1,0.0,10.0,1.33,-103.47,-3.76,1.45,37.16,扣非亏损,扣非亏损,117.8
600597.SH,光明乳业,78.72,28.78,1.4,2.41,1.33,-0.28,2.52,0.0,19.28,-0.95,-31.66,-10.89,6.83,53.53,-2.64,23.85,118.38
600598.SH,北大荒,15.65,25.15,3.49,17.34,17.21,12.98,3.68,0.0,38.17,30.78,4.16,9.5,,26.39,2.65,2.9,1.82
600599.SH,ST熊猫,56.01,-9.91,3.58,3.55,4.9,5.11,,0.0,35.78,13.04,-46.17,8.28,,22.95,扣非亏损,扣非转亏,22.84
600600.SH,青岛啤酒,15.08,26.33,3.37,16.37,17.17,12.64,2.68,0.0,41.76,17.72,1.96,-6.52,4.26,39.11,-4.04,3.22,1.76
600601.SH,方正科技,61.83,95.8,4.26,4.12,5.31,3.69,,0.0,21.46,8.57,87.51,7.6,,36.26,12.6,46.46,23.29
600602.SH,云赛智联,105.54,137.69,4.72,2.97,3.38,1.72,0.37,0.0,19.59,4.17,39.45,8.25,4.58,30.82,16.68,92.78,62.4
600603.SH,ST广物,20.86,23.05,1.7,5.4,6.29,3.81,,0.0,40.11,17.08,4.5,-31.86,,66.19,-0.72,8.54,6.63
600604.SH,市北高新,-75.33,-42.22,1.56,-1.48,-1.54,0.48,,0.0,30.85,-13.78,-73.73,-4.46,0.68,62.2,扣非亏损,扣非亏损,亏损
600605.SH,汇通能源,58.95,401.81,5.58,1.61,7.49,7.12,2.16,0.0,46.17,96.56,55.86,16.33,,14.32,24.6,498.7,15.74
600606.SH,绿地控股,116.27,-3.06,0.45,0.5,0.29,0.57,,0.0,10.79,0.18,-81.26,-36.87,2.18,86.62,扣非亏损,扣非转亏,801.88
600608.SH,ST沪科,4423.1,-53.44,26.11,0.41,0.44,0.86,,0.0,3.26,-0.41,58.9,30.71,,66.9,扣非亏损,扣非转亏,20105.0
600609.SH,金杯汽车,24.61,134.92,6.99,14.06,24.03,10.58,,0.0,17.12,11.63,-6.58,-13.21,,61.53,-10.21,19.2,2.05
600610.SH,中毅达,-297.79,-64.86,92.44,-39.58,-52.6,1.88,,0.0,8.18,-1.86,64.53,-10.27,247.04,93.56,扣非亏损,扣非亏损,亏损
600611.SH,大众交通,71.95,220.79,2.22,1.37,2.33,2.32,1.68,0.0,23.21,12.53,-21.65,-30.98,4.49,47.4,-7.13,321.97,61.76
600612.SH,老凤祥,11.27,14.23,2.16,14.21,14.65,13.07,2.83,0.0,8.56,4.34,-14.2,-15.28,,40.08,-0.93,2.0,1.54
600613.SH,神奇制药,52.44,91.5,1.76,2.45,2.51,2.28,1.31,0.0,48.88,3.76,-6.12,-8.61,10.07,24.56,-10.63,74.66,41.78
600615.SH,丰华股份,343.05,203.24,3.3,0.78,0.72,0.0,,73.86,10.29,3.17,217.51,14.09,0.69,8.2,14.43,261.07,473.17
600616.SH,金枫酒业,-94.4,-64.53,1.93,-1.67,-1.51,-2.11,0.8,0.0,39.24,-8.68,-17.55,-1.68,1.92,11.95,扣非亏损,扣非亏损,亏损
600617.SH,国新能源,-455.44,-45.26,1.73,-5.75,-0.27,2.22,3.76,0.0,8.36,-0.02,-7.57,-2.23,0.11,85.69,扣非亏损,扣非亏损,亏损
600618.SH,氯碱化工,13.68,12.8,1.31,7.25,7.27,6.52,2.2,0.0,17.63,10.69,46.63,13.95,,25.31,0.92,3.53,3.77
600619.SH,海立股份,660.0,-1784.9,3.27,-0.4,0.37,0.56,0.15,0.0,11.56,-0.04,78.58,13.36,9.63,64.87,扣非亏损,扣非亏损,3567.57
600620.SH,天宸股份,-864.63,-93.39,2.75,-2.41,-0.23,0.37,0.11,0.0,39.78,-3.27,-231.45,-52.38,,47.54,扣非亏损,扣非亏损,亏损
600622.SH,光大嘉宝,-24.31,-4.46,1.72,-8.18,-5.17,0.24,,0.0,39.22,-32.42,29.76,-64.92,11.23,73.48,扣非亏损,扣非亏损,亏损
600623.SH,华谊集团,18.87,22.78,0.67,2.28,2.68,2.3,2.02,0.0,8.01,2.63,34.06,9.9,0.23,56.15,2.3,20.0,14.09
600624.SH,复旦复华,-93.43,-71.76,5.19,-4.97,-4.08,-1.24,,0.0,37.46,-7.05,-603.23,-7.86,,48.22,扣非亏损,扣非亏损,亏损
600626.SH,申达股份,-80.95,-36.86,1.83,-1.8,-1.68,1.52,,0.0,9.42,-0.22,77.14,4.18,11.64,67.1,扣非亏损,扣非亏损,亏损
600628.SH,新世界,53.31,176.74,1.1,1.27,1.55,1.6,0.43,0.0,41.18,8.03,23.49,0.04,0.19,24.42,4555.21,279.1,68.79
600629.SH,华建集团,26.49,27.25,1.74,4.52,4.96,1.73,2.71,0.0,22.54,4.81,19.33,-0.87,0.45,63.79,-31.27,12.05,10.68
600630.SH,龙头股份,91.13,195.16,6.09,2.54,5.16,3.5,0.08,0.0,31.5,3.22,287.22,-0.62,,53.36,-314.66,153.74,35.32
600635.SH,大众公用,59.67,50.28,1.61,1.81,2.04,2.29,1.16,0.0,16.76,5.93,-62.43,-2.23,0.13,56.22,-22.51,55.68,58.5
600636.SH,国新文化,-199.27,-19.7,2.0,-0.78,-0.75,-1.18,0.38,0.0,73.9,-11.53,-134.7,-34.96,26.96,2.74,扣非亏损,扣非亏损,亏损
600637.SH,东方明珠,30.8,90.22,0.99,1.78,2.41,1.85,2.39,0.0,32.54,13.54,-0.12,-7.47,1.34,20.2,-12.08,101.64,25.58
600638.SH,新黄浦,49.35,-356.85,0.82,1.15,1.25,1.23,0.54,0.0,27.53,7.52,-38.17,-46.05,,76.08,扣非亏损,扣非转亏,78.96
600639.SH,浦东金桥,24.94,23.42,0.92,2.72,2.79,1.89,5.64,0.0,56.82,18.57,-76.2,-62.11,,60.36,-0.38,17.24,17.87
600640.SH,国脉文化,588.77,677.64,2.63,0.89,0.34,-0.66,0.02,0.0,17.21,1.29,353.51,-18.6,0.0,16.04,-36.42,1520.57,3514.0
600641.SH,万业企业,-404.33,884.19,2.05,0.06,-0.38,-1.47,0.29,0.0,59.3,-36.25,-92.18,-59.63,2.41,14.58,-14.83,29972.62,亏损
600642.SH,申能股份,9.38,11.57,1.17,8.31,9.44,5.6,6.23,0.0,19.36,17.59,18.63,2.21,,54.24,5.24,2.78,1.99
600643.SH,爱建集团,30.03,448.47,0.79,1.96,1.98,1.9,0.39,0.0,23.33,20.45,-21.41,6.93,0.35,46.98,64.7,458.23,30.33
600644.SH,乐山电力,39.4,659.2,1.91,3.26,3.7,2.44,,0.0,16.66,3.15,-11.0,5.7,0.32,49.92,115.56,404.22,21.3
600645.SH,中源协和,60.41,81.51,2.97,3.57,3.66,2.96,,0.0,69.82,10.99,4.18,0.29,19.1,30.31,276.76,45.65,33.01
600648.SH,外高桥,23.38,28.41,1.09,2.89,3.47,2.25,4.16,0.0,34.55,8.96,-25.96,-6.56,,71.55,-4.33,19.67,13.47
600649.SH,城投控股,-49.32,-39.71,0.7,-1.16,-1.05,0.34,1.62,0.0,40.18,-26.73,-195.48,-33.84,,74.23,扣非亏损,扣非亏损,亏损
600650.SH,锦江在线,34.62,51.38,1.88,2.93,4.11,3.64,0.87,0.0,17.29,13.28,6.43,-10.39,0.89,17.46,-4.95,35.03,16.84
600651.SH,飞乐音响,377.23,-2131.77,5.21,-0.23,1.04,1.01,,0.0,15.48,1.82,-53.88,0.42,,40.4,扣非亏损,扣非亏损,725.44
600653.SH,申华控股,-70.86,-21.46,7.31,-11.37,-7.44,0.08,,0.0,6.33,-1.77,-3.61,-18.56,2.08,72.02,扣非亏损,扣非亏损,亏损
600654.SH,中安科,671.79,-3394.68,5.86,-1.74,0.67,0.93,,0.0,15.92,0.53,-73.31,4.55,19.26,54.41,扣非亏损,扣非亏损,2005.35
600655.SH,豫园股份,15.87,-25.29,0.67,-1.85,3.17,2.33,3.06,0.0,13.06,2.68,-339.61,-8.72,3.15,68.54,扣非亏损,扣非亏损,10.01
600657.SH,信达地产,-144.77,42.32,0.68,-0.42,-0.35,1.25,,0.0,28.92,-4.31,-5262.08,-10.87,0.33,68.7,-3.89,扣非亏损,亏损
600658.SH,电子城,-8.77,-7.68,0.84,-7.02,-6.9,-1.09,,0.0,37.89,-31.99,-38831.06,-39.87,0.84,61.35,扣非亏损,扣非亏损,亏损
600660.SH,福耀玻璃,20.45,21.3,4.47,17.13,17.0,10.19,3.48,0.0,37.82,19.37,36.65,18.84,0.46,45.57,1.13,2.49,2.41
600661.SH,昂立教育,160.76,-43.68,44.55,4.94,20.4,2.71,,0.0,44.12,2.43,109.17,35.33,49.57,89.82,扣非亏损,扣非转亏,15.76
600662.SH,外服控股,18.7,26.06,2.81,9.13,11.42,4.51,2.71,0.0,10.02,3.72,6.75,14.02,9.36,67.78,1.86,5.71,3.28
600663.SH,陆家嘴,40.18,44.05,2.3,4.42,4.52,1.7,1.3,0.0,56.74,18.57,1.97,14.5,1.81,69.74,3.04,19.95,17.78
600664.SH,哈药股份,15.05,18.55,1.96,9.46,10.21,5.19,,0.0,28.23,4.47,91.39,6.63,0.66,58.3,2.8,3.92,2.95
600665.SH,天地源,21.96,-7.5,0.74,0.24,2.54,0.74,,0.0,16.09,4.64,41.96,-50.24,,86.93,扣非亏损,扣非转亏,17.29
600666.SH,奥瑞德,-211.62,-14.28,7.9,-4.54,-2.64,-1.45,,0.0,13.94,-9.96,45.78,20.28,,50.27,扣非亏损,扣非亏损,亏损
600667.SH,太极实业,28.01,29.35,2.31,6.23,6.29,2.26,1.49,0.0,7.59,2.43,-10.61,-6.91,6.31,72.37,-4.25,9.42,8.91
600668.SH,尖峰集团,38.22,349.57,0.71,1.15,1.39,1.98,0.9,0.0,22.18,4.14,-48.3,-2.06,0.71,23.69,-169.38,607.64,54.99
600671.SH,ST目药,-236.77,-49.81,34.88,-22.29,-10.47,0.5,,0.0,42.76,-3.02,66.45,44.8,3.89,84.57,扣非亏损,扣非亏损,亏损
600673.SH,东阳光,58.96,174.14,2.7,3.07,3.13,2.31,4.58,0.0,14.01,3.38,199.23,9.51,0.02,61.44,18.31,113.57,37.67
600674.SH,川投能源,14.21,17.11,1.99,11.1,10.89,7.85,2.65,0.0,52.65,414.48,15.22,6.48,,32.17,2.64,3.08,2.61
600675.SH,中华企业,-27.96,-25.38,1.39,-3.8,-3.63,0.05,0.89,0.0,24.0,-29.98,-221.96,-82.31,,71.04,扣非亏损,扣非亏损,亏损
600676.SH,交运股份,-16.39,-16.59,0.92,-4.94,-4.14,-2.96,,0.0,3.72,-7.63,-84.33,-21.15,,26.19,扣非亏损,扣非亏损,亏损
600678.SH,四川金顶,-335.45,-72.48,12.3,-2.68,-2.79,0.61,,0.0,22.82,-4.41,-33.28,-6.2,,77.72,扣非亏损,扣非亏损,亏损
600682.SH,南京新百,31.81,39.02,0.54,1.31,1.28,1.56,0.39,0.0,44.54,6.46,-39.26,2.42,31.9,26.82,16.15,59.54,49.7
600683.SH,京投发展,-3.02,-2.08,4.7,-12.26,-84.81,-1.27,,0.0,-0.94,-101.97,-2166.08,-88.89,0.14,86.43,扣非亏损,扣非亏损,亏损
600684.SH,珠江股份,138.45,118.05,6.93,7.46,3.83,2.17,,0.0,19.51,1.67,134.31,-59.81,,71.82,-1.97,31.67,72.3
600685.SH,中船防务,150.31,231.57,2.02,0.91,1.04,0.05,0.04,11.55,8.69,1.97,4023.73,29.83,,57.63,7.76,253.64,144.52
600686.SH,金龙汽车,93.63,-22.2,3.0,-4.48,2.42,0.59,0.46,0.0,10.66,1.0,-110.91,2.24,2.15,84.97,扣非亏损,扣非亏损,77.38
600688.SH,上海石化,723.24,-55.17,1.35,0.3,0.14,-0.16,,0.0,16.63,0.06,110.91,-5.53,,45.04,扣非亏损,扣非转亏,10406.35
600689.SH,上海三毛,95.32,248.89,4.52,2.68,3.62,1.18,,0.0,5.59,2.01,4.87,1.91,,47.28,130.11,186.07,52.66
600690.SH,海尔智家,13.54,15.38,2.5,13.8,14.14,7.28,3.82,0.0,30.85,7.61,15.44,2.17,21.43,56.21,7.08,2.23,1.91
600691.SH,阳煤化工,-11.79,-5.1,1.43,-9.86,-8.69,-1.07,,0.0,4.96,-5.92,-77.72,-27.92,,80.2,扣非亏损,扣非亏损,亏损
600692.SH,亚通股份,511.1,-200.06,3.28,-2.68,0.48,0.09,,0.0,3.61,0.56,4.81,-42.12,1.33,66.26,扣非亏损,扣非亏损,2116.78
600694.SH,大商股份,8.76,11.22,0.72,5.75,6.22,5.07,5.92,0.0,41.35,11.0,24.39,-6.82,,49.14,-1.65,3.91,2.82
600696.SH,岩石股份,-55.38,-53.1,10.53,-13.02,-13.34,-1.85,,0.0,65.41,-30.79,-174.25,-82.97,,62.47,扣非亏损,扣非亏损,亏损
600697.SH,欧亚集团,85.72,744.33,0.86,0.16,0.76,2.57,0.86,0.0,36.62,2.1,62.79,0.07,1.83,78.57,10468.77,9172.27,225.57
600698.SH,湖南天雁,3624.06,-352.92,7.78,-1.31,0.16,-0.05,,0.0,11.41,0.41,-83.06,-16.79,,28.9,扣非亏损,扣非亏损,45300.74
600699.SH,均胜电子,19.67,19.39,1.9,7.08,7.07,4.14,1.45,0.0,15.59,3.07,40.25,-0.42,29.52,68.56,-45.69,5.48,5.56
600702.SH,舍得酒业,30.01,24.03,3.77,9.13,9.27,7.89,2.22,0.0,67.9,14.96,-47.96,-15.03,,36.25,-1.6,5.27,6.47
600703.SH,三安光电,214.97,-108.2,1.92,-0.94,0.66,0.86,0.22,0.0,11.21,2.08,55.25,16.73,0.23,37.68,扣非亏损,扣非亏损,651.41
600704.SH,物产中大,8.84,10.4,0.75,5.29,6.32,3.28,4.74,0.0,2.15,0.83,-16.46,0.77,3.4,73.48,13.59,3.93,2.8
600705.SH,中航产融,54.0,-1730.07,1.15,1.32,1.54,0.76,0.32,0.0,32.26,21.16,-17.21,-8.68,,85.13,扣非亏损,扣非转亏,70.13
600706.SH,曲江文旅,-11.02,-5.96,4.53,-27.13,-26.72,-5.13,,0.0,23.58,-17.7,-556.29,-5.04,7.26,81.14,扣非亏损,扣非亏损,亏损
600707.SH,彩虹股份,16.66,22.36,1.27,5.23,5.88,3.54,,0.0,22.64,13.62,371.47,4.61,0.45,46.98,4.85,8.56,5.67
600708.SH,光明地产,-14.06,-7.71,0.68,-4.85,-3.54,0.23,0.23,0.0,10.39,-10.25,-1636.97,-41.91,0.0,82.55,扣非亏损,扣非亏损,亏损
600710.SH,苏美达,9.0,11.75,1.6,12.41,13.79,6.1,4.65,0.0,6.57,2.95,27.28,-9.5,0.35,75.19,-1.24,1.89,1.3
600711.SH,ST盛屯,7.06,8.34,1.05,12.98,11.66,6.51,0.59,0.0,21.53,10.53,670.66,-3.82,5.65,53.72,-2.18,1.29,1.21
600712.SH,南宁百货,440.98,-261.29,3.97,-0.08,0.68,1.04,,0.0,30.19,1.33,96.57,-16.66,,40.63,扣非亏损,扣非亏损,1296.99
600713.SH,南京医药,11.51,11.74,1.01,6.63,6.67,3.82,3.31,0.0,6.16,1.38,0.46,0.97,0.96,76.75,12.16,3.54,3.45
600715.SH,*ST文投,-7.7,-2.53,-2.85,,,-10.04,,0.0,22.71,-131.1,-37.12,-31.85,-37.95,159.33,扣非亏损,,
600716.SH,凤凰股份,-88.76,-50.51,0.64,-0.55,-0.55,-0.05,,0.0,25.78,-21.04,-204.96,-51.37,,34.7,扣非亏损,扣非亏损,亏损
600717.SH,天津港,12.06,15.91,0.74,4.6,4.7,4.98,2.48,0.0,29.1,14.83,-4.89,8.6,0.09,26.75,1.85,6.91,5.13
600718.SH,东软集团,66.54,-144.46,1.41,1.0,1.61,1.07,1.41,0.0,28.15,2.06,85.09,10.03,0.06,49.84,扣非亏损,扣非转亏,82.66
600719.SH,大连热电,-20.91,-21.13,7.46,-24.32,-23.76,-2.03,,0.0,-5.56,-28.67,41.23,0.64,,83.21,扣非亏损,扣非亏损,亏损
600720.SH,中交设计,17.67,10.85,1.62,6.66,7.72,3.87,2.55,0.0,28.56,14.81,-9.2,-22.99,,48.44,-0.47,3.26,4.58
600721.SH,百花医药,92.37,183.75,3.99,3.0,3.34,2.38,,0.0,46.47,8.24,32.52,9.38,1.55,34.35,19.59,122.49,55.31
600722.SH,金牛化工,61.42,91.32,2.69,2.81,3.35,5.09,,0.0,26.27,20.06,25.94,-0.27,,9.2,-338.84,64.91,36.67
600724.SH,宁波富达,36.44,42.82,2.74,5.03,5.52,4.48,3.78,0.0,24.26,12.01,-5.07,-50.83,0.04,21.15,-0.84,17.02,13.21
600725.SH,云维股份,-326.58,-400.93,11.3,-2.56,-2.56,-1.81,,0.0,1.89,-1.65,-3170.78,12.78,,21.24,扣非亏损,扣非亏损,亏损
600726.SH,华电能源,32.88,2146.26,4.89,5.77,11.99,8.19,,0.0,22.05,9.63,175.34,-2.05,4.26,78.09,-1047.06,743.71,5.48
600727.SH,鲁北化工,13.71,15.02,1.37,7.47,7.87,4.17,1.52,0.0,13.44,7.45,496.11,9.29,4.93,61.94,1.62,4.02,3.48
600728.SH,佳都科技,-41.05,106.21,1.41,0.13,-2.53,-1.69,0.32,0.0,12.67,-4.0,108.23,29.97,2.5,44.66,3.54,1603.18,亏损
600729.SH,重庆百货,9.37,11.42,1.62,13.51,13.27,5.56,4.81,0.0,25.94,7.1,-12.12,-12.0,,62.73,-0.95,1.69,1.41
600730.SH,中国高科,115.23,-824.45,2.29,0.54,1.5,1.23,,0.0,76.51,31.03,906.96,3.8,3.97,12.95,扣非亏损,扣非转亏,153.63
600731.SH,湖南海利,12.8,16.96,1.11,6.07,6.54,4.79,3.04,0.0,24.55,11.89,10.49,-0.24,,26.59,-70.74,5.59,3.92
600732.SH,爱旭股份,-6.83,-5.03,4.22,-48.86,-38.59,-8.5,,0.0,-8.71,-36.1,-296.85,-65.09,,82.9,扣非亏损,扣非亏损,亏损
600733.SH,北汽蓝谷,-9.02,-8.03,30.06,-111.57,-111.03,-13.03,,0.0,-6.68,-45.12,-18.57,5.49,,92.31,扣非亏损,扣非亏损,亏损
600734.SH,实达集团,165.85,-380.03,18.85,-10.2,8.9,3.92,,0.0,45.83,57.56,-590.07,-69.45,,56.19,扣非亏损,扣非亏损,37.26
600735.SH,新华锦,36.83,68.82,1.5,2.95,3.08,5.91,0.59,0.0,24.83,6.7,-25.17,-24.52,19.97,30.01,-2.81,46.61,23.9
600736.SH,苏州高新,20.84,-16.94,0.88,-3.19,1.85,1.21,0.57,0.0,15.57,4.21,-327.76,9.08,0.51,74.84,扣非亏损,扣非亏损,22.53
600738.SH,丽尚国潮,25.66,35.8,1.87,5.47,5.5,4.93,0.75,0.0,67.06,18.62,-12.62,-25.69,,42.82,-1.39,13.08,9.33
600739.SH,辽宁成大,19.93,58.08,0.64,2.4,2.44,2.6,0.85,0.0,13.99,8.25,17.83,6.58,,33.73,8.83,48.35,16.34
600740.SH,山西焦化,33.16,49.75,0.73,1.5,1.66,1.81,0.99,0.0,-18.99,4.56,-82.1,-16.34,,40.77,-3.04,66.42,39.95
600741.SH,华域汽车,8.76,8.11,0.87,6.93,7.54,3.23,4.61,0.0,12.17,4.28,-1.32,-1.7,1.22,64.48,-4.77,2.34,2.32
600742.SH,一汽富维,13.01,17.52,0.82,4.11,4.98,2.7,2.62,0.0,10.53,3.94,-8.99,-6.3,0.06,55.7,-2.78,8.53,5.22
600743.SH,华远地产,-5.18,-3.08,-33.3,-36.51,-303.47,-0.62,,0.0,19.22,-19.43,-11.54,-45.82,2.01,92.03,扣非亏损,扣非亏损,亏损
600744.SH,华银电力,161.75,-38.54,5.94,1.34,1.95,1.81,,0.0,7.93,0.68,1329.86,-21.79,0.1,92.17,扣非亏损,扣非转亏,165.89
600745.SH,闻泰科技,102.17,-71.94,1.57,0.19,1.11,1.67,0.3,0.0,10.01,0.81,-96.4,19.7,57.03,51.31,扣非亏损,扣非转亏,184.1
600746.SH,江苏索普,30.91,23.07,1.58,3.8,3.91,3.36,,0.0,10.88,4.2,232.7,26.23,0.78,18.58,0.88,12.13,15.81
600748.SH,上实发展,-19.63,-12.2,0.75,-3.1,-2.82,-0.02,0.6,0.0,15.72,-19.59,-330.99,-68.5,0.37,62.92,扣非亏损,扣非亏损,亏损
600749.SH,西藏旅游,101.74,-966.71,2.59,0.99,1.94,1.53,,0.0,36.22,11.83,-51.91,-3.22,,29.47,扣非亏损,扣非转亏,104.63
600751.SH,海航科技,59.97,138.02,1.2,1.38,1.51,0.76,,0.0,6.52,13.36,72.5,167.91,,22.03,0.82,199.61,79.43
600753.SH,庚星股份,-17.55,-18.97,10.59,-35.48,-36.09,-20.28,,0.0,0.11,-29.12,-102.33,-48.92,,46.05,扣非亏损,扣非亏损,亏损
600755.SH,厦门国贸,15.55,-16.64,0.72,-2.16,1.42,2.07,7.17,0.0,1.43,0.25,-217.34,-28.55,1.11,66.71,扣非亏损,扣非亏损,21.9
600756.SH,浪潮软件,-46.18,994.15,2.63,-4.25,-4.17,-2.46,0.25,0.0,39.75,-9.35,-420.43,-23.7,0.22,46.16,-41.95,扣非亏损,亏损
600757.SH,长江传媒,11.25,14.14,1.12,7.24,7.49,6.09,5.37,0.0,35.53,13.22,-19.18,3.48,,33.4,4.06,3.91,3.0
600758.SH,辽宁能源,61.71,85.6,0.91,2.46,1.12,2.2,,229.77,21.21,1.53,302.58,-4.13,0.04,59.13,-20.72,34.85,55.1
600759.SH,洲际油气,53.6,46.66,1.35,2.13,1.89,3.57,,0.0,58.66,9.59,12.79,-6.09,,31.43,-7.67,43.86,56.72
600760.SH,中航沈飞,69.44,70.19,10.55,11.5,11.35,3.41,0.95,0.0,12.48,7.14,-22.31,-26.95,,67.25,-2.6,12.2,12.24
600761.SH,安徽合力,11.21,13.56,1.61,10.73,12.64,7.61,3.29,0.0,21.53,8.82,13.84,2.11,0.6,42.18,6.43,2.53,1.77
600763.SH,通策医疗,36.44,50.56,5.87,12.46,12.49,11.51,0.57,0.0,41.82,26.95,-0.47,2.21,1.62,27.74,22.88,8.11,5.84
600764.SH,中国海防,112.09,84.59,2.75,1.37,1.83,1.55,0.53,0.0,35.55,8.6,28.89,-3.49,,28.46,-24.23,123.83,122.5
600765.SH,中航重机,25.18,27.72,2.76,8.09,8.48,4.78,1.41,0.0,31.48,14.17,-6.1,-5.56,0.53,51.61,-4.98,6.85,5.94
600768.SH,宁波富邦,-224.27,-148.44,3.25,-1.2,-1.08,-1.03,,-982.26,1.14,-1.49,-50.27,29.51,,34.72,扣非亏损,扣非亏损,亏损
600769.SH,祥龙电业,321.87,403.47,48.71,11.1,12.03,4.74,,0.0,30.31,19.67,12.53,13.96,0.4,68.55,28.89,72.73,53.51
600770.SH,综艺股份,73.79,-78.86,2.14,-0.68,2.19,1.49,,0.0,31.68,24.29,45.69,-7.79,0.7,14.16,扣非亏损,扣非亏损,67.39
600771.SH,广誉远,109.0,72.9,6.58,4.27,4.63,3.77,,0.0,73.98,8.99,-18.13,-7.93,,33.9,-9.19,34.18,47.08
600773.SH,西藏城投,-67.7,-90.91,2.88,-3.51,-3.51,-0.68,0.09,0.0,55.18,-83.46,-343.89,-84.44,,69.28,扣非亏损,扣非亏损,亏损
600774.SH,汉商集团,718.95,-254.72,1.42,-0.7,0.15,1.17,,0.0,54.02,-0.47,-132.98,-11.06,15.9,48.29,扣非亏损,扣非亏损,9669.81
600775.SH,南京熊猫,-76.21,-31.05,3.14,-3.44,-3.04,-1.14,,0.0,14.57,-3.54,-147.7,-6.06,,34.18,扣非亏损,扣非亏损,亏损
600776.SH,东方通信,111.71,-3348.82,4.47,-0.48,3.0,2.64,0.54,0.0,9.83,5.19,-69.73,2.39,0.2,19.92,扣非亏损,扣非亏损,74.47
600777.SH,ST新潮,7.23,6.0,0.74,8.75,7.89,7.13,,0.0,50.55,25.69,-2.32,-0.82,,36.46,-7.29,1.37,1.83
600778.SH,友好集团,119.0,-28.12,7.92,1.64,5.2,1.82,,0.0,29.55,1.08,103.63,-7.32,,93.66,扣非亏损,扣非转亏,45.77
600779.SH,水井坊,18.63,20.92,5.62,23.69,23.64,17.24,1.56,0.0,82.94,29.7,11.15,5.56,,44.02,3.76,1.77,1.58
600780.SH,通宝能源,14.23,14.34,0.96,5.04,5.16,4.72,2.2,0.0,8.3,4.88,-29.62,-2.85,,27.01,-5.03,5.69,5.51
600782.SH,新钢股份,-16.55,-7.36,0.5,-4.67,-2.22,-0.68,4.3,0.0,-0.5,-1.82,-644.42,-49.94,0.03,49.09,扣非亏损,扣非亏损,亏损
600783.SH,鲁信创投,26.86,20.82,2.28,6.54,6.54,5.59,0.95,0.0,39.49,526.52,1042.56,-24.16,,45.65,-0.86,6.36,8.21
600784.SH,鲁银投资,12.46,16.95,1.36,8.25,8.46,6.18,0.98,0.0,25.1,10.24,0.1,-6.74,0.54,38.03,-2.51,4.11,2.95
600785.SH,新华百货,18.53,28.97,1.21,4.55,4.95,3.04,1.35,0.0,26.45,1.91,-20.22,2.34,0.06,76.27,12.36,12.74,7.49
600787.SH,中储股份,22.68,47.03,0.85,1.18,2.81,2.6,2.51,0.0,2.81,0.93,-31.26,-5.46,0.59,37.9,-8.62,79.47,16.12
600789.SH,鲁抗医药,17.44,45.95,2.07,3.56,9.23,4.65,1.26,5.98,21.82,7.65,0.61,-1.37,,55.92,-33.5,12.92,1.89
600790.SH,轻纺城,18.76,31.11,0.88,3.29,3.6,2.34,2.52,0.0,47.77,31.46,-12.69,12.03,0.18,46.55,2.59,18.89,10.42
600791.SH,京能置业,-15.84,-7.91,3.14,-8.79,-12.36,0.99,,0.0,16.8,-1.11,56.8,36.04,,88.34,扣非亏损,扣非亏损,亏损
600792.SH,云煤能源,-11.08,-11.15,1.36,-9.53,-9.09,-1.97,1.48,0.0,-0.17,-5.99,-325.66,-6.54,,67.0,扣非亏损,扣非亏损,亏损
600793.SH,宜宾纸业,-12.46,-12.09,4.79,-28.26,-25.17,-3.85,,0.0,1.91,-11.95,-104.1,-13.8,,81.19,扣非亏损,扣非亏损,亏损
600796.SH,钱江生化,25.62,21.79,1.36,3.93,4.03,2.76,0.53,0.0,23.75,8.25,-2.16,-2.09,,53.09,-10.43,11.08,12.72
600797.SH,浙大网新,-106.3,-103.57,2.14,-2.29,-1.48,-0.74,0.61,0.0,21.2,-3.26,-67.85,-6.22,0.06,38.73,扣非亏损,扣非亏损,亏损
600798.SH,宁波海运,-334.33,-221.81,0.98,-0.69,-0.22,0.43,0.82,0.0,5.62,-0.49,-132.72,-0.98,,21.32,扣非亏损,扣非亏损,亏损
600800.SH,渤海化学,-4.45,-4.53,1.71,-25.71,-25.3,-12.35,,0.0,-9.07,-15.91,-39.3,37.71,,51.52,扣非亏损,扣非亏损,亏损
600801.SH,华新水泥,19.61,19.06,1.03,3.68,3.91,4.06,4.26,0.0,24.02,6.39,-41.69,2.29,2.38,51.52,8.31,10.37,10.03
600802.SH,福建水泥,-8.98,-7.4,1.83,-15.19,-14.83,-4.28,,0.0,-5.96,-19.1,24.67,-25.26,,71.59,扣非亏损,扣非亏损,亏损
600803.SH,新奥股份,12.97,18.13,2.66,12.72,15.03,6.99,3.92,0.0,13.72,6.93,42.01,2.92,0.96,57.05,6.2,2.85,1.73
600804.SH,*ST鹏博,-5.71,-5.5,5.38,-48.32,-49.61,-3.96,,0.0,11.91,-29.69,-1243.29,-46.49,4.99,94.08,扣非亏损,扣非亏损,亏损
600805.SH,悦达投资,119.31,-58.29,0.91,-1.19,0.52,0.57,,0.0,5.85,0.27,57.63,7.31,,46.59,扣非亏损,扣非亏损,458.87
600807.SH,济南高新,-64.24,-25.08,22.39,-24.06,-23.59,-1.82,,0.0,17.7,-23.67,4.91,-46.51,29.12,75.03,扣非亏损,扣非亏损,亏损
600808.SH,马钢股份,-5.64,-8.15,0.76,-9.9,-9.57,-2.6,,0.0,-0.35,-4.49,-30.95,-16.78,,63.74,扣非亏损,扣非亏损,亏损
600809.SH,山西汾酒,18.23,22.3,8.15,36.8,33.87,32.46,1.89,0.0,76.03,36.23,20.41,17.25,,31.01,1.29,1.21,1.08
600810.SH,神马股份,218.45,414.21,1.05,0.11,0.34,1.04,1.84,0.0,11.08,0.67,-83.28,8.21,,60.5,50.44,7357.2,1285.0
600811.SH,东方集团,70.88,-9.51,0.74,0.52,0.78,1.68,,0.0,15.34,13.98,140.46,-86.95,1.29,53.75,扣非亏损,扣非转亏,181.74
600812.SH,华北制药,73.97,219.76,1.88,1.55,1.91,2.58,0.18,0.0,30.26,1.94,1053.17,-5.2,0.05,69.57,-42.29,284.3,77.41
600814.SH,杭州解百,16.33,20.86,1.44,6.31,6.76,5.78,2.05,0.0,77.06,30.04,-12.12,-14.77,0.01,45.07,-1.41,6.61,4.83
600815.SH,厦工股份,492.45,-27.88,3.24,-2.33,0.5,2.72,,0.0,24.76,8.15,54.68,-11.37,,26.54,扣非亏损,扣非亏损,1969.81
600816.SH,建元信托,649.34,156.74,2.64,1.06,0.32,0.21,,0.0,,,139.94,195.97,,36.82,0.8,296.85,4058.36
600817.SH,宇通重工,35.29,32.58,2.58,4.03,5.33,3.75,3.96,0.0,19.77,5.87,98.3,24.42,,43.93,1.33,16.16,13.24
600818.SH,中路股份,1200.1,345.27,7.52,0.97,0.47,0.25,,0.0,15.49,-0.25,-49.31,8.14,,33.22,42.41,709.18,5106.79
600819.SH,耀皮玻璃,40.65,89.58,1.51,2.31,2.82,1.83,0.1,0.0,16.09,2.78,164.96,4.14,0.55,42.46,21.63,77.61,28.83
600820.SH,隧道股份,11.15,8.6,0.75,4.29,5.11,2.03,5.73,40.02,11.65,3.77,-8.53,-8.57,0.16,76.96,-1.0,2.01,2.18
600822.SH,上海物贸,82.71,217.45,4.2,1.23,3.89,1.57,,0.0,4.98,0.87,-56.46,-22.39,,51.96,-9.71,352.75,42.52
600824.SH,益民集团,82.94,577.38,1.64,1.49,1.49,1.57,0.44,0.0,39.44,5.01,-45.89,-15.32,,15.54,-37.69,776.72,111.32
600825.SH,新华传媒,546.6,-369.93,2.89,-0.61,0.4,0.56,0.29,0.0,32.33,1.23,-349.58,2.26,,40.73,扣非亏损,扣非亏损,2732.98
600827.SH,百联股份,8.75,252.18,0.98,0.85,8.72,4.0,1.26,0.0,25.38,6.86,-45.25,-8.31,0.74,62.35,-30.34,593.58,2.01
600828.SH,茂业商业,27.77,-417.24,0.8,1.89,2.19,2.27,0.74,0.0,64.37,7.38,20.51,-12.75,15.0,59.55,扣非亏损,扣非转亏,25.36
600829.SH,人民同泰,16.28,18.07,1.56,6.85,7.32,3.97,1.84,0.0,8.87,2.68,-17.16,-1.88,,59.13,-9.62,5.27,4.45
600830.SH,香溢融通,71.56,97.16,2.52,2.54,2.67,2.59,0.21,0.0,63.26,33.98,358.44,53.44,,43.14,1.82,76.47,53.62
600831.SH,ST广网,-2.64,-1.71,0.77,-20.13,-19.71,-3.42,,0.0,5.71,-49.42,-733.56,-35.2,,77.06,扣非亏损,扣非亏损,亏损
600833.SH,第一医药,16.72,-435.81,2.93,0.74,13.89,9.67,1.04,0.0,16.71,10.76,-70.21,2.48,,41.49,扣非亏损,扣非转亏,2.41
600838.SH,上海九百,110.7,110.36,2.65,1.83,1.88,1.51,0.6,0.0,18.95,41.79,-39.44,2.97,0.0,7.79,37.2,120.89,117.76
600841.SH,动力新科,-5.5,-3.39,2.17,-27.19,-25.83,-7.4,,0.0,3.25,-24.13,-16.5,-19.78,,71.88,扣非亏损,扣非亏损,亏损
600843.SH,上工申贝,-196.81,-59.65,3.16,-2.03,-1.16,0.44,0.87,0.0,18.37,-0.87,-265.44,25.71,2.45,47.32,扣非亏损,扣非亏损,亏损
600844.SH,丹化科技,-11.17,-7.15,8.71,-44.06,-45.15,-16.73,,0.0,-18.64,-43.23,-7.48,-9.66,,61.16,扣非亏损,扣非亏损,亏损
600845.SH,宝信软件,33.13,34.14,7.65,16.78,17.41,9.87,2.05,0.0,36.06,20.14,4.7,10.64,0.38,44.35,3.21,4.07,3.81
600846.SH,同济科技,12.93,18.18,1.33,4.56,7.79,3.14,2.15,0.0,11.07,11.02,-21.18,-35.59,1.08,64.33,-0.51,7.97,3.32
600847.SH,万里股份,-46.02,-41.48,2.4,-3.78,-3.84,-3.56,,0.0,5.85,-6.56,-66.89,-4.93,,7.11,扣非亏损,扣非亏损,亏损
600848.SH,上海临港,36.43,41.23,1.61,3.08,3.28,1.97,1.99,0.0,63.83,23.14,-4.04,20.69,0.04,62.92,1.99,26.73,22.21
600850.SH,电科数字,41.87,32.29,3.72,6.61,6.72,2.95,2.07,0.0,19.54,4.3,10.67,2.49,,55.09,12.95,9.77,12.46
600851.SH,海欣股份,40.08,45.49,1.7,3.22,3.46,3.01,0.95,0.0,57.29,25.1,2.9,-36.05,,15.94,-1.26,28.3,23.17
600853.SH,龙建股份,13.05,10.66,1.35,7.18,7.98,1.56,0.82,0.0,13.22,2.18,31.81,4.46,0.02,82.59,2.39,2.97,3.27
600854.SH,春兰股份,14.21,17.93,1.07,5.42,5.66,4.83,2.66,0.0,35.75,180.64,-1.6,-49.07,,7.35,-0.37,6.62,5.02
600855.SH,航天长峰,-50.11,-23.28,3.78,-6.13,-5.51,-2.57,0.03,0.0,26.52,-15.75,-30.72,-23.47,0.59,51.21,扣非亏损,扣非亏损,亏损
600857.SH,宁波中百,-146.35,80.67,1.85,1.5,-0.94,-1.58,0.9,0.0,5.92,-1.14,-52.28,-27.35,,15.04,-2.95,107.47,亏损
600859.SH,王府井,32.37,45.46,0.93,1.81,2.15,2.19,1.25,0.0,40.17,5.17,-39.12,-8.27,5.97,49.59,-5.5,50.11,30.07
600860.SH,京城股份,-273.55,-150.87,5.54,-2.66,-1.52,0.33,,0.0,15.56,-0.75,47.95,9.76,12.26,53.11,扣非亏损,扣非亏损,亏损
600861.SH,北京人力,14.27,24.86,1.91,6.49,10.32,6.39,2.58,0.0,5.73,2.56,137.92,15.46,0.3,57.48,1.61,7.66,2.77
600862.SH,中航高科,31.21,34.4,5.55,13.74,13.95,11.28,1.01,0.0,38.52,24.12,12.13,5.48,,28.27,6.28,5.01,4.47
600863.SH,内蒙华电,8.94,13.48,1.77,12.66,14.77,8.6,4.74,0.0,22.19,16.6,11.04,-2.36,0.3,37.85,-5.71,2.13,1.21
600864.SH,哈投股份,43.36,47.33,1.19,1.58,2.1,0.74,,0.0,13.77,19.06,446.01,-4.37,0.03,69.92,-10.82,60.06,41.3
600865.SH,百大集团,21.52,49.59,1.61,2.7,5.46,7.24,2.82,0.0,89.92,92.26,-17.51,-6.27,,7.77,-7.91,36.7,7.88
600866.SH,星湖科技,12.18,10.77,1.44,10.03,8.88,6.54,8.15,0.0,15.72,5.33,62.99,0.48,1.56,45.73,22.49,2.15,2.74
600867.SH,通化东宝,-195.49,31.71,2.69,1.98,-0.96,-1.51,2.31,0.0,74.47,-4.59,-82.16,-30.78,,9.74,-1.03,32.02,亏损
600868.SH,梅雁吉祥,311.02,-40.5,2.13,0.6,0.05,0.04,,0.0,37.56,-3.6,-56.36,7.04,2.31,22.73,扣非亏损,扣非转亏,12173.0
600869.SH,远东股份,-90.86,-61.77,2.69,-2.46,-2.17,0.66,1.59,0.0,10.31,-0.82,-134.67,4.78,13.49,78.68,扣非亏损,扣非亏损,亏损
600871.SH,石化油服,47.78,103.49,4.77,4.9,8.09,2.38,,0.0,7.92,1.23,15.74,-1.72,,88.08,-60.31,42.21,11.81
600872.SH,中炬高新,24.67,30.91,3.88,11.51,12.15,10.43,1.42,0.0,37.36,16.14,19.25,-0.17,0.03,27.11,-177.97,5.37,4.06
600873.SH,梅花生物,10.57,10.21,1.91,12.25,13.92,9.72,4.4,33.87,18.9,10.68,-15.7,-8.99,0.08,37.46,-1.14,0.83,0.76
600874.SH,创业环保,10.81,12.26,1.02,6.66,7.26,4.47,2.99,0.0,37.26,21.62,2.94,3.91,1.4,58.11,3.14,3.68,2.98
600875.SH,东方电气,14.45,21.47,1.31,6.52,6.8,2.46,3.25,0.0,15.74,5.88,-8.19,6.89,,69.34,3.12,6.58,4.25
600876.SH,凯盛新能,-20.54,-40.04,1.55,-6.02,-5.49,-1.76,,0.0,1.98,-6.88,-402.9,-21.91,0.37,62.16,扣非亏损,扣非亏损,亏损
600877.SH,电科芯片,234.25,115.27,7.51,1.88,2.0,1.89,,0.0,30.55,8.12,-45.3,-14.24,,14.95,-8.1,122.88,234.25
600879.SH,航天电子,45.72,241.18,1.66,0.98,2.74,1.62,0.62,0.0,22.8,6.45,-57.48,-28.74,,47.11,-8.39,491.1,33.37
600880.SH,博瑞传播,320.52,1947.97,1.73,0.34,0.4,0.56,0.2,0.0,45.28,3.91,-72.89,-29.14,12.97,18.72,-66.86,11529.87,1602.59
600881.SH,亚泰集团,-3.94,-1.78,1.51,-25.63,-25.25,-0.23,,0.0,23.16,-30.38,3.59,-33.82,11.82,88.14,扣非亏损,扣非亏损,亏损
600882.SH,妙可蓝多,84.76,134.81,2.19,1.43,1.82,2.08,,0.0,28.93,2.37,3354.68,-9.4,8.76,43.36,-14.35,188.13,93.15
600883.SH,博闻科技,21.82,25.89,1.78,4.79,6.26,5.69,0.59,0.0,6.46,280.54,-32.59,139.63,,5.45,0.19,10.8,6.97
600884.SH,杉杉股份,657.44,-49.94,0.92,0.16,0.1,1.11,1.47,0.0,15.09,0.39,-94.52,-9.69,3.83,51.74,扣非亏损,扣非转亏,12522.71
600885.SH,宏发股份,19.83,23.14,3.81,13.72,14.48,10.34,1.59,0.0,35.17,15.42,11.14,9.97,0.11,40.7,2.32,3.37,2.74
600886.SH,国投电力,12.9,16.36,2.01,10.4,11.63,5.83,3.75,0.0,39.96,26.66,5.43,4.34,0.13,62.16,3.77,3.15,2.22
600887.SH,伊利股份,13.24,19.03,3.41,15.5,19.32,7.88,4.49,0.0,34.81,12.28,0.65,-8.59,8.52,60.19,-2.22,2.45,1.37
600888.SH,新疆众和,9.02,9.08,0.99,7.66,8.6,5.81,1.66,0.0,12.13,15.9,-25.46,13.27,,37.15,0.68,2.37,2.1
600889.SH,南京化纤,-12.1,-9.95,3.59,-20.21,-20.04,-10.79,,0.0,-7.65,-41.06,-58.02,30.29,,59.18,扣非亏损,扣非亏损,亏损
600892.SH,大晟文化,-134.13,-51.68,22.13,-13.34,-11.65,-4.35,,0.0,91.5,-13.01,36.23,-30.07,92.28,53.83,扣非亏损,扣非亏损,亏损
600893.SH,航发动力,130.03,119.33,3.16,1.72,1.82,1.18,0.43,0.0,12.04,3.15,-19.62,-1.33,,60.16,-89.39,138.63,142.89
600897.SH,厦门空港,12.45,16.62,1.4,6.85,8.64,9.72,2.08,0.0,36.03,27.93,30.59,13.86,,16.86,1.2,4.85,2.88
600898.SH,*ST美讯,-12.09,-5.37,-4.39,,,-10.93,,0.0,-92.2,-418.76,34.83,-73.96,,120.38,扣非亏损,,
600900.SH,长江电力,18.09,19.86,3.21,13.59,13.54,7.29,3.51,0.0,61.19,42.78,30.42,14.65,0.51,61.04,1.36,2.92,2.67
600901.SH,江苏金租,10.5,11.07,1.34,10.7,11.87,,6.61,0.0,,56.25,8.73,8.76,,82.31,1.26,2.07,1.77
600903.SH,贵州燃气,53.35,215.06,2.86,3.8,3.93,3.51,0.46,0.0,15.96,3.77,-25.02,8.89,1.85,61.18,24.2,113.3,27.15
600905.SH,三峡能源,20.4,20.53,1.62,6.05,5.98,3.13,1.78,0.0,53.47,28.7,-4.89,12.81,1.7,70.27,1.6,6.78,6.82
600906.SH,财达证券,52.11,60.48,2.21,3.17,3.17,,1.33,0.0,,21.7,-32.6,-3.21,0.15,76.03,-18.85,38.19,32.88
600908.SH,无锡银行,5.52,6.12,0.63,7.85,8.68,,3.96,0.0,,48.82,6.11,3.82,,91.0,1.6,1.56,1.27
600909.SH,华安证券,20.52,21.74,1.45,5.29,5.3,,2.05,0.0,,35.86,21.33,16.79,0.02,75.9,1.29,8.22,7.74
600916.SH,中国黄金,15.18,16.78,2.05,9.45,9.93,7.15,4.56,0.0,4.2,1.61,2.69,12.73,0.06,40.0,1.32,3.55,3.06
600919.SH,江苏银行,4.45,5.4,0.72,10.11,12.25,,7.03,0.0,,47.02,10.95,6.18,,91.91,0.87,1.07,0.73
600925.SH,苏能股份,22.86,22.33,2.4,7.74,7.83,5.41,7.44,0.0,33.64,13.83,-33.13,20.68,,54.26,1.08,5.77,5.84
600928.SH,西安银行,6.56,6.8,0.52,6.07,6.07,,1.68,0.0,,34.87,1.34,9.69,,92.73,0.7,2.24,2.16
600929.SH,雪天盐业,21.52,21.6,1.27,3.56,4.33,3.42,3.1,0.0,27.22,8.06,-42.46,-5.97,1.27,27.72,-3.61,12.14,9.94
600933.SH,爱柯迪,15.19,15.53,1.89,9.46,9.81,6.76,1.32,0.0,29.05,15.49,15.6,17.46,1.64,41.49,0.89,3.28,3.1
600935.SH,华塑股份,-34.55,-67.75,1.59,-3.56,-3.38,-2.58,0.09,0.0,8.3,-5.63,-256.75,-4.83,,40.06,扣非亏损,扣非亏损,亏损
600936.SH,广西广电,-7.1,-6.1,6.22,-51.49,-49.47,-6.03,,0.0,0.5,-65.33,-29.25,-14.59,,87.88,扣非亏损,扣非亏损,亏损
600939.SH,重庆建工,-105.97,-16.83,0.94,-1.82,-0.63,0.6,0.3,0.0,6.77,-0.26,-180.14,-37.71,,89.92,扣非亏损,扣非亏损,亏损
600955.SH,维远股份,73.0,108.71,0.99,0.91,1.01,0.72,0.31,0.0,1.64,1.22,9.63,46.39,,36.36,2.34,238.21,144.55
600956.SH,新天绿能,16.47,15.14,1.53,6.81,6.96,3.79,2.63,0.0,19.91,10.93,0.04,20.31,0.63,67.57,0.75,4.44,4.73
600958.SH,东方证券,22.25,31.63,1.28,3.98,4.16,,1.72,30.06,,23.46,17.26,2.81,0.04,79.07,11.27,7.94,5.35
600959.SH,江苏有线,60.92,-79.69,0.81,-0.4,1.0,0.87,0.67,0.0,23.53,4.67,45.43,4.46,0.2,37.58,扣非亏损,扣非亏损,121.83
600960.SH,渤海汽车,-13.49,-11.57,0.75,-4.46,-4.21,-1.62,,0.0,7.5,-5.64,-67.0,-5.8,,42.66,扣非亏损,扣非亏损,亏损
600961.SH,株冶集团,12.41,16.58,3.59,13.28,21.74,8.57,,0.0,9.11,4.14,3.59,-2.82,,51.78,-5.87,2.5,1.14
600962.SH,国投中鲁,3695.77,423.04,4.9,-0.23,0.1,1.3,,0.0,14.93,0.56,-103.89,14.56,6.98,56.25,29.05,转盈,73915.3
600963.SH,岳阳林纸,-90.2,-110.19,1.37,-0.56,-1.1,-0.01,,0.0,6.9,-1.83,-173.14,-22.13,5.37,50.94,扣非亏损,扣非亏损,亏损
600965.SH,福成股份,90.61,-336.77,1.64,1.47,1.35,1.65,0.78,0.0,25.93,3.91,-77.6,-15.47,,17.54,扣非亏损,扣非转亏,134.13
600966.SH,博汇纸业,36.16,15.94,1.06,1.77,2.22,2.17,0.47,0.0,10.72,1.07,156.42,2.12,,71.02,7.53,17.96,32.58
600967.SH,内蒙一机,29.23,23.82,1.23,3.06,3.15,1.8,3.03,49.72,11.56,5.12,-39.54,-9.38,,41.47,-2.54,7.8,9.28
600968.SH,海油发展,12.39,13.12,1.7,9.83,10.5,7.52,3.86,0.0,14.61,8.23,26.47,6.59,,41.62,1.99,2.67,2.36
600969.SH,郴电国际,30.94,-45.52,0.68,0.41,1.67,2.59,,0.0,14.2,3.55,116.46,9.77,0.6,73.81,扣非亏损,扣非转亏,37.06
600970.SH,中材国际,10.66,10.76,1.45,10.42,10.5,5.12,4.28,0.0,18.86,6.85,2.21,0.7,3.59,61.04,15.31,2.06,2.03
600971.SH,恒源煤电,9.36,8.89,0.94,7.59,7.46,5.29,7.62,0.0,38.78,17.46,-40.96,-9.37,,38.7,-0.95,2.34,2.51
600973.SH,宝胜股份,180.7,-143.56,1.57,0.3,0.66,1.58,,0.0,4.72,0.04,-86.48,5.36,2.12,79.34,扣非亏损,扣非转亏,547.58
600975.SH,新五丰,5249.75,-18.56,2.87,-0.21,0.04,1.77,,0.0,5.58,0.29,99.16,36.05,,74.33,扣非亏损,扣非亏损,262487.52
600976.SH,健民集团,16.43,19.8,2.94,11.67,13.93,8.5,1.84,0.0,43.0,11.27,-23.36,-7.58,0.01,42.78,-2.61,3.39,2.36
600977.SH,中国电影,76.85,-147.42,1.98,1.28,1.93,1.32,0.58,0.0,23.08,6.55,-64.81,-28.38,2.46,41.18,扣非亏损,扣非转亏,79.63
600979.SH,广安爱众,15.05,17.44,1.05,4.95,5.37,3.6,1.56,0.0,33.07,10.38,59.38,15.71,1.66,57.79,1.11,7.05,5.6
600981.SH,汇鸿集团,-57.93,-27.34,1.37,-3.65,-1.75,1.18,,0.0,3.6,-0.11,-22.26,4.24,2.98,79.31,扣非亏损,扣非亏损,亏损
600982.SH,宁波能源,17.17,22.02,1.06,3.82,4.69,2.66,3.67,0.0,12.69,7.63,-8.41,-36.18,0.24,65.24,-0.61,11.52,7.32
600983.SH,惠而浦,95.21,90.14,2.67,1.42,2.09,0.77,8.87,0.0,14.13,2.1,-43.68,-14.81,,48.68,-6.09,127.1,91.11
600984.SH,建设机械,-5.9,-4.9,1.07,-12.77,-12.69,-2.32,,0.0,-1.56,-31.67,-74.6,-18.71,5.49,73.98,扣非亏损,扣非亏损,亏损
600985.SH,淮北矿业,7.72,8.38,1.02,10.32,10.21,5.78,6.01,0.0,17.58,6.99,-16.51,1.96,0.4,48.09,4.28,1.62,1.51
600986.SH,浙文互联,41.82,87.05,1.7,1.71,3.07,2.39,,0.0,8.66,2.82,-22.45,-32.07,18.92,37.86,-2.71,101.92,27.24
600987.SH,航民股份,11.95,10.13,1.21,7.36,7.41,7.02,3.42,0.0,15.19,6.45,10.24,18.34,2.87,33.34,0.55,2.75,3.23
600988.SH,赤峰黄金,19.85,21.81,4.11,15.65,16.66,10.16,0.36,0.0,41.96,20.15,84.35,22.93,0.43,50.74,0.95,2.79,2.38
600989.SH,宝丰能源,19.92,17.96,2.91,12.28,11.24,7.39,1.9,0.0,33.76,18.69,18.35,18.99,2.72,52.65,0.95,2.92,3.54
600990.SH,四创电子,-143.23,-13.78,3.63,-3.11,-1.89,-0.37,,0.0,16.61,-3.69,35.06,1.37,,66.06,扣非亏损,扣非亏损,亏损
600992.SH,贵绳股份,-149.16,-283.41,3.14,-1.72,-1.55,-0.53,0.26,32.28,9.58,-1.53,-253.0,-0.42,,56.2,扣非亏损,扣非亏损,亏损
600993.SH,马应龙,18.78,25.98,2.86,11.6,11.77,10.55,1.65,0.0,47.77,16.91,24.62,14.13,0.61,19.4,1.84,4.48,3.19
600995.SH,南网储能,26.37,29.0,1.7,4.98,4.92,4.22,0.97,20.0,51.21,28.42,29.23,11.12,,48.34,2.61,5.82,5.36
600996.SH,贵广网络,-19.21,-7.64,3.96,-20.95,-18.71,-2.73,,0.0,-8.95,-56.54,-48.43,-26.45,0.03,76.16,扣非亏损,扣非亏损,亏损
600997.SH,开滦股份,13.09,15.51,0.79,4.43,4.56,2.69,4.5,0.0,12.71,2.28,-35.4,-8.51,0.07,44.28,-1.82,7.0,5.74
600998.SH,九州通,12.35,15.0,1.13,6.47,7.07,3.28,3.57,0.0,7.96,1.56,-5.68,-0.82,2.46,67.52,-18.35,4.64,3.49
601000.SH,唐山港,12.34,14.02,1.27,7.66,7.81,8.76,5.71,0.0,50.17,39.7,-3.7,-3.75,,9.3,-3.74,3.66,3.16
601001.SH,晋控煤业,8.79,7.94,1.39,12.23,12.3,10.49,6.41,0.0,46.0,26.49,0.88,-0.19,,30.04,-41.75,1.3,1.43
601002.SH,晋亿实业,39.8,62.67,1.04,1.97,1.95,2.48,2.07,0.0,18.92,4.78,1284.31,2.86,0.13,20.67,21.9,63.72,40.82
601003.SH,柳钢股份,-20.38,-10.21,0.98,-3.93,-3.55,0.28,,0.0,3.56,-1.03,46.54,-6.86,,67.72,扣非亏损,扣非亏损,亏损
601005.SH,重庆钢铁,-8.67,-6.91,0.85,-7.07,-7.05,-3.93,,0.0,-5.25,-6.55,-121.62,-31.37,1.78,48.62,扣非亏损,扣非亏损,亏损
601007.SH,金陵饭店,50.15,98.33,1.76,2.2,2.63,3.04,1.49,0.0,26.15,5.27,-7.64,2.6,,36.04,37.79,89.55,38.14
601008.SH,连云港,26.69,34.34,1.26,3.08,3.58,3.06,1.23,0.0,24.81,10.91,20.55,3.36,,56.34,10.22,22.28,14.91
601011.SH,宝泰隆,-14.52,-2.96,0.89,-4.49,-4.51,-2.33,,0.0,-6.06,-25.92,-895.52,-56.05,1.03,47.2,扣非亏损,扣非亏损,亏损
601012.SH,隆基绿能,-16.8,-20.33,2.34,-9.73,-9.72,-5.11,0.74,0.0,7.98,-11.16,-156.35,-37.73,0.26,59.2,扣非亏损,扣非亏损,亏损
601015.SH,陕西黑猫,-9.01,-8.57,1.1,-9.18,-8.79,-2.68,,0.0,-2.11,-7.08,-146.99,-17.63,0.02,56.34,扣非亏损,扣非亏损,亏损
601016.SH,节能风电,13.95,14.8,1.28,6.74,6.81,4.47,2.8,0.0,51.82,31.91,-0.59,-0.39,,58.43,-37.8,4.39,4.1
601018.SH,宁波港,13.57,18.78,0.96,4.3,5.4,5.17,2.56,0.0,29.2,20.61,3.58,13.5,0.72,26.59,1.39,8.74,5.03
601019.SH,山东出版,17.21,17.11,1.52,6.1,6.32,5.44,5.97,0.0,36.44,11.36,-23.36,5.76,,36.65,2.97,5.61,5.45
601020.SH,华钰矿业,59.06,131.33,3.69,4.84,5.15,5.53,0.27,0.0,56.54,23.56,14.73,31.62,,27.55,4.15,54.33,22.94
601021.SH,春秋航空,16.29,25.11,3.19,15.52,15.45,7.61,1.39,0.0,19.05,16.3,0.85,13.29,,58.67,1.89,3.24,2.11
601022.SH,宁波远洋,21.16,22.19,2.02,6.94,7.29,6.25,1.05,0.0,15.62,10.72,17.27,13.63,0.02,30.38,1.63,6.4,5.8
601028.SH,玉龙股份,24.68,24.66,2.75,9.13,8.87,5.94,0.47,0.0,59.64,21.8,-16.84,-19.87,,63.26,-1.24,5.4,5.56
601033.SH,永兴股份,15.36,19.84,1.29,6.79,6.52,4.06,,0.0,43.01,23.5,-0.4,3.08,,57.56,6.43,5.84,4.71
601038.SH,一拖股份,12.05,18.65,2.38,15.12,15.45,8.65,2.19,0.0,16.37,10.39,2.15,4.73,,49.56,3.95,2.47,1.56
601058.SH,赛轮轮胎,11.21,11.61,2.55,18.45,18.69,10.95,1.45,0.0,28.38,13.96,48.96,24.28,1.38,48.89,0.48,1.26,1.2
601061.SH,中信金属,18.19,22.24,1.98,6.52,8.62,5.77,1.95,0.0,0.89,1.81,-6.67,0.29,,58.15,76.06,6.82,4.22
601065.SH,江盐集团,12.49,12.2,1.4,8.21,8.31,7.48,3.06,0.0,36.37,18.48,3.18,-9.02,0.22,23.1,-1.35,2.97,3.01
601066.SH,中信建投,41.56,42.08,3.21,4.29,4.71,,1.06,24.43,,30.08,-33.31,-22.13,,81.75,-1.9,9.8,8.82
601068.SH,中铝国际,45.91,-7.99,6.26,1.76,5.42,1.41,,0.0,8.57,1.84,111.99,7.33,0.01,84.39,扣非亏损,扣非转亏,16.94
601069.SH,西部黄金,67.63,-443.36,2.57,3.88,2.89,3.09,,0.0,10.05,2.55,425.0,51.61,3.09,36.04,扣非亏损,扣非转亏,46.8
601077.SH,渝农商行,4.61,5.81,0.51,7.91,8.37,,7.07,30.0,,49.15,2.63,-1.76,,91.3,-3.3,0.73,0.55
601086.SH,国芳集团,70.11,47.03,2.15,3.6,2.2,1.64,3.42,0.0,45.98,5.94,-43.82,-19.06,,41.61,-2.47,26.11,63.74
601088.SH,中国神华,13.0,13.07,1.92,11.18,11.19,10.38,7.21,0.0,33.69,21.18,-3.72,0.57,,24.1,23.04,2.34,2.32
601089.SH,福元医药,14.72,16.09,2.28,10.98,10.84,8.9,2.9,0.0,67.09,15.86,3.29,3.42,,23.55,4.71,2.93,2.72
601099.SH,太平洋,187.21,260.46,3.54,1.32,1.43,,,0.0,,15.76,-49.06,-16.45,,43.7,-15.84,395.0,261.83
601100.SH,恒立液压,32.06,30.74,5.08,11.78,12.16,9.98,1.28,0.0,41.46,25.87,2.64,9.32,0.0,21.73,3.3,5.22,5.27
601101.SH,昊华能源,8.66,11.18,1.07,9.5,9.64,7.28,5.54,0.0,48.01,23.96,13.55,11.82,,48.76,0.95,2.35,1.8
601106.SH,中国一重,-100.64,-7.91,2.78,-3.06,-2.05,0.5,,0.0,7.01,-1.53,-5499.86,-8.93,,78.6,扣非亏损,扣非亏损,亏损
601107.SH,四川成渝,10.91,14.18,1.02,6.86,7.02,3.53,5.47,0.0,33.86,16.0,5.75,-7.92,,71.63,-1.79,4.13,3.11
601108.SH,财通证券,21.43,19.61,1.2,3.95,4.19,,1.93,0.0,,33.13,-2.1,-10.36,,74.82,-1.89,9.93,10.23
601111.SH,中国国航,70.55,-68.46,3.16,1.11,3.44,1.63,,0.0,6.56,0.6,149.56,21.5,10.79,88.98,扣非亏损,扣非转亏,41.02
601113.SH,华鼎股份,9.37,15.17,1.12,8.43,9.38,5.19,,0.0,17.26,5.31,98.89,-5.39,0.15,35.72,-2.81,3.6,2.0
601116.SH,三江购物,37.32,45.64,1.89,3.09,3.8,2.29,1.84,0.0,26.73,4.08,15.4,0.12,,36.3,385.15,29.5,19.66
601117.SH,中国化学,9.97,9.49,0.84,6.58,6.51,2.39,2.8,0.0,9.08,3.14,4.68,2.34,0.06,69.95,4.05,2.88,3.06
601118.SH,海南橡胶,-42.72,-33.9,2.83,-5.16,-4.82,0.1,0.49,0.0,2.88,-1.82,27.78,32.46,16.42,69.82,扣非亏损,扣非亏损,亏损
601126.SH,四方股份,19.3,22.43,3.55,13.74,14.18,6.66,4.24,0.0,33.7,11.98,14.56,20.22,,56.97,1.11,3.27,2.72
601127.SH,赛力斯,37.64,103.34,15.02,30.23,30.42,5.28,,0.0,25.23,3.2,224.81,539.24,0.47,89.2,0.19,6.84,2.47
601128.SH,常熟银行,5.45,5.78,0.8,11.24,11.22,,3.91,0.0,,38.35,18.56,11.3,0.06,91.83,0.51,1.03,0.97
601136.SH,首创证券,64.97,65.26,5.0,5.89,5.91,,0.59,0.0,,40.45,64.73,42.81,0.97,72.54,1.52,22.14,21.99
601137.SH,博威合金,10.06,10.49,1.92,14.24,14.72,8.02,2.9,0.0,15.74,7.52,33.19,16.48,0.16,55.04,0.64,1.47,1.37
601138.SH,工业富联,25.57,24.11,3.6,10.39,10.04,5.8,3.84,0.0,6.82,3.47,8.87,32.71,0.22,53.32,0.74,4.64,5.09
601139.SH,深圳燃气,15.14,15.94,1.43,6.79,7.07,3.46,2.32,0.0,16.32,5.54,-2.59,-10.58,18.74,59.67,-1.51,4.69,4.28
601155.SH,新城控股,17.91,-134.84,0.56,2.43,2.39,1.29,,0.0,20.19,2.95,-27.63,-27.66,,75.45,扣非亏损,扣非转亏,14.99
601158.SH,重庆水务,25.03,160.28,1.43,3.73,4.26,3.3,2.98,0.0,30.62,14.35,-52.61,-11.65,0.13,49.59,-13.75,85.84,11.75
601162.SH,天风证券,-70.64,-76.08,2.19,-2.35,-2.3,,,0.0,,-37.71,-251.96,-48.37,0.22,74.46,扣非亏损,扣非亏损,亏损
601163.SH,三角轮胎,10.14,12.1,0.9,5.37,6.73,5.18,4.65,0.0,18.73,11.61,-21.4,-3.28,,29.89,-3.69,4.51,3.01
601166.SH,兴业银行,4.62,5.21,0.52,7.52,8.19,,6.42,0.0,,38.35,-3.05,1.81,0.06,91.47,2.88,1.39,1.13
601168.SH,西部矿业,12.23,14.98,2.64,17.22,17.01,10.92,3.5,0.0,22.43,12.65,17.84,13.93,0.07,59.61,1.08,1.74,1.44
601169.SH,北京银行,4.38,4.66,0.45,6.08,7.81,,7.06,17.4,,39.93,1.87,4.06,,91.18,1.15,0.77,0.56
601177.SH,杭齿前进,14.37,18.28,1.42,6.67,7.73,4.34,0.48,0.0,18.86,11.77,3.69,14.58,,47.0,1.25,5.48,3.72
601186.SH,中国铁建,6.29,6.29,0.51,4.68,5.56,1.72,4.6,0.0,9.16,2.63,-19.84,-5.99,0.01,76.83,-1.05,2.69,2.26
601187.SH,厦门银行,5.53,5.65,0.57,6.34,7.04,,6.11,32.62,,48.33,-5.91,-3.07,,92.12,-1.84,0.89,0.78
601188.SH,龙江交通,24.95,45.93,1.08,3.4,3.25,3.27,1.59,0.0,45.73,35.33,-19.01,-11.4,0.28,10.61,-4.03,27.0,15.35
601200.SH,上海环境,17.23,20.5,1.04,4.52,4.6,3.21,1.11,0.0,29.95,14.07,7.82,-0.91,0.12,55.63,-22.63,9.07,7.49
601208.SH,东材科技,24.66,40.74,1.78,3.49,5.16,3.05,1.21,0.0,14.6,6.86,-14.02,14.85,0.04,55.42,2.74,23.33,9.56
601212.SH,白银有色,-58.76,-189.34,1.61,-2.24,-2.04,2.76,0.13,0.0,4.71,0.32,-483.45,-0.74,3.13,65.41,扣非亏损,扣非亏损,亏损
601216.SH,君正集团,13.99,17.13,1.58,7.86,8.34,6.29,8.56,0.0,19.82,12.49,1.71,30.02,5.68,37.23,0.57,4.36,3.35
601222.SH,林洋能源,13.0,17.36,1.0,5.49,5.79,4.83,4.74,0.0,32.48,17.74,5.17,8.76,,35.21,1.98,6.32,4.49
601226.SH,华电科工,48.78,78.16,1.64,2.01,2.54,1.16,0.4,0.0,11.98,2.17,41.32,25.1,2.99,59.57,3.11,77.63,38.41
601228.SH,广州港,24.68,27.78,1.3,4.03,4.01,3.26,1.37,0.0,24.71,10.0,4.77,2.59,0.74,51.0,10.71,13.78,12.31
601229.SH,上海银行,4.93,5.11,0.51,7.18,7.79,,7.71,30.67,,44.49,2.28,0.68,,92.34,7.47,0.71,0.63
601231.SH,环旭电子,19.67,21.82,1.99,6.12,7.53,4.33,1.79,0.0,9.81,2.95,-17.28,2.21,3.47,56.7,9.89,7.14,5.22
601233.SH,桐昆股份,22.96,55.24,0.85,2.3,2.8,1.79,0.28,0.0,5.14,1.34,21.76,23.17,,66.67,2.38,48.13,16.4
601279.SH,英利汽车,114.53,100.99,1.59,0.77,1.04,0.87,0.34,0.0,10.61,1.21,-42.3,-10.86,1.15,39.28,-9.3,261.53,220.25
601298.SH,青岛港,10.56,11.14,1.31,9.41,9.45,8.78,4.74,27.86,35.96,31.01,4.75,2.34,0.06,24.67,4.76,1.18,1.12
601311.SH,骆驼股份,16.03,16.46,1.1,5.16,5.16,3.53,3.37,0.0,14.99,4.47,25.41,9.9,3.55,35.73,1.66,6.38,6.21
601319.SH,中国人保,6.94,8.69,1.26,14.22,14.2,,3.22,12.28,,10.35,78.23,12.16,0.05,78.54,0.71,0.61,0.49
601326.SH,秦港股份,11.02,13.08,1.02,6.75,7.08,6.03,2.91,0.0,38.84,26.9,1.39,-5.45,,27.85,-2.4,3.88,3.11
601328.SH,交通银行,5.85,5.87,0.56,6.15,6.8,,6.53,29.84,,35.39,-0.74,-1.39,,92.19,-4.22,0.95,0.86
601330.SH,绿色动力,13.9,15.8,1.18,6.28,6.3,4.42,2.26,45.98,45.44,20.95,-5.11,-16.37,,61.55,-0.96,2.51,2.21
601333.SH,广深铁路,15.16,21.65,0.9,4.45,4.51,4.66,2.7,0.0,9.24,6.04,19.48,4.44,1.03,26.41,4.88,9.72,6.72
601336.SH,新华保险,6.3,8.73,1.91,21.12,21.0,,2.73,15.2,,19.34,116.64,72.91,,94.54,0.12,0.41,0.3
601339.SH,百隆东方,14.83,64.36,0.84,2.62,4.24,3.64,6.16,0.0,11.39,6.79,138.59,19.29,,34.39,3.34,49.14,6.99
601360.SH,三六零,-100.35,-65.79,2.54,-2.56,-1.86,-2.66,1.11,0.0,64.74,-10.53,-111.18,-16.76,7.59,21.27,扣非亏损,扣非亏损,亏损
601366.SH,利群股份,140.05,-61.77,1.19,-1.04,0.61,1.92,0.55,0.0,32.27,0.36,-222.37,-5.27,,74.01,扣非亏损,扣非亏损,459.18
601368.SH,绿城水务,24.55,77.2,0.92,2.5,2.76,2.39,0.49,0.0,36.53,7.21,-4.77,7.38,,78.35,10.46,61.78,17.79
601377.SH,兴业证券,34.49,35.68,1.13,2.27,2.31,,1.7,27.51,,20.93,-11.25,-0.52,0.02,78.73,-68.97,15.73,14.93
601388.SH,怡球资源,60.68,66.19,1.39,1.86,1.75,1.69,0.5,0.0,5.83,1.53,-37.2,-1.86,0.35,29.76,-35.62,71.17,69.35
601390.SH,中国中铁,6.14,6.17,0.57,5.56,7.11,1.54,3.7,0.0,8.8,2.74,-15.87,-7.26,0.36,77.0,-0.85,2.22,1.73
601399.SH,国机重装,46.09,65.41,1.78,2.66,2.94,1.33,,0.0,16.22,5.0,28.86,10.11,,53.03,6.47,49.27,31.35
601456.SH,国联证券,71.25,118.73,2.05,2.13,2.18,,1.31,0.0,,20.04,-41.9,-20.04,6.1,81.8,-5.93,111.74,65.37
601500.SH,通用股份,16.32,19.62,1.39,6.35,6.62,3.66,1.35,0.0,16.67,7.63,162.53,35.56,,57.11,0.55,6.18,4.93
601512.SH,中新集团,13.14,12.58,0.81,4.57,4.68,3.17,3.54,0.0,56.11,38.87,-26.81,-23.98,0.47,44.81,-0.52,5.5,5.62
601515.SH,东峰集团,-27.52,-49.16,1.29,-3.46,-3.41,-3.58,0.62,0.0,21.05,-21.8,-271.72,-50.59,6.77,18.2,扣非亏损,扣非亏损,亏损
601518.SH,吉林高速,10.19,10.32,1.01,7.57,7.59,8.3,3.53,0.0,70.18,48.77,-0.88,-7.34,,16.61,-1.41,2.73,2.68
601519.SH,大智慧,-70.38,-58.64,13.13,-12.48,-12.76,-9.86,,0.0,58.61,-39.31,-85.62,-5.42,20.64,27.43,扣非亏损,扣非亏损,亏损
601528.SH,瑞丰银行,5.45,6.49,0.59,7.44,8.35,,3.64,0.0,,43.98,12.1,14.67,,91.42,0.44,1.74,1.31
601566.SH,九牧王,26.42,23.9,1.22,2.62,3.45,2.47,3.01,0.0,65.54,5.83,-29.23,6.0,0.28,32.13,3.98,18.21,15.31
601567.SH,三星医疗,18.12,21.03,3.75,15.4,15.31,10.26,3.17,0.0,36.21,17.47,31.32,25.14,13.26,44.26,0.84,2.73,2.37
601568.SH,北元集团,54.78,111.25,1.5,1.89,2.04,1.16,8.44,0.0,12.8,3.2,-47.59,-10.24,,21.09,-10.86,117.87,53.71
601577.SH,长沙银行,4.3,4.54,0.54,8.72,9.84,,5.57,0.0,,32.52,5.17,3.83,,93.03,1.18,1.04,0.87
601579.SH,会稽山,35.76,34.15,1.48,2.74,3.07,3.1,1.96,0.0,50.15,10.6,2.67,13.52,6.31,14.71,2.53,24.89,23.29
601588.SH,北辰实业,-6.01,-7.6,0.64,-8.2,-7.62,-0.64,1.05,0.0,29.24,-22.25,-1986.16,-54.9,,73.13,扣非亏损,扣非亏损,亏损
601595.SH,上海电影,86.16,305.6,7.24,2.61,6.37,5.36,0.44,0.0,24.27,24.87,-33.76,-11.07,0.69,31.38,-27.61,233.83,27.05
601599.SH,浙文影业,23.97,48.57,2.85,7.84,9.33,5.49,,0.0,16.02,5.33,61.83,9.11,,57.71,5.33,12.39,5.14
601600.SH,中国铝业,12.13,14.02,2.19,13.62,14.09,9.22,1.42,20.05,15.23,8.65,76.81,-7.76,3.18,48.68,-1.81,1.03,0.86
601601.SH,中国太保,7.17,8.64,1.34,14.65,14.6,,4.29,0.0,,12.71,66.43,21.35,0.45,88.83,0.4,1.18,0.98
601606.SH,长城军工,-99.99,-150.07,4.02,-3.43,-3.04,-1.86,0.07,0.0,14.33,-8.07,-1060.66,3.23,,43.77,扣非亏损,扣非亏损,亏损
601608.SH,中信重工,56.92,60.67,2.4,2.68,3.44,1.7,0.74,0.0,21.26,4.78,35.32,-15.87,7.11,51.5,-3.82,45.31,33.1
601609.SH,金田股份,22.96,41.86,1.12,1.58,3.51,3.89,1.77,0.0,2.25,0.31,-55.93,11.78,,68.29,3.55,52.82,13.08
601611.SH,中国核建,14.72,15.4,1.42,5.06,7.02,1.79,1.26,0.0,10.2,2.48,10.55,0.43,0.01,81.2,36.05,6.09,4.19
601615.SH,明阳智能,28.24,-159.52,1.13,2.49,2.93,1.46,2.43,0.0,15.2,4.27,-37.35,-4.14,0.24,65.94,扣非亏损,扣非转亏,19.27
601616.SH,广电电气,55.41,109.45,1.44,1.7,1.9,1.8,1.93,0.0,28.24,8.56,289.89,32.06,8.14,14.82,3.41,128.47,58.33
601618.SH,中国中冶,8.03,13.99,0.72,3.76,4.99,1.43,2.35,0.0,9.04,1.87,-29.26,-11.71,0.03,74.71,-1.2,7.45,3.22
601633.SH,长城汽车,16.73,24.75,3.02,11.48,14.27,6.05,1.19,0.0,20.76,7.33,119.93,19.04,0.04,62.16,1.3,4.31,2.35
601636.SH,旗滨集团,19.03,15.45,1.34,4.61,5.11,2.9,4.82,0.0,19.01,5.93,-45.21,3.72,0.02,58.22,4.15,6.71,7.45
601658.SH,邮储银行,5.19,6.09,0.63,7.61,8.84,,6.0,30.0,,29.19,0.02,0.09,,93.83,69.73,0.8,0.59
601665.SH,齐鲁银行,5.91,5.86,0.73,7.76,8.97,,5.63,0.0,,36.09,19.6,4.26,,93.21,1.38,1.51,1.32
601666.SH,平煤股份,9.47,8.61,1.05,7.51,7.09,5.26,8.56,0.0,27.3,9.47,-32.43,0.78,,58.59,11.1,2.29,2.67
601668.SH,中国建筑,4.95,5.89,0.59,8.38,9.04,2.56,5.64,0.0,8.83,3.21,-9.84,-2.67,0.31,76.16,-2.2,1.41,1.1
601669.SH,中国电建,8.67,9.81,0.75,4.83,6.27,1.81,2.79,0.0,12.42,2.78,-14.41,1.17,0.14,79.03,8.36,4.06,2.77
601677.SH,明泰铝业,8.96,13.17,0.98,7.07,8.52,6.7,1.15,0.0,11.34,5.97,24.85,21.58,0.04,25.17,0.61,3.73,2.1
601678.SH,滨化股份,33.2,33.16,0.74,1.63,1.66,1.81,1.19,0.0,10.33,2.5,-30.89,39.2,0.4,49.03,0.85,40.57,40.0
601686.SH,友发集团,60.44,50.69,1.32,0.45,1.58,1.33,4.88,0.0,2.18,0.31,-92.11,-13.37,2.29,69.25,-3.79,224.49,76.5
601689.SH,拓普集团,29.82,34.92,4.76,12.42,12.43,8.18,0.76,0.0,21.17,11.59,34.83,36.75,1.08,45.63,0.95,5.62,4.8
601698.SH,中国卫通,147.85,464.98,6.05,1.82,3.12,2.22,0.14,0.0,29.53,31.67,-18.78,-5.57,,14.43,-83.47,510.33,94.82
601699.SH,潞安环能,12.52,13.47,1.0,5.94,5.89,5.4,7.25,0.0,40.71,12.92,-61.05,-19.28,,47.15,-0.7,4.53,4.25
601700.SH,风范股份,50.28,52.51,2.13,3.04,3.17,2.47,1.0,0.0,15.93,4.61,116.37,14.84,11.83,62.1,3.54,34.57,31.72
601702.SH,华峰铝业,14.79,15.82,3.3,17.67,17.82,13.56,1.11,0.0,16.55,11.3,31.35,14.7,,31.51,1.08,1.79,1.66
601717.SH,郑煤机,5.78,6.53,1.07,13.09,14.28,8.49,6.64,0.0,24.02,11.91,26.66,2.19,0.37,51.73,2.99,1.0,0.81
601718.SH,际华集团,-232.57,-173.13,0.81,-0.29,-0.26,-0.13,1.06,0.0,13.66,-1.04,-516.12,-9.94,0.02,34.02,扣非亏损,扣非亏损,亏损
601727.SH,上海电气,189.53,-198.8,3.58,0.55,1.43,1.37,,0.0,18.65,3.37,744.33,-2.27,4.16,73.15,扣非亏损,扣非转亏,265.08
601766.SH,中国中车,25.55,24.3,1.51,3.7,4.44,2.29,3.8,0.0,21.21,6.21,21.21,6.67,0.15,59.36,3.64,13.15,11.51
601777.SH,力帆科技,752.06,-255.64,3.83,0.23,0.38,-0.46,,0.0,9.16,-3.43,-47.36,11.19,2.06,43.6,扣非亏损,扣非转亏,3958.19
601778.SH,晶科科技,38.75,62.0,0.74,1.83,1.41,2.3,0.31,0.0,40.07,5.82,-19.27,11.03,,63.41,5.62,67.92,54.96
601788.SH,光大证券,32.75,46.13,1.5,2.89,2.93,,1.82,30.01,,31.34,0.61,-17.39,0.77,74.97,-2.65,15.99,11.18
601789.SH,宁波建工,16.15,17.65,1.08,3.92,4.72,1.58,2.42,0.0,9.55,1.62,-10.29,-5.05,3.06,82.22,-3.49,9.0,6.84
601798.SH,蓝科高新,-84.27,-21.73,1.78,-2.0,-1.6,-0.34,,0.0,15.26,-3.96,55.19,-38.89,,42.62,扣非亏损,扣非亏损,亏损
601800.SH,中国交建,8.68,9.46,0.67,4.38,5.6,1.5,3.85,20.0,11.54,3.91,-11.45,-2.26,1.16,75.19,-4.19,2.16,1.55
601808.SH,中海油服,23.11,23.8,1.74,5.84,5.8,5.31,1.44,0.0,17.24,7.83,12.13,14.08,,46.83,1.69,8.16,7.97
601816.SH,京沪高铁,20.85,22.02,1.39,5.07,5.05,5.15,2.27,0.0,48.17,30.84,12.29,4.77,,21.38,4.61,8.68,8.26
601818.SH,光大银行,4.03,4.97,0.43,6.78,7.24,,5.97,25.09,,37.69,2.18,-8.76,0.22,91.54,-0.57,0.73,0.56
601827.SH,三峰环境,11.03,12.57,1.34,9.28,9.36,5.72,3.13,0.0,35.85,23.61,4.59,-0.47,0.09,52.08,-26.87,2.71,2.36
601828.SH,美凯龙,-6.92,-8.96,0.37,-2.16,-3.88,-0.19,1.19,0.0,59.42,-32.84,-199.1,-29.62,0.19,57.24,扣非亏损,扣非亏损,亏损
601838.SH,成都银行,4.99,4.86,0.85,12.1,13.16,,7.96,0.0,,52.43,11.41,3.23,,93.69,1.51,0.8,0.76
601858.SH,中国科传,63.74,44.7,3.59,3.95,4.18,3.17,1.05,0.0,27.95,11.9,-28.91,0.11,1.15,24.8,403.04,22.65,30.5
601860.SH,紫金银行,5.97,6.7,0.56,7.05,7.07,,3.95,0.0,,39.04,1.22,2.09,,92.76,3.21,1.9,1.69
601865.SH,福莱特,34.04,29.5,2.7,5.59,5.8,4.12,2.31,20.32,19.02,8.91,-36.02,-8.06,,49.28,-3.66,5.27,5.87
601868.SH,中国能建,21.78,14.69,1.01,2.54,3.27,1.56,1.24,18.73,11.54,2.07,-1.35,3.44,1.37,77.56,4.27,5.78,6.66
601869.SH,长飞光纤,28.86,67.24,1.9,2.69,5.01,2.27,1.87,0.0,27.81,5.98,-56.63,-13.31,6.05,51.63,-5.05,49.99,11.52
601877.SH,正泰电器,10.81,11.99,1.21,8.31,8.6,5.53,2.56,0.0,25.41,9.94,12.64,8.89,1.05,62.88,1.35,2.88,2.51
601878.SH,浙商证券,46.47,35.09,2.1,4.53,4.59,,1.34,0.0,,11.0,-5.08,-5.75,0.07,79.88,-6.1,15.48,20.25
601880.SH,辽港股份,32.99,40.33,1.04,1.95,2.36,2.9,1.32,0.0,23.58,13.76,-26.68,-8.65,0.63,26.61,-4.66,41.27,27.96
601881.SH,中国银河,19.25,21.75,1.67,5.2,5.8,,1.83,20.93,,25.71,5.02,6.29,0.8,81.72,3.46,4.18,3.32
601882.SH,海天精工,22.88,24.69,4.77,14.81,16.56,9.59,1.72,0.0,28.03,16.2,-9.55,-0.57,,45.98,-43.33,3.34,2.76
601888.SH,中国中免,30.01,29.4,2.89,7.17,7.23,6.21,1.97,0.0,33.12,10.02,-25.4,-15.38,1.37,20.67,-1.91,8.2,8.3
601890.SH,亚星锚链,31.51,39.08,2.29,4.03,5.4,4.47,1.06,0.0,28.42,13.47,4.37,-1.62,,27.33,-24.12,19.4,11.67
601900.SH,南方传媒,18.27,15.7,1.61,6.86,6.57,4.58,4.16,0.0,33.99,9.4,-11.35,0.49,0.21,50.08,32.34,4.58,5.56
601908.SH,京运通,-4.25,-4.55,0.8,-13.74,-13.18,-5.93,0.28,0.0,-13.1,-36.55,-558.94,-50.69,,53.39,扣非亏损,扣非亏损,亏损
601916.SH,浙商银行,4.64,5.26,0.47,6.78,7.75,,6.51,0.0,,25.38,3.62,5.64,,93.92,0.93,1.55,1.2
601918.SH,新集能源,8.84,11.06,1.43,12.5,12.76,7.88,2.85,0.0,41.95,22.08,-5.79,-5.19,0.02,60.41,-2.13,1.77,1.39
601921.SH,浙版传媒,31.41,24.59,1.4,2.5,3.19,1.88,5.1,0.0,25.48,6.16,-53.96,-8.85,,42.34,-2.78,19.64,19.69
601928.SH,凤凰传媒,14.78,15.73,1.38,6.82,6.62,4.74,5.68,0.0,39.83,14.26,-23.05,-0.94,0.37,38.04,-16.72,4.61,4.46
601929.SH,吉视传媒,-17.25,-8.65,1.28,-6.17,-4.83,-1.31,,0.0,14.31,-21.76,-71.86,3.45,1.54,57.48,扣非亏损,扣非亏损,亏损
601933.SH,永辉超市,-449.29,-20.61,8.05,-11.28,-1.32,1.62,,0.0,20.84,-0.3,-76.47,-12.14,0.06,87.14,扣非亏损,扣非亏损,亏损
601939.SH,建设银行,5.86,6.01,0.64,7.9,8.27,,6.14,29.97,,45.18,0.22,-3.3,0.07,91.83,-1.82,0.76,0.71
601949.SH,中国出版,32.98,29.59,1.48,2.46,3.32,2.37,1.89,0.0,30.84,8.23,-29.39,-2.47,0.09,34.59,-12.0,24.09,19.87
601956.SH,东贝集团,23.82,30.65,1.33,2.81,4.16,1.94,3.35,0.0,12.87,2.26,-36.12,4.04,7.4,62.22,7.59,21.8,11.45
601958.SH,金钼股份,12.7,13.2,2.28,13.77,13.68,15.07,4.23,0.0,40.14,24.38,-6.13,14.06,,13.0,0.94,1.92,1.86
601963.SH,重庆银行,5.56,6.48,0.63,7.46,8.57,,5.86,0.0,,44.25,5.05,3.78,,92.36,1.72,1.74,1.3
601965.SH,中国汽研,21.85,23.62,2.85,9.05,10.03,9.11,1.5,0.0,42.21,23.5,13.6,18.12,,24.18,1.3,5.22,4.36
601969.SH,海南矿业,20.57,24.3,2.22,6.98,8.16,5.48,1.52,0.0,30.9,17.02,16.73,-14.29,,41.53,-1.7,6.96,5.04
601975.SH,招商南油,7.48,9.51,1.58,14.26,17.08,15.5,,0.0,34.58,33.28,16.85,7.76,,17.69,1.22,1.33,0.88
601985.SH,中国核电,15.98,18.81,1.99,9.45,9.57,4.38,2.6,0.0,47.26,28.63,-3.02,1.6,3.19,69.28,11.77,3.98,3.34
601989.SH,中国重工,95.26,-2705.03,1.41,0.92,1.1,0.06,0.24,0.0,12.43,2.67,415.03,16.35,,60.76,扣非亏损,扣非转亏,173.2
601990.SH,南京证券,38.05,43.9,2.03,3.99,4.01,,1.0,0.0,,29.58,23.26,33.56,0.03,68.92,1.31,22.0,18.98
601991.SH,大唐发电,9.46,20.29,1.82,5.74,11.46,3.92,0.31,0.0,14.65,7.07,100.04,0.4,0.68,69.63,50.18,7.07,1.65
601992.SH,金隅集团,-37.79,-6.79,0.5,-3.01,-0.61,0.85,1.31,0.0,10.03,-1.12,-119.84,6.12,2.7,64.5,扣非亏损,扣非亏损,亏损
601995.SH,中金公司,48.27,41.28,2.06,2.66,2.64,,0.47,19.5,,21.26,-37.78,-23.0,1.49,83.35,-1.8,15.52,18.29
601996.SH,丰林集团,-84.22,-45.91,1.03,-1.15,-0.87,-0.68,4.21,0.0,3.83,-1.65,-140.72,-14.47,0.93,21.49,扣非亏损,扣非亏损,亏损
601997.SH,贵阳银行,4.25,4.32,0.38,6.23,6.81,,5.64,0.0,,37.06,-5.85,-4.42,,90.68,-0.98,1.39,1.25
601998.SH,中信银行,5.23,5.4,0.54,6.75,7.6,,6.16,27.82,,32.38,0.88,3.83,0.11,91.04,1.41,0.8,0.69
601999.SH,出版传媒,62.58,-859.77,1.43,0.96,1.72,1.32,0.83,0.0,20.23,2.2,-42.98,-1.08,,42.31,扣非亏损,扣非转亏,72.77
603000.SH,人民网,344.2,94.13,7.17,1.52,1.52,1.24,0.6,0.0,45.32,5.16,0.96,-0.71,,24.62,-131.89,123.69,452.9
603002.SH,宏昌电子,128.57,120.03,1.84,0.88,1.06,0.56,0.8,0.0,6.56,2.27,-47.91,-5.25,,25.27,-22.85,272.83,242.58
603003.SH,*ST龙宇,-18.17,-23.03,0.56,-2.09,-2.26,-2.16,0.43,0.0,5.41,-7.81,-1636.12,-47.34,6.01,14.58,扣非亏损,扣非亏损,亏损
603004.SH,鼎龙科技,31.72,29.51,2.36,5.35,5.49,5.64,0.62,0.0,39.39,22.44,-18.07,-7.69,,8.43,-3.84,11.04,11.56
603005.SH,晶方科技,75.41,99.41,4.39,3.75,4.39,3.48,0.21,0.0,43.6,22.43,82.81,21.71,6.65,8.94,4.58,52.99,34.36
603006.SH,联明股份,48.26,66.68,2.15,2.75,4.26,2.03,2.17,0.0,22.24,8.19,-50.52,-32.54,,20.66,-2.05,48.49,22.66
603007.SH,*ST花王,-47.56,-24.57,15.67,-24.07,-26.96,-2.85,,0.0,-1.42,-131.39,-29.02,-38.86,,85.18,扣非亏损,扣非亏损,亏损
603008.SH,喜临门,15.32,21.18,1.99,9.69,9.78,5.22,2.94,0.0,35.35,6.35,-3.9,-1.53,4.88,53.74,-13.84,4.37,3.13
603009.SH,北特科技,116.41,132.36,5.33,3.07,3.72,2.84,0.39,0.0,19.75,4.34,127.25,9.62,4.87,47.47,13.76,86.29,62.61
603010.SH,万盛股份,39.96,42.02,1.61,3.1,2.98,1.95,1.71,0.0,17.99,5.18,-17.35,-1.81,1.22,40.59,-23.17,27.12,26.82
603011.SH,合锻智能,368.44,-56.82,1.69,0.13,0.34,0.9,,0.0,26.02,0.51,-93.88,19.21,23.48,48.49,扣非亏损,扣非转亏,2167.3
603012.SH,创力集团,17.77,14.59,0.92,3.7,3.91,2.26,2.54,0.0,41.56,6.03,-39.73,-6.73,4.7,47.96,-2.17,7.89,9.09
603015.SH,弘讯科技,52.12,45.67,2.56,3.74,3.62,2.83,1.54,0.0,34.79,7.39,112.14,22.8,0.91,36.27,2.0,24.42,28.8
603016.SH,新宏泰,68.04,74.85,5.71,5.72,6.1,5.61,1.68,0.0,30.33,11.48,0.42,-1.65,,18.11,-45.45,26.16,22.31
603017.SH,中衡设计,28.78,67.25,1.71,3.38,4.51,2.54,3.0,0.0,26.35,7.38,-39.68,-21.2,12.52,54.44,-3.17,39.8,12.76
603018.SH,华设集团,21.28,11.67,1.34,4.58,4.67,2.13,4.08,0.0,37.16,8.48,-33.32,-15.66,2.05,59.09,-0.75,5.09,9.12
603019.SH,中科曙光,113.29,88.51,6.06,2.35,4.05,3.2,0.63,0.0,26.81,10.01,8.66,3.65,0.37,38.59,24.24,75.24,55.95
603020.SH,爱普股份,25.63,48.43,0.95,2.27,2.8,3.82,1.2,0.0,16.59,5.73,7.66,-1.59,0.71,10.6,-30.48,42.76,18.3
603021.SH,山东华鹏,-12.61,-7.9,15.58,-64.34,-63.34,-2.64,,0.0,10.5,-33.91,34.77,-28.35,,94.53,扣非亏损,扣非亏损,亏损
603022.SH,新通联,34.44,29.68,1.98,4.18,4.4,4.22,0.76,0.0,19.73,5.35,4.93,0.35,,28.13,84.46,14.19,15.65
603023.SH,*ST威帝,335.03,-103.12,2.04,0.4,0.46,-0.3,,0.0,28.74,7.68,248.46,2.75,,1.45,扣非亏损,扣非转亏,1456.66
603025.SH,大豪科技,25.19,27.27,7.12,21.91,21.81,14.23,2.26,0.0,42.55,27.18,74.32,35.63,15.84,39.62,0.77,2.49,2.31
603026.SH,石大胜华,484.7,-149.19,1.87,0.07,0.29,-0.69,0.09,0.0,5.31,-1.52,-96.05,-5.43,,54.15,扣非亏损,扣非转亏,3342.76
603027.SH,千禾味业,29.93,28.6,4.0,9.68,9.78,9.09,3.09,0.0,36.2,15.36,-10.25,-1.85,,17.27,-15.42,5.91,6.12
603028.SH,赛福天,-54.77,-48.35,3.03,-4.21,-3.9,-3.64,0.31,0.0,1.08,-7.79,-242.33,-20.68,8.74,69.45,扣非亏损,扣非亏损,亏损
603029.SH,天鹅股份,40.0,44.13,2.49,3.57,4.74,1.92,0.83,0.0,35.98,9.46,8.35,0.56,,60.0,78.82,24.7,16.88
603030.SH,全筑股份,-82.97,-7.04,3.82,-5.36,-3.39,-0.35,,0.0,15.18,-5.91,37.67,-25.57,11.41,54.41,扣非亏损,扣非亏损,亏损
603031.SH,安孚科技,29.78,38.04,3.28,8.02,8.61,12.51,0.93,0.0,48.51,18.82,44.92,7.15,73.48,42.38,5.32,9.49,6.92
603032.SH,德新科技,186.1,-109.39,3.18,-0.52,1.31,1.88,,0.0,33.03,7.03,-104.23,-55.04,40.55,28.09,扣非亏损,扣非亏损,284.12
603033.SH,三维股份,183.99,349.49,3.82,1.35,1.54,1.7,0.32,0.0,10.29,1.82,-68.99,29.6,16.02,67.45,11.81,519.49,238.95
603035.SH,常熟汽饰,11.28,10.56,1.1,7.19,7.37,4.35,2.29,0.0,17.67,10.22,2.16,21.48,2.79,48.61,0.49,2.94,3.06
603036.SH,如通股份,31.68,33.85,2.32,4.74,5.45,5.52,1.36,0.0,42.97,25.0,18.94,12.24,,11.59,2.76,14.28,11.63
603037.SH,凯众股份,33.26,36.95,2.95,6.11,6.6,5.61,2.4,0.0,34.26,11.31,14.92,10.03,0.94,22.95,3.69,12.1,10.08
603038.SH,华立股份,130.33,1107.16,4.42,1.68,2.57,2.63,0.43,0.0,25.62,5.62,-12.85,8.64,4.01,26.16,128.1,1319.3,101.42
603041.SH,美思德,19.37,21.46,1.34,4.72,5.18,4.75,1.49,0.0,35.62,16.82,-2.68,18.36,,17.04,1.17,9.1,7.48
603042.SH,华脉科技,-191.9,-30.28,2.39,-2.02,-0.93,-0.6,,0.0,18.94,-2.5,66.89,-13.16,,40.34,扣非亏损,扣非亏损,亏损
603043.SH,广州酒家,16.35,20.96,2.55,11.6,11.92,7.84,2.46,0.0,33.14,11.59,-8.54,5.86,3.71,45.93,3.58,3.62,2.74
603045.SH,福达合金,32.09,91.44,1.84,2.65,4.37,3.18,0.39,0.0,8.96,1.55,-17.7,38.22,,63.16,2.39,68.96,14.68
603050.SH,科林电气,32.08,27.37,3.9,7.87,9.13,3.74,2.23,0.0,22.76,5.77,-3.2,12.21,,68.0,2.24,6.95,7.03
603051.SH,鹿山新材,72.3,-281.76,2.3,1.34,2.34,2.0,,0.0,10.35,1.93,122.44,-29.41,,49.51,扣非亏损,扣非转亏,61.8
603052.SH,可川科技,82.16,99.79,5.66,4.16,5.02,3.47,1.15,0.0,19.95,9.69,-25.31,5.46,,29.28,18.28,47.99,32.73
603053.SH,成都燃气,15.58,17.84,1.9,8.96,9.22,5.52,2.93,0.0,20.32,11.49,-3.91,2.77,1.37,42.31,6.44,3.98,3.38
603055.SH,台华新材,13.04,16.84,2.22,11.18,13.28,7.17,1.33,0.0,24.01,11.93,110.85,47.46,,57.0,0.35,3.01,1.96
603056.SH,德邦股份,21.24,22.98,1.82,4.46,6.56,4.11,0.55,0.0,7.55,1.83,24.65,11.21,,51.65,2.05,10.3,6.48
603058.SH,永吉股份,24.52,27.54,3.62,10.34,11.42,8.4,0.88,0.0,41.48,22.25,98.79,17.54,10.38,33.87,1.57,5.33,4.3
603059.SH,倍加洁,42.01,124.88,2.09,3.26,3.29,3.06,0.89,0.0,24.73,4.28,-30.87,23.09,7.57,46.88,5.41,76.52,25.54
603060.SH,国检集团,61.84,26.53,3.13,2.62,3.6,2.61,1.33,0.0,38.5,4.85,-3.46,3.27,28.01,51.37,8.12,20.21,34.35
603061.SH,金海通,87.44,87.54,4.1,2.82,3.45,2.99,0.18,0.0,50.73,17.53,-20.35,-4.59,,14.71,-19.06,62.19,50.69
603063.SH,禾望电气,27.1,25.13,2.23,6.53,6.32,4.32,0.8,0.0,37.48,11.76,-17.74,-11.61,,44.18,-2.16,7.69,8.58
603066.SH,音飞储存,23.04,22.78,2.26,7.04,7.55,3.85,1.25,0.0,24.61,11.77,28.71,-6.88,26.09,52.41,-3.31,6.47,6.1
603067.SH,振华股份,13.77,14.76,2.19,12.55,12.43,9.71,1.8,0.0,25.47,12.16,23.63,8.75,2.25,36.53,1.69,2.35,2.21
603068.SH,博通集成,-96.04,-63.71,2.62,-2.1,-2.02,-2.55,0.17,0.0,32.67,-6.42,61.0,10.72,,22.07,扣非亏损,扣非亏损,亏损
603069.SH,海汽集团,-846.77,-120.11,7.49,-2.46,-0.66,0.38,,0.0,13.79,-0.94,60.01,5.61,0.13,67.36,扣非亏损,扣非亏损,亏损
603070.SH,万控智造,57.76,48.96,2.34,2.96,3.03,1.82,0.93,0.0,21.41,4.05,-54.51,-10.71,,30.74,-4.57,33.09,38.12
603071.SH,物产环能,9.98,9.99,1.34,9.08,10.05,6.92,4.61,0.0,4.57,2.06,-38.97,-5.52,2.69,51.42,-1.81,2.2,1.99
603073.SH,彩蝶实业,20.2,18.63,1.35,5.61,5.06,3.96,1.49,0.0,26.83,11.67,5.55,8.02,,21.48,2.32,6.64,7.98
603075.SH,热威股份,26.08,28.7,3.92,10.9,11.31,8.96,2.06,0.0,31.42,16.12,19.12,11.3,3.92,30.02,2.54,5.26,4.61
603076.SH,乐惠国际,56.35,-883.43,2.29,1.08,3.06,1.71,0.56,0.0,27.59,4.15,-67.01,-15.41,0.49,61.71,扣非亏损,扣非转亏,36.83
603079.SH,圣达生物,88.48,-60.28,2.04,0.77,1.73,1.76,0.41,0.0,20.19,4.5,194.44,11.9,0.86,26.76,扣非亏损,扣非转亏,102.29
603080.SH,新疆火炬,13.41,17.0,1.56,8.94,9.0,6.97,2.82,0.0,27.06,13.59,4.82,40.07,13.51,28.97,0.42,3.81,2.98
603081.SH,大丰实业,61.57,221.76,1.57,1.54,1.82,0.34,0.37,0.0,31.53,4.29,-59.6,-31.55,0.02,62.81,-7.03,288.53,67.66
603082.SH,北自科技,34.65,36.13,3.7,10.93,8.57,3.47,,0.0,17.62,8.38,6.29,5.62,3.12,63.99,6.43,6.61,8.09
603085.SH,天成自控,112.89,236.4,4.4,2.75,2.93,0.68,,0.0,19.56,1.8,50.84,47.74,2.67,71.52,4.95,171.93,77.06
603086.SH,先达股份,242.87,-16.1,1.0,-0.13,0.31,0.54,,0.0,14.4,0.39,-121.49,-8.32,,46.68,扣非亏损,扣非亏损,1566.88
603087.SH,甘李药业,44.03,77.61,2.66,2.83,4.61,4.22,0.38,0.0,75.36,22.6,38.64,17.81,,8.3,4.36,54.82,19.1
603088.SH,宁波精达,21.72,22.8,4.71,15.5,16.26,9.45,3.36,0.0,43.33,20.85,3.4,14.81,,45.08,1.54,2.94,2.67
603089.SH,正裕工业,31.62,64.2,1.65,3.42,3.96,2.8,,0.0,24.4,3.52,-35.11,28.62,13.26,57.34,2.24,37.51,15.97
603090.SH,宏盛股份,27.62,42.68,3.05,7.86,8.44,7.09,1.28,0.0,27.27,9.37,-20.64,-3.14,9.42,29.1,-13.58,10.86,6.54
603091.SH,众鑫股份,14.36,,2.37,14.61,19.43,13.69,,0.0,34.57,20.55,35.78,19.4,,24.11,,,1.48
603093.SH,南华期货,16.87,16.62,2.03,9.28,9.33,,0.55,0.0,,8.04,22.09,-7.99,,91.28,-2.08,3.58,3.62
603096.SH,新经典,16.06,19.78,1.42,5.77,6.62,7.54,4.57,0.0,47.93,20.21,-1.55,-2.66,0.26,6.28,-7.44,6.86,4.85
603097.SH,江苏华辰,42.16,30.2,3.55,6.05,6.51,4.01,,0.0,22.25,5.93,-4.01,13.46,,50.28,2.24,9.98,12.95
603098.SH,森特股份,62.98,213.28,2.25,2.1,2.7,1.77,0.37,0.0,19.38,3.82,-10.54,-31.27,,52.16,-6.82,203.03,46.66
603099.SH,长白山,58.93,80.97,9.95,14.1,13.4,15.21,0.52,0.0,45.72,24.86,3.63,19.55,,15.46,4.14,11.49,8.8
603100.SH,川仪股份,14.88,16.69,2.61,11.72,13.5,7.21,2.71,0.0,33.05,9.95,3.95,2.54,,48.62,6.58,2.85,2.2
603101.SH,汇嘉时代,41.01,264.93,1.99,2.8,3.55,2.92,3.81,0.0,33.46,2.72,-74.46,-2.45,10.15,67.41,-108.05,189.37,23.1
603102.SH,百合股份,14.39,14.61,1.41,7.12,7.46,7.14,1.93,0.0,37.94,19.24,-7.79,-4.14,0.03,10.12,-3.53,4.1,3.86
603105.SH,芯能科技,18.49,21.63,2.25,8.37,8.76,6.66,1.3,0.0,61.33,32.87,-0.72,4.11,,49.84,5.26,5.17,4.22
603106.SH,恒银科技,-112.63,-38.73,4.37,-4.11,-2.87,-3.74,,0.0,-7.7,-13.93,27.76,-14.68,,26.49,扣非亏损,扣非亏损,亏损
603107.SH,上海汽配,32.68,33.66,2.9,5.78,6.67,6.48,1.29,0.0,20.38,8.61,-6.42,12.91,,24.83,2.61,11.65,9.8
603108.SH,润达医疗,174.76,-2277.38,2.78,0.76,1.17,3.47,0.49,0.0,25.64,2.3,-82.61,-10.36,36.54,61.66,扣非亏损,扣非转亏,298.74
603109.SH,神驰机电,18.89,22.02,1.83,7.15,7.32,4.76,2.13,0.0,26.86,6.91,-24.29,-6.08,,43.31,-3.62,6.16,5.16
603110.SH,东方材料,166.65,480.69,4.02,1.61,1.83,1.84,,0.0,28.34,4.21,-4.09,2.49,,16.25,192.68,595.68,182.13
603111.SH,康尼机电,16.88,15.55,1.45,5.69,6.44,4.24,3.59,0.0,32.5,9.48,18.85,15.88,,38.3,0.98,5.47,5.24
603112.SH,华翔股份,12.65,14.42,1.89,10.27,11.64,7.39,2.59,0.0,22.17,11.7,22.6,18.45,,44.25,0.78,2.81,2.17
603113.SH,金能科技,-121.19,110.07,0.62,-0.83,-0.37,0.73,1.16,0.0,2.35,-0.27,35.89,11.33,,53.86,9.72,扣非亏损,亏损
603115.SH,海星股份,23.59,20.75,1.66,4.86,5.1,4.74,3.42,0.0,21.02,7.39,70.66,4.14,,20.22,5.02,8.54,9.25
603116.SH,红蜻蜓,-198.46,-129.56,1.15,-0.78,-0.42,-0.76,3.19,0.0,37.6,-0.95,-215.88,-10.71,0.06,22.47,扣非亏损,扣非亏损,亏损
603117.SH,万林物流,182.33,-22.74,4.93,1.23,1.8,2.27,,0.0,34.17,9.53,136.37,-29.09,,28.25,扣非亏损,扣非转亏,202.58
603118.SH,共进股份,386.23,-38.78,1.4,-0.53,0.27,0.58,1.42,0.0,11.74,0.05,-117.65,-9.22,,45.98,扣非亏损,扣非亏损,2860.97
603119.SH,浙江荣泰,35.99,38.97,4.52,9.05,9.71,8.4,0.79,0.0,35.01,20.59,46.34,38.85,,16.87,1.0,8.61,7.41
603122.SH,合富中国,86.91,103.89,2.64,1.87,2.25,2.48,0.75,0.0,19.76,3.83,-44.27,-14.67,,20.06,-7.08,111.34,77.26
603123.SH,翠微股份,-14.48,-11.94,2.99,-14.48,-14.38,-4.8,,0.0,18.73,-22.75,-592.3,-39.65,,62.48,扣非亏损,扣非亏损,亏损
603125.SH,常青科技,26.0,28.31,2.37,6.54,6.99,7.28,0.77,0.0,28.75,19.25,-10.23,8.63,,6.27,3.28,8.66,7.44
603126.SH,中材节能,105.79,82.04,1.83,0.83,1.28,0.74,1.23,0.0,18.99,2.36,-79.72,-32.65,0.05,51.56,-2.51,197.07,165.3
603127.SH,昭衍新药,-155.9,-168.0,1.83,-1.39,-0.86,-1.48,0.67,0.0,27.48,-5.56,-136.47,-15.87,1.68,16.11,扣非亏损,扣非亏损,亏损
603129.SH,春风动力,16.23,18.68,4.04,19.39,19.76,9.32,2.03,0.0,31.53,9.82,36.74,21.98,,55.84,0.85,1.93,1.64
603131.SH,上海沪工,104.04,-97.97,5.26,3.0,3.81,2.59,,0.0,21.7,6.2,26.59,9.57,,44.89,扣非亏损,扣非转亏,54.61
603135.SH,中重科技,645.33,657.04,1.98,-0.36,0.23,-0.44,1.22,0.0,16.72,1.18,-107.27,-31.62,,19.79,-20.78,转盈,5611.55
603136.SH,天目湖,28.6,30.08,2.47,6.26,6.21,7.21,2.92,0.0,52.84,24.88,-27.36,-14.77,,18.92,-2.04,9.6,9.21
603137.SH,恒尚节能,17.42,18.28,1.69,6.67,7.44,3.09,1.02,0.0,14.51,5.75,-1.98,-5.85,,64.46,-3.12,5.48,4.68
603138.SH,海量数据,-85.01,-86.81,5.98,-6.28,-5.78,-5.38,,0.0,38.5,-17.14,44.25,63.26,0.06,23.17,扣非亏损,扣非亏损,亏损
603139.SH,康惠制药,-29.35,-18.12,1.64,-4.78,-4.12,-1.17,,0.0,32.15,-11.81,-900.32,-14.33,1.82,51.46,扣非亏损,扣非亏损,亏损
603150.SH,万朗磁塑,16.98,16.83,1.58,7.18,7.36,3.94,,0.0,21.59,4.24,8.37,39.81,5.83,58.98,0.42,4.69,4.61
603151.SH,邦基科技,32.79,34.74,1.51,3.12,3.45,3.0,1.33,0.0,9.38,2.7,-42.74,41.22,,28.34,0.84,22.28,19.01
603153.SH,上海建科,43.36,31.48,2.44,3.12,4.13,3.07,1.14,0.0,29.51,5.63,31.72,2.66,6.77,21.09,11.83,20.2,21.0
603156.SH,养元饮品,16.78,21.77,2.79,9.24,11.37,10.78,7.53,0.0,46.53,29.06,-9.32,-7.81,,18.49,-2.79,4.71,2.95
603158.SH,腾龙股份,12.83,17.84,1.8,7.92,10.77,7.2,1.64,0.0,21.83,9.87,31.34,14.22,6.74,45.66,1.26,4.51,2.38
603159.SH,上海亚虹,79.42,73.91,3.86,3.12,3.61,3.06,0.67,0.0,20.23,5.18,-22.5,-10.41,,20.58,-7.1,47.42,44.0
603160.SH,汇顶科技,71.33,77.16,5.06,4.85,5.44,4.56,0.26,0.0,41.74,13.91,2041.38,0.82,6.01,14.77,94.22,31.81,26.22
603161.SH,科华控股,16.2,18.11,1.42,5.5,6.69,3.85,1.78,0.0,16.61,5.29,15.08,-7.14,,54.04,-2.54,6.58,4.84
603162.SH,海通发展,16.7,22.85,2.3,9.84,10.81,8.42,0.85,0.0,18.03,15.87,149.54,127.64,,28.05,0.18,4.64,3.09
603163.SH,圣晖集成,25.46,25.59,2.35,6.86,6.91,5.09,2.41,0.0,12.35,5.21,-33.82,0.07,,43.86,362.45,7.46,7.37
603165.SH,荣晟环保,9.8,12.3,1.48,9.43,10.95,6.21,4.09,0.0,16.93,14.97,-0.88,-0.99,,50.36,-12.37,2.61,1.79
603168.SH,莎普爱思,-76.74,-28.61,1.87,-2.95,-1.8,-0.85,0.16,0.0,50.09,-7.9,-190.1,-27.95,21.66,20.36,扣非亏损,扣非亏损,亏损
603169.SH,兰石重装,60.1,106.31,2.39,2.53,3.03,1.71,,0.0,13.84,2.62,-25.64,20.22,7.61,73.46,5.26,83.92,39.67
603171.SH,税友股份,78.71,148.9,4.88,4.31,4.69,2.33,0.42,0.0,60.52,9.05,24.82,7.38,,33.62,20.18,69.12,33.56
603172.SH,万丰股份,78.02,76.77,1.96,1.85,1.89,1.35,0.57,0.0,21.56,5.4,-32.58,-1.59,,25.07,-48.33,83.17,82.56
603173.SH,福斯达,14.15,17.37,2.44,12.19,13.56,5.03,1.64,0.0,24.33,12.55,40.39,10.17,,67.79,1.71,2.85,2.09
603176.SH,汇通集团,25.95,24.77,2.12,5.73,5.97,2.91,0.32,0.0,15.53,2.63,115.88,23.22,,78.53,1.07,8.64,8.69
603177.SH,德创环保,55.12,-73.63,4.72,5.38,6.49,2.74,,0.0,23.61,3.49,277.66,10.09,24.66,76.94,扣非亏损,扣非转亏,16.99
603178.SH,圣龙股份,581.64,-137.75,4.18,-4.02,0.54,0.5,0.15,0.0,9.97,0.6,-948.53,8.06,,45.24,扣非亏损,扣非亏损,2154.23
603179.SH,新泉股份,28.65,28.93,5.06,12.82,12.94,6.44,0.59,0.0,20.47,7.11,18.0,31.24,,63.07,0.93,4.51,4.43
603180.SH,金牌家居,20.27,15.7,1.19,2.95,4.33,2.32,2.39,0.0,27.3,4.75,-25.55,-5.15,0.13,51.31,-3.05,10.66,9.36
603181.SH,皇马科技,17.24,17.76,2.19,9.78,10.0,8.97,1.37,0.0,25.07,16.58,36.18,22.5,,19.04,0.79,3.63,3.45
603182.SH,嘉华股份,20.0,20.22,1.96,7.11,7.36,7.31,2.71,0.0,12.3,6.91,-11.14,-11.93,,20.11,-1.69,5.69,5.43
603183.SH,建研院,60.3,19.25,1.27,1.41,1.57,1.82,0.96,0.0,47.19,5.66,-20.14,6.85,19.72,18.91,2.81,27.32,76.81
603185.SH,弘元绿能,-7.61,-8.19,1.28,-11.61,-11.99,-6.31,1.71,0.0,-7.0,-30.54,-227.45,-44.29,,59.68,扣非亏损,扣非亏损,亏损
603186.SH,华正新材,-452.0,-41.23,2.68,-0.67,-0.43,0.61,,0.0,10.51,-0.19,76.12,13.08,,74.99,扣非亏损,扣非亏损,亏损
603187.SH,海容冷链,12.65,16.26,1.13,6.08,6.78,5.42,3.63,0.0,28.04,12.98,-31.03,-15.56,,23.86,-1.04,5.35,3.73
603188.SH,亚邦股份,-124.52,-5.83,2.4,-2.42,-1.53,-0.23,,0.0,11.2,-2.57,91.22,-17.13,,49.61,扣非亏损,扣非亏损,亏损
603189.SH,网达软件,315.7,-167.64,3.01,0.31,0.7,0.58,0.56,0.0,27.36,4.41,107.68,13.93,,9.84,扣非亏损,扣非转亏,901.99
603190.SH,亚通精工,24.8,29.74,1.32,3.72,4.0,3.23,1.37,9.06,23.7,6.79,-33.3,5.04,0.38,45.02,5.9,7.98,6.2
603191.SH,望变电气,60.06,100.83,1.79,1.32,2.22,1.28,0.97,0.0,12.1,2.63,-85.22,20.61,1.78,60.37,4.89,152.94,54.11
603192.SH,汇得科技,21.9,28.25,1.48,4.67,5.17,3.59,0.92,0.0,12.31,3.62,33.17,3.44,0.05,29.53,8.22,12.09,8.47
603195.SH,公牛集团,22.71,25.21,6.65,19.38,21.55,19.46,3.24,0.0,43.12,25.89,8.26,8.58,,23.1,2.94,2.6,2.11
603196.SH,日播时尚,-80.03,-83.97,5.75,-6.1,-5.19,-3.23,0.16,0.0,58.42,-6.49,-534.79,-10.6,,34.63,扣非亏损,扣非亏损,亏损
603198.SH,迎驾贡酒,19.61,20.04,5.67,22.69,21.9,22.18,1.96,0.0,74.28,36.48,23.94,13.81,,22.96,1.45,1.77,1.79
603199.SH,九华旅游,19.62,24.07,2.71,10.07,10.48,11.08,3.04,0.0,51.78,26.99,0.46,1.31,,20.05,18.38,4.78,3.75
603200.SH,上海洗霸,62.0,85.42,4.18,4.85,5.14,3.49,0.33,0.0,38.07,11.66,41.29,-1.61,,35.92,-53.02,35.26,24.13
603203.SH,快克智能,27.49,39.19,4.37,9.69,11.24,9.4,2.08,0.0,48.31,23.59,2.05,15.13,6.97,27.74,2.59,8.09,4.89
603205.SH,健尔康,76.08,74.45,9.42,9.31,9.75,8.73,,0.0,22.88,11.94,8.28,10.07,,15.47,7.4,16.0,15.61
603206.SH,嘉环科技,55.33,41.99,2.5,2.98,3.4,1.56,1.07,0.0,13.11,2.42,-29.37,12.84,0.01,66.78,3.27,28.14,32.55
603207.SH,小方制药,21.05,,3.81,18.26,18.26,18.09,,0.0,65.86,44.03,-1.49,0.05,,11.91,,,2.31
603208.SH,江山欧派,16.81,16.59,2.74,9.23,10.82,4.65,6.0,0.0,22.81,7.21,-46.87,-16.56,,64.52,-1.0,3.59,3.11
603209.SH,兴通股份,12.84,14.38,1.94,11.58,11.87,9.54,0.92,0.0,36.9,24.39,53.35,28.18,1.19,36.67,0.51,2.48,2.16
603211.SH,晋拓股份,73.5,74.84,3.58,3.63,3.69,2.84,0.31,0.0,16.8,5.1,15.89,13.73,,34.89,5.45,41.22,39.84
603212.SH,赛伍技术,-46.2,-68.28,2.05,-3.38,-3.33,-2.42,0.41,0.0,6.7,-4.21,-232.14,-30.94,,37.75,扣非亏损,扣非亏损,亏损
603213.SH,镇洋发展,19.24,16.18,2.13,7.94,8.32,6.49,2.61,0.0,13.43,7.42,2.95,30.91,,42.14,0.52,4.08,4.62
603215.SH,比依股份,22.11,23.9,2.65,8.83,9.06,5.15,2.17,0.0,16.17,6.64,-40.49,17.46,,54.86,1.37,5.41,4.88
603216.SH,梦天家居,42.69,27.34,1.32,2.08,2.31,1.01,2.29,0.0,27.73,5.14,13.03,-5.41,,22.3,-5.05,26.28,36.97
603217.SH,元利科技,17.98,20.14,1.17,4.58,4.88,4.04,2.19,0.0,16.38,9.14,-9.67,2.05,,18.9,9.82,8.79,7.37
603218.SH,日月股份,20.22,40.47,1.37,2.25,5.1,4.13,2.26,0.0,17.22,15.76,-28.17,-9.78,,20.32,-4.14,36.0,7.93
603219.SH,富佳股份,39.8,37.65,4.95,8.68,9.07,4.89,2.21,0.0,17.06,7.66,-25.9,-2.23,0.93,46.69,-16.91,8.68,8.78
603220.SH,中贝通信,56.97,59.44,5.63,7.28,7.28,3.4,0.44,0.0,20.36,6.63,46.42,10.84,7.52,72.48,5.48,16.34,15.65
603221.SH,爱丽家居,19.15,16.35,1.55,6.63,6.19,4.27,1.01,0.0,23.27,9.04,231.78,18.28,,29.38,0.89,4.93,6.19
603222.SH,济民健康,106.03,-49.77,2.55,1.71,1.81,1.97,,0.0,43.25,4.89,-32.47,0.74,2.12,31.57,扣非亏损,扣非转亏,117.15
603223.SH,恒通股份,49.46,55.14,1.73,2.57,2.64,2.09,0.51,0.0,9.92,5.81,3.12,-41.67,,30.84,-1.32,42.88,37.47
603225.SH,新凤鸣,18.25,22.67,1.09,3.78,4.39,2.67,1.8,0.0,5.61,1.52,-13.6,11.31,,68.32,2.01,11.99,8.32
603226.SH,菲林格尔,-48.14,-41.28,1.66,-3.06,-2.55,-2.73,,0.0,12.26,-14.56,-14.14,-21.53,,27.32,扣非亏损,扣非亏损,亏损
603227.SH,雪峰科技,12.05,14.03,2.0,12.43,12.78,10.49,3.62,0.0,25.35,14.68,-18.81,-15.39,0.37,28.57,-0.91,2.26,1.89
603228.SH,景旺电子,20.77,24.26,2.31,8.37,9.59,6.06,2.22,0.0,23.77,9.87,20.3,17.11,,40.15,1.42,5.8,4.33
603229.SH,奥翔药业,23.69,29.71,3.15,9.59,10.15,8.6,0.98,0.0,57.94,33.18,0.1,2.75,,23.98,10.81,6.2,4.67
603230.SH,内蒙新华,11.04,22.05,1.61,9.04,11.08,6.97,2.9,0.0,42.06,20.15,-20.69,0.05,0.24,42.49,479.3,4.88,1.99
603231.SH,索宝蛋白,27.64,30.72,1.83,4.36,4.83,4.86,2.13,0.0,11.1,7.94,-29.21,-10.36,,9.21,-2.96,14.1,11.45
603232.SH,格尔软件,-65.12,339.47,2.46,-3.8,-2.76,-2.4,0.44,0.0,46.27,-11.76,29.17,0.4,,16.73,841.93,扣非亏损,亏损
603235.SH,天新药业,17.46,22.12,2.58,10.76,11.33,9.64,2.08,0.0,42.27,30.65,23.6,8.49,,15.47,2.61,4.11,3.08
603237.SH,五芳斋,12.76,31.67,1.99,11.22,11.55,11.27,3.41,0.0,41.16,10.23,-13.61,-15.2,,28.52,-2.08,5.64,2.21
603238.SH,诺邦股份,21.38,23.19,1.44,4.58,5.07,2.89,2.18,0.0,14.66,5.41,29.33,15.47,7.02,38.82,1.5,10.13,8.44
603239.SH,浙江仙通,20.29,19.47,3.12,11.59,12.06,10.06,2.1,0.0,30.38,15.35,34.44,14.61,,21.57,1.33,3.36,3.36
603255.SH,鼎际得,269.25,162.53,2.39,0.61,0.67,0.45,0.12,0.0,15.49,1.19,-78.66,-3.33,,31.23,-48.75,532.72,803.75
603256.SH,宏和科技,718.13,-230.93,5.15,-0.17,0.54,1.32,,0.0,16.45,1.25,95.6,24.55,,44.06,扣非亏损,扣非亏损,2659.74
603259.SH,药明康德,18.61,18.59,2.94,12.12,11.73,10.54,1.36,0.0,40.65,23.83,-13.33,-6.23,3.3,25.13,-2.99,3.07,3.17
603260.SH,合盛硅业,37.32,46.21,2.22,4.04,4.44,3.17,1.33,0.0,22.01,6.98,-32.1,2.44,0.01,63.03,18.95,22.86,16.81
603261.SH,立航科技,-60.75,-27.55,3.52,-4.63,-4.19,-3.24,,0.0,12.64,-22.83,-5201.98,15.08,,31.12,扣非亏损,扣非亏损,亏损
603266.SH,天龙股份,37.0,40.73,2.77,5.29,5.7,4.49,0.59,0.0,22.17,8.44,-4.47,2.9,,26.54,14.03,15.4,12.98
603267.SH,鸿远电子,61.34,72.19,2.48,2.94,3.04,2.75,0.7,0.0,36.35,10.91,-49.62,-12.19,0.3,16.01,-5.92,49.17,40.35
603268.SH,松发股份,-70.98,-49.48,383.11,-135.5,-133.86,-7.77,,0.0,10.5,-33.31,5.77,16.44,,97.29,扣非亏损,扣非亏损,亏损
603269.SH,海鸥股份,39.22,35.68,2.08,3.97,4.05,2.01,2.23,0.0,23.88,3.7,8.18,24.76,7.95,69.98,1.44,18.0,19.37
603272.SH,联翔股份,-133.99,-55.1,2.45,-1.68,-1.26,-1.37,0.91,0.0,24.53,-8.57,-1510.38,-28.31,0.51,12.94,扣非亏损,扣非亏损,亏损
603276.SH,恒兴新材,63.72,78.86,1.69,1.4,1.97,2.09,0.76,0.0,13.39,6.11,-60.34,22.27,,3.91,3.54,112.33,64.69
603278.SH,大业股份,-15.64,-21.51,1.04,-5.45,-4.79,-0.41,0.28,0.0,3.64,-3.2,-412.66,-7.97,,67.83,扣非亏损,扣非亏损,亏损
603279.SH,景津装备,12.28,11.99,2.34,14.14,15.03,9.84,4.79,0.0,29.06,14.14,-10.81,1.2,,47.58,9.98,1.7,1.63
603280.SH,南方路机,20.23,23.98,1.74,5.35,6.56,4.22,1.27,0.0,26.72,11.31,-11.15,-8.76,,34.82,-2.74,8.96,6.17
603281.SH,江瀚新材,15.84,16.59,2.01,9.01,9.14,9.22,3.82,0.0,34.12,26.83,-12.46,-2.69,,6.73,-6.16,3.68,3.47
603282.SH,亚光股份,20.36,20.71,1.73,6.38,6.35,2.99,2.59,0.0,35.85,15.97,-40.85,-35.81,,56.5,-0.58,6.49,6.41
603283.SH,赛腾股份,24.86,21.35,5.46,17.99,19.48,10.55,,0.0,44.69,15.22,18.01,21.76,10.61,52.03,0.98,2.37,2.55
603285.SH,键邦股份,23.7,,2.61,9.99,11.48,10.88,,0.0,34.49,25.1,,0.11,,7.27,,,4.13
603286.SH,日盈电子,183.35,256.68,2.7,1.02,1.11,1.21,0.12,0.0,19.66,2.08,90.75,14.67,5.67,49.58,17.5,503.19,330.36
603288.SH,海天味业,42.26,46.32,9.24,15.94,16.68,14.39,1.74,0.0,36.78,23.67,11.14,9.38,0.38,17.02,4.94,5.81,5.07
603289.SH,泰瑞机器,43.25,52.29,1.82,2.71,3.13,2.21,1.36,0.0,29.54,5.09,-53.82,11.0,,52.25,4.76,38.63,27.64
603290.SH,斯达半导,45.23,38.14,3.87,6.34,6.51,5.49,0.88,0.0,31.69,17.73,-34.44,-7.8,,29.98,-4.89,12.03,13.9
603296.SH,华勤技术,22.24,27.57,2.81,7.98,9.63,2.86,1.5,0.0,9.76,2.68,2.5,17.15,0.66,71.03,1.61,6.91,4.62
603297.SH,永新光学,64.33,73.61,6.47,6.45,7.64,6.23,0.96,0.0,39.07,21.48,1.36,6.54,,15.96,11.26,22.83,16.84
603298.SH,杭叉集团,11.26,12.04,2.43,16.87,17.47,12.4,2.01,0.0,22.67,12.91,22.18,1.55,0.1,33.03,7.75,1.43,1.29
603299.SH,苏盐井神,9.99,11.27,1.48,10.83,10.91,7.8,4.99,0.0,36.92,16.35,23.05,-3.3,,38.27,-3.41,2.08,1.83
603300.SH,海南华铁,17.7,19.68,1.9,8.05,8.42,5.03,0.34,0.0,42.96,13.62,-13.01,15.88,2.93,71.42,1.24,4.89,4.2
603301.SH,振德医疗,15.49,48.38,1.14,4.11,5.62,5.21,5.1,0.0,34.84,10.16,-20.59,-2.61,13.6,25.86,-18.53,23.53,5.51
603303.SH,得邦照明,15.69,18.79,1.55,6.77,8.98,3.97,2.59,0.0,19.99,7.82,-3.68,-9.66,,47.22,-1.94,5.55,3.5
603305.SH,旭升集团,28.52,29.26,1.94,4.44,5.07,3.31,1.17,0.0,21.23,9.78,-47.08,-8.42,,50.78,-3.47,13.18,11.25
603306.SH,华懋科技,37.55,46.3,2.88,4.42,5.4,4.45,0.74,0.0,29.95,12.42,18.27,5.64,0.3,25.99,8.21,20.97,13.91
603308.SH,应流股份,32.74,32.69,2.17,4.88,4.99,2.8,0.84,0.0,33.89,11.03,11.59,5.72,,56.55,5.71,13.41,13.12
603309.SH,维力医疗,17.73,18.99,2.15,8.76,9.08,7.67,3.51,0.0,44.8,16.24,21.18,8.53,15.8,32.34,2.23,4.34,3.91
603311.SH,金海高科,33.56,44.17,1.76,3.72,3.98,3.82,0.77,0.0,23.16,8.4,24.52,4.55,,22.45,9.71,23.76,16.86
603312.SH,西典新能,28.68,28.48,3.42,12.78,9.14,7.95,,0.0,17.67,10.45,2.55,4.43,,34.38,6.43,4.46,6.28
603313.SH,梦百合,-20.5,-23.02,1.11,-4.12,-4.0,0.72,,0.0,37.23,-2.72,-225.29,7.18,7.37,61.5,扣非亏损,扣非亏损,亏损
603315.SH,福鞍股份,29.7,30.28,2.04,5.75,5.31,3.9,0.47,0.0,20.16,8.77,62.08,28.18,,45.54,1.07,10.53,11.19
603316.SH,诚邦股份,-67.47,-16.47,2.05,-2.41,-2.26,-1.44,,0.0,4.24,-11.72,51.85,-59.8,0.99,71.53,扣非亏损,扣非亏损,亏损
603317.SH,天味食品,28.78,32.44,3.8,8.94,10.15,9.63,3.01,0.0,39.28,18.8,38.1,5.84,6.52,18.2,5.56,7.26,5.67
603318.SH,水发燃气,38.36,44.83,2.24,3.34,3.68,4.92,0.78,0.0,17.31,5.94,15.64,-20.78,61.94,59.64,-2.16,26.81,20.85
603319.SH,湘油泵,25.47,26.13,2.72,7.12,7.87,5.59,2.28,0.0,25.56,9.74,-10.16,8.85,,48.79,2.95,7.34,6.47
603320.SH,迪贝电气,26.08,29.59,2.29,6.41,7.04,5.2,0.63,0.0,15.69,7.26,144.48,16.1,,33.98,1.84,9.23,7.41
603321.SH,梅轮电梯,14.1,37.52,1.78,3.4,9.36,5.75,1.76,0.0,29.21,20.18,-19.76,-19.49,,38.18,-1.93,22.09,3.01
603322.SH,超讯通信,168.41,85.1,17.8,8.0,8.25,1.86,,0.0,8.26,1.43,159.33,15.59,6.07,87.1,5.46,21.26,40.83
603323.SH,苏农银行,4.41,5.07,0.56,9.75,9.68,,4.33,0.0,,50.52,16.63,4.82,,91.84,1.05,1.04,0.91
603324.SH,盛剑科技,32.23,29.79,2.38,4.9,5.66,2.85,0.89,0.0,29.11,9.25,-14.55,-7.34,,55.62,-4.06,12.16,11.39
603325.SH,博隆技术,21.69,19.65,2.1,8.07,7.78,3.61,,0.0,34.31,29.14,-18.09,-23.52,,56.52,-0.84,4.87,5.58
603326.SH,我乐家居,19.28,35.59,1.76,4.93,6.79,4.97,2.86,0.0,46.64,7.8,-55.45,-16.53,,46.74,-2.15,14.43,5.68
603327.SH,福蓉科技,60.87,83.21,6.28,5.53,7.17,5.35,2.25,0.0,12.49,8.21,-49.67,22.04,,42.01,3.77,30.12,16.98
603328.SH,依顿电子,19.93,23.78,2.46,9.16,9.38,8.15,2.38,0.0,24.52,13.98,25.78,8.65,,27.33,2.75,5.19,4.25
603329.SH,上海雅仕,49.06,54.33,1.91,2.09,2.93,2.51,0.63,0.0,5.14,1.0,312.03,68.75,,57.88,0.79,52.1,33.49
603330.SH,天洋新材,-76.93,-27.33,1.72,-2.1,-1.66,-0.17,1.06,0.0,13.93,-2.65,-4.12,-0.13,3.18,41.65,扣非亏损,扣非亏损,亏损
603331.SH,百达精工,68.73,51.95,1.55,1.25,1.68,0.71,1.53,0.0,21.69,0.82,-84.14,0.95,,58.62,54.96,82.81,81.82
603332.SH,苏州龙杰,23.66,23.74,1.45,4.08,4.62,3.88,1.31,0.0,9.3,4.62,324.18,15.22,,15.76,1.56,11.63,10.24
603333.SH,尚纬股份,103.55,271.75,1.24,0.88,0.89,1.07,0.18,0.0,19.19,1.57,-13.49,-25.34,,34.57,-10.72,618.87,232.69
603335.SH,迪生力,-24.15,-17.28,6.56,-18.92,-18.87,-5.55,,0.0,13.16,-10.51,22.45,-41.48,1.34,65.06,扣非亏损,扣非亏损,亏损
603336.SH,宏辉果蔬,118.98,701.04,2.71,1.63,1.68,2.1,,0.0,10.28,2.44,-43.23,-4.05,0.04,38.23,-172.91,862.23,141.64
603338.SH,浙江鼎力,14.0,13.3,2.77,15.75,15.71,11.12,1.95,0.0,36.16,23.83,19.42,29.35,1.4,35.52,0.45,1.69,1.78
603339.SH,四方科技,17.36,17.56,1.7,6.85,7.25,6.39,2.19,0.0,24.36,12.83,-27.05,-12.14,,21.65,-1.45,5.12,4.79
603341.SH,龙旗科技,36.62,49.6,3.8,7.09,8.55,2.05,,0.0,6.09,1.22,-23.45,101.28,,78.99,0.49,13.99,8.57
603344.SH,星德胜,24.24,,2.28,8.75,8.4,6.91,,0.0,16.34,7.73,,20.93,,28.92,,,5.77
603350.SH,安乃达,38.99,39.06,3.33,8.1,11.02,4.33,,0.0,17.98,7.1,-18.81,2.9,,39.65,13.48,9.65,7.08
603351.SH,威尔药业,22.05,24.49,1.99,6.35,6.94,6.07,1.14,0.0,25.92,11.1,32.76,20.72,,26.48,1.18,7.72,6.36
603353.SH,和顺石油,41.58,79.64,1.43,1.93,2.59,3.11,1.55,0.0,9.58,2.02,-31.84,-27.17,,20.49,-2.93,82.55,32.11
603356.SH,华菱精工,-23.75,-14.56,3.0,-8.68,-8.66,-3.19,,0.0,5.38,-7.11,7.71,-25.17,1.82,55.54,扣非亏损,扣非亏损,亏损
603357.SH,设计总院,13.17,12.09,1.55,8.8,8.81,5.68,3.93,0.0,31.16,13.98,-18.28,12.67,,44.5,0.95,2.75,2.99
603358.SH,华达科技,50.42,55.19,4.04,6.1,5.94,4.35,1.5,0.0,16.8,6.66,19.71,-2.49,2.07,41.85,-22.2,18.1,16.98
603359.SH,东珠生态,125.48,-6.48,0.66,0.41,0.39,0.06,0.13,0.0,24.04,3.35,-59.68,-42.82,,55.06,扣非亏损,扣非转亏,643.49
603360.SH,百傲化学,37.12,44.72,7.43,14.64,16.03,14.0,5.68,0.0,46.17,28.38,-13.36,5.26,,14.55,8.5,6.11,4.63
603363.SH,*ST傲农,-3.03,-1.08,-1.82,,,-4.59,,0.0,4.04,-13.76,39.94,-54.37,-26.68,112.27,扣非亏损,,
603365.SH,水星家纺,13.16,12.33,1.29,6.36,7.25,6.73,6.26,0.0,41.42,7.82,-13.75,-2.57,,19.78,-4.79,3.88,3.63
603366.SH,日出东方,65.02,114.7,1.46,0.31,1.68,0.96,1.25,0.0,27.77,1.81,-90.22,-6.28,2.5,43.96,-18.26,737.85,77.4
603367.SH,辰欣药业,12.6,15.13,1.15,6.29,6.72,5.61,2.98,36.85,57.19,13.44,-2.49,-6.47,,21.48,-2.34,2.41,1.87
603368.SH,柳药集团,7.82,8.56,0.98,9.75,9.86,4.9,3.17,0.0,11.76,4.66,5.2,2.41,9.26,62.48,3.55,1.75,1.59
603369.SH,今世缘,14.48,16.67,3.94,21.64,21.4,18.28,2.05,0.0,74.27,31.04,16.59,18.85,,32.41,0.88,1.54,1.35
603373.SH,安邦护卫,29.82,27.32,1.96,4.69,4.89,7.25,1.16,0.0,24.28,9.57,10.6,10.56,0.26,23.55,2.59,11.65,12.19
603375.SH,盛景微,159.91,55.01,2.58,0.95,1.28,0.83,,0.0,35.36,3.48,-90.71,-36.42,2.23,7.99,-1.51,116.22,249.86
603377.SH,ST东时,-12.25,-3.63,1.05,-6.22,-6.2,-1.45,,0.0,35.12,-19.86,-1160.0,-19.54,2.42,57.39,扣非亏损,扣非亏损,亏损
603378.SH,亚士创能,-126.51,-31.91,1.9,-2.16,-1.08,0.66,0.52,0.0,23.15,-1.08,-151.03,-27.79,,74.94,扣非亏损,扣非亏损,亏损
603379.SH,三美股份,29.79,37.9,3.58,9.05,9.19,9.34,0.68,0.0,28.28,18.4,222.66,16.5,,9.26,2.3,8.37,6.48
603380.SH,易德龙,20.54,23.3,2.62,9.58,9.89,7.81,1.02,0.0,26.59,9.12,80.33,13.87,,36.34,1.68,4.87,4.15
603381.SH,永臻股份,23.92,,1.55,4.32,6.58,2.38,,0.0,5.2,3.11,-46.93,47.07,,65.56,,,7.27
603383.SH,顶点软件,65.57,44.17,6.26,6.21,6.92,4.78,2.23,0.0,70.58,23.6,-15.85,-8.0,0.65,15.31,-5.52,14.23,18.95
603385.SH,惠达卫浴,20.32,-15.38,0.68,1.22,2.53,1.89,,0.0,27.4,3.46,144.61,-5.97,,32.42,扣非亏损,扣非转亏,16.06
603386.SH,骏亚科技,-215.25,-83.99,2.88,-2.18,-0.99,-0.23,0.62,0.0,15.78,-0.86,-145.46,-5.69,29.65,57.4,扣非亏损,扣非亏损,亏损
603388.SH,ST元成,-7.89,-3.95,0.8,-5.46,-7.34,-2.87,,0.0,1.11,-87.41,-486.09,-63.84,10.59,56.48,扣非亏损,扣非亏损,亏损
603389.SH,亚振家居,-25.14,-15.36,5.53,-16.21,-15.25,-8.17,,0.0,35.87,-36.43,23.86,1.4,,47.94,扣非亏损,扣非亏损,亏损
603392.SH,万泰生物,262.64,-168.79,7.52,0.33,2.12,1.34,0.43,0.0,71.83,13.88,-97.55,-60.79,,14.45,扣非亏损,扣非转亏,247.78
603393.SH,新天然气,11.81,11.34,1.77,11.57,11.61,8.38,2.94,0.0,43.11,30.59,31.23,16.7,,43.87,0.68,1.96,2.03
603396.SH,金辰股份,50.01,61.16,1.78,3.24,2.81,1.92,0.37,0.0,28.45,4.25,10.27,9.91,,54.77,6.17,37.75,35.6
603398.SH,沐邦高科,-38.22,-49.88,6.51,-18.79,-14.19,-4.43,,0.0,-6.6,-50.25,-2523.02,-52.14,41.2,62.54,扣非亏损,扣非亏损,亏损
603399.SH,永杉锂业,90.39,-35.03,3.41,-1.79,2.8,2.83,,0.0,3.63,1.3,85.29,-23.71,,50.29,扣非亏损,扣非亏损,64.57
603408.SH,建霖家居,11.11,12.0,1.78,11.5,12.38,9.36,3.43,0.0,26.29,10.49,37.84,22.22,0.02,32.11,0.54,2.09,1.8
603416.SH,信捷电气,22.84,27.69,2.37,7.19,7.98,6.28,0.59,0.0,38.6,14.39,23.92,11.93,,29.0,2.32,7.7,5.72
603421.SH,鼎信通讯,-113.35,94.95,1.28,-0.87,-0.84,-0.27,0.65,0.0,39.04,-1.26,-156.71,3.52,,36.31,26.94,扣非亏损,亏损
603429.SH,集友股份,-55.79,52.55,3.14,5.82,-3.73,-3.03,1.8,0.0,36.6,-13.11,-28.9,-19.62,0.61,13.48,-2.68,18.04,亏损
603439.SH,贵州三力,22.72,21.03,3.67,12.18,12.54,8.18,1.06,0.0,69.28,13.74,22.16,49.26,29.85,39.26,0.43,3.45,3.62
603456.SH,九洲药业,17.56,21.38,1.73,7.27,7.4,6.38,2.07,0.0,34.75,15.96,-35.04,-13.36,1.27,21.67,-1.6,5.88,4.75
603458.SH,勘设股份,-15.69,-16.36,0.61,-2.9,-2.84,-1.01,0.64,0.0,26.56,-10.47,-428.35,-28.23,2.4,48.18,扣非亏损,扣非亏损,亏损
603466.SH,风语筑,-34.09,-164.77,2.43,-4.33,-4.95,-2.87,1.39,0.0,21.93,-12.22,-169.77,-47.94,,51.7,扣非亏损,扣非亏损,亏损
603477.SH,巨星农牧,30.81,554.89,3.46,8.7,8.1,5.14,,0.0,17.84,6.72,194.36,31.59,17.37,60.81,17.57,127.61,7.61
603486.SH,科沃斯,50.04,62.5,4.42,7.85,9.07,4.85,0.72,0.0,48.39,6.01,1.69,-2.9,,47.53,-21.54,15.92,11.04
603488.SH,展鹏科技,-144.81,-569.52,2.76,-1.97,-1.36,-1.54,1.96,0.0,15.77,-8.08,-147.79,-34.09,26.27,30.93,扣非亏损,扣非亏损,亏损
603489.SH,八方股份,84.8,133.36,2.2,1.61,1.9,0.91,1.82,0.0,25.63,5.06,-59.44,-24.91,,16.68,-5.35,165.78,89.26
603499.SH,翔港科技,139.42,226.09,7.85,4.28,4.69,4.38,0.51,0.0,22.13,7.7,610.57,18.82,2.33,41.63,12.01,105.7,59.45
603500.SH,祥和实业,47.25,47.8,2.49,3.9,4.0,3.3,1.06,0.0,25.05,7.49,-27.85,11.21,,19.89,4.26,24.5,23.62
603501.SH,韦尔股份,42.82,58.93,6.05,10.4,10.91,6.8,0.13,0.0,29.61,12.51,1665.81,25.38,16.99,40.9,2.32,11.33,7.85
603505.SH,金石资源,50.08,46.93,10.1,15.28,14.81,6.23,1.1,0.0,25.02,14.54,2.04,58.5,,65.95,0.8,6.14,6.76
603506.SH,南都物业,21.78,27.52,1.55,7.09,5.09,3.2,3.23,0.0,16.04,5.07,-7.48,-3.6,19.86,53.16,-7.65,7.77,8.56
603507.SH,振江股份,22.32,21.88,1.97,6.96,6.72,4.88,1.51,0.0,21.34,5.82,32.84,6.46,5.46,59.66,3.38,6.29,6.64
603508.SH,思维列控,22.38,19.77,2.13,7.19,7.14,7.26,4.82,0.0,63.56,37.38,36.73,23.83,29.57,5.16,0.83,5.5,6.27
603511.SH,爱慕股份,25.9,28.23,1.11,2.32,3.12,2.95,4.84,0.0,65.97,6.15,-46.8,-8.04,,14.6,-3.51,24.29,16.6
603515.SH,欧普照明,16.43,17.33,2.1,7.65,8.93,7.41,4.89,0.0,40.19,12.29,-11.05,-8.09,,30.78,-2.14,4.53,3.68
603516.SH,淳中科技,102.8,137.42,5.18,3.92,4.04,3.54,0.45,0.0,53.48,14.95,1363.33,-3.21,0.02,7.95,-42.84,70.18,50.89
603518.SH,锦泓集团,12.61,11.0,0.79,4.13,4.69,4.63,2.59,0.0,69.26,5.53,-14.07,-5.61,52.61,37.28,-1.96,5.33,5.38
603519.SH,立霸股份,22.81,27.0,2.61,7.66,7.99,7.19,15.34,0.0,13.22,8.99,25.23,15.56,,13.38,1.74,7.05,5.71
603527.SH,众源新材,22.41,27.96,1.39,3.7,4.68,3.49,3.24,0.0,3.27,1.35,-10.13,20.31,,50.04,1.38,15.1,9.58
603528.SH,多伦科技,104.14,-21.52,2.93,-0.55,2.1,1.5,,0.0,36.96,7.83,43.35,-0.85,2.54,16.89,扣非亏损,扣非亏损,99.18
603530.SH,神马电力,35.7,37.89,6.12,12.69,13.14,11.51,1.25,0.0,44.43,24.08,135.16,33.1,,26.18,1.14,5.97,5.43
603533.SH,掌阅科技,-179.11,-133.9,3.53,-2.05,-1.47,-1.52,0.15,0.0,71.96,-1.8,-301.29,-2.55,0.48,21.16,扣非亏损,扣非亏损,亏损
603535.SH,嘉诚国际,16.5,22.49,1.48,6.61,6.56,5.07,0.56,0.0,33.97,16.95,3.59,1.28,,43.77,17.54,6.81,5.03
603536.SH,惠发食品,-70.03,-5141.42,6.02,-6.77,-5.8,-0.99,0.13,0.0,17.52,-2.2,6.51,-0.12,,68.43,扣非亏损,扣非亏损,亏损
603538.SH,美诺华,36.31,390.62,1.46,2.46,2.96,2.03,0.1,0.0,31.88,7.13,-1.15,2.21,,50.93,176.54,317.84,24.54
603556.SH,海兴电力,18.08,17.43,2.77,11.55,12.89,9.85,3.79,0.0,45.97,23.2,24.46,18.69,,24.38,0.93,3.02,2.81
603557.SH,ST起步,-22.38,-3.05,332.37,-179.59,-166.56,-5.11,,0.0,45.81,-31.6,73.83,-16.27,,99.71,扣非亏损,扣非亏损,亏损
603559.SH,*ST通脉,-17.91,-9.63,59.76,-52.0,-112.49,-7.38,,0.0,5.29,-34.63,25.96,61.51,,97.57,扣非亏损,扣非亏损,亏损
603565.SH,中谷物流,12.42,20.8,1.78,5.79,10.63,6.77,8.75,0.0,13.31,13.17,-20.07,-9.1,,57.76,-2.29,7.19,2.34
603566.SH,普莱柯,32.7,66.64,1.76,3.53,3.95,3.64,3.09,0.0,63.15,13.95,-47.18,-17.96,0.67,14.61,-3.71,37.81,16.56
603567.SH,珍宝岛,21.52,29.48,1.47,4.65,5.13,4.23,1.64,0.0,53.1,19.56,665.94,-1.09,0.18,35.06,-27.12,12.67,8.39
603568.SH,伟明环保,12.96,14.62,2.9,17.09,17.76,10.36,1.56,0.0,47.64,35.98,33.17,30.83,,46.68,0.47,1.71,1.46
603569.SH,长久物流,56.46,56.89,1.61,2.2,2.07,2.01,0.56,0.0,11.48,2.92,-28.3,1.79,1.55,47.78,31.72,51.62,54.55
603578.SH,三星新材,62.78,100.44,2.13,2.61,2.56,0.94,0.91,0.0,19.37,1.55,-75.05,-4.64,0.91,72.51,-21.63,76.99,49.05
603580.SH,艾艾精工,368.9,913.32,6.62,0.99,1.33,0.98,0.55,0.0,35.13,3.62,51.95,9.79,,14.82,93.32,1837.66,554.73
603583.SH,捷昌驱动,20.94,30.9,1.88,6.13,6.86,4.77,0.85,0.0,29.47,11.32,56.72,22.2,2.99,33.86,1.39,10.09,6.11
603585.SH,苏利股份,200.71,-305.88,0.97,0.29,0.35,0.8,0.35,0.0,14.21,0.51,-80.25,11.09,0.01,43.91,扣非亏损,扣非转亏,1146.94
603586.SH,金麒麟,30.24,30.9,1.22,3.02,3.02,3.32,2.81,0.0,20.98,5.54,-43.83,-0.94,,15.61,-32.92,20.43,20.03
603587.SH,地素时尚,15.15,16.21,1.55,6.45,7.42,7.58,6.1,0.0,74.82,17.29,-32.44,-12.59,,20.14,-1.29,5.02,4.08
603589.SH,口子窖,14.73,15.77,2.53,12.72,13.12,13.76,3.31,0.0,74.76,30.05,-4.89,-1.89,,20.0,-8.35,2.48,2.25
603590.SH,康辰药业,26.42,42.06,1.24,3.37,3.61,3.65,0.79,0.0,89.37,19.11,-23.43,-10.24,2.78,11.98,-4.11,24.94,14.64
603595.SH,东尼电子,-86.7,-11.6,3.26,-6.46,-2.78,-0.39,,0.0,21.93,-6.75,67.54,5.65,,68.77,扣非亏损,扣非亏损,亏损
603596.SH,伯特利,29.81,30.24,4.98,11.94,13.08,7.87,0.49,0.0,21.29,11.99,30.85,28.85,0.03,41.99,1.05,5.07,4.56
603598.SH,引力传媒,158.55,152.46,18.91,9.1,9.4,2.89,,0.0,4.42,0.44,-27.8,28.43,,86.19,5.36,33.49,33.73
603599.SH,广信股份,13.67,17.43,1.1,5.69,5.96,3.28,4.14,0.0,31.01,16.32,-56.44,-31.46,,38.89,-0.55,6.13,4.59
603602.SH,纵横通信,144.17,201.04,5.67,1.95,2.83,3.32,0.41,0.0,14.95,2.92,-39.39,52.52,9.85,65.28,3.83,206.21,101.89
603605.SH,珀莱雅,30.17,28.32,8.39,21.13,21.74,16.38,1.3,0.0,70.07,14.68,33.81,32.72,,34.24,0.87,2.68,2.78
603606.SH,东方电缆,31.65,40.98,5.69,12.02,14.37,9.59,1.05,0.0,22.16,13.91,-0.96,25.22,,41.73,1.62,6.82,4.41
603608.SH,*ST天创,-35.1,-32.89,1.29,-3.05,-2.6,-0.95,,0.0,63.16,-3.81,-25.45,-15.23,,33.74,扣非亏损,扣非亏损,亏损
603609.SH,禾丰股份,20.3,-41.15,1.2,4.34,4.3,3.01,,0.0,6.36,1.1,1429.69,-10.72,0.0,50.0,扣非亏损,扣非转亏,9.44
603610.SH,麒盛科技,17.68,17.3,1.16,5.35,4.74,3.16,8.39,0.0,33.57,6.77,-22.24,-6.87,0.47,34.3,-2.52,6.46,7.46
603611.SH,诺力股份,9.53,10.93,1.61,11.21,13.09,5.08,3.29,0.0,23.23,7.0,-0.19,-3.57,22.02,68.27,-3.06,1.95,1.46
603612.SH,索通发展,27.4,-11.08,1.36,2.48,3.79,3.35,3.64,0.0,9.3,3.45,140.87,-16.86,0.22,59.85,扣非亏损,扣非转亏,14.46
603613.SH,国联股份,12.53,13.14,2.5,14.4,15.89,11.47,0.97,0.0,4.34,2.88,7.84,26.13,,46.82,0.5,1.83,1.58
603615.SH,茶花股份,-254.62,-276.97,4.32,-1.58,-1.25,-1.89,0.82,0.0,21.16,-3.56,-7913.91,-15.34,0.29,19.87,扣非亏损,扣非亏损,亏损
603616.SH,韩建河山,-29.39,-5.27,4.1,-10.61,-10.09,-1.78,,0.0,12.97,-10.32,23.36,25.67,3.97,78.3,扣非亏损,扣非亏损,亏损
603617.SH,君禾股份,28.63,56.0,1.6,3.82,4.29,3.05,0.43,0.0,22.57,7.29,153.06,72.18,0.13,35.5,0.78,29.32,13.35
603618.SH,杭电股份,23.6,33.77,1.27,3.86,4.11,2.36,0.94,0.0,13.14,1.96,0.69,15.34,,70.27,2.2,17.48,11.48
603626.SH,科森科技,-18.2,-15.82,2.27,-9.21,-8.76,-4.23,1.43,0.0,6.68,-8.92,-41.13,37.1,,55.4,扣非亏损,扣非亏损,亏损
603628.SH,清源股份,31.37,33.24,3.13,7.57,7.64,5.02,0.59,0.0,22.87,7.49,-30.03,2.76,,53.32,12.03,8.78,8.21
603629.SH,利通电子,66.33,93.15,2.81,2.87,3.13,2.07,0.29,0.0,20.7,3.69,167.77,3.36,2.04,72.56,27.69,64.99,42.38
603633.SH,徕木股份,33.61,40.83,1.6,3.28,3.6,2.9,0.53,0.0,22.7,6.67,1.86,35.07,,45.64,1.16,24.9,18.67
603636.SH,南威软件,-29.95,-137.01,2.57,-6.34,-6.2,-2.97,0.38,0.0,33.26,-46.74,-108.93,-48.05,7.03,57.55,扣非亏损,扣非亏损,亏损
603637.SH,镇海股份,23.61,20.82,1.79,4.35,5.78,3.31,1.44,0.0,19.81,17.15,-1.92,-8.47,,28.12,-2.46,9.57,8.17
603638.SH,艾迪精密,38.23,46.2,4.4,7.48,8.33,5.75,0.74,0.0,30.43,13.76,28.56,26.56,1.52,46.95,1.74,12.34,9.18
603639.SH,海利尔,16.12,21.43,1.22,5.26,5.65,3.83,3.18,0.0,24.05,6.09,-62.29,-13.31,,47.12,-1.61,8.15,5.71
603648.SH,畅联股份,22.45,28.31,1.84,5.64,6.05,6.14,3.59,0.0,19.47,9.42,-5.89,4.94,0.88,23.12,5.73,10.05,7.42
603656.SH,泰禾智能,147.36,-389.82,3.01,0.37,1.52,0.95,0.32,0.0,39.45,4.66,65.8,11.91,,21.02,扣非亏损,扣非转亏,193.9
603657.SH,春光科技,286.02,-132.99,1.89,0.26,0.49,0.55,0.62,0.0,11.64,0.32,-93.06,9.94,0.56,58.09,扣非亏损,扣非转亏,1167.43
603658.SH,安图生物,21.05,21.58,3.19,10.99,11.06,9.26,1.85,0.0,65.86,28.68,6.69,4.24,1.94,25.49,5.09,3.93,3.81
603659.SH,璞泰来,24.54,29.55,2.2,6.28,6.7,3.67,0.67,0.0,29.09,14.7,-26.48,-15.81,0.58,54.27,-1.87,9.41,7.32
603660.SH,苏州科达,-7.7,-10.91,6.0,-41.94,-39.51,-12.85,,0.0,60.93,-47.83,-10.75,-34.76,,68.86,扣非亏损,扣非亏损,亏损
603661.SH,恒林股份,12.94,28.53,1.24,7.44,7.5,3.72,1.62,0.0,18.53,3.53,-21.9,35.24,10.19,65.5,0.81,7.67,3.45
603662.SH,柯力传感,46.48,65.75,4.53,6.19,7.42,6.0,0.92,0.0,43.32,23.68,3.67,14.03,8.76,31.6,4.69,21.24,12.53
603663.SH,三祥新材,77.37,118.12,6.07,5.36,5.91,4.79,0.68,0.0,26.5,9.39,-14.14,0.94,2.66,35.59,125.42,44.08,26.18
603665.SH,康隆达,-32.11,-10.35,2.57,-3.88,-5.71,-0.56,,0.0,24.09,-8.29,-225.4,-25.02,27.15,63.42,扣非亏损,扣非亏损,亏损
603666.SH,亿嘉和,-54.86,-364.61,2.55,-3.89,-3.43,-2.49,,0.0,40.3,-20.99,15.8,4.69,,34.95,扣非亏损,扣非亏损,亏损
603667.SH,五洲新春,52.72,64.9,2.35,2.93,3.36,2.68,0.77,0.0,17.2,4.1,-16.68,-1.76,13.72,41.0,-36.97,44.36,31.38
603669.SH,灵康药业,-78.68,-32.44,6.19,-10.17,-5.17,-4.72,,0.0,43.06,-20.3,24.96,53.34,,29.02,扣非亏损,扣非亏损,亏损
603676.SH,卫信康,14.69,24.97,3.21,13.96,17.2,14.44,2.73,0.0,54.71,24.46,15.84,-6.3,,23.34,-3.97,3.58,1.71
603677.SH,奇精机械,39.3,47.07,2.47,4.17,4.37,2.82,1.38,0.0,12.64,3.53,-18.02,14.27,,50.78,3.3,22.57,17.99
603679.SH,华体科技,-70.57,-49.12,3.57,-3.92,-3.55,-2.2,1.21,0.0,25.1,-11.52,-257.59,-42.19,,39.31,扣非亏损,扣非亏损,亏损
603680.SH,今创集团,17.74,20.22,1.3,5.49,5.55,3.72,1.27,0.0,26.74,8.85,43.23,14.35,0.02,43.8,1.41,7.36,6.39
603681.SH,永冠新材,14.57,26.97,1.0,3.08,5.1,2.55,0.99,0.0,8.62,2.81,-17.76,12.22,,61.8,2.21,17.54,5.71
603683.SH,晶华新材,26.42,30.61,1.78,4.34,5.14,3.88,0.23,0.0,17.35,5.05,60.1,23.84,1.48,46.4,1.28,14.09,10.28
603686.SH,福龙马,24.68,28.3,1.15,3.12,3.46,3.61,2.44,0.0,20.51,4.39,-38.23,0.78,,44.93,36.4,18.15,14.27
603687.SH,大胜达,37.3,62.46,1.27,1.76,2.56,2.17,0.42,0.0,17.46,6.02,2.17,2.72,11.32,20.33,22.99,70.89,29.14
603688.SH,石英股份,40.74,15.2,2.96,4.37,4.96,4.59,8.06,0.0,50.33,31.34,-93.09,-83.1,0.93,10.69,-0.18,6.96,16.43
603689.SH,皖天然气,11.62,13.62,1.41,8.98,9.02,5.91,4.03,0.0,12.21,6.82,-5.32,-8.03,0.07,48.99,-1.7,3.03,2.58
603690.SH,至纯科技,41.35,81.05,2.13,3.64,3.84,3.07,0.75,0.0,35.38,6.08,19.3,20.04,4.7,62.73,4.04,44.5,21.54
603693.SH,江苏新能,16.39,19.85,1.38,5.83,6.45,4.82,1.34,0.0,52.02,33.43,4.3,6.9,,54.05,2.88,6.81,5.08
603696.SH,安记食品,68.96,72.16,3.49,3.14,3.81,3.74,0.71,0.0,14.28,4.7,-39.42,-7.28,,6.72,-9.92,46.02,36.2
603698.SH,航天工程,50.07,40.32,2.55,3.79,3.82,1.77,0.73,0.0,21.71,9.02,32.6,12.22,,37.07,3.3,21.27,26.22
603700.SH,宁水集团,45.57,30.2,1.35,1.55,2.22,1.5,2.1,0.0,22.1,3.46,-66.47,-19.5,,28.64,-1.55,38.97,41.06
603701.SH,德宏股份,186.15,489.47,4.74,0.14,1.92,1.88,0.16,0.0,15.19,4.12,-87.95,10.64,6.81,29.68,45.99,7022.53,193.91
603703.SH,盛洋科技,551.06,-2467.81,5.78,0.6,0.79,0.91,0.09,0.0,24.72,1.5,382.03,10.34,19.9,55.08,扣非亏损,扣非转亏,1395.1
603706.SH,东方环宇,19.23,15.43,1.94,7.36,7.35,5.66,5.44,0.0,26.51,16.35,25.25,8.42,7.85,35.24,1.83,4.19,5.23
603707.SH,健友股份,30.86,-56.28,4.01,9.08,10.08,8.23,0.67,0.0,41.41,19.62,-33.41,-1.72,2.01,33.52,扣非亏损,扣非转亏,6.12
603709.SH,中源家居,405.73,-193.34,2.35,0.6,0.42,-0.01,1.0,0.0,21.9,0.22,-85.22,50.51,,60.29,扣非亏损,扣非转亏,1932.05
603711.SH,香飘飘,255.38,22.74,1.86,-0.17,0.53,-0.91,2.04,0.0,34.64,0.9,85.7,-2.05,,33.67,-11.11,转盈,963.69
603712.SH,七一二,-415.39,340.01,3.28,-1.03,-0.59,-0.66,0.19,0.0,33.92,-0.61,-115.98,-28.97,,48.29,-11.74,扣非亏损,亏损
603713.SH,密尔克卫,14.68,20.1,2.22,10.72,11.7,6.61,1.0,0.0,11.08,5.76,18.1,25.26,30.68,61.59,0.8,3.75,2.51
603716.SH,塞力医疗,-20.13,-8.57,1.54,-2.29,-5.15,-0.11,,0.0,19.89,-2.36,-132.73,-7.15,6.49,63.47,扣非亏损,扣非亏损,亏损
603717.SH,天域生物,216.67,-4.96,2.85,-0.27,0.98,1.11,,0.0,19.74,4.37,98.48,5.27,0.82,73.16,扣非亏损,扣非亏损,442.18
603718.SH,海利生物,206.68,-1759.21,4.37,-0.36,1.64,0.65,0.27,0.0,49.08,8.83,-142.1,-10.37,18.38,24.51,扣非亏损,扣非亏损,252.05
603721.SH,中广天择,-3083.92,-106.53,7.68,-1.45,-0.19,-0.15,,0.0,16.06,-0.54,57.95,36.85,,35.13,扣非亏损,扣非亏损,亏损
603722.SH,阿科力,-499.62,-529.92,6.13,-1.18,-0.9,-1.33,0.37,0.0,8.77,-1.94,-146.72,-11.85,,24.36,扣非亏损,扣非亏损,亏损
603725.SH,天安新材,19.39,22.81,2.81,9.94,11.01,5.1,1.53,0.0,22.16,4.55,32.27,-1.4,19.95,69.61,-16.32,4.59,3.52
603726.SH,朗迪集团,18.81,26.59,2.66,9.42,10.78,6.96,2.62,0.0,22.1,9.24,43.08,11.43,,47.52,2.33,5.65,3.49
603727.SH,博迈科,27.52,33.17,1.08,3.41,2.93,1.39,1.2,0.0,14.96,5.38,263.83,31.22,,34.27,1.06,19.46,18.78
603728.SH,鸣志电器,357.3,252.29,7.82,1.5,1.65,0.95,0.06,0.0,37.65,2.62,-45.93,-4.51,18.2,27.29,-56.0,335.98,433.09
603729.SH,龙韵股份,426.3,-29.94,4.09,0.62,0.72,1.01,,0.0,17.81,0.81,-44.52,13.26,,46.11,扣非亏损,扣非转亏,1184.17
603730.SH,岱美股份,20.27,23.05,3.7,13.58,13.59,10.8,2.76,0.0,28.26,12.97,9.09,8.96,8.12,34.7,2.57,3.4,2.98
603733.SH,仙鹤股份,13.48,14.37,1.93,9.75,10.68,5.3,2.17,0.0,16.55,11.33,135.46,16.89,0.12,64.65,0.85,2.95,2.52
603737.SH,三棵树,45.56,-174.64,8.99,9.56,15.7,3.64,0.34,0.0,28.66,4.44,-42.82,-2.81,2.89,79.98,扣非亏损,扣非转亏,5.8
603738.SH,泰晶科技,56.24,75.36,3.58,3.6,4.78,4.3,0.5,0.0,24.66,13.87,3.44,3.69,,13.79,20.43,41.89,23.53
603739.SH,蔚蓝生物,70.48,125.83,2.22,1.35,2.39,3.25,0.66,0.0,44.18,6.46,-33.4,7.5,4.53,38.62,16.78,185.74,58.98
603755.SH,日辰股份,34.93,38.33,3.53,7.39,7.69,6.66,0.94,0.0,38.49,18.31,35.38,11.78,,27.6,3.25,10.38,9.09
603758.SH,秦安股份,25.47,18.93,1.77,5.93,5.09,4.68,4.37,0.0,23.79,10.72,-28.35,-1.68,,14.39,-11.26,6.39,10.01
603759.SH,海天股份,16.14,15.2,1.2,5.38,5.6,4.15,3.25,0.0,44.37,15.26,-10.83,13.55,,55.61,1.12,5.65,5.77
603766.SH,隆鑫通用,14.0,21.55,1.88,9.8,10.41,6.67,1.94,0.0,18.3,7.23,19.44,30.48,,39.45,0.71,4.4,2.69
603767.SH,中马传动,63.83,71.38,2.95,3.39,3.45,2.68,1.3,0.0,19.0,7.17,-22.04,-13.65,,15.04,-5.23,42.11,37.0
603773.SH,沃格光电,-89.58,-75.1,4.46,-5.01,-3.65,0.35,0.18,0.0,16.74,-1.5,-82.91,31.29,13.17,65.83,扣非亏损,扣非亏损,亏损
603776.SH,永安行,-90.22,-18.85,1.26,-1.77,-0.95,0.07,2.13,0.0,14.82,-7.31,-92.41,-8.74,4.13,31.49,扣非亏损,扣非亏损,亏损
603777.SH,来伊份,-64.02,-113.7,2.04,-4.15,-2.36,-0.81,0.38,0.0,40.74,-1.77,-138.91,-15.96,,43.53,扣非亏损,扣非亏损,亏损
603778.SH,国晟科技,-12.5,-7.62,3.11,-17.28,-17.28,-7.13,,0.0,-3.11,-20.29,-1214.37,17.64,,64.2,扣非亏损,扣非亏损,亏损
603779.SH,威龙股份,643.76,-31.88,6.56,0.59,0.77,2.09,,0.0,51.88,1.42,138.31,13.41,,50.55,扣非亏损,扣非转亏,1672.11
603786.SH,科博达,30.35,34.64,4.84,11.67,12.45,10.65,0.84,0.0,29.33,14.92,31.25,33.79,,24.52,1.03,5.94,4.88
603788.SH,宁波高发,16.56,18.17,1.66,7.09,7.45,6.66,4.02,0.0,24.31,14.02,37.7,23.45,,18.52,0.77,5.12,4.45
603789.SH,星光农机,-23.38,-16.88,7.14,-28.7,-20.54,-5.91,,0.0,-10.3,-42.98,-52.18,8.47,4.07,66.88,扣非亏损,扣非亏损,亏损
603790.SH,雅运股份,24.2,52.85,1.72,4.56,5.3,4.66,0.71,0.0,31.94,9.77,10.27,11.5,,24.01,4.59,23.17,9.13
603797.SH,联泰环保,10.97,12.1,0.77,5.61,5.33,3.89,,0.0,62.46,21.36,-6.52,-21.41,,67.11,-0.57,4.32,4.12
603798.SH,康普顿,29.13,53.43,1.97,4.08,5.09,5.28,0.62,0.0,19.62,7.81,17.79,-6.31,2.58,15.81,-8.47,26.21,11.45
603799.SH,华友钴业,15.17,17.93,1.79,8.69,8.57,4.58,3.04,0.0,17.53,8.32,11.56,-10.97,1.71,64.08,-1.63,4.12,3.54
603800.SH,洪田股份,44.32,32.37,6.39,6.93,10.45,3.86,0.57,0.0,22.27,10.11,16.61,-30.18,33.35,71.95,-1.07,9.34,8.48
603801.SH,志邦家居,18.36,14.29,1.97,7.06,8.04,4.47,4.17,0.0,36.83,7.24,-28.32,-6.46,,47.83,-2.21,4.05,4.57
603803.SH,瑞斯康达,-40.93,-17.36,2.11,-5.1,-3.82,-2.12,,0.0,38.79,-6.31,0.36,-9.38,,38.63,扣非亏损,扣非亏损,亏损
603806.SH,福斯特,27.39,28.84,2.9,7.62,7.83,6.85,1.07,0.0,15.56,8.28,-8.98,-8.86,,23.52,-3.25,7.57,7.0
603808.SH,歌力思,93.75,-80.23,0.95,0.46,0.75,2.64,2.62,0.0,68.2,2.85,-89.59,4.2,6.53,30.51,扣非亏损,扣非转亏,250.0
603809.SH,豪能股份,22.46,27.05,3.13,9.97,10.28,6.54,1.69,0.0,34.14,14.37,77.91,26.57,8.41,56.71,1.02,5.43,4.37
603810.SH,丰山集团,-50.14,-20.54,1.13,-1.51,-1.59,-1.35,,0.0,8.03,-3.37,-265.38,-20.47,,41.32,扣非亏损,扣非亏损,亏损
603811.SH,诚意药业,17.28,17.77,2.17,8.77,9.58,7.36,1.93,0.0,69.01,22.48,-2.78,13.29,,31.32,1.34,4.05,3.61
603813.SH,原尚股份,-32.2,-59.94,2.15,-4.67,-4.74,-1.03,1.55,0.0,17.14,-14.02,-83.29,-33.58,,54.58,扣非亏损,扣非亏损,亏损
603815.SH,交建股份,32.71,29.44,1.89,4.41,4.35,1.69,1.02,0.0,9.06,3.56,-21.66,-13.06,,76.29,-2.25,13.34,15.04
603816.SH,顾家家居,15.2,16.84,2.81,12.58,13.26,10.67,3.97,0.0,31.88,10.09,-10.67,-2.37,3.26,38.03,-7.12,2.68,2.29
603818.SH,曲美家居,-11.62,-10.34,1.02,-5.88,-6.43,-0.49,,0.0,33.31,-5.65,36.38,-10.03,44.0,65.55,扣非亏损,扣非亏损,亏损
603819.SH,神力股份,-33.44,-37.95,2.73,-6.01,-5.66,-3.13,2.1,0.0,9.14,-5.04,-40106.33,-3.4,,46.19,扣非亏损,扣非亏损,亏损
603822.SH,嘉澳环保,-14.78,-15.54,2.94,-13.9,-13.73,-2.88,,0.0,-1.77,-13.05,-541.66,-52.48,4.38,71.32,扣非亏损,扣非亏损,亏损
603823.SH,百合花,21.54,25.73,1.78,5.8,6.41,5.82,1.52,0.0,20.68,9.36,86.5,3.87,0.18,26.1,6.65,8.88,6.72
603825.SH,华扬联众,-9.93,-3.93,4.01,-26.09,-26.69,-6.76,,0.0,15.28,-12.23,-92.18,-58.88,4.67,78.37,扣非亏损,扣非亏损,亏损
603826.SH,坤彩科技,222.96,280.66,9.44,2.8,3.17,2.8,0.17,0.0,32.4,8.16,-14.6,21.83,,60.59,12.86,200.76,140.67
603828.SH,ST柯利达,77.06,-9.63,2.32,-1.28,0.38,1.35,,0.0,11.95,0.82,-164.3,0.69,,82.06,扣非亏损,扣非亏损,405.56
603829.SH,洛凯股份,21.17,22.77,2.36,7.6,8.61,5.79,0.61,0.0,23.43,8.48,2.39,6.37,0.21,52.21,3.58,5.99,4.92
603833.SH,欧派家居,16.28,19.1,2.45,9.64,10.84,6.15,3.96,0.0,35.54,14.66,-19.88,-16.21,,47.16,-1.18,3.96,3.0
603836.SH,海程邦达,24.55,22.51,1.49,4.52,4.58,3.88,1.13,0.0,6.23,1.13,20.43,68.48,7.31,53.58,0.33,9.97,10.72
603838.SH,四通股份,-192.52,-49.93,2.12,-2.33,-0.82,-0.68,,0.0,11.52,-4.05,37.29,44.83,,4.79,扣非亏损,扣非亏损,亏损
603839.SH,安正时尚,-54.03,-35.07,1.15,-1.87,-1.57,-0.89,1.39,0.0,47.12,-2.41,-565.71,-8.42,4.88,26.79,扣非亏损,扣非亏损,亏损
603843.SH,正平股份,-19.65,-4.65,2.53,-8.93,-9.23,0.12,,0.0,7.14,-11.68,27.82,-29.49,2.64,84.69,扣非亏损,扣非亏损,亏损
603848.SH,好太太,22.12,19.79,2.36,8.11,8.1,6.58,1.94,0.0,52.73,17.79,-17.14,-4.22,,13.26,-4.69,4.88,5.46
603855.SH,华荣股份,17.04,15.83,3.75,15.41,16.38,7.81,5.01,0.0,50.17,13.26,2.99,19.67,1.05,57.72,0.8,2.05,2.08
603856.SH,东宏股份,14.03,19.33,1.34,6.91,7.33,5.68,1.62,0.0,19.18,7.76,10.14,2.02,,40.34,9.55,5.6,3.83
603858.SH,步长制药,46.59,-129.59,1.74,3.15,2.73,2.88,0.74,0.0,57.12,2.56,-55.16,-14.71,13.64,46.38,扣非亏损,扣非转亏,34.13
603859.SH,能科科技,53.56,52.73,2.99,4.05,4.12,4.69,0.27,0.0,48.61,16.37,-30.49,-4.48,3.45,30.68,-11.77,26.05,26.0
603860.SH,中公高科,310.18,54.24,3.04,0.51,0.73,0.5,0.5,0.0,55.33,4.92,-59.8,-10.07,,11.4,-5.38,213.03,849.8
603861.SH,白云电器,24.71,25.29,1.44,4.01,4.19,2.19,0.86,0.0,18.14,3.51,179.23,20.34,,67.35,1.24,12.6,11.79
603863.SH,松炀资源,-48.11,-38.9,11.27,-17.13,-16.3,-5.83,,0.0,-6.41,-20.06,37.15,14.74,,57.66,扣非亏损,扣非亏损,亏损
603867.SH,新化股份,18.48,20.3,2.07,7.79,8.05,6.32,1.37,0.0,20.96,9.76,-10.99,15.01,,39.74,1.35,5.21,4.59
603868.SH,飞科电器,28.02,31.63,5.71,11.39,14.29,12.86,4.55,0.0,56.0,13.99,-47.23,-16.85,,28.12,-1.88,5.55,3.92
603869.SH,ST智知,117.66,-27.71,0.83,0.21,0.52,-0.26,,0.0,45.34,4.33,32.87,-39.16,15.58,28.25,扣非亏损,扣非转亏,452.55
603877.SH,太平鸟,44.6,44.61,1.49,-0.22,2.42,2.41,3.51,0.0,54.89,2.35,-107.23,-13.05,,44.48,-3.42,转盈,36.86
603878.SH,武进不锈,14.04,14.24,1.21,5.82,6.2,4.88,7.02,0.0,16.3,8.16,-38.66,-23.17,,32.69,-0.61,4.89,4.53
603879.SH,ST永悦,-30.5,-18.36,3.65,-8.54,-8.26,-8.73,,0.0,6.83,-12.89,-9.83,10.88,,16.33,扣非亏损,扣非亏损,亏损
603880.SH,南卫股份,-74.58,-7.95,2.9,-2.63,-1.9,-0.45,,0.0,12.41,-2.83,-266.8,-3.24,,63.01,扣非亏损,扣非亏损,亏损
603882.SH,金域医学,124.54,155.81,1.99,0.96,1.16,0.84,1.41,0.0,35.15,1.49,-77.23,-10.95,0.65,27.01,-14.23,323.45,214.72
603886.SH,元祖股份,10.02,15.7,2.02,14.89,15.34,10.09,5.49,0.0,64.33,13.32,-11.05,-11.84,,50.85,-1.33,2.11,1.31
603887.SH,城地香江,-51.92,-11.51,3.82,-5.82,-4.76,-0.51,,0.0,26.97,-15.12,-349.21,-32.95,12.96,63.2,扣非亏损,扣非亏损,亏损
603888.SH,新华网,61.11,84.31,3.65,3.76,4.44,2.9,0.84,0.0,36.34,12.87,49.17,-0.97,,29.97,-86.54,44.81,27.53
603889.SH,新澳股份,10.44,12.63,1.54,10.83,11.32,8.27,4.21,0.0,19.38,10.11,5.6,10.28,,40.39,1.23,2.33,1.84
603890.SH,春秋电子,28.48,107.52,1.96,1.32,5.1,3.25,,0.0,15.42,3.65,471.39,27.73,1.02,52.65,3.88,163.19,11.17
603893.SH,瑞芯微,80.0,93.01,11.13,10.68,10.92,8.81,0.32,0.0,36.52,16.29,417.14,48.47,,13.52,1.92,17.42,14.65
603895.SH,天永智能,-86.67,-14.27,5.99,-5.82,-5.05,-0.34,,0.0,22.74,-4.5,-382.17,-23.2,,81.57,扣非亏损,扣非亏损,亏损
603896.SH,寿仙谷,28.87,22.26,2.11,4.4,5.36,3.26,1.21,0.0,80.52,25.14,-18.15,-13.01,,26.93,-1.71,10.11,10.77
603898.SH,好莱客,22.59,30.18,0.9,2.07,2.9,2.47,1.91,0.0,34.68,6.3,-51.06,-11.24,,28.22,-2.69,29.14,15.58
603899.SH,晨光股份,21.33,21.84,3.38,11.3,12.32,8.44,2.13,0.0,19.78,6.24,-6.84,7.91,0.7,41.06,2.76,3.87,3.46
603900.SH,莱绅通灵,-36.34,-22.59,1.1,-2.01,-2.21,-2.24,1.5,0.0,36.73,-5.29,-77.96,55.78,,14.59,扣非亏损,扣非亏损,亏损
603901.SH,永创智能,33.35,100.88,1.44,2.89,3.09,1.65,0.67,0.0,27.79,3.12,-53.54,2.97,7.44,66.13,34.02,69.86,21.59
603903.SH,中持股份,-577.04,28.81,1.09,-0.51,-0.13,0.84,1.94,0.0,30.73,-1.52,-110.61,-25.89,14.67,62.54,-1.11,扣非亏损,亏损
603906.SH,龙蟠科技,-17.96,-8.55,2.45,-12.53,-9.14,-0.65,,0.0,11.76,-6.58,49.39,-12.81,6.77,76.0,扣非亏损,扣非亏损,亏损
603908.SH,牧高笛,18.61,34.0,3.98,12.4,16.04,9.89,3.22,0.0,28.59,8.56,-34.21,-6.49,,48.87,-5.24,5.48,2.32
603909.SH,建发合诚,29.63,26.24,2.4,5.74,6.21,2.86,0.7,0.0,5.43,1.74,123.68,132.11,10.11,71.81,0.2,9.15,9.54
603912.SH,佳力图,243.36,329.66,2.18,0.02,0.65,0.38,0.91,0.0,26.31,2.71,-96.8,18.09,,45.28,18.22,40698.53,748.8
603916.SH,苏博特,34.86,44.02,0.88,1.57,1.85,2.59,1.47,0.0,32.89,5.72,-48.74,-3.9,3.18,39.76,-11.28,56.2,37.69
603917.SH,合力科技,609.99,-262.06,1.57,-0.5,0.22,-0.07,1.13,0.0,19.86,0.78,-121.75,-11.26,,16.75,扣非亏损,扣非亏损,5545.39
603918.SH,金桥信息,-52.53,-75.19,4.89,-7.01,-6.68,-5.51,0.21,0.0,26.55,-20.25,-1246.76,-40.55,,36.38,扣非亏损,扣非亏损,亏损
603919.SH,金徽酒,25.62,29.07,3.48,10.23,10.19,8.85,1.58,0.0,64.14,14.12,23.05,15.31,0.03,24.45,1.9,5.68,5.03
603920.SH,世运电路,34.45,37.55,4.2,10.8,9.88,7.29,2.74,0.0,23.55,12.54,27.86,9.75,0.16,34.39,3.85,6.95,6.97
603922.SH,金鸿顺,-242.49,-604.53,4.96,-1.76,-1.52,-1.14,0.08,0.0,9.36,-2.42,67.11,37.85,,35.55,扣非亏损,扣非亏损,亏损
603926.SH,铁流股份,21.24,29.41,1.33,4.06,4.69,3.01,3.04,0.0,17.9,4.31,-1.53,8.97,0.96,42.15,3.28,14.47,9.06
603927.SH,中科软,55.21,37.64,6.61,8.67,8.88,3.96,1.83,0.0,30.07,7.03,-21.83,5.19,,52.26,7.25,8.68,12.44
603929.SH,亚翔集成,10.25,12.55,3.6,28.31,28.61,13.14,4.18,0.0,12.95,9.91,92.79,143.31,,62.51,0.09,0.89,0.72
603931.SH,格林达,35.81,33.98,3.45,7.04,7.35,7.06,1.04,0.0,34.87,21.72,-9.82,-1.42,,9.96,-23.92,9.65,9.74
603936.SH,博敏电子,87.76,-9.56,1.32,0.32,1.13,1.04,,0.0,13.1,2.17,-61.27,2.51,12.56,47.5,扣非亏损,扣非转亏,155.33
603937.SH,丽岛新材,-414.46,379.99,1.19,-0.4,-0.21,-0.41,0.77,0.0,7.15,-0.31,-112.15,-2.29,,37.1,-166.16,扣非亏损,亏损
603938.SH,三孚股份,71.78,93.46,2.0,1.44,2.1,2.02,0.29,0.0,15.62,3.57,-79.07,-18.21,,26.49,-5.13,129.81,68.36
603948.SH,建业股份,14.41,13.78,1.57,7.56,8.27,7.37,4.4,0.0,14.97,9.36,-31.97,-8.02,0.94,23.16,-1.72,3.65,3.48
603949.SH,雪龙集团,42.31,54.37,2.5,2.88,4.42,4.6,1.76,0.0,37.95,16.63,-14.72,-4.44,,6.79,-12.25,37.77,19.15
603950.SH,长源东谷,23.8,25.67,1.89,5.99,6.08,3.92,,0.0,22.61,12.17,-4.07,19.7,,46.86,1.3,8.57,7.83
603955.SH,大千生态,93.69,-22.21,1.24,0.99,0.99,-0.04,,0.0,23.34,34.16,49.4,-20.85,,32.93,扣非亏损,扣非转亏,189.28
603956.SH,威派格,-13.79,-27.65,1.74,-8.91,-8.29,-4.99,1.26,0.0,46.78,-21.05,-123.8,-2.46,6.44,48.65,扣非亏损,扣非亏损,亏损
603958.SH,哈森股份,-55.11,-59.19,4.0,-6.03,-5.29,-2.23,,0.0,53.41,-6.11,-205.57,-0.92,,14.12,扣非亏损,扣非亏损,亏损
603959.SH,ST百利,-6.65,-4.36,4.08,-39.05,-37.43,-5.2,,0.0,7.01,-23.19,-105.03,-47.82,33.24,87.32,扣非亏损,扣非亏损,亏损
603963.SH,*ST大药,-29.81,-27.79,2.17,-6.03,-5.32,-4.01,,0.0,7.74,-41.42,-15.43,-34.97,,19.73,扣非亏损,扣非亏损,亏损
603966.SH,法兰泰克,17.18,21.77,1.83,7.5,7.94,4.57,2.81,0.0,27.87,8.81,-10.55,-1.95,28.39,57.53,-11.18,5.8,4.33
603967.SH,中创物流,12.89,13.85,1.5,8.52,8.73,8.41,4.84,0.0,5.03,2.68,12.17,69.85,0.01,40.96,0.2,3.25,2.95
603968.SH,醋化股份,-17.0,-15.23,1.14,-5.4,-4.83,-2.62,1.97,0.0,8.56,-4.15,-312.69,-9.33,,43.71,扣非亏损,扣非亏损,亏损
603969.SH,银龙股份,22.01,22.39,2.1,7.25,7.22,6.34,1.17,0.0,21.89,8.14,44.42,9.15,0.03,38.17,2.45,6.17,6.1
603970.SH,中农立华,17.86,20.53,2.79,11.43,11.78,4.63,2.93,0.0,6.72,2.22,1.53,1.79,,72.63,11.46,3.59,3.03
603977.SH,国泰集团,30.23,34.38,2.7,5.95,6.79,5.22,1.44,0.0,34.61,14.56,-8.65,-5.92,16.34,32.28,-5.81,11.56,8.91
603978.SH,深圳新星,-34.96,-23.79,3.09,-7.46,-6.34,-1.02,,0.0,4.23,-5.34,-72.68,67.89,,61.82,扣非亏损,扣非亏损,亏损
603979.SH,金诚信,18.29,18.86,3.21,13.93,13.92,10.8,0.53,0.0,32.52,15.74,54.81,31.23,,47.22,0.6,2.71,2.63
603980.SH,吉华集团,17.46,-15.53,0.77,-0.45,3.21,3.4,1.5,0.0,11.49,10.8,74.54,-9.39,0.19,13.78,扣非亏损,扣非亏损,10.88
603982.SH,泉峰汽车,-4.84,-4.56,1.38,-17.17,-19.71,-4.64,,0.0,0.11,-24.25,2.24,4.08,,71.12,扣非亏损,扣非亏损,亏损
603983.SH,丸美股份,39.43,48.84,3.72,6.73,7.08,6.07,2.06,0.0,74.63,12.28,44.09,27.07,,22.35,1.8,14.51,11.14
603985.SH,恒润股份,-63.5,-30.9,1.91,-2.51,-2.2,-1.38,,0.0,2.7,-6.88,-261.74,-14.6,0.0,27.44,扣非亏损,扣非亏损,亏损
603986.SH,兆易创新,57.3,136.92,3.98,4.99,5.34,4.04,,0.0,39.46,14.73,128.31,28.56,2.56,11.93,4.79,54.93,21.46
603987.SH,康德莱,15.51,16.43,1.36,6.62,6.67,5.02,1.68,0.0,31.3,10.76,-8.72,-9.05,7.13,29.49,-1.82,4.97,4.65
603988.SH,中电电机,-214.22,202.74,5.91,1.73,-2.09,-1.02,0.53,0.0,25.05,-3.17,-32.08,-18.63,,40.8,-10.88,234.79,亏损
603989.SH,艾华集团,23.51,30.63,1.69,4.86,5.52,4.54,1.23,0.0,21.19,6.47,-32.03,15.16,,35.97,2.02,12.6,8.52
603990.SH,麦迪科技,-15.33,-7.9,3.73,-24.97,-16.63,-2.99,,0.0,12.87,-46.14,-153.7,2.93,3.38,72.14,扣非亏损,扣非亏损,亏损
603991.SH,至正股份,-283.8,-94.31,23.64,-7.12,-6.06,-1.45,,0.0,14.94,-6.97,-13.15,26.46,25.08,56.45,扣非亏损,扣非亏损,亏损
603993.SH,洛阳钼业,15.86,13.03,2.77,13.83,13.48,10.88,2.97,0.0,17.63,6.15,530.97,17.52,0.55,57.06,0.74,1.88,2.35
603995.SH,甬金股份,9.28,12.07,1.35,8.61,10.74,7.16,2.6,0.0,5.74,2.39,59.3,12.18,0.47,57.06,0.99,2.8,1.73
603997.SH,继峰股份,-24.05,-34.8,3.58,-12.18,-11.81,-0.99,,0.0,14.37,-3.82,-412.89,6.07,32.72,74.81,扣非亏损,扣非亏损,亏损
603999.SH,读者传媒,36.09,53.77,1.73,3.06,3.62,2.79,0.76,0.0,21.8,9.34,-1.39,-12.77,,21.26,-4.21,35.15,19.92
605001.SH,威奥股份,161.91,42.14,0.93,0.31,0.42,1.24,2.99,0.0,29.5,1.26,111.52,21.05,16.82,42.61,2.0,273.37,771.02
605003.SH,众望布艺,24.42,28.37,1.55,4.58,4.77,4.08,2.08,0.0,35.52,17.55,22.36,14.99,,7.54,1.89,12.4,10.24
605005.SH,合兴股份,26.2,28.95,3.64,9.93,10.74,9.52,1.14,0.0,34.0,16.18,10.0,4.31,,19.62,6.71,5.83,4.88
605006.SH,山东玻纤,-21.29,-18.32,1.23,-4.49,-4.06,-1.25,0.75,0.0,6.33,-7.44,-441.53,-10.38,,60.48,扣非亏损,扣非亏损,亏损
605007.SH,五洲特纸,12.59,11.57,2.19,12.41,12.88,5.53,1.5,0.0,11.57,6.01,239.35,17.18,,72.06,0.67,1.86,1.95
605008.SH,长鸿高科,59.22,145.94,4.04,3.66,4.94,3.62,1.95,0.0,9.9,4.05,675.34,129.32,,59.93,1.13,79.73,23.98
605011.SH,杭州热电,40.83,45.65,4.02,6.79,7.55,6.48,0.64,0.0,11.72,8.07,0.38,13.68,,30.94,3.34,13.44,10.82
605018.SH,长华集团,33.43,31.14,1.48,2.9,3.3,2.77,1.81,0.0,12.92,5.43,65.48,3.63,,15.29,8.59,21.44,20.26
605020.SH,永和股份,35.77,67.57,2.74,5.25,5.4,3.27,0.6,0.0,16.79,4.35,-6.29,4.64,4.81,62.13,14.57,25.74,13.25
605028.SH,世茂能源,20.02,21.42,2.5,8.48,9.51,9.32,3.16,0.0,60.89,46.42,-17.73,2.38,,12.01,9.01,5.05,4.21
605033.SH,美邦股份,30.18,235.39,1.53,2.79,3.83,2.91,0.84,0.0,30.75,6.95,-52.62,12.49,,35.29,18.85,168.92,15.76
605050.SH,福然德,17.37,15.46,1.11,4.35,4.8,3.63,3.49,0.0,4.73,2.64,-32.33,12.54,0.2,48.83,1.23,7.1,7.24
605055.SH,迎丰股份,62.15,48.21,2.07,2.37,2.47,1.74,0.84,0.0,15.43,2.22,215.72,2.81,,53.95,17.16,40.61,50.32
605056.SH,咸亨国际,42.27,28.92,3.5,5.89,6.09,4.38,0.96,0.0,27.91,5.03,30.37,18.82,0.01,40.61,1.54,9.82,13.88
605058.SH,澳弘电子,21.8,29.32,1.74,5.15,6.08,4.54,1.31,0.0,21.68,10.65,-14.89,16.27,,31.13,1.8,11.39,7.17
605060.SH,联德股份,20.16,20.81,1.72,6.39,6.46,5.74,1.87,0.0,36.31,17.18,-25.42,-8.29,0.36,17.45,-2.51,6.52,6.24
605068.SH,明新旭腾,144.76,231.06,1.36,0.02,0.65,1.32,,0.0,26.42,1.55,-97.36,24.18,,49.3,9.56,24195.0,445.41
605069.SH,正和生态,346.69,-7.47,1.76,0.4,0.38,0.32,,0.0,26.46,1.85,102.28,78.28,,65.72,扣非亏损,扣非转亏,1824.7
605077.SH,华康股份,19.14,17.94,1.62,5.83,5.97,3.37,3.23,0.0,20.89,8.9,-33.48,3.12,11.07,49.11,5.75,6.15,6.41
605080.SH,浙江自然,12.52,17.61,1.35,7.75,8.36,8.24,0.44,0.0,35.3,20.83,13.14,17.74,,15.7,0.99,4.55,3.0
605081.SH,太和水,-33.19,-6.01,1.25,-2.68,-2.79,-2.26,,0.0,37.93,-37.87,37.49,-23.73,1.19,18.26,扣非亏损,扣非亏损,亏损
605088.SH,冠盛股份,12.33,14.0,1.64,9.62,10.19,5.18,2.61,0.0,26.63,7.49,3.47,26.38,,56.22,0.53,2.91,2.42
605089.SH,味知香,36.25,35.28,2.72,5.34,5.59,4.91,1.92,0.0,25.23,13.26,-36.79,-17.5,,7.37,-2.02,13.22,12.97
605099.SH,共创草坪,15.34,17.31,3.04,15.11,15.39,13.07,2.68,0.0,30.16,17.42,13.66,17.89,,14.36,0.97,2.29,1.99
605108.SH,同庆楼,55.72,36.52,2.79,3.4,3.65,3.49,1.35,0.0,20.23,4.47,-52.51,10.81,,55.32,3.38,21.48,30.53
605116.SH,奥锐特,24.48,26.6,4.25,13.29,13.75,9.98,0.85,0.0,58.22,26.08,44.5,17.97,,38.55,1.48,4.0,3.56
605117.SH,德业股份,19.18,25.69,6.11,28.52,32.74,19.06,2.5,0.0,40.15,27.94,22.04,26.72,,38.52,0.96,1.8,1.17
605122.SH,四方新材,148.68,187.54,0.97,0.21,0.49,0.85,0.14,0.0,14.33,0.68,67.05,-29.73,10.14,46.41,-6.31,1770.96,606.84
605128.SH,上海沿浦,31.31,34.76,3.79,8.35,8.74,5.49,0.65,0.0,16.5,7.17,70.24,46.97,,49.18,0.74,8.33,7.16
605133.SH,嵘泰股份,25.49,31.69,1.64,4.18,4.82,3.92,0.54,0.0,23.53,7.61,10.71,22.16,4.8,40.04,1.43,15.15,10.58
605138.SH,盛泰集团,60.21,93.79,1.32,1.31,1.54,1.64,1.17,0.0,15.51,1.18,29.35,-26.2,2.26,62.34,-3.58,142.74,78.2
605151.SH,西上海,33.34,40.26,1.66,2.77,3.63,3.38,1.52,0.0,19.36,6.01,-52.86,17.87,6.45,44.51,2.25,29.12,18.37
605155.SH,西大门,16.89,19.47,1.58,6.97,7.09,6.85,1.29,0.0,42.41,14.74,17.4,30.62,,7.41,0.64,5.59,4.77
605158.SH,华达新材,25.17,20.33,1.81,4.71,5.4,1.84,2.63,0.0,5.66,2.64,-44.69,-8.83,,68.71,-2.3,8.64,9.32
605162.SH,新中港,23.81,21.8,2.33,7.0,7.1,7.13,1.96,0.0,27.81,13.69,4.8,-5.05,,29.95,-4.32,6.23,6.71
605166.SH,聚合顺,11.28,12.95,1.92,12.66,13.14,5.16,2.87,0.0,8.4,5.25,53.93,21.83,,65.36,0.59,2.05,1.72
605167.SH,利柏特,15.29,18.7,2.28,10.95,11.76,8.42,0.45,0.0,17.53,7.73,23.67,8.73,,40.23,2.14,3.42,2.6
605168.SH,三人行,28.4,27.02,2.47,5.66,6.3,4.4,2.68,0.0,17.52,5.9,-48.79,-20.61,,40.34,-1.31,9.55,9.02
605169.SH,洪通燃气,13.32,13.81,1.53,8.78,8.88,7.75,1.77,0.0,17.27,8.29,56.61,54.21,,22.09,0.25,3.15,3.0
605177.SH,东亚药业,36.66,32.58,1.16,1.89,2.24,1.52,1.23,0.0,26.98,4.69,-51.43,-4.13,,42.57,-7.89,34.52,32.73
605178.SH,时空科技,-11.05,-9.19,1.37,-8.86,-8.92,-7.23,,0.0,23.37,-66.52,-8.7,19.64,1.94,21.26,扣非亏损,扣非亏损,亏损
605180.SH,华生科技,34.21,46.23,1.89,4.19,4.21,3.56,0.57,0.0,28.73,18.97,77.6,56.08,,3.5,0.82,22.06,16.25
605183.SH,确成股份,14.77,15.69,2.35,11.99,12.29,12.04,2.39,0.0,33.19,23.2,28.73,23.57,,12.35,0.67,2.62,2.4
605186.SH,健麾信息,84.05,736.7,3.35,1.8,3.02,2.36,0.24,0.0,57.35,13.67,-67.89,-19.07,,20.13,-38.64,820.15,55.66
605188.SH,国光连锁,327.95,-2450.09,3.19,-0.03,0.73,1.23,0.12,0.0,22.25,0.4,-121.18,12.74,,58.58,扣非亏损,扣非亏损,898.51
605189.SH,富春染织,14.48,15.6,1.12,5.66,5.63,3.2,0.93,0.0,13.64,4.73,75.98,20.95,,61.97,0.74,5.51,5.14
605196.SH,华通线缆,14.72,15.72,1.78,9.2,9.33,6.95,0.92,0.0,16.44,5.89,-5.74,15.87,0.02,53.29,0.99,3.42,3.16
605198.SH,安德利,37.06,41.19,3.74,7.79,7.63,7.29,0.94,0.0,25.53,19.3,3.17,53.28,0.21,4.95,0.77,10.58,9.71
605199.SH,葫芦娃,49.19,84.53,4.77,3.67,7.36,3.74,0.82,0.0,54.67,7.38,-28.59,-6.59,1.01,61.51,-12.83,46.04,13.37
605208.SH,永茂泰,49.43,-334.34,1.13,-0.28,1.71,1.51,0.21,0.0,5.89,1.3,-132.58,10.17,,42.67,扣非亏损,扣非亏损,57.81
605218.SH,伟时电子,158.26,126.96,5.19,2.05,2.4,1.08,1.06,0.0,12.98,2.13,-57.07,30.81,,40.23,4.12,123.73,132.06
605222.SH,起帆电缆,24.28,35.33,1.5,4.3,4.53,3.06,0.83,0.0,5.6,1.29,-39.19,-3.22,,66.95,-10.99,16.42,10.72
605228.SH,神通科技,175.4,77.48,2.56,0.91,1.06,0.51,0.61,0.0,20.1,1.71,-20.46,-8.1,,45.85,-9.57,169.73,330.95
605255.SH,天普股份,71.87,71.21,2.12,2.03,2.19,2.78,1.25,0.0,35.11,7.58,-15.93,-5.19,,5.62,-13.72,70.17,65.63
605258.SH,协和电子,42.04,53.94,2.2,3.56,3.95,3.34,1.26,0.0,19.47,7.25,112.4,22.95,,22.02,2.35,30.34,21.29
605259.SH,绿田机械,14.42,15.53,1.62,8.94,8.6,5.57,2.2,0.0,18.19,8.84,-11.94,27.35,,30.29,0.57,3.47,3.35
605266.SH,健之佳,30.55,18.25,1.48,3.44,3.53,2.26,2.16,0.0,36.19,1.46,-64.28,3.63,89.53,74.25,5.03,10.62,17.31
605268.SH,王力安防,43.52,116.68,2.97,4.54,5.01,2.55,3.08,0.0,25.7,3.82,-8.21,9.27,,62.51,12.58,51.42,17.37
605277.SH,新亚电子,33.51,32.54,3.21,7.15,7.22,4.6,1.34,0.0,15.3,4.08,-2.18,12.34,5.65,56.34,2.64,9.1,9.28
605287.SH,德才股份,17.71,25.91,0.97,3.88,4.16,1.59,0.71,0.0,14.47,2.87,-50.36,-24.45,0.13,82.61,-1.06,13.37,8.52
605288.SH,凯迪股份,26.09,29.29,1.12,3.05,3.25,2.15,0.98,0.0,24.46,7.96,-20.15,-0.57,,20.54,-51.63,19.22,16.05
605289.SH,罗曼股份,131.74,185.03,2.11,0.75,1.19,0.78,0.43,0.0,21.45,2.52,-86.78,10.8,7.45,47.38,17.13,490.55,221.42
605296.SH,神农集团,25.22,51.93,3.43,11.12,10.81,8.26,,0.0,19.63,11.78,332.47,42.11,,27.72,1.23,9.34,4.67
605298.SH,必得科技,149.31,91.28,2.52,1.17,1.28,1.14,0.64,0.0,42.59,4.44,47.73,32.87,4.61,19.68,2.78,155.97,233.3
605299.SH,舒华体育,47.93,31.54,2.61,2.67,4.06,3.41,3.03,0.0,31.78,5.62,-27.05,-1.47,,37.72,-21.43,23.59,23.61
605300.SH,佳禾食品,45.62,42.34,2.33,3.3,3.75,3.31,1.79,0.0,16.83,5.01,-59.16,-19.46,,22.8,-2.18,25.68,24.33
605303.SH,园林股份,-16.1,-10.86,1.22,-6.33,-5.5,-2.89,,0.0,12.32,-13.3,28.48,7.44,0.05,51.66,扣非亏损,扣非亏损,亏损
605305.SH,中际联合,19.29,21.3,2.45,8.92,9.9,8.85,1.27,0.0,48.86,25.51,108.27,33.57,,23.32,0.63,4.77,3.9
605318.SH,法狮龙,-159.46,248.01,3.42,-2.37,-1.61,-1.72,1.87,0.0,19.79,-3.03,-279.4,-14.88,,27.8,-16.67,扣非亏损,亏损
605333.SH,沪光股份,26.19,30.94,7.81,24.13,24.87,8.54,0.25,0.0,17.33,7.93,1416.52,133.71,0.04,71.61,0.23,2.56,2.11
605336.SH,帅丰电器,37.08,27.63,1.14,1.72,2.25,1.18,4.17,0.0,43.07,14.07,-72.94,-49.76,,10.63,-0.56,32.22,32.96
605337.SH,李子园,20.21,22.27,2.58,8.85,9.28,6.65,3.55,0.0,39.23,14.78,-16.04,-0.48,,42.44,-45.92,5.03,4.35
605338.SH,巴比食品,16.54,21.19,1.93,6.64,8.61,8.42,1.86,0.0,26.4,16.26,19.92,2.04,1.35,20.81,10.4,6.38,3.84
605339.SH,南侨食品,37.18,31.25,2.19,4.14,4.44,3.66,0.58,0.0,24.47,6.52,18.38,0.66,,19.42,47.48,15.09,16.75
605358.SH,立昂微,-263.34,-94.34,2.55,-0.46,-0.69,-0.2,0.31,0.0,13.6,-5.66,-159.3,13.1,0.52,52.32,扣非亏损,扣非亏损,亏损
605365.SH,立达信,21.77,30.93,2.21,6.53,7.73,4.56,1.72,0.0,28.69,5.64,-6.94,-2.41,,43.6,-12.86,9.47,5.63
605366.SH,宏柏新材,-211.09,-207.09,2.04,-1.25,-0.69,0.17,0.48,0.0,10.45,-1.32,-171.88,3.73,,49.04,扣非亏损,扣非亏损,亏损
605378.SH,野马电池,20.96,23.98,2.61,8.75,9.38,8.07,2.96,0.0,21.48,12.3,61.87,24.29,,25.36,0.99,5.48,4.47
605388.SH,均瑶健康,53.95,448.08,1.88,1.82,2.58,2.6,0.8,0.0,29.81,4.0,-39.72,-13.2,9.47,16.89,-33.95,492.5,41.82
605398.SH,新炬网络,96.42,62.76,3.08,2.06,2.33,1.77,0.41,0.0,42.58,6.41,-18.12,-14.38,,12.59,-4.36,60.85,82.77
605399.SH,晨光新材,63.39,99.96,1.76,0.98,2.07,1.0,0.74,0.0,14.4,5.24,-47.45,0.04,,33.09,2731.2,203.67,61.25
605488.SH,福莱新材,28.17,42.1,2.09,4.8,5.35,2.43,1.2,0.0,15.01,3.7,24.77,14.21,,59.26,2.96,17.56,10.53
605500.SH,森林包装,17.05,15.99,1.22,5.12,5.43,4.08,1.89,0.0,13.76,7.98,45.24,0.7,,24.36,22.75,6.25,6.28
605507.SH,国邦医药,14.72,16.86,1.45,7.4,7.63,6.25,1.72,0.0,26.17,13.1,16.87,9.0,0.0,26.21,1.87,4.56,3.86
605555.SH,德昌股份,18.97,22.17,2.64,10.19,10.46,6.48,1.53,0.0,17.58,10.1,11.36,40.33,,40.77,0.55,4.35,3.63
605566.SH,福莱蒽特,50.69,244.62,1.16,1.53,1.71,0.4,0.48,0.0,14.12,3.29,-35.29,7.97,1.64,22.73,30.69,320.65,59.28
605567.SH,春雪食品,563.64,-32.25,1.67,-0.09,0.22,0.59,,0.0,7.15,0.13,-108.89,-13.93,,54.65,扣非亏损,扣非亏损,5123.96
605577.SH,龙版传媒,22.49,45.57,1.75,5.65,5.98,4.61,0.34,0.0,44.55,15.97,-38.78,-14.64,,31.47,-3.11,16.13,7.52
605588.SH,冠石科技,252.37,444.1,3.7,0.58,1.1,0.71,0.14,0.0,10.63,1.18,-85.87,53.09,,62.59,8.37,1530.58,458.86
605589.SH,圣泉集团,25.02,22.97,1.92,5.69,5.83,4.83,1.79,0.0,23.15,8.31,24.26,6.87,0.07,29.73,3.35,8.07,8.58
605598.SH,上海港湾,34.1,36.7,2.67,5.79,6.0,5.98,0.8,0.0,34.49,11.43,-23.84,4.78,,19.06,7.68,12.68,11.37
605599.SH,菜百股份,11.68,13.47,2.25,13.79,14.44,11.81,4.7,0.0,8.95,3.64,-3.14,24.06,,44.05,0.56,1.95,1.62
688001.SH,华兴源创,-206.98,-226.94,3.81,-2.08,-1.31,-0.64,0.49,0.0,47.98,-4.01,-146.23,-4.57,15.88,31.38,扣非亏损,扣非亏损,亏损
688003.SH,天准科技,-550.45,59.22,4.2,-0.74,-0.74,-1.05,1.6,0.0,39.41,-1.61,-184.71,-3.15,4.99,48.63,-18.82,扣非亏损,亏损
688004.SH,博汇科技,-33.61,-32.93,2.45,-5.66,-5.33,-4.62,,0.0,40.09,-31.62,-9.74,-9.47,,12.09,扣非亏损,扣非亏损,亏损
688005.SH,容百科技,115.16,400.75,2.11,1.03,1.35,1.2,0.76,0.0,9.11,1.29,-84.14,-39.04,1.18,61.6,-10.27,774.92,170.61
688007.SH,光峰科技,137.0,1643.13,2.85,1.42,1.54,0.95,0.27,0.0,30.82,1.39,-48.22,4.18,,35.77,393.24,2311.98,177.92
688008.SH,澜起科技,61.88,74.17,7.68,8.44,9.46,7.74,0.51,0.0,58.12,37.98,460.88,68.56,,5.68,1.08,17.57,13.08
688009.SH,中国通号,22.76,23.22,1.61,4.83,4.91,2.74,3.88,0.0,30.06,13.08,-7.45,-15.17,0.57,58.08,-1.53,9.62,9.27
688010.SH,福光股份,-118.99,-76.13,3.24,-2.97,-1.99,-1.32,,0.0,21.36,-7.42,-5.83,4.16,,35.45,扣非亏损,扣非亏损,亏损
688011.SH,新光光电,-44.37,-28.57,1.82,-3.96,-3.04,-3.05,,0.0,41.7,-51.58,-19.94,-24.53,,11.61,扣非亏损,扣非亏损,亏损
688012.SH,中微公司,110.99,106.28,7.21,4.45,4.96,3.8,0.33,0.0,42.22,16.56,10.88,36.27,,25.85,2.93,47.78,44.76
688015.SH,交控科技,100.19,214.65,1.64,0.19,1.23,1.07,1.07,0.0,31.19,4.9,-62.61,14.23,0.1,53.23,15.08,2259.43,162.91
688017.SH,绿的谐波,263.76,341.12,10.21,2.6,2.91,2.44,0.2,0.0,39.53,21.71,-21.02,8.64,,19.88,39.48,262.38,181.28
688018.SH,乐鑫科技,43.98,54.22,7.23,11.69,12.91,10.2,0.97,0.0,42.81,17.25,237.99,42.17,3.77,17.0,1.29,9.27,6.81
688019.SH,安集科技,40.15,45.32,8.27,16.44,16.79,14.44,0.22,0.0,58.56,29.92,58.64,46.1,0.29,20.93,0.98,5.51,4.78
688020.SH,方邦股份,-59.67,-40.27,2.21,-3.92,-2.72,-1.93,0.39,0.0,30.6,-14.58,11.72,-10.3,,23.53,扣非亏损,扣非亏损,亏损
688021.SH,奥福环保,-25.12,-16.56,1.06,-3.87,-3.11,-1.67,,0.0,16.82,-15.09,-799.47,-22.88,,30.1,扣非亏损,扣非亏损,亏损
688022.SH,瀚川智能,-5.3,-5.34,1.55,-19.34,-19.62,-9.01,,0.0,17.59,-69.55,-1475.09,-61.18,,63.36,扣非亏损,扣非亏损,亏损
688023.SH,安恒信息,-11.44,-27.33,2.18,-14.47,-13.76,-6.56,,0.0,55.79,-29.75,36.06,-5.2,4.42,48.38,扣非亏损,扣非亏损,亏损
688025.SH,杰普特,34.47,43.15,2.37,4.65,5.17,3.89,0.38,0.0,40.2,9.12,35.82,18.41,0.67,25.29,2.34,18.57,13.33
688026.SH,洁特生物,31.32,31.92,2.02,3.79,4.32,4.76,0.42,0.0,39.78,12.88,330.98,18.56,,28.3,1.72,16.85,14.5
688027.SH,国盾量子,-306.38,-176.2,15.44,-4.94,-3.72,-3.71,,0.0,56.94,-57.13,28.9,36.1,0.02,16.02,扣非亏损,扣非亏损,亏损
688030.SH,山石网科,-30.54,-20.52,3.22,-8.06,-7.43,-3.4,,0.0,72.9,-10.94,53.75,0.7,,46.11,扣非亏损,扣非亏损,亏损
688031.SH,星环科技,-12.68,-13.98,4.26,-24.29,-22.49,-18.09,,0.0,55.75,-140.05,-6.54,-5.94,,19.17,扣非亏损,扣非亏损,亏损
688032.SH,禾迈股份,52.82,45.74,2.78,3.68,3.89,2.29,2.22,0.0,48.09,19.37,-39.06,-10.12,,23.06,-4.52,24.85,27.16
688033.SH,天宜上佳,-5.21,-5.35,0.89,-12.7,-11.91,-7.23,0.15,0.0,-27.77,-93.5,-385.79,-63.82,7.08,38.82,扣非亏损,扣非亏损,亏损
688035.SH,德邦科技,70.24,78.9,2.5,2.34,2.67,2.25,0.47,0.0,26.63,7.57,-23.05,20.48,0.31,17.21,3.85,67.45,52.62
688036.SH,传音控股,22.43,23.96,5.76,16.94,20.41,10.42,4.34,59.98,21.59,7.69,-7.44,19.13,,56.22,1.25,1.41,1.1
688037.SH,芯源微,143.44,452.84,8.15,1.63,4.37,2.85,0.15,0.0,42.46,9.51,-77.97,-8.44,,49.59,-53.63,554.71,65.65
688038.SH,中科通达,750.49,-20.8,2.84,0.15,0.28,0.06,,0.0,24.71,0.3,104.18,41.7,,50.32,扣非亏损,扣非转亏,5360.67
688039.SH,当虹科技,-35.81,-28.88,2.83,-6.15,-5.74,-5.7,,0.0,36.74,-44.43,25.0,-21.0,,17.06,扣非亏损,扣非亏损,亏损
688041.SH,海光信息,156.52,179.15,16.06,7.66,7.88,8.11,0.16,0.0,65.63,34.33,76.87,55.64,,18.63,3.22,46.8,39.73
688045.SH,必易微,-97.07,-43.04,1.96,-3.16,-1.52,-2.53,,0.0,25.03,-7.28,-6.85,12.74,1.72,8.7,扣非亏损,扣非亏损,亏损
688047.SH,龙芯中科,-124.35,-111.5,17.7,-10.97,-10.14,-10.35,,0.0,29.97,-111.36,-22.39,-21.94,,13.84,扣非亏损,扣非亏损,亏损
688048.SH,长光华芯,-99.24,-56.65,2.78,-3.36,-2.06,-2.83,,0.0,27.39,-30.7,-53.81,-7.58,,10.63,扣非亏损,扣非亏损,亏损
688049.SH,炬芯科技,52.92,79.99,2.72,2.63,3.91,2.25,0.53,0.0,47.13,15.2,31.23,24.05,,11.24,3.33,60.79,27.07
688050.SH,爱博医疗,45.2,54.03,8.21,13.65,14.08,11.56,0.28,0.0,67.61,28.28,27.41,60.94,5.22,25.34,0.89,7.92,6.42
688051.SH,佳华科技,-48.08,-12.15,2.54,-5.44,-3.89,-2.54,,0.0,24.81,-12.76,56.33,10.16,,28.34,扣非亏损,扣非亏损,亏损
688052.SH,纳芯微,-34.81,-36.36,3.11,-7.18,-6.48,-6.06,,0.0,33.21,-29.85,-40.52,36.49,,12.27,扣非亏损,扣非亏损,亏损
688053.SH,思科瑞,-3231.89,-225.85,1.75,-0.22,-0.04,-0.38,0.62,0.0,41.54,-2.91,-107.61,-36.88,0.15,6.03,扣非亏损,扣非亏损,亏损
688055.SH,龙腾光电,-64.69,-60.13,3.35,-4.4,-3.81,-2.96,,0.0,7.1,-6.37,23.0,-4.62,,39.07,扣非亏损,扣非亏损,亏损
688057.SH,金达莱,23.65,20.53,1.09,3.1,3.41,2.55,3.53,0.0,61.77,35.2,-3.82,-16.75,,11.93,-1.23,13.26,13.87
688058.SH,宝兰德,-41.48,-79.91,4.1,-6.28,-6.89,-6.64,0.55,0.0,93.01,-27.33,-597.04,-5.48,,5.57,扣非亏损,扣非亏损,亏损
688059.SH,华锐精密,30.94,25.16,2.66,5.89,6.02,4.88,1.02,0.0,39.64,13.18,-25.88,-0.52,,48.24,-48.67,8.54,10.28
688060.SH,云涌科技,436.5,-260.75,2.54,0.27,0.44,0.15,,0.0,38.77,1.14,-9.04,12.95,1.69,7.23,扣非亏损,扣非转亏,2006.88
688061.SH,灿瑞科技,-119.71,-99.13,1.48,-1.97,-0.92,-1.27,0.08,0.0,26.71,-5.53,-4.82,37.3,1.12,8.11,扣非亏损,扣非亏损,亏损
688062.SH,迈威生物,-9.91,-8.36,4.78,-31.75,-30.84,-15.0,,0.0,92.46,-493.29,-5.45,41.79,6.23,57.64,扣非亏损,扣非亏损,亏损
688063.SH,派能科技,249.61,-67.11,1.36,-0.14,0.4,0.16,0.98,0.0,35.61,2.6,-102.08,-53.69,,21.51,扣非亏损,扣非亏损,1248.03
688065.SH,凯赛生物,63.58,75.82,2.57,2.97,3.04,1.74,0.35,0.0,32.2,15.28,31.03,41.49,,18.23,1.83,51.0,41.83
688066.SH,航天宏图,-23.25,-11.16,3.48,-12.22,-10.19,-2.35,,0.0,28.45,-16.53,-157.1,-15.23,,64.63,扣非亏损,扣非亏损,亏损
688067.SH,爱威科技,40.63,83.65,2.73,4.09,5.04,4.82,0.42,0.0,59.48,16.41,23.11,1.57,,9.76,53.4,40.95,16.12
688068.SH,热景生物,-52.5,-16.55,0.87,-3.07,-1.24,-1.66,0.49,0.0,52.44,-11.05,-1028.31,-5.1,,4.42,扣非亏损,扣非亏损,亏损
688070.SH,纵横股份,-54.08,-37.0,6.98,-10.16,-9.23,-5.02,,0.0,49.54,-26.41,-79.3,14.03,,43.75,扣非亏损,扣非亏损,亏损
688071.SH,华依科技,-55.95,-39.82,2.19,-3.18,-2.89,-0.59,,0.0,31.25,-10.01,-4566.33,22.48,3.82,54.44,扣非亏损,扣非亏损,亏损
688072.SH,拓荆科技,145.26,260.19,11.04,1.4,5.78,2.56,0.15,0.0,43.59,11.41,-62.72,33.79,,63.95,7.7,371.64,50.26
688073.SH,毕得医药,35.55,53.8,1.99,3.54,4.15,4.07,1.62,0.0,41.17,10.33,-40.18,0.79,,15.06,67.98,30.38,17.13
688077.SH,大地熊,79.58,1393.39,2.86,1.19,2.54,1.12,0.75,0.0,14.54,2.63,129.53,-6.18,0.67,56.43,-225.51,2342.61,62.66
688078.SH,龙软科技,33.86,32.08,2.93,6.63,6.69,5.79,0.89,0.0,58.51,22.48,-22.61,-14.82,1.27,15.21,-2.16,9.68,10.12
688079.SH,美迪凯,-43.82,-48.87,2.7,-3.99,-4.51,-2.61,,0.0,20.86,-19.82,-3.38,41.88,,49.81,扣非亏损,扣非亏损,亏损
688080.SH,映翰通,23.61,25.69,2.65,8.14,8.73,8.72,0.42,0.0,52.82,20.68,24.62,15.98,,15.35,1.61,6.31,5.41
688081.SH,兴图新科,-27.73,-22.23,3.3,-8.52,-8.45,-8.78,,0.0,59.25,-62.2,-1.41,-6.54,,20.23,扣非亏损,扣非亏损,亏损
688082.SH,盛美上海,49.91,52.07,7.03,10.86,11.09,7.7,0.6,0.0,48.47,19.07,15.84,44.62,,36.81,1.17,9.59,9.0
688083.SH,中望软件,911.62,-126.47,5.02,-3.59,0.41,-0.43,0.45,0.0,97.35,-0.71,-37.27,10.11,4.87,13.3,扣非亏损,扣非亏损,4446.91
688084.SH,晶品特装,-119.87,-530.45,2.76,-2.22,-1.68,-1.99,0.27,0.0,28.82,-44.72,-36.2,-18.82,0.24,15.99,扣非亏损,扣非亏损,亏损
688085.SH,三友医疗,470.06,409.2,2.81,0.14,0.45,0.47,0.4,0.0,69.68,2.46,-94.5,-7.3,16.83,10.49,-56.07,5829.1,2089.15
688089.SH,嘉必优,31.48,40.49,2.31,4.37,5.53,5.72,1.12,0.0,39.78,20.96,59.71,19.19,,7.4,2.11,18.55,11.38
688090.SH,瑞松科技,1242.43,611.45,7.89,-0.22,0.47,0.21,0.68,0.0,19.11,1.02,-214.03,1.31,,42.85,465.23,转盈,5286.94
688091.SH,上海谊众,193.09,112.19,6.21,2.14,2.37,1.6,0.48,0.0,94.58,20.44,-72.39,-39.25,,3.42,-2.86,104.75,162.94
688093.SH,世华科技,21.27,26.04,2.82,9.34,10.14,10.75,1.98,0.0,56.64,34.53,33.56,45.12,,7.07,0.58,5.58,4.2
688095.SH,福昕软件,122.56,-35.83,2.48,-3.75,1.51,1.03,0.57,0.0,93.71,6.58,3.13,15.07,13.67,16.78,扣非亏损,扣非亏损,162.34
688096.SH,京源环保,-108.83,-21.4,1.88,-1.71,-1.19,0.75,,0.0,31.91,-3.52,-268.89,-8.23,,58.43,扣非亏损,扣非亏损,亏损
688098.SH,申联生物,-121.02,-113.01,1.56,-1.05,-0.96,-1.25,0.47,0.0,61.12,-6.85,-152.34,3.71,,6.72,扣非亏损,扣非亏损,亏损
688099.SH,晶晨股份,38.15,44.96,4.91,9.55,10.23,8.34,0.8,0.0,36.37,12.8,107.63,20.28,,11.26,2.22,9.42,7.46
688100.SH,威胜信息,35.62,37.08,6.4,13.52,14.02,10.78,1.49,0.0,39.13,21.78,14.71,16.79,,32.49,2.21,5.48,5.08
688101.SH,三达膜,17.02,17.9,1.22,5.13,5.47,4.72,1.71,0.0,35.82,20.89,23.74,8.69,,30.52,2.06,6.98,6.22
688102.SH,斯瑞新材,72.76,77.52,7.08,6.77,7.38,5.55,0.61,0.0,23.0,8.22,30.34,10.98,,44.42,7.06,22.91,19.72
688103.SH,国力股份,134.68,167.57,4.37,1.68,2.33,1.38,0.47,0.0,27.88,4.9,-58.89,12.62,,47.37,13.28,199.09,115.6
688105.SH,诺唯赞,422.01,-122.75,2.59,-0.75,0.45,-0.03,0.31,0.0,70.48,1.73,78.6,13.42,3.31,19.59,扣非亏损,扣非亏损,1875.59
688107.SH,安路科技,-57.01,-46.82,9.32,-14.06,-11.56,-10.4,,0.0,30.95,-31.83,-18.31,-16.29,,10.34,扣非亏损,扣非亏损,亏损
688108.SH,赛诺医疗,-524.14,-160.86,5.5,-3.41,-0.8,-0.33,,0.0,61.29,-1.68,41.65,30.2,6.61,29.78,扣非亏损,扣非亏损,亏损
688109.SH,品茗科技,121.89,75.43,2.74,0.67,1.69,1.15,1.06,0.0,73.09,4.76,118.02,7.28,0.21,8.86,10.36,226.56,144.24
688110.SH,东芯股份,-62.45,-33.68,3.33,-4.52,-3.84,-4.01,,0.0,14.42,-30.54,2.86,20.44,,5.28,扣非亏损,扣非亏损,亏损
688111.SH,金山办公,94.18,93.76,12.2,9.59,10.06,7.56,0.28,0.0,85.1,28.67,15.16,10.9,1.71,26.54,8.6,19.54,18.72
688112.SH,鼎阳科技,42.82,42.07,3.46,5.8,5.87,4.53,2.2,0.0,62.08,25.84,-25.35,1.5,,7.39,28.09,14.51,14.59
688113.SH,联测科技,28.67,26.04,2.32,5.96,6.13,5.01,0.76,0.0,38.79,17.43,-9.87,-4.23,1.82,27.24,-6.16,8.73,9.35
688114.SH,华大智造,-34.32,-22.62,2.66,-5.99,-5.62,-4.29,,0.0,61.47,-24.97,-104.56,-15.19,,19.63,扣非亏损,扣非亏损,亏损
688116.SH,天奈科技,45.37,45.4,4.04,6.38,6.53,4.43,1.03,0.0,35.74,17.46,24.22,-1.69,,43.14,-26.85,14.23,13.9
688117.SH,圣诺生物,43.38,36.4,3.59,5.97,6.31,4.99,0.71,0.0,58.99,16.82,129.64,16.0,,39.88,2.27,12.2,13.75
688118.SH,普元信息,-24.83,-38.33,2.89,-9.73,-8.34,-8.33,0.33,0.0,44.08,-33.46,-54.48,-29.94,,13.82,扣非亏损,扣非亏损,亏损
688119.SH,中钢洛耐,-630.24,-66.4,1.65,-1.51,-0.19,0.16,0.66,0.0,16.09,-0.08,-220.17,-17.81,,40.99,扣非亏损,扣非亏损,亏损
688120.SH,华海清科,49.66,62.5,7.74,10.52,12.31,7.95,0.29,0.0,45.82,29.4,33.85,33.22,,43.64,1.88,11.88,8.07
688121.SH,卓然股份,67.48,21.71,1.22,1.18,1.35,0.93,,0.0,18.42,1.87,-40.06,10.38,0.6,67.94,2.09,36.78,99.96
688122.SH,西部超导,40.63,50.18,5.01,8.3,9.26,6.24,1.32,0.0,33.98,20.18,4.04,4.76,,44.15,10.54,12.09,8.78
688123.SH,聚辰股份,34.39,43.72,4.59,9.81,10.17,10.12,0.33,0.0,54.85,26.57,199.74,53.3,,5.61,0.82,8.92,6.76
688125.SH,安达智能,-303.32,-166.66,2.01,-0.55,-0.49,-1.88,0.38,0.0,52.04,-1.81,-140.42,68.14,,18.92,扣非亏损,扣非亏损,亏损
688126.SH,沪硅产业,-88.76,-84.92,4.9,-4.59,-3.81,-2.21,0.23,0.0,-8.82,-26.17,-923.93,3.7,5.69,32.78,扣非亏损,扣非亏损,亏损
688127.SH,蓝特光学,44.74,39.77,5.55,9.26,9.51,7.97,1.5,0.0,38.36,20.63,107.0,60.41,,21.92,0.66,8.59,9.41
688128.SH,中国电研,20.97,21.89,2.93,9.88,10.63,4.82,2.19,0.0,33.96,10.24,15.11,6.99,0.03,56.63,3.13,4.43,3.95
688129.SH,东来技术,22.12,36.34,2.26,4.78,7.32,5.34,1.21,0.0,39.13,14.82,981.35,22.08,,46.89,1.65,15.21,6.04
688130.SH,晶华微,-317.09,-63.93,2.39,-1.38,-0.56,-0.72,,0.0,58.28,-7.4,-233.22,3.33,,1.69,扣非亏损,扣非亏损,亏损
688132.SH,邦彦技术,-2060.26,-26.46,1.7,-0.85,-0.06,0.14,,0.0,61.28,-0.62,55.2,55.6,,14.98,扣非亏损,扣非亏损,亏损
688133.SH,泰坦科技,328.65,-3946.63,1.53,0.32,0.35,0.75,0.22,0.0,19.57,0.33,-85.43,3.49,5.54,40.97,扣非亏损,扣非转亏,1877.98
688135.SH,利扬芯片,-244.34,-256.76,3.62,-1.05,-1.1,-0.04,0.45,0.0,24.51,-2.83,-180.89,-4.17,2.75,56.24,扣非亏损,扣非亏损,亏损
688136.SH,科兴制药,157.33,-37.09,2.23,1.5,1.06,2.69,,0.0,69.86,1.32,130.36,7.15,,45.99,扣非亏损,扣非转亏,296.85
688137.SH,近岸蛋白,-107.12,-66.9,1.22,-1.51,-0.84,-2.28,0.9,0.0,64.54,-19.83,-3384.36,-16.83,,4.85,扣非亏损,扣非亏损,亏损
688138.SH,清溢光电,46.48,53.54,5.21,7.66,8.55,6.84,0.71,0.0,29.53,14.57,33.13,23.81,,44.85,2.25,13.99,10.87
688139.SH,海尔生物,26.47,34.73,2.54,6.47,7.25,5.53,1.27,0.0,48.51,17.9,-5.85,-2.43,16.69,19.5,-14.31,10.73,7.3
688141.SH,杰华特,-16.39,-15.68,4.94,-21.69,-20.65,-11.72,,0.0,28.03,-42.92,-40.2,18.62,0.46,44.99,扣非亏损,扣非亏损,亏损
688143.SH,长盈通,-685.11,475.8,2.95,-0.4,-0.31,-0.48,,0.0,44.99,-2.49,70.4,36.8,,16.21,12.93,扣非亏损,亏损
688146.SH,中船特气,58.82,71.06,3.37,3.38,4.34,3.95,0.56,0.0,30.48,16.93,8.34,15.29,,10.82,4.65,42.09,27.11
688147.SH,微导纳米,64.28,68.98,5.04,4.65,6.13,2.02,0.22,0.0,38.34,9.76,-0.73,51.17,,71.43,1.35,29.68,20.97
688148.SH,芳源股份,-18.57,-5.92,4.16,-14.69,-12.47,-2.21,,0.0,3.82,-8.39,-69.25,-25.51,,73.59,扣非亏损,扣非亏损,亏损
688152.SH,麒麟信安,-182.76,-148.0,4.63,-3.08,-1.83,-2.39,,0.0,69.72,-15.3,37.44,82.07,,12.53,扣非亏损,扣非亏损,亏损
688153.SH,唯捷创芯,-391.45,289.75,4.16,-1.5,-0.8,-1.51,0.08,0.0,24.51,-2.15,-309.72,-7.37,,10.3,-39.29,扣非亏损,亏损
688156.SH,路德环境,-308.81,-211.24,1.6,-0.59,-0.38,-0.28,0.21,0.0,30.42,-3.58,-124.15,-4.13,,46.33,扣非亏损,扣非亏损,亏损
688157.SH,松井股份,55.06,57.29,4.0,5.0,5.44,5.02,0.41,0.0,50.12,13.44,37.06,26.91,0.78,21.1,2.13,22.93,20.24
688158.SH,优刻得,-30.9,-27.92,2.75,-7.13,-6.48,-4.59,,0.0,19.55,-15.19,33.7,-0.47,,28.58,扣非亏损,扣非亏损,亏损
688159.SH,有方科技,23.74,34.62,3.58,11.22,12.02,6.98,,0.0,9.57,3.58,285.75,262.63,,56.5,0.13,6.17,3.95
688160.SH,步科股份,100.08,105.12,5.69,3.46,4.29,3.31,0.52,0.0,36.54,8.17,-32.78,8.02,0.0,25.77,13.11,60.78,46.66
688162.SH,巨一科技,-118.25,-18.54,1.36,-1.97,-0.86,-0.16,,0.0,14.94,-0.84,57.99,-0.35,0.27,68.03,扣非亏损,扣非亏损,亏损
688165.SH,埃夫特,-41.05,-34.8,3.4,-8.28,-6.03,-2.42,,0.0,17.11,-7.77,-40.11,-28.61,11.26,48.37,扣非亏损,扣非亏损,亏损
688166.SH,博瑞医药,54.63,75.03,5.68,7.36,7.37,3.99,0.27,0.0,58.0,15.02,-7.5,6.77,0.32,51.99,11.08,20.4,14.83
688167.SH,炬光科技,-105.81,-843.68,3.19,-2.44,-2.22,-2.1,0.27,0.0,30.57,-11.3,-355.04,19.17,16.45,26.71,扣非亏损,扣非亏损,亏损
688168.SH,安博通,-32.74,-551.05,3.1,-7.09,-6.81,-5.48,0.14,0.0,60.7,-29.4,-16.67,7.99,,23.89,扣非亏损,扣非亏损,亏损
688169.SH,石头科技,20.6,23.0,3.29,10.02,12.35,8.88,1.98,0.0,53.86,21.01,-5.4,23.17,,26.47,0.99,4.59,3.34
688170.SH,德龙激光,-96.82,387.44,2.21,-2.56,-1.67,-1.35,0.77,0.0,47.79,-5.13,-123.46,26.93,,30.9,14.39,扣非亏损,亏损
688171.SH,纬德信息,245.0,470.45,2.04,0.23,0.62,0.22,0.38,0.0,39.71,8.22,-77.99,-23.75,,3.3,-19.81,4020.96,790.32
688172.SH,燕东微,-180.89,-219.01,2.0,-1.31,-0.83,-1.38,0.22,0.0,14.92,-14.03,-182.74,-35.15,,19.25,扣非亏损,扣非亏损,亏损
688173.SH,希荻微,-18.58,-17.55,3.06,-11.93,-11.48,-10.29,,0.0,33.54,-57.18,-76.92,32.1,3.98,15.41,扣非亏损,扣非亏损,亏损
688175.SH,高凌信息,-57.21,-55.73,1.38,-3.57,-1.82,-2.47,0.72,0.0,37.78,-28.11,-748.72,-38.05,,8.04,扣非亏损,扣非亏损,亏损
688176.SH,亚虹医药,-12.72,-10.82,2.21,-12.81,-12.12,-11.61,,0.0,79.44,-195.28,2.65,4537.79,,10.12,扣非亏损,扣非亏损,亏损
688177.SH,百奥泰,-20.52,-21.89,11.8,-39.27,-35.47,-15.16,,0.0,70.07,-62.83,3.6,26.11,,63.76,扣非亏损,扣非亏损,亏损
688178.SH,万德斯,179.15,-12.91,1.02,0.25,0.43,0.58,,0.0,30.28,0.25,-66.75,-33.19,0.07,45.9,扣非亏损,扣非转亏,839.52
688179.SH,阿拉丁,42.89,40.34,4.2,6.87,6.94,5.93,1.57,0.0,63.08,22.34,37.43,33.54,10.63,35.7,1.2,11.74,12.36
688180.SH,君实生物,-24.63,-16.21,4.93,-14.11,-13.91,-8.8,,0.0,74.41,-77.78,30.86,28.87,,42.16,扣非亏损,扣非亏损,亏损
688181.SH,八亿时空,43.5,51.43,1.68,2.83,2.94,2.63,0.3,0.0,41.41,10.83,-27.25,-12.35,,23.62,-4.16,36.39,29.59
688182.SH,灿勤科技,117.44,198.23,3.61,1.44,2.33,1.84,0.33,0.0,30.99,17.68,166.41,2.43,,13.43,81.62,274.37,100.81
688183.SH,生益电子,123.99,191.05,7.62,4.45,4.5,3.13,,0.0,21.68,5.87,746.24,32.97,,41.87,5.8,85.8,55.11
688184.SH,帕瓦股份,-4.52,-4.68,0.96,-14.73,-14.53,-12.7,,0.0,-12.61,-45.19,-3509.98,14.88,,27.05,扣非亏损,扣非亏损,亏损
688185.SH,康希诺,-51.28,-19.18,3.0,-5.05,-4.31,-2.64,,0.0,74.2,-40.06,75.8,222.88,,36.62,扣非亏损,扣非亏损,亏损
688187.SH,时代电气,22.81,25.68,1.88,5.29,6.42,4.68,2.15,0.0,29.57,16.41,21.86,15.33,0.53,31.01,1.67,9.71,7.11
688189.SH,南新制药,-22.66,-32.33,1.76,-5.66,-5.62,-5.38,,0.0,57.37,-36.49,-1333.93,-59.69,0.9,11.61,扣非亏损,扣非亏损,亏损
688191.SH,智洋创新,64.08,101.39,3.54,3.24,4.15,2.95,1.08,0.0,32.66,5.35,14.13,20.08,,40.95,5.05,62.67,30.88
688192.SH,迪哲医药,-26.17,-21.54,45.48,-93.89,-85.92,-40.38,,0.0,97.73,-191.95,29.93,743.97,,73.38,扣非亏损,扣非亏损,亏损
688195.SH,腾景科技,71.32,81.05,5.64,5.8,6.03,5.01,0.28,0.0,38.33,16.6,116.48,34.59,5.75,24.71,2.34,27.96,23.66
688196.SH,卓越新能,25.7,149.65,1.16,3.2,3.41,1.8,0.8,0.0,3.56,3.11,-50.07,17.19,,21.59,8.71,93.41,15.07
688197.SH,首药控股,-23.67,-21.91,5.86,-18.29,-17.0,-15.74,,0.0,,-4209.95,-22.09,-24.0,,12.57,扣非亏损,扣非亏损,亏损
688198.SH,佰仁医疗,220.13,178.35,14.7,4.67,4.97,4.08,0.64,0.0,88.56,17.11,-10.85,13.57,1.45,9.27,13.14,76.31,88.58
688199.SH,久日新材,-83.74,-37.97,1.04,-1.23,-0.93,-0.1,,0.0,13.52,-2.44,56.69,26.0,1.79,35.82,扣非亏损,扣非亏损,亏损
688201.SH,信安世纪,-52.69,-119.55,2.65,-3.8,-3.63,-3.88,0.15,0.0,71.34,-14.93,-303.37,-12.41,20.64,11.02,扣非亏损,扣非亏损,亏损
688202.SH,美迪西,-30.84,-17.68,2.25,-5.83,-5.3,-5.29,,0.0,7.27,-16.05,-241.94,-32.24,,20.23,扣非亏损,扣非亏损,亏损
688203.SH,海正生材,47.39,57.79,1.41,1.97,2.24,1.84,0.61,0.0,13.02,5.07,-11.33,19.85,,25.96,2.91,58.73,42.31
688206.SH,概伦电子,-142.52,-147.78,5.44,-2.12,-2.81,-2.88,,0.0,90.26,-20.42,-18.75,25.74,9.31,14.68,扣非亏损,扣非亏损,亏损
688207.SH,格灵深瞳,-22.95,-19.06,1.97,-6.56,-6.21,-6.78,,0.0,65.2,-226.67,-574.59,-72.99,,5.76,扣非亏损,扣非亏损,亏损
688209.SH,英集芯,64.79,84.51,4.04,4.35,4.77,3.83,0.16,0.0,33.68,8.7,1304.24,21.47,0.05,6.01,3.94,38.88,27.16
688210.SH,统联精密,46.48,37.43,2.6,4.37,4.27,3.43,1.91,0.0,40.51,11.46,171.73,60.91,0.05,44.31,0.61,17.12,21.77
688211.SH,中科微至,-273.92,-112.0,1.2,-1.57,-0.33,-0.31,0.22,0.0,22.85,-0.66,9.79,84.54,,45.62,扣非亏损,扣非亏损,亏损
688212.SH,澳华内镜,140.85,317.89,5.07,1.07,2.66,1.82,0.48,0.0,69.25,7.38,-55.24,16.79,4.26,16.66,18.93,592.85,105.9
688213.SH,思特威,83.78,83.51,7.55,7.84,6.92,5.11,0.3,0.0,21.96,6.49,608.89,137.33,,49.05,0.61,21.31,24.21
688215.SH,瑞晟智能,132.6,227.55,2.64,0.51,1.49,1.29,0.28,0.0,30.12,3.06,-55.14,-0.58,,38.19,-391.25,887.14,177.98
688216.SH,气派科技,-32.45,-24.48,3.81,-10.49,-8.48,-3.5,,0.0,-1.66,-12.68,37.88,22.19,,63.53,扣非亏损,扣非亏损,亏损
688217.SH,睿昂基因,147.02,-92.26,1.21,0.13,0.61,-0.43,0.5,0.0,76.08,0.82,-92.91,-4.62,2.57,6.59,扣非亏损,扣非转亏,482.03
688218.SH,江苏北人,235.61,68.27,2.52,-0.07,0.79,0.35,1.76,0.0,22.71,1.12,-102.19,-34.55,,51.26,-1.98,转盈,596.47
688219.SH,会通股份,21.19,26.67,2.25,6.58,7.69,3.22,0.91,0.0,13.79,3.66,41.95,9.81,7.09,70.28,2.72,8.1,5.51
688220.SH,翱捷科技,-32.32,-29.66,3.03,-7.78,-6.74,-5.82,,0.0,23.46,-16.24,11.02,37.72,0.28,13.23,扣非亏损,扣非亏损,亏损
688221.SH,前沿生物,-11.28,-9.0,2.53,-18.7,-15.53,-8.96,,0.0,33.49,-211.1,11.84,26.9,,42.7,扣非亏损,扣非亏损,亏损
688222.SH,成都先导,134.19,262.71,3.91,1.27,2.19,1.37,0.33,0.0,49.34,9.61,6831.94,21.38,4.39,18.62,12.29,415.25,122.55
688223.SH,晶科能源,55.22,67.07,2.78,1.41,3.55,1.77,2.53,0.0,9.68,1.72,-92.12,-15.66,,71.89,-4.28,95.24,31.11
688225.SH,亚信安全,-29.88,-28.07,4.27,-10.55,-10.26,-5.69,,0.0,53.74,-18.75,11.99,11.75,13.73,49.3,扣非亏损,扣非亏损,亏损
688226.SH,威腾电气,21.14,21.63,2.79,9.92,10.24,4.93,1.24,0.0,16.39,4.25,30.63,36.73,,70.69,0.59,4.36,4.13
688227.SH,品高股份,-41.41,-111.2,1.91,-3.8,-3.4,-3.44,,0.0,37.36,-27.96,-1.1,0.87,2.34,29.69,扣非亏损,扣非亏损,亏损
688228.SH,开普云,-142.98,90.01,2.46,-1.69,-1.27,-2.09,0.29,0.0,45.99,-14.3,1.85,39.41,12.68,26.46,2.28,扣非亏损,亏损
688229.SH,博睿数据,-24.51,-21.31,4.31,-12.53,-12.5,-12.14,,0.0,72.63,-60.5,18.65,10.5,,7.92,扣非亏损,扣非亏损,亏损
688230.SH,芯导科技,51.36,93.33,2.53,1.88,3.69,3.87,1.43,0.0,35.61,32.51,68.42,13.65,,2.34,6.84,99.24,27.84
688231.SH,隆达股份,49.11,193.3,1.43,1.64,2.17,1.38,0.55,0.0,15.45,5.71,-16.72,16.21,,23.64,11.92,235.38,45.26
688232.SH,新点软件,-652.04,67.81,2.26,-1.56,-0.25,-0.31,0.99,0.0,60.94,-1.16,53.7,-8.71,,15.87,-7.78,扣非亏损,亏损
688233.SH,神工股份,125.38,-2312.18,2.58,1.47,1.55,1.27,,0.0,32.63,14.06,159.76,79.65,,7.42,扣非亏损,扣非转亏,161.78
688234.SH,天岳先进,150.31,209.71,5.43,2.58,2.74,1.93,,0.0,25.78,11.16,218.81,55.34,,26.05,3.79,162.7,109.72
688235.SH,百济神州,-43.52,-34.29,10.32,,,,,0.0,,,,,,,扣非亏损,,
688236.SH,春立医疗,67.08,40.12,1.96,1.55,2.14,1.65,1.38,40.26,69.3,12.0,-72.82,-35.84,0.48,19.98,-1.12,25.88,31.35
688237.SH,超卓航科,104.86,326.8,2.26,1.47,1.56,0.91,0.9,0.0,28.76,7.44,-36.8,50.48,9.67,23.51,6.47,443.62,134.44
688238.SH,和元生物,-15.94,-15.8,2.16,-10.2,-10.2,-7.61,,0.0,-21.95,-103.47,-155.03,34.22,,20.62,扣非亏损,扣非亏损,亏损
688239.SH,航宇科技,33.7,47.36,3.6,7.58,8.4,5.01,1.03,0.0,29.09,10.37,-12.37,-17.44,,56.02,-2.72,12.5,8.02
688244.SH,永信至诚,-75.55,150.28,3.23,-3.77,-3.09,-3.1,0.41,0.0,54.11,-18.76,20.78,1.29,,12.12,116.18,扣非亏损,亏损
688246.SH,嘉和美康,-76.15,-205.86,2.34,-2.43,-2.28,-2.62,,0.0,47.29,-10.92,-465.68,-11.52,,32.98,扣非亏损,扣非亏损,亏损
688249.SH,晶合集成,114.52,121.29,2.04,0.85,1.32,1.09,,0.0,25.26,4.37,243.91,35.05,,52.34,3.46,286.12,173.51
688251.SH,井松智能,36.54,29.0,1.94,3.79,4.08,2.11,0.76,0.0,24.96,5.99,2638.81,51.49,,49.57,0.56,15.29,17.91
688252.SH,天德钰,39.27,51.0,4.83,8.25,9.55,7.12,0.28,0.0,21.38,12.94,137.12,79.57,,14.5,0.64,12.36,8.22
688253.SH,英诺特,17.99,19.25,2.87,11.52,12.56,13.19,1.6,0.0,80.95,46.97,239.12,87.05,,5.83,0.22,3.34,2.86
688255.SH,凯尔达,66.41,93.44,2.5,2.07,2.82,2.05,0.61,0.0,20.64,6.48,453.88,28.89,,15.22,3.23,90.3,47.1
688256.SH,寒武纪,-186.26,-188.05,35.02,-15.99,-13.48,-12.04,,0.0,55.23,-393.12,9.07,27.09,,15.56,扣非亏损,扣非亏损,亏损
688258.SH,卓易信息,155.31,650.53,4.11,0.54,1.96,1.77,0.4,0.0,47.12,10.64,5.79,4.53,8.18,29.86,143.73,2416.98,158.48
688259.SH,创耀科技,77.44,98.1,3.21,2.36,3.11,1.35,0.38,0.0,28.8,10.96,20.96,-5.87,,22.29,-16.72,83.3,49.8
688260.SH,昀冢科技,-22.58,-12.15,9.2,-46.08,-26.44,-4.2,,0.0,16.21,-20.9,-93.03,7.67,,85.79,扣非亏损,扣非亏损,亏损
688261.SH,东微半导,155.82,1202.12,2.2,0.15,1.06,0.47,0.21,0.0,15.53,4.5,-96.37,-11.62,,4.9,-103.47,16092.61,294.01
688262.SH,国芯科技,-55.21,-40.27,4.17,-6.38,-5.44,-6.01,,0.0,18.51,-27.11,-6.42,16.58,,29.38,扣非亏损,扣非亏损,亏损
688265.SH,南模生物,-110.36,-51.68,1.35,-1.9,-0.88,-0.95,0.34,0.0,43.63,-5.74,-13.16,-1.17,,11.82,扣非亏损,扣非亏损,亏损
688266.SH,泽璟制药,-130.31,-80.99,13.05,-7.12,-6.13,-4.59,,0.0,92.96,-28.55,57.02,36.16,,56.09,扣非亏损,扣非亏损,亏损
688267.SH,中触媒,24.33,29.84,1.36,4.05,4.22,4.1,1.04,0.0,38.9,21.73,183.56,43.57,0.08,7.16,0.68,14.75,11.53
688268.SH,华特气体,39.53,39.61,4.02,6.91,6.91,5.58,0.74,0.0,31.88,12.53,14.16,-6.26,6.51,39.53,-6.33,11.47,11.44
688269.SH,凯立新材,42.86,51.09,3.71,5.87,6.41,4.46,1.35,0.0,11.31,5.6,-38.55,-14.68,,44.81,-3.48,17.4,13.37
688270.SH,臻镭科技,452.66,283.74,4.11,0.2,0.68,-0.12,0.25,0.0,84.11,7.93,-88.89,7.01,,4.62,40.5,2910.15,1331.36
688272.SH,富吉瑞,101.35,-73.12,2.95,1.86,2.21,1.67,,0.0,41.43,4.76,113.57,77.6,,33.48,扣非亏损,扣非转亏,91.72
688275.SH,万润新能,-7.8,-5.32,1.05,-9.82,-9.56,-2.95,,0.0,0.56,-12.88,37.4,-51.48,,65.09,扣非亏损,扣非亏损,亏损
688276.SH,百克生物,35.22,27.82,2.73,5.96,5.92,5.33,0.27,0.0,85.5,23.82,-24.84,-17.47,,20.96,-1.59,9.34,11.9
688277.SH,天智航,-46.55,-22.32,4.01,-9.5,-6.3,-5.75,,0.0,67.45,-82.69,1.87,-31.08,,21.46,扣非亏损,扣非亏损,亏损
688278.SH,特宝生物,43.62,43.02,14.23,28.05,26.65,25.55,0.78,0.0,93.35,28.35,41.34,33.9,,15.61,1.27,3.07,3.27
688279.SH,峰岹科技,56.98,73.41,5.58,6.35,7.5,6.61,0.48,0.0,52.94,42.47,86.34,53.72,,1.98,1.37,23.1,15.2
688280.SH,精进电动,-6.33,-5.0,5.17,-52.32,-46.94,-13.7,,0.0,-0.54,-42.04,-10.74,47.51,,75.96,扣非亏损,扣非亏损,亏损
688281.SH,华秦科技,53.55,52.34,4.95,6.82,7.13,6.26,0.25,0.0,54.61,39.55,14.42,22.55,,19.54,2.32,15.35,15.02
688282.SH,*ST导航,-55.95,-43.22,1.97,-2.74,-2.57,-3.5,,0.0,27.95,-56.33,-55.93,337.35,7.16,15.37,扣非亏损,扣非亏损,亏损
688283.SH,坤恒顺维,162.87,92.62,3.79,1.02,1.71,0.06,0.32,0.0,64.56,13.67,-79.71,-27.23,0.01,13.33,-3.4,181.52,190.49
688286.SH,敏芯股份,-47.82,-46.73,3.03,-4.24,-4.63,-4.53,,0.0,22.05,-14.55,50.13,29.95,1.43,14.83,扣非亏损,扣非亏损,亏损
688287.SH,ST观典,-28.15,-27.49,2.5,-6.76,-6.34,-6.87,0.61,0.0,11.63,-81.88,-303.69,-56.28,,4.36,扣非亏损,扣非亏损,亏损
688288.SH,鸿泉物联,-45.18,-24.83,2.57,-4.57,-4.15,-2.83,,0.0,36.38,-8.52,11.56,24.96,1.01,31.68,扣非亏损,扣非亏损,亏损
688290.SH,景业智能,404.43,176.8,3.1,-0.58,0.57,-0.27,0.22,0.0,42.17,4.1,42.16,15.66,,18.02,11.29,转盈,1419.04
688291.SH,金橙子,60.18,73.2,2.43,2.18,2.82,2.28,0.35,0.0,57.86,16.93,10.03,3.74,1.01,5.95,19.55,67.13,42.68
688292.SH,浩瀚深度,80.74,102.76,3.8,2.83,3.38,2.71,0.44,0.0,54.2,12.6,-19.24,-14.04,9.16,18.27,-7.32,72.67,47.78
688295.SH,中复神鹰,-1861.78,-206.34,4.37,-1.57,-0.17,0.12,0.35,0.0,19.26,-0.75,-128.57,-30.46,,48.49,扣非亏损,扣非亏损,亏损
688296.SH,和达科技,413.08,-90.2,2.03,-0.54,0.37,-0.74,,0.0,39.16,-0.18,87.43,47.91,,24.8,扣非亏损,扣非亏损,2232.88
688297.SH,中无人机,-315.5,-754.8,6.16,-1.67,-1.44,-1.78,0.46,0.0,26.31,-22.4,-140.85,-71.98,,27.04,扣非亏损,扣非亏损,亏损
688298.SH,东方生物,-20.01,-10.36,1.02,-4.89,-3.65,-3.76,,0.0,34.69,-41.7,-231.81,0.83,0.79,14.37,扣非亏损,扣非亏损,亏损
688299.SH,长阳科技,202.13,796.08,2.34,0.23,0.86,1.28,0.36,0.0,23.92,1.85,-90.97,8.23,,39.64,96.7,6842.09,470.07
688300.SH,联瑞新材,43.33,50.35,7.41,12.15,13.32,11.51,0.94,0.0,42.16,26.65,57.52,35.79,,24.89,1.41,8.29,6.51
688301.SH,奕瑞科技,33.67,36.1,4.04,8.65,8.83,5.26,0.61,0.0,54.28,27.91,-21.57,-2.91,1.87,43.94,-12.39,8.35,7.63
688302.SH,海创药业,-18.27,-16.27,3.05,-12.88,-11.86,-11.06,,0.0,12.04,-140403.81,36.06,,,12.33,扣非亏损,扣非亏损,亏损
688303.SH,大全能源,-43.97,-272.48,1.54,-2.73,-2.56,-2.8,1.41,0.0,4.18,-18.31,-124.18,-53.37,,10.68,扣非亏损,扣非亏损,亏损
688305.SH,科德数控,84.41,91.55,4.6,3.91,4.87,4.27,0.33,0.0,42.67,18.9,26.34,30.32,,20.91,3.02,46.78,34.66
688306.SH,均普智能,-121.65,-39.48,4.57,-3.86,-2.73,-0.11,,0.0,19.0,-3.26,22.9,4.14,39.21,66.04,扣非亏损,扣非亏损,亏损
688308.SH,欧科亿,28.79,59.6,1.34,2.3,3.44,2.88,1.25,0.0,25.83,10.0,-54.77,11.22,,34.49,5.31,51.8,16.74
688309.SH,恒誉环保,-10727.09,799.52,1.62,-0.51,-0.01,-0.19,0.46,0.0,46.19,-0.13,-136.86,-55.93,2.32,15.58,-14.29,扣非亏损,亏损
688310.SH,迈得医疗,280.6,87.98,2.54,0.03,0.88,0.21,1.67,0.0,48.86,0.93,-99.53,-33.45,1.18,16.24,-2.63,5100.25,637.72
688311.SH,盟升电子,-33.95,-26.69,3.74,-8.72,-7.77,-6.06,,0.0,45.42,-147.66,-4640.84,-68.28,0.89,32.32,扣非亏损,扣非亏损,亏损
688312.SH,燕麦科技,54.36,62.17,3.66,4.4,5.01,3.82,1.94,0.0,56.78,18.51,89.16,73.19,,15.54,0.85,28.23,21.7
688313.SH,仕佳光子,149.58,3038.92,6.18,1.97,3.15,2.44,,0.0,25.84,4.96,151.4,34.77,0.18,28.26,87.39,3092.26,94.97
688314.SH,康拓医疗,23.17,31.48,3.71,10.84,12.49,12.68,0.97,0.0,80.33,31.65,11.63,16.22,0.94,13.14,1.94,5.81,3.71
688315.SH,诺禾致源,32.08,38.99,2.37,4.57,5.51,4.27,0.2,0.0,42.59,9.2,7.26,6.3,,29.62,6.18,17.06,11.65
688316.SH,青云科技,-30.08,-16.41,15.82,-46.28,-42.03,-9.74,,0.0,32.2,-30.77,45.75,-16.74,,79.74,扣非亏损,扣非亏损,亏损
688319.SH,欧林生物,832.61,-281.61,4.9,-0.04,0.44,0.66,0.24,0.0,94.72,-0.02,-101.75,9.75,,46.07,扣非亏损,扣非亏损,3784.58
688320.SH,禾川科技,-44.27,-45.14,3.4,-6.09,-5.43,-3.94,0.27,0.0,26.98,-13.19,-306.75,-27.28,0.23,34.58,扣非亏损,扣非亏损,亏损
688321.SH,微芯生物,-141.59,-122.18,6.35,-3.44,-3.04,-0.95,,0.0,87.58,-10.62,70.58,38.02,,50.77,扣非亏损,扣非亏损,亏损
688322.SH,奥比中光,-167.1,-71.47,4.58,-3.41,-2.03,-2.79,,0.0,43.99,-16.92,57.24,35.27,0.11,9.2,扣非亏损,扣非亏损,亏损
688323.SH,瑞华泰,-43.91,-48.07,3.44,-5.05,-4.99,-0.95,,0.0,18.14,-20.35,-315.08,14.68,,61.77,扣非亏损,扣非亏损,亏损
688325.SH,赛微微电,53.33,40.4,2.53,3.36,3.59,3.36,0.51,0.0,52.84,21.37,16921.03,86.1,,3.32,0.47,24.08,29.71
688326.SH,经纬恒润,-22.71,-21.1,2.9,-10.27,-9.02,-5.26,,0.0,23.16,-11.49,-179.2,24.05,,52.15,扣非亏损,扣非亏损,亏损
688327.SH,云从科技,-19.08,-16.61,10.11,-36.37,-35.31,-21.77,,0.0,46.86,-226.96,-19.93,-34.51,,49.86,扣非亏损,扣非亏损,亏损
688328.SH,深科达,-39.22,-18.43,1.97,-4.58,-4.12,-2.08,0.22,0.0,33.67,-7.79,37.16,-14.52,1.22,38.51,扣非亏损,扣非亏损,亏损
688329.SH,艾隆科技,-35.28,-27.08,1.75,-4.4,-3.56,-1.92,0.6,0.0,45.99,-13.74,-205.29,-15.24,,42.61,扣非亏损,扣非亏损,亏损
688330.SH,宏力达,20.24,22.4,1.09,3.13,4.05,3.91,1.23,0.0,48.2,21.31,35.13,9.84,,12.48,2.28,14.3,10.0
688331.SH,荣昌生物,-13.39,-12.11,8.08,-37.8,-36.92,-18.18,,0.0,79.75,-88.63,-3.45,57.1,,58.54,扣非亏损,扣非亏损,亏损
688332.SH,中科蓝讯,34.54,45.25,2.45,4.56,5.39,4.06,1.1,0.0,22.92,16.56,26.45,18.91,,12.93,2.39,19.84,12.82
688333.SH,铂力特,384.51,208.13,2.84,-0.54,0.56,0.03,0.13,0.0,40.37,3.65,-280.56,-1.34,,30.47,-154.8,转盈,1373.23
688334.SH,西高院,25.5,35.15,1.98,4.57,5.31,5.84,1.48,50.31,51.61,31.25,20.75,5.5,0.79,17.46,6.39,7.7,4.8
688335.SH,复洁环保,-72.08,28.3,1.22,-1.75,-1.24,-1.38,2.73,0.0,30.06,-14.11,-198.28,-61.72,0.43,13.54,-0.46,扣非亏损,亏损
688337.SH,普源精电,108.53,168.15,2.78,0.74,2.04,1.63,1.14,0.0,58.44,11.24,-26.96,13.14,10.3,18.07,12.79,455.56,106.4
688338.SH,赛科希德,27.54,27.65,1.88,5.07,5.13,4.48,0.77,0.0,62.13,36.92,-4.62,10.89,,5.25,2.54,10.91,10.74
688339.SH,亿华通,-17.89,-19.19,2.21,-9.13,-8.85,-6.85,,0.0,17.54,-100.59,-17.62,7.93,,37.76,扣非亏损,扣非亏损,亏损
688343.SH,云天励飞,-23.03,-20.9,3.25,-11.91,-10.14,-8.85,,0.0,14.96,-87.52,-33.32,112.52,1.39,16.22,扣非亏损,扣非亏损,亏损
688345.SH,博力威,-74.49,-25.7,1.98,-2.2,-1.96,-1.43,,0.0,16.61,-1.76,-148.33,-27.98,,57.0,扣非亏损,扣非亏损,亏损
688347.SH,华虹公司,104.71,131.24,1.85,1.07,1.33,-0.56,0.35,0.0,17.2,-3.12,-68.26,-18.92,,29.98,-6.94,245.78,157.46
688348.SH,昱能科技,47.71,61.9,2.59,3.76,4.15,4.1,0.82,0.0,32.57,10.12,-10.97,58.31,,24.19,1.06,32.89,22.99
688349.SH,三一重能,39.88,24.55,2.89,4.82,5.35,1.88,2.06,0.0,15.53,7.55,-18.61,21.06,,66.09,1.17,10.18,14.91
688350.SH,富淼科技,51.51,798.44,1.18,1.06,1.59,0.94,1.5,0.0,13.53,1.51,-53.47,-2.38,1.89,39.73,-335.18,1504.08,64.79
688351.SH,微电生理,180.85,-536.05,5.81,-0.04,2.44,2.17,,0.0,58.79,14.35,95.69,23.21,,7.35,扣非亏损,扣非亏损,148.23
688352.SH,颀中科技,52.05,46.07,2.66,3.74,3.87,3.61,0.65,0.0,32.16,15.91,2.0,25.11,14.64,15.92,1.83,24.67,26.9
688353.SH,华盛锂电,-22.76,-18.64,1.12,-4.31,-3.61,-3.88,,0.0,-20.69,-42.43,-2403.32,-16.44,,13.2,扣非亏损,扣非亏损,亏损
688356.SH,键凯科技,84.22,88.14,2.89,2.02,2.55,2.48,0.54,0.0,67.91,17.58,-73.3,-23.97,,5.49,-3.68,87.3,66.05
688357.SH,建龙微纳,32.74,41.56,1.56,2.95,3.37,2.36,1.16,0.0,29.99,10.7,-58.08,-29.3,,38.85,-1.42,28.21,19.43
688358.SH,祥生医疗,21.65,31.05,2.06,6.51,7.14,6.02,2.12,0.0,59.15,27.17,-33.86,-9.85,,13.29,-3.15,9.54,6.06
688359.SH,三孚新科,-197.05,-96.21,9.29,-6.54,-3.57,0.08,,0.0,40.08,-1.55,6.82,29.4,17.03,52.15,扣非亏损,扣非亏损,亏损
688360.SH,德马科技,19.47,27.64,2.14,7.29,8.57,5.22,1.25,0.0,29.76,10.35,53.28,20.13,22.53,47.75,1.37,7.58,4.54
688361.SH,中科飞测,-445.21,-273.9,12.98,-5.24,-2.16,-1.38,0.19,0.0,47.69,-6.39,-768.93,38.21,,39.76,扣非亏损,扣非亏损,亏损
688362.SH,甬矽电子,181.32,-413.6,4.14,-1.07,1.73,1.27,,0.0,17.48,1.09,83.94,56.43,,70.89,扣非亏损,扣非亏损,209.62
688363.SH,华熙生物,63.83,80.22,4.39,4.68,5.1,5.01,0.57,0.0,73.93,9.27,-24.58,-8.21,3.56,18.82,-9.77,34.31,25.03
688365.SH,光云科技,-51.57,-53.15,3.94,-5.58,-5.58,-3.47,,0.0,65.07,-16.6,16.73,0.26,20.05,41.86,扣非亏损,扣非亏损,亏损
688367.SH,工大高科,57.11,60.0,2.44,2.72,3.22,2.4,0.56,0.0,26.15,8.84,108.97,66.16,,23.6,0.91,44.08,35.47
688368.SH,晶丰明源,-131.86,-105.41,7.31,-1.72,-4.06,-0.89,,0.0,36.11,-2.72,70.69,18.78,23.78,35.91,扣非亏损,扣非亏损,亏损
688369.SH,致远互联,-18.64,-20.13,2.29,-8.73,-8.45,-7.01,0.38,0.0,68.83,-18.71,-213.91,-12.54,0.23,26.9,扣非亏损,扣非亏损,亏损
688370.SH,丛麟科技,29.45,124.04,1.11,1.85,2.81,2.45,1.46,0.0,35.89,13.96,-33.83,-10.02,1.1,18.1,-12.38,134.2,20.96
688371.SH,菲沃泰,165.82,2281.87,3.17,0.92,1.4,1.53,,0.0,52.35,7.86,129.25,63.18,,6.04,36.12,4986.05,236.88
688372.SH,伟测科技,95.68,103.15,3.11,2.11,2.47,1.98,0.41,0.0,34.38,8.38,-20.98,43.62,,42.01,2.36,97.97,77.47
688373.SH,盟科药业,-9.09,-7.21,6.22,-43.32,-31.64,-25.95,,0.0,82.23,-298.57,-13.46,42.9,,41.52,扣非亏损,扣非亏损,亏损
688376.SH,美埃科技,28.5,30.93,3.22,8.22,8.77,5.51,0.79,0.0,30.57,12.32,28.95,12.16,0.14,47.0,2.54,7.53,6.5
688377.SH,迪威尔,36.79,44.06,1.76,3.15,3.62,3.02,0.86,0.0,18.99,8.03,-54.35,-15.11,,31.63,-2.92,27.94,20.33
688378.SH,奥来德,36.65,78.07,2.81,3.74,5.67,4.57,1.69,0.0,51.22,21.83,-15.5,11.89,,19.33,6.56,41.74,12.93
688379.SH,华光新材,22.4,30.63,2.38,7.73,8.17,5.24,0.76,0.0,15.08,5.73,128.64,30.45,,57.44,1.01,7.92,5.48
688380.SH,中微半导,81.88,260.06,4.1,2.61,3.65,3.31,1.05,0.0,29.94,17.14,290.26,40.03,,5.91,6.5,199.53,44.87
688381.SH,帝奥微,220.24,-94.03,1.88,-0.76,0.62,0.22,0.59,0.0,44.69,4.47,-4.42,38.61,,2.64,扣非亏损,扣非亏损,710.46
688382.SH,益方生物,-16.41,-18.61,3.85,-16.78,-16.33,-15.97,,0.0,63.3,-1593.77,-26.31,-84.94,,8.27,扣非亏损,扣非亏损,亏损
688383.SH,新益昌,62.18,91.81,4.06,4.5,4.92,3.3,0.19,0.0,35.71,8.39,30.5,-6.67,1.4,51.05,-13.76,40.79,25.28
688385.SH,复旦微电,64.7,104.22,6.46,6.99,7.76,5.14,0.26,0.0,55.05,15.31,-36.26,-1.99,,28.28,-52.47,29.83,16.68
688386.SH,泛亚微透,26.34,25.07,3.27,9.46,9.49,8.62,1.23,0.0,48.19,20.7,44.13,22.09,8.83,28.68,1.13,5.3,5.55
688387.SH,信科移动,-102.67,-44.88,3.65,-3.92,-2.63,-1.36,,0.0,23.39,-4.78,15.94,-21.5,,52.74,扣非亏损,扣非亏损,亏损
688388.SH,嘉元科技,-36.41,-33.13,1.03,-2.46,-2.03,-0.86,0.07,0.0,1.96,-3.42,-2022.23,17.1,0.32,43.28,扣非亏损,扣非亏损,亏损
688389.SH,普门科技,21.38,19.93,3.76,12.99,13.69,10.14,1.25,0.0,69.89,29.89,29.11,5.89,2.59,30.95,3.38,3.07,3.12
688390.SH,固德威,1125.86,-117.49,4.49,-1.08,0.29,0.73,0.57,0.0,23.0,1.15,-103.58,-12.51,1.12,60.49,扣非亏损,扣非亏损,7764.57
688391.SH,钜泉科技,41.11,100.2,2.12,2.04,4.0,3.04,1.61,0.0,43.51,15.91,-56.42,-5.67,,6.78,-17.67,98.07,20.56
688392.SH,骄成超声,184.63,-139.47,3.03,-0.78,1.21,0.16,0.24,0.0,51.37,4.89,-122.8,-10.37,,19.16,扣非亏损,扣非亏损,305.18
688393.SH,安必平,46.14,80.64,1.43,1.79,2.32,1.0,0.6,0.0,68.42,6.57,-35.85,-0.52,2.12,9.14,-156.28,89.99,39.77
688395.SH,正弦电气,39.03,59.38,2.13,3.01,4.13,3.76,0.87,0.0,36.08,11.01,-43.83,-5.22,,12.42,-11.39,39.49,18.9
688396.SH,华润微,105.64,103.94,3.18,2.15,2.28,1.46,0.25,0.0,27.14,5.44,-48.91,-0.77,2.18,17.43,-134.22,96.51,92.52
688399.SH,硕世生物,127.03,-19.11,1.4,-0.49,0.8,0.38,,0.0,65.66,10.11,91.98,-3.02,,14.78,扣非亏损,扣非亏损,317.58
688400.SH,凌云光,71.55,114.41,2.69,2.11,2.83,1.1,0.19,0.0,37.22,6.87,-25.62,-17.7,0.02,20.73,-6.46,108.36,50.57
688401.SH,路维光电,34.5,38.93,4.22,7.9,8.59,6.62,0.76,0.0,34.49,20.16,20.3,25.07,,39.37,1.55,9.85,8.03
688403.SH,汇成股份,60.95,59.93,2.64,2.73,3.23,2.74,0.95,0.0,21.1,9.42,-26.83,19.52,,30.96,3.07,43.83,37.74
688408.SH,中信博,28.58,27.75,5.21,13.82,14.42,6.29,1.23,0.0,19.37,7.24,217.63,76.3,,67.52,0.36,4.02,3.96
688410.SH,山外山,47.74,74.78,2.33,3.02,3.63,2.62,1.37,0.0,47.54,14.32,-70.71,-27.39,,12.48,-2.73,49.59,26.3
688416.SH,恒烁股份,-20.74,-14.25,2.02,-8.04,-7.08,-6.74,,0.0,15.47,-39.66,-10.39,20.95,,5.67,扣非亏损,扣非亏损,亏损
688418.SH,震有科技,304.3,-140.91,7.97,0.03,1.99,1.87,,0.0,49.6,2.89,100.51,11.43,7.42,47.44,扣非亏损,扣非转亏,305.83
688419.SH,耐科装备,40.03,51.99,3.07,4.7,5.84,5.05,0.84,0.0,43.25,29.25,90.23,44.94,,15.4,1.16,22.13,13.71
688420.SH,美腾科技,46.52,43.06,1.49,1.33,2.35,1.44,1.16,0.0,37.0,8.3,-24.33,16.37,,20.45,2.63,64.91,39.59
688425.SH,铁建重工,19.51,20.25,1.57,5.69,6.1,4.34,2.27,0.0,30.88,15.14,-10.68,-8.04,,39.18,-2.52,7.12,6.4
688426.SH,康为世纪,-22.16,-16.22,1.84,-6.86,-5.97,-6.26,,0.0,63.55,-97.58,-99.64,-35.11,0.07,7.24,扣非亏损,扣非亏损,亏损
688428.SH,诺诚健华,-44.66,-53.36,3.38,,,,,0.0,,,,,,,扣非亏损,,
688429.SH,时创能源,-15.18,-19.65,5.76,-25.46,-25.01,-17.03,0.21,0.0,13.18,-112.39,-471.74,-66.14,,44.99,扣非亏损,扣非亏损,亏损
688432.SH,有研硅,62.44,103.09,3.77,3.41,4.62,4.66,0.57,0.0,36.57,28.78,-5.13,-2.18,,9.6,-47.31,60.42,27.03
688433.SH,华曙高科,145.89,88.11,4.43,2.16,2.27,1.41,0.31,0.0,47.93,12.7,-35.39,-7.09,,18.14,-12.43,81.5,128.53
688435.SH,英方软件,-73.85,-264.71,2.81,-3.88,-3.0,-2.53,,0.0,87.06,-26.76,-655.14,-9.96,,5.23,扣非亏损,扣非亏损,亏损
688439.SH,振华风光,37.62,28.39,2.58,4.79,5.19,5.08,0.79,0.0,67.34,31.54,-39.28,-18.74,0.08,11.42,-1.52,11.85,14.5
688443.SH,智翔金泰,-15.6,-14.42,4.83,-21.42,-21.43,-17.18,,0.0,80.62,-4374.99,4.27,8875.43,,28.26,扣非亏损,扣非亏损,亏损
688448.SH,磁谷科技,113.29,77.66,3.09,1.37,2.09,1.16,1.16,0.0,36.7,7.88,11.84,16.5,,30.23,4.71,113.77,108.41
688450.SH,光格科技,-37.65,-384.9,1.56,-3.33,-3.03,-3.55,0.6,0.0,51.55,-36.92,-413.63,-49.3,,16.91,扣非亏损,扣非亏损,亏损
688455.SH,科捷智能,-25.05,-19.29,1.78,-6.06,-4.94,-3.03,,0.0,15.94,-8.55,1.15,40.36,,60.9,扣非亏损,扣非亏损,亏损
688456.SH,有研粉材,64.53,121.53,2.91,2.34,3.41,2.82,0.71,0.0,8.07,1.77,20.02,17.53,0.28,30.96,6.93,103.73,37.85
688458.SH,美芯晟,-102.2,-114.59,2.25,-2.57,-1.67,-2.75,0.13,0.0,23.25,-11.2,-614.57,-8.08,,4.46,扣非亏损,扣非亏损,亏损
688459.SH,哈铁科技,75.61,39.65,1.52,1.45,1.51,0.77,1.07,0.0,40.04,10.93,80.81,21.28,,12.51,1.86,54.52,100.14
688466.SH,金科环境,29.03,35.9,1.54,3.53,3.9,2.98,2.31,0.0,36.87,13.3,-33.25,-0.88,0.11,45.56,-40.9,20.33,14.89
688468.SH,科美诊断,19.55,25.93,2.09,6.77,8.08,6.81,1.16,0.0,76.35,32.62,-8.3,-0.43,10.97,23.78,-60.44,7.66,4.84
688469.SH,芯联集成,-43.53,-25.2,3.32,-8.78,-5.63,-4.4,,0.0,-0.43,-36.24,38.97,18.68,,49.0,扣非亏损,扣非亏损,亏损
688472.SH,阿特斯,19.63,23.06,2.25,8.54,8.79,3.5,0.95,0.0,14.96,5.65,-26.56,-12.63,,65.94,-1.83,5.4,4.47
688475.SH,萤石网络,52.75,49.52,4.91,6.92,7.03,4.22,1.11,0.0,42.88,9.46,-5.45,12.93,,34.22,3.83,14.31,15.01
688478.SH,晶升股份,61.09,106.32,2.81,1.64,3.43,2.92,0.87,0.0,29.49,16.72,-2.75,35.69,,16.57,2.98,129.33,35.62
688479.SH,友车科技,35.49,52.97,1.48,2.02,3.11,2.42,2.14,0.0,34.55,13.97,-42.6,-15.88,,10.71,-3.34,52.47,22.83
688480.SH,赛恩斯,15.91,27.47,2.91,8.16,14.13,9.65,1.29,0.0,35.32,25.19,78.16,46.14,15.18,37.96,0.6,6.73,2.25
688485.SH,九州一轨,-45.24,-68.11,1.17,-2.23,-1.84,-2.31,0.36,0.0,24.84,-13.09,-93.04,1.98,0.35,14.0,扣非亏损,扣非亏损,亏损
688486.SH,龙迅股份,50.15,67.69,4.56,5.32,6.47,6.65,1.18,0.0,55.98,28.17,53.63,50.2,,4.66,1.35,25.46,15.5
688488.SH,艾迪药业,-50.75,-32.84,3.86,-7.61,-5.56,-3.75,,0.0,52.81,-20.65,-81.37,-0.89,14.87,40.23,扣非亏损,扣非亏损,亏损
688489.SH,三未信安,245.4,160.88,2.54,0.17,0.77,-0.18,0.43,0.0,75.64,6.02,-90.0,7.81,6.15,9.07,20.59,1849.19,640.23
688496.SH,清越科技,-69.88,-36.08,4.32,-5.0,-4.49,-2.84,,0.0,10.02,-11.83,11.27,3.98,,35.18,扣非亏损,扣非亏损,亏损
688498.SH,源杰科技,-18525.23,-1649.79,6.55,-0.21,-0.03,-0.92,0.07,0.0,29.69,-0.31,-219.46,91.2,,3.63,扣非亏损,扣非亏损,亏损
688499.SH,利元亨,-4.51,-4.59,1.75,-21.93,-26.77,-5.31,,0.0,21.05,-22.48,-14218.83,-45.17,0.28,78.65,扣非亏损,扣非亏损,亏损
688500.SH,慧辰股份,-32.62,-18.29,3.62,-7.59,-8.01,-7.01,,0.0,28.87,-23.82,-64.85,-19.61,0.56,30.61,扣非亏损,扣非亏损,亏损
688501.SH,青达环保,40.34,19.37,2.03,3.3,3.81,2.54,1.32,0.0,32.79,4.45,81.31,50.11,0.25,65.43,0.39,11.73,21.18
688502.SH,茂莱光学,494.77,739.69,13.93,1.58,2.08,2.0,0.3,0.0,48.15,6.52,-37.02,4.33,,18.13,171.0,935.67,475.74
688503.SH,聚和材料,28.06,37.16,3.39,9.04,8.63,6.79,2.11,0.0,8.92,4.28,7.02,32.8,0.5,46.03,1.13,8.22,6.5
688506.SH,百利天恒,14.63,21.04,18.69,184.01,186.1,103.17,,0.0,96.9,71.79,849.17,1399.22,,39.05,0.02,0.23,0.16
688508.SH,芯朋微,60.5,104.9,2.53,2.7,3.14,2.15,0.3,0.0,36.89,10.72,63.23,21.95,0.69,14.41,4.78,77.84,38.54
688509.SH,正元地信,-33.97,-54.88,2.54,-5.89,-5.46,-2.31,,0.0,29.11,-19.77,-37.37,-22.21,,55.11,扣非亏损,扣非亏损,亏损
688510.SH,航亚科技,37.36,41.27,4.19,8.42,8.66,5.91,1.14,0.0,41.91,17.61,40.82,30.24,,37.53,1.36,9.8,8.62
688511.SH,天微电子,269.7,351.73,2.68,-0.08,0.74,0.5,1.19,0.0,62.77,8.5,-103.16,-23.94,,10.51,-14.69,转盈,728.92
688512.SH,慧智微,-13.7,-12.2,2.81,-15.62,-14.52,-12.95,,0.0,1.13,-77.78,1.11,-3.59,,15.56,扣非亏损,扣非亏损,亏损
688513.SH,苑东生物,22.08,35.62,2.39,6.36,8.28,6.68,0.91,0.0,77.55,20.87,14.92,22.38,,21.68,1.59,11.21,5.33
688515.SH,裕太微,-41.58,-40.9,4.67,-9.67,-8.03,-7.61,,0.0,42.9,-52.6,3.24,61.44,,6.88,扣非亏损,扣非亏损,亏损
688517.SH,金冠电气,22.57,22.11,2.54,7.59,8.32,5.98,3.17,0.0,35.81,14.12,31.83,30.71,,38.86,0.72,5.83,5.43
688518.SH,联赢激光,45.84,57.11,1.88,2.49,3.11,1.53,0.73,0.0,31.6,4.13,-66.26,-13.88,,54.72,-4.11,45.86,29.48
688520.SH,神州细胞,87.94,45.17,-41.03,,,7.8,,0.0,96.28,7.77,4778.0,40.44,,104.24,1.12,,
688521.SH,芯原股份,-42.82,-38.69,9.79,-16.85,-15.8,-8.05,,0.0,42.52,-23.99,-170.47,-6.5,7.67,51.05,扣非亏损,扣非亏损,亏损
688522.SH,纳睿雷达,415.54,234.92,6.6,1.36,1.18,-0.08,0.27,0.0,76.08,19.1,-2.56,20.0,,10.6,11.75,346.41,704.31
688523.SH,航天环宇,134.18,98.84,5.79,2.0,3.14,2.38,0.75,0.0,43.39,20.65,-13.68,32.95,,27.2,3.0,98.76,85.46
688525.SH,佰维存储,93.69,406.3,11.62,10.25,9.83,5.35,,0.0,22.51,4.17,146.07,136.76,,66.78,2.97,79.25,19.06
688526.SH,科前生物,20.63,28.15,1.86,5.82,6.75,5.51,2.11,0.0,64.01,39.07,-34.11,-19.57,0.09,12.94,-1.44,9.68,6.11
688528.SH,秦川物联,-34.68,-32.77,3.41,-6.9,-6.78,-5.66,,0.0,27.62,-15.86,-6.13,17.44,0.87,38.08,扣非亏损,扣非亏损,亏损
688529.SH,豪森智能,257.73,-95.29,1.24,-0.48,0.36,0.84,0.49,0.0,23.21,0.25,-110.48,4.54,,65.2,扣非亏损,扣非亏损,1431.82
688533.SH,上声电子,24.43,31.39,4.33,10.67,13.7,8.16,0.81,0.0,26.31,9.37,38.01,25.16,,53.73,1.25,5.88,3.57
688536.SH,思瑞浦,-117.61,-66.63,2.88,-3.09,-1.8,-1.83,,0.0,49.46,-11.64,-243.03,4.31,,6.37,扣非亏损,扣非亏损,亏损
688538.SH,和辉光电,-15.84,-13.86,3.45,-15.56,-15.1,-4.83,,0.0,-23.7,-47.66,26.26,82.61,,61.58,扣非亏损,扣非亏损,亏损
688539.SH,高华科技,87.42,79.12,3.01,1.98,2.55,2.23,0.91,0.0,56.41,18.28,-28.16,10.83,,10.32,7.3,79.72,68.57
688543.SH,国科军工,49.47,55.02,4.41,5.82,6.7,5.16,1.43,0.0,37.25,20.39,43.74,12.7,0.06,24.01,4.33,18.89,14.77
688549.SH,中巨芯,416.58,-22288.6,5.41,0.53,0.98,0.22,0.12,0.0,14.09,4.1,123.24,15.47,2.06,21.28,扣非亏损,扣非转亏,850.16
688551.SH,科威尔,38.78,31.29,2.04,3.45,3.93,2.38,1.05,0.0,48.98,13.46,-32.61,6.26,0.23,23.44,5.0,18.15,19.73
688552.SH,航天南湖,-88.45,-1473.04,2.68,-2.3,-2.23,-3.28,0.39,0.0,18.57,-68.04,-376.79,-82.97,,17.7,扣非亏损,扣非亏损,亏损
688553.SH,汇宇制药,23.02,55.91,1.8,2.62,5.92,4.86,1.41,0.0,83.15,25.92,141.81,29.24,,23.21,1.91,42.67,7.78
688557.SH,兰剑智能,24.89,23.62,1.88,4.86,5.74,3.55,1.25,0.0,29.74,7.62,-10.16,18.24,,37.34,1.3,9.72,8.67
688558.SH,国盛智科,22.6,25.56,1.86,5.89,6.2,5.17,1.76,0.0,24.17,12.66,-13.73,-5.65,,20.76,-4.52,8.68,7.29
688559.SH,海目星,51.37,90.1,3.22,4.5,6.59,1.71,0.28,0.0,26.06,4.33,-47.69,7.92,0.15,69.83,11.38,40.0,15.59
688560.SH,明冠新材,-173.96,-35.11,1.16,-0.6,-0.49,-1.34,,0.0,5.64,-1.84,-142.99,-34.72,,9.97,扣非亏损,扣非亏损,亏损
688561.SH,奇安信,-14.62,-245.06,2.54,-13.59,-12.27,-7.43,,0.0,55.82,-43.57,0.24,-26.47,17.56,38.94,扣非亏损,扣非亏损,亏损
688562.SH,航天软件,-71.72,-108.3,4.53,-6.04,-4.59,-3.69,0.19,0.0,19.7,-15.81,-1266.31,-53.16,,48.6,扣非亏损,扣非亏损,亏损
688565.SH,力源科技,-32.24,-13.2,2.32,-7.04,-5.25,-2.77,,0.0,8.14,-14.26,16.22,-10.93,,50.03,扣非亏损,扣非亏损,亏损
688566.SH,吉贝尔,21.94,22.53,2.26,8.18,8.55,8.37,,0.0,89.51,27.1,11.47,4.25,,9.26,5.3,5.51,5.13
688567.SH,孚能科技,-39.4,-27.64,1.58,-3.1,-2.97,-0.9,,0.0,13.66,-3.3,78.54,-17.98,,59.86,扣非亏损,扣非亏损,亏损
688568.SH,中科星图,181.82,144.59,9.8,1.96,4.1,3.56,0.39,0.0,47.49,11.44,24.94,43.44,9.15,43.42,3.33,147.87,88.69
688569.SH,铁科轨道,27.84,39.8,1.83,4.9,4.92,4.8,1.63,0.0,38.58,17.5,-54.39,-29.01,,14.44,-1.37,16.26,11.32
688570.SH,天玛智控,23.98,24.75,2.09,5.97,6.64,5.48,1.47,0.0,47.68,23.07,-18.46,-21.22,,22.28,-1.17,8.29,7.22
688571.SH,杭华股份,21.35,21.35,1.91,6.43,6.84,5.65,2.01,0.0,26.15,10.95,27.18,7.16,1.17,21.71,2.98,6.64,6.24
688573.SH,信宇人,-19.0,-61.52,2.14,-8.51,-7.85,-3.62,0.67,0.0,23.13,-25.88,-450.54,-31.66,,61.44,扣非亏损,扣非亏损,亏损
688575.SH,亚辉龙,36.33,41.89,3.99,7.97,8.3,5.74,1.19,0.0,63.69,13.83,19.01,-9.78,0.21,36.4,-4.28,10.51,8.75
688576.SH,西山科技,39.39,42.39,1.93,2.35,3.18,2.85,1.04,0.0,70.78,31.78,-18.92,-3.03,,6.12,-14.0,36.11,24.78
688577.SH,浙海德曼,132.57,228.84,3.05,1.02,1.94,1.56,0.64,0.0,25.4,3.19,-42.05,16.92,0.8,38.28,13.53,446.82,136.67
688579.SH,山大地纬,103.28,65.1,3.19,1.67,2.3,1.68,0.63,0.0,50.32,9.46,-8.59,8.82,,17.4,7.38,78.08,89.81
688580.SH,伟思医疗,29.08,30.58,1.88,4.21,4.8,4.26,2.36,0.0,71.08,26.79,-24.92,-12.06,4.3,9.19,-2.54,14.54,12.12
688581.SH,安杰思,18.98,18.98,2.18,8.51,8.73,8.09,1.16,0.0,72.13,46.21,36.52,23.53,,4.67,0.81,4.46,4.35
688582.SH,芯动联科,141.43,103.84,8.82,5.73,6.43,5.79,0.49,0.0,83.97,50.87,57.34,41.21,,2.79,2.52,36.21,43.99
688584.SH,上海合晶,132.44,141.07,3.42,2.02,1.76,2.11,,0.0,28.75,9.34,-62.28,-21.31,0.0,10.08,-6.62,139.68,150.5
688586.SH,江航装备,47.96,83.66,3.48,4.23,5.49,4.01,1.17,0.0,37.55,17.26,-34.47,-13.09,,28.65,-6.39,39.54,17.47
688588.SH,凌志软件,36.88,43.11,4.84,7.52,9.9,8.97,1.68,0.0,30.76,15.29,188.54,64.44,3.38,30.81,0.67,11.46,7.45
688589.SH,力合微,53.18,55.33,3.85,4.38,4.95,4.0,0.88,0.0,43.23,13.32,-38.89,-15.68,,29.42,-3.53,25.29,21.49
688590.SH,新致软件,95.87,113.52,3.03,1.36,2.21,1.92,0.35,0.0,26.02,1.9,-26.85,23.5,4.86,50.4,4.83,166.47,86.76
688591.SH,泰凌微,81.22,131.7,2.98,2.62,2.75,1.73,0.25,0.0,47.9,10.94,95.61,23.34,,4.67,5.64,100.53,59.07
688592.SH,司南导航,-249.21,141.92,2.65,-2.03,-0.78,-0.76,0.48,0.0,54.64,-4.17,-56.43,21.19,,17.45,6.7,扣非亏损,亏损
688593.SH,新相微,2421.54,-1310.51,7.06,0.18,0.22,-1.02,0.26,0.0,15.62,0.82,-91.3,-2.23,,13.62,扣非亏损,扣非转亏,22014.03
688595.SH,芯海科技,-34.55,-30.6,7.29,-14.15,-13.65,-8.44,,0.0,34.71,-22.27,-15.14,81.2,,44.05,扣非亏损,扣非亏损,亏损
688596.SH,正帆科技,26.72,26.33,3.56,9.78,10.42,4.45,0.72,0.0,27.17,10.44,54.67,45.23,2.19,62.57,0.58,5.39,5.13
688597.SH,煜邦电力,31.02,32.61,3.1,5.52,6.5,4.04,0.56,0.0,38.59,10.27,263.04,43.67,,50.16,0.75,11.81,9.54
688598.SH,金博股份,-30.07,-23.18,1.0,-3.01,-2.45,-2.5,,0.0,-6.83,-32.92,-393.59,-49.81,,12.89,扣非亏损,扣非亏损,亏损
688599.SH,天合光能,-50.32,-130.65,2.0,-3.53,-2.77,0.03,2.22,0.0,12.46,-1.19,-120.9,-22.16,0.45,74.57,扣非亏损,扣非亏损,亏损
688600.SH,皖仪科技,-60.47,-91.18,2.85,-4.83,-3.36,-1.96,0.99,0.0,47.44,-5.86,-513.3,-9.77,,38.74,扣非亏损,扣非亏损,亏损
688601.SH,力芯微,46.13,38.27,4.87,7.25,7.88,6.87,1.15,0.0,45.14,16.94,-14.92,-4.75,0.63,7.33,-8.06,10.56,11.71
688602.SH,康鹏科技,-176.96,-65.13,1.47,-2.15,-0.61,-1.06,0.59,0.0,12.51,-3.38,-171.59,-34.09,,16.36,扣非亏损,扣非亏损,亏损
688603.SH,天承科技,97.84,116.96,6.77,4.46,5.24,5.43,0.45,0.0,39.1,20.93,22.11,10.53,,6.77,11.11,52.48,37.34
688607.SH,康众医疗,79.93,119.69,1.57,0.45,1.48,1.57,0.26,0.0,42.91,6.44,160.74,7.77,,10.04,15.4,529.61,108.01
688608.SH,恒玄科技,73.4,133.31,4.41,3.77,4.62,3.93,0.1,0.0,33.76,11.69,351.55,58.12,,8.19,2.29,70.7,31.78
688609.SH,九联科技,-45.54,-35.91,6.85,-10.88,-10.75,-3.28,,0.0,11.82,-6.01,12.14,19.42,0.01,73.33,扣非亏损,扣非亏损,亏损
688610.SH,埃科光电,119.92,361.72,1.76,0.1,1.09,0.35,0.39,0.0,40.99,8.73,-52.65,12.23,,4.76,29.58,7037.39,220.04
688611.SH,杭州柯林,92.39,66.11,4.66,3.62,3.8,3.26,0.76,0.0,38.29,12.13,159.01,169.94,,15.31,0.39,36.56,48.63
688613.SH,奥精医疗,375.4,-99.49,1.72,-0.6,0.35,0.37,0.27,0.0,74.46,-0.55,-119.92,-19.22,1.96,7.53,扣非亏损,扣非亏损,2145.12
688615.SH,合合信息,65.58,,10.41,15.61,26.62,12.57,,0.0,84.36,29.21,8.45,21.02,,23.41,,,4.93
688616.SH,西力科技,20.79,24.92,2.56,7.84,9.13,8.13,2.2,0.0,29.57,15.96,35.12,32.71,,21.23,0.76,6.36,4.55
688617.SH,惠泰医疗,46.89,53.57,13.83,23.66,24.39,21.63,0.51,0.0,72.69,34.24,41.08,25.63,1.98,13.12,2.09,4.53,3.84
688618.SH,三旺通信,60.57,50.08,3.11,2.85,3.8,3.43,0.89,0.0,63.57,13.61,-62.03,-20.94,,18.56,-2.39,35.12,31.88
688619.SH,罗普特,-13.34,-12.04,1.73,-9.91,-9.21,-5.95,,0.0,15.97,-86.25,-844.16,-65.44,0.12,38.21,扣非亏损,扣非亏损,亏损
688620.SH,安凯微,-129.13,-160.41,2.61,-1.8,-1.48,-3.58,0.25,0.0,18.49,-6.05,-738.17,0.02,,13.8,扣非亏损,扣非亏损,亏损
688621.SH,阳光诺和,18.34,23.74,4.49,18.58,19.74,11.57,0.24,0.0,52.15,22.23,20.19,32.47,2.31,45.65,0.73,2.55,1.86
688622.SH,禾信仪器,-118.63,-45.16,8.45,-7.86,-5.22,-2.31,,0.0,39.54,-17.2,49.8,-40.08,,59.44,扣非亏损,扣非亏损,亏损
688625.SH,呈和科技,21.08,22.09,4.28,15.07,15.17,6.56,3.44,0.0,45.08,30.53,20.34,10.85,1.49,58.58,2.04,2.93,2.78
688626.SH,翔宇医疗,50.66,47.79,2.45,3.13,3.59,2.33,0.99,0.0,66.86,14.48,-60.88,-6.5,,27.15,-7.35,30.53,28.22
688627.SH,精智达,122.13,88.78,4.94,2.43,2.98,2.56,0.42,0.0,36.94,9.14,31.4,52.48,,11.62,1.69,73.16,81.97
688629.SH,华丰科技,-274.87,-281.14,12.45,-4.95,-3.29,-2.14,0.23,0.0,16.9,-7.12,-521.75,21.01,,45.85,扣非亏损,扣非亏损,亏损
688630.SH,芯碁微装,43.52,42.79,4.37,7.23,7.34,5.76,0.94,0.0,40.99,21.6,54.94,37.05,,23.77,1.15,11.84,11.86
688631.SH,莱斯信息,936.63,210.2,10.73,-0.24,0.84,-0.16,1.16,0.0,26.97,1.69,-140.74,-5.07,,46.85,-41.46,转盈,2230.06
688633.SH,星球石墨,30.22,37.46,2.57,5.34,6.32,4.38,1.44,0.0,43.15,21.84,-21.02,-18.89,,45.79,-1.98,14.03,9.56
688636.SH,智明达,-301.2,196.89,3.41,-1.28,-0.85,-0.9,0.32,0.0,49.74,-4.39,-146.91,-47.71,,27.5,-4.13,扣非亏损,亏损
688638.SH,誉辰智能,-18.91,-25.8,1.65,-6.74,-6.29,-3.94,0.23,0.0,9.25,-15.88,-303.56,-47.26,6.93,48.1,扣非亏损,扣非亏损,亏损
688639.SH,华恒生物,39.69,31.13,4.84,8.99,9.14,4.69,0.71,0.0,28.13,10.92,-47.41,12.82,,60.56,2.43,6.93,8.68
688648.SH,中邮科技,-39.49,-100.94,2.22,-4.73,-4.08,-3.11,0.61,0.0,13.08,-11.62,-1060.69,-49.35,,32.78,扣非亏损,扣非亏损,亏损
688651.SH,盛邦安全,-83.72,227.41,4.14,-4.47,-3.58,-4.44,0.13,0.0,75.32,-23.38,-67.1,7.55,1.05,14.39,30.13,扣非亏损,亏损
688652.SH,京仪装备,56.98,101.76,4.81,5.15,6.51,4.12,0.12,0.0,32.15,16.8,11.06,27.84,,45.38,3.66,39.54,17.51
688653.SH,康希通信,-157.28,-189.23,4.47,-2.54,-2.11,-2.77,,0.0,20.81,-8.97,-3048.28,34.04,,5.9,扣非亏损,扣非亏损,亏损
688655.SH,迅捷兴,844.96,-536.21,2.33,-0.7,0.21,0.31,0.5,0.0,18.45,0.41,-209.72,2.87,0.27,37.55,扣非亏损,扣非亏损,8047.2
688656.SH,浩欧博,204.47,210.07,8.98,3.13,3.27,3.27,1.15,0.0,64.35,8.65,-25.87,2.29,,19.62,91.65,134.18,125.06
688657.SH,浩辰软件,68.26,84.18,2.26,2.12,2.47,1.49,1.21,0.0,91.31,17.56,-27.82,1.77,,4.93,47.61,79.3,55.27
688658.SH,悦康药业,36.19,51.66,2.76,5.57,5.77,4.23,0.96,0.0,60.38,6.96,45.9,1.15,,38.84,44.84,18.55,12.54
688659.SH,元琛科技,147.92,-52.99,2.19,0.38,1.1,1.23,,0.0,27.39,1.48,153.27,32.77,,57.72,扣非亏损,扣非转亏,268.94
688660.SH,电气风电,-21.67,-11.9,2.55,-8.58,-8.46,-1.46,,0.0,17.08,-15.22,34.44,-47.08,0.13,79.88,扣非亏损,扣非亏损,亏损
688661.SH,和林微纳,-325.83,-231.79,3.81,-1.56,-0.87,-1.72,0.17,0.0,19.09,-2.82,45.29,104.97,0.52,14.58,扣非亏损,扣非亏损,亏损
688662.SH,富信科技,79.62,110.07,5.16,4.68,4.93,3.22,,0.0,26.69,8.48,328.79,24.97,,29.15,4.41,47.07,32.3
688663.SH,新风光,20.97,20.92,2.5,8.63,9.07,4.63,1.78,0.0,26.14,10.76,1.32,11.14,,50.95,1.88,4.85,4.62
688665.SH,四方光电,39.57,37.0,3.32,6.02,6.28,4.92,1.17,0.0,41.45,11.44,-40.83,19.59,2.76,27.42,1.89,12.29,12.6
688667.SH,菱电电控,205.55,328.19,1.38,0.16,0.51,0.16,0.35,0.0,20.94,0.98,-91.27,18.7,,19.85,17.55,4135.98,806.09
688668.SH,鼎通科技,55.56,68.57,3.28,4.06,4.42,4.02,0.9,0.0,28.39,11.14,56.1,43.24,,14.53,1.59,33.74,25.14
688669.SH,聚石化学,-127.72,-20.02,1.04,-0.77,-0.61,1.05,1.07,0.0,11.93,-0.16,-127.61,4.83,4.28,67.65,扣非亏损,扣非亏损,亏损
688670.SH,金迪克,-24.59,-15.38,1.33,-4.58,-3.98,-3.97,,0.0,65.36,-137.44,-205.36,-67.81,,15.44,扣非亏损,扣非亏损,亏损
688671.SH,碧兴物联,-110.43,-80.75,1.48,-1.74,-1.0,-1.35,0.26,0.0,28.31,-6.74,-272.01,-27.01,,18.49,扣非亏损,扣非亏损,亏损
688676.SH,金盘科技,31.33,31.14,3.94,10.11,10.6,5.44,1.26,0.0,24.21,8.34,18.89,0.53,,54.53,58.21,6.16,5.91
688677.SH,海泰新光,36.74,41.65,3.72,6.93,7.54,7.54,1.03,0.0,65.74,30.26,-19.6,-15.3,,8.24,-2.72,12.02,9.75
688678.SH,福立旺,36.02,36.22,2.06,3.28,4.15,2.55,1.63,0.0,27.41,6.92,34.13,28.58,1.7,53.59,1.27,22.06,17.36
688681.SH,科汇股份,62.62,68.45,2.29,2.37,2.76,2.12,0.65,0.0,46.34,5.44,738.61,23.72,,24.93,2.89,57.85,45.38
688683.SH,莱尔科技,88.53,108.08,3.18,2.2,2.72,2.21,0.25,0.0,23.75,7.64,5.08,12.3,2.59,20.24,8.79,98.17,65.1
688685.SH,迈信林,119.34,186.37,8.01,4.46,5.12,3.24,0.26,0.0,35.37,11.7,187.43,38.0,0.12,62.08,4.9,83.6,46.62
688687.SH,凯因科技,33.54,35.02,2.66,6.17,6.04,5.25,0.72,0.0,81.94,12.5,16.26,0.82,,29.1,42.47,11.35,11.11
688689.SH,银河微电,53.68,111.84,2.75,2.07,3.43,3.51,0.73,0.0,26.91,6.79,-11.24,21.9,0.05,35.82,5.11,107.96,31.3
688690.SH,纳微科技,154.66,231.88,5.06,1.57,2.47,2.19,0.18,0.0,71.06,7.51,27.32,21.85,10.31,17.96,10.61,294.73,125.23
688691.SH,灿芯股份,71.35,85.58,5.67,6.4,7.22,4.72,,0.0,28.13,9.5,-43.88,-14.16,,20.29,-6.05,26.73,19.76
688693.SH,锴威特,-60.07,-58.54,3.12,-4.61,-3.77,-4.44,0.38,-26.24,44.01,-40.88,-430.25,-43.37,,5.76,扣非亏损,扣非亏损,亏损
688695.SH,中创股份,249.5,,4.13,1.28,1.48,1.48,,0.0,87.75,9.86,,30.09,,3.73,,,337.16
688696.SH,极米科技,-100.23,-141.31,1.82,-2.11,-1.34,-1.51,0.27,0.0,28.77,-1.78,-252.46,-5.8,0.7,43.62,扣非亏损,扣非亏损,亏损
688697.SH,纽威数控,19.68,22.28,3.64,12.44,13.74,6.83,3.19,0.0,25.47,12.41,-3.74,5.45,,58.92,4.09,3.58,2.86
688699.SH,明微电子,596.61,-195.07,3.57,-1.14,0.43,0.31,,0.0,26.33,1.25,85.63,-12.59,,16.8,扣非亏损,扣非亏损,2774.93
688700.SH,东威科技,101.23,164.98,5.33,3.4,3.95,2.8,0.41,0.0,38.75,11.8,-57.34,-20.68,,31.29,-7.98,96.91,51.26
688701.SH,卓锦股份,-16.08,-8.57,3.81,-16.45,-16.32,-5.81,,0.0,12.58,-22.76,24.67,-31.78,,60.78,扣非亏损,扣非亏损,亏损
688702.SH,盛科通信,-284.03,-156.7,12.45,-4.49,-3.23,-2.37,,0.0,38.95,-9.44,-952.63,-7.95,,18.85,扣非亏损,扣非亏损,亏损
688707.SH,振华新材,-14.74,-23.27,1.41,-7.92,-7.09,-4.21,0.24,0.0,-11.82,-22.7,-920.17,-72.37,,42.0,扣非亏损,扣非亏损,亏损
688709.SH,成都华微,132.55,98.56,5.62,2.85,3.6,3.15,,0.0,77.17,22.11,-67.22,-32.78,,19.18,-3.01,69.27,73.64
688710.SH,益诺思,34.38,,2.57,6.05,7.55,4.61,,0.0,36.29,14.1,,10.46,,26.91,,,9.11
688711.SH,宏微科技,781.15,530.83,3.88,-0.9,0.35,0.19,0.22,0.0,15.37,-0.04,-112.28,-13.72,0.74,56.2,-38.7,转盈,4463.69
688716.SH,中研股份,77.59,81.85,2.6,1.69,2.55,2.18,0.51,0.0,40.13,15.45,-14.08,2.67,,6.35,30.65,97.11,60.85
688717.SH,艾罗能源,46.03,60.39,2.19,2.92,3.63,1.59,,0.0,37.26,6.67,-87.19,-39.93,,30.65,-1.51,41.43,25.36
688718.SH,唯赛勃,46.91,59.81,2.44,3.35,3.86,3.27,0.77,0.0,34.99,9.99,-24.9,-1.97,,11.72,-30.38,35.67,24.3
688721.SH,龙图光罩,90.38,94.02,7.29,8.19,10.97,8.06,,0.0,57.9,38.28,16.27,15.9,,8.26,5.92,22.97,16.48
688722.SH,同益中,28.16,30.52,2.37,6.12,6.46,6.16,0.59,0.0,36.9,19.74,-36.66,-17.57,1.41,10.55,-1.74,9.98,8.72
688726.SH,拉普拉斯,32.92,,9.28,21.71,23.75,6.17,,0.0,30.64,13.46,358.36,195.67,,72.53,,,2.77
688728.SH,格科微,4070.96,870.27,5.78,-0.56,0.1,0.81,0.03,0.0,23.37,0.18,-34.52,40.35,,65.24,21.57,转盈,81419.1
688733.SH,壹石通,206.27,-494.21,1.84,-0.48,0.66,0.69,0.34,0.0,24.4,3.79,2.57,7.86,,28.99,扣非亏损,扣非亏损,625.07
688737.SH,中自科技,-103.29,-44.22,1.06,-2.29,-0.75,-0.5,,0.0,9.54,-1.21,-466.12,-5.93,,31.87,扣非亏损,扣非亏损,亏损
688739.SH,成大生物,26.67,39.53,1.23,3.26,3.44,3.63,2.46,0.0,82.92,25.31,-27.09,-2.4,,4.82,-16.48,24.26,15.5
688767.SH,博拓生物,27.46,38.55,1.37,3.39,3.74,2.73,2.64,0.0,48.31,22.28,6.98,24.51,,5.97,1.57,22.76,14.68
688768.SH,容知日新,826.64,36.98,3.73,0.26,0.34,-0.96,0.31,0.0,61.87,0.79,109.41,14.27,,22.77,2.59,285.23,4862.56
688772.SH,珠海冠宇,57.14,106.01,3.09,2.58,3.82,0.6,1.23,0.0,25.84,1.85,-17.62,-0.27,0.13,67.4,-398.84,82.14,29.91
688776.SH,国光电气,131.32,103.8,4.06,2.08,2.34,1.66,0.21,0.0,35.1,9.53,-20.29,-21.35,,22.43,-4.86,99.69,112.24
688777.SH,中控技术,42.27,39.09,4.05,6.62,7.21,3.95,1.54,0.0,32.85,11.48,15.09,11.58,1.81,41.88,3.37,11.81,11.72
688778.SH,厦钨新能,47.99,53.57,2.72,3.97,4.26,2.93,1.77,0.0,9.66,3.69,-7.32,-24.69,,39.19,-2.17,27.01,22.53
688779.SH,五矿新能,-53.19,-29.6,1.73,-2.79,-2.31,-0.05,,0.0,5.2,-4.57,-960.77,-54.9,,43.09,扣非亏损,扣非亏损,亏损
688786.SH,悦安新材,41.78,44.14,4.43,7.38,7.97,6.91,1.35,0.0,34.93,17.97,-3.71,15.74,0.14,19.65,2.8,11.96,10.48
688787.SH,海天瑞声,813.11,-1422.24,5.57,-0.26,0.49,0.73,,0.0,66.83,2.53,95.44,44.9,,5.22,扣非亏损,扣非亏损,3318.82
688788.SH,科思科技,-12.88,-13.9,1.46,-8.17,-8.13,-8.94,,0.0,49.3,-109.96,-5.63,19.63,0.71,6.36,扣非亏损,扣非亏损,亏损
688793.SH,倍轻松,156.08,-108.81,7.2,2.34,3.18,2.08,,0.0,63.21,1.57,142.17,-11.16,,48.47,扣非亏损,扣非转亏,98.16
688798.SH,艾为电子,73.61,65.02,4.52,3.63,4.74,3.72,0.07,0.0,29.69,7.52,161.11,32.71,,21.78,1.99,35.8,31.06
688799.SH,华纳药厂,18.61,21.89,2.09,7.46,8.79,6.59,1.84,0.0,62.34,13.03,-9.92,1.28,1.7,19.85,17.04,5.87,4.23
688800.SH,瑞可达,48.25,49.76,3.36,5.03,5.36,3.42,0.25,0.0,22.01,6.77,15.54,52.75,,47.38,0.94,19.79,18.0
688819.SH,天能股份,14.92,19.02,1.83,6.5,9.37,4.51,2.33,0.0,16.59,4.56,-25.68,-6.21,0.0,64.27,-3.07,5.85,3.19
688981.SH,中芯国际,221.67,250.19,5.53,1.53,1.9,0.59,,0.0,17.64,7.72,-3.19,26.53,,33.44,9.43,326.47,233.34
689009.SH,九号公司,26.06,33.61,5.56,16.28,17.14,8.75,0.96,0.0,29.68,8.89,169.52,44.9,2.19,56.9,0.75,4.13,3.04
830809.BJ,安达科技,-6.59,-5.87,2.34,-24.26,-23.82,-11.47,,0.0,-11.32,-47.73,-36.66,-56.93,,59.02,扣非亏损,扣非亏损,亏损
830832.BJ,齐鲁华信,85.62,135.11,1.47,1.07,1.28,1.05,1.39,0.0,15.63,2.66,4.98,27.77,,28.69,4.87,252.57,133.79
830839.BJ,万通液压,20.55,23.33,3.76,12.9,13.95,12.17,3.22,0.0,27.12,17.05,24.68,-15.44,,23.91,-1.51,3.62,2.95
830896.BJ,旺成科技,63.67,73.81,4.6,5.1,5.41,4.13,1.6,0.0,20.93,8.72,-17.83,-4.65,,29.96,-15.86,28.95,23.54
830946.BJ,森萱医药,43.6,45.33,4.58,7.62,7.93,6.75,1.6,0.0,43.54,24.11,-11.13,-12.76,,6.75,-3.55,11.9,11.0
830964.BJ,润农节水,114.29,127.24,3.49,1.96,2.3,2.11,1.17,0.0,18.13,4.44,-22.74,3.63,1.9,31.64,35.07,129.98,99.38
830974.BJ,凯大催化,75.2,59.57,2.47,1.48,2.42,1.74,1.43,0.0,2.91,2.0,209.43,-29.87,,22.87,-1.99,80.71,62.15
831010.BJ,凯添燃气,38.24,63.62,2.93,5.2,5.84,5.03,0.87,0.0,20.96,10.51,-22.75,0.2,0.22,32.34,324.08,24.46,13.09
831039.BJ,国义招标,29.91,34.87,3.15,6.64,7.05,4.16,3.05,0.0,48.56,18.83,-24.68,-14.33,,40.84,-2.43,10.51,8.49
831087.BJ,秋乐种业,198.58,45.86,4.7,-0.95,1.73,0.87,1.72,0.0,20.28,5.64,-137.39,-28.63,,41.46,-1.6,转盈,229.57
831152.BJ,昆工科技,-133.18,-57.61,4.64,-4.96,-2.56,-0.86,0.17,0.0,6.37,-2.69,-321.1,16.04,,63.61,扣非亏损,扣非亏损,亏损
831167.BJ,鑫汇科,74.97,135.25,5.19,3.86,5.2,1.68,1.03,0.0,15.28,2.78,-20.93,3.13,3.6,53.5,43.27,70.08,28.83
831175.BJ,派诺科技,299.25,52.39,2.17,0.22,0.54,0.46,0.86,0.0,41.95,1.56,-89.62,-6.21,0.49,26.46,-8.43,484.45,1108.32
831195.BJ,三祥科技,27.39,30.14,2.19,5.71,6.1,5.72,0.9,0.0,35.63,6.47,-20.17,12.55,,45.47,2.4,10.56,8.98
831278.BJ,泰德股份,50.94,56.66,4.27,6.42,6.35,4.6,1.52,0.0,27.13,9.19,585.33,23.74,3.63,36.55,2.39,17.65,16.04
831304.BJ,迪尔化工,20.07,21.43,4.0,15.3,15.51,13.42,1.96,0.0,20.77,12.37,54.67,7.33,,33.66,2.92,2.8,2.59
831370.BJ,新安洁,-34.89,-35.86,2.52,-4.27,-5.27,-4.17,,0.0,12.08,-10.85,-66.27,-17.53,2.57,20.27,扣非亏损,扣非亏损,亏损
831396.BJ,许昌智能,67.33,50.77,3.84,4.37,5.56,2.42,3.99,0.0,24.62,5.94,-4.73,4.42,,44.62,11.49,23.22,24.22
831445.BJ,龙竹科技,55.73,148.14,3.76,2.95,4.89,4.11,3.06,0.0,27.84,8.15,25.32,-6.98,,26.22,-21.22,100.27,22.79
831526.BJ,凯华材料,147.64,217.51,15.87,6.31,8.22,8.37,0.37,0.0,31.09,19.93,1.34,12.12,,6.71,17.95,68.9,35.92
831627.BJ,力王股份,104.69,122.83,6.14,4.04,4.34,2.58,2.45,0.0,14.51,3.61,-26.38,20.62,0.07,41.16,5.96,60.74,48.24
831641.BJ,格利尔,918.55,-162.96,4.08,-0.11,0.33,1.13,1.49,0.0,17.43,0.92,-101.98,1.38,,41.86,扣非亏损,扣非亏损,5566.98
831689.BJ,克莱特,23.37,26.88,3.26,9.96,10.53,7.48,3.09,0.0,31.35,12.1,0.81,3.84,,36.61,7.01,5.4,4.44
831726.BJ,朱老六,97.9,179.52,5.17,3.79,4.02,4.48,1.87,0.0,25.04,10.48,-27.63,-8.05,,8.59,-22.29,94.66,48.71
831768.BJ,拾比佰,-116.49,-138.31,1.64,-1.15,-1.05,-0.43,,0.0,6.83,-0.58,81.42,60.69,,49.21,扣非亏损,扣非亏损,亏损
831832.BJ,科达自控,67.49,44.37,3.15,2.34,3.56,2.56,1.12,0.0,40.76,7.99,28.5,13.84,0.16,49.6,3.21,37.99,37.91
831855.BJ,浙江大农,31.53,32.26,1.94,4.61,4.62,3.19,2.11,0.0,28.97,13.21,-21.11,5.34,,18.06,6.04,13.99,13.65
831856.BJ,浩淼科技,-233.37,-77.5,2.16,-0.88,-0.7,-0.6,,0.0,15.75,-1.3,-158.26,-21.75,,40.55,扣非亏损,扣非亏损,亏损
831906.BJ,舜宇精工,728.21,196.67,2.55,-0.77,0.26,0.48,0.43,0.0,17.85,0.54,-122.09,-13.3,,59.54,-14.79,转盈,5601.65
831961.BJ,创远信科,1449.4,-305.26,4.92,-2.84,0.26,-0.7,0.36,0.0,52.98,0.53,-426.75,-11.54,,36.86,扣非亏损,扣非亏损,11149.26
832023.BJ,田野股份,50.0,70.09,1.72,2.4,2.59,2.35,0.28,0.0,22.66,8.46,43.1,13.52,,23.43,5.18,58.32,38.61
832089.BJ,禾昌聚合,18.45,19.21,2.05,8.41,8.64,5.8,0.67,0.0,16.13,8.17,5.23,12.3,,42.05,1.56,4.57,4.27
832110.BJ,雷特科技,28.46,31.96,3.26,7.71,8.52,7.93,3.57,0.0,45.58,20.48,37.12,19.33,,9.69,1.65,8.29,6.68
832145.BJ,恒合股份,-73.09,-90.59,3.47,-3.57,-3.5,-5.12,,0.0,21.39,-29.29,-3.41,23.6,,7.57,扣非亏损,扣非亏损,亏损
832149.BJ,利尔达,-93.78,-93.89,8.14,-7.31,-6.35,-1.93,,0.0,13.42,-3.38,-485.26,-12.79,,64.63,扣非亏损,扣非亏损,亏损
832171.BJ,志晟信息,-52.93,-31.32,9.91,-11.88,-13.12,-8.5,,0.0,28.11,-71.73,-33.79,-40.12,,32.75,扣非亏损,扣非亏损,亏损
832175.BJ,东方碳素,-31.77,-66.76,1.87,-4.2,-4.28,-2.38,0.8,0.0,15.99,-14.99,-169.58,-11.71,,44.33,扣非亏损,扣非亏损,亏损
832225.BJ,利通科技,21.17,19.59,3.05,10.5,11.22,9.68,0.94,0.0,41.62,20.76,-31.6,-7.22,,22.17,-2.72,3.73,3.77
832278.BJ,鹿得医疗,66.01,75.13,4.15,4.5,4.7,3.63,1.15,0.0,25.07,7.84,-32.51,-1.44,,22.62,-52.24,33.42,28.09
832419.BJ,路斯股份,19.15,20.68,2.85,11.39,11.57,8.98,0.61,0.0,22.95,10.52,21.66,14.75,,21.71,1.4,3.63,3.31
832469.BJ,富恒新材,31.43,39.8,4.03,8.09,9.94,5.94,0.84,0.0,15.94,8.2,1.9,45.86,,55.94,0.87,9.84,6.32
832471.BJ,美邦科技,60.77,78.22,2.57,2.76,3.14,2.72,2.44,0.0,17.97,6.11,32.16,15.78,,33.66,4.96,56.64,38.71
832491.BJ,奥迪威,44.25,54.35,4.08,6.5,7.09,5.83,1.05,0.0,35.16,15.11,1.05,32.67,,13.74,1.66,16.71,12.48
832522.BJ,纳科诺尔,23.09,31.11,4.55,15.21,15.81,7.61,1.32,0.0,26.59,17.64,31.97,19.58,,51.38,1.59,4.09,2.92
832566.BJ,梓橦宫,25.28,23.38,2.56,6.61,7.6,7.36,3.71,0.0,79.64,18.82,-10.46,0.66,2.14,14.25,35.3,7.08,6.65
832651.BJ,天罡股份,25.73,30.0,2.91,7.41,8.36,6.69,6.87,0.0,49.46,21.46,-14.67,-2.78,,31.05,-10.78,8.1,6.16
832662.BJ,方盛股份,53.5,61.59,3.92,4.67,5.51,4.13,1.27,0.0,22.65,10.08,-57.6,-8.5,0.15,24.81,-7.25,26.38,19.42
832735.BJ,德源药业,18.32,17.5,2.7,10.89,11.62,10.8,1.12,0.0,84.37,17.66,48.65,23.67,,20.66,0.74,3.21,3.15
832786.BJ,骑士乳业,163.61,40.41,2.86,7.49,1.28,2.72,2.48,0.0,24.26,1.59,-21.97,-5.52,,60.9,-7.32,10.79,255.65
832802.BJ,保丽洁,66.46,82.37,2.96,2.84,3.35,3.06,1.22,0.0,32.37,10.43,13.29,15.3,2.83,20.06,5.38,58.03,39.68
832885.BJ,星辰科技,190.45,242.99,8.17,2.57,3.24,1.9,0.36,0.0,42.1,12.14,116.9,10.21,,25.63,23.81,189.4,117.56
832978.BJ,开特股份,24.44,26.65,4.89,13.92,14.96,11.27,3.55,0.0,32.48,17.1,15.83,20.99,,38.1,1.27,3.83,3.27
833030.BJ,立方控股,-29.6,-55.92,3.37,-8.98,-7.94,-6.86,1.31,0.0,50.06,-25.67,-470.47,-38.31,,23.25,扣非亏损,扣非亏损,亏损
833075.BJ,柏星龙,33.21,35.2,4.26,8.69,9.69,6.92,2.89,0.0,34.36,8.53,25.74,22.4,,35.83,1.57,8.1,6.85
833171.BJ,国航远洋,40.1,100.86,3.06,4.0,5.89,4.8,,0.0,20.27,11.99,2709.12,1.47,,60.23,68.62,50.4,13.62
833230.BJ,欧康医药,68.99,85.84,4.39,4.5,4.84,5.03,1.4,0.0,20.52,8.6,65.51,31.83,,16.86,2.7,38.13,28.51
833266.BJ,生物谷,671.59,-74.69,1.6,-0.26,0.18,0.26,,0.0,76.37,0.43,36.03,-10.46,,17.53,扣非亏损,扣非亏损,7462.09
833284.BJ,灵鸽科技,-152.61,-167.53,4.03,-3.3,-1.95,-1.3,0.21,0.0,25.68,-4.64,-191.19,-27.06,,40.78,扣非亏损,扣非亏损,亏损
833346.BJ,威贸电子,66.36,77.95,6.21,6.25,7.08,6.47,1.98,0.0,30.5,16.35,1.69,8.11,,13.0,9.61,24.94,18.75
833394.BJ,民士达,41.14,51.7,5.66,9.51,10.56,8.85,1.06,0.0,37.53,23.73,27.3,9.1,,18.82,5.68,10.88,7.79
833427.BJ,华维设计,143.51,282.48,4.0,0.97,2.01,1.48,3.39,0.0,29.0,15.26,-85.61,-47.02,,29.28,-6.01,583.88,142.8
833429.BJ,康比特,27.35,26.66,2.87,7.95,7.97,6.9,1.44,0.0,40.18,8.48,27.25,29.84,,24.25,0.89,6.71,6.86
833454.BJ,同心传动,89.26,102.83,5.71,3.99,4.6,4.62,1.14,0.0,30.63,16.59,-11.08,-26.05,,17.49,-3.95,51.55,38.81
833455.BJ,汇隆活塞,45.22,63.87,5.12,5.89,8.47,9.31,5.31,0.0,36.49,28.46,-2.33,7.08,,5.45,9.02,21.68,10.68
833509.BJ,同惠电子,92.38,99.61,10.62,7.74,8.28,7.61,2.09,0.0,55.64,21.27,12.35,13.9,,12.2,7.16,25.76,22.31
833523.BJ,德瑞锂电,20.37,22.35,5.24,21.29,21.0,17.9,1.26,0.0,42.76,27.63,222.46,56.45,,30.29,0.4,2.1,1.94
833575.BJ,康乐卫士,-16.26,-16.86,9.39,-35.95,-35.68,-18.2,,0.0,95.72,-44461.75,-16.71,-61.4,,58.24,扣非亏损,扣非亏损,亏损
833580.BJ,科创新材,135.48,170.35,4.29,1.98,2.36,2.46,1.47,0.0,30.82,10.53,-49.29,1.68,,11.9,101.55,172.38,114.81
833751.BJ,惠同新材,35.96,39.65,4.0,8.32,8.44,8.48,2.83,0.0,35.41,18.75,32.57,15.44,,7.59,2.57,9.53,8.52
833781.BJ,瑞奇智造,66.68,78.26,3.43,3.61,3.88,2.48,0.73,0.0,19.45,5.4,-30.65,28.45,,42.5,2.75,43.33,34.37
833819.BJ,颖泰生物,-20.83,-17.67,1.02,-3.79,-3.54,-0.63,4.35,0.0,11.44,-4.7,-243.01,-1.54,8.58,56.45,扣非亏损,扣非亏损,亏损
833873.BJ,中设咨询,-14.29,-18.71,3.28,-16.05,-15.84,-13.42,,0.0,-41.96,-139.3,-239.72,-53.8,0.68,20.56,扣非亏损,扣非亏损,亏损
833914.BJ,远航精密,32.08,56.75,2.03,4.2,4.79,4.63,0.77,0.0,14.98,6.94,33.89,-3.72,,18.12,-15.24,27.01,13.4
833943.BJ,优机股份,29.92,31.22,3.18,7.35,8.13,5.36,1.29,0.0,27.05,8.25,-18.78,-0.21,6.85,40.67,-146.11,8.5,7.36
834014.BJ,特瑞斯,30.97,31.41,2.09,4.56,5.06,3.13,1.64,0.0,33.88,8.93,1.81,2.12,,37.01,14.8,13.77,12.24
834021.BJ,流金科技,-387.82,-423.04,4.33,-1.23,-0.83,-0.56,0.35,0.0,21.15,-1.74,-258.6,-4.56,0.02,40.2,扣非亏损,扣非亏损,亏损
834033.BJ,康普化学,31.55,29.74,4.64,11.24,11.34,10.9,0.88,0.0,44.82,27.83,-26.72,-17.38,,16.73,-1.71,5.29,5.56
834062.BJ,科润智控,49.21,43.39,2.45,3.41,3.77,2.38,1.39,0.0,16.15,3.07,-22.91,15.49,,60.2,2.8,25.46,26.11
834261.BJ,一诺威,23.73,25.99,2.41,7.17,7.65,4.98,3.0,0.0,5.81,2.22,29.51,8.67,,41.08,3.0,7.25,6.2
834407.BJ,驰诚股份,49.73,46.78,4.42,5.21,6.67,6.74,1.43,0.0,46.43,12.51,51.9,9.81,0.11,18.71,4.77,17.97,14.91
834415.BJ,恒拓开源,262.8,354.59,6.83,0.61,1.95,2.06,1.1,0.0,47.58,8.67,0.08,-4.49,8.7,16.0,-79.06,1162.39,269.54
834475.BJ,三友科技,112.34,126.88,3.63,2.77,2.41,1.87,1.15,0.0,16.51,2.47,-68.04,14.7,,33.05,8.63,91.64,93.23
834599.BJ,同力股份,11.95,11.95,2.68,16.87,17.64,8.65,4.73,0.0,22.92,10.5,5.6,0.38,,61.08,31.73,1.42,1.35
834639.BJ,晨光电缆,33.97,53.37,1.91,4.02,4.25,2.42,1.79,0.0,13.7,2.43,-18.52,14.88,,55.13,3.59,26.53,15.98
834682.BJ,球冠电缆,24.21,21.58,2.61,7.77,8.13,5.03,4.47,0.0,10.59,3.31,14.77,27.39,,58.72,0.79,5.55,5.95
834765.BJ,美之高,52.12,56.67,3.45,4.38,4.84,3.92,3.26,0.0,25.71,4.14,6.7,25.2,,32.5,2.25,25.89,21.54
834770.BJ,艾能聚,60.19,81.79,5.6,7.29,7.17,6.37,2.84,0.0,54.06,32.37,-21.04,-56.44,,29.07,-1.45,22.45,16.79
834950.BJ,迅安科技,24.72,27.44,5.04,15.21,15.65,14.43,2.81,0.0,41.61,25.96,7.52,5.27,,16.59,5.21,3.61,3.16
835174.BJ,五新隧装,20.98,19.06,3.49,12.42,13.27,9.52,1.5,0.0,36.67,15.56,-17.57,-14.11,,33.25,-1.35,3.07,3.16
835179.BJ,凯德石英,72.51,79.94,3.93,4.09,4.15,4.26,0.43,0.0,45.0,15.68,-1.91,25.52,2.78,23.02,3.13,39.05,34.94
835184.BJ,国源科技,122.79,162.74,4.07,2.28,2.52,2.28,,0.0,45.1,7.74,99.53,24.77,,6.23,6.57,142.48,97.45
835185.BJ,贝特瑞,34.28,31.9,2.59,5.8,5.68,3.11,1.75,0.0,22.3,6.57,-47.64,-49.44,,55.96,-0.65,11.0,12.07
835207.BJ,众诚科技,-54.07,-73.1,6.53,-9.88,-8.52,-5.09,0.7,0.0,17.8,-10.95,-307.15,24.52,,45.22,扣非亏损,扣非亏损,亏损
835237.BJ,力佳科技,27.79,30.13,3.85,10.22,10.76,8.93,1.73,0.0,34.02,17.43,73.92,-2.88,0.0,23.95,-10.46,5.89,5.17
835305.BJ,云创数据,-75.71,-39.5,3.93,-3.49,-3.82,-2.02,,0.0,22.88,-19.69,-14.59,-17.29,,23.57,扣非亏损,扣非亏损,亏损
835368.BJ,连城数控,20.88,18.69,2.53,8.64,9.41,2.95,0.71,0.0,30.36,9.37,-7.51,7.31,0.83,58.96,2.56,4.33,4.44
835508.BJ,殷图网联,-208.14,-611.5,11.28,-3.93,-3.88,-4.07,1.47,0.0,37.1,-19.27,-233.42,3.71,,23.39,扣非亏损,扣非亏损,亏损
835579.BJ,机科股份,289.87,105.84,6.03,1.46,1.52,0.85,1.16,0.0,19.93,2.89,-32.15,3.03,,53.87,34.95,145.23,381.4
835640.BJ,富士达,119.31,117.45,6.71,3.63,4.22,3.19,1.53,0.0,32.93,7.89,-72.92,-15.74,,36.21,-7.46,64.67,56.55
835670.BJ,数字人,-209.21,-107.9,8.63,-5.79,-3.0,-3.05,0.39,0.0,69.36,-25.9,-211.62,-58.07,,9.07,扣非亏损,扣非亏损,亏损
835857.BJ,百甲科技,130.52,113.03,2.05,0.76,1.18,1.36,0.41,0.0,17.39,1.25,-73.27,-8.16,,54.48,-13.85,295.88,221.22
835892.BJ,中科美菱,108.48,439.63,2.82,0.44,1.95,1.03,0.78,0.0,39.46,5.5,17.36,-5.09,,16.99,-86.43,1998.77,111.26
835985.BJ,海泰新能,21.16,22.26,3.28,10.72,11.71,5.55,2.47,0.0,22.91,6.08,95.42,-14.72,,68.62,-1.51,4.16,3.61
836077.BJ,吉林碳谷,77.34,-325.23,3.41,2.13,3.3,2.76,0.6,0.0,17.15,7.04,-83.11,-31.61,,57.16,扣非亏损,扣非转亏,46.87
836149.BJ,旭杰科技,271.88,212.56,7.61,1.31,2.14,1.48,0.62,0.0,14.48,-0.1,61.62,-13.73,,74.82,-15.48,324.96,254.1
836208.BJ,青矩技术,29.22,22.69,4.24,10.21,10.95,8.83,6.69,0.0,46.38,17.8,0.13,-4.35,3.45,28.38,-5.22,4.45,5.34
836239.BJ,长虹能源,29.41,114.55,6.54,16.57,18.31,4.73,,0.0,16.58,5.94,160.16,39.11,9.72,78.83,2.93,13.83,3.21
836247.BJ,华密新材,94.87,103.53,8.96,6.64,7.21,6.79,0.68,0.0,30.68,10.76,-22.65,-0.52,,20.72,-197.87,31.18,26.32
836260.BJ,中寰股份,28.38,29.32,2.96,7.32,7.8,6.76,3.1,0.0,35.92,18.15,7.45,-7.7,,22.55,-3.81,8.01,7.28
836263.BJ,中航泰达,23.92,19.64,2.46,7.78,7.78,5.12,1.8,0.0,23.81,16.19,-22.51,-23.25,,42.58,-0.84,5.05,6.15
836270.BJ,天铭科技,24.27,28.14,3.78,11.28,11.54,10.54,3.11,0.0,42.69,26.4,9.95,1.34,,13.92,21.0,4.99,4.21
836414.BJ,欧普泰,-941.86,940.81,3.98,-0.96,-0.31,-0.2,0.26,0.0,38.98,-1.37,-113.95,-47.78,,15.28,-19.69,扣非亏损,亏损
836419.BJ,万德股份,31.31,35.34,2.11,4.24,4.97,4.46,2.61,0.0,18.63,6.31,-29.84,2.85,,19.29,12.42,16.68,12.6
836422.BJ,润普食品,111.86,-882.89,2.61,1.37,1.7,1.06,2.25,0.0,10.04,1.98,-61.93,-6.21,1.3,14.14,扣非亏损,扣非转亏,131.6
836433.BJ,大唐药业,149.46,1662.36,4.32,1.45,2.14,1.74,1.33,0.0,72.16,6.56,4.45,6.64,,27.61,250.37,2297.5,139.68
836504.BJ,博迅生物,96.59,67.66,5.47,3.65,4.05,3.49,4.79,0.0,39.84,9.71,-48.71,-17.92,,25.29,-3.78,37.05,47.7
836547.BJ,无锡晶海,40.92,51.55,3.19,5.16,6.04,4.99,0.98,0.0,29.81,15.09,-36.2,-15.68,,18.33,-3.29,19.98,13.55
836675.BJ,秉扬科技,30.33,29.99,3.38,8.45,8.54,6.76,2.62,0.0,18.63,10.71,0.75,35.0,,32.02,0.86,7.1,7.1
836699.BJ,海达尔,25.69,29.6,6.61,17.96,19.08,14.13,3.82,0.0,28.56,18.56,161.55,55.13,,39.92,0.54,3.3,2.69
836717.BJ,瑞星股份,69.53,63.84,2.16,1.94,2.33,2.43,2.16,0.0,34.47,9.92,-0.46,2.51,,17.28,25.39,65.84,59.68
836720.BJ,吉冈精密,80.99,92.39,10.29,9.19,9.58,6.91,0.97,0.0,21.02,11.14,51.27,19.17,,43.57,4.82,20.11,16.91
836807.BJ,奔朗新材,64.31,74.41,2.4,2.65,2.78,1.85,2.42,0.0,29.42,5.79,-15.63,-0.62,0.47,30.58,-120.65,56.23,46.27
836826.BJ,盖世食品,48.91,64.66,6.1,8.01,9.31,7.86,1.37,0.0,17.74,8.09,-2.08,7.6,,33.8,8.51,16.14,10.51
836871.BJ,派特尔,40.82,34.93,4.03,9.66,10.06,9.9,2.27,0.0,35.11,20.14,56.94,4.62,,14.7,7.55,7.23,8.12
836892.BJ,广咨国际,32.85,25.08,6.07,13.35,13.29,7.09,4.3,0.0,34.24,14.74,11.54,2.31,,52.32,10.86,3.76,4.94
836942.BJ,恒立钻具,23.83,25.67,1.99,5.98,6.32,5.39,1.15,0.0,39.71,21.18,38.85,22.23,,23.43,1.15,8.58,7.54
836957.BJ,汉维科技,59.91,57.23,3.45,4.1,4.33,2.88,1.11,0.0,11.43,3.91,12.97,26.1,,37.19,2.19,27.94,27.67
836961.BJ,西磁科技,126.63,214.87,10.62,3.35,6.37,5.97,0.65,0.0,30.24,18.57,-70.83,-37.32,,10.65,-5.76,128.26,39.76
837006.BJ,晟楠科技,195.71,130.22,9.59,2.16,3.52,2.84,2.34,0.0,50.31,17.64,-77.1,-28.79,,36.85,-4.52,120.38,111.2
837023.BJ,芭薇股份,38.32,40.8,3.87,7.74,7.97,4.68,1.9,0.0,26.67,6.1,0.59,49.5,,51.29,0.82,10.55,9.62
837046.BJ,亿能电力,103.56,103.82,7.38,4.98,5.4,4.11,1.08,0.0,27.0,9.73,22.63,-13.39,,34.53,-7.75,41.72,38.36
837092.BJ,汉鑫科技,510.03,495.23,7.75,0.01,1.13,0.85,0.43,0.0,34.49,2.96,-99.89,-53.7,,39.68,-9.22,162372.01,902.7
837174.BJ,宏裕包材,-222.86,-127.71,2.7,-2.07,-0.87,-0.26,3.52,0.0,5.45,-0.92,-146.13,-2.15,,47.52,扣非亏损,扣非亏损,亏损
837212.BJ,智新电子,116.52,145.51,5.41,3.47,3.52,3.19,0.34,0.0,13.7,3.71,5.63,29.18,,29.07,4.99,83.92,66.21
837242.BJ,建邦科技,21.35,22.71,3.86,14.22,13.94,13.37,4.25,0.0,30.6,14.07,50.76,36.15,,28.05,0.63,3.19,3.06
837344.BJ,三元基因,186.88,96.03,4.84,1.67,1.93,1.59,0.34,0.0,81.62,7.04,19.55,10.5,,49.78,9.15,115.19,193.66
837403.BJ,康农种业,111.14,34.47,3.41,-0.64,2.4,1.52,1.37,0.0,41.96,19.16,-151.55,-4.85,,46.86,-7.1,转盈,92.61
837592.BJ,华信永道,-130.49,409.53,14.64,-10.41,-8.08,-7.89,,0.0,31.92,-37.22,3.32,4.69,,17.54,87.35,扣非亏损,亏损
837663.BJ,明阳科技,24.61,25.67,5.56,15.26,16.18,15.35,2.72,0.0,44.54,28.46,23.39,17.18,,16.94,1.49,3.36,3.04
837748.BJ,路桥信息,-211.42,120.32,7.5,-3.46,-2.56,-2.12,0.43,0.0,35.13,-8.65,3.8,-25.42,,38.4,-4.73,扣非亏损,亏损
837821.BJ,则成电子,138.57,152.54,7.42,3.61,4.01,3.03,0.7,0.0,28.7,7.44,27.1,21.5,,32.33,7.09,84.47,69.11
838030.BJ,德众汽车,242.7,-59.34,3.16,0.44,0.98,1.44,,0.0,8.07,0.26,-48.85,-13.76,,67.06,扣非亏损,扣非转亏,495.31
838163.BJ,方大新材,51.07,52.62,5.42,8.04,7.93,5.59,2.72,0.0,16.36,7.31,10.56,43.66,,45.41,1.21,13.09,12.88
838171.BJ,邦德股份,25.0,26.76,4.13,12.58,12.7,13.02,1.7,0.0,43.3,26.4,0.08,2.53,,7.3,10.59,4.26,3.94
838227.BJ,美登科技,39.32,43.18,4.08,7.08,7.36,8.33,3.29,0.0,68.68,28.79,5.34,32.55,18.09,4.68,1.33,12.19,10.68
838262.BJ,太湖雪,51.54,66.7,3.22,4.05,4.7,3.9,1.82,0.0,40.49,4.32,-29.2,-3.1,,33.75,-21.51,32.92,21.93
838275.BJ,驱动力,94.5,122.18,5.01,4.0,4.02,4.19,0.6,0.0,40.48,18.07,62.03,-30.14,,2.98,-4.05,61.07,47.02
838402.BJ,硅烷科技,42.51,34.0,2.99,4.96,5.34,4.98,1.17,0.0,28.27,15.74,-62.03,-33.3,,23.54,-1.02,13.72,15.92
838670.BJ,恒进感应,158.9,153.15,4.63,1.18,2.15,2.02,1.0,0.0,43.48,22.05,-26.89,-1.32,,12.19,-116.13,260.18,147.81
838701.BJ,豪声电子,17.77,469.79,4.69,1.66,20.58,16.03,2.92,0.0,12.17,26.96,-20.38,24.65,,27.95,19.06,566.49,1.73
838810.BJ,春光药装,-46.75,-38.05,3.05,-5.87,-4.7,-3.34,0.97,0.0,23.39,-17.99,-256.76,-48.74,,44.7,扣非亏损,扣非亏损,亏损
838837.BJ,华原股份,38.47,40.07,4.77,8.43,9.21,5.78,2.2,0.0,26.6,12.18,17.7,7.51,0.04,42.62,5.33,9.5,8.35
838924.BJ,广脉科技,67.74,69.05,6.98,7.41,7.97,4.13,0.42,0.0,22.28,8.62,30.97,19.1,,67.56,3.61,18.63,17.0
838971.BJ,天马新材,129.7,174.18,9.96,4.87,5.75,5.57,1.54,0.0,25.25,13.95,11.44,33.07,,23.2,5.27,71.47,45.11
839167.BJ,同享科技,34.25,29.87,4.94,11.07,11.42,4.72,0.44,0.0,8.18,3.52,-11.59,22.04,,66.81,1.36,5.4,6.0
839273.BJ,一致魔芋,23.18,35.51,3.24,9.93,10.71,10.53,1.9,0.0,22.86,14.24,65.17,19.3,,17.46,1.84,7.15,4.33
839371.BJ,欧福蛋业,29.54,38.77,3.61,9.1,9.24,9.63,1.63,0.0,19.29,7.56,23.06,-8.04,,18.04,-4.82,8.52,6.39
839493.BJ,并行科技,1143.86,-160.24,13.27,0.21,0.88,1.03,,0.0,32.81,1.11,101.27,30.35,1.41,76.63,扣非亏损,扣非转亏,2599.69
839680.BJ,广道数字,-57.59,-93.15,2.81,-3.59,-3.58,-2.73,0.21,0.0,37.72,-19.99,-157.51,-45.48,,16.14,扣非亏损,扣非亏损,亏损
839719.BJ,宁新新材,-18.49,-25.22,1.42,-5.77,-5.51,-0.86,0.64,0.0,16.32,-15.96,-215.14,-46.29,,53.72,扣非亏损,扣非亏损,亏损
839725.BJ,惠丰钻石,240.34,110.86,3.53,0.18,1.1,0.72,0.81,0.0,20.66,4.27,-97.41,-57.24,,20.1,-1.94,1248.46,436.99
839729.BJ,永顺生物,63.07,109.37,3.75,3.42,4.38,3.98,2.04,0.0,57.5,14.46,-49.57,-20.78,,17.62,-5.26,64.01,28.8
839792.BJ,东和新材,40.13,51.52,2.5,4.27,4.79,5.54,,0.0,25.72,11.89,-18.53,11.42,0.19,32.48,4.51,24.15,16.75
839946.BJ,华阳变速,-73.85,-41.37,6.08,-6.62,-5.99,-2.31,1.71,0.0,2.3,-3.86,5.04,74.96,,66.62,扣非亏损,扣非亏损,亏损
870199.BJ,倍益康,60.78,67.18,3.2,3.21,3.99,3.3,1.79,0.0,39.1,10.19,-33.04,-18.97,,26.63,-3.54,41.82,30.47
870204.BJ,沪江材料,89.92,94.16,5.59,4.43,4.72,4.13,0.88,0.0,31.65,9.98,6.9,10.92,,22.18,8.62,42.54,38.1
870357.BJ,雅葆轩,43.16,51.88,5.62,8.21,9.41,8.63,1.5,0.0,20.6,13.27,61.08,6.39,,26.2,8.11,12.63,9.17
870436.BJ,大地电气,-45.13,-66.55,3.14,-5.24,-5.11,-2.06,,0.0,15.78,-4.11,-162.95,-0.39,,60.77,扣非亏损,扣非亏损,亏损
870508.BJ,丰安股份,25.64,43.28,1.98,4.82,5.84,5.49,1.2,0.0,34.11,24.26,67.54,41.51,,14.74,1.04,17.96,8.78
870656.BJ,海昇药业,38.4,33.62,2.69,7.16,5.59,6.51,142.86,0.0,40.11,28.66,-50.15,-29.94,,5.76,-1.12,9.39,13.74
870726.BJ,鸿智科技,44.68,38.67,4.99,8.67,8.62,6.36,4.2,0.0,18.04,6.39,-13.92,15.38,,24.77,2.51,8.91,10.37
870866.BJ,绿亨科技,38.14,53.43,2.21,4.16,4.05,3.45,1.92,0.0,44.02,10.42,-14.83,7.12,6.2,17.37,7.51,25.68,18.83
870976.BJ,视声智能,30.34,35.47,5.34,11.05,12.62,11.41,3.23,0.0,52.83,20.42,30.98,4.19,,18.14,8.46,6.42,4.81
871245.BJ,威博液压,35.9,46.72,2.76,5.19,6.0,4.38,1.06,0.0,20.75,7.97,28.23,15.21,,38.03,3.07,18.0,11.97
871263.BJ,莱赛激光,1704.26,2126.36,5.15,-0.71,0.22,-0.32,1.22,0.0,24.28,0.73,-113.16,-38.95,,16.03,-54.59,转盈,15493.31
871396.BJ,常辅股份,35.39,30.1,3.81,7.9,8.28,6.32,1.59,0.0,41.44,14.26,58.99,16.04,,35.45,1.88,7.62,8.55
871478.BJ,巨能股份,-250.05,-149.47,6.89,-4.89,-2.05,-0.87,,0.0,22.22,-3.22,-484.9,14.71,0.64,44.62,扣非亏损,扣非亏损,亏损
871553.BJ,凯腾精工,91.27,112.85,4.0,2.63,3.28,3.97,1.7,0.0,34.26,5.87,-43.11,4.9,,34.8,23.02,85.84,55.65
871634.BJ,新威凌,48.37,62.82,5.55,7.73,8.84,7.23,0.76,0.0,8.85,3.46,79.65,72.65,,29.33,0.86,16.25,10.94
871642.BJ,通易航天,-97.89,-105.14,7.52,-5.84,-5.37,-2.44,0.43,0.0,20.59,-12.36,-291.49,-18.45,,46.38,扣非亏损,扣非亏损,亏损
871694.BJ,中裕科技,18.72,18.45,2.4,9.38,9.75,8.09,1.49,0.0,48.36,17.31,-19.72,-8.17,,30.18,-2.26,3.93,3.84
871857.BJ,泓禧科技,75.69,76.69,3.5,3.36,3.42,1.22,1.54,0.0,14.88,3.76,-60.23,5.43,,28.04,14.12,45.64,44.26
871970.BJ,大禹生物,-40.26,-43.93,2.87,-6.58,-5.21,-3.48,,0.0,24.43,-18.06,-112.65,-22.5,,24.97,扣非亏损,扣非亏损,亏损
871981.BJ,晶赛科技,286.66,504.1,6.34,1.09,1.67,0.99,,0.0,12.99,2.19,131.8,47.18,,37.01,10.69,928.78,343.3
872190.BJ,雷神科技,99.43,129.89,2.86,1.98,2.16,2.3,0.33,0.0,9.15,0.9,-22.59,3.66,,52.23,35.49,131.17,92.07
872351.BJ,华光源海,123.77,108.9,2.35,1.12,1.42,2.24,1.09,0.0,6.28,0.54,-78.29,35.17,2.94,52.82,3.1,194.73,174.32
872374.BJ,云里物里,116.19,134.18,13.42,8.12,8.71,6.66,0.76,0.0,45.81,13.94,23.02,13.77,,17.78,9.75,33.07,26.68
872392.BJ,佳合科技,39.36,93.52,5.07,5.21,9.99,8.35,0.8,0.0,14.82,9.64,-6.95,116.8,,33.44,0.8,35.92,7.88
872808.BJ,曙光数创,-2372.64,386.7,22.39,-5.4,-0.68,-0.54,0.28,0.0,22.15,-2.65,-304.67,-30.05,,38.19,-12.87,扣非亏损,亏损
872895.BJ,花溪科技,153.93,-581.91,4.17,0.71,1.87,1.36,2.41,0.0,27.93,6.15,-67.22,1.21,,12.78,扣非亏损,扣非转亏,164.63
872925.BJ,锦好医疗,-344.94,-147.75,5.0,-1.57,-1.06,-0.98,0.81,0.0,47.84,-5.09,-131.99,-23.98,0.05,17.79,扣非亏损,扣非亏损,亏损
872931.BJ,无锡鼎邦,31.38,29.71,3.3,10.16,9.58,5.5,1.23,0.0,22.73,9.9,-8.96,-3.85,,41.99,-7.72,5.85,6.55
872953.BJ,国子软件,114.34,69.26,7.89,4.42,4.97,4.59,0.95,0.0,60.99,18.31,28.23,10.01,,10.7,6.92,31.33,46.01
873001.BJ,纬达光电,108.34,164.48,4.56,2.93,3.18,3.1,0.65,0.0,30.1,14.19,-24.86,9.86,,10.15,16.69,112.24,68.14
873122.BJ,中纺标,227.19,263.27,16.48,4.66,5.33,4.38,0.91,0.0,47.47,11.39,-11.81,4.75,,16.44,55.43,112.98,85.25
873132.BJ,泰鹏智能,60.35,69.41,4.98,3.32,6.25,3.59,0.96,0.0,19.65,8.03,-51.99,14.11,,33.85,4.92,41.77,19.31
873167.BJ,新赣江,45.36,83.58,2.54,1.97,4.25,4.25,0.62,0.0,41.43,17.75,-70.9,-31.69,,11.0,-2.64,84.77,21.34
873169.BJ,七丰精工,175.07,171.98,5.93,2.47,2.53,1.88,1.02,0.0,23.86,5.7,-46.79,5.17,,17.35,33.27,139.41,138.4
873223.BJ,荣亿精密,-94.7,-88.2,9.56,-8.15,-7.3,-5.52,,0.0,11.99,-9.9,13.47,17.81,,41.73,扣非亏损,扣非亏损,亏损
873305.BJ,九菱科技,86.46,92.06,6.36,5.19,5.56,5.03,0.7,0.0,26.76,16.59,15.71,7.46,,20.07,12.34,35.46,31.1
873339.BJ,恒太照明,31.66,37.04,3.41,7.96,8.09,6.2,2.86,0.0,19.01,8.55,-29.35,21.41,,27.88,1.73,9.31,7.83
873527.BJ,夜光明,56.55,78.57,2.22,2.82,2.92,1.86,0.76,0.0,17.9,4.0,97.18,18.63,,35.96,4.22,55.67,38.73
873570.BJ,坤博精工,82.75,88.49,5.51,2.89,5.03,4.41,0.78,0.0,22.6,18.0,-73.98,-56.83,,15.73,-1.56,61.24,32.9
873576.BJ,天力复合,53.61,60.48,7.16,8.64,9.39,6.36,4.56,0.0,22.42,9.75,-33.85,-16.82,,29.43,-3.6,13.99,11.42
873593.BJ,鼎智科技,127.11,161.5,7.88,4.07,4.61,4.1,3.65,0.0,52.67,17.32,-54.82,-28.58,,10.12,-5.65,79.33,55.15
873665.BJ,科强股份,27.2,27.79,2.59,6.55,7.19,6.73,2.05,0.0,40.02,19.01,-12.08,-1.04,,14.43,-26.7,8.49,7.57
873690.BJ,捷众科技,24.97,31.09,2.75,6.77,8.52,8.3,2.91,0.0,38.88,23.65,43.15,15.16,,12.03,2.05,9.18,5.86
873693.BJ,阿为特,212.94,272.59,12.85,4.28,4.62,3.5,0.09,0.0,28.37,8.7,-16.64,20.72,,23.32,13.15,127.29,92.18
873703.BJ,广厦环能,18.36,28.78,2.85,10.9,12.15,11.17,1.82,0.0,45.41,29.58,-13.64,-11.35,,15.52,-2.53,5.28,3.02
873706.BJ,铁拓机械,23.28,29.07,2.53,8.77,9.22,7.47,4.16,0.0,31.33,12.74,-18.18,7.17,,28.78,4.05,6.63,5.05
873726.BJ,卓兆点胶,-120.84,-98.66,4.33,-3.67,-2.57,-2.81,1.56,0.0,50.22,-15.89,-133.21,-57.68,,10.1,扣非亏损,扣非亏损,亏损
873806.BJ,云星宇,89.38,118.21,3.76,2.67,3.26,1.38,,0.0,16.49,3.58,-48.81,-19.76,0.19,59.38,-5.98,88.48,54.83
920002.BJ,万达轴承,37.73,45.45,3.38,7.29,7.67,7.85,,0.0,32.44,17.17,6.88,0.21,,7.44,214.5,12.48,9.84
920008.BJ,成电光信,67.39,58.55,9.74,13.2,16.33,9.8,,0.0,42.6,15.37,23.82,61.21,,36.67,0.96,8.87,8.25
920016.BJ,中草香料,48.83,67.11,6.0,7.03,13.65,7.41,,0.0,32.04,21.03,-21.74,7.87,,45.84,8.53,19.1,7.15
920019.BJ,铜冠矿建,73.01,82.51,6.12,6.61,8.5,5.33,,0.0,13.2,5.49,12.26,22.88,,44.33,3.61,24.97,17.18
920066.BJ,科拜尔,44.08,41.68,7.7,13.37,14.02,12.64,,0.0,17.62,9.43,9.69,26.31,,18.24,1.58,6.23,6.29
920088.BJ,科力股份,54.93,54.77,5.2,5.36,7.39,7.88,,0.0,36.58,14.78,7.73,-2.59,,15.62,-21.12,20.45,14.86
920099.BJ,瑞华技术,26.52,24.76,3.48,12.31,16.17,7.51,,0.0,46.2,27.84,1.09,34.48,,47.4,0.72,4.02,3.28
920118.BJ,太湖远大,23.39,22.21,2.54,9.17,10.24,5.28,,0.0,9.08,3.87,-15.41,7.43,,54.64,2.99,4.84,4.57
688449.SH,联芸科技,,,,4.53,12.91,8.27,,0.0,48.06,8.87,299.93,20.31,,41.39,,,
301631.SZ,壹连科技,,,,,,,,0.0,,,,,,,,,
920111.BJ,聚星科技,,,,,,,,0.0,,,,,,,,,
603395.SH,红四方,,,,11.12,11.39,6.22,,0.0,12.32,4.29,-15.16,-11.41,,45.56,,,
920060.BJ,万源通,,,,14.8,15.61,8.23,,0.0,23.11,12.35,-1.17,4.79,1.04,49.85,,,
688750.SH,金天钛业,,,,,,,,0.0,,,,,,,,,
