证券代码,股票简称,PE,扣非PE,PB,扣非ROE,ROE,ROA,股息率,分红比例,毛利率,净利率,扣非净利润增速,营收增速,商誉占比,资产负债率,现金,扣非PEG,扣非市赚率,市赚率
601988.SH,中国银行,6.26,6.33,0.62,6.52,7.16,,5.92,31.95,,39.2,0.41,5.18,0.09,91.56,,1.22,0.97,0.87
601288.SH,农业银行,5.82,6.02,0.65,7.26,8.09,,6.34,32.07,,39.85,3.42,3.38,0.05,93.09,,1.78,0.83,0.72
601398.SH,工商银行,6.11,6.05,0.61,6.99,7.33,,6.41,31.27,,43.18,0.28,0.15,,91.89,,40.26,0.87,0.83
000788.SZ,北大医药,21.33,28.75,2.41,8.76,8.8,6.84,0.39,34.95,27.75,8.49,221.85,3.86,,34.01,0.1,7.44,3.28,2.42
000700.SZ,模塑科技,9.91,13.98,1.91,12.86,15.0,5.66,3.1,0.0,18.42,10.23,13.21,12.87,,56.71,0.24,1.09,2.17,1.32
000777.SZ,中核科技,43.36,35.04,3.28,5.09,5.78,3.5,1.29,32.24,21.81,11.29,-2.34,16.81,0.06,41.39,0.02,2.08,6.88,7.5
688236.SH,春立医疗,66.33,39.67,1.94,1.55,2.14,1.65,1.38,50.28,69.3,12.0,-72.82,9.06,0.48,19.98,1.03,4.38,25.59,31.0
000718.SZ,苏宁环球,16.01,30.0,0.78,3.63,3.7,3.62,0.77,33.33,59.69,20.26,-10.01,-21.01,1.45,31.69,0.11,-1.43,8.27,4.33
688334.SH,西高院,24.9,34.33,1.94,4.57,5.31,5.84,1.48,43.84,51.61,31.25,20.75,20.6,0.79,17.46,0.39,1.67,7.52,4.69
600873.SH,梅花生物,11.08,10.7,2.0,12.25,13.92,9.72,4.4,39.62,18.9,10.68,-15.7,18.15,0.08,37.46,0.12,0.59,0.87,0.8
300121.SZ,阳谷华泰,26.33,30.92,1.91,5.11,5.73,5.7,2.82,33.33,19.01,7.3,-34.23,22.48,0.45,27.56,0.09,1.38,6.05,4.59
603367.SH,辰欣药业,12.29,14.76,1.12,6.29,6.72,5.61,2.98,37.91,57.19,13.44,-2.49,6.73,,21.48,0.09,2.19,2.35,1.83
600685.SH,中船防务,142.78,219.97,1.92,0.91,1.04,0.05,0.04,32.35,8.69,1.97,4023.73,12.12,,57.63,0.59,18.15,240.93,137.28
688036.SH,传音控股,20.86,22.28,5.3,16.94,20.41,10.42,4.34,43.6,21.59,7.69,-7.44,19.58,,56.22,0.12,1.14,1.32,1.02
688693.SH,锴威特,-55.15,-53.74,2.86,-4.61,-3.77,-4.44,0.38,58.62,44.01,-40.88,-430.25,1.52,,5.76,0.13,扣非亏损,扣非亏损,亏损
600992.SH,贵绳股份,-121.13,-230.17,2.55,-1.72,-1.55,-0.53,0.26,30.37,9.58,-1.53,-253.0,1.6,,56.2,0.07,扣非亏损,扣非亏损,亏损
601330.SH,绿色动力,13.53,15.37,1.15,6.28,6.3,4.42,2.26,33.33,45.44,20.95,-5.11,32.98,,61.55,0.17,0.47,2.45,2.15
603190.SH,亚通精工,24.61,29.51,1.3,3.72,4.0,3.23,1.37,30.53,23.7,6.79,-33.3,10.39,0.38,45.02,0.46,2.84,7.92,6.15
002966.SZ,苏州银行,5.26,5.9,0.68,8.85,9.64,,6.04,31.97,,46.61,13.55,4.66,,92.54,,1.27,0.67,0.55
600615.SH,丰华股份,334.55,198.21,3.22,0.78,0.72,0.0,,0.0,10.29,3.17,217.51,54.24,0.69,8.2,0.01,3.65,509.2,922.89
601083.SH,锦江航运,13.32,17.5,1.55,8.36,8.74,8.86,2.3,42.84,25.36,17.21,9.74,2.15,,18.02,3.16,8.12,2.09,1.52
002117.SZ,东港股份,40.15,45.47,3.32,5.04,5.45,4.63,3.04,86.87,32.0,10.34,-43.37,1.04,0.18,28.16,0.02,43.64,9.02,7.37
603708.SH,家家悦,25.55,99.83,2.64,6.2,7.42,3.11,1.45,86.36,23.26,1.3,-18.06,2.17,9.99,82.0,0.42,45.96,16.1,3.44
600426.SH,华鲁恒升,11.86,12.49,1.57,10.25,10.15,9.1,2.17,35.52,20.01,13.03,5.35,35.44,,30.36,0.04,0.35,1.22,1.17
002132.SZ,恒星科技,158.14,208.26,1.08,0.38,0.5,0.83,,0.0,9.97,0.5,826.56,17.86,0.03,55.4,0.19,11.66,1107.47,632.58
600178.SH,东安动力,-2707.64,-34.97,2.27,-3.15,-0.05,-0.16,0.02,30.59,6.22,0.15,-1092.08,1.21,1.62,53.64,0.23,扣非亏损,扣非亏损,亏损
600163.SH,中闽能源,22.75,18.52,1.89,6.01,6.35,5.03,1.14,14.03,53.91,39.58,5.05,11.32,,41.04,0.02,1.64,3.08,3.58
688186.SH,广大特材,29.78,70.58,0.94,1.22,2.22,2.06,0.33,11.76,15.53,3.29,-39.96,28.91,0.54,63.42,0.11,2.44,58.04,13.41
002149.SZ,西部材料,42.63,62.48,2.66,3.39,4.64,3.04,0.95,37.32,22.23,7.43,-23.66,16.84,,48.62,0.07,3.71,18.43,9.19
601628.SH,中国人寿,8.99,11.43,2.21,20.39,19.95,,1.52,57.33,,24.79,173.24,0.57,,91.09,0.08,20.12,0.56,0.45
603719.SH,良品铺子,190.16,-82.42,2.04,-0.13,0.79,1.11,1.04,50.0,26.84,0.3,-102.59,1.53,0.02,45.61,0.14,扣非亏损,扣非亏损,240.7
301116.SZ,益客食品,28.61,-148.97,2.94,7.32,7.83,5.52,,0.0,4.89,1.39,783.99,15.01,,61.67,0.39,扣非亏损,扣非转亏,7.31
603275.SH,众辰科技,23.4,28.99,1.82,5.07,5.89,5.75,0.35,9.03,41.22,32.52,-4.48,0.69,,10.19,0.7,41.94,5.71,3.97
600016.SH,民生银行,4.48,5.59,0.33,4.84,4.84,,5.78,30.0,,30.21,-9.26,-8.5,,91.6,,-0.66,1.15,0.92
600335.SH,国机汽车,24.29,-382.6,0.89,1.87,2.77,1.37,0.06,35.97,7.33,1.12,8.68,-0.13,,69.38,0.38,扣非亏损,扣非转亏,8.77
600714.SH,金瑞矿业,80.93,124.83,3.41,3.16,3.22,3.27,,0.0,19.4,9.47,214.52,32.82,,10.38,0.14,3.8,78.88,50.27
603933.SH,睿能科技,38.93,48.1,2.4,4.18,4.66,3.24,0.64,35.2,24.55,4.21,42.1,9.43,7.46,41.39,0.05,5.1,11.52,8.35
600517.SH,国网英大,16.89,19.95,1.53,6.95,6.98,5.73,1.51,30.13,14.88,39.7,26.59,12.35,0.56,43.77,0.26,1.61,2.87,2.42
300140.SZ,节能环境,23.11,30.68,1.48,4.82,4.94,3.46,,0.0,37.8,15.86,220.98,-22.97,1.3,54.42,0.39,-1.34,12.74,9.36
301551.SZ,无线传媒,98.41,,10.22,8.29,9.54,8.2,,0.0,53.0,41.27,,-1.12,,7.63,1.04,,,20.63
001207.SZ,联科科技,15.18,16.15,2.21,11.08,11.26,8.73,2.93,56.82,19.27,12.24,75.74,25.52,,30.47,0.18,0.63,1.46,1.35
603337.SH,杰克股份,17.57,21.84,3.2,12.75,13.99,8.38,2.31,44.25,32.22,13.35,52.67,19.67,,40.31,0.05,1.11,1.71,1.26
688075.SH,安旭生物,29.17,-192.7,1.02,0.38,2.62,2.6,0.99,36.04,42.11,33.66,-80.45,76.2,,11.21,0.04,扣非亏损,扣非转亏,11.13
688548.SH,广钢气体,54.96,51.78,2.28,2.93,3.14,2.67,0.58,26.21,27.94,12.25,-23.65,24.96,9.61,26.49,0.1,2.07,17.69,17.5
834058.BJ,华洋赛车,23.4,23.3,4.26,13.22,13.56,8.46,8.58,81.18,22.6,11.52,73.35,-13.72,,45.3,0.45,-1.7,1.76,1.73
600188.SH,兖矿能源,10.28,10.16,2.56,14.35,14.75,6.61,7.52,54.34,34.62,15.56,-22.45,-10.16,0.24,64.19,0.5,-1.0,0.71,0.7
301261.SZ,恒工精密,29.14,33.95,2.39,4.87,6.31,4.74,0.97,11.83,24.89,12.86,-1.97,22.31,,47.1,0.15,1.52,6.98,4.62
688612.SH,威迈斯,28.4,23.18,3.38,8.1,8.59,4.98,1.54,47.24,19.7,6.98,2.24,85.1,0.16,55.51,0.26,0.27,2.86,3.31
000726.SZ,鲁泰A,14.12,12.48,0.59,3.79,3.1,2.85,2.01,27.66,24.4,6.78,15.87,9.54,0.21,29.92,0.47,1.31,3.29,4.55
300430.SZ,诚益通,32.83,35.78,1.93,4.23,4.44,3.46,0.39,8.73,40.54,12.14,-24.09,15.61,23.24,36.5,0.03,2.29,8.47,7.39
603355.SH,莱克电气,11.66,12.74,2.56,17.7,18.22,6.34,,0.0,24.0,12.15,11.49,9.04,11.86,59.1,0.44,1.41,1.44,1.28
301039.SZ,中集车辆,17.0,19.73,1.36,5.67,5.74,4.3,,0.0,15.77,5.42,-41.72,-1.34,3.02,39.46,0.42,-14.71,6.96,5.92
600062.SH,华润双鹤,12.12,15.3,2.22,11.81,12.39,9.96,1.38,19.77,58.46,16.52,23.91,5.68,8.34,34.19,0.12,2.7,1.3,0.98
000623.SZ,吉林敖东,13.75,16.94,0.79,4.29,4.41,4.03,3.96,46.26,39.12,63.81,0.92,15.69,,11.05,0.06,1.08,3.95,3.12
688016.SH,心脉医疗,17.47,21.53,3.32,12.98,14.38,14.18,1.54,44.05,75.5,56.44,37.37,36.32,12.11,13.99,0.12,0.59,1.66,1.22
002745.SZ,木林森,25.95,27.56,0.98,2.69,2.68,2.01,3.9,116.55,27.95,2.97,18.41,0.66,13.62,45.95,0.48,41.46,10.24,9.68
601696.SH,中银证券,36.8,47.16,1.82,3.46,3.77,,0.33,10.63,,34.4,-15.66,-3.04,,76.16,1.0,-15.53,13.62,9.76
600737.SH,中粮糖业,13.49,11.23,1.9,9.77,10.1,7.13,10.56,64.99,10.22,5.23,-17.66,16.23,1.54,41.86,0.12,0.69,1.15,1.34
002352.SZ,顺丰控股,20.07,24.47,2.25,7.35,8.34,5.32,1.49,35.29,13.96,3.71,21.58,20.09,9.43,52.59,0.11,1.22,3.33,2.41
002338.SZ,奥普光电,168.43,316.32,7.89,2.91,3.63,4.18,0.07,6.94,36.52,14.69,-48.28,20.7,18.33,26.16,0.01,15.28,108.88,46.4
603273.SH,天元智能,113.9,125.35,4.62,2.37,3.03,1.71,0.4,27.78,13.6,5.87,-53.88,-14.01,,37.75,0.46,-8.95,52.89,37.59
300304.SZ,云意电气,17.51,19.36,2.45,9.93,10.99,9.41,0.88,17.14,32.54,21.34,64.46,26.69,0.56,22.15,0.19,0.73,1.95,1.59
301028.SZ,东亚机械,17.2,21.63,2.92,12.32,13.28,10.05,0.85,23.26,32.38,20.43,39.96,8.15,,35.97,0.06,2.65,1.76,1.3
600926.SH,杭州银行,4.51,5.11,0.78,11.23,13.51,,5.19,22.51,,48.68,19.98,12.28,,93.42,,0.42,0.46,0.33
605319.SH,无锡振华,15.43,14.49,2.23,10.94,11.05,6.97,2.09,34.23,24.91,14.47,57.34,15.08,,49.83,0.06,0.96,1.33,1.4
300809.SZ,华辰装备,76.94,119.89,3.71,2.1,3.67,2.72,0.34,21.28,29.97,20.02,-58.34,34.05,,23.77,0.08,3.52,57.07,20.96
600826.SH,兰生股份,31.65,43.0,2.18,3.58,5.19,4.73,3.17,53.85,31.23,23.54,-13.95,-0.49,1.13,27.93,0.16,-87.8,12.03,6.1
605179.SH,一鸣食品,82.47,142.64,3.63,3.44,3.3,1.93,0.3,75.0,29.58,1.79,13.23,10.88,,60.19,0.1,13.11,41.46,24.99
603201.SH,常润股份,14.14,13.33,1.86,9.88,9.85,7.57,2.41,34.39,20.68,7.12,16.93,4.52,1.65,44.55,0.41,2.95,1.35,1.44
600927.SH,永安期货,37.85,36.43,1.68,3.3,3.34,,0.96,16.2,,2.24,-24.16,2.99,,80.56,3.35,12.17,11.05,11.33
300193.SZ,佳士科技,18.67,21.31,1.98,7.74,7.83,5.69,5.15,95.24,30.52,19.11,17.46,4.7,0.72,23.32,0.37,4.53,2.75,2.38
688680.SH,海优新材,-10.27,-8.5,1.95,-12.3,-12.11,-5.18,,0.0,-0.21,-12.11,-157.39,57.45,,47.82,0.07,扣非亏损,扣非亏损,亏损
601811.SH,新华文轩,14.95,11.34,1.28,6.87,6.58,4.13,4.25,31.25,35.73,11.07,-3.91,9.73,4.38,39.67,0.75,1.17,1.65,2.27
300897.SZ,山科智能,26.67,26.03,2.29,5.86,6.47,5.43,1.17,29.2,42.88,13.06,1.44,19.94,0.09,20.36,0.07,1.31,4.44,4.12
688002.SH,睿创微纳,33.47,40.4,4.35,8.84,9.76,5.09,0.27,10.81,51.13,12.25,28.3,32.38,2.63,38.26,0.04,1.25,4.57,3.43
688046.SH,药康生物,42.3,56.91,2.61,3.38,4.61,3.64,0.79,41.03,63.65,19.27,-12.06,33.99,,16.19,0.18,1.67,16.83,9.18
603871.SH,嘉友国际,13.86,14.81,3.58,20.54,20.54,17.44,3.15,33.56,21.74,16.74,44.73,29.19,4.7,30.04,0.05,0.51,0.72,0.67
601009.SH,南京银行,5.01,5.68,0.73,9.45,11.31,,7.27,31.95,,43.5,11.35,9.66,0.12,92.83,,0.59,0.6,0.44
600336.SH,澳柯玛,1554.17,-90.34,2.35,-0.87,0.11,0.56,0.5,14.29,13.58,0.08,-136.16,10.12,,65.51,0.12,扣非亏损,扣非亏损,14128.85
688628.SH,优利德,20.65,24.26,3.39,11.94,12.55,10.82,2.28,61.64,44.82,17.41,16.18,5.13,,22.26,0.04,4.73,2.03,1.65
002481.SZ,双塔食品,72.33,39.47,2.32,2.26,2.42,1.53,0.68,37.5,17.19,3.58,645.43,6.77,,43.94,0.2,5.83,17.45,29.89
002171.SZ,楚江新材,465.32,34.95,1.66,-0.27,0.25,1.11,2.01,37.5,2.46,0.14,-125.5,28.45,17.68,64.8,0.32,1.23,转盈,1861.27
000913.SZ,钱江摩托,14.86,18.38,2.03,9.81,10.15,4.16,3.21,45.42,27.05,9.42,32.29,13.54,,55.48,0.75,1.36,1.87,1.46
605376.SH,博迁新材,64.73,189.7,4.79,4.44,5.25,4.84,0.64,-150.0,21.04,11.7,981.47,10.67,,15.22,0.01,17.78,85.5,24.66
600795.SH,国电电力,6.94,20.23,1.48,8.77,17.26,4.7,2.88,22.29,14.78,10.82,-12.49,7.97,0.67,72.73,0.21,2.54,2.31,0.4
600821.SH,金开新能,11.48,15.27,1.22,7.67,8.18,4.45,2.86,18.75,56.35,28.01,2.24,35.37,15.68,73.33,0.1,0.43,1.99,1.4
002552.SZ,宝鼎科技,33.89,-45.4,3.21,2.71,7.11,3.61,,0.0,14.1,5.73,157.12,119.01,3.85,57.22,0.16,扣非亏损,扣非转亏,9.53
603048.SH,浙江黎明,44.09,47.42,1.71,2.47,2.83,2.32,1.88,112.9,34.17,7.93,38.14,4.34,,18.76,0.22,10.93,19.23,15.58
601872.SH,招商轮船,12.26,12.77,1.48,8.86,8.93,7.54,4.05,39.67,26.48,17.85,-9.11,7.26,0.11,42.22,0.07,1.76,1.44,1.37
601801.SH,皖新传媒,12.8,23.18,1.19,6.62,6.87,4.66,4.39,64.89,24.15,9.89,-16.77,8.68,0.2,42.33,0.76,2.67,3.5,1.86
300677.SZ,英科医疗,19.77,34.1,1.09,3.67,4.2,2.45,0.34,13.79,22.43,9.86,284.21,-12.43,,49.81,0.88,-2.74,9.28,4.71
688115.SH,思林杰,452.99,186.97,2.35,-0.0,0.39,-0.23,0.37,100.0,57.9,4.27,99.85,-1.25,,4.41,0.35,-149.0,-116858.95,1161.52
600223.SH,福瑞达,30.96,38.81,1.73,3.72,4.14,3.29,1.04,33.33,51.85,7.48,40.09,-23.03,3.23,22.03,0.42,-1.69,10.42,7.48
688193.SH,仁度生物,264.79,1724.15,1.78,-0.34,0.48,-0.11,0.44,95.24,80.39,3.58,78.02,-8.32,,7.76,0.19,-207.12,转盈,551.65
002533.SZ,金杯电工,12.51,13.47,1.77,9.6,10.8,5.87,4.95,56.18,10.52,3.76,11.75,27.77,,57.03,0.18,0.49,1.4,1.16
600693.SH,东百集团,26.95,36.9,0.87,2.22,2.42,2.8,1.0,99.26,57.78,11.27,-19.95,1.64,0.1,70.08,0.04,22.45,16.62,11.14
688719.SH,爱科赛博,70.74,52.24,1.88,1.44,1.94,0.84,0.8,24.7,41.12,5.92,-70.45,27.03,,24.83,0.28,1.93,36.25,36.47
688151.SH,华强科技,152.59,-69.78,1.34,-0.94,0.66,0.28,0.04,41.5,17.27,8.07,-12.74,-0.59,,16.03,0.62,扣非亏损,扣非亏损,231.2
603121.SH,华培动力,31.36,41.99,2.3,5.31,5.64,3.94,,0.0,27.4,6.39,56.14,27.28,20.14,40.03,0.11,1.54,15.82,11.12
688087.SH,英科再生,20.74,24.21,2.19,7.93,8.26,4.58,0.62,14.29,25.65,8.72,20.81,13.29,,55.34,0.17,1.82,3.05,2.51
601799.SH,星宇股份,31.42,31.37,4.21,9.85,10.4,7.12,0.92,31.03,20.02,10.59,38.77,12.18,,39.32,0.06,2.58,3.18,3.02
601952.SH,苏垦农发,22.92,20.97,2.12,6.17,6.85,4.62,2.93,50.85,13.88,6.36,-8.85,10.3,1.33,51.03,0.06,2.04,3.4,3.35
600050.SH,中国联通,15.68,23.05,1.05,4.22,4.99,3.49,3.01,20.08,26.02,6.54,1.0,7.05,,44.99,0.43,3.27,5.46,3.14
600389.SH,江山股份,29.42,34.95,1.79,4.47,4.63,2.72,,0.0,13.6,4.08,-35.26,5.43,2.71,48.0,0.29,6.44,15.62,12.71
603193.SH,润本股份,28.57,33.42,4.87,12.91,12.91,12.88,0.94,26.56,58.33,25.15,44.45,33.86,,7.99,0.05,0.99,2.59,2.21
688766.SH,普冉股份,29.36,32.18,4.08,11.13,10.98,9.75,,0.0,33.36,16.45,305.13,19.82,,13.4,0.12,1.62,5.78,5.35
002390.SZ,信邦制药,30.79,36.99,1.07,2.57,2.58,3.06,1.35,40.0,18.42,5.1,-29.08,3.53,8.51,20.23,0.11,10.49,14.39,11.94
001203.SZ,大中矿业,16.96,15.47,2.37,10.4,10.67,6.8,,0.0,50.71,22.32,-16.26,25.09,0.07,56.48,0.06,0.62,2.97,3.18
603655.SH,朗博科技,89.5,96.05,4.26,3.09,3.5,3.73,0.34,36.84,34.62,11.74,105.48,5.85,,6.08,0.04,16.42,31.11,25.57
002212.SZ,天融信,-36.32,-24.25,0.89,-1.98,-1.81,-2.74,,0.0,63.96,-10.71,29.95,-15.78,44.79,13.82,0.04,扣非亏损,扣非亏损,亏损
000951.SZ,中国重汽,15.62,15.44,1.32,5.8,6.27,3.39,3.46,50.22,7.72,3.72,34.07,-3.02,,60.69,0.65,-5.11,2.66,2.49
002951.SZ,*ST金时,-45.7,-61.77,1.52,-1.8,-2.25,-2.85,,0.0,18.68,-86.51,11.2,-57.8,1.72,21.09,0.14,扣非亏损,扣非亏损,亏损
601866.SH,中远海发,19.69,27.82,1.2,3.79,4.61,3.53,1.37,30.74,18.09,6.99,6.93,4.66,,75.14,0.49,5.97,7.35,4.27
688535.SH,华海诚科,160.87,191.86,7.27,3.27,3.34,3.17,0.32,71.43,27.47,14.55,52.85,6.94,,17.67,0.01,27.63,58.62,48.16
603876.SH,鼎胜新材,29.37,33.2,1.35,3.06,3.37,1.32,1.52,31.15,9.04,1.28,-51.68,17.79,1.58,74.09,0.83,1.87,10.83,8.72
600379.SH,宝光股份,36.01,42.07,4.49,9.0,9.56,4.65,0.65,30.39,18.17,6.07,22.34,14.48,,54.52,0.12,2.91,4.67,3.77
603103.SH,横店影视,367.4,-49.71,6.27,-5.41,1.29,2.01,,0.0,7.38,1.08,-142.39,59.41,,69.33,0.12,扣非亏损,扣非亏损,569.61
301308.SZ,江波龙,49.83,72.31,5.61,7.87,8.78,6.24,,0.0,21.54,4.23,155.38,13.66,12.35,58.45,0.11,5.29,18.37,11.35
600681.SH,百川能源,21.08,21.34,1.37,4.13,4.72,3.93,7.12,47.31,12.75,5.32,-26.81,6.75,36.51,52.26,0.1,3.16,5.17,4.47
600312.SH,平高电气,22.03,22.72,2.42,8.3,8.32,4.91,1.67,35.26,24.27,11.69,54.91,4.75,0.49,49.35,0.21,4.78,2.74,2.65
601688.SH,华泰证券,9.99,17.67,1.04,3.47,7.59,,3.08,31.85,,40.54,-35.29,6.41,0.03,78.07,1.6,2.75,5.1,1.32
600917.SH,重庆燃气,28.15,25.57,1.8,4.7,4.85,3.24,1.52,30.63,9.3,3.83,8.06,14.4,1.22,44.59,0.13,1.78,5.44,5.8
002925.SZ,盈趣科技,47.49,44.15,2.31,2.96,3.5,2.84,2.36,79.31,27.74,7.27,-49.26,-5.61,5.92,28.52,0.11,-7.87,14.94,13.57
300294.SZ,博雅生物,27.95,130.4,2.03,4.51,5.55,5.72,0.89,63.83,66.67,33.12,-6.96,1.89,0.96,7.06,0.15,68.83,28.9,5.04
601059.SH,信达证券,42.74,40.51,2.75,4.58,4.85,,0.26,10.0,,38.33,-19.08,4.0,0.0,75.41,1.93,10.14,8.84,8.81
688161.SH,威高骨科,52.13,75.67,2.92,4.09,4.2,3.69,0.29,43.03,64.67,15.55,37.0,-8.0,0.88,21.8,0.17,-9.46,18.48,12.41
688409.SH,富创精密,75.02,84.77,4.16,3.82,4.18,2.94,0.64,61.73,28.78,7.12,370.96,64.05,,41.29,0.12,1.32,22.17,17.95
601375.SH,中原证券,97.53,147.26,1.52,1.02,1.17,,0.37,28.0,,10.93,-26.61,-3.46,0.05,72.52,1.02,-42.6,143.71,83.36
601156.SH,东航物流,9.51,9.54,1.5,11.76,12.54,10.9,,0.0,19.19,13.32,26.78,13.52,,33.32,0.59,0.71,1.62,1.52
688247.SH,宣泰医药,40.84,52.72,4.08,6.95,7.58,7.06,0.37,31.54,51.24,25.53,130.45,-0.52,1.49,13.46,0.19,-101.94,7.59,5.39
601179.SH,中国西电,39.58,42.61,1.9,3.59,3.61,2.43,1.34,38.22,20.48,6.52,74.49,9.69,0.09,45.78,0.19,4.4,11.87,10.96
002273.SZ,水晶光电,26.75,31.11,3.48,9.52,9.92,8.13,2.22,69.77,31.57,18.67,127.36,16.35,0.78,19.97,0.05,1.9,3.27,2.7
603607.SH,京华激光,30.55,31.06,2.83,6.29,6.83,4.42,1.62,57.69,28.31,11.35,28.42,3.69,9.81,35.65,0.06,8.41,4.93,4.47
688131.SH,皓元医药,42.84,61.73,3.02,4.97,5.49,4.11,0.29,17.65,47.58,8.7,21.04,43.72,11.07,41.89,0.06,1.41,12.42,7.8
688698.SH,伟创电气,26.82,31.73,3.61,10.24,10.45,7.23,0.77,27.45,40.53,17.66,36.4,32.59,0.07,27.33,0.03,0.97,3.1,2.57
600406.SH,国电南瑞,35.55,29.4,4.6,9.29,9.47,6.14,2.42,60.0,29.26,14.66,6.02,10.23,0.0,41.22,0.05,2.87,3.16,3.75
688606.SH,奥泰生物,20.98,27.0,1.42,4.0,5.12,5.1,2.19,65.79,55.76,31.96,59.78,22.71,,6.74,0.22,1.19,6.74,4.1
600332.SH,白云山,11.09,15.31,1.29,8.03,8.81,5.08,2.62,30.02,17.7,5.57,-16.95,7.05,2.18,51.99,0.43,2.17,1.91,1.26
601006.SH,大秦铁路,10.76,13.15,0.8,5.85,5.77,5.97,5.3,48.35,19.75,17.24,-23.07,3.84,,18.65,0.51,3.43,2.25,1.86
832876.BJ,慧为智能,226.13,-1307.02,6.03,1.18,2.03,0.53,,0.0,15.4,1.55,-43.68,15.35,,31.53,0.09,扣非亏损,扣非转亏,222.78
600369.SH,西南证券,49.84,61.03,1.25,1.92,1.89,,0.86,38.89,,27.31,-13.94,-4.76,,69.36,0.51,-12.82,31.79,26.37
000400.SZ,许继电气,23.68,27.84,2.49,7.84,8.02,4.75,1.35,29.69,21.94,10.67,20.23,15.02,,47.18,0.19,1.85,3.55,2.95
002673.SZ,西部证券,41.26,39.99,1.42,2.55,2.59,,1.41,34.51,,16.88,-17.72,12.91,0.02,70.5,0.6,3.1,15.7,15.93
002553.SZ,南方精工,79.75,49.83,4.15,7.44,3.91,2.56,0.82,127.55,33.81,6.8,16.01,13.59,0.47,17.19,0.1,3.67,6.7,20.4
300965.SZ,*ST恒宇,77.75,-12.3,1.63,0.91,1.58,1.31,,0.0,41.42,16.19,526.53,-52.97,,14.69,0.34,扣非亏损,扣非转亏,98.41
603039.SH,泛微网络,126.94,64.71,7.11,3.13,4.19,1.59,0.32,21.74,93.08,6.22,596.84,18.05,,43.93,0.08,3.58,20.64,30.3
301256.SZ,华融化学,44.67,64.62,2.25,2.1,3.73,3.28,2.43,68.97,17.06,7.77,-53.96,12.53,,36.82,0.21,5.16,30.77,11.98
688585.SH,上纬新材,32.79,42.74,2.27,4.85,5.27,4.29,0.25,11.67,15.27,5.89,-0.39,-9.5,,33.14,0.06,-4.5,8.82,6.22
002748.SZ,ST世龙,50.5,37.65,1.18,2.14,1.73,1.59,,0.0,12.59,1.63,249.64,12.74,,41.25,0.15,2.96,35.21,58.38
002931.SZ,锋龙股份,1655.6,-248.4,3.7,0.08,0.15,0.24,,0.0,19.06,0.35,101.86,-4.43,1.17,31.46,0.06,扣非亏损,扣非转亏,22074.67
603277.SH,银都股份,16.11,18.49,3.5,15.85,16.28,13.06,3.73,81.97,46.14,22.9,15.16,20.07,,32.37,0.15,0.92,1.17,0.99
301230.SZ,泓博医药,173.48,-464.6,3.38,0.57,1.38,0.62,0.92,94.29,23.76,3.89,-85.6,22.5,,23.09,0.05,扣非亏损,扣非转亏,125.71
603668.SH,天马科技,64.37,-143.36,2.64,3.09,3.09,2.44,0.05,0.0,11.34,1.97,290.61,26.02,4.34,69.74,0.09,扣非亏损,扣非转亏,41.66
600835.SH,上海机电,18.55,22.13,1.33,5.09,5.36,2.47,3.71,44.9,15.76,6.89,-10.61,-1.43,0.03,56.33,1.0,-15.5,4.35,3.46
002050.SZ,三花智控,30.07,31.37,5.0,12.37,12.61,8.29,1.02,30.86,27.7,11.28,1.14,26.86,0.03,45.8,0.05,1.17,2.54,2.38
002226.SZ,江南化工,14.55,18.35,1.56,7.53,8.3,7.36,1.37,20.56,31.77,14.05,0.04,29.27,7.86,40.14,0.13,0.63,2.44,1.75
002422.SZ,科伦药业,14.56,16.59,2.13,11.59,11.32,10.05,2.75,47.34,52.51,17.4,27.32,9.03,0.38,31.68,0.13,1.84,1.43,1.29
603270.SH,金帝股份,36.76,51.64,1.9,3.35,3.88,2.83,0.65,27.03,29.1,8.9,-29.22,11.79,,30.99,0.31,4.38,15.42,9.47
000563.SZ,陕国投A,16.67,17.81,1.18,5.32,5.37,5.0,2.3,33.07,,46.34,15.94,12.25,,30.24,,1.45,3.35,3.1
603699.SH,纽威股份,15.91,18.86,4.46,21.27,21.17,12.43,3.75,54.17,36.72,18.74,29.66,16.04,,50.08,0.06,1.18,0.89,0.75
603233.SH,大参林,16.12,22.25,2.76,12.45,12.09,5.32,1.24,30.1,34.67,4.63,-26.31,19.05,43.76,68.6,0.31,1.17,1.79,1.33
002595.SZ,豪迈科技,18.8,20.01,3.7,14.81,15.38,15.45,2.1,30.78,34.94,22.29,18.33,10.64,,14.97,0.05,1.88,1.35,1.22
000498.SZ,山东路桥,5.23,4.95,0.72,5.68,7.71,1.9,3.19,13.51,12.3,4.2,2.77,27.79,0.83,77.25,0.76,0.18,0.87,0.68
002128.SZ,电投能源,7.92,9.04,1.37,13.22,13.53,12.05,4.77,32.23,36.45,22.99,22.96,10.53,0.49,28.25,0.1,0.86,0.68,0.59
600248.SH,陕建股份,4.48,4.95,0.72,9.74,12.73,1.56,3.73,14.87,10.73,3.3,-8.73,11.04,0.06,88.12,1.18,0.45,0.51,0.35
601898.SH,中煤能源,8.79,9.95,1.15,9.83,9.95,7.44,4.56,30.07,25.18,13.54,-12.94,14.47,0.0,47.08,0.75,0.69,1.01,0.88
605009.SH,豪悦护理,15.84,14.77,1.95,8.98,8.64,6.63,4.45,29.93,28.32,14.43,-0.81,2.41,,30.96,0.23,6.13,1.64,1.83
603310.SH,巍华新材,26.49,,1.61,5.55,6.85,5.09,,0.0,32.91,23.35,,-16.34,,7.65,2.02,,,7.73
601225.SH,陕西煤业,10.81,10.43,2.42,17.75,16.92,15.45,6.29,60.05,34.76,21.03,-13.94,24.04,,34.29,0.17,0.43,0.59,0.64
688692.SH,达梦数据,122.1,87.54,9.22,7.08,8.62,6.05,,0.0,86.32,27.15,45.88,15.44,,12.61,0.51,5.67,24.72,28.33
688097.SH,博众精工,35.38,37.06,2.78,4.65,5.92,3.78,0.39,14.82,34.78,7.6,-2.21,24.56,,51.89,0.08,1.51,7.97,5.98
600436.SH,片仔癀,41.72,47.77,10.66,19.82,18.92,18.17,0.96,50.0,45.44,32.16,11.25,15.76,,18.82,0.02,3.03,2.41,2.2
000561.SZ,烽火电子,-70.47,-287.81,3.01,-3.79,-3.15,-1.44,,0.0,35.35,-9.68,-165.25,2.23,,52.16,0.04,扣非亏损,扣非亏损,亏损
002324.SZ,普利特,36.91,41.11,2.34,4.4,4.79,2.41,0.38,11.22,13.93,3.28,-48.77,25.71,8.72,59.05,0.13,1.6,9.34,7.71
600858.SH,银座股份,15.84,50.8,0.91,2.42,4.41,3.46,,0.0,38.97,2.44,-22.81,0.87,8.11,77.08,1.18,58.17,41.92,7.18
600477.SH,杭萧钢构,24.67,32.44,1.3,3.61,4.02,2.04,1.52,40.0,16.93,3.55,-18.22,10.11,,65.26,0.08,3.21,8.99,6.14
600236.SH,桂冠电力,17.29,22.63,2.94,10.98,12.6,6.98,3.61,82.87,49.17,33.98,87.3,-2.13,1.21,50.19,0.03,-10.62,2.06,1.37
002560.SZ,通达股份,35.22,88.82,1.28,2.49,2.76,2.68,,0.0,8.24,1.82,-37.65,52.34,6.8,44.46,0.23,1.7,71.24,25.52
600202.SH,哈空调,954.52,-1713.12,2.2,-1.48,0.17,1.06,,0.0,12.67,0.26,-168.37,17.1,0.1,71.51,0.14,扣非亏损,扣非亏损,11229.61
605369.SH,拱东医疗,26.04,29.71,2.95,8.43,8.37,7.44,1.43,30.93,33.35,16.91,70.42,11.11,11.69,15.66,0.1,2.67,3.52,3.11
601096.SH,宏盛华源,51.25,67.62,2.81,3.33,4.15,2.54,0.25,22.54,9.11,2.36,104.69,14.22,,54.4,0.46,4.76,20.31,12.35
300512.SZ,中亚股份,60.09,640.02,1.87,1.75,2.31,1.55,1.19,100.0,26.88,4.27,-44.5,19.22,2.77,38.27,0.1,33.31,365.49,26.01
002867.SZ,周大生,12.09,13.1,2.22,13.3,13.08,13.94,6.26,53.72,20.58,7.89,-20.55,49.34,,24.91,0.11,0.27,0.98,0.92
600679.SH,上海凤凰,84.51,102.35,2.53,2.18,2.3,1.81,,0.0,14.24,2.81,109.51,11.95,16.29,33.84,0.18,8.56,93.96,73.58
300288.SZ,朗玛信息,92.03,104.17,3.08,2.5,2.51,2.52,0.27,19.57,36.56,14.61,-38.97,7.0,34.52,12.83,0.07,14.88,41.71,36.67
605123.SH,派克新材,21.5,23.72,1.62,5.39,5.68,3.72,1.4,31.52,20.61,9.95,-36.34,53.07,,37.58,0.19,0.45,4.4,3.79
002984.SZ,森麒麟,11.44,12.75,2.11,13.97,13.83,11.36,1.42,20.4,35.45,27.22,79.43,18.73,,23.73,0.19,0.68,0.91,0.83
600894.SH,广日股份,15.57,14.65,1.31,6.1,5.87,3.13,7.35,60.97,14.99,10.73,9.65,3.38,1.87,38.96,0.43,4.33,2.4,2.65
688056.SH,莱伯泰科,43.56,75.48,2.51,3.45,4.21,3.73,2.39,195.12,44.87,11.28,14.89,6.41,1.93,11.57,0.16,11.77,21.91,10.35
603757.SH,大元泵业,13.04,18.15,2.22,9.21,11.54,7.9,4.95,58.48,30.31,14.67,-37.9,10.02,,42.0,0.14,1.81,1.97,1.13
601199.SH,江南水务,14.75,16.04,1.37,7.28,7.03,4.97,2.1,29.71,37.55,26.48,14.32,12.76,,38.25,0.13,1.26,2.2,2.1
603998.SH,方盛制药,16.27,28.32,3.1,10.67,14.94,8.06,2.65,46.51,72.86,16.87,33.87,9.26,16.03,47.92,0.04,3.06,2.65,1.09
601211.SH,国泰君安,13.77,17.8,1.15,5.42,5.97,,2.69,40.82,,34.18,13.98,2.12,2.35,81.44,1.37,8.38,3.28,2.31
603040.SH,新坐标,14.6,16.98,2.36,11.39,12.39,11.96,2.1,28.99,52.45,33.85,15.22,15.85,0.08,12.78,0.06,1.07,1.49,1.18
300993.SZ,玉马遮阳,17.9,18.13,2.22,9.0,9.11,9.28,1.64,33.33,40.61,23.26,7.49,20.5,,8.69,0.2,0.88,2.02,1.96
688375.SH,国博电子,76.81,68.38,5.22,4.98,4.98,3.6,0.79,0.0,36.39,16.9,-27.25,18.14,,25.29,0.18,3.77,27.44,30.85
603128.SH,华贸物流,13.09,17.54,1.36,7.86,7.91,6.69,4.47,42.55,10.88,3.39,-11.72,10.22,22.29,41.7,0.17,1.71,2.23,1.66
300737.SZ,科顺股份,36.21,-14.1,1.24,0.08,2.51,1.5,,0.0,23.04,2.33,-50.23,8.95,0.47,65.53,0.56,扣非亏损,扣非转亏,28.85
000905.SZ,厦门港务,19.22,44.09,0.98,1.46,3.85,3.33,1.39,32.01,2.6,1.31,-20.91,15.85,0.37,53.46,0.15,2.78,30.2,4.99
000937.SZ,冀中能源,13.73,11.91,1.02,5.46,5.59,4.74,8.4,42.88,35.89,10.66,-50.11,11.47,0.38,52.48,0.66,1.04,2.18,2.46
300320.SZ,海达股份,42.1,41.61,2.86,5.12,5.21,4.31,0.32,10.87,18.1,5.18,29.37,6.57,7.08,36.2,0.03,6.33,8.13,8.08
002009.SZ,天奇股份,-71.64,-22.63,2.62,-5.19,-2.76,0.15,,0.0,13.37,-2.73,69.75,1.15,16.99,64.27,0.13,扣非亏损,扣非亏损,亏损
603630.SH,拉芳家化,37.99,54.35,1.42,2.6,2.79,2.23,1.5,79.31,47.39,8.12,-27.4,-3.53,,11.54,0.42,-15.39,20.88,13.62
002734.SZ,利民股份,40.09,40.27,1.1,1.24,1.88,2.21,2.51,117.65,18.13,1.76,198.44,-0.65,1.24,60.02,0.3,-62.06,32.37,21.32
600315.SH,上海家化,53.33,84.8,1.5,1.56,2.1,1.84,1.09,30.67,59.41,3.63,-59.74,-1.83,27.97,31.15,0.06,-46.33,54.49,25.39
601318.SH,中国平安,6.37,9.18,1.12,12.39,13.1,,6.03,30.99,,18.06,27.33,-1.74,3.45,89.79,1.16,-5.27,0.74,0.49
603768.SH,常青股份,35.87,38.77,1.37,2.67,3.47,2.25,,0.0,16.05,2.87,-26.51,12.94,,57.02,0.21,3.0,29.06,20.67
300861.SZ,美畅股份,31.34,26.71,1.78,3.75,4.3,4.59,0.45,4.53,24.57,15.39,-81.72,58.21,0.12,9.81,0.06,0.46,7.13,7.29
301300.SZ,远翔新材,39.23,46.32,2.18,4.0,4.1,3.24,1.26,74.07,21.11,9.6,20.08,8.01,,18.51,0.59,5.79,11.58,9.57
872541.BJ,铁大科技,55.22,41.91,4.54,5.34,6.37,4.5,3.24,47.26,47.21,15.46,39.27,14.49,,28.64,0.06,2.89,7.85,8.67
001336.SZ,楚环科技,52.43,46.56,1.94,2.3,2.78,2.0,0.35,21.3,34.57,7.95,5.24,7.88,,36.53,0.4,5.91,20.26,18.86
601238.SH,广汽集团,580.62,-40.04,0.82,-1.63,0.1,-0.27,1.71,23.81,6.13,-0.67,-146.49,27.6,0.05,45.28,0.65,扣非亏损,扣非亏损,5806.19
002353.SZ,杰瑞股份,17.52,16.56,1.86,7.08,8.09,5.94,1.74,20.33,35.02,20.49,-8.66,19.25,0.42,39.95,0.22,0.86,2.34,2.17
301505.SZ,苏州规划,101.56,37.89,2.3,1.25,1.67,1.14,2.2,38.46,37.08,8.69,-46.73,3.78,1.1,25.26,0.08,10.02,30.34,60.82
301168.SZ,通灵股份,38.74,46.54,1.71,2.84,3.35,2.83,0.36,12.26,17.14,7.19,-54.53,22.63,0.09,36.16,0.52,2.06,16.4,11.56
688318.SH,财富趋势,171.68,138.78,9.5,3.18,4.11,3.93,0.63,33.61,82.04,68.49,-33.09,17.72,,6.01,0.02,7.83,43.66,41.77
300658.SZ,延江股份,41.7,134.7,1.35,1.99,2.42,2.52,0.52,58.33,18.04,3.44,12.3,-6.96,0.38,48.56,0.13,-19.34,67.83,17.23
300470.SZ,中密控股,21.24,22.27,3.01,9.91,10.32,9.97,2.65,29.56,47.61,23.78,13.6,14.17,6.22,19.92,0.04,1.57,2.25,2.06
600895.SH,张江高科,67.46,65.53,3.66,4.03,4.03,1.96,0.98,31.15,58.55,29.85,-33.28,55.43,,70.35,0.05,1.18,16.25,16.74
000338.SZ,潍柴动力,10.81,11.92,1.4,9.3,10.14,3.82,3.8,28.17,21.86,6.39,36.73,1.62,20.38,64.73,0.94,7.35,1.28,1.07
002075.SZ,沙钢股份,103.2,-595.03,2.26,-0.13,1.58,0.48,1.31,55.56,4.66,1.0,-121.88,3.65,,63.49,0.72,扣非亏损,扣非亏损,65.32
600938.SH,中国海油,8.07,8.63,1.75,16.73,16.43,14.95,5.44,23.09,54.45,35.79,21.07,42.88,2.07,33.24,2.45,0.2,0.52,0.49
301036.SZ,双乐股份,36.56,40.48,2.89,5.62,6.03,5.95,1.35,63.83,16.82,8.31,369.89,2.19,,10.42,0.01,18.5,7.2,6.06
603817.SH,海峡环保,13.55,19.46,1.13,5.78,6.21,4.21,0.86,20.36,41.83,18.58,20.38,13.24,,55.93,0.09,1.47,3.37,2.18
600837.SH,海通证券,-173.99,-34.75,0.95,-0.6,-0.41,,1.07,125.0,,-1.64,-126.12,-12.81,2.04,75.55,1.44,扣非亏损,扣非亏损,亏损
002363.SZ,隆基机械,59.01,86.32,1.37,1.53,1.72,0.85,0.98,88.89,9.48,1.97,8.55,12.23,0.32,34.78,0.37,7.06,56.54,34.31
002833.SZ,弘亚数控,13.6,15.45,2.99,15.44,16.04,12.83,6.76,43.17,32.59,21.21,-6.85,18.72,,27.33,0.21,0.83,1.0,0.85
688317.SH,之江生物,-207.49,-18.03,0.95,-0.51,-0.34,-1.95,,0.0,72.4,-9.46,-177.13,-24.87,0.14,4.14,0.76,扣非亏损,扣非亏损,亏损
600039.SH,四川路桥,10.31,10.94,1.44,10.38,10.24,3.33,6.9,49.71,15.76,6.8,-39.12,16.21,,79.55,0.35,0.67,1.05,1.01
688679.SH,通源环境,142.11,148.89,1.14,0.41,0.61,0.61,0.57,30.42,18.06,0.74,-81.25,20.73,,60.41,0.24,7.18,361.55,232.97
300855.SZ,图南股份,29.07,30.82,5.06,13.58,13.53,12.47,0.99,35.71,35.83,23.91,2.94,36.59,,20.85,0.04,0.84,2.27,2.15
002818.SZ,富森美,13.66,13.59,1.76,9.31,9.22,9.09,8.67,62.96,68.14,51.86,-10.01,5.01,,18.7,0.11,2.71,1.46,1.48
002932.SZ,明德生物,42.14,-21.75,0.77,-0.66,1.35,1.0,0.52,36.36,51.79,27.64,-185.76,124.76,,10.54,0.16,扣非亏损,扣非亏损,31.22
300394.SZ,天孚通信,49.34,51.37,16.6,26.94,27.39,25.2,1.09,54.11,58.21,40.83,126.15,32.04,0.76,16.9,0.03,1.6,1.91,1.8
601555.SH,东吴证券,16.5,19.21,1.0,4.56,4.55,,2.57,47.0,,21.77,5.87,15.56,0.79,77.08,0.91,1.23,4.21,3.63
600180.SH,瑞茂通,30.76,25.44,0.65,3.51,1.59,1.19,1.48,32.44,4.08,0.59,5.83,6.33,,77.33,0.68,4.02,7.24,19.35
300941.SZ,创识科技,121.12,62.19,3.62,2.11,2.23,2.14,0.58,35.0,43.43,20.21,-15.5,-23.8,,5.64,0.02,-2.61,29.52,54.31
600834.SH,申通地铁,62.18,88.16,2.52,2.52,3.05,3.35,0.63,35.96,25.13,13.54,-29.06,10.38,,29.18,0.06,8.49,34.98,20.39
600217.SH,中再资环,120.17,164.53,2.91,1.79,2.4,2.48,,0.0,12.94,2.35,10.63,2.42,1.02,57.96,0.11,67.99,183.76,100.14
831305.BJ,海希通讯,46.56,66.85,3.47,4.62,5.65,5.41,0.83,29.41,35.08,14.18,-3.39,-5.9,1.92,28.06,0.09,-11.32,14.47,8.24
300718.SZ,长盛轴承,23.96,24.55,3.34,10.21,10.67,9.56,2.17,29.01,34.82,20.8,-0.79,20.76,,14.65,0.05,1.18,2.41,2.25
603258.SH,电魂网络,51.93,722.94,2.32,2.29,3.29,2.01,0.91,90.43,68.85,18.1,-50.47,-12.57,9.93,16.99,0.23,-57.53,315.98,15.78
301077.SZ,星华新材,20.29,21.21,2.26,8.26,8.44,5.92,2.79,70.0,32.35,17.91,72.37,5.01,,34.3,1.12,4.23,2.57,2.4
301603.SZ,乔锋智能,26.96,,2.58,8.84,10.23,5.99,,0.0,29.9,12.6,,-6.1,0.01,37.24,0.76,,,5.27
688646.SH,逸飞激光,43.25,41.76,1.99,2.21,3.35,2.29,0.9,26.61,29.35,11.38,2.84,32.62,1.69,39.7,0.13,1.28,18.9,12.91
002090.SZ,金智科技,72.97,58.39,2.41,2.27,2.48,1.17,0.5,32.83,25.72,3.14,89.29,-4.26,2.1,49.99,0.06,-13.7,25.67,29.42
000731.SZ,四川美丰,16.38,21.57,0.99,3.82,4.48,4.46,2.3,25.81,17.93,7.15,-43.41,15.17,,26.37,0.2,1.42,5.64,3.66
002625.SZ,光启技术,117.08,127.03,9.54,6.02,5.95,4.91,,0.0,53.62,42.31,28.39,32.95,3.66,13.68,0.08,3.85,42.17,39.35
300573.SZ,兴齐眼药,38.78,42.62,9.19,17.46,16.03,16.04,2.19,155.44,78.38,20.2,63.31,29.42,,25.53,0.04,1.45,2.44,2.42
600352.SH,浙江龙盛,18.48,20.09,0.98,3.42,4.04,2.45,2.98,51.43,28.61,14.69,2.87,2.09,0.36,49.89,0.54,9.63,5.87,4.57
300261.SZ,雅本化学,-100.5,-32.91,3.37,-2.89,-2.49,-1.13,,0.0,16.15,-5.93,-208.45,-12.03,13.97,41.77,0.03,扣非亏损,扣非亏损,亏损
601098.SH,中南传媒,17.72,17.64,1.49,6.04,6.23,5.18,5.41,53.4,44.12,11.04,-22.62,9.14,0.39,40.07,0.58,1.93,2.92,2.84
688507.SH,索辰科技,-61.05,305.18,2.09,-2.67,-2.51,-3.82,0.28,37.25,42.63,-89.58,-77.51,25.89,1.47,3.67,0.66,11.79,扣非亏损,亏损
301209.SZ,联合化学,40.7,44.05,3.31,6.25,6.24,5.33,0.48,28.38,19.63,11.23,105.9,-1.98,,11.84,0.53,-22.21,7.05,6.52
688530.SH,欧莱新材,256.85,,4.01,1.02,1.5,1.37,,0.0,18.87,3.33,,21.5,,16.14,0.11,,,342.47
301448.SZ,开创电气,30.94,38.53,3.24,7.18,8.02,6.6,1.11,34.25,24.27,9.41,27.41,-3.23,,18.41,0.3,-11.91,5.36,3.86
603579.SH,荣泰健康,13.43,14.26,1.36,6.48,7.17,4.39,4.8,66.23,32.43,12.26,-5.54,-0.48,0.03,42.93,0.32,-29.87,2.2,1.87
603650.SH,彤程新材,36.88,52.22,6.55,10.41,12.87,6.94,1.77,86.76,25.44,18.66,8.18,12.77,12.68,56.82,0.05,4.09,5.01,2.87
002676.SZ,顺威股份,77.04,87.27,3.55,3.55,3.55,2.63,,0.0,17.93,2.21,60.04,9.94,11.79,63.57,0.06,8.78,49.12,43.41
603529.SH,爱玛科技,16.27,19.11,4.07,17.6,18.29,7.35,3.52,24.27,17.42,9.02,-0.03,18.51,0.08,63.03,0.11,1.03,1.09,0.89
603517.SH,绝味食品,20.17,25.71,1.76,6.25,6.31,7.28,1.86,89.29,30.56,8.43,15.73,11.63,0.12,25.01,0.08,2.21,4.11,3.2
002249.SZ,大洋电机,15.31,18.95,1.5,7.25,7.5,4.75,4.23,50.0,23.23,7.88,32.38,13.73,8.61,46.27,0.38,1.38,2.61,2.04
002927.SZ,泰永长征,39.34,80.45,2.74,4.87,5.03,3.52,0.86,42.19,29.5,8.33,-36.01,10.73,2.55,39.12,0.07,7.49,16.51,7.82
001332.SZ,锡装股份,13.48,15.89,1.6,8.82,9.04,6.71,1.52,32.72,31.84,17.73,95.31,14.49,,30.51,1.3,1.1,1.8,1.49
603062.SH,麦加芯彩,22.38,35.48,2.09,5.59,6.63,5.59,4.0,66.33,20.52,10.04,-19.24,-24.03,,31.81,0.18,-1.48,6.35,3.38
603013.SH,亚普股份,15.49,15.23,1.88,9.14,9.15,6.86,2.31,43.96,15.44,7.06,-6.77,-0.87,,36.44,0.27,-17.56,1.67,1.69
688092.SH,爱科科技,27.67,26.47,3.06,8.11,8.33,6.6,1.66,39.53,43.57,15.47,-1.75,21.9,0.93,21.66,0.17,1.21,3.26,3.32
603065.SH,宿迁联盛,228.95,281.25,1.77,0.14,0.57,0.27,0.73,54.38,12.74,1.11,-94.66,8.4,0.53,42.49,0.2,33.5,2023.37,401.67
600027.SH,华电国际,8.29,11.9,1.37,7.33,10.73,4.4,2.92,42.86,9.09,7.12,23.62,8.02,0.44,61.74,0.12,1.48,1.62,0.77
600794.SH,保税科技,17.97,20.21,1.71,6.53,7.1,6.43,2.08,40.48,45.58,28.34,-5.01,-8.65,0.53,26.7,0.19,-2.34,3.09,2.53
301550.SZ,斯菱股份,40.09,42.96,4.31,7.75,8.29,6.37,0.86,23.81,32.59,24.58,22.5,1.68,,18.72,0.3,25.61,5.54,4.84
688006.SH,杭可科技,27.1,31.27,2.57,6.54,7.21,3.67,1.79,25.19,29.96,14.07,-51.16,39.76,,45.16,0.22,0.79,4.79,3.76
688188.SH,柏楚电子,41.32,47.74,7.6,13.53,14.07,15.12,0.99,50.3,81.63,59.42,30.97,38.33,0.33,6.43,0.06,1.25,3.53,2.94
603939.SH,益丰药房,19.68,19.59,2.9,10.89,10.79,6.63,1.25,35.71,40.39,6.96,13.01,19.98,43.98,59.94,0.11,0.98,1.8,1.82
688516.SH,奥特维,10.0,10.41,3.6,28.36,28.53,9.83,2.2,35.7,33.14,17.95,39.36,76.64,1.37,68.35,0.17,0.14,0.37,0.35
603881.SH,数据港,70.15,90.47,3.07,2.93,3.32,3.11,0.41,30.0,26.65,8.87,10.5,18.46,4.62,55.61,0.1,4.9,30.84,21.13
688398.SH,赛特新材,28.88,29.08,2.45,5.22,5.62,4.67,1.27,43.96,31.31,9.75,-25.9,19.71,,42.38,0.12,1.48,5.57,5.14
301421.SZ,波长光电,161.15,172.92,5.59,2.27,2.54,2.11,0.48,53.57,35.11,11.08,-34.16,8.45,,12.1,0.06,20.46,76.02,63.44
300919.SZ,中伟股份,22.13,24.45,1.95,5.72,6.57,3.83,2.36,40.0,12.55,5.46,0.92,77.98,4.88,59.97,0.35,0.31,4.27,3.37
300622.SZ,博士眼镜,65.0,75.52,9.2,9.3,10.46,9.14,3.03,81.08,58.55,9.05,-21.98,21.95,1.52,37.67,0.04,3.44,8.12,6.21
601598.SH,中国外运,10.2,11.8,1.0,6.79,7.28,4.95,5.53,24.88,4.88,3.54,-7.13,9.22,5.01,49.84,0.43,1.28,1.74,1.4
603077.SH,和邦生物,61.95,39.71,0.97,1.12,1.16,1.15,,0.0,10.7,2.87,-78.26,28.6,9.49,25.39,0.14,1.39,70.71,106.81
300964.SZ,本川智能,109.51,899.17,3.1,1.25,2.1,1.53,0.76,479.23,18.84,4.94,449.44,6.32,0.22,23.44,0.04,142.38,719.62,52.15
301335.SZ,天元宠物,35.68,43.44,1.38,2.17,2.82,2.86,1.64,57.38,16.77,2.55,-14.49,12.52,,33.62,0.26,3.47,19.98,12.65
601218.SH,吉鑫科技,66.57,55.82,1.14,0.8,1.28,1.57,2.5,73.8,15.01,4.0,-73.68,-11.87,0.0,22.04,0.06,-4.7,69.66,52.01
601198.SH,东兴证券,29.82,29.14,1.36,3.64,3.44,,1.24,40.16,,11.77,51.16,-1.2,0.07,72.11,0.39,-24.27,8.01,8.67
300741.SZ,华宝股份,46.57,81.24,1.55,1.37,2.5,2.76,2.8,64.52,52.2,17.47,-56.65,-10.45,16.26,8.53,0.2,-7.77,59.27,18.63
000581.SZ,威孚高科,10.77,11.21,0.94,6.35,6.52,4.9,6.64,53.19,17.76,16.23,3.26,-4.54,0.6,27.07,0.19,-2.47,1.76,1.65
300384.SZ,三联虹普,15.16,15.52,2.0,10.13,9.98,8.04,3.01,52.75,43.02,28.31,26.61,13.36,9.22,27.21,0.22,1.16,1.53,1.52
605111.SH,新洁能,33.6,34.78,3.86,8.69,8.86,8.0,0.58,19.35,36.58,24.32,61.1,19.43,0.74,10.06,0.12,1.79,4.0,3.79
000925.SZ,众合科技,-42.28,-356.77,1.49,-2.97,-3.05,-0.51,,0.0,30.08,-6.8,-113.63,-7.27,1.0,56.06,0.31,扣非亏损,扣非亏损,亏损
601619.SH,嘉泽新能,10.81,11.32,1.17,8.21,8.08,5.01,3.12,33.33,61.89,30.57,-16.5,32.8,,69.16,0.07,0.35,1.38,1.34
688190.SH,云路股份,29.34,30.16,4.21,10.67,11.15,9.94,1.19,30.69,30.78,18.94,16.35,35.98,,20.16,0.02,0.84,2.83,2.63
603678.SH,火炬电子,44.19,54.87,2.45,3.89,4.12,3.44,0.57,21.43,32.44,9.94,-23.93,1.03,2.3,24.53,0.04,53.04,14.1,10.73
000751.SZ,锌业股份,852.74,152.64,1.35,-0.25,0.12,1.75,,0.0,3.01,0.04,-127.22,24.85,,61.17,0.39,6.14,转盈,14212.27
002277.SZ,友阿股份,33.1,369.28,0.74,1.31,1.7,2.27,0.27,31.43,60.86,10.16,15.36,-15.11,,52.67,0.04,-24.44,281.25,19.47
000155.SZ,川能动力,25.66,25.89,2.12,7.0,7.35,3.72,,0.0,53.94,28.36,12.9,-1.48,0.02,50.23,0.37,-17.53,7.4,6.98
688686.SH,奥普特,44.37,76.72,2.66,4.18,4.53,3.98,0.47,33.42,64.23,17.99,-33.37,16.44,,7.99,0.06,4.67,18.37,9.79
688029.SH,南微医学,22.82,25.83,3.68,12.14,12.21,11.37,1.03,38.61,67.64,23.06,18.11,23.42,4.59,16.74,0.09,1.1,2.13,1.87
601133.SH,柏诚股份,28.36,27.83,2.13,5.49,5.62,3.87,1.59,35.56,10.1,4.13,4.08,28.6,,46.63,0.7,0.97,5.07,5.05
603588.SH,高能环境,11.23,25.2,0.88,4.92,5.86,3.74,1.53,30.15,13.95,5.66,-19.0,15.78,6.15,62.55,0.22,1.6,5.12,1.92
300192.SZ,科德教育,32.72,31.79,5.44,12.09,12.11,10.67,2.74,64.16,34.92,17.99,5.13,-3.08,12.39,30.66,0.12,-10.31,2.63,2.7
002034.SZ,旺能环境,9.7,10.73,1.0,7.91,7.72,5.18,3.28,21.43,39.01,20.51,3.09,27.09,,53.68,0.11,0.4,1.36,1.26
002831.SZ,裕同科技,16.48,15.42,2.18,10.13,9.89,5.96,3.44,39.5,25.19,9.32,9.0,9.5,4.99,48.5,0.26,1.62,1.52,1.67
603915.SH,国茂股份,27.44,26.27,2.12,4.92,5.81,4.64,1.21,33.33,22.89,10.95,-27.38,8.35,3.12,30.4,0.07,3.15,5.34,4.72
688556.SH,高测股份,27.26,16.46,1.96,3.96,4.95,2.81,3.72,10.16,22.98,5.98,-86.11,103.69,,49.22,0.09,0.16,4.16,5.51
002543.SZ,万和电气,12.18,11.73,1.57,11.16,9.52,5.62,4.48,52.63,32.78,8.67,4.71,0.07,,43.97,0.53,175.18,1.05,1.28
601901.SH,方正证券,27.49,37.22,1.53,4.18,4.24,,0.29,8.85,,35.29,3.87,-1.31,9.07,79.85,0.88,-28.31,8.9,6.48
301327.SZ,华宝新能,48.76,-260.56,1.69,1.61,2.62,2.13,,0.0,45.17,7.48,177.54,42.32,0.01,14.75,0.17,扣非亏损,扣非转亏,37.22
600529.SH,山东药玻,17.45,19.95,2.15,8.99,9.37,8.78,1.56,34.19,32.1,18.84,16.72,13.37,,21.96,0.06,1.49,2.22,1.86
002039.SZ,黔源电力,18.28,24.92,1.63,6.88,6.8,4.59,1.38,30.68,55.78,30.4,-2.65,-6.96,,56.09,0.04,-3.58,3.62,2.69
002293.SZ,罗莱生活,19.16,18.18,1.68,5.87,5.99,4.37,4.31,58.51,45.88,8.17,-37.97,3.19,3.28,36.38,0.26,5.69,3.1,3.2
688563.SH,航材股份,44.64,58.38,2.54,3.78,4.3,4.02,0.78,23.79,30.57,19.85,-24.13,19.98,,11.82,0.53,2.92,15.46,10.38
871753.BJ,天纺标,112.44,95.94,8.07,5.03,5.07,5.23,1.67,70.0,49.75,13.64,7.97,-0.2,,13.24,0.13,-486.5,19.09,22.18
301087.SZ,可孚医疗,24.15,35.96,1.71,4.54,5.02,4.38,3.17,96.77,51.38,11.2,12.59,7.49,7.66,26.65,0.52,4.8,7.92,4.81
300695.SZ,兆丰股份,24.71,19.49,1.19,3.3,3.58,2.58,,0.0,29.08,18.46,-24.31,26.35,,13.89,0.47,0.74,11.8,13.81
601369.SH,陕鼓动力,17.85,17.97,1.87,7.23,7.6,2.93,4.89,64.6,22.86,10.36,-7.25,8.86,0.63,64.78,0.74,2.03,2.49,2.35
688013.SH,天臣医疗,26.98,30.75,2.69,6.74,7.38,6.64,,0.0,58.2,21.16,47.77,16.24,,14.88,0.02,1.89,9.13,7.31
601236.SH,红塔证券,46.93,54.49,1.72,2.79,2.79,,0.79,85.71,,39.24,218.58,-7.8,,53.93,0.15,-6.99,19.5,16.82
605100.SH,华丰股份,32.36,24.47,1.25,2.66,2.8,2.05,2.51,62.5,14.11,7.2,-16.9,7.21,,24.67,0.18,3.39,9.22,11.56
601886.SH,江河集团,11.16,10.23,0.91,4.54,5.86,2.56,3.0,33.9,15.26,3.44,-16.63,6.03,4.66,70.55,0.66,1.7,2.25,1.91
688248.SH,南网科技,52.88,50.27,6.62,9.51,9.63,6.85,0.7,35.0,31.13,13.45,87.34,31.75,0.77,29.14,0.12,1.58,5.28,5.49
600480.SH,凌云股份,13.78,15.78,1.25,6.02,6.92,4.94,2.74,36.23,17.44,5.23,3.31,11.45,0.1,50.19,0.34,1.38,2.62,1.99
600079.SH,人福医药,17.26,19.89,2.05,8.71,9.02,7.93,1.85,34.85,46.76,11.01,1.21,5.95,4.51,43.72,0.11,3.34,2.28,1.91
600390.SH,五矿资本,21.36,22.81,0.81,2.33,2.08,1.33,4.51,30.26,0.11,106.13,-34.07,-14.04,3.27,62.0,0.68,-1.62,9.79,10.27
688200.SH,华峰测控,56.62,56.76,4.68,6.6,6.27,5.49,0.46,30.11,76.57,34.3,15.72,35.79,,6.54,0.12,1.59,8.6,9.03
000501.SZ,武商集团,39.63,94.23,0.59,0.75,1.12,1.34,0.59,18.52,47.31,2.42,-13.65,-1.51,,64.43,0.52,-62.41,125.29,35.39
300660.SZ,江苏雷利,30.43,37.51,2.89,7.07,7.15,4.39,1.85,55.8,28.76,10.61,-11.19,8.65,4.85,38.0,0.16,4.34,5.3,4.26
600219.SH,南山铝业,10.49,12.06,0.98,6.95,7.29,6.35,4.08,40.0,25.34,17.4,64.23,11.01,,18.92,0.5,1.1,1.73,1.44
600621.SH,华鑫股份,40.53,61.24,2.03,3.8,3.82,0.74,0.8,30.54,5.43,3141.92,46.28,-40.15,0.72,82.53,0.66,-1.53,16.1,10.61
002345.SZ,潮宏基,11.07,15.15,1.25,8.42,8.55,6.92,3.67,65.79,24.16,6.5,0.77,24.35,17.58,34.75,0.11,0.62,1.8,1.3
600085.SH,同仁堂,31.6,35.57,4.38,10.14,10.05,7.86,0.93,41.08,43.7,14.35,-4.17,11.77,0.22,34.35,0.19,3.02,3.51,3.14
688271.SH,联影医疗,126.36,86.96,5.88,2.44,3.52,2.53,0.18,10.42,49.41,9.47,-44.0,25.6,0.11,26.1,0.08,3.4,35.69,35.9
601919.SH,中远海控,4.55,5.8,1.04,18.18,17.82,10.39,7.72,15.54,30.76,24.81,73.13,18.97,2.32,44.53,1.03,0.31,0.32,0.26
603883.SH,老百姓,16.3,17.0,1.97,8.89,9.14,5.1,1.67,31.45,33.87,4.58,-5.94,17.38,77.74,64.41,0.15,0.98,1.91,1.78
603155.SH,新亚强,31.44,67.1,1.77,3.42,4.31,3.69,,0.0,21.14,17.77,-24.64,22.62,,9.76,0.06,2.97,39.21,14.59
603391.SH,力聚热能,19.95,14.43,1.92,4.74,10.54,5.78,,0.0,38.93,23.93,65.26,22.42,,38.55,0.79,0.64,6.09,3.78
002756.SZ,永兴材料,19.48,22.15,2.01,6.06,7.59,6.89,5.75,31.6,18.36,15.92,-73.15,46.47,0.58,8.51,0.39,0.48,3.66,2.57
600750.SH,江中药业,15.87,17.65,3.61,16.31,16.03,12.21,6.23,62.5,67.67,23.01,9.52,21.11,0.99,30.93,0.07,0.84,1.08,0.99
002223.SZ,鱼跃医疗,17.57,24.94,2.86,10.49,12.54,10.32,2.31,33.2,50.13,25.44,-23.74,5.92,8.74,18.26,0.2,4.21,2.38,1.4
688623.SH,双元科技,36.52,44.25,1.6,2.69,3.19,1.85,2.23,61.33,42.07,24.34,-43.94,38.66,,20.73,1.08,1.14,16.47,11.45
600535.SH,天士力,19.96,20.19,1.76,7.83,6.7,5.87,1.94,45.83,66.8,12.81,-6.78,-10.98,0.12,22.67,0.16,-1.84,2.58,2.98
301538.SZ,骏鼎达,30.5,,3.89,11.99,11.37,12.1,,15.04,43.55,19.59,,23.28,,14.38,0.08,,,2.68
300442.SZ,润泽科技,27.36,26.48,5.87,16.68,16.59,6.62,2.04,12.33,30.73,23.74,33.65,47.8,3.95,66.02,0.17,0.55,1.59,1.65
002823.SZ,凯中精密,32.48,35.3,2.54,6.39,7.04,5.04,0.63,29.8,17.08,4.98,123.84,16.6,1.15,45.65,0.03,2.13,5.53,4.61
001326.SZ,联域股份,21.01,26.19,2.17,7.0,7.55,4.96,1.45,29.41,22.6,8.22,-35.35,7.84,,37.04,0.96,3.34,3.74,2.78
688366.SH,昊海生科,34.07,38.69,2.74,5.68,5.93,4.91,0.92,40.98,70.42,15.23,5.53,25.92,7.02,16.73,0.2,1.49,6.81,5.75
301257.SZ,普蕊斯,24.93,26.53,2.11,5.63,6.47,5.91,0.37,7.41,24.52,12.17,-27.42,32.07,,17.37,0.23,0.83,4.71,3.85
300517.SZ,海波重科,80.0,469.2,1.82,0.47,1.65,1.65,,0.0,17.25,5.74,-4.97,-15.81,,30.24,0.09,-29.68,1997.02,96.97
000001.SZ,平安银行,4.28,4.86,0.54,8.26,9.1,,7.66,31.96,,35.61,0.45,2.69,1.54,91.46,,1.81,0.59,0.47
603682.SH,锦和商管,41.68,-139.71,1.98,-0.24,3.34,3.08,3.83,0.0,27.41,3.2,-104.87,12.33,10.51,80.29,0.13,扣非亏损,扣非亏损,24.96
605499.SH,东鹏饮料,31.67,37.72,16.28,39.91,37.45,18.6,1.37,49.03,45.05,21.56,77.3,31.68,,64.73,0.05,1.19,0.95,0.85
603170.SH,宝立食品,25.97,30.56,4.57,11.88,12.64,12.43,2.22,50.0,31.8,10.15,-12.44,39.93,2.06,30.34,0.19,0.77,2.57,2.05
301213.SZ,观想科技,430.56,-526.41,3.96,0.32,0.69,-0.03,,0.0,50.45,7.4,23.12,-9.3,,12.79,0.25,扣非亏损,扣非转亏,1248.0
603619.SH,中曼石油,11.09,12.25,2.56,19.51,22.57,10.67,3.35,30.24,47.73,22.5,-5.96,33.78,,61.99,0.27,0.36,0.63,0.49
688257.SH,新锐股份,17.1,21.54,1.42,5.31,6.27,5.27,1.6,31.83,31.72,11.5,4.53,28.6,6.89,38.85,0.15,0.75,4.06,2.73
873833.BJ,美心翼申,48.65,72.1,2.08,2.72,3.07,2.37,1.99,47.62,18.57,5.8,-38.56,-8.3,,16.93,0.19,-8.68,26.48,15.85
603214.SH,爱婴室,33.85,31.87,1.97,2.08,4.26,3.59,2.14,46.96,26.07,2.13,10.2,15.35,11.9,55.55,0.02,2.08,15.32,7.95
300870.SZ,欧陆通,36.64,51.09,3.92,7.25,8.14,4.0,0.77,17.62,21.28,5.89,133.94,11.57,,59.99,0.17,4.41,7.04,4.5
605377.SH,华旺科技,10.86,11.31,1.52,9.46,9.94,6.52,5.76,63.95,17.22,14.32,-1.27,38.32,,36.15,0.37,0.3,1.2,1.09
688789.SH,宏华数科,31.19,34.02,4.25,10.15,10.44,9.4,0.5,18.25,46.45,25.39,29.01,22.41,6.74,22.3,0.1,1.52,3.35,2.99
300417.SZ,南华仪器,66.03,-98.9,3.52,-2.92,3.98,3.5,,0.0,39.6,27.54,-95.1,-27.88,,5.39,0.09,扣非亏损,扣非亏损,33.18
688273.SH,麦澜德,20.31,29.58,1.99,6.66,7.07,6.94,1.8,66.8,72.35,30.41,22.81,0.76,3.8,11.05,0.6,39.09,4.44,2.87
002538.SZ,司尔特,16.68,24.57,1.03,4.26,4.67,4.55,1.99,84.03,20.1,7.98,121.92,2.59,5.84,15.99,0.04,9.5,5.76,3.57
600367.SH,红星发展,51.45,92.63,1.67,2.33,2.46,2.16,0.08,11.11,18.22,3.98,25785.63,16.23,,19.38,0.25,5.71,39.78,20.91
605286.SH,同力日升,17.92,19.65,2.7,11.63,11.65,10.56,1.27,30.89,25.12,15.02,69.24,12.43,11.73,41.8,0.07,1.58,1.69,1.54
300720.SZ,海川智能,70.5,86.23,5.98,5.81,6.19,5.57,1.29,96.93,51.27,20.88,22.96,2.54,,9.49,0.07,33.91,14.84,11.39
603167.SH,渤海轮渡,12.66,19.11,1.17,5.12,6.74,9.22,5.97,100.0,29.65,21.18,5.64,18.04,6.97,12.85,0.03,1.06,3.74,1.88
002270.SZ,华明装备,23.94,28.74,5.1,14.67,14.63,13.22,5.81,90.16,49.89,29.37,10.79,12.76,3.2,29.46,0.07,2.25,1.96,1.64
000655.SZ,金岭矿业,19.1,19.64,1.15,4.27,4.52,3.85,1.67,30.38,17.41,14.0,-19.7,2.76,,11.72,0.56,7.12,4.6,4.22
000878.SZ,云南铜业,12.86,17.03,1.76,10.2,10.61,6.61,2.75,38.07,3.42,1.65,-0.34,19.71,,64.78,0.29,0.86,1.67,1.21
300836.SZ,佰奥智能,128.25,-10501.0,5.98,3.54,3.43,2.29,,0.0,23.92,5.24,278.81,19.14,,40.43,0.03,扣非亏损,扣非转亏,74.78
301110.SZ,青木科技,39.55,44.67,2.75,4.44,5.05,5.23,1.49,76.8,51.08,8.49,240.77,15.37,0.37,10.35,0.38,2.91,10.05,7.83
300888.SZ,稳健医疗,27.08,75.94,1.78,4.12,4.78,3.65,1.34,51.02,48.14,9.66,-24.01,-7.51,12.54,32.29,0.65,-10.11,18.42,5.67
000920.SZ,沃顿科技,20.98,25.14,2.3,8.14,8.01,6.14,1.24,35.14,38.03,13.46,8.59,10.87,,27.49,0.21,2.31,3.09,2.62
688355.SH,明志科技,32.94,63.72,2.2,2.37,4.99,4.1,2.01,333.33,33.17,12.16,242.94,-3.52,,20.6,0.05,-18.12,26.94,6.6
002825.SZ,纳尔股份,18.65,20.77,1.78,6.96,7.25,3.89,1.41,40.0,17.34,7.64,46.31,8.07,,42.66,0.32,2.57,2.98,2.57
003009.SZ,中天火箭,290.05,91.23,4.23,0.96,1.06,0.56,0.13,10.03,18.82,2.67,-51.17,11.61,,47.06,0.14,7.86,95.48,273.63
000807.SZ,云铝股份,9.49,9.41,1.73,13.71,14.22,12.96,1.88,20.18,14.65,11.28,48.81,15.01,,24.99,0.17,0.63,0.69,0.67
300441.SZ,鲍斯股份,5.84,15.52,2.31,11.74,32.36,28.31,1.02,16.28,34.79,41.78,50.6,7.45,1.97,25.92,0.1,2.08,1.32,0.18
603787.SH,新日股份,22.82,42.0,1.59,3.98,5.27,2.14,1.2,37.5,15.56,2.91,-32.75,-5.75,,56.98,0.16,-7.3,10.56,4.33
300770.SZ,新媒股份,17.16,15.67,2.66,11.62,11.21,9.6,4.81,34.3,49.31,36.41,-12.32,7.82,,28.2,0.37,2.0,1.35,1.53
300525.SZ,博思软件,278.19,41.19,5.7,0.94,1.42,-0.15,1.21,34.13,63.79,-0.95,148.58,22.29,12.37,31.62,0.09,1.85,43.71,195.91
300748.SZ,金力永磁,99.88,181.3,3.89,1.3,2.82,1.7,1.29,61.9,10.03,4.0,-79.63,45.91,,38.95,0.14,3.95,139.78,35.42
603551.SH,奥普科技,18.11,16.01,3.34,11.68,11.71,8.72,7.55,100.0,45.24,14.69,-10.67,8.91,,32.87,0.2,1.8,1.37,1.55
832000.BJ,安徽凤凰,36.91,43.76,4.36,8.72,9.11,7.96,1.07,20.37,26.83,15.05,39.92,10.88,,22.46,0.08,4.02,5.02,4.05
688028.SH,沃尔德,27.46,29.45,1.46,3.68,3.94,4.14,0.92,36.1,45.6,15.31,20.31,35.8,20.24,14.97,0.08,0.82,8.0,6.97
603577.SH,汇金通,20.06,69.92,1.48,4.82,5.66,3.7,,0.0,13.65,3.37,333.18,30.55,5.74,67.88,0.06,2.29,28.98,7.09
600918.SH,中泰证券,71.85,126.66,1.3,1.19,1.09,,0.44,12.5,,8.4,-57.42,11.6,1.77,78.98,2.69,10.92,106.21,65.92
300258.SZ,精锻科技,28.48,33.13,1.22,2.5,3.07,2.67,1.16,30.41,25.06,7.9,-43.87,20.56,,43.71,0.24,1.61,13.24,9.28
300346.SZ,南大光电,61.66,138.18,8.94,8.26,11.3,7.26,0.31,8.97,42.64,20.5,19.92,44.6,2.78,53.21,0.03,3.1,16.74,5.46
002252.SZ,上海莱士,20.51,28.72,1.61,5.72,6.03,6.44,0.38,11.11,40.64,29.12,-3.64,43.23,16.27,6.56,0.07,0.66,5.02,3.4
301329.SZ,信音电子,52.36,52.96,2.2,3.19,3.01,2.72,1.06,48.0,25.12,8.05,-25.25,-3.31,,13.9,0.87,-16.0,16.62,17.4
688336.SH,三生国健,45.93,52.21,2.81,4.35,4.67,3.59,0.22,10.42,75.38,23.71,44.46,17.84,0.01,14.74,0.04,2.93,12.0,9.84
300409.SZ,道氏技术,50.96,85.93,1.78,2.18,2.47,2.31,1.8,-400.22,17.89,2.85,429.78,36.32,6.53,53.83,0.36,2.37,78.86,41.26
002409.SZ,雅克科技,30.72,36.92,4.23,10.7,8.42,6.82,0.65,29.57,32.88,15.07,56.23,30.08,20.64,37.69,0.09,1.23,3.45,3.65
300307.SZ,慈星股份,14.35,52.67,1.84,4.18,9.93,7.16,,0.0,31.57,18.37,54.58,22.97,0.01,36.05,0.05,2.29,25.18,2.89
601968.SH,宝钢包装,29.62,38.06,1.64,3.95,4.7,2.73,1.91,51.58,8.37,2.77,-26.14,11.21,,55.52,0.1,3.4,9.65,6.3
301206.SZ,三元生物,51.89,58.18,1.24,1.75,1.81,1.65,0.87,86.21,10.3,15.73,94.68,9.4,,5.03,0.03,6.19,33.18,28.67
301007.SZ,德迈仕,46.89,52.53,3.89,5.49,6.18,4.23,0.89,42.86,19.85,7.83,-6.76,13.37,7.72,35.76,0.05,3.93,9.57,7.59
301020.SZ,密封科技,33.88,38.48,3.25,6.58,7.16,5.37,0.92,40.82,31.79,16.84,18.2,2.82,,22.56,0.21,13.63,5.85,4.73
002972.SZ,科安达,27.72,36.42,2.12,5.05,5.59,5.64,2.32,117.79,65.15,34.31,61.44,-10.22,,14.39,0.16,-3.56,7.21,4.96
300824.SZ,北鼎股份,63.2,62.37,4.84,4.81,5.48,4.2,2.21,91.45,47.36,7.68,-25.2,-0.49,,25.22,0.1,-127.07,12.97,11.53
300982.SZ,苏文电能,54.95,-50.33,1.29,1.4,1.73,1.37,0.61,52.63,16.84,4.29,-75.4,25.63,,32.73,0.14,扣非亏损,扣非转亏,31.77
301123.SZ,奕东电子,203.87,-912.04,1.58,0.38,0.59,-0.3,,0.0,15.42,1.32,170.95,8.62,0.23,21.69,0.47,扣非亏损,扣非转亏,691.07
000828.SZ,东莞控股,12.07,22.69,1.22,5.86,7.5,4.04,3.03,55.08,65.27,51.9,-14.08,105.52,0.03,46.14,0.44,0.22,3.87,1.61
300534.SZ,陇神戎发,84.79,87.69,4.33,3.77,3.87,5.02,0.2,9.84,71.39,5.9,-44.98,30.52,1.91,47.55,0.11,2.87,23.24,21.91
301196.SZ,唯科科技,18.88,25.89,1.45,4.1,5.69,5.5,2.62,66.83,28.94,13.71,80.52,16.64,0.5,16.75,0.27,1.56,6.31,3.32
301172.SZ,君逸数码,93.11,77.58,2.61,2.04,2.08,1.18,0.9,33.33,29.01,12.94,-28.93,8.52,0.56,17.78,0.49,9.11,38.1,44.77
301187.SZ,欧圣电气,20.71,22.79,3.54,12.09,12.58,8.08,4.17,86.46,34.76,14.13,54.26,8.33,0.49,48.21,0.9,2.74,1.89,1.65
605136.SH,丽人丽妆,-82.66,135.82,1.24,-1.83,-1.11,-1.46,0.5,67.84,36.33,-2.37,18.95,-15.48,,7.37,0.27,-8.77,扣非亏损,亏损
002661.SZ,克明食品,15.58,42.9,1.28,5.95,6.17,4.01,,0.0,18.87,4.27,2191.92,3.64,0.87,53.61,0.2,11.79,14.43,5.05
301078.SZ,孩子王,86.76,218.52,4.14,2.88,4.03,2.97,0.61,51.87,29.5,2.27,8.15,1.73,22.5,63.77,0.08,126.45,75.92,21.53
600056.SH,中国医药,30.79,39.37,1.58,3.52,3.83,2.58,1.88,30.0,10.66,2.38,-26.53,-0.27,7.98,62.8,0.15,-147.13,11.19,8.04
600839.SH,四川长虹,121.48,124.69,3.92,1.29,2.45,1.57,,0.0,9.93,1.49,42.72,1.23,0.58,74.17,0.4,101.37,193.78,99.15
301031.SZ,中熔电气,45.79,49.29,6.74,11.41,10.55,7.7,0.46,33.9,38.63,12.42,40.69,68.87,,43.75,0.04,0.72,4.32,4.34
300187.SZ,永清环保,30.49,-1387.67,3.17,1.38,7.81,3.84,0.56,24.25,28.04,16.6,810.95,-1.67,8.7,69.05,0.03,扣非亏损,扣非转亏,3.9
000756.SZ,新华制药,24.32,26.55,2.29,6.82,7.21,4.71,1.23,33.78,23.5,5.28,-11.39,10.52,,42.25,0.16,2.52,3.89,3.37
001231.SZ,农心科技,35.16,32.32,1.75,3.65,3.74,2.47,0.38,15.38,33.05,6.73,9.68,8.5,0.1,33.15,0.42,3.8,8.86,9.4
301121.SZ,紫建电子,53.15,53.42,2.3,2.88,3.25,1.93,0.36,45.45,28.45,6.63,239.75,15.32,,37.01,0.33,3.49,18.53,16.35
002863.SZ,今飞凯达,33.73,115.63,0.99,1.07,2.16,2.13,0.21,8.67,14.0,1.83,8.55,12.72,0.0,65.07,0.23,9.09,108.05,15.61
300373.SZ,扬杰科技,28.69,34.39,3.04,7.85,7.82,5.53,1.63,34.48,31.02,15.13,6.59,30.34,3.55,35.4,0.16,1.13,4.38,3.67
605086.SH,龙高股份,37.82,44.29,3.98,7.36,7.93,8.41,1.3,40.22,63.84,41.48,1.89,12.13,,6.52,0.01,3.65,6.01,4.77
301418.SZ,协昌科技,54.14,107.38,1.7,1.43,2.35,2.27,0.46,17.52,21.18,13.52,-67.75,-7.04,0.01,5.77,0.18,-15.25,74.93,23.04
603095.SH,越剑智能,40.66,77.95,1.61,2.76,2.9,1.7,3.39,96.15,13.86,8.0,12.49,15.86,,26.8,0.32,4.92,28.24,14.02
301000.SZ,肇民科技,31.27,36.43,3.88,8.1,9.0,9.05,2.11,75.0,34.43,19.91,53.02,6.7,,13.01,0.01,5.43,4.5,3.47
000915.SZ,华特达因,12.36,12.56,2.18,12.02,12.36,16.4,6.91,80.0,84.04,50.26,-20.93,10.97,0.64,10.33,0.27,1.15,1.05,1.0
002558.SZ,巨人网络,17.26,16.1,2.06,10.67,8.85,8.15,1.89,13.56,88.92,48.54,14.16,11.74,1.08,11.87,0.07,1.37,1.51,1.95
603083.SH,剑桥科技,61.83,119.63,5.56,6.06,6.91,3.89,0.35,36.94,21.54,5.59,15.71,6.33,4.12,50.06,0.03,18.9,19.73,8.95
001323.SZ,慕思股份,20.59,18.57,3.3,10.91,11.12,8.21,3.28,49.75,50.8,13.47,-2.3,10.41,,40.77,0.54,1.78,1.7,1.85
002315.SZ,焦点科技,23.07,25.85,4.58,14.49,14.46,9.19,3.02,82.44,80.08,29.03,19.76,11.06,,35.63,0.15,2.34,1.78,1.6
301446.SZ,福事特,32.85,38.66,2.03,4.15,4.65,3.94,1.02,17.54,36.35,16.67,-12.33,-8.84,,13.52,0.5,-4.37,9.31,7.06
836221.BJ,易实精密,30.44,32.03,4.77,11.68,11.98,11.0,1.16,16.95,33.12,20.08,45.82,46.38,,20.27,0.09,0.69,2.74,2.54
301606.SZ,绿联科技,35.83,,5.6,13.82,15.37,11.55,,0.0,37.73,7.44,,25.09,,22.84,0.85,,,4.66
002444.SZ,巨星科技,12.87,15.94,2.01,12.32,12.21,10.75,1.22,7.06,32.39,17.85,24.95,9.99,16.33,27.35,0.2,1.6,1.29,1.05
601966.SH,玲珑轮胎,12.81,16.24,1.35,6.53,7.94,4.7,1.49,30.11,24.35,10.73,56.72,3.73,,52.42,0.15,4.36,2.49,1.61
002985.SZ,北摩高科,72.44,-134.32,3.16,2.57,2.6,2.86,0.2,10.61,57.54,20.94,-78.48,16.21,7.34,35.63,0.04,扣非亏损,扣非转亏,27.86
301179.SZ,泽宇智能,34.59,31.53,2.62,3.68,5.6,4.49,2.12,50.93,32.48,17.7,-27.57,22.08,,25.28,0.07,1.43,8.58,6.18
301202.SZ,朗威股份,66.34,68.82,4.15,4.72,4.89,4.16,1.87,38.46,18.76,6.2,33.76,10.94,,29.74,0.1,6.29,14.59,13.57
688205.SH,德科立,80.27,116.68,3.7,2.41,3.44,3.2,1.01,31.91,31.97,12.7,35.44,7.43,,13.82,0.21,15.71,48.41,23.33
600754.SH,锦江酒店,19.45,46.96,1.69,3.8,6.49,4.83,1.67,53.41,41.48,11.9,-20.39,13.55,66.77,63.26,0.4,3.47,12.37,3.0
603348.SH,文灿股份,65.55,99.4,2.05,2.19,2.83,3.12,,0.0,14.99,2.07,100.96,27.58,6.74,52.74,0.12,3.6,90.92,46.33
603236.SH,移远通信,28.67,34.4,3.62,8.75,9.52,3.74,0.2,32.35,17.93,2.62,601.13,36.07,,67.72,0.13,0.95,3.93,3.01
002372.SZ,伟星新材,25.74,20.59,4.49,11.81,11.74,10.27,5.53,88.89,42.49,16.8,-13.8,8.57,1.78,24.04,0.09,2.4,1.74,2.19
300580.SZ,贝斯特,34.97,37.28,3.48,7.1,7.6,7.01,0.66,24.11,34.92,21.59,22.38,13.25,0.49,14.9,0.02,2.81,5.25,4.6
688150.SH,莱特光电,50.41,65.63,4.94,6.69,7.36,7.37,0.28,31.58,66.39,36.43,195.01,4.01,,14.8,0.12,16.38,9.8,6.85
301608.SZ,博实结,31.85,35.12,2.91,8.43,10.61,7.85,,0.0,23.3,12.89,-1.74,-7.18,,16.29,0.39,-4.89,8.33,6.0
300751.SZ,迈为股份,36.71,42.09,4.99,9.43,10.39,3.64,0.85,33.43,30.67,10.55,3.79,54.81,,68.43,0.18,0.77,4.46,3.53
688682.SH,霍莱沃,201.77,221.29,4.26,1.05,1.57,1.12,0.25,32.43,36.69,7.42,-8.59,21.02,9.05,26.76,0.07,10.53,211.72,128.52
002027.SZ,分众传媒,19.63,22.29,6.58,21.15,22.61,19.6,5.22,98.74,66.22,42.15,8.71,4.16,1.07,28.69,0.04,5.36,1.05,0.87
301336.SZ,趣睡科技,53.77,109.75,1.7,1.39,2.38,1.72,0.23,16.67,25.57,9.89,-3.07,-12.83,,9.75,0.13,-8.55,79.04,22.59
301392.SZ,汇成真空,80.47,,9.43,8.57,13.07,7.56,,0.0,32.06,14.96,,-8.53,,31.8,0.13,,,12.31
002540.SZ,亚太科技,15.58,14.05,1.36,6.1,6.19,5.2,7.34,70.35,12.73,6.38,-5.6,22.77,,27.67,0.16,0.62,2.3,2.52
688289.SH,圣湘生物,51.16,65.85,1.84,2.1,2.69,1.64,2.36,32.26,77.5,15.79,637.21,-15.57,0.1,14.21,0.33,-4.23,31.42,19.02
603685.SH,晨丰科技,113.71,108.27,1.89,0.71,1.2,1.63,0.98,30.0,15.13,1.13,-28.45,4.68,0.6,66.59,0.12,23.16,152.92,94.76
002271.SZ,东方雨虹,19.91,44.17,1.3,4.03,4.68,3.76,3.12,65.93,29.13,5.81,-49.41,16.62,1.3,44.14,0.21,2.66,10.97,4.26
301325.SZ,曼恩斯特,86.65,61.84,2.53,1.2,2.15,1.27,0.64,15.72,27.95,4.91,-84.42,76.45,1.76,37.21,0.29,0.81,51.55,40.3
002683.SZ,广东宏大,25.0,27.08,3.42,9.52,10.3,6.38,2.79,58.62,21.36,9.43,26.95,22.03,27.29,56.6,0.1,1.23,2.84,2.43
003000.SZ,劲仔食品,19.45,20.92,4.15,14.29,16.09,12.59,2.45,62.88,30.28,12.24,72.89,31.69,,31.33,0.13,0.66,1.46,1.21
000936.SZ,华西股份,36.59,56.92,1.21,2.46,2.49,2.55,0.25,25.0,5.6,5.22,47.64,7.12,0.04,20.99,0.05,8.0,23.11,14.69
870299.BJ,灿能电力,60.92,47.04,4.16,4.52,4.73,4.27,2.53,82.2,54.03,18.71,-4.53,10.07,,10.11,0.3,4.67,10.41,12.88
603960.SH,克来机电,131.24,79.33,5.45,2.85,3.09,2.8,0.71,30.29,23.88,8.87,-24.37,-1.48,10.31,13.54,0.06,-53.76,27.83,42.47
301061.SZ,匠心家居,16.35,20.15,2.84,12.43,13.49,11.79,2.01,15.72,33.72,23.3,39.03,17.8,,16.97,0.44,1.13,1.62,1.21
000681.SZ,视觉中国,88.31,84.43,2.75,2.28,2.35,2.52,0.14,10.11,46.22,14.91,6.16,11.1,38.19,16.18,0.04,7.61,37.09,37.58
300758.SZ,七彩化学,32.57,41.92,3.06,6.64,7.22,4.76,,0.0,31.9,10.91,783.99,8.03,8.07,47.87,0.05,5.22,12.62,9.02
300628.SZ,亿联网络,17.84,21.67,5.92,23.35,24.1,24.83,4.74,56.58,65.81,50.24,33.26,18.24,,9.0,0.02,1.19,0.93,0.74
603885.SH,吉祥航空,18.21,38.78,3.34,13.44,13.98,5.92,0.57,20.29,17.56,7.26,6.2,43.67,,80.06,0.05,0.89,2.89,1.3
001337.SZ,四川黄金,35.77,38.9,6.66,13.56,13.96,12.6,0.9,49.02,53.44,37.34,25.41,6.62,,27.58,0.1,5.88,2.87,2.56
839790.BJ,联迪信息,163.89,156.66,6.74,2.6,3.01,2.9,0.83,71.43,28.38,6.68,756.02,-1.76,,6.4,0.07,-89.18,60.29,54.45
603976.SH,正川股份,36.18,49.03,2.09,3.94,4.23,3.45,1.01,74.07,22.06,8.52,79.28,23.92,,38.18,0.14,2.05,12.44,8.55
002043.SZ,兔宝宝,15.13,15.3,3.3,13.86,15.13,10.16,6.21,65.48,17.31,7.62,14.14,14.01,24.84,45.72,0.18,1.09,1.1,1.0
002003.SZ,伟星股份,18.61,24.2,3.63,14.13,14.0,12.03,4.15,84.91,42.7,17.56,21.09,16.74,,34.54,0.11,1.45,1.71,1.33
688720.SH,艾森股份,134.64,163.33,4.22,1.67,2.33,1.41,0.25,30.36,26.28,7.63,-5.42,7.08,,17.15,0.13,23.07,97.69,57.79
603307.SH,扬州金泉,14.68,16.51,1.59,7.82,7.99,6.46,2.19,28.17,27.07,18.89,-46.99,16.77,6.75,14.99,1.15,0.98,2.11,1.84
600019.SH,宝钢股份,18.87,17.19,0.74,2.75,3.43,2.52,5.23,37.04,5.26,2.84,-25.78,8.01,0.27,40.51,0.16,2.15,6.25,5.5
605118.SH,力鼎光电,43.09,48.34,4.62,7.43,7.8,7.23,1.03,65.91,42.22,25.56,1.37,13.38,,16.31,0.07,3.61,6.51,5.52
002111.SZ,威海广泰,34.82,34.69,1.95,3.96,4.1,2.56,1.1,41.67,26.18,6.17,127.55,-5.27,2.15,50.24,0.13,-6.58,8.77,8.49
830799.BJ,艾融软件,258.41,218.59,37.82,10.71,10.75,5.46,1.12,44.12,33.87,10.09,14.19,32.33,51.53,59.16,0.01,6.76,20.41,24.04
001234.SZ,泰慕士,21.95,29.58,2.13,6.14,6.99,6.16,2.04,81.97,20.49,9.78,32.17,6.12,,24.27,0.31,4.83,4.82,3.14
601825.SH,沪农商行,5.53,6.61,0.65,8.66,8.9,,6.6,30.08,,52.31,1.63,6.25,,91.63,,1.06,0.76,0.62
688088.SH,虹软科技,118.69,197.6,5.37,2.95,3.29,2.1,0.54,100.0,90.49,15.39,3.51,0.91,,11.71,0.06,217.49,66.91,36.08
688531.SH,日联科技,44.72,76.12,1.96,2.1,3.25,2.98,0.79,52.29,45.21,20.52,44.78,44.67,,11.05,0.02,1.7,36.23,13.76
603345.SH,安井食品,18.48,19.26,2.02,7.88,8.14,7.89,2.42,35.22,22.64,9.59,-2.46,26.6,5.89,20.71,0.1,0.72,2.44,2.27
002019.SZ,亿帆医药,29.93,,1.72,3.0,4.26,3.64,,0.0,47.65,7.98,122.3,-8.44,32.51,31.94,0.1,,,14.05
873152.BJ,天宏锂电,392.31,549.66,7.89,0.95,1.49,0.67,0.33,33.33,10.76,0.92,-20.66,11.47,,46.0,0.11,47.94,577.86,263.3
832982.BJ,锦波生物,28.64,32.4,15.08,44.98,44.22,37.47,0.57,21.55,92.37,52.6,178.14,83.56,,28.84,0.08,0.39,0.72,0.65
000048.SZ,京基智农,10.73,8.59,2.08,15.33,14.56,6.58,,0.0,29.43,13.44,-54.25,57.45,,62.26,0.11,0.15,1.12,1.47
601607.SH,上海医药,14.33,19.47,1.09,5.29,5.74,3.58,2.45,40.2,11.06,2.4,11.56,10.72,13.72,62.83,0.84,1.82,3.68,2.5
830779.BJ,武汉蓝电,38.55,36.06,5.79,9.98,10.64,10.91,4.98,47.87,62.88,46.29,-16.86,32.43,,11.36,0.45,1.11,3.61,3.62
301499.SZ,维科精密,93.69,88.57,3.02,1.71,2.42,2.43,0.48,25.93,20.18,5.08,-40.44,5.67,,12.92,0.06,15.63,51.66,38.71
605066.SH,天正电气,21.73,25.47,1.68,5.93,5.78,2.96,2.72,62.5,26.08,4.72,-12.55,6.56,,43.78,0.26,3.88,4.29,3.76
000554.SZ,泰山石油,40.38,40.24,2.88,5.65,5.5,4.18,0.4,32.86,11.13,2.13,129.76,14.59,2.25,46.71,0.2,2.76,7.12,7.34
300496.SZ,中科创达,131.31,-434.87,2.77,1.33,1.58,1.15,0.31,24.48,36.46,4.19,-75.98,28.42,4.26,14.04,0.15,扣非亏损,扣非转亏,83.11
600980.SH,北矿科技,28.43,32.96,2.19,5.5,5.9,3.58,0.29,10.73,27.7,10.69,13.54,12.51,,46.68,0.07,2.63,6.0,4.82
603197.SH,保隆科技,27.58,40.4,2.95,6.93,8.24,4.45,1.13,35.16,26.2,5.25,-24.29,21.01,9.92,64.44,0.12,1.92,5.83,3.35
600282.SH,南钢股份,11.21,13.66,1.02,6.0,6.71,3.49,6.76,72.53,11.88,3.58,1.78,12.47,1.34,59.33,0.15,1.09,2.28,1.67
600508.SH,上海能源,12.9,43.31,0.84,4.78,4.91,4.37,2.96,30.6,22.92,7.96,-53.79,14.66,,36.11,0.25,2.96,9.06,2.63
002988.SZ,豪美新材,21.27,21.26,1.92,6.52,6.69,4.1,,0.0,11.72,3.54,41.84,23.39,,58.19,0.09,0.91,6.52,6.36
301381.SZ,赛维时代,39.27,38.85,4.23,6.75,7.84,4.82,1.65,28.07,44.93,2.87,-21.47,9.29,,51.5,0.16,4.18,5.75,5.01
831834.BJ,三维股份,30.55,32.89,3.97,8.47,9.25,8.23,6.29,78.12,31.1,13.48,-1.78,5.69,,20.17,0.08,5.78,3.88,3.3
300701.SZ,森霸传感,56.95,65.41,2.99,4.29,4.0,4.34,0.44,23.91,37.87,13.58,25.62,-3.78,12.99,10.6,0.03,-17.32,15.23,14.24
300448.SZ,浩云科技,380.78,-123.6,3.27,0.5,0.64,0.29,0.33,-20.74,44.1,1.51,119.29,-9.59,0.96,4.9,0.1,扣非亏损,扣非转亏,1189.95
301023.SZ,江南奕帆,30.6,36.63,3.58,8.61,8.71,8.16,2.24,81.4,44.31,35.17,89.82,-1.35,,9.85,0.22,-27.11,4.26,3.51
600400.SH,红豆股份,1527.43,-183.52,2.37,-0.71,0.11,0.98,0.36,100.0,39.66,0.27,-173.77,-0.75,,37.46,0.16,扣非亏损,扣非亏损,13885.7
830879.BJ,基康仪器,30.76,28.64,3.45,7.71,8.35,7.97,2.15,48.08,56.02,20.1,-2.85,15.78,,15.59,0.05,1.82,3.71,3.68
003028.SZ,振邦智能,21.45,21.34,2.27,7.83,8.07,5.73,,0.0,23.45,12.63,-12.42,9.74,,28.94,0.5,2.19,5.45,5.32
600032.SH,浙江新能,22.78,29.49,1.57,4.88,5.18,3.41,0.87,25.63,50.51,23.86,11.55,21.5,0.25,65.74,0.14,1.37,6.04,4.4
301377.SZ,鼎泰高科,36.8,44.57,3.49,6.16,7.16,6.2,0.63,0.0,35.58,15.29,10.27,11.47,,26.89,0.12,3.89,14.47,10.28
002165.SZ,红宝丽,55.75,242.89,1.7,1.46,2.26,1.71,1.65,134.36,15.34,2.44,-22.68,3.29,,60.36,0.24,73.75,166.67,24.67
600235.SH,民丰特纸,24.54,24.88,1.34,4.13,4.15,2.62,0.24,11.54,15.33,5.24,135.06,6.36,,48.18,0.11,3.91,6.02,5.91
301050.SZ,雷电微力,27.13,35.33,4.68,12.71,13.36,10.14,0.7,23.31,44.03,31.9,51.87,44.97,,20.82,0.07,0.79,2.78,2.03
833533.BJ,骏创科技,58.99,48.99,10.29,13.51,13.4,7.22,1.41,11.24,23.84,7.24,-22.91,60.58,,53.23,0.06,0.81,3.63,4.4
300563.SZ,神宇股份,100.72,246.91,8.8,2.45,6.67,5.7,1.25,71.43,15.6,10.41,-25.03,8.29,,20.11,0.04,29.78,100.74,15.1
873679.BJ,前进科技,46.06,48.79,2.28,3.05,3.46,3.1,4.26,100.56,36.41,21.73,-52.48,-5.41,,3.73,0.16,-9.02,16.0,13.31
300626.SZ,华瑞股份,80.54,-19.24,3.33,2.67,3.0,2.41,,0.0,18.23,3.02,79.13,0.79,,50.07,0.07,扣非亏损,扣非转亏,53.69
300233.SZ,金城医药,25.66,29.17,1.4,3.73,4.07,3.45,1.2,44.44,40.13,6.44,15.9,6.2,,32.87,0.18,4.71,7.81,6.3
002322.SZ,理工能科,20.62,18.31,1.77,5.51,5.95,5.76,6.64,130.77,68.93,30.52,39.33,-0.63,45.58,8.85,0.09,-29.04,3.33,3.47
001376.SZ,百通能源,33.34,40.45,6.17,13.16,14.33,13.01,0.9,32.26,31.49,18.24,43.26,18.49,,34.56,0.1,2.19,3.07,2.33
688293.SH,奥浦迈,135.72,245.13,2.35,0.8,1.26,1.21,0.8,49.02,57.45,12.34,-46.12,30.4,,7.0,0.28,8.06,305.72,107.71
300003.SZ,乐普医疗,21.76,40.76,1.49,4.62,5.01,3.75,2.05,49.05,62.8,16.37,-42.91,2.45,22.2,30.81,0.17,16.64,8.82,4.34
300907.SZ,康平科技,23.44,29.74,2.86,8.35,8.66,5.98,2.25,96.73,19.52,7.72,60.55,6.15,,45.81,0.1,4.84,3.56,2.71
605368.SH,蓝天燃气,13.85,15.33,2.4,11.9,13.01,9.81,7.89,96.59,21.34,12.76,-10.28,11.92,6.27,39.84,0.13,1.29,1.29,1.06
300493.SZ,润欣科技,154.36,202.77,7.12,3.23,3.47,2.58,0.41,50.0,9.21,1.9,22.69,16.63,,41.92,0.04,12.19,62.73,44.48
300244.SZ,迪安诊断,47.39,-155.11,1.17,1.83,1.77,3.29,0.25,12.2,28.05,3.27,-72.18,14.66,9.07,44.5,0.21,扣非亏损,扣非转亏,26.77
600999.SH,招商证券,18.13,18.18,1.56,5.76,6.12,,1.85,26.81,,50.09,12.14,-3.45,0.01,81.09,0.93,-5.27,3.15,2.96
600420.SH,国药现代,13.1,15.44,1.27,7.28,7.45,7.05,1.02,18.41,39.69,13.96,74.87,-0.96,1.05,24.29,0.34,-16.13,2.12,1.76
002174.SZ,游族网络,1240.41,45.86,1.93,0.26,0.11,0.48,0.44,50.0,43.31,0.52,112.04,-29.33,4.62,27.14,0.21,-1.56,175.18,11276.45
002236.SZ,大华股份,16.54,19.9,1.57,6.42,7.16,4.49,3.75,16.54,40.81,11.58,-5.87,7.52,0.02,27.52,0.25,2.65,3.1,2.31
603001.SH,奥康国际,-12.21,-11.48,0.81,-6.48,-4.79,-3.06,,0.0,40.9,-7.26,-23.82,4.4,,26.27,0.16,扣非亏损,扣非亏损,亏损
300801.SZ,泰和科技,36.38,44.83,1.7,3.23,3.55,3.06,0.97,24.98,14.04,5.05,-24.74,16.27,,26.86,0.12,2.76,13.88,10.25
000963.SZ,华东医药,18.1,20.23,2.81,11.52,11.7,8.93,1.4,35.76,32.55,8.14,14.9,6.48,12.89,39.8,0.08,3.12,1.76,1.55
603897.SH,长城科技,17.36,14.97,1.74,6.96,6.58,4.5,9.77,142.86,4.18,1.99,98.58,24.99,,61.69,0.33,0.6,2.15,2.64
300774.SZ,倍杰特,18.55,34.04,2.54,9.76,12.28,6.54,1.46,60.0,33.31,23.43,19.12,6.11,0.18,33.87,0.04,5.57,3.49,1.51
301326.SZ,捷邦科技,5358.86,-95.13,4.16,-0.91,0.06,0.23,,0.0,25.67,0.22,53.64,-4.75,6.19,22.3,0.08,扣非亏损,扣非亏损,178628.73
601857.SH,中国石油,8.42,7.92,1.0,9.21,8.9,7.36,6.23,26.14,21.57,6.57,0.49,17.35,0.44,39.54,0.19,0.46,0.86,0.95
603387.SH,基蛋生物,16.85,20.74,1.75,6.84,7.77,5.48,1.82,18.18,69.43,23.72,-11.29,9.97,0.94,29.71,0.13,2.08,3.03,2.17
600577.SH,精达股份,21.14,23.94,2.18,7.22,7.8,5.32,3.14,61.9,5.95,2.66,31.0,15.01,1.76,56.77,0.14,1.59,3.32,2.71
002632.SZ,道明光学,27.33,35.18,2.5,5.93,6.51,6.73,3.04,120.0,33.41,13.99,13.6,1.46,,23.26,0.08,24.02,5.93,4.2
835438.BJ,戈碧迦,40.79,32.96,3.43,6.81,6.95,5.42,,0.0,31.7,13.12,-34.08,88.26,,30.01,0.09,0.37,9.67,11.74
603130.SH,云中马,32.07,34.23,2.22,4.48,5.09,3.23,1.25,31.76,9.87,3.65,-17.58,28.29,,53.52,0.59,1.21,7.64,6.3
300960.SZ,通业科技,58.93,50.89,4.14,4.75,5.09,3.61,2.71,171.43,46.09,12.01,152.33,4.81,,34.01,0.1,10.58,10.7,11.58
300532.SZ,今天国际,13.99,16.02,3.03,15.56,15.59,6.35,3.65,23.81,28.66,13.3,-18.37,49.83,,62.62,0.06,0.32,1.03,0.9
300650.SZ,太龙股份,56.82,72.49,2.18,2.01,2.89,2.44,0.28,19.05,8.29,1.76,-6.21,94.64,39.7,39.99,0.18,0.77,36.12,19.66
603132.SH,金徽股份,25.36,23.0,3.78,11.3,10.84,7.88,3.95,68.57,61.19,31.75,43.09,4.69,5.42,48.98,0.42,4.91,2.03,2.34
688106.SH,金宏气体,32.99,40.7,3.14,5.38,6.46,4.4,1.45,53.85,33.09,11.96,-25.92,25.47,9.72,51.02,0.08,1.6,7.57,5.11
002978.SZ,安宁股份,13.25,13.19,1.92,11.13,11.08,10.5,3.16,21.41,66.93,50.25,-2.64,6.8,,17.8,0.29,1.94,1.18,1.2
688519.SH,南亚新材,72.44,346.95,2.23,1.54,2.29,1.32,,0.0,8.91,2.3,131.65,22.38,,47.68,0.11,15.5,449.91,63.26
603291.SH,联合水务,27.38,44.93,2.7,4.36,7.46,5.62,0.99,38.85,33.91,16.86,-16.66,13.05,,51.04,0.04,3.44,10.31,3.67
603390.SH,通达电气,146.86,150.04,2.07,0.53,1.05,0.71,0.5,71.43,28.3,3.84,430.38,-2.63,,10.72,0.1,-57.07,281.71,139.86
300170.SZ,汉得信息,49.82,609.79,1.81,2.31,2.76,1.91,0.12,-33.33,32.79,5.99,632.84,6.27,2.31,18.43,0.14,97.23,527.79,36.11
603928.SH,兴业股份,49.32,50.09,1.6,2.44,2.4,2.34,0.86,30.26,11.97,3.37,-38.74,3.19,,12.41,0.02,15.72,20.5,20.55
603166.SH,福达股份,26.47,26.22,1.83,5.0,5.38,4.03,1.16,0.0,24.74,10.89,124.27,-5.26,,38.63,0.05,-4.98,10.5,9.84
002303.SZ,美盈森,17.9,15.92,1.13,4.85,4.27,3.29,3.7,101.48,27.76,7.56,60.08,2.25,,37.5,0.67,7.08,3.28,4.19
002653.SZ,海思科,71.34,114.48,8.66,5.14,9.01,7.24,0.86,74.07,72.56,16.43,44.55,1.1,,39.49,0.05,104.51,22.26,7.92
688155.SH,先惠技术,22.08,29.09,2.88,11.33,11.83,6.87,0.54,57.57,27.2,15.13,1077.62,72.94,26.97,53.24,0.1,0.4,2.57,1.87
301035.SZ,润丰股份,31.99,37.68,2.22,5.22,5.2,6.78,1.43,35.97,20.36,4.09,-52.43,20.47,1.38,57.15,0.27,1.84,7.22,6.15
002991.SZ,甘源食品,18.4,19.31,4.21,15.02,15.65,15.48,3.05,60.89,35.59,17.27,32.01,16.61,,21.46,0.15,1.16,1.29,1.18
300707.SZ,威唐工业,71.88,101.27,2.54,2.39,2.49,2.36,0.11,17.28,21.56,4.32,176.09,14.56,,38.31,0.25,6.95,42.39,28.87
603444.SH,吉比特,16.84,16.25,3.12,13.34,13.91,13.45,2.86,0.0,88.46,29.06,-25.54,20.43,0.07,19.68,0.15,0.8,2.44,2.42
002083.SZ,孚日股份,9.41,11.76,0.95,8.3,8.44,6.02,1.98,28.57,19.0,8.09,34.26,6.63,3.61,48.36,0.2,1.77,1.42,1.12
603078.SH,江化微,56.9,72.46,3.94,5.14,5.41,2.78,0.53,31.15,25.87,8.79,-11.52,22.91,,30.61,0.08,3.16,14.1,10.52
605389.SH,长龄液压,29.05,31.38,1.7,4.24,4.33,4.45,1.49,54.79,27.13,14.94,24.35,-2.21,10.28,8.18,0.15,-14.23,7.39,6.71
605016.SH,百龙创园,22.18,25.1,3.33,11.05,11.42,11.25,0.85,30.77,33.14,22.26,29.6,20.51,,15.89,0.03,1.22,2.27,1.94
603866.SH,桃李面包,17.54,19.46,2.02,8.18,8.45,8.29,2.35,50.17,23.81,9.36,-6.54,4.29,,29.6,0.02,4.54,2.38,2.08
600028.SH,中国石化,12.98,14.08,0.94,5.41,5.45,3.49,6.18,39.6,15.2,2.15,-12.55,16.03,0.66,53.45,0.28,0.88,2.6,2.38
301003.SZ,江苏博云,16.94,18.47,1.96,8.05,8.53,9.33,2.4,51.28,31.85,21.04,31.23,8.61,,4.17,0.26,2.15,2.3,1.99
002797.SZ,第一创业,41.69,55.82,2.28,4.16,4.2,,0.55,40.0,,28.85,99.48,-6.71,0.05,65.79,0.31,-8.31,13.42,9.93
300099.SZ,尤洛卡,60.68,41.51,1.95,2.67,,2.01,2.16,0.0,48.29,12.19,-16.47,9.7,19.65,11.67,0.11,4.28,31.15,
688285.SH,高铁电气,93.15,291.8,1.8,1.06,1.45,0.98,0.25,15.02,19.97,4.31,-67.62,-3.18,,45.97,0.16,-91.87,274.3,64.24
002646.SZ,天佑德酒,67.14,110.99,1.82,1.93,2.03,2.38,0.96,68.57,59.36,5.83,-45.44,18.15,,14.84,0.08,6.11,57.63,33.08
002154.SZ,报喜鸟,10.67,12.28,1.38,8.33,9.47,7.72,4.4,52.08,65.76,12.23,-25.6,12.07,1.87,32.03,0.34,1.02,1.47,1.13
688163.SH,赛伦生物,24.78,57.96,1.87,4.57,5.69,6.35,1.0,55.56,78.83,36.32,30.93,1.7,,2.73,0.25,34.18,12.67,4.36
300757.SZ,罗博特科,310.38,253.92,28.85,7.11,7.03,3.67,0.22,25.71,29.41,7.0,133.5,54.25,0.76,57.87,0.01,4.68,35.69,44.15
605580.SH,恒盛能源,19.07,24.38,3.08,8.59,11.96,10.24,2.15,51.02,23.45,18.73,-6.01,16.78,,33.6,0.04,1.45,2.84,1.59
301310.SZ,鑫宏业,27.19,26.71,1.54,3.92,4.19,2.81,2.06,26.33,11.24,5.5,-10.46,44.39,1.03,43.14,0.52,0.6,6.81,6.49
300884.SZ,狄耐克,118.62,93.45,2.13,-0.02,1.29,0.38,2.29,73.17,42.27,3.21,-100.55,5.14,0.21,25.49,0.13,18.18,转盈,91.96
688484.SH,南芯科技,41.68,43.89,3.9,7.1,7.16,4.87,0.7,43.75,40.86,14.31,52.9,173.67,,16.41,0.28,0.25,6.18,5.82
300818.SZ,耐普矿机,27.9,35.98,3.06,8.23,8.65,6.46,0.55,23.3,37.36,13.29,70.9,60.8,0.02,37.08,0.14,0.59,4.37,3.23
603496.SH,恒为科技,79.77,67.33,5.9,5.79,5.65,4.02,0.18,21.78,31.88,8.89,262.8,13.65,,25.45,0.02,4.93,11.64,14.12
300227.SZ,光韵达,105.95,208.64,2.88,1.42,2.06,2.04,,0.0,31.05,4.28,-38.75,6.57,18.63,41.92,0.06,31.74,293.86,102.87
301262.SZ,海看股份,25.33,27.1,3.06,8.4,9.24,9.13,3.35,18.46,56.89,44.33,15.69,2.05,,12.24,0.36,13.22,3.23,2.74
300866.SZ,安克创新,22.66,25.8,5.37,16.01,17.8,11.62,2.26,50.34,44.28,9.3,41.13,23.54,,47.77,0.09,1.1,1.61,1.27
600273.SH,嘉化能源,10.3,11.46,1.09,7.44,7.86,7.37,4.66,23.53,16.99,11.16,-16.09,21.35,5.04,22.04,0.06,0.54,1.54,1.31
000895.SZ,双汇发展,16.9,19.96,4.3,18.03,17.99,13.97,5.43,48.0,18.23,8.77,-10.66,-6.72,,47.24,0.07,-2.97,1.11,0.94
601728.SH,中国电信,15.3,19.26,1.33,6.44,6.48,4.49,4.31,27.27,29.99,7.49,5.42,9.22,6.61,47.69,0.71,2.09,2.99,2.36
300403.SZ,汉宇集团,22.6,23.69,2.82,9.1,9.14,7.93,4.29,61.79,33.87,21.81,0.78,5.72,,18.97,0.02,4.14,2.6,2.47
300784.SZ,利安科技,56.34,51.06,4.45,6.67,8.51,5.99,,0.0,28.05,11.95,-10.5,-4.36,,25.3,0.4,-11.72,15.31,13.24
300286.SZ,安科瑞,19.97,25.61,3.04,10.6,11.64,9.54,1.16,31.58,46.24,19.41,-11.89,17.27,,22.79,0.1,1.48,2.42,1.72
688069.SH,德林海,47.73,456.45,1.33,1.57,2.03,1.61,,0.0,39.33,9.17,178.78,-13.19,,17.03,0.09,-34.6,580.17,47.02
002907.SZ,华森制药,57.32,131.43,3.44,3.67,4.53,4.2,0.32,63.86,57.69,12.14,60.53,-7.75,,13.31,0.06,-16.96,35.86,12.65
603600.SH,永艺股份,12.58,15.86,1.73,10.32,10.23,6.58,3.62,42.11,22.68,6.78,14.85,3.32,0.23,44.67,0.24,4.77,1.54,1.23
688307.SH,中润光学,44.56,41.61,2.66,3.9,4.45,3.16,0.96,69.77,34.09,11.78,239.2,4.75,0.19,18.4,0.08,8.75,10.67,10.01
001210.SZ,金房能源,23.34,18.67,1.55,4.67,5.04,3.6,0.25,45.45,23.01,9.91,17.52,8.5,0.81,23.94,0.33,2.2,4.0,4.63
688076.SH,诺泰生物,25.2,27.09,4.62,14.82,14.63,10.04,0.89,52.63,69.32,28.01,301.43,24.48,5.92,40.6,0.05,1.11,1.83,1.72
600633.SH,浙数文化,21.42,178.2,1.35,3.23,4.73,4.09,1.18,25.0,59.68,21.19,-46.85,5.07,39.98,12.29,0.07,35.17,55.12,4.53
000423.SZ,东阿阿胶,24.4,25.87,3.78,10.34,10.62,9.76,3.62,99.68,74.13,26.61,52.33,11.52,0.01,21.88,0.11,2.25,2.5,2.3
300760.SZ,迈瑞医疗,23.07,26.85,8.82,29.74,28.68,22.49,2.0,15.69,64.87,36.3,7.75,18.46,26.67,27.06,0.05,1.45,0.9,0.8
300453.SZ,三鑫医疗,19.11,20.88,3.41,12.16,13.27,9.82,1.97,37.62,35.03,16.94,18.84,11.96,5.99,38.45,0.04,1.75,1.72,1.44
605090.SH,九丰能源,8.73,13.24,2.03,14.48,18.08,12.39,2.51,18.96,10.11,9.08,2.23,49.3,10.5,35.19,0.57,0.27,0.91,0.48
600009.SH,上海机场,55.85,57.59,2.19,2.9,2.93,2.91,0.37,31.58,22.56,15.57,159.13,18.47,,38.25,0.22,3.12,19.83,19.06
003008.SZ,开普检测,25.7,32.29,1.8,4.63,5.18,6.86,1.07,41.1,68.88,34.44,43.22,5.9,,5.18,0.04,5.48,6.98,4.96
603520.SH,司太立,345.81,322.42,1.55,0.2,0.41,1.53,,0.0,21.44,0.51,-84.06,18.63,15.15,54.51,0.21,17.31,3285.0,1686.88
688208.SH,道通科技,21.6,28.72,4.97,13.56,16.4,10.55,1.68,100.0,55.84,17.92,65.67,28.96,,45.24,0.1,0.99,2.12,1.32
601010.SH,文峰股份,44.36,38.09,0.94,1.48,1.56,2.07,1.97,53.37,47.3,4.97,-33.1,-2.49,,30.74,0.19,-15.28,25.68,28.43
603697.SH,有友食品,27.99,43.27,2.54,5.78,6.4,7.27,2.69,92.59,30.06,13.67,17.07,-3.36,,9.26,0.02,-12.89,7.48,4.37
300773.SZ,拉卡拉,23.83,26.99,4.6,14.15,13.53,5.22,3.12,84.75,31.19,11.68,7.26,3.55,,67.43,0.42,7.61,1.91,1.76
002847.SZ,盐津铺子,22.49,28.18,9.57,28.27,30.81,19.32,2.16,56.87,31.84,12.83,12.9,28.51,,49.44,0.02,0.99,1.0,0.73
301328.SZ,维峰电子,48.79,48.38,2.34,3.58,3.57,3.17,0.61,25.21,40.64,18.21,-16.56,22.76,,4.3,0.74,2.13,13.52,13.67
002469.SZ,三维化学,30.44,26.74,2.27,5.36,5.45,4.81,4.95,69.77,19.75,8.84,-26.51,96.76,0.7,20.28,0.1,0.28,4.98,5.59
000750.SZ,国海证券,120.14,198.58,1.35,0.82,0.84,,1.13,66.67,,8.53,-55.74,0.37,0.1,64.61,0.85,533.09,241.26,143.02
002969.SZ,嘉美包装,31.49,17.87,1.4,3.03,3.07,3.18,6.31,18.6,13.12,3.57,49.76,21.78,,44.33,0.16,0.82,5.9,10.26
002508.SZ,老板电器,13.25,15.45,1.97,10.08,11.01,7.78,4.59,27.32,50.43,16.03,-16.27,11.71,0.11,31.12,0.06,1.32,1.53,1.2
600309.SH,万华化学,16.37,16.21,2.6,12.02,12.1,5.71,2.12,30.32,15.38,8.33,-12.07,39.29,2.21,67.19,0.17,0.41,1.35,1.35
603992.SH,松霖科技,20.03,23.58,3.03,11.15,11.79,8.27,2.42,19.48,35.39,14.63,1.92,15.65,3.01,34.38,0.08,1.51,2.11,1.7
000408.SZ,藏格矿业,18.78,18.92,3.54,14.06,13.98,13.9,6.31,36.7,45.18,80.06,-37.38,60.09,,4.85,0.02,0.31,1.35,1.34
688578.SH,艾力斯,16.04,18.38,4.68,22.85,23.95,23.38,0.96,27.97,95.8,41.96,165.98,31538.11,,10.49,0.03,0.0,0.8,0.67
002811.SZ,郑中设计,18.39,-267.61,2.39,6.76,8.24,5.68,2.03,-111.11,33.83,11.51,839.89,-14.0,,55.7,0.2,扣非亏损,扣非转亏,4.46
600398.SH,海澜之家,11.42,13.0,1.73,10.66,10.81,7.03,7.55,82.35,44.59,12.87,-21.34,6.78,5.14,47.46,0.21,1.92,1.22,1.06
688550.SH,瑞联新材,22.26,27.01,1.86,5.9,6.28,5.95,1.13,45.92,43.3,16.95,100.08,8.0,,12.07,0.16,3.38,4.58,3.55
601121.SH,宝地矿业,23.74,33.79,1.75,5.11,5.52,5.52,1.66,46.8,47.89,30.46,91.95,10.09,0.17,38.61,0.26,3.35,6.62,4.3
002582.SZ,好想你,-38.3,-45.66,0.87,-1.65,-1.55,-1.5,7.82,-500.0,24.26,-5.24,-15.63,-8.2,,25.91,0.5,扣非亏损,扣非亏损,亏损
300664.SZ,鹏鹞环保,14.23,29.68,0.93,3.99,4.89,4.24,1.5,23.7,30.79,15.63,-17.44,-0.41,,44.59,0.06,-72.11,7.43,2.91
002555.SZ,三七互娱,14.1,15.54,2.83,14.83,14.64,10.86,4.36,30.83,79.12,14.23,-9.67,4.88,12.39,34.62,0.16,3.18,1.05,0.96
301181.SZ,标榜股份,23.27,28.52,1.96,4.74,6.24,6.34,1.77,39.37,33.14,24.7,-30.52,-1.95,,9.98,0.14,-14.63,6.01,3.73
300562.SZ,乐心医疗,46.71,50.52,3.04,4.81,4.82,2.71,1.32,94.6,36.26,6.37,389.83,-7.42,1.73,34.61,0.14,-6.81,10.5,9.69
300272.SZ,开能健康,33.23,42.88,3.18,6.38,6.62,4.76,2.5,42.41,40.26,8.74,-17.95,12.83,11.35,55.73,0.33,3.34,6.72,5.02
300400.SZ,劲拓股份,55.19,76.51,5.72,7.54,7.15,5.07,0.77,76.92,34.89,10.84,78.63,-5.69,0.28,33.19,0.08,-13.45,10.15,7.72
002517.SZ,恺英网络,16.95,18.15,4.78,22.68,21.94,18.22,1.79,14.29,82.21,32.6,23.43,42.02,14.07,19.41,0.12,0.43,0.8,0.77
300795.SZ,米奥会展,43.5,24.73,7.39,9.36,10.8,8.99,1.36,40.32,50.17,17.21,-28.42,108.0,11.54,32.93,0.25,0.23,2.64,4.03
603601.SH,再升科技,29.17,-185.9,1.66,2.92,4.04,4.07,0.7,80.21,22.4,9.3,-37.21,-4.06,1.04,26.85,0.12,扣非亏损,扣非转亏,7.22
001206.SZ,依依股份,14.73,18.44,1.64,7.57,8.3,9.78,4.12,71.43,19.57,11.47,61.08,3.17,,11.94,0.14,5.82,2.44,1.77
300856.SZ,科思股份,13.2,13.54,3.45,17.95,18.64,15.59,2.41,34.62,45.29,27.66,-9.0,35.32,,29.7,0.06,0.38,0.75,0.71
600941.SH,中国移动,15.07,18.34,1.68,7.64,8.3,7.14,4.43,35.47,30.81,14.02,3.61,9.54,0.0,32.96,2.14,1.92,2.4,1.82
603057.SH,紫燕食品,15.68,25.46,3.65,14.81,16.6,14.25,3.71,99.4,26.22,13.1,2.93,11.13,,40.88,0.4,2.29,1.72,0.94
688505.SH,复旦张江,76.6,166.93,3.76,2.31,3.66,2.97,0.76,63.64,91.79,15.7,-23.76,3.23,,10.45,0.17,51.68,72.12,20.93
603558.SH,健盛集团,10.62,11.69,1.52,10.52,10.65,8.39,5.16,33.78,28.74,13.68,28.12,13.77,4.02,37.38,0.12,0.85,1.11,1.0
300761.SZ,立华股份,11.26,17.26,2.01,13.94,13.96,8.61,,0.0,16.11,9.13,449.23,21.73,0.14,40.42,0.02,0.79,2.48,1.61
002457.SZ,青龙管业,27.29,37.23,1.78,4.55,4.89,3.3,0.96,121.29,31.28,7.11,5387.34,1.3,3.53,43.38,0.11,28.59,8.18,5.58
300284.SZ,苏交科,76.37,71.74,1.87,1.49,1.83,1.22,2.11,44.06,31.64,5.32,-30.43,-1.28,6.1,44.94,0.16,-56.11,48.15,41.73
002093.SZ,国脉科技,39.18,70.76,2.13,2.71,4.09,4.27,0.66,48.22,53.39,41.22,29.07,6.96,0.76,20.43,0.01,10.17,26.12,9.58
600211.SH,西藏药业,11.75,16.79,3.42,19.69,22.01,18.17,3.97,22.82,94.93,36.55,-6.22,32.63,0.24,21.56,0.13,0.51,0.85,0.53
002749.SZ,国光股份,18.0,19.09,3.24,14.01,14.69,12.21,4.59,35.71,45.59,19.86,22.92,17.09,2.57,14.94,0.2,1.12,1.36,1.23
002757.SZ,南兴股份,19.88,41.47,2.31,8.47,8.68,6.62,3.2,34.11,19.96,8.15,-8.75,19.79,19.98,38.83,0.1,2.1,4.9,2.29
001339.SZ,智微智能,80.4,127.43,4.33,3.54,4.12,4.76,0.12,30.77,17.76,5.18,157.87,24.3,,55.96,0.38,5.24,35.98,19.52
002241.SZ,歌尔股份,27.07,39.93,2.58,6.48,7.45,3.32,0.48,31.25,11.44,3.29,160.22,21.18,1.83,59.43,0.22,1.89,6.16,3.63
300151.SZ,昌红科技,107.93,251.67,7.44,3.83,4.87,3.68,0.27,83.33,28.78,8.73,76.7,-4.8,0.23,33.41,0.07,-52.46,65.77,22.16
300421.SZ,力星股份,48.57,58.0,2.63,3.98,4.09,3.16,1.94,0.0,18.25,6.53,-11.51,8.84,4.43,33.84,0.07,6.56,29.18,23.75
605098.SH,行动教育,15.22,16.17,4.2,19.58,19.64,10.36,4.67,53.76,75.91,34.95,18.72,25.64,,54.0,0.31,0.63,0.83,0.77
301299.SZ,卓创资讯,46.0,59.45,5.3,7.0,8.04,6.25,3.47,189.66,66.05,24.03,43.38,9.19,,32.17,0.05,6.47,8.5,5.72
000875.SZ,吉电股份,8.53,13.86,1.24,10.72,11.31,4.13,2.5,0.0,31.67,18.66,26.31,13.47,0.02,74.07,0.1,1.03,2.59,1.51
601899.SH,紫金矿业,13.27,14.29,3.25,19.65,20.22,10.42,2.01,25.0,19.53,12.88,56.16,19.96,0.41,55.38,0.08,0.72,0.73,0.66
002307.SZ,北新路桥,755.96,-270.07,1.47,-0.37,0.15,1.25,,0.0,19.61,-0.19,-335.02,-9.64,0.08,90.19,1.01,扣非亏损,扣非亏损,10079.47
836395.BJ,朗鸿科技,35.09,36.22,9.98,19.3,19.97,19.82,3.63,57.14,57.1,37.3,56.08,0.34,,19.05,0.06,106.81,1.88,1.76
603110.SH,东方材料,199.81,576.34,4.82,1.61,1.83,1.84,,0.0,28.34,4.21,-4.09,-1.71,,16.25,0.05,-337.31,714.23,218.37
603351.SH,威尔药业,22.25,24.71,2.0,6.35,6.94,6.07,1.14,36.14,25.92,11.1,32.76,17.41,,26.48,0.05,1.42,3.89,3.21
834475.BJ,三友科技,205.78,232.41,6.66,2.77,2.41,1.87,1.15,35.29,16.51,2.47,-68.04,14.56,,33.05,0.03,15.96,83.93,85.39
603477.SH,巨星农牧,28.81,518.78,3.24,8.7,8.1,5.14,,0.0,17.84,6.72,194.36,47.37,17.37,60.81,0.05,10.95,119.31,7.11
002164.SZ,宁波东力,46.99,52.21,1.95,3.0,3.17,2.08,,0.0,19.61,3.95,98.43,7.56,2.49,40.7,0.04,6.9,34.85,29.65
688603.SH,天承科技,90.43,108.11,6.26,4.46,5.24,5.43,0.45,29.53,39.1,20.93,22.11,12.07,,6.77,0.1,8.96,24.25,17.26
003019.SZ,宸展光电,20.31,24.47,2.98,9.83,10.85,8.43,1.99,41.28,23.47,8.44,36.35,6.99,,38.54,0.08,3.5,2.49,1.87
000785.SZ,居然之家,18.36,20.77,0.88,4.06,3.64,3.34,1.88,29.52,29.33,7.77,-31.04,16.09,0.82,58.84,0.14,1.29,5.12,5.05
300131.SZ,英唐智控,159.3,258.99,5.66,2.66,2.67,2.33,,0.0,7.84,1.01,37.79,-20.56,22.17,51.98,0.05,-12.6,194.93,119.33
301101.SZ,明月镜片,37.12,46.2,4.15,7.37,8.57,9.4,0.72,38.37,59.3,24.84,9.88,11.69,,8.97,0.06,3.95,6.27,4.33
002839.SZ,张家港行,5.61,6.06,0.61,8.27,8.89,,5.15,25.64,,41.16,7.92,2.9,,91.53,,2.09,0.73,0.63
002840.SZ,华统股份,105.45,-66.8,3.41,2.05,2.54,2.4,,0.0,6.01,0.87,109.4,-0.51,2.76,74.42,0.12,扣非亏损,扣非转亏,83.03
430510.BJ,丰光精密,139.35,103.03,10.19,5.08,5.17,4.69,0.43,44.38,36.79,12.0,143.69,7.97,,30.26,0.02,12.93,20.29,26.95
601616.SH,广电电气,49.54,97.85,1.29,1.7,1.9,1.8,1.93,419.16,28.24,8.56,289.89,-9.46,8.14,14.82,0.2,-10.34,57.42,26.07
002049.SZ,紫光国微,42.69,42.66,4.79,7.37,8.49,6.05,1.01,22.73,56.81,23.83,-54.37,34.3,5.63,26.84,0.04,1.24,5.79,5.03
688168.SH,安博通,-28.29,-476.29,2.68,-7.09,-6.81,-5.48,0.14,33.33,60.7,-29.4,-16.67,28.55,,23.89,0.05,扣非亏损,扣非亏损,亏损
300806.SZ,斯迪克,81.88,497.34,2.64,1.48,2.44,1.48,0.14,16.67,23.27,2.68,-46.46,9.45,,69.98,0.06,52.61,336.95,33.56
838837.BJ,华原股份,36.15,37.65,4.48,8.43,9.21,5.78,2.2,51.28,26.6,12.18,17.7,6.74,0.04,42.62,0.17,5.58,4.47,3.92
603109.SH,神驰机电,17.93,20.9,1.74,7.15,7.32,4.76,2.13,32.11,26.86,6.91,-24.29,20.14,,43.31,0.25,1.04,2.92,2.45
301571.SZ,国科天成,60.4,,4.86,6.91,8.05,6.6,,0.0,36.9,17.66,38.39,32.49,,29.78,0.38,,,15.01
000429.SZ,粤高速A,13.48,14.33,2.39,13.96,13.45,11.2,6.47,70.13,68.24,51.65,-0.31,11.8,,41.66,0.3,1.22,1.03,1.0
600199.SH,金种子酒,-68.41,-75.48,3.76,-4.51,-4.03,-2.82,,0.0,38.67,-12.25,-128.92,12.84,,26.52,0.04,扣非亏损,扣非亏损,亏损
300486.SZ,东杰智能,-27.78,-8.73,2.3,-6.3,-5.66,-1.78,,0.0,10.92,-13.94,-93.82,-3.38,16.78,57.35,0.14,扣非亏损,扣非亏损,亏损
300257.SZ,开山股份,32.35,33.22,1.5,3.36,3.51,2.94,0.63,22.73,32.92,7.1,-35.73,11.21,3.06,61.89,0.29,2.96,9.88,9.22
301227.SZ,森鹰窗业,-39.1,-66.84,1.0,-2.48,-1.85,-2.03,1.85,32.47,24.18,-8.6,-140.12,4.34,,25.06,1.2,扣非亏损,扣非亏损,亏损
600405.SH,动力源,-12.68,-7.71,4.28,-30.83,-29.5,-6.05,,0.0,29.96,-35.9,-65.23,-7.15,,77.21,0.06,扣非亏损,扣非亏损,亏损
601169.SH,北京银行,4.42,4.71,0.46,6.08,7.81,,7.06,30.19,,39.93,1.87,1.24,,91.18,,3.78,0.77,0.57
002278.SZ,神开股份,72.61,107.18,1.76,1.04,1.83,2.2,0.85,72.25,36.46,5.99,91.94,2.6,7.22,34.26,0.1,41.2,103.41,39.68
002291.SZ,遥望科技,-10.36,-5.38,1.39,-10.35,-9.65,-6.24,,0.0,7.34,-10.42,6.21,30.64,32.11,35.17,0.1,扣非亏损,扣非亏损,亏损
000544.SZ,中原环保,6.62,9.31,1.06,10.76,11.22,4.38,2.59,20.4,48.04,25.44,36.48,62.13,,72.56,0.16,0.15,0.86,0.59
603912.SH,佳力图,237.7,321.99,2.13,0.02,0.65,0.38,0.91,114.29,26.31,2.71,-96.8,0.68,,45.28,0.19,471.28,19876.03,365.69
300921.SZ,南凌科技,381.57,221.12,3.61,-0.55,0.7,0.65,0.81,68.97,29.81,1.06,-328.14,7.1,,16.47,0.09,31.16,转盈,545.1
600887.SH,伊利股份,12.68,18.23,3.27,15.5,19.32,7.88,4.49,73.17,34.81,12.28,0.65,9.33,8.52,60.19,0.27,1.95,1.18,0.66
002176.SZ,江特电机,-136.64,-27.89,4.01,-5.13,-2.18,-0.74,,0.0,4.45,-6.85,-22.88,41.56,1.33,42.38,0.03,扣非亏损,扣非亏损,亏损
688295.SH,中复神鹰,-1729.03,-191.63,4.06,-1.57,-0.17,0.12,0.35,30.29,19.26,-0.75,-128.57,67.9,,48.49,0.34,扣非亏损,扣非亏损,亏损
600520.SH,文一科技,238.76,643.21,15.19,2.28,4.91,3.1,,0.0,22.94,7.64,109.2,2.74,,33.59,0.03,234.74,564.15,97.25
300004.SZ,南风股份,59.62,-1520.89,1.93,1.83,2.46,2.09,,0.0,31.48,9.63,643.02,-3.11,,14.82,0.06,扣非亏损,扣非转亏,48.47
301456.SZ,盘古智能,50.33,53.66,1.76,2.0,2.65,2.37,1.09,22.99,38.14,16.2,-42.0,6.05,,7.16,0.52,8.87,26.83,18.99
688066.SH,航天宏图,-21.88,-10.5,3.28,-12.22,-10.19,-2.35,,0.0,28.45,-16.53,-157.1,38.26,,64.63,0.03,扣非亏损,扣非亏损,亏损
002827.SZ,高争民爆,54.2,71.66,9.03,11.51,12.95,5.4,0.9,42.86,26.91,9.93,25.24,27.31,4.21,58.27,0.08,2.62,6.23,4.19
002852.SZ,道道全,18.58,66.59,1.36,3.88,5.53,4.33,2.03,0.0,8.91,2.67,-39.02,10.55,,56.9,0.3,6.31,34.31,6.72
603007.SH,*ST花王,-54.28,-28.04,17.89,-24.07,-26.96,-2.85,,0.0,-1.42,-131.39,-29.02,-23.94,,85.18,0.0,扣非亏损,扣非亏损,亏损
301203.SZ,国泰环保,17.39,18.44,1.66,7.03,7.07,6.84,3.86,81.08,55.7,42.86,-5.92,-10.75,,3.52,0.73,-1.71,2.62,2.46
300143.SZ,盈康生命,68.36,84.91,3.16,5.41,5.93,4.57,,0.0,26.16,6.78,-16.42,13.07,47.1,42.96,0.06,6.49,31.38,23.05
688030.SH,山石网科,-29.09,-19.54,3.07,-8.06,-7.43,-3.4,,0.0,72.9,-10.94,53.75,10.54,,46.11,0.06,扣非亏损,扣非亏损,亏损
688627.SH,精智达,106.49,77.41,4.31,2.43,2.98,2.56,0.42,25.92,36.94,9.14,31.4,33.21,,11.62,0.03,2.33,31.89,35.73
603338.SH,浙江鼎力,14.15,13.45,2.8,15.75,15.71,11.12,1.95,27.1,36.16,23.83,19.42,31.07,1.4,35.52,0.18,0.43,0.85,0.9
600622.SH,光大嘉宝,-17.95,-3.3,1.27,-8.18,-5.17,0.24,,0.0,39.22,-32.42,29.76,6.28,11.23,73.48,0.32,扣非亏损,扣非亏损,亏损
301239.SZ,普瑞眼科,352.41,-537.83,3.36,0.81,0.7,2.84,0.47,22.35,39.5,1.07,-92.04,27.98,17.41,52.15,0.14,扣非亏损,扣非转亏,503.45
600863.SH,内蒙华电,8.7,13.12,1.72,12.66,14.77,8.6,4.74,63.79,22.19,16.6,11.04,14.1,0.3,37.85,0.07,0.93,1.04,0.59
000887.SZ,中鼎股份,12.48,14.61,1.37,7.63,8.4,6.31,1.62,23.26,22.3,7.3,30.43,13.52,18.92,46.45,0.13,1.08,1.91,1.49
605303.SH,园林股份,-15.47,-10.44,1.17,-6.33,-5.5,-2.89,,0.0,12.32,-13.3,28.48,-16.64,0.05,51.66,0.23,扣非亏损,扣非亏损,亏损
002393.SZ,力生制药,20.06,38.12,0.91,2.15,3.43,2.74,2.3,30.46,55.21,16.44,-22.5,0.43,1.25,16.85,0.35,89.3,17.7,5.85
300118.SZ,东方日升,-7.54,-9.1,1.18,-12.17,-10.94,-2.95,1.14,16.46,8.61,-10.44,-210.35,31.17,,71.41,0.52,扣非亏损,扣非亏损,亏损
301330.SZ,熵基科技,33.21,38.31,1.64,3.25,3.71,3.29,1.36,49.04,49.5,9.46,-26.72,3.12,0.02,14.33,0.54,12.29,11.79,8.95
002037.SZ,保利联合,-55.27,-5.24,2.23,-3.95,-3.02,0.96,,0.0,19.55,-1.9,-204.06,4.29,8.15,83.01,0.32,扣非亏损,扣非亏损,亏损
300016.SZ,北陆药业,101.94,-110.65,2.12,1.52,1.47,2.13,,0.0,50.04,2.6,275.59,2.46,2.54,38.62,0.09,扣非亏损,扣非转亏,138.69
301468.SZ,博盈特焊,34.78,45.9,1.33,2.16,2.82,2.75,1.64,43.1,30.55,17.8,-52.62,-1.05,,7.96,0.31,-43.88,21.23,12.33
000417.SZ,合百集团,15.08,29.12,0.89,3.48,4.44,3.13,2.2,32.5,27.03,5.15,22.4,1.9,0.06,54.39,0.29,15.36,8.37,3.4
003020.SZ,立方制药,24.14,25.22,2.21,6.56,6.96,5.2,1.78,35.21,69.92,10.28,-24.1,2.39,3.87,24.67,0.12,10.56,3.85,3.47
002623.SZ,亚玛顿,-99.39,-42.79,1.13,-1.27,-0.83,-0.09,1.87,116.28,4.9,-0.89,-158.79,27.72,,43.67,0.28,扣非亏损,扣非亏损,亏损
301366.SZ,一博科技,62.73,86.41,3.21,3.06,3.74,3.23,1.2,60.71,35.88,12.71,17.07,11.5,0.06,16.86,0.08,7.52,28.2,16.77
002725.SZ,跃岭股份,-363.76,-126.01,3.22,-0.88,-0.66,-1.09,,0.0,9.77,-1.24,70.67,-1.55,,24.45,0.09,扣非亏损,扣非亏损,亏损
300474.SZ,景嘉微,1449.2,745.74,6.36,0.19,0.69,-0.23,0.17,92.31,53.85,5.41,119.9,11.53,,12.68,0.02,64.7,3958.26,2100.29
600073.SH,光明肉业,13.0,32.07,1.28,5.78,7.54,3.29,1.07,30.42,10.69,2.1,22.13,-1.91,1.5,47.14,0.52,-16.79,5.55,1.72
300245.SZ,天玑科技,-231.37,-61.11,3.32,-3.31,-1.07,-1.23,,0.0,25.97,-7.63,11.76,-3.57,,12.97,0.06,扣非亏损,扣非亏损,亏损
600990.SH,四创电子,-120.88,-11.63,3.06,-3.11,-1.89,-0.37,,0.0,16.61,-3.69,35.06,-20.97,,66.06,0.02,扣非亏损,扣非亏损,亏损
600761.SH,安徽合力,10.61,12.83,1.52,10.73,12.64,7.61,3.29,34.68,21.53,8.82,13.84,10.97,0.6,42.18,0.1,1.17,1.2,0.84
601718.SH,际华集团,-222.88,-165.92,0.78,-0.29,-0.26,-0.13,1.06,75.0,13.66,-1.04,-516.12,-7.29,0.02,34.02,0.36,扣非亏损,扣非亏损,亏损
002266.SZ,浙富控股,17.41,29.15,1.61,5.4,7.01,3.39,1.47,26.32,11.63,5.17,-24.24,33.64,10.16,54.5,0.28,0.87,5.4,2.48
000519.SZ,中兵红箭,-258.14,37.93,2.01,-0.63,-0.58,-0.6,0.39,9.25,22.55,-2.41,-141.34,-1.1,,33.09,0.27,-34.54,扣非亏损,亏损
000683.SZ,远兴能源,9.06,8.17,1.51,12.84,12.87,9.98,5.11,76.92,42.63,25.99,16.48,19.28,0.02,44.01,0.15,0.42,0.64,0.7
300933.SZ,中辰股份,48.96,95.58,2.06,2.46,2.91,2.87,0.42,28.57,13.89,2.27,-10.62,11.21,,58.86,0.2,8.52,38.86,16.82
688639.SH,华恒生物,38.18,29.95,3.4,8.99,9.14,4.69,0.71,31.69,28.13,10.92,-47.41,60.38,,60.56,0.06,0.5,3.33,4.18
605507.SH,国邦医药,15.56,17.82,1.53,7.4,7.63,6.25,1.72,27.41,26.17,13.1,16.87,9.2,0.0,26.21,0.23,1.94,2.41,2.04
000990.SZ,诚志股份,35.67,50.27,0.58,1.09,1.23,2.01,0.61,34.25,15.7,3.67,39.09,9.11,36.04,30.2,0.19,5.52,46.07,29.0
300957.SZ,贝泰妮,38.81,47.55,3.64,5.8,7.07,6.02,0.88,33.55,73.73,10.07,-32.81,29.12,6.84,22.52,0.05,1.63,8.19,5.49
600610.SH,中毅达,-266.36,-58.01,82.64,-39.58,-52.6,1.88,,0.0,8.18,-1.86,64.53,5.17,247.04,93.56,0.03,扣非亏损,扣非亏损,亏损
300831.SZ,派瑞股份,70.76,73.63,5.43,5.52,5.9,5.51,0.1,17.49,66.27,34.38,1602.22,3.91,,6.38,0.11,18.81,13.34,11.99
600736.SH,苏州高新,22.81,-18.54,0.96,-3.19,1.85,1.21,0.57,30.0,15.57,4.21,-327.76,-6.38,0.51,74.84,0.68,扣非亏损,扣非亏损,12.33
300462.SZ,华铭智能,-28.37,-32.74,1.44,-4.35,-3.68,-2.87,,0.0,26.43,-12.15,-269.21,-17.04,0.25,29.57,0.25,扣非亏损,扣非亏损,亏损
603020.SH,爱普股份,25.21,47.64,0.94,2.27,2.8,3.82,1.2,41.39,16.59,5.73,7.66,2.67,0.71,10.6,0.2,17.86,21.03,9.0
688513.SH,苑东生物,20.9,33.71,2.26,6.36,8.28,6.68,0.91,30.69,77.55,20.87,14.92,6.94,,21.68,0.1,4.86,5.3,2.52
002495.SZ,佳隆股份,98.87,-1277.24,1.89,1.32,1.42,1.3,,0.0,32.08,7.74,1021.71,4.77,,5.29,0.19,扣非亏损,扣非转亏,139.25
688078.SH,龙软科技,31.43,29.77,2.72,6.63,6.69,5.79,0.89,30.51,58.51,22.48,-22.61,27.06,1.27,15.21,0.05,1.1,4.49,4.7
002074.SZ,国轩高科,78.39,351.39,1.71,0.23,1.66,1.2,0.47,18.87,17.98,1.62,12.62,71.24,1.88,74.31,0.44,4.93,1543.23,47.22
300588.SZ,熙菱信息,-83.31,-62.25,7.93,-9.66,-6.9,-4.34,,0.0,37.62,-22.37,8.03,-11.44,,48.16,0.11,扣非亏损,扣非亏损,亏损
603200.SH,上海洗霸,70.27,96.81,4.73,4.85,5.14,3.49,0.33,31.82,38.07,11.66,41.29,1.06,,35.92,0.04,91.59,19.98,13.67
301252.SZ,同星科技,25.81,30.61,2.91,7.84,8.59,6.51,1.82,44.91,21.76,12.05,16.38,26.84,,28.29,0.35,1.14,3.91,3.0
002139.SZ,拓邦股份,20.49,22.46,2.3,8.4,8.61,5.35,0.61,14.63,23.71,7.18,42.12,18.43,1.69,46.58,0.14,1.22,2.67,2.38
601996.SH,丰林集团,-75.08,-40.93,0.92,-1.15,-0.87,-0.68,4.21,240.0,3.83,-1.65,-140.72,10.69,0.93,21.49,0.14,扣非亏损,扣非亏损,亏损
603019.SH,中科曙光,110.08,86.01,5.89,2.35,4.05,3.2,0.63,13.49,26.81,10.01,8.66,12.0,0.37,38.59,0.03,7.17,36.56,27.18
603707.SH,健友股份,28.9,-52.71,3.75,9.08,10.08,8.23,0.67,-83.33,41.41,19.62,-33.41,11.02,2.01,33.52,0.04,扣非亏损,扣非转亏,5.73
301305.SZ,朗坤环境,17.32,20.65,1.26,5.46,5.55,3.9,1.66,12.2,31.3,14.48,34.9,17.62,,38.72,0.43,1.17,3.78,3.12
301378.SZ,通达海,-48.6,872.96,2.33,-4.23,-3.44,-3.24,1.02,60.98,36.44,-15.83,-288.43,18.36,,13.95,0.29,47.55,扣非亏损,亏损
600556.SH,天下秀,98.86,228.72,2.23,1.47,1.69,1.28,0.26,31.0,17.12,1.99,-38.79,13.57,0.36,30.1,0.16,16.86,155.22,58.5
600061.SH,国投资本,18.43,25.84,1.0,3.84,4.02,1.21,1.64,30.64,0.16,190.41,-13.57,38.82,7.64,79.08,1.44,0.67,6.73,4.59
000989.SZ,ST九芝,20.84,30.63,1.77,5.61,6.19,5.38,3.95,115.11,59.03,11.61,-19.82,-5.3,3.58,28.23,0.04,-5.77,5.46,3.37
300335.SZ,迪森股份,28.1,42.66,1.26,3.15,3.43,3.8,2.14,92.31,30.31,11.75,9.21,-3.02,14.72,26.7,0.09,-14.11,13.56,8.19
300270.SZ,中威电子,-33.5,-27.72,3.63,-8.06,-7.88,-6.31,,0.0,26.26,-47.81,7.65,1.28,1.13,29.35,0.06,扣非亏损,扣非亏损,亏损
600609.SH,金杯汽车,25.05,137.33,7.11,14.06,24.03,10.58,,0.0,17.12,11.63,-6.58,-1.71,,61.53,0.23,-80.39,19.54,2.08
002140.SZ,东华科技,18.58,21.35,1.85,6.9,7.66,2.38,1.29,22.49,8.09,4.85,35.1,13.43,,70.63,0.65,1.59,3.09,2.43
300945.SZ,曼卡龙,25.41,32.4,1.64,4.51,4.9,4.8,0.86,34.86,14.13,4.61,15.25,34.3,,11.21,0.3,0.94,7.19,5.19
000520.SZ,凤凰航运,-179.08,-207.28,10.1,-5.29,-4.14,-2.76,,0.0,-0.36,-2.92,-49.42,13.09,,27.67,0.02,扣非亏损,扣非亏损,亏损
002025.SZ,航天电器,45.41,50.39,3.81,5.9,6.4,4.29,0.79,23.03,44.36,11.68,-34.27,13.18,,35.47,0.1,3.82,8.54,7.1
600429.SH,三元股份,47.26,134.33,1.27,1.38,1.99,2.02,1.1,30.63,23.86,2.1,192.05,-1.94,0.38,43.67,0.14,-69.24,97.07,23.73
600048.SH,保利发展,11.7,18.51,0.62,3.75,3.9,1.39,4.14,40.59,15.92,6.7,-41.03,13.08,0.02,74.89,1.05,1.42,4.94,3.0
301125.SZ,腾亚精工,223.58,-370.55,2.77,0.66,0.95,0.35,0.16,63.83,24.33,-0.73,-81.24,9.22,2.82,39.61,0.11,扣非亏损,扣非转亏,235.34
688501.SH,青达环保,38.52,18.49,1.94,3.3,3.81,2.54,1.32,31.43,32.79,4.45,81.31,23.01,0.25,65.43,0.15,0.8,5.6,10.11
002635.SZ,安洁科技,36.01,44.3,1.84,2.92,3.81,2.64,1.84,66.67,22.92,6.09,-12.37,16.45,4.35,27.35,0.11,2.69,15.19,9.45
600671.SH,ST目药,-221.94,-46.69,32.7,-22.29,-10.47,0.5,,0.0,42.76,-3.02,66.45,-14.32,3.89,84.57,0.03,扣非亏损,扣非亏损,亏损
603158.SH,腾龙股份,12.49,17.36,1.75,7.92,10.77,7.2,1.64,40.0,21.83,9.87,31.34,20.91,6.74,45.66,0.1,0.83,2.19,1.16
688091.SH,上海谊众,188.28,109.4,6.06,2.14,2.37,1.6,0.48,30.39,94.58,20.44,-72.39,2869.72,,3.42,0.07,0.04,51.07,79.44
002086.SZ,东方海洋,-62.48,-9.06,3.75,-5.09,-4.4,-3.0,,0.0,10.3,-28.36,-5.08,7.38,0.27,20.19,0.18,扣非亏损,扣非亏损,亏损
601869.SH,长飞光纤,28.57,66.57,1.88,2.69,5.01,2.27,1.87,30.06,27.81,5.98,-56.63,19.19,6.05,51.63,0.26,3.47,24.74,5.7
301113.SZ,雅艺科技,242.55,1890.24,2.49,0.54,0.77,0.65,0.09,11.11,27.74,2.86,-81.04,-10.21,,8.22,0.13,-185.13,3488.81,315.0
688156.SH,路德环境,-289.95,-198.33,1.5,-0.59,-0.38,-0.28,0.21,17.86,30.42,-3.58,-124.15,14.91,,46.33,0.19,扣非亏损,扣非亏损,亏损
688717.SH,艾罗能源,45.17,59.26,2.15,2.92,3.63,1.59,,0.0,37.26,6.67,-87.19,225.42,,30.65,1.84,0.26,40.65,24.89
600683.SH,京投发展,-2.81,-1.93,4.36,-12.26,-84.81,-1.27,,0.0,-0.94,-101.97,-2166.08,16.68,0.14,86.43,0.58,扣非亏损,扣非亏损,亏损
002647.SZ,仁东控股,-20.58,-19.09,72.17,-203.93,-248.86,-0.34,,0.0,22.53,-15.12,-36.66,-4.53,810.15,97.72,0.84,扣非亏损,扣非亏损,亏损
000736.SZ,中交地产,-3.76,-3.46,14.79,-146.04,-151.06,-0.44,,0.0,5.8,-12.51,-47.8,55.72,,85.94,1.39,扣非亏损,扣非亏损,亏损
002483.SZ,润邦股份,13.62,75.54,1.11,5.43,6.23,4.8,1.92,166.67,19.31,7.03,5.38,26.58,4.83,56.45,0.7,2.84,13.91,2.19
002701.SZ,奥瑞金,13.7,17.16,1.54,8.35,8.52,7.08,2.9,40.0,17.3,6.95,9.4,6.69,0.63,49.03,0.24,2.56,2.05,1.61
600187.SH,国中水务,567.64,-214.56,2.15,0.07,0.28,0.52,,0.0,30.34,5.02,-95.29,-15.23,,10.78,0.03,扣非亏损,扣非转亏,4054.59
603489.SH,八方股份,78.16,122.93,2.03,1.61,1.9,0.91,1.82,131.58,25.63,5.06,-59.44,18.31,,16.68,0.17,6.71,76.4,41.14
300269.SZ,联建光电,-272.56,-48.21,31.98,-18.9,-8.91,-0.22,,0.0,28.28,-1.47,-173.77,-3.18,,90.75,0.06,扣非亏损,扣非亏损,亏损
300450.SZ,先导智能,47.01,1271.69,3.19,4.94,5.12,1.8,1.34,30.32,36.42,6.44,-74.22,43.16,9.11,65.39,0.08,29.46,257.17,9.18
002152.SZ,广电运通,33.91,43.21,2.47,4.55,5.42,3.03,1.63,51.28,31.44,10.97,-17.08,12.31,11.25,45.81,0.3,3.51,9.5,6.26
000797.SZ,中国武夷,75.25,55.44,0.9,1.31,0.91,2.64,0.33,40.32,29.88,4.02,5479.35,21.0,0.08,74.56,0.62,2.64,42.24,82.69
688017.SH,绿的谐波,252.92,327.1,9.79,2.6,2.91,2.44,0.2,60.1,39.53,21.71,-21.02,28.4,,19.88,0.01,11.52,125.8,86.91
003007.SZ,直真科技,-54.54,131.27,3.62,-5.22,-4.79,-4.18,0.61,26.32,64.34,-22.84,15.31,3.69,2.21,13.49,0.07,35.58,扣非亏损,亏损
600875.SH,东方电气,14.16,21.04,1.29,6.52,6.8,2.46,3.25,41.67,15.74,5.88,-8.19,18.27,,69.34,0.47,1.15,3.23,2.08
688283.SH,坤恒顺维,155.87,88.64,3.63,1.02,1.71,0.06,0.32,20.96,64.56,13.67,-79.71,25.16,0.01,13.33,0.24,3.52,86.86,91.15
603900.SH,莱绅通灵,-34.95,-21.73,1.06,-2.01,-2.21,-2.24,1.5,-45.45,36.73,-5.29,-77.96,-14.3,,14.59,0.1,扣非亏损,扣非亏损,亏损
603212.SH,赛伍技术,-42.14,-62.29,1.87,-3.38,-3.33,-2.42,0.41,30.0,6.7,-4.21,-232.14,25.29,,37.75,0.09,扣非亏损,扣非亏损,亏损
603285.SH,键邦股份,21.51,,2.37,9.99,11.48,10.88,,0.0,34.49,25.1,,-10.56,,7.27,0.41,,,3.75
688778.SH,厦钨新能,43.68,48.77,2.48,3.97,4.26,2.93,1.77,56.0,9.66,3.69,-7.32,45.2,,39.19,0.07,1.08,12.29,10.25
000863.SZ,三湘印象,49.79,99.98,0.96,1.36,1.45,1.94,,0.0,52.19,4.27,41.07,-37.24,6.1,33.75,0.06,-2.68,147.33,68.67
839946.BJ,华阳变速,-71.8,-40.22,5.91,-6.62,-5.99,-2.31,1.71,0.0,2.3,-3.86,5.04,7.39,,66.62,0.04,扣非亏损,扣非亏损,亏损
301317.SZ,鑫磊股份,73.46,63.39,3.4,3.22,3.36,1.13,1.53,75.0,23.62,4.94,16.17,2.74,,56.3,0.35,23.12,19.67,21.86
300323.SZ,华灿光电,-21.58,-14.1,1.44,-5.94,-5.01,-3.33,,0.0,-0.05,-12.18,31.18,5.75,,40.5,0.17,扣非亏损,扣非亏损,亏损
300396.SZ,迪瑞医疗,17.42,20.16,2.13,9.11,9.28,6.83,1.7,49.5,43.41,16.38,-17.72,14.76,,31.73,0.11,1.37,2.21,1.88
300065.SZ,海兰信,481.94,-47.35,3.84,-0.73,0.6,0.36,,0.0,37.14,3.78,43.54,-4.02,0.28,25.28,0.02,扣非亏损,扣非亏损,1606.47
600748.SH,上实发展,-17.9,-11.12,0.68,-3.1,-2.82,-0.02,0.6,30.0,15.72,-19.59,-330.99,31.37,0.37,62.92,0.42,扣非亏损,扣非亏损,亏损
001296.SZ,长江材料,24.64,24.54,1.76,5.17,5.39,5.3,1.7,31.5,25.69,13.11,2.34,2.19,,16.34,0.16,11.21,4.75,4.57
000532.SZ,华金资本,99.62,76.67,3.53,2.42,2.65,2.41,0.54,30.27,41.86,15.21,-7.99,-4.22,,35.71,0.04,-18.19,31.65,37.59
301522.SZ,上大股份,97.97,,8.94,8.46,10.3,5.0,,0.0,14.25,6.62,,58.27,,61.31,0.09,,,19.02
300500.SZ,启迪设计,-91.31,-5.2,1.76,-2.39,-1.43,0.32,0.42,-3.16,24.43,-1.81,-266.92,-2.97,0.98,61.69,0.32,扣非亏损,扣非亏损,亏损
001259.SZ,利仁科技,123.57,119.38,2.31,1.31,1.36,0.07,1.41,139.47,29.14,3.43,-39.09,-14.55,,9.6,0.87,-8.2,91.13,90.86
301276.SZ,嘉曼服饰,16.04,18.77,1.09,3.36,5.13,5.39,3.12,45.51,62.12,15.13,-7.82,3.76,,17.69,0.54,5.0,5.59,3.13
603657.SH,春光科技,288.62,-134.2,1.91,0.26,0.49,0.55,0.62,55.56,11.64,0.32,-93.06,31.58,0.56,58.09,0.26,扣非亏损,扣非转亏,589.03
688475.SH,萤石网络,51.69,48.53,4.81,6.92,7.03,4.22,1.11,50.0,42.88,9.46,-5.45,17.22,,34.22,0.31,2.82,7.01,7.35
002774.SZ,快意电梯,21.64,22.5,2.02,5.65,6.82,4.6,4.82,93.09,27.03,7.64,-5.4,32.8,,39.68,0.14,0.69,3.98,3.17
001322.SZ,箭牌家居,190.74,61.93,1.68,0.02,0.64,0.81,1.11,29.98,26.42,0.61,-99.61,6.77,,49.48,0.51,9.15,2991.85,298.03
688590.SH,新致软件,91.95,108.89,2.9,1.36,2.21,1.92,0.35,27.59,26.02,1.9,-26.85,16.62,4.86,50.4,0.08,6.55,79.84,41.61
603898.SH,好莱客,22.38,29.91,0.89,2.07,2.9,2.47,1.91,30.0,34.68,6.3,-51.06,6.12,,28.22,0.06,4.88,14.44,7.72
001260.SZ,坤泰股份,33.4,36.05,2.29,5.16,5.23,4.95,0.57,29.07,27.38,9.06,16.68,9.21,,22.55,0.23,3.91,6.99,6.39
838227.BJ,美登科技,46.77,51.37,4.86,7.08,7.36,8.33,3.29,91.74,68.68,28.79,5.34,7.01,18.09,4.68,0.18,7.32,7.25,6.35
603096.SH,新经典,15.88,19.56,1.48,5.77,6.62,7.54,4.57,91.41,47.93,20.21,-1.55,1.0,0.26,6.28,0.08,19.51,3.39,2.4
301162.SZ,国能日新,56.19,55.65,3.54,3.94,4.86,3.96,0.87,52.94,67.28,14.83,0.9,22.53,,27.29,0.2,2.47,14.11,11.56
002471.SZ,中超控股,-382.49,-113.36,2.08,-1.81,-0.41,1.12,1.07,15.66,10.25,-0.19,-8.86,4.04,1.34,70.33,0.25,扣非亏损,扣非亏损,亏损
301099.SZ,雅创电子,31.24,55.35,3.91,5.71,9.14,5.21,0.14,10.45,18.07,5.35,74.83,32.22,8.9,62.36,0.34,1.72,9.69,3.42
688589.SH,力合微,51.13,53.2,3.7,4.38,4.95,4.0,0.88,32.71,43.23,13.32,-38.89,40.62,,29.42,0.17,1.31,12.16,10.33
301391.SZ,卡莱特,250.76,71.12,1.81,-1.24,0.54,0.14,0.7,26.85,44.14,2.75,-133.03,38.09,,18.2,0.1,1.87,转盈,464.37
002585.SZ,双星新材,-22.59,-13.32,0.76,-2.97,-2.48,-2.02,0.37,-20.55,0.05,-5.25,-21146.95,2.22,,32.25,0.1,扣非亏损,扣非亏损,亏损
300077.SZ,国民技术,-85.04,-56.27,15.73,-9.65,-13.55,-3.28,,0.0,19.99,-20.22,64.82,57.4,2.81,69.27,0.03,扣非亏损,扣非亏损,亏损
000609.SZ,*ST中迪,-5.2,-4.12,2.6,-29.28,-31.61,-1.78,,0.0,0.95,-37.45,-47.67,168.95,1.05,86.19,0.07,扣非亏损,扣非亏损,亏损
000901.SZ,航天科技,-675.38,-147.33,2.32,-0.53,-0.26,1.3,,0.0,17.98,-0.06,-248.97,8.67,8.53,48.55,0.08,扣非亏损,扣非亏损,亏损
301047.SZ,义翘神州,65.33,129.41,1.5,0.59,1.6,1.78,2.43,99.33,74.42,21.36,-74.04,-22.5,4.97,4.54,0.1,-5.75,220.91,40.83
601808.SH,中海油服,22.72,23.39,1.71,5.84,5.8,5.31,1.44,33.25,17.24,7.83,12.13,15.55,,46.83,0.19,1.5,4.01,3.92
603399.SH,永杉锂业,87.27,-33.82,3.29,-1.79,2.8,2.83,,0.0,3.63,1.3,85.29,52.15,,50.29,0.1,扣非亏损,扣非亏损,62.33
603886.SH,元祖股份,9.93,15.57,2.01,14.89,15.34,10.09,5.49,86.96,64.33,13.32,-11.05,5.03,,50.85,0.15,3.09,1.05,0.65
836263.BJ,中航泰达,23.01,18.89,2.37,7.78,7.78,5.12,1.8,22.68,23.81,16.19,-22.51,9.19,,42.58,0.03,2.05,2.43,2.96
605339.SH,南侨食品,36.8,30.93,2.17,4.14,4.44,3.66,0.58,20.0,24.47,6.52,18.38,10.34,,19.42,0.22,2.99,7.47,8.29
002332.SZ,仙琚制药,17.55,20.79,2.06,8.83,8.96,8.7,2.35,52.63,54.63,16.77,12.82,0.86,9.96,12.15,0.11,24.16,2.35,1.96
832651.BJ,天罡股份,25.56,29.8,2.89,7.41,8.36,6.69,6.87,63.06,49.46,21.46,-14.67,5.39,,31.05,0.19,5.53,4.02,3.06
000061.SZ,农产品,27.02,36.84,1.81,4.06,5.05,3.6,1.7,41.57,29.88,12.15,-2.18,20.47,0.1,61.5,0.12,1.8,9.08,5.35
002888.SZ,惠威科技,714.52,-9673.12,7.31,1.78,0.75,0.7,0.27,-170.0,34.99,1.73,651.67,-4.76,,14.53,0.02,扣非亏损,扣非转亏,1905.37
002458.SZ,益生股份,26.62,66.18,2.4,6.79,6.79,4.78,1.86,37.04,27.7,14.05,-55.72,24.24,0.41,37.23,0.18,2.73,9.75,3.92
300638.SZ,广和通,15.68,24.67,3.87,13.53,19.69,9.52,2.0,51.35,20.71,10.56,3.83,41.28,0.39,52.55,0.1,0.6,1.82,0.8
002762.SZ,金发拉比,-180.61,-63.57,2.97,-1.33,-1.21,-1.2,0.56,-71.43,51.26,-7.35,-1101.83,-13.07,1.0,6.56,0.04,扣非亏损,扣非亏损,亏损
839729.BJ,永顺生物,57.55,99.8,3.42,3.42,4.38,3.98,2.04,85.71,57.5,14.46,-49.57,-1.55,,17.62,0.05,-64.43,29.2,13.14
603669.SH,灵康药业,-69.91,-28.83,5.5,-10.17,-5.17,-4.72,,0.0,43.06,-20.3,24.96,-39.64,,29.02,0.03,扣非亏损,扣非亏损,亏损
603759.SH,海天股份,15.93,15.0,1.19,5.38,5.6,4.15,3.25,51.92,44.37,15.26,-10.83,14.84,,55.61,0.19,1.01,2.79,2.84
301137.SZ,哈焊华通,152.17,146.46,2.58,0.25,1.26,0.88,0.7,40.0,9.94,1.55,-78.33,5.98,,34.73,0.2,24.48,577.99,120.77
002597.SZ,金禾实业,26.78,29.06,1.96,5.16,5.61,4.47,0.91,15.75,20.19,10.12,-21.91,18.91,0.02,26.94,0.15,1.54,5.63,4.77
603822.SH,嘉澳环保,-16.14,-16.97,3.21,-13.9,-13.73,-2.88,,0.0,-1.77,-13.05,-541.66,35.46,4.38,71.32,0.1,扣非亏损,扣非亏损,亏损
600928.SH,西安银行,6.59,6.83,0.52,6.07,6.07,,1.68,10.18,,34.87,1.34,0.6,,92.73,,11.43,1.13,1.09
601689.SH,拓普集团,30.17,35.33,4.82,12.42,12.43,8.18,0.76,28.51,21.17,11.59,34.83,46.25,1.08,45.63,0.02,0.76,2.85,2.43
600237.SH,铜峰电子,53.94,51.52,2.5,3.2,3.56,3.33,,0.0,24.05,6.77,8.67,8.74,,22.8,0.09,5.9,32.17,30.27
600797.SH,浙大网新,-107.07,-104.33,2.16,-2.29,-1.48,-0.74,0.61,33.33,21.2,-3.26,-67.85,-1.32,0.06,38.73,0.07,扣非亏损,扣非亏损,亏损
001309.SZ,德明利,21.77,22.85,7.8,30.02,31.52,13.66,0.14,59.09,23.13,11.73,439.19,29.59,,69.55,0.02,0.77,0.76,0.69
430685.BJ,新芝生物,39.72,34.74,2.21,2.98,4.08,4.18,2.88,62.5,62.4,22.17,-36.5,10.26,1.24,9.16,0.23,3.39,11.67,9.73
000610.SZ,西安旅游,-25.31,-17.25,7.14,-19.23,-19.14,-2.78,,0.0,5.52,-21.59,-33.68,32.25,1.71,82.4,0.04,扣非亏损,扣非亏损,亏损
000811.SZ,冰轮环境,13.11,17.89,1.41,7.65,8.31,5.1,0.74,11.36,27.34,10.23,-19.24,23.11,12.97,45.87,0.23,0.77,2.34,1.58
002202.SZ,金风科技,18.78,22.04,1.22,4.68,4.77,2.03,1.25,34.73,16.43,5.2,73.15,-3.41,0.26,73.72,0.3,-6.46,4.71,3.94
603261.SH,立航科技,-54.61,-24.77,3.16,-4.63,-4.19,-3.24,,0.0,12.64,-22.83,-5201.98,-3.75,,31.12,0.13,扣非亏损,扣非亏损,亏损
600123.SH,兰花科创,14.23,12.67,0.83,4.33,4.16,3.29,6.79,0.0,29.49,6.55,-59.95,32.52,,48.79,0.5,0.39,5.86,6.84
301558.SZ,三态股份,122.72,164.66,5.23,2.08,3.14,3.43,0.94,79.23,28.83,3.44,-74.28,-11.42,,9.76,0.24,-14.42,79.02,39.08
838670.BJ,恒进感应,149.56,144.16,4.36,1.18,2.15,2.02,1.0,57.69,43.48,22.05,-26.89,0.8,,12.19,0.1,180.99,122.45,69.56
603936.SH,博敏电子,83.03,-9.05,1.24,0.32,1.13,1.04,,0.0,13.1,2.17,-61.27,3.21,12.56,47.5,0.09,扣非亏损,扣非转亏,146.96
300106.SZ,西部牧业,-35.79,-18.35,3.97,-9.32,-7.99,-2.79,,0.0,10.09,-5.55,-80.98,13.24,0.25,47.95,0.14,扣非亏损,扣非亏损,亏损
300347.SZ,泰格医药,48.76,45.16,2.51,4.24,3.85,3.73,1.03,24.27,38.88,17.82,-25.56,34.48,11.51,19.35,0.06,1.31,10.65,12.66
300777.SZ,中简科技,41.34,50.38,3.0,5.13,5.57,5.77,0.4,18.03,61.31,43.4,1.89,23.13,0.0,6.1,0.06,2.18,9.81,7.42
002561.SZ,徐家汇,-1474.23,1394.06,1.75,-0.11,-0.09,0.25,1.12,66.67,55.27,1.26,-107.1,-1.53,,14.22,0.23,-911.15,扣非亏损,亏损
603506.SH,南都物业,21.18,26.76,1.51,7.09,5.09,3.2,3.23,35.41,16.04,5.07,-7.48,9.62,19.86,53.16,0.2,2.78,3.78,4.16
688565.SH,力源科技,-30.11,-12.33,2.17,-7.04,-5.25,-2.77,,0.0,8.14,-14.26,16.22,2.21,,50.03,0.08,扣非亏损,扣非亏损,亏损
002319.SZ,乐通股份,-79.36,-104.03,13.61,-34.64,-34.06,-1.99,,0.0,16.37,-7.35,-1257.07,7.71,,90.31,0.0,扣非亏损,扣非亏损,亏损
002320.SZ,海峡股份,39.63,42.64,3.13,5.85,5.98,14.59,1.99,59.64,45.5,27.01,-31.81,58.3,,17.97,0.13,0.73,7.29,6.63
002750.SZ,*ST龙津,-82.74,-15.79,2.05,-3.25,-1.84,-1.99,,0.0,72.76,-26.94,49.14,21.5,0.5,11.51,0.26,扣非亏损,扣非亏损,亏损
300221.SZ,银禧科技,55.29,80.48,2.17,3.02,2.98,2.41,,0.0,16.69,2.72,4.23,3.16,,38.99,0.03,25.46,53.22,37.11
832089.BJ,禾昌聚合,17.49,18.2,1.95,8.41,8.64,5.8,0.67,11.11,16.13,8.17,5.23,21.02,,42.05,0.06,0.87,2.16,2.02
600355.SH,精伦电子,-56.35,-48.66,15.18,-18.71,-18.49,-9.81,,0.0,21.95,-28.21,6.66,-6.39,,47.53,0.02,扣非亏损,扣非亏损,亏损
603810.SH,丰山集团,-51.79,-21.22,1.16,-1.51,-1.59,-1.35,,0.0,8.03,-3.37,-265.38,-5.27,,41.32,0.35,扣非亏损,扣非亏损,亏损
300651.SZ,金陵体育,61.18,108.12,2.27,1.36,2.67,2.04,0.75,28.3,31.73,8.33,-71.75,5.62,,35.42,0.28,19.22,79.75,22.91
300768.SZ,迪普科技,100.62,88.96,3.82,2.5,2.86,1.59,0.54,40.0,67.23,11.28,33.3,6.02,,13.45,0.35,14.78,35.59,35.18
600785.SH,新华百货,17.48,27.32,1.14,4.55,4.95,3.04,1.35,33.33,26.45,1.91,-20.22,2.14,0.06,76.27,0.16,12.78,6.01,3.53
603948.SH,建业股份,14.22,13.6,1.55,7.56,8.27,7.37,4.4,50.51,14.97,9.36,-31.97,18.86,0.94,23.16,0.28,0.72,1.8,1.72
688206.SH,概伦电子,-126.3,-130.96,4.82,-2.12,-2.81,-2.88,,0.0,90.26,-20.42,-18.75,34.26,9.31,14.68,0.31,扣非亏损,扣非亏损,亏损
600470.SH,六国化工,54.65,72.21,1.51,0.61,1.89,1.93,,0.0,9.92,1.39,159.82,14.02,,68.67,0.51,5.15,235.48,57.83
603518.SH,锦泓集团,12.88,11.23,0.81,4.13,4.69,4.63,2.59,29.89,69.26,5.53,-14.07,12.07,52.61,37.28,0.14,0.93,2.72,2.75
301011.SZ,华立科技,30.76,37.49,3.9,9.67,9.77,7.34,0.85,57.14,30.55,9.26,53.28,26.33,2.28,43.9,0.06,1.42,3.88,3.15
300895.SZ,铜牛信息,-54.8,-25.75,5.19,-6.88,-6.77,-6.86,,0.0,-1.17,-41.41,-1380.84,2.36,,10.22,0.03,扣非亏损,扣非亏损,亏损
002062.SZ,宏润建设,14.87,18.18,1.12,5.61,6.05,3.06,2.26,32.26,17.94,7.88,-2.95,-16.88,,68.16,0.58,-1.08,3.24,2.46
603375.SH,盛景微,157.09,54.04,2.54,0.95,1.28,0.83,,15.5,35.36,3.48,-90.71,6.71,2.23,7.99,0.18,8.06,57.09,122.73
601018.SH,宁波港,13.68,18.93,0.97,4.3,5.4,5.17,2.56,37.92,29.2,20.61,3.58,6.2,0.72,26.59,0.12,3.05,4.4,2.53
000507.SZ,珠海港,14.76,19.79,0.9,3.14,3.75,3.59,0.23,5.0,25.47,9.69,-4.26,23.13,13.37,52.55,0.39,0.86,6.3,3.94
300536.SZ,*ST农尚,-30.46,-27.68,3.89,-7.74,-9.14,-5.87,,0.0,17.09,-48.07,-2713.75,-16.26,0.14,39.28,0.01,扣非亏损,扣非亏损,亏损
300908.SZ,仲景食品,23.48,26.29,2.7,8.52,8.73,8.54,2.42,58.14,42.75,17.78,10.51,11.02,,9.49,0.17,2.38,3.09,2.69
600111.SH,北方稀土,155.26,67.2,3.84,1.22,1.86,2.8,0.36,10.67,9.04,3.81,-80.08,17.09,0.12,34.73,0.07,3.93,54.91,83.47
002864.SZ,盘龙药业,24.63,28.18,1.83,5.11,5.66,3.82,0.57,19.13,61.77,12.45,-5.8,14.28,,28.7,0.57,1.97,5.52,4.35
002434.SZ,万里扬,25.4,42.81,1.51,4.09,4.36,3.22,4.03,130.43,17.7,6.18,-6.36,-0.3,4.41,46.22,0.09,-143.19,10.47,5.83
603633.SH,徕木股份,36.31,44.11,1.73,3.28,3.6,2.9,0.53,30.0,22.7,6.67,1.86,27.45,,45.64,0.1,1.61,13.45,10.09
600916.SH,中国黄金,14.96,16.54,2.02,9.45,9.93,7.15,4.56,77.59,4.2,1.61,2.69,20.89,0.06,40.0,0.38,0.79,1.75,1.51
000622.SZ,*ST恒立,-46.02,-43.43,5.97,-9.45,-9.28,-3.4,,0.0,1.14,-23.15,-188.69,-23.47,,63.94,0.07,扣非亏损,扣非亏损,亏损
873570.BJ,坤博精工,81.12,86.74,5.4,2.89,5.03,4.41,0.78,21.3,22.6,18.0,-73.98,39.85,,15.73,0.11,2.18,30.02,16.13
600507.SH,方大特钢,38.83,38.75,1.05,1.65,2.03,1.45,2.17,33.9,4.1,1.03,-73.34,7.34,0.01,56.25,0.84,5.28,23.44,19.13
600658.SH,电子城,-8.29,-7.26,0.79,-7.02,-6.9,-1.09,,0.0,37.89,-31.99,-38831.06,23.01,0.84,61.35,0.25,扣非亏损,扣非亏损,亏损
600249.SH,两面针,23.91,145.27,1.23,1.3,3.89,2.76,0.51,72.29,16.53,10.71,17.61,15.55,0.16,19.84,0.47,9.34,111.37,6.15
002573.SZ,清新环境,76.74,-37.69,0.96,0.61,0.93,1.96,2.03,112.86,18.04,1.69,-84.15,23.45,8.67,69.39,0.19,扣非亏损,扣非转亏,82.52
002611.SZ,东方精工,29.48,26.2,2.68,8.05,7.06,6.34,,0.0,32.2,10.79,53.03,17.74,8.65,30.92,0.14,1.48,6.51,8.35
300359.SZ,全通教育,-69.45,-100.69,5.81,-6.52,-6.07,-3.93,,0.0,25.21,-14.35,-2438.14,-3.38,3.08,18.01,0.09,扣非亏损,扣非亏损,亏损
300195.SZ,长荣股份,684.61,-199.27,1.16,-0.21,0.13,1.07,,0.0,29.52,0.1,69.81,10.53,0.51,54.99,0.1,扣非亏损,扣非亏损,10532.52
600343.SH,航天动力,-64.56,-33.85,4.58,-5.15,-5.19,-2.65,,0.0,10.72,-14.84,-48.26,-9.07,,46.43,0.01,扣非亏损,扣非亏损,亏损
300663.SZ,科蓝软件,-1069.82,-75.71,9.56,-1.05,-0.61,0.93,,0.0,32.01,-1.37,14.34,5.01,5.92,62.03,0.01,扣非亏损,扣非亏损,亏损
600773.SH,西藏城投,-67.8,-91.04,2.88,-3.51,-3.51,-0.68,0.09,12.5,55.18,-83.46,-343.89,10.04,,69.28,0.07,扣非亏损,扣非亏损,亏损
600811.SH,东方集团,62.93,-8.45,0.65,0.52,0.78,1.68,,0.0,15.34,13.98,140.46,-20.79,1.29,53.75,0.12,扣非亏损,扣非转亏,161.36
831010.BJ,凯添燃气,52.34,87.09,4.02,5.2,5.84,5.03,0.87,27.78,20.96,10.51,-22.75,12.53,0.22,32.34,0.03,6.95,16.74,8.96
002737.SZ,葵花药业,15.35,17.95,2.68,9.96,12.32,11.28,5.77,78.12,52.23,20.41,-42.05,18.32,1.95,20.79,0.1,0.98,1.8,1.25
839680.BJ,广道数字,-54.11,-87.54,2.64,-3.59,-3.58,-2.73,0.21,7.25,37.72,-19.99,-157.51,9.36,,16.14,0.15,扣非亏损,扣非亏损,亏损
603809.SH,豪能股份,22.73,27.38,3.04,9.97,10.28,6.54,1.69,42.93,34.14,14.37,77.91,19.15,8.41,56.71,0.03,1.43,2.75,2.21
688345.SH,博力威,-71.31,-24.61,1.89,-2.2,-1.96,-1.43,,0.0,16.61,-1.76,-148.33,18.6,,57.0,0.14,扣非亏损,扣非亏损,亏损
603122.SH,合富中国,81.18,97.03,2.46,1.87,2.25,2.48,0.75,50.0,19.76,3.83,-44.27,0.73,,20.06,0.14,132.88,52.0,36.08
600097.SH,开创国际,103.04,16.95,1.02,0.55,0.74,1.33,1.78,30.65,27.37,1.35,152.4,0.79,4.67,30.71,0.22,21.35,30.95,139.24
301149.SZ,隆华新材,23.77,22.46,2.26,6.56,7.26,5.28,1.21,25.86,3.94,3.16,-28.88,36.6,,42.09,0.18,0.61,3.42,3.27
300756.SZ,金马游乐,107.96,-44.96,1.68,0.34,1.16,0.53,0.62,32.26,30.89,2.88,-94.7,31.35,0.12,37.69,0.42,扣非亏损,扣非转亏,93.07
688181.SH,八亿时空,47.15,55.75,1.82,2.83,2.94,2.63,0.3,10.12,41.41,10.83,-27.25,9.21,,23.62,0.04,6.05,19.72,16.04
301419.SZ,阿莱德,81.16,114.1,3.22,2.88,2.93,2.36,1.35,84.49,37.56,10.45,-48.86,8.5,,8.6,0.45,13.43,39.68,27.7
688577.SH,浙海德曼,124.42,214.77,2.86,1.02,1.94,1.56,0.64,111.11,25.4,3.19,-42.05,17.85,0.8,38.28,0.06,12.03,209.67,64.14
300789.SZ,唐源电气,31.08,21.19,2.21,4.93,5.41,3.78,1.3,29.5,37.95,12.08,9.04,33.83,,33.42,0.15,0.63,4.3,5.74
605199.SH,葫芦娃,46.65,80.17,4.52,3.67,7.36,3.74,0.82,46.3,54.67,7.38,-28.59,18.07,1.01,61.51,0.03,4.44,21.83,6.34
688615.SH,合合信息,60.04,,9.53,15.61,26.62,12.57,,0.0,84.36,29.21,8.45,20.04,,23.41,0.43,,,4.51
300790.SZ,宇瞳光学,34.46,53.74,3.25,6.65,7.01,4.05,0.61,100.0,22.87,7.38,291.59,15.28,4.49,63.22,0.11,3.52,8.08,4.92
002876.SZ,三利谱,59.18,78.96,2.17,3.13,2.77,2.0,0.07,10.0,15.94,3.48,75.23,3.47,0.34,51.55,0.08,22.77,25.24,21.37
002188.SZ,中天服务,342.96,47.39,10.25,15.09,2.27,2.57,,0.0,22.55,1.06,-27.25,28.51,,59.62,0.12,1.66,6.28,302.16
002446.SZ,盛路通信,73.64,-108.48,1.99,1.76,2.05,1.62,,0.0,33.49,7.91,-59.56,5.11,22.98,23.41,0.11,扣非亏损,扣非转亏,71.85
300360.SZ,炬华科技,12.53,12.97,2.3,14.92,14.32,12.75,3.66,41.72,47.96,34.96,44.28,17.46,1.65,16.98,0.28,0.74,0.87,0.87
000899.SZ,赣能股份,10.05,12.3,1.51,11.27,11.64,5.22,1.95,30.2,16.71,12.47,41.62,41.8,,64.23,0.07,0.29,1.09,0.86
002902.SZ,铭普光磁,-29.7,-14.61,4.99,-15.29,-14.15,-4.6,,0.0,12.6,-11.69,-245.15,6.25,,59.54,0.05,扣非亏损,扣非亏损,亏损
600250.SH,南京商旅,56.96,178.68,4.95,3.71,6.69,7.25,,0.0,28.4,12.91,-39.97,-3.4,7.95,54.2,0.14,-52.58,96.37,17.03
300498.SZ,温氏股份,13.99,24.61,3.1,17.86,17.6,7.98,0.5,-10.3,16.33,8.8,233.3,7.66,0.38,54.86,0.04,3.22,2.76,1.59
600519.SH,贵州茅台,23.88,23.42,8.15,26.81,26.09,29.63,2.9,51.9,91.53,52.19,15.08,15.92,,13.63,0.03,1.47,0.87,0.92
688218.SH,江苏北人,262.89,76.18,2.81,-0.07,0.79,0.35,1.76,50.72,22.71,1.12,-102.19,21.85,,51.26,0.08,3.49,转盈,332.78
600388.SH,龙净环保,16.5,32.55,1.66,7.36,8.14,3.34,1.56,42.55,24.35,9.75,18.23,2.83,4.16,68.9,0.19,11.51,4.42,2.03
600482.SH,中国动力,52.78,57.07,1.36,1.6,1.99,1.22,0.59,29.56,12.81,3.53,148.83,10.9,,53.43,0.65,5.23,35.7,26.52
000761.SZ,本钢板材,-3.34,-3.51,1.11,-21.6,-20.8,-6.26,,0.0,-5.45,-7.85,-149.32,10.91,,68.67,0.21,扣非亏损,扣非亏损,亏损
600216.SH,浙江医药,14.22,21.75,1.56,8.47,8.47,7.08,1.4,33.33,40.05,10.66,226.89,3.18,0.18,21.0,0.1,6.84,2.57,1.68
601668.SH,中国建筑,4.8,5.7,0.57,8.38,9.04,2.56,5.64,20.72,8.83,3.21,-9.84,11.98,0.31,76.16,1.27,0.48,0.68,0.53
002214.SZ,大立科技,-22.06,-19.58,4.58,-14.3,-14.28,-11.71,0.44,-10.22,34.46,-258.66,-50.22,-37.62,0.71,26.65,0.03,扣非亏损,扣非亏损,亏损
300883.SZ,龙利得,271.39,-159.15,1.31,0.12,0.37,0.77,0.13,-47.99,13.7,0.96,-55.77,0.6,0.66,36.39,0.33,扣非亏损,扣非转亏,1466.98
301150.SZ,中一科技,-48.31,-45.82,1.25,-2.86,-1.9,-0.96,0.3,24.39,3.22,-1.95,-5013.5,45.86,0.21,40.94,0.36,扣非亏损,扣非亏损,亏损
837344.BJ,三元基因,166.23,85.42,4.3,1.67,1.93,1.59,0.34,28.85,81.62,7.04,19.55,12.54,,49.78,0.05,6.81,51.23,86.13
688312.SH,燕麦科技,52.02,59.49,3.5,4.4,5.01,3.82,1.94,83.33,56.78,18.51,89.16,-0.26,,15.54,0.1,-229.15,13.51,10.38
301288.SZ,清研环境,-103.23,-173.95,2.21,-1.86,-1.58,-2.22,0.53,52.63,47.26,-25.1,-510.66,-1.1,,10.34,0.42,扣非亏损,扣非亏损,亏损
002594.SZ,比亚迪,24.9,25.93,5.39,15.76,17.15,4.48,1.56,30.02,20.77,5.23,19.86,58.75,2.62,77.91,0.2,0.44,1.65,1.45
600033.SH,福建高速,9.29,10.66,0.84,6.91,6.95,7.86,3.87,36.5,60.51,43.65,0.0,10.63,,18.01,0.19,1.0,1.54,1.34
301096.SZ,百诚医药,23.63,24.39,1.61,4.58,5.2,3.55,0.46,11.95,61.17,19.62,-37.74,70.13,,26.33,0.09,0.35,5.32,4.54
603288.SH,海天味业,39.32,43.1,8.6,15.94,16.68,14.39,1.74,65.35,36.78,23.67,11.14,2.68,0.38,17.02,0.07,16.11,2.7,2.36
688116.SH,天奈科技,62.1,62.14,5.53,6.38,6.53,4.43,1.03,34.48,35.74,17.46,24.22,65.15,,43.14,0.02,0.95,9.74,9.51
300319.SZ,麦捷科技,35.35,39.06,2.62,5.08,5.66,4.15,0.97,29.74,20.82,10.29,39.25,11.05,5.9,31.7,0.04,3.53,7.69,6.25
833751.BJ,惠同新材,32.39,35.71,3.61,8.32,8.44,8.48,2.83,63.83,35.41,18.75,32.57,2.66,,7.59,0.2,13.44,4.29,3.84
000596.SZ,古井贡酒,16.25,18.86,4.3,20.69,20.54,17.43,1.93,51.84,79.71,25.68,25.55,25.35,2.25,34.23,0.21,0.74,0.91,0.79
301153.SZ,中科江南,1150.27,90.09,6.2,0.26,0.39,-2.21,1.28,64.94,56.8,0.88,-97.46,27.23,1.56,20.65,0.23,3.31,347.69,2949.4
002892.SZ,科力尔,100.15,140.92,7.21,5.37,5.32,3.45,0.56,78.12,19.07,5.35,24.85,12.13,,40.26,0.06,11.62,26.23,18.82
002651.SZ,利君股份,44.36,1148.26,2.58,4.27,4.42,3.36,0.58,33.33,38.8,22.01,-46.92,9.54,8.6,15.7,0.36,120.33,268.93,10.04
688357.SH,建龙微纳,32.23,40.92,1.54,2.95,3.37,2.36,1.16,32.61,29.99,10.7,-58.08,35.17,,38.85,0.05,1.16,13.89,9.56
002410.SZ,广联达,79.01,834.02,3.73,3.1,3.59,2.7,0.41,99.72,86.21,5.25,-12.96,19.43,15.37,34.52,0.11,42.92,268.71,22.01
300561.SZ,汇金科技,-1664.33,-1271.01,14.43,-0.57,-0.64,-1.22,0.3,218.75,53.1,-6.09,-214.4,-11.82,,3.59,0.0,扣非亏损,扣非亏损,亏损
600686.SH,金龙汽车,87.15,-20.67,2.79,-4.48,2.42,0.59,0.46,38.89,10.66,1.0,-110.91,11.71,2.15,84.97,0.6,扣非亏损,扣非亏损,36.01
688472.SH,阿特斯,18.06,21.21,2.07,8.54,8.79,3.5,0.95,14.07,14.96,5.65,-26.56,32.66,,65.94,0.86,0.65,2.48,2.05
688128.SH,中国电研,21.05,21.97,2.94,9.88,10.63,4.82,2.19,44.55,33.96,10.24,15.11,18.85,0.03,56.63,0.09,1.17,2.22,1.98
000859.SZ,国风新材,-47.26,-51.86,1.73,-2.87,-2.71,-1.9,,0.0,3.97,-4.63,-141.29,16.2,,31.69,0.05,扣非亏损,扣非亏损,亏损
300056.SZ,中创环保,-367.22,-40.51,18.47,-15.61,-3.36,-1.78,,0.0,16.7,-10.15,34.14,-32.87,39.42,73.84,0.01,扣非亏损,扣非亏损,亏损
301141.SZ,中科磁业,356.72,318.1,4.07,0.66,0.85,0.14,0.64,51.72,10.2,2.78,-72.93,12.02,,17.65,0.25,26.47,483.43,419.67
002880.SZ,卫光生物,26.91,27.37,3.06,8.57,8.74,7.63,1.14,20.74,41.75,21.37,20.48,10.3,0.89,31.48,0.04,2.66,3.19,3.08
603711.SH,香飘飘,257.81,22.95,1.88,-0.17,0.53,-0.91,2.04,51.47,34.64,0.9,85.7,-0.57,,33.67,0.41,-40.58,转盈,486.43
300629.SZ,新劲刚,38.13,41.91,3.35,6.74,6.76,6.8,0.46,16.95,66.36,28.67,2.51,17.12,32.96,15.74,0.05,2.45,6.21,5.64
833509.BJ,同惠电子,82.83,89.31,9.52,7.74,8.28,7.61,2.09,104.17,55.64,21.27,12.35,21.69,,12.2,0.03,4.12,11.55,10.0
603276.SH,恒兴新材,62.0,76.74,1.64,1.4,1.97,2.09,0.76,33.33,13.39,6.11,-60.34,12.91,,3.91,0.2,5.94,54.65,31.47
600708.SH,光明地产,-13.84,-7.58,0.66,-4.85,-3.54,0.23,0.23,32.89,10.39,-10.25,-1636.97,-3.79,0.0,82.55,0.77,扣非亏损,扣非亏损,亏损
688300.SH,联瑞新材,40.15,46.65,6.87,12.15,13.32,11.51,0.94,53.19,42.16,26.65,57.52,22.68,,24.89,0.03,2.06,3.84,3.01
601003.SH,柳钢股份,-18.94,-9.49,0.92,-3.93,-3.55,0.28,,0.0,3.56,-1.03,46.54,18.14,,67.72,0.5,扣非亏损,扣非亏损,亏损
300973.SZ,立高食品,22.8,36.86,2.69,7.64,8.15,6.28,1.03,115.96,32.17,7.37,31.32,26.4,,36.69,0.18,1.4,4.83,2.8
600262.SH,北方股份,24.34,24.63,2.26,6.4,7.09,4.17,1.3,30.24,20.85,6.72,19.16,20.62,0.0,60.62,0.16,1.19,3.85,3.43
600469.SH,风神股份,12.97,15.63,1.41,7.56,8.3,4.45,2.76,35.42,17.28,5.65,-8.89,1.47,,54.74,0.2,10.6,2.07,1.56
300548.SZ,博创科技,134.52,-568.51,3.99,1.5,2.25,3.18,0.3,26.67,24.05,9.72,-47.81,25.04,10.0,32.79,0.18,扣非亏损,扣非转亏,59.79
301165.SZ,锐捷网络,53.3,62.25,6.65,8.55,9.44,3.76,1.48,78.87,35.5,4.92,47.13,20.78,,52.11,0.47,3.0,7.28,5.65
600962.SH,国投中鲁,3666.4,419.68,4.86,-0.23,0.1,1.3,,0.0,14.93,0.56,-103.89,10.51,6.98,56.25,0.03,39.92,转盈,73327.96
300630.SZ,普利制药,-36.41,-26.59,1.74,-4.37,-3.44,-1.51,,0.0,59.83,-15.72,-397.45,9.08,,55.09,0.09,扣非亏损,扣非亏损,亏损
872953.BJ,国子软件,104.56,63.34,7.21,4.42,4.97,4.59,0.95,25.0,60.99,18.31,28.23,12.93,,10.7,0.09,4.9,14.32,21.04
600721.SH,百花医药,84.81,168.71,3.66,3.0,3.34,2.38,,0.0,46.47,8.24,32.52,87.58,1.55,34.35,0.04,1.93,112.46,50.79
688528.SH,秦川物联,-32.31,-30.53,3.18,-6.9,-6.78,-5.66,,0.0,27.62,-15.86,-6.13,3.48,0.87,38.08,0.02,扣非亏损,扣非亏损,亏损
688553.SH,汇宇制药,22.26,54.07,1.74,2.62,5.92,4.86,1.41,64.55,83.15,25.92,141.81,-7.45,,23.21,0.45,-7.26,20.64,3.76
002926.SZ,华西证券,65.86,67.74,0.97,1.12,1.11,,0.64,31.25,,11.35,-29.91,-10.16,0.06,75.65,1.26,-6.67,60.22,59.33
000159.SZ,国际实业,-5.84,55.97,1.76,1.87,-20.32,-11.33,,0.0,6.8,-18.59,-23.62,108.87,37.6,43.51,0.11,0.51,59.75,亏损
300961.SZ,深水海纳,-715.96,-120.77,1.81,-0.55,-0.19,0.51,,0.0,39.87,0.26,79.68,-5.78,,64.67,0.05,扣非亏损,扣非亏损,亏损
001211.SZ,双枪科技,70.85,-94.68,1.56,0.74,1.64,1.38,,0.0,32.08,1.53,170.47,6.9,0.73,52.49,0.11,扣非亏损,扣非转亏,86.4
002663.SZ,普邦股份,-110.84,120.72,1.14,-1.01,-0.76,-0.49,,0.0,7.6,-1.75,5.98,-9.17,,42.57,0.12,-13.16,扣非亏损,亏损
600433.SH,冠豪高新,61.86,133.44,1.28,0.73,1.57,0.62,,0.0,10.58,0.15,142.04,4.91,0.19,45.14,0.13,27.21,364.3,78.81
300997.SZ,欢乐家,52.37,31.64,5.48,6.5,6.84,5.53,2.79,54.45,34.22,6.25,-51.11,15.65,,44.03,0.09,2.02,4.87,7.66
301302.SZ,华如科技,-8.88,-6.48,1.73,-13.85,-13.38,-15.11,,0.0,-55.2,-174.45,-888.48,-1.58,,13.08,0.25,扣非亏损,扣非亏损,亏损
600376.SH,首开股份,-1.32,-0.92,0.55,-22.81,-28.02,-0.89,,0.0,6.91,-32.0,-44.81,7.88,0.03,76.12,1.83,扣非亏损,扣非亏损,亏损
688370.SH,丛麟科技,28.48,119.96,1.07,1.85,2.81,2.45,1.46,56.25,35.89,13.96,-33.83,-1.29,1.1,18.1,0.25,-93.11,64.9,10.14
000584.SZ,*ST工智,96.95,-7.16,4.33,2.07,3.41,0.92,,0.0,13.67,1.23,127.29,10.77,43.11,86.19,0.03,扣非亏损,扣非转亏,56.86
834950.BJ,迅安科技,22.78,25.29,4.64,15.21,15.65,14.43,2.81,52.94,41.61,25.96,7.52,7.32,,16.59,0.04,3.45,1.66,1.46
688369.SH,致远互联,-17.72,-19.13,2.17,-8.73,-8.45,-7.01,0.38,-29.55,68.83,-18.71,-213.91,12.13,0.23,26.9,0.25,扣非亏损,扣非亏损,亏损
301072.SZ,中捷精工,-362.08,-11972.87,2.96,-0.62,-0.6,-0.83,0.24,27.43,12.63,-1.96,-127.47,11.35,1.31,35.63,0.08,扣非亏损,扣非亏损,亏损
002238.SZ,天威视讯,355.8,-4771.15,3.18,-1.16,0.66,0.31,0.64,62.5,26.79,1.5,-201.37,-5.07,,43.67,0.13,扣非亏损,扣非亏损,539.1
600698.SH,湖南天雁,3376.37,-328.8,7.25,-1.31,0.16,-0.05,,0.0,11.41,0.41,-83.06,-1.93,,28.9,0.05,扣非亏损,扣非亏损,42204.65
300344.SZ,立方数科,-48.05,-27.68,9.98,-14.53,-14.54,-9.73,,0.0,9.55,-23.31,8.77,45.8,16.68,37.07,0.01,扣非亏损,扣非亏损,亏损
300732.SZ,设研院,-13.15,-22.14,0.99,-5.39,-5.26,-1.79,2.27,54.05,19.86,-15.45,-264.14,7.52,,59.02,0.24,扣非亏损,扣非亏损,亏损
603895.SH,天永智能,-95.05,-15.65,6.56,-5.82,-5.05,-0.34,,0.0,22.74,-4.5,-382.17,5.68,,81.57,0.06,扣非亏损,扣非亏损,亏损
833075.BJ,柏星龙,32.82,34.79,4.21,8.69,9.69,6.92,2.89,64.7,34.36,8.53,25.74,25.25,,35.83,0.08,1.38,4.0,3.39
600008.SH,首创环保,5.74,14.98,1.16,4.52,10.9,4.85,3.72,45.7,35.4,26.64,8.99,2.99,0.91,63.72,0.2,5.02,3.32,0.53
603666.SH,亿嘉和,-48.82,-324.46,2.27,-3.89,-3.43,-2.49,,0.0,40.3,-20.99,15.8,-2.76,,34.95,0.04,扣非亏损,扣非亏损,亏损
300044.SZ,赛为智能,-243.64,-28.88,9.24,-4.3,-2.81,-0.1,,0.0,35.42,-12.15,19.42,-23.46,,60.0,0.01,扣非亏损,扣非亏损,亏损
603035.SH,常熟汽饰,11.19,10.47,1.1,7.19,7.37,4.35,2.29,29.94,17.67,10.22,2.16,28.41,2.79,48.61,0.06,0.37,1.46,1.52
688209.SH,英集芯,61.49,80.2,3.83,4.35,4.77,3.83,0.16,40.0,33.68,8.7,1304.24,50.61,0.05,6.01,0.12,1.58,18.45,12.89
002569.SZ,ST步森,-84.52,-43.72,18.43,-13.82,-14.4,-5.76,,0.0,34.16,-14.08,60.13,-15.88,,66.7,0.01,扣非亏损,扣非亏损,亏损
002328.SZ,新朋股份,22.7,34.43,1.34,3.73,4.47,4.68,2.18,52.0,11.02,5.93,-5.8,11.79,,36.15,0.46,2.92,9.23,5.08
300103.SZ,达刚控股,-61.91,-16.12,3.8,-4.94,-4.49,-2.28,,0.0,18.04,-23.39,11.47,-39.16,,37.95,0.05,扣非亏损,扣非亏损,亏损
300642.SZ,透景生命,81.25,52.55,1.75,0.95,1.59,1.21,0.85,27.37,64.94,6.16,-48.27,6.3,,9.82,0.12,8.34,55.52,51.1
000823.SZ,超声电子,26.54,25.62,1.13,2.94,3.15,2.46,1.04,27.4,17.19,4.23,10.08,3.72,,36.55,0.27,6.89,8.71,8.42
300032.SZ,金龙机电,-55.04,-9.94,6.12,-10.51,-7.88,-2.84,,0.0,12.45,-5.74,-14028.31,27.27,0.43,59.7,0.06,扣非亏损,扣非亏损,亏损
000560.SZ,我爱我家,736.91,-11.09,0.88,-0.77,0.09,1.64,,0.0,7.36,0.11,0.0,8.7,46.62,70.54,0.42,扣非亏损,扣非亏损,16375.73
300401.SZ,花园生物,25.47,37.71,2.84,6.72,8.0,5.42,0.6,20.29,58.17,25.75,52.55,24.51,,43.2,0.14,1.54,5.61,3.18
002938.SZ,鹏鼎控股,28.92,22.88,2.5,6.42,6.53,4.35,2.24,35.21,20.47,8.4,8.89,2.95,0.07,30.61,0.14,7.76,3.56,4.43
300892.SZ,品渥食品,-526.52,-282.14,3.87,-0.97,-0.55,-0.31,,0.0,16.21,-0.9,86.81,-7.98,,18.33,0.13,扣非亏损,扣非亏损,亏损
601566.SH,九牧王,25.97,23.49,1.2,2.62,3.45,2.47,3.01,90.91,65.54,5.83,-29.23,5.55,0.28,32.13,0.18,4.23,8.95,7.53
831304.BJ,迪尔化工,20.45,21.83,4.08,15.3,15.51,13.42,1.96,38.17,20.77,12.37,54.67,38.2,,33.66,0.37,0.57,1.43,1.32
600114.SH,东睦股份,27.04,28.7,3.71,10.07,10.52,5.6,1.29,62.5,23.68,8.55,307.98,5.58,18.57,57.95,0.03,5.14,2.85,2.57
002263.SZ,大东南,-177.08,2965.9,1.78,-0.94,-0.75,-0.73,,0.0,9.78,-2.09,-116.93,-3.43,,6.0,0.21,-865.67,扣非亏损,亏损
600802.SH,福建水泥,-8.12,-6.69,1.66,-15.19,-14.83,-4.28,,0.0,-5.96,-19.1,24.67,-9.01,,71.59,0.09,扣非亏损,扣非亏损,亏损
601956.SH,东贝集团,23.32,30.01,1.3,2.81,4.16,1.94,3.35,65.3,12.87,2.26,-36.12,4.98,7.4,62.22,0.28,6.02,10.68,5.61
002192.SZ,融捷股份,41.84,58.98,3.07,4.95,5.56,4.51,0.55,20.48,45.97,43.4,-49.98,100.53,0.21,20.8,0.04,0.59,11.91,7.53
000559.SZ,万向钱潮,23.24,23.1,2.44,8.11,7.95,3.84,2.89,60.0,16.14,6.66,35.65,10.95,0.0,58.31,0.28,2.11,2.85,2.92
836260.BJ,中寰股份,27.69,28.6,2.88,7.32,7.8,6.76,3.1,71.43,35.92,18.15,7.45,14.71,,22.55,0.14,1.94,3.91,3.55
600986.SH,浙文互联,41.32,86.02,1.68,1.71,3.07,2.39,,0.0,8.66,2.82,-22.45,10.29,18.92,37.86,0.09,8.36,100.71,26.92
600298.SH,安琪酵母,24.36,27.29,2.97,8.18,9.32,6.02,1.42,34.01,23.28,8.89,3.69,15.19,0.33,47.72,0.06,1.8,3.33,2.61
002570.SZ,贝因美,47.28,98.73,2.94,3.12,4.6,3.23,,0.0,42.88,3.72,129.36,0.19,0.82,56.31,0.21,514.39,63.24,20.55
002687.SZ,乔治白,33.08,21.2,1.64,1.84,3.77,2.37,3.75,50.0,48.65,6.35,-75.04,11.51,0.57,22.71,0.19,1.84,11.5,8.77
603323.SH,苏农银行,4.58,5.27,0.58,9.75,9.68,,4.33,18.56,,50.52,16.63,2.56,,91.84,,2.06,0.54,0.47
873693.BJ,阿为特,186.98,239.36,11.28,4.28,4.62,3.5,0.09,10.0,28.37,8.7,-16.64,-4.66,,23.32,0.04,-51.41,55.89,40.47
600126.SH,杭钢股份,-23.47,-24.7,0.71,-2.88,-2.24,-1.81,0.94,100.0,0.13,-0.93,-2723.09,22.5,,38.39,0.35,扣非亏损,扣非亏损,亏损
688459.SH,哈铁科技,71.61,37.55,1.44,1.45,1.51,0.77,1.07,43.35,40.04,10.93,80.81,1.73,,12.51,1.38,21.68,25.82,47.42
603060.SH,国检集团,59.38,25.48,3.0,2.62,3.6,2.61,1.33,34.96,38.5,4.85,-3.46,23.21,28.01,51.37,0.04,1.1,9.71,16.49
600650.SH,锦江在线,41.11,61.02,2.23,2.93,4.11,3.64,0.87,30.29,17.29,13.28,6.43,-9.6,0.89,17.46,0.26,-6.36,20.8,10.0
000572.SZ,海马汽车,101.57,-23.71,3.89,-11.48,2.92,0.3,,0.0,8.17,-0.26,-2.18,23.39,,58.0,0.06,扣非亏损,扣非亏损,69.57
301555.SZ,惠柏新材,-352.46,-1812.45,2.41,-1.01,-0.5,-0.17,0.52,27.85,9.68,-0.58,-123.11,-8.62,,50.47,0.17,扣非亏损,扣非亏损,亏损
002614.SZ,奥佳华,59.32,-1538.5,0.92,0.16,1.13,1.07,4.0,176.47,36.32,1.48,-82.66,-9.41,1.45,38.58,0.29,扣非亏损,扣非转亏,52.49
300285.SZ,国瓷材料,30.38,32.95,2.97,7.03,7.43,6.93,0.43,17.54,39.65,18.21,12.48,15.46,26.15,23.23,0.03,2.13,4.68,4.09
301060.SZ,兰卫医学,-76.83,-22.2,2.4,-2.82,-2.31,-2.11,,0.0,21.0,-4.03,-249.54,39.88,0.4,28.34,0.19,扣非亏损,扣非亏损,亏损
605008.SH,长鸿高科,59.22,145.94,4.04,3.66,4.94,3.62,1.95,206.67,9.9,4.05,675.34,10.05,,59.93,0.06,14.53,39.86,11.99
601015.SH,陕西黑猫,-8.37,-7.96,1.02,-9.18,-8.79,-2.68,,0.0,-2.11,-7.08,-146.99,33.33,0.02,56.34,0.17,扣非亏损,扣非亏损,亏损
688733.SH,壹石通,196.12,-469.89,1.75,-0.48,0.66,0.69,0.34,83.33,24.4,3.79,2.57,46.51,,28.99,0.1,扣非亏损,扣非亏损,297.15
833580.BJ,科创新材,118.28,148.72,3.74,1.98,2.36,2.46,1.47,66.67,30.82,10.53,-49.29,-2.62,,11.9,0.11,-56.8,75.24,50.12
600516.SH,方大炭素,62.01,106.23,1.24,0.98,1.5,0.94,,0.0,17.83,7.69,-48.43,14.09,,13.48,0.3,7.54,216.68,82.68
600814.SH,杭州解百,15.74,20.09,1.39,6.31,6.76,5.78,2.05,39.72,77.06,30.04,-12.12,4.77,0.01,45.07,0.98,4.21,3.19,2.33
002179.SZ,中航光电,26.23,30.8,3.94,11.46,11.89,7.77,1.54,37.12,36.61,18.83,-13.76,24.9,0.29,36.98,0.09,1.24,2.69,2.21
002879.SZ,长缆科技,36.85,29.24,1.61,3.09,3.27,2.48,1.56,65.79,40.92,7.66,100.42,3.78,3.16,25.54,0.21,7.74,9.46,11.27
300880.SZ,迦南智能,18.84,20.33,4.16,17.01,17.28,13.43,1.51,37.67,32.65,21.81,74.22,21.7,,30.89,0.12,0.94,1.2,1.09
000036.SZ,华联控股,156.59,178.89,1.54,0.24,0.71,0.88,,0.0,43.29,13.68,-57.81,-27.26,0.02,22.64,0.25,-6.56,1462.08,441.1
832471.BJ,美邦科技,56.52,72.75,2.4,2.76,3.14,2.72,2.44,34.42,17.97,6.11,32.16,19.75,,33.66,0.3,3.68,26.34,18.0
603059.SH,倍加洁,40.89,121.55,2.04,3.26,3.29,3.06,0.89,21.74,24.73,4.28,-30.87,9.38,7.57,46.88,0.02,12.95,37.24,12.43
688057.SH,金达莱,22.3,19.37,1.03,3.1,3.41,2.55,3.53,75.38,61.77,35.2,-3.82,-18.49,,11.93,0.57,-1.05,6.25,6.54
301212.SZ,联盛化学,145.67,173.91,1.97,0.81,1.01,0.33,0.73,30.0,10.29,3.17,-82.75,3.71,,16.9,0.55,46.91,215.29,144.23
603311.SH,金海高科,36.79,48.43,1.92,3.72,3.98,3.82,0.77,38.1,23.16,8.4,24.52,1.78,,22.45,0.19,27.25,13.02,9.24
300020.SZ,*ST银江,-8.95,-5.61,0.49,-4.08,-4.05,-2.08,,0.0,16.74,-31.26,-218.55,-17.78,,40.55,0.18,扣非亏损,扣非亏损,亏损
688210.SH,统联精密,48.72,39.23,2.72,4.37,4.27,3.43,1.91,54.05,40.51,11.46,171.73,19.77,0.05,44.31,0.23,1.98,8.97,11.41
002251.SZ,ST步步高,3.54,-8.36,1.11,-5.44,48.58,9.36,,0.0,37.28,80.35,61.31,-38.05,1.88,62.07,0.24,扣非亏损,扣非亏损,0.15
300719.SZ,安达维尔,714.4,52.85,4.83,0.08,0.49,0.26,1.5,44.98,43.59,1.22,-95.29,23.67,,35.42,0.04,2.23,628.42,1457.96
605069.SH,正和生态,332.73,-7.17,1.69,0.4,0.38,0.32,,0.0,26.46,1.85,102.28,-38.53,,65.72,0.11,扣非亏损,扣非转亏,1751.21
300985.SZ,致远新能,58.04,43.97,3.02,3.3,3.9,3.44,1.06,95.24,23.59,4.88,220.98,281.12,,52.16,0.03,0.16,13.33,14.88
300490.SZ,华自科技,-20.72,-10.53,1.47,-5.88,-5.11,-2.0,,0.0,17.74,-11.25,-1082.6,34.25,15.15,59.89,0.12,扣非亏损,扣非亏损,亏损
002602.SZ,ST华通,12.9,31.04,1.19,7.0,7.09,6.39,,0.0,65.15,12.23,47.98,-2.96,46.62,31.37,0.18,-10.48,8.87,3.64
600380.SH,健康元,14.72,15.6,1.51,7.6,7.82,7.48,1.45,23.75,63.07,20.45,2.3,7.5,2.7,34.91,0.67,2.08,2.05,1.88
300368.SZ,ST汇金,-58.6,-8.31,6.81,-23.39,-8.54,1.52,,0.0,38.54,-19.64,-7.93,-28.51,25.28,64.43,0.03,扣非亏损,扣非亏损,亏损
301059.SZ,金三江,51.54,52.03,4.52,6.5,6.63,6.29,0.83,66.67,35.23,13.88,75.03,15.57,,20.17,0.05,3.34,8.0,7.77
688382.SH,益方生物,-13.38,-15.17,3.14,-16.78,-16.33,-15.97,,0.0,63.3,-1593.77,-26.31,,,8.27,0.4,扣非亏损,扣非亏损,亏损
600649.SH,城投控股,-43.0,-34.62,0.61,-1.16,-1.05,0.34,1.62,35.29,40.18,-26.73,-195.48,-12.54,,74.23,0.75,扣非亏损,扣非亏损,亏损
000928.SZ,中钢国际,11.71,12.99,1.22,7.21,7.9,3.06,4.56,46.02,12.39,5.3,32.55,21.97,,66.96,0.49,0.59,1.8,1.48
000631.SZ,顺发恒业,104.95,99.98,1.22,0.33,0.86,0.77,3.01,66.67,31.47,22.76,-91.36,194.29,,15.36,0.72,0.51,304.27,122.03
002180.SZ,纳思达,27.24,-6.67,3.78,6.87,10.89,6.6,,0.0,32.82,6.78,152.84,4.81,47.13,71.35,0.17,扣非亏损,扣非转亏,5.0
601108.SH,财通证券,19.97,18.27,1.11,3.95,4.19,,1.93,20.83,,33.13,-2.1,2.84,,74.82,0.77,6.44,4.62,4.77
002344.SZ,海宁皮城,69.89,58.8,0.8,0.7,0.86,1.2,1.05,30.71,31.5,15.21,-14.58,-4.96,0.41,34.54,0.15,-11.86,84.01,81.27
002316.SZ,ST亚联,85.09,-167.92,17.21,10.63,16.28,3.23,,0.0,15.28,4.36,150.32,-39.74,23.17,87.92,0.11,扣非亏损,扣非转亏,10.45
600021.SH,上海电力,8.54,11.69,1.4,8.2,11.62,4.43,2.36,40.37,25.25,13.47,60.85,20.5,0.01,70.03,0.3,0.57,1.43,0.73
002675.SZ,东诚药业,49.29,97.83,2.44,3.24,3.46,3.39,0.68,49.15,45.55,7.01,-40.04,-0.86,46.49,36.73,0.08,-114.31,30.19,14.25
001223.SZ,欧克科技,32.6,87.91,1.34,2.37,3.04,2.67,1.3,46.82,35.68,18.08,-17.87,-12.52,,7.54,0.9,-7.02,37.16,10.72
833943.BJ,优机股份,28.21,29.44,3.0,7.35,8.13,5.36,1.29,27.03,27.05,8.25,-18.78,16.52,6.85,40.67,0.19,1.78,4.01,3.47
300654.SZ,世纪天鸿,98.89,112.93,4.93,3.3,3.81,3.57,0.44,41.67,36.94,8.59,-9.53,12.54,,27.51,0.05,9.01,34.23,25.96
688234.SH,天岳先进,142.31,198.55,5.14,2.58,2.74,1.93,,0.0,25.78,11.16,218.81,66.87,,26.05,0.06,2.97,154.04,103.88
600339.SH,中油工程,24.7,60.51,0.78,2.27,2.4,0.93,1.35,30.69,8.86,1.23,-25.22,4.58,,75.8,1.34,13.21,26.7,10.29
000965.SZ,天保基建,3048.6,414.28,0.67,-0.03,0.02,0.9,0.64,110.5,15.13,-0.35,98.58,77.12,0.17,54.77,0.31,5.37,转盈,152429.9
688177.SH,百奥泰,-18.45,-19.67,10.6,-39.27,-35.47,-15.16,,0.0,70.07,-62.83,3.6,120.5,,63.76,0.03,扣非亏损,扣非亏损,亏损
002722.SZ,物产金轮,20.47,22.48,1.22,4.18,4.43,4.54,1.23,30.65,17.32,5.8,24.64,7.16,20.51,22.52,0.28,3.14,5.38,4.62
002963.SZ,豪尔赛,219.3,69.59,1.18,0.95,0.41,0.54,,0.0,29.7,1.6,125.13,5.2,,22.06,0.02,13.38,146.74,1069.77
300867.SZ,圣元环保,19.53,23.88,1.06,4.27,4.14,3.95,0.34,10.01,42.31,12.84,20.68,32.31,,58.08,0.04,0.74,5.59,4.72
603605.SH,珀莱雅,27.51,25.82,7.66,21.13,21.74,16.38,1.3,30.23,70.07,14.68,33.81,33.58,,34.24,0.1,0.77,1.22,1.27
603118.SH,共进股份,361.66,-36.31,1.31,-0.53,0.27,0.58,1.42,158.75,11.74,0.05,-117.65,0.5,,45.98,0.31,扣非亏损,扣非亏损,1339.49
002103.SZ,广博股份,27.53,31.12,3.84,9.81,10.66,5.83,,0.0,18.0,6.0,-6.01,1.76,0.02,48.15,0.09,17.64,6.34,5.17
603416.SH,信捷电气,22.02,26.7,2.28,7.19,7.98,6.28,0.59,15.49,38.6,14.39,23.92,10.01,,29.0,0.06,2.67,3.71,2.76
603171.SH,税友股份,77.55,146.71,4.81,4.31,4.69,2.33,0.42,71.43,60.52,9.05,24.82,5.88,,33.62,0.12,24.95,34.05,16.53
603359.SH,东珠生态,129.57,-6.69,0.68,0.41,0.39,0.06,0.13,-1.37,24.04,3.35,-59.68,-23.84,,55.06,0.14,扣非亏损,扣非转亏,664.46
300437.SZ,清水源,-35.31,-98.48,1.84,-1.15,-3.8,-2.0,,0.0,9.66,-6.36,-44.16,1.75,3.23,44.75,0.21,扣非亏损,扣非亏损,亏损
000776.SZ,广发证券,14.18,16.7,1.08,4.66,5.26,,2.1,36.14,,39.18,21.53,-5.48,0.0,80.78,1.63,-3.05,3.59,2.7
300248.SZ,新开普,408.03,52.35,2.72,0.3,0.49,0.03,0.83,35.45,56.42,-0.05,1424.34,4.22,21.67,15.46,0.04,12.39,176.72,832.71
301459.SZ,丰茂股份,20.91,25.98,2.85,9.4,10.61,8.03,0.86,17.7,31.56,17.54,0.04,20.73,,30.8,0.58,1.25,2.76,1.97
300007.SZ,汉威科技,55.31,351.96,2.05,0.86,2.79,1.39,0.48,25.0,29.75,4.21,-61.73,6.07,4.34,47.32,0.18,57.94,411.55,19.82
300678.SZ,中科信息,1395.07,702.13,13.46,0.28,0.72,0.73,0.17,33.18,27.61,2.33,-73.67,5.83,,17.19,0.03,120.41,2480.13,1937.6
605151.SH,西上海,33.74,40.75,1.68,2.77,3.63,3.38,1.52,32.22,19.36,6.01,-52.86,3.42,6.45,44.51,0.1,11.93,14.74,9.3
002299.SZ,圣农发展,35.75,56.88,1.76,3.57,3.72,2.45,1.75,55.89,10.31,2.67,-48.48,10.47,0.99,52.79,0.06,5.43,15.95,9.61
600770.SH,综艺股份,64.33,-68.75,1.87,-0.68,2.19,1.49,,0.0,31.68,24.29,45.69,-4.93,0.7,14.16,0.15,扣非亏损,扣非亏损,58.75
002356.SZ,赫美集团,-118.11,-97.54,8.92,-6.73,-5.61,-4.86,,0.0,23.93,-23.28,-153.52,-26.09,,25.61,0.05,扣非亏损,扣非亏损,亏损
600082.SH,海泰发展,-28.82,-1633.69,1.08,-2.78,-2.78,-0.13,0.17,30.61,35.09,-147.53,-34.48,15.55,,41.15,0.07,扣非亏损,扣非亏损,亏损
600340.SH,华夏幸福,-3.75,-1.09,1.91,-118.13,-34.16,0.68,,0.0,30.44,-14.45,-1.48,-23.65,,93.2,0.41,扣非亏损,扣非亏损,亏损
603806.SH,福斯特,26.89,28.31,2.84,7.62,7.83,6.85,1.07,26.26,15.56,8.28,-8.98,39.89,,23.52,0.1,0.71,3.72,3.43
300236.SZ,上海新阳,73.18,70.09,2.84,2.98,3.07,2.47,0.56,36.9,38.89,12.18,80.79,21.84,,25.01,0.07,3.21,23.51,23.84
688600.SH,皖仪科技,-55.28,-83.36,2.6,-4.83,-3.36,-1.96,0.99,60.61,47.44,-5.86,-513.3,23.79,,38.74,0.06,扣非亏损,扣非亏损,亏损
300666.SZ,江丰电子,51.5,70.83,4.47,6.11,6.7,4.53,0.34,20.83,29.96,8.45,87.32,31.44,,42.12,0.04,2.25,11.58,7.69
600408.SH,安泰集团,-5.25,-3.81,1.36,-17.93,-17.74,-3.91,,0.0,-1.33,-5.84,30.86,8.11,,68.7,0.15,扣非亏损,扣非亏损,亏损
688652.SH,京仪装备,57.08,101.93,4.82,5.15,6.51,4.12,0.12,8.15,32.15,16.8,11.06,22.11,,45.38,0.35,4.61,19.8,8.77
000953.SZ,河化股份,18.18,-253.22,13.28,1.05,75.04,28.3,,0.0,14.01,47.74,133.55,-5.88,,55.36,0.06,扣非亏损,扣非转亏,0.48
873169.BJ,七丰精工,139.42,136.96,4.72,2.47,2.53,1.88,1.02,41.67,23.86,5.7,-46.79,0.63,,17.35,0.14,215.97,55.51,55.11
600757.SH,长江传媒,11.57,14.54,1.15,7.24,7.49,6.09,5.37,47.62,35.53,13.22,-19.18,0.71,,33.4,0.11,20.62,2.01,1.54
002098.SZ,浔兴股份,12.82,14.74,2.27,14.21,14.08,10.25,1.65,32.64,33.97,9.26,77.08,10.96,,37.69,0.09,1.35,1.04,0.91
603360.SH,百傲化学,31.86,38.39,6.38,14.64,16.03,14.0,5.68,64.52,46.17,28.38,-13.36,14.65,,14.55,0.04,2.62,2.62,1.99
688165.SH,埃夫特,-48.96,-41.5,4.06,-8.28,-6.03,-2.42,,0.0,17.11,-7.77,-40.11,19.68,11.26,48.37,0.07,扣非亏损,扣非亏损,亏损
600327.SH,大东方,29.94,739.38,1.23,0.31,3.07,3.1,1.2,32.79,14.93,4.4,-48.97,-18.25,9.96,37.78,0.12,-40.51,2396.69,9.75
002046.SZ,国机精工,23.28,31.49,1.87,4.84,6.12,4.65,1.73,40.65,36.77,11.75,7.41,8.52,0.47,37.07,0.07,3.69,6.5,3.8
600838.SH,上海九百,97.2,96.91,2.33,1.83,1.88,1.51,0.6,30.3,18.95,41.79,-39.44,0.48,0.0,7.79,0.12,203.71,53.08,51.7
002304.SZ,洋河股份,11.48,16.27,2.46,15.93,15.26,16.34,4.24,70.09,73.81,31.17,-17.39,16.31,0.51,16.45,0.16,1.0,1.02,0.75
600392.SH,盛和资源,163.92,77.14,2.31,0.94,1.02,1.4,0.49,26.34,3.69,1.42,-7.3,31.56,2.96,35.86,0.12,2.44,82.19,160.71
300614.SZ,百川畅银,-17.85,-10.53,1.32,-4.61,-4.68,-1.99,,0.0,17.0,-23.77,-1358.1,-7.99,2.23,38.1,0.05,扣非亏损,扣非亏损,亏损
688222.SH,成都先导,130.9,256.26,3.81,1.27,2.19,1.37,0.33,50.0,49.34,9.61,6831.94,15.44,4.39,18.62,0.08,16.6,202.53,59.77
002786.SZ,银宝山新,-32.32,-14.42,14.81,-33.12,-33.42,-1.52,,0.0,12.8,-7.8,15.53,-10.33,,90.27,0.02,扣非亏损,扣非亏损,亏损
002275.SZ,桂林三金,17.3,25.08,2.94,11.9,12.76,11.7,4.14,41.67,74.84,24.38,-7.78,11.51,0.19,23.39,0.14,2.18,2.11,1.36
301190.SZ,善水科技,39.0,40.85,1.79,3.31,3.28,2.6,0.79,152.91,28.98,18.05,-31.08,13.37,,14.25,0.91,3.05,12.33,11.89
603106.SH,恒银科技,-100.1,-34.42,3.88,-4.11,-2.87,-3.74,,0.0,-7.7,-13.93,27.76,-22.61,,26.49,0.14,扣非亏损,扣非亏损,亏损
000088.SZ,盐田港,19.5,24.18,1.5,7.48,7.52,4.54,3.73,70.0,24.93,168.1,107.13,19.1,,33.99,0.39,1.27,3.23,2.59
600070.SH,*ST富润,-4.42,-2.03,1.82,-27.68,-26.82,-15.95,,0.0,10.28,-154.48,27.4,-63.79,,47.56,0.05,扣非亏损,扣非亏损,亏损
300019.SZ,硅宝科技,36.62,32.79,3.09,5.97,6.46,4.93,1.82,37.23,20.64,7.55,-32.17,23.29,2.81,34.04,0.1,1.41,5.49,5.67
688005.SH,容百科技,120.3,418.62,2.21,1.03,1.35,1.2,0.76,23.86,9.11,1.29,-84.14,113.07,1.18,61.6,0.23,3.7,404.74,89.11
000977.SZ,浪潮信息,41.72,39.03,3.81,6.27,7.01,1.58,0.39,11.01,6.7,1.54,176.67,1.55,0.0,77.19,0.14,25.21,6.22,5.95
300179.SZ,四方达,31.76,39.42,3.34,7.05,7.76,4.48,2.24,70.65,53.46,20.47,-7.52,19.9,,23.25,0.13,1.98,5.59,4.09
836247.BJ,华密新材,88.86,96.97,8.39,6.64,7.21,6.79,0.68,33.39,30.68,10.76,-22.65,10.3,,20.72,0.04,9.42,14.6,12.33
688435.SH,英方软件,-68.22,-244.51,2.6,-3.88,-3.0,-2.53,,0.0,87.06,-26.76,-655.14,23.67,,5.23,0.26,扣非亏损,扣非亏损,亏损
000547.SZ,航天发展,-18.59,-6.92,2.19,-9.03,-8.66,-5.34,,0.0,10.67,-55.6,-2.89,-23.64,22.69,40.33,0.09,扣非亏损,扣非亏损,亏损
300449.SZ,汉邦高科,-81.46,-25.9,6.99,-7.16,-6.24,-3.02,,0.0,13.23,-32.03,37.2,-27.13,1.43,25.35,0.09,扣非亏损,扣非亏损,亏损
300879.SZ,大叶股份,103.13,-22.53,2.81,2.2,2.57,1.69,,0.0,19.86,1.53,233.2,5.06,,69.51,0.3,扣非亏损,扣非转亏,80.26
603629.SH,利通电子,66.07,92.79,2.8,2.87,3.13,2.07,0.29,56.25,20.7,3.69,167.77,5.08,2.04,72.56,0.1,18.27,32.37,21.11
603858.SH,步长制药,44.76,-124.5,1.67,3.15,2.73,2.88,0.74,43.69,57.12,2.56,-55.16,-6.03,13.64,46.38,0.05,扣非亏损,扣非转亏,16.39
300936.SZ,中英科技,90.06,119.14,3.33,1.95,2.75,2.57,1.64,36.05,25.05,13.34,2.56,9.83,0.24,6.51,0.06,12.12,60.98,32.75
002521.SZ,齐峰新材,36.6,32.84,1.39,2.49,2.81,2.59,2.42,41.67,11.3,4.22,-39.0,11.11,0.06,27.28,0.11,2.96,13.2,13.03
871634.BJ,新威凌,43.34,56.29,4.86,7.73,8.84,7.23,0.76,28.57,8.85,3.46,79.65,15.19,,29.33,0.05,3.71,7.28,4.9
002498.SZ,汉缆股份,14.71,20.25,1.4,6.59,7.35,5.79,0.9,15.75,17.07,8.72,-22.11,12.3,,34.4,0.14,1.65,3.07,2.0
688499.SH,利元亨,-6.54,-6.65,2.12,-21.93,-26.77,-5.31,,0.0,21.05,-22.48,-14218.83,54.05,0.28,78.65,0.23,扣非亏损,扣非亏损,亏损
002368.SZ,太极股份,-444.0,90.24,3.33,-0.69,-0.55,0.02,0.61,29.62,28.95,-0.6,-129.08,3.59,7.0,65.75,0.06,25.15,扣非亏损,亏损
002798.SZ,帝欧家居,-8.45,-2.19,0.91,-7.57,-6.72,-0.54,,0.0,21.43,-6.88,-114.94,-10.87,,70.05,0.52,扣非亏损,扣非亏损,亏损
000712.SZ,锦龙股份,-98.88,-66.98,5.29,-3.4,-3.96,,,0.0,,-8.57,68.38,-45.89,7.68,81.5,0.52,扣非亏损,扣非亏损,亏损
300180.SZ,华峰超纤,81.94,-92.86,2.89,1.94,2.68,2.2,,0.0,16.66,3.59,206.89,13.08,4.85,34.47,0.04,扣非亏损,扣非转亏,61.15
301236.SZ,软通动力,557.6,283.12,5.4,-0.04,0.72,0.35,0.39,32.14,12.28,0.19,-101.44,11.61,2.05,54.2,0.12,24.39,转盈,774.44
603335.SH,迪生力,-23.08,-16.52,6.27,-18.92,-18.87,-5.55,,0.0,13.16,-10.51,22.45,20.96,1.34,65.06,0.02,扣非亏损,扣非亏损,亏损
600568.SH,ST中珠,-23.29,-15.51,1.26,-4.08,-3.84,-3.44,,0.0,21.92,-23.74,66.01,-2.28,4.9,14.15,0.16,扣非亏损,扣非亏损,亏损
600998.SH,九州通,11.97,14.54,1.1,6.47,7.07,3.28,3.57,45.45,7.96,1.56,-5.68,10.68,2.46,67.52,0.59,1.36,2.25,1.69
300602.SZ,飞荣达,82.48,78.66,3.0,2.43,2.75,1.48,0.18,17.31,18.27,2.6,225.15,14.88,2.6,48.73,0.18,5.29,32.42,29.99
600138.SH,中青旅,36.5,83.37,1.18,2.44,2.44,2.99,0.8,31.48,23.88,3.42,-21.1,15.07,0.17,50.44,0.16,5.53,34.18,14.96
600769.SH,祥龙电业,280.2,351.25,42.4,11.1,12.03,4.74,,0.0,30.31,19.67,12.53,33.16,0.4,68.55,0.03,10.59,63.31,46.58
600421.SH,华嵘控股,-691.49,-302.1,275.37,-31.78,-24.99,0.88,,0.0,16.35,-0.85,4.24,-4.48,,74.98,0.0,扣非亏损,扣非亏损,亏损
600851.SH,海欣股份,38.45,43.64,1.63,3.22,3.46,3.01,0.95,47.24,57.29,25.1,2.9,13.14,,15.94,0.09,3.32,13.57,11.11
688070.SH,纵横股份,-49.04,-33.55,6.33,-10.16,-9.23,-5.02,,0.0,49.54,-26.41,-79.3,3.97,,43.75,0.03,扣非亏损,扣非亏损,亏损
002626.SZ,金达威,33.41,37.69,2.44,5.62,5.53,5.26,1.22,44.44,38.03,9.54,-8.05,-3.5,12.37,31.13,0.09,-10.78,6.71,6.04
600662.SH,外服控股,18.3,25.49,2.75,9.13,11.42,4.51,2.71,50.43,10.02,3.72,6.75,3.67,9.36,67.78,0.76,6.94,2.79,1.6
603195.SH,公牛集团,21.74,24.14,6.37,19.38,21.55,19.46,3.24,71.1,43.12,25.89,8.26,16.12,,23.1,0.06,1.5,1.25,1.01
002022.SZ,科华生物,-21.1,-8.88,0.88,-3.58,-3.02,-1.42,,0.0,40.04,-7.92,-282.82,-1.59,14.63,20.1,0.25,扣非亏损,扣非亏损,亏损
688141.SH,杰华特,-15.69,-15.01,4.73,-21.69,-20.65,-11.72,,0.0,28.03,-42.92,-40.2,61.58,0.46,44.99,0.22,扣非亏损,扣非亏损,亏损
600303.SH,ST曙光,-6.91,-4.62,1.41,-14.29,-14.25,-5.77,,0.0,1.17,-24.06,12.42,-18.82,,55.8,0.05,扣非亏损,扣非亏损,亏损
600733.SH,北汽蓝谷,-8.03,-7.15,26.77,-111.57,-111.03,-13.03,,0.0,-6.68,-45.12,-18.57,41.61,,92.31,0.09,扣非亏损,扣非亏损,亏损
603988.SH,中电电机,-254.51,240.86,7.03,1.73,-2.09,-1.02,0.53,33.33,25.05,-3.17,-32.08,-3.77,,40.8,0.02,-63.95,139.47,亏损
001358.SZ,兴欣新材,34.01,41.1,1.95,3.74,4.19,3.85,2.5,55.81,31.66,18.54,-55.89,16.92,,5.01,0.96,2.43,10.98,8.12
603011.SH,合锻智能,400.31,-61.73,1.83,0.13,0.34,0.9,,0.0,26.02,0.51,-93.88,29.86,23.48,48.49,0.14,扣非亏损,扣非转亏,2354.77
603799.SH,华友钴业,14.56,17.2,1.71,8.69,8.57,4.58,3.04,48.78,17.53,8.32,11.56,50.12,1.71,64.08,0.29,0.34,1.98,1.7
003032.SZ,传智教育,-74.69,-37.29,3.05,-4.42,-3.06,-3.37,0.11,40.0,34.76,-22.8,-181.72,-2.9,,17.45,0.25,扣非亏损,扣非亏损,亏损
688258.SH,卓易信息,148.53,622.11,3.93,0.54,1.96,1.77,0.4,30.57,47.12,10.64,5.79,17.33,8.18,29.86,0.1,35.9,1155.7,75.78
301248.SZ,杰创智能,-34.42,-43.13,1.8,-4.06,-4.01,-3.07,0.57,250.0,16.56,-13.02,-425.76,6.77,0.92,29.86,0.16,扣非亏损,扣非亏损,亏损
000695.SZ,滨海能源,1105.11,-133.21,14.3,0.54,0.98,0.94,,0.0,12.14,-0.09,108.87,-13.62,,76.97,0.01,扣非亏损,扣非转亏,2255.33
001287.SZ,中电港,77.96,58.01,3.03,2.74,2.93,2.9,0.41,25.59,2.85,0.39,160.3,13.33,,79.09,0.23,4.35,21.16,26.61
002557.SZ,洽洽食品,18.47,18.29,2.83,10.06,10.82,8.1,2.87,63.13,30.25,13.16,31.44,9.01,,39.27,0.36,2.03,1.82,1.71
603023.SH,*ST威帝,325.53,-100.2,1.98,0.4,0.46,-0.3,,0.0,28.74,7.68,248.46,-13.37,,1.45,0.36,扣非亏损,扣非转亏,1415.33
002127.SZ,南极电商,109.33,165.12,1.77,0.77,1.0,0.79,2.06,168.78,14.14,2.11,-43.4,-13.45,9.71,14.52,0.16,-12.28,215.7,109.33
002010.SZ,传化智联,44.04,95.54,0.8,1.92,1.36,2.08,2.16,47.62,14.3,1.71,-29.74,19.97,1.72,55.24,0.34,4.79,49.71,32.39
605138.SH,盛泰集团,59.48,92.65,1.31,1.31,1.54,1.64,1.17,47.53,15.51,1.18,29.35,1.11,2.26,62.34,0.13,83.77,70.5,38.62
300155.SZ,安居宝,-97.44,-33.97,2.14,-2.23,-1.64,-2.41,,0.0,42.58,-15.03,-498.84,-26.28,0.55,10.04,0.3,扣非亏损,扣非亏损,亏损
300585.SZ,奥联电子,-785.79,-332.43,3.58,-0.81,-0.34,-1.17,0.06,32.79,22.17,-1.61,-201.06,6.28,7.11,20.28,0.02,扣非亏损,扣非亏损,亏损
301177.SZ,迪阿股份,345.1,-70.69,1.48,-1.23,0.31,0.8,1.7,294.12,65.57,1.82,-16.16,8.81,,11.86,0.07,扣非亏损,扣非亏损,1113.24
600593.SH,大连圣亚,27.56,78.85,11.82,37.4,38.28,8.68,,0.0,65.67,33.14,-7.94,84.57,,77.66,0.04,0.93,4.22,1.44
002815.SZ,崇达技术,31.66,44.95,1.58,3.37,3.68,2.92,2.09,51.28,23.59,6.51,-37.16,11.17,0.01,37.78,0.2,4.02,13.32,8.6
002987.SZ,京北方,30.7,29.27,3.4,8.4,8.57,6.86,0.91,21.52,22.61,6.56,-5.71,22.99,,16.33,0.04,1.27,3.49,3.58
300843.SZ,胜蓝股份,42.73,56.93,3.95,7.16,7.46,4.15,0.43,19.27,24.71,9.25,21.69,12.77,0.15,39.2,0.07,4.46,7.95,5.73
002486.SZ,嘉麟杰,82.85,290.17,1.79,1.14,1.63,2.07,,0.0,22.7,2.04,-76.63,-3.6,,17.01,0.18,-80.53,510.55,101.65
000012.SZ,南玻A,16.02,19.52,1.19,4.98,5.59,3.01,4.49,46.3,19.07,6.53,-49.07,19.53,0.06,54.42,0.29,1.0,3.92,2.87
300413.SZ,芒果超媒,26.62,39.21,2.27,5.57,6.55,4.75,0.71,9.47,29.15,13.87,-23.98,1.18,,30.69,0.11,33.18,7.04,4.06
837663.BJ,明阳科技,23.3,24.3,5.27,15.26,16.18,15.35,2.72,52.47,44.54,28.46,23.39,25.61,,16.94,0.11,0.95,1.59,1.44
603183.SH,建研院,58.48,18.67,1.23,1.41,1.57,1.82,0.96,20.45,47.19,5.66,-20.14,4.96,19.72,18.91,0.08,3.77,13.25,37.25
000860.SZ,顺鑫农业,27.74,136.51,1.97,5.47,5.48,4.34,,0.0,36.26,5.32,230.64,-11.63,,48.96,0.45,-11.74,49.89,10.12
300332.SZ,天壕能源,32.02,-385.16,1.37,2.96,3.14,2.46,0.7,20.0,12.61,4.34,-57.64,42.03,23.33,48.96,0.21,扣非亏损,扣非转亏,10.2
301518.SZ,长华化学,55.13,47.1,1.74,1.27,2.32,1.94,2.14,51.55,3.95,1.52,-77.25,-3.19,,14.52,0.49,-14.78,37.17,23.76
871553.BJ,凯腾精工,103.24,127.64,4.53,2.63,3.28,3.97,1.7,62.5,34.26,5.87,-43.11,6.85,,34.8,0.06,18.65,48.55,31.47
000430.SZ,张家界,-30.87,-10.31,3.3,-7.84,-7.72,-0.22,,0.0,18.01,-20.87,-40.04,67.04,,68.83,0.03,扣非亏损,扣非亏损,亏损
000523.SZ,红棉股份,70.62,66.15,3.94,4.72,4.3,3.43,,0.0,13.79,5.29,211.7,-8.69,,52.34,0.19,-7.61,28.03,32.85
831689.BJ,克莱特,27.59,31.73,3.84,9.96,10.53,7.48,3.09,60.24,31.35,12.1,0.81,21.87,,36.61,0.04,1.45,3.19,2.62
605033.SH,美邦股份,29.71,231.74,1.51,2.79,3.83,2.91,0.84,34.88,30.75,6.95,-52.62,10.96,,35.29,0.18,21.14,83.15,7.76
688676.SH,金盘科技,29.85,29.67,3.75,10.11,10.6,5.44,1.26,38.14,24.21,8.34,18.89,40.17,,54.53,0.05,0.74,2.94,2.82
688246.SH,嘉和美康,-68.47,-185.11,2.11,-2.43,-2.28,-2.62,,0.0,47.29,-10.92,-465.68,9.84,,32.98,0.12,扣非亏损,扣非亏损,亏损
603617.SH,君禾股份,28.3,55.35,1.59,3.82,4.29,3.05,0.43,40.0,22.57,7.29,153.06,1.58,0.13,35.5,0.31,34.93,14.49,6.6
834014.BJ,特瑞斯,31.84,32.29,2.15,4.56,5.06,3.13,1.64,37.5,33.88,8.93,1.81,11.04,,37.01,0.18,2.92,7.08,6.29
002709.SZ,天赐材料,97.41,109.56,3.39,2.16,2.56,2.72,1.2,30.3,18.48,3.8,-83.23,79.83,1.6,44.21,0.05,1.37,50.63,38.05
001299.SZ,美能能源,34.79,33.69,2.0,3.7,4.1,3.4,1.93,68.18,17.93,12.37,15.01,7.64,,23.72,0.29,4.41,9.12,8.48
600674.SH,川投能源,13.83,16.66,1.94,11.1,10.89,7.85,2.65,40.55,52.65,414.48,15.22,13.11,,32.17,0.01,1.27,1.5,1.27
002638.SZ,勤上股份,-56.1,-14.96,1.27,-2.19,-1.67,-1.72,,0.0,13.62,-14.37,50.58,-27.49,,10.31,0.09,扣非亏损,扣非亏损,亏损
300691.SZ,联合光电,117.25,138.4,3.42,1.33,1.32,0.7,0.65,62.5,23.81,2.41,-36.86,9.47,,42.43,0.08,14.61,103.89,88.82
301600.SZ,慧翰股份,31.22,,4.47,14.96,23.99,12.07,,0.0,29.59,18.35,45.05,40.18,,25.52,0.52,,,2.6
600745.SH,闻泰科技,97.33,-68.53,1.49,0.19,1.11,1.67,0.3,13.16,10.01,0.81,-96.4,5.84,57.03,51.31,0.12,扣非亏损,扣非转亏,87.68
002381.SZ,双箭股份,14.81,13.22,1.29,6.29,6.53,4.58,3.3,42.37,18.48,7.21,-14.54,12.9,,42.63,0.24,1.03,2.1,2.27
600581.SH,八一钢铁,-2.69,-2.69,14.5,-135.53,-134.86,-3.23,,0.0,-2.42,-9.72,-112.42,2.64,,98.61,0.35,扣非亏损,扣非亏损,亏损
688153.SH,唯捷创芯,-412.94,305.65,4.39,-1.5,-0.8,-1.51,0.08,20.37,24.51,-2.15,-309.72,29.77,,10.3,0.58,10.27,扣非亏损,亏损
300597.SZ,吉大通信,220.91,276.32,2.43,0.8,0.78,0.88,0.04,40.11,21.17,2.31,-27.67,4.06,,29.64,0.14,67.99,347.09,283.21
600057.SH,厦门象屿,11.72,23.47,1.07,1.29,4.21,2.51,4.47,47.62,2.02,0.49,42.6,10.02,0.04,71.63,1.55,2.34,18.19,2.78
300425.SZ,中建环能,122.6,29.12,1.66,0.75,1.01,1.17,1.06,20.0,29.67,3.31,-56.75,10.84,6.02,43.96,0.03,2.69,38.64,121.39
300948.SZ,冠中生态,-161.89,-68.52,1.83,-1.5,-0.84,0.27,0.42,24.58,36.33,-4.93,-133.46,11.2,,46.75,0.09,扣非亏损,扣非亏损,亏损
605298.SH,必得科技,152.8,93.42,2.58,1.17,1.28,1.14,0.64,47.62,42.59,4.44,47.73,4.85,4.61,19.68,0.07,19.25,79.81,119.38
688082.SH,盛美上海,49.46,51.6,6.96,10.86,11.09,7.7,0.6,29.97,48.47,19.07,15.84,57.83,,36.81,0.04,0.89,4.75,4.46
301189.SZ,奥尼电子,-62.24,-44.23,1.28,-1.81,-1.53,-2.7,,0.0,22.01,-9.39,-239.09,-21.14,,11.01,0.22,扣非亏损,扣非亏损,亏损
002287.SZ,奇正藏药,23.3,32.4,3.28,7.14,10.34,7.54,2.13,43.75,81.59,26.8,2.73,11.58,,40.11,0.03,2.8,4.54,2.25
002474.SZ,榕基软件,-148.35,-36.59,2.66,-1.61,-1.34,-0.33,,0.0,31.18,-5.68,67.63,-17.55,,42.79,0.06,扣非亏损,扣非亏损,亏损
002975.SZ,博杰股份,2295.6,-97.25,3.0,-0.62,0.09,0.1,,0.0,44.61,-0.38,29.83,-12.38,1.18,37.49,0.19,扣非亏损,扣非亏损,51013.36
002545.SZ,东方铁塔,14.55,15.52,1.03,5.32,5.38,4.32,4.2,58.89,30.3,15.0,-9.36,15.22,4.97,33.08,0.3,1.02,2.92,2.7
002803.SZ,吉宏股份,32.58,40.08,2.62,5.36,5.75,4.69,2.72,39.13,42.88,3.38,-59.75,15.25,0.43,31.41,0.17,2.63,7.48,5.67
600151.SH,航天机电,-240.96,-22.13,2.62,-2.7,-0.81,0.27,,0.0,9.03,-1.47,-28.09,15.99,,38.75,0.11,扣非亏损,扣非亏损,亏损
002115.SZ,三维通信,-143.26,-48.23,2.02,-1.93,-1.05,0.91,,0.0,4.61,-0.03,-155.93,13.02,13.55,45.13,0.21,扣非亏损,扣非亏损,亏损
603099.SH,长白山,56.78,78.02,9.59,14.1,13.4,15.21,0.52,15.0,45.72,24.86,3.63,83.43,,15.46,0.03,0.94,5.53,4.24
603890.SH,春秋电子,26.24,99.05,1.8,1.32,5.1,3.25,,0.0,15.42,3.65,471.39,-2.51,1.02,52.65,0.19,-39.52,150.34,10.29
002462.SZ,嘉事堂,12.92,22.13,0.9,3.92,5.35,3.92,1.83,30.23,6.29,1.95,-26.08,8.97,7.67,57.26,0.54,2.47,5.65,2.41
600383.SH,金地集团,-5.34,-6.6,0.4,-4.2,-5.39,-0.95,0.45,9.85,12.51,-12.01,-3396.21,7.08,0.31,67.61,0.93,扣非亏损,扣非亏损,亏损
603179.SH,新泉股份,26.9,27.15,4.75,12.82,12.94,6.44,0.59,18.18,20.47,7.11,18.0,42.7,,63.07,0.04,0.64,2.12,2.08
000040.SZ,ST旭蓝,-13.27,-6.14,0.21,-1.15,-1.19,0.09,,0.0,34.82,-16.53,-359.53,-20.32,4.94,52.41,1.85,扣非亏损,扣非亏损,亏损
872374.BJ,云里物里,101.25,116.92,11.7,8.12,8.71,6.66,0.76,36.36,45.81,13.94,23.02,15.52,,17.78,0.15,7.53,14.41,11.62
832110.BJ,雷特科技,30.94,34.74,3.54,7.71,8.52,7.93,3.57,89.89,45.58,20.48,37.12,24.95,,9.69,0.21,1.39,4.51,3.63
300669.SZ,沪宁股份,119.94,127.91,4.76,2.37,2.94,2.47,0.77,47.6,25.34,10.97,-40.29,2.16,0.3,12.7,0.02,59.33,53.93,40.79
300670.SZ,大烨智能,1323.5,-12.97,3.28,-8.05,0.18,1.55,,0.0,13.63,0.91,-20.98,4.18,,68.64,0.06,扣非亏损,扣非亏损,14705.53
688305.SH,科德数控,77.05,83.57,4.2,3.91,4.87,4.27,0.33,22.84,42.67,18.9,26.34,31.92,,20.91,0.06,2.62,21.35,15.82
002347.SZ,泰尔股份,-117.08,-28.82,2.09,-3.0,-1.33,-0.08,,0.0,21.44,-1.53,-56.71,11.64,,51.99,0.13,扣非亏损,扣非亏损,亏损
300991.SZ,创益通,-521.48,190.12,4.65,-0.93,-0.67,0.53,0.17,38.22,22.91,-1.15,50.97,6.69,,52.71,0.06,28.43,扣非亏损,亏损
430017.BJ,星昊医药,19.09,21.52,1.32,4.41,5.22,4.54,2.84,29.76,69.38,16.55,41.45,5.42,,19.15,0.13,3.97,4.88,3.66
688787.SH,海天瑞声,939.1,-1642.6,6.44,-0.26,0.49,0.73,,0.0,66.83,2.53,95.44,-6.51,,5.22,0.02,扣非亏损,扣非亏损,3833.04
600703.SH,三安光电,206.49,-103.93,1.85,-0.94,0.66,0.86,0.22,42.86,11.21,2.08,55.25,20.06,0.23,37.68,0.13,扣非亏损,扣非亏损,312.86
872808.BJ,曙光数创,-2189.43,356.84,20.66,-5.4,-0.68,-0.54,0.28,20.19,22.15,-2.65,-304.67,24.72,,38.19,0.02,14.44,扣非亏损,亏损
002221.SZ,东华能源,85.91,113.13,1.4,0.79,1.23,2.32,,0.0,4.53,0.65,17.31,-4.88,1.33,69.51,0.54,-23.18,287.49,139.69
688466.SH,金科环境,28.13,34.79,1.49,3.53,3.9,2.98,2.31,70.69,36.87,13.3,-33.25,1.9,0.11,45.56,0.22,18.34,9.85,7.21
873665.BJ,科强股份,26.0,26.57,2.48,6.55,7.19,6.73,2.05,35.71,40.02,19.01,-12.08,12.49,,14.43,0.53,2.13,4.06,3.62
002542.SZ,中化岩土,-30.15,-12.7,3.85,-8.71,-8.99,-1.7,,0.0,0.88,-16.45,39.22,-16.83,4.36,71.75,0.07,扣非亏损,扣非亏损,亏损
001331.SZ,胜通能源,71.72,78.91,1.54,1.16,1.59,0.27,0.57,-42.48,1.07,0.65,130.24,11.49,,23.37,1.6,6.87,136.44,90.21
688581.SH,安杰思,19.32,19.32,2.22,8.51,8.73,8.09,1.16,34.6,72.13,46.21,36.52,45.41,,4.67,0.32,0.43,2.27,2.21
301032.SZ,新柴股份,40.22,36.43,2.2,3.78,4.18,1.55,0.3,23.08,9.49,2.58,2643.15,-1.39,,56.66,0.18,-26.14,9.64,9.62
002335.SZ,科华数据,35.49,43.11,2.57,4.88,5.29,2.53,0.43,10.91,25.33,4.59,-47.9,25.66,14.41,61.95,0.07,1.68,8.84,6.71
300062.SZ,中能电气,-604.93,243.81,2.62,-0.72,-0.31,0.42,0.32,22.22,19.25,-0.63,-136.38,20.77,1.79,55.94,0.19,11.74,扣非亏损,亏损
603602.SH,纵横通信,123.2,171.79,4.78,1.95,2.83,3.32,0.41,37.5,14.95,2.92,-39.39,20.59,9.85,65.28,0.08,8.34,88.1,43.53
603728.SH,鸣志电器,359.15,253.59,7.88,1.5,1.65,0.95,0.06,11.87,37.65,2.62,-45.93,5.87,18.2,27.29,0.03,43.18,168.86,217.67
000968.SZ,蓝焰控股,16.48,16.2,1.14,5.27,5.22,3.86,2.39,30.36,33.61,16.56,-24.65,19.65,,46.49,0.18,0.82,3.07,3.16
600210.SH,紫江企业,15.96,17.34,1.91,8.91,9.02,5.04,5.32,67.75,22.0,7.71,19.01,2.97,1.32,56.38,0.21,5.84,1.95,1.77
600256.SH,广汇能源,18.54,18.22,1.88,7.24,6.36,5.67,9.8,88.02,17.95,7.25,-58.5,68.9,2.74,53.14,0.06,0.26,2.52,2.92
600371.SH,万向德农,37.05,40.73,4.46,8.71,8.98,5.6,1.86,90.91,26.61,20.64,0.73,11.41,,22.13,0.16,3.57,4.68,4.13
300864.SZ,南大环境,19.87,23.14,2.73,9.3,10.47,7.66,3.65,80.0,38.52,23.04,13.88,16.02,,26.31,0.01,1.44,2.49,1.9
600817.SH,宇通重工,43.17,39.85,3.16,4.03,5.33,3.75,3.96,95.0,19.77,5.87,98.3,-5.22,,43.93,0.09,-7.63,9.89,8.1
600692.SH,亚通股份,476.44,-186.49,3.06,-2.68,0.48,0.09,,0.0,3.61,0.56,4.81,12.7,1.33,66.26,0.28,扣非亏损,扣非亏损,1973.23
605589.SH,圣泉集团,26.3,24.15,2.02,5.69,5.83,4.83,1.79,39.22,23.15,8.31,24.26,3.28,0.07,29.73,0.06,7.35,4.24,4.51
831152.BJ,昆工科技,-127.36,-55.09,4.44,-4.96,-2.56,-0.86,0.17,-309.28,6.37,-2.69,-321.1,8.97,,63.61,0.01,扣非亏损,扣非亏损,亏损
000830.SZ,鲁西化工,10.97,12.26,1.26,8.92,8.95,5.85,1.3,30.37,15.89,7.3,183.2,19.91,,48.75,0.02,0.62,1.37,1.23
603180.SH,金牌家居,19.63,15.21,1.15,2.95,4.33,2.32,2.39,31.75,27.3,4.75,-25.55,12.09,0.13,51.31,0.21,1.26,5.16,4.53
605268.SH,王力安防,34.77,93.21,2.37,4.54,5.01,2.55,3.08,230.77,25.7,3.82,-8.21,15.53,,62.51,0.07,6.0,20.54,6.94
688352.SH,颀中科技,51.34,45.45,2.62,3.74,3.87,3.61,0.65,30.3,32.16,15.91,2.0,25.15,14.64,15.92,0.25,1.81,12.17,13.27
002656.SZ,ST摩登,-53.99,-16.89,2.6,-3.35,-3.58,-2.35,,0.0,66.12,-8.21,80.71,-13.04,,31.12,0.24,扣非亏损,扣非亏损,亏损
300543.SZ,朗科智能,43.53,75.65,2.59,3.77,4.08,2.25,0.46,33.33,18.56,4.1,-1.08,-2.85,,46.71,0.27,-26.52,20.09,10.67
300200.SZ,高盟新材,26.59,-11.02,2.45,6.39,7.13,5.36,,0.0,28.09,12.17,6.01,2.96,18.77,27.45,0.05,扣非亏损,扣非转亏,7.46
300978.SZ,东箭科技,28.26,32.27,3.06,8.29,8.22,5.9,1.46,60.61,28.47,9.05,16.48,11.54,2.64,39.76,0.23,2.8,3.89,3.44
603626.SH,科森科技,-17.79,-15.47,2.22,-9.21,-8.76,-4.23,1.43,-25.69,6.68,-8.92,-41.13,-7.33,,55.4,0.06,扣非亏损,扣非亏损,亏损
002233.SZ,塔牌集团,18.35,25.21,0.79,2.06,3.22,3.63,7.06,78.12,23.11,13.44,-52.43,-6.86,,9.89,0.18,-3.67,12.22,5.7
300772.SZ,运达股份,26.67,29.28,1.73,3.12,4.96,0.8,0.47,8.33,14.36,1.92,8.62,18.35,,83.87,0.46,1.6,9.38,5.38
300531.SZ,优博讯,235.06,-24.34,3.64,1.13,1.1,1.34,0.33,-9.87,25.23,1.86,-76.22,3.88,8.64,35.46,0.19,扣非亏损,扣非转亏,427.38
601686.SH,友发集团,60.19,50.48,1.32,0.45,1.58,1.33,4.88,0.0,2.18,0.31,-92.11,9.76,2.29,69.25,1.25,5.17,223.58,76.19
000027.SZ,深圳能源,11.42,27.1,1.07,4.31,6.09,3.46,2.17,51.85,22.03,9.01,-32.29,26.15,5.41,64.75,0.29,1.04,6.29,1.87
001238.SZ,浙江正特,69.0,254.66,2.61,3.23,2.87,1.49,0.29,46.67,26.49,3.21,-32.89,8.9,,27.01,0.34,28.63,78.96,24.04
002529.SZ,海源复材,-40.56,-13.62,5.56,-18.45,-9.78,-3.28,,0.0,-4.63,-34.18,-15.46,4.96,,56.36,0.01,扣非亏损,扣非亏损,亏损
300567.SZ,精测电子,181.06,173.17,6.05,0.02,2.39,1.15,0.23,36.83,43.43,2.44,100.81,6.11,0.79,56.49,0.12,28.34,9567.42,75.76
600395.SH,盘江股份,254.86,-95.23,1.08,-0.39,0.3,0.87,4.54,82.11,25.36,0.77,-106.3,16.46,,70.78,0.19,扣非亏损,扣非亏损,852.38
001318.SZ,阳光乳业,27.85,28.24,2.31,6.64,6.0,5.26,1.08,39.04,36.95,21.97,-4.06,3.69,,4.7,0.59,7.66,4.25,4.64
601788.SH,光大证券,31.85,44.86,1.46,2.89,2.93,,1.82,33.37,,31.34,0.61,-12.37,0.77,74.97,1.06,-3.63,15.55,10.87
002360.SZ,同德化工,39.56,50.34,0.97,1.61,1.82,1.53,2.55,17.06,30.75,7.41,-76.17,1.63,0.74,53.0,0.17,30.97,31.22,21.73
688799.SH,华纳药厂,17.97,21.14,2.02,7.46,8.79,6.59,1.84,40.0,62.34,13.03,-9.92,14.73,1.7,19.85,0.03,1.43,2.83,2.04
300876.SZ,蒙泰高新,-58.55,-72.58,2.96,-2.88,-3.63,-1.19,0.8,89.41,9.12,-9.22,-206.23,7.33,1.4,46.01,0.08,扣非亏损,扣非亏损,亏损
600829.SH,人民同泰,14.99,16.64,1.43,6.85,7.32,3.97,1.84,28.58,8.87,2.68,-17.16,9.21,,59.13,0.19,1.81,2.43,2.05
603889.SH,新澳股份,10.1,12.22,1.49,10.83,11.32,8.27,4.21,53.57,19.38,10.11,5.6,26.19,,40.39,0.16,0.47,1.13,0.89
605577.SH,龙版传媒,27.1,54.89,2.11,5.65,5.98,4.61,0.34,10.32,44.55,15.97,-38.78,6.41,,31.47,0.28,8.56,9.72,4.53
688661.SH,和林微纳,-291.76,-207.55,3.41,-1.56,-0.87,-1.72,0.17,-34.33,19.09,-2.82,45.29,12.78,0.52,14.58,0.07,扣非亏损,扣非亏损,亏损
600497.SH,驰宏锌锗,15.54,24.15,1.85,8.45,8.92,6.79,2.77,49.75,19.52,10.05,-19.17,4.8,0.21,28.67,0.04,5.03,2.86,1.74
600107.SH,美尔雅,-28.3,-15.06,3.58,-10.46,-9.06,-4.93,,0.0,31.82,-19.03,-77.44,12.55,,36.23,0.03,扣非亏损,扣非亏损,亏损
002530.SZ,金财互联,1698.66,-176.4,5.62,-0.18,0.25,1.32,,0.0,27.65,1.67,95.82,6.34,1.29,42.25,0.05,扣非亏损,扣非亏损,13589.31
688593.SH,新相微,2220.17,-1201.53,6.47,0.18,0.22,-1.02,0.26,60.0,15.62,0.82,-91.3,37.84,,13.62,0.12,扣非亏损,扣非转亏,10091.67
002668.SZ,TCL智家,10.29,12.02,5.08,44.56,45.18,12.75,,0.0,23.36,11.28,39.16,9.64,0.18,75.88,0.26,1.25,0.54,0.46
300050.SZ,世纪鼎利,-138.85,-20.69,7.81,-4.29,-4.16,-2.9,,0.0,29.67,-9.79,-70.87,-14.21,0.94,31.49,0.04,扣非亏损,扣非亏损,亏损
002566.SZ,益盛药业,49.62,45.96,1.07,0.91,1.59,1.41,1.68,52.41,74.8,6.61,-54.55,0.53,0.08,22.92,0.07,86.96,50.65,31.21
002323.SZ,雅博股份,-42.76,-42.13,6.56,-10.98,-10.88,-4.84,,0.0,12.51,-34.12,-543.2,156.48,,50.54,0.01,扣非亏损,扣非亏损,亏损
688203.SH,海正生材,46.58,56.79,1.39,1.97,2.24,1.84,0.61,38.1,13.02,5.07,-11.33,50.21,,25.96,0.42,1.13,28.86,20.79
301171.SZ,易点天下,59.03,79.65,4.35,5.34,5.62,3.01,0.56,23.91,21.48,10.98,16.31,-0.51,1.01,37.1,0.23,-156.22,14.91,10.5
600727.SH,鲁北化工,13.01,14.26,1.3,7.47,7.87,4.17,1.52,52.63,13.44,7.45,496.11,21.55,4.93,61.94,0.67,0.66,1.91,1.65
600268.SH,国电南自,51.09,28.33,2.3,3.13,3.35,3.46,1.29,33.33,23.99,5.16,114.11,14.94,,60.81,0.27,1.9,9.04,15.25
002311.SZ,海大集团,15.97,19.91,3.48,16.82,17.28,9.37,1.11,30.12,11.33,4.47,61.11,25.03,1.47,55.6,0.08,0.8,1.18,0.92
002437.SZ,誉衡药业,23.2,37.47,2.98,8.04,10.47,7.5,,0.0,53.25,10.32,219.08,-4.58,19.28,32.28,0.09,-8.18,9.33,4.43
002197.SZ,ST证通,-35.52,-14.77,1.11,-2.69,-2.31,0.11,,0.0,26.02,-5.35,-657.99,-0.54,,60.14,0.1,扣非亏损,扣非亏损,亏损
688215.SH,瑞晟智能,127.37,218.59,2.53,0.51,1.49,1.29,0.28,35.71,30.12,3.06,-55.14,41.52,,38.19,0.07,5.26,426.1,85.49
002999.SZ,天禾股份,155.76,47.26,1.82,0.58,0.49,0.7,1.6,41.38,5.09,0.07,-86.78,16.01,2.32,80.76,0.25,2.95,81.6,317.88
301503.SZ,智迪科技,29.72,31.76,2.64,6.63,6.73,4.85,1.66,58.33,17.97,7.06,42.11,7.16,,34.35,0.15,4.44,4.79,4.42
603269.SH,海鸥股份,37.08,33.73,1.97,3.97,4.05,2.01,2.23,55.56,23.88,3.7,8.18,19.08,7.95,69.98,0.33,1.77,8.51,9.16
600293.SH,三峡新材,182.45,206.53,1.97,-0.38,0.8,0.84,,0.0,8.35,1.2,-135.16,-1.13,3.06,46.99,0.13,-181.97,转盈,456.13
001306.SZ,夏厦精密,62.66,67.59,3.03,3.2,3.62,2.84,0.71,43.0,24.15,10.35,-2.71,-1.36,,28.76,0.23,-49.53,21.14,17.31
301019.SZ,宁波色母,26.88,30.34,2.32,5.57,6.57,6.78,1.66,0.0,32.04,19.56,-9.76,2.04,,7.8,0.05,14.89,10.89,8.18
688376.SH,美埃科技,26.22,28.46,2.96,8.22,8.77,5.51,0.79,23.26,30.57,12.32,28.95,18.91,0.14,47.0,0.3,1.51,3.46,2.99
002693.SZ,双成药业,-203.69,-208.52,23.68,-8.82,-8.36,-5.5,,0.0,59.95,-40.64,-170.06,-3.16,,43.45,0.0,扣非亏损,扣非亏损,亏损
688697.SH,纽威数控,18.81,21.29,3.48,12.44,13.74,6.83,3.19,61.86,25.47,12.41,-3.74,26.86,,58.92,0.05,0.79,1.71,1.37
300049.SZ,福瑞股份,70.24,82.28,5.96,6.15,6.38,7.53,,0.0,76.5,16.24,21.98,12.64,7.05,31.78,0.07,6.51,26.75,22.02
601136.SH,首创证券,63.11,63.39,4.85,5.89,5.91,,0.59,38.46,,40.45,64.73,7.98,0.97,72.54,0.58,7.94,10.75,10.68
002806.SZ,华锋股份,369.09,-9.32,3.0,-0.38,0.6,1.62,,0.0,19.59,0.61,93.99,20.4,28.04,55.09,0.05,扣非亏损,扣非亏损,1230.31
601698.SH,中国卫通,146.34,460.22,5.99,1.82,3.12,2.22,0.14,30.02,29.53,31.67,-18.78,-1.12,,14.43,0.07,-412.33,252.55,46.92
603317.SH,天味食品,26.12,29.44,3.45,8.94,10.15,9.63,3.01,91.98,39.28,18.8,38.1,11.84,6.52,18.2,0.02,2.49,3.29,2.57
600919.SH,江苏银行,4.42,5.36,0.72,10.11,12.25,,7.03,27.81,,47.02,10.95,12.84,,91.91,,0.42,0.53,0.36
300840.SZ,酷特智能,22.52,49.68,3.52,6.25,12.37,12.12,0.25,10.64,41.37,28.53,-3.14,6.63,,22.85,0.07,7.5,7.94,1.82
603980.SH,吉华集团,16.99,-15.11,0.75,-0.45,3.21,3.4,1.5,-20.59,11.49,10.8,74.54,-1.24,0.19,13.78,0.36,扣非亏损,扣非亏损,10.58
603075.SH,热威股份,26.13,28.75,3.92,10.9,11.31,8.96,2.06,73.53,31.42,16.12,19.12,-3.53,3.92,30.02,0.77,-8.15,2.64,2.31
688388.SH,嘉元科技,-32.86,-29.89,0.93,-2.46,-2.03,-0.86,0.07,37.5,1.96,-3.42,-2022.23,68.61,0.32,43.28,0.23,扣非亏损,扣非亏损,亏损
834407.BJ,驰诚股份,51.12,48.08,4.54,5.21,6.67,6.74,1.43,62.5,46.43,12.51,51.9,15.51,0.11,18.71,0.09,3.1,9.23,7.66
300759.SZ,康龙化成,26.5,41.39,3.75,6.04,10.9,7.01,0.69,22.14,33.87,15.53,-27.69,31.77,20.26,40.49,0.05,1.3,6.86,2.43
603979.SH,金诚信,17.6,18.15,3.09,13.93,13.92,10.8,0.53,11.7,32.52,15.74,54.81,24.55,,47.22,0.09,0.74,1.3,1.26
688568.SH,中科星图,161.98,128.82,8.74,1.96,4.1,3.56,0.39,20.43,47.49,11.44,24.94,53.06,9.15,43.42,0.03,2.43,65.87,39.51
300406.SZ,九强生物,17.69,17.17,2.32,9.65,9.67,8.89,1.05,22.22,77.81,30.1,0.63,32.77,42.19,27.35,0.16,0.52,1.78,1.83
300694.SZ,蠡湖股份,61.04,63.16,2.51,3.3,3.13,2.0,0.4,15.62,15.64,3.55,-27.96,14.5,,34.15,0.09,4.36,19.12,19.5
300212.SZ,易华录,-23.04,-9.49,6.31,-18.51,-18.64,-3.19,,0.0,0.73,-140.87,-6.05,-31.61,8.28,72.12,0.02,扣非亏损,扣非亏损,亏损
600358.SH,国旅联合,-50.64,-37.27,15.3,-18.55,-18.66,-3.25,,0.0,6.05,-9.84,-162.29,7.49,20.79,74.42,0.04,扣非亏损,扣非亏损,亏损
600119.SH,长江投资,-86.16,-66.49,18.03,-13.95,-14.55,-5.08,,0.0,5.55,-9.68,-238.83,34.58,0.5,49.93,0.06,扣非亏损,扣非亏损,亏损
300786.SZ,国林科技,-60.43,-45.03,2.43,-3.25,-2.94,-2.4,,0.0,19.9,-11.16,-640.72,6.36,,31.68,0.05,扣非亏损,扣非亏损,亏损
600132.SH,重庆啤酒,17.34,23.82,14.41,61.06,60.18,25.77,4.21,101.45,49.2,20.41,-1.61,10.81,16.03,66.84,0.11,2.2,0.39,0.29
301081.SZ,严牌股份,32.1,36.72,1.86,4.03,4.27,3.09,2.7,93.75,29.39,7.63,-0.9,8.64,,50.05,0.3,4.25,9.1,7.52
002384.SZ,东山精密,33.44,30.0,2.53,5.46,5.77,3.04,1.38,21.74,13.65,4.03,-2.72,6.35,11.69,58.71,0.16,4.72,5.5,5.8
600830.SH,香溢融通,62.34,84.64,2.19,2.54,2.67,2.59,0.21,30.61,63.26,33.98,358.44,34.58,,43.14,0.18,2.45,33.31,23.36
000829.SZ,天音控股,502.93,-119.43,4.66,-2.36,0.69,2.31,0.26,30.64,2.66,0.05,-211.73,16.83,29.72,86.93,0.35,扣非亏损,扣非亏损,728.88
300852.SZ,四会富仕,23.48,25.21,2.58,6.98,7.94,5.98,0.78,14.93,24.7,11.83,-25.92,28.47,,38.57,0.12,0.89,3.61,2.96
838171.BJ,邦德股份,22.61,24.2,3.73,12.58,12.7,13.02,1.7,41.67,43.3,26.4,0.08,30.87,,7.3,0.22,0.78,1.92,1.78
688685.SH,迈信林,114.06,178.11,7.65,4.46,5.12,3.24,0.26,55.0,35.37,11.7,187.43,0.93,0.12,62.08,0.02,192.41,39.95,22.28
002185.SZ,华天科技,82.73,1396.96,2.39,0.3,2.21,1.45,0.26,31.16,12.29,3.53,116.57,12.55,4.04,47.99,0.15,111.35,4721.04,37.43
002554.SZ,惠博普,-35.04,-39.3,1.48,-3.56,-3.13,-1.01,0.26,10.0,11.32,-5.25,-185.62,47.51,1.08,53.1,0.18,扣非亏损,扣非亏损,亏损
603305.SH,旭升集团,31.96,32.8,2.17,4.44,5.07,3.31,1.17,29.87,21.23,9.78,-47.08,47.2,,50.78,0.31,0.69,7.39,6.3
300682.SZ,朗新集团,70.76,30.95,2.02,1.59,2.11,0.86,1.71,50.0,44.37,3.96,-27.22,12.98,17.72,26.29,0.09,2.38,19.46,33.54
600590.SH,泰豪科技,-16.71,-4.58,1.36,-4.75,-5.92,0.42,,0.0,18.03,-7.1,-510.69,-9.47,13.51,68.86,0.46,扣非亏损,扣非亏损,亏损
002449.SZ,国星光电,56.67,186.89,1.31,0.93,1.74,0.76,0.63,43.32,11.72,2.59,-31.51,1.36,,40.44,0.29,137.32,201.42,32.57
688227.SH,品高股份,-45.64,-122.56,2.11,-3.8,-3.4,-3.44,,0.0,37.36,-27.96,-1.1,5.82,2.34,29.69,0.09,扣非亏损,扣非亏损,亏损
300198.SZ,纳川股份,-24.7,-8.1,3.82,-9.97,-10.99,-3.23,,0.0,15.17,-61.83,-16.45,-23.78,,74.93,0.02,扣非亏损,扣非亏损,亏损
300747.SZ,锐科激光,74.38,161.84,3.62,2.15,3.66,2.21,0.51,30.99,26.88,5.3,-56.81,18.7,1.78,38.12,0.06,8.65,75.13,20.32
688189.SH,南新制药,-21.4,-30.53,1.66,-5.66,-5.62,-5.38,,0.0,57.37,-36.49,-1333.93,-9.07,0.9,11.61,0.19,扣非亏损,扣非亏损,亏损
603967.SH,中创物流,13.02,13.99,1.51,8.52,8.73,8.41,4.84,72.46,5.03,2.68,12.17,32.93,0.01,40.96,0.13,0.42,1.64,1.49
600655.SH,豫园股份,15.54,-24.77,0.66,-1.85,3.17,2.33,3.06,36.47,13.06,2.68,-339.61,8.14,3.15,68.54,0.41,扣非亏损,扣非亏损,4.9
300037.SZ,新宙邦,34.06,34.71,3.43,7.55,7.48,4.84,1.27,44.12,27.09,12.48,-5.16,50.4,4.18,41.49,0.04,0.69,4.6,4.55
300224.SZ,正海磁材,42.33,53.0,2.95,4.41,4.87,3.04,1.71,36.36,16.15,4.96,-51.81,50.98,,51.2,0.06,1.04,12.02,8.69
002058.SZ,威尔泰,-134.67,-88.82,13.93,-8.43,-5.68,-1.63,,0.0,30.3,-5.56,-8.67,-0.39,,41.01,0.03,扣非亏损,扣非亏损,亏损
836942.BJ,恒立钻具,22.48,24.21,1.87,5.98,6.32,5.39,1.15,20.94,39.71,21.18,38.85,6.08,,23.43,0.11,3.98,4.05,3.56
605168.SH,三人行,26.76,25.46,2.34,5.66,6.3,4.4,2.68,40.09,17.52,5.9,-48.79,26.32,,40.34,0.05,0.97,4.5,4.25
300555.SZ,ST路通,-28.47,-23.49,2.62,-7.19,-6.66,-7.5,,0.0,13.99,-44.52,-60.59,-0.45,0.93,15.26,0.01,扣非亏损,扣非亏损,亏损
001367.SZ,海森药业,24.92,24.6,2.17,6.75,6.81,6.24,1.14,29.76,41.37,27.17,22.87,13.09,,6.89,0.98,1.88,3.65,3.66
600120.SH,浙江东方,28.9,34.33,1.03,2.65,2.67,1.48,1.62,41.43,3.87,6.05,1.53,1.96,2.66,60.73,0.37,17.54,12.95,10.83
002681.SZ,奋达科技,49.15,721.55,4.06,5.45,6.59,4.24,,0.0,22.2,6.0,-9.25,-3.66,,48.17,0.08,-196.9,264.87,14.92
603192.SH,汇得科技,21.73,28.02,1.47,4.67,5.17,3.59,0.92,39.13,12.31,3.62,33.17,32.5,0.05,29.53,0.19,0.86,6.0,4.2
300798.SZ,锦鸡股份,292.8,1041.77,2.03,0.44,0.51,0.9,0.2,52.77,14.81,1.25,-72.26,9.25,,32.57,0.07,112.66,2349.51,574.12
600589.SH,广东榕泰,-166.29,-40.16,10.17,-9.51,-4.52,-0.74,,0.0,11.03,-9.02,53.13,-28.64,20.66,65.89,0.06,扣非亏损,扣非亏损,亏损
603087.SH,甘李药业,41.2,72.61,2.49,2.83,4.61,4.22,0.38,33.33,75.36,22.6,38.64,2.39,,8.3,0.14,30.42,25.64,8.94
301093.SZ,华兰股份,42.5,55.9,1.36,1.52,2.25,2.21,1.86,68.57,39.15,12.36,-25.98,20.57,,9.77,0.14,2.72,36.69,18.89
600346.SH,恒力石化,15.52,18.71,1.72,7.63,8.44,4.09,4.18,56.12,10.36,2.88,-7.04,15.94,0.13,77.48,0.26,1.17,2.45,1.84
000603.SZ,盛达资源,33.8,44.14,2.75,6.04,6.24,5.58,0.68,35.78,43.47,18.53,48.71,11.55,0.68,41.48,0.1,3.82,7.31,5.42
000599.SZ,青岛双星,-16.92,-18.5,2.36,-10.79,-3.5,-0.84,,0.0,9.63,-6.29,22.06,2.49,,79.8,0.28,扣非亏损,扣非亏损,亏损
002245.SZ,蔚蓝锂芯,32.86,45.67,1.83,3.53,4.28,3.64,0.18,12.27,16.47,6.79,214.77,11.65,8.46,34.09,0.04,3.92,12.93,7.68
301515.SZ,港通医疗,74.45,36.38,1.52,1.27,1.52,0.91,0.9,26.52,20.02,4.07,-26.16,11.2,,31.69,0.52,3.25,28.67,48.98
600094.SH,大名城,29.28,-47.5,0.72,1.81,1.84,1.89,,0.0,15.64,6.11,-65.06,2.2,,40.05,0.15,扣非亏损,扣非转亏,31.82
301158.SZ,德石股份,26.64,23.14,1.74,4.7,4.78,4.28,1.9,52.66,35.76,16.08,28.1,10.42,,22.81,0.14,2.22,4.92,5.57
600281.SH,华阳新材,-16.9,-12.09,12.41,-43.31,-43.43,-5.99,,0.0,-3.25,-35.3,29.66,-9.45,,84.36,0.04,扣非亏损,扣非亏损,亏损
600528.SH,中铁工业,10.66,12.85,0.79,4.96,4.7,2.35,1.36,13.69,18.84,6.3,-8.88,7.42,,57.29,0.26,1.73,2.59,2.27
688125.SH,安达智能,-274.83,-151.0,1.82,-0.55,-0.49,-1.88,0.38,41.67,52.04,-1.81,-140.42,0.06,,18.92,0.88,扣非亏损,扣非亏损,亏损
002716.SZ,湖南白银,59.52,-202.5,3.02,3.13,4.36,4.08,,0.0,6.34,2.29,411.85,62.37,,46.87,0.06,扣非亏损,扣非转亏,27.3
600958.SH,东方证券,20.8,29.57,1.2,3.98,4.16,,1.72,50.0,,23.46,17.26,-8.85,0.04,79.07,1.25,-3.34,7.43,5.0
300443.SZ,金雷股份,38.74,35.66,1.27,2.21,2.44,2.24,1.5,18.78,22.75,11.36,-56.73,9.65,0.07,7.57,0.22,3.7,16.15,15.88
600448.SH,华纺股份,511.05,-375.96,1.37,0.11,0.23,1.48,,0.0,12.09,0.14,532.34,-5.02,,65.41,0.3,扣非亏损,扣非转亏,4443.95
688045.SH,必易微,-91.33,-40.5,1.84,-3.16,-1.52,-2.53,,0.0,25.03,-7.28,-6.85,25.27,1.72,8.7,0.11,扣非亏损,扣非亏损,亏损
603903.SH,中持股份,-562.97,28.1,1.07,-0.51,-0.13,0.84,1.94,30.0,30.73,-1.52,-110.61,-0.15,14.67,62.54,0.32,-184.32,扣非亏损,亏损
300328.SZ,宜安科技,1699.58,-154.13,5.08,-1.88,0.22,-0.37,,0.0,12.66,-0.84,1.84,23.28,1.13,53.71,0.04,扣非亏损,扣非亏损,15450.71
300735.SZ,光弘科技,138.98,98.61,5.74,2.53,3.08,3.11,1.06,48.08,11.94,3.98,-43.51,34.31,0.27,34.55,0.09,2.87,39.03,45.12
000782.SZ,恒申新材,-198.95,-132.82,1.94,-0.94,-1.07,-0.26,,0.0,4.1,-0.56,81.79,8.58,,40.28,0.14,扣非亏损,扣非亏损,亏损
300815.SZ,玉禾田,9.7,11.31,1.59,12.8,12.89,9.88,1.37,15.27,24.49,11.05,12.97,12.61,4.98,46.79,0.14,0.9,0.88,0.75
002401.SZ,中远海科,32.01,49.78,3.6,8.28,8.61,4.82,0.99,35.21,20.77,11.41,-25.76,5.42,,35.16,0.23,9.19,6.01,3.72
603038.SH,华立股份,115.49,981.09,3.92,1.68,2.57,2.63,0.43,55.56,25.62,5.62,-12.85,1.05,4.01,26.16,0.02,938.3,584.54,44.94
600156.SH,华升股份,-64.35,-37.33,4.24,-7.31,-4.82,-2.24,,0.0,6.39,-5.32,8.92,-12.15,,52.06,0.06,扣非亏损,扣非亏损,亏损
600322.SH,津投城开,-9.91,-1.84,167.97,-276.76,-172.79,1.37,,0.0,23.08,-21.39,-349.73,10.79,,96.7,0.09,扣非亏损,扣非亏损,亏损
002282.SZ,博深股份,16.79,18.47,1.04,4.38,4.72,4.99,1.91,65.43,27.29,13.2,27.56,8.28,33.56,10.73,0.17,2.23,4.22,3.56
301218.SZ,华是科技,-434.24,179.27,2.93,-1.14,-0.5,-0.98,0.14,15.86,21.2,-1.39,-594.93,7.04,,35.73,0.39,25.46,扣非亏损,亏损
002911.SZ,佛燃能源,24.96,20.48,3.6,6.08,10.96,4.87,5.23,72.27,6.19,2.28,10.3,51.17,0.62,53.27,0.24,0.4,3.37,2.28
300930.SZ,屹通新材,62.72,67.72,3.84,4.63,4.67,4.26,0.42,19.61,19.86,11.49,-5.07,9.87,,25.08,0.02,6.86,14.62,13.43
300608.SZ,思特奇,-19.51,-58.89,2.88,-10.37,-10.19,-5.71,0.06,14.29,12.03,-48.73,-121.94,6.42,,40.83,0.16,扣非亏损,扣非亏损,亏损
600168.SH,武汉控股,50.44,-35.04,0.93,0.87,1.38,1.95,0.92,31.0,21.53,2.53,163.63,10.26,,76.65,0.24,扣非亏损,扣非转亏,36.55
832171.BJ,志晟信息,-50.74,-30.03,9.5,-11.88,-13.12,-8.5,,0.0,28.11,-71.73,-33.79,-19.44,,32.75,0.02,扣非亏损,扣非亏损,亏损
300723.SZ,一品红,-22.64,-78.11,3.41,0.16,-10.49,-5.4,0.7,50.0,66.53,-21.73,-98.3,14.91,0.5,51.11,0.09,扣非亏损,扣非转亏,亏损
000729.SZ,燕京啤酒,16.76,32.13,1.94,8.79,8.98,6.94,1.16,43.67,45.09,11.79,45.68,9.16,0.51,36.18,0.42,3.51,3.65,1.87
600030.SH,中信证券,20.71,23.26,1.78,6.03,6.3,,2.33,36.54,,37.82,3.42,6.02,2.89,83.14,0.91,3.87,3.86,3.29
301592.SZ,六九一二,684.81,104.21,12.36,3.17,2.87,2.54,,0.0,47.14,5.2,1009.66,19.84,,49.78,0.02,5.25,65.77,477.22
300929.SZ,华骐环保,-77.36,-56.72,1.52,-1.61,-1.47,-0.05,0.16,40.0,32.71,-9.09,-759.32,-14.23,,52.58,0.07,扣非亏损,扣非亏损,亏损
688113.SH,联测科技,28.4,25.79,2.29,5.96,6.13,5.01,0.76,24.93,38.79,17.43,-9.87,12.43,1.82,27.24,0.07,2.07,4.32,4.63
300455.SZ,航天智装,281.19,168.33,5.71,1.45,1.53,1.16,0.13,11.89,23.85,3.86,-12.08,7.53,,44.48,0.02,22.37,116.32,183.78
300025.SZ,华星创业,-93.82,-103.09,7.94,-6.44,-6.19,-4.14,,0.0,10.53,-8.37,-83.46,-3.7,0.04,33.62,0.03,扣非亏损,扣非亏损,亏损
600866.SH,星湖科技,11.98,10.59,1.42,10.03,8.88,6.54,8.15,93.14,15.72,5.33,62.99,113.17,1.56,45.73,0.24,0.09,1.06,1.35
002843.SZ,泰嘉股份,51.09,45.14,3.19,4.77,4.66,2.0,0.75,33.33,16.65,4.58,-15.21,68.31,9.54,45.57,0.08,0.66,9.46,10.96
835207.BJ,众诚科技,-49.85,-67.39,6.02,-9.88,-8.52,-5.09,0.7,200.0,17.8,-10.95,-307.15,-8.15,,45.22,0.05,扣非亏损,扣非亏损,亏损
002413.SZ,雷科防务,-34.67,-9.13,1.7,-3.82,-3.58,-2.43,,0.0,37.45,-18.57,-135.0,3.54,17.37,25.43,0.04,扣非亏损,扣非亏损,亏损
603026.SH,石大胜华,486.99,-149.9,1.88,0.07,0.29,-0.69,0.09,44.44,5.31,-1.52,-96.05,14.43,,54.15,0.21,扣非亏损,扣非转亏,1679.29
603456.SH,九洲药业,16.41,19.98,1.62,7.27,7.4,6.38,2.07,43.1,34.75,15.96,-35.04,29.64,1.27,21.67,0.19,0.67,2.75,2.22
603131.SH,上海沪工,103.83,-97.78,5.25,3.0,3.81,2.59,,0.0,21.7,6.2,26.59,0.86,,44.89,0.07,扣非亏损,扣非转亏,54.5
002294.SZ,信立泰,49.51,56.26,3.91,5.98,6.23,5.62,1.53,96.15,72.07,17.06,14.94,7.39,0.13,15.52,0.03,7.61,9.4,7.95
002108.SZ,沧州明珠,32.49,60.03,1.19,2.42,2.71,2.29,2.43,61.01,11.93,7.05,-46.66,-1.64,,31.39,0.11,-36.7,24.8,11.99
300942.SZ,易瑞生物,658.09,-35.83,4.36,-1.16,0.46,0.81,,0.0,66.09,1.89,90.89,27.71,,38.08,0.07,扣非亏损,扣非亏损,2861.25
601727.SH,上海电气,144.54,-151.61,2.73,0.55,1.43,1.37,,0.0,18.65,3.37,744.33,-5.45,4.16,73.15,0.3,扣非亏损,扣非转亏,202.15
688137.SH,近岸蛋白,-103.02,-64.34,1.18,-1.51,-0.84,-2.28,0.9,277.78,64.54,-19.83,-3384.36,8.46,,4.85,0.57,扣非亏损,扣非亏损,亏损
002728.SZ,特一药业,560.22,68.55,2.58,0.13,0.32,0.04,2.79,64.94,38.84,1.32,-98.7,19.05,30.39,30.09,0.12,3.6,533.84,1750.68
002620.SZ,瑞和股份,-9.33,-2.98,10.95,-58.62,-59.47,-0.62,,0.0,15.05,-15.31,-5.59,-24.41,,91.19,0.16,扣非亏损,扣非亏损,亏损
600603.SH,ST广物,21.65,23.92,1.76,5.4,6.29,3.81,,0.0,40.11,17.08,4.5,41.23,,66.19,0.02,0.58,8.86,6.88
000717.SZ,中南股份,-6.43,-7.44,0.88,-10.56,-9.79,-4.46,,0.0,-1.35,-3.69,-437.52,9.9,,58.62,0.09,扣非亏损,扣非亏损,亏损
830974.BJ,凯大催化,70.02,55.47,2.3,1.48,2.42,1.74,1.43,192.86,2.91,2.0,209.43,-8.25,,22.87,0.19,-6.72,37.58,28.94
002269.SZ,美邦服饰,63.27,-10.75,8.33,-11.91,10.86,2.88,,0.0,33.98,9.87,39.54,-27.39,,76.79,0.02,扣非亏损,扣非亏损,11.65
600764.SH,中国海防,97.0,73.2,2.38,1.37,1.83,1.55,0.53,30.17,35.55,8.6,28.89,-7.96,,28.46,0.12,-9.19,53.58,53.0
603927.SH,中科软,50.7,34.56,6.07,8.67,8.88,3.96,1.83,49.65,30.07,7.03,-21.83,4.12,,52.26,0.1,8.38,3.99,5.71
301231.SZ,荣信文化,-47.15,-52.74,1.78,-3.1,-2.78,-3.52,0.2,41.67,37.36,-12.67,-896.38,-10.31,,5.46,0.2,扣非亏损,扣非亏损,亏损
601086.SH,国芳集团,63.79,42.79,1.96,3.6,2.2,1.64,3.42,75.0,45.98,5.94,-43.82,0.42,,41.61,0.25,102.64,11.88,28.99
603330.SH,天洋新材,-75.7,-26.89,1.7,-2.1,-1.66,-0.17,1.06,-36.45,13.93,-2.65,-4.12,26.41,3.18,41.65,0.08,扣非亏损,扣非亏损,亏损
000680.SZ,山推股份,15.86,15.85,2.36,11.4,11.56,5.46,3.04,29.42,16.7,6.89,42.51,14.55,0.18,59.84,0.34,1.09,1.39,1.37
002133.SZ,广宇集团,-10.0,-7.3,0.54,-3.95,-3.93,-0.13,1.43,100.0,3.29,-3.63,-197.32,25.25,0.03,64.4,0.83,扣非亏损,扣非亏损,亏损
688101.SH,三达膜,16.16,17.0,1.17,5.13,5.47,4.72,1.71,30.26,35.82,20.89,23.74,18.64,,30.52,0.12,0.91,3.31,2.95
601228.SH,广州港,24.06,27.08,1.27,4.03,4.01,3.26,1.37,30.71,24.71,10.0,4.77,5.46,0.74,51.0,0.23,4.96,6.72,6.0
300381.SZ,溢多利,64.15,-196.12,1.4,0.54,1.62,1.44,0.81,-273.97,46.43,7.21,8.11,-23.78,1.37,9.68,0.12,扣非亏损,扣非转亏,79.2
600854.SH,春兰股份,14.24,17.97,1.07,5.42,5.66,4.83,2.66,49.11,35.75,180.64,-1.6,-8.93,,7.35,0.44,-2.01,3.32,2.51
688239.SH,航宇科技,31.84,44.74,3.4,7.58,8.4,5.01,1.03,16.15,29.09,10.37,-12.37,46.43,,56.02,0.13,0.96,5.91,3.79
300316.SZ,晶盛机电,11.98,11.85,2.78,18.22,18.46,10.43,1.59,20.06,35.57,22.38,-11.65,67.98,,45.8,0.07,0.17,0.65,0.65
600667.SH,太极实业,23.98,25.12,1.98,6.23,6.29,2.26,1.49,30.0,7.59,2.43,-10.61,30.96,6.31,72.37,0.39,0.81,4.03,3.81
603329.SH,上海雅仕,48.18,53.35,1.88,2.09,2.93,2.51,0.63,166.67,5.14,1.0,312.03,16.75,,57.88,0.35,3.19,25.58,16.44
002425.SZ,ST凯文,-17.18,-3.4,0.64,-2.83,-2.76,-2.7,,0.0,4.98,-31.75,29.38,-1.96,44.4,12.14,0.06,扣非亏损,扣非亏损,亏损
002923.SZ,润都股份,66.74,154.08,2.88,2.24,3.18,2.35,1.62,100.0,46.37,4.24,-45.43,1.49,,46.93,0.07,103.64,68.68,20.99
301200.SZ,大族数控,62.46,116.74,3.38,3.49,4.2,3.32,2.25,0.0,27.99,8.66,35.56,3.85,3.08,26.12,0.5,30.31,66.86,29.74
300276.SZ,三丰智能,320.92,-640.01,4.1,0.51,0.96,0.49,,0.0,14.31,1.48,-70.16,15.24,11.49,55.32,0.02,扣非亏损,扣非转亏,668.59
603205.SH,健尔康,45.5,44.53,4.07,9.31,9.75,8.73,,0.0,22.88,11.94,8.28,-5.46,,15.47,0.11,-8.15,9.57,9.33
600461.SH,洪城环境,10.02,10.94,1.38,10.66,10.82,5.96,4.82,44.52,33.9,18.31,12.23,4.13,0.68,58.53,0.24,2.65,1.03,0.93
688033.SH,天宜上佳,-5.06,-5.2,0.86,-12.7,-11.91,-7.23,0.15,10.0,-27.77,-93.5,-385.79,74.19,7.08,38.82,0.12,扣非亏损,扣非亏损,亏损
603366.SH,日出东方,97.94,172.77,2.2,0.31,1.68,0.96,1.25,31.93,27.77,1.81,-90.22,11.87,2.5,43.96,0.08,14.55,555.71,58.3
002855.SZ,捷荣技术,-29.52,-26.54,9.54,-22.5,-21.61,-8.46,,0.0,10.46,-19.25,-300.64,-12.57,,63.68,0.01,扣非亏损,扣非亏损,亏损
300174.SZ,元力股份,24.3,28.18,2.1,5.66,6.64,5.23,0.62,15.18,25.05,15.27,3.99,20.44,,15.77,0.23,1.38,4.98,3.66
002006.SZ,精工科技,70.39,77.42,5.22,4.7,5.35,2.83,0.98,37.5,24.37,6.19,-50.31,21.09,,54.65,0.08,3.67,16.46,13.16
688429.SH,时创能源,-15.64,-20.24,5.93,-25.46,-25.01,-17.03,0.21,9.57,13.18,-112.39,-471.74,90.37,,44.99,0.13,扣非亏损,扣非亏损,亏损
300803.SZ,指南针,-265.28,252214.06,21.32,-6.17,-6.01,-1.71,,0.0,81.74,-18.47,-131.37,15.59,71.29,79.41,0.14,16174.45,扣非亏损,亏损
301567.SZ,贝隆精密,101.97,94.77,4.84,3.97,3.77,3.25,,25.93,24.49,8.75,-38.01,8.75,,15.14,0.02,10.83,23.84,27.05
001202.SZ,炬申股份,19.28,22.9,2.36,8.9,9.03,7.8,1.71,62.5,20.57,9.47,55.94,4.48,0.02,44.63,0.09,5.11,2.57,2.13
002396.SZ,星网锐捷,30.1,33.08,1.61,3.67,4.04,2.65,1.38,34.37,32.4,4.49,0.19,16.24,4.75,42.27,0.28,2.04,9.02,7.45
430198.BJ,微创光电,-32.97,-11.59,6.4,-13.64,-13.58,-8.62,,0.0,37.17,-97.12,-35.78,-9.65,,36.52,0.04,扣非亏损,扣非亏损,亏损
600983.SH,惠而浦,94.99,89.93,2.66,1.42,2.09,0.77,8.87,71.18,14.13,2.1,-43.68,-6.63,,48.68,0.23,-13.56,63.4,45.45
605318.SH,法狮龙,-152.67,237.46,3.36,-2.37,-1.61,-1.72,1.87,300.0,19.79,-3.03,-279.4,19.77,,27.8,0.12,12.01,扣非亏损,亏损
300418.SZ,昆仑万维,-60.4,-191.6,3.39,-4.32,-4.18,-3.55,0.13,4.7,76.9,-23.29,-336.11,2.06,30.32,15.37,0.02,扣非亏损,扣非亏损,亏损
300149.SZ,睿智医药,-39.81,-3.45,2.4,-4.93,-4.42,-2.57,,0.0,19.22,-8.6,-78.07,-7.2,10.02,35.56,0.1,扣非亏损,扣非亏损,亏损
300579.SZ,数字认证,-208.42,-128.66,8.41,-3.49,-3.0,-2.07,,0.0,49.35,-4.14,-13.85,5.07,,39.28,0.02,扣非亏损,扣非亏损,亏损
002793.SZ,罗欣药业,-13.12,-6.91,2.21,-12.44,-11.75,-4.95,,0.0,42.8,-16.89,-13.35,-24.16,0.09,55.94,0.15,扣非亏损,扣非亏损,亏损
833171.BJ,国航远洋,35.42,89.08,2.7,4.0,5.89,4.8,,0.0,20.27,11.99,2709.12,21.43,,60.23,0.12,4.16,44.52,12.03
603063.SH,禾望电气,27.49,25.5,2.26,6.53,6.32,4.32,0.8,17.7,37.48,11.76,-17.74,19.02,,44.18,0.12,1.34,3.9,4.35
601216.SH,君正集团,14.44,17.69,1.63,7.86,8.34,6.29,8.56,99.16,19.82,12.49,1.71,10.24,5.68,37.23,0.1,1.73,2.25,1.73
300839.SZ,博汇股份,-8.71,-3.78,3.52,-26.23,-25.14,-5.38,,0.0,22.93,-10.61,-232.1,38.87,,75.64,0.34,扣非亏损,扣非亏损,亏损
688648.SH,中邮科技,-38.96,-99.58,2.19,-4.73,-4.08,-3.11,0.61,23.53,13.08,-11.62,-1060.69,-2.09,,32.78,0.25,扣非亏损,扣非亏损,亏损
301369.SZ,联动科技,208.46,203.91,2.86,0.72,1.03,-0.6,0.31,51.43,59.63,6.12,-20.36,13.2,,5.96,0.44,15.44,284.27,202.39
300150.SZ,世纪瑞尔,60.07,-323.36,1.71,2.09,2.16,1.93,,0.0,43.04,6.37,68.78,3.31,8.29,23.31,0.1,扣非亏损,扣非转亏,55.62
000705.SZ,浙江震元,46.42,55.32,1.37,1.85,2.2,1.87,0.55,25.0,19.15,1.58,-44.64,6.28,,39.57,0.25,8.81,29.88,21.1
301195.SZ,北路智控,23.5,24.8,1.89,5.19,6.1,5.43,1.68,39.78,42.78,17.26,-21.88,32.25,,13.13,0.06,0.77,4.78,3.85
001226.SZ,拓山重工,89.42,-421.91,2.48,0.83,2.1,1.57,1.12,0.0,12.21,3.37,210.57,-11.0,,37.33,0.21,扣非亏损,扣非转亏,85.16
688636.SH,智明达,-260.91,170.55,2.95,-1.28,-0.85,-0.9,0.32,16.39,49.74,-4.39,-146.91,27.12,,27.5,0.0,6.29,扣非亏损,亏损
301487.SZ,盟固利,921.39,1723.95,5.65,0.3,0.46,0.52,0.06,17.53,6.97,0.55,-87.51,-6.31,,45.92,0.08,-273.08,5683.99,2003.02
600017.SH,日照港,11.73,20.76,0.72,4.62,4.68,3.34,2.36,30.95,25.36,11.69,-2.92,8.16,0.98,59.56,0.14,2.54,4.5,2.51
688021.SH,奥福环保,-23.68,-15.61,1.0,-3.87,-3.11,-1.67,,0.0,16.82,-15.09,-799.47,13.52,,30.1,0.06,扣非亏损,扣非亏损,亏损
601878.SH,浙商证券,32.79,33.01,1.8,4.53,4.59,,1.34,30.43,,11.0,-5.08,20.56,0.07,79.88,0.78,1.61,7.28,7.14
600739.SH,辽宁成大,19.45,56.67,0.62,2.4,2.44,2.6,0.85,65.36,13.99,8.25,17.83,-12.76,,33.73,0.36,-4.44,23.59,7.97
000156.SZ,华数传媒,29.51,38.97,0.94,1.81,2.35,1.04,2.99,59.46,31.82,5.54,-39.6,8.67,3.54,46.63,0.45,4.49,21.5,12.56
301183.SZ,东田微,84.57,224.49,5.4,4.77,4.91,3.19,,0.0,23.31,9.71,320.25,-6.91,,32.08,0.13,-32.47,94.11,34.45
301370.SZ,国科恒泰,41.6,34.74,2.26,3.99,4.05,2.41,0.73,32.78,10.35,1.83,11.73,15.56,,63.79,0.23,2.23,8.7,10.27
301068.SZ,大地海洋,54.25,57.01,4.19,5.07,5.85,3.75,0.82,37.88,20.61,6.87,49.11,26.39,4.75,38.31,0.03,2.16,11.24,9.27
600971.SH,恒源煤电,9.22,8.76,0.92,7.59,7.46,5.29,7.62,50.09,38.78,17.46,-40.96,15.52,,38.7,0.52,0.56,1.15,1.24
300966.SZ,共同药业,-110.99,-208.42,2.49,-1.56,-1.5,-0.5,0.07,8.02,14.23,-4.52,-190.91,7.41,,61.76,0.1,扣非亏损,扣非亏损,亏损
838971.BJ,天马新材,116.61,156.6,8.95,4.87,5.75,5.57,1.54,213.68,25.25,13.95,11.44,26.14,,23.2,0.01,5.99,32.13,20.28
688008.SH,澜起科技,59.72,71.58,7.41,8.44,9.46,7.74,0.51,75.0,58.12,37.98,460.88,15.36,,5.68,0.08,4.66,8.48,6.31
301255.SZ,通力科技,71.94,73.1,4.06,3.81,4.2,3.36,1.19,67.57,26.21,13.39,-25.42,12.1,,23.84,0.2,6.04,19.17,17.13
003026.SZ,中晶科技,295.0,-1177.54,7.85,1.66,1.85,1.76,,0.0,34.46,7.11,150.99,13.53,,51.46,0.05,扣非亏损,扣非转亏,318.92
000981.SZ,山子高科,-17.35,-11.75,8.96,-23.94,-32.52,-4.67,,0.0,20.64,-22.04,48.75,-4.43,27.25,81.07,0.04,扣非亏损,扣非亏损,亏损
002935.SZ,天奥电子,317.55,86.99,4.39,0.95,1.03,0.45,0.44,32.51,26.49,2.76,-31.93,7.16,,42.15,0.06,12.14,91.64,308.3
000551.SZ,创元科技,17.68,24.12,1.97,8.43,8.68,5.9,0.67,18.21,23.25,9.71,63.2,10.53,1.43,43.65,0.22,2.29,2.86,2.04
603051.SH,鹿山新材,72.47,-282.42,2.09,1.34,2.34,2.0,,0.0,10.35,1.93,122.44,44.91,,49.51,0.16,扣非亏损,扣非转亏,61.94
301056.SZ,森赫股份,22.22,23.09,2.77,9.15,9.5,4.96,1.96,58.82,33.75,14.72,19.91,10.28,,38.45,0.17,2.25,2.52,2.34
600310.SH,广西能源,11.66,41.22,2.06,5.84,14.1,4.87,0.8,2727.27,28.4,18.91,284.4,-3.77,5.62,75.53,0.29,-10.93,7.05,0.83
300827.SZ,上能电气,43.89,46.88,8.63,15.8,15.76,4.56,0.33,12.35,25.32,9.8,50.81,77.94,,72.48,0.15,0.6,2.97,2.78
600740.SH,山西焦化,32.7,49.07,0.72,1.5,1.66,1.81,0.99,10.05,-18.99,4.56,-82.1,12.71,,40.77,0.07,3.86,32.75,19.7
300162.SZ,雷曼光电,-55.76,-27.42,3.43,-5.74,-4.46,-2.84,,0.0,24.8,-4.43,-182.01,15.02,3.48,44.68,0.09,扣非亏损,扣非亏损,亏损
603716.SH,塞力医疗,-20.79,-8.85,1.68,-2.29,-5.15,-0.11,,0.0,19.89,-2.36,-132.73,-0.66,6.49,63.47,0.16,扣非亏损,扣非亏损,亏损
300592.SZ,华凯易佰,21.7,28.42,2.47,8.56,8.71,5.71,1.61,32.55,35.13,3.07,-33.98,531.84,32.64,50.77,0.06,0.05,3.32,2.49
002644.SZ,佛慈制药,82.53,153.54,2.43,1.43,2.22,1.65,0.31,22.8,32.02,5.71,-48.7,19.54,0.5,27.42,0.08,7.86,107.15,37.18
603877.SH,太平鸟,47.96,47.97,1.6,-0.22,2.42,2.41,3.51,66.67,54.89,2.35,-107.23,-4.77,,44.48,0.07,-10.06,转盈,19.82
000679.SZ,大连友谊,-28.51,-26.92,5.4,-8.5,-13.27,-3.26,,0.0,23.68,-43.21,-92.26,-1.88,,77.88,0.09,扣非亏损,扣非亏损,亏损
002095.SZ,生意宝,-205.69,-163.28,4.49,-2.71,-1.61,-2.6,0.25,62.5,11.85,-5.9,-471.85,5.51,,21.18,0.11,扣非亏损,扣非亏损,亏损
603282.SH,亚光股份,20.23,20.58,1.72,6.38,6.35,2.99,2.59,28.68,35.85,15.97,-40.85,37.14,,56.5,0.43,0.55,3.22,3.19
838030.BJ,德众汽车,216.35,-52.9,2.82,0.44,0.98,1.44,,0.0,8.07,0.26,-48.85,9.41,,67.06,0.18,扣非亏损,扣非转亏,441.54
301348.SZ,蓝箭电子,45743.75,-1714.94,3.8,-0.21,0.01,-0.77,0.6,80.0,6.86,0.02,-107.59,0.07,,19.35,0.17,扣非亏损,扣非亏损,4574375.1
300393.SZ,中来股份,-19.91,-20.14,2.03,-8.33,-7.23,-1.71,1.33,28.75,9.8,-7.27,-164.43,35.67,,72.84,0.22,扣非亏损,扣非亏损,亏损
605005.SH,合兴股份,25.34,28.0,3.52,9.93,10.74,9.52,1.14,35.71,34.0,16.18,10.0,11.7,,19.62,0.04,2.39,2.82,2.36
300001.SZ,特锐德,41.28,39.97,3.56,5.66,6.59,2.5,0.5,20.83,20.52,4.13,122.13,25.07,2.4,67.12,0.06,1.59,7.06,6.26
301382.SZ,蜂助手,49.03,43.02,3.5,5.31,5.36,4.38,0.45,17.02,20.5,8.31,9.26,32.94,0.04,35.9,0.02,1.31,8.1,9.15
873001.BJ,纬达光电,102.07,154.95,4.3,2.93,3.18,3.1,0.65,47.62,30.1,14.19,-24.86,4.36,,10.15,0.18,35.53,52.87,32.1
835857.BJ,百甲科技,118.28,102.43,1.86,0.76,1.18,1.36,0.41,8.71,17.39,1.25,-73.27,1.99,,54.48,0.13,51.59,134.07,100.24
000039.SZ,中集集团,18.94,40.09,0.99,3.43,3.77,3.8,0.29,31.43,11.84,2.11,40.34,16.87,4.12,62.84,1.22,2.38,11.7,5.02
000993.SZ,闽东电力,27.22,145.62,1.67,4.65,4.63,4.36,1.96,39.22,51.69,25.27,-63.51,62.92,1.66,30.15,0.08,2.31,31.31,5.88
688252.SH,天德钰,36.43,47.31,4.48,8.25,9.55,7.12,0.28,20.0,21.38,12.94,137.12,35.73,,14.5,0.42,1.32,5.73,3.81
603585.SH,苏利股份,194.29,-296.08,0.94,0.29,0.35,0.8,0.35,45.45,14.21,0.51,-80.25,14.45,0.01,43.91,0.23,扣非亏损,扣非转亏,555.11
002121.SZ,科陆电子,-33.28,-12.9,8.37,-25.18,-17.5,0.3,,0.0,32.02,-6.26,-298.6,8.39,8.88,89.35,0.17,扣非亏损,扣非亏损,亏损
003038.SZ,鑫铂股份,27.51,24.27,1.64,3.94,4.32,2.11,1.16,19.23,7.45,2.2,-36.28,75.29,,68.82,0.65,0.32,6.17,6.37
600029.SH,南方航空,43.92,-16.8,2.98,-1.53,5.29,2.96,,0.0,10.34,2.74,-283.44,26.39,,82.42,0.14,扣非亏损,扣非亏损,16.6
002947.SZ,恒铭达,21.25,22.6,2.93,11.92,13.31,10.64,1.55,40.65,32.79,18.36,67.49,43.34,2.44,20.26,0.17,0.52,1.9,1.6
301580.SZ,爱迪特,30.56,,2.32,7.32,9.82,6.76,,0.0,52.92,17.13,,29.47,2.69,11.5,1.35,,,6.22
601100.SH,恒立液压,31.05,29.77,4.92,11.78,12.16,9.98,1.28,37.63,41.46,25.87,2.64,5.39,0.0,21.73,0.1,5.52,2.53,2.55
300711.SZ,广哈通信,179.68,83.48,7.16,2.44,2.96,2.01,0.75,40.7,59.42,8.96,21.31,13.54,,28.86,0.08,6.16,34.22,60.7
002055.SZ,得润电子,-26.06,-12.16,1.75,-5.88,-4.92,-1.59,,0.0,15.39,-6.35,-569.48,-5.42,14.72,69.98,0.05,扣非亏损,扣非亏损,亏损
300183.SZ,东软载波,70.61,138.1,2.49,2.11,2.66,2.24,0.66,75.7,39.91,10.62,20.82,4.03,6.47,11.21,0.22,34.23,65.35,26.55
002777.SZ,久远银海,324.66,201.35,4.97,0.43,1.14,0.53,0.48,29.27,42.63,2.03,-92.99,5.48,1.28,33.07,0.05,36.76,468.05,284.79
300240.SZ,飞力达,87.57,-47.14,1.81,-0.46,1.53,2.34,0.22,25.0,6.45,0.7,-177.64,19.7,1.48,56.53,0.22,扣非亏损,扣非亏损,57.24
300812.SZ,易天股份,-193.7,-158.37,4.14,-1.63,-1.58,-1.78,0.1,26.67,31.94,-4.51,-163.89,10.13,,40.67,0.02,扣非亏损,扣非亏损,亏损
871478.BJ,巨能股份,-286.08,-171.0,7.88,-4.89,-2.05,-0.87,,0.0,22.22,-3.22,-484.9,15.82,0.64,44.62,0.2,扣非亏损,扣非亏损,亏损
300068.SZ,南都电源,48.96,-49.32,2.96,0.78,4.52,2.37,0.5,162.5,10.26,2.87,-89.75,13.16,2.36,73.26,0.15,扣非亏损,扣非转亏,10.83
002112.SZ,三变科技,29.08,22.73,5.0,13.37,13.55,4.95,0.29,8.82,19.11,5.27,163.34,20.17,,71.76,0.06,1.13,1.7,2.15
603906.SH,龙蟠科技,-16.95,-8.07,2.01,-12.53,-9.14,-0.65,,0.0,11.76,-6.58,49.39,106.97,6.77,76.0,0.31,扣非亏损,扣非亏损,亏损
300617.SZ,安靠智电,26.58,31.62,1.7,4.03,4.9,4.46,0.59,14.63,40.75,20.2,-8.26,24.1,,24.34,0.03,1.31,7.84,5.42
600525.SH,长园集团,-100.35,-84.1,1.56,-1.46,-1.14,0.98,,0.0,36.1,-1.51,-182.91,11.67,19.02,67.72,0.41,扣非亏损,扣非亏损,亏损
002399.SZ,海普瑞,15.7,-37.43,1.34,3.57,6.43,5.2,,0.0,33.2,19.15,402.43,2.64,18.81,32.6,0.16,扣非亏损,扣非转亏,4.88
002765.SZ,蓝黛科技,42.48,-14.7,2.37,2.54,4.27,2.38,,0.0,13.35,4.01,72.9,6.51,5.26,53.41,0.1,扣非亏损,扣非转亏,19.9
002822.SZ,ST中装,-2.26,-1.75,1.33,-32.97,-32.9,-8.6,,0.0,-13.89,-42.27,-698.25,-10.16,8.65,70.82,0.12,扣非亏损,扣非亏损,亏损
000721.SZ,西安饮食,-43.47,-35.2,15.43,-24.1,-23.49,-4.48,,0.0,2.37,-17.57,-30.54,26.89,,76.95,0.02,扣非亏损,扣非亏损,亏损
603115.SH,海星股份,23.33,20.53,1.64,4.86,5.1,4.74,3.42,87.72,21.02,7.39,70.66,14.57,,20.22,0.19,1.41,4.22,4.57
301279.SZ,金道科技,48.98,51.68,1.62,2.46,2.47,1.7,1.21,61.22,17.41,6.91,-12.64,7.5,,21.53,0.44,6.89,21.01,19.83
600869.SH,远东股份,-82.48,-56.07,2.44,-2.46,-2.17,0.66,1.59,48.61,10.31,-0.82,-134.67,7.37,13.49,78.68,0.26,扣非亏损,扣非亏损,亏损
688621.SH,阳光诺和,17.25,22.32,4.22,18.58,19.74,11.57,0.24,10.0,52.15,22.23,20.19,38.98,2.31,45.65,0.13,0.57,1.2,0.87
002387.SZ,维信诺,-7.8,-5.86,3.02,-27.46,-25.2,-4.29,,0.0,-8.05,-37.41,23.76,10.63,8.63,77.85,0.36,扣非亏损,扣非亏损,亏损
836077.BJ,吉林碳谷,70.99,-298.53,3.13,2.13,3.3,2.76,0.6,24.24,17.15,7.04,-83.11,26.78,,57.16,0.03,扣非亏损,扣非转亏,21.51
002067.SZ,景兴纸业,63.44,242.73,0.78,0.14,0.9,1.3,0.74,31.25,6.64,1.21,-62.75,5.12,,33.43,0.27,47.38,1771.73,70.48
300377.SZ,赢时胜,-1177.24,490.58,7.36,-0.49,-0.46,-0.86,0.52,44.44,44.23,-1.87,-203.6,24.07,0.24,8.29,0.01,20.38,扣非亏损,亏损
300390.SZ,天华新能,19.65,54.45,2.03,5.06,7.66,6.86,3.94,50.25,18.62,20.49,-60.7,173.82,1.92,18.7,0.24,0.31,10.77,2.57
837403.BJ,康农种业,95.35,29.57,2.93,-0.64,2.4,1.52,1.37,14.81,41.96,19.16,-151.55,45.85,,46.86,0.49,0.64,转盈,39.73
000538.SZ,云南白药,18.32,25.32,2.61,10.61,10.82,8.93,4.23,90.7,28.4,14.47,10.68,6.2,0.26,27.1,0.13,4.08,2.39,1.69
300434.SZ,金石亚药,45.51,102.69,1.46,2.16,2.39,2.72,0.99,35.48,55.38,7.39,-60.52,16.93,4.48,14.04,0.12,6.06,47.5,19.04
002789.SZ,建艺集团,327.26,-2.95,54.97,-55.63,12.38,2.03,,0.0,13.17,0.7,-527.25,61.11,110.75,97.14,0.62,扣非亏损,扣非亏损,52.87
600228.SH,返利科技,-660.79,79.52,5.74,-0.49,-0.24,-0.62,,0.0,48.28,-1.7,47.63,-13.05,,19.77,0.13,-6.09,扣非亏损,亏损
000688.SZ,国城矿业,224.47,124.0,5.34,1.96,1.72,1.8,0.17,31.47,33.26,4.45,3351.05,18.72,5.7,62.61,0.01,6.62,63.38,130.51
600549.SH,厦门钨业,16.02,19.16,2.48,10.55,12.02,7.04,2.33,35.24,18.44,8.38,15.37,33.69,0.07,51.27,0.12,0.57,1.82,1.33
002959.SZ,小熊电器,29.21,29.29,2.66,4.64,6.56,4.06,2.31,42.16,35.62,5.95,-52.99,9.05,1.49,49.49,0.2,3.24,6.31,4.45
301004.SZ,嘉益股份,15.36,16.3,6.48,35.15,35.92,31.36,4.4,42.46,39.54,26.75,61.7,73.57,,26.27,0.06,0.22,0.46,0.43
300605.SZ,恒锋信息,-63.54,-68.23,3.95,-4.74,-4.32,-1.74,0.27,40.0,28.21,-13.72,-285.95,0.03,0.17,58.81,0.05,扣非亏损,扣非亏损,亏损
002846.SZ,英联股份,1301.65,559.67,2.59,-0.11,0.15,1.04,0.22,59.55,10.75,0.05,66.85,11.13,2.29,57.34,0.05,50.27,转盈,8677.65
000802.SZ,北京文化,-92.42,-25.97,4.06,-3.86,-3.24,-0.87,,0.0,23.61,-40.17,-5.11,117.24,7.76,53.51,0.0,扣非亏损,扣非亏损,亏损
600882.SH,妙可蓝多,81.92,130.28,2.12,1.43,1.82,2.08,,0.0,28.93,2.37,3354.68,16.33,8.76,43.36,0.1,7.98,181.82,90.02
603139.SH,康惠制药,-29.66,-18.31,1.66,-4.78,-4.12,-1.17,,0.0,32.15,-11.81,-900.32,18.29,1.82,51.46,0.08,扣非亏损,扣非亏损,亏损
688608.SH,恒玄科技,75.54,137.18,4.54,3.77,4.62,3.93,0.1,15.48,33.76,11.69,351.55,32.35,,8.19,0.11,4.24,36.38,16.35
603918.SH,金桥信息,-54.09,-77.43,5.04,-7.01,-6.68,-5.51,0.21,57.14,26.55,-20.25,-1246.76,-1.13,,36.38,0.12,扣非亏损,扣非亏损,亏损
600606.SH,绿地控股,105.14,-2.76,0.41,0.5,0.29,0.57,,0.0,10.79,0.18,-81.26,-5.95,2.18,86.62,0.73,扣非亏损,扣非转亏,725.08
301633.SZ,港迪技术,80.51,57.07,7.0,13.85,14.15,8.51,,0.0,45.49,15.56,112.64,7.83,,46.7,0.07,7.29,8.24,11.38
601611.SH,中国核建,14.0,14.66,1.35,5.06,7.02,1.79,1.26,14.74,10.2,2.48,10.55,14.58,0.01,81.2,0.46,1.0,2.9,1.99
002810.SZ,山东赫达,18.28,28.72,2.26,8.31,9.15,6.52,0.94,31.25,27.1,13.8,-21.45,6.65,6.2,43.43,0.08,4.32,3.45,2.0
603825.SH,华扬联众,-10.54,-4.17,4.25,-26.09,-26.69,-6.76,,0.0,15.28,-12.23,-92.18,-8.82,4.67,78.37,0.09,扣非亏损,扣非亏损,亏损
600135.SH,乐凯胶片,-48.33,-24.1,1.52,-2.95,-2.33,-2.09,,0.0,13.32,-5.14,-394.21,-0.52,,15.59,0.12,扣非亏损,扣非亏损,亏损
600078.SH,澄星股份,-45.25,-43.62,2.35,-5.56,-3.73,0.71,0.37,-33.77,7.2,-0.8,3.59,3.58,0.04,57.87,0.11,扣非亏损,扣非亏损,亏损
873223.BJ,荣亿精密,-78.24,-72.87,7.9,-8.15,-7.3,-5.52,,0.0,11.99,-9.9,13.47,15.65,,41.73,0.03,扣非亏损,扣非亏损,亏损
600995.SH,南网储能,24.47,26.91,1.58,4.98,4.92,4.22,0.97,29.73,51.21,28.42,29.23,-5.4,,48.34,0.4,-4.98,5.4,4.97
834021.BJ,流金科技,-338.76,-369.53,3.78,-1.23,-0.83,-0.56,0.35,28.57,21.15,-1.74,-258.6,-2.05,0.02,40.2,0.11,扣非亏损,扣非亏损,亏损
834033.BJ,康普化学,27.75,26.16,4.08,11.24,11.34,10.9,0.88,12.2,44.82,27.83,-26.72,28.66,,16.73,0.03,0.91,2.33,2.45
000514.SZ,渝开发,-67.37,111.8,1.11,-1.93,-1.24,-0.54,0.29,9.58,23.55,-18.5,-335.84,38.04,,45.99,0.17,2.94,扣非亏损,亏损
832735.BJ,德源药业,17.54,16.76,2.58,10.89,11.62,10.8,1.12,20.0,84.37,17.66,48.65,21.61,,20.66,0.13,0.78,1.54,1.51
300171.SZ,东富龙,49.44,67.13,1.29,1.68,1.94,1.28,1.33,30.28,29.49,4.45,-75.5,29.48,2.0,38.44,0.33,2.28,39.93,25.49
300800.SZ,力合科技,90.84,148.58,1.3,0.44,1.06,0.41,1.33,91.0,34.65,3.91,-51.05,1.38,,15.02,0.13,108.03,335.63,85.7
002790.SZ,瑞尔特,19.5,21.86,1.57,5.41,5.99,4.92,2.39,47.17,28.48,7.31,-30.63,20.61,0.04,19.09,0.36,1.06,4.04,3.26
920111.BJ,聚星科技,47.83,53.35,6.25,,,,,0.0,,,,22.54,,,,2.37,,
300503.SZ,昊志机电,52.11,-38.62,4.74,4.19,7.09,4.64,,0.0,35.19,8.39,205.43,6.87,6.09,55.24,0.01,扣非亏损,扣非转亏,14.7
600172.SH,黄河旋风,-8.16,-5.31,2.24,-19.45,-18.65,-2.63,,0.0,10.31,-45.29,-18.87,-11.85,,75.22,0.08,扣非亏损,扣非亏损,亏损
688426.SH,康为世纪,-19.45,-14.24,1.62,-6.86,-5.97,-6.26,,0.0,63.55,-97.58,-99.64,10.7,0.07,7.24,0.33,扣非亏损,扣非亏损,亏损
300081.SZ,恒信东方,-22.81,-15.48,3.05,-9.64,-9.59,-8.13,,0.0,13.99,-61.24,-46.5,26.22,20.49,39.69,0.02,扣非亏损,扣非亏损,亏损
300446.SZ,航天智造,21.52,24.43,3.08,10.06,11.22,6.89,0.64,16.08,21.09,10.85,517.52,15.95,0.14,40.3,0.24,1.53,2.43,1.92
002490.SZ,ST墨龙,24.06,-3.98,4.28,-48.22,14.32,4.7,,0.0,4.33,6.43,11.29,-18.07,,82.28,0.06,扣非亏损,扣非亏损,3.36
301267.SZ,华厦眼科,33.2,36.79,3.21,7.27,7.35,7.69,0.34,13.92,46.03,13.9,-27.23,17.16,9.26,25.08,0.15,2.14,5.06,4.52
688061.SH,灿瑞科技,-113.5,-93.99,1.4,-1.97,-0.92,-1.27,0.08,37.5,26.71,-5.53,-4.82,24.16,1.12,8.11,0.26,扣非亏损,扣非亏损,亏损
300389.SZ,艾比森,27.96,27.22,2.84,5.27,8.07,2.05,1.73,34.39,28.14,3.99,-59.38,35.05,,56.66,0.19,0.78,5.16,3.47
002100.SZ,天康生物,12.04,-28.24,1.31,8.15,8.46,4.09,,0.0,11.99,4.24,206.35,17.1,2.1,49.89,0.4,扣非亏损,扣非转亏,2.85
600537.SH,亿晶光电,-5.13,-4.77,2.0,-25.68,-25.56,-5.68,,0.0,-9.94,-24.62,-270.25,42.38,,72.0,0.28,扣非亏损,扣非亏损,亏损
601188.SH,龙江交通,24.42,44.95,1.06,3.4,3.25,3.27,1.59,60.89,45.73,35.33,-19.01,8.97,0.28,10.61,0.21,5.01,13.21,7.51
002960.SZ,青鸟消防,18.81,18.83,1.38,4.88,5.46,4.73,2.53,38.89,37.6,10.05,-36.65,26.73,8.16,22.9,0.27,0.7,3.86,3.45
688231.SH,隆达股份,47.6,187.33,1.39,1.64,2.17,1.38,0.55,54.55,15.45,5.71,-16.72,30.84,,23.64,0.15,6.07,114.06,21.93
002753.SZ,永东股份,22.44,20.1,1.08,3.53,3.56,3.34,1.66,50.78,5.23,2.59,40.35,26.11,,28.7,0.04,0.77,5.7,6.3
300239.SZ,东宝生物,36.07,40.08,1.88,3.5,3.93,2.86,0.35,10.89,22.62,11.3,-34.05,31.27,,36.68,0.2,1.28,11.43,9.18
832885.BJ,星辰科技,177.67,226.69,7.62,2.57,3.24,1.9,0.36,47.3,42.1,12.14,116.9,-0.07,,25.63,0.09,-3055.06,88.35,54.84
000652.SZ,泰达股份,36.32,172.81,1.16,0.91,2.41,1.27,1.03,32.28,3.55,0.18,-25.71,3.99,,84.55,0.49,43.28,189.44,15.07
002696.SZ,百洋股份,-43.49,-28.4,1.3,-2.19,-2.21,-0.98,,0.0,7.64,-1.41,-315.08,4.1,2.35,51.99,0.35,扣非亏损,扣非亏损,亏损
002996.SZ,顺博合金,20.53,22.42,1.43,2.7,5.43,3.21,0.92,35.71,3.17,1.63,387.51,41.28,,73.31,0.81,0.54,8.29,3.78
600331.SH,宏达股份,558.95,707.95,42.12,15.33,6.12,3.1,,0.0,9.6,0.88,172.49,10.5,,82.5,0.02,67.41,92.35,182.66
600857.SH,宁波中百,-148.66,81.95,1.88,1.5,-0.94,-1.58,0.9,31.48,5.92,-1.14,-52.28,17.73,,15.04,0.29,4.62,54.58,亏损
688633.SH,星球石墨,29.02,35.98,2.47,5.34,6.32,4.38,1.44,26.32,43.15,21.84,-21.02,12.29,,45.79,0.04,2.93,6.74,4.59
002136.SZ,安纳达,40.8,141.24,1.84,3.35,3.42,0.36,0.86,33.33,5.58,1.35,-55.11,30.95,,28.9,0.15,4.56,42.12,11.93
002079.SZ,苏州固锝,172.06,167.62,3.11,0.6,1.37,1.65,0.34,19.99,10.47,0.9,-82.3,31.42,0.01,31.56,0.06,5.33,277.15,125.59
600501.SH,航天晨光,-38.44,-61.9,3.98,-7.93,-7.47,-2.92,0.44,35.32,11.89,-12.54,-1470.08,1.32,0.01,57.7,0.04,扣非亏损,扣非亏损,亏损
688333.SH,铂力特,356.25,192.83,2.63,-0.54,0.56,0.03,0.13,16.4,40.37,3.65,-280.56,44.83,,30.47,0.12,4.3,转盈,636.16
002741.SZ,光华科技,749.75,-48.14,3.32,0.44,0.5,0.69,,0.0,9.98,0.37,102.07,12.61,,56.39,0.04,扣非亏损,扣非转亏,2999.0
001278.SZ,一彬科技,34.91,31.51,1.54,2.82,3.32,1.79,0.39,10.82,20.31,2.68,-36.44,16.63,,60.13,0.8,1.9,11.17,10.52
002489.SZ,浙江永强,10.75,79.4,1.71,3.07,12.62,7.45,0.33,50.0,21.87,14.86,112.37,8.07,0.18,38.49,0.21,9.84,25.83,0.85
600066.SH,宇通客车,15.65,18.78,3.91,15.4,17.83,8.68,11.32,182.93,21.33,10.21,164.12,8.31,0.0,56.75,0.1,2.26,1.22,0.88
603378.SH,亚士创能,-120.8,-30.47,1.81,-2.16,-1.08,0.66,0.52,31.36,23.15,-1.08,-151.03,0.15,,74.94,0.14,扣非亏损,扣非亏损,亏损
002080.SZ,中材科技,27.7,28.47,1.23,1.76,3.29,2.07,3.52,42.25,17.81,4.52,-78.4,5.6,0.18,54.73,0.07,5.08,16.17,8.42
688012.SH,中微公司,110.0,105.33,7.13,4.45,4.96,3.8,0.33,10.38,42.22,16.56,10.88,40.46,,25.85,0.05,2.6,23.67,22.18
003035.SZ,南网能源,87.22,159.26,2.58,2.15,2.24,2.27,0.17,11.38,35.43,7.38,-57.12,14.4,0.3,61.25,0.11,11.06,74.09,38.94
300905.SZ,宝丽迪,51.22,58.79,3.02,3.91,4.37,4.54,2.58,80.65,17.79,7.84,9.75,22.92,11.86,10.1,0.04,2.56,15.05,11.72
301186.SZ,超达装备,29.22,32.02,2.34,5.87,5.95,4.09,2.43,42.75,34.32,14.94,0.78,12.13,,37.34,0.85,2.64,5.45,4.91
831167.BJ,鑫汇科,69.88,126.06,4.84,3.86,5.2,1.68,1.03,42.55,15.28,2.78,-20.93,-0.15,3.6,53.5,0.12,-844.18,32.66,13.44
870726.BJ,鸿智科技,41.21,35.66,4.6,8.67,8.62,6.36,4.2,33.33,18.04,6.39,-13.92,-0.75,,24.77,0.57,-47.6,4.11,4.78
688267.SH,中触媒,26.03,31.92,1.46,4.05,4.22,4.1,1.04,45.45,38.9,21.73,183.56,13.43,0.08,7.16,0.13,2.38,7.89,6.17
301361.SZ,众智科技,45.42,55.08,2.77,3.68,4.67,4.75,0.29,11.11,56.84,32.52,9.84,8.03,,3.9,0.24,6.86,14.96,9.73
920118.BJ,太湖远大,22.9,21.74,2.49,9.17,10.24,5.28,,0.0,9.08,3.87,-15.41,9.43,,54.64,0.28,2.31,4.74,4.47
000757.SZ,浩物股份,-69.06,-23.06,1.42,-1.61,-1.52,-0.34,,0.0,10.73,-0.91,53.53,-0.53,,39.1,0.34,扣非亏损,扣非亏损,亏损
605196.SH,华通线缆,16.78,17.92,2.02,9.2,9.33,6.95,0.92,10.0,16.44,5.89,-5.74,17.22,0.02,53.29,0.17,1.04,1.95,1.8
300158.SZ,振东制药,93.4,-44.4,0.98,-0.59,0.78,0.85,,0.0,50.87,1.61,10.42,-8.16,0.79,13.63,0.07,扣非亏损,扣非亏损,239.47
870357.BJ,雅葆轩,41.68,50.1,5.43,8.21,9.41,8.63,1.5,74.07,20.6,13.27,61.08,64.3,,26.2,0.09,0.78,6.1,4.43
300527.SZ,中船应急,1298.82,-94.43,3.57,-0.17,0.2,0.35,,0.0,23.18,0.7,98.28,-23.63,,32.06,0.14,扣非亏损,扣非亏损,12988.23
833030.BJ,立方控股,-32.81,-62.0,3.74,-8.98,-7.94,-6.86,1.31,40.82,50.06,-25.67,-470.47,1.37,,23.25,0.17,扣非亏损,扣非亏损,亏损
300410.SZ,正业科技,-15.92,-8.61,7.45,-32.77,-29.85,-4.53,,0.0,26.79,-26.87,-63.54,-11.22,,84.75,0.05,扣非亏损,扣非亏损,亏损
603002.SH,宏昌电子,121.16,113.11,1.73,0.88,1.06,0.56,0.8,55.56,6.56,2.27,-47.91,6.6,,25.27,0.22,17.13,128.55,114.3
002526.SZ,山东矿机,33.56,150.09,1.57,3.04,3.54,3.05,0.79,23.0,21.08,6.69,-52.8,8.91,,35.69,0.1,16.84,49.42,9.48
301357.SZ,北方长龙,-247.25,-224.16,3.04,-1.33,-0.92,-1.36,0.1,26.32,46.87,-22.13,-118.01,-16.14,,9.53,0.45,扣非亏损,扣非亏损,亏损
002205.SZ,国统股份,-39.49,-15.27,2.7,-5.18,-5.04,0.88,,0.0,28.6,-8.31,75.4,-18.78,,81.76,0.05,扣非亏损,扣非亏损,亏损
301292.SZ,海科新源,-11.97,-13.35,1.18,-7.36,-7.08,-2.87,,0.0,-0.09,-9.63,-576.09,31.54,,61.53,1.24,扣非亏损,扣非亏损,亏损
002031.SZ,巨轮智能,1168.96,-315.49,3.74,-0.08,0.24,1.28,,0.0,17.99,0.33,95.65,-14.14,,44.15,0.02,扣非亏损,扣非亏损,9741.35
688321.SH,微芯生物,-134.23,-115.83,6.02,-3.44,-3.04,-0.95,,0.0,87.58,-10.62,70.58,27.23,,50.77,0.04,扣非亏损,扣非亏损,亏损
300264.SZ,佳创视讯,-64.7,-49.33,55.14,-55.21,-48.41,-8.78,,0.0,11.63,-42.64,21.31,1.31,15.42,84.04,0.02,扣非亏损,扣非亏损,亏损
600241.SH,时代万恒,85.45,63.67,1.84,1.6,1.63,1.14,,0.0,30.93,6.41,-57.52,13.7,,11.53,0.22,4.65,79.35,104.85
600054.SH,黄山旅游,22.24,32.97,1.83,5.97,6.25,7.91,1.92,36.03,53.41,22.15,-33.12,50.47,1.14,15.22,0.18,0.65,5.52,3.56
833394.BJ,民士达,36.97,46.46,5.09,9.51,10.56,8.85,1.06,32.44,37.53,23.73,27.3,29.06,,18.82,0.24,1.6,4.89,3.5
000708.SZ,中信特钢,12.06,12.81,1.58,9.55,9.85,4.48,4.02,49.97,12.37,4.82,-10.71,14.42,0.04,62.3,0.11,0.89,1.34,1.22
688073.SH,毕得医药,34.71,52.52,1.94,3.54,4.15,4.07,1.62,74.38,41.17,10.33,-40.18,41.12,,15.06,0.48,1.28,14.83,8.36
600562.SH,国睿科技,46.86,41.61,4.01,6.37,6.51,4.72,1.05,30.21,40.16,18.54,-6.43,-3.02,,33.7,0.03,-13.76,6.53,7.2
603813.SH,原尚股份,-31.19,-58.06,2.08,-4.67,-4.74,-1.03,1.55,-312.5,17.14,-14.02,-83.29,0.1,,54.58,0.1,扣非亏损,扣非亏损,亏损
301198.SZ,喜悦智行,223.15,1653.85,1.94,0.36,0.64,0.85,0.99,57.14,18.17,2.38,-89.83,15.91,,26.37,0.34,103.97,4600.41,348.67
688255.SH,凯尔达,66.02,92.89,2.48,2.07,2.82,2.05,0.61,65.22,20.64,6.48,453.88,-4.6,,15.22,0.1,-20.18,44.88,23.41
300252.SZ,金信诺,817.12,-16.36,2.82,-2.45,0.26,0.57,,0.0,17.25,-1.49,-116.97,3.72,3.91,54.72,0.09,扣非亏损,扣非亏损,6285.54
688085.SH,三友医疗,464.84,404.66,2.78,0.14,0.45,0.47,0.4,20.53,69.68,2.46,-94.5,10.77,16.83,10.49,0.08,37.58,2882.2,1032.98
301373.SZ,凌玮科技,22.9,24.2,1.87,5.75,6.22,6.25,2.02,25.42,44.8,27.69,10.81,10.34,0.02,8.14,0.34,2.34,4.21,3.68
300422.SZ,博世科,-34.91,-8.67,1.25,-5.4,-2.76,0.83,,0.0,18.26,-5.27,3.18,-17.45,1.36,77.5,0.09,扣非亏损,扣非亏损,亏损
300515.SZ,三德科技,23.88,36.65,3.35,9.71,10.75,7.41,1.26,55.53,58.63,23.33,74.77,13.58,,33.41,0.02,2.7,3.77,2.22
002124.SZ,ST天邦,3.95,-6.03,1.99,4.61,46.45,10.58,,0.0,15.65,18.79,107.92,-1.46,7.19,73.85,0.02,扣非亏损,扣非转亏,0.17
688162.SH,巨一科技,-114.46,-17.95,1.32,-1.97,-0.86,-0.16,,0.0,14.94,-0.84,57.99,37.37,0.27,68.03,0.55,扣非亏损,扣非亏损,亏损
600160.SH,巨化股份,34.44,43.82,3.38,7.15,7.57,6.35,0.67,31.43,16.95,7.76,71.89,9.21,2.79,33.87,0.02,4.76,6.13,4.55
688657.SH,浩辰软件,61.26,75.55,2.03,2.12,2.47,1.49,1.21,67.57,91.31,17.56,-27.82,8.72,,4.93,0.59,8.66,35.59,24.8
600225.SH,*ST卓朗,-16.79,-11.79,3.18,-12.9,-12.88,-2.34,,0.0,3.75,-33.53,-543.88,-14.94,22.69,72.07,0.01,扣非亏损,扣非亏损,亏损
300917.SZ,特发服务,92.68,94.97,9.42,7.14,7.74,6.1,0.87,30.99,11.09,4.49,7.21,31.06,1.82,39.54,0.05,3.06,13.3,11.97
600550.SH,保变电气,151.04,-264.79,28.82,13.91,15.39,2.51,,0.0,16.22,3.13,193.34,-4.98,,89.98,0.04,扣非亏损,扣非转亏,19.63
600776.SH,东方通信,107.89,-3234.38,4.31,-0.48,3.0,2.64,0.54,50.12,9.83,5.19,-69.73,-0.09,0.2,19.92,0.06,扣非亏损,扣非亏损,35.96
688348.SH,昱能科技,46.27,60.03,2.51,3.76,4.15,4.1,0.82,50.76,32.57,10.12,-10.97,47.74,,24.19,0.21,1.26,15.95,11.15
000676.SZ,智度股份,58.74,165.4,3.08,1.66,3.97,4.24,,0.0,16.11,9.51,-42.8,-30.54,8.38,15.53,0.1,-5.42,199.54,29.59
000526.SZ,学大教育,22.32,27.85,6.48,22.85,25.43,7.52,,0.0,34.98,7.7,40.45,-0.58,150.42,79.44,0.17,-47.8,2.44,1.76
002514.SZ,宝馨科技,-23.85,-16.65,6.68,-18.4,-19.04,-5.64,,0.0,5.03,-76.02,-264.55,6.91,,61.09,0.01,扣非亏损,扣非亏损,亏损
600159.SH,大龙地产,-108.08,-6.3,1.16,-0.82,-0.8,-0.27,,0.0,10.16,-2.74,-652.11,1.7,,42.57,0.15,扣非亏损,扣非亏损,亏损
603801.SH,志邦家居,16.48,12.82,1.77,7.06,8.04,4.47,4.17,51.35,36.83,7.24,-28.32,17.42,,47.83,0.13,0.74,1.82,2.05
002092.SZ,ST中泰,-24.84,-5.41,0.52,-1.86,-1.54,0.57,,0.0,16.56,-1.89,65.25,-21.69,0.01,64.04,0.58,扣非亏损,扣非亏损,亏损
301280.SZ,珠城科技,23.64,25.6,2.43,7.3,7.83,6.62,2.43,66.67,24.63,12.62,26.9,21.36,,24.56,0.17,1.2,3.5,3.02
301588.SZ,美新科技,46.8,,2.86,5.86,5.26,5.25,,22.35,32.93,6.44,,6.29,,42.39,0.63,,,8.9
600318.SH,新力金融,107.89,217.05,4.5,3.07,3.18,3.81,,0.0,82.0,35.14,-11.78,-11.08,2.64,49.49,0.05,-19.58,141.45,67.86
605228.SH,神通科技,196.05,86.6,2.86,0.91,1.06,0.51,0.61,30.77,20.1,1.71,-20.46,3.68,,45.85,0.12,23.56,94.85,184.95
603687.SH,大胜达,37.75,63.21,1.28,1.76,2.56,2.17,0.42,24.36,17.46,6.02,2.17,14.9,11.32,20.33,0.32,4.24,35.87,14.75
301345.SZ,涛涛车业,17.21,18.67,2.28,9.87,10.09,9.4,2.46,54.74,36.32,13.57,51.54,18.19,,32.91,0.91,1.03,1.89,1.71
600935.SH,华塑股份,-31.82,-62.39,1.47,-3.56,-3.38,-2.58,0.09,34.88,8.3,-5.63,-256.75,5.06,,40.06,0.1,扣非亏损,扣非亏损,亏损
000615.SZ,ST美谷,-18.47,-5.84,16.45,-64.54,-48.39,-0.9,,0.0,26.91,-11.45,-50.05,-12.21,148.72,88.02,0.05,扣非亏损,扣非亏损,亏损
002607.SZ,中公教育,87.2,-65.53,26.59,24.26,25.82,5.17,,0.0,59.76,8.01,-34.73,-34.84,13.58,88.74,0.01,扣非亏损,扣非转亏,6.75
002659.SZ,凯文教育,-101.33,-62.41,1.38,-1.08,-1.01,0.43,,0.0,29.6,-9.14,14.54,-1.08,9.02,25.94,0.09,扣非亏损,扣非亏损,亏损
832978.BJ,开特股份,23.7,25.85,4.75,13.92,14.96,11.27,3.55,40.38,32.48,17.1,15.83,31.03,,38.1,0.05,0.83,1.86,1.58
688584.SH,上海合晶,139.78,148.89,3.6,2.02,1.76,2.11,,72.8,28.75,9.34,-62.28,-13.38,0.0,10.08,1.04,-11.13,73.71,79.42
301109.SZ,军信股份,12.7,14.71,1.33,7.27,7.79,6.68,5.7,71.81,42.96,29.1,1.77,26.79,,41.86,1.02,0.55,2.02,1.63
301539.SZ,宏鑫科技,69.8,,3.98,5.94,5.25,2.69,,30.3,15.36,4.42,,0.54,,50.98,0.31,,,13.3
600643.SH,爱建集团,27.91,416.79,0.74,1.96,1.98,1.9,0.39,32.26,23.33,20.45,-21.41,-5.43,0.35,46.98,0.13,-76.73,212.93,14.1
601963.SH,重庆银行,5.49,6.4,0.61,7.46,8.57,,5.86,30.0,,44.25,5.05,0.71,,92.36,,9.04,0.86,0.64
300122.SZ,智飞生物,25.02,19.51,2.28,6.81,6.78,4.87,1.31,23.79,27.23,9.44,-66.41,54.97,0.06,41.46,0.08,0.35,2.86,3.69
688308.SH,欧科亿,27.16,56.22,1.26,2.3,3.44,2.88,1.25,33.33,25.83,10.0,-54.77,14.95,,34.49,0.1,3.76,24.43,7.9
603955.SH,大千生态,182.66,-43.29,2.41,0.99,0.99,-0.04,,0.0,23.34,34.16,49.4,-48.36,,32.93,0.06,扣非亏损,扣非转亏,369.02
300552.SZ,万集科技,-24.15,-17.61,3.69,-11.24,-10.85,-7.2,,0.0,26.16,-37.4,-15.0,-15.55,0.26,32.86,0.03,扣非亏损,扣非亏损,亏损
301333.SZ,诺思格,47.49,55.0,2.98,3.76,4.74,4.31,0.31,9.62,39.19,15.29,-32.35,14.51,4.79,22.19,0.22,3.79,14.63,10.02
603663.SH,三祥新材,77.08,117.68,6.05,5.36,5.91,4.79,0.68,39.47,26.5,9.39,-14.14,13.97,2.66,35.59,0.01,8.42,21.96,13.04
688292.SH,浩瀚深度,72.22,91.91,3.4,2.83,3.38,2.71,0.44,30.0,54.2,12.6,-19.24,12.4,9.16,18.27,0.1,7.41,32.5,21.37
002173.SZ,创新医疗,-98.42,-82.25,1.98,-1.69,-1.5,-1.54,,0.0,10.02,-4.54,-109.87,3.83,0.05,16.96,0.16,扣非亏损,扣非亏损,亏损
603091.SH,众鑫股份,13.66,,2.25,14.61,19.43,13.69,,0.0,34.57,20.55,35.78,0.78,,24.11,0.92,,,1.41
002229.SZ,鸿博股份,-87.06,-65.36,4.86,-5.47,-4.08,-1.77,,0.0,8.29,-13.96,-87.38,9.94,3.41,52.59,0.07,扣非亏损,扣非亏损,亏损
600265.SH,景谷林业,-135.53,-84.66,13.74,-10.44,-1.22,-0.11,,0.0,5.24,-3.9,-1877.14,191.33,27.07,65.06,0.01,扣非亏损,扣非亏损,亏损
002895.SZ,川恒股份,12.46,12.19,1.96,11.06,11.51,7.51,5.26,65.5,35.29,16.88,31.63,34.64,,45.55,0.17,0.35,1.1,1.08
003011.SZ,海象新材,774.54,-18.84,1.24,0.37,0.12,0.92,4.24,133.33,27.73,0.16,-96.2,12.22,,37.8,0.24,扣非亏损,扣非转亏,6454.52
002465.SZ,海格通信,125.22,90.21,2.43,0.65,1.45,0.7,1.17,50.0,29.97,5.77,-70.62,8.1,7.95,36.29,0.14,11.14,139.38,86.36
002161.SZ,远望谷,50.21,-1456.42,2.71,-2.95,4.16,3.69,0.33,47.37,41.24,16.85,-46.69,8.86,9.0,44.03,0.08,扣非亏损,扣非亏损,12.07
301053.SZ,远信工业,37.11,60.97,2.84,4.55,5.86,3.19,0.29,36.36,26.0,8.86,90.44,8.28,,49.27,0.21,7.37,13.39,6.33
300621.SZ,维业股份,128.82,-437.74,2.56,1.63,1.55,1.13,0.09,25.0,5.24,0.14,-31.33,55.88,,93.79,0.64,扣非亏损,扣非转亏,83.11
300994.SZ,久祺股份,23.83,32.27,2.35,6.64,7.27,4.3,2.48,79.35,13.63,4.55,-11.45,3.6,,44.04,0.57,8.97,4.86,3.28
300564.SZ,筑博设计,1687.51,-586.76,2.14,-2.69,0.09,0.02,3.71,98.04,24.33,0.38,-1135.77,-10.01,,24.04,0.23,扣非亏损,扣非亏损,18750.08
002591.SZ,恒大高新,82.05,-28.56,2.27,-1.61,2.09,2.1,,0.0,14.79,4.6,12.85,15.01,,22.78,0.04,扣非亏损,扣非亏损,78.52
603297.SH,永新光学,53.4,61.11,5.37,6.45,7.64,6.23,0.96,44.63,39.07,21.48,1.36,15.08,,15.96,0.07,4.05,9.48,6.99
000838.SZ,财信发展,-388.46,-8.63,4.63,-0.94,-0.89,0.14,,0.0,8.63,-0.55,-111.56,-12.56,,73.66,0.04,扣非亏损,扣非亏损,亏损
000851.SZ,ST高鸿,-49.42,-2.36,1.47,-7.05,-2.19,-0.39,,0.0,5.54,-4.57,-552.61,-3.83,8.9,49.18,0.07,扣非亏损,扣非亏损,亏损
000421.SZ,南京公用,-180.12,-25.17,1.31,-0.49,-0.54,0.38,1.43,-64.06,13.42,-0.31,-171.57,5.26,,76.01,0.44,扣非亏损,扣非亏损,亏损
600488.SH,津药药业,19.16,32.54,1.56,6.11,6.21,4.36,1.78,81.31,44.43,9.29,27.3,7.07,,35.61,0.17,4.6,5.32,3.09
300134.SZ,大富科技,-34.94,-27.45,2.48,-5.45,-5.2,-3.36,,0.0,19.96,-12.33,-458.52,3.43,0.11,26.54,0.06,扣非亏损,扣非亏损,亏损
605289.SH,罗曼股份,123.46,173.41,1.98,0.75,1.19,0.78,0.43,33.78,21.45,2.52,-86.78,20.11,7.45,47.38,0.11,8.62,229.86,103.75
001230.SZ,劲旅环境,15.26,16.83,1.28,5.96,6.37,5.32,1.49,30.17,26.09,11.45,40.19,6.4,,38.07,0.37,2.63,2.82,2.4
600201.SH,生物股份,33.65,56.13,1.4,2.72,3.15,2.26,0.74,30.77,56.2,17.54,-44.8,0.97,0.21,19.61,0.17,58.1,20.67,10.68
830946.BJ,森萱医药,39.22,40.77,4.12,7.62,7.93,6.75,1.6,50.78,43.54,24.11,-11.13,2.66,,6.75,0.14,15.32,5.35,4.95
300053.SZ,航宇微,-132.76,-19.29,5.41,-3.62,-2.73,-2.12,,0.0,42.54,-30.05,-266.48,-25.32,1.53,24.82,0.02,扣非亏损,扣非亏损,亏损
000055.SZ,方大集团,22.86,28.96,0.76,2.35,2.5,1.66,1.77,32.0,18.05,4.71,-44.77,12.76,,55.04,0.51,2.27,12.3,9.15
300969.SZ,恒帅股份,31.4,33.41,5.56,13.27,14.01,12.65,0.45,15.81,35.63,23.22,9.82,40.91,,17.35,0.16,0.82,2.52,2.24
300970.SZ,华绿生物,-33.58,-21.29,1.04,-2.39,-2.34,-1.44,1.16,76.92,5.01,-4.63,-147.84,19.14,,34.78,0.28,扣非亏损,扣非亏损,亏损
000627.SZ,天茂集团,-48.39,-27.83,0.99,-1.57,-1.57,,,0.0,,-1.92,-59.18,6.86,17.2,87.37,0.42,扣非亏损,扣非亏损,亏损
300539.SZ,横河精密,91.72,100.29,5.42,4.04,4.46,3.09,0.64,53.33,21.08,4.35,-3.54,5.93,,50.57,0.02,16.91,24.83,20.56
001696.SZ,宗申动力,60.64,99.66,6.44,7.57,7.99,5.07,3.77,79.09,14.18,5.75,2.3,2.47,20.39,53.23,0.07,40.35,13.16,7.59
300110.SZ,华仁药业,35.08,34.25,1.62,3.3,3.49,3.14,0.5,13.21,36.1,9.36,-28.66,7.78,28.9,41.77,0.03,4.4,10.39,10.05
001379.SZ,腾达科技,76.33,96.75,4.04,4.25,4.29,3.87,,22.46,7.56,4.3,-35.4,8.06,,31.59,0.58,12.01,22.75,17.79
001266.SZ,宏英智能,-147.38,-64.98,2.39,-1.96,-1.18,-0.96,0.68,-222.22,23.0,-3.08,-82.29,1.65,,29.91,0.7,扣非亏损,扣非亏损,亏损
300483.SZ,首华燃气,-28.0,-8.1,1.19,-3.06,-2.96,0.1,,0.0,8.7,-8.12,-2709.4,-0.71,9.71,52.28,0.18,扣非亏损,扣非亏损,亏损
300341.SZ,麦克奥迪,70.77,71.42,6.49,6.72,7.02,5.39,0.59,21.36,42.38,12.65,-0.37,7.34,,21.67,0.07,9.73,10.63,10.08
003023.SZ,彩虹集团,23.06,19.65,1.46,4.68,4.78,3.45,1.97,40.53,42.33,9.28,18.18,6.76,,30.97,0.84,2.91,4.19,4.82
430564.BJ,天润科技,-77.11,-251.68,5.1,-5.71,-4.81,-4.29,0.33,62.5,28.64,-23.15,5.83,-1.11,,20.08,0.11,扣非亏损,扣非亏损,亏损
688596.SH,正帆科技,24.62,24.26,3.26,9.78,10.42,4.45,0.72,19.49,27.17,10.44,54.67,51.55,2.19,62.57,0.08,0.47,2.48,2.36
688726.SH,拉普拉斯,34.36,,7.88,21.71,23.75,6.17,,0.0,30.64,13.46,358.36,134.32,,72.53,0.28,,,2.89
301321.SZ,翰博高新,-24.12,-21.8,2.82,-8.64,-8.22,-1.89,,0.0,10.67,-5.64,-353.28,-2.74,0.41,75.41,0.26,扣非亏损,扣非亏损,亏损
601975.SH,招商南油,7.11,9.04,1.5,14.26,17.08,15.5,,0.0,34.58,33.28,16.85,18.97,,17.69,0.3,0.48,1.27,0.83
300540.SZ,蜀道装备,133.84,147.01,3.95,2.19,2.25,1.04,,0.0,24.35,4.7,1063.43,42.42,,39.48,0.06,3.47,134.12,118.97
601058.SH,赛轮轮胎,11.37,11.78,2.58,18.45,18.69,10.95,1.45,16.83,28.38,13.96,48.96,19.04,1.38,48.89,0.11,0.62,0.64,0.61
300576.SZ,容大感光,109.48,153.64,11.45,7.52,8.15,6.98,0.19,20.83,37.86,15.54,27.29,15.58,9.5,22.99,0.03,9.86,20.44,13.43
300633.SZ,开立医疗,105.59,74.07,4.92,2.75,3.36,2.23,0.68,30.19,66.59,7.79,-73.21,22.17,5.26,24.93,0.1,3.34,26.95,31.43
872925.BJ,锦好医疗,-297.54,-127.44,4.31,-1.57,-1.06,-0.98,0.81,62.5,47.84,-5.09,-131.99,-5.99,0.05,17.79,0.02,扣非亏损,扣非亏损,亏损
002230.SZ,科大讯飞,-240.92,-4267.34,6.7,-2.79,-2.03,-1.11,0.22,35.71,40.46,-2.85,-44.38,15.93,6.63,57.37,0.03,扣非亏损,扣非亏损,亏损
300763.SZ,锦浪科技,32.12,44.49,3.43,7.83,8.3,4.33,0.29,10.1,33.67,12.96,-18.77,46.77,,61.89,0.05,0.95,5.68,3.87
600724.SH,宁波富达,33.53,39.4,2.52,5.03,5.52,4.48,3.78,94.22,24.26,12.01,-5.07,12.14,0.04,21.15,0.1,3.25,7.83,6.08
300203.SZ,聚光科技,50.6,-73.17,2.62,2.28,3.96,2.5,,0.0,44.37,4.85,131.87,-8.11,6.91,65.16,0.13,扣非亏损,扣非转亏,25.56
605277.SH,新亚电子,32.07,31.14,3.07,7.15,7.22,4.6,1.34,36.36,15.3,4.08,-2.18,50.2,5.65,56.34,0.07,0.62,4.36,4.44
001380.SZ,华纬科技,20.03,20.5,2.54,9.2,9.87,7.26,1.64,21.13,25.01,12.81,45.08,33.14,,32.49,0.09,0.62,2.23,2.03
300109.SZ,新开源,17.39,17.73,2.06,9.13,8.83,8.45,5.54,62.89,52.1,28.08,-19.8,17.68,9.8,19.01,0.04,1.0,1.94,1.97
300146.SZ,汤臣倍健,18.93,36.19,1.94,6.87,7.5,7.13,5.28,87.38,67.93,15.04,-55.11,15.79,10.33,16.11,0.16,2.29,5.27,2.52
688361.SH,中科飞测,-460.2,-283.13,13.42,-5.24,-2.16,-1.38,0.19,28.57,47.69,-6.39,-768.93,55.98,,39.76,0.02,扣非亏损,扣非亏损,亏损
002660.SZ,茂硕电源,62.6,77.83,2.5,2.37,2.96,1.41,0.81,47.62,25.11,3.1,-49.3,4.22,,30.68,0.14,18.43,32.89,21.15
873576.BJ,天力复合,53.24,60.06,7.11,8.64,9.39,6.36,4.56,79.69,22.42,9.75,-33.85,25.74,,29.43,0.06,2.33,6.95,5.67
601022.SH,宁波远洋,20.8,21.81,1.99,6.94,7.29,6.25,1.05,29.74,15.62,10.72,17.27,14.84,0.02,30.38,0.57,1.47,3.15,2.85
301041.SZ,金百泽,97.42,122.6,4.14,2.07,3.18,2.41,0.22,16.22,26.05,4.15,-37.88,3.64,0.01,25.07,0.06,33.64,59.24,30.64
002883.SZ,中设股份,66.18,63.29,2.46,2.47,2.81,1.92,0.53,24.07,34.0,4.41,-44.18,16.65,4.84,34.31,0.08,3.8,25.61,23.55
002453.SZ,华软科技,-38.16,-10.57,3.8,-7.7,-7.6,-4.81,,0.0,9.03,-22.45,16.18,-22.41,3.67,34.85,0.04,扣非亏损,扣非亏损,亏损
301397.SZ,溯联股份,23.88,25.69,1.79,5.21,5.57,4.4,2.21,58.14,23.59,12.95,3.36,20.02,,21.57,0.47,1.28,4.93,4.29
601882.SH,海天精工,22.36,24.12,4.67,14.81,16.56,9.59,1.72,23.08,28.03,16.2,-9.55,29.42,,45.98,0.06,0.82,1.63,1.35
603326.SH,我乐家居,18.7,34.51,1.7,4.93,6.79,4.97,2.86,55.1,46.64,7.8,-55.45,2.73,,46.74,0.15,12.64,6.99,2.75
688559.SH,海目星,45.4,79.63,2.85,4.5,6.59,1.71,0.28,6.25,26.06,4.33,-47.69,58.06,0.15,69.83,0.12,1.37,17.68,6.89
688702.SH,盛科通信,-274.43,-151.41,12.03,-4.49,-3.23,-2.37,,0.0,38.95,-9.44,-952.63,51.26,,18.85,0.11,扣非亏损,扣非亏损,亏损
688385.SH,复旦微电,59.12,95.24,5.9,6.99,7.76,5.14,0.26,11.36,55.05,15.31,-36.26,29.89,,28.28,0.03,3.19,13.63,7.62
873690.BJ,捷众科技,23.35,29.07,2.57,6.77,8.52,8.3,2.91,32.89,38.88,23.65,43.15,15.79,,12.03,0.28,1.84,4.29,2.74
603066.SH,音飞储存,22.4,22.14,2.19,7.04,7.55,3.85,1.25,30.04,24.61,11.77,28.71,35.55,26.09,52.41,0.06,0.62,3.15,2.97
002254.SZ,泰和新材,44.74,168.27,1.28,0.76,2.14,0.77,2.01,76.92,17.02,3.3,-76.87,23.41,0.09,46.44,0.23,7.19,220.3,20.91
000932.SZ,华菱钢铁,13.28,14.41,0.59,2.8,3.27,2.41,4.47,31.29,6.97,2.47,-62.65,14.31,,58.81,0.38,1.01,5.15,4.06
300215.SZ,电科院,223.34,101.47,2.37,0.93,0.79,0.94,0.66,116.67,36.09,3.56,288.26,-2.12,0.18,26.75,0.12,-47.76,109.09,282.71
300645.SZ,正元智慧,174.32,168.95,2.27,0.54,0.92,1.12,0.22,13.33,44.1,1.76,-76.83,14.05,9.62,54.57,0.12,12.02,314.8,189.47
603208.SH,江山欧派,15.84,15.64,2.58,9.23,10.82,4.65,6.0,80.18,22.81,7.21,-46.87,7.65,,64.52,0.09,2.04,1.69,1.46
603638.SH,艾迪精密,37.2,44.95,4.29,7.48,8.33,5.75,0.74,36.36,30.43,13.76,28.56,1.61,1.52,46.95,0.06,27.93,6.01,4.47
688109.SH,品茗科技,123.95,76.71,2.79,0.67,1.69,1.15,1.06,187.5,73.09,4.76,118.02,5.6,0.21,8.86,0.07,13.69,115.2,73.34
002858.SZ,力盛体育,104.92,-10.64,3.4,2.02,2.44,3.62,,0.0,24.57,9.84,1336.61,29.73,19.68,32.93,0.12,扣非亏损,扣非转亏,86.0
002428.SZ,云南锗业,355.65,648.96,9.76,0.97,2.07,2.05,0.16,200.0,29.35,5.38,153.74,1.57,,47.28,0.02,413.52,671.17,171.81
300353.SZ,东土科技,-41.28,-95.35,4.19,-7.91,-7.33,-3.84,,0.0,42.62,-27.31,11.81,32.86,5.37,43.48,0.08,扣非亏损,扣非亏损,亏损
300041.SZ,回天新材,22.71,56.21,1.77,3.9,5.67,3.55,1.0,19.08,18.29,5.4,-59.58,22.43,0.81,54.27,0.12,2.51,14.4,4.01
300783.SZ,三只松鼠,27.09,43.6,4.4,10.04,12.9,9.03,1.39,45.64,25.44,4.76,211.55,-9.35,,38.92,0.04,-4.66,4.34,2.1
873706.BJ,铁拓机械,22.85,28.52,2.49,8.77,9.22,7.47,4.16,26.6,31.33,12.74,-18.18,14.69,,28.78,0.28,1.94,3.25,2.48
688560.SH,明冠新材,-161.33,-32.56,1.08,-0.6,-0.49,-1.34,,0.0,5.64,-1.84,-142.99,18.53,,9.97,0.59,扣非亏损,扣非亏损,亏损
300471.SZ,厚普股份,-114.37,-44.3,3.52,-2.82,-2.29,-1.25,,0.0,32.67,-10.41,-30.41,31.88,2.77,46.07,0.06,扣非亏损,扣非亏损,亏损
688279.SH,峰岹科技,52.76,67.97,5.16,6.35,7.5,6.61,0.48,32.28,52.94,42.47,86.34,22.11,,1.98,0.03,3.07,10.7,7.03
002578.SZ,闽发铝业,78.92,169.26,1.95,1.41,1.83,1.39,0.89,133.33,6.08,1.77,-2.36,22.14,,37.31,0.15,7.65,119.77,43.13
002148.SZ,北纬科技,176.85,363.4,2.63,0.38,1.11,1.14,0.25,37.5,41.13,7.3,205.08,18.52,,11.52,0.04,19.62,953.8,159.32
600184.SH,光电股份,3622.01,-746.46,2.11,-0.39,0.04,-0.09,0.5,41.91,15.67,0.11,-123.99,-1.22,,41.96,0.08,扣非亏损,扣非亏损,90550.25
688819.SH,天能股份,15.25,19.43,1.87,6.5,9.37,4.51,2.33,27.43,16.59,4.56,-25.68,10.83,0.0,64.27,0.53,1.79,2.99,1.63
601127.SH,赛力斯,36.28,99.62,14.48,30.23,30.42,5.28,,0.0,25.23,3.2,224.81,41.99,0.47,89.2,0.26,2.37,6.59,2.39
301016.SZ,雷尔伟,60.81,90.67,3.66,3.57,5.96,4.42,1.5,73.33,41.62,19.31,1.9,-8.42,,15.07,0.24,-10.77,25.37,10.2
837212.BJ,智新电子,93.5,116.76,4.34,3.47,3.52,3.19,0.34,32.14,13.7,3.71,5.63,4.9,,29.07,0.07,23.84,33.67,26.56
688373.SH,盟科药业,-8.55,-6.78,5.85,-43.32,-31.64,-25.95,,0.0,82.23,-298.57,-13.46,308.82,,41.52,0.14,扣非亏损,扣非亏损,亏损
688198.SH,佰仁医疗,205.54,166.53,13.72,4.67,4.97,4.08,0.64,94.12,88.56,17.11,-10.85,27.07,1.45,9.27,0.01,6.15,35.63,41.36
002441.SZ,众业达,22.63,33.47,0.93,3.0,3.06,2.2,3.17,63.83,8.25,1.76,-46.74,3.91,0.99,33.72,0.38,8.56,11.15,7.4
600805.SH,悦达投资,115.5,-56.43,0.88,-1.19,0.52,0.57,,0.0,5.85,0.27,57.63,3.1,,46.59,0.29,扣非亏损,扣非亏损,444.23
688280.SH,精进电动,-6.14,-4.85,5.01,-52.32,-46.94,-13.7,,0.0,-0.54,-42.04,-10.74,16.94,,75.96,0.02,扣非亏损,扣非亏损,亏损
603221.SH,爱丽家居,18.61,15.88,1.5,6.63,6.19,4.27,1.01,31.25,23.27,9.04,231.78,7.12,,29.38,0.2,2.23,2.4,3.01
600196.SH,复星医药,26.76,30.23,1.52,3.95,4.32,3.43,1.08,30.34,48.6,8.15,24.58,11.85,18.25,48.64,0.24,2.55,7.65,6.19
002871.SZ,伟隆股份,17.76,19.3,2.73,10.61,10.78,8.56,2.68,56.6,41.15,22.65,5.05,18.72,,34.21,0.29,1.03,1.82,1.65
300365.SZ,恒华科技,306.63,470.49,1.9,0.31,0.47,0.31,0.22,50.0,31.74,2.33,-49.35,-1.18,0.85,12.94,0.13,-397.6,1533.03,652.4
600513.SH,联环药业,23.53,23.66,2.07,6.56,6.71,4.76,1.35,31.91,49.89,6.54,8.7,16.25,1.34,47.92,0.07,1.46,3.61,3.51
000919.SZ,金陵药业,44.64,87.27,1.13,1.34,2.34,1.58,1.27,50.58,20.26,3.25,-44.81,3.86,0.62,17.15,0.31,22.62,65.35,19.08
600712.SH,南宁百货,407.61,-241.52,3.67,-0.08,0.68,1.04,,0.0,30.19,1.33,96.57,-3.8,,40.63,0.03,扣非亏损,扣非亏损,1198.86
300458.SZ,全志科技,113.2,143.99,7.55,3.65,5.06,3.27,0.66,375.0,32.18,8.96,358.23,7.0,0.02,18.68,0.1,20.58,39.5,22.37
301122.SZ,采纳股份,38.7,56.02,1.63,2.24,3.17,3.05,1.18,43.48,39.28,19.67,-44.09,-6.33,,5.04,0.26,-8.85,25.05,12.21
002242.SZ,九阳股份,64.18,58.17,2.42,3.75,2.83,0.13,1.18,28.85,26.27,1.48,-61.62,-5.03,3.46,53.8,0.31,-11.57,15.52,22.68
002672.SZ,东江环保,-11.4,-6.89,1.33,-8.91,-8.2,-2.4,,0.0,6.4,-17.64,-1.04,7.14,18.39,60.27,0.08,扣非亏损,扣非亏损,亏损
300657.SZ,弘信电子,140.23,-55.13,7.7,0.69,4.21,3.35,,0.0,10.33,2.6,103.54,10.94,28.85,73.31,0.04,扣非亏损,扣非转亏,66.62
688048.SH,长光华芯,-89.83,-51.28,2.51,-3.36,-2.06,-2.83,,0.0,27.39,-30.7,-53.81,12.91,,10.63,0.07,扣非亏损,扣非亏损,亏损
000826.SZ,启迪环境,-2.6,-1.95,1.33,-14.39,-31.98,-2.33,,0.0,26.15,-27.39,-190.42,-14.04,3.2,68.88,0.16,扣非亏损,扣非亏损,亏损
301552.SZ,科力装备,24.34,,3.37,13.88,16.55,14.06,,0.0,40.63,27.03,21.34,20.24,,13.62,0.41,,,2.94
600476.SH,湘邮科技,-442.66,108.22,19.83,-8.14,-3.3,0.35,,0.0,16.71,-1.46,63.96,20.67,,88.88,0.04,5.24,扣非亏损,亏损
603931.SH,格林达,35.17,33.38,3.39,7.04,7.35,7.06,1.04,30.11,34.87,21.72,-9.82,8.12,,9.96,0.07,4.11,4.74,4.79
601700.SH,风范股份,48.57,50.73,2.06,3.04,3.17,2.47,1.0,83.33,15.93,4.61,116.37,11.21,11.83,62.1,0.31,4.53,16.7,15.32
000639.SZ,西王食品,49.67,43.32,1.23,2.23,1.86,2.44,,0.0,23.71,1.37,1161.35,-1.36,3.7,43.28,0.44,-31.85,38.91,53.41
688478.SH,晶升股份,61.96,107.85,2.85,1.64,3.43,2.92,0.87,35.71,29.49,16.72,-2.75,51.97,,16.57,0.04,2.08,65.59,18.07
600289.SH,*ST信通,29.46,-13.41,1.56,-4.19,4.9,1.78,,0.0,56.85,14.89,80.66,-29.68,,47.91,0.87,扣非亏损,扣非亏损,12.03
605358.SH,立昂微,-252.86,-90.59,2.45,-0.46,-0.69,-0.2,0.31,85.37,13.6,-5.66,-159.3,25.38,0.52,52.32,0.13,扣非亏损,扣非亏损,亏损
603501.SH,韦尔股份,40.77,56.11,5.76,10.4,10.91,6.8,0.13,29.79,29.61,12.51,1665.81,3.19,16.99,40.9,0.07,17.57,5.4,3.74
000733.SZ,振华科技,30.58,23.18,1.82,4.02,4.47,4.25,1.89,21.73,49.59,17.25,-71.04,26.29,,18.45,0.1,0.88,5.76,6.84
600618.SH,氯碱化工,13.76,12.87,1.31,7.25,7.27,6.52,2.2,30.41,17.63,10.69,46.63,15.06,,25.31,0.34,0.85,1.78,1.89
601999.SH,出版传媒,61.26,-841.59,1.4,0.96,1.72,1.32,0.83,31.0,20.23,2.2,-42.98,-1.25,,42.31,0.3,扣非亏损,扣非转亏,35.61
301215.SZ,中汽股份,61.22,67.48,3.19,3.43,3.91,3.68,1.23,63.33,70.48,40.48,-8.15,6.8,,16.68,0.04,9.92,19.65,15.66
603127.SH,昭衍新药,-145.03,-156.29,1.7,-1.39,-0.86,-1.48,0.67,30.19,27.48,-5.56,-136.47,31.76,1.68,16.11,0.16,扣非亏损,扣非亏损,亏损
000591.SZ,太阳能,11.62,14.76,0.84,5.41,5.52,4.17,2.61,36.12,48.44,27.08,-10.0,22.33,,51.16,0.15,0.66,2.73,2.11
601139.SH,深圳燃气,15.18,15.98,1.43,6.79,7.07,3.46,2.32,32.0,16.32,5.54,-2.59,28.63,18.74,59.67,0.27,0.56,2.35,2.15
605337.SH,李子园,20.13,22.19,2.57,8.85,9.28,6.65,3.55,83.33,39.23,14.78,-16.04,10.41,,42.44,0.17,2.13,2.51,2.17
000063.SZ,中兴通讯,14.75,21.6,2.15,9.83,11.27,4.17,2.58,34.85,40.43,8.71,-2.86,7.1,0.02,63.63,0.36,3.04,2.2,1.31
835640.BJ,富士达,123.61,121.69,6.96,3.63,4.22,3.19,1.53,38.53,32.93,7.89,-72.92,15.42,,36.21,0.02,7.89,33.5,29.29
837821.BJ,则成电子,127.82,140.71,6.84,3.61,4.01,3.03,0.7,39.89,28.7,7.44,27.1,9.59,,32.33,0.05,14.68,38.96,31.88
002645.SZ,华宏科技,1238.61,-32.81,1.26,-2.27,0.07,1.05,,0.0,6.12,0.32,61.76,35.67,28.05,38.33,0.15,扣非亏损,扣非亏损,35388.74
002919.SZ,名臣健康,30.44,-2123.34,4.5,11.4,11.47,8.59,0.59,46.88,61.68,9.83,-41.15,36.53,11.83,27.39,0.03,扣非亏损,扣非转亏,2.65
002920.SZ,德赛西威,39.06,35.71,8.18,17.13,16.69,8.35,0.65,29.89,20.55,7.47,67.73,47.83,0.08,53.02,0.01,0.75,2.08,2.34
000738.SZ,航发控制,35.01,40.47,2.4,5.08,5.22,4.34,0.83,30.18,29.71,15.02,6.43,14.96,,22.71,0.12,2.71,7.96,6.71
603717.SH,天域生物,204.06,-4.67,2.68,-0.27,0.98,1.11,,0.0,19.74,4.37,98.48,9.52,0.82,73.16,0.09,扣非亏损,扣非亏损,416.46
002886.SZ,沃特股份,123.63,696.97,2.34,0.9,1.42,1.74,0.03,30.43,17.91,2.36,41.69,11.15,1.95,49.49,0.07,62.51,776.05,87.06
430556.BJ,雅达股份,56.51,56.57,2.72,2.98,3.49,3.06,4.62,115.38,33.56,8.09,-41.19,2.65,,14.8,0.05,21.32,18.96,16.19
688523.SH,航天环宇,125.54,92.48,5.42,2.0,3.14,2.38,0.75,58.02,43.39,20.65,-13.68,20.02,,27.2,0.04,4.62,46.2,39.98
301388.SZ,欣灵电气,170.63,172.93,2.51,0.73,1.09,-0.09,1.44,83.33,19.92,3.29,-61.17,-0.08,,16.01,0.63,-2080.14,237.15,156.54
600967.SH,内蒙一机,28.04,22.85,1.18,3.06,3.15,1.8,3.03,50.0,11.56,5.12,-39.54,-7.33,,41.47,0.11,-3.12,7.48,8.9
688007.SH,光峰科技,137.64,1650.82,2.9,1.42,1.54,0.95,0.27,30.37,30.82,1.39,-48.22,5.67,,35.77,0.15,291.21,1161.41,89.38
301021.SZ,英诺激光,4637.46,-650.01,5.48,-0.85,0.09,-0.28,,0.0,49.0,-0.53,40.33,4.05,,18.67,0.04,扣非亏损,扣非亏损,103054.76
300211.SZ,亿通科技,-56.57,-55.78,4.58,-6.55,-5.87,-6.25,,0.0,32.13,-52.43,-3637.61,65.39,,9.43,0.12,扣非亏损,扣非亏损,亏损
300726.SZ,宏达电子,37.85,48.36,2.69,4.55,5.4,6.92,0.99,26.19,61.45,26.74,-32.63,9.91,,10.93,0.03,4.88,10.63,7.01
002485.SZ,ST雪发,-36.74,-23.11,1.33,-1.98,-2.68,-1.19,,0.0,-8.85,-5.92,-173.15,-12.64,,27.22,0.12,扣非亏损,扣非亏损,亏损
002760.SZ,凤形股份,113.92,-43.73,2.45,-0.51,1.58,0.88,0.46,-18.18,17.81,3.27,88.25,1.72,10.28,34.18,0.11,扣非亏损,扣非亏损,144.2
002244.SZ,滨江集团,13.24,19.86,1.09,5.75,6.26,1.08,1.24,11.11,10.43,4.34,-38.89,37.27,0.0,78.98,1.17,0.53,3.45,2.12
600955.SH,维远股份,70.65,105.21,0.96,0.91,1.01,0.72,0.31,30.56,1.64,1.22,9.63,30.33,,36.36,0.16,3.47,115.28,69.95
603030.SH,全筑股份,-74.64,-6.33,3.44,-5.36,-3.39,-0.35,,0.0,15.18,-5.91,37.67,-41.35,11.41,54.41,0.04,扣非亏损,扣非亏损,亏损
000980.SZ,众泰汽车,-30.63,-15.85,11.35,-27.62,-24.41,-3.92,,0.0,15.77,-84.99,26.86,-16.57,,78.49,0.03,扣非亏损,扣非亏损,亏损
600280.SH,中央商场,-128.83,-28.82,5.41,-2.59,-3.1,2.02,,0.0,51.49,-1.58,-451.56,-8.23,5.99,92.63,0.09,扣非亏损,扣非亏损,亏损
600038.SH,中直股份,70.36,72.15,2.08,2.48,2.79,1.1,0.52,26.63,8.6,2.02,23.7,6.68,,69.08,0.14,10.8,29.13,25.22
601008.SH,连云港,25.78,33.17,1.22,3.08,3.58,3.06,1.23,33.33,24.81,10.91,20.55,11.88,,56.34,0.41,2.79,10.76,7.2
688019.SH,安集科技,39.53,44.61,8.14,16.44,16.79,14.44,0.22,8.56,58.56,29.92,58.64,44.78,0.29,20.93,0.04,1.0,2.71,2.35
301548.SZ,崇德科技,37.73,45.79,2.94,4.96,5.86,5.82,1.64,48.08,38.17,23.03,-2.86,12.94,,12.68,0.39,3.54,9.22,6.44
300738.SZ,奥飞数据,82.24,94.53,3.74,3.6,3.36,2.83,0.2,13.78,25.55,6.98,-3.43,18.69,8.65,70.51,0.05,5.06,26.23,24.47
301135.SZ,瑞德智能,88.04,111.45,2.06,0.72,1.71,0.28,1.21,75.0,18.81,2.41,-63.09,0.98,,29.08,0.38,113.58,155.43,51.48
002759.SZ,天际股份,-18.45,-25.57,1.06,-4.19,-4.14,-3.1,0.94,111.11,-1.21,-16.39,-757.07,71.86,36.37,32.82,0.21,扣非亏损,扣非亏损,亏损
000612.SZ,焦作万方,11.5,10.33,1.31,9.08,8.78,8.1,2.43,28.17,12.58,11.03,54.93,10.69,0.51,21.64,0.19,0.97,1.14,1.31
002232.SZ,启明信息,-198.14,-119.99,6.56,-2.78,-2.45,-1.98,0.06,13.93,22.56,-7.4,-164.81,-1.66,,27.67,0.08,扣非亏损,扣非亏损,亏损
603958.SH,哈森股份,-50.35,-54.07,3.65,-6.03,-5.29,-2.23,,0.0,53.41,-6.11,-205.57,-1.89,,14.12,0.05,扣非亏损,扣非亏损,亏损
600566.SH,济川药业,10.8,10.69,1.95,12.39,13.69,11.18,4.14,42.21,79.26,32.86,-7.06,16.33,1.19,22.35,0.24,0.65,0.86,0.79
300600.SZ,ST瑞科,-67.48,-56.69,2.31,-2.47,-2.54,-2.42,,0.0,26.49,-13.58,26.42,-15.54,0.1,16.23,0.07,扣非亏损,扣非亏损,亏损
600153.SH,建发股份,10.6,18.74,0.53,1.89,2.95,0.85,7.27,16.32,4.37,0.53,-39.3,24.28,0.49,73.96,3.19,0.77,9.91,3.59
603316.SH,诚邦股份,-62.26,-15.2,1.9,-2.41,-2.26,-1.44,,0.0,4.24,-11.72,51.85,-22.85,0.99,71.53,0.04,扣非亏损,扣非亏损,亏损
002130.SZ,沃尔核材,26.6,28.63,4.35,12.1,12.76,9.02,2.25,30.36,32.84,14.71,36.0,12.66,12.37,39.7,0.04,2.26,2.37,2.08
002657.SZ,中科金财,-82.3,-53.41,4.75,-4.45,-4.25,-3.52,,0.0,20.8,-14.69,-74.88,-16.88,1.31,20.65,0.05,扣非亏损,扣非亏损,亏损
001205.SZ,盛航股份,20.54,19.98,2.06,7.09,7.66,5.34,0.73,11.12,27.61,14.39,8.53,38.21,4.59,59.44,0.1,0.52,2.82,2.68
301033.SZ,迈普医学,45.28,52.08,4.77,7.1,8.13,8.13,0.92,64.52,78.22,27.65,108.37,23.24,,10.91,0.02,2.24,7.34,5.57
603729.SH,龙韵股份,402.38,-28.26,3.86,0.62,0.72,1.01,,0.0,17.81,0.81,-44.52,-16.73,,46.11,0.01,扣非亏损,扣非转亏,1117.73
300223.SZ,北京君正,90.13,79.04,3.07,2.68,2.57,2.02,0.31,17.93,37.44,9.46,-8.25,43.13,25.2,6.89,0.1,1.83,29.45,35.07
600979.SH,广安爱众,14.5,16.8,1.01,4.95,5.37,3.6,1.56,29.35,33.07,10.38,59.38,7.62,1.66,57.79,0.12,2.2,3.39,2.7
605108.SH,同庆楼,56.02,36.72,2.81,3.4,3.65,3.49,1.35,35.04,20.23,4.47,-52.51,23.91,,55.32,0.01,1.54,10.8,15.35
002015.SZ,协鑫能科,17.0,50.01,1.17,4.07,5.14,4.12,1.05,23.09,26.05,9.33,60.1,-4.59,0.14,66.27,0.36,-10.89,12.28,3.31
688511.SH,天微电子,248.45,324.01,2.47,-0.08,0.74,0.5,1.19,59.29,62.77,8.5,-103.16,-10.18,,10.51,0.08,-31.84,转盈,335.75
002105.SZ,信隆健康,1664.66,-173.6,2.07,-0.32,0.09,0.32,0.46,50.0,16.05,0.05,-129.16,-12.28,,44.26,0.24,扣非亏损,扣非亏损,18496.28
600051.SH,宁波联合,29.06,22.06,0.64,1.53,1.65,1.02,1.66,35.29,14.01,0.75,-5.16,-28.83,,30.85,0.46,-0.77,14.41,17.61
300624.SZ,万兴科技,-1562.56,621.53,8.99,-1.49,-0.42,-0.46,0.12,17.27,93.72,-0.41,-137.65,15.18,23.54,16.3,0.04,40.93,扣非亏损,亏损
601512.SH,中新集团,13.18,12.61,0.82,4.57,4.68,3.17,3.54,30.0,56.11,38.87,-26.81,4.3,0.47,44.81,0.24,2.93,2.76,2.82
002747.SZ,埃斯顿,-170.62,-137.55,5.86,-4.07,-2.53,0.52,0.32,37.5,29.67,-1.83,-222.85,22.89,55.2,73.99,0.08,扣非亏损,扣非亏损,亏损
600177.SH,雅戈尔,10.67,11.53,0.88,6.13,6.24,3.93,7.63,66.67,42.85,29.97,-3.37,6.76,0.09,45.04,0.22,1.71,1.88,1.71
603533.SH,掌阅科技,-168.92,-126.28,3.33,-2.05,-1.47,-1.52,0.15,37.5,71.96,-1.8,-301.29,10.93,0.48,21.16,0.2,扣非亏损,扣非亏损,亏损
301159.SZ,三维天地,-17.55,-65.64,3.54,-13.52,-13.99,-13.94,0.22,100.0,19.1,-88.91,-72.85,7.69,,17.98,0.24,扣非亏损,扣非亏损,亏损
600783.SH,鲁信创投,24.34,18.86,2.07,6.54,6.54,5.59,0.95,32.35,39.49,526.52,1042.56,-11.06,,45.65,0.06,-1.71,2.88,3.72
688707.SH,振华新材,-14.81,-23.38,1.42,-7.92,-7.09,-4.21,0.24,21.74,-11.82,-22.7,-920.17,178.03,,42.0,0.31,扣非亏损,扣非亏损,亏损
601033.SH,永兴股份,14.94,19.3,1.25,6.79,6.52,4.06,,53.06,43.01,23.5,-0.4,18.63,,57.56,0.92,1.04,2.84,2.29
600279.SH,重庆港,64.31,614.21,1.03,0.33,1.16,1.9,1.01,8.52,11.34,3.8,-31.27,-0.62,0.08,37.8,0.23,-996.06,1856.17,55.44
301160.SZ,翔楼新材,22.12,21.15,2.66,8.72,8.91,8.59,2.39,37.55,25.14,12.92,10.37,25.01,,16.62,0.08,0.85,2.42,2.48
002518.SZ,科士达,24.83,25.07,2.72,7.67,8.31,5.0,1.63,31.03,31.69,12.13,-51.36,32.09,0.12,35.06,0.03,0.78,3.27,2.99
603029.SH,天鹅股份,36.56,40.34,2.28,3.57,4.74,1.92,0.83,31.48,35.98,9.46,8.35,16.43,,60.0,0.08,2.45,11.29,7.71
837006.BJ,晟楠科技,155.53,103.48,7.62,2.16,3.52,2.84,2.34,61.91,50.31,17.64,-77.1,23.46,,36.85,0.03,4.41,47.83,44.18
002142.SZ,宁波银行,5.94,6.07,0.83,9.82,10.88,,2.98,16.0,,40.93,8.33,14.82,0.13,92.72,,0.41,0.62,0.55
600141.SH,兴发集团,14.83,15.25,1.23,6.05,6.21,4.36,3.29,48.0,17.96,6.02,44.35,16.15,4.52,52.07,0.07,0.94,2.52,2.39
601319.SH,中国人保,6.74,8.44,1.21,14.22,14.2,,3.22,30.59,,10.35,78.23,3.57,0.05,78.54,0.08,2.37,0.59,0.47
002371.SZ,北方华创,38.98,44.54,7.99,15.98,16.76,8.73,0.32,10.59,44.22,21.91,61.58,53.97,0.09,52.89,0.05,0.83,2.79,2.33
838402.BJ,硅烷科技,42.4,33.91,2.98,4.96,5.34,4.98,1.17,19.45,28.27,15.74,-62.03,30.31,,23.54,0.03,1.12,6.84,7.94
688191.SH,智洋创新,58.49,92.53,3.23,3.24,4.15,2.95,1.08,74.07,32.66,5.35,14.13,17.28,,40.95,0.02,5.35,28.6,14.09
301536.SZ,星宸科技,74.14,,6.7,6.56,7.54,5.4,,18.52,35.99,10.83,,-14.66,,32.93,0.18,,,9.83
603819.SH,神力股份,-37.89,-43.01,3.09,-6.01,-5.66,-3.13,2.1,38.46,9.14,-5.04,-40106.33,13.89,,46.19,0.09,扣非亏损,扣非亏损,亏损
831175.BJ,派诺科技,296.86,51.98,2.15,0.22,0.54,0.46,0.86,24.87,41.95,1.56,-89.62,11.36,0.49,26.46,0.21,4.57,240.29,549.74
601500.SH,通用股份,16.16,19.43,1.38,6.35,6.62,3.66,1.35,40.0,16.67,7.63,162.53,14.39,,57.11,0.13,1.35,3.06,2.44
002334.SZ,英威腾,28.17,27.94,2.07,5.82,5.55,3.39,0.69,12.82,32.17,3.73,-40.45,26.6,1.81,45.56,0.19,1.05,4.8,5.08
002850.SZ,科达利,21.78,21.52,2.69,9.09,9.21,6.96,1.78,31.12,23.19,11.8,27.75,80.07,,37.7,0.09,0.27,2.37,2.37
603922.SH,金鸿顺,-192.86,-480.78,3.95,-1.76,-1.52,-1.14,0.08,40.0,9.36,-2.42,67.11,0.45,,35.55,0.2,扣非亏损,扣非亏损,亏损
600496.SH,精工钢构,9.87,14.64,0.72,4.92,5.47,2.51,1.97,21.77,13.06,4.09,-12.4,13.34,3.53,63.05,0.79,1.1,2.97,1.81
600771.SH,广誉远,101.71,68.02,6.14,4.27,4.63,3.77,,0.0,73.98,8.99,-18.13,2.33,,33.9,0.01,29.16,31.89,43.93
002735.SZ,王子新材,221.94,76.5,2.17,0.83,0.71,0.72,0.37,22.86,17.12,1.09,22.92,4.92,9.66,33.83,0.09,15.54,91.66,312.6
300235.SZ,方直科技,108.25,160.52,3.83,1.92,2.66,2.7,0.44,38.61,82.21,25.41,-28.07,-5.93,,2.79,0.02,-27.07,83.82,40.7
300510.SZ,金冠股份,-176.83,-69.28,1.5,-1.29,-0.63,-0.45,,0.0,23.05,-2.52,-404.07,11.97,21.24,28.22,0.08,扣非亏损,扣非亏损,亏损
000955.SZ,欣龙控股,-125.8,-64.42,3.57,-2.9,-2.11,-1.46,,0.0,8.29,-3.92,28.45,-24.44,,16.28,0.03,扣非亏损,扣非亏损,亏损
002669.SZ,康达新材,-29.04,-13.96,1.02,-2.74,-2.6,-0.39,0.59,70.0,16.73,-4.86,-337.26,13.12,24.4,57.82,0.22,扣非亏损,扣非亏损,亏损
002670.SZ,国盛金控,202.89,-1389.86,2.04,0.7,0.76,0.5,,0.0,,5046.32,44.49,14.78,27.07,74.28,0.73,扣非亏损,扣非转亏,533.93
001217.SZ,华尔泰,32.65,26.09,1.55,3.39,3.6,2.56,0.71,20.83,14.26,6.65,-14.08,20.42,,36.92,0.12,1.28,7.7,9.07
603615.SH,茶花股份,-271.56,-295.39,4.61,-1.58,-1.25,-1.89,0.82,263.16,21.16,-3.56,-7913.91,-0.8,0.29,19.87,0.13,扣非亏损,扣非亏损,亏损
000890.SZ,法尔胜,-26.55,-5.02,18.93,-77.34,-76.7,-2.06,,0.0,5.9,-20.43,-74.85,3.41,53.71,85.25,0.05,扣非亏损,扣非亏损,亏损
600370.SH,三房巷,-18.76,-12.48,1.38,-5.08,-5.0,-1.19,,0.0,-0.1,-1.68,-883.58,13.19,,67.75,0.14,扣非亏损,扣非亏损,亏损
603856.SH,东宏股份,13.34,18.39,1.27,6.91,7.33,5.68,1.62,30.0,19.18,7.76,10.14,7.29,,40.34,0.09,2.52,2.66,1.82
300636.SZ,同和药业,27.94,29.83,1.54,4.1,4.22,2.84,0.38,14.36,33.66,16.8,29.91,19.29,,29.91,0.04,1.55,7.27,6.62
300911.SZ,亿田智能,-251.9,-361.21,2.85,-1.43,-0.76,-0.49,2.66,59.52,38.92,-2.44,-113.44,23.87,,34.45,0.29,扣非亏损,扣非亏损,亏损
002395.SZ,双象股份,38.16,54.95,4.32,7.6,8.62,4.0,0.5,48.57,11.85,5.14,77.3,4.26,,59.03,0.05,12.91,7.23,4.43
002608.SZ,江苏国信,7.34,10.63,0.89,9.13,9.62,5.75,1.52,20.0,11.68,14.17,47.37,18.28,0.03,51.52,0.35,0.58,1.16,0.76
002956.SZ,西麦食品,20.18,29.16,1.95,6.03,7.54,6.3,2.16,59.62,42.61,7.58,6.28,15.52,1.08,23.03,0.13,1.88,4.84,2.68
001229.SZ,魅视科技,42.37,41.18,3.05,5.03,5.33,5.14,1.69,68.97,76.02,44.41,-16.47,11.68,,5.01,0.6,3.53,8.19,7.95
002383.SZ,合众思壮,-79.2,-25.58,3.68,-4.35,-3.42,-0.91,,0.0,39.68,-7.78,-208.98,3.22,12.25,39.28,0.07,扣非亏损,扣非亏损,亏损
301626.SZ,苏州天脉,71.06,74.49,9.16,16.06,16.77,14.68,,0.0,40.53,20.32,26.3,10.39,,17.49,0.06,7.17,9.28,8.48
002461.SZ,珠江啤酒,18.36,27.37,1.88,7.5,7.77,5.68,1.58,44.64,49.32,16.86,27.23,8.17,,34.04,0.43,3.35,3.65,2.36
002796.SZ,世嘉科技,77.79,-327.49,3.38,-0.44,3.25,1.74,,0.0,12.03,3.34,83.24,-13.61,,40.16,0.09,扣非亏损,扣非亏损,47.87
000026.SZ,飞亚达,15.97,16.52,1.25,5.69,5.88,6.53,3.65,49.49,37.16,6.5,-24.54,3.85,,19.53,0.14,4.29,2.9,2.72
000099.SZ,中信海直,89.41,101.36,4.44,3.74,3.77,4.27,0.93,26.35,21.59,12.74,10.72,8.13,,18.4,0.06,12.47,27.13,23.72
000301.SZ,东方盛虹,-31.41,-18.4,1.84,-4.05,-4.12,0.68,1.04,90.91,8.58,-1.33,-167.89,64.83,2.2,83.92,0.29,扣非亏损,扣非亏损,亏损
600644.SH,乐山电力,38.51,644.42,1.86,3.26,3.7,2.44,,0.0,16.66,3.15,-11.0,9.29,0.32,49.92,0.11,69.35,395.16,20.82
000488.SZ,晨鸣纸业,-11.68,-6.26,0.69,-6.59,-4.36,0.35,,0.0,8.82,-4.08,14.12,-4.17,0.04,73.51,1.6,扣非亏损,扣非亏损,亏损
300702.SZ,天宇股份,51.3,256.54,1.65,2.6,2.43,1.96,0.23,62.5,35.47,4.4,-30.67,-0.7,,45.02,0.14,-369.07,98.67,21.11
301286.SZ,侨源股份,77.28,78.34,7.66,7.14,7.19,8.33,0.17,9.87,31.13,17.57,-18.0,11.7,,11.91,0.13,6.69,10.97,10.75
002448.SZ,中原内配,11.92,15.33,1.06,5.97,6.77,5.31,1.96,24.53,24.86,10.43,-14.97,17.65,15.39,30.69,0.13,0.87,2.57,1.76
002723.SZ,小崧股份,-39.06,-32.78,1.72,-3.31,-3.23,0.35,0.19,-87.56,14.16,-2.53,-487.99,14.95,5.18,56.91,0.07,扣非亏损,扣非亏损,亏损
002268.SZ,电科网安,-53.93,706.19,2.91,-4.35,-3.94,-4.65,0.27,14.55,38.94,-21.62,-627.86,7.58,,21.04,0.1,93.2,扣非亏损,亏损
600897.SH,厦门空港,12.81,17.1,1.44,6.85,8.64,9.72,2.08,30.59,36.03,27.93,30.59,17.0,,16.86,0.05,1.01,2.5,1.48
300247.SZ,融捷健康,64.88,88.23,3.0,3.42,3.52,4.66,,0.0,30.84,10.54,42.38,1.56,,11.1,0.07,56.45,51.53,36.86
300522.SZ,世名科技,81.64,202.54,4.78,3.56,4.45,3.95,0.37,89.61,26.35,6.75,-13.59,16.6,4.28,25.01,0.03,12.21,56.96,18.34
300509.SZ,新美星,54.13,80.12,3.48,3.09,4.6,0.95,1.66,150.0,21.49,3.38,-32.35,10.61,,76.94,0.32,7.55,25.93,11.77
605018.SH,长华集团,32.8,30.55,1.46,2.9,3.3,2.77,1.81,86.96,12.92,5.43,65.48,19.17,,15.29,0.06,1.59,10.52,9.94
603995.SH,甬金股份,9.13,11.87,1.32,8.61,10.74,7.16,2.6,40.65,5.74,2.39,59.3,26.78,0.47,57.06,0.2,0.44,1.38,0.85
301008.SZ,宏昌科技,40.26,36.64,2.22,3.04,3.78,2.62,1.99,56.07,17.81,6.07,-27.53,15.91,1.22,43.82,0.25,2.3,12.03,10.65
603328.SH,依顿电子,19.37,23.12,2.39,9.16,9.38,8.15,2.38,54.49,24.52,13.98,25.78,7.2,,27.33,0.07,3.21,2.52,2.07
000967.SZ,盈峰环境,19.52,31.09,0.9,3.45,3.44,2.57,2.63,78.12,23.89,6.8,11.12,-3.74,29.41,37.74,0.21,-8.31,9.02,5.67
600578.SH,京能电力,13.23,18.31,1.15,5.08,5.87,3.11,3.55,95.45,11.02,7.31,74.42,18.52,0.02,62.49,0.22,0.99,3.6,2.25
000636.SZ,风华高科,52.2,53.99,1.53,2.29,2.21,1.63,0.37,33.33,19.68,7.39,229.02,0.77,,22.96,0.23,70.52,23.54,23.62
833266.BJ,生物谷,590.04,-65.62,1.41,-0.26,0.18,0.26,,0.0,76.37,0.43,36.03,11.71,,17.53,0.26,扣非亏损,扣非亏损,6556.02
000566.SZ,海南海药,-17.54,-13.41,3.91,-13.07,-15.42,-2.55,,0.0,34.77,-38.98,-71.85,-12.3,11.57,74.12,0.04,扣非亏损,扣非亏损,亏损
301339.SZ,通行宝,38.04,44.3,3.18,5.94,6.32,3.27,1.49,63.94,51.7,31.3,7.08,17.36,0.39,49.99,0.05,2.55,7.46,6.02
002256.SZ,兆新股份,-41.26,-862.0,4.19,-1.86,-7.25,-3.22,,0.0,29.96,-35.53,85.76,-6.49,0.11,24.84,0.01,扣非亏损,扣非亏损,亏损
002531.SZ,天顺风能,40.34,43.36,1.74,3.29,3.23,2.35,0.65,17.05,25.29,8.18,-57.7,-0.46,20.94,64.18,0.04,-93.49,13.17,12.49
600026.SH,中远海能,13.44,14.71,1.7,9.52,9.48,7.24,2.86,49.84,29.79,21.29,0.77,14.28,0.19,48.37,0.1,1.03,1.55,1.42
600292.SH,远达环保,97.02,325.29,2.2,1.68,1.71,1.93,0.46,40.46,14.05,3.56,60.49,5.52,0.0,39.9,0.06,58.97,193.96,56.74
601021.SH,春秋航空,16.43,25.33,3.22,15.52,15.45,7.61,1.39,30.3,19.05,16.3,0.85,35.75,,58.67,0.17,0.71,1.63,1.06
600808.SH,马钢股份,-5.41,-7.81,0.72,-9.9,-9.57,-2.6,,0.0,-0.35,-4.49,-30.95,8.69,,63.74,0.49,扣非亏损,扣非亏损,亏损
688617.SH,惠泰医疗,48.44,55.35,14.27,23.66,24.39,21.63,0.51,24.88,72.69,34.24,41.08,51.76,1.98,13.12,0.02,1.07,2.34,1.99
000702.SZ,正虹科技,-93.51,-25.76,6.78,-6.61,-5.32,-1.33,,0.0,5.14,-2.17,46.02,7.34,,57.76,0.09,扣非亏损,扣非亏损,亏损
603868.SH,飞科电器,29.26,33.03,5.96,11.39,14.29,12.86,4.55,98.29,56.0,13.99,-47.23,12.38,,28.12,0.01,2.67,2.9,2.05
688178.SH,万德斯,172.71,-12.45,0.98,0.25,0.43,0.58,,0.0,30.28,0.25,-66.75,2.53,0.07,45.9,0.07,扣非亏损,扣非转亏,809.32
603042.SH,华脉科技,-180.14,-28.43,2.25,-2.02,-0.93,-0.6,,0.0,18.94,-2.5,66.89,-6.57,,40.34,0.18,扣非亏损,扣非亏损,亏损
300648.SZ,星云股份,-64.64,-23.31,5.0,-7.1,-5.66,-0.79,,0.0,34.6,-6.01,36.6,23.26,,62.69,0.05,扣非亏损,扣非亏损,亏损
300923.SZ,研奥股份,67.68,43.71,1.5,1.32,1.64,1.55,1.84,75.0,26.94,6.71,-8.02,6.9,,12.61,0.09,6.34,33.07,41.27
603730.SH,岱美股份,19.36,22.01,3.54,13.58,13.59,10.8,2.76,78.43,28.26,12.97,9.09,14.24,8.12,34.7,0.05,1.55,1.62,1.42
002129.SZ,TCL中环,-5.4,-4.52,1.26,-18.17,-15.94,-4.39,1.66,30.52,-8.21,-28.69,-230.39,55.66,5.75,59.57,0.25,扣非亏损,扣非亏损,亏损
688408.SH,中信博,31.64,30.72,5.77,13.82,14.42,6.29,1.23,34.65,19.37,7.24,217.63,34.36,,67.52,0.1,0.89,2.22,2.19
002862.SZ,实丰文化,445.56,-49.36,6.5,-0.07,1.1,1.56,,0.0,34.31,1.42,97.97,10.47,,37.41,0.02,扣非亏损,扣非亏损,810.1
300484.SZ,蓝海华腾,194.95,389.76,8.47,2.35,3.2,2.64,1.27,145.45,39.41,8.46,-11.67,-4.0,,25.38,0.05,-97.38,165.85,60.92
000014.SZ,沙河股份,42.63,36.02,1.61,2.85,2.81,2.52,1.96,10.0,49.42,14.39,-90.45,62.01,,23.75,0.16,0.58,12.62,15.17
688102.SH,斯瑞新材,65.38,69.65,6.36,6.77,7.38,5.55,0.61,45.56,23.0,8.22,30.34,21.19,,44.42,0.02,3.29,10.29,8.86
300357.SZ,我武生物,33.82,41.06,5.2,11.6,11.95,11.03,0.64,31.23,95.26,35.95,0.31,10.85,,8.58,0.1,3.78,3.54,2.83
601229.SH,上海银行,4.89,5.07,0.51,7.18,7.79,,7.71,30.07,,44.49,2.28,0.15,,92.34,,32.75,0.71,0.63
300873.SZ,海晨股份,13.88,19.68,1.37,6.03,7.52,5.69,1.68,32.53,26.7,18.42,-9.66,20.3,1.3,27.45,0.55,0.97,3.26,1.85
000157.SZ,中联重科,14.62,24.11,1.07,3.86,5.5,3.0,4.9,74.42,28.37,10.16,-7.25,-7.27,4.44,53.25,0.28,-3.32,6.25,2.66
002424.SZ,ST百灵,48.24,-10.31,1.63,0.73,2.55,3.02,,0.0,58.65,3.14,-81.04,11.65,0.61,51.15,0.03,扣非亏损,扣非转亏,37.84
300999.SZ,金龙鱼,98.39,288.54,2.03,0.26,1.56,0.89,0.33,20.94,4.89,0.77,-73.77,9.19,6.18,55.29,2.57,31.41,1112.77,63.07
600345.SH,长江通信,127.71,268.89,2.45,0.02,1.45,0.94,0.41,7.14,25.21,11.31,-98.89,27.75,,23.12,0.16,9.69,10755.7,88.07
300661.SZ,圣邦股份,110.4,114.31,9.77,6.11,7.02,6.2,0.11,16.64,52.17,11.34,165.77,37.18,1.89,19.57,0.02,3.07,18.72,15.73
688343.SH,云天励飞,-22.39,-20.32,3.16,-11.91,-10.14,-8.85,,0.0,14.96,-87.52,-33.32,7.29,1.39,16.22,0.07,扣非亏损,扣非亏损,亏损
000529.SZ,广弘控股,30.62,33.18,1.11,1.86,2.7,1.27,2.21,41.14,4.27,4.56,-49.7,-5.75,,49.29,0.47,-5.77,17.81,11.34
300420.SZ,五洋自控,-210.39,-114.61,1.44,-1.03,-0.5,-0.53,0.49,37.54,27.72,-1.91,-207.32,-5.84,16.24,24.63,0.08,扣非亏损,扣非亏损,亏损
301201.SZ,诚达药业,64.66,107.58,1.56,0.64,1.8,1.62,0.79,34.01,43.54,16.63,-59.78,3.7,,6.78,0.24,29.06,168.02,35.92
600099.SH,林海股份,126.04,198.14,3.97,1.99,2.38,0.33,0.22,36.07,13.24,1.61,7.85,7.42,,50.13,0.09,26.7,99.59,52.96
301070.SZ,开勒股份,303.65,-199.28,4.19,0.06,1.02,0.71,0.89,95.24,36.33,1.5,-98.54,10.66,1.13,20.14,0.1,扣非亏损,扣非转亏,297.69
603365.SH,水星家纺,14.47,13.57,1.41,6.36,7.25,6.73,6.26,62.5,41.42,7.82,-13.75,12.19,,19.78,0.15,1.11,2.13,2.0
600460.SH,士兰微,1267.14,3218.0,4.05,1.17,0.24,-0.01,,0.0,19.28,-1.23,-23.76,31.99,1.82,44.27,0.1,100.61,5523.05,10559.51
300305.SZ,裕兴股份,-10.84,-11.29,0.99,-7.76,-6.8,-4.76,0.14,46.32,-8.1,-19.25,-537.41,21.17,,34.62,0.21,扣非亏损,扣非亏损,亏损
688670.SH,金迪克,-25.2,-15.76,1.36,-4.58,-3.98,-3.97,,0.0,65.36,-137.44,-205.36,-36.65,,15.44,0.03,扣非亏损,扣非亏损,亏损
300546.SZ,雄帝科技,237.96,-382.02,3.17,0.39,1.01,0.49,,0.0,48.68,3.36,118.72,4.79,,15.26,0.16,扣非亏损,扣非转亏,471.21
000403.SZ,派林生物,22.57,20.59,2.09,6.53,7.09,6.59,0.73,23.85,50.52,28.71,84.71,35.53,33.41,13.57,0.05,0.58,3.15,3.18
300987.SZ,川网传媒,196.24,146.92,3.43,1.24,1.29,0.38,0.96,94.44,33.31,6.25,-41.63,7.74,,31.16,0.16,18.99,118.81,152.12
301315.SZ,威士顿,100.12,109.63,3.96,1.45,2.95,2.61,0.66,46.05,35.3,16.68,-33.9,8.88,,8.28,0.1,12.34,75.62,33.94
688216.SH,气派科技,-29.8,-22.48,3.5,-10.49,-8.48,-3.5,,0.0,-1.66,-12.68,37.88,5.68,,63.53,0.02,扣非亏损,扣非亏损,亏损
430090.BJ,同辉信息,-46.54,-14.45,12.11,-17.83,-17.79,-10.74,,0.0,3.5,-15.9,13.2,-22.24,,36.41,0.01,扣非亏损,扣非亏损,亏损
600218.SH,全柴动力,41.99,65.34,1.09,1.19,1.96,1.14,0.73,31.82,10.05,1.98,8.16,3.62,,44.6,0.16,18.05,55.02,21.42
300885.SZ,海昌新材,48.13,49.69,3.47,5.02,5.44,5.15,0.76,43.71,33.91,21.06,111.84,5.85,,6.46,0.2,8.49,9.9,8.85
832566.BJ,梓橦宫,22.71,21.0,2.3,6.61,7.6,7.36,3.71,49.3,79.64,18.82,-10.46,4.2,2.14,14.25,0.03,5.0,3.18,2.99
838262.BJ,太湖雪,45.81,59.29,2.86,4.05,4.7,3.9,1.82,46.2,40.49,4.32,-29.2,22.47,,33.75,0.12,2.64,14.63,9.75
603188.SH,亚邦股份,-115.33,-5.4,2.22,-2.42,-1.53,-0.23,,0.0,11.2,-2.57,91.22,3.69,,49.61,0.03,扣非亏损,扣非亏损,亏损
300197.SZ,节能铁汉,-8.6,-4.1,1.95,-12.15,-17.97,-1.22,,0.0,-5.01,-69.73,-42.68,-27.06,12.54,82.45,0.21,扣非亏损,扣非亏损,亏损
605398.SH,新炬网络,92.1,59.95,2.94,2.06,2.33,1.77,0.41,23.53,42.58,6.41,-18.12,4.3,,12.59,0.23,13.93,29.06,39.53
300673.SZ,佩蒂股份,19.06,22.4,2.15,7.94,8.1,6.23,,0.0,28.01,11.8,596.01,4.2,4.48,35.88,0.22,5.33,5.64,4.71
689009.SH,九号公司,25.24,32.55,5.39,16.28,17.14,8.75,0.96,33.87,29.68,8.89,169.52,21.34,2.19,56.9,0.21,1.53,2.0,1.47
000530.SZ,冰山冷热,34.7,107.8,1.4,2.3,3.08,1.75,0.56,50.0,17.0,2.62,51.37,41.97,9.02,58.7,0.24,2.57,46.77,11.27
000517.SZ,荣安地产,18.24,-23.13,0.98,3.89,3.64,1.36,13.06,284.95,6.62,1.46,-65.91,32.76,0.09,70.12,0.4,扣非亏损,扣非转亏,5.01
603238.SH,诺邦股份,21.42,23.24,1.44,4.58,5.07,2.89,2.18,65.22,14.66,5.41,29.33,0.23,7.02,38.82,0.18,102.26,5.07,4.23
600333.SH,长春燃气,-32.55,-74.24,1.89,-4.98,-4.3,-0.25,,0.0,18.25,-5.91,25.69,14.09,0.06,71.18,0.06,扣非亏损,扣非亏损,亏损
603112.SH,华翔股份,13.3,15.17,1.84,10.27,11.64,7.39,2.59,35.0,22.17,11.7,22.6,22.62,,44.25,0.1,0.67,1.48,1.14
300185.SZ,通裕重工,152.32,-911.79,1.66,0.63,0.78,1.21,1.04,50.0,12.8,1.28,-81.75,0.72,0.32,55.5,0.11,扣非亏损,扣非转亏,195.29
839273.BJ,一致魔芋,19.83,30.39,2.77,9.93,10.71,10.53,1.9,40.54,22.86,14.24,65.17,9.48,,17.46,0.08,3.21,3.06,1.85
002993.SZ,奥海科技,24.72,32.64,2.0,4.84,6.16,3.92,2.36,37.74,19.81,6.64,-19.2,21.73,1.2,41.48,0.15,1.5,6.74,4.01
000415.SZ,渤海租赁,12.08,16.06,0.84,4.51,5.29,3.8,,0.0,46.39,9.61,8754.77,7.45,19.24,82.64,0.38,2.16,7.12,4.57
300407.SZ,凯发电气,42.68,51.96,2.12,2.95,4.0,2.31,1.35,40.97,23.16,4.21,-20.22,0.93,0.0,41.05,0.22,55.72,17.59,10.67
300370.SZ,安控科技,-101.2,-37.5,7.96,-9.23,-5.79,-0.96,,0.0,25.92,-14.3,29.59,-8.92,7.72,55.17,0.01,扣非亏损,扣非亏损,亏损
603680.SH,今创集团,17.62,20.08,1.29,5.49,5.55,3.72,1.27,34.29,26.74,8.85,43.23,-1.46,0.02,43.8,0.06,-13.73,3.66,3.18
605133.SH,嵘泰股份,25.93,32.24,1.67,4.18,4.82,3.92,0.54,18.29,23.53,7.61,10.71,26.98,4.8,40.04,0.05,1.19,7.7,5.38
301069.SZ,凯盛新材,91.12,110.52,4.24,2.16,3.15,3.21,0.7,39.94,23.87,7.47,-72.48,17.83,,32.7,0.08,6.2,51.16,28.93
688126.SH,沪硅产业,-88.95,-85.1,4.92,-4.59,-3.81,-2.21,0.23,58.82,-8.82,-26.17,-923.93,23.58,5.69,32.78,0.09,扣非亏损,扣非亏损,亏损
600206.SH,有研新材,108.72,108.2,4.28,2.49,3.02,1.85,1.11,51.11,6.11,0.79,-20.18,-3.41,,34.13,0.05,-31.69,43.38,36.0
301298.SZ,东利机械,29.7,31.17,2.35,5.72,5.91,5.1,1.76,51.41,29.18,11.21,41.41,14.1,,18.02,0.08,2.21,5.45,5.03
301500.SZ,飞南资源,34.67,32.0,1.82,6.56,4.04,2.89,,0.0,8.16,2.48,107.68,4.93,,60.88,0.54,6.49,9.76,17.16
603377.SH,ST东时,-10.42,-3.08,0.9,-6.22,-6.2,-1.45,,0.0,35.12,-19.86,-1160.0,9.66,2.42,57.39,0.03,扣非亏损,扣非亏损,亏损
300058.SZ,蓝色光标,138.19,-437.61,2.85,1.58,1.6,0.75,0.14,21.28,2.82,0.26,-62.24,11.29,22.09,62.49,0.16,扣非亏损,扣非转亏,86.37
688669.SH,聚石化学,-127.34,-19.96,1.04,-0.77,-0.61,1.05,1.07,83.33,11.93,-0.16,-127.61,27.38,4.28,67.65,0.15,扣非亏损,扣非亏损,亏损
002400.SZ,省广集团,99.75,104.36,2.47,1.31,1.86,1.56,0.49,30.75,6.0,0.57,-21.07,8.1,6.83,45.42,0.03,12.88,79.65,53.63
603508.SH,思维列控,21.21,18.74,2.02,7.19,7.14,7.26,4.82,70.05,63.56,37.38,36.73,12.35,29.57,5.16,0.16,1.52,2.61,2.97
000505.SZ,京粮控股,125.08,127.57,1.48,0.53,0.88,1.35,1.04,50.71,4.16,0.33,-73.56,12.14,5.38,47.91,0.32,10.51,242.02,142.13
603176.SH,汇通集团,25.54,24.37,2.09,5.73,5.97,2.91,0.32,15.38,15.53,2.63,115.88,5.15,,78.53,1.18,4.73,4.25,4.28
605006.SH,山东玻纤,-20.46,-17.61,1.18,-4.49,-4.06,-1.25,0.75,28.89,6.33,-7.44,-441.53,6.02,,60.48,0.26,扣非亏损,扣非亏损,亏损
002968.SZ,新大正,15.32,18.26,1.78,7.93,8.79,6.58,2.28,40.14,12.29,4.56,-17.3,34.39,10.01,38.15,0.18,0.53,2.3,1.74
300369.SZ,绿盟科技,-15.35,-8.32,2.74,-13.18,-12.6,-7.27,,0.0,59.5,-25.61,37.32,-1.84,13.68,42.71,0.08,扣非亏损,扣非亏损,亏损
300432.SZ,富临精工,41.9,279.9,3.99,5.95,7.43,3.98,,0.0,12.91,5.39,153.87,66.33,,53.3,0.06,4.22,94.14,11.28
002178.SZ,延华智能,-433.36,-120.73,11.47,-4.5,-1.97,-0.63,,0.0,22.92,-1.53,-1681.5,2.79,,56.67,0.03,扣非亏损,扣非亏损,亏损
002436.SZ,兴森科技,-490.41,27690.31,4.08,-0.26,-0.61,-1.73,0.34,38.46,15.97,-4.76,-140.59,10.42,6.9,60.05,0.07,2657.56,扣非亏损,亏损
300975.SZ,商络电子,123.7,189.08,4.21,2.59,2.76,2.01,0.13,20.37,12.08,1.07,62.45,22.53,,63.19,0.06,8.39,72.89,44.82
688228.SH,开普云,-142.95,89.99,2.46,-1.69,-1.27,-2.09,0.29,30.44,45.99,-14.3,1.85,32.8,12.68,26.46,0.04,2.74,扣非亏损,亏损
002040.SZ,南京港,19.55,20.35,1.0,3.63,3.87,4.35,1.43,29.65,45.6,21.58,-0.97,5.11,1.71,21.73,0.09,3.98,5.61,5.05
603983.SH,丸美股份,37.83,46.86,3.57,6.73,7.08,6.07,2.06,80.0,74.63,12.28,44.09,9.28,,22.35,0.11,5.05,6.96,5.34
300382.SZ,斯莱克,-301.14,-651.55,2.91,-1.39,-0.68,0.16,1.01,47.62,15.27,-4.8,-131.95,27.19,0.76,53.88,0.07,扣非亏损,扣非亏损,亏损
300848.SZ,美瑞新材,120.79,135.66,6.3,3.52,3.94,1.29,0.52,34.48,12.65,3.86,-31.38,28.38,,60.58,0.11,4.78,38.56,30.66
688253.SH,英诺特,17.63,18.86,2.81,11.52,12.56,13.19,1.6,31.25,80.95,46.97,239.12,-8.28,,5.83,0.19,-2.28,1.64,1.4
603005.SH,晶方科技,75.41,99.41,4.39,3.75,4.39,3.48,0.21,20.0,43.6,22.43,82.81,-3.72,6.65,8.94,0.13,-26.69,26.5,17.18
603341.SH,龙旗科技,39.03,52.87,4.06,7.09,8.55,2.05,,33.56,6.09,1.22,-23.45,-7.35,,78.99,2.71,-7.19,7.46,4.57
600530.SH,交大昂立,294.16,-2875.36,8.76,0.04,2.0,2.6,,0.0,28.72,4.28,100.34,-2.81,15.71,53.9,0.03,扣非亏损,扣非转亏,294.16
688485.SH,九州一轨,-46.52,-70.03,1.2,-2.23,-1.84,-2.31,0.36,500.0,24.84,-13.09,-93.04,-5.18,0.35,14.0,0.55,扣非亏损,扣非亏损,亏损
001270.SZ,铖昌科技,-224.21,-526.51,6.92,-3.03,-2.29,-3.18,0.32,39.28,52.04,-31.4,-191.29,18.58,,7.35,0.04,扣非亏损,扣非亏损,亏损
301512.SZ,智信精密,-52.66,210.37,2.35,-3.52,-3.22,-4.14,1.06,42.13,38.54,-17.12,-221.99,16.02,,20.73,0.25,13.13,扣非亏损,亏损
688032.SH,禾迈股份,51.24,44.36,2.69,3.68,3.89,2.29,2.22,58.44,48.09,19.37,-39.06,61.91,,23.06,0.51,0.72,12.05,13.17
300173.SZ,福能东方,726.12,-139.95,7.21,-3.78,0.75,0.72,,0.0,29.46,1.29,-291.42,38.92,37.53,75.42,0.02,扣非亏损,扣非亏损,1936.31
603667.SH,五洲新春,51.49,63.38,2.3,2.93,3.36,2.68,0.77,45.0,17.2,4.1,-16.68,22.43,13.72,41.0,0.1,2.83,21.66,15.32
600190.SH,ST锦港,-1.2,-1.56,0.74,-38.37,-37.56,-11.26,0.69,48.78,33.91,-159.37,-43591.81,-12.26,,67.87,0.07,扣非亏损,扣非亏损,亏损
000889.SZ,ST中嘉,-62.93,-38.62,17.21,-19.09,-18.6,-2.44,,0.0,8.88,-2.14,15.92,-17.41,97.62,86.75,0.03,扣非亏损,扣非亏损,亏损
300697.SZ,电工合金,32.38,36.03,3.59,8.07,8.54,7.12,1.55,49.14,10.68,5.06,-22.21,15.21,,36.08,0.07,2.37,4.46,3.79
600718.SH,东软集团,61.98,-134.56,1.31,1.0,1.61,1.07,1.41,216.67,28.15,2.06,85.09,11.45,0.06,49.84,0.13,扣非亏损,扣非转亏,38.5
300299.SZ,富春股份,-65.22,-83.65,6.76,-7.89,-7.51,-4.58,,0.0,26.83,-24.14,-718.95,-10.04,36.67,47.84,0.01,扣非亏损,扣非亏损,亏损
836961.BJ,西磁科技,106.39,180.53,8.92,3.35,6.37,5.97,0.65,22.89,30.24,18.57,-70.83,26.69,,10.65,0.07,6.76,53.88,16.7
600189.SH,泉阳泉,184.82,-9.59,4.35,-1.06,1.78,1.96,,0.0,33.71,5.14,-143.65,-6.03,,68.31,0.07,扣非亏损,扣非亏损,207.67
603679.SH,华体科技,-65.12,-45.33,3.29,-3.92,-3.55,-2.2,1.21,49.33,25.1,-11.52,-257.59,-0.75,,39.31,0.03,扣非亏损,扣非亏损,亏损
688367.SH,工大高科,54.86,57.65,2.34,2.72,3.22,2.4,0.56,43.48,26.15,8.84,108.97,5.15,,23.6,0.1,11.18,21.18,17.04
301429.SZ,森泰股份,28.13,40.86,1.54,3.16,4.07,3.12,1.25,57.92,28.07,6.12,16.27,3.15,1.24,18.01,0.14,12.98,12.92,6.91
301057.SZ,汇隆新材,51.05,45.94,2.21,3.21,3.2,2.26,2.98,66.79,13.95,4.03,-33.93,14.79,,27.85,0.07,3.11,14.32,15.95
688380.SH,中微半导,76.3,242.32,3.82,2.61,3.65,3.31,1.05,-500.0,29.94,17.14,290.26,54.38,,5.91,0.04,4.46,185.92,41.81
300161.SZ,华中数控,-64.58,-68.5,3.64,-7.26,-4.13,-1.19,0.06,14.67,34.63,-7.9,-4.69,17.5,1.54,64.05,0.08,扣非亏损,扣非亏损,亏损
600075.SH,新疆天业,572.36,-57.8,0.86,-0.25,0.11,1.15,,0.0,13.08,0.13,95.96,2.01,,54.8,0.21,扣非亏损,扣非亏损,10406.51
300046.SZ,台基股份,401.27,220.94,8.91,4.08,1.68,0.99,,0.0,30.63,6.72,78.01,-5.81,,7.82,0.05,-38.03,108.27,477.71
603100.SH,川仪股份,16.05,18.0,2.82,11.72,13.5,7.21,2.71,39.47,33.05,9.95,3.95,20.48,,48.62,0.18,0.88,1.54,1.19
002809.SZ,红墙股份,32.86,35.34,1.09,1.89,2.39,1.87,1.38,36.59,28.98,8.41,-46.0,-14.12,,35.51,0.12,-2.5,18.72,13.75
600845.SH,宝信软件,31.39,32.35,7.24,16.78,17.41,9.87,2.05,92.34,36.06,20.14,4.7,8.35,0.38,44.35,0.08,3.87,1.93,1.8
300067.SZ,安诺其,384.43,697.13,2.46,0.47,0.48,0.95,1.29,512.82,17.76,2.01,199.81,-5.06,3.37,28.01,0.05,-137.77,1492.78,800.9
688599.SH,天合光能,-46.79,-121.47,1.86,-3.53,-2.77,0.03,2.22,24.82,12.46,-1.19,-120.9,58.58,0.45,74.57,0.5,扣非亏损,扣非亏损,亏损
002281.SZ,光迅科技,57.9,53.59,4.05,5.26,5.36,3.34,0.84,28.92,23.71,8.43,29.97,0.51,0.09,34.81,0.08,104.92,10.19,10.8
605259.SH,绿田机械,14.32,15.42,1.61,8.94,8.6,5.57,2.2,34.25,18.19,8.84,-11.94,10.78,,30.29,0.33,1.43,1.72,1.66
002898.SZ,赛隆药业,-391.39,-445.88,3.64,-0.76,-0.69,0.24,0.14,36.9,45.43,-1.69,-86.86,43.08,,37.14,0.05,扣非亏损,扣非亏损,亏损
002166.SZ,莱茵生物,43.37,48.36,1.93,3.39,3.28,3.19,2.57,181.82,28.16,9.06,2789.46,24.68,0.94,36.91,0.08,1.96,14.28,13.22
300034.SZ,钢研高纳,42.47,43.22,3.8,6.53,6.82,5.38,0.61,29.87,31.43,12.98,-0.21,29.5,8.13,47.18,0.03,1.47,6.62,6.23
603353.SH,和顺石油,44.99,86.16,1.55,1.93,2.59,3.11,1.55,32.26,9.58,2.02,-31.84,32.28,,20.49,0.04,2.67,44.66,17.37
000877.SZ,天山股份,-9.04,-14.44,0.57,-5.01,-4.57,-0.42,1.71,50.26,13.37,-6.66,-930.47,-12.06,27.65,67.4,1.22,扣非亏损,扣非亏损,亏损
688020.SH,方邦股份,-57.87,-39.05,2.15,-3.92,-2.72,-1.93,0.39,-21.74,30.6,-14.58,11.72,5.51,,23.53,0.04,扣非亏损,扣非亏损,亏损
001282.SZ,三联锻造,23.32,22.54,2.12,6.68,6.93,5.62,0.92,26.85,20.1,9.25,44.28,27.03,,27.73,0.05,0.83,3.37,3.37
601949.SH,中国出版,39.1,35.08,1.76,2.46,3.32,2.37,1.89,29.37,30.84,8.23,-29.39,1.83,0.09,34.59,0.11,19.12,14.28,11.78
002772.SZ,众兴菌业,23.59,71.34,0.82,1.92,2.59,1.92,3.8,76.61,19.78,6.18,-58.47,9.85,,46.03,0.49,7.24,37.25,9.11
600668.SH,尖峰集团,38.44,351.58,0.72,1.15,1.39,1.98,0.9,36.7,22.18,4.14,-48.3,-2.66,0.71,23.69,0.07,-131.93,305.56,27.65
300558.SZ,贝达药业,35.4,51.22,3.49,6.64,7.64,5.04,0.33,20.48,83.81,17.28,50.12,9.75,7.22,38.81,0.03,5.25,7.71,4.63
688114.SH,华大智造,-32.62,-21.5,2.52,-5.99,-5.62,-4.29,,0.0,61.47,-24.97,-104.56,5.94,,19.63,0.35,扣非亏损,扣非亏损,亏损
000600.SZ,建投能源,16.33,33.85,0.93,3.7,4.33,2.82,1.6,86.02,15.27,3.18,276.28,7.69,,67.72,0.25,4.4,9.15,3.77
002412.SZ,汉森制药,17.81,13.8,1.48,6.05,6.43,6.3,,0.0,75.13,18.84,19.14,9.11,0.7,14.33,0.02,1.51,4.56,5.54
603017.SH,中衡设计,27.45,64.14,1.63,3.38,4.51,2.54,3.0,0.0,26.35,7.38,-39.68,-1.96,12.52,54.44,0.12,-32.68,37.96,12.17
834599.BJ,同力股份,11.23,11.23,2.51,16.87,17.64,8.65,4.73,36.0,22.92,10.5,5.6,29.76,,61.08,0.47,0.38,0.67,0.64
002506.SZ,协鑫集成,148.93,-795.86,6.59,1.41,3.33,1.17,,0.0,9.46,0.68,-72.2,49.25,0.72,87.57,0.31,扣非亏损,扣非转亏,89.45
600063.SH,皖维高新,32.48,75.77,1.07,2.2,2.41,1.59,1.16,31.25,13.15,3.13,-43.62,6.87,0.07,45.94,0.24,11.03,34.46,13.48
002633.SZ,申科股份,195.89,-325.09,4.37,1.38,1.69,1.38,,0.0,22.36,2.99,160.17,17.39,,32.09,0.02,扣非亏损,扣非转亏,231.82
002981.SZ,朝阳科技,34.55,47.13,3.52,7.74,8.13,5.16,1.07,30.33,23.2,6.48,-6.55,17.93,8.05,41.31,0.04,2.63,6.09,4.25
300419.SZ,ST浩丰,251.48,-11.38,4.35,0.5,1.3,1.45,,0.0,33.75,2.16,-79.81,5.83,16.19,41.2,0.03,扣非亏损,扣非转亏,386.88
600833.SH,第一医药,15.39,-401.17,2.7,0.74,13.89,9.67,1.04,31.25,16.71,10.76,-70.21,15.52,,41.49,0.09,扣非亏损,扣非转亏,1.11
601111.SH,中国国航,71.1,-69.0,3.18,1.11,3.44,1.63,,0.0,6.56,0.6,149.56,48.32,10.79,88.98,0.24,扣非亏损,扣非转亏,41.34
300685.SZ,艾德生物,34.14,34.83,5.72,12.08,13.06,12.09,0.68,22.73,84.74,26.8,37.74,13.88,,11.16,0.07,2.51,2.88,2.61
000903.SZ,云内动力,-13.43,-4.83,2.2,-12.25,-11.62,-1.52,,0.0,7.9,-7.9,14.32,-16.11,18.44,77.79,0.25,扣非亏损,扣非亏损,亏损
301045.SZ,天禄科技,93.86,205.7,2.52,1.84,2.03,1.23,0.44,133.33,19.26,3.65,62.41,-3.69,0.37,20.58,0.29,-55.75,111.88,46.23
688379.SH,华光新材,19.33,26.43,2.06,7.73,8.17,5.24,0.76,31.25,15.08,5.73,128.64,19.16,,57.44,0.06,1.38,3.42,2.37
600459.SH,贵研铂业,18.44,33.24,1.6,5.91,6.62,4.17,1.32,30.88,2.73,1.28,9.12,14.61,1.06,57.16,0.25,2.27,5.63,2.79
833230.BJ,欧康医药,57.84,71.97,3.68,4.5,4.84,5.03,1.4,90.91,20.52,8.6,65.51,12.27,,16.86,0.03,5.86,15.98,11.95
600706.SH,曲江文旅,-10.25,-5.54,4.22,-27.13,-26.72,-5.13,,0.0,23.58,-17.7,-556.29,18.6,7.26,81.14,0.04,扣非亏损,扣非亏损,亏损
603226.SH,菲林格尔,-54.72,-46.92,1.88,-3.06,-2.55,-2.73,,0.0,12.26,-14.56,-14.14,-9.24,,27.32,0.04,扣非亏损,扣非亏损,亏损
300079.SZ,数码视讯,276.85,-892.46,1.96,0.61,0.53,-0.6,0.18,77.0,62.83,5.89,-11.76,-8.28,,6.35,0.25,扣非亏损,扣非转亏,522.36
301303.SZ,真兰仪表,20.64,25.29,1.99,5.15,7.38,6.8,1.78,31.25,40.73,23.06,-1.74,16.68,0.36,20.44,0.19,1.52,4.92,2.8
002170.SZ,芭田股份,25.59,25.22,2.77,8.11,8.18,5.58,2.7,51.44,22.44,8.43,22.15,15.12,2.71,56.02,0.13,1.67,3.11,3.13
603082.SH,北自科技,33.97,35.42,3.63,10.93,8.57,3.47,,45.31,17.62,8.38,6.29,17.39,3.12,63.99,0.54,2.04,3.24,3.96
688060.SH,云涌科技,426.16,-254.57,2.48,0.27,0.44,0.15,,0.0,38.77,1.14,-9.04,3.26,1.69,7.23,0.01,扣非亏损,扣非转亏,1959.37
603586.SH,金麒麟,30.04,30.7,1.22,3.02,3.02,3.32,2.81,66.18,20.98,5.54,-43.83,9.08,,15.61,0.23,3.38,10.15,9.95
601187.SH,厦门银行,5.95,6.08,0.61,6.34,7.04,,6.11,32.29,,48.33,-5.91,0.54,,92.12,,11.25,0.96,0.84
300263.SZ,隆华科技,31.83,60.46,2.08,4.19,4.77,3.73,0.43,21.43,23.92,8.78,-14.12,10.83,13.68,48.14,0.1,5.58,14.42,6.67
002697.SZ,红旗连锁,14.78,16.83,1.77,8.38,9.22,6.19,2.49,30.24,29.13,5.02,-8.72,3.86,,47.9,0.3,4.37,2.01,1.6
002707.SZ,众信旅游,42.91,60.41,8.01,14.48,15.24,7.57,,0.0,13.04,2.87,1055.73,158.65,,76.47,0.14,0.38,8.35,5.63
830839.BJ,万通液压,21.61,24.54,3.96,12.9,13.95,12.17,3.22,58.86,27.12,17.05,24.68,29.47,,23.91,0.05,0.83,1.9,1.55
836547.BJ,无锡晶海,32.41,40.83,2.53,5.16,6.04,4.99,0.98,26.29,29.81,15.09,-36.2,0.71,,18.33,0.2,57.26,7.92,5.37
688678.SH,福立旺,42.57,42.8,2.43,3.28,4.15,2.55,1.63,58.82,27.41,6.92,34.13,25.03,1.7,53.59,0.09,1.71,13.03,10.26
300882.SZ,万胜智能,30.82,27.69,3.86,8.92,9.27,6.9,2.46,49.18,33.7,15.2,-43.98,27.59,,25.39,0.09,1.0,3.1,3.32
688575.SH,亚辉龙,35.78,41.26,3.93,7.97,8.3,5.74,1.19,43.33,63.69,13.83,19.01,69.15,0.21,36.4,0.04,0.6,5.18,4.31
300938.SZ,信测标准,18.79,22.49,3.24,10.74,11.93,8.37,0.92,22.57,59.54,26.89,8.34,33.43,2.01,37.63,0.1,0.67,2.09,1.57
688059.SH,华锐精密,29.67,24.13,2.55,5.89,6.02,4.88,1.02,31.25,39.64,13.18,-25.88,37.15,,48.24,0.02,0.65,4.09,4.93
000791.SZ,甘肃能源,12.03,17.37,1.08,6.83,6.94,5.03,1.97,33.78,45.08,32.78,9.14,6.52,0.18,49.92,0.1,2.66,2.54,1.73
600800.SH,渤海化学,-5.62,-5.73,2.17,-25.71,-25.3,-12.35,,0.0,-9.07,-15.91,-39.3,17.01,,51.52,0.15,扣非亏损,扣非亏损,亏损
600502.SH,安徽建工,6.7,7.28,0.82,6.52,7.43,1.81,5.59,28.57,12.22,2.42,-21.86,17.14,0.06,85.91,1.56,0.42,1.12,0.9
300022.SZ,吉峰科技,-71.09,-138.8,4.19,-4.79,-4.33,1.14,,0.0,12.28,0.08,-846.46,2.3,9.43,58.3,0.29,扣非亏损,扣非亏损,亏损
603185.SH,弘元绿能,-6.41,-6.89,1.08,-11.61,-11.99,-6.31,1.71,1.57,-7.0,-30.54,-227.45,105.79,,59.68,0.45,扣非亏损,扣非亏损,亏损
301199.SZ,迈赫股份,43.88,93.03,2.15,2.94,3.74,2.29,0.27,33.02,20.12,7.45,198.0,11.78,,38.04,0.2,7.89,31.62,11.73
301210.SZ,金杨股份,58.41,62.63,1.55,1.94,2.0,1.72,0.33,17.65,12.48,5.03,-5.67,17.04,,18.52,0.14,3.67,32.33,29.2
833819.BJ,颖泰生物,-19.76,-16.77,0.97,-3.79,-3.54,-0.63,4.35,125.0,11.44,-4.7,-243.01,-0.02,8.58,56.45,0.22,扣非亏损,扣非亏损,亏损
300595.SZ,欧普康视,25.1,30.45,3.75,10.5,11.57,11.64,0.99,29.88,74.81,40.52,0.4,26.8,11.34,14.84,0.07,1.14,2.9,2.17
002169.SZ,智光电气,-27.58,-29.71,1.79,-4.12,-4.73,-1.02,1.45,-49.07,14.39,-7.21,-543.9,9.64,0.62,63.76,0.12,扣非亏损,扣非亏损,亏损
300423.SZ,昇辉科技,176.46,-3.23,2.57,1.19,1.11,0.34,,0.0,18.8,0.81,103.45,-20.97,1.65,55.97,0.12,扣非亏损,扣非转亏,317.95
300366.SZ,创意信息,-25.81,-16.78,3.84,-10.91,-10.66,-7.29,,0.0,15.01,-46.52,-271.8,-2.04,0.89,55.06,0.04,扣非亏损,扣非亏损,亏损
300010.SZ,豆神教育,141.89,-68.7,19.34,10.72,10.83,3.82,,0.0,45.39,19.6,222.74,-10.26,28.93,47.15,0.01,扣非亏损,扣非转亏,26.2
600239.SH,云南城投,213.12,-36.7,3.69,-4.08,1.31,1.42,,0.0,33.54,0.1,-112.7,-14.64,,80.57,0.16,扣非亏损,扣非亏损,325.37
603230.SH,内蒙新华,11.37,22.71,1.65,9.04,11.08,6.97,2.9,50.56,42.06,20.15,-20.69,13.48,0.24,42.49,0.73,1.68,2.51,1.03
605080.SH,浙江自然,12.15,17.08,1.31,7.75,8.36,8.24,0.44,10.22,35.3,20.83,13.14,14.74,,15.7,0.12,1.16,2.21,1.45
688219.SH,会通股份,21.03,26.47,2.23,6.58,7.69,3.22,0.91,30.3,13.79,3.66,41.95,9.27,7.09,70.28,0.22,2.86,4.02,2.73
002182.SZ,宝武镁业,51.47,44.07,1.98,2.34,2.88,2.06,0.66,28.3,11.48,2.41,-33.73,10.91,1.53,51.42,0.03,4.04,18.85,17.87
002318.SZ,久立特材,16.31,16.74,3.0,13.72,14.19,8.56,2.41,31.37,26.93,15.03,15.6,20.35,0.03,43.96,0.09,0.82,1.22,1.15
300652.SZ,雷迪克,25.07,29.98,2.28,6.1,5.4,6.04,1.81,42.74,31.43,18.07,-1.07,15.12,,22.13,0.11,1.98,4.92,4.64
000813.SZ,德展健康,580.07,-148.19,1.21,0.09,0.15,-0.97,,0.0,61.46,-2.35,123.13,-19.58,5.61,2.63,0.42,扣非亏损,扣非转亏,7734.32
300080.SZ,易成新能,-17.23,-12.97,1.7,-10.01,-6.01,-2.22,,0.0,4.59,-19.44,-972.28,42.64,0.57,58.34,0.18,扣非亏损,扣非亏损,亏损
600354.SH,敦煌种业,125.9,45.01,4.89,0.87,2.96,6.02,,0.0,34.2,10.12,120.39,6.94,0.07,58.63,0.27,6.48,103.56,85.07
601588.SH,北辰实业,-5.5,-6.95,0.59,-8.2,-7.62,-0.64,1.05,100.0,29.24,-22.25,-1986.16,0.87,,73.13,1.54,扣非亏损,扣非亏损,亏损
301222.SZ,浙江恒威,24.49,24.89,2.08,6.15,6.34,6.41,1.01,25.0,25.06,16.92,-4.29,6.68,,5.53,1.05,3.72,4.05,3.86
002204.SZ,大连重工,17.78,33.8,1.29,3.95,5.56,1.83,0.77,18.62,19.0,3.89,35.7,13.7,,71.47,0.22,2.47,8.55,3.2
300766.SZ,每日互动,666.51,-363.54,3.49,0.5,0.39,-0.41,,0.0,76.01,1.78,661.25,-3.64,,9.77,0.08,扣非亏损,扣非转亏,3417.98
600824.SH,益民集团,80.95,563.56,1.6,1.49,1.49,1.57,0.44,31.48,39.44,5.01,-45.89,2.38,,15.54,0.3,237.06,379.07,54.33
688047.SH,龙芯中科,-127.23,-114.08,18.11,-10.97,-10.14,-10.35,,0.0,29.97,-111.36,-22.39,-19.69,,13.84,0.01,扣非亏损,扣非亏损,亏损
688322.SH,奥比中光,-160.38,-68.6,4.39,-3.41,-2.03,-2.79,,0.0,43.99,-16.92,57.24,19.93,0.11,9.2,0.07,扣非亏损,扣非亏损,亏损
000825.SZ,太钢不锈,-28.72,-10.48,0.64,-2.45,-1.66,-0.64,,0.0,1.15,-0.73,-54.57,18.29,,48.64,0.41,扣非亏损,扣非亏损,亏损
603173.SH,福斯达,14.09,17.31,2.44,12.19,13.56,5.03,1.64,30.33,24.33,12.55,40.39,26.28,,67.79,0.93,0.66,1.42,1.04
300779.SZ,惠城环保,308.02,429.72,13.51,2.59,3.16,2.26,0.29,12.82,24.79,5.71,-74.01,70.08,0.12,66.12,0.02,6.13,165.79,97.48
836892.BJ,广咨国际,38.19,29.16,7.06,13.35,13.29,7.09,4.3,88.24,34.24,14.74,11.54,11.38,,52.32,0.22,2.56,2.18,2.87
001324.SZ,长青科技,35.16,47.9,2.08,3.69,4.48,4.14,1.32,17.24,33.34,14.95,-26.12,1.36,,15.14,0.09,35.15,12.99,7.85
300378.SZ,鼎捷数智,109.14,52.39,3.49,2.19,2.4,2.14,0.54,20.52,56.99,2.94,59.1,14.25,1.81,28.09,0.08,3.68,23.9,45.47
603598.SH,引力传媒,146.26,140.65,17.45,9.1,9.4,2.89,,0.0,4.42,0.44,-27.8,-4.53,,86.19,0.07,-31.02,30.9,31.12
688072.SH,拓荆科技,145.03,259.77,11.02,1.4,5.78,2.56,0.15,9.89,43.59,11.41,-62.72,85.87,,63.95,0.07,3.03,185.52,25.09
300435.SZ,中泰股份,19.36,19.16,1.49,5.67,5.86,4.25,1.04,16.3,19.03,9.25,-26.8,16.86,13.62,30.98,0.17,1.14,3.38,3.3
603688.SH,石英股份,39.52,14.74,2.87,4.37,4.96,4.59,8.06,40.86,50.33,31.34,-93.09,138.63,0.93,10.69,0.06,0.11,3.37,7.97
603986.SH,兆易创新,53.27,127.28,3.7,4.99,5.34,4.04,,0.0,39.46,14.73,128.31,18.55,2.56,11.93,0.16,6.86,51.07,19.95
300194.SZ,福安药业,14.41,77.22,1.32,6.62,7.06,5.62,1.14,26.32,52.96,15.13,26.08,3.88,5.93,27.09,0.2,19.92,11.66,2.04
300251.SZ,光线传媒,41.06,53.36,2.83,4.93,5.24,5.47,0.86,50.0,42.96,31.97,24.28,23.38,0.17,12.24,0.08,2.28,10.82,7.84
002719.SZ,麦趣尔,-11.94,-12.8,3.75,-17.65,-21.1,-6.21,,0.0,15.6,-18.46,-15.16,-3.7,,70.47,0.02,扣非亏损,扣非亏损,亏损
605365.SH,立达信,21.72,30.86,2.21,6.53,7.73,4.56,1.72,51.36,28.69,5.64,-6.94,8.21,,43.6,0.08,3.76,4.72,2.81
002306.SZ,中科云网,-56.64,-84.25,930.56,-270.27,-638.64,-6.68,,0.0,12.64,-44.99,56.29,1.27,12.49,83.36,0.0,扣非亏损,扣非亏损,亏损
836720.BJ,吉冈精密,69.66,79.46,8.85,9.19,9.58,6.91,0.97,68.73,21.02,11.14,51.27,21.84,,43.57,0.19,3.64,8.65,7.27
601163.SH,三角轮胎,10.45,12.47,0.93,5.37,6.73,5.18,4.65,38.29,18.73,11.61,-21.4,6.97,,29.89,0.18,1.79,2.32,1.55
600011.SH,华能国际,8.04,17.84,1.92,7.44,14.93,4.05,2.6,57.14,16.03,7.24,6.87,14.72,5.88,64.34,0.36,1.21,2.4,0.54
600812.SH,华北制药,70.83,210.43,1.8,1.55,1.91,2.58,0.18,333.33,30.26,1.94,1053.17,-4.05,0.05,69.57,0.18,-51.98,136.12,37.06
002685.SZ,华东重机,153.91,-9.68,4.74,1.09,2.34,0.55,,0.0,6.89,1.75,117.17,-47.05,,59.96,0.06,扣非亏损,扣非转亏,131.54
300287.SZ,飞利信,-44.43,-30.68,5.84,-9.64,0.0,-4.82,,0.0,19.78,-28.82,19.33,4.96,1.13,50.47,0.01,扣非亏损,扣非亏损,-inf
300780.SZ,德恩精工,-53.71,-28.99,2.31,-3.77,-3.18,-1.17,,0.0,14.36,-9.79,-867.76,6.73,,43.57,0.06,扣非亏损,扣非亏损,亏损
430425.BJ,乐创技术,63.68,69.42,4.96,5.21,5.7,5.17,1.36,51.28,62.03,23.79,-23.89,7.02,,4.65,0.12,9.89,13.32,11.17
600755.SH,厦门国贸,15.73,-16.84,0.73,-2.16,1.42,2.07,7.17,78.12,1.43,0.25,-217.34,11.46,1.11,66.71,0.85,扣非亏损,扣非亏损,11.08
001269.SZ,欧晶科技,-18.96,-34.41,4.44,-14.64,-13.78,-7.27,2.24,35.3,5.43,-27.66,-140.4,79.6,,47.72,0.12,扣非亏损,扣非亏损,亏损
300092.SZ,科新机电,17.43,20.08,2.07,8.86,8.98,6.93,1.73,37.54,27.79,13.61,3.12,27.19,,28.77,0.1,0.74,2.27,1.94
301508.SZ,中机认检,68.82,,4.63,4.58,5.04,4.17,1.19,51.13,42.5,17.25,,18.62,0.4,15.15,0.15,,,13.65
832149.BJ,利尔达,-85.45,-85.55,7.42,-7.31,-6.35,-1.93,,0.0,13.42,-3.38,-485.26,23.72,,64.63,0.1,扣非亏损,扣非亏损,亏损
600939.SH,重庆建工,-96.48,-15.33,0.86,-1.82,-0.63,0.6,0.3,-500.0,6.77,-0.26,-180.14,-6.5,,89.92,0.6,扣非亏损,扣非亏损,亏损
600526.SH,菲达环保,20.28,21.01,1.01,3.07,3.78,2.21,,0.0,25.15,8.03,28.25,12.97,0.04,57.35,0.57,1.62,13.67,10.73
688392.SH,骄成超声,205.94,-155.56,3.38,-0.78,1.21,0.16,0.24,34.48,51.37,4.89,-122.8,27.2,,19.16,0.23,扣非亏损,扣非亏损,170.2
688220.SH,翱捷科技,-31.19,-28.63,2.92,-7.78,-6.74,-5.82,,0.0,23.46,-16.24,11.02,39.77,0.28,13.23,0.25,扣非亏损,扣非亏损,亏损
603217.SH,元利科技,17.6,19.71,1.14,4.58,4.88,4.04,2.19,33.06,16.38,9.14,-9.67,29.19,,18.9,0.41,0.68,4.3,3.61
301163.SZ,宏德股份,74.6,60.59,1.72,1.71,1.72,1.02,0.92,41.83,16.13,4.01,-45.74,1.87,,17.63,0.29,32.32,35.47,43.37
002145.SZ,中核钛白,29.77,39.25,1.49,3.22,3.76,2.55,1.13,43.93,18.52,8.68,51.63,12.29,4.67,36.35,0.39,3.19,12.21,7.92
688551.SH,科威尔,37.44,30.21,1.97,3.45,3.93,2.38,1.05,41.38,48.98,13.46,-32.61,48.3,0.23,23.44,0.19,0.63,8.76,9.53
300688.SZ,创业黑马,-84.49,-172.8,10.01,-8.96,-8.31,-6.32,0.02,8.33,53.46,-27.01,-198.18,29.36,,29.82,0.06,扣非亏损,扣非亏损,亏损
300963.SZ,中洲特材,30.95,40.3,2.88,6.89,7.15,5.16,0.59,22.0,20.12,9.02,0.19,21.96,,42.07,0.05,1.83,5.85,4.33
600329.SH,达仁堂,24.18,29.55,4.04,11.78,12.04,8.77,3.8,100.0,48.97,14.14,-8.93,7.9,1.02,41.17,0.08,3.74,2.51,2.01
603676.SH,卫信康,13.34,22.66,2.92,13.96,17.2,14.44,2.73,57.0,54.71,24.46,15.84,24.77,,23.34,0.06,0.92,1.62,0.78
300571.SZ,平治信息,454.46,-96.01,2.28,0.31,0.38,1.07,,0.0,8.95,0.6,-75.78,0.68,2.05,59.11,0.12,扣非亏损,扣非转亏,2391.89
601311.SH,骆驼股份,15.78,16.2,1.09,5.16,5.16,3.53,3.37,55.1,14.99,4.47,25.41,13.93,3.55,35.73,0.16,1.16,3.14,3.06
873806.BJ,云星宇,90.73,120.0,3.81,2.67,3.26,1.38,,18.87,16.49,3.58,-48.81,-10.57,0.19,59.38,0.35,-11.36,44.91,27.83
688244.SH,永信至诚,-69.0,137.24,2.95,-3.77,-3.09,-3.1,0.41,50.22,54.11,-18.76,20.78,10.93,,12.12,0.13,12.56,扣非亏损,亏损
001373.SZ,翔腾新材,129.41,133.25,2.14,1.24,1.22,1.18,0.45,35.09,12.85,3.12,-63.1,-1.57,,14.2,0.17,-84.81,107.39,106.07
600435.SH,北方导航,-161.66,-177.7,6.1,-3.35,-2.75,-1.68,0.34,30.77,31.24,-9.57,-150.44,7.27,1.66,47.65,0.05,扣非亏损,扣非亏损,亏损
300391.SZ,长药控股,-9.31,-3.62,158.66,-170.97,-173.0,-6.64,,0.0,4.93,-277.32,6.25,12.34,28.3,76.15,0.0,扣非亏损,扣非亏损,亏损
688772.SH,珠海冠宇,55.59,103.14,3.01,2.58,3.82,0.6,1.23,87.1,25.84,1.85,-17.62,19.63,0.13,67.4,0.16,5.25,39.96,14.55
002801.SZ,微光股份,17.18,18.85,3.19,14.06,14.64,13.72,1.38,56.6,32.49,22.79,1.37,17.63,,17.9,0.21,1.07,1.34,1.17
300169.SZ,天晟新材,360.84,-25.84,34.67,6.0,5.5,3.23,,0.0,22.92,2.06,115.74,-13.26,,87.41,0.02,扣非亏损,扣非转亏,131.22
300792.SZ,壹网壹创,38.48,56.6,1.7,3.12,3.32,2.89,0.56,29.35,27.35,10.75,-17.02,2.22,2.64,6.28,0.25,25.54,18.17,11.59
600848.SH,上海临港,33.34,37.73,1.47,3.08,3.28,1.97,1.99,47.62,63.83,23.14,-4.04,24.07,0.04,62.92,0.23,1.57,12.23,10.17
300329.SZ,海伦钢琴,-77.38,-12.61,1.84,-3.95,-1.76,-0.82,,0.0,18.16,-12.73,-275.7,-13.06,,34.3,0.03,扣非亏损,扣非亏损,亏损
603069.SH,海汽集团,-782.25,-110.96,6.92,-2.46,-0.66,0.38,,0.0,13.79,-0.94,60.01,10.4,0.13,67.36,0.06,扣非亏损,扣非亏损,亏损
000995.SZ,皇台酒业,80.57,-385.21,16.72,2.33,16.97,5.77,,0.0,65.9,19.77,-9.42,17.44,,69.89,0.01,扣非亏损,扣非转亏,9.5
688084.SH,晶品特装,-113.08,-500.42,2.61,-2.22,-1.68,-1.99,0.27,50.0,28.82,-44.72,-36.2,-1.6,0.24,15.99,0.43,扣非亏损,扣非亏损,亏损
600252.SH,中恒集团,606.4,-108.57,1.4,-0.17,0.17,-0.28,0.4,40.65,40.5,-0.48,-111.93,-4.69,3.25,28.17,0.39,扣非亏损,扣非亏损,3567.05
605296.SH,神农集团,23.12,47.61,3.15,11.12,10.81,8.26,,0.0,19.63,11.78,332.47,12.89,,27.72,0.49,3.69,8.56,4.28
002216.SZ,三全食品,19.42,21.52,2.38,7.25,9.09,6.92,3.73,58.82,25.03,7.69,-35.43,0.74,0.36,40.28,0.08,28.94,2.97,2.14
300182.SZ,捷成股份,31.9,39.24,1.86,4.47,4.46,3.64,,0.0,29.68,17.12,-11.3,-2.14,35.88,26.91,0.01,-18.3,17.55,14.3
600538.SH,国发股份,-85.66,-26.56,2.81,-1.97,-2.43,-1.91,,0.0,24.91,-7.33,-1.4,15.73,23.1,14.56,0.05,扣非亏损,扣非亏损,亏损
301234.SZ,五洲医疗,40.28,60.81,2.44,3.6,4.53,4.11,1.18,45.13,17.37,10.02,-48.42,4.35,,11.87,0.34,13.97,16.91,8.89
603389.SH,亚振家居,-27.14,-16.57,5.97,-16.21,-15.25,-8.17,,0.0,35.87,-36.43,23.86,-14.0,,47.94,0.0,扣非亏损,扣非亏损,亏损
601666.SH,平煤股份,9.29,8.45,1.03,7.51,7.09,5.26,8.56,57.25,27.3,9.47,-32.43,13.84,,58.59,0.45,0.61,1.12,1.31
873339.BJ,恒太照明,27.6,32.28,2.98,7.96,8.09,6.2,2.86,60.61,19.01,8.55,-29.35,8.78,,27.88,0.09,3.68,4.06,3.41
688138.SH,清溢光电,43.32,49.9,4.86,7.66,8.55,6.84,0.71,32.0,29.53,14.57,33.13,24.34,,44.85,0.07,2.05,6.52,5.07
300857.SZ,协创数据,28.82,33.94,7.04,20.0,20.23,10.85,0.21,9.11,17.85,10.26,186.58,28.64,,53.05,0.07,1.18,1.7,1.42
688035.SH,德邦科技,66.61,74.81,2.37,2.34,2.67,2.25,0.47,34.72,26.63,7.57,-23.05,33.12,0.31,17.21,0.14,2.26,31.98,24.95
688310.SH,迈得医疗,206.04,86.14,2.48,0.03,0.88,0.21,1.67,58.82,48.86,0.93,-99.53,22.22,1.18,16.24,0.04,3.88,2496.67,234.13
300009.SZ,安科生物,19.68,21.08,3.93,14.47,15.47,14.02,2.45,49.02,77.75,31.22,-11.93,19.3,1.64,17.2,0.03,1.09,1.46,1.27
600423.SH,柳化股份,54.78,47.95,4.11,5.74,5.92,3.65,,0.0,23.88,23.97,173.1,10.07,,5.19,0.19,4.76,16.7,18.51
688691.SH,灿芯股份,84.51,101.38,6.72,6.4,7.22,4.72,,22.6,28.13,9.5,-43.88,2.99,,20.29,0.49,33.92,15.83,11.71
300869.SZ,康泰医学,474.41,-158.14,3.29,-0.32,0.5,0.25,1.45,73.17,49.9,2.97,-103.53,-17.3,,31.74,0.15,扣非亏损,扣非亏损,948.83
301312.SZ,智立方,77.51,148.86,3.91,2.39,3.72,3.01,0.46,43.1,24.97,10.8,-41.81,10.65,,16.97,0.09,13.98,62.2,20.84
688232.SH,新点软件,-601.61,62.57,2.09,-1.56,-0.25,-0.31,0.99,61.02,60.94,-1.16,53.7,6.35,,15.87,0.03,9.85,扣非亏损,亏损
300275.SZ,梅安森,77.83,88.69,5.45,5.01,5.39,4.19,0.2,15.46,44.1,13.23,30.58,14.97,,34.44,0.01,5.92,17.71,14.44
603229.SH,奥翔药业,22.49,28.21,2.99,9.59,10.15,8.6,0.98,30.0,57.94,33.18,0.1,26.75,,23.98,0.15,1.05,2.94,2.22
001300.SZ,三柏硕,104.06,-63.63,2.72,1.11,1.98,1.31,,0.0,23.78,5.17,204.49,-22.52,,17.81,0.3,扣非亏损,扣非转亏,105.11
002890.SZ,弘宇股份,101.61,127.54,3.16,1.7,2.32,1.99,0.65,60.68,18.54,5.38,-13.0,-3.5,,19.76,0.03,-36.44,75.19,43.8
600330.SH,天通股份,57.42,95.39,1.19,1.25,1.53,0.96,0.93,30.42,20.72,4.96,-49.85,7.16,1.27,31.57,0.26,13.32,76.2,37.53
300317.SZ,珈伟新能,-35.22,-32.14,1.96,-4.49,-4.12,-2.05,,0.0,26.53,-27.8,-921.15,9.52,0.47,43.23,0.09,扣非亏损,扣非亏损,亏损
600731.SH,湖南海利,12.34,16.35,1.07,6.07,6.54,4.79,3.04,40.23,24.55,11.89,10.49,4.51,,26.59,0.28,3.62,2.69,1.89
603070.SH,万控智造,57.8,49.0,2.35,2.96,3.03,1.82,0.93,34.09,21.41,4.05,-54.51,11.3,,30.74,0.55,4.34,16.56,19.08
300676.SZ,华大基因,-117.1,-145.76,1.97,-1.41,-1.26,-1.38,0.21,44.13,45.22,-4.39,-260.86,-17.87,0.47,24.94,0.2,扣非亏损,扣非亏损,亏损
300951.SZ,博硕科技,24.5,26.48,2.31,6.62,7.14,5.56,1.54,46.95,36.57,16.77,-18.36,35.31,,22.81,0.17,0.75,4.0,3.43
000608.SZ,阳光股份,-73.3,-8.83,0.81,-1.21,-0.82,1.44,,0.0,54.13,-1.66,37.66,-16.34,,41.8,0.03,扣非亏损,扣非亏损,亏损
000906.SZ,浙商中拓,9.4,44.95,1.09,1.07,7.9,2.79,4.79,37.23,1.11,0.37,-87.95,25.69,0.08,81.06,1.13,1.75,42.19,1.19
301246.SZ,宏源药业,122.77,-605.16,1.36,0.12,0.83,0.78,0.19,22.26,12.54,2.73,-91.48,17.15,,25.78,0.43,扣非亏损,扣非转亏,147.91
002488.SZ,金固股份,233.4,234.57,2.4,0.61,0.77,0.85,0.17,40.0,8.24,1.14,354.06,8.66,0.76,47.13,0.02,27.07,386.51,303.12
600193.SH,创兴资源,-55.54,-42.11,5.25,-7.16,-6.84,-2.27,,0.0,43.3,-42.9,-213.82,-49.8,,62.17,0.0,扣非亏损,扣非亏损,亏损
688023.SH,安恒信息,-11.24,-26.86,2.14,-14.47,-13.76,-6.56,,0.0,55.79,-29.75,36.06,18.66,4.42,48.38,0.26,扣非亏损,扣非亏损,亏损
002064.SZ,华峰化学,15.44,16.52,1.58,7.46,7.84,6.1,2.24,30.0,15.6,9.91,4.24,28.5,0.23,25.97,0.15,0.58,2.21,1.97
688309.SH,恒誉环保,-10513.14,783.57,1.58,-0.51,-0.01,-0.19,0.46,40.56,46.19,-0.13,-136.86,14.36,2.32,15.58,0.13,54.58,扣非亏损,亏损
605598.SH,上海港湾,32.69,35.19,2.56,5.79,6.0,5.98,0.8,29.18,34.49,11.43,-23.84,19.19,,19.06,0.13,1.83,6.08,5.45
000801.SZ,四川九洲,93.72,126.3,5.03,2.54,4.03,2.38,1.3,51.05,22.36,5.61,-14.26,5.22,,51.51,0.05,24.22,49.65,23.26
688711.SH,宏微科技,796.56,541.3,3.95,-0.9,0.35,0.19,0.22,11.76,15.37,-0.04,-112.28,65.57,0.74,56.2,0.03,8.26,转盈,2275.87
002157.SZ,正邦科技,73.29,-11.47,2.53,-2.74,2.74,2.39,,0.0,12.55,5.08,88.68,-41.43,,47.05,0.13,扣非亏损,扣非亏损,53.5
301175.SZ,中科环保,24.03,26.5,2.4,7.47,7.6,5.14,2.0,55.56,41.42,24.56,31.7,37.73,,48.57,0.31,0.7,3.54,3.16
300583.SZ,赛托生物,255.16,-654.09,2.58,0.28,0.74,1.44,2.28,180.0,26.38,1.73,-85.39,12.78,,35.26,0.03,扣非亏损,扣非转亏,344.8
002916.SZ,深南电路,26.97,32.69,3.76,10.04,10.88,7.06,1.27,32.97,25.91,11.4,86.67,5.74,,42.47,0.01,5.7,3.26,2.48
002228.SZ,合兴包装,18.92,30.66,1.14,4.32,4.41,2.21,3.5,133.33,12.15,1.61,24.16,4.84,0.5,56.69,0.15,6.34,7.09,4.29
688096.SH,京源环保,-105.55,-20.75,1.82,-1.71,-1.19,0.75,,0.0,31.91,-3.52,-268.89,6.29,,58.43,0.08,扣非亏损,扣非亏损,亏损
300411.SZ,金盾股份,231.37,-324.73,6.68,1.41,2.2,1.26,,0.0,21.95,6.42,-8.8,-10.77,1.48,33.82,0.02,扣非亏损,扣非转亏,210.34
002579.SZ,中京电子,-40.62,-47.1,2.11,-3.98,-3.83,-0.73,,0.0,11.09,-4.7,19.04,5.16,4.96,57.7,0.04,扣非亏损,扣非亏损,亏损
600104.SH,上汽集团,20.76,117.83,0.65,0.36,2.37,1.3,2.74,30.22,8.91,2.01,-88.92,0.23,0.35,63.33,0.87,505.11,325.03,8.76
000862.SZ,银星能源,19.66,42.67,1.15,3.92,4.48,3.46,,0.0,36.0,21.17,9.48,-1.25,,52.75,0.05,-34.25,21.78,8.78
600620.SH,天宸股份,-788.38,-85.15,2.5,-2.41,-0.23,0.37,0.11,33.33,39.78,-3.27,-231.45,172.74,,47.54,0.09,扣非亏损,扣非亏损,亏损
002928.SZ,华夏航空,26.42,373.74,3.18,8.98,9.46,3.89,,0.0,5.92,5.95,141.52,15.11,,83.13,0.18,24.73,83.23,5.59
300145.SZ,中金环境,19.16,42.41,2.44,7.88,10.05,3.96,,0.0,35.29,7.49,0.02,9.22,6.99,65.63,0.15,4.6,10.76,3.81
000002.SZ,万科A,-4.36,-6.28,0.45,-5.97,-7.4,-0.8,,0.0,9.5,-7.46,-220.96,3.92,1.48,72.42,0.94,扣非亏损,扣非亏损,亏损
603313.SH,梦百合,-19.64,-22.05,1.07,-4.12,-4.0,0.72,,0.0,37.23,-2.72,-225.29,7.54,7.37,61.5,0.2,扣非亏损,扣非亏损,亏损
601069.SH,西部黄金,66.08,-433.19,2.51,3.88,2.89,3.09,,0.0,10.05,2.55,425.0,-15.4,3.09,36.04,0.07,扣非亏损,扣非转亏,45.73
600288.SH,大恒科技,-448.97,-447.34,2.06,0.42,-0.34,-0.14,0.11,10.5,36.18,-0.63,23.67,0.51,1.29,27.79,0.17,扣非亏损,扣非转亏,亏损
688629.SH,华丰科技,-240.76,-246.26,10.9,-4.95,-3.29,-2.14,0.23,29.41,16.9,-7.12,-521.75,8.4,,45.85,0.06,扣非亏损,扣非亏损,亏损
600861.SH,北京人力,13.41,23.36,1.8,6.49,10.32,6.39,2.58,44.88,5.73,2.56,137.92,-4.37,0.3,57.48,0.97,-5.34,3.6,1.3
601126.SH,四方股份,18.98,22.06,3.49,13.74,14.18,6.66,4.24,80.0,33.7,11.98,14.56,14.22,,56.97,0.21,1.55,1.61,1.34
002580.SZ,圣阳股份,16.97,28.4,1.74,6.73,7.91,5.14,0.66,15.0,19.08,6.63,-8.31,17.69,,35.32,0.14,1.61,4.22,2.15
002636.SZ,金安国纪,45.85,-50.12,1.77,-1.0,2.92,1.03,0.67,-55.56,7.55,3.38,-48.72,7.38,5.16,41.52,0.09,扣非亏损,扣非亏损,31.4
002768.SZ,国恩股份,10.04,12.16,1.29,8.99,9.92,3.93,0.84,10.47,8.27,3.44,11.18,34.45,5.12,59.56,0.77,0.35,1.35,1.01
300821.SZ,东岳硅材,89.1,95.62,2.12,1.94,1.8,1.17,,0.0,6.55,2.2,133.18,33.27,,25.11,0.07,2.87,98.82,99.0
301029.SZ,怡合达,36.62,38.72,3.97,10.37,10.51,9.41,1.55,42.11,35.44,17.67,-28.05,34.37,,14.56,0.12,1.13,3.74,3.48
301082.SZ,久盛电气,134.85,275.35,3.37,1.84,1.86,1.44,0.99,58.06,12.55,1.47,-64.41,22.14,,67.44,0.23,12.43,149.83,72.5
688281.SH,华秦科技,47.54,46.46,4.39,6.82,7.13,6.26,0.25,14.11,54.61,39.55,14.42,30.5,,19.54,0.14,1.52,6.81,6.67
603136.SH,天目湖,27.58,29.0,2.38,6.26,6.21,7.21,2.92,67.85,52.84,24.88,-27.36,23.6,,18.92,0.19,1.23,4.63,4.44
000582.SZ,北部湾港,14.66,20.0,1.02,3.78,5.78,4.14,2.6,30.66,31.09,20.62,-19.22,8.96,,44.25,0.27,2.23,5.29,2.54
600059.SH,古越龙山,45.84,42.32,1.41,2.26,2.31,2.26,1.51,31.82,36.75,10.49,2.35,11.35,0.37,9.2,0.22,3.73,18.71,19.85
300717.SZ,华信新材,34.75,36.67,2.32,4.9,5.05,4.31,1.19,50.0,31.77,15.09,14.46,8.08,,14.17,0.11,4.54,7.49,6.88
002253.SZ,川大智胜,-106.4,-20.42,3.26,-2.82,-2.27,-1.94,,0.0,24.5,-23.36,-2.71,-20.33,0.19,19.35,0.03,扣非亏损,扣非亏损,亏损
300730.SZ,科创信息,-38.58,-30.71,10.44,-18.55,-18.56,-6.17,,0.0,21.41,-43.22,48.82,-11.41,,63.7,0.03,扣非亏损,扣非亏损,亏损
603909.SH,建发合诚,28.95,25.64,2.35,5.74,6.21,2.86,0.7,31.63,5.43,1.74,123.68,89.46,10.11,71.81,0.3,0.29,4.47,4.66
003022.SZ,联泓新科,91.95,106.57,3.04,2.09,2.49,1.5,0.44,24.24,15.33,3.51,19.3,6.17,0.85,58.44,0.11,17.28,50.89,36.93
002476.SZ,宝莫股份,87.61,-3926.44,3.05,1.83,2.64,2.3,0.16,116.28,17.65,6.06,2290.65,0.81,,10.05,0.13,扣非亏损,扣非转亏,33.18
688268.SH,华特气体,36.8,36.88,3.74,6.91,6.91,5.58,0.74,34.97,31.88,12.53,14.16,17.27,6.51,39.53,0.12,2.13,5.34,5.33
603033.SH,三维股份,191.59,363.93,3.98,1.35,1.54,1.7,0.32,33.33,10.29,1.82,-68.99,34.19,16.02,67.45,0.02,10.64,270.48,124.41
688526.SH,科前生物,19.55,26.67,1.76,5.82,6.75,5.51,2.11,50.62,64.01,39.07,-34.11,9.29,0.09,12.94,0.06,2.87,4.58,2.9
000685.SZ,中山公用,9.83,13.7,0.78,5.13,6.07,4.06,2.74,30.3,21.75,31.4,8.14,34.97,0.02,42.68,0.13,0.39,2.67,1.62
300472.SZ,新元科技,-27.37,-9.77,3.76,-15.66,-9.92,-4.65,,0.0,15.61,-22.49,-2.38,-7.09,0.21,64.23,0.01,扣非亏损,扣非亏损,亏损
603893.SH,瑞芯微,75.33,87.58,10.48,10.68,10.92,8.81,0.32,62.5,36.52,16.29,417.14,8.57,,13.52,0.04,10.21,8.2,6.9
688469.SH,芯联集成,-40.13,-23.23,3.06,-8.78,-5.63,-4.4,,0.0,-0.43,-36.24,38.97,105.67,,49.0,0.21,扣非亏损,扣非亏损,亏损
603301.SH,振德医疗,15.21,47.51,1.12,4.11,5.62,5.21,5.1,67.57,34.84,10.16,-20.59,-21.08,13.6,25.86,0.13,-2.25,11.55,2.71
600792.SH,云煤能源,-10.07,-10.13,1.24,-9.53,-9.09,-1.97,1.48,46.0,-0.17,-5.99,-325.66,17.26,,67.0,0.09,扣非亏损,扣非亏损,亏损
002592.SZ,ST八菱,20.03,53.36,1.51,4.78,5.94,4.91,,0.0,20.24,11.89,-14.67,-3.3,0.4,20.46,0.05,-16.17,22.31,6.74
300460.SZ,惠伦晶体,1822.81,-26.97,4.65,-1.53,0.19,1.11,,0.0,18.51,0.41,68.24,9.86,0.46,50.57,0.02,扣非亏损,扣非亏损,19187.49
600276.SH,恒瑞医药,49.12,56.06,6.91,10.96,10.88,10.07,0.44,29.41,85.97,22.87,37.38,-5.74,,8.29,0.07,-9.77,5.11,4.51
603828.SH,ST柯利达,84.45,-10.55,2.54,-1.28,0.38,1.35,,0.0,11.95,0.82,-164.3,-0.11,,82.06,0.07,扣非亏损,扣非亏损,444.45
002076.SZ,星光股份,-852.53,-135.86,7.21,-2.61,-0.64,-0.17,,0.0,37.4,-1.99,38.3,-18.82,1.16,49.05,0.04,扣非亏损,扣非亏损,亏损
600305.SH,恒顺醋业,55.94,177.23,2.7,3.19,3.64,3.23,0.76,85.89,36.22,7.59,-19.72,1.67,,19.07,0.06,106.25,55.57,15.37
600976.SH,健民集团,15.82,19.06,2.83,11.67,13.93,8.5,1.84,35.19,43.0,11.27,-23.36,20.14,0.01,42.78,0.03,0.95,1.63,1.14
301258.SZ,富士莱,134.28,-194.1,1.31,-0.66,0.72,0.51,1.86,49.22,20.5,4.43,-114.14,1.48,,9.01,0.36,扣非亏损,扣非亏损,186.51
601998.SH,中信银行,5.28,5.45,0.55,6.75,7.6,,6.16,25.68,,32.38,0.88,1.93,0.11,91.04,,2.82,0.81,0.69
000661.SZ,长春高新,12.18,12.11,1.97,12.61,12.43,10.44,3.09,40.14,85.6,28.13,-21.45,19.39,0.17,16.28,0.14,0.62,0.96,0.98
300506.SZ,*ST名家,-59.28,-8.03,24.64,-36.08,-26.96,-2.04,,0.0,48.41,-34.07,57.87,-34.97,,86.15,0.01,扣非亏损,扣非亏损,亏损
601138.SH,工业富联,23.34,22.01,3.28,10.39,10.04,5.8,3.84,54.72,6.82,3.47,8.87,3.77,0.22,53.32,0.12,5.84,2.12,2.33
000850.SZ,华茂股份,20.15,62.7,0.94,1.57,3.44,3.06,2.62,68.03,12.69,6.0,102.64,1.68,0.01,35.7,0.11,37.23,40.02,5.86
300808.SZ,久量股份,-183.01,-253.99,3.79,-1.51,-0.01,-1.44,1.2,72.59,13.26,-4.94,-122.42,-12.11,,19.26,0.03,扣非亏损,扣非亏损,亏损
600619.SH,海立股份,489.51,-1323.82,2.43,-0.4,0.37,0.56,0.15,33.33,11.56,-0.04,78.58,16.76,9.63,64.87,0.36,扣非亏损,扣非亏损,1322.99
600116.SH,三峡水利,27.21,35.87,1.23,3.09,3.4,2.68,1.99,55.56,11.17,4.56,35.57,34.46,26.61,52.72,0.1,1.04,11.6,8.0
688630.SH,芯碁微装,43.34,42.61,4.34,7.23,7.34,5.76,0.94,55.94,40.99,21.6,54.94,39.44,,23.77,0.08,1.08,5.9,5.9
600684.SH,珠江股份,132.92,113.33,6.65,7.46,3.83,2.17,,0.0,19.51,1.67,134.31,5.49,,71.82,0.14,20.65,30.4,69.41
688199.SH,久日新材,-83.54,-37.88,1.04,-1.23,-0.93,-0.1,,0.0,13.52,-2.44,56.69,8.01,1.79,35.82,0.23,扣非亏损,扣非亏损,亏损
002012.SZ,凯恩股份,103.65,128.12,1.64,0.74,1.2,1.15,0.55,31.0,17.95,7.11,174.19,-15.52,,7.37,0.25,-8.26,173.98,86.38
002849.SZ,威星智能,46.21,143.85,3.06,4.77,5.08,3.78,0.21,26.67,35.26,7.7,2.22,3.11,,43.17,0.09,46.28,30.18,9.1
688256.SH,寒武纪,-199.22,-201.14,37.45,-15.99,-13.48,-12.04,,0.0,55.23,-393.12,9.07,18.51,,15.56,0.0,扣非亏损,扣非亏损,亏损
300845.SZ,捷安高科,171.51,40.82,2.58,0.59,1.12,0.56,1.38,55.56,48.68,5.61,95.86,8.09,,17.79,0.14,5.04,68.71,153.13
301030.SZ,仕净科技,30.67,28.85,2.98,6.63,7.61,2.16,0.72,19.4,19.66,4.46,-20.67,79.82,,81.79,0.15,0.36,4.35,4.03
000066.SZ,中国长城,-68.22,-65.94,5.21,-5.77,-5.58,-1.38,,0.0,16.38,-6.82,24.57,-0.78,0.19,61.1,0.07,扣非亏损,扣非亏损,亏损
603021.SH,山东华鹏,-13.15,-8.24,16.26,-64.34,-63.34,-2.64,,0.0,10.5,-33.91,34.77,-18.24,,94.53,0.02,扣非亏损,扣非亏损,亏损
300902.SZ,国安达,-349.67,398.99,4.22,-1.74,-0.86,-1.13,0.85,100.0,35.48,-4.28,-306.63,12.39,,10.44,0.02,32.2,扣非亏损,亏损
000697.SZ,炼石航空,-25.78,-32.55,34.5,-72.94,,-2.31,,0.0,8.77,-16.27,19.5,11.7,280.59,93.69,0.02,扣非亏损,扣非亏损,
002648.SZ,卫星化学,12.64,11.51,2.24,15.34,13.9,7.7,2.71,28.17,22.1,11.43,20.48,68.94,0.16,58.84,0.11,0.17,0.75,0.91
603278.SH,大业股份,-16.67,-22.92,1.1,-5.45,-4.79,-0.41,0.28,10.61,3.64,-3.2,-412.66,24.85,,67.83,0.58,扣非亏损,扣非亏损,亏损
000570.SZ,苏常柴A,59.94,689.27,1.08,1.25,1.34,0.93,0.82,30.58,16.23,2.68,517.83,-1.81,,34.7,0.21,-380.04,553.45,44.73
300214.SZ,日科化学,-38.73,-64.58,1.1,-2.19,-2.08,-0.54,0.62,22.22,4.34,-2.24,-181.66,4.46,6.92,48.03,0.09,扣非亏损,扣非亏损,亏损
300729.SZ,乐歌股份,15.88,23.54,1.59,4.5,8.55,5.08,2.23,19.7,29.84,6.68,-8.64,27.1,,64.57,0.48,0.87,5.24,1.86
002813.SZ,路畅科技,-60.19,-61.26,9.89,-12.11,-11.64,-7.31,,0.0,21.0,-19.68,-106.76,-16.73,,32.77,0.02,扣非亏损,扣非亏损,亏损
836699.BJ,海达尔,28.22,32.52,7.26,17.96,19.08,14.13,3.82,69.16,28.56,18.56,161.55,14.47,,39.92,0.01,2.25,1.81,1.48
600885.SH,宏发股份,19.51,22.77,3.75,13.72,14.48,10.34,1.59,32.76,35.17,15.42,11.14,18.76,0.11,40.7,0.11,1.21,1.66,1.35
603536.SH,惠发食品,-60.41,-4435.55,5.2,-6.77,-5.8,-0.99,0.13,66.67,17.52,-2.2,6.51,13.08,,68.43,0.1,扣非亏损,扣非亏损,亏损
836957.BJ,汉维科技,53.79,51.38,3.1,4.1,4.33,2.88,1.11,43.48,11.43,3.91,12.97,-0.25,,37.19,0.24,-204.85,12.54,12.42
301295.SZ,美硕科技,65.05,69.55,2.43,2.77,2.79,1.32,1.51,72.46,19.09,6.06,-24.5,5.68,,18.12,0.8,12.25,25.13,23.31
603733.SH,仙鹤股份,12.84,13.69,1.84,9.75,10.68,5.3,2.17,37.23,16.55,11.33,135.46,21.13,0.12,64.65,0.07,0.65,1.4,1.2
300447.SZ,全信股份,56.47,75.35,2.18,2.83,2.88,2.31,0.46,15.39,37.61,7.51,-54.07,14.32,0.3,24.41,0.05,5.26,26.66,19.61
301469.SZ,恒达新材,30.74,35.26,1.61,3.52,3.89,3.31,1.65,47.37,14.45,7.11,-24.71,8.47,,17.47,0.16,4.16,10.01,7.9
837046.BJ,亿能电力,92.98,93.22,6.62,4.98,5.4,4.11,1.08,40.0,27.0,9.73,22.63,10.78,,34.53,0.09,8.65,18.73,17.22
301111.SZ,粤万年青,144.25,236.35,3.5,0.64,1.8,1.53,0.41,47.62,59.72,6.13,-71.15,-4.4,0.9,9.08,0.1,-53.68,371.91,80.14
000766.SZ,通化金马,436.92,398.54,5.95,0.7,1.03,1.82,,0.0,75.39,2.46,51.15,11.18,0.08,49.06,0.02,35.65,1133.02,848.38
002088.SZ,鲁阳节能,13.88,13.37,2.3,12.27,12.2,10.95,5.61,82.47,29.62,13.45,-12.74,13.57,,26.26,0.07,0.99,1.09,1.14
601838.SH,成都银行,4.97,4.84,0.84,12.1,13.16,,7.96,29.79,,52.43,11.41,14.3,,93.69,,0.34,0.4,0.38
600779.SH,水井坊,17.46,19.61,5.27,23.69,23.64,17.24,1.56,35.12,82.94,29.7,11.15,20.33,,44.02,0.08,0.96,0.83,0.74
605055.SH,迎丰股份,59.84,46.42,1.99,2.37,2.47,1.74,0.84,75.0,15.43,2.22,215.72,26.68,,53.95,0.12,1.74,19.55,24.23
000545.SZ,金浦钛业,-34.08,-20.58,1.86,-4.31,-3.83,-1.79,,0.0,5.49,-3.37,49.53,9.62,,46.48,0.07,扣非亏损,扣非亏损,亏损
300238.SZ,冠昊生物,94.45,276.12,6.42,3.79,5.22,4.54,,0.0,78.64,7.43,-46.88,-1.27,0.37,35.5,0.03,-217.51,145.6,36.19
688187.SH,时代电气,20.63,23.22,1.7,5.29,6.42,4.68,2.15,35.62,29.57,16.41,21.86,11.48,0.53,31.01,0.54,2.02,4.39,3.21
688433.SH,华曙高科,139.43,84.21,4.24,2.16,2.27,1.41,0.31,29.15,47.93,12.7,-35.39,41.05,,18.14,0.25,2.05,38.95,61.42
002452.SZ,长高电新,19.43,27.51,2.01,7.34,7.96,6.38,0.99,25.09,36.08,16.0,9.64,-0.03,2.8,30.36,0.23,-960.93,3.75,2.44
836675.BJ,秉扬科技,28.76,28.44,3.21,8.45,8.54,6.76,2.62,49.96,18.63,10.71,0.75,16.15,,32.02,0.08,1.76,3.37,3.37
000837.SZ,秦川机床,124.72,-227.89,1.94,-0.34,1.17,0.94,0.28,0.0,16.57,2.89,-63.32,-1.25,,42.35,0.16,扣非亏损,扣非亏损,213.19
600487.SH,亨通光电,14.07,17.07,1.54,8.19,8.58,4.62,1.26,17.24,15.15,5.9,30.2,14.17,2.86,51.29,0.22,1.2,2.09,1.64
002953.SZ,日丰股份,23.43,24.21,2.14,6.93,6.98,4.31,0.79,23.81,11.9,4.1,14.75,37.95,2.39,46.18,0.11,0.64,3.49,3.36
603816.SH,顾家家居,12.91,14.3,2.39,12.58,13.26,10.67,3.97,56.97,31.88,10.09,-10.67,16.56,3.26,38.03,0.06,0.86,1.14,0.97
603266.SH,天龙股份,32.34,35.6,2.42,5.29,5.7,4.49,0.59,30.36,22.17,8.44,-4.47,10.88,,26.54,0.05,3.27,6.73,5.67
001208.SZ,华菱线缆,42.8,56.99,3.08,4.39,5.51,2.58,0.54,31.25,11.61,2.78,55.11,27.8,,67.7,0.27,2.05,12.99,7.77
002440.SZ,闰土股份,37.98,68.18,0.82,1.29,1.61,2.22,2.46,375.0,16.47,4.03,11.98,2.74,,16.76,0.27,24.86,52.98,23.59
300226.SZ,上海钢联,47.08,45.51,4.13,5.25,6.25,1.36,0.28,10.67,1.4,0.35,-13.36,13.84,0.83,80.92,1.52,3.29,8.68,7.53
301005.SZ,超捷股份,117.64,-201.85,5.22,2.66,3.25,2.54,0.32,43.48,22.65,4.66,100.53,12.83,1.98,33.83,0.02,扣非亏损,扣非转亏,36.2
600499.SH,科达制造,17.93,29.97,1.48,5.58,6.11,5.36,3.13,30.14,26.9,9.77,-67.46,11.68,6.81,45.85,0.19,2.57,5.37,2.93
600382.SH,广东明珠,99.06,298.14,1.02,1.35,0.72,1.3,4.04,90.45,53.34,8.61,-77.87,-21.63,,11.15,0.1,-13.79,221.5,137.58
002941.SZ,新疆交建,33.11,22.35,2.43,5.18,5.58,1.51,1.23,30.77,13.06,4.46,-23.18,11.05,0.02,73.72,0.31,2.02,4.31,5.93
603721.SH,中广天择,-2760.79,-95.37,6.88,-1.45,-0.19,-0.15,,0.0,16.06,-0.54,57.95,-7.23,,35.13,0.06,扣非亏损,扣非亏损,亏损
600696.SH,岩石股份,-48.8,-46.8,9.28,-13.02,-13.34,-1.85,,0.0,65.41,-30.79,-174.25,262.34,,62.47,0.0,扣非亏损,扣非亏损,亏损
600780.SH,通宝能源,13.62,13.73,0.92,5.04,5.16,4.72,2.2,30.36,8.3,4.88,-29.62,17.57,,27.01,0.35,0.78,2.72,2.64
002346.SZ,柘中股份,-21.96,30.52,1.61,3.8,-5.26,-6.5,1.79,29.41,23.48,-20.43,0.88,24.69,,30.61,0.05,1.24,8.03,亏损
300342.SZ,天银机电,108.12,178.92,5.19,3.62,3.56,3.0,0.65,129.7,25.47,7.66,32.07,6.83,14.02,29.79,0.03,26.18,49.47,30.37
300459.SZ,汤姆猫,157.87,-17.5,5.28,2.22,2.63,4.18,,0.0,89.43,9.6,-62.71,-8.64,78.14,35.99,0.03,扣非亏损,扣非转亏,120.05
600023.SH,浙能电力,8.63,11.19,1.07,9.16,9.58,6.53,5.42,51.02,12.47,12.02,12.86,23.34,1.45,43.92,0.25,0.48,1.22,0.9
688175.SH,高凌信息,-51.78,-50.45,1.25,-3.57,-1.82,-2.47,0.72,40.0,37.78,-28.11,-748.72,-0.69,,8.04,0.28,扣非亏损,扣非亏损,亏损
600035.SH,楚天高速,7.78,8.76,0.8,7.55,7.87,5.64,4.97,32.2,43.32,25.63,-21.0,10.07,,49.72,0.12,0.87,1.16,0.99
003010.SZ,若羽臣,47.3,46.81,3.47,5.29,5.01,3.98,1.48,66.67,46.5,5.0,73.27,6.72,1.1,27.46,0.16,6.97,8.85,9.44
603045.SH,福达合金,30.84,87.89,1.77,2.65,4.37,3.18,0.39,20.23,8.96,1.55,-17.7,9.77,,63.16,0.2,9.0,33.14,7.06
300926.SZ,博俊科技,18.62,18.52,4.8,19.27,19.3,8.69,0.51,13.51,26.4,12.85,104.74,68.81,,66.88,0.08,0.27,0.96,0.96
300833.SZ,浩洋股份,16.12,18.82,2.32,10.43,10.89,10.93,2.66,55.27,51.74,27.57,-18.2,53.06,0.37,8.4,0.18,0.35,1.8,1.48
300705.SZ,九典制药,19.98,25.53,5.13,19.19,20.46,16.93,0.97,30.0,73.76,20.96,44.82,41.69,,26.47,0.06,0.61,1.33,0.98
301017.SZ,漱玉平民,-326.78,-117.32,2.76,-0.69,-0.62,0.95,0.24,15.15,27.2,-0.4,-109.74,26.4,76.31,75.16,0.39,扣非亏损,扣非亏损,亏损
000078.SZ,海王生物,122.11,-4.27,2.48,0.65,1.53,2.53,,0.0,9.9,0.51,-53.72,-3.0,20.44,86.62,0.43,扣非亏损,扣非转亏,159.63
002837.SZ,英维克,52.93,53.74,8.92,12.67,13.39,7.39,0.73,32.79,31.73,12.25,78.46,27.57,5.65,50.16,0.04,1.95,4.24,3.95
301283.SZ,聚胶股份,24.13,24.92,1.41,3.93,4.31,3.53,1.98,48.11,12.83,4.64,-9.47,22.85,,17.5,0.1,1.09,6.35,5.6
000778.SZ,新兴铸管,25.07,47.22,0.63,0.94,1.88,1.36,1.57,17.73,5.59,1.57,-66.98,1.41,,47.64,0.39,33.43,50.1,13.33
002567.SZ,唐人神,22.45,-20.53,1.3,4.25,4.51,2.62,,0.0,9.09,1.25,126.9,13.65,4.15,65.1,0.25,扣非亏损,扣非转亏,9.96
002265.SZ,建设工业,50.41,60.02,3.48,3.24,5.3,2.7,,0.0,15.41,6.35,69.62,5.58,0.83,56.61,0.37,10.76,37.09,19.02
300133.SZ,华策影视,63.04,93.03,1.96,1.63,2.0,1.8,0.7,20.5,38.1,19.22,-55.01,-13.79,10.55,26.13,0.18,-6.75,56.98,31.52
603325.SH,博隆技术,24.52,22.21,2.37,8.07,7.78,3.61,,22.61,34.31,29.14,-18.09,11.97,,56.52,0.48,1.86,2.75,3.15
002358.SZ,森源电气,24.56,40.7,1.31,3.81,4.04,3.51,0.46,25.0,27.94,6.77,45.12,18.0,,49.85,0.01,2.26,10.68,6.08
601360.SH,三六零,-99.48,-65.22,2.56,-2.56,-1.86,-2.66,1.11,-142.86,64.74,-10.53,-111.18,-7.9,7.59,21.27,0.31,扣非亏损,扣非亏损,亏损
603161.SH,科华控股,17.44,19.5,1.53,5.5,6.69,3.85,1.78,30.98,16.61,5.29,15.08,17.26,,54.04,0.12,1.13,3.54,2.61
000557.SZ,西部创业,28.79,32.19,1.42,3.69,3.76,3.52,,0.0,27.68,22.53,8.06,25.23,,8.2,0.28,1.28,17.46,15.31
300612.SZ,宣亚国际,-100.6,-29.02,5.95,-5.92,-5.32,-2.13,,0.0,21.62,-5.45,-1052.91,21.19,6.51,34.8,0.07,扣非亏损,扣非亏损,亏损
301376.SZ,致欧科技,21.17,20.77,2.44,8.17,8.75,6.36,2.09,46.3,35.1,4.85,-17.44,17.68,,48.66,0.24,1.17,2.54,2.42
600988.SH,赤峰黄金,19.65,21.59,4.07,15.65,16.66,10.16,0.36,10.2,41.96,20.15,84.35,21.29,0.43,50.74,0.08,1.01,1.38,1.18
002194.SZ,武汉凡谷,161.22,383.91,3.94,1.44,1.82,0.9,1.22,97.32,25.37,4.36,-55.82,4.19,,16.38,0.19,91.53,267.25,88.58
300354.SZ,东华测试,35.77,46.69,6.43,14.13,13.88,13.64,0.26,20.32,66.55,27.82,19.83,23.69,,10.69,0.01,1.97,3.31,2.58
600128.SH,苏豪弘业,41.69,187.79,0.95,0.41,1.72,1.26,1.02,75.59,4.95,1.13,16.25,15.06,,52.67,0.36,12.47,459.69,24.27
000931.SZ,中关村,55.14,89.88,2.39,2.57,3.31,3.8,,0.0,57.91,3.35,19.97,8.38,12.47,52.44,0.05,10.73,70.08,33.32
300518.SZ,新迅达,-23.24,-8.58,2.57,-6.63,-7.8,-6.78,,0.0,17.61,-95.79,-148.82,30.52,,11.8,0.02,扣非亏损,扣非亏损,亏损
603639.SH,海利尔,15.96,21.22,1.21,5.26,5.65,3.83,3.18,35.97,24.05,6.09,-62.29,11.4,,47.12,0.18,1.86,4.04,2.82
002732.SZ,燕塘乳业,23.09,28.72,1.72,5.6,5.7,4.92,0.78,13.04,25.76,6.24,-44.02,6.58,0.03,21.51,0.12,4.37,5.13,4.05
688538.SH,和辉光电,-14.95,-13.09,3.25,-15.56,-15.1,-4.83,,0.0,-23.7,-47.66,26.26,12.48,,61.58,0.09,扣非亏损,扣非亏损,亏损
600222.SH,太龙药业,76.56,37.83,1.88,1.24,1.84,1.88,,0.0,26.49,2.23,181.61,13.66,17.69,56.51,0.13,2.77,61.14,83.22
002061.SZ,浙江交科,10.34,8.4,0.79,5.68,5.74,1.77,3.42,24.04,8.15,2.85,11.63,8.48,,77.18,0.71,0.99,1.48,1.8
002187.SZ,广百股份,53.58,122.9,0.92,0.64,1.3,0.86,0.48,60.0,22.36,1.29,56.17,16.02,,56.46,1.08,7.67,193.19,41.21
300590.SZ,移为通信,36.67,40.24,3.57,6.87,7.31,6.56,1.25,46.88,42.51,19.31,18.3,35.0,,7.61,0.1,1.15,5.86,5.02
605555.SH,德昌股份,17.82,20.83,2.48,10.19,10.46,6.48,1.53,40.23,17.58,10.1,11.36,16.34,,40.77,0.43,1.27,2.04,1.7
301318.SZ,维海德,36.51,58.65,2.39,4.44,4.92,4.14,0.56,25.32,45.58,19.49,32.49,-9.66,0.7,9.35,0.34,-6.07,13.22,7.42
000521.SZ,长虹美菱,12.55,11.83,1.47,8.66,8.86,2.35,5.33,41.7,10.83,2.39,0.21,16.41,,71.61,1.14,0.72,1.37,1.42
300428.SZ,立中集团,18.21,20.5,1.72,6.32,7.15,4.33,0.56,12.24,9.74,2.6,17.61,21.05,0.44,64.81,0.26,0.97,3.24,2.55
002301.SZ,齐心集团,20.47,50.21,1.36,5.01,4.98,1.59,1.17,75.45,8.72,1.78,7.38,12.07,2.52,64.43,0.85,4.16,10.02,4.11
002816.SZ,和科达,-51.24,-25.85,8.49,-14.26,-11.7,-9.93,,0.0,-4.0,-72.26,-1.83,14.39,,31.18,0.01,扣非亏损,扣非亏损,亏损
002588.SZ,史丹利,9.98,13.47,1.33,9.0,10.44,5.65,2.04,21.46,18.2,8.15,4.43,18.36,1.73,41.24,0.18,0.73,1.5,0.96
300074.SZ,华平股份,-30.45,-38.27,2.36,-7.39,-5.71,-4.36,,0.0,42.71,-30.77,-224.32,7.17,9.83,33.93,0.09,扣非亏损,扣非亏损,亏损
600749.SH,西藏旅游,93.93,-892.48,2.39,0.99,1.94,1.53,,0.0,36.22,11.83,-51.91,27.98,,29.47,0.19,扣非亏损,扣非转亏,96.59
300829.SZ,金丹科技,22.58,43.8,1.77,4.67,5.79,3.67,0.48,21.28,19.85,8.78,19.32,12.95,,47.13,0.12,3.38,9.39,3.9
601868.SH,中国能建,20.82,14.05,0.97,2.54,3.27,1.56,1.24,14.44,11.54,2.07,-1.35,14.57,1.37,77.56,0.89,0.96,5.52,6.37
000166.SZ,申万宏源,26.88,34.71,1.34,3.68,3.78,,1.26,31.11,,26.99,-9.91,-6.32,,80.43,1.33,-5.5,9.43,7.11
688225.SH,亚信安全,-30.02,-28.2,4.29,-10.55,-10.26,-5.69,,0.0,53.74,-18.75,11.99,9.16,13.73,49.3,0.34,扣非亏损,扣非亏损,亏损
000682.SZ,东方电子,26.6,28.02,3.05,8.18,8.85,3.27,0.99,19.82,32.78,8.46,19.24,19.92,,56.23,0.22,1.41,3.42,3.01
603648.SH,畅联股份,22.36,28.19,1.83,5.64,6.05,6.14,3.59,82.84,19.47,9.42,-5.89,2.49,0.88,23.12,0.06,11.3,5.0,3.7
601226.SH,华电科工,49.43,79.2,1.66,2.01,2.54,1.16,0.4,30.99,11.98,2.17,41.32,-5.72,2.99,59.57,0.25,-13.85,39.33,19.46
688638.SH,誉辰智能,-18.31,-24.98,1.6,-6.74,-6.29,-3.94,0.23,8.52,9.25,-15.88,-303.56,77.3,6.93,48.1,0.42,扣非亏损,扣非亏损,亏损
300956.SZ,英力股份,403.29,-802.9,2.4,0.65,0.52,0.84,0.27,-18.52,12.43,0.44,148.25,0.37,,50.76,0.15,扣非亏损,扣非转亏,1551.1
300039.SZ,上海凯宝,23.85,22.0,1.79,5.37,-1.84,5.09,1.5,31.9,81.3,19.32,11.93,21.78,,10.93,0.2,1.01,4.09,转盈
300314.SZ,戴维医疗,41.25,42.72,2.96,5.02,5.37,4.89,1.19,35.29,56.78,15.71,-44.47,10.7,0.04,12.25,0.11,3.99,8.51,7.68
002977.SZ,天箭科技,377.69,311.37,3.35,0.66,0.66,0.2,0.51,42.86,52.1,5.34,-83.95,-0.25,,14.94,0.21,-1247.83,474.3,572.25
688237.SH,超卓航科,86.04,268.14,1.86,1.47,1.56,0.91,0.9,-87.18,28.76,7.44,-36.8,35.87,9.67,23.51,0.09,7.48,364.0,110.31
605166.SH,聚合顺,11.1,12.76,1.89,12.66,13.14,5.16,2.87,45.97,8.4,5.25,53.93,40.36,,65.36,0.81,0.32,1.01,0.84
000670.SZ,盈方微,-125.4,-97.67,328.31,-134.02,-130.94,2.29,,0.0,5.06,-0.26,-5.64,110.65,127.44,81.41,0.01,扣非亏损,扣非亏损,亏损
837592.BJ,华信永道,-125.52,393.95,14.08,-10.41,-8.08,-7.89,,0.0,31.92,-37.22,3.32,10.0,,17.54,0.02,39.38,扣非亏损,亏损
600348.SH,华阳股份,11.47,10.8,1.01,5.93,6.47,4.26,7.36,49.86,33.07,11.21,-59.17,-1.53,,54.42,0.38,-7.04,1.82,1.77
600096.SH,云天化,6.92,7.74,1.9,21.61,21.9,12.38,6.41,40.5,16.99,10.92,21.42,10.72,0.36,52.51,0.17,0.72,0.36,0.32
300589.SZ,江龙船艇,152.62,114.62,5.89,2.59,2.74,0.83,0.22,25.71,9.47,1.95,176.6,28.53,,58.47,0.04,4.02,44.28,55.7
002427.SZ,尤夫股份,-81.84,-41.62,4.12,-4.01,-4.0,-0.54,,0.0,7.27,-2.01,26.79,2.79,,63.89,0.07,扣非亏损,扣非亏损,亏损
002702.SZ,海欣食品,-70.64,-58.82,2.07,-2.43,-2.1,-0.42,0.64,888.89,17.78,-2.06,-2723.64,2.32,5.04,45.93,0.09,扣非亏损,扣非亏损,亏损
002990.SZ,盛视科技,40.57,51.87,2.54,3.81,4.75,3.31,1.16,51.95,40.52,12.06,-39.42,22.44,,30.02,0.31,2.31,13.62,8.54
600463.SH,空港股份,-44.46,-35.6,3.49,-5.5,-5.71,-2.04,,0.0,27.84,-32.4,2.47,-22.49,,54.58,0.01,扣非亏损,扣非亏损,亏损
002073.SZ,软控股份,18.02,20.6,1.46,5.6,6.32,2.88,1.52,28.69,24.32,8.35,82.15,26.87,,65.58,0.31,0.77,3.68,2.85
000909.SZ,ST数源,34.54,-6.31,1.86,-5.79,4.13,3.81,,0.0,52.64,22.08,-89.6,-0.13,,53.21,0.12,扣非亏损,扣非亏损,16.72
000922.SZ,佳电股份,25.62,27.34,2.15,5.86,6.37,3.29,1.97,30.16,21.8,7.0,-24.07,20.93,,62.23,0.21,1.31,4.67,4.02
603259.SH,药明康德,17.27,17.25,2.75,12.12,11.73,10.54,1.36,30.27,40.65,23.83,-13.33,37.62,3.3,25.13,0.11,0.46,1.42,1.47
688339.SH,亿华通,-17.29,-18.55,2.13,-9.13,-8.85,-6.85,,0.0,17.54,-100.59,-17.62,11.91,,37.76,0.14,扣非亏损,扣非亏损,亏损
600876.SH,凯盛新能,-20.15,-39.27,1.52,-6.02,-5.49,-1.76,,0.0,1.98,-6.88,-402.9,25.49,0.37,62.16,0.08,扣非亏损,扣非亏损,亏损
688123.SH,聚辰股份,32.82,41.73,4.38,9.81,10.17,10.12,0.33,31.25,54.85,26.57,199.74,20.71,,5.61,0.07,2.01,4.25,3.23
601766.SH,中国中车,24.27,23.09,1.43,3.7,4.44,2.29,3.8,48.78,21.21,6.21,21.21,1.0,0.15,59.36,0.25,23.12,6.25,5.47
300086.SZ,康芝药业,-13.96,-22.28,1.81,-10.89,-9.56,-5.97,,0.0,53.46,-34.26,-458.93,-2.38,1.61,38.58,0.06,扣非亏损,扣非亏损,亏损
603901.SH,永创智能,34.75,105.1,1.5,2.89,3.09,1.65,0.67,53.33,27.79,3.12,-53.54,16.67,7.44,66.13,0.14,6.31,36.39,11.24
002439.SZ,启明星辰,-75.9,66.01,1.85,-1.26,-1.78,-2.5,1.0,34.18,54.78,-9.26,-15035.01,7.67,6.14,17.05,0.17,8.61,扣非亏损,亏损
002714.SZ,牧原股份,16.43,25.77,3.22,16.61,15.36,6.98,,0.0,17.27,11.62,754.04,29.07,,58.38,0.12,0.89,3.1,2.14
600475.SH,华光环能,14.15,35.69,1.06,2.71,5.69,3.51,3.37,44.32,16.12,8.93,-52.82,10.17,2.12,60.16,0.29,3.51,13.19,2.49
600234.SH,*ST科新,78.92,-9.13,2.74,0.55,2.64,1.71,,0.0,17.83,7.74,110.59,-55.96,0.36,36.7,0.05,扣非亏损,扣非转亏,59.79
300817.SZ,双飞集团,44.52,51.26,2.87,4.74,4.8,3.94,1.48,75.76,25.63,8.03,10.84,9.76,4.02,18.6,0.03,5.25,10.82,9.27
002403.SZ,爱仕达,1772.36,-14.3,2.35,-1.97,0.1,0.97,,0.0,29.68,0.05,79.32,-3.78,2.05,65.52,0.04,扣非亏损,扣非亏损,35447.24
301091.SZ,深城交,298.06,170.83,10.28,1.7,2.62,1.43,0.14,5.96,33.62,5.83,64.84,9.33,2.38,25.31,0.02,18.31,100.59,113.76
603661.SH,恒林股份,13.89,30.62,1.33,7.44,7.5,3.72,1.62,0.0,18.53,3.53,-21.9,20.12,10.19,65.5,0.3,1.52,8.23,3.7
002965.SZ,祥鑫科技,17.83,16.85,1.56,7.23,7.27,4.23,1.46,26.05,13.89,5.57,-4.12,47.59,,44.46,0.17,0.35,2.33,2.45
603500.SH,祥和实业,45.45,45.98,2.4,3.9,4.0,3.3,1.06,48.15,25.05,7.49,-27.85,36.21,,19.89,0.12,1.27,11.78,11.36
002175.SZ,东方智造,86.99,162.69,6.41,5.31,5.68,4.87,,0.0,38.81,13.97,282.45,9.32,0.3,24.25,0.04,17.46,61.3,30.63
301193.SZ,家联科技,35.28,2051.17,2.0,1.36,3.86,2.55,1.18,84.67,18.69,3.48,-41.17,22.49,4.95,56.43,0.26,91.21,1502.8,9.14
300842.SZ,帝科股份,17.09,13.25,4.25,28.17,20.43,5.22,1.13,20.78,9.73,2.5,65.0,88.91,2.1,81.68,0.33,0.15,0.47,0.84
301216.SZ,万凯新材,-46.66,-31.13,1.05,-1.2,-1.66,-0.75,1.06,17.65,1.85,-0.7,-117.18,31.92,,68.06,1.52,扣非亏损,扣非亏损,亏损
000669.SZ,ST金鸿,-9.38,-3.95,7.62,-46.09,-44.86,-2.27,,0.0,14.94,-10.0,-475.99,-17.57,15.85,89.67,0.04,扣非亏损,扣非亏损,亏损
002691.SZ,冀凯股份,-107.76,-46.06,2.21,-4.42,-1.53,-0.28,,0.0,25.37,-7.34,-35.99,14.21,,22.56,0.06,扣非亏损,扣非亏损,亏损
000533.SZ,顺钠股份,29.8,29.65,3.34,8.57,8.79,4.68,,0.0,21.84,6.08,50.81,12.28,1.06,65.05,0.05,2.41,6.92,6.78
002085.SZ,万丰奥威,57.68,66.27,6.28,7.32,8.27,5.84,3.04,42.86,17.5,6.48,3.2,15.63,14.32,46.26,0.04,4.24,9.05,6.97
600084.SH,中信尼雅,12233.78,-210.89,5.2,-0.43,0.03,0.04,,0.0,58.43,0.44,-174.9,47.16,,10.95,0.01,扣非亏损,扣非亏损,767008.4
300188.SZ,国投智能,-39.93,-41.91,3.48,-10.01,-6.33,-4.74,,0.0,40.73,-28.44,6.81,-5.6,11.56,31.32,0.08,扣非亏损,扣非亏损,亏损
000910.SZ,大亚圣象,23.49,21.24,0.62,1.78,1.99,1.58,2.38,31.15,25.93,3.36,-45.59,-2.23,2.72,24.62,0.58,-9.54,11.96,11.8
688386.SH,泛亚微透,26.08,24.82,3.24,9.46,9.49,8.62,1.23,40.32,48.19,20.7,44.13,13.92,8.83,28.68,0.02,1.78,2.62,2.75
832786.BJ,骑士乳业,131.35,32.44,2.3,7.49,1.28,2.72,2.48,35.09,24.26,1.59,-21.97,20.35,,60.9,0.31,1.59,4.33,102.62
688327.SH,云从科技,-18.58,-16.17,9.85,-36.37,-35.31,-21.77,,0.0,46.86,-226.96,-19.93,3.59,,49.86,0.08,扣非亏损,扣非亏损,亏损
688602.SH,康鹏科技,-174.71,-64.3,1.45,-2.15,-0.61,-1.06,0.59,26.4,12.51,-3.38,-171.59,1.18,,16.36,0.38,扣非亏损,扣非亏损,亏损
300404.SZ,博济医药,59.43,109.71,3.49,3.6,4.48,2.2,0.11,15.22,32.19,8.16,155.65,28.78,2.78,31.81,0.05,3.81,30.49,13.27
000819.SZ,岳阳兴长,74.19,78.87,3.31,3.04,3.42,2.76,0.55,29.59,17.52,2.21,-9.56,31.45,0.01,22.91,0.06,2.51,25.97,21.69
002841.SZ,视源股份,21.42,23.74,2.11,6.89,7.34,4.22,1.86,43.15,21.98,5.73,-4.55,6.3,1.94,43.69,0.19,3.77,3.45,2.92
600438.SH,通威股份,-23.29,-20.34,2.49,-7.14,-6.52,-2.18,3.62,30.02,7.76,-6.99,-125.81,53.67,0.78,69.04,0.13,扣非亏损,扣非亏损,亏损
600713.SH,南京医药,11.36,11.58,1.0,6.63,6.67,3.82,3.31,35.96,6.16,1.38,0.46,10.44,0.96,76.75,0.22,1.11,1.75,1.7
002048.SZ,宁波华翔,11.56,13.5,0.97,5.56,5.17,4.62,4.86,50.16,15.1,5.38,-15.16,11.19,7.77,54.74,0.31,1.21,2.43,2.24
300027.SZ,华谊兄弟,-142.07,-26.77,12.91,-7.06,-6.5,0.41,,0.0,42.61,-10.73,83.5,-4.13,18.8,79.09,0.02,扣非亏损,扣非亏损,亏损
300302.SZ,同有科技,184.94,-91.02,5.68,2.26,2.33,2.2,,0.0,47.93,10.32,139.88,3.3,26.59,29.57,0.01,扣非亏损,扣非转亏,158.75
605178.SH,时空科技,-9.98,-8.3,1.24,-8.86,-8.92,-7.23,,0.0,23.37,-66.52,-8.7,-37.03,1.94,21.26,0.11,扣非亏损,扣非亏损,亏损
688488.SH,艾迪药业,-48.78,-31.57,3.71,-7.61,-5.56,-3.75,,0.0,52.81,-20.65,-81.37,17.47,14.87,40.23,0.09,扣非亏损,扣非亏损,亏损
000796.SZ,凯撒旅业,-279.53,-29.95,7.88,-2.7,-1.78,-0.62,,0.0,22.04,-2.71,83.01,-5.96,,51.33,0.2,扣非亏损,扣非亏损,亏损
300692.SZ,中环环保,28.18,37.44,1.3,3.19,3.29,2.89,0.65,15.71,39.66,11.04,-20.32,4.22,1.16,64.22,0.14,8.87,11.75,8.57
301066.SZ,万事利,53.58,57.31,2.98,3.68,4.21,2.65,0.47,31.58,45.07,5.76,23.12,-0.3,2.16,32.9,0.11,-192.0,15.59,12.73
002036.SZ,联创电子,-190.2,-15.84,4.36,-3.46,-1.67,0.99,,0.0,9.53,-1.15,74.19,11.27,,79.25,0.13,扣非亏损,扣非亏损,亏损
603108.SH,润达医疗,171.47,-2234.43,2.72,0.76,1.17,3.47,0.49,21.28,25.64,2.3,-82.61,10.31,36.54,61.66,0.1,扣非亏损,扣非转亏,146.55
600198.SH,大唐电信,-115.2,-81.96,63.25,-47.8,-8.54,-1.26,,0.0,48.7,-12.83,9.01,-14.02,0.27,78.15,0.03,扣非亏损,扣非亏损,亏损
600599.SH,ST熊猫,57.86,-10.24,3.69,3.55,4.9,5.11,,0.0,35.78,13.04,-46.17,16.1,,22.95,0.18,扣非亏损,扣非转亏,23.59
301228.SZ,实朴检测,-30.65,-23.93,2.06,-5.07,-4.71,-3.75,,0.0,28.47,-12.08,45.77,2.38,5.95,30.44,0.35,扣非亏损,扣非亏损,亏损
688777.SH,中控技术,41.15,38.05,3.94,6.62,7.21,3.95,1.54,48.61,32.85,11.48,15.09,39.93,1.81,41.88,0.08,0.95,5.75,5.71
300164.SZ,通源石油,42.0,-4491.45,1.97,3.2,3.58,3.54,,0.0,29.04,5.79,-48.87,18.35,14.25,29.04,0.12,扣非亏损,扣非转亏,23.46
688651.SH,盛邦安全,-71.99,195.54,3.56,-4.47,-3.58,-4.44,0.13,9.13,75.32,-23.38,-67.1,19.87,1.05,14.39,0.4,9.84,扣非亏损,亏损
002097.SZ,山河智能,171.06,-60.48,1.74,-1.07,0.76,1.42,0.82,107.53,27.57,0.21,-11.1,-5.43,,77.87,0.22,扣非亏损,扣非亏损,225.08
600072.SH,中船科技,-219.46,-26.81,1.92,-4.43,-0.65,0.49,0.18,30.73,17.26,0.09,-564.25,14.85,,76.7,0.49,扣非亏损,扣非亏损,亏损
002211.SZ,宏达新材,-65.93,-78.61,35.12,-19.19,-33.29,-5.58,,0.0,7.0,-8.12,29.83,-13.86,,88.11,0.1,扣非亏损,扣非亏损,亏损
603223.SH,恒通股份,47.34,52.78,1.66,2.57,2.64,2.09,0.51,31.25,9.92,5.81,3.12,-9.26,,30.84,0.4,-5.7,20.52,17.93
601088.SH,中国神华,13.3,13.37,1.97,11.18,11.19,10.38,7.21,75.23,33.69,21.18,-3.72,15.31,,24.1,0.24,0.87,1.2,1.19
605003.SH,众望布艺,23.07,26.81,1.46,4.58,4.77,4.08,2.08,14.39,35.52,17.55,22.36,0.13,,7.54,0.29,213.14,5.86,4.84
300565.SZ,科信技术,-21.08,-14.71,5.16,-25.88,-25.4,-8.17,,0.0,15.44,-39.05,-18.21,-10.33,,57.78,0.02,扣非亏损,扣非亏损,亏损
600246.SH,万通发展,-149.01,-70.72,4.18,-2.37,-2.08,-0.86,,0.0,30.78,-38.08,2.71,-24.33,0.37,30.27,0.05,扣非亏损,扣非亏损,亏损
000030.SZ,富奥股份,16.1,18.16,1.24,4.86,5.76,3.7,4.68,71.43,11.83,5.24,11.24,13.15,0.12,46.8,0.13,1.38,3.74,2.79
688728.SH,格科微,4220.04,902.14,5.99,-0.56,0.1,0.81,0.03,30.15,23.37,0.18,-34.52,-9.21,,65.24,0.16,-97.94,转盈,42200.39
688315.SH,诺禾致源,30.85,37.49,2.28,4.57,5.51,4.27,0.2,10.8,42.59,9.2,7.26,10.8,,29.62,0.06,3.47,8.2,5.6
688663.SH,新风光,19.89,19.85,2.37,8.63,9.07,4.63,1.78,42.37,26.14,10.76,1.32,26.82,,50.95,0.21,0.74,2.3,2.19
603396.SH,金辰股份,48.16,58.89,1.71,3.24,2.81,1.92,0.37,25.98,28.45,4.25,10.27,29.44,,54.77,0.24,2.0,18.18,17.14
688716.SH,中研股份,79.18,83.53,2.66,1.69,2.55,2.18,0.51,36.36,40.13,15.45,-14.08,19.92,,6.35,0.31,4.19,49.55,31.05
300291.SZ,百纳千成,-69.23,-20.59,1.42,-2.05,-1.51,-3.54,,0.0,-2.03,-22.55,-49.14,44.41,7.09,13.96,0.06,扣非亏损,扣非亏损,亏损
002564.SZ,*ST天沃,488.35,-0.98,29.8,-34.41,4.69,1.83,,0.0,16.54,0.09,92.4,-19.98,,94.88,0.11,扣非亏损,扣非亏损,208.25
300098.SZ,高新兴,-174.27,-72.18,3.78,-3.68,-1.62,-1.45,,0.0,34.83,-4.87,-38.07,-6.9,4.9,39.88,0.03,扣非亏损,扣非亏损,亏损
688591.SH,泰凌微,75.87,123.03,2.78,2.62,2.75,1.73,0.25,29.29,47.9,10.94,95.61,-0.9,,4.67,0.41,-137.02,46.96,27.59
600725.SH,云维股份,-328.61,-403.42,11.37,-2.56,-2.56,-1.81,,0.0,1.89,-1.65,-3170.78,-10.26,,21.24,0.01,扣非亏损,扣非亏损,亏损
601328.SH,交通银行,5.87,5.89,0.56,6.15,6.8,,6.53,32.61,,35.39,-0.74,3.69,,92.19,,1.6,0.96,0.86
300176.SZ,派生科技,76.24,72.72,3.2,2.97,3.2,2.2,,0.0,14.15,2.26,369.8,13.13,,53.58,0.04,5.54,49.02,47.65
605117.SH,德业股份,20.86,27.94,6.64,28.52,32.74,19.06,2.5,50.36,40.15,27.94,22.04,35.44,,38.52,0.05,0.79,0.98,0.64
002151.SZ,北斗星通,-187.29,-35.46,2.91,-2.01,-1.15,-1.67,0.47,48.39,37.03,-9.34,-341.35,4.11,9.98,12.51,0.03,扣非亏损,扣非亏损,亏损
301306.SZ,西测测试,-28.98,-27.14,3.37,-8.64,-8.35,-5.38,,0.0,9.6,-29.57,-289.35,13.67,,31.42,0.14,扣非亏损,扣非亏损,亏损
831278.BJ,泰德股份,46.75,51.99,3.92,6.42,6.35,4.6,1.52,166.67,27.13,9.19,585.33,9.18,3.63,36.55,0.04,5.66,8.1,7.36
000042.SZ,中洲控股,-4.76,-1.5,0.63,-7.86,-9.47,0.12,,0.0,31.84,-13.95,-320.37,-9.89,,83.66,0.67,扣非亏损,扣非亏损,亏损
300416.SZ,苏试试验,33.79,32.02,2.54,5.12,5.7,4.28,0.82,24.27,44.01,12.23,-36.12,21.4,2.0,38.53,0.11,1.5,6.25,5.93
600060.SH,海信视像,15.74,20.19,1.46,5.24,6.96,4.18,3.85,49.65,15.31,3.84,-27.31,11.33,3.66,42.12,0.09,1.78,3.85,2.26
300577.SZ,开润股份,12.26,23.22,2.55,11.33,15.7,9.49,0.64,19.58,23.16,11.0,63.02,16.93,12.72,49.16,0.25,1.37,2.05,0.78
002349.SZ,精华制药,28.93,30.99,2.5,6.26,6.56,6.06,1.04,30.24,49.87,18.23,-17.42,5.97,5.79,10.06,0.21,5.19,4.95,4.41
300015.SZ,爱尔眼科,30.93,40.41,6.98,15.86,17.37,14.21,0.95,41.17,51.02,22.5,0.26,19.92,40.47,34.69,0.04,2.03,2.55,1.78
600109.SH,国金证券,28.54,25.85,1.03,2.59,2.72,,1.54,30.3,,21.03,-28.35,5.37,0.04,69.84,1.14,4.82,9.99,10.49
603636.SH,南威软件,-29.44,-134.67,2.53,-6.34,-6.2,-2.97,0.38,49.0,33.26,-46.74,-108.93,3.1,7.03,57.55,0.05,扣非亏损,扣非亏损,亏损
301367.SZ,怡和嘉业,38.37,65.89,2.29,3.07,4.46,4.53,0.82,21.51,51.2,21.18,-62.88,37.05,,13.47,0.08,1.78,21.49,8.6
688303.SH,大全能源,-40.95,-253.79,1.43,-2.73,-2.56,-2.8,1.41,15.48,4.18,-18.31,-124.18,90.22,,10.68,0.23,扣非亏损,扣非亏损,亏损
002024.SZ,ST易购,22.38,-6.09,1.48,-7.15,5.09,2.33,,0.0,21.65,1.49,72.74,-35.27,13.34,90.95,0.66,扣非亏损,扣非亏损,8.79
301042.SZ,安联锐视,26.45,28.31,2.39,6.12,6.6,4.81,3.06,89.55,34.3,13.57,10.4,-9.88,,12.7,0.38,-2.87,4.63,4.01
603235.SH,天新药业,17.2,21.79,2.54,10.76,11.33,9.64,2.08,45.87,42.27,30.65,23.6,-5.82,,15.47,0.43,-3.74,2.02,1.52
300351.SZ,永贵电器,52.67,68.26,2.95,3.98,4.27,2.72,0.48,38.46,29.02,7.43,18.5,13.67,0.12,25.96,0.1,4.99,17.16,12.33
688502.SH,茂莱光学,425.26,635.77,11.97,1.58,2.08,2.0,0.3,68.86,48.15,6.52,-37.02,23.79,,18.13,0.04,26.72,402.1,204.45
603296.SH,华勤技术,22.37,27.73,2.83,7.98,9.63,2.86,1.5,30.23,9.76,2.68,2.5,1.36,0.66,71.03,0.91,20.37,3.48,2.32
601881.SH,中国银河,18.41,20.8,1.6,5.2,5.8,,1.83,32.84,,25.71,5.02,15.0,0.8,81.72,1.33,1.39,4.0,3.17
001333.SZ,光华股份,18.25,21.38,1.43,5.88,5.96,4.13,1.63,43.9,14.31,7.65,2.98,22.99,,34.03,0.82,0.93,3.64,3.06
836149.BJ,旭杰科技,230.88,180.5,6.36,1.31,2.14,1.48,0.62,33.33,14.48,-0.1,61.62,45.06,,74.82,0.11,4.01,137.98,107.89
002415.SZ,海康威视,26.55,21.49,3.74,10.64,10.52,7.62,2.59,59.21,44.76,13.71,-3.67,12.59,0.37,32.96,0.1,1.71,2.02,2.52
002576.SZ,通达动力,38.72,43.27,1.85,3.36,3.63,2.69,0.32,10.38,12.08,3.52,-42.13,5.12,,38.47,0.17,8.46,12.89,10.67
002828.SZ,贝肯能源,61.5,77.48,3.33,3.85,3.94,2.34,0.85,42.04,21.97,3.99,-37.43,9.11,6.66,65.33,0.07,8.51,20.11,15.61
603008.SH,喜临门,13.7,18.94,1.78,9.69,9.78,5.22,2.94,45.05,35.35,6.35,-3.9,16.59,4.88,53.74,0.26,1.14,1.96,1.4
300830.SZ,金现代,-63.83,357.39,2.89,-4.15,-3.29,-3.83,0.29,77.5,38.55,-21.69,10.86,2.33,,21.26,0.02,153.39,扣非亏损,亏损
002163.SZ,海南发展,-22.2,-24.6,5.68,-18.02,-17.51,-4.4,,0.0,6.91,-11.1,-348.71,-0.92,,78.09,0.1,扣非亏损,扣非亏损,亏损
600258.SH,首旅酒店,16.55,21.12,1.37,5.81,6.34,4.97,1.41,30.9,39.59,12.42,5.77,17.43,39.99,53.94,0.09,1.21,3.63,2.61
600864.SH,哈投股份,39.84,43.49,1.1,1.58,2.1,0.74,,0.0,13.77,19.06,446.01,1.32,0.03,69.92,0.55,32.96,55.19,37.94
300968.SZ,格林精密,140.7,658.57,4.7,2.46,2.52,1.07,0.41,166.67,19.86,5.03,9.04,-12.41,,16.98,0.1,-53.07,267.44,55.83
002350.SZ,北京科锐,1313.81,-22.5,1.97,0.22,0.11,0.37,,0.0,20.42,0.24,109.88,-3.37,0.92,34.55,0.08,扣非亏损,扣非转亏,23887.42
688249.SH,晶合集成,132.37,140.2,2.36,0.85,1.32,1.09,,0.0,25.26,4.37,243.91,105.39,,52.34,0.41,1.33,330.73,200.56
002989.SZ,中天精装,-28.29,-29.17,2.83,-6.65,-6.74,-4.69,,0.0,6.76,-40.56,-610.14,-27.0,,39.61,0.14,扣非亏损,扣非亏损,亏损
003041.SZ,真爱美家,24.8,44.18,1.4,3.09,4.21,2.36,2.4,54.05,19.62,9.0,-54.74,2.3,,37.39,0.04,19.2,14.31,5.89
688111.SH,金山办公,93.07,92.66,12.06,9.59,10.06,7.56,0.28,30.75,85.1,28.67,15.16,26.93,1.71,26.54,0.0,3.44,9.66,9.25
603169.SH,兰石重装,58.58,103.62,2.33,2.53,3.03,1.71,,0.0,13.84,2.62,-25.64,22.06,7.61,73.46,0.23,4.7,81.79,38.67
301379.SZ,天山电子,20.82,26.71,2.14,6.77,7.87,5.92,1.35,37.73,21.39,9.9,26.58,30.99,0.06,24.18,0.26,0.86,3.95,2.64
002527.SZ,新时达,-94.97,-10.17,3.59,-4.65,-2.8,-0.18,,0.0,19.21,-1.87,-3.42,-3.41,7.59,66.99,0.11,扣非亏损,扣非亏损,亏损
300489.SZ,光智科技,-295.83,-58.57,17.04,-20.92,-8.52,1.54,,0.0,23.88,-2.29,55.38,37.21,,78.24,0.02,扣非亏损,扣非亏损,亏损
601928.SH,凤凰传媒,14.8,15.76,1.38,6.82,6.62,4.74,5.68,43.11,39.83,14.26,-23.05,4.04,0.37,38.04,0.08,3.9,2.31,2.24
688286.SH,敏芯股份,-44.78,-43.77,2.83,-4.24,-4.63,-4.53,,0.0,22.05,-14.55,50.13,5.7,1.43,14.83,0.04,扣非亏损,扣非亏损,亏损
000856.SZ,冀东装备,118.34,146.05,4.26,0.63,2.71,1.28,,0.0,7.8,0.62,-79.38,-0.03,,79.38,0.07,-5036.1,461.37,87.34
600798.SH,宁波海运,-329.09,-218.33,0.96,-0.69,-0.22,0.43,0.82,32.4,5.62,-0.49,-132.72,0.16,,21.32,0.13,扣非亏损,扣非亏损,亏损
001236.SZ,弘业期货,503.12,617.36,5.93,0.75,0.89,,0.04,51.95,,0.83,2338.26,8.46,,84.51,1.94,72.96,822.71,565.31
600689.SH,上海三毛,85.26,222.63,4.04,2.68,3.62,1.18,,0.0,5.59,2.01,4.87,5.5,,47.28,0.09,40.47,166.44,47.1
600929.SH,雪天盐业,21.26,21.34,1.25,3.56,4.33,3.42,3.1,44.14,27.22,8.06,-42.46,22.38,1.27,27.72,0.3,0.95,6.0,4.91
003016.SZ,欣贺股份,-86.68,-54.58,1.25,-1.35,-1.06,-1.31,2.82,96.11,67.53,-2.87,-134.3,-0.5,,22.83,0.2,扣非亏损,扣非亏损,亏损
300254.SZ,仟源医药,38.97,60.5,3.54,4.37,7.1,5.74,,0.0,66.99,11.03,261.06,-1.59,37.1,44.18,0.08,-38.02,27.71,10.98
002235.SZ,安妮股份,93.85,-35.9,4.13,1.75,3.36,1.84,,0.0,19.74,10.03,147.05,3.74,0.05,34.51,0.03,扣非亏损,扣非转亏,55.86
002642.SZ,荣联科技,353.3,-18.0,4.29,0.88,0.93,0.52,,0.0,12.13,0.76,126.15,-1.58,,53.55,0.08,扣非亏损,扣非转亏,759.79
603823.SH,百合花,21.67,25.88,1.79,5.8,6.41,5.82,1.52,51.72,20.68,9.36,86.5,5.18,0.18,26.1,0.14,5.0,4.47,3.38
600110.SH,诺德股份,-27.35,-24.69,1.37,-4.45,-3.65,-0.23,1.77,0.0,6.73,-6.14,-238.33,36.44,0.13,52.97,0.33,扣非亏损,扣非亏损,亏损
600563.SH,法拉电子,28.12,28.4,5.78,15.46,15.94,13.13,2.16,43.96,34.11,22.54,3.25,28.76,0.38,30.09,0.03,0.99,1.84,1.76
688160.SH,步科股份,97.88,102.81,5.56,3.46,4.29,3.31,0.52,41.67,36.54,8.17,-32.78,6.02,0.0,25.77,0.03,17.07,29.72,22.82
002877.SZ,智能自控,60.76,49.05,2.38,2.71,2.84,2.49,0.43,14.52,27.85,4.29,-59.09,23.1,,51.71,0.03,2.12,18.08,21.4
300139.SZ,晓程科技,87.41,-83.8,4.8,2.14,4.2,4.68,,0.0,54.12,26.07,-50.78,8.71,0.68,12.34,0.09,扣非亏损,扣非转亏,41.63
600397.SH,安源煤业,-10.06,-8.18,7.41,-44.36,-46.27,-0.61,,0.0,4.06,-4.82,-2228.24,-1.5,,97.19,0.44,扣非亏损,扣非亏损,亏损
301380.SZ,挖金客,60.45,56.03,4.05,4.14,4.79,3.45,1.2,66.28,13.54,5.2,-8.78,19.75,31.97,44.07,0.13,2.84,13.54,12.62
603950.SH,长源东谷,22.43,24.2,1.78,5.99,6.08,3.92,,0.0,22.61,12.17,-4.07,-1.09,,46.86,0.11,-22.29,8.07,7.38
835368.BJ,连城数控,18.36,16.43,2.22,8.64,9.41,2.95,0.71,10.27,30.36,9.37,-7.51,51.33,0.83,58.96,0.13,0.32,1.9,1.95
002362.SZ,汉王科技,-48.15,-32.15,4.08,-6.74,-6.17,-4.99,,0.0,42.24,-7.41,8.06,-1.97,0.18,27.78,0.13,扣非亏损,扣非亏损,亏损
603887.SH,城地香江,-48.72,-10.8,2.86,-5.82,-4.76,-0.51,,0.0,26.97,-15.12,-349.21,-15.15,12.96,63.2,0.09,扣非亏损,扣非亏损,亏损
688172.SH,燕东微,-218.98,-265.13,2.43,-1.31,-0.83,-1.38,0.22,10.53,14.92,-14.03,-182.74,34.04,,19.25,0.27,扣非亏损,扣非亏损,亏损
688011.SH,新光光电,-39.82,-25.65,1.64,-3.96,-3.04,-3.05,,0.0,41.7,-51.58,-19.94,9.45,,11.61,0.01,扣非亏损,扣非亏损,亏损
688063.SH,派能科技,238.63,-64.16,1.3,-0.14,0.4,0.16,0.98,35.02,35.61,2.6,-102.08,76.85,,21.51,0.3,扣非亏损,扣非亏损,596.56
000633.SZ,合金投资,437.58,439.68,10.36,1.6,1.79,2.3,,0.0,13.01,2.3,-30.15,22.19,,34.96,0.01,19.82,548.47,488.92
002889.SZ,东方嘉盛,26.32,43.56,2.66,5.64,7.83,5.24,0.33,10.24,12.55,7.26,-9.43,0.04,0.71,42.61,0.24,970.83,7.72,3.36
603583.SH,捷昌驱动,21.57,31.83,1.93,6.13,6.86,4.77,0.85,31.48,29.47,11.32,56.72,18.69,2.99,33.86,0.27,1.7,5.19,3.14
300127.SZ,银河磁体,60.34,72.54,6.47,7.87,7.88,7.55,2.31,80.0,33.26,19.3,-22.11,13.59,,5.71,0.09,5.34,9.22,7.66
300776.SZ,帝尔激光,40.59,45.38,6.54,11.08,12.02,6.12,0.58,20.71,48.29,26.62,7.99,14.69,,48.11,0.02,3.09,4.1,3.38
603085.SH,天成自控,105.86,221.67,4.13,2.75,2.93,0.68,,0.0,19.56,1.8,50.84,1.03,2.67,71.52,0.07,214.33,161.21,72.26
688159.SH,有方科技,22.99,33.52,3.47,11.22,12.02,6.98,,0.0,9.57,3.58,285.75,23.85,,56.5,0.05,1.41,5.98,3.83
301265.SZ,华新环保,53.72,79.88,1.41,1.59,1.98,1.61,,0.0,21.01,8.83,-55.13,10.18,,9.39,0.5,7.85,100.37,54.26
300769.SZ,德方纳米,-11.26,-8.26,2.03,-12.95,-12.44,-4.44,,0.0,-3.08,-14.27,17.16,248.16,,60.96,0.25,扣非亏损,扣非亏损,亏损
600283.SH,钱江水利,20.84,30.99,1.88,5.65,6.86,4.25,1.59,34.48,41.12,15.2,19.71,19.12,,65.73,0.15,1.62,5.48,3.04
600637.SH,东方明珠,28.98,84.88,0.93,1.78,2.41,1.85,2.39,100.56,32.54,13.54,-0.12,-5.59,1.34,20.2,0.23,-15.19,47.81,12.03
002247.SZ,聚力文化,8.1,55.76,3.81,4.63,42.78,20.32,,0.0,20.62,34.93,-50.64,-0.57,,37.7,0.12,-97.88,24.09,0.38
601166.SH,兴业银行,4.53,5.11,0.51,7.52,8.19,,6.42,29.63,,38.35,-3.05,1.41,0.06,91.47,,3.62,0.68,0.55
603097.SH,江苏华辰,44.4,31.81,3.73,6.05,6.51,4.01,,0.0,22.25,5.93,-4.01,30.95,,50.28,0.11,1.03,10.51,13.64
601390.SH,中国中铁,6.09,6.12,0.56,5.56,7.11,1.54,3.7,16.23,8.8,2.74,-15.87,9.09,0.36,77.0,1.33,0.67,1.1,0.86
600551.SH,时代出版,16.88,17.85,1.03,4.04,4.56,3.13,4.59,43.63,9.42,4.2,-7.07,10.75,,35.88,0.49,1.66,4.42,3.7
002515.SZ,金字火腿,141.75,181.62,2.18,0.79,1.15,0.59,0.35,50.0,22.38,11.33,-6.86,-23.45,,1.89,0.25,-7.75,230.19,123.26
603061.SH,金海通,76.92,77.01,3.61,2.82,3.45,2.99,0.18,11.9,50.73,17.53,-20.35,36.6,,14.71,0.16,2.1,27.36,22.3
000759.SZ,中百集团,-5.84,-4.05,1.32,-15.74,-15.56,-2.08,,0.0,21.64,-4.08,-547.55,-3.91,0.92,81.83,0.49,扣非亏损,扣非亏损,亏损
300242.SZ,佳云科技,-51.3,-34.31,7.81,-10.22,-10.73,-9.8,,0.0,7.91,-5.38,43.32,-46.22,,47.43,0.02,扣非亏损,扣非亏损,亏损
601916.SH,浙商银行,4.71,5.33,0.48,6.78,7.75,,6.51,28.77,,25.38,3.62,10.21,,93.92,,0.52,0.79,0.61
688298.SH,东方生物,-18.97,-9.82,0.96,-4.89,-3.65,-3.76,,0.0,34.69,-41.7,-231.81,35.67,0.79,14.37,0.43,扣非亏损,扣非亏损,亏损
300477.SZ,合纵科技,-14.83,-6.51,2.17,-10.67,-10.33,-2.18,,0.0,8.36,-11.32,-3.17,36.22,9.63,72.61,0.08,扣非亏损,扣非亏损,亏损
301533.SZ,威马农机,36.46,41.05,2.61,5.23,5.42,4.34,1.16,44.94,17.11,8.49,5.34,2.26,,17.17,0.86,18.16,7.85,6.73
603726.SH,朗迪集团,18.95,26.78,2.68,9.42,10.78,6.96,2.62,67.8,22.1,9.24,43.08,6.42,,47.52,0.06,4.17,2.84,1.76
002374.SZ,中锐股份,-29.93,-15.31,2.98,-7.74,-7.17,-2.26,,0.0,15.95,-18.77,-116.98,6.17,,70.61,0.03,扣非亏损,扣非亏损,亏损
834765.BJ,美之高,44.5,48.38,2.94,4.38,4.84,3.92,3.26,100.0,25.71,4.14,6.7,-11.9,,32.5,0.3,-4.07,11.05,9.19
300152.SZ,新动力,-2301.27,-118.2,18.18,-0.56,-0.59,0.06,,0.0,23.85,-1.01,92.02,-17.01,,59.89,0.0,扣非亏损,扣非亏损,亏损
301607.SZ,富特科技,42.22,64.21,4.72,8.97,12.46,4.65,,0.0,26.41,6.98,-22.27,11.2,,50.13,0.6,5.74,14.32,6.78
430139.BJ,华岭股份,-469.78,-404.69,8.65,-2.7,-1.37,-1.63,0.38,21.07,25.4,-7.97,-163.92,19.92,,14.54,0.02,扣非亏损,扣非亏损,亏损
300627.SZ,华测导航,40.42,45.51,6.25,10.73,11.92,9.23,1.13,41.92,59.18,16.96,35.31,24.1,1.15,27.01,0.05,1.89,4.24,3.39
600271.SH,航天信息,-731.4,-54.34,1.32,-1.87,-0.13,-0.16,0.31,30.0,25.28,-1.06,-353.41,-14.98,4.3,19.31,0.31,扣非亏损,扣非亏损,亏损
600300.SH,维维股份,14.45,23.4,1.43,5.23,7.52,7.52,2.09,50.0,23.48,9.13,25.63,-5.6,,25.14,0.15,-4.18,4.48,1.92
000983.SZ,山西焦煤,12.64,12.28,1.31,7.43,7.66,5.66,8.1,65.14,31.94,10.78,-51.3,21.99,1.5,46.05,0.39,0.56,1.65,1.65
603595.SH,东尼电子,-80.48,-10.77,3.03,-6.46,-2.78,-0.39,,0.0,21.93,-6.75,67.54,27.52,,68.77,0.03,扣非亏损,扣非亏损,亏损
603811.SH,诚意药业,16.94,17.43,2.13,8.77,9.58,7.36,1.93,40.0,69.01,22.48,-2.78,-3.85,,31.32,0.08,-4.53,1.99,1.77
688262.SH,国芯科技,-64.33,-46.93,4.86,-6.38,-5.44,-6.01,,0.0,18.51,-27.11,-6.42,25.39,,29.38,0.02,扣非亏损,扣非亏损,亏损
300115.SZ,长盈精密,29.28,49.82,3.0,5.48,8.87,4.09,,0.0,18.7,5.29,591.02,13.54,1.82,59.97,0.12,3.68,18.18,6.6
600690.SH,海尔智家,13.44,15.27,2.49,13.8,14.14,7.28,3.82,44.77,30.85,7.61,15.44,7.69,21.43,56.21,0.26,1.99,1.11,0.95
300788.SZ,中信出版,34.17,76.19,2.72,6.29,6.05,4.56,1.07,50.82,39.19,10.71,13.42,-3.12,,32.88,0.27,-24.41,12.12,5.65
603949.SH,雪龙集团,41.96,53.91,2.48,2.88,4.42,4.6,1.76,100.0,37.95,16.63,-14.72,-3.18,,6.79,0.02,-16.95,18.73,9.49
002654.SZ,万润科技,262.71,-183.99,7.73,1.0,2.16,1.16,,0.0,11.23,0.46,136.76,1.34,4.44,63.56,0.02,扣非亏损,扣非转亏,243.25
603458.SH,勘设股份,-17.36,-18.09,0.69,-2.9,-2.84,-1.01,0.64,30.56,26.56,-10.47,-428.35,-8.9,2.4,48.18,0.31,扣非亏损,扣非亏损,亏损
300745.SZ,欣锐科技,-31.85,-11.86,1.3,-4.35,-3.0,-1.51,,0.0,11.59,-5.49,-154.88,73.3,,46.4,0.25,扣非亏损,扣非亏损,亏损
002901.SZ,大博医疗,43.4,82.43,4.39,6.78,7.66,6.09,0.62,178.57,68.47,17.21,297.2,1.5,2.08,26.96,0.1,55.06,12.15,5.67
002386.SZ,天原股份,-46.03,-23.38,0.76,-1.97,-1.22,-0.03,1.55,246.15,3.67,-1.15,-16.56,-4.9,1.44,60.07,0.64,扣非亏损,扣非亏损,亏损
000657.SZ,中钨高新,50.81,51.57,2.39,3.0,3.48,2.65,2.95,37.14,14.86,2.57,-26.65,9.15,,54.05,0.05,5.64,17.21,14.6
600888.SH,新疆众和,8.9,8.96,0.98,7.66,8.6,5.81,1.66,10.3,12.13,15.9,-25.46,7.47,,37.15,0.24,1.2,1.17,1.04
000820.SZ,神雾节能,-107.27,-120.35,35.17,-22.64,-21.76,-5.58,,0.0,9.78,-11.0,27.77,2386.03,108.18,73.38,0.0,扣非亏损,扣非亏损,亏损
300513.SZ,恒实科技,-44.31,-63.74,1.26,-2.13,-2.1,-0.59,0.29,26.48,18.86,-6.05,-254.17,-1.27,41.03,45.0,0.05,扣非亏损,扣非亏损,亏损
300920.SZ,润阳科技,74.67,47.27,1.62,1.57,1.62,0.79,0.95,47.62,21.29,4.51,1.33,-4.86,0.01,13.89,0.39,-9.72,30.15,46.09
000029.SZ,深深房A,2376.63,-67.7,4.3,-0.3,0.14,-0.0,,0.0,19.43,2.01,75.14,-28.83,,41.39,0.04,扣非亏损,扣非亏损,33951.89
601669.SH,中国电建,8.58,9.71,0.74,4.83,6.27,1.81,2.79,20.0,12.42,2.78,-14.41,6.45,0.14,79.03,1.4,1.51,2.01,1.37
688135.SH,利扬芯片,-229.19,-240.84,3.4,-1.05,-1.1,-0.04,0.45,90.91,24.51,-2.83,-180.89,27.19,2.75,56.24,0.11,扣非亏损,扣非亏损,亏损
002726.SZ,龙大美食,75.13,-9.09,5.29,4.63,5.45,2.21,,0.0,4.84,0.98,114.39,-17.94,1.55,70.94,0.13,扣非亏损,扣非转亏,27.57
838810.BJ,春光药装,-40.5,-32.96,2.64,-5.87,-4.7,-3.34,0.97,47.62,23.39,-17.99,-256.76,23.82,,44.7,0.06,扣非亏损,扣非亏损,亏损
600601.SH,方正科技,56.02,86.79,3.86,4.12,5.31,3.69,,0.0,21.46,8.57,87.51,-18.21,,36.26,0.08,-4.77,42.09,21.1
301128.SZ,强瑞技术,39.24,52.39,4.86,8.88,9.26,8.22,1.51,92.78,32.76,12.41,121.96,18.76,3.28,36.16,0.09,2.79,5.9,4.24
603332.SH,苏州龙杰,23.52,23.6,1.44,4.08,4.62,3.88,1.31,214.29,9.3,4.62,324.18,23.76,,15.76,0.05,0.99,5.78,5.09
002678.SZ,珠江钢琴,-34.75,-34.63,1.8,-3.73,-3.8,-3.64,0.03,50.0,12.77,-27.78,-4442.73,-11.52,0.51,12.88,0.14,扣非亏损,扣非亏损,亏损
301289.SZ,国缆检测,49.59,48.12,3.72,5.52,5.64,5.22,0.72,41.67,60.93,27.21,5.17,14.43,0.24,17.61,0.59,3.33,8.72,8.79
002492.SZ,恒基达鑫,27.32,28.53,1.21,2.89,3.3,3.22,2.0,42.06,47.7,21.02,-37.99,2.37,0.86,19.76,0.14,12.06,9.87,8.28
600613.SH,神奇制药,46.9,81.84,1.58,2.45,2.51,2.28,1.31,90.91,48.88,3.76,-6.12,9.44,10.07,24.56,0.26,8.67,33.39,18.69
002738.SZ,中矿资源,39.18,54.78,2.42,3.45,4.52,5.52,2.68,31.74,35.46,15.23,-79.49,98.32,10.03,24.76,0.09,0.56,15.89,8.67
300501.SZ,海顺新材,27.2,33.84,1.74,4.05,4.35,4.17,1.04,34.09,29.69,10.29,29.81,13.01,0.23,34.82,0.2,2.6,8.35,6.25
601377.SH,兴业证券,32.04,33.14,1.04,2.27,2.31,,1.7,43.48,,20.93,-11.25,-12.07,0.02,78.73,1.42,-2.75,14.61,13.87
300465.SZ,高伟达,201.97,279.54,9.87,3.01,3.65,2.56,,0.0,21.46,3.17,-7.18,-6.32,6.63,50.66,0.03,-44.23,186.0,110.67
002853.SZ,皮阿诺,164.45,-518.21,1.36,-0.8,0.61,0.34,1.55,43.48,23.59,0.88,-121.88,-2.55,,35.15,0.24,扣非亏损,扣非亏损,269.59
000958.SZ,电投产融,40.11,31.27,2.07,3.86,3.9,2.89,1.6,26.69,29.32,26.62,6.71,-19.5,1.86,37.68,0.06,-1.6,8.1,10.28
600774.SH,汉商集团,678.12,-240.25,1.34,-0.7,0.15,1.17,,0.0,54.02,-0.47,-132.98,64.04,15.9,48.29,0.03,扣非亏损,扣非亏损,9120.66
301408.SZ,华人健康,34.36,37.34,2.5,5.11,5.44,3.47,0.63,34.48,32.42,3.54,35.89,25.67,49.07,59.18,0.6,1.45,7.3,6.32
430489.BJ,佳先股份,141.53,420.66,7.35,3.38,3.83,2.29,2.56,133.33,12.55,4.14,-29.44,81.72,8.03,51.15,0.04,5.15,124.53,36.95
300278.SZ,华昌达,84.38,153.26,4.88,2.74,4.42,3.26,,0.0,13.44,3.82,-20.27,26.92,17.73,36.59,0.02,5.69,111.77,38.18
002666.SZ,德联集团,34.29,63.12,1.02,2.45,2.29,2.68,1.24,111.67,14.19,2.2,74.43,8.96,1.25,30.12,0.33,7.05,25.81,14.98
600905.SH,三峡能源,19.93,20.06,1.58,6.05,5.98,3.13,1.78,31.09,53.47,28.7,-4.89,31.04,1.7,70.27,0.07,0.65,3.32,3.33
603612.SH,索通发展,26.05,-10.54,1.29,2.48,3.79,3.35,3.64,0.0,9.3,3.45,140.87,48.56,0.22,59.85,0.4,扣非亏损,扣非转亏,13.75
300618.SZ,寒锐钴业,56.27,53.77,2.35,3.92,3.18,3.47,0.35,22.22,16.7,4.49,24.94,34.69,,38.66,0.19,1.55,13.7,17.7
000597.SZ,东北制药,27.26,32.75,1.46,2.72,4.14,2.3,1.87,40.0,34.53,3.59,-18.39,4.01,0.49,63.07,0.68,8.17,12.04,6.59
600587.SH,新华医疗,13.36,16.37,1.45,8.2,8.33,4.76,1.94,34.97,26.31,8.54,9.36,3.12,3.26,48.65,0.23,5.24,2.0,1.6
300639.SZ,凯普生物,-13.24,-14.93,1.03,-5.78,-5.75,-8.77,0.7,26.0,53.81,-65.67,-276.98,42.15,,10.04,0.2,扣非亏损,扣非亏损,亏损
603272.SH,联翔股份,-135.68,-55.79,2.48,-1.68,-1.26,-1.37,0.91,-117.77,24.53,-8.57,-1510.38,-13.45,0.51,12.94,0.25,扣非亏损,扣非亏损,亏损
300805.SZ,电声股份,456.23,-715.66,2.46,0.03,0.4,-0.02,0.36,50.0,10.28,0.24,-98.25,-11.19,0.14,20.48,0.35,扣非亏损,扣非转亏,1140.58
002398.SZ,垒知集团,23.58,64.48,0.84,2.18,2.61,1.78,1.68,36.36,22.13,5.15,-48.4,-5.07,4.01,37.8,0.06,-12.72,29.6,9.03
000017.SZ,深中华A,458.94,233.72,14.36,1.91,2.38,2.65,,0.0,6.64,2.48,18.64,79.06,,12.43,0.01,2.96,244.5,385.66
003004.SZ,声迅股份,-53.24,174.0,2.95,-3.77,-3.55,-2.23,0.66,64.52,40.14,-27.18,-44.93,-2.94,0.19,31.67,0.16,-59.27,扣非亏损,亏损
300894.SZ,火星人,284.46,78.03,4.35,0.58,0.97,-0.29,3.69,98.36,44.06,1.49,-95.65,11.94,,41.26,0.13,6.54,135.37,293.25
001914.SZ,招商积余,14.28,16.52,1.16,5.93,6.19,4.54,1.42,24.5,11.31,5.27,10.2,21.79,30.82,45.6,0.21,0.76,2.79,2.31
603320.SH,迪贝电气,25.9,29.39,2.28,6.41,7.04,5.2,0.63,31.25,15.69,7.26,144.48,12.35,,33.98,0.06,2.38,4.58,3.68
300640.SZ,德艺文创,116.02,114.09,2.16,2.27,1.37,1.29,1.09,82.55,16.85,1.69,-33.92,11.3,,16.28,0.04,10.1,50.19,84.69
600295.SH,鄂尔多斯,11.96,13.13,1.31,8.04,7.75,4.62,8.25,76.92,20.03,10.02,-31.82,13.78,0.22,50.25,0.41,0.95,1.63,1.54
603937.SH,丽岛新材,-411.71,377.47,1.18,-0.4,-0.21,-0.41,0.77,30.31,7.15,-0.31,-112.15,2.45,,37.1,0.11,154.22,扣非亏损,亏损
001308.SZ,康冠科技,20.49,18.22,2.13,6.29,7.89,3.61,2.14,31.91,13.2,4.88,-46.86,24.63,,55.85,1.77,0.74,2.9,2.6
002539.SZ,云图控股,11.01,13.33,1.13,6.88,7.87,4.21,2.42,27.03,10.64,4.34,3.98,35.51,0.36,61.18,0.48,0.38,1.94,1.4
002865.SZ,钧达股份,-26.56,-8.44,3.65,-16.81,-9.55,-2.31,0.96,19.48,0.29,-5.08,-146.74,199.8,21.2,75.81,0.22,扣非亏损,扣非亏损,亏损
300326.SZ,凯利泰,57.74,175.85,1.51,1.54,1.94,2.4,0.95,38.22,49.05,9.45,-45.67,-2.19,20.09,13.0,0.05,-80.25,114.03,29.76
300733.SZ,西菱动力,73.44,-67.79,2.26,1.97,2.34,2.13,,0.0,15.07,4.0,290.19,43.67,1.19,46.03,0.06,扣非亏损,扣非转亏,62.77
603319.SH,湘油泵,27.22,27.92,2.76,7.12,7.87,5.59,2.28,38.46,25.56,9.74,-10.16,10.89,,48.79,0.11,2.56,3.92,3.46
600007.SH,中国国贸,16.66,17.93,2.4,10.53,10.74,10.99,4.13,64.0,60.51,34.54,1.2,8.87,,22.35,0.16,2.02,1.7,1.55
688099.SH,晶晨股份,37.25,43.9,4.79,9.55,10.23,8.34,0.8,0.0,36.37,12.8,107.63,29.13,,11.26,0.08,1.51,9.2,7.28
002913.SZ,奥士康,21.46,22.3,1.85,6.31,6.63,4.13,3.24,19.33,23.69,8.43,-34.65,16.72,,46.41,0.13,1.33,3.53,3.24
300932.SZ,三友联众,46.96,50.53,1.86,2.83,2.99,2.04,1.35,83.4,18.58,3.2,76.28,12.54,,45.94,0.1,4.03,17.87,15.71
830964.BJ,润农节水,87.75,97.69,2.68,1.96,2.3,2.11,1.17,38.46,18.13,4.44,-22.74,13.41,1.9,31.64,0.03,7.29,49.9,38.15
601717.SH,郑煤机,5.72,6.46,1.06,13.09,14.28,8.49,6.64,45.33,24.02,11.91,26.66,11.16,0.37,51.73,0.22,0.58,0.49,0.4
600575.SH,淮河能源,12.56,17.42,1.23,6.9,7.36,5.18,4.98,54.55,7.17,3.87,71.41,31.76,0.64,43.5,0.19,0.55,2.53,1.71
300606.SZ,金太阳,115.77,78.01,4.5,2.74,2.9,2.44,0.44,40.16,25.29,6.23,-36.07,13.05,,36.57,0.04,5.98,28.47,39.92
688147.SH,微导纳米,67.65,72.6,5.31,4.65,6.13,2.02,0.22,14.29,38.34,9.76,-0.73,80.75,,71.43,0.58,0.9,15.62,11.04
603738.SH,泰晶科技,55.17,73.93,3.51,3.6,4.78,4.3,0.5,31.15,24.66,13.87,3.44,19.01,,13.79,0.02,3.89,20.55,11.54
301277.SZ,新天地,22.28,27.85,2.79,8.92,9.33,9.43,1.92,50.63,41.01,26.41,5.65,14.86,,13.12,0.3,1.87,3.12,2.39
688439.SH,振华风光,36.71,27.7,2.51,4.79,5.19,5.08,0.79,23.03,67.34,31.54,-39.28,53.52,0.08,11.42,0.08,0.52,5.78,7.07
002259.SZ,ST升达,-70.0,53.45,8.43,17.72,-8.64,0.31,,0.0,19.71,-4.21,73.91,7.37,,73.95,0.13,7.26,6.03,亏损
688626.SH,翔宇医疗,50.33,47.48,2.43,3.13,3.59,2.33,0.99,36.82,66.86,14.48,-60.88,17.14,,27.15,0.15,2.77,15.17,14.02
688566.SH,吉贝尔,20.72,21.28,2.14,8.18,8.55,8.37,,0.0,89.51,27.1,11.47,16.67,,9.26,0.14,1.28,5.2,4.85
603899.SH,晨光股份,20.45,20.94,3.24,11.3,12.32,8.44,2.13,48.26,19.78,6.24,-6.84,21.46,0.7,41.06,0.15,0.98,1.85,1.66
002199.SZ,东晶电子,-41.94,-34.62,9.68,-17.58,-15.94,-8.01,,0.0,7.46,-27.15,1.64,-9.6,,50.65,0.02,扣非亏损,扣非亏损,亏损
603260.SH,合盛硅业,36.1,44.7,2.15,4.04,4.44,3.17,1.33,30.36,22.01,6.98,-32.1,53.66,0.01,63.03,0.02,0.83,11.06,8.13
002480.SZ,新筑股份,-10.72,-9.07,3.13,-20.92,-19.68,0.49,,0.0,26.74,-11.7,-24.67,7.14,0.14,83.67,0.37,扣非亏损,扣非亏损,亏损
300266.SZ,兴源环境,-25.17,-5.84,41.57,-78.65,-76.42,-0.23,,0.0,13.98,-23.96,39.32,-30.89,6.9,91.33,0.07,扣非亏损,扣非亏损,亏损
603073.SH,彩蝶实业,21.25,19.6,1.42,5.61,5.06,3.96,1.49,31.25,26.83,11.67,5.55,6.0,,21.48,0.41,3.27,3.49,4.2
873132.BJ,泰鹏智能,53.43,61.44,4.41,3.32,6.25,3.59,0.96,28.12,19.65,8.03,-51.99,-23.38,,33.85,0.44,-2.63,18.49,8.55
839493.BJ,并行科技,1019.62,-142.83,11.83,0.21,0.88,1.03,,0.0,32.81,1.11,101.27,50.29,1.41,76.63,0.13,扣非亏损,扣非转亏,2317.31
600572.SH,康恩贝,17.58,25.99,1.83,6.2,7.53,6.06,3.96,86.96,53.74,11.12,-16.84,2.55,2.73,30.71,0.07,10.19,4.2,2.34
002296.SZ,辉煌科技,19.35,18.63,1.6,6.41,6.49,5.42,1.21,22.93,54.09,28.34,122.95,5.86,,22.11,0.08,3.18,2.91,2.98
301371.SZ,敷尔佳,21.12,20.89,2.53,8.65,9.08,10.48,2.62,50.25,81.65,35.03,-6.71,8.27,9.9,3.62,1.41,2.53,2.41,2.33
000629.SZ,钒钛股份,111.86,78.4,2.21,1.34,1.5,1.13,,0.0,6.89,1.83,-80.94,12.01,,16.08,0.06,6.53,116.71,149.14
000630.SZ,铜陵有色,11.95,16.03,1.3,8.23,8.34,6.57,2.42,37.72,7.57,3.35,45.88,12.52,,51.36,0.3,1.28,1.95,1.43
300537.SZ,广信材料,90.86,204.8,5.33,4.58,4.99,3.84,,0.0,37.14,9.51,136.36,-11.65,6.27,29.54,0.03,-17.58,89.51,36.42
002479.SZ,富春环保,11.8,21.66,0.99,3.7,6.38,5.25,3.14,65.22,17.31,9.14,34.34,-1.5,13.39,50.46,0.2,-14.44,5.85,1.85
300481.SZ,濮阳惠成,24.48,28.85,2.01,5.76,6.14,5.5,2.29,50.0,22.78,13.84,-20.75,17.87,0.05,15.01,0.17,1.61,5.01,3.99
603608.SH,*ST天创,-36.53,-34.23,1.34,-3.05,-2.6,-0.95,,0.0,63.16,-3.81,-25.45,-10.44,,33.74,0.13,扣非亏损,扣非亏损,亏损
003025.SZ,思进智能,17.61,28.02,3.13,8.72,13.66,13.49,1.48,48.78,38.26,32.79,54.53,8.36,,14.54,0.08,3.35,3.21,1.29
000573.SZ,粤宏远A,-34.58,-57.58,1.12,-2.32,-2.35,-1.23,1.78,57.97,7.42,-9.61,46.15,-12.65,0.78,27.19,0.22,扣非亏损,扣非亏损,亏损
600227.SH,赤天化,-89.65,-33.09,1.58,-1.96,-1.3,0.24,,0.0,11.31,-2.03,78.28,5.94,,47.01,0.13,扣非亏损,扣非亏损,亏损
601061.SH,中信金属,17.36,21.22,1.89,6.52,8.62,5.77,1.95,34.88,0.89,1.81,-6.67,19.05,,58.15,1.48,1.11,3.25,2.01
601117.SH,中国化学,10.22,9.73,0.86,6.58,6.51,2.39,2.8,20.0,9.08,3.14,4.68,17.8,0.06,69.95,0.74,0.55,1.48,1.57
600961.SH,株冶集团,11.55,15.43,3.34,13.28,21.74,8.57,,0.0,9.11,4.14,3.59,0.61,,51.78,0.07,25.4,2.32,1.06
002008.SZ,大族激光,15.42,61.91,1.84,2.43,9.25,4.34,0.97,25.64,34.31,14.52,2.29,7.52,1.88,48.4,0.27,8.24,25.48,1.67
300205.SZ,ST天喻,-15.38,-15.98,1.71,-8.67,-7.95,-4.42,0.18,43.67,24.83,-14.52,-1333.9,1.54,,42.67,0.18,扣非亏损,扣非亏损,亏损
688529.SH,豪森智能,262.14,-96.92,1.26,-0.48,0.36,0.84,0.49,17.78,23.21,0.25,-110.48,24.82,,65.2,0.14,扣非亏损,扣非亏损,728.16
301611.SZ,珂玛科技,90.18,,18.31,19.83,24.81,14.4,,0.0,59.42,36.65,,3.89,0.08,31.73,0.19,,,7.27
300148.SZ,天舟文化,115.66,-83.97,3.4,1.53,2.21,1.1,,0.0,37.76,6.84,172.96,-15.53,,20.21,0.12,扣非亏损,扣非转亏,104.67
002868.SZ,绿康生化,-12.04,-8.31,9.82,-52.9,-46.98,-7.45,,0.0,-2.28,-33.38,-69.92,20.8,23.8,84.78,0.01,扣非亏损,扣非亏损,亏损
688793.SH,倍轻松,147.72,-102.98,6.82,2.34,3.18,2.08,,0.0,63.21,1.57,142.17,20.51,,48.47,0.09,扣非亏损,扣非转亏,92.9
600101.SH,明星电力,16.91,26.97,1.68,7.46,7.65,6.29,1.19,23.5,14.73,10.48,19.53,17.01,0.15,28.63,0.21,1.59,3.62,2.21
601702.SH,华峰铝业,13.57,14.51,3.03,17.67,17.82,13.56,1.11,22.22,16.55,11.3,31.35,33.27,,31.51,0.03,0.44,0.82,0.76
002536.SZ,飞龙股份,17.64,21.25,1.88,7.94,8.07,5.0,2.16,59.5,21.42,7.59,21.09,15.71,,35.85,0.15,1.35,2.68,2.19
603012.SH,创力集团,17.43,14.31,0.9,3.7,3.91,2.26,2.54,24.19,41.56,6.03,-39.73,5.3,4.7,47.96,0.21,2.7,3.87,4.46
002881.SZ,美格智能,53.84,77.78,4.29,6.02,6.03,5.12,0.37,40.32,16.25,4.15,109.72,28.64,,34.65,0.05,2.72,12.92,8.93
603368.SH,柳药集团,7.76,8.5,0.97,9.75,9.86,4.9,3.17,25.53,11.76,4.66,5.2,9.93,9.26,62.48,0.39,0.86,0.87,0.79
836433.BJ,大唐药业,135.95,1512.17,3.93,1.45,2.14,1.74,1.33,266.67,72.16,6.56,4.45,-1.84,,27.61,0.02,-823.1,1044.97,63.53
301026.SZ,浩通科技,25.31,31.1,2.24,6.02,6.68,4.38,0.99,32.61,6.17,4.16,27.63,40.38,0.0,45.26,0.03,0.77,5.16,3.79
002021.SZ,中捷资源,120.81,-375.54,4.84,2.15,3.03,1.26,,0.0,16.98,2.62,224.06,18.6,,31.03,0.03,扣非亏损,扣非转亏,79.74
688448.SH,磁谷科技,93.22,63.9,2.53,1.37,2.09,1.16,1.16,0.0,36.7,7.88,11.84,18.21,,30.23,0.28,3.51,93.62,89.21
300984.SZ,金沃股份,68.77,79.84,2.96,3.04,3.05,2.81,1.25,30.61,13.77,2.54,43.3,24.2,,49.05,0.05,3.3,26.26,22.55
600308.SH,华泰股份,25.94,-86.65,0.62,1.72,1.81,1.73,1.38,29.88,8.4,1.77,-10.64,3.5,,39.88,0.32,扣非亏损,扣非转亏,14.33
000069.SZ,华侨城A,-7.46,-4.19,0.41,-4.13,-4.28,0.05,,0.0,12.88,-10.36,25.68,-9.1,0.08,76.2,1.57,扣非亏损,扣非亏损,亏损
300468.SZ,四方精创,152.99,327.71,6.61,3.17,3.26,2.29,0.55,66.67,33.0,9.91,-15.23,8.42,,6.86,0.09,38.9,103.43,46.93
002365.SZ,永安药业,29.26,-83.55,1.21,1.88,3.09,2.68,1.02,-239.23,23.73,9.5,489.66,-2.19,0.03,10.4,0.1,扣非亏损,扣非转亏,18.94
003037.SZ,三和管桩,133.26,270.99,1.35,-0.02,0.75,1.23,0.45,33.33,9.74,0.47,-101.68,-1.06,,59.96,0.66,-256.62,转盈,177.68
600559.SH,老白干酒,26.31,26.13,3.85,10.5,11.11,7.5,2.0,61.64,66.21,13.61,34.28,13.49,12.0,48.05,0.08,1.94,2.49,2.37
300124.SZ,汇川技术,35.45,38.11,5.96,12.3,13.09,7.12,0.71,25.28,31.02,13.45,2.91,38.77,8.08,49.29,0.03,0.98,3.1,2.71
688290.SH,景业智能,382.17,167.07,2.92,-0.58,0.57,-0.27,0.22,30.29,42.17,4.1,42.16,18.99,,18.02,0.19,8.8,转盈,670.48
000950.SZ,重药控股,25.19,25.11,0.86,2.45,2.57,2.09,1.01,13.16,7.44,0.68,-40.86,21.62,9.63,76.6,0.68,1.16,10.27,9.8
603527.SH,众源新材,24.01,29.96,1.49,3.7,4.68,3.49,3.24,34.88,3.27,1.35,-10.13,29.42,,50.04,0.08,1.02,8.09,5.13
600215.SH,派斯林,29.54,39.68,1.7,4.2,4.28,2.77,1.17,37.69,16.4,5.97,-41.08,21.06,33.78,44.1,0.01,1.88,9.46,6.9
300217.SZ,东方电热,23.08,24.0,2.12,6.59,7.08,4.52,1.26,15.81,22.64,10.0,-14.95,20.27,1.24,39.7,0.11,1.18,3.64,3.26
301290.SZ,东星医疗,30.75,44.54,1.21,1.92,2.95,3.13,2.17,61.86,48.77,20.71,-15.45,5.46,24.02,8.04,0.09,8.16,23.25,10.42
688265.SH,南模生物,-103.82,-48.62,1.27,-1.9,-0.88,-0.95,0.34,-50.15,43.63,-5.74,-13.16,23.79,,11.82,0.05,扣非亏损,扣非亏损,亏损
601990.SH,南京证券,35.79,41.29,1.91,3.99,4.01,,1.0,44.44,,29.58,23.26,4.15,0.03,68.92,0.45,9.94,10.34,8.92
601633.SH,长城汽车,16.93,25.04,3.06,11.48,14.27,6.05,1.19,36.59,20.76,7.33,119.93,19.61,0.04,62.16,0.25,1.28,2.18,1.19
002467.SZ,二六三,72.92,-42.99,3.36,2.88,3.5,3.43,,0.0,44.65,10.69,-19.85,-2.76,28.44,14.94,0.09,扣非亏损,扣非转亏,41.67
300721.SZ,怡达股份,122.81,74.42,1.93,1.24,1.18,1.43,0.67,-41.02,11.51,0.46,129.45,22.77,,51.95,0.09,3.27,120.38,208.15
600596.SH,新安股份,63.32,-231.87,0.91,-0.03,1.08,0.92,1.1,82.92,10.0,1.33,-103.47,11.15,1.45,37.16,0.32,扣非亏损,扣非亏损,58.63
301038.SZ,深水规院,-676.66,122.93,4.21,-0.42,-0.46,-0.47,,0.0,21.53,-0.75,95.47,-3.18,,53.03,0.04,-38.65,扣非亏损,亏损
601989.SH,中国重工,90.68,-2574.98,1.34,0.92,1.1,0.06,0.24,-29.41,12.43,2.67,415.03,10.23,,60.76,0.7,扣非亏损,扣非转亏,164.88
600628.SH,新世界,51.38,170.35,1.06,1.27,1.55,1.6,0.43,60.0,41.18,8.03,23.49,5.91,0.19,24.42,0.33,28.84,134.51,33.15
002272.SZ,川润股份,-123.88,-59.14,3.2,-2.85,-1.97,0.2,0.73,-34.08,20.66,-2.42,-58.74,9.71,0.44,54.4,0.09,扣非亏损,扣非亏损,亏损
600973.SH,宝胜股份,171.65,-136.36,1.5,0.3,0.66,1.58,,0.0,4.72,0.04,-86.48,9.05,2.12,79.34,0.71,扣非亏损,扣非转亏,520.14
000949.SZ,新乡化纤,28.92,63.7,1.18,3.25,3.36,2.63,,0.0,11.67,3.56,2782.73,26.36,,50.79,0.26,2.42,39.23,17.22
688517.SH,金冠电气,22.2,21.74,2.5,7.59,8.32,5.98,3.17,84.75,35.81,14.12,31.83,2.99,,38.86,0.16,7.27,2.87,2.67
600560.SH,金自天正,65.33,67.11,3.58,3.95,4.05,2.37,0.48,30.24,25.34,8.43,4.31,11.58,,44.13,0.05,5.79,17.0,16.13
688358.SH,祥生医疗,21.72,31.16,2.07,6.51,7.14,6.02,2.12,60.15,59.15,27.17,-33.86,14.07,,13.29,0.33,2.21,4.79,3.04
002937.SZ,兴瑞科技,20.68,20.08,3.58,12.24,12.46,8.4,1.53,33.33,26.96,12.99,0.74,25.0,,36.69,0.13,0.8,1.64,1.66
301383.SZ,天键股份,28.01,41.89,3.11,6.47,8.61,6.65,0.55,26.87,18.63,10.06,23.19,16.02,,26.85,0.17,2.61,6.48,3.25
600113.SH,浙江东日,40.04,35.61,2.37,4.38,4.47,3.47,2.19,36.0,40.15,17.26,8.53,19.13,0.32,29.41,0.14,1.86,8.12,8.96
002524.SZ,光正眼科,-75.87,-55.4,7.71,-10.58,-7.51,0.89,,0.0,36.9,-2.9,-1150.98,8.98,136.5,80.68,0.03,扣非亏损,扣非亏损,亏损
002443.SZ,金洲管道,19.97,20.57,0.95,2.74,3.61,3.26,0.88,10.91,10.96,4.21,-56.15,6.2,0.07,18.64,0.35,3.32,7.51,5.53
603515.SH,欧普照明,15.8,16.66,2.02,7.65,8.93,7.41,4.89,68.0,40.19,12.29,-11.05,0.13,,30.78,0.16,124.2,2.18,1.77
688196.SH,卓越新能,30.88,179.84,1.39,3.2,3.41,1.8,0.8,40.91,3.56,3.11,-50.07,32.84,,21.59,0.14,5.48,56.13,9.06
600203.SH,福日电子,-40.57,-20.99,3.8,-9.3,-6.79,-0.44,,0.0,5.76,-1.68,-25.03,-1.31,22.62,74.64,0.21,扣非亏损,扣非亏损,亏损
301119.SZ,正强股份,27.4,28.39,2.4,6.3,6.74,5.09,0.39,10.75,33.11,21.94,-14.98,14.64,,26.49,1.5,1.94,4.51,4.06
600880.SH,博瑞传播,299.77,1821.9,1.62,0.34,0.4,0.56,0.2,33.33,45.28,3.91,-72.89,10.31,12.97,18.72,0.09,176.76,5391.84,749.44
000881.SZ,中广核技,-41.9,-7.51,1.38,-3.86,-2.44,-0.48,,0.0,12.5,-2.89,-22.68,-0.48,6.31,47.95,0.28,扣非亏损,扣非亏损,亏损
301002.SZ,崧盛股份,88.58,-1667.78,2.78,0.61,2.23,1.28,0.48,50.0,27.69,0.77,-58.85,10.97,,46.58,0.07,扣非亏损,扣非转亏,39.72
300055.SZ,万邦达,694.61,-17.94,0.92,-0.37,0.1,0.04,0.24,-6.54,5.65,0.47,-196.73,85.83,,31.04,0.15,扣非亏损,扣非亏损,13892.18
600604.SH,市北高新,-68.14,-38.19,1.41,-1.48,-1.54,0.48,,0.0,30.85,-13.78,-73.73,-4.36,0.68,62.2,0.12,扣非亏损,扣非亏损,亏损
603916.SH,苏博特,33.5,42.3,0.85,1.57,1.85,2.59,1.47,39.47,32.89,5.72,-48.74,0.8,3.18,39.76,0.22,53.1,27.0,18.11
000548.SZ,湖南投资,21.0,15.12,1.26,4.38,4.54,4.27,1.65,30.0,40.27,17.85,87.25,65.37,,26.03,0.31,0.23,3.45,4.63
000021.SZ,深科技,35.96,34.61,2.74,5.48,5.81,3.33,0.8,31.47,16.6,7.48,64.96,-1.19,0.08,53.57,0.28,-28.99,6.32,6.19
301578.SZ,辰奕智能,83.69,66.22,3.97,3.36,3.55,2.67,0.81,24.8,19.03,5.29,-53.44,8.21,,31.32,0.32,8.07,19.7,23.57
600710.SH,苏美达,8.93,11.66,1.59,12.41,13.79,6.1,4.65,41.77,6.57,2.95,27.28,13.97,0.35,75.19,1.08,0.84,0.94,0.65
600997.SH,开滦股份,13.27,15.73,0.8,4.43,4.56,2.69,4.5,49.77,12.71,2.28,-35.4,7.69,0.07,44.28,0.54,2.05,3.55,2.91
300456.SZ,赛微电子,-88.88,-201.82,2.78,-2.5,-2.31,-2.19,0.15,24.72,30.52,-21.43,-154.68,23.8,9.18,23.53,0.06,扣非亏损,扣非亏损,亏损
600020.SH,中原高速,8.62,13.41,0.83,5.34,6.5,3.5,4.05,46.91,39.67,17.49,-9.47,6.52,,70.46,0.05,2.06,2.51,1.33
301120.SZ,新特电气,241.7,977.36,2.33,0.05,0.71,0.66,0.47,28.95,29.03,1.65,-98.64,9.9,,4.78,0.21,98.76,20883.73,340.43
688768.SH,容知日新,761.09,34.05,3.44,0.26,0.34,-0.96,0.31,14.94,61.87,0.79,109.41,26.45,,22.77,0.02,1.29,131.31,2238.5
600137.SH,浪莎股份,68.06,62.76,2.64,2.8,2.92,1.99,0.99,77.25,18.63,6.57,45.82,5.34,,19.55,0.25,11.75,22.4,23.31
300229.SZ,拓尔思,246.69,-1154.19,3.43,-0.47,1.32,1.06,0.18,64.24,62.73,6.71,-2688.83,-15.7,14.38,8.63,0.02,扣非亏损,扣非亏损,186.88
300802.SZ,矩子科技,62.23,123.83,3.13,3.19,3.73,3.75,0.84,53.33,30.4,11.91,-12.79,6.75,,10.54,0.23,18.35,38.78,16.68
000070.SZ,ST特信,860.87,-16.58,2.66,-2.58,0.23,1.87,,0.0,14.11,1.33,29.61,2.1,12.29,70.56,0.18,扣非亏损,扣非亏损,7485.86
300444.SZ,双杰电气,38.13,43.85,3.53,7.65,7.29,2.92,,0.0,20.0,4.73,19.7,40.88,1.32,70.44,0.07,1.07,11.46,10.46
600491.SH,龙元建设,-14.72,-5.93,0.59,-3.03,-2.97,1.29,,0.0,19.77,-4.39,48.96,-18.01,0.83,79.19,0.17,扣非亏损,扣非亏损,亏损
300631.SZ,久吾高科,109.43,58.18,2.46,1.32,1.69,0.94,0.62,48.66,35.27,6.76,263.23,13.68,,33.35,0.06,4.25,44.0,64.75
603344.SH,星德胜,23.57,,2.21,8.75,8.4,6.91,,23.13,16.34,7.73,,13.63,,28.92,0.73,,,2.81
002102.SZ,能特科技,44.36,-178.21,1.69,2.56,2.9,1.77,,0.0,2.2,1.39,-25.2,-4.42,31.31,48.29,0.25,扣非亏损,扣非转亏,30.59
002962.SZ,五方光电,56.51,60.43,2.65,3.22,3.49,2.27,0.85,86.96,16.12,7.35,61.89,15.41,,13.2,0.32,3.92,18.79,16.19
002775.SZ,文科股份,240.58,-11.03,8.85,-6.8,1.93,1.87,,0.0,19.0,0.66,25.52,-21.4,13.14,94.04,0.27,扣非亏损,扣非亏损,249.3
600665.SH,天地源,20.54,-7.01,0.69,0.24,2.54,0.74,,0.0,16.09,4.64,41.96,30.71,,86.93,1.45,扣非亏损,扣非转亏,16.17
002629.SZ,仁智股份,-102.97,-62.79,45.51,-18.01,-21.46,-4.85,,0.0,4.15,-7.83,81.17,24.67,0.33,79.79,0.01,扣非亏损,扣非亏损,亏损
832023.BJ,田野股份,44.21,61.97,1.52,2.4,2.59,2.35,0.28,10.48,22.66,8.46,43.1,24.24,,23.43,0.12,2.56,25.78,17.07
600478.SH,科力远,278.73,-76.87,2.83,0.13,0.76,1.05,,0.0,13.49,-0.39,-77.7,13.99,5.09,65.77,0.24,扣非亏损,扣非转亏,733.5
301395.SZ,仁信新材,55.49,56.16,1.58,1.38,2.03,1.93,5.32,227.27,2.23,2.1,4.08,25.79,,16.46,0.29,2.18,40.59,27.33
002455.SZ,百川股份,36.45,-15.01,2.84,4.02,5.35,1.07,,0.0,8.76,-1.0,199.41,26.61,,80.37,0.22,扣非亏损,扣非转亏,13.63
002377.SZ,国创高新,-42.57,-25.58,5.44,-9.31,-9.16,-4.01,,0.0,7.82,-11.53,54.53,-39.42,,50.18,0.01,扣非亏损,扣非亏损,亏损
003001.SZ,中岩大地,98.94,131.29,4.1,3.19,3.11,2.31,0.67,80.3,24.96,6.68,194.39,-3.58,0.25,31.85,0.1,-36.72,41.1,31.81
600616.SH,金枫酒业,-99.81,-68.23,2.04,-1.67,-1.51,-2.11,0.8,31.25,39.24,-8.68,-17.55,-1.57,1.92,11.95,0.22,扣非亏损,扣非亏损,亏损
002191.SZ,劲嘉股份,21.28,101.08,1.01,3.91,3.46,3.17,5.59,375.0,25.12,11.29,-29.63,-0.22,9.69,21.9,0.15,-453.7,25.85,6.15
002548.SZ,金新农,90.78,-13.09,2.23,1.43,1.86,2.34,,0.0,10.88,0.83,107.35,0.98,2.21,72.22,0.15,扣非亏损,扣非转亏,97.61
600985.SH,淮北矿业,7.46,8.09,0.98,10.32,10.21,5.78,6.01,39.84,17.58,6.99,-16.51,12.02,0.4,48.09,0.14,0.67,0.78,0.73
002949.SZ,华阳国际,19.54,22.97,2.05,6.55,7.15,4.24,5.73,97.22,34.03,14.61,-2.1,-0.71,0.05,49.08,0.17,-32.32,3.51,2.73
600125.SH,铁龙物流,15.69,21.35,1.14,5.37,5.49,5.84,1.82,30.47,8.16,3.9,-12.94,2.49,,26.09,0.22,8.57,3.98,2.86
300550.SZ,和仁科技,2992.23,151.56,3.46,-0.1,0.09,-0.21,0.2,20.0,43.47,0.2,-108.7,0.54,0.09,24.58,0.13,282.89,转盈,33246.99
000868.SZ,安凯客车,-688.99,-26.0,5.83,-6.92,-0.63,-0.54,,0.0,10.05,-0.74,39.46,-5.85,,72.06,0.19,扣非亏损,扣非亏损,亏损
000008.SZ,神州高铁,-28.88,-7.67,2.05,-6.07,-6.07,-0.68,,0.0,28.82,-18.45,-40.87,12.41,68.91,66.81,0.09,扣非亏损,扣非亏损,亏损
300643.SZ,万通智控,27.29,28.15,2.8,7.38,7.86,7.1,1.28,30.77,33.58,10.82,2.76,11.36,6.17,21.45,0.08,2.48,3.81,3.47
600892.SH,大晟文化,-121.13,-46.67,19.98,-13.34,-11.65,-4.35,,0.0,91.5,-13.01,36.23,-7.33,92.28,53.83,0.03,扣非亏损,扣非亏损,亏损
603896.SH,寿仙谷,27.66,21.33,2.02,4.4,5.36,3.26,1.21,30.0,80.52,25.14,-18.15,7.76,,26.93,0.2,2.75,4.84,5.16
002856.SZ,美芝股份,-16.54,-5.36,4.44,-18.19,-18.48,-2.08,,0.0,-4.48,-13.24,-235.77,27.78,12.49,84.51,0.06,扣非亏损,扣非亏损,亏损
301107.SZ,瑜欣电子,34.28,44.34,2.27,4.58,4.91,3.32,1.25,47.06,26.2,11.29,-13.02,12.17,,21.69,0.12,3.64,9.68,6.98
300615.SZ,欣天科技,-98.64,-54.67,4.47,-4.24,-3.35,-2.32,0.63,31.25,20.34,-9.89,-130.5,43.01,,19.66,0.04,扣非亏损,扣非亏损,亏损
600584.SH,长电科技,52.34,47.04,2.8,3.86,4.07,2.66,0.33,12.2,12.93,4.29,36.73,4.6,12.45,46.89,0.12,10.23,12.18,12.86
301566.SZ,达利凯普,66.49,71.47,5.91,6.79,6.84,6.4,0.21,16.22,59.6,35.13,-3.21,3.53,,6.15,0.88,20.27,10.53,9.72
002630.SZ,华西能源,36.9,35.85,5.96,13.1,9.55,2.98,,0.0,20.65,3.09,138.75,14.22,,92.13,0.05,2.52,5.47,7.73
300043.SZ,星辉娱乐,-12.86,-10.25,2.33,-13.54,-12.68,-6.53,,0.0,23.7,-22.39,-567.05,0.92,41.15,59.51,0.04,扣非亏损,扣非亏损,亏损
002284.SZ,亚太股份,29.08,41.37,2.12,4.92,5.55,1.85,1.14,76.92,17.68,5.23,129.98,10.3,,57.1,0.51,4.02,8.4,5.24
603036.SH,如通股份,32.29,34.5,2.36,4.74,5.45,5.52,1.36,43.48,42.97,25.0,18.94,10.09,,11.59,0.08,3.42,7.27,5.93
002763.SZ,汇洁股份,17.05,33.03,1.41,5.79,6.11,6.98,4.76,90.91,68.57,6.68,-43.29,8.11,0.58,26.31,0.49,4.07,5.71,2.79
300549.SZ,优德精密,142.25,290.29,4.33,1.54,2.27,2.19,0.52,76.92,28.8,4.91,-30.21,4.36,,20.28,0.03,66.55,188.51,62.67
300230.SZ,永利股份,17.37,17.83,1.21,5.11,5.25,4.76,3.1,27.11,31.83,10.19,-7.79,-12.75,4.98,26.62,0.28,-1.4,3.49,3.31
688277.SH,天智航,-45.88,-22.0,3.95,-9.5,-6.3,-5.75,,0.0,67.45,-82.69,1.87,16.46,,21.46,0.04,扣非亏损,扣非亏损,亏损
002389.SZ,航天彩虹,2357.73,-24504.27,2.43,-0.1,0.08,0.17,0.32,37.5,23.74,0.33,-106.16,1.4,5.99,19.4,0.07,扣非亏损,扣非亏损,29471.62
003013.SZ,地铁设计,15.88,14.35,2.46,11.88,11.97,5.88,2.99,45.37,36.09,15.69,3.94,11.74,,55.14,0.12,1.22,1.21,1.33
001212.SZ,中旗新材,64.39,70.53,2.06,2.06,2.22,1.52,0.63,22.39,18.82,9.48,-46.63,8.78,,23.76,0.36,8.04,34.27,29.0
836871.BJ,派特尔,29.19,33.3,3.67,9.66,10.06,9.9,2.27,64.52,35.11,20.14,56.94,4.76,,14.7,0.11,7.0,3.45,2.9
603990.SH,麦迪科技,-13.5,-6.96,3.28,-24.97,-16.63,-2.99,,0.0,12.87,-46.14,-153.7,34.51,3.38,72.14,0.06,扣非亏损,扣非亏损,亏损
300071.SZ,福石控股,-123.34,-114.24,19.22,-14.03,-11.83,-2.45,,0.0,24.56,-3.5,-28.54,12.54,21.55,82.18,0.0,扣非亏损,扣非亏损,亏损
837242.BJ,建邦科技,20.95,22.28,3.79,14.22,13.94,13.37,4.25,45.45,30.6,14.07,50.76,16.18,,28.05,0.17,1.38,1.57,1.5
002069.SZ,獐子岛,-68.09,-48.93,46.33,-47.65,-37.69,1.14,,0.0,13.53,-2.05,-256.16,-3.95,1.97,95.72,0.22,扣非亏损,扣非亏损,亏损
300996.SZ,普联软件,196.89,42.0,3.3,0.63,1.25,0.4,0.44,32.64,35.96,1.93,119.58,21.66,3.78,12.04,0.06,1.94,66.76,157.51
688184.SH,帕瓦股份,-4.72,-4.88,1.0,-14.73,-14.53,-12.7,,0.0,-12.61,-45.19,-3509.98,36.7,,27.05,0.13,扣非亏损,扣非亏损,亏损
601368.SH,绿城水务,24.55,77.2,0.92,2.5,2.76,2.39,0.49,31.21,36.53,7.21,-4.77,15.47,,78.35,0.18,4.99,30.89,8.9
838924.BJ,广脉科技,67.92,69.23,7.0,7.41,7.97,4.13,0.42,16.13,22.28,8.62,30.97,9.1,,67.56,0.03,7.61,9.34,8.52
300708.SZ,聚灿光电,36.84,28.1,2.93,5.42,5.93,3.0,1.42,76.19,14.1,7.89,2408.97,22.03,,44.3,0.29,1.28,5.18,6.21
603356.SH,华菱精工,-25.62,-15.71,3.23,-8.68,-8.66,-3.19,,0.0,5.38,-7.11,7.71,-5.37,1.82,55.54,0.04,扣非亏损,扣非亏损,亏损
002950.SZ,奥美医疗,15.37,29.09,1.63,7.5,8.13,6.81,0.29,15.52,27.99,10.84,15.22,-4.77,2.92,34.83,0.16,-6.1,3.88,1.89
000962.SZ,东方钽业,32.61,37.12,2.65,5.87,6.28,5.43,,0.0,19.32,17.5,20.45,17.98,,14.05,0.08,2.06,12.65,10.39
688371.SH,菲沃泰,167.2,2300.95,3.19,0.92,1.4,1.53,,0.0,52.35,7.86,129.25,15.67,,6.04,0.09,146.82,5027.74,238.86
300136.SZ,信维通信,36.95,73.69,3.66,5.77,7.35,4.39,0.42,18.56,20.8,8.26,-16.91,6.58,13.69,47.55,0.07,11.2,12.77,5.03
600803.SH,新奥股份,12.88,17.99,2.64,12.72,15.03,6.99,3.92,28.7,13.72,6.93,42.01,19.31,0.96,57.05,0.26,0.93,1.42,0.86
688400.SH,凌云光,72.42,115.8,2.72,2.11,2.83,1.1,0.19,14.29,37.22,6.87,-25.62,15.89,0.02,20.73,0.36,7.29,54.84,25.59
002418.SZ,康盛股份,-212.52,-149.47,1.85,-0.93,-0.65,0.22,,0.0,8.8,-0.84,-202.7,2.17,,37.73,0.06,扣非亏损,扣非亏损,亏损
831039.BJ,国义招标,26.72,31.14,2.81,6.64,7.05,4.16,3.05,68.29,48.56,18.83,-24.68,4.65,,40.84,0.47,6.69,4.69,3.79
600746.SH,江苏索普,30.45,22.72,1.56,3.8,3.91,3.36,,0.0,10.88,4.2,232.7,25.22,0.78,18.58,0.09,0.9,11.95,15.57
300311.SZ,任子行,-39.23,-39.66,7.41,-14.53,-13.35,-6.9,,0.0,51.99,-36.25,6.59,-8.92,,48.4,0.04,扣非亏损,扣非亏损,亏损
300363.SZ,博腾股份,-36.19,-25.53,1.88,-3.84,-3.73,-2.81,1.94,99.39,23.28,-12.56,-150.29,42.85,5.22,37.76,0.15,扣非亏损,扣非亏损,亏损
688687.SH,凯因科技,32.03,33.45,2.54,6.17,6.04,5.25,0.72,35.71,81.94,12.5,16.26,18.61,,29.1,0.18,1.8,5.42,5.3
002986.SZ,宇新股份,13.0,15.12,1.13,6.27,6.7,4.71,0.64,6.9,19.25,4.61,-34.74,46.82,,45.82,0.1,0.32,2.41,1.94
300598.SZ,诚迈科技,-114.56,-88.78,7.96,-6.22,-5.48,-4.58,0.28,10.44,16.37,-6.1,40.59,27.8,,30.37,0.04,扣非亏损,扣非亏损,亏损
601579.SH,会稽山,35.89,34.28,1.49,2.74,3.07,3.1,1.96,60.0,50.15,10.6,2.67,8.66,6.31,14.71,0.1,3.96,12.49,11.69
300603.SZ,立昂技术,594.27,417.84,3.03,0.41,0.38,0.01,,0.0,14.7,0.62,111.78,-10.05,1.24,34.35,0.12,-41.59,2053.79,3127.75
600511.SH,国药股份,13.14,12.06,1.56,9.2,9.17,5.67,2.98,30.02,7.02,4.14,4.04,7.41,1.1,46.25,0.44,1.63,1.31,1.43
300947.SZ,德必集团,89.67,210.34,2.12,1.34,1.74,2.48,,0.0,34.13,3.16,-6.29,15.42,0.59,77.56,0.09,13.64,313.7,103.07
002126.SZ,银轮股份,19.44,21.85,2.58,9.47,10.41,4.78,0.54,12.99,20.07,7.41,32.78,20.67,2.6,60.73,0.16,1.06,2.31,1.87
601860.SH,紫金银行,6.06,6.79,0.57,7.05,7.07,,3.95,22.73,,39.04,1.22,-0.42,,92.76,,-16.15,0.96,0.86
688051.SH,佳华科技,-43.38,-10.96,2.29,-5.44,-3.89,-2.54,,0.0,24.81,-12.76,56.33,-17.17,,28.34,0.06,扣非亏损,扣非亏损,亏损
601000.SH,唐山港,12.42,14.12,1.28,7.66,7.81,8.76,5.71,61.58,50.17,39.7,-3.7,-8.66,,9.3,0.17,-1.63,1.84,1.59
603766.SH,隆鑫通用,13.5,20.78,1.81,9.8,10.41,6.67,1.94,35.71,18.3,7.23,19.44,8.48,,39.45,0.36,2.45,2.12,1.3
688395.SH,正弦电气,38.63,58.76,2.09,3.01,4.13,3.76,0.87,33.9,36.08,11.01,-43.83,-1.34,,12.42,0.04,-43.72,19.54,9.35
300655.SZ,晶瑞电材,12988.8,-624.79,4.46,-0.48,0.03,0.53,0.29,280.0,19.82,-1.09,-123.5,16.31,4.54,28.33,0.07,扣非亏损,扣非亏损,432960.07
000799.SZ,酒鬼酒,252.64,162.45,4.74,1.22,1.31,0.19,1.37,59.32,71.81,4.74,-89.27,25.15,,20.52,0.07,6.46,133.02,192.85
600231.SH,凌钢股份,-3.18,-3.63,0.97,-16.99,-20.23,-11.1,,0.0,-6.49,-9.82,-445.57,1.85,,60.73,0.32,扣非亏损,扣非亏损,亏损
605088.SH,冠盛股份,13.34,15.14,1.77,9.62,10.19,5.18,2.61,34.68,26.63,7.49,3.47,20.49,,56.22,0.34,0.74,1.57,1.31
603778.SH,国晟科技,-11.45,-6.98,2.85,-17.28,-17.28,-7.13,,0.0,-3.11,-20.29,-1214.37,126.55,,64.2,0.08,扣非亏损,扣非亏损,亏损
300083.SZ,创世纪,46.2,87.04,2.43,3.3,4.03,3.69,,0.0,23.16,6.45,89.59,5.86,32.09,50.57,0.03,14.84,52.74,22.93
688107.SH,安路科技,-57.6,-47.31,9.42,-14.06,-11.56,-10.4,,0.0,30.95,-31.83,-18.31,54.09,,10.34,0.02,扣非亏损,扣非亏损,亏损
688120.SH,华海清科,46.26,58.22,7.21,10.52,12.31,7.95,0.29,12.09,45.82,29.4,33.85,88.51,,43.64,0.08,0.66,5.53,3.76
002998.SZ,优彩资源,16.33,17.41,1.24,5.44,5.29,4.09,2.52,11.9,11.38,6.01,-18.36,22.15,,31.54,0.22,0.79,3.2,3.09
300031.SZ,宝通科技,24.99,24.61,2.06,7.03,6.39,4.64,0.32,23.33,40.65,11.3,174.34,11.62,18.09,29.96,0.19,2.12,3.5,3.91
300018.SZ,中元股份,36.55,47.15,2.54,5.2,5.33,4.44,0.82,38.46,46.44,19.59,101.11,3.32,0.47,11.61,0.04,14.19,9.06,6.86
835185.BJ,贝特瑞,34.24,31.87,2.59,5.8,5.68,3.11,1.75,26.67,22.3,6.57,-47.64,92.75,,55.96,0.14,0.34,5.5,6.03
000524.SZ,岭南控股,36.47,100.96,2.92,2.65,6.21,4.55,,0.0,18.85,4.44,10.26,59.36,2.53,40.74,0.25,1.7,76.32,11.74
002694.SZ,顾地科技,-51.67,-39.48,8.49,-16.68,-11.35,-5.16,,0.0,8.86,-10.84,-1035.98,-12.15,,56.38,0.06,扣非亏损,扣非亏损,亏损
688331.SH,荣昌生物,-12.32,-11.14,7.43,-37.8,-36.92,-18.18,,0.0,79.75,-88.63,-3.45,15582.57,,58.54,0.13,扣非亏损,扣非亏损,亏损
002406.SZ,远东传动,41.54,79.64,1.2,1.21,2.15,2.09,1.57,71.43,23.81,9.01,10.73,-10.71,,16.57,0.16,-7.43,65.56,19.32
601515.SH,东峰集团,-29.48,-52.66,1.38,-3.46,-3.41,-3.58,0.62,31.25,21.05,-21.8,-271.72,-2.45,6.77,18.2,0.26,扣非亏损,扣非亏损,亏损
001288.SZ,运机集团,45.81,46.13,2.59,3.81,3.98,2.97,1.49,39.06,30.93,9.71,22.28,15.1,0.44,46.73,0.49,3.06,12.11,11.51
000735.SZ,罗牛山,15.01,34.99,1.59,8.07,8.2,3.83,0.35,-4.66,17.86,12.18,284.99,25.49,0.98,53.03,0.09,1.37,8.67,3.66
300891.SZ,惠云钛业,224.45,107.52,2.85,0.98,0.89,0.56,0.31,30.0,7.98,1.0,-33.47,23.09,,52.04,0.06,4.66,109.95,252.19
601567.SH,三星医疗,19.01,22.06,3.93,15.4,15.31,10.26,3.17,48.15,36.21,17.47,31.32,18.18,13.26,44.26,0.06,1.21,1.43,1.24
300878.SZ,维康药业,46.42,-19.96,2.02,-3.46,3.25,2.36,0.99,-416.67,47.39,12.46,-173.94,-5.61,1.26,25.67,0.31,扣非亏损,扣非亏损,28.57
603129.SH,春风动力,15.37,17.69,3.82,19.39,19.76,9.32,2.03,31.04,31.53,9.82,36.74,41.63,,55.84,0.29,0.42,0.91,0.78
002138.SZ,顺络电子,30.8,34.58,4.15,9.82,10.41,7.12,1.11,37.04,37.31,16.77,33.41,14.39,5.0,45.98,0.01,2.4,3.52,2.96
301156.SZ,美农生物,47.26,46.73,2.69,3.6,4.12,4.18,2.92,97.71,28.59,9.29,-37.1,7.58,,5.35,0.26,6.17,12.99,11.47
603989.SH,艾华集团,23.06,30.03,1.66,4.86,5.52,4.54,1.23,30.26,21.19,6.47,-32.03,11.04,,35.97,0.06,2.72,6.18,4.18
300935.SZ,盈建科,-33.24,-26.85,1.96,-5.31,-4.33,-5.22,,0.0,92.17,-50.33,-22.75,7.74,,5.07,0.25,扣非亏损,扣非亏损,亏损
002682.SZ,龙洲股份,-26.4,-8.13,1.77,-5.44,-5.17,0.14,,0.0,3.4,-3.93,33.91,4.31,25.34,75.93,0.19,扣非亏损,扣非亏损,亏损
002057.SZ,中钢天源,28.18,46.13,1.89,4.19,4.97,3.85,2.25,49.68,22.43,9.36,-38.0,20.76,1.31,31.25,0.21,2.22,11.0,5.67
605169.SH,洪通燃气,13.44,13.94,1.54,8.78,8.88,7.75,1.77,36.95,17.27,8.29,56.61,33.81,,22.09,0.51,0.41,1.59,1.51
688383.SH,新益昌,59.46,87.79,3.88,4.5,4.92,3.3,0.19,33.9,35.71,8.39,30.5,18.9,1.4,51.05,0.04,4.65,19.5,12.08
603211.SH,晋拓股份,88.7,90.3,4.32,3.63,3.69,2.84,0.31,31.58,16.8,5.1,15.89,13.2,,34.89,0.1,6.84,24.87,24.04
000151.SZ,中成股份,-27.79,-11.91,9.93,-24.0,-23.75,-7.5,,0.0,-0.45,-26.67,-781.14,29.81,21.19,77.13,0.22,扣非亏损,扣非亏损,亏损
300667.SZ,必创科技,-795.07,519.23,3.13,-0.67,-0.3,-0.06,0.58,58.82,33.39,-0.85,-206.76,6.37,28.2,18.28,0.09,81.53,扣非亏损,亏损
301075.SZ,多瑞医药,-71.98,-80.61,2.26,-2.63,-2.24,-2.38,0.47,52.08,40.75,-13.24,-433.64,-10.96,0.51,28.4,0.16,扣非亏损,扣非亏损,亏损
002431.SZ,棕榈股份,-5.33,-3.66,1.57,-25.79,-19.59,-1.4,,0.0,8.37,-24.83,-159.33,-5.24,8.5,85.29,0.16,扣非亏损,扣非亏损,亏损
831396.BJ,许昌智能,61.44,46.33,3.5,4.37,5.56,2.42,3.99,55.56,24.62,5.94,-4.73,21.71,,44.62,0.09,2.13,10.59,11.05
300095.SZ,华伍股份,91.83,-389.68,1.44,0.83,1.17,1.26,1.22,68.4,25.2,2.18,-75.76,1.02,12.51,38.09,0.24,扣非亏损,扣非转亏,78.49
301132.SZ,满坤科技,46.59,52.2,2.55,3.86,4.18,2.14,1.41,54.86,19.17,7.87,-21.01,9.33,,29.54,0.6,5.6,13.53,11.15
688038.SH,中科通达,669.59,-18.56,2.53,0.15,0.28,0.06,,0.0,24.71,0.3,104.18,-22.09,,50.32,0.04,扣非亏损,扣非转亏,4782.76
000816.SZ,智慧农业,91.12,-47.76,1.77,1.03,1.47,2.39,,0.0,20.2,6.55,304.75,-2.88,,29.99,0.14,扣非亏损,扣非转亏,123.97
600150.SH,中国船舶,53.56,76.9,3.27,4.03,4.63,0.75,0.68,30.3,9.41,4.2,560.73,11.21,0.27,69.88,0.37,6.86,19.09,11.57
688611.SH,杭州柯林,82.71,59.18,4.17,3.62,3.8,3.26,0.76,41.67,38.29,12.13,159.01,-4.37,,15.31,0.06,-13.55,16.36,21.77
002114.SZ,罗平锌电,-20.42,-29.59,2.0,1.9,-7.07,-1.81,,0.0,9.2,-7.32,115.32,-2.68,1.16,57.95,0.12,扣非亏损,扣非转亏,亏损
600523.SH,贵航股份,32.78,35.29,1.7,3.37,3.99,3.26,0.89,29.76,22.08,7.0,-9.27,1.81,0.01,21.42,0.07,19.48,10.48,8.22
301355.SZ,南王科技,43.65,55.82,1.45,1.99,2.49,1.56,2.31,23.81,15.49,3.51,-41.72,12.74,1.74,34.17,0.41,4.38,28.04,17.53
601608.SH,中信重工,52.82,56.29,2.23,2.68,3.44,1.7,0.74,32.39,21.26,4.78,35.32,14.89,7.11,51.5,0.08,3.78,21.02,15.35
301225.SZ,恒勃股份,25.42,26.46,2.06,5.63,6.08,5.4,1.12,31.5,30.53,14.09,7.62,11.07,,18.57,0.19,2.39,4.7,4.18
600149.SH,廊坊发展,19.04,-280.57,8.18,-1.8,38.38,14.38,,0.0,38.98,26.11,74.44,0.04,13.72,51.49,0.11,扣非亏损,扣非亏损,0.99
002337.SZ,赛象科技,44.75,60.39,2.17,3.37,3.68,2.47,0.58,30.0,29.4,7.54,-25.37,36.58,,32.86,0.2,1.65,17.94,12.16
000723.SZ,美锦能源,-24.3,-26.34,1.53,-4.61,-4.48,-1.49,,0.0,4.57,-5.5,-276.93,21.83,0.42,63.0,0.21,扣非亏损,扣非亏损,亏损
603977.SH,国泰集团,28.29,32.18,2.53,5.95,6.79,5.22,1.44,30.61,34.61,14.56,-8.65,13.2,16.34,32.28,0.09,2.44,5.41,4.17
603117.SH,万林物流,169.33,-21.12,4.84,1.23,1.8,2.27,,0.0,34.17,9.53,136.37,-18.54,,28.25,0.0,扣非亏损,扣非转亏,188.15
870866.BJ,绿亨科技,36.06,50.52,2.09,4.16,4.05,3.45,1.92,51.72,44.02,10.42,-14.83,8.94,6.2,17.37,0.25,5.65,12.14,8.9
600758.SH,辽宁能源,60.05,83.3,0.88,2.46,1.12,2.2,,0.0,21.21,1.53,302.58,4.49,0.04,59.13,0.5,18.55,67.83,107.23
832469.BJ,富恒新材,27.63,35.0,3.55,8.09,9.94,5.94,0.84,23.08,15.94,8.2,1.9,18.98,,55.94,0.06,1.84,4.33,2.78
600815.SH,厦工股份,449.94,-25.47,2.96,-2.33,0.5,2.72,,0.0,24.76,8.15,54.68,-24.29,,26.54,0.07,扣非亏损,扣非亏损,1799.76
600243.SH,青海华鼎,-79.4,-11.03,2.62,-2.78,-2.45,-1.93,,0.0,9.32,-9.9,39.39,-16.26,,24.79,0.07,扣非亏损,扣非亏损,亏损
600373.SH,中文传媒,18.54,17.12,0.97,3.79,3.97,3.08,5.92,53.74,40.71,11.07,-42.24,-0.78,15.52,41.98,0.62,-22.06,4.52,4.67
600186.SH,莲花控股,40.1,46.49,5.15,10.17,10.19,8.23,,0.0,23.48,8.65,77.0,9.03,,53.85,0.17,5.15,9.14,7.87
688132.SH,邦彦技术,-2059.03,-26.44,1.7,-0.85,-0.06,0.14,,0.0,61.28,-0.62,55.2,-6.82,,14.98,0.12,扣非亏损,扣非亏损,亏损
002207.SZ,准油股份,-73.41,-83.9,21.81,-21.96,-20.04,-3.08,,0.0,0.69,-6.67,9.0,12.93,,82.35,0.04,扣非亏损,扣非亏损,亏损
300375.SZ,鹏翎股份,36.83,65.5,1.69,3.28,3.47,1.82,0.63,87.5,20.31,4.6,115.59,5.45,14.73,29.95,0.25,12.03,19.95,10.61
000536.SZ,华映科技,-14.89,-12.29,10.69,-43.14,-42.35,-9.84,,0.0,-27.54,-64.52,22.02,-7.57,,75.08,0.04,扣非亏损,扣非亏损,亏损
603182.SH,嘉华股份,19.5,19.71,1.91,7.11,7.36,7.31,2.71,59.7,12.3,6.91,-11.14,21.06,,20.11,0.18,0.94,2.77,2.65
002500.SZ,山西证券,32.94,29.33,1.3,2.92,2.98,,1.67,52.94,,23.67,59.76,2.37,2.61,78.14,1.21,12.39,10.03,11.05
603393.SH,新天然气,11.56,11.1,1.74,11.57,11.61,8.38,2.94,36.44,43.11,30.59,31.23,19.12,,43.87,0.23,0.58,0.96,1.0
002219.SZ,新里程,134.12,198.49,4.08,2.12,2.34,2.58,,0.0,28.69,2.11,60.95,8.54,40.3,61.91,0.05,23.25,187.31,114.64
300854.SZ,中兰环保,74.67,286.25,1.36,0.62,1.37,0.48,0.63,52.38,23.7,2.49,-63.76,6.86,,38.49,0.15,41.74,458.73,54.5
300680.SZ,隆盛科技,29.17,33.02,3.25,8.43,8.49,5.3,1.07,31.28,18.61,9.52,78.46,47.82,8.47,50.51,0.05,0.69,3.92,3.44
605299.SH,舒华体育,46.9,30.86,2.56,2.67,4.06,3.41,3.03,96.77,31.78,5.62,-27.05,-1.0,,37.72,0.05,-30.96,11.54,11.55
600255.SH,鑫科材料,75.89,-11556.36,2.86,2.19,2.87,2.11,,0.0,8.06,1.87,168.01,14.6,,55.87,0.19,扣非亏损,扣非转亏,52.88
603567.SH,珍宝岛,21.07,28.85,1.44,4.65,5.13,4.23,1.64,39.75,53.1,19.56,665.94,-0.72,0.18,35.06,0.08,-39.84,6.2,4.11
000711.SZ,*ST京蓝,-56.65,-6.55,7.33,-10.34,-9.37,-6.41,,0.0,21.99,-97.38,89.88,-44.51,5.76,37.3,0.01,扣非亏损,扣非亏损,亏损
000998.SZ,隆平高科,-23.25,69.82,3.25,-17.23,-9.38,-2.04,0.35,33.33,28.24,-29.72,-113.21,11.4,52.14,69.3,0.21,6.12,扣非亏损,亏损
002045.SZ,国光电器,33.13,52.66,2.58,4.98,6.01,2.65,,0.0,13.79,4.29,25.98,12.22,,57.81,0.24,4.31,21.16,11.02
688026.SH,洁特生物,30.39,30.98,1.96,3.79,4.32,4.76,0.42,28.92,39.78,12.88,330.98,5.67,,28.3,0.23,5.47,8.17,7.04
301237.SZ,和顺科技,-65.22,-53.38,1.41,-2.15,-1.58,-1.81,0.33,55.56,8.23,-6.22,-410.78,10.7,,10.82,0.09,扣非亏损,扣非亏损,亏损
601778.SH,晶科科技,37.04,59.27,0.71,1.83,1.41,2.3,0.31,10.0,40.07,5.82,-19.27,8.0,,63.41,0.44,7.41,32.47,26.27
600081.SH,东风科技,73.07,76.39,1.31,0.33,1.33,1.68,0.65,27.52,11.94,3.08,-69.71,-2.97,0.03,43.94,0.47,-25.73,229.41,54.93
301063.SZ,海锅股份,57.89,139.43,1.16,1.14,1.48,0.99,0.66,25.42,9.21,2.28,-65.39,8.39,,34.98,0.33,16.62,122.38,39.11
300112.SZ,万讯自控,123.67,-238.88,2.41,0.71,1.34,1.57,1.74,250.0,46.66,2.54,-61.97,15.98,9.22,30.86,0.05,扣非亏损,扣非转亏,92.29
300972.SZ,万辰集团,109.68,221.51,13.43,9.8,9.99,11.62,,0.0,10.42,1.67,221.48,537.65,,81.54,0.22,0.41,45.19,21.96
838701.BJ,豪声电子,17.79,470.29,4.7,1.66,20.58,16.03,2.92,24.88,12.17,26.96,-20.38,1.96,,27.95,0.12,239.9,283.55,0.86
002617.SZ,露笑科技,42.39,98.6,2.18,3.34,3.92,3.48,,0.0,21.62,7.51,14.7,0.57,0.09,41.99,0.05,174.06,59.09,21.63
600653.SH,申华控股,-57.88,-17.53,5.97,-11.37,-7.44,0.08,,0.0,6.33,-1.77,-3.61,-8.96,2.08,72.02,0.04,扣非亏损,扣非亏损,亏损
002787.SZ,华源控股,48.52,91.88,2.32,3.37,3.65,3.16,,0.0,14.02,3.09,206.15,11.56,,42.6,0.13,7.95,54.47,26.58
300399.SZ,天利科技,-410.48,-280.83,8.45,-2.77,-1.49,-1.97,0.29,21.05,3.21,-2.13,-25.76,-2.75,,8.43,0.03,扣非亏损,扣非亏损,亏损
600827.SH,百联股份,8.25,237.89,0.92,0.85,8.72,4.0,1.26,54.55,25.38,6.86,-45.25,-4.65,0.74,62.35,1.24,-51.11,279.97,0.95
600361.SH,创新新材,15.66,16.54,1.56,7.36,7.64,5.81,1.4,30.07,3.64,1.32,18.16,3.07,,56.14,0.86,5.39,2.25,2.05
603105.SH,芯能科技,18.2,21.3,2.22,8.37,8.76,6.66,1.3,34.09,61.33,32.87,-0.72,18.63,,49.84,0.1,1.14,2.55,2.08
301517.SZ,陕西华达,136.43,159.86,4.61,2.42,2.55,1.86,0.23,14.22,38.62,6.86,-42.82,6.16,,37.0,0.05,25.97,66.18,53.5
600722.SH,金牛化工,60.77,90.34,2.67,2.81,3.35,5.09,,0.0,26.27,20.06,25.94,11.4,,9.2,0.35,7.92,64.22,36.28
603381.SH,永臻股份,23.26,,1.51,4.32,6.58,2.38,,0.0,5.2,3.11,-46.93,4.05,,65.56,0.66,,,7.07
300387.SZ,富邦股份,18.65,22.67,1.64,6.46,6.73,6.34,0.72,24.0,29.6,10.08,51.37,17.88,33.79,25.67,0.12,1.27,3.51,2.77
000605.SZ,渤海股份,222.23,1607.75,1.69,0.11,0.57,1.49,0.31,35.03,25.09,1.5,38.22,-0.67,5.62,66.48,0.12,-2410.42,14227.85,389.88
000893.SZ,亚钾国际,29.2,25.76,1.73,4.5,4.53,3.5,,0.0,49.12,19.94,-48.79,151.6,,25.14,0.04,0.17,11.45,12.89
603859.SH,能科科技,53.05,52.22,2.96,4.05,4.12,4.69,0.27,7.52,48.61,16.37,-30.49,14.09,3.45,30.68,0.03,3.71,12.9,12.88
600933.SH,爱柯迪,15.24,15.58,1.9,9.46,9.81,6.76,1.32,28.16,29.05,15.49,15.6,32.16,1.64,41.49,0.1,0.48,1.65,1.55
688201.SH,信安世纪,-49.25,-111.74,2.48,-3.8,-3.63,-3.88,0.15,56.39,71.34,-14.93,-303.37,11.64,20.64,11.02,0.01,扣非亏损,扣非亏损,亏损
301331.SZ,恩威医药,87.11,77.4,2.5,1.92,2.08,1.78,1.93,64.95,50.95,3.93,-66.48,7.49,9.84,28.18,0.47,10.34,40.23,41.88
000617.SZ,中油资本,17.21,27.09,0.98,3.94,4.29,1.03,2.17,30.0,23.97,1470.7,-22.18,-1.86,0.01,83.18,0.38,-14.57,6.88,4.01
002313.SZ,日海智能,-29.13,-11.34,25.14,-44.3,-49.4,0.0,,0.0,18.23,-3.44,62.96,-8.29,191.14,96.74,0.09,扣非亏损,扣非亏损,亏损
300959.SZ,线上线下,183.54,-1036.14,2.64,0.21,1.06,0.62,0.75,81.82,5.52,1.42,-89.25,17.17,2.4,17.25,0.07,扣非亏损,扣非转亏,173.15
837092.BJ,汉鑫科技,459.55,446.23,6.98,0.01,1.13,0.85,0.43,23.81,34.49,2.96,-99.89,34.21,,39.68,0.05,13.05,73151.97,406.68
600641.SH,万业企业,-434.29,949.72,2.2,0.06,-0.38,-1.47,0.29,30.79,59.3,-36.25,-92.18,3.12,2.41,14.58,0.13,304.76,16097.01,亏损
002605.SZ,姚记科技,22.96,32.28,3.91,12.29,12.53,11.43,4.05,65.19,37.85,15.89,-22.42,20.48,32.67,30.39,0.08,1.58,2.63,1.83
601965.SH,中国汽研,20.85,22.54,2.72,9.05,10.03,9.11,1.5,39.29,42.21,23.5,13.6,6.59,,24.18,0.07,3.42,2.49,2.08
603580.SH,艾艾精工,341.37,845.17,6.12,0.99,1.33,0.98,0.55,458.1,35.13,3.62,51.95,-4.15,,14.82,0.01,-203.58,850.27,256.67
002799.SZ,环球印务,69.57,-10.55,1.86,1.9,2.0,1.83,0.3,-5.22,13.65,2.06,-37.72,13.51,5.24,32.03,0.2,扣非亏损,扣非转亏,69.57
002512.SZ,达华智能,1271.8,-60.4,11.21,-4.27,0.67,-0.67,,0.0,10.57,-2.45,46.76,-1.14,48.72,81.61,0.01,扣非亏损,扣非亏损,3796.42
688213.SH,思特威,80.54,80.28,7.26,7.84,6.92,5.11,0.3,464.79,21.96,6.49,608.89,27.83,,49.05,0.04,2.88,10.24,11.64
600267.SH,海正药业,14.91,-142.12,1.24,4.23,6.4,4.17,,0.0,41.18,6.48,8.8,-2.59,,47.74,0.15,扣非亏损,扣非转亏,4.66
300586.SZ,美联新材,121.95,133.23,3.1,2.05,1.9,1.42,0.62,30.64,13.9,3.69,-58.77,9.83,3.67,33.38,0.07,13.55,65.03,64.18
688699.SH,明微电子,569.7,-186.27,3.41,-1.14,0.43,0.31,,0.0,26.33,1.25,85.63,29.07,,16.8,0.01,扣非亏损,扣非亏损,2649.77
605567.SH,春雪食品,551.05,-31.53,1.63,-0.09,0.22,0.59,,0.0,7.15,0.13,-108.89,14.64,,54.65,0.29,扣非亏损,扣非亏损,5009.59
601012.SH,隆基绿能,-16.29,-19.7,2.27,-9.73,-9.72,-5.11,0.74,11.97,7.98,-11.16,-156.35,36.23,0.26,59.2,0.36,扣非亏损,扣非亏损,亏损
000045.SZ,深纺织A,53.54,72.12,1.92,2.41,2.72,2.92,0.55,40.62,16.32,4.84,29.0,13.03,,23.99,0.09,5.54,29.88,19.68
002033.SZ,丽江股份,18.71,22.63,1.91,7.68,7.39,8.75,4.33,84.56,60.76,34.16,-10.78,41.28,0.99,12.26,0.15,0.55,2.95,2.53
603000.SH,人民网,347.01,94.89,7.23,1.52,1.52,1.24,0.6,56.33,45.32,5.16,0.96,0.49,,24.62,0.04,191.81,62.35,228.29
300100.SZ,双林股份,17.18,34.36,3.38,10.23,10.64,7.14,0.96,50.0,20.4,11.34,153.35,5.17,,54.45,0.05,6.65,3.36,1.62
301051.SZ,信濠光电,-20.17,-24.66,2.25,-9.12,-8.05,-5.29,0.31,58.82,11.06,-18.63,-13277.26,11.53,2.62,46.19,0.14,扣非亏损,扣非亏损,亏损
600162.SH,香江控股,69.7,-49.04,1.07,0.47,1.12,1.31,9.2,751.17,24.46,-1.62,-40.55,-8.29,,66.73,0.19,扣非亏损,扣非转亏,62.23
603860.SH,中公高科,282.18,49.34,2.76,0.51,0.73,0.5,0.5,20.09,55.33,4.92,-59.8,13.2,,11.4,0.08,3.74,96.9,386.55
688306.SH,均普智能,-115.23,-37.4,4.33,-3.86,-2.73,-0.11,,0.0,19.0,-3.26,22.9,8.38,39.21,66.04,0.27,扣非亏损,扣非亏损,亏损
600734.SH,实达集团,177.02,-405.64,20.11,-10.2,8.9,3.92,,0.0,45.83,57.56,-590.07,-21.2,,56.19,0.03,扣非亏损,扣非亏损,39.77
688119.SH,中钢洛耐,-596.33,-62.82,1.56,-1.51,-0.19,0.16,0.66,51.36,16.09,-0.08,-220.17,8.75,,40.99,0.64,扣非亏损,扣非亏损,亏损
300006.SZ,莱美药业,-142.4,-57.16,2.44,-2.69,-1.28,-0.83,,0.0,63.4,-2.56,-99.94,-16.39,2.13,30.6,0.22,扣非亏损,扣非亏损,亏损
603486.SH,科沃斯,33.16,55.22,3.93,7.85,9.07,4.85,0.72,27.78,48.39,6.01,1.69,33.06,,47.53,0.14,1.67,7.03,3.66
002893.SZ,京能热力,55.34,50.44,2.71,3.7,3.71,2.74,0.74,32.0,18.49,6.42,25.85,4.48,3.14,42.98,0.22,11.25,13.64,14.92
301529.SZ,福赛科技,43.5,48.05,2.43,3.44,4.15,4.75,0.75,24.59,24.13,5.32,-22.35,26.37,,35.52,0.18,1.82,13.96,10.48
600547.SH,山东黄金,40.98,37.29,4.65,6.2,7.42,4.04,0.61,33.33,14.88,4.94,63.57,6.46,23.68,65.1,0.12,5.77,6.01,5.52
300679.SZ,电连技术,35.27,38.8,4.53,9.66,8.64,7.58,0.86,42.62,33.76,14.24,87.83,7.35,2.77,26.66,0.06,5.28,4.02,4.08
605287.SH,德才股份,17.57,25.69,0.96,3.88,4.16,1.59,0.71,10.71,14.47,2.87,-50.36,9.62,0.13,82.61,1.42,2.67,6.63,4.22
603299.SH,苏盐井神,9.87,11.13,1.46,10.83,10.91,7.8,4.99,44.57,36.92,16.35,23.05,13.83,,38.27,0.4,0.8,1.03,0.9
603076.SH,乐惠国际,52.67,-825.65,2.14,1.08,3.06,1.71,0.56,93.75,27.59,4.15,-67.01,25.0,0.49,61.71,0.14,扣非亏损,扣非转亏,17.21
872351.BJ,华光源海,116.4,102.42,2.21,1.12,1.42,2.24,1.09,27.89,6.28,0.54,-78.29,43.16,2.94,52.82,0.55,2.37,91.57,81.97
600360.SH,ST华微,35.19,47.61,1.42,2.46,3.07,2.81,0.16,29.0,25.58,6.84,411.35,2.05,,49.13,0.16,23.23,19.38,11.46
301182.SZ,凯旺科技,-64.32,-43.19,3.98,-6.16,-4.56,-3.39,,0.0,1.37,-7.06,-42.22,10.3,0.94,53.0,0.11,扣非亏损,扣非亏损,亏损
603993.SH,洛阳钼业,14.96,12.29,2.61,13.83,13.48,10.88,2.97,40.59,17.63,6.15,530.97,20.35,0.55,57.06,0.24,0.6,0.89,1.11
603191.SH,望变电气,58.94,98.95,1.75,1.32,2.22,1.28,0.97,21.43,12.1,2.63,-85.22,29.11,1.78,60.37,0.43,3.4,75.05,26.55
688328.SH,深科达,-35.42,-16.64,1.78,-4.58,-4.12,-2.08,0.22,-6.99,33.67,-7.79,37.16,0.01,1.22,38.51,0.13,扣非亏损,扣非亏损,亏损
300097.SZ,智云股份,124.01,-78.4,3.3,1.93,2.02,1.86,,0.0,41.21,3.57,176.25,-18.25,8.43,37.25,0.04,扣非亏损,扣非转亏,122.78
300405.SZ,科隆股份,-54.98,-12.02,3.1,-7.96,-4.05,0.27,,0.0,7.69,-4.29,-27.2,-13.19,,56.84,0.05,扣非亏损,扣非亏损,亏损
000818.SZ,航锦科技,260.4,246.48,4.2,0.97,1.11,2.44,0.16,26.32,16.62,3.16,-57.91,3.73,23.98,60.59,0.1,66.06,253.25,234.59
688569.SH,铁科轨道,26.86,38.39,1.76,4.9,4.92,4.8,1.63,32.61,38.58,17.5,-54.39,10.42,,14.44,0.26,3.69,7.84,5.46
002565.SZ,顺灏股份,50.43,64.36,1.96,2.99,2.94,3.35,0.77,86.67,25.06,6.9,237.25,-3.66,2.33,24.27,0.18,-17.56,21.55,17.15
688443.SH,智翔金泰,-12.82,-11.85,3.97,-21.42,-21.43,-17.18,,0.0,80.62,-4374.99,4.27,1186.37,,28.26,0.74,扣非亏损,扣非亏损,亏损
688202.SH,美迪西,-29.46,-16.88,2.15,-5.83,-5.3,-5.29,,0.0,7.27,-16.05,-241.94,33.24,,20.23,0.07,扣非亏损,扣非亏损,亏损
600118.SH,中国卫星,-1688.83,-807.4,5.28,-0.38,-0.23,-0.32,0.15,30.77,18.67,-0.45,-114.85,-0.17,,40.05,0.05,扣非亏损,扣非亏损,亏损
600359.SH,新农开发,45.12,129.61,3.66,6.16,6.1,3.8,,0.0,27.97,10.84,926.99,0.8,,47.45,0.15,162.24,42.09,14.79
430476.BJ,海能技术,-156.63,93.42,2.06,-3.03,-0.96,-1.55,1.33,37.04,63.39,-6.37,-226.23,17.55,17.98,13.36,0.19,5.32,扣非亏损,亏损
301067.SZ,显盈科技,335.22,464.72,2.98,0.08,0.66,0.42,0.15,23.81,21.03,0.41,-94.73,9.08,4.73,34.37,0.06,51.17,5716.15,507.9
301296.SZ,新巨丰,23.01,22.82,1.52,4.7,5.5,4.9,0.52,13.03,23.16,9.99,3.37,19.98,,26.1,0.13,1.14,4.85,4.18
300899.SZ,上海凯鑫,159.26,125.14,2.34,0.72,1.09,0.86,1.32,147.36,31.63,9.06,70.42,-10.36,,13.63,0.35,-12.07,172.92,146.11
002438.SZ,江苏神通,22.69,25.39,2.01,6.15,6.77,4.58,1.34,30.21,32.18,13.92,15.53,10.64,6.77,40.8,0.05,2.39,4.13,3.35
688455.SH,科捷智能,-25.68,-19.78,1.82,-6.06,-4.94,-3.03,,0.0,15.94,-8.55,1.15,14.88,,60.9,0.21,扣非亏损,扣非亏损,亏损
301502.SZ,华阳智能,71.33,67.62,2.93,3.44,3.4,3.08,,34.39,19.12,6.77,-51.57,2.7,,21.49,0.16,25.03,19.65,20.98
000933.SZ,神火股份,8.03,7.3,1.75,16.46,17.14,9.48,4.76,30.19,24.54,14.42,-15.68,31.69,0.05,53.38,0.26,0.23,0.44,0.47
603637.SH,镇海股份,24.25,21.38,1.84,4.35,5.78,3.31,1.44,30.95,19.81,17.15,-1.92,-15.17,,28.12,0.35,-1.41,4.92,4.19
001239.SZ,永达股份,65.21,59.33,3.09,3.29,3.62,3.02,,0.0,20.36,10.56,-24.49,-9.19,,41.19,0.23,-6.46,36.08,36.03
002451.SZ,摩恩电气,188.38,1708.33,3.9,0.34,1.55,1.53,0.14,25.0,9.02,1.2,-38.79,48.94,,50.99,0.05,34.91,5070.72,121.54
688570.SH,天玛智控,23.32,24.07,2.03,5.97,6.64,5.48,1.47,37.38,47.68,23.07,-18.46,24.13,,22.28,1.13,1.0,4.03,3.51
002209.SZ,达意隆,32.21,43.42,2.62,7.01,6.32,1.69,0.22,10.14,28.34,4.37,46.63,11.41,0.12,71.91,0.41,3.8,6.19,5.1
000016.SZ,深康佳A,-5.81,-3.83,3.08,-35.46,-33.23,-4.07,,0.0,6.27,-22.97,-24.65,-27.3,0.52,86.95,0.48,扣非亏损,扣非亏损,亏损
603408.SH,建霖家居,10.97,11.85,1.76,11.5,12.38,9.36,3.43,45.83,26.29,10.49,37.84,5.08,0.02,32.11,0.14,2.33,1.03,0.89
688316.SH,青云科技,-22.26,-16.19,15.61,-46.28,-42.03,-9.74,,0.0,32.2,-30.77,45.75,-6.36,,79.74,0.08,扣非亏损,扣非亏损,亏损
688582.SH,芯动联科,103.05,100.88,8.56,5.73,6.43,5.79,0.49,29.09,83.97,50.87,57.34,43.11,,2.79,0.06,2.34,17.59,16.03
000831.SZ,中国稀土,-122.13,-365.35,7.23,-4.54,-4.31,-4.87,0.29,18.92,11.14,-10.12,-231.77,33.81,,9.02,0.04,扣非亏损,扣非亏损,亏损
001366.SZ,播恩集团,-94.12,-228.63,2.21,-1.97,-1.72,-1.62,0.73,37.5,14.04,-2.0,-166.88,-0.74,,19.95,0.34,扣非亏损,扣非亏损,亏损
002577.SZ,雷柏科技,99.01,246.91,3.82,1.97,2.9,2.76,,0.0,30.97,10.4,3.87,-2.43,,11.06,0.04,-101.44,250.9,68.28
300519.SZ,新光药业,45.8,58.63,2.82,4.16,4.53,4.2,2.41,100.0,35.08,17.47,-37.55,-0.06,,8.35,0.26,-987.65,14.1,10.11
831370.BJ,新安洁,-30.05,-30.89,2.17,-4.27,-5.27,-4.17,,0.0,12.08,-10.85,-66.27,-5.92,2.57,20.27,0.08,扣非亏损,扣非亏损,亏损
831906.BJ,舜宇精工,871.44,235.35,3.06,-0.77,0.26,0.48,0.43,14.59,17.85,0.54,-122.09,18.76,,59.54,0.08,12.54,转盈,3351.7
000957.SZ,中通客车,25.87,33.85,2.32,6.19,6.93,2.3,0.38,28.94,16.74,4.61,238.19,-0.16,,65.07,0.38,-216.14,5.47,3.73
600257.SH,大湖股份,-88.12,-68.35,2.95,-2.4,-2.48,1.93,,0.0,22.74,-0.98,-361.97,10.57,15.35,47.89,0.09,扣非亏损,扣非亏损,亏损
000004.SZ,国华网安,-47.97,-16.9,14.34,-18.68,-20.17,-10.34,,0.0,72.96,-49.25,7.4,-24.43,,59.25,0.03,扣非亏损,扣非亏损,亏损
600908.SH,无锡银行,5.7,6.32,0.65,7.85,8.68,,3.96,20.41,,48.82,6.11,5.31,,91.0,,1.19,0.81,0.66
603088.SH,宁波精达,21.78,22.86,4.72,15.5,16.26,9.45,3.36,80.56,43.33,20.85,3.4,18.77,,45.08,0.07,1.22,1.48,1.34
603613.SH,国联股份,12.68,13.29,2.53,14.4,15.89,11.47,0.97,10.76,4.34,2.88,7.84,52.62,,46.82,0.31,0.25,0.92,0.8
600221.SH,海航控股,25.96,54.84,17.26,56.13,62.45,3.36,,0.0,10.62,4.18,1915.03,46.46,21.57,97.28,0.26,1.18,1.95,0.83
600818.SH,中路股份,1096.18,315.37,6.87,0.97,0.47,0.25,,0.0,15.49,-0.25,-49.31,10.57,,33.22,0.06,29.84,647.77,4664.58
600588.SH,用友网络,-21.62,-28.89,4.8,-15.72,-15.78,-5.71,,0.0,48.83,-25.8,-30.71,4.73,16.3,56.21,0.09,扣非亏损,扣非亏损,亏损
000921.SZ,海信家电,10.96,15.8,2.76,16.14,19.56,7.1,4.97,48.7,21.12,5.9,10.99,21.6,1.24,73.28,0.18,0.73,0.98,0.56
601101.SH,昊华能源,8.41,10.87,1.04,9.5,9.64,7.28,5.54,48.61,48.01,23.96,13.55,31.22,,48.76,0.41,0.35,1.14,0.87
300785.SZ,值得买,1087.82,83.78,3.01,0.33,0.21,0.22,0.64,36.84,46.16,0.65,84.61,19.99,1.51,19.15,0.18,4.19,250.39,5180.08
605028.SH,世茂能源,21.8,23.33,2.72,8.48,9.51,9.32,3.16,50.85,60.89,46.42,-17.73,8.58,,12.01,0.02,2.72,2.75,2.29
301055.SZ,张小泉,97.88,77.25,3.58,2.5,2.75,2.99,1.04,93.75,36.62,3.35,117.91,13.25,1.11,30.08,0.05,5.83,30.88,35.59
301080.SZ,百普赛斯,49.39,55.24,2.14,3.24,3.23,1.49,1.53,70.31,91.33,17.05,-32.85,31.37,,8.4,0.45,1.76,17.06,15.29
002679.SZ,福建金森,-55.45,320.17,2.82,-3.82,-3.73,0.4,0.21,85.0,57.08,-28.99,-2.45,1.59,,62.54,0.05,201.48,扣非亏损,亏损
001227.SZ,兰州银行,7.46,8.37,0.51,4.14,4.61,,3.85,35.08,,25.33,-1.37,3.32,,92.78,,2.52,2.02,1.62
603776.SH,永安行,-87.75,-18.34,1.23,-1.77,-0.95,0.07,2.13,-55.05,14.82,-7.31,-92.41,-13.97,4.13,31.49,0.12,扣非亏损,扣非亏损,亏损
002312.SZ,川发龙蟒,52.0,55.54,3.14,4.62,4.56,3.13,1.26,40.91,15.78,7.03,42.32,18.67,13.15,49.13,0.12,2.98,12.01,11.4
300429.SZ,强力新材,-226.53,-91.2,4.8,-2.86,-1.4,0.34,,0.0,21.2,-3.42,-52.24,3.01,7.96,50.2,0.05,扣非亏损,扣非亏损,亏损
002348.SZ,高乐股份,-68.46,-44.73,6.52,-6.53,-6.9,-3.44,,0.0,22.26,-16.71,-25.16,-19.09,,37.67,0.01,扣非亏损,扣非亏损,亏损
300887.SZ,谱尼测试,-14.34,-17.47,1.4,-7.41,-7.03,-5.66,0.51,30.4,28.24,-20.68,-362.9,31.26,2.47,18.99,0.12,扣非亏损,扣非亏损,亏损
603878.SH,武进不锈,15.98,16.21,1.37,5.82,6.2,4.88,7.02,84.13,16.3,8.16,-38.66,13.83,,32.69,0.15,1.17,2.79,2.58
002210.SZ,飞马国际,132.61,2195.39,18.76,0.55,11.2,4.6,,0.0,24.17,15.49,-84.54,13.89,127.24,76.62,0.01,158.08,8041.72,23.68
300199.SZ,翰宇药业,-237.9,-24.62,15.62,-12.77,-4.75,1.86,,0.0,59.57,-9.55,60.36,-13.69,,76.57,0.02,扣非亏损,扣非亏损,亏损
300989.SZ,蕾奥规划,-82.71,-167.1,2.94,-3.5,-2.6,-1.25,0.26,18.52,44.17,-11.64,-385.45,0.01,,17.49,0.12,扣非亏损,扣非亏损,亏损
603511.SH,爱慕股份,26.0,28.34,1.12,2.32,3.12,2.95,4.84,98.68,65.97,6.15,-46.8,0.77,,14.6,0.09,36.74,12.19,8.33
300520.SZ,科大国创,-103.65,-12.37,3.57,-3.89,-2.55,-1.85,,0.0,38.82,-6.98,-569.61,19.36,5.4,56.83,0.12,扣非亏损,扣非亏损,亏损
600486.SH,扬农化工,16.92,19.46,2.23,9.84,10.21,7.01,1.39,22.75,24.02,12.8,-24.31,8.85,0.15,39.32,0.07,2.2,1.98,1.66
002541.SZ,鸿路钢构,12.84,21.12,1.22,3.82,7.02,4.0,2.39,30.41,10.18,4.13,-48.98,21.8,,62.82,0.28,0.97,5.53,1.83
603052.SH,可川科技,78.52,95.36,5.41,4.16,5.02,3.47,1.15,50.51,19.95,9.69,-25.31,11.53,,29.28,0.34,8.27,22.93,15.64
002896.SZ,中大力德,63.44,85.18,4.16,4.04,5.01,3.99,0.22,16.67,24.86,7.66,0.2,13.49,,27.38,0.02,6.31,21.07,12.66
300061.SZ,旗天科技,-366.4,-20.18,13.09,-2.99,-2.64,-0.07,,0.0,30.81,-3.74,32.67,-10.44,23.01,51.16,0.02,扣非亏损,扣非亏损,亏损
301526.SZ,国际复材,-75.52,-163.89,1.93,-2.59,-1.87,0.47,0.54,16.67,14.74,-2.93,-174.74,-7.12,0.54,57.49,0.89,扣非亏损,扣非亏损,亏损
300556.SZ,丝路视觉,-8.32,-11.64,3.37,-26.73,-25.71,-11.98,0.09,18.21,-6.04,-49.57,-4183.81,14.03,0.68,60.87,0.16,扣非亏损,扣非亏损,亏损
688238.SH,和元生物,-14.61,-14.48,1.98,-10.2,-10.2,-7.61,,0.0,-21.95,-103.47,-155.03,21.05,,20.62,0.13,扣非亏损,扣非亏损,亏损
002909.SZ,集泰股份,108.85,590.23,2.25,1.22,1.47,1.65,0.66,185.19,25.45,1.53,-24.64,3.85,2.62,57.77,0.08,153.4,484.55,74.05
605167.SH,利柏特,16.73,20.47,2.5,10.95,11.76,8.42,0.45,10.0,17.53,7.73,23.67,35.63,,40.23,0.11,0.57,1.87,1.42
300797.SZ,钢研纳克,42.72,48.65,4.38,6.04,7.9,4.0,0.78,29.85,45.95,9.39,-5.07,17.5,,40.48,0.02,2.78,8.05,5.41
688353.SH,华盛锂电,-24.96,-20.44,1.23,-4.31,-3.61,-3.88,,0.0,-20.69,-42.43,-2403.32,24.64,,13.2,0.22,扣非亏损,扣非亏损,亏损
688112.SH,鼎阳科技,40.5,39.79,3.27,5.8,5.87,4.53,2.2,89.8,62.08,25.84,-25.35,30.0,,7.39,0.83,1.33,6.86,6.9
300863.SZ,卡倍亿,31.51,33.53,4.8,10.69,10.12,6.18,1.0,26.32,13.06,5.1,5.15,42.17,,64.16,0.07,0.8,3.14,3.11
833575.BJ,康乐卫士,-14.65,-15.19,8.46,-35.95,-35.68,-18.2,,0.0,95.72,-44461.75,-16.71,268.17,,58.24,0.03,扣非亏损,扣非亏损,亏损
605588.SH,冠石科技,225.96,397.62,3.31,0.58,1.1,0.71,0.14,10.14,10.63,1.18,-85.87,-4.53,,62.59,0.16,-87.71,685.19,205.41
002414.SZ,高德红外,530.74,-167.98,5.22,0.38,0.74,1.42,0.19,88.05,52.57,2.77,-90.04,-9.08,3.39,28.38,0.04,扣非亏损,扣非转亏,717.21
301157.SZ,华塑科技,80.64,75.51,2.19,1.28,2.05,1.72,0.35,22.39,31.46,11.45,48.15,11.09,,10.09,0.23,6.81,58.83,39.34
600269.SH,赣粤高速,8.18,11.86,0.68,5.1,6.35,5.43,3.89,32.0,41.66,27.03,3.41,14.3,0.02,43.59,0.22,0.83,2.33,1.29
600831.SH,ST广网,-2.63,-1.71,0.77,-20.13,-19.71,-3.42,,0.0,5.71,-49.42,-733.56,-4.78,,77.06,0.16,扣非亏损,扣非亏损,亏损
601113.SH,华鼎股份,9.37,15.17,1.12,8.43,9.38,5.19,,0.0,17.26,5.31,98.89,-5.28,0.15,35.72,0.13,-2.87,3.6,2.0
300201.SZ,海伦哲,34.35,42.49,4.42,9.42,9.58,6.65,0.69,17.6,33.85,13.35,4.59,-8.22,0.29,42.83,0.04,-5.17,4.51,3.59
300610.SZ,晨化股份,24.38,37.07,1.91,4.24,5.94,4.6,1.6,62.07,19.97,9.54,131.16,3.04,,24.72,0.01,12.2,8.75,4.1
603306.SH,华懋科技,33.78,41.65,2.58,4.42,5.4,4.45,0.74,26.77,29.95,12.42,18.27,29.43,0.3,25.99,0.16,1.42,9.43,6.26
600143.SH,金发科技,25.3,47.13,1.32,3.76,4.04,2.58,1.25,84.03,12.22,0.79,84.29,11.27,1.34,68.9,0.17,4.18,12.52,6.26
601595.SH,上海电影,86.41,306.48,7.26,2.61,6.37,5.36,0.44,40.71,24.27,24.87,-33.76,57.27,0.69,31.38,0.04,5.35,117.26,13.56
002107.SZ,沃华医药,93.35,124.03,4.17,2.86,3.04,2.0,4.12,250.0,72.27,3.49,-61.44,-3.01,4.58,27.97,0.12,-41.22,43.39,30.71
300683.SZ,海特生物,-67.78,-20.96,1.47,-2.86,-1.62,-1.85,,0.0,45.24,-9.36,-55.5,5.59,10.74,16.65,0.15,扣非亏损,扣非亏损,亏损
301092.SZ,争光股份,32.36,41.18,1.79,3.45,4.18,3.82,0.98,32.1,29.77,18.54,-15.89,6.3,,10.79,0.52,6.53,11.93,7.74
603421.SH,鼎信通讯,-104.75,87.74,1.18,-0.87,-0.84,-0.27,0.65,30.5,39.04,-1.26,-156.71,20.42,,36.31,0.16,4.3,扣非亏损,亏损
002300.SZ,太阳电缆,30.99,39.1,2.08,4.59,4.89,2.75,1.88,65.47,3.85,0.99,-41.86,20.48,,65.53,0.27,1.91,8.52,6.34
301043.SZ,绿岛风,17.93,23.05,2.26,8.09,9.55,8.13,2.69,62.41,38.29,18.09,13.13,13.34,,31.84,0.13,1.73,2.85,1.88
600704.SH,物产中大,9.22,10.85,0.78,5.29,6.32,3.28,4.74,30.88,2.15,0.83,-16.46,14.12,3.4,73.48,0.98,0.77,2.05,1.46
600323.SH,瀚蓝环境,9.73,10.99,1.37,10.83,10.92,5.77,2.77,27.43,31.44,16.13,20.14,21.38,2.99,63.13,0.09,0.51,1.02,0.89
688226.SH,威腾电气,20.06,20.52,2.64,9.92,10.24,4.93,1.24,30.29,16.39,4.25,30.63,45.6,,70.69,0.08,0.45,2.07,1.96
002222.SZ,福晶科技,68.71,72.71,9.78,11.63,11.11,11.19,0.85,20.45,55.99,26.86,11.36,13.11,0.11,12.21,0.02,5.55,6.25,6.18
300990.SZ,同飞股份,64.08,56.31,3.36,3.73,3.94,3.3,1.12,46.3,21.51,5.09,-49.05,46.69,,19.93,0.11,1.21,15.11,16.26
001317.SZ,三羊马,141.1,247.59,2.7,0.9,1.35,1.74,0.34,48.0,7.6,1.43,-48.27,5.13,,50.65,0.23,48.22,274.52,104.52
603968.SH,醋化股份,-16.89,-15.12,1.14,-5.4,-4.83,-2.62,1.97,181.23,8.56,-4.15,-312.69,9.08,,43.71,0.23,扣非亏损,扣非亏损,亏损
002910.SZ,庄园牧场,-9.79,-7.99,1.36,-10.66,-9.81,-4.6,,0.0,10.93,-18.33,-224.51,10.63,,52.39,0.14,扣非亏损,扣非亏损,亏损
600396.SH,华电辽能,121.77,-243.82,9.78,3.85,6.44,2.81,,0.0,16.28,1.8,101.9,-4.44,,93.29,0.19,扣非亏损,扣非转亏,37.82
002769.SZ,普路通,-44.04,-31.51,2.2,-3.91,-3.61,1.35,,0.0,46.42,-13.01,29.77,-40.52,,88.59,0.21,扣非亏损,扣非亏损,亏损
688557.SH,兰剑智能,24.0,22.78,1.81,4.86,5.74,3.55,1.25,30.26,29.74,7.62,-10.16,30.6,,37.34,0.11,0.74,4.68,4.18
002361.SZ,神剑股份,96.71,190.89,1.69,0.75,1.29,1.07,2.54,374.53,13.13,1.25,112.04,12.63,11.61,50.6,0.16,15.11,255.64,74.97
300609.SZ,汇纳科技,-63.49,-82.58,3.14,-3.68,-3.67,-5.18,0.73,-71.86,51.06,-28.75,-2.35,24.91,4.61,13.92,0.07,扣非亏损,扣非亏损,亏损
000065.SZ,北方国际,11.02,11.8,1.25,8.51,8.59,3.87,0.82,10.0,11.7,5.59,5.17,21.48,0.14,58.99,0.34,0.55,1.39,1.28
300875.SZ,捷强装备,-264.47,-30.74,2.67,-1.4,-0.75,-0.66,,0.0,40.3,-4.41,18.28,5.7,10.55,13.16,0.08,扣非亏损,扣非亏损,亏损
301169.SZ,零点有数,-35.18,-32.38,6.08,-12.7,-12.18,-11.81,,0.0,22.33,-49.25,-119.34,0.87,2.8,21.36,0.12,扣非亏损,扣非亏损,亏损
688100.SH,威胜信息,33.64,35.02,6.04,13.52,14.02,10.78,1.49,40.19,39.13,21.78,14.71,15.61,,32.49,0.05,2.24,2.59,2.4
002922.SZ,伊戈尔,24.06,28.51,2.14,6.11,6.65,4.75,2.02,47.62,22.14,6.75,20.73,37.93,1.17,53.91,0.13,0.75,4.67,3.62
839725.BJ,惠丰钻石,224.96,103.77,3.34,0.18,1.1,0.72,0.81,19.74,20.66,4.27,-97.41,55.16,,20.1,0.1,1.88,584.28,204.51
002884.SZ,凌霄泵业,14.97,15.49,2.98,14.57,14.71,14.87,5.76,93.46,36.53,28.27,18.6,1.44,,6.77,0.16,10.78,1.06,1.02
002426.SZ,胜利精密,-225.39,-12.03,2.62,-4.03,-0.85,0.75,,0.0,12.05,-1.1,24.93,-27.25,,54.97,0.03,扣非亏损,扣非亏损,亏损
300213.SZ,佳讯飞鸿,96.93,74.29,2.14,1.54,1.66,1.34,0.69,45.45,41.71,4.3,12.47,5.46,19.88,27.9,0.07,13.6,48.33,58.39
600969.SH,郴电国际,31.77,-46.74,0.7,0.41,1.67,2.59,,0.0,14.2,3.55,116.46,9.09,0.6,73.81,0.69,扣非亏损,扣非转亏,38.05
301170.SZ,锡南科技,23.52,29.08,1.44,3.74,4.68,4.39,0.82,23.47,19.11,9.68,-9.13,14.09,,9.55,0.37,2.06,7.77,5.03
300175.SZ,朗源股份,-84.67,-50.01,5.92,-6.12,-6.13,-3.75,,0.0,12.46,-19.17,-52.87,-9.14,,6.09,0.03,扣非亏损,扣非亏损,亏损
600131.SH,国网信通,66.04,33.8,4.11,4.61,4.66,2.18,1.37,30.01,21.16,7.95,-3.22,3.08,,48.82,0.08,10.96,7.33,14.17
600208.SH,衢州发展,9.69,14.16,0.58,6.31,4.59,5.17,,0.0,41.48,22.14,60.68,10.75,,55.72,0.27,1.32,4.49,4.22
600793.SH,宜宾纸业,-11.79,-11.44,4.53,-28.26,-25.17,-3.85,,0.0,1.91,-11.95,-104.1,-1.76,,81.19,0.05,扣非亏损,扣非亏损,亏损
688365.SH,光云科技,-48.82,-50.32,3.73,-5.58,-5.58,-3.47,,0.0,65.07,-16.6,16.73,-2.08,20.05,41.86,0.04,扣非亏损,扣非亏损,亏损
603268.SH,松发股份,-69.25,-48.28,373.75,-135.5,-133.86,-7.77,,0.0,10.5,-33.31,5.77,-22.14,,97.29,0.0,扣非亏损,扣非亏损,亏损
300736.SZ,百邦科技,-63.95,-39.17,13.88,-19.96,-17.1,-10.8,,0.0,5.07,-4.02,-51.01,30.17,17.31,38.42,0.04,扣非亏损,扣非亏损,亏损
002234.SZ,民和股份,-10.88,-6.24,1.52,-10.37,-9.97,-5.08,,0.0,5.57,-13.96,-84.98,8.38,,47.58,0.29,扣非亏损,扣非亏损,亏损
603829.SH,洛凯股份,21.0,22.59,2.34,7.6,8.61,5.79,0.61,14.71,23.43,8.48,2.39,30.54,0.21,52.21,0.08,0.74,2.97,2.44
605180.SH,华生科技,34.45,46.56,1.9,4.19,4.21,3.56,0.57,50.0,28.73,18.97,77.6,1.26,,3.5,0.22,36.87,11.11,8.18
603956.SH,威派格,-13.45,-26.97,1.72,-8.91,-8.29,-4.99,1.26,200.0,46.78,-21.05,-123.8,14.61,6.44,48.65,0.17,扣非亏损,扣非亏损,亏损
300048.SZ,合康新能,401.07,-35.54,3.39,0.46,0.64,0.94,,0.0,15.02,0.77,121.4,6.27,1.79,59.88,0.21,扣非亏损,扣非转亏,1253.35
300671.SZ,富满微,-99.2,-30.76,4.86,-4.67,-3.59,-1.84,,0.0,17.92,-13.07,47.79,3.7,,32.65,0.01,扣非亏损,扣非亏损,亏损
834062.BJ,科润智控,46.27,40.79,2.31,3.41,3.77,2.38,1.39,24.39,16.15,3.07,-22.91,20.97,,60.2,0.11,1.95,11.97,12.27
001378.SZ,德冠新材,32.75,34.61,1.67,3.77,3.83,2.75,1.16,39.13,13.65,6.39,-25.31,-3.68,,16.77,0.25,-9.4,9.19,8.55
601099.SH,太平洋,169.2,235.41,3.2,1.32,1.43,,,0.0,,15.76,-49.06,9.33,,43.7,0.22,25.23,357.0,236.65
688696.SH,极米科技,-102.49,-144.49,1.86,-2.11,-1.34,-1.51,0.27,17.44,28.77,-1.78,-252.46,10.53,0.7,43.62,0.38,扣非亏损,扣非亏损,亏损
300340.SZ,科恒股份,-22.11,-5.71,22.08,-73.4,-54.49,-2.02,,0.0,5.79,-7.14,-23.33,32.56,,94.64,0.09,扣非亏损,扣非亏损,亏损
601456.SH,国联证券,65.99,109.97,1.9,2.13,2.18,,1.31,59.17,,20.04,-41.9,19.73,6.1,81.8,0.6,5.57,51.74,30.27
600004.SH,白云机场,26.18,29.64,1.29,3.66,3.74,3.79,0.76,39.32,27.06,13.16,162.54,12.58,,32.11,0.19,2.36,8.1,7.0
002692.SZ,远程股份,44.13,74.66,2.62,3.77,4.51,2.87,0.44,28.09,10.44,1.62,40.84,6.63,,63.97,0.05,11.25,19.79,9.79
688389.SH,普门科技,20.78,19.37,3.66,12.99,13.69,10.14,1.25,36.49,69.89,29.89,29.11,27.79,2.59,30.95,0.24,0.7,1.49,1.52
301488.SZ,豪恩汽电,61.27,62.15,4.48,4.5,5.34,3.23,1.44,34.6,20.51,7.37,-5.54,19.28,,36.88,0.4,3.22,13.81,11.47
300036.SZ,超图软件,257.93,621.21,3.17,0.49,0.88,0.69,0.48,32.34,62.45,2.64,-87.03,8.52,15.02,30.41,0.04,72.9,1264.94,293.1
600855.SH,航天长峰,-43.39,-20.16,3.28,-6.13,-5.51,-2.57,0.03,0.0,26.52,-15.75,-30.72,-19.27,0.59,51.21,0.14,扣非亏损,扣非亏损,亏损
688148.SH,芳源股份,-19.12,-6.09,4.28,-14.69,-12.47,-2.21,,0.0,3.82,-8.39,-69.25,40.65,,73.59,0.04,扣非亏损,扣非亏损,亏损
002819.SZ,东方中科,-79.04,-21.57,2.17,-3.3,-2.86,-2.81,0.12,-10.69,20.63,-6.36,19.09,42.2,6.7,30.09,0.03,扣非亏损,扣非亏损,亏损
601636.SH,旗滨集团,17.7,14.37,1.25,4.61,5.11,2.9,4.82,50.37,19.01,5.93,-45.21,19.83,0.02,58.22,0.17,0.72,3.12,3.46
688022.SH,瀚川智能,-5.62,-5.67,1.64,-19.34,-19.62,-9.01,,0.0,17.59,-69.55,-1475.09,31.22,,63.36,0.13,扣非亏损,扣非亏损,亏损
300466.SZ,赛摩智能,-175.1,-57.82,5.74,-2.67,-2.43,-0.54,,0.0,38.77,-6.66,-415.05,16.16,18.11,43.23,0.02,扣非亏损,扣非亏损,亏损
000564.SZ,供销大集,-313.58,-31.34,2.98,-2.18,-0.8,0.43,,0.0,26.6,-14.3,25.97,-13.55,5.34,45.78,0.05,扣非亏损,扣非亏损,亏损
002017.SZ,东信和平,37.12,36.52,3.5,6.55,7.07,4.3,1.44,50.66,31.75,11.25,8.1,9.44,0.06,42.98,0.31,3.87,5.58,5.25
600666.SH,奥瑞德,-194.3,-13.11,7.26,-4.54,-2.64,-1.45,,0.0,13.94,-9.96,45.78,-9.23,,50.27,0.02,扣非亏损,扣非亏损,亏损
600425.SH,青松建化,11.66,15.93,0.98,5.57,6.4,5.45,2.53,34.48,24.12,12.1,-30.79,14.85,,30.49,0.23,1.07,2.86,1.82
601877.SH,正泰电器,10.55,11.69,1.18,8.31,8.6,5.53,2.56,31.79,25.41,9.94,12.64,19.73,1.05,62.88,0.23,0.59,1.41,1.23
002258.SZ,利尔化学,39.42,43.27,0.91,1.55,1.75,1.73,,0.0,16.34,3.43,-78.85,21.41,0.25,41.67,0.15,2.02,55.87,45.05
003039.SZ,顺控发展,32.35,34.98,3.3,7.48,7.75,7.08,1.14,43.86,44.28,21.71,10.89,5.78,1.63,44.73,0.08,6.05,4.67,4.17
300277.SZ,海联讯,756.13,-473.91,9.35,-0.52,0.92,1.14,0.23,61.92,22.85,5.18,-139.29,-12.34,,26.59,0.01,扣非亏损,扣非亏损,821.88
601992.SH,金隅集团,-35.41,-6.36,0.47,-3.01,-0.61,0.85,1.31,1250.0,10.03,-1.12,-119.84,0.88,2.7,64.5,0.95,扣非亏损,扣非亏损,亏损
603015.SH,弘讯科技,53.78,47.12,2.64,3.74,3.62,2.83,1.54,93.75,34.79,7.39,112.14,0.51,0.91,36.27,0.09,92.04,12.6,14.86
833284.BJ,灵鸽科技,-186.47,-204.71,4.92,-3.3,-1.95,-1.3,0.21,15.3,25.68,-4.64,-191.19,18.02,,40.78,0.07,扣非亏损,扣非亏损,亏损
600970.SH,中材国际,10.2,10.29,1.38,10.42,10.5,5.12,4.28,35.71,18.86,6.85,2.21,10.62,3.59,61.04,0.26,0.97,0.99,0.97
600179.SH,安通控股,58.27,88.35,1.21,0.35,1.57,2.07,,0.0,6.23,3.02,-83.84,19.66,,23.19,0.15,4.49,510.25,74.22
600053.SH,九鼎投资,720.96,-2156.62,2.33,0.05,0.24,0.59,,0.0,69.0,3.52,-90.83,12.0,0.01,10.94,0.04,扣非亏损,扣非转亏,5955.92
003040.SZ,楚天龙,-149.17,-168.43,3.99,-2.14,-1.92,-1.79,0.78,101.33,28.86,-4.09,-144.63,12.25,,25.39,0.08,扣非亏损,扣非亏损,亏损
300712.SZ,永福股份,115.82,132.52,4.0,2.07,2.49,1.03,0.37,34.27,19.56,0.76,-2.33,30.84,0.73,71.3,0.06,4.3,63.9,46.51
300953.SZ,震裕科技,31.38,51.75,2.92,5.91,6.47,2.63,0.08,10.48,13.16,3.44,494.59,82.86,,75.59,0.18,0.62,8.75,4.85
688709.SH,成都华微,132.55,98.56,5.62,2.85,3.6,3.15,,19.65,77.17,22.11,-67.22,9.64,,19.18,0.46,10.23,34.64,36.82
600540.SH,新赛股份,-29.56,-18.63,3.48,-10.9,-8.45,-0.9,,0.0,-3.57,-10.32,-670.05,-0.68,,78.34,0.57,扣非亏损,扣非亏损,亏损
688390.SH,固德威,1082.12,-112.93,4.32,-1.08,0.29,0.73,0.57,15.18,23.0,1.15,-103.58,66.84,1.12,60.49,0.07,扣非亏损,扣非亏损,3731.46
600552.SH,凯盛科技,81.59,-206.48,2.94,0.01,2.71,2.41,0.38,44.05,18.68,4.42,-94.74,-0.17,4.18,58.88,0.03,扣非亏损,扣非转亏,30.11
688508.SH,芯朋微,59.52,103.19,2.49,2.7,3.14,2.15,0.3,30.0,36.89,10.72,63.23,26.48,0.69,14.41,0.04,3.9,38.29,18.96
002144.SZ,宏达高科,21.34,26.39,0.92,3.07,3.25,3.14,1.29,31.91,30.0,14.91,-3.61,6.32,2.91,8.36,0.17,4.18,8.6,6.57
300826.SZ,测绘股份,133.78,77.66,2.28,0.83,1.22,0.83,0.55,32.26,33.71,4.04,-18.11,13.85,8.6,45.82,0.12,5.61,93.91,109.66
002631.SZ,德尔未来,2031.98,-219.57,1.81,-1.45,0.07,0.99,0.49,62.24,20.87,0.13,-26.71,8.22,,56.22,0.1,扣非亏损,扣非亏损,29028.36
600982.SH,宁波能源,16.66,21.36,1.03,3.82,4.69,2.66,3.67,40.78,12.69,7.63,-8.41,8.83,0.24,65.24,0.14,2.42,5.59,3.55
688275.SH,万润新能,-8.19,-5.58,1.1,-9.82,-9.56,-2.95,,0.0,0.56,-12.88,37.4,225.48,,65.09,0.64,扣非亏损,扣非亏损,亏损
002516.SZ,旷达科技,49.82,58.56,2.17,2.59,3.31,3.22,2.03,76.92,21.88,7.64,-23.0,6.76,0.47,17.89,0.03,8.66,22.64,15.05
600626.SH,申达股份,-75.74,-34.49,1.71,-1.8,-1.68,1.52,,0.0,9.42,-0.22,77.14,2.6,11.64,67.1,0.63,扣非亏损,扣非亏损,亏损
603027.SH,千禾味业,27.84,26.61,3.72,9.68,9.78,9.09,3.09,56.05,36.2,15.36,-10.25,23.96,,17.27,0.12,1.11,2.75,2.85
000691.SZ,亚太实业,-50.74,-33.99,73.83,-72.21,-71.0,-2.77,,0.0,8.66,-7.19,74.56,23.15,54.53,75.8,0.04,扣非亏损,扣非亏损,亏损
688377.SH,迪威尔,33.91,40.61,1.63,3.15,3.62,3.02,0.86,31.08,18.99,8.03,-54.35,27.95,,31.63,0.1,1.45,12.87,9.37
000678.SZ,襄阳轴承,-105.43,-58.22,3.36,-3.66,-2.35,-0.38,,0.0,9.84,-2.27,46.65,6.58,,62.04,0.07,扣非亏损,扣非亏损,亏损
002373.SZ,千方科技,767.86,87.75,1.29,0.49,0.13,-0.45,0.45,14.29,30.79,0.05,-60.35,-3.81,26.34,29.98,0.25,-23.01,179.63,5906.61
300289.SZ,利德曼,1968.54,-145.16,1.62,-0.37,0.06,-0.09,0.16,33.33,54.16,1.24,-130.05,3.39,8.05,5.11,0.14,扣非亏损,扣非亏损,32808.93
600602.SH,云赛智联,98.08,127.94,4.39,2.97,3.38,1.72,0.37,30.5,19.59,4.17,39.45,5.22,4.58,30.82,0.2,24.49,43.11,28.99
688010.SH,福光股份,-113.82,-72.82,3.1,-2.97,-1.99,-1.32,,0.0,21.36,-7.42,-5.83,1.92,,35.45,0.04,扣非亏损,扣非亏损,亏损
000576.SZ,甘化科工,120.77,-11.31,2.0,0.55,1.24,0.93,,0.0,54.59,6.37,-78.62,-13.35,28.35,12.04,0.07,扣非亏损,扣非转亏,194.79
002029.SZ,七匹狼,14.03,48.63,0.68,0.31,3.62,1.91,2.09,31.58,51.93,12.18,-82.67,1.36,,35.46,0.22,35.68,154.63,3.87
300581.SZ,晨曦航空,-209.41,798.81,6.93,-2.54,-2.44,-2.34,0.13,123.81,39.57,-34.81,28.45,-4.37,,16.6,0.01,-182.71,扣非亏损,亏损
300339.SZ,润和软件,343.5,878.84,14.76,1.44,3.26,2.64,,0.0,25.8,4.68,3.34,7.82,28.07,38.14,0.01,112.33,1221.88,210.74
002120.SZ,韵达股份,12.66,14.93,1.2,5.96,7.14,5.8,2.28,30.36,9.87,4.04,20.86,11.02,,48.02,0.24,1.36,2.5,1.77
600192.SH,长城电工,-17.81,-12.73,2.19,-10.28,-8.78,-1.57,,0.0,15.41,-9.94,-96.51,0.93,,72.4,0.15,扣非亏损,扣非亏损,亏损
002082.SZ,万邦德,62.94,65.93,1.44,0.16,1.7,1.4,1.25,100.0,40.58,3.37,120.88,-35.69,4.66,35.26,0.02,-1.85,407.23,37.03
601890.SH,亚星锚链,29.73,36.86,2.16,4.03,5.4,4.47,1.06,42.51,28.42,13.47,4.37,20.42,,27.33,0.2,1.81,9.15,5.5
688251.SH,井松智能,35.17,27.92,1.84,3.79,4.08,2.11,0.76,30.99,24.96,5.99,2638.81,18.78,,49.57,0.13,1.49,7.36,8.62
300290.SZ,荣科科技,-1702.92,-2641.92,18.35,-2.16,-0.8,-0.01,,0.0,39.59,0.26,-334.29,1.04,21.38,39.02,0.01,扣非亏损,扣非亏损,亏损
300024.SZ,机器人,-232.56,-152.87,7.11,-3.72,-2.29,-0.78,,0.0,14.4,-4.37,-6.59,14.45,,60.15,0.05,扣非亏损,扣非亏损,亏损
300454.SZ,深信服,-35.42,447.23,3.34,-7.61,-6.81,-5.01,0.07,10.64,60.6,-12.51,-8.18,12.32,,39.75,0.04,36.3,扣非亏损,亏损
688710.SH,益诺思,32.35,,2.42,6.05,7.55,4.61,,0.0,36.29,14.1,,20.32,,26.91,1.38,,,8.57
300814.SZ,中富电路,133.92,255.32,4.88,2.17,2.66,0.86,0.34,75.33,13.25,2.98,-6.11,6.86,,55.98,0.06,37.23,117.67,50.35
002156.SZ,通富微电,64.13,62.11,3.27,3.82,3.89,3.06,0.05,10.91,14.33,3.66,438.98,28.76,7.19,59.46,0.11,2.16,16.28,16.49
002946.SZ,新乳业,16.99,18.5,3.66,18.14,16.92,7.01,1.31,30.0,29.09,5.97,29.5,18.09,32.19,66.25,0.04,1.02,1.02,1.0
300724.SZ,捷佳伟创,9.33,10.76,2.43,20.36,21.15,5.91,1.62,25.59,27.8,16.39,72.14,29.74,,72.26,0.13,0.36,0.53,0.44
002705.SZ,新宝股份,11.52,12.15,1.51,10.23,9.93,6.84,2.75,33.68,21.41,6.51,-0.57,3.94,0.34,47.14,0.25,3.08,1.19,1.16
688800.SH,瑞可达,43.84,45.21,3.05,5.03,5.36,3.42,0.25,11.63,22.01,6.77,15.54,41.21,,47.38,0.11,1.1,8.99,8.18
000793.SZ,华闻集团,-38.43,-7.31,6.45,-12.75,-11.72,-1.21,,0.0,21.73,-41.92,-0.22,-31.03,1.88,63.72,0.02,扣非亏损,扣非亏损,亏损
600678.SH,四川金顶,-300.63,-64.95,11.03,-2.68,-2.79,0.61,,0.0,22.82,-4.41,-33.28,10.4,,77.72,0.02,扣非亏损,扣非亏损,亏损
600879.SH,航天电子,43.21,227.93,1.57,0.98,2.74,1.62,0.62,27.12,22.8,6.45,-57.48,10.2,,47.11,0.11,22.35,232.06,15.77
601939.SH,建设银行,5.83,5.97,0.64,7.9,8.27,,6.14,30.53,,45.18,0.22,2.35,0.07,91.83,,2.54,0.76,0.7
603703.SH,盛洋科技,539.02,-2413.89,5.65,0.6,0.79,0.91,0.09,120.0,24.72,1.5,382.03,-1.92,19.9,55.08,0.08,扣非亏损,扣非转亏,682.31
002246.SZ,北化股份,-104.59,-155.28,2.31,-3.22,-1.64,-1.62,0.61,50.0,16.57,-3.72,-964.14,-2.27,,32.02,0.2,扣非亏损,扣非亏损,亏损
300265.SZ,通光线缆,54.48,91.24,1.68,2.01,2.19,2.43,0.86,32.0,16.53,2.97,-49.08,17.35,0.96,33.7,0.1,5.26,45.41,24.88
002119.SZ,康强电子,52.95,76.48,4.11,4.51,5.98,3.98,0.22,14.29,12.78,5.34,33.14,7.94,0.09,44.59,0.03,9.63,16.97,8.85
300851.SZ,交大思诺,94.15,41.0,1.95,1.11,1.53,1.33,1.44,45.92,74.61,9.29,-45.65,1.54,,8.46,0.04,26.69,37.02,61.53
600716.SH,凤凰股份,-82.63,-47.02,0.59,-0.55,-0.55,-0.05,,0.0,25.78,-21.04,-204.96,-2.16,,34.7,0.17,扣非亏损,扣非亏损,亏损
600741.SH,华域汽车,8.95,8.28,0.89,6.93,7.54,3.23,4.61,32.78,12.17,4.28,-1.32,8.13,1.22,64.48,0.64,1.02,1.19,1.19
301219.SZ,腾远钴业,18.97,21.17,1.81,7.1,7.2,7.49,3.81,117.19,23.82,12.63,156.8,54.56,,16.04,0.34,0.39,2.98,2.63
600449.SH,宁夏建材,28.66,51.06,0.91,1.96,2.38,1.81,1.39,40.2,6.56,2.56,-46.93,27.71,0.08,32.24,0.16,1.84,26.1,12.04
603216.SH,梦天家居,42.65,27.32,1.32,2.08,2.31,1.01,2.29,69.77,27.73,5.14,13.03,3.38,,22.3,0.75,8.09,13.13,18.46
688287.SH,ST观典,-27.88,-27.22,2.47,-6.76,-6.34,-6.87,0.61,75.0,11.63,-81.88,-303.69,9.12,,4.36,0.08,扣非亏损,扣非亏损,亏损
688418.SH,震有科技,279.38,-129.37,7.32,0.03,1.99,1.87,,0.0,49.6,2.89,100.51,24.55,7.42,47.44,0.02,扣非亏损,扣非转亏,280.78
300593.SZ,新雷能,-36.99,-31.73,2.42,-4.98,-4.73,-2.89,0.68,55.56,42.1,-21.35,-203.75,25.64,0.41,32.63,0.09,扣非亏损,扣非亏损,亏损
300163.SZ,ST先锋,-140.7,-18.97,2.12,-2.42,-1.13,-1.3,,0.0,15.74,-2.91,-69.37,-2.21,,17.79,0.1,扣非亏损,扣非亏损,亏损
002643.SZ,万润股份,25.74,24.74,1.44,3.65,4.21,4.2,1.81,35.71,40.08,14.23,-54.57,16.89,8.98,27.37,0.15,1.46,6.78,6.11
002385.SZ,大北农,109.09,-19.97,2.28,0.93,1.66,2.31,0.84,0.0,14.09,1.25,108.08,14.6,8.12,65.29,0.26,扣非亏损,扣非转亏,131.44
600843.SH,上工申贝,-182.04,-55.17,2.93,-2.03,-1.16,0.44,0.87,39.25,18.37,-0.87,-265.44,7.45,2.45,47.32,0.16,扣非亏损,扣非亏损,亏损
603281.SH,江瀚新材,16.0,16.77,2.03,9.01,9.14,9.22,3.82,56.49,34.12,26.83,-12.46,28.47,,6.73,0.4,0.59,1.86,1.75
300327.SZ,中颖电子,73.88,78.37,5.22,5.19,5.27,2.18,0.88,36.56,33.82,5.59,11.99,11.99,,19.59,0.04,6.53,15.09,14.02
601865.SH,福莱特,37.7,32.68,2.99,5.59,5.8,4.12,2.31,30.65,19.02,8.91,-36.02,51.94,,49.28,0.1,0.63,5.84,6.5
002807.SZ,江阴银行,7.01,5.65,0.6,6.4,6.56,,5.35,21.86,,37.31,11.99,4.99,,90.41,,1.13,0.88,1.07
603318.SH,水发燃气,42.94,50.18,2.51,3.34,3.68,4.92,0.78,36.88,17.31,5.94,15.64,55.15,61.94,59.64,0.16,0.91,15.01,11.67
301349.SZ,信德新材,-178.44,-57.63,1.29,-1.62,-0.53,-0.33,0.64,74.09,7.57,-1.79,-267.93,56.52,6.85,14.54,0.13,扣非亏损,扣非亏损,亏损
600155.SH,华创云信,123.41,63.5,0.91,0.7,0.54,,,0.0,,1.08,-57.26,0.58,19.47,63.32,0.54,109.89,182.4,457.09
601177.SH,杭齿前进,13.92,17.7,1.37,6.67,7.73,4.34,0.48,9.46,18.86,11.77,3.69,-0.04,,47.0,0.09,-497.71,2.65,1.8
002283.SZ,天润工业,16.08,17.47,0.96,4.22,4.48,3.24,3.93,65.71,23.74,9.66,-16.46,0.26,,29.45,0.27,67.21,4.14,3.59
600576.SH,祥源文旅,43.64,49.18,2.34,3.9,3.97,4.25,,0.0,49.04,19.31,-6.44,14.6,17.74,28.06,0.05,3.37,25.23,21.99
000728.SZ,国元证券,17.43,18.84,1.03,4.45,4.48,,2.2,34.88,,31.07,18.06,13.77,0.34,77.25,0.83,1.37,4.23,3.89
300315.SZ,掌趣科技,57.8,89.31,3.09,3.41,4.05,2.13,,0.0,77.5,30.12,33.13,-18.13,5.04,8.31,0.17,-4.93,52.35,28.54
301337.SZ,亚华电子,-131.31,-893.64,3.09,-2.04,-1.74,-2.47,0.82,20.41,40.22,-14.31,-192.06,15.03,,8.23,0.36,扣非亏损,扣非亏损,亏损
688660.SH,电气风电,-17.12,-9.4,2.02,-8.58,-8.46,-1.46,,0.0,17.08,-15.22,34.44,-16.32,0.13,79.88,0.17,扣非亏损,扣非亏损,亏损
301220.SZ,亚香股份,42.42,47.53,1.58,2.74,2.82,2.51,0.61,20.0,27.81,7.77,-30.96,3.66,0.4,20.86,0.13,12.99,17.36,15.04
301105.SZ,鸿铭股份,290.07,-111.94,1.77,0.37,0.46,0.05,2.66,0.0,33.64,2.43,475.39,-15.99,,11.7,0.21,扣非亏损,扣非转亏,1261.18
603596.SH,伯特利,28.47,28.88,4.76,11.94,13.08,7.87,0.49,15.81,21.29,11.99,30.85,36.11,0.03,41.99,0.08,0.8,2.42,2.18
000539.SZ,粤电力A,12.7,28.54,1.06,6.52,6.43,2.71,0.41,10.78,13.82,4.88,-13.09,21.09,0.02,79.01,1.45,1.35,4.38,1.97
600691.SH,阳煤化工,-10.86,-4.7,1.31,-9.86,-8.69,-1.07,,0.0,4.96,-5.92,-77.72,-8.25,,80.2,0.92,扣非亏损,扣非亏损,亏损
000969.SZ,安泰科技,25.56,41.21,2.12,4.34,6.4,3.53,0.89,32.89,17.89,6.81,36.1,18.23,9.2,41.87,0.2,2.26,9.48,3.99
601600.SH,中国铝业,11.33,13.1,2.05,13.62,14.09,9.22,1.42,20.46,15.23,8.65,76.81,6.58,3.18,48.68,0.22,1.99,0.96,0.8
002655.SZ,共达电声,61.35,59.85,7.19,8.99,9.18,5.51,0.22,19.4,27.32,7.22,75.11,-6.11,1.48,55.15,0.04,-9.79,6.66,6.68
688533.SH,上声电子,23.18,29.78,4.11,10.67,13.7,8.16,0.81,31.31,26.31,9.37,38.01,29.02,,53.73,0.06,1.03,2.79,1.69
000425.SZ,徐工机械,13.0,18.36,1.56,8.5,9.13,4.42,3.3,40.0,23.63,7.74,11.85,-2.23,,63.84,0.34,-8.22,2.16,1.42
300977.SZ,深圳瑞捷,156.81,389.15,2.46,0.6,1.16,1.05,1.18,81.48,37.39,5.18,-60.36,-1.57,,10.01,0.05,-247.88,653.59,135.18
688659.SH,元琛科技,142.29,-50.98,2.11,0.38,1.1,1.23,,0.0,27.39,1.48,153.27,5.13,,57.72,0.14,扣非亏损,扣非转亏,258.71
000970.SZ,中科三环,-230.26,-261.59,2.01,-0.95,-0.64,-0.08,0.48,22.08,10.5,-0.92,-130.08,25.2,0.33,25.5,0.17,扣非亏损,扣非亏损,亏损
002832.SZ,比音勒芬,11.06,12.82,2.21,14.72,14.62,12.88,3.15,62.5,76.42,25.4,1.3,15.58,,24.5,0.16,0.82,0.87,0.76
003015.SZ,日久光电,55.09,129.95,4.31,5.3,5.85,5.47,0.85,-166.67,26.95,12.7,8340.85,-2.55,,14.75,0.04,-50.89,49.08,18.83
835985.BJ,海泰新能,19.57,20.59,3.03,10.72,11.71,5.55,2.47,50.0,22.91,6.08,95.42,25.4,,68.62,0.28,0.81,1.92,1.67
002402.SZ,和而泰,37.51,56.01,3.83,7.25,7.74,3.55,1.05,42.31,18.11,4.62,7.21,17.93,10.15,54.1,0.07,3.12,7.73,4.85
603178.SH,圣龙股份,534.61,-126.61,3.84,-4.02,0.54,0.5,0.15,30.43,9.97,0.6,-948.53,6.46,,45.24,0.05,扣非亏损,扣非亏损,990.03
688786.SH,悦安新材,39.43,41.67,4.19,7.38,7.97,6.91,1.35,64.52,34.93,17.97,-3.71,16.27,0.14,19.65,0.02,2.56,5.65,4.95
601366.SH,利群股份,137.96,-60.85,1.13,-1.04,0.61,1.92,0.55,100.0,32.27,0.36,-222.37,-2.8,,74.01,0.25,扣非亏损,扣非亏损,226.16
002094.SZ,青岛金王,55.0,197.06,3.17,4.12,4.43,4.23,,0.0,20.95,4.75,118.02,-14.2,3.13,56.01,0.14,-13.88,95.74,24.83
603739.SH,蔚蓝生物,62.63,111.81,1.97,1.35,2.39,3.25,0.66,31.25,44.18,6.46,-33.4,8.0,4.53,38.62,0.08,13.98,82.52,26.2
300568.SZ,星源材质,33.38,65.33,1.58,2.72,3.61,2.35,1.43,48.89,30.22,13.46,-53.49,50.63,,51.99,0.3,1.29,24.01,9.25
300138.SZ,晨光生物,51.62,77.17,1.55,0.45,1.92,1.58,0.97,14.42,7.37,0.87,-95.53,20.96,0.02,59.89,0.71,3.68,173.3,26.89
001330.SZ,博纳影业,-17.34,-11.59,1.41,-6.64,-5.89,-1.4,,0.0,-2.6,-37.03,8.43,12.8,1.65,60.01,0.27,扣非亏损,扣非亏损,亏损
002782.SZ,可立克,31.18,34.03,3.33,7.85,8.16,4.3,0.57,34.2,13.48,4.72,25.31,56.62,2.28,51.91,0.07,0.6,4.33,3.82
605155.SH,西大门,16.2,18.67,1.51,6.97,7.09,6.85,1.29,29.41,42.41,14.74,17.4,22.11,,7.41,0.27,0.84,2.68,2.28
688098.SH,申联生物,-116.66,-108.94,1.5,-1.05,-0.96,-1.25,0.47,43.75,61.12,-6.85,-152.34,-3.48,,6.72,0.05,扣非亏损,扣非亏损,亏损
301079.SZ,邵阳液压,82.33,4768.12,3.8,3.01,3.46,2.16,0.06,16.67,23.11,6.21,-4.89,-5.69,,48.63,0.0,-837.49,1584.51,23.79
600167.SH,联美控股,20.43,19.29,1.27,4.59,4.58,3.08,3.53,52.69,31.9,22.83,-19.73,-1.75,0.61,29.32,0.48,-11.03,4.2,4.46
688798.SH,艾为电子,68.56,60.55,4.21,3.63,4.74,3.72,0.07,22.73,29.69,7.52,161.11,24.26,,21.78,0.1,2.5,16.67,14.46
301591.SZ,肯特股份,40.58,44.25,3.72,8.76,7.72,8.93,,26.3,38.98,18.22,-0.25,4.73,,7.66,0.43,9.37,5.05,5.26
001215.SZ,千味央厨,30.92,27.6,1.88,5.42,4.68,4.97,0.36,12.03,24.25,5.93,-1.25,26.48,0.61,22.3,0.16,1.04,5.09,6.61
002667.SZ,威领股份,-17.4,-9.82,4.65,-20.23,-18.22,-8.44,,0.0,7.03,-38.64,-64.43,131.04,18.83,50.63,0.05,扣非亏损,扣非亏损,亏损
688521.SH,芯原股份,-49.35,-44.59,11.28,-16.85,-15.8,-8.05,,0.0,42.52,-23.99,-170.47,18.18,7.67,51.05,0.03,扣非亏损,扣非亏损,亏损
600728.SH,佳都科技,-39.8,102.98,1.37,0.13,-2.53,-1.69,0.32,9.41,12.67,-4.0,108.23,15.88,2.5,44.66,0.07,6.49,777.2,亏损
600867.SH,通化东宝,-191.46,31.06,2.64,1.98,-0.96,-1.51,2.31,42.37,74.47,-4.59,-82.16,2.9,,9.74,0.02,10.71,15.68,亏损
831627.BJ,力王股份,114.3,134.11,6.7,4.04,4.34,2.58,2.45,81.08,14.51,3.61,-26.38,11.95,0.07,41.16,0.04,11.22,33.16,26.34
688009.SH,中国通号,22.6,23.05,1.59,4.83,4.91,2.74,3.88,53.12,30.06,13.08,-7.45,-2.52,0.57,58.08,0.37,-9.15,4.78,4.6
833346.BJ,威贸电子,61.1,71.78,5.72,6.25,7.08,6.47,1.98,67.35,30.5,16.35,1.69,11.04,,13.0,0.23,6.5,11.48,8.63
000552.SZ,甘肃能化,11.01,13.4,0.91,5.9,5.87,4.29,3.28,27.03,32.65,13.24,-37.4,15.16,,45.48,0.55,0.88,2.27,1.88
002005.SZ,ST德豪,-40.93,-16.54,8.61,-17.1,-14.02,-3.02,,0.0,18.33,-9.05,69.96,-27.59,,63.88,0.05,扣非亏损,扣非亏损,亏损
300303.SZ,聚飞光电,32.03,50.07,2.97,5.1,7.36,4.76,1.69,58.82,24.84,10.33,19.14,2.44,0.57,42.82,0.07,20.54,9.81,4.35
002397.SZ,梦洁股份,71.58,-579.41,1.66,1.03,1.76,1.51,,0.0,40.62,1.65,-53.91,-0.15,4.14,54.8,0.22,扣非亏损,扣非转亏,81.35
003027.SZ,同兴环保,77.19,3072.76,1.19,0.4,1.15,0.79,0.33,31.58,19.13,5.44,-59.93,1.58,1.32,25.21,0.31,1941.22,7743.85,67.12
835670.BJ,数字人,-196.35,-101.27,8.1,-5.79,-3.0,-3.05,0.39,54.55,69.36,-25.9,-211.62,1.25,,9.07,0.07,扣非亏损,扣非亏损,亏损
301628.SZ,强达电路,70.4,78.59,7.16,13.22,14.46,10.51,,0.0,31.27,13.62,16.11,-2.44,,30.63,0.11,-32.22,11.89,9.74
002958.SZ,青农商行,4.19,6.96,0.5,7.83,8.88,,3.82,23.81,,37.94,7.51,2.66,,91.31,,2.62,0.89,0.47
603690.SH,至纯科技,41.44,81.23,2.13,3.64,3.84,3.07,0.75,18.26,35.38,6.08,19.3,32.94,4.7,62.73,0.07,2.47,22.3,10.79
300700.SZ,岱勒新材,-28.7,-22.73,2.9,-7.16,-7.02,-4.44,0.74,27.17,-3.23,-30.19,-151.64,60.28,13.64,41.39,0.15,扣非亏损,扣非亏损,亏损
872895.BJ,花溪科技,139.91,-528.9,3.79,0.71,1.87,1.36,2.41,583.33,27.93,6.15,-67.22,-12.38,,12.78,0.22,扣非亏损,扣非转亏,74.82
300012.SZ,华测检测,23.41,28.94,3.46,10.83,11.59,9.59,0.7,18.27,50.88,17.11,3.18,16.36,13.41,21.92,0.04,1.77,2.67,2.02
000028.SZ,国药一致,12.2,12.26,0.96,5.77,5.99,3.09,2.35,23.69,10.87,1.94,-10.39,8.27,12.68,58.34,0.36,1.48,2.13,2.04
688136.SH,科兴制药,149.05,-35.14,2.11,1.5,1.06,2.69,,0.0,69.86,1.32,130.36,1.13,,45.99,0.09,扣非亏损,扣非转亏,281.23
300838.SZ,浙江力诺,55.09,33.74,1.75,2.09,2.37,1.63,1.53,32.05,20.6,3.26,-70.63,34.46,3.55,39.17,0.05,0.98,16.11,23.24
000716.SZ,黑芝麻,82.7,98.46,1.82,1.76,1.63,2.31,0.83,86.21,23.04,3.21,39.53,-10.51,13.05,40.13,0.02,-9.37,56.07,50.74
603331.SH,百达精工,70.99,53.66,1.6,1.25,1.68,0.71,1.53,32.79,21.69,0.82,-84.14,14.46,,58.62,0.08,3.71,42.77,42.26
603727.SH,博迈科,26.78,32.28,1.05,3.41,2.93,1.39,1.2,-55.56,14.96,5.38,263.83,-2.34,,34.27,0.39,-13.78,18.94,18.28
002820.SZ,桂发祥,36.11,54.2,1.85,3.58,3.76,3.54,1.75,65.81,46.24,8.87,-42.71,29.24,0.36,8.63,0.34,1.85,15.15,9.6
002528.SZ,ST英飞拓,-35.61,-8.31,8.81,-24.74,-18.6,-1.93,,0.0,27.59,-10.98,73.59,-35.34,0.1,84.86,0.06,扣非亏损,扣非亏损,亏损
301232.SZ,飞沃科技,-22.53,-29.47,1.5,-5.06,-4.85,-1.93,2.06,16.67,8.23,-6.62,-237.13,11.92,,55.04,0.24,扣非亏损,扣非亏损,亏损
600171.SH,上海贝岭,90.89,120.5,6.8,4.53,5.74,4.73,0.7,-111.11,28.58,12.76,58.95,19.16,17.2,13.82,0.04,6.29,53.23,31.67
002491.SZ,通鼎互联,485.35,-658.3,2.12,1.33,0.33,1.48,,0.0,19.75,0.33,-62.09,-1.54,,57.09,0.23,扣非亏损,扣非转亏,2941.52
603380.SH,易德龙,20.27,23.0,2.58,9.58,9.89,7.81,1.02,30.9,26.59,9.12,80.33,15.23,,36.34,0.06,1.51,2.4,2.05
600790.SH,轻纺城,19.61,32.51,0.92,3.29,3.6,2.34,2.52,62.5,47.77,31.46,-12.69,1.93,0.18,46.55,0.26,16.82,9.87,5.45
605183.SH,确成股份,14.52,15.43,2.31,11.99,12.29,12.04,2.39,35.35,33.19,23.2,28.73,20.76,,12.35,0.07,0.74,1.29,1.18
300160.SZ,秀强股份,18.85,23.41,1.83,7.12,7.44,6.93,1.69,37.04,30.04,16.06,4.16,4.03,,15.57,0.13,5.81,3.29,2.53
300835.SZ,龙磁科技,29.21,35.87,3.69,8.34,9.52,5.51,0.69,32.26,30.67,11.48,74.09,24.86,10.43,50.12,0.06,1.44,4.3,3.07
002995.SZ,天地在线,-87.89,-81.92,3.75,-3.3,-3.15,-2.74,,0.0,6.17,-2.82,0.92,-13.42,,24.38,0.16,扣非亏损,扣非亏损,亏损
002078.SZ,太阳纸业,12.28,11.4,1.46,9.64,9.09,6.47,2.47,27.27,16.35,7.97,24.26,23.77,0.07,46.37,0.08,0.48,1.18,1.35
600319.SH,亚星化学,-14.91,-14.18,3.58,-17.89,-16.52,-1.95,,0.0,2.0,-15.06,-32.48,209.24,,75.42,0.06,扣非亏损,扣非亏损,亏损
600617.SH,国新能源,-422.08,-41.94,1.61,-5.75,-0.27,2.22,3.76,241.67,8.36,-0.02,-7.57,11.69,0.11,85.69,0.51,扣非亏损,扣非亏损,亏损
002376.SZ,新北洋,93.33,119.28,1.53,0.76,1.25,2.19,1.97,506.76,32.91,4.43,323.74,-2.45,9.82,40.19,0.13,-48.71,157.59,74.66
600548.SH,深高速,13.2,11.8,1.33,5.51,6.66,3.95,6.12,56.01,39.04,25.61,-13.45,6.9,0.73,58.4,0.19,1.71,2.14,1.98
600789.SH,鲁抗医药,16.76,44.16,1.99,3.56,9.23,4.65,1.26,32.14,21.82,7.65,0.61,13.53,,55.92,0.12,3.26,12.42,1.82
002135.SZ,东南网架,23.76,28.18,0.84,2.09,2.56,1.58,1.73,35.71,8.09,1.8,-48.01,12.18,0.01,67.53,0.4,2.31,13.47,9.28
601828.SH,美凯龙,-6.56,-8.49,0.35,-2.16,-3.88,-0.19,1.19,0.0,59.42,-32.84,-199.1,-6.15,0.19,57.24,0.3,扣非亏损,扣非亏损,亏损
002501.SZ,利源股份,-39.51,-32.56,6.45,-11.88,-11.51,-7.08,,0.0,-19.32,-49.19,6.44,94.86,,34.62,0.0,扣非亏损,扣非亏损,亏损
688197.SH,首药控股,-23.29,-21.56,5.77,-18.29,-17.0,-15.74,,0.0,,-4209.95,-22.09,61.96,,12.57,0.04,扣非亏损,扣非亏损,亏损
688403.SH,汇成股份,60.39,59.38,2.62,2.73,3.23,2.74,0.95,43.48,21.1,9.42,-26.83,26.14,,30.96,0.07,2.27,21.71,18.7
300469.SZ,信息发展,-84.43,-37.9,14.31,-13.15,-11.96,-6.98,,0.0,22.59,-62.62,-3.79,-23.42,,47.24,0.05,扣非亏损,扣非亏损,亏损
000985.SZ,大庆华科,62.81,54.71,4.25,5.23,5.08,4.96,0.11,41.1,7.73,2.07,305.17,6.7,,21.27,0.16,8.17,10.47,12.36
002983.SZ,芯瑞达,45.86,52.59,3.53,5.0,5.68,4.56,1.13,38.82,19.92,9.8,-47.96,28.71,,23.66,0.02,1.83,10.52,8.07
300847.SZ,中船汉光,42.86,48.33,3.93,6.82,7.03,7.0,0.58,31.03,19.93,11.13,32.64,7.16,,9.73,0.11,6.75,7.09,6.1
000068.SZ,华控赛格,-36.99,-20.73,5.93,-11.46,-11.35,-1.71,,0.0,2.63,-15.02,29.66,103.6,,74.4,0.01,扣非亏损,扣非亏损,亏损
601518.SH,吉林高速,9.9,10.03,0.98,7.57,7.59,8.3,3.53,31.03,70.18,48.77,-0.88,21.16,,16.61,0.35,0.47,1.32,1.3
000503.SZ,国新健康,-292.76,-113.21,8.69,-7.74,-2.2,-1.59,,0.0,3.42,-16.0,7.69,17.03,,24.97,0.07,扣非亏损,扣非亏损,亏损
002066.SZ,瑞泰科技,48.14,52.12,3.77,4.69,5.94,2.77,0.9,31.73,15.13,2.67,6.41,3.29,0.42,71.25,0.12,15.84,11.1,8.1
603379.SH,三美股份,27.49,34.98,3.3,9.05,9.19,9.34,0.68,50.0,28.28,18.4,222.66,12.17,,9.26,0.12,2.87,3.86,2.99
301015.SZ,百洋医药,17.24,19.36,6.67,24.52,22.95,15.83,2.12,60.96,35.72,11.24,26.22,9.05,4.28,63.53,0.09,2.14,0.79,0.75
600605.SH,汇通能源,57.96,395.06,5.49,1.61,7.49,7.12,2.16,219.22,46.17,96.56,55.86,12.61,,14.32,0.18,31.32,245.16,7.74
300904.SZ,威力传动,171.24,-80.51,4.58,-5.46,1.96,1.22,1.59,82.35,15.7,4.89,-670.59,-6.91,,57.3,0.04,扣非亏损,扣非亏损,87.37
003036.SZ,泰坦股份,18.62,28.02,1.48,4.67,6.2,3.41,3.39,70.0,16.34,6.79,-38.96,34.14,1.27,53.81,0.42,0.82,6.0,3.0
002123.SZ,梦网科技,202.94,-4.5,4.97,0.79,1.86,1.78,0.23,0.0,8.97,1.14,136.57,24.3,,58.62,0.18,扣非亏损,扣非转亏,218.21
603207.SH,小方制药,20.03,,3.63,18.26,18.26,18.09,,0.0,65.86,44.03,-1.49,3.28,,11.91,0.81,,,2.19
688025.SH,杰普特,37.06,46.4,2.55,4.65,5.17,3.89,0.38,30.75,40.2,9.12,35.82,14.26,0.67,25.29,0.06,3.25,9.98,7.17
603392.SH,万泰生物,256.7,-164.97,7.35,0.33,2.12,1.34,0.43,32.32,71.83,13.88,-97.55,62.68,,14.45,0.03,扣非亏损,扣非转亏,121.09
300698.SZ,万马科技,126.91,98.25,11.14,6.48,6.41,3.84,,0.0,37.31,8.1,-22.44,2.61,,48.82,0.01,37.71,30.34,39.6
300172.SZ,中电环保,32.72,78.95,1.95,3.62,4.54,3.57,0.56,23.08,27.73,14.66,-8.03,3.47,,28.77,0.08,22.78,21.79,7.21
870656.BJ,海昇药业,34.87,30.53,2.44,7.16,5.59,6.51,142.86,35.46,40.11,28.66,-50.15,-18.65,,5.76,0.48,-1.64,4.26,6.24
301439.SZ,泓淋电力,29.27,38.09,1.88,4.71,4.77,2.77,2.05,50.85,11.84,5.52,-5.42,21.63,,29.14,0.39,1.76,8.09,6.14
300823.SZ,建科智能,46.94,45.04,2.05,2.88,3.23,2.75,2.73,94.84,41.94,10.08,-2.94,-0.16,,23.09,0.2,-274.11,15.66,14.53
603219.SH,富佳股份,37.65,35.62,4.68,8.68,9.07,4.89,2.21,63.83,17.06,7.66,-25.9,9.27,0.93,46.69,0.24,3.84,4.1,4.15
688278.SH,特宝生物,41.43,40.86,13.52,28.05,26.65,25.55,0.78,29.93,93.35,28.35,41.34,38.34,,15.61,0.01,1.07,1.46,1.55
000768.SZ,中航西飞,60.64,81.69,3.76,4.45,5.53,1.27,0.45,32.21,7.36,3.27,16.38,6.61,,73.39,0.08,12.35,18.37,10.97
301358.SZ,湖南裕能,58.54,76.54,3.33,4.18,4.31,2.6,1.23,19.17,7.88,3.08,-68.15,380.36,1.56,58.14,0.06,0.2,18.31,13.58
600777.SH,ST新潮,6.98,5.79,0.71,8.75,7.89,7.13,,0.0,50.55,25.69,-2.32,35.0,,36.46,0.21,0.17,1.32,1.77
300686.SZ,智动力,-23.23,-14.96,2.24,-7.37,-6.95,-2.79,,0.0,7.56,-7.02,52.83,-15.57,,48.99,0.25,扣非亏损,扣非亏损,亏损
831832.BJ,科达自控,79.94,52.55,3.73,2.34,3.56,2.56,1.12,26.32,40.76,7.99,28.5,29.81,0.16,49.6,0.0,1.76,22.5,22.45
001979.SZ,招商蛇口,28.56,22.26,1.01,1.46,2.04,0.73,3.36,49.23,9.95,4.38,-43.32,11.16,0.7,68.63,0.94,1.99,15.24,14.0
002388.SZ,ST新亚,2789.59,-11.03,1.92,0.56,0.05,-0.16,,0.0,11.87,-1.15,172.94,4.86,8.7,49.77,0.06,扣非亏损,扣非转亏,111583.76
600158.SH,中体产业,251.04,56.25,2.98,0.92,0.89,1.96,0.3,30.67,28.06,6.06,164.07,45.55,0.99,39.63,0.26,1.23,60.98,282.06
600183.SH,生益科技,27.74,32.49,3.54,9.27,9.64,6.54,2.46,90.0,22.02,9.84,55.8,6.32,,39.6,0.04,5.14,3.51,2.88
688185.SH,康希诺,-55.12,-20.61,3.23,-5.05,-4.31,-2.64,,0.0,74.2,-40.06,75.8,5677.8,,36.62,0.18,扣非亏损,扣非亏损,亏损
002091.SZ,江苏国泰,10.75,10.24,0.84,5.53,5.72,4.52,3.83,30.3,15.12,5.08,-24.03,8.72,0.02,50.15,1.03,1.17,1.85,1.88
600320.SH,振华重工,38.06,102.0,1.44,0.84,2.76,1.37,1.51,50.0,12.38,2.38,-30.82,13.32,1.48,77.7,0.27,7.66,121.67,13.79
301027.SZ,华蓝集团,-59.45,1522.73,1.98,-2.77,-2.47,-1.21,0.1,9.74,35.27,-7.48,-92.15,-12.7,0.1,51.52,0.35,-119.86,扣非亏损,亏损
603126.SH,中材节能,103.92,80.59,1.8,0.83,1.28,0.74,1.23,35.33,18.99,2.36,-79.72,5.99,0.05,51.56,0.19,13.45,96.79,81.19
002742.SZ,ST三圣,-37.34,-4.34,10.27,-59.69,-9.16,3.38,,0.0,19.45,-3.2,-25.17,-7.06,125.36,88.02,0.03,扣非亏损,扣非亏损,亏损
300228.SZ,富瑞特装,24.58,19.49,1.98,6.03,6.39,4.9,0.56,15.64,19.83,6.18,171.81,26.11,0.13,47.71,0.17,0.75,3.23,3.85
688701.SH,卓锦股份,-14.87,-7.92,3.52,-16.45,-16.32,-5.81,,0.0,12.58,-22.76,24.67,7.3,,60.78,0.05,扣非亏损,扣非亏损,亏损
600846.SH,同济科技,12.74,17.92,1.31,4.56,7.79,3.14,2.15,32.79,11.07,11.02,-21.18,1.82,1.08,64.33,0.4,9.82,3.93,1.64
600871.SH,石化油服,45.05,97.57,4.5,4.9,8.09,2.38,,0.0,7.92,1.23,15.74,5.55,,88.08,0.13,17.57,39.79,11.14
002054.SZ,德美化工,37.85,60.17,1.09,2.03,2.12,1.29,1.03,111.29,23.12,-1.05,44.91,26.92,2.74,56.71,0.2,2.24,29.66,17.85
603151.SH,邦基科技,32.64,34.58,1.5,3.12,3.45,3.0,1.33,40.06,9.38,2.7,-42.74,-0.39,,28.34,0.18,-88.82,11.09,9.46
002778.SZ,中晟高科,-46.86,-12.76,5.75,-10.67,-8.8,-0.26,,0.0,12.91,-8.22,-99.03,-13.12,21.54,62.48,0.03,扣非亏损,扣非亏损,亏损
002478.SZ,常宝股份,8.69,10.16,0.88,6.58,7.72,5.63,5.14,31.82,16.52,10.26,-39.19,20.5,0.17,28.14,0.52,0.5,1.54,1.13
002971.SZ,和远气体,57.52,55.29,3.38,3.72,4.45,2.47,0.36,19.23,18.82,5.01,2.85,26.26,0.75,72.87,0.06,2.11,14.87,12.93
300069.SZ,金利华电,83.02,476.65,6.88,5.19,6.41,3.82,,0.0,30.03,9.69,551.33,28.6,,47.19,0.04,16.66,183.56,25.9
300457.SZ,赢合科技,23.28,27.59,2.34,7.57,7.77,6.36,0.95,20.59,30.99,14.39,4.65,66.54,4.36,53.01,0.1,0.41,3.65,3.0
300859.SZ,西域旅游,39.91,64.02,7.8,15.21,15.28,15.91,1.08,44.12,65.22,43.4,-7.48,119.62,,16.18,0.06,0.54,4.21,2.61
000997.SZ,新大陆,18.98,20.41,2.96,12.27,12.16,7.1,2.55,22.21,38.03,17.71,-7.75,6.53,9.73,41.58,0.18,3.12,1.66,1.56
300916.SZ,朗特智能,31.08,31.81,3.35,7.53,8.29,5.72,1.23,40.0,16.6,8.54,98.64,12.72,,27.33,0.21,2.5,4.22,3.75
002466.SZ,天齐锂业,-8.9,-10.33,1.55,-12.07,-11.95,4.29,2.42,30.34,49.03,17.23,-171.87,188.17,0.83,28.43,0.1,扣非亏损,扣非亏损,亏损
831087.BJ,秋乐种业,167.39,38.66,3.96,-0.95,1.73,0.87,1.72,41.67,20.28,5.64,-137.39,25.31,,41.46,0.14,1.53,转盈,96.76
603779.SH,威龙股份,620.11,-30.71,6.32,0.59,0.77,2.09,,0.0,51.88,1.42,138.31,1.05,,50.55,0.01,扣非亏损,扣非转亏,1610.68
600089.SH,特变电工,12.28,13.21,1.09,6.08,6.8,3.18,1.45,8.37,18.94,6.22,-55.96,26.08,0.14,56.8,0.32,0.51,2.17,1.8
688173.SH,希荻微,-23.82,-22.5,3.93,-11.93,-11.48,-10.29,,0.0,33.54,-57.18,-76.92,31.3,3.98,15.41,0.28,扣非亏损,扣非亏损,亏损
688668.SH,鼎通科技,50.85,62.77,3.0,4.06,4.42,4.02,0.9,74.63,28.39,11.14,56.1,29.28,,14.53,0.02,2.14,15.44,11.51
003012.SZ,东鹏控股,17.82,18.74,0.96,3.85,4.01,2.73,3.64,49.18,31.23,6.56,-49.33,3.49,0.05,36.29,0.4,5.36,4.87,4.44
300928.SZ,华安鑫创,-58.05,-39.98,2.58,-3.53,-3.25,-3.73,0.3,-29.41,7.86,-5.11,-202.59,3.75,,8.41,0.11,扣非亏损,扣非亏损,亏损
002537.SZ,海联金汇,113.71,57.9,1.88,4.75,1.32,1.49,,0.0,14.05,0.73,85.71,10.38,1.56,53.28,0.12,5.58,24.39,172.28
300070.SZ,碧水源,-380.4,90.18,0.8,-0.21,-0.16,0.38,0.86,20.38,27.77,0.94,-148.58,-2.23,2.14,62.01,0.2,-40.49,扣非亏损,亏损
301281.SZ,科源制药,73.9,119.37,2.93,2.02,2.98,2.72,0.88,39.47,39.27,11.95,-54.85,6.98,0.14,8.68,0.11,17.09,59.17,24.8
002835.SZ,同为股份,19.55,20.09,3.38,12.45,13.53,10.56,1.17,30.43,43.06,17.41,47.5,11.95,,20.6,0.11,1.68,1.61,1.44
836419.BJ,万德股份,29.37,33.14,1.98,4.24,4.97,4.46,2.61,41.1,18.63,6.31,-29.84,6.88,,19.29,0.23,4.81,7.82,5.91
000720.SZ,新能泰山,-86.03,-69.69,2.02,-1.75,-1.74,-0.27,,0.0,7.43,-5.23,15.16,-19.88,0.05,53.32,0.03,扣非亏损,扣非亏损,亏损
605399.SH,晨光新材,63.24,99.72,1.75,0.98,2.07,1.0,0.74,31.25,14.4,5.24,-47.45,33.99,,33.09,0.14,2.93,101.59,30.55
300433.SZ,蓝思科技,34.19,37.19,2.28,4.48,5.05,3.41,2.27,49.18,17.0,5.21,45.96,14.13,6.26,41.34,0.09,2.63,8.29,6.77
300504.SZ,天邑股份,88.49,307.5,2.03,1.8,1.7,1.66,1.09,54.05,16.2,2.65,-66.13,11.98,0.6,20.0,0.1,25.66,170.77,52.06
000422.SZ,湖北宜化,14.61,20.83,2.0,7.99,10.27,5.32,3.06,68.11,14.24,7.42,70.4,9.43,0.02,64.6,0.28,2.21,2.61,1.42
605158.SH,华达新材,25.52,20.61,1.83,4.71,5.4,1.84,2.63,30.77,5.66,2.64,-44.69,9.41,,68.71,0.94,2.19,4.38,4.73
301587.SZ,中瑞股份,55.84,,2.01,3.24,3.12,2.58,,0.0,29.7,11.15,,-10.07,,18.09,0.64,,,35.79
300135.SZ,宝利国际,463.8,-53.16,4.56,-2.75,0.73,0.73,,0.0,2.66,0.22,-21.08,2.72,,52.66,0.08,扣非亏损,扣非亏损,1270.68
600229.SH,城市传媒,27.67,53.23,1.51,3.24,4.05,4.42,3.58,43.55,27.95,6.79,-56.71,7.73,,26.73,0.24,6.88,16.42,6.83
001338.SZ,永顺泰,17.81,20.91,1.47,6.18,6.35,5.53,0.87,30.0,11.41,6.63,120.56,20.36,,18.52,0.24,1.03,3.38,2.8
002717.SZ,岭南股份,-17.13,-5.15,3.19,-16.8,-13.14,-0.64,,0.0,2.31,-34.46,-60.18,-30.47,18.32,85.08,0.03,扣非亏损,扣非亏损,亏损
600936.SH,广西广电,-6.19,-5.32,5.43,-51.49,-49.47,-6.03,,0.0,0.5,-65.33,-29.25,-13.41,,87.88,0.05,扣非亏损,扣非亏损,亏损
300253.SZ,卫宁健康,81.53,43.62,2.9,2.46,2.66,1.94,0.28,12.0,41.04,7.18,58.95,12.03,10.0,31.22,0.05,3.63,17.75,30.65
000719.SZ,中原传媒,16.32,11.77,1.0,4.46,4.64,3.75,4.32,30.88,36.77,7.82,-26.37,0.89,,36.07,0.66,13.26,2.64,3.52
600573.SH,惠泉啤酒,24.36,45.69,1.97,5.84,6.19,4.12,0.58,30.93,34.52,13.57,18.09,0.06,,23.42,0.49,824.21,7.82,3.93
002295.SZ,精艺股份,43.78,120.19,1.28,1.7,2.2,2.39,0.61,52.25,3.43,1.12,-4.53,-0.81,,33.1,0.13,-147.98,70.7,19.9
837748.BJ,路桥信息,-185.96,105.83,6.59,-3.46,-2.56,-2.12,0.43,29.41,35.13,-8.65,3.8,15.94,,38.4,0.03,6.64,扣非亏损,亏损
300516.SZ,久之洋,244.23,120.83,5.14,1.28,1.56,1.08,1.05,76.41,38.41,7.3,-60.5,2.13,,26.55,0.07,56.84,94.7,156.56
688607.SH,康众医疗,77.98,116.78,1.53,0.45,1.48,1.57,0.26,31.76,42.91,6.44,160.74,-1.85,,10.04,0.2,-63.09,258.37,52.69
000410.SZ,沈阳机床,-94.98,-60.16,16.9,-14.7,-12.54,-3.1,,0.0,8.05,-12.19,-8.88,4.9,,72.88,0.02,扣非亏损,扣非亏损,亏损
001267.SZ,汇绿生态,158.09,104.28,3.64,1.72,1.73,1.61,0.76,57.14,24.45,7.48,21.81,-4.64,,42.77,0.05,-22.5,60.54,91.38
600753.SH,庚星股份,-17.31,-18.71,10.45,-35.48,-36.09,-20.28,,0.0,0.11,-29.12,-102.33,-27.09,,46.05,0.0,扣非亏损,扣非亏损,亏损
603609.SH,禾丰股份,19.6,-39.75,1.16,4.34,4.3,3.01,,0.0,6.36,1.1,1429.69,14.9,0.0,50.0,0.21,扣非亏损,扣非转亏,9.12
002730.SZ,电光科技,31.64,28.48,1.79,4.21,4.27,2.81,1.37,39.39,40.23,8.48,-12.09,19.74,0.27,36.98,0.14,1.44,6.76,7.41
301108.SZ,洁雅股份,51.05,65.8,1.28,1.18,1.86,1.55,1.04,25.35,19.44,8.47,-70.82,-2.13,,13.12,0.34,-30.88,55.84,27.45
002042.SZ,华孚时尚,104.65,-20.04,1.1,-1.0,0.99,1.07,,0.0,5.08,0.65,-376.34,-0.52,2.39,63.55,0.55,扣非亏损,扣非亏损,211.42
688656.SH,浩欧博,214.24,220.12,9.41,3.13,3.27,3.27,1.15,53.33,64.35,8.65,-25.87,22.38,,19.62,0.01,9.83,70.3,65.52
603163.SH,圣晖集成,25.02,25.15,2.31,6.86,6.91,5.09,2.41,57.55,12.35,5.21,-33.82,24.77,,43.86,0.75,1.02,3.66,3.62
603538.SH,美诺华,35.3,379.74,1.42,2.46,2.96,2.03,0.1,40.0,31.88,7.13,-1.15,1.58,,50.93,0.2,241.05,154.49,11.93
600230.SH,沧州大化,160.53,2221.82,1.14,0.55,0.53,0.54,1.02,29.78,7.17,0.74,-89.44,35.24,,27.51,0.06,63.04,4026.5,300.22
002791.SZ,坚朗五金,229.27,65.07,1.76,0.02,0.64,0.66,0.25,9.9,31.3,1.1,-99.04,6.52,,41.56,0.2,9.97,2688.83,358.23
603863.SH,松炀资源,-39.16,-31.66,9.17,-17.13,-16.3,-5.83,,0.0,-6.41,-20.06,37.15,15.6,,57.66,0.01,扣非亏损,扣非亏损,亏损
603003.SH,*ST龙宇,-17.96,-22.76,0.55,-2.09,-2.26,-2.16,0.43,35.31,5.41,-7.81,-1636.12,-8.22,6.01,14.58,0.21,扣非亏损,扣非亏损,亏损
300082.SZ,奥克股份,-25.52,-16.72,1.62,-5.06,-4.65,-2.21,,0.0,1.63,-4.29,29.23,-10.26,2.35,43.98,0.06,扣非亏损,扣非亏损,亏损
300445.SZ,康斯特,30.01,32.38,3.1,7.36,7.91,7.5,0.46,16.67,64.67,24.66,19.16,19.91,0.82,7.96,0.09,1.63,4.4,3.79
301268.SZ,铭利达,-60.37,-72.37,3.46,-4.4,-3.91,-0.58,1.34,31.25,13.36,-5.1,-138.39,40.92,,61.09,0.17,扣非亏损,扣非亏损,亏损
600490.SH,鹏欣资源,-43.96,-31.32,1.14,-2.73,-1.93,-1.89,,0.0,3.58,-5.73,-180.27,-13.29,0.0,24.05,0.14,扣非亏损,扣非亏损,亏损
002030.SZ,达安基因,-13.5,-10.98,1.09,-5.03,-5.83,-5.86,0.15,20.11,39.98,-84.85,-487.9,3.49,,13.84,0.09,扣非亏损,扣非亏损,亏损
835579.BJ,机科股份,325.94,119.01,6.78,1.46,1.52,0.85,1.16,53.49,19.93,2.89,-32.15,14.91,,53.87,0.02,7.98,81.65,214.43
688062.SH,迈威生物,-9.82,-8.29,4.74,-31.75,-30.84,-15.0,,0.0,92.46,-493.29,-5.45,212.65,6.23,57.64,0.34,扣非亏损,扣非亏损,亏损
000973.SZ,佛塑科技,66.17,74.03,2.59,2.66,2.95,2.66,1.37,30.29,23.84,6.35,436.41,-0.62,0.66,24.73,0.09,-119.72,27.86,22.43
300147.SZ,香雪制药,-27.99,-19.62,4.76,-11.29,-12.0,-0.09,,0.0,31.1,-12.84,-51.66,-8.18,9.44,73.72,0.01,扣非亏损,扣非亏损,亏损
002454.SZ,松芝股份,23.42,48.42,1.13,2.82,3.64,2.26,0.8,37.5,18.9,4.44,46.54,12.31,2.39,40.96,0.21,3.93,17.2,6.43
000707.SZ,双环科技,8.36,7.63,1.55,14.29,14.66,9.64,1.75,10.54,21.87,14.82,-28.06,33.68,,37.99,0.28,0.23,0.53,0.57
600500.SH,中化国际,-22.78,-5.74,1.04,-8.96,-3.38,-0.48,,0.0,2.31,-1.57,-39.43,6.41,10.15,60.96,0.16,扣非亏损,扣非亏损,亏损
600561.SH,江西长运,496.16,-17.99,1.74,-6.0,0.27,1.72,,0.0,-4.41,0.59,31.54,-4.95,0.49,75.79,0.3,扣非亏损,扣非亏损,3675.22
688001.SH,华兴源创,-203.58,-223.21,3.74,-2.08,-1.31,-0.64,0.49,31.48,47.98,-4.01,-146.23,5.16,15.88,31.38,0.03,扣非亏损,扣非亏损,亏损
688332.SH,中科蓝讯,37.43,49.05,2.65,4.56,5.39,4.06,1.1,39.52,22.92,16.56,26.45,17.11,,12.93,0.5,2.87,10.75,6.95
301197.SZ,工大科雅,-202.1,117.3,1.44,-1.38,-0.53,-0.55,0.53,21.28,42.64,-5.71,-366.78,7.72,,20.6,0.28,15.2,扣非亏损,亏损
001279.SZ,强邦新材,83.65,,8.07,11.27,11.63,7.22,,0.0,12.42,6.22,,-10.26,,36.54,0.08,,,14.39
000880.SZ,潍柴重机,22.62,28.12,2.15,6.44,7.27,2.0,1.69,36.0,12.09,5.14,7.86,4.42,,64.38,1.1,6.36,4.37,3.11
600307.SH,酒钢宏兴,-4.06,-3.94,1.28,-21.5,-21.17,-3.22,,0.0,4.98,-7.56,-381.86,3.85,,82.76,0.33,扣非亏损,扣非亏损,亏损
831856.BJ,浩淼科技,-216.36,-71.85,2.0,-0.88,-0.7,-0.6,,0.0,15.75,-1.3,-158.26,9.51,,40.55,0.07,扣非亏损,扣非亏损,亏损
603698.SH,航天工程,58.77,47.33,2.99,3.79,3.82,1.77,0.73,30.0,21.71,9.02,32.6,10.84,,37.07,0.21,4.37,12.48,15.38
000020.SZ,深华发A,213.52,209.16,10.64,3.52,3.81,2.76,,0.0,11.99,2.35,31.03,2.27,,42.16,0.05,92.13,118.75,112.08
300241.SZ,瑞丰光电,63.54,746.96,1.77,1.81,2.12,1.83,,0.0,24.56,4.38,203.43,4.41,,35.71,0.09,169.28,825.47,59.94
002729.SZ,好利科技,50.71,73.4,4.46,6.52,6.78,6.15,0.12,28.0,33.08,12.37,391.89,17.22,,16.67,0.05,4.26,11.26,7.48
688266.SH,泽璟制药,-126.74,-78.77,12.69,-7.12,-6.13,-4.59,,0.0,92.96,-28.55,57.02,224.94,,56.09,0.13,扣非亏损,扣非亏损,亏损
603102.SH,百合股份,13.97,14.18,1.37,7.12,7.46,7.14,1.93,28.41,37.94,19.24,-7.79,14.72,0.03,10.12,0.89,0.96,1.99,1.87
301362.SZ,民爆光电,18.44,24.44,1.84,6.39,7.34,6.16,6.09,74.96,31.03,15.01,-9.32,1.1,,15.59,0.7,22.25,3.82,2.51
600765.SH,中航重机,22.96,25.28,2.52,8.09,8.48,4.78,1.41,29.89,31.48,14.17,-6.1,17.18,0.53,51.61,0.13,1.47,3.12,2.71
688597.SH,煜邦电力,29.65,31.16,2.96,5.52,6.5,4.04,0.56,30.24,38.59,10.27,263.04,11.52,,50.16,0.16,2.7,5.64,4.56
836807.BJ,奔朗新材,56.86,65.8,2.12,2.65,2.78,1.85,2.42,85.71,29.42,5.79,-15.63,0.51,0.47,30.58,0.31,130.28,24.86,20.46
688320.SH,禾川科技,-48.88,-49.84,3.75,-6.09,-5.43,-3.94,0.27,31.54,26.98,-13.19,-306.75,27.34,0.23,34.58,0.03,扣非亏损,扣非亏损,亏损
688561.SH,奇安信,-13.94,-233.63,2.43,-13.59,-12.27,-7.43,,0.0,55.82,-43.57,0.24,16.75,17.56,38.94,0.03,扣非亏损,扣非亏损,亏损
000638.SZ,万方发展,93.45,-52.19,9.4,0.3,7.65,3.76,,0.0,10.19,10.24,104.19,48.54,3.46,45.76,0.04,扣非亏损,扣非转亏,24.43
603686.SH,福龙马,24.33,27.89,1.13,3.12,3.46,3.61,2.44,44.64,20.51,4.39,-38.23,-1.88,,44.93,0.2,-14.84,8.95,7.03
601212.SH,白银有色,-55.01,-177.25,1.5,-2.24,-2.04,2.76,0.13,30.91,4.71,0.32,-483.45,12.74,3.13,65.41,0.18,扣非亏损,扣非亏损,亏损
605500.SH,森林包装,16.82,15.77,1.2,5.12,5.43,4.08,1.89,39.47,13.76,7.98,45.24,4.2,,24.36,0.06,3.75,3.08,3.1
603256.SH,宏和科技,700.2,-225.16,5.02,-0.17,0.54,1.32,,0.0,16.45,1.25,95.6,4.66,,44.06,0.04,扣非亏损,扣非亏损,2593.33
002206.SZ,海利得,13.0,14.17,1.36,7.58,7.9,5.01,2.99,50.0,15.68,6.81,1.51,18.35,,45.33,0.27,0.77,1.87,1.65
603079.SH,圣达生物,99.85,-68.02,2.3,0.77,1.73,1.76,0.41,-18.75,20.19,4.5,194.44,-5.64,0.86,26.76,0.06,扣非亏损,扣非转亏,115.44
002196.SZ,方正电机,237796.28,-142.6,1.96,-0.18,0.0,0.66,,0.0,13.46,-0.01,-115.85,31.94,4.56,63.78,0.13,扣非亏损,扣非亏损,inf
001218.SZ,丽臣实业,21.53,22.09,1.0,3.27,3.52,2.33,3.01,60.34,11.42,2.95,-28.08,11.14,,20.05,0.51,1.98,6.75,6.12
002430.SZ,杭氧股份,26.55,25.28,2.69,7.0,7.69,4.35,3.42,64.52,20.41,7.12,-22.18,10.09,2.57,57.63,0.13,2.51,3.61,3.45
300300.SZ,ST峡创,-28.83,-10.33,14.62,-41.25,-32.03,-0.97,,0.0,-8.91,-59.27,2.31,-18.37,,87.65,0.01,扣非亏损,扣非亏损,亏损
300094.SZ,国联水产,-45.09,-12.02,1.92,-3.74,-3.13,-0.83,,0.0,11.64,-3.02,60.77,3.28,,46.36,0.1,扣非亏损,扣非亏损,亏损
605077.SH,华康股份,19.65,18.41,1.66,5.83,5.97,3.37,3.23,42.94,20.89,8.9,-33.48,28.43,11.07,49.11,0.09,0.65,3.16,3.29
002860.SZ,星帅尔,14.68,19.08,1.67,7.77,8.3,5.29,0.77,15.15,18.92,9.8,-19.41,45.92,2.96,43.94,0.17,0.42,2.46,1.77
300352.SZ,北信源,-133.95,-201.58,5.67,-3.17,-3.13,-2.63,,0.0,72.87,-12.95,-1508.92,3.84,3.34,35.51,0.01,扣非亏损,扣非亏损,亏损
300782.SZ,卓胜微,90.64,73.96,5.04,4.14,4.25,3.08,0.16,10.64,40.52,12.62,-49.11,21.46,,25.33,0.02,3.45,17.86,21.33
000626.SZ,远大控股,-30.21,-5.55,1.2,-3.06,-2.93,0.14,,0.0,0.66,-0.08,65.61,14.64,26.25,66.87,0.93,扣非亏损,扣非亏损,亏损
301322.SZ,绿通科技,22.73,22.98,1.34,3.9,4.35,4.05,4.62,38.17,27.76,19.61,-44.76,33.48,,6.5,0.08,0.69,5.89,5.23
600654.SH,中安科,976.42,-4934.02,8.52,-1.74,0.67,0.93,,0.0,15.92,0.53,-73.31,-1.03,19.26,54.41,0.05,扣非亏损,扣非亏损,2914.68
301309.SZ,万得凯,17.98,19.46,1.83,7.6,7.82,6.63,1.07,28.85,23.78,15.53,53.18,8.74,,10.92,0.24,2.23,2.56,2.3
601011.SH,宝泰隆,-14.1,-2.88,0.87,-4.49,-4.51,-2.33,,0.0,-6.06,-25.92,-895.52,12.66,1.03,47.2,0.03,扣非亏损,扣非亏损,亏损
832491.BJ,奥迪威,41.12,50.49,3.79,6.5,7.09,5.83,1.05,35.09,35.16,15.11,1.05,12.81,,13.74,0.09,3.94,7.76,5.8
301293.SZ,三博脑科,68.41,88.13,4.15,3.86,4.44,4.75,0.15,17.59,24.97,11.05,18.28,10.63,1.01,16.44,0.1,8.29,22.81,15.41
301052.SZ,果麦文化,92.61,75.82,3.77,2.58,3.12,2.64,0.22,13.27,47.95,5.41,-53.86,11.16,,21.47,0.12,6.79,29.34,29.68
603080.SH,新疆火炬,13.93,17.66,1.62,8.94,9.0,6.97,2.82,49.47,27.06,13.59,4.82,18.57,13.51,28.97,0.09,0.95,1.98,1.55
688349.SH,三一重能,40.98,25.22,2.98,4.82,5.35,1.88,2.06,35.11,15.53,7.55,-18.61,17.13,,66.09,0.96,1.47,5.23,7.66
601200.SH,上海环境,17.19,20.46,1.03,4.52,4.6,3.21,1.11,20.53,29.95,14.07,7.82,15.42,0.12,55.63,0.08,1.33,4.52,3.74
000032.SZ,深桑达A,-125.31,315.83,3.49,-5.44,-2.02,0.99,0.52,37.97,9.13,0.07,-0.47,21.2,1.23,82.56,0.76,14.9,扣非亏损,亏损
688573.SH,信宇人,-20.48,-66.31,2.3,-8.51,-7.85,-3.62,0.67,27.78,23.13,-25.88,-450.54,6.71,,61.44,0.25,扣非亏损,扣非亏损,亏损
000839.SZ,中信国安,66.12,-61.53,9.62,-5.03,11.36,4.8,,0.0,14.8,7.76,3.97,8.23,,88.2,0.02,扣非亏损,扣非亏损,11.64
000892.SZ,欢瑞世纪,-42.01,-8.06,2.83,-4.98,-4.97,-4.37,,0.0,70.46,-35.81,-240.38,39.92,,40.52,0.23,扣非亏损,扣非亏损,亏损
300752.SZ,隆利科技,41.64,47.56,3.72,6.04,6.91,4.69,,0.0,20.57,8.19,493.58,-18.83,,38.91,0.14,-2.53,15.74,12.05
601900.SH,南方传媒,18.37,15.79,1.62,6.86,6.57,4.58,4.16,36.99,33.99,9.4,-11.35,6.7,0.21,50.08,0.15,2.36,2.3,2.8
301386.SZ,未来电器,34.61,40.88,2.04,3.36,4.34,4.08,5.11,104.17,27.21,16.84,-27.04,6.77,,10.94,0.38,6.03,12.16,7.97
600489.SH,中金黄金,17.73,17.81,2.34,9.96,9.93,7.77,4.04,65.9,15.4,7.06,24.84,8.65,1.64,42.47,0.13,2.06,1.79,1.79
605001.SH,威奥股份,157.03,40.87,0.9,0.31,0.42,1.24,2.99,30.77,29.5,1.26,111.52,10.17,16.82,42.61,0.17,4.02,132.56,373.88
000409.SZ,云鼎科技,55.38,67.76,4.0,4.36,5.56,3.58,,0.0,32.91,11.66,79.44,14.27,9.36,30.1,0.21,4.75,31.06,19.92
688319.SH,欧林生物,783.45,-264.98,4.62,-0.04,0.44,0.66,0.24,87.76,94.72,-0.02,-101.75,18.4,,46.07,0.05,扣非亏损,扣非亏损,1780.57
603055.SH,台华新材,12.8,16.54,2.18,11.18,13.28,7.17,1.33,32.0,24.01,11.93,110.85,30.48,,57.0,0.09,0.54,1.48,0.96
002442.SZ,龙星化工,17.41,21.65,1.45,6.07,6.36,3.87,1.75,52.72,9.8,3.59,8.72,25.36,,56.55,0.07,0.85,3.57,2.74
300981.SZ,中红医疗,91.59,-37.42,1.11,-0.0,0.89,0.56,3.12,-147.06,12.86,2.99,99.61,-10.45,5.12,22.01,0.25,扣非亏损,23386.59,205.83
002606.SZ,大连电瓷,20.68,30.87,2.55,8.28,9.62,6.91,0.16,10.83,34.11,14.95,430.68,2.04,4.86,40.7,0.09,15.11,3.73,2.15
300494.SZ,盛天网络,1878.75,-309.22,3.6,-0.37,0.14,-0.7,0.22,10.11,15.11,0.29,-103.67,17.42,18.63,8.03,0.1,扣非亏损,扣非亏损,13419.66
002872.SZ,ST天圣,-29.98,-20.97,0.71,-2.87,-1.75,-1.17,,0.0,44.92,-9.22,36.25,-20.3,,25.79,0.25,扣非亏损,扣非亏损,亏损
600212.SH,绿能慧充,-1483.86,-579.76,12.1,-1.06,-0.58,-0.61,,0.0,29.4,-0.68,-154.34,44.26,11.42,58.18,0.06,扣非亏损,扣非亏损,亏损
600642.SH,申能股份,9.35,11.54,1.17,8.31,9.44,5.6,6.23,56.34,19.36,17.59,18.63,13.69,,54.24,0.35,0.84,1.39,0.99
300364.SZ,中文在线,-75.43,-136.71,18.18,-18.26,-16.34,-9.99,,0.0,30.24,-23.12,-92.08,13.49,10.98,37.86,0.01,扣非亏损,扣非亏损,亏损
002218.SZ,拓日新能,124.21,352.59,1.22,1.01,0.74,1.7,0.44,125.0,24.56,2.77,-2.77,-5.75,0.32,39.05,0.14,-61.34,349.55,167.86
600512.SH,腾达建设,18.81,36.07,0.62,2.67,2.49,1.3,0.81,66.67,11.2,6.29,-17.89,-9.59,,41.37,0.57,-3.76,13.49,7.56
002906.SZ,华阳集团,27.47,27.82,2.72,7.37,7.56,4.97,0.99,37.23,21.49,6.85,61.31,28.4,0.77,43.77,0.06,0.98,3.77,3.63
600025.SH,华能水电,17.94,22.75,2.98,10.22,9.86,5.53,2.09,45.0,59.83,40.03,7.07,3.02,,61.94,0.02,7.52,2.23,1.82
600900.SH,长江电力,17.92,19.68,3.18,13.59,13.54,7.29,3.51,73.66,61.19,42.78,30.42,1.1,0.51,61.04,0.01,17.95,1.45,1.32
871263.BJ,莱赛激光,1561.14,1947.78,4.72,-0.71,0.22,-0.32,1.22,53.19,24.28,0.73,-113.16,-4.57,,16.03,0.28,-426.54,转盈,7096.07
002184.SZ,海得控制,-27.74,-34.16,3.26,-9.93,-8.17,-4.72,0.65,30.0,14.82,-11.94,-247.77,16.61,1.2,57.88,0.18,扣非亏损,扣非亏损,亏损
688050.SH,爱博医疗,41.09,49.11,7.47,13.65,14.08,11.56,0.28,16.96,67.61,28.28,27.41,52.19,5.22,25.34,0.02,0.94,3.6,2.92
688480.SH,赛恩斯,14.58,25.16,2.67,8.16,14.13,9.65,1.29,52.63,35.32,25.19,78.16,32.64,15.18,37.96,0.1,0.77,3.08,1.03
605266.SH,健之佳,30.72,18.34,1.49,3.44,3.53,2.26,2.16,39.78,36.19,1.46,-64.28,27.2,89.53,74.25,0.2,0.67,5.34,8.7
300528.SZ,幸福蓝海,-37.44,-20.72,5.34,-13.19,-10.16,-1.77,,0.0,9.77,-12.93,-454.21,35.73,1.38,70.68,0.09,扣非亏损,扣非亏损,亏损
688350.SH,富淼科技,52.33,811.2,1.2,1.06,1.59,0.94,1.5,112.73,13.53,1.51,-53.47,13.82,1.89,39.73,0.19,58.68,764.06,32.91
002671.SZ,龙泉股份,24.41,27.29,1.54,4.68,4.82,3.5,,0.0,30.68,10.24,1020.69,16.0,6.47,40.9,0.2,1.71,11.67,10.13
600278.SH,东方创业,27.44,49.19,0.91,2.37,2.52,1.72,1.33,30.02,4.9,0.94,-5.03,-6.62,0.0,55.41,0.65,-7.43,20.73,10.89
001255.SZ,博菲电气,177.96,-1355.01,4.06,1.27,1.67,1.36,0.24,20.98,25.55,5.26,-76.83,-0.7,0.64,32.35,0.08,扣非亏损,扣非转亏,106.57
300739.SZ,明阳电路,96.8,141.6,2.29,1.05,1.76,1.65,1.31,58.82,21.8,2.81,-71.9,10.67,0.22,42.73,0.06,13.27,134.47,55.0
601116.SH,三江购物,34.44,42.11,1.74,3.09,3.8,2.29,1.84,79.55,26.73,4.08,15.4,-3.65,,36.3,0.41,-11.54,13.61,9.07
301398.SZ,星源卓镁,51.68,57.97,3.57,4.79,5.23,5.15,0.71,35.0,33.72,19.47,-0.81,26.53,,8.35,0.11,2.18,12.1,9.88
688479.SH,友车科技,34.22,51.07,1.43,2.02,3.11,2.42,2.14,55.56,34.55,13.97,-42.6,15.75,,10.71,0.3,3.24,25.29,11.0
688049.SH,炬芯科技,53.99,81.6,2.77,2.63,3.91,2.25,0.53,37.74,47.13,15.2,31.23,10.81,,11.24,0.33,7.55,31.01,13.81
002231.SZ,奥维通信,-82.7,-38.03,6.69,-7.55,-5.89,-3.14,,0.0,2.96,-4.49,-85.54,19.64,,40.22,0.03,扣非亏损,扣非亏损,亏损
002160.SZ,常铝股份,59.12,46.99,1.1,1.32,1.41,1.86,,0.0,11.8,0.87,268.79,17.53,14.44,55.36,0.2,2.68,71.08,83.86
603303.SH,得邦照明,16.2,19.41,1.61,6.77,8.98,3.97,2.59,42.29,19.99,7.82,-3.68,2.05,,47.22,0.57,9.45,2.87,1.81
688362.SH,甬矽电子,200.11,-456.44,4.57,-1.07,1.73,1.27,,0.0,17.48,1.09,83.94,63.49,,70.89,0.26,扣非亏损,扣非亏损,231.34
000592.SZ,平潭发展,162.43,-18.89,2.41,1.06,1.1,1.35,,0.0,9.99,3.59,82.61,2.75,2.27,43.45,0.04,扣非亏损,扣非转亏,295.33
002590.SZ,万安科技,38.59,44.41,2.69,4.89,6.18,2.89,,0.0,17.53,4.84,235.4,16.65,,50.09,0.17,2.67,18.17,12.49
688619.SH,罗普特,-13.45,-12.14,1.74,-9.91,-9.21,-5.95,,0.0,15.97,-86.25,-844.16,48.05,0.12,38.21,0.06,扣非亏损,扣非亏损,亏损
301040.SZ,中环海陆,-18.02,-14.18,1.83,-7.68,-6.69,-3.27,,0.0,-2.58,-15.27,-13057.94,-15.06,,40.41,0.23,扣非亏损,扣非亏损,亏损
600630.SH,龙头股份,80.59,172.57,5.39,2.54,5.16,3.5,0.08,30.0,31.5,3.22,287.22,-17.98,,53.36,0.09,-9.6,67.97,15.62
300376.SZ,ST易事特,31.27,55.4,1.23,2.01,2.92,2.58,0.77,20.42,32.95,9.31,-66.9,4.82,0.24,40.53,0.21,11.5,27.62,10.71
000663.SZ,永安林业,-37.96,-565.56,1.85,-4.57,-3.61,-2.28,,0.0,7.83,-17.66,-136.73,9.41,,26.95,0.09,扣非亏损,扣非亏损,亏损
600195.SH,中牧股份,65.26,171.75,1.3,1.42,1.25,1.43,1.0,30.15,17.23,1.9,-75.24,2.98,0.65,27.77,0.09,57.56,121.0,52.2
603220.SH,中贝通信,50.6,52.79,5.03,7.28,7.28,3.4,0.44,34.81,20.36,6.63,46.42,12.05,7.52,72.48,0.04,4.38,7.25,6.95
300740.SZ,水羊股份,39.97,27.16,2.52,5.18,4.49,3.99,0.6,13.16,63.09,3.22,-44.82,8.09,14.16,49.01,0.06,3.36,5.24,8.9
600200.SH,江苏吴中,115.05,-119.73,3.85,1.51,2.55,2.49,,0.0,34.54,2.86,284.33,6.51,6.59,54.98,0.2,扣非亏损,扣非转亏,90.24
830809.BJ,安达科技,-5.98,-5.33,2.13,-24.26,-23.82,-11.47,,0.0,-11.32,-47.73,-36.66,621.35,,59.02,0.16,扣非亏损,扣非亏损,亏损
600883.SH,博闻科技,20.7,24.56,1.68,4.79,6.26,5.69,0.59,12.28,6.46,280.54,-32.59,27.95,,5.45,0.02,0.88,5.12,3.3
300052.SZ,中青宝,-104.01,-54.38,11.35,-8.32,-7.9,-3.23,,0.0,21.85,-19.79,-177.2,0.85,,45.67,0.01,扣非亏损,扣非亏损,亏损
300553.SZ,集智股份,125.94,179.57,3.23,1.84,1.92,0.2,0.2,17.5,44.21,2.98,-30.59,16.54,,45.71,0.2,10.85,97.81,65.59
603919.SH,金徽酒,24.1,27.34,3.27,10.23,10.19,8.85,1.58,59.85,64.14,14.12,23.05,14.15,0.03,24.45,0.07,1.93,2.67,2.37
300123.SZ,亚光科技,-63.47,-16.32,2.89,-5.39,-3.36,0.94,,0.0,28.36,-9.09,-93.69,-4.0,51.05,56.78,0.04,扣非亏损,扣非亏损,亏损
000803.SZ,山高环能,-150.93,-34.81,1.69,-1.61,-0.83,1.68,,0.0,18.52,-1.97,-227.39,90.76,41.59,72.75,0.06,扣非亏损,扣非亏损,亏损
300811.SZ,铂科新材,36.59,41.2,6.36,13.7,14.03,13.01,0.38,15.5,40.63,23.23,55.41,33.88,,22.11,0.02,1.22,3.01,2.61
688737.SH,中自科技,-111.05,-47.54,1.14,-2.29,-0.75,-0.5,,0.0,9.54,-1.21,-466.12,42.97,,31.87,0.05,扣非亏损,扣非亏损,亏损
600266.SH,城建发展,16.76,-116.62,0.6,-0.82,1.94,0.78,2.07,64.14,16.18,3.34,-145.16,19.52,,79.9,0.81,扣非亏损,扣非亏损,8.64
002918.SZ,蒙娜丽莎,19.04,133.18,1.09,3.53,4.02,2.65,2.22,46.88,27.59,3.99,-63.79,9.28,0.21,57.4,0.68,14.35,37.73,4.74
002589.SZ,瑞康医药,92.48,-49.58,0.87,0.15,0.71,1.06,0.4,96.3,13.06,0.86,107.88,-32.98,2.57,65.25,1.08,扣非亏损,扣非转亏,130.25
300482.SZ,万孚生物,20.86,26.06,2.26,7.76,8.41,8.1,1.33,36.36,63.43,20.16,14.88,12.42,2.0,17.53,0.03,2.1,3.36,2.48
688291.SH,金橙子,57.02,69.35,2.3,2.18,2.82,2.28,0.35,24.39,57.86,16.93,10.03,19.56,1.01,5.95,0.24,3.55,31.8,20.22
002159.SZ,三特索道,13.3,18.39,2.0,12.05,11.78,13.07,1.44,30.56,61.93,29.99,9.59,48.94,7.04,21.18,0.16,0.38,1.53,1.13
603767.SH,中马传动,57.64,64.46,2.67,3.39,3.45,2.68,1.3,83.33,19.0,7.17,-22.04,2.11,,15.04,0.11,30.6,19.02,16.71
300727.SZ,润禾材料,36.79,42.07,3.84,6.85,7.47,5.31,0.69,31.25,24.26,7.03,11.37,19.42,,43.96,0.1,2.17,6.14,4.92
835174.BJ,五新隧装,19.41,17.63,3.23,12.42,13.27,9.52,1.5,16.48,36.67,15.56,-17.57,35.98,,33.25,0.09,0.49,1.42,1.46
002172.SZ,澳洋健康,45.88,72.2,17.85,31.65,34.16,3.84,,0.0,13.72,2.64,18.21,-9.16,8.88,94.13,0.16,-7.88,4.56,2.69
002243.SZ,力合科创,57.78,147.15,1.46,1.0,1.89,1.17,1.13,33.11,20.09,4.98,-32.12,6.96,1.55,48.93,0.11,21.14,147.74,30.57
001314.SZ,亿道信息,218.55,175.4,2.98,0.53,1.02,0.05,0.46,34.5,15.06,0.88,-85.69,17.61,,38.65,0.48,9.96,328.28,214.27
002766.SZ,索菱股份,85.27,89.86,6.6,5.32,6.03,2.56,,0.0,22.11,4.21,133.77,11.68,0.53,40.73,0.09,7.69,33.77,28.28
603838.SH,四通股份,-181.32,-47.03,1.99,-2.33,-0.82,-0.68,,0.0,11.52,-4.05,37.29,-9.91,,4.79,0.14,扣非亏损,扣非亏损,亏损
300634.SZ,彩讯股份,36.81,50.75,3.54,7.01,7.43,5.25,0.82,23.01,40.4,15.84,1.04,26.65,0.61,19.42,0.11,1.9,7.24,4.95
603920.SH,世运电路,34.84,37.97,4.24,10.8,9.88,7.29,2.74,53.76,23.55,12.54,27.86,22.7,0.16,34.39,0.08,1.67,3.52,3.53
300204.SZ,舒泰神,-299.21,-16.16,3.62,-1.3,-0.91,-0.72,,0.0,81.8,-3.59,92.94,-0.76,1.91,19.56,0.01,扣非亏损,扣非亏损,亏损
605089.SH,味知香,34.62,33.69,2.6,5.34,5.59,4.91,1.92,71.43,25.23,13.26,-36.79,9.12,,7.37,0.09,3.7,6.31,6.19
600966.SH,博汇纸业,36.36,16.02,1.07,1.77,2.22,2.17,0.47,20.01,10.72,1.07,156.42,10.34,,71.02,0.54,1.55,9.03,16.38
300388.SZ,节能国祯,14.46,12.05,1.14,6.69,6.04,3.21,2.02,22.56,29.34,10.04,31.11,2.66,3.24,71.9,0.23,4.53,1.8,2.39
600536.SH,中国软件,-105.06,-247.57,21.77,-15.76,-15.76,-3.79,,0.0,44.79,-12.05,48.59,0.87,0.05,64.16,0.03,扣非亏损,扣非亏损,亏损
688108.SH,赛诺医疗,-476.32,-146.19,5.0,-3.41,-0.8,-0.33,,0.0,61.29,-1.68,41.65,12.19,6.61,29.78,0.05,扣非亏损,扣非亏损,亏损
600106.SH,重庆路桥,53.35,58.99,1.84,2.88,2.6,2.29,0.72,30.0,91.79,148.92,-14.71,-16.16,,28.68,0.15,-3.65,20.52,20.52
688620.SH,安凯微,-124.93,-155.19,2.52,-1.8,-1.48,-3.58,0.25,37.5,18.49,-6.05,-738.17,34.01,,13.8,0.1,扣非亏损,扣非亏损,亏损
600629.SH,华建集团,23.45,24.12,1.54,4.52,4.96,1.73,2.71,31.11,22.54,4.81,19.33,2.2,0.45,63.79,0.31,10.98,5.33,4.73
832225.BJ,利通科技,19.22,17.79,2.77,10.5,11.22,9.68,0.94,15.87,41.62,20.76,-31.6,19.56,,22.17,0.1,0.91,1.69,1.71
601128.SH,常熟银行,5.75,6.11,0.83,11.24,11.22,,3.91,20.83,,38.35,18.56,14.47,0.06,91.83,,0.42,0.54,0.51
600372.SH,中航机载,39.16,55.84,1.7,2.69,3.29,2.0,1.85,28.83,26.19,7.98,-25.62,10.27,0.06,47.99,0.18,5.44,20.75,11.9
002695.SZ,煌上煌,41.52,173.14,1.57,2.29,2.83,2.64,1.72,145.16,33.64,5.35,-26.8,-7.39,1.2,15.13,0.33,-23.43,75.64,14.67
603755.SH,日辰股份,33.71,36.99,3.4,7.39,7.69,6.66,0.94,0.0,38.49,18.31,35.38,12.07,,27.6,0.03,3.06,10.01,8.77
831726.BJ,朱老六,85.05,155.96,4.49,3.79,4.02,4.48,1.87,23.15,25.04,10.48,-27.63,-0.88,,8.59,0.09,-176.38,41.12,21.16
601816.SH,京沪高铁,20.74,21.9,1.39,5.07,5.05,5.15,2.27,47.47,48.17,30.84,12.29,30.83,,21.38,0.03,0.71,4.32,4.11
603067.SH,振华股份,13.9,14.91,2.21,12.55,12.43,9.71,1.8,24.73,25.47,12.16,23.63,52.29,2.25,36.53,0.06,0.29,1.19,1.12
603568.SH,伟明环保,13.19,14.88,2.95,17.09,17.76,10.36,1.56,20.66,47.64,35.98,33.17,24.1,,46.68,0.06,0.62,0.87,0.74
000651.SZ,格力电器,8.21,8.15,1.91,17.41,17.8,6.29,7.4,45.59,30.21,14.46,10.14,6.74,1.26,65.05,0.47,1.21,0.47,0.46
603138.SH,海量数据,-77.79,-79.43,5.47,-6.28,-5.78,-5.38,,0.0,38.5,-17.14,44.25,-11.84,0.06,23.17,0.07,扣非亏损,扣非亏损,亏损
603826.SH,坤彩科技,183.9,231.5,7.79,2.8,3.17,2.8,0.17,55.74,32.4,8.16,-14.6,4.01,,60.59,0.0,57.79,82.8,58.01
002429.SZ,兆驰股份,12.79,13.59,1.49,8.6,8.95,6.02,1.9,30.29,16.32,9.01,17.28,-2.48,3.56,46.73,0.17,-5.48,1.58,1.43
603662.SH,柯力传感,46.71,66.08,4.56,6.19,7.42,6.0,0.92,30.18,43.32,23.68,3.67,9.13,8.76,31.6,0.01,7.24,10.68,6.3
000056.SZ,皇庭国际,-9.12,-5.5,4.34,-30.95,-30.29,2.69,,0.0,59.88,-51.19,19.93,24.87,19.23,91.87,0.04,扣非亏损,扣非亏损,亏损
002859.SZ,洁美科技,40.13,36.7,3.3,5.84,5.96,3.71,0.8,33.9,36.5,13.2,1.82,7.1,0.69,49.95,0.05,5.17,6.28,6.73
603232.SH,格尔软件,-61.49,320.54,2.32,-3.8,-2.76,-2.4,0.44,37.5,46.27,-11.76,29.17,10.14,,16.73,0.06,31.61,扣非亏损,亏损
301133.SZ,金钟股份,28.7,27.24,2.58,6.01,6.19,4.14,0.54,17.44,24.81,8.11,4.36,32.77,,43.78,0.32,0.83,4.53,4.64
688037.SH,芯源微,143.85,454.14,8.17,1.63,4.37,2.85,0.15,10.99,42.46,9.51,-77.97,81.02,,49.59,0.06,5.61,278.15,32.92
000815.SZ,美利云,-591.69,-519.12,4.22,-0.5,-0.53,0.32,,0.0,11.74,-1.2,69.09,-2.12,,30.25,0.01,扣非亏损,扣非亏损,亏损
300111.SZ,向日葵,1074.54,8755.51,5.86,0.28,0.41,-0.65,,0.0,23.91,2.18,113.13,5.78,,19.83,0.16,1515.02,63537.79,5241.67
300541.SZ,先进数通,123.73,63.49,3.3,1.96,1.99,1.45,0.78,24.0,16.88,2.16,-67.76,-14.54,,35.1,0.07,-4.37,32.4,62.17
300040.SZ,九洲集团,39.39,-153.53,1.35,0.61,2.5,2.85,1.25,43.75,31.65,8.11,-67.06,-1.47,2.09,59.05,0.04,扣非亏损,扣非转亏,15.76
003031.SZ,中瓷电子,49.5,53.21,4.16,5.41,6.43,5.77,0.44,19.21,34.44,22.5,106.17,19.82,0.1,19.98,0.29,2.69,9.84,7.7
603213.SH,镇洋发展,19.02,16.0,2.1,7.94,8.32,6.49,2.61,49.47,13.43,7.42,2.95,26.97,,42.14,0.04,0.59,2.02,2.29
300909.SZ,汇创达,43.89,42.91,2.24,3.66,3.86,3.08,0.48,26.32,26.39,7.23,56.01,33.27,8.1,28.55,0.08,1.29,11.72,11.37
002141.SZ,*ST贤丰,717.8,-14.26,1.81,-2.32,0.16,-0.89,,0.0,44.98,-8.8,52.71,-25.76,7.76,16.2,0.06,扣非亏损,扣非亏损,8972.5
000762.SZ,西藏矿业,65.12,74.01,4.42,4.6,5.18,2.54,2.03,32.26,49.71,32.12,54.22,82.54,,45.74,0.11,0.9,16.08,12.57
300703.SZ,创源股份,21.4,25.91,2.02,6.79,7.08,4.78,1.33,35.52,30.58,5.33,-8.14,8.56,2.85,49.22,0.23,3.03,3.82,3.02
301365.SZ,矩阵股份,44.26,220.04,1.47,1.77,2.52,1.53,1.12,89.47,37.18,11.67,-19.48,0.35,0.04,12.22,1.15,636.8,124.35,17.57
002026.SZ,山东威达,15.75,20.37,1.18,4.94,5.66,4.28,1.18,32.43,24.21,12.46,64.87,7.79,0.09,26.58,0.3,2.62,4.12,2.78
600428.SH,中远海特,9.6,14.36,1.27,8.57,10.19,6.32,4.63,50.0,20.66,11.35,46.93,20.72,,60.27,0.14,0.69,1.68,0.94
300475.SZ,香农芯创,28.74,23.63,4.73,15.08,12.88,8.58,0.49,19.76,5.19,2.13,213.08,1136.04,35.88,68.77,0.07,0.02,1.57,2.23
600416.SH,湘电股份,81.16,175.65,2.45,1.85,2.29,1.37,,0.0,17.3,4.76,-32.78,-1.34,,48.31,0.09,-131.44,190.09,70.88
688500.SH,慧辰股份,-31.68,-17.77,3.52,-7.59,-8.01,-7.01,,0.0,28.87,-23.82,-64.85,11.73,0.56,30.61,0.09,扣非亏损,扣非亏损,亏损
300154.SZ,瑞凌股份,16.48,53.89,1.79,3.08,7.88,6.5,2.7,90.91,21.76,17.58,-32.0,33.7,0.4,29.66,0.38,1.6,17.5,2.09
688260.SH,昀冢科技,-20.95,-11.27,8.54,-46.08,-26.44,-4.2,,0.0,16.21,-20.9,-93.03,-1.23,,85.79,0.02,扣非亏损,扣非亏损,亏损
300910.SZ,瑞丰新材,20.05,21.66,4.26,15.15,16.07,14.62,2.83,49.43,36.08,21.83,11.2,66.6,,21.21,0.07,0.33,1.43,1.25
688512.SH,慧智微,-14.94,-13.31,3.06,-15.62,-14.52,-12.95,,0.0,1.13,-77.78,1.11,57.37,,15.56,0.24,扣非亏损,扣非亏损,亏损
002014.SZ,永新股份,15.43,16.0,2.59,11.8,12.98,9.27,6.59,82.09,22.96,12.09,2.54,7.33,,38.29,0.13,2.18,1.36,1.19
603006.SH,联明股份,54.33,75.05,2.42,2.75,4.26,2.03,2.17,68.29,22.24,8.19,-50.52,0.7,,20.66,0.09,107.58,27.29,12.75
301353.SZ,普莱得,27.95,34.33,1.64,3.75,4.37,3.71,0.93,26.09,29.03,8.22,-17.61,25.88,0.16,13.95,0.72,1.33,9.17,6.4
600302.SH,标准股份,-27.26,-9.55,2.3,-7.19,-6.2,-4.08,,0.0,16.53,-15.71,30.03,-17.94,,37.28,0.05,扣非亏损,扣非亏损,亏损
003043.SZ,华亚智能,48.74,55.23,2.58,4.85,5.52,3.39,0.5,22.73,30.11,16.11,-4.74,11.73,16.07,36.72,0.26,4.71,11.38,8.83
301559.SZ,中集环科,41.54,39.4,2.18,3.91,3.88,3.19,6.81,40.18,16.78,7.55,-67.99,8.81,,15.47,1.39,4.47,10.08,10.71
600623.SH,华谊集团,19.24,23.22,0.68,2.28,2.68,2.3,2.02,30.95,8.01,2.63,34.06,14.77,0.23,56.15,1.15,1.57,10.2,7.18
301238.SZ,瑞泰新材,68.06,65.69,1.88,2.05,2.08,1.58,1.14,31.25,20.5,10.67,-61.66,55.06,,23.77,0.34,1.19,32.05,32.72
603488.SH,展鹏科技,-139.52,-548.71,2.66,-1.97,-1.36,-1.54,1.96,71.43,15.77,-8.08,-147.79,7.64,26.27,30.93,0.05,扣非亏损,扣非亏损,亏损
300281.SZ,金明精机,133.99,-233.04,2.0,0.12,1.12,0.9,0.33,125.0,16.13,3.88,180.57,4.76,,14.73,0.02,扣非亏损,扣非转亏,119.63
301251.SZ,威尔高,72.78,99.35,3.06,2.64,3.19,1.72,0.37,16.34,20.19,6.38,-35.64,-2.27,,36.03,0.47,-43.83,37.63,22.82
600784.SH,鲁银投资,11.92,16.22,1.3,8.25,8.46,6.18,0.98,15.38,25.1,10.24,0.1,10.91,0.54,38.03,0.1,1.49,1.97,1.41
000555.SZ,神州信息,-72.47,437.91,1.89,-2.2,-1.92,-1.45,0.28,14.95,13.61,-2.7,-390.91,4.14,23.16,52.02,0.07,105.86,扣非亏损,亏损
601066.SH,中信建投,38.3,38.78,2.96,4.29,4.71,,1.06,32.05,,30.08,-33.31,1.51,,81.75,1.16,25.71,9.03,8.13
688077.SH,大地熊,72.95,1277.24,2.61,1.19,2.54,1.12,0.75,-47.37,14.54,2.63,129.53,35.7,0.67,56.43,0.07,35.77,2147.35,57.44
300166.SZ,东方国信,377.8,-19.06,1.76,-0.43,0.34,-0.2,,0.0,34.69,1.19,-139.52,5.02,4.41,20.99,0.06,扣非亏损,扣非亏损,2222.34
870204.BJ,沪江材料,91.52,95.84,5.69,4.43,4.72,4.13,0.88,31.71,31.65,9.98,6.9,8.59,,22.18,0.04,11.15,21.65,19.39
000428.SZ,华天酒店,-22.53,-13.5,2.06,-7.74,-6.72,-1.41,,0.0,22.81,-31.95,-9.3,13.39,,75.78,0.04,扣非亏损,扣非亏损,亏损
002875.SZ,安奈儿,-27.84,-28.31,3.88,-10.21,-9.93,-6.19,,0.0,51.25,-17.41,2.63,-13.55,,32.27,0.21,扣非亏损,扣非亏损,亏损
688259.SH,创耀科技,74.62,94.52,3.09,2.36,3.11,1.35,0.38,35.62,28.8,10.96,20.96,74.05,,22.29,0.02,1.28,40.13,23.99
300256.SZ,星星科技,-63.84,-26.65,9.03,-9.92,-8.65,-6.42,,0.0,10.41,-15.0,44.3,-35.65,0.0,42.55,0.06,扣非亏损,扣非亏损,亏损
688089.SH,嘉必优,32.8,42.19,2.4,4.37,5.53,5.72,1.12,37.04,39.78,20.96,59.71,11.46,,7.4,0.03,3.68,9.66,5.93
300922.SZ,天秦装备,66.15,63.25,2.72,3.04,3.11,2.6,0.88,71.43,37.59,18.11,71.94,-9.81,,8.14,0.19,-6.45,20.8,21.27
603386.SH,骏亚科技,-194.99,-76.08,2.6,-2.18,-0.99,-0.23,0.62,40.95,15.78,-0.86,-145.46,6.9,29.65,57.4,0.01,扣非亏损,扣非亏损,亏损
688053.SH,思科瑞,-2999.42,-209.61,1.62,-0.22,-0.04,-0.38,0.62,72.09,41.54,-2.91,-107.61,7.93,0.15,6.03,0.18,扣非亏损,扣非亏损,亏损
603225.SH,新凤鸣,17.33,21.53,1.04,3.78,4.39,2.67,1.8,35.42,5.61,1.52,-13.6,18.51,,68.32,0.64,1.16,5.69,3.95
300005.SZ,探路者,51.59,6913.93,3.35,4.41,4.98,3.5,0.36,29.34,48.89,7.69,159.51,16.66,11.4,25.36,0.09,414.92,1568.21,10.36
600611.SH,大众交通,68.38,209.84,2.11,1.37,2.33,2.32,1.68,35.71,23.21,12.53,-21.65,29.27,4.49,47.4,0.19,7.17,153.0,29.35
300463.SZ,迈克生物,23.52,26.56,1.35,4.51,4.33,3.99,1.02,29.99,57.19,14.54,6.05,-7.21,2.19,19.35,0.12,-3.68,5.88,5.43
300715.SZ,凯伦股份,-66.45,-24.93,1.25,-2.16,-1.36,-0.05,1.11,216.67,23.54,-1.89,-251.84,14.24,,62.99,0.47,扣非亏损,扣非亏损,亏损
000635.SZ,英力特,-7.54,-5.47,1.92,-17.81,-17.52,-8.96,,0.0,-9.99,-18.74,48.74,-2.58,,49.1,0.01,扣非亏损,扣非亏损,亏损
002736.SZ,国信证券,17.57,17.81,1.36,4.32,4.74,,3.16,50.0,,39.76,0.33,0.84,0.01,76.39,0.91,21.11,4.12,3.71
688718.SH,唯赛勃,51.64,65.84,2.68,3.35,3.86,3.27,0.77,43.55,34.99,9.99,-24.9,8.96,,11.72,0.03,7.35,19.63,13.38
300129.SZ,泰胜风能,36.88,41.24,1.67,3.15,3.43,2.51,0.46,15.98,16.55,5.23,-34.94,14.0,0.35,50.13,0.17,2.95,13.1,10.75
603808.SH,歌力思,111.88,-95.75,1.13,0.46,0.75,2.64,2.62,82.76,68.2,2.85,-89.59,14.5,6.53,30.51,0.17,扣非亏损,扣非转亏,149.18
300293.SZ,蓝英装备,-2880.51,-321.62,10.38,-0.23,-0.27,0.78,,0.0,28.17,-0.26,79.01,8.0,33.67,55.04,0.02,扣非亏损,扣非亏损,亏损
000737.SZ,北方铜业,22.67,25.66,3.15,10.92,10.74,5.95,1.72,28.65,7.4,3.01,4.74,3.78,,67.86,0.19,6.79,2.35,2.11
836414.BJ,欧普泰,-1037.9,1036.74,4.38,-0.96,-0.31,-0.2,0.26,8.9,38.98,-1.37,-113.95,24.77,,15.28,0.07,41.86,扣非亏损,亏损
002943.SZ,宇晶股份,99.42,122.23,3.33,1.8,2.46,1.4,1.43,55.36,23.51,2.68,-74.28,54.4,0.53,61.79,0.08,2.25,68.0,40.42
603683.SH,晶华新材,29.41,34.06,1.98,4.34,5.14,3.88,0.23,10.71,17.35,5.05,60.1,15.29,1.48,46.4,0.06,2.23,7.84,5.72
000567.SZ,海德股份,22.39,25.32,2.86,9.0,9.35,7.76,4.0,65.1,98.93,58.89,-15.86,62.98,0.12,44.41,0.01,0.4,2.81,2.39
688157.SH,松井股份,56.28,58.57,4.09,5.0,5.44,5.02,0.41,30.14,50.12,13.44,37.06,11.07,0.78,21.1,0.04,5.29,11.72,10.35
002838.SZ,道恩股份,44.71,49.65,1.96,2.7,3.2,2.75,0.51,20.97,11.2,2.92,3.4,0.99,1.23,43.75,0.08,50.16,18.36,13.97
601995.SH,中金公司,45.83,39.19,1.95,2.66,2.64,,0.47,15.82,,21.26,-37.78,0.69,1.49,83.35,1.21,57.08,14.73,17.36
002153.SZ,石基信息,976.84,-179.09,2.82,0.16,0.22,-0.69,0.1,-25.0,46.98,1.87,123.91,-5.48,14.7,14.86,0.34,扣非亏损,扣非转亏,8880.35
603018.SH,华设集团,19.74,10.82,1.24,4.58,4.67,2.13,4.08,30.69,37.16,8.48,-33.32,0.24,2.05,59.09,0.21,45.16,2.36,4.23
002598.SZ,山东章鼓,20.33,28.58,2.26,7.34,8.05,4.51,0.96,29.28,31.09,7.09,0.02,22.56,3.66,50.83,0.08,1.27,3.89,2.53
003006.SZ,百亚股份,37.38,44.0,8.5,16.24,17.26,14.56,3.63,98.21,54.88,10.26,31.76,20.05,0.01,27.68,0.03,2.19,2.71,2.17
600874.SH,创业环保,10.59,12.01,1.0,6.66,7.26,4.47,2.99,30.18,37.26,21.62,2.94,12.57,1.4,58.11,0.37,0.96,1.8,1.46
600037.SH,歌华有线,-633.22,-174.57,0.8,-0.18,-0.09,-0.77,0.35,-21.79,9.47,-0.77,-144.43,-1.85,0.01,18.14,0.7,扣非亏损,扣非亏损,亏损
688041.SH,海光信息,145.34,166.35,14.91,7.66,7.88,8.11,0.16,20.39,65.63,34.33,76.87,88.4,,18.63,0.08,1.88,21.73,18.44
002712.SZ,思美传媒,-364.74,-20.98,2.15,-0.62,-0.44,0.81,,0.0,3.7,-0.12,6.13,13.07,0.72,46.94,0.06,扣非亏损,扣非亏损,亏损
688536.SH,思瑞浦,-106.68,-60.44,2.61,-3.09,-1.8,-1.83,,0.0,49.46,-11.64,-243.03,43.29,,6.37,0.1,扣非亏损,扣非亏损,亏损
688121.SH,卓然股份,64.76,20.83,1.17,1.18,1.35,0.93,,0.0,18.42,1.87,-40.06,6.35,0.6,67.94,0.17,3.28,35.29,95.93
300819.SZ,聚杰微纤,27.05,33.72,2.4,6.94,6.68,6.13,1.93,60.0,27.94,12.06,49.08,25.78,,12.68,0.16,1.31,4.86,4.05
600759.SH,洲际油气,58.8,51.19,1.48,2.13,1.89,3.57,,0.0,58.66,9.59,12.79,20.99,,31.43,0.07,2.44,48.12,62.22
603043.SH,广州酒家,15.42,19.77,2.4,11.6,11.92,7.84,2.46,49.59,33.14,11.59,-8.54,14.4,3.71,45.93,0.18,1.37,1.7,1.29
002405.SZ,四维图新,-36.37,-16.49,2.5,-5.14,-4.97,-4.38,,0.0,34.69,-19.48,-0.67,15.04,23.27,19.93,0.12,扣非亏损,扣非亏损,亏损
301390.SZ,经纬股份,53.55,35.67,1.99,2.58,2.78,1.72,0.92,39.15,24.92,7.29,8.63,15.56,0.18,32.32,0.32,2.29,13.84,19.26
002967.SZ,广电计量,40.0,44.51,2.72,4.51,5.19,3.21,1.0,42.86,44.54,8.54,46.21,16.31,5.29,40.88,0.1,2.73,9.86,7.71
300324.SZ,旋极信息,-34.03,-20.3,2.17,-5.07,-4.68,-2.64,,0.0,23.93,-11.38,-10.73,4.34,2.59,42.85,0.15,扣非亏损,扣非亏损,亏损
832662.BJ,方盛股份,51.47,59.25,3.77,4.67,5.51,4.13,1.27,31.81,22.65,10.08,-57.6,19.7,0.15,24.81,0.23,3.01,12.69,9.34
833873.BJ,中设咨询,-12.18,-15.95,2.8,-16.05,-15.84,-13.42,,0.0,-41.96,-139.3,-239.72,-7.75,0.68,20.56,0.09,扣非亏损,扣非亏损,亏损
000900.SZ,现代投资,12.72,13.93,0.63,3.22,3.25,2.45,3.83,47.13,25.48,8.64,-4.22,-12.37,2.41,75.39,0.6,-1.13,4.33,3.91
000531.SZ,穗恒运A,25.09,28.8,0.93,2.74,2.77,2.17,1.49,28.54,13.7,6.02,-48.04,12.07,0.15,62.23,0.27,2.39,10.51,9.06
600521.SH,华海药业,18.72,22.34,3.01,12.24,12.13,7.51,1.36,35.09,62.66,14.31,34.3,9.13,0.72,54.21,0.06,2.45,1.82,1.54
603350.SH,安乃达,37.89,37.95,3.23,8.1,11.02,4.33,,0.0,17.98,7.1,-18.81,2.12,,39.65,0.92,17.94,9.38,6.88
688090.SH,瑞松科技,1086.96,534.94,6.9,-0.22,0.47,0.21,0.68,29.73,19.11,1.02,-214.03,8.52,,42.85,0.06,62.8,转盈,2312.68
300438.SZ,鹏辉能源,210.65,-98.63,3.15,0.25,1.07,0.36,0.7,66.67,14.06,0.55,-96.76,30.68,0.28,65.82,0.1,扣非亏损,扣非转亏,196.87
000725.SZ,京东方A,37.54,52.3,1.27,1.77,2.53,0.96,0.77,50.0,16.49,1.35,254.67,13.87,0.35,51.74,0.48,3.77,29.63,14.84
300599.SZ,雄塑科技,-42.33,-41.29,1.26,-2.64,-2.6,-2.12,2.49,285.71,9.38,-6.19,-472.95,-12.66,,14.46,0.36,扣非亏损,扣非亏损,亏损
300625.SZ,三雄极光,41.66,41.06,1.63,1.74,2.0,1.85,4.05,82.19,32.57,4.11,-69.34,1.04,,33.7,0.19,39.38,23.54,20.83
000912.SZ,泸天化,40.8,-99.01,1.05,0.62,1.95,1.1,,0.0,12.62,3.04,-75.05,5.65,,38.56,0.34,扣非亏损,扣非转亏,41.84
002289.SZ,ST宇顺,-52.03,-42.31,4.64,-6.96,-6.48,-3.77,,0.0,18.59,-10.14,-72.44,6.74,13.2,22.88,0.02,扣非亏损,扣非亏损,亏损
300130.SZ,新国都,35.23,19.24,3.26,12.65,6.83,4.27,2.77,46.53,41.99,12.07,5.03,14.93,16.25,30.92,0.34,1.29,1.52,5.16
603658.SH,安图生物,21.09,21.62,3.2,10.99,11.06,9.26,1.85,50.1,65.86,28.68,6.69,14.81,1.94,25.49,0.01,1.46,1.97,1.91
301389.SZ,隆扬电子,65.33,71.31,2.1,2.24,2.4,1.68,1.57,88.24,45.85,25.24,-34.87,-13.64,,3.82,1.14,-5.23,31.78,27.22
000886.SZ,海南高速,114.25,117.88,2.0,1.48,1.31,1.39,1.22,54.35,14.78,28.67,365.2,4.09,1.4,12.72,0.08,28.85,79.41,87.21
300451.SZ,创业慧康,111.22,-8115.49,1.68,1.09,1.14,0.5,0.15,50.0,50.14,5.04,-40.98,0.84,20.53,19.01,0.09,扣非亏损,扣非转亏,97.56
000404.SZ,长虹华意,10.32,13.78,1.29,8.85,9.62,3.94,4.24,48.05,12.8,5.38,23.58,7.97,0.37,62.98,0.87,1.73,1.56,1.07
000798.SZ,中水渔业,131.43,-20.17,5.79,2.32,3.42,1.93,,0.0,3.51,1.35,176.98,11.53,,74.9,0.29,扣非亏损,扣非转亏,76.86
600660.SH,福耀玻璃,20.49,21.34,4.48,17.13,17.0,10.19,3.48,60.19,37.82,19.37,36.65,18.54,0.46,45.57,0.17,1.15,1.25,1.21
002955.SZ,鸿合科技,19.34,27.0,1.79,6.36,6.93,5.6,1.32,30.8,31.36,8.68,-19.22,3.39,0.66,27.95,0.33,7.96,4.24,2.79
603135.SH,中重科技,645.33,657.04,1.98,-0.36,0.23,-0.44,1.22,46.51,16.72,1.18,-107.27,60.9,,19.79,0.24,10.79,转盈,2805.78
000659.SZ,珠海中富,-96.28,-28.47,12.47,-8.76,-9.27,2.64,,0.0,17.54,-3.48,-2.33,0.47,,88.45,0.01,扣非亏损,扣非亏损,亏损
601615.SH,明阳智能,26.76,-151.19,1.07,2.49,2.93,1.46,2.43,190.06,15.2,4.27,-37.35,8.17,0.24,65.94,0.39,扣非亏损,扣非转亏,9.13
000543.SZ,皖能电力,8.27,10.93,1.13,10.7,10.86,5.13,3.53,35.08,12.27,9.96,25.07,16.41,2.37,65.71,0.18,0.67,1.02,0.76
002624.SZ,完美世界,-44.72,-33.34,3.04,-5.4,-4.67,-1.08,3.89,176.92,60.65,-9.82,-197.98,-8.36,3.46,35.08,0.12,扣非亏损,扣非亏损,亏损
002290.SZ,禾盛新材,38.16,53.86,5.51,11.47,11.46,5.6,,0.0,10.61,4.56,3.05,9.41,,54.86,0.09,5.72,9.39,6.66
000713.SZ,丰乐种业,-46.28,-317.15,2.35,-4.06,-3.72,-2.53,0.26,30.53,10.3,-4.77,-109.12,8.32,11.3,42.02,0.03,扣非亏损,扣非亏损,亏损
300946.SZ,恒而达,32.56,36.64,2.93,6.73,6.89,6.2,0.71,31.51,31.35,17.94,15.36,12.7,,22.14,0.04,2.88,5.44,4.73
600886.SH,国投电力,13.11,16.63,2.04,10.4,11.63,5.83,3.75,56.52,39.96,26.66,5.43,12.93,0.13,62.16,0.12,1.29,1.6,1.13
600760.SH,中航沈飞,56.91,57.53,8.64,11.5,11.35,3.41,0.95,36.7,12.48,7.14,-22.31,18.63,,67.25,0.07,3.09,5.0,5.01
002724.SZ,海洋王,61.66,-82.87,1.52,0.59,1.85,0.31,0.49,71.05,63.59,1.84,-68.64,1.37,2.59,17.64,0.07,扣非亏损,扣非转亏,33.33
300076.SZ,GQY视讯,-76.08,-50.29,2.61,-3.3,-2.54,-2.44,,0.0,15.56,-29.26,-106.81,-6.77,,9.66,0.01,扣非亏损,扣非亏损,亏损
603797.SH,联泰环保,10.81,11.93,0.76,5.61,5.33,3.89,,0.0,62.46,21.36,-6.52,16.98,,67.11,0.13,0.7,4.25,4.06
688133.SH,泰坦科技,300.95,-3614.05,1.4,0.32,0.35,0.75,0.22,16.13,19.57,0.33,-85.43,27.67,5.54,40.97,0.24,扣非亏损,扣非转亏,859.87
002785.SZ,万里石,2442.21,-170.8,8.19,-0.49,0.25,0.02,,0.0,12.51,-1.03,-313.89,10.6,,36.36,0.03,扣非亏损,扣非亏损,19537.7
300385.SZ,雪浪环境,-8.32,-8.0,3.04,-24.59,-24.06,-3.86,,0.0,9.79,-38.43,-483.96,-2.87,61.05,79.37,0.09,扣非亏损,扣非亏损,亏损
605338.SH,巴比食品,15.75,20.17,1.85,6.64,8.61,8.42,1.86,46.51,26.4,16.26,19.92,19.61,1.35,20.81,0.25,1.03,3.04,1.83
002494.SZ,华斯股份,408.72,-396.33,1.25,0.15,0.23,0.53,,0.0,26.22,0.8,122.26,8.83,,26.94,0.13,扣非亏损,扣非转亏,3554.1
002851.SZ,麦格米特,42.22,56.31,4.86,7.91,8.9,4.33,0.89,17.18,25.66,7.14,18.1,26.07,1.5,57.7,0.07,2.16,7.12,4.74
600533.SH,栖霞建设,-11.09,-8.57,0.63,-4.3,-4.23,-0.35,,0.0,19.4,-12.85,-1400.5,27.53,,81.84,0.66,扣非亏损,扣非亏损,亏损
300142.SZ,沃森生物,71.54,101.92,2.55,2.37,2.71,2.25,0.04,3.82,79.42,16.37,-59.84,15.2,0.29,21.82,0.15,6.71,43.09,26.4
301076.SZ,新瀚新材,49.04,47.58,2.41,3.19,3.72,3.21,0.44,21.74,24.61,13.68,-43.26,14.85,,8.47,0.09,3.2,14.9,13.18
000786.SZ,北新建材,11.78,12.81,1.96,12.65,13.0,10.53,3.57,40.03,30.65,15.7,13.31,10.31,9.13,27.96,0.02,1.24,1.01,0.91
003018.SZ,金富科技,15.33,17.53,1.53,7.64,7.61,7.9,1.88,46.51,27.58,15.93,26.85,14.97,4.44,13.76,0.11,1.17,2.29,2.01
601858.SH,中国科传,64.31,45.1,3.62,3.95,4.18,3.17,1.05,40.0,27.95,11.9,-28.91,4.5,1.15,24.8,0.03,10.02,11.42,15.39
688272.SH,富吉瑞,92.84,-66.98,2.7,1.86,2.21,1.67,,0.0,41.43,4.76,113.57,6.93,,33.48,0.17,扣非亏损,扣非转亏,84.01
301102.SZ,兆讯传媒,50.19,66.59,1.48,1.8,2.22,1.24,0.73,30.26,33.53,13.31,-52.04,7.85,,34.47,2.16,8.48,37.08,22.61
301263.SZ,泰恩康,38.54,44.73,3.37,6.37,6.49,6.02,1.84,78.95,61.41,18.35,-13.58,3.05,11.94,20.18,0.13,14.65,7.02,5.94
600176.SH,中国巨石,21.48,30.71,1.51,4.01,5.3,3.95,2.8,36.16,23.74,13.64,-28.81,15.02,1.55,42.03,0.05,2.04,7.66,4.05
300807.SZ,天迈科技,-32.7,-42.61,4.69,-10.35,-10.2,-8.49,,0.0,42.18,-95.42,1.42,5.35,,25.35,0.03,扣非亏损,扣非亏损,亏损
430418.BJ,苏轴股份,22.48,24.02,4.49,15.59,15.69,14.75,1.71,35.16,38.54,21.51,35.88,13.72,,12.9,0.14,1.75,1.54,1.43
603031.SH,安孚科技,30.79,39.33,3.39,8.02,8.61,12.51,0.93,44.55,48.51,18.82,44.92,41.44,73.48,42.38,0.17,0.95,4.91,3.58
300637.SZ,扬帆新材,-73.75,-23.79,3.92,-4.63,-3.99,-1.61,,0.0,13.77,-5.46,-97.2,14.32,,49.21,0.03,扣非亏损,扣非亏损,亏损
688337.SH,普源精电,111.53,172.8,2.83,0.74,2.04,1.63,1.14,83.54,58.44,11.24,-26.96,24.42,10.3,18.07,0.13,7.08,234.08,54.67
301138.SZ,华研精机,47.43,45.09,3.19,4.56,4.89,4.47,3.45,79.37,41.88,14.84,9.16,0.77,,29.39,0.46,58.79,9.89,9.7
300896.SZ,爱美客,30.83,33.14,8.77,22.21,23.11,24.72,1.42,27.01,94.8,66.73,9.66,62.01,3.67,4.34,0.04,0.53,1.49,1.33
000019.SZ,深粮控股,23.68,26.27,1.6,4.69,5.02,4.52,2.65,66.27,17.45,6.4,-13.12,-19.41,,32.93,0.05,-1.35,5.6,4.72
300088.SZ,长信科技,46.2,111.8,2.16,3.13,3.51,2.43,1.05,70.0,9.01,3.75,17.35,9.77,2.75,44.34,0.09,11.44,35.77,13.16
301012.SZ,扬电科技,46.97,60.02,2.96,4.68,4.76,4.03,0.5,189.04,13.96,5.98,2608.77,10.48,,30.24,0.06,5.73,12.84,9.87
002688.SZ,金河生物,22.59,40.11,1.53,4.57,5.09,3.26,2.08,90.25,33.27,6.82,7.89,6.36,19.75,56.3,0.25,6.3,8.78,4.44
300219.SZ,鸿利智汇,43.3,99.89,2.04,2.57,3.52,1.99,1.19,33.33,19.09,3.06,-57.2,7.68,0.61,54.25,0.16,13.0,38.92,12.3
000506.SZ,*ST中润,-26.68,-27.98,5.28,-11.65,-13.81,-2.48,,0.0,7.46,-61.51,14.37,15.48,,48.06,0.0,扣非亏损,扣非亏损,亏损
300649.SZ,杭州园林,-71.78,-63.51,3.08,-3.68,-3.11,-1.89,0.36,85.71,16.2,-11.59,-268.89,-24.11,,48.66,0.09,扣非亏损,扣非亏损,亏损
300523.SZ,辰安科技,-28.39,-58.24,4.14,-11.13,-10.37,-3.39,,0.0,32.21,-15.91,-1872.3,14.4,5.39,60.41,0.11,扣非亏损,扣非亏损,亏损
000810.SZ,创维数字,45.89,43.3,2.25,3.15,3.68,1.62,0.95,28.44,14.36,3.44,-52.7,8.9,1.43,42.31,0.27,4.86,13.76,12.47
002574.SZ,明牌珠宝,255.11,-110.85,0.85,-0.8,0.25,0.5,1.67,33.33,8.59,0.31,-145.13,17.68,0.05,58.52,0.36,扣非亏损,扣非亏损,1020.42
000100.SZ,TCL科技,44.69,73.17,1.71,1.38,2.87,0.47,1.86,66.95,11.98,-1.49,43.58,39.91,8.89,65.31,0.28,1.83,53.18,15.57
001283.SZ,豪鹏科技,39.11,82.38,1.78,2.4,3.06,1.32,0.92,77.42,19.64,2.05,-36.94,20.55,,71.48,0.41,4.01,34.26,12.78
002201.SZ,正威新材,96.58,137.23,3.16,2.16,2.47,2.77,0.07,8.33,27.19,3.01,-10.66,1.72,,57.58,0.03,79.71,63.68,39.1
603199.SH,九华旅游,18.33,22.48,2.53,10.07,10.48,11.08,3.04,50.0,51.78,26.99,0.46,40.25,,20.05,0.07,0.56,2.23,1.75
000060.SZ,中金岭南,17.14,24.32,1.37,5.68,5.87,3.7,1.3,31.11,5.89,2.16,16.39,30.03,0.82,61.78,0.21,0.81,4.28,2.92
300511.SZ,雪榕生物,-8.93,-7.98,1.48,-12.24,-11.12,-1.87,,0.0,2.29,-9.46,-37.87,5.38,,70.74,0.12,扣非亏损,扣非亏损,亏损
688325.SH,赛微微电,55.15,41.78,2.61,3.36,3.59,3.36,0.51,27.53,52.84,21.37,16921.03,24.0,,3.32,0.19,1.74,12.45,15.36
002482.SZ,广田集团,-30.48,-5.75,12.11,-25.69,-25.93,-6.83,,0.0,6.31,-63.34,80.65,-53.97,,74.22,0.07,扣非亏损,扣非亏损,亏损
833427.BJ,华维设计,146.75,288.86,4.09,0.97,2.01,1.48,3.39,100.0,29.0,15.26,-85.61,-9.25,,29.28,0.18,-31.23,298.53,73.01
688486.SH,龙迅股份,49.33,66.58,4.49,5.32,6.47,6.65,1.18,90.49,55.98,28.17,53.63,36.45,,4.66,0.22,1.83,12.52,7.62
002550.SZ,千红制药,19.38,38.84,3.23,9.26,12.8,12.53,2.04,85.71,54.02,24.73,37.66,4.68,0.45,10.04,0.11,8.29,4.19,1.51
002980.SZ,华盛昌,25.37,31.59,3.54,9.8,10.22,8.95,2.19,75.95,46.89,19.7,24.5,-10.08,1.97,22.88,0.12,-3.13,3.22,2.48
002063.SZ,远光软件,79.1,39.11,3.33,3.13,3.19,2.48,0.42,14.39,56.99,6.37,-22.94,12.2,0.97,17.94,0.02,3.21,12.49,24.8
002470.SZ,金正大,25.04,-6.58,2.73,2.28,8.57,2.76,,0.0,11.68,2.85,109.48,-2.55,0.0,79.48,0.15,扣非亏损,扣非转亏,5.84
002189.SZ,中光学,-186.99,-26.34,5.18,-3.12,-2.1,-0.13,,0.0,14.36,-1.76,75.42,-10.13,,65.1,0.05,扣非亏损,扣非亏损,亏损
688681.SH,科汇股份,59.02,64.52,2.16,2.37,2.76,2.12,0.65,83.33,46.34,5.44,738.61,1.96,,24.93,0.11,32.98,27.26,21.39
301316.SZ,慧博云通,152.91,142.0,7.51,3.27,3.7,2.83,0.34,38.82,24.23,3.44,-24.72,25.74,14.43,32.61,0.05,5.52,43.49,41.33
002586.SZ,*ST围海,-20.56,-24.33,0.76,-3.27,-3.0,-0.52,,0.0,7.81,-6.85,10.63,1.01,0.23,58.31,0.61,扣非亏损,扣非亏损,亏损
871642.BJ,通易航天,-85.43,-91.76,6.56,-5.84,-5.37,-2.44,0.43,37.5,20.59,-12.36,-291.49,30.43,,46.38,0.01,扣非亏损,扣非亏损,亏损
000822.SZ,山东海化,22.28,9.9,0.97,2.61,3.29,2.69,1.46,8.55,14.55,3.56,-77.41,30.39,,37.81,0.36,0.33,3.8,6.77
002213.SZ,大为股份,-78.39,-46.19,4.73,-4.57,-4.44,-3.78,,0.0,3.76,-3.33,22.03,35.45,10.84,17.93,0.07,扣非亏损,扣非亏损,亏损
301287.SZ,康力源,33.51,39.75,1.73,3.75,3.88,3.03,0.69,15.06,32.92,9.14,-31.75,-3.04,,22.98,1.94,-13.08,10.59,8.64
301126.SZ,达嘉维康,47.97,47.81,1.32,2.01,2.06,2.44,0.31,23.53,19.18,1.22,69.09,18.79,61.25,70.63,0.33,2.54,23.76,23.29
301151.SZ,冠龙节能,91.88,50.8,1.35,0.82,1.09,0.64,1.95,68.09,31.77,3.93,-66.82,1.84,,23.33,1.1,27.66,62.26,84.29
301088.SZ,戎美股份,34.81,67.7,1.21,1.19,2.55,3.0,2.88,118.65,40.99,13.43,-9.68,-2.63,,2.87,0.12,-25.71,56.95,13.65
688313.SH,仕佳光子,137.51,2793.72,5.68,1.97,3.15,2.44,,0.0,25.84,4.96,151.4,5.25,0.18,28.26,0.05,531.99,2842.75,87.31
601958.SH,金钼股份,12.12,12.59,2.18,13.77,13.68,15.07,4.23,41.67,40.14,24.38,-6.13,15.25,,13.0,0.11,0.83,0.91,0.89
603187.SH,海容冷链,12.4,15.93,1.11,6.08,6.78,5.42,3.63,50.93,28.04,12.98,-31.03,20.09,,23.86,0.27,0.79,2.62,1.83
002549.SZ,凯美特气,-112.19,6976.9,2.48,0.84,-1.64,-1.46,,0.0,26.44,-7.97,168.69,7.79,,32.02,0.19,895.99,16649.33,亏损
835179.BJ,凯德石英,67.07,73.95,3.64,4.09,4.15,4.26,0.43,19.23,45.0,15.68,-1.91,17.98,2.78,23.02,0.04,4.11,18.06,16.16
002190.SZ,成飞集成,-184.27,-137.6,2.27,-0.87,-0.85,0.89,0.06,31.83,10.2,1.28,-235.31,28.53,,37.88,0.01,扣非亏损,扣非亏损,亏损
001258.SZ,立新能源,35.93,99.24,2.07,4.38,4.35,2.66,0.99,57.14,55.74,15.86,-34.22,14.7,0.0,76.62,0.12,6.75,22.64,8.26
002612.SZ,朗姿股份,27.32,37.99,2.45,5.86,5.96,4.83,2.34,88.46,58.92,5.56,11.29,17.68,46.99,54.17,0.14,2.15,6.48,4.58
002979.SZ,雷赛智能,45.36,46.17,6.17,10.4,10.55,7.61,0.56,26.67,38.64,12.77,83.12,14.71,0.54,37.18,0.05,3.14,4.44,4.3
834415.BJ,恒拓开源,262.49,354.17,6.82,0.61,1.95,2.06,1.1,46.67,47.58,8.67,0.08,-4.01,8.7,16.0,0.02,-88.32,580.51,134.61
873305.BJ,九菱科技,70.69,75.26,5.2,5.19,5.56,5.03,0.7,20.83,26.76,16.59,15.71,0.34,,20.07,0.06,219.72,14.49,12.71
002773.SZ,康弘药业,13.73,15.22,2.11,11.81,11.96,12.31,2.06,33.33,89.88,28.29,19.57,6.73,,8.45,0.25,2.26,1.29,1.15
603123.SH,翠微股份,-13.88,-11.44,2.87,-14.48,-14.38,-4.8,,0.0,18.73,-22.75,-592.3,-2.95,,62.48,0.32,扣非亏损,扣非亏损,亏损
000007.SZ,全新好,579.22,194.0,19.02,3.22,2.49,0.84,,0.0,18.97,1.06,-40.16,105.62,0.29,57.96,0.05,1.84,120.68,465.23
600098.SH,广州发展,10.87,14.01,0.86,5.98,6.09,3.59,4.66,53.26,10.33,4.78,5.08,14.59,5.13,62.39,0.17,0.96,2.34,1.78
301511.SZ,德福科技,-38.06,-50.14,2.57,-5.09,-4.92,-0.81,0.24,16.67,1.62,-5.15,-427.61,31.22,,71.13,0.7,扣非亏损,扣非亏损,亏损
603610.SH,麒盛科技,17.75,17.37,1.17,5.35,4.74,3.16,8.39,172.41,33.57,6.77,-22.24,12.52,0.47,34.3,0.26,1.39,3.25,3.75
600585.SH,海螺水泥,19.87,20.59,0.74,2.63,2.8,2.44,4.26,48.73,19.54,7.7,-40.18,-6.44,0.58,21.46,0.72,-3.2,7.83,7.1
300220.SZ,金运激光,1336.14,-118.03,29.92,-2.68,1.69,1.23,,0.0,30.39,1.43,89.63,18.87,,76.38,0.02,扣非亏损,扣非亏损,1581.23
600809.SH,山西汾酒,16.85,20.62,7.53,36.8,33.87,32.46,1.89,51.04,76.03,36.23,20.41,31.94,,31.01,0.04,0.65,0.56,0.5
873593.BJ,鼎智科技,131.56,167.15,8.15,4.07,4.61,4.1,3.65,45.45,52.67,17.32,-54.82,33.56,,10.12,0.03,4.98,41.05,28.54
601005.SH,重庆钢铁,-7.88,-6.28,0.77,-7.07,-7.05,-3.93,,0.0,-5.25,-6.55,-121.62,20.67,1.78,48.62,0.19,扣非亏损,扣非亏损,亏损
301024.SZ,霍普股份,-21.11,-12.01,3.54,-11.51,-11.82,-7.7,,0.0,9.63,-71.45,-103.32,-15.16,15.25,26.31,0.44,扣非亏损,扣非亏损,亏损
001387.SZ,雪祺电气,37.41,28.48,2.32,5.44,5.58,3.46,,25.36,12.13,3.98,-44.98,7.7,,38.7,0.58,3.7,5.23,6.7
688616.SH,西力科技,20.2,24.21,2.49,7.84,9.13,8.13,2.2,60.0,29.57,15.96,35.12,8.98,,21.23,0.13,2.7,3.09,2.21
002225.SZ,濮耐股份,25.28,46.4,1.23,2.26,3.61,2.34,1.85,28.0,18.63,2.95,-60.32,9.5,6.78,58.06,0.15,4.88,20.51,7.0
600100.SH,同方股份,246.36,-32.71,1.62,-3.89,0.51,1.21,,0.0,27.68,0.23,33.1,4.9,0.45,60.39,0.19,扣非亏损,扣非亏损,966.11
601678.SH,滨化股份,32.95,32.91,0.73,1.63,1.66,1.81,1.19,26.32,10.33,2.5,-30.89,7.21,0.4,49.03,0.14,4.56,20.14,19.85
000096.SZ,广聚能源,75.99,76.47,2.46,2.29,2.45,2.41,0.47,32.95,8.65,4.49,42.24,27.67,4.8,6.43,0.12,2.76,33.38,31.02
688588.SH,凌志软件,33.19,38.81,4.36,7.52,9.9,8.97,1.68,91.87,30.76,15.29,188.54,3.42,3.38,30.81,0.15,11.34,5.16,3.35
000898.SZ,鞍钢股份,-3.38,-3.65,0.46,-9.75,-9.73,-4.92,,0.0,-3.55,-6.38,-138.35,6.11,,48.81,0.16,扣非亏损,扣非亏损,亏损
300499.SZ,高澜股份,-210.79,-103.08,3.58,-1.83,-1.27,-1.72,,0.0,27.96,-4.78,-143.32,-6.59,,23.73,0.03,扣非亏损,扣非亏损,亏损
601168.SH,西部矿业,11.43,14.0,2.47,17.22,17.01,10.92,3.5,42.74,22.43,12.65,17.84,14.48,0.07,59.61,0.17,0.97,0.81,0.67
600387.SH,*ST海越,531.08,-5.82,0.54,0.38,0.02,0.47,,0.0,8.96,-1.06,-70.21,-6.25,,22.89,0.3,扣非亏损,扣非转亏,53107.8
600707.SH,彩虹股份,16.23,21.77,1.24,5.23,5.88,3.54,,0.0,22.64,13.62,371.47,10.71,0.45,46.98,0.23,2.03,8.33,5.52
002051.SZ,中工国际,25.14,51.04,0.95,2.07,2.86,2.53,1.54,43.1,17.15,3.76,-49.41,16.06,2.06,50.75,0.47,3.18,24.69,8.79
688301.SH,奕瑞科技,31.53,33.8,3.79,8.65,8.83,5.26,0.61,33.5,54.28,27.91,-21.57,34.07,1.87,43.94,0.09,0.99,3.91,3.57
002177.SZ,御银股份,205.45,240.13,2.02,0.72,0.74,0.3,0.32,68.97,55.88,24.5,83.37,-23.57,,1.61,0.01,-10.19,334.76,277.63
688296.SH,和达科技,391.74,-85.54,1.93,-0.54,0.37,-0.74,,0.0,39.16,-0.18,87.43,1.76,,24.8,0.04,扣非亏损,扣非亏损,2117.5
600261.SH,阳光照明,21.56,24.72,1.26,3.75,4.28,3.45,3.98,81.25,34.58,6.33,-5.11,-13.87,2.55,32.04,0.31,-1.78,6.59,5.04
836239.BJ,长虹能源,26.61,103.65,5.91,16.57,18.31,4.73,,0.0,16.58,5.94,160.16,16.32,9.72,78.83,0.26,6.35,12.51,2.91
600378.SH,昊华科技,31.07,49.53,2.83,5.51,7.02,4.99,1.14,34.94,22.73,8.73,-14.6,15.22,0.92,50.56,0.07,3.25,8.99,4.43
603833.SH,欧派家居,14.91,17.5,2.24,9.64,10.84,6.15,3.96,55.42,35.54,14.66,-19.88,16.67,,47.16,0.21,1.05,1.81,1.38
300674.SZ,宇信科技,44.27,41.46,3.76,5.34,6.37,4.5,1.23,42.55,32.67,11.16,35.18,20.47,0.44,23.5,0.1,2.03,7.77,6.95
603111.SH,康尼机电,16.83,15.5,1.46,5.69,6.44,4.24,3.59,57.14,32.5,9.48,18.85,2.12,,38.3,0.17,7.3,2.72,2.61
002331.SZ,皖通科技,-123.61,-116.15,1.92,-1.59,-1.16,-0.54,,0.0,27.1,-4.67,63.76,-11.81,5.97,36.74,0.22,扣非亏损,扣非亏损,亏损
600810.SH,神马股份,225.5,427.57,1.11,0.11,0.34,1.04,1.84,114.17,11.08,0.67,-83.28,12.99,,60.5,0.93,32.92,3797.23,663.22
300232.SZ,洲明科技,43.96,114.59,1.56,2.82,2.68,1.61,0.57,37.73,30.57,2.13,-39.55,16.1,2.84,55.38,0.24,7.12,40.63,16.4
300662.SZ,科锐国际,24.45,33.68,2.29,6.02,7.28,5.04,0.29,7.85,6.75,1.57,-2.77,38.51,8.35,48.8,0.14,0.87,5.59,3.36
603530.SH,神马电力,34.4,36.51,5.89,12.69,13.14,11.51,1.25,70.27,44.43,24.08,135.16,13.73,,26.18,0.02,2.66,2.88,2.62
300860.SZ,锋尚文化,163.36,117.85,1.51,-0.48,0.67,0.66,1.1,61.22,30.79,6.23,-206.6,9.16,0.88,12.28,0.13,12.87,转盈,243.82
002600.SZ,领益智造,31.05,48.65,3.0,6.3,7.46,5.03,0.89,10.34,15.87,4.46,-29.54,6.8,6.7,53.22,0.06,7.15,7.72,4.16
603773.SH,沃格光电,-81.54,-68.35,4.06,-5.01,-3.65,0.35,0.18,-226.42,16.74,-1.5,-82.91,45.58,13.17,65.83,0.17,扣非亏损,扣非亏损,亏损
688182.SH,灿勤科技,120.98,204.2,3.72,1.44,2.33,1.84,0.33,48.96,30.99,17.68,166.41,-19.12,,13.43,0.05,-10.68,141.32,51.92
300998.SZ,宁波方正,-95.37,-50.19,1.66,-2.04,-1.04,-0.12,0.43,-117.23,15.0,-2.13,-473.05,14.74,0.93,42.24,0.63,扣非亏损,扣非亏损,亏损
688169.SH,石头科技,20.58,22.98,3.28,10.02,12.35,8.88,1.98,29.83,53.86,21.01,-5.4,24.32,,26.47,0.03,0.94,2.29,1.67
002761.SZ,浙江建投,55.18,-6770.19,1.57,1.85,1.17,0.18,0.49,18.41,4.47,0.45,-68.46,5.73,1.76,91.44,0.73,扣非亏损,扣非转亏,47.16
688356.SH,键凯科技,82.05,85.87,2.82,2.02,2.55,2.48,0.54,29.9,67.91,17.58,-73.3,25.29,,5.49,0.04,3.4,42.53,32.18
300547.SZ,川环科技,22.58,23.64,3.78,12.45,13.03,11.6,1.64,37.06,25.25,15.76,33.37,17.91,0.02,18.87,0.06,1.32,1.9,1.73
002899.SZ,英派斯,25.56,30.26,1.77,5.62,6.42,4.07,0.43,9.73,31.7,9.74,19.2,1.19,,43.16,0.15,25.52,5.38,3.98
600635.SH,大众公用,55.51,46.77,1.5,1.81,2.04,2.29,1.16,48.61,16.76,5.93,-62.43,9.67,0.13,56.22,0.25,4.84,25.9,27.21
688450.SH,光格科技,-35.99,-367.88,1.5,-3.33,-3.03,-3.55,0.6,26.51,51.55,-36.92,-413.63,4.33,,16.91,0.16,扣非亏损,扣非亏损,亏损
002038.SZ,双鹭药业,-337.48,68.55,1.34,1.36,-0.29,-0.71,1.47,36.59,68.41,-3.28,-61.34,-2.47,,4.63,0.07,-27.76,50.23,亏损
300057.SZ,万顺新材,-108.09,-47.09,0.96,-0.89,-0.67,0.13,,0.0,5.12,-0.86,-107.03,2.21,4.43,48.58,0.41,扣非亏损,扣非亏损,亏损
300487.SZ,蓝晓科技,35.78,35.54,7.98,16.14,16.42,11.92,1.07,39.72,48.65,31.84,15.43,39.94,0.7,35.4,0.11,0.89,2.2,2.18
600597.SH,光明乳业,76.85,28.1,1.36,2.41,1.33,-0.28,2.52,31.43,19.28,-0.95,-31.66,2.02,6.83,53.53,0.28,13.89,11.64,57.78
600366.SH,宁波韵升,86.79,121.03,1.38,1.06,1.17,0.86,0.64,-23.98,13.1,1.82,130.41,36.99,0.02,33.99,0.13,3.27,228.42,148.36
600796.SH,钱江生化,25.12,21.36,1.33,3.93,4.03,2.76,0.53,12.92,23.75,8.25,-2.16,2.58,,53.09,0.61,8.29,5.43,6.23
688368.SH,晶丰明源,-113.35,-90.61,6.29,-1.72,-4.06,-0.89,,0.0,36.11,-2.72,70.69,25.46,23.78,35.91,0.04,扣非亏损,扣非亏损,亏损
300535.SZ,达威股份,38.62,62.81,1.62,2.97,3.17,1.8,0.4,25.74,35.42,3.81,-5.54,19.04,0.22,33.66,0.07,3.3,21.16,12.18
002237.SZ,恒邦股份,20.11,15.51,1.36,6.69,4.93,2.95,1.25,30.0,2.68,0.77,38.69,22.25,,61.75,0.45,0.7,2.32,4.08
600399.SH,抚顺特钢,31.29,31.86,1.99,4.53,4.84,2.64,0.58,31.11,13.34,4.91,24.16,11.11,,50.29,0.11,2.87,7.03,6.46
000948.SZ,南天信息,97.68,96.68,2.74,2.05,2.11,0.64,0.8,29.48,12.78,0.78,8.23,30.54,0.31,68.73,0.19,3.17,47.26,46.3
000518.SZ,四环生物,-163.23,-67.22,6.81,-3.44,-3.0,-2.13,,0.0,68.85,-9.96,62.52,-22.15,,23.45,0.0,扣非亏损,扣非亏损,亏损
603398.SH,沐邦高科,-29.84,-38.95,5.08,-18.79,-14.19,-4.43,,0.0,-6.6,-50.25,-2523.02,77.43,41.2,62.54,0.03,扣非亏损,扣非亏损,亏损
600493.SH,凤竹纺织,17.11,225.47,1.25,0.55,5.52,4.42,1.49,10.03,13.08,8.6,546.31,-0.36,,38.16,0.13,-624.62,409.2,3.1
688065.SH,凯赛生物,59.13,70.51,2.39,2.97,3.04,1.74,0.35,30.16,32.2,15.28,31.03,12.22,,18.23,0.17,5.77,23.71,19.45
000809.SZ,*ST和展,-20.51,-20.96,0.78,-2.82,-2.8,-1.13,,0.0,5.22,-109.93,7.84,-9.35,,19.4,0.24,扣非亏损,扣非亏损,亏损
300767.SZ,震安科技,-37.65,-23.23,1.94,-4.23,-3.65,-1.5,,0.0,34.88,-17.67,-577.01,8.89,,39.48,0.23,扣非亏损,扣非亏损,亏损
839167.BJ,同享科技,32.0,27.91,4.62,11.07,11.42,4.72,0.44,10.09,8.18,3.52,-11.59,52.74,,66.81,0.28,0.53,2.52,2.8
603237.SH,五芳斋,12.47,30.93,1.95,11.22,11.55,11.27,3.41,85.47,41.16,10.23,-13.61,3.88,,28.52,0.35,7.97,2.76,1.08
688170.SH,德龙激光,-92.25,369.13,2.11,-2.56,-1.67,-1.35,0.77,78.95,47.79,-5.13,-123.46,12.3,,30.9,0.12,30.0,扣非亏损,亏损
300872.SZ,天阳科技,62.28,106.23,2.5,0.62,3.26,3.01,0.37,17.24,26.19,5.94,20.03,14.75,4.62,39.08,0.19,7.2,172.49,19.1
002364.SZ,中恒电气,35.64,61.09,1.73,2.41,3.67,2.43,0.65,71.43,26.35,7.04,525.91,4.01,1.25,29.98,0.08,15.25,25.38,9.71
605050.SH,福然德,17.15,15.27,1.1,4.35,4.8,3.63,3.49,50.59,4.73,2.64,-32.33,15.7,0.2,48.83,0.24,0.97,3.51,3.57
603959.SH,ST百利,-5.68,-3.72,3.48,-39.05,-37.43,-5.2,,0.0,7.01,-23.19,-105.03,49.22,33.24,87.32,0.13,扣非亏损,扣非亏损,亏损
002562.SZ,兄弟科技,106.65,-29.44,1.46,0.8,1.03,1.54,,0.0,15.54,1.25,148.1,16.65,0.85,46.78,0.1,扣非亏损,扣非转亏,207.09
300778.SZ,新城市,-14.01,-51.62,1.87,-2.47,-10.35,-8.57,,0.0,39.86,-78.94,-237.62,-8.22,,13.74,0.3,扣非亏损,扣非亏损,亏损
300105.SZ,龙源技术,119.97,27.35,1.98,0.76,1.22,0.58,2.21,54.72,18.38,4.06,11.24,35.85,,34.75,0.19,0.76,35.87,98.34
300348.SZ,长亮科技,2486.83,408.2,6.54,0.04,0.24,0.31,0.1,22.42,35.11,0.38,112.49,7.68,2.79,32.78,0.05,53.15,9980.55,10361.78
605188.SH,国光连锁,307.51,-2297.39,2.99,-0.03,0.73,1.23,0.12,33.33,22.25,0.4,-121.18,2.42,,58.58,0.06,扣非亏损,扣非亏损,421.25
002887.SZ,绿茵生态,32.3,64.78,1.0,1.87,2.2,2.04,2.88,69.44,35.43,21.86,-40.56,-23.26,,43.18,0.18,-2.78,34.61,14.68
002992.SZ,宝明科技,-126.02,-116.13,16.75,-10.76,-9.6,-2.43,,0.0,9.01,-7.3,19.09,1.9,,67.35,0.02,扣非亏损,扣非亏损,亏损
601399.SH,国机重装,43.74,62.07,1.69,2.66,2.94,1.33,,0.0,16.22,5.0,28.86,8.63,,53.03,0.32,7.19,46.75,29.75
600822.SH,上海物贸,99.04,260.39,5.03,1.23,3.89,1.57,,0.0,4.98,0.87,-56.46,5.57,,51.96,0.21,46.73,422.4,50.92
688207.SH,格灵深瞳,-21.89,-18.18,1.88,-6.56,-6.21,-6.78,,0.0,65.2,-226.67,-574.59,5.19,,5.76,0.35,扣非亏损,扣非亏损,亏损
605366.SH,宏柏新材,-203.95,-200.08,1.97,-1.25,-0.69,0.17,0.48,36.36,10.45,-1.32,-171.88,18.96,,49.04,0.21,扣非亏损,扣非亏损,亏损
002193.SZ,如意集团,30.13,-2.4,1.0,-5.6,2.52,1.49,,0.0,17.33,9.13,-4.64,-20.54,,60.21,0.01,扣非亏损,扣非亏损,23.92
002250.SZ,联化科技,125.54,-15.27,0.86,0.29,0.51,1.38,0.28,-3.97,22.71,1.76,-11.51,13.02,0.09,50.33,0.24,扣非亏损,扣非转亏,492.31
002571.SZ,德力股份,-41.28,-32.77,1.5,-2.86,-2.7,-0.02,,0.0,13.15,-2.74,43.03,19.28,,65.75,0.13,扣非亏损,扣非亏损,亏损
688381.SH,帝奥微,209.61,-89.49,1.83,-0.76,0.62,0.22,0.59,250.0,44.69,4.47,-4.42,26.64,,2.64,0.07,扣非亏损,扣非亏损,338.08
001360.SZ,南矿集团,34.2,38.24,2.1,4.13,4.62,3.42,1.29,43.27,33.2,11.52,-23.14,23.65,,31.91,0.46,1.62,9.25,7.4
603322.SH,超讯通信,160.18,80.94,16.93,8.0,8.25,1.86,,0.0,8.26,1.43,159.33,19.21,6.07,87.1,0.01,4.21,20.22,38.83
600010.SH,包钢股份,-126.6,-144.92,1.7,-1.1,-1.0,0.58,,0.0,7.88,-1.39,-222.56,8.98,,60.3,0.14,扣非亏损,扣非亏损,亏损
301073.SZ,君亭酒店,179.42,196.17,4.53,1.73,1.87,2.65,0.66,93.75,30.83,4.61,-23.85,29.26,11.29,60.8,0.11,6.71,113.59,95.95
000927.SZ,中国铁物,29.47,37.2,1.85,4.74,4.8,2.59,0.37,10.59,4.8,1.63,-13.88,2.26,0.14,53.24,0.22,16.48,7.85,6.14
300045.SZ,华力创通,-440.14,-642.0,9.88,-1.62,-1.67,-1.33,,0.0,35.9,-6.45,-1384.95,15.09,0.95,29.59,0.02,扣非亏损,扣非亏损,亏损
300584.SZ,海辰药业,73.59,61.91,2.73,2.91,2.81,2.62,0.21,16.52,83.1,7.8,35.4,-9.58,,29.02,0.02,-6.47,21.27,26.19
301130.SZ,西点药业,48.55,64.35,2.45,3.07,3.64,3.6,0.93,41.6,77.84,17.69,25.71,-7.51,,8.03,0.1,-8.57,20.95,13.34
301507.SZ,民生健康,41.74,55.64,3.15,5.5,5.73,4.96,0.61,34.48,57.47,16.58,9.3,9.04,,10.8,0.26,6.15,10.12,7.28
001222.SZ,源飞宠物,16.92,19.6,2.12,9.3,9.63,8.45,1.36,30.27,22.56,15.17,13.64,22.96,,12.92,0.44,0.85,2.11,1.76
000011.SZ,深物业A,1164.58,-14.01,1.24,0.17,0.08,0.13,3.52,40.07,20.24,-0.43,-96.72,-11.7,0.21,72.01,0.24,扣非亏损,扣非转亏,14557.19
600468.SH,百利电气,38.82,46.94,2.51,4.58,4.9,3.31,0.49,30.22,24.18,7.74,4.61,-2.35,9.44,41.21,0.13,-20.0,10.25,7.92
688690.SH,纳微科技,153.22,229.72,5.01,1.57,2.47,2.19,0.18,29.43,71.06,7.51,27.32,53.01,10.31,17.96,0.03,4.33,145.99,62.03
001359.SZ,平安电工,20.99,,2.56,11.2,11.03,10.99,,22.66,36.05,21.08,,10.07,,16.51,0.44,,,1.9
300308.SZ,中际旭创,30.2,32.88,8.56,23.29,23.68,18.76,0.4,16.07,33.32,22.36,198.77,15.21,10.38,31.11,0.02,2.16,1.41,1.28
300962.SZ,中金辐照,33.78,42.85,4.62,10.08,10.3,9.95,1.87,70.84,64.9,36.68,-1.72,10.7,,14.39,0.08,4.01,4.25,3.28
300641.SZ,正丹股份,11.75,16.14,4.89,39.27,39.85,36.35,0.35,100.0,38.64,31.78,3287.47,7.6,,14.52,0.04,2.12,0.41,0.29
300102.SZ,乾照光电,164.73,74.75,2.64,0.59,1.19,1.2,,0.0,15.51,2.6,116.51,24.6,,37.12,0.05,3.04,253.46,276.86
600732.SH,爱旭股份,-7.48,-5.51,4.62,-48.86,-38.59,-8.5,,0.0,-8.71,-36.1,-296.85,54.76,,82.9,0.14,扣非亏损,扣非亏损,亏损
300755.SZ,华致酒行,33.83,49.6,2.1,4.03,4.5,3.35,0.63,20.71,10.02,2.21,-15.24,27.97,,46.0,0.12,1.77,12.3,7.52
301129.SZ,瑞纳智能,-62.26,-258.09,2.02,-3.86,-2.39,-2.19,0.56,30.0,53.98,-39.81,-9372.24,5.41,,18.54,0.08,扣非亏损,扣非亏损,亏损
002639.SZ,雪人股份,116.48,-172.56,2.12,0.83,1.36,1.7,,0.0,26.0,2.39,156.59,13.0,11.84,44.55,0.06,扣非亏损,扣非转亏,171.29
603058.SH,永吉股份,24.3,27.29,3.59,10.34,11.42,8.4,0.88,33.17,41.48,22.25,98.79,24.79,10.38,33.87,0.05,1.1,2.64,2.13
301301.SZ,川宁生物,21.02,21.99,3.98,14.79,14.75,12.76,2.67,53.47,35.82,24.14,68.15,11.01,0.02,28.07,0.07,2.0,1.49,1.43
600675.SH,中华企业,-25.64,-23.27,1.27,-3.8,-3.63,0.05,0.89,31.11,24.0,-29.98,-221.96,108.52,,71.04,0.8,扣非亏损,扣非亏损,亏损
603071.SH,物产环能,10.12,10.13,1.35,9.08,10.05,6.92,4.61,36.84,4.57,2.06,-38.97,23.89,2.69,51.42,0.32,0.42,1.12,1.01
603700.SH,宁水集团,44.84,29.72,1.32,1.55,2.22,1.5,2.1,45.45,22.1,3.46,-66.47,4.54,,28.64,0.09,6.55,19.17,20.2
301085.SZ,亚康股份,68.16,103.4,4.68,5.04,5.16,3.86,0.49,29.24,13.62,4.77,-32.81,8.71,0.08,45.19,0.08,11.88,20.49,13.21
600719.SH,大连热电,-18.95,-19.15,6.76,-24.32,-23.76,-2.03,,0.0,-5.56,-28.67,41.23,-0.48,,83.21,0.0,扣非亏损,扣非亏损,亏损
600744.SH,华银电力,151.38,-36.08,5.56,1.34,1.95,1.81,,0.0,7.93,0.68,1329.86,6.58,0.1,92.17,0.19,扣非亏损,扣非转亏,155.27
688689.SH,银河微电,51.85,108.03,2.66,2.07,3.43,3.51,0.73,40.54,26.91,6.79,-11.24,6.82,0.05,35.82,0.06,15.84,52.14,15.12
300791.SZ,仙乐健康,20.18,19.4,2.9,9.82,9.83,5.88,3.17,70.58,31.21,6.98,28.11,21.11,16.22,51.3,0.1,0.92,1.98,2.05
603999.SH,读者传媒,35.07,52.24,1.68,3.06,3.62,2.79,0.76,30.59,21.8,9.34,-1.39,6.23,,21.26,0.26,8.39,17.08,9.68
002445.SZ,中南文化,115.39,75.39,2.51,3.01,1.64,1.58,,0.0,24.58,6.28,-5.62,23.54,,19.82,0.02,3.2,50.11,140.71
300596.SZ,利安隆,15.81,17.63,1.52,7.13,7.36,4.72,1.16,21.79,21.13,7.23,11.8,29.44,13.73,48.02,0.16,0.6,2.47,2.15
301520.SZ,万邦医药,26.9,33.71,1.85,3.76,5.22,5.18,0.9,25.0,43.15,26.52,-21.08,27.3,,5.71,0.19,1.23,8.96,5.15
000858.SZ,五粮液,17.34,17.89,4.23,18.68,18.33,19.2,3.33,60.0,77.06,38.2,9.19,13.27,0.0,18.99,0.22,1.35,0.96,0.95
300743.SZ,天地数码,25.68,29.95,4.16,11.82,12.08,9.91,2.52,87.5,34.93,13.35,94.48,15.68,8.74,37.86,0.12,1.91,2.53,2.13
301117.SZ,佳缘科技,-124.49,-43.91,2.3,-1.9,-1.38,-1.68,,0.0,43.57,-9.9,-192.33,11.9,0.61,8.64,0.28,扣非亏损,扣非亏损,亏损
002640.SZ,跨境通,-191.42,-42.42,3.4,-2.4,-1.32,3.2,,0.0,11.65,-0.45,-205.41,-24.28,106.79,65.44,0.08,扣非亏损,扣非亏损,亏损
601208.SH,东材科技,24.12,39.85,1.74,3.49,5.16,3.05,1.21,40.54,14.6,6.86,-14.02,28.89,0.04,55.42,0.12,1.38,11.41,4.67
603309.SH,维力医疗,17.27,18.5,2.09,8.76,9.08,7.67,3.51,75.76,44.8,16.24,21.18,7.53,15.8,32.34,0.07,2.46,2.11,1.9
300949.SZ,奥雅股份,-13.67,-11.69,2.16,-3.51,-11.24,-6.86,,0.0,37.43,-29.76,56.66,0.88,1.44,37.01,0.17,扣非亏损,扣非亏损,亏损
603712.SH,七一二,-378.21,309.58,2.99,-1.03,-0.59,-0.66,0.19,10.53,33.92,-0.61,-115.98,8.63,,48.29,0.02,35.88,扣非亏损,亏损
002903.SZ,宇环数控,154.49,2020.26,3.49,0.7,1.67,0.92,0.78,76.92,38.88,4.1,-81.39,14.39,,25.93,0.11,140.36,2877.86,92.51
601038.SH,一拖股份,12.02,18.6,2.37,15.12,15.45,8.65,2.19,36.0,16.37,10.39,2.15,16.97,,49.56,0.2,1.1,1.23,0.78
002181.SZ,粤传媒,-95.48,-70.17,1.17,-1.12,-0.9,-0.33,1.17,750.0,27.61,-9.23,-643.83,3.36,,19.16,0.04,扣非亏损,扣非亏损,亏损
601002.SH,晋亿实业,39.1,61.57,1.03,1.97,1.95,2.48,2.07,-500.0,18.92,4.78,1284.31,-2.11,0.13,20.67,0.09,-29.2,62.59,40.1
600594.SH,益佰制药,-13.76,-12.17,1.17,-6.49,-6.09,-3.6,1.16,50.38,62.2,-10.17,-225.66,-5.7,5.91,33.37,0.2,扣非亏损,扣非亏损,亏损
600481.SH,双良节能,-6.39,-7.82,2.14,-23.63,-21.14,-4.22,3.78,14.95,-0.39,-13.0,-213.33,140.93,,82.22,0.67,扣非亏损,扣非亏损,亏损
002615.SZ,哈尔斯,12.46,13.5,2.24,14.02,14.06,7.56,1.36,18.52,29.97,9.53,37.73,20.3,1.05,48.89,0.35,0.66,0.96,0.89
600022.SH,山东钢铁,-8.41,-10.31,0.83,-7.24,-7.11,-2.03,,0.0,1.64,-2.45,-182.64,2.56,,56.64,0.42,扣非亏损,扣非亏损,亏损
300653.SZ,正海生物,24.17,31.35,4.5,11.75,12.99,14.09,2.76,75.64,87.61,42.92,-26.67,13.4,,8.45,0.04,2.34,2.67,1.86
603963.SH,*ST大药,-26.55,-24.76,1.93,-6.03,-5.32,-4.01,,0.0,7.74,-41.42,-15.43,-25.53,,19.73,0.3,扣非亏损,扣非亏损,亏损
600651.SH,飞乐音响,337.87,-1909.36,4.67,-0.23,1.04,1.01,,0.0,15.48,1.82,-53.88,-21.59,,40.4,0.1,扣非亏损,扣非亏损,649.76
835508.BJ,殷图网联,-171.85,-504.87,9.32,-3.93,-3.88,-4.07,1.47,400.0,37.1,-19.27,-233.42,-4.73,,23.39,0.13,扣非亏损,扣非亏损,亏损
000401.SZ,冀东水泥,-38.76,-9.03,0.55,-1.72,-1.04,0.35,,0.0,18.13,-2.21,-9.73,-6.93,1.33,50.17,0.79,扣非亏损,扣非亏损,亏损
301519.SZ,舜禹股份,121.53,279.99,1.46,-0.1,0.89,1.0,0.97,41.67,32.84,2.93,-103.79,5.1,,47.59,0.3,54.91,转盈,136.55
300893.SZ,松原股份,28.4,27.13,5.9,15.8,16.65,9.62,0.68,22.73,29.79,14.56,67.37,33.75,,52.8,0.07,0.8,1.72,1.71
301313.SZ,凡拓数创,-13.58,-23.08,2.61,-13.99,-13.14,-9.15,0.42,150.06,29.85,-52.84,-296.68,-3.28,5.66,37.27,0.08,扣非亏损,扣非亏损,亏损
301097.SZ,天益医疗,308.02,2781.79,2.18,-0.1,0.51,0.27,0.95,46.44,34.9,0.8,-104.07,0.38,,29.87,0.54,7316.0,转盈,603.97
300033.SZ,同花顺,179.0,125.09,22.91,8.95,9.5,5.66,1.4,84.29,85.69,27.88,-16.74,8.32,0.06,26.9,0.1,15.03,13.98,18.84
600903.SH,贵州燃气,57.75,232.8,3.09,3.8,3.93,3.51,0.46,51.43,15.96,3.77,-25.02,13.32,1.85,61.18,0.07,17.48,61.32,14.69
603289.SH,泰瑞机器,42.55,51.44,1.79,2.71,3.13,2.21,1.36,51.72,29.54,5.09,-53.82,6.08,,52.25,0.35,8.46,19.0,13.59
301211.SZ,亨迪药业,58.93,63.17,2.56,2.73,3.21,1.54,2.21,78.69,30.23,22.35,-54.91,5.06,,5.81,0.36,12.48,23.13,18.36
603196.SH,日播时尚,-64.07,-67.22,4.6,-6.1,-5.19,-3.23,0.16,30.77,58.42,-6.49,-534.79,8.45,,34.63,0.03,扣非亏损,扣非亏损,亏损
603505.SH,金石资源,46.11,43.21,9.3,15.28,14.81,6.23,1.1,51.72,25.02,14.54,2.04,33.28,,65.95,0.03,1.3,2.83,3.11
000595.SZ,宝塔实业,-117.41,-52.52,21.9,-13.76,-13.06,-4.57,,0.0,2.5,-29.93,-13.9,15.85,14.08,53.4,0.01,扣非亏损,扣非亏损,亏损
000607.SZ,华媒控股,262.96,140.33,2.41,-0.1,0.68,1.27,0.63,32.22,20.06,1.57,-53.64,2.71,11.85,45.43,0.15,51.75,转盈,386.71
002408.SZ,齐翔腾达,58.92,-60.96,1.33,1.49,1.66,1.36,1.34,-54.29,6.47,1.12,0.14,5.69,5.25,51.98,0.2,扣非亏损,扣非转亏,70.99
300559.SZ,佳发教育,67.97,71.68,3.72,4.09,4.12,2.84,0.97,45.45,56.19,14.02,-56.16,6.9,1.5,12.12,0.11,10.39,17.54,16.5
002583.SZ,海能达,118.12,206.92,6.49,3.64,4.2,2.81,,0.0,49.28,5.56,75.85,-2.51,0.9,47.36,0.03,-82.33,113.8,56.25
002708.SZ,光洋股份,97.36,-256.19,2.98,2.08,2.35,1.4,,0.0,14.51,1.37,137.0,9.12,,47.06,0.04,扣非亏损,扣非转亏,82.86
600285.SH,羚锐制药,15.82,19.09,4.18,19.05,20.44,13.5,4.68,79.05,75.0,20.8,22.54,12.43,,40.61,0.06,1.54,1.0,0.77
688576.SH,西山科技,36.82,39.62,1.93,2.35,3.18,2.85,1.04,39.53,70.78,31.78,-18.92,42.36,,6.12,0.19,0.94,16.87,11.58
003003.SZ,天元股份,25.04,29.64,1.33,3.21,3.99,3.27,0.87,35.71,18.08,5.52,58.76,12.39,,30.86,0.05,2.39,9.25,6.28
000035.SZ,中国天楹,26.47,32.12,1.18,3.29,3.37,3.32,0.43,15.0,33.01,8.98,30.58,-31.29,1.32,62.14,0.11,-1.03,9.75,7.86
600801.SH,华新水泥,18.34,17.82,0.96,3.68,3.91,4.06,4.26,39.85,24.02,6.39,-41.69,5.08,2.38,51.52,0.31,3.51,4.85,4.69
300950.SZ,德固特,19.39,26.37,3.42,13.64,13.76,10.01,0.93,57.69,39.77,23.32,189.1,7.74,,29.49,0.09,3.41,1.93,1.41
600444.SH,国机通用,60.62,40.85,3.42,5.0,4.27,2.1,0.67,36.56,13.85,5.29,159.28,3.18,,49.13,0.17,12.83,8.17,14.2
603290.SH,斯达半导,43.63,36.79,3.74,6.34,6.51,5.49,0.88,29.97,31.69,17.73,-34.44,57.05,,29.98,0.05,0.64,5.8,6.7
873726.BJ,卓兆点胶,-116.5,-95.11,4.18,-3.67,-2.57,-2.81,1.56,76.4,50.22,-15.89,-133.21,-4.61,,10.1,0.23,扣非亏损,扣非亏损,亏损
002340.SZ,格林美,30.36,382.98,1.9,4.21,4.67,3.27,1.47,44.44,13.56,4.27,72.55,36.99,0.23,62.84,0.09,10.35,90.98,6.5
300491.SZ,通合科技,102.28,56.88,2.52,1.57,1.86,1.14,0.54,20.34,28.11,2.84,-65.88,46.98,14.79,43.23,0.07,1.21,36.31,54.99
002603.SZ,以岭药业,38.98,218.42,2.51,4.42,4.8,4.15,1.3,37.06,53.39,8.63,-69.07,7.13,0.97,30.87,0.04,30.61,49.42,8.12
300986.SZ,志特新材,39.63,-184.76,2.33,2.2,3.91,2.74,0.79,-55.56,26.38,3.36,204.25,26.19,,68.37,0.13,扣非亏损,扣非转亏,20.27
000619.SZ,海螺新材,-66.27,-37.93,0.87,-1.67,-1.08,0.1,,0.0,8.29,-0.59,-73.39,14.3,,41.7,0.37,扣非亏损,扣非亏损,亏损
300296.SZ,利亚德,56.48,-212.21,1.65,1.69,2.18,1.72,0.83,44.25,27.67,3.33,-64.49,6.32,8.94,40.94,0.18,扣非亏损,扣非转亏,25.91
300665.SZ,飞鹿股份,-14.57,-31.26,2.82,-13.1,-12.67,-2.22,0.58,45.79,12.49,-21.06,-234.63,11.23,3.4,72.05,0.07,扣非亏损,扣非亏损,亏损
300126.SZ,锐奇股份,-85.73,-51.7,1.68,-2.5,-1.46,-0.94,0.14,100.0,13.39,-4.88,-918.18,10.19,,15.5,0.12,扣非亏损,扣非亏损,亏损
601918.SH,新集能源,8.25,10.33,1.33,12.5,12.76,7.88,2.85,18.43,41.95,22.08,-5.79,17.53,0.02,60.41,0.12,0.59,0.83,0.65
000952.SZ,广济药业,-10.61,-9.05,1.87,-13.39,-12.35,-4.3,,0.0,23.01,-37.31,-144.53,2.73,,60.87,0.19,扣非亏损,扣非亏损,亏损
600699.SH,均胜电子,19.19,18.91,1.85,7.08,7.07,4.14,1.45,33.33,15.59,3.07,40.25,5.44,29.52,68.56,0.3,3.48,2.67,2.71
002343.SZ,慈文传媒,205.76,-107.12,3.2,0.73,1.17,1.34,,0.0,53.32,21.61,315.34,-8.64,,34.36,0.04,扣非亏损,扣非转亏,351.72
601107.SH,四川成渝,10.7,13.91,1.0,6.86,7.02,3.53,5.47,61.84,33.86,16.0,5.75,28.56,,71.63,0.24,0.49,2.03,1.52
300731.SZ,科创新源,182.13,130.96,4.29,2.07,1.77,1.63,0.48,50.0,21.9,1.46,2159.02,28.01,16.09,42.25,0.06,4.67,63.38,102.9
002915.SZ,中欣氟材,-64.67,-19.97,2.57,-3.15,-2.94,-1.01,,0.0,9.4,-4.15,-16.4,12.14,13.48,48.71,0.06,扣非亏损,扣非亏损,亏损
301048.SZ,金鹰重工,40.02,27.45,2.18,3.48,4.16,2.59,0.46,8.91,13.48,5.53,-47.31,5.68,,47.71,0.09,4.84,7.89,9.62
301223.SZ,中荣股份,22.42,21.43,1.14,3.63,3.83,2.61,1.66,28.3,18.6,5.69,-28.84,6.31,0.5,27.53,0.45,3.4,5.9,5.85
300868.SZ,杰美特,288.53,-38.98,2.53,-1.25,0.66,0.7,,0.0,22.48,1.26,63.88,-7.23,,26.36,0.07,扣非亏损,扣非亏损,874.34
839792.BJ,东和新材,37.31,47.9,2.33,4.27,4.79,5.54,,0.0,25.72,11.89,-18.53,7.72,0.19,32.48,0.14,6.2,22.46,15.58
002274.SZ,华昌化工,10.46,9.82,1.29,8.64,9.43,8.47,3.97,39.15,16.06,8.31,13.61,13.75,,26.0,0.04,0.71,1.14,1.11
688117.SH,圣诺生物,43.25,36.29,3.58,5.97,6.31,4.99,0.71,31.75,58.99,16.82,129.64,4.79,,39.88,0.05,7.58,6.08,6.85
603228.SH,景旺电子,19.8,23.12,2.2,8.37,9.59,6.06,2.22,45.05,23.77,9.87,20.3,15.85,,40.15,0.1,1.46,2.76,2.06
300881.SZ,盛德鑫泰,14.05,15.34,3.45,19.17,19.54,8.18,2.16,50.46,19.31,10.09,161.43,33.02,13.54,58.37,0.13,0.46,0.8,0.72
002652.SZ,扬子新材,102.48,-50.67,6.09,-5.24,4.56,3.53,,0.0,6.48,4.52,25.93,-28.24,,41.85,0.01,扣非亏损,扣非亏损,44.95
834261.BJ,一诺威,21.32,23.35,2.16,7.17,7.65,4.98,3.0,66.67,5.81,2.22,29.51,11.7,,41.08,0.18,2.0,3.26,2.79
688299.SH,长阳科技,234.37,923.04,2.71,0.23,0.86,1.28,0.36,14.71,23.92,1.85,-90.97,7.23,,39.64,0.06,127.61,3966.66,272.52
002891.SZ,中宠股份,25.99,32.93,3.98,10.32,12.12,9.08,0.91,30.08,27.55,9.48,42.17,19.05,8.57,38.98,0.04,1.73,3.19,2.14
871970.BJ,大禹生物,-34.67,-37.82,2.47,-6.58,-5.21,-3.48,,0.0,24.43,-18.06,-112.65,4.52,,24.97,0.04,扣非亏损,扣非亏损,亏损
002339.SZ,积成电子,-28.27,1166.48,2.03,-5.54,-5.24,-1.45,0.28,33.33,30.31,-5.46,-28.83,4.73,0.28,49.77,0.18,246.84,扣非亏损,亏损
002878.SZ,元隆雅图,114.35,858.72,2.2,1.23,1.44,1.23,0.27,45.45,16.64,1.4,-45.86,13.53,10.9,33.05,0.11,63.45,697.92,79.41
300008.SZ,天海防务,86.74,104.53,4.38,3.78,3.89,2.86,,0.0,16.0,3.33,-11.41,99.14,,51.18,0.04,1.05,55.37,44.59
300021.SZ,大禹节水,90.26,-667.28,1.93,-0.61,1.48,1.26,0.63,50.85,22.98,0.73,-146.32,24.16,4.47,72.17,0.38,扣非亏损,扣非亏损,60.99
300560.SZ,中富通,198.78,-50.67,3.21,0.64,1.22,1.18,0.07,-5.63,16.08,1.1,-55.72,17.66,11.3,60.64,0.25,扣非亏损,扣非转亏,325.87
603565.SH,中谷物流,13.58,22.76,1.95,5.79,10.63,6.77,8.75,87.8,13.31,13.17,-20.07,7.04,,57.76,0.33,3.23,3.93,1.28
301207.SZ,华兰疫苗,34.04,30.39,1.99,3.17,4.32,3.81,2.16,41.91,81.05,27.93,-64.65,2.41,,20.25,0.19,12.63,9.57,7.88
688458.SH,美芯晟,-89.36,-100.19,1.97,-2.57,-1.67,-2.75,0.13,23.7,23.25,-11.2,-614.57,58.4,,4.46,0.13,扣非亏损,扣非亏损,亏损
601577.SH,长沙银行,4.27,4.51,0.54,8.72,9.84,,5.57,21.35,,32.52,5.17,11.28,,93.03,,0.4,0.52,0.43
605378.SH,野马电池,20.71,23.7,2.58,8.75,9.38,8.07,2.96,94.94,21.48,12.3,61.87,-2.77,,25.36,0.08,-8.55,2.71,2.21
301235.SZ,华康医疗,84.1,43.68,1.24,0.75,1.11,1.22,0.39,9.8,35.05,1.81,-75.38,28.61,,44.17,0.17,1.53,58.38,75.76
000571.SZ,新大洲A,-29.99,-28.04,10.46,-20.4,-23.28,-1.5,,0.0,33.19,-14.82,-26.42,7.97,,60.39,0.17,扣非亏损,扣非亏损,亏损
300345.SZ,华民股份,-15.58,-14.28,5.54,-23.97,-24.02,-7.21,,0.0,-12.31,-28.94,-62.15,144.23,,81.64,0.08,扣非亏损,扣非亏损,亏损
600456.SH,宝钛股份,21.7,37.15,2.17,6.46,7.66,5.51,1.12,30.73,21.45,10.78,-14.27,17.27,,44.08,0.08,2.15,5.75,2.83
000059.SZ,华锦股份,-3.43,-5.74,0.7,-14.5,-14.16,-6.09,0.26,35.0,9.13,-7.91,-362.93,15.88,,52.1,0.57,扣非亏损,扣非亏损,亏损
300114.SZ,中航电测,297.02,530.21,16.41,3.42,4.19,2.69,,0.0,36.91,8.73,-12.45,-1.17,1.19,38.79,0.01,-453.61,310.4,141.78
600391.SH,航发科技,88.9,246.25,3.84,2.37,3.29,2.22,,0.0,17.01,4.15,77.04,18.7,,69.82,0.03,13.17,207.77,54.04
002355.SZ,兴民智通,23.3,-12.37,3.49,-14.31,11.9,10.39,,0.0,1.99,22.78,19.65,-15.58,,51.2,0.02,扣非亏损,扣非亏损,3.92
688393.SH,安必平,45.35,79.28,1.41,1.79,2.32,1.0,0.6,34.88,68.42,6.57,-35.85,10.17,2.12,9.14,0.03,7.79,44.23,19.55
871694.BJ,中裕科技,17.96,17.69,2.3,9.38,9.75,8.09,1.49,21.9,48.36,17.31,-19.72,38.02,,30.18,0.3,0.47,1.89,1.84
600638.SH,新黄浦,47.0,-339.86,0.78,1.15,1.25,1.23,0.54,30.37,27.53,7.52,-38.17,63.83,,76.08,1.33,扣非亏损,扣非转亏,37.6
600720.SH,中交设计,16.85,10.35,1.39,6.66,7.72,3.87,2.55,19.65,28.56,14.81,-9.2,1.43,,48.44,0.84,7.21,1.55,2.18
688722.SH,同益中,28.16,30.52,2.37,6.12,6.46,6.16,0.59,13.24,36.9,19.74,-36.66,35.7,1.41,10.55,0.15,0.85,4.99,4.36
600363.SH,联创光电,47.43,59.68,4.98,7.54,8.11,5.52,0.22,10.03,19.0,15.59,9.12,-5.37,,40.62,0.08,-11.11,7.92,5.85
000620.SZ,新华联,107.06,-11.7,2.17,0.77,1.54,1.18,,0.0,23.46,1.99,102.17,-14.58,1.93,55.49,0.1,扣非亏损,扣非转亏,139.04
600825.SH,新华传媒,478.57,-323.89,2.53,-0.61,0.4,0.56,0.29,43.33,32.33,1.23,-349.58,0.34,,40.73,0.19,扣非亏损,扣非亏损,1196.43
688552.SH,航天南湖,-84.53,-1407.69,2.56,-2.3,-2.23,-3.28,0.39,27.06,18.57,-68.04,-376.79,-0.36,,17.7,1.03,扣非亏损,扣非亏损,亏损
002664.SZ,信质集团,48.96,32.63,1.65,2.57,2.54,0.96,0.42,11.67,8.85,1.94,-47.02,17.18,,65.67,0.25,1.9,12.68,19.28
600103.SH,青山纸业,42.86,67.27,1.26,1.46,2.22,2.06,0.7,30.29,18.89,4.84,0.47,2.76,0.2,28.97,0.09,24.37,46.21,19.31
002327.SZ,富安娜,19.17,15.73,2.06,6.97,7.83,7.6,7.26,94.2,55.17,15.54,-15.02,1.95,,18.96,0.05,8.05,2.26,2.45
600963.SH,岳阳林纸,-81.84,-99.97,1.24,-0.56,-1.1,-0.01,,0.0,6.9,-1.83,-173.14,7.76,5.37,50.94,0.09,扣非亏损,扣非亏损,亏损
688105.SH,诺唯赞,412.26,-119.92,2.53,-0.75,0.45,-0.03,0.31,-55.56,70.48,1.73,78.6,15.49,3.31,19.59,0.01,扣非亏损,扣非亏损,1832.26
002421.SZ,达实智能,108.04,300.83,2.03,0.99,1.4,1.07,0.62,36.36,27.45,2.18,-60.31,6.26,,62.44,0.18,48.05,304.55,77.17
300572.SZ,安车检测,-121.25,-25.39,2.15,-1.86,-1.31,-1.42,0.11,-6.67,30.67,-9.99,-319.69,-16.8,17.08,26.68,0.22,扣非亏损,扣非亏损,亏损
300478.SZ,杭州高新,-63.09,-38.16,17.82,-20.31,-19.15,-3.09,,0.0,3.36,-6.52,18.65,-1.73,,76.17,0.0,扣非亏损,扣非亏损,亏损
605058.SH,澳弘电子,21.26,28.59,1.7,5.15,6.08,4.54,1.31,32.26,21.68,10.65,-14.89,7.55,,31.13,0.23,3.78,5.55,3.5
300207.SZ,欣旺达,27.94,29.6,1.92,4.98,5.17,1.26,0.81,20.69,16.02,1.45,90.78,19.07,0.32,62.34,0.42,1.55,5.94,5.4
001311.SZ,多利科技,14.67,15.23,1.49,7.66,7.67,7.26,1.66,29.39,22.12,13.68,-10.19,34.07,,19.0,0.41,0.45,1.99,1.91
002262.SZ,恩华药业,19.27,22.63,3.68,15.19,15.08,14.75,1.18,31.07,73.75,24.52,16.35,14.53,,12.61,0.07,1.56,1.49,1.28
600505.SH,西昌电力,579.94,-189.3,3.15,0.91,0.41,1.88,0.14,-9.8,19.38,-0.7,142.79,13.52,,68.48,0.07,扣非亏损,扣非转亏,2828.99
600419.SH,天润乳业,100.61,42.55,1.26,3.12,0.93,0.53,1.16,30.2,18.15,0.13,-48.52,15.4,0.08,55.21,0.18,2.76,13.65,108.18
688498.SH,源杰科技,-16119.28,-1435.52,5.7,-0.21,-0.03,-0.92,0.07,37.04,29.69,-0.31,-219.46,-9.2,,3.63,0.14,扣非亏损,扣非亏损,亏损
000558.SZ,莱茵体育,-311.66,-98.85,3.4,-1.21,-0.82,-0.0,,0.0,31.12,-4.06,35.96,-6.65,0.28,39.08,0.06,扣非亏损,扣非亏损,亏损
000701.SZ,厦门信达,-17.73,-3.27,13.58,-12.2,-67.74,0.52,,0.0,2.21,-0.46,42.4,1.67,10.46,82.1,0.98,扣非亏损,扣非亏损,亏损
000753.SZ,漳州发展,51.01,-205.13,1.23,0.96,1.81,0.16,0.6,31.61,15.34,3.77,-32.68,6.45,0.06,71.28,0.15,扣非亏损,扣非转亏,28.18
600987.SH,航民股份,11.78,9.98,1.23,7.36,7.41,7.02,3.42,46.15,15.19,6.45,10.24,27.74,2.87,33.34,0.47,0.36,1.36,1.59
000988.SZ,华工科技,30.18,44.43,3.8,8.12,9.86,5.28,0.5,15.0,20.98,10.44,3.23,22.93,0.0,49.08,0.1,1.94,5.47,3.06
603439.SH,贵州三力,21.9,20.27,3.54,12.18,12.54,8.18,1.06,28.17,69.28,13.74,22.16,37.68,29.85,39.26,0.09,0.54,1.66,1.75
600127.SH,金健米业,5145.62,1739.19,6.42,-0.41,0.09,0.71,,0.0,4.83,0.04,-118.94,-3.72,,61.44,0.04,-468.14,转盈,114347.22
603869.SH,ST智知,115.55,-27.21,0.81,0.21,0.52,-0.26,,0.0,45.34,4.33,32.87,-6.46,15.58,28.25,0.27,扣非亏损,扣非转亏,444.42
600557.SH,康缘药业,17.9,18.24,1.66,5.51,6.85,5.83,1.81,40.0,74.2,11.71,-10.16,17.16,1.11,22.7,0.21,1.06,3.31,2.61
300901.SZ,中胤时尚,-93.99,-111.62,3.12,-2.2,-2.44,-2.39,1.46,166.67,16.21,-10.17,-183.93,-6.28,,17.75,0.08,扣非亏损,扣非亏损,亏损
002367.SZ,康力电梯,14.4,20.15,1.56,7.4,8.12,4.07,4.65,75.84,29.15,9.79,-17.21,6.05,,51.86,0.5,3.33,2.72,1.77
002510.SZ,天汽模,50.02,184.16,2.85,3.22,4.19,2.23,0.62,33.33,16.8,4.22,9.3,28.33,,63.78,0.15,6.5,57.18,11.94
603009.SH,北特科技,125.59,142.81,6.09,3.07,3.72,2.84,0.39,41.43,19.75,4.34,127.25,8.87,4.87,47.47,0.02,16.1,46.55,33.78
688068.SH,热景生物,-72.16,-22.75,1.2,-3.07,-1.24,-1.66,0.49,64.52,52.44,-11.05,-1028.31,275.67,,4.42,0.02,扣非亏损,扣非亏损,亏损
688211.SH,中科微至,-260.64,-106.57,1.14,-1.57,-0.33,-0.31,0.22,49.59,22.85,-0.66,9.79,24.26,,45.62,0.31,扣非亏损,扣非亏损,亏损
002940.SZ,昂利康,42.51,47.66,1.88,2.58,3.16,3.25,0.97,30.43,40.09,9.52,-54.33,8.11,17.5,42.0,0.24,5.88,18.48,13.45
600351.SH,亚宝药业,14.23,22.17,1.51,7.32,8.09,7.51,2.17,57.36,51.75,10.77,10.66,3.87,0.88,19.18,0.12,5.73,3.03,1.76
300844.SZ,山水比德,72.56,-28.55,2.63,2.07,2.76,2.21,,0.0,51.68,6.83,132.74,-7.62,1.24,16.3,0.27,扣非亏损,扣非转亏,52.58
002802.SZ,洪汇新材,36.81,44.24,3.42,6.01,6.83,6.96,1.95,89.29,29.64,12.88,31.13,-7.11,,9.89,0.02,-6.22,7.37,5.39
300414.SZ,中光防雷,530.25,-68.31,2.8,-0.2,0.4,0.02,0.16,18.75,23.17,1.19,-106.0,8.78,,16.7,0.12,扣非亏损,扣非亏损,1325.62
002035.SZ,华帝股份,12.52,14.86,1.82,10.55,11.07,6.2,4.83,56.87,40.5,8.79,12.0,13.13,2.77,46.49,0.22,1.13,1.41,1.13
301191.SZ,菲菱科思,41.16,48.67,3.36,5.61,6.06,4.28,1.08,48.08,17.87,8.24,-12.29,13.54,,24.55,0.38,3.59,8.68,6.79
300832.SZ,新产业,27.59,28.65,6.27,16.99,17.54,18.3,1.28,47.5,72.34,40.52,20.8,21.55,,8.12,0.01,1.33,1.69,1.57
836504.BJ,博迅生物,81.49,57.08,4.61,3.65,4.05,3.49,4.79,27.78,39.84,9.71,-48.71,-5.4,,25.29,0.07,-10.57,15.63,20.12
300402.SZ,宝色股份,50.52,69.96,2.7,3.66,4.06,2.26,0.5,34.21,18.05,4.45,12.89,16.08,,36.9,0.19,4.35,19.1,12.44
301259.SZ,艾布鲁,-165.66,-120.11,8.9,-4.12,-3.95,-2.83,,0.0,34.3,-29.79,-611.01,-21.78,,43.85,0.04,扣非亏损,扣非亏损,亏损
833914.BJ,远航精密,30.96,54.77,1.96,4.2,4.79,4.63,0.77,31.25,14.98,6.94,33.89,15.98,,18.12,0.1,3.43,13.03,6.46
600975.SH,新五丰,4926.45,-17.41,2.7,-0.21,0.04,1.77,,0.0,5.58,0.29,99.16,29.28,,74.33,0.22,扣非亏损,扣非亏损,246322.6
600071.SH,凤凰光学,-234.76,-61.11,14.96,-11.78,-4.67,-0.23,,0.0,14.88,-1.87,14.78,12.76,0.85,70.96,0.02,扣非亏损,扣非亏损,亏损
688004.SH,博汇科技,-32.57,-31.91,2.38,-5.66,-5.33,-4.62,,0.0,40.09,-31.62,-9.74,-6.97,,12.09,0.05,扣非亏损,扣非亏损,亏损
300706.SZ,阿石创,284.26,584.34,4.94,1.09,1.3,1.25,0.12,37.5,8.51,1.26,30.9,41.38,0.76,57.31,0.1,14.12,537.18,218.67
600545.SH,卓郎智能,-21.89,-23.05,1.09,-3.93,-3.66,-0.9,,0.0,18.71,-4.59,-388.35,8.03,11.69,56.25,0.13,扣非亏损,扣非亏损,亏损
002939.SZ,长城证券,23.76,26.35,1.18,3.76,3.77,,1.44,31.94,,38.91,-9.5,-6.37,0.04,75.05,0.81,-4.14,7.0,6.3
002952.SZ,亚世光电,187.76,303.55,4.89,1.46,1.96,1.26,0.21,57.14,11.88,2.96,-27.06,17.16,,19.87,0.02,17.69,207.24,95.8
300260.SZ,新莱应材,42.04,44.54,5.76,9.9,10.5,5.59,0.2,10.4,25.0,9.15,12.53,28.77,6.21,59.74,0.06,1.55,4.5,4.0
300690.SZ,双一科技,47.21,58.23,2.79,3.98,4.46,3.77,1.12,39.62,24.37,10.12,-22.37,-17.48,,21.63,0.11,-3.33,14.62,10.59
600115.SH,中国东航,-482.17,-14.13,4.49,-1.33,-0.68,1.45,,0.0,6.32,-0.18,83.13,42.93,22.12,85.22,0.1,扣非亏损,扣非亏损,亏损
002522.SZ,浙江众成,62.47,75.01,1.65,1.72,1.98,0.49,0.73,31.82,15.08,-0.56,-53.38,6.85,,33.2,0.15,10.95,43.59,31.55
603590.SH,康辰药业,26.07,41.51,1.23,3.37,3.61,3.65,0.79,31.25,89.37,19.11,-23.43,4.44,2.78,11.98,0.08,9.35,12.3,7.22
300191.SZ,潜能恒信,-83.69,-63.43,4.29,-3.78,-4.0,-0.69,,0.0,31.86,-11.61,56.99,4.62,,58.2,0.12,扣非亏损,扣非亏损,亏损
603160.SH,汇顶科技,64.87,70.17,4.6,4.85,5.44,4.56,0.26,50.0,41.74,13.91,2041.38,-8.36,6.01,14.77,0.09,-8.4,14.46,11.92
600058.SH,五矿发展,44.58,-31.96,1.63,-2.55,1.03,1.68,,0.0,2.79,0.29,-273.59,5.61,,72.3,0.26,扣非亏损,扣非亏损,86.57
002380.SZ,科远智慧,22.23,25.62,2.2,7.07,7.95,5.17,,0.0,40.82,14.1,88.71,19.38,,41.47,0.14,1.32,7.25,5.59
300426.SZ,唐德影视,-40.57,-63.97,63.82,-73.78,-74.38,-1.65,,0.0,77.84,-133.84,-4549.52,36.16,0.0,99.38,0.04,扣非亏损,扣非亏损,亏损
833455.BJ,汇隆活塞,43.3,61.16,4.91,5.89,8.47,9.31,5.31,77.78,36.49,28.46,-2.33,1.9,,5.45,0.01,32.25,10.38,5.11
688081.SH,兴图新科,-25.18,-20.19,3.0,-8.52,-8.45,-8.78,,0.0,59.25,-62.2,-1.41,-7.65,,20.23,0.04,扣非亏损,扣非亏损,亏损
688653.SH,康希通信,-126.72,-152.47,3.6,-2.54,-2.11,-2.77,,0.0,20.81,-8.97,-3048.28,10.88,,5.9,0.11,扣非亏损,扣非亏损,亏损
688166.SH,博瑞医药,56.53,77.63,5.87,7.36,7.37,3.99,0.27,20.0,58.0,15.02,-7.5,15.54,0.32,51.99,0.04,5.0,10.55,7.67
002733.SZ,雄韬股份,31.45,115.52,1.84,4.18,4.36,3.5,1.0,41.68,19.15,4.54,-11.12,13.84,0.08,48.37,0.32,8.34,27.63,7.21
300913.SZ,兆龙互连,73.25,93.2,7.61,6.24,7.98,6.89,0.4,31.58,15.91,6.7,15.04,10.9,,16.51,0.03,8.55,14.94,9.18
002099.SZ,海翔药业,598.92,-27.14,1.75,0.33,0.22,-0.3,,0.0,27.33,0.71,-49.5,-3.44,11.05,28.24,0.15,扣非亏损,扣非转亏,5444.75
688223.SH,晶科能源,53.42,64.9,2.68,1.41,3.55,1.77,2.53,30.27,9.68,1.72,-92.12,55.96,,71.89,0.99,1.16,46.07,15.05
300397.SZ,天和防务,-76.4,-35.15,4.12,-4.03,-3.97,-2.91,,0.0,28.69,-27.52,25.99,-31.53,4.96,38.25,0.03,扣非亏损,扣非亏损,亏损
603589.SH,口子窖,14.14,15.14,2.43,12.72,13.12,13.76,3.31,52.26,74.76,30.05,-4.89,14.53,,20.0,0.06,1.04,1.19,1.08
300333.SZ,兆日科技,-912.25,-216.28,6.2,-0.55,-0.51,1.29,,0.0,58.3,3.29,92.92,-11.24,1.06,1.57,0.01,扣非亏损,扣非亏损,亏损
000672.SZ,上峰水泥,14.8,18.36,0.92,4.17,4.53,2.86,4.96,51.2,26.71,9.89,-35.33,1.58,1.64,46.72,0.46,11.64,4.41,3.27
300689.SZ,澄天伟业,5893.44,-239.44,4.86,-0.89,0.06,-0.12,0.22,52.5,15.67,0.14,-214.33,7.11,,13.05,0.07,扣非亏损,扣非亏损,98224.07
301613.SZ,新铝时代,33.48,,4.74,19.36,19.37,8.52,,0.0,24.84,11.7,,25.38,0.01,64.72,0.07,,,3.46
603159.SH,上海亚虹,81.83,76.15,3.98,3.12,3.61,3.06,0.67,44.0,20.23,5.18,-22.5,-1.4,,20.58,0.05,-54.44,24.43,22.67
300259.SZ,新天科技,27.72,23.31,1.49,3.34,4.02,3.78,3.31,37.84,44.83,19.45,-28.13,-3.08,1.92,14.23,0.12,-7.56,6.97,6.89
002023.SZ,海特高新,101.17,181.25,1.95,0.97,1.45,2.0,0.55,79.11,34.1,5.37,631.01,3.48,0.57,41.13,0.04,52.01,186.2,69.77
603383.SH,顶点软件,58.73,39.56,5.61,6.21,6.92,4.78,2.23,79.71,70.58,23.6,-15.85,28.99,0.65,15.31,0.06,1.36,6.38,8.49
603010.SH,万盛股份,38.62,40.61,1.56,3.1,2.98,1.95,1.71,59.68,17.99,5.18,-17.35,14.59,1.22,40.59,0.27,2.78,13.1,12.96
688503.SH,聚和材料,25.22,33.4,3.04,9.04,8.63,6.79,2.11,42.36,8.92,4.28,7.02,63.09,0.5,46.03,0.05,0.53,3.69,2.92
300820.SZ,英杰电气,32.78,29.84,5.58,12.98,13.33,9.34,0.7,20.1,42.01,23.89,6.59,63.07,,39.14,0.09,0.47,2.3,2.46
002379.SZ,宏创控股,-116.34,-61.17,4.01,-3.12,-2.55,-1.44,,0.0,2.08,-2.0,21.3,7.18,,40.75,0.05,扣非亏损,扣非亏损,亏损
301272.SZ,英华特,29.3,31.77,2.11,4.62,5.39,4.68,0.94,29.14,26.01,12.68,-24.64,22.76,,15.65,0.06,1.4,6.88,5.44
300613.SZ,富瀚微,45.4,52.05,4.39,6.52,7.05,4.59,0.28,10.91,37.86,12.35,-1.87,63.54,9.49,23.21,0.16,0.82,7.98,6.44
002976.SZ,瑞玛精密,-429.71,-155.81,4.0,-1.47,-0.3,-0.42,0.42,34.88,21.01,-0.6,-121.46,39.92,9.15,59.18,0.04,扣非亏损,扣非亏损,亏损
688129.SH,东来技术,21.73,35.7,2.22,4.78,7.32,5.34,1.21,45.58,39.13,14.82,981.35,10.86,,46.89,0.06,3.29,7.47,2.97
603618.SH,杭电股份,23.13,33.1,1.24,3.86,4.11,2.36,0.94,30.0,13.14,1.96,0.69,8.35,,70.27,0.19,3.96,8.57,5.63
000789.SZ,万年青,465.37,-32.96,0.64,-0.43,0.1,0.64,1.31,31.39,14.63,0.47,-110.43,-11.54,0.92,37.08,0.96,扣非亏损,扣非亏损,4653.73
600756.SH,浪潮软件,-40.41,869.88,2.3,-4.25,-4.17,-2.46,0.25,12.5,39.75,-9.35,-420.43,24.72,0.22,46.16,0.09,35.19,扣非亏损,亏损
600326.SH,西藏天路,-107.8,-28.72,2.51,-2.79,-1.82,0.19,,0.0,16.32,-3.35,41.25,-15.18,1.44,54.65,0.24,扣非亏损,扣非亏损,亏损
002286.SZ,保龄宝,19.4,26.07,1.28,4.76,5.03,4.66,0.99,53.33,11.8,5.51,215.92,8.58,,23.99,0.11,3.04,5.48,3.86
688410.SH,山外山,51.28,80.32,2.5,3.02,3.63,2.62,1.37,22.18,47.54,14.32,-70.71,42.28,,12.48,0.24,1.9,26.63,14.13
873122.BJ,中纺标,245.5,284.49,17.81,4.66,5.33,4.38,0.91,50.21,47.47,11.39,-11.81,5.87,,16.44,0.09,48.5,61.04,46.06
688539.SH,高华科技,77.65,70.27,2.67,1.98,2.55,2.23,0.91,50.63,56.41,18.28,-28.16,30.25,,10.32,0.15,2.32,35.4,30.45
832175.BJ,东方碳素,-39.6,-83.22,2.33,-4.2,-4.28,-2.38,0.8,14.93,15.99,-14.99,-169.58,23.78,,44.33,0.11,扣非亏损,扣非亏损,亏损
600152.SH,维科技术,5243.41,-36.82,2.05,-2.75,0.03,-0.09,,0.0,13.33,-0.16,52.86,0.96,,41.81,0.13,扣非亏损,扣非亏损,349560.87
600582.SH,天地科技,8.87,10.9,1.07,8.9,9.19,5.73,5.15,49.12,32.48,12.83,9.4,13.39,0.01,43.38,0.45,0.81,1.22,0.97
002546.SZ,新联电子,25.67,28.45,1.11,3.45,3.24,3.09,2.4,171.43,36.0,18.39,39.22,4.68,,10.63,0.06,6.08,8.24,7.92
688093.SH,世华科技,20.21,24.73,2.67,9.34,10.14,10.75,1.98,46.75,56.64,34.53,33.56,16.21,,7.07,0.05,1.53,2.65,1.99
002116.SZ,中国海诚,17.93,16.91,2.12,8.67,8.99,3.2,2.54,36.34,14.96,4.97,13.13,9.41,,60.43,0.62,1.8,1.95,1.99
600768.SH,宁波富邦,-215.58,-142.68,3.12,-1.2,-1.08,-1.03,,0.0,1.14,-1.49,-50.27,-11.48,,34.72,0.14,扣非亏损,扣非亏损,亏损
601606.SH,长城军工,-86.43,-129.72,3.48,-3.43,-3.04,-1.86,0.07,20.0,14.33,-8.07,-1060.66,0.74,,43.77,0.03,扣非亏损,扣非亏损,亏损
600338.SH,西藏珠峰,41.1,-129.51,3.26,6.38,6.38,5.65,,0.0,46.28,18.48,162.46,17.2,,36.69,0.0,扣非亏损,扣非转亏,12.88
301166.SZ,优宁维,143.54,-240.98,1.3,-0.19,-0.19,0.11,1.22,100.0,18.54,1.7,-120.64,13.65,,9.43,0.34,扣非亏损,扣非亏损,转盈
002826.SZ,易明医药,36.32,310.77,2.76,2.21,5.68,5.28,0.25,37.04,67.05,8.31,49.61,5.45,2.26,22.52,0.12,57.06,140.56,6.39
603606.SH,东方电缆,30.38,39.34,5.46,12.02,14.37,9.59,1.05,31.03,22.16,13.91,-0.96,16.55,,41.73,0.06,2.38,3.27,2.11
603788.SH,宁波高发,16.05,17.6,1.6,7.09,7.45,6.66,4.02,82.19,24.31,14.02,37.7,12.53,,18.52,0.13,1.4,2.48,2.15
301596.SZ,瑞迪智驱,61.94,,7.54,11.41,12.24,9.37,,0.0,32.64,16.89,7.04,-0.32,,25.59,0.13,,,10.12
300925.SZ,法本信息,76.73,92.39,5.35,5.02,5.29,4.18,0.68,26.67,19.53,3.47,46.03,27.67,,25.28,0.06,3.34,18.4,14.5
300073.SZ,当升科技,40.48,37.71,1.9,2.45,3.52,2.55,1.97,19.79,13.13,7.92,-80.35,96.02,0.17,19.13,0.24,0.39,15.38,11.5
300321.SZ,同大股份,111.37,-324.37,2.7,1.41,1.84,1.11,,0.0,14.09,4.14,177.45,-4.21,,8.0,0.11,扣非亏损,扣非转亏,121.05
600862.SH,中航高科,28.97,31.94,5.15,13.74,13.95,11.28,1.01,30.14,38.52,24.12,12.13,18.35,,28.27,0.04,1.74,2.33,2.08
603358.SH,华达科技,52.38,57.34,4.2,6.1,5.94,4.35,1.5,47.3,16.8,6.66,19.71,9.18,2.07,41.85,0.05,6.24,9.4,8.82
688677.SH,海泰新光,34.41,39.01,3.49,6.93,7.54,7.54,1.03,45.83,65.74,30.26,-19.6,21.73,,8.24,0.1,1.8,5.63,4.56
838163.BJ,方大新材,49.16,50.65,5.22,8.04,7.93,5.59,2.72,80.65,16.36,7.31,10.56,19.32,,45.41,0.05,2.62,6.3,6.2
688130.SH,晶华微,-241.98,-48.79,1.82,-1.38,-0.56,-0.72,,0.0,58.28,-7.4,-233.22,-11.31,,1.69,0.75,扣非亏损,扣非亏损,亏损
000790.SZ,华神科技,339.97,202.41,2.5,0.5,0.55,1.61,0.2,22.52,47.92,2.3,-81.3,10.71,9.73,48.94,0.06,18.89,404.66,618.12
001298.SZ,好上好,137.38,254.91,3.57,1.65,1.97,3.15,0.67,50.0,4.38,0.57,-53.44,4.61,,45.22,0.09,55.27,154.73,69.73
000534.SZ,万泽股份,32.27,52.08,4.83,9.71,10.54,6.08,0.92,33.58,76.87,17.31,9.75,21.12,,61.44,0.03,2.47,5.36,3.06
002011.SZ,盾安环境,14.05,14.72,2.37,13.17,13.6,6.75,,0.0,18.19,6.91,0.81,15.97,3.39,55.95,0.26,0.92,2.23,2.07
002298.SZ,中电兴发,-7.77,-4.55,1.2,-11.18,-11.02,-5.9,,0.0,24.38,-27.68,-202.89,-6.67,24.9,47.44,0.13,扣非亏损,扣非亏损,亏损
001209.SZ,洪兴股份,19.17,42.21,1.43,2.68,5.64,5.63,0.56,15.15,34.28,6.19,-35.02,12.38,0.04,28.87,0.18,3.41,15.75,3.4
000883.SZ,湖北能源,9.93,13.29,0.95,7.33,7.38,4.43,2.13,33.41,29.24,18.27,44.66,4.84,2.19,58.34,0.09,2.75,1.81,1.34
002497.SZ,雅化集团,65.69,-15.68,1.3,1.08,1.49,1.01,0.27,100.29,16.13,1.18,-85.24,73.12,4.41,21.69,0.12,扣非亏损,扣非转亏,44.09
600570.SH,恒生电子,95.66,48.24,6.91,3.29,5.41,3.25,0.45,17.33,69.31,10.68,-50.28,20.67,7.78,33.01,0.01,2.33,14.66,17.68
603022.SH,新通联,34.0,29.3,1.95,4.18,4.4,4.22,0.76,30.0,19.73,5.35,4.93,8.23,,28.13,0.1,3.56,7.01,7.73
688515.SH,裕太微,-39.44,-38.8,4.43,-9.67,-8.03,-7.61,,0.0,42.9,-52.6,3.24,629.47,,6.88,0.15,扣非亏损,扣非亏损,亏损
603882.SH,金域医学,121.37,151.84,1.96,0.96,1.16,0.84,1.41,63.77,35.15,1.49,-77.23,9.88,0.65,27.01,0.13,15.37,157.61,104.63
301260.SZ,格力博,554.58,-30.11,1.58,0.48,0.21,-0.11,,0.0,25.45,0.24,112.03,3.11,,50.48,0.73,扣非亏损,扣非转亏,5281.7
600569.SH,安阳钢铁,-1.87,-1.89,1.45,-46.15,-45.0,-5.87,,0.0,-3.93,-9.52,-132.81,15.06,,87.33,1.06,扣非亏损,扣非亏损,亏损
601618.SH,中国中冶,7.9,13.76,0.7,3.76,4.99,1.43,2.35,21.82,9.04,1.87,-29.26,16.82,0.03,74.71,0.54,0.82,3.66,1.58
300601.SZ,康泰生物,45.43,49.79,2.31,3.15,3.6,2.38,1.4,25.97,83.45,17.4,-49.27,19.37,,33.11,0.01,2.57,15.78,12.62
601233.SH,桐昆股份,21.63,52.04,0.8,2.3,2.8,1.79,0.28,12.65,5.14,1.34,21.76,22.37,,66.67,0.6,2.33,22.67,7.72
835305.BJ,云创数据,-71.14,-37.11,3.69,-3.49,-3.82,-2.02,,0.0,22.88,-19.69,-14.59,-3.77,,23.57,0.08,扣非亏损,扣非亏损,亏损
301178.SZ,天亿马,-67.82,-209.67,2.4,-2.46,-2.61,-3.41,0.31,100.0,16.1,-15.97,-236.79,4.9,0.59,24.74,0.26,扣非亏损,扣非亏损,亏损
688665.SH,四方光电,37.2,34.78,3.12,6.02,6.28,4.92,1.17,45.26,41.45,11.44,-40.83,34.22,2.76,27.42,0.05,1.02,5.78,5.92
688235.SH,百济神州,-44.01,-31.41,8.95,-16.2,-14.96,-8.36,,0.0,83.94,-19.27,41.18,122.04,,40.84,0.68,扣非亏损,扣非亏损,亏损
600850.SH,电科数字,41.48,31.99,3.69,6.61,6.72,2.95,2.07,62.05,19.54,4.3,10.67,5.27,,55.09,0.07,6.07,4.84,6.17
605208.SH,永茂泰,48.94,-331.08,1.12,-0.28,1.71,1.51,0.21,22.22,5.89,1.3,-132.58,9.83,,42.67,0.03,扣非亏损,扣非亏损,28.62
002721.SZ,ST金一,8876.04,-30.53,3.54,-0.63,0.03,-0.47,,0.0,22.11,0.22,97.22,-26.62,0.43,6.06,0.16,扣非亏损,扣非亏损,591736.13
300085.SZ,银之杰,-392.37,-255.99,54.59,-10.16,-9.88,-4.37,,0.0,24.12,-9.73,-8.62,-9.89,0.64,47.64,0.01,扣非亏损,扣非亏损,亏损
002627.SZ,三峡旅游,24.91,38.62,1.21,3.35,3.54,3.2,1.87,56.12,33.7,21.24,7.54,-5.61,0.22,21.32,0.38,-6.88,11.51,7.04
600233.SH,圆通速递,14.51,14.59,1.85,9.5,9.8,7.89,2.85,32.36,9.63,5.9,11.02,18.56,1.1,31.58,0.11,0.79,1.54,1.48
002104.SZ,恒宝股份,40.66,59.17,2.32,3.2,4.26,4.05,1.69,57.8,34.21,13.4,-42.72,7.01,,8.12,0.15,8.44,18.48,9.54
002534.SZ,西子洁能,15.86,60.25,2.19,4.16,10.44,3.34,0.8,142.86,19.6,9.43,1650.5,14.83,1.19,69.58,0.35,4.06,14.49,1.52
600663.SH,陆家嘴,38.39,42.09,2.2,4.42,4.52,1.7,1.3,50.18,56.74,18.57,1.97,-9.54,1.81,69.74,0.22,-4.41,9.53,8.49
603172.SH,万丰股份,73.43,72.25,1.84,1.85,1.89,1.35,0.57,29.41,21.56,5.4,-32.58,-0.59,,25.07,0.59,-122.76,39.14,38.85
000546.SZ,金圆股份,28.76,-5.74,1.06,-3.97,2.76,1.18,,0.0,0.64,1.7,-14.52,-28.38,,16.32,0.05,扣非亏损,扣非亏损,20.84
300507.SZ,苏奥传感,36.97,60.31,2.65,3.37,5.54,5.76,0.89,37.5,24.26,16.55,25.03,11.39,0.0,26.14,0.04,5.29,17.9,6.67
601326.SH,秦港股份,10.92,12.97,1.01,6.75,7.08,6.03,2.91,30.74,38.84,26.9,1.39,3.01,,27.85,0.15,4.31,1.92,1.54
300937.SZ,药易购,148.48,168.65,3.26,1.1,1.63,1.0,0.7,35.48,8.61,0.32,-80.09,16.74,1.96,50.1,0.14,10.07,153.17,91.09
603987.SH,康德莱,15.25,16.15,1.34,6.62,6.67,5.02,1.68,30.19,31.3,10.76,-8.72,-1.19,7.13,29.49,0.1,-13.52,2.44,2.29
002392.SZ,北京利尔,12.1,13.7,0.92,5.42,5.76,3.86,1.67,19.09,15.12,6.41,4.06,9.9,0.13,40.75,0.26,1.38,2.53,2.1
430718.BJ,合肥高科,22.87,24.57,2.73,8.93,9.27,6.64,1.55,14.49,11.95,5.96,17.96,18.8,,34.08,0.07,1.31,2.75,2.47
002084.SZ,海鸥住工,-331.99,-7.85,1.26,-0.39,-0.28,0.23,0.76,-8.36,15.52,-0.2,-213.29,-2.83,,54.19,0.37,扣非亏损,扣非亏损,亏损
300051.SZ,琏升科技,-36.65,-30.59,12.38,-28.96,-22.6,-6.21,,0.0,-4.31,-67.39,-307.48,5.82,,73.21,0.03,扣非亏损,扣非亏损,亏损
603156.SH,养元饮品,16.37,21.24,2.72,9.24,11.37,10.78,7.53,137.98,46.53,29.06,-9.32,15.26,,18.49,0.05,1.39,2.3,1.44
300292.SZ,吴通控股,64.36,121.88,5.0,6.74,6.01,4.07,,0.0,10.68,2.55,44.61,-0.09,,47.48,0.05,-1379.21,36.17,21.42
873527.BJ,夜光明,53.87,74.85,2.11,2.82,2.92,1.86,0.76,47.06,17.9,4.0,97.18,4.92,,35.96,0.39,15.21,26.52,18.45
300967.SZ,晓鸣股份,-205.74,-23.14,3.63,-2.91,-1.16,1.18,,0.0,9.98,-1.33,69.29,15.54,,55.12,0.07,扣非亏损,扣非亏损,亏损
300177.SZ,中海达,-261.39,-19.02,5.43,-3.71,-1.55,-1.17,,0.0,41.81,-5.7,28.66,-11.77,2.88,48.42,0.05,扣非亏损,扣非亏损,亏损
300452.SZ,山河药辅,18.15,22.47,3.39,11.81,13.81,9.6,1.76,36.23,32.19,19.16,-5.12,16.49,4.0,37.17,0.06,1.36,1.9,1.31
600726.SH,华电能源,31.18,2035.1,4.64,5.77,11.99,8.19,,0.0,22.05,9.63,175.34,-2.85,4.26,78.09,0.45,-714.76,705.19,5.2
605177.SH,东亚药业,35.71,31.73,1.13,1.89,2.24,1.52,1.23,30.53,26.98,4.69,-51.43,20.46,,42.57,0.14,1.55,16.81,15.94
688489.SH,三未信安,226.75,148.65,2.35,0.17,0.77,-0.18,0.43,33.86,75.64,6.02,-90.0,21.58,6.15,9.07,0.33,6.89,854.33,295.79
300693.SZ,盛弘股份,21.76,20.57,4.73,16.69,17.4,9.32,1.1,25.29,40.17,12.76,0.32,51.98,,50.46,0.05,0.4,1.23,1.25
600313.SH,农发种业,98.51,275.83,3.79,0.35,2.93,2.21,,0.0,8.14,2.73,-89.97,23.67,4.63,43.95,0.14,11.65,1593.03,67.24
002599.SZ,盛通股份,6419.28,244.03,2.68,-0.38,0.03,0.39,0.3,200.0,15.9,0.07,79.56,6.0,12.73,38.8,0.05,40.7,转盈,213975.87
836208.BJ,青矩技术,26.91,20.89,3.91,10.21,10.95,8.83,6.69,51.78,46.38,17.8,0.13,11.99,3.45,28.38,0.11,1.74,2.05,2.46
300578.SZ,会畅通讯,138.89,-10.13,3.63,0.47,1.98,1.39,,0.0,33.4,6.64,131.58,-15.76,5.33,8.72,0.09,扣非亏损,扣非转亏,140.3
300853.SZ,申昊科技,-16.81,-10.08,3.09,-12.72,-10.78,-6.49,0.74,-28.99,16.66,-162.51,-4467.52,-8.21,,46.92,0.14,扣非亏损,扣非亏损,亏损
832419.BJ,路斯股份,19.26,20.8,2.86,11.39,11.57,8.98,0.61,10.59,22.95,10.52,21.66,18.24,,21.71,0.1,1.14,1.83,1.66
600439.SH,瑞贝卡,319.84,861.09,1.55,0.32,0.36,1.35,0.37,91.74,33.32,1.12,-24.03,-1.49,0.58,46.9,0.19,-577.48,2713.8,888.44
688776.SH,国光电气,116.8,92.33,3.61,2.08,2.34,1.66,0.21,24.1,35.1,9.53,-20.29,22.86,,22.43,0.13,4.04,44.33,49.92
603283.SH,赛腾股份,24.13,20.72,5.3,17.99,19.48,10.55,,0.0,44.69,15.22,18.01,30.81,10.61,52.03,0.04,0.67,2.3,2.48
300165.SZ,天瑞仪器,-203.71,-16.74,1.35,-0.55,-0.5,-1.02,,0.0,39.07,-0.7,48.26,6.97,5.27,60.58,0.07,扣非亏损,扣非亏损,亏损
300440.SZ,运达科技,60.46,67.06,2.0,2.36,2.5,1.91,0.6,20.45,41.97,8.44,37.73,15.23,11.65,31.76,0.06,4.4,28.42,24.18
688363.SH,华熙生物,60.56,76.11,4.16,4.68,5.1,5.01,0.57,30.89,73.93,9.27,-24.58,37.33,3.56,18.82,0.02,2.04,16.27,11.87
600841.SH,动力新科,-4.4,-2.72,1.74,-27.19,-25.83,-7.4,,0.0,3.25,-24.13,-16.5,-20.26,,71.88,0.96,扣非亏损,扣非亏损,亏损
603385.SH,惠达卫浴,21.17,-16.03,0.71,1.22,2.53,1.89,,0.0,27.4,3.46,144.61,4.73,,32.42,0.23,扣非亏损,扣非转亏,16.74
603660.SH,苏州科达,-7.28,-10.31,5.67,-41.94,-39.51,-12.85,,0.0,60.93,-47.83,-10.75,-4.48,,68.86,0.11,扣非亏损,扣非亏损,亏损
603798.SH,康普顿,28.83,52.88,1.95,4.08,5.09,5.28,0.62,31.58,19.62,7.81,17.79,14.46,2.58,15.81,0.17,3.66,12.97,5.66
002805.SZ,丰元股份,-23.66,-10.86,2.12,-6.73,-6.12,-2.62,,0.0,-11.01,-16.48,10.99,100.3,,51.26,0.1,扣非亏损,扣非亏损,亏损
601880.SH,辽港股份,30.53,37.31,0.96,1.95,2.36,2.9,1.32,34.11,23.58,13.76,-26.68,-0.23,0.63,26.61,0.14,-159.01,19.09,12.94
002416.SZ,爱施德,28.06,35.72,3.28,7.25,8.74,6.39,4.31,75.64,3.71,1.0,-4.85,15.1,0.87,59.16,0.27,2.37,4.93,3.21
300955.SZ,嘉亨家化,517.68,131.83,1.59,-0.09,0.23,0.05,1.58,87.5,20.83,0.32,-103.53,2.35,,46.89,0.17,56.19,转盈,2250.77
300313.SZ,ST天山,-36.88,-42.24,99.7,-98.29,-100.67,-10.08,,0.0,-2.28,-38.51,-139.13,5.64,,88.41,0.01,扣非亏损,扣非亏损,亏损
688146.SH,中船特气,55.16,66.63,3.16,3.38,4.34,3.95,0.56,28.36,30.48,16.93,8.34,12.5,,10.82,0.64,5.33,19.74,12.71
600702.SH,舍得酒业,28.05,22.46,3.53,9.13,9.27,7.89,2.22,40.22,67.9,14.96,-47.96,40.86,,36.25,0.08,0.55,2.46,3.03
001286.SZ,陕西能源,11.0,13.09,1.49,10.36,10.42,7.87,4.21,49.32,37.92,22.82,12.33,28.79,0.63,53.16,0.52,0.45,1.26,1.06
600738.SH,丽尚国潮,25.24,35.21,1.84,5.47,5.5,4.93,0.75,36.36,67.06,18.62,-12.62,13.77,,42.82,0.06,2.56,6.43,4.59
300279.SZ,和晶科技,44.74,70.21,3.24,4.72,5.6,4.06,,0.0,17.75,3.35,23.85,6.64,14.99,55.88,0.17,10.57,29.78,15.98
300554.SZ,三超新材,-45.82,-60.15,3.8,-6.38,-5.94,-5.4,0.3,33.02,19.81,-17.55,-317.75,26.04,,28.16,0.03,扣非亏损,扣非亏损,亏损
603569.SH,长久物流,64.15,64.64,1.83,2.2,2.07,2.01,0.56,58.33,11.48,2.92,-28.3,-2.16,1.55,47.78,0.11,-29.93,29.33,30.99
605189.SH,富春染织,14.28,15.39,1.11,5.66,5.63,3.2,0.93,22.39,13.64,4.73,75.98,19.6,,61.97,0.29,0.79,2.72,2.54
300349.SZ,金卡智能,14.26,16.02,1.3,5.95,6.88,5.0,4.03,50.0,42.15,13.65,-1.87,17.97,23.45,36.33,0.09,0.89,2.69,2.07
603499.SH,翔港科技,159.68,258.95,8.99,4.28,4.69,4.38,0.51,75.0,22.13,7.7,610.57,13.63,2.33,41.63,0.02,19.0,60.53,34.05
300865.SZ,大宏立,109.99,-235.51,3.14,1.68,2.16,1.6,0.24,-15.85,29.25,6.24,242.4,-1.52,,17.19,0.01,扣非亏损,扣非转亏,101.85
600452.SH,涪陵电力,28.99,33.14,3.08,8.02,8.18,7.12,1.1,30.21,20.71,17.44,-6.18,9.46,,25.6,0.19,3.5,4.13,3.54
688110.SH,东芯股份,-57.92,-31.24,3.09,-4.52,-3.84,-4.01,,0.0,14.42,-30.54,2.86,-2.68,,5.28,0.16,扣非亏损,扣非亏损,亏损
003042.SZ,中农联合,-27.81,-12.28,1.46,-4.16,-3.87,-0.91,,0.0,11.21,-3.67,32.98,3.18,,63.26,0.2,扣非亏损,扣非亏损,亏损
603168.SH,莎普爱思,-74.06,-27.61,1.8,-2.95,-1.8,-0.85,0.16,30.0,50.09,-7.9,-190.1,26.81,21.66,20.36,0.08,扣非亏损,扣非亏损,亏损
002060.SZ,广东建工,16.95,11.81,1.11,4.94,4.9,1.09,3.16,36.11,10.17,1.65,-33.29,9.92,0.13,89.09,2.88,1.19,2.39,3.46
300828.SZ,锐新科技,45.74,45.93,2.96,4.56,4.81,4.87,3.52,33.5,18.55,8.68,-33.15,25.33,,9.53,0.03,1.81,10.08,9.51
002198.SZ,嘉应制药,990.88,603.41,5.13,-0.25,0.38,0.44,0.69,73.96,57.42,1.11,-108.29,0.37,,6.98,0.06,1651.82,转盈,2607.57
300681.SZ,英搏尔,86.0,113.37,3.03,1.37,2.74,1.02,0.16,9.09,16.37,3.18,385.94,78.41,,57.74,0.21,1.45,82.73,31.39
600325.SH,华发股份,10.38,-597.42,0.88,5.85,5.93,0.65,5.13,46.84,15.81,5.61,-41.78,11.78,,70.15,1.72,扣非亏损,扣非转亏,1.75
600600.SH,青岛啤酒,14.78,25.81,3.3,16.37,17.17,12.64,2.68,63.71,41.76,17.72,1.96,6.93,4.26,39.11,0.42,3.72,1.58,0.86
300992.SZ,泰福泵业,74.85,67.33,2.66,1.86,2.43,2.34,0.35,12.71,24.47,3.78,-59.67,20.06,,51.27,0.12,3.36,36.28,30.8
002096.SZ,易普力,22.83,23.87,2.19,7.15,7.37,6.17,1.98,36.61,23.58,8.85,8.54,22.9,11.34,30.88,0.41,1.04,3.34,3.1
300075.SZ,数字政通,407.36,-181.59,2.81,0.47,0.51,0.1,0.28,22.73,36.51,2.99,-89.15,-4.24,10.6,16.82,0.08,扣非亏损,扣非转亏,798.75
300350.SZ,华鹏飞,110.84,-100.33,3.6,-1.87,2.47,2.16,,0.0,15.27,8.83,40.83,-15.24,,17.82,0.08,扣非亏损,扣非亏损,89.75
601777.SH,力帆科技,600.12,-204.0,3.06,0.23,0.38,-0.46,,0.0,9.16,-3.43,-47.36,35.05,2.06,43.6,0.1,扣非亏损,扣非转亏,3158.52
601089.SH,福元医药,14.48,15.83,2.24,10.98,10.84,8.9,2.9,49.02,67.09,15.86,3.29,9.73,,23.55,0.29,1.63,1.44,1.34
600509.SH,天富能源,14.01,20.03,1.2,5.59,6.44,3.22,2.43,46.39,19.3,7.39,13.85,25.44,0.56,69.67,0.14,0.79,3.58,2.18
688981.SH,中芯国际,209.74,236.72,5.23,1.53,1.9,0.59,,0.0,17.64,7.72,-3.19,20.02,,33.44,0.16,11.82,308.89,220.78
688788.SH,科思科技,-12.84,-13.85,1.46,-8.17,-8.13,-8.94,,0.0,49.3,-109.96,-5.63,-22.58,0.71,6.36,0.37,扣非亏损,扣非亏损,亏损
605566.SH,福莱蒽特,57.36,276.81,1.31,1.53,1.71,0.4,0.48,54.55,14.12,3.29,-35.29,-1.82,1.64,22.73,1.08,-152.03,181.42,33.54
301307.SZ,美利信,-81.82,-93.4,1.64,-1.74,-1.48,-0.78,0.35,17.14,10.87,-1.84,-149.67,21.31,0.03,51.54,0.19,扣非亏损,扣非亏损,亏损
002059.SZ,云南旅游,29.94,-12.04,3.41,-10.63,8.93,3.82,,0.0,3.58,28.64,-43.62,-16.74,,51.97,0.06,扣非亏损,扣非亏损,6.71
002575.SZ,群兴玩具,-281.8,-213.8,4.7,-1.93,-1.27,-1.35,,0.0,7.12,-5.52,-328.85,-1.53,0.03,10.93,0.01,扣非亏损,扣非亏损,亏损
688580.SH,伟思医疗,27.9,29.34,1.8,4.21,4.8,4.26,2.36,75.41,71.08,26.79,-24.92,10.72,4.3,9.19,0.22,2.74,6.97,5.81
002829.SZ,星网宇达,-134.45,-39.15,2.26,-1.48,-1.25,-1.33,,0.0,38.06,-13.74,-127.0,7.9,5.47,29.82,0.08,扣非亏损,扣非亏损,亏损
300141.SZ,和顺电气,-3472.7,515.61,3.76,-0.41,-0.08,0.21,0.11,40.0,22.46,-0.31,-248.04,-11.25,,38.21,0.11,-45.84,扣非亏损,亏损
600108.SH,亚盛集团,123.48,158.65,1.41,0.4,0.87,1.59,0.2,10.26,18.26,1.69,-41.74,8.55,,54.11,0.07,18.55,395.65,141.93
000153.SZ,丰原药业,14.96,25.43,1.47,6.06,7.55,4.58,1.6,31.28,22.55,4.45,-9.64,8.79,0.39,56.65,0.08,2.89,4.2,1.98
603086.SH,先达股份,243.92,-16.17,1.0,-0.13,0.31,0.54,,0.0,14.4,0.39,-121.49,12.51,,46.68,0.29,扣非亏损,扣非亏损,1573.68
688399.SH,硕世生物,123.25,-18.54,1.4,-0.49,0.8,0.38,,0.0,65.66,10.11,91.98,21.81,,14.78,0.27,扣非亏损,扣非亏损,308.14
600865.SH,百大集团,19.61,45.19,1.47,2.7,5.46,7.24,2.82,575.0,89.92,92.26,-17.51,-3.36,,7.77,0.02,-13.44,16.72,3.59
601065.SH,江盐集团,12.45,12.16,1.39,8.21,8.31,7.48,3.06,41.67,36.37,18.48,3.18,33.3,0.22,23.1,0.32,0.37,1.48,1.5
836826.BJ,盖世食品,41.25,54.53,5.15,8.01,9.31,7.86,1.37,50.0,17.74,8.09,-2.08,32.56,,33.8,0.1,1.67,6.81,4.43
600095.SH,湘财股份,111.63,218.38,1.83,1.12,1.22,0.81,0.47,83.73,1.22,34.68,7.59,50.27,9.88,70.76,0.6,4.34,194.84,91.21
300026.SZ,红日药业,54.47,130.87,1.39,1.8,1.92,1.98,0.71,17.65,52.2,4.33,-64.12,-1.07,7.73,21.2,0.1,-122.01,72.53,28.37
300301.SZ,*ST长方,-27.53,-11.61,97.21,-161.86,-113.95,-2.36,,0.0,26.05,-9.9,37.56,-19.18,,97.94,0.02,扣非亏损,扣非亏损,亏损
603181.SH,皇马科技,16.64,17.14,2.11,9.78,10.0,8.97,1.37,26.32,25.07,16.58,36.18,0.08,,19.04,0.1,202.06,1.75,1.66
000923.SZ,河钢资源,13.04,11.95,1.05,6.23,6.13,5.12,3.57,42.92,62.48,16.74,-12.99,1.23,,24.0,0.46,9.7,1.92,2.13
688338.SH,赛科希德,26.67,26.78,1.82,5.07,5.13,4.48,0.77,23.64,62.13,36.92,-4.62,7.88,,5.25,0.35,3.4,5.28,5.2
688613.SH,奥精医疗,360.84,-95.63,1.65,-0.6,0.35,0.37,0.27,14.64,74.46,-0.55,-119.92,8.23,1.96,7.53,0.07,扣非亏损,扣非亏损,1030.97
003029.SZ,吉大正元,-48.15,-29.41,3.75,-6.21,-5.81,-3.75,,0.0,56.7,-21.85,11.89,-7.68,,24.38,0.08,扣非亏损,扣非亏损,亏损
688579.SH,山大地纬,96.33,60.72,2.98,1.67,2.3,1.68,0.63,39.43,50.32,9.46,-8.59,6.11,,17.4,0.03,9.93,36.42,41.88
300087.SZ,荃银高科,-90.57,75.42,5.79,-5.76,-4.54,-1.12,1.19,34.48,16.49,-5.8,-1253.65,37.8,7.98,69.39,0.17,2.0,扣非亏损,亏损
601077.SH,渝农商行,4.64,5.84,0.51,7.91,8.37,,7.07,30.69,,49.15,2.63,-0.05,,91.3,,-116.78,0.74,0.55
601339.SH,百隆东方,15.13,65.66,0.86,2.62,4.24,3.64,6.16,88.24,11.39,6.79,138.59,5.18,,34.39,0.25,12.66,25.07,3.57
002186.SZ,全聚德,32.84,64.17,3.52,7.72,8.39,5.23,,0.0,20.06,6.61,1.38,32.03,0.38,41.59,0.05,2.0,16.63,7.83
600510.SH,黑牡丹,52.18,131.27,0.55,0.77,0.77,0.2,2.21,35.71,23.21,3.76,-78.35,-7.51,0.24,62.75,0.51,-17.47,169.68,67.76
300771.SZ,智莱科技,60.08,107.51,1.38,-0.05,1.67,0.59,0.92,100.0,29.03,10.82,97.57,-20.44,,16.44,0.2,-5.26,转盈,35.98
300014.SZ,亿纬锂能,24.54,33.65,2.85,7.01,8.9,3.89,1.18,25.25,17.38,9.62,16.0,85.42,0.16,60.35,0.1,0.39,4.8,2.76
603119.SH,浙江荣泰,36.04,39.02,4.53,9.05,9.71,8.4,0.79,19.44,35.01,20.59,46.34,23.93,,16.87,0.1,1.63,4.31,3.71
300427.SZ,红相股份,-52.42,-7.05,2.82,-5.88,-5.44,-0.7,,0.0,40.41,-12.7,-6.37,-2.51,14.15,50.43,0.11,扣非亏损,扣非亏损,亏损
688052.SH,纳芯微,-32.01,-33.44,2.86,-7.18,-6.48,-6.06,,0.0,33.21,-29.85,-40.52,109.5,,12.27,0.14,扣非亏损,扣非亏损,亏损
301180.SZ,万祥科技,216.21,-544.09,4.62,0.18,1.61,1.51,0.14,41.67,17.75,2.68,-91.04,-5.8,0.12,23.14,0.01,扣非亏损,扣非转亏,134.29
301217.SZ,铜冠铜箔,-70.93,-72.22,1.75,-2.12,-1.82,-1.77,0.51,300.0,-0.37,-3.12,-906.49,19.51,,23.68,0.27,扣非亏损,扣非亏损,亏损
300980.SZ,祥源新材,100.78,155.0,2.71,1.34,2.07,1.66,1.96,81.65,31.86,6.29,-50.01,9.34,,37.92,0.14,16.6,115.34,48.69
688387.SH,信科移动,-95.27,-41.64,3.38,-3.92,-2.63,-1.36,,0.0,23.39,-4.78,15.94,20.23,,52.74,0.38,扣非亏损,扣非亏损,亏损
688662.SH,富信科技,70.95,98.09,4.6,4.68,4.93,3.22,,0.0,26.69,8.48,328.79,-12.26,,29.15,0.1,-8.0,41.94,28.78
000510.SZ,新金路,-54.87,-20.25,1.84,-2.93,-2.7,-0.43,,0.0,10.22,-2.1,57.13,7.4,,43.86,0.1,扣非亏损,扣非亏损,亏损
300439.SZ,美康生物,14.32,20.55,1.48,6.9,7.97,7.05,1.15,20.0,45.8,15.88,7.16,-5.29,,19.16,0.18,-3.88,2.98,1.8
832145.BJ,恒合股份,-60.41,-74.87,2.87,-3.57,-3.5,-5.12,,0.0,21.39,-29.29,-3.41,-18.11,,7.57,0.2,扣非亏损,扣非亏损,亏损
600853.SH,龙建股份,12.66,10.34,1.31,7.18,7.98,1.56,0.82,10.61,13.22,2.18,31.81,14.25,0.02,82.59,0.95,0.73,1.44,1.59
002200.SZ,ST交投,-28.74,-53.04,75.71,-114.04,-141.6,-1.56,,0.0,14.71,-15.32,-37.4,32.89,,90.8,0.32,扣非亏损,扣非亏损,亏损
002817.SZ,黄山胶囊,35.13,37.99,2.07,4.24,4.47,3.78,0.97,38.64,25.62,11.86,-24.02,13.24,,13.96,0.14,2.87,8.96,7.86
000911.SZ,广农糖业,-79.92,-43.32,41.73,-59.34,-29.2,1.91,,0.0,11.71,-1.43,-41855.18,-0.83,,95.54,0.25,扣非亏损,扣非亏损,亏损
688326.SH,经纬恒润,-20.57,-19.12,2.62,-10.27,-9.02,-5.26,,0.0,23.16,-11.49,-179.2,23.73,,52.15,0.2,扣非亏损,扣非亏损,亏损
688601.SH,力芯微,52.7,43.72,5.56,7.25,7.88,6.87,1.15,40.0,45.14,16.94,-14.92,19.09,0.63,7.33,0.05,2.29,6.03,6.69
600301.SH,华锡有色,15.87,18.21,2.95,14.13,12.9,14.72,,0.0,41.2,25.03,117.8,-0.69,11.42,36.22,0.23,-26.21,2.58,2.46
603659.SH,璞泰来,24.58,29.6,2.2,6.28,6.7,3.67,0.67,14.74,29.09,14.7,-26.48,47.15,0.58,54.27,0.17,0.63,4.71,3.67
688592.SH,司南导航,-235.3,134.0,2.5,-2.03,-0.78,-0.76,0.48,16.05,54.64,-4.17,-56.43,19.56,,17.45,0.47,6.85,扣非亏损,亏损
300775.SZ,三角防务,47.05,36.91,2.53,3.36,3.99,2.36,0.65,12.3,30.28,19.11,-67.4,61.21,,38.27,0.2,0.6,10.99,11.79
300374.SZ,中铁装配,-63.25,-38.16,6.72,-8.82,-7.79,-1.06,,0.0,9.0,-5.58,22.89,42.85,,77.67,0.09,扣非亏损,扣非亏损,亏损
688261.SH,东微半导,148.44,1145.19,2.1,0.15,1.06,0.47,0.21,12.08,15.53,4.5,-96.37,61.05,,4.9,0.25,18.76,7665.29,140.04
301065.SZ,本立科技,31.41,34.78,1.64,3.78,3.92,3.2,0.44,17.86,18.53,9.36,8.58,4.51,,20.4,0.37,7.7,9.21,8.01
300280.SZ,紫天科技,265.32,-2.12,2.45,0.73,0.69,0.62,,0.0,3.96,0.7,-95.82,15.9,9.62,63.78,0.05,扣非亏损,扣非转亏,769.04
831768.BJ,拾比佰,-103.64,-123.05,1.46,-1.15,-1.05,-0.43,,0.0,6.83,-0.58,81.42,2.82,,49.21,0.14,扣非亏损,扣非亏损,亏损
003030.SZ,祖名股份,-118.29,-241.56,1.88,-1.39,-1.16,0.42,0.69,46.88,23.7,-1.9,-144.92,6.59,,52.13,0.15,扣非亏损,扣非亏损,亏损
603107.SH,上海汽配,32.29,33.25,2.87,5.78,6.67,6.48,1.29,50.0,20.38,8.61,-6.42,17.13,,24.83,0.22,1.94,5.75,4.84
603098.SH,森特股份,57.4,194.38,2.06,2.1,2.7,1.77,0.37,45.45,19.38,3.82,-10.54,5.82,,52.16,0.19,33.4,92.52,21.26
603373.SH,安邦护卫,31.67,29.02,2.08,4.69,4.89,7.25,1.16,34.01,24.28,9.57,10.6,6.36,0.26,23.55,1.52,4.56,6.19,6.48
300979.SZ,华利集团,20.04,20.35,4.64,17.81,17.98,17.56,2.28,43.8,27.81,16.24,24.45,13.64,0.77,24.78,0.07,1.49,1.14,1.11
603786.SH,科博达,30.79,35.15,4.91,11.67,12.45,10.65,0.84,39.53,29.33,14.92,31.25,17.86,,24.52,0.05,1.97,3.01,2.47
301229.SZ,纽泰格,39.73,37.99,2.74,4.95,5.01,3.74,0.38,13.73,24.15,6.61,-9.47,22.44,2.95,42.99,0.42,1.69,7.68,7.93
688122.SH,西部超导,37.46,46.26,4.62,8.3,9.26,6.24,1.32,60.44,33.98,20.18,4.04,27.11,,44.15,0.05,1.71,5.57,4.05
688739.SH,成大生物,25.97,38.49,1.2,3.26,3.44,3.63,2.46,71.43,82.92,25.31,-27.09,-4.01,,4.82,0.82,-9.61,11.81,7.55
000509.SZ,华塑控股,-232.35,-114.8,28.14,-9.32,-8.69,-1.26,,0.0,3.44,-2.07,2.7,224.0,11.53,73.63,0.02,扣非亏损,扣非亏损,亏损
000031.SZ,大悦城,-17.37,-2.82,1.03,-12.04,-4.35,1.78,,0.0,24.38,1.44,-187.39,-1.11,0.51,76.38,2.08,扣非亏损,扣非亏损,亏损
002404.SZ,嘉欣丝绸,16.76,23.24,1.71,6.84,7.53,5.61,4.97,78.95,12.36,4.5,-12.52,19.41,,37.3,0.22,1.2,3.4,2.23
605488.SH,福莱新材,28.96,43.28,2.15,4.8,5.35,2.43,1.2,50.0,15.01,3.7,24.77,19.36,,59.26,0.13,2.24,9.03,5.41
002587.SZ,奥拓电子,-158.77,-260.13,3.16,-1.67,-1.45,-2.11,0.7,300.0,36.44,-4.55,-829.24,-5.09,0.52,29.02,0.09,扣非亏损,扣非亏损,亏损
601699.SH,潞安环能,12.12,13.04,0.96,5.94,5.89,5.4,7.25,59.96,40.71,12.92,-61.05,24.19,,47.15,0.51,0.54,2.2,2.06
300566.SZ,激智科技,21.44,30.98,2.48,7.41,8.95,5.22,0.8,27.27,24.23,10.22,122.74,18.24,1.77,47.77,0.13,1.7,4.18,2.4
300841.SZ,康华生物,14.31,13.0,2.24,11.84,11.54,11.17,2.58,52.53,94.27,38.28,14.52,15.14,,12.55,0.11,0.86,1.1,1.24
301192.SZ,泰祥股份,32.2,45.06,3.16,6.12,7.52,6.3,0.87,62.5,29.41,13.96,74.24,36.69,1.42,28.99,0.08,1.23,7.36,4.28
300153.SZ,科泰电源,77.36,96.56,3.01,2.35,2.95,1.18,,0.0,12.88,3.34,56.46,17.48,,54.32,0.2,5.53,82.36,52.45
600522.SH,中天科技,17.93,21.23,1.58,6.26,6.73,4.77,1.76,24.1,15.83,6.71,-3.21,2.84,0.02,38.32,0.24,7.49,3.39,2.66
301115.SZ,建科股份,97.72,179.39,1.06,0.09,0.8,0.92,1.96,63.64,35.22,3.12,-94.65,14.71,6.56,26.61,0.16,12.2,1935.21,122.16
002739.SZ,万达电影,117.05,-87.03,3.23,1.02,2.08,3.06,,0.0,23.98,1.8,-92.53,42.27,52.64,66.75,0.1,扣非亏损,扣非转亏,112.55
688314.SH,康拓医疗,22.16,30.11,3.55,10.84,12.49,12.68,0.97,34.41,80.33,31.65,11.63,19.02,0.94,13.14,0.13,1.58,2.78,1.77
000833.SZ,粤桂股份,37.34,45.42,3.2,6.66,6.6,5.37,0.92,57.46,27.11,10.91,406.87,1.98,,35.62,0.18,23.0,6.82,5.66
300231.SZ,银信科技,76.59,107.85,3.28,3.36,3.12,2.9,1.94,78.96,22.13,4.4,-55.06,-4.63,,43.47,0.08,-23.28,32.13,24.55
600259.SH,广晟有色,-27.82,-39.35,3.02,-8.08,-8.44,-3.55,,0.0,0.66,-3.39,-349.73,29.12,,56.36,0.08,扣非亏损,扣非亏损,亏损
600775.SH,南京熊猫,-66.92,-27.27,2.76,-3.44,-3.04,-1.14,,0.0,14.57,-3.54,-147.7,-7.85,,34.18,0.12,扣非亏损,扣非亏损,亏损
603737.SH,三棵树,43.53,-166.85,8.59,9.56,15.7,3.64,0.34,48.48,28.66,4.44,-42.82,16.2,2.89,79.98,0.09,扣非亏损,扣非转亏,2.77
001213.SZ,中铁特货,25.08,33.33,1.01,2.85,3.04,3.37,1.38,41.43,10.06,7.28,-6.25,8.15,,10.94,0.27,4.09,11.7,8.25
600018.SH,上港集团,8.83,11.34,1.06,8.31,9.32,7.29,3.51,30.22,37.6,43.82,-2.9,13.58,0.23,31.07,0.27,0.84,1.36,0.95
000959.SZ,首钢股份,92.47,-66.73,0.51,0.0,0.41,0.96,0.87,35.05,3.74,0.38,-99.75,17.59,,59.52,0.25,扣非亏损,-14197.2,225.53
603800.SH,洪田股份,44.8,32.72,6.45,6.93,10.45,3.86,0.57,15.15,22.27,10.11,16.61,42.38,33.35,71.95,0.09,0.77,4.72,4.29
600906.SH,财达证券,49.28,57.19,2.09,3.17,3.17,,1.33,52.63,,21.7,-32.6,9.74,0.15,76.03,0.95,5.87,18.06,15.55
605305.SH,中际联合,19.02,21.01,2.42,8.92,9.9,8.85,1.27,20.59,48.86,25.51,108.27,19.45,,23.32,0.12,1.08,2.35,1.92
603611.SH,诺力股份,9.29,10.65,1.57,11.21,13.09,5.08,3.29,34.94,23.23,7.0,-0.19,20.71,22.02,68.27,0.17,0.51,0.95,0.71
601155.SH,新城控股,16.0,-120.48,0.5,2.43,2.39,1.29,,0.0,20.19,2.95,-27.63,-4.17,,75.45,0.43,扣非亏损,扣非转亏,13.39
600586.SH,金晶科技,21.33,23.45,1.38,4.74,4.96,3.76,1.5,30.69,17.87,5.89,-33.17,18.78,0.5,45.4,0.25,1.25,4.94,4.3
688183.SH,生益电子,110.14,169.71,6.77,4.45,4.5,3.13,,0.0,21.68,5.87,746.24,-3.37,,41.87,0.01,-50.36,76.22,48.95
002613.SZ,北玻股份,30.41,54.89,2.17,4.67,5.32,4.18,1.32,73.7,27.97,7.59,-5.3,19.39,0.05,32.59,0.23,2.83,11.76,5.72
300787.SZ,海能实业,56.48,66.0,2.64,2.56,3.0,1.59,1.66,49.11,28.8,2.84,-54.86,9.11,,55.4,0.21,7.25,25.77,18.82
301568.SZ,思泰克,53.75,65.12,3.81,4.46,5.25,5.16,1.49,54.46,50.34,24.25,-45.35,1.86,,11.25,0.73,34.98,14.6,10.24
600133.SH,东湖高新,39.92,32.79,1.36,2.06,2.4,1.56,1.39,12.39,30.82,16.94,-23.21,11.57,4.03,48.88,0.13,2.83,15.92,16.63
600386.SH,北巴传媒,101.0,145.92,1.89,1.1,1.4,2.33,0.45,100.0,16.32,1.31,260.43,4.57,,56.9,0.26,31.95,133.14,72.15
003005.SZ,竞业达,122.0,198.74,2.62,1.28,1.62,1.02,,0.0,50.19,7.95,411.79,-10.12,0.11,18.91,0.16,-19.65,310.29,150.62
600598.SH,北大荒,14.67,23.58,3.27,17.34,17.21,12.98,3.68,73.58,38.17,30.78,4.16,15.93,,26.39,0.15,1.48,1.36,0.85
000897.SZ,津滨发展,8.2,10.05,1.32,12.88,12.87,7.44,,0.0,32.99,22.27,-24.81,33.71,,44.25,0.33,0.3,1.56,1.27
002792.SZ,通宇通讯,115.9,406.71,2.86,0.83,1.91,1.11,1.19,100.0,25.39,6.11,243.17,-4.91,,21.21,0.14,-82.9,491.25,60.68
002900.SZ,哈三联,60.98,104.03,1.54,1.55,1.9,1.13,1.47,83.33,51.1,4.47,3.44,-1.74,0.06,39.64,0.42,-59.73,67.28,32.1
601969.SH,海南矿业,19.87,23.47,2.14,6.98,8.16,5.48,1.52,32.26,30.9,17.02,16.73,21.06,,41.53,0.24,1.11,3.36,2.43
002727.SZ,一心堂,21.84,21.46,1.11,4.45,3.75,2.61,1.73,43.45,31.73,2.26,-49.44,11.49,25.48,54.06,0.56,1.87,4.83,5.82
301368.SZ,丰立智能,288.27,430.29,6.23,1.6,1.63,1.07,0.18,42.5,14.9,4.26,-28.97,8.92,,22.31,0.04,48.25,269.62,176.85
688543.SH,国科军工,45.9,51.05,4.1,5.82,6.7,5.16,1.43,72.73,37.25,20.39,43.74,21.94,0.06,24.01,0.26,2.33,8.76,6.85
301001.SZ,凯淳股份,310.71,134.33,2.39,0.29,0.57,0.65,0.49,138.89,28.69,1.57,124.48,-10.26,,10.74,0.24,-13.1,456.74,545.11
601028.SH,玉龙股份,25.44,25.41,2.83,9.13,8.87,5.94,0.47,8.78,59.64,21.8,-16.84,-28.72,,63.26,0.05,-0.88,2.78,2.87
600006.SH,东风股份,-93.81,-30.82,1.76,-3.64,-1.39,-0.85,0.52,30.1,3.03,-1.43,-182.39,-3.12,,49.99,0.28,扣非亏损,扣非亏损,亏损
002677.SZ,浙江美大,33.95,26.62,2.93,5.77,5.72,4.86,7.42,104.17,43.27,16.04,-70.6,-0.62,,9.91,0.19,-43.1,4.61,5.94
600763.SH,通策医疗,34.57,47.96,5.57,12.46,12.49,11.51,0.57,27.93,41.82,26.95,-0.47,11.89,1.62,27.74,0.03,4.04,3.85,2.77
603725.SH,天安新材,19.11,22.47,2.77,9.94,11.01,5.1,1.53,29.82,22.16,4.55,32.27,61.58,19.95,69.61,0.16,0.36,2.26,1.74
001225.SZ,和泰机电,36.94,34.27,1.48,2.52,2.98,2.1,3.19,67.93,37.62,23.56,-48.89,-0.21,,7.76,0.61,-160.88,13.58,12.4
300243.SZ,瑞丰高材,60.45,58.05,2.74,2.89,3.17,3.19,1.02,27.78,14.97,2.48,-48.42,12.76,,50.86,0.14,4.55,20.1,19.07
603926.SH,铁流股份,21.09,29.19,1.32,4.06,4.69,3.01,3.04,88.37,17.9,4.31,-1.53,13.7,0.96,42.15,0.19,2.13,7.18,4.5
603050.SH,科林电气,30.65,26.16,3.73,7.87,9.13,3.74,2.23,30.3,22.76,5.77,-3.2,31.27,,68.0,0.1,0.84,3.32,3.36
000960.SZ,锡业股份,14.55,13.51,1.34,7.54,6.9,5.09,1.82,30.38,11.63,4.61,46.44,-0.59,,41.79,0.11,-22.97,1.79,2.11
300918.SZ,南山智尚,24.65,20.58,2.1,5.76,6.04,4.03,1.67,30.71,33.45,10.7,0.86,5.78,,52.61,0.12,3.56,3.57,4.08
002493.SZ,荣盛石化,87.32,62.31,2.33,1.56,1.99,1.94,0.97,83.33,12.16,0.74,630.51,45.13,,75.93,0.31,1.38,39.92,43.88
688171.SH,纬德信息,228.23,438.25,1.9,0.23,0.62,0.22,0.38,40.95,39.71,8.22,-77.99,-1.56,,3.3,0.58,-280.17,1872.88,368.12
600031.SH,三一重工,23.36,31.67,2.14,6.66,6.99,3.94,1.6,41.14,28.27,8.6,9.42,-8.76,0.07,51.87,0.11,-3.61,4.75,3.34
600121.SH,郑州煤电,339.93,47.88,3.58,-0.11,0.8,2.31,,0.0,26.47,2.57,98.22,16.81,,79.2,0.57,2.85,转盈,849.82
603991.SH,至正股份,-244.56,-81.27,20.37,-7.12,-6.06,-1.45,,0.0,14.94,-6.97,-13.15,9.03,25.08,56.45,0.01,扣非亏损,扣非亏损,亏损
600648.SH,外高桥,22.85,27.77,1.06,2.89,3.47,2.25,4.16,50.0,34.55,8.96,-25.96,-8.9,,71.55,0.43,-3.12,9.61,6.59
301103.SZ,何氏眼科,167.7,-142.15,1.89,0.74,0.8,1.72,2.02,150.43,40.92,1.22,-84.57,12.7,,16.37,0.72,扣非亏损,扣非转亏,209.62
688567.SH,孚能科技,-37.83,-26.54,1.52,-3.1,-2.97,-0.9,,0.0,13.66,-3.3,78.54,161.84,,59.86,0.48,扣非亏损,扣非亏损,亏损
300619.SZ,金银河,-290.29,-105.15,2.32,-1.07,-0.59,0.94,0.49,26.02,18.77,-1.36,-117.15,58.5,,60.65,0.21,扣非亏损,扣非亏损,亏损
301618.SZ,长联科技,98.55,96.99,7.99,7.06,9.16,6.83,,0.0,33.27,13.55,-7.09,-1.51,,20.78,0.2,-64.3,27.46,21.52
002563.SZ,森马服饰,16.62,17.08,1.46,6.4,6.55,5.08,5.2,71.43,44.77,8.01,-5.31,-3.22,,36.75,0.42,-5.3,2.67,2.54
301556.SZ,托普云农,70.1,60.43,7.98,11.66,12.25,8.41,,0.0,53.35,22.83,21.86,22.47,1.0,24.5,0.17,2.69,10.37,11.45
000632.SZ,三木集团,-14.59,-4.03,1.22,-6.9,-6.07,1.22,,0.0,3.93,-0.61,-1243.99,21.29,3.92,79.27,0.47,扣非亏损,扣非亏损,亏损
002351.SZ,漫步者,31.48,32.71,5.38,12.58,12.85,12.1,1.13,42.55,40.18,17.61,20.85,12.29,0.1,20.54,0.08,2.66,2.6,2.45
002601.SZ,龙佰集团,13.26,12.64,1.9,10.9,10.63,5.26,5.25,0.0,26.95,12.25,22.89,24.67,23.02,60.3,0.22,0.51,2.32,2.5
000598.SZ,兴蓉环境,10.2,11.39,1.24,9.31,9.43,4.88,2.99,27.4,44.76,26.87,9.45,14.76,0.01,59.35,0.2,0.77,1.22,1.08
430478.BJ,峆一药业,22.36,27.08,2.37,7.41,8.0,7.58,1.54,31.5,38.39,18.21,28.87,4.84,,9.16,0.18,5.6,3.66,2.79
601528.SH,瑞丰银行,5.79,6.89,0.62,7.44,8.35,,3.64,20.45,,43.98,12.1,8.14,,91.42,,0.85,0.93,0.69
600636.SH,国新文化,-184.04,-18.2,1.85,-0.78,-0.75,-1.18,0.38,-10.43,73.9,-11.53,-134.7,-16.37,26.96,2.74,0.15,扣非亏损,扣非亏损,亏损
600959.SH,江苏有线,58.89,-77.04,0.78,-0.4,1.0,0.87,0.67,30.0,23.53,4.67,45.43,1.13,0.2,37.58,0.32,扣非亏损,扣非亏损,58.89
831195.BJ,三祥科技,24.87,27.37,1.99,5.71,6.1,5.72,0.9,17.65,35.63,6.47,-20.17,13.55,,45.47,0.13,2.02,4.8,4.08
601658.SH,邮储银行,5.2,6.1,0.63,7.61,8.84,,6.0,31.45,,29.19,0.02,6.24,,93.83,,0.98,0.8,0.59
002224.SZ,三力士,58.66,652.3,1.23,1.27,1.54,1.15,0.59,30.0,22.69,8.57,-47.89,0.55,0.0,15.49,0.31,1195.85,513.98,38.09
300488.SZ,恒锋工具,30.58,35.12,2.83,5.51,6.54,6.63,0.81,24.39,45.26,22.08,-8.4,13.82,0.9,33.67,0.02,2.54,6.38,4.68
601016.SH,节能风电,13.33,14.15,1.22,6.74,6.81,4.47,2.8,35.9,51.82,31.91,-0.59,19.86,,58.43,0.13,0.71,2.1,1.96
002866.SZ,传艺科技,93.33,2487.37,2.7,1.88,2.19,0.1,0.07,10.71,23.98,1.57,-43.96,0.44,0.29,51.0,0.21,5661.26,1320.05,42.61
301013.SZ,利和兴,156.73,-111.49,3.76,1.45,1.81,1.13,,0.0,20.31,3.45,269.73,5.12,0.02,44.04,0.02,扣非亏损,扣非转亏,173.18
000972.SZ,中基健康,-38.92,-45.36,14.13,-25.43,-23.96,-1.49,,0.0,13.97,-14.41,-209.61,298.37,,90.25,0.02,扣非亏损,扣非亏损,亏损
002830.SZ,名雕股份,80.63,45.13,2.68,2.34,2.43,1.67,1.61,82.76,31.66,4.36,7.49,-3.23,,50.5,0.33,-13.97,19.32,33.18
603938.SH,三孚股份,71.84,93.53,2.0,1.44,2.1,2.02,0.29,10.2,15.62,3.57,-79.07,34.97,,26.49,0.09,2.67,64.96,34.21
003017.SZ,大洋生物,23.61,21.97,1.57,4.73,5.13,3.42,3.5,72.65,19.05,7.63,48.36,12.49,,36.24,0.24,1.76,4.64,4.6
000935.SZ,四川双马,37.95,23.47,1.68,3.0,3.31,3.3,1.9,26.4,48.8,32.94,-64.94,-5.76,,9.67,0.08,-4.08,7.83,11.47
688302.SH,海创药业,-17.05,-15.19,2.84,-12.88,-11.86,-11.06,,0.0,12.04,-140403.81,36.06,,,12.33,0.19,扣非亏损,扣非亏损,亏损
300746.SZ,汉嘉设计,541.33,-369.26,2.69,0.06,0.36,0.33,3.38,440.0,19.01,0.89,-93.96,1.12,28.66,52.49,0.06,扣非亏损,扣非转亏,1503.7
300002.SZ,神州泰岳,17.39,22.54,3.71,13.22,17.36,16.13,0.68,13.19,61.95,23.95,54.84,18.48,21.16,12.55,0.07,1.22,1.71,1.0
002912.SZ,中新赛克,-74.61,-502.45,2.97,-3.04,-2.85,-3.55,1.07,44.78,76.44,-12.96,-204.64,-4.86,,21.38,0.16,扣非亏损,扣非亏损,亏损
600960.SH,渤海汽车,-13.98,-11.99,0.78,-4.46,-4.21,-1.62,,0.0,7.5,-5.64,-67.0,0.33,,42.66,0.26,扣非亏损,扣非亏损,亏损
603888.SH,新华网,59.61,82.24,3.56,3.76,4.44,2.9,0.84,40.05,36.34,12.87,49.17,13.37,,29.97,0.17,6.15,21.85,13.42
300607.SZ,拓斯达,955.13,-260.44,4.71,0.04,0.38,0.43,0.27,20.48,20.31,0.14,-99.25,20.74,3.46,61.64,0.11,扣非亏损,扣非转亏,2513.5
301266.SZ,宇邦新材,78.26,73.4,3.15,2.39,2.84,2.03,0.49,18.49,6.06,1.86,-65.76,50.34,,49.93,0.32,1.46,30.76,27.56
300722.SZ,新余国科,92.81,104.89,13.15,10.58,10.9,8.87,0.61,48.48,43.44,20.31,3.26,16.89,0.25,26.3,0.02,6.21,9.91,8.51
002122.SZ,汇洲智能,62.69,104.0,2.46,2.66,2.98,1.6,,0.0,20.56,9.04,48.61,4.66,0.67,32.29,0.07,22.3,78.33,42.07
600624.SH,复旦复华,-82.91,-63.68,4.61,-4.97,-4.08,-1.24,,0.0,37.46,-7.05,-603.23,-9.12,,48.22,0.04,扣非亏损,扣非亏损,亏损
000006.SZ,深振业A,-15.65,-8.24,1.69,-7.82,-7.8,-1.88,,0.0,7.66,-13.1,-13054.26,0.33,,67.4,0.24,扣非亏损,扣非亏损,亏损
688158.SH,优刻得,-28.85,-26.06,2.57,-7.13,-6.48,-4.59,,0.0,19.55,-15.19,33.7,-12.34,,28.58,0.16,扣非亏损,扣非亏损,亏损
002703.SZ,浙江世宝,72.62,74.43,5.69,6.21,6.38,4.32,0.18,24.31,19.7,7.01,345.89,18.6,,35.81,0.04,4.0,11.99,11.38
600284.SH,浦东建设,10.19,14.88,0.81,4.96,6.03,1.71,3.41,36.15,8.14,3.33,-6.34,26.23,,74.82,0.59,0.57,3.0,1.69
000795.SZ,英洛华,42.41,41.83,4.34,7.27,7.72,5.76,0.44,34.98,19.78,7.17,390.49,17.25,,30.75,0.07,2.43,5.76,5.49
002248.SZ,华东数控,219.24,-110.21,37.58,10.39,13.92,2.5,,0.0,18.79,3.55,-0.66,13.52,,86.45,0.03,扣非亏损,扣非转亏,31.5
300267.SZ,尔康制药,-187.09,-23.77,1.34,-0.67,-0.54,-0.47,,0.0,30.94,-3.15,-1027.98,-9.05,0.04,12.9,0.15,扣非亏损,扣非亏损,亏损
301139.SZ,元道通信,45.79,42.89,1.47,2.54,2.43,2.06,0.17,10.0,15.58,4.22,8.49,15.62,0.08,35.82,0.23,2.74,16.86,18.84
600877.SH,电科芯片,217.83,107.19,6.98,1.88,2.0,1.89,,0.0,30.55,8.12,-45.3,-3.82,,14.95,0.06,-28.06,114.27,217.83
000586.SZ,汇源通信,-533.86,-240.18,5.62,-1.0,-0.79,0.17,,0.0,30.87,-0.61,-118.27,1.01,,37.72,0.04,扣非亏损,扣非亏损,亏损
300591.SZ,万里马,-22.36,-12.65,4.57,-14.33,-14.25,-6.04,,0.0,10.16,-15.13,-1312.85,22.95,,51.46,0.04,扣非亏损,扣非亏损,亏损
300816.SZ,艾可蓝,27.98,57.25,2.29,4.82,6.26,4.08,,0.0,23.39,8.22,430.47,16.79,2.71,55.46,0.17,3.41,23.74,8.94
000783.SZ,长江证券,20.22,22.12,1.16,3.88,4.02,,2.23,46.15,,29.88,21.06,-2.37,0.14,75.71,1.35,-9.35,5.71,5.03
688625.SH,呈和科技,20.16,21.13,4.1,15.07,15.17,6.56,3.44,44.64,45.08,30.53,20.34,20.29,1.49,58.58,0.09,1.04,1.4,1.33
600157.SH,永泰能源,19.12,17.46,0.79,2.99,3.12,3.76,0.41,5.45,25.93,8.1,-13.67,12.61,8.8,51.22,0.05,1.38,5.85,6.13
301498.SZ,乖宝宠物,39.12,44.39,6.01,11.43,12.04,13.19,0.43,14.78,41.98,12.85,41.75,29.65,,12.08,0.08,1.5,3.88,3.25
300476.SZ,胜宏科技,34.43,41.02,4.23,9.76,9.55,5.15,1.03,24.36,21.55,9.93,33.2,13.14,14.27,53.65,0.05,3.12,4.2,3.61
600415.SH,小商品城,20.77,24.8,3.26,12.19,12.31,8.48,2.73,40.82,32.0,21.97,6.12,45.51,1.44,44.78,0.03,0.54,2.03,1.69
000668.SZ,荣丰控股,-28.1,-19.01,1.2,-4.04,-3.17,-1.23,,0.0,-1.68,-88.87,-19.52,67.24,,38.56,0.01,扣非亏损,扣非亏损,亏损
301089.SZ,拓新药业,-1171.61,-50.16,2.64,-0.65,-0.17,-0.72,0.46,12.95,25.69,-0.81,-103.4,19.27,,10.17,0.07,扣非亏损,扣非亏损,亏损
002690.SZ,美亚光电,22.54,23.16,5.27,16.51,17.03,14.78,3.56,82.75,50.45,28.52,-20.14,17.51,,18.77,0.18,1.32,1.4,1.32
300931.SZ,通用电梯,148.55,184.79,2.4,0.32,1.2,0.45,1.18,221.73,28.6,2.01,-82.91,1.72,,37.51,0.16,107.19,581.12,123.79
600612.SH,老凤祥,11.64,14.7,2.23,14.21,14.65,13.07,2.83,46.07,8.56,4.34,-14.2,11.4,,40.08,0.74,1.29,1.03,0.79
301486.SZ,致尚科技,75.48,92.2,2.42,2.17,2.36,3.71,0.83,61.54,35.09,14.06,0.68,1.37,4.0,13.14,0.09,67.14,42.44,31.99
002468.SZ,申通快递,18.77,21.25,1.74,7.02,7.17,4.17,0.26,8.7,5.82,1.91,204.77,23.99,8.41,61.52,0.11,0.89,3.03,2.62
300502.SZ,新易盛,40.37,46.69,12.51,26.2,26.29,21.87,0.31,15.98,42.34,32.08,287.73,17.65,2.85,27.88,0.02,2.64,1.78,1.54
300464.SZ,星徽股份,-44.27,-67.27,4.63,-1.17,-8.02,-0.91,,0.0,21.54,-3.5,-243.81,-33.45,58.62,67.29,0.1,扣非亏损,扣非亏损,亏损
601388.SH,怡球资源,55.77,60.83,1.27,1.86,1.75,1.69,0.5,21.49,5.83,1.53,-37.2,9.47,0.35,29.76,0.1,6.42,32.7,31.87
601519.SH,大智慧,-62.76,-52.29,11.71,-12.48,-12.76,-9.86,,0.0,58.61,-39.31,-85.62,3.54,20.64,27.43,0.08,扣非亏损,扣非亏损,亏损
300128.SZ,锦富技术,-35.45,-20.12,8.15,-15.57,-15.21,-4.13,,0.0,12.45,-14.97,-30.66,13.26,17.12,64.64,0.04,扣非亏损,扣非亏损,亏损
600272.SH,开开实业,61.83,2439.8,4.61,0.21,5.68,5.02,0.43,30.63,18.05,5.98,-86.89,8.29,,54.62,0.07,294.28,11860.94,10.89
688416.SH,恒烁股份,-20.6,-14.16,2.0,-8.04,-7.08,-6.74,,0.0,15.47,-39.66,-10.39,24.86,,5.67,0.24,扣非亏损,扣非亏损,亏损
002072.SZ,凯瑞德,-535.61,-6027.75,35.7,-5.39,-4.88,-2.31,,0.0,2.75,-0.5,-80.71,185.24,,51.86,0.0,扣非亏损,扣非亏损,亏损
002842.SZ,翔鹭钨业,-41.58,-12.25,2.47,-7.91,-4.01,0.17,,0.0,5.97,-2.49,-34.47,11.8,0.45,60.86,0.06,扣非亏损,扣非亏损,亏损
688428.SH,诺诚健华,-60.77,-64.71,3.28,-3.83,-3.95,-4.47,,0.0,85.95,-40.89,51.27,25456.05,0.05,27.87,2.03,扣非亏损,扣非亏损,亏损
002936.SZ,郑州银行,6.9,15.73,0.46,4.14,5.14,,,0.0,,25.32,-18.14,-2.05,,91.48,,-7.69,7.6,2.69
002110.SZ,三钢闽光,-5.13,-9.39,0.48,-4.01,-6.74,-2.97,,0.0,3.13,-3.99,-5432.47,1.38,,63.48,0.72,扣非亏损,扣非亏损,亏损
300804.SZ,广康生化,57.63,104.8,1.39,0.93,1.83,1.81,2.19,0.0,22.66,4.84,-41.87,6.77,,31.13,0.18,15.48,226.26,62.98
002551.SZ,尚荣医疗,141.11,-17.38,1.06,0.13,0.56,0.1,,0.0,15.84,1.85,-59.91,-18.76,0.05,29.45,0.21,扣非亏损,扣非转亏,503.98
300337.SZ,银邦股份,85.47,127.69,7.21,6.06,6.5,3.62,0.25,25.48,10.5,2.87,68.76,23.74,2.68,67.89,0.03,5.38,21.07,13.15
002715.SZ,登云股份,145.87,98.33,5.12,2.82,2.68,2.76,,0.0,31.04,2.99,11.76,14.03,,58.58,0.02,7.01,69.66,108.86
600403.SH,大有能源,-7.44,-5.74,1.3,-12.54,-12.41,-1.9,,0.0,13.34,-18.71,-1173.97,-2.62,,68.89,0.64,扣非亏损,扣非亏损,亏损
600751.SH,海航科技,55.69,128.16,1.11,1.38,1.51,0.76,,0.0,6.52,13.36,72.5,64.64,,22.03,0.51,1.98,185.35,73.76
603308.SH,应流股份,32.6,32.56,2.16,4.88,4.99,2.8,0.84,27.27,33.89,11.03,11.59,9.59,,56.55,0.05,3.4,6.68,6.53
002689.SZ,远大智能,-345.18,-65.12,3.26,-4.12,-0.71,-0.05,,0.0,24.7,-1.11,-408.59,17.4,,38.65,0.07,扣非亏损,扣非亏损,亏损
301359.SZ,东南电子,47.07,50.42,2.48,3.67,3.92,3.34,1.88,108.7,28.53,14.91,10.22,2.32,,6.37,0.43,21.72,13.73,12.01
002109.SZ,兴化股份,-10.18,-8.57,0.92,-6.35,-5.75,-2.1,,0.0,-2.78,-11.96,-53.93,23.57,,52.53,0.36,扣非亏损,扣非亏损,亏损
301090.SZ,华润材料,-34.58,-34.38,1.71,-4.51,-3.6,-2.8,0.36,15.14,-0.46,-1.86,-182.47,10.74,,34.33,0.51,扣非亏损,扣非亏损,亏损
832522.BJ,纳科诺尔,32.92,44.35,6.48,15.21,15.81,7.61,1.32,16.22,26.59,17.64,31.97,59.64,,51.38,0.06,0.74,2.92,2.08
300255.SZ,常山药业,1878.76,-20.65,10.04,-1.55,0.4,0.9,,0.0,18.06,-3.55,93.0,-11.78,,62.19,0.02,扣非亏损,扣非亏损,9393.78
300943.SZ,春晖智控,51.19,49.58,2.81,3.73,4.13,2.88,0.84,31.58,26.05,10.22,19.63,-2.9,2.89,19.75,0.21,-17.08,13.28,12.4
301127.SZ,天源环保,33.17,28.73,3.01,6.8,6.65,4.55,1.55,24.64,33.98,15.32,8.38,52.89,0.01,55.29,0.25,0.54,4.23,4.99
000821.SZ,京山轻机,15.22,22.08,2.17,9.89,11.25,3.39,0.55,16.11,19.02,7.45,27.46,33.62,15.48,71.69,0.27,0.66,2.23,1.35
600889.SH,南京化纤,-14.64,-12.05,4.34,-20.21,-20.04,-10.79,,0.0,-7.65,-41.06,-58.02,10.07,,59.18,0.02,扣非亏损,扣非亏损,亏损
301393.SZ,昊帆生物,36.81,45.01,2.11,3.75,4.32,3.71,0.42,23.36,41.63,29.36,16.13,12.95,,4.03,0.23,3.48,11.99,8.52
688297.SH,中无人机,-269.31,-644.3,5.26,-1.67,-1.44,-1.78,0.46,39.33,26.31,-22.4,-140.85,37.16,,27.04,0.37,扣非亏损,扣非亏损,亏损
834682.BJ,球冠电缆,21.95,19.57,2.37,7.77,8.13,5.03,4.47,67.8,10.59,3.31,14.77,13.49,,58.72,0.15,1.45,2.52,2.7
001319.SZ,铭科精技,33.19,34.27,2.69,5.56,6.1,5.37,1.49,52.96,29.01,11.49,13.01,6.72,,22.17,0.16,5.1,6.16,5.44
600377.SH,宁沪高速,12.12,14.87,1.81,11.48,11.57,7.31,4.59,53.65,34.99,30.86,7.95,26.42,,44.04,0.01,0.56,1.3,1.05
002375.SZ,亚厦股份,16.13,25.2,0.68,2.93,3.2,1.38,0.44,10.53,13.22,3.02,5.78,6.16,2.54,62.17,0.33,4.09,8.61,5.04
837174.BJ,宏裕包材,-211.51,-121.2,2.57,-2.07,-0.87,-0.26,3.52,102.04,5.45,-0.92,-146.13,5.6,,47.52,0.48,扣非亏损,扣非亏损,亏损
301291.SZ,明阳电气,22.0,20.97,2.88,9.95,9.94,5.81,2.54,35.16,23.05,10.65,38.45,44.75,,47.83,0.31,0.47,2.11,2.21
002032.SZ,苏泊尔,21.92,20.28,7.46,23.49,24.46,13.82,5.15,100.4,24.47,8.67,5.26,5.04,,52.87,0.06,4.02,0.86,0.9
603861.SH,白云电器,25.36,25.95,1.43,4.01,4.19,2.19,0.86,33.6,18.14,3.51,179.23,13.2,,67.35,0.12,1.97,6.47,6.05
000034.SZ,神州数码,19.71,18.33,2.54,9.62,9.99,3.96,1.49,24.86,4.49,1.0,2.1,10.29,13.19,77.64,0.24,1.78,1.9,1.97
000709.SZ,河钢股份,30.54,48.58,0.45,0.47,0.73,1.81,1.88,44.44,8.53,0.72,-45.98,6.81,0.0,74.76,1.54,7.14,103.38,41.83
002948.SZ,青岛银行,4.81,5.67,0.61,8.26,9.51,,5.25,28.07,,33.95,16.52,5.77,,93.49,,0.98,0.69,0.51
002456.SZ,欧菲光,804.88,167.33,13.95,0.76,1.36,1.82,,0.0,11.49,0.68,104.7,-24.71,2.74,79.01,0.03,-6.77,439.83,1183.65
603929.SH,亚翔集成,10.21,12.49,3.58,28.31,28.61,13.14,4.18,74.63,12.95,9.91,92.79,60.25,,62.51,0.37,0.21,0.44,0.36
003002.SZ,壶化股份,30.69,29.74,3.18,7.05,7.87,6.18,1.65,24.51,40.3,13.67,-30.44,33.19,5.61,27.94,0.07,0.9,4.22,3.9
000550.SZ,江铃汽车,14.37,15.71,2.04,10.19,10.86,2.39,3.59,40.0,13.86,3.26,64.96,0.69,,65.42,0.83,22.74,1.54,1.32
002547.SZ,春兴精工,-23.36,-13.09,82.99,-142.21,-114.22,-3.14,,0.0,7.68,-11.68,-245.89,-20.45,,98.2,0.08,扣非亏损,扣非亏损,亏损
000882.SZ,华联股份,122.93,-3681.0,0.72,0.11,0.42,1.79,,0.0,54.82,3.02,77.26,9.0,0.76,46.45,0.24,扣非亏损,扣非转亏,585.38
300492.SZ,华图山鼎,60.16,3628.97,28.49,35.59,47.18,12.2,,0.0,57.9,6.07,1641.05,38.7,,81.74,0.04,93.78,203.95,2.55
301118.SZ,恒光股份,-31.14,-22.7,1.67,-5.14,-3.95,-1.83,,0.0,6.41,-6.34,-142.97,16.34,,44.72,0.09,扣非亏损,扣非亏损,亏损
605011.SH,杭州热电,40.28,45.04,3.97,6.79,7.55,6.48,0.64,30.19,11.72,8.07,0.38,19.03,,30.94,0.07,2.37,6.63,5.33
600640.SH,国脉文化,573.04,659.54,2.56,0.89,0.34,-0.66,0.02,30.77,17.21,1.29,353.51,-17.43,0.0,16.04,0.06,-37.84,739.97,1710.06
600996.SH,贵广网络,-12.51,-6.64,3.43,-20.95,-18.71,-2.73,,0.0,-8.95,-56.54,-48.43,-12.11,0.03,76.16,0.02,扣非亏损,扣非亏损,亏损
603528.SH,多伦科技,97.45,-20.14,2.75,-0.55,2.1,1.5,,0.0,36.96,7.83,43.35,-4.07,2.54,16.89,0.07,扣非亏损,扣非亏损,92.81
000710.SZ,贝瑞基因,238.19,-11.4,1.76,0.69,0.56,1.16,,0.0,50.61,1.7,111.17,-9.11,0.7,24.86,0.08,扣非亏损,扣非转亏,850.69
002857.SZ,三晖电气,-57.76,-101.73,3.38,-5.06,-4.19,-3.31,0.22,72.0,31.86,-15.45,-130.92,19.89,,39.73,0.12,扣非亏损,扣非亏损,亏损
002342.SZ,巨力索具,-678.7,-297.34,1.36,-0.44,-0.15,0.71,0.07,-32.97,21.03,-0.24,-284.58,2.2,,51.89,0.16,扣非亏损,扣非亏损,亏损
601106.SH,中国一重,-89.4,-7.02,2.47,-3.06,-2.05,0.5,,0.0,7.01,-1.53,-5499.86,-2.88,,78.6,0.13,扣非亏损,扣非亏损,亏损
300113.SZ,顺网科技,34.8,44.79,4.57,10.0,10.1,9.93,0.57,32.13,41.73,16.82,36.36,11.76,9.99,16.49,0.08,3.81,4.48,3.45
600583.SH,海油工程,10.61,16.87,0.95,5.15,6.84,4.32,2.47,39.73,11.77,8.63,20.88,21.29,,41.59,0.26,0.79,3.28,1.55
600893.SH,航发动力,116.04,106.49,2.82,1.72,1.82,1.18,0.43,30.19,12.04,3.15,-19.62,15.26,,60.16,0.03,6.98,61.86,63.76
603333.SH,尚纬股份,100.11,262.73,1.2,0.88,0.89,1.07,0.18,33.33,19.19,1.57,-13.49,3.65,,34.57,0.17,72.07,299.17,112.48
301565.SZ,中仑新材,57.12,,3.73,5.6,6.17,3.76,,0.0,13.12,6.36,-29.76,2.41,0.25,34.98,0.52,,,18.51
600136.SH,ST明诚,-99.86,0.99,10.99,-6.03,-7.93,-6.15,,0.0,3.31,-28.06,99.5,4.72,18.11,52.35,0.03,0.21,扣非亏损,亏损
002285.SZ,世联行,-230.24,-19.17,2.13,-3.44,-0.69,-0.96,,0.0,4.96,-1.9,-65.09,-19.78,4.32,35.54,0.16,扣非亏损,扣非亏损,亏损
301360.SZ,荣旗科技,119.36,62.24,2.54,1.28,1.59,0.47,0.32,33.33,44.67,8.06,390.33,14.95,,16.91,0.24,4.16,48.46,75.07
601118.SH,海南橡胶,-39.31,-31.19,2.6,-5.16,-4.82,0.1,0.49,30.12,2.88,-1.82,27.78,47.61,16.42,69.82,0.22,扣非亏损,扣非亏损,亏损
000938.SZ,紫光股份,35.34,42.24,5.52,5.85,4.92,2.83,0.72,19.05,17.59,3.44,6.91,8.82,84.54,80.55,0.1,4.79,7.22,7.18
300101.SZ,振芯科技,134.24,-630.88,7.29,2.97,4.05,2.71,,0.0,56.28,12.5,-58.58,19.51,0.38,30.42,0.01,扣非亏损,扣非转亏,66.29
301278.SZ,快可电子,27.22,26.51,2.57,6.45,7.29,5.37,0.52,12.88,19.23,11.96,-41.74,37.5,,28.48,0.08,0.71,4.11,3.73
002869.SZ,金溢科技,127.78,284.37,2.46,0.73,1.46,0.48,0.49,34.48,35.93,8.82,23.24,-4.5,,16.46,0.21,-63.16,389.45,87.52
600664.SH,哈药股份,14.38,17.73,1.87,9.46,10.21,5.19,,0.0,28.23,4.47,91.39,12.82,0.66,58.3,0.32,1.38,3.75,2.82
002535.SZ,林州重机,16.05,18.53,4.4,22.38,22.95,5.63,,0.0,31.26,10.61,53.81,53.59,,84.43,0.11,0.35,1.66,1.4
002628.SZ,成都路桥,-139.85,-182.17,1.3,-0.56,-0.7,0.68,,0.0,2.83,-3.7,-197.48,-18.59,,57.27,0.05,扣非亏损,扣非亏损,亏损
603357.SH,设计总院,12.84,11.78,1.51,8.8,8.81,5.68,3.93,38.89,31.16,13.98,-18.28,21.07,,44.5,0.15,0.56,1.34,1.46
300709.SZ,精研科技,56.46,77.52,3.5,4.25,4.72,2.72,0.51,17.98,30.35,6.07,-18.94,13.32,,34.58,0.07,5.82,18.25,11.96
300137.SZ,ST先河,387.53,-17.47,1.56,0.02,0.3,-0.12,,0.0,38.18,0.74,-98.0,-8.13,8.4,19.53,0.15,扣非亏损,扣非转亏,2583.55
300710.SZ,万隆光电,108.86,649.49,2.86,0.9,1.99,2.7,,0.0,29.43,5.35,176.44,-5.88,5.77,21.25,0.02,-110.41,1442.51,109.41
002020.SZ,京新药业,13.94,18.1,1.83,8.71,10.11,7.6,2.36,41.67,51.11,18.09,13.16,5.74,5.95,31.73,0.03,3.15,2.08,1.38
002261.SZ,拓维信息,1908.77,-1021.97,10.81,0.37,0.43,0.63,,0.0,15.94,0.1,-81.73,30.38,2.93,51.67,0.06,扣非亏损,扣非转亏,8878.01
301589.SZ,诺瓦星云,27.81,27.26,4.71,15.47,13.81,10.95,,61.55,55.35,19.43,9.48,40.49,0.54,30.04,0.29,0.67,1.76,2.01
600984.SH,建设机械,-5.23,-4.34,0.94,-12.77,-12.69,-2.32,,0.0,-1.56,-31.67,-74.6,-5.54,5.49,73.98,0.33,扣非亏损,扣非亏损,亏损
603516.SH,淳中科技,119.61,159.9,6.03,3.92,4.04,3.54,0.45,111.11,53.48,14.95,1363.33,3.13,0.02,7.95,0.05,51.14,40.83,29.61
688506.SH,百利天恒,13.41,19.29,17.14,184.01,186.1,103.17,,0.0,96.9,71.79,849.17,-17.72,,39.05,0.3,-1.09,0.21,0.14
002297.SZ,博云新材,-177.1,-111.7,1.89,-1.52,-0.8,-0.4,,0.0,15.74,-3.89,-785.46,20.39,,27.47,0.13,扣非亏损,扣非亏损,亏损
002572.SZ,索菲亚,13.15,14.66,2.32,12.49,13.18,8.11,6.27,72.46,35.79,12.67,-3.55,12.13,0.26,47.31,0.14,1.21,1.17,1.0
600067.SH,冠城新材,-46.21,-11.22,0.69,-1.41,-1.11,1.02,,0.0,11.73,-0.51,26.19,3.8,0.02,60.65,0.16,扣非亏损,扣非亏损,亏损
301372.SZ,科净源,-30.08,-24.42,1.8,-4.38,-4.35,-2.42,0.53,70.29,25.21,-22.43,-225.68,-19.93,,41.58,0.15,扣非亏损,扣非亏损,亏损
600571.SH,信雅达,-760.9,126.7,5.19,-2.68,-0.49,-2.0,1.89,92.86,22.91,-0.3,-380.73,19.95,1.84,21.28,0.02,6.35,扣非亏损,亏损
603321.SH,梅轮电梯,13.9,36.99,1.75,3.4,9.36,5.75,1.76,55.56,29.21,20.18,-19.76,11.97,,38.18,0.35,3.09,10.89,1.48
300480.SZ,光力科技,-74.21,-86.36,4.0,-4.29,-3.84,-2.37,0.94,25.0,57.3,-13.8,-189.23,31.25,16.18,30.85,0.15,扣非亏损,扣非亏损,亏损
300514.SZ,友讯达,14.06,16.41,2.98,16.22,16.53,13.71,1.23,20.83,40.66,19.34,-4.01,18.88,,29.05,0.2,0.87,1.01,0.85
301208.SZ,中亦科技,60.2,36.41,2.91,3.65,3.63,2.36,1.0,26.71,30.07,7.98,-29.91,20.67,,19.91,0.52,1.76,9.97,16.58
301106.SZ,骏成科技,32.14,39.11,2.78,6.28,6.61,5.5,0.96,40.93,24.54,12.96,36.12,8.88,0.27,16.16,0.42,4.41,6.23,4.86
002354.SZ,天娱数科,-640.59,-6.74,5.25,-4.91,-0.59,0.82,,0.0,21.85,0.04,-2675.13,25.64,40.08,23.13,0.05,扣非亏损,扣非亏损,亏损
300616.SZ,尚品宅配,-20.27,-41.86,0.88,-3.75,-3.15,-1.9,5.02,272.73,31.93,-4.18,-539.15,-7.62,,57.19,1.14,扣非亏损,扣非亏损,亏损
833429.BJ,康比特,24.14,23.54,2.53,7.95,7.97,6.9,1.44,28.17,40.18,8.48,27.25,33.22,,24.25,0.21,0.71,2.96,3.03
600226.SH,亨通股份,29.51,46.35,2.16,4.57,5.56,4.6,,0.0,16.65,18.02,1.05,6.2,,21.93,0.07,7.48,20.3,10.61
600639.SH,浦东金桥,24.46,22.97,0.9,2.72,2.79,1.89,5.64,35.18,56.82,18.57,-76.2,22.75,,60.36,0.46,1.01,8.46,8.77
603836.SH,海程邦达,24.23,22.22,1.47,4.52,4.58,3.88,1.13,27.03,6.23,1.13,20.43,24.7,7.31,53.58,0.26,0.9,4.92,5.29
000010.SZ,美丽生态,-40.33,-8.23,14.61,-23.38,-27.05,-1.63,,0.0,16.57,-25.26,67.1,-30.32,35.74,93.35,0.01,扣非亏损,扣非亏损,亏损
301049.SZ,超越科技,-53.77,-24.29,3.52,-5.19,-4.8,-2.25,,0.0,10.04,-15.97,41.53,-2.76,,43.2,0.01,扣非亏损,扣非亏损,亏损
920002.BJ,万达轴承,40.6,48.91,3.63,7.29,7.67,7.85,,0.0,32.44,17.17,6.88,1.48,,7.44,0.35,33.03,13.42,10.59
002420.SZ,毅昌科技,25.6,-22.72,4.68,10.37,13.25,4.2,,0.0,11.79,3.8,185.05,-7.32,5.41,73.69,0.04,扣非亏损,扣非转亏,3.86
300825.SZ,阿尔特,4166.1,-373.56,2.84,0.1,0.05,0.1,,0.0,32.91,-0.66,-91.25,6.66,0.12,25.16,0.02,扣非亏损,扣非转亏,166644.0
600467.SH,好当家,87.58,-869.04,1.02,0.18,0.87,1.81,0.43,30.0,17.07,3.19,-77.31,9.39,,50.61,0.12,扣非亏损,扣非转亏,100.67
300206.SZ,理邦仪器,27.06,45.56,3.08,7.95,8.66,7.4,2.03,54.22,58.17,12.52,-26.93,-3.91,0.81,11.98,0.19,-11.66,5.73,3.12
688276.SH,百克生物,34.19,27.01,2.65,5.96,5.92,5.33,0.27,12.4,85.5,23.82,-24.84,14.28,,20.96,0.02,1.89,4.53,5.78
688347.SH,华虹公司,108.32,135.76,1.91,1.07,1.33,-0.56,0.35,11.45,17.2,-3.12,-68.26,27.31,,29.98,2.15,4.97,127.13,81.44
688622.SH,禾信仪器,-92.42,-35.18,6.58,-7.86,-5.22,-2.31,,0.0,39.54,-17.2,49.8,13.23,,59.44,0.03,扣非亏损,扣非亏损,亏损
871981.BJ,晶赛科技,259.88,457.01,5.74,1.09,1.67,0.99,,0.0,12.99,2.19,131.8,7.42,,37.01,0.02,61.6,842.02,311.23
000525.SZ,*ST红阳,330.12,-13.98,12.86,2.01,2.65,2.45,,0.0,25.47,0.78,205.52,1.38,59.49,89.53,0.03,扣非亏损,扣非转亏,249.14
000677.SZ,恒天海龙,79.56,96.04,8.32,7.74,8.16,7.67,,0.0,20.31,9.82,-6.63,17.9,,21.61,0.1,5.37,24.83,19.5
300479.SZ,神思电子,-24.92,-27.51,8.81,-24.74,-23.48,-8.89,,0.0,22.12,-109.71,-89.74,3.46,,67.11,0.07,扣非亏损,扣非亏损,亏损
002068.SZ,黑猫股份,-83.73,-76.94,2.07,-2.93,-1.84,0.27,,0.0,4.04,-0.83,67.75,20.97,2.32,62.07,0.07,扣非亏损,扣非亏损,亏损
300995.SZ,奇德新材,196.44,163.98,2.33,1.04,0.88,0.63,0.56,125.65,21.48,2.18,94.56,-6.9,,22.46,0.05,-23.78,156.99,223.22
301086.SZ,鸿富瀚,30.91,44.55,2.33,5.19,5.69,4.96,1.95,76.27,37.12,18.29,9.02,1.38,1.31,24.7,0.19,32.36,8.59,5.43
002007.SZ,华兰生物,25.29,26.43,2.66,7.09,8.02,7.39,1.36,36.94,61.77,28.97,-9.75,2.8,,14.85,0.03,9.44,3.73,3.15
301025.SZ,读客文化,205.05,-325.93,6.59,1.03,2.44,2.28,,0.0,36.14,5.15,-14.91,3.57,,20.39,0.03,扣非亏损,扣非转亏,168.07
600676.SH,交运股份,-20.77,-21.03,1.17,-4.94,-4.14,-2.96,,0.0,3.72,-7.63,-84.33,-12.54,,26.19,0.44,扣非亏损,扣非亏损,亏损
830896.BJ,旺成科技,58.73,68.08,4.24,5.1,5.41,4.13,1.6,47.62,20.93,8.72,-17.83,7.81,,29.96,0.18,8.72,13.35,10.86
873703.BJ,广厦环能,17.42,27.31,2.71,10.9,12.15,11.17,1.82,33.98,45.41,29.58,-13.64,10.34,,15.52,0.69,2.64,2.51,1.43
603701.SH,德宏股份,179.09,470.9,4.56,0.14,1.92,1.88,0.16,31.25,15.19,4.12,-87.95,4.52,6.81,29.68,0.03,104.08,3378.05,93.28
920016.BJ,中草香料,56.68,77.9,5.27,7.03,13.65,7.41,,0.0,32.04,21.03,-21.74,8.72,,45.84,0.29,8.93,22.17,8.3
300604.SZ,长川科技,64.41,81.88,9.31,11.16,11.54,6.5,0.26,142.86,56.06,14.91,422.25,42.46,7.24,43.32,0.04,1.93,7.34,5.58
002366.SZ,融发核电,-596.0,-179.64,2.24,-0.52,-0.28,-0.21,,0.0,20.55,-3.67,-447.85,20.6,,36.95,0.19,扣非亏损,扣非亏损,亏损
002641.SZ,公元股份,27.76,24.62,1.01,2.48,2.74,1.72,1.99,33.33,19.44,3.18,-47.31,3.23,1.11,34.04,0.2,7.62,9.92,10.13
833454.BJ,同心传动,87.04,100.27,5.57,3.99,4.6,4.62,1.14,50.08,30.63,16.59,-11.08,3.13,,17.49,0.04,32.05,25.13,18.92
839719.BJ,宁新新材,-23.44,-31.97,1.8,-5.77,-5.51,-0.86,0.64,14.29,16.32,-15.96,-215.14,44.9,,53.72,0.07,扣非亏损,扣非亏损,亏损
601818.SH,光大银行,4.16,5.14,0.45,6.78,7.24,,5.97,27.9,,37.69,2.18,0.83,0.22,91.54,,6.21,0.76,0.57
000869.SZ,张裕A,53.61,57.82,1.56,1.79,2.12,2.49,2.09,64.64,59.03,10.21,-49.37,9.15,1.0,13.11,0.15,6.32,32.25,25.29
000009.SZ,中国宝安,48.89,74.49,2.48,2.37,3.83,2.86,0.38,15.34,27.29,6.26,-58.17,47.97,2.23,59.04,0.33,1.55,31.48,12.77
002973.SZ,侨银股份,12.84,13.34,1.76,11.03,10.57,5.89,0.91,12.82,27.33,8.83,2.41,12.06,0.17,68.07,0.22,1.11,1.21,1.21
301131.SZ,聚赛龙,48.67,64.74,2.09,2.92,3.23,1.85,0.73,47.58,9.38,1.55,-15.86,10.32,,55.99,0.11,6.27,22.17,15.07
000058.SZ,深赛格,207.32,-103.02,5.25,2.06,1.9,2.33,0.42,40.82,25.02,3.82,-37.85,13.45,2.77,50.92,0.1,扣非亏损,扣非转亏,109.11
920008.BJ,成电光信,60.07,52.2,8.68,13.2,16.33,9.8,,0.0,42.6,15.37,23.82,27.72,,36.67,0.08,1.88,7.91,7.36
603037.SH,凯众股份,35.23,39.14,3.12,6.11,6.6,5.61,2.4,72.46,34.26,11.31,14.92,14.39,0.94,22.95,0.08,2.72,6.41,5.34
688425.SH,铁建重工,18.92,19.64,1.52,5.69,6.1,4.34,2.27,30.0,30.88,15.14,-10.68,10.15,,39.18,0.25,1.93,3.45,3.1
600148.SH,长春一东,-707.56,576.8,7.32,-0.97,-0.77,0.49,0.18,638.3,14.91,0.63,69.08,-9.13,,51.19,0.09,-63.2,扣非亏损,亏损
601609.SH,金田股份,22.38,40.81,1.1,1.58,3.51,3.89,1.77,32.43,2.25,0.31,-55.93,35.73,,68.29,0.22,1.14,25.75,6.38
688288.SH,鸿泉物联,-42.99,-23.62,2.44,-4.57,-4.15,-2.83,,0.0,36.38,-8.52,11.56,6.26,1.01,31.68,0.07,扣非亏损,扣非亏损,亏损
688360.SH,德马科技,20.43,29.01,2.25,7.29,8.57,5.22,1.25,35.21,29.76,10.35,53.28,28.99,22.53,47.75,0.13,1.0,3.98,2.38
002101.SZ,广东鸿图,25.93,26.42,1.21,3.15,3.46,1.9,2.1,43.4,15.62,4.68,-15.12,10.85,10.04,41.73,0.27,2.44,8.38,7.49
301037.SZ,保立佳,-16.68,-14.56,2.16,-9.19,-9.09,-1.35,,0.0,10.0,-4.08,-1690.41,8.4,,71.16,0.32,扣非亏损,扣非亏损,亏损
870199.BJ,倍益康,54.38,60.11,2.86,3.21,3.99,3.3,1.79,23.28,39.1,10.19,-33.04,54.01,,26.63,0.15,1.11,18.71,13.63
002961.SZ,瑞达期货,18.96,21.03,2.52,9.61,9.86,,1.48,40.0,,16.26,58.39,0.5,0.09,81.55,1.21,41.8,2.19,1.92
301098.SZ,金埔园林,76.91,-258.49,1.3,1.37,1.37,1.76,0.85,76.92,29.37,4.09,-63.99,2.33,,64.02,0.09,扣非亏损,扣非转亏,56.14
002752.SZ,昇兴股份,11.85,13.81,1.64,10.22,10.71,5.45,1.93,29.41,14.34,7.01,20.94,32.42,2.61,57.4,0.23,0.43,1.35,1.11
600479.SH,千金药业,20.42,16.53,1.9,6.74,6.98,4.99,3.25,46.16,46.05,7.86,-14.19,1.75,0.46,31.22,0.38,9.44,2.45,2.92
600055.SH,万东医疗,77.27,83.97,6.09,2.35,2.45,1.75,0.76,48.33,38.33,10.67,5.87,3.14,,9.08,0.32,26.75,35.7,31.54
688518.SH,联赢激光,50.38,62.76,2.07,2.49,3.11,1.53,0.73,17.65,31.6,4.13,-66.26,61.84,,54.72,0.09,1.01,25.2,16.2
300620.SZ,光库科技,159.97,228.22,6.2,2.47,3.03,2.46,0.22,41.12,35.88,8.54,39.61,14.18,11.86,29.36,0.06,16.09,92.58,52.79
301396.SZ,宏景科技,-70.86,-1069.08,2.35,-3.02,-2.42,-1.52,0.45,38.46,20.92,-13.99,-273.15,11.39,,39.57,0.29,扣非亏损,扣非亏损,亏损
688359.SH,三孚新科,-205.65,-100.41,9.7,-6.54,-3.57,0.08,,0.0,40.08,-1.55,6.82,21.49,17.03,52.15,0.01,扣非亏损,扣非亏损,亏损
920019.BJ,铜冠矿建,86.02,97.2,5.7,6.61,8.5,5.33,,0.0,13.2,5.49,12.26,0.0,,44.33,0.21,64802.43,29.41,20.24
000537.SZ,中绿电,16.44,21.1,1.03,4.58,5.14,1.97,1.87,36.73,59.23,36.79,4.13,-25.24,,72.26,0.32,-0.84,4.6,3.2
002378.SZ,章源钨业,41.62,40.05,3.85,7.17,6.95,4.65,1.06,50.0,16.28,5.13,83.29,21.45,,57.82,0.06,1.87,5.59,5.99
600787.SH,中储股份,29.85,61.89,1.12,1.18,2.81,2.6,2.51,35.57,2.81,0.93,-31.26,14.59,0.59,37.9,0.22,4.24,52.28,10.61
000665.SZ,湖北广电,-10.05,-7.07,0.97,-7.29,-6.92,-2.72,,0.0,3.32,-26.9,2.35,-4.62,6.44,54.98,0.03,扣非亏损,扣非亏损,亏损
001201.SZ,东瑞股份,-40.76,-24.44,1.24,-2.26,-2.24,-0.44,,0.0,20.9,-7.27,81.59,-7.37,,44.69,0.26,扣非亏损,扣非亏损,亏损
601929.SH,吉视传媒,-14.71,-7.37,1.09,-6.17,-4.83,-1.31,,0.0,14.31,-21.76,-71.86,-6.36,1.54,57.48,0.04,扣非亏损,扣非亏损,亏损
600688.SH,上海石化,697.74,-53.22,1.3,0.3,0.14,-0.16,,0.0,16.63,0.06,110.91,8.22,,45.04,0.7,扣非亏损,扣非转亏,10039.45
600881.SH,亚泰集团,-3.47,-1.56,1.33,-25.63,-25.25,-0.23,,0.0,23.16,-30.38,3.59,-20.63,11.82,88.14,0.16,扣非亏损,扣非亏损,亏损
002081.SZ,金螳螂,15.49,16.01,0.71,2.93,3.47,1.57,2.66,25.64,12.93,3.25,-34.6,-13.43,1.38,60.39,0.49,-1.19,5.46,4.46
002845.SZ,同兴达,54.66,54.17,1.92,2.37,2.64,0.35,0.45,53.33,7.49,1.0,668.53,-4.03,0.19,70.59,0.24,-13.44,22.82,20.7
300467.SZ,迅游科技,117.99,226.23,5.59,2.91,3.61,2.01,,0.0,59.81,11.91,-31.46,-5.66,,21.92,0.17,-39.98,155.26,65.37
300054.SZ,鼎龙股份,51.56,68.39,5.96,7.8,8.25,7.88,,0.0,46.45,19.46,165.26,14.4,11.42,34.79,0.05,4.75,17.54,12.5
603713.SH,密尔克卫,14.44,19.79,2.18,10.72,11.7,6.61,1.0,20.2,11.08,5.76,18.1,56.8,30.68,61.59,0.14,0.35,1.84,1.23
301577.SZ,美信科技,138.3,100.77,3.74,2.24,2.1,1.49,,48.19,20.35,5.0,-68.5,-10.59,,27.38,0.35,-9.52,44.95,65.86
603917.SH,合力科技,602.55,-258.87,1.56,-0.5,0.22,-0.07,1.13,71.81,19.86,0.78,-121.75,-2.14,,16.75,0.08,扣非亏损,扣非亏损,2738.88
688195.SH,腾景科技,71.6,81.37,5.66,5.8,6.03,5.01,0.28,31.34,38.33,16.6,116.48,8.3,5.75,24.71,0.03,9.81,14.04,11.87
300218.SZ,安利股份,17.18,18.74,2.48,10.45,11.34,7.36,0.96,37.54,25.31,8.42,377.79,10.05,,35.72,0.16,1.86,1.79,1.51
603025.SH,大豪科技,24.68,26.72,6.97,21.91,21.81,14.23,2.26,81.08,42.55,27.18,74.32,38.05,15.84,39.62,0.07,0.7,1.22,1.13
300906.SZ,日月明,32.02,32.16,2.14,3.88,4.98,4.82,1.98,65.97,60.37,48.12,35.93,11.21,,8.68,0.22,2.87,8.29,6.43
300538.SZ,同益股份,382.16,274.8,3.04,0.43,0.58,1.12,0.2,28.57,5.53,0.31,-35.25,14.88,3.94,49.35,0.12,18.47,635.07,658.89
300813.SZ,泰林生物,166.73,501.84,4.21,1.64,1.71,1.65,0.41,55.56,47.91,4.37,-36.75,15.21,,31.86,0.13,32.99,305.4,97.5
002432.SZ,九安医疗,12.09,13.01,1.14,7.15,7.18,7.76,0.8,10.66,71.68,73.3,100.83,309.81,,18.16,0.14,0.04,1.82,1.68
605333.SH,沪光股份,25.29,29.88,7.54,24.13,24.87,8.54,0.25,38.46,17.33,7.93,1416.52,38.63,0.04,71.61,0.04,0.77,1.24,1.02
002559.SZ,亚威股份,37.68,61.96,2.86,4.78,5.73,1.82,0.87,55.62,26.21,5.91,-12.04,6.3,2.37,60.83,0.2,9.83,12.97,6.58
600595.SH,中孚实业,12.65,13.66,0.84,4.88,5.16,4.87,,0.0,11.05,4.79,-8.96,36.14,,34.58,0.11,0.38,5.6,4.9
688767.SH,博拓生物,29.44,41.34,1.47,3.39,3.74,2.73,2.64,80.0,48.31,22.28,6.98,12.64,,5.97,0.46,3.27,12.2,7.87
001896.SZ,豫能控股,-54.32,-46.95,2.06,-3.78,-2.82,1.75,,0.0,7.48,-0.98,81.48,5.67,,88.88,0.3,扣非亏损,扣非亏损,亏损
000758.SZ,中色股份,22.78,29.52,1.82,5.54,6.19,3.61,,0.0,14.65,6.4,6.22,12.03,0.97,54.66,0.25,2.45,10.66,7.36
601991.SH,大唐发电,9.02,19.35,1.73,5.74,11.46,3.92,0.31,-48.7,14.65,7.07,100.04,8.56,0.68,69.63,0.32,2.26,6.74,1.58
301413.SZ,安培龙,56.09,64.66,3.93,5.01,5.29,3.89,0.4,21.28,31.55,9.43,-1.64,22.0,,38.09,0.2,2.94,12.9,10.6
300632.SZ,光莆股份,39.68,1234.14,2.06,1.98,3.71,2.89,1.61,69.43,30.92,10.99,-54.14,-1.7,,23.95,0.15,-727.29,621.95,10.69
301356.SZ,天振股份,-72.8,-15.42,1.4,-1.72,-1.42,-2.37,,0.0,4.44,-7.95,43.36,-18.13,,7.18,0.84,扣非亏损,扣非亏损,亏损
688039.SH,当虹科技,-35.17,-28.37,2.78,-6.15,-5.74,-5.7,,0.0,36.74,-44.43,25.0,-2.03,,17.06,0.04,扣非亏损,扣非亏损,亏损
300575.SZ,中旗股份,86.89,127.56,1.44,1.34,1.22,0.72,1.57,29.27,15.59,1.4,-87.38,11.23,1.34,46.29,0.21,11.36,95.39,71.22
300334.SZ,津膜科技,-124.87,-92.0,3.56,-3.5,-2.12,-0.72,,0.0,28.14,-6.98,41.67,-23.92,,34.09,0.03,扣非亏损,扣非亏损,亏损
301516.SZ,中远通,-161.56,-196.15,3.95,-2.08,-1.78,-1.67,0.87,58.69,16.97,-4.14,-151.19,-8.51,,18.13,0.13,扣非亏损,扣非亏损,亏损
603978.SH,深圳新星,-26.88,-18.29,1.98,-7.46,-6.34,-1.02,,0.0,4.23,-5.34,-72.68,17.97,,61.82,0.1,扣非亏损,扣非亏损,亏损
001368.SZ,通达创智,20.36,24.98,1.61,5.27,5.96,5.1,3.19,83.33,27.15,11.73,2.47,7.01,,18.32,0.39,3.57,4.74,3.42
603789.SH,星光农机,-21.86,-15.78,6.67,-28.7,-20.54,-5.91,,0.0,-10.3,-42.98,-52.18,16.3,4.07,66.88,0.03,扣非亏损,扣非亏损,亏损
301167.SZ,建研设计,149.33,80.36,1.67,-0.2,0.83,0.69,1.28,40.56,24.57,3.92,-106.57,7.06,,27.96,0.13,11.38,转盈,179.92
300386.SZ,飞天诚信,-233.38,-72.77,4.61,-2.02,-1.47,-2.33,,0.0,38.24,-4.54,72.49,-5.6,4.6,9.41,0.05,扣非亏损,扣非亏损,亏损
605116.SH,奥锐特,23.3,25.33,4.04,13.29,13.75,9.98,0.85,30.99,58.22,26.08,44.5,20.69,,38.55,0.1,1.22,1.91,1.69
600185.SH,格力地产,-10.8,-10.46,2.87,-17.5,-15.68,-1.86,,0.0,13.46,-37.82,-165.86,-4.89,,80.65,0.07,扣非亏损,扣非亏损,亏损
688372.SH,伟测科技,94.51,101.88,3.07,2.11,2.47,1.98,0.41,30.77,34.38,8.38,-20.98,85.02,,42.01,0.03,1.2,48.39,38.26
002150.SZ,通润装备,33.64,40.74,2.72,5.84,6.27,5.1,0.39,38.89,31.73,6.13,171.74,24.11,11.03,56.93,0.22,1.69,6.98,5.37
002391.SZ,长青股份,57.89,-27.19,0.77,0.35,0.96,0.95,3.17,177.62,12.18,1.63,-92.99,7.68,,50.83,0.18,扣非亏损,扣非转亏,60.31
001316.SZ,润贝航科,26.69,29.74,2.16,6.22,6.13,6.29,1.85,56.25,27.83,10.58,-4.68,8.01,0.77,11.32,0.56,3.71,4.78,4.35
001277.SZ,速达股份,18.47,15.64,1.86,9.68,11.69,7.36,,0.0,24.99,13.21,15.48,16.45,,30.81,0.95,0.95,3.23,3.16
300295.SZ,三六五网,-310.83,-30.75,2.9,-1.08,-0.69,-0.32,,0.0,71.35,-7.78,-384.21,-29.23,,5.32,0.1,扣非亏损,扣非亏损,亏损
605128.SH,上海沿浦,28.15,31.25,3.4,8.35,8.74,5.49,0.65,32.89,16.5,7.17,70.24,25.16,,49.18,0.04,1.24,3.74,3.22
603566.SH,普莱柯,31.75,64.7,1.7,3.53,3.95,3.64,3.09,80.0,63.15,13.95,-47.18,10.65,0.67,14.61,0.05,6.08,18.35,8.04
836270.BJ,天铭科技,22.82,26.46,3.55,11.28,11.54,10.54,3.11,75.76,42.69,26.4,9.95,11.68,,13.92,0.07,2.26,2.35,1.98
688080.SH,映翰通,23.16,25.2,2.6,8.14,8.73,8.72,0.42,11.41,52.82,20.68,24.62,19.4,,15.35,0.3,1.3,3.09,2.65
688595.SH,芯海科技,-34.6,-30.65,7.3,-14.15,-13.65,-8.44,,0.0,34.71,-22.27,-15.14,15.16,,44.05,0.06,扣非亏损,扣非亏损,亏损
600711.SH,ST盛屯,6.75,7.97,1.01,12.98,11.66,6.51,0.59,30.45,21.53,10.53,670.66,-11.33,5.65,53.72,0.29,-0.7,0.61,0.58
000999.SZ,华润三九,15.38,19.21,2.96,13.94,14.99,9.82,3.02,51.72,52.68,16.44,19.48,21.83,19.66,36.07,0.1,0.88,1.38,1.03
603790.SH,雅运股份,25.17,54.96,1.79,4.56,5.3,4.66,0.71,43.48,31.94,9.77,10.27,-0.32,,24.01,0.06,-169.87,12.05,4.75
300042.SZ,朗科科技,-49.5,-52.96,4.24,-7.11,-6.25,-5.72,,0.0,9.84,-12.41,-74.18,-5.89,,14.78,0.14,扣非亏损,扣非亏损,亏损
300398.SZ,飞凯材料,34.54,118.93,2.48,5.24,5.26,4.5,0.51,38.1,35.76,10.45,15.67,15.35,16.3,35.9,0.09,7.75,22.68,6.57
600362.SH,江西铜业,11.46,10.57,1.0,8.34,6.96,4.16,3.36,31.91,3.64,1.38,44.28,18.71,1.53,57.69,1.05,0.56,1.27,1.65
601298.SH,青岛港,10.9,11.5,1.35,9.41,9.45,8.78,4.74,38.51,35.96,31.01,4.75,10.28,0.06,24.67,0.25,1.12,1.22,1.15
920066.BJ,科拜尔,47.14,44.57,5.46,13.37,14.02,12.64,,0.0,17.62,9.43,9.69,26.77,,18.24,0.01,1.67,6.67,6.72
002162.SZ,悦心健康,-71.38,-27.67,3.36,-5.96,-3.41,-0.67,,0.0,21.16,-4.02,6.79,2.56,1.96,57.58,0.11,扣非亏损,扣非亏损,亏损
300030.SZ,阳普医疗,-34.85,-23.43,2.9,-1.92,-6.06,-2.44,,0.0,40.04,-10.59,-267.62,-11.14,2.74,46.07,0.13,扣非亏损,扣非亏损,亏损
920060.BJ,万源通,64.72,71.44,8.21,14.8,15.61,8.23,,0.0,23.11,12.35,-1.17,1.51,1.04,49.85,0.11,47.42,9.66,8.29
300271.SZ,华宇软件,-18.27,-5.0,1.58,-6.28,-6.3,-6.29,,0.0,33.26,-29.89,5.48,-3.43,6.33,17.45,0.25,扣非亏损,扣非亏损,亏损
603286.SH,日盈电子,173.23,242.51,2.55,1.02,1.11,1.21,0.12,37.5,19.66,2.08,90.75,15.69,5.67,49.58,0.17,15.46,237.71,156.06
688779.SH,五矿新能,-50.92,-28.34,1.66,-2.79,-2.31,-0.05,,0.0,5.2,-4.57,-960.77,120.9,,43.09,0.24,扣非亏损,扣非亏损,亏损
835184.BJ,国源科技,95.29,126.3,3.16,2.28,2.52,2.28,,0.0,45.1,7.74,99.53,-6.64,,6.23,0.15,-19.02,110.57,75.63
300072.SZ,海新能科,-10.96,-9.9,1.47,-9.35,-9.57,-5.66,,0.0,-0.76,-38.25,-1.39,6.46,0.73,37.94,0.08,扣非亏损,扣非亏损,亏损
300322.SZ,硕贝德,1588.34,-406.98,7.45,0.09,0.35,0.94,,0.0,24.8,0.01,100.56,-2.7,3.72,62.79,0.04,扣非亏损,扣非转亏,9076.26
001289.SZ,龙源电力,20.48,28.3,2.07,7.13,7.55,4.29,1.12,30.6,35.09,23.34,-15.83,7.84,0.22,64.93,1.53,3.61,3.97,2.71
600735.SH,新华锦,35.91,67.1,1.46,2.95,3.08,5.91,0.59,31.0,24.83,6.7,-25.17,24.1,19.97,30.01,0.32,2.78,22.73,11.65
002326.SZ,永太科技,-77.32,-14.99,3.01,-3.4,-2.87,0.07,,0.0,17.62,-3.08,42.44,12.15,18.29,71.42,0.1,扣非亏损,扣非亏损,亏损
605099.SH,共创草坪,15.19,17.13,3.01,15.11,15.39,13.07,2.68,50.0,30.16,17.42,13.66,10.45,,14.36,0.1,1.64,1.13,0.99
300890.SZ,翔丰华,51.91,99.91,2.21,1.99,2.93,2.47,0.94,41.96,20.44,5.29,-52.99,83.7,,52.29,0.06,1.19,50.22,17.72
000420.SZ,吉林化纤,114.36,267.22,2.14,1.28,1.41,2.11,,0.0,16.05,2.15,57.21,15.85,,59.12,0.1,16.86,416.46,162.22
688118.SH,普元信息,-21.88,-33.77,2.54,-9.73,-8.34,-8.33,0.33,-58.48,44.08,-33.46,-54.48,10.47,,13.82,0.16,扣非亏损,扣非亏损,亏损
301528.SZ,多浦乐,72.93,76.11,1.82,0.73,1.88,1.81,0.17,8.35,70.58,29.01,-72.88,16.69,,2.44,0.15,4.56,104.8,38.79
600546.SH,山煤国际,9.27,10.14,1.55,13.53,12.89,10.56,3.71,30.23,34.67,13.67,-46.13,4.25,,53.24,0.36,2.39,0.75,0.72
601568.SH,北元集团,54.53,110.75,1.5,1.89,2.04,1.16,8.44,111.11,12.8,3.2,-47.59,5.44,,21.09,0.26,20.37,58.67,26.73
605288.SH,凯迪股份,25.3,28.41,1.09,3.05,3.25,2.15,0.98,30.07,24.46,7.96,-20.15,2.86,,20.54,0.18,9.92,9.32,7.79
001872.SZ,招商港口,10.64,14.36,0.87,5.6,6.22,4.89,3.63,40.58,44.73,60.06,11.77,7.68,4.79,35.72,0.42,1.87,2.57,1.71
688401.SH,路维光电,34.49,38.93,4.22,7.9,8.59,6.62,0.76,30.52,34.49,20.16,20.3,19.2,,39.37,0.11,2.03,4.93,4.02
600804.SH,*ST鹏博,-6.96,-6.7,6.56,-48.32,-49.61,-3.96,,0.0,11.91,-29.69,-1243.29,-20.16,4.99,94.08,0.03,扣非亏损,扣非亏损,亏损
300958.SZ,建工修复,173.2,455.82,1.43,-0.01,0.62,0.24,0.68,25.65,21.69,1.01,-100.35,6.58,,53.33,0.21,69.22,转盈,279.35
603222.SH,济民健康,108.1,-50.74,2.66,1.71,1.81,1.97,,0.0,43.25,4.89,-32.47,2.74,2.12,31.57,0.05,扣非亏损,扣非转亏,119.45
002419.SZ,天虹股份,38.59,87.89,1.47,1.49,2.84,0.77,2.89,82.52,36.5,1.32,-48.66,0.83,1.5,84.45,0.5,106.17,59.04,13.59
600197.SH,伊力特,26.18,24.3,2.19,6.18,6.29,6.7,1.79,54.16,52.35,14.76,5.99,9.59,,22.24,0.05,2.54,3.93,4.16
002125.SZ,湘潭电化,20.86,22.19,2.32,8.04,8.54,6.1,1.57,30.0,31.08,17.47,5.11,22.29,,38.48,0.05,1.0,2.76,2.44
688143.SH,长盈通,-596.18,414.04,2.56,-0.4,-0.31,-0.48,,0.0,44.99,-2.49,70.4,3.84,,16.21,0.1,107.7,扣非亏损,亏损
002700.SZ,ST浩源,38.46,50.72,5.08,9.45,10.13,8.36,1.43,30.0,27.0,16.47,-15.02,18.09,,21.14,0.14,2.8,5.37,3.8
300551.SZ,古鳌科技,-18.27,-17.41,6.15,-22.53,-22.47,-15.52,,0.0,63.45,-91.69,-286.09,56.79,14.71,31.16,0.04,扣非亏损,扣非亏损,亏损
603578.SH,三星新材,65.58,104.91,2.22,2.61,2.56,0.94,0.91,19.7,19.37,1.55,-75.05,17.62,0.91,72.51,0.17,5.96,40.21,25.62
300587.SZ,天铁股份,173.05,-9.32,2.18,-1.09,0.98,1.19,,0.0,19.43,1.14,51.87,8.91,6.44,55.06,0.05,扣非亏损,扣非亏损,353.16
300644.SZ,南京聚隆,31.68,30.64,2.65,6.08,6.35,3.98,1.2,36.99,14.81,3.74,4.58,18.58,,58.93,0.06,1.65,5.04,4.99
688027.SH,国盾量子,-273.15,-157.08,13.76,-4.94,-3.72,-3.71,,0.0,56.94,-57.13,28.9,8.21,0.02,16.02,0.02,扣非亏损,扣非亏损,亏损
600455.SH,博通股份,44.07,44.76,4.61,7.93,8.17,3.37,,0.0,51.13,14.88,15.28,8.61,,64.06,0.21,5.2,11.29,10.79
300415.SZ,伊之密,16.37,18.1,3.69,17.32,18.87,9.37,2.27,39.22,34.1,13.43,35.97,15.14,,55.93,0.03,1.19,1.04,0.87
603966.SH,法兰泰克,16.87,21.38,1.8,7.5,7.94,4.57,2.81,50.71,27.87,8.81,-10.55,16.75,28.39,57.53,0.17,1.28,2.85,2.12
920088.BJ,科力股份,56.32,56.15,4.2,5.36,7.39,7.88,,0.0,36.58,14.78,7.73,-19.73,,15.62,0.24,-2.85,20.96,15.23
600232.SH,金鹰股份,27.64,36.81,1.89,4.72,5.14,5.11,2.48,150.0,19.72,5.87,82.6,10.74,,43.18,0.12,3.43,7.79,5.38
300877.SZ,金春股份,108.16,83.08,1.16,0.67,0.8,0.61,0.52,36.0,8.69,1.63,236.95,-5.4,,14.73,0.12,-15.38,123.16,135.2
300084.SZ,海默科技,-43.95,-117.66,2.16,-5.35,-5.13,-1.46,,0.0,41.19,-17.06,-2792.81,14.16,6.42,46.32,0.08,扣非亏损,扣非亏损,亏损
300017.SZ,网宿科技,39.13,53.62,2.33,3.16,4.47,3.6,3.18,100.0,30.45,12.06,3.24,-5.29,,18.34,0.09,-10.14,16.97,8.75
600161.SH,天坛生物,30.82,34.08,4.06,10.2,10.27,11.39,0.48,22.39,55.33,35.04,18.68,14.85,1.26,10.96,0.11,2.3,3.34,3.0
871857.BJ,泓禧科技,78.27,79.3,3.62,3.36,3.42,1.22,1.54,57.69,14.88,3.76,-60.23,2.33,,28.04,0.06,34.1,23.6,22.89
600816.SH,建元信托,663.57,160.17,2.7,1.06,0.32,0.21,,0.0,,,139.94,-163.28,,36.82,0.0,-0.98,303.36,4147.32
000975.SZ,山金国际,20.08,21.94,3.7,14.84,14.41,14.45,1.87,54.59,25.92,15.89,64.21,1.26,3.15,21.08,0.05,17.45,1.48,1.39
688330.SH,宏力达,19.83,21.94,1.06,3.13,4.05,3.91,1.23,25.09,48.2,21.31,35.13,3.74,,12.48,0.34,5.86,7.0,4.9
688003.SH,天准科技,-532.55,76.39,5.41,-0.74,-0.74,-1.05,1.6,53.49,39.41,-1.61,-184.71,20.18,4.99,48.63,0.03,3.79,扣非亏损,亏损
002882.SZ,金龙羽,45.76,69.51,3.64,5.83,5.97,4.87,1.33,53.05,13.17,4.72,-26.84,9.66,,40.4,0.13,7.19,11.93,7.67
688571.SH,杭华股份,20.57,20.57,1.84,6.43,6.84,5.65,2.01,50.0,26.15,10.95,27.18,6.65,1.17,21.71,0.22,3.09,3.2,3.01
000407.SZ,胜利股份,19.85,21.95,0.98,3.39,3.76,3.49,1.52,31.55,15.74,3.94,9.58,0.59,36.23,50.35,0.26,37.13,6.47,5.28
870508.BJ,丰安股份,24.32,41.05,1.88,4.82,5.84,5.49,1.2,34.88,34.11,24.26,67.54,-6.12,,14.74,0.06,-6.71,8.52,4.17
839371.BJ,欧福蛋业,25.91,34.01,3.16,9.1,9.24,9.63,1.63,45.45,19.29,7.56,23.06,16.98,,18.04,0.33,2.0,3.74,2.8
300190.SZ,维尔利,176.9,-8.76,0.89,-2.21,0.37,1.36,0.24,-4.02,20.07,0.76,-1211.11,-10.14,20.6,56.99,0.18,扣非亏损,扣非亏损,956.21
603298.SH,杭叉集团,10.82,11.57,2.34,16.87,17.47,12.4,2.01,26.88,22.67,12.91,22.18,12.97,0.1,33.03,0.15,0.89,0.69,0.62
002523.SZ,天桥起重,173.07,100.61,1.76,0.35,0.75,0.19,0.54,57.69,25.41,1.03,177.26,5.61,4.84,47.2,0.17,17.92,288.03,230.76
830832.BJ,齐鲁华信,78.63,124.08,1.35,1.07,1.28,1.05,1.39,114.78,15.63,2.66,4.98,-10.56,,28.69,0.2,-11.75,115.97,61.43
300983.SZ,尤安设计,-56.82,-122.59,1.1,-1.76,-1.43,-2.36,0.2,97.56,25.91,-28.18,-25.72,-22.97,,3.66,0.25,扣非亏损,扣非亏损,亏损
920099.BJ,瑞华技术,27.2,25.39,2.56,12.31,16.17,7.51,,0.0,46.2,27.84,1.09,21.01,,47.4,0.42,1.21,4.13,3.36
300310.SZ,宜通世纪,249.04,-225.74,4.16,-0.31,1.28,0.94,,0.0,10.19,1.27,-321.82,6.36,1.63,37.2,0.09,扣非亏损,扣非亏损,389.12
836422.BJ,润普食品,92.82,-732.63,2.17,1.37,1.7,1.06,2.25,166.67,10.04,1.98,-61.93,10.65,1.3,14.14,0.11,扣非亏损,扣非转亏,54.6
603369.SH,今世缘,13.87,15.97,3.77,21.64,21.4,18.28,2.05,39.76,74.27,31.04,16.59,25.43,,32.41,0.11,0.63,0.74,0.65
833781.BJ,瑞奇智造,62.05,72.82,3.19,3.61,3.88,2.48,0.73,27.78,19.45,5.4,-30.65,37.01,,42.5,0.04,1.97,20.16,15.99
688015.SH,交控科技,98.89,211.87,1.62,0.19,1.23,1.07,1.07,42.55,31.19,4.9,-62.61,1.28,0.1,53.23,0.27,165.65,1115.09,80.4
002056.SZ,横店东磁,18.35,17.76,2.47,9.73,10.3,4.02,2.87,34.37,15.65,6.75,-45.88,37.07,0.0,55.67,0.27,0.48,1.83,1.78
002314.SZ,南山控股,-14.92,-27.88,0.7,-3.63,-3.45,0.49,,0.0,23.08,-6.53,-772.8,2.48,0.06,76.7,2.13,扣非亏损,扣非亏损,亏损
002870.SZ,香山股份,25.86,25.15,2.72,7.74,8.07,4.03,0.28,8.2,23.52,4.36,-22.99,139.78,29.78,66.97,0.27,0.18,3.25,3.21
000419.SZ,通程控股,15.09,26.82,0.86,3.08,4.45,4.1,2.14,50.34,25.39,13.05,-9.12,-2.24,,32.09,0.4,-11.98,8.7,3.39
601222.SH,林洋能源,12.82,17.11,0.98,5.49,5.79,4.83,4.74,59.41,32.48,17.74,5.17,7.89,,35.21,0.28,2.17,3.12,2.21
300889.SZ,爱克股份,-22.03,-25.95,1.36,-4.75,-4.51,-3.36,0.18,13.59,21.14,-11.61,-3000.67,3.92,6.35,37.84,0.28,扣非亏损,扣非亏损,亏损
688212.SH,澳华内镜,135.65,306.16,4.88,1.07,2.66,1.82,0.48,69.77,69.25,7.38,-55.24,37.47,4.26,16.66,0.02,8.17,285.49,51.0
002511.SZ,中顺洁柔,131.31,49.59,1.73,0.59,0.98,0.86,0.6,23.08,31.02,0.88,-77.51,8.33,0.01,43.27,0.17,5.96,84.33,133.99
603696.SH,安记食品,64.32,67.31,3.26,3.14,3.81,3.74,0.71,57.69,14.28,4.7,-39.42,15.18,,6.72,0.08,4.43,21.46,16.88
301332.SZ,德尔玛,34.86,46.02,1.71,3.4,3.68,2.23,0.82,38.46,31.82,4.24,5.21,13.52,6.48,34.31,0.38,3.4,13.52,9.47
600350.SH,山东高速,13.42,15.98,1.54,5.78,7.15,3.49,6.05,73.17,27.82,16.0,-4.45,19.11,1.04,64.93,0.09,0.84,2.76,1.88
603089.SH,正裕工业,31.41,63.76,1.64,3.42,3.96,2.8,,0.0,24.4,3.52,-35.11,16.85,13.26,57.34,0.05,3.79,37.25,15.86
688610.SH,埃科光电,118.52,357.5,1.74,0.1,1.09,0.35,0.39,74.07,40.99,8.73,-52.65,63.09,,4.76,0.44,5.67,3477.59,108.74
300029.SZ,ST天龙,-171.24,-209.63,71.38,-31.2,-27.02,-1.42,,0.0,13.55,-4.2,61.62,62.47,,94.25,0.01,扣非亏损,扣非亏损,亏损
001965.SZ,招商公路,14.19,16.04,1.22,6.13,6.52,4.05,5.44,50.32,37.96,51.87,-5.43,11.83,0.02,45.42,0.08,1.36,2.62,2.18
000513.SZ,丽珠集团,15.69,18.07,2.47,11.57,11.63,9.0,3.86,64.29,65.81,21.43,3.51,5.93,0.84,40.04,0.47,3.05,1.56,1.35
300656.SZ,民德电子,-371.14,-118.28,4.51,-0.92,-0.9,0.06,0.12,41.27,36.4,-4.64,-171.79,2.48,7.54,32.13,0.02,扣非亏损,扣非亏损,亏损
600337.SH,美克家居,-4.8,-3.88,0.89,-15.55,-12.93,-4.22,,0.0,38.12,-17.71,-94.2,-2.12,2.01,62.62,0.13,扣非亏损,扣非亏损,亏损
601789.SH,宁波建工,18.71,20.45,1.25,3.92,4.72,1.58,2.42,35.39,9.55,1.62,-10.29,4.65,3.06,82.22,0.8,4.4,5.21,3.96
600173.SH,卧龙地产,20.51,76.9,0.77,3.02,2.84,2.71,1.2,25.56,15.03,4.55,-52.03,21.38,,36.41,0.15,3.6,25.48,7.22
000722.SZ,湖南发展,58.9,111.31,1.56,1.94,1.96,2.52,0.52,45.45,55.31,22.72,50.75,3.17,,4.33,0.1,35.07,57.43,30.05
300189.SZ,神农种业,-118.96,-112.55,4.61,-1.86,-2.86,-1.15,,0.0,45.98,-9.78,-15.88,10.22,,20.55,0.02,扣非亏损,扣非亏损,亏损
603777.SH,来伊份,-62.48,-110.96,2.0,-4.15,-2.36,-0.81,0.38,30.1,40.74,-1.77,-138.91,-0.19,,43.53,0.15,扣非亏损,扣非亏损,亏损
300762.SZ,上海瀚讯,-137.33,-69.35,6.95,-4.13,-3.73,-4.74,,0.0,60.98,-57.12,-18.4,-17.74,,32.74,0.08,扣非亏损,扣非亏损,亏损
600828.SH,茂业商业,26.93,-404.56,0.78,1.89,2.19,2.27,0.74,92.15,64.37,7.38,20.51,-4.23,15.0,59.55,0.03,扣非亏损,扣非转亏,12.3
603116.SH,红蜻蜓,-207.45,-135.43,1.2,-0.78,-0.42,-0.76,3.19,222.22,37.6,-0.95,-215.88,-1.27,0.06,22.47,0.31,扣非亏损,扣非亏损,亏损
603848.SH,好太太,23.77,21.27,2.54,8.11,8.1,6.58,1.94,36.59,52.73,17.79,-17.14,14.0,,13.26,0.03,1.52,2.62,2.94
301226.SZ,祥明智能,97.57,207.95,2.94,1.61,2.25,1.87,1.01,60.53,18.9,5.38,-63.1,3.8,,12.51,0.07,54.71,128.95,43.36
301319.SZ,唯特偶,27.64,34.49,2.39,5.29,6.43,6.05,2.4,80.46,18.03,8.54,-7.95,19.8,0.02,15.22,0.16,1.74,6.52,4.3
688329.SH,艾隆科技,-34.27,-26.3,1.7,-4.4,-3.56,-1.92,0.6,38.46,45.99,-13.74,-205.29,8.12,,42.61,0.06,扣非亏损,扣非亏损,亏损
002407.SZ,多氟多,484.62,2940.08,1.82,-0.63,0.28,0.52,1.97,65.22,8.4,0.39,-114.02,46.78,0.04,49.29,0.4,62.85,转盈,1730.8
002997.SZ,瑞鹄模具,20.93,25.14,3.41,12.21,13.14,5.68,0.9,27.78,24.28,16.52,71.42,27.5,,59.05,0.05,0.91,2.06,1.59
301155.SZ,海力风电,117.7,-161.0,2.49,1.48,1.61,0.67,,0.0,6.01,8.06,68.26,-9.31,,36.38,0.17,扣非亏损,扣非转亏,146.21
002137.SZ,实益达,97.15,229.68,2.27,1.15,1.77,2.36,,0.0,22.07,8.8,-28.64,-6.68,,16.45,0.03,-34.39,399.24,109.78
002208.SZ,合肥城建,59.97,221.94,1.06,1.22,1.33,1.43,1.33,31.48,19.62,5.28,-67.62,30.15,0.0,71.19,0.53,7.36,181.56,45.09
430300.BJ,辰光医疗,-58.44,-44.98,4.53,-7.42,-5.65,-3.35,,0.0,41.27,-18.44,-75.03,7.21,,45.12,0.04,扣非亏损,扣非亏损,亏损
000987.SZ,越秀资本,17.12,26.02,1.34,4.12,5.92,1.0,2.82,35.48,61.76,84.73,-36.46,233.08,,79.04,0.45,0.11,6.32,2.89
872190.BJ,雷神科技,96.21,125.68,2.76,1.98,2.16,2.3,0.33,28.99,9.15,0.9,-22.59,4.81,,52.23,0.11,26.15,63.46,44.54
688609.SH,九联科技,-42.26,-33.32,6.36,-10.88,-10.75,-3.28,,0.0,11.82,-6.01,12.14,4.72,0.01,73.33,0.04,扣非亏损,扣非亏损,亏损
600558.SH,大西洋,31.4,38.63,1.58,3.11,3.75,3.64,1.35,48.72,13.63,3.74,7.63,4.76,,21.93,0.12,8.11,12.44,8.37
300668.SZ,杰恩设计,181.64,213.94,3.34,0.93,1.36,1.77,1.22,62.5,26.3,2.87,-84.84,36.11,,34.16,0.12,5.92,230.67,133.56
000628.SZ,高新发展,125.69,114.41,9.3,3.82,5.61,1.8,0.31,14.63,9.85,2.22,-23.56,13.58,7.06,83.65,0.05,8.42,29.99,22.4
300096.SZ,ST易联众,-16.51,-15.44,5.22,-21.96,-21.26,-7.86,,0.0,46.38,-23.96,39.96,-2.44,0.21,65.11,0.16,扣非亏损,扣非亏损,亏损
300971.SZ,博亚精工,38.03,35.09,1.85,3.21,3.63,2.86,1.0,31.65,44.26,12.74,-11.33,5.53,,20.26,0.27,6.35,10.94,10.48
301320.SZ,豪江智能,49.94,75.92,2.79,3.47,4.2,3.2,1.62,33.33,24.45,7.42,-8.39,5.75,,28.64,0.28,13.2,21.91,11.89
601001.SH,晋控煤业,8.56,7.73,1.36,12.23,12.3,10.49,6.41,40.1,46.0,26.49,0.88,16.98,,30.04,0.65,0.46,0.63,0.7
002044.SZ,美年健康,583.98,78.8,2.51,0.11,0.32,1.68,0.32,14.62,39.67,1.13,-96.43,12.15,56.71,55.68,0.08,6.48,742.69,1824.93
002302.SZ,西部建设,703.56,39.77,0.99,-0.26,-0.15,0.46,1.77,23.45,8.45,0.4,-108.22,-0.3,,69.46,0.22,-132.66,转盈,转盈
600080.SH,金花股份,61.05,7010.43,1.65,1.1,1.95,1.56,,0.0,77.98,7.34,-13.23,-4.67,,18.29,0.1,-1502.48,12747.4,62.61
603209.SH,兴通股份,12.62,14.12,1.91,11.58,11.87,9.54,0.92,16.67,36.9,24.39,53.35,47.6,1.19,36.67,0.14,0.3,1.22,1.06
688396.SH,华润微,106.06,104.35,3.2,2.15,2.28,1.46,0.25,9.98,27.14,5.44,-48.91,13.25,2.18,17.43,0.12,7.88,48.45,46.45
301062.SZ,上海艾录,63.99,67.6,4.47,4.8,5.24,2.92,0.46,26.32,24.12,5.64,20.59,13.26,,55.46,0.06,5.1,14.08,12.21
002616.SZ,长青集团,20.44,23.27,1.3,3.73,4.59,3.97,1.9,46.66,20.13,4.49,-9.16,4.8,,74.03,0.3,4.85,6.24,4.45
603090.SH,宏盛股份,29.93,46.25,3.3,7.86,8.44,7.09,1.28,55.56,27.27,9.37,-20.64,32.39,9.42,29.1,0.09,1.43,5.88,3.55
002788.SZ,鹭燕医药,9.82,9.54,1.1,8.62,8.47,4.04,3.34,31.91,7.34,1.67,2.75,8.61,9.33,74.98,0.15,1.11,1.11,1.16
873167.BJ,新赣江,43.28,79.77,2.43,1.97,4.25,4.25,0.62,14.71,41.43,17.75,-70.9,5.97,,11.0,0.19,13.36,40.45,10.18
300283.SZ,温州宏丰,-166.63,-52.91,3.42,-2.52,-1.34,1.26,0.31,40.0,9.62,-1.3,19.21,20.11,,69.2,0.04,扣非亏损,扣非亏损,亏损
002382.SZ,蓝帆医疗,-18.76,-12.31,0.64,-2.71,-2.39,-0.3,,0.0,17.17,-4.88,43.61,-11.99,38.52,41.28,0.4,扣非亏损,扣非亏损,亏损
688192.SH,迪哲医药,-24.42,-20.1,42.44,-93.89,-85.92,-40.38,,0.0,97.73,-191.95,29.93,-62.95,,73.38,0.02,扣非亏损,扣非亏损,亏损
603970.SH,中农立华,17.48,20.09,2.73,11.43,11.78,4.63,2.93,53.8,6.72,2.22,1.53,18.29,,72.63,0.1,1.1,1.76,1.48
300395.SZ,菲利华,65.2,66.59,5.0,4.76,5.89,4.45,0.57,19.95,42.36,18.54,-49.91,34.6,2.63,23.61,0.03,1.92,13.98,11.07
002622.SZ,皓宸医疗,140.04,-29.19,5.63,2.95,3.07,4.24,,0.0,47.97,4.52,-8.63,98.66,40.55,68.55,0.06,扣非亏损,扣非转亏,91.23
000715.SZ,中兴商业,34.7,26.32,1.36,2.39,3.0,2.28,0.68,15.62,56.13,9.77,-44.24,-0.73,,28.09,0.11,-36.0,11.02,11.57
301285.SZ,鸿日达,138.92,180.39,5.16,2.16,2.7,1.64,0.58,62.01,24.16,4.58,136.9,6.51,,46.59,0.17,27.73,83.38,51.45
300750.SZ,宁德时代,24.65,26.13,4.99,14.81,17.73,5.89,1.23,17.06,28.18,14.95,19.26,111.05,0.34,64.33,0.25,0.24,1.76,1.39
002783.SZ,凯龙股份,28.79,37.98,1.74,4.54,5.18,4.03,0.86,22.22,29.76,6.85,-40.74,23.57,5.13,58.52,0.24,1.61,8.37,5.56
300749.SZ,顶固集创,-107.28,-45.2,1.92,-2.23,-1.33,-0.48,0.32,30.0,23.09,-1.2,-176.0,17.05,,47.01,0.18,扣非亏损,扣非亏损,亏损
600657.SH,信达地产,-122.08,35.68,0.57,-0.42,-0.35,1.25,,0.0,28.92,-4.31,-5262.08,-23.13,0.33,68.7,0.36,-1.54,扣非亏损,亏损
603969.SH,银龙股份,21.93,22.32,2.09,7.25,7.22,6.34,1.17,35.0,21.89,8.14,44.42,4.32,0.03,38.17,0.05,5.17,3.08,3.04
002267.SZ,陕天然气,13.04,12.94,1.34,7.81,7.83,5.31,4.09,61.3,14.39,8.81,71.17,-2.18,1.75,45.06,0.1,-5.95,1.66,1.67
300508.SZ,维宏股份,28.36,79.51,4.15,6.52,11.52,9.42,0.29,22.47,60.71,24.0,0.24,35.07,12.21,13.83,0.02,2.27,12.19,2.46
603053.SH,成都燃气,15.72,18.0,1.91,8.96,9.22,5.52,2.93,50.85,20.32,11.49,-3.91,7.49,1.37,42.31,0.33,2.4,2.01,1.7
600909.SH,华安证券,18.83,19.94,1.33,5.29,5.3,,2.05,37.04,,35.86,21.33,3.35,0.02,75.9,0.69,5.94,3.77,3.55
002908.SZ,德生科技,331.84,148.39,3.49,0.49,0.78,0.76,0.35,29.38,40.51,2.88,-88.83,15.67,7.9,20.45,0.05,9.47,302.97,425.44
300635.SZ,中达安,518.76,2519.83,3.64,0.51,0.53,1.01,0.08,51.81,22.75,1.13,134.74,9.23,29.72,66.59,0.08,272.97,4974.0,978.8
603327.SH,福蓉科技,57.3,78.33,5.74,5.53,7.17,5.35,2.25,73.01,12.49,8.21,-49.67,6.01,,42.01,0.02,13.04,14.18,7.99
300383.SZ,光环新网,41.48,54.71,1.58,2.68,2.87,2.59,1.03,45.45,16.53,6.13,-2.63,1.87,8.11,30.93,0.07,29.19,20.38,14.45
301009.SZ,可靠股份,85.27,281.75,1.87,1.24,1.62,0.68,0.7,107.14,21.52,2.78,-35.28,-12.1,,25.94,0.49,-23.29,227.2,52.63
688558.SH,国盛智科,22.23,25.14,1.83,5.89,6.2,5.17,1.76,46.3,24.17,12.66,-13.73,17.26,,20.76,0.04,1.46,4.27,3.59
688420.SH,美腾科技,45.62,42.22,1.46,1.33,2.35,1.44,1.16,35.71,37.0,8.3,-24.33,21.12,,20.45,0.86,2.0,31.82,19.41
000876.SZ,新希望,218.23,-67.38,2.09,0.15,0.45,1.31,,0.0,5.67,0.04,100.97,9.06,3.23,70.85,0.21,扣非亏损,扣非转亏,969.92
301399.SZ,英特科技,55.19,44.67,2.37,3.02,3.17,2.35,3.14,39.06,23.57,11.88,-41.79,21.72,,11.52,0.96,2.06,14.77,17.41
300796.SZ,贝斯美,1342.99,1387.65,2.34,-0.38,0.14,0.15,0.25,16.67,14.4,0.19,-108.63,22.32,15.31,42.14,0.19,62.17,转盈,9592.81
002496.SZ,辉丰股份,1863.83,-8.43,2.16,-6.27,0.09,0.56,,0.0,22.22,0.04,32.3,-41.44,,44.04,0.02,扣非亏损,扣非亏损,41418.4
002771.SZ,真视通,-128.79,-99.82,6.14,-3.87,-3.36,-2.31,,0.0,13.26,-12.04,59.95,-11.04,,38.45,0.06,扣非亏损,扣非亏损,亏损
600531.SH,豫光金铅,10.09,12.25,1.43,10.2,10.99,6.38,2.64,30.19,7.52,1.91,7.42,17.42,,69.73,0.28,0.7,1.2,0.92
002106.SZ,莱宝高科,20.13,21.65,1.55,5.8,5.86,3.46,2.35,46.92,16.11,7.02,4.97,-5.11,,37.34,0.7,-4.23,3.73,3.43
605222.SH,起帆电缆,24.66,35.87,1.52,4.3,4.53,3.06,0.83,15.84,5.6,1.29,-39.19,38.78,,66.95,0.14,0.92,8.34,5.44
300107.SZ,建新股份,341.55,406.64,4.14,0.78,0.92,-0.16,0.3,59.65,11.24,3.05,39.88,6.09,,9.66,0.12,66.72,520.46,371.25
601020.SH,华钰矿业,52.63,117.03,3.29,4.84,5.15,5.53,0.27,30.93,56.54,23.56,14.73,-15.45,,27.55,0.01,-7.57,24.2,10.22
688031.SH,星环科技,-12.05,-13.28,4.05,-24.29,-22.49,-18.09,,0.0,55.75,-140.05,-6.54,23.87,,19.17,0.1,扣非亏损,扣非亏损,亏损
000601.SZ,韶能股份,17.05,-36.27,1.0,4.27,4.49,4.0,,0.0,20.57,6.24,473.86,-5.54,,62.22,0.09,扣非亏损,扣非转亏,7.59
300222.SZ,科大智能,203.86,-75.04,4.92,-0.66,1.82,0.72,,0.0,25.7,1.17,81.43,4.64,0.5,64.24,0.07,扣非亏损,扣非亏损,224.02
603855.SH,华荣股份,15.96,14.83,3.51,15.41,16.38,7.81,5.01,71.94,50.17,13.26,2.99,12.73,1.05,57.72,0.12,1.16,0.96,0.97
601158.SH,重庆水务,24.78,158.7,1.42,3.73,4.26,3.3,2.98,73.48,30.62,14.35,-52.61,4.91,0.13,49.59,0.06,32.31,42.5,5.82
002394.SZ,联发股份,14.26,14.18,0.62,3.24,3.32,3.01,9.63,0.0,14.83,3.73,1.03,3.29,0.03,32.31,0.28,4.32,8.75,8.59
601800.SH,中国交建,8.3,9.04,0.64,4.38,5.6,1.5,3.85,21.05,11.54,3.91,-11.45,6.46,1.16,75.19,1.22,1.4,2.06,1.48
688018.SH,乐鑫科技,41.26,50.87,6.78,11.69,12.91,10.2,0.97,58.78,42.81,17.25,237.99,23.73,3.77,17.0,0.04,2.14,4.35,3.2
002609.SZ,捷顺科技,91.41,86.43,2.2,1.53,1.76,1.24,1.09,71.59,39.6,4.44,-36.23,6.91,1.63,31.12,0.17,12.51,56.65,51.94
002634.SZ,棒杰股份,-6.88,-5.75,2.03,-19.91,-19.47,-5.96,,0.0,1.08,-29.82,-2252.4,7.56,,74.81,0.38,扣非亏损,扣非亏损,亏损
603706.SH,东方环宇,21.84,17.52,2.21,7.36,7.35,5.66,5.44,86.54,26.51,16.35,25.25,14.53,7.85,35.24,0.05,1.21,2.38,2.97
300898.SZ,熊猫乳品,25.94,30.55,2.81,7.15,8.18,8.19,2.07,57.06,28.06,13.67,-4.65,11.82,,10.38,0.1,2.58,4.27,3.17
600956.SH,新天绿能,16.88,15.5,1.57,6.81,6.96,3.79,2.63,41.96,19.91,10.93,0.04,17.35,0.63,67.57,0.15,0.89,2.28,2.42
603867.SH,新化股份,19.26,21.15,2.15,7.79,8.05,6.32,1.37,33.09,20.96,9.76,-10.99,3.96,,39.74,0.12,5.35,2.71,2.39
000703.SZ,恒逸石化,76.69,-202.09,1.01,0.08,0.92,2.44,1.49,76.92,4.05,0.35,-88.99,18.68,0.72,71.97,0.52,扣非亏损,扣非转亏,83.36
300611.SZ,美力科技,22.18,27.8,2.16,7.25,7.57,4.63,0.44,26.32,21.85,6.97,176.01,26.98,0.93,45.4,0.16,1.03,3.83,2.93
301010.SZ,晶雪节能,61.65,41.4,1.83,2.2,2.21,1.16,1.07,56.55,17.85,3.29,28.88,14.89,,53.79,0.09,2.78,18.81,27.9
688695.SH,中创股份,226.04,,3.74,1.28,1.48,1.48,,22.86,87.75,9.86,,30.94,,3.73,0.66,,,152.73
300497.SZ,富祥药业,-78.95,-31.29,2.73,-3.86,-2.53,-0.86,,0.0,9.91,-7.08,-13.53,2.9,,48.65,0.13,扣非亏损,扣非亏损,亏损
600129.SH,太极集团,19.79,25.69,3.6,13.13,14.2,5.28,0.65,20.27,42.3,5.29,-30.0,11.54,,71.21,0.05,2.23,1.96,1.39
688179.SH,阿拉丁,43.55,40.96,4.27,6.87,6.94,5.93,1.57,61.22,63.08,22.34,37.43,20.27,10.63,35.7,0.12,2.02,5.96,6.27
600645.SH,中源协和,54.1,72.99,2.66,3.57,3.66,2.96,,0.0,69.82,10.99,4.18,6.64,19.1,30.31,0.15,10.99,40.88,29.56
601019.SH,山东出版,17.16,17.06,1.52,6.1,6.32,5.44,5.97,49.12,36.44,11.36,-23.36,7.64,,36.65,0.27,2.23,2.8,2.72
603041.SH,美思德,19.2,21.27,1.32,4.72,5.18,4.75,1.49,32.79,35.62,16.82,-2.68,9.43,,17.04,0.15,2.26,4.51,3.71
300647.SZ,超频三,-54.5,-14.83,3.62,-5.23,-4.83,-3.23,,0.0,16.18,-15.43,23.12,16.27,0.72,58.58,0.02,扣非亏损,扣非亏损,亏损
002795.SZ,永和智控,-19.61,-10.08,2.68,-9.87,-9.98,-3.71,,0.0,17.96,-13.0,-133.91,16.55,13.44,57.48,0.11,扣非亏损,扣非亏损,亏损
000589.SZ,贵州轮胎,10.43,10.5,0.9,6.83,6.98,3.48,3.27,27.4,18.58,7.2,-13.06,12.18,,52.13,0.46,0.86,1.54,1.49
835892.BJ,中科美菱,112.6,456.34,2.93,0.44,1.95,1.03,0.78,59.99,39.46,5.5,17.36,-4.38,,16.99,0.35,-104.16,1037.36,57.75
000590.SZ,启迪药业,-55.1,-52.87,3.01,-4.49,-4.01,-2.12,,0.0,46.21,-13.06,-1159.85,13.77,18.8,36.77,0.08,扣非亏损,扣非亏损,亏损
603556.SH,海兴电力,18.1,17.45,2.78,11.55,12.89,9.85,3.79,54.46,45.97,23.2,24.46,15.27,,24.38,0.14,1.14,1.51,1.4
603315.SH,福鞍股份,28.86,29.42,1.98,5.75,5.31,3.9,0.47,29.07,20.16,8.77,62.08,4.95,,45.54,0.05,5.94,5.12,5.44
002897.SZ,意华股份,26.36,35.11,3.21,10.11,10.59,5.63,0.27,13.89,19.15,5.32,136.07,16.65,11.13,60.3,0.13,2.11,3.47,2.49
301112.SZ,信邦智能,254.01,362.3,2.38,0.58,0.7,0.57,0.4,31.58,18.3,0.42,-68.28,-6.84,0.5,20.37,0.31,-52.93,628.56,362.88
301273.SZ,瑞晨环保,-24.62,-50.37,1.44,-4.35,-4.26,-4.0,0.72,46.51,41.59,-30.97,-1496.4,7.34,0.38,20.82,0.34,扣非亏损,扣非亏损,亏损
688180.SH,君实生物,-23.88,-15.71,4.78,-14.11,-13.91,-8.8,,0.0,74.41,-77.78,30.86,30.62,,42.16,0.11,扣非亏损,扣非亏损,亏损
301525.SZ,儒竞科技,27.61,40.72,1.73,3.98,4.77,3.85,0.53,16.36,24.42,14.71,-36.69,10.39,,18.88,0.83,3.92,10.22,5.79
600166.SH,福田汽车,36.27,95.15,1.44,1.53,3.0,0.93,,0.0,12.59,1.13,-51.17,0.14,0.1,72.42,0.5,659.51,124.31,24.18
300234.SZ,开尔新材,47.86,67.84,2.18,0.53,3.47,3.0,1.71,20.0,24.14,13.01,-79.9,18.15,,19.15,0.08,3.74,126.95,13.79
002255.SZ,海陆重工,14.66,13.79,1.19,6.06,6.33,3.91,,0.0,25.56,13.05,4.12,12.21,1.59,42.4,0.44,1.13,4.55,4.63
300132.SZ,青松股份,59.73,54.86,1.99,2.37,2.48,1.69,,0.0,16.56,2.23,143.68,-19.31,2.02,42.74,0.19,-2.84,46.35,48.17
001216.SZ,华瓷股份,15.25,18.62,2.03,9.26,10.27,9.36,1.99,36.62,33.94,17.14,20.95,11.52,,17.51,0.14,1.62,2.01,1.48
301148.SZ,嘉戎技术,32.6,89.89,1.3,2.01,2.96,2.39,1.77,78.0,40.58,12.91,9.66,-0.55,,21.58,0.65,-162.08,44.61,11.01
688432.SH,有研硅,60.66,100.15,3.66,3.41,4.62,4.66,0.57,5.0,36.57,28.78,-5.13,24.37,,9.6,0.16,4.11,29.35,13.13
002507.SZ,涪陵榨菜,19.22,21.78,2.01,7.58,7.92,8.0,2.1,41.67,52.63,34.18,5.6,2.71,0.45,6.01,0.19,8.03,2.87,2.43
002484.SZ,江海股份,22.75,25.49,2.63,8.17,8.66,7.65,1.62,30.98,25.05,14.11,-12.82,23.08,2.27,22.17,0.06,1.1,3.12,2.63
600543.SH,莫高股份,-51.73,-40.21,2.25,-3.31,-3.17,-2.75,,0.0,19.43,-12.12,-27.95,21.98,,12.92,0.02,扣非亏损,扣非亏损,亏损
600130.SH,波导股份,737.85,-518.7,4.2,-0.73,0.42,0.1,,0.0,13.36,3.09,-234.33,-14.63,,9.9,0.07,扣非亏损,扣非亏损,3513.57
688282.SH,*ST导航,-57.08,-44.09,2.01,-2.74,-2.57,-3.5,,0.0,27.95,-56.33,-55.93,-40.34,7.16,15.37,0.39,扣非亏损,扣非亏损,亏损
002873.SZ,新天药业,27.74,66.23,2.24,3.91,5.82,4.52,0.56,20.06,73.9,9.23,-49.2,9.67,,46.69,0.06,6.85,16.92,4.77
835237.BJ,力佳科技,34.92,37.85,4.84,10.22,10.76,8.93,1.73,34.48,34.02,17.43,73.92,19.01,0.0,23.95,0.04,1.99,3.7,3.25
002472.SZ,双环传动,25.53,26.07,2.95,8.63,8.98,6.69,0.46,12.37,23.18,11.37,29.21,30.68,0.78,38.54,0.05,0.85,3.02,2.84
002758.SZ,浙农股份,21.53,18.77,1.02,2.83,3.54,2.23,2.88,40.54,4.75,0.94,-36.16,13.05,5.63,61.33,0.86,1.44,6.64,6.08
603880.SH,南卫股份,-71.32,-7.61,2.77,-2.63,-1.9,-0.45,,0.0,12.41,-2.83,-266.8,-12.46,,63.01,0.05,扣非亏损,扣非亏损,亏损
300533.SZ,冰川网络,-7.83,-10.56,4.57,-36.87,-34.48,-18.16,4.33,42.02,92.64,-22.95,-400.48,123.69,,55.3,0.13,扣非亏损,扣非亏损,亏损
300886.SZ,华业香料,66.51,159.6,2.82,2.72,3.24,2.9,,0.0,21.22,6.93,780.64,9.52,,8.21,0.05,16.77,117.24,41.05
603879.SH,ST永悦,-29.54,-17.79,3.54,-8.54,-8.26,-8.73,,0.0,6.83,-12.89,-9.83,-4.58,,16.33,0.01,扣非亏损,扣非亏损,亏损
600567.SH,山鹰国际,109.7,-26.39,0.62,-3.17,0.5,1.62,0.57,27.5,7.75,0.07,-22.77,7.17,3.64,69.49,0.3,扣非亏损,扣非亏损,219.41
300485.SZ,赛升药业,-28.58,-79.91,1.12,0.52,-2.9,-3.45,0.21,10.29,65.86,-31.65,-21.27,-23.06,0.65,4.64,0.05,扣非亏损,扣非转亏,亏损
000852.SZ,石化机械,50.66,121.1,1.85,2.05,2.79,1.68,,0.0,15.6,1.85,-7.62,10.58,,68.55,0.13,11.45,118.29,36.32
000625.SZ,长安汽车,30.94,79.82,2.03,2.33,4.95,1.15,2.04,29.83,14.38,2.44,-48.87,21.48,2.43,59.36,0.57,3.72,34.31,6.25
300659.SZ,中孚信息,-21.38,-34.14,4.18,-18.7,-15.5,-10.51,,0.0,61.8,-43.11,21.96,7.08,,28.96,0.06,扣非亏损,扣非亏损,亏损
688067.SH,爱威科技,36.21,74.54,2.43,4.09,5.04,4.82,0.42,31.25,59.48,16.41,23.11,4.04,,9.76,0.03,18.47,18.24,7.18
000752.SZ,ST西发,63.74,51.09,15.04,13.86,19.41,7.08,,0.0,38.56,19.66,172.52,-3.65,,37.72,0.29,-14.01,7.38,6.57
600418.SH,江淮汽车,103.76,-60.9,6.29,-1.71,4.63,1.08,0.13,30.0,11.32,1.46,56.27,2.59,,70.42,0.15,扣非亏损,扣非亏损,22.41
300713.SZ,英可瑞,-45.4,-42.49,5.04,-7.98,-7.99,-5.51,,0.0,23.24,-33.2,-106.4,3.1,0.48,39.48,0.05,扣非亏损,扣非亏损,亏损
002532.SZ,天山铝业,9.68,11.33,1.51,11.72,12.23,7.25,2.5,31.25,22.06,14.84,122.72,2.43,,54.93,0.31,4.66,0.97,0.79
000565.SZ,渝三峡A,125.45,-1759.84,2.01,1.02,1.21,1.14,0.24,-18.75,23.82,5.61,173.69,5.18,,15.73,0.09,扣非亏损,扣非转亏,207.36
300900.SZ,广联航空,98.18,129.82,4.59,3.07,3.35,2.34,0.41,20.0,40.44,7.3,-47.59,55.5,17.06,64.74,0.05,2.34,42.28,29.31
600682.SH,南京新百,31.99,39.25,0.54,1.31,1.28,1.56,0.39,9.38,44.54,6.46,-39.26,4.02,31.9,26.82,0.56,9.76,29.94,24.99
000637.SZ,茂化实华,-13.38,-10.58,3.29,-17.32,-16.89,-2.54,,0.0,4.97,-3.88,-111.41,7.73,30.41,69.45,0.1,扣非亏损,扣非亏损,亏损
002921.SZ,联诚精密,-47.47,-55.22,1.54,-2.21,-2.16,0.43,0.61,250.0,14.09,-3.05,-2802.12,8.01,,53.96,0.2,扣非亏损,扣非亏损,亏损
002885.SZ,京泉华,64.78,-234.17,2.56,2.18,2.97,1.63,0.08,11.02,12.39,2.02,-60.21,27.02,,54.73,0.19,扣非亏损,扣非转亏,21.81
603718.SH,海利生物,198.85,-1692.59,4.2,-0.36,1.64,0.65,0.27,28.7,49.08,8.83,-142.1,0.22,18.38,24.51,0.01,扣非亏损,扣非亏损,121.25
600968.SH,海油发展,12.28,13.0,1.68,9.83,10.5,7.52,3.86,36.29,14.61,8.23,26.47,14.4,,41.62,0.11,0.9,1.32,1.17
000978.SZ,桂林旅游,176.54,-182.27,2.2,0.43,0.94,1.46,,0.0,31.06,0.91,-83.49,69.57,1.48,45.76,0.04,扣非亏损,扣非转亏,375.62
600807.SH,济南高新,-59.05,-23.05,20.58,-24.06,-23.59,-1.82,,0.0,17.7,-23.67,4.91,-2.23,29.12,75.03,0.03,扣非亏损,扣非亏损,亏损
301297.SZ,富乐德,162.36,206.95,11.75,4.22,5.33,5.39,0.3,30.34,39.56,14.18,27.79,7.59,,15.76,0.05,27.27,49.06,30.46
300120.SZ,经纬辉开,77.25,-28.63,2.24,1.73,2.2,2.21,,0.0,11.94,2.51,-15.85,4.99,16.42,35.09,0.16,扣非亏损,扣非转亏,70.23
301136.SZ,招标股份,-1513.81,-390.39,2.65,-0.47,-0.13,-0.27,0.16,23.98,39.78,-1.35,-141.26,1.44,0.97,26.69,0.62,扣非亏损,扣非亏损,亏损
001228.SZ,永泰运,17.98,31.74,1.25,4.13,5.08,3.46,1.89,41.67,10.12,3.24,-41.34,46.22,12.04,53.93,0.45,0.69,7.69,3.54
001389.SZ,广合科技,27.82,30.55,6.36,20.39,19.86,12.37,,22.94,33.3,18.37,51.34,11.02,,43.9,0.53,2.77,1.5,1.4
002519.SZ,银河电子,33.98,90.33,2.01,1.59,4.38,2.76,1.62,58.82,29.52,17.38,-51.3,-8.91,3.11,22.03,0.07,-10.13,56.71,7.76
002460.SZ,赣锋锂业,-98.3,-41.27,1.91,-0.79,-1.38,-0.43,1.87,32.52,10.34,-7.41,-108.22,118.53,0.27,47.17,0.14,扣非亏损,扣非亏损,亏损
603693.SH,江苏新能,16.14,19.54,1.36,5.83,6.45,4.82,1.34,28.3,52.02,33.43,4.3,8.27,,54.05,0.21,2.36,3.35,2.5
688419.SH,耐科装备,36.93,47.97,2.83,4.7,5.84,5.05,0.84,46.88,43.25,29.25,90.23,9.73,,15.4,0.56,4.93,10.21,6.32
002279.SZ,久其软件,-17.76,-17.99,4.04,-15.73,-15.5,-9.53,,0.0,14.98,-9.06,-135.91,6.9,7.71,40.07,0.08,扣非亏损,扣非亏损,亏损
300473.SZ,德尔股份,110.16,194.4,2.28,1.3,1.55,1.97,,0.0,20.52,0.61,469.16,8.29,,60.16,0.08,23.44,299.72,142.14
300246.SZ,宝莱特,-104.01,-12.3,1.55,-2.4,-1.06,0.07,,0.0,27.18,-1.39,-175.41,-4.16,3.01,45.87,0.3,扣非亏损,扣非亏损,亏损
300521.SZ,爱司凯,-187.76,-162.26,4.93,-2.14,-1.95,-1.42,,0.0,41.87,-7.86,-341.55,7.06,,14.72,0.03,扣非亏损,扣非亏损,亏损
603466.SH,风语筑,-32.68,-157.96,2.33,-4.33,-4.95,-2.87,1.39,42.55,21.93,-12.22,-169.77,9.09,,51.7,0.27,扣非亏损,扣非亏损,亏损
603818.SH,曲美家居,-10.59,-9.42,0.93,-5.88,-6.43,-0.49,,0.0,33.31,-5.65,36.38,-0.93,44.0,65.55,0.44,扣非亏损,扣非亏损,亏损
838275.BJ,驱动力,83.64,108.14,4.44,4.0,4.02,4.19,0.6,75.0,40.48,18.07,62.03,5.44,,2.98,0.02,19.88,27.03,20.81
002658.SZ,雪迪龙,39.92,31.9,1.62,2.38,2.97,2.37,3.74,93.75,39.93,9.1,-42.45,7.73,0.72,16.04,0.26,4.12,13.43,13.44
002933.SZ,新兴装备,155.26,2736.83,2.34,0.22,1.14,0.81,0.07,20.83,26.22,5.02,-62.5,24.25,,37.38,0.17,112.86,12711.7,136.19
600015.SH,华夏银行,4.85,4.45,0.41,5.52,5.79,,6.83,25.95,,26.57,3.56,-0.73,,91.82,,-6.06,0.81,0.84
301489.SZ,思泉新材,69.47,68.18,3.78,3.91,4.13,3.31,0.34,21.17,25.39,9.28,8.16,-1.55,1.66,25.35,0.11,-44.0,17.43,16.82
002333.SZ,罗普斯金,61.84,89.53,1.98,2.02,2.39,1.9,0.54,44.99,13.91,3.91,7.09,28.84,7.51,39.53,0.13,3.1,44.38,25.88
601985.SH,中国核电,15.74,18.53,1.96,9.45,9.57,4.38,2.6,35.2,47.26,28.63,-3.02,12.72,3.19,69.28,0.05,1.46,1.96,1.64
600782.SH,新钢股份,-15.73,-7.0,0.48,-4.67,-2.22,-0.68,4.3,93.75,-0.5,-1.82,-644.42,3.7,0.03,49.09,0.31,扣非亏损,扣非亏损,亏损
601798.SH,蓝科高新,-79.9,-20.61,1.69,-2.0,-1.6,-0.34,,0.0,15.26,-3.96,55.19,1.09,,42.62,0.09,扣非亏损,扣非亏损,亏损
603339.SH,四方科技,16.48,16.67,1.61,6.85,7.25,6.39,2.19,24.07,24.36,12.83,-27.05,27.45,,21.65,0.13,0.61,2.43,2.27
600819.SH,耀皮玻璃,39.04,86.05,1.45,2.31,2.82,1.83,0.1,-3.85,16.09,2.78,164.96,11.2,0.55,42.46,0.2,7.68,74.55,27.69
300725.SZ,药石科技,40.89,66.9,2.59,3.06,4.58,3.78,0.79,31.31,39.72,11.68,-43.89,19.48,12.28,41.0,0.05,3.43,21.86,8.93
002520.SZ,日发精机,-46.8,-4.32,3.74,-6.53,-5.55,0.31,,0.0,18.92,-4.53,-25.79,3.14,2.37,71.46,0.09,扣非亏损,扣非亏损,亏损
688167.SH,炬光科技,-93.91,-748.82,2.83,-2.44,-2.22,-2.1,0.27,30.69,30.57,-11.3,-355.04,16.63,16.45,26.71,0.19,扣非亏损,扣非亏损,亏损
002746.SZ,仙坛股份,35.56,319.47,1.16,1.25,2.44,1.46,2.13,57.69,3.71,3.66,-74.33,23.75,0.01,35.86,0.7,13.45,254.96,14.58
600694.SH,大商股份,8.84,11.32,0.72,5.75,6.22,5.07,5.92,56.5,41.35,11.0,24.39,-4.86,,49.14,0.56,-2.33,1.97,1.42
300912.SZ,凯龙高科,-9.7,-15.21,2.19,-14.89,-15.41,-7.32,,0.0,8.45,-25.78,-521.85,5.54,,51.2,0.1,扣非亏损,扣非亏损,亏损
688079.SH,美迪凯,-41.85,-46.68,2.58,-3.99,-4.51,-2.61,,0.0,20.86,-19.82,-3.38,-8.11,,49.81,0.06,扣非亏损,扣非亏损,亏损
300119.SZ,瑞普生物,27.9,30.46,2.0,4.73,5.41,4.57,2.44,40.93,49.39,15.12,-8.38,4.03,6.3,33.32,0.05,7.56,6.44,5.16
002957.SZ,科瑞技术,31.94,50.24,2.4,5.13,5.67,4.15,0.9,40.76,38.9,11.45,25.15,15.17,6.54,41.85,0.08,3.31,9.79,5.63
600207.SH,安彩高科,-44.98,-27.52,1.79,-3.66,-2.93,-0.35,,0.0,6.44,-3.08,-607.22,31.38,0.41,54.22,0.13,扣非亏损,扣非亏损,亏损
688721.SH,龙图光罩,93.2,96.96,7.52,8.19,10.97,8.06,,0.0,57.9,38.28,16.27,35.13,,8.26,0.15,2.76,23.69,16.99
000426.SZ,兴业银锡,14.05,13.8,3.18,18.47,18.35,14.26,0.72,12.32,64.31,38.83,130.96,65.05,2.5,31.88,0.02,0.21,0.75,0.77
300850.SZ,新强联,-186.32,74.94,1.85,1.22,-0.72,0.36,0.33,9.29,16.74,-1.16,-74.52,11.17,0.99,47.45,0.09,6.71,61.48,亏损
600717.SH,天津港,12.37,16.33,0.76,4.6,4.7,4.98,2.48,30.0,29.1,14.83,-4.89,-4.2,0.09,26.75,0.39,-3.89,3.55,2.63
831641.BJ,格利尔,809.57,-143.62,3.59,-0.11,0.33,1.13,1.49,68.97,17.43,0.92,-101.98,18.17,,41.86,0.12,扣非亏损,扣非亏损,2453.24
300059.SZ,东方财富,52.85,55.61,5.53,7.65,8.14,2.43,0.28,7.69,83.72,269.4,-3.49,11.94,3.83,76.43,0.31,4.66,7.27,6.49
600368.SH,五洲交通,8.36,9.66,0.94,8.48,8.7,7.64,2.71,20.05,61.61,46.33,3.55,-1.59,0.02,30.61,0.13,-6.07,1.14,0.96
300408.SZ,三环集团,33.08,39.73,3.66,7.66,8.5,7.73,0.95,34.15,42.77,29.8,63.66,16.57,1.22,16.17,0.02,2.4,5.19,3.89
300684.SZ,中石科技,37.8,60.46,3.42,5.08,6.85,6.46,1.12,92.52,30.76,11.98,140.11,5.08,0.32,21.1,0.05,11.9,11.91,5.52
000541.SZ,佛山照明,26.06,33.23,1.36,3.44,3.94,1.94,1.8,56.39,19.08,4.88,-5.39,45.6,4.22,42.28,0.46,0.73,9.67,6.61
301058.SZ,中粮科工,39.27,27.82,2.98,5.12,5.69,2.93,1.37,35.71,26.73,8.53,10.5,6.72,1.1,47.86,0.21,4.14,5.43,6.9
600076.SH,康欣新材,-18.0,-10.21,0.71,-2.98,-2.93,-0.94,,0.0,-2.93,-25.48,4.53,-28.83,3.05,37.42,0.05,扣非亏损,扣非亏损,亏损
600483.SH,福能股份,11.61,9.99,1.16,7.66,7.89,5.56,3.75,30.1,21.99,20.33,10.6,15.59,0.32,41.7,0.19,0.64,1.3,1.47
603280.SH,南方路机,20.14,23.88,1.74,5.35,6.56,4.22,1.27,30.63,26.72,11.31,-11.15,0.34,,34.82,0.6,69.31,4.46,3.07
600993.SH,马应龙,17.83,24.66,2.72,11.6,11.77,10.55,1.65,38.83,47.77,16.91,24.62,4.8,0.61,19.4,0.21,5.13,2.12,1.51
603101.SH,汇嘉时代,52.95,342.05,2.57,2.8,3.55,2.92,3.81,74.64,33.46,2.72,-74.46,7.77,10.15,67.41,0.04,44.01,122.25,14.91
603388.SH,ST元成,-8.13,-4.07,0.82,-5.46,-7.34,-2.87,,0.0,1.11,-87.41,-486.09,-23.18,10.59,56.48,0.01,扣非亏损,扣非亏损,亏损
603227.SH,雪峰科技,12.67,14.76,2.1,12.43,12.78,10.49,3.62,30.64,25.35,14.68,-18.81,17.25,0.37,28.57,0.11,0.86,1.19,0.99
300569.SZ,天能重工,712.27,96.5,1.0,0.06,0.1,1.16,1.03,26.96,17.26,0.4,-98.38,7.11,0.06,53.57,0.17,13.57,1690.1,7122.71
300976.SZ,达瑞电子,23.83,31.26,1.73,4.97,5.56,5.04,0.43,29.49,24.66,10.1,412.89,14.23,1.61,16.74,0.18,2.2,6.29,4.29
002041.SZ,登海种业,112.1,67.17,2.44,-0.05,1.63,0.77,0.27,12.38,27.31,9.91,-104.02,19.9,,23.32,0.19,3.38,转盈,68.77
605060.SH,联德股份,21.33,22.03,1.82,6.39,6.46,5.74,1.87,33.33,36.31,17.18,-25.42,22.53,0.36,17.45,0.17,0.98,3.45,3.3
605007.SH,五洲特纸,12.21,11.22,2.12,12.41,12.88,5.53,1.5,32.35,11.57,6.01,239.35,36.99,,72.06,0.09,0.3,0.9,0.95
600495.SH,晋西车轴,592.64,-190.47,1.46,-1.02,0.19,-0.05,0.28,60.0,9.47,0.69,-64.06,4.03,,16.58,0.09,扣非亏损,扣非亏损,3119.18
603239.SH,浙江仙通,20.3,19.48,3.13,11.59,12.06,10.06,2.1,57.14,30.38,15.35,34.44,20.06,,21.57,0.02,0.97,1.68,1.68
603153.SH,上海建科,44.98,32.65,2.53,3.12,4.13,3.07,1.14,30.0,29.51,5.63,31.72,13.36,6.77,21.09,0.51,2.44,10.47,10.89
002459.SZ,晶澳科技,-87.38,-116.87,1.81,-1.78,-1.44,-0.61,2.72,26.31,5.4,-1.58,-108.45,49.42,,72.15,0.43,扣非亏损,扣非亏损,亏损
300557.SZ,理工光科,76.86,103.36,2.82,2.48,2.8,1.61,0.57,57.14,32.17,8.07,55.59,12.62,,35.54,0.22,8.19,41.65,27.45
001328.SZ,登康口腔,32.85,46.16,3.66,6.56,8.27,6.77,2.3,73.86,49.25,11.2,6.4,10.22,,27.66,0.3,4.51,7.03,3.97
300570.SZ,太辰光,82.55,89.04,11.35,9.81,10.33,9.06,1.28,72.46,33.78,16.12,47.09,17.29,,22.1,0.03,5.15,9.08,7.99
605186.SH,健麾信息,75.3,659.99,3.0,1.8,3.02,2.36,0.24,22.73,57.35,13.67,-67.89,10.66,,20.13,0.05,61.89,367.38,24.93
600729.SH,重庆百货,9.63,11.73,1.67,13.51,13.27,5.56,4.81,40.85,25.94,7.1,-12.12,-3.15,,62.73,0.95,-3.72,0.87,0.73
002155.SZ,湖南黄金,20.56,23.52,2.72,10.36,10.32,9.96,1.17,31.71,7.61,3.22,73.55,16.32,0.4,15.87,0.04,1.44,2.27,1.99
002945.SZ,华林证券,100.88,116.75,6.14,4.84,4.66,,0.03,40.0,,29.73,86.05,-11.18,0.06,74.33,0.3,-10.44,24.14,21.65
603507.SH,振江股份,22.88,22.43,2.02,6.96,6.72,4.88,1.51,30.23,21.34,5.82,32.84,25.87,5.46,59.66,0.12,0.87,3.22,3.41
601888.SH,中国中免,27.84,27.27,2.68,7.17,7.23,6.21,1.97,50.85,33.12,10.02,-25.4,11.06,1.37,20.67,0.23,2.47,3.81,3.85
002321.SZ,华英农业,105.34,-285.16,4.79,1.17,3.28,4.16,,0.0,6.82,2.23,74.83,6.92,7.95,64.0,0.06,扣非亏损,扣非转亏,64.23
000037.SZ,深南电A,-92.54,-76.16,3.98,-3.89,-3.18,-2.1,,0.0,6.44,-13.5,-5.93,-15.5,,32.78,0.13,扣非亏损,扣非亏损,亏损
600191.SH,华资实业,50.94,-822.25,1.8,0.39,2.73,2.81,,0.0,7.64,10.5,-74.1,284.91,,13.53,0.01,扣非亏损,扣非转亏,37.32
600820.SH,隧道股份,11.02,8.5,0.74,4.29,5.11,2.03,5.73,24.73,11.65,3.77,-8.53,7.58,0.16,76.96,0.89,1.12,1.98,2.16
603681.SH,永冠新材,14.89,27.56,1.02,3.08,5.1,2.55,0.99,34.88,8.62,2.81,-17.76,32.84,,61.8,0.38,0.84,8.96,2.92
605198.SH,安德利,34.93,38.82,3.53,7.79,7.63,7.29,0.94,30.99,25.53,19.3,3.17,2.66,0.21,4.95,0.1,14.59,4.99,4.58
600981.SH,汇鸿集团,-52.9,-24.97,1.25,-3.65,-1.75,1.18,,0.0,3.6,-0.11,-22.26,9.67,2.98,79.31,0.61,扣非亏损,扣非亏损,亏损
688509.SH,正元地信,-31.77,-51.32,2.38,-5.89,-5.46,-2.31,,0.0,29.11,-19.77,-37.37,-18.21,,55.11,0.12,扣非亏损,扣非亏损,亏损
600064.SH,南京高科,5.67,8.13,0.73,9.56,10.05,5.37,4.64,31.04,21.27,122.38,3.68,21.99,0.04,48.25,0.1,0.37,0.85,0.56
688217.SH,睿昂基因,148.41,-93.13,1.22,0.13,0.61,-0.43,0.5,0.0,76.08,0.82,-92.91,2.93,2.57,6.59,0.12,扣非亏损,扣非转亏,486.59
300047.SZ,天源迪科,217.67,-242.33,2.81,0.79,0.97,2.12,0.17,33.78,9.31,1.32,20.06,7.99,15.86,43.6,0.04,扣非亏损,扣非转亏,224.4
300837.SZ,浙矿股份,18.08,35.21,1.6,6.1,6.27,4.41,1.0,28.04,34.07,17.47,-34.12,7.98,0.11,36.64,0.39,4.41,5.78,2.88
000902.SZ,新洋丰,11.09,13.01,1.6,10.75,11.15,8.03,2.63,30.0,16.1,9.04,10.57,15.68,,38.92,0.09,0.83,1.21,0.99
688378.SH,奥来德,41.14,87.62,3.16,3.74,5.67,4.57,1.69,95.24,51.22,21.83,-15.5,22.98,,19.33,0.04,3.81,23.42,7.26
871396.BJ,常辅股份,33.66,28.62,3.62,7.9,8.28,6.32,1.59,36.31,41.44,14.26,58.99,1.35,,35.45,0.19,21.24,3.62,4.06
600705.SH,中航产融,47.48,-1521.33,1.01,1.32,1.54,0.76,0.32,33.33,32.26,21.16,-17.21,2.59,,85.13,1.54,扣非亏损,扣非转亏,30.83
300066.SZ,三川智慧,47.35,69.93,1.81,2.3,2.87,1.23,0.99,21.67,14.94,4.63,-43.03,37.1,5.03,15.37,0.02,1.88,30.47,16.5
002028.SZ,思源电气,29.81,34.56,5.04,12.69,13.28,8.77,0.77,19.8,31.42,14.6,26.52,19.12,5.39,44.35,0.06,1.81,2.72,2.25
300582.SZ,英飞特,55.87,-65.79,2.28,3.16,3.11,2.75,,0.0,31.07,2.31,174.37,38.43,8.93,55.36,0.16,扣非亏损,扣非转亏,35.93
301046.SZ,能辉科技,47.95,45.05,4.02,5.84,6.09,3.54,1.11,76.92,17.21,5.75,62.51,20.15,,56.28,0.14,2.24,7.71,7.87
300672.SZ,国科微,159.08,283.83,3.65,1.1,1.71,0.16,0.51,67.84,22.61,5.52,33.75,96.76,7.4,47.76,0.07,2.93,258.59,93.03
600506.SH,统一股份,73.36,2492.78,6.09,5.2,6.42,4.04,,0.0,19.53,1.46,140.05,227.11,167.5,79.56,0.06,10.98,957.99,22.85
601333.SH,广深铁路,15.29,21.83,0.9,4.45,4.51,4.66,2.7,46.67,9.24,6.04,19.48,17.88,1.03,26.41,0.12,1.22,4.9,3.39
002167.SZ,东方锆业,-116.21,-54.17,4.32,-3.18,-2.9,-1.51,,0.0,9.96,-5.33,-352.67,26.52,1.67,57.74,0.07,扣非亏损,扣非亏损,亏损
603004.SH,鼎龙科技,37.87,35.24,2.81,5.35,5.49,5.64,0.62,22.42,39.39,22.44,-18.07,3.87,,8.43,0.43,9.1,6.59,6.9
300358.SZ,楚天科技,-18.35,-24.81,1.02,-4.52,-3.96,-1.8,0.93,18.29,25.94,-4.62,-174.74,25.32,19.27,65.57,0.21,扣非亏损,扣非亏损,亏损
833523.BJ,德瑞锂电,20.65,22.66,5.31,21.29,21.0,17.9,1.26,29.24,42.76,27.63,222.46,25.71,,30.29,0.16,0.88,1.06,0.98
000049.SZ,德赛电池,34.76,29.82,1.6,2.74,3.47,0.96,1.66,26.31,9.57,0.96,-52.53,1.78,,61.96,0.1,16.74,10.88,10.02
872931.BJ,无锡鼎邦,31.07,29.42,3.27,10.16,9.58,5.5,1.23,13.85,22.73,9.9,-8.96,19.52,,41.99,0.35,1.51,2.9,3.24
605122.SH,四方新材,139.52,176.0,0.91,0.21,0.49,0.85,0.14,28.75,14.33,0.68,67.05,19.05,10.14,46.41,0.16,9.24,830.98,284.74
301338.SZ,凯格精机,64.91,79.13,2.65,2.71,3.09,1.1,0.39,32.65,32.38,7.88,28.12,8.89,0.39,35.83,0.62,8.91,29.17,21.01
301185.SZ,鸥玛软件,49.71,40.55,2.66,3.98,4.02,3.27,0.98,40.0,61.48,29.63,-8.45,18.59,,3.25,0.3,2.18,10.19,12.36
300862.SZ,蓝盾光电,-660.89,1380.59,2.81,-0.54,-0.32,-0.55,0.18,23.75,28.97,-2.47,-383.03,-2.14,0.44,22.55,0.06,-646.58,扣非亏损,亏损
600730.SH,中国高科,105.5,-754.86,2.1,0.54,1.5,1.23,,0.0,76.51,31.03,906.96,6.45,3.97,12.95,0.26,扣非亏损,扣非转亏,140.67
603165.SH,荣晟环保,9.81,12.31,1.52,9.43,10.95,6.21,4.09,49.0,16.93,14.97,-0.88,12.65,,50.36,0.46,0.97,1.31,0.9
688658.SH,悦康药业,34.12,48.7,2.6,5.57,5.77,4.23,0.96,48.78,60.38,6.96,45.9,-0.57,,38.84,0.16,-86.0,8.74,5.91
000553.SZ,安道麦A,-6.32,-5.84,0.78,-9.23,-8.71,-0.42,,0.0,22.19,-8.54,-71.39,5.75,25.02,61.61,0.29,扣非亏损,扣非亏损,亏损
600356.SH,恒丰纸业,15.31,17.37,0.88,3.78,4.34,4.29,1.71,29.74,16.27,6.14,15.91,12.98,,24.2,0.2,1.34,4.6,3.53
603519.SH,立霸股份,22.08,26.15,2.53,7.66,7.99,7.19,15.34,41.61,13.22,8.99,25.23,6.34,,13.38,0.11,4.12,3.41,2.76
300545.SZ,联得装备,24.87,26.86,3.57,10.96,11.11,7.99,0.43,15.0,39.94,19.32,68.31,15.71,,39.5,0.14,1.71,2.45,2.24
688391.SH,钜泉科技,39.37,95.96,2.13,2.04,4.0,3.04,1.61,50.84,43.51,15.91,-56.42,19.62,,6.78,0.3,4.89,46.95,9.84
002982.SZ,湘佳股份,22.81,-956.41,1.67,5.48,5.22,3.18,,0.0,17.88,3.07,247.44,22.07,,55.31,0.18,扣非亏损,扣非转亏,8.74
688683.SH,莱尔科技,85.03,103.81,3.06,2.2,2.72,2.21,0.25,34.21,23.75,7.64,5.08,3.4,2.59,20.24,0.05,30.56,47.14,31.26
600868.SH,梅雁吉祥,279.18,-36.35,1.91,0.6,0.05,0.04,,0.0,37.56,-3.6,-56.36,31.76,2.31,22.73,0.1,扣非亏损,扣非转亏,10926.97
600518.SH,康美药业,4892.6,-52.9,4.65,-2.55,0.07,0.11,,0.0,14.16,0.21,42.8,-2.0,1.5,50.15,0.02,扣非亏损,扣非亏损,139788.71
002292.SZ,奥飞娱乐,106.32,154.67,2.98,2.14,2.12,2.0,,0.0,42.62,3.42,14.34,5.07,43.2,28.59,0.06,30.49,144.5,100.3
301314.SZ,科瑞思,115.16,97.81,1.99,0.69,1.29,0.46,0.82,53.73,23.88,11.89,-61.63,1.16,,6.64,0.16,84.19,142.55,89.28
603028.SH,赛福天,-52.28,-46.16,2.89,-4.21,-3.9,-3.64,0.31,30.62,1.08,-7.79,-242.33,36.88,8.74,69.45,0.07,扣非亏损,扣非亏损,亏损
688230.SH,芯导科技,53.05,96.41,2.61,1.88,3.69,3.87,1.43,73.17,35.61,32.51,68.42,-1.63,,2.34,0.05,-59.3,51.26,14.38
600458.SH,时代新材,26.34,29.05,1.78,4.64,5.14,2.48,2.01,38.54,16.19,2.39,-16.21,5.61,0.04,67.76,0.16,5.18,6.27,5.13
688055.SH,龙腾光电,-64.99,-60.4,3.36,-4.4,-3.81,-2.96,,0.0,7.1,-6.37,23.0,-1.96,,39.07,0.08,扣非亏损,扣非亏损,亏损
002584.SZ,西陇科学,50.53,62.95,1.86,2.69,2.75,2.69,0.2,33.33,6.23,0.99,175.37,11.55,,53.08,0.15,5.45,23.44,18.38
603189.SH,网达软件,296.48,-157.44,2.83,0.31,0.7,0.58,0.56,-32.26,27.36,4.41,107.68,-2.94,,9.84,0.1,扣非亏损,扣非转亏,847.09
300078.SZ,思创医惠,-9.31,-3.79,6.62,-52.77,-56.52,-9.74,,0.0,16.51,-50.61,-11.79,-9.49,1.56,74.74,0.11,扣非亏损,扣非亏损,亏损
688229.SH,博睿数据,-22.15,-19.25,3.89,-12.53,-12.5,-12.14,,0.0,72.63,-60.5,18.65,-4.32,,7.92,0.18,扣非亏损,扣非亏损,亏损
002821.SZ,凯莱英,33.26,43.03,1.9,3.89,3.98,3.05,1.55,28.75,43.6,16.91,-67.41,48.22,0.88,11.04,0.18,0.89,11.06,8.36
002131.SZ,利欧股份,-72.89,157.01,1.2,1.96,-1.19,-1.18,1.32,10.34,8.71,-1.14,20.23,10.46,2.68,43.68,0.23,15.01,80.03,亏损
836717.BJ,瑞星股份,66.24,60.82,2.06,1.94,2.33,2.43,2.16,37.5,34.47,9.92,-0.46,-7.12,,17.28,0.2,-8.55,31.36,28.43
605258.SH,协和电子,40.39,51.82,2.12,3.56,3.95,3.34,1.26,83.33,19.47,7.25,112.4,6.51,,22.02,0.03,7.96,14.57,10.22
688103.SH,国力股份,123.62,153.81,4.04,1.68,2.33,1.38,0.47,34.33,27.88,4.9,-58.89,20.72,,47.37,0.12,7.42,91.37,53.06
300035.SZ,中科电气,45.03,33.74,2.42,4.45,3.98,3.7,1.42,259.97,19.41,6.7,899.7,86.1,9.11,54.78,0.06,0.39,7.58,11.31
300196.SZ,长海股份,17.52,23.89,1.06,4.03,4.46,3.62,1.38,20.83,23.39,10.62,-31.41,9.83,,33.36,0.42,2.43,5.92,3.93
000528.SZ,柳工,13.17,20.1,1.33,7.11,7.84,3.62,2.95,44.67,23.48,5.94,93.89,2.22,0.87,59.49,0.47,9.05,2.83,1.68
002423.SZ,中粮资本,21.92,28.39,1.71,6.19,6.19,1.62,1.99,30.03,-8.75,175.5,36.49,80.92,,78.42,0.32,0.35,4.59,3.54
603203.SH,快克智能,27.97,39.88,4.45,9.69,11.24,9.4,2.08,77.92,48.31,23.59,2.05,16.44,6.97,27.74,0.02,2.43,4.11,2.49
688522.SH,纳睿雷达,362.47,204.91,5.76,1.36,1.18,-0.08,0.27,34.88,76.08,19.1,-2.56,18.45,,10.6,0.29,11.11,151.08,307.18
000739.SZ,普洛药业,16.38,18.44,2.89,12.98,13.52,7.71,2.06,35.11,24.23,9.36,0.4,13.41,0.31,50.61,0.21,1.38,1.42,1.21
301022.SZ,海泰科,48.4,168.4,2.04,2.17,2.99,2.69,0.94,91.8,21.27,6.03,-18.24,9.64,,45.44,0.13,17.47,77.67,16.19
688335.SH,复洁环保,-70.26,27.59,1.19,-1.75,-1.24,-1.38,2.73,51.47,30.06,-14.11,-198.28,36.16,0.43,13.54,0.12,0.76,扣非亏损,亏损
000050.SZ,深天马A,-36.51,-10.77,0.84,-4.73,-1.71,0.28,,0.0,13.35,-1.98,56.05,1.55,0.91,63.53,0.3,扣非亏损,扣非亏损,亏损
002004.SZ,华邦健康,15.47,47.64,0.92,4.32,4.47,3.24,4.72,144.17,36.81,6.57,-9.78,2.57,16.65,47.03,0.41,18.56,11.03,3.46
601007.SH,金陵饭店,47.98,94.07,1.69,2.2,2.63,3.04,1.49,78.43,26.15,5.27,-7.64,17.19,,36.04,0.11,5.47,42.84,18.24
603016.SH,新宏泰,62.82,69.11,5.28,5.72,6.1,5.61,1.68,80.87,30.33,11.48,0.42,12.88,,18.11,0.05,5.37,12.08,10.3
000926.SZ,福星股份,202.59,80.96,0.37,0.38,0.14,0.61,0.24,14.29,24.8,0.61,-61.05,8.1,,63.74,0.29,9.99,213.34,1447.06
301161.SZ,唯万密封,34.82,51.66,2.4,4.58,5.28,6.18,0.3,19.35,39.32,13.4,50.13,-3.01,9.51,27.35,0.33,-17.17,11.28,6.59
832802.BJ,保丽洁,61.73,76.51,2.75,2.84,3.35,3.06,1.22,47.29,32.37,10.43,13.29,-1.92,2.83,20.06,0.17,-39.9,26.95,18.43
603215.SH,比依股份,22.08,23.87,2.64,8.83,9.06,5.15,2.17,34.72,16.17,6.64,-40.49,12.07,,54.86,0.34,1.98,2.7,2.44
002596.SZ,海南瑞泽,-25.91,-6.17,3.33,-10.36,-9.19,-0.09,,0.0,18.74,-8.21,13.94,-15.37,0.03,75.79,0.05,扣非亏损,扣非亏损,亏损
871245.BJ,威博液压,33.78,43.96,2.59,5.19,6.0,4.38,1.06,37.5,20.75,7.97,28.23,12.86,,38.03,0.08,3.42,8.47,5.63
603177.SH,德创环保,52.66,-70.34,4.57,5.38,6.49,2.74,,0.0,23.61,3.49,277.66,24.47,24.66,76.94,0.09,扣非亏损,扣非转亏,16.23
600238.SH,海南椰岛,-275.32,-37.16,15.82,-7.83,-4.22,0.03,,0.0,38.5,-5.58,73.1,-30.99,,72.29,0.0,扣非亏损,扣非亏损,亏损
000690.SZ,宝新能源,13.01,12.46,0.85,4.97,4.91,3.78,6.77,73.17,15.21,9.7,-3.25,13.54,,43.95,0.35,0.92,2.5,2.65
002970.SZ,锐明技术,27.46,36.6,4.93,13.3,14.82,7.55,1.63,84.75,39.15,11.61,174.52,3.35,0.23,44.66,0.18,10.94,2.75,1.85
002808.SZ,ST恒久,-40.8,-31.49,2.89,-6.17,-5.1,-4.33,0.39,-16.53,15.29,-14.88,23.37,-29.43,,23.86,0.16,扣非亏损,扣非亏损,亏损
600844.SH,丹化科技,-11.4,-7.3,8.89,-44.06,-45.15,-16.73,,0.0,-18.64,-43.23,-7.48,-6.93,,61.16,0.01,扣非亏损,扣非亏损,亏损
300988.SZ,津荣天宇,33.47,32.6,2.28,5.01,5.18,3.79,1.53,25.3,21.01,3.34,-8.15,16.31,3.93,45.12,0.11,2.0,6.5,6.46
603982.SH,泉峰汽车,-4.84,-4.56,1.38,-17.17,-19.71,-4.64,,0.0,0.11,-24.25,2.24,15.64,,71.12,0.21,扣非亏损,扣非亏损,亏损
002203.SZ,海亮股份,16.47,22.33,1.4,4.77,6.13,2.9,1.52,30.36,3.06,1.15,-39.5,18.47,1.92,62.12,0.32,1.21,4.68,2.69
000727.SZ,冠捷科技,118.09,59.82,4.41,1.06,2.77,2.54,,0.0,12.01,0.65,-78.91,-7.03,0.37,74.59,0.3,-8.51,113.13,85.27
300849.SZ,锦盛新材,1642.43,-109.43,3.08,-1.21,0.14,0.14,,0.0,18.83,0.34,67.03,0.93,,18.42,0.06,扣非亏损,扣非亏损,23463.29
688323.SH,瑞华泰,-38.28,-41.91,3.0,-5.05,-4.99,-0.95,,0.0,18.14,-20.35,-315.08,-7.62,,61.77,0.04,扣非亏损,扣非亏损,亏损
000062.SZ,深圳华强,83.08,100.03,4.1,3.37,3.7,3.64,2.22,44.76,8.25,1.95,-37.9,10.23,22.71,51.25,0.1,9.78,29.66,22.46
603656.SH,泰禾智能,135.9,-359.49,2.78,0.37,1.52,0.95,0.32,83.33,39.45,4.66,65.8,2.65,,21.02,0.05,扣非亏损,扣非转亏,89.41
002016.SZ,世荣兆业,217.59,-351.89,1.46,0.48,0.5,0.91,0.41,10.38,38.46,5.79,-90.48,0.64,0.15,27.21,0.05,扣非亏损,扣非转亏,435.18
300184.SZ,力源信息,97.11,155.28,3.51,2.5,2.74,2.88,,0.0,9.13,1.79,47.48,-16.09,8.1,37.94,0.06,-9.65,124.08,70.88
603843.SH,正平股份,-16.96,-4.02,2.18,-8.93,-9.23,0.12,,0.0,7.14,-11.68,27.82,-22.4,2.64,84.69,0.09,扣非亏损,扣非亏损,亏损
688510.SH,航亚科技,35.9,39.65,4.03,8.42,8.66,5.91,1.14,57.14,41.91,17.61,40.82,23.23,,37.53,0.05,1.71,4.71,4.14
301221.SZ,光庭信息,315.14,-350.52,2.3,0.27,0.55,-0.06,0.17,-59.88,36.58,2.89,318.52,24.14,,9.06,0.53,扣非亏损,扣非转亏,1145.95
600052.SH,东望时代,32.14,65.27,1.33,0.31,3.11,2.12,1.0,35.71,29.33,38.82,-86.53,35.03,8.38,9.63,0.12,1.86,209.99,10.33
300371.SZ,汇中股份,28.78,28.74,1.89,4.27,4.96,5.37,1.31,30.73,53.06,20.6,-35.76,5.91,,9.32,0.02,4.86,6.73,5.8
300696.SZ,爱乐达,-200.52,-84.67,2.71,-1.33,-1.0,-1.26,0.57,43.48,4.6,-9.57,-125.78,18.61,,11.8,0.18,扣非亏损,扣非亏损,亏损
300210.SZ,森远股份,-118.21,-33.69,14.47,-12.29,-8.78,-2.68,,0.0,23.48,-39.22,-4.61,-16.86,,56.11,0.0,扣非亏损,扣非亏损,亏损
688671.SH,碧兴物联,-101.25,-74.03,1.36,-1.74,-1.0,-1.35,0.26,25.0,28.31,-6.74,-272.01,-21.7,,18.49,0.31,扣非亏损,扣非亏损,亏损
430047.BJ,诺思兰德,-85.74,-84.17,11.57,-16.56,-10.35,-7.67,,0.0,55.71,-55.62,18.89,14.41,,18.97,0.05,扣非亏损,扣非亏损,亏损
601601.SH,中国太保,6.62,7.97,1.24,14.65,14.6,,4.29,36.04,,12.71,66.43,1.75,0.45,88.83,0.16,4.55,0.54,0.45
000888.SZ,峨眉山A,20.69,30.92,2.56,9.51,9.55,8.42,2.24,46.3,53.12,27.21,-6.0,48.48,,25.59,0.23,0.64,3.25,2.17
000402.SZ,金融街,-3.25,-3.43,0.34,-7.5,-7.55,-1.01,,0.0,5.72,-23.52,-90.74,-6.84,,72.71,0.91,扣非亏损,扣非亏损,亏损
605068.SH,明新旭腾,138.82,221.59,1.31,0.02,0.65,1.32,,0.0,26.42,1.55,-97.36,3.88,,49.3,0.1,57.04,23202.99,427.15
002330.SZ,得利斯,320.56,-38.62,1.2,0.19,0.28,0.41,0.18,-18.87,9.0,0.16,-83.43,-1.93,,30.49,0.22,扣非亏损,扣非转亏,2289.69
600251.SH,冠农股份,13.1,13.98,1.56,9.08,8.74,5.89,5.29,49.46,9.66,12.95,-45.73,27.14,0.6,36.89,0.28,0.52,1.54,1.5
688083.SH,中望软件,848.25,-117.68,4.67,-3.59,0.41,-0.43,0.45,88.24,97.35,-0.71,-37.27,23.5,4.87,13.3,0.02,扣非亏损,扣非亏损,2068.9
301176.SZ,逸豪新材,-176.53,-98.15,2.13,-0.97,-0.9,-0.63,,0.0,2.89,-1.38,10.94,17.42,,38.43,0.39,扣非亏损,扣非亏损,亏损
002215.SZ,诺普信,14.53,25.83,2.44,11.49,12.17,5.04,1.82,62.27,34.03,12.19,66.61,0.1,1.22,64.41,0.17,267.05,2.25,1.19
301233.SZ,盛帮股份,24.44,29.95,2.43,6.82,7.61,7.67,1.0,35.53,41.41,23.22,50.69,8.0,,9.91,0.17,3.74,4.39,3.21
688655.SH,迅捷兴,809.08,-513.44,2.23,-0.7,0.21,0.31,0.5,75.0,18.45,0.41,-209.72,3.08,0.27,37.55,0.09,扣非亏损,扣非亏损,3852.74
002158.SZ,汉钟精机,10.58,11.55,2.5,17.74,18.36,13.03,2.61,35.85,40.74,25.32,6.35,19.57,0.01,31.96,0.14,0.59,0.65,0.58
688139.SH,海尔生物,26.64,34.95,2.55,6.47,7.25,5.53,1.27,40.23,48.51,17.9,-5.85,22.0,16.69,19.5,0.09,1.59,5.4,3.67
001268.SZ,联合精密,30.22,31.94,2.04,4.98,4.98,4.71,1.0,43.86,21.41,9.28,8.67,15.24,,20.8,0.1,2.1,6.42,6.07
002731.SZ,萃华珠宝,14.14,58.13,1.35,7.17,7.41,3.46,0.64,10.6,12.7,2.31,25.18,32.43,25.42,71.91,0.31,1.79,8.1,1.91
300343.SZ,联创股份,-288.56,-84.7,3.38,-1.46,-0.85,-0.74,,0.0,9.18,-2.48,-222.0,-10.61,6.64,20.41,0.03,扣非亏损,扣非亏损,亏损
300858.SZ,科拓生物,42.39,49.9,2.28,3.49,4.06,3.27,0.78,42.86,54.14,32.55,0.3,-3.4,0.11,4.65,0.04,-14.69,14.28,10.44
688311.SH,盟升电子,-31.86,-25.05,3.41,-8.72,-7.77,-6.06,,0.0,45.42,-147.66,-4640.84,-5.91,0.89,32.32,0.05,扣非亏损,扣非亏损,亏损
688598.SH,金博股份,-31.56,-24.32,1.05,-3.01,-2.45,-2.5,,0.0,-6.83,-32.92,-393.59,65.33,,12.89,0.03,扣非亏损,扣非亏损,亏损
603162.SH,海通发展,16.08,22.0,2.21,9.84,10.81,8.42,0.85,48.39,18.03,15.87,149.54,48.93,,28.05,0.23,0.45,2.24,1.49
002674.SZ,兴业科技,20.07,22.81,1.25,4.42,4.61,4.6,4.93,94.0,21.27,7.7,-33.04,23.05,0.94,39.92,0.27,0.99,5.16,4.35
300915.SZ,海融科技,24.79,30.55,1.9,4.91,5.65,5.56,1.22,40.22,35.96,11.41,42.09,18.95,,11.62,0.19,1.61,6.22,4.39
001313.SZ,粤海饲料,-55.61,-180.54,1.93,-2.9,-2.56,-1.91,0.58,83.33,11.09,-1.58,-197.47,5.81,0.78,47.42,0.29,扣非亏损,扣非亏损,亏损
601599.SH,浙文影业,22.44,45.47,2.67,7.84,9.33,5.49,,0.0,16.02,5.33,61.83,20.39,,57.71,0.27,2.23,11.6,4.81
600422.SH,昆药集团,21.68,35.66,2.02,5.34,7.12,5.25,0.96,33.9,40.91,7.16,-6.81,0.1,1.61,43.0,0.12,348.69,6.67,3.04
688667.SH,菱电电控,204.12,325.91,1.37,0.16,0.51,0.16,0.35,30.0,20.94,0.98,-91.27,12.14,,19.85,0.16,26.84,2053.62,400.24
300331.SZ,苏大维格,116.15,-122.53,3.68,0.98,2.38,1.61,,0.0,19.89,2.84,5293.44,7.98,4.29,45.23,0.09,扣非亏损,扣非转亏,97.6
001256.SZ,炜冈科技,21.81,25.27,2.06,6.72,7.15,6.09,1.08,34.48,33.25,20.97,41.87,4.01,,19.99,0.45,6.3,3.76,3.05
603218.SH,日月股份,19.54,39.09,1.32,2.25,5.1,4.13,2.26,59.57,17.22,15.76,-28.17,-2.95,,20.32,0.13,-13.24,17.39,3.83
000767.SZ,晋控电力,-20.05,-11.16,1.42,-3.01,-9.16,1.22,,0.0,6.46,-4.18,-152.94,19.38,0.15,81.91,0.76,扣非亏损,扣非亏损,亏损
300091.SZ,金通灵,-22.75,-7.31,2.3,-7.36,-7.29,-2.15,,0.0,14.42,-14.86,-18.19,1.76,23.66,65.85,0.03,扣非亏损,扣非亏损,亏损
300687.SZ,赛意信息,62.23,47.51,2.92,3.34,4.0,2.66,0.51,17.49,32.32,5.48,-18.85,18.77,10.82,22.78,0.07,2.53,14.24,15.56
002329.SZ,皇氏集团,-152.54,-20.12,1.73,-2.0,-0.9,1.3,,0.0,24.41,-0.86,10.55,5.25,0.98,65.64,0.12,扣非亏损,扣非亏损,亏损
600365.SH,ST通葡,-28.39,-137.89,3.93,-7.52,-10.66,-1.94,,0.0,16.49,-5.39,33.49,12.39,11.86,65.29,0.03,扣非亏损,扣非亏损,亏损
300274.SZ,阳光电源,17.41,18.53,5.16,23.86,24.52,9.92,1.1,15.17,31.32,15.47,4.31,57.14,,65.77,0.13,0.32,0.78,0.71
600778.SH,友好集团,110.02,-26.0,7.33,1.64,5.2,1.82,,0.0,29.55,1.08,103.63,-2.2,,93.66,0.25,扣非亏损,扣非转亏,42.32
002662.SZ,京威股份,13.8,12.57,1.39,7.59,7.7,7.11,2.85,29.41,29.63,13.56,-5.03,-1.31,,19.39,0.13,-9.61,1.66,1.79
872392.BJ,佳合科技,29.59,70.31,3.81,5.21,9.99,8.35,0.8,28.57,14.82,9.64,-6.95,-8.33,,33.44,0.12,-8.44,13.5,2.96
603803.SH,瑞斯康达,-36.73,-15.58,1.89,-5.1,-3.82,-2.12,,0.0,38.79,-6.31,0.36,-0.26,,38.63,0.21,扣非亏损,扣非亏损,亏损
605056.SH,咸亨国际,42.11,28.81,3.48,5.89,6.09,4.38,0.96,62.5,27.91,5.03,30.37,14.84,0.01,40.61,0.07,1.94,4.89,6.91
603689.SH,皖天然气,11.59,13.59,1.41,8.98,9.02,5.91,4.03,48.61,12.21,6.82,-5.32,8.89,0.07,48.99,0.19,1.53,1.51,1.29
301188.SZ,力诺特玻,38.82,49.84,2.52,4.04,4.51,4.19,0.56,35.71,19.68,8.48,46.23,14.13,,29.38,0.16,3.53,12.32,8.61
600503.SH,华丽家族,1690.07,101.87,1.05,-0.07,0.05,0.13,0.16,11.05,49.28,0.77,-149.9,-44.91,,14.69,0.2,-2.27,转盈,36423.94
002227.SZ,奥特迅,-98.11,-65.87,2.96,-2.99,-2.24,-0.58,,0.0,21.6,-9.45,18.99,3.71,,36.63,0.02,扣非亏损,扣非亏损,亏损
300298.SZ,三诺生物,41.44,76.22,4.62,7.41,7.95,5.7,0.66,39.16,55.23,8.54,-31.73,13.01,31.12,39.74,0.07,5.86,10.29,5.21
300355.SZ,蒙草生态,169.67,-159.29,2.58,-0.11,1.14,0.76,0.61,19.17,25.87,5.27,-102.38,-7.96,0.11,62.0,0.07,扣非亏损,扣非亏损,148.84
300871.SZ,回盛生物,-30.57,-43.4,1.47,-2.21,-3.22,-0.96,1.87,267.06,16.45,-6.01,-2871.45,10.17,,51.13,0.12,扣非亏损,扣非亏损,亏损
688152.SH,麒麟信安,-187.7,-152.0,4.76,-3.08,-1.83,-2.39,,0.0,69.72,-15.3,37.44,1.81,,12.53,0.12,扣非亏损,扣非亏损,亏损
600446.SH,金证股份,-97.07,95.51,4.01,-3.9,-3.0,-2.12,0.52,15.31,19.17,-3.79,-265.38,3.76,1.32,34.87,0.1,25.42,扣非亏损,亏损
601279.SH,英利汽车,110.25,97.21,1.53,0.77,1.04,0.87,0.34,28.57,10.61,1.21,-42.3,2.27,1.15,39.28,0.21,42.9,125.88,106.01
601336.SH,新华保险,5.57,7.71,1.69,21.12,21.0,,2.73,30.47,,19.34,116.64,-9.91,,94.54,0.23,-0.78,0.37,0.27
831855.BJ,浙江大农,29.85,30.54,1.84,4.61,4.62,3.19,2.11,49.12,28.97,13.21,-21.11,0.87,,18.06,0.88,35.14,6.62,6.46
301428.SZ,世纪恒通,36.48,45.67,2.55,3.68,5.23,4.07,0.78,32.61,23.5,6.96,6.83,2.27,0.11,40.13,0.12,20.12,12.41,6.97
688496.SH,清越科技,-69.26,-35.76,4.28,-5.0,-4.49,-2.84,,0.0,10.02,-11.83,11.27,17.69,,35.18,0.06,扣非亏损,扣非亏损,亏损
300011.SZ,鼎汉技术,210.85,273.41,3.32,0.59,1.19,1.44,,0.0,29.9,1.36,128.88,8.23,,64.6,0.07,33.2,929.65,354.37
600410.SH,华胜天成,-21.36,-21.53,1.49,-2.67,-5.1,-2.05,,0.0,12.37,-6.44,11.76,2.27,1.03,43.76,0.15,扣非亏损,扣非亏损,亏损
603231.SH,索宝蛋白,26.55,29.5,1.76,4.36,4.83,4.86,2.13,47.62,11.1,7.94,-29.21,5.53,,9.21,0.23,5.33,6.77,5.5
600353.SH,旭光电子,62.62,87.35,3.76,3.99,4.53,2.92,0.44,31.65,22.18,6.29,7.46,13.45,4.52,39.9,0.04,6.49,21.88,13.82
002317.SZ,众生药业,56.01,57.55,2.53,4.31,3.41,3.0,1.25,62.5,56.08,7.12,-37.21,11.95,4.59,21.94,0.08,4.82,13.35,16.43
300412.SZ,迦南科技,107.01,-51.47,2.09,1.13,1.47,0.8,,0.0,26.29,1.46,-26.24,1.41,2.43,58.97,0.13,扣非亏损,扣非转亏,145.59
688095.SH,福昕软件,130.19,-38.06,2.64,-3.75,1.51,1.03,0.57,-38.96,93.71,6.58,3.13,9.32,13.67,16.78,0.11,扣非亏损,扣非亏损,172.44
601908.SH,京运通,-4.06,-4.34,0.76,-13.74,-13.18,-5.93,0.28,13.0,-13.1,-36.55,-558.94,47.7,,53.39,0.16,扣非亏损,扣非亏损,亏损
603677.SH,奇精机械,36.69,43.93,2.3,4.17,4.37,2.82,1.38,55.57,12.64,3.53,-18.02,5.59,,50.78,0.15,7.85,10.53,8.39
300927.SZ,江天化学,58.9,58.57,3.81,4.66,4.88,3.59,0.86,30.54,15.41,6.51,-39.01,20.74,,49.88,0.11,2.82,12.57,12.07
001301.SZ,尚太科技,24.88,26.13,3.17,9.76,9.85,9.7,2.18,28.78,25.2,15.96,3.69,113.03,,25.83,0.02,0.23,2.68,2.53
300834.SZ,星辉环材,41.48,45.69,1.34,2.02,2.4,1.08,0.94,48.78,4.27,5.61,39.24,10.23,,25.86,0.39,4.46,22.57,17.28
000779.SZ,甘咨询,16.16,15.93,1.03,4.73,4.84,3.57,0.74,12.06,40.38,13.17,-2.45,-1.17,,29.16,0.42,-13.63,3.37,3.34
688058.SH,宝兰德,-34.83,-67.1,3.45,-6.28,-6.89,-6.64,0.55,96.3,93.01,-27.33,-597.04,18.95,,5.57,0.06,扣非亏损,扣非亏损,亏损
300675.SZ,建科院,-48.84,-140.59,3.95,-6.43,-5.86,-1.44,0.26,24.83,29.91,-13.04,25.2,-6.22,,56.98,0.04,扣非亏损,扣非亏损,亏损
600742.SH,一汽富维,13.78,18.55,0.87,4.11,4.98,2.7,2.62,35.65,10.53,3.94,-8.99,2.14,0.06,55.7,0.98,8.65,4.51,2.77
600169.SH,太原重工,88.44,394.07,1.6,0.02,1.26,1.72,,0.0,19.0,2.13,102.32,-0.87,,81.03,0.23,-450.63,46913.6,140.38
002305.SZ,南国置业,-11.48,-2.61,14.34,-209.19,-63.81,0.39,,0.0,-12.16,-13.82,23.99,30.69,,91.71,0.31,扣非亏损,扣非亏损,亏损
002065.SZ,东华软件,38.52,64.22,2.13,3.22,4.18,2.24,0.81,36.55,23.1,5.16,12.99,8.28,4.69,50.11,0.04,7.76,19.93,9.22
870976.BJ,视声智能,34.05,39.8,5.99,11.05,12.62,11.41,3.23,64.52,52.83,20.42,30.98,1.78,,18.14,0.23,22.39,3.6,2.7
300594.SZ,朗进科技,-30.17,-34.83,2.0,-4.86,-4.79,-2.36,0.48,-333.33,23.6,-7.34,-4927.35,15.62,,54.97,0.02,扣非亏损,扣非亏损,亏损
603198.SH,迎驾贡酒,18.9,19.31,5.46,22.69,21.9,22.18,1.96,45.45,74.28,36.48,23.94,24.75,,22.96,0.04,0.78,0.85,0.86
600925.SH,苏能股份,22.66,22.12,2.38,7.74,7.83,5.41,7.44,58.33,33.64,13.83,-33.13,8.49,,54.26,0.7,2.61,2.86,2.89
000917.SZ,电广传媒,134.23,81.81,1.06,0.43,0.59,1.99,0.36,16.67,27.51,5.66,-17.62,-11.96,4.46,32.83,0.11,-6.84,189.67,227.5
300940.SZ,南极光,-1645.95,-16.84,3.21,-1.01,-0.15,-0.87,,0.0,10.34,-0.65,90.14,-23.25,,24.16,0.05,扣非亏损,扣非亏损,亏损
600515.SH,海南机场,154.18,-400.07,1.87,0.24,0.92,0.9,,0.0,39.98,6.91,-91.18,6.45,,53.47,0.15,扣非亏损,扣非转亏,335.18
000800.SZ,一汽解放,89.85,-423.08,1.67,0.27,1.51,-0.7,1.76,90.85,6.72,0.81,-23.07,-2.53,,65.89,0.47,扣非亏损,扣非转亏,59.5
688221.SH,前沿生物,-10.56,-8.42,2.37,-18.7,-15.53,-8.96,,0.0,33.49,-211.1,11.84,43.64,,42.7,0.03,扣非亏损,扣非亏损,亏损
002812.SZ,恩捷股份,65.46,46.97,1.52,1.59,1.74,1.39,3.08,57.56,20.96,6.0,-79.71,46.58,1.88,42.78,0.08,1.01,29.62,37.62
002240.SZ,盛新锂能,-24.76,-16.28,1.26,-4.68,-3.62,-1.04,1.05,31.17,3.05,-14.55,-223.63,109.65,0.02,41.69,0.12,扣非亏损,扣非亏损,亏损
834639.BJ,晨光电缆,30.53,47.96,1.72,4.02,4.25,2.42,1.79,50.0,13.7,2.43,-18.52,-1.01,,55.13,0.22,-47.46,11.92,7.18
601231.SH,环旭电子,19.15,21.24,1.96,6.12,7.53,4.33,1.79,30.34,9.81,2.95,-17.28,9.52,3.47,56.7,0.32,2.23,3.47,2.54
000686.SZ,东北证券,30.54,36.66,1.03,2.4,2.54,,1.41,35.01,,11.49,-19.1,2.86,0.4,77.4,1.18,12.84,15.27,12.02
301323.SZ,新莱福,25.71,28.83,1.79,5.03,5.29,4.41,1.08,27.21,37.39,16.47,5.26,9.99,0.66,6.97,0.15,2.89,5.73,4.86
000516.SZ,国际医学,-45.32,-34.74,3.51,-5.81,-5.6,-1.4,,0.0,9.19,-8.16,37.2,48.31,,67.04,0.03,扣非亏损,扣非亏损,亏损
688233.SH,神工股份,129.42,-2386.73,2.67,1.47,1.55,1.27,,0.0,32.63,14.06,159.76,26.27,,7.42,0.17,扣非亏损,扣非转亏,166.99
600527.SH,江南高纤,84.14,100.64,1.57,1.03,1.37,1.18,2.56,185.19,13.43,7.32,1.73,-9.95,,4.23,0.2,-10.12,98.11,61.41
600170.SH,上海建工,13.46,21.93,0.79,1.82,3.04,1.02,2.56,50.0,8.19,0.69,0.21,9.92,0.86,85.78,3.23,2.21,12.03,4.43
605388.SH,均瑶健康,51.94,431.42,1.81,1.82,2.58,2.6,0.8,76.92,29.81,4.0,-39.72,26.96,9.47,16.89,0.06,16.0,237.1,20.13
300765.SZ,新诺威,199.53,121.72,9.72,3.08,2.82,-0.18,0.87,48.98,42.99,-3.14,-76.26,25.88,,16.97,0.04,4.7,39.58,70.76
301269.SZ,华大九天,848.77,5571.93,13.51,-0.69,1.21,0.39,0.14,40.54,91.86,7.87,-280.88,34.68,0.93,7.17,0.07,160.69,转盈,701.46
603081.SH,大丰实业,60.35,217.35,1.54,1.54,1.82,0.34,0.37,20.0,31.53,4.29,-59.6,-5.95,0.02,62.81,0.15,-36.54,141.39,33.16
301311.SZ,昆船智能,-580.0,186.27,2.63,-0.37,-0.34,0.1,0.23,16.47,15.91,-0.48,-118.64,9.03,,62.04,0.38,20.63,扣非亏损,亏损
603587.SH,地素时尚,15.36,16.44,1.57,6.45,7.42,7.58,6.1,76.92,74.82,17.29,-32.44,2.06,,20.14,0.44,7.96,2.55,2.07
601186.SH,中国铁建,6.26,6.26,0.51,4.68,5.56,1.72,4.6,20.23,9.16,2.63,-19.84,7.78,0.01,76.83,1.46,0.8,1.34,1.12
301152.SZ,天力锂能,-24.14,-10.25,3.15,-9.72,-9.0,-5.15,,0.0,0.58,-12.52,-41.38,29.19,0.01,43.63,0.07,扣非亏损,扣非亏损,亏损
603985.SH,恒润股份,-56.23,-27.37,1.69,-2.51,-2.2,-1.38,,0.0,2.7,-6.88,-261.74,-7.99,0.0,27.44,0.06,扣非亏损,扣非亏损,亏损
603125.SH,常青科技,25.34,27.59,2.31,6.54,6.99,7.28,0.77,19.17,28.75,19.25,-10.23,22.52,,6.27,0.52,1.23,4.22,3.63
000333.SZ,美的集团,12.92,14.95,2.61,16.34,18.46,6.73,5.49,60.85,26.76,10.08,13.17,9.67,13.92,61.16,0.33,1.55,0.91,0.7
002698.SZ,博实股份,24.9,29.38,4.15,12.1,12.69,8.3,1.65,47.91,34.75,21.94,7.4,12.21,0.01,42.1,0.05,2.41,2.43,1.96
002706.SZ,良信股份,19.14,22.29,1.93,6.52,6.47,6.16,2.83,53.19,31.32,9.94,-24.75,15.67,0.46,26.08,0.09,1.42,3.42,2.96
300318.SZ,博晖创新,164.81,-216.12,3.74,1.13,1.72,2.04,,0.0,50.65,6.97,29.24,13.15,32.96,42.03,0.02,扣非亏损,扣非转亏,191.64
002581.SZ,未名医药,426.93,-24.96,3.98,0.8,0.7,1.13,,0.0,80.24,7.63,-49.02,18.17,,3.96,0.08,扣非亏损,扣非转亏,1219.8
600859.SH,王府井,29.58,41.54,0.85,1.81,2.15,2.19,1.25,32.0,40.17,5.17,-39.12,2.81,5.97,49.59,0.54,14.79,22.9,13.74
300939.SZ,秋田微,39.64,47.75,2.86,4.67,5.41,4.57,1.06,39.22,25.06,9.26,-25.63,8.11,,14.54,0.05,5.89,10.23,7.33
600287.SH,ST舜天,23.24,39.0,0.85,1.69,2.92,3.78,,0.0,14.17,4.16,-41.61,6.44,,33.14,0.31,6.05,46.02,15.92
002134.SZ,天津普林,121.22,142.13,10.5,6.04,6.63,2.94,,0.0,17.23,4.64,21.06,15.71,17.52,61.6,0.03,9.05,47.08,36.57
603312.SH,西典新能,28.68,28.47,3.42,12.78,9.14,7.95,,39.88,17.67,10.45,2.55,54.55,,34.38,0.31,0.52,2.23,3.14
300952.SZ,恒辉安防,24.11,35.91,2.56,6.3,8.18,5.36,1.33,34.25,24.87,11.58,2.44,5.98,0.13,49.27,0.48,6.0,5.7,2.95
002800.SZ,天顺股份,75.6,2248.1,3.45,2.93,3.46,2.66,,0.0,5.76,1.97,18.58,-4.35,,55.2,0.07,-517.09,1533.23,43.7
688700.SH,东威科技,109.44,178.36,5.76,3.4,3.95,2.8,0.41,36.76,38.75,11.8,-57.34,20.24,,31.29,0.02,8.81,52.39,27.71
002718.SZ,友邦吊顶,-34.43,-38.89,1.66,-3.67,-3.48,-1.85,1.18,41.67,24.46,-7.63,-202.11,10.48,,31.72,0.4,扣非亏损,扣非亏损,亏损
300380.SZ,安硕信息,1233.17,-452.88,22.23,-0.26,1.36,0.6,,0.0,27.99,-0.21,97.34,10.47,,65.88,0.01,扣非亏损,扣非亏损,1813.48
300846.SZ,首都在线,-32.78,-19.59,5.96,-15.32,-13.74,-5.7,,0.0,8.75,-13.24,2.74,7.63,17.14,46.54,0.07,扣非亏损,扣非亏损,亏损
600847.SH,万里股份,-44.45,-40.07,2.32,-3.78,-3.84,-3.56,,0.0,5.85,-6.56,-66.89,-2.38,,7.11,0.04,扣非亏损,扣非亏损,亏损
688127.SH,蓝特光学,44.95,39.96,5.55,9.26,9.51,7.97,1.5,44.44,38.36,20.63,107.0,28.19,,21.92,0.02,1.42,4.32,4.73
603758.SH,秦安股份,21.77,16.17,1.51,5.93,5.09,4.68,4.37,81.97,23.79,10.72,-28.35,27.32,,14.39,0.25,0.59,2.73,4.28
000504.SZ,南华生物,-267.8,-74.7,12.08,-5.25,-3.33,-1.13,,0.0,68.03,-9.61,14.35,-4.86,0.66,49.3,0.08,扣非亏损,扣非亏损,亏损
002053.SZ,云南能投,14.38,15.73,1.49,7.76,8.01,3.77,1.66,30.55,40.96,21.04,82.73,11.07,,54.27,0.09,1.42,2.03,1.8
688586.SH,江航装备,43.7,76.23,3.17,4.23,5.49,4.01,1.17,54.17,37.55,17.26,-34.47,13.52,,28.65,0.14,5.64,18.01,7.96
000698.SZ,沈阳化工,-11.24,-16.31,2.05,-4.36,-12.84,-2.79,,0.0,7.64,-5.17,79.52,-15.54,,69.77,0.27,扣非亏损,扣非亏损,亏损
002686.SZ,亿利达,55.02,3265.51,2.07,2.66,2.85,2.17,0.3,54.95,24.75,4.32,-13.85,4.13,11.26,41.87,0.13,790.64,1228.56,19.31
000411.SZ,英特集团,11.8,11.82,1.27,7.82,8.14,4.35,2.72,27.94,6.67,1.69,24.54,8.7,4.75,69.36,0.43,1.36,1.51,1.45
003816.SZ,中国广核,15.55,19.35,1.75,8.41,8.6,5.37,3.02,44.34,36.72,24.89,0.91,5.54,0.25,59.45,0.13,3.49,2.3,1.81
301071.SZ,力量钻石,30.96,32.89,1.38,2.43,3.33,3.0,1.55,35.71,34.57,32.84,-39.84,56.11,,18.42,0.17,0.59,13.52,9.3
002779.SZ,中坚科技,125.4,222.86,9.29,4.73,5.59,4.05,0.6,41.17,26.39,6.31,-21.47,20.58,,33.32,0.03,10.83,47.1,22.43
301509.SZ,金凯生科,72.4,80.09,1.77,1.16,1.82,1.87,1.27,33.06,39.11,10.15,-82.84,18.75,,6.33,0.36,4.27,69.23,39.78
301510.SZ,固高科技,287.86,432.14,8.27,1.5,2.25,1.91,0.1,26.79,48.2,9.48,-14.74,9.58,,10.13,0.04,45.09,287.37,127.94
603206.SH,嘉环科技,51.02,38.71,2.31,2.98,3.4,1.56,1.07,31.15,13.11,2.42,-29.37,14.25,0.01,66.78,0.21,2.72,12.97,15.01
300181.SZ,佐力药业,20.73,22.94,4.48,15.58,15.13,13.01,4.22,81.82,61.61,20.9,47.8,21.69,4.93,31.79,0.08,1.06,1.47,1.37
600539.SH,狮头股份,-169.86,-22.58,4.67,-2.92,-2.04,0.04,,0.0,23.5,-1.4,46.48,42.95,12.25,17.69,0.03,扣非亏损,扣非亏损,亏损
605081.SH,太和水,-31.38,-5.68,1.18,-2.68,-2.79,-2.26,,0.0,37.93,-37.87,37.49,-28.02,1.19,18.26,0.15,扣非亏损,扣非亏损,亏损
300781.SZ,因赛集团,145.08,308.92,9.83,4.87,5.15,4.88,0.11,13.23,23.24,7.19,59.45,27.79,31.75,27.77,0.02,11.12,63.48,28.17
603665.SH,康隆达,-28.78,-9.28,2.31,-3.88,-5.71,-0.56,,0.0,24.09,-8.29,-225.4,16.04,27.15,63.42,0.07,扣非亏损,扣非亏损,亏损
601677.SH,明泰铝业,8.4,12.34,0.92,7.07,8.52,6.7,1.15,9.92,11.34,5.97,24.85,19.58,0.04,25.17,0.05,0.63,1.75,0.99
603093.SH,南华期货,15.67,15.43,1.89,9.28,9.33,,0.55,10.02,,8.04,22.09,-12.5,,91.28,3.67,-1.23,1.66,1.68
300699.SZ,光威复材,35.74,38.44,5.33,10.13,11.09,9.29,1.87,47.56,46.76,30.31,10.09,6.61,,28.45,0.02,5.82,3.79,3.22
000812.SZ,陕西金叶,51.58,78.1,2.21,2.82,3.24,2.93,0.4,38.68,27.95,6.14,33.35,11.72,19.34,64.5,0.07,6.66,27.73,15.92
831961.BJ,创远信科,1215.2,-255.93,4.13,-2.84,0.26,-0.7,0.36,20.83,52.98,0.53,-426.75,-0.38,,36.86,0.04,扣非亏损,扣非亏损,4673.83
600088.SH,中视传媒,47.13,558.66,5.06,0.24,8.52,6.33,0.17,3.69,16.9,26.22,-82.29,15.46,,21.68,0.02,36.13,2321.0,5.53
603113.SH,金能科技,-120.6,109.54,0.62,-0.83,-0.37,0.73,1.16,58.75,2.35,-0.27,35.89,28.46,,53.86,0.5,3.85,扣非亏损,亏损
300306.SZ,远方信息,44.48,47.97,2.16,2.43,3.59,3.04,2.48,85.71,64.35,18.66,1.62,1.85,,10.22,0.13,25.9,19.78,12.39
832278.BJ,鹿得医疗,68.3,77.74,4.29,4.5,4.7,3.63,1.15,55.07,25.07,7.84,-32.51,-7.25,,22.62,0.23,-10.73,17.29,14.53
002593.SZ,日上集团,63.15,139.61,1.1,0.71,1.3,1.32,1.25,62.5,8.93,1.37,-64.92,10.94,,47.03,0.34,12.76,197.89,48.58
000158.SZ,常山北明,-113.27,-114.43,7.72,-6.94,-4.98,-0.81,,0.0,10.14,-6.2,-27.52,-2.63,35.37,66.7,0.03,扣非亏损,扣非亏损,亏损
002146.SZ,荣盛发展,-4.94,-9.12,0.42,-5.1,-6.41,0.29,,0.0,12.4,-3.06,-748.5,6.08,0.61,86.08,0.38,扣非亏损,扣非亏损,亏损
603300.SH,海南华铁,17.85,19.85,1.92,8.05,8.42,5.03,0.34,5.21,42.96,13.62,-13.01,44.11,2.93,71.42,0.03,0.45,2.46,2.12
002239.SZ,奥特佳,82.32,110.16,1.84,1.49,1.65,1.33,0.26,42.5,11.85,1.47,109.21,23.03,30.4,54.65,0.19,4.78,73.89,49.89
300753.SZ,爱朋医疗,359.29,785.94,2.64,0.13,0.55,1.34,0.38,98.93,69.02,1.41,-74.25,1.56,7.63,17.03,0.06,504.03,6252.49,653.26
600182.SH,S佳通,27.04,27.08,4.4,12.43,12.46,9.34,1.82,50.17,19.41,8.3,20.44,14.3,,48.78,0.31,1.89,2.18,2.17
603599.SH,广信股份,13.61,17.36,1.1,5.69,5.96,3.28,4.14,37.97,31.01,16.32,-56.44,30.38,,38.89,0.76,0.57,3.05,2.28
002780.SZ,三夫户外,173.37,71.53,2.84,0.54,1.24,1.26,,0.0,56.23,0.15,-56.38,23.52,0.66,40.81,0.03,3.04,264.41,279.63
000792.SZ,盐湖股份,24.63,16.4,2.94,9.17,9.38,7.74,,0.0,54.46,32.51,-44.22,27.9,0.01,23.28,0.15,0.59,3.58,5.25
603186.SH,华正新材,-479.25,-43.72,2.84,-0.67,-0.43,0.61,,0.0,10.51,-0.19,76.12,17.19,,74.99,0.13,扣非亏损,扣非亏损,亏损
300379.SZ,东方通,-40.58,-14.48,2.84,-5.68,-5.07,-5.18,,0.0,73.84,-62.43,7.21,3.45,19.35,12.38,0.12,扣非亏损,扣非亏损,亏损
002848.SZ,高斯贝尔,-16.62,-10.98,13.95,-58.12,-58.83,-15.87,,0.0,3.26,-52.54,-132.18,-6.24,,69.34,0.0,扣非亏损,扣非亏损,亏损
301006.SZ,迈拓股份,34.58,31.78,1.71,3.5,3.68,3.36,1.67,37.52,50.61,19.62,-49.5,-2.84,,11.54,0.32,-11.19,9.08,9.4
300225.SZ,金力泰,121.94,120.12,3.99,2.23,2.48,1.99,,0.0,31.43,3.55,1053.28,-3.85,,37.28,0.03,-31.17,107.63,98.34
300168.SZ,万达信息,-15.05,-9.25,6.34,-29.15,-27.28,-7.38,,0.0,15.67,-42.4,-58.04,-5.06,47.95,73.94,0.1,扣非亏损,扣非亏损,亏损
831526.BJ,凯华材料,126.67,186.62,13.61,6.31,8.22,8.37,0.37,50.0,31.09,19.93,1.34,2.91,,6.71,0.05,64.24,29.56,15.41
600316.SH,洪都航空,1278.83,1480.93,4.57,0.22,0.27,0.05,0.07,33.11,3.05,0.47,120.61,-1.92,,64.97,0.04,-771.08,6602.44,4736.42
000885.SZ,城发环境,7.88,8.8,1.11,10.87,11.0,5.5,2.22,15.05,42.87,20.43,-1.66,26.88,0.08,69.0,0.14,0.33,0.81,0.72
603628.SH,清源股份,29.99,31.77,3.0,7.57,7.64,5.02,0.59,20.0,22.87,7.49,-30.03,29.66,,53.32,0.08,1.07,4.2,3.93
000025.SZ,特力A,54.05,61.75,4.59,6.02,6.49,5.85,0.19,11.3,8.87,5.39,56.15,68.33,,27.15,0.03,0.9,10.26,8.33
002556.SZ,辉隆股份,22.42,-249.77,1.5,1.63,4.99,2.43,3.4,244.2,5.87,1.46,11.66,3.95,2.02,65.48,0.19,扣非亏损,扣非转亏,4.49
688549.SH,中巨芯,359.2,-19218.43,4.67,0.53,0.98,0.22,0.12,100.0,14.09,4.1,123.24,26.55,2.06,21.28,0.27,扣非亏损,扣非转亏,366.53
600884.SH,杉杉股份,735.34,-55.86,1.03,0.16,0.1,1.11,1.47,57.14,15.09,0.39,-94.52,48.22,3.83,51.74,0.22,扣非亏损,扣非转亏,7003.29
000650.SZ,仁和药业,15.03,29.69,1.37,5.01,6.79,8.93,3.02,48.78,37.65,16.34,-35.13,5.81,7.99,10.32,0.06,5.11,5.92,2.21
600608.SH,ST沪科,4805.5,-58.06,28.37,0.41,0.44,0.86,,0.0,3.26,-0.41,58.9,-34.48,,66.9,0.02,扣非亏损,扣非转亏,21843.19
300793.SZ,佳禾智能,65.25,266.47,2.39,1.8,2.94,1.95,0.69,38.46,16.03,3.71,-65.82,-2.69,,46.99,0.17,-99.07,148.05,22.19
002905.SZ,金逸影视,-20.0,-11.36,59.91,-161.34,-106.01,-0.08,,0.0,15.18,-13.11,-812.42,51.17,,98.44,0.17,扣非亏损,扣非亏损,亏损
603279.SH,景津装备,12.89,12.58,2.46,14.14,15.03,9.84,4.79,0.0,29.06,14.14,-10.81,23.95,,47.58,0.16,0.53,1.78,1.72
603336.SH,宏辉果蔬,102.24,602.37,2.33,1.63,1.68,2.1,,0.0,10.28,2.44,-43.23,4.39,0.04,38.23,0.02,137.07,740.88,121.71
600592.SH,龙溪股份,18.37,43.82,1.61,4.1,6.49,4.92,1.1,30.24,21.66,10.11,-10.58,18.14,0.0,29.9,0.05,2.42,10.69,2.83
601665.SH,齐鲁银行,5.55,5.5,0.69,7.76,8.97,,5.63,25.29,,36.09,19.6,14.98,,93.21,,0.37,0.71,0.62
600661.SH,昂立教育,145.87,-39.64,40.42,4.94,20.4,2.71,,0.0,44.12,2.43,109.17,-12.45,49.57,89.82,0.15,扣非亏损,扣非转亏,14.3
000089.SZ,深圳机场,33.27,63.22,1.29,2.22,2.92,2.71,1.56,51.71,21.02,9.43,280.15,15.68,,54.09,0.11,4.03,28.48,11.39
300461.SZ,田中精机,-76.2,-108.29,5.37,-5.41,-5.15,-3.42,,0.0,39.01,-26.46,-5256684.46,-4.54,,35.81,0.03,扣非亏损,扣非亏损,亏损
600901.SH,江苏金租,9.97,10.51,1.26,10.7,11.87,,6.61,50.79,,56.25,8.73,8.48,,82.31,,1.24,0.98,0.84
002836.SZ,新宏泽,29.67,35.77,5.1,11.84,11.86,11.06,1.14,125.0,31.96,17.31,486.24,-3.4,,26.58,0.03,-10.52,3.02,2.5
000593.SZ,德龙汇能,36.4,-7.8,2.36,4.55,4.93,3.76,,0.0,12.97,3.52,-26.78,8.19,24.21,52.94,0.08,扣非亏损,扣非转亏,14.77
300237.SZ,美晨科技,-13.72,-3.12,25.34,-88.08,-81.38,0.62,,0.0,8.07,-16.28,58.58,-14.41,,96.49,0.02,扣非亏损,扣非亏损,亏损
603616.SH,韩建河山,-27.25,-4.89,3.8,-10.61,-10.09,-1.78,,0.0,12.97,-10.32,23.36,-4.12,3.97,78.3,0.04,扣非亏损,扣非亏损,亏损
301282.SZ,金禄电子,46.36,83.79,2.1,2.23,3.4,1.97,0.4,35.71,13.95,4.89,79.59,23.09,,40.05,0.25,3.63,37.55,13.64
603559.SH,*ST通脉,-17.3,-9.3,57.72,-52.0,-112.49,-7.38,,0.0,5.29,-34.63,25.96,-22.12,,97.57,0.02,扣非亏损,扣非亏损,亏损
002568.SZ,百润股份,33.49,37.14,5.86,13.06,13.43,10.2,2.03,0.0,70.11,23.95,-13.57,20.16,,42.54,0.11,1.84,5.69,4.99
601997.SH,贵阳银行,4.34,4.42,0.38,6.23,6.81,,5.64,20.0,,37.06,-5.85,-1.98,,90.68,,-2.23,0.71,0.64
601137.SH,博威合金,10.28,10.73,1.97,14.24,14.72,8.02,2.9,31.47,15.74,7.52,33.19,32.76,0.16,55.04,0.13,0.33,0.75,0.7
688618.SH,三旺通信,57.07,47.18,2.93,2.85,3.8,3.43,0.89,35.62,63.57,13.61,-62.03,28.16,,18.56,0.03,1.68,16.54,15.02
300505.SZ,川金诺,28.97,37.69,1.72,4.15,4.5,3.87,0.66,-29.54,11.95,5.25,187.01,39.32,,29.91,0.2,0.96,18.16,12.87
301586.SZ,佳力奇,50.68,,4.24,5.81,7.51,6.09,,0.0,32.73,18.02,,-21.78,,28.66,0.54,,,13.5
605300.SH,佳禾食品,45.62,42.34,2.33,3.3,3.75,3.31,1.79,43.75,16.83,5.01,-59.16,15.41,,22.8,0.1,2.75,12.84,12.17
002264.SZ,新华都,16.42,17.97,2.33,11.15,11.29,6.74,,0.0,23.89,6.86,19.45,-16.52,12.07,41.47,0.22,-1.09,3.22,2.91
605020.SH,永和股份,34.53,65.22,2.64,5.25,5.4,3.27,0.6,30.61,16.79,4.35,-6.29,30.19,4.81,62.13,0.04,2.16,12.42,6.39
603324.SH,盛剑科技,37.72,34.86,2.79,4.9,5.66,2.85,0.89,20.0,29.11,9.25,-14.55,25.56,,55.62,0.07,1.36,7.11,6.66
600580.SH,卧龙电驱,22.5,59.67,1.95,5.93,6.59,3.79,0.85,24.58,25.46,5.56,-21.47,9.22,12.92,56.77,0.15,6.47,10.06,3.41
603267.SH,鸿远电子,56.75,66.79,2.3,2.94,3.04,2.75,0.7,29.66,36.35,10.91,-49.62,4.15,0.3,16.01,0.11,16.09,22.75,18.67
600299.SH,安迪苏,22.6,25.7,1.91,7.14,6.61,6.31,0.75,300.0,30.58,8.82,1918.7,3.9,13.42,28.81,0.04,6.6,3.6,3.42
605255.SH,天普股份,71.32,70.66,2.1,2.03,2.19,2.78,1.25,95.65,35.11,7.58,-15.93,4.73,,5.62,0.04,14.95,34.82,32.57
002195.SZ,岩山科技,307.9,7236.48,1.78,0.27,0.44,-0.81,0.33,16.67,42.4,-3.68,-91.56,-22.56,14.03,2.69,0.07,-320.8,26762.11,699.78
301270.SZ,汉仪股份,541.79,3730.49,3.65,-0.05,0.49,0.18,0.88,84.48,79.73,2.23,-102.23,3.39,16.38,5.79,0.03,1101.24,转盈,1105.7
605599.SH,菜百股份,11.82,13.64,2.28,13.79,14.44,11.81,4.7,76.92,8.95,3.64,-3.14,34.48,,44.05,0.21,0.4,0.99,0.82
603068.SH,博通集成,-96.7,-64.15,2.63,-2.1,-2.02,-2.55,0.17,-7.94,32.67,-6.42,61.0,-0.22,,22.07,0.24,扣非亏损,扣非亏损,亏损
600381.SH,ST春天,-15.24,-6.97,1.61,-7.46,-7.52,-6.63,,0.0,40.98,-44.76,-28.47,20.4,,5.0,0.08,扣非亏损,扣非亏损,亏损
605162.SH,新中港,23.84,21.83,2.33,7.0,7.1,7.13,1.96,48.65,27.81,13.69,4.8,19.74,,29.95,0.09,1.11,3.12,3.36
000930.SZ,中粮科技,855.32,-34.26,1.04,-0.38,0.09,1.19,,0.0,7.44,0.14,89.24,1.58,3.36,36.56,0.15,扣非亏损,扣非亏损,19007.07
002861.SZ,瀛通通讯,-50.35,-24.17,2.59,-4.43,-3.92,-1.26,1.01,-29.41,18.19,-5.49,-1.38,-13.35,,52.67,0.08,扣非亏损,扣非亏损,亏损
000929.SZ,兰州黄河,-28.78,-29.33,2.71,-4.47,-6.82,-5.72,,0.0,18.45,-33.08,-110.3,-7.49,,17.35,0.11,扣非亏损,扣非亏损,亏损
001219.SZ,青岛食品,24.08,34.04,2.74,7.52,8.68,10.36,1.3,52.63,37.41,21.91,20.39,1.07,,7.59,0.08,31.91,4.53,2.77
600328.SH,中盐化工,16.17,14.3,1.04,4.5,4.76,5.09,3.5,34.73,20.09,7.46,-36.11,19.16,4.53,30.31,0.08,0.75,3.18,3.4
002544.SZ,普天科技,618.89,-265.33,4.03,0.31,0.49,0.09,0.13,52.2,16.39,0.33,-77.01,-3.57,,58.99,0.1,扣非亏损,扣非转亏,1263.04
603032.SH,德新科技,197.52,-116.11,3.38,-0.52,1.31,1.88,,0.0,33.03,7.03,-104.23,179.54,40.55,28.09,0.03,扣非亏损,扣非亏损,301.55
688525.SH,佰维存储,86.15,373.59,10.69,10.25,9.83,5.35,,0.0,22.51,4.17,146.07,31.21,,66.78,0.04,11.97,72.87,17.53
301363.SZ,美好医疗,35.34,46.74,3.59,7.53,7.86,7.56,0.43,20.78,41.78,22.29,-11.15,15.68,,10.27,0.42,2.98,6.2,4.5
002487.SZ,大金重工,38.54,58.3,2.05,3.68,3.98,2.97,0.68,27.16,27.19,12.23,-31.66,11.06,,38.78,0.18,5.27,15.84,9.68
002917.SZ,金奥博,22.13,26.29,2.04,6.71,6.94,4.85,1.01,34.01,33.8,11.23,35.78,33.82,6.63,40.8,0.08,0.78,3.92,3.19
688468.SH,科美诊断,19.02,25.22,2.03,6.77,8.08,6.81,1.16,33.78,76.35,32.62,-8.3,2.37,10.97,23.78,0.13,10.63,3.73,2.35
002001.SZ,新和成,12.96,15.17,2.51,14.86,15.22,12.16,2.65,51.72,39.54,25.4,99.03,15.05,0.01,33.56,0.1,1.01,1.02,0.85
603839.SH,安正时尚,-61.51,-39.92,1.31,-1.87,-1.57,-0.89,1.39,95.83,47.12,-2.41,-565.71,-14.99,4.88,26.79,0.08,扣非亏损,扣非亏损,亏损
002824.SZ,和胜股份,84.49,72.87,3.73,2.83,3.31,2.03,0.93,37.37,12.19,2.47,-48.62,27.89,0.42,52.55,0.07,2.61,25.78,25.53
601933.SH,永辉超市,-381.11,-17.49,6.83,-11.28,-1.32,1.62,,0.0,20.84,-0.3,-76.47,-5.36,0.06,87.14,0.1,扣非亏损,扣非亏损,亏损
000966.SZ,长源电力,11.01,21.93,1.23,8.61,8.73,4.2,0.88,30.71,13.55,7.17,42.18,13.3,7.49,71.4,0.03,1.65,2.55,1.26
603709.SH,中源家居,406.11,-193.52,2.35,0.6,0.42,-0.01,1.0,81.82,21.9,0.22,-85.22,3.69,,60.29,0.06,扣非亏损,扣非转亏,966.93
600036.SH,招商银行,6.3,6.54,0.95,10.14,11.54,,7.09,35.03,,45.13,-0.48,5.49,0.86,90.05,,1.19,0.64,0.55
688562.SH,航天软件,-64.64,-97.61,4.08,-6.04,-4.59,-3.69,0.19,28.12,19.7,-15.81,-1266.31,24.1,,48.6,0.47,扣非亏损,扣非亏损,亏损
600673.SH,东阳光,60.04,177.34,2.75,3.07,3.13,2.31,4.58,-336.0,14.01,3.38,199.23,2.52,0.02,61.44,0.15,70.35,115.66,38.37
301018.SZ,申菱环境,32.77,64.81,2.43,5.61,5.66,3.27,0.61,40.0,26.37,6.94,-12.96,19.71,,50.49,0.1,3.29,11.54,5.79
605218.SH,伟时电子,134.71,108.07,4.41,2.05,2.4,1.08,1.06,24.3,12.98,2.13,-57.07,12.51,,40.23,0.08,8.64,52.66,56.2
600860.SH,京城股份,-253.61,-139.87,5.14,-2.66,-1.52,0.33,,0.0,15.56,-0.75,47.95,9.04,12.26,53.11,0.09,扣非亏损,扣非亏损,亏损
870436.BJ,大地电气,-98.86,-145.79,6.88,-5.24,-5.11,-2.06,,0.0,15.78,-4.11,-162.95,10.52,,60.77,0.04,扣非亏损,扣非亏损,亏损
002767.SZ,先锋电子,159.42,79.94,2.55,0.76,1.2,0.76,0.1,32.0,32.62,2.04,-71.41,21.13,,27.67,0.12,3.78,105.63,132.85
600000.SH,浦发银行,6.12,6.74,0.45,4.69,5.25,,4.85,30.0,,27.49,34.77,-4.01,0.73,92.24,,-1.68,1.44,1.17
002637.SZ,赞宇科技,27.87,196.72,1.2,2.45,3.26,2.92,0.93,52.63,7.08,1.46,-13.34,9.8,2.13,53.31,0.16,20.08,80.15,8.55
301083.SZ,百胜智能,76.91,134.94,3.29,2.23,3.21,2.54,0.67,60.67,23.01,9.27,-32.16,-7.49,,16.4,0.13,-18.01,60.49,23.96
002357.SZ,富临运业,17.19,45.22,1.34,4.83,6.0,4.45,0.66,10.42,19.46,13.59,-21.99,11.35,5.6,43.71,0.05,3.98,9.37,2.86
300250.SZ,初灵信息,-83.06,-115.05,5.98,-5.46,-5.07,-4.47,,0.0,54.64,-17.1,-404.93,-2.78,1.64,27.85,0.1,扣非亏损,扣非亏损,亏损
603997.SH,继峰股份,-23.37,-33.81,3.48,-12.18,-11.81,-0.99,,0.0,14.37,-3.82,-412.89,11.26,32.72,74.81,0.1,扣非亏损,扣非亏损,亏损
300716.SZ,泉为科技,-21.07,-13.66,25.26,-63.21,-62.04,-11.09,,0.0,-10.26,-69.48,42.58,-14.3,0.05,88.13,0.0,扣非亏损,扣非亏损,亏损
300424.SZ,航新科技,171.76,346.84,5.8,0.74,2.41,2.8,0.08,9.98,25.68,2.11,440.88,9.41,4.65,65.89,0.05,36.86,466.06,71.27
301205.SZ,联特科技,114.62,181.93,6.44,3.77,4.29,2.88,0.05,24.49,27.27,9.69,423.26,8.84,,29.38,0.05,20.58,48.32,26.72
688456.SH,有研粉材,62.72,118.12,2.82,2.34,3.41,2.82,0.71,37.74,8.07,1.77,20.02,18.86,0.28,30.96,0.03,6.26,50.41,18.39
603137.SH,恒尚节能,16.84,17.67,1.63,6.67,7.44,3.09,1.02,18.87,14.51,5.75,-1.98,10.4,,64.46,0.26,1.7,2.65,2.26
002649.SZ,博彦科技,29.55,50.59,1.68,4.06,4.3,3.53,0.21,7.03,24.38,3.44,-14.14,15.79,12.72,26.86,0.27,3.2,12.45,6.87
837023.BJ,芭薇股份,33.91,36.11,3.43,7.74,7.97,4.68,1.9,37.04,26.67,6.1,0.59,2.02,,51.29,0.08,17.87,4.67,4.25
600409.SH,三友化工,22.48,20.67,0.86,2.68,2.89,3.24,1.51,30.29,16.79,3.43,5.18,8.37,0.02,41.72,0.27,2.47,7.72,7.78
000568.SZ,泸州老窖,13.49,14.66,4.59,26.64,25.88,23.79,3.01,59.87,88.43,47.76,10.24,22.0,,31.46,0.15,0.67,0.55,0.52
003021.SZ,兆威机电,72.16,87.17,4.86,4.11,5.09,3.9,0.59,52.38,31.55,15.05,49.01,0.37,,20.27,0.02,232.58,21.21,14.18
002183.SZ,怡亚通,157.68,247.02,1.44,0.35,0.68,1.61,0.27,24.0,4.19,0.05,-46.77,11.76,2.46,79.97,0.82,21.01,699.59,231.88
002475.SZ,立讯精密,23.03,24.72,4.34,13.42,14.98,5.68,0.87,19.41,11.72,5.52,15.43,37.94,2.37,63.04,0.12,0.65,1.84,1.54
601921.SH,浙版传媒,30.34,23.74,1.36,2.5,3.19,1.88,5.1,57.43,25.48,6.16,-53.96,6.22,,42.34,1.59,3.82,9.48,9.51
603535.SH,嘉诚国际,19.2,26.17,1.72,6.61,6.56,5.07,0.56,14.29,33.97,16.95,3.59,2.27,,43.77,0.07,11.53,3.96,2.93
002930.SZ,宏川智慧,24.36,29.26,2.2,5.46,6.39,4.43,1.29,38.46,50.99,17.75,-37.21,22.28,26.81,66.86,0.09,1.31,5.36,3.81
300542.SZ,新晨科技,-316.62,268.45,11.93,-4.31,-2.77,-0.31,0.11,11.67,16.78,-2.76,-31.02,16.23,29.28,55.84,0.04,16.54,扣非亏损,亏损
831445.BJ,龙竹科技,51.6,137.19,3.49,2.95,4.89,4.11,3.06,214.29,27.84,8.15,25.32,1.49,,26.22,0.1,91.8,46.43,10.55
688176.SH,亚虹医药,-11.74,-9.99,2.04,-12.81,-12.12,-11.61,,0.0,79.44,-195.28,2.65,26537.33,,10.12,0.17,扣非亏损,扣非亏损,亏损
002929.SZ,润建股份,21.81,26.79,1.36,4.62,4.75,1.74,0.6,13.97,16.07,3.95,-28.78,29.74,2.96,62.23,0.09,0.9,5.8,4.59
600965.SH,福成股份,87.0,-323.37,1.58,1.47,1.35,1.65,0.78,40.7,25.93,3.91,-77.6,-0.38,,17.54,0.03,扣非亏损,扣非转亏,64.4
605336.SH,帅丰电器,37.76,28.14,1.16,1.72,2.25,1.18,4.17,60.19,43.07,14.07,-72.94,7.16,,10.63,0.08,3.93,16.41,16.78
600791.SH,京能置业,-14.55,-7.26,2.89,-8.79,-12.36,0.99,,0.0,16.8,-1.11,56.8,239.32,,88.34,1.27,扣非亏损,扣非亏损,亏损
301095.SZ,广立微,1206.66,194.32,4.05,-0.11,0.25,-1.73,0.59,68.95,62.81,3.88,-107.79,57.91,1.07,6.04,0.28,3.36,转盈,4826.65
600105.SH,永鼎股份,90.36,-1196.44,2.44,1.59,1.98,2.33,0.65,116.88,17.96,3.49,-21.85,9.97,4.61,61.85,0.17,扣非亏损,扣非转亏,45.63
300144.SZ,宋城演艺,18.48,192.04,3.08,12.98,13.11,12.71,1.01,-238.1,71.87,51.64,28.05,96.89,0.02,14.76,0.16,1.98,29.58,2.82
688270.SH,臻镭科技,420.14,263.35,3.81,0.2,0.68,-0.12,0.25,36.17,84.11,7.93,-88.89,22.77,,4.62,0.22,11.56,1350.53,617.85
603255.SH,鼎际得,295.42,178.33,2.64,0.61,0.67,0.45,0.12,10.0,15.49,1.19,-78.66,14.79,,31.23,0.05,12.06,292.24,440.93
002755.SZ,奥赛康,71.14,122.18,4.03,3.47,4.31,3.01,,0.0,81.82,7.92,145.61,-26.84,,20.97,0.09,-4.55,70.42,33.01
000848.SZ,承德露露,17.03,15.55,2.99,13.32,13.24,12.68,5.1,65.57,41.52,19.41,-5.13,17.35,,16.47,0.3,0.9,1.17,1.29
600989.SH,宝丰能源,19.65,17.72,2.87,12.28,11.24,7.39,1.9,36.36,33.76,18.69,18.35,23.59,2.72,52.65,0.03,0.75,1.44,1.75
002077.SZ,大港股份,177.55,523.98,2.84,1.11,1.21,1.67,,0.0,9.52,17.01,26.47,-18.15,3.98,20.42,0.03,-28.86,945.72,293.48
688631.SH,莱斯信息,754.65,169.36,8.64,-0.24,0.84,-0.16,1.16,44.57,26.97,1.69,-140.74,7.88,,46.85,0.06,21.48,转盈,898.4
301100.SZ,风光股份,-64.74,-43.33,1.74,-2.26,-1.98,-2.01,0.37,93.75,5.89,-5.79,-219.62,2.57,,11.58,0.6,扣非亏损,扣非亏损,亏损
603429.SH,集友股份,-49.01,46.16,2.76,5.82,-3.73,-3.03,1.8,68.18,36.6,-13.11,-28.9,16.43,0.61,13.48,0.22,2.81,7.93,亏损
300822.SZ,贝仕达克,50.1,65.53,3.12,4.54,4.72,3.26,0.66,50.4,25.33,7.04,48.57,0.4,,18.04,0.12,164.8,14.44,10.61
603815.SH,交建股份,31.79,28.6,1.83,4.41,4.35,1.69,1.02,30.36,9.06,3.56,-21.66,9.51,,76.29,0.17,3.01,6.48,7.31
003033.SZ,征和工业,16.99,19.39,1.82,7.73,8.07,5.18,1.4,35.21,22.41,7.4,13.77,21.71,4.66,46.13,0.11,0.89,2.51,2.11
000090.SZ,天健集团,18.77,11.51,0.73,2.08,2.65,0.85,5.43,33.8,16.23,3.01,-69.59,17.21,0.34,78.35,1.14,0.67,5.53,7.08
300063.SZ,天龙集团,113.72,-350.42,4.56,2.75,3.04,3.23,,0.0,6.04,0.98,23.19,-6.48,0.8,43.27,0.02,扣非亏损,扣非转亏,74.82
002743.SZ,富煌钢构,27.31,32.73,0.76,2.02,2.1,1.86,1.12,30.45,13.89,2.37,-17.85,7.06,,68.82,0.24,4.64,16.18,13.01
600872.SH,中炬高新,22.76,28.52,3.58,11.51,12.15,10.43,1.42,18.17,37.36,16.14,19.25,0.16,0.03,27.11,0.02,180.53,2.48,1.87
600498.SH,烽火通信,41.79,41.54,1.73,2.78,2.95,1.66,0.77,29.77,22.13,1.83,24.76,14.31,0.57,64.96,0.22,2.9,14.96,14.16
601162.SH,天风证券,-60.22,-64.86,1.87,-2.35,-2.3,,,0.0,,-37.71,-251.96,13.07,0.22,74.46,0.48,扣非亏损,扣非亏损,亏损
300903.SZ,科翔股份,-15.72,-12.9,1.81,-9.35,-8.31,-3.17,,0.0,3.97,-7.56,-78.62,23.34,1.05,71.66,0.23,扣非亏损,扣非亏损,亏损
600012.SH,皖通高速,14.98,15.4,1.89,9.53,9.44,7.58,5.45,60.05,35.6,24.6,-11.13,31.27,,36.87,0.25,0.49,1.62,1.59
002942.SZ,新农股份,22.8,422.78,1.92,5.07,6.39,5.37,1.02,-117.65,29.39,9.85,523.41,-9.82,,27.21,0.06,-43.05,166.63,7.14
002369.SZ,卓翼科技,-22.01,-9.46,6.5,-20.94,-20.14,-4.35,,0.0,1.04,-10.19,30.62,-20.12,,77.28,0.1,扣非亏损,扣非亏损,亏损
300810.SZ,中科海讯,-20.2,-11.85,3.29,-11.55,-11.42,-9.01,0.1,-1.5,38.76,-62.82,-96.78,14.96,,35.66,0.05,扣非亏损,扣非亏损,亏损
600697.SH,欧亚集团,83.15,722.06,0.84,0.16,0.76,2.57,0.86,93.38,36.62,2.1,62.79,-3.84,1.83,78.57,0.43,-188.02,4448.91,109.41
688269.SH,凯立新材,42.05,50.12,3.64,5.87,6.41,4.46,1.35,58.14,11.31,5.6,-38.55,21.44,,44.81,0.07,2.34,8.53,6.56
002370.SZ,亚太药业,-460.86,-63.72,4.28,-3.75,-0.58,0.94,,0.0,31.1,-1.13,61.16,-2.55,,53.95,0.32,扣非亏损,扣非亏损,亏损
603908.SH,牧高笛,17.58,32.12,3.76,12.4,16.04,9.89,3.22,74.53,28.59,8.56,-34.21,33.52,,48.87,0.07,0.96,2.59,1.1
603150.SH,万朗磁塑,16.66,16.52,1.55,7.18,7.36,3.94,,0.0,21.59,4.24,8.37,29.09,5.83,58.98,0.17,0.57,4.61,4.53
000755.SZ,山西高速,14.26,16.37,1.38,7.44,7.47,5.26,0.98,14.4,58.87,32.23,-0.54,17.26,,57.71,0.14,0.95,2.2,1.91
603722.SH,阿科力,-486.4,-515.89,4.66,-1.18,-0.9,-1.33,0.37,74.07,8.77,-1.94,-146.72,6.63,,24.36,0.08,扣非亏损,扣非亏损,亏损
688351.SH,微电生理,168.92,-500.7,5.43,-0.04,2.44,2.17,,0.0,58.79,14.35,95.69,32.65,,7.35,0.09,扣非亏损,扣非亏损,138.46
300529.SZ,健帆生物,23.55,32.77,7.84,23.42,23.44,17.56,1.8,72.73,81.31,35.93,86.49,2.48,0.37,41.12,0.05,13.24,1.4,1.0
002276.SZ,万马股份,24.06,33.1,1.45,3.82,4.6,2.31,0.54,9.95,11.41,1.97,-45.3,18.31,2.6,62.72,0.3,1.81,8.65,5.23
002463.SZ,沪电股份,30.28,31.93,6.81,17.42,17.83,11.39,2.26,62.94,35.86,20.31,105.8,6.35,,42.47,0.03,5.03,1.83,1.7
300530.SZ,领湃科技,-19.83,-17.64,54.96,-106.99,-103.5,-6.73,,0.0,13.37,-163.0,8.81,65.94,1.35,93.6,0.08,扣非亏损,扣非亏损,亏损
834770.BJ,艾能聚,54.92,74.63,5.11,7.29,7.17,6.37,2.84,11.63,54.06,32.37,-21.04,13.03,,29.07,0.03,5.73,10.24,7.66
300623.SZ,捷捷微电,63.53,75.89,6.4,7.19,8.5,5.53,0.37,19.33,38.22,17.5,146.69,31.25,,39.68,0.02,2.43,10.55,7.47
301387.SZ,光大同创,367.2,89.22,2.25,0.69,0.45,0.03,1.26,30.38,24.12,0.07,-85.5,6.95,1.07,29.11,0.3,12.83,128.76,816.0
600977.SH,中国电影,75.35,-144.56,1.94,1.28,1.93,1.32,0.58,50.35,23.08,6.55,-64.81,43.35,2.46,41.18,0.35,扣非亏损,扣非转亏,39.04
300436.SZ,广生堂,-47.68,-17.82,10.07,-17.41,-14.68,-2.83,,0.0,61.12,-22.6,54.95,4.75,11.9,67.28,0.03,扣非亏损,扣非亏损,亏损
603056.SH,德邦股份,20.79,22.5,1.78,4.46,6.56,4.11,0.55,10.68,7.55,1.83,24.65,9.9,,51.65,0.09,2.27,5.04,3.17
688071.SH,华依科技,-52.94,-37.68,2.07,-3.18,-2.89,-0.59,,0.0,31.25,-10.01,-4566.33,5.24,3.82,54.44,0.05,扣非亏损,扣非亏损,亏损
601068.SH,中铝国际,43.5,-7.58,5.93,1.76,5.42,1.41,,0.0,8.57,1.84,111.99,-1.73,0.01,84.39,0.33,扣非亏损,扣非转亏,16.05
002650.SZ,ST加加,-61.81,-23.05,2.76,-3.95,-3.3,-2.59,,0.0,24.53,-6.92,-103.14,-11.01,,19.68,0.04,扣非亏损,扣非亏损,亏损
600117.SH,西宁特钢,-16.19,-6.6,1.73,-9.48,-7.79,-3.53,,0.0,-6.88,-14.38,34.8,-17.18,2.15,45.19,0.01,扣非亏损,扣非亏损,亏损
300249.SZ,依米康,399.23,-46.17,9.47,0.83,1.8,1.05,,0.0,21.17,1.02,104.41,-13.5,3.6,73.75,0.03,扣非亏损,扣非转亏,443.59
601827.SH,三峰环境,10.77,12.27,1.31,9.28,9.36,5.72,3.13,34.06,35.85,23.61,4.59,7.25,0.09,52.08,0.09,1.69,1.32,1.15
