车系,厂商,brand,model,name,类型,最低价格,最高价格
日本,进口,ADIVA,AD1 200(进口),ADIVA AD1 200(进口),三轮,"￥39,800",
日本,进口,ADIVA,AD3 400,ADIVA AD3 400,三轮,"￥69,800",
日本,进口,ADIVA,AD1 200,ADIVA AD1 200,三轮,"￥26,800","￥29,800"
日本,进口,ADIVA,AD1 200 特警版,ADIVA AD1 200 特警版,三轮,,
日本,进口,ADIVA,AD3 400 警用版,ADIVA AD3 400 警用版,三轮,,
日本,进口,ADIVA,AD3 400 特警版,ADIVA AD3 400 特警版,三轮,,
日本,进口,ADIVA,AJ 201,ADIVA AJ 201,踏板,"￥27,800",
日本,进口,ADIVA,Fortune 150,ADIVA Fortune 150,踏板,"￥21,800",
日本,进口,ADIVA,AD2 400,ADIVA AD2 400,踏板,,
,,AKMOTOR,AK11,AKMOTOR AK11,MINI,"￥9,880","￥10,880"
,,ARCH,KRGT-1,ARCH KRGT-1,巡航,,
,,ARCH,Method 143,ARCH Method 143,巡航,,
,,ARCH,1S,ARCH 1S,巡航,,
,,ARENA阿雷纳,福泰克斯 FORTEX150,ARENA阿雷纳 福泰克斯 FORTEX150,踏板,"￥12,980",
,,ARENA阿雷纳,鸭嘴兽 Platypus,ARENA阿雷纳 鸭嘴兽 Platypus,踏板,"￥8,980",
,,ARENA阿雷纳,全新车款(概念预览图),ARENA阿雷纳 全新车款(概念预览图),踏板,,
,,ARIEL,Ace,ARIEL Ace,街车,,
,,ATHENA雅典娜,女神150,ATHENA雅典娜 女神150,踏板,"￥9,980","￥11,580"
,,ATHENA雅典娜,Queen150,ATHENA雅典娜 Queen150,踏板,"￥12,980",
,,ATHENA雅典娜,战神150,ATHENA雅典娜 战神150,踏板,"￥12,980",
,,AW,佩刀500,AW 佩刀500,跑车,"￥25,800",
,,AW,佩刀500N,AW 佩刀500N,跑车,"￥27,800",
,,AW,佩刀700,AW 佩刀700,跑车,,
意大利,进口,BIMOTA,DB5R,BIMOTA DB5R,跑车,,
意大利,进口,BIMOTA,DB7 Oronero,BIMOTA DB7 Oronero,跑车,,
意大利,进口,BIMOTA,DB8,BIMOTA DB8,跑车,,
意大利,进口,BIMOTA,DB9 Brivido,BIMOTA DB9 Brivido,跑车,,
意大利,进口,BIMOTA,Tesi 3D,BIMOTA Tesi 3D,跑车,,
意大利,进口,BIMOTA,DB5S,BIMOTA DB5S,跑车,,
意大利,进口,BIMOTA,DB7,BIMOTA DB7,跑车,,
意大利,进口,BIMOTA,DB5E Desiderio,BIMOTA DB5E Desiderio,跑车,,
意大利,进口,BIMOTA,DB8 Biposta,BIMOTA DB8 Biposta,跑车,,
意大利,进口,BIMOTA,DB8 SP,BIMOTA DB8 SP,跑车,,
意大利,进口,BIMOTA,HB4 Moto2,BIMOTA HB4 Moto2,跑车,,
意大利,进口,BIMOTA,KB1,BIMOTA KB1,跑车,,
意大利,进口,BIMOTA,KB2 Laser,BIMOTA KB2 Laser,跑车,,
意大利,进口,BIMOTA,KB2 TT,BIMOTA KB2 TT,跑车,,
意大利,进口,BIMOTA,KB3,BIMOTA KB3,跑车,,
意大利,进口,BIMOTA,SB2,BIMOTA SB2,跑车,,
意大利,进口,BIMOTA,SB3,BIMOTA SB3,跑车,,
意大利,进口,BIMOTA,SB4 Mirage,BIMOTA SB4 Mirage,跑车,,
意大利,进口,BIMOTA,SB5,BIMOTA SB5,跑车,,
意大利,进口,BIMOTA,SB6,BIMOTA SB6,跑车,,
意大利,进口,BIMOTA,SB6R,BIMOTA SB6R,跑车,,
意大利,进口,BIMOTA,SB7,BIMOTA SB7,跑车,,
意大利,进口,BIMOTA,SB8K,BIMOTA SB8K,跑车,,
意大利,进口,BIMOTA,SB8K Gobert Replica,BIMOTA SB8K Gobert Replica,跑车,,
意大利,进口,BIMOTA,SB8K Santa Monica,BIMOTA SB8K Santa Monica,跑车,,
意大利,进口,BIMOTA,SB8R,BIMOTA SB8R,跑车,,
意大利,进口,BIMOTA,Tesi ID 851,BIMOTA Tesi ID 851,跑车,,
意大利,进口,BIMOTA,Tesi ID 906,BIMOTA Tesi ID 906,跑车,,
意大利,进口,BIMOTA,Tesi ID 906SR,BIMOTA Tesi ID 906SR,跑车,,
意大利,进口,BIMOTA,Tesi ID 906ES,BIMOTA Tesi ID 906ES,跑车,,
意大利,进口,BIMOTA,Tesi 2D Millennium,BIMOTA Tesi 2D Millennium,跑车,,
意大利,进口,BIMOTA,YB4 750IE,BIMOTA YB4 750IE,跑车,,
意大利,进口,BIMOTA,YB4 750IE SP,BIMOTA YB4 750IE SP,跑车,,
意大利,进口,BIMOTA,YB6,BIMOTA YB6,跑车,,
意大利,进口,BIMOTA,YB6 Ex-Up,BIMOTA YB6 Ex-Up,跑车,,
意大利,进口,BIMOTA,YB6 Tuatara,BIMOTA YB6 Tuatara,跑车,,
意大利,进口,BIMOTA,YB7,BIMOTA YB7,跑车,,
意大利,进口,BIMOTA,YB8,BIMOTA YB8,跑车,,
意大利,进口,BIMOTA,YB8 Furano,BIMOTA YB8 Furano,跑车,,
意大利,进口,BIMOTA,YB9 Bellaria,BIMOTA YB9 Bellaria,跑车,,
意大利,进口,BIMOTA,YB9SR,BIMOTA YB9SR,跑车,,
意大利,进口,BIMOTA,YB9SRI,BIMOTA YB9SRI,跑车,,
意大利,进口,BIMOTA,YB10 Dieci,BIMOTA YB10 Dieci,跑车,,
意大利,进口,BIMOTA,YB10 Dieci Biposto,BIMOTA YB10 Dieci Biposto,跑车,,
意大利,进口,BIMOTA,YB11 Superleggera,BIMOTA YB11 Superleggera,跑车,,
意大利,进口,BIMOTA,YB11 Superleggera 25 Anniversary,BIMOTA YB11 Superleggera 25 Anniversary,跑车,,
意大利,进口,BIMOTA,500 V-Due,BIMOTA 500 V-Due,跑车,,
意大利,进口,BIMOTA,500 V-Due Evoluzione,BIMOTA 500 V-Due Evoluzione,跑车,,
意大利,进口,BIMOTA,666 IE,BIMOTA 666 IE,跑车,,
意大利,进口,BIMOTA,BBI Biposta,BIMOTA BBI Biposta,跑车,,
意大利,进口,BIMOTA,BBI Supermono,BIMOTA BBI Supermono,跑车,,
意大利,进口,BIMOTA,DB1,BIMOTA DB1,跑车,,
意大利,进口,BIMOTA,DB1S,BIMOTA DB1S,跑车,,
意大利,进口,BIMOTA,DB1SR,BIMOTA DB1SR,跑车,,
意大利,进口,BIMOTA,DB1SR Serie Finale,BIMOTA DB1SR Serie Finale,跑车,,
意大利,进口,BIMOTA,DB2 Concept,BIMOTA DB2 Concept,跑车,,
意大利,进口,BIMOTA,DB2SR,BIMOTA DB2SR,跑车,,
意大利,进口,BIMOTA,DB2EF,BIMOTA DB2EF,跑车,,
意大利,进口,BIMOTA,DB3 Mantra,BIMOTA DB3 Mantra,跑车,,
意大利,进口,BIMOTA,DB4,BIMOTA DB4,跑车,,
意大利,进口,BIMOTA,DB4 Half fairing,BIMOTA DB4 Half fairing,跑车,,
意大利,进口,BIMOTA,DB4IE,BIMOTA DB4IE,跑车,,
意大利,进口,BIMOTA,DB5 Mille,BIMOTA DB5 Mille,跑车,,
意大利,进口,BIMOTA,DB5S Borsalino Limited Edition,BIMOTA DB5S Borsalino Limited Edition,跑车,,
意大利,进口,BIMOTA,DB5 1000,BIMOTA DB5 1000,跑车,,
意大利,进口,BIMOTA,DB5RE,BIMOTA DB5RE,跑车,,
意大利,进口,BIMOTA,DB7 Black Edition,BIMOTA DB7 Black Edition,跑车,,
意大利,进口,BIMOTA,DB8 Biposta,BIMOTA DB8 Biposta,跑车,,
意大利,进口,BIMOTA,DB8SP,BIMOTA DB8SP,跑车,,
意大利,进口,BIMOTA,DB8 Italia,BIMOTA DB8 Italia,跑车,,
意大利,进口,BIMOTA,Tesi H2,BIMOTA Tesi H2,跑车,,
意大利,进口,BIMOTA,DB6 Delirio,BIMOTA DB6 Delirio,街车,,
意大利,进口,BIMOTA,DB6R,BIMOTA DB6R,街车,,
意大利,进口,BIMOTA,HB1,BIMOTA HB1,街车,,
意大利,进口,BIMOTA,HB2,BIMOTA HB2,街车,,
意大利,进口,BIMOTA,HB3,BIMOTA HB3,街车,,
意大利,进口,BIMOTA,HB3S,BIMOTA HB3S,街车,,
意大利,进口,BIMOTA,Tesi ID 906EF,BIMOTA Tesi ID 906EF,街车,,
意大利,进口,BIMOTA,Tesi 3D E,BIMOTA Tesi 3D E,街车,,
意大利,进口,BIMOTA,BBX 300,BIMOTA BBX 300,街车,,
意大利,进口,BIMOTA,DB6C 1080 Limited Edition,BIMOTA DB6C 1080 Limited Edition,街车,,
意大利,进口,BIMOTA,DB6 Delirio 1000,BIMOTA DB6 Delirio 1000,街车,,
意大利,进口,BIMOTA,DB6 Delirio 1000 Azzurro,BIMOTA DB6 Delirio 1000 Azzurro,街车,,
意大利,进口,BIMOTA,DB6 Delirio 1100,BIMOTA DB6 Delirio 1100,街车,,
意大利,进口,BIMOTA,DB6 Delirio E,BIMOTA DB6 Delirio E,街车,,
意大利,进口,BIMOTA,DB6R Delirio,BIMOTA DB6R Delirio,街车,,
意大利,进口,BIMOTA,DB9 Brivido Italia,BIMOTA DB9 Brivido Italia,街车,,
意大利,进口,BIMOTA,DB10B motard,BIMOTA DB10B motard,越野,,
意大利,进口,BIMOTA,BBX 50,BIMOTA BBX 50,越野,,
意大利,进口,BIMOTA,DBx Concept,BIMOTA DBx Concept,越野,,
,,BRIXTON,Cromwell 125,BRIXTON Cromwell 125,街车,,
,,BRIXTON,Cromwell 250,BRIXTON Cromwell 250,街车,,
,,BRIXTON,Sunray 125,BRIXTON Sunray 125,街车,,
,,BRIXTON,Felsberg 125,BRIXTON Felsberg 125,街车,,
,,BRIXTON,Felsberg 250,BRIXTON Felsberg 250,街车,,
,,BRIXTON,Rayburn 125,BRIXTON Rayburn 125,街车,,
,,BRIXTON,SK 8,BRIXTON SK 8,街车,,
,,BRIXTON,Haycroft 125,BRIXTON Haycroft 125,街车,,
,,BRIXTON,Crossfire 500,BRIXTON Crossfire 500,复古,,
,,BRIXTON,Cromwell 1200,BRIXTON Cromwell 1200,复古,,
,,BULLIT,Bluroc Gold Black,BULLIT Bluroc Gold Black,复古,,
,,BULLIT,Bluroc Titanium Grey,BULLIT Bluroc Titanium Grey,复古,,
,,BULLIT,Bluroc British Green,BULLIT Bluroc British Green,复古,,
,,BULLIT,Hunt S Black,BULLIT Hunt S Black,复古,,
,,BULLIT,Hunt S Gold Black,BULLIT Hunt S Gold Black,复古,,
,,BULLIT,Hunt S Green,BULLIT Hunt S Green,复古,,
,,BULLIT,Hunt S Red,BULLIT Hunt S Red,复古,,
,,BULLIT,Spirit Gold Black,BULLIT Spirit Gold Black,复古,,
,,BULLIT,Spirit Green,BULLIT Spirit Green,复古,,
,,BULLIT,Spirit Gulf Edition,BULLIT Spirit Gulf Edition,复古,,
,,BULLIT,Bluroc 250 V2,BULLIT Bluroc 250 V2,复古,,
,,BULLIT,Heritage Black,BULLIT Heritage Black,MINI,,
,,BULLIT,Heritage Silver,BULLIT Heritage Silver,MINI,,
,,BULLIT,Hero,BULLIT Hero,MINI,,
,,BULLIT,Hero Grey,BULLIT Hero Grey,MINI,,
,,BULLIT,Hero Gulf Edition,BULLIT Hero Gulf Edition,MINI,,
,,BULLIT,Hero Racing White,BULLIT Hero Racing White,MINI,,
,,CONFEDERATE,地狱猫 X 132 Hellcat Combat Speedster,CONFEDERATE 地狱猫 X 132 Hellcat Combat Speedster,巡航,,
,,EBR,1190RS,EBR 1190RS,街车,,
,,FELO斐兔,FW-03概念车,FELO斐兔 FW-03概念车,三轮,,
,国产,飞肯,FK 3GP,FKM飞肯 FK 3GP,跑车,"￥16,980","￥19,980"
,国产,飞肯,FK600 赛道版,FKM飞肯 FK600 赛道版,跑车,,
,国产,飞肯,19SF,FKM飞肯 19SF,街车,"￥11,800",
,国产,飞肯,2SF,FKM飞肯 2SF,街车,"￥11,100",
,国产,飞肯,2SS,FKM飞肯 2SS,复古,"￥11,800",
,国产,飞肯,TT,FKM飞肯 TT,复古,,
,国产,飞肯,15SS,FKM飞肯 15SS,MINI,"￥8,800",
,国产,飞肯,15 Mini,FKM飞肯 15 Mini,MINI,"￥8,800",
,,G,GINIO 吉尼奥,G GINIO 吉尼奥,踏板,"￥8,680",
,,GASGAS,XTX Racing,GASGAS XTX Racing,越野,,
,,GASGAS,XTX GP,GASGAS XTX GP,越野,,
,,HERALD,CLASSIC 125,HERALD CLASSIC 125,街车,,
,,HERALD,Cafe 125,HERALD Cafe 125,街车,,
,,HERALD,SCRAMBLER 125,HERALD SCRAMBLER 125,街车,,
,,HERALD,RAMBLER 125,HERALD RAMBLER 125,街车,,
,,HERALD,MAVERICK 125,HERALD MAVERICK 125,街车,,
,,HERALD,CLASSIC 400,HERALD CLASSIC 400,街车,,
,,HERALD,CAFE 400,HERALD CAFE 400,街车,,
,,HERO,XPULSE 200,HERO XPULSE 200,街车,,
,,HERO,XPULSE 200T,HERO XPULSE 200T,街车,,
,,HERO,XTREME 200S,HERO XTREME 200S,街车,,
,,HERO,XTREME 200R,HERO XTREME 200R,街车,,
,,HERO,Karizma ZMR,HERO Karizma ZMR,街车,,
,,HERO,XTREME SPORTS,HERO XTREME SPORTS,街车,,
,,HERO,ACHIEVER 150,HERO ACHIEVER 150,街车,,
,,HERO,GLAMOUR,HERO GLAMOUR,街车,,
,,HOREX,VR6 Raw,HOREX VR6 Raw,复古,,
,,HOREX,VR6 Silver Edition,HOREX VR6 Silver Edition,复古,,
,,HOREX,Osca 644,HOREX Osca 644,复古,,
,,HOREX,Regina 250,HOREX Regina 250,复古,,
,,HOREX,Resident 350,HOREX Resident 350,复古,,
,,HOREX,VR6 Black Edition,HOREX VR6 Black Edition,复古,,
,,HOREX,VR6 Café Racer 33 Limited,HOREX VR6 Café Racer 33 Limited,复古,,
,,HOREX,VR6 Classic,HOREX VR6 Classic,复古,,
,,HOREX,VR6 Roadster,HOREX VR6 Roadster,复古,,
,,HOREX,VR6 Silver Edition,HOREX VR6 Silver Edition,复古,,
,,HOREX,Imperator 125,HOREX Imperator 125,巡航,,
,,HUSABERG,FE 390,HUSABERG FE 390,越野,,
,,HUSABERG,FE 450,HUSABERG FE 450,越野,,
,,HUSABERG,FE 570,HUSABERG FE 570,越野,,
,,HUSABERG,TE 125,HUSABERG TE 125,越野,,
,,HUSABERG,FE 350 Enduro,HUSABERG FE 350 Enduro,越野,,
,,HUSABERG,FE 390 Enduro,HUSABERG FE 390 Enduro,越野,,
,,HUSABERG,FE 400 Enduro,HUSABERG FE 400 Enduro,越野,,
,,HUSABERG,FE 400e Enduro,HUSABERG FE 400e Enduro,越野,,
,,HUSABERG,FE 450e Enduro,HUSABERG FE 450e Enduro,越野,,
,,HUSABERG,FE 450e Enduro Limited Edition,HUSABERG FE 450e Enduro Limited Edition,越野,,
,,HUSABERG,FE 450 Enduro,HUSABERG FE 450 Enduro,越野,,
,,HUSABERG,FE 501 Enduro,HUSABERG FE 501 Enduro,越野,,
,,HUSABERG,FE 501e Enduro,HUSABERG FE 501e Enduro,越野,,
,,HUSABERG,FE 501e Supermoto,HUSABERG FE 501e Supermoto,越野,,
,,HUSABERG,FE 550e Enduro,HUSABERG FE 550e Enduro,越野,,
,,HUSABERG,FE 570 Enduro,HUSABERG FE 570 Enduro,越野,,
,,HUSABERG,FE 600 Enduro,HUSABERG FE 600 Enduro,越野,,
,,HUSABERG,FE 600e Enduro,HUSABERG FE 600e Enduro,越野,,
,,HUSABERG,FE 600e Supermoto,HUSABERG FE 600e Supermoto,越野,,
,,HUSABERG,FE 650e Enduro,HUSABERG FE 650e Enduro,越野,,
,,HUSABERG,FE 650,HUSABERG FE 650,越野,,
,,HUSABERG,FS 400e Supermoto,HUSABERG FS 400e Supermoto,越野,,
,,HUSABERG,FS 450,HUSABERG FS 450,越野,,
,,HUSABERG,FS 450e Supermoto,HUSABERG FS 450e Supermoto,越野,,
,,HUSABERG,FS 450 Supermoto,HUSABERG FS 450 Supermoto,越野,,
,,HUSABERG,FS 550,HUSABERG FS 550,越野,,
,,HUSABERG,FS 570 Supermoto,HUSABERG FS 570 Supermoto,越野,,
,,HUSABERG,FS 650e Supermoto,HUSABERG FS 650e Supermoto,越野,,
,,HUSABERG,FS 650,HUSABERG FS 650,越野,,
,,HUSABERG,FX 450 Cross Country,HUSABERG FX 450 Cross Country,越野,,
,,HUSABERG,TE 250,HUSABERG TE 250,越野,,
,,HUSABERG,TE 300,HUSABERG TE 300,越野,,
瑞典,合资,HUSQVARNA,TE 250,HUSQVARNA TE 250,越野,"￥87,980","￥89,980"
瑞典,合资,HUSQVARNA,FE 250,HUSQVARNA FE 250,越野,"￥88,980",
瑞典,进口,HUSQVARNA,黑箭 401,HUSQVARNA 黑箭 401,复古,"￥31,000",
瑞典,进口,HUSQVARNA,白箭 401,HUSQVARNA 白箭 401,复古,"￥34,900",
瑞典,进口,HUSQVARNA,Norden 901,HUSQVARNA Norden 901,拉力,"￥119,800",
瑞典,进口,HUSQVARNA,TC 65,HUSQVARNA TC 65,越野,"￥51,500",
,,HUSQVARNA,Nuda 900R,HUSQVARNA Nuda 900R,街车,,
,,HUSQVARNA,Nuda 900,HUSQVARNA Nuda 900,街车,,
,,HUSQVARNA,Svartpilen 701,HUSQVARNA Svartpilen 701,街车,,
,,HUSQVARNA,400 Cross,HUSQVARNA 400 Cross,街车,,
,,HUSQVARNA,TE 300i,HUSQVARNA TE 300i,拉力,,
,,HUSQVARNA,SM 701 Supermoto,HUSQVARNA SM 701 Supermoto,越野,,
,,HUSQVARNA,FS 450,HUSQVARNA FS 450,越野,,
,,HUSQVARNA,FE 501,HUSQVARNA FE 501,越野,,
,,HUSQVARNA,FE 450,HUSQVARNA FE 450,越野,,
,,HUSQVARNA,FE 350,HUSQVARNA FE 350,越野,,
,,HUSQVARNA,FC450 Rockstar 2019,HUSQVARNA FC450 Rockstar 2019,越野,,
,,HUSQVARNA,TC 250R,HUSQVARNA TC 250R,越野,,
,,HUSQVARNA,TE 250i,HUSQVARNA TE 250i,越野,,
,,HUSQVARNA,TE 125,HUSQVARNA TE 125,越野,,
,,HUSQVARNA,TE300,HUSQVARNA TE300,越野,,
,,HUSQVARNA,TC 125,HUSQVARNA TC 125,越野,,
,,HUSQVARNA,FC 250,HUSQVARNA FC 250,越野,,
,,HUSQVARNA,FC 350,HUSQVARNA FC 350,越野,,
,,HUSQVARNA,FC 450,HUSQVARNA FC 450,越野,,
,,HUSQVARNA,WR 125,HUSQVARNA WR 125,越野,,
,,HUSQVARNA,WR 250,HUSQVARNA WR 250,越野,,
,,HUSQVARNA,WR 300,HUSQVARNA WR 300,越野,,
,,HUSQVARNA,TE 449,HUSQVARNA TE 449,越野,,
,,HUSQVARNA,TE 511,HUSQVARNA TE 511,越野,,
,,HUSQVARNA,TE 310,HUSQVARNA TE 310,越野,,
,,HUSQVARNA,CR 125,HUSQVARNA CR 125,越野,,
,,HUSQVARNA,TC 250,HUSQVARNA TC 250,越野,,
,,HUSQVARNA,TC 449,HUSQVARNA TC 449,越野,,
,,HUSQVARNA,CR 65,HUSQVARNA CR 65,越野,,
,,HUSQVARNA,CR 50,HUSQVARNA CR 50,越野,,
,,HUSQVARNA,SM 50,HUSQVARNA SM 50,越野,,
,,HUSQVARNA,SMR 630,HUSQVARNA SMR 630,越野,,
,,HUSQVARNA,SMR 511,HUSQVARNA SMR 511,越野,,
,,HUSQVARNA,SMR 449,HUSQVARNA SMR 449,越野,,
,,HUSQVARNA,TE 630,HUSQVARNA TE 630,越野,,
,,HUSQVARNA,TC 499,HUSQVARNA TC 499,越野,,
,,HUSQVARNA,TXC 511,HUSQVARNA TXC 511,越野,,
,,HUSQVARNA,TXC 310,HUSQVARNA TXC 310,越野,,
,,HUSQVARNA,TXC 250,HUSQVARNA TXC 250,越野,,
,,HUSQVARNA,Strada 650,HUSQVARNA Strada 650,越野,,
,,HUSQVARNA,TE 150,HUSQVARNA TE 150,越野,,
,,HUSQVARNA,TE 250 Meo Replica,HUSQVARNA TE 250 Meo Replica,越野,,
,,HUSQVARNA,TE 400,HUSQVARNA TE 400,越野,,
,,HUSQVARNA,TE 410,HUSQVARNA TE 410,越野,,
,,HUSQVARNA,TE 410e,HUSQVARNA TE 410e,越野,,
,,HUSQVARNA,TE 450,HUSQVARNA TE 450,越野,,
,,HUSQVARNA,TE 450ie,HUSQVARNA TE 450ie,越野,,
,,HUSQVARNA,TE 510LC,HUSQVARNA TE 510LC,越野,,
,,HUSQVARNA,TE 510,HUSQVARNA TE 510,越野,,
,,HUSQVARNA,TE 570e,HUSQVARNA TE 570e,越野,,
,,HUSQVARNA,TE 610e,HUSQVARNA TE 610e,越野,,
,,HUSQVARNA,TE 610,HUSQVARNA TE 610,越野,,
,,HUSQVARNA,TE 610ie,HUSQVARNA TE 610ie,越野,,
,,HUSQVARNA,TE 701 Enduro,HUSQVARNA TE 701 Enduro,越野,,
,,HUSQVARNA,TR 650 Strada,HUSQVARNA TR 650 Strada,越野,,
,,HUSQVARNA,TR 650 Terra,HUSQVARNA TR 650 Terra,越野,,
,,HUSQVARNA,Vitpilen 701,HUSQVARNA Vitpilen 701,越野,,
,,HUSQVARNA,WR 360,HUSQVARNA WR 360,越野,,
,,HUSQVARNA,WR 400,HUSQVARNA WR 400,越野,,
,,HUSQVARNA,WR 430,HUSQVARNA WR 430,越野,,
,,HUSQVARNA,WRE 125,HUSQVARNA WRE 125,越野,,
,,HUSQVARNA,WRK 125,HUSQVARNA WRK 125,越野,,
,,HUSQVARNA,FE 350S,HUSQVARNA FE 350S,越野,,
,,HUSQVARNA,FE 501S,HUSQVARNA FE 501S,越野,,
,,HUSQVARNA,SM 125S,HUSQVARNA SM 125S,越野,,
,,HUSQVARNA,SM 125,HUSQVARNA SM 125,越野,,
,,HUSQVARNA,SM 400R,HUSQVARNA SM 400R,越野,,
,,HUSQVARNA,SM 450R,HUSQVARNA SM 450R,越野,,
,,HUSQVARNA,SM 450RR,HUSQVARNA SM 450RR,越野,,
,,HUSQVARNA,SM 510R,HUSQVARNA SM 510R,越野,,
,,HUSQVARNA,SM 510ie,HUSQVARNA SM 510ie,越野,,
,,HUSQVARNA,SM 570R,HUSQVARNA SM 570R,越野,,
,,HUSQVARNA,SM 610S,HUSQVARNA SM 610S,越野,,
,,HUSQVARNA,SM 610,HUSQVARNA SM 610,越野,,
,,HUSQVARNA,SM 610ie,HUSQVARNA SM 610ie,越野,,
,,HUSQVARNA,SM 630,HUSQVARNA SM 630,越野,,
,,HUSQVARNA,SMR 125,HUSQVARNA SMR 125,越野,,
,,HUSQVARNA,SMR 634 Eddy Seel Replica,HUSQVARNA SMR 634 Eddy Seel Replica,越野,,
,,HUSQVARNA,SMS 125,HUSQVARNA SMS 125,越野,,
,,HUSQVARNA,TC 85,HUSQVARNA TC 85,越野,,
,,HUSQVARNA,TC 50,HUSQVARNA TC 50,越野,,
,,JAWA,350 Chopper,JAWA 350 Chopper,街车,,
,,JAWA,350 Classic Solo,JAWA 350 Classic Solo,街车,,
,,JAWA,350 Sport,JAWA 350 Sport,街车,,
,,JAWA,350 Style,JAWA 350 Style,街车,,
,,JAWA,420 Prototype,JAWA 420 Prototype,街车,,
,,JAWA,500R,JAWA 500R,街车,,
,,JAWA,593 Enduro Sport,JAWA 593 Enduro Sport,街车,,
,,JAWA,640 Black Style,JAWA 640 Black Style,街车,,
,,JAWA,640 Sport,JAWA 640 Sport,街车,,
,,JAWA,640 Style De Luxe,JAWA 640 Style De Luxe,街车,,
,,JAWA,640 Tramp,JAWA 640 Tramp,街车,,
,,JAWA,650 Dakar,JAWA 650 Dakar,街车,,
,,JAWA,250,JAWA 250,复古,,
,,JAWA,250 California,JAWA 250 California,复古,,
,,JAWA,350 Californian,JAWA 350 Californian,复古,,
,,JAWA,350 Classic,JAWA 350 Classic,复古,,
,,JAWA,350 Retro Solo,JAWA 350 Retro Solo,复古,,
,,JAWA,350 TS,JAWA 350 TS,复古,,
,,JAWA,350 Type 634.5,JAWA 350 Type 634.5,复古,,
,,JAWA,638,JAWA 638,复古,,
,,JAWA,125 Chopper,JAWA 125 Chopper,巡航,,
,,JAWA,644 Chopper,JAWA 644 Chopper,巡航,,
,,JAWA,125 Dakar,JAWA 125 Dakar,拉力,,
,,JAWA,125 Dandy,JAWA 125 Dandy,拉力,,
,,JAWA,125 Sport,JAWA 125 Sport,拉力,,
,,JAWA,125 Travel,JAWA 125 Travel,拉力,,
,,JAWA,660 Sportard,JAWA 660 Sportard,旅行,,
,,KAMAX,TQ125,KAMAX TQ125,弯梁,"￥10,800",
,,KEEWAY,RKV 200 CG,KEEWAY RKV 200 CG,街车,,
,,KEEWAY,TX 200,KEEWAY TX 200,街车,,
,,KEEWAY,RKV 125,KEEWAY RKV 125,街车,,
,,KEEWAY,RKS 125 SPORT,KEEWAY RKS 125 SPORT,街车,,
,,KEEWAY,X-BLADE 50,KEEWAY X-BLADE 50,踏板,,
,,KEEWAY,CITYBLADE 125,KEEWAY CITYBLADE 125,踏板,,
,,KEEWAY,SUPERLIGHT 125 LIMITED,KEEWAY SUPERLIGHT 125 LIMITED,巡航,,
,,KEEWAY,TX 125 SUPERMOTO,KEEWAY TX 125 SUPERMOTO,拉力,,
,,KEEWAY,TX125 ADV,KEEWAY TX125 ADV,越野,,
奥地利,进口,KTMR2R,790 Duke,KTMR2R 790 Duke,街车,"￥76,500",
奥地利,进口,KTMR2R,390 Duke,KTMR2R 390 Duke,街车,"￥37,800","￥39,800"
奥地利,进口,KTMR2R,250 Duke,KTMR2R 250 Duke,街车,"￥25,000",
奥地利,进口,KTMR2R,1290 Super Duke,KTMR2R 1290 Super Duke,街车,"￥159,000","￥249,800"
奥地利,进口,KTMR2R,690 Duke,KTMR2R 690 Duke,街车,"￥93,800","￥128,000"
奥地利,进口,KTMR2R,200 Duke,KTMR2R 200 Duke,街车,"￥29,800",
奥地利,进口,KTMR2R,890 Duke,KTMR2R 890 Duke,街车,"￥102,500",
奥地利,进口,KTMR2R,790 Adventure,KTMR2R 790 Adventure,拉力,"￥81,800","￥96,800"
奥地利,进口,KTMR2R,390 Adventure,KTMR2R 390 Adventure,拉力,"￥38,900",
奥地利,进口,KTMR2R,1290 Super Adventure,KTMR2R 1290 Super Adventure,拉力,"￥161,800","￥172,800"
奥地利,进口,KTMR2R,890 Adventure,KTMR2R 890 Adventure,拉力,"￥129,800",
奥地利,进口,KTMR2R,1090 Adventure,KTMR2R 1090 Adventure,拉力,"￥149,800","￥166,800"
奥地利,进口,KTMR2R,690 SMC,KTMR2R 690 SMC,拉力,,
奥地利,进口,KTMR2R,690 Enduro,KTMR2R 690 Enduro,拉力,"￥178,000",
奥地利,进口,KTMR2R,1290 Super Duke GT,KTMR2R 1290 Super Duke GT,旅行,"￥221,800",
奥地利,进口,KTMR2R,RC 390,KTMR2R RC 390,跑车,"￥39,980",
奥地利,进口,KTMR2R,RC8,KTMR2R RC8,跑车,"￥178,000","￥266,000"
奥地利,进口,KTMR2R,65 SX,KTMR2R 65 SX,越野,"￥56,000",
奥地利,进口,KTMR2R,85 SX,KTMR2R 85 SX,越野,"￥74,800",
奥地利,进口,KTMR2R,150 SX,KTMR2R 150 SX,越野,"￥128,000",
奥地利,进口,KTMR2R,250 SX-F(海外),KTMR2R 250 SX-F(海外),越野,"￥128,000",
奥地利,进口,KTMR2R,350 SX-F,KTMR2R 350 SX-F,越野,"￥128,000",
奥地利,进口,KTMR2R,450 SX-F,KTMR2R 450 SX-F,越野,"￥138,000",
奥地利,进口,KTMR2R,250 EXC-F,KTMR2R 250 EXC-F,越野,"￥150,000",
奥地利,进口,KTMR2R,450 SMR,KTMR2R 450 SMR,越野,"￥95,800",
奥地利,进口,KTMR2R,Freeride 350,KTMR2R Freeride 350,越野,"￥139,000",
奥地利,进口,KTMR2R,450 EXC,KTMR2R 450 EXC,越野,,
奥地利,进口,KTMR2R,250 EXC,KTMR2R 250 EXC,越野,,
奥地利,进口,KTMR2R,350 EXC-F,KTMR2R 350 EXC-F,越野,"￥93,480","￥97,800"
奥地利,进口,KTMR2R,300 EXC TPI,KTMR2R 300 EXC TPI,越野,"￥92,980","￥105,800"
奥地利,进口,KTMR2R,250 SX-F,KTMR2R 250 SX-F,越野,"￥75,980",
奥地利,进口,KTMR2R,450 EXC-F,KTMR2R 450 EXC-F,越野,"￥106,800",
,,KTMR2R,RC 200,KTMR2R RC 200,跑车,,
,,KTMR2R,RC 250,KTMR2R RC 250,跑车,,
,,KTMR2R,RC16,KTMR2R RC16,跑车,,
,,KTMR2R,RC 125,KTMR2R RC 125,跑车,,
,,KTMR2R,RC 8C,KTMR2R RC 8C,跑车,,
,,KTMR2R,125 Duke,KTMR2R 125 Duke,街车,,
,,KTMR2R,790 Duke Prototype,KTMR2R 790 Duke Prototype,街车,,
,,KTMR2R,620 Duke,KTMR2R 620 Duke,街车,,
,,KTMR2R,640 Duke II,KTMR2R 640 Duke II,街车,,
,,KTMR2R,990 Duke,KTMR2R 990 Duke,街车,,
,,KTMR2R,990 Supermoto,KTMR2R 990 Supermoto,街车,,
,,KTMR2R,125 RS Comet,KTMR2R 125 RS Comet,街车,,
,,KTMR2R,990 SMR,KTMR2R 990 SMR,街车,,
,,KTMR2R,1390 Super Duke,KTMR2R 1390 Super Duke,街车,,
,,KTMR2R,1190 Adventure,KTMR2R 1190 Adventure,拉力,,
,,KTMR2R,1050 Adventure,KTMR2R 1050 Adventure,拉力,,
,,KTMR2R,450 Rally,KTMR2R 450 Rally,拉力,,
,,KTMR2R,990 Adventure,KTMR2R 990 Adventure,拉力,,
,,KTMR2R,620 LC4 Adventure,KTMR2R 620 LC4 Adventure,拉力,,
,,KTMR2R,620 LC4,KTMR2R 620 LC4,拉力,,
,,KTMR2R,620 LC4 Supercomp,KTMR2R 620 LC4 Supercomp,拉力,,
,,KTMR2R,640 LC4,KTMR2R 640 LC4,拉力,,
,,KTMR2R,640 LC4 Adventure,KTMR2R 640 LC4 Adventure,拉力,,
,,KTMR2R,660 Rally,KTMR2R 660 Rally,拉力,,
,,KTMR2R,660 SMC,KTMR2R 660 SMC,拉力,,
,,KTMR2R,690 Supermoto,KTMR2R 690 Supermoto,拉力,,
,,KTMR2R,690 Rally Replica,KTMR2R 690 Rally Replica,拉力,,
,,KTMR2R,950 Adventure,KTMR2R 950 Adventure,拉力,,
,,KTMR2R,950 LC8 Rally,KTMR2R 950 LC8 Rally,拉力,,
,,KTMR2R,950 Supermoto,KTMR2R 950 Supermoto,拉力,,
,,KTMR2R,950 Super Enduro R,KTMR2R 950 Super Enduro R,拉力,,
,,KTMR2R,950 Super Enduro R Erzberg Edition,KTMR2R 950 Super Enduro R Erzberg Edition,拉力,,
,,KTMR2R,990 SMT,KTMR2R 990 SMT,拉力,,
,,KTMR2R,250 Adventure,KTMR2R 250 Adventure,拉力,,
,,KTMR2R,Freeride 250,KTMR2R Freeride 250,越野,,
,,KTMR2R,Freeride E,KTMR2R Freeride E,越野,,
,,KTMR2R,Freeride E-XC,KTMR2R Freeride E-XC,越野,,
,,KTMR2R,50 SX,KTMR2R 50 SX,越野,,
,,KTMR2R,250 SX,KTMR2R 250 SX,越野,,
,,KTMR2R,125 SX,KTMR2R 125 SX,越野,,
,,KTMR2R,105 SX,KTMR2R 105 SX,越野,,
,,KTMR2R,530 EXC,KTMR2R 530 EXC,越野,,
,,KTMR2R,300 XC,KTMR2R 300 XC,越野,,
,,KTMR2R,250 XC,KTMR2R 250 XC,越野,,
,,KTMR2R,150 XC,KTMR2R 150 XC,越野,,
,,KTMR2R,530XC-W,KTMR2R 530XC-W,越野,,
,,KTMR2R,450 XC-W,KTMR2R 450 XC-W,越野,,
,,KTMR2R,200 XC-W,KTMR2R 200 XC-W,越野,,
,,KTMR2R,125 EXC,KTMR2R 125 EXC,越野,,
,,KTMR2R,400 LC4 EGS,KTMR2R 400 LC4 EGS,越野,,
,,KTMR2R,400 EXC,KTMR2R 400 EXC,越野,,
,,KTMR2R,500 K4,KTMR2R 500 K4,越野,,
,,KTMR2R,500 XC-W,KTMR2R 500 XC-W,越野,,
,,KTMR2R,525 EXC,KTMR2R 525 EXC,越野,,
,,KTMR2R,620 RXC,KTMR2R 620 RXC,越野,,
,,KTMR2R,625 SMC,KTMR2R 625 SMC,越野,,
,,KTMR2R,625 SXC,KTMR2R 625 SXC,越野,,
,,KTMR2R,125 GS Enduro,KTMR2R 125 GS Enduro,越野,,
,,KTMR2R,125 Sting,KTMR2R 125 Sting,越野,,
,,KTMR2R,200 EXC,KTMR2R 200 EXC,越野,,
,,KTMR2R,250 XC-F,KTMR2R 250 XC-F,越野,,
,,KTMR2R,250 XCF-W,KTMR2R 250 XCF-W,越野,,
,,KTMR2R,350 XC-F,KTMR2R 350 XC-F,越野,,
,,KTMR2R,500 EXC,KTMR2R 500 EXC,越野,,
,,LAMBRETTA,V50 Special,LAMBRETTA V50 Special,踏板,,
,,LAMBRETTA,V125 Special,LAMBRETTA V125 Special,踏板,,
,,LAMBRETTA,V200 Special,LAMBRETTA V200 Special,踏板,,
,,LAMBRETTA,G350,LAMBRETTA G350,踏板,"￥36,800",
,,LAMBRETTA,X300,LAMBRETTA X300,踏板,,
,,LAZARETH,LM 847,LAZARETH LM 847,巡航,,
,,MALAGUTI,RST 125,MALAGUTI RST 125,跑车,,
,,MALAGUTI,MONTE PRO125,MALAGUTI MONTE PRO125,街车,,
,,MALAGUTI,MADISON 300,MALAGUTI MADISON 300,踏板,,
,,MALAGUTI,XSM 125,MALAGUTI XSM 125,越野,,
,,MALAGUTI,XSM 50,MALAGUTI XSM 50,越野,,
,,MALAGUTI,XTM 125,MALAGUTI XTM 125,越野,,
,,MALAGUTI,XTM 50,MALAGUTI XTM 50,越野,,
,,MALAGUTI,DUNE 125,MALAGUTI DUNE 125,越野,,
,,MASH,Fifty 50,MASH Fifty 50,复古,,
,,MASH,Black Seven LC 125,MASH Black Seven LC 125,复古,,
,,MASH,British Seven 125,MASH British Seven 125,复古,,
,,MASH,Seventy 125,MASH Seventy 125,复古,,
,,MASH,Two Fifty 250,MASH Two Fifty 250,复古,,
,,MASH,Five Hundred 400,MASH Five Hundred 400,复古,,
,,MASH,Dirt Track 650,MASH Dirt Track 650,复古,,
,,MASH,Six Hundred 650,MASH Six Hundred 650,复古,,
,,MASH,X-Ride 50,MASH X-Ride 50,拉力,,
,,MASH,X-Ride 125,MASH X-Ride 125,拉力,,
,,MASH,X-Ride 650,MASH X-Ride 650,拉力,,
,,MASH,Side Force 400,MASH Side Force 400,三轮,,
,,MBP,F125,MBP F125,街车,,
,,MBP,N250R,MBP N250R,街车,,
,,MBP,Feelink C150Mate,MBP Feelink C150Mate,踏板,"￥9,980",
,,MBP,Feelink S150,MBP Feelink S150,踏板,"￥11,980","￥12,180"
,,MBP,Feelink X,MBP Feelink X,踏板,"￥14,980","￥21,980"
,,MBP,Feelink C150,MBP Feelink C150,踏板,"￥12,980","￥13,280"
,,MBP,Feelink U150,MBP Feelink U150,踏板,"￥11,980",
,,MBP,Feelink C150 Iron,MBP Feelink C150 Iron,踏板,,
,,MBP,C325LS,MBP C325LS,巡航,,
,,MBP,Finder 250,MBP Finder 250,拉力,,
,,MBY,MR150,MBY MR150,踏板,"￥8,800","￥9,900"
,,MBY,玉兔,MBY 玉兔,踏板,,
,,MBY,坦克,MBY 坦克,MINI,"￥7,880",
,,MBY,Mini A,MBY Mini A,MINI,,
,,MEGELLI,Sport 125,MEGELLI Sport 125,跑车,,
,,MEGELLI,Naked 125S,MEGELLI Naked 125S,街车,,
,,MEGELLI,Motard 125M,MEGELLI Motard 125M,越野,,
,,MOTOFINO,探越,MOTOFINO 探越,踏板,"￥9,980",
,,MOTOFINO,小马300,MOTOFINO 小马300,巡航,"￥23,980",
,,OHVALE,GP-0 190,OHVALE GP-0 190,跑车,,
,,OHVALE,GP-0 160,OHVALE GP-0 160,跑车,,
,,OHVALE,GP-0 110,OHVALE GP-0 110,跑车,,
,,PGO,J-bubu 125,PGO J-bubu 125,踏板,,
,,PGO,J-bubu 115,PGO J-bubu 115,踏板,,
,,PHANTOM,EG,PHANTOM EG,复古,,
,国产,QJMOTOR,赛550S,QJMOTOR 赛550S,跑车,"￥29,999",
,国产,QJMOTOR,赛600,QJMOTOR 赛600,跑车,"￥39,999","￥50,999"
,国产,QJMOTOR,赛250,QJMOTOR 赛250,跑车,"￥15,999","￥19,999"
,国产,QJMOTOR,赛800,QJMOTOR 赛800,跑车,"￥52,999",
,国产,QJMOTOR,赛921,QJMOTOR 赛921,跑车,"￥69,999",
,国产,QJMOTOR,赛450,QJMOTOR 赛450,跑车,"￥28,999",
,国产,QJMOTOR,赛400,QJMOTOR 赛400,跑车,"￥23,999",
,国产,QJMOTOR,赛150,QJMOTOR 赛150,跑车,"￥13,999",
,国产,QJMOTOR,赛350,QJMOTOR 赛350,跑车,"￥28,999",
,,QJMOTOR,QJ400GS-16R,QJMOTOR QJ400GS-16R,跑车,,
,,QJMOTOR,赛1000,QJMOTOR 赛1000,跑车,,
,,QJMOTOR,赛650,QJMOTOR 赛650,跑车,,
,,QJMOTOR,赛700,QJMOTOR 赛700,跑车,,
,,QJMOTOR,Moto3赛道车QJ,QJMOTOR Moto3赛道车QJ,跑车,,
,国产,QJMOTOR,追600,QJMOTOR 追600,街车,"￥36,999","￥49,999"
,国产,QJMOTOR,追550,QJMOTOR 追550,街车,"￥26,999",
,国产,QJMOTOR,追350,QJMOTOR 追350,街车,"￥26,999",
,国产,QJMOTOR,追700,QJMOTOR 追700,街车,"￥39,999",
,国产,QJMOTOR,追150,QJMOTOR 追150,街车,"￥12,999",
,,QJMOTOR,追400,QJMOTOR 追400,街车,,
,,QJMOTOR,追900,QJMOTOR 追900,街车,,
,国产,QJMOTOR,鸿250,QJMOTOR 鸿250,踏板,"￥17,999",
,国产,QJMOTOR,鸿125,QJMOTOR 鸿125,踏板,"￥7,999","￥10,699"
,国产,QJMOTOR,鸿150ADV,QJMOTOR 鸿150ADV,踏板,"￥12,999","￥13,999"
,国产,QJMOTOR,鸿150,QJMOTOR 鸿150,踏板,"￥12,999","￥13,999"
,国产,QJMOTOR,阳光壹米,QJMOTOR 阳光壹米,踏板,"￥8,999","￥10,999"
,国产,QJMOTOR,鸿350,QJMOTOR 鸿350,踏板,"￥36,999",
,国产,QJMOTOR,阳光迪诺,QJMOTOR 阳光迪诺,踏板,"￥12,980",
,国产,QJMOTOR,迪诺,QJMOTOR 迪诺,踏板,"￥13,980",
,国产,QJMOTOR,壹米150,QJMOTOR 壹米150,踏板,"￥13,999",
,国产,QJMOTOR,菲诺125,QJMOTOR 菲诺125,踏板,"￥8,999",
,国产,QJMOTOR,大熊150,QJMOTOR 大熊150,踏板,"￥13,999",
,,QJMOTOR,QJ125T-27L,QJMOTOR QJ125T-27L,踏板,,
,,QJMOTOR,QJ350T-5,QJMOTOR QJ350T-5,踏板,,
,,QJMOTOR,QJ250T-23E,QJMOTOR QJ250T-23E,踏板,,
,,QJMOTOR,QJ250T-23H,QJMOTOR QJ250T-23H,踏板,,
,国产,QJMOTOR,逸250,QJMOTOR 逸250,复古,"￥15,999",
,国产,QJMOTOR,逸550,QJMOTOR 逸550,复古,"￥33,999",
,国产,QJMOTOR,逸500,QJMOTOR 逸500,复古,"￥23,999",
,国产,QJMOTOR,闪300,QJMOTOR 闪300,巡航,"￥22,999","￥23,999"
,国产,QJMOTOR,闪600,QJMOTOR 闪600,巡航,"￥35,999",
,国产,QJMOTOR,闪350,QJMOTOR 闪350,巡航,"￥24,999",
,国产,QJMOTOR,闪250,QJMOTOR 闪250,巡航,"￥17,999",
,国产,QJMOTOR,闪150,QJMOTOR 闪150,巡航,"￥12,999","￥13,999"
,国产,QJMOTOR,闪700,QJMOTOR 闪700,巡航,"￥39,999",
,国产,QJMOTOR,闪500S,QJMOTOR 闪500S,巡航,"￥28,999","￥29,999"
,,QJMOTOR,闪550,QJMOTOR 闪550,巡航,,
,国产,QJMOTOR,骁600,QJMOTOR 骁600,拉力,"￥29,999","￥33,999"
,国产,QJMOTOR,骁700S,QJMOTOR 骁700S,拉力,"￥37,999","￥41,999"
,国产,QJMOTOR,骁650,QJMOTOR 骁650,拉力,"￥41,999","￥45,999"
,国产,QJMOTOR,骁500,QJMOTOR 骁500,拉力,"￥38,999","￥46,719"
,国产,QJMOTOR,骁750,QJMOTOR 骁750,拉力,"￥49,999","￥57,719"
,国产,QJMOTOR,骁800,QJMOTOR 骁800,拉力,"￥49,999","￥53,999"
,,QJMOTOR,QJ 1200-3,QJMOTOR QJ 1200-3,旅行,,
,国产,QJMOTOR,骁600 Tour,QJMOTOR 骁600 Tour,旅行,"￥56,999",
,,QJMOTOR,追125,QJMOTOR 追125,MINI,,
,国产,QJMOTOR,闪300+,QJMOTOR 闪300+,三轮,"￥31,999",
,国产,QJMOTOR,闪500+,QJMOTOR 闪500+,三轮,"￥38,999",
,国产,QJMOTOR,闪350+,QJMOTOR 闪350+,三轮,"￥33,980",
,国产,QJMOTOR,骁800+,QJMOTOR 骁800+,三轮,"￥52,980",
,国产,QJMOTOR,ATV1000,QJMOTOR ATV1000,其他,"￥69,999",
,,QOODER,Qooder,QOODER Qooder,踏板,,
,,QOODER,QV 3,QOODER QV 3,三轮,,
,,ROEHR,1250sc,ROEHR 1250sc,跑车,,
,,ROKON,Trail Breaker,ROKON Trail Breaker,越野,,
英国,进口,ROYAL ALLOY,GP150 Sidecar,ROYAL ALLOY GP150 Sidecar,三轮,"￥28,800",
英国,进口,ROYAL ALLOY,GP250 Sidecar,ROYAL ALLOY GP250 Sidecar,三轮,"￥35,800",
英国,进口,ROYAL ALLOY,TG250 Sidecar,ROYAL ALLOY TG250 Sidecar,三轮,"￥36,800",
英国,进口,ROYAL ALLOY,GP250 MT Cross,ROYAL ALLOY GP250 MT Cross,踏板,"￥25,800",
英国,进口,ROYAL ALLOY,GP150(进口),ROYAL ALLOY GP150(进口),踏板,"￥27,300","￥33,800"
英国,进口,ROYAL ALLOY,GP200S,ROYAL ALLOY GP200S,踏板,"￥32,800",
英国,进口,ROYAL ALLOY,TG300S(进口),ROYAL ALLOY TG300S(进口),踏板,"￥39,800",
英国,进口,ROYAL ALLOY,TV175(进口),ROYAL ALLOY TV175(进口),踏板,"￥27,800",
英国,进口,ROYAL ALLOY,GP300S(进口),ROYAL ALLOY GP300S(进口),踏板,"￥38,800",
英国,进口,ROYAL ALLOY,TG150(进口),ROYAL ALLOY TG150(进口),踏板,"￥28,800",
英国,进口,ROYAL ALLOY,GT150,ROYAL ALLOY GT150,踏板,"￥14,980","￥16,480"
英国,进口,ROYAL ALLOY,TG250 Cross,ROYAL ALLOY TG250 Cross,踏板,"￥26,800",
,,SOUO,S 2000,SOUO S 2000,旅行,,
意大利,进口,SWM,Ace of Spades 125 黑桃A,SWM Ace of Spades 125 黑桃A,复古,"￥10,800",
意大利,进口,SWM,SD 650,SWM SD 650,拉力,"￥49,800",
意大利,进口,SWM,SM 500,SWM SM 500,越野,"￥47,800",
意大利,进口,SWM,RS300 R,SWM RS300 R,越野,"￥63,800",
意大利,进口,SWM,RS500 R,SWM RS500 R,越野,"￥67,800",
,,SWM,Gran Milano 440,SWM Gran Milano 440,复古,,
,,SWM,Silver Vase 440,SWM Silver Vase 440,复古,,
意大利,进口,SWM,SM 650,SWM SM 650,越野,"￥69,800",
,,SWM,Outlaw 125 歹徒,SWM Outlaw 125 歹徒,复古,,
,,SWM,Superdual X,SWM Superdual X,拉力,,
,,SWM,RS650R,SWM RS650R,越野,,
,,SWM,SW 500GY,SWM SW 500GY,越野,,
意大利,进口,SWM,SM 150,SWM SM 150,越野,"￥21,800",
,国产,SYM三阳,中华T1,SYM三阳 中华T1,街车,"￥12,160",
,国产,SYM三阳,野狼125 II,SYM三阳 野狼125 II,街车,"￥5,000",
,国产,SYM三阳,中华方灯,SYM三阳 中华方灯,街车,"￥5,000",
,国产,SYM三阳,T2,SYM三阳 T2,街车,"￥23,200",
,,SYM三阳,Wolf SB 125 Ni,SYM三阳 Wolf SB 125 Ni,街车,,
,,SYM三阳,Wolf SB 250Ni,SYM三阳 Wolf SB 250Ni,街车,,
,,SYM三阳,XS 125-K,SYM三阳 XS 125-K,街车,,
,国产,SYM三阳,Fiddle,SYM三阳 Fiddle,踏板,"￥12,980","￥14,980"
,国产,SYM三阳,Husky ADV 150,SYM三阳 Husky ADV 150,踏板,"￥18,980","￥20,980"
,国产,SYM三阳,巡弋 Cruisym150,SYM三阳 巡弋 Cruisym150,踏板,"￥15,980",
,国产,SYM三阳,巡弋 Cruisym150GT,SYM三阳 巡弋 Cruisym150GT,踏板,"￥16,980",
,国产,SYM三阳,Joymax Z 300,SYM三阳 Joymax Z 300,踏板,"￥31,800",
,国产,SYM三阳,MMBCU,SYM三阳 MMBCU,踏板,"￥17,980","￥28,800"
,国产,SYM三阳,Husky ADV 300,SYM三阳 Husky ADV 300,踏板,"￥31,800",
,国产,SYM三阳,巡弋 Cruisym300,SYM三阳 巡弋 Cruisym300,踏板,"￥44,800",
,国产,SYM三阳,DRG,SYM三阳 DRG,踏板,"￥18,980",
,国产,SYM三阳,CLBCU,SYM三阳 CLBCU,踏板,"￥8,680","￥9,980"
,国产,SYM三阳,JET SL,SYM三阳 JET SL,踏板,"￥12,980",
,国产,SYM三阳,MAXSYM TL,SYM三阳 MAXSYM TL,踏板,"￥82,800",
,国产,SYM三阳,Joymax F 300,SYM三阳 Joymax F 300,踏板,"￥23,800",
,国产,SYM三阳,巡弋 Cruisym150X,SYM三阳 巡弋 Cruisym150X,踏板,"￥18,800",
,国产,SYM三阳,MaxSym 400,SYM三阳 MaxSym 400,踏板,"￥54,800",
,国产,SYM三阳,FNX150,SYM三阳 FNX150,踏板,"￥16,800",
,国产,SYM三阳,4MICA,SYM三阳 4MICA,踏板,"￥11,980",
,国产,SYM三阳,小钢侠 CROX,SYM三阳 小钢侠 CROX,踏板,"￥11,800","￥15,800"
,国产,SYM三阳,Tini110,SYM三阳 Tini110,踏板,"￥7,980",
,国产,SYM三阳,Taking 50i,SYM三阳 Taking 50i,踏板,"￥7,980",
,国产,SYM三阳,Taking 110i,SYM三阳 Taking 110i,踏板,"￥7,980",
,国产,SYM三阳,悍将,SYM三阳 悍将,踏板,"￥7,980","￥9,680"
,国产,SYM三阳,GR150 电喷版,SYM三阳 GR150 电喷版,踏板,"￥11,480",
,国产,SYM三阳,Symphony SR,SYM三阳 Symphony SR,踏板,"￥15,422",
,国产,SYM三阳,JET Power,SYM三阳 JET Power,踏板,"￥13,277",
,国产,SYM三阳,XS175T,SYM三阳 XS175T,踏板,"￥16,800",
,,SYM三阳,巡弋 Cruisym180,SYM三阳 巡弋 Cruisym180,踏板,,
,国产,SYM三阳,F1 super,SYM三阳 F1 super,踏板,"￥6,800",
,国产,SYM三阳,GR125,SYM三阳 GR125,踏板,"￥7,971","￥9,980"
,,SYM三阳,悍将Ⅲ代,SYM三阳 悍将Ⅲ代,踏板,,
,国产,SYM三阳,RV250,SYM三阳 RV250,踏板,"￥49,558",
,,SYM三阳,ORBIT Ⅱ50 Naked,SYM三阳 ORBIT Ⅱ50 Naked,踏板,,
,,SYM三阳,TONIK(出口版),SYM三阳 TONIK(出口版),踏板,,
,,SYM三阳,FNX 125,SYM三阳 FNX 125,踏板,,
,,SYM三阳,Allo 125 Classic,SYM三阳 Allo 125 Classic,踏板,,
,,SYM三阳,Allo 150 Classic,SYM三阳 Allo 150 Classic,踏板,,
,,SYM三阳,Citicom 125,SYM三阳 Citicom 125,踏板,,
,,SYM三阳,Citicom 300i,SYM三阳 Citicom 300i,踏板,,
,,SYM三阳,ComBiz 125,SYM三阳 ComBiz 125,踏板,,
,,SYM三阳,Fiddle II 50,SYM三阳 Fiddle II 50,踏板,,
,,SYM三阳,Fiddle II 125,SYM三阳 Fiddle II 125,踏板,,
,,SYM三阳,Fiddle II 150,SYM三阳 Fiddle II 150,踏板,,
,,SYM三阳,Joymax 125 evo,SYM三阳 Joymax 125 evo,踏板,,
,,SYM三阳,Joymax 300i evo,SYM三阳 Joymax 300i evo,踏板,,
,,SYM三阳,CBS 125,SYM三阳 CBS 125,踏板,,
,,SYM三阳,CBS 200,SYM三阳 CBS 200,踏板,,
,,SYM三阳,Jet4 50,SYM三阳 Jet4 50,踏板,,
,,SYM三阳,Jet4 125,SYM三阳 Jet4 125,踏板,,
,,SYM三阳,Jet V 125,SYM三阳 Jet V 125,踏板,,
,,SYM三阳,JoyRide 125 evo,SYM三阳 JoyRide 125 evo,踏板,,
,,SYM三阳,JoyRide 200i evo,SYM三阳 JoyRide 200i evo,踏板,,
,,SYM三阳,MaxSym 600i,SYM三阳 MaxSym 600i,踏板,,
,,SYM三阳,Mio 100,SYM三阳 Mio 100,踏板,,
,,SYM三阳,Symphony S 50,SYM三阳 Symphony S 50,踏板,,
,,SYM三阳,Symphony S 125,SYM三阳 Symphony S 125,踏板,,
,,SYM三阳,Symphony S 150,SYM三阳 Symphony S 150,踏板,,
,,SYM三阳,Symply 50,SYM三阳 Symply 50,踏板,,
,,SYM三阳,Symply II 125,SYM三阳 Symply II 125,踏板,,
,,SYM三阳,Tonik 50,SYM三阳 Tonik 50,踏板,,
,,SYM三阳,Tonik 125,SYM三阳 Tonik 125,踏板,,
,,SYM三阳,VS 125,SYM三阳 VS 125,踏板,,
,,SYM三阳,VS 150,SYM三阳 VS 150,踏板,,
,,SYM三阳,X'Pro 50,SYM三阳 X'Pro 50,踏板,,
,,SYM三阳,X'Pro 125,SYM三阳 X'Pro 125,踏板,,
,,SYM三阳,Z1 attila,SYM三阳 Z1 attila,踏板,,
,,SYM三阳,Z1,SYM三阳 Z1,踏板,,
,,SYM三阳,KRNBT,SYM三阳 KRNBT,踏板,,
,,SYM三阳,XS400T,SYM三阳 XS400T,踏板,,
,,SYM三阳,XS125T-22,SYM三阳 XS125T-22,踏板,,
,国产,SYM三阳,野狼 300i,SYM三阳 野狼 300i,复古,"￥36,800",
,国产,SYM三阳,NH-T,SYM三阳 NH-T,拉力,"￥15,980",
,国产,SYM三阳,Magic SR,SYM三阳 Magic SR,弯梁,"￥6,880",
,,SYM三阳,Symba 100,SYM三阳 Symba 100,弯梁,,
,,TM,RACING Enduro 125 Fi,TM RACING Enduro 125 Fi,越野,,
,,TM,RACING Enduro 144 Fi,TM RACING Enduro 144 Fi,越野,,
,,TM,RACING Enduro 250 ES,TM RACING Enduro 250 ES,越野,,
,,TM,RACING Enduro 250 Fi,TM RACING Enduro 250 Fi,越野,,
,,TM,RACING Enduro 300 ES,TM RACING Enduro 300 ES,越野,,
,,TM,RACING Enduro 300 Fi,TM RACING Enduro 300 Fi,越野,,
,,TM,RACING Enduro 450 Fi,TM RACING Enduro 450 Fi,越野,,
,,TM,RACING Flat Track 450Fi,TM RACING Flat Track 450Fi,越野,,
,,TM,RACING Motocross 85,TM RACING Motocross 85,越野,,
,,TM,RACING Motocross 125,TM RACING Motocross 125,越野,,
,,TM,RACING Motocross 144,TM RACING Motocross 144,越野,,
,,TM,RACING Motocross 250,TM RACING Motocross 250,越野,,
,,TM,RACING Motocross 300,TM RACING Motocross 300,越野,,
,,TM,RACING Motocross 450,TM RACING Motocross 450,越野,,
,,TM,RACING SMR 125,TM RACING SMR 125,越野,,
,,TM,RACING SMR 300,TM RACING SMR 300,越野,,
,,TM,RACING SMR 450,TM RACING SMR 450,越野,,
,,TM,RACING SMX 85,TM RACING SMX 85,越野,,
,,TM,RACING SMX 300,TM RACING SMX 300,越野,,
,,TRAVERTSON,V-REX,TRAVERTSON V-REX,巡航,,
,,UK,幽客400,UK 幽客400,复古,"￥27,800","￥28,800"
,,UK,幽客250,UK 幽客250,复古,"￥18,800","￥19,800"
,,UK,Legend,UK Legend,复古,"￥25,800","￥28,800"
,,UM,Scrambler Classic,UM Scrambler Classic,街车,,
,,UM,RENEGADE SPORT,UM RENEGADE SPORT,巡航,,
,,UM,Commando Classic,UM Commando Classic,巡航,,
,,UM,Commando 125,UM Commando 125,巡航,,
,,UM,Adventure 125,UM Adventure 125,越野,,
,,UM,SM 125,UM SM 125,越野,,
,,UM,EX 125,UM EX 125,越野,,
,,VELOCETTE,Veloce 2.25 hp,VELOCETTE Veloce 2.25 hp,复古,,
,,VELOCETTE,Veloce 3.5 hp,VELOCETTE Veloce 3.5 hp,复古,,
,,VELOCETTE,A - H (some images),VELOCETTE A - H (some images),复古,,
,,VELOCETTE,GTP,VELOCETTE GTP,复古,,
,,VELOCETTE,"K, KT, KS, KE, KES, KN, KNS","VELOCETTE K, KT, KS, KE, KES, KN, KNS",复古,,
,,VELOCETTE,"KTP, KTS Mk I, Mk II","VELOCETTE KTP, KTS Mk I, Mk II",复古,,
,,VELOCETTE,KTT Mk VI - VIII,VELOCETTE KTT Mk VI - VIII,复古,,
,,VELOCETTE,LE MK I,VELOCETTE LE MK I,复古,,
,,VELOCETTE,LE MK II,VELOCETTE LE MK II,复古,,
,,VELOCETTE,LE MK III,VELOCETTE LE MK III,复古,,
,,VELOCETTE,MAC,VELOCETTE MAC,复古,,
,,VELOCETTE,MAF,VELOCETTE MAF,复古,,
,,VELOCETTE,MOV,VELOCETTE MOV,复古,,
,,VELOCETTE,MSS,VELOCETTE MSS,复古,,
,,VELOCETTE,MSS Velocette MSS Compé-client,VELOCETTE MSS Velocette MSS Compé-client,复古,,
,,VELOCETTE,MT 500,VELOCETTE MT 500,复古,,
,,VELOCETTE,Thruxton Endurance,VELOCETTE Thruxton Endurance,复古,,
,,VELOCETTE,U,VELOCETTE U,复古,,
,,VELOCETTE,USS,VELOCETTE USS,复古,,
,,VELOCETTE,Valiant,VELOCETTE Valiant,复古,,
,,VELOCETTE,Venom,VELOCETTE Venom,复古,,
,,VELOCETTE,Venom Clubman,VELOCETTE Venom Clubman,复古,,
,,VELOCETTE,Venom Scrambler,VELOCETTE Venom Scrambler,复古,,
,,VELOCETTE,Venom Thruxton,VELOCETTE Venom Thruxton,复古,,
,,VELOCETTE,Viper Clubman,VELOCETTE Viper Clubman,复古,,
,,VELOCETTE,Viper Scrambler,VELOCETTE Viper Scrambler,复古,,
,,VELOCETTE,Vogue LE,VELOCETTE Vogue LE,复古,,
,,VELOCETTE,Supercharged 500,VELOCETTE Supercharged 500,巡航,,
,,VENT,Baja 50,VENT Baja 50,拉力,,
,,VENT,Baja 125,VENT Baja 125,拉力,,
,,VENT,Baja 125 RR,VENT Baja 125 RR,拉力,,
,,VENT,DERAPAGE 50,VENT DERAPAGE 50,拉力,,
,,VENT,DERAPAGE 50 RR,VENT DERAPAGE 50 RR,拉力,,
,,VENT,DERAPAGE 125,VENT DERAPAGE 125,拉力,,
,,VENT,DERAPAGE 125 RR,VENT DERAPAGE 125 RR,拉力,,
,,VENT,TRAIL 125,VENT TRAIL 125,越野,,
意大利,进口,VESPA,Sprint 150,VESPA Sprint 150,踏板,"￥35,500","￥49,800"
意大利,进口,VESPA,Primavera 150,VESPA Primavera 150,踏板,"￥34,500","￥37,000"
意大利,进口,VESPA,GTS,VESPA GTS,踏板,"￥51,800","￥58,800"
意大利,进口,VESPA,946,VESPA 946,踏板,"￥138,000","￥220,000"
意大利,进口,VESPA,GTV,VESPA GTV,踏板,"￥55,800","￥58,800"
意大利,进口,VESPA,Sei Giorni,VESPA Sei Giorni,踏板,"￥54,800",
意大利,进口,VESPA,GTS 300 IE,VESPA GTS 300 IE,踏板,"￥37,968",
意大利,进口,VESPA,LX150,VESPA LX150,踏板,"￥31,800",
意大利,进口,VESPA,Six Days,VESPA Six Days,踏板,"￥75,800",
意大利,进口,VESPA,GTS 300 IE,VESPA GTS 300 IE,踏板,,
意大利,进口,VESPA,GTS Touring,VESPA GTS Touring,踏板,"￥49,800",
,,VESPA,50 Allunga,VESPA 50 Allunga,街车,,
意大利,进口,VESPA,S 150 IE,VESPA S 150 IE,踏板,"￥28,475",
意大利,进口,VESPA,GTS 300 IE Super,VESPA GTS 300 IE Super,踏板,"￥39,234",
意大利,进口,VESPA,GTS 300,VESPA GTS 300,踏板,"￥66,000",
意大利,进口,VESPA,Sprint 150碳纤维限量版,VESPA Sprint 150碳纤维限量版,踏板,"￥34,000",
意大利,进口,VESPA,GTS 300 Super,VESPA GTS 300 Super,踏板,"￥48,000","￥69,800"
意大利,进口,VESPA,Sei Giorni(六日纪念版),VESPA Sei Giorni(六日纪念版),踏板,"￥75,800",
,,VESPA,GTS125 i-get,VESPA GTS125 i-get,踏板,,
,,VESPA,GTS150 i-get,VESPA GTS150 i-get,踏板,,
,,VESPA,S50 Sport SE,VESPA S50 Sport SE,踏板,,
,,VESPA,S150 Sport SE,VESPA S150 Sport SE,踏板,,
,,VESPA,Primavera 50,VESPA Primavera 50,踏板,,
,,VESPA,Primavera 50 Yacht Club,VESPA Primavera 50 Yacht Club,踏板,,
,,VESPA,VX125,VESPA VX125,踏板,,
,,VESPA,S 125,VESPA S 125,踏板,,
,,VESPA,50,VESPA 50,踏板,,
,,VESPA,50 Elestart,VESPA 50 Elestart,踏板,,
,,VESPA,50 Super Sprint,VESPA 50 Super Sprint,踏板,,
,,VESPA,90,VESPA 90,踏板,,
,,VESPA,98,VESPA 98,踏板,,
,,VESPA,98 Corsa,VESPA 98 Corsa,踏板,,
,,VESPA,100,VESPA 100,踏板,,
,,VESPA,125,VESPA 125,踏板,,
,,VESPA,125 GT / Sprint,VESPA 125 GT / Sprint,踏板,,
,,VESPA,125 GTR,VESPA 125 GTR,踏板,,
,,VESPA,Primavera 125,VESPA Primavera 125,踏板,,
,,VESPA,125 Utilitaria,VESPA 125 Utilitaria,踏板,,
,,VESPA,150 Cosa,VESPA 150 Cosa,踏板,,
,,VESPA,150GL,VESPA 150GL,踏板,,
,,VESPA,150GS,VESPA 150GS,踏板,,
,,VESPA,150 Sprint,VESPA 150 Sprint,踏板,,
,,VESPA,150 / 150 Super,VESPA 150 / 150 Super,踏板,,
,,VESPA,150 TAP,VESPA 150 TAP,踏板,,
,,VESPA,160GS,VESPA 160GS,踏板,,
,,VESPA,180 Rally,VESPA 180 Rally,踏板,,
,,VESPA,180 Super Sport,VESPA 180 Super Sport,踏板,,
,,VESPA,200 Cosa,VESPA 200 Cosa,踏板,,
,,VESPA,200 Rally,VESPA 200 Rally,踏板,,
,,VESPA,ET2 50,VESPA ET2 50,踏板,,
,,VESPA,ET4 50,VESPA ET4 50,踏板,,
,,VESPA,GT 200 L,VESPA GT 200 L,踏板,,
,,VESPA,GTS 125 Super,VESPA GTS 125 Super,踏板,,
,,VESPA,GTS 125 Super Sport,VESPA GTS 125 Super Sport,踏板,,
,,VESPA,GTS 300 IE Super,VESPA GTS 300 IE Super,踏板,,
,,VESPA,GTS 300 IE Super ABS,VESPA GTS 300 IE Super ABS,踏板,,
,,VESPA,GTS 300 4V ABS ASR,VESPA GTS 300 4V ABS ASR,踏板,,
,,VESPA,GTS 300 Super Touring,VESPA GTS 300 Super Touring,踏板,,
,,VESPA,GTS 300 Notte,VESPA GTS 300 Notte,踏板,,
,,VESPA,GTS 300 HPE Basic,VESPA GTS 300 HPE Basic,踏板,,
,,VESPA,GTS 300 HPE Super,VESPA GTS 300 HPE Super,踏板,,
,,VESPA,GTS 300 HPE Touring,VESPA GTS 300 HPE Touring,踏板,,
,,VESPA,LX 50 2T,VESPA LX 50 2T,踏板,,
,,VESPA,LX 150 IE and S150 IE,VESPA LX 150 IE and S150 IE,踏板,,
,,VESPA,P80,VESPA P80,踏板,,
,,VESPA,PK 50 Models,VESPA PK 50 Models,踏板,,
,,VESPA,PK 50 N Speedmatic,VESPA PK 50 N Speedmatic,踏板,,
,,VESPA,PK 125,VESPA PK 125,踏板,,
,,VESPA,PK 125ETS,VESPA PK 125ETS,踏板,,
,,VESPA,PX 125T5,VESPA PX 125T5,踏板,,
,,VESPA,P 150S / X,VESPA P 150S / X,踏板,,
,,VESPA,P 200E,VESPA P 200E,踏板,,
,,VESPA,PX 200E,VESPA PX 200E,踏板,,
,,VESPA,Primavera 50 50th Anniversary S.E.,VESPA Primavera 50 50th Anniversary S.E.,踏板,,
,,VESPA,Primavera 125,VESPA Primavera 125,踏板,,
,,VESPA,Primavera 150 50th Anniversary S.E.,VESPA Primavera 150 50th Anniversary S.E.,踏板,,
,,VESPA,Primavera 150 Yacht Club,VESPA Primavera 150 Yacht Club,踏板,,
,,VESPA,Quarantasei Concept,VESPA Quarantasei Concept,踏板,,
,,VESPA,S 150 Sport SE,VESPA S 150 Sport SE,踏板,,
,,VESPA,Sei Giorni Limited Edition,VESPA Sei Giorni Limited Edition,踏板,,
,,VESPA,Sprint 125 IGET ABS,VESPA Sprint 125 IGET ABS,踏板,,
,,VESPA,Sprint 150S ABS,VESPA Sprint 150S ABS,踏板,,
,,VESPA,Sprint 150S IGET ABS,VESPA Sprint 150S IGET ABS,踏板,,
意大利,进口,VESPA,Sprint 150 Notte,VESPA Sprint 150 Notte,踏板,"￥35,600",
,,VESPA,S 150,VESPA S 150,踏板,,
,,VESPA,S 50,VESPA S 50,踏板,,
,,VESPA,LX 150 Touring,VESPA LX 150 Touring,踏板,,
,,VINS,Duecinquanta Strada,VINS Duecinquanta Strada,跑车,,
,,VINS,Duecinquanta Competizione,VINS Duecinquanta Competizione,跑车,,
,国产,X-WEDGE新威骑,探路者 RX2000,X-WEDGE新威骑 探路者 RX2000,巡航,"￥78,000",
,国产,X-WEDGE新威骑,漫游者 RL2000,X-WEDGE新威骑 漫游者 RL2000,巡航,"￥128,000",
,国产,X-WEDGE新威骑,天行者 WR1000,X-WEDGE新威骑 天行者 WR1000,三轮,"￥96,000",
,国产,X-WEDGE新威骑,领航者 VT2000,X-WEDGE新威骑 领航者 VT2000,三轮,"￥218,000",
,国产,X-WEDGE新威骑,环游者 VS2000,X-WEDGE新威骑 环游者 VS2000,三轮,"￥168,000",
,,ZERO,S,ZERO S,街车,,
,,ZERO,DS ZF6,ZERO DS ZF6,越野,,
,,阿波罗,RXF50,阿波罗 RXF50,越野,"￥3,980",
,,阿波罗,RXF110,阿波罗 RXF110,越野,"￥4,480",
,,阿波罗,RXF125,阿波罗 RXF125,越野,"￥5,180",
,,阿波罗,Commander 200,阿波罗 Commander 200,其他,"￥12,800",
,,阿诺斯,GY150T-6A,阿诺斯 GY150T-6A,踏板,,
,,阿诺斯,GY150T-6,阿诺斯 GY150T-6,踏板,,
,,阿诺斯,GY150T-6B,阿诺斯 GY150T-6B,踏板,,
意大利,进口,阿普利亚,Stx Cafe 125,阿普利亚 Stx Cafe 125,复古,"￥14,980",
意大利,进口,阿普利亚,APR125-2F,阿普利亚 APR125-2F,复古,"￥14,980",
意大利,进口,阿普利亚,Tuono 660,阿普利亚 Tuono 660,街车,"￥118,800","￥121,800"
意大利,进口,阿普利亚,Tuono V4,阿普利亚 Tuono V4,街车,"￥158,000",
意大利,进口,阿普利亚,Mana 850,阿普利亚 Mana 850,街车,"￥158,000",
意大利,进口,阿普利亚,APR150-5A,阿普利亚 APR150-5A,街车,"￥17,136",
意大利,进口,阿普利亚,APR150-5,阿普利亚 APR150-5,街车,"￥17,000",
意大利,进口,阿普利亚,Tuono V4 1100 RR,阿普利亚 Tuono V4 1100 RR,街车,"￥208,000",
意大利,进口,阿普利亚,Tuareg 660,阿普利亚 Tuareg 660,拉力,"￥119,900","￥121,800"
意大利,进口,阿普利亚,Caponord 1200,阿普利亚 Caponord 1200,拉力,"￥210,000",
意大利,进口,阿普利亚,Caponord 1200 RALLY,阿普利亚 Caponord 1200 RALLY,拉力,"￥218,000",
意大利,进口,阿普利亚,RS 660,阿普利亚 RS 660,跑车,"￥119,900","￥133,000"
意大利,进口,阿普利亚,RS 457,阿普利亚 RS 457,跑车,"￥49,800",
,,阿普利亚,RS 125,阿普利亚 RS 125,跑车,,
,,阿普利亚,RSV4 Factory,阿普利亚 RSV4 Factory,跑车,,
,,阿普利亚,RS4 125,阿普利亚 RS4 125,跑车,,
,,阿普利亚,RS4 50,阿普利亚 RS4 50,跑车,,
,,阿普利亚,RSV4 R,阿普利亚 RSV4 R,跑车,,
,,阿普利亚,RSV4 RF LE,阿普利亚 RSV4 RF LE,跑车,,
,,阿普利亚,RSV4 R FW-GP,阿普利亚 RSV4 R FW-GP,跑车,,
,,阿普利亚,RSW250,阿普利亚 RSW250,跑车,,
,,阿普利亚,RSV4 RR,阿普利亚 RSV4 RR,跑车,,
,,阿普利亚,RSV 1000R,阿普利亚 RSV 1000R,跑车,,
,,阿普利亚,RSV 1000R Factory,阿普利亚 RSV 1000R Factory,跑车,,
,,阿普利亚,SL 1000 Falco,阿普利亚 SL 1000 Falco,跑车,,
,,阿普利亚,RS 250,阿普利亚 RS 250,跑车,,
,,阿普利亚,RS 250 Chesterfield Replica,阿普利亚 RS 250 Chesterfield Replica,跑车,,
,,阿普利亚,RSV 1000 Mille,阿普利亚 RSV 1000 Mille,跑车,,
,,阿普利亚,RSV 1000 Mille R,阿普利亚 RSV 1000 Mille R,跑车,,
,,阿普利亚,RSV4 Factory,阿普利亚 RSV4 Factory,跑车,,
,,阿普利亚,RSV4 Factory APRC,阿普利亚 RSV4 Factory APRC,跑车,,
,,阿普利亚,RSV4 1100 Factory,阿普利亚 RSV4 1100 Factory,跑车,,
,,阿普利亚,RS 125R Extrema,阿普利亚 RS 125R Extrema,跑车,,
,,阿普利亚,RS 125SP Chesterfield Replica,阿普利亚 RS 125SP Chesterfield Replica,跑车,,
,,阿普利亚,RS 125 Poggiali Replica,阿普利亚 RS 125 Poggiali Replica,跑车,,
,,阿普利亚,RS 125 Nero,阿普利亚 RS 125 Nero,跑车,,
,,阿普利亚,RS 125 Pista,阿普利亚 RS 125 Pista,跑车,,
,,阿普利亚,RS 125 Spains No.1,阿普利亚 RS 125 Spains No.1,跑车,,
,,阿普利亚,RS 125 Talmacsi Replica,阿普利亚 RS 125 Talmacsi Replica,跑车,,
,,阿普利亚,RS 125 Max Biaggi Black,阿普利亚 RS 125 Max Biaggi Black,跑车,,
,,阿普利亚,RS 125 Full Black,阿普利亚 RS 125 Full Black,跑车,,
,,阿普利亚,RS 125 Full White,阿普利亚 RS 125 Full White,跑车,,
,,阿普利亚,RS4 50 Replica,阿普利亚 RS4 50 Replica,跑车,,
,,阿普利亚,RS 125 Replica GP,阿普利亚 RS 125 Replica GP,跑车,,
,,阿普利亚,RS-GP 20,阿普利亚 RS-GP 20,跑车,,
,,阿普利亚,Tuono V4 R,阿普利亚 Tuono V4 R,街车,,
,,阿普利亚,Tuono V4 R APRC,阿普利亚 Tuono V4 R APRC,街车,,
,,阿普利亚,Mana 850 GT,阿普利亚 Mana 850 GT,街车,,
,,阿普利亚,Shiver 750,阿普利亚 Shiver 750,街车,,
,,阿普利亚,Dorsoduro 750,阿普利亚 Dorsoduro 750,街车,,
,,阿普利亚,Dorsoduro 750 Factory,阿普利亚 Dorsoduro 750 Factory,街车,,
意大利,进口,阿普利亚,RSV4,阿普利亚 RSV4,跑车,"￥248,800",
,,阿普利亚,Shiver 900,阿普利亚 Shiver 900,街车,,
意大利,进口,阿普利亚,RSV4 1000RR,阿普利亚 RSV4 1000RR,跑车,"￥238,000",
,,阿普利亚,Tuono 125,阿普利亚 Tuono 125,街车,,
,,阿普利亚,Shiver 750GT,阿普利亚 Shiver 750GT,街车,,
,,阿普利亚,RSV 1000 Mille R Edwards Replica,阿普利亚 RSV 1000 Mille R Edwards Replica,街车,,
,,阿普利亚,RSV 1000 Mille R Nera,阿普利亚 RSV 1000 Mille R Nera,街车,,
,,阿普利亚,RSV 1000 Mille R Bol D'or,阿普利亚 RSV 1000 Mille R Bol D'or,街车,,
,,阿普利亚,RSV 1000 Mille R Factory,阿普利亚 RSV 1000 Mille R Factory,街车,,
,,阿普利亚,RSV 1000 Mille SP,阿普利亚 RSV 1000 Mille SP,街车,,
,,阿普利亚,RSV4R APRC,阿普利亚 RSV4R APRC,街车,,
,,阿普利亚,Pegaso 650 Outback,阿普利亚 Pegaso 650 Outback,街车,,
,,阿普利亚,Pegaso 650ie,阿普利亚 Pegaso 650ie,街车,,
,,阿普利亚,Pegaso 650 Factory,阿普利亚 Pegaso 650 Factory,街车,,
,,阿普利亚,Pegaso 650 Strada,阿普利亚 Pegaso 650 Strada,街车,,
,,阿普利亚,Red Rose America 125,阿普利亚 Red Rose America 125,街车,,
,,阿普利亚,RS 125 Lorenzo Replica,阿普利亚 RS 125 Lorenzo Replica,街车,,
,,阿普利亚,AF1 125 Sintesi,阿普利亚 AF1 125 Sintesi,街车,,
,,阿普利亚,AF1 125 Futura,阿普利亚 AF1 125 Futura,街车,,
,,阿普利亚,Classic 125,阿普利亚 Classic 125,街车,,
,,阿普利亚,Caponord 1000,阿普利亚 Caponord 1000,街车,,
,,阿普利亚,SMV 750 Dorsoduro,阿普利亚 SMV 750 Dorsoduro,街车,,
,,阿普利亚,SMV 750 Dorsoduro Factory,阿普利亚 SMV 750 Dorsoduro Factory,街车,,
,,阿普利亚,SMV 900 Dorsoduro,阿普利亚 SMV 900 Dorsoduro,街车,,
,,阿普利亚,SMV 1200 Dorsoduro,阿普利亚 SMV 1200 Dorsoduro,街车,,
,,阿普利亚,ST 125,阿普利亚 ST 125,街车,,
,,阿普利亚,Tuareg 350 Wind,阿普利亚 Tuareg 350 Wind,街车,,
,,阿普利亚,Tuareg 600 Wind,阿普利亚 Tuareg 600 Wind,街车,,
,,阿普利亚,Tuono 1000R Limited Edition,阿普利亚 Tuono 1000R Limited Edition,街车,,
,,阿普利亚,Tuono 1000R Racing,阿普利亚 Tuono 1000R Racing,街车,,
,,阿普利亚,Tuono 1000R,阿普利亚 Tuono 1000R,街车,,
,,阿普利亚,Tuono 1000R Factory,阿普利亚 Tuono 1000R Factory,街车,,
,,阿普利亚,AF1 Prototipo,阿普利亚 AF1 Prototipo,街车,,
,,阿普利亚,AF1 125 Project 108,阿普利亚 AF1 125 Project 108,街车,,
,,阿普利亚,AF1 125 Project 108 Replica,阿普利亚 AF1 125 Project 108 Replica,街车,,
,,阿普利亚,AF1 125 Project 108 Sport,阿普利亚 AF1 125 Project 108 Sport,街车,,
,,阿普利亚,AF1 125 Sintesi Replica,阿普利亚 AF1 125 Sintesi Replica,街车,,
,,阿普利亚,AF1 125 Sintesi Sport,阿普利亚 AF1 125 Sintesi Sport,街车,,
,,阿普利亚,AF1 125 Futura Reggiani Replica,阿普利亚 AF1 125 Futura Reggiani Replica,街车,,
,,阿普利亚,AF1 125 Sport Pro,阿普利亚 AF1 125 Sport Pro,街车,,
,,阿普利亚,Blue Marlin,阿普利亚 Blue Marlin,街车,,
,,阿普利亚,Chopper 125,阿普利亚 Chopper 125,街车,,
,,阿普利亚,Mana Prototype,阿普利亚 Mana Prototype,街车,,
,,阿普利亚,Moto 6.5,阿普利亚 Moto 6.5,街车,,
,,阿普利亚,Sportcity Cube 300,阿普利亚 Sportcity Cube 300,踏板,,
,,阿普利亚,Sportcity 125,阿普利亚 Sportcity 125,踏板,,
,,阿普利亚,Sportcity 50,阿普利亚 Sportcity 50,踏板,,
,,阿普利亚,SR 50 R,阿普利亚 SR 50 R,踏板,,
,,阿普利亚,SR MAX 300,阿普利亚 SR MAX 300,踏板,,
,,阿普利亚,SRV 850,阿普利亚 SRV 850,踏板,,
,,阿普利亚,SR Motard 50,阿普利亚 SR Motard 50,踏板,,
,,阿普利亚,Scarabeo 50,阿普利亚 Scarabeo 50,踏板,,
,,阿普利亚,Scarabeo 100,阿普利亚 Scarabeo 100,踏板,,
,,阿普利亚,Scarabeo 125ie,阿普利亚 Scarabeo 125ie,踏板,,
,,阿普利亚,Scarabeo 200,阿普利亚 Scarabeo 200,踏板,,
,,阿普利亚,Scarabeo 300s,阿普利亚 Scarabeo 300s,踏板,,
,,阿普利亚,Scarabeo 500,阿普利亚 Scarabeo 500,踏板,,
,,阿普利亚,Scarabeo 500ie,阿普利亚 Scarabeo 500ie,踏板,,
,,阿普利亚,SR 50,阿普利亚 SR 50,踏板,,
,,阿普利亚,Atlantic 200,阿普利亚 Atlantic 200,踏板,,
,,阿普利亚,SR 50 Factory,阿普利亚 SR 50 Factory,踏板,,
,,阿普利亚,SR Max 125,阿普利亚 SR Max 125,踏板,,
,,阿普利亚,SRV 850 Maxi,阿普利亚 SRV 850 Maxi,踏板,,
,,阿普利亚,Atlantic 300,阿普利亚 Atlantic 300,踏板,,
,,阿普利亚,Atlantic 400 Sprint,阿普利亚 Atlantic 400 Sprint,踏板,,
,,阿普利亚,Atlantic 500,阿普利亚 Atlantic 500,踏板,,
,,阿普利亚,Atlantic 500 Sprint,阿普利亚 Atlantic 500 Sprint,踏板,,
,,阿普利亚,Leonardo ST 125,阿普利亚 Leonardo ST 125,踏板,,
,,阿普利亚,Leonardo ST 150,阿普利亚 Leonardo ST 150,踏板,,
意大利,进口,阿普利亚,SR GT 200,阿普利亚 SR GT 200,踏板,"￥26,900","￥30,600"
意大利,进口,阿普利亚,SR Motard 125,阿普利亚 SR Motard 125,踏板,"￥20,576",
,,阿普利亚,Dorsoduro 1200,阿普利亚 Dorsoduro 1200,拉力,,
,,阿普利亚,Dorsoduro 900,阿普利亚 Dorsoduro 900,拉力,,
,,阿普利亚,Pegaso 125,阿普利亚 Pegaso 125,拉力,,
,,阿普利亚,Pegaso 600,阿普利亚 Pegaso 600,拉力,,
,,阿普利亚,Pegaso 650,阿普利亚 Pegaso 650,拉力,,
,,阿普利亚,Pegaso 650ie Tuscany Tibet,阿普利亚 Pegaso 650ie Tuscany Tibet,拉力,,
,,阿普利亚,RC 50,阿普利亚 RC 50,拉力,,
,,阿普利亚,RC 125,阿普利亚 RC 125,拉力,,
,,阿普利亚,Europa 125,阿普利亚 Europa 125,拉力,,
,,阿普利亚,Tuareg 125,阿普利亚 Tuareg 125,拉力,,
,,阿普利亚,Tuareg 125 Rally,阿普利亚 Tuareg 125 Rally,拉力,,
,,阿普利亚,Tuareg 125 Wind,阿普利亚 Tuareg 125 Wind,拉力,,
,,阿普利亚,MX 125,阿普利亚 MX 125,拉力,,
,,阿普利亚,RST 1000 Futura,阿普利亚 RST 1000 Futura,旅行,,
,,阿普利亚,SX 50,阿普利亚 SX 50,越野,,
,,阿普利亚,RX50,阿普利亚 RX50,越野,,
,,阿普利亚,RX 125,阿普利亚 RX 125,越野,,
,,阿普利亚,RXV 450i Dakar,阿普利亚 RXV 450i Dakar,越野,,
,,阿普利亚,DRD 150,阿普利亚 DRD 150,越野,,
,,阿普利亚,RX 125R,阿普利亚 RX 125R,越野,,
,,阿普利亚,RX 250,阿普利亚 RX 250,越野,,
,,阿普利亚,RXV 450,阿普利亚 RXV 450,越野,,
,,阿普利亚,RXV 450i,阿普利亚 RXV 450i,越野,,
,,阿普利亚,RXV 450 Tuareg Rally Replica,阿普利亚 RXV 450 Tuareg Rally Replica,越野,,
,,阿普利亚,RXV 550i,阿普利亚 RXV 550i,越野,,
,,阿普利亚,Pegaso 650 Trail,阿普利亚 Pegaso 650 Trail,越野,,
,,阿普利亚,ETX 125,阿普利亚 ETX 125,越野,,
,,阿普利亚,ETX 350,阿普利亚 ETX 350,越野,,
,,阿普利亚,SX 125,阿普利亚 SX 125,越野,,
,,阿普利亚,SXV 450,阿普利亚 SXV 450,越野,,
,,阿普利亚,SXV 550,阿普利亚 SXV 550,越野,,
,,阿普利亚,TX 311M,阿普利亚 TX 311M,越野,,
,,阿普利亚,TXR 312M,阿普利亚 TXR 312M,越野,,
,,阿斯顿·马丁,AMB 001,阿斯顿·马丁 AMB 001,跑车,,
,,安第斯,U3,安第斯 U3,街车,"￥12,499",
,,安第斯,U5,安第斯 U5,MINI,"￥11,000",
,,安第斯,U1,安第斯 U1,MINI,"￥6,899",
意大利,进口,奥古斯塔,Rush 1000,奥古斯塔 Rush 1000,复古,"￥508,000",
意大利,进口,奥古斯塔,RVS#1,奥古斯塔 RVS#1,复古,"￥228,000",
意大利,进口,奥古斯塔,Brutale 800,奥古斯塔 Brutale 800,街车,"￥150,000","￥238,000"
意大利,进口,奥古斯塔,Brutale 1000,奥古斯塔 Brutale 1000,街车,"￥428,000",
意大利,进口,奥古斯塔,Dragster 800,奥古斯塔 Dragster 800,街车,"￥218,000","￥308,000"
意大利,进口,奥古斯塔,Brutale 1090R,奥古斯塔 Brutale 1090R,街车,"￥160,000","￥289,800"
意大利,进口,奥古斯塔,Brutale 675,奥古斯塔 Brutale 675,街车,"￥158,000",
意大利,进口,奥古斯塔,Rivale 800,奥古斯塔 Rivale 800,街车,"￥228,000",
意大利,进口,奥古斯塔,Brutale 800 RR LH44,奥古斯塔 Brutale 800 RR LH44,街车,"￥428,000",
意大利,进口,奥古斯塔,Brutale 920,奥古斯塔 Brutale 920,街车,"￥130,000",
意大利,进口,奥古斯塔,Brutale 1090 RR,奥古斯塔 Brutale 1090 RR,街车,"￥268,000","￥298,000"
意大利,进口,奥古斯塔,Brutale 800RR Pirelli Special Edition,奥古斯塔 Brutale 800RR Pirelli Special Edition,街车,"￥338,000",
意大利,进口,奥古斯塔,Turismo Veloce 800,奥古斯塔 Turismo Veloce 800,旅行,"￥228,000","￥298,000"
意大利,进口,奥古斯塔,F3 800,奥古斯塔 F3 800,跑车,"￥228,000","￥288,000"
意大利,进口,奥古斯塔,Superveloce 800,奥古斯塔 Superveloce 800,跑车,"￥268,000",
,,奥古斯塔,F4 RC,奥古斯塔 F4 RC,跑车,,
,,奥古斯塔,F4 1000,奥古斯塔 F4 1000,跑车,,
,,奥古斯塔,F3 675 RC,奥古斯塔 F3 675 RC,跑车,,
,,奥古斯塔,F4 Frecce Tricolor,奥古斯塔 F4 Frecce Tricolor,跑车,,
,,奥古斯塔,F3 675 Serie Oro,奥古斯塔 F3 675 Serie Oro,跑车,,
,,奥古斯塔,F3 675 Japan Edition,奥古斯塔 F3 675 Japan Edition,跑车,,
,,奥古斯塔,F3 800 Ago,奥古斯塔 F3 800 Ago,跑车,,
,,奥古斯塔,F3,奥古斯塔 F3,跑车,,
,,奥古斯塔,F4 750S Serie Oro,奥古斯塔 F4 750S Serie Oro,跑车,,
,,奥古斯塔,F4 750S,奥古斯塔 F4 750S,跑车,,
,,奥古斯塔,F4 750S Evo 3,奥古斯塔 F4 750S Evo 3,跑车,,
,,奥古斯塔,F4 750 Ago,奥古斯塔 F4 750 Ago,跑车,,
,,奥古斯塔,F4 750 Senna,奥古斯塔 F4 750 Senna,跑车,,
,,奥古斯塔,F4 750 SP01 “Viper”,奥古斯塔 F4 750 SP01 “Viper”,跑车,,
,,奥古斯塔,F4 750SPR,奥古斯塔 F4 750SPR,跑车,,
,,奥古斯塔,F4 750SPR Evo,奥古斯塔 F4 750SPR Evo,跑车,,
,,奥古斯塔,F4 1000S,奥古斯塔 F4 1000S,跑车,,
,,奥古斯塔,F4 1000 Ago,奥古斯塔 F4 1000 Ago,跑车,,
,,奥古斯塔,F4 1000 Corsa,奥古斯塔 F4 1000 Corsa,跑车,,
,,奥古斯塔,F4 1000 Mamba,奥古斯塔 F4 1000 Mamba,跑车,,
,,奥古斯塔,F4 1000 Senna,奥古斯塔 F4 1000 Senna,跑车,,
,,奥古斯塔,F4 1000 Tamburini,奥古斯塔 F4 1000 Tamburini,跑车,,
,,奥古斯塔,F4 1000R,奥古斯塔 F4 1000R,跑车,,
,,奥古斯塔,F4 1000R Bonneville Special Edition,奥古斯塔 F4 1000R Bonneville Special Edition,跑车,,
,,奥古斯塔,F4 CC Claudio Castiglioni,奥古斯塔 F4 CC Claudio Castiglioni,跑车,,
,,奥古斯塔,F4-R 312,奥古斯塔 F4-R 312,跑车,,
,,奥古斯塔,F4-R 312 1+1,奥古斯塔 F4-R 312 1+1,跑车,,
,,奥古斯塔,F4-RR 312 1078,奥古斯塔 F4-RR 312 1078,跑车,,
,,奥古斯塔,F4-RR 312 1078 Edizione Final,奥古斯塔 F4-RR 312 1078 Edizione Final,跑车,,
,,奥古斯塔,F4 Frecce Tricolor S.E. Italian Aerobatic Team,奥古斯塔 F4 Frecce Tricolor S.E. Italian Aerobatic Team,跑车,,
,,奥古斯塔,F4RR Corsacorta,奥古斯塔 F4RR Corsacorta,跑车,,
,,奥古斯塔,F4 LH44 Limited Edition,奥古斯塔 F4 LH44 Limited Edition,跑车,,
,,奥古斯塔,Brutale 1078RR Challenge,奥古斯塔 Brutale 1078RR Challenge,跑车,,
意大利,进口,奥古斯塔,F4 R,奥古斯塔 F4 R,跑车,"￥196,000",
意大利,进口,奥古斯塔,F4 RR,奥古斯塔 F4 RR,跑车,"￥280,000","￥369,000"
意大利,进口,奥古斯塔,F4,奥古斯塔 F4,跑车,"￥298,000",
意大利,进口,奥古斯塔,F4 Claudio,奥古斯塔 F4 Claudio,跑车,"￥1,380,000",
,,奥古斯塔,Brutale 990R,奥古斯塔 Brutale 990R,街车,,
,,奥古斯塔,Stradale 800,奥古斯塔 Stradale 800,街车,,
,,奥古斯塔,Brutale 675 Custom Edition,奥古斯塔 Brutale 675 Custom Edition,街车,,
,,奥古斯塔,Brutale 750 Serie Oro,奥古斯塔 Brutale 750 Serie Oro,街车,,
,,奥古斯塔,Brutale 750S Strada,奥古斯塔 Brutale 750S Strada,街车,,
,,奥古斯塔,Brutale 750 America,奥古斯塔 Brutale 750 America,街车,,
,,奥古斯塔,Brutale 750 Gladio,奥古斯塔 Brutale 750 Gladio,街车,,
,,奥古斯塔,Brutale 750 CRC Limited Edition,奥古斯塔 Brutale 750 CRC Limited Edition,街车,,
,,奥古斯塔,Brutale 750 Mamba,奥古斯塔 Brutale 750 Mamba,街车,,
,,奥古斯塔,Brutale 800 Diablo Pirelli S.E.,奥古斯塔 Brutale 800 Diablo Pirelli S.E.,街车,,
,,奥古斯塔,Brutale 800 America S.E.,奥古斯塔 Brutale 800 America S.E.,街车,,
,,奥古斯塔,Brutale 800 A2-category licence,奥古斯塔 Brutale 800 A2-category licence,街车,,
,,奥古斯塔,Brutale 910S,奥古斯塔 Brutale 910S,街车,,
,,奥古斯塔,Brutale 910S Hydrogen,奥古斯塔 Brutale 910S Hydrogen,街车,,
,,奥古斯塔,Brutale 910S Wallyw,奥古斯塔 Brutale 910S Wallyw,街车,,
,,奥古斯塔,Brutale 910R,奥古斯塔 Brutale 910R,街车,,
,,奥古斯塔,Brutale 989R,奥古斯塔 Brutale 989R,街车,,
,,奥古斯塔,Brutale 990R Italian Unification Edition,奥古斯塔 Brutale 990R Italian Unification Edition,街车,,
,,奥古斯塔,Brutale 1078RR,奥古斯塔 Brutale 1078RR,街车,,
,,奥古斯塔,Brutale 1090,奥古斯塔 Brutale 1090,街车,,
,,奥古斯塔,Brutale 1090RR Cannonball,奥古斯塔 Brutale 1090RR Cannonball,街车,,
,,奥古斯塔,Brutale 1090RR California ‘Wood Vibrations’,奥古斯塔 Brutale 1090RR California ‘Wood Vibrations’,街车,,
,,奥古斯塔,Brutale 1090RR Corsa,奥古斯塔 Brutale 1090RR Corsa,街车,,
,,奥古斯塔,Bestiale Yacouba,奥古斯塔 Bestiale Yacouba,街车,,
,,奥古斯塔,Dragster 800RR Lewis Hamilton Limited Edition,奥古斯塔 Dragster 800RR Lewis Hamilton Limited Edition,街车,,
,,奥古斯塔,83 Ottantatrè Turismo,奥古斯塔 83 Ottantatrè Turismo,街车,,
,,奥古斯塔,83 Ottantatrè Sport,奥古斯塔 83 Ottantatrè Sport,街车,,
,,奥古斯塔,83 Turismo GTE Checca,奥古斯塔 83 Turismo GTE Checca,街车,,
,,奥古斯塔,98 Turismo,奥古斯塔 98 Turismo,街车,,
,,奥古斯塔,99 Sport Checca,奥古斯塔 99 Sport Checca,街车,,
,,奥古斯塔,125 GTL 5 Velocità,奥古斯塔 125 GTL 5 Velocità,街车,,
,,奥古斯塔,125 GTL,奥古斯塔 125 GTL,街车,,
,,奥古斯塔,125 Pullman,奥古斯塔 125 Pullman,街车,,
,,奥古斯塔,125 Pullman Super,奥古斯塔 125 Pullman Super,街车,,
,,奥古斯塔,125 Regolarità Privati,奥古斯塔 125 Regolarità Privati,街车,,
,,奥古斯塔,125 Scrambler,奥古斯塔 125 Scrambler,街车,,
,,奥古斯塔,125 Sport C,奥古斯塔 125 Sport C,街车,,
,,奥古斯塔,125 Sport GTLS,奥古斯塔 125 Sport GTLS,街车,,
,,奥古斯塔,125 Sport,奥古斯塔 125 Sport,街车,,
,,奥古斯塔,125 Turismo,奥古斯塔 125 Turismo,街车,,
,,奥古斯塔,125 Turismo C / D / TEL,奥古斯塔 125 Turismo C / D / TEL,街车,,
,,奥古斯塔,125 Turismo Rapido,奥古斯塔 125 Turismo Rapido,街车,,
,,奥古斯塔,125 Turismo Rapido Sport,奥古斯塔 125 Turismo Rapido Sport,街车,,
,,奥古斯塔,125 Turismo GT,奥古斯塔 125 Turismo GT,街车,,
,,奥古斯塔,125 TRELCentomila,奥古斯塔 125 TRELCentomila,街车,,
,,奥古斯塔,150 Sport E,奥古斯塔 150 Sport E,街车,,
,,奥古斯塔,150 Sport RS,奥古斯塔 150 Sport RS,街车,,
,,奥古斯塔,150 Sport RSS,奥古斯塔 150 Sport RSS,街车,,
,,奥古斯塔,150 Turismo TEL,奥古斯塔 150 Turismo TEL,街车,,
,,奥古斯塔,150 Turismo GT,奥古斯塔 150 Turismo GT,街车,,
,,奥古斯塔,175 Monoalbero,奥古斯塔 175 Monoalbero,街车,,
,,奥古斯塔,175 Turismo CSTL,奥古斯塔 175 Turismo CSTL,街车,,
,,奥古斯塔,175 Torismo CSTL Lusso,奥古斯塔 175 Torismo CSTL Lusso,街车,,
,,奥古斯塔,235 Tevere,奥古斯塔 235 Tevere,街车,,
,,奥古斯塔,250 Bicilindrico,奥古斯塔 250 Bicilindrico,街车,,
,,奥古斯塔,250 Scrambler B,奥古斯塔 250 Scrambler B,街车,,
,,奥古斯塔,250 Turismo,奥古斯塔 250 Turismo,街车,,
,,奥古斯塔,250 Turismo Raid,奥古斯塔 250 Turismo Raid,街车,,
,,奥古斯塔,300 Turismo Raid,奥古斯塔 300 Turismo Raid,街车,,
,,奥古斯塔,350 Sport B,奥古斯塔 350 Sport B,街车,,
,,奥古斯塔,350 Sport Ipotesi,奥古斯塔 350 Sport Ipotesi,街车,,
,,奥古斯塔,350 Scrambler B,奥古斯塔 350 Scrambler B,街车,,
,,奥古斯塔,350 Turismo B,奥古斯塔 350 Turismo B,街车,,
,,奥古斯塔,350,奥古斯塔 350,街车,,
,,奥古斯塔,350 Turismo Ipotesi,奥古斯塔 350 Turismo Ipotesi,街车,,
,,奥古斯塔,500SS,奥古斯塔 500SS,街车,,
,,奥古斯塔,600 Turismo 4C6,奥古斯塔 600 Turismo 4C6,街车,,
,,奥古斯塔,750GT Turismo,奥古斯塔 750GT Turismo,街车,,
,,奥古斯塔,750 Sport America,奥古斯塔 750 Sport America,街车,,
,,奥古斯塔,750 Twin Turbo Prototype,奥古斯塔 750 Twin Turbo Prototype,街车,,
,,奥古斯塔,800 Super America,奥古斯塔 800 Super America,街车,,
,,奥古斯塔,832 Monza,奥古斯塔 832 Monza,街车,,
,,奥古斯塔,850SS America,奥古斯塔 850SS America,街车,,
,,奥古斯塔,1000S Corona,奥古斯塔 1000S Corona,街车,,
,,奥古斯塔,1000 Ago,奥古斯塔 1000 Ago,街车,,
,,奥古斯塔,1100 Grand Prix,奥古斯塔 1100 Grand Prix,街车,,
,,奥古斯塔,Brutale 989RR,奥古斯塔 Brutale 989RR,街车,,
意大利,进口,奥古斯塔,F3 675,奥古斯塔 F3 675,跑车,"￥168,000","￥218,000"
,,奥古斯塔,750 Sport,奥古斯塔 750 Sport,复古,,
,,奥古斯塔,Lucky Explorer Project 5.5,奥古斯塔 Lucky Explorer Project 5.5,拉力,,
,,奥古斯塔,Lucky Explorer Project 9.5,奥古斯塔 Lucky Explorer Project 9.5,拉力,,
,,巴贾杰,Pulsar 200 NS,巴贾杰 Pulsar 200 NS,街车,,
,,巴贾杰,Caliber 115,巴贾杰 Caliber 115,街车,,
,,巴贾杰,Discover 100,巴贾杰 Discover 100,街车,,
,,巴贾杰,Discover 100 M,巴贾杰 Discover 100 M,街车,,
,,巴贾杰,Discover 125 DTS-i,巴贾杰 Discover 125 DTS-i,街车,,
,,巴贾杰,Discover 125 M,巴贾杰 Discover 125 M,街车,,
,,巴贾杰,Discover 135 DTS-i,巴贾杰 Discover 135 DTS-i,街车,,
,,巴贾杰,Discover 150,巴贾杰 Discover 150,街车,,
,,巴贾杰,Platina 100,巴贾杰 Platina 100,街车,,
,,巴贾杰,Platina 125 DTS-Si,巴贾杰 Platina 125 DTS-Si,街车,,
,,巴贾杰,Pulsar 135 LS,巴贾杰 Pulsar 135 LS,街车,,
,,巴贾杰,Pulsar 150,巴贾杰 Pulsar 150,街车,,
,,巴贾杰,Pulsar 180,巴贾杰 Pulsar 180,街车,,
,,巴贾杰,Pulsar NS200,巴贾杰 Pulsar NS200,街车,,
,,巴贾杰,Pulsar 220 DTS-FI,巴贾杰 Pulsar 220 DTS-FI,街车,,
,,巴贾杰,Wind 125,巴贾杰 Wind 125,街车,,
,,巴贾杰,XCD 125 DTS - Si,巴贾杰 XCD 125 DTS - Si,街车,,
,,巴贾杰,Chetak 150,巴贾杰 Chetak 150,踏板,,
,,巴贾杰,Classic 125,巴贾杰 Classic 125,踏板,,
,,巴贾杰,Legend 150,巴贾杰 Legend 150,踏板,,
,,巴贾杰,Avenger 220 DTS-i,巴贾杰 Avenger 220 DTS-i,巡航,,
,,巴贾杰,Avenger 180,巴贾杰 Avenger 180,巡航,,
,,巴贾杰,Avenger 180 DTS-i,巴贾杰 Avenger 180 DTS-i,巡航,,
,,巴贾杰,Avenger 200 DTS-i,巴贾杰 Avenger 200 DTS-i,巡航,,
,,宝雕,BD 400 RR,宝雕 BD 400 RR,跑车,"￥16,800",
,,宝雕,BD 500 RR,宝雕 BD 500 RR,跑车,"￥18,800",
,,宝雕,R1 S 500,宝雕 R1 S 500,跑车,"￥22,800","￥25,800"
,,宝雕,BD 350,宝雕 BD 350,跑车,"￥13,800",
,,宝雕,N 19-500,宝雕 N 19-500,街车,"￥18,800",
,,宝雕,N 19-400,宝雕 N 19-400,街车,"￥16,800",
,,宝雕,BD 400 R,宝雕 BD 400 R,街车,"￥16,800",
,,宝雕,BD 200 R,宝雕 BD 200 R,街车,"￥10,800",
德国,进口,宝马,R NineT,宝马 R NineT,复古,"￥148,900","￥247,900"
德国,进口,宝马,F 900 R,宝马 F 900 R,街车,"￥106,900","￥120,900"
德国,进口,宝马,M 1000 R,宝马 M 1000 R,街车,"￥239,900","￥299,900"
德国,进口,宝马,S 1000 R,宝马 S 1000 R,街车,"￥199,900","￥237,900"
德国,进口,宝马,G 310 R,宝马 G 310 R,街车,"￥49,900","￥50,900"
德国,进口,宝马,R 1250 GS,宝马 R 1250 GS,拉力,"￥219,900","￥285,900"
德国,进口,宝马,F 750 GS,宝马 F 750 GS,拉力,"￥107,900","￥117,900"
德国,进口,宝马,F 850 GS,宝马 F 850 GS,拉力,"￥125,900","￥164,900"
德国,进口,宝马,R 1300 GS,宝马 R 1300 GS,拉力,"￥228,000","￥268,000"
德国,进口,宝马,G 310 GS,宝马 G 310 GS,拉力,"￥52,900","￥53,900"
德国,进口,宝马,R 1200 GS,宝马 R 1200 GS,拉力,"￥198,300","￥252,700"
德国,进口,宝马,F 900 XR,宝马 F 900 XR,旅行,"￥126,900","￥139,900"
德国,进口,宝马,K 1600,宝马 K 1600,旅行,"￥375,900","￥465,900"
德国,进口,宝马,R 1250 RT,宝马 R 1250 RT,旅行,"￥325,900","￥347,900"
德国,进口,宝马,S 1000 XR,宝马 S 1000 XR,旅行,"￥233,900","￥269,900"
德国,进口,宝马,R 1200 RT,宝马 R 1200 RT,旅行,"￥228,000","￥297,300"
德国,进口,宝马,S 1000 RR,宝马 S 1000 RR,跑车,"￥249,900","￥291,900"
德国,进口,宝马,G 310 RR,宝马 G 310 RR,跑车,"￥51,600","￥52,200"
德国,进口,宝马,HP4 RACE,宝马 HP4 RACE,跑车,"￥600,000","￥1,050,000"
德国,进口,宝马,C 650 Sport,宝马 C 650 Sport,踏板,"￥138,700",
德国,进口,宝马,C 650GT,宝马 C 650GT,踏板,"￥140,900",
德国,进口,宝马,C 400,宝马 C 400,踏板,"￥85,900","￥94,900"
,,宝马,M 1000 RR,宝马 M 1000 RR,跑车,,
,,宝马,HP4,宝马 HP4,跑车,,
,,宝马,HP2 Sport,宝马 HP2 Sport,跑车,,
,,宝马,HP2 Sport Motorsport Special Edition,宝马 HP2 Sport Motorsport Special Edition,跑车,,
,,宝马,F 800 R,宝马 F 800 R,街车,,
,,宝马,K 1300R,宝马 K 1300R,街车,,
,,宝马,R 1200R,宝马 R 1200R,街车,,
,,宝马,HP2 Megamoto,宝马 HP2 Megamoto,街车,,
,,宝马,R 1100GS,宝马 R 1100GS,街车,,
,,宝马,R 1100RR Rally,宝马 R 1100RR Rally,街车,,
,,宝马,R 1100R,宝马 R 1100R,街车,,
,,宝马,R 1100RS,宝马 R 1100RS,街车,,
,,宝马,R 1100RT,宝马 R 1100RT,街车,,
,,宝马,R 1100S,宝马 R 1100S,街车,,
,,宝马,R 2,宝马 R 2,街车,,
,,宝马,R 3,宝马 R 3,街车,,
,,宝马,R 4,宝马 R 4,街车,,
,,宝马,R 5,宝马 R 5,街车,,
,,宝马,R 6,宝马 R 6,街车,,
,,宝马,R 11,宝马 R 11,街车,,
,,宝马,R 12,宝马 R 12,街车,,
,,宝马,R 16,宝马 R 16,街车,,
,,宝马,R 17,宝马 R 17,街车,,
,,宝马,R 20,宝马 R 20,街车,,
,,宝马,R 23,宝马 R 23,街车,,
,,宝马,R 24,宝马 R 24,街车,,
,,宝马,R 25,宝马 R 25,街车,,
,,宝马,R 26,宝马 R 26,街车,,
,,宝马,R 27,宝马 R 27,街车,,
,,宝马,R 32,宝马 R 32,街车,,
,,宝马,R 35,宝马 R 35,街车,,
,,宝马,R 37,宝马 R 37,街车,,
,,宝马,R 39,宝马 R 39,街车,,
,,宝马,R 42,宝马 R 42,街车,,
,,宝马,R 45,宝马 R 45,街车,,
,,宝马,R 47,宝马 R 47,街车,,
,,宝马,R 50,宝马 R 50,街车,,
,,宝马,R 50S,宝马 R 50S,街车,,
,,宝马,R 50US,宝马 R 50US,街车,,
,,宝马,R 51,宝马 R 51,街车,,
,,宝马,R 52,宝马 R 52,街车,,
,,宝马,R 57,宝马 R 57,街车,,
,,宝马,R 60,宝马 R 60,街车,,
,,宝马,R 60US,宝马 R 60US,街车,,
,,宝马,R 61,宝马 R 61,街车,,
,,宝马,R 62,宝马 R 62,街车,,
,,宝马,R 63,宝马 R 63,街车,,
,,宝马,R 65LS,宝马 R 65LS,街车,,
,,宝马,R 65GS,宝马 R 65GS,街车,,
,,宝马,R 65 Mono,宝马 R 65 Mono,街车,,
,,宝马,R 65RT Mono,宝马 R 65RT Mono,街车,,
,,宝马,R 66,宝马 R 66,街车,,
,,宝马,R 67,宝马 R 67,街车,,
,,宝马,R 68,宝马 R 68,街车,,
,,宝马,R 68 SDT Special,宝马 R 68 SDT Special,街车,,
,,宝马,R 69,宝马 R 69,街车,,
,,宝马,R 69S,宝马 R 69S,街车,,
,,宝马,R 69US,宝马 R 69US,街车,,
,,宝马,R 71,宝马 R 71,街车,,
,,宝马,F 650 Funduro,宝马 F 650 Funduro,街车,,
,,宝马,F 650ST Strada,宝马 F 650ST Strada,街车,,
,,宝马,F 650CS Scarver,宝马 F 650CS Scarver,街车,,
,,宝马,F 650GS Dakar,宝马 F 650GS Dakar,街车,,
,,宝马,F 650RR Dakar,宝马 F 650RR Dakar,街车,,
,,宝马,F 800R Chris Pfeiffer Edition,宝马 F 800R Chris Pfeiffer Edition,街车,,
,,宝马,F 800R Nero Zaffiro Metallizzato,宝马 F 800R Nero Zaffiro Metallizzato,街车,,
,,宝马,R 80,宝马 R 80,街车,,
,,宝马,R 80 Mono,宝马 R 80 Mono,街车,,
,,宝马,R 80GS,宝马 R 80GS,街车,,
,,宝马,R 80GS Paris Dakar,宝马 R 80GS Paris Dakar,街车,,
,,宝马,R 80GS Basic,宝马 R 80GS Basic,街车,,
,,宝马,R 80R,宝马 R 80R,街车,,
,,宝马,R 80RT,宝马 R 80RT,街车,,
,,宝马,R 80RT Mono,宝马 R 80RT Mono,街车,,
,,宝马,R 80ST,宝马 R 80ST,街车,,
,,宝马,R 80T,宝马 R 80T,街车,,
,,宝马,R 90S,宝马 R 90S,街车,,
,,宝马,R 100,宝马 R 100,街车,,
,,宝马,R 100CS,宝马 R 100CS,街车,,
,,宝马,R 100R Mystic,宝马 R 100R Mystic,街车,,
,,宝马,R 100R Classic,宝马 R 100R Classic,街车,,
,,宝马,G 650 X Country,宝马 G 650 X Country,街车,,
,,宝马,G 650 X Moto,宝马 G 650 X Moto,街车,,
,,宝马,HP2 Megamoto Pikes Peak Edition,宝马 HP2 Megamoto Pikes Peak Edition,街车,,
,,宝马,Krauser MKM 1000,宝马 Krauser MKM 1000,街车,,
,,宝马,R 1200R Classic,宝马 R 1200R Classic,街车,,
,,宝马,R 1200R Dark White Special Edition,宝马 R 1200R Dark White Special Edition,街车,,
,,宝马,R 1200R LC,宝马 R 1200R LC,街车,,
,,宝马,R 1200R LC Black Edition,宝马 R 1200R LC Black Edition,街车,,
,,宝马,R 1250R,宝马 R 1250R,街车,,
,,宝马,R 1200RS LC,宝马 R 1200RS LC,街车,,
,,宝马,R 1200RS LC Iconic Limited Edition,宝马 R 1200RS LC Iconic Limited Edition,街车,,
,,宝马,R 1200RT LC,宝马 R 1200RT LC,街车,,
,,宝马,R 1250RT Elegance,宝马 R 1250RT Elegance,街车,,
,,宝马,R 1200S,宝马 R 1200S,街车,,
,,宝马,R 1200ST,宝马 R 1200ST,街车,,
,,宝马,S 1000RR Motorsport,宝马 S 1000RR Motorsport,街车,,
,,宝马,K 75,宝马 K 75,街车,,
,,宝马,K 75C,宝马 K 75C,街车,,
,,宝马,K 100,宝马 K 100,街车,,
,,宝马,K1,宝马 K1,街车,,
,,宝马,K 1200R Resident Evil 3,宝马 K 1200R Resident Evil 3,街车,,
,,宝马,K 1200R Sport,宝马 K 1200R Sport,街车,,
,,宝马,K 1300R Dynamic Special Edition,宝马 K 1300R Dynamic Special Edition,街车,,
,,宝马,K 1300S HP Special Edition,宝马 K 1300S HP Special Edition,街车,,
,,宝马,K 1300S 30th Anniversary Edition,宝马 K 1300S 30th Anniversary Edition,街车,,
,,宝马,K 1300S Motorsport,宝马 K 1300S Motorsport,街车,,
德国,进口,宝马,R 18,宝马 R 18,巡航,"￥229,800","￥365,800"
,,宝马,C1,宝马 C1,踏板,,
,,宝马,C600 Sport,宝马 C600 Sport,踏板,,
,,宝马,C1,宝马 C1,踏板,,
,,宝马,C1-200,宝马 C1-200,踏板,,
,,宝马,C 600 Sport,宝马 C 600 Sport,踏板,,
,,宝马,R NineT Urban G-S,宝马 R NineT Urban G-S,复古,,
,,宝马,R NineT Racer,宝马 R NineT Racer,复古,,
,,宝马,G 650GS,宝马 G 650GS,拉力,,
,,宝马,F 650GS,宝马 F 650GS,拉力,,
,,宝马,G 650GS Sertao,宝马 G 650GS Sertao,拉力,,
,,宝马,F 700 GS,宝马 F 700 GS,拉力,,
,,宝马,F 800GS,宝马 F 800GS,拉力,,
,,宝马,F 800GS 30th Anniversary Special,宝马 F 800GS 30th Anniversary Special,拉力,,
,,宝马,F 800GS Trophy,宝马 F 800GS Trophy,拉力,,
,,宝马,F 800GS Triple Black,宝马 F 800GS Triple Black,拉力,,
,,宝马,R 80GS Dakar,宝马 R 80GS Dakar,拉力,,
,,宝马,R 80GS Kalahari,宝马 R 80GS Kalahari,拉力,,
,,宝马,R 100GS Bumble Bee,宝马 R 100GS Bumble Bee,拉力,,
,,宝马,R 100GS Paris Dakar,宝马 R 100GS Paris Dakar,拉力,,
,,宝马,R 100GS Classic,宝马 R 100GS Classic,拉力,,
,,宝马,HP2 Enduro,宝马 HP2 Enduro,拉力,,
,,宝马,R 1200RT LC Iconic Limited Edition,宝马 R 1200RT LC Iconic Limited Edition,拉力,,
,,宝马,K 75RTA,宝马 K 75RTA,拉力,,
,,宝马,K 1200R,宝马 K 1200R,拉力,,
,,宝马,F 900 GS,宝马 F 900 GS,拉力,,
,,宝马,K 1300 S,宝马 K 1300 S,旅行,,
,,宝马,K 1200 S,宝马 K 1200 S,旅行,,
,,宝马,F 800 GT,宝马 F 800 GT,旅行,,
,,宝马,R 1200 RS,宝马 R 1200 RS,旅行,,
,,宝马,K 1300GT,宝马 K 1300GT,旅行,,
,,宝马,K 1200RT,宝马 K 1200RT,旅行,,
,,宝马,F 800S,宝马 F 800S,旅行,,
,,宝马,F 800ST,宝马 F 800ST,旅行,,
,,宝马,F 800 ST Touring,宝马 F 800 ST Touring,旅行,,
,,宝马,R 1250 RS,宝马 R 1250 RS,旅行,,
,,宝马,R 1200RT Police,宝马 R 1200RT Police,旅行,,
,,宝马,R 1200R Touring Special,宝马 R 1200R Touring Special,旅行,,
,,宝马,K 75RT,宝马 K 75RT,旅行,,
,,宝马,K 75RTA Ultima,宝马 K 75RTA Ultima,旅行,,
,,宝马,K 75S,宝马 K 75S,旅行,,
,,宝马,K 75T,宝马 K 75T,旅行,,
,,宝马,K 100LT,宝马 K 100LT,旅行,,
,,宝马,K 100RS,宝马 K 100RS,旅行,,
,,宝马,K 100RS 16V,宝马 K 100RS 16V,旅行,,
,,宝马,K 100RT,宝马 K 100RT,旅行,,
,,宝马,K 1100LT,宝马 K 1100LT,旅行,,
,,宝马,K 1100LT Special Edition,宝马 K 1100LT Special Edition,旅行,,
,,宝马,K 1100LT Highline,宝马 K 1100LT Highline,旅行,,
,,宝马,K 1100RS,宝马 K 1100RS,旅行,,
,,宝马,K 1200GT,宝马 K 1200GT,旅行,,
,,宝马,K 1200LT,宝马 K 1200LT,旅行,,
,,宝马,K 1200RS,宝马 K 1200RS,旅行,,
,,宝马,K 1300GT Exclusive Edition,宝马 K 1300GT Exclusive Edition,旅行,,
,,宝马,G 450X,宝马 G 450X,越野,,
,,宝马,R 900RR Dakar,宝马 R 900RR Dakar,越野,,
,,宝马,G 650 X Challenge,宝马 G 650 X Challenge,越野,,
,,宝马,R 1200 GS Hover Bike Concept,宝马 R 1200 GS Hover Bike Concept,其他,,
美国,进口,北极星,RZR XP1000,北极星 RZR XP1000,其他,"￥199,800",
美国,进口,北极星,运动家1000,北极星 运动家1000,其他,"￥159,800","￥179,800"
美国,进口,北极星,剃刀 1000,北极星 剃刀 1000,其他,"￥205,800","￥256,800"
美国,进口,北极星,RZR PRO XP?,北极星 RZR PRO XP?,其他,"￥279,800",
美国,进口,北极星,剃刀 S,北极星 剃刀 S,其他,"￥279,800",
美国,进口,北极星,运动家570,北极星 运动家570,其他,"￥109,800","￥119,800"
美国,进口,北极星,横行者1000,北极星 横行者1000,其他,"￥183,800",
美国,进口,北极星,剃刀,北极星 剃刀,其他,"￥239,800","￥285,800"
美国,进口,北极星,剃刀170,北极星 剃刀170,其他,"￥59,800",
美国,进口,北极星,ACE 150,北极星 ACE 150,其他,"￥49,800",
美国,进口,北极星,Outlaw 50,北极星 Outlaw 50,其他,"￥34,980",
美国,进口,北极星,RZR XP4 Turbo S,北极星 RZR XP4 Turbo S,其他,"￥299,800",
美国,进口,北极星,RZR XP4 1000,北极星 RZR XP4 1000,其他,"￥256,800",
美国,进口,北极星,剃刀 900,北极星 剃刀 900,其他,"￥216,800",
美国,进口,北极星,游侠900,北极星 游侠900,其他,"￥230,000",
美国,进口,北极星,游侠 800,北极星 游侠 800,其他,"￥212,500",
美国,进口,北极星,游侠570,北极星 游侠570,其他,"￥189,800",
美国,进口,北极星,将军1000,北极星 将军1000,其他,"￥289,800",
,,北极星,Slingshot,北极星 Slingshot,三轮,,
,,北极星,Slingshot SL,北极星 Slingshot SL,三轮,,
,,北极星,Slingshot SLR,北极星 Slingshot SLR,三轮,,
美国,进口,北极星,剃刀 RS1,北极星 剃刀 RS1,其他,"￥179,800",
意大利,进口,贝纳利,小暴龙TNT125,贝纳利 小暴龙TNT125,MINI,"￥9,480",
意大利,进口,贝纳利,幼狮 Leoncino 800,贝纳利 幼狮 Leoncino 800,复古,"￥39,800",
意大利,进口,贝纳利,幼狮 Leoncino 500,贝纳利 幼狮 Leoncino 500,复古,"￥38,800","￥46,800"
意大利,进口,贝纳利,幼狮 Leoncino 150,贝纳利 幼狮 Leoncino 150,复古,"￥13,980",
意大利,进口,贝纳利,幼狮 Leoncino 250,贝纳利 幼狮 Leoncino 250,复古,"￥19,900","￥20,500"
意大利,进口,贝纳利,帝国 imperiale 400,贝纳利 帝国 imperiale 400,复古,"￥23,800",
,,贝纳利,TNT 1130R,贝纳利 TNT 1130R,跑车,,
,,贝纳利,Tornado Tre 1130,贝纳利 Tornado Tre 1130,跑车,,
,,贝纳利,Tre 899S Tornado,贝纳利 Tre 899S Tornado,跑车,,
,,贝纳利,Tre 899 Tornado,贝纳利 Tre 899 Tornado,跑车,,
,,贝纳利,TRE 899 Tornado Novecento,贝纳利 TRE 899 Tornado Novecento,跑车,,
,,贝纳利,Tre 1130 Tornado,贝纳利 Tre 1130 Tornado,跑车,,
意大利,进口,贝纳利,TNT899(进口),贝纳利 TNT899(进口),街车,"￥149,800","￥158,800"
意大利,进口,贝纳利,TNT600i,贝纳利 TNT600i,街车,"￥37,800",
意大利,进口,贝纳利,902S,贝纳利 902S,街车,"￥39,800",
意大利,进口,贝纳利,蓝宝龙 BN302S,贝纳利 蓝宝龙 BN302S,街车,"￥25,800","￥26,600"
意大利,进口,贝纳利,小迅龙 BN150S,贝纳利 小迅龙 BN150S,街车,"￥11,980",
意大利,进口,贝纳利,TNT899,贝纳利 TNT899,街车,"￥79,800",
意大利,进口,贝纳利,752S,贝纳利 752S,街车,"￥47,800","￥53,800"
意大利,进口,贝纳利,小黄龙 TNT25,贝纳利 小黄龙 TNT25,街车,"￥18,800","￥19,200"
,,贝纳利,TNT 1130 Sport Evo,贝纳利 TNT 1130 Sport Evo,街车,,
意大利,进口,贝纳利,红宝龙 TNT150i,贝纳利 红宝龙 TNT150i,街车,"￥10,800",
,,贝纳利,TNT R160,贝纳利 TNT R160,街车,,
意大利,进口,贝纳利,蓝宝龙BJ300GS,贝纳利 蓝宝龙BJ300GS,街车,"￥27,500",
,,贝纳利,TNT 135,贝纳利 TNT 135,街车,,
,,贝纳利,Tornado 125,贝纳利 Tornado 125,街车,,
,,贝纳利,UNO C 150,贝纳利 UNO C 150,街车,,
,,贝纳利,UNO C 250,贝纳利 UNO C 250,街车,,
,,贝纳利,Cafe Racer 1130,贝纳利 Cafe Racer 1130,街车,,
,,贝纳利,Titanium,贝纳利 Titanium,街车,,
,,贝纳利,Tornado Naked Tre R160,贝纳利 Tornado Naked Tre R160,街车,,
,,贝纳利,Motard 250,贝纳利 Motard 250,街车,,
,,贝纳利,Sport 125,贝纳利 Sport 125,街车,,
,,贝纳利,Enduro 125,贝纳利 Enduro 125,街车,,
,,贝纳利,Panther 125,贝纳利 Panther 125,街车,,
,,贝纳利,Turismo 125,贝纳利 Turismo 125,街车,,
,,贝纳利,Sport Special 125,贝纳利 Sport Special 125,街车,,
,,贝纳利,BX 125,贝纳利 BX 125,街车,,
,,贝纳利,BKX 125,贝纳利 BKX 125,街车,,
,,贝纳利,Jarno 125,贝纳利 Jarno 125,街车,,
,,贝纳利,Enduro 175,贝纳利 Enduro 175,街车,,
,,贝纳利,Phantom 250 2C,贝纳利 Phantom 250 2C,街车,,
,,贝纳利,Disc 250 2C,贝纳利 Disc 250 2C,街车,,
,,贝纳利,Barracuda 250,贝纳利 Barracuda 250,街车,,
,,贝纳利,Sport Special 250,贝纳利 Sport Special 250,街车,,
,,贝纳利,Café Racer 250,贝纳利 Café Racer 250,街车,,
,,贝纳利,Quattro 250,贝纳利 Quattro 250,街车,,
,,贝纳利,Quattro 254,贝纳利 Quattro 254,街车,,
,,贝纳利,304,贝纳利 304,街车,,
,,贝纳利,354RS,贝纳利 354RS,街车,,
,,贝纳利,354 Quattro,贝纳利 354 Quattro,街车,,
,,贝纳利,354 Sport II,贝纳利 354 Sport II,街车,,
,,贝纳利,500LS,贝纳利 500LS,街车,,
,,贝纳利,500 Quattro,贝纳利 500 Quattro,街车,,
,,贝纳利,504 Sport,贝纳利 504 Sport,街车,,
,,贝纳利,650 Tornado,贝纳利 650 Tornado,街车,,
,,贝纳利,650 Tornado S,贝纳利 650 Tornado S,街车,,
,,贝纳利,650 Tornado S2,贝纳利 650 Tornado S2,街车,,
,,贝纳利,654 Sport,贝纳利 654 Sport,街车,,
,,贝纳利,654 Turismo,贝纳利 654 Turismo,街车,,
,,贝纳利,750Sei,贝纳利 750Sei,街车,,
,,贝纳利,900Sei,贝纳利 900Sei,街车,,
,,贝纳利,900Sei Sport,贝纳利 900Sei Sport,街车,,
,,贝纳利,BX 570 Motard,贝纳利 BX 570 Motard,街车,,
,,贝纳利,Due 756,贝纳利 Due 756,街车,,
,,贝纳利,Mojave 360,贝纳利 Mojave 360,街车,,
,,贝纳利,TNT 1130,贝纳利 TNT 1130,街车,,
,,贝纳利,TNT 1130 Century Racers,贝纳利 TNT 1130 Century Racers,街车,,
,,贝纳利,TNT 1130 Sport,贝纳利 TNT 1130 Sport,街车,,
,,贝纳利,TNT 1130 Titanium,贝纳利 TNT 1130 Titanium,街车,,
,,贝纳利,BJ800-B,贝纳利 BJ800-B,街车,,
意大利,进口,贝纳利,BN251,贝纳利 BN251,街车,"￥15,800",
意大利,进口,贝纳利,Tre 899K,贝纳利 Tre 899K,拉力,"￥79,900",
,,贝纳利,Caffenero 125,贝纳利 Caffenero 125,踏板,,
,,贝纳利,Caffenero 150,贝纳利 Caffenero 150,踏板,,
,,贝纳利,Macis 125,贝纳利 Macis 125,踏板,,
,,贝纳利,Macis 150,贝纳利 Macis 150,踏板,,
,,贝纳利,Pepe 50,贝纳利 Pepe 50,踏板,,
,,贝纳利,Pepe 50 Classic,贝纳利 Pepe 50 Classic,踏板,,
,,贝纳利,QuattronoveX Offroad,贝纳利 QuattronoveX Offroad,踏板,,
,,贝纳利,Velvet 125,贝纳利 Velvet 125,踏板,,
,,贝纳利,Velvet 150,贝纳利 Velvet 150,踏板,,
,,贝纳利,Caffenero 250,贝纳利 Caffenero 250,踏板,,
,,贝纳利,X125,贝纳利 X125,踏板,,
,,贝纳利,X150,贝纳利 X150,踏板,,
,,贝纳利,Pepe 50 4T,贝纳利 Pepe 50 4T,踏板,,
,,贝纳利,CAFFENERO 150,贝纳利 CAFFENERO 150,踏板,,
意大利,进口,贝纳利,TRK552,贝纳利 TRK552,拉力,"￥32,680","￥36,680"
意大利,进口,贝纳利,金鹏 TRK502,贝纳利 金鹏 TRK502,拉力,"￥32,680","￥45,800"
意大利,进口,贝纳利,TRK702,贝纳利 TRK702,拉力,"￥40,800","￥44,800"
意大利,进口,贝纳利,金鹏 TRK251,贝纳利 金鹏 TRK251,拉力,"￥19,800",
意大利,进口,贝纳利,600GC,贝纳利 600GC,旅行,"￥59,800",
意大利,进口,贝纳利,1200GT,贝纳利 1200GT,旅行,"￥99,800",
,,贝纳利,幼狮 BOBBER,贝纳利 幼狮 BOBBER,巡航,,
意大利,进口,贝纳利,BN 600 GT,贝纳利 BN 600 GT,旅行,"￥49,800",
意大利,进口,贝纳利,302 Touring,贝纳利 302 Touring,旅行,"￥33,800",
意大利,进口,贝纳利,龙卷风 Tornado 252R,贝纳利 龙卷风 Tornado 252R,跑车,"￥20,800",
,,贝纳利,Tre 1130K,贝纳利 Tre 1130K,拉力,,
意大利,进口,贝纳利,龙卷风 Tornado 302R,贝纳利 龙卷风 Tornado 302R,跑车,"￥23,800",
,,贝纳利,TRK 125,贝纳利 TRK 125,拉力,,
,,贝纳利,Tre 1130K Amazonas,贝纳利 Tre 1130K Amazonas,拉力,,
,,贝纳利,TRK800,贝纳利 TRK800,拉力,,
,,贝纳利,TRK900,贝纳利 TRK900,拉力,,
意大利,进口,贝纳利,龙卷风 Tornado 552R,贝纳利 龙卷风 Tornado 552R,跑车,"￥32,800",
意大利,进口,贝纳利,龙卷风 Tornado 402R,贝纳利 龙卷风 Tornado 402R,跑车,"￥27,800",
意大利,进口,贝纳利,银刃 BJ250T-8,贝纳利 银刃 BJ250T-8,踏板,"￥17,800","￥23,800"
意大利,进口,贝纳利,利刃150,贝纳利 利刃150,踏板,"￥13,800",
意大利,进口,贝纳利,RFS150i,贝纳利 RFS150i,弯梁,"￥8,980",
意大利,进口,贝纳利,502C,贝纳利 502C,巡航,"￥39,800","￥44,800"
,,贝纳利,BX 449 Cross,贝纳利 BX 449 Cross,越野,,
,,贝纳利,BX 505 Enduro,贝纳利 BX 505 Enduro,越野,,
意大利,进口,贝纳利,BJ250GY-2,贝纳利 BJ250GY-2,越野,"￥18,800",
,,贝塔,Jonathan Cruiser 350,贝塔 Jonathan Cruiser 350,巡航,,
,,贝塔,Alp 125 4T,贝塔 Alp 125 4T,拉力,,
,,贝塔,ALP 200,贝塔 ALP 200,拉力,,
,,贝塔,M4 Motard,贝塔 M4 Motard,拉力,,
,,贝塔,RE 125 4T,贝塔 RE 125 4T,拉力,,
,,贝塔,RR 125 Enduro,贝塔 RR 125 Enduro,拉力,,
,,贝塔,RR 250 Enduro,贝塔 RR 250 Enduro,拉力,,
,,贝塔,RR 350 Enduro,贝塔 RR 350 Enduro,拉力,,
,,贝塔,RR 350 4T Enduro,贝塔 RR 350 4T Enduro,拉力,,
,,贝塔,RR 400 Enduro,贝塔 RR 400 Enduro,拉力,,
,,贝塔,RR 450 Enduro,贝塔 RR 450 Enduro,拉力,,
,,贝塔,RR 480 4T Enduro,贝塔 RR 480 4T Enduro,拉力,,
,,贝塔,RR 525 Enduro,贝塔 RR 525 Enduro,拉力,,
,,贝塔,RR 125 Motard,贝塔 RR 125 Motard,拉力,,
,,贝塔,RR 400 Motard,贝塔 RR 400 Motard,拉力,,
,,贝塔,RR 525 Motard,贝塔 RR 525 Motard,拉力,,
,,贝塔,RS 350,贝塔 RS 350,拉力,,
,,贝塔,RS 390,贝塔 RS 390,拉力,,
,,贝塔,RS 400,贝塔 RS 400,拉力,,
,,贝塔,RS 430,贝塔 RS 430,拉力,,
,,贝塔,RS 450,贝塔 RS 450,拉力,,
,,贝塔,RS 500,贝塔 RS 500,拉力,,
,,贝塔,RS 520,贝塔 RS 520,拉力,,
,,贝塔,Euro 350,贝塔 Euro 350,旅行,,
,,贝塔,350RS,贝塔 350RS,越野,,
,,贝塔,450RS,贝塔 450RS,越野,,
,,贝塔,520RS,贝塔 520RS,越野,,
,,贝塔,350RR,贝塔 350RR,越野,,
,,贝塔,400RR,贝塔 400RR,越野,,
,,贝塔,498RR,贝塔 498RR,越野,,
,,贝塔,Alp 4.0,贝塔 Alp 4.0,越野,,
,,贝塔,RR 390 4T Enduro,贝塔 RR 390 4T Enduro,越野,,
,,贝塔,RR 498 Enduro,贝塔 RR 498 Enduro,越野,,
,,贝塔,RR 200 ENDURO,贝塔 RR 200 ENDURO,越野,,
,,贝塔,RR 50 ENDURO,贝塔 RR 50 ENDURO,越野,,
,,贝塔,RR Racing 350,贝塔 RR Racing 350,越野,,
,,贝塔,RR Racing 125,贝塔 RR Racing 125,越野,,
,,贝塔,RR Racing 250,贝塔 RR Racing 250,越野,,
,,贝塔,X Trainer 250,贝塔 X Trainer 250,越野,,
,,贝塔,RR 50 Motard,贝塔 RR 50 Motard,越野,,
,,贝塔,Evo 300,贝塔 Evo 300,越野,,
,,贝塔,Evo 80 Senior,贝塔 Evo 80 Senior,越野,,
,,贝塔,Evo 80 Junior,贝塔 Evo 80 Junior,越野,,
,,倍思客,CL250-F,倍思客 CL250-F,复古,"￥19,800",
,,奔达,LFR700,奔达 LFR700,跑车,,
,,奔达,VTR-300 Turbo,奔达 VTR-300 Turbo,跑车,,
,国产,奔达,LFS700 唐刀,奔达 LFS700 唐刀,街车,"￥38,800",
,国产,奔达,火舞250,奔达 火舞250,街车,"￥15,800",
,国产,奔达,星罗 400,奔达 星罗 400,街车,"￥27,800","￥29,800"
,国产,奔达,灰石250,奔达 灰石250,巡航,"￥16,980",
,国产,奔达,黑旗500,奔达 黑旗500,巡航,"￥33,800","￥36,800"
,国产,奔达,拿破仑250,奔达 拿破仑250,巡航,"￥18,380",
,国产,奔达,金吉拉450,奔达 金吉拉450,巡航,"￥26,900",
,国产,奔达,金吉拉300,奔达 金吉拉300,巡航,"￥23,880","￥24,080"
,国产,奔达,LFC700 燎,奔达 LFC700 燎,巡航,"￥45,800","￥46,800"
,国产,奔达,拿破仑450,奔达 拿破仑450,巡航,"￥26,900",
,国产,奔达,Rock300 灰石,奔达 Rock300 灰石,巡航,"￥23,880",
,,奔达,金吉拉550,奔达 金吉拉550,巡航,,
,国产,奔达,原驰兽400,奔达 原驰兽400,巡航,"￥24,800","￥27,980"
,国产,奔达,FUN2,奔达 FUN2,巡航,"￥19,180","￥22,580"
,国产,奔达,BOX 400,奔达 BOX 400,巡航,"￥28,980",
,,奔达,REDSTONE 500,奔达 REDSTONE 500,其他,,
,,奔达,REDSTONE 1000,奔达 REDSTONE 1000,其他,,
,,奔达,SUPERNOVAE 1000,奔达 SUPERNOVAE 1000,其他,,
,,本菱,青云252,本菱 青云252,街车,"￥11,800",
,,本菱,维也纳,本菱 维也纳,踏板,"￥8,280",
日本,进口,本田DREAMWING,Monkey 125,本田DREAMWING Monkey 125,MINI,,
日本,进口,本田DREAMWING,CB650R,本田DREAMWING CB650R,复古,"￥73,800",
日本,进口,本田DREAMWING,CB1100,本田DREAMWING CB1100,复古,"￥142,800",
日本,进口,本田DREAMWING,CL500,本田DREAMWING CL500,复古,"￥58,800",
日本,进口,本田DREAMWING,CB1300 Super Four,本田DREAMWING CB1300 Super Four,复古,"￥152,800","￥175,800"
日本,进口,本田DREAMWING,CB500F,本田DREAMWING CB500F,街车,"￥57,800",
日本,进口,本田DREAMWING,CB750,本田DREAMWING CB750,街车,"￥68,800",
日本,进口,本田DREAMWING,CB1000R,本田DREAMWING CB1000R,街车,"￥155,800","￥167,800"
日本,进口,本田DREAMWING,NC750S,本田DREAMWING NC750S,街车,"￥95,000","￥105,000"
日本,进口,本田DREAMWING,CB650F,本田DREAMWING CB650F,街车,"￥94,700",
日本,进口,本田DREAMWING,NC 700S,本田DREAMWING NC 700S,街车,"￥98,000",
日本,进口,本田DREAMWING,CTX 700,本田DREAMWING CTX 700,街车,"￥108,000",
日本,进口,本田DREAMWING,MSX 125,本田DREAMWING MSX 125,街车,"￥24,800",
日本,进口,本田DREAMWING,CTX1300,本田DREAMWING CTX1300,街车,"￥233,000",
日本,进口,本田DREAMWING,ST1300,本田DREAMWING ST1300,街车,"￥216,100",
日本,进口,本田DREAMWING,CTX700N,本田DREAMWING CTX700N,街车,"￥103,133",
日本,进口,本田DREAMWING,Gold Wing GL 1800 F6C,本田DREAMWING Gold Wing GL 1800 F6C,街车,"￥298,000",
日本,进口,本田DREAMWING,CB 650FA,本田DREAMWING CB 650FA,街车,"￥106,800",
日本,进口,本田DREAMWING,CB1100 EX,本田DREAMWING CB1100 EX,街车,"￥196,300",
日本,进口,本田DREAMWING,CB 150R ExMotion,本田DREAMWING CB 150R ExMotion,街车,"￥23,000",
日本,进口,本田DREAMWING,CBF500,本田DREAMWING CBF500,街车,"￥60,000",
日本,进口,本田DREAMWING,CBR 125R,本田DREAMWING CBR 125R,街车,"￥23,800",
日本,进口,本田DREAMWING,CRF1100L Africa Twin,本田DREAMWING CRF1100L Africa Twin,拉力,"￥148,800","￥185,800"
日本,进口,本田DREAMWING,CB500X,本田DREAMWING CB500X,拉力,"￥62,800",
日本,进口,本田DREAMWING,NC750X,本田DREAMWING NC750X,拉力,"￥91,800",
日本,进口,本田DREAMWING,XL750 Transalp,本田DREAMWING XL750 Transalp,拉力,"￥88,800",
日本,进口,本田DREAMWING,Gold Wing GL1800,本田DREAMWING Gold Wing GL1800,旅行,"￥342,800","￥399,800"
日本,进口,本田DREAMWING,NT1100,本田DREAMWING NT1100,旅行,"￥153,800",
日本,进口,本田DREAMWING,CB1300 Super Bol D'or,本田DREAMWING CB1300 Super Bol D'or,旅行,"￥160,800","￥184,800"
日本,进口,本田DREAMWING,Gold Wing GL 1800 F6B,本田DREAMWING Gold Wing GL 1800 F6B,旅行,"￥298,000",
日本,进口,本田DREAMWING,VFR 1200F,本田DREAMWING VFR 1200F,旅行,"￥238,000",
日本,进口,本田DREAMWING,CBR650R,本田DREAMWING CBR650R,跑车,"￥79,800",
日本,进口,本田DREAMWING,CBR500R,本田DREAMWING CBR500R,跑车,"￥63,800",
日本,进口,本田DREAMWING,CBR 1000 RR,本田DREAMWING CBR 1000 RR,跑车,"￥217,900",
,,本田DREAMWING,CBR 1000 RR-R,本田DREAMWING CBR 1000 RR-R,跑车,,
,,本田DREAMWING,CBR 600RR,本田DREAMWING CBR 600RR,跑车,,
,,本田DREAMWING,CBR 250R,本田DREAMWING CBR 250R,跑车,,
,,本田DREAMWING,CBR150R,本田DREAMWING CBR150R,跑车,,
,,本田DREAMWING,CBR400R(海外),本田DREAMWING CBR400R(海外),跑车,,
,,本田DREAMWING,RC213V-S,本田DREAMWING RC213V-S,跑车,,
,,本田DREAMWING,CBR 1100XX Super Blackbird,本田DREAMWING CBR 1100XX Super Blackbird,跑车,,
,,本田DREAMWING,CBR 1000RR-SP,本田DREAMWING CBR 1000RR-SP,跑车,,
日本,进口,本田DREAMWING,CBR650F,本田DREAMWING CBR650F,跑车,"￥100,200","￥102,200"
日本,进口,本田DREAMWING,CBR250RR,本田DREAMWING CBR250RR,跑车,,
日本,进口,本田DREAMWING,CBR300R,本田DREAMWING CBR300R,跑车,,
日本,进口,本田DREAMWING,金翼正三轮,本田DREAMWING 金翼正三轮,三轮,"￥600,000",
日本,进口,本田DREAMWING,X-ADV 750,本田DREAMWING X-ADV 750,踏板,"￥129,800",
日本,进口,本田DREAMWING,NSS750,本田DREAMWING NSS750,踏板,"￥126,800",
日本,进口,本田DREAMWING,Metropolitan,本田DREAMWING Metropolitan,踏板,"￥8,970",
,,本田DREAMWING,CB400,本田DREAMWING CB400,街车,,
,,本田DREAMWING,CB400 SF,本田DREAMWING CB400 SF,街车,,
日本,进口,本田DREAMWING,SH 150i,本田DREAMWING SH 150i,踏板,,
日本,进口,本田DREAMWING,Ruckus,本田DREAMWING Ruckus,踏板,"￥9,800",
,,本田DREAMWING,CB 300F,本田DREAMWING CB 300F,街车,,
,,本田DREAMWING,CB600F Hornet,本田DREAMWING CB600F Hornet,街车,,
,,本田DREAMWING,CB600S Hornet,本田DREAMWING CB600S Hornet,街车,,
,,本田DREAMWING,CBF125 Stunner,本田DREAMWING CBF125 Stunner,街车,,
,,本田DREAMWING,CBF250,本田DREAMWING CBF250,街车,,
日本,进口,本田DREAMWING,Sonic 150R,本田DREAMWING Sonic 150R,弯梁,"￥10,200",
,,本田DREAMWING,CBF600N,本田DREAMWING CBF600N,街车,,
,,本田DREAMWING,CBF600S,本田DREAMWING CBF600S,街车,,
,,本田DREAMWING,CBF 1000,本田DREAMWING CBF 1000,街车,,
,,本田DREAMWING,CBF1000FA,本田DREAMWING CBF1000FA,街车,,
日本,进口,本田DREAMWING,CM500,本田DREAMWING CM500,巡航,"￥59,800",
,,本田DREAMWING,MSX 125RR Repsol Relica,本田DREAMWING MSX 125RR Repsol Relica,街车,,
,,本田DREAMWING,Interceptor VFR800FI,本田DREAMWING Interceptor VFR800FI,街车,,
,,本田DREAMWING,VTR250,本田DREAMWING VTR250,街车,,
,,本田DREAMWING,CB250F Hornet,本田DREAMWING CB250F Hornet,街车,,
,,本田DREAMWING,NSR 250R,本田DREAMWING NSR 250R,街车,,
,,本田DREAMWING,CB750(海外),本田DREAMWING CB750(海外),街车,,
,,本田DREAMWING,CB125T,本田DREAMWING CB125T,街车,,
,,本田DREAMWING,DN-01,本田DREAMWING DN-01,街车,,
,,本田DREAMWING,Dream Yuga,本田DREAMWING Dream Yuga,街车,,
,,本田DREAMWING,CB Shine,本田DREAMWING CB Shine,街车,,
,,本田DREAMWING,CB Unicorn,本田DREAMWING CB Unicorn,街车,,
,,本田DREAMWING,CB Trigger,本田DREAMWING CB Trigger,街车,,
,,本田DREAMWING,Dream Neo,本田DREAMWING Dream Neo,街车,,
,,本田DREAMWING,XL250,本田DREAMWING XL250,街车,,
,,本田DREAMWING,Cross Cub(海外),本田DREAMWING Cross Cub(海外),街车,,
,,本田DREAMWING,CBF 600,本田DREAMWING CBF 600,街车,,
,,本田DREAMWING,VFR 1200FA,本田DREAMWING VFR 1200FA,街车,,
,,本田DREAMWING,CB1100 Naked,本田DREAMWING CB1100 Naked,街车,,
,,本田DREAMWING,Crossrunner,本田DREAMWING Crossrunner,街车,,
,,本田DREAMWING,V4 Crosstourer Concept,本田DREAMWING V4 Crosstourer Concept,街车,,
,,本田DREAMWING,New Mid Concept,本田DREAMWING New Mid Concept,街车,,
,,本田DREAMWING,Gold Wing GL1800 Airbag,本田DREAMWING Gold Wing GL1800 Airbag,街车,,
,,本田DREAMWING,Gold Wing GL1800 Audio Comfort Navigation XM,本田DREAMWING Gold Wing GL1800 Audio Comfort Navigation XM,街车,,
,,本田DREAMWING,Gold Wing GL1800 Audio Comfort,本田DREAMWING Gold Wing GL1800 Audio Comfort,街车,,
,,本田DREAMWING,Crosstourer,本田DREAMWING Crosstourer,街车,,
,,本田DREAMWING,CB 350 Super Sport,本田DREAMWING CB 350 Super Sport,街车,,
,,本田DREAMWING,CB 350 Disc,本田DREAMWING CB 350 Disc,街车,,
,,本田DREAMWING,CB 350F Four,本田DREAMWING CB 350F Four,街车,,
,,本田DREAMWING,CB 350F1 Four,本田DREAMWING CB 350F1 Four,街车,,
,,本田DREAMWING,CB 360G,本田DREAMWING CB 360G,街车,,
,,本田DREAMWING,CB 400F(海外),本田DREAMWING CB 400F(海外),街车,,
,,本田DREAMWING,CB 400A Hondamatic,本田DREAMWING CB 400A Hondamatic,街车,,
,,本田DREAMWING,CB 400N Super Dream,本田DREAMWING CB 400N Super Dream,街车,,
,,本田DREAMWING,CB 400 Super Four,本田DREAMWING CB 400 Super Four,街车,,
,,本田DREAMWING,CB 400 Super Bol Dor,本田DREAMWING CB 400 Super Bol Dor,街车,,
,,本田DREAMWING,CB 400 Super Bol D'or Special Edition,本田DREAMWING CB 400 Super Bol D'or Special Edition,街车,,
,,本田DREAMWING,CB 400 Super Sport,本田DREAMWING CB 400 Super Sport,街车,,
,,本田DREAMWING,CB 400T I Hawk,本田DREAMWING CB 400T I Hawk,街车,,
,,本田DREAMWING,CB 400T II Hawk,本田DREAMWING CB 400T II Hawk,街车,,
,,本田DREAMWING,CB 400T III Hawk,本田DREAMWING CB 400T III Hawk,街车,,
,,本田DREAMWING,CB 450 Black Bomber,本田DREAMWING CB 450 Black Bomber,街车,,
,,本田DREAMWING,CB 450 Police Special,本田DREAMWING CB 450 Police Special,街车,,
,,本田DREAMWING,CB 450K,本田DREAMWING CB 450K,街车,,
,,本田DREAMWING,CB 450,本田DREAMWING CB 450,街车,,
,,本田DREAMWING,CB 450DX,本田DREAMWING CB 450DX,街车,,
,,本田DREAMWING,CB 450S,本田DREAMWING CB 450S,街车,,
,,本田DREAMWING,CB 450SC Nighthawk,本田DREAMWING CB 450SC Nighthawk,街车,,
,,本田DREAMWING,CB 450T,本田DREAMWING CB 450T,街车,,
,,本田DREAMWING,CB 500 Supersport,本田DREAMWING CB 500 Supersport,街车,,
,,本田DREAMWING,CB 500 Four K,本田DREAMWING CB 500 Four K,街车,,
,,本田DREAMWING,CB 500E,本田DREAMWING CB 500E,街车,,
,,本田DREAMWING,CB 500S,本田DREAMWING CB 500S,街车,,
,,本田DREAMWING,CB 500T,本田DREAMWING CB 500T,街车,,
,,本田DREAMWING,CB 550F Super Sport,本田DREAMWING CB 550F Super Sport,街车,,
,,本田DREAMWING,CB 550F2,本田DREAMWING CB 550F2,街车,,
,,本田DREAMWING,CB 550K Four,本田DREAMWING CB 550K Four,街车,,
,,本田DREAMWING,CB 550SC Nighthawk,本田DREAMWING CB 550SC Nighthawk,街车,,
,,本田DREAMWING,SLR 650,本田DREAMWING SLR 650,街车,,
,,本田DREAMWING,C 50 Super Cub,本田DREAMWING C 50 Super Cub,街车,,
,,本田DREAMWING,C 71 Dream,本田DREAMWING C 71 Dream,街车,,
,,本田DREAMWING,C 72 Dream,本田DREAMWING C 72 Dream,街车,,
,,本田DREAMWING,C 110 Super Cub,本田DREAMWING C 110 Super Cub,街车,,
,,本田DREAMWING,CB 125,本田DREAMWING CB 125,街车,,
,,本田DREAMWING,CB 250,本田DREAMWING CB 250,街车,,
,,本田DREAMWING,CB 250T Dream,本田DREAMWING CB 250T Dream,街车,,
,,本田DREAMWING,CB 250N Super Dream,本田DREAMWING CB 250N Super Dream,街车,,
,,本田DREAMWING,CB 250 Super Hawk,本田DREAMWING CB 250 Super Hawk,街车,,
,,本田DREAMWING,CB 250 Two Fifty,本田DREAMWING CB 250 Two Fifty,街车,,
,,本田DREAMWING,CB 250SC Nighthawk,本田DREAMWING CB 250SC Nighthawk,街车,,
,,本田DREAMWING,CBX 750F,本田DREAMWING CBX 750F,街车,,
,,本田DREAMWING,NR 750,本田DREAMWING NR 750,街车,,
,,本田DREAMWING,CB 600F Hornet,本田DREAMWING CB 600F Hornet,街车,,
,,本田DREAMWING,CB 600S Hornet,本田DREAMWING CB 600S Hornet,街车,,
,,本田DREAMWING,CB 650,本田DREAMWING CB 650,街车,,
,,本田DREAMWING,CB 650C Custom,本田DREAMWING CB 650C Custom,街车,,
,,本田DREAMWING,CB 700SC Nighthawk S,本田DREAMWING CB 700SC Nighthawk S,街车,,
,,本田DREAMWING,CB 750,本田DREAMWING CB 750,街车,,
,,本田DREAMWING,CB 750 Custom,本田DREAMWING CB 750 Custom,街车,,
,,本田DREAMWING,AX-1,本田DREAMWING AX-1,街车,,
,,本田DREAMWING,C 70 Super Cub Scooter),本田DREAMWING C 70 Super Cub Scooter),街车,,
,,本田DREAMWING,C 77 Superhawk,本田DREAMWING C 77 Superhawk,街车,,
,,本田DREAMWING,C 92 Benly,本田DREAMWING C 92 Benly,街车,,
,,本田DREAMWING,C 100 Super Cub (Scooter),本田DREAMWING C 100 Super Cub (Scooter),街车,,
,,本田DREAMWING,C 102 Super Cub,本田DREAMWING C 102 Super Cub,街车,,
,,本田DREAMWING,C 110 Super Sports Cub,本田DREAMWING C 110 Super Sports Cub,街车,,
,,本田DREAMWING,C 110i Dream,本田DREAMWING C 110i Dream,街车,,
,,本田DREAMWING,CA 125 Rebel,本田DREAMWING CA 125 Rebel,街车,,
,,本田DREAMWING,CB 125 Benli,本田DREAMWING CB 125 Benli,街车,,
,,本田DREAMWING,CB 125N,本田DREAMWING CB 125N,街车,,
,,本田DREAMWING,CB 125S,本田DREAMWING CB 125S,街车,,
,,本田DREAMWING,CB 125T Custom,本田DREAMWING CB 125T Custom,街车,,
,,本田DREAMWING,CB 125R,本田DREAMWING CB 125R,街车,,
,,本田DREAMWING,CB 175,本田DREAMWING CB 175,街车,,
,,本田DREAMWING,CB 200,本田DREAMWING CB 200,街车,,
,,本田DREAMWING,CB 250RS-Z,本田DREAMWING CB 250RS-Z,街车,,
,,本田DREAMWING,CB 250 Hornet,本田DREAMWING CB 250 Hornet,街车,,
,,本田DREAMWING,CB 250 Jade,本田DREAMWING CB 250 Jade,街车,,
,,本田DREAMWING,CB150R STREETFIRE,本田DREAMWING CB150R STREETFIRE,街车,,
日本,进口,本田DREAMWING,CM1100,本田DREAMWING CM1100,巡航,"￥114,800","￥122,800"
,,本田DREAMWING,SILVER WING GT600,本田DREAMWING SILVER WING GT600,踏板,,
,,本田DREAMWING,Forza 125,本田DREAMWING Forza 125,踏板,,
,,本田DREAMWING,City Adventure Concept,本田DREAMWING City Adventure Concept,踏板,,
,,本田DREAMWING,PCX(海外),本田DREAMWING PCX(海外),踏板,,
,,本田DREAMWING,SH300I,本田DREAMWING SH300I,踏板,,
,,本田DREAMWING,GYRO,本田DREAMWING GYRO,踏板,,
,,本田DREAMWING,Vario,本田DREAMWING Vario,踏板,,
,,本田DREAMWING,CH 250,本田DREAMWING CH 250,踏板,,
,,本田DREAMWING,Aviator,本田DREAMWING Aviator,踏板,,
,,本田DREAMWING,Activa i,本田DREAMWING Activa i,踏板,,
,,本田DREAMWING,Activa 125,本田DREAMWING Activa 125,踏板,,
,,本田DREAMWING,Zoomer-X,本田DREAMWING Zoomer-X,踏板,,
,,本田DREAMWING,PS250,本田DREAMWING PS250,踏板,,
,,本田DREAMWING,PCX 125(海外),本田DREAMWING PCX 125(海外),踏板,,
,,本田DREAMWING,Giorno,本田DREAMWING Giorno,踏板,,
,,本田DREAMWING,Forza 300,本田DREAMWING Forza 300,踏板,,
,,本田DREAMWING,Ruckus NPS50,本田DREAMWING Ruckus NPS50,踏板,,
,,本田DREAMWING,Forza 250,本田DREAMWING Forza 250,踏板,,
,,本田DREAMWING,NC 750D Integra,本田DREAMWING NC 750D Integra,踏板,,
,,本田DREAMWING,LEAD125(海外),本田DREAMWING LEAD125(海外),踏板,,
,,本田DREAMWING,AF 24 Giorno,本田DREAMWING AF 24 Giorno,踏板,,
,,本田DREAMWING,Genio 110,本田DREAMWING Genio 110,踏板,,
,,本田DREAMWING,X-ADV 150,本田DREAMWING X-ADV 150,踏板,,
,,本田DREAMWING,Supra GTR 150,本田DREAMWING Supra GTR 150,踏板,,
,,本田DREAMWING,X-ADV250,本田DREAMWING X-ADV250,踏板,,
,,本田DREAMWING,SH 125i,本田DREAMWING SH 125i,踏板,,
,,本田DREAMWING,CH 125,本田DREAMWING CH 125,踏板,,
,,本田DREAMWING,CB 300R 海外版,本田DREAMWING CB 300R 海外版,复古,,
,,本田DREAMWING,CA 300 Rebel,本田DREAMWING CA 300 Rebel,复古,,
,,本田DREAMWING,CB125R,本田DREAMWING CB125R,复古,,
,,本田DREAMWING,CB4 Concept,本田DREAMWING CB4 Concept,复古,,
,,本田DREAMWING,CB4 Interceptor Concept,本田DREAMWING CB4 Interceptor Concept,复古,,
,,本田DREAMWING,CB 250R,本田DREAMWING CB 250R,复古,,
,,本田DREAMWING,CB400 SS,本田DREAMWING CB400 SS,复古,,
,,本田DREAMWING,Rebel CMX250,本田DREAMWING Rebel CMX250,巡航,,
,,本田DREAMWING,NM4 Vultus,本田DREAMWING NM4 Vultus,巡航,,
,,本田DREAMWING,Shadow Aero VT750,本田DREAMWING Shadow Aero VT750,巡航,,
,,本田DREAMWING,Shadow Spirit VT 750C,本田DREAMWING Shadow Spirit VT 750C,巡航,,
,,本田DREAMWING,VT 750C Shadow Phantom,本田DREAMWING VT 750C Shadow Phantom,巡航,,
,,本田DREAMWING,Shadow RS VT750RS,本田DREAMWING Shadow RS VT750RS,巡航,,
,,本田DREAMWING,Sabre VT1300CS,本田DREAMWING Sabre VT1300CS,巡航,,
,,本田DREAMWING,Stateline VT1300CR,本田DREAMWING Stateline VT1300CR,巡航,,
,,本田DREAMWING,Interstate VT1300CT,本田DREAMWING Interstate VT1300CT,巡航,,
,,本田DREAMWING,Magena250,本田DREAMWING Magena250,巡航,,
日本,进口,本田DREAMWING,Fury VT1300CX,本田DREAMWING Fury VT1300CX,巡航,,
,,本田DREAMWING,CM125,本田DREAMWING CM125,巡航,,
,,本田DREAMWING,CB400X(海外),本田DREAMWING CB400X(海外),拉力,,
,,本田DREAMWING,Crosstourer VFR800X,本田DREAMWING Crosstourer VFR800X,拉力,,
,,本田DREAMWING,VFR 1200X Crosstourer,本田DREAMWING VFR 1200X Crosstourer,拉力,,
,,本田DREAMWING,XRE 300,本田DREAMWING XRE 300,拉力,,
,,本田DREAMWING,XRE300 2019,本田DREAMWING XRE300 2019,拉力,,
,,本田DREAMWING,NC700X,本田DREAMWING NC700X,拉力,,
,,本田DREAMWING,CB150X,本田DREAMWING CB150X,拉力,,
,,本田DREAMWING,NX500,本田DREAMWING NX500,拉力,,
,,本田DREAMWING,NX400(海外),本田DREAMWING NX400(海外),拉力,,
日本,进口,本田DREAMWING,F6C Valkyrie,本田DREAMWING F6C Valkyrie,巡航,"￥298,000",
日本,进口,本田DREAMWING,CRF 450R,本田DREAMWING CRF 450R,越野,"￥69,592","￥128,000"
,,本田DREAMWING,NT 700V,本田DREAMWING NT 700V,旅行,,
,,本田DREAMWING,ST 1300P,本田DREAMWING ST 1300P,旅行,,
,,本田DREAMWING,Navi 110,本田DREAMWING Navi 110,MINI,,
,,本田DREAMWING,CRF250L,本田DREAMWING CRF250L,越野,,
,,本田DREAMWING,CRF 250M,本田DREAMWING CRF 250M,越野,,
,,本田DREAMWING,CRF 250X,本田DREAMWING CRF 250X,越野,,
,,本田DREAMWING,CRF 250 Rally,本田DREAMWING CRF 250 Rally,越野,,
,,本田DREAMWING,CRF 450L,本田DREAMWING CRF 450L,越野,,
,,本田DREAMWING,CRF 450X,本田DREAMWING CRF 450X,越野,,
,,本田DREAMWING,CRF 450 Rally,本田DREAMWING CRF 450 Rally,越野,,
,,本田DREAMWING,XR 150 L,本田DREAMWING XR 150 L,越野,,
,,本田DREAMWING,XR 650L,本田DREAMWING XR 650L,越野,,
,,本田DREAMWING,CRF110F,本田DREAMWING CRF110F,越野,,
,,本田DREAMWING,CRF125F,本田DREAMWING CRF125F,越野,,
,,本田DREAMWING,CRF250F 2019,本田DREAMWING CRF250F 2019,越野,,
,,本田DREAMWING,TRX400X,本田DREAMWING TRX400X,越野,,
,,本田DREAMWING,XR230,本田DREAMWING XR230,越野,,
,,本田DREAMWING,CRF 150,本田DREAMWING CRF 150,越野,,
,,本田DREAMWING,CRF 230F,本田DREAMWING CRF 230F,越野,,
,,本田DREAMWING,CRF 100F,本田DREAMWING CRF 100F,越野,,
,,本田DREAMWING,CRF 80F,本田DREAMWING CRF 80F,越野,,
,,本田DREAMWING,CRF 70F,本田DREAMWING CRF 70F,越野,,
,,本田DREAMWING,CRF 50F,本田DREAMWING CRF 50F,越野,,
日本,进口,本田DREAMWING,CRF250R,本田DREAMWING CRF250R,越野,"￥47,800",
,,本田DREAMWING,C 125 Super Cub,本田DREAMWING C 125 Super Cub,弯梁,,
,,本田DREAMWING,RS150R,本田DREAMWING RS150R,弯梁,,
,,本田DREAMWING,CT125,本田DREAMWING CT125,弯梁,,
,,本田DREAMWING,C 125 Super Cub ABS,本田DREAMWING C 125 Super Cub ABS,弯梁,,
日本,进口,本田WING,CB300R,本田WING CB300R,复古,"￥42,000",
日本,进口,本田WING,CL300,本田WING CL300,复古,"￥35,000",
日本,进口,本田WING,CB400F,本田WING CB400F,街车,"￥33,000","￥39,000"
日本,进口,本田WING,NX400,本田WING NX400,拉力,"￥35,000","￥40,980"
日本,进口,本田WING,CB400X,本田WING CB400X,拉力,"￥41,500","￥47,500"
日本,进口,本田WING,CBR400R,本田WING CBR400R,跑车,"￥36,000","￥42,000"
日本,进口,本田WING,NSS350(进口),本田WING NSS350(进口),踏板,"￥55,500",
日本,合资,本田WING,NSS350,本田WING NSS350,踏板,"￥49,800",
日本,合资,本田WING,Lead125,本田WING Lead125,踏板,"￥16,800",
日本,进口,本田WING,Cross Cub,本田WING Cross Cub,弯梁,"￥13,000","￥14,000"
日本,进口,本田WING,CM300,本田WING CM300,巡航,"￥26,990","￥35,200"
意大利,进口,比亚乔,MP3 300,比亚乔 MP3 300,三轮,"￥78,800",
意大利,进口,比亚乔,MP3 250,比亚乔 MP3 250,三轮,"￥88,000",
意大利,进口,比亚乔,MP3 500,比亚乔 MP3 500,三轮,"￥116,000",
意大利,进口,比亚乔,Lemp3 400,比亚乔 Lemp3 400,三轮,"￥118,000",
意大利,进口,比亚乔,Medley 150,比亚乔 Medley 150,踏板,"￥24,800","￥25,800"
意大利,进口,比亚乔,Beverly 400,比亚乔 Beverly 400,踏板,"￥69,900",
意大利,进口,比亚乔,Liberty 150,比亚乔 Liberty 150,踏板,"￥18,800","￥20,800"
意大利,进口,比亚乔,Liberty One,比亚乔 Liberty One,踏板,"￥16,900",
意大利,进口,比亚乔,Beverly 300,比亚乔 Beverly 300,踏板,"￥59,800",
意大利,进口,比亚乔,LX 150 IE,比亚乔 LX 150 IE,踏板,"￥29,108",
意大利,进口,比亚乔,LXV,比亚乔 LXV,踏板,"￥28,000",
意大利,进口,比亚乔,Beverly 300,比亚乔 Beverly 300,踏板,"￥59,800",
意大利,进口,比亚乔,BV 350,比亚乔 BV 350,踏板,"￥34,914",
意大利,进口,比亚乔,BV Tourer 500,比亚乔 BV Tourer 500,踏板,"￥40,629",
,,比亚乔,Typhoon 125,比亚乔 Typhoon 125,踏板,,
意大利,进口,比亚乔,Fly 50,比亚乔 Fly 50,踏板,"￥13,971",
意大利,进口,比亚乔,LX 50 4V,比亚乔 LX 50 4V,踏板,"￥21,513",
意大利,进口,比亚乔,S 50 4V,比亚乔 S 50 4V,踏板,"￥20,880",
意大利,进口,比亚乔,LXV 150 IE,比亚乔 LXV 150 IE,踏板,"￥34,826",
意大利,进口,比亚乔,GTV 300 IE,比亚乔 GTV 300 IE,踏板,"￥44,326",
,,比亚乔,BV Tourer 250,比亚乔 BV Tourer 250,踏板,,
,,比亚乔,Typhoon 50,比亚乔 Typhoon 50,踏板,,
,,比亚乔,BV Tourer 300,比亚乔 BV Tourer 300,踏板,,
,,比亚乔,Beverly 125,比亚乔 Beverly 125,踏板,,
,,比亚乔,Beverly 250,比亚乔 Beverly 250,踏板,,
,,比亚乔,Beverly 350,比亚乔 Beverly 350,踏板,,
,,比亚乔,BV 500,比亚乔 BV 500,踏板,,
,,比亚乔,LT 50,比亚乔 LT 50,踏板,,
,,比亚乔,LT 150,比亚乔 LT 150,踏板,,
,,比亚乔,X-EVO 125 Sport,比亚乔 X-EVO 125 Sport,踏板,,
,,比亚乔,X8 125,比亚乔 X8 125,踏板,,
,,比亚乔,X8 200,比亚乔 X8 200,踏板,,
,,比亚乔,X8 250,比亚乔 X8 250,踏板,,
,,比亚乔,X8 400,比亚乔 X8 400,踏板,,
,,比亚乔,X9 500,比亚乔 X9 500,踏板,,
,,比亚乔,X9 Evolution 125,比亚乔 X9 Evolution 125,踏板,,
,,比亚乔,X9 Evolution 250,比亚乔 X9 Evolution 250,踏板,,
,,比亚乔,X10 350,比亚乔 X10 350,踏板,,
,,比亚乔,X10 500,比亚乔 X10 500,踏板,,
,,比亚乔,Zip 50 2T,比亚乔 Zip 50 2T,踏板,,
,,比亚乔,Beverly Sport Touring 350,比亚乔 Beverly Sport Touring 350,踏板,,
,,比亚乔,Zip 50 Special Edition,比亚乔 Zip 50 Special Edition,踏板,,
意大利,进口,比亚乔,Fly 150,比亚乔 Fly 150,踏板,"￥18,472",
,,比亚乔,MP3 400,比亚乔 MP3 400,三轮,,
,,比亚乔,MP3 125,比亚乔 MP3 125,三轮,,
,,比亚乔,MP3 125LT Hybrid,比亚乔 MP3 125LT Hybrid,三轮,,
,,比亚乔,MP3 125IE,比亚乔 MP3 125IE,三轮,,
,,比亚乔,MP3 300LT Hybrid,比亚乔 MP3 300LT Hybrid,三轮,,
,,比亚乔,MP3 300LT,比亚乔 MP3 300LT,三轮,,
,,比亚乔,MP3 300 Sport ASR,比亚乔 MP3 300 Sport ASR,三轮,,
,,比亚乔,MP3 400ie,比亚乔 MP3 400ie,三轮,,
,,比亚乔,MP3 400ie Touring,比亚乔 MP3 400ie Touring,三轮,,
,,比亚乔,MP3 500 Sport,比亚乔 MP3 500 Sport,三轮,,
,,比亚乔,MP3 500 Sport LT,比亚乔 MP3 500 Sport LT,三轮,,
,,比亚乔,MP3 500 HPE Business,比亚乔 MP3 500 HPE Business,三轮,,
,,标本,徽哥150,标本 徽哥150,踏板,"￥7,980",
,,标本,维诺拉150,标本 维诺拉150,踏板,"￥12,800","￥13,180"
,,标本,ZUY,标本 ZUY,踏板,"￥9,980","￥10,800"
,,标本,小霸王,标本 小霸王,踏板,,
法国,进口,标致,大都会 Metropolis 400i,标致 大都会 Metropolis 400i,三轮,"￥129,800",
法国,进口,标致,Django Classic,标致 Django Classic,踏板,"￥13,800","￥20,800"
法国,进口,标致,XP400,标致 XP400,踏板,"￥54,800","￥59,800"
法国,进口,标致,SpeedFight 4+,标致 SpeedFight 4+,踏板,"￥13,800",
法国,进口,标致,Django EVO,标致 Django EVO,踏板,"￥22,800",
法国,进口,标致,城市之星 CityStar 200,标致 城市之星 CityStar 200,踏板,"￥26,800",
法国,进口,标致,Vivacity125 复古版,标致 Vivacity125 复古版,踏板,"￥11,800",
法国,进口,标致,Kisbee100 SportLine,标致 Kisbee100 SportLine,踏板,"￥8,800",
法国,进口,标致,SpeedFight125,标致 SpeedFight125,踏板,"￥12,800",
法国,进口,标致,Kisbee100 Trend,标致 Kisbee100 Trend,踏板,"￥8,580","￥8,680"
法国,进口,标致,Satelis,标致 Satelis,踏板,"￥130,000",
法国,进口,标致,Kisbee100 RS,标致 Kisbee100 RS,踏板,"￥8,800",
法国,进口,标致,SpeedFight 3 RS,标致 SpeedFight 3 RS,踏板,"￥12,800",
法国,进口,标致,StreetZone100,标致 StreetZone100,踏板,"￥8,780",
法国,进口,标致,SpeedFight3,标致 SpeedFight3,踏板,"￥12,800",
法国,进口,标致,Vivacity125,标致 Vivacity125,踏板,"￥9,680","￥10,580"
法国,进口,标致,Django 120,标致 Django 120,踏板,"￥21,800",
,,标致,Belville 125 Allure / RS,标致 Belville 125 Allure / RS,踏板,,
,,标致,Belville 200 Allure / RS,标致 Belville 200 Allure / RS,踏板,,
,,标致,BlackSat 125,标致 BlackSat 125,踏板,,
,,标致,Blaster 50 / R-Cup / RS,标致 Blaster 50 / R-Cup / RS,踏板,,
,,标致,Geopolis 300GT,标致 Geopolis 300GT,踏板,,
,,滨崎,锐鹰UA,滨崎 锐鹰UA,踏板,"￥5,980",
,,滨崎,酷狗,滨崎 酷狗,踏板,"￥6,680",
,,滨崎,滨戈,滨崎 滨戈,踏板,"￥6,780",
,,波速尔,精灵60,波速尔 精灵60,MINI,"￥3,980",
,,波速尔,M5,波速尔 M5,越野,"￥7,880",
,,波速尔,M1,波速尔 M1,越野,"￥8,580",
,,波速尔,猎豹,波速尔 猎豹,越野,"￥7,580",
,,波速尔,猛禽,波速尔 猛禽,越野,"￥22,800",
,,波速尔,M4 竞技版,波速尔 M4 竞技版,越野,"￥20,800",
,,波速尔,PH02E,波速尔 PH02E,越野,"￥5,380",
,,波速尔,M11,波速尔 M11,越野,"￥10,800",
,,波速尔,M10,波速尔 M10,越野,"￥12,980",
,,波速尔,M9,波速尔 M9,越野,"￥20,800",
,,波速尔,M6,波速尔 M6,越野,"￥15,800",
,,波速尔,J11,波速尔 J11,越野,"￥11,980",
,,波速尔,J3D,波速尔 J3D,越野,"￥8,480",
,,波速尔,J5R,波速尔 J5R,越野,"￥19,800",
,,波速尔,XT-1,波速尔 XT-1,其他,"￥6,280",
,,博斯豪斯,Standard Bike,博斯豪斯 Standard Bike,巡航,,
,,博斯豪斯,Super Sport Bike,博斯豪斯 Super Sport Bike,巡航,,
,,博斯豪斯,Standard Bike Bagger,博斯豪斯 Standard Bike Bagger,巡航,,
德国,进口,博速,1300R,博速 1300R,街车,"￥708,888",
,,布尔,1125R,布尔 1125R,街车,,
,,布尔,1125CR,布尔 1125CR,街车,,
,,布尔,Ulysses XB12X,布尔 Ulysses XB12X,街车,,
,,布尔,Ulysses XB12XT,布尔 Ulysses XB12XT,街车,,
,,布尔,Lightning XB12Ss,布尔 Lightning XB12Ss,街车,,
,,布尔,Lightning XB12Scg,布尔 Lightning XB12Scg,街车,,
,,布尔,Lightning CityX XB12SX,布尔 Lightning CityX XB12SX,街车,,
,,布尔,Lightning CityX XB9SX,布尔 Lightning CityX XB9SX,街车,,
,,布尔,Firebolt XB12R,布尔 Firebolt XB12R,街车,,
,,布雷斯通,漫卡,布雷斯通 漫卡,踏板,"￥9,999","￥12,880"
,,布雷斯通,摩卡,布雷斯通 摩卡,踏板,"￥12,880",
,,布雷斯通,极宙 ADV150,布雷斯通 极宙 ADV150,踏板,"￥12,980",
,,布雷斯通,极岳,布雷斯通 极岳,踏板,"￥14,980","￥16,880"
,,布雷斯通,蓝卡150,布雷斯通 蓝卡150,踏板,"￥9,980","￥12,998"
,,布雷斯通,BL150T-6E,布雷斯通 BL150T-6E,踏板,,
,,布沃克,VMX,布沃克 VMX,复古,"￥8,680",
,,布沃克,霸路特V600,布沃克 霸路特V600,巡航,"￥43,800",
,,布沃克,JY250硬尾版,布沃克 JY250硬尾版,巡航,"￥18,800","￥20,800"
,,布沃克,火石250,布沃克 火石250,巡航,"￥21,800","￥22,800"
,,布沃克,JY250软尾版,布沃克 JY250软尾版,巡航,"￥24,800",
,,柴特,ZFR525C 复仇者,柴特 ZFR525C 复仇者,跑车,"￥26,900","￥29,900"
,,柴特,雷鸟,柴特 雷鸟,街车,,
,,柴特,Naja250 软尾版,柴特 Naja250 软尾版,巡航,"￥23,800",
,,柴特,博格 V250 软尾版,柴特 博格 V250 软尾版,巡航,"￥26,800","￥28,800"
,,柴特,博格 V250 硬尾版,柴特 博格 V250 硬尾版,巡航,"￥25,800",
,,柴特,撼路者316,柴特 撼路者316,巡航,"￥23,800",
,,柴特,Vincent文森特V316,柴特 Vincent文森特V316,巡航,"￥23,800",
,,柴特,One-Joy,柴特 One-Joy,MINI,"￥8,800","￥10,600"
日本,进口,川崎,Z900RS,川崎 Z900RS,复古,"￥139,000","￥149,000"
日本,进口,川崎,Z650RS,川崎 Z650RS,复古,"￥84,900","￥87,900"
日本,进口,川崎,W800,川崎 W800,复古,"￥108,900","￥115,900"
日本,进口,川崎,Z900,川崎 Z900,街车,"￥89,800","￥117,900"
日本,进口,川崎,Z400,川崎 Z400,街车,"￥47,800",
日本,进口,川崎,Z1000,川崎 Z1000,街车,"￥154,000","￥169,000"
日本,进口,川崎,Z H2,川崎 Z H2,街车,"￥239,000","￥269,000"
日本,进口,川崎,Z650,川崎 Z650,街车,"￥64,800",
日本,进口,川崎,Z800,川崎 Z800,街车,"￥118,000",
日本,进口,川崎,ZRX1200 Daeg,川崎 ZRX1200 Daeg,街车,"￥92,982",
日本,进口,川崎,ZZR1400,川崎 ZZR1400,街车,"￥190,900",
日本,进口,川崎,Z 250SL,川崎 Z 250SL,街车,"￥32,900","￥35,000"
日本,进口,川崎,Z 250 ABS,川崎 Z 250 ABS,街车,"￥41,900","￥42,900"
日本,进口,川崎,ER-6n,川崎 ER-6n,街车,"￥75,580","￥76,000"
日本,进口,川崎,Versys 650,川崎 Versys 650,拉力,"￥79,800",
日本,进口,川崎,Versys-X 300,川崎 Versys-X 300,拉力,"￥47,500","￥52,900"
日本,进口,川崎,Versys 1000,川崎 Versys 1000,拉力,"￥159,000",
日本,进口,川崎,Ninja H2 SX,川崎 Ninja H2 SX,旅行,"￥328,800",
日本,进口,川崎,Ninja 1000SX,川崎 Ninja 1000SX,旅行,"￥179,200",
日本,进口,川崎,Ninja ZX-14R,川崎 Ninja ZX-14R,旅行,,
日本,进口,川崎,Ninja 1000 ABS,川崎 Ninja 1000 ABS,旅行,"￥190,000",
日本,进口,川崎,Ninja 400,川崎 Ninja 400,跑车,"￥49,800","￥50,800"
日本,进口,川崎,ZX-4R,川崎 ZX-4R,跑车,"￥69,800","￥77,500"
日本,进口,川崎,Ninja ZX-6R,川崎 Ninja ZX-6R,跑车,"￥109,800",
日本,进口,川崎,Ninja H2,川崎 Ninja H2,跑车,"￥442,000",
日本,进口,川崎,Ninja 650,川崎 Ninja 650,跑车,"￥69,300","￥69,800"
日本,进口,川崎,Ninja ZX-10R,川崎 Ninja ZX-10R,跑车,"￥256,800","￥369,800"
日本,进口,川崎,Ninja H2R,川崎 Ninja H2R,跑车,,
日本,进口,川崎,Ninja 250R,川崎 Ninja 250R,跑车,"￥42,900",
日本,进口,川崎,Ninja 250,川崎 Ninja 250,跑车,,
日本,进口,川崎,ZX-10R (海外),川崎 ZX-10R (海外),跑车,,
日本,进口,川崎,ER-6f,川崎 ER-6f,跑车,"￥79,500",
日本,进口,川崎,Ninja 250SL,川崎 Ninja 250SL,跑车,"￥28,700","￥32,800"
日本,进口,川崎,JET SKI ULTRA 310,川崎 JET SKI ULTRA 310,其他,"￥198,000","￥208,000"
,,川崎,Ninja ZX-25R,川崎 Ninja ZX-25R,跑车,,
,,川崎,Ninja 300,川崎 Ninja 300,跑车,,
,,川崎,Ninja ZX-10RR(海外),川崎 Ninja ZX-10RR(海外),跑车,,
,,川崎,Ninja 125,川崎 Ninja 125,跑车,,
,,川崎,ZXR 400,川崎 ZXR 400,跑车,,
,,川崎,ZXR 250,川崎 ZXR 250,跑车,,
,,川崎,ZX-6R Ninja(海外),川崎 ZX-6R Ninja(海外),跑车,,
,,川崎,ZX-7RR,川崎 ZX-7RR,跑车,,
,,川崎,Ninja ZX-10R(海外),川崎 Ninja ZX-10R(海外),跑车,,
,,川崎,Ninja 500,川崎 Ninja 500,跑车,,
,,川崎,ER-4N,川崎 ER-4N,街车,,
,,川崎,Z300,川崎 Z300,街车,,
日本,进口,川崎,Eliminator 500,川崎 Eliminator 500,巡航,"￥46,800","￥48,800"
日本,进口,川崎,Vulcan S,川崎 Vulcan S,巡航,"￥68,800","￥69,800"
日本,进口,川崎,Vulcan 1700 Vaquero,川崎 Vulcan 1700 Vaquero,巡航,"￥254,800",
,,川崎,Z125 Pro,川崎 Z125 Pro,街车,,
,,川崎,Z 125,川崎 Z 125,街车,,
,,川崎,Z750,川崎 Z750,街车,,
日本,进口,川崎,KX250,川崎 KX250,越野,"￥77,800","￥79,800"
,,川崎,Ninja 650R,川崎 Ninja 650R,街车,,
,,川崎,Z750 R,川崎 Z750 R,街车,,
,,川崎,S1 250SS MKI,川崎 S1 250SS MKI,街车,,
,,川崎,S2 350SS MKII,川崎 S2 350SS MKII,街车,,
,,川崎,S3 400SS MKII,川崎 S3 400SS MKII,街车,,
,,川崎,GPz 250,川崎 GPz 250,街车,,
,,川崎,GPz 250R,川崎 GPz 250R,街车,,
,,川崎,GPz 305 Belt Drive,川崎 GPz 305 Belt Drive,街车,,
,,川崎,GPz 400F-II,川崎 GPz 400F-II,街车,,
,,川崎,GPz 400S,川崎 GPz 400S,街车,,
,,川崎,GPz 550,川崎 GPz 550,街车,,
,,川崎,GPz 600R Ninja,川崎 GPz 600R Ninja,街车,,
,,川崎,GPz 750,川崎 GPz 750,街车,,
,,川崎,GPz 750F,川崎 GPz 750F,街车,,
,,川崎,GPz 750 Turbo,川崎 GPz 750 Turbo,街车,,
,,川崎,GPz 750R,川崎 GPz 750R,街车,,
,,川崎,GPz 1000RX,川崎 GPz 1000RX,街车,,
,,川崎,GPz 1100-B1,川崎 GPz 1100-B1,街车,,
,,川崎,GPz 1100-B2,川崎 GPz 1100-B2,街车,,
,,川崎,GPz 1100 A1,川崎 GPz 1100 A1,街车,,
,,川崎,GPz 1100 A2/A3,川崎 GPz 1100 A2/A3,街车,,
,,川崎,GPz 1100 ABS,川崎 GPz 1100 ABS,街车,,
,,川崎,GT 550,川崎 GT 550,街车,,
,,川崎,GTO 125,川崎 GTO 125,街车,,
,,川崎,GTR 1000,川崎 GTR 1000,街车,,
,,川崎,G3-SS,川崎 G3-SS,街车,,
,,川崎,H1 500 Mach III,川崎 H1 500 Mach III,街车,,
,,川崎,H2 750 Mach IV,川崎 H2 750 Mach IV,街车,,
,,川崎,H2 750A Mach IV,川崎 H2 750A Mach IV,街车,,
,,川崎,H2 750B Mach IV,川崎 H2 750B Mach IV,街车,,
,,川崎,H2 750C Mach IV,川崎 H2 750C Mach IV,街车,,
,,川崎,Z 125 Pro KRT,川崎 Z 125 Pro KRT,街车,,
,,川崎,Z125,川崎 Z125,街车,,
,,川崎,Z 200,川崎 Z 200,街车,,
,,川崎,Z 250FS,川崎 Z 250FS,街车,,
,,川崎,Z 250FT,川崎 Z 250FT,街车,,
,,川崎,Z 250LTD,川崎 Z 250LTD,街车,,
,,川崎,Z 250,川崎 Z 250,街车,,
,,川崎,Z 305CSR,川崎 Z 305CSR,街车,,
,,川崎,Z 300,川崎 Z 300,街车,,
,,川崎,Z 400(经典),川崎 Z 400(经典),街车,,
,,川崎,Z 400 Delux,川崎 Z 400 Delux,街车,,
,,川崎,Z 400 Special,川崎 Z 400 Special,街车,,
,,川崎,Z 400 Custom,川崎 Z 400 Custom,街车,,
,,川崎,Z 400LTD,川崎 Z 400LTD,街车,,
,,川崎,Z 400LTD-II,川崎 Z 400LTD-II,街车,,
,,川崎,Z 400LTD Belt Drive,川崎 Z 400LTD Belt Drive,街车,,
,,川崎,Z 400J,川崎 Z 400J,街车,,
,,川崎,Z400FX,川崎 Z400FX,街车,,
,,川崎,Z 400F-II,川崎 Z 400F-II,街车,,
,,川崎,Z 400GP,川崎 Z 400GP,街车,,
,,川崎,Z 440C,川崎 Z 440C,街车,,
,,川崎,Z 440H,川崎 Z 440H,街车,,
,,川崎,Z 440LTD,川崎 Z 440LTD,街车,,
,,川崎,Z 500 Classic,川崎 Z 500 Classic,街车,,
,,川崎,Z 550F,川崎 Z 550F,街车,,
,,川崎,Z 550LTD,川崎 Z 550LTD,街车,,
,,川崎,Z 650SR,川崎 Z 650SR,街车,,
,,川崎,Z 650 Custom,川崎 Z 650 Custom,街车,,
,,川崎,Z 650LTD,川崎 Z 650LTD,街车,,
,,川崎,Z 750 Twin,川崎 Z 750 Twin,街车,,
,,川崎,Z2 750RS,川崎 Z2 750RS,街车,,
,,川崎,Z 750F,川崎 Z 750F,街车,,
,,川崎,Z 750F Export,川崎 Z 750F Export,街车,,
,,川崎,Z 750FX,川崎 Z 750FX,街车,,
,,川崎,Z 750FX-II,川崎 Z 750FX-II,街车,,
,,川崎,Z 750FX-III,川崎 Z 750FX-III,街车,,
,,川崎,Z 750E,川崎 Z 750E,街车,,
,,川崎,Z 750L,川崎 Z 750L,街车,,
,,川崎,Z 750LTD,川崎 Z 750LTD,街车,,
,,川崎,Z 750N Spectra,川崎 Z 750N Spectra,街车,,
,,川崎,ZX-R 250 Ninja,川崎 ZX-R 250 Ninja,街车,,
,,川崎,ZX-400,川崎 ZX-400,街车,,
,,川崎,ZX-400 F3,川崎 ZX-400 F3,街车,,
,,川崎,ZX-R 400,川崎 ZX-R 400,街车,,
,,川崎,ZX-R 400-SP,川崎 ZX-R 400-SP,街车,,
,,川崎,ZX-6 Ninja,川崎 ZX-6 Ninja,街车,,
,,川崎,ZX-R 750 H1,川崎 ZX-R 750 H1,街车,,
,,川崎,ZX-R 750 H2,川崎 ZX-R 750 H2,街车,,
,,川崎,ZX-R 750 J1,川崎 ZX-R 750 J1,街车,,
,,川崎,ZX-R 750R K,川崎 ZX-R 750R K,街车,,
,,川崎,ZX-R 750 J2,川崎 ZX-R 750 J2,街车,,
,,川崎,ZX-R 750 L,川崎 ZX-R 750 L,街车,,
,,川崎,ZX-R 750R-M,川崎 ZX-R 750R-M,街车,,
,,川崎,ZX-R 750L,川崎 ZX-R 750L,街车,,
,,川崎,ZX-7R,川崎 ZX-7R,街车,,
,,川崎,ZX 900 Ninja,川崎 ZX 900 Ninja,街车,,
,,川崎,ZX-9R,川崎 ZX-9R,街车,,
,,川崎,ZX-10,川崎 ZX-10,街车,,
,,川崎,ZX-10R Ninja MotoGP Replica,川崎 ZX-10R Ninja MotoGP Replica,街车,,
,,川崎,ZX-10R Ninja Special Edition,川崎 ZX-10R Ninja Special Edition,街车,,
,,川崎,VN 650 Vulcan S,川崎 VN 650 Vulcan S,街车,,
,,川崎,VN 650 Vulcan S Café,川崎 VN 650 Vulcan S Café,街车,,
,,川崎,VN 750 Vulcan,川崎 VN 750 Vulcan,街车,,
,,川崎,VN 800 Vulcan Classic,川崎 VN 800 Vulcan Classic,街车,,
,,川崎,W2 650,川崎 W2 650,街车,,
,,川崎,W3 650,川崎 W3 650,街车,,
,,川崎,W 250,川崎 W 250,街车,,
,,川崎,W 400,川崎 W 400,街车,,
,,川崎,W 650,川崎 W 650,街车,,
,,川崎,W 800 Special Edition,川崎 W 800 Special Edition,街车,,
,,川崎,W 800 Chrome Special Edition,川崎 W 800 Chrome Special Edition,街车,,
,,川崎,W 800 Limited Edition,川崎 W 800 Limited Edition,街车,,
,,川崎,ZL 250LX Eliminator,川崎 ZL 250LX Eliminator,街车,,
,,川崎,ZL 400 Eliminator,川崎 ZL 400 Eliminator,街车,,
,,川崎,ZL 400LEliminator,川崎 ZL 400LEliminator,街车,,
,,川崎,ZL 600 Eliminator,川崎 ZL 600 Eliminator,街车,,
,,川崎,ZL 750 Eliminator,川崎 ZL 750 Eliminator,街车,,
,,川崎,ZL 1000 Eliminator,川崎 ZL 1000 Eliminator,街车,,
,,川崎,ZR,川崎 ZR,街车,,
,,川崎,ZR 400X Zephyr,川崎 ZR 400X Zephyr,街车,,
,,川崎,ZR 400 Xanthus,川崎 ZR 400 Xanthus,街车,,
,,川崎,ZR 550 Zephyr,川崎 ZR 550 Zephyr,街车,,
,,川崎,ZR-7,川崎 ZR-7,街车,,
,,川崎,ZR-7S,川崎 ZR-7S,街车,,
,,川崎,ZR 1100 Zephyr,川崎 ZR 1100 Zephyr,街车,,
,,川崎,ZR 1100RS Zephyr,川崎 ZR 1100RS Zephyr,街车,,
,,川崎,ZR-X 400,川崎 ZR-X 400,街车,,
,,川崎,ZR-X 400 Lawson Replica,川崎 ZR-X 400 Lawson Replica,街车,,
,,川崎,ZR-X 400-II,川崎 ZR-X 400-II,街车,,
,,川崎,ZR-X 1100,川崎 ZR-X 1100,街车,,
,,川崎,ZR-X 1200,川崎 ZR-X 1200,街车,,
,,川崎,ZR-X 1200S,川崎 ZR-X 1200S,街车,,
,,川崎,ZR-X 1200R,川崎 ZR-X 1200R,街车,,
,,川崎,ZR-X 1200R DAEG Special Edition,川崎 ZR-X 1200R DAEG Special Edition,街车,,
,,川崎,KH 400,川崎 KH 400,街车,,
,,川崎,KL 250,川崎 KL 250,街车,,
,,川崎,KH 500,川崎 KH 500,街车,,
,,川崎,Z 750,川崎 Z 750,街车,,
,,川崎,Z 750R,川崎 Z 750R,街车,,
,,川崎,Z 750R Black Special Edition,川崎 Z 750R Black Special Edition,街车,,
,,川崎,Z 750S,川崎 Z 750S,街车,,
,,川崎,Z 900RS Café,川崎 Z 900RS Café,街车,,
,,川崎,Z 900 A2 Rider Edition,川崎 Z 900 A2 Rider Edition,街车,,
,,川崎,Z 1000,川崎 Z 1000,街车,,
,,川崎,Z 1000 Special Edtion,川崎 Z 1000 Special Edtion,街车,,
,,川崎,Z 1000 ABS,川崎 Z 1000 ABS,街车,,
,,川崎,Z 1000R,川崎 Z 1000R,街车,,
,,川崎,Z 1000SX,川崎 Z 1000SX,街车,,
,,川崎,Z 1000S,川崎 Z 1000S,街车,,
,,川崎,Z 1000SX ABS,川崎 Z 1000SX ABS,街车,,
,,川崎,Z1,川崎 Z1,街车,,
,,川崎,Z1-A,川崎 Z1-A,街车,,
,,川崎,Z1 900,川崎 Z1 900,街车,,
,,川崎,Z 1000A1,川崎 Z 1000A1,街车,,
,,川崎,Z 1000 Z1-R,川崎 Z 1000 Z1-R,街车,,
,,川崎,Z 1000 MKII,川崎 Z 1000 MKII,街车,,
,,川崎,Z 1000LTD,川崎 Z 1000LTD,街车,,
,,川崎,Z 1000ST,川崎 Z 1000ST,街车,,
,,川崎,Z 1000H,川崎 Z 1000H,街车,,
,,川崎,Z 1000J,川崎 Z 1000J,街车,,
,,川崎,Z 1000R Edie Lawson Replica,川崎 Z 1000R Edie Lawson Replica,街车,,
,,川崎,Z 1000R-II Edie Lawson Replica,川崎 Z 1000R-II Edie Lawson Replica,街车,,
,,川崎,Z 1100 A1,川崎 Z 1100 A1,街车,,
,,川崎,Z 1100D Spectre,川崎 Z 1100D Spectre,街车,,
,,川崎,Z 1100R,川崎 Z 1100R,街车,,
,,川崎,Z 1300,川崎 Z 1300,街车,,
,,川崎,Z 1300i,川崎 Z 1300i,街车,,
,,川崎,ZX-12R Ninja,川崎 ZX-12R Ninja,街车,,
,,川崎,ZX-14 Ninja,川崎 ZX-14 Ninja,街车,,
,,川崎,ZX-14 Ninja Special Edition,川崎 ZX-14 Ninja Special Edition,街车,,
,,川崎,ZX-14R Ninja 30th Anniversery Special Edition,川崎 ZX-14R Ninja 30th Anniversery Special Edition,街车,,
,,川崎,ZZ-R 400,川崎 ZZ-R 400,街车,,
,,川崎,ZZ-R 600,川崎 ZZ-R 600,街车,,
,,川崎,ZZ-R 1100 C,川崎 ZZ-R 1100 C,街车,,
,,川崎,ZZ-R 1100 D,川崎 ZZ-R 1100 D,街车,,
,,川崎,ZZ-R 1200,川崎 ZZ-R 1200,街车,,
,,川崎,ZZ-R 1400 Special Edition,川崎 ZZ-R 1400 Special Edition,街车,,
,,川崎,ZZ-R 1400 Monster Energy Special Edition,川崎 ZZ-R 1400 Monster Energy Special Edition,街车,,
,,川崎,ZZ-R 1400 Performance Sport,川崎 ZZ-R 1400 Performance Sport,街车,,
,,川崎,A1 250 Samurai,川崎 A1 250 Samurai,街车,,
,,川崎,AR 50,川崎 AR 50,街车,,
,,川崎,AR 80,川崎 AR 80,街车,,
,,川崎,AR 125,川崎 AR 125,街车,,
,,川崎,BJ 250 Estrella,川崎 BJ 250 Estrella,街车,,
,,川崎,BJ 250 Estrella Custom,川崎 BJ 250 Estrella Custom,街车,,
,,川崎,BR 250 Casual Sports,川崎 BR 250 Casual Sports,街车,,
,,川崎,EL 125 Eliminator,川崎 EL 125 Eliminator,街车,,
,,川崎,EL 252 Eliminator,川崎 EL 252 Eliminator,街车,,
,,川崎,EN 400 Vulcan,川崎 EN 400 Vulcan,街车,,
,,川崎,EN 450 LTD,川崎 EN 450 LTD,街车,,
,,川崎,E,川崎 E,街车,,
,,川崎,EN 500C Vulcan Classic,川崎 EN 500C Vulcan Classic,街车,,
,,川崎,ER-5 Twister,川崎 ER-5 Twister,街车,,
日本,进口,川崎,KLX230,川崎 KLX230,越野,"￥37,900","￥39,900"
,,川崎,EX 400 Ninja,川崎 EX 400 Ninja,街车,,
,,川崎,FX 400R,川崎 FX 400R,街车,,
,,川崎,GPX 600R Ninja,川崎 GPX 600R Ninja,街车,,
,,川崎,GPX 750R,川崎 GPX 750R,街车,,
,,川崎,Z500,川崎 Z500,街车,,
,,川崎,J300,川崎 J300,踏板,,
,,川崎,J125 2019,川崎 J125 2019,踏板,,
,,川崎,BJ250 Estrella,川崎 BJ250 Estrella,复古,,
,,川崎,ZR 400 Zephyr,川崎 ZR 400 Zephyr,复古,,
日本,进口,川崎,KLX125,川崎 KLX125,越野,"￥22,330","￥43,900"
,,川崎,Concours 14,川崎 Concours 14,巡航,,
,,川崎,Vulcan S SE,川崎 Vulcan S SE,巡航,,
,,川崎,Vulcan 900 Classic,川崎 Vulcan 900 Classic,巡航,,
,,川崎,Vulcan 900 Classic LT,川崎 Vulcan 900 Classic LT,巡航,,
,,川崎,Vulcan 900 Custom,川崎 Vulcan 900 Custom,巡航,,
,,川崎,Vulcan 2000,川崎 Vulcan 2000,巡航,,
,,川崎,Vulcan 1700 Classic,川崎 Vulcan 1700 Classic,巡航,,
,,川崎,Vulcan 1700 Nomad,川崎 Vulcan 1700 Nomad,巡航,,
,,川崎,Vulcan 1700 Classic LT,川崎 Vulcan 1700 Classic LT,巡航,,
,,川崎,Vulcan 900 Classic SE,川崎 Vulcan 900 Classic SE,巡航,,
,,川崎,VN 500 Vulcan LTD,川崎 VN 500 Vulcan LTD,巡航,,
,,川崎,VN 650 Vulcan S S.E,川崎 VN 650 Vulcan S S.E,巡航,,
,,川崎,VN 800 Vulcan,川崎 VN 800 Vulcan,巡航,,
,,川崎,VN 800 Vulcan Drifter,川崎 VN 800 Vulcan Drifter,巡航,,
,,川崎,VN 900 Vulcan Classic,川崎 VN 900 Vulcan Classic,巡航,,
,,川崎,VN 900 Vulcan Classic S.E.,川崎 VN 900 Vulcan Classic S.E.,巡航,,
,,川崎,VN 900 Vulcan Classic LT,川崎 VN 900 Vulcan Classic LT,巡航,,
,,川崎,VN 900 Vulcan Classic LT Special Edition,川崎 VN 900 Vulcan Classic LT Special Edition,巡航,,
,,川崎,VN 900 Vulcan Custom,川崎 VN 900 Vulcan Custom,巡航,,
,,川崎,VN 900 Vulcan Custom Ebony Special Edition,川崎 VN 900 Vulcan Custom Ebony Special Edition,巡航,,
,,川崎,VN 900 Vulcan Custom S.E.,川崎 VN 900 Vulcan Custom S.E.,巡航,,
,,川崎,VN 1500 Vulcan,川崎 VN 1500 Vulcan,巡航,,
,,川崎,VN 1500 Vulcan Classic,川崎 VN 1500 Vulcan Classic,巡航,,
,,川崎,VN 1500 Vulcan Classic Anniversery S.E.,川崎 VN 1500 Vulcan Classic Anniversery S.E.,巡航,,
,,川崎,VN 1500 Vulcan Classic Tourer FI,川崎 VN 1500 Vulcan Classic Tourer FI,巡航,,
,,川崎,VN 1500 Vulcan Classic Drifter,川崎 VN 1500 Vulcan Classic Drifter,巡航,,
,,川崎,VN 1500 Vulcan Mean Streak,川崎 VN 1500 Vulcan Mean Streak,巡航,,
,,川崎,VN 1500 Vulcan Nomad FI,川崎 VN 1500 Vulcan Nomad FI,巡航,,
,,川崎,VN 1600 Vulcan Classic,川崎 VN 1600 Vulcan Classic,巡航,,
,,川崎,VN 1600 Vulcan Mean Streak,川崎 VN 1600 Vulcan Mean Streak,巡航,,
,,川崎,VN 1600 Vulcan Nomad,川崎 VN 1600 Vulcan Nomad,巡航,,
,,川崎,VN 1700 Vulcan Classic,川崎 VN 1700 Vulcan Classic,巡航,,
,,川崎,VN 1700 Vulcan Classic LT,川崎 VN 1700 Vulcan Classic LT,巡航,,
,,川崎,VN 1700 Vulcan Nomad,川崎 VN 1700 Vulcan Nomad,巡航,,
,,川崎,VN 1700 Vulcan Vaquero,川崎 VN 1700 Vulcan Vaquero,巡航,,
,,川崎,VN 1700 Vulcan Vaquero S.E.,川崎 VN 1700 Vulcan Vaquero S.E.,巡航,,
,,川崎,VN 2000 Vulcan,川崎 VN 2000 Vulcan,巡航,,
,,川崎,VN 2000 Vulcan Limited Edition,川崎 VN 2000 Vulcan Limited Edition,巡航,,
,,川崎,VN 2000 Vulcan Classic,川崎 VN 2000 Vulcan Classic,巡航,,
,,川崎,VN 2000 Vulcan Classic LT,川崎 VN 2000 Vulcan Classic LT,巡航,,
,,川崎,ZN 700 LTD,川崎 ZN 700 LTD,巡航,,
,,川崎,ZR 750 Zephyr,川崎 ZR 750 Zephyr,巡航,,
,,川崎,KLX250 SF,川崎 KLX250 SF,拉力,,
,,川崎,Versys 650s,川崎 Versys 650s,拉力,,
,,川崎,Versys 650 LT,川崎 Versys 650 LT,拉力,,
,,川崎,Versys-X250 Tourer,川崎 Versys-X250 Tourer,拉力,,
日本,进口,川崎,KLX 110,川崎 KLX 110,越野,"￥18,092",
,,川崎,Z1000 SX,川崎 Z1000 SX,旅行,,
,,川崎,Vulcan 1700 Voyager,川崎 Vulcan 1700 Voyager,旅行,,
,,川崎,VN 250V Eliminator,川崎 VN 250V Eliminator,旅行,,
,,川崎,VN 400 Vulcan,川崎 VN 400 Vulcan,旅行,,
,,川崎,VN 400 Vulcan Classic,川崎 VN 400 Vulcan Classic,旅行,,
,,川崎,VN 1700 Vulcan Voyager,川崎 VN 1700 Vulcan Voyager,旅行,,
,,川崎,ZG 1200 Voyager XII,川崎 ZG 1200 Voyager XII,旅行,,
,,川崎,ZG 1300 Voyager,川崎 ZG 1300 Voyager,旅行,,
,,川崎,ZN 750 LTD,川崎 ZN 750 LTD,旅行,,
,,川崎,ZR 750RS Zephyr,川崎 ZR 750RS Zephyr,旅行,,
,,川崎,ZX-14R Ninja,川崎 ZX-14R Ninja,旅行,,
,,川崎,ZX-14R Ninja Special Edition,川崎 ZX-14R Ninja Special Edition,旅行,,
,,川崎,ZZ-R 1400,川崎 ZZ-R 1400,旅行,,
,,川崎,KLX250,川崎 KLX250,越野,,
,,川崎,D-TRACKER 150,川崎 D-TRACKER 150,越野,,
,,川崎,D-Tracker 125,川崎 D-Tracker 125,越野,,
,,川崎,KLX150,川崎 KLX150,越野,,
,,川崎,KLR 650,川崎 KLR 650,越野,,
,,川崎,KLX 250S,川崎 KLX 250S,越野,,
,,川崎,KLX250 S Camo,川崎 KLX250 S Camo,越野,,
,,川崎,KX 65,川崎 KX 65,越野,,
,,川崎,KX 450F,川崎 KX 450F,越野,,
,,川崎,KX100,川崎 KX100,越野,,
,,川崎,KX 85,川崎 KX 85,越野,,
,,川崎,KLX 450R,川崎 KLX 450R,越野,,
,,川崎,KLX 140,川崎 KLX 140,越野,,
,,川崎,KLX 140L,川崎 KLX 140L,越野,,
,,川崎,KLX 110L,川崎 KLX 110L,越野,,
,,川崎,KLX 150C,川崎 KLX 150C,越野,,
,,川崎,W175TR,川崎 W175TR,越野,,
,,创新三阳,R3,创新三阳 R3,跑车,"￥13,988",
,,创新三阳,A1,创新三阳 A1,跑车,"￥12,597",
,,创新三阳,枭风9号,创新三阳 枭风9号,街车,"￥12,800",
,,创新三阳,枭风二号,创新三阳 枭风二号,街车,"￥13,780",
,,创新三阳,悍马,创新三阳 悍马,街车,"￥14,667",
,,创新三阳,CX1,创新三阳 CX1,街车,"￥8,600",
,,创新三阳,太子 400,创新三阳 太子 400,巡航,"￥16,800",
,国产,春风,450SR,春风 450SR,跑车,"￥28,580","￥33,580"
,国产,春风,250SR,春风 250SR,跑车,"￥15,980","￥19,980"
,,春风,675SR,春风 675SR,跑车,,
,,春风,500SR VOOM,春风 500SR VOOM,跑车,,
,,春风,1000 SR-2102,春风 1000 SR-2102,跑车,,
,国产,春风,夜猫CF150-2C,春风 夜猫CF150-2C,跑车,"￥12,090","￥12,800"
,,春风,Moto3赛道车CF,春风 Moto3赛道车CF,跑车,,
,国产,春风,800NK,春风 800NK,街车,"￥44,980","￥49,980"
,国产,春风,450NK,春风 450NK,街车,"￥26,880",
,国产,春风,250NK,春风 250NK,街车,"￥15,900","￥18,900"
,国产,春风,150NK,春风 150NK,街车,"￥11,980",
,国产,春风,650NK,春风 650NK,街车,"￥39,800","￥40,900"
,国产,春风,400NK,春风 400NK,街车,"￥26,800","￥29,900"
,国产,春风,领跑王CF150-C,春风 领跑王CF150-C,街车,"￥9,628",
,,春风,V 1000 Concept,春风 V 1000 Concept,街车,,
,,春风,CF150J-2,春风 CF150J-2,街车,,
,,春风,CF400J,春风 CF400J,街车,,
,,春风,125NK,春风 125NK,街车,,
,,春风,150SC,春风 150SC,踏板,,
,,春风,捷马,春风 捷马,踏板,,
,,春风,捷悍,春风 捷悍,踏板,,
,,春风,CF250T-6J,春风 CF250T-6J,踏板,,
,,春风,船王 CF250T-D,春风 船王 CF250T-D,踏板,,
,国产,春风,700CL-X,春风 700CL-X,复古,"￥45,800","￥49,800"
,国产,春风,250CL-X,春风 250CL-X,复古,"￥18,980",
,国产,春风,250CL-C,春风 250CL-C,巡航,"￥14,980",
,国产,春风,450CL-C,春风 450CL-C,巡航,"￥26,580","￥27,980"
,国产,春风,V9 CF250T-5A,春风 V9 CF250T-5A,巡航,"￥33,206",
,国产,春风,450MT,春风 450MT,拉力,"￥31,580","￥33,580"
,国产,春风,800MT,春风 800MT,拉力,"￥51,800","￥58,680"
,国产,春风,650MT,春风 650MT,拉力,"￥43,800","￥44,800"
,,春风,MT-X,春风 MT-X,拉力,,
,,春风,700MT(海外),春风 700MT(海外),拉力,,
,国产,春风,650TR-G,春风 650TR-G,旅行,"￥59,900",
,国产,春风,1250TR-G,春风 1250TR-G,旅行,"￥99,980","￥109,980"
,国产,春风,400GT,春风 400GT,旅行,"￥33,800",
,国产,春风,650GT,春风 650GT,旅行,"￥43,800",
,,春风,CF650J,春风 CF650J,旅行,,
,国产,春风,650TR,春风 650TR,旅行,"￥49,800",
,,春风,CF400J-3,春风 CF400J-3,旅行,,
,,春风,CF400J-2,春风 CF400J-2,旅行,,
,,春风,CF650J-2,春风 CF650J-2,旅行,,
,,春风,CF650J-3,春风 CF650J-3,旅行,,
,,春风,国宾车CF650G,春风 国宾车CF650G,旅行,,
,,春风,1250 J,春风 1250 J,旅行,,
,,春风,CF1250G,春风 CF1250G,旅行,,
,,春风,CF400J-3A,春风 CF400J-3A,旅行,,
,国产,春风,XO狒狒,春风 XO狒狒,MINI,"￥9,680","￥10,680"
,国产,春风,ST狒狒,春风 ST狒狒,MINI,"￥8,980",
,国产,春风,狒狒经典,春风 狒狒经典,MINI,"￥6,880","￥7,680"
,,春风,狒狒边三轮,春风 狒狒边三轮,三轮,,
,国产,春风,CFORCE 450,春风 CFORCE 450,其他,"￥31,800",
,国产,春风,CFORCE 110,春风 CFORCE 110,其他,"￥6,899",
,国产,春风,ZFORCE 550,春风 ZFORCE 550,其他,"￥49,800",
,国产,春风,CFORCE 850,春风 CFORCE 850,其他,"￥68,800","￥69,800"
,国产,春风,ZFORCE 800,春风 ZFORCE 800,其他,"￥86,000",
,国产,春风,ZFORCE 1000,春风 ZFORCE 1000,其他,"￥96,800",
,国产,春风,UFORCE 800,春风 UFORCE 800,其他,"￥49,800",
,国产,春风,UFORCE 1000,春风 UFORCE 1000,其他,"￥94,800","￥99,800"
,,春风,UFORCE 550,春风 UFORCE 550,其他,,
,国产,春风,CFORCE 550,春风 CFORCE 550,其他,"￥43,000",
,,春风,CFORCE 800 XC,春风 CFORCE 800 XC,其他,,
,国产,春风,CFORCE 625,春风 CFORCE 625,其他,"￥46,800",
,,春风,CFORCE 500 EPS,春风 CFORCE 500 EPS,其他,,
,国产,春风,CFORCE 1000,春风 CFORCE 1000,其他,"￥75,800","￥79,800"
,国产,春风,UFORCE 600,春风 UFORCE 600,其他,"￥62,800",
,国产,春风,CFORCE 520,春风 CFORCE 520,其他,"￥33,800",
,国产,春风,ZFORCE 950,春风 ZFORCE 950,其他,"￥93,800","￥98,800"
,,大地鹰王,DD 350G 远程之鹰,大地鹰王 DD 350G 远程之鹰,街车,,
,国产,大地鹰王,西部风情 DD250G-3N,大地鹰王 西部风情 DD250G-3N,街车,"￥15,800",
,国产,大地鹰王,小暴龙DD250R,大地鹰王 小暴龙DD250R,街车,"￥13,800",
,国产,大地鹰王,街头霸王DD250E-9A,大地鹰王 街头霸王DD250E-9A,巡航,"￥14,646",
,国产,大地鹰王,DD250E-9B,大地鹰王 DD250E-9B,巡航,"￥15,748",
,国产,大地鹰王,沙尘暴DD250E-5D,大地鹰王 沙尘暴DD250E-5D,巡航,"￥13,800",
,国产,大地鹰王,梦马400,大地鹰王 梦马400,巡航,"￥25,800",
,,大地鹰王,迪特娜 DD 350E-6C,大地鹰王 迪特娜 DD 350E-6C,巡航,,
,国产,大地鹰王,街头霸王DD250E-9D,大地鹰王 街头霸王DD250E-9D,巡航,"￥16,800",
,国产,大地鹰王,街头霸王DD400E-9D,大地鹰王 街头霸王DD400E-9D,巡航,"￥18,800",
,国产,大地鹰王,沙尘暴DD150E-2D,大地鹰王 沙尘暴DD150E-2D,巡航,"￥10,500",
,国产,大地鹰王,DD250V,大地鹰王 DD250V,巡航,"￥17,800",
,,大地鹰王,DD1000,大地鹰王 DD1000,巡航,,
,国产,大地鹰王,大太子边三轮 DD400B,大地鹰王 大太子边三轮 DD400B,三轮,"￥27,800","￥28,800"
,国产,大地鹰王,梦马边三轮DD400B-2,大地鹰王 梦马边三轮DD400B-2,三轮,"￥33,800",
,国产,大地鹰王,小暴龙边三轮DD250B,大地鹰王 小暴龙边三轮DD250B,三轮,"￥24,800",
,国产,大地鹰王,轻太子边三轮 DD150B,大地鹰王 轻太子边三轮 DD150B,三轮,"￥16,800",
,国产,大地鹰王,DD400B-3,大地鹰王 DD400B-3,三轮,"￥31,800",
,,大福,祥云DF150-2G,大福 祥云DF150-2G,街车,"￥5,180",
,,大福,灵豹DF125-2G,大福 灵豹DF125-2G,街车,"￥5,880",
,,大福,豪华CG福王DF125-2G,大福 豪华CG福王DF125-2G,街车,"￥5,380",
,,大福,福翼一代DF125-2G,大福 福翼一代DF125-2G,街车,"￥5,880",
,,大福,福影DF150-3G,大福 福影DF150-3G,街车,"￥6,280",
,,大福,风驰DF150-G,大福 风驰DF150-G,街车,"￥7,280",
,,大福,风影DF150-G,大福 风影DF150-G,街车,"￥7,680",
,,大福,风度DF150-G,大福 风度DF150-G,街车,"￥6,500",
,,大福,风凌DF150-3G,大福 风凌DF150-3G,街车,"￥6,280",
,,大福,福影DF150-3G 2015,大福 福影DF150-3G 2015,街车,"￥8,500",
,,大福,大公主DF1500DT,大福 大公主DF1500DT,踏板,"￥7,800",
,,大福,火鹰DF125T-G,大福 火鹰DF125T-G,踏板,"￥3,800",
,,大福,鬼火二代DF125T-2G,大福 鬼火二代DF125T-2G,踏板,"￥3,800",
,,大福,哈福太子纪念版,大福 哈福太子纪念版,巡航,"￥7,980",
,,大福,肥叛250,大福 肥叛250,巡航,"￥9,580",
,,大狗,Boxer,大狗 Boxer,巡航,,
,,大狗,Bulldog,大狗 Bulldog,巡航,,
,,大狗,Bulldog Bagger,大狗 Bulldog Bagger,巡航,,
,,大狗,Coyote,大狗 Coyote,巡航,,
,,大狗,Chopper,大狗 Chopper,巡航,,
,,大狗,K9,大狗 K9,巡航,,
,,大狗,Mastiff,大狗 Mastiff,巡航,,
,,大狗,Mutt,大狗 Mutt,巡航,,
,,大狗,Pitbull,大狗 Pitbull,巡航,,
,,大狗,Ridgeback,大狗 Ridgeback,巡航,,
,,大狗,Wolf,大狗 Wolf,巡航,,
,,大狗,Working Man's Special,大狗 Working Man's Special,巡航,,
,,大力神,H2,大力神 H2,跑车,"￥9,800","￥12,800"
,,大力神,F8,大力神 F8,跑车,"￥9,800","￥13,800"
,,大力神,F7,大力神 F7,跑车,"￥9,800","￥13,800"
,,大力神,N19,大力神 N19,街车,"￥14,800",
,,大力神,UR400,大力神 UR400,巡航,"￥17,800",
,,大林,Q3,大林 Q3,踏板,"￥28,800",
,,大林,XQ2,大林 XQ2,踏板,,
,国产,大阳,DY90-K,大阳 DY90-K,街车,"￥4,180",
,国产,大阳,150-33N,大阳 150-33N,街车,"￥9,180",
,国产,大阳,VRF150,大阳 VRF150,踏板,"￥12,499","￥14,980"
,国产,大阳,V锐 ADV150,大阳 V锐 ADV150,踏板,"￥13,790","￥20,290"
,国产,大阳,VRS125,大阳 VRS125,踏板,"￥9,980","￥13,980"
,国产,大阳,VRS150,大阳 VRS150,踏板,"￥12,980","￥14,980"
,国产,大阳,V锐 ADV350,大阳 V锐 ADV350,踏板,"￥27,990","￥31,990"
,国产,大阳,V锐 150T,大阳 V锐 150T,踏板,"￥12,990","￥15,490"
,国产,大阳,VPS125,大阳 VPS125,踏板,"￥8,980","￥10,699"
,国产,大阳,VRC150,大阳 VRC150,踏板,"￥13,590","￥20,090"
,国产,大阳,V锐 250T,大阳 V锐 250T,踏板,"￥22,990","￥23,990"
,国产,大阳,V锐 300T,大阳 V锐 300T,踏板,"￥25,990","￥26,990"
,国产,大阳,DY100T-A,大阳 DY100T-A,踏板,"￥4,680",
,国产,大阳,DY125T-26,大阳 DY125T-26,踏板,"￥6,680",
,国产,大阳,跑跑DY100T-8,大阳 跑跑DY100T-8,踏板,"￥4,880",
,国产,大阳,DY100T-6,大阳 DY100T-6,踏板,"￥8,880",
,国产,大阳,DY48QT-A,大阳 DY48QT-A,踏板,"￥4,680",
,国产,大阳,DY125T-16,大阳 DY125T-16,踏板,"￥6,430",
,国产,大阳,VPZ125,大阳 VPZ125,踏板,"￥7,980","￥8,980"
,国产,大阳,VPJ125,大阳 VPJ125,踏板,"￥8,480","￥8,580"
,国产,大阳,V锐 125T,大阳 V锐 125T,踏板,"￥13,990","￥14,990"
,国产,大阳,V跑 Viball125,大阳 V跑 Viball125,踏板,"￥9,990","￥10,990"
,国产,大阳,VPC125,大阳 VPC125,踏板,"￥8,180","￥8,280"
,国产,大阳,VPG125,大阳 VPG125,踏板,"￥7,880","￥7,980"
,国产,大阳,150-8N,大阳 150-8N,复古,"￥8,580",
,国产,大阳,天昴 DY 200-8,大阳 天昴 DY 200-8,复古,"￥13,980","￥15,980"
,,大阳,天昴 V450,大阳 天昴 V450,巡航,,
,国产,大阳,天昴 200 DY 200-6A,大阳 天昴 200 DY 200-6A,拉力,"￥15,980","￥18,980"
,国产,大阳,宝宝2 DY110-28A,大阳 宝宝2 DY110-28A,弯梁,"￥4,680",
,国产,大阳,125-68M,大阳 125-68M,弯梁,"￥6,980",
,国产,大阳,110-2M,大阳 110-2M,弯梁,"￥5,380",
,,大运,天錾 250R,大运 天錾 250R,跑车,"￥11,980",
,,大运,天錾 200R,大运 天錾 200R,跑车,"￥9,280",
,,大运,天錾150R,大运 天錾150R,跑车,"￥8,880",
,,大运,劲动 DY 150-22 AF,大运 劲动 DY 150-22 AF,街车,"￥9,380",
,,大运,运CG DY125-2K,大运 运CG DY125-2K,街车,"￥5,880",
,,大运,天骁DY250-3,大运 天骁DY250-3,街车,"￥17,280",
,,大运,新劲錾 DY200-3F,大运 新劲錾 DY200-3F,街车,"￥11,800",
,,大运,劲錾 DY 150-29 F,大运 劲錾 DY 150-29 F,街车,"￥9,880",
,,大运,逍悦三代DY150-3L,大运 逍悦三代DY150-3L,街车,"￥6,980",
,,大运,风驰DY150-28,大运 风驰DY150-28,街车,"￥6,980",
,,大运,DY150-200,大运 DY150-200,街车,,
,,大运,劲彪,大运 劲彪,街车,,
,,大运,DY 150-5 DF,大运 DY 150-5 DF,街车,"￥7,580",
,,大运,DY200-3AF,大运 DY200-3AF,街车,"￥10,800",
,,大运,DY300-ZF,大运 DY300-ZF,街车,"￥18,880",
,,大运,驰302,大运 驰302,街车,"￥19,800",
,,大运,机甲 DY150-46F,大运 机甲 DY150-46F,街车,"￥9,980",
,,大运,柏拉图,大运 柏拉图,踏板,"￥6,980",
,,大运,巧巧DY48QT-K,大运 巧巧DY48QT-K,踏板,"￥4,100",
,,大运,DY125t-12,大运 DY125t-12,踏板,"￥4,300",
,,大运,DY125t-11,大运 DY125t-11,踏板,"￥5,480",
,,大运,DY100T-K,大运 DY100T-K,踏板,"￥5,290",
,,大运,DY125T-5K,大运 DY125T-5K,踏板,"￥4,980",
,,大运,Dream DY125T-17,大运 Dream DY125T-17,踏板,"￥5,680",
,,大运,喜梦3代-DY100T-K,大运 喜梦3代-DY100T-K,踏板,"￥4,980",
,,大运,骊影2代-DY125T-15,大运 骊影2代-DY125T-15,踏板,"￥5,580",
,,大运,睿梦DY110T,大运 睿梦DY110T,踏板,"￥5,580",
,,大运,骊影FI版-DY125T-15A,大运 骊影FI版-DY125T-15A,踏板,"￥6,580",
,,大运,电喷DY110T-A,大运 电喷DY110T-A,踏板,,
,,大运,COCO2代 DY100T-5A,大运 COCO2代 DY100T-5A,踏板,"￥4,980",
,,大运,SUPER DY125T-20,大运 SUPER DY125T-20,踏板,"￥5,680",
,,大运,佳影DY125T-21AF,大运 佳影DY125T-21AF,踏板,"￥5,280",
,,大运,C-Max 150 驰途,大运 C-Max 150 驰途,踏板,"￥11,480","￥11,980"
,,大运,佳祺,大运 佳祺,踏板,"￥6,980","￥7,280"
,,大运,DY200-6F,大运 DY200-6F,复古,"￥9,980",
,,大运,STS150R,大运 STS150R,复古,,
,,大运,STS250,大运 STS250,复古,,
,,大运,STS400C,大运 STS400C,复古,"￥23,980","￥25,999"
,,大运,远航太子150-4KF,大运 远航太子150-4KF,巡航,"￥11,800",
,,大运,DY500-6F,大运 DY500-6F,巡航,,
,,大运,PTG200X,大运 PTG200X,拉力,"￥10,980","￥13,280"
,,大运,PTG300X,大运 PTG300X,拉力,"￥20,980",
,,大运,PTG400X,大运 PTG400X,拉力,,
,,大运,骐爽DY125-20,大运 骐爽DY125-20,弯梁,"￥6,980",
,,道奇,道奇战斧,道奇 道奇战斧,其他,,
,,德比,GPR 125 Nude,德比 GPR 125 Nude,跑车,,
,,德比,GPR 125,德比 GPR 125,跑车,,
,,德比,Mulhacén 125,德比 Mulhacén 125,街车,,
,,德比,Mulhacén 125 Café,德比 Mulhacén 125 Café,街车,,
,,德比,Mulhacén 659,德比 Mulhacén 659,街车,,
,,德比,Mulhacén Café 659,德比 Mulhacén Café 659,街车,,
,,德比,Mulhacén Café 659 Nieto Limited Edition,德比 Mulhacén Café 659 Nieto Limited Edition,街车,,
,,德比,Mulhacén 659 X-Vision,德比 Mulhacén 659 X-Vision,街车,,
,,德比,Senda SM 125 4T Baja,德比 Senda SM 125 4T Baja,街车,,
,,德比,Freekster 125,德比 Freekster 125,拉力,,
,,德比,Senda Terra Adventure,德比 Senda Terra Adventure,拉力,,
,,德比,Senda R 125 4T,德比 Senda R 125 4T,越野,,
,,德比,Senda SM 125 4T,德比 Senda SM 125 4T,越野,,
,,德比,Senda DRD SM 125 Pro Replica Malossi,德比 Senda DRD SM 125 Pro Replica Malossi,越野,,
,,德比,Senda Terra,德比 Senda Terra,越野,,
,,地域骑士,GK 125,地域骑士 GK 125,踏板,"￥6,399",
,,滴石,小Q,滴石 小Q,MINI,"￥8,380",
,,东方,DF125T-5S,东方 DF125T-5S,踏板,,
,,东方,V9,东方 V9,复古,"￥9,980","￥10,980"
,,东方,V8,东方 V8,复古,"￥8,800",
,,斗风,F2-150CC,斗风 F2-150CC,踏板,,
,,斗风,F1-150,斗风 F1-150,三轮,"￥18,990","￥24,990"
,,斗风,F1-300,斗风 F1-300,三轮,"￥25,980","￥29,980"
,,斗风,S1-110,斗风 S1-110,三轮,"￥10,980","￥12,800"
意大利,进口,杜卡迪,Scrambler 800,杜卡迪 Scrambler 800,复古,"￥89,900","￥105,900"
意大利,进口,杜卡迪,Scrambler 1100,杜卡迪 Scrambler 1100,复古,"￥138,000","￥170,000"
意大利,进口,杜卡迪,Scrambler Classic,杜卡迪 Scrambler Classic,复古,"￥119,000",
意大利,进口,杜卡迪,Scrambler Sixty2,杜卡迪 Scrambler Sixty2,复古,"￥83,800",
意大利,进口,杜卡迪,Scrambler Urban Enduro,杜卡迪 Scrambler Urban Enduro,复古,"￥119,000",
意大利,进口,杜卡迪,Street Fighter V4,杜卡迪 Street Fighter V4,街车,"￥191,700","￥650,000"
意大利,进口,杜卡迪,Street Fighter V2,杜卡迪 Street Fighter V2,街车,"￥148,800","￥150,500"
意大利,进口,杜卡迪,Monster 950,杜卡迪 Monster 950,街车,"￥106,200","￥135,900"
意大利,进口,杜卡迪,Hypermotard 950,杜卡迪 Hypermotard 950,街车,"￥124,000","￥155,700"
意大利,进口,杜卡迪,Monster 821,杜卡迪 Monster 821,街车,"￥123,500","￥138,500"
意大利,进口,杜卡迪,街头霸王StreetFighter 848,杜卡迪 街头霸王StreetFighter 848,街车,"￥242,000",
意大利,进口,杜卡迪,Multistrada 1200 S Touring,杜卡迪 Multistrada 1200 S Touring,街车,"￥260,000",
意大利,进口,杜卡迪,Monster 797,杜卡迪 Monster 797,街车,"￥97,000","￥100,000"
意大利,进口,杜卡迪,Multistrada 1200S,杜卡迪 Multistrada 1200S,街车,"￥219,800",
意大利,进口,杜卡迪,Multistrada 1200 Enduro,杜卡迪 Multistrada 1200 Enduro,街车,,
意大利,进口,杜卡迪,Multistrada 1260S-DAir,杜卡迪 Multistrada 1260S-DAir,街车,,
意大利,进口,杜卡迪,Monster 1100 EVO,杜卡迪 Monster 1100 EVO,街车,"￥225,000",
意大利,进口,杜卡迪,Monster 1200,杜卡迪 Monster 1200,街车,"￥152,000","￥248,000"
意大利,进口,杜卡迪,HyperMotard 796,杜卡迪 HyperMotard 796,街车,"￥192,000",
意大利,进口,杜卡迪,街霸StreetFighter S 1098,杜卡迪 街霸StreetFighter S 1098,街车,"￥260,000",
意大利,进口,杜卡迪,Monster 696,杜卡迪 Monster 696,街车,"￥150,000",
意大利,进口,杜卡迪,Monster 1200 S Stripe,杜卡迪 Monster 1200 S Stripe,街车,"￥289,000",
意大利,进口,杜卡迪,Mach 2.0,杜卡迪 Mach 2.0,街车,"￥116,000",
意大利,进口,杜卡迪,Multistrada V4,杜卡迪 Multistrada V4,拉力,"￥172,000","￥333,000"
意大利,进口,杜卡迪,Multistrada V2,杜卡迪 Multistrada V2,拉力,"￥135,000","￥157,500"
意大利,进口,杜卡迪,Desert X,杜卡迪 Desert X,拉力,"￥146,200","￥150,500"
意大利,进口,杜卡迪,Multistrada 950,杜卡迪 Multistrada 950,拉力,"￥143,000","￥172,000"
意大利,进口,杜卡迪,Multistrada 1260,杜卡迪 Multistrada 1260,拉力,"￥193,000","￥268,000"
意大利,进口,杜卡迪,Multistrada 1200 Enduro,杜卡迪 Multistrada 1200 Enduro,拉力,"￥232,500",
意大利,进口,杜卡迪,Multistrada 1260S-DAir,杜卡迪 Multistrada 1260S-DAir,拉力,"￥227,000",
意大利,进口,杜卡迪,Multistrada 1260S Pikes Peak,杜卡迪 Multistrada 1260S Pikes Peak,拉力,"￥275,000",
意大利,进口,杜卡迪,Hypermotard 939,杜卡迪 Hypermotard 939,拉力,"￥133,000",
意大利,进口,杜卡迪,Panigale V4,杜卡迪 Panigale V4,跑车,"￥233,100","￥382,500"
意大利,进口,杜卡迪,Panigale V2,杜卡迪 Panigale V2,跑车,"￥173,700","￥199,800"
意大利,进口,杜卡迪,SuperSport,杜卡迪 SuperSport,跑车,"￥128,700","￥144,900"
意大利,进口,杜卡迪,Panigale 959,杜卡迪 Panigale 959,跑车,"￥175,000","￥184,900"
意大利,进口,杜卡迪,SuperBike 1198 S,杜卡迪 SuperBike 1198 S,跑车,"￥369,000",
,,杜卡迪,Panigale V4 R,杜卡迪 Panigale V4 R,跑车,,
意大利,进口,杜卡迪,SuperBike 848 EVO,杜卡迪 SuperBike 848 EVO,跑车,"￥258,000",
意大利,进口,杜卡迪,1199 Panigale R,杜卡迪 1199 Panigale R,跑车,"￥390,000",
,,杜卡迪,Superbike 1198,杜卡迪 Superbike 1198,跑车,,
,,杜卡迪,Superbike 1198 SP,杜卡迪 Superbike 1198 SP,跑车,,
,,杜卡迪,1198R Corse,杜卡迪 1198R Corse,跑车,,
,,杜卡迪,1199 Panigale,杜卡迪 1199 Panigale,跑车,,
,,杜卡迪,Panigale 899,杜卡迪 Panigale 899,跑车,,
,,杜卡迪,Panigale 1199,杜卡迪 Panigale 1199,跑车,,
,,杜卡迪,Panigale 1199S Tricolore,杜卡迪 Panigale 1199S Tricolore,跑车,,
,,杜卡迪,Panigale 1199S Senna Limited Edition,杜卡迪 Panigale 1199S Senna Limited Edition,跑车,,
,,杜卡迪,Panigale 1299R,杜卡迪 Panigale 1299R,跑车,,
,,杜卡迪,Panigale 1299S Anniversario,杜卡迪 Panigale 1299S Anniversario,跑车,,
,,杜卡迪,Panigale 1299R Final Edition,杜卡迪 Panigale 1299R Final Edition,跑车,,
,,杜卡迪,Panigale,杜卡迪 Panigale,跑车,,
,,杜卡迪,900SS,杜卡迪 900SS,跑车,,
,,杜卡迪,900SS MHR,杜卡迪 900SS MHR,跑车,,
,,杜卡迪,900S2,杜卡迪 900S2,跑车,,
,,杜卡迪,900SL Superlight MKI,杜卡迪 900SL Superlight MKI,跑车,,
,,杜卡迪,900SL Superlight MKII,杜卡迪 900SL Superlight MKII,跑车,,
,,杜卡迪,900SS CR,杜卡迪 900SS CR,跑车,,
,,杜卡迪,900SS Final Edition,杜卡迪 900SS Final Edition,跑车,,
,,杜卡迪,900SS Half Faird,杜卡迪 900SS Half Faird,跑车,,
,,杜卡迪,900SS ie,杜卡迪 900SS ie,跑车,,
,,杜卡迪,900 Sport ie,杜卡迪 900 Sport ie,跑车,,
,,杜卡迪,900SS ie Carenata,杜卡迪 900SS ie Carenata,跑车,,
,,杜卡迪,907ie Paso,杜卡迪 907ie Paso,跑车,,
,,杜卡迪,916,杜卡迪 916,跑车,,
,,杜卡迪,916 Biposta,杜卡迪 916 Biposta,跑车,,
,,杜卡迪,916 Senna,杜卡迪 916 Senna,跑车,,
,,杜卡迪,916SPA Corsa 955,杜卡迪 916SPA Corsa 955,跑车,,
,,杜卡迪,916 Senna II,杜卡迪 916 Senna II,跑车,,
,,杜卡迪,916SPS,杜卡迪 916SPS,跑车,,
,,杜卡迪,916 Senna III,杜卡迪 916 Senna III,跑车,,
,,杜卡迪,996 Biposta,杜卡迪 996 Biposta,跑车,,
,,杜卡迪,996 Monoposta,杜卡迪 996 Monoposta,跑车,,
,,杜卡迪,996SPS,杜卡迪 996SPS,跑车,,
,,杜卡迪,996SPS Foggy Replica,杜卡迪 996SPS Foggy Replica,跑车,,
,,杜卡迪,996,杜卡迪 996,跑车,,
,,杜卡迪,996S,杜卡迪 996S,跑车,,
,,杜卡迪,996R,杜卡迪 996R,跑车,,
,,杜卡迪,998,杜卡迪 998,跑车,,
,,杜卡迪,998 Matrix,杜卡迪 998 Matrix,跑车,,
,,杜卡迪,998S,杜卡迪 998S,跑车,,
,,杜卡迪,998S Baylies Replica,杜卡迪 998S Baylies Replica,跑车,,
,,杜卡迪,998S Bostrom Replica,杜卡迪 998S Bostrom Replica,跑车,,
,,杜卡迪,998S Final Edition,杜卡迪 998S Final Edition,跑车,,
,,杜卡迪,998R,杜卡迪 998R,跑车,,
,,杜卡迪,999,杜卡迪 999,跑车,,
,,杜卡迪,999S,杜卡迪 999S,跑车,,
,,杜卡迪,999S Team USA Limited Edition,杜卡迪 999S Team USA Limited Edition,跑车,,
,,杜卡迪,999R,杜卡迪 999R,跑车,,
,,杜卡迪,999R Fila 200th Win Limited Edition,杜卡迪 999R Fila 200th Win Limited Edition,跑车,,
,,杜卡迪,999R Fila Toseland Replica,杜卡迪 999R Fila Toseland Replica,跑车,,
,,杜卡迪,999R Net Bikers Team,杜卡迪 999R Net Bikers Team,跑车,,
,,杜卡迪,999R Xerox Replica,杜卡迪 999R Xerox Replica,跑车,,
,,杜卡迪,1000MHR,杜卡迪 1000MHR,跑车,,
,,杜卡迪,1000S2,杜卡迪 1000S2,跑车,,
,,杜卡迪,1000SS DS,杜卡迪 1000SS DS,跑车,,
,,杜卡迪,1098,杜卡迪 1098,跑车,,
,,杜卡迪,1098S,杜卡迪 1098S,跑车,,
,,杜卡迪,1098S Tri-Colore,杜卡迪 1098S Tri-Colore,跑车,,
,,杜卡迪,1098R,杜卡迪 1098R,跑车,,
,,杜卡迪,1098R Gulf Endurance Racer,杜卡迪 1098R Gulf Endurance Racer,跑车,,
,,杜卡迪,1098R Bayliss Limited Edition,杜卡迪 1098R Bayliss Limited Edition,跑车,,
,,杜卡迪,1098R Puma Limited Edition,杜卡迪 1098R Puma Limited Edition,跑车,,
,,杜卡迪,1198 Testastretta Evoluzione,杜卡迪 1198 Testastretta Evoluzione,跑车,,
,,杜卡迪,1198S Testastretta Evoluzione,杜卡迪 1198S Testastretta Evoluzione,跑车,,
,,杜卡迪,1198S Corse Special Edition,杜卡迪 1198S Corse Special Edition,跑车,,
,,杜卡迪,1198S Casey Stoner Island Replica,杜卡迪 1198S Casey Stoner Island Replica,跑车,,
,,杜卡迪,1198R Corse Special Edition,杜卡迪 1198R Corse Special Edition,跑车,,
,,杜卡迪,1198SP,杜卡迪 1198SP,跑车,,
,,杜卡迪,Desmosedici RR,杜卡迪 Desmosedici RR,跑车,,
,,杜卡迪,748 Biposto,杜卡迪 748 Biposto,跑车,,
,,杜卡迪,748L Neiman Marcus Limited Edition,杜卡迪 748L Neiman Marcus Limited Edition,跑车,,
,,杜卡迪,748R,杜卡迪 748R,跑车,,
,,杜卡迪,749,杜卡迪 749,跑车,,
,,杜卡迪,750F1-A,杜卡迪 750F1-A,跑车,,
,,杜卡迪,750F1-B,杜卡迪 750F1-B,跑车,,
,,杜卡迪,750F1,杜卡迪 750F1,跑车,,
,,杜卡迪,750F1 Laguna Seca,杜卡迪 750F1 Laguna Seca,跑车,,
,,杜卡迪,750F1 Montjuich,杜卡迪 750F1 Montjuich,跑车,,
,,杜卡迪,750Fl Santamonica,杜卡迪 750Fl Santamonica,跑车,,
,,杜卡迪,750 Paso,杜卡迪 750 Paso,跑车,,
,,杜卡迪,750 Paso Limited,杜卡迪 750 Paso Limited,跑车,,
,,杜卡迪,750 Sport ie,杜卡迪 750 Sport ie,跑车,,
,,杜卡迪,750SS,杜卡迪 750SS,跑车,,
,,杜卡迪,750SS Half Fairing,杜卡迪 750SS Half Fairing,跑车,,
,,杜卡迪,750SS ie,杜卡迪 750SS ie,跑车,,
,,杜卡迪,750 TT1,杜卡迪 750 TT1,跑车,,
,,杜卡迪,800 Sport,杜卡迪 800 Sport,跑车,,
,,杜卡迪,800SS,杜卡迪 800SS,跑车,,
,,杜卡迪,848,杜卡迪 848,跑车,,
,,杜卡迪,848 Nicky Hayden Edition,杜卡迪 848 Nicky Hayden Edition,跑车,,
,,杜卡迪,848 Dark,杜卡迪 848 Dark,跑车,,
,,杜卡迪,848 EVO Corsa Special Edition,杜卡迪 848 EVO Corsa Special Edition,跑车,,
,,杜卡迪,848 EVO Dark,杜卡迪 848 EVO Dark,跑车,,
,,杜卡迪,851 Strada,杜卡迪 851 Strada,跑车,,
,,杜卡迪,851 Strada Tricolore,杜卡迪 851 Strada Tricolore,跑车,,
,,杜卡迪,851SP,杜卡迪 851SP,跑车,,
,,杜卡迪,851SP2,杜卡迪 851SP2,跑车,,
,,杜卡迪,851 Biposta,杜卡迪 851 Biposta,跑车,,
,,杜卡迪,851SP3,杜卡迪 851SP3,跑车,,
,,杜卡迪,888 Strada,杜卡迪 888 Strada,跑车,,
,,杜卡迪,888SP4,杜卡迪 888SP4,跑车,,
,,杜卡迪,888SP5,杜卡迪 888SP5,跑车,,
,,杜卡迪,888SPO (US),杜卡迪 888SPO (US),跑车,,
,,杜卡迪,350F3,杜卡迪 350F3,跑车,,
,,杜卡迪,350SS,杜卡迪 350SS,跑车,,
,,杜卡迪,400F3,杜卡迪 400F3,跑车,,
,,杜卡迪,400SS,杜卡迪 400SS,跑车,,
,,杜卡迪,Monster 1100,杜卡迪 Monster 1100,街车,,
意大利,进口,杜卡迪,899 Panigale,杜卡迪 899 Panigale,跑车,"￥229,000",
意大利,进口,杜卡迪,SuperBike 1199 Panigale,杜卡迪 SuperBike 1199 Panigale,跑车,"￥299,000",
意大利,进口,杜卡迪,SuperBike 848 EVO Corse SE,杜卡迪 SuperBike 848 EVO Corse SE,跑车,"￥258,000",
意大利,进口,杜卡迪,Panigale 1299,杜卡迪 Panigale 1299,跑车,"￥309,000","￥550,960"
,,杜卡迪,Monster 1200S,杜卡迪 Monster 1200S,街车,,
意大利,进口,杜卡迪,Panigale 1299S,杜卡迪 Panigale 1299S,跑车,"￥379,000",
,,杜卡迪,Hypermotard 1100 EVO,杜卡迪 Hypermotard 1100 EVO,街车,,
,,杜卡迪,Hypermotard,杜卡迪 Hypermotard,街车,,
,,杜卡迪,Monster 796,杜卡迪 Monster 796,街车,,
,,杜卡迪,Streetfighter,杜卡迪 Streetfighter,街车,,
,,杜卡迪,Streetfighter S,杜卡迪 Streetfighter S,街车,,
,,杜卡迪,Monster 1200 R,杜卡迪 Monster 1200 R,街车,,
,,杜卡迪,Multistrada 620,杜卡迪 Multistrada 620,街车,,
,,杜卡迪,Multistrada 620 Dark,杜卡迪 Multistrada 620 Dark,街车,,
,,杜卡迪,Multistrada 1000 DS,杜卡迪 Multistrada 1000 DS,街车,,
,,杜卡迪,Multistrada 1000S DS,杜卡迪 Multistrada 1000S DS,街车,,
,,杜卡迪,Multistrada 1100,杜卡迪 Multistrada 1100,街车,,
,,杜卡迪,Multistrada 1100S,杜卡迪 Multistrada 1100S,街车,,
,,杜卡迪,Multistrada 1200S Pikes Peak,杜卡迪 Multistrada 1200S Pikes Peak,街车,,
,,杜卡迪,Multistrada 1200S Touring,杜卡迪 Multistrada 1200S Touring,街车,,
,,杜卡迪,Multistrada 1200S Granturismo,杜卡迪 Multistrada 1200S Granturismo,街车,,
,,杜卡迪,Multistrada 1200 S Dolomites Peak Edition,杜卡迪 Multistrada 1200 S Dolomites Peak Edition,街车,,
,,杜卡迪,Multistrada 1200 DVT,杜卡迪 Multistrada 1200 DVT,街车,,
,,杜卡迪,Multistrada 1200S DVT,杜卡迪 Multistrada 1200S DVT,街车,,
,,杜卡迪,Multistrada 1200 Pikes Peak,杜卡迪 Multistrada 1200 Pikes Peak,街车,,
,,杜卡迪,Multistrada 1200 Pikes Peak 100th Anniversary Limited Edition Kit,杜卡迪 Multistrada 1200 Pikes Peak 100th Anniversary Limited Edition Kit,街车,,
,,杜卡迪,Panigale 1199R,杜卡迪 Panigale 1199R,街车,,
,,杜卡迪,Panigale 1199 SuperLeggera,杜卡迪 Panigale 1199 SuperLeggera,街车,,
,,杜卡迪,Panigale V4 S 1100,杜卡迪 Panigale V4 S 1100,街车,,
,,杜卡迪,Panigale V4 1100 Speciale,杜卡迪 Panigale V4 1100 Speciale,街车,,
,,杜卡迪,Paul Smart 1000 Limited Edition,杜卡迪 Paul Smart 1000 Limited Edition,街车,,
,,杜卡迪,900SD Darmah,杜卡迪 900SD Darmah,街车,,
,,杜卡迪,Berliner Apollo,杜卡迪 Berliner Apollo,街车,,
,,杜卡迪,GT 1000,杜卡迪 GT 1000,街车,,
,,杜卡迪,GT 1000 Touring,杜卡迪 GT 1000 Touring,街车,,
,,杜卡迪,Hypermotard 820,杜卡迪 Hypermotard 820,街车,,
,,杜卡迪,Hypermotard 820 SP,杜卡迪 Hypermotard 820 SP,街车,,
,,杜卡迪,Hypermotard 939 SP,杜卡迪 Hypermotard 939 SP,街车,,
,,杜卡迪,Hypermotard 1100,杜卡迪 Hypermotard 1100,街车,,
,,杜卡迪,Hypermotard 1100 Neiman Marcus L.E.,杜卡迪 Hypermotard 1100 Neiman Marcus L.E.,街车,,
,,杜卡迪,Hypermotard 1100S,杜卡迪 Hypermotard 1100S,街车,,
,,杜卡迪,Hypermotard Troy Replica,杜卡迪 Hypermotard Troy Replica,街车,,
,,杜卡迪,Hypermotard 1100 EVO SP,杜卡迪 Hypermotard 1100 EVO SP,街车,,
,,杜卡迪,Hyperstrada 820,杜卡迪 Hyperstrada 820,街车,,
,,杜卡迪,Hyperstrada 939,杜卡迪 Hyperstrada 939,街车,,
,,杜卡迪,748SP,杜卡迪 748SP,街车,,
,,杜卡迪,748SPS,杜卡迪 748SPS,街车,,
,,杜卡迪,749 Dark,杜卡迪 749 Dark,街车,,
,,杜卡迪,749 Martini,杜卡迪 749 Martini,街车,,
,,杜卡迪,749R,杜卡迪 749R,街车,,
,,杜卡迪,749S,杜卡迪 749S,街车,,
,,杜卡迪,750GT,杜卡迪 750GT,街车,,
,,杜卡迪,750 Imola,杜卡迪 750 Imola,街车,,
,,杜卡迪,750 Indiana,杜卡迪 750 Indiana,街车,,
,,杜卡迪,750 Indiana Police,杜卡迪 750 Indiana Police,街车,,
,,杜卡迪,860GTE,杜卡迪 860GTE,街车,,
,,杜卡迪,860GTS,杜卡迪 860GTS,街车,,
,,杜卡迪,Monster 400,杜卡迪 Monster 400,街车,,
,,杜卡迪,Monster 600,杜卡迪 Monster 600,街车,,
,,杜卡迪,Monster 620ie,杜卡迪 Monster 620ie,街车,,
,,杜卡迪,Monster 620ie Dark,杜卡迪 Monster 620ie Dark,街车,,
,,杜卡迪,Monster 620ie S,杜卡迪 Monster 620ie S,街车,,
,,杜卡迪,Monster 620 Capirex,杜卡迪 Monster 620 Capirex,街车,,
,,杜卡迪,Monster 620 Matrix,杜卡迪 Monster 620 Matrix,街车,,
,,杜卡迪,Monster 659,杜卡迪 Monster 659,街车,,
,,杜卡迪,Monster 695,杜卡迪 Monster 695,街车,,
,,杜卡迪,Monster 696 20th Anniversary,杜卡迪 Monster 696 20th Anniversary,街车,,
,,杜卡迪,Monster 750,杜卡迪 Monster 750,街车,,
,,杜卡迪,Monster 750ie,杜卡迪 Monster 750ie,街车,,
,,杜卡迪,Monster 750ie S,杜卡迪 Monster 750ie S,街车,,
,,杜卡迪,Monster 796 Rossi MotoGP Replica,杜卡迪 Monster 796 Rossi MotoGP Replica,街车,,
,,杜卡迪,Monster 796 Hayden MotoGP Replica,杜卡迪 Monster 796 Hayden MotoGP Replica,街车,,
,,杜卡迪,Monster 796 20th Anniversary,杜卡迪 Monster 796 20th Anniversary,街车,,
,,杜卡迪,Monster 797 Special Edition (India),杜卡迪 Monster 797 Special Edition (India),街车,,
,,杜卡迪,Monster 797+,杜卡迪 Monster 797+,街车,,
,,杜卡迪,Monster 800ie,杜卡迪 Monster 800ie,街车,,
,,杜卡迪,Monster 800ie S,杜卡迪 Monster 800ie S,街车,,
,,杜卡迪,Monster 900,杜卡迪 Monster 900,街车,,
,,杜卡迪,Monster 900S,杜卡迪 Monster 900S,街车,,
,,杜卡迪,Monster 900ie Dark,杜卡迪 Monster 900ie Dark,街车,,
,,杜卡迪,Monster S2R,杜卡迪 Monster S2R,街车,,
,,杜卡迪,Monster S2R Dark,杜卡迪 Monster S2R Dark,街车,,
,,杜卡迪,Monster S2R 1000,杜卡迪 Monster S2R 1000,街车,,
,,杜卡迪,Monster S4,杜卡迪 Monster S4,街车,,
,,杜卡迪,Monster S4 Fogarty,杜卡迪 Monster S4 Fogarty,街车,,
,,杜卡迪,Monster S4R,杜卡迪 Monster S4R,街车,,
,,杜卡迪,Monster S4R Testastretta,杜卡迪 Monster S4R Testastretta,街车,,
,,杜卡迪,Monster S4RS Testastretta,杜卡迪 Monster S4RS Testastretta,街车,,
,,杜卡迪,Monster S4RS Tricolore,杜卡迪 Monster S4RS Tricolore,街车,,
,,杜卡迪,Monster 1000,杜卡迪 Monster 1000,街车,,
,,杜卡迪,Monster 1000S,杜卡迪 Monster 1000S,街车,,
,,杜卡迪,Monster 1100S,杜卡迪 Monster 1100S,街车,,
,,杜卡迪,Monster 1100 EVO Diesel Special Edition,杜卡迪 Monster 1100 EVO Diesel Special Edition,街车,,
,,杜卡迪,Monster 1100 EVO 20th Anniversary,杜卡迪 Monster 1100 EVO 20th Anniversary,街车,,
,,杜卡迪,Monster 1200S 25° Anniversario Limited Edition,杜卡迪 Monster 1200S 25° Anniversario Limited Edition,街车,,
,,杜卡迪,Scrambler 400 Sixty2 Hashtag,杜卡迪 Scrambler 400 Sixty2 Hashtag,街车,,
,,杜卡迪,Scrambler 800 Classic,杜卡迪 Scrambler 800 Classic,街车,,
,,杜卡迪,Scrambler 800 Desert Sled,杜卡迪 Scrambler 800 Desert Sled,街车,,
,,杜卡迪,Scrambler 800 Full Trottle,杜卡迪 Scrambler 800 Full Trottle,街车,,
,,杜卡迪,Scrambler 800 Full Trottle Special,杜卡迪 Scrambler 800 Full Trottle Special,街车,,
,,杜卡迪,Scrambler 800 Icon,杜卡迪 Scrambler 800 Icon,街车,,
,,杜卡迪,Scrambler 800 Urban Enduro,杜卡迪 Scrambler 800 Urban Enduro,街车,,
,,杜卡迪,Sport 1000 Monoposto,杜卡迪 Sport 1000 Monoposto,街车,,
,,杜卡迪,Sport 1000 Biposto,杜卡迪 Sport 1000 Biposto,街车,,
,,杜卡迪,Sport 1000S,杜卡迪 Sport 1000S,街车,,
,,杜卡迪,Sport 1000S Limited Edition,杜卡迪 Sport 1000S Limited Edition,街车,,
,,杜卡迪,ST 2,杜卡迪 ST 2,街车,,
,,杜卡迪,ST 3,杜卡迪 ST 3,街车,,
,,杜卡迪,ST3S,杜卡迪 ST3S,街车,,
,,杜卡迪,ST4,杜卡迪 ST4,街车,,
,,杜卡迪,ST4S,杜卡迪 ST4S,街车,,
,,杜卡迪,ST4S ABS,杜卡迪 ST4S ABS,街车,,
,,杜卡迪,Streetfighter 848 AMG Special Edtion,杜卡迪 Streetfighter 848 AMG Special Edtion,街车,,
,,杜卡迪,98 Sport / SS,杜卡迪 98 Sport / SS,街车,,
,,杜卡迪,100 Gran Sport "Marianna",杜卡迪 100 Gran Sport "Marianna",街车,,
,,杜卡迪,100 Sport,杜卡迪 100 Sport,街车,,
,,杜卡迪,125 Aurea,杜卡迪 125 Aurea,街车,,
,,杜卡迪,125 Cadet/4 / Cadet/4 Lusso / Cadet/4 Scrambler,杜卡迪 125 Cadet/4 / Cadet/4 Lusso / Cadet/4 Scrambler,街车,,
,,杜卡迪,125 Regolarita,杜卡迪 125 Regolarita,街车,,
,,杜卡迪,125 Scrambler,杜卡迪 125 Scrambler,街车,,
,,杜卡迪,125 Sport,杜卡迪 125 Sport,街车,,
,,杜卡迪,125 Tourismo Speciale,杜卡迪 125 Tourismo Speciale,街车,,
,,杜卡迪,125 TV Testone,杜卡迪 125 TV Testone,街车,,
,,杜卡迪,160 Monza Junior,杜卡迪 160 Monza Junior,街车,,
,,杜卡迪,175 Formula 3,杜卡迪 175 Formula 3,街车,,
,,杜卡迪,175 Gran Sport,杜卡迪 175 Gran Sport,街车,,
,,杜卡迪,175 Americano,杜卡迪 175 Americano,街车,,
,,杜卡迪,175 Sport,杜卡迪 175 Sport,街车,,
,,杜卡迪,175T Turismo,杜卡迪 175T Turismo,街车,,
,,杜卡迪,175TS Turismo Speciale,杜卡迪 175TS Turismo Speciale,街车,,
,,杜卡迪,200 Elite,杜卡迪 200 Elite,街车,,
,,杜卡迪,250 Desmo,杜卡迪 250 Desmo,街车,,
,,杜卡迪,250 Mark 1,杜卡迪 250 Mark 1,街车,,
,,杜卡迪,250 Mark 3,杜卡迪 250 Mark 3,街车,,
,,杜卡迪,250 Mark 3D Desmo,杜卡迪 250 Mark 3D Desmo,街车,,
,,杜卡迪,250 Monza,杜卡迪 250 Monza,街车,,
,,杜卡迪,250 Scrambler,杜卡迪 250 Scrambler,街车,,
,,杜卡迪,350 Desmo,杜卡迪 350 Desmo,街车,,
,,杜卡迪,350GTL,杜卡迪 350GTL,街车,,
,,杜卡迪,350GTV,杜卡迪 350GTV,街车,,
,,杜卡迪,350 Mark 3D,杜卡迪 350 Mark 3D,街车,,
,,杜卡迪,350 Scrambler,杜卡迪 350 Scrambler,街车,,
,,杜卡迪,350 Sport Desmo,杜卡迪 350 Sport Desmo,街车,,
,,杜卡迪,350TL,杜卡迪 350TL,街车,,
,,杜卡迪,350XL,杜卡迪 350XL,街车,,
,,杜卡迪,450 Mark 3,杜卡迪 450 Mark 3,街车,,
,,杜卡迪,450 Desmo,杜卡迪 450 Desmo,街车,,
,,杜卡迪,450 Scrambler,杜卡迪 450 Scrambler,街车,,
,,杜卡迪,500GTL,杜卡迪 500GTL,街车,,
,,杜卡迪,500GTV,杜卡迪 500GTV,街车,,
,,杜卡迪,500 Desmo,杜卡迪 500 Desmo,街车,,
,,杜卡迪,500 Sport Desmo,杜卡迪 500 Sport Desmo,街车,,
,,杜卡迪,500SL Pantah,杜卡迪 500SL Pantah,街车,,
,,杜卡迪,600SL Pantah,杜卡迪 600SL Pantah,街车,,
,,杜卡迪,600TL Pantah,杜卡迪 600TL Pantah,街车,,
,,杜卡迪,600SS,杜卡迪 600SS,街车,,
,,杜卡迪,620 Sport,杜卡迪 620 Sport,街车,,
,,杜卡迪,650 Indiana,杜卡迪 650 Indiana,街车,,
,,杜卡迪,650SL Pantah,杜卡迪 650SL Pantah,街车,,
意大利,进口,杜卡迪,Monster 795,杜卡迪 Monster 795,跑车,"￥128,000",
意大利,进口,杜卡迪,1199 Panigale S,杜卡迪 1199 Panigale S,跑车,"￥379,000",
意大利,进口,杜卡迪,Diavel,杜卡迪 Diavel,巡航,"￥218,000","￥268,000"
意大利,进口,杜卡迪,XDiavel,杜卡迪 XDiavel,巡航,"￥206,000","￥296,000"
,,杜卡迪,750 Sport,杜卡迪 750 Sport,复古,,
,,杜卡迪,Diavel-AMG,杜卡迪 Diavel-AMG,巡航,,
,,杜卡迪,Diavel Carbon,杜卡迪 Diavel Carbon,巡航,,
,,杜卡迪,Diavel Titanium,杜卡迪 Diavel Titanium,巡航,,
,,杜卡迪,Diavel Cromo,杜卡迪 Diavel Cromo,巡航,,
,,杜卡迪,Diavel Black Diamond,杜卡迪 Diavel Black Diamond,巡航,,
,,杜卡迪,Diavel Strada,杜卡迪 Diavel Strada,巡航,,
,,杜卡迪,Diavel Diesel Limited Edition,杜卡迪 Diavel Diesel Limited Edition,巡航,,
意大利,进口,杜卡迪,Diavel V4,杜卡迪 Diavel V4,巡航,"￥228,000","￥231,000"
,,杜卡迪,Multistrada 1200 Enduro Pro,杜卡迪 Multistrada 1200 Enduro Pro,拉力,,
,,杜卡迪,Hypermotard 1100 EVO SP Corse Edition,杜卡迪 Hypermotard 1100 EVO SP Corse Edition,越野,,
,,杜卡森,DK400,杜卡森 DK400,跑车,"￥18,800","￥23,800"
,国产,飞肯,旋锋FK125-9A,飞肯 旋锋FK125-9A,街车,"￥6,200",
,国产,飞肯,飞剑王FK125-10G,飞肯 飞剑王FK125-10G,街车,"￥5,380","￥7,580"
,国产,飞肯,老红FK125-6G,飞肯 老红FK125-6G,街车,"￥4,380",
,国产,飞肯,飞梦FK125-4A,飞肯 飞梦FK125-4A,街车,"￥4,980",
,国产,飞肯,锋朗FK150-8E,飞肯 锋朗FK150-8E,街车,"￥5,280",
,国产,飞肯,战鹰FK150-8G,飞肯 战鹰FK150-8G,街车,"￥7,280",
,国产,飞肯,骏朗太子 FK150-BA,飞肯 骏朗太子 FK150-BA,街车,"￥8,050",
,国产,飞肯,天龙太子FK150-BC,飞肯 天龙太子FK150-BC,街车,"￥5,780",
,国产,飞肯,精品太子FK125-BA,飞肯 精品太子FK125-BA,街车,,
,国产,飞肯,风云二号FK125-A,飞肯 风云二号FK125-A,街车,"￥4,880",
,国产,飞肯,飞锐新花FK125-4A,飞肯 飞锐新花FK125-4A,街车,"￥5,280",
,国产,飞肯,FK110-3A GT,飞肯 FK110-3A GT,街车,"￥5,800",
,国产,飞肯,飞肯王越野FK150,飞肯 飞肯王越野FK150,街车,"￥5,980",
,国产,飞肯,亮翼,飞肯 亮翼,街车,,
,国产,飞肯,律格,飞肯 律格,踏板,"￥3,200",
,国产,飞肯,新款小公主,飞肯 新款小公主,踏板,"￥4,200",
,国产,飞肯,雅格FK100T-2A,飞肯 雅格FK100T-2A,踏板,"￥3,800",
,国产,飞肯,睿御FK125T-2A,飞肯 睿御FK125T-2A,踏板,"￥4,780",
,国产,飞肯,COCO FK100T-G,飞肯 COCO FK100T-G,踏板,"￥4,680",
,国产,飞肯,灵致FK100T-4A,飞肯 灵致FK100T-4A,踏板,"￥3,800",
,国产,飞肯,鬼火FK100T-G,飞肯 鬼火FK100T-G,踏板,"￥4,800",
,国产,飞肯,COCO,飞肯 COCO,踏板,,
,国产,飞肯,小公主125,飞肯 小公主125,踏板,,
,国产,飞肯,R2,飞肯 R2,踏板,,
,国产,飞肯,天鹰,飞肯 天鹰,踏板,,
,国产,飞肯,喜悦星,飞肯 喜悦星,踏板,,
,国产,飞肯,FK125T-D,飞肯 FK125T-D,踏板,,
,国产,飞肯,FK100T-10D,飞肯 FK100T-10D,踏板,"￥6,980",
,国产,飞肯,FK125T-8E,飞肯 FK125T-8E,踏板,"￥7,980",
,国产,飞肯,FK125T-8F,飞肯 FK125T-8F,踏板,"￥7,980",
,国产,飞肯,梦莎,飞肯 梦莎,踏板,"￥7,980",
,国产,飞肯,精品太子FK125-BA,飞肯 精品太子FK125-BA,复古,,
,国产,飞肯,超凡CG王FK125,飞肯 超凡CG王FK125,复古,,
,国产,飞肯,FK150-D,飞肯 FK150-D,复古,,
,国产,飞肯,精品太子FK125-BA,飞肯 精品太子FK125-BA,巡航,,
,国产,飞肯,FK150-9E,飞肯 FK150-9E,跨骑,,
,国产,飞肯,FK110-3A,飞肯 FK110-3A,弯梁,"￥3,800",
,国产,飞肯,超级锋驰FK110-3A,飞肯 超级锋驰FK110-3A,弯梁,"￥3,800",
,国产,飞肯,赛铃FK110-3A,飞肯 赛铃FK110-3A,弯梁,"￥3,800",
,国产,飞肯,超越（运动版）FK110-3A,飞肯 超越（运动版）FK110-3A,弯梁,"￥3,800",
,国产,飞肯,FK110-3D,飞肯 FK110-3D,弯梁,,
,,飞翎,魅影 450,飞翎 魅影 450,跑车,"￥20,800",
,,飞翎,A 2,飞翎 A 2,跑车,"￥7,800",
,,飞翎,枭峰8号,飞翎 枭峰8号,跑车,"￥8,600",
,,飞翎,FL 250 R,飞翎 FL 250 R,街车,"￥13,980",
,,飞翎,枭峰9号,飞翎 枭峰9号,街车,"￥7,900",
,,飞翎,FL500,飞翎 FL500,巡航,"￥18,800","￥19,800"
,,飞翎,FL500X,飞翎 FL500X,拉力,"￥29,800",
,,飞翎,FL500B-2D,飞翎 FL500B-2D,三轮,"￥30,800",
,国产,飞鹰,FY100T-8B,飞鹰 FY100T-8B,踏板,"￥7,380",
,国产,飞鹰,RM35,飞鹰 RM35,跑车,"￥20,980","￥23,800"
,国产,飞鹰,R25,飞鹰 R25,跑车,"￥13,800","￥16,300"
,国产,飞鹰,翼侠FY125-18,飞鹰 翼侠FY125-18,街车,"￥6,180",
,国产,飞鹰,天箭,飞鹰 天箭,街车,"￥5,600",
,国产,飞鹰,剑侠,飞鹰 剑侠,街车,"￥4,380",
,国产,飞鹰,喜劲FY125T-3J,飞鹰 喜劲FY125T-3J,街车,"￥8,000",
,国产,飞鹰,S25,飞鹰 S25,街车,"￥13,800","￥16,300"
,国产,飞鹰,NCX,飞鹰 NCX,踏板,"￥6,380","￥6,980"
,国产,飞鹰,花嫁FY100T-A,飞鹰 花嫁FY100T-A,踏板,"￥6,680",
,国产,飞鹰,Rszero FY100T-8B,飞鹰 Rszero FY100T-8B,踏板,"￥6,891",
,国产,飞鹰,风景FY125T-3P,飞鹰 风景FY125T-3P,踏板,"￥4,800",
,国产,飞鹰,FY100T-8A,飞鹰 FY100T-8A,踏板,"￥6,337",
,国产,飞鹰,凌雅,飞鹰 凌雅,踏板,"￥8,053",
,国产,飞鹰,雅致,飞鹰 雅致,踏板,"￥5,500",
,国产,飞鹰,赛格FY125T-3Y,飞鹰 赛格FY125T-3Y,踏板,"￥8,850",
,国产,飞鹰,劲战四代目FY125T-3J,飞鹰 劲战四代目FY125T-3J,踏板,"￥8,800",
,国产,飞鹰,雅格FY110T-A,飞鹰 雅格FY110T-A,踏板,"￥6,680",
,国产,飞鹰,喜劲FY110T-3A,飞鹰 喜劲FY110T-3A,踏板,"￥6,880",
,国产,飞鹰,酷禧FY110T-C,飞鹰 酷禧FY110T-C,踏板,"￥6,680",
,国产,飞鹰,新喜爱FY110T-B,飞鹰 新喜爱FY110T-B,踏板,"￥6,680",
,国产,飞鹰,E酷FY110T-2B,飞鹰 E酷FY110T-2B,踏板,"￥6,880",
,国产,飞鹰,酷星FY110T-C,飞鹰 酷星FY110T-C,踏板,"￥6,680",
,国产,飞鹰,鬼火 FY110T-5A,飞鹰 鬼火 FY110T-5A,踏板,"￥5,680","￥6,680"
,国产,飞鹰,飙风150,飞鹰 飙风150,踏板,"￥10,980",
,国产,飞鹰,F-Max 150,飞鹰 F-Max 150,踏板,"￥10,980","￥11,980"
,国产,飞鹰,拉蒂克150,飞鹰 拉蒂克150,踏板,"￥11,680",
,国产,飞鹰,优雅,飞鹰 优雅,踏板,"￥6,980",
,国产,飞鹰,维纳斯,飞鹰 维纳斯,踏板,"￥7,980",
,国产,飞鹰,飞雅UFR,飞鹰 飞雅UFR,踏板,"￥6,980",
,国产,飞鹰,乐行,飞鹰 乐行,踏板,"￥6,980",
,国产,飞鹰,飞雅LR,飞鹰 飞雅LR,踏板,"￥7,980",
,国产,飞鹰,飞雅新优雅,飞鹰 飞雅新优雅,踏板,"￥6,980",
,国产,飞鹰,星尚,飞鹰 星尚,踏板,"￥4,980",
,国产,飞鹰,飞尚,飞鹰 飞尚,踏板,"￥4,980",
,国产,飞鹰,飞雅鹰戈,飞鹰 飞雅鹰戈,踏板,"￥6,980",
,,飞鹰,刀郎 FY 125-20,飞鹰 刀郎 FY 125-20,复古,,
,国产,飞鹰,小飞鹰150,飞鹰 小飞鹰150,MINI,"￥6,980",
,,费伦摩尔,黑豹,费伦摩尔 黑豹,巡航,,
,,费伦摩尔,开普敦,费伦摩尔 开普敦,拉力,,
,国产,高金,Flame500,高金 Flame500,街车,"￥32,800","￥34,800"
,国产,高金,GK1200,高金 GK1200,复古,"￥53,800","￥65,800"
,国产,高金,GK500,高金 GK500,复古,"￥34,800","￥37,800"
,国产,高金,GK400,高金 GK400,复古,"￥25,980",
,国产,高金,Thor1000,高金 Thor1000,巡航,"￥58,800",
,,高金,Thor650 Bobber,高金 Thor650 Bobber,巡航,,
,,高金,Storr500,高金 Storr500,拉力,,
,,高金,GK500 ADV,高金 GK500 ADV,拉力,,
,,高金,GK1000 ADV,高金 GK1000 ADV,拉力,,
,,古思特,公爵 GST125T-12A,古思特 公爵 GST125T-12A,踏板,"￥10,800",
,,古思特,爵士 GST125T-11A,古思特 爵士 GST125T-11A,踏板,"￥10,500",
,,古思特,时光机,古思特 时光机,踏板,"￥6,980",
,,古思特,大黄蜂 125,古思特 大黄蜂 125,踏板,"￥8,980",
,,古思特,缤戈,古思特 缤戈,踏板,"￥8,880",
,,古思特,K-01,古思特 K-01,踏板,"￥5,690",
,,古思特,S-01,古思特 S-01,踏板,"￥7,990","￥8,590"
,,古思特,国色天香,古思特 国色天香,踏板,"￥7,880",
,,古思特,麒麟远图,古思特 麒麟远图,踏板,"￥11,680",
,,古思特,雪鹰-侠客行,古思特 雪鹰-侠客行,踏板,"￥6,380",
,,古思特,海豚-乐游,古思特 海豚-乐游,踏板,"￥11,580",
,,古思特,猛禽-裂之行,古思特 猛禽-裂之行,踏板,"￥7,380",
,,古思特,火鹞制燥,古思特 火鹞制燥,踏板,"￥6,980",
,,古思特,枭龙,古思特 枭龙,踏板,"￥11,980",
,,光速,A Plus 400,光速 A Plus 400,踏板,"￥36,800",
,,光速,ES 150 R,光速 ES 150 R,踏板,,
,,光速,OZS 150 i,光速 OZS 150 i,踏板,,
,国产,光阳,KRider 400,光阳 KRider 400,街车,"￥40,980",
,国产,光阳,K-PIE 125,光阳 K-PIE 125,街车,"￥9,625",
,国产,光阳,A.I.R150,光阳 A.I.R150,街车,"￥7,280",
,国产,光阳,猎路者CK1-150,光阳 猎路者CK1-150,街车,"￥12,980",
,国产,光阳,锐骥125,光阳 锐骥125,街车,"￥6,180",
,国产,光阳,猎路者CK1-125,光阳 猎路者CK1-125,街车,"￥9,697",
,,光阳,AIR150,光阳 AIR150,街车,,
,,光阳,Quannon 150,光阳 Quannon 150,街车,,
,,光阳,KR Sport / Quannon,光阳 KR Sport / Quannon,街车,,
,,光阳,Pulsar 125,光阳 Pulsar 125,街车,,
,,光阳,Quannon 125,光阳 Quannon 125,街车,,
,,光阳,Stryker 125,光阳 Stryker 125,街车,,
,国产,光阳,Racing X 150,光阳 Racing X 150,踏板,"￥15,999","￥19,800"
,国产,光阳,Racing H 150,光阳 Racing H 150,踏板,"￥16,660",
,国产,光阳,赛艇 CT250,光阳 赛艇 CT250,踏板,"￥19,980","￥24,999"
,国产,光阳,赛艇 ST250,光阳 赛艇 ST250,踏板,"￥24,999","￥26,999"
,国产,光阳,赛艇 250,光阳 赛艇 250,踏板,"￥21,800",
,国产,光阳,赛艇 S250,光阳 赛艇 S250,踏板,"￥27,980",
,国产,光阳,弯道150,光阳 弯道150,踏板,"￥13,500","￥14,680"
,国产,光阳,赛艇 S350,光阳 赛艇 S350,踏板,"￥34,980",
,国产,光阳,AK550,光阳 AK550,踏板,"￥88,800","￥89,800"
,国产,光阳,赛艇 S400,光阳 赛艇 S400,踏板,"￥46,800",
,国产,光阳,KRV180,光阳 KRV180,踏板,"￥27,800","￥29,800"
,国产,光阳,赛艇 CT300,光阳 赛艇 CT300,踏板,"￥29,980",
,,光阳,X350,光阳 X350,踏板,,
,国产,光阳,Xciting S400,光阳 Xciting S400,踏板,"￥59,980",
,国产,光阳,Any Like Q 150,光阳 Any Like Q 150,踏板,"￥13,980","￥16,980"
,国产,光阳,Jockey125,光阳 Jockey125,踏板,"￥8,980",
,国产,光阳,People 250,光阳 People 250,踏板,"￥23,800",
,国产,光阳,New Many 125,光阳 New Many 125,踏板,"￥14,980","￥16,800"
,国产,光阳,艾骑丽CK125T-6A,光阳 艾骑丽CK125T-6A,踏板,"￥8,320",
,国产,光阳,如意豪迈CK125T-2M,光阳 如意豪迈CK125T-2M,踏板,"￥6,980",
,国产,光阳,G6 150,光阳 G6 150,踏板,"￥27,800",
,国产,光阳,Xciting 250i,光阳 Xciting 250i,踏板,"￥23,800",
,国产,光阳,锋丽VP L125,光阳 锋丽VP L125,踏板,"￥7,680",
,国产,光阳,劲丽110 Fi,光阳 劲丽110 Fi,踏板,"￥8,980",
,国产,光阳,弯道情人125 Fi,光阳 弯道情人125 Fi,踏板,"￥12,800",
,国产,光阳,弯道情人150 ACC,光阳 弯道情人150 ACC,踏板,"￥13,800",
,国产,光阳,弯道情人150 KCC,光阳 弯道情人150 KCC,踏板,"￥19,268",
,国产,光阳,Xciting 300i,光阳 Xciting 300i,踏板,"￥32,574","￥32,800"
,国产,光阳,LIKE 180 Fi双色版,光阳 LIKE 180 Fi双色版,踏板,"￥12,500",
,国产,光阳,动丽125,光阳 动丽125,踏板,"￥8,680",
,国产,光阳,锋丽50 Fi,光阳 锋丽50 Fi,踏板,"￥7,800",
,国产,光阳,如意豪迈125KDU II,光阳 如意豪迈125KDU II,踏板,"￥6,380",
,国产,光阳,威风豪迈125,光阳 威风豪迈125,踏板,"￥8,522",
,国产,光阳,Xciting 300,光阳 Xciting 300,踏板,"￥32,800",
,国产,光阳,王道 Myroad 700i,光阳 王道 Myroad 700i,踏板,"￥98,000",
,,光阳,雷霆王 Racing King 180,光阳 雷霆王 Racing King 180,踏板,,
,国产,光阳,凌丽CK125T-3M,光阳 凌丽CK125T-3M,踏板,"￥7,880",
,国产,光阳,People S 150,光阳 People S 150,踏板,"￥18,800",
,国产,光阳,赛艇 L300,光阳 赛艇 L300,踏板,"￥34,580","￥36,800"
,国产,光阳,GP125,光阳 GP125,踏板,"￥6,980",
,,光阳,X-Town CT125,光阳 X-Town CT125,踏板,,
,国产,光阳,动丽G150,光阳 动丽G150,踏板,"￥11,980","￥13,500"
,,光阳,racing s 125,光阳 racing s 125,踏板,,
,,光阳,VJR110,光阳 VJR110,踏板,,
,,光阳,NIKITA 300,光阳 NIKITA 300,踏板,,
,国产,光阳,GPX125,光阳 GPX125,踏板,"￥8,280",
,,光阳,Sento 50,光阳 Sento 50,踏板,,
,,光阳,Super 8 50,光阳 Super 8 50,踏板,,
,,光阳,Like 50,光阳 Like 50,踏板,,
,,光阳,Super 8 50 2T,光阳 Super 8 50 2T,踏板,,
,,光阳,Super 9 AC EOS,光阳 Super 9 AC EOS,踏板,,
,,光阳,Frost 200i,光阳 Frost 200i,踏板,,
,,光阳,People 150,光阳 People 150,踏板,,
,,光阳,Super 8 150,光阳 Super 8 150,踏板,,
,,光阳,Agility 300,光阳 Agility 300,踏板,,
,,光阳,Agility 50,光阳 Agility 50,踏板,,
,,光阳,Agility 125,光阳 Agility 125,踏板,,
,,光阳,Compagno 50i,光阳 Compagno 50i,踏板,,
,,光阳,Compagno 110i,光阳 Compagno 110i,踏板,,
,,光阳,Downtown 200i,光阳 Downtown 200i,踏板,,
,,光阳,Downtown 300i,光阳 Downtown 300i,踏板,,
,,光阳,Heroism 150,光阳 Heroism 150,踏板,,
,,光阳,Like 200i,光阳 Like 200i,踏板,,
,,光阳,People GT 300i,光阳 People GT 300i,踏板,,
,,光阳,Super 8 150,光阳 Super 8 150,踏板,,
,,光阳,Xciting 250Ri,光阳 Xciting 250Ri,踏板,,
,,光阳,Xciting 500i,光阳 Xciting 500i,踏板,,
,,光阳,Xciting 500Ri,光阳 Xciting 500Ri,踏板,,
,,光阳,Yup 50,光阳 Yup 50,踏板,,
,,光阳,Yup 250,光阳 Yup 250,踏板,,
,,光阳,Like 50 2T,光阳 Like 50 2T,踏板,,
,,光阳,Vitality 50 2T,光阳 Vitality 50 2T,踏板,,
,,光阳,Sento 50i,光阳 Sento 50i,踏板,,
,,光阳,Sento 110i,光阳 Sento 110i,踏板,,
,,光阳,Yager GT 200i,光阳 Yager GT 200i,踏板,,
,,光阳,People S 300,光阳 People S 300,踏板,,
,,光阳,DT X 360,光阳 DT X 360,踏板,,
,,光阳,CV-L6,光阳 CV-L6,踏板,,
,,光阳,DownTown 350,光阳 DownTown 350,踏板,,
,,光阳,SkyTown 125,光阳 SkyTown 125,踏板,,
,,光阳,KRV150,光阳 KRV150,踏板,,
,,光阳,Filly 50,光阳 Filly 50,踏板,,
,国产,光阳,光阳派K-PIE,光阳 光阳派K-PIE,复古,"￥9,625",
,,光阳,K-Pipe 50,光阳 K-Pipe 50,复古,,
,,光阳,K-Pipe 125,光阳 K-Pipe 125,复古,,
,,光阳,Hipster 125,光阳 Hipster 125,巡航,,
,,光阳,Venox 250,光阳 Venox 250,巡航,,
,,光阳,Zing 125,光阳 Zing 125,巡航,,
,国产,光阳,骏舞CK110-E,光阳 骏舞CK110-E,弯梁,"￥4,380",
,,光阳,CV3,光阳 CV3,三轮,,
,,广本万强,高手 GB150,广本万强 高手 GB150,MINI,"￥8,580",
,,广本万强,GB150B-55,广本万强 GB150B-55,三轮,"￥15,800",
,,广建雅,街皇,广建雅 街皇,街车,,
,,广建雅,金刚狼800,广建雅 金刚狼800,巡航,"￥69,800",
,,广建雅,暴龙,广建雅 暴龙,巡航,,
,,广建雅,硬汉800,广建雅 硬汉800,巡航,,
,,广建雅,苍云 GJY300,广建雅 苍云 GJY300,巡航,"￥19,999",
,,广建雅,鲨鱼正三轮,广建雅 鲨鱼正三轮,三轮,,
,,国美,Z1,国美 Z1,踏板,"￥13,980","￥14,980"
,,国美,Z2,国美 Z2,踏板,"￥14,980","￥15,980"
,,国美,皮皮侠,国美 皮皮侠,复古,"￥8,680",
美国,进口,哈雷戴维森,X 500,哈雷戴维森 X 500,复古,"￥44,388",
美国,进口,哈雷戴维森,ROADSTER 路锋,哈雷戴维森 ROADSTER 路锋,街车,,
美国,进口,哈雷戴维森,X 350,哈雷戴维森 X 350,街车,"￥33,388",
美国,进口,哈雷戴维森,Freewheeler,哈雷戴维森 Freewheeler,街车,"￥210,000",
美国,进口,哈雷戴维森,Pan America 1250 Adventure,哈雷戴维森 Pan America 1250 Adventure,拉力,"￥176,800","￥221,160"
美国,进口,哈雷戴维森,Road Glide,哈雷戴维森 Road Glide,旅行,"￥368,800",
美国,进口,哈雷戴维森,Tri Glide,哈雷戴维森 Tri Glide,三轮,"￥638,800","￥838,800"
美国,进口,哈雷戴维森,Nightster,哈雷戴维森 Nightster,巡航,"￥99,800","￥124,480"
美国,进口,哈雷戴维森,Sportster S,哈雷戴维森 Sportster S,巡航,"￥136,800","￥138,780"
美国,进口,哈雷戴维森,大道滑翔 Street Glide,哈雷戴维森 大道滑翔 Street Glide,巡航,"￥388,800","￥498,800"
美国,进口,哈雷戴维森,街霸 Street Bob,哈雷戴维森 街霸 Street Bob,巡航,"￥195,800","￥198,080"
美国,进口,哈雷戴维森,公路滑翔 Road Glide,哈雷戴维森 公路滑翔 Road Glide,巡航,"￥408,800","￥688,888"
美国,进口,哈雷戴维森,肥仔 Fat Boy,哈雷戴维森 肥仔 Fat Boy,巡航,"￥310,800","￥313,080"
美国,进口,哈雷戴维森,Softail Standard,哈雷戴维森 Softail Standard,巡航,"￥175,800","￥177,300"
美国,进口,哈雷戴维森,突破者 Breakout,哈雷戴维森 突破者 Breakout,巡航,"￥285,800","￥288,600"
美国,进口,哈雷戴维森,硬汉 lron 1200,哈雷戴维森 硬汉 lron 1200,巡航,"￥126,800",
美国,进口,哈雷戴维森,肥霸 Fat Bob,哈雷戴维森 肥霸 Fat Bob,巡航,"￥255,800","￥257,300"
美国,进口,哈雷戴维森,路威 Low Rider S,哈雷戴维森 路威 Low Rider S,巡航,"￥235,800","￥287,780"
美国,进口,哈雷戴维森,旗舰滑翔 Limited,哈雷戴维森 旗舰滑翔 Limited,巡航,"￥449,800","￥460,280"
美国,进口,哈雷戴维森,Heritage Classic,哈雷戴维森 Heritage Classic,巡航,"￥335,800","￥349,680"
美国,进口,哈雷戴维森,路王定制版 Road King Special,哈雷戴维森 路王定制版 Road King Special,巡航,"￥358,800","￥379,600"
美国,进口,哈雷戴维森,883L SuperLow,哈雷戴维森 883L SuperLow,巡航,"￥99,800",
美国,进口,哈雷戴维森,Iron883 硬汉,哈雷戴维森 Iron883 硬汉,巡航,"￥111,080","￥120,780"
美国,进口,哈雷戴维森,Forty-Eight 运动者,哈雷戴维森 Forty-Eight 运动者,巡航,"￥137,800","￥142,800"
美国,进口,哈雷戴维森,Road King,哈雷戴维森 Road King,巡航,"￥340,800",
美国,进口,哈雷戴维森,豪雅软尾Softail Deluxe,哈雷戴维森 豪雅软尾Softail Deluxe,巡航,"￥288,800",
美国,进口,哈雷戴维森,Electra Glide Ultra Limited,哈雷戴维森 Electra Glide Ultra Limited,巡航,"￥425,800",
美国,进口,哈雷戴维森,Street 750,哈雷戴维森 Street 750,巡航,,
美国,进口,哈雷戴维森,STREET ROD街路德,哈雷戴维森 STREET ROD街路德,巡航,"￥95,888",
美国,进口,哈雷戴维森,路威 Low Rider,哈雷戴维森 路威 Low Rider,巡航,"￥195,800","￥218,800"
美国,进口,哈雷戴维森,1200 Custom,哈雷戴维森 1200 Custom,巡航,"￥133,080",
美国,进口,哈雷戴维森,Softail Blackline,哈雷戴维森 Softail Blackline,巡航,"￥271,000",
,,哈雷戴维森,Dyna Super Glide Low Rider,哈雷戴维森 Dyna Super Glide Low Rider,街车,,
,,哈雷戴维森,XR 1200,哈雷戴维森 XR 1200,街车,,
,,哈雷戴维森,XL1200V Seventy-Two,哈雷戴维森 XL1200V Seventy-Two,街车,,
,,哈雷戴维森,XL1200T SuperLow,哈雷戴维森 XL1200T SuperLow,街车,,
,,哈雷戴维森,Electra Glide Classic,哈雷戴维森 Electra Glide Classic,街车,,
,,哈雷戴维森,Fat Boy S,哈雷戴维森 Fat Boy S,街车,,
美国,进口,哈雷戴维森,凌动滑翔 Sport Glide,哈雷戴维森 凌动滑翔 Sport Glide,巡航,,
美国,进口,哈雷戴维森,Ultra Classic Electra Glide,哈雷戴维森 Ultra Classic Electra Glide,巡航,"￥385,000",
美国,进口,哈雷戴维森,戴纳Wide Glide,哈雷戴维森 戴纳Wide Glide,巡航,"￥229,000",
美国,进口,哈雷戴维森,软尾司令Softail Slim,哈雷戴维森 软尾司令Softail Slim,巡航,"￥236,800",
,,哈雷戴维森,Night Rod Special,哈雷戴维森 Night Rod Special,巡航,,
,,哈雷戴维森,威路德 V-Rod,哈雷戴维森 威路德 V-Rod,巡航,,
,,哈雷戴维森,Dyna Switchback,哈雷戴维森 Dyna Switchback,巡航,,
,,哈雷戴维森,Road King Classic,哈雷戴维森 Road King Classic,巡航,,
,,哈雷戴维森,Softail Deluxe,哈雷戴维森 Softail Deluxe,巡航,,
,,哈雷戴维森,Dyna Super Glide Custom,哈雷戴维森 Dyna Super Glide Custom,巡航,,
,,哈雷戴维森,Dyna Glide Super Glide FXD/FXDI,哈雷戴维森 Dyna Glide Super Glide FXD/FXDI,巡航,,
,,哈雷戴维森,XL1200X Forty-Eight,哈雷戴维森 XL1200X Forty-Eight,巡航,,
,,哈雷戴维森,1200L Sportster,哈雷戴维森 1200L Sportster,巡航,,
,,哈雷戴维森,1200N Nightster,哈雷戴维森 1200N Nightster,巡航,,
,,哈雷戴维森,XR 1200X,哈雷戴维森 XR 1200X,巡航,,
,,哈雷戴维森,Softail Fat Boy Lo,哈雷戴维森 Softail Fat Boy Lo,巡航,,
,,哈雷戴维森,Cross Bones,哈雷戴维森 Cross Bones,巡航,,
,,哈雷戴维森,Rocker C,哈雷戴维森 Rocker C,巡航,,
,,哈雷戴维森,V-Rod Muscle,哈雷戴维森 V-Rod Muscle,巡航,,
,,哈雷戴维森,CVO Softail Convertible,哈雷戴维森 CVO Softail Convertible,巡航,,
,,哈雷戴维森,Peace Officer Ultra Classic Electra Glide,哈雷戴维森 Peace Officer Ultra Classic Electra Glide,巡航,,
,,哈雷戴维森,Peace Officer Heritage Softail Classic,哈雷戴维森 Peace Officer Heritage Softail Classic,巡航,,
,,哈雷戴维森,Peace Officer Road King,哈雷戴维森 Peace Officer Road King,巡航,,
,,哈雷戴维森,Firefighter Road King,哈雷戴维森 Firefighter Road King,巡航,,
,,哈雷戴维森,Firefighter Heritage Softail Classic,哈雷戴维森 Firefighter Heritage Softail Classic,巡航,,
,,哈雷戴维森,Firefighter Ultra Classic Electra Glide,哈雷戴维森 Firefighter Ultra Classic Electra Glide,巡航,,
,,哈雷戴维森,Shrine Road King,哈雷戴维森 Shrine Road King,巡航,,
,,哈雷戴维森,Shrine Heritage Softail Classic,哈雷戴维森 Shrine Heritage Softail Classic,巡航,,
,,哈雷戴维森,Shrine Fat Boy,哈雷戴维森 Shrine Fat Boy,巡航,,
,,哈雷戴维森,Street 500,哈雷戴维森 Street 500,巡航,,
,,哈雷戴维森,CVO Road Glide Custom,哈雷戴维森 CVO Road Glide Custom,巡航,,
美国,进口,哈雷戴维森,至尊滑翔Cvo Ultra Classic Electra Glide,哈雷戴维森 至尊滑翔Cvo Ultra Classic Electra Glide,巡航,"￥588,000",
,,哈雷戴维森,Fire Electra Glide,哈雷戴维森 Fire Electra Glide,旅行,,
,,哈雷戴维森,Fire Road King,哈雷戴维森 Fire Road King,旅行,,
,,哈雷戴维森,Shrine Ultra Classic Electra Glide,哈雷戴维森 Shrine Ultra Classic Electra Glide,旅行,,
,,哈雷戴维森,Street Glide Trike,哈雷戴维森 Street Glide Trike,三轮,,
,,哈里威,神驹 500,哈里威 神驹 500,跑车,"￥32,800",
,,哈里威,神驹 312,哈里威 神驹 312,复古,"￥8,800",
,,哈特佛,Vita 300,哈特佛 Vita 300,踏板,,
,,哈特佛,CX 125 Cross Over,哈特佛 CX 125 Cross Over,复古,,
,,哈特佛,HD 125 S,哈特佛 HD 125 S,复古,,
,,哈特佛,HD 233 H Classic S,哈特佛 HD 233 H Classic S,复古,,
,,哈特佛,UK 450 Retro,哈特佛 UK 450 Retro,复古,,
,,哈特佛,VR 150 H Velo Cross,哈特佛 VR 150 H Velo Cross,越野,,
,,哈特佛,VR 223 H Velo Cross,哈特佛 VR 223 H Velo Cross,越野,,
,,海兰德,缤纷假日 HLD150T,海兰德 缤纷假日 HLD150T,踏板,"￥13,980",
,,海兰德,穿越者,海兰德 穿越者,弯梁,"￥8,380","￥9,980"
,,海陵,海陵 750,海陵 海陵 750,三轮,"￥48,880",
,,海陵,HL250B-D,海陵 HL250B-D,三轮,"￥19,800",
,,海陵,HL250B-2D,海陵 HL250B-2D,三轮,"￥24,800",
,,汉威,Furious 250NK,汉威 Furious 250NK,街车,"￥17,980",
,,汉威,Flash 150T,汉威 Flash 150T,踏板,"￥10,800",
,,汉威,Furious 250SC,汉威 Furious 250SC,复古,"￥17,980","￥19,980"
,,汉威,HS125,汉威 HS125,复古,"￥10,980",
,,汉威,雅痞 YP500/B50,汉威 雅痞 YP500/B50,巡航,"￥28,980","￥37,980"
,,汉威,BOB400,汉威 BOB400,巡航,"￥25,380","￥26,980"
,,汉威,G30,汉威 G30,拉力,"￥18,280",
,,航爵,Vista 150,航爵 Vista 150,踏板,"￥7,880",
,,航爵,GT 150,航爵 GT 150,踏板,"￥11,800","￥12,800"
,,豪达,U+,豪达 U+,踏板,"￥6,380",
,,豪达,喜之星,豪达 喜之星,踏板,"￥5,580",
,,豪达,S9C,豪达 S9C,踏板,"￥5,680",
,,豪达,丽莎,豪达 丽莎,踏板,"￥6,980","￥7,780"
,,豪达,HD125T-9K,豪达 HD125T-9K,踏板,"￥7,380","￥7,800"
,,豪达,凯悦,豪达 凯悦,踏板,"￥7,380",
,,豪达,HD100T-5K,豪达 HD100T-5K,踏板,"￥5,390",
,,豪达,HD125T-12B,豪达 HD125T-12B,踏板,"￥6,380",
,,豪达,HD100T-3,豪达 HD100T-3,踏板,"￥5,380",
,,豪达,优美F款,豪达 优美F款,踏板,"￥6,680",
,,豪达,HD125T-K,豪达 HD125T-K,踏板,"￥5,580",
,,豪达,丽华,豪达 丽华,踏板,"￥7,680",
,,豪达,HD125T-11K,豪达 HD125T-11K,踏板,"￥7,199",
,,豪达,HD125T-13K,豪达 HD125T-13K,踏板,"￥8,666",
,,豪江,天虎HJ125-3B,豪江 天虎HJ125-3B,街车,"￥5,680",
,,豪江,HJ150-27TY,豪江 HJ150-27TY,街车,"￥5,918",
,,豪江,战神,豪江 战神,街车,"￥6,800",
,,豪江,劲酷,豪江 劲酷,街车,"￥6,980",
,,豪江,烈兽,豪江 烈兽,街车,"￥7,980",
,,豪江,烈兽三代HJ125-5B,豪江 烈兽三代HJ125-5B,街车,"￥7,980",
,,豪江,劲享HJ125-17,豪江 劲享HJ125-17,街车,"￥6,060",
,,豪江,劲驰HJ150-16,豪江 劲驰HJ150-16,街车,"￥4,880","￥6,430"
,,豪江,劲跑HJ125-11,豪江 劲跑HJ125-11,街车,"￥5,480",
,,豪江,金丝猫HJ125-20,豪江 金丝猫HJ125-20,街车,"￥3,890",
,,豪江,豪钻二代HJ125-16,豪江 豪钻二代HJ125-16,街车,"￥5,980",
,,豪江,战神二代HJ125-17,豪江 战神二代HJ125-17,街车,"￥6,800",
,,豪江,经典太子HJ125-23A,豪江 经典太子HJ125-23A,街车,"￥4,280",
,,豪江,炫影,豪江 炫影,街车,"￥7,999",
,,豪江,新烈豹HJ150-8B,豪江 新烈豹HJ150-8B,街车,,
,,豪江,铃木王一代HJ125-26,豪江 铃木王一代HJ125-26,街车,,
,,豪江,金刚二代HJ125-18,豪江 金刚二代HJ125-18,街车,,
,,豪江,劲动太子HJ125-33,豪江 劲动太子HJ125-33,街车,,
,,豪江,HJ125-2C CG,豪江 HJ125-2C CG,街车,,
,,豪江,HJ250-A,豪江 HJ250-A,街车,"￥8,999",
,,豪江,天怡HJ125-13,豪江 天怡HJ125-13,踏板,"￥6,800",
,,豪江,劲炫天翎HJ125T-19,豪江 劲炫天翎HJ125T-19,踏板,"￥4,180",
,,豪江,天使HJ125T-13,豪江 天使HJ125T-13,踏板,,
,,豪江,鬼火HJ100T-16,豪江 鬼火HJ100T-16,踏板,,
,,豪江,喜逸HJ100T-23TY,豪江 喜逸HJ100T-23TY,踏板,,
,,豪江,天运HJ100T-18,豪江 天运HJ100T-18,踏板,,
,,豪江,HJ100T-23,豪江 HJ100T-23,踏板,"￥4,148",
,,豪江,睿御HJ100T-17,豪江 睿御HJ100T-17,踏板,,
,,豪江,天雅HJ100T-13TY,豪江 天雅HJ100T-13TY,踏板,,
,,豪江,劲炫天使HJ100T-13,豪江 劲炫天使HJ100T-13,踏板,,
,,豪江,劲炫钻鹰HJ125T-19,豪江 劲炫钻鹰HJ125T-19,踏板,,
,,豪江,劲炫天致HJ125T-19,豪江 劲炫天致HJ125T-19,踏板,,
,,豪江,炫致HJ100T-20,豪江 炫致HJ100T-20,踏板,,
,,豪江,天悦,豪江 天悦,踏板,,
,,豪江,宇钻,豪江 宇钻,踏板,,
,,豪江,HJ250-C,豪江 HJ250-C,复古,"￥9,680",
,,豪江,劲炫太子HJ150-33,豪江 劲炫太子HJ150-33,巡航,,
,,豪进,新天帝HJ125-9E,豪进 新天帝HJ125-9E,街车,"￥5,180",
,,豪进,酷爽二代HJ125-22,豪进 酷爽二代HJ125-22,街车,"￥5,680",
,,豪进,酷迪HJ125-20 / HJ150-20A,豪进 酷迪HJ125-20 / HJ150-20A,街车,"￥7,900",
,,豪进,酷鹰HJ125-9F,豪进 酷鹰HJ125-9F,街车,"￥8,900",
,,豪进,新时速HJ125-E,豪进 新时速HJ125-E,街车,"￥6,500",
,,豪进,锐界 HJ150-26,豪进 锐界 HJ150-26,街车,,
,,豪进,超跃 HJ125-4H,豪进 超跃 HJ125-4H,街车,,
,,豪进,EVO二代 HJ150-15A,豪进 EVO二代 HJ150-15A,街车,,
,,豪进,新飞跃 HJ125-3H,豪进 新飞跃 HJ125-3H,街车,,
,,豪进,SY02,豪进 SY02,踏板,"￥11,960",
,,豪进,大S hj125t-2g,豪进 大S hj125t-2g,踏板,"￥5,580",
,,豪进,雅客 HJ125T-2G,豪进 雅客 HJ125T-2G,踏板,"￥5,580",
,,豪进,雅冠HJ100T-3H,豪进 雅冠HJ100T-3H,踏板,"￥6,900",
,,豪进,靓力HJ100T-9,豪进 靓力HJ100T-9,踏板,"￥5,900",
,,豪进,雅力 HJ100T-9,豪进 雅力 HJ100T-9,踏板,"￥5,900",
,,豪进,风雅HJ125T-3G,豪进 风雅HJ125T-3G,踏板,"￥6,200",
,,豪进,心盈三代 HJ100T,豪进 心盈三代 HJ100T,踏板,,
,,豪进,雅梦二代 HJ125T-5C,豪进 雅梦二代 HJ125T-5C,踏板,,
,,豪进,雅冠 HJ100T-3J,豪进 雅冠 HJ100T-3J,踏板,,
,,豪进,SE01,豪进 SE01,踏板,"￥12,960",
,,豪进,SR03,豪进 SR03,踏板,"￥5,960","￥8,960"
,,豪进,SE05,豪进 SE05,踏板,"￥11,960",
,,豪进,清雅 HJ110-11A,豪进 清雅 HJ110-11A,弯梁,,
,国产,豪爵,TR150/S HJ150-16/A,豪爵 TR150/S HJ150-16/A,巡航,"￥9,880",
,国产,豪爵,XCR300,豪爵 XCR300,街车,"￥24,980",
,国产,豪爵,DF150,豪爵 DF150,街车,"￥9,580",
,国产,豪爵,DR150,豪爵 DR150,街车,"￥12,580","￥12,880"
,国产,豪爵,DR160,豪爵 DR160,街车,"￥12,980","￥13,280"
,国产,豪爵,DR300,豪爵 DR300,街车,"￥26,680",
,国产,豪爵,HJ125-8,豪爵 HJ125-8,街车,"￥6,280",
,,豪爵,DKS150,豪爵 DKS150,街车,,
,国产,豪爵,DR250,豪爵 DR250,街车,"￥24,680",
,国产,豪爵,宝逸 125,豪爵 宝逸 125,街车,"￥6,980","￥7,080"
,国产,豪爵,EH150 HJ150-25,豪爵 EH150 HJ150-25,街车,"￥7,380",
,国产,豪爵,KA150 HJ150-22A,豪爵 KA150 HJ150-22A,街车,"￥7,880",
,国产,豪爵,迪爽HJ150-9C,豪爵 迪爽HJ150-9C,街车,"￥7,380",
,国产,豪爵,DK150S HJ150-30A,豪爵 DK150S HJ150-30A,街车,"￥8,380",
,国产,豪爵,骊爽HJ150-8,豪爵 骊爽HJ150-8,街车,"￥7,380",
,国产,豪爵,银豹HJ125-7N,豪爵 银豹HJ125-7N,街车,"￥5,280",
,国产,豪爵,翼爽DM125E,豪爵 翼爽DM125E,街车,"￥7,180",
,国产,豪爵,悦冠HJ150-6C,豪爵 悦冠HJ150-6C,街车,"￥6,867",
,国产,豪爵,骊爽HJ125-19,豪爵 骊爽HJ125-19,街车,"￥6,336",
,国产,豪爵,超级骊爽HJ125-20,豪爵 超级骊爽HJ125-20,街车,"￥7,495",
,国产,豪爵,钻豹HJ125K-3A,豪爵 钻豹HJ125K-3A,街车,"￥7,049",
,国产,豪爵,锐爽EN125-2E,豪爵 锐爽EN125-2E,街车,"￥8,000",
,国产,豪爵,锐爽EN125-2F,豪爵 锐爽EN125-2F,街车,"￥6,972",
,国产,豪爵,钻豹HJ125K-2A,豪爵 钻豹HJ125K-2A,街车,"￥6,387",
,国产,豪爵,银豹HJ125-7F,豪爵 银豹HJ125-7F,街车,"￥5,580",
,国产,豪爵,银豹HJ125-7D,豪爵 银豹HJ125-7D,街车,"￥5,280",
,国产,豪爵,钻豹HJ125K-A,豪爵 钻豹HJ125K-A,街车,"￥6,480",
,国产,豪爵,银豹HJ150-3A,豪爵 银豹HJ150-3A,街车,"￥6,492",
,国产,豪爵,喜冠HJ150-2C,豪爵 喜冠HJ150-2C,街车,"￥6,080",
,国产,豪爵,锐爽EN150J,豪爵 锐爽EN150J,街车,"￥16,750",
,国产,豪爵,悦帅GD110,豪爵 悦帅GD110,街车,"￥5,682",
,国产,豪爵,悦冠HJ150-6A,豪爵 悦冠HJ150-6A,街车,"￥6,515",
,国产,豪爵,KA125,豪爵 KA125,街车,"￥8,980",
,国产,豪爵,DK150 HJ150-30,豪爵 DK150 HJ150-30,街车,"￥7,933",
,国产,豪爵,DK125S HJ125-30A,豪爵 DK125S HJ125-30A,街车,"￥7,308",
,国产,豪爵,骊爽HJ150-7,豪爵 骊爽HJ150-7,街车,"￥7,880",
,国产,豪爵,银豹HJ125-7M,豪爵 银豹HJ125-7M,街车,"￥5,364",
,国产,豪爵,悦冠HJ150-6D,豪爵 悦冠HJ150-6D,街车,"￥7,380",
,国产,豪爵,喜冠HJ150-2E,豪爵 喜冠HJ150-2E,街车,"￥6,094",
,国产,豪爵,KA150 HJ150-22,豪爵 KA150 HJ150-22,街车,"￥8,285",
,,豪爵,DK125R,豪爵 DK125R,街车,,
,,豪爵,DK125E HJ125-30E,豪爵 DK125E HJ125-30E,街车,,
,,豪爵,DK150R,豪爵 DK150R,街车,,
,,豪爵,DK150E,豪爵 DK150E,街车,,
,,豪爵,喜冠HJ150-2H,豪爵 喜冠HJ150-2H,街车,,
,,豪爵,HJ125-8R,豪爵 HJ125-8R,街车,,
,国产,豪爵,DH125E,豪爵 DH125E,街车,"￥7,180","￥7,580"
,国产,豪爵,DH150ES,豪爵 DH150ES,街车,"￥7,980",
,国产,豪爵,DH150E,豪爵 DH150E,街车,"￥7,780",
,国产,豪爵,悦冠HJ150-6F,豪爵 悦冠HJ150-6F,街车,"￥7,480",
,,豪爵,DM150ES HJ150-23C,豪爵 DM150ES HJ150-23C,街车,,
,,豪爵,HJ150-2K,豪爵 HJ150-2K,街车,,
,国产,豪爵,UHR150,豪爵 UHR150,踏板,"￥15,980","￥17,180"
,国产,豪爵,AFR125/S,豪爵 AFR125/S,踏板,"￥10,380","￥11,970"
,国产,豪爵,UFD125,豪爵 UFD125,踏板,"￥9,680","￥9,980"
,国产,豪爵,VF125,豪爵 VF125,踏板,"￥5,880","￥6,780"
,国产,豪爵,虎鲨VX125,豪爵 虎鲨VX125,踏板,"￥8,490","￥8,980"
,国产,豪爵,USR125,豪爵 USR125,踏板,"￥8,780","￥9,380"
,国产,豪爵,VSR125,豪爵 VSR125,踏板,"￥7,380",
,国产,豪爵,NFR125,豪爵 NFR125,踏板,"￥8,980","￥9,380"
,国产,豪爵,UCR125,豪爵 UCR125,踏板,"￥9,080","￥9,480"
,国产,豪爵,VR 150 E,豪爵 VR 150 E,踏板,"￥9,380","￥9,580"
,国产,豪爵,新悦星125,豪爵 新悦星125,踏板,"￥6,980",
,国产,豪爵,速道 VD125/S,豪爵 速道 VD125/S,踏板,"￥7,980","￥8,500"
,国产,豪爵,VM100E HJ100T-5C,豪爵 VM100E HJ100T-5C,踏板,"￥6,780",
,国产,豪爵,VE 125,豪爵 VE 125,踏板,"￥7,980",
,国产,豪爵,VS125E HJ125TA-22,豪爵 VS125E HJ125TA-22,踏板,"￥7,580",
,国产,豪爵,VN100 HJ100T-6A,豪爵 VN100 HJ100T-6A,踏板,"￥6,580",
,国产,豪爵,红宝UM125T-E,豪爵 红宝UM125T-E,踏板,"￥7,280","￥7,580"
,国产,豪爵,天玉UZ125T-A,豪爵 天玉UZ125T-A,踏板,"￥8,891",
,国产,豪爵,天鹰HJ125T-16D,豪爵 天鹰HJ125T-16D,踏板,"￥8,398",
,国产,豪爵,宇钻HJ125T-10,豪爵 宇钻HJ125T-10,踏板,"￥7,880",
,国产,豪爵,新天玉 UZ 125,豪爵 新天玉 UZ 125,踏板,"￥7,580",
,国产,豪爵,VR125E,豪爵 VR125E,踏板,"￥8,980","￥9,180"
,国产,豪爵,灵迪HJ125T-18,豪爵 灵迪HJ125T-18,踏板,"￥7,300",
,,豪爵,鹰钻HJ125T-10E,豪爵 鹰钻HJ125T-10E,踏板,,
,国产,豪爵,悦星HJ125T-9D,豪爵 悦星HJ125T-9D,踏板,"￥5,140",
,国产,豪爵,VR150 HJ150T-19,豪爵 VR150 HJ150T-19,踏板,"￥9,450",
,国产,豪爵,天鹰HJ125T-16E,豪爵 天鹰HJ125T-16E,踏板,"￥8,398",
,国产,豪爵,喜之星HJ100T-7M,豪爵 喜之星HJ100T-7M,踏板,"￥6,070",
,国产,豪爵,VH125,豪爵 VH125,踏板,"￥7,580",
,国产,豪爵,灵迪ER HJ125T-18G,豪爵 灵迪ER HJ125T-18G,踏板,"￥7,380",
,国产,豪爵,灵迪EQ HJ125T-18H,豪爵 灵迪EQ HJ125T-18H,踏板,"￥7,480",
,,豪爵,VF100,豪爵 VF100,踏板,,
,,豪爵,鹰钻E HJ125T-10K,豪爵 鹰钻E HJ125T-10K,踏板,,
,,豪爵,宇钻E 125,豪爵 宇钻E 125,踏板,,
,国产,豪爵,VN100E HJ100T-6C,豪爵 VN100E HJ100T-6C,踏板,"￥6,980",
,国产,豪爵,海王星,豪爵 海王星,踏板,"￥8,580",
,国产,豪爵,Eagle 125,豪爵 Eagle 125,踏板,"￥7,980",
,国产,豪爵,Super Eagle 125,豪爵 Super Eagle 125,踏板,"￥8,980",
,国产,豪爵,新喜之星 100,豪爵 新喜之星 100,踏板,"￥6,880","￥6,980"
,国产,豪爵,M-Boy,豪爵 M-Boy,踏板,"￥8,780","￥8,980"
,国产,豪爵,M-Girl,豪爵 M-Girl,踏板,"￥8,780","￥8,980"
,国产,豪爵,UCR100,豪爵 UCR100,踏板,"￥7,980","￥8,280"
,,豪爵,U100,豪爵 U100,踏板,,
,,豪爵,HJ125T-58,豪爵 HJ125T-58,踏板,,
,国产,豪爵,DN150,豪爵 DN150,复古,"￥11,180",
,,豪爵,GN125,豪爵 GN125,复古,,
,国产,豪爵,TR300,豪爵 TR300,巡航,"￥23,680","￥24,980"
,国产,豪爵,GZS150,豪爵 GZS150,巡航,"￥13,580","￥14,980"
,国产,豪爵,TR150ES,豪爵 TR150ES,巡航,"￥11,180",
,国产,豪爵,TR150E,豪爵 TR150E,巡航,"￥11,680",
,国产,豪爵,宝逸 150,豪爵 宝逸 150,巡航,"￥8,480","￥8,680"
,国产,豪爵,HJ125-8F,豪爵 HJ125-8F,巡航,"￥5,663",
,国产,豪爵,TD150 HJ150-16,豪爵 TD150 HJ150-16,巡航,"￥10,549",
,,豪爵,HJ125-8V,豪爵 HJ125-8V,巡航,,
,国产,豪爵,悦酷 GZ150-E,豪爵 悦酷 GZ150-E,巡航,"￥12,300",
,国产,豪爵,DL150,豪爵 DL150,拉力,"￥14,680",
,国产,豪爵,NK150,豪爵 NK150,越野,"￥12,880",
,国产,豪爵,UT110,豪爵 UT110,弯梁,"￥6,880","￥6,980"
,国产,豪爵,UG110,豪爵 UG110,弯梁,"￥5,880",
,国产,豪爵,炫迪HJ110-3,豪爵 炫迪HJ110-3,弯梁,"￥6,080",
,国产,豪爵,喜运HJ110-2C,豪爵 喜运HJ110-2C,弯梁,"￥5,200",
,,豪爵,UH110,豪爵 UH110,弯梁,,
日本,合资,豪爵铃木,GSX250R,豪爵铃木 GSX250R,跑车,"￥21,680",
日本,合资,豪爵铃木,骊驰 GW250,豪爵铃木 骊驰 GW250,街车,"￥20,680",
日本,合资,豪爵铃木,GN125-2F,豪爵铃木 GN125-2F,街车,"￥7,180",
日本,合资,豪爵铃木,锐爽EN125-3E,豪爵铃木 锐爽EN125-3E,街车,"￥8,263",
日本,合资,豪爵铃木,DL250,豪爵铃木 DL250,拉力,"￥21,580","￥22,680"
日本,合资,豪爵铃木,骊驰 GW 250F,豪爵铃木 骊驰 GW 250F,旅行,"￥25,880",
日本,合资,豪爵铃木,骊驰 GW 250S,豪爵铃木 骊驰 GW 250S,旅行,"￥26,680",
日本,合资,豪爵铃木,FW110,豪爵铃木 FW110,弯梁,"￥5,680",
日本,合资,豪爵铃木,锐爽EN150,豪爵铃木 锐爽EN150,街车,"￥8,980",
日本,合资,豪爵铃木,GA150,豪爵铃木 GA150,街车,"￥8,170",
日本,合资,豪爵铃木,锐爽 EN125-3F,豪爵铃木 锐爽 EN125-3F,街车,"￥7,671",
,,豪爵铃木,DK125S,豪爵铃木 DK125S,街车,,
日本,合资,豪爵铃木,钻豹,豪爵铃木 钻豹,街车,"￥6,480",
,,豪爵铃木,AX100,豪爵铃木 AX100,街车,,
日本,合资,豪爵铃木,天龙星UA125T-3,豪爵铃木 天龙星UA125T-3,踏板,"￥9,980",
日本,合资,豪爵铃木,红宝UM125T,豪爵铃木 红宝UM125T,踏板,"￥9,580",
日本,合资,豪爵铃木,UR110T,豪爵铃木 UR110T,踏板,"￥7,580",
日本,合资,豪爵铃木,VE125,豪爵铃木 VE125,踏板,"￥8,101",
日本,合资,豪爵铃木,VM100 HJ100T-5A,豪爵铃木 VM100 HJ100T-5A,踏板,"￥6,745",
日本,合资,豪爵铃木,悦酷GZ150-A,豪爵铃木 悦酷GZ150-A,巡航,"￥11,800",
,,豪爵铃木,骊驰 GW250J 公务版,豪爵铃木 骊驰 GW250J 公务版,旅行,,
日本,合资,豪爵铃木,喜运 HJ110-2D,豪爵铃木 喜运 HJ110-2D,弯梁,"￥4,993",
,,豪韵,热浪ADV,豪韵 热浪ADV,踏板,"￥13,580","￥13,980"
,,豪韵,U8,豪韵 U8,踏板,"￥6,880","￥7,880"
,,豪韵,HY125B,豪韵 HY125B,三轮,"￥16,680",
,,颢晨,战道,颢晨 战道,街车,"￥10,780",
,,颢晨,HS150T-A,颢晨 HS150T-A,踏板,"￥13,980","￥14,680"
,,颢晨,HS150T-B,颢晨 HS150T-B,踏板,"￥13,980",
,,颢晨,慢由,颢晨 慢由,复古,"￥10,980",
,,颢晨,轻风,颢晨 轻风,复古,"￥7,980",
,,颢晨,慢由(MINI),颢晨 慢由(MINI),MINI,"￥9,980",
,,颢晨,战道(MINI),颢晨 战道(MINI),MINI,"￥9,780",
,,颢晨,致萌,颢晨 致萌,MINI,"￥7,980",
,,颢晨,致炫,颢晨 致炫,MINI,"￥8,980",
,,颢晨,穿越猫,颢晨 穿越猫,弯梁,"￥7,980",
,,黑武士,CM550,黑武士 CM550,巡航,"￥24,800","￥30,990"
,,恒舰,大海道,恒舰 大海道,拉力,"￥36,800","￥37,800"
,,恒舰,500X,恒舰 500X,拉力,"￥29,800","￥30,800"
,,恒舰,美洲豹 CB-518,恒舰 美洲豹 CB-518,拉力,"￥29,800",
,,恒舰,S5,恒舰 S5,越野,"￥21,800","￥23,800"
,,恒舰,魔术师 HJ250GY,恒舰 魔术师 HJ250GY,越野,"￥9,453",
,,恒舰,Z300,恒舰 Z300,越野,"￥27,980","￥29,800"
,,恒舰,S1,恒舰 S1,越野,"￥12,980",
,,恒胜,CRS130,恒胜 CRS130,复古,,
,,恒胜,CRS300 游龙,恒胜 CRS300 游龙,巡航,,
,,恒胜,CRX300-Y 飞驰,恒胜 CRX300-Y 飞驰,拉力,,
,,恒胜,CRX300 飞翔,恒胜 CRX300 飞翔,拉力,,
,,恒胜,竞技300,恒胜 竞技300,越野,,
,,恒胜,竞技150,恒胜 竞技150,越野,,
,,轰轰烈,HL250-19P,轰轰烈 HL250-19P,街车,"￥15,395",
,,轰轰烈,顽童150-5D,轰轰烈 顽童150-5D,街车,"￥7,585",
,,轰轰烈,DK Fans 150,轰轰烈 DK Fans 150,街车,"￥10,980",
,,轰轰烈,HL 150-N,轰轰烈 HL 150-N,街车,"￥6,280","￥6,580"
,,轰轰烈,HL 110-7X,轰轰烈 HL 110-7X,弯梁,"￥5,480",
,,宏佳腾,My 150,宏佳腾 My 150,街车,,
,,宏佳腾,Coin 125,宏佳腾 Coin 125,踏板,,
,,宏佳腾,Dory 115,宏佳腾 Dory 115,踏板,,
,,宏佳腾,ES 150 R,宏佳腾 ES 150 R,踏板,,
,,宏佳腾,OZS150i,宏佳腾 OZS150i,踏板,,
,,宏佳腾,Elite 300R,宏佳腾 Elite 300R,踏板,,
,,宏佳腾,3D-350R,宏佳腾 3D-350R,三轮,"￥68,800",
,,互驰,HCAQH 300,互驰 HCAQH 300,踏板,,
,,互驰,HCPG 500,互驰 HCPG 500,巡航,,
,,华洋,SX 50-A,华洋 SX 50-A,越野,"￥1,090",
,,华洋,T4,华洋 T4,越野,"￥11,000",
,,华洋,K6R,华洋 K6R,越野,"￥20,400",
,,华洋,T2,华洋 T2,越野,"￥7,900",
,,华洋,K2L,华洋 K2L,越野,"￥6,700",
,,华洋,T6,华洋 T6,越野,"￥24,300",
,,华洋,T1,华洋 T1,越野,"￥7,480",
,,华洋,K2,华洋 K2,越野,"￥6,900",
,,华洋,T4L,华洋 T4L,越野,"￥10,380",
,,华洋,TS70,华洋 TS70,越野,"￥3,000",
,,华洋,TT150,华洋 TT150,越野,"￥5,000",
,,华洋,A150 ATV,华洋 A150 ATV,其他,"￥7,100",
,,华洋,A250,华洋 A250,其他,,
,,华鹰,华鹰 500,华鹰 华鹰 500,跑车,"￥26,800",
,,华鹰,HY500-B,华鹰 HY500-B,跑车,"￥27,800",
,,华鹰,安吉拉,华鹰 安吉拉,巡航,"￥19,800","￥20,800"
,,环爵,HJ 125B-2,环爵 HJ 125B-2,三轮,"￥15,800",
,,皇家恩菲尔德,Bullet 500 B5,皇家恩菲尔德 Bullet 500 B5,街车,,
,,皇家恩菲尔德,Bullet G5 Classic,皇家恩菲尔德 Bullet G5 Classic,街车,,
,,皇家恩菲尔德,Bullet G5 Deluxe,皇家恩菲尔德 Bullet G5 Deluxe,街车,,
,,皇家恩菲尔德,Bullet C5 Classic EFI,皇家恩菲尔德 Bullet C5 Classic EFI,街车,,
,,皇家恩菲尔德,Bullet C5 Classic Chrome,皇家恩菲尔德 Bullet C5 Classic Chrome,街车,,
,,皇家恩菲尔德,Fury,皇家恩菲尔德 Fury,街车,,
,,皇家恩菲尔德,Electra EFI DL,皇家恩菲尔德 Electra EFI DL,街车,,
,,皇家恩菲尔德,Electra EFI,皇家恩菲尔德 Electra EFI,街车,,
,,皇家恩菲尔德,Bullet 350,皇家恩菲尔德 Bullet 350,街车,,
,,皇家恩菲尔德,Classic 350,皇家恩菲尔德 Classic 350,街车,,
,,皇家恩菲尔德,Bullet Classic 350,皇家恩菲尔德 Bullet Classic 350,街车,,
,,皇家恩菲尔德,Bullet Classic 350 Signals Edition,皇家恩菲尔德 Bullet Classic 350 Signals Edition,街车,,
,,皇家恩菲尔德,Bullet 500,皇家恩菲尔德 Bullet 500,街车,,
,,皇家恩菲尔德,Bullet 500 C,皇家恩菲尔德 Bullet 500 C,街车,,
,,皇家恩菲尔德,Bullet 500 G5 Classic EFI,皇家恩菲尔德 Bullet 500 G5 Classic EFI,街车,,
,,皇家恩菲尔德,Bullet 500 C5 Classic EFI,皇家恩菲尔德 Bullet 500 C5 Classic EFI,街车,,
,,皇家恩菲尔德,Bullet 500 C5 Classic EFI Satin,皇家恩菲尔德 Bullet 500 C5 Classic EFI Satin,街车,,
,,皇家恩菲尔德,Bullet 500 Classic Battle Green,皇家恩菲尔德 Bullet 500 Classic Battle Green,街车,,
,,皇家恩菲尔德,Bullet 500 Classic Desert Storm,皇家恩菲尔德 Bullet 500 Classic Desert Storm,街车,,
,,皇家恩菲尔德,Bullet 500 C5 Chrome EFI,皇家恩菲尔德 Bullet 500 C5 Chrome EFI,街车,,
,,皇家恩菲尔德,Bullet 500 G5 Deluxe AVL,皇家恩菲尔德 Bullet 500 G5 Deluxe AVL,街车,,
,,皇家恩菲尔德,Bullet C5 500 Military FEI,皇家恩菲尔德 Bullet C5 500 Military FEI,街车,,
,,皇家恩菲尔德,Bullet 500 C5 Military EFI,皇家恩菲尔德 Bullet 500 C5 Military EFI,街车,,
,,皇家恩菲尔德,Continental GT 535,皇家恩菲尔德 Continental GT 535,街车,,
,,皇家恩菲尔德,Electra X,皇家恩菲尔德 Electra X,街车,,
,,皇家恩菲尔德,Himalayan 411,皇家恩菲尔德 Himalayan 411,街车,,
,,皇家恩菲尔德,Interceptor 650,皇家恩菲尔德 Interceptor 650,街车,,
,,皇家恩菲尔德,Scrambler T,皇家恩菲尔德 Scrambler T,街车,,
,,皇家恩菲尔德,Thunderbird 500,皇家恩菲尔德 Thunderbird 500,街车,,
,,皇家恩菲尔德,Bullet Trials 500,皇家恩菲尔德 Bullet Trials 500,复古,,
,,皇家恩菲尔德,SG650,皇家恩菲尔德 SG650,巡航,,
,,皇家恩菲尔德,Metero350,皇家恩菲尔德 Metero350,巡航,,
,,皇家恩菲尔德,Continental GT 650,皇家恩菲尔德 Continental GT 650,拉力,,
,,黄河,小飞象HH250GY-3,黄河 小飞象HH250GY-3,街车,"￥9,975",
,,黄河,自由300x,黄河 自由300x,拉力,"￥14,980",
,,黄河,自由250X,黄河 自由250X,拉力,"￥9,980",
,,黄河,蜂拉力250,黄河 蜂拉力250,拉力,"￥11,980",
,,黄河,魔术师HH250GY,黄河 魔术师HH250GY,越野,"￥9,380",
,,火岩兽,速250,火岩兽 速250,跑车,"￥15,800",
,,吉雷拉,125 & 150 & 175 Extra Rossa,吉雷拉 125 & 150 & 175 Extra Rossa,街车,,
,,吉雷拉,200 Super,吉雷拉 200 Super,街车,,
,,吉雷拉,300 Extra,吉雷拉 300 Extra,街车,,
,,吉雷拉,850 Twin Prototype,吉雷拉 850 Twin Prototype,街车,,
,,吉雷拉,Apache 125,吉雷拉 Apache 125,街车,,
,,吉雷拉,Cougar 125,吉雷拉 Cougar 125,街车,,
,,吉雷拉,Crono 125,吉雷拉 Crono 125,街车,,
,,吉雷拉,CX 125,吉雷拉 CX 125,街车,,
,,吉雷拉,DNA 125,吉雷拉 DNA 125,街车,,
,,吉雷拉,DNA 180,吉雷拉 DNA 180,街车,,
,,吉雷拉,ER 125,吉雷拉 ER 125,街车,,
,,吉雷拉,ER 200,吉雷拉 ER 200,街车,,
,,吉雷拉,ER 350 Dakota,吉雷拉 ER 350 Dakota,街车,,
,,吉雷拉,ER 500 Dakota,吉雷拉 ER 500 Dakota,街车,,
,,吉雷拉,Ferro Concept,吉雷拉 Ferro Concept,街车,,
,,吉雷拉,Fastbike 125,吉雷拉 Fastbike 125,街车,,
,,吉雷拉,Fastbike 200,吉雷拉 Fastbike 200,街车,,
,,吉雷拉,Freestyle 125,吉雷拉 Freestyle 125,街车,,
,,吉雷拉,GFR 125SP,吉雷拉 GFR 125SP,街车,,
,,吉雷拉,GP 800 Corsa,吉雷拉 GP 800 Corsa,街车,,
,,吉雷拉,KK 125,吉雷拉 KK 125,街车,,
,,吉雷拉,KZ 125,吉雷拉 KZ 125,街车,,
,,吉雷拉,KZ 125 Endurance,吉雷拉 KZ 125 Endurance,街车,,
,,吉雷拉,MX-1 125,吉雷拉 MX-1 125,街车,,
,,吉雷拉,MX-1 125 Record,吉雷拉 MX-1 125 Record,街车,,
,,吉雷拉,MX-R 125 Endurance,吉雷拉 MX-R 125 Endurance,街车,,
,,吉雷拉,NGR 250,吉雷拉 NGR 250,街车,,
,,吉雷拉,Nordcape 600,吉雷拉 Nordcape 600,街车,,
,,吉雷拉,Nordwest 350,吉雷拉 Nordwest 350,街车,,
,,吉雷拉,Nordwest 600,吉雷拉 Nordwest 600,街车,,
,,吉雷拉,R1 125,吉雷拉 R1 125,街车,,
,,吉雷拉,R1-S 125,吉雷拉 R1-S 125,街车,,
,,吉雷拉,RC 125 Rally,吉雷拉 RC 125 Rally,街车,,
,,吉雷拉,RC 250 Rally,吉雷拉 RC 250 Rally,街车,,
,,吉雷拉,RC 600 Enduro,吉雷拉 RC 600 Enduro,街车,,
,,吉雷拉,RC 600C,吉雷拉 RC 600C,街车,,
,,吉雷拉,RC 600R,吉雷拉 RC 600R,街车,,
,,吉雷拉,RC 750R,吉雷拉 RC 750R,街车,,
,,吉雷拉,RRT Nebraska 125,吉雷拉 RRT Nebraska 125,街车,,
,,吉雷拉,RTX 125,吉雷拉 RTX 125,街车,,
,,吉雷拉,RV 125,吉雷拉 RV 125,街车,,
,,吉雷拉,RV 200,吉雷拉 RV 200,街车,,
,,吉雷拉,RX 125,吉雷拉 RX 125,街车,,
,,吉雷拉,RX 125 Arizona,吉雷拉 RX 125 Arizona,街车,,
,,吉雷拉,RX 200 Arizona Hawk,吉雷拉 RX 200 Arizona Hawk,街车,,
,,吉雷拉,RX 250 Arizona Rally,吉雷拉 RX 250 Arizona Rally,街车,,
,,吉雷拉,Saturno 350,吉雷拉 Saturno 350,街车,,
,,吉雷拉,Saturno 500 Bialbero,吉雷拉 Saturno 500 Bialbero,街车,,
,,吉雷拉,SP01 125,吉雷拉 SP01 125,街车,,
,,吉雷拉,SP02 125,吉雷拉 SP02 125,街车,,
,,吉雷拉,Super Sport 600,吉雷拉 Super Sport 600,街车,,
,,吉雷拉,TG1-125,吉雷拉 TG1-125,街车,,
,,吉雷拉,T4 200,吉雷拉 T4 200,街车,,
,,吉雷拉,XR-1 125,吉雷拉 XR-1 125,街车,,
,,吉雷拉,XR-2 125,吉雷拉 XR-2 125,街车,,
,,吉雷拉,XR-T 600,吉雷拉 XR-T 600,街车,,
,,吉雷拉,GP 800,吉雷拉 GP 800,踏板,,
,,吉雷拉,Nexus 125,吉雷拉 Nexus 125,踏板,,
,,吉雷拉,Nexus 250,吉雷拉 Nexus 250,踏板,,
,,吉雷拉,Nexus 300,吉雷拉 Nexus 300,踏板,,
,,吉雷拉,Nexus 500,吉雷拉 Nexus 500,踏板,,
,,吉雷拉,Fuogo 500ie,吉雷拉 Fuogo 500ie,三轮,,
,国产,吉铭,吉越S JM400,吉铭 吉越S JM400,跑车,"￥23,800",
,国产,吉铭,吉越SS,吉铭 吉越SS,跑车,"￥29,800",
,,吉铭,吉瑞JM400-2,吉铭 吉瑞JM400-2,街车,,
,,吉铭,蓝宝龙JL250-2,吉铭 蓝宝龙JL250-2,街车,,
,,吉铭,JM800,吉铭 JM800,街车,,
,,吉铭,新喜悦JL125T-2C,吉铭 新喜悦JL125T-2C,踏板,,
,,吉铭,睿御JL100T-5C,吉铭 睿御JL100T-5C,踏板,,
,,吉铭,优悦JL100T-5C,吉铭 优悦JL100T-5C,踏板,,
,,吉铭,喜致JL125T-7C,吉铭 喜致JL125T-7C,踏板,,
,,吉铭,鬼火JM125T-3,吉铭 鬼火JM125T-3,踏板,,
,,吉铭,DIO JL125T-7C,吉铭 DIO JL125T-7C,踏板,,
,,吉铭,尚领JL125T-6C,吉铭 尚领JL125T-6C,踏板,,
,,吉铭,晶鹰二代JL125T-6C,吉铭 晶鹰二代JL125T-6C,踏板,,
,,吉铭,猎鹰JL150T-3A(IV),吉铭 猎鹰JL150T-3A(IV),踏板,,
,,吉铭,BWS一代JL150T-50,吉铭 BWS一代JL150T-50,踏板,,
,,吉铭,VESPA二代JM125T-36,吉铭 VESPA二代JM125T-36,踏板,,
,,吉铭,VESPA一代JM125T-36,吉铭 VESPA一代JM125T-36,踏板,,
,,吉铭,吉蓝（FINO二代）JL125T-62,吉铭 吉蓝（FINO二代）JL125T-62,踏板,,
,,吉铭,克里克三代JL125T-31,吉铭 克里克三代JL125T-31,踏板,,
,,吉铭,梦幻龟王JL125-40,吉铭 梦幻龟王JL125-40,踏板,,
,,吉铭,鹰豪JL125-40,吉铭 鹰豪JL125-40,踏板,,
,,吉铭,永源之星JL150T-6A,吉铭 永源之星JL150T-6A,踏板,,
,,吉铭,史酷比JL110T-2,吉铭 史酷比JL110T-2,踏板,,
,,吉铭,JM150T-72,吉铭 JM150T-72,踏板,,
,,吉铭,JM150T-73,吉铭 JM150T-73,踏板,,
,国产,吉铭,瓦西利卡 Vasilica 150i,吉铭 瓦西利卡 Vasilica 150i,踏板,"￥12,980","￥13,280"
,国产,吉铭,阿图瓦,吉铭 阿图瓦,踏板,"￥12,880",
,国产,吉铭,吉虎,吉铭 吉虎,踏板,"￥11,880",
,国产,吉铭,雷神 JM 500,吉铭 雷神 JM 500,巡航,"￥25,600","￥27,600"
,国产,吉铭,G麒,吉铭 G麒,旅行,"￥29,800",
,国产,吉铭,G麟,吉铭 G麟,旅行,"￥32,800",
,国产,吉铭,坦途300,吉铭 坦途300,三轮,"￥29,999","￥34,800"
,国产,吉铭,弗莱尔175,吉铭 弗莱尔175,三轮,"￥17,800",
日本,合资,济南铃木,极客飒 Gixxer 155,济南铃木 极客飒 Gixxer 155,跑车,"￥13,980","￥14,480"
日本,合资,济南铃木,极客飒 Gixxer 155 NK,济南铃木 极客飒 Gixxer 155 NK,街车,"￥13,480",
日本,合资,济南铃木,QS150悍骏,济南铃木 QS150悍骏,街车,"￥7,980","￥8,880"
日本,合资,济南铃木,新铃木王GS125 经典款,济南铃木 新铃木王GS125 经典款,街车,"￥7,094",
日本,合资,济南铃木,骏驰GT125X,济南铃木 骏驰GT125X,街车,"￥7,096",
日本,合资,济南铃木,UY125,济南铃木 UY125,踏板,"￥10,380","￥10,880"
日本,合资,济南铃木,优驿 UE125T,济南铃木 优驿 UE125T,踏板,"￥8,980","￥9,480"
日本,合资,济南铃木,优友 UU125i,济南铃木 优友 UU125i,踏板,"￥8,980","￥9,380"
日本,合资,济南铃木,Let's小海豚,济南铃木 Let's小海豚,踏板,"￥7,580","￥8,580"
日本,合资,济南铃木,丽梦125,济南铃木 丽梦125,踏板,"￥6,480","￥7,280"
日本,合资,济南铃木,瑞梦 UM125,济南铃木 瑞梦 UM125,踏板,"￥6,680","￥6,980"
日本,合资,济南铃木,酷飚150,济南铃木 酷飚150,复古,"￥8,680",
日本,合资,济南铃木,酷道,济南铃木 酷道,巡航,"￥14,980",
日本,合资,济南铃木,悍道150,济南铃木 悍道150,巡航,"￥7,980","￥8,580"
日本,合资,济南铃木,赛胜QS110-4,济南铃木 赛胜QS110-4,弯梁,"￥6,980",
日本,合资,济南铃木,胜歌110,济南铃木 胜歌110,弯梁,"￥6,980",
日本,合资,济南铃木,骏威QS125-3K,济南铃木 骏威QS125-3K,街车,"￥7,682",
日本,合资,济南铃木,骏威GSX125 高级版,济南铃木 骏威GSX125 高级版,街车,"￥8,635",
日本,合资,济南铃木,骏龙GS125R 高级版,济南铃木 骏龙GS125R 高级版,街车,"￥7,800",
日本,合资,济南铃木,骏威 QS125-31,济南铃木 骏威 QS125-31,街车,"￥7,326",
日本,合资,济南铃木,骏威GSX125 QS125-31G,济南铃木 骏威GSX125 QS125-31G,街车,"￥8,090",
,,济南铃木,GT125,济南铃木 GT125,街车,,
日本,合资,济南铃木,GSX150,济南铃木 GSX150,街车,"￥8,362",
日本,合资,济南铃木,GSX125,济南铃木 GSX125,街车,"￥7,480",
日本,合资,济南铃木,丽至UZ110,济南铃木 丽至UZ110,踏板,"￥8,280",
日本,合资,济南铃木,锋彩UA125,济南铃木 锋彩UA125,踏板,"￥10,436",
日本,合资,济南铃木,丽彩UZ125,济南铃木 丽彩UZ125,踏板,"￥7,580",
日本,合资,济南铃木,乐至110,济南铃木 乐至110,踏板,"￥7,380",
日本,合资,济南铃木,QS125T-3A,济南铃木 QS125T-3A,踏板,"￥10,341",
,,济南铃木,风暴太子 QS 150-B,济南铃木 风暴太子 QS 150-B,巡航,,
日本,合资,济南铃木,新赛驰QS110,济南铃木 新赛驰QS110,弯梁,"￥5,475",
,,嘉爵,CNR800·睿,嘉爵 CNR800·睿,跑车,"￥33,800","￥37,800"
,,嘉爵,CN800·臻,嘉爵 CN800·臻,街车,"￥39,800",
,,嘉爵,N19,嘉爵 N19,街车,"￥24,800",
,,嘉爵,R7,嘉爵 R7,街车,"￥18,500",
,,嘉爵,R15,嘉爵 R15,街车,"￥18,500",
,,嘉爵,C8,嘉爵 C8,街车,"￥18,500",
,,嘉爵,R19,嘉爵 R19,街车,"￥18,500",
,,嘉爵,R18,嘉爵 R18,街车,,
,,嘉爵,幻影150X,嘉爵 幻影150X,踏板,"￥9,800","￥12,800"
,,嘉爵,明悦150,嘉爵 明悦150,踏板,"￥9,980","￥12,800"
,,嘉爵,君悦150,嘉爵 君悦150,踏板,"￥9,980","￥12,800"
,,嘉爵,金龟125,嘉爵 金龟125,踏板,"￥7,580",
,,嘉爵,启程150,嘉爵 启程150,踏板,"￥13,580","￥13,980"
,,嘉爵,米兰达,嘉爵 米兰达,踏板,"￥7,580",
,,嘉爵,V5,嘉爵 V5,踏板,"￥8,850",
,,嘉爵,领航者500,嘉爵 领航者500,巡航,"￥25,900",
,,嘉爵,N19,嘉爵 N19,跨骑,"￥24,800",
,,嘉爵,N10,嘉爵 N10,旅行,"￥18,500",
,国产,嘉陵,新街火JH150-8A,嘉陵 新街火JH150-8A,街车,"￥9,412",
,国产,嘉陵,翼狼2JH125-B,嘉陵 翼狼2JH125-B,街车,"￥5,587",
,国产,嘉陵,新独狼JH150-6,嘉陵 新独狼JH150-6,街车,"￥6,880",
,,嘉陵,新街火JH200-8,嘉陵 新街火JH200-8,街车,,
,国产,嘉陵,金悍王SJH150-7,嘉陵 金悍王SJH150-7,街车,"￥7,533",
,国产,嘉陵,金悍王JH150-7,嘉陵 金悍王JH150-7,街车,"￥7,447",
,国产,嘉陵,金悍JH125-7C,嘉陵 金悍JH125-7C,街车,"￥8,680",
,国产,嘉陵,铁悍JH125-7B,嘉陵 铁悍JH125-7B,街车,"￥5,426",
,国产,嘉陵,街火JH150-8,嘉陵 街火JH150-8,街车,"￥7,680",
,国产,嘉陵,JH125E-6A,嘉陵 JH125E-6A,街车,"￥6,880",
,国产,嘉陵,新独狼JH125-6A,嘉陵 新独狼JH125-6A,街车,"￥6,280",
,国产,嘉陵,金悍王JH125-7C,嘉陵 金悍王JH125-7C,街车,"￥7,680",
,国产,嘉陵,翼狼JH125-G,嘉陵 翼狼JH125-G,街车,"￥5,980",
,国产,嘉陵,独狼JH125-C,嘉陵 独狼JH125-C,街车,"￥6,280",
,,嘉陵,JH150-8B,嘉陵 JH150-8B,街车,,
,,嘉陵,JH150-10C,嘉陵 JH150-10C,街车,,
,国产,嘉陵,ES200,嘉陵 ES200,街车,"￥9,980",
,国产,嘉陵,夜行者 JL125T-20,嘉陵 夜行者 JL125T-20,踏板,"￥4,980",
,国产,嘉陵,睿行 JL125T-19,嘉陵 睿行 JL125T-19,踏板,"￥5,580",
,,嘉陵,睿鲨,嘉陵 睿鲨,踏板,,
,国产,嘉陵,霸道,嘉陵 霸道,踏板,"￥6,680",
,,嘉陵,博雅,嘉陵 博雅,踏板,,
,国产,嘉陵,福鹰 JL125T-16,嘉陵 福鹰 JL125T-16,踏板,"￥5,280",
,国产,嘉陵,Moon125,嘉陵 Moon125,踏板,"￥6,880",
,国产,嘉陵,悦来125,嘉陵 悦来125,踏板,"￥6,980",
,国产,嘉陵,CoCo Cat 150T山猫,嘉陵 CoCo Cat 150T山猫,踏板,"￥13,280",
,国产,嘉陵,巧乐,嘉陵 巧乐,踏板,"￥6,980","￥7,580"
,国产,嘉陵,天悦,嘉陵 天悦,踏板,"￥7,280","￥7,980"
,国产,嘉陵,美连达,嘉陵 美连达,踏板,"￥7,280","￥8,280"
,国产,嘉陵,CoCo Blue Cat 蓝猫,嘉陵 CoCo Blue Cat 蓝猫,踏板,"￥12,380",
,国产,嘉陵,CoCo Pony CD70,嘉陵 CoCo Pony CD70,复古,"￥5,970",
,国产,嘉陵,嘉陵70,嘉陵 嘉陵70,复古,"￥5,280",
,国产,嘉陵,250F,嘉陵 250F,复古,"￥13,580","￥14,980"
,国产,嘉陵,独狼,嘉陵 独狼,复古,"￥6,580","￥6,980"
,国产,嘉陵,JV150 JH150-11,嘉陵 JV150 JH150-11,复古,"￥7,880",
,国产,嘉陵,CoCo Pony 150F,嘉陵 CoCo Pony 150F,复古,"￥9,980",
,国产,嘉陵,CoCo Pony CD125,嘉陵 CoCo Pony CD125,复古,"￥6,780","￥7,380"
,国产,嘉陵,JH600-A,嘉陵 JH600-A,拉力,"￥33,780",
,国产,嘉陵,新翼侠JH200GY-5A,嘉陵 新翼侠JH200GY-5A,越野,"￥13,120",
,国产,嘉陵,CoCo Cross,嘉陵 CoCo Cross,弯梁,"￥8,980",
,国产,嘉陵,CoCo,嘉陵 CoCo,弯梁,"￥6,580","￥6,980"
,国产,嘉陵,CoCo SVR180,嘉陵 CoCo SVR180,弯梁,"￥12,680","￥13,680"
,国产,嘉陵,好帅JL110-8A,嘉陵 好帅JL110-8A,弯梁,"￥4,827",
,国产,嘉陵,好生活 JL 110-7A,嘉陵 好生活 JL 110-7A,弯梁,"￥3,880",
,国产,嘉陵,好帅125 JL125-8,嘉陵 好帅125 JL125-8,弯梁,"￥5,547",
,国产,嘉陵,好俊JL125-9,嘉陵 好俊JL125-9,弯梁,"￥6,680",
,国产,嘉陵,好悦 JL110-16,嘉陵 好悦 JL110-16,弯梁,"￥5,280",
,国产,嘉陵,好彩 JL110-16A,嘉陵 好彩 JL110-16A,弯梁,"￥5,380",
,国产,嘉陵,Super CoCo,嘉陵 Super CoCo,弯梁,"￥7,580",
,国产,嘉陵,CoCo 边三轮,嘉陵 CoCo 边三轮,三轮,"￥15,180","￥15,880"
,国产,嘉陵,JH600B,嘉陵 JH600B,三轮,"￥55,800","￥69,800"
,,嘉鹏,嘉睿125,嘉鹏 嘉睿125,踏板,"￥6,780",
,,嘉鹏,甲壳虫125,嘉鹏 甲壳虫125,踏板,"￥6,580",
,,嘉鹏,布加迪,嘉鹏 布加迪,踏板,"￥7,980",
,,嘉鹏,赛戈,嘉鹏 赛戈,踏板,"￥6,980",
,,嘉鹏,NHR,嘉鹏 NHR,踏板,"￥6,680","￥7,880"
,,嘉鹏,布加迪威龙,嘉鹏 布加迪威龙,踏板,"￥7,980",
,,建隆,JL125T-12D,建隆 JL125T-12D,踏板,"￥6,880","￥7,980"
,,建隆,JL125T-15D,建隆 JL125T-15D,踏板,"￥6,980",
,国产,建设,RT250,建设 RT250,街车,"￥11,800",
,国产,建设,夜鹰 500,建设 夜鹰 500,街车,"￥23,800",
,国产,建设,UF,建设 UF,踏板,"￥7,680",
,国产,建设,DUOMO,建设 DUOMO,踏板,"￥13,680",
,国产,建设,猎鹰,建设 猎鹰,踏板,"￥7,980",
,,建设,JS110T-3D,建设 JS110T-3D,踏板,,
,,建设,JS110T-10D,建设 JS110T-10D,踏板,,
,,建设,JS125T-D,建设 JS125T-D,踏板,,
,国产,建设,JS125T-9D,建设 JS125T-9D,踏板,"￥7,980",
,国产,建设,魔兽,建设 魔兽,踏板,"￥7,980",
,国产,建设,1889舰,建设 1889舰,踏板,"￥8,190",
,国产,建设,RS250,建设 RS250,复古,"￥11,800","￥13,800"
,国产,建设,柯基,建设 柯基,复古,"￥6,888",
,国产,建设,珮格400,建设 珮格400,复古,"￥25,800","￥26,800"
,,建设,JS125-D,建设 JS125-D,复古,,
,,建设,JS150-D,建设 JS150-D,复古,,
,国产,建设,肥霸 900,建设 肥霸 900,巡航,"￥53,800",
,国产,建设,侦查兵 700,建设 侦查兵 700,巡航,"￥47,800",
,国产,建设,RV250,建设 RV250,拉力,"￥12,300","￥15,800"
,,建设,JS110-9D,建设 JS110-9D,弯梁,,
,,建设,JS125-29D,建设 JS125-29D,弯梁,,
,国产,建设,JS125B,建设 JS125B,三轮,"￥15,880",
日本,合资,建设雅马哈,新天剑K YBR125,建设雅马哈 新天剑K YBR125,街车,"￥9,660",
日本,合资,建设雅马哈,飞致YS150,建设雅马哈 飞致YS150,街车,"￥12,280",
日本,合资,建设雅马哈,天剑动力版 YBR 150 Z,建设雅马哈 天剑动力版 YBR 150 Z,街车,"￥8,580","￥8,980"
日本,合资,建设雅马哈,飞致YS250,建设雅马哈 飞致YS250,街车,"￥19,800","￥20,580"
日本,合资,建设雅马哈,天剑,建设雅马哈 天剑,街车,"￥9,580",
日本,合资,建设雅马哈,天剑王JYM250,建设雅马哈 天剑王JYM250,街车,"￥20,553",
日本,合资,建设雅马哈,巧格i,建设雅马哈 巧格i,踏板,"￥7,680","￥8,580"
日本,合资,建设雅马哈,福颖125,建设雅马哈 福颖125,踏板,"￥8,980","￥9,480"
日本,合资,建设雅马哈,旭鹰125,建设雅马哈 旭鹰125,踏板,"￥7,680","￥7,980"
日本,合资,建设雅马哈,福禧125,建设雅马哈 福禧125,踏板,"￥8,980","￥9,080"
日本,合资,建设雅马哈,巡鹰125,建设雅马哈 巡鹰125,踏板,"￥11,200","￥12,000"
日本,合资,建设雅马哈,赛鹰GT,建设雅马哈 赛鹰GT,踏板,"￥9,580",
日本,合资,建设雅马哈,迅鹰,建设雅马哈 迅鹰,踏板,"￥8,900",
日本,合资,建设雅马哈,福禧X,建设雅马哈 福禧X,踏板,"￥6,436",
日本,合资,建设雅马哈,GT150 Fazer,建设雅马哈 GT150 Fazer,复古,"￥13,390",
日本,合资,建设雅马哈,凌骏T115,建设雅马哈 凌骏T115,弯梁,"￥6,980","￥7,280"
日本,合资,建设雅马哈,易发E8,建设雅马哈 易发E8,弯梁,"￥5,230",
日本,合资,建设雅马哈,天骏YB125 SP,建设雅马哈 天骏YB125 SP,街车,"￥7,100",
日本,合资,建设雅马哈,天剑王YBR250,建设雅马哈 天剑王YBR250,街车,"￥19,800",
日本,合资,建设雅马哈,劲虎V,建设雅马哈 劲虎V,街车,"￥11,000",
日本,合资,建设雅马哈,天隼豪华版,建设雅马哈 天隼豪华版,街车,"￥8,380",
日本,合资,建设雅马哈,天隼,建设雅马哈 天隼,街车,"￥6,840",
日本,合资,建设雅马哈,天俊YB125SP,建设雅马哈 天俊YB125SP,街车,"￥6,500",
日本,合资,建设雅马哈,天戟Z YB125Z,建设雅马哈 天戟Z YB125Z,街车,"￥6,880",
日本,合资,建设雅马哈,新天戟JYM125-3B,建设雅马哈 新天戟JYM125-3B,街车,"￥6,830",
日本,合资,建设雅马哈,天剑K JYM125-7A 越野版,建设雅马哈 天剑K JYM125-7A 越野版,街车,"￥10,110",
日本,合资,建设雅马哈,天剑K YBR125K,建设雅马哈 天剑K YBR125K,街车,"￥9,400",
日本,合资,建设雅马哈,劲傲JYM125,建设雅马哈 劲傲JYM125,街车,"￥6,044",
日本,合资,建设雅马哈,天剑YBR125,建设雅马哈 天剑YBR125,街车,"￥6,960",
日本,合资,建设雅马哈,天戟Z JYM125-3E,建设雅马哈 天戟Z JYM125-3E,街车,"￥7,207",
日本,合资,建设雅马哈,天剑YBR125G,建设雅马哈 天剑YBR125G,街车,"￥7,632",
日本,合资,建设雅马哈,天剑王JYM250-2A,建设雅马哈 天剑王JYM250-2A,街车,"￥20,553",
日本,合资,建设雅马哈,YS125,建设雅马哈 YS125,街车,"￥9,593",
日本,合资,建设雅马哈,YB125-Z,建设雅马哈 YB125-Z,街车,"￥7,747",
日本,合资,建设雅马哈,XTZ125,建设雅马哈 XTZ125,街车,"￥10,800",
,,建设雅马哈,劲豹 SRZ150,建设雅马哈 劲豹 SRZ150,街车,,
,,建设雅马哈,巧格100,建设雅马哈 巧格100,踏板,,
日本,合资,建设雅马哈,丽鹰100 ZY100T-5,建设雅马哈 丽鹰100 ZY100T-5,踏板,"￥7,480",
日本,合资,建设雅马哈,悦鹰100 ZY100T-8,建设雅马哈 悦鹰100 ZY100T-8,踏板,"￥6,800",
日本,合资,建设雅马哈,尚领,建设雅马哈 尚领,踏板,"￥9,554",
日本,合资,建设雅马哈,RS100,建设雅马哈 RS100,踏板,"￥7,180",
日本,合资,建设雅马哈,凌鹰100 ZY100T-12,建设雅马哈 凌鹰100 ZY100T-12,踏板,"￥10,650",
日本,合资,建设雅马哈,JYM110-2,建设雅马哈 JYM110-2,弯梁,"￥6,135",
日本,合资,建设雅马哈,易发JYM110-A,建设雅马哈 易发JYM110-A,弯梁,"￥5,230",
日本,合资,建设雅马哈,U8,建设雅马哈 U8,弯梁,"￥5,945",
,,匠工,1924 燃油版,匠工 1924 燃油版,复古,"￥6,980",
,,匠工,绝地轻甲,匠工 绝地轻甲,越野,"￥15,800","￥16,800"
,,杰迪,Vision K750,杰迪 Vision K750,跑车,"￥39,800","￥43,800"
,,杰迪,K333,杰迪 K333,跑车,,
,,杰迪,FR750,杰迪 FR750,复古,"￥43,800",
,,杰迪,Custom 250,杰迪 Custom 250,巡航,"￥19,800",
,,杰迪,GZ250,杰迪 GZ250,巡航,"￥15,800",
,,杰迪,GT320,杰迪 GT320,旅行,"￥25,800",
,,杰迪,傑750,杰迪 傑750,旅行,"￥49,800",
,,杰迪,JD300-9,杰迪 JD300-9,旅行,"￥23,800",
,,杰迪,麒麟750,杰迪 麒麟750,旅行,,
,国产,金城,枭250,金城 枭250,跑车,"￥18,980",
,国产,金城,警用车JC250-6,金城 警用车JC250-6,街车,"￥14,375",
,国产,金城,战枭JC125-28,金城 战枭JC125-28,街车,"￥8,800",
,国产,金城,炫跑JC125-17HV,金城 炫跑JC125-17HV,街车,"￥5,880",
,国产,金城,金城刀JC125-17HV,金城 金城刀JC125-17HV,街车,"￥6,380",
,国产,金城,JC250-7,金城 JC250-7,街车,"￥14,800",
,国产,金城,JC125-7BV,金城 JC125-7BV,街车,"￥5,800",
,国产,金城,GX125,金城 GX125,街车,"￥6,380",
,国产,金城,猎枭SJ150-2,金城 猎枭SJ150-2,街车,"￥7,380",
,国产,金城,提拉米苏JC200T-A,金城 提拉米苏JC200T-A,踏板,"￥21,800",
,国产,金城,越途Travelin,金城 越途Travelin,踏板,"￥20,178",
,国产,金城,欧宝路二代JC200T-6,金城 欧宝路二代JC200T-6,踏板,"￥17,760",
,国产,金城,天悦JC110T-A,金城 天悦JC110T-A,踏板,"￥6,880",
,国产,金城,越途JC200T-8,金城 越途JC200T-8,踏板,"￥21,800",
,国产,金城,草蜢 200,金城 草蜢 200,踏板,"￥14,800","￥18,800"
,国产,金城,天朗JC110T-B,金城 天朗JC110T-B,踏板,"￥7,380",
,国产,金城,草蜢 150,金城 草蜢 150,踏板,"￥15,980",
,国产,金城,提拉米苏 150,金城 提拉米苏 150,踏板,"￥19,980",
,,金城,提拉米苏 200 警用版,金城 提拉米苏 200 警用版,踏板,,
,,金城,草蜢 200 警用版,金城 草蜢 200 警用版,踏板,,
,国产,金城,域火JC250-6A,金城 域火JC250-6A,巡航,"￥15,000","￥15,980"
,,金城,JC300-2,金城 JC300-2,巡航,,
,国产,金城,K-Cross 200,金城 K-Cross 200,拉力,"￥15,800","￥17,800"
,,金城,JC250-9,金城 JC250-9,拉力,,
,国产,金城,悟空110,金城 悟空110,MINI,"￥7,380","￥8,680"
,国产,金城,LAKO 110,金城 LAKO 110,MINI,"￥7,480",
,国产,金城,金童 JC70,金城 金童 JC70,MINI,"￥6,780","￥7,380"
,国产,金城,金童 JC50,金城 金童 JC50,MINI,"￥7,080","￥7,280"
,国产,金城,小金鹿 JC50Q-20,金城 小金鹿 JC50Q-20,MINI,"￥8,985",
,,金城,JC200Y-6,金城 JC200Y-6,越野,,
,国产,金城,灿星JC110-19V,金城 灿星JC110-19V,弯梁,"￥4,820",
,国产,金城,新天星SJ110,金城 新天星SJ110,弯梁,"￥5,800",
,国产,金城,天逸SJ125-2,金城 天逸SJ125-2,弯梁,"￥6,780",
,国产,金城,金童边三轮,金城 金童边三轮,三轮,"￥12,380",
,,劲力,JL125T-7E,劲力 JL125T-7E,踏板,"￥7,380","￥7,980"
,,劲力,JL125T-5E,劲力 JL125T-5E,踏板,,
,,劲力,JL125T-3E,劲力 JL125T-3E,踏板,,
,,劲力,JL125T-10E,劲力 JL125T-10E,踏板,,
,,劲力,JL125T-12E,劲力 JL125T-12E,踏板,,
,,劲力,JL125T-18E,劲力 JL125T-18E,踏板,,
,,劲力,JL125T-19E,劲力 JL125T-19E,踏板,,
,,劲力,JL125T-21E,劲力 JL125T-21E,踏板,,
,,劲力,JL125T-23E,劲力 JL125T-23E,踏板,,
,,劲力,JL125T-25E,劲力 JL125T-25E,踏板,,
,,劲力,JL125-19,劲力 JL125-19,复古,,
,,劲力,JL150-19,劲力 JL150-19,复古,,
,,劲力,JL125-E,劲力 JL125-E,弯梁,,
,,劲隆,劲福JL110-36,劲隆 劲福JL110-36,街车,"￥4,980",
,,劲隆,劲跑JL150-75,劲隆 劲跑JL150-75,街车,"￥5,980",
,,劲隆,劲隆K8,劲隆 劲隆K8,街车,"￥7,150",
,,劲隆,劲隆K5,劲隆 劲隆K5,街车,"￥6,900",
,,劲隆,大熊JL150-60,劲隆 大熊JL150-60,街车,"￥8,567",
,,劲隆,超跑250,劲隆 超跑250,街车,"￥13,949","￥14,130"
,,劲隆,战士,劲隆 战士,越野,"￥7,571",
,,经途,250R,经途 250R,复古,"￥11,600",
,,九号,FUGLEMAN 1000UF,九号 FUGLEMAN 1000UF,越野,,
,,九号,SNARLER 1000AF,九号 SNARLER 1000AF,其他,,
,,九号,SSV-Villain COMBUSTION,九号 SSV-Villain COMBUSTION,其他,,
,,九号,ATV-Snarler COMBUSTION,九号 ATV-Snarler COMBUSTION,其他,,
,,巨能,JN125T-11,巨能 JN125T-11,踏板,,
,,巨能,银钻,巨能 银钻,踏板,,
,,巨能,霸道,巨能 霸道,踏板,,
,,巨能,战狼,巨能 战狼,踏板,,
,,巨能,博雅(海外),巨能 博雅(海外),踏板,,
,,巨能,锐鹰,巨能 锐鹰,踏板,,
,,巨能,睿鲨,巨能 睿鲨,踏板,,
,,巨能,大力水手(海外),巨能 大力水手(海外),踏板,,
,,巨能,莫吉托(海外),巨能 莫吉托(海外),踏板,,
,,巨能,山猫(海外),巨能 山猫(海外),踏板,,
,,巨能,索拉诺Sorano(海外),巨能 索拉诺Sorano(海外),踏板,,
,,巨能,瓦尼拉Vanilla(海外),巨能 瓦尼拉Vanilla(海外),踏板,,
,,爵士捷,DX250,爵士捷 DX250,巡航,"￥18,800",
,,爵士捷,DX650,爵士捷 DX650,巡航,"￥36,800",
,,君侉,CJ750,君侉 CJ750,三轮,"￥57,800","￥77,000"
,,君侉,全运会定制赛车,君侉 全运会定制赛车,三轮,"￥35,800",
,,君侉,HJ250,君侉 HJ250,三轮,"￥17,800","￥22,800"
,,君侉,HJ400,君侉 HJ400,三轮,"￥30,800",
,,君侉,R1000,君侉 R1000,三轮,"￥138,000",
,,君侉,HJ400B,君侉 HJ400B,三轮,"￥43,800",
,,卡吉瓦MVCAGIVA,KJW700,卡吉瓦MVCAGIVA KJW700,跑车,,
,,卡吉瓦MVCAGIVA,星途150,卡吉瓦MVCAGIVA 星途150,踏板,"￥9,680","￥10,980"
,,卡吉瓦MVCAGIVA,浪漫时光,卡吉瓦MVCAGIVA 浪漫时光,踏板,"￥13,980",
,,卡吉瓦MVCAGIVA,周末疯150,卡吉瓦MVCAGIVA 周末疯150,踏板,"￥15,998",
,,卡吉瓦MVCAGIVA,周末疯250,卡吉瓦MVCAGIVA 周末疯250,踏板,"￥14,980","￥18,660"
,,卡吉瓦MVCAGIVA,领途150,卡吉瓦MVCAGIVA 领途150,踏板,"￥12,380",
,,卡吉瓦MVCAGIVA,KJW150T-B,卡吉瓦MVCAGIVA KJW150T-B,踏板,,
,,卡吉瓦MVCAGIVA,坦途,卡吉瓦MVCAGIVA 坦途,踏板,,
,,卡吉瓦MVCAGIVA,KJW150T-J,卡吉瓦MVCAGIVA KJW150T-J,踏板,,
,,卡吉瓦MVCAGIVA,KJW250T-B,卡吉瓦MVCAGIVA KJW250T-B,踏板,,
,,凯撒,悦途150,凯撒 悦途150,复古,"￥7,380","￥7,980"
英国,进口,凯旋,Speed 400,凯旋 Speed 400,复古,"￥33,900",
英国,进口,凯旋,Trident 660,凯旋 Trident 660,复古,"￥73,900",
英国,进口,凯旋,Scrambler 400 X,凯旋 Scrambler 400 X,复古,"￥36,900",
英国,进口,凯旋,Scrambler 900,凯旋 Scrambler 900,复古,"￥113,900","￥119,300"
英国,进口,凯旋,Speed Twin 900,凯旋 Speed Twin 900,复古,"￥86,900","￥92,300"
英国,进口,凯旋,Bonneville T120,凯旋 Bonneville T120,复古,"￥118,900","￥126,100"
英国,进口,凯旋,Scrambler 1200,凯旋 Scrambler 1200,复古,"￥125,900","￥161,895"
英国,进口,凯旋,Bonneville T100,凯旋 Bonneville T100,复古,"￥108,900","￥114,300"
英国,进口,凯旋,Speed Triple 1200 RR,凯旋 Speed Triple 1200 RR,复古,"￥219,895","￥222,595"
英国,进口,凯旋,Street Twin,凯旋 Street Twin,复古,"￥107,295",
英国,进口,凯旋,Speed Twin 1200,凯旋 Speed Twin 1200,复古,"￥128,900","￥136,100"
英国,进口,凯旋,Thruxton,凯旋 Thruxton,复古,"￥169,900","￥188,900"
英国,进口,凯旋,Street Triple 765,凯旋 Street Triple 765,街车,"￥97,895","￥117,895"
英国,进口,凯旋,Speed Triple 1200 RS,凯旋 Speed Triple 1200 RS,街车,"￥189,895",
英国,进口,凯旋,Rocket III TFC,凯旋 Rocket III TFC,街车,"￥196,000",
英国,进口,凯旋,Tiger 900,凯旋 Tiger 900,拉力,"￥119,895","￥148,595"
英国,进口,凯旋,Tiger 850,凯旋 Tiger 850,拉力,"￥99,895",
英国,进口,凯旋,Tiger 1200,凯旋 Tiger 1200,拉力,"￥179,895","￥220,595"
英国,进口,凯旋,Tiger 800,凯旋 Tiger 800,拉力,"￥149,995",
英国,进口,凯旋,Tiger Sport 660,凯旋 Tiger Sport 660,旅行,"￥78,900",
英国,进口,凯旋,Daytona 660,凯旋 Daytona 660,跑车,"￥78,900",
英国,进口,凯旋,Daytona 675,凯旋 Daytona 675,跑车,"￥190,000",
英国,进口,凯旋,Daytona 675R,凯旋 Daytona 675R,跑车,"￥210,000",
英国,进口,凯旋,Bonneville Bobber,凯旋 Bonneville Bobber,巡航,"￥128,900","￥137,900"
英国,进口,凯旋,Rocket 3,凯旋 Rocket 3,巡航,"￥238,895","￥257,895"
英国,进口,凯旋,Bonneville Speedmaster,凯旋 Bonneville Speedmaster,巡航,"￥128,900","￥137,900"
,,凯旋,Daytona 675 Super III,凯旋 Daytona 675 Super III,跑车,,
,,凯旋,Sprint ST 955i,凯旋 Sprint ST 955i,跑车,,
,,凯旋,Sprint ST1050,凯旋 Sprint ST1050,跑车,,
,,凯旋,Sprint ST 955i,凯旋 Sprint ST 955i,跑车,,
,,凯旋,Thruxton 1200R Supercharged “The White Bike”,凯旋 Thruxton 1200R Supercharged “The White Bike”,跑车,,
,,凯旋,Daytona 650,凯旋 Daytona 650,跑车,,
,,凯旋,Daytona 675 SE,凯旋 Daytona 675 SE,跑车,,
,,凯旋,Daytona T595,凯旋 Daytona T595,跑车,,
,,凯旋,Daytona 955i Centennial Edition,凯旋 Daytona 955i Centennial Edition,跑车,,
,,凯旋,Daytona 1000,凯旋 Daytona 1000,跑车,,
,,凯旋,Daytona 1200,凯旋 Daytona 1200,跑车,,
,,凯旋,Daytona Moto2 765限量版,凯旋 Daytona Moto2 765限量版,跑车,,
,,凯旋,Speed Four,凯旋 Speed Four,街车,,
,,凯旋,Speed Triple SE,凯旋 Speed Triple SE,街车,,
,,凯旋,Speed Triple R,凯旋 Speed Triple R,街车,,
,,凯旋,Speed Triple 94R,凯旋 Speed Triple 94R,街车,,
,,凯旋,Speed Triple S,凯旋 Speed Triple S,街车,,
,,凯旋,Street Triple 675RX,凯旋 Street Triple 675RX,街车,,
,,凯旋,Street Triple 765S,凯旋 Street Triple 765S,街车,,
,,凯旋,Street Triple 765R Low,凯旋 Street Triple 765R Low,街车,,
,,凯旋,Tiger Sport,凯旋 Tiger Sport,街车,,
英国,进口,凯旋,Thunderbird,凯旋 Thunderbird,巡航,"￥198,000",
,,凯旋,Tiger 800XC S.E.,凯旋 Tiger 800XC S.E.,街车,,
,,凯旋,Tiger 800XCx,凯旋 Tiger 800XCx,街车,,
,,凯旋,Tiger 800XCx Low,凯旋 Tiger 800XCx Low,街车,,
,,凯旋,Tiger 800XRT,凯旋 Tiger 800XRT,街车,,
,,凯旋,Sport Tiger T100SC,凯旋 Sport Tiger T100SC,街车,,
,,凯旋,Sprint 900 Sport,凯旋 Sprint 900 Sport,街车,,
,,凯旋,Sprint 900 Exclusive,凯旋 Sprint 900 Exclusive,街车,,
,,凯旋,Street Triple 675,凯旋 Street Triple 675,街车,,
,,凯旋,Street Triple 675 10th Grey Anniversary S.E.,凯旋 Street Triple 675 10th Grey Anniversary S.E.,街车,,
,,凯旋,Street Triple 675R Dark 10th Anniversary S.E.,凯旋 Street Triple 675R Dark 10th Anniversary S.E.,街车,,
,,凯旋,Street Triple 675RX Black,凯旋 Street Triple 675RX Black,街车,,
,,凯旋,Thruxton Special Edition,凯旋 Thruxton Special Edition,街车,,
,,凯旋,Thruxton Ace Special Edition,凯旋 Thruxton Ace Special Edition,街车,,
,,凯旋,Thunderbird 900,凯旋 Thunderbird 900,街车,,
,,凯旋,Thunderbird 900 Sport,凯旋 Thunderbird 900 Sport,街车,,
,,凯旋,Tiger Club 200,凯旋 Tiger Club 200,街车,,
,,凯旋,Daytona 675 JPS Limited Edition,凯旋 Daytona 675 JPS Limited Edition,街车,,
,,凯旋,Daytona 900 Super III,凯旋 Daytona 900 Super III,街车,,
,,凯旋,Daytona 955i Special Edition,凯旋 Daytona 955i Special Edition,街车,,
,,凯旋,Legend TT 900,凯旋 Legend TT 900,街车,,
,,凯旋,Rocket III Classic,凯旋 Rocket III Classic,街车,,
,,凯旋,Scrambler 1200 XE,凯旋 Scrambler 1200 XE,街车,,
,,凯旋,Speed Triple 750,凯旋 Speed Triple 750,街车,,
,,凯旋,Speed Triple 900,凯旋 Speed Triple 900,街车,,
,,凯旋,Speed Triple 955i,凯旋 Speed Triple 955i,街车,,
,,凯旋,Speed Triple 955i S.E.,凯旋 Speed Triple 955i S.E.,街车,,
,,凯旋,Speed Triple 1050,凯旋 Speed Triple 1050,街车,,
,,凯旋,Speed Triple Carbon Edition,凯旋 Speed Triple Carbon Edition,街车,,
,,凯旋,Speed Triple Matt Black Limited Edition,凯旋 Speed Triple Matt Black Limited Edition,街车,,
,,凯旋,Speed Triple 15th Anniversary Edition,凯旋 Speed Triple 15th Anniversary Edition,街车,,
,,凯旋,Speed Triple Carbon Limited Edition,凯旋 Speed Triple Carbon Limited Edition,街车,,
,,凯旋,Speed Triple Half Millionth Special Edition,凯旋 Speed Triple Half Millionth Special Edition,街车,,
,,凯旋,Speed Triple 94 Special Edition,凯旋 Speed Triple 94 Special Edition,街车,,
,,凯旋,Speed Triple R Dark,凯旋 Speed Triple R Dark,街车,,
,,凯旋,Trident T150 750,凯旋 Trident T150 750,街车,,
,,凯旋,Trident T150,凯旋 Trident T150,街车,,
,,凯旋,Trident T160 750,凯旋 Trident T160 750,街车,,
,,凯旋,Trident 750,凯旋 Trident 750,街车,,
,,凯旋,Trident 900,凯旋 Trident 900,街车,,
,,凯旋,Trophy 900,凯旋 Trophy 900,街车,,
,,凯旋,Trophy 1200,凯旋 Trophy 1200,街车,,
,,凯旋,T 140V Bonneville,凯旋 T 140V Bonneville,街车,,
,,凯旋,T 140V 750 Bonneville Sliver Jubilee,凯旋 T 140V 750 Bonneville Sliver Jubilee,街车,,
,,凯旋,T 140D 750 B,凯旋 T 140D 750 B,街车,,
,,凯旋,T 140ES 750 Bonneville,凯旋 T 140ES 750 Bonneville,街车,,
,,凯旋,T 140E 750 Bonneville America,凯旋 T 140E 750 Bonneville America,街车,,
,,凯旋,T 140E 750,凯旋 T 140E 750,街车,,
,,凯旋,T 140E 750 B,凯旋 T 140E 750 B,街车,,
,,凯旋,TR 25T Trail Blazer,凯旋 TR 25T Trail Blazer,街车,,
,,凯旋,TR 5T 500 Trophy Trail,凯旋 TR 5T 500 Trophy Trail,街车,,
,,凯旋,TR6 Trophy Desert Sled,凯旋 TR6 Trophy Desert Sled,街车,,
,,凯旋,TR 6C / SC / SR / SS Trophy,凯旋 TR 6C / SC / SR / SS Trophy,街车,,
,,凯旋,TR 6C Trophy Special,凯旋 TR 6C Trophy Special,街车,,
,,凯旋,TR 6R 650 Tiger,凯旋 TR 6R 650 Tiger,街车,,
,,凯旋,TR 7T Tiger Trail,凯旋 TR 7T Tiger Trail,街车,,
,,凯旋,TR 65 Thunderbird,凯旋 TR 65 Thunderbird,街车,,
,,凯旋,TR 7RV 750 Tiger,凯旋 TR 7RV 750 Tiger,街车,,
,,凯旋,TR 7 750 Tiger,凯旋 TR 7 750 Tiger,街车,,
,,凯旋,TRX 75 Hurricane,凯旋 TRX 75 Hurricane,街车,,
,,凯旋,TT 600,凯旋 TT 600,街车,,
,,凯旋,Adventure 900 Limited Edition,凯旋 Adventure 900 Limited Edition,街车,,
,,凯旋,Bonneville Sixty8 Range "The Aftermath",凯旋 Bonneville Sixty8 Range "The Aftermath",街车,,
,,凯旋,Bonneville Sixty8 Range "The Generation",凯旋 Bonneville Sixty8 Range "The Generation",街车,,
,,凯旋,Bonneville Sixty8 Range "The Revolver",凯旋 Bonneville Sixty8 Range "The Revolver",街车,,
,,凯旋,Bonneville Ewan McGregor Special Edition,凯旋 Bonneville Ewan McGregor Special Edition,街车,,
,,凯旋,Bonneville Tridays Edition,凯旋 Bonneville Tridays Edition,街车,,
,,凯旋,Bonneville T100 "Live Fast",凯旋 Bonneville T100 "Live Fast",街车,,
,,凯旋,Bonneville T100 "Union Jack",凯旋 Bonneville T100 "Union Jack",街车,,
,,凯旋,Bonneville T100 "Multi-Stripe",凯旋 Bonneville T100 "Multi-Stripe",街车,,
,,凯旋,Bonneville T100 "Slogan-Paisley",凯旋 Bonneville T100 "Slogan-Paisley",街车,,
,,凯旋,Bonneville T100 50th Anniversary,凯旋 Bonneville T100 50th Anniversary,街车,,
,,凯旋,Bonneville T100 Black Special Edition,凯旋 Bonneville T100 Black Special Edition,街车,,
,,凯旋,Bonneville T100 Steve McQueen Edition,凯旋 Bonneville T100 Steve McQueen Edition,街车,,
,,凯旋,Bonneville T100 110th Anniversary Special Edition,凯旋 Bonneville T100 110th Anniversary Special Edition,街车,,
,,凯旋,Bonneville T100 Spirit Special Edition,凯旋 Bonneville T100 Spirit Special Edition,街车,,
,,凯旋,Bonneville T120 Ace,凯旋 Bonneville T120 Ace,街车,,
,,凯旋,Bonneville T120 Diamond Edition,凯旋 Bonneville T120 Diamond Edition,街车,,
,,凯旋,Bonneville,凯旋 Bonneville,复古,,
,,凯旋,Bonneville SE,凯旋 Bonneville SE,复古,,
,,凯旋,Bonneville T100 Black,凯旋 Bonneville T100 Black,复古,,
,,凯旋,Scrambler,凯旋 Scrambler,复古,,
,,凯旋,Street Cup,凯旋 Street Cup,复古,,
,,凯旋,Thruxton 1200,凯旋 Thruxton 1200,复古,,
,,凯旋,Thruxton 1200R,凯旋 Thruxton 1200R,复古,,
,,凯旋,Bonneville T120 Black,凯旋 Bonneville T120 Black,复古,,
,,凯旋,Scrambler Matt Black,凯旋 Scrambler Matt Black,复古,,
,,凯旋,Scrambler Tony Hawk Special,凯旋 Scrambler Tony Hawk Special,复古,,
,,凯旋,Speed Twin 5T,凯旋 Speed Twin 5T,复古,,
,,凯旋,T 120R 650 Bonneville,凯旋 T 120R 650 Bonneville,复古,,
,,凯旋,T 120 650 Bonneville,凯旋 T 120 650 Bonneville,复古,,
,,凯旋,T 140 750 TSS,凯旋 T 140 750 TSS,复古,,
,,凯旋,T 140 750 TSX,凯旋 T 140 750 TSX,复古,,
,,凯旋,Bonneville T214 Land Speed LE,凯旋 Bonneville T214 Land Speed LE,复古,,
,,凯旋,America,凯旋 America,巡航,,
,,凯旋,America LT,凯旋 America LT,巡航,,
,,凯旋,Rocket III Roadster,凯旋 Rocket III Roadster,巡航,,
,,凯旋,Rocket III Touring,凯旋 Rocket III Touring,巡航,,
,,凯旋,Rocket X,凯旋 Rocket X,巡航,,
,,凯旋,Speedmaster Roadster,凯旋 Speedmaster Roadster,巡航,,
,,凯旋,Thunderbird 1600 SE,凯旋 Thunderbird 1600 SE,巡航,,
,,凯旋,Thunderbird Big Bore,凯旋 Thunderbird Big Bore,巡航,,
,,凯旋,Thunderbird Commander,凯旋 Thunderbird Commander,巡航,,
,,凯旋,Thunderbird LT,凯旋 Thunderbird LT,巡航,,
,,凯旋,Thunderbird Nightstorm,凯旋 Thunderbird Nightstorm,巡航,,
,,凯旋,火箭,凯旋 火箭,巡航,,
,,凯旋,Thunderbird Storm,凯旋 Thunderbird Storm,巡航,,
,,凯旋,Rocket III,凯旋 Rocket III,巡航,,
,,凯旋,Tiger 800XC,凯旋 Tiger 800XC,拉力,,
,,凯旋,Tiger 800XC SE,凯旋 Tiger 800XC SE,拉力,,
,,凯旋,Tiger 800XCa,凯旋 Tiger 800XCa,拉力,,
,,凯旋,Tiger 800XCx Low,凯旋 Tiger 800XCx Low,拉力,,
,,凯旋,Tiger 800XRT,凯旋 Tiger 800XRT,拉力,,
,,凯旋,Tiger 800XRx,凯旋 Tiger 800XRx,拉力,,
,,凯旋,Tiger 800XRx Low,凯旋 Tiger 800XRx Low,拉力,,
,,凯旋,Tiger 900 GT,凯旋 Tiger 900 GT,拉力,,
,,凯旋,Tiger 1200 Explorer XC Special Edition Limited,凯旋 Tiger 1200 Explorer XC Special Edition Limited,拉力,,
,,凯旋,Sprint GT,凯旋 Sprint GT,旅行,,
,,凯旋,Sprint GT SE,凯旋 Sprint GT SE,旅行,,
,,凯旋,Sprint ST,凯旋 Sprint ST,旅行,,
,,凯旋,Trophy SE,凯旋 Trophy SE,旅行,,
,,凯旋,Sprint GT Limited Edition,凯旋 Sprint GT Limited Edition,旅行,,
,,凯旋,Thunderbird Commander,凯旋 Thunderbird Commander,旅行,,
,,凯旋,America Limited Edition,凯旋 America Limited Edition,旅行,,
,,凯旋,America LT Limited Edition,凯旋 America LT Limited Edition,旅行,,
,,凯旋,Bonneville Belstaff Special Edition,凯旋 Bonneville Belstaff Special Edition,旅行,,
,,凯旋,Tiger 900 Rally,凯旋 Tiger 900 Rally,旅行,,
,国产,凯越,450RR,凯越 450RR,跑车,"￥30,980","￥39,800"
,国产,凯越,250RR 刺鸟,凯越 250RR 刺鸟,跑车,"￥18,880",
,国产,凯越,321RR,凯越 321RR,跑车,"￥22,980","￥28,180"
,国产,凯越,321RR 厂队赛车,凯越 321RR 厂队赛车,跑车,"￥49,800",
,,凯越,800RR,凯越 800RR,跑车,,
,,凯越,350RR,凯越 350RR,跑车,,
,,凯越,350RR WSBK厂队赛车,凯越 350RR WSBK厂队赛车,跑车,,
,国产,凯越,Cobra 321R,凯越 Cobra 321R,街车,"￥23,980","￥24,800"
,,凯越,450R,凯越 450R,街车,,
,,凯越,800R,凯越 800R,街车,,
,,凯越,150T,凯越 150T,踏板,,
,,凯越,DAE(海外),凯越 DAE(海外),踏板,,
,国产,凯越,525F,凯越 525F,复古,"￥33,980",
,国产,凯越,321F-Cafe,凯越 321F-Cafe,复古,"￥24,300","￥24,600"
,国产,凯越,400F,凯越 400F,复古,"￥25,980",
,国产,凯越,500F,凯越 500F,复古,"￥32,800","￥38,900"
,国产,凯越,525X,凯越 525X,拉力,"￥33,900","￥36,900"
,国产,凯越,800X,凯越 800X,拉力,"￥45,800","￥49,800"
,国产,凯越,400X,凯越 400X,拉力,"￥29,800",
,国产,凯越,450Rally,凯越 450Rally,拉力,"￥43,800","￥76,800"
,国产,凯越,500X,凯越 500X,拉力,"￥32,800","￥41,300"
,,凯越,321GT,凯越 321GT,旅行,,
,国产,凯越,MX250,凯越 MX250,越野,"￥26,980",
,,凯越,MX450,凯越 MX450,越野,,
,,柯瓦勒,提尔 Tyr,柯瓦勒 提尔 Tyr,巡航,"￥430,000",
,,柯瓦勒,阿瑞斯 Ares,柯瓦勒 阿瑞斯 Ares,巡航,"￥320,000",
,,柯瓦勒,奥丁 Odin,柯瓦勒 奥丁 Odin,巡航,"￥450,000",
,,柯瓦勒,雷神 Thor,柯瓦勒 雷神 Thor,巡航,"￥360,000",
,,克尔维特,兰博300,克尔维特 兰博300,街车,"￥15,999",
,,克维思,K16-CBS300 竞技版,克维思 K16-CBS300 竞技版,越野,"￥13,500",
,,克维思,K16-NC450 拉力版,克维思 K16-NC450 拉力版,越野,"￥31,800",
,,克维思,K16-2冲 竞技版,克维思 K16-2冲 竞技版,越野,"￥19,800",
,,克维思,K16-NC250 完整版,克维思 K16-NC250 完整版,越野,"￥23,800",
,,克维思,K18-2冲 竞技版,克维思 K18-2冲 竞技版,越野,"￥19,800",
,,克维思,K16-NC300S 竞技版,克维思 K16-NC300S 竞技版,越野,"￥20,800",
,,克维思,K16-NC250 竞技版,克维思 K16-NC250 竞技版,越野,"￥18,800",
,,坤豪,立行125,坤豪 立行125,踏板,"￥7,180",
,,坤豪,LALA,坤豪 LALA,踏板,"￥8,180",
,,兰盾,LD250GY 城市越野版,兰盾 LD250GY 城市越野版,越野,"￥19,800",
,,兰盾,LD250 场地越野版,兰盾 LD250 场地越野版,越野,"￥16,800",
,,兰盾,LD450GY 城市越野版,兰盾 LD450GY 城市越野版,越野,"￥29,800",
,,兰盾,LD450 场地越野版,兰盾 LD450 场地越野版,越野,"￥21,800",
,,兰盾,LD400GY 城市休闲版,兰盾 LD400GY 城市休闲版,越野,"￥30,800",
,,兰盾,RALLY 500,兰盾 RALLY 500,越野,"￥39,800",
,,朗峥,2049,朗峥 2049,其他,,
,,雷电THUNDER,CUSTOM 雷电250 硬尾,雷电THUNDER CUSTOM 雷电250 硬尾,巡航,"￥28,800","￥31,800"
,,雷电THUNDER,CUSTOM 雷电软尾版,雷电THUNDER CUSTOM 雷电软尾版,巡航,"￥26,800",
,,雷克,青鸾450,雷克 青鸾450,复古,"￥18,800","￥20,800"
,,雷克,RX3,雷克 RX3,巡航,"￥24,980","￥27,300"
,,雷克,RX7,雷克 RX7,巡航,"￥38,800","￥47,800"
,,雷克,队长RX350,雷克 队长RX350,巡航,"￥24,680","￥27,580"
,,雷拉尼,罗蜜欧200,雷拉尼 罗蜜欧200,踏板,"￥14,980",
,,雷拉尼,罗蜜欧150,雷拉尼 罗蜜欧150,踏板,"￥9,999",
,,雷拉尼,XTRUN150,雷拉尼 XTRUN150,踏板,"￥12,980",
,,雷瓦克,RF1 ST-2,雷瓦克 RF1 ST-2,三轮,,
,,力昶,LC650ZH-1,力昶 LC650ZH-1,三轮,,
,,力昶,TYPE-5,力昶 TYPE-5,三轮,,
,,力昶,LC650B,力昶 LC650B,三轮,,
,国产,力帆,KPF150,力帆 KPF150,街车,"￥7,880",
,国产,力帆,KPR 150,力帆 KPR 150,跑车,"￥9,980",
,国产,力帆,KPR LF150-10S,力帆 KPR LF150-10S,跑车,"￥11,800",
,国产,力帆,KPR LF150-10P 赛车贴花版,力帆 KPR LF150-10P 赛车贴花版,跑车,"￥12,500",
,国产,力帆,KPR 200,力帆 KPR 200,跑车,"￥14,800",
,,力帆,KPR250,力帆 KPR250,跑车,,
,国产,力帆,KP150 LF150-10B,力帆 KP150 LF150-10B,街车,"￥9,800","￥10,300"
,国产,力帆,LF150-10B 摩旅版,力帆 LF150-10B 摩旅版,街车,"￥9,800",
,国产,力帆,小鬼LF100-C II,力帆 小鬼LF100-C II,街车,"￥7,000",
,国产,力帆,LF100-C 改装版,力帆 LF100-C 改装版,街车,"￥6,300",
,国产,力帆,小鬼Ⅲ,力帆 小鬼Ⅲ,街车,"￥5,980",
,国产,力帆,KPS200,力帆 KPS200,街车,"￥12,980",
,国产,力帆,KPS250,力帆 KPS250,街车,"￥15,680",
,国产,力帆,KP100,力帆 KP100,街车,"￥5,000",
,国产,力帆,劲逐LF150-3K,力帆 劲逐LF150-3K,街车,"￥8,800",
,国产,力帆,劲翼风尚LF150-3J,力帆 劲翼风尚LF150-3J,街车,"￥5,800",
,国产,力帆,劲途LF150-2,力帆 劲途LF150-2,街车,"￥7,680",
,国产,力帆,新街霸LF150-9M,力帆 新街霸LF150-9M,街车,"￥8,800",
,国产,力帆,LF250-19P,力帆 LF250-19P,街车,"￥18,800",
,国产,力帆,追风LF125-N,力帆 追风LF125-N,街车,"￥5,980",
,国产,力帆,劲翼风尚LF125-N,力帆 劲翼风尚LF125-N,街车,"￥6,500",
,国产,力帆,LF150-1,力帆 LF150-1,街车,"￥6,980",
,国产,力帆,KP150 LF150-10F,力帆 KP150 LF150-10F,街车,"￥8,627",
,国产,力帆,腾空LF150-1,力帆 腾空LF150-1,街车,"￥6,280",
,国产,力帆,旗舰LF175-3P,力帆 旗舰LF175-3P,街车,"￥8,000",
,国产,力帆,劲翼榜样LF200-6P,力帆 劲翼榜样LF200-6P,街车,"￥6,380",
,,力帆,皇马,力帆 皇马,街车,,
,国产,力帆,新豪影LF150-17V,力帆 新豪影LF150-17V,街车,"￥7,280",
,国产,力帆,神锋LF150-1,力帆 神锋LF150-1,街车,"￥6,280",
,国产,力帆,逐月LF150-9R,力帆 逐月LF150-9R,街车,"￥6,600",
,国产,力帆,力量LF125-9T,力帆 力量LF125-9T,街车,"￥5,500",
,国产,力帆,劲翼榜样LF150-3J,力帆 劲翼榜样LF150-3J,街车,"￥8,280",
,国产,力帆,CCR125,力帆 CCR125,街车,"￥6,980",
,国产,力帆,LF150-10B,力帆 LF150-10B,街车,"￥10,006",
,国产,力帆,LF150-2C,力帆 LF150-2C,街车,"￥7,680",
,国产,力帆,LF150-5U,力帆 LF150-5U,街车,"￥6,980",
,国产,力帆,LF125-2E,力帆 LF125-2E,街车,"￥6,578",
,国产,力帆,LF150-3H,力帆 LF150-3H,街车,"￥7,642",
,国产,力帆,CCR125 LF125-2E,力帆 CCR125 LF125-2E,街车,"￥6,578",
,国产,力帆,CCR150 LF150-2E,力帆 CCR150 LF150-2E,街车,"￥7,314",
,国产,力帆,KP350,力帆 KP350,街车,"￥19,980","￥21,680"
,,力帆,KP 250,力帆 KP 250,街车,,
,国产,力帆,KPS150,力帆 KPS150,街车,"￥9,980","￥11,780"
,,力帆,Amazing,力帆 Amazing,街车,,
,,力帆,SS2 250,力帆 SS2 250,街车,,
,国产,力帆,KPS239,力帆 KPS239,街车,"￥12,980",
,国产,力帆,KPS191,力帆 KPS191,街车,"￥11,780","￥12,980"
,国产,力帆,KPV150,力帆 KPV150,踏板,"￥12,680","￥16,298"
,国产,力帆,KPV350,力帆 KPV350,踏板,"￥22,999","￥24,999"
,国产,力帆,R-FOX150,力帆 R-FOX150,踏板,"￥7,980","￥9,680"
,国产,力帆,蓝鲟,力帆 蓝鲟,踏板,"￥11,999",
,国产,力帆,花语,力帆 花语,踏板,"￥5,500",
,国产,力帆,新佳悦LF125T-2G,力帆 新佳悦LF125T-2G,踏板,"￥5,380",
,国产,力帆,风云,力帆 风云,踏板,"￥5,665",
,国产,力帆,花韵,力帆 花韵,踏板,"￥7,980",
,国产,力帆,110T-P,力帆 110T-P,踏板,"￥6,380",
,国产,力帆,KPM 200,力帆 KPM 200,复古,"￥12,880","￥14,980"
,国产,力帆,KPM 150 Cafe,力帆 KPM 150 Cafe,复古,"￥11,980","￥13,180"
,国产,力帆,KPM191,力帆 KPM191,复古,"￥11,980","￥13,180"
,国产,力帆,KPM239,力帆 KPM239,复古,"￥13,980",
,国产,力帆,V16,力帆 V16,巡航,"￥15,980","￥19,980"
,国产,力帆,K29,力帆 K29,巡航,"￥13,980",
,国产,力帆,K19,力帆 K19,巡航,"￥11,980","￥13,980"
,,力帆,V400,力帆 V400,巡航,,
,国产,力帆,V16S,力帆 V16S,巡航,"￥19,680","￥19,980"
,国产,力帆,K18,力帆 K18,巡航,"￥10,800",
,国产,力帆,LF250-P,力帆 LF250-P,巡航,"￥16,800",
,国产,力帆,LF150-11V,力帆 LF150-11V,巡航,"￥8,000",
,国产,力帆,LF150-14V,力帆 LF150-14V,巡航,"￥8,816",
,,力帆,V600,力帆 V600,巡航,,
,国产,力帆,KPT400,力帆 KPT400,拉力,"￥29,980","￥32,980"
,国产,力帆,KPT200,力帆 KPT200,拉力,"￥12,980","￥14,980"
,国产,力帆,KPT239,力帆 KPT239,拉力,"￥12,980",
,国产,力帆,KPT191,力帆 KPT191,拉力,"￥12,680","￥13,680"
,,力帆,KPT500,力帆 KPT500,拉力,,
,国产,力帆,KPT150,力帆 KPT150,拉力,"￥12,980","￥14,580"
,国产,力帆,KP150 Mini,力帆 KP150 Mini,MINI,"￥8,980",
,国产,力帆,LF150GY-3C,力帆 LF150GY-3C,越野,"￥7,348",
,国产,力帆,LF250GY-2A,力帆 LF250GY-2A,越野,"￥9,980",
,,力帆,LF250GY-3,力帆 LF250GY-3,越野,,
,国产,力帆,超影LF110-26B,力帆 超影LF110-26B,弯梁,"￥5,500",
,国产,力帆,喜影LF125-8D,力帆 喜影LF125-8D,弯梁,"￥4,980",
,国产,力帆,智慧星LF110-7T,力帆 智慧星LF110-7T,弯梁,"￥3,936",
,国产,力帆,力帆星LF110-8T,力帆 力帆星LF110-8T,弯梁,"￥4,780",
,国产,力帆,炫影榜样LF110-11T,力帆 炫影榜样LF110-11T,弯梁,"￥5,293",
,国产,力帆,炫影风尚LF110-11T,力帆 炫影风尚LF110-11T,弯梁,"￥5,080",
,国产,力帆,炫影II LF110-26C,力帆 炫影II LF110-26C,弯梁,"￥5,663",
,,力箭,海盗 800 Two Round Version,力箭 海盗 800 Two Round Version,巡航,"￥49,800",
,,力箭,海盗300,力箭 海盗300,三轮,"￥28,000","￥32,800"
,,力箭,海盗800,力箭 海盗800,三轮,"￥69,800",
,,力箭,海盗300 多功能车,力箭 海盗300 多功能车,三轮,,
,,力箭,海盗500,力箭 海盗500,三轮,"￥42,800",
,,力箭,LJ200B,力箭 LJ200B,三轮,"￥10,980",
,,力刻,318 LK300T,力刻 318 LK300T,踏板,"￥22,980","￥23,980"
,,力刻,318 LK250T,力刻 318 LK250T,踏板,"￥18,680","￥21,680"
,,力刻,朱丽奥,力刻 朱丽奥,踏板,,
,,力刻,108及美,力刻 108及美,踏板,"￥7,880","￥9,800"
,,力刻,Gobi 150 戈壁,力刻 Gobi 150 戈壁,踏板,,
,,力刻,水冷150复古,力刻 水冷150复古,踏板,,
,,力刻,LK350T,力刻 LK350T,踏板,,
,,力腾动力,190轻奢踏板,力腾动力 190轻奢踏板,踏板,,
,,力腾动力,V560,力腾动力 V560,巡航,,
,,力腾动力,军刀190(多功能车),力腾动力 军刀190(多功能车),弯梁,,
,,力腾动力,军刀150,力腾动力 军刀150,弯梁,,
,,力腾动力,180边三轮,力腾动力 180边三轮,三轮,,
,,力腾动力,LT-700,力腾动力 LT-700,其他,,
,,力腾动力,ATV300,力腾动力 ATV300,其他,,
,,立田,T9,立田 T9,踏板,"￥9,380",
,,立田,T10,立田 T10,踏板,"￥9,880",
,,立田,LT125T-8H,立田 LT125T-8H,踏板,"￥5,800",
,,立田,LT125T-5H,立田 LT125T-5H,踏板,"￥5,280",
,,立田,猛士一代150,立田 猛士一代150,踏板,"￥7,980",
,,立田,猛士三代150,立田 猛士三代150,踏板,"￥8,680",
,,立田,JL125T-7F,立田 JL125T-7F,踏板,"￥6,580","￥6,880"
,,立雅,猛兽150,立雅 猛兽150,踏板,"￥7,980",
,,立雅,阿尔法150,立雅 阿尔法150,踏板,"￥7,680",
,,立雅,猛兽150X,立雅 猛兽150X,踏板,,
,,猎变,小肥鹅125,猎变 小肥鹅125,踏板,"￥7,970","￥10,700"
,,猎变,闪电狗150,猎变 闪电狗150,踏板,"￥12,970","￥13,970"
,,猎变,娅,猎变 娅,踏板,"￥8,970",
,,猎变,未命名车型2,猎变 未命名车型2,踏板,,
,,猎变,瑟,猎变 瑟,复古,"￥39,700",
,,猎变,未命名车型1,猎变 未命名车型1,复古,,
,,猎拓,250R,猎拓 250R,跑车,"￥18,800",
,国产,林海,福禧100,林海 福禧100,踏板,"￥6,200",
,国产,林海,U扬,林海 U扬,踏板,"￥6,180",
,国产,林海,蓝钻LH125T-18,林海 蓝钻LH125T-18,踏板,"￥5,400",
,国产,林海,V影LH100T-11,林海 V影LH100T-11,踏板,"￥5,600",
,国产,林海,娇格LH110T-5,林海 娇格LH110T-5,踏板,"￥4,450",
,国产,林海,小金钢LH 110T,林海 小金钢LH 110T,踏板,"￥6,180",
,国产,林海,启程LH100T-19,林海 启程LH100T-19,踏板,"￥4,800",
,国产,林海,极光LH125T-C,林海 极光LH125T-C,踏板,"￥9,400",
,国产,林海,LH400T-B,林海 LH400T-B,踏板,"￥26,500",
,国产,林海,V火LH100T-11,林海 V火LH100T-11,踏板,"￥6,500",
,国产,林海,LYM110-2,林海 LYM110-2,踏板,"￥5,800",
,国产,林海,格格,林海 格格,踏板,"￥5,980",
,国产,林海,Force 领程,林海 Force 领程,踏板,"￥12,800","￥14,800"
,,林海,四代目,林海 四代目,踏板,,
,国产,林海,雅格,林海 雅格,踏板,"￥6,180",
,国产,林海,V舞,林海 V舞,踏板,"￥5,680","￥5,780"
,国产,林海,V驰,林海 V驰,踏板,"￥6,580",
,国产,林海,小四代目,林海 小四代目,踏板,"￥6,380",
,国产,林海,战影,林海 战影,踏板,"￥6,480",
,国产,林海,福缘,林海 福缘,踏板,"￥6,180",
,国产,林海,新雅格,林海 新雅格,踏板,"￥6,280",
,国产,林海,五代目,林海 五代目,踏板,"￥10,800",
,国产,林海,雄鹿 150,林海 雄鹿 150,踏板,"￥13,800","￥15,800"
,国产,林海,探路者150,林海 探路者150,踏板,"￥14,580",
,国产,林海,L-MAX,林海 L-MAX,踏板,"￥14,880",
,国产,林海,米兰阳光,林海 米兰阳光,踏板,"￥12,980",
,国产,林海,LH125T-9,林海 LH125T-9,踏板,"￥7,980",
,国产,林海,Trinity 150,林海 Trinity 150,三轮,"￥23,800",
,,林海,ATV 200-D,林海 ATV 200-D,其他,,
,,林海,ATV 300-D,林海 ATV 300-D,其他,,
,,林海,ATV 400-D,林海 ATV 400-D,其他,,
,,林海,ATV 500,林海 ATV 500,其他,,
,,林海,M 150,林海 M 150,其他,,
,,林海,M 550,林海 M 550,其他,,
,,林海,T-Boss 410,林海 T-Boss 410,其他,,
,,林海,T-Boss 550,林海 T-Boss 550,其他,,
日本,进口,铃木,GSX-8S,铃木 GSX-8S,街车,"￥99,800",
日本,进口,铃木,SV650,铃木 SV650,街车,"￥85,800","￥92,800"
日本,进口,铃木,SFV650 Gladius,铃木 SFV650 Gladius,街车,"￥98,000",
日本,进口,铃木,GSX-S1000,铃木 GSX-S1000,街车,"￥155,800","￥203,925"
日本,进口,铃木,GSX1300B-King,铃木 GSX1300B-King,街车,"￥190,000",
日本,进口,铃木,GSX-S 1000F,铃木 GSX-S 1000F,街车,"￥155,800",
日本,进口,铃木,V-Strom 650,铃木 V-Strom 650,拉力,"￥109,800","￥114,800"
日本,进口,铃木,V-Strom 1050,铃木 V-Strom 1050,拉力,"￥156,800",
日本,进口,铃木,V-Strom 800,铃木 V-Strom 800,拉力,"￥119,800",
日本,进口,铃木,V-Strom 1000,铃木 V-Strom 1000,拉力,"￥173,800",
日本,进口,铃木,DR 650S,铃木 DR 650S,拉力,"￥44,300",
日本,进口,铃木,DR 200S,铃木 DR 200S,拉力,"￥31,200",
日本,进口,铃木,DR-Z 400S,铃木 DR-Z 400S,拉力,"￥45,300",
日本,进口,铃木,GSX-R 600,铃木 GSX-R 600,跑车,"￥158,000","￥165,000"
日本,进口,铃木,GSX-R 750,铃木 GSX-R 750,跑车,,
日本,进口,铃木,Burgman 650 Executive,铃木 Burgman 650 Executive,踏板,"￥150,000",
,,铃木,隼 GSX 1300R Hayabusa,铃木 隼 GSX 1300R Hayabusa,跑车,,
,,铃木,GSX-R1000R,铃木 GSX-R1000R,跑车,,
,,铃木,GSX 650F,铃木 GSX 650F,跑车,,
,,铃木,GSX 1250FA,铃木 GSX 1250FA,跑车,,
,,铃木,GSX-R 125,铃木 GSX-R 125,跑车,,
,,铃木,GSX-R 125 Sports Pack,铃木 GSX-R 125 Sports Pack,跑车,,
,,铃木,GSX-R150(海外),铃木 GSX-R150(海外),跑车,,
,,铃木,RG500,铃木 RG500,跑车,,
,,铃木,Gixxer SF 250,铃木 Gixxer SF 250,跑车,,
,,铃木,GSX-R 1000,铃木 GSX-R 1000,跑车,,
,,铃木,GSX-R 1000 Mat Mladin Replica,铃木 GSX-R 1000 Mat Mladin Replica,跑车,,
,,铃木,GSX-R 1000Z Limited Edition,铃木 GSX-R 1000Z Limited Edition,跑车,,
,,铃木,GSX-R 1000 Matte Black Limited Edition,铃木 GSX-R 1000 Matte Black Limited Edition,跑车,,
,,铃木,GSX-R 1000 Phantom.,铃木 GSX-R 1000 Phantom.,跑车,,
,,铃木,GSX-R 1000 Yoshimura,铃木 GSX-R 1000 Yoshimura,跑车,,
,,铃木,GSX-R 1000 Special Edition,铃木 GSX-R 1000 Special Edition,跑车,,
,,铃木,GSX-R 1000 Akrapovic,铃木 GSX-R 1000 Akrapovic,跑车,,
,,铃木,GSX-R 1000 Limited Edition,铃木 GSX-R 1000 Limited Edition,跑车,,
,,铃木,GSX-R 1000 Moto GP Replica,铃木 GSX-R 1000 Moto GP Replica,跑车,,
,,铃木,GSX-R 1000 Donald and Bruce Anstey TT Replica,铃木 GSX-R 1000 Donald and Bruce Anstey TT Replica,跑车,,
,,铃木,GSX-R 1000Z 25th Anniversary,铃木 GSX-R 1000Z 25th Anniversary,跑车,,
,,铃木,GSX-R 1000 Alstare Limited Edition,铃木 GSX-R 1000 Alstare Limited Edition,跑车,,
,,铃木,GSX-R 1000 Yoshimura Limited Edition,铃木 GSX-R 1000 Yoshimura Limited Edition,跑车,,
,,铃木,GSX-R 1000 Commemorative Edition,铃木 GSX-R 1000 Commemorative Edition,跑车,,
,,铃木,GSX-R 1000 SERT Limited Edition,铃木 GSX-R 1000 SERT Limited Edition,跑车,,
,,铃木,GSX-R 1000 SE,铃木 GSX-R 1000 SE,跑车,,
,,铃木,GSX-R 1000 Voltcom Crescent WSBK Replica,铃木 GSX-R 1000 Voltcom Crescent WSBK Replica,跑车,,
,,铃木,GSX-R 1000 Pepsi GP Edition,铃木 GSX-R 1000 Pepsi GP Edition,跑车,,
,,铃木,GSX-R 1000R Moto GP Replica,铃木 GSX-R 1000R Moto GP Replica,跑车,,
,,铃木,GSX-R 1000R Team Classic Suzuki Replica,铃木 GSX-R 1000R Team Classic Suzuki Replica,跑车,,
,,铃木,GSX-R1000R Buildbase Suzuki BSB Replica L.E.,铃木 GSX-R1000R Buildbase Suzuki BSB Replica L.E.,跑车,,
,,铃木,GSX-R 1100G,铃木 GSX-R 1100G,跑车,,
,,铃木,GSX-R 1100J,铃木 GSX-R 1100J,跑车,,
,,铃木,GSX-R 1100,铃木 GSX-R 1100,跑车,,
,,铃木,RG 150,铃木 RG 150,跑车,,
,,铃木,RG 400,铃木 RG 400,跑车,,
,,铃木,RGV 250SP Pepsi Replica,铃木 RGV 250SP Pepsi Replica,跑车,,
,,铃木,SV 1000S,铃木 SV 1000S,跑车,,
,,铃木,SV 1000SZ Special Edition,铃木 SV 1000SZ Special Edition,跑车,,
,,铃木,TL 1000R,铃木 TL 1000R,跑车,,
,,铃木,TL 1000S,铃木 TL 1000S,跑车,,
,,铃木,GSX-R 600 Telefonica Replica,铃木 GSX-R 600 Telefonica Replica,跑车,,
,,铃木,GSX-R 600 TT Limited Edition,铃木 GSX-R 600 TT Limited Edition,跑车,,
,,铃木,GSX-R 600 SE,铃木 GSX-R 600 SE,跑车,,
,,铃木,GSX-R 600 Donald and Bruce Anstey TT Replica,铃木 GSX-R 600 Donald and Bruce Anstey TT Replica,跑车,,
,,铃木,GSX-R 600 Yoshimura,铃木 GSX-R 600 Yoshimura,跑车,,
,,铃木,GSX-R 600 Schwantz Limited Edition,铃木 GSX-R 600 Schwantz Limited Edition,跑车,,
,,铃木,GSX-R 600 Tyco Race Replica,铃木 GSX-R 600 Tyco Race Replica,跑车,,
,,铃木,GSX-R 750G,铃木 GSX-R 750G,跑车,,
,,铃木,GSX-R 750J Slingshot,铃木 GSX-R 750J Slingshot,跑车,,
,,铃木,GSX-R 750RR Limited Edition,铃木 GSX-R 750RR Limited Edition,跑车,,
,,铃木,GSX-R 750L,铃木 GSX-R 750L,跑车,,
,,铃木,GSX-R 750WN,铃木 GSX-R 750WN,跑车,,
,,铃木,GSX-R 750WP,铃木 GSX-R 750WP,跑车,,
,,铃木,GSX-R 750WR,铃木 GSX-R 750WR,跑车,,
,,铃木,GSX-R 750WR SP,铃木 GSX-R 750WR SP,跑车,,
,,铃木,GSX-R 750T SRAD,铃木 GSX-R 750T SRAD,跑车,,
,,铃木,GSX-R 750V SRAD,铃木 GSX-R 750V SRAD,跑车,,
,,铃木,GSX-R 750W Injec,铃木 GSX-R 750W Injec,跑车,,
,,铃木,GSX-R 750Y,铃木 GSX-R 750Y,跑车,,
,,铃木,GSX-R 750 Barry Sheene Replica,铃木 GSX-R 750 Barry Sheene Replica,跑车,,
,,铃木,GSX-R 750 TT Limited Edition,铃木 GSX-R 750 TT Limited Edition,跑车,,
,,铃木,GSX-R 750 Limited Edition,铃木 GSX-R 750 Limited Edition,跑车,,
,,铃木,GSX-R 750 Lucky Strike Replica,铃木 GSX-R 750 Lucky Strike Replica,跑车,,
,,铃木,GSX-R 750 Relentless Replica,铃木 GSX-R 750 Relentless Replica,跑车,,
,,铃木,GSX-R 750 Yoshimura,铃木 GSX-R 750 Yoshimura,跑车,,
,,铃木,GSX-R 750 Sheene Limited Edition,铃木 GSX-R 750 Sheene Limited Edition,跑车,,
,,铃木,GSX-R 750 30th Anniversary Commemorative Edition,铃木 GSX-R 750 30th Anniversary Commemorative Edition,跑车,,
,,铃木,GSX-8R,铃木 GSX-8R,跑车,,
日本,进口,铃木,Burgman 650,铃木 Burgman 650,踏板,"￥149,000","￥176,800"
,,铃木,GSX-S 750,铃木 GSX-S 750,街车,,
日本,进口,铃木,Boulevard M109R,铃木 Boulevard M109R,巡航,"￥239,800",
,,铃木,GSR750,铃木 GSR750,街车,,
,,铃木,GSX 150 Bandit,铃木 GSX 150 Bandit,街车,,
,,铃木,GSX-S 750,铃木 GSX-S 750,街车,,
,,铃木,GSX-S 1000Z,铃木 GSX-S 1000Z,街车,,
,,铃木,SV 650 Rally Concept,铃木 SV 650 Rally Concept,街车,,
,,铃木,GSX-S1000S Katana,铃木 GSX-S1000S Katana,街车,,
,,铃木,GN250,铃木 GN250,街车,,
,,铃木,GSR600,铃木 GSR600,街车,,
,,铃木,GSX-S 150,铃木 GSX-S 150,街车,,
,,铃木,Hayate,铃木 Hayate,街车,,
,,铃木,GS150R,铃木 GS150R,街车,,
,,铃木,SlingShot Plus,铃木 SlingShot Plus,街车,,
,,铃木,GSR 250,铃木 GSR 250,街车,,
,,铃木,GSX 750,铃木 GSX 750,街车,,
,,铃木,SV 650 SA ABS,铃木 SV 650 SA ABS,街车,,
,,铃木,GSX-1250SE,铃木 GSX-1250SE,街车,,
,,铃木,GSX-S750A,铃木 GSX-S750A,街车,,
,,铃木,GSX-650F,铃木 GSX-650F,街车,,
,,铃木,lGSX-R 1000 Isle of Man Centenary Special,铃木 lGSX-R 1000 Isle of Man Centenary Special,街车,,
,,铃木,GSX-R 1100H,铃木 GSX-R 1100H,街车,,
,,铃木,GSX-R 1100K,铃木 GSX-R 1100K,街车,,
,,铃木,GSX-R 1100L,铃木 GSX-R 1100L,街车,,
,,铃木,GSX-R 1100M,铃木 GSX-R 1100M,街车,,
,,铃木,GSX-R 1100N,铃木 GSX-R 1100N,街车,,
,,铃木,GSX-R 1100W,铃木 GSX-R 1100W,街车,,
,,铃木,LS 400 Savage,铃木 LS 400 Savage,街车,,
,,铃木,NZ 250S,铃木 NZ 250S,街车,,
,,铃木,RE 5,铃木 RE 5,街车,,
,,铃木,RF 400R,铃木 RF 400R,街车,,
,,铃木,RF 600R,铃木 RF 600R,街车,,
,,铃木,RF 900R,铃木 RF 900R,街车,,
,,铃木,RF 900RS2,铃木 RF 900RS2,街车,,
,,铃木,RG 125,铃木 RG 125,街车,,
,,铃木,RG 125 Gamma,铃木 RG 125 Gamma,街车,,
,,铃木,RG 125F Gamma,铃木 RG 125F Gamma,街车,,
,,铃木,RG 125FU-R Gamma,铃木 RG 125FU-R Gamma,街车,,
,,铃木,RG 125U Wolf,铃木 RG 125U Wolf,街车,,
,,铃木,RG 185,铃木 RG 185,街车,,
,,铃木,RG 200 Gamma,铃木 RG 200 Gamma,街车,,
,,铃木,RG 200U Wolf,铃木 RG 200U Wolf,街车,,
,,铃木,RG 250,铃木 RG 250,街车,,
,,铃木,RG 250E,铃木 RG 250E,街车,,
,,铃木,RG 250 Gamma,铃木 RG 250 Gamma,街车,,
,,铃木,RG 250 Gamma Walter Wolf,铃木 RG 250 Gamma Walter Wolf,街车,,
,,铃木,RG 250TV Wolf,铃木 RG 250TV Wolf,街车,,
,,铃木,RG 400 Walter Wolf,铃木 RG 400 Walter Wolf,街车,,
,,铃木,RG 500,铃木 RG 500,街车,,
,,铃木,RGV 250,铃木 RGV 250,街车,,
,,铃木,RGV 250SP,铃木 RGV 250SP,街车,,
,,铃木,RGV 250 Pepsi Replica,铃木 RGV 250 Pepsi Replica,街车,,
,,铃木,RGV 250R,铃木 RGV 250R,街车,,
,,铃木,RSV 250SP,铃木 RSV 250SP,街车,,
,,铃木,RGV 250SP Lucky Strike S.E.,铃木 RGV 250SP Lucky Strike S.E.,街车,,
,,铃木,GSX 250E,铃木 GSX 250E,街车,,
,,铃木,GSX 250F Across,铃木 GSX 250F Across,街车,,
,,铃木,GSX 250FX,铃木 GSX 250FX,街车,,
,,铃木,GSX 250L,铃木 GSX 250L,街车,,
,,铃木,GSX 250S Katana,铃木 GSX 250S Katana,街车,,
,,铃木,GSX 250T,铃木 GSX 250T,街车,,
,,铃木,GSX 400 Inazuma,铃木 GSX 400 Inazuma,街车,,
,,铃木,GSX 400E,铃木 GSX 400E,街车,,
,,铃木,GSX 400E-D,铃木 GSX 400E-D,街车,,
,,铃木,GSX 400E-L,铃木 GSX 400E-L,街车,,
,,铃木,GSX 400E-S,铃木 GSX 400E-S,街车,,
,,铃木,GSX 400F Katana,铃木 GSX 400F Katana,街车,,
,,铃木,GSX 400FW,铃木 GSX 400FW,街车,,
,,铃木,GSX 400F,铃木 GSX 400F,街车,,
,,铃木,GSX 400F Impulse,铃木 GSX 400F Impulse,街车,,
,,铃木,GSX 400S Impulse,铃木 GSX 400S Impulse,街车,,
,,铃木,GSX 400S Katana,铃木 GSX 400S Katana,街车,,
,,铃木,GSX 400X Impulse,铃木 GSX 400X Impulse,街车,,
,,铃木,GSX 550E,铃木 GSX 550E,街车,,
,,铃木,GSX 550ES,铃木 GSX 550ES,街车,,
,,铃木,GSX 550EF,铃木 GSX 550EF,街车,,
,,铃木,GSX 600F,铃木 GSX 600F,街车,,
,,铃木,GSX 600F Katana,铃木 GSX 600F Katana,街车,,
,,铃木,GSX 750E,铃木 GSX 750E,街车,,
,,铃木,GSX 750EF,铃木 GSX 750EF,街车,,
,,铃木,GSX 750ES,铃木 GSX 750ES,街车,,
,,铃木,GSX 750S Katana,铃木 GSX 750S Katana,街车,,
,,铃木,GSX 750SD Katana,铃木 GSX 750SD Katana,街车,,
,,铃木,GSX 750S3 Katana,铃木 GSX 750S3 Katana,街车,,
,,铃木,GSX 750SF Katana,铃木 GSX 750SF Katana,街车,,
,,铃木,GSX 750F Katana,铃木 GSX 750F Katana,街车,,
,,铃木,GSX 750 Inazuma,铃木 GSX 750 Inazuma,街车,,
,,铃木,RH 200,铃木 RH 200,街车,,
,,铃木,RV 125 Bambang,铃木 RV 125 Bambang,街车,,
,,铃木,RV 125 VanVan,铃木 RV 125 VanVan,街车,,
,,铃木,125 VanVan,铃木 125 VanVan,街车,,
,,铃木,RV 200 VanVan,铃木 RV 200 VanVan,街车,,
,,铃木,SFV 650 Gladius,铃木 SFV 650 Gladius,街车,,
,,铃木,SFV 650 Gladius Black Edition,铃木 SFV 650 Gladius Black Edition,街车,,
,,铃木,SFV 650 G,铃木 SFV 650 G,街车,,
,,铃木,SFV 650 Gladius Sport,铃木 SFV 650 Gladius Sport,街车,,
,,铃木,SFV 650 Gladius Barry Sheene Limited Edition,铃木 SFV 650 Gladius Barry Sheene Limited Edition,街车,,
,,铃木,SFV 650 Gladius Trophy Replica,铃木 SFV 650 Gladius Trophy Replica,街车,,
,,铃木,SlingShot 125,铃木 SlingShot 125,街车,,
,,铃木,SG 250N Goose,铃木 SG 250N Goose,街车,,
,,铃木,SG 350N G,铃木 SG 350N G,街车,,
,,铃木,SP 200,铃木 SP 200,街车,,
,,铃木,SP 250,铃木 SP 250,街车,,
,,铃木,SP 600,铃木 SP 600,街车,,
,,铃木,ST 250,铃木 ST 250,街车,,
,,铃木,ST 250E,铃木 ST 250E,街车,,
,,铃木,SV 400,铃木 SV 400,街车,,
,,铃木,SV 650S,铃木 SV 650S,街车,,
,,铃木,SV 650 Scrambler,铃木 SV 650 Scrambler,街车,,
,,铃木,SV 1000,铃木 SV 1000,街车,,
,,铃木,SW1,铃木 SW1,街车,,
,,铃木,SX 125R,铃木 SX 125R,街车,,
,,铃木,SX 200R,铃木 SX 200R,街车,,
,,铃木,Boulevard S50,铃木 Boulevard S50,街车,,
,,铃木,Colleda CO,铃木 Colleda CO,街车,,
,,铃木,Colleda COX,铃木 Colleda COX,街车,,
,,铃木,V-Strom DL 650,铃木 V-Strom DL 650,街车,,
,,铃木,V-Strom DL 650 Touring,铃木 V-Strom DL 650 Touring,街车,,
,,铃木,V-Strom DL 650XP,铃木 V-Strom DL 650XP,街车,,
,,铃木,DL 650 V-Strom 'Voyager' Pack,铃木 DL 650 V-Strom 'Voyager' Pack,街车,,
,,铃木,V-Strom 1000 Adventure,铃木 V-Strom 1000 Adventure,街车,,
,,铃木,V-Strom DL 1000 Desert Edition,铃木 V-Strom DL 1000 Desert Edition,街车,,
,,铃木,GSX 1100E,铃木 GSX 1100E,街车,,
,,铃木,GSX 1100EF,铃木 GSX 1100EF,街车,,
,,铃木,GSX 1100ES,铃木 GSX 1100ES,街车,,
,,铃木,GSX 1100F Katana,铃木 GSX 1100F Katana,街车,,
,,铃木,GSX 1100G,铃木 GSX 1100G,街车,,
,,铃木,GSX 1100L,铃木 GSX 1100L,街车,,
,,铃木,GSX 1100S Katana Final Edition,铃木 GSX 1100S Katana Final Edition,街车,,
,,铃木,GSX 1200 Inazuma,铃木 GSX 1200 Inazuma,街车,,
,,铃木,GSX 1250 FA Traveler,铃木 GSX 1250 FA Traveler,街车,,
,,铃木,GSX 1250 FA-Z Special Edition,铃木 GSX 1250 FA-Z Special Edition,街车,,
,,铃木,GSX 1300 B-King Prototype,铃木 GSX 1300 B-King Prototype,街车,,
,,铃木,GSX 1300 B-King,铃木 GSX 1300 B-King,街车,,
,,铃木,GSX 1300 B,铃木 GSX 1300 B,街车,,
,,铃木,GSX 1300 B-King Hamamatsu Hyaku Limited Edition,铃木 GSX 1300 B-King Hamamatsu Hyaku Limited Edition,街车,,
,,铃木,GSX 1400,铃木 GSX 1400,街车,,
,,铃木,GSX 1400Z,铃木 GSX 1400Z,街车,,
,,铃木,GF 250,铃木 GF 250,街车,,
,,铃木,GF 250F Special Edition,铃木 GF 250F Special Edition,街车,,
,,铃木,GF 250S,铃木 GF 250S,街车,,
,,铃木,GN 125,铃木 GN 125,街车,,
,,铃木,GN 125E,铃木 GN 125E,街车,,
,,铃木,GN 250,铃木 GN 250,街车,,
,,铃木,GN 250E,铃木 GN 250E,街车,,
,,铃木,GN 250ET,铃木 GN 250ET,街车,,
,,铃木,GN 400E,铃木 GN 400E,街车,,
,,铃木,GP 125,铃木 GP 125,街车,,
,,铃木,GS 125E,铃木 GS 125E,街车,,
,,铃木,GS 125ES,铃木 GS 125ES,街车,,
,,铃木,GS 125R,铃木 GS 125R,街车,,
,,铃木,GS 125S,铃木 GS 125S,街车,,
,,铃木,GS 250,铃木 GS 250,街车,,
,,铃木,GS 250FW,铃木 GS 250FW,街车,,
,,铃木,GS 400,铃木 GS 400,街车,,
,,铃木,GS 400E,铃木 GS 400E,街车,,
,,铃木,GS 400S,铃木 GS 400S,街车,,
,,铃木,GS 425,铃木 GS 425,街车,,
,,铃木,GS 425E,铃木 GS 425E,街车,,
,,铃木,GS 450GA Automatic,铃木 GS 450GA Automatic,街车,,
,,铃木,GS 450E,铃木 GS 450E,街车,,
,,铃木,GS 450L,铃木 GS 450L,街车,,
,,铃木,GS 450S,铃木 GS 450S,街车,,
,,铃木,GS 450T,铃木 GS 450T,街车,,
,,铃木,GS 500E,铃木 GS 500E,街车,,
,,铃木,GS 550,铃木 GS 550,街车,,
,,铃木,GS 550E,铃木 GS 550E,街车,,
,,铃木,GS 550L,铃木 GS 550L,街车,,
,,铃木,GS 550M Katana,铃木 GS 550M Katana,街车,,
,,铃木,GS 650E,铃木 GS 650E,街车,,
,,铃木,GS 650G Katana,铃木 GS 650G Katana,街车,,
,,铃木,GS 650GL,铃木 GS 650GL,街车,,
,,铃木,GS 650GT,铃木 GS 650GT,街车,,
,,铃木,GS 700ES,铃木 GS 700ES,街车,,
,,铃木,GS 750,铃木 GS 750,街车,,
,,铃木,GS 750E,铃木 GS 750E,街车,,
,,铃木,GS 750EZ,铃木 GS 750EZ,街车,,
,,铃木,GS 750G,铃木 GS 750G,街车,,
,,铃木,GS 750GL,铃木 GS 750GL,街车,,
,,铃木,GS 750L,铃木 GS 750L,街车,,
,,铃木,GS 750TZ,铃木 GS 750TZ,街车,,
,,铃木,GS 850G,铃木 GS 850G,街车,,
,,铃木,GS 850GL,铃木 GS 850GL,街车,,
,,铃木,GS 1000E,铃木 GS 1000E,街车,,
,,铃木,GS 1000G,铃木 GS 1000G,街车,,
,,铃木,GS 1000L,铃木 GS 1000L,街车,,
,,铃木,GS 1000S,铃木 GS 1000S,街车,,
,,铃木,GS 1100G,铃木 GS 1100G,街车,,
,,铃木,GS 1100GL,铃木 GS 1100GL,街车,,
,,铃木,GS 1100GK,铃木 GS 1100GK,街车,,
,,铃木,GS 1200SS,铃木 GS 1200SS,街车,,
,,铃木,GSX-S 1000 Special Edition,铃木 GSX-S 1000 Special Edition,街车,,
,,铃木,GSX-S 1000 Phantom Special Edition,铃木 GSX-S 1000 Phantom Special Edition,街车,,
,,铃木,GSX-S 1000 Team,铃木 GSX-S 1000 Team,街车,,
日本,进口,铃木,Boulevard C50T,铃木 Boulevard C50T,巡航,"￥128,000",
,,铃木,GSX-S 1000F Special Edition,铃木 GSX-S 1000F Special Edition,街车,,
,,铃木,GSX-S 1000F Yoshimura Special Edition,铃木 GSX-S 1000F Yoshimura Special Edition,街车,,
,,铃木,GT 125M,铃木 GT 125M,街车,,
,,铃木,GT 250,铃木 GT 250,街车,,
,,铃木,GT 250 X7,铃木 GT 250 X7,街车,,
,,铃木,GT 380J,铃木 GT 380J,街车,,
,,铃木,GT 380K,铃木 GT 380K,街车,,
,,铃木,GT 380L,铃木 GT 380L,街车,,
,,铃木,GT 380M,铃木 GT 380M,街车,,
,,铃木,GT 380A,铃木 GT 380A,街车,,
,,铃木,GT 380B,铃木 GT 380B,街车,,
,,铃木,GT 380C,铃木 GT 380C,街车,,
,,铃木,GT 500,铃木 GT 500,街车,,
,,铃木,GT 550J,铃木 GT 550J,街车,,
,,铃木,GT 550K,铃木 GT 550K,街车,,
,,铃木,GT 750,铃木 GT 750,街车,,
,,铃木,GV 700 Madura,铃木 GV 700 Madura,街车,,
,,铃木,GV 1200GLF Madura,铃木 GV 1200GLF Madura,街车,,
,,铃木,GV 1400LXE Cavalcade,铃木 GV 1400LXE Cavalcade,街车,,
,,铃木,GW 250 Inazuma,铃木 GW 250 Inazuma,街车,,
,,铃木,GW 400 Inazuma,铃木 GW 400 Inazuma,街车,,
,,铃木,GZ 125 Marauder,铃木 GZ 125 Marauder,街车,,
,,铃木,GZ 125LC Marauder,铃木 GZ 125LC Marauder,街车,,
,,铃木,GZ 250 Marauder,铃木 GZ 250 Marauder,街车,,
,,铃木,Intruder 150FI-SP,铃木 Intruder 150FI-SP,街车,,
,,铃木,T 125 II Stinger,铃木 T 125 II Stinger,街车,,
,,铃木,T 500K/L,铃木 T 500K/L,街车,,
,,铃木,T 500M,铃木 T 500M,街车,,
,,铃木,TF 125,铃木 TF 125,街车,,
,,铃木,TS 185 Sierra,铃木 TS 185 Sierra,街车,,
,,铃木,TS 185B,铃木 TS 185B,街车,,
,,铃木,TS 185ER,铃木 TS 185ER,街车,,
,,铃木,TS 250,铃木 TS 250,街车,,
,,铃木,TS 400 Apache / Hustler,铃木 TS 400 Apache / Hustler,街车,,
,,铃木,VL 125LC Intruder,铃木 VL 125LC Intruder,街车,,
,,铃木,VL 1500LC Intruder,铃木 VL 1500LC Intruder,街车,,
,,铃木,VL 1500LC Intruder S.E.,铃木 VL 1500LC Intruder S.E.,街车,,
,,铃木,VS 600GL Intruder,铃木 VS 600GL Intruder,街车,,
,,铃木,VS 700GL Intruder,铃木 VS 700GL Intruder,街车,,
,,铃木,VS 750GL Intruder,铃木 VS 750GL Intruder,街车,,
,,铃木,VS 800GL Intruder,铃木 VS 800GL Intruder,街车,,
,,铃木,VS 1400GL Intruder,铃木 VS 1400GL Intruder,街车,,
,,铃木,VX 800 Highlander,铃木 VX 800 Highlander,街车,,
,,铃木,XF 650 Freewind,铃木 XF 650 Freewind,街车,,
,,铃木,XN 85D Turbo,铃木 XN 85D Turbo,街车,,
,,铃木,Across,铃木 Across,街车,,
,,铃木,GSF 250 Bandit,铃木 GSF 250 Bandit,街车,,
,,铃木,GSF 250 Bandit Limited,铃木 GSF 250 Bandit Limited,街车,,
,,铃木,GSF 250 V Bandit,铃木 GSF 250 V Bandit,街车,,
,,铃木,GSF 400 Bandit,铃木 GSF 400 Bandit,街车,,
,,铃木,GSF 400 Bandit V Limited,铃木 GSF 400 Bandit V Limited,街车,,
,,铃木,GSF 400P,铃木 GSF 400P,街车,,
,,铃木,GSF 600N Bandit,铃木 GSF 600N Bandit,街车,,
,,铃木,GSF 600S Bandit,铃木 GSF 600S Bandit,街车,,
,,铃木,GSF 650N Bandit,铃木 GSF 650N Bandit,街车,,
,,铃木,GSF 650S Bandit,铃木 GSF 650S Bandit,街车,,
,,铃木,GSF 650SA Bandit,铃木 GSF 650SA Bandit,街车,,
,,铃木,GSF 1200GT Bandit,铃木 GSF 1200GT Bandit,街车,,
,,铃木,GSF 1200N Bandit ABS,铃木 GSF 1200N Bandit ABS,街车,,
,,铃木,GSF 1200S Bandit,铃木 GSF 1200S Bandit,街车,,
,,铃木,GSF 1200S Bandit ABS,铃木 GSF 1200S Bandit ABS,街车,,
,,铃木,GSF 1200SZ Bandit Limited Edition,铃木 GSF 1200SZ Bandit Limited Edition,街车,,
,,铃木,GSF 1250 Bandit,铃木 GSF 1250 Bandit,街车,,
,,铃木,GSF 1250S Bandit,铃木 GSF 1250S Bandit,街车,,
,,铃木,GSF 1250GT Bandit,铃木 GSF 1250GT Bandit,街车,,
,,铃木,GSF 1250S Bandit Touring,铃木 GSF 1250S Bandit Touring,街车,,
,,铃木,GSF 1250S Bandit Limited Edition,铃木 GSF 1250S Bandit Limited Edition,街车,,
,,铃木,GSR 400 ABS,铃木 GSR 400 ABS,街车,,
,,铃木,GSR 600,铃木 GSR 600,街车,,
,,铃木,GSR 600 Yoshimura edition,铃木 GSR 600 Yoshimura edition,街车,,
,,铃木,GSR 750,铃木 GSR 750,街车,,
,,铃木,GSR 750Z Special Edition,铃木 GSR 750Z Special Edition,街车,,
,,铃木,GSR 750 Yoshimura Special Edition,铃木 GSR 750 Yoshimura Special Edition,街车,,
,,铃木,GSX-R 250,铃木 GSX-R 250,街车,,
,,铃木,GSX-R 250R-SP,铃木 GSX-R 250R-SP,街车,,
,,铃木,GSX-R 250R,铃木 GSX-R 250R,街车,,
,,铃木,GSX-R 400,铃木 GSX-R 400,街车,,
,,铃木,GSX-R 400R,铃木 GSX-R 400R,街车,,
,,铃木,GSX-R 400R SP,铃木 GSX-R 400R SP,街车,,
,,铃木,GSX-R 400R-SPII,铃木 GSX-R 400R-SPII,街车,,
,,铃木,GSXR-R750 20th Anniversary,铃木 GSXR-R750 20th Anniversary,街车,,
,,铃木,DR 350S,铃木 DR 350S,街车,,
,,铃木,DR 650RS,铃木 DR 650RS,街车,,
,,铃木,DR 650RSE,铃木 DR 650RSE,街车,,
,,铃木,DR 750S Big,铃木 DR 750S Big,街车,,
,,铃木,DR 800S Big,铃木 DR 800S Big,街车,,
,,铃木,DR-Z 400E,铃木 DR-Z 400E,街车,,
,,铃木,A 50 P,铃木 A 50 P,街车,,
,,铃木,A 80,铃木 A 80,街车,,
,,铃木,A 95,铃木 A 95,街车,,
,,铃木,A 100,铃木 A 100,街车,,
,,铃木,AC 50 Colt,铃木 AC 50 Colt,街车,,
,,铃木,AS 50 Maverick,铃木 AS 50 Maverick,街车,,
,,铃木,B 120,铃木 B 120,街车,,
,,铃木,Boulevard C50 Black Edition,铃木 Boulevard C50 Black Edition,街车,,
,,铃木,Gixxer 250,铃木 Gixxer 250,街车,,
,,铃木,GSX-S950,铃木 GSX-S950,街车,,
,,铃木,Burgman 200,铃木 Burgman 200,踏板,,
,,铃木,Access 125,铃木 Access 125,踏板,,
,,铃木,Swish,铃木 Swish,踏板,,
,,铃木,Burgman 400,铃木 Burgman 400,踏板,,
,,铃木,Burgman 125,铃木 Burgman 125,踏板,,
,,铃木,Address 110,铃木 Address 110,踏板,,
,,铃木,Gemma 250,铃木 Gemma 250,踏板,,
,,铃木,Saluto 125,铃木 Saluto 125,踏板,,
,,铃木,SV 650X Concept,铃木 SV 650X Concept,复古,,
,,铃木,VanVan 200,铃木 VanVan 200,复古,,
,,铃木,GS 500F,铃木 GS 500F,复古,,
日本,进口,铃木,Intruder M109R,铃木 Intruder M109R,巡航,"￥219,800",
日本,进口,铃木,DR-Z 400S,铃木 DR-Z 400S,越野,"￥45,300",
,,铃木,Boulevard M50,铃木 Boulevard M50,巡航,,
,,铃木,Boulevard M90,铃木 Boulevard M90,巡航,,
,,铃木,Boulevard M109R BOOS,铃木 Boulevard M109R BOOS,巡航,,
,,铃木,Boulevard S40,铃木 Boulevard S40,巡航,,
,,铃木,Intruder M1500,铃木 Intruder M1500,巡航,,
日本,进口,铃木,DR-Z 400SM,铃木 DR-Z 400SM,越野,"￥49,400",
,,铃木,LS 650 Savage,铃木 LS 650 Savage,巡航,,
,,铃木,LS 650 P Savage,铃木 LS 650 P Savage,巡航,,
,,铃木,Boulevard M109R Limited Edition,铃木 Boulevard M109R Limited Edition,巡航,,
,,铃木,Intruder 150,铃木 Intruder 150,巡航,,
,,铃木,Intruder C800,铃木 Intruder C800,巡航,,
,,铃木,Intruder C800 Limited Edition,铃木 Intruder C800 Limited Edition,巡航,,
,,铃木,Intrudee C800,铃木 Intrudee C800,巡航,,
,,铃木,Intruder C1800,铃木 Intruder C1800,巡航,,
,,铃木,Intruder C1800RT Limited Edition,铃木 Intruder C1800RT Limited Edition,巡航,,
,,铃木,Intruder M800,铃木 Intruder M800,巡航,,
,,铃木,Intruder 250LC,铃木 Intruder 250LC,巡航,,
,,铃木,Boulevard C50,铃木 Boulevard C50,巡航,,
,,铃木,Boulevard C50SE,铃木 Boulevard C50SE,巡航,,
,,铃木,Boulevard C90SE,铃木 Boulevard C90SE,巡航,,
,,铃木,Boulevard C90 B.O.S.S.,铃木 Boulevard C90 B.O.S.S.,巡航,,
,,铃木,Boulevard C90T,铃木 Boulevard C90T,巡航,,
,,铃木,Boulevard C109R,铃木 Boulevard C109R,巡航,,
,,铃木,Boulevard C50C,铃木 Boulevard C50C,巡航,,
,,铃木,Boulevard C50SEC,铃木 Boulevard C50SEC,巡航,,
,,铃木,Boulevard C50 B.O.S.S.,铃木 Boulevard C50 B.O.S.S.,巡航,,
,,铃木,Boulevard C109RT SE,铃木 Boulevard C109RT SE,巡航,,
,,铃木,V-Strom SX 250,铃木 V-Strom SX 250,拉力,,
,,铃木,V-Strom DL650XT GT,铃木 V-Strom DL650XT GT,拉力,,
,,铃木,V-Strom DL 1000XT GT,铃木 V-Strom DL 1000XT GT,拉力,,
,,铃木,RM Z450,铃木 RM Z450,拉力,,
,,铃木,RM Z250,铃木 RM Z250,拉力,,
,,铃木,PE 250,铃木 PE 250,拉力,,
,,铃木,RH 250,铃木 RH 250,拉力,,
,,铃木,RMX 250S,铃木 RMX 250S,拉力,,
,,铃木,SP 125,铃木 SP 125,拉力,,
,,铃木,SP 370,铃木 SP 370,拉力,,
,,铃木,V-Strom 650 Adventure,铃木 V-Strom 650 Adventure,拉力,,
,,铃木,V-Strom DL 650XT,铃木 V-Strom DL 650XT,拉力,,
,,铃木,DL 650XT V-Strom GT,铃木 DL 650XT V-Strom GT,拉力,,
,,铃木,V-Strom DL 1000,铃木 V-Strom DL 1000,拉力,,
,,铃木,V-Strom DL 1000 Grand Touring,铃木 V-Strom DL 1000 Grand Touring,拉力,,
,,铃木,V-Strom DL 1000XT,铃木 V-Strom DL 1000XT,拉力,,
,,铃木,DR 125S,铃木 DR 125S,拉力,,
,,铃木,DR 125SE,铃木 DR 125SE,拉力,,
,,铃木,DR 200 Djebel,铃木 DR 200 Djebel,拉力,,
,,铃木,DR 200SE,铃木 DR 200SE,拉力,,
,,铃木,DR 250S,铃木 DR 250S,拉力,,
,,铃木,DR 250SH,铃木 DR 250SH,拉力,,
,,铃木,DR 250R,铃木 DR 250R,拉力,,
,,铃木,DR 350SE,铃木 DR 350SE,拉力,,
,,铃木,DR 400S,铃木 DR 400S,拉力,,
,,铃木,DR 500S,铃木 DR 500S,拉力,,
,,铃木,DR 600S,铃木 DR 600S,拉力,,
,,铃木,DR 600R Dakar,铃木 DR 600R Dakar,拉力,,
,,铃木,DR 650R / S,铃木 DR 650R / S,拉力,,
,,铃木,DR 650SE,铃木 DR 650SE,拉力,,
,,铃木,DR 800Z Paris-Dakar,铃木 DR 800Z Paris-Dakar,拉力,,
,,铃木,DR-Z 250,铃木 DR-Z 250,拉力,,
,,铃木,V-Strom 250,铃木 V-Strom 250,拉力,,
,,铃木,GW 250F Inazuma,铃木 GW 250F Inazuma,旅行,,
,,铃木,Boulevard M109R Cobra Special,铃木 Boulevard M109R Cobra Special,旅行,,
,,铃木,Boulevard M109RZ Limited Edition,铃木 Boulevard M109RZ Limited Edition,旅行,,
,,铃木,Boulevard M109R 2,铃木 Boulevard M109R 2,旅行,,
,,铃木,Boulevard M109R B.O.S.S.,铃木 Boulevard M109R B.O.S.S.,旅行,,
,,铃木,Boulevard S83,铃木 Boulevard S83,旅行,,
,,铃木,GV 1400GT Cavalcade,铃木 GV 1400GT Cavalcade,旅行,,
,,铃木,GV 1400LX Cavalcade,铃木 GV 1400LX Cavalcade,旅行,,
,,铃木,VL 800LC Intruder Volusia,铃木 VL 800LC Intruder Volusia,旅行,,
,,铃木,VZ 800 V Marauder,铃木 VZ 800 V Marauder,旅行,,
,,铃木,Boulevard C90T B.O.S.S,铃木 Boulevard C90T B.O.S.S,旅行,,
,,铃木,Boulevard C109RT,铃木 Boulevard C109RT,旅行,,
,,铃木,Boulevard C50T Classic,铃木 Boulevard C50T Classic,旅行,,
,,铃木,Boulevard C90 Black,铃木 Boulevard C90 Black,旅行,,
,,铃木,RMX 450Z,铃木 RMX 450Z,越野,,
,,铃木,RM 85,铃木 RM 85,越野,,
,,铃木,PE 175,铃木 PE 175,越野,,
,,铃木,PE 175E,铃木 PE 175E,越野,,
,,铃木,RM 250 Paul Edmondson Replica,铃木 RM 250 Paul Edmondson Replica,越野,,
,,铃木,TS 125 Hustler,铃木 TS 125 Hustler,越野,,
,,铃木,TS 125R,铃木 TS 125R,越野,,
,,铃木,TS 200R,铃木 TS 200R,越野,,
,,铃木,TU 250X,铃木 TU 250X,越野,,
,,铃木,RM 85L,铃木 RM 85L,越野,,
,,铃木,DR-Z 125L,铃木 DR-Z 125L,越野,,
,,铃木,DR-Z 125,铃木 DR-Z 125,越野,,
,,凌肯,EVO LK150-15,凌肯 EVO LK150-15,街车,,
,,凌肯,劲界LK150-26,凌肯 劲界LK150-26,街车,,
,,凌肯,凌越太子二代LK125-22,凌肯 凌越太子二代LK125-22,街车,,
,,凌肯,城市猎人LK125-5N/LK150-9E,凌肯 城市猎人LK125-5N/LK150-9E,街车,,
,,凌肯,劲力LK125-18,凌肯 劲力LK125-18,街车,,
,,凌肯,凌励LK125-18,凌肯 凌励LK125-18,街车,,
,,凌肯,凌骏LK125-18,凌肯 凌骏LK125-18,街车,,
,,凌肯,风云刀LK125-8K,凌肯 风云刀LK125-8K,街车,,
,,凌肯,凌宇LK125-H,凌肯 凌宇LK125-H,街车,,
,,凌肯,凌云LK150-11F,凌肯 凌云LK150-11F,街车,,
,,凌肯,凌风LK125-H,凌肯 凌风LK125-H,街车,,
,,凌肯,非凡LK125-2H,凌肯 非凡LK125-2H,街车,,
,,凌肯,美丽三代LK100T-2G,凌肯 美丽三代LK100T-2G,踏板,,
,,凌肯,优钻二代LK125T-5A,凌肯 优钻二代LK125T-5A,踏板,,
,,凌肯,优逸二代LK125T-3G,凌肯 优逸二代LK125T-3G,踏板,,
,,凌肯,优梦LK125T-5A,凌肯 优梦LK125T-5A,踏板,,
,,凌肯,优乐LK125T-2G,凌肯 优乐LK125T-2G,踏板,,
,,凌肯,优酷LK100T-9,凌肯 优酷LK100T-9,踏板,,
,,凌肯,优客LK125T-2G,凌肯 优客LK125T-2G,踏板,,
,,凌肯,优冠LK100T-3H,凌肯 优冠LK100T-3H,踏板,,
,,凌肯,伊思LK100T-2G,凌肯 伊思LK100T-2G,踏板,,
,,凌肯,伊韵LK100T8A,凌肯 伊韵LK100T8A,踏板,,
,,凌肯,伊颖LK100T-8A,凌肯 伊颖LK100T-8A,踏板,,
,,凌肯,伊丽LK100T-3H,凌肯 伊丽LK100T-3H,踏板,,
,,凌肯,优越LK100T-9,凌肯 优越LK100T-9,踏板,,
,,凌肯,优悠LK100T-9,凌肯 优悠LK100T-9,踏板,,
,,凌肯,优意LK100T-9,凌肯 优意LK100T-9,踏板,,
,,凌肯,伊恋LK125T-2G,凌肯 伊恋LK125T-2G,踏板,,
,,凌肯,凌速LK110-9A,凌肯 凌速LK110-9A,踏板,,
,,凌肯,优钻三代 LK125T-5B,凌肯 优钻三代 LK125T-5B,踏板,,
,,凌肯,优梦二代 LK125T-5C,凌肯 优梦二代 LK125T-5C,踏板,,
,,凌肯,优冠 LK100T-3J,凌肯 优冠 LK100T-3J,踏板,,
,,凌肯,凌越LK125-22,凌肯 凌越LK125-22,巡航,,
,,凌肯,凌傲LK125-5M,凌肯 凌傲LK125-5M,巡航,,
,,凌肯,优炫LK110-11,凌肯 优炫LK110-11,弯梁,,
,,凌肯,快乐LK100-11G,凌肯 快乐LK100-11G,弯梁,,
,,凌肯,天乐LK110-2E,凌肯 天乐LK110-2E,弯梁,,
,,凌肯,凌动LK110-9A,凌肯 凌动LK110-9A,弯梁,,
,,凌治,LZ150-F,凌治 LZ150-F,复古,"￥8,100","￥8,680"
,,凌治,菲尼克斯,凌治 菲尼克斯,复古,,
,,凌治,阿瑞斯250,凌治 阿瑞斯250,复古,"￥11,800",
,,凌治,MC3,凌治 MC3,复古,"￥17,600",
,,零,Bobber,零 Bobber,巡航,,
,,零,Type9 EVO,零 Type9 EVO,巡航,,
,,零,Type5 EVO,零 Type5 EVO,巡航,,
,,零,Type5 SHOVEL,零 Type5 SHOVEL,巡航,,
,,零,Type2i,零 Type2i,巡航,,
,,零号,Bobber450,零号 Bobber450,巡航,"￥26,920",
,,零号,LH110,零号 LH110,MINI,,
,,领辰,9,领辰 009,踏板,"￥15,980",
,,领辰,3,领辰 003,踏板,"￥11,800",
,,领辰,6,领辰 006,踏板,"￥12,580",
,,龙嘉,XDV 250Si,龙嘉 XDV 250Si,踏板,"￥22,980","￥24,980"
,,龙嘉,SPEEDJET WATER,龙嘉 SPEEDJET WATER,踏板,,
,,龙嘉,SPEEDJET EVO 4T,龙嘉 SPEEDJET EVO 4T,踏板,,
,,龙嘉,VMAX ie300,龙嘉 VMAX ie300,踏板,"￥23,800","￥25,800"
,,龙嘉,XDV 300i,龙嘉 XDV 300i,踏板,,
,,龙嘉,VMAX 250,龙嘉 VMAX 250,踏板,,
,,龙嘉,XDV 150Si,龙嘉 XDV 150Si,踏板,,
,,龙嘉,V咖250,龙嘉 V咖250,复古,"￥19,800",
,,龙嘉,V霸250,龙嘉 V霸250,巡航,"￥19,800",
,,龙嘉,V途250,龙嘉 V途250,巡航,"￥18,880",
,,龙嘉,V-BOB 650i,龙嘉 V-BOB 650i,巡航,,
,国产,隆鑫,GP 200R,隆鑫 GP 200R,跑车,"￥9,480",
,国产,隆鑫,GP150,隆鑫 GP150,跑车,"￥8,473",
,国产,隆鑫,途悦LX150-52,隆鑫 途悦LX150-52,街车,"￥6,500",
,国产,隆鑫,祥悦LX125-73,隆鑫 祥悦LX125-73,街车,"￥6,700",
,国产,隆鑫,劲悦,隆鑫 劲悦,街车,"￥6,780",
,国产,隆鑫,赛道,隆鑫 赛道,街车,"￥5,980",
,国产,隆鑫,CR5,隆鑫 CR5,街车,"￥8,980",
,国产,隆鑫,CU3,隆鑫 CU3,街车,"￥8,000",
,国产,隆鑫,登悦,隆鑫 登悦,街车,"￥8,700",
,国产,隆鑫,K150 LX150-70F,隆鑫 K150 LX150-70F,街车,"￥7,944",
,国产,隆鑫,豪悦LX150-70B,隆鑫 豪悦LX150-70B,街车,"￥6,580",
,国产,隆鑫,山地赛悦LX150-70E,隆鑫 山地赛悦LX150-70E,街车,"￥6,756",
,国产,隆鑫,CRL150 LX150-62,隆鑫 CRL150 LX150-62,街车,"￥6,415",
,国产,隆鑫,福悦LX100-36,隆鑫 福悦LX100-36,街车,"￥4,380",
,国产,隆鑫,LX125-70E,隆鑫 LX125-70E,街车,"￥5,980",
,国产,隆鑫,CR5 LX200-12,隆鑫 CR5 LX200-12,街车,"￥9,250",
,国产,隆鑫,CR3 LX150-56A,隆鑫 CR3 LX150-56A,街车,"￥8,128",
,国产,隆鑫,途悦LX150-52D,隆鑫 途悦LX150-52D,街车,"￥6,880",
,国产,隆鑫,速悦LX150-70C,隆鑫 速悦LX150-70C,街车,"￥5,980",
,国产,隆鑫,CR1,隆鑫 CR1,街车,"￥6,415",
,国产,隆鑫,180 RR,隆鑫 180 RR,街车,"￥11,800",
,国产,隆鑫,200R,隆鑫 200R,街车,"￥12,800",
,国产,隆鑫,180 R,隆鑫 180 R,街车,"￥10,800",
,国产,隆鑫,红米CRM125,隆鑫 红米CRM125,街车,"￥4,695",
,国产,隆鑫,GP250,隆鑫 GP250,街车,"￥15,800",
,国产,隆鑫,丽悦LX125T-50,隆鑫 丽悦LX125T-50,踏板,"￥5,880",
,国产,隆鑫,赛格LX125T-38,隆鑫 赛格LX125T-38,踏板,"￥6,580",
,国产,隆鑫,金莹LX125T-39,隆鑫 金莹LX125T-39,踏板,"￥5,580",
,国产,隆鑫,200AC,隆鑫 200AC,复古,"￥14,800",
,国产,隆鑫,喜悦,隆鑫 喜悦,弯梁,"￥4,380",
,国产,隆鑫,采悦LX110-39,隆鑫 采悦LX110-39,弯梁,"￥4,280",
,国产,路威兰盾,LD1800ZD,路威兰盾 LD1800ZD,三轮,"￥289,000",
,,洛嘉,LJ110-27,洛嘉 LJ110-27,复古,"￥5,980",
,,洛嘉,LJ110-27 经典版,洛嘉 LJ110-27 经典版,复古,"￥5,700",
,,洛嘉,LJ 125-21,洛嘉 LJ 125-21,弯梁,"￥5,980",
,,洛嘉,LJ 125-28D,洛嘉 LJ 125-28D,弯梁,"￥5,680",
,,洛嘉,后浪,洛嘉 后浪,弯梁,"￥6,480","￥6,880"
,,洛嘉,LJ125-36,洛嘉 LJ125-36,弯梁,"￥6,880",
,,洛嘉,LJ 150 B,洛嘉 LJ 150 B,三轮,"￥17,020",
,,洛嘉,LJ200B,洛嘉 LJ200B,三轮,"￥21,800","￥23,800"
,,洛嘉,LJ 125B,洛嘉 LJ 125B,三轮,"￥21,500",
,,麦诺迪,电光风暴,麦诺迪 电光风暴,街车,"￥12,800",
,,麦诺迪,小峯度 Vaspe,麦诺迪 小峯度 Vaspe,踏板,"￥6,680",
,,麦诺迪,英伦伯爵 Archaic,麦诺迪 英伦伯爵 Archaic,复古,"￥7,680",
,,麦诺迪,福徕太子125,麦诺迪 福徕太子125,复古,"￥5,680",
,,麦诺迪,铁王者 HT250-G,麦诺迪 铁王者 HT250-G,巡航,"￥11,800",
,,麦诺迪,斗牛勇者,麦诺迪 斗牛勇者,巡航,"￥11,800",
,,曼肯,M9,曼肯 M9,MINI,"￥7,980","￥8,980"
,,曼肯,灵明,曼肯 灵明,MINI,"￥10,520","￥12,345"
,,曼肯,灵明-野趣,曼肯 灵明-野趣,MINI,"￥12,980",
,,曼肯,灵明-龙珠版,曼肯 灵明-龙珠版,MINI,,
,,摩迪威,800RR,摩迪威 800RR,跑车,"￥36,980",
,,摩迪威,800R,摩迪威 800R,街车,,
,,摩迪威,极狐250,摩迪威 极狐250,踏板,"￥18,980","￥20,980"
,,摩迪威,英伦玛莎250TCS,摩迪威 英伦玛莎250TCS,踏板,"￥15,390",
,,摩迪威,英伦玛莎 Divine 250,摩迪威 英伦玛莎 Divine 250,踏板,"￥15,390",
,,摩箭,800RR,摩箭 800RR,跑车,"￥35,800","￥36,800"
,,摩箭,ZL250-A,摩箭 ZL250-A,跑车,"￥19,800",
,,摩箭,MJ300-B,摩箭 MJ300-B,巡航,"￥21,800",
,,摩箭,MJ300-A,摩箭 MJ300-A,巡航,"￥21,800",
,,摩疆,MJ919,摩疆 MJ919,巡航,"￥55,800","￥59,800"
,,摩疆,MJ917,摩疆 MJ917,巡航,"￥44,800","￥52,800"
,,摩疆,MJ918,摩疆 MJ918,巡航,,
,,摩疆,鲍勃,摩疆 鲍勃,巡航,"￥43,800","￥47,800"
,,摩疆,MJ PRO,摩疆 MJ PRO,巡航,"￥48,800","￥53,800"
,,摩疆,MJ528,摩疆 MJ528,巡航,"￥29,800",
,,摩疆,MJ917 三叉戟,摩疆 MJ917 三叉戟,三轮,"￥63,800","￥66,800"
,,摩疆,金三角 MJ919,摩疆 金三角 MJ919,三轮,"￥69,800",
,,摩瑞,威武战神MR-500,摩瑞 威武战神MR-500,跑车,,
,,摩瑞,M6-125,摩瑞 M6-125,街车,"￥9,800",
,,摩瑞,MT-400,摩瑞 MT-400,街车,"￥23,800",
,,摩瑞,赤毒天蝎MT-X500,摩瑞 赤毒天蝎MT-X500,街车,"￥29,800",
,,摩瑞,摩卡爵士MO-500,摩瑞 摩卡爵士MO-500,复古,,
,,摩瑞,小天使 450,摩瑞 小天使 450,复古,"￥19,800",
,,摩瑞,MV800,摩瑞 MV800,巡航,"￥49,800",
,,摩瑞,魔王骑士MV-900,摩瑞 魔王骑士MV-900,巡航,,
,,摩瑞,火龙骑士,摩瑞 火龙骑士,巡航,"￥52,800",
,,摩瑞,小太子650,摩瑞 小太子650,巡航,"￥38,800","￥43,800"
,,摩瑞,金刚狼,摩瑞 金刚狼,巡航,"￥108,000","￥115,500"
,,摩瑞,大黑鲨650,摩瑞 大黑鲨650,巡航,"￥46,800","￥48,800"
,,摩瑞,MG-500,摩瑞 MG-500,拉力,"￥29,800",
,,摩瑞,极地猎鹰MG-500ADV版,摩瑞 极地猎鹰MG-500ADV版,拉力,,
,,摩瑞,M3,摩瑞 M3,MINI,,
,,摩瑞,M5-125,摩瑞 M5-125,越野,"￥9,800",
,,摩瑞,MV800 边三轮,摩瑞 MV800 边三轮,三轮,"￥66,800",
,,摩途威,玄武,摩途威 玄武,踏板,"￥7,980","￥11,980"
,,摩途威,拉比 Labei,摩途威 拉比 Labei,踏板,"￥11,880",
,,摩途威,巡弋 Cruise,摩途威 巡弋 Cruise,踏板,"￥8,880","￥9,880"
,,摩途威,摩羯 150,摩途威 摩羯 150,踏板,"￥11,880",
,,摩途威,MW150T,摩途威 MW150T,踏板,,
意大利,进口,摩托古兹,V7,摩托古兹 V7,复古,"￥99,900","￥106,600"
意大利,进口,摩托古兹,V9,摩托古兹 V9,复古,"￥109,900","￥112,900"
意大利,进口,摩托古兹,V7 Stone,摩托古兹 V7 Stone,复古,"￥128,000",
意大利,进口,摩托古兹,V7 Classic,摩托古兹 V7 Classic,复古,"￥128,000",
意大利,进口,摩托古兹,V7 Cafe Classic,摩托古兹 V7 Cafe Classic,复古,,
意大利,进口,摩托古兹,1200 Sport 4V,摩托古兹 1200 Sport 4V,复古,"￥286,658",
意大利,进口,摩托古兹,V7 II SPECIAL,摩托古兹 V7 II SPECIAL,复古,"￥129,900",
意大利,进口,摩托古兹,California Touring,摩托古兹 California Touring,复古,"￥298,000",
意大利,进口,摩托古兹,V7 ll Stornello,摩托古兹 V7 ll Stornello,复古,"￥148,000",
意大利,进口,摩托古兹,V7 II RACER,摩托古兹 V7 II RACER,复古,"￥148,000",
意大利,进口,摩托古兹,V7 Racer,摩托古兹 V7 Racer,街车,"￥148,000",
意大利,进口,摩托古兹,Griso 8V,摩托古兹 Griso 8V,街车,"￥165,000","￥285,592"
意大利,进口,摩托古兹,V7 lll Special,摩托古兹 V7 lll Special,街车,"￥129,900",
意大利,进口,摩托古兹,Eldorado,摩托古兹 Eldorado,街车,"￥240,000",
意大利,进口,摩托古兹,V7 Stone,摩托古兹 V7 Stone,街车,,
意大利,进口,摩托古兹,V7 II Special,摩托古兹 V7 II Special,街车,,
意大利,进口,摩托古兹,V85 TT,摩托古兹 V85 TT,拉力,"￥119,900","￥128,800"
意大利,进口,摩托古兹,Norge 1200GT 8V,摩托古兹 Norge 1200GT 8V,旅行,"￥198,000",
意大利,进口,摩托古兹,V100 Mandello,摩托古兹 V100 Mandello,旅行,"￥149,900","￥154,900"
意大利,进口,摩托古兹,MGX-21,摩托古兹 MGX-21,巡航,"￥368,000",
,,摩托古兹,Sport 1,摩托古兹 Sport 1,跑车,,
,,摩托古兹,V7 lll Rough,摩托古兹 V7 lll Rough,街车,,
,,摩托古兹,V7 lll Milano,摩托古兹 V7 lll Milano,街车,,
,,摩托古兹,Griso 1200 8V,摩托古兹 Griso 1200 8V,街车,,
,,摩托古兹,Breva 1100,摩托古兹 Breva 1100,街车,,
,,摩托古兹,Stelvio 1200 4V,摩托古兹 Stelvio 1200 4V,街车,,
,,摩托古兹,Stelvio 1200 NTX,摩托古兹 Stelvio 1200 NTX,街车,,
,,摩托古兹,Nevada Anniversario,摩托古兹 Nevada Anniversario,街车,,
,,摩托古兹,California Black Eagle,摩托古兹 California Black Eagle,街车,,
,,摩托古兹,Stelvio,摩托古兹 Stelvio,街车,,
,,摩托古兹,California 850 T,摩托古兹 California 850 T,街车,,
,,摩托古兹,California 850 T3,摩托古兹 California 850 T3,街车,,
,,摩托古兹,California 850 T3 Polizia,摩托古兹 California 850 T3 Polizia,街车,,
,,摩托古兹,California 1100,摩托古兹 California 1100,街车,,
,,摩托古兹,California 1100 EV,摩托古兹 California 1100 EV,街车,,
,,摩托古兹,California 1100 EV Jackal,摩托古兹 California 1100 EV Jackal,街车,,
,,摩托古兹,California 1100 EV Special Sport,摩托古兹 California 1100 EV Special Sport,街车,,
,,摩托古兹,California 1100 EV Touring,摩托古兹 California 1100 EV Touring,街车,,
,,摩托古兹,California Stone Touring,摩托古兹 California Stone Touring,街车,,
,,摩托古兹,California 1400 Custom,摩托古兹 California 1400 Custom,街车,,
,,摩托古兹,CX 100 L,摩托古兹 CX 100 L,街车,,
,,摩托古兹,Daytona 1000,摩托古兹 Daytona 1000,街车,,
,,摩托古兹,Daytona RS,摩托古兹 Daytona RS,街车,,
,,摩托古兹,Griso 850,摩托古兹 Griso 850,街车,,
,,摩托古兹,Griso 1100,摩托古兹 Griso 1100,街车,,
,,摩托古兹,Griso 1200 8V,摩托古兹 Griso 1200 8V,街车,,
,,摩托古兹,Griso 1200 8V SE,摩托古兹 Griso 1200 8V SE,街车,,
,,摩托古兹,Griso 1200 8V S.E. Black Devil,摩托古兹 Griso 1200 8V S.E. Black Devil,街车,,
,,摩托古兹,Lodola 175 Gran Turismo,摩托古兹 Lodola 175 Gran Turismo,街车,,
,,摩托古兹,Lodola 175 Sport,摩托古兹 Lodola 175 Sport,街车,,
,,摩托古兹,Lodola 250 Regolarità,摩托古兹 Lodola 250 Regolarità,街车,,
,,摩托古兹,MGS-01 Corsa,摩托古兹 MGS-01 Corsa,街车,,
,,摩托古兹,Mille 1000GT,摩托古兹 Mille 1000GT,街车,,
,,摩托古兹,Nevada 350,摩托古兹 Nevada 350,街车,,
,,摩托古兹,Nevada 750,摩托古兹 Nevada 750,街车,,
,,摩托古兹,Nevada 750 Club,摩托古兹 Nevada 750 Club,街车,,
,,摩托古兹,Nevada 750ie Classic,摩托古兹 Nevada 750ie Classic,街车,,
,,摩托古兹,Nevada 750 Classic,摩托古兹 Nevada 750 Classic,街车,,
,,摩托古兹,Nevada 750 Aquila Nera,摩托古兹 Nevada 750 Aquila Nera,街车,,
,,摩托古兹,Norge 850,摩托古兹 Norge 850,街车,,
,,摩托古兹,Norge 1200,摩托古兹 Norge 1200,街车,,
,,摩托古兹,Quota 1100 FS,摩托古兹 Quota 1100 FS,街车,,
,,摩托古兹,V7 Café Classic,摩托古兹 V7 Café Classic,街车,,
,,摩托古兹,V7 Clubman Racer,摩托古兹 V7 Clubman Racer,街车,,
,,摩托古兹,V7 Clubman Racer Special Edition,摩托古兹 V7 Clubman Racer Special Edition,街车,,
,,摩托古兹,V7 Clubman Racer Verde Legnano Special Edition,摩托古兹 V7 Clubman Racer Verde Legnano Special Edition,街车,,
,,摩托古兹,V7 II Clubman Racer,摩托古兹 V7 II Clubman Racer,街车,,
,,摩托古兹,V7 II Café Racer kit,摩托古兹 V7 II Café Racer kit,街车,,
,,摩托古兹,V7 II Dark Rider Kit,摩托古兹 V7 II Dark Rider Kit,街车,,
,,摩托古兹,V7 II Heritage Legend Kit,摩托古兹 V7 II Heritage Legend Kit,街车,,
,,摩托古兹,V7 II Scrambler Kit,摩托古兹 V7 II Scrambler Kit,街车,,
,,摩托古兹,V7 II Stornello Scrambler,摩托古兹 V7 II Stornello Scrambler,街车,,
,,摩托古兹,V7 III Anniversario,摩托古兹 V7 III Anniversario,街车,,
,,摩托古兹,V7 III Carbon Dark,摩托古兹 V7 III Carbon Dark,街车,,
,,摩托古兹,V7 III Carbon Shine,摩托古兹 V7 III Carbon Shine,街车,,
,,摩托古兹,V7 III Racer Limited Edition,摩托古兹 V7 III Racer Limited Edition,街车,,
,,摩托古兹,V75,摩托古兹 V75,街车,,
,,摩托古兹,V85 TT Tutto Terreno,摩托古兹 V85 TT Tutto Terreno,街车,,
,,摩托古兹,V850GT,摩托古兹 V850GT,街车,,
,,摩托古兹,V1000 I Convert,摩托古兹 V1000 I Convert,街车,,
,,摩托古兹,V1000G5,摩托古兹 V1000G5,街车,,
,,摩托古兹,V1000G5 California,摩托古兹 V1000G5 California,街车,,
,,摩托古兹,V10 Centauro,摩托古兹 V10 Centauro,街车,,
,,摩托古兹,V10 Centauro GT,摩托古兹 V10 Centauro GT,街车,,
,,摩托古兹,V10 Centauro Sport,摩托古兹 V10 Centauro Sport,街车,,
,,摩托古兹,V11EV,摩托古兹 V11EV,街车,,
,,摩托古兹,V11 Café sport,摩托古兹 V11 Café sport,街车,,
,,摩托古兹,V11 Coppa Italia,摩托古兹 V11 Coppa Italia,街车,,
,,摩托古兹,V11 Le Mans,摩托古兹 V11 Le Mans,街车,,
,,摩托古兹,V11 Le Mans Nero Corsa,摩托古兹 V11 Le Mans Nero Corsa,街车,,
,,摩托古兹,V11 Le Mans Tenni,摩托古兹 V11 Le Mans Tenni,街车,,
,,摩托古兹,V11 Le Mans Rosso Corse,摩托古兹 V11 Le Mans Rosso Corse,街车,,
,,摩托古兹,V11 Sport,摩托古兹 V11 Sport,街车,,
,,摩托古兹,V11 Sport Ballabio,摩托古兹 V11 Sport Ballabio,街车,,
,,摩托古兹,V11 Sport Naked,摩托古兹 V11 Sport Naked,街车,,
,,摩托古兹,V11 Sport Rosso Mandello,摩托古兹 V11 Sport Rosso Mandello,街车,,
,,摩托古兹,V11 Sport Scura,摩托古兹 V11 Sport Scura,街车,,
,,摩托古兹,Sessantacinque GT,摩托古兹 Sessantacinque GT,街车,,
,,摩托古兹,Stelvio 1200,摩托古兹 Stelvio 1200,街车,,
,,摩托古兹,Stelvio 1200 8V,摩托古兹 Stelvio 1200 8V,街车,,
,,摩托古兹,Stornello 125,摩托古兹 Stornello 125,街车,,
,,摩托古兹,Stornello 125 Sport,摩托古兹 Stornello 125 Sport,街车,,
,,摩托古兹,Stornello 160,摩托古兹 Stornello 160,街车,,
,,摩托古兹,Strada 750,摩托古兹 Strada 750,街车,,
,,摩托古兹,Strada 1000,摩托古兹 Strada 1000,街车,,
,,摩托古兹,Targa 750,摩托古兹 Targa 750,街车,,
,,摩托古兹,V35,摩托古兹 V35,街车,,
,,摩托古兹,V35 II,摩托古兹 V35 II,街车,,
,,摩托古兹,V35 III,摩托古兹 V35 III,街车,,
,,摩托古兹,V35C,摩托古兹 V35C,街车,,
,,摩托古兹,V35 Florida,摩托古兹 V35 Florida,街车,,
,,摩托古兹,V35 Imola,摩托古兹 V35 Imola,街车,,
,,摩托古兹,V35 Imola II,摩托古兹 V35 Imola II,街车,,
,,摩托古兹,V35TT,摩托古兹 V35TT,街车,,
,,摩托古兹,V50 II,摩托古兹 V50 II,街车,,
,,摩托古兹,V50C,摩托古兹 V50C,街车,,
,,摩托古兹,V50 Monza,摩托古兹 V50 Monza,街车,,
,,摩托古兹,V50 Monza II,摩托古兹 V50 Monza II,街车,,
,,摩托古兹,V65,摩托古兹 V65,街车,,
,,摩托古兹,V65C,摩托古兹 V65C,街车,,
,,摩托古兹,V65 Florida,摩托古兹 V65 Florida,街车,,
,,摩托古兹,V65 Lario,摩托古兹 V65 Lario,街车,,
,,摩托古兹,V65TT,摩托古兹 V65TT,街车,,
,,摩托古兹,V65TT Baja,摩托古兹 V65TT Baja,街车,,
,,摩托古兹,V7 700,摩托古兹 V7 700,街车,,
,,摩托古兹,V7 700 Polizia,摩托古兹 V7 700 Polizia,街车,,
,,摩托古兹,V7 750 Ambassador,摩托古兹 V7 750 Ambassador,街车,,
,,摩托古兹,V7 750 Ambassador Polizia,摩托古兹 V7 750 Ambassador Polizia,街车,,
,,摩托古兹,V7 750 California,摩托古兹 V7 750 California,街车,,
,,摩托古兹,V7 750 Special,摩托古兹 V7 750 Special,街车,,
,,摩托古兹,V7 750 Sport,摩托古兹 V7 750 Sport,街车,,
,,摩托古兹,V7 750 Sport Verde Legnano,摩托古兹 V7 750 Sport Verde Legnano,街车,,
,,摩托古兹,125 2C 4T,摩托古兹 125 2C 4T,街车,,
,,摩托古兹,125C Custom,摩托古兹 125C Custom,街车,,
,,摩托古兹,125TT BX,摩托古兹 125TT BX,街车,,
,,摩托古兹,125TT Tuttoterreno,摩托古兹 125TT Tuttoterreno,街车,,
,,摩托古兹,250TS,摩托古兹 250TS,街车,,
,,摩托古兹,254,摩托古兹 254,街车,,
,,摩托古兹,350GTS,摩托古兹 350GTS,街车,,
,,摩托古兹,400GTS,摩托古兹 400GTS,街车,,
,,摩托古兹,500 Nouvo Falcom,摩托古兹 500 Nouvo Falcom,街车,,
,,摩托古兹,750S,摩托古兹 750S,街车,,
,,摩托古兹,750S3,摩托古兹 750S3,街车,,
,,摩托古兹,750SP Spada,摩托古兹 750SP Spada,街车,,
,,摩托古兹,850 L,摩托古兹 850 L,街车,,
,,摩托古兹,850 Le Mans Mark I,摩托古兹 850 Le Mans Mark I,街车,,
,,摩托古兹,850T,摩托古兹 850T,街车,,
,,摩托古兹,850T3,摩托古兹 850T3,街车,,
,,摩托古兹,850T3 Windshield,摩托古兹 850T3 Windshield,街车,,
,,摩托古兹,850T4,摩托古兹 850T4,街车,,
,,摩托古兹,850T5,摩托古兹 850T5,街车,,
,,摩托古兹,1000 L,摩托古兹 1000 L,街车,,
,,摩托古兹,1000 Le Mans Mark IV Special Edition,摩托古兹 1000 Le Mans Mark IV Special Edition,街车,,
,,摩托古兹,1000SP Spada,摩托古兹 1000SP Spada,街车,,
,,摩托古兹,1000SPII Spada,摩托古兹 1000SPII Spada,街车,,
,,摩托古兹,1000SPIII Spada,摩托古兹 1000SPIII Spada,街车,,
,,摩托古兹,1000S,摩托古兹 1000S,街车,,
,,摩托古兹,1200 Sport 8V,摩托古兹 1200 Sport 8V,街车,,
,,摩托古兹,1200 Sport 8V Corsa Special Edition,摩托古兹 1200 Sport 8V Corsa Special Edition,街车,,
,,摩托古兹,Bellagio,摩托古兹 Bellagio,街车,,
,,摩托古兹,Breva V 750ie,摩托古兹 Breva V 750ie,街车,,
,,摩托古兹,Breva 850,摩托古兹 Breva 850,街车,,
,,摩托古兹,Breva V1100ie,摩托古兹 Breva V1100ie,街车,,
,,摩托古兹,Breva 1200,摩托古兹 Breva 1200,街车,,
,,摩托古兹,Breva 1200 Sport,摩托古兹 Breva 1200 Sport,街车,,
,,摩托古兹,V7 Special,摩托古兹 V7 Special,复古,,
意大利,进口,摩托古兹,Audace,摩托古兹 Audace,巡航,"￥223,920","￥268,000"
,,摩托古兹,V7 III LIMITED,摩托古兹 V7 III LIMITED,巡航,,
,,摩托古兹,California Aquila Nera,摩托古兹 California Aquila Nera,巡航,,
,,摩托古兹,California II V1000,摩托古兹 California II V1000,巡航,,
,,摩托古兹,California II V1000 Polizia,摩托古兹 California II V1000 Polizia,巡航,,
,,摩托古兹,California III,摩托古兹 California III,巡航,,
,,摩托古兹,California III CI,摩托古兹 California III CI,巡航,,
,,摩托古兹,California Aluminum,摩托古兹 California Aluminum,巡航,,
,,摩托古兹,California Stone Chrome,摩托古兹 California Stone Chrome,巡航,,
,,摩托古兹,California Stone Metal,摩托古兹 California Stone Metal,巡航,,
,,摩托古兹,California Stone Metal Black,摩托古兹 California Stone Metal Black,巡航,,
,,摩托古兹,California Titanium,摩托古兹 California Titanium,巡航,,
,,摩托古兹,California Classic,摩托古兹 California Classic,巡航,,
,,摩托古兹,California Aquila Nera - Black Eagle,摩托古兹 California Aquila Nera - Black Eagle,巡航,,
,,摩托古兹,California Vintage,摩托古兹 California Vintage,巡航,,
,,摩托古兹,California 1400 Touring,摩托古兹 California 1400 Touring,巡航,,
,,摩托古兹,California 1400 Touring S.E.,摩托古兹 California 1400 Touring S.E.,巡航,,
,,摩托古兹,MGX-21 Flying Fortress,摩托古兹 MGX-21 Flying Fortress,巡航,,
,,摩托古兹,NTX 650,摩托古兹 NTX 650,拉力,,
,,摩托古兹,Quota 1000,摩托古兹 Quota 1000,拉力,,
,,摩托古兹,Nevada Aquila Nera,摩托古兹 Nevada Aquila Nera,旅行,,
,,摩托古兹,Bellagio Aquila Nera,摩托古兹 Bellagio Aquila Nera,旅行,,
,,摩托古兹,California III injection,摩托古兹 California III injection,旅行,,
,,摩托古兹,California 90,摩托古兹 California 90,旅行,,
,,摩托古兹,NTX 350,摩托古兹 NTX 350,越野,,
,,摩托古兹,NTX 750,摩托古兹 NTX 750,越野,,
,,摩托古兹,850T5 with TR500 N4 Sidecar,摩托古兹 850T5 with TR500 N4 Sidecar,三轮,,
,,摩托古兹,1000SPII with TR500 N4 Sidecar,摩托古兹 1000SPII with TR500 N4 Sidecar,三轮,,
,,摩托莫里尼,125KJ Kanguro,摩托莫里尼 125KJ Kanguro,街车,,
,,摩托莫里尼,125H,摩托莫里尼 125H,街车,,
,,摩托莫里尼,125T,摩托莫里尼 125T,街车,,
,,摩托莫里尼,250T Mono,摩托莫里尼 250T Mono,街车,,
,,摩托莫里尼,250 2C Twin,摩托莫里尼 250 2C Twin,街车,,
,,摩托莫里尼,3?GT Strada,摩托莫里尼 3?GT Strada,街车,,
,,摩托莫里尼,3? Sport,摩托莫里尼 3? Sport,街车,,
,,摩托莫里尼,350 Coguaro,摩托莫里尼 350 Coguaro,街车,,
,,摩托莫里尼,350 Excalibur,摩托莫里尼 350 Excalibur,街车,,
,,摩托莫里尼,350 K2,摩托莫里尼 350 K2,街车,,
,,摩托莫里尼,350 X1 Kanguro,摩托莫里尼 350 X1 Kanguro,街车,,
,,摩托莫里尼,350 X2 / X3 kanguro,摩托莫里尼 350 X2 / X3 kanguro,街车,,
,,摩托莫里尼,350 X4 Kanguro,摩托莫里尼 350 X4 Kanguro,街车,,
,,摩托莫里尼,400S,摩托莫里尼 400S,街车,,
,,摩托莫里尼,500 Camel,摩托莫里尼 500 Camel,街车,,
,,摩托莫里尼,500 GT,摩托莫里尼 500 GT,街车,,
,,摩托莫里尼,500 Maestro,摩托莫里尼 500 Maestro,街车,,
,,摩托莫里尼,500 Sport,摩托莫里尼 500 Sport,街车,,
,,摩托莫里尼,500 Sei-V Sport,摩托莫里尼 500 Sei-V Sport,街车,,
,,摩托莫里尼,501 Excalibur,摩托莫里尼 501 Excalibur,街车,,
,,摩托莫里尼,New York Custom,摩托莫里尼 New York Custom,街车,,
,,摩托莫里尼,9? Concept,摩托莫里尼 9? Concept,街车,,
,,摩托莫里尼,9?,摩托莫里尼 9?,街车,,
,,摩托莫里尼,Corsaro 1200,摩托莫里尼 Corsaro 1200,街车,,
,,摩托莫里尼,Corsaro 1200 Special Edition,摩托莫里尼 Corsaro 1200 Special Edition,街车,,
,,摩托莫里尼,Corsaro 1200 Avio,摩托莫里尼 Corsaro 1200 Avio,街车,,
,,摩托莫里尼,Corsaro 1200 Veloce,摩托莫里尼 Corsaro 1200 Veloce,街车,,
,,摩托莫里尼,Corsaro 1200 ZT,摩托莫里尼 Corsaro 1200 ZT,街车,,
,,摩托莫里尼,Corsaro 1200 ZZ,摩托莫里尼 Corsaro 1200 ZZ,街车,,
,,摩托莫里尼,Corsaro 1200 Ti22,摩托莫里尼 Corsaro 1200 Ti22,街车,,
,,摩托莫里尼,Dart 350 Sport,摩托莫里尼 Dart 350 Sport,街车,,
,,摩托莫里尼,Dart 400 Sport,摩托莫里尼 Dart 400 Sport,街车,,
,,摩托莫里尼,Granpasso 1200,摩托莫里尼 Granpasso 1200,街车,,
,,摩托莫里尼,Granpasso H83,摩托莫里尼 Granpasso H83,街车,,
,,摩托莫里尼,Granpasso H83 Travel Kit,摩托莫里尼 Granpasso H83 Travel Kit,街车,,
,,摩托莫里尼,MM3 Concept,摩托莫里尼 MM3 Concept,街车,,
,,摩托莫里尼,Milano,摩托莫里尼 Milano,街车,,
,,摩托莫里尼,Rebello 1200 Giubileo,摩托莫里尼 Rebello 1200 Giubileo,街车,,
,,摩托莫里尼,Sport 1200,摩托莫里尼 Sport 1200,街车,,
,,摩托莫里尼,V12M01 Supermoto Prototipo,摩托莫里尼 V12M01 Supermoto Prototipo,街车,,
,,摩托莫里尼,赛文佐6?,摩托莫里尼 赛文佐6?,复古,"￥42,800","￥44,800"
,,摩托莫里尼,Scrambler 1200,摩托莫里尼 Scrambler 1200,复古,,
,,摩托莫里尼,MM700-3,摩托莫里尼 MM700-3,巡航,,
,,摩托莫里尼,X-Cape 650,摩托莫里尼 X-Cape 650,拉力,"￥45,880","￥48,880"
,,摩托莫里尼,501 XE Camel,摩托莫里尼 501 XE Camel,拉力,,
,,摩托莫里尼,501 X2,摩托莫里尼 501 X2,拉力,,
,,摩托莫里尼,X-Cape V-Twin,摩托莫里尼 X-Cape V-Twin,拉力,,
,,摩枭,500RR,摩枭 500RR,跑车,"￥29,990","￥34,800"
,,摩枭,650RR,摩枭 650RR,跑车,"￥37,900",
,,摩枭,500R,摩枭 500R,街车,"￥34,900",
,,摩枭,英伦玛莎150TCS,摩枭 英伦玛莎150TCS,踏板,"￥12,999","￥13,299"
,,摩枭,极狐150,摩枭 极狐150,踏板,"￥14,999","￥15,980"
,,摩枭,英伦玛莎 Divine 150,摩枭 英伦玛莎 Divine 150,踏板,"￥14,580",
,,摩枭,英伦玛莎 Lemon 150,摩枭 英伦玛莎 Lemon 150,踏板,"￥13,980",
,,摩枭,500MG,摩枭 500MG,巡航,"￥31,800","￥35,800"
,,摩枭,500MS,摩枭 500MS,巡航,"￥34,800",
,,摩枭,650LS,摩枭 650LS,巡航,"￥37,900","￥41,900"
,,摩枭,400MT,摩枭 400MT,拉力,"￥19,800",
,,摩枭,MX500-7D,摩枭 MX500-7D,拉力,,
,,穆茨,MC650-X,穆茨 MC650-X,巡航,,
,,南方,梦拉丽莎 飞戈,南方 梦拉丽莎 飞戈,踏板,"￥11,980","￥16,980"
,,南方,梦拉丽莎 Melalisa150,南方 梦拉丽莎 Melalisa150,踏板,"￥13,980",
,,南方,NY125T-60A,南方 NY125T-60A,踏板,"￥3,980",
,,南方,V酷125,南方 V酷125,踏板,"￥5,880",
,,南方,迈巴赫125,南方 迈巴赫125,踏板,"￥6,180",
,,南方,NF125T-50A,南方 NF125T-50A,踏板,"￥6,880",
,,南方,NY110T-5,南方 NY110T-5,踏板,"￥5,880",
,,南方,炫舞125,南方 炫舞125,踏板,"￥6,880",
,,南方,坦克125,南方 坦克125,踏板,"￥6,980",
,,南方,NF125T-51A,南方 NF125T-51A,踏板,,
,,南方,NF125T-52A,南方 NF125T-52A,踏板,,
,,南方,NF125T-53A,南方 NF125T-53A,踏板,,
,,南方,NF125T-55A,南方 NF125T-55A,踏板,,
,,南方,NF125T-56A,南方 NF125T-56A,踏板,,
,,南方,NF125T-57A,南方 NF125T-57A,踏板,,
,,南方,NF125T-58A,南方 NF125T-58A,踏板,,
,,南方,NF150T,南方 NF150T,踏板,,
,,南方,NF150-52A,南方 NF150-52A,复古,,
,,南方,NF125-58,南方 NF125-58,巡航,,
,,南方,NF110-50A,南方 NF110-50A,弯梁,,
,,南方,NF150B,南方 NF150B,三轮,,
,,南雅,NY125-52A,南雅 NY125-52A,街车,,
,,南雅,NY125-56A,南雅 NY125-56A,街车,,
,,南雅,NY110T,南雅 NY110T,踏板,,
,,南雅,NY110T-2,南雅 NY110T-2,踏板,,
,,南雅,NY110T-3,南雅 NY110T-3,踏板,,
,,南雅,NY110T-5,南雅 NY110T-5,踏板,,
,,南雅,NY110T-6,南雅 NY110T-6,踏板,,
,,南雅,NY125T-52A,南雅 NY125T-52A,踏板,,
,,南雅,NY125T-53A,南雅 NY125T-53A,踏板,,
,,南雅,NY125T-55A,南雅 NY125T-55A,踏板,,
,,南雅,NY125T-56A,南雅 NY125T-56A,踏板,,
,,南雅,NY125T-57A,南雅 NY125T-57A,踏板,,
,,南雅,NY125T-58A,南雅 NY125T-58A,踏板,,
,,南雅,NY125T-59A,南雅 NY125T-59A,踏板,,
,,南雅,NY125T-60A,南雅 NY125T-60A,踏板,,
,,诺顿,FI,诺顿 FI,跑车,,
,,诺顿,F2,诺顿 F2,跑车,,
,,诺顿,Superlight Twin,诺顿 Superlight Twin,跑车,,
,,诺顿,V4 RR & SS,诺顿 V4 RR & SS,跑车,,
,,诺顿,C 652 Combat,诺顿 C 652 Combat,街车,,
,,诺顿,Atlas Nomad,诺顿 Atlas Nomad,复古,,
,,诺顿,961 Sport MK II,诺顿 961 Sport MK II,复古,,
,,诺顿,Commando 961SF,诺顿 Commando 961SF,复古,,
,,诺顿,Commando 961 SE,诺顿 Commando 961 SE,复古,,
,,诺顿,Commando 961 Sport,诺顿 Commando 961 Sport,复古,,
,,诺顿,Dominator SS,诺顿 Dominator SS,复古,,
,,诺顿,500 Model 18,诺顿 500 Model 18,复古,,
,,诺顿,650SS,诺顿 650SS,复古,,
,,诺顿,Atlas 750,诺顿 Atlas 750,复古,,
,,诺顿,Atlas Ranger,诺顿 Atlas Ranger,复古,,
,,诺顿,C 652 SM International,诺顿 C 652 SM International,复古,,
,,诺顿,Classic Rotary,诺顿 Classic Rotary,复古,,
,,诺顿,Commando 750 Fastback,诺顿 Commando 750 Fastback,复古,,
,,诺顿,Commando 750 Interstate,诺顿 Commando 750 Interstate,复古,,
,,诺顿,Commando 750 Roadster,诺顿 Commando 750 Roadster,复古,,
,,诺顿,Commando 750S Scrambler,诺顿 Commando 750S Scrambler,复古,,
,,诺顿,Commando 850,诺顿 Commando 850,复古,,
,,诺顿,Commando 850 JPS,诺顿 Commando 850 JPS,复古,,
,,诺顿,Commando 850 Interstate,诺顿 Commando 850 Interstate,复古,,
,,诺顿,Commando 850 Roadster,诺顿 Commando 850 Roadster,复古,,
,,诺顿,Commando 952,诺顿 Commando 952,复古,,
,,诺顿,Commando 961 Cafe Racer,诺顿 Commando 961 Cafe Racer,复古,,
,,诺顿,Commando 961 Café Racer MKII,诺顿 Commando 961 Café Racer MKII,复古,,
,,诺顿,Commando 961 California 50th Anniversary,诺顿 Commando 961 California 50th Anniversary,复古,,
,,诺顿,Commando 961,诺顿 Commando 961,复古,,
,,诺顿,Commando Interpol,诺顿 Commando Interpol,复古,,
,,诺顿,Dunstall,诺顿 Dunstall,复古,,
,,诺顿,Dominator 77,诺顿 Dominator 77,复古,,
,,诺顿,Dominator 88,诺顿 Dominator 88,复古,,
,,诺顿,Dominator 88SS,诺顿 Dominator 88SS,复古,,
,,诺顿,Dominator 99SS,诺顿 Dominator 99SS,复古,,
,,诺顿,Domiracer Limited Edition,诺顿 Domiracer Limited Edition,复古,,
,,诺顿,nternational Model 30,诺顿 nternational Model 30,复古,,
,,诺顿,Mercury,诺顿 Mercury,复古,,
,,诺顿,阿特拉斯650,诺顿 阿特拉斯650,复古,,
,,诺顿,Commando 750 Hi-Rider,诺顿 Commando 750 Hi-Rider,巡航,,
,,诺顿,Commander Rotary,诺顿 Commander Rotary,旅行,,
,,诺顿,Interpol 2 Classic,诺顿 Interpol 2 Classic,旅行,,
,,诺马,魅影 255S,诺马 魅影 255S,跑车,"￥15,980","￥17,980"
,,诺马,极影325S,诺马 极影325S,跑车,"￥17,980",
,,诺马,刀风 400,诺马 刀风 400,跑车,"￥25,800",
,,诺马,刀风 300,诺马 刀风 300,跑车,"￥20,800",
,,诺马,H6,诺马 H6,跑车,"￥13,800",
,,诺马,刀风 255S,诺马 刀风 255S,跑车,"￥19,999",
,,诺马,Racing 655,诺马 Racing 655,跑车,,
,,诺马,幻影 255S,诺马 幻影 255S,街车,"￥16,580",
,,诺马,天蝎500,诺马 天蝎500,街车,"￥25,999",
,,诺马,台风太子,诺马 台风太子,巡航,"￥14,800","￥15,800"
,,诺马,御255S,诺马 御255S,巡航,"￥19,999","￥21,800"
,,诺马,加州1号,诺马 加州1号,巡航,"￥46,800","￥48,800"
,,诺马,小太子 650,诺马 小太子 650,巡航,"￥39,800",
,,诺马,500ADV,诺马 500ADV,拉力,"￥27,980","￥29,980"
,,诺马,旅行者 255GT,诺马 旅行者 255GT,旅行,"￥18,800","￥19,980"
,,欧微,金戈,欧微 金戈,巡航,"￥19,800",
,,派方,泰坦,派方 泰坦,街车,,
,,派方,引力,派方 引力,踏板,"￥11,888","￥14,999"
,,派方,星雷,派方 星雷,巡航,"￥12,888",
,,派方,星舰4,派方 星舰4,旅行,"￥26,888",
,,派方,星舰6,派方 星舰6,旅行,"￥44,888",
,,派方,星舰3,派方 星舰3,旅行,"￥24,888","￥28,088"
加拿大,进口,庞巴迪,叛逆者,庞巴迪 叛逆者,其他,"￥39,800","￥189,800"
加拿大,进口,庞巴迪,GTX,庞巴迪 GTX,其他,"￥119,800","￥205,888"
加拿大,进口,庞巴迪,SPARK TRIXX,庞巴迪 SPARK TRIXX,其他,"￥72,000","￥75,800"
加拿大,进口,庞巴迪,滑水艇,庞巴迪 滑水艇,其他,"￥121,800","￥193,800"
加拿大,进口,庞巴迪,RXP-X,庞巴迪 RXP-X,其他,"￥176,888","￥202,800"
加拿大,进口,庞巴迪,RXT-X,庞巴迪 RXT-X,其他,"￥192,888","￥216,800"
加拿大,进口,庞巴迪,钓鱼艇,庞巴迪 钓鱼艇,其他,"￥182,888","￥216,800"
加拿大,进口,庞巴迪,远征,庞巴迪 远征,其他,"￥209,800",
加拿大,进口,庞巴迪,独行侠,庞巴迪 独行侠,其他,"￥199,800","￥398,800"
加拿大,进口,庞巴迪,指挥官,庞巴迪 指挥官,其他,"￥146,800","￥164,800"
加拿大,进口,庞巴迪,守卫者,庞巴迪 守卫者,其他,"￥120,800","￥147,800"
加拿大,进口,庞巴迪,开拓者,庞巴迪 开拓者,其他,"￥85,800","￥199,800"
加拿大,进口,庞巴迪,DS 250,庞巴迪 DS 250,其他,"￥53,800",
加拿大,进口,庞巴迪,GTR,庞巴迪 GTR,其他,"￥137,800","￥159,800"
加拿大,进口,庞巴迪,探索家,庞巴迪 探索家,其他,"￥204,800",
加拿大,进口,庞巴迪,GTI,庞巴迪 GTI,其他,"￥98,800",
加拿大,进口,庞巴迪,Spyder F3,庞巴迪 Spyder F3,三轮,"￥280,800","￥416,800"
加拿大,进口,庞巴迪,Spyder F3,庞巴迪 Spyder F3,三轮,,
加拿大,进口,庞巴迪,Spyder F3,庞巴迪 Spyder F3,三轮,,
加拿大,进口,庞巴迪,叛逆者,庞巴迪 叛逆者,踏板,"￥39,800","￥189,800"
,,庞巴迪,Spyder RT,庞巴迪 Spyder RT,三轮,,
,,庞巴迪,Spyder RS-S Roadster,庞巴迪 Spyder RS-S Roadster,三轮,,
,,庞巴迪,Spyder F3S,庞巴迪 Spyder F3S,三轮,,
,,庞巴迪,Spyder RS Roadster,庞巴迪 Spyder RS Roadster,三轮,,
,,庞巴迪,Spyder RS,庞巴迪 Spyder RS,三轮,,
,,庞巴迪,Spyder RS-S,庞巴迪 Spyder RS-S,三轮,,
,,庞巴迪,Spyder F3-S Daytona 500 Special Edition,庞巴迪 Spyder F3-S Daytona 500 Special Edition,三轮,,
,,庞巴迪,Spyder F3-T,庞巴迪 Spyder F3-T,三轮,,
,,庞巴迪,Spyder Roadster SM5,庞巴迪 Spyder Roadster SM5,三轮,,
,,庞巴迪,Spyder RS Roadster,庞巴迪 Spyder RS Roadster,三轮,,
,,庞巴迪,S,庞巴迪 S,三轮,,
,,庞巴迪,Spyder RT Limited,庞巴迪 Spyder RT Limited,三轮,,
,,庞巴迪,Spyder ST,庞巴迪 Spyder ST,三轮,,
,,庞巴迪,Spyder ST Limited,庞巴迪 Spyder ST Limited,三轮,,
,,庞巴迪,Spyder ST-S,庞巴迪 Spyder ST-S,三轮,,
,,庞巴迪,Ryker,庞巴迪 Ryker,三轮,,
,,启典,KD150-U,启典 KD150-U,街车,"￥13,800","￥14,800"
,,启典,KD150-L,启典 KD150-L,街车,"￥7,199",
,,启典,KD150-V,启典 KD150-V,街车,"￥6,799",
,,启典,KD150-J,启典 KD150-J,街车,"￥6,499",
,,启典,KD150-K,启典 KD150-K,街车,"￥6,399",
,,启典,KD150-E,启典 KD150-E,街车,"￥6,499",
,,启典,KD150-F,启典 KD150-F,街车,"￥6,699",
,,启典,KD150-H,启典 KD150-H,街车,"￥6,799",
,,启典,KD250-Z,启典 KD250-Z,街车,"￥9,799",
,,启典,KD150-Z,启典 KD150-Z,街车,"￥13,800",
,,启典,KD200-U,启典 KD200-U,街车,"￥14,300","￥15,300"
,,启典,KD200-Z,启典 KD200-Z,街车,"￥14,300",
,,启典,KD150-G,启典 KD150-G,复古,"￥13,800","￥14,800"
,,启典,KD200-G,启典 KD200-G,复古,"￥14,300","￥15,300"
,,启典,KD250-V,启典 KD250-V,复古,"￥9,599",
,,启典,KD150-C,启典 KD150-C,巡航,"￥13,800",
,国产,钱江,小飓风150i,钱江 小飓风150i,跑车,"￥10,800",
,国产,钱江,风暴太子150,钱江 风暴太子150,街车,"￥10,800",
,国产,钱江,御龙QJ150-26A,钱江 御龙QJ150-26A,街车,"￥6,820",
,国产,钱江,蓝宝龙QJ150-17A,钱江 蓝宝龙QJ150-17A,街车,"￥8,532",
,国产,钱江,畅跑QJ125-6G,钱江 畅跑QJ125-6G,街车,"￥6,800",
,国产,钱江,金钢QJ150-16,钱江 金钢QJ150-16,街车,"￥6,682",
,国产,钱江,金福王QJ125-6M,钱江 金福王QJ125-6M,街车,"￥6,650",
,国产,钱江,金禧王QJ125-6N,钱江 金禧王QJ125-6N,街车,"￥6,250",
,国产,钱江,王中王QJ125-6A,钱江 王中王QJ125-6A,街车,"￥4,980",
,国产,钱江,五羊QJ125-6B,钱江 五羊QJ125-6B,街车,"￥6,300",
,国产,钱江,禧王QJ125-6A,钱江 禧王QJ125-6A,街车,"￥6,000",
,国产,钱江,钱江龙QJ150-19C,钱江 钱江龙QJ150-19C,街车,"￥8,180",
,国产,钱江,御龙QJ125-26,钱江 御龙QJ125-26,街车,"￥6,686",
,国产,钱江,御龙QJ150-26,钱江 御龙QJ150-26,街车,"￥6,820",
,国产,钱江,前进QJ100-6B,钱江 前进QJ100-6B,街车,"￥5,180",
,国产,钱江,金刚150,钱江 金刚150,街车,"￥7,380",
,,钱江,禧王QJ125-6A 动物防疫车,钱江 禧王QJ125-6A 动物防疫车,街车,,
,,钱江,禧王QJ125-6A 邮政车,钱江 禧王QJ125-6A 邮政车,街车,,
,,钱江,禧王QJ125-6A 警车,钱江 禧王QJ125-6A 警车,街车,,
,,钱江,QJ150-18F,钱江 QJ150-18F,街车,,
,,钱江,QJ125-26A,钱江 QJ125-26A,街车,,
,,钱江,钱江龙QJ150-19A,钱江 钱江龙QJ150-19A,街车,,
,国产,钱江,金钢QJ125-18A,钱江 金钢QJ125-18A,街车,"￥5,680",
,国产,钱江,禧王QJ150-18 山地版,钱江 禧王QJ150-18 山地版,街车,"￥6,100",
,国产,钱江,畅跑QJ150-11B,钱江 畅跑QJ150-11B,街车,"￥6,533",
,国产,钱江,祥龙QJ150-27,钱江 祥龙QJ150-27,街车,"￥6,380",
,国产,钱江,祥龙QJ125-27,钱江 祥龙QJ125-27,街车,"￥5,680",
,国产,钱江,卧龙150,钱江 卧龙150,街车,"￥7,680",
,国产,钱江,超金钢QJ150-25,钱江 超金钢QJ150-25,街车,"￥7,180",
,国产,钱江,超金钢QJ125-25,钱江 超金钢QJ125-25,街车,"￥6,780",
,国产,钱江,新金钢QJ150-23,钱江 新金钢QJ150-23,街车,"￥6,500",
,国产,钱江,御龙QJ150-26G,钱江 御龙QJ150-26G,街车,"￥4,000",
,国产,钱江,巡航者QJ250-J,钱江 巡航者QJ250-J,街车,"￥17,911",
,国产,钱江,金太子QJ125-6C,钱江 金太子QJ125-6C,街车,"￥5,843",
,国产,钱江,新钱江龙QJ150-19M,钱江 新钱江龙QJ150-19M,街车,"￥8,900",
,国产,钱江,猛龙QJ150-26H,钱江 猛龙QJ150-26H,街车,"￥8,800",
,国产,钱江,御龙QJ150-26J,钱江 御龙QJ150-26J,街车,"￥8,800",
,国产,钱江,飞龙150,钱江 飞龙150,街车,"￥8,680",
,国产,钱江,金龙,钱江 金龙,街车,"￥9,680",
,国产,钱江,威龙150,钱江 威龙150,街车,"￥6,980",
,国产,钱江,提诺Tino,钱江 提诺Tino,踏板,"￥7,980",
,国产,钱江,TAN125,钱江 TAN125,踏板,"￥6,980","￥7,480"
,国产,钱江,TAN125+,钱江 TAN125+,踏板,"￥7,480",
,国产,钱江,寻125,钱江 寻125,踏板,"￥7,680",
,国产,钱江,迪诺,钱江 迪诺,踏板,"￥13,980",
,国产,钱江,菲诺125,钱江 菲诺125,踏板,"￥8,999","￥9,280"
,国产,钱江,朗悦125,钱江 朗悦125,踏板,"￥6,680",
,国产,钱江,翎悦QJ125T-16E,钱江 翎悦QJ125T-16E,踏板,"￥6,500",
,国产,钱江,城市风QJ125T-23,钱江 城市风QJ125T-23,踏板,"￥8,675",
,国产,钱江,跨悦QJ125T-9E,钱江 跨悦QJ125T-9E,踏板,"￥5,016",
,国产,钱江,宝悦QJ110T-8,钱江 宝悦QJ110T-8,踏板,"￥5,969",
,国产,钱江,梦悦QJ125T-27C,钱江 梦悦QJ125T-27C,踏板,"￥6,343",
,国产,钱江,酷悦QJ100T-18D,钱江 酷悦QJ100T-18D,踏板,"￥5,098",
,国产,钱江,V悦QJ110T-11B,钱江 V悦QJ110T-11B,踏板,"￥6,380",
,国产,钱江,宝悦110T-8B,钱江 宝悦110T-8B,踏板,"￥7,500",
,国产,钱江,U悦QJ125T-17A,钱江 U悦QJ125T-17A,踏板,"￥5,680",
,,钱江,SIP-125,钱江 SIP-125,踏板,,
,国产,钱江,跨悦 QJ125T-9H,钱江 跨悦 QJ125T-9H,踏板,"￥5,680",
,,钱江,星悦VZ125i,钱江 星悦VZ125i,踏板,,
,国产,钱江,MT 150,钱江 MT 150,踏板,"￥12,800",
,国产,钱江,BG 200,钱江 BG 200,踏板,"￥16,800",
,国产,钱江,巧悦 110,钱江 巧悦 110,踏板,"￥5,980",
,国产,钱江,优悦125,钱江 优悦125,踏板,"￥6,980",
,,钱江,添悦125,钱江 添悦125,踏板,,
,国产,钱江,金刚150,钱江 金刚150,复古,"￥7,380",
,国产,钱江,风暴太子150,钱江 风暴太子150,巡航,"￥10,800",
,国产,钱江,荣耀250,钱江 荣耀250,巡航,"￥15,800",
,国产,钱江,凯威荣光 202,钱江 凯威荣光 202,巡航,"￥12,800",
,国产,钱江,凯威极光 200,钱江 凯威极光 200,巡航,"￥11,800",
,国产,钱江,凯威拾光 T-Light 250,钱江 凯威拾光 T-Light 250,巡航,"￥16,800",
,国产,钱江,飞虎太子150,钱江 飞虎太子150,巡航,"￥7,980",
,国产,钱江,风采QJ110-10C,钱江 风采QJ110-10C,弯梁,"￥3,825",
,国产,钱江,风格QJ110-11C a1-1,钱江 风格QJ110-11C a1-1,弯梁,"￥3,800",
,国产,钱江,QJ110-18G,钱江 QJ110-18G,弯梁,"￥4,660",
,,轻骑,悦胜K3 QM125-3KB,轻骑 悦胜K3 QM125-3KB,街车,"￥6,700",
,,轻骑,U俠一代 QM125-3XI,轻骑 U俠一代 QM125-3XI,街车,"￥8,865",
,,轻骑,福爽QM125-9C(Y)GS,轻骑 福爽QM125-9C(Y)GS,街车,"￥4,680",
,,轻骑,U侠200Z,轻骑 U侠200Z,街车,"￥10,130",
,,轻骑,U侠200R,轻骑 U侠200R,街车,"￥9,004",
,,轻骑,U侠200H,轻骑 U侠200H,街车,"￥8,767",
,,轻骑,U侠200Y,轻骑 U侠200Y,街车,"￥9,004",
,,轻骑,U侠200RB,轻骑 U侠200RB,街车,"￥11,056",
,,轻骑,U侠250Z,轻骑 U侠250Z,街车,"￥13,800",
,,轻骑,U侠250R,轻骑 U侠250R,街车,"￥14,101",
,,轻骑,游隼,轻骑 游隼,街车,"￥5,500",
,,轻骑,锋爽QM150-9D(IV),轻骑 锋爽QM150-9D(IV),街车,,
,,轻骑,悍胜QM150-3R(II),轻骑 悍胜QM150-3R(II),街车,,
,,轻骑,畅胜王 QM150-3P,轻骑 畅胜王 QM150-3P,街车,,
,,轻骑,新超值畅胜 QM125-3M(II)GS,轻骑 新超值畅胜 QM125-3M(II)GS,街车,,
,,轻骑,畅爽QM125-3M(III)CG,轻骑 畅爽QM125-3M(III)CG,街车,,
,,轻骑,新超值悦胜 QM125-3K(X1)B,轻骑 新超值悦胜 QM125-3K(X1)B,街车,,
,,轻骑,臻彩QM125T-6C,轻骑 臻彩QM125T-6C,踏板,"￥4,930",
,,轻骑,逸彩QM125T-6C,轻骑 逸彩QM125T-6C,踏板,"￥5,000",
,,轻骑,瑞彩QM125T-6C(T2),轻骑 瑞彩QM125T-6C(T2),踏板,,
,,轻骑,梦彩QM100T-12B(T1),轻骑 梦彩QM100T-12B(T1),踏板,,
,,轻骑,铃鹿QM48QT-8E（I）G,轻骑 铃鹿QM48QT-8E（I）G,踏板,"￥8,295",
,,轻骑,铃鹿QM48QT-8E（I）C,轻骑 铃鹿QM48QT-8E（I）C,踏板,"￥3,926",
,,轻骑,金灵动 QM48QT-8(II)GC,轻骑 金灵动 QM48QT-8(II)GC,踏板,"￥4,680",
,,轻骑,Terra200,轻骑 Terra200,拉力,,
,,轻骑,战獒Z1 QM150GY-C,轻骑 战獒Z1 QM150GY-C,越野,"￥9,680",
,,轻骑,QM150GY-K,轻骑 QM150GY-K,越野,,
,,轻骑,战獒QM250GY-F,轻骑 战獒QM250GY-F,越野,"￥17,460","￥17,596"
,,轻骑,锋致QM125-5G,轻骑 锋致QM125-5G,弯梁,,
,,轻骑,QM110-8A,轻骑 QM110-8A,弯梁,,
,,轻骑,锋将QM110-8F,轻骑 锋将QM110-8F,弯梁,,
,,轻骑,添运QM110-5A,轻骑 添运QM110-5A,弯梁,,
,,日雅,帅领 RY250T,日雅 帅领 RY250T,踏板,"￥17,800",
,,日雅,安东尼斯150,日雅 安东尼斯150,踏板,"￥9,800","￥12,800"
,,日雅,战舰150,日雅 战舰150,踏板,"￥12,800",
,,日雅,RY125T-45,日雅 RY125T-45,踏板,,
,,日雅,RY125T-46,日雅 RY125T-46,踏板,,
,,日雅,RY125T-48,日雅 RY125T-48,踏板,,
,,日雅,RY125T-47,日雅 RY125T-47,踏板,,
,,日雅,古丽斯娜,日雅 古丽斯娜,巡航,,
,,润通,RT250-12G,润通 RT250-12G,复古,"￥14,800",
,,润通,RT250-12F,润通 RT250-12F,复古,"￥15,800",
,国产,赛科龙,RC250,赛科龙 RC250,跑车,"￥14,988","￥19,999"
,国产,赛科龙,RC401,赛科龙 RC401,跑车,"￥22,988","￥26,980"
,,赛科龙,RC680R,赛科龙 RC680R,跑车,,
,,赛科龙,RC600,赛科龙 RC600,跑车,,
,国产,赛科龙,RZ3S,赛科龙 RZ3S,街车,"￥28,980",
,国产,赛科龙,RC3-250,赛科龙 RC3-250,街车,"￥19,600",
,国产,赛科龙,RZ3,赛科龙 RZ3,街车,"￥18,480",
,国产,赛科龙,RT3E 摩登,赛科龙 RT3E 摩登,踏板,"￥16,988",
,国产,赛科龙,RT150,赛科龙 RT150,踏板,"￥12,588",
,国产,赛科龙,睿途 RT3,赛科龙 睿途 RT3,踏板,"￥17,888","￥24,988"
,国产,赛科龙,RT2,赛科龙 RT2,踏板,"￥16,888","￥20,888"
,国产,赛科龙,RT1,赛科龙 RT1,踏板,"￥13,680","￥15,580"
,国产,赛科龙,RE600,赛科龙 RE600,复古,"￥29,988","￥36,800"
,国产,赛科龙,RE250,赛科龙 RE250,复古,"￥18,880",
,国产,赛科龙,RE401,赛科龙 RE401,复古,"￥30,800","￥32,800"
,国产,赛科龙,RE3,赛科龙 RE3,复古,"￥22,800","￥34,800"
,国产,赛科龙,RE3 Scrambler,赛科龙 RE3 Scrambler,复古,"￥31,980","￥33,980"
,国产,赛科龙,RA250,赛科龙 RA250,巡航,"￥13,988","￥14,988"
,国产,赛科龙,RA2,赛科龙 RA2,巡航,"￥11,988",
,国产,赛科龙,RA401,赛科龙 RA401,巡航,"￥21,980","￥23,988"
,,赛科龙,AQS401,赛科龙 AQS401,巡航,,
,,赛科龙,RA600,赛科龙 RA600,巡航,,
,,赛科龙,RA900,赛科龙 RA900,巡航,,
,国产,赛科龙,RX600,赛科龙 RX600,拉力,"￥29,988","￥31,988"
,国产,赛科龙,RX401,赛科龙 RX401,拉力,"￥26,999","￥29,980"
,国产,赛科龙,RX1S,赛科龙 RX1S,拉力,"￥17,980",
,国产,赛科龙,RX3,赛科龙 RX3,拉力,"￥20,800","￥23,800"
,国产,赛科龙,RX3S,赛科龙 RX3S,拉力,"￥29,800","￥32,800"
,国产,赛科龙,RX650,赛科龙 RX650,拉力,"￥39,988","￥47,800"
,国产,赛科龙,RX500,赛科龙 RX500,拉力,"￥34,880","￥37,800"
,国产,赛科龙,RX1,赛科龙 RX1,拉力,"￥11,980","￥13,980"
,,赛科龙,RX850,赛科龙 RX850,拉力,,
,,赛科龙,SR250-2B,赛科龙 SR250-2B,拉力,,
,国产,赛科龙,RG401,赛科龙 RG401,旅行,"￥30,800","￥32,800"
,,赛科龙,RK6,赛科龙 RK6,旅行,,
,国产,赛科龙,RG3,赛科龙 RG3,旅行,"￥32,800","￥34,800"
,,赛科龙,RG600,赛科龙 RG600,旅行,,
,,赛珀,501,赛珀 501,巡航,"￥27,999","￥29,999"
,,三铃,酷SL150-30,三铃 酷SL150-30,街车,"￥6,450",
,,三铃,俊朗SL125-20T,三铃 俊朗SL125-20T,街车,"￥4,900",
,,三铃,翼SL150-29 V,三铃 翼SL150-29 V,街车,"￥5,200",
,,三铃,领航太子SL125-5BT,三铃 领航太子SL125-5BT,街车,"￥5,800",
,,三铃,喜旺SL150-28A,三铃 喜旺SL150-28A,街车,"￥4,680",
,,三铃,和谐号SL125-T CG,三铃 和谐号SL125-T CG,街车,"￥4,500",
,,三铃,铃木王SL125-23AT,三铃 铃木王SL125-23AT,街车,"￥8,800",
,,三铃,五羊SL150-2T,三铃 五羊SL150-2T,街车,"￥4,800",
,,三铃,钻豹SL125-3T,三铃 钻豹SL125-3T,街车,"￥5,600",
,,三铃,太子SL125-5T,三铃 太子SL125-5T,街车,"￥5,600",
,,三铃,罗马阳光SL125T-16A,三铃 罗马阳光SL125T-16A,踏板,,
,,三铃,羽钻SL125T-10,三铃 羽钻SL125T-10,踏板,,
,,三铃,爱神SL350T,三铃 爱神SL350T,踏板,"￥36,800",
,,三铃,街玩SL125GS,三铃 街玩SL125GS,踏板,"￥7,980",
,,三铃,天王星 SL100T-6,三铃 天王星 SL100T-6,踏板,,
,,三铃,SL100T-S,三铃 SL100T-S,踏板,,
,,三铃,SL110T,三铃 SL110T,踏板,,
,,三铃,SL125T-12S,三铃 SL125T-12S,踏板,,
,,三铃,SL125-3S,三铃 SL125-3S,复古,,
,,三铃,SL125-S,三铃 SL125-S,复古,,
,,三铃,SL150-2S,三铃 SL150-2S,复古,,
,,三铃,SL125-5S,三铃 SL125-5S,复古,,
,,三铃,酷驰SL110-11,三铃 酷驰SL110-11,弯梁,"￥3,800",
,,三铃,V驰SL110-10,三铃 V驰SL110-10,弯梁,"￥3,800",
,,三铃,SL110-6S,三铃 SL110-6S,弯梁,,
,,三鑫,ACE 复古咖啡 SX150-17,三鑫 ACE 复古咖啡 SX150-17,复古,"￥10,800",
,,三鑫,大弯弯 SX 250-2,三鑫 大弯弯 SX 250-2,复古,"￥16,800",
,,三鑫,巴比莉 ST110-15,三鑫 巴比莉 ST110-15,MINI,"￥4,700",
,,三鑫,小猴子 ST 50-8,三鑫 小猴子 ST 50-8,MINI,"￥6,800",
,,三鑫,长颈鹿 DAX ST50-6,三鑫 长颈鹿 DAX ST50-6,MINI,"￥5,100",
,,三鑫,狒狒ST125-10,三鑫 狒狒ST125-10,MINI,"￥5,800",
,,三鑫,小弯弯ST125-11,三鑫 小弯弯ST125-11,MINI,"￥8,600",
,,三鑫,越野猴ST125-18,三鑫 越野猴ST125-18,MINI,"￥6,200",
,,三雅,锐士王 SY150-9,三雅 锐士王 SY150-9,街车,"￥9,690",
,,三雅,勇士 SY125-40,三雅 勇士 SY125-40,街车,"￥5,680",
,,三雅,飞马 SY150-48,三雅 飞马 SY150-48,街车,"￥6,680",
,,三雅,UF150,三雅 UF150,街车,"￥8,999",
,,三雅,幸运马 SY150-18A,三雅 幸运马 SY150-18A,街车,"￥7,880",
,,三雅,淑御 SY100T-22,三雅 淑御 SY100T-22,踏板,,
,,三雅,海飞 SY125T-43,三雅 海飞 SY125T-43,踏板,"￥5,680",
,,三雅,淑雅 SY100T-22C,三雅 淑雅 SY100T-22C,踏板,"￥5,980",
,,三雅,逸动 SY150-47,三雅 逸动 SY150-47,复古,"￥6,380",
,,三雅,轩动王 SY150-16,三雅 轩动王 SY150-16,巡航,"￥9,790",
,,三雅,天龙太子,三雅 天龙太子,巡航,"￥7,380",
,,三雅,飞阳Ⅱ SY110-42,三雅 飞阳Ⅱ SY110-42,弯梁,"￥6,380","￥6,580"
,,三業,都灵,三業 都灵,踏板,"￥6,666","￥8,980"
,,三業,喀秋莎,三業 喀秋莎,踏板,"￥11,980","￥13,999"
,,三業,曼岛,三業 曼岛,踏板,"￥6,980","￥7,980"
,,三業,赛博150,三業 赛博150,踏板,"￥12,980","￥15,880"
,,三業,欧拉110,三業 欧拉110,踏板,"￥6,980",
,,三業,劲锐110,三業 劲锐110,踏板,"￥7,980",
,,三業,梦拉110,三業 梦拉110,踏板,"￥6,980",
,,森科,猛龙 SK200,森科 猛龙 SK200,街车,"￥8,255",
,,森科,金刚魔兽 SK 250-K,森科 金刚魔兽 SK 250-K,街车,"￥15,800","￥18,800"
,,森科,SK 400-K,森科 SK 400-K,街车,"￥24,800",
,,森科,金刚魔兽-KG,森科 金刚魔兽-KG,复古,"￥26,800",
,,山洋,摩影 S450,山洋 摩影 S450,跑车,"￥15,800",
,,升仕,703RR,升仕 703RR,跑车,,
,,升仕,703R,升仕 703R,街车,,
,,升仕,350R,升仕 350R,街车,"￥21,800","￥22,800"
,,升仕,310R,升仕 310R,街车,"￥23,800","￥26,800"
,,升仕,250S,升仕 250S,街车,"￥15,800","￥17,800"
,,升仕,250R,升仕 250R,街车,"￥17,800",
,,升仕,368D,升仕 368D,踏板,"￥28,800",
,,升仕,368E,升仕 368E,踏板,"￥30,800",
,,升仕,368G,升仕 368G,踏板,,
,,升仕,368M,升仕 368M,踏板,"￥28,800",
,,升仕,150D,升仕 150D,踏板,"￥15,800",
,,升仕,150M,升仕 150M,踏板,"￥15,800",
,,升仕,368K,升仕 368K,踏板,,
,,升仕,350D,升仕 350D,踏板,"￥28,800",
,,升仕,350E,升仕 350E,踏板,"￥30,800",
,,升仕,501G,升仕 501G,踏板,,
,,升仕,310M,升仕 310M,踏板,"￥26,800",
,,升仕,350K,升仕 350K,踏板,,
,,升仕,350M,升仕 350M,踏板,"￥28,800",
,,升仕,501K,升仕 501K,踏板,,
,,升仕,501H,升仕 501H,踏板,,
,,升仕,GK350,升仕 GK350,复古,"￥22,800",
,,升仕,Cafe Racer 125,升仕 Cafe Racer 125,复古,,
,,升仕,350V,升仕 350V,巡航,"￥23,800",
,,升仕,350VX,升仕 350VX,巡航,"￥24,800",
,,升仕,350S,升仕 350S,巡航,"￥23,800",
,,升仕,310V,升仕 310V,巡航,"￥26,800","￥27,800"
,,升仕,310VX,升仕 310VX,巡航,"￥28,800",
,,升仕,703F,升仕 703F,拉力,"￥43,800",
,,升仕,350T,升仕 350T,拉力,"￥22,800","￥23,800"
,,升仕,310T,升仕 310T,拉力,"￥26,800","￥28,800"
,,升仕,703T,升仕 703T,旅行,,
,,升仕,350X,升仕 350X,旅行,"￥22,800","￥23,800"
,,升仕,310X,升仕 310X,旅行,"￥24,800","￥28,300"
,,胜利,V92C Cruiser,胜利 V92C Cruiser,街车,,
,,胜利,V92SC Sport Cruiser,胜利 V92SC Sport Cruiser,街车,,
,,胜利,Hammer 8-Ball,胜利 Hammer 8-Ball,巡航,"￥195,800",
,,胜利,Judge,胜利 Judge,巡航,"￥195,800",
,,胜利,Hammer S,胜利 Hammer S,巡航,"￥225,000",
,,胜利,High-Ball,胜利 High-Ball,巡航,"￥198,000",
,,胜利,Vegas 8-Ball,胜利 Vegas 8-Ball,巡航,"￥169,800",
,,胜利,Gunner Bobber,胜利 Gunner Bobber,巡航,"￥179,900",
,,胜利,Octane,胜利 Octane,巡航,"￥139,900",
,,胜利,Cross Country,胜利 Cross Country,巡航,,
,,胜利,Vision Tour,胜利 Vision Tour,巡航,,
,,胜利,Boardwalk,胜利 Boardwalk,巡航,,
,,胜利,Cross Country Cory Ness L.E.,胜利 Cross Country Cory Ness L.E.,巡航,,
,,胜利,Cross Country Zach Ness,胜利 Cross Country Zach Ness,巡航,,
,,胜利,Cross Country 8-Ball,胜利 Cross Country 8-Ball,巡航,,
,,胜利,Cross Country Factory Custom,胜利 Cross Country Factory Custom,巡航,,
,,胜利,Cross Roads,胜利 Cross Roads,巡航,,
,,胜利,Cross Roads Classic,胜利 Cross Roads Classic,巡航,,
,,胜利,Cross Roads 8-Ball,胜利 Cross Roads 8-Ball,巡航,,
,,胜利,Hammer,胜利 Hammer,巡航,,
,,胜利,Hard-Ball,胜利 Hard-Ball,巡航,,
,,胜利,Jackpot,胜利 Jackpot,巡航,,
,,胜利,Kingpin,胜利 Kingpin,巡航,,
,,胜利,Kingpin Deluxe,胜利 Kingpin Deluxe,巡航,,
,,胜利,Kingpin Low,胜利 Kingpin Low,巡航,,
,,胜利,Kingpin Tour,胜利 Kingpin Tour,巡航,,
,,胜利,Kingpin 8-Ball,胜利 Kingpin 8-Ball,巡航,,
,,胜利,Touring Cruiser,胜利 Touring Cruiser,巡航,,
,,胜利,Vegas,胜利 Vegas,巡航,,
,,胜利,Vegas Ness Limited,胜利 Vegas Ness Limited,巡航,,
,,胜利,Vegas Limited Edition,胜利 Vegas Limited Edition,巡航,,
,,胜利,Vegas Zach Ness,胜利 Vegas Zach Ness,巡航,,
,,胜利,Vegas Jackpot,胜利 Vegas Jackpot,巡航,,
,,胜利,Vegas Low,胜利 Vegas Low,巡航,,
,,胜利,Vision 8-Ball,胜利 Vision 8-Ball,巡航,,
,,胜利,Vision Street,胜利 Vision Street,巡航,,
,,胜利,Vision Street Premium,胜利 Vision Street Premium,巡航,,
,,胜利,Vision Street Special Edition,胜利 Vision Street Special Edition,巡航,,
,,胜利,Magnum,胜利 Magnum,旅行,,
,,胜利,Cross Country Cory Ness,胜利 Cross Country Cory Ness,旅行,,
,,胜利,Cross Country Tour,胜利 Cross Country Tour,旅行,,
,,胜利,Vision Tour Premium,胜利 Vision Tour Premium,旅行,,
,,双本,JH125T-8,双本 JH125T-8,踏板,"￥6,800",
,,双本,金爵边三轮,双本 金爵边三轮,三轮,"￥15,700",
,,双本,速刻边三轮,双本 速刻边三轮,三轮,"￥19,800",
,,双本,速刻少女边三轮,双本 速刻少女边三轮,三轮,"￥15,600",
,,双本,速刻赛戈边三轮,双本 速刻赛戈边三轮,三轮,"￥21,800",
,,斯托纳,猿猴,斯托纳 猿猴,MINI,"￥9,980","￥11,980"
,,斯托纳,猿猴125 Cross,斯托纳 猿猴125 Cross,MINI,"￥11,980",
,,斯托纳,长颈鹿,斯托纳 长颈鹿,MINI,"￥7,980","￥9,980"
,,斯托纳,猿猴125 Side Tricycle,斯托纳 猿猴125 Side Tricycle,三轮,"￥14,980","￥17,980"
,,松散,American Bobber,松散 American Bobber,巡航,"￥233,000",
,,松散,American FatTire,松散 American FatTire,巡航,"￥318,000",
,,松散,America Chopper,松散 America Chopper,巡航,"￥370,000",
,,台荣,GP2-200R,台荣 GP2-200R,跑车,"￥11,980",
,,台荣,GP1-250R,台荣 GP1-250R,跑车,"￥15,980","￥16,980"
,,台荣,GP1-400R,台荣 GP1-400R,跑车,"￥25,800",
,,台荣,TR 400,台荣 TR 400,跑车,"￥22,800","￥25,800"
,,台荣,荣250,台荣 荣250,踏板,"￥13,555","￥15,555"
,,台荣,荣150,台荣 荣150,踏板,"￥12,980",
,,台荣,开拓者 TR400T,台荣 开拓者 TR400T,踏板,"￥25,980",
,,台荣,马杰斯特T3,台荣 马杰斯特T3,踏板,"￥8,000",
,,台荣,巡洋舰T2,台荣 巡洋舰T2,踏板,"￥7,800",
,,台荣,MAX 150,台荣 MAX 150,踏板,"￥8,200",
,,台荣,Alex T9,台荣 Alex T9,踏板,"￥9,800",
,,台荣,T10,台荣 T10,踏板,"￥11,800",
,,台荣,探路者300,台荣 探路者300,踏板,"￥17,800","￥21,800"
,,台荣,CT-Max T-8,台荣 CT-Max T-8,踏板,"￥9,062",
,,台荣,捍卫者 TR300T,台荣 捍卫者 TR300T,踏板,"￥24,880",
,,台荣,KS-9,台荣 KS-9,踏板,"￥12,299",
,,台荣,KS-10,台荣 KS-10,踏板,"￥12,999",
,,台荣,T12,台荣 T12,踏板,"￥17,980",
,,台荣,C5,台荣 C5,复古,"￥25,880",
,,台田TAITONDA,苏立克150,台田TAITONDA 苏立克150,踏板,"￥13,800",
,,台田TAITONDA,娜吉莉 Nakri150,台田TAITONDA 娜吉莉 Nakri150,踏板,"￥12,800",
,,台田TAITONDA,新悠Y,台田TAITONDA 新悠Y,踏板,"￥6,680",
,,台田TAITONDA,Helenss150,台田TAITONDA Helenss150,踏板,"￥8,680",
,,台田TAITONDA,卡拉KARLA,台田TAITONDA 卡拉KARLA,踏板,"￥7,980",
,,台田TAITONDA,苏立克ADV150,台田TAITONDA 苏立克ADV150,踏板,"￥13,680",
,,台田TAITONDA,TT125T-4D,台田TAITONDA TT125T-4D,踏板,"￥6,800",
,,台田TAITONDA,卡拉二代KARLA125,台田TAITONDA 卡拉二代KARLA125,踏板,"￥6,680",
,,台田TAITONDA,TT125T-8D,台田TAITONDA TT125T-8D,踏板,"￥6,680",
,,台田TAITONDA,TT125T-9D,台田TAITONDA TT125T-9D,踏板,"￥6,680",
,,台田TAITONDA,TT125T-9D(2),台田TAITONDA TT125T-9D(2),踏板,"￥6,680",
,,台田TAITONDA,TT150T-5D,台田TAITONDA TT150T-5D,踏板,"￥7,980","￥8,880"
,,天地游侠,极客,天地游侠 极客,跑车,"￥10,866",
,,天地游侠,大漠鹰WJ150-C,天地游侠 大漠鹰WJ150-C,街车,"￥7,558",
,,天地游侠,WJ150-D,天地游侠 WJ150-D,街车,"￥7,705",
,,天地游侠,战斧WJ150R,天地游侠 战斧WJ150R,街车,"￥9,185",
,,天地游侠,听风WJ300,天地游侠 听风WJ300,街车,"￥19,800",
,,天地游侠,天地游侠大公仔WJ150-18,天地游侠 天地游侠大公仔WJ150-18,街车,"￥6,896",
,,天地游侠,骐迹GTR150,天地游侠 骐迹GTR150,街车,"￥7,680",
,,天地游侠,WJ125T-3B,天地游侠 WJ125T-3B,踏板,"￥5,600",
,,天地游侠,魔童 D3,天地游侠 魔童 D3,复古,"￥8,380","￥10,800"
,,天地游侠,布雷斯通 G3,天地游侠 布雷斯通 G3,复古,"￥10,800","￥11,580"
,,天地游侠,布雷斯通 C1,天地游侠 布雷斯通 C1,复古,"￥18,800",
,,天地游侠,布雷斯通 C2,天地游侠 布雷斯通 C2,复古,"￥14,580",
,,天地游侠,BOBBER 150,天地游侠 BOBBER 150,复古,"￥11,980","￥12,580"
,,天地游侠,XT,天地游侠 XT,复古,"￥11,280","￥11,580"
,,天地游侠,布雷斯通 魔童 D5,天地游侠 布雷斯通 魔童 D5,MINI,"￥9,580","￥9,780"
,,天地游侠,WJ125-19,天地游侠 WJ125-19,弯梁,"￥3,700",
,,天马,天翼TM125-4E IV,天马 天翼TM125-4E IV,街车,,
,,天马,天福150-6E,天马 天福150-6E,街车,"￥5,800",
,国产,天鹰,Vertigo 300,天鹰 Vertigo 300,越野,"￥83,000","￥88,000"
,国产,天鹰,TX,天鹰 TX,踏板,"￥11,980","￥16,880"
,国产,天鹰,TS,天鹰 TS,踏板,"￥11,680","￥12,980"
,国产,天鹰,TT,天鹰 TT,踏板,"￥13,980","￥14,980"
,国产,天鹰,糖,天鹰 糖,踏板,"￥13,680",
,国产,天鹰,游艇125,天鹰 游艇125,踏板,"￥7,280","￥8,280"
,国产,天鹰,楼兰,天鹰 楼兰,踏板,"￥13,980","￥14,580"
,国产,天鹰,游艇150,天鹰 游艇150,踏板,"￥12,800",
,,天鹰,TT150公务车,天鹰 TT150公务车,踏板,,
,,天鹰,TA,天鹰 TA,踏板,,
,国产,天鹰,爵士TY250-5,天鹰 爵士TY250-5,复古,"￥13,800",
,国产,天鹰,VOX,天鹰 VOX,复古,"￥12,800",
,,王野,甲壳虫,王野 甲壳虫,踏板,"￥4,380",
,,王野,王道125,王野 王道125,踏板,"￥7,980","￥8,280"
,,王野,吉鹿,王野 吉鹿,踏板,"￥4,380",
,,王野,穿越Pass150,王野 穿越Pass150,踏板,"￥12,580",
,,王野,小牛110,王野 小牛110,踏板,"￥6,680",
,,王野,炫美110,王野 炫美110,踏板,"￥6,520",
,,王野,炫舞110,王野 炫舞110,踏板,"￥6,580",
,,王野,伊维莎,王野 伊维莎,踏板,"￥8,380",
,,望江,U2,望江 U2,踏板,"￥8,680",
,,望江,科纳威125,望江 科纳威125,踏板,"￥6,980",
,,望江,悦美,望江 悦美,踏板,"￥6,580",
,,望江,WJ125T-36,望江 WJ125T-36,踏板,"￥6,999","￥7,999"
,,望江,锐行Li,望江 锐行Li,踏板,"￥7,580",
,,望江,EVA伊娃,望江 EVA伊娃,踏板,"￥7,280",
,,望江,OCR,望江 OCR,踏板,"￥6,980",
,,望江,悦可,望江 悦可,踏板,"￥7,980",
,,望江,CB150R,望江 CB150R,复古,"￥9,980",
,,望江,现代小铃童,望江 现代小铃童,MINI,"￥10,280","￥12,980"
,,望龙,WL125T-15,望龙 WL125T-15,踏板,,
,,望龙,WL125T-19,望龙 WL125T-19,踏板,,
,,望龙,WL125T-20,望龙 WL125T-20,踏板,,
,,望龙,WL125T-23,望龙 WL125T-23,踏板,,
,,望龙,WL125T-25,望龙 WL125T-25,踏板,,
,,望龙,WL125T-26,望龙 WL125T-26,踏板,,
,,望龙,WL125T-27,望龙 WL125T-27,踏板,,
,,望龙,WL125T-33,望龙 WL125T-33,踏板,,
,,望龙,WL125T-35,望龙 WL125T-35,踏板,,
,,望雅,威风,望雅 威风,踏板,"￥7,880",
,,望雅,WY125T-6C,望雅 WY125T-6C,踏板,,
,,望雅,WY125T-8C,望雅 WY125T-8C,踏板,,
,,望雅,WY125T-12C,望雅 WY125T-12C,踏板,,
,,望雅,WY125T-26C,望雅 WY125T-26C,踏板,,
,,望雅,WY125T-27C,望雅 WY125T-27C,踏板,,
,,望雅,WY150T-4C,望雅 WY150T-4C,踏板,,
,,望雅,WY150T-5C,望雅 WY150T-5C,踏板,,
,,望雅,WY150T-10C,望雅 WY150T-10C,踏板,,
,,望雅,猛士一代150,望雅 猛士一代150,踏板,"￥6,980",
,,望雅,猛士三代,望雅 猛士三代,踏板,"￥7,580",
,,望雅,WY150T-12C,望雅 WY150T-12C,弯梁,"￥8,800",
,,威也纳,ZL150T,威也纳 ZL150T,踏板,"￥13,680",
,,威也纳,150ADV 威途,威也纳 150ADV 威途,踏板,"￥13,680",
,,威也纳,伊丽莎150Max,威也纳 伊丽莎150Max,踏板,"￥13,680",
,,维多利亚,Sixties 150Si,维多利亚 Sixties 150Si,踏板,"￥14,980","￥15,680"
,,维多利亚,Sixties 250Si,维多利亚 Sixties 250Si,踏板,"￥17,680","￥22,680"
,,维多利亚,Sixties 300i,维多利亚 Sixties 300i,踏板,"￥25,880","￥26,880"
,,维多利亚,Sixties 150i,维多利亚 Sixties 150i,踏板,"￥13,980","￥14,980"
,,维多利亚,Simplee V7,维多利亚 Simplee V7,巡航,,
俄罗斯,进口,乌拉尔,装甲兵,乌拉尔 装甲兵,三轮,"￥230,000","￥298,800"
俄罗斯,进口,乌拉尔,旅行家,乌拉尔 旅行家,三轮,"￥188,000","￥198,000"
,,乌拉尔,MIR,乌拉尔 MIR,街车,,
,,乌拉尔,Solo sT,乌拉尔 Solo sT,复古,,
,,乌拉尔,M70,乌拉尔 M70,三轮,,
,,乌拉尔,Patrol,乌拉尔 Patrol,三轮,,
,,乌拉尔,CT,乌拉尔 CT,三轮,,
,,乌拉尔,Arctic,乌拉尔 Arctic,三轮,,
,,乌拉尔,Gaucho Rambler L.E.,乌拉尔 Gaucho Rambler L.E.,三轮,,
,,乌拉尔,M70 Anniversary Edition,乌拉尔 M70 Anniversary Edition,三轮,,
,,乌拉尔,Red October,乌拉尔 Red October,三轮,,
,,乌拉尔,T,乌拉尔 T,三轮,,
,,乌拉尔,Yamal Limited Edition,乌拉尔 Yamal Limited Edition,三轮,,
,,乌拉尔,Retro,乌拉尔 Retro,三轮,,
,国产,无极,250RR,无极 250RR,跑车,"￥15,499","￥20,980"
,国产,无极,RR525,无极 RR525,跑车,"￥28,980",
,国产,无极,300RR,无极 300RR,跑车,"￥19,980",
,,无极,RR660,无极 RR660,跑车,,
,,无极,RR350,无极 RR350,跑车,,
,国产,无极,525R,无极 525R,街车,"￥30,980",
,国产,无极,300R,无极 300R,街车,"￥19,000",
,国产,无极,500R,无极 500R,街车,"￥29,999","￥34,800"
,国产,无极,650R,无极 650R,街车,"￥39,800",
,国产,无极,SR250GT,无极 SR250GT,踏板,"￥17,666","￥18,888"
,国产,无极,SR150C,无极 SR150C,踏板,"￥13,980",
,国产,无极,SR4 Max,无极 SR4 Max,踏板,"￥31,766","￥41,766"
,国产,无极,SR150GT,无极 SR150GT,踏板,"￥13,980","￥14,980"
,,无极,LX150T-29A,无极 LX150T-29A,踏板,,
,国产,无极,300AC,无极 300AC,复古,"￥19,980","￥20,980"
,国产,无极,AC525,无极 AC525,复古,"￥31,980",
,国产,无极,350AC,无极 350AC,复古,"￥26,680",
,国产,无极,Q250,无极 Q250,复古,"￥17,980",
,国产,无极,500AC,无极 500AC,复古,"￥34,980",
,国产,无极,CU525,无极 CU525,巡航,"￥26,666","￥27,188"
,,无极,CU250,无极 CU250,巡航,,
,国产,无极,DS525,无极 DS525,拉力,"￥31,766","￥35,766"
,,无极,DS900,无极 DS900,拉力,,
,国产,无极,300DS,无极 300DS,拉力,"￥21,800","￥24,600"
,国产,无极,650DS,无极 650DS,拉力,"￥43,800","￥47,800"
,国产,无极,500DS,无极 500DS,拉力,"￥33,580","￥40,800"
,国产,无极,300GY Rally,无极 300GY Rally,越野,"￥23,600",
,,五本,蛟龙 400,五本 蛟龙 400,跑车,"￥13,980",
,,五本,WB100T-D,五本 WB100T-D,踏板,,
,,五本,WB125T-5D,五本 WB125T-5D,踏板,,
,,五本,WB125T-5E,五本 WB125T-5E,踏板,,
,,五本,WB125T-6D,五本 WB125T-6D,踏板,,
,,五本,WB125T-7D,五本 WB125T-7D,踏板,,
,,五本,WB125T-9E,五本 WB125T-9E,踏板,,
,,五本,WB125-2D,五本 WB125-2D,复古,,
,,五本,WB125-3D,五本 WB125-3D,复古,,
,,五本,WB125-D,五本 WB125-D,复古,,
,,五本,WB150-2D,五本 WB150-2D,复古,,
,,五本,WB150-3D,五本 WB150-3D,复古,,
,,五本,WB150-4D,五本 WB150-4D,复古,,
,,五本,WB110-2D,五本 WB110-2D,弯梁,,
,,五本,WB110-D,五本 WB110-D,弯梁,,
,,五本PLUS,郅行125,五本PLUS 郅行125,踏板,"￥6,899","￥7,899"
,,五本PLUS,探戈,五本PLUS 探戈,踏板,"￥13,580",
,,五本PLUS,Z-MAX,五本PLUS Z-MAX,踏板,"￥13,880",
,,五本PLUS,酷特,五本PLUS 酷特,踏板,"￥14,980",
,,五本PLUS,锐行Li,五本PLUS 锐行Li,踏板,"￥7,580",
,,五本PLUS,OCR,五本PLUS OCR,踏板,"￥6,980",
,,五本PLUS,EVA伊娃,五本PLUS EVA伊娃,踏板,,
,,五本PLUS,逸行,五本PLUS 逸行,踏板,"￥6,980",
,,五本PLUS,鸭鸭,五本PLUS 鸭鸭,踏板,,
,,五本PLUS,悦可,五本PLUS 悦可,踏板,"￥7,980",
,国产,五羊,山鹰,五羊 山鹰,跑车,"￥13,800",
,国产,五羊,山猫,五羊 山猫,跑车,"￥13,800",
,国产,五羊,啸250,五羊 啸250,跑车,"￥18,800",
,国产,五羊,凯行,五羊 凯行,踏板,"￥6,880",
,国产,五羊,WY150T-2D,五羊 WY150T-2D,踏板,"￥13,980",
,国产,五羊,凯航,五羊 凯航,踏板,"￥6,680",
,国产,五羊,星锐,五羊 星锐,踏板,"￥14,990",
,国产,五羊,WY125T-10D,五羊 WY125T-10D,踏板,"￥7,480",
,国产,五羊,URV,五羊 URV,踏板,"￥7,280",
,国产,五羊,UVR,五羊 UVR,踏板,"￥7,980",
,国产,五羊,DILA,五羊 DILA,踏板,"￥7,880",
,国产,五羊,WY125T-8D,五羊 WY125T-8D,踏板,"￥6,480",
,,五羊,欧戈,五羊 欧戈,踏板,,
,,五羊,星途升级版,五羊 星途升级版,踏板,,
,国产,五羊,喜羊羊,五羊 喜羊羊,弯梁,"￥5,980",
,国产,五羊,凯旋,五羊 凯旋,弯梁,"￥5,580",
日本,合资,五羊本田,NSP,五羊本田 NSP,街车,"￥12,800","￥13,680"
日本,合资,五羊本田,CB190R 暴锋眼,五羊本田 CB190R 暴锋眼,街车,"￥11,680","￥12,680"
日本,合资,五羊本田,RR150 幻影,五羊本田 RR150 幻影,街车,"￥13,280",
日本,合资,五羊本田,帅影150,五羊本田 帅影150,街车,"￥9,780","￥10,080"
日本,合资,五羊本田,威领150,五羊本田 威领150,街车,"￥7,290","￥8,180"
日本,合资,五羊本田,CB150S雄帅,五羊本田 CB150S雄帅,街车,"￥9,510",
日本,合资,五羊本田,锋翔 125,五羊本田 锋翔 125,街车,"￥7,580",
日本,合资,五羊本田,悍影 150,五羊本田 悍影 150,街车,"￥7,980",
日本,合资,五羊本田,新锋翼125,五羊本田 新锋翼125,街车,"￥8,441",
日本,合资,五羊本田,锋领150,五羊本田 锋领150,街车,"￥8,800",
日本,合资,五羊本田,锋帅125,五羊本田 锋帅125,街车,"￥7,910",
日本,合资,五羊本田,NW F125,五羊本田 NW F125,踏板,"￥9,980","￥13,400"
日本,合资,五羊本田,LD125 LINK,五羊本田 LD125 LINK,踏板,"￥10,980","￥12,180"
日本,合资,五羊本田,PCX,五羊本田 PCX,踏板,"￥22,990",
日本,合资,五羊本田,NX125,五羊本田 NX125,踏板,"￥9,890","￥11,080"
日本,合资,五羊本田,NCR125,五羊本田 NCR125,踏板,"￥9,990","￥11,620"
日本,合资,五羊本田,Tapas 塔帕100,五羊本田 Tapas 塔帕100,踏板,"￥8,510","￥8,880"
日本,合资,五羊本田,SCR 喜鲨125,五羊本田 SCR 喜鲨125,踏板,"￥7,080",
日本,合资,五羊本田,NB-X125,五羊本田 NB-X125,踏板,"￥8,280",
日本,合资,五羊本田,Spacy 125,五羊本田 Spacy 125,踏板,"￥7,980","￥8,880"
日本,合资,五羊本田,SCR110 佳御,五羊本田 SCR110 佳御,踏板,"￥13,480",
日本,合资,五羊本田,SCR 喜蕴100,五羊本田 SCR 喜蕴100,踏板,"￥6,680",
日本,合资,五羊本田,Spacy 优酷110+,五羊本田 Spacy 优酷110+,踏板,"￥8,380","￥8,780"
日本,合资,五羊本田,SCR 喜悦100,五羊本田 SCR 喜悦100,踏板,"￥7,780",
日本,合资,五羊本田,Spacy 雅志110,五羊本田 Spacy 雅志110,踏板,"￥8,780","￥8,980"
日本,合资,五羊本田,Spacyα 睿御110,五羊本田 Spacyα 睿御110,踏板,"￥10,980",
日本,合资,五羊本田,优悦110,五羊本田 优悦110,踏板,"￥9,680",
日本,合资,五羊本田,佳颖125,五羊本田 佳颖125,踏板,"￥8,015",
日本,合资,五羊本田,新优酷 110,五羊本田 新优酷 110,踏板,"￥8,280",
日本,合资,五羊本田,Stream 幻鲨125,五羊本田 Stream 幻鲨125,踏板,"￥10,680",
日本,合资,五羊本田,Spacy 睿影110,五羊本田 Spacy 睿影110,踏板,"￥11,280",
日本,合资,五羊本田,Cruising 御鲨125,五羊本田 Cruising 御鲨125,踏板,"￥8,380",
日本,合资,五羊本田,SCR 喜悦110,五羊本田 SCR 喜悦110,踏板,"￥8,580","￥8,960"
日本,合资,五羊本田,Spacy 睿镁110,五羊本田 Spacy 睿镁110,踏板,"￥10,080",
日本,合资,五羊本田,BEEZ 蜂鸣100,五羊本田 BEEZ 蜂鸣100,踏板,"￥8,380",
日本,合资,五羊本田,鸷道 CB190SS,五羊本田 鸷道 CB190SS,复古,"￥14,680",
日本,合资,五羊本田,CG125,五羊本田 CG125,复古,"￥7,280","￥8,180"
日本,合资,五羊本田,领御125,五羊本田 领御125,巡航,"￥7,680",
日本,合资,五羊本田,猛鸷 CB190X,五羊本田 猛鸷 CB190X,拉力,"￥14,480","￥18,680"
日本,合资,五羊本田,小火箭125,五羊本田 小火箭125,弯梁,"￥7,080",
日本,合资,五羊本田,凯影125,五羊本田 凯影125,弯梁,"￥7,280",
日本,合资,五羊本田,新锋影WY125-S,五羊本田 新锋影WY125-S,弯梁,"￥5,759",
日本,合资,五羊本田,锋驰青春版110,五羊本田 锋驰青春版110,弯梁,"￥4,980",
日本,合资,五羊本田,幻影WH150-2,五羊本田 幻影WH150-2,街车,"￥12,800",
日本,合资,五羊本田,锋云125,五羊本田 锋云125,街车,"￥8,980",
日本,合资,五羊本田,旗御125,五羊本田 旗御125,街车,"￥7,280",
日本,合资,五羊本田,锋格125,五羊本田 锋格125,街车,"￥6,600",
日本,合资,五羊本田,彪影X-150,五羊本田 彪影X-150,街车,"￥8,980",
日本,合资,五羊本田,新锋翼,五羊本田 新锋翼,街车,"￥6,980","￥7,740"
日本,合资,五羊本田,新统御125,五羊本田 新统御125,街车,"￥8,680",
,,五羊本田,警车WY125J-N,五羊本田 警车WY125J-N,街车,,
日本,合资,五羊本田,新五羊WH125-9,五羊本田 新五羊WH125-9,街车,"￥7,200",
,,五羊本田,锋朗125 WH125-12,五羊本田 锋朗125 WH125-12,街车,,
日本,合资,五羊本田,金CG125WY125-R,五羊本田 金CG125WY125-R,街车,"￥7,680",
,,五羊本田,警车WH125J-8,五羊本田 警车WH125J-8,街车,,
,,五羊本田,警车WH125J-9,五羊本田 警车WH125J-9,街车,,
,,五羊本田,WH150-J,五羊本田 WH150-J,街车,,
日本,合资,五羊本田,鬼马100,五羊本田 鬼马100,踏板,"￥7,980",
日本,合资,五羊本田,喜致125,五羊本田 喜致125,踏板,"￥6,980",
日本,合资,五羊本田,名悦100,五羊本田 名悦100,踏板,"￥7,980",
日本,合资,五羊本田,弯刀110,五羊本田 弯刀110,踏板,"￥12,800",
日本,合资,五羊本田,酷影125,五羊本田 酷影125,踏板,"￥9,980",
日本,合资,五羊本田,优客110,五羊本田 优客110,踏板,"￥10,580",
日本,合资,五羊本田,优酷110,五羊本田 优酷110,踏板,"￥9,980",
日本,合资,五羊本田,喜俊WH125T-5,五羊本田 喜俊WH125T-5,踏板,"￥7,471",
日本,合资,五羊本田,优客WH110T-3,五羊本田 优客WH110T-3,踏板,"￥10,242",
日本,合资,五羊本田,统御WH125-7,五羊本田 统御WH125-7,复古,"￥8,500",
日本,合资,五羊本田,锋驰110,五羊本田 锋驰110,弯梁,"￥5,200",
,,喜力,蛟龙200,喜力 蛟龙200,跑车,"￥9,800",
,,喜力,蛟龙234S,喜力 蛟龙234S,跑车,"￥15,800",
,,现代,小铃童边三轮,现代 小铃童边三轮,三轮,"￥16,800",
,,香帅,街皇,香帅 街皇,街车,,
,国产,香帅,欧若拉400T,香帅 欧若拉400T,踏板,"￥26,800",
,国产,香帅,翔龙 JSX500i,香帅 翔龙 JSX500i,复古,"￥26,800","￥28,800"
,国产,香帅,Joy250,香帅 Joy250,巡航,"￥12,980",
,国产,香帅,独狼800,香帅 独狼800,巡航,"￥59,800",
,国产,香帅,150 Chopper,香帅 150 Chopper,巡航,"￥8,688",
,国产,香帅,突破800,香帅 突破800,巡航,"￥39,800",
,国产,香帅,旅行者525,香帅 旅行者525,巡航,"￥26,980",
,国产,香帅,硬汉800,香帅 硬汉800,巡航,"￥33,980","￥43,800"
,国产,香帅,金刚狼800S,香帅 金刚狼800S,巡航,"￥69,800",
,国产,香帅,苍云 300,香帅 苍云 300,巡航,"￥17,980","￥21,980"
,国产,香帅,650N,香帅 650N,巡航,"￥36,800",
,国产,香帅,苍云 500,香帅 苍云 500,巡航,"￥28,800","￥30,800"
,国产,香帅,旅行者800S,香帅 旅行者800S,巡航,"￥61,800","￥81,800"
,国产,香帅,路霸 800,香帅 路霸 800,巡航,"￥49,800",
,国产,香帅,神龙 JSX700i,香帅 神龙 JSX700i,巡航,"￥43,800","￥45,800"
,国产,香帅,御龙 JSX700i,香帅 御龙 JSX700i,巡航,"￥43,800","￥45,800"
,国产,香帅,猛龙 JSX900i,香帅 猛龙 JSX900i,巡航,"￥52,800","￥53,800"
,国产,香帅,睿龙 JSX900i,香帅 睿龙 JSX900i,巡航,"￥53,800",
,,香帅,暴龙,香帅 暴龙,巡航,,
,,香帅,鲨鱼正三轮,香帅 鲨鱼正三轮,三轮,,
韩国,进口,骁胜HYOSUNG,GV650(进口),骁胜HYOSUNG GV650(进口),巡航,"￥59,800",
韩国,合资,骁胜HYOSUNG,奥罗拉150,骁胜HYOSUNG 奥罗拉150,踏板,"￥11,980","￥14,880"
韩国,合资,骁胜HYOSUNG,U侠 大脚攀爬者,骁胜HYOSUNG U侠 大脚攀爬者,复古,"￥14,780","￥15,980"
韩国,合资,骁胜HYOSUNG,U侠 N.P.J,骁胜HYOSUNG U侠 N.P.J,复古,"￥17,800",
韩国,合资,骁胜HYOSUNG,U侠 Black 7,骁胜HYOSUNG U侠 Black 7,复古,"￥17,800",
韩国,合资,骁胜HYOSUNG,GV300S,骁胜HYOSUNG GV300S,巡航,"￥17,580","￥26,980"
韩国,合资,骁胜HYOSUNG,坦影,骁胜HYOSUNG 坦影,巡航,"￥19,999","￥20,999"
韩国,合资,骁胜HYOSUNG,GV650巡风,骁胜HYOSUNG GV650巡风,巡航,"￥37,800",
韩国,合资,骁胜HYOSUNG,GV250DR,骁胜HYOSUNG GV250DR,巡航,"￥26,800",
韩国,合资,骁胜HYOSUNG,GV125S,骁胜HYOSUNG GV125S,巡航,"￥21,980",
韩国,合资,骁胜HYOSUNG,驯风300,骁胜HYOSUNG 驯风300,巡航,"￥21,980","￥22,980"
,,骁胜HYOSUNG,GD 250R,骁胜HYOSUNG GD 250R,跑车,,
,,骁胜HYOSUNG,GD 450N Concept,骁胜HYOSUNG GD 450N Concept,跑车,,
,,骁胜HYOSUNG,GT 250R,骁胜HYOSUNG GT 250R,跑车,,
,,骁胜HYOSUNG,GT 250R FI,骁胜HYOSUNG GT 250R FI,跑车,,
,,骁胜HYOSUNG,GT 650R EFI,骁胜HYOSUNG GT 650R EFI,跑车,,
,,骁胜HYOSUNG,GT 125R,骁胜HYOSUNG GT 125R,跑车,,
,,骁胜HYOSUNG,GT 650R FI,骁胜HYOSUNG GT 650R FI,跑车,,
韩国,合资,骁胜HYOSUNG,GT125R,骁胜HYOSUNG GT125R,街车,"￥57,800",
,,骁胜HYOSUNG,GT250,骁胜HYOSUNG GT250,街车,,
,,骁胜HYOSUNG,GT 650 Comet,骁胜HYOSUNG GT 650 Comet,街车,,
,,骁胜HYOSUNG,GT 650,骁胜HYOSUNG GT 650,街车,,
,,骁胜HYOSUNG,GT 650R,骁胜HYOSUNG GT 650R,街车,,
,,骁胜HYOSUNG,GT 650S,骁胜HYOSUNG GT 650S,街车,,
,,骁胜HYOSUNG,GT 650S FI,骁胜HYOSUNG GT 650S FI,街车,,
,,骁胜HYOSUNG,GT650R FI,骁胜HYOSUNG GT650R FI,街车,,
,,骁胜HYOSUNG,GT650 FI,骁胜HYOSUNG GT650 FI,街车,,
,,骁胜HYOSUNG,GT650S Sports Tourer EFI,骁胜HYOSUNG GT650S Sports Tourer EFI,街车,,
,,骁胜HYOSUNG,GT650 EFI,骁胜HYOSUNG GT650 EFI,街车,,
,,骁胜HYOSUNG,GT 250R EFI,骁胜HYOSUNG GT 250R EFI,街车,,
,,骁胜HYOSUNG,GT 250 EFI,骁胜HYOSUNG GT 250 EFI,街车,,
,,骁胜HYOSUNG,GF 125,骁胜HYOSUNG GF 125,街车,,
,,骁胜HYOSUNG,GT 125 Comet,骁胜HYOSUNG GT 125 Comet,街车,,
,,骁胜HYOSUNG,GT 250 FI,骁胜HYOSUNG GT 250 FI,街车,,
,,骁胜HYOSUNG,GT 650 FI,骁胜HYOSUNG GT 650 FI,街车,,
,,骁胜HYOSUNG,GT 650X Special Edition,骁胜HYOSUNG GT 650X Special Edition,街车,,
,,骁胜HYOSUNG,RT 125D,骁胜HYOSUNG RT 125D,街车,,
,,骁胜HYOSUNG,MS3-250,骁胜HYOSUNG MS3-250,踏板,,
,,骁胜HYOSUNG,GV250 Aquila,骁胜HYOSUNG GV250 Aquila,巡航,,
,,骁胜HYOSUNG,ST7,骁胜HYOSUNG ST7,巡航,,
,,骁胜HYOSUNG,ST7 De Lux,骁胜HYOSUNG ST7 De Lux,巡航,,
,,骁胜HYOSUNG,Aquila V80,骁胜HYOSUNG Aquila V80,巡航,,
,,骁胜HYOSUNG,GV250 Aquila,骁胜HYOSUNG GV250 Aquila,巡航,,
,,骁胜HYOSUNG,ST7 EFI,骁胜HYOSUNG ST7 EFI,巡航,,
,,骁胜HYOSUNG,GV250 Aquila EFI,骁胜HYOSUNG GV250 Aquila EFI,巡航,,
,,骁胜HYOSUNG,GV 125 Aquila,骁胜HYOSUNG GV 125 Aquila,巡航,,
,,骁胜HYOSUNG,GV 125 Cruider,骁胜HYOSUNG GV 125 Cruider,巡航,,
,,骁胜HYOSUNG,GV 250 Aquila,骁胜HYOSUNG GV 250 Aquila,巡航,,
,,骁胜HYOSUNG,GV 250 Aquila FI,骁胜HYOSUNG GV 250 Aquila FI,巡航,,
,,骁胜HYOSUNG,GV 650 Aquila,骁胜HYOSUNG GV 650 Aquila,巡航,,
,,骁胜HYOSUNG,GV 650 Aquila 30th Anniversery,骁胜HYOSUNG GV 650 Aquila 30th Anniversery,巡航,,
,,骁胜HYOSUNG,GV 650 Aquila FI,骁胜HYOSUNG GV 650 Aquila FI,巡航,,
,,骁胜HYOSUNG,GV 650 Aquila Pro,骁胜HYOSUNG GV 650 Aquila Pro,巡航,,
,,骁胜HYOSUNG,GV 650 Aquila Classic,骁胜HYOSUNG GV 650 Aquila Classic,巡航,,
,,骁胜HYOSUNG,QH350-2,骁胜HYOSUNG QH350-2,巡航,,
,,骁胜HYOSUNG,GT 650S Tourer,骁胜HYOSUNG GT 650S Tourer,旅行,,
,,骁胜HYOSUNG,RX 125 / D-E,骁胜HYOSUNG RX 125 / D-E,越野,,
,,骁胜HYOSUNG,RX 125D-SM,骁胜HYOSUNG RX 125D-SM,越野,,
,,骁胜HYOSUNG,RX 450SM,骁胜HYOSUNG RX 450SM,越野,,
,,骁胜HYOSUNG,XRX 125,骁胜HYOSUNG XRX 125,越野,,
,,骁胜HYOSUNG,XRX 400,骁胜HYOSUNG XRX 400,越野,,
,,小炫蜂,X-BEES,小炫蜂 X-BEES,其他,,
,,新本,XB150-6D,新本 XB150-6D,街车,,
,,新本,LX125,新本 LX125,踏板,"￥6,980",
,,新本,高尔夫,新本 高尔夫,踏板,"￥7,680",
,,新本,XB125-6D,新本 XB125-6D,复古,,
,,新本,XB125-9D,新本 XB125-9D,复古,,
,,新本,XB125-D,新本 XB125-D,复古,,
,,新本,XB150-5D,新本 XB150-5D,复古,,
,,新本,XB110-2D,新本 XB110-2D,弯梁,,
日本,合资,新大洲本田,CBR300R,新大洲本田 CBR300R,跑车,"￥29,980",
日本,合资,新大洲本田,CBF190R,新大洲本田 CBF190R,街车,"￥16,180","￥16,880"
日本,合资,新大洲本田,CBF150R,新大洲本田 CBF150R,街车,"￥10,448",
日本,合资,新大洲本田,CBF125R,新大洲本田 CBF125R,街车,"￥9,480","￥9,680"
日本,合资,新大洲本田,战驭150L,新大洲本田 战驭150L,街车,"￥9,980",
日本,合资,新大洲本田,CB125S,新大洲本田 CB125S,街车,"￥6,147",
日本,合资,新大洲本田,战神,新大洲本田 战神,街车,"￥12,347",
日本,合资,新大洲本田,超级战龙,新大洲本田 超级战龙,街车,"￥7,399",
日本,合资,新大洲本田,CBX150,新大洲本田 CBX150,街车,"￥8,180",
日本,合资,新大洲本田,战龙,新大洲本田 战龙,街车,"￥6,583",
日本,合资,新大洲本田,NS125RX,新大洲本田 NS125RX,踏板,"￥11,999","￥12,999"
日本,合资,新大洲本田,NS125LA,新大洲本田 NS125LA,踏板,"￥11,900","￥12,580"
日本,合资,新大洲本田,PCX,新大洲本田 PCX,踏板,"￥22,990",
日本,合资,新大洲本田,NS125D,新大洲本田 NS125D,踏板,"￥6,998",
日本,合资,新大洲本田,裂行 RX125Fi,新大洲本田 裂行 RX125Fi,踏板,"￥12,198","￥12,980"
日本,合资,新大洲本田,NS125T,新大洲本田 NS125T,踏板,"￥8,800",
日本,合资,新大洲本田,EX125,新大洲本田 EX125,踏板,"￥10,680",
日本,合资,新大洲本田,NS110Q,新大洲本田 NS110Q,踏板,"￥9,299",
日本,合资,新大洲本田,E韵 110 Fi,新大洲本田 E韵 110 Fi,踏板,"￥7,980",
日本,合资,新大洲本田,NS110L,新大洲本田 NS110L,踏板,"￥8,580",
日本,合资,新大洲本田,Dio,新大洲本田 Dio,踏板,"￥6,242","￥8,000"
日本,合资,新大洲本田,NS110i Fi,新大洲本田 NS110i Fi,踏板,"￥9,980","￥11,980"
日本,合资,新大洲本田,飞梦Fi,新大洲本田 飞梦Fi,踏板,"￥8,605",
日本,合资,新大洲本田,E影110 FI,新大洲本田 E影110 FI,踏板,"￥8,800","￥9,280"
日本,合资,新大洲本田,SDH110T-3,新大洲本田 SDH110T-3,踏板,"￥10,980",
日本,合资,新大洲本田,SDH125T-29,新大洲本田 SDH125T-29,踏板,"￥8,800",
日本,合资,新大洲本田,SDH125T-31,新大洲本田 SDH125T-31,踏板,"￥10,980",
日本,合资,新大洲本田,NS110R,新大洲本田 NS110R,踏板,"￥10,180","￥12,180"
日本,合资,新大洲本田,CBF190TR,新大洲本田 CBF190TR,复古,"￥16,980","￥17,580"
日本,合资,新大洲本田,CBF125T,新大洲本田 CBF125T,巡航,"￥7,580",
日本,合资,新大洲本田,威猛SDH125-42,新大洲本田 威猛SDH125-42,巡航,"￥6,180",
日本,合资,新大洲本田,CRF190L,新大洲本田 CRF190L,拉力,"￥17,389","￥17,889"
日本,合资,新大洲本田,CBF190X,新大洲本田 CBF190X,拉力,"￥14,980","￥16,680"
日本,合资,新大洲本田,Wave110,新大洲本田 Wave110,弯梁,"￥7,580",
日本,合资,新大洲本田,飘悦SDH110-16,新大洲本田 飘悦SDH110-16,弯梁,"￥6,000",
日本,合资,新大洲本田,新威武SDH110-19,新大洲本田 新威武SDH110-19,弯梁,"￥5,880",
日本,合资,新大洲本田,威胜SDH100-42,新大洲本田 威胜SDH100-42,弯梁,"￥4,680",
日本,合资,新大洲本田,威武110S,新大洲本田 威武110S,弯梁,"￥6,380",
日本,合资,新大洲本田,自主威武,新大洲本田 自主威武,弯梁,"￥5,880",
,,新大洲本田,CBF150,新大洲本田 CBF150,街车,,
日本,合资,新大洲本田,战神SDH150-F,新大洲本田 战神SDH150-F,街车,"￥12,800",
日本,合资,新大洲本田,战鹰SDH150-A,新大洲本田 战鹰SDH150-A,街车,"￥9,580",
日本,合资,新大洲本田,锐彪SDH125-53A,新大洲本田 锐彪SDH125-53A,街车,"￥6,680",
日本,合资,新大洲本田,超级锐箭SDH125-52,新大洲本田 超级锐箭SDH125-52,街车,"￥8,000",
日本,合资,新大洲本田,SDH150-15,新大洲本田 SDH150-15,街车,"￥6,860",
日本,合资,新大洲本田,CBF125 SDH125-51/51A,新大洲本田 CBF125 SDH125-51/51A,街车,"￥8,280",
日本,合资,新大洲本田,战龙SDH150-19,新大洲本田 战龙SDH150-19,街车,"￥7,280",
日本,合资,新大洲本田,CG125 SDH125-7D,新大洲本田 CG125 SDH125-7D,街车,"￥6,680",
日本,合资,新大洲本田,战鹰SDH150,新大洲本田 战鹰SDH150,街车,"￥12,600",
日本,合资,新大洲本田,战鹰SDH150-B,新大洲本田 战鹰SDH150-B,街车,"￥9,980",
日本,合资,新大洲本田,金锐箭SDH125-46A 方灯版,新大洲本田 金锐箭SDH125-46A 方灯版,街车,"￥5,880","￥6,880"
日本,合资,新大洲本田,锐箭SDH125-46B 圆灯版,新大洲本田 锐箭SDH125-46B 圆灯版,街车,"￥6,480",
日本,合资,新大洲本田,金锋锐SDH125-50,新大洲本田 金锋锐SDH125-50,街车,"￥5,880",
日本,合资,新大洲本田,金锋锐SDH125-49,新大洲本田 金锋锐SDH125-49,街车,"￥5,980",
日本,合资,新大洲本田,万里行SDH125-B,新大洲本田 万里行SDH125-B,街车,"￥6,800",
日本,合资,新大洲本田,CG125 SDH125-7C,新大洲本田 CG125 SDH125-7C,街车,"￥4,280",
日本,合资,新大洲本田,超级锐箭SDH125-52A,新大洲本田 超级锐箭SDH125-52A,街车,"￥7,880",
日本,合资,新大洲本田,锐彪SDH125-53,新大洲本田 锐彪SDH125-53,街车,"￥6,980",
日本,合资,新大洲本田,战豹150,新大洲本田 战豹150,街车,"￥8,515",
日本,合资,新大洲本田,战彪150,新大洲本田 战彪150,街车,"￥7,880",
日本,合资,新大洲本田,锐彪CB125X,新大洲本田 锐彪CB125X,街车,"￥7,073",
日本,合资,新大洲本田,万里行SDH125-A 实惠版,新大洲本田 万里行SDH125-A 实惠版,街车,"￥4,980",
日本,合资,新大洲本田,战鹰SDH150-C,新大洲本田 战鹰SDH150-C,街车,"￥10,822",
日本,合资,新大洲本田,焰影,新大洲本田 焰影,街车,"￥10,182",
日本,合资,新大洲本田,CG,新大洲本田 CG,街车,"￥6,372",
日本,合资,新大洲本田,CBF125,新大洲本田 CBF125,街车,"￥8,280",
日本,合资,新大洲本田,锐彪CB125X 越野版,新大洲本田 锐彪CB125X 越野版,街车,"￥7,073",
日本,合资,新大洲本田,金锋锐SDH125-50A,新大洲本田 金锋锐SDH125-50A,街车,"￥6,933",
日本,合资,新大洲本田,魔戟SDH125T-28,新大洲本田 魔戟SDH125T-28,踏板,"￥8,880",
日本,合资,新大洲本田,飞梦欧三SDH125T-23,新大洲本田 飞梦欧三SDH125T-23,踏板,"￥8,280",
日本,合资,新大洲本田,飞梦SDH125T-23B,新大洲本田 飞梦SDH125T-23B,踏板,"￥7,790",
日本,合资,新大洲本田,茜茜公主SDH125T-26,新大洲本田 茜茜公主SDH125T-26,踏板,"￥6,280",
日本,合资,新大洲本田,清影SDH100T-6,新大洲本田 清影SDH100T-6,踏板,"￥7,000",
日本,合资,新大洲本田,E彩SDH125T-22,新大洲本田 E彩SDH125T-22,踏板,"￥7,180",
日本,合资,新大洲本田,飞梦欧二SDH125T-23A,新大洲本田 飞梦欧二SDH125T-23A,踏板,"￥6,880",
日本,合资,新大洲本田,自由Today,新大洲本田 自由Today,踏板,"￥6,224",
日本,合资,新大洲本田,Fuma FI,新大洲本田 Fuma FI,踏板,"￥9,240",
日本,合资,新大洲本田,锐猛SDH125-58,新大洲本田 锐猛SDH125-58,巡航,"￥7,480",
日本,合资,新大洲本田,威胜SDH100-45,新大洲本田 威胜SDH100-45,弯梁,"￥5,240",
日本,合资,新大洲本田,威武SDH100-41E,新大洲本田 威武SDH100-41E,弯梁,"￥5,380",
日本,合资,新大洲本田,威武SDH100-41A 经典版,新大洲本田 威武SDH100-41A 经典版,弯梁,"￥4,380","￥4,480"
日本,合资,新大洲本田,威武SDH100-43,新大洲本田 威武SDH100-43,弯梁,"￥5,100",
日本,合资,新大洲本田,新飘悦SDH110-16A,新大洲本田 新飘悦SDH110-16A,弯梁,"￥6,773",
,,新大洲本田,Plim,新大洲本田 Plim,弯梁,,
,,新感觉,250-21D,新感觉 250-21D,跑车,"￥13,800",
,,新感觉,XGJ250-21,新感觉 XGJ250-21,跑车,"￥12,701",
,,新感觉,XGJ250-3,新感觉 XGJ250-3,跑车,"￥18,530",
,,新感觉,XGJ200-26,新感觉 XGJ200-26,跑车,"￥9,600",
,,新感觉,XGJ150-23,新感觉 XGJ150-23,跑车,"￥9,800",
,,新感觉,R200 XGJ250-21,新感觉 R200 XGJ250-21,跑车,"￥8,980",
,,新感觉,RZ35,新感觉 RZ35,跑车,"￥18,790",
,,新感觉,XGJ300R,新感觉 XGJ300R,跑车,"￥17,570",
,,新感觉,都市战豹RZ25,新感觉 都市战豹RZ25,跑车,"￥18,800",
,,新感觉,XGJ250-28C,新感觉 XGJ250-28C,跑车,"￥9,915","￥10,800"
,,新感觉,250-3D,新感觉 250-3D,跑车,"￥18,800","￥19,980"
,,新感觉,XGJ250-21A,新感觉 XGJ250-21A,街车,"￥12,173",
,,新感觉,XGJ250-6,新感觉 XGJ250-6,街车,"￥19,600",
,,新感觉,XGJ150-27B,新感觉 XGJ150-27B,街车,"￥9,800",
,,新感觉,XGJ150-32,新感觉 XGJ150-32,街车,"￥8,500",
,,新感觉,XGJ150-19,新感觉 XGJ150-19,街车,"￥7,200",
,,新感觉,都市战狼RS25,新感觉 都市战狼RS25,街车,"￥19,800",
,,新感觉,250-6D,新感觉 250-6D,街车,"￥19,800",
,,新感觉,150-3C,新感觉 150-3C,街车,"￥5,980",
,,新感觉,150-3C 高原版,新感觉 150-3C 高原版,街车,,
,,新感觉,XGJ150-31赛车版,新感觉 XGJ150-31赛车版,复古,"￥5,680",
,,新感觉,XGJ150GY-6,新感觉 XGJ150GY-6,越野,"￥8,100",
,,新感觉,XGJ250GY-7,新感觉 XGJ250GY-7,越野,"￥11,000",
,,新感觉,XGJ250GY-8,新感觉 XGJ250GY-8,越野,"￥7,800",
,,新贵尊,极盗者SHR-6,新贵尊 极盗者SHR-6,越野,"￥15,800",
,,新贵尊,极盗者 SHR-7,新贵尊 极盗者 SHR-7,越野,"￥16,900",
,,新贵尊,极盗者 SHR-8,新贵尊 极盗者 SHR-8,越野,"￥19,980",
,,新贵尊,极盗者 SHR-3,新贵尊 极盗者 SHR-3,越野,"￥8,200",
,,新贵尊,极盗者 SHR-5,新贵尊 极盗者 SHR-5,越野,"￥10,300","￥12,600"
,,新贵尊,战狼 250 风冷-F,新贵尊 战狼 250 风冷-F,越野,"￥8,880",
,,新贵尊,战狼450,新贵尊 战狼450,越野,"￥20,800",
,,新贵尊,N911,新贵尊 N911,越野,"￥6,980","￥7,800"
,,新贵尊,极盗者 SHR-1,新贵尊 极盗者 SHR-1,越野,"￥7,500",
,,新贵尊,终结者 Z2,新贵尊 终结者 Z2,越野,"￥6,080",
,,新贵尊,终结者 Z3,新贵尊 终结者 Z3,越野,"￥6,280",
,,新贵尊,战狼250场地版,新贵尊 战狼250场地版,越野,"￥16,600",
,,新贵尊,极盗者-1R,新贵尊 极盗者-1R,越野,"￥7,500",
,,新贵尊,ZH250GY,新贵尊 ZH250GY,越野,"￥8,600","￥22,600"
,,新贵尊,战狼 250 水冷版,新贵尊 战狼 250 水冷版,越野,"￥8,980",
,,新贵尊,陆地飞行器 FLY-F,新贵尊 陆地飞行器 FLY-F,越野,"￥8,280",
,,新贵尊,战狼 风冷版,新贵尊 战狼 风冷版,越野,"￥7,800",
,,新贵尊,战狼 250 精英版,新贵尊 战狼 250 精英版,越野,"￥11,600",
,,新贵尊,战狼 250 场地版,新贵尊 战狼 250 场地版,越野,"￥18,900",
,,新贵尊,极盗者 450,新贵尊 极盗者 450,越野,"￥21,500",
,,新贵尊,KTX.NB300,新贵尊 KTX.NB300,越野,,
,,新贵尊,MT250,新贵尊 MT250,越野,,
,,新世纪,刀锋500,新世纪 刀锋500,跑车,"￥26,800",
,,新世纪,火牙400,新世纪 火牙400,跑车,"￥16,800",
,,新世纪,剑影400,新世纪 剑影400,跑车,"￥18,980","￥19,480"
,,新世纪,火牙200,新世纪 火牙200,跑车,"￥9,800",
,国产,鑫源,爱跑XY250-3,鑫源 爱跑XY250-3,跑车,"￥16,000",
,国产,鑫源,越能XY150-17A,鑫源 越能XY150-17A,街车,"￥6,780",
,国产,鑫源,越富XY150-9,鑫源 越富XY150-9,街车,"￥9,280",
,国产,鑫源,GM440,鑫源 GM440,街车,"￥28,800",
,国产,鑫源,XY50GY-11A,鑫源 XY50GY-11A,街车,"￥8,146",
,国产,鑫源,DM250 牧羊人,鑫源 DM250 牧羊人,街车,"￥9,980",
,国产,鑫源,锋刃525,鑫源 锋刃525,街车,"￥22,980","￥25,980"
,国产,鑫源,新棍王650,鑫源 新棍王650,复古,"￥24,980",
,国产,鑫源,悠客YOYO,鑫源 悠客YOYO,复古,"￥6,380",
,国产,鑫源,银瓶440,鑫源 银瓶440,复古,"￥24,800",
,国产,鑫源,棍王400 梦想版,鑫源 棍王400 梦想版,复古,"￥17,800",
,国产,鑫源,欧版棍王440,鑫源 欧版棍王440,复古,"￥20,800",
,国产,鑫源,攀爬者440,鑫源 攀爬者440,复古,"￥20,800",
,国产,鑫源,铁甲440,鑫源 铁甲440,复古,"￥26,800",
,国产,鑫源,SIXDAYS 250,鑫源 SIXDAYS 250,复古,"￥16,800",
,国产,鑫源,Rams 440,鑫源 Rams 440,复古,"￥24,800",
,国产,鑫源,棍王攀爬者,鑫源 棍王攀爬者,复古,"￥19,800",
,国产,鑫源,SIXDAYS 500,鑫源 SIXDAYS 500,复古,"￥25,800",
,国产,鑫源,TT racer 440,鑫源 TT racer 440,复古,"￥26,800",
,国产,鑫源,骓1200,鑫源 骓1200,巡航,"￥46,800","￥51,800"
,国产,鑫源,GN太子 XY 125GY,鑫源 GN太子 XY 125GY,巡航,"￥4,500",
,国产,鑫源,黑桃A,鑫源 黑桃A,巡航,"￥10,800",
,国产,鑫源,X-TRAIL(迅龙),鑫源 X-TRAIL(迅龙),拉力,"￥8,800",
,国产,鑫源,XY250GY-7,鑫源 XY250GY-7,拉力,"￥16,980",
,,鑫源,雪橇650,鑫源 雪橇650,拉力,,
,国产,鑫源,X-Tricker魔术师,鑫源 X-Tricker魔术师,越野,"￥9,680",
,国产,鑫源,X5 XY400GY,鑫源 X5 XY400GY,越野,"￥24,800",
,国产,鑫源,越腾XY150GY-6B,鑫源 越腾XY150GY-6B,越野,"￥11,200",
,国产,鑫源,X2 XY250GY-2A,鑫源 X2 XY250GY-2A,越野,"￥16,800",
,国产,鑫源,X3 XY200GY-5,鑫源 X3 XY200GY-5,越野,"￥9,500",
,国产,鑫源,白菜XY150GY-C,鑫源 白菜XY150GY-C,越野,"￥6,187",
,国产,鑫源,X-TRICKER(魔术师ll代),鑫源 X-TRICKER(魔术师ll代),越野,"￥8,000",
,国产,鑫源,X5,鑫源 X5,越野,"￥27,800",
,国产,鑫源,周末风400,鑫源 周末风400,三轮,"￥31,800","￥35,800"
,国产,鑫源,自由风 500,鑫源 自由风 500,三轮,"￥42,800","￥46,800"
,国产,鑫源,龙卷风520,鑫源 龙卷风520,三轮,"￥48,000","￥52,000"
,,幸福,XF250,幸福 XF250,复古,,
,,雪科,250 SEF FACTORY,雪科 250 SEF FACTORY,拉力,,
,,雪科,300 SEF FACTORY,雪科 300 SEF FACTORY,拉力,,
,,雪科,450 SEF FACTORY,雪科 450 SEF FACTORY,拉力,,
,,雪科,500 SEF FACTORY,雪科 500 SEF FACTORY,拉力,,
,,雪科,250 SEF-R,雪科 250 SEF-R,拉力,,
,,雪科,300 SEF-R,雪科 300 SEF-R,拉力,,
,,雪科,450 SEF-R,雪科 450 SEF-R,拉力,,
,,雪科,500 SEF-R,雪科 500 SEF-R,拉力,,
,,雪科,125 SE-R,雪科 125 SE-R,拉力,,
,,雪科,250 SE-R,雪科 250 SE-R,拉力,,
,,雪科,300 SE-R,雪科 300 SE-R,拉力,,
,,雪科,250 SE FACTORY,雪科 250 SE FACTORY,拉力,,
,,雪科,300 SE FACTORY,雪科 300 SE FACTORY,拉力,,
,,迅龙,XL150-7S,迅龙 XL150-7S,街车,,
,,迅龙,XL125T-2S,迅龙 XL125T-2S,踏板,,
,,迅龙,XL125T-3S,迅龙 XL125T-3S,踏板,,
,,迅龙,XL125T-4S,迅龙 XL125T-4S,踏板,,
,,迅龙,XL125T-6S,迅龙 XL125T-6S,踏板,,
,,迅龙,XL125T-7S,迅龙 XL125T-7S,踏板,,
,,迅龙,XL150T-2S,迅龙 XL150T-2S,踏板,,
,,迅龙,XL125T-5S,迅龙 XL125T-5S,踏板,,
,,迅龙,XL125T-9S,迅龙 XL125T-9S,踏板,,
,,迅龙,XL125T-10S,迅龙 XL125T-10S,踏板,,
,,迅龙,XL125T-11S,迅龙 XL125T-11S,踏板,,
,,迅龙,XL125T-S,迅龙 XL125T-S,踏板,,
,,迅龙,XL150T-S,迅龙 XL150T-S,踏板,,
,,迅龙,XL150-8S,迅龙 XL150-8S,复古,"￥6,980",
,,迅龙,XL125-2S,迅龙 XL125-2S,复古,,
,,迅龙,XL125-3S,迅龙 XL125-3S,复古,,
,,迅龙,XL125-S,迅龙 XL125-S,复古,,
,,迅龙,XL150-5S,迅龙 XL150-5S,复古,,
,,迅龙,XL150-6S,迅龙 XL150-6S,复古,,
,,迅龙,XL150-2S,迅龙 XL150-2S,复古,,
,,迅龙,XL150-3S,迅龙 XL150-3S,复古,,
,,迅龙,远航太子,迅龙 远航太子,巡航,"￥8,980",
日本,进口,雅马哈,XS900R,雅马哈 XS900R,复古,"￥132,800",
日本,进口,雅马哈,MT-03,雅马哈 MT-03,街车,"￥39,800",
日本,进口,雅马哈,MT-09,雅马哈 MT-09,街车,"￥129,800","￥139,800"
日本,进口,雅马哈,MT-07,雅马哈 MT-07,街车,"￥109,800",
日本,进口,雅马哈,MT-10,雅马哈 MT-10,街车,"￥219,800",
日本,进口,雅马哈,FZS-FI 150,雅马哈 FZS-FI 150,街车,"￥8,450",
日本,进口,雅马哈,T700S,雅马哈 T700S,拉力,"￥109,800",
日本,进口,雅马哈,Tracer 9GT,雅马哈 Tracer 9GT,旅行,"￥139,800","￥154,800"
日本,进口,雅马哈,Tracer 900GT,雅马哈 Tracer 900GT,旅行,"￥139,800",
日本,进口,雅马哈,FJR 1300A,雅马哈 FJR 1300A,旅行,"￥200,000",
日本,进口,雅马哈,YZF-R3,雅马哈 YZF-R3,跑车,"￥43,800","￥44,800"
日本,进口,雅马哈,YZF-R1,雅马哈 YZF-R1,跑车,"￥229,800","￥299,800"
日本,进口,雅马哈,YZF-R7,雅马哈 YZF-R7,跑车,"￥109,800","￥119,800"
日本,进口,雅马哈,YZF-R15,雅马哈 YZF-R15,跑车,,
日本,进口,雅马哈,YZF-R15 V3.0 Movistar Moto GP L.E.,雅马哈 YZF-R15 V3.0 Movistar Moto GP L.E.,跑车,"￥23,600",
日本,进口,雅马哈,Niken GT,雅马哈 Niken GT,三轮,"￥258,000",
日本,进口,雅马哈,NMAX,雅马哈 NMAX,踏板,"￥27,800",
日本,进口,雅马哈,XMAX,雅马哈 XMAX,踏板,"￥49,800",
日本,进口,雅马哈,AEROSPORTS X,雅马哈 AEROSPORTS X,踏板,"￥25,800",
日本,进口,雅马哈,TMAX,雅马哈 TMAX,踏板,"￥139,800",
日本,进口,雅马哈,BWS 125,雅马哈 BWS 125,踏板,"￥23,800",
日本,进口,雅马哈,TMAX 530SX,雅马哈 TMAX 530SX,踏板,"￥190,000",
日本,进口,雅马哈,XT660R,雅马哈 XT660R,越野,"￥108,000",
日本,进口,雅马哈,XT250R Serow 标准版,雅马哈 XT250R Serow 标准版,越野,"￥31,800","￥34,900"
日本,进口,雅马哈,Tricker 250,雅马哈 Tricker 250,越野,"￥26,500",
日本,进口,雅马哈,YZ250F,雅马哈 YZ250F,越野,"￥73,800","￥75,800"
,,雅马哈,YZF-R6,雅马哈 YZF-R6,跑车,,
,,雅马哈,YZR-M1,雅马哈 YZR-M1,跑车,,
,,雅马哈,YZF-R125 WGP,雅马哈 YZF-R125 WGP,跑车,,
,,雅马哈,FZ-6R,雅马哈 FZ-6R,跑车,,
,,雅马哈,TZR 50,雅马哈 TZR 50,跑车,,
,,雅马哈,YZF-R1S,雅马哈 YZF-R1S,跑车,,
,,雅马哈,R25 Concept,雅马哈 R25 Concept,跑车,,
,,雅马哈,YZF-R125,雅马哈 YZF-R125,跑车,,
,,雅马哈,YZF-R25,雅马哈 YZF-R25,跑车,,
,,雅马哈,YZF-R6 Special Edition,雅马哈 YZF-R6 Special Edition,跑车,,
,,雅马哈,FZR 250,雅马哈 FZR 250,跑车,,
,,雅马哈,FZR 400R,雅马哈 FZR 400R,跑车,,
,,雅马哈,FZR 400RR,雅马哈 FZR 400RR,跑车,,
,,雅马哈,FZR 400RR SP,雅马哈 FZR 400RR SP,跑车,,
,,雅马哈,FZR 600,雅马哈 FZR 600,跑车,,
,,雅马哈,FZR 750 Genesis,雅马哈 FZR 750 Genesis,跑车,,
,,雅马哈,FZR 750RR OWO1,雅马哈 FZR 750RR OWO1,跑车,,
,,雅马哈,FZR 1000 Genesis,雅马哈 FZR 1000 Genesis,跑车,,
,,雅马哈,FZR 1000 EXUP,雅马哈 FZR 1000 EXUP,跑车,,
,,雅马哈,YZF-R7-750,雅马哈 YZF-R7-750,跑车,,
,,雅马哈,XSR900 GP,雅马哈 XSR900 GP,跑车,,
,,雅马哈,MT-01,雅马哈 MT-01,街车,,
日本,进口,雅马哈,YZ450F,雅马哈 YZ450F,越野,"￥91,800",
,,雅马哈,FZ 150i Vixion,雅马哈 FZ 150i Vixion,街车,,
,,雅马哈,FZ-8,雅马哈 FZ-8,街车,,
,,雅马哈,FZ-8 FaZer,雅马哈 FZ-8 FaZer,街车,,
,,雅马哈,FZ-1N,雅马哈 FZ-1N,街车,,
,,雅马哈,FZ-1,雅马哈 FZ-1,街车,,
,,雅马哈,MT-125,雅马哈 MT-125,街车,,
,,雅马哈,SZR 150,雅马哈 SZR 150,街车,,
,,雅马哈,TDM 900A,雅马哈 TDM 900A,街车,,
,,雅马哈,Vixion R,雅马哈 Vixion R,街车,,
,,雅马哈,FZ-6N,雅马哈 FZ-6N,街车,,
,,雅马哈,XJR 400,雅马哈 XJR 400,街车,,
,,雅马哈,MT-15,雅马哈 MT-15,街车,,
,,雅马哈,WR450 碳纤维版,雅马哈 WR450 碳纤维版,街车,,
,,雅马哈,YBR110,雅马哈 YBR110,街车,,
,,雅马哈,SS125,雅马哈 SS125,街车,,
,,雅马哈,FZ16,雅马哈 FZ16,街车,,
,,雅马哈,FZ S,雅马哈 FZ S,街车,,
,,雅马哈,SZ-S,雅马哈 SZ-S,街车,,
,,雅马哈,SZ-RR,雅马哈 SZ-RR,街车,,
,,雅马哈,Crux,雅马哈 Crux,街车,,
,,雅马哈,FZ25,雅马哈 FZ25,街车,,
,,雅马哈,MT-09 SP,雅马哈 MT-09 SP,街车,,
,,雅马哈,FZ-FI,雅马哈 FZ-FI,街车,,
,,雅马哈,FJR1300ES,雅马哈 FJR1300ES,街车,,
,,雅马哈,SR500,雅马哈 SR500,街车,,
,,雅马哈,FZ-07,雅马哈 FZ-07,街车,,
,,雅马哈,Xabre 150,雅马哈 Xabre 150,街车,,
,,雅马哈,YZF 750R,雅马哈 YZF 750R,街车,,
,,雅马哈,YZF 750SP,雅马哈 YZF 750SP,街车,,
,,雅马哈,YZF-750 R7 OWO2,雅马哈 YZF-750 R7 OWO2,街车,,
,,雅马哈,YZF 1000R Thunderace,雅马哈 YZF 1000R Thunderace,街车,,
,,雅马哈,YZF-R1 Gold Limited Edition,雅马哈 YZF-R1 Gold Limited Edition,街车,,
,,雅马哈,YZF-R1 MotoGP Replica,雅马哈 YZF-R1 MotoGP Replica,街车,,
,,雅马哈,YZF-R1 50th Anniversery S.E.,雅马哈 YZF-R1 50th Anniversery S.E.,街车,,
,,雅马哈,YZF-R1 Camel GP Replica,雅马哈 YZF-R1 Camel GP Replica,街车,,
,,雅马哈,YZF R1-SP,雅马哈 YZF R1-SP,街车,,
,,雅马哈,YZF-R1 Fiat Moto GP Replica,雅马哈 YZF-R1 Fiat Moto GP Replica,街车,,
,,雅马哈,YZF-R1 10 Anniversery Haga Replica,雅马哈 YZF-R1 10 Anniversery Haga Replica,街车,,
,,雅马哈,YZF-R1 MotoGP Rossi Replica,雅马哈 YZF-R1 MotoGP Rossi Replica,街车,,
,,雅马哈,YZF-R1 Ben Spies SBK Replica,雅马哈 YZF-R1 Ben Spies SBK Replica,街车,,
,,雅马哈,YZF-R1 Fiat Yamaha Replica,雅马哈 YZF-R1 Fiat Yamaha Replica,街车,,
,,雅马哈,YZF-R1 Rossi Replica,雅马哈 YZF-R1 Rossi Replica,街车,,
,,雅马哈,YZF-R1 Lorenzo TT Special,雅马哈 YZF-R1 Lorenzo TT Special,街车,,
,,雅马哈,YZF-R1 Monster Tech3 Replica,雅马哈 YZF-R1 Monster Tech3 Replica,街车,,
,,雅马哈,YZF-R1 Roberts Replica,雅马哈 YZF-R1 Roberts Replica,街车,,
,,雅马哈,YZF-R1 Yamaha Moto GP Replica,雅马哈 YZF-R1 Yamaha Moto GP Replica,街车,,
,,雅马哈,YZF-R1 'Ago' Special Edition,雅马哈 YZF-R1 'Ago' Special Edition,街车,,
,,雅马哈,YZF-R1 BSB Swan Yamaha Replica,雅马哈 YZF-R1 BSB Swan Yamaha Replica,街车,,
,,雅马哈,YZF-R1 WGP 50th Anniversery Special Edition,雅马哈 YZF-R1 WGP 50th Anniversery Special Edition,街车,,
,,雅马哈,YZF-R1 Monster Energy Graves Replica,雅马哈 YZF-R1 Monster Energy Graves Replica,街车,,
,,雅马哈,YZF-R1 Race-Blu Special Edition,雅马哈 YZF-R1 Race-Blu Special Edition,街车,,
,,雅马哈,YZF-R1 60th Anniversary Kenny Roberts Replica,雅马哈 YZF-R1 60th Anniversary Kenny Roberts Replica,街车,,
,,雅马哈,TDM 850,雅马哈 TDM 850,街车,,
,,雅马哈,TDM 900,雅马哈 TDM 900,街车,,
,,雅马哈,TDR 250,雅马哈 TDR 250,街车,,
,,雅马哈,TRX 850,雅马哈 TRX 850,街车,,
,,雅马哈,SDR 200,雅马哈 SDR 200,街车,,
,,雅马哈,SR 125,雅马哈 SR 125,街车,,
,,雅马哈,SR 250,雅马哈 SR 250,街车,,
,,雅马哈,SR 250 Classic,雅马哈 SR 250 Classic,街车,,
,,雅马哈,SR 400SP,雅马哈 SR 400SP,街车,,
,,雅马哈,SR 500,雅马哈 SR 500,街车,,
,,雅马哈,SRV 250S,雅马哈 SRV 250S,街车,,
,,雅马哈,SRX 250,雅马哈 SRX 250,街车,,
,,雅马哈,SRX 250F,雅马哈 SRX 250F,街车,,
,,雅马哈,SRX 600,雅马哈 SRX 600,街车,,
,,雅马哈,ST 225 B,雅马哈 ST 225 B,街车,,
,,雅马哈,SZR 660,雅马哈 SZR 660,街车,,
,,雅马哈,FJ 600,雅马哈 FJ 600,街车,,
,,雅马哈,FJ 1100,雅马哈 FJ 1100,街车,,
,,雅马哈,FJ 1200,雅马哈 FJ 1200,街车,,
,,雅马哈,FJ 1200A,雅马哈 FJ 1200A,街车,,
,,雅马哈,FJR 1300,雅马哈 FJR 1300,街车,,
,,雅马哈,FJR 1300E,雅马哈 FJR 1300E,街车,,
,,雅马哈,FJR 1300AE,雅马哈 FJR 1300AE,街车,,
,,雅马哈,FJR 1300 ES,雅马哈 FJR 1300 ES,街车,,
,,雅马哈,FSX 750,雅马哈 FSX 750,街车,,
,,雅马哈,FZ-S 16,雅马哈 FZ-S 16,街车,,
,,雅马哈,FZ FI V 3.0,雅马哈 FZ FI V 3.0,街车,,
,,雅马哈,FZ-S FI V 3.0,雅马哈 FZ-S FI V 3.0,街车,,
,,雅马哈,FZ 250 Fazer,雅马哈 FZ 250 Fazer,街车,,
,,雅马哈,FZ-03,雅马哈 FZ-03,街车,,
,,雅马哈,IT 175,雅马哈 IT 175,街车,,
,,雅马哈,MT-25,雅马哈 MT-25,街车,,
,,雅马哈,MT-09 Street Rally,雅马哈 MT-09 Street Rally,街车,,
,,雅马哈,MT-01 Prototype,雅马哈 MT-01 Prototype,街车,,
,,雅马哈,MT-01 50th Anniversery,雅马哈 MT-01 50th Anniversery,街车,,
,,雅马哈,MT-01,雅马哈 MT-01,街车,,
,,雅马哈,WR 426F,雅马哈 WR 426F,街车,,
,,雅马哈,FZ-S 600 Fazer,雅马哈 FZ-S 600 Fazer,街车,,
,,雅马哈,FZ-6N,雅马哈 FZ-6N,街车,,
,,雅马哈,FZ-6N S2,雅马哈 FZ-6N S2,街车,,
,,雅马哈,FZ-6S Fazer,雅马哈 FZ-6S Fazer,街车,,
,,雅马哈,FZ-6S2 Fazer,雅马哈 FZ-6S2 Fazer,街车,,
,,雅马哈,FZ-6R,雅马哈 FZ-6R,街车,,
,,雅马哈,FZ,雅马哈 FZ,街车,,
,,雅马哈,FZ-07,雅马哈 FZ-07,街车,,
,,雅马哈,FZ-8,雅马哈 FZ-8,街车,,
,,雅马哈,FZ-8 WGP 50th Anniversary,雅马哈 FZ-8 WGP 50th Anniversary,街车,,
,,雅马哈,FZ-8 Fazer,雅马哈 FZ-8 Fazer,街车,,
,,雅马哈,FZ-09,雅马哈 FZ-09,街车,,
,,雅马哈,FZ-S 1000 Fazer,雅马哈 FZ-S 1000 Fazer,街车,,
,,雅马哈,FZ-1 N,雅马哈 FZ-1 N,街车,,
,,雅马哈,FZ-1 Fazer,雅马哈 FZ-1 Fazer,街车,,
,,雅马哈,FZ-1 Fazer TE,雅马哈 FZ-1 Fazer TE,街车,,
,,雅马哈,FZ-10,雅马哈 FZ-10,街车,,
,,雅马哈,FZ-10 Tourer,雅马哈 FZ-10 Tourer,街车,,
,,雅马哈,FZ-10-SP,雅马哈 FZ-10-SP,街车,,
,,雅马哈,R1-Z,雅马哈 R1-Z,街车,,
,,雅马哈,R5-A 350,雅马哈 R5-A 350,街车,,
,,雅马哈,R5-B 350,雅马哈 R5-B 350,街车,,
,,雅马哈,R5-C 350,雅马哈 R5-C 350,街车,,
,,雅马哈,RD 125,雅马哈 RD 125,街车,,
,,雅马哈,RD 125LC,雅马哈 RD 125LC,街车,,
,,雅马哈,RD 200,雅马哈 RD 200,街车,,
,,雅马哈,RD 250,雅马哈 RD 250,街车,,
,,雅马哈,RD 250LC,雅马哈 RD 250LC,街车,,
,,雅马哈,RD 250R,雅马哈 RD 250R,街车,,
,,雅马哈,RD 350,雅马哈 RD 350,街车,,
,,雅马哈,RD 350-0-A,雅马哈 RD 350-0-A,街车,,
,,雅马哈,RD 350-B,雅马哈 RD 350-B,街车,,
,,雅马哈,RD 350-C,雅马哈 RD 350-C,街车,,
,,雅马哈,RD 350LC,雅马哈 RD 350LC,街车,,
,,雅马哈,RD 350LC YPVS,雅马哈 RD 350LC YPVS,街车,,
,,雅马哈,RD 350LC YPVS Kenny Roberts Signature,雅马哈 RD 350LC YPVS Kenny Roberts Signature,街车,,
,,雅马哈,RD 350N,雅马哈 RD 350N,街车,,
,,雅马哈,RD 350F,雅马哈 RD 350F,街车,,
,,雅马哈,RD 350F2,雅马哈 RD 350F2,街车,,
,,雅马哈,RD 350R,雅马哈 RD 350R,街车,,
,,雅马哈,RD 400,雅马哈 RD 400,街车,,
,,雅马哈,RD 500LC YPVS,雅马哈 RD 500LC YPVS,街车,,
,,雅马哈,RD 500LC YPVS Christian Sarron Replica,雅马哈 RD 500LC YPVS Christian Sarron Replica,街车,,
,,雅马哈,RS 100,雅马哈 RS 100,街车,,
,,雅马哈,RS 200,雅马哈 RS 200,街车,,
,,雅马哈,RT-1 360,雅马哈 RT-1 360,街车,,
,,雅马哈,RX 350 Sport,雅马哈 RX 350 Sport,街车,,
,,雅马哈,RZ 125LC,雅马哈 RZ 125LC,街车,,
,,雅马哈,RZ 125S,雅马哈 RZ 125S,街车,,
,,雅马哈,RZ 125 Naked,雅马哈 RZ 125 Naked,街车,,
,,雅马哈,RZ 250LC,雅马哈 RZ 250LC,街车,,
,,雅马哈,RZ 350LC,雅马哈 RZ 350LC,街车,,
,,雅马哈,RZ 350LC YSP Limited,雅马哈 RZ 350LC YSP Limited,街车,,
,,雅马哈,RZ 350LC YPVS,雅马哈 RZ 350LC YPVS,街车,,
,,雅马哈,RZ 350RR,雅马哈 RZ 350RR,街车,,
,,雅马哈,XVS 650 Drag Star Classic,雅马哈 XVS 650 Drag Star Classic,街车,,
,,雅马哈,XVS 650 Drag Star Silverado,雅马哈 XVS 650 Drag Star Silverado,街车,,
,,雅马哈,XZ 400D,雅马哈 XZ 400D,街车,,
,,雅马哈,XZ 550 Vision,雅马哈 XZ 550 Vision,街车,,
,,雅马哈,XZ 550R Vision,雅马哈 XZ 550R Vision,街车,,
,,雅马哈,YBR 125,雅马哈 YBR 125,街车,,
,,雅马哈,YBR 125 Custom,雅马哈 YBR 125 Custom,街车,,
,,雅马哈,YBR 125G Dual Sport,雅马哈 YBR 125G Dual Sport,街车,,
,,雅马哈,YBR 250 Fazer,雅马哈 YBR 250 Fazer,街车,,
,,雅马哈,YD-1,雅马哈 YD-1,街车,,
,,雅马哈,YD-2,雅马哈 YD-2,街车,,
,,雅马哈,YDS-1,雅马哈 YDS-1,街车,,
,,雅马哈,YDS-2,雅马哈 YDS-2,街车,,
,,雅马哈,YDS-3C,雅马哈 YDS-3C,街车,,
,,雅马哈,YDS-6,雅马哈 YDS-6,街车,,
,,雅马哈,YDS-7,雅马哈 YDS-7,街车,,
,,雅马哈,YR-1,雅马哈 YR-1,街车,,
,,雅马哈,YR-2C,雅马哈 YR-2C,街车,,
,,雅马哈,YR-5,雅马哈 YR-5,街车,,
,,雅马哈,YS 125,雅马哈 YS 125,街车,,
,,雅马哈,YS 250 Fazer,雅马哈 YS 250 Fazer,街车,,
,,雅马哈,YS 250 Fazer BlueFlex,雅马哈 YS 250 Fazer BlueFlex,街车,,
,,雅马哈,YX 600S Radian,雅马哈 YX 600S Radian,街车,,
,,雅马哈,XS 250,雅马哈 XS 250,街车,,
,,雅马哈,XS 250 Special,雅马哈 XS 250 Special,街车,,
,,雅马哈,XS 250 Midnight Special,雅马哈 XS 250 Midnight Special,街车,,
,,雅马哈,XS 250 DOHC,雅马哈 XS 250 DOHC,街车,,
,,雅马哈,XS 360,雅马哈 XS 360,街车,,
,,雅马哈,XS 400,雅马哈 XS 400,街车,,
,,雅马哈,XS 400 Maxim,雅马哈 XS 400 Maxim,街车,,
,,雅马哈,XS 400R Seca,雅马哈 XS 400R Seca,街车,,
,,雅马哈,XS 500,雅马哈 XS 500,街车,,
,,雅马哈,XS-1,雅马哈 XS-1,街车,,
,,雅马哈,XS-1B,雅马哈 XS-1B,街车,,
,,雅马哈,XS-1F,雅马哈 XS-1F,街车,,
,,雅马哈,XS-2,雅马哈 XS-2,街车,,
,,雅马哈,XS 650,雅马哈 XS 650,街车,,
,,雅马哈,XS 650P,雅马哈 XS 650P,街车,,
,,雅马哈,XS 650C,雅马哈 XS 650C,街车,,
,,雅马哈,XS 650D,雅马哈 XS 650D,街车,,
,,雅马哈,XS 650 SE,雅马哈 XS 650 SE,街车,,
,,雅马哈,XS 650 Special,雅马哈 XS 650 Special,街车,,
,,雅马哈,XS 750D,雅马哈 XS 750D,街车,,
,,雅马哈,XS 750 2D,雅马哈 XS 750 2D,街车,,
,,雅马哈,XS 750E,雅马哈 XS 750E,街车,,
,,雅马哈,XS 750 Special,雅马哈 XS 750 Special,街车,,
,,雅马哈,XS 850,雅马哈 XS 850,街车,,
,,雅马哈,XS 850SG Special,雅马哈 XS 850SG Special,街车,,
,,雅马哈,XS 1100E,雅马哈 XS 1100E,街车,,
,,雅马哈,XS 1100F,雅马哈 XS 1100F,街车,,
,,雅马哈,XS 1100 Martini,雅马哈 XS 1100 Martini,街车,,
,,雅马哈,XS 1100SF Special,雅马哈 XS 1100SF Special,街车,,
,,雅马哈,XS 1100LG Special,雅马哈 XS 1100LG Special,街车,,
,,雅马哈,XS 1100LH Midnight Special,雅马哈 XS 1100LH Midnight Special,街车,,
,,雅马哈,XS 1100G,雅马哈 XS 1100G,街车,,
,,雅马哈,XS 1100 Sport,雅马哈 XS 1100 Sport,街车,,
,,雅马哈,XS 1100 Venturer,雅马哈 XS 1100 Venturer,街车,,
,,雅马哈,XSR 900 Abarth,雅马哈 XSR 900 Abarth,街车,,
,,雅马哈,BT1100 Bulldog,雅马哈 BT1100 Bulldog,街车,,
,,雅马哈,DT 125,雅马哈 DT 125,街车,,
,,雅马哈,DT 120MX,雅马哈 DT 120MX,街车,,
,,雅马哈,DT 125LC,雅马哈 DT 125LC,街车,,
,,雅马哈,DT 125R,雅马哈 DT 125R,街车,,
,,雅马哈,DT 175,雅马哈 DT 175,街车,,
,,雅马哈,DT 200R,雅马哈 DT 200R,街车,,
,,雅马哈,DT 200WR,雅马哈 DT 200WR,街车,,
,,雅马哈,DT 250,雅马哈 DT 250,街车,,
,,雅马哈,DT 400,雅马哈 DT 400,街车,,
,,雅马哈,YZF-R125 Team Yamaha Race Replica,雅马哈 YZF-R125 Team Yamaha Race Replica,街车,,
,,雅马哈,YZF-R125 WGP 50th Anniversary,雅马哈 YZF-R125 WGP 50th Anniversary,街车,,
,,雅马哈,YZF-R125 Race-Blu Special Edition,雅马哈 YZF-R125 Race-Blu Special Edition,街车,,
,,雅马哈,YZF 600R Thundercat,雅马哈 YZF 600R Thundercat,街车,,
,,雅马哈,YZF 600R,雅马哈 YZF 600R,街车,,
,,雅马哈,YZF 600 R6S,雅马哈 YZF 600 R6S,街车,,
,,雅马哈,YZF-R6 Rossi Replica,雅马哈 YZF-R6 Rossi Replica,街车,,
,,雅马哈,YZF-R6 WGP 50th Anniversary,雅马哈 YZF-R6 WGP 50th Anniversary,街车,,
,,雅马哈,YZF-R6 Race-Blu Special Edition,雅马哈 YZF-R6 Race-Blu Special Edition,街车,,
,,雅马哈,FZ 400N,雅马哈 FZ 400N,街车,,
,,雅马哈,FZ 400R,雅马哈 FZ 400R,街车,,
,,雅马哈,FZR 400 Genesis,雅马哈 FZR 400 Genesis,街车,,
,,雅马哈,FZ 400 Fazer,雅马哈 FZ 400 Fazer,街车,,
,,雅马哈,FZ 600,雅马哈 FZ 600,街车,,
,,雅马哈,FZ 700,雅马哈 FZ 700,街车,,
,,雅马哈,FZ 750 Geneses,雅马哈 FZ 750 Geneses,街车,,
,,雅马哈,FZX 250 Zeal,雅马哈 FZX 250 Zeal,街车,,
,,雅马哈,FZX 750,雅马哈 FZX 750,街车,,
,,雅马哈,Gen-RYU Concept,雅马哈 Gen-RYU Concept,街车,,
,,雅马哈,GL 750 Prototype,雅马哈 GL 750 Prototype,街车,,
,,雅马哈,GTS 1000 ABS,雅马哈 GTS 1000 ABS,街车,,
,,雅马哈,GX 250,雅马哈 GX 250,街车,,
,,雅马哈,GX 250SP,雅马哈 GX 250SP,街车,,
,,雅马哈,GX 400,雅马哈 GX 400,街车,,
,,雅马哈,GX 400SP,雅马哈 GX 400SP,街车,,
,,雅马哈,GX 750,雅马哈 GX 750,街车,,
,,雅马哈,XJ 400 Seca,雅马哈 XJ 400 Seca,街车,,
,,雅马哈,XJ 400D,雅马哈 XJ 400D,街车,,
,,雅马哈,XJ 400 Special,雅马哈 XJ 400 Special,街车,,
,,雅马哈,XJ 400S Diversion,雅马哈 XJ 400S Diversion,街车,,
,,雅马哈,XJ 400Z,雅马哈 XJ 400Z,街车,,
,,雅马哈,XJ 400Z-S,雅马哈 XJ 400Z-S,街车,,
,,雅马哈,XJ 400Z-E,雅马哈 XJ 400Z-E,街车,,
,,雅马哈,XJ 550,雅马哈 XJ 550,街车,,
,,雅马哈,XJ 550J Maxim,雅马哈 XJ 550J Maxim,街车,,
,,雅马哈,XJ 550 Seca,雅马哈 XJ 550 Seca,街车,,
,,雅马哈,XJ 600,雅马哈 XJ 600,街车,,
,,雅马哈,XJ 600 Seca II,雅马哈 XJ 600 Seca II,街车,,
,,雅马哈,XJ 600N,雅马哈 XJ 600N,街车,,
,,雅马哈,XJ 600S DiversiOn,雅马哈 XJ 600S DiversiOn,街车,,
,,雅马哈,XJ6,雅马哈 XJ6,街车,,
,,雅马哈,XJ6 Diversion,雅马哈 XJ6 Diversion,街车,,
,,雅马哈,XJ6 Diversion F,雅马哈 XJ6 Diversion F,街车,,
,,雅马哈,XJ 650 Seca,雅马哈 XJ 650 Seca,街车,,
,,雅马哈,XJ 650 Maxim,雅马哈 XJ 650 Maxim,街车,,
,,雅马哈,XJ 650 Midnight Maxim,雅马哈 XJ 650 Midnight Maxim,街车,,
,,雅马哈,XJ 650 Special,雅马哈 XJ 650 Special,街车,,
,,雅马哈,XJ 650 Turbo,雅马哈 XJ 650 Turbo,街车,,
,,雅马哈,XJ 750X Maxim X,雅马哈 XJ 750X Maxim X,街车,,
,,雅马哈,XJ 750 Seca,雅马哈 XJ 750 Seca,街车,,
,,雅马哈,XJ 750D,雅马哈 XJ 750D,街车,,
,,雅马哈,XJ 750E,雅马哈 XJ 750E,街车,,
,,雅马哈,XJ 750E-II,雅马哈 XJ 750E-II,街车,,
,,雅马哈,XJ 750R,雅马哈 XJ 750R,街车,,
,,雅马哈,XJ 900N Seca,雅马哈 XJ 900N Seca,街车,,
,,雅马哈,XJ 900F,雅马哈 XJ 900F,街车,,
,,雅马哈,XJ 900S Diversion,雅马哈 XJ 900S Diversion,街车,,
,,雅马哈,XJR 400R,雅马哈 XJR 400R,街车,,
,,雅马哈,XJR 1200,雅马哈 XJR 1200,街车,,
,,雅马哈,XJR 1200SP,雅马哈 XJR 1200SP,街车,,
,,雅马哈,XJR 1300,雅马哈 XJR 1300,街车,,
,,雅马哈,XJR 1300SP,雅马哈 XJR 1300SP,街车,,
,,雅马哈,XJR 1300 Racer,雅马哈 XJR 1300 Racer,街车,,
,,雅马哈,TX 650,雅马哈 TX 650,街车,,
,,雅马哈,TX 650-II,雅马哈 TX 650-II,街车,,
,,雅马哈,TX 650-III,雅马哈 TX 650-III,街车,,
,,雅马哈,TX 750,雅马哈 TX 750,街车,,
,,雅马哈,TZR 125,雅马哈 TZR 125,街车,,
,,雅马哈,TZR 125 Naked,雅马哈 TZR 125 Naked,街车,,
,,雅马哈,TZR 125R Belgarda,雅马哈 TZR 125R Belgarda,街车,,
,,雅马哈,TZR 125SP Belgarda,雅马哈 TZR 125SP Belgarda,街车,,
,,雅马哈,TZR 125RR Belgarda,雅马哈 TZR 125RR Belgarda,街车,,
,,雅马哈,TZR 250,雅马哈 TZR 250,街车,,
,,雅马哈,TZR 250SP,雅马哈 TZR 250SP,街车,,
,,雅马哈,TZR 250R,雅马哈 TZR 250R,街车,,
,,雅马哈,TZR 250R-SP,雅马哈 TZR 250R-SP,街车,,
,,雅马哈,TZR 250RS,雅马哈 TZR 250RS,街车,,
,,雅马哈,Vixion 150,雅马哈 Vixion 150,街车,,
,,雅马哈,V,雅马哈 V,街车,,
,,雅马哈,Vixion Movistar MotoGP Limited Edition,雅马哈 Vixion Movistar MotoGP Limited Edition,街车,,
,,雅马哈,Vixion R 150 V 3.0,雅马哈 Vixion R 150 V 3.0,街车,,
,,雅马哈,VMX V-Max 1200,雅马哈 VMX V-Max 1200,街车,,
,,雅马哈,VMX V-Max 1200 20th Anniversary L.E.,雅马哈 VMX V-Max 1200 20th Anniversary L.E.,街车,,
,,雅马哈,XV 125S Virago,雅马哈 XV 125S Virago,街车,,
,,雅马哈,XV 250S Virago,雅马哈 XV 250S Virago,街车,,
,,雅马哈,XV 400 Virago,雅马哈 XV 400 Virago,街车,,
,,雅马哈,XV 500 Virago,雅马哈 XV 500 Virago,街车,,
,,雅马哈,XV 535 Virago,雅马哈 XV 535 Virago,街车,,
,,雅马哈,XV 535 Virago SE,雅马哈 XV 535 Virago SE,街车,,
,,雅马哈,XV 535 Virago DX,雅马哈 XV 535 Virago DX,街车,,
,,雅马哈,XV 750E,雅马哈 XV 750E,街车,,
,,雅马哈,XV 750 Special,雅马哈 XV 750 Special,街车,,
,,雅马哈,XV 700 Virago,雅马哈 XV 700 Virago,街车,,
,,雅马哈,XV 750 Virago,雅马哈 XV 750 Virago,街车,,
,,雅马哈,XV 920J Virago,雅马哈 XV 920J Virago,街车,,
,,雅马哈,XV 920R,雅马哈 XV 920R,街车,,
,,雅马哈,XV 1000M,雅马哈 XV 1000M,街车,,
,,雅马哈,XV 1000 Virago,雅马哈 XV 1000 Virago,街车,,
,,雅马哈,XV 1100 Virago,雅马哈 XV 1100 Virago,街车,,
,,雅马哈,XV 1600A Road Star / Wind Star,雅马哈 XV 1600A Road Star / Wind Star,街车,,
,,雅马哈,XV 1600A Road Star / Wind Star Midnight,雅马哈 XV 1600A Road Star / Wind Star Midnight,街车,,
,,雅马哈,XV 1600A Road Star / Wind Star Silverado,雅马哈 XV 1600A Road Star / Wind Star Silverado,街车,,
,,雅马哈,XV 1600A Road Star / Wind Star Silverado Midnight,雅马哈 XV 1600A Road Star / Wind Star Silverado Midnight,街车,,
,,雅马哈,XV 1600A Road Star / Wild Star Silverado S Limited Edition,雅马哈 XV 1600A Road Star / Wild Star Silverado S Limited Edition,街车,,
,,雅马哈,XV 1700 Road Star,雅马哈 XV 1700 Road Star,街车,,
,,雅马哈,XV 1700 Road Star Midnight,雅马哈 XV 1700 Road Star Midnight,街车,,
,,雅马哈,XV 1700 Road Star S,雅马哈 XV 1700 Road Star S,街车,,
,,雅马哈,XV 1700 Road Star Silverado,雅马哈 XV 1700 Road Star Silverado,街车,,
,,雅马哈,XV 1700 Road Star Silverado Midnight,雅马哈 XV 1700 Road Star Silverado Midnight,街车,,
,,雅马哈,XV 1700 Road Star Silverado S,雅马哈 XV 1700 Road Star Silverado S,街车,,
,,雅马哈,XV 1700 Road Star Warrior,雅马哈 XV 1700 Road Star Warrior,街车,,
,,雅马哈,XV 1900 Roadliner Midnight,雅马哈 XV 1900 Roadliner Midnight,街车,,
,,雅马哈,XV 1900 Stratoliner Midnight Star,雅马哈 XV 1900 Stratoliner Midnight Star,街车,,
,,雅马哈,AG 175,雅马哈 AG 175,街车,,
,,雅马哈,AG 200,雅马哈 AG 200,街车,,
,,雅马哈,CS 200,雅马哈 CS 200,街车,,
,,雅马哈,DT 12,雅马哈 DT 12,街车,,
,,雅马哈,DT 125MX,雅马哈 DT 125MX,街车,,
,,雅马哈,DT 125LC Disc,雅马哈 DT 125LC Disc,街车,,
,,雅马哈,DT 125X,雅马哈 DT 125X,街车,,
,,雅马哈,DT 230 Lanza,雅马哈 DT 230 Lanza,街车,,
,,雅马哈,DT-1 250,雅马哈 DT-1 250,街车,,
,,雅马哈,DT-2 250,雅马哈 DT-2 250,街车,,
,,雅马哈,DT-3 250,雅马哈 DT-3 250,街车,,
,,雅马哈,DT 360A,雅马哈 DT 360A,街车,,
,,雅马哈,DX 250,雅马哈 DX 250,街车,,
,,雅马哈,XSR 155,雅马哈 XSR 155,街车,,
,,雅马哈,Augur 155,雅马哈 Augur 155,踏板,,
,,雅马哈,劲战 Cygnus-X,雅马哈 劲战 Cygnus-X,踏板,,
,,雅马哈,X-City 250,雅马哈 X-City 250,踏板,,
日本,进口,雅马哈,WR250F,雅马哈 WR250F,越野,"￥78,800",
日本,进口,雅马哈,TTR50,雅马哈 TTR50,越野,"￥9,980",
,,雅马哈,New Grand Filano 125 Hybrid,雅马哈 New Grand Filano 125 Hybrid,踏板,,
,,雅马哈,N-MAX 125,雅马哈 N-MAX 125,踏板,,
,,雅马哈,X-Max 125,雅马哈 X-Max 125,踏板,,
,,雅马哈,Majesty S XC155,雅马哈 Majesty S XC155,踏板,,
,,雅马哈,QBIX 125,雅马哈 QBIX 125,踏板,,
,,雅马哈,Force,雅马哈 Force,踏板,,
,,雅马哈,CUXI,雅马哈 CUXI,踏板,,
,,雅马哈,Ray,雅马哈 Ray,踏板,,
,,雅马哈,Ray-Z,雅马哈 Ray-Z,踏板,,
,,雅马哈,XC50D Vino,雅马哈 XC50D Vino,踏板,,
,,雅马哈,S-MAX 155,雅马哈 S-MAX 155,踏板,,
,,雅马哈,Aerox R,雅马哈 Aerox R,踏板,,
,,雅马哈,VOX,雅马哈 VOX,踏板,,
,,雅马哈,Y15ZR,雅马哈 Y15ZR,踏板,,
,,雅马哈,Majesty,雅马哈 Majesty,踏板,,
,,雅马哈,Vino 125,雅马哈 Vino 125,踏板,,
,,雅马哈,Vino 50,雅马哈 Vino 50,踏板,,
,,雅马哈,BWS 50,雅马哈 BWS 50,踏板,,
,,雅马哈,SMAX,雅马哈 SMAX,踏板,,
,,雅马哈,Zuma 125,雅马哈 Zuma 125,踏板,,
,,雅马哈,Zuma 50F,雅马哈 Zuma 50F,踏板,,
,,雅马哈,Zuma X,雅马哈 Zuma X,踏板,,
,,雅马哈,T-MAX 500,雅马哈 T-MAX 500,踏板,,
,,雅马哈,TMAX 530,雅马哈 TMAX 530,踏板,,
,,雅马哈,VR 300 Versit,雅马哈 VR 300 Versit,踏板,,
,,雅马哈,YP 250 Majesty,雅马哈 YP 250 Majesty,踏板,,
,,雅马哈,YP 400 Majesty,雅马哈 YP 400 Majesty,踏板,,
,,雅马哈,XMAX 125,雅马哈 XMAX 125,踏板,,
,,雅马哈,XMAX 250,雅马哈 XMAX 250,踏板,,
,,雅马哈,XMAX 400,雅马哈 XMAX 400,踏板,,
,,雅马哈,GEN 03-f and GEN-x Concept,雅马哈 GEN 03-f and GEN-x Concept,踏板,,
,,雅马哈,TMAX Tech MAX,雅马哈 TMAX Tech MAX,踏板,,
,,雅马哈,Vinoora 125,雅马哈 Vinoora 125,踏板,,
,,雅马哈,SCR950 Scrambler,雅马哈 SCR950 Scrambler,复古,,
,,雅马哈,SR400,雅马哈 SR400,复古,,
,,雅马哈,Star Bolt Cafe,雅马哈 Star Bolt Cafe,复古,,
,,雅马哈,XSR 700,雅马哈 XSR 700,复古,,
,,雅马哈,TW 225E,雅马哈 TW 225E,复古,,
,,雅马哈,XV 950,雅马哈 XV 950,复古,,
,,雅马哈,VMAX 1700,雅马哈 VMAX 1700,巡航,,
,,雅马哈,Star Bolt,雅马哈 Star Bolt,巡航,,
,,雅马哈,Star Bolt C-Spec,雅马哈 Star Bolt C-Spec,巡航,,
,,雅马哈,Star Bolt R-Spec,雅马哈 Star Bolt R-Spec,巡航,,
,,雅马哈,Star Eluder,雅马哈 Star Eluder,巡航,,
,,雅马哈,Star Raider,雅马哈 Star Raider,巡航,,
,,雅马哈,Star Raider S,雅马哈 Star Raider S,巡航,,
,,雅马哈,Star Raider SCL,雅马哈 Star Raider SCL,巡航,,
,,雅马哈,Star Raider SE,雅马哈 Star Raider SE,巡航,,
,,雅马哈,Star Roadliner S,雅马哈 Star Roadliner S,巡航,,
,,雅马哈,Stratoliner Midnight,雅马哈 Stratoliner Midnight,巡航,,
,,雅马哈,Stratoliner Deluxe,雅马哈 Stratoliner Deluxe,巡航,,
,,雅马哈,Star Stratoliner S,雅马哈 Star Stratoliner S,巡航,,
,,雅马哈,Star Stryker,雅马哈 Star Stryker,巡航,,
,,雅马哈,Star Stryker Bullet Cowl,雅马哈 Star Stryker Bullet Cowl,巡航,,
,,雅马哈,Star Stryker SE,雅马哈 Star Stryker SE,巡航,,
,,雅马哈,Star Venture,雅马哈 Star Venture,巡航,,
,,雅马哈,XV950,雅马哈 XV950,巡航,,
,,雅马哈,XV1700 Road Star S,雅马哈 XV1700 Road Star S,巡航,,
,,雅马哈,XV 1700 Road Star Silverado S,雅马哈 XV 1700 Road Star Silverado S,巡航,,
,,雅马哈,XV 1900 Raider S,雅马哈 XV 1900 Raider S,巡航,,
,,雅马哈,XVS 250 V-Star,雅马哈 XVS 250 V-Star,巡航,,
,,雅马哈,XVS 650 V-Star,雅马哈 XVS 650 V-Star,巡航,,
,,雅马哈,XVS 950 V-Star,雅马哈 XVS 950 V-Star,巡航,,
,,雅马哈,XVS 950 V-Star Bolt,雅马哈 XVS 950 V-Star Bolt,巡航,,
,,雅马哈,XVS 950 V-Star Bolt R-Spec,雅马哈 XVS 950 V-Star Bolt R-Spec,巡航,,
,,雅马哈,XVS 950 V-Star Tourer,雅马哈 XVS 950 V-Star Tourer,巡航,,
,,雅马哈,XVS 1300 Stryker Bullet Cowl,雅马哈 XVS 1300 Stryker Bullet Cowl,巡航,,
,,雅马哈,XVS 1300 V-Star Deluxe,雅马哈 XVS 1300 V-Star Deluxe,巡航,,
,,雅马哈,XV 1900,雅马哈 XV 1900,巡航,,
,,雅马哈,Roadliner S,雅马哈 Roadliner S,巡航,,
,,雅马哈,V-Star 1100,雅马哈 V-Star 1100,巡航,,
,,雅马哈,Stratoliner S,雅马哈 Stratoliner S,巡航,,
,,雅马哈,Stratoliner Deluxe,雅马哈 Stratoliner Deluxe,巡航,,
,,雅马哈,Road Star Silverado,雅马哈 Road Star Silverado,巡航,,
,,雅马哈,Star Raider Bullet Cow,雅马哈 Star Raider Bullet Cow,巡航,,
,,雅马哈,XVS 125 Drag Star,雅马哈 XVS 125 Drag Star,巡航,,
,,雅马哈,XVS 250 Drag Star,雅马哈 XVS 250 Drag Star,巡航,,
,,雅马哈,XVS 400 Drag Star,雅马哈 XVS 400 Drag Star,巡航,,
,,雅马哈,XVS 400 Drag Star Classic,雅马哈 XVS 400 Drag Star Classic,巡航,,
,,雅马哈,XVS 650 Drag Star,雅马哈 XVS 650 Drag Star,巡航,,
,,雅马哈,XVS 250 V-Star,雅马哈 XVS 250 V-Star,巡航,,
,,雅马哈,XVS 250 V-,雅马哈 XVS 250 V-,巡航,,
,,雅马哈,XVS 650 V,雅马哈 XVS 650 V,巡航,,
,,雅马哈,XVS 650 V-Star Custom Midnight,雅马哈 XVS 650 V-Star Custom Midnight,巡航,,
,,雅马哈,XVS 650 V-Star Custom,雅马哈 XVS 650 V-Star Custom,巡航,,
,,雅马哈,XVS 950 V-Star,雅马哈 XVS 950 V-Star,巡航,,
,,雅马哈,XVS 950 V-Star Bolt R-Spec,雅马哈 XVS 950 V-Star Bolt R-Spec,巡航,,
,,雅马哈,XVS 1100 Drag Star Classic,雅马哈 XVS 1100 Drag Star Classic,巡航,,
,,雅马哈,XVS 1100 V-Star Silverado,雅马哈 XVS 1100 V-Star Silverado,巡航,,
,,雅马哈,XVS 1300 Stryker,雅马哈 XVS 1300 Stryker,巡航,,
,,雅马哈,XVS 1300 Stryker SE,雅马哈 XVS 1300 Stryker SE,巡航,,
,,雅马哈,XVS 1300 V Star,雅马哈 XVS 1300 V Star,巡航,,
,,雅马哈,XVS 1300 V Star Deluxe SE,雅马哈 XVS 1300 V Star Deluxe SE,巡航,,
,,雅马哈,XVS 1300 V Star Tourer,雅马哈 XVS 1300 V Star Tourer,巡航,,
,,雅马哈,XVZ 1300 Royal Star Venture,雅马哈 XVZ 1300 Royal Star Venture,巡航,,
,,雅马哈,VMX V-Max 17,雅马哈 VMX V-Max 17,巡航,,
,,雅马哈,XV 250 Virago,雅马哈 XV 250 Virago,巡航,,
,,雅马哈,XV 950R,雅马哈 XV 950R,巡航,,
,,雅马哈,XV 1700 Road Star Warrior Midnight,雅马哈 XV 1700 Road Star Warrior Midnight,巡航,,
,,雅马哈,XV 1900 Raider,雅马哈 XV 1900 Raider,巡航,,
,,雅马哈,XV 1900 Raider S,雅马哈 XV 1900 Raider S,巡航,,
,,雅马哈,XV 1900 Roadliner S,雅马哈 XV 1900 Roadliner S,巡航,,
,,雅马哈,XT 1200ZE/ES Super Tenere,雅马哈 XT 1200ZE/ES Super Tenere,拉力,,
,,雅马哈,XT 1200ZE Super Tènèrè Raid Edition,雅马哈 XT 1200ZE Super Tènèrè Raid Edition,拉力,,
,,雅马哈,YZ 85,雅马哈 YZ 85,拉力,,
,,雅马哈,Ténéré 700(海外),雅马哈 Ténéré 700(海外),拉力,,
,,雅马哈,XTZ 125E,雅马哈 XTZ 125E,拉力,,
,,雅马哈,XTZ 250 Tènèrè,雅马哈 XTZ 250 Tènèrè,拉力,,
,,雅马哈,XT 600 Ténéré,雅马哈 XT 600 Ténéré,拉力,,
,,雅马哈,XT 600,雅马哈 XT 600,拉力,,
,,雅马哈,XT 600E,雅马哈 XT 600E,拉力,,
,,雅马哈,XTZ 660 Ténéré,雅马哈 XTZ 660 Ténéré,拉力,,
,,雅马哈,XT 660R,雅马哈 XT 660R,拉力,,
,,雅马哈,XT 660X,雅马哈 XT 660X,拉力,,
,,雅马哈,XT 660Z Ténéré,雅马哈 XT 660Z Ténéré,拉力,,
,,雅马哈,XT 660Z Ténéré Travel kit,雅马哈 XT 660Z Ténéré Travel kit,拉力,,
,,雅马哈,XTZ 750 Super Ténéré,雅马哈 XTZ 750 Super Ténéré,拉力,,
,,雅马哈,XT 1200Z Super Ténéré,雅马哈 XT 1200Z Super Ténéré,拉力,,
,,雅马哈,XT 1200Z Super Ténéré Travel Accessories,雅马哈 XT 1200Z Super Ténéré Travel Accessories,拉力,,
,,雅马哈,XT 1200ZE Super Ténéré,雅马哈 XT 1200ZE Super Ténéré,拉力,,
,,雅马哈,XT 1200ZE Super Tènèrè Worldcrosser,雅马哈 XT 1200ZE Super Tènèrè Worldcrosser,拉力,,
,,雅马哈,WR 250X,雅马哈 WR 250X,拉力,,
,,雅马哈,WR 400F,雅马哈 WR 400F,拉力,,
,,雅马哈,XG 250 T,雅马哈 XG 250 T,拉力,,
,,雅马哈,Tracer 900,雅马哈 Tracer 900,旅行,,
,,雅马哈,FJR1300P Police,雅马哈 FJR1300P Police,旅行,,
,,雅马哈,Royal Star Venture,雅马哈 Royal Star Venture,旅行,,
,,雅马哈,TDM 900A GT,雅马哈 TDM 900A GT,旅行,,
,,雅马哈,Tracer 700,雅马哈 Tracer 700,旅行,,
,,雅马哈,XVS 650 V-Star Classic,雅马哈 XVS 650 V-Star Classic,旅行,,
,,雅马哈,XVS 950 V-Star Midnight,雅马哈 XVS 950 V-Star Midnight,旅行,,
,,雅马哈,XVS 950 V-Star Bolt,雅马哈 XVS 950 V-Star Bolt,旅行,,
,,雅马哈,XVS 950 V-Star Bolt Café,雅马哈 XVS 950 V-Star Bolt Café,旅行,,
,,雅马哈,XVS 950 V-Star Bolt C-Spec,雅马哈 XVS 950 V-Star Bolt C-Spec,旅行,,
,,雅马哈,XVS 950 V,雅马哈 XVS 950 V,旅行,,
,,雅马哈,XVS 950 V-Star Tourer,雅马哈 XVS 950 V-Star Tourer,旅行,,
,,雅马哈,XVS 1100 V-Star Classic,雅马哈 XVS 1100 V-Star Classic,旅行,,
,,雅马哈,XVS 1100 V-Star Custom,雅马哈 XVS 1100 V-Star Custom,旅行,,
,,雅马哈,XVS 1300 Stryker Bullet Cowl,雅马哈 XVS 1300 Stryker Bullet Cowl,旅行,,
,,雅马哈,XVS 1300 V Star Dark Limited Editions,雅马哈 XVS 1300 V Star Dark Limited Editions,旅行,,
,,雅马哈,XVZ 1200 Venture,雅马哈 XVZ 1200 Venture,旅行,,
,,雅马哈,XVZ 1200 Venture Royal,雅马哈 XVZ 1200 Venture Royal,旅行,,
,,雅马哈,XVZ 1300 Royal Star Classic,雅马哈 XVZ 1300 Royal Star Classic,旅行,,
,,雅马哈,XVZ 1300 Royal Star Ventura,雅马哈 XVZ 1300 Royal Star Ventura,旅行,,
,,雅马哈,XVZ 1300 Royal Star Venture TF,雅马哈 XVZ 1300 Royal Star Venture TF,旅行,,
,,雅马哈,XVZ 1300 Royal Star Tour Deluxe,雅马哈 XVZ 1300 Royal Star Tour Deluxe,旅行,,
,,雅马哈,XVZ 1300 Royal Star Tour Deluxe Midnight,雅马哈 XVZ 1300 Royal Star Tour Deluxe Midnight,旅行,,
,,雅马哈,XVZ 1300 Royal Star Venture Midnight,雅马哈 XVZ 1300 Royal Star Venture Midnight,旅行,,
,,雅马哈,XVZ 1300 Royal Star Venture S,雅马哈 XVZ 1300 Royal Star Venture S,旅行,,
,,雅马哈,XS 750 Touring,雅马哈 XS 750 Touring,旅行,,
,,雅马哈,XV 1900 Raider SCL,雅马哈 XV 1900 Raider SCL,旅行,,
,,雅马哈,XV 1900 Raider S.E,雅马哈 XV 1900 Raider S.E,旅行,,
,,雅马哈,XV 1900 Roadliner,雅马哈 XV 1900 Roadliner,旅行,,
,,雅马哈,XV 1900 Stratoliner,雅马哈 XV 1900 Stratoliner,旅行,,
,,雅马哈,XV 1900 Stratoliner Deluxe,雅马哈 XV 1900 Stratoliner Deluxe,旅行,,
,,雅马哈,XV 1900A Midnight Star CFD,雅马哈 XV 1900A Midnight Star CFD,旅行,,
,,雅马哈,XV 1900 Stratoliner S,雅马哈 XV 1900 Stratoliner S,旅行,,
,,雅马哈,YZ 250,雅马哈 YZ 250,越野,,
,,雅马哈,WR 250X,雅马哈 WR 250X,越野,,
,,雅马哈,WR 450F,雅马哈 WR 450F,越野,,
,,雅马哈,XT 600Z Tenere,雅马哈 XT 600Z Tenere,越野,,
,,雅马哈,Kids Bike PW50,雅马哈 Kids Bike PW50,越野,,
,,雅马哈,XSR700 XTribute 2019,雅马哈 XSR700 XTribute 2019,越野,,
,,雅马哈,XTZ250 Tenere 巴西版,雅马哈 XTZ250 Tenere 巴西版,越野,,
,,雅马哈,XTZ250 Lander 2019（巴西版）,雅马哈 XTZ250 Lander 2019（巴西版）,越野,,
,,雅马哈,TW 200,雅马哈 TW 200,越野,,
,,雅马哈,YZ 125,雅马哈 YZ 125,越野,,
,,雅马哈,TDR 125,雅马哈 TDR 125,越野,,
,,雅马哈,TT 225,雅马哈 TT 225,越野,,
,,雅马哈,TT-R 225,雅马哈 TT-R 225,越野,,
,,雅马哈,TT 250,雅马哈 TT 250,越野,,
,,雅马哈,TT-R 250,雅马哈 TT-R 250,越野,,
,,雅马哈,TT-R 250R Raid,雅马哈 TT-R 250R Raid,越野,,
,,雅马哈,TT-R 250 Raid,雅马哈 TT-R 250 Raid,越野,,
,,雅马哈,TT 350,雅马哈 TT 350,越野,,
,,雅马哈,TT 500,雅马哈 TT 500,越野,,
,,雅马哈,TT 600,雅马哈 TT 600,越野,,
,,雅马哈,TT 600S Belgarda,雅马哈 TT 600S Belgarda,越野,,
,,雅马哈,TT 600E Bellgarda,雅马哈 TT 600E Bellgarda,越野,,
,,雅马哈,TT 600R,雅马哈 TT 600R,越野,,
,,雅马哈,TT 600RE,雅马哈 TT 600RE,越野,,
,,雅马哈,XT 125,雅马哈 XT 125,越野,,
,,雅马哈,XT 125R,雅马哈 XT 125R,越野,,
,,雅马哈,XT 200,雅马哈 XT 200,越野,,
,,雅马哈,XT 225 Serow,雅马哈 XT 225 Serow,越野,,
,,雅马哈,XT 250,雅马哈 XT 250,越野,,
,,雅马哈,XT 250T,雅马哈 XT 250T,越野,,
,,雅马哈,XT 25,雅马哈 XT 25,越野,,
,,雅马哈,XTZ 250 Lander,雅马哈 XTZ 250 Lander,越野,,
,,雅马哈,XTZ 250 Lancer X,雅马哈 XTZ 250 Lancer X,越野,,
,,雅马哈,XT 350,雅马哈 XT 350,越野,,
,,雅马哈,XT 400,雅马哈 XT 400,越野,,
,,雅马哈,XT 400E Artesia,雅马哈 XT 400E Artesia,越野,,
,,雅马哈,XT 500,雅马哈 XT 500,越野,,
,,雅马哈,XT 550,雅马哈 XT 550,越野,,
,,雅马哈,XT 1200Z Super Ténéré Worldcrosser,雅马哈 XT 1200Z Super Ténéré Worldcrosser,越野,,
,,雅马哈,IT 200,雅马哈 IT 200,越野,,
,,雅马哈,IT 250,雅马哈 IT 250,越野,,
,,雅马哈,IT 425,雅马哈 IT 425,越野,,
,,雅马哈,IT 465,雅马哈 IT 465,越野,,
,,雅马哈,IT 490,雅马哈 IT 490,越野,,
,,雅马哈,WR 125,雅马哈 WR 125,越野,,
,,雅马哈,WR 125R,雅马哈 WR 125R,越野,,
,,雅马哈,WR 125X,雅马哈 WR 125X,越野,,
,,雅马哈,WR 200R,雅马哈 WR 200R,越野,,
,,雅马哈,WR 250R,雅马哈 WR 250R,越野,,
,,雅马哈,WR 250Z,雅马哈 WR 250Z,越野,,
,,雅马哈,WR 450F 2-Trac,雅马哈 WR 450F 2-Trac,越野,,
,,雅马哈,DT 125RE,雅马哈 DT 125RE,越野,,
,,雅马哈,TW 125,雅马哈 TW 125,越野,,
,,雅马哈,TX 500,雅马哈 TX 500,越野,,
,,雅马哈,DT 125R Ténéré,雅马哈 DT 125R Ténéré,越野,,
,,雅马哈,DT 125RE Everts Replica,雅马哈 DT 125RE Everts Replica,越野,,
,,雅马哈,RC150,雅马哈 RC150,弯梁,,
,,雅马哈,Exciter 150,雅马哈 Exciter 150,弯梁,,
,,雅马哈,Y15ZR GP Edition,雅马哈 Y15ZR GP Edition,弯梁,,
,,雅马哈,Niken,雅马哈 Niken,三轮,,
,,雅马哈,TRICITY 125,雅马哈 TRICITY 125,三轮,,
,,雅马哈,GEN 01,雅马哈 GEN 01,三轮,,
,,雅马哈,Tricity 155,雅马哈 Tricity 155,三轮,,
,,雅马哈,MWT-9 Concep,雅马哈 MWT-9 Concep,三轮,,
,,雅马哈,Tricity 300,雅马哈 Tricity 300,三轮,,
,,雅马哈,YFZ50,雅马哈 YFZ50,其他,,
,,雅马哈,Raptor 90,雅马哈 Raptor 90,其他,,
,,雅马哈,Grizzly 90,雅马哈 Grizzly 90,其他,,
,,雅马哈,Raptor 700,雅马哈 Raptor 700,其他,,
,,雅马哈,YFZ450R,雅马哈 YFZ450R,其他,,
,,雅马哈,Grizzly EPS,雅马哈 Grizzly EPS,其他,,
,,雅马哈,Kodiak 450,雅马哈 Kodiak 450,其他,,
,,亚翔,AD125,亚翔 AD125,越野,,
,,亚翔,AD150,亚翔 AD150,越野,,
,,亚翔,AD250,亚翔 AD250,越野,,
,,亚翔,AD250R,亚翔 AD250R,越野,,
,,亚翔,AD450,亚翔 AD450,越野,,
,,亚翔,AD450R,亚翔 AD450R,越野,,
,,亚翔,ADI250,亚翔 ADI250,越野,,
,,亚翔,ADI450,亚翔 ADI450,越野,,
,,义骑,K8,义骑 K8,街车,"￥11,800",
,,义骑,GT 250,义骑 GT 250,巡航,"￥18,800",
,,义骑,V8,义骑 V8,巡航,"￥19,800","￥24,800"
,,义骑,弘飞虎,义骑 弘飞虎,巡航,"￥24,800",
,,义骑,小红帽,义骑 小红帽,MINI,"￥6,880","￥7,380"
,,义骑,平头哥,义骑 平头哥,MINI,"￥8,880",
,,义骑,旅行家 V3,义骑 旅行家 V3,三轮,"￥31,800",
,,义鹰,夜莺,义鹰 夜莺,踏板,"￥7,980",
,,义鹰,萨琳娜,义鹰 萨琳娜,踏板,"￥7,980",
,,义鹰,青鸟,义鹰 青鸟,踏板,"￥6,980",
,,义鹰,麒麟,义鹰 麒麟,踏板,"￥8,980",
,,义鹰,猛禽,义鹰 猛禽,踏板,"￥7,380",
意大利,合资,意塔杰特ITALJET,Dragster 300,意塔杰特ITALJET Dragster 300,踏板,"￥29,800","￥31,200"
意大利,合资,意塔杰特ITALJET,Dragster 200,意塔杰特ITALJET Dragster 200,踏板,"￥32,680","￥33,888"
,,意塔杰特ITALJET,FORMULA 125,意塔杰特ITALJET FORMULA 125,踏板,,
,,意塔杰特ITALJET,500GP,意塔杰特ITALJET 500GP,踏板,,
,,意塔杰特ITALJET,Dragster 150,意塔杰特ITALJET Dragster 150,踏板,,
,,银钢,Racing 400,银钢 Racing 400,跑车,,
,,银钢,独角兽YG250-NF,银钢 独角兽YG250-NF,街车,"￥16,800",
,,银钢,征服者YG150-NF,银钢 征服者YG150-NF,街车,"￥6,960",
,,银钢,R8 YG125-7B,银钢 R8 YG125-7B,街车,"￥6,180",
,,银钢,银羊YG150-12A 普通版,银钢 银羊YG150-12A 普通版,街车,"￥4,280",
,,银钢,CG王 YG125-B,银钢 CG王 YG125-B,街车,"￥2,980",
,,银钢,吉虎YG150-12A,银钢 吉虎YG150-12A,街车,"￥5,345",
,,银钢,银羊YG150-12A,银钢 银羊YG150-12A,街车,"￥5,390",
,,银钢,银羊YG125-2F 普通型,银钢 银羊YG125-2F 普通型,街车,"￥6,380",
,,银钢,新瑞虎YG125-20A,银钢 新瑞虎YG125-20A,街车,"￥4,680",
,,银钢,山地王YG150-F,银钢 山地王YG150-F,街车,"￥6,927",
,,银钢,山地王 摩旅版,银钢 山地王 摩旅版,街车,"￥6,980",
,,银钢,大MINI,银钢 大MINI,街车,"￥7,980",
,,银钢,小MINI,银钢 小MINI,街车,"￥5,480",
,,银钢,大怪兽250,银钢 大怪兽250,街车,"￥12,800",
,,银钢,MINI 太子,银钢 MINI 太子,街车,"￥7,380",
,,银钢,拖拖 YG175T-38,银钢 拖拖 YG175T-38,踏板,"￥8,880",
,,银钢,拿铁 RTD 250 Twin,银钢 拿铁 RTD 250 Twin,复古,"￥14,800",
,,银钢,拿铁 200,银钢 拿铁 200,复古,"￥11,980",
,,银钢,Ninety,银钢 Ninety,复古,"￥10,077",
,,银钢,铁甲骑兵 200,银钢 铁甲骑兵 200,复古,"￥12,980",
,,银钢,铁拳 TR 250,银钢 铁拳 TR 250,复古,"￥12,800",
,,银钢,Game Master 500,银钢 Game Master 500,巡航,,
,,银钢,铁拳 TAKKEN,银钢 铁拳 TAKKEN,拉力,"￥12,800",
,,银钢,Super Mini 150,银钢 Super Mini 150,MINI,"￥8,980",
,,银钢,小怪兽150,银钢 小怪兽150,MINI,"￥9,380","￥10,380"
,,银钢,MINI复古,银钢 MINI复古,MINI,"￥8,580",
,,银钢,小怪兽125,银钢 小怪兽125,MINI,"￥7,680",
,,银钢,YG200-3,银钢 YG200-3,MINI,"￥9,980",
,,银钢,迷你 N150B,银钢 迷你 N150B,MINI,"￥8,980",
,,银钢,蜜獾,银钢 蜜獾,MINI,"￥9,980",
,,银钢,X战警 YG150GY-2A,银钢 X战警 YG150GY-2A,越野,"￥6,324",
,,银钢,巡逻者200,银钢 巡逻者200,三轮,"￥16,800","￥18,800"
,,银钢,SUV500,银钢 SUV500,三轮,"￥39,800",
,,银钢,巡逻者150,银钢 巡逻者150,三轮,"￥17,800",
,,银钢,船型边三YG150B-23,银钢 船型边三YG150B-23,三轮,"￥12,606",
,,银钢,十字架YG150B-22,银钢 十字架YG150B-22,三轮,"￥12,800",
,,银钢,悍路者300,银钢 悍路者300,三轮,"￥32,800",
,,银钢,鲸,银钢 鲸,三轮,"￥18,800",
,,银钢,SUV500 Ⅱ,银钢 SUV500 Ⅱ,三轮,,
,,银钢侠,霍克YG125T-30,银钢侠 霍克YG125T-30,踏板,"￥5,580",
,,银钢侠,戴蒙YG125T-20,银钢侠 戴蒙YG125T-20,踏板,"￥5,580",
,,银钢侠,YG125T-18,银钢侠 YG125T-18,踏板,"￥5,480",
,,银钢侠,天使眼 YG125T-30,银钢侠 天使眼 YG125T-30,踏板,"￥5,580",
,,银钢侠,雅阁 YG125T-19,银钢侠 雅阁 YG125T-19,踏板,"￥5,480",
,,银钢侠,玉钻 YG125T-20,银钢侠 玉钻 YG125T-20,踏板,"￥5,680",
,,银钢侠,银驰 YG110-9A,银钢侠 银驰 YG110-9A,弯梁,"￥4,980",
,,银钢侠,银威 YG110-9B,银钢侠 银威 YG110-9B,弯梁,"￥5,080",
美国,进口,印第安,FTR 1200,印第安 FTR 1200,街车,"￥159,800","￥189,800"
美国,进口,印第安,侦察兵 Scout,印第安 侦察兵 Scout,巡航,"￥156,800","￥206,800"
美国,进口,印第安,公路大师 Roadmaster,印第安 公路大师 Roadmaster,巡航,"￥468,000","￥488,000"
美国,进口,印第安,领地黑马 Springfield Dark Horse,印第安 领地黑马 Springfield Dark Horse,巡航,"￥329,800",
美国,进口,印第安,首领 Chieftain,印第安 首领 Chieftain,巡航,"￥419,800","￥429,800"
美国,进口,印第安,酋长Chief,印第安 酋长Chief,巡航,"￥246,800","￥269,800"
美国,进口,印第安,复古 Vintage,印第安 复古 Vintage,巡航,"￥286,000","￥369,800"
,,印第安,Spirit,印第安 Spirit,街车,,
,,印第安,Springfield,印第安 Springfield,巡航,,
,,印第安,Scout Sixty,印第安 Scout Sixty,巡航,,
,,印第安,Vintage,印第安 Vintage,巡航,,
,,印第安,Chief Blackhawk,印第安 Chief Blackhawk,巡航,,
,,印第安,Chief Blackhawk Dark,印第安 Chief Blackhawk Dark,巡航,,
,,印第安,Chief Bomber Limited Edition,印第安 Chief Bomber Limited Edition,巡航,,
,,印第安,Chief Deluxe,印第安 Chief Deluxe,巡航,,
,,印第安,Chief Roadmaster,印第安 Chief Roadmaster,巡航,,
,,印第安,Chieftain Elite,印第安 Chieftain Elite,巡航,,
,,印第安,Scout,印第安 Scout,巡航,,
,,印第安,Challenger,印第安 Challenger,巡航,,
,,印第安,Dakota 4,印第安 Dakota 4,旅行,,
,,印第安,Roadmaster Classic,印第安 Roadmaster Classic,旅行,,
,,印第安,Roadmaster Elite,印第安 Roadmaster Elite,旅行,,
,,印第安,Roadmaster Elite L.E,印第安 Roadmaster Elite L.E,旅行,,
,,印第安,Springfield Dark Horse,印第安 Springfield Dark Horse,旅行,,
,,印第安,Springfield Dark Horse Indian Jack Daniel Special Edition,印第安 Springfield Dark Horse Indian Jack Daniel Special Edition,旅行,,
,,永源,战隼350,永源 战隼350,跑车,"￥18,993",
,,永源,枭风1号YY350-9A,永源 枭风1号YY350-9A,街车,"￥16,605",
,,永源,战豹 YY250,永源 战豹 YY250,街车,"￥18,056",
,,永源,科迈多YY350-10A,永源 科迈多YY350-10A,巡航,"￥24,900",
,,元图,GP250,元图 GP250,跑车,"￥19,980","￥22,880"
,,元图,GP325,元图 GP325,跑车,"￥21,980","￥25,880"
,,元图,GP660,元图 GP660,跑车,,
,,元图,Bobber,元图 Bobber,巡航,,
,,元图,GS525,元图 GS525,拉力,"￥35,980","￥40,800"
,,长江,CJ 650 两轮版,长江 CJ 650 两轮版,复古,"￥39,800","￥40,800"
,,长江,Bobbie Ⅱ 450S,长江 Bobbie Ⅱ 450S,巡航,"￥30,980","￥32,980"
,,长江,Bobbie ll 700i,长江 Bobbie ll 700i,巡航,"￥38,880","￥41,880"
,,长江,Bobbie 400 II,长江 Bobbie 400 II,巡航,"￥28,800","￥30,800"
,,长江,Bobbie Ⅲ 450S,长江 Bobbie Ⅲ 450S,三轮,"￥43,980","￥45,480"
,,长江,V750 Deffender,长江 V750 Deffender,三轮,"￥68,888","￥77,777"
,,长江,700Ⅲ,长江 700Ⅲ,三轮,"￥61,800","￥67,300"
,,长江,CJ 650B,长江 CJ 650B,三轮,"￥56,800","￥65,800"
,,长江,Bobbie 400 III,长江 Bobbie 400 III,三轮,"￥42,800","￥44,300"
,,长江,Bobbie 650 III,长江 Bobbie 650 III,三轮,"￥53,800","￥55,800"
,,长江,Bobbie III 700i,长江 Bobbie III 700i,三轮,"￥58,880","￥62,880"
,,兆虎,ZH150-2A,兆虎 ZH150-2A,MINI,"￥7,280",
,,之威,梦威拉,之威 梦威拉,踏板,"￥8,280",
,,之威,ZW110T-3C,之威 ZW110T-3C,踏板,,
,,之威,ZW110T-4C,之威 ZW110T-4C,踏板,,
,,之威,ZW110T-5C,之威 ZW110T-5C,踏板,,
,,之威,ZW110T-6C,之威 ZW110T-6C,踏板,,
,,之威,ZW110T-C,之威 ZW110T-C,踏板,,
,,之威,ZW125T-4C,之威 ZW125T-4C,踏板,,
,,之威,ZW125T-6C,之威 ZW125T-6C,踏板,,
,,之威,ZW125T-11C,之威 ZW125T-11C,踏板,,
,,之威,ZW125T-12C,之威 ZW125T-12C,踏板,,
,,之威,ZW125T-14C,之威 ZW125T-14C,踏板,,
,,之威,ZW125T-15C,之威 ZW125T-15C,踏板,,
,,之威,ZW125T-22C,之威 ZW125T-22C,踏板,,
,,之威,天戈,之威 天戈,踏板,"￥7,280","￥8,280"
,,鸷游,250T,鸷游 250T,踏板,"￥16,800","￥18,800"
,,中能,F68,中能 F68,街车,,
,,中能,传奇,中能 传奇,踏板,,
,,中能,R8,中能 R8,踏板,,
,,中能,A9,中能 A9,踏板,,
,,中能,鹰王,中能 鹰王,踏板,,
,,中能,F66,中能 F66,复古,,
,,重庆,雅格,重庆 雅格,踏板,"￥6,980",
,,珠本,ZB125T-2,珠本 ZB125T-2,踏板,,
,,珠本,ZB125T-3,珠本 ZB125T-3,踏板,,
,,珠本,ZB125T-4,珠本 ZB125T-4,踏板,,
,,珠本,ZB125T-5,珠本 ZB125T-5,踏板,,
,,珠本,ZB125T-6,珠本 ZB125T-6,踏板,,
,,珠本,ZB125T-7,珠本 ZB125T-7,踏板,,
,,珠本,ZB125T-9,珠本 ZB125T-9,踏板,,
,,珠本,ZB125T-10F,珠本 ZB125T-10F,踏板,,
,,珠本,ZB125T-11,珠本 ZB125T-11,踏板,,
,,珠本,ZB125T-12,珠本 ZB125T-12,踏板,,
,,珠本,ZB125T-13,珠本 ZB125T-13,踏板,,
,,珠本,ZB125T-15,珠本 ZB125T-15,踏板,,
,,珠峰,ZF150-8A,珠峰 ZF150-8A,MINI,"￥5,538",
,,庄威,威武500-9,庄威 威武500-9,巡航,"￥31,800",
,,庄威,灵江250,庄威 灵江250,巡航,"￥19,999",
,,庄威,V400,庄威 V400,巡航,"￥23,999",
,,庄威,YY800-2,庄威 YY800-2,巡航,"￥43,999",
,,庄威,威霸400,庄威 威霸400,巡航,"￥25,999",
,,庄威,威风250-2,庄威 威风250-2,巡航,"￥19,999",
,,庄威,威迪南,庄威 威迪南,三轮,"￥36,999","￥39,999"
,国产,宗申,闪电250,宗申 闪电250,跑车,"￥19,800",
,国产,宗申,ZS250GS,宗申 ZS250GS,跑车,"￥19,800",
,国产,宗申,250R,宗申 250R,街车,"￥14,800",
,国产,宗申,200SC,宗申 200SC,街车,"￥11,980",
,国产,宗申,M250R,宗申 M250R,街车,"￥18,800",
,国产,宗申,超悦ii代ZS150-6D,宗申 超悦ii代ZS150-6D,街车,"￥7,280",
,国产,宗申,天翼ZS125-65,宗申 天翼ZS125-65,街车,"￥6,380",
,国产,宗申,战豹ZS150-38C,宗申 战豹ZS150-38C,街车,"￥12,800",
,国产,宗申,传奇ZS125-70,宗申 传奇ZS125-70,街车,"￥7,680",
,,宗申,新炫风,宗申 新炫风,街车,,
,国产,宗申,越影ZS150-38C,宗申 越影ZS150-38C,街车,"￥10,800",
,,宗申,新炫力,宗申 新炫力,街车,,
,国产,宗申,Z2,宗申 Z2,街车,"￥9,680",
,国产,宗申,迈速,宗申 迈速,街车,"￥7,600",
,国产,宗申,飞尚,宗申 飞尚,街车,"￥8,980",
,国产,宗申,Z-One ZS150-48A,宗申 Z-One ZS150-48A,街车,"￥7,724","￥10,800"
,国产,宗申,Z-One ZS150-48,宗申 Z-One ZS150-48,街车,"￥7,580","￥10,800"
,国产,宗申,炫风ZS125-68,宗申 炫风ZS125-68,街车,"￥6,880",
,国产,宗申,ZS150-6S,宗申 ZS150-6S,街车,"￥6,880",
,国产,宗申,ZS200GS,宗申 ZS200GS,街车,"￥11,060",
,国产,宗申,Z-One ZS125-48A,宗申 Z-One ZS125-48A,街车,"￥7,880","￥8,335"
,国产,宗申,RA1,宗申 RA1,街车,"￥11,980",
,国产,宗申,ZS125-11,宗申 ZS125-11,街车,"￥5,480",
,国产,宗申,天啸ZS150-40F,宗申 天啸ZS150-40F,街车,"￥6,580",
,国产,宗申,ZS125-11S,宗申 ZS125-11S,街车,"￥5,680",
,国产,宗申,ZS125-2S,宗申 ZS125-2S,街车,"￥4,880",
,国产,宗申,ZS125-67,宗申 ZS125-67,街车,"￥6,280",
,国产,宗申,天翔ZS125-55F,宗申 天翔ZS125-55F,街车,"￥4,500",
,国产,宗申,天翔ZS150-40F,宗申 天翔ZS150-40F,街车,"￥6,680",
,国产,宗申,ZS125-55D,宗申 ZS125-55D,街车,"￥6,280",
,国产,宗申,ZS125-55S,宗申 ZS125-55S,街车,"￥6,280",
,国产,宗申,ZS150-38A,宗申 ZS150-38A,街车,"￥5,580",
,国产,宗申,风云ZS125-55F,宗申 风云ZS125-55F,街车,"￥4,580",
,国产,宗申,ZS125-2C,宗申 ZS125-2C,街车,"￥5,680",
,国产,宗申,ZS125-2,宗申 ZS125-2,街车,"￥5,380",
,国产,宗申,ZS125-55,宗申 ZS125-55,街车,"￥6,500",
,国产,宗申,ZS150-6,宗申 ZS150-6,街车,"￥6,380",
,国产,宗申,天越ZS150-73,宗申 天越ZS150-73,街车,"￥6,536",
,国产,宗申,锐酷ZS125GY-5,宗申 锐酷ZS125GY-5,街车,"￥6,811",
,国产,宗申,炫威,宗申 炫威,街车,"￥7,580",
,,宗申,新创业,宗申 新创业,街车,,
,国产,宗申,Zone,宗申 Zone,街车,"￥9,280",
,,宗申,尊豪太子,宗申 尊豪太子,街车,,
,,宗申,Z0 迈行,宗申 Z0 迈行,街车,,
,,宗申,新锐锋,宗申 新锐锋,街车,,
,国产,宗申,125ET,宗申 125ET,踏板,"￥6,680","￥6,880"
,国产,宗申,比萨假日ZS125T-12S iii,宗申 比萨假日ZS125T-12S iii,踏板,"￥6,280",
,国产,宗申,威尼斯假日ZS125T-2A ii,宗申 威尼斯假日ZS125T-2A ii,踏板,"￥6,880",
,国产,宗申,罗马假日ZS125T-80B,宗申 罗马假日ZS125T-80B,踏板,"￥9,030",
,国产,宗申,锐 ZT3,宗申 锐 ZT3,踏板,"￥5,980",
,国产,宗申,迅驰,宗申 迅驰,踏板,"￥5,311",
,国产,宗申,西西里假日ZS125T-4S ii,宗申 西西里假日ZS125T-4S ii,踏板,"￥6,380",
,国产,宗申,潮 ZT3F,宗申 潮 ZT3F,踏板,"￥6,280",
,国产,宗申,迪欧ZS125T-12S,宗申 迪欧ZS125T-12S,踏板,"￥5,391",
,国产,宗申,迅驰ZS125T-4S,宗申 迅驰ZS125T-4S,踏板,"￥5,311",
,国产,宗申,ZS125T-4A,宗申 ZS125T-4A,踏板,"￥4,680",
,国产,宗申,ZS125T-2,宗申 ZS125T-2,踏板,"￥5,380",
,国产,宗申,ZS125T-12,宗申 ZS125T-12,踏板,"￥4,580",
,国产,宗申,MO战,宗申 MO战,踏板,"￥9,380",
,国产,宗申,MO悦,宗申 MO悦,踏板,"￥7,580",
,国产,宗申,MO拽,宗申 MO拽,踏板,"￥6,580",
,,宗申,MO赞,宗申 MO赞,踏板,,
,国产,宗申,MO爽,宗申 MO爽,踏板,"￥6,580",
,国产,宗申,MO控,宗申 MO控,踏板,"￥6,580",
,,宗申,星迪,宗申 星迪,踏板,,
,,宗申,巧虎,宗申 巧虎,踏板,,
,,宗申,雅致,宗申 雅致,踏板,,
,,宗申,优迪,宗申 优迪,踏板,,
,,宗申,ZS125T-5A,宗申 ZS125T-5A,踏板,,
,国产,宗申,Week8,宗申 Week8,复古,"￥8,980","￥9,580"
,,宗申,G250E,宗申 G250E,复古,,
,国产,宗申,尊龙太子ZS150-8,宗申 尊龙太子ZS150-8,巡航,"￥7,280",
,国产,宗申,追求ZS125-50S,宗申 追求ZS125-50S,巡航,"￥7,000","￥7,465"
,,宗申,新追求,宗申 新追求,巡航,,
,国产,宗申,ZS125,宗申 ZS125,巡航,"￥7,465",
,国产,宗申,ZS125-30s,宗申 ZS125-30s,巡航,"￥7,680",
,国产,宗申,尊逸ZS150-30P,宗申 尊逸ZS150-30P,巡航,"￥7,280",
,国产,宗申,150X,宗申 150X,拉力,"￥14,260",
,国产,宗申,优米Yomi,宗申 优米Yomi,MINI,"￥9,980","￥10,288"
,,宗申,小熊,宗申 小熊,MINI,,
,国产,宗申,150R,宗申 150R,MINI,"￥9,180","￥9,880"
,,宗申,ZS150-85,宗申 ZS150-85,MINI,,
,国产,宗申,250X,宗申 250X,越野,"￥12,980","￥13,680"
,国产,宗申,飞越ZS125GY-10S,宗申 飞越ZS125GY-10S,越野,"￥10,000",
,国产,宗申,飞越ZS150GY-10,宗申 飞越ZS150GY-10,越野,"￥10,800",
,国产,宗申,ZS 125 GY-10,宗申 ZS 125 GY-10,越野,"￥8,680",
,国产,宗申,ZS200GY,宗申 ZS200GY,越野,"￥10,800","￥11,000"
,国产,宗申,ZS150GY,宗申 ZS150GY,越野,"￥5,796",
,国产,宗申,Yami,宗申 Yami,弯梁,"￥6,980","￥7,280"
,国产,宗申,野米Yemi,宗申 野米Yemi,弯梁,"￥7,680","￥7,880"
,国产,宗申,酷仔LZX48Q-2,宗申 酷仔LZX48Q-2,弯梁,"￥3,780",
,国产,宗申,进取ZS110-60S,宗申 进取ZS110-60S,弯梁,"￥5,380",
,国产,宗申,V5 Fi,宗申 V5 Fi,弯梁,"￥6,280",
,国产,宗申,神韵,宗申 神韵,弯梁,"￥5,280",
,国产,宗申,ZS110-26S,宗申 ZS110-26S,弯梁,"￥5,180",
,国产,宗申,V炫ZS110-53 超值型,宗申 V炫ZS110-53 超值型,弯梁,"￥4,980",
,国产,宗申,ZS50Q-13,宗申 ZS50Q-13,弯梁,"￥4,380",
,国产,宗申,尚喜ZS110-9S,宗申 尚喜ZS110-9S,弯梁,"￥5,280",
,,宗申,V3,宗申 V3,弯梁,,
,国产,宗申,快客 燃油版,宗申 快客 燃油版,三轮,"￥22,980",
意大利,合资,宗申阿普利亚,GPR250R,宗申阿普利亚 GPR250R,跑车,"￥22,980",
意大利,合资,宗申阿普利亚,GPR150R,宗申阿普利亚 GPR150R,跑车,"￥19,980","￥21,980"
意大利,合资,宗申阿普利亚,GPR125,宗申阿普利亚 GPR125,跑车,"￥19,800",
意大利,合资,宗申阿普利亚,GPR250S,宗申阿普利亚 GPR250S,街车,"￥21,980",
意大利,合资,宗申阿普利亚,Cafe 150,宗申阿普利亚 Cafe 150,街车,"￥15,680",
意大利,合资,宗申阿普利亚,SR Max 250,宗申阿普利亚 SR Max 250,踏板,"￥26,800","￥29,800"
意大利,合资,宗申阿普利亚,SR 150,宗申阿普利亚 SR 150,踏板,"￥13,980",
意大利,合资,宗申阿普利亚,RA1,宗申阿普利亚 RA1,踏板,"￥16,480",
意大利,合资,宗申阿普利亚,SR Max 300,宗申阿普利亚 SR Max 300,踏板,"￥39,800",
意大利,合资,宗申阿普利亚,Pagani 150,宗申阿普利亚 Pagani 150,复古,"￥21,800",
意大利,合资,宗申阿普利亚,Terra 150,宗申阿普利亚 Terra 150,拉力,"￥16,800","￥17,800"
,,宗申阿普利亚,GPR150S,宗申阿普利亚 GPR150S,街车,,
意大利,合资,宗申阿普利亚,CR 150,宗申阿普利亚 CR 150,复古,"￥19,800",
意大利,合资,宗申比亚乔,特洛伊BYQ125-10,宗申比亚乔 特洛伊BYQ125-10,街车,"￥6,800",
意大利,合资,宗申比亚乔,X7,宗申比亚乔 X7,踏板,"￥22,980",
意大利,合资,宗申比亚乔,CITY FLY 150,宗申比亚乔 CITY FLY 150,踏板,"￥10,800","￥13,980"
意大利,合资,宗申比亚乔,ZIP 50,宗申比亚乔 ZIP 50,踏板,"￥8,880",
意大利,合资,宗申比亚乔,都市印象 CityPard,宗申比亚乔 都市印象 CityPard,巡航,"￥10,680",
意大利,合资,宗申比亚乔,罗宾逊BYQ150-8 标准版,宗申比亚乔 罗宾逊BYQ150-8 标准版,街车,"￥7,580","￥9,780"
意大利,合资,宗申比亚乔,BYQ150-5R,宗申比亚乔 BYQ150-5R,街车,"￥9,353",
意大利,合资,宗申比亚乔,风情BYQ125-E 炫酷系列,宗申比亚乔 风情BYQ125-E 炫酷系列,街车,"￥6,980",
意大利,合资,宗申比亚乔,飓风BYQ150-3E 炫酷系列,宗申比亚乔 飓风BYQ150-3E 炫酷系列,街车,"￥7,380",
意大利,合资,宗申比亚乔,罗宾逊BYQ125-8,宗申比亚乔 罗宾逊BYQ125-8,街车,"￥7,280","￥7,980"
意大利,合资,宗申比亚乔,特洛伊BYQ150-10,宗申比亚乔 特洛伊BYQ150-10,街车,"￥8,080",
意大利,合资,宗申比亚乔,飓风BYQ125-3E 炫酷系列,宗申比亚乔 飓风BYQ125-3E 炫酷系列,街车,"￥7,380",
意大利,合资,宗申比亚乔,风行BYQ150-2E 经典系列,宗申比亚乔 风行BYQ150-2E 经典系列,街车,"￥7,680",
意大利,合资,宗申比亚乔,风情BYQ150-E,宗申比亚乔 风情BYQ150-E,街车,"￥6,980",
意大利,合资,宗申比亚乔,风行BYQ125-2E,宗申比亚乔 风行BYQ125-2E,街车,"￥6,800","￥9,999"
意大利,合资,宗申比亚乔,BYQ150-8A,宗申比亚乔 BYQ150-8A,街车,"￥11,800",
意大利,合资,宗申比亚乔,唯我BYQ125T-6,宗申比亚乔 唯我BYQ125T-6,踏板,"￥7,980","￥11,300"
意大利,合资,宗申比亚乔,淑女 BYQ100T-E,宗申比亚乔 淑女 BYQ100T-E,踏板,"￥7,880","￥8,480"
意大利,合资,宗申比亚乔,运动健将BYQ125T-5E,宗申比亚乔 运动健将BYQ125T-5E,踏板,"￥12,300",
意大利,合资,宗申比亚乔,唯我,宗申比亚乔 唯我,踏板,"￥9,662",
意大利,合资,宗申比亚乔,NEW FLY150,宗申比亚乔 NEW FLY150,踏板,"￥18,764",
意大利,合资,宗申比亚乔,淑女BYQ50QT,宗申比亚乔 淑女BYQ50QT,踏板,"￥7,280",
意大利,合资,宗申比亚乔,都市飞翔BYQ125T-3E,宗申比亚乔 都市飞翔BYQ125T-3E,踏板,"￥10,680",
意大利,合资,宗申比亚乔,银帅BYQ100T-2E,宗申比亚乔 银帅BYQ100T-2E,踏板,"￥7,880","￥8,180"
意大利,合资,宗申比亚乔,都市飞翔BYQ100T-3E,宗申比亚乔 都市飞翔BYQ100T-3E,踏板,"￥8,890",
意大利,合资,宗申比亚乔,ZIP 100,宗申比亚乔 ZIP 100,踏板,"￥8,680",
,,宗申比亚乔,SR MOTARD 150,宗申比亚乔 SR MOTARD 150,踏板,,
意大利,合资,宗申比亚乔,BYQ150T-5F,宗申比亚乔 BYQ150T-5F,踏板,"￥14,866",
意大利,合资,宗申比亚乔,都市印象BYQ150-5A,宗申比亚乔 都市印象BYQ150-5A,巡航,"￥9,180",
意大利,合资,宗申比亚乔,都市印象BYQ150-5E,宗申比亚乔 都市印象BYQ150-5E,巡航,"￥9,760",
,,卒玛,ST7,卒玛 ST7,街车,,
,,卒玛,X7,卒玛 X7,越野,"￥9,999",
,,卒玛,K1-110,卒玛 K1-110,越野,"￥3,580","￥3,880"
,,卒玛,K3-125D,卒玛 K3-125D,越野,"￥4,880",
,,卒玛,K3R-125,卒玛 K3R-125,越野,"￥4,580",
,,卒玛,K8-NC298,卒玛 K8-NC298,越野,"￥16,980",
,,卒玛,K8-NC450,卒玛 K8-NC450,越野,"￥21,800",
,,卒玛,S3-T50,卒玛 S3-T50,越野,"￥4,980",
,,卒玛,K3-190,卒玛 K3-190,越野,"￥8,899",
,,卒玛,K4-150,卒玛 K4-150,越野,"￥7,999",
,,卒玛,K5-CB250F,卒玛 K5-CB250F,越野,"￥8,999",
,,卒玛,K7-CB223X,卒玛 K7-CB223X,越野,"￥7,999",
,,卒玛,K7-CB250F,卒玛 K7-CB250F,越野,"￥9,699",
,,卒玛,K8,卒玛 K8,越野,"￥14,999","￥28,999"
,,卒玛,K8-MT250,卒玛 K8-MT250,越野,"￥19,999",
,,卒玛,S3-110,卒玛 S3-110,越野,"￥3,969",
,,卒玛,S6-CB250F,卒玛 S6-CB250F,越野,"￥9,999",
,,卒玛,H7-NC298,卒玛 H7-NC298,越野,"￥15,980",
,,卒玛,H7-NC450R,卒玛 H7-NC450R,越野,"￥21,800",
,,卒玛,S2-T50R,卒玛 S2-T50R,越野,"￥9,680",
,,卒玛,S3-T50R,卒玛 S3-T50R,越野,"￥9,680",
