isin,证券名称,证券代码,名称翻译,industry,xetr_industry,category,currency,exchangeId,exchange_degiro,exchange_mic_code,exchange,isShortable,feedQuality,feedQualitySecondary,slug,name.originalValue,name.translations.others,name.translations.en,最新价,涨跌幅,成交额,总市值,overview.dateTimeLastPrice,sector,一级行业,二级行业,三级行业,market,segment.translations.others,instrumentType.originalValue,instrumentType,securityType,originCountryCode,originCountry,industrySector.originalValue,industrySector,subsector,en_name,异动值
DE0007164600,SAP,SAP,SAP,Packaged Software,Software,D,EUR,194,XET,XETR,Xetra,False,D15,,sap-se,SAP SE O.N.,SAP SE,,173.38,1.8683901292,1.0843583082,2129.9733,2024-04-26T15:30:05+02:00,Technology Services,科技,IT技术,软件开发,Regulated Market,Prime Standard,1002,Common shares,Bearer share,DE,Germany,172,Software,Software,SAP,0.14598769811781867
US5949181045,微软,MSF,微软,Packaged Software,Software,B,EUR,194,XET,XETR,Xetra,False,D15,,microsoft-corp,"MICROSOFT DL-,00000625",Microsoft Corp.,,385.5,5.3134817647,0.19105961899999999,28641.7248,2024-04-26T15:30:07+02:00,Technology Services,科技,IT技术,软件开发,Open Market,,1002,Common shares,Registered share,US,USA,61,Electronic engineering,,Microsoft Corp,0.09064373023022801
DE0005493365,Hypoport,HYQ,,Packaged Software,Diversified Financial,D,EUR,194,XET,XETR,Xetra,False,D15,,hypoport-se,HYPOPORT SE NA O.N.,Hypoport SE,,248.6,2.5577557755,0.00727621,17.07882,2024-04-26T15:28:15+02:00,Technology Services,科技,IT技术,软件开发,Regulated Market,Prime Standard,1002,Common shares,Registered share,DE,Germany,190,Other german shares,Diversified Financial,Hypoport,0.003497752699696397
DE000A2YN900,TeamViewer,1UD,,Packaged Software,Software,D,EUR,194,XET,XETR,Xetra,False,D15,,teamviewer-ag,TEAMVIEWER SE INH O.N.,TeamViewer SE,TeamViewer SE,12.515,1.2540453074,0.0152531928,21.7761,2024-04-26T15:28:24+02:00,Technology Services,科技,IT技术,软件开发,Regulated Market,Prime Standard,1002,Common shares,Bearer share,DE,Germany,180,Holding companies,Software,TeamViewer,0.0023134042381933945
DE0006452907,Nemetschek,NEM,,Packaged Software,Software,D,EUR,194,XET,XETR,Xetra,False,D15,,nemetschek-se,NEMETSCHEK SE O.N.,Nemetschek SE,,82.35,1.3538461538,0.016241784,95.11425,2024-04-26T15:28:21+02:00,Technology Services,科技,IT技术,软件开发,Regulated Market,Prime Standard,1002,Common shares,Bearer share,DE,Germany,180,Holding companies,Software,Nemetschek,0.0020622112789998323
US79466L3024,"SALESFORCE DL-,001",FOO,,Packaged Software,,C,EUR,194,XET,XETR,Xetra,False,CX,D15,salesforce-com-inc,"SALESFORCE INC. DL-,001",salesforce.com Inc.,,257.05,1.6208736904,0.0018164575,2660.4675,2024-04-26T14:53:54+02:00,Technology Services,科技,IT技术,软件开发,Open Market,,1002,Common shares,Registered share,US,USA,172,Software,,"SALESFORCE DL-,001",0.0001915246450281912
DE000A288904,CompuGroup Medical ,COP1,,Packaged Software,Software,D,EUR,194,XET,XETR,Xetra,False,D15,,compugroup-medical-se,COMPUGROUP MED. NA O.N.,CompuGroup Medical SE & Co. KGaA,,28.24,1.3639626704,0.014418533600000002,15.173352,2024-04-26T15:26:51+02:00,Technology Services,科技,IT技术,软件开发,Regulated Market,Prime Standard,1002,Common shares,Registered share,DE,Germany,172,Software,Software,CompuGroup Medical ,0.0027249717022027197
US68389X1054,Oracle Corp,ORC,,Packaged Software,,D,EUR,194,XET,XETR,Xetra,False,D15,,oracle-corp-dl-01,"ORACLE CORP. DL-,01","Oracle Corp. DL-,01",,109.7,3.0821274196,0.0008755360000000001,2976.161,2024-04-26T15:26:38+02:00,Technology Services,科技,IT技术,软件开发,Open Market,,1002,Common shares,Registered share,US,USA,61,Electronic engineering,,Oracle Corp,0.00023962061844809218
DE0005220909,Nexus,NXU,,Packaged Software,Software,D,EUR,194,XET,XETR,Xetra,False,D15,,nexus-ag,NEXUS AG O.N.,NEXUS AG,,51.4,-1.1538461539,0.0005324619999999999,8.87678,2024-04-26T15:23:39+02:00,Technology Services,科技,IT技术,软件开发,Regulated Market,Prime Standard,1002,Common shares,Bearer share,DE,Germany,172,Software,Software,Nexus,8.862240983797719e-05
DE000A12UP37,NorCom Information Technology,NC5A,,Packaged Software,Internet,D,EUR,194,XET,XETR,Xetra,False,D15,,norcom-information-technology-gmbh-co-kgaa,NORCOM INF.TECHN. INH ON,NorCom Information Technology GmbH & Co. KGaA,,6.84,3.6363636363,0.0007957378,0.145692,2024-04-26T14:50:44+02:00,Technology Services,科技,IT技术,软件开发,Regulated Market,General Standard,1002,Common shares,Bearer share,DE,Germany,190,Other german shares,Internet,NorCom Information Technology,0.0021911555622091796
DE000A0Z1JH9,PSI Software,PSAN,,Packaged Software,Software,D,EUR,194,XET,XETR,Xetra,False,D15,,psi-software-se,PSI SOFTWARE SE NA O.N.,PSI Software SE,PSI Software SE,22.6,0.4444444444,0.001070394,3.5482,2024-04-26T15:21:31+02:00,Technology Services,科技,IT技术,软件开发,Regulated Market,Prime Standard,1002,Common shares,Registered share,DE,Germany,172,Software,Software,PSI Software,4.6617121486911254e-05
DE000A0LR9G9,Exasol,EXL,,Packaged Software,Software,D,EUR,194,XET,XETR,Xetra,False,D15,,exasol-ag,EXASOL AG NA O.N.,Exasol AG,,2.4,-1.6393442623,0.000124865,0.58656,2024-04-26T14:07:24+02:00,Technology Services,科技,IT技术,软件开发,Open Market,Scale,1002,Common shares,Registered share,DE,Germany,180,Holding companies,Software,Exasol,8.146951773146684e-05
US83304A1060,Snap,1SI,,Packaged Software,,D,EUR,194,XET,XETR,Xetra,False,D15,,snap-inc-snapchat,"SNAP INC. CL.A DL-,00001",Snap Inc. (Snapchat),,13.502,30.9094434748,0.0044555582,232.7690792,2024-04-26T15:30:00+02:00,Technology Services,科技,IT技术,软件开发,Open Market,,1002,Common shares,Registered share,US,USA,174,Internet Service Provider,,Snap,0.03698386335502936
NL0012969182,Adyen,1N8,,Packaged Software,Transaction Processing Services,C,EUR,194,XET,XETR,Xetra,False,D15,,adyen,"ADYEN N.V. EO-,01",Adyen,,1170.0,0.4809343868,0.0040749340000000005,362.583,2024-04-26T15:00:22+02:00,Technology Services,科技,IT技术,软件开发,Open Market,,1002,Common shares,Registered share,NL,Netherlands ,900,Foreign shares,,Adyen,7.434162247560746e-05
DE000A0M93V6,Advanced Blockchain,BWQ,,Packaged Software,Software,D,EUR,194,XET,XETR,Xetra,False,D15,,advanced-blockchain-ag,ADV.BLOCKCHAIN AG INH ON,Advanced Blockchain AG,,4.26,1.187648456,4.26e-06,0.161454,2024-04-26T09:02:25+02:00,Technology Services,科技,IT技术,软件开发,Open Market,Scale,1002,Common shares,Bearer share,DE,Germany,180,Holding companies,Software,Advanced Blockchain,2.125438609287695e-06
ATFREQUENT09,Frequentis,FQT,,Packaged Software,Communications Technology,D,EUR,194,XET,XETR,Xetra,False,D15,,frequentis-ag,FREQUENTIS AG,Frequentis AG,,27.0,0.3717472118,8.06e-05,3.5856,2024-04-26T14:07:49+02:00,Technology Services,科技,IT技术,软件开发,Regulated Market,General Standard,1002,Common shares,Bearer share,AT,Austria,900,Foreign shares,Communications Technology,Frequentis,2.5476571188653584e-06
DE0006618309,Medical Columbus,MCE,,Packaged Software,IT-Services,D,EUR,194,XET,XETR,Xetra,False,D15,,chapters-group-ag,CHAPTERS GROUP INH O.N.,CHAPTERS Group AG,CHAPTERS Group AG,24.0,0.0,0.0008962919999999999,4.356,2024-04-26T12:56:19+02:00,Technology Services,科技,IT技术,软件开发,Open Market,Basic Board,1002,Common shares,Bearer share,DE,Germany,180,Holding companies,IT-Services,Medical Columbus,0.0
DE0006204589,mVISE,C1V,,Packaged Software,Telecommunication Services,D,EUR,194,XET,XETR,Xetra,False,D15,,mvise-ag,MVISE AG O.N.,mVISE AG,,0.77,0.0,0.0,0.163856,2024-04-25T17:36:05+02:00,Technology Services,科技,IT技术,软件开发,Open Market,Scale,1002,Common shares,Bearer share,DE,Germany,171,Trade,Telecommunication Services,mVISE,0.0
DE0007448508,IVU Traffic Technologies,IVU,,Packaged Software,IT-Services,A,EUR,194,XET,XETR,Xetra,False,D15,,ivu-traffic-technologies-ag,IVU TRAFFIC TECHN.AG O.N.,IVU Traffic Technologies AG,,14.7,0.6849315068,8.3755e-05,2.60484,2024-04-26T15:01:12+02:00,Technology Services,科技,IT技术,软件开发,Regulated Market,Prime Standard,1002,Common shares,Bearer share,DE,Germany,170,Traffic,IT-Services,IVU Traffic Technologies,8.491803746157722e-06
DE0005932735,Yoc,YOC,,Packaged Software,Telecommunication Services,D,EUR,194,XET,XETR,Xetra,False,D15,,yoc-ag,YOC AG O.N.,YOC AG,,15.3,-2.5477707007,0.00016973099999999998,0.53244,2024-04-26T14:23:30+02:00,Technology Services,科技,IT技术,软件开发,Regulated Market,Prime Standard,1002,Common shares,Bearer share,DE,Germany,190,Other german shares,Telecommunication Services,Yoc,0.0002214224378526234
DE000A3H2135,Max 21,MA10,,Packaged Software,Private Equity & Venture Capital,D,EUR,194,XET,XETR,Xetra,False,D15,,binect-ag-inh-o-n,BINECT AG INH O.N.,BINECT AG,,2.26,0.0,0.0,0.072772,2024-04-25T17:36:02+02:00,Technology Services,科技,IT技术,软件开发,Open Market,Basic Board,1002,Common shares,Bearer share,DE,Germany,190,Other german shares,Private Equity & Venture Capital,Max 21,0.0
DE0005209589,artec technologies,A6T,,Packaged Software,Software,D,EUR,194,XET,XETR,Xetra,False,D15,,artec-technologies-ag,ARTEC TECHNOLOGIES O.N.,artec technologies AG,,2.1,2.9411764705,4.936e-05,0.06006,2024-04-26T13:43:33+02:00,Technology Services,科技,IT技术,软件开发,Open Market,Scale,1002,Common shares,Bearer share,DE,Germany,172,Software,Software,artec technologies,0.00010727490009331302
DE000A0BVU28,USU Software,OSP2,,Packaged Software,Software,D,EUR,194,XET,XETR,Xetra,False,D15,,usu-software-ag,USU SOFTWARE AG,USU Software AG,,18.25,0.2747252747,0.001318355,1.8323,2024-04-26T14:40:51+02:00,Technology Services,科技,IT技术,软件开发,Regulated Market,Prime Standard,1002,Common shares,Bearer share,DE,Germany,180,Holding companies,Software,USU Software,2.97976647756607e-05
DE000A254211,Intershop Communications,ISHA,,Packaged Software,Internet,D,EUR,194,XET,XETR,Xetra,False,D15,,intershop-comm-inh-o-n,INTERSHOP COMM. INH O.N.,,,1.94,0.518134715,3.28636e-05,0.282852,2024-04-26T10:06:34+02:00,Technology Services,科技,IT技术,软件开发,Regulated Market,Prime Standard,1002,Common shares,Bearer share,DE,Germany,172,Software,Internet,Intershop Communications,3.769723680363107e-06
DE000A2G8X31,Serviceware,SJJ,,Packaged Software,Software,D,EUR,194,XET,XETR,Xetra,False,D15,,serviceware-se-inh-o-n,SERVICEWARE SE INH O.N.,,,11.9,-0.8333333334,0.000192881,1.2495,2024-04-26T14:53:43+02:00,Technology Services,科技,IT技术,软件开发,Regulated Market,Prime Standard,1002,Common shares,Bearer share,DE,Germany,172,Software,Software,Serviceware,3.4259917839589866e-05
DE000A0LBFE4,Mevis Medical Solutions,M3V,,Packaged Software,Software,D,EUR,194,XET,XETR,Xetra,False,D15,,mevis-medical-solutions-ag,MEVIS MEDICAL SOL.NA O.N.,MeVis Medical Solutions AG,,25.6,0.0,0.0,0.46592,2024-04-25T17:36:24+02:00,Technology Services,科技,IT技术,软件开发,Regulated Market,General Standard,1002,Common shares,Registered share,DE,Germany,190,Other german shares,Software,Mevis Medical Solutions,0.0
DE0008404005,安联保险,ALV,安联保险,Multi-Line Insurance,Insurance,D,EUR,194,XET,XETR,Xetra,False,D15,,allianz-se,ALLIANZ SE NA O.N.,Allianz SE,,264.5,0.6851922344,0.767711934,1036.0994,2024-04-26T15:30:01+02:00,Finance,金融,保险,多险种保险,Regulated Market,Prime Standard,1002,Common shares,Registered share,DE,Germany,180,Holding companies,Insurance,Allianz,0.022376225878037156
FR0000120628,AXA SA,AXA,,Multi-Line Insurance,Full Line Insurance,D,EUR,194,XET,XETR,Xetra,False,D15,,axa-s-a,"AXA S.A. INH. EO 2,29",AXA S.A.,,33.9,0.4146919431,0.0037816801,769.59441,2024-04-26T15:18:32+02:00,Finance,金融,保险,多险种保险,Open Market,,1002,Common shares,Bearer share,FR,France,180,Holding companies,,AXA SA,4.7914497676591394e-05
DE0008051004,Wuestenrot & Wuerttembergische,WUW,,Multi-Line Insurance,Mortgage Banks,D,EUR,194,XET,XETR,Xetra,False,D15,,wuestenrot-wuerttembergische-ag,WUESTENROT+WUERTT.AG O.N.,Wüstenrot & Württembergische AG,,13.18,0.9188361408,0.0015514416,12.35625,2024-04-26T15:09:04+02:00,Finance,金融,保险,多险种保险,Regulated Market,Prime Standard,1002,Common shares,Registered share,DE,Germany,180,Holding companies,Mortgage Banks,Wuestenrot & Wuerttembergische,0.00016327716184872607
IT0000062072,Assicurazioni Generali SpA,ASG,,Multi-Line Insurance,Full Line Insurance,D,EUR,194,XET,XETR,Xetra,False,D15,,assicurazioni-generali-s-p-a,GENERALI,Assicurazioni Generali S.p.A.,,22.75,0.0439753737,4.55e-06,362.18,2024-04-26T11:56:30+02:00,Finance,金融,保险,多险种保险,Open Market,,1002,Common shares,Registered share,IT,Italy,81,Bank/insurance,,Assicurazioni Generali SpA,9.180525563365611e-10
AT0000821103,UNIQA Insurance Group,UN9,,Multi-Line Insurance,,D,EUR,194,XET,XETR,Xetra,False,D15,,uniqa-insurance-group-ag,UNIQA INSURANCE GROUP AG,UNIQA Insurance Group AG,,8.27,0.0,0.0,25.5543,2024-04-25T17:35:52+02:00,Finance,金融,保险,多险种保险,Open Market,,1002,Common shares,Bearer share,AT,Austria,81,Bank/insurance,,UNIQA Insurance Group,0.0
DE0007236101,西门子,SIE,西门子,Industrial Machinery,"Industrial, Diversified",C,EUR,194,XET,XETR,Xetra,False,CX,D15,siemens-ag,SIEMENS AG NA O.N.,Siemens AG,,176.1,1.3816925734,0.79368129,1408.8,2024-04-26T15:30:05+02:00,Producer Manufacturing,制造业,机械,机械加工设备,Regulated Market,Prime Standard,1002,Common shares,Registered share,DE,Germany,61,Electronic engineering,"Industrial, Diversified",Siemens,0.07019530247166246
DE0006602006,GEA Group,G1A,,Industrial Machinery,"Industrial, Diversified",B,EUR,194,XET,XETR,Xetra,False,CX,D15,gea-group-aktiengesellschaft,GEA GROUP AG,GEA Group Aktiengesellschaft,,37.38,1.2459371614,0.012555116000000002,64.416954,2024-04-26T15:25:33+02:00,Producer Manufacturing,制造业,机械,机械加工设备,Regulated Market,Prime Standard,1002,Common shares,Bearer share,DE,Germany,180,Holding companies,"Industrial, Diversified",GEA Group,0.0015007964143937532
DE000KGX8881,Kion Group,KGX,,Industrial Machinery,Heavy Machinery,C,EUR,194,XET,XETR,Xetra,False,D15,,kion-group-ag,KION GROUP AG,KION GROUP AG,,43.89,-0.566379701,0.07715538450000001,57.58368,2024-04-26T15:30:02+02:00,Producer Manufacturing,制造业,机械,机械加工设备,Regulated Market,Prime Standard,1002,Common shares,Bearer share,DE,Germany,190,Other german shares,Heavy Machinery,Kion Group,0.0025439039795942735
DE0007010803,Rational,RAA,,Industrial Machinery,Industrial Products & Services,D,EUR,194,XET,XETR,Xetra,False,D15,,rational-ag,RATIONAL AG,Rational AG,,800.0,1.2658227848,0.00636812,90.96,2024-04-26T15:13:40+02:00,Producer Manufacturing,制造业,机械,机械加工设备,Regulated Market,Prime Standard,1002,Common shares,Bearer share,DE,Germany,190,Other german shares,Industrial Products & Services,Rational,0.0007325298086805358
DE0005565204,Duerr,DUE,,Industrial Machinery,Industrial Machinery,C,EUR,194,XET,XETR,Xetra,False,CX,D15,duerr-ag,DUERR AG O.N.,Dürr AG,,23.02,3.0438675022,0.0049821092,15.92984,2024-04-26T15:07:02+02:00,Producer Manufacturing,制造业,机械,机械加工设备,Regulated Market,Prime Standard,1002,Common shares,Bearer share,DE,Germany,180,Holding companies,Industrial Machinery,Duerr,0.0031465934696523453
DE0006335003,Krones,KRN,,Industrial Machinery,Industrial Machinery,C,EUR,194,XET,XETR,Xetra,False,CX,D15,krones-ag,KRONES AG O.N.,Krones AG,,123.8,1.6420361247,0.006319595999999999,39.10842,2024-04-26T15:14:02+02:00,Producer Manufacturing,制造业,机械,机械加工设备,Regulated Market,Prime Standard,1002,Common shares,Bearer share,DE,Germany,91,Automotive and mechanical engineering,Industrial Machinery,Krones,0.0012877992009808232
DE0006219934,Jungheinrich,45080,,Industrial Machinery,Industrial Machinery,C,EUR,194,XET,XETR,Xetra,False,CX,D15,jungheinrich-ag,JUNGHEINRICH AG O.N.VZO,Jungheinrich AG,,35.34,0.1700680272,0.004039497,36.0468,2024-04-26T15:28:30+02:00,Producer Manufacturing,制造业,机械,机械加工设备,Regulated Market,Prime Standard,1003,Preffered shares,Bearer share,DE,Germany,180,Holding companies,Industrial Machinery,Jungheinrich,1.658392119677815e-05
DE000SAFH001,SAF Holland,SAFH,,Industrial Machinery,Industrial Machinery,D,EUR,194,XET,XETR,Xetra,False,D15,,saf-holland-se,SAF-HOLLAND SE INH EO 1,SAF-HOLLAND SE,,18.32,1.5521064301,0.0126747848,8.315448,2024-04-26T15:29:39+02:00,Producer Manufacturing,制造业,机械,机械加工设备,Regulated Market,Prime Standard,1002,Common shares,Bearer share,DE,Germany,190,Other german shares,Industrial Machinery,SAF Holland,0.0034351760279669207
DE000A1H8BV3,Norma Group,NOEJ,,Industrial Machinery,Industrial Products & Services,C,EUR,194,XET,XETR,Xetra,False,D15,,norma-group-se,NORMA GROUP SE NA O.N.,NORMA Group SE,,18.34,0.6586169045,0.0014576882,5.843124,2024-04-26T15:25:45+02:00,Producer Manufacturing,制造业,机械,机械加工设备,Regulated Market,Prime Standard,1002,Common shares,Registered share,DE,Germany,180,Holding companies,Industrial Products & Services,Norma Group,0.00010796021052522894
DE0006292030,KSB ,KSB3,,Industrial Machinery,Industrial Machinery,C,EUR,194,XET,XETR,Xetra,False,CX,D15,ksb-se-co-kgaa-vz,KSB SE+CO.KGAA VZO O.N.,KSB SE & Co. KGaA Vz,,616.0,0.6535947712,0.00072708,10.78,2024-04-26T15:25:54+02:00,Producer Manufacturing,制造业,机械,机械加工设备,Regulated Market,General Standard,1003,Preffered shares,Bearer share,DE,Germany,91,Automotive and mechanical engineering,Industrial Machinery,KSB ,4.482386853609721e-05
DE000STAB1L8,Stabilus,J8Q,,Industrial Machinery,Industrial Machinery,D,EUR,194,XET,XETR,Xetra,False,D15,,stabilus-se-inh-o-n,STABILUS SE INH. O.N.,,,58.5,1.3864818024,0.0034375070000000002,14.4495,2024-04-26T15:29:19+02:00,Producer Manufacturing,制造业,机械,机械加工设备,Regulated Market,Prime Standard,1002,Common shares,Bearer share,DE,Germany,900,Foreign shares,Industrial Machinery,Stabilus,0.0006748456462744248
DE0005878003,DMG Mori,GIL,,Industrial Machinery,Industrial Machinery,C,EUR,194,XET,XETR,Xetra,False,D15,,dmg-mori-ag,DMG MORI AG O.N.,DMG MORI AG,,44.4,0.4524886877,0.0018387339999999999,34.99608,2024-04-26T14:08:38+02:00,Producer Manufacturing,制造业,机械,机械加工设备,Regulated Market,Prime Standard,1002,Common shares,Bearer share,DE,Germany,91,Automotive and mechanical engineering,Industrial Machinery,DMG Mori,4.534698043259156e-05
US0382221051,Applied Materials,AP2,,Industrial Machinery,,C,EUR,194,XET,XETR,Xetra,False,CX,D15,applied-materials-inc,APPLIED MATERIALS INC.,Applied Materials Inc.,,185.18,1.8031885651,0.0007801503999999999,1542.5494,2024-04-26T14:24:56+02:00,Producer Manufacturing,制造业,机械,机械加工设备,Open Market,,1002,Common shares,Registered share,US,USA,900,Foreign shares,,Applied Materials,0.0001033103307800151
DE0007856023,Elringklinger,ZIL2,,Industrial Machinery,Auto Parts & Equipment,C,EUR,194,XET,XETR,Xetra,False,CX,D15,elringklinger-ag,ELRINGKLINGER AG NA O.N.,ElringKlinger AG,,6.6,1.0719754977,0.0010672971,4.18176,2024-04-26T14:48:32+02:00,Producer Manufacturing,制造业,机械,机械加工设备,Regulated Market,Prime Standard,1002,Common shares,Registered share,DE,Germany,190,Other german shares,Auto Parts & Equipment,Elringklinger,0.0001962051497698888
DE000A2DAM03,Aumann,AAG,,Industrial Machinery,Industrial Machinery,C,EUR,194,XET,XETR,Xetra,False,D15,,aumann-ag,AUMANN AG INH O.N.,Aumann AG,,17.1,0.0,0.0,2.51199,2024-04-25T17:36:04+02:00,Producer Manufacturing,制造业,机械,机械加工设备,Regulated Market,Prime Standard,1002,Common shares,Bearer share,DE,Germany,180,Holding companies,Industrial Machinery,Aumann,0.0
DE0007193500,Koenig & Bauer,SKB,,Industrial Machinery,Industrial Machinery,C,EUR,194,XET,XETR,Xetra,False,D15,,koenig-bauer-ag,KOENIG + BAUER AG ST O.N.,Koenig & Bauer AG,,12.7,1.4376996805,0.0017859434,2.09804,2024-04-26T15:13:11+02:00,Producer Manufacturing,制造业,机械,机械加工设备,Regulated Market,Prime Standard,1002,Common shares,Bearer share,DE,Germany,91,Automotive and mechanical engineering,Industrial Machinery,Koenig & Bauer,0.0006511717717001318
DE000A2DA588,MAX Automation,MXHN,,Industrial Machinery,"Industrial, Diversified",B,EUR,194,XET,XETR,Xetra,False,CX,D15,max-automation-se-na-o-n,MAX AUTOMATION SE NA O.N.,,,6.18,4.7457627118,0.0009261246,2.548632,2024-04-26T15:29:46+02:00,Producer Manufacturing,制造业,机械,机械加工设备,Regulated Market,Prime Standard,1002,Common shares,Registered share,DE,Germany,180,Holding companies,"Industrial, Diversified",MAX Automation,0.0018647436450685182
DE0007507501,WashTec,WSU,,Industrial Machinery,Industrial Machinery,C,EUR,194,XET,XETR,Xetra,False,D15,,washtec-ag,WASHTEC AG O.N.,WashTec AG,,38.7,4.5945945945,0.0005318909999999999,5.41026,2024-04-26T13:58:59+02:00,Producer Manufacturing,制造业,机械,机械加工设备,Regulated Market,Prime Standard,1002,Common shares,Bearer share,DE,Germany,180,Holding companies,Industrial Machinery,WashTec,0.0008116177862108318
DE000A0XYGA7,technotrans,TTR1,,Industrial Machinery,Advanced Industrial Equipment,A,EUR,194,XET,XETR,Xetra,False,D15,,technotrans-se,TECHNOTRANS SE NA O.N.,technotrans SE,,20.3,3.8363171355,0.0009461875,1.40273,2024-04-26T15:14:34+02:00,Producer Manufacturing,制造业,机械,机械加工设备,Regulated Market,Prime Standard,1002,Common shares,Registered share,DE,Germany,91,Automotive and mechanical engineering,Advanced Industrial Equipment,technotrans,0.0017028389436169137
DE000A3E5E55,Ringmetall,HP3A,,Industrial Machinery,Containers & Packaging,B,EUR,194,XET,XETR,Xetra,False,CX,D15,ringmetall-se-na-o-n,RINGMETALL SE NA O.N.,,,3.67,-2.9100529101,3.85675e-05,1.066869,2024-04-26T11:49:40+02:00,Producer Manufacturing,制造业,机械,机械加工设备,Regulated Market,General Standard,1002,Common shares,Registered share,DE,Germany,190,Other german shares,Containers & Packaging,Ringmetall,5.0599773933917205e-05
AT0000730007,Andritz,AZ2,,Industrial Machinery,,C,EUR,194,XET,XETR,Xetra,False,D15,,andritz-ag,ANDRITZ AG,Andritz AG,,52.15,-1.7890772129,0.002276308,54.236,2024-04-26T15:21:42+02:00,Producer Manufacturing,制造业,机械,机械加工设备,Open Market,,1002,Common shares,Bearer share,AT,Austria,91,Automotive and mechanical engineering,,Andritz,0.0004957215031439873
DE0006292006,KSB ,KSB,,Industrial Machinery,Industrial Machinery,C,EUR,194,XET,XETR,Xetra,False,D15,,ksb-se-co-kgaa-st,KSB SE+CO.KGAA ST O.N., KSB SE & Co. KGaA St,,665.0,0.0,0.00022285,11.6375,2024-04-26T13:45:21+02:00,Producer Manufacturing,制造业,机械,机械加工设备,Regulated Market,General Standard,1002,Common shares,Bearer share,DE,Germany,91,Automotive and mechanical engineering,Industrial Machinery,KSB ,0.0
DE0007846867,Viscom,V6C,,Industrial Machinery,Advanced Industrial Equipment,C,EUR,194,XET,XETR,Xetra,False,D15,,viscom-ag,VISCOM AG O.N.,Viscom AG,,5.46,0.0,0.0,0.492492,2024-04-25T17:36:11+02:00,Producer Manufacturing,制造业,机械,机械加工设备,Regulated Market,Prime Standard,1002,Common shares,Bearer share,DE,Germany,91,Automotive and mechanical engineering,Advanced Industrial Equipment,Viscom,0.0
DE000A0HGQS8,Plan Optik,P4O,,Industrial Machinery,Advanced Industrial Equipment,C,EUR,194,XET,XETR,Xetra,False,CX,D15,plan-optik-ag,PLAN OPTIK O.N.,Plan Optik AG,,3.24,0.0,0.0,0.146772,2024-04-25T17:36:18+02:00,Producer Manufacturing,制造业,机械,机械加工设备,Open Market,Basic Board,1002,Common shares,Bearer share,DE,Germany,190,Other german shares,Advanced Industrial Equipment,Plan Optik,0.0
DE000A0KFKH0,elexxion,E8X,,Industrial Machinery,Advanced Industrial Equipment,D,EUR,194,XET,XETR,Xetra,False,D15,,elexxion-ag,ELEXXION AG,elexxion AG,,0.21,0.0,0.0,0.02079,2024-04-25T17:36:26+02:00,Producer Manufacturing,制造业,机械,机械加工设备,Open Market,Basic Board,1002,Common shares,Bearer share,DE,Germany,190,Other german shares,Advanced Industrial Equipment,elexxion,0.0
DE000A0V9LA7,Datron,DAR,,Industrial Machinery,Industrial Machinery,D,EUR,194,XET,XETR,Xetra,False,D15,,datron-ag,DATRON AG INH.O.N.,Datron AG,,8.8,0.0,2.2e-05,0.352,2024-04-26T15:05:53+02:00,Producer Manufacturing,制造业,机械,机械加工设备,Open Market,Scale,1002,Common shares,Bearer share,DE,Germany,61,Electronic engineering,Industrial Machinery,Datron,0.0
DE0007100000,梅赛德斯奔驰,MBG,梅赛德斯奔驰,Motor Vehicles,Automobile Manufacturers,D,EUR,194,XET,XETR,Xetra,False,D15,,mercedes-benz-group,MERCEDES-BENZ GRP NA O.N.,,Mercedes Benz Group AG (former Daimler),74.4,1.611581535,1.0131343031,795.96096,2024-04-26T15:30:03+02:00,Consumer Durables,制造业,汽车,汽车整车,Regulated Market,Prime Standard,1002,Common shares,Registered share,DE,Germany,91,Automotive and mechanical engineering,Automobile Manufacturers,Mercedes-Benz Group,0.12249507121357796
DE0007664039,大众 VZ,VOW3,大众 VZ,Motor Vehicles,Automobile Manufacturers,D,EUR,194,XET,XETR,Xetra,False,D15,,volkswagen-ag-vz,VOLKSWAGEN AG VZO O.N.,Volkswagen AG Vz,,120.1,1.0942760942,0.43775645399999996,602.0613,2024-04-26T15:30:06+02:00,Consumer Durables,制造业,汽车,汽车整车,Regulated Market,Prime Standard,1003,Preffered shares,Bearer share,DE,Germany,91,Automotive and mechanical engineering,Automobile Manufacturers,Volkswagen Vz,0.02973256197803044
DE0005190003,BMW,BMW,BMW,Motor Vehicles,Automobile Manufacturers,D,EUR,194,XET,XETR,Xetra,False,D15,,bmw-ag-st,BAY.MOTOREN WERKE AG ST,BMW AG St,,106.05,0.9519276534,0.248752067,677.36256,2024-04-26T15:30:01+02:00,Consumer Durables,制造业,汽车,汽车整车,Regulated Market,Prime Standard,1002,Common shares,Bearer share,DE,Germany,91,Automotive and mechanical engineering,Automobile Manufacturers,Bayerische Motoren Werke,0.013253865051842178
US88160R1014,特斯拉,TL0,特斯拉,Motor Vehicles,Automobile Manufacturers,D,EUR,194,XET,XETR,Xetra,False,D15,,tesla-inc,"TESLA INC. DL -,001",Tesla Inc.,,157.46,1.7709410548,0.1306881886,5015.101,2024-04-26T15:30:05+02:00,Consumer Durables,制造业,汽车,汽车整车,Open Market,,1002,Common shares,Registered share,US,USA,91,Automotive and mechanical engineering,,Tesla,0.014748901964398977
DE000DTR0CK8,戴姆勒卡车,DTG,戴姆勒卡车,Motor Vehicles,Heavy Machinery,D,EUR,194,XET,XETR,Xetra,False,D15,,daimler-truck-holding-ag,DAIMLER TRUCK HLDG NA ON,Daimler Truck Holding AG,,42.52,1.358760429,0.2421135115,349.91834,2024-04-26T15:30:04+02:00,Consumer Durables,制造业,汽车,汽车整车,Regulated Market,Prime Standard,1002,Common shares,Registered share,DE,Germany,91,Automotive and mechanical engineering,Heavy Machinery,Daimler Truck Holding,0.025081597409260498
DE000PAH0038,保时捷控股,PAH3,保时捷控股,Motor Vehicles,Automobile Manufacturers,A,EUR,194,XET,XETR,Xetra,False,D15,,porsche-automobil-holding-se,PORSCHE AUTOM.HLDG VZO,Porsche Automobil Holding SE,,49.45,1.0420923579,0.160744133,151.440625,2024-04-26T15:30:06+02:00,Consumer Durables,制造业,汽车,汽车整车,Regulated Market,General Standard,1003,Preffered shares,Bearer share,DE,Germany,180,Holding companies,Automobile Manufacturers,Porsche Automobil Holding,0.012387906095183464
DE000PAG9113,保时捷 VZ,P911,保时捷 VZ,Motor Vehicles,Automobile Manufacturers,C,EUR,194,XET,XETR,Xetra,False,D15,,porsche-ag-vz,DR.ING.H.C.F.PORSCHE VZO,Porsche AG Vz,,89.38,-0.0670840788,0.18650775719999999,814.2518,2024-04-26T15:29:49+02:00,Consumer Durables,制造业,汽车,汽车整车,Regulated Market,Prime Standard,1003,Preffered shares,Bearer share,DE,Germany,91,Automotive and mechanical engineering,Automobile Manufacturers,Porsche Vz,7.695225920379545e-05
DE0005190037,BMW VZ,BMW3,BMW VZ,Motor Vehicles,Automobile Manufacturers,D,EUR,194,XET,XETR,Xetra,False,D15,,bmw-ag-vz,BAY.MOTOREN WERKE VZO,BMW AG Vz,,98.9,0.6615776081,0.018039723,631.69408,2024-04-26T15:23:03+02:00,Consumer Durables,制造业,汽车,汽车整车,Regulated Market,Prime Standard,1003,Preffered shares,Bearer share,DE,Germany,91,Automotive and mechanical engineering,Automobile Manufacturers,Bayerische Motoren Werke,0.0005282652086422248
DE0007664005,大众,VOW,大众,Motor Vehicles,Automobile Manufacturers,D,EUR,194,XET,XETR,Xetra,False,D15,,volkswagen-ag-st,VOLKSWAGEN AG ST O.N.,Volkswagen AG St,,139.9,2.0423048869,0.011750557,701.3187,2024-04-26T15:30:03+02:00,Consumer Durables,制造业,汽车,汽车整车,Regulated Market,Prime Standard,1002,Common shares,Bearer share,DE,Germany,91,Automotive and mechanical engineering,Automobile Manufacturers,Volkswagen,0.0020779119525620986
US6541101050,Nikola Corporation,8NI,,Motor Vehicles,,C,EUR,194,XET,XETR,Xetra,False,D15,,nikola-corp,NIKOLA CORP.,,,0.5749,0.3315881326,0.0003576151,2.376297409,2024-04-26T15:20:11+02:00,Consumer Durables,制造业,汽车,汽车整车,Open Market,,1002,Common shares,Registered share,US,USA,91,Automotive and mechanical engineering,,Nikola Corporation,1.0475623724963771e-05
DE000TRAT0N7,Traton,8TRA,Traton,Motor Vehicles,Heavy Machinery,D,EUR,194,XET,XETR,Xetra,False,D15,,traton-se-inh-o-n,TRATON SE INH O.N.,Traton SE,,33.4,-1.4749262537,0.0715792145,167.0,2024-04-26T15:29:33+02:00,Consumer Durables,制造业,汽车,汽车整车,Regulated Market,Prime Standard,1002,Common shares,Bearer share,DE,Germany,180,Holding companies,Heavy Machinery,Traton,0.0094525579396371
NL00150001Q9,Stellantis N.V.,8TI,,Motor Vehicles,Automobiles,C,EUR,194,XET,XETR,Xetra,False,D15,,stellantis-nv-eo-01,"STELLANTIS NV EO -,01",,,23.125,0.8724100327,0.004286399099999999,731.9501875,2024-04-26T15:24:51+02:00,Consumer Durables,制造业,汽车,汽车整车,Open Market,,1002,Common shares,Registered share,NL,Netherlands ,91,Automotive and mechanical engineering,,Stellantis N.V.,0.00019579581718577797
NL0011585146,Ferrari,2FE,,Motor Vehicles,Automobiles,C,EUR,194,XET,XETR,Xetra,False,D15,,ferrari-n-v,FERRARI N.V.,,,389.9,0.9842009842,0.001887407,1003.09573,2024-04-26T15:24:09+02:00,Consumer Durables,制造业,汽车,汽车整车,Open Market,,1002,Common shares,Registered share,NL,Netherlands ,91,Automotive and mechanical engineering,,Ferrari,0.00010094270810328694
US37045V1008,General Motors Co,8GM,,Motor Vehicles,,D,EUR,194,XET,XETR,Xetra,False,D15,,general-motors-co,"GENERAL MOTORS DL-,01",General Motors Co.,,42.54,0.4842329042,2.127e-05,510.48,2024-04-26T14:21:40+02:00,Consumer Durables,制造业,汽车,汽车整车,Open Market,,1002,Common shares,Registered share,US,USA,91,Automotive and mechanical engineering,,General Motors Co,3.7419362982307735e-07
US3453708600,Ford Motor Co,FMC1,,Motor Vehicles,,D,EUR,194,XET,XETR,Xetra,False,D15,,ford-motor-co,"FORD MOTOR DL-,01",Ford Motor Co.,,12.122,2.019861976,0.0005443472,503.91154,2024-04-26T14:52:10+02:00,Consumer Durables,制造业,汽车,汽车整车,Open Market,,1002,Common shares,Registered share,US,USA,91,Automotive and mechanical engineering,,Ford Motor Co,9.898299518575858e-05
US4128221086,Harley-Davidson,HAR,,Motor Vehicles,,D,EUR,194,XET,XETR,Xetra,False,D15,,harley-davidson-inc,"HARLEY-DAVID.INC. DL -,01",Harley-Davidson Inc.,,31.11,-1.6750948167,2.32e-05,53.01144,2024-04-26T10:00:00+02:00,Consumer Durables,制造业,汽车,汽车整车,Open Market,,1002,Common shares,Registered share,US,USA,170,Traffic,,Harley-Davidson,4.585074408619829e-06
FR0000131906,Renault SA,RNL,,Motor Vehicles,Automobiles,D,EUR,194,XET,XETR,Xetra,False,D15,,renault-s-a,"RENAULT INH. EO 3,81",Renault S.A.,,49.0,2.0620704019,0.00030347560000000003,144.9028,2024-04-26T12:05:26+02:00,Consumer Durables,制造业,汽车,汽车整车,Open Market,,1002,Common shares,Bearer share,FR,France,91,Automotive and mechanical engineering,,Renault SA,6.875720527878871e-05
DE000A0LR4P1,HWA,H9W,,Motor Vehicles,Automobile Manufacturers,D,EUR,194,XET,XETR,Xetra,False,D15,,hwa-ag,HWA AG INH.O.N.,HWA AG,,4.82,0.0,0.0,0.317638,2024-04-25T17:36:02+02:00,Consumer Durables,制造业,汽车,汽车整车,Open Market,Basic Board,1002,Common shares,Bearer share,DE,Germany,91,Automotive and mechanical engineering,Automobile Manufacturers,HWA,0.0
DE0006231004,英飞凌,IFX,英飞凌,Semiconductors,Semiconductors,D,EUR,194,XET,XETR,Xetra,False,D15,,infineon-technologies-ag,INFINEON TECH.AG NA O.N.,Infineon Technologies AG,,32.765,0.6296068796,0.7741773831000001,427.884688,2024-04-26T15:30:06+02:00,Electronic Technology,科技,电子,半导体,Regulated Market,Prime Standard,1002,Common shares,Registered share,DE,Germany,61,Electronic engineering,Semiconductors,Infineon Technologies,0.02198216118601443
DE000A0WMPJ6,爱思强,AIXA,爱思强,Semiconductors,Semiconductors,D,EUR,194,XET,XETR,Xetra,False,D15,,aixtron-se,AIXTRON SE NA O.N.,AIXTRON SE,,22.42,2.9384756657,0.1570025089,25.428764,2024-04-26T15:30:00+02:00,Electronic Technology,科技,电子,半导体,Regulated Market,Prime Standard,1002,Common shares,Registered share,DE,Germany,190,Other german shares,Semiconductors,Aixtron,0.08436927160457158
US67066G1040,英伟达,NVD,英伟达,Semiconductors,,D,EUR,194,XET,XETR,Xetra,False,D15,,nvidia-corp,"NVIDIA CORP. DL-,001",NVIDIA Corp.,,782.5,3.1913490702,0.254117103,19280.8,2024-04-26T15:30:03+02:00,Electronic Technology,科技,电子,半导体,Open Market,,1002,Common shares,Registered share,US,USA,900,Foreign shares,,NVIDIA Corp,0.06058441370032779
NL0010273215,ASML Holding,ASME,,Semiconductors,Production Technology Equipment,D,EUR,194,XET,XETR,Xetra,False,D15,,asml-holding-n-v,"ASML HOLDING EO -,09",ASML Holding N.V.,,852.0,2.1705240436,0.031656241,3404.4216,2024-04-26T15:30:06+02:00,Electronic Technology,科技,电子,半导体,Open Market,,1002,Common shares,Registered share,NL,Netherlands ,900,Foreign shares,,ASML Holding,0.005076842857383527
DE000HAG0005,Hensoldt,5UH,,Semiconductors,Semiconductors,D,EUR,194,XET,XETR,Xetra,False,D15,,hensoldt-ag,HENSOLDT AG INH O.N.,HENSOLDT AG,,37.64,-0.1591511937,0.0347772468,43.4742,2024-04-26T15:28:06+02:00,Electronic Technology,科技,电子,半导体,Regulated Market,Prime Standard,1002,Common shares,Bearer share,DE,Germany,900,Foreign shares,Semiconductors,Hensoldt,0.00012118881809369053
DE0005677108,Elmos Semiconductor,ELG,Elmos Semiconductor,Semiconductors,Semiconductors,D,EUR,194,XET,XETR,Xetra,False,D15,,elmos-semiconductor-se,ELMOS SEMICOND. INH O.N.,Elmos Semiconductor SE,,77.3,0.7822685788,0.005099654,13.6821,2024-04-26T15:22:57+02:00,Electronic Technology,科技,电子,半导体,Regulated Market,Prime Standard,1002,Common shares,Bearer share,DE,Germany,91,Automotive and mechanical engineering,Semiconductors,Elmosmiconductor,0.00040036255689496507
US0079031078,Advanced Micro Devices,AMD,,Semiconductors,,D,EUR,194,XET,XETR,Xetra,False,D15,,advanced-micro-devices-inc,"ADVANCED MIC.DEV. DL-,01",Advanced Micro Devices Inc. ,,144.02,1.3511611541,0.0355479832,2395.0526,2024-04-26T15:30:06+02:00,Electronic Technology,科技,电子,半导体,Open Market,,1002,Common shares,Registered share,US,USA,61,Electronic engineering,,Advanced Micro Devices,0.002851576018613328
DE000WAF3001,世创电子材料,WAF,世创电子材料,Semiconductors,Semiconductors,D,EUR,194,XET,XETR,Xetra,False,D15,,siltronic-ag,SILTRONIC AG NA O.N.,Siltronic AG,,72.85,-5.0814332248,0.133269319,21.855,2024-04-26T15:30:05+02:00,Electronic Technology,科技,电子,半导体,Regulated Market,Prime Standard,1002,Common shares,Registered share,DE,Germany,190,Other german shares,Semiconductors,Siltronic,0.162063929542768
US4581401001,Intel Corp,INL,,Semiconductors,Semiconductors,D,EUR,194,XET,XETR,Xetra,False,D15,,intel-corp,"INTEL CORP. DL-,001",Intel Corp.,,29.61,-8.4840055633,0.043772092,1251.9108,2024-04-26T15:30:05+02:00,Electronic Technology,科技,电子,半导体,Open Market,,1002,Common shares,Registered share,US,USA,900,Foreign shares,,Intel Corp,0.054449918589259745
DE0007461006,PVA TePla,TPE,,Semiconductors,Advanced Industrial Equipment,D,EUR,194,XET,XETR,Xetra,False,D15,,pva-tepla-ag,PVA TEPLA AG O.N.,PVA TePla AG,,18.41,1.3766519823,0.0031828286999999998,4.004175,2024-04-26T15:28:26+02:00,Electronic Technology,科技,电子,半导体,Regulated Market,Prime Standard,1002,Common shares,Bearer share,DE,Germany,190,Other german shares,Advanced Industrial Equipment,PVA TePla,0.0008847091363895646
DE000A1K0235,SUESS MicroTec,SMHN,,Semiconductors,Semiconductors,D,EUR,194,XET,XETR,Xetra,False,D15,,suess-microtec-se,SUESS MICROTEC SE NA O.N.,SÜSS MicroTec SE,,46.5,1.3071895424,0.01964362,8.8908,2024-04-26T15:28:43+02:00,Electronic Technology,科技,电子,半导体,Regulated Market,Prime Standard,1002,Common shares,Registered share,DE,Germany,190,Other german shares,Semiconductors,SUESS MicroTec,0.00398917428291352
US7475251036,Qualcomm,QCI,,Semiconductors,,D,EUR,194,XET,XETR,Xetra,False,D15,,qualcomm-inc,"QUALCOMM INC. DL-,0001",QUALCOMM Inc.,,152.98,0.9635691657,0.0005081106,1704.1972,2024-04-26T15:25:56+02:00,Electronic Technology,科技,电子,半导体,Open Market,,1002,Common shares,Registered share,US,USA,900,Foreign shares,,Qualcomm,2.460204515123046e-05
US5951121038,Micron Technology,MTE,,Semiconductors,,D,EUR,194,XET,XETR,Xetra,False,D15,,micron-technology-inc,"MICRON TECHN. INC. DL-,10",Micron Technology Inc.,,105.56,1.6955684007,0.0158737846,1307.8884,2024-04-26T15:25:00+02:00,Electronic Technology,科技,电子,半导体,Open Market,,1002,Common shares,Registered share,US,USA,61,Electronic engineering,,Micron Technology,0.0019504673159681373
DE0006450000,LPKF Laser & Electronics,LPK,,Semiconductors,Advanced Industrial Equipment,D,EUR,194,XET,XETR,Xetra,False,D15,,lpkf-laser-electronics-se,LPKF LASER+ELECTR.INH ON,LPKF Laser & Electronics SE,,7.8,-1.2658227849,0.0014364973,1.911,2024-04-26T15:27:40+02:00,Electronic Technology,科技,电子,半导体,Regulated Market,Prime Standard,1002,Common shares,Bearer share,DE,Germany,91,Automotive and mechanical engineering,Advanced Industrial Equipment,LPKF Laser & Electronics,0.0004410721348251077
US3364331070,First Solar,F3A,,Semiconductors,,D,EUR,194,XET,XETR,Xetra,False,D15,,first-solar-inc,"FIRST SOLAR INC. D -,001","First Solar, Inc.",,163.24,1.9612742036,0.0010125117999999998,174.42194,2024-04-26T15:02:22+02:00,Electronic Technology,科技,电子,半导体,Open Market,,1002,Common shares,Registered share,US,USA,70,Service/energy,,First Solar,0.0002062333070796868
DE0007201907,Firstnsor,SIS,,Semiconductors,Semiconductors,D,EUR,194,XET,XETR,Xetra,False,D15,,first-sensor-ag,FIRST SENSOR AG O.N.,First Sensor AG,,58.8,-1.0101010102,0.0001176,6.07404,2024-04-26T12:05:20+02:00,Electronic Technology,科技,电子,半导体,Regulated Market,Prime Standard,1002,Common shares,Bearer share,DE,Germany,110,"Non-ferrous metals, wire plantsand cabels",Semiconductors,Firstnsor,1.7560788054956423e-05
DE000A2YN702,UMT United Mobility Technology,UMDK,,Semiconductors,Internet,A,EUR,194,XET,XETR,Xetra,False,D15,,umt-united-mobility-technology-ag-1,UMT UTD MOB.TECHN. O.N.,UMT United Mobility Technology AG,,0.349,14.0522875816,6.98e-08,0.0184621,2024-04-26T13:45:50+02:00,Electronic Technology,科技,电子,半导体,Open Market,Basic Board,1002,Common shares,Bearer share,DE,Germany,190,Other german shares,Internet,UMT United Mobility Technology,1.3489682429594585e-06
DE0005156236,Schweizer Electronic,SCE,,Semiconductors,Semiconductors,D,EUR,194,XET,XETR,Xetra,False,D15,,schweizer-electronic-ag,SCHWEIZER ELECTR. NA O.N.,SCHWEIZER ELECTRONIC AG,,5.5,-1.7857142858,1.925e-05,0.2079,2024-04-26T12:30:20+02:00,Electronic Technology,科技,电子,半导体,Regulated Market,General Standard,1002,Common shares,Registered share,DE,Germany,61,Electronic engineering,Semiconductors,Schweizer Electronic,1.7620562321083595e-05
DE000A1681X5,Singulus Technologies,SNG,,Semiconductors,Advanced Industrial Equipment,D,EUR,194,XET,XETR,Xetra,False,D15,,singulus-technologies-ag,SINGULUS TECHNOL. EO 1,SINGULUS TECHNOLOGIES AG,,1.53,-6.1349693252,5.36401e-05,0.13617,2024-04-26T13:27:09+02:00,Electronic Technology,科技,电子,半导体,Regulated Market,Prime Standard,1002,Common shares,Bearer share,DE,Germany,190,Other german shares,Advanced Industrial Equipment,Singulus Technologies,0.0003099959686066735
DE0005140008,德意志银行,DBK,德意志银行,Investment Banks/Brokers,Credit Banks,C,EUR,194,XET,XETR,Xetra,False,D15,,deutsche-bank-ag,DEUTSCHE BANK AG NA O.N.,Deutsche Bank AG,,16.67,0.0600240096,1.5871873641,332.51649,2024-04-26T15:30:06+02:00,Finance,金融,资产管理,投资银行,Regulated Market,Prime Standard,1002,Common shares,Registered share,DE,Germany,81,Bank/insurance,Credit Banks,Deutsche Bank,0.0005964034225376667
DE0005810055,德意志交易所,DB1,德意志交易所,Investment Banks/Brokers,Securities Brokers,D,EUR,194,XET,XETR,Xetra,False,D15,,deutsche-boerse-ag,DEUTSCHE BOERSE NA O.N.,Deutsche Börse AG,,182.0,0.3031138054,0.2012562845,345.8,2024-04-26T15:30:01+02:00,Finance,金融,资产管理,投资银行,Regulated Market,Prime Standard,1002,Common shares,Registered share,DE,Germany,190,Other german shares,Securities Brokers,Deutsche Boerse,0.0016218518388543466
DE000FTG1111,flatexDEGIRO,FTK,,Investment Banks/Brokers,Securities Brokers,C,EUR,194,XET,XETR,Xetra,False,D15,,flatexdegiro-ag,FLATEXDEGIRO AG NA O.N.,flatexDEGIRO AG,,12.07,23.7187371873,0.19123852460000001,13.280621,2024-04-26T15:29:32+02:00,Finance,金融,资产管理,投资银行,Regulated Market,Prime Standard,1002,Common shares,Registered share,DE,Germany,180,Holding companies,Securities Brokers,flatexDEGIRO,2.0091956508282443
US19260Q1076,Coinbase Global,1QZ,,Investment Banks/Brokers,,D,EUR,194,XET,XETR,Xetra,False,D15,,coinbase-global-inc,"COINBASE GLB.CL.A -,00001",Coinbase Global Inc.,,206.0,-0.1937984497,0.013526598999999999,447.26102,2024-04-26T15:30:00+02:00,Finance,金融,资产管理,投资银行,Open Market,,1002,Common shares,Registered share,US,USA,172,Software,,Coinbase Global,4.605446694748733e-05
GB0031348658,Barclays,BCY,,Investment Banks/Brokers,,C,EUR,194,XET,XETR,Xetra,False,D15,,barclays-plc,"BARCLAYS PLC LS 0,25",BARCLAYS PLC,,2.396,-0.1250521051,0.11477201779999999,363.1138,2024-04-26T15:30:06+02:00,Finance,金融,资产管理,投资银行,Open Market,,1002,Common shares,Registered share,GB,Great Britain,81,Bank/insurance,,Barclays,0.00017589603508392747
US38141G1040,Goldman Sachs Group,GOS,,Investment Banks/Brokers,,D,EUR,194,XET,XETR,Xetra,False,D15,,goldman-sachs-group-inc,GOLDMAN SACHS GRP INC.,Goldman Sachs Group Inc.,,391.65,0.7330246913,0.0004301975,3614.53785,2024-04-26T12:49:41+02:00,Finance,金融,资产管理,投资银行,Open Market,,1002,Common shares,Registered share,US,USA,900,Foreign shares,,Goldman Sachs Group,1.2143893995381442e-05
DE000LS1LUS9,Lang & Schwarz,LUS1,,Investment Banks/Brokers,,C,EUR,194,XET,XETR,Xetra,False,D15,,lang-schwarz-ag-na-o-n,LANG + SCHWARZ AG NA O.N.,,,13.1,3.1496062992,0.0011646675,1.23664,2024-04-26T15:25:27+02:00,Finance,金融,资产管理,投资银行,Open Market,Basic Board,1002,Common shares,Registered share,DE,Germany,190,Other german shares,,Lang & Schwarz,0.0016400379906790527
DE0005088108,Baader Bank,BWB,,Investment Banks/Brokers,,D,EUR,194,XET,XETR,Xetra,False,D15,,baader-bank-ag,BAADER BANK AG,Baader Bank AG,,3.78,1.3404825737,0.0004496288,1.84464,2024-04-26T14:05:04+02:00,Finance,金融,资产管理,投资银行,Open Market,,1002,Common shares,Bearer share,DE,Germany,81,Bank/insurance,,Baader Bank,0.00015291711599022705
US6174464486,Morgan Stanley,DWD,,Investment Banks/Brokers,,C,EUR,194,XET,XETR,Xetra,False,D15,,morgan-stanley,"MORGAN STANLEY DL-,01",Morgan Stanley,,85.92,-0.2206480084,5.5848000000000005e-05,1751.814288,2024-04-26T12:01:53+02:00,Finance,金融,资产管理,投资银行,Open Market,,1002,Common shares,Registered share,US,USA,900,Foreign shares,,Morgan Stanley,2.0313445819588708e-07
DE0005479307,Varengold Bank,VG8,,Investment Banks/Brokers,Securities Brokers,C,EUR,194,XET,XETR,Xetra,False,CX,D15,varengold-bank-ag,VARENGOLD BANK AG,Varengold Bank AG,,3.8,3.2608695652,0.000146984,0.38152,2024-04-26T09:47:23+02:00,Finance,金融,资产管理,投资银行,Open Market,Basic Board,1002,Common shares,Bearer share,DE,Germany,190,Other german shares,Securities Brokers,Varengold Bank,0.0002969362290030241
DE000A1ML7J1,福诺菲亚,VNA,福诺菲亚,Real Estate Development,Real Estate,C,EUR,194,XET,XETR,Xetra,False,D15,,vonovia-se,VONOVIA SE NA O.N.,Vonovia SE,,25.79,2.179080824,0.2555733155,210.095656,2024-04-26T15:30:00+02:00,Finance,金融,房地产,房地产开发,Regulated Market,Prime Standard,1002,Common shares,Registered share,DE,Germany,180,Holding companies,Real Estate,Vonovia,0.059280638375273614
DE000LEG1110,LEG Immobilien,LEG,,Real Estate Development,Real Estate,D,EUR,194,XET,XETR,Xetra,False,D15,,leg-immobilien-se,LEG IMMOBILIEN SE NA O.N.,LEG Immobilien SE,,76.4,2.1117348302,0.0544071884,56.62004,2024-04-26T15:28:11+02:00,Finance,金融,房地产,房地产开发,Regulated Market,Prime Standard,1002,Common shares,Registered share,DE,Germany,190,Other german shares,Real Estate,LEG Immobilien,0.015128088118415742
DE0008303504,TAG Immobilien,TEG,,Real Estate Development,Real Estate,D,EUR,194,XET,XETR,Xetra,False,D15,,tag-immobilien-ag,TAG IMMOBILIEN AG,TAG Immobilien AG,,12.58,3.1147540983,0.0208831753,22.076642,2024-04-26T15:28:31+02:00,Finance,金融,房地产,房地产开发,Regulated Market,Prime Standard,1002,Common shares,Bearer share,DE,Germany,190,Other german shares,Real Estate,TAG Immobilien,0.012618616232861552
LU0775917882,Grand City Properties SA,GYC,,Real Estate Development,Real Estate,D,EUR,194,XET,XETR,Xetra,False,D15,,grand-city-properties-s-a,"GRAND CITY PROPERT.EO-,10",Grand City Properties S.A.,,9.95,2.366255144,0.0045634034999999995,17.530905,2024-04-26T15:23:04+02:00,Finance,金融,房地产,房地产开发,Regulated Market,Prime Standard,1002,Common shares,Bearer share,LU,Luxembourg ,900,Foreign shares,Real Estate,Grand City Properties SA,0.0019413489647519514
DE000A0HN5C6,Deutsche Wohnen,DWNI,,Real Estate Development,Real Estate,D,EUR,194,XET,XETR,Xetra,False,D15,,deutsche-wohnen-se,DEUTSCHE WOHNEN SE INH,Deutsche Wohnen SE,,17.0,1.9184652278,0.0188357462,68.051,2024-04-26T15:24:32+02:00,Finance,金融,房地产,房地产开发,Regulated Market,General Standard,1002,Common shares,Bearer share,DE,Germany,190,Other german shares,Real Estate,Deutsche Wohnen,0.004370316415487209
DE000A1X3XX4,DIC Asset,DIC,,Real Estate Development,Real Estate,D,EUR,194,XET,XETR,Xetra,False,D15,,branicks-group-ag,BRANICKS GROUP AG NA O.N.,BRANICKS Group AG,BRANICKS Group AG,1.292,-5.0,0.0020845704,1.0797244,2024-04-26T14:56:27+02:00,Finance,金融,房地产,房地产开发,Regulated Market,Prime Standard,1002,Common shares,Registered share,DE,Germany,190,Other german shares,Real Estate,DIC Asset,0.005907981793025121
DE000A14KRD3,Deutsche Konsum REIT,DKG,,Real Estate Development,Real Estate,D,EUR,194,XET,XETR,Xetra,False,D15,,deutsche-konsum-reit-ag,DT.KONSUM REIT-AG,Deutsche Konsum REIT-AG,,2.72,-0.3663003664,0.0009794444,0.956352,2024-04-26T14:51:13+02:00,Finance,金融,房地产,房地产开发,Regulated Market,Prime Standard,1001,Shares,Bearer share,DE,Germany,28,Funds,Real Estate,Deutsche Konsum REIT,4.5521451093472234e-05
DE000A2NBX80,Instone Real Estate Group,,,Real Estate Development,Real Estate,D,EUR,194,XET,XETR,Xetra,False,D15,,instone-real-estate-group,INSTONE REAL EST.GRP O.N.,Instone Real Estate Group,,8.8,1.6166281755,0.0001341497,4.13512,2024-04-26T12:12:36+02:00,Finance,金融,房地产,房地产开发,Regulated Market,Prime Standard,1002,Common shares,Bearer share,DE,Germany,190,Other german shares,Real Estate,Instone Real Estate Group,4.748922147007457e-05
DE000A3H2333,HAMBORNER REIT,HABA,,Real Estate Development,Real Estate,D,EUR,194,XET,XETR,Xetra,False,D15,,hamborner-reit-ag-na-o-n,HAMBORNER REIT AG NA O.N.,,,6.43,-5.8565153734,0.0040629876,5.230162,2024-04-26T15:22:55+02:00,Finance,金融,房地产,房地产开发,Regulated Market,Prime Standard,1001,Shares,Registered share,DE,Germany,28,Funds,Real Estate,HAMBORNER REIT,0.008778899067928284
LU1250154413,Adler Group SA,ADJ,,Real Estate Development,Real Estate,D,EUR,194,XET,XETR,Xetra,False,D15,,adler-group-s-a,ADLER GROUP S.A. NPV,ADLER Group S.A.,,0.17,0.0,0.0008916460000000001,0.257771,2024-04-26T15:26:39+02:00,Finance,金融,房地产,房地产开发,Regulated Market,Prime Standard,1002,Common shares,Registered share,LU,Luxembourg ,130,Construction/ construction materials,Real Estate,Adler Group SA,0.0
DE0007480204,Deutsche EuroShop,DEQ,,Real Estate Development,Real Estate,D,EUR,194,XET,XETR,Xetra,False,D15,,deutsche-euroshop-ag,DEUTSCHE EUROSHOP NA O.N.,Deutsche EuroShop AG,,19.0,0.3167898627,0.0006929508000000001,14.5274,2024-04-26T15:10:13+02:00,Finance,金融,房地产,房地产开发,Regulated Market,Prime Standard,1002,Common shares,Registered share,DE,Germany,190,Other german shares,Real Estate,Deutsche EuroShop,1.1070481277772256e-05
DE000A2YPDD0,VIB Vermoegen,VIH1,,Real Estate Development,,D,EUR,194,XET,XETR,Xetra,False,D15,,vib-vermoegen-na-o-n,VIB VERMOEGEN NA O.N.,,,10.84,-0.5504587156,0.00033455199999999995,3.58262,2024-04-26T15:11:16+02:00,Finance,金融,房地产,房地产开发,Open Market,,1002,Common shares,Registered share,DE,Germany,190,Other german shares,,VIB Vermoegen,2.1108458992804917e-05
DE000A2GS625,CR Capital Real Estate,CRZK,,Real Estate Development,Real Estate,C,EUR,194,XET,XETR,Xetra,True,CX,D15,cr-capital-ag,CR ENERGY AG INH O.N.,CR Energy AG,CR Energy AG,24.8,-0.8,0.00047731900000000003,1.4012,2024-04-26T12:48:13+02:00,Finance,金融,房地产,房地产开发,Open Market,Basic Board,1002,Common shares,Bearer share,DE,Germany,190,Other german shares,Real Estate,CR Capital Real Estate,7.64527449232851e-05
DE000A0LD2U1,alstria office REIT,AOX,,Real Estate Development,Real Estate,D,EUR,194,XET,XETR,Xetra,False,D15,,alstria-office-reit-ag,ALSTRIA OFFICE REIT-AG,alstria office REIT-AG,,3.42,-0.5813953489,0.0008375110000000001,6.106752,2024-04-26T10:46:08+02:00,Finance,金融,房地产,房地产开发,Regulated Market,Prime Standard,1001,Shares,Bearer share,DE,Germany,28,Funds,Real Estate,alstria office REIT,4.946678166919556e-05
DE000A1X3WX6,ERWE Immobilien,DTKK,,Real Estate Development,Real Estate,D,EUR,194,XET,XETR,Xetra,False,D15,,erwe-immobilien-ag,ERWE IMMOB. AG INH O.N.,ERWE Immobilien AG,,0.4,-8.6757990868,2.16e-06,0.09824,2024-04-26T10:27:18+02:00,Finance,金融,房地产,房地产开发,Open Market,Scale,1002,Common shares,Bearer share,DE,Germany,190,Other german shares,Real Estate,ERWE Immobilien,2.0588361872709675e-05
DE000A13SUL5,Defama Deutsche Fachmarkt,DEF,,Real Estate Development,,D,EUR,194,XET,XETR,Xetra,False,D15,,defama-ag,DEFAMA AG,,,25.6,2.4,0.0007694339999999999,1.2288,2024-04-26T13:19:56+02:00,Finance,金融,房地产,房地产开发,Open Market,,1002,Common shares,Bearer share,DE,Germany,190,Other german shares,,Defama Deutsche Fachmarkt,0.0007273944230908704
DE000A0HNF96,InCity Immobilien,IC8,,Real Estate Development,Real Estate,D,EUR,194,XET,XETR,Xetra,False,D15,,incity-immobilien-ag,INCITY IMMOBILIEN O.N.,InCity Immobilien AG,,1.03,0.0,0.0,0.8858,2024-04-25T17:36:14+02:00,Finance,金融,房地产,房地产开发,Open Market,Basic Board,1002,Common shares,Bearer share,DE,Germany,190,Other german shares,Real Estate,InCity Immobilien,0.0
DE000A1RFMY4,RCM Beteiligungs,RCMN,,Real Estate Development,Real Estate,D,EUR,194,XET,XETR,Xetra,False,D15,,rcm-beteiligungs-ag,RCM BETEILIGUNGS NA. O.N.,RCM Beteiligungs AG,,1.49,2.0547945205,1.2069e-06,0.19519,2024-04-26T10:48:27+02:00,Finance,金融,房地产,房地产开发,Open Market,Scale,1002,Common shares,Registered share,DE,Germany,190,Other german shares,Real Estate,RCM Beteiligungs,1.3810079800603396e-06
DE000A1X3X33,WCM Beteiligungs und Grundbesitz,WCMK,,Real Estate Development,Real Estate,D,EUR,194,XET,XETR,Xetra,False,D15,,wcm-ag,WCM BET.GRD.AG O.N.,WCM AG,,1.97,5.9139784946,0.00028048470000000003,2.964456,2024-04-26T14:39:07+02:00,Finance,金融,房地产,房地产开发,Regulated Market,General Standard,1002,Common shares,Bearer share,DE,Germany,150,Consumer goods/food/breweries/paper,Real Estate,WCM Beteiligungs und Grundbesitz,0.0007310462285647932
DE000A0Z2Y48,Verianos Real Estate,VROS,,Real Estate Development,Real Estate,D,EUR,194,XET,XETR,Xetra,False,D15,,verianos-se,VERIANOS SE INH O.N.,Verianos SE,,0.326,0.0,0.0,0.044825,2024-04-25T17:36:11+02:00,Finance,金融,房地产,房地产开发,Open Market,Basic Board,1002,Common shares,Bearer share,DE,Germany,190,Other german shares,Real Estate,Verianos Real Estate,0.0
LU0251710041,Cpi Property Group SA,O5G,,Real Estate Development,Real Estate,D,EUR,194,XET,XETR,Xetra,False,D15,,cpi-property-group-s-a,"CPI PROPERTY GRP EO-,10",CPI PROPERTY GROUP S.A.,,0.845,0.0,0.0,73.5559825,2024-04-25T17:35:40+02:00,Finance,金融,房地产,房地产开发,Regulated Market,General Standard,1002,Common shares,Bearer share,LU,Luxembourg ,900,Foreign shares,Real Estate,Cpi Property Group SA,0.0
DE000A2E4MK4,Noratis,NUVA,,Real Estate Development,Real Estate,D,EUR,194,XET,XETR,Xetra,False,D15,,noratis-ag,NORATIS AG INH. O.N.,Noratis AG,,5.05,0.0,0.0,0.3636,2024-04-25T17:36:02+02:00,Finance,金融,房地产,房地产开发,Open Market,Scale,1002,Common shares,Bearer share,DE,Germany,190,Other german shares,Real Estate,Noratis,0.0
DE000A0JJTG7,Gateway Real Estate,H1I,,Real Estate Development,Real Estate,D,EUR,194,XET,XETR,Xetra,False,D15,,gateway-real-estate-ag,GATEWAY R.EST.AG O.N.,Gateway Real Estate AG,Gateway Real Estate AG,0.436,9.5477386934,1.268e-05,0.8142736,2024-04-26T13:23:40+02:00,Finance,金融,房地产,房地产开发,Regulated Market,Prime Standard,1002,Common shares,Bearer share,DE,Germany,190,Other german shares,Real Estate,Gateway Real Estate,9.413181363215939e-05
DE000A1YC913,FCR Immobilien,FC9,,Real Estate Development,Real Estate,D,EUR,194,XET,XETR,Xetra,False,D15,,fcr-immobilien-ag-na-o-n,FCR IMMOBILIEN AG NA O.N.,FCR Immobilien AG,,9.95,0.505050505,7.0048e-05,0.982065,2024-04-26T11:39:16+02:00,Finance,金融,房地产,房地产开发,Regulated Market,General Standard,1002,Common shares,Registered share,DE,Germany,190,Other german shares,Real Estate,FCR Immobilien,5.699779777108758e-06
DE000A0KFKB3,Accentro Real Estate,E7S,,Real Estate Development,Real Estate,D,EUR,194,XET,XETR,Xetra,False,D15,,accentro-real-estate-ag,ACCENTRO R.EST.AG O.N.,Accentro Real Estate AG,,0.448,-8.5714285715,6.15279e-05,0.1453312,2024-04-26T10:37:25+02:00,Finance,金融,房地产,房地产开发,Regulated Market,Prime Standard,1002,Common shares,Bearer share,DE,Germany,190,Other german shares,Real Estate,Accentro Real Estate,0.0005557007770916679
DE0005557508,德国电信,DTE,德国电信,Major Telecommunications,Fixed-Line Telecommunication,A,EUR,194,XET,XETR,Xetra,False,D15,,deutsche-telekom-ag,DT.TELEKOM AG NA,Deutsche Telekom AG,,21.76,0.4153207198,0.6292461301,1085.053696,2024-04-26T15:30:01+02:00,Communications,科技,通信,电信运营,Regulated Market,Prime Standard,1002,Common shares,Registered share,DE,Germany,173,Telecommunication Services,Fixed-Line Telecommunication,Deutsche Telekom,0.007650792425423117
AT0000720008,Telekom Austria,TA1,,Major Telecommunications,,B,EUR,194,XET,XETR,Xetra,False,D15,,telekom-austria-ag,TELEKOM AUSTRIA AG,Telekom Austria AG,,8.0,0.0,0.0,53.16,2024-04-25T17:35:42+02:00,Communications,科技,通信,电信运营,Open Market,,1002,Common shares,Bearer share,AT,Austria,180,Holding companies,,Telekom Austria,0.0
IT0003497176,Telecom Italia SpA,TQIR,,Major Telecommunications,Telecommunications Services,D,EUR,194,XET,XETR,Xetra,False,D15,,telecom-italia-rnc,TELECOM ITALIA RNC,TELECOM ITALIA RNC,,0.2314,0.0,0.0,49.12832574,2024-04-25T17:35:54+02:00,Communications,科技,通信,电信运营,Open Market,,1004,Savings shares,Bearer share,IT,Italy,900,Foreign shares,,Telecom Italia SpA,0.0
DE000BAY0017,拜耳,BAYN,拜耳,Pharmaceuticals: Major,Pharmaceuticals,D,EUR,194,XET,XETR,Xetra,False,D15,,bayer-ag,BAYER AG NA O.N.,Bayer AG,,27.41,1.914854062,0.6781148514,269.281322,2024-04-26T15:30:07+02:00,Health Technology,医药,制药,主要制药,Regulated Market,Prime Standard,1002,Common shares,Registered share,DE,Germany,180,Holding companies,"Chemicals, Specialty",Bayer,0.12444559217210599
DE0006599905,默克集团,MRK,默克集团,Pharmaceuticals: Major,Pharmatceuticals,D,EUR,194,XET,XETR,Xetra,False,D15,,merck-kgaa,MERCK KGAA O.N.,Merck KGaA,,150.9,0.5329780146,0.19535209850000002,656.08302,2024-04-26T15:30:04+02:00,Health Technology,医药,制药,主要制药,Regulated Market,Prime Standard,1002,Common shares,Bearer share,DE,Germany,51,Chemistry/pharmacy,Pharmatceuticals,Merck,0.00392611335668548
DE0007165631,赛多利斯,SRT3,赛多利斯,Pharmaceuticals: Major,Biotechnology,D,EUR,194,XET,XETR,Xetra,False,D15,,sartorius-ag-vz,SARTORIUS AG VZO O.N.,Sartorius AG Vz,,288.3,2.1978021978,0.12879334,215.87904,2024-04-26T15:30:04+02:00,Health Technology,医药,制药,主要制药,Regulated Market,Prime Standard,1003,Preffered shares,Bearer share,DE,Germany,61,Electronic engineering,Biotechnology,Sartorius,0.030133042246160084
DE0005664809,Evotec,EVT,,Pharmaceuticals: Major,Biotechnology,D,EUR,194,XET,XETR,Xetra,False,D15,,evotec-ag,EVOTEC SE INH O.N.,EVOTEC SE,,9.245,0.9279475982,0.28814257050000003,16.413573,2024-04-26T15:30:04+02:00,Health Technology,医药,制药,主要制药,Regulated Market,Prime Standard,1002,Common shares,Bearer share,DE,Germany,190,Other german shares,Biotechnology,Evotec,0.028701555639835293
US4781601046,Johnson & Johnson,JNJ,,Pharmaceuticals: Major,,D,EUR,194,XET,XETR,Xetra,False,D15,,johnson-johnson,JOHNSON + JOHNSON DL 1,Johnson & Johnson,,136.82,-0.1313868614,0.0052301356,4268.565088,2024-04-26T15:30:01+02:00,Health Technology,医药,制药,主要制药,Open Market,,1002,Common shares,Registered share,US,USA,51,Chemistry/pharmacy,,Johnson & Johnson,6.490848239692481e-06
DE0007165607,Sartorius,SRT,,Pharmaceuticals: Major,Biotechnology,D,EUR,194,XET,XETR,Xetra,False,D15,,sartorius-ag-st,SARTORIUS AG O.N.,Sartorius AG St,,223.0,1.8264840182,0.002817645,166.9824,2024-04-26T15:17:31+02:00,Health Technology,医药,制药,主要制药,Regulated Market,Prime Standard,1002,Common shares,Bearer share,DE,Germany,61,Electronic engineering,Biotechnology,Sartorius,0.0005183764146809203
DE000A1EWVY8,Formycon,FYB,,Pharmaceuticals: Major,Biotechnology,D,EUR,194,XET,XETR,Xetra,False,D15,,formycon-ag,FORMYCON AG,Formycon AG,,39.65,-0.1259445844,0.0007319945,7.00219,2024-04-26T14:59:53+02:00,Health Technology,医药,制药,主要制药,Open Market,Scale,1002,Common shares,Bearer share,DE,Germany,190,Other german shares,Biotechnology,Formycon,2.546836261065474e-06
US7170811035,Pfizer,PFE,,Pharmaceuticals: Major,,D,EUR,194,XET,XETR,Xetra,False,D15,,pfizer-inc,"PFIZER INC. DL-,05",Pfizer Inc.,,23.6,-1.0274690711,0.013224863100000001,2256.632,2024-04-26T15:30:04+02:00,Health Technology,医药,制药,主要制药,Open Market,,1002,Common shares,Registered share,US,USA,51,Chemistry/pharmacy,,Pfizer,0.0006882357723797101
DE000A2GS5D8,Dermapharm Holding,DMP,,Pharmaceuticals: Major,Pharmaceuticals,D,EUR,194,XET,XETR,Xetra,False,D15,,dermapharm-holdings,DERMAPHARM HLDG INH O.N.,Dermapharm Holding SE,,31.0,-0.1610305959,0.0013428420000000001,16.6904,2024-04-26T15:19:26+02:00,Health Technology,医药,制药,主要制药,Regulated Market,Prime Standard,1002,Common shares,Bearer share,DE,Germany,51,Chemistry/pharmacy,Pharmaceuticals,Dermapharm Holding,5.923078255462377e-06
GB00BN7SWP63,GSK,GS71,,Pharmaceuticals: Major,,D,EUR,194,XET,XETR,Xetra,False,D15,,gsk-plc-ls-3125,"GSK PLC LS-,3125",,,19.11,-0.4946628483,0.0009024278999999999,971.53294602,2024-04-26T14:45:57+02:00,Health Technology,医药,制药,主要制药,Open Market,,1002,Common shares,Registered share,GB,Great Britain,900,Foreign shares,,GSK,1.5134915671858494e-05
US5324571083,Eli Lilly and Co,LLY,,Pharmaceuticals: Major,,D,EUR,194,XET,XETR,Xetra,False,D15,,eli-lilly-and-company,ELI LILLY,Eli Lilly and Company,,674.4,-0.1776198935,0.009005065999999999,6405.31632,2024-04-26T15:30:07+02:00,Health Technology,医药,制药,主要制药,Open Market,,1002,Common shares,Registered share,US,USA,51,Chemistry/pharmacy,,Eli Lilly and Co,1.8947549346162255e-05
GB0009895292,AstraZeneca,ZEG,,Pharmaceuticals: Major,,D,EUR,194,XET,XETR,Xetra,False,D15,,astrazeneca-plc,"ASTRAZENECA PLC DL-,25",Astrazeneca PLC,,140.1,-0.7438894793,0.030768398,2171.77416,2024-04-26T15:27:40+02:00,Health Technology,医药,制药,主要制药,Open Market,,1002,Common shares,Registered share,GB,Great Britain,51,Chemistry/pharmacy,,AstraZeneca,0.0009425313885570266
NL0015436031,CureVac,5CV,,Pharmaceuticals: Major,,D,EUR,194,XET,XETR,Xetra,False,D15,,curevac,CUREVAC N.V. O.N.,CureVac,,2.186,3.6018957345,0.0016750310999999998,4.681319,2024-04-26T15:30:01+02:00,Health Technology,医药,制药,主要制药,Open Market,,1002,Common shares,Registered share,NL,Netherlands ,51,Chemistry/pharmacy,,CureVac,0.0018882743986564777
US58933Y1055,Merck ,6MK,,Pharmaceuticals: Major,,D,EUR,194,XET,XETR,Xetra,False,D15,,merck-co-inc,"MERCK CO. DL-,01",Merck & Co. Inc.,,121.6,0.8291873963,7.9114e-05,4349.7536,2024-04-26T12:28:33+02:00,Health Technology,医药,制药,主要制药,Open Market,,1002,Common shares,Registered share,US,USA,51,Chemistry/pharmacy,,Merck ,2.690800234747144e-06
FR0000120578,Sanofi SA,SNW,,Pharmaceuticals: Major,Pharmaceuticals,D,EUR,194,XET,XETR,Xetra,False,D15,,sanofi-aventis-s-a,SANOFI SA INHABER EO 2,Sanofi-Aventis S.A.,,91.11,-0.8596300327,0.0013422535999999998,1148.751324,2024-04-26T15:27:17+02:00,Health Technology,医药,制药,主要制药,Open Market,,1002,Common shares,Bearer share,FR,France,51,Chemistry/pharmacy,,Sanofi SA,5.648424376493786e-05
US1101221083,Bristol-Myers Squibb Co,BRM,,Pharmaceuticals: Major,,D,EUR,194,XET,XETR,Xetra,False,D15,,bristol-myers-squibb-co,BRISTOL-MYERS SQUIBBDL-10,Bristol-Myers Squibb Co.,,41.67,-0.8919015341,0.0015716382999999999,1218.0141,2024-04-26T15:10:08+02:00,Health Technology,医药,制药,主要制药,Open Market,,1002,Common shares,Registered share,US,USA,51,Chemistry/pharmacy,,Bristol-Myers Squibb Co,6.978748828617594e-05
IT0004147952,Newron Pharmaceuticals SpA,NP5,,Pharmaceuticals: Major,,D,EUR,194,XET,XETR,Xetra,False,D15,,newron-pharmaceut-eo-20,"NEWRON PHARMACEUT. EO-,20","NEWRON PHARMACEUT. EO-,20",,7.34,6.3768115942,0.000562258,1.31019,2024-04-26T15:10:10+02:00,Health Technology,医药,制药,主要制药,Open Market,,1002,Common shares,Registered share,IT,Italy,51,Chemistry/pharmacy,,Newron Pharmaceuticals SpA,0.0021029114841837476
US9314271084,Walgreens Boots Alliance,W8A,,Pharmaceuticals: Major,,D,EUR,194,XET,XETR,Xetra,False,D15,,walgreens-boots-alliance-inc,"WALGREENS BOOTS AL.DL-,01",Walgreens Boots Alliance Inc.,,16.386,-0.690909091,0.0006343967,192.1274886,2024-04-26T15:25:00+02:00,Health Technology,医药,制药,主要制药,Open Market,,1002,Common shares,Registered share,US,USA,180,Holding companies,,Walgreens Boots Alliance,2.378513486600368e-05
US92532F1003,Vertex Pharmaceuticals,VX1,,Pharmaceuticals: Major,,D,EUR,194,XET,XETR,Xetra,False,D15,,vertex-pharmaceuticals-inc,"VERTEX PHARMAC. DL-,01",Vertex Pharmaceuticals Inc.,,366.9,-0.3395355155,0.0001249225,945.5013,2024-04-26T15:06:28+02:00,Health Technology,医药,制药,主要制药,Open Market,,1002,Common shares,Registered share,US,USA,51,Chemistry/pharmacy,,Vertex Pharmaceuticals,1.078086498854287e-06
DE0006046113,Biofrontera,B8F,,Pharmaceuticals: Major,Biotechnology,D,EUR,194,XET,XETR,Xetra,False,D15,,biofrontera-ag,BIOFRONTERA AG NA O.N.,Biofrontera AG,,0.328,0.0,0.0,0.2092968,2024-04-25T17:36:23+02:00,Health Technology,医药,制药,主要制药,Regulated Market,Prime Standard,1002,Common shares,Registered share,DE,Germany,51,Chemistry/pharmacy,Biotechnology,Biofrontera,0.0
DE000A3CMGM5,APONTIS PHARMA,APPH,,Pharmaceuticals: Major,Pharmaceuticals,D,EUR,194,XET,XETR,Xetra,False,D15,,apontis-pharma-ag,APONTIS PHARM. AG INH ON,APONTIS PHARMA AG,,8.28,-0.4807692308,0.00016176559999999998,0.7038,2024-04-26T13:17:38+02:00,Health Technology,医药,制药,主要制药,Open Market,Scale,1002,Common shares,Bearer share,DE,Germany,51,Chemistry/pharmacy,Pharmaceuticals,APONTIS PHARMA,1.3268790933656454e-05
DE000A0KFRJ1,CytoTools,T5O,,Pharmaceuticals: Major,Biotechnology,D,EUR,194,XET,XETR,Xetra,False,D15,,bioxxmed-ag,BIOXXMED AG INH O.N.,bioXXmed AG,,0.458,-2.1367521368,5.1237e-06,0.0235412,2024-04-26T15:26:08+02:00,Health Technology,医药,制药,主要制药,Open Market,Basic Board,1002,Common shares,Bearer share,DE,Germany,190,Other german shares,Biotechnology,CytoTools,7.162639755443496e-06
DE000BASF111,巴斯夫,BAS,巴斯夫,Chemicals: Major Diversified,"Chemicals, Specialty",A,EUR,194,XET,XETR,Xetra,False,CX,D15,basf-se,BASF SE NA O.N.,BASF SE,,48.435,-5.0107864288,1.6313522762000001,432.292062,2024-04-26T15:30:04+02:00,Process Industries,制造业,化工,化学原料,Regulated Market,Prime Standard,1002,Common shares,Registered share,DE,Germany,51,Chemistry/pharmacy,"Chemicals, Specialty",BASF,1.1359982513524938
DE000WCH8881,瓦克尔化学,WCH,瓦克尔化学,Chemicals: Major Diversified,"Chemicals, Specialty",C,EUR,194,XET,XETR,Xetra,False,CX,D15,wacker-chemie-ag,WACKER CHEMIE O.N.,Wacker Chemie AG,,101.75,-0.0981836034,0.09335068349999999,53.062625,2024-04-26T15:29:29+02:00,Process Industries,制造业,化工,化学原料,Regulated Market,Prime Standard,1002,Common shares,Bearer share,DE,Germany,51,Chemistry/pharmacy,"Chemicals, Specialty",Wacker Chemie,0.00012435652940762988
DE000EVNK013,Evonik Industries,EVK,,Chemicals: Major Diversified,"Chemicals, Specialty",B,EUR,194,XET,XETR,Xetra,True,CX,D15,evonik-industries-ag,EVONIK INDUSTRIES NA O.N.,Evonik Industries AG,,18.94,-0.3157894737,0.044421650800000004,88.2604,2024-04-26T15:29:35+02:00,Process Industries,制造业,化工,化学原料,Regulated Market,Prime Standard,1002,Common shares,Registered share,DE,Germany,180,Holding companies,"Chemicals, Specialty",Evonik Industries,0.0004808940234656919
DE0005470405,LANXESS,LXS,,Chemicals: Major Diversified,"Chemicals, Specialty",C,EUR,194,XET,XETR,Xetra,True,CX,D15,lanxess-ag,LANXESS AG,LANXESS AG,,25.69,-0.2717391305,0.026333437999999997,22.183315,2024-04-26T15:29:32+02:00,Process Industries,制造业,化工,化学原料,Regulated Market,Prime Standard,1002,Common shares,Bearer share,DE,Germany,51,Chemistry/pharmacy,"Chemicals, Specialty",LANXESS,0.00028739085929086876
DE000A2YNT30,AlzChem Group,ACT,,Chemicals: Major Diversified,"Chemicals, Specialty",B,EUR,194,XET,XETR,Xetra,False,CX,D15,alzchem-group-ag,ALZCHEM GROUP AG INH O.N.,Alzchem Group AG,,45.8,2.0044543429,0.002110185,4.66244,2024-04-26T15:29:58+02:00,Process Industries,制造业,化工,化学原料,Regulated Market,Prime Standard,1002,Common shares,Bearer share,DE,Germany,190,Other german shares,"Chemicals, Specialty",AlzChem Group,0.0010022568535890575
US26614N1028,Dupont De Nemours,6D81,,Chemicals: Major Diversified,,C,EUR,194,XET,XETR,Xetra,False,CX,D15,dupont-de-nemours-inc-on,DUPONT DE NEMOURS INC. ON,DuPont de Nemours Inc. ,,68.08,-0.1905878904,5.03984e-05,292.818888,2024-04-26T13:30:30+02:00,Process Industries,制造业,化工,化学原料,Open Market,,1002,Common shares,Registered share,US,USA,130,Construction/ construction materials,,Dupont De Nemours,1.7682805079549663e-07
DE0005785604,费森尤斯,FRE,费森尤斯,Medical Specialties,Health Care,D,EUR,194,XET,XETR,Xetra,False,D15,,fresenius-se-co-kgaa,FRESENIUS SE+CO.KGAA O.N.,Fresenius SE & Co. KGaA,,27.18,0.0,0.08333075179999999,153.088632,2024-04-26T15:30:06+02:00,Health Technology,医药,医疗,医疗器械,Regulated Market,Prime Standard,1002,Common shares,Bearer share,DE,Germany,51,Chemistry/pharmacy,Health Care,Fresenius,0.0
DE0005313704,Carl Zeiss Meditec,AFX,,Medical Specialties,Medical Technology,D,EUR,194,XET,XETR,Xetra,False,D15,,carl-zeiss-meditec-ag,CARL ZEISS MEDITEC AG,Carl Zeiss Meditec AG,,99.65,0.6565656565,0.0281581135,89.12696,2024-04-26T15:28:25+02:00,Health Technology,医药,医疗,医疗器械,Regulated Market,Prime Standard,1002,Common shares,Bearer share,DE,Germany,190,Other german shares,Medical Technology,Carl Zeiss Meditec,0.0011023095455413195
DE000STRA555,Stratec,SBS,,Medical Specialties,Medical Technology,C,EUR,194,XET,XETR,Xetra,False,D15,,stratec-se,STRATEC SE NA O.N.,STRATEC SE,,42.2,5.105853051,0.0049120365000000004,5.13152,2024-04-26T15:00:17+02:00,Health Technology,医药,医疗,医疗器械,Regulated Market,Prime Standard,1002,Common shares,Registered share,DE,Germany,190,Other german shares,Medical Technology,Stratec,0.008825615429739014
DE0005772206,Fielmann,FIE,,Medical Specialties,"Retail, Specialty",C,EUR,194,XET,XETR,Xetra,False,CX,D15,fielmann-ag,FIELMANN GROUP AG O.N.,Fielmann Group AG,Fielmann Group AG,43.0,1.5348288075,0.003197288,36.12,2024-04-26T15:11:33+02:00,Health Technology,医药,医疗,医疗器械,Regulated Market,Prime Standard,1002,Common shares,Bearer share,DE,Germany,150,Consumer goods/food/breweries/paper,"Retail, Specialty",Fielmann,0.0005964009878979335
DE0005659700,Eckert & Ziegler Strahlen und Medizintechnik,EUZ,,Medical Specialties,Medical Technology,C,EUR,194,XET,XETR,Xetra,False,CX,D15,eckert-ziegler-se,ECKERT+ZIEGLER INH O.N.,Eckert & Ziegler SE,Eckert & Ziegler SE,36.44,1.1098779134,0.0048796574,7.714348,2024-04-26T15:28:16+02:00,Health Technology,医药,医疗,医疗器械,Regulated Market,Prime Standard,1002,Common shares,Bearer share,DE,Germany,190,Other german shares,Medical Technology,Eckert & Ziegler Strahlen und Medizintechnik,0.0007930575091029038
DE0005550636,Draegerwerk,DRW3,,Medical Specialties,Medical Technology,D,EUR,194,XET,XETR,Xetra,False,D15,,draegerwerk-ag-co-kgaa-vz,DRAEGERWERK VZO O.N.,Drägerwerk AG & Co. KGaA Vz,,48.5,-1.1213047911,0.002567905,9.0986,2024-04-26T15:27:05+02:00,Health Technology,医药,医疗,医疗器械,Regulated Market,Prime Standard,1003,Preffered shares,Bearer share,DE,Germany,91,Automotive and mechanical engineering,Medical Technology,Draegerwerk,0.00040541607212502554
DE0005550602,Draegerwerk ,DRW8,,Medical Specialties,Medical Technology,C,EUR,194,XET,XETR,Xetra,False,D15,,draegerwerk-ag-co-kgaa-st,DRAEGERWERK ST.A.O.N.,Drägerwerk AG & Co. KGaA St,,43.1,-1.3729977117,0.000125353,8.08556,2024-04-26T11:29:16+02:00,Health Technology,医药,医疗,医疗器械,Regulated Market,Prime Standard,1002,Common shares,Bearer share,DE,Germany,91,Automotive and mechanical engineering,Medical Technology,Draegerwerk ,2.8244129006743916e-05
IE00BTN1Y115,Medtronic,2M6,,Medical Specialties,,C,EUR,194,XET,XETR,Xetra,False,CX,D15,medtronic-inc,"MEDTRONIC PLC DL-,0001",Medtronic Inc.,,74.25,0.6370290051,0.0001602118,988.126425,2024-04-26T15:23:33+02:00,Health Technology,医药,医疗,医疗器械,Open Market,,1002,Common shares,Registered share,IE,Ireland,900,Foreign shares,,Medtronic,4.149940228006505e-06
NL0000009538,Koninklijke Philips,PHI1,,Medical Specialties,Medical Equipment,D,EUR,194,XET,XETR,Xetra,False,D15,,philips-electronics-n-v,"KONINKL. PHILIPS EO -,20",Philips Electronics N.V.,,19.575,2.0062532569,0.0008624902,178.82154,2024-04-26T15:07:44+02:00,Health Technology,医药,医疗,医疗器械,Open Market,,1002,Common shares,Bearer share,NL,Netherlands ,61,Electronic engineering,,Koninklijke Philips,0.00018111383266494546
US2358511028,Danaher Corp,DAP,,Medical Specialties,,C,EUR,194,XET,XETR,Xetra,False,D15,,danaher-corp,"DANAHER CORP. DL-,01",Danaher Corp.,,227.8,-0.9565217392,0.000610155,2005.779,2024-04-26T15:08:36+02:00,Health Technology,医药,医疗,医疗器械,Open Market,,1002,Common shares,Registered share,US,USA,900,Foreign shares,,Danaher Corp,2.863713808799181e-05
DK0060448595,Coloplast A/S,CBHD,,Medical Specialties,,D,EUR,194,XET,XETR,Xetra,False,D15,,coloplast-as-b,COLOPLAST NAM. B DK 1,Coloplast AS B,,115.6,-6.5103113628,8.910899999999999e-05,263.568,2024-04-26T15:15:13+02:00,Health Technology,医药,医疗,医疗器械,Open Market,,1002,Common shares,Registered share,DK,Denmark,51,Chemistry/pharmacy,,Coloplast A/S,9.576462449145715e-05
US0028241000,Abbott Laboratories,ABL,,Medical Specialties,,D,EUR,194,XET,XETR,Xetra,False,D15,,abbott-laboratories,ABBOTT LABS,Abbott Laboratories,,100.14,0.6735699205,0.0007342377999999999,1990.663032,2024-04-26T13:30:00+02:00,Health Technology,医药,医疗,医疗器械,Open Market,,1002,Common shares,Registered share,US,USA,51,Chemistry/pharmacy,,Abbott Laboratories,1.9210480513630642e-05
DE0005495626,Geratherm Medical,GME,,Medical Specialties,Medical Technology,D,EUR,194,XET,XETR,Xetra,False,D15,,geratherm-medical-ag,GERATHERM O.N.,Geratherm Medical AG,,4.08,0.0,0.0,0.221952,2024-04-25T17:36:02+02:00,Health Technology,医药,医疗,医疗器械,Open Market,Scale,1002,Common shares,Bearer share,DE,Germany,190,Other german shares,Medical Technology,Geratherm Medical,0.0
DE0005552004,德国邮政,DHL,德国邮政,Air Freight/Couriers,Logistics,A,EUR,194,XET,XETR,Xetra,True,CX,D15,deutsche-post-ag,DEUTSCHE POST AG NA O.N.,Deutsche Post AG,,38.67,1.7631578947,0.3269413973,479.144502,2024-04-26T15:30:00+02:00,Transportation,制造业,运输,物流,Regulated Market,Prime Standard,1002,Common shares,Registered share,DE,Germany,190,Other german shares,Logistics,Deutsche Post,0.04863377788460053
AT0000APOST4,Oesterreichische Post,O3P,,Air Freight/Couriers,,A,EUR,194,XET,XETR,Xetra,True,CX,D15,oesterreich-post-ag,OESTERREICH. POST AG,OESTERREICH. POST AG,,32.15,0.0,0.0,21.717325,2024-04-25T17:35:57+02:00,Transportation,制造业,运输,物流,Open Market,,1002,Common shares,Bearer share,AT,Austria,900,Foreign shares,,Oesterreichische Post,0.0
DE0008430026,慕尼黑再保险,MUV2,慕尼黑再保险,Life/Health Insurance,Re-Insurance,C,EUR,194,XET,XETR,Xetra,False,CX,D15,muenchener-rueck-ag,MUENCH.RUECKVERS.VNA O.N.,Münchener Rück AG,,410.5,-3.0009451796,0.7847910240000001,560.20935,2024-04-26T15:28:22+02:00,Finance,金融,保险,人寿/健康保险,Regulated Market,Prime Standard,1002,Common shares,Registered share,DE,Germany,81,Bank/insurance,Re-Insurance,Muenchener Rueckversicherungs Gesellschaft in Muenchen,0.25360750982689595
DE0008402215,汉诺威再保险,HNR1,汉诺威再保险,Life/Health Insurance,Re-Insurance,B,EUR,194,XET,XETR,Xetra,False,CX,D15,hannover-rueck-se,HANNOVER RUECK SE NA O.N.,Hannover Rück SE,,228.7,0.4391743522,0.08059029200000001,275.8122,2024-04-26T15:28:16+02:00,Finance,金融,保险,人寿/健康保险,Regulated Market,Prime Standard,1002,Common shares,Registered share,DE,Germany,81,Bank/insurance,Re-Insurance,Hannover Rueck,0.0013048500045760465
DE000TLX1005,Talanx,TLX,Talanx,Life/Health Insurance,Re-Insurance,C,EUR,194,XET,XETR,Xetra,False,D15,,talanx-aktiengesellschaft,TALANX AG NA O.N.,Talanx Aktiengesellschaft,,71.0,1.7921146953,0.0443954705,183.3433,2024-04-26T15:28:18+02:00,Finance,金融,保险,人寿/健康保险,Regulated Market,Prime Standard,1002,Common shares,Registered share,DE,Germany,81,Bank/insurance,Re-Insurance,Talanx,0.007814272900088999
DE0008435967,NUeRNBERGER Beteiligungs,NBG6,,Life/Health Insurance,Insurance,C,EUR,194,XET,XETR,Xetra,False,D15,,nuernberger-beteiligungs-ag,NUERNBERGER BET.AG VNA,Nürnberger Beteiligungs-AG,,66.0,0.0,0.0,7.6032,2024-04-25T17:36:07+02:00,Finance,金融,保险,人寿/健康保险,Open Market,Scale,1002,Common shares,Registered share,DE,Germany,180,Holding companies,Insurance,NUeRNBERGER Beteiligungs,0.0
DE000A1EWWW0,阿迪达斯,ADS,阿迪达斯,Apparel/Footwear,Footwear,A,EUR,194,XET,XETR,Xetra,True,CX,D15,adidas-ag,ADIDAS AG NA O.N.,adidas AG,,227.4,0.441696113,0.27217546600000003,409.32,2024-04-26T15:29:26+02:00,Consumer Non-Durables,消费,日常消费,服装鞋类,Regulated Market,Prime Standard,1002,Common shares,Registered share,DE,Germany,150,Consumer goods/food/breweries/paper,Clothing & Footwear,Adidas,0.004201881811040303
DE0006969603,Puma,PUM,,Apparel/Footwear,Footwear,B,EUR,194,XET,XETR,Xetra,False,CX,D15,puma-se,PUMA SE,PUMA SE,,42.79,1.6389548693,0.0744059824,64.535878,2024-04-26T15:30:00+02:00,Consumer Non-Durables,消费,日常消费,服装鞋类,Regulated Market,Prime Standard,1002,Common shares,Bearer share,DE,Germany,150,Consumer goods/food/breweries/paper,Clothing & Footwear,Puma,0.01368591474949622
DE000A1PHFF7,Hugo Boss,BOSS,,Apparel/Footwear,Clothing & Footwear,A,EUR,194,XET,XETR,Xetra,True,CX,D15,hugo-boss-ag,HUGO BOSS AG NA O.N.,Hugo Boss AG,,51.1,1.1881188118,0.0458497322,35.9744,2024-04-26T15:28:59+02:00,Consumer Non-Durables,消费,日常消费,服装鞋类,Regulated Market,Prime Standard,1002,Common shares,Registered share,DE,Germany,150,Consumer goods/food/breweries/paper,Clothing & Footwear,Hugo Boss,0.005708256987709767
FR0000121014,LVMH Moet Hennessy Louis Vuitton,MOH,,Apparel/Footwear,Clothing and Accessories,C,EUR,194,XET,XETR,Xetra,False,D15,,lvmh-s-a,"LVMH EO 0,3",LVMH S.A.,,787.6,1.013210209,0.0057626430000000005,3954.1458,2024-04-26T15:28:23+02:00,Consumer Non-Durables,消费,日常消费,服装鞋类,Open Market,,1002,Common shares,Bearer share,FR,France,150,Consumer goods/food/breweries/paper,,LVMH Moet Hennessy Louis Vuitton,0.00027543836147799313
US6541061031,Nike,NKE,,Apparel/Footwear,,C,EUR,194,XET,XETR,Xetra,False,CX,D15,nike-inc,NIKE INC. B,Nike Inc.,,88.3,1.3311911865,0.0011854110000000001,1350.96351,2024-04-26T15:29:59+02:00,Consumer Non-Durables,消费,日常消费,服装鞋类,Open Market,,1002,Common shares,Registered share,US,USA,150,Consumer goods/food/breweries/paper,,Nike,9.934933445278104e-05
DE0005580005,Dierig Holding,DIE,,Apparel/Footwear,Clothing & Footwear,D,EUR,194,XET,XETR,Xetra,False,D15,,dierig-holding-ag,DIERIG HOLDING AG O.N.,Dierig Holding AG,,9.9,0.0,0.0,0.4158,2024-04-25T17:36:04+02:00,Consumer Non-Durables,消费,日常消费,服装鞋类,Regulated Market,General Standard,1002,Common shares,Bearer share,DE,Germany,180,Holding companies,Clothing & Footwear,Dierig Holding,0.0
DE0005489561,United Labels,ULC,,Apparel/Footwear,"Retail, Specialty",A,EUR,194,XET,XETR,Xetra,True,CX,D15,united-labels-ag,UNITED LABELS O.N.,United Labels AG,,2.5,0.0,0.0,0.17325,2024-04-25T17:36:13+02:00,Consumer Non-Durables,消费,日常消费,服装鞋类,Regulated Market,Prime Standard,1002,Common shares,Bearer share,DE,Germany,190,Other german shares,"Retail, Specialty",United Labels,0.0
DE000CBK1001,德国商业银行,CBK,德国商业银行,Regional Banks,Credit Banks,D,EUR,194,XET,XETR,Xetra,False,D15,,commerzbank-ag,COMMERZBANK AG,Commerzbank AG,,14.26,1.4585556741,0.3629618985,176.855372,2024-04-26T15:28:21+02:00,Finance,金融,银行,地区银行,Regulated Market,Prime Standard,1002,Common shares,Bearer share,DE,Germany,81,Bank/insurance,Credit Banks,Commerzbank,0.046665364755915116
DE0006223407,ProCredit Holding ,PCZ,,Regional Banks,Credit Banks,D,EUR,194,XET,XETR,Xetra,False,D15,,procredit-holding-ag,PROCREDIT HLDG AG NA EO 5,ProCredit Holding AG,ProCredit Holding AG,9.3,2.8761061946,0.0024066674,5.4777,2024-04-26T14:29:50+02:00,Finance,金融,银行,地区银行,Regulated Market,Prime Standard,1002,Common shares,Registered share,DE,Germany,180,Holding companies,Credit Banks,ProCredit Holding ,0.001867618078204938
DE0005570808,Umweltbank,UBK,,Regional Banks,,D,EUR,194,XET,XETR,Xetra,False,D15,,umweltbank-ag-o-n,UMWELTBANK AG O.N.,,,6.46,0.6230529595,0.0001391838,2.329476,2024-04-26T13:37:50+02:00,Finance,金融,银行,地区银行,Open Market,,1002,Common shares,Bearer share,DE,Germany,81,Bank/insurance,,Umweltbank,1.2443694257880735e-05
DE0008148206,Merkur Bank,MBK,,Regional Banks,,D,EUR,194,XET,XETR,Xetra,False,D15,,merkur-privatbank-kgaa,MERKUR PRIV.BK INH O.N.,MERKUR PRIVATBANK KGaA ,,14.9,0.0,0.0,1.15922,2024-04-25T17:36:14+02:00,Finance,金融,银行,地区银行,Open Market,,1002,Common shares,Bearer share,DE,Germany,81,Bank/insurance,,Merkur Bank,0.0
DE000A161408,HelloFresh,HFG,HelloFresh,Internet Retail,"Retail, Internet",D,EUR,194,XET,XETR,Xetra,False,D15,,hellofresh-se,HELLOFRESH SE INH O.N.,HelloFresh SE,,6.776,-3.1723349529,0.1818158241,11.7353544,2024-04-26T15:30:04+02:00,Retail Trade,科技,IT技术,网络零售,Regulated Market,Prime Standard,1002,Common shares,Bearer share,DE,Germany,171,Trade,"Retail, Internet",Hellofresh,0.13175101209101295
DE000ZAL1111,Zalando,ZAL,Zalando,Internet Retail,"Retail,Internet",C,EUR,194,XET,XETR,Xetra,False,D15,,zalando-se,ZALANDO SE,Zalando SE,,25.2,0.8807045636,0.07924582200000001,66.47508,2024-04-26T15:30:04+02:00,Retail Trade,科技,IT技术,网络零售,Regulated Market,Prime Standard,1002,Common shares,Bearer share,DE,Germany,174,Internet Service Provider,"Retail,Internet",Zalando,0.005359783989127086
US0231351067,Amazon,AMZ,,Internet Retail,,C,EUR,194,XET,XETR,Xetra,False,CX,D15,amazon-com-inc,"AMAZON.COM INC. DL-,01",Amazon.com Inc.,,166.06,3.8134533633,0.0713959316,18097.2188,2024-04-26T15:29:44+02:00,Retail Trade,科技,IT技术,网络零售,Open Market,,1002,Common shares,Registered share,US,USA,174,Internet Service Provider,,Amazon,0.022129242521405933
NL0012044747,Shop Apotheke Europe,SAE,,Internet Retail,"Retail, Internet",D,EUR,194,XET,XETR,Xetra,False,D15,,shop-apotheke-europe,REDCARE PHARMACY INH.,Redcare Pharmacy N.V.,Redcare Pharmacy N.V.,130.0,0.0,0.051591538,26.26,2024-04-26T15:28:09+02:00,Retail Trade,科技,IT技术,网络零售,Regulated Market,Prime Standard,1002,Common shares,Bearer share,NL,Netherlands ,51,Chemistry/pharmacy,"Retail, Internet",Shop Apotheke Europe,0.0
US01609W1027,阿里巴巴,AHLA,阿里巴巴,Internet Retail,,A,EUR,194,XET,XETR,Xetra,False,D15,,alibaba-group-adr,ALIBABA GR.HLDG SP.ADR 8,Alibaba Group (ADR),,71.2,2.1520803443,0.021953967,14614.52624,2024-04-26T15:29:54+02:00,Retail Trade,科技,IT技术,网络零售,Open Market,,1002,Common shares,Registered share,KY,Cayman Islands,171,Trade,,Alibaba Group Holding Ltd,0.002997698957693256
DE000A3CSAE2,Mister Spex,MRX,,Internet Retail,"Retail, Internet",D,EUR,194,XET,XETR,Xetra,False,D15,,mister-spex-se,MISTER SPEX SE INH O.N.,Mister Spex SE,,3.04,5.5555555555,0.0010408495,1.06552,2024-04-26T15:22:03+02:00,Retail Trade,科技,IT技术,网络零售,Regulated Market,Prime Standard,1002,Common shares,Bearer share,DE,Germany,171,Trade,"Retail, Internet",Mister Spex,0.0034288085496024627
US2786421030,eBay,EBA,,Internet Retail,,D,EUR,194,XET,XETR,Xetra,False,D15,,ebay-inc,"EBAY INC. DL-,001",eBay Inc.,,48.055,0.8287872429,0.0002735829,248.44435,2024-04-26T10:27:17+02:00,Retail Trade,科技,IT技术,网络零售,Open Market,,1002,Common shares,Registered share,US,USA,171,Trade,,eBay,1.3374782195022106e-05
DE000A3CQ7F4,Bike24 Holding,BIKE,,Internet Retail,"Retail, Internet",B,EUR,194,XET,XETR,Xetra,False,D15,,bike24-holding-ag,BIKE24 HLDG O.N.,Bike24 Holding AG,,1.385,5.3231939163,1.13653e-05,0.6117545,2024-04-26T12:26:32+02:00,Retail Trade,科技,IT技术,网络零售,Regulated Market,Prime Standard,1002,Common shares,Bearer share,DE,Germany,171,Trade,"Retail, Internet",Bike24 Holding,4.121133583571408e-05
DE000A2QEFA1,Fashionette,FSNT,,Internet Retail,"Retail, Internet",C,EUR,194,XET,XETR,Xetra,False,CX,D15,the-platform-group-ag,PLATFORM GRP AG INH O.N.,The Platform Group AG,,7.6,0.2638522427,0.000584521,1.51088,2024-04-26T15:11:55+02:00,Retail Trade,科技,IT技术,网络零售,Open Market,Scale,1002,Common shares,Bearer share,DE,Germany,150,Consumer goods/food/breweries/paper,"Retail, Internet",Fashionette,1.3038895852701001e-05
DE000ENAG999,E.ON,EOAN,,Electric Utilities,Multi-Utilities,B,EUR,194,XET,XETR,Xetra,True,CX,D15,e-on-se,E.ON SE NA O.N.,E.ON SE,,12.485,0.2811244979,0.1570938472,329.768802,2024-04-26T15:28:44+02:00,Utilities,公用事业,电力,电力公司,Regulated Market,Prime Standard,1002,Common shares,Registered share,DE,Germany,70,Service/energy,Multi-Utilities,E.ON,0.0011113496824225713
DE0007037129,RWE,RWE,,Electric Utilities,Multi-Utilities,D,EUR,194,XET,XETR,Xetra,False,D15,,rwe-ag-st,RWE AG INH O.N.,RWE AG St,,32.3,1.2856694888,0.3754601279,240.26032,2024-04-26T15:29:42+02:00,Utilities,公用事业,电力,电力公司,Regulated Market,Prime Standard,1002,Common shares,Bearer share,DE,Germany,180,Holding companies,Multi-Utilities,RWE,0.037688491292398305
DE0005313506,Energiekontor,EKT,,Electric Utilities,Renewable Energies,B,EUR,194,XET,XETR,Xetra,False,CX,D15,energiekontor-ag,ENERGIEKONTOR O.N.,Energiekontor AG,,63.9,1.5898251192,0.0013257310000000001,8.92044,2024-04-26T15:17:02+02:00,Utilities,公用事业,电力,电力公司,Regulated Market,General Standard,1002,Common shares,Bearer share,DE,Germany,70,Service/energy,Renewable Energies,Energiekontor,0.000365875735188214
DE000A11QW68,7C Solarparken,HRPK,,Electric Utilities,Renewable Energies,B,EUR,194,XET,XETR,Xetra,True,CX,D15,7c-solarparken-ag,7C SOLARPARKEN AG O.N.,7C Solarparken AG,,3.16,0.7974481658,0.0003711822,2.623748,2024-04-26T15:01:23+02:00,Utilities,公用事业,电力,电力公司,Regulated Market,General Standard,1002,Common shares,Bearer share,DE,Germany,190,Other german shares,Renewable Energies,7C Solarparken,4.849731059916752e-05
DE000A0HL8N9,2G Energy,2GB,,Electric Utilities,Renewable Energies,C,EUR,194,XET,XETR,Xetra,False,CX,D15,2g-energy-ag,2G ENERGY AG,2G Energy AG,,24.85,1.0162601626,0.0053528865,4.45809,2024-04-26T15:29:24+02:00,Utilities,公用事业,电力,电力公司,Open Market,Scale,1002,Common shares,Bearer share,DE,Germany,190,Other german shares,Renewable Energies,2G Energy,0.0008849095481220564
IT0003128367,Enel SpA,ENL,,Electric Utilities,Conventional Electricity,A,EUR,194,XET,XETR,Xetra,False,CX,D15,enel-s-p-a,ENEL S.P.A. EO 1,Enel S.p.A.,,6.093,0.511382382,0.0006602186000000001,619.4558124,2024-04-26T14:53:31+02:00,Utilities,公用事业,电力,电力公司,Open Market,,1002,Common shares,Registered share,IT,Italy,70,Service/energy,,Enel SpA,1.2443493764323883e-05
DK0060094928,Orsted A/S,D2G,,Electric Utilities,,A,EUR,194,XET,XETR,Xetra,False,CX,D15,orsted-a-s-dk-10,ORSTED A/S DK 10,,,52.38,3.1914893617,0.0005819748,220.195044,2024-04-26T15:10:47+02:00,Utilities,公用事业,电力,电力公司,Open Market,,1002,Common shares,Bearer share,DK,Denmark,900,Foreign shares,,Orsted A/S,0.00023564059702556984
FR0010208488,Engie SA,GZF,,Electric Utilities,Multi-utilities,B,EUR,194,XET,XETR,Xetra,False,CX,D15,engie-s-a,ENGIE S.A. INH. EO 1,ENGIE S.A.,,16.17,0.5909797822,0.0003902553,393.786393,2024-04-26T12:36:22+02:00,Utilities,公用事业,电力,电力公司,Open Market,,1002,Common shares,Bearer share,FR,France,70,Service/energy,,Engie SA,1.0059579785980754e-05
AT0000746409,Verbund,OEWA,,Electric Utilities,,C,EUR,194,XET,XETR,Xetra,False,CX,D15,verbund-ag,VERBUND AG INH. A,VERBUND AG,,70.45,0.0,0.0003183365,244.75739,2024-04-26T14:48:35+02:00,Utilities,公用事业,电力,电力公司,Open Market,,1002,Common shares,Bearer share,AT,Austria,70,Service/energy,,Verbund,0.0
GB00BDR05C01,National Grid,NNGF,,Electric Utilities,,A,EUR,194,XET,XETR,Xetra,False,D15,,national-grid-plc,NATIONAL GRID PLC,,,12.4,0.0,0.0002238,487.36588,2024-04-26T12:47:41+02:00,Utilities,公用事业,电力,电力公司,Open Market,,1002,Common shares,Registered share,GB,Great Britain,900,Foreign shares,,National Grid,0.0
ES0144580Y14,Iberdrola SA,IBE1,,Electric Utilities,,C,EUR,194,XET,XETR,Xetra,False,CX,D15,iberdrola-s-a,"IBERDROLA INH. EO -,75",IBERDROLA S.A,,11.61,2.7433628318,0.0004707426,737.267508,2024-04-26T14:46:20+02:00,Utilities,公用事业,电力,电力公司,Open Market,,1002,Common shares,Bearer share,ES,Spain,70,Service/energy,,Iberdrola SA,0.00012854734106591844
DE000A1EWXA4,clearvise,ABO,,Electric Utilities,,B,EUR,194,XET,XETR,Xetra,False,CX,D15,clearvise-ag-inh-o-n,CLEARVISE AG INH O.N.,,,2.06,0.0,4.326e-05,1.552416,2024-04-26T11:34:13+02:00,Utilities,公用事业,电力,电力公司,Open Market,,1002,Common shares,Bearer share,DE,Germany,190,Other german shares,,clearvise,0.0
DE000A0H52F5,Mvv Energie,MVV1,,Electric Utilities,Multi-Utilities,B,EUR,194,XET,XETR,Xetra,False,CX,D15,mvv-energie-ag,MVV ENERGIE AG NA O.N.,MVV Energie AG,,30.0,-1.9607843138,0.00011079799999999999,19.773,2024-04-26T14:00:53+02:00,Utilities,公用事业,电力,电力公司,Regulated Market,Prime Standard,1002,Common shares,Registered share,DE,Germany,70,Service/energy,Multi-Utilities,Mvv Energie,3.449168249752619e-05
DE0005220008,EnBW Energie Baden Wuerttemberg,EBK,,Electric Utilities,Electricity,J,EUR,194,XET,XETR,Xetra,False,CX,D15,enbw-energie-baden-wuerttemberg-ag,ENBW ENERGIE BAD.-WUE. ON,EnBW Energie Baden-Württemberg AG,,68.0,-2.5787965617,0.000380426,188.088,2024-04-26T14:30:24+02:00,Utilities,公用事业,电力,电力公司,Regulated Market,General Standard,1002,Common shares,Bearer share,DE,Germany,70,Service/energy,Electricity,EnBW Energie Baden Wuerttemberg,0.00011549674001669691
DE000A1DAHH0,步朗德,BNR,步朗德,Wholesale Distributors,Industrial Products & Services,D,EUR,194,XET,XETR,Xetra,False,D15,,brenntag-se,BRENNTAG SE NA O.N.,Brenntag SE,,74.4,-1.6653449644,0.19026507620000002,107.42616,2024-04-26T15:30:06+02:00,Distribution Services,消费,经销商,批发经销商,Regulated Market,Prime Standard,1002,Common shares,Registered share,DE,Germany,180,Holding companies,Industrial Products & Services,Brenntag,0.032697260221506416
DE0005194062,BayWa,BYW6,,Wholesale Distributors,Industrial Products & Services,D,EUR,194,XET,XETR,Xetra,False,D15,,baywa-ag-vna,BAYWA AG VINK.NA. O.N.,BayWa AG vNa,,22.4,0.6741573033,0.0017353195,8.09312,2024-04-26T15:24:15+02:00,Distribution Services,消费,经销商,批发经销商,Regulated Market,Prime Standard,1002,Common shares,Registered share,DE,Germany,180,Holding companies,Industrial Products & Services,BayWa,0.0001218673958667775
DE0007446007,Takkt,TTK,,Wholesale Distributors,"Retail, Catalog",D,EUR,194,XET,XETR,Xetra,False,D15,,takkt-ag,TAKKT AG O.N.,TAKKT AG,,12.84,2.8846153846,0.0015694626000000002,8.424324,2024-04-26T15:01:03+02:00,Distribution Services,消费,经销商,批发经销商,Regulated Market,Prime Standard,1002,Common shares,Bearer share,DE,Germany,171,Trade,"Retail, Catalog",Takkt,0.0010818141714012122
LU2356314745,Novem Group S.A.,NVM,,Wholesale Distributors,Auto Parts & Equipment,D,EUR,194,XET,XETR,Xetra,False,D15,,novem-group-s-a,NOVEM GROUP S.A. EO 1,Novem Group S.A.,,5.96,0.0,1.94892e-05,2.564588,2024-04-26T09:10:33+02:00,Distribution Services,消费,经销商,批发经销商,Regulated Market,Prime Standard,1002,Common shares,Registered share,LU,Luxembourg ,900,Foreign shares,Auto Parts & Equipment,Novem Group S.A.,0.0
DE0005194005,BayWa,BYW,,Wholesale Distributors,Industrial Products & Services,D,EUR,194,XET,XETR,Xetra,False,D15,,baywa-ag,BAYWA AG NA O.N.,BayWa AG ,,32.1,-1.5337423313,2.7285e-05,11.59773,2024-04-26T15:26:58+02:00,Distribution Services,消费,经销商,批发经销商,Regulated Market,Prime Standard,1002,Common shares,Registered share,DE,Germany,180,Holding companies,Industrial Products & Services,BayWa,6.6387365002305085e-06
NL0000235190,空客,AIR,空客,Aerospace & Defense,Aerospace,C,EUR,194,XET,XETR,Xetra,True,CX,D15,airbus-se,AIRBUS SE,Airbus SE,,155.34,-1.9441989648,0.5332978544,1227.900564,2024-04-26T15:30:04+02:00,Electronic Technology,制造业,机械,航空航天与国防,Regulated Market,Prime Standard,1002,Common shares,Bearer share,NL,Netherlands ,91,Automotive and mechanical engineering,Heavy Machinery,Airbus,0.08147078165688872
DE0007030009,莱茵金属,RHM,莱茵金属,Aerospace & Defense,"Industrial, Diversified",A,EUR,194,XET,XETR,Xetra,True,CX,D15,rheinmetall-ag,RHEINMETALL AG,Rheinmetall AG,,513.4,0.0779727095,0.643868412,223.63704,2024-04-26T15:29:27+02:00,Electronic Technology,制造业,机械,航空航天与国防,Regulated Market,Prime Standard,1002,Common shares,Bearer share,DE,Germany,91,Automotive and mechanical engineering,"Industrial, Diversified",Rheinmetall,0.00042737652930372177
DE000A0D9PT0,MTU Aero Engines,MTX,,Aerospace & Defense,Heavy Machinery,A,EUR,194,XET,XETR,Xetra,True,CX,D15,mtu-aero-engines-ag,MTU AERO ENGINES NA O.N.,MTU Aero Engines AG,,221.1,0.4543389368,0.104805821,118.99602,2024-04-26T15:29:25+02:00,Electronic Technology,制造业,机械,航空航天与国防,Regulated Market,Prime Standard,1002,Common shares,Registered share,DE,Germany,190,Other german shares,Heavy Machinery,MTU Aero Engines,0.0020617454852805295
US0970231058,Boeing Co,BCO,,Aerospace & Defense,Aerospace,B,EUR,194,XET,XETR,Xetra,True,CX,D15,boeing-co,BOEING CO. DL 5,Boeing Co.,,155.06,2.7023446814,0.011265889199999999,1569.610356,2024-04-26T15:30:01+02:00,Electronic Technology,制造业,机械,航空航天与国防,Open Market,,1002,Common shares,Registered share,US,USA,170,Traffic,,Boeing Co,0.0027371122663319585
US75513E1010,Raytheon Technologies Corp,5UR,,Aerospace & Defense,,B,EUR,194,XET,XETR,Xetra,True,CX,D15,raytheon-technologies,"RTX CORP. -,01",Raytheon Technologies,,94.74,0.0,0.0006276136,1622.630928,2024-04-26T13:33:35+02:00,Electronic Technology,制造业,机械,航空航天与国防,Open Market,,1002,Common shares,Registered share,US,USA,900,Foreign shares,,Raytheon Technologies Corp,0.0
DE0006062144,Covestro,1COV,,Chemicals: Specialty,"Chemicals, Specialty",C,EUR,194,XET,XETR,Xetra,True,CX,D15,covestro-ag,COVESTRO AG O.N.,Covestro AG,,47.3,-0.9631490788,0.0728205794,89.397,2024-04-26T15:30:03+02:00,Process Industries,制造业,化工,特殊化学品,Regulated Market,Prime Standard,1002,Common shares,Bearer share,DE,Germany,190,Other german shares,"Chemicals, Specialty",Covestro,0.005403536226147556
DE000KSAG888,K&S,SDF,,Chemicals: Specialty,Fertilizers,B,EUR,194,XET,XETR,Xetra,False,CX,D15,k-s-aktiengesellschaft,K+S AG NA O.N.,K+S Aktiengesellschaft,,13.54,-1.131799927,0.0446701917,24.25014,2024-04-26T15:30:01+02:00,Process Industries,制造业,化工,特殊化学品,Regulated Market,Prime Standard,1002,Common shares,Registered share,DE,Germany,120,"Potash, oil, natural gas, carbon","Chemicals, Commodity",K&S,0.005607702093976961
DE000SYM9999,德之馨,SY1,德之馨,Chemicals: Specialty,"Chemicals, Specialty",A,EUR,194,XET,XETR,Xetra,False,D15,,symrise-ag,SYMRISE AG INH. O.N.,Symrise AG,,99.98,0.0600480384,0.1317177269,139.742046,2024-04-26T15:30:06+02:00,Process Industries,制造业,化工,特殊化学品,Regulated Market,Prime Standard,1002,Common shares,Bearer share,DE,Germany,180,Holding companies,"Chemicals, Specialty",Symrise,5.67192257958265e-05
IE000S9YS762,Linde,LIN,,Chemicals: Specialty,,A,EUR,194,XET,XETR,Xetra,False,CX,D15,linde-plc-eo-001,"LINDE PLC EO -,001",,,410.8,-0.5808325267,0.035263688,2267.65708,2024-04-26T15:29:59+02:00,Process Industries,制造业,化工,特殊化学品,Open Market,,1002,Common shares,Registered share,IE,Ireland,900,Foreign shares,,Linde,0.0007055204786203916
DE000A0JL9W6,Verbio Vereinigte Bioenergie,VBK,,Chemicals: Specialty,Renewable Energies,A,EUR,194,XET,XETR,Xetra,True,CX,D15,verbio-se,VERBIO SE INH O.N.,Verbio SE,Verbio SE,20.0,4.7668936616,0.008332779399999999,12.704,2024-04-26T15:30:04+02:00,Process Industries,制造业,化工,特殊化学品,Regulated Market,Prime Standard,1002,Common shares,Bearer share,DE,Germany,70,Service/energy,Renewable Energies,Verbio Vereinigte Bioenergie,0.010577457435771312
DE000A3E5D64,FUCHS PETROLUB,FPE1,,Chemicals: Specialty,"Chemicals, Specialty",D,EUR,194,XET,XETR,Xetra,False,D15,,fuchs-se-vzo-na-o-n,FUCHS SE VZO NA O.N.,FUCHS SE Vz.,FUCHS SE Vz.,44.12,0.5469462169,0.0050832288,61.3268,2024-04-26T15:28:41+02:00,Process Industries,制造业,化工,特殊化学品,Regulated Market,Prime Standard,1003,Preffered shares,Registered share,DE,Germany,180,Holding companies,"Chemicals, Specialty",FUCHS PETROLUB,0.00015588091607211677
DE000A3E5D56,FUCHS PETROLUB,FPE0,,Chemicals: Specialty,"Chemicals, Specialty",D,EUR,194,XET,XETR,Xetra,False,D15,,fuchs-se-na-st-o-n,FUCHS SE NA ST O.N.,FUCHS SE,FUCHS SE,34.9,0.576368876,0.002475135,48.511,2024-04-26T14:54:10+02:00,Process Industries,制造业,化工,特殊化学品,Regulated Market,Prime Standard,1002,Common shares,Registered share,DE,Germany,180,Holding companies,"Chemicals, Specialty",FUCHS PETROLUB,8.699254564627699e-05
FR0000120073,L'Air Liquide Societe Anonyme pour l'Etude et l'Exploitation des Procedes George,AIL,,Chemicals: Specialty,Specialty Chemicals,B,EUR,194,XET,XETR,Xetra,True,CX,D15,air-liquide-s-a,"AIR LIQUIDE INH. EO 5,50",Air Liquide S.A.,,183.36,-0.032711809,0.0003032738,961.613184,2024-04-26T14:29:25+02:00,Process Industries,制造业,化工,特殊化学品,Open Market,,1002,Common shares,Bearer share,FR,France,51,Chemistry/pharmacy,,L'Air Liquide Societe Anonyme pour l'Etude et l'Exploitation des Procedes George,2.9939073382837936e-08
DE000A2E4T77,H&R GmbH ,2HRA,,Chemicals: Specialty,"Chemicals, Specialty",A,EUR,194,XET,XETR,Xetra,False,CX,D15,h-r-kgaa-inh-o-n,H+R KGAA INH. O.N.,,,4.74,0.2114164904,0.0003277745,1.764228,2024-04-26T14:19:07+02:00,Process Industries,制造业,化工,特殊化学品,Regulated Market,Prime Standard,1002,Common shares,Bearer share,DE,Germany,180,Holding companies,"Chemicals, Specialty",H&R GmbH ,4.624335003330221e-06
DE0006048432,汉高公司 VZ,HEN3,汉高公司 VZ,Household/Personal Care,Personal Products,C,EUR,194,XET,XETR,Xetra,False,CX,D15,henkel-ag-co-kgaa-vz,HENKEL AG+CO.KGAA VZO,Henkel AG & Co. KGaA Vz,,73.16,0.7991182143,0.0872665434,320.411536,2024-04-26T15:30:01+02:00,Consumer Non-Durables,消费,日常消费,个人护理,Regulated Market,Prime Standard,1003,Preffered shares,Bearer share,DE,Germany,51,Chemistry/pharmacy,Personal Products,Henkel  Vz,0.0038645135927934137
DE0005200000,Beiersdorf,BEI,,Household/Personal Care,Personal Products,B,EUR,194,XET,XETR,Xetra,False,D15,,beiersdorf-aktiengesellschaft,BEIERSDORF AG O.N.,Beiersdorf AG,Beiersdorf AG,139.45,0.287666307,0.109892541,347.2305,2024-04-26T15:30:02+02:00,Consumer Non-Durables,消费,日常消费,个人护理,Regulated Market,Prime Standard,1002,Common shares,Bearer share,DE,Germany,51,Chemistry/pharmacy,Personal Products,Beiersdorf,0.0008046735223017158
DE0006048408,汉高公司,HEN,汉高公司,Household/Personal Care,Personal Products,C,EUR,194,XET,XETR,Xetra,False,CX,D15,henkel-ag-co-kgaa-st,HENKEL AG+CO.KGAA ST O.N.,Henkel AG & Co. KGaA St,,66.45,0.7581501137,0.011563713,291.02442,2024-04-26T15:30:05+02:00,Consumer Non-Durables,消费,日常消费,个人护理,Regulated Market,Prime Standard,1002,Common shares,Bearer share,DE,Germany,51,Chemistry/pharmacy,Personal Products,Henkel,0.00047564010604917627
GB00B24CGK77,Reckitt Benckiser Group,3RB,,Household/Personal Care,,C,EUR,194,XET,XETR,Xetra,False,D15,,reckitt-benckiser-group-plc,"RECKITT BENCK.GRP LS -,10",Reckitt Benckiser Group plc,,51.82,0.8956386292,0.0032969856,381.675028,2024-04-26T15:29:29+02:00,Consumer Non-Durables,消费,日常消费,个人护理,Open Market,,1002,Common shares,Registered share,GB,Great Britain,150,Consumer goods/food/breweries/paper,,Reckitt Benckiser Group,0.00017199930322589705
US7427181091,Procter & Gamble Co,PRG,,Household/Personal Care,,D,EUR,194,XET,XETR,Xetra,False,D15,,procter-gamble-corp,PROCTER GAMBLE,Procter & Gamble Corp.,,151.6,0.0131943528,0.001027447,6077.9472,2024-04-26T15:30:00+02:00,Consumer Non-Durables,消费,日常消费,个人护理,Open Market,,1002,Common shares,Registered share,US,USA,150,Consumer goods/food/breweries/paper,,Procter & Gamble Co,1.3589460407969243e-08
GB00B10RZP78,UNILEVER,UNVB,,Household/Personal Care,Personal Products,C,EUR,194,XET,XETR,Xetra,False,CX,D15,unilever-plc,"UNILEVER PLC LS-,031111",Unilever PLC,,47.87,0.4195510803,0.010539055700000001,1204.69642,2024-04-26T15:12:59+02:00,Consumer Non-Durables,消费,日常消费,个人护理,Open Market,,1002,Common shares,Registered share,GB,Great Britain,51,Chemistry/pharmacy,,UNILEVER,0.00012877900866466895
FR0000120321,L'Oreal SA,LOR,,Household/Personal Care,Cosmetics,B,EUR,194,XET,XETR,Xetra,False,CX,D15,l-oreal-s-a,"L OREAL INH. EO 0,2",L'Oréal S.A.,,433.6,-0.3218390805,0.0020243425,2318.58928,2024-04-26T14:55:31+02:00,Consumer Non-Durables,消费,日常消费,个人护理,Open Market,,1002,Common shares,Bearer share,FR,France,51,Chemistry/pharmacy,,L'Oreal SA,1.4235957799500841e-05
US1941621039,Colgate-Palmolive Co,CPA,,Household/Personal Care,,D,EUR,194,XET,XETR,Xetra,False,D15,,colgate-palmolive-co,COLGATE-PALMOLIVE DL 1,Colgate-Palmolive Co.,,85.12,2.2831050228,0.0005178598,1247.612352,2024-04-26T15:30:01+02:00,Consumer Non-Durables,消费,日常消费,个人护理,Open Market,,1002,Common shares,Registered share,US,USA,150,Consumer goods/food/breweries/paper,,Colgate-Palmolive Co,0.00010067234063275546
DE000ENER6Y0,西门子能源,ENR,西门子能源,Electrical Products,Industrial,B,EUR,194,XET,XETR,Xetra,False,CX,D15,siemens-energy-ag,SIEMENS ENERGY AG NA O.N.,Siemens Energy AG,,18.695,5.0280898876,0.46362367950000005,149.4310045,2024-04-26T15:29:29+02:00,Producer Manufacturing,制造业,机械,电力设备,Regulated Market,Prime Standard,1002,Common shares,Registered share,DE,Germany,190,Other german shares,Industrial,Siemens Energy,0.3814728585234461
DE000A0DJ6J9,SMA Solar Technology,S92,,Electrical Products,Renewable Energies,B,EUR,194,XET,XETR,Xetra,False,CX,D15,sma-solar-technology-ag,SMA SOLAR TECHNOL.AG,SMA Solar Technology AG,,50.8,6.3651591289,0.0366506161,17.6276,2024-04-26T15:25:37+02:00,Producer Manufacturing,制造业,机械,电力设备,Regulated Market,Prime Standard,1002,Common shares,Bearer share,DE,Germany,190,Other german shares,Renewable Energies,SMA Solar Technology,0.06401263287587305
DE000A0D6554,Nordex,NDX1,,Electrical Products,Renewable Energies,B,EUR,194,XET,XETR,Xetra,False,CX,D15,nordex-se,NORDEX SE O.N.,Nordex SE,,12.64,2.1001615508,0.0093688516,29.88728,2024-04-26T15:22:25+02:00,Producer Manufacturing,制造业,机械,电力设备,Regulated Market,Prime Standard,1002,Common shares,Bearer share,DE,Germany,180,Holding companies,Renewable Energies,Nordex,0.002947080177657739
DE000A0TGJ55,Varta,VAR1,,Electrical Products,Advanced Industrial Equipment,D,EUR,194,XET,XETR,Xetra,False,D15,,varta-ag,VARTA AG O.N.,Varta AG,,9.02,-1.0964912281,0.018090007800000002,3.846128,2024-04-26T15:24:01+02:00,Producer Manufacturing,制造业,机械,电力设备,Regulated Market,Prime Standard,1002,Common shares,Bearer share,DE,Germany,180,Holding companies,Advanced Industrial Equipment,Varta,0.0035391220220673497
DE0006916604,Pfeiffer Vacuum Technology,PFV,,Electrical Products,Advanced Industrial Equipment,B,EUR,194,XET,XETR,Xetra,False,CX,D15,pfeiffer-vacuum-technology-ag,PFEIFFER VACUUM TECH.O.N.,Pfeiffer Vacuum Technology AG,,154.4,0.1297016861,0.0022523779999999998,15.23928,2024-04-26T15:09:04+02:00,Producer Manufacturing,制造业,机械,电力设备,Regulated Market,Prime Standard,1002,Common shares,Bearer share,DE,Germany,91,Automotive and mechanical engineering,Advanced Industrial Equipment,Pfeiffer Vacuum Technology,6.739767633547111e-06
DK0061539921,Vestas Wind Systems A/S,VWSB,,Electrical Products,,B,EUR,194,XET,XETR,Xetra,True,CX,D15,vestas-wind-sys-dk-20,"VESTAS WIND SYS. DK -,20",,,24.55,3.194619588,0.0021358888,247.923085,2024-04-26T15:23:32+02:00,Producer Manufacturing,制造业,机械,电力设备,Open Market,,1002,Common shares,Registered share,DK,Denmark,70,Service/energy,,Vestas Wind Systems A/S,0.0008503559696655513
DE0005157101,Dr Hoenle,HNL,,Electrical Products,Advanced Industrial Equipment,C,EUR,194,XET,XETR,Xetra,False,CX,D15,dr-hoenle-ag,DR. HOENLE AG O.N.,Dr. Hönle AG,,19.7,-1.0050251257,0.000154349,1.19382,2024-04-26T15:21:11+02:00,Producer Manufacturing,制造业,机械,电力设备,Regulated Market,Prime Standard,1002,Common shares,Bearer share,DE,Germany,190,Other german shares,Advanced Industrial Equipment,Dr Hoenle,3.784820253122036e-05
DE000A1PHBB5,R Stahl,RSL2,,Electrical Products,Industrial Products & Services,C,EUR,194,XET,XETR,Xetra,False,CX,D15,r-stahl-ag,R. STAHL AG NA O.N.,R. Stahl AG,,21.6,-0.9174311927,0.00013681200000000002,1.39104,2024-04-26T15:26:14+02:00,Producer Manufacturing,制造业,机械,电力设备,Regulated Market,Prime Standard,1002,Common shares,Registered share,DE,Germany,61,Electronic engineering,Industrial Products & Services,R Stahl,2.7562060234872708e-05
FR0000121972,Schneider Electric,SND,,Electrical Products,Electrical Components,D,EUR,194,XET,XETR,Xetra,False,D15,,schneider-electric-s-a,SCHNEIDER ELEC. INH. EO 4,Schneider Electric S.A.,,215.5,1.891252955,0.0009220775,1234.4702,2024-04-26T15:22:51+02:00,Producer Manufacturing,制造业,机械,电力设备,Open Market,,1002,Common shares,Bearer share,FR,France,180,Holding companies,,Schneider Electric,0.00013496189492986785
DE000A2E4LE9,Voltabox,VBX,,Electrical Products,Advanced Industrial Equipment,B,EUR,194,XET,XETR,Xetra,False,CX,D15,voltabox-ag,VOLTABOX AG INH. O.N.,Voltabox AG,,1.18,6.3063063063,4.306e-05,0.22597,2024-04-26T15:27:42+02:00,Producer Manufacturing,制造业,机械,电力设备,Regulated Market,Prime Standard,1002,Common shares,Bearer share,DE,Germany,61,Electronic engineering,Advanced Industrial Equipment,Voltabox,0.00024210401356158104
AT0000837307,Zumtobel Group,T9Z,,Electrical Products,,C,EUR,194,XET,XETR,Xetra,False,CX,D15,zumtobel-group-ag,ZUMTOBEL GROUP AG INH. A,Zumtobel Group AG,,6.06,0.0,0.0,2.61489,2024-04-25T17:35:55+02:00,Producer Manufacturing,制造业,机械,电力设备,Open Market,,1002,Common shares,Bearer share,AT,Austria,900,Foreign shares,,Zumtobel Group,0.0
DE000SHL1006,西门子医疗,SHL,西门子医疗,Medical/Nursing Services,Medical Technology,D,EUR,194,XET,XETR,Xetra,False,D15,,siemens-healthineers-ag,SIEMENS HEALTH.AG NA O.N.,Siemens Healthineers AG,,52.58,0.5353728489,0.09660359880000001,593.1024,2024-04-26T15:30:03+02:00,Health Services,医药,健康服务,健康服务,Regulated Market,Prime Standard,1002,Common shares,Registered share,DE,Germany,180,Holding companies,Medical Technology,Siemens Healthineers,0.001983351663803468
DE0005785802,Fresenius Medical Care,FME,,Medical/Nursing Services,Health Care,D,EUR,194,XET,XETR,Xetra,False,D15,,fresenius-medical-care-ag,FRESEN.MED.CARE AG INH ON,Fresenius Medical Care AG,,37.54,-0.6615506748,0.0388907431,110.146114,2024-04-26T15:30:01+02:00,Health Services,医药,健康服务,健康服务,Regulated Market,Prime Standard,1002,Common shares,Bearer share,DE,Germany,51,Chemistry/pharmacy,Health Care,Fresenius Medical Care,0.0014855709847905994
DE000A2TSL71,SYNLAB,SYAB,,Medical/Nursing Services,Health Care,D,EUR,194,XET,XETR,Xetra,False,D15,,synlab-ag,SYNLAB AG INH O.N.,SYNLAB AG,,10.54,0.3809523809,0.0015913128,23.421988,2024-04-26T14:02:51+02:00,Health Services,医药,健康服务,健康服务,Regulated Market,Prime Standard,1002,Common shares,Bearer share,DE,Germany,190,Other german shares,Health Care,SYNLAB,3.159879645367464e-05
DE000A0STSQ8,M1 Kliniken,M12,,Medical/Nursing Services,Health Care,D,EUR,194,XET,XETR,Xetra,False,D15,,m1-kliniken-ag,M1 KLINIKEN AG O.N.,M1 Kliniken AG,,13.2,4.7619047619,0.0065384175,2.59248,2024-04-26T14:54:01+02:00,Health Services,医药,健康服务,健康服务,Open Market,Basic Board,1002,Common shares,Bearer share,DE,Germany,190,Other german shares,Health Care,M1 Kliniken,0.0131565880433207
DE000A0JDBC7,Limes Schlosskliniken,LIK,,Medical/Nursing Services,,D,EUR,194,XET,XETR,Xetra,False,D15,,limes-schlossklinik-o-n,LIMES SCHLOSSKLINIK. O.N.,,,350.0,0.0,0.0,1.015,2024-04-25T17:36:11+02:00,Health Services,医药,健康服务,健康服务,Open Market,,1002,Common shares,Bearer share,DE,Germany,190,Other german shares,,Limes Schlosskliniken,0.0
DE000A3H2101,Aap Implantate,AAQ1,,Medical/Nursing Services,Medical Technology,D,EUR,194,XET,XETR,Xetra,False,D15,,aap-implantate-ag-o-n,AAP IMPLANTATE AG O.N.,,,0.92,0.0,0.0,0.090712,2024-04-25T17:36:02+02:00,Health Services,医药,健康服务,健康服务,Regulated Market,General Standard,1002,Common shares,Bearer share,DE,Germany,190,Other german shares,Medical Technology,Aap Implantate,0.0
DE0008232125,汉莎航空,LHA,汉莎航空,Airlines,Airlines,B,EUR,194,XET,XETR,Xetra,True,CX,D15,deutsche-lufthansa-ag,LUFTHANSA AG VNA O.N.,Deutsche Lufthansa AG,,6.778,1.92481203,0.2001112045,81.1069036,2024-04-26T15:29:52+02:00,Transportation,制造业,运输,航空公司,Regulated Market,Prime Standard,1002,Common shares,Registered share,DE,Germany,170,Traffic,Airlines,Deutsche Lufthansa,0.04517059571687414
IE00BYTBXV33,Ryanair Holdings,RY4C,,Airlines,Airlines,B,EUR,194,XET,XETR,Xetra,True,CX,D15,ryanair-holdings-plc,"RYANAIR HLDGS PLC EO-,006",Ryanair Holdings PLC,,20.37,0.2460629921,0.0008895233,231.947079,2024-04-26T15:15:07+02:00,Transportation,制造业,运输,航空公司,Open Market,,1002,Common shares,Registered share,IE,Ireland,170,Traffic,,Ryanair Holdings,5.196293704149502e-06
GB00B7KR2P84,Easyjet,EJT1,,Airlines,,C,EUR,194,XET,XETR,Xetra,True,CX,D15,easyjet-plc,"EASYJET PLC LS-,27285714",EasyJet PLC,,6.3,1.416613007,0.00016677,28.77525,2024-04-26T15:15:02+02:00,Transportation,制造业,运输,航空公司,Open Market,,1002,Common shares,Registered share,GB,Great Britain,900,Foreign shares,,Easyjet,2.8810998653323123e-05
US02376R1023,American Airlines Group,A1G,,Airlines,,A,EUR,194,XET,XETR,Xetra,True,CX,D15,american-airlines-group-inc,AMERICAN AIRLINES GRP,American Airlines Group Inc.,,13.08,-1.6393442623,0.00026247,85.642608,2024-04-26T14:01:00+02:00,Transportation,制造业,运输,航空公司,Open Market,,1002,Common shares,Registered share,US,USA,170,Traffic,,American Airlines Group,4.582664172095124e-05
DE0006047004,海德堡水泥,HEI,海德堡水泥,Construction Materials,Cement,C,EUR,194,XET,XETR,Xetra,False,CX,D15,heidelbergcement-ag,HEIDELBERG MATERIALS O.N.,Heidelberg Materials AG ,Heidelberg Materials AG ,94.7,1.7185821697,0.0830173976,172.42029,2024-04-26T15:30:01+02:00,Non-Energy Minerals,制造业,建筑业,建筑材料,Regulated Market,Prime Standard,1002,Common shares,Bearer share,DE,Germany,130,Construction/ construction materials,Building Materials,HeidelbergCement,0.013835105152892069
AT0000831706,Wienerberger,WIB,,Construction Materials,,B,EUR,194,XET,XETR,Xetra,False,CX,D15,wienerberger,WIENERBERGER,WIENERBERGER,,32.68,-0.3050640635,9.804e-07,36.513364,2024-04-26T10:22:39+02:00,Non-Energy Minerals,制造业,建筑业,建筑材料,Open Market,,1002,Common shares,Bearer share,AT,Austria,130,Construction/ construction materials,,Wienerberger,1.18372891926996e-08
DE0006578008,KHD Humboldt Wedag International,KWG,,Construction Materials,Building Materials,B,EUR,194,XET,XETR,Xetra,True,CX,D15,khd-humboldt-wedag-international-ag,KHD HUMBOLDT WEDAG O.N.,KHD Humboldt Wedag International AG,,1.62,0.0,0.0,0.80514,2024-04-25T17:38:42+02:00,Non-Energy Minerals,制造业,建筑业,建筑材料,Regulated Market,General Standard,1002,Common shares,Bearer share,DE,Germany,190,Other german shares,Building Materials,KHD Humboldt Wedag International,0.0
DE000A2E4K43,Delivery Hero,DHER,,Specialty Stores,"Retail, Internet",D,EUR,194,XET,XETR,Xetra,False,D15,,delivery-hero-se,DELIVERY HERO SE NA O.N.,Delivery Hero SE,,25.16,-18.2851575187,0.8551639726000001,68.97614,2024-04-26T15:29:59+02:00,Retail Trade,消费,零售,专卖店,Regulated Market,Prime Standard,1002,Common shares,Registered share,DE,Germany,180,Holding companies,"Retail, Internet",Delivery Hero,4.50141006345242
DE0005403901,Cewe Stiftung ,CWC,,Specialty Stores,Leisure,D,EUR,194,XET,XETR,Xetra,False,D15,,cewe-stiftung-co-kgaa,CEWE STIFT.KGAA O.N.,CEWE Stiftung & Co. KGaA,,97.5,-0.9146341464,0.001094776,7.254,2024-04-26T15:00:54+02:00,Retail Trade,消费,零售,专卖店,Regulated Market,Prime Standard,1002,Common shares,Bearer share,DE,Germany,180,Holding companies,Leisure,Cewe Stiftung ,0.00013204257210674993
FR0000120172,Carrefour SA,CAR,,Specialty Stores,Food Retailers and Wholesalers,D,EUR,194,XET,XETR,Xetra,False,D15,D15,carrefour-s-a,"CARREFOUR S.A. INH.EO 2,5",Carrefour S.A.,,15.825,0.828289264,0.001230901,112.1660175,2024-04-26T13:54:06+02:00,Retail Trade,消费,零售,专卖店,Open Market,,1002,Common shares,Bearer share,FR,France,140,Stores,,Carrefour SA,6.840935026439796e-05
US9311421039,Walmart,WMT,,Specialty Stores,,D,EUR,194,XET,XETR,Xetra,False,D15,,wal-mart-stores,"WALMART DL-,10",Wal-Mart Stores,,56.07,0.0,0.0004184711,4515.8778,2024-04-26T12:35:26+02:00,Retail Trade,消费,零售,专卖店,Open Market,,1002,Common shares,Registered share,US,USA,140,Stores,,Walmart,0.0
DE000A2N4H07,Westwing Group,WEW,,Specialty Stores,"Retail, Internet",D,EUR,194,XET,XETR,Xetra,False,D15,,westwing-group-se,WESTWING GROUP INH. O.N.,Westwing Group SE,,8.06,0.0,0.0,1.68454,2024-04-25T17:36:26+02:00,Retail Trade,消费,零售,专卖店,Regulated Market,Prime Standard,1002,Common shares,Bearer share,DE,Germany,190,Other german shares,"Retail, Internet",Westwing Group,0.0
DE0005146807,Delticom,DEX,,Specialty Stores,"Retail, Internet",D,EUR,194,XET,XETR,Xetra,False,D15,,delticom-ag,DELTICOM AG NA O.N.,Delticom AG,,2.48,4.2016806722,8.6635e-05,0.367288,2024-04-26T13:21:11+02:00,Retail Trade,消费,零售,专卖店,Regulated Market,Prime Standard,1002,Common shares,Registered share,DE,Germany,190,Other german shares,"Retail, Internet",Delticom,0.00025366479704347047
DE0005181606,Weng Fine Art,WFA,,Specialty Stores,,D,EUR,194,XET,XETR,Xetra,False,D15,,weng-fine-art-ag,WENG FINE ART AG NA O.N.,Weng Fine Art AG,,4.7,-3.29218107,0.00019706400000000002,0.2585,2024-04-26T10:02:55+02:00,Retail Trade,消费,零售,专卖店,Open Market,,1002,Common shares,Registered share,DE,Germany,180,Holding companies,,Weng Fine Art,0.00043426731307736374
DE0006042708,Hawesko Holding,HAW,,Specialty Stores,"Retail, Food & Drug",D,EUR,194,XET,XETR,Xetra,False,D15,,hawesko-holding-ag,HAWESKO HOLDING INH O.N.,Hawesko Holding SE,,30.5,0.6600660066,0.000259827,2.7389,2024-04-26T12:23:49+02:00,Retail Trade,消费,零售,专卖店,Regulated Market,Prime Standard,1002,Common shares,Bearer share,DE,Germany,180,Holding companies,"Retail, Food & Drug",Hawesko Holding,2.4350651353558653e-05
DE0007500001,蒂森克虏伯,TKA,蒂森克虏伯,Steel,"Industrial, Diversified",D,EUR,194,XET,XETR,Xetra,False,D15,,thyssenkrupp-ag,THYSSENKRUPP AG O.N.,thyssenkrupp AG,,4.874,9.3315388066,0.3231110813,30.3421122,2024-04-26T15:30:04+02:00,Non-Energy Minerals,资源,矿产,钢,Regulated Market,Prime Standard,1002,Common shares,Bearer share,DE,Germany,101,Steel,"Industrial, Diversified",thyssenkrupp,0.8352349810411828
DE0006202005,Salzgitter,SZG,,Steel,Steel & Other Metals,D,EUR,194,XET,XETR,Xetra,False,D15,,salzgitter-ag,SALZGITTER AG O.N.,Salzgitter AG,,24.24,6.222611744,0.0121050676,14.56824,2024-04-26T15:27:53+02:00,Non-Energy Minerals,资源,矿产,钢,Regulated Market,Prime Standard,1002,Common shares,Bearer share,DE,Germany,101,Steel,Steel & Other Metals,Salzgitter,0.02147781784070353
DE000KC01000,Kloeckner ,KCO,,Steel,Industrial Products & Services,C,EUR,194,XET,XETR,Xetra,False,CX,D15,kloeckner-co-se,KLOECKNER + CO SE NA O.N.,Klöckner & Co SE,,6.55,3.4755134281,0.0027324315,6.533625,2024-04-26T14:41:47+02:00,Non-Energy Minerals,资源,矿产,钢,Regulated Market,Prime Standard,1002,Common shares,Registered share,DE,Germany,101,Steel,Industrial Products & Services,Kloeckner ,0.002652527038942528
LU1598757687,ArcelorMittal SA,ARRD,,Steel,Iron and Steel,D,EUR,194,XET,XETR,Xetra,False,D15,,arcelormittal-sa,ARCELORMITTAL S.A. NOUV.,Arcelormittal SA,,23.89,1.314673452,0.00017007830000000001,203.736309,2024-04-26T15:20:37+02:00,Non-Energy Minerals,资源,矿产,钢,Open Market,,1002,Common shares,Registered share,LU,Luxembourg ,900,Foreign shares,,ArcelorMittal SA,1.8147542072874883e-05
AT0000937503,voestalpine,VAS,,Steel,,D,EUR,194,XET,XETR,Xetra,False,D15,,voestalpine-ag,VOESTALPINE AG,voestalpine AG,,25.06,0.0,0.0,44.74463,2024-04-25T17:35:36+02:00,Non-Energy Minerals,资源,矿产,钢,Open Market,,1002,Common shares,Bearer share,AT,Austria,101,Steel,,voestalpine,0.0
US64110L1061,Netflix,NFC,,Data Processing Services,,A,EUR,194,XET,XETR,Xetra,False,D15,D15,netflix-com-inc,"NETFLIX INC. DL-,001",Netflix.com Inc.,,521.3,0.2114571318,0.018434238999999998,2255.97788,2024-04-26T15:30:02+02:00,Technology Services,科技,IT技术,数据处理,Open Market,,1002,Common shares,Registered share,US,USA,160,Entertainment/Leisure,,Netflix,6.015945465265429e-05
DE000A0SMU87,Northern Data,NB2,,Data Processing Services,,B,EUR,194,XET,XETR,Xetra,False,CX,D15,northern-data-ag,NORTHERN DATA AG INH O.N.,Northern Data AG,,25.85,11.9047619047,0.011502663500000001,13.82975,2024-04-26T15:28:46+02:00,Technology Services,科技,IT技术,数据处理,Open Market,,1002,Common shares,Bearer share,DE,Germany,190,Other german shares,,Northern Data,0.049325086436482146
DE000A3E00M1,IONOS Group,IOS,,Data Processing Services,Internet,B,EUR,194,XET,XETR,Xetra,True,CX,D15,ionos-group-se-na-o-n,IONOS GROUP SE NA O.N.,IONOS Group SE,IONOS Group SE,24.0,1.9108280254,0.0038705265,33.6,2024-04-26T15:25:11+02:00,Technology Services,科技,IT技术,数据处理,Regulated Market,Prime Standard,1002,Common shares,Registered share,DE,Germany,173,Telecommunication Services,Internet,IONOS Group,0.0010283359290918835
DE0005439004,马牌轮胎,CON,马牌轮胎,Automotive Aftermarket,Tires,A,EUR,194,XET,XETR,Xetra,True,CX,D15,continental-ag,CONTINENTAL AG O.N.,Continental AG,,62.72,1.030927835,0.1173654844,125.446272,2024-04-26T15:28:19+02:00,Consumer Durables,制造业,汽车,汽车后市场,Regulated Market,Prime Standard,1002,Common shares,Bearer share,DE,Germany,190,Other german shares,Auto Parts & Equipment,Continental,0.009172377339770072
LU1673108939,Aroundtown SA,AT1,,Real Estate Investment Trusts,Real Estate,D,EUR,194,XET,XETR,Xetra,False,D15,,aroundtown-sa,"AROUNDTOWN EO-,01",Aroundtown SA,,1.9595,5.9189189189,0.0575349767,30.11810285,2024-04-26T15:28:16+02:00,Finance,金融,房地产,房地产投资信托,Regulated Market,Prime Standard,1002,Common shares,Bearer share,LU,Luxembourg ,180,Holding companies,Real Estate,Aroundtown SA,0.08042608019179288
DE000A0XFSF0,Demire Deutsche Mittelstand Real Estate,DMRE,,Real Estate Investment Trusts,Real Estate,D,EUR,194,XET,XETR,Xetra,False,D15,,demire-deutsche-mittelstand-real-estate-ag,DEMIRE DT.MTS.RE AG,DEMIRE Deutsche Mittelstand Real Estate AG,,0.98,13.953488372,8.67574e-05,1.056244,2024-04-26T14:26:19+02:00,Finance,金融,房地产,房地产投资信托,Regulated Market,Prime Standard,1002,Common shares,Bearer share,DE,Germany,190,Other german shares,Real Estate,Demire Deutsche Mittelstand Real Estate,0.0009830996591107062
DE000TUAG505,TUI,TUI1,,Other Consumer Services,,C,EUR,194,XET,XETR,Xetra,False,D15,,tui-ag-na-o-n-1,TUI AG NA O.N.,TUI AG,TUI AG,6.756,0.7456009543,0.0384000533,34.2819708,2024-04-26T15:28:38+02:00,Consumer Services,消费,可选消费,其他消费者服务,Open Market,,1002,Common shares,Registered share,DE,Germany,180,Holding companies,,TUI,0.0022471010901158597
US09857L1089,Booking Holdings,PCE1,,Other Consumer Services,,D,EUR,194,XET,XETR,Xetra,False,D15,,booking-holdings,"BOOKING HLDGS DL-,008",Booking Holdings,,3255.0,-0.3977968177,3.255e-05,2084.8275,2024-04-26T10:18:45+02:00,Consumer Services,消费,可选消费,其他消费者服务,Open Market,,1002,Common shares,Registered share,US,USA,900,Foreign shares,,Booking Holdings,3.3890887475943396e-07
US0090661010,Airbnb,6Z1,,Other Consumer Services,,D,EUR,194,XET,XETR,Xetra,False,D15,,airbnb-inc,"AIRBNB INC. DL-,01",Airbnb Inc.,,151.48,1.1485042735,0.0001345928,663.4824,2024-04-26T13:20:50+02:00,Consumer Services,消费,可选消费,其他消费者服务,Open Market,,1002,Common shares,Registered share,US,USA,900,Foreign shares,,Airbnb,9.75554485075201e-06
DE0001644565,Erlebnis Akademie,EAD,,Other Consumer Services,,C,EUR,194,XET,XETR,Xetra,False,D15,,erlebnis-akademie-ag,ERLEBNIS AKADEMIE AG,,,4.76,-2.4590163935,1.2376e-05,0.119952,2024-04-26T11:37:53+02:00,Consumer Services,消费,可选消费,其他消费者服务,Open Market,,1002,Common shares,Bearer share,DE,Germany,190,Other german shares,,Erlebnis Akademie,1.9630253924901274e-05
US0378331005,苹果,APC,苹果,Telecommunications Equipment,,D,EUR,194,XET,XETR,Xetra,False,D15,,apple-inc,APPLE INC.,Apple Inc.,,158.68,1.0700636942,0.044221231,24674.835208,2024-04-26T15:30:03+02:00,Electronic Technology,科技,通信,通信设备,Open Market,,1002,Common shares,Registered share,US,USA,61,Electronic engineering,,Apple,0.001929278775209154
FI0009000681,Nokia Oyj,NOA3,,Telecommunications Equipment,Telecommunications Equipment,D,EUR,194,XET,XETR,Xetra,False,D15,,nokia-corp,"NOKIA OYJ EO-,06",Nokia Corp.,,3.425,0.9431181844,0.0025626213,192.262375,2024-04-26T15:30:04+02:00,Electronic Technology,科技,通信,通信设备,Open Market,,1002,Common shares,Registered share,FI,Finland,61,Electronic engineering,,Nokia Oyj,0.00016142768945445087
SE0000108656,Telefonaktiebolaget LM Ericsson,ERCB,,Telecommunications Equipment,,B,EUR,194,XET,XETR,Xetra,False,D15,,ericsson-b,ERICSSON B (FRIA),Ericsson B,,4.912,0.2448979591,0.00032616599999999997,164.264648,2024-04-26T14:46:18+02:00,Electronic Technology,科技,通信,通信设备,Open Market,,1002,Common shares,Registered share,SE,Sweden,173,Telecommunication Services,,Telefonaktiebolaget LM Ericsson,1.9949125061027095e-06
DE0005103006,ADVA Optical Networking,ADV,,Telecommunications Equipment,Communications Technology,C,EUR,194,XET,XETR,Xetra,False,D15,,adva-optical-networking-se,ADTRAN NETW.SE INH O.N.,Adtran Networks SE,Adtran Networks SE,19.9,-0.2006018055,0.0004922355999999999,10.35795,2024-04-26T13:05:36+02:00,Electronic Technology,科技,通信,通信设备,Regulated Market,Prime Standard,1002,Common shares,Bearer share,DE,Germany,190,Other german shares,Communications Technology,ADVA Optical Networking,3.702886961187703e-06
DE000A31C305,Mynaric,M0YN,,Telecommunications Equipment,Communication Technology,D,EUR,194,XET,XETR,Xetra,False,D15,,mynaric-ag-na,MYNARIC AG NA O.N.,Mynaric AG,,19.5,1.03626943,0.0002391015,1.2324,2024-04-26T15:18:24+02:00,Electronic Technology,科技,通信,通信设备,Open Market,Scale,1002,Common shares,Registered share,DE,Germany,172,Software,Communication Technology,Mynaric,6.1032272797812586e-05
DE000KBX1006,克诺尔集团,KBX,克诺尔集团,Auto Parts: OEM,"Industrial, Machinery",A,EUR,194,XET,XETR,Xetra,False,CX,D15,knorr-bremse-ag,KNORR-BREMSE AG INH O.N.,Knorr-Bremse AG,,70.0,1.0101010101,0.0140907555,112.84,2024-04-26T15:26:17+02:00,Producer Manufacturing,制造业,汽车,汽车零部件,Regulated Market,Prime Standard,1002,Common shares,Bearer share,DE,Germany,91,Automotive and mechanical engineering,"Industrial, Machinery",Knorr Bremse,0.0010847283652936123
DE000SHA0159,Schaeffler,SHA,,Auto Parts: OEM,Auto Parts & Equipment,B,EUR,194,XET,XETR,Xetra,True,CX,D15,schaeffler-ag,SCHAEFFLER AG INH. VZO,Schaeffler AG,,5.875,-6.0751398881,0.025750206600000002,39.1275,2024-04-26T15:19:24+02:00,Producer Manufacturing,制造业,汽车,汽车零部件,Regulated Market,Prime Standard,1003,Preffered shares,Bearer share,DE,Germany,180,Holding companies,Auto Parts & Equipment,Schaeffler,0.03528703136438393
DE000VTSC017,纬湃科技,VTSC,纬湃科技,Auto Parts: OEM,Auto Parts & Equipment,A,EUR,194,XET,XETR,Xetra,True,CX,D15,vitesco-technologies-group,VITESCO TECHS GRP NA O.N.,Vitesco Technologies Group Aktiengesellschaft,,66.15,-0.9730538923,0.0009770855,26.47323,2024-04-26T15:13:36+02:00,Producer Manufacturing,制造业,汽车,汽车零部件,Regulated Market,Prime Standard,1002,Common shares,Registered share,DE,Germany,190,Other german shares,Auto Parts & Equipment,Vitesco Technologies Group,9.408642814729734e-05
DE000JST4000,JOST Werke,JST,,Auto Parts: OEM,Auto Parts & Equipment,B,EUR,194,XET,XETR,Xetra,True,CX,D15,jost-werke-ag,JOST WERKE SE INH. O.N.,Jost Werke SE,Jost Werke SE,45.7,0.7717750826,0.0020963185,6.8093,2024-04-26T15:15:41+02:00,Producer Manufacturing,制造业,汽车,汽车零部件,Regulated Market,Prime Standard,1002,Common shares,Bearer share,DE,Germany,190,Other german shares,Auto Parts & Equipment,JOST Werke,0.00019414403673995596
DE000A13SX22,海拉公司,HLE,海拉公司,Auto Parts: OEM,Auto Parts & Equipment,B,EUR,194,XET,XETR,Xetra,True,CX,D15,hella-kgaa-hueck-co,HELLA GMBH+CO. KGAA O.N.,HELLA GmbH & Co. KGaA,HELLA GmbH & Co. KGaA,83.0,0.4842615012,0.004175409000000001,92.2213,2024-04-26T15:28:33+02:00,Producer Manufacturing,制造业,汽车,汽车零部件,Regulated Market,Prime Standard,1002,Common shares,Bearer share,DE,Germany,190,Other german shares,Auto Parts & Equipment,HELLA GmbH ,9.605813108833762e-05
NL0000226223,STMicroelectronics,STM,,Auto Parts: OEM,Semiconductors,A,EUR,194,XET,XETR,Xetra,True,CX,D15,stmicroelectronics-n-v,STMICROELECTRONICS,STMicroelectronics N.V.,,39.25,-0.783619818,0.0008733677,357.6774,2024-04-26T14:42:59+02:00,Producer Manufacturing,制造业,汽车,汽车零部件,Open Market,,1002,Common shares,Bearer share,NL,Netherlands ,900,Foreign shares,,STMicroelectronics,3.6834249706207636e-05
DE0006968001,Progress Werk Oberkirch,PWO,,Auto Parts: OEM,Auto Parts & Equipment,A,EUR,194,XET,XETR,Xetra,True,CX,D15,progress-werk-oberkirch-ag,PWO AG INH O.N.,PWO AG,PWO AG,31.0,3.3333333333,6.601e-05,0.9672,2024-04-26T11:29:24+02:00,Producer Manufacturing,制造业,汽车,汽车零部件,Regulated Market,Prime Standard,1002,Common shares,Bearer share,DE,Germany,61,Electronic engineering,Auto Parts & Equipment,Progress Werk Oberkirch,0.00010864589013273765
DE0005895403,Grammer,GMM,,Auto Parts: OEM,Auto Parts & Equipment,B,EUR,194,XET,XETR,Xetra,True,CX,D15,grammer-ag,GRAMMER AG O.N.,Grammer Aktiengesellschaft,,10.8,0.0,9.3946e-05,1.64592,2024-04-26T14:30:04+02:00,Producer Manufacturing,制造业,汽车,汽车零部件,Regulated Market,Prime Standard,1002,Common shares,Bearer share,DE,Germany,190,Other german shares,Auto Parts & Equipment,Grammer,0.0
DE000A1TNU68,STS Group,SF3,,Auto Parts: OEM,Auto Parts & Equipment,A,EUR,194,XET,XETR,Xetra,True,CX,D15,sts-group-ag,STS GROUP AG O.N.,STS Group AG,,5.95,0.0,0.0,0.38675,2024-04-25T17:36:18+02:00,Producer Manufacturing,制造业,汽车,汽车零部件,Regulated Market,General Standard,1002,Common shares,Bearer share,DE,Germany,180,Holding companies,Auto Parts & Equipment,STS Group,0.0
DE0005558696,Paragon GmbH ,PGN,,Auto Parts: OEM,Auto Parts & Equipment,A,EUR,194,XET,XETR,Xetra,True,CX,D15,paragon-gmbh-co-kgaa,PARAGON KGAA INH O.N.,paragon GmbH & Co. KGaA,,4.32,5.8823529411,5.34816e-05,0.195696,2024-04-26T09:04:50+02:00,Producer Manufacturing,制造业,汽车,汽车零部件,Regulated Market,Prime Standard,1002,Common shares,Bearer share,DE,Germany,190,Other german shares,Auto Parts & Equipment,Paragon GmbH ,0.0002790710029385033
DE0005158703,Bechtle,BC8,,Information Technology Services,IT-Services,C,EUR,194,XET,XETR,Xetra,False,CX,D15,bechtle-ag,BECHTLE AG O.N.,Bechtle AG,,46.18,0.5662020905,0.014659298400000001,58.1868,2024-04-26T15:29:49+02:00,Technology Services,科技,IT技术,信息技术,Regulated Market,Prime Standard,1002,Common shares,Bearer share,DE,Germany,180,Holding companies,IT-Services,Bechtle,0.00048209897145424867
DE000A3H2200,Nagarro,NA9,,Information Technology Services,IT-Services,C,EUR,194,XET,XETR,Xetra,False,CX,D15,nagarro-se,NAGARRO SE NA O.N.,Nagarro SE,,72.15,3.1451036454,0.0029587065000000004,9.94227,2024-04-26T15:28:16+02:00,Technology Services,科技,IT技术,信息技术,Regulated Market,Prime Standard,1002,Common shares,Registered share,DE,Germany,190,Other german shares,IT-Services,Nagarro,0.0022119966274483163
DE0005419105,Cancom,COK,,Information Technology Services,IT-Services,C,EUR,194,XET,XETR,Xetra,False,CX,D15,cancom-se,CANCOM SE O.N.,CANCOM SE,,29.04,-0.1375515819,0.0048681324,10.654776,2024-04-26T15:10:12+02:00,Technology Services,科技,IT技术,信息技术,Regulated Market,Prime Standard,1002,Common shares,Bearer share,DE,Germany,180,Holding companies,IT-Services,Cancom,1.785454674696632e-05
DE0005800601,GFT Technologies,GFT,,Information Technology Services,IT-Services,C,EUR,194,XET,XETR,Xetra,False,D15,,gft-technologies-se,GFT TECHNOLOGIES SE,GFT Technologies SE,,28.25,1.2544802867,0.0051287565000000005,7.438225,2024-04-26T15:27:25+02:00,Technology Services,科技,IT技术,信息技术,Regulated Market,Prime Standard,1002,Common shares,Bearer share,DE,Germany,172,Software,IT-Services,GFT Technologies,0.0010249745695660067
US4592001014,IBM,IBM,IBM,Information Technology Services,Computer Services,B,EUR,194,XET,XETR,Xetra,False,D15,,ibm-corp,"INTL BUS. MACH. DL-,20",IBM Corp.,,157.0,0.6152268649,0.009126145,3559.0487,2024-04-26T15:29:56+02:00,Technology Services,科技,IT技术,信息技术,Open Market,,1002,Common shares,Registered share,US,USA,173,Telecommunication Services,,International Business Machines Corp,0.00019164837414227428
US17275R1023,Cisco Systems,CIS,,Information Technology Services,Telecommunications Equipment,D,EUR,194,XET,XETR,Xetra,False,D15,,cisco-systems-inc,"CISCO SYSTEMS DL-,001",Cisco Systems Inc.,,44.515,-0.5029056773,0.0013653911,1809.9799,2024-04-26T15:27:40+02:00,Technology Services,科技,IT技术,信息技术,Open Market,,1002,Common shares,Registered share,US,USA,900,Foreign shares,,Cisco Systems,2.184601229746497e-05
DE0007314007,Heidelberger Druckmaschinen,HDD,,Information Technology Services,Industrial Machinery,C,EUR,194,XET,XETR,Xetra,False,CX,D15,heidelberger-druckmaschinen-ag,HEIDELBERG.DRUCKMA.O.N.,Heidelberger Druckmaschinen AG,,0.875,2.4590163934,0.0051132098,2.6642,2024-04-26T15:30:00+02:00,Technology Services,科技,IT技术,信息技术,Regulated Market,Prime Standard,1002,Common shares,Bearer share,DE,Germany,91,Automotive and mechanical engineering,Industrial Machinery,Heidelberger Druckmaschinen,0.0039280826045408074
DE0006580806,Mensch und Maschine Software,MUM,,Information Technology Services,Software,A,EUR,194,XET,XETR,Xetra,False,CX,D15,mensch-und-maschine-software-se,MENSCH UND MASCH.O.N.,Mensch und Maschine Software SE,,53.1,1.1428571428,0.000899591,9.10665,2024-04-26T15:02:08+02:00,Technology Services,科技,IT技术,信息技术,Open Market,Scale,1002,Common shares,Bearer share,DE,Germany,180,Holding companies,Software,Mensch und Maschine Software,0.00014641531921667742
DE0007276503,Secunetcurity Networks,YSN,,Information Technology Services,IT-Services,C,EUR,194,XET,XETR,Xetra,False,CX,D15,secunet-security-networks-ag,SECUNET SECURITY AG O.N.,secunet Security Networks AG,,151.2,1.6129032258,0.000868618,9.828,2024-04-26T14:58:07+02:00,Technology Services,科技,IT技术,信息技术,Regulated Market,Prime Standard,1002,Common shares,Bearer share,DE,Germany,173,Telecommunication Services,IT-Services,Secunetcurity Networks,0.0002388082639735647
AT0000785407,Fabasoft,FAA,,Information Technology Services,Software,D,EUR,194,XET,XETR,Xetra,False,D15,,fabasoft-ag,FABASOFT AG,Fabasoft AG,,20.6,2.487562189,0.000212804,2.266,2024-04-26T14:51:41+02:00,Technology Services,科技,IT技术,信息技术,Regulated Market,Prime Standard,1002,Common shares,Bearer share,AT,Austria,172,Software,Software,Fabasoft,0.00017507549962599033
DE000A2GS633,Allgeier,AEIN,,Information Technology Services,IT-Services,C,EUR,194,XET,XETR,Xetra,False,CX,D15,allgeier-se,ALLGEIER SE NA O.N.,Allgeier SE,,19.4,0.0,0.0,2.21936,2024-04-25T17:36:25+02:00,Technology Services,科技,IT技术,信息技术,Regulated Market,General Standard,1002,Common shares,Registered share,DE,Germany,180,Holding companies,IT-Services,Allgeier,0.0
DE0005759807,init innovation in traffic systems,IXX,,Information Technology Services,Electronic Components & Hardware,C,EUR,194,XET,XETR,Xetra,False,CX,D15,init-innovation-in-traffic-systems-ag,INIT INNOVATION O.N.,init innovation in traffic systems SE,,37.9,1.6085790884,0.0008098,3.80516,2024-04-26T15:20:50+02:00,Technology Services,科技,IT技术,信息技术,Regulated Market,Prime Standard,1002,Common shares,Bearer share,DE,Germany,190,Other german shares,Electronic Components & Hardware,init innovation in traffic systems,0.00029180782921950127
DE000A0JC8S7,Datagroup,D6H,,Information Technology Services,IT-Services,C,EUR,194,XET,XETR,Xetra,False,D15,,datagroup-se,DATAGROUP SE INH. O.N.,DATAGROUP SE,,45.75,2.0066889632,0.000360546,3.820125,2024-04-26T15:12:40+02:00,Technology Services,科技,IT技术,信息技术,Open Market,Scale,1002,Common shares,Bearer share,DE,Germany,190,Other german shares,IT-Services,Datagroup,0.00018227365766506718
DE000A0XFWK2,SHS Viveon,SHWK,,Information Technology Services,,C,EUR,194,XET,XETR,Xetra,False,D15,,shs-viveon-ag,SHS VIVEON AG,SHS VIVEON AG,,2.9,-1.3605442177,0.0001943,0.07221,2024-04-26T10:41:35+02:00,Technology Services,科技,IT技术,信息技术,Open Market,,1002,Common shares,Bearer share,DE,Germany,172,Software,,SHS Viveon,0.0001293594453782659
DE0005178008,Softing,SYT,,Information Technology Services,IT- Services,D,EUR,194,XET,XETR,Xetra,False,D15,,softing-ag,SOFTING AG O.N.,Softing AG,,5.35,0.0,0.0,0.487385,2024-04-25T17:36:16+02:00,Technology Services,科技,IT技术,信息技术,Regulated Market,Prime Standard,1002,Common shares,Bearer share,DE,Germany,172,Software,IT- Services,Softing,0.0
DE0005470306,CTS Eventim,EVD,,Movies/Entertainment,Movies & Entertainment,D,EUR,194,XET,XETR,Xetra,False,D15,,cts-eventim-ag-co-kgaa,CTS EVENTIM KGAA,CTS Eventim AG & Co. KGaA,,81.85,-0.727713766,0.0148828565,78.576,2024-04-26T15:28:44+02:00,Consumer Services,消费,可选消费,电影娱乐,Regulated Market,Prime Standard,1002,Common shares,Bearer share,DE,Germany,190,Other german shares,Movies & Entertainment,CTS Eventim,0.0007095731556205985
DE000PSM7770,Prosiebensat 1 Media,PSM,,Movies/Entertainment,Broadcasting,D,EUR,194,XET,XETR,Xetra,False,D15,,prosiebensat-1-media-se,PROSIEBENSAT.1 NA O.N.,ProSiebenSat.1 Media SE,,7.41,-1.0020040081,0.0135172614,17.2653,2024-04-26T15:28:39+02:00,Consumer Services,消费,可选消费,电影娱乐,Regulated Market,Prime Standard,1002,Common shares,Registered share,DE,Germany,160,Entertainment/Leisure,Broadcasting,Prosiebensat 1 Media,0.0015082403610565667
US2546871060,Walt Disney Co,WDP,,Movies/Entertainment,,D,EUR,194,XET,XETR,Xetra,False,D15,,the-walt-disney-company,DISNEY (WALT) CO.,The Walt Disney Company,,104.54,0.230105465,0.0046308754,1881.72,2024-04-26T15:30:06+02:00,Consumer Services,消费,可选消费,电影娱乐,Open Market,,1002,Common shares,Registered share,US,USA,160,Entertainment/Leisure,,Walt Disney Co,1.805343132160024e-05
DE0005493092,Borussia Dortmund GmbH ,BVB,,Movies/Entertainment,Movies & Entertainment,D,EUR,194,XET,XETR,Xetra,False,D15,,borussia-dortmund-gmbh-co-kgaa,BORUSSIA DORTMUND,Borussia Dortmund GmbH & Co. KGaA,,3.69,1.3736263736,0.0007056571000000001,4.07376,2024-04-26T15:28:53+02:00,Consumer Services,消费,可选消费,电影娱乐,Regulated Market,Prime Standard,1002,Common shares,Bearer share,DE,Germany,160,Entertainment/Leisure,Movies & Entertainment,Borussia Dortmund GmbH ,0.00019443760040297725
DE000A2YN777,Pferdewetten de,EMH,,Movies/Entertainment,Leisure,C,EUR,194,XET,XETR,Xetra,False,CX,D15,pferdewetten-de-ag,PFERDEWETTEN.DE AG NA ON,pferdewetten.de AG,,11.2,-1.754385965,0.000342119,0.6272,2024-04-26T14:32:16+02:00,Consumer Services,消费,可选消费,电影娱乐,Regulated Market,General Standard,1002,Common shares,Registered share,DE,Germany,180,Holding companies,Leisure,Pferdewetten de,0.00024367232545954314
DE000A12UPJ7,Pantaflix,PAL,,Movies/Entertainment,Movies & Entertainment,D,EUR,194,XET,XETR,Xetra,False,D15,,pantaflix-ag,PANTAFLIX AG INH. O.N.,PANTAFLIX AG,,1.98,-5.7142857143,7.87544e-05,0.506286,2024-04-26T14:45:18+02:00,Consumer Services,消费,可选消费,电影娱乐,Open Market,Scale,1002,Common shares,Bearer share,DE,Germany,180,Holding companies,Movies & Entertainment,Pantaflix,0.0003301576523491869
DE0005649503,Edel ,EDL,,Movies/Entertainment,Movies & Entertainment,C,EUR,194,XET,XETR,Xetra,False,D15,D15,edel-se-co-kgaa,EDEL SE+CO.KGAA INH O.N.,Edel SE & Co. KGaA ,,4.72,0.0,0.0,1.072856,2024-04-25T17:36:06+02:00,Consumer Services,消费,可选消费,电影娱乐,Open Market,Scale,1002,Common shares,Bearer share,DE,Germany,190,Other german shares,Movies & Entertainment,Edel ,0.0
DE000ZEAL241,ZEAL Network,TIMA,,Movies/Entertainment,"Retail, Internet",D,EUR,194,XET,XETR,Xetra,False,D15,,zeal-network-se-na-o-n,ZEAL NETWORK SE NA O.N.,,,34.8,0.0,0.001357995,7.7952,2024-04-26T14:35:29+02:00,Consumer Services,消费,可选消费,电影娱乐,Regulated Market,Prime Standard,1002,Common shares,Registered share,DE,Germany,180,Holding companies,"Retail, Internet",ZEAL Network,0.0
CH0006539198,Highlight Communications,HLG,,Movies/Entertainment,Movies & Entertainment,D,EUR,194,XET,XETR,Xetra,False,,,highlight-communications-ag,HIGHLIGHT CMNCTS INH.SF 1,Highlight Communications AG,,2.36,-1.6666666667,5.88684e-05,1.4868,2024-04-26T10:51:31+02:00,Consumer Services,消费,可选消费,电影娱乐,Regulated Market,Prime Standard,1002,Common shares,Bearer share,CH,Switzerland,900,Foreign shares,Movies & Entertainment,Highlight Communications,3.0138401865539135e-05
DE000A0DNAY5,bet-at-home,ACX,,Movies/Entertainment,"Retail, Internet",D,EUR,194,XET,XETR,Xetra,False,D15,,bet-at-home-com-ag,BET-AT-HOME.COM AG O.N.,bet-at-home.com AG,,2.33,-2.1008403362,2.33e-06,0.163566,2024-04-26T12:30:27+02:00,Consumer Services,消费,可选消费,电影娱乐,Regulated Market,Prime Standard,1002,Common shares,Bearer share,DE,Germany,190,Other german shares,"Retail, Internet",bet-at-home,2.82131327757106e-06
DE0007279507,Splendid Medien,SPM,,Movies/Entertainment,Movies & Entertainment,D,EUR,194,XET,XETR,Xetra,False,D15,,splendid-medien-ag,SPL.MEDIEN AG O.N.,Splendid Medien AG,,1.22,0.0,0.0,0.119438,2024-04-25T17:36:22+02:00,Consumer Services,消费,可选消费,电影娱乐,Regulated Market,General Standard,1002,Common shares,Bearer share,DE,Germany,190,Other german shares,Movies & Entertainment,Splendid Medien,0.0
DE0006223605,Intertainment,ITN,,Movies/Entertainment,Movies & Entertainment,D,EUR,194,XET,XETR,Xetra,False,D15,,intertainment-ag,INTERTAINMENT AG INH O.N., INTERTAINMENT AG,,0.356,0.0,0.0,0.058028,2024-04-25T17:36:09+02:00,Consumer Services,消费,可选消费,电影娱乐,Regulated Market,General Standard,1002,Common shares,Bearer share,DE,Germany,160,Entertainment/Leisure,Movies & Entertainment,Intertainment,0.0
CH0557519201,TMC Content Group,ERO,,Movies/Entertainment,Movies & Entertainment,D,EUR,194,XET,XETR,Xetra,False,D15,,tmc-content-gr-ag-nam-sf1,TMC CONTENT GR.AG NAM.SF1,,,0.0755,0.0,0.0,0.030955,2024-04-25T17:35:55+02:00,Consumer Services,消费,可选消费,电影娱乐,Regulated Market,General Standard,1002,Common shares,Registered share,CH,Switzerland,900,Foreign shares,Movies & Entertainment,TMC Content Group,0.0
DE0006632003,MorphoSys,MOR,,Biotechnology,Biotechnology,A,EUR,194,XET,XETR,Xetra,True,CX,D15,morphosys-ag,MORPHOSYS AG O.N.,MorphoSys AG,,67.75,0.0,0.009162534,25.5553,2024-04-26T15:30:04+02:00,Health Technology,医药,医疗,生物技术,Regulated Market,Prime Standard,1002,Common shares,Bearer share,DE,Germany,190,Other german shares,Biotechnology,MorphoSys,0.0
US09075V1026,BioNTech,22UA,,Biotechnology,,A,EUR,194,XET,XETR,Xetra,True,CX,D15,biontech-se-spon-adrs-1,BIONTECH SE SPON. ADRS 1,BioNTech SE (ADR),,81.5,0.9913258983,0.0041533379999999995,202.56825,2024-04-26T15:30:03+02:00,Health Technology,医药,医疗,生物技术,Open Market,,1002,Common shares,Registered share,DE,Germany,190,Other german shares,,BioNTech,0.0002815538141652739
CH0038389992,BB Biotech,BBZA,,Biotechnology,Biotechnology,D,EUR,194,XET,XETR,Xetra,False,D15,,bb-biotech-ag,"BB BIOTECH NAM. SF 0,20",BB Biotech AG,,41.35,0.3640776699,0.0064062705,22.9079,2024-04-26T15:08:06+02:00,Health Technology,医药,医疗,生物技术,Regulated Market,Prime Standard,1002,Common shares,Registered share,CH,Switzerland,900,Foreign shares,Biotechnology,BB Biotech,0.000117904176733903
US60770K1079,Moderna,0QF,,Biotechnology,,C,EUR,194,XET,XETR,Xetra,False,CX,D15,moderna-inc-dl-0001,"MODERNA INC. DL-,0001",Moderna Inc. ,,99.03,1.8303341902,0.0012537865,378.2946,2024-04-26T15:30:01+02:00,Health Technology,医药,医疗,生物技术,Open Market,,1002,Common shares,Registered share,US,USA,51,Chemistry/pharmacy,,Moderna,0.00020424738591884493
US0311621009,Amgen,AMG,,Biotechnology,,B,EUR,194,XET,XETR,Xetra,False,CX,D15,amgen-inc,"AMGEN INC. DL-,0001",Amgen Inc.,,250.3,0.0,0.0,1340.1062,2024-04-25T17:35:30+02:00,Health Technology,医药,医疗,生物技术,Open Market,,1002,Common shares,Registered share,US,USA,51,Chemistry/pharmacy,,Amgen,0.0
DE000A1X3W00,Medigene,MDG1,,Biotechnology,Biotechnology,A,EUR,194,XET,XETR,Xetra,False,D15,,medigene-na-o-n-konv,MEDIGENE AG NA O.N.,MEDIGENE NA O.N. KONV.,,1.515,-5.0156739812,0.0006117822,0.372084,2024-04-26T15:28:52+02:00,Health Technology,医药,医疗,生物技术,Regulated Market,Prime Standard,1002,Common shares,Registered share,DE,Germany,190,Other german shares,Biotechnology,Medigene,0.002291705935479819
US3755581036,Gilead Sciences,GIS,,Biotechnology,,C,EUR,194,XET,XETR,Xetra,False,CX,D15,gilead-sciences-inc,"GILEAD SCIENCES DL-,001",Gilead Sciences Inc.,,61.44,0.2610966057,0.0005635314,765.5424,2024-04-26T15:27:40+02:00,Health Technology,医药,医疗,生物技术,Open Market,,1002,Common shares,Registered share,US,USA,51,Chemistry/pharmacy,,Gilead Sciences,3.09910166205934e-06
DE000A11QVV0,Heidelberg Pharma,WL6,,Biotechnology,Biotechnology,D,EUR,194,XET,XETR,Xetra,False,D15,,heidelberg-pharma-ag,HEIDELBERG PHARMA AG O.N.,Heidelberg Pharma AG,,2.98,-1.6501650166,0.0001281664,1.38868,2024-04-26T12:48:38+02:00,Health Technology,医药,医疗,生物技术,Regulated Market,Prime Standard,1002,Common shares,Bearer share,DE,Germany,190,Other german shares,Biotechnology,Heidelberg Pharma,6.60030540831013e-05
US09062X1037,Biogen,IDP,,Biotechnology,,B,EUR,194,XET,XETR,Xetra,False,CX,D15,biogen-idec-inc,"BIOGEN INC. DL -,0005",Biogen Idec Inc.,,188.75,1.5877287405,0.00038713949999999995,318.42125,2024-04-26T13:32:36+02:00,Health Technology,医药,医疗,生物技术,Open Market,,1002,Common shares,Registered share,US,USA,51,Chemistry/pharmacy,,Biogen,5.191484759425233e-05
FR0004056851,VALNEVA,AYJ,,Biotechnology,Pharmaceuticals,A,EUR,194,XET,XETR,Xetra,True,CX,D15,valneva-se,"VALNEVA SE EO -,15",Valneva SE,,3.49,-0.5131128849,0.0001854871,4.847959,2024-04-26T13:46:10+02:00,Health Technology,医药,医疗,生物技术,Open Market,,1002,Common shares,Bearer share,FR,France,900,Foreign shares,,VALNEVA,9.44652184234947e-06
DE000A0BL849,Vita 34,V3V,,Biotechnology,Healthcare,A,EUR,194,XET,XETR,Xetra,False,CX,D15,vita-34-ag,VITA 34 AG NA O.N.,VITA 34 AG,,4.84,0.0,0.0,0.853776,2024-04-25T17:36:20+02:00,Health Technology,医药,医疗,生物技术,Regulated Market,Prime Standard,1002,Common shares,Registered share,DE,Germany,190,Other german shares,Healthcare,Vita 34,0.0
DE0005203947,BRAIN Biotech,BNN,,Biotechnology,"Chemicals, Specialty",B,EUR,194,XET,XETR,Xetra,True,CX,D15,brain-biotech-ag,BRAIN BIOTEC NA O.N.,BRAIN Biotech AG,,2.83,2.909090909,3.05074e-05,0.618355,2024-04-26T09:57:35+02:00,Health Technology,医药,医疗,生物技术,Regulated Market,Prime Standard,1002,Common shares,Registered share,DE,Germany,190,Other german shares,"Chemicals, Specialty",BRAIN Biotech,4.6611829489938506e-05
DE000A3H3L44,2Invest,,,Biotechnology,Biotechnology,D,EUR,194,XET,XETR,Xetra,False,D15,,2invest-ag-na-o-n,2INVEST AG NA O.N.,,,8.8,0.0,0.0,0.506,2024-04-25T17:38:31+02:00,Health Technology,医药,医疗,生物技术,Regulated Market,General Standard,1002,Common shares,Registered share,DE,Germany,172,Software,Biotechnology,2Invest,0.0
DE000HLAG475,赫伯罗特,HLAG,赫伯罗特,Marine Shipping,Logistics,D,EUR,194,XET,XETR,Xetra,False,D15,,hapag-lloyd-ag,HAPAG-LLOYD AG NA O.N.,Hapag-Lloyd AG,,169.2,-0.6459189666,0.02739233,297.38592,2024-04-26T15:27:02+02:00,Transportation,制造业,运输,海运,Regulated Market,Prime Standard,1002,Common shares,Registered share,DE,Germany,190,Other german shares,Logistics,Hapag Lloyd,0.0008564944926336819
DE000A12DM80,Scout24,G24,,Miscellaneous Commercial Services,Advertising,D,EUR,194,XET,XETR,Xetra,False,D15,,scout24-se,SCOUT24 SE NA O.N.,Scout24 SE,,68.55,0.0,0.018762697,51.4125,2024-04-26T15:25:34+02:00,Commercial Services,消费,商业服务,综合商业,Regulated Market,Prime Standard,1002,Common shares,Registered share,DE,Germany,180,Holding companies,Advertising,Scout24,0.0
US70450Y1038,PayPal Holdings,2PP,,Miscellaneous Commercial Services,,C,EUR,194,XET,XETR,Xetra,False,D15,,paypal-holdings-inc,"PAYPAL HDGS INC.DL-,0001",PayPal Holdings Inc. ,,59.9,1.0458839406,0.0107100434,642.128,2024-04-26T15:30:06+02:00,Commercial Services,消费,商业服务,综合商业,Open Market,,1002,Common shares,Registered share,US,USA,180,Holding companies,,PayPal Holdings,0.0006701839060734259
US92826C8394,Visa,3V64,,Miscellaneous Commercial Services,,D,EUR,194,XET,XETR,Xetra,False,D15,,visa-inc,"VISA INC. CL. A DL -,0001",VISA Inc.,,257.35,0.72407045,0.0015451425,4758.4015,2024-04-26T15:27:25+02:00,Commercial Services,消费,商业服务,综合商业,Open Market,,1002,Common shares,Registered share,US,USA,900,Foreign shares,,Visa,4.1482961185928756e-05
DE000A0Z23Q5,Adesso,ADN1,,Miscellaneous Commercial Services,IT-Services,C,EUR,194,XET,XETR,Xetra,False,D15,,adesso-se,ADESSO SE INH O.N.,adesso SE,,106.0,1.7274472168,0.0014535379999999999,6.9112,2024-04-26T14:49:12+02:00,Commercial Services,消费,商业服务,综合商业,Regulated Market,Prime Standard,1002,Common shares,Bearer share,DE,Germany,172,Software,IT-Services,Adesso,0.0004898595332211282
DE0007203705,SNP Schneider Neureither & Partner,SHF,,Miscellaneous Commercial Services,IT-Services,D,EUR,194,XET,XETR,Xetra,False,D15,,snp-schneider-neureither-partner-se,SNP SCHNEID.-NEUREIT.O.N.,SNP Schneider-Neureither & Partner SE,,45.0,-0.2217294901,4.66e-05,3.3255,2024-04-26T10:44:20+02:00,Commercial Services,消费,商业服务,综合商业,Regulated Market,Prime Standard,1002,Common shares,Bearer share,DE,Germany,190,Other german shares,IT-Services,SNP Schneider Neureither & Partner,5.877572708871066e-07
DE0007074007,KWS SAAT ,KWS,,Miscellaneous Commercial Services,Industrial Products & Services,A,EUR,194,XET,XETR,Xetra,False,D15,,kws-saat-se-co-kgaa,KWS SAAT KGAA INH O.N.,KWS SAAT SE & Co. KGaA,,47.1,-1.0504201681,0.0013551705,15.543,2024-04-26T15:18:25+02:00,Commercial Services,消费,商业服务,综合商业,Regulated Market,Prime Standard,1002,Common shares,Bearer share,DE,Germany,150,Consumer goods/food/breweries/paper,Industrial Products & Services,KWS SAAT ,0.00016753016830350432
US57636Q1040,Mastercard,M4I,,Miscellaneous Commercial Services,,D,EUR,194,XET,XETR,Xetra,False,D15,,mastercard-inc,"MASTERCARD INC.A DL-,0001",MasterCard Inc.,,432.5,0.7923560941,0.0023231695,6093.925,2024-04-26T15:23:22+02:00,Commercial Services,消费,商业服务,综合商业,Open Market,,1002,Common shares,Registered share,US,USA,900,Foreign shares,,Mastercard,7.070900602663147e-05
DE0005110001,All for One Group,A1OS,,Miscellaneous Commercial Services,IT-Services,C,EUR,194,XET,XETR,Xetra,False,CX,D15,all-for-one-group-se,ALL FOR ONE GROUP NA O.N.,All for One Group SE,,60.0,0.6711409395,0.000131192,2.988,2024-04-26T14:13:35+02:00,Commercial Services,消费,商业服务,综合商业,Regulated Market,Prime Standard,1002,Common shares,Registered share,DE,Germany,180,Holding companies,IT-Services,All for One Group,1.2305546804922449e-05
DE0005533400,Deutsche Grundstuecksauktionen,DGR,,Miscellaneous Commercial Services,Real Estate,C,EUR,194,XET,XETR,Xetra,False,D15,,deutsche-grundstuecksauktionen-ag,DT.GRUNDST.AUKT.AG,Deutsche Grundstücksauktionen AG,,9.25,0.0,0.0,0.148,2024-04-25T17:36:01+02:00,Commercial Services,消费,商业服务,综合商业,Open Market,Scale,1002,Common shares,Bearer share,DE,Germany,190,Other german shares,Real Estate,Deutsche Grundstuecksauktionen,0.0
DE000A2AA204,DF Deutsche Forfait,DFTK,,Miscellaneous Commercial Services,Diversified Financial,B,EUR,194,XET,XETR,Xetra,False,D15,,df-deutsche-forfait-ag,DF DT.FORFAIT AG NA O.N.,DF Deutsche Forfait AG,,1.43,-10.625,5.95213e-05,0.170027,2024-04-26T10:05:05+02:00,Commercial Services,消费,商业服务,综合商业,Regulated Market,General Standard,1002,Common shares,Registered share,DE,Germany,190,Other german shares,Diversified Financial,DF Deutsche Forfait,0.0007021340648520943
DE000A161NR7,Naga Group,N4G,,Miscellaneous Commercial Services,Securities Brokers,D,EUR,194,XET,XETR,Xetra,False,D15,,the-naga-group-ag-na-o-n,THE NAGA GROUP AG NA O.N.,The Naga Group AG,,0.91,2.4774774774,3.5354699999999995e-05,0.491855,2024-04-26T14:21:34+02:00,Commercial Services,消费,商业服务,综合商业,Open Market,Basic Board,1002,Common shares,Registered share,DE,Germany,180,Holding companies,Securities Brokers,Naga Group,4.509206939963699e-05
DE0007008906,Realtech,RTC,,Miscellaneous Commercial Services,IT-Services,C,EUR,194,XET,XETR,Xetra,False,D15,,realtech-ag,REALTECH AG O.N.,REALTECH AG,,1.05,-3.6697247707,2.1e-08,0.056595,2024-04-26T10:20:56+02:00,Commercial Services,消费,商业服务,综合商业,Regulated Market,General Standard,1002,Common shares,Bearer share,DE,Germany,190,Other german shares,IT-Services,Realtech,6.308418812760975e-08
DE0006214687,Mueller Die Lila Logistik,MLL,,Miscellaneous Commercial Services,Logistics,D,EUR,194,XET,XETR,Xetra,False,D15,,mueller-die-lila-logistik-se,MUELLER-LILA LOG. INH ON,Müller - Die lila Logistik SE,,6.4,0.0,0.0,0.50944,2024-04-25T17:36:25+02:00,Commercial Services,消费,商业服务,综合商业,Regulated Market,General Standard,1002,Common shares,Bearer share,DE,Germany,190,Other german shares,Logistics,Mueller Die Lila Logistik,0.0
DE0005104806,Syzygy,SYZ,,Miscellaneous Commercial Services,IT-Services,C,EUR,194,XET,XETR,Xetra,False,D15,,syzygy-ag,SYZYGY AG O.N.,Syzygy AG,,2.86,0.0,0.0,0.3861,2024-04-25T17:36:22+02:00,Commercial Services,消费,商业服务,综合商业,Regulated Market,Prime Standard,1002,Common shares,Bearer share,DE,Germany,190,Other german shares,IT-Services,Syzygy,0.0
DE0005228779,Orbis,OBS,,Miscellaneous Commercial Services,Industrial Products & Services,D,EUR,194,XET,XETR,Xetra,False,D15,,orbis-ag,ORBIS SE INH O.N.,ORBIS SE,,5.95,0.0,0.0,0.581315,2024-04-25T17:36:27+02:00,Commercial Services,消费,商业服务,综合商业,Regulated Market,General Standard,1002,Common shares,Bearer share,DE,Germany,190,Other german shares,Industrial Products & Services,Orbis,0.0
DE0006070006,Hochtief,HOT,,Engineering & Construction,Construction & Engineering,C,EUR,194,XET,XETR,Xetra,False,CX,D15,hochtief-ag,HOCHTIEF AG,HOCHTIEF AG,,98.5,-2.3785926661,0.030061061,76.54435,2024-04-26T15:29:23+02:00,Industrial Services,制造业,建筑业,建筑工程,Regulated Market,Prime Standard,1002,Common shares,Bearer share,DE,Germany,180,Holding companies,Construction & Engineering,Hochtief,0.009440502334453012
DE0005909006,Bilfinger,GBF,,Engineering & Construction,Industrial Products & Services,C,EUR,194,XET,XETR,Xetra,False,D15,,bilfinger-se,BILFINGER SE O.N.,Bilfinger SE,,45.2,1.3452914798,0.019053992,16.99972,2024-04-26T15:28:49+02:00,Industrial Services,制造业,建筑业,建筑工程,Regulated Market,Prime Standard,1002,Common shares,Bearer share,DE,Germany,130,Construction/ construction materials,Industrial Products & Services,Bilfinger,0.0034264695068304254
DE000A0JBPG2,PNE,PNE3,,Engineering & Construction,Renewable Energies,B,EUR,194,XET,XETR,Xetra,True,CX,D15,de000a0jbpg2-pne-ag,PNE AG NA O.N.,PNE AG,,13.32,0.6042296072,0.0015786348,10.20312,2024-04-26T15:28:10+02:00,Industrial Services,制造业,建筑业,建筑工程,Regulated Market,Prime Standard,1002,Common shares,Registered share,DE,Germany,190,Other german shares,Renewable Energies,PNE,8.634905158580297e-05
DE0005232805,Bertrandt,BDT,,Engineering & Construction,Auto Parts & Equipment,B,EUR,194,XET,XETR,Xetra,False,D15,,bertrandt-ag,BERTRANDT AG O.N.,Bertrandt AG,,40.5,0.0,0.0005323130000000001,4.1067,2024-04-26T14:43:51+02:00,Industrial Services,制造业,建筑业,建筑工程,Regulated Market,Prime Standard,1002,Common shares,Bearer share,DE,Germany,190,Other german shares,Auto Parts & Equipment,Bertrandt,0.0
DE0005760029,ABO Wind,AB9,,Engineering & Construction,,B,EUR,194,XET,XETR,Xetra,False,CX,D15,abo-wind-ag-o-n,ABO WIND AG O.N.,,,56.0,1.4492753623,0.001477174,5.1632,2024-04-26T15:06:30+02:00,Industrial Services,制造业,建筑业,建筑工程,Open Market,,1002,Common shares,Bearer share,DE,Germany,70,Service/energy,,ABO Wind,0.00041232164198483953
FR0000125486,Vinci SA,SQU,,Engineering & Construction,Construction,D,EUR,194,XET,XETR,Xetra,False,D15,,vinci-s-a,"VINCI S.A. INH. EO 2,50",VINCI S.A.,,111.1,1.0919017288,0.000363598,654.81229,2024-04-26T14:21:36+02:00,Industrial Services,制造业,建筑业,建筑工程,Open Market,,1002,Common shares,Bearer share,FR,France,130,Construction/ construction materials,,Vinci SA,2.4333424573279812e-05
DE000A0MVLS8,EnviTec Biogas,ETG,,Engineering & Construction,Renewable Energies,C,EUR,194,XET,XETR,Xetra,False,D15,,envitec-biogas-ag,ENVITEC BIOGAS O.N.,EnviTec Biogas AG,,27.9,1.0869565217,0.00069804,4.185,2024-04-26T15:21:33+02:00,Industrial Services,制造业,建筑业,建筑工程,Open Market,Basic Board,1002,Common shares,Bearer share,DE,Germany,70,Service/energy,Renewable Energies,EnviTec Biogas,0.0001312088668333548
CH0303692047,EDAG Engineering Group,ED4,,Engineering & Construction,Auto Parts & Equipment,C,EUR,194,XET,XETR,Xetra,False,D15,,edag-engineering-group-ag,"EDAG ENGINEERING G.SF-,04",Edag Engineering Group AG,,11.4,0.0,5.59625e-05,2.85,2024-04-26T10:25:53+02:00,Industrial Services,制造业,建筑业,建筑工程,Regulated Market,Prime Standard,1002,Common shares,Bearer share,CH,Switzerland,91,Automotive and mechanical engineering,Auto Parts & Equipment,EDAG Engineering Group,0.0
DE000A0LD6E6,Gerresheimer,GXI,,Containers/Packaging,Health Care,B,EUR,194,XET,XETR,Xetra,True,CX,D15,gerresheimer-ag,GERRESHEIMER AG,Gerresheimer AG,,99.9,0.7056451612,0.014424798999999999,34.50546,2024-04-26T15:28:45+02:00,Process Industries,制造业,化工,包装,Regulated Market,Prime Standard,1002,Common shares,Bearer share,DE,Germany,180,Holding companies,Health Care,Gerresheimer,0.000768212189917026
DE000A31C3Y4,Altech Advanced Materials,AMA,,Containers/Packaging,Renewable Energies,B,EUR,194,XET,XETR,Xetra,False,D15,,altech-adv-mat-na-o-n-1,ALTECH ADV.MAT. NA O.N.,,,6.4,0.0,0.0,0.48256,2024-04-25T17:36:15+02:00,Process Industries,制造业,化工,包装,Regulated Market,General Standard,1002,Common shares,Registered share,DE,Germany,180,Holding companies,Renewable Energies,Altech Advanced Materials,0.0
GB0002875804,British American Tobacco,BMT,,Tobacco,,D,EUR,194,XET,XETR,Xetra,False,D15,,british-american-tobacco-p-l-c,"BRIT.AMER.TOBACCO LS-,25",British American Tobacco p.l.c.,,27.42,-0.1092896175,0.026970828,673.673754,2024-04-26T15:30:07+02:00,Consumer Non-Durables,消费,日常消费,烟草,Open Market,,1002,Common shares,Registered share,GB,Great Britain,150,Consumer goods/food/breweries/paper,,British American Tobacco,2.931842678782446e-05
GB0004544929,Imperial Brands,ITB,,Tobacco,,D,EUR,194,XET,XETR,Xetra,False,D15,,imperial-tobacco-group-plc,IMPERIAL BRANDS PLC LS-10,Imperial Tobacco Group PLC,,21.39,-0.4189944135,0.010552850400000001,207.181401,2024-04-26T15:30:06+02:00,Consumer Non-Durables,消费,日常消费,烟草,Open Market,,1002,Common shares,Registered share,GB,Great Britain,150,Consumer goods/food/breweries/paper,,Imperial Brands,0.00016429260403122553
US02209S1033,Altria Group,PHM7,,Tobacco,,D,EUR,194,XET,XETR,Xetra,False,D15,,altria-group-inc,"ALTRIA GRP INC. DL-,333",Altria Group Inc.,,40.59,0.8196721311,0.0035844448,1138.939164,2024-04-26T15:29:59+02:00,Consumer Non-Durables,消费,日常消费,烟草,Open Market,,1002,Common shares,Registered share,US,USA,150,Consumer goods/food/breweries/paper,,Altria Group,0.00013951953611186996
US02079K3059,谷歌,ABEA,谷歌,Internet Software/Services,,C,EUR,194,XET,XETR,Xetra,False,CX,D15,alphabet-inc-class-a,"ALPHABET INC.CL.A DL-,001",Alphabet Inc. Class A,,162.94,12.2330899572,0.21480423199999998,20302.324,2024-04-26T15:30:05+02:00,Technology Services,科技,IT技术,互联网,Open Market,,1002,Common shares,Registered share,US,USA,900,Foreign shares,,Alphabet,0.3231697540801635
US30303M1027,Meta Platforms,FB2A,,Internet Software/Services,,C,EUR,194,XET,XETR,Xetra,False,CX,D15,meta-platforms,"META PLATF. A DL-,000006",Meta Platforms (ex Facebook),,412.35,2.6767928286,0.14154162550000002,10560.2835,2024-04-26T15:29:57+02:00,Technology Services,科技,IT技术,互联网,Open Market,,1002,Common shares,Registered share,US,USA,172,Software,,Meta Platforms,0.02761402044647406
DE0005089031,United Internet,UTDI,,Internet Software/Services,Internet,B,EUR,194,XET,XETR,Xetra,False,D15,,united-internet-ag,UTD.INTERNET AG NA,United Internet AG,,22.7,2.2522522522,0.012504862,43.584,2024-04-26T15:29:27+02:00,Technology Services,科技,IT技术,互联网,Regulated Market,Prime Standard,1002,Common shares,Registered share,DE,Germany,180,Holding companies,Internet,United Internet,0.004036300483852413
DE000A2LQ884,AUTO1 Group,AG1,,Internet Software/Services,"Retail, Internet",C,EUR,194,XET,XETR,Xetra,False,D15,,auto1-group,AUTO1 GROUP SE INH O.N.,AUTO1 Group SE,,4.834,4.3609671848,0.0044591429,10.4733444,2024-04-26T14:53:24+02:00,Technology Services,科技,IT技术,互联网,Regulated Market,Prime Standard,1002,Common shares,Bearer share,DE,Germany,171,Trade,"Retail, Internet",AUTO1 Group,0.005252010343287844
US02079K1079,Alphabet,ABEC,,Internet Software/Services,,D,EUR,194,XET,XETR,Xetra,False,D15,,alphabet-inc-class-c,"ALPHABET INC.CL C DL-,001",Alphabet Inc. Class C,,164.34,11.9634827633,0.1060801066,20476.764,2024-04-26T15:29:48+02:00,Technology Services,科技,IT技术,互联网,Open Market,,1002,Common shares,Registered share,US,USA,900,Foreign shares,,Alphabet,0.15488389094097726
LU1778762911,Spotify Technology SA,639,,Internet Software/Services,,C,EUR,194,XET,XETR,Xetra,False,D15,,spotify-tech-s-a-eur-1,SPOTIFY TECH. S.A. EUR 1,,,273.1,3.5842973639,0.0016073535000000001,524.767112,2024-04-26T15:29:59+02:00,Technology Services,科技,IT技术,互联网,Open Market,,1002,Common shares,Registered share,LU,Luxembourg ,174,Internet Service Provider,,Spotify Technology SA,0.0006779134517675803
DE000A1A6V48,KPS,KSC,,Internet Software/Services,IT-Services,D,EUR,194,XET,XETR,Xetra,False,D15,,kps-ag,KPS AG NA O.N.,KPS AG,,1.135,-2.9914529915,0.00043567970000000004,0.4670525,2024-04-26T13:32:27+02:00,Technology Services,科技,IT技术,互联网,Regulated Market,Prime Standard,1002,Common shares,Registered share,DE,Germany,172,Software,IT-Services,KPS,0.0007426298147222861
DE000A289B07,Teles Informationstechnologien,TLIK,,Internet Software/Services,Internet,D,EUR,194,XET,XETR,Xetra,False,D15,,teles-ag-on,TELES AG ON,,,1.04,-7.1428571429,2.48635e-05,0.064792,2024-04-26T12:54:44+02:00,Technology Services,科技,IT技术,互联网,Regulated Market,Prime Standard,1002,Common shares,Bearer share,DE,Germany,190,Other german shares,Internet,Teles Informationstechnologien,0.0001876568672424899
DE000A1K0375,Artnet,ART,,Internet Software/Services,"Retail, Internet",D,EUR,194,XET,XETR,Xetra,False,D15,,artnet-ag,ARTNET AG NA O.N.,artnet AG,,5.4,0.0,0.0,0.30834,2024-04-25T17:36:07+02:00,Technology Services,科技,IT技术,互联网,Regulated Market,Prime Standard,1002,Common shares,Registered share,DE,Germany,174,Internet Service Provider,"Retail, Internet",Artnet,0.0
DE0001262152,B+S Banksysteme,DTD2,,Internet Software/Services,Internet,C,EUR,194,XET,XETR,Xetra,False,D15,,b-s-banksysteme-aktiengesellschaft,B+S BANKSYSTEME AG O.N.,B+S Banksysteme Aktiengesellschaft,,1.67,0.0,0.0,0.103707,2024-04-25T17:36:00+02:00,Technology Services,科技,IT技术,互联网,Regulated Market,General Standard,1002,Common shares,Bearer share,DE,Germany,190,Other german shares,Internet,B+S Banksysteme,0.0
DE000A2AAA75,Seven Principles,T3T1,,Internet Software/Services,IT-Services,D,EUR,194,XET,XETR,Xetra,False,D15,,seven-principles-ag-o-n,SEVEN PRINCIPLES AG O.N.,,,5.3,0.0,0.0,0.19981,2024-04-25T17:36:11+02:00,Technology Services,科技,IT技术,互联网,Open Market,Basic Board,1002,Common shares,Bearer share,DE,Germany,172,Software,IT-Services,Seven Principles,0.0
SE0018538068,MGI-Media and Games Invest,8EW,,Internet Software/Services,Internet,D,EUR,194,XET,XETR,Xetra,False,D15,,mgi-media-and-games-inv-a,MGI-MEDIA AND GAMES INV.A,MGI – Media and Games Invest SE,MGI – Media and Games Invest SE,1.668,1.3365735115,4.18398e-05,2.65629,2024-04-26T13:55:42+02:00,Technology Services,科技,IT技术,互联网,Open Market,Scale,1002,Common shares,Registered share,SE,Sweden,172,Software,Internet,MGI-Media and Games Invest,1.2615720427700081e-05
DE000A0Z2ZZ5,freenet,FNTN,,Specialty Telecommunications,Wireless Communication,D,EUR,194,XET,XETR,Xetra,False,D15,,freenet-ag,FREENET AG NA O.N.,freenet AG,,26.98,0.7468259895,0.033721394,32.07922,2024-04-26T15:30:01+02:00,Communications,科技,通信,电信运营,Regulated Market,Prime Standard,1002,Common shares,Registered share,DE,Germany,173,Telecommunication Services,Wireless Communication,freenet,0.00200712190782511
ES0178430E18,Telefonica SA,TNE5,,Specialty Telecommunications,Telecommunications Services,C,EUR,194,XET,XETR,Xetra,False,CX,D15,telefonica-s-a,TELEFONICA INH. EO 1,Telefonica S.A.,,4.192,0.914780934,0.0026266858,241.0592832,2024-04-26T15:17:55+02:00,Communications,科技,通信,电信运营,Open Market,,1002,Common shares,Bearer share,ES,Spain,173,Telecommunication Services,,Telefonica SA,0.0001519075853883965
DE0005854343,Ecotel Communication,E4C,,Specialty Telecommunications,Fixed-Line Telecommunication,D,EUR,194,XET,XETR,Xetra,False,D15,,ecotel-communication-ag,ECOTEL COMMUNICATION AG,ecotel communication ag,,15.45,-1.2779552716,4.99035e-05,0.542295,2024-04-26T10:13:45+02:00,Communications,科技,通信,电信运营,Regulated Market,Prime Standard,1002,Common shares,Bearer share,DE,Germany,173,Telecommunication Services,Fixed-Line Telecommunication,Ecotel Communication,2.2452156944366694e-05
DE0005754402,LS telcom,LSX,,Specialty Telecommunications,Telecommunication Services,D,EUR,194,XET,XETR,Xetra,False,D15,,ls-telcom-ag,LS TELCOM AG,LS telcom AG,,4.14,-1.4285714286,1.0056e-06,0.240948,2024-04-26T11:49:39+02:00,Communications,科技,通信,电信运营,Regulated Market,General Standard,1002,Common shares,Bearer share,DE,Germany,190,Other german shares,Telecommunication Services,LS telcom,6.361364606657474e-07
DE0005118806,11 88 0 Solutions,TGT,,Specialty Telecommunications,Telecommunication Services,D,EUR,194,XET,XETR,Xetra,False,D15,,11880-solutions-ag,11 88 0 SOLUTIONS AG,11880 Solutions AG,,0.77,4.054054054,9.25e-07,0.201971,2024-04-26T09:10:04+02:00,Communications,科技,通信,电信运营,Regulated Market,Prime Standard,1002,Common shares,Bearer share,DE,Germany,173,Telecommunication Services,Telecommunication Services,11 88 0 Solutions,2.8545262629083896e-06
IT0003497168,Telecom Italia SpA,TQI,,Specialty Telecommunications,Telecommunications Services,D,EUR,194,XET,XETR,Xetra,False,D15,,telecom-italia-s-p-a,TELECOM ITALIA,Telecom Italia S.p.A.,,0.2243,0.0,0.0,47.62093113,2024-04-25T17:35:34+02:00,Communications,科技,通信,电信运营,Open Market,,1002,Common shares,Registered share,IT,Italy,173,Telecommunication Services,,Telecom Italia SpA,0.0
GB00BP6MXD84,Shell,R6C0,,Integrated Oil,Integrated Oil and Gas,D,EUR,194,XET,XETR,Xetra,False,D15,,shell,SHELL PLC EO-07,Shell plc,,34.105,0.1762373329,0.0204145421,2225.0477155,2024-04-26T15:30:04+02:00,Energy Minerals,资源,能源,石油,Open Market,,1002,Common shares,Registered share,GB,Great Britain,120,"Potash, oil, natural gas, carbon",,Shell,4.7466577802393695e-05
GB0007980591,BP,BPE5,,Integrated Oil,,C,EUR,194,XET,XETR,Xetra,False,CX,D15,bp-plc-reg-shares,"BP PLC DL-,25",BP PLC (Reg. Shares),,6.145,0.1466753585,0.023319000899999998,1037.5494525,2024-04-26T15:30:05+02:00,Energy Minerals,资源,能源,石油,Open Market,,1002,Common shares,Registered share,GB,Great Britain,120,"Potash, oil, natural gas, carbon",,BP,4.202001920503826e-05
FR0000120271,Total SA,TOTB,,Integrated Oil,Integrated Oil and Gas,D,EUR,194,XET,XETR,Xetra,False,D15,,total-s-a,"TOTALENERGIES SE EO 2,50",Total S.A.,,69.65,2.2760646108,0.029392564700000002,1680.132125,2024-04-26T15:28:39+02:00,Energy Minerals,资源,能源,石油,Open Market,,1002,Common shares,Bearer share,FR,France,120,"Potash, oil, natural gas, carbon",,Total SA,0.005486785914486423
US30231G1022,Exxon Mobil Corp,XONA,,Integrated Oil,,D,EUR,194,XET,XETR,Xetra,False,D15,,exxon-mobil-corp,EXXON MOBIL CORP.,Exxon Mobil Corp.,,110.72,-1.5472167882,0.0089957084,8878.6368,2024-04-26T15:29:56+02:00,Energy Minerals,资源,能源,石油,Open Market,,1002,Common shares,Registered share,US,USA,120,"Potash, oil, natural gas, carbon",,Exxon Mobil Corp,0.0007769216521361375
AT0000743059,OMV,OMV,,Integrated Oil,,D,EUR,194,XET,XETR,Xetra,False,D15,,omv-ag,OMV AG,OMV AG,,43.32,-0.0922509226,0.0011499292,141.773364,2024-04-26T15:14:52+02:00,Energy Minerals,资源,能源,石油,Open Market,,1002,Common shares,Bearer share,AT,Austria,70,Service/energy,,OMV,1.1371326572005425e-06
US1667641005,Chevron Corp,CHV,,Integrated Oil,Integrated Oil and Gas,C,EUR,194,XET,XETR,Xetra,False,CX,D15,chevron-corp,"CHEVRON CORP. DL-,75",Chevron Corp.,,154.36,0.8888888888,0.0063305198,3770.520848,2024-04-26T15:30:00+02:00,Energy Minerals,资源,能源,石油,Open Market,,1002,Common shares,Registered share,US,USA,120,"Potash, oil, natural gas, carbon",,Chevron Corp,0.00024534963710604924
ES0173516115,Repsol SA,REP,,Integrated Oil,Integrated Oil and Gas,D,EUR,194,XET,XETR,Xetra,False,D15,,repsol-ypf-s-a,REPSOL S.A. INH. EO 1,Repsol YPF S.A.,,14.745,-1.4371657755,8.11898e-05,179.50563,2024-04-26T11:27:09+02:00,Energy Minerals,资源,能源,石油,Open Market,,1002,Common shares,Bearer share,ES,Spain,120,"Potash, oil, natural gas, carbon",,Repsol SA,1.0174604202287961e-05
DE000A0XYG76,Deutsche Rohstoff,DR0,,Integrated Oil,Mining,C,EUR,194,XET,XETR,Xetra,False,D15,,deutsche-rohstoff-ag,DT.ROHSTOFF AG NA O.N.,Deutsche Rohstoff AG,,43.8,3.3018867924,0.005557116,2.19438,2024-04-26T15:28:26+02:00,Energy Minerals,资源,能源,石油,Open Market,Scale,1002,Common shares,Registered share,DE,Germany,180,Holding companies,Mining,Deutsche Rohstoff,0.006998322335558924
DE0006095003,Encavis,CAP,,Alternative Power Generation,Renewable Energies,D,EUR,194,XET,XETR,Xetra,False,D15,,encavis-ag,ENCAVIS AG INH. O.N.,Encavis AG,,16.94,0.1774098166,0.0229323915,27.278482,2024-04-26T15:28:16+02:00,Utilities,公用事业,电力,新能源发电,Regulated Market,Prime Standard,1002,Common shares,Bearer share,DE,Germany,190,Other german shares,Renewable Energies,Encavis,0.0001082740491855725
DE000NCA0001,thyssenkrupp nucera ,NCH2,,Alternative Power Generation,Renewable Energies,D,EUR,194,XET,XETR,Xetra,False,D15,,thyssenkrupp-nucera-o-n,THYSSENKRUPP NUCERA O.N.,thyssenkrupp nucera AG & Co. KGaA,thyssenkrupp nucera AG & Co. KGaA,11.93,2.0530367835,0.0123935559,15.069976,2024-04-26T15:28:38+02:00,Utilities,公用事业,电力,新能源发电,Regulated Market,Prime Standard,1002,Common shares,Bearer share,DE,Germany,171,Trade,Renewable Energies,thyssenkrupp nucera ,0.00441848796736204
DE000A255G02,Enapter,BUF1,,Alternative Power Generation,Renewable Energies,D,EUR,194,XET,XETR,Xetra,False,D15,,enapter-ag-inh-o-n,ENAPTER AG INH O.N.,,,5.18,-0.3846153847,0.0005320596,1.40896,2024-04-26T14:44:37+02:00,Utilities,公用事业,电力,新能源发电,Regulated Market,General Standard,1002,Common shares,Bearer share,DE,Germany,70,Service/energy,Renewable Energies,Enapter,2.3994060147091183e-05
DE0005773303,法兰克福机场,FRA,法兰克福机场,Other Transportation,Transportation Services,A,EUR,194,XET,XETR,Xetra,False,D15,,fraport-ag,FRAPORT AG FFM.AIRPORT,Fraport AG,,47.4,1.282051282,0.017875038200000002,43.79286,2024-04-26T15:28:39+02:00,Transportation,制造业,运输,其他交通,Regulated Market,Prime Standard,1002,Common shares,Bearer share,DE,Germany,190,Other german shares,Transportation Services,Fraport Frankfurt Airportrvices Worldwide,0.0024126104215299263
DE000A0S8488,Hamburger Hafen und Logistik,HHFA,,Other Transportation,Transportation Services,C,EUR,194,XET,XETR,Xetra,False,CX,D15,hamburger-hafen-und-logistik-ag,HAMBURG.HAFEN LOG.A-SP NA,Hamburger Hafen und Logistik AG,,16.74,0.0,0.0001342648,12.591828,2024-04-26T13:26:16+02:00,Transportation,制造业,运输,其他交通,Regulated Market,Prime Standard,1002,Common shares,Registered share,DE,Germany,190,Other german shares,Transportation Services,Hamburger Hafen und Logistik,0.0
DE000A161077,Ernst Russ,HXCK,,Other Transportation,Diversified Financial,D,EUR,194,XET,XETR,Xetra,False,D15,,ernst-russ-ag,ERNST RUSS AG NA O.N.,Ernst Russ AG,,6.42,-0.6191950465,1.69488e-05,2.082006,2024-04-26T12:03:12+02:00,Transportation,制造业,运输,其他交通,Open Market,Scale,1002,Common shares,Registered share,DE,Germany,190,Other german shares,Diversified Financial,Ernst Russ,1.5537634376482458e-06
US55087P1049,Lyft,LY0,,Other Transportation,,D,EUR,194,XET,XETR,Xetra,False,D15,,lyft-inc-cl-a-00001,"LYFT INC. CL.A -,00001",,,15.182,1.8652710681,5.886e-05,52.36848716,2024-04-26T15:25:00+02:00,Transportation,制造业,运输,其他交通,Open Market,,1002,Common shares,Registered share,US,USA,900,Foreign shares,,Lyft,1.3759461839152096e-05
DE0006766504,Aurubis,NDA,,Other Metals/Minerals,Steel & Other Metals,A,EUR,194,XET,XETR,Xetra,False,D15,,aurubis-ag,AURUBIS AG,Aurubis AG,,74.9,3.2391454169,0.037149777,33.67504,2024-04-26T15:30:03+02:00,Non-Energy Minerals,资源,矿产,其他金属,Regulated Market,Prime Standard,1002,Common shares,Bearer share,DE,Germany,110,"Non-ferrous metals, wire plantsand cabels",Steel & Other Metals,Aurubis,0.021633610134454924
GB0007188757,Rio Tinto,RIO1,,Other Metals/Minerals,,D,EUR,194,XET,XETR,Xetra,False,D15,,rio-tinto-plc,"RIO TINTO PLC LS-,10",Rio Tinto PLC,,64.19,1.7274167987,0.016879085500000002,803.222308,2024-04-26T15:30:04+02:00,Non-Energy Minerals,资源,矿产,其他金属,Open Market,,1002,Common shares,Registered share,GB,Great Britain,110,"Non-ferrous metals, wire plantsand cabels",,Rio Tinto,0.0022696447364766244
GB00B1XZS820,Anglo American,NGLB,,Other Metals/Minerals,,D,EUR,194,XET,XETR,Xetra,False,D15,,anglo-american-plc,"ANGLO AMERICAN DL-,54945",Anglo American plc,,31.47,6.3175675675,0.052169040300000004,420.936426,2024-04-26T15:24:56+02:00,Non-Energy Minerals,资源,矿产,其他金属,Open Market,,1002,Common shares,Registered share,GB,Great Britain,900,Foreign shares,,Anglo American,0.050241261385091475
DE000A1K0201,Gesco,GSC1,,Other Metals/Minerals,"Industrial, Diversified",D,EUR,194,XET,XETR,Xetra,False,D15,,gesco-ag,GESCO SE NA O.N.,Gesco SE,Gesco SE,19.05,1.6,0.00018643,2.06502,2024-04-26T12:02:40+02:00,Non-Energy Minerals,资源,矿产,其他金属,Regulated Market,Prime Standard,1002,Common shares,Registered share,DE,Germany,180,Holding companies,"Industrial, Diversified",Gesco,8.075301457699829e-05
BE0974320526,Umicore SA,NVJP,,Other Metals/Minerals,Specialty Chemicals,D,EUR,194,XET,XETR,Xetra,False,D15,,umicore-s-a,UMICORE S.A.,,,21.3,0.2824858757,0.00011615,52.4832,2024-04-26T12:29:19+02:00,Non-Energy Minerals,资源,矿产,其他金属,Open Market,,1002,Common shares,Registered share,BE,Belgium,61,Electronic engineering,,Umicore SA,1.132315722784403e-06
DE0007231326,SIXT租车,SIX2,SIXT租车,Finance/Rental/Leasing,Transportation Services,C,EUR,194,XET,XETR,Xetra,False,CX,D15,sixt-se-st,SIXT SE ST O.N.,Sixt SE St,,89.7,1.64305949,0.0237028825,42.10518,2024-04-26T15:30:04+02:00,Finance,金融,资产管理,金融租赁,Regulated Market,Prime Standard,1002,Common shares,Bearer share,DE,Germany,170,Traffic,Transportation Services,Sixt,0.004761678480525314
DE0007231334,Sixt,SIX3,,Finance/Rental/Leasing,Transportation Services,D,EUR,194,XET,XETR,Xetra,False,D15,,sixt-se-vz,SIXT SE VZO O.N.,Sixt SE Vz,,63.9,0.7886435331,0.002811487,29.99466,2024-04-26T15:26:27+02:00,Finance,金融,资产管理,金融租赁,Regulated Market,Prime Standard,1003,Preffered shares,Bearer share,DE,Germany,170,Traffic,Transportation Services,Sixt,0.00018603543512752492
DE000A161N30,Grenke,GLJ,,Finance/Rental/Leasing,Diversified Financial,D,EUR,194,XET,XETR,Xetra,False,D15,,grenke-ag,GRENKE AG NA O.N.,Grenke AG,,21.85,0.6912442396,0.005018944,10.16025,2024-04-26T15:23:36+02:00,Finance,金融,资产管理,金融租赁,Regulated Market,Prime Standard,1002,Common shares,Registered share,DE,Germany,190,Other german shares,Diversified Financial,Grenke,0.0003456732905726463
LU2333563281,Tonies,TNIE,,Finance/Rental/Leasing,"Leisure, Goods & Services",C,EUR,194,XET,XETR,Xetra,False,CX,D15,tonies-se,TONIES SE EO 1,tonies SE,tonies SE,5.24,2.7450980392,0.00022091099999999999,6.64694,2024-04-26T14:34:50+02:00,Finance,金融,资产管理,金融租赁,Regulated Market,Prime Standard,1002,Common shares,Bearer share,LU,Luxembourg ,160,Entertainment/Leisure,"Leisure, Goods & Services",Tonies,0.00015132190611711428
US0258161092,American Express Co,AEC1,,Finance/Rental/Leasing,,C,EUR,194,XET,XETR,Xetra,False,CX,D15,american-express-co,"AMER. EXPRESS DL -,20",American Express Co.,,220.0,-0.4975124379,0.0027743704999999997,1590.6,2024-04-26T15:30:06+02:00,Finance,金融,资产管理,金融租赁,Open Market,,1002,Common shares,Registered share,US,USA,81,Bank/insurance,,American Express Co,4.42338449789597e-05
DE0006569403,Albis Leasing,ALG,,Finance/Rental/Leasing,Diversified Financial,B,EUR,194,XET,XETR,Xetra,False,CX,D15,albis-leasing-ag,ALBIS LEASING AG O.N.,ALBIS Leasing AG,,2.26,-1.7391304348,3.12114e-05,0.47912,2024-04-26T09:07:59+02:00,Finance,金融,资产管理,金融租赁,Regulated Market,General Standard,1002,Common shares,Bearer share,DE,Germany,170,Traffic,Diversified Financial,Albis Leasing,2.343694672275915e-05
LU2290523658,HomeToGo,HTG,,Finance/Rental/Leasing,"Retail, Internet",C,EUR,194,XET,XETR,Xetra,False,CX,D15,hometogose,HOMETOGO SE EO 1,HomeToGo SE,,1.935,-3.25,6.6951e-06,2.460159,2024-04-26T09:04:12+02:00,Finance,金融,资产管理,金融租赁,Regulated Market,Prime Standard,1002,Common shares,Bearer share,LU,Luxembourg ,174,Internet Service Provider,"Retail, Internet",HomeToGo,7.94630921670228e-06
FI4000106299,Ferratum Oyj,FRU,,Finance/Rental/Leasing,Diversified Financial,B,EUR,194,XET,XETR,Xetra,False,D15,,multitude-se,MULTITUDE SE,Multitude SE,,5.4,0.0,0.0,1.17288,2024-04-25T17:35:55+02:00,Finance,金融,资产管理,金融租赁,Regulated Market,Prime Standard,1002,Common shares,Registered share,FI,Finland,180,Holding companies,Diversified Financial,Ferratum Oyj,0.0
DE0008019001,Deutsche Pfandbriefbank,PBB,,Major Banks,Credit Banks,C,EUR,194,XET,XETR,Xetra,False,CX,D15,deutsche-pfandbriefbank-ag,DT.PFANDBRIEFBK AG,Deutsche Pfandbriefbank AG,,4.61,3.2706093189,0.00585445,6.199528,2024-04-26T15:28:33+02:00,Finance,金融,银行,主要银行,Regulated Market,Prime Standard,1002,Common shares,Bearer share,DE,Germany,81,Bank/insurance,Credit Banks,Deutsche Pfandbriefbank,0.005284861703696323
NL0011821202,ING Groep,INN1,,Major Banks,Banks,D,EUR,194,XET,XETR,Xetra,False,D15,,ing-group-n-v,"ING GROEP NV EO -,01",ING Group N.V.,,14.852,1.0890280424,0.0067759827000000005,519.5511788,2024-04-26T15:27:20+02:00,Finance,金融,银行,主要银行,Open Market,,1002,Common shares,Registered share,NL,Netherlands ,81,Bank/insurance,,ING Groep,0.00046592332218052345
ES0113900J37,Banco Santander SA,BSD2,,Major Banks,Banks,A,EUR,194,XET,XETR,Xetra,False,D15,,banco-santander-s-a,"BCO SANTANDER N.EO0,5",Banco Santander S.A,,4.875,2.6207767603,0.0035300390000000004,788.9773125,2024-04-26T14:50:13+02:00,Finance,金融,银行,主要银行,Open Market,,1002,Common shares,Registered share,ES,Spain,81,Bank/insurance,,Banco Santander SA,0.0008930893442180975
GB0005405286,HSBC Holdings,HBC1,,Major Banks,,C,EUR,194,XET,XETR,Xetra,False,CX,D15,hsbc-holdings-plc,"HSBC HLDGS PLC DL-,50",HSBC Holdings PLC,,7.783,0.3481175863,0.0019875452,1499.2182759,2024-04-26T14:48:11+02:00,Finance,金融,银行,主要银行,Open Market,,1002,Common shares,Registered share,GB,Great Britain,180,Holding companies,,HSBC Holdings,1.6946868212195703e-05
IT0005239360,UniCredit SpA,CRIN,,Major Banks,Credit Banks,C,EUR,194,XET,XETR,Xetra,False,CX,D15,unicredit-s-p-a,UNICREDIT,Unicredit S.p.A.,,35.35,2.0349256747,0.0056455052,605.34047,2024-04-26T14:58:04+02:00,Finance,金融,银行,主要银行,Regulated Market,General Standard,1002,Common shares,Registered share,IT,Italy,81,Bank/insurance,Credit Banks,UniCredit SpA,0.001012553001086179
FR0000131104,BNP Paribas SA,BNP,,Major Banks,Banks,D,EUR,194,XET,XETR,Xetra,False,D15,,bnp-paribas-s-a,BNP PARIBAS INH. EO 2,BNP Paribas S.A.,,67.8,-0.9206488383,0.0022597602,777.9711,2024-04-26T14:04:32+02:00,Finance,金融,银行,主要银行,Open Market,,1002,Common shares,Bearer share,FR,France,81,Bank/insurance,,BNP Paribas SA,0.0001119133485173666
IT0000072618,Intesa Sanpaolo SpA,IES,,Major Banks,Banks,C,EUR,194,XET,XETR,Xetra,False,CX,D15,intesa-sanpaolo-s-p-a,INTESA SANPAOLO,Intesa Sanpaolo S.p.A.,,3.553,1.5868477483,0.0010998388,674.672064,2024-04-26T14:43:54+02:00,Finance,金融,银行,主要银行,Open Market,,1002,Common shares,Registered share,IT,Italy,81,Bank/insurance,,Intesa Sanpaolo SpA,0.00013267005872208304
US0605051046,Bank of America Corp,NCB,,Major Banks,,B,EUR,194,XET,XETR,Xetra,False,D15,,bank-of-america-corp,"BANK AMERICA DL 0,01",Bank of America Corp.,,35.365,0.540156361,0.00038373339999999995,2793.6758575,2024-04-26T15:29:55+02:00,Finance,金融,银行,主要银行,Open Market,,1002,Common shares,Registered share,US,USA,81,Bank/insurance,,Bank of America Corp,6.6143607915483e-06
US46625H1005,JPMorgan Chase ,CMC,,Major Banks,,C,EUR,194,XET,XETR,Xetra,False,CX,D15,jpmorgan-chase-co,JPMORGAN CHASE DL 1,JPMorgan Chase & Co.,,180.46,0.1554001554,0.0010368988000000001,7407.756678,2024-04-26T15:19:05+02:00,Finance,金融,银行,主要银行,Open Market,,1002,Common shares,Registered share,US,USA,180,Holding companies,,JPMorgan Chase ,1.6711712596329678e-06
AT0000606306,Raiffeisen Bank International,RAW,,Major Banks,,C,EUR,194,XET,XETR,Xetra,False,CX,D15,raiffeisen-bank-intl-ag,RAIFFEISEN BK INTL INH.,Raiffeisen Bank Intl AG,,18.32,0.6040637012,0.0003263445,60.261808,2024-04-26T15:23:06+02:00,Finance,金融,银行,主要银行,Open Market,,1002,Common shares,Bearer share,AT,Austria,900,Foreign shares,,Raiffeisen Bank International,1.1916013728393879e-05
FR0000130809,Societe Generale SA,SGE,,Major Banks,Banks,D,EUR,194,XET,XETR,Xetra,False,D15,,societe-generale-s-a,"STE GENERALE INH. EO 1,25",Société Générale S.A.,,25.415,1.2549800796,2.3096399999999998e-05,204.077367,2024-04-26T15:23:51+02:00,Finance,金融,银行,主要银行,Open Market,,1002,Common shares,Bearer share,FR,France,81,Bank/insurance,,Societe Generale SA,2.288232351798244e-06
AT0000652011,Erste Group Bank,EBO,,Major Banks,,D,EUR,194,XET,XETR,Xetra,False,D15,,erste-bank-austria,ERSTE GROUP BNK INH. O.N.,Erste Bank Austria,,44.46,-0.5146565228,0.0004269505,187.136586,2024-04-26T15:29:45+02:00,Finance,金融,银行,主要银行,Open Market,,1002,Common shares,Bearer share,AT,Austria,81,Bank/insurance,,Erste Group Bank,9.693625121300685e-06
IE00BD1RP616,Bank of Ireland Group,BIRG,,Major Banks,Banks,C,EUR,194,XET,XETR,Xetra,False,D15,,bk-of-ireld-grp-eo-1,BK OF IRELD GRP EO 1,,,10.195,-1.1154219205,0.0006526276999999999,107.724448,2024-04-26T13:47:28+02:00,Finance,金融,银行,主要银行,Open Market,,1002,Common shares,Registered share,IE,Ireland,81,Bank/insurance,,Bank of Ireland Group,5.9486985384810484e-05
ES0113211835,Banco Bilbao Vizcaya Argentaria SA,BOY,,Major Banks,Banks,D,EUR,194,XET,XETR,Xetra,False,D15,,banco-bilbao-vizcaya-argent,BCO BIL.VIZ.ARG.NOM.EO-49,Banco Bilbao Vizcaya Argent,,10.88,3.5697287006,0.00024118599999999998,635.167872,2024-04-26T15:22:31+02:00,Finance,金融,银行,主要银行,Open Market,,1002,Common shares,Registered share,ES,Spain,81,Bank/insurance,,Banco Bilbao Vizcaya Argentaria SA,9.854284886824124e-05
GB0008706128,Lloyds Banking Group,LLD,,Major Banks,,D,EUR,194,XET,XETR,Xetra,False,D15,,lloyds-tsb-group-plc,"LLOYDS BKG GRP LS-,10",Lloyds TSB Group PLC,,0.605,0.8333333333,0.000221825,384.659,2024-04-26T14:07:43+02:00,Finance,金融,银行,主要银行,Open Market,,1002,Common shares,Registered share,GB,Great Britain,81,Bank/insurance,,Lloyds Banking Group,1.0257972651058687e-05
DE000A2NB601,Jenoptik,JEN,,Electronic Components,Advanced Industrial Equipment,B,EUR,194,XET,XETR,Xetra,False,CX,D15,jenoptik-ag,JENOPTIK AG NA O.N.,Jenoptik AG,,25.4,2.7508090614,0.0159870828,14.53896,2024-04-26T15:25:32+02:00,Electronic Technology,科技,电子,元器件,Regulated Market,Prime Standard,1002,Common shares,Registered share,DE,Germany,61,Electronic engineering,Advanced Industrial Equipment,Jenoptik,0.008903937905266756
DE0005104400,Atoss Software,AOF,,Electronic Components,Software,B,EUR,194,XET,XETR,Xetra,False,CX,D15,atoss-software-ag,ATOSS SOFTWARE AG,ATOSS Software AG,,253.0,3.0549898167,0.00676332,20.1135,2024-04-26T15:21:35+02:00,Electronic Technology,科技,电子,元器件,Regulated Market,Prime Standard,1002,Common shares,Bearer share,DE,Germany,172,Software,Software,Atoss Software,0.004060190150141945
DE0005102008,Basler,BSL,,Electronic Components,Advanced Industrial Equipment,C,EUR,194,XET,XETR,Xetra,False,CX,D15,basler-ag,BASLER AG O.N.,Basler AG,,10.78,0.7476635514,3.005e-06,3.3957,2024-04-26T14:31:06+02:00,Electronic Technology,科技,电子,元器件,Regulated Market,Prime Standard,1002,Common shares,Bearer share,DE,Germany,61,Electronic engineering,Advanced Industrial Equipment,Basler,3.2499467867786107e-07
AT0000969985,AT & S Austria Technologie & Systemtechnik,AUS,,Electronic Components,,C,EUR,194,XET,XETR,Xetra,True,CX,D15,at-s-austria-tech-system-ag,AT+S AUSTR.T.+SYSTEMT.,AT&S Austria Tech. & System. AG,,20.4,1.3916500994,0.0003556568,7.9254,2024-04-26T13:25:49+02:00,Electronic Technology,科技,电子,元器件,Open Market,,1002,Common shares,Bearer share,AT,Austria,900,Foreign shares,,AT & S Austria Technologie & Systemtechnik,8.231716641938978e-05
DE0005407100,CENIT,CSH,,Electronic Components,IT-Services,A,EUR,194,XET,XETR,Xetra,False,D15,,cenit-ag,CENIT AG O.N.,CENIT AG,,13.1,1.5503875968,0.000186582,1.09647,2024-04-26T12:28:06+02:00,Electronic Technology,科技,电子,元器件,Regulated Market,Prime Standard,1002,Common shares,Bearer share,DE,Germany,190,Other german shares,IT-Services,CENIT,9.374372635314495e-05
DE0005874846,InTiCa Systems,IS7,,Electronic Components,Electronic Components & Hardware,B,EUR,194,XET,XETR,Xetra,False,D15,,intica-systems-ag,INTICA SYSTEMS INH O.N.,InTiCa Systems SE,InTiCa Systems SE,4.1,3.0150753768,1.066e-06,0.17589,2024-04-26T09:02:26+02:00,Electronic Technology,科技,电子,元器件,Regulated Market,Prime Standard,1002,Common shares,Bearer share,DE,Germany,61,Electronic engineering,Electronic Components & Hardware,InTiCa Systems,2.187957357946193e-06
LU0472835155,exceet Group SA,EXC,,Electronic Components,Electronic Components & Hardware,A,EUR,194,XET,XETR,Xetra,False,D15,,h2apex-group-sca,H2APEX GROUP SCA RED. A,H2APEX Group SCA,,6.05,0.0,0.0,2.19978,2024-04-25T17:35:36+02:00,Electronic Technology,科技,电子,元器件,Regulated Market,Prime Standard,1002,Common shares,Bearer share,LU,Luxembourg ,900,Foreign shares,Electronic Components & Hardware,exceet Group SA,0.0
DE0007297004,Suedzucker,SZU,,Food: Specialty/Candy,Food,C,EUR,194,XET,XETR,Xetra,False,CX,D15,suedzucker-ag,SUEDZUCKER AG O.N.,Südzucker AG,,13.07,0.0,0.0057191325,26.686326,2024-04-26T15:25:29+02:00,Consumer Non-Durables,消费,食品饮料,零食,Regulated Market,Prime Standard,1002,Common shares,Bearer share,DE,Germany,150,Consumer goods/food/breweries/paper,Food,Suedzucker,0.0
US6092071058,Mondelez International,KTF,,Food: Specialty/Candy,,C,EUR,194,XET,XETR,Xetra,False,CX,D15,mondelez-international-inc,MONDELEZ INTL INC. A,Mondelez International Inc.,,65.58,-0.6664647077,0.001063513,912.6316098,2024-04-26T15:27:40+02:00,Consumer Non-Durables,消费,食品饮料,零食,Open Market,,1002,Common shares,Registered share,US,USA,150,Consumer goods/food/breweries/paper,,Mondelez International,3.0053190666186597e-05
US4878361082,Kellogg Co,KEL,,Food: Specialty/Candy,,C,EUR,194,XET,XETR,Xetra,False,CX,D15,kellogg-co,"KELLANOVA CO. DL -,25",Kellogg Co.,,54.58,0.0,0.0,229.961914,2024-04-25T17:35:55+02:00,Consumer Non-Durables,消费,食品饮料,零食,Open Market,,1002,Common shares,Registered share,US,USA,150,Consumer goods/food/breweries/paper,,Kellogg Co,0.0
DE000A1EMHE0,Tonkensrar,GTK,,Food: Specialty/Candy,Food,D,EUR,194,XET,XETR,Xetra,False,D15,,tonkens-agrar-ag,TONKENS AGRAR AG,Tonkens Agrar AG,,6.6,0.0,0.0,0.10956,2024-04-25T17:36:03+02:00,Consumer Non-Durables,消费,食品饮料,零食,Open Market,,1002,Common shares,Bearer share,DE,Germany,190,Other german shares,Food,Tonkensrar,0.0
AT000AGRANA3,Agrana Beteiligungs,AGB2,,Food: Specialty/Candy,,D,EUR,194,XET,XETR,Xetra,False,D15,,agrana-bet-ag-inh,AGRANA BET.AG INH.,,,13.5,0.3717472118,3.78e-06,8.43615,2024-04-26T15:06:32+02:00,Consumer Non-Durables,消费,食品饮料,零食,Open Market,,1002,Common shares,Bearer share,AT,Austria,150,Consumer goods/food/breweries/paper,,Agrana Beteiligungs,9.290672870664422e-08
DE000DWS1007,德意志资产管理,DWS,德意志资产管理,Investment Managers,Diversified Financial,D,EUR,194,XET,XETR,Xetra,False,D15,,dws-group-gmbh-co-kgaa,DWS GROUP GMBH+CO.KGAA ON,DWS Group GmbH & Co. KGaA,,40.22,2.7593254982,0.0360505174,80.44,2024-04-26T15:25:06+02:00,Finance,金融,资产管理,投资经理,Regulated Market,Prime Standard,1002,Common shares,Bearer share,DE,Germany,180,Holding companies,Diversified Financial,DWS Group GmbH,0.013982312212871084
DE000A2NB650,Mutares ,,,Investment Managers,Private Equity & Venture Capital,D,EUR,194,XET,XETR,Xetra,False,D15,,mutares-se-co-kgaa,MUTARES KGAA NA O.N.,Mutares SE & Co. KGaA,,41.55,2.4660912453,0.00439889,8.75043,2024-04-26T15:19:14+02:00,Finance,金融,资产管理,投资经理,Regulated Market,Prime Standard,1002,Common shares,Registered share,DE,Germany,190,Other german shares,Private Equity & Venture Capital,Mutares ,0.0023803198890588236
DE000A1TNV91,Bitcoin Group,ADE,,Investment Managers,,C,EUR,194,XET,XETR,Xetra,False,D15,,bitcoin-group-se,BITCOIN GROUP SE O.N.,Bitcoin Group SE,,55.3,4.3396226415,0.019025107,2.765,2024-04-26T15:30:05+02:00,Finance,金融,资产管理,投资经理,Open Market,,1002,Common shares,Bearer share,DE,Germany,172,Software,,Bitcoin Group,0.03291472062544141
AT0000A25NJ6,Wolftank Adisa Holding,WAH,,Investment Managers,,D,EUR,194,XET,XETR,Xetra,False,D15,,wolftank-adisa-hldg-o-n,WOLFTANK-ADISA HLDG O.N.,,,9.7,-1.0204081633,3.3055e-05,0.51216,2024-04-26T12:13:45+02:00,Finance,金融,资产管理,投资经理,Open Market,,1002,Common shares,Bearer share,AT,Austria,180,Holding companies,,Wolftank Adisa Holding,1.0495882238847907e-05
DE000A2GS609,Wallstreet online,WSO1,,Investment Managers,Diversified Financial,D,EUR,194,XET,XETR,Xetra,False,D15,,smartbroker-holding-ag,SMARTBROKER HLDG INH O.N.,Smartbroker Holding AG,,6.6,0.0,0.00044383480000000005,1.03488,2024-04-26T14:01:25+02:00,Finance,金融,资产管理,投资经理,Open Market,Basic Board,1002,Common shares,Bearer share,DE,Germany,174,Internet Service Provider,Diversified Financial,Wallstreet online,0.0
DE0006569908,MLP,MLP,,Investment Managers,Diversified Financial,A,EUR,194,XET,XETR,Xetra,False,D15,,mlp-se,MLP SE INH. O.N.,MLP SE,,5.56,-0.1795332137,0.0002224,6.078748,2024-04-26T14:31:40+02:00,Finance,金融,资产管理,投资经理,Regulated Market,Prime Standard,1002,Common shares,Bearer share,DE,Germany,180,Holding companies,Diversified Financial,MLP,1.5766857796085875e-06
DE000A0B9N37,JDC Group,A8A,,Investment Managers,Diversified Financial,D,EUR,194,XET,XETR,Xetra,False,D15,,jdc-group-ag,JDC GROUP AG O.N.,JDC Group AG,,22.3,2.2935779816,0.00083502,3.04841,2024-04-26T15:08:34+02:00,Finance,金融,资产管理,投资经理,Open Market,Scale,1002,Common shares,Bearer share,DE,Germany,190,Other german shares,Diversified Financial,JDC Group,0.0005540472779384925
DE000A168205,Shareholder Value Beteiligungen,SVE,,Investment Managers,Private Equity & Venture Capital,D,EUR,194,XET,XETR,Xetra,False,D15,,sharehold-val-bet-na-o-n,SHAREHOLD.VAL.BET.NA O.N.,SHAREHOLD.VAL.BET.NA O.N.,,82.5,0.0,0.0,0.5775,2024-04-25T17:36:03+02:00,Finance,金融,资产管理,投资经理,Open Market,Basic Board,1002,Common shares,Registered share,DE,Germany,190,Other german shares,Private Equity & Venture Capital,Shareholder Value Beteiligungen,0.0
DE0006208408,Kap,IUR,,Investment Managers,Diversified Financial,D,EUR,194,XET,XETR,Xetra,False,D15,,kap-ag,KAP AG INH O.N.,KAP AG,,10.2,0.9900990099,2.04e-05,0.79254,2024-04-26T09:57:58+02:00,Finance,金融,资产管理,投资经理,Regulated Market,Prime Standard,1002,Common shares,Bearer share,DE,Germany,180,Holding companies,Diversified Financial,Kap,5.504313667047981e-06
DE0008041005,Deutsche Effecten und Wechsel Beteiligungsgesellschaft,EFF,,Investment Managers,Diversified Financial,D,EUR,194,XET,XETR,Xetra,False,D15,,deutsche-effecten-und-wechsel-beteiligungsges-ag,DT.EFF.U.WECH.-BET.G.O.N.,Deutsche Effecten- und Wechsel- Beteiligungsges. AG,,0.51,-0.9708737865,6.14228e-05,0.085425,2024-04-26T10:27:19+02:00,Finance,金融,资产管理,投资经理,Open Market,Basic Board,1002,Common shares,Bearer share,DE,Germany,180,Holding companies,Diversified Financial,Deutsche Effecten und Wechsel Beteiligungsgesellschaft,2.3491700801729862e-05
DE000A1MMEV4,SGT German Private Equity GmbH ,GSJ,,Investment Managers,Private Equity & Venture Capital,D,EUR,194,XET,XETR,Xetra,False,D15,,sgt-german-private-equity-gmbh-co-kgaa,SGT GRM.PE KGAA NA O.N.,SGT German Private Equity GmbH & Co. KGaA,,0.565,0.0,0.0,0.26442,2024-04-25T17:36:26+02:00,Finance,金融,资产管理,投资经理,Open Market,Scale,1002,Common shares,Registered share,DE,Germany,190,Other german shares,Private Equity & Venture Capital,SGT German Private Equity GmbH ,0.0
DE0005775803,Foris,FRS,,Investment Managers,Diversified Financial,D,EUR,194,XET,XETR,Xetra,False,D15,,foris-ag,FORIS AG,FORIS AG,,1.61,0.0,2.093e-06,0.074543,2024-04-26T09:08:22+02:00,Finance,金融,资产管理,投资经理,Regulated Market,General Standard,1002,Common shares,Bearer share,DE,Germany,190,Other german shares,Diversified Financial,Foris,0.0
DE000A1RFMZ1,SM Wirtschaftsberatungs,SMWN,,Investment Managers,Diversified Financial,D,EUR,194,XET,XETR,Xetra,False,D15,,sm-wirtschaftsberatungs-ag,SM WIRTSCHAFTSBER.NA.O.N.,SM Wirtschaftsberatungs AG,,5.9,0.0,0.0,0.23482,2024-04-25T17:36:03+02:00,Finance,金融,资产管理,投资经理,Open Market,Basic Board,1002,Common shares,Registered share,DE,Germany,190,Other german shares,Diversified Financial,SM Wirtschaftsberatungs,0.0
DE0006286560,OVB Holding,O4B,,Investment Managers,Diversified Financial,D,EUR,194,XET,XETR,Xetra,False,D15,,ovb-holding-ag,OVB HOLDING AG,OVB Holding AG,,19.5,0.0,0.0,2.77875,2024-04-25T17:36:15+02:00,Finance,金融,资产管理,投资经理,Regulated Market,Prime Standard,1002,Common shares,Bearer share,DE,Germany,190,Other german shares,Diversified Financial,OVB Holding,0.0
DE000A1MME74,Netfonds,NF4,,Investment Managers,,C,EUR,194,XET,XETR,Xetra,False,CX,D15,netfonds-ag-vna-o-n,NETFONDS AG VNA O.N.,,,47.6,1.2765957446,0.000266012,1.10908,2024-04-26T10:02:42+02:00,Finance,金融,资产管理,投资经理,Open Market,,1002,Common shares,Registered share,DE,Germany,190,Other german shares,,Netfonds,9.806504462181544e-05
DE000A12UP29,Lloyd Fonds,L1OA,,Investment Managers,Diversified Financial,D,EUR,194,XET,XETR,Xetra,False,D15,,lloyd-fonds-ag,LAIQON AG INH O.N.,LAIQON AG ,LAIQON AG ,5.06,2.8455284552,1.012e-06,0.884994,2024-04-26T13:12:54+02:00,Finance,金融,资产管理,投资经理,Open Market,Scale,1002,Common shares,Bearer share,DE,Germany,190,Other german shares,Diversified Financial,Lloyd Fonds,1.3571974870323236e-06
DE000A2G9M17,Capsensixx,CPX,,Investment Managers,Diversified Financial,D,EUR,194,XET,XETR,Xetra,False,D15,,capsensixx-ag-inh-o-n,CAPSENSIXX AG INH O.N.,,,14.7,0.0,0.0,0.45423,2024-04-25T17:36:23+02:00,Finance,金融,资产管理,投资经理,Regulated Market,General Standard,1002,Common shares,Bearer share,DE,Germany,190,Other german shares,Diversified Financial,Capsensixx,0.0
AT0000A0E9W5,KONTRON,SANT,,Electronic Equipment/Instruments,Electronic Components & Hardware,D,EUR,194,XET,XETR,Xetra,False,D15,,kontron-ag,KONTRON AG O.N,Kontron AG,Kontron AG,19.02,-0.2621919245,0.0029785009,12.146172,2024-04-26T14:52:57+02:00,Electronic Technology,科技,电子,仪器设备,Regulated Market,Prime Standard,1002,Common shares,Bearer share,AT,Austria,171,Trade,Electronic Components & Hardware,KONTRON,3.527277920021531e-05
DE0005855183,MS Industrie,MSAG,,Electronic Equipment/Instruments,Diversified Financial,B,EUR,194,XET,XETR,Xetra,False,CX,D15,ms-industrie-ag,MS INDUSTRIE AG,MS Industrie AG,,1.71,0.0,0.0,0.513,2024-04-25T17:36:11+02:00,Electronic Technology,科技,电子,仪器设备,Regulated Market,General Standard,1002,Common shares,Bearer share,DE,Germany,190,Other german shares,Diversified Financial,MS Industrie,0.0
DE000A0MSN11,Nynomic,M7U,,Electronic Equipment/Instruments,Advanced Industrial Equipment,B,EUR,194,XET,XETR,Xetra,False,CX,D15,nynomic-ag,NYNOMIC AG INH O.N.,Nynomic AG,,29.1,2.1052631578,0.000215185,1.89732,2024-04-26T13:12:51+02:00,Electronic Technology,科技,电子,仪器设备,Open Market,Scale,1002,Common shares,Bearer share,DE,Germany,180,Holding companies,Advanced Industrial Equipment,Nynomic,0.00014584241713278028
DE0005498901,Data Modul Produktion und Vertrieb von Elektronischen Systemen,DAM,,Electronic Equipment/Instruments,Electronic Components & Hardware,B,EUR,194,XET,XETR,Xetra,False,CX,D15,data-modul-ag,DATA MODUL AG O.N.,Data Modul AG,,35.4,0.0,0.0,1.24962,2024-04-25T17:38:39+02:00,Electronic Technology,科技,电子,仪器设备,Regulated Market,Prime Standard,1002,Common shares,Bearer share,DE,Germany,171,Trade,Electronic Components & Hardware,Data Modul Produktion und Vertrieb von Elektronischen Systemen,0.0
DE0006627201,Muehlbauer Holding,MUB,,Electronic Equipment/Instruments,Electronic Components & Hardware,D,EUR,194,XET,XETR,Xetra,False,D15,,muehlbauer-holding-ag,MUEHLBAUER HOLD.AG O.N.,Mühlbauer Holding AG,,54.5,0.0,0.001216105,8.0115,2024-04-26T11:28:36+02:00,Electronic Technology,科技,电子,仪器设备,Open Market,Basic Board,1002,Common shares,Bearer share,DE,Germany,180,Holding companies,Electronic Components & Hardware,Muehlbauer Holding,0.0
DE0007257503,Ceconomy,CEC,,Department Stores,"Retail, Specialty",C,EUR,194,XET,XETR,Xetra,False,CX,D15,ceconomy-st,CECONOMY AG INH O.N.,Ceconomy St,,2.17,3.5305343511,0.0014787331,10.529274,2024-04-26T15:13:03+02:00,Retail Trade,消费,零售,百货商店,Regulated Market,Prime Standard,1002,Common shares,Bearer share,DE,Germany,180,Holding companies,"Retail, Specialty",Ceconomy,0.001286961920967198
DE0005199905,Ludwig Beck am Rathauseck Textilhaus Feldmeier,ECK,,Department Stores,"Retail, Multiline",B,EUR,194,XET,XETR,Xetra,True,CX,D15,ludwig-beck-ag,LUDW.BECK A.RATHAUSECK,Ludwig Beck AG,,23.0,0.0,0.0,0.851,2024-04-25T17:36:20+02:00,Retail Trade,消费,零售,百货商店,Regulated Market,Prime Standard,1002,Common shares,Bearer share,DE,Germany,171,Trade,"Retail, Multiline",Ludwig Beck am Rathauseck Textilhaus Feldmeier,0.0
DE0007235301,SGL Carbon,SGL,,Industrial Specialties,"Chemicals, Specialty",C,EUR,194,XET,XETR,Xetra,False,CX,D15,sgl-carbon-se,SGL CARBON SE O.N.,SGL CARBON SE,,6.9,1.620029455,0.0030378662,8.44146,2024-04-26T15:19:56+02:00,Process Industries,制造业,化工,特种工业品,Regulated Market,Prime Standard,1002,Common shares,Bearer share,DE,Germany,180,Holding companies,"Chemicals, Specialty",SGL Carbon,0.0008764445705277249
DE0007551509,Uzin Utz,UZU,,Industrial Specialties,Building Materials,D,EUR,194,XET,XETR,Xetra,False,D15,,uzin-utz-se,UZIN UTZ SE O.N.,Uzin Utz SE,,49.6,0.0,0.0,2.49984,2024-04-25T17:36:18+02:00,Process Industries,制造业,化工,特种工业品,Regulated Market,General Standard,1002,Common shares,Bearer share,DE,Germany,51,Chemistry/pharmacy,Building Materials,Uzin Utz,0.0
DE000A0XYHT5,IBU tec advanced materials,IBU,,Industrial Specialties,Industrial Products & Services,D,EUR,194,XET,XETR,Xetra,False,D15,,ibu-tec-adv-mater-inh-on,IBU-TEC ADV.MATER. INH.ON,IBU-tec advanced materials AG ,,11.3,-3.4188034189,7.2695e-05,0.53675,2024-04-26T14:30:17+02:00,Process Industries,制造业,化工,特种工业品,Open Market,Scale,1002,Common shares,Bearer share,DE,Germany,190,Other german shares,Industrial Products & Services,IBU tec advanced materials,0.00014554336799889613
LU1704650164,Befesa SA,BFSA,,Environmental Services,Industrial Products & Services,B,EUR,194,XET,XETR,Xetra,False,D15,,befesa-sa,BEFESA S.A. ORD. O.N.,Befesa SA,,26.96,2.9007633587,0.0431079648,10.784,2024-04-26T15:26:54+02:00,Industrial Services,公用事业,环保,环境工程,Regulated Market,Prime Standard,1002,Common shares,Bearer share,LU,Luxembourg ,900,Foreign shares,Industrial Products & Services,Befesa SA,0.028027081275352892
DE0007493991,Stroeer ,SAX,,Advertising/Marketing Services,Advertising,A,EUR,194,XET,XETR,Xetra,True,CX,D15,stroeer-se-co-kgaa,STROEER SE + CO. KGAA,Ströer SE & Co. KGaA,Ströer SE & Co. KGaA,59.9,-0.5809128631,0.0103737235,33.41821,2024-04-26T15:14:22+02:00,Commercial Services,消费,商业服务,广告营销,Regulated Market,Prime Standard,1002,Common shares,Bearer share,DE,Germany,180,Holding companies,Advertising,Stroeer ,0.0003991733873040558
NL0000238145,Ad Pepper Media International,APM,,Advertising/Marketing Services,Advertising,A,EUR,194,XET,XETR,Xetra,True,CX,D15,ad-pepper-media-international-n-v,"AD PEPPER MEDIA EO 0,05",ad pepper media International N.V.,,2.2,0.9174311926,2.31e-06,0.51018,2024-04-26T11:15:50+02:00,Commercial Services,消费,商业服务,广告营销,Regulated Market,Prime Standard,1002,Common shares,Bearer share,NL,Netherlands ,900,Foreign shares,Advertising,Ad Pepper Media International,6.167898534464321e-07
DE000A12UK08,Mountain Alliance,ECF,,Advertising/Marketing Services,"Retail, Internet",A,EUR,194,XET,XETR,Xetra,True,CX,D15,mountain-alliance-ag,MOUNTAIN ALLIANCE NA O.N.,Mountain Alliance AG,,2.24,1.8181818181,4.48e-05,0.154336,2024-04-26T15:18:55+02:00,Commercial Services,消费,商业服务,广告营销,Open Market,Basic Board,1002,Common shares,Registered share,DE,Germany,190,Other german shares,"Retail, Internet",Mountain Alliance,4.383093075760253e-05
DE000A1EMG56,Sporttotal,WIG1,,Advertising/Marketing Services,Advertising,D,EUR,194,XET,XETR,Xetra,False,D15,,sporttotal-ag,SPORTTOTAL AG INH. O.N.,SPORTTOTAL AG,,0.87,-1.6949152543,7.208880000000001e-05,0.296148,2024-04-26T13:45:37+02:00,Commercial Services,消费,商业服务,广告营销,Regulated Market,General Standard,1002,Common shares,Bearer share,DE,Germany,190,Other german shares,Advertising,Sporttotal,5.7477152691250755e-05
DE000BFB0019,Metro,B4B,,Food Distributors,"Retail, Multiline",C,EUR,194,XET,XETR,Xetra,False,D15,,metro-ag-st,METRO AG ST O.N.,Metro AG (St),,5.08,1.7017017017,0.0038108938,18.44548,2024-04-26T15:11:32+02:00,Distribution Services,消费,经销商,食品经销商,Regulated Market,Prime Standard,1002,Common shares,Bearer share,DE,Germany,180,Holding companies,"Retail, Multiline",Metro,0.0009704413805122038
DE000A3E5ED2,Veganz Group,VEZ,,Food Distributors,Food,C,EUR,194,XET,XETR,Xetra,False,D15,,veganz-group-ag,VEGANZ GROUP AG INH. O.N.,Veganz Group AG,,14.4,1.4084507042,4.32e-05,0.17568,2024-04-26T13:28:22+02:00,Distribution Services,消费,经销商,食品经销商,Open Market,Scale,1002,Common shares,Bearer share,DE,Germany,190,Other german shares,Food,Veganz Group,2.7967326846917632e-05
DE000A0LR936,Steico,ST5,,Forest Products,Industrial Products & Services,B,EUR,194,XET,XETR,Xetra,False,D15,,steico-se,STEICO SE,STEICO SE,,34.8,1.4577259475,0.002161648,4.89984,2024-04-26T14:56:54+02:00,Non-Energy Minerals,资源,矿产,林业,Open Market,Basic Board,1002,Common shares,Bearer share,DE,Germany,130,Construction/ construction materials,Industrial Products & Services,Steico,0.0006184948088747958
DE0005176903,Surteco Group,SUR,,Forest Products,Forest & Paper Products,C,EUR,194,XET,XETR,Xetra,False,CX,D15,surteco-se,SURTECO GROUP SE INH O.N.,SURTECO GROUP SE,,15.9,1.2738853503,2.7914e-05,2.46609,2024-04-26T15:09:31+02:00,Non-Energy Minerals,资源,矿产,林业,Regulated Market,Prime Standard,1002,Common shares,Bearer share,DE,Germany,190,Other german shares,Forest & Paper Products,Surteco Group,7.984324484912752e-06
LU0061462528,RTL Group SA,RRTL,,Broadcasting,Broadcasting,C,EUR,194,XET,XETR,Xetra,True,CX,D15,rtl-group-s-a,RTL GROUP,RTL Group S.A.,,29.3,1.2089810017,0.0183750115,45.33882,2024-04-26T15:28:35+02:00,Consumer Services,消费,可选消费,广播,Regulated Market,Prime Standard,1002,Common shares,Bearer share,LU,Luxembourg ,900,Foreign shares,Broadcasting,RTL Group SA,0.0022425510374806646
DE0007857476,Klassik Radio,KA8,,Broadcasting,Broadcasting,D,EUR,194,XET,XETR,Xetra,False,D15,,klassik-radio-ag,KLASSIK RADIO AG NA O.N.,Klassik Radio AG,,3.4,2.4096385542,1.4314e-05,0.16388,2024-04-26T13:14:46+02:00,Consumer Services,消费,可选消费,广播,Regulated Market,General Standard,1002,Common shares,Registered share,DE,Germany,190,Other german shares,Broadcasting,Klassik Radio,2.1292217382983757e-05
GB00BH4HKS39,Vodafone Group,VODI,,Wireless Telecommunications,,D,EUR,194,XET,XETR,Xetra,False,D15,,vodafone-group-plc,VODAFONE GROUP PLC,Vodafone Group PLC,,0.8112,1.222859995,0.0168069437,233.77372512,2024-04-26T15:30:01+02:00,Communications,科技,通信,电信运营,Open Market,,1002,Common shares,Registered share,GB,Great Britain,173,Telecommunication Services,,Vodafone Group,0.001564147392382809
US92343V1044,Verizon Communications,BAC,,Wireless Telecommunications,Telecommunications Services,D,EUR,194,XET,XETR,Xetra,False,D15,,verizon-communications-inc,"VERIZON COMM. INC. DL-,10",Verizon Communications Inc.,,36.4,-0.4512511965,0.0006048668,1562.08052,2024-04-26T15:30:05+02:00,Communications,科技,通信,电信运营,Open Market,,1002,Common shares,Registered share,US,USA,173,Telecommunication Services,,Verizon Communications,8.144565097743818e-06
US00206R1023,AT&T,SOBA,,Wireless Telecommunications,,D,EUR,194,XET,XETR,Xetra,False,D15,,at-t-inc,AT + T INC. DL 1,AT&T Inc.,,15.42,-0.7466529352,0.0004276705,1175.11965,2024-04-26T15:29:55+02:00,Communications,科技,通信,电信运营,Open Market,,1002,Common shares,Registered share,US,USA,173,Telecommunication Services,,AT&T,1.4185445441814055e-05
DE0005545503,1&1 Drillisch,DRI,,Wireless Telecommunications,Wireless Communication,D,EUR,194,XET,XETR,Xetra,False,D15,,1-1-ag,1+1 AG INH O.N.,1&1 AG,,17.0,2.6570048309,0.0045135606,30.0492,2024-04-26T15:25:04+02:00,Communications,科技,通信,电信运营,Regulated Market,Prime Standard,1002,Common shares,Bearer share,DE,Germany,171,Trade,Wireless Communication,1&1 Drillisch,0.0020156318209609337
FR0000133308,Orange SA,FTE,,Wireless Telecommunications,Telecommunications Services,D,EUR,194,XET,XETR,Xetra,False,D15,,orange-s-a,ORANGE INH. EO 4,Orange S.A.,,10.405,-0.715648855,0.0042021508,276.779243,2024-04-26T15:01:47+02:00,Communications,科技,通信,电信运营,Open Market,,1002,Common shares,Bearer share,FR,France,173,Telecommunication Services,,Orange SA,0.00015803358068432964
US8725901040,T-Mobile US,TM5,,Wireless Telecommunications,,D,EUR,194,XET,XETR,Xetra,False,D15,,t-mobile-us-inc,"T-MOBILE US INC.DL,-00001",T-Mobile US Inc.,,152.22,-0.0787711698,0.0001711436,1922.38638,2024-04-26T14:21:44+02:00,Communications,科技,通信,电信运营,Open Market,,1002,Common shares,Registered share,US,USA,173,Telecommunication Services,,T-Mobile US,8.680606606240915e-08
DE000A0N4N52,NFON,NFN,,Wireless Telecommunications,Wireless Telecommunication,D,EUR,194,XET,XETR,Xetra,False,D15,,nfon-ag-inh-o-n,NFON AG INH O.N.,NFON AG,NFON AG,6.2,1.6393442622,0.00014745,1.02672,2024-04-26T11:37:26+02:00,Communications,科技,通信,电信运营,Regulated Market,Prime Standard,1002,Common shares,Bearer share,DE,Germany,173,Telecommunication Services,Wireless Telecommunication,NFON,8.240103445976413e-05
US0846707026,Berkshire Hathaway,BRYN,,Property/Casualty Insurance,,D,EUR,194,XET,XETR,Xetra,False,D15,,berkshire-hathaway-b,"BERKSH. H.B NEW DL-,00333",Berkshire Hathaway B,,377.7,0.1458305713,0.006386538000000001,4950.92937,2024-04-26T15:15:41+02:00,Finance,金融,保险,财产/意外伤害保险,Open Market,,1002,Common shares,Registered share,US,USA,150,Consumer goods/food/breweries/paper,,Berkshire Hathaway,9.512917947774492e-06
US1912161007,Coca-Cola Co,CCC3,,Beverages: Non-Alcoholic,,B,EUR,194,XET,XETR,Xetra,True,CX,D15,coca-cola-co,"COCA-COLA CO. DL-,25",Coca Cola Co.,,57.49,0.0696257615,0.0018752941,4047.296,2024-04-26T15:20:52+02:00,Consumer Non-Durables,消费,食品饮料,饮料,Open Market,,1002,Common shares,Registered share,US,USA,150,Consumer goods/food/breweries/paper,,Coca-Cola Co,6.88577700104333e-07
US7134481081,PepsiCo,PEP,,Beverages: Non-Alcoholic,Soft Drinks,A,EUR,194,XET,XETR,Xetra,True,CX,D15,pepsico-inc,"PEPSICO INC. DL-,0166",PepsiCo Inc.,,163.0,-1.4748549324,0.0007525196000000001,2239.62,2024-04-26T15:30:05+02:00,Consumer Non-Durables,消费,食品饮料,饮料,Open Market,,1002,Common shares,Registered share,US,USA,150,Consumer goods/food/breweries/paper,,PepsiCo,6.982920003577032e-05
NL0014332678,JDE Peets,JDE,,Beverages: Non-Alcoholic,Soft Drinks,D,EUR,194,XET,XETR,Xetra,False,D15,,jde-peets-nv-eo-01,"JDE PEETS NV EO-,01",,,20.88,1.6553067185,0.00053241,101.318112,2024-04-26T15:16:58+02:00,Consumer Non-Durables,消费,食品饮料,饮料,Open Market,,1002,Common shares,Registered share,NL,Netherlands ,150,Consumer goods/food/breweries/paper,,JDE Peets,9.157621819514201e-05
DE000PAT1AG3,Patrizia,PAT,,Financial Conglomerates,Real Estate,C,EUR,194,XET,XETR,Xetra,False,CX,D15,patrizia-se,PATRIZIA SE NA O.N.,PATRIZIA SE,,7.91,0.6361323155,0.0019747346,6.816838,2024-04-26T15:21:26+02:00,Finance,金融,资产管理,金融集团,Regulated Market,Prime Standard,1002,Common shares,Registered share,DE,Germany,190,Other german shares,Real Estate,Patrizia,0.00013184724947455404
DE000A0ETBQ4,MBB,MBB,,Financial Conglomerates,"Industrial, Diversified",C,EUR,194,XET,XETR,Xetra,True,CX,D15,mbb-se,MBB SE O.N.,MBB SE,,102.6,0.1953125,0.001503956,5.86872,2024-04-26T15:05:13+02:00,Finance,金融,资产管理,金融集团,Regulated Market,Prime Standard,1002,Common shares,Bearer share,DE,Germany,190,Other german shares,"Industrial, Diversified",MBB,1.2612514256182953e-05
DE000A1TNUT7,Deutsche Beteiligungs,DBAN,,Financial Conglomerates,Private Equity & Venture Capital,B,EUR,194,XET,XETR,Xetra,False,D15,,deutsche-beteiligungs-ag,DT.BETEILIG.AG NA O.N.,Deutsche Beteiligungs AG,,27.2,-0.1834862386,0.003148969,5.1136,2024-04-26T15:20:04+02:00,Finance,金融,资产管理,金融集团,Regulated Market,Prime Standard,1002,Common shares,Registered share,DE,Germany,180,Holding companies,Private Equity & Venture Capital,Deutsche Beteiligungs,2.4468118686381158e-05
NL0013654783,Prosus,1TY,,Financial Conglomerates,Consumer Digital Services,C,EUR,194,XET,XETR,Xetra,False,D15,,prosus-nv-eo-05,"PROSUS NV EO -,05",,,31.62,2.629016553,0.00022648040000000001,991.849836,2024-04-26T14:25:39+02:00,Finance,金融,资产管理,金融集团,Open Market,,1002,Common shares,Registered share,NL,Netherlands ,900,Foreign shares,,Prosus,5.590016179475437e-05
DE0001218063,Finlab,A7A,,Financial Conglomerates,Securities Brokers,B,EUR,194,XET,XETR,Xetra,False,CX,D15,finlab-ag,HELIAD AG NA O.N.,,Heliad AG,10.2,10.8695652173,0.002634777,0.85782,2024-04-26T15:22:31+02:00,Finance,金融,资产管理,金融集团,Open Market,Basic Board,1002,Common shares,Registered share,DE,Germany,190,Other german shares,Securities Brokers,Finlab,0.022883433933523725
DE0006942808,Scherzer ,PZS,,Financial Conglomerates,Private Equity & Venture Capital,B,EUR,194,XET,XETR,Xetra,False,D15,,scherzer-co-ag,SCHERZER U. CO. AG O.N.,Scherzer & Co. AG,,2.14,-1.8348623854,0.0001295306,0.640716,2024-04-26T15:28:54+02:00,Finance,金融,资产管理,金融集团,Open Market,Scale,1002,Common shares,Bearer share,DE,Germany,150,Consumer goods/food/breweries/paper,Private Equity & Venture Capital,Scherzer ,9.829353774627085e-05
DE000A1TNWJ4,MPC Muenchmeyer Petersen Capital,MPCK,,Financial Conglomerates,Diversified Financial,C,EUR,194,XET,XETR,Xetra,False,CX,D15,mpc-capital-ag,MPC MUENCH.PET.CAP.,MPC Münchmeyer Petersen Capital AG,,3.6,2.8571428571,0.00023555720000000002,1.269,2024-04-26T13:17:25+02:00,Finance,金融,资产管理,金融集团,Open Market,Scale,1002,Common shares,Bearer share,DE,Germany,190,Other german shares,Diversified Financial,MPC Muenchmeyer Petersen Capital,0.00028541319578935677
DE0006972508,Publity,PBY,,Financial Conglomerates,Real Estate,C,EUR,194,XET,XETR,Xetra,False,CX,D15,publity-ag,PUBLITY AG NA O.N.,publity AG,,6.5,16.0714285714,5.501e-05,1.0881,2024-04-26T13:10:14+02:00,Finance,金融,资产管理,金融集团,Open Market,Scale,1002,Common shares,Registered share,DE,Germany,180,Holding companies,Real Estate,Publity,0.0007416897419745528
DE000A289V03,MPH Health Care,93M1,,Financial Conglomerates,Pharmaceuticals,C,EUR,194,XET,XETR,Xetra,False,CX,D15,mph-health-care-inh-o-n-1,MPH HEALTH CARE INH O.N,,,20.2,-3.8095238096,0.000727,0.86456,2024-04-26T14:47:07+02:00,Finance,金融,资产管理,金融集团,Open Market,Basic Board,1002,Common shares,Bearer share,DE,Germany,180,Holding companies,Pharmaceuticals,MPH Health Care,0.0014977164326359304
DE000A254W52,Mic,M3BK,,Financial Conglomerates,Private Equity & Venture Capital,B,EUR,194,XET,XETR,Xetra,False,CX,D15,pyramid-ag,PYRAMID AG,,,1.06,0.0,3.975e-05,0.19663,2024-04-26T13:26:04+02:00,Finance,金融,资产管理,金融集团,Open Market,Scale,1002,Common shares,Bearer share,DE,Germany,190,Other german shares,Private Equity & Venture Capital,Mic,0.0
DE0005202303,Quirin Privatbank,QB7,,Financial Conglomerates,Credit Banks,B,EUR,194,XET,XETR,Xetra,True,CX,D15,quirin-bank-ag,QUIRIN PRIVATBK O.N.,Quirin Bank AG,,3.82,0.0,0.0,1.658262,2024-04-25T17:35:59+02:00,Finance,金融,资产管理,金融集团,Open Market,Basic Board,1002,Common shares,Bearer share,DE,Germany,81,Bank/insurance,Credit Banks,Quirin Privatbank,0.0
LU1296758029,Corestate Capital Holding SA,CCAP,,Financial Conglomerates,Real Estate,C,EUR,194,XET,XETR,Xetra,False,CX,D15,corestate-capital-holding-s-a,"CORESTATE CAPITAL EO-,075",Corestate Capital Holding S.A.,,0.32,-0.9287925697,1.8809999999999999e-06,0.531712,2024-04-26T14:37:18+02:00,Finance,金融,资产管理,金融集团,Regulated Market,Prime Standard,1002,Common shares,Bearer share,LU,Luxembourg ,130,Construction/ construction materials,Real Estate,Corestate Capital Holding SA,5.074316544117247e-07
DE000A0LBKW6,UET United Electronic Technology,CFC,,Financial Conglomerates,"Industrial, Diversified",C,EUR,194,XET,XETR,Xetra,False,CX,D15,uet-united-electronic-technology-ag,UET AG O.N.,UET United Electronic Technology AG,,1.18,0.0,7.59094e-05,0.179832,2024-04-26T09:18:11+02:00,Finance,金融,资产管理,金融集团,Open Market,Basic Board,1002,Common shares,Bearer share,DE,Germany,180,Holding companies,"Industrial, Diversified",UET United Electronic Technology,0.0
DE0005408686,OEKOWORLD,VVV3,,Financial Conglomerates,Diversified Financial,D,EUR,194,XET,XETR,Xetra,False,D15,,oekoworld-ag-na-vzo,OEKOWORLD AG VZNA O.N.,Ökoworld AG Vz,,29.2,-1.0169491526,0.00011530799999999999,2.117,2024-04-26T14:21:51+02:00,Finance,金融,资产管理,金融集团,Open Market,Scale,1003,Preffered shares,Registered share,DE,Germany,190,Other german shares,Diversified Financial,OEKOWORLD,2.4086208328517438e-05
DE0007501009,TTL Beteiligungs und Grundbesitz,TTO,,Financial Conglomerates,Real Estate,C,EUR,194,XET,XETR,Xetra,False,D15,,ttl-beteiligungs-und-grundbesitz-ag,TTL BET.GRDBES.AG INH ON,TTL Beteiligungs- und Grundbesitz-AG,,0.985,0.0,0.0,0.2422115,2024-04-25T17:36:12+02:00,Finance,金融,资产管理,金融集团,Regulated Market,General Standard,1002,Common shares,Bearer share,DE,Germany,190,Other german shares,Real Estate,TTL Beteiligungs und Grundbesitz,0.0
DE0006305006,DEUTZ,DEZ,,Trucks/Construction/Farm Machinery,Industrial Machinery,D,EUR,194,XET,XETR,Xetra,False,D15,,deutz-ag,DEUTZ AG O.N.,Deutz AG,,5.695,3.2638259292,0.0248614646,7.1842425,2024-04-26T15:17:31+02:00,Producer Manufacturing,制造业,机械,工程机械,Regulated Market,Prime Standard,1002,Common shares,Bearer share,DE,Germany,180,Holding companies,Industrial Machinery,DEUTZ,0.021450596261645756
DE0007667107,Vossloh,VOS,,Trucks/Construction/Farm Machinery,Industrial Products & Services,D,EUR,194,XET,XETR,Xetra,False,D15,,vossloh-ag,VOSSLOH AG O.N.,Vossloh AG,,45.3,2.9545454545,0.0026418490000000004,7.95468,2024-04-26T15:27:05+02:00,Producer Manufacturing,制造业,机械,工程机械,Regulated Market,Prime Standard,1002,Common shares,Bearer share,DE,Germany,180,Holding companies,Industrial Products & Services,Vossloh,0.001916220369693811
DE000WACK012,Wacker Neuson,WAC,,Trucks/Construction/Farm Machinery,Industrial Machinery,D,EUR,194,XET,XETR,Xetra,False,D15,,wacker-neuson-se,WACKER NEUSON SE NA O.N.,Wacker Neuson SE,,16.9,1.8072289156,0.0017344438,11.85366,2024-04-26T14:50:26+02:00,Producer Manufacturing,制造业,机械,工程机械,Regulated Market,Prime Standard,1002,Common shares,Registered share,DE,Germany,180,Holding companies,Industrial Machinery,Wacker Neuson,0.000541013700985965
US1491231015,Caterpillar,CAT1,,Trucks/Construction/Farm Machinery,Machinery: Construction and Handling,D,EUR,194,XET,XETR,Xetra,False,D15,,caterpillar-inc,CATERPILLAR INC. DL 1,Caterpillar Inc.,,314.0,-0.9463722398,0.000431625,2558.7546,2024-04-26T15:18:09+02:00,Producer Manufacturing,制造业,机械,工程机械,Open Market,,1002,Common shares,Registered share,US,USA,91,Automotive and mechanical engineering,,Caterpillar,1.9358968695698237e-05
US2441991054,Deere ,DCO,,Trucks/Construction/Farm Machinery,,D,EUR,194,XET,XETR,Xetra,False,D15,,deere-co,DEERE CO. DL 1,Deere & Co.,,365.85,0.4254735108,9.14725e-05,1962.529155,2024-04-26T13:33:27+02:00,Producer Manufacturing,制造业,机械,工程机械,Open Market,,1002,Common shares,Registered share,US,USA,91,Automotive and mechanical engineering,,Deere ,1.0807025090610372e-06
FR0010220475,Alstom SA,AOMD,,Trucks/Construction/Farm Machinery,Electrical Components,D,EUR,194,XET,XETR,Xetra,False,D15,,alstom-s-a,ALSTOM S.A. INH. EO 7,ALSTOM S.A.,,15.08,0.4329004329,0.00042108419999999997,55.9621816,2024-04-26T12:46:38+02:00,Producer Manufacturing,制造业,机械,工程机械,Open Market,,1002,Common shares,Bearer share,FR,France,900,Foreign shares,,Alstom SA,8.730759511772091e-06
DE000A3CNK42,ABOUT YOU Holding,YOU,,Apparel/Footwear Retail,"Retail, Internet",A,EUR,194,XET,XETR,Xetra,True,CX,D15,about-you-holding-se,ABOUT YOU HOLDING SE,ABOUT YOU Holding SE,ABOUT YOU Holding SE,4.41,-0.4514672687,0.0015184667999999998,8.209215,2024-04-26T15:18:35+02:00,Retail Trade,消费,零售,服装鞋类,Regulated Market,Prime Standard,1002,Common shares,Bearer share,DE,Germany,180,Holding companies,"Retail, Internet",ABOUT YOU Holding,5.308991724176516e-05
DE000BFB0027,Metro,B4B3,,Apparel/Footwear Retail,"Retail, Multiline",D,EUR,194,XET,XETR,Xetra,False,D15,,metro-ag-vzo-o-n,METRO AG VZO O.N.,,,5.6,0.0,0.0,20.3336,2024-04-25T17:00:06+02:00,Retail Trade,消费,零售,服装鞋类,Regulated Market,Prime Standard,1003,Preffered shares,Bearer share,DE,Germany,180,Holding companies,"Retail, Multiline",Metro,0.0
LU2010095458,Global Fashion Group SA,GFG,,Apparel/Footwear Retail,"Retail, Internet",A,EUR,194,XET,XETR,Xetra,True,CX,D15,global-fashion-group-s-a,"GLOBAL FASHION GRP EO-,01",,Global Fashion Group S.A.,0.23,0.0,0.0001035258,0.518972,2024-04-26T13:12:44+02:00,Retail Trade,消费,零售,服装鞋类,Regulated Market,Prime Standard,1002,Common shares,Bearer share,LU,Luxembourg ,900,Foreign shares,"Retail, Internet",Global Fashion Group SA,0.0
ES0148396007,Industria de Diseno Textil SA,IXD1,,Apparel/Footwear Retail,,A,EUR,194,XET,XETR,Xetra,True,CX,D15,inditex,"INDITEX INH. EO 0,03",Inditex,,45.1,1.1664423508,4.27122e-05,1405.60915,2024-04-26T13:31:00+02:00,Retail Trade,消费,零售,服装鞋类,Open Market,,1002,Common shares,Bearer share,ES,Spain,140,Stores,,Industria de Diseno Textil SA,2.8854181726642515e-06
SE0000106270,H & M Hennes & Mauritz AB,HMSB,,Apparel/Footwear Retail,,B,EUR,194,XET,XETR,Xetra,True,CX,D15,h-m-hennes-mauritz-ab,HENNES + MAURITZ B SK-125,H & M Hennes & Mauritz AB,,15.34,-0.0651465799,2.301e-05,253.887738,2024-04-26T15:21:31+02:00,Retail Trade,消费,零售,服装鞋类,Open Market,,1002,Common shares,Registered share,SE,Sweden,900,Foreign shares,,H & M Hennes & Mauritz AB,1.0560919545318326e-08
US91324P1021,UnitedHealth Group,UNH,,Managed Health Care,,D,EUR,194,XET,XETR,Xetra,False,D15,,unitedhealth-group-inc,"UNITEDHEALTH GROUP DL-,01",UnitedHealth Group Inc.,,459.5,-0.5303604287,0.001055197,4245.78,2024-04-26T15:24:03+02:00,Health Services,医药,健康服务,健康服务,Open Market,,1002,Common shares,Registered share,US,USA,900,Foreign shares,,UnitedHealth Group,1.6831720595573404e-05
DE0006044001,Maternus Kliniken,MAK,,Managed Health Care,Health Care,D,EUR,194,XET,XETR,Xetra,False,D15,,maternus-kliniken-ag,MATERNUS-KLI.AG O.N.,MATERNUS-Kliniken AG ,,1.8,-4.255319149,5.42e-05,0.37746,2024-04-26T10:21:48+02:00,Health Services,医药,健康服务,健康服务,Regulated Market,General Standard,1002,Common shares,Bearer share,DE,Germany,180,Holding companies,Health Care,Maternus Kliniken,0.00016066561006363963
DE0006595101,Mediclin,MED,,Managed Health Care,Health Care,D,EUR,194,XET,XETR,Xetra,False,D15,,mediclin-ag,MEDICLIN AG,MediClin AG,,2.82,0.0,0.0,1.3395,2024-04-25T17:36:17+02:00,Health Services,医药,健康服务,健康服务,Regulated Market,Prime Standard,1002,Common shares,Bearer share,DE,Germany,190,Other german shares,Health Care,Mediclin,0.0
DE0006083405,Hornbach Holding ,HBH,,Home Improvement Chains,"Retail, Specialty",D,EUR,194,XET,XETR,Xetra,False,D15,,hornbach-holding-ag-co-kgaa,HORNBACH HOLD.ST O.N.,HORNBACH Holding AG & Co. KGaA,,74.4,1.0869565217,0.001016476,11.89656,2024-04-26T15:05:09+02:00,Retail Trade,消费,零售,家居装修,Regulated Market,Prime Standard,1002,Common shares,Bearer share,DE,Germany,180,Holding companies,"Retail, Specialty",Hornbach Holding ,0.00014211928371553483
US4370761029,Home Depot,HDI,,Home Improvement Chains,,D,EUR,194,XET,XETR,Xetra,False,D15,,home-depot-inc,"HOME DEPOT INC. DL-,05",Home Depot Inc.,,310.4,0.4205758654,0.000982104,5574.784,2024-04-26T14:54:51+02:00,Retail Trade,消费,零售,家居装修,Open Market,,1002,Common shares,Registered share,US,USA,130,Construction/ construction materials,,Home Depot,1.0135151075853129e-05
US88579Y1010,3M Co,MMM,,Industrial Conglomerates,,C,EUR,194,XET,XETR,Xetra,False,D15,,3m,"3M CO. DL-,01",3M,,85.22,0.3650924508,0.0012903222999999999,804.502366,2024-04-26T15:30:01+02:00,Producer Manufacturing,制造业,机械,工业集团,Open Market,,1002,Common shares,Registered share,US,USA,900,Foreign shares,,3M Co,1.295248796122896e-05
DE0005167902,3U Holding,UUU,,Industrial Conglomerates,Industrial Products & Services,B,EUR,194,XET,XETR,Xetra,False,D15,,3u-holding-ag,3U HOLDING AG,3U HOLDING AG,,2.075,-0.7177033493,0.0003147596,0.7638075,2024-04-26T15:07:01+02:00,Producer Manufacturing,制造业,机械,工业集团,Regulated Market,Prime Standard,1002,Common shares,Bearer share,DE,Germany,180,Holding companies,Industrial Products & Services,3U Holding,5.028781363259712e-05
DE0006605009,Medion,MDN,,Industrial Conglomerates,Industrial Products & Services,D,EUR,194,XET,XETR,Xetra,False,D15,,medion-ag,MEDION AG O.N.,MEDION AG,,11.6,0.0,0.0,5.61672,2024-04-25T17:38:31+02:00,Producer Manufacturing,制造业,机械,工业集团,Regulated Market,General Standard,1002,Common shares,Bearer share,DE,Germany,190,Other german shares,Industrial Products & Services,Medion,0.0
DE000A0JM2M1,Blue Cap,B7E,,Industrial Conglomerates,"Industrial, Diversified",D,EUR,194,XET,XETR,Xetra,False,D15,,blue-cap-ag,BLUE CAP O.N.,Blue Cap AG,,17.9,0.5617977528,0.00013163,0.80371,2024-04-26T14:53:39+02:00,Producer Manufacturing,制造业,机械,工业集团,Open Market,Scale,1002,Common shares,Bearer share,DE,Germany,180,Holding companies,"Industrial, Diversified",Blue Cap,1.3648707307164973e-05
DE0006201106,Friwo,CEA,,Industrial Conglomerates,"Industrial, Diversified",D,EUR,194,XET,XETR,Xetra,False,D15,,friwo-ag,FRIWO AG O.N.,FRIWO AG,,22.4,-2.6086956522,0.000130732,1.9152,2024-04-26T12:26:53+02:00,Producer Manufacturing,制造业,机械,工业集团,Regulated Market,General Standard,1002,Common shares,Bearer share,DE,Germany,180,Holding companies,"Industrial, Diversified",Friwo,0.00012175269502758306
DE0006061104,HMS Bergbau,HMU,,Industrial Conglomerates,Industrial Products & Services,D,EUR,194,XET,XETR,Xetra,False,D15,,hms-bergbau-ag,HMS BERGBAU AG,HMS Bergbau AG,,24.4,0.0,0.0,1.10776,2024-04-25T17:36:25+02:00,Producer Manufacturing,制造业,机械,工业集团,Open Market,Basic Board,1002,Common shares,Bearer share,DE,Germany,171,Trade,Industrial Products & Services,HMS Bergbau,0.0
DE000A0B9VV6,Coreo,NNS,,Industrial Conglomerates,"Industrial, Diversified",D,EUR,194,XET,XETR,Xetra,False,D15,,coreo-ag,COREO AG O.N.,Coreo AG,,0.29,0.0,0.0,0.065395,2024-04-25T17:36:02+02:00,Producer Manufacturing,制造业,机械,工业集团,Open Market,Basic Board,1002,Common shares,Bearer share,DE,Germany,190,Other german shares,"Industrial, Diversified",Coreo,0.0
DE000A1PG508,Fast Finance 24 Holding,CSY,,Industrial Conglomerates,Industrial Products & Services,D,EUR,194,XET,XETR,Xetra,False,D15,,fast-finance-24,FAST FIN 24 HLDG INH O.N.,Fast Finance 24 Holding AG,,0.1,3.6269430051,1e-06,0.0469,2024-04-26T09:03:44+02:00,Producer Manufacturing,制造业,机械,工业集团,Open Market,Basic Board,1002,Common shares,Bearer share,DE,Germany,180,Holding companies,Industrial Products & Services,Fast Finance 24 Holding,2.9799251704060177e-06
DE0002605557,BAVARIA Industries Group,B8A,,Industrial Conglomerates,"Industrial, Diversified",D,EUR,194,XET,XETR,Xetra,False,D15,,bavaria-industries-group-ag,BAVARIA INDS GRP O.N.,BAVARIA Industries Group AG,,90.0,0.0,0.0,4.554,2024-04-25T17:36:10+02:00,Producer Manufacturing,制造业,机械,工业集团,Open Market,Basic Board,1002,Common shares,Bearer share,DE,Germany,190,Other german shares,"Industrial, Diversified",BAVARIA Industries Group,0.0
US5801351017,Mcdonald's Corp,MDO,,Restaurants,,D,EUR,194,XET,XETR,Xetra,False,D15,,mcdonald-s-corp,"MCDONALDS CORP. DL-,01",McDonald's Corp.,,253.05,-1.785367747,0.002881875,4202.1483,2024-04-26T15:30:03+02:00,Consumer Services,消费,可选消费,餐厅,Open Market,,1002,Common shares,Registered share,US,USA,150,Consumer goods/food/breweries/paper,,Mcdonald's Corp,0.0003355521899273545
US8552441094,Starbucks Corp,SRB,,Restaurants,,D,EUR,194,XET,XETR,Xetra,False,D15,,starbucks-corporation,STARBUCKS CORP.,Starbucks Corporation,,82.01,-0.024381324,5.90085e-05,937.04626,2024-04-26T14:53:17+02:00,Consumer Services,消费,可选消费,餐厅,Open Market,,1002,Common shares,Registered share,US,USA,150,Consumer goods/food/breweries/paper,,Starbucks Corp,3.2691823134617465e-09
GB00BD6K4575,Compass Group,XGR2,,Restaurants,,D,EUR,194,XET,XETR,Xetra,False,D15,,compass-group-ls-1105,"COMPASS GROUP LS-,1105",,,26.09,0.0,0.0,465.81086,2024-04-23T17:35:53+02:00,Consumer Services,消费,可选消费,餐厅,Open Market,,1002,Common shares,Registered share,GB,Great Britain,900,Foreign shares,,Compass Group,0.0
DE000A2YN504,Knaus Tabbert,KTA,,Recreational Products,Automobile Manufacturers,D,EUR,194,XET,XETR,Xetra,False,D15,,knaus-tabbert-ag,KNAUS AG INH O.N.,Knaus Tabbert AG,,43.2,2.3696682464,0.0049115520000000005,4.48416,2024-04-26T14:47:00+02:00,Consumer Durables,消费,可选消费,休闲产品,Regulated Market,Prime Standard,1002,Common shares,Bearer share,DE,Germany,91,Automotive and mechanical engineering,Automobile Manufacturers,Knaus Tabbert,0.003037592936493259
DE000A0KF6M8,HanseYachts,H9Y,,Recreational Products,Heavy Machinery,D,EUR,194,XET,XETR,Xetra,False,D15,,hanseyachts-aktiengesellschaft,HANSEYACHTS O.N.,HanseYachts Aktiengesellschaft,,2.68,0.0,0.0,0.510808,2024-04-25T17:36:05+02:00,Consumer Durables,消费,可选消费,休闲产品,Regulated Market,General Standard,1002,Common shares,Bearer share,DE,Germany,190,Other german shares,Heavy Machinery,HanseYachts,0.0
DE0005093108,Amadeus Fire,AAD,,Personnel Services,Industrial Products & Services,D,EUR,194,XET,XETR,Xetra,False,D15,,amadeus-fire-ag,AMADEUS FIRE AG,Amadeus Fire AG,,115.0,1.590106007,0.002478256,6.2445,2024-04-26T14:46:57+02:00,Commercial Services,消费,商业服务,人力资源,Regulated Market,Prime Standard,1002,Common shares,Bearer share,DE,Germany,190,Other german shares,Industrial Products & Services,Amadeus Fire,0.0007563006211054766
DE000NWRK013,New Work,NWO,,Personnel Services,Internet,A,EUR,194,XET,XETR,Xetra,False,D15,,new-work-se,NEW WORK SE NA O.N.,NEW WORK SE,,59.0,-1.9933554818,0.001023132,3.3158,2024-04-26T15:19:58+02:00,Commercial Services,消费,商业服务,人力资源,Regulated Market,Prime Standard,1002,Common shares,Registered share,DE,Germany,174,Internet Service Provider,Internet,New Work,0.0005350105989206529
IT0003132476,Eni SpA,ENI,,Oil Refining/Marketing,Integrated Oil and Gas,D,EUR,194,XET,XETR,Xetra,False,D15,,eni-s-p-a,ENI S.P.A.,ENI S.p.A.,,15.324,0.4852459016,0.006333837199999999,517.3290456,2024-04-26T13:35:42+02:00,Energy Minerals,资源,能源,炼油,Open Market,,1002,Common shares,Registered share,IT,Italy,70,Service/energy,,Eni SpA,0.00011163145044053889
US00486H1059,ADTRAN HOLDINGS.,QH9,,Computer Peripherals,Communications Technology,A,EUR,194,XET,XETR,Xetra,True,CX,D15,adtran-holdings-inc,ADTRAN HOLDINGS INC.,,,4.419,3.0069930069,0.00020983330000000003,3.4963128,2024-04-26T15:00:23+02:00,Electronic Technology,科技,电子,电脑周边,Regulated Market,Prime Standard,1002,Common shares,Registered share,US,USA,900,Foreign shares,Communications Technology,ADTRAN HOLDINGS.,0.00019914235978724397
DE000A3CRRN9,Cherry,C3RY,,Computer Peripherals,Electronic Components & Hardware,B,EUR,194,XET,XETR,Xetra,True,CX,D15,cherry-se,CHERRY SE O.N.,Cherry SE,,2.245,12.25,0.0040239596999999995,0.5251055,2024-04-26T14:53:01+02:00,Electronic Technology,科技,电子,电脑周边,Regulated Market,Prime Standard,1002,Common shares,Bearer share,DE,Germany,150,Consumer goods/food/breweries/paper,Electronic Components & Hardware,Cherry,0.04656634446989243
DE0005218309,Mobotix,MBQ,,Computer Peripherals,Electronic Components & Hardware,B,EUR,194,XET,XETR,Xetra,False,CX,D15,mobotix-ag,MOBOTIX AG O.N.,MOBOTIX AG,,1.14,-1.7241379311,3.2e-05,0.151278,2024-04-26T09:20:16+02:00,Electronic Technology,科技,电子,电脑周边,Open Market,Basic Board,1002,Common shares,Bearer share,DE,Germany,190,Other german shares,Electronic Components & Hardware,Mobotix,2.891798722004707e-05
DE0005936124,OHB,OHB,,Electronic Production Equipment,Communications Technology,B,EUR,194,XET,XETR,Xetra,False,CX,D15,ohb-se,OHB SE O.N.,OHB SE,,43.5,0.2304147465,1.0875e-05,8.35635,2024-04-26T11:32:49+02:00,Electronic Technology,科技,电子,电子生产设备,Regulated Market,Prime Standard,1002,Common shares,Bearer share,DE,Germany,170,Traffic,Communications Technology,OHB,1.1216860479219243e-07
DE000A0JQ5U3,Manz,M5Z,,Electronic Production Equipment,Advanced Industrial Equipment,B,EUR,194,XET,XETR,Xetra,False,CX,D15,manz-ag,MANZ AG,Manz AG,,7.54,7.7142857142,0.000722768,0.643916,2024-04-26T15:11:18+02:00,Electronic Technology,科技,电子,电子生产设备,Regulated Market,Prime Standard,1002,Common shares,Bearer share,DE,Germany,190,Other german shares,Advanced Industrial Equipment,Manz,0.00429780182937663
DE0007568578,SFC Energy,F3C,,Electronic Production Equipment,Renewable Energies,C,EUR,194,XET,XETR,Xetra,False,D15,,sfc-energy-ag,SFC ENERGY AG,SFC Energy AG,,18.52,0.542888165,0.001253472,3.215072,2024-04-26T15:18:42+02:00,Electronic Technology,科技,电子,电子生产设备,Regulated Market,Prime Standard,1002,Common shares,Bearer share,DE,Germany,70,Service/energy,Renewable Energies,SFC Energy,7.986090611573755e-05
DE000A2TSQH7,KATEK,KTEK,,Electronic Production Equipment,Auto Parts & Equipment,C,EUR,194,XET,XETR,Xetra,False,D15,,katek-se,KATEK SE INH O.N.,KATEK SE,,15.1,0.3322259136,0.0014651675,2.18195,2024-04-26T14:55:33+02:00,Electronic Technology,科技,电子,电子生产设备,Regulated Market,Prime Standard,1002,Common shares,Bearer share,DE,Germany,180,Holding companies,Auto Parts & Equipment,KATEK,4.4251740522985265e-05
CA0679011084,Barrick Gold Corp,ABR,,Precious Metals,,D,EUR,194,XET,XETR,Xetra,False,D15,,barrick-gold-corp,BARRICK GOLD CORP.,Barrick Gold Corp.,,16.052,2.4508552463,0.0144386153,281.768782,2024-04-26T15:30:01+02:00,Non-Energy Minerals,资源,矿产,贵金属,Open Market,,1002,Common shares,Registered share,CA,Canada,110,"Non-ferrous metals, wire plantsand cabels",,Barrick Gold Corp,0.0038181844812742055
CA4969024047,Kinross Gold Corp,KIN2,,Precious Metals,,D,EUR,194,XET,XETR,Xetra,False,D15,,kinross-gold-corp,KINROSS GOLD CORP.,Kinross Gold Corp.,,6.3,1.1235955056,0.0002533634,76.34907,2024-04-26T13:53:06+02:00,Non-Energy Minerals,资源,矿产,贵金属,Open Market,,1002,Common shares,Registered share,CA,Canada,110,"Non-ferrous metals, wire plantsand cabels",,Kinross Gold Corp,2.4855337640877065e-05
CA9628791027,Wheaton Precious Metals Corp,SII,,Precious Metals,,D,EUR,194,XET,XETR,Xetra,False,D15,,wheaton-prec-metals,WHEATON PREC. METALS,,,50.36,1.7373737373,0.0034814213,227.788352,2024-04-26T15:13:32+02:00,Non-Energy Minerals,资源,矿产,贵金属,Open Market,,1002,Common shares,Registered share,CA,Canada,900,Foreign shares,,Wheaton Precious Metals Corp,0.0005645918487495029
DE000A1MMCC8,Medios,ILM1,,Medical Distributors,Pharmatceuticals,D,EUR,194,XET,XETR,Xetra,False,D15,,medios-ag,MEDIOS AG O.N.,Medios AG,,14.22,0.8510638297,0.0012444542,3.385782,2024-04-26T15:30:05+02:00,Distribution Services,消费,经销商,医疗经销商,Regulated Market,Prime Standard,1002,Common shares,Bearer share,DE,Germany,180,Holding companies,Pharmatceuticals,Medios,0.00016724139981094292
DE000A1A6WE6,DocCheck,AJ91,,Medical Distributors,Internet,C,EUR,194,XET,XETR,Xetra,False,D15,,doccheck-ag,DOCCHECK AG NA O.N.,DocCheck AG,,9.0,0.0,0.0,0.4563,2024-04-25T17:36:28+02:00,Distribution Services,消费,经销商,医疗经销商,Open Market,Basic Board,1002,Common shares,Registered share,DE,Germany,190,Other german shares,Internet,DocCheck,0.0
DE0007657231,Villeroy & Boch,VIB3,,Building Products,Household Appliances & Housewares,A,EUR,194,XET,XETR,Xetra,True,CX,D15,villeroy-boch-ag-vz,VILLEROY + BOCH AG VZ,Villeroy & Boch AG Vz,,17.4,1.7543859649,0.00036201349999999996,4.88766,2024-04-26T15:03:31+02:00,Producer Manufacturing,制造业,建筑业,建筑产品,Regulated Market,Prime Standard,1003,Preffered shares,Bearer share,DE,Germany,150,Consumer goods/food/breweries/paper,Household Appliances & Housewares,Villeroy & Boch,0.000138259934640095
DE0007274136,Sto ,STO3,,Building Products,Home Construction & Furnishings,A,EUR,194,XET,XETR,Xetra,False,CX,D15,sto-se-co-kgaa,STO SE+CO.KGAA VZO O.N.,Sto SE & Co. KGaA,,147.8,0.135501355,0.001663316,10.13908,2024-04-26T15:12:55+02:00,Producer Manufacturing,制造业,建筑业,建筑产品,Regulated Market,General Standard,1003,Preffered shares,Bearer share,DE,Germany,51,Chemistry/pharmacy,Home Construction & Furnishings,Sto ,6.007362192530337e-06
FR0000125007,Compagnie de Saint Gobain SA,GOB,,Building Products,Building Materials: Other,C,EUR,194,XET,XETR,Xetra,False,CX,D15,compagnie-de-saint-gobain-s-a,ST GOBAIN EO 4,Compagnie de Saint-Gobain S.A.,,74.22,5.4261363636,0.00046199980000000005,375.879768,2024-04-26T11:00:41+02:00,Producer Manufacturing,制造业,建筑业,建筑产品,Open Market,,1002,Common shares,Bearer share,FR,France,180,Holding companies,,Compagnie de Saint Gobain SA,0.0003666441555268504
DE000A0MZ4B0,Delignit,DLX,,Building Products,Renewable Energies,C,EUR,194,XET,XETR,Xetra,False,CX,D15,delignit-ag,DELIGNIT AG INH.O.N.,Delignit AG,,3.5,4.1666666666,0.00021396,0.3584,2024-04-26T10:05:33+02:00,Producer Manufacturing,制造业,建筑业,建筑产品,Open Market,Scale,1002,Common shares,Bearer share,DE,Germany,190,Other german shares,Renewable Energies,Delignit,0.0006221723374212239
GB0002374006,Diageo,GUI,,Beverages: Alcoholic,,A,EUR,194,XET,XETR,Xetra,True,CX,D15,diageo-plc,"DIAGEO PLC LS-,28935185",Diageo plc,,32.455,0.5109941158,0.0012376585000000002,798.393,2024-04-26T15:14:26+02:00,Consumer Non-Durables,消费,食品饮料,酒,Open Market,,1002,Common shares,Registered share,GB,Great Britain,150,Consumer goods/food/breweries/paper,,Diageo,2.2527717998020352e-05
BE0974293251,Anheuser Busch Inbev SA,1NBA,,Beverages: Alcoholic,Brewers,A,EUR,194,XET,XETR,Xetra,True,CX,D15,ab-inbev-sa-nv-anheuser-busch-inbev,ANHEUSER-BUSCH INBEV,AB InBev SA-NV (Anheuser-Busch InBev),,56.06,0.1429081814,4.3162200000000005e-05,1131.985944,2024-04-26T14:49:26+02:00,Consumer Non-Durables,消费,食品饮料,酒,Open Market,,1002,Common shares,Bearer share,BE,Belgium,900,Foreign shares,,Anheuser Busch Inbev SA,7.322945594060066e-08
DE0005201602,Berentzen Gruppe,BEZ,,Beverages: Alcoholic,Beverages,D,EUR,194,XET,XETR,Xetra,False,D15,,berentzen-gruppe-ag,BERENTZEN-GRP.AG,Berentzen-Gruppe AG,,5.58,0.0,2.98996e-05,0.53568,2024-04-26T15:07:29+02:00,Consumer Non-Durables,消费,食品饮料,酒,Regulated Market,General Standard,1002,Common shares,Bearer share,DE,Germany,180,Holding companies,Beverages,Berentzen Gruppe,0.0
DE0007229007,Schloss Wachenheim,SWA,,Beverages: Alcoholic,Beverages,B,EUR,194,XET,XETR,Xetra,False,D15,,schloss-wachenheim-ag,SCHLOSS WACHENHEIM AG O.N,Schloss Wachenheim AG,,15.1,-0.6578947369,4.363899999999999e-05,1.19592,2024-04-26T10:35:40+02:00,Consumer Non-Durables,消费,食品饮料,酒,Regulated Market,General Standard,1002,Common shares,Bearer share,DE,Germany,150,Consumer goods/food/breweries/paper,Beverages,Schloss Wachenheim,5.278380721517768e-06
DE000A255F11,Friedrich Vorwerk Group,VH2,,Oil & Gas Pipelines,Industrial Products & Services,D,EUR,194,XET,XETR,Xetra,False,D15,,friedrich-vorwerk-group-se,FR.VORWERK GRP SE INH ON,Friedrich Vorwerk Group SE,,15.28,2.1390374331,0.0011556962,3.056,2024-04-26T15:17:15+02:00,Industrial Services,资源,能源,油气管道,Regulated Market,Prime Standard,1002,Common shares,Bearer share,DE,Germany,190,Other german shares,Industrial Products & Services,Friedrich Vorwerk Group,0.0006898848582887157
FR0000121485,Kering SA,PPX,,Consumer Sundries,Clothing and Accessories,A,EUR,194,XET,XETR,Xetra,False,CX,D15,kering-s-a,KERING S.A. INH. EO 4,Kering S.A.,,338.1,3.3155080213,0.0017915025,417.28302,2024-04-26T15:21:17+02:00,Consumer Non-Durables,消费,日常消费,小商品,Open Market,,1002,Common shares,Bearer share,FR,France,140,Stores,,Kering SA,0.0006971853120602986
US08862E1091,Beyond Meat,0Q3,,Food: Major Diversified,,C,EUR,194,XET,XETR,Xetra,False,CX,D15,beyond-meat-inc,BEYOND MEAT INC.,,,5.952,2.5853154084,8.505600000000001e-05,3.77362752,2024-04-26T12:15:57+02:00,Consumer Non-Durables,消费,食品饮料,主食,Open Market,,1002,Common shares,Registered share,US,USA,150,Consumer goods/food/breweries/paper,,Beyond Meat,6.312498695590708e-05
US5007541064,Kraft Heinz Co,KHNZ,,Food: Major Diversified,,C,EUR,194,XET,XETR,Xetra,False,CX,D15,kraft-heinz-co,"KRAFT HEINZ CO.DL -,01",Kraft Heinz Co.,,35.47,-0.7970913159,0.0006819692999999999,443.0203,2024-04-26T14:52:08+02:00,Consumer Non-Durables,消费,食品饮料,主食,Open Market,,1002,Common shares,Registered share,US,USA,150,Consumer goods/food/breweries/paper,,Kraft Heinz Co,2.870303663963069e-05
US3703341046,General Mills,GRM,,Food: Major Diversified,,C,EUR,194,XET,XETR,Xetra,False,CX,D15,general-mills-inc,"GENL MILLS DL -,10",General Mills Inc.,,66.62,0.1352773185,2.6609000000000002e-05,502.71452,2024-04-26T11:51:00+02:00,Consumer Non-Durables,消费,食品饮料,主食,Open Market,,1002,Common shares,Registered share,US,USA,150,Consumer goods/food/breweries/paper,,General Mills,4.524028459809897e-08
DE0005229504,Bijou Brigitte modische Accessoires,BIJ,,Other Consumer Specialties,"Retail, Specialty",D,EUR,194,XET,XETR,Xetra,False,D15,,bijou-brigitte-ag,BIJOU BRIGITTE O.N.,Bijou Brigitte AG,,38.35,0.9210526315,0.0005251215,3.10635,2024-04-26T14:05:56+02:00,Consumer Durables,消费,可选消费,其他消费品,Regulated Market,General Standard,1002,Common shares,Bearer share,DE,Germany,171,Trade,"Retail, Specialty",Bijou Brigitte modische Accessoires,8.261009438736088e-05
DE000A11Q059,elumeo,ELB,,Other Consumer Specialties,"Retail, Internet",C,EUR,194,XET,XETR,Xetra,False,D15,,elumeo-se,ELUMEO SE,elumeo SE,,2.22,0.0,0.0,0.126096,2024-04-25T17:36:25+02:00,Consumer Durables,消费,可选消费,其他消费品,Regulated Market,Prime Standard,1002,Common shares,Bearer share,DE,Germany,180,Holding companies,"Retail, Internet",elumeo,0.0
DE0005654933,Einhell Germany,EIN3,,Tools & Hardware,Home Construction & Furnishings,D,EUR,194,XET,XETR,Xetra,False,D15,,einhell-germany-ag,EINHELL GERMANY VZO O.N.,Einhell Germany AG,,160.0,0.2506265664,0.000180706,6.032,2024-04-26T14:42:11+02:00,Consumer Durables,消费,可选消费,工具和硬件,Regulated Market,Prime Standard,1003,Preffered shares,Bearer share,DE,Germany,61,Electronic engineering,Home Construction & Furnishings,Einhell Germany,2.387423625004729e-06
DE000A3CMGN3,hGears,HGEA,,Tools & Hardware,Auto Parts & Equipment,D,EUR,194,XET,XETR,Xetra,False,D15,,h-gears,HGEARS AG INH O.N.,hGears AG,,2.72,0.0,0.0,0.28288,2024-04-25T17:36:02+02:00,Consumer Durables,消费,可选消费,工具和硬件,Regulated Market,Prime Standard,1002,Common shares,Bearer share,DE,Germany,180,Holding companies,Auto Parts & Equipment,hGears,0.0
FR0000124141,Veolia Environnement SA,VVD,,Water Utilities,Water,D,EUR,194,XET,XETR,Xetra,False,D15,,veolia-environnement,VEOLIA ENVIRONNE. EO 5,VEOLIA ENVIRONNEMENT,,29.13,0.7261410788,0.00039368730000000003,211.311933,2024-04-26T14:30:11+02:00,Utilities,公用事业,水务,水务,Open Market,,1002,Common shares,Bearer share,FR,France,900,Foreign shares,,Veolia Environnement SA,1.581507744790798e-05
FR0000120644,Danone SA,BSN,,Food: Meat/Fish/Dairy,Food Products,D,EUR,194,XET,XETR,Xetra,False,D15,,danone,"DANONE S.A. EO -,25",Danone,,58.5,-1.3490725127,0.0017429916,396.49545,2024-04-26T14:38:17+02:00,Consumer Non-Durables,消费,食品饮料,肉蛋奶,Open Market,,1002,Common shares,Bearer share,FR,France,150,Consumer goods/food/breweries/paper,,Danone SA,0.00017534642077133452
US6745991058,Occidental Petroleum Corp,OPC,,Oil & Gas Production,Oil: Crude Producers,C,EUR,194,XET,XETR,Xetra,False,D15,,occidental-petroleum-corp,"OCCIDENTAL PET. DL-,20",Occidental Petroleum Corp.,,63.19,0.4610492845,0.0014160314999999998,699.841888,2024-04-26T14:15:59+02:00,Energy Minerals,资源,能源,油气生产,Open Market,,1002,Common shares,Registered share,US,USA,120,"Potash, oil, natural gas, carbon",,Occidental Petroleum Corp,2.190436732447666e-05
DE0006464506,Leifheit,LEI,,Home Furnishings,Household Appliances & Housewares,B,EUR,194,XET,XETR,Xetra,False,CX,D15,leifheit-ag,LEIFHEIT AG O.N.,Leifheit AG,,15.95,0.9493670886,0.00045855150000000003,1.595,2024-04-26T14:58:39+02:00,Consumer Durables,消费,可选消费,家居摆设,Regulated Market,Prime Standard,1002,Common shares,Bearer share,DE,Germany,150,Consumer goods/food/breweries/paper,Household Appliances & Housewares,Leifheit,9.36292802983098e-05
DE000A1TNNN5,AS Creation Tapeten,ACWN,,Home Furnishings,Home Construction & Furnishings,D,EUR,194,XET,XETR,Xetra,False,D15,,a-s-creation-tapeten-ag,A.S.CREATION TAPETEN NA,A.S. Création Tapeten AG,,11.3,0.0,0.0,0.31188,2024-04-25T17:36:03+02:00,Consumer Durables,消费,可选消费,家居摆设,Regulated Market,General Standard,1002,Common shares,Registered share,DE,Germany,150,Consumer goods/food/breweries/paper,Home Construction & Furnishings,AS Creation Tapeten,0.0
DE0006200108,Indus Holding,INH,,Miscellaneous Manufacturing,"Industrial, Diversified",D,EUR,194,XET,XETR,Xetra,False,D15,,indus-holding-ag,INDUS HOLDING AG,Indus Holding AG,,25.7,1.5810276679,0.0007412145,6.9133,2024-04-26T14:47:30+02:00,Producer Manufacturing,制造业,机械,综合制造,Regulated Market,Prime Standard,1002,Common shares,Bearer share,DE,Germany,180,Holding companies,"Industrial, Diversified",Indus Holding,0.0002177415910513992
DE0005492938,Masterflex,MZX,,Miscellaneous Manufacturing,Industrial Products & Services,C,EUR,194,XET,XETR,Xetra,False,D15,,masterflex-se,MASTERFLEX O.N.,Masterflex SE,,10.3,0.0,0.0,1.00425,2024-04-25T17:36:07+02:00,Producer Manufacturing,制造业,机械,综合制造,Regulated Market,Prime Standard,1002,Common shares,Bearer share,DE,Germany,51,Chemistry/pharmacy,Industrial Products & Services,Masterflex,0.0
DE000A0KPPR7,Nabaltec,NTG,,Miscellaneous Manufacturing,Industrial Products & Services,C,EUR,194,XET,XETR,Xetra,False,D15,,nabaltec-ag,NABALTEC AG INH.,Nabaltec AG,,15.1,6.338028169,0.001980237,1.3288,2024-04-26T15:19:18+02:00,Producer Manufacturing,制造业,机械,综合制造,Open Market,Scale,1002,Common shares,Bearer share,DE,Germany,110,"Non-ferrous metals, wire plantsand cabels",Industrial Products & Services,Nabaltec,0.007312761878646543
DE0007830572,Daldrup & Soehne,4DS,,Oilfield Services/Equipment,Renewable Energies,D,EUR,194,XET,XETR,Xetra,False,D15,,daldrup-soehne-ag,DALDRUP+SOEHNE AG,Daldrup & Söhne AG,,7.26,0.2762430939,7.26e-06,0.434874,2024-04-26T14:58:07+02:00,Industrial Services,资源,能源,油服工程,Open Market,Scale,1002,Common shares,Bearer share,DE,Germany,130,Construction/ construction materials,Renewable Energies,Daldrup & Soehne,2.485662825957919e-07
US4062161017,Halliburton Co,HAL,,Oilfield Services/Equipment,,D,EUR,194,XET,XETR,Xetra,False,D15,,halliburton-co,"HALLIBURTON CO. DL 2,50",Halliburton Co.,,36.08,0.4314544189,0.0003673454,384.252,2024-04-26T13:17:01+02:00,Industrial Services,资源,能源,油服工程,Open Market,,1002,Common shares,Registered share,US,USA,180,Holding companies,,Halliburton Co,5.490318567738552e-06
US36467W1099,GAMESTOP CORP. (NEW) A,GS2C,,Electronics/Appliance Stores,,A,EUR,194,XET,XETR,Xetra,False,D15,,gamestop-corp-new-class-a,GAMESTOP CORP. A,Gamestop Corp. (new) Class A,,10.51,4.0800158447,5.2266400000000005e-05,32.011358,2024-04-26T13:45:02+02:00,Retail Trade,消费,零售,电子电器商店,Open Market,,1002,Common shares,Registered share,US,USA,900,Foreign shares,,GAMESTOP CORP. (NEW) A,4.2853253796253996e-05
DE000FPH9000,Francotyp Postalia Holding,FPH,,Office Equipment/Supplies,Industrial Machinery,D,EUR,194,XET,XETR,Xetra,False,D15,,francotyp-postalia-holding-ag,FRANCOTYP-POSTALIA HLDG,Francotyp-Postalia Holding AG,,2.72,7.0866141732,6.519760000000001e-05,0.44336,2024-04-26T10:52:11+02:00,Producer Manufacturing,制造业,机械,办公用品,Regulated Market,Prime Standard,1002,Common shares,Bearer share,DE,Germany,180,Holding companies,Industrial Machinery,Francotyp Postalia Holding,0.00037849012908664577
CNE1000031C1,Haier Smart Home Co Ltd,690D,,Electronics/Appliances,Household Appliances & Housewares,C,EUR,194,XET,XETR,Xetra,False,CX,D15,haier-smart-home-co-ltd,HAIER SMART HOME CO.D YC1,"HAIER SMART HOME CO., Ltd.",,1.47,2.0691570615,0.0026187052,138.740217,2024-04-26T15:06:05+02:00,Consumer Durables,消费,可选消费,电子电器,Regulated Market,Prime Standard,1002,Common shares,Registered share,CN,China,900,Foreign shares,Household Appliances & Housewares,Haier Smart Home Co Ltd,0.0006007341030946013
DE000A2G9MZ9,Stemmer Imaging,S9I,,Electronics/Appliances,IT-Services,D,EUR,194,XET,XETR,Xetra,False,D15,,stemmer-imaging-ag-inh-on,STEMMER IMAGING AG INH ON,,,34.0,1.1904761904,0.000403926,2.21,2024-04-26T15:29:30+02:00,Consumer Durables,消费,可选消费,电子电器,Regulated Market,Prime Standard,1002,Common shares,Bearer share,DE,Germany,172,Software,IT-Services,Stemmer Imaging,0.00010736385383330523
DE0005137004,QSC,QSC,,Computer Communications,Communications Technology,D,EUR,194,XET,XETR,Xetra,False,D15,,q-beyond-ag,Q.BEYOND AG NA O.N.,q.beyond AG,,0.638,0.6309148264,0.0007004007,0.7948204,2024-04-26T14:50:36+02:00,Electronic Technology,科技,电子,计算机通讯,Regulated Market,Prime Standard,1002,Common shares,Registered share,DE,Germany,172,Software,Communications Technology,QSC,8.89182446907405e-05
DE0005407407,CeoTronics Audio Video Data Communication,CEKG,,Computer Communications,Communications Technology,D,EUR,194,XET,XETR,Xetra,False,D15,,ceotronics-ag,CEOTRONICS AG O.N.,CeoTronics AG,,6.7,3.8759689922,0.0022517885,0.48642,2024-04-26T15:19:09+02:00,Electronic Technology,科技,电子,计算机通讯,Open Market,Basic Board,1002,Common shares,Bearer share,DE,Germany,173,Telecommunication Services,Communications Technology,CeoTronics Audio Video Data Communication,0.0055267783844638076
DE000A2E4SV8,Cyan,CYR,,Computer Communications,Software,D,EUR,194,XET,XETR,Xetra,False,D15,,cyan-ag,CYAN AG INH O.N.,cyan AG,,2.3,3.6036036036,9.2e-06,0.44643,2024-04-26T14:02:09+02:00,Electronic Technology,科技,电子,计算机通讯,Open Market,Scale,1002,Common shares,Bearer share,DE,Germany,190,Other german shares,Software,Cyan,2.0748896316452905e-05
GB00BLGZ9862,Tesco,TCO0,,Food Retail,,B,EUR,194,XET,XETR,Xetra,False,D15,,tesco-plc-ls-0633333,"TESCO PLC LS-,0633333",,,3.4,0.0,5.1e-05,239.32362,2024-04-26T10:25:21+02:00,Retail Trade,消费,零售,食品零售,Open Market,,1002,Common shares,Registered share,GB,Great Britain,140,Stores,,Tesco,0.0
NL0011794037,Koninklijke Ahold Delhaize,AHOG,,Food Retail,Food Retailers and Wholesalers,D,EUR,194,XET,XETR,Xetra,False,D15,,ahold-delhaize-kon-eo-01,"AHOLD DELHAIZE,KON.EO-,01",,,27.94,0.5759539236,0.0001250091,277.645368,2024-04-26T14:43:47+02:00,Retail Trade,消费,零售,食品零售,Open Market,,1002,Common shares,Bearer share,NL,Netherlands ,150,Consumer goods/food/breweries/paper,,Koninklijke Ahold Delhaize,3.2446425053632367e-06
DE000A2NBVD5,DFV Deutsche Familienversicherung,DFVA,,Specialty Insurance,Insurance,D,EUR,194,XET,XETR,Xetra,False,D15,,deutsche-familienversicherung,DFV DT.FAMIL.VERS. O.N.,Deutsche Familienversicherung,,5.65,-1.7391304348,4.09005e-05,0.824335,2024-04-26T13:17:27+02:00,Finance,金融,保险,专业保险,Regulated Market,Prime Standard,1002,Common shares,Bearer share,DE,Germany,81,Bank/insurance,Insurance,DFV Deutsche Familienversicherung,2.6689065799346587e-05
DE0005227235,Biotest,BIO3,,Pharmaceuticals: Other,Pharmatceuticals,D,EUR,194,XET,XETR,Xetra,False,D15,,biotest-ag-vz,BIOTEST AG VZ O.N.,Biotest AG Vz,,28.7,0.0,0.0,11.35659,2024-04-25T17:36:21+02:00,Health Technology,医药,制药,其他制药,Regulated Market,Prime Standard,1003,Preffered shares,Bearer share,DE,Germany,51,Chemistry/pharmacy,Pharmatceuticals,Biotest,0.0
DE000A2P4LJ5,PharmaSGP Holding,PSG,,Pharmaceuticals: Other,Pharmaceuticals,D,EUR,194,XET,XETR,Xetra,False,D15,,pharmasgp-holding-se-o-n,PHARMASGP HOLDING SE O.N.,,,22.2,0.0,0.0,2.664,2024-04-25T17:36:10+02:00,Health Technology,医药,制药,其他制药,Regulated Market,Prime Standard,1002,Common shares,Bearer share,DE,Germany,190,Other german shares,Pharmaceuticals,PharmaSGP Holding,0.0
DE000A3DSV01,Cantourage Group,HIGH,,Pharmaceuticals: Other,Pharmaceuticals,D,EUR,194,XET,XETR,Xetra,False,D15,,cantourage-group-se,CANTOURAGE GROUP SE O.N.,Cantourage Group SE,,8.05,-2.4242424243,4.85535e-05,1.003835,2024-04-26T13:35:01+02:00,Health Technology,医药,制药,其他制药,Open Market,Scale,1002,Common shares,Bearer share,DE,Germany,51,Chemistry/pharmacy,Pharmaceuticals,Cantourage Group,4.951883005682425e-05
DE0005227201,Biotest,BIO,,Pharmaceuticals: Other,Pharmatceuticals,D,EUR,194,XET,XETR,Xetra,False,D15,,biotest-ag-st,BIOTEST AG ST O.N.,Biotest AG St,,41.6,0.0,0.0,16.46112,2024-04-25T17:36:03+02:00,Health Technology,医药,制药,其他制药,Regulated Market,Prime Standard,1002,Common shares,Bearer share,DE,Germany,51,Chemistry/pharmacy,Pharmatceuticals,Biotest,0.0
DE000A11QLU3,UniDevice,UDC,,Electronics Distributors,,C,EUR,194,XET,XETR,Xetra,False,CX,D15,unidevice-ag-inh-o-n,UNIDEVICE AG INH O.N.,,,0.11,-21.4285714286,6.91973e-05,0.016555,2024-04-26T15:06:53+02:00,Distribution Services,消费,经销商,电子产品经销商,Open Market,,1002,Common shares,Bearer share,DE,Germany,190,Other german shares,,UniDevice,0.002301657902144088
DE0005774103,Fortec Elektronik,FEV,,Electronics Distributors,Electronic Components & Hardware,C,EUR,194,XET,XETR,Xetra,False,CX,D15,fortec-elektronik-ag,FORTEC ELEKTRO. O.N.,FORTEC Elektronik AG,,21.8,-2.6785714286,0.00024954400000000004,0.7085,2024-04-26T14:51:36+02:00,Distribution Services,消费,经销商,电子产品经销商,Regulated Market,Prime Standard,1002,Common shares,Bearer share,DE,Germany,171,Trade,Electronic Components & Hardware,Fortec Elektronik,0.0003257563396867131
DE0006577109,Nanorepro,NN6,,Hospital/Nursing Management,Biotechnology,C,EUR,194,XET,XETR,Xetra,False,CX,D15,nanorepro-ag,NANOREPRO AG,NanoRepro AG,,1.835,-0.8108108109,2.26806e-05,0.236715,2024-04-26T13:18:10+02:00,Health Services,医药,健康服务,健康服务,Open Market,Basic Board,1002,Common shares,Bearer share,DE,Germany,51,Chemistry/pharmacy,Biotechnology,Nanorepro,5.748076951070941e-06
DE0007042301,Rhoen Klinikum,RHK,,Hospital/Nursing Management,Health Care,C,EUR,194,XET,XETR,Xetra,False,CX,D15,rhoen-klinikum-ag,RHOEN-KLINIKUM O.N.,RHÖN-KLINIKUM AG,,13.3,3.90625,9.0134e-05,8.90568,2024-04-26T12:51:23+02:00,Health Services,医药,健康服务,健康服务,Regulated Market,Prime Standard,1002,Common shares,Bearer share,DE,Germany,190,Other german shares,Health Care,Rhoen Klinikum,9.485257154964745e-05
DE000A1X3YY0,Bastei Luebbe,BST,,Publishing: Books/Magazines,Publishing & Printing,D,EUR,194,XET,XETR,Xetra,False,D15,,bastei-luebbe-ag,BASTEI LUEBBE AG O.N.,Bastei Lübbe AG,,6.55,0.0,1.4409999999999998e-06,0.8646,2024-04-26T11:25:49+02:00,Consumer Services,消费,可选消费,出版：书籍/杂志,Regulated Market,Prime Standard,1002,Common shares,Bearer share,DE,Germany,190,Other german shares,Publishing & Printing,Bastei Luebbe,0.0
US0394831020,Archer Daniels Midland Co,ADM,,Agricultural Commodities/Milling,,A,EUR,194,XET,XETR,Xetra,True,CX,D15,archer-daniels-midland-corp,ARCHER DANIELS MIDLAND,Archer-Daniels-Midland Corp.,,56.62,0.0,0.0,290.4606,2024-04-25T17:35:41+02:00,Process Industries,制造业,化工,农产品,Open Market,,1002,Common shares,Registered share,US,USA,150,Consumer goods/food/breweries/paper,,Archer Daniels Midland Co,0.0
AT0000644505,Lenzing,LEN,,Textiles,,D,EUR,194,XET,XETR,Xetra,False,D15,,lenzing-ag,LENZING AG,Lenzing AG,,30.55,2.1739130434,1.67825e-05,11.79841,2024-04-26T11:24:54+02:00,Process Industries,制造业,化工,纺织品,Open Market,,1002,Common shares,Bearer share,AT,Austria,51,Chemistry/pharmacy,,Lenzing,6.9420296971563346e-06
FR0000127771,Vivendi SA,VVU,,Media Conglomerates,Radio and TV Broadcasters,D,EUR,194,XET,XETR,Xetra,False,D15,,vivendi-s-a,"VIVENDI SE INH. EO 5,5",Vivendi S.A.,,9.766,0.0,0.0,108.2619696,2024-04-25T17:35:38+02:00,Consumer Services,消费,可选消费,媒体集团,Open Market,,1002,Common shares,Bearer share,FR,France,900,Foreign shares,,Vivendi SA,0.0
LU1618151879,Logwin SA,TGHN,,Trucking,Logistics,D,EUR,194,XET,XETR,Xetra,False,D15,,logwin-ag-nam-o-n,LOGWIN AG NAM. O.N.,,,254.0,-0.78125,4.826e-05,7.3152,2024-04-26T11:22:57+02:00,Transportation,制造业,运输,卡车运输,Regulated Market,Prime Standard,1002,Common shares,Registered share,LU,Luxembourg ,900,Foreign shares,Logistics,Logwin SA,4.469868546250551e-06
DE000A0KEXC7,Vectron Systems,V3S,,Computer Processing Hardware,Advanced Industrial Equipment,C,EUR,194,XET,XETR,Xetra,False,CX,D15,vectron-systems-ag,VECTRON SYSTEMS O.N.,Vectron Systems AG,,8.0,3.6269430051,0.0006168018,0.6448,2024-04-26T15:01:20+02:00,Electronic Technology,科技,电子,计算机设备,Open Market,Scale,1002,Common shares,Bearer share,DE,Germany,190,Other german shares,Advanced Industrial Equipment,Vectron Systems,0.0012835483213307756
US40434L1052,HP,7HP,,Computer Processing Hardware,,A,EUR,194,XET,XETR,Xetra,False,CX,D15,hp-inc,"HP INC DL -,01",HP Inc.,,26.275,1.2719213721,5.78013e-05,278.77434265799997,2024-04-26T09:30:07+02:00,Electronic Technology,科技,电子,计算机设备,Open Market,,1002,Common shares,Registered share,US,USA,900,Foreign shares,,HP,5.576312209209739e-06
DE0007612103,Going Public Media,G6P,,Publishing: Newspapers,,D,EUR,194,XET,XETR,Xetra,False,D15,,goingpublic-media-ag,GOING PUBLIC MEDIA NA ON,GoingPublic Media AG,,1.53,0.0,0.0,0.01377,2024-04-25T17:36:13+02:00,Consumer Services,消费,可选消费,出版：报纸,Open Market,,1002,Common shares,Registered share,DE,Germany,190,Other german shares,,Going Public Media,0.0
