isin,euronext_code,证券名称,degiro_symbol,证券代码,category,currency,exchangeId,exchange_degiro,exchange_mic_code,exchange_name,market,isShortable,feedQuality,feedQualitySecondary,icb_industry,full_symbol,logoid,type,Value.Traded,market_cap_basic,fundamental_currency_code,sector,industry,is_primary,exchange,country,currency_id,forex_rate,总市值,成交额,换手率,地区,isin_tv,is_primary_listing,primary_symbol,ticker_title,code,correct_industry,名称翻译,en_name,dr_name,一级行业,二级行业,三级行业,市场,异动值,exchange_code,trade_currency,最新价,涨跌幅,last_traded_at,close_price,trading_date
FR0000045072,FR0000045072-BGEM,农业信贷银行 SE,1ACA,1ACA,D,EUR,608,MIL,BGEM,Borsa Italiana S.p.A.,italy,False,D15,,Banks,MIL:1ACA,credit-agricole,stock,7290.0,44407269897.0178,USD,Finance,Regional Banks,False,MIL,France,EUR,1.07336,444.072698970178,7.824794400000001e-05,0.0,欧洲,FR0000045072,False,EURONEXT:ACA,CREDIT AGRICOLE,,,,Credit Agricole SA,农业信贷银行,金融,银行,地区银行,意大利,1.956625893043679e-06,,,,,,,
NL0011794037,NL0011794037-BGEM,Koninklijke Ahold Delhaize,1AD,1AD,A,EUR,608,MIL,BGEM,Borsa Italiana S.p.A.,italy,False,D15,,Food Retailers and Wholesalers,,,,,,,,,,,,,,,,,,,,,,,,,Koninklijke Ahold Delhaize,,,,,,,,,,,,,
FR0000031122,FR0000031122-BGEM,Air France KLM SA,1AF,1AF,B,EUR,608,MIL,BGEM,Borsa Italiana S.p.A.,italy,False,D15,,Airlines,MIL:1AF,air-france-klm,stock,78785.65,2718794948.9735,USD,Transportation,Airlines,False,MIL,France,EUR,1.07336,27.187949489734997,0.00084565365284,0.0,欧洲,FR001400J770,False,EURONEXT:AF,AIR FRANCE -KLM,,,,Air France KLM SA,,制造业,运输,航空公司,意大利,0.000553935795581,,,,,,,
NL0000303709,NL0000303709-BGEM,Aegon,1AGN,1AGN,B,EUR,608,MIL,BGEM,Borsa Italiana S.p.A.,italy,False,D15,,Life Insurance,,,,,,,,,,,,,,,,,,,,,,,,,Aegon,,,,,,,,,,,,,
BE0974264930,BE0974264930-BGEM,Ageas SA,1AGS,1AGS,D,EUR,608,MIL,BGEM,Borsa Italiana S.p.A.,italy,False,D15,,Life Insurance,MIL:1AGS,ageas,stock,9833.64,8573342555.9949,USD,Finance,Multi-Line Insurance,False,MIL,Belgium,EUR,1.07336,85.733425559949,0.000105550358304,0.0,欧洲,BE0974264930,False,EURONEXT:AGS,AGEAS,,,,Ageas SA,,金融,保险,多险种保险,意大利,7.252803964942447e-06,,,,,,,
NL0000235190,NL0000235190-BGEM,空客 SE,1AIR,1AIR,C,EUR,608,MIL,BGEM,Borsa Italiana S.p.A.,italy,False,D15,,Aerospace,MIL:1AIR,airbus,stock,13118.9,134590626812.95148,USD,Electronic Technology,Aerospace & Defense,False,MIL,France,EUR,1.07336,1345.906268129515,0.00014081302504,0.0,欧洲,NL0000235190,False,EURONEXT:AIR,Airbus,,,,Airbus SE,空客,制造业,机械,航空航天与国防,意大利,1.742467973386256e-06,,,,,,,
NL0010273215,NL0010273215-BGEM,ASML SE,1ASML,1ASML,C,EUR,608,MIL,BGEM,Borsa Italiana S.p.A.,italy,False,D15,,Production Technology Equipment,MIL:1ASML,asml,stock,38263.5,351840981787.2879,USD,Electronic Technology,Semiconductors,False,MIL,Netherlands,EUR,1.07336,3518.409817872879,0.0004107051036,0.0,欧洲,NL0010273215,False,EURONEXT:ASML,ASML Holding,,,,ASML Holding,ASML,科技,电子,半导体,意大利,6.249732003727382e-05,,,,,,,
DE000BASF111,DE000BASF111-BGEM,巴斯夫 SE,1BAS,1BAS,C,EUR,608,MIL,BGEM,Borsa Italiana S.p.A.,italy,False,D15,,Chemicals: Diversified,MIL:1BAS,basf,stock,175278.675,48818265201.5091,USD,Process Industries,Chemicals: Major Diversified,False,MIL,Germany,EUR,1.07336,488.18265201509104,0.00188137118598,0.0,欧洲,DE000BASF111,False,XETR:BAS,BASF SE NA O.N.,,,,BASF SE,巴斯夫,制造业,化工,化学原料,意大利,0.0011216766058641,,,,,,,
DE0005190003,DE0005190003-BGEM,BMW SE,1BMW,1BMW,C,EUR,608,MIL,BGEM,Borsa Italiana S.p.A.,italy,False,D15,,Automobiles,MIL:1BMW,bmw,stock,13551.45,71545305072.4476,USD,Consumer Durables,Motor Vehicles,False,MIL,Germany,EUR,1.07336,715.453050724476,0.00014545584372,0.0,欧洲,DE0005190003,False,XETR:BMW,BMW,,,,Bayerische Motoren Werke AG,BMW,制造业,汽车,汽车整车,意大利,1.153568981359606e-05,,,,,,,
US19260Q1076,US19260Q1076-BGEM,Coinbase Global SE,1COIN,1COIN,D,EUR,608,MIL,BGEM,Borsa Italiana S.p.A.,italy,False,D15,,,MIL:1COIN,coinbase,stock,84710.59999999999,54175153803.0,USD,Finance,Investment Banks/Brokers,False,MIL,United States,EUR,1.07336,541.75153803,0.00090924969616,0.0,欧洲,US19260Q1076,False,NASDAQ:COIN,Coinbase Global,,,,COINBASE GLOBAL,Coinbase Global,金融,资产管理,投资银行,意大利,0.0001363160639632,,,,,,,
FR0000120628,FR0000120628-BGEM,安盛保险 SE,1CS,1CS,D,EUR,608,MIL,BGEM,Borsa Italiana S.p.A.,italy,False,D15,,Full Line Insurance,MIL:1CS,axa,stock,10264.1,81136089180.6631,USD,Finance,Multi-Line Insurance,False,MIL,France,EUR,1.07336,811.360891806631,0.00011017074376,0.0,欧洲,FR0000120628,False,EURONEXT:CS,AXA,,,,AXA SA,安盛保险,金融,保险,多险种保险,意大利,2.3478848783200683e-06,,,,,,,
DE0005140008,DE0005140008-BGEM,德意志银行 SE,1DBK,1DBK,B,EUR,608,MIL,BGEM,Borsa Italiana S.p.A.,italy,False,CX,D15,,MIL:1DBK,deutsche-bank-ag,stock,462176.384,35617293759.941795,USD,Finance,Investment Banks/Brokers,False,MIL,Germany,EUR,1.07336,356.17293759941793,0.0049608164353024,0.0,欧洲,DE0005140008,False,XETR:DBK,DEUTSCHE BANK AG NA O.N.,,,,Deutsche Bank AG,德意志银行,金融,资产管理,投资银行,意大利,0.0028201467512688,,,,,,,
DE0005557508,DE0005557508-BGEM,Deutsche Telekom AG,1DTE,1DTE,C,EUR,608,MIL,BGEM,Borsa Italiana S.p.A.,italy,False,D15,,Telecommunications Services,,,,,,,,,,,,,,,,,,,,,,,,,Deutsche Telekom AG,,,,,,,,,,,,,
FR0000121667,FR0000121667-BGEM,EssilorLuxottica SE,1EL,1EL,D,EUR,608,MIL,BGEM,Borsa Italiana S.p.A.,italy,False,D15,,Medical Supplies,MIL:1EL,essilorluxottica,stock,202.4,97887289757.0183,USD,Health Technology,Medical Specialties,False,MIL,France,EUR,1.07336,978.872897570183,2.1724806400000005e-06,0.0,欧洲,FR0000121667,False,EURONEXT:EL,ESSILORLUXOTTICA,,,,EssilorLuxottica SA,EssilorLuxottica,医药,医疗,医疗器械,意大利,1.2490831532778428e-07,,,,,,,
FR0010208488,FR0010208488-BGEM,Engie SE,1ENGI,1ENGI,D,EUR,608,MIL,BGEM,Borsa Italiana S.p.A.,italy,False,D15,,Multi-utilities,MIL:1ENGI,engie,stock,401.49999999999994,41687776252.4082,USD,Utilities,Electric Utilities,False,MIL,France,EUR,1.07336,416.877762524082,4.3095404e-06,0.0,欧洲,FR0010208488,False,EURONEXT:ENGI,ENGIE,,,,Engie SA,Engie,公用事业,电力,电力公司,意大利,4.319010862379122e-10,,,,,,,
DE000ENAG999,DE000ENAG999-BGEM,E.ON SE,1EOAN,1EOAN,C,EUR,608,MIL,BGEM,Borsa Italiana S.p.A.,italy,False,D15,,Multi-utilities,MIL:1EOAN,e-on,stock,3710.999999999999,34821714186.5281,USD,Utilities,Electric Utilities,False,MIL,Germany,EUR,1.07336,348.217141865281,3.9832389599999994e-05,0.0,欧洲,DE000ENAG999,False,XETR:EOAN,E.ON SE NA O.N.,,,,E.ON SE,E.ON,公用事业,电力,电力公司,意大利,9.604644457622975e-07,,,,,,,
DE0005785604,DE0005785604-BGEM,Fresenius SE & Co KGaA,1FRE,1FRE,D,EUR,608,MIL,BGEM,Borsa Italiana S.p.A.,italy,False,D15,,Health Care Services,,,,,,,,,,,,,,,,,,,,,,,,,Fresenius SE & Co KGaA,,,,,,,,,,,,,
FR0000121147,FR0000121147-BGEM,FORVIA,1FRVIA,1FRVI,C,EUR,608,MIL,BGEM,Borsa Italiana S.p.A.,italy,False,D15,,Auto Parts,,,,,,,,,,,,,,,,,,,,,,,,,FORVIA,,,,,,,,,,,,,
FR0000130809,FR0000130809-BGEM,法国兴业银行 SE,1GLE,1GLE,D,EUR,608,MIL,BGEM,Borsa Italiana S.p.A.,italy,False,D15,,Banks,MIL:1GLE,societe-generale,stock,251.75,19625771533.6392,USD,Finance,Major Banks,False,MIL,France,EUR,1.07336,196.257715336392,2.7021838000000003e-06,0.0,欧洲,FR0000130809,False,EURONEXT:GLE,Société Générale,,,,Societe Generale SA,法国兴业银行,金融,银行,主要银行,意大利,5.546599052926878e-09,,,,,,,
DE0006047004,DE0006047004-BGEM,HeidelbergCement AG,1HEI,1HEI,D,EUR,608,MIL,BGEM,Borsa Italiana S.p.A.,italy,False,D15,,Cement,MIL:1HEI,heidelbergcement-i,stock,1585.42,18182847123.1817,USD,Non-Energy Minerals,Construction Materials,False,MIL,Germany,EUR,1.07336,181.82847123181705,1.7017264112000004e-05,0.0,欧洲,DE0006047004,False,XETR:HEI,HEIDELBERGCEMENT AG O N,,,,HeidelbergCement AG,,制造业,建筑业,建筑材料,意大利,3.048343786296244e-07,,,,,,,
ES0144580Y14,ES0144580Y14-BGEM,伊比德罗拉 SE,1IBE,1IBE,D,EUR,608,MIL,BGEM,Borsa Italiana S.p.A.,italy,False,D15,,,MIL:1IBE,iberdrola,stock,581.25,77460150444.436,USD,Utilities,Electric Utilities,False,MIL,Spain,EUR,1.07336,774.6015044443601,6.238905000000001e-06,0.0,欧洲,ES0144580Y14,False,BME:IBE,Iberdrola,,,,Iberdrola SA,伊比德罗拉,公用事业,电力,电力公司,意大利,9.632888984948205e-07,,,,,,,
DE0006231004,DE0006231004-BGEM,英飞凌 SE,1IFX,1IFX,B,EUR,608,MIL,BGEM,Borsa Italiana S.p.A.,italy,False,D15,,Semiconductors,MIL:1IFX,infineon-technologies,stock,3290.0,45453289350.7722,USD,Electronic Technology,Semiconductors,False,MIL,Germany,EUR,1.07336,454.532893507722,3.5313544e-05,0.0,欧洲,DE0006231004,False,XETR:IFX,INFINEON TECH.AG NA O.N.,,,,Infineon Technologies AG,英飞凌,科技,电子,半导体,意大利,3.447173385487125e-06,,,,,,,
NL0011821202,NL0011821202-BGEM,荷兰国际 SE,1INGA,1INGA,B,EUR,608,MIL,BGEM,Borsa Italiana S.p.A.,italy,False,D15,,Banks,MIL:1INGA,ing,stock,6108.544,51411458536.6797,USD,Finance,Major Banks,False,MIL,Netherlands,EUR,1.07336,514.114585366797,6.556666787840001e-05,0.0,欧洲,NL0011821202,False,EURONEXT:INGA,ING GROEP N.V.,,,,ING Groep,荷兰国际,金融,银行,主要银行,意大利,1.854846191286237e-07,,,,,,,
FR0000121485,FR0000121485-BGEM,开云(巴黎春天) SE,1KER,1KER,D,EUR,608,MIL,BGEM,Borsa Italiana S.p.A.,italy,False,D15,,Clothing and Accessories,MIL:1KER,kering,stock,103013.85,43227329168.8554,USD,Consumer Non-Durables,Consumer Sundries,False,MIL,France,EUR,1.07336,432.273291688554,0.00110570946036,0.0,欧洲,FR0000121485,False,EURONEXT:KER,KERING,,,,Kering SA,开云(巴黎春天),消费,日常消费,小商品,意大利,0.000297098604745,,,,,,,
DE0008232125,DE0008232125-BGEM,汉莎航空 SE,1LHA,1LHA,C,EUR,608,MIL,BGEM,Borsa Italiana S.p.A.,italy,False,D15,,Airlines,MIL:1LHA,lufthansa,stock,48106.476,8536023689.8583,USD,Transportation,Airlines,False,MIL,Germany,EUR,1.07336,85.360236898583,0.0005163556707936,0.0,欧洲,DE0008232125,False,XETR:LHA,LUFTHANSA AG VNA O.N.,,,,Deutsche Lufthansa AG,汉莎航空,制造业,运输,航空公司,意大利,0.0002083442492499,,,,,,,
DE0007100000,DE0007100000-BGEM,梅赛德斯奔驰 SE,1MBG,1MBG,C,EUR,608,MIL,BGEM,Borsa Italiana S.p.A.,italy,False,D15,,Automobiles,MIL:1MBG,daimler,stock,1103.25,84028350646.1588,USD,Consumer Durables,Motor Vehicles,False,MIL,Germany,EUR,1.07336,840.283506461588,1.18418442e-05,0.0,欧洲,DE0007100000,False,XETR:MBG,Merck,,,,Mercedes-Benz Group AG,梅赛德斯奔驰,制造业,汽车,汽车整车,意大利,2.841317916915628e-07,,,,,,,
DE0008430026,DE0008430026-BGEM,慕尼黑再保险 SE,1MUV2,1MUV2,D,EUR,608,MIL,BGEM,Borsa Italiana S.p.A.,italy,False,D15,,Reinsurance,MIL:1MUV2,munichre,stock,2062.5,61951991537.6321,USD,Finance,Life/Health Insurance,False,MIL,Germany,EUR,1.07336,619.519915376321,2.2138050000000004e-05,0.0,欧洲,DE0008430026,False,XETR:MUV2,MUENCH.RUECKVERS.VNA O.N.,,,,Muenchener Rueckversicherungs Gesellschaft AG in Muenchen,慕尼黑再保险,金融,保险,人寿/健康保险,意大利,5.78161969941934e-06,,,,,,,
FI0009000681,FI0009000681-BGEM,Nokia Oyj,1NOKIA,1NOKI,B,EUR,608,MIL,BGEM,Borsa Italiana S.p.A.,italy,False,D15,,Telecommunications Equipment,,,,,,,,,,,,,,,,,,,,,,,,,Nokia Oyj,,,,,,,,,,,,,
FR0000133308,FR0000133308-BGEM,法国电信 SE,1ORA,1ORA,D,EUR,608,MIL,BGEM,Borsa Italiana S.p.A.,italy,False,D15,,Telecommunications Services,MIL:1ORA,orange,stock,4003.02,29905267559.2936,USD,Communications,Wireless Telecommunications,False,MIL,France,EUR,1.07336,299.052675592936,4.296681547200001e-05,0.0,欧洲,FR0000133308,False,EURONEXT:ORA,ORANGE,,,,Orange SA,法国电信,科技,通信,电信运营,意大利,2.7899694097874614e-06,,,,,,,
NL0000009538,NL0000009538-BGEM,飞利浦 SE,1PHIA,1PHIA,B,EUR,608,MIL,BGEM,Borsa Italiana S.p.A.,italy,False,D15,,Medical Equipment,MIL:1PHIA,philips,stock,29915.0,18781920808.853,USD,Health Technology,Medical Specialties,False,MIL,Netherlands,EUR,1.07336,187.81920808853,0.000321095644,0.0,欧洲,,,,,,,,Koninklijke Philips,飞利浦,医药,医疗,医疗器械,意大利,3.9637520660578033e-05,,,,,,,
DE0006969603,DE0006969603-BGEM,Puma SE,1PUM,1PUM,D,EUR,608,MIL,BGEM,Borsa Italiana S.p.A.,italy,False,D15,,Footwear,,,,,,,,,,,,,,,,,,,,,,,,,Puma SE,,,,,,,,,,,,,
DE0007037129,DE0007037129-BGEM,RWE AG SE,1RWE,1RWE,D,EUR,608,MIL,BGEM,Borsa Italiana S.p.A.,italy,False,D15,,Multi-utilities,MIL:1RWE,rwe,stock,649.8000000000001,25445618589.3368,USD,Utilities,Electric Utilities,False,MIL,Germany,EUR,1.07336,254.456185893368,6.974693280000001e-06,0.0,欧洲,DE0007037129,False,XETR:RWE,RWE AG INH O N,,,,RWE AG,RWE AG,公用事业,电力,电力公司,意大利,1.3558294873697302e-06,,,,,,,
DE0007037129,DE0007037129-BGEM,RWE AG SE,1RWE,1RWE,D,EUR,608,MIL,BGEM,Borsa Italiana S.p.A.,italy,False,D15,,Multi-utilities,MIL:1RWE,rwe,stock,649.8000000000001,25445618589.3368,USD,Utilities,Electric Utilities,False,MIL,Germany,EUR,1.07336,254.456185893368,6.974693280000001e-06,0.0,欧洲,DE0007037129,False,XETR:RWE,RWE AG INH O N,,,,RWE AG,RWE AG,公用事业,电力,电力公司,意大利,1.3558294873697302e-06,,,,,,,
FR0000120578,FR0000120578-BGEM,赛诺菲 SE,1SAN,1SAN,D,EUR,608,MIL,BGEM,Borsa Italiana S.p.A.,italy,False,D15,,Pharmaceuticals,MIL:1SAN,sanofi,stock,274.65,123494463130.0893,USD,Health Technology,Pharmaceuticals: Major,False,MIL,France,EUR,1.07336,1234.944631300893,2.9479832399999997e-06,0.0,欧洲,FR0000120578,False,EURONEXT:SAN,Sanofi,,,,Sanofi SA,赛诺菲,医药,制药,主要制药,意大利,4.991504969114707e-10,,,,,,,
ES0113900J37,ES0113900J37-BGEM,西班牙国际银行 SE,1SANX,1SANX,A,EUR,608,MIL,BGEM,Borsa Italiana S.p.A.,italy,False,D15,,Banks,MIL:1SANX,santander,stock,23901.954,80457671852.49069,USD,Finance,Major Banks,False,MIL,Spain,EUR,1.07336,804.5767185249069,0.0002565540134544,0.0,欧洲,ES0113900J37,False,BME:SAN,Santander,,,,Banco Santander SA,西班牙国际银行,金融,银行,主要银行,意大利,2.7272988572363342e-05,,,,,,,
DE0007164600,DE0007164600-BGEM,SAP SE,1SAP,1SAP,C,EUR,608,MIL,BGEM,Borsa Italiana S.p.A.,italy,False,D15,,Software,MIL:1SAP,sap,stock,1381.44,213084779556.616,USD,Technology Services,Packaged Software,False,MIL,Germany,EUR,1.07336,2130.84779556616,1.4827824384000004e-05,0.0,欧洲,DE0007164600,False,XETR:SAP,SAP,,,,SAP SE,SAP,科技,IT技术,软件开发,意大利,8.534727620716708e-07,,,,,,,
DE0007236101,DE0007236101-BGEM,西门子 SE,1SIE,1SIE,C,EUR,608,MIL,BGEM,Borsa Italiana S.p.A.,italy,False,D15,,Diversified Industrials,MIL:1SIE,siemens,stock,34944.0,146975479537.5909,USD,Producer Manufacturing,Industrial Machinery,False,MIL,Germany,EUR,1.07336,1469.7547953759092,0.0003750749184,0.0,欧洲,DE0007236101,False,XETR:SIE,Siemens,,,,Siemens AG,西门子,制造业,机械,机械加工设备,意大利,1.1247893608726742e-05,,,,,,,
ES0178430E18,ES0178430E18-BGEM,西班牙电信 SE,1TEF,1TEF,B,EUR,608,MIL,BGEM,Borsa Italiana S.p.A.,italy,False,D15,,Telecommunications Services,MIL:1TEF,telefonica,stock,16876.58,25599343254.1287,USD,Communications,Specialty Telecommunications,False,MIL,Spain,EUR,1.07336,255.993432541287,0.000181146459088,0.0,欧洲,ES0178430E18,False,BME:TEF,Telefónica,,,,Telefonica SA,西班牙电信,科技,通信,电信运营,意大利,0.0004397864115101,,,,,,,
DE0007664039,DE0007664039-BGEM,大众 SE,1VOW3,1VOW3,B,EUR,608,MIL,BGEM,Borsa Italiana S.p.A.,italy,False,CX,D15,Automobiles,MIL:1VOW3,volkswagen,stock,58582.2,69676180055.8924,USD,Consumer Durables,Motor Vehicles,False,MIL,Germany,EUR,1.07336,696.7618005589239,0.00062879790192,0.0,欧洲,DE0007664039,False,XETR:VOW,Volkswagen,,,,Volkswagen AG,大众,制造业,汽车,汽车整车,意大利,3.943858659622094e-05,,,,,,,
IT0001233417,IT0001233417-MTAA,A2A S.P.A.,A2A,A2A,A,EUR,608,MIL,MTAA,Borsa Italiana S.p.A.,italy,False,CX,D15,Conventional Electricity,MIL:A2A,a2a,stock,2428616.0135000004,6020635709.9897,USD,Utilities,Electric Utilities,True,MIL,Italy,EUR,1.07336,60.206357099897005,0.0260677928425036,0.0004,欧洲,IT0001233417,True,MIL:A2A,A2A,,,,A2A S.P.A.,,公用事业,电力,电力公司,意大利,4.336743482596306e-05,MTAA,EUR,1.7875,-0.22,10:08 CEST26 Apr 2024,1.7915,25 Apr 2024
FR0000062465,FR0000062465-XPAR,Verneuil Participations,VRNL,AAA,D,EUR,710,EPA,XPAR,Euronext Paris,france,False,R,,Diversified Financial Services ,EURONEXT:AAA,,stock,9.0,440967437.2057,USD,Commercial Services,Miscellaneous Commercial Services,True,EURONEXT,France,EUR,1.07336,4.409674372057,9.660240000000003e-08,0.0,欧洲,FR0000062465,True,EURONEXT:AAA,ALAN ALLMAN ASSOCIATES,,,,Verneuil Participations,,消费,商业服务,综合商业,法国,0.0,XPAR,EUR,9.00,0,09:00 CEST26 Apr 2024,9.00,25 Apr 2024
NL0000852564,NL0000852564-XAMS,Aalberts Industries,AALB,AALB,B,EUR,200,EAM,XAMS,Euronext Amsterdam,netherlands,True,R,,Electronic Equipment: Control and Filter,EURONEXT:AALB,aalberts-n-v,stock,365699.9,5190779247.0445,USD,Producer Manufacturing,Semiconductors,True,EURONEXT,Netherlands,EUR,1.07336,51.907792470445,0.00392527644664,0.0001,欧洲,NL0000852564,True,EURONEXT:AALB,AALBERTS N.V.,AALB,Semiconductors,,Aalberts Industries,,科技,电子,半导体,荷兰,0.0002720616473277,XAMS,EUR,44.18,0.96,10:07 CEST26 Apr 2024,43.76,25 Apr 2024
FR0010557264,FR0010557264-XPAR,AB Science,AB,AB,D,EUR,710,EPA,XPAR,Euronext Paris,france,False,R,,Biotechnology,EURONEXT:AB,ab-science-sa,stock,21898.15,105233910.2754,USD,Health Technology,Pharmaceuticals: Other,True,EURONEXT,France,EUR,1.07336,1.052339102754,0.00023504598284,0.0002,欧洲,FR0010557264,True,EURONEXT:AB,AB SCIENCE,,,,AB Science,,医药,制药,其他制药,法国,9.959599235256306e-05,XPAR,EUR,1.924,2.12,10:04 CEST26 Apr 2024,1.884,25 Apr 2024
FR0004040608,FR0004040608-XPAR,ABC Arbitrage,ABCA,ABCA,D,EUR,710,EPA,XPAR,Euronext Paris,france,False,R,,Investment Services,EURONEXT:ABCA,abc-arbitrage,stock,174017.54,246928945.0404,USD,Finance,Investment Managers,True,EURONEXT,France,EUR,1.07336,2.469289450404,0.001867834667344,0.0008,欧洲,FR0004040608,True,EURONEXT:ABCA,ABC ARBITRAGE,,,,ABC Arbitrage,,金融,资产管理,投资经理,法国,0.0011193905242514,XPAR,EUR,3.975,1.92,10:07 CEST26 Apr 2024,3.90,25 Apr 2024
FR0013185857,FR0013185857-XPAR,Abeo SAS,ABEO,ABEO,D,EUR,710,EPA,XPAR,Euronext Paris,france,False,R,,Recreational Products,EURONEXT:ABEO,,stock,6017.0,88672313.6891,USD,Consumer Durables,Recreational Products,True,EURONEXT,France,EUR,1.07336,0.886723136891,6.45840712e-05,0.0001,欧洲,FR0013185857,True,EURONEXT:ABEO,ABEO,,,,Abeo SAS,,消费,可选消费,休闲产品,法国,0.0,XPAR,EUR,11.00,0,09:43 CEST26 Apr 2024,11.00,25 Apr 2024
BE0974293251,BE0974293251-XBRU,百威英博 SE,ABI,ABI,A,EUR,320,EBR,XBRU,Euronext Brussels,belgium,True,R,,Brewers,EURONEXT:ABI,anheuser-busch-inbev,stock,4127025.08,122738695950.434,USD,Consumer Non-Durables,Beverages: Alcoholic,True,EURONEXT,Belgium,EUR,1.07336,1227.38695950434,0.044297836398688,0.0,欧洲,,,,,,,,Anheuser Busch Inbev SA,百威英博,消费,食品饮料,酒,比利时,1.2964280090114432e-14,XBRU,EUR,56.06,0,10:08 CEST26 Apr 2024,56.06,25 Apr 2024
NL0011540547,NL0011540547-XAMS,ABN Amro Bank,ABN,ABN,B,EUR,200,EAM,XAMS,Euronext Amsterdam,netherlands,True,R,,,EURONEXT:ABN,abn-amro,dr,9582711.8,14739980506.6234,USD,Finance,Major Banks,True,EURONEXT,Netherlands,EUR,1.07336,147.399805066234,0.10285699537648,0.0007,欧洲,,,,,,,,ABN Amro Bank,,金融,银行,主要银行,荷兰,0.0726917022016344,XAMS,EUR,15.14,1.03,10:08 CEST26 Apr 2024,15.875,25 Apr 2024
FR0012616852,FR0012616852-XPAR,Abionyx Pharma SA,ABNX,ABNX,D,EUR,710,EPA,XPAR,Euronext Paris,france,False,R,,Biotechnology,EURONEXT:ABNX,abionyx-pharma-sa,stock,532.414,35135576.2272,USD,Health Technology,Pharmaceuticals: Major,True,EURONEXT,France,EUR,1.07336,0.351355762272,5.7147189104e-06,0.0,欧洲,FR0012616852,True,EURONEXT:ABNX,ABIONYX PHARMA,,,,Abionyx Pharma SA,,医药,制药,主要制药,法国,0.0,XPAR,EUR,1.018,0,09:00 CEST26 Apr 2024,1.018,25 Apr 2024
BE0974278104,BE0974278104-XBRU,ABO-Group Environment,ABO,ABO,D,EUR,320,EBR,XBRU,Euronext Brussels,belgium,False,R,,Engineering and Contracting Services,EURONEXT:ABO,abo-environment,stock,1362.5,61787095.2108,USD,Commercial Services,Miscellaneous Commercial Services,True,EURONEXT,Belgium,EUR,1.07336,0.617870952108,1.4624530000000002e-05,0.0,欧洲,BE0974278104,True,EURONEXT:ABO,ABO,,,,ABO-Group Environment,,消费,商业服务,综合商业,比利时,1.9793500547810145e-05,,,,,,,
IT0005445280,IT0005445280-MTAA,ABITARE IN,ABT,ABT,D,EUR,608,MIL,MTAA,Borsa Italiana S.p.A.,italy,False,D15,,Home Construction,MIL:ABT,,stock,4444.0,115055970.9011,USD,Finance,Real Estate Development,True,MIL,Italy,EUR,1.07336,1.150559709011,4.77001184e-05,0.0,欧洲,IT0005445280,True,MIL:ABT,ABITARE IN,,,,ABITARE IN,,金融,房地产,房地产开发,意大利,7.194686496753357e-06,MTAA,EUR,4.00,-0.74,09:43 CEST26 Apr 2024,4.03,25 Apr 2024
FR0012333284,FR0012333284-XPAR,Abivax SA,ABVX,ABVX,D,EUR,710,EPA,XPAR,Euronext Paris,france,False,R,,Biotechnology,EURONEXT:ABVX,abivax-sa,stock,68805.16,994859670.3872,USD,Health Technology,Pharmaceuticals: Other,True,EURONEXT,France,EUR,1.07336,9.948596703872,0.000738527065376,0.0001,欧洲,FR0012333284,True,EURONEXT:ABVX,ABIVAX,,,,Abivax SA,,医药,制药,其他制药,法国,2.0403864763772584e-05,XPAR,EUR,14.58,-1.09,10:07 CEST26 Apr 2024,14.74,25 Apr 2024
FR0000120404,FR0000120404-XPAR,雅高酒店集团,AC,AC,A,EUR,710,EPA,XPAR,Euronext Paris,france,True,R,,Hotels and Motels,EURONEXT:AC,accor,stock,4825594.92,10841422080.2901,USD,Consumer Services,Hotels/Resorts/Cruise lines,True,EURONEXT,France,EUR,1.07336,108.414220802901,0.051796005633312,0.0005,欧洲,FR0000120404,True,EURONEXT:AC,ACCOR,,,雅高酒店集团,Accor,,消费,可选消费,酒店,法国,0.0002689044964824,XPAR,EUR,41.48,-0.53,10:08 CEST26 Apr 2024,41.70,25 Apr 2024
IT0001382024,IT0001382024-MTAA,Acinque,AC5,AC5,D,EUR,608,MIL,MTAA,Borsa Italiana S.p.A.,italy,False,D15,,Multi-utilities,MIL:AC5,acsm-agam,stock,11063.499999999998,429732094.33,USD,Utilities,Electric Utilities,True,MIL,Italy,EUR,1.07336,4.2973209433,0.0001187511835999,0.0,欧洲,IT0001382024,True,MIL:AC5,ACINQUE,,,,Acinque,,公用事业,电力,电力公司,意大利,1.9179191808386103e-05,,,,,,,
FR0000045072,FR0000045072-XPAR,农业信贷银行,ACA,ACA,A,EUR,710,EPA,XPAR,Euronext Paris,france,True,R,CX,Banks,EURONEXT:ACA,credit-agricole,stock,8331865.350000001,44407269897.0178,USD,Finance,Regional Banks,True,EURONEXT,France,EUR,1.07336,444.072698970178,0.08943090992076,0.0002,欧洲,FR0000045072,True,EURONEXT:ACA,CREDIT AGRICOLE,,,农业信贷银行,Crdit Agricole,农业信贷银行,金融,银行,地区银行,法国,0.0051812045502825,XPAR,EUR,14.60,0.86,10:08 CEST26 Apr 2024,14.475,25 Apr 2024
FR0000064602,FR0000064602-XPAR,Acanthe Developpement,ACAN,ACAN,D,EUR,710,EPA,XPAR,Euronext Paris,france,False,R,,Office REITs,EURONEXT:ACAN,acanthe-developpement-sa,fund,28440.576,63128507.6335,USD,Finance,Real Estate Investment Trusts,True,EURONEXT,France,EUR,1.07336,0.631285076335,0.0003052697665536,0.0005,欧洲,,,,,,,,Acanthe Developpement,,金融,房地产,房地产投资信托,法国,0.0007347187581841,XPAR,EUR,0.384,-4.0,09:52 CEST26 Apr 2024,0.40,25 Apr 2024
BE0003696102,BE0003696102-XBRU,Accentis,ACCB,ACCB,D,EUR,320,EBR,XBRU,Euronext Brussels,belgium,False,R,,Real Estate Holding and Development,EURONEXT:ACCB,accentis,stock,4834.1585,40639903.5013,USD,Finance,Real Estate Development,True,EURONEXT,Belgium,EUR,1.07336,0.406399035013,5.188792367559999e-05,0.0001,欧洲,BE0003696102,True,EURONEXT:ACCB,ACCENTIS,,,,Accentis,,金融,房地产,房地产开发,比利时,3.7855144090285536e-05,XBRU,EUR,0.0305,1.67,09:37 CEST26 Apr 2024,0.03,25 Apr 2024
IT0001207098,IT0001207098-MTAA,ACEA S.P.A.,ACE,ACE,B,EUR,608,MIL,MTAA,Borsa Italiana S.p.A.,italy,False,CX,D15,Conventional Electricity,MIL:ACE,acea,stock,69989.48,3654842494.5495,USD,Utilities,Electric Utilities,True,MIL,Italy,EUR,1.07336,36.548424945495,0.000751239082528,0.0,欧洲,IT0001207098,True,MIL:ACE,ACEA,,,,ACEA S.P.A.,,公用事业,电力,电力公司,意大利,3.680523017019085e-06,MTAA,EUR,16.05,0.12,10:08 CEST26 Apr 2024,16.03,25 Apr 2024
BE0003764785,BE0003764785-XBRU,Ackermans & van Haaren,ACKB,ACKB,B,EUR,320,EBR,XBRU,Euronext Brussels,belgium,True,R,CX,Diversified Financial Services ,EURONEXT:ACKB,ackermans-vhaaren,stock,167796.8,5615289248.9793,USD,Industrial Services,Engineering & Construction,True,EURONEXT,Belgium,EUR,1.07336,56.152892489793,0.00180106373248,0.0,欧洲,BE0003764785,True,EURONEXT:ACKB,ACKERMANS V.HAAREN,,,,Ackermans & van Haaren,,制造业,建筑业,建筑工程,比利时,0.0001125148129904,XBRU,EUR,159.40,0.95,10:08 CEST26 Apr 2024,157.90,25 Apr 2024
NL0000313286,NL0000313286-XAMS,Amsterdam Commodities,ACOMO,ACOMO,C,EUR,200,EAM,XAMS,Euronext Amsterdam,netherlands,False,R,,Food Products,EURONEXT:ACOMO,amsterdam-commodities,stock,53012.7,568011255.396,USD,Distribution Services,Wholesale Distributors,True,EURONEXT,Netherlands,EUR,1.07336,5.68011255396,0.00056901711672,0.0001,欧洲,NL0000313286,True,EURONEXT:ACOMO,ACOMO N.V.,,,,Amsterdam Commodities,,消费,经销商,批发经销商,荷兰,6.18979775360046e-06,XAMS,EUR,17.94,0.22,09:58 CEST26 Apr 2024,17.90,25 Apr 2024
NL0011794037,NL0011794037-XAMS,Ahold Delhaize,AD,AD,A,EUR,200,EAM,XAMS,Euronext Amsterdam,netherlands,True,R,CX,Food Retailers and Wholesalers,EURONEXT:AD,ahold-delhaize,stock,3396242.0999999996,27458631202.9852,USD,Retail Trade,Food Retail,True,EURONEXT,Netherlands,EUR,1.07336,274.58631202985197,0.03645390420456,0.0001,欧洲,NL0011794037,True,EURONEXT:AD,KONINKLIJKE AHOLD DELHAIZE N.V.,,,Ahold Delhaize,Koninklijke Ahold Delhaize,Ahold Delhaize,消费,零售,食品零售,荷兰,0.0011526306583699,"XAMS, XBRU",EUR,27.95,0.25,10:08 CEST26 Apr 2024,27.88,25 Apr 2024
IT0001006128,IT0001006128-MTAA,博洛尼亚机场,ADB,ADB,D,EUR,608,MIL,MTAA,Borsa Italiana S.p.A.,italy,False,D15,,Transportation Services,MIL:ADB,aeroporto-guglielmo-marconi,stock,4433.04,303815681.6943,USD,Transportation,Other Transportation,True,MIL,Italy,EUR,1.07336,3.038156816943,4.7582478144000006e-05,0.0,欧洲,IT0001006128,True,MIL:ADB,AEROPORTO GUGLIELMO MARCONI DI BOLOGNA,,,博洛尼亚机场,Aeroporto Guglielmo Marconi di Bologna,,制造业,运输,其他交通,意大利,7.998095781941665e-07,MTAA,EUR,7.86,0.26,09:49 CEST26 Apr 2024,7.84,25 Apr 2024
FR0011184241,FR0011184241-XPAR,Adocia SA,ADOC,ADOC,D,EUR,710,EPA,XPAR,Euronext Paris,france,False,R,,Biotechnology,EURONEXT:ADOC,adocia-sas,stock,162019.29,123475845.2856,USD,Health Technology,Pharmaceuticals: Major,True,EURONEXT,France,EUR,1.07336,1.2347584528559998,0.001739050251144,0.0014,欧洲,FR0011184241,True,EURONEXT:ADOC,ADOCIA,,,,Adocia SA,,医药,制药,主要制药,法国,0.0034126881635583,XPAR,EUR,8.41,4.21,10:08 CEST26 Apr 2024,8.07,25 Apr 2024
FR0010340141,FR0010340141-XPAR,巴黎机场集团,ADP,ADP,A,EUR,710,EPA,XPAR,Euronext Paris,france,True,R,CX,Transportation Services,EURONEXT:ADP,aeroports-de-paris,stock,1906050.3,12407204016.7354,USD,Transportation,Other Transportation,True,EURONEXT,France,EUR,1.07336,124.072040167354,0.02045878150008,0.0002,欧洲,FR0010340141,True,EURONEXT:ADP,AEROPORTS DE PARIS,,,巴黎机场集团,Aroports de Paris,,制造业,运输,其他交通,法国,0.0066039444335472,XPAR,EUR,119.30,2.05,10:08 CEST26 Apr 2024,116.90,25 Apr 2024
FR0012821890,FR0012821890-XPAR,Adux SA,HIM,ADUX,D,EUR,710,EPA,XPAR,Euronext Paris,france,False,R,,Media Agencies,EURONEXT:ADUX,adux,stock,1285.0,8362801.381,USD,Commercial Services,Advertising/Marketing Services,True,EURONEXT,France,EUR,1.07336,0.08362801381,1.3792676000000002e-05,0.0002,欧洲,FR0012821890,True,EURONEXT:ADUX,ADUX,,,,Adux SA,,消费,商业服务,广告营销,法国,0.0,"XPAR, XAMS",EUR,1.25,0,09:48 CEST26 Apr 2024,1.25,25 Apr 2024
NL0012969182,NL0012969182-XAMS,Adyen,ADYEN,ADYEN,B,EUR,200,EAM,XAMS,Euronext Amsterdam,netherlands,True,R,,Transaction Processing Services,EURONEXT:ADYEN,adyen,stock,25450467.0,38532272542.0821,USD,Technology Services,Transaction Processing Services,True,EURONEXT,Netherlands,EUR,1.07336,385.322725420821,0.2731751325912,0.0007,欧洲,NL0012969182,True,EURONEXT:ADYEN,ADYEN,ADYEN,Transaction Processing Services,Adyen,Adyen,Adyen,科技,IT技术,交易支付,荷兰,0.0750223452547424,XAMS,EUR,"1,180.60",2.04,10:08 CEST26 Apr 2024,"1,157.00",25 Apr 2024
BE0003851681,BE0003851681-XBRU,Aedifica,AED,AED,B,EUR,320,EBR,XBRU,Euronext Brussels,belgium,True,R,,Health Care REITs,EURONEXT:AED,aedifica,fund,150365.19999999998,3019615092.3184,USD,Finance,Real Estate Investment Trusts,True,EURONEXT,Belgium,EUR,1.07336,30.196150923184,0.00161395991072,0.0001,欧洲,,,,,,,,Aedifica,,金融,房地产,房地产投资信托,比利时,0.0002818037992556,"XBRU, XAMS",EUR,60.10,1.52,10:08 CEST26 Apr 2024,59.20,25 Apr 2024
IT0001384590,IT0001384590-MTAA,Aeffe,AEF,AEF,D,EUR,608,MIL,MTAA,Borsa Italiana S.p.A.,italy,False,D15,,Clothing and Accessories,MIL:AEF,aeffe-spa,stock,4707.402,84573340.33929999,USD,Consumer Non-Durables,Apparel/Footwear,True,MIL,Italy,EUR,1.07336,0.845733403393,5.052737010720001e-05,0.0001,欧洲,IT0001384590,True,MIL:AEF,AEFFE,,,,Aeffe,,消费,日常消费,服装鞋类,意大利,1.3887376234510932e-05,MTAA,EUR,0.782,-1.01,09:59 CEST26 Apr 2024,0.79,25 Apr 2024
FR001400J770,FR001400J770-XPAR,法国航空,AF,AF,B,EUR,710,EPA,XPAR,Euronext Paris,france,False,R,CX,Airlines,EURONEXT:AF,air-france-klm,stock,3232149.546,2718794948.9735,USD,Transportation,Airlines,True,EURONEXT,France,EUR,1.07336,27.187949489734997,0.0346926003669456,0.0013,欧洲,FR001400J770,True,EURONEXT:AF,AIR FRANCE -KLM,,,法国航空,Air France-KLM,,制造业,运输,航空公司,法国,0.0202068576864501,"XPAR, XAMS",EUR,9.964,2.83,10:08 CEST26 Apr 2024,9.69,25 Apr 2024
BE0003755692,BE0003755692-XBRU,Agfa-Gevaert,AGFB,AGFB,D,EUR,320,EBR,XBRU,Euronext Brussels,belgium,False,R,,Electronic Equipment: Gauges and Meters,EURONEXT:AGFB,agfa-gevaert,stock,15060.2,192315981.6136,USD,Consumer Durables,Electronics/Appliances,True,EURONEXT,Belgium,EUR,1.07336,1.923159816136,0.00016165016272,0.0001,欧洲,BE0003755692,True,EURONEXT:AGFB,AGFA-GEVAERT,,,,Agfa-Gevaert,,消费,可选消费,电子电器,比利时,4.60305555064878e-05,XBRU,EUR,1.168,0.86,09:56 CEST26 Apr 2024,1.158,25 Apr 2024
IT0001137345,IT0001137345-MTAA,AUTOGRILL SPA,AGL,AGL,B,EUR,608,MIL,MTAA,Borsa Italiana S.p.A.,italy,False,CX,D15,Restaurants and Bars,,,,,,,,,,,,,,,,,,,,,,,,,AUTOGRILL SPA,,,,,,,,,,,,,
NL0000303709,NL0000303709-XAMS,AEGON,AGN,AGN,B,EUR,200,EAM,XAMS,Euronext Amsterdam,netherlands,True,R,CX,Life Insurance,EURONEXT:AGN,aegon,stock,2870102.144,10566027482.1166,USD,Finance,Multi-Line Insurance,True,EURONEXT,Netherlands,EUR,1.07336,105.660274821166,0.0308065283728384,0.0003,欧洲,NL0000303709,True,EURONEXT:AGN,AEGON,,,AEGON,Aegon,荷兰全球保险,金融,保险,多险种保险,荷兰,0.0053620354062015,,,,,,,
BE0974264930,BE0974264930-XBRU,Ageas SA,AGS,AGS,B,EUR,320,EBR,XBRU,Euronext Brussels,belgium,True,R,CX,Life Insurance,EURONEXT:AGS,ageas,stock,702988.98,8573342555.9949,USD,Finance,Multi-Line Insurance,True,EURONEXT,Belgium,EUR,1.07336,85.733425559949,0.007545602515728,0.0001,欧洲,BE0974264930,True,EURONEXT:AGS,AGEAS,,,,Ageas SA,,金融,保险,多险种保险,比利时,6.431390364991955e-05,XBRU,EUR,43.56,0.23,10:08 CEST26 Apr 2024,43.46,25 Apr 2024
FR0000120073,FR0000120073-XPAR,Air Liquide,AI,AI,A,EUR,710,EPA,XPAR,Euronext Paris,france,True,R,CX,Specialty Chemicals,EURONEXT:AI,liquide,stock,7266267.52,103120020059.1198,USD,Process Industries,Chemicals: Specialty,True,EURONEXT,France,EUR,1.07336,1031.200200591198,0.077993209052672,0.0001,欧洲,FR0000120073,True,EURONEXT:AI,AIR LIQUIDE,,,Air Liquide,Air Liquide,Air Liquide,制造业,化工,特殊化学品,法国,8.616532159224826e-07,XPAR,EUR,183.64,0.01,10:08 CEST26 Apr 2024,183.62,25 Apr 2024
NL0000235190,NL0000235190-XPAR,空客,AIR,AIR,A,EUR,710,EPA,XPAR,Euronext Paris,france,True,R,,Aerospace,EURONEXT:AIR,airbus,stock,40237602.3,134590626812.95148,USD,Electronic Technology,Aerospace & Defense,True,EURONEXT,France,EUR,1.07336,1345.906268129515,0.43189432804728,0.0003,欧洲,NL0000235190,True,EURONEXT:AIR,Airbus,,,空客,AIRBUS,空客,制造业,机械,航空航天与国防,法国,0.0987406587308435,XPAR,EUR,154.60,-2.47,10:08 CEST26 Apr 2024,158.52,25 Apr 2024
NL0000018034,NL0000018034-XAMS,Ajax,AJAX,AJAX,D,EUR,200,EAM,XAMS,Euronext Amsterdam,netherlands,False,R,,Recreational Services,EURONEXT:AJAX,afc-ajax-nv,stock,8119.65,204528122.9639,USD,Consumer Durables,Recreational Products,True,EURONEXT,Netherlands,EUR,1.07336,2.045281229639,8.715307524e-05,0.0,欧洲,NL0000018034,True,EURONEXT:AJAX,AFC AJAX NV,,,,Ajax,,消费,可选消费,休闲产品,荷兰,5.18452853573132e-06,XAMS,EUR,10.45,0.48,10:05 CEST26 Apr 2024,10.40,25 Apr 2024
FR0010313833,FR0010313833-XPAR,阿科玛,AKE,AKE,A,EUR,710,EPA,XPAR,Euronext Paris,france,True,R,CX,Chemicals: Diversified,EURONEXT:AKE,arkema,stock,732475.7999999999,7579794571.368,USD,Process Industries,Chemicals: Major Diversified,True,EURONEXT,France,EUR,1.07336,75.79794571368,0.00786210224688,0.0001,欧洲,FR0010313833,True,EURONEXT:AKE,ARKEMA,,,阿科玛,Arkema,,制造业,化工,化学原料,法国,0.0003880893510711,XPAR,EUR,95.35,0.79,10:07 CEST26 Apr 2024,94.60,25 Apr 2024
FR0000053027,FR0000053027-XPAR,AKWEL,MGIC,AKW,D,EUR,710,EPA,XPAR,Euronext Paris,france,False,R,,Auto Parts,EURONEXT:AKW,akwel,stock,967.98,389455807.1658,USD,Producer Manufacturing,Auto Parts: OEM,True,EURONEXT,France,EUR,1.07336,3.894558071658,1.0389910128e-05,0.0,欧洲,FR0000053027,True,EURONEXT:AKW,AKWEL,,,,AKWEL,,制造业,汽车,汽车零部件,法国,6.652081007572738e-06,XPAR,EUR,13.56,-0.15,10:05 CEST26 Apr 2024,13.58,25 Apr 2024
NL0013267909,NL0013267909-XAMS,AkzoNobel,AKZA,AKZA,A,EUR,200,EAM,XAMS,Euronext Amsterdam,netherlands,True,R,CX,Specialty Chemicals,EURONEXT:AKZA,akzo-nobel,stock,2280459.54,11333488515.2448,USD,Process Industries,Industrial Specialties,True,EURONEXT,Netherlands,EUR,1.07336,113.334885152448,0.024477540518544,0.0002,欧洲,NL0013267909,True,EURONEXT:AKZA,AKZO NOBEL,,,AkzoNobel,Akzo Nobel,AkzoNobel,制造业,化工,特种工业品,荷兰,0.0009707594402332,XAMS,EUR,62.36,0.71,10:07 CEST26 Apr 2024,61.92,25 Apr 2024
FR0013341781,FR0013341781-ALXP,2Crsi SA,2CRSI,AL2SI,D,EUR,710,EPA,ALXP,Euronext Paris,france,False,R,,Computer Services,EURONEXT:AL2SI,,stock,23686.14,87432329.3422,USD,Electronic Technology,Computer Processing Hardware,True,EURONEXT,France,EUR,1.07336,0.874323293422,0.000254237552304,0.0003,欧洲,FR0013341781,True,EURONEXT:AL2SI,2CRSI,,,,2Crsi SA,,科技,电子,计算机设备,法国,0.000420690359823,,,,,,,
FR0014005OJ5,FR0014005OJ5-ALXP,ACTICOR BIOTECH,ALACT,ALACT,D,EUR,710,EPA,ALXP,Euronext Paris,france,False,R,,Biotechnology,EURONEXT:ALACT,,stock,94999.36,4563170.3297,USD,Health Technology,Biotechnology,True,EURONEXT,France,EUR,1.07336,0.045631703297,0.001019685130496,0.0223,欧洲,FR0014005OJ5,True,EURONEXT:ALACT,ACTICOR BIOTECH,,,,ACTICOR BIOTECH,,医药,医疗,生物技术,法国,0.027406433070314,,,,,,,
FR0014005AC9,FR0014005AC9-ALXP,AFYREN,ALAFY,ALAFY,D,EUR,710,EPA,ALXP,Euronext Paris,france,False,R,,Specialty Chemicals,EURONEXT:ALAFY,afyren,stock,22596.6,69786082.8779,USD,Health Technology,Biotechnology,True,EURONEXT,France,EUR,1.07336,0.697860828779,0.00024254286576,0.0003,欧洲,FR0014005AC9,True,EURONEXT:ALAFY,AFYREN,,,,AFYREN,,医药,医疗,生物技术,法国,0.0005684804926091,,,,,,,
FR0014004339,FR0014004339-ALXP,E PANGO,ALAGO,ALAGO,D,EUR,710,EPA,ALXP,Euronext Paris,france,False,R,,Alternative Electricity,,,,,,,,,,,,,,,,,,,,,,,,,E PANGO,,,,,,,,,,,,,
FR0013452281,FR0013452281-ALXP,Agripower France SASU,ALAGP,ALAGP,D,EUR,710,EPA,ALXP,Euronext Paris,france,False,R,,Renewable Energy Equipment,EURONEXT:ALAGP,,stock,90.0,3462503.968,USD,Utilities,Electric Utilities,True,EURONEXT,France,EUR,1.07336,0.03462503968,9.66024e-07,0.0,欧洲,FR0013452281,True,EURONEXT:ALAGP,AGRIPOWER,,,,Agripower France SASU,,公用事业,电力,电力公司,法国,1.0151917674375033e-07,,,,,,,
FR0010641449,FR0010641449-ALXP,AgroGeneration,ALAGR,ALAGR,D,EUR,710,EPA,ALXP,Euronext Paris,france,False,R,,Farming/Fishing/Ranching and Plantations,EURONEXT:ALAGR,agrogeneration,stock,725.7,8672714.065299999,USD,Process Industries,Agricultural Commodities/Milling,True,EURONEXT,France,EUR,1.07336,0.086727140653,7.78937352e-06,0.0001,欧洲,FR0010641449,True,EURONEXT:ALAGR,AGROGENERATION,,,,AgroGeneration,,制造业,化工,农产品,法国,1.9375325822653153e-05,,,,,,,
FR0014003V77,FR0014003V77-ALXP,AIRWELL,ALAIR,ALAIR,D,EUR,710,EPA,ALXP,Euronext Paris,france,False,R,,Household Appliance,EURONEXT:ALAIR,,stock,1449.6,31501444.55,USD,Distribution Services,Wholesale Distributors,True,EURONEXT,France,EUR,1.07336,0.3150144455,1.555942656e-05,0.0,欧洲,FR0014003V77,True,EURONEXT:ALAIR,GROUPE AIRWELL,,,,AIRWELL,,消费,经销商,批发经销商,法国,3.874599481865641e-06,,,,,,,
GB00BNKGZC51,GB00BNKGZC51-ALXP,AMA CORPORATION,ALAMA,ALAMA,D,EUR,710,EPA,ALXP,Euronext Paris,france,False,R,,Professional Business Support Services,EURONEXT:ALAMA,,stock,2086.854,9706066.3566,USD,Electronic Technology,Computer Communications,True,EURONEXT,United Kingdom,EUR,1.07336,0.097060663566,2.2399456094399997e-05,0.0002,欧洲,GB00BNKGZC51,True,EURONEXT:ALAMA,AMA CORPORATION,,,,AMA CORPORATION,,科技,电子,计算机通讯,法国,0.0002382528855577,,,,,,,
FR0010340711,FR0010340711-ALXP,Aquila,ALAQU,ALAQU,D,EUR,710,EPA,ALXP,Euronext Paris,france,False,R,,Professional Business Support Services,EURONEXT:ALAQU,,stock,286.7,8318788.5,USD,Commercial Services,Miscellaneous Commercial Services,True,EURONEXT,France,EUR,1.07336,0.083187885,3.07732312e-06,0.0,欧洲,FR0010340711,True,EURONEXT:ALAQU,AQUILA,,,,Aquila,,消费,商业服务,综合商业,法国,2.868514450000903e-07,,,,,,,
FR0013284627,FR0013284627-ALXP,Adeunis SA,ALARF,ALARF,D,EUR,710,EPA,ALXP,Euronext Paris,france,False,R,,Electronic Equipment: Gauges and Meters,,,,,,,,,,,,,,,,,,,,,,,,,Adeunis SA,,,,,,,,,,,,,
FR0000076887,FR0000076887-ALXP,AST Groupe,ASP,ALAST,D,EUR,710,EPA,ALXP,Euronext Paris,france,False,R,,Home Construction,EURONEXT:ALAST,ast-groupe,stock,411.992,5420673.8373,USD,Consumer Durables,Homebuilding,True,EURONEXT,France,EUR,1.07336,0.0542067383729999,4.422157331200001e-06,0.0001,欧洲,FR0000076887,True,EURONEXT:ALAST,A.S.T.,,,,AST Groupe,,制造业,建筑业,住宅建筑,法国,0.0,,,,,,,
FR0010478248,FR0010478248-ALXP,Atari,ATA,ALATA,D,EUR,710,EPA,ALXP,Euronext Paris,france,False,R,,Electronic Entertainment,EURONEXT:ALATA,atari,stock,13.056,59321095.2164,USD,Technology Services,Packaged Software,True,EURONEXT,France,EUR,1.07336,0.593210952164,1.4013788160000002e-07,0.0,欧洲,FR0010478248,True,EURONEXT:ALATA,ATARI S.A.,,,,Atari,,科技,IT技术,软件开发,法国,1.628243058298171e-07,,,,,,,
FR0000076655,FR0000076655-ALXP,Actia Group,ATI,ALATI,D,EUR,710,EPA,ALXP,Euronext Paris,france,False,R,,Electronic Equipment: Gauges and Meters,EURONEXT:ALATI,actia,stock,224.95,87523995.848,USD,Producer Manufacturing,Auto Parts: OEM,True,EURONEXT,France,EUR,1.07336,0.87523995848,2.41452332e-06,0.0,欧洲,FR0000076655,True,EURONEXT:ALATI,ACTIA,,,,Actia Group,,制造业,汽车,汽车零部件,法国,3.8992351711805785e-07,,,,,,,
FR00140059B5,FR00140059B5-ALXP,AUDACIA,ALAUD,ALAUD,D,EUR,710,EPA,ALXP,Euronext Paris,france,False,R,,Asset Managers and Custodians,EURONEXT:ALAUD,,stock,3.7,18868793.0,USD,Finance,Investment Managers,True,EURONEXT,France,EUR,1.07336,0.18868793,3.9714320000000004e-08,0.0,欧洲,FR00140059B5,True,EURONEXT:ALAUD,AUDACIA,,,,AUDACIA,,金融,资产管理,投资经理,法国,0.0,,,,,,,
FR0013183589,FR0013183589-ALXP,Aures Technologies SA,AURS,ALAUR,D,EUR,710,EPA,ALXP,Euronext Paris,france,False,R,,Computer Hardware,EURONEXT:ALAUR,aures-technologies,stock,20982.08,25710071.3375,USD,Electronic Technology,Computer Processing Hardware,True,EURONEXT,France,EUR,1.07336,0.257100713375,0.000225213253888,0.0009,欧洲,FR0013183589,True,EURONEXT:ALAUR,AURES TECHNOLOGIES S.A.,,,,Aures Technologies SA,,科技,电子,计算机设备,法国,1.1661401118225289e-05,,,,,,,
FR0000053043,FR0000053043-ALXP,Advini,ADVI,ALAVI,D,EUR,710,EPA,ALXP,Euronext Paris,france,False,R,,Distillers and Vintners,EURONEXT:ALAVI,advini,stock,1470.0,62121462.237,USD,Consumer Non-Durables,Beverages: Alcoholic,True,EURONEXT,France,EUR,1.07336,0.6212146223699999,1.5778392000000003e-05,0.0,欧洲,FR0000053043,True,EURONEXT:ALAVI,ADVINI,,,,Advini,,消费,食品饮料,酒,法国,2.0978602449042843e-05,,,,,,,
FR0000035305,FR0000035305-ALXP,BD Multimdia,ALBDM,ALBDM,D,EUR,710,EPA,ALXP,Euronext Paris,france,False,R,,Consumer Digital Services,EURONEXT:ALBDM,,stock,10125.0,5217344.625,USD,Commercial Services,Miscellaneous Commercial Services,True,EURONEXT,France,EUR,1.07336,0.05217344625,0.0001086777,0.0021,欧洲,FR0000035305,True,EURONEXT:ALBDM,BD MULTI MEDIA,,,,BD Multimdia,,消费,商业服务,综合商业,法国,0.0011879320581299,,,,,,,
FR0010202606,FR0010202606-ALXP,Sidetrade,ALBFR,ALBFR,D,EUR,710,EPA,ALXP,Euronext Paris,france,False,R,,Software,EURONEXT:ALBFR,sidetrade,stock,2460.0,243198327.2163,USD,Technology Services,Packaged Software,True,EURONEXT,France,EUR,1.07336,2.431983272163,2.6404656000000005e-05,0.0,欧洲,FR0010202606,True,EURONEXT:ALBFR,SIDETRADE,,,,Sidetrade,,科技,IT技术,软件开发,法国,0.0,,,,,,,
FR0000124414,FR0000124414-ALXP,Gascogne,ALBI,ALBI,D,EUR,710,EPA,ALXP,Euronext Paris,france,False,R,,Containers and Packaging,EURONEXT:ALBI,gascogne,stock,1327.5,93032343.6017,USD,Process Industries,Pulp & Paper,True,EURONEXT,France,EUR,1.07336,0.930323436017,1.4248854e-05,0.0,欧洲,FR0000124414,True,EURONEXT:ALBI,GASCOGNE,,,,Gascogne,,制造业,化工,造纸,法国,0.0,,,,,,,
FR0011005933,FR0011005933-ALXP,Biosynex SA,ALBIO,ALBIO,D,EUR,710,EPA,ALXP,Euronext Paris,france,False,R,,Medical Equipment,EURONEXT:ALBIO,biosynex,stock,10125.64,47557921.7241,USD,Health Technology,Medical Specialties,True,EURONEXT,France,EUR,1.07336,0.475579217241,0.000108684569504,0.0002,欧洲,FR0011005933,True,EURONEXT:ALBIO,BIOSYNEX,,,,Biosynex SA,,医药,医疗,医疗器械,法国,6.20283050272503e-05,,,,,,,
FR0014003711,FR0014003711-ALXP,OBIZ,ALBIZ,ALBIZ,D,EUR,710,EPA,ALXP,Euronext Paris,france,False,R,,Consumer Digital Services,EURONEXT:ALBIZ,,stock,61.599999999999994,35038780.06999999,USD,Technology Services,Internet Software/Services,True,EURONEXT,France,EUR,1.07336,0.3503878006999999,6.6118976e-07,0.0,欧洲,FR0014003711,True,EURONEXT:ALBIZ,OBIZ S.A.,,,,OBIZ,,科技,IT技术,互联网,法国,0.0,,,,,,,
FR0013384369,FR0013384369-ALXP,Baikowski SASU,ALBKK,ALBKK,D,EUR,710,EPA,ALXP,Euronext Paris,france,False,R,,Specialty Chemicals,EURONEXT:ALBKK,baikowski-sas,stock,66.5,52354897.7458,USD,Process Industries,Chemicals: Specialty,True,EURONEXT,France,EUR,1.07336,0.523548977458,7.137844000000001e-07,0.0,欧洲,FR0013384369,True,EURONEXT:ALBKK,BAIKOWSKI,,,,Baikowski SASU,,制造业,化工,特殊化学品,法国,0.0,,,,,,,
FR0004174233,FR0004174233-ALXP,Bilendi,ALBLD,ALBLD,D,EUR,710,EPA,ALXP,Euronext Paris,france,False,R,,Media Agencies,EURONEXT:ALBLD,bilendi,stock,2533.0,82919731.454,USD,Technology Services,Internet Software/Services,True,EURONEXT,France,EUR,1.07336,0.82919731454,2.7188208800000003e-05,0.0,欧洲,FR0004174233,True,EURONEXT:ALBLD,BILENDI,,,,Bilendi,,科技,IT技术,互联网,法国,0.0,,,,,,,
FR0011041011,FR0011041011-ALXP,Bluelinea SA,ALBLU,ALBLU,D,EUR,710,EPA,ALXP,Euronext Paris,france,False,R,,Medical Equipment,EURONEXT:ALBLU,,stock,1.06,13963416.3525,USD,Electronic Technology,Computer Communications,True,EURONEXT,France,EUR,1.07336,0.139634163525,1.1377616e-08,0.0,欧洲,FR0011041011,True,EURONEXT:ALBLU,BLUELINEA,,,,Bluelinea SA,,科技,电子,计算机通讯,法国,0.0,,,,,,,
FR0011365907,FR0011365907-ALXP,BOA CONCEPT,ALBOA,ALBOA,D,EUR,710,EPA,ALXP,Euronext Paris,france,False,R,,Machinery: Industrial,EURONEXT:ALBOA,,stock,26.5,27433668.5343,USD,Commercial Services,Miscellaneous Commercial Services,True,EURONEXT,France,EUR,1.07336,0.274336685343,2.844404e-07,0.0,欧洲,FR0011365907,True,EURONEXT:ALBOA,BOA CONCEPT,,,,BOA CONCEPT,,消费,商业服务,综合商业,法国,0.0,,,,,,,
FR0000121295,FR0000121295-ALXP,Lebon,LBON,ALBON,D,EUR,710,EPA,ALXP,Euronext Paris,france,False,R,,Asset Managers and Custodians,EURONEXT:ALBON,compagnie-lebon,stock,23113.6,116402596.6458,USD,Finance,Real Estate Development,True,EURONEXT,France,EUR,1.07336,1.164025966458,0.00024809213696,0.0002,欧洲,FR0000121295,True,EURONEXT:ALBON,LEBON,,,,Lebon,,金融,房地产,房地产开发,法国,0.0001668535688961,,,,,,,
FR0000054421,FR0000054421-ALXP,Bricorama,ALBRI,ALBOU,D,EUR,710,EPA,ALXP,Euronext Paris,france,False,R,,Home Improvement Retailers,EURONEXT:ALBOU,,stock,2320.0001,308955492.636,USD,Distribution Services,Wholesale Distributors,True,EURONEXT,France,EUR,1.07336,3.08955492636,2.4901953073360004e-05,0.0,欧洲,FR0000054421,True,EURONEXT:ALBOU,BOURRELIER,,,,Bricorama,,消费,经销商,批发经销商,法国,1.0645942076176164e-06,,,,,,,
FR001400AJZ7,FR001400AJZ7-ALXP,BROADPEAK,ALBPK,ALBPK,D,EUR,710,EPA,ALXP,Euronext Paris,france,False,R,,Telecommunications Equipment,EURONEXT:ALBPK,,stock,280.395,18834895.68,USD,Electronic Technology,Telecommunications Equipment,True,EURONEXT,France,EUR,1.07336,0.1883489568,3.009647772e-06,0.0,欧洲,FR001400AJZ7,True,EURONEXT:ALBPK,BROADPEAK,,,,BROADPEAK,,科技,通信,通信设备,法国,1.9050142726375193e-07,,,,,,,
FR0012816825,FR0012816825-ALXP,Biophytis SA,ALBPS,ALBPS,D,EUR,710,EPA,ALXP,Euronext Paris,france,False,R,,Biotechnology,EURONEXT:ALBPS,biophytis,stock,7614.9768,3314887.5756,USD,Health Technology,Pharmaceuticals: Other,True,EURONEXT,France,EUR,1.07336,0.033148875756,8.173611498048e-05,0.0025,欧洲,FR0012816825,True,EURONEXT:ALBPS,BIOPHYTIS,,,,Biophytis SA,,医药,制药,其他制药,法国,0.0008783664746343,,,,,,,
FR0004172450,FR0004172450-ALXP,MINT,ALBUD,ALBUD,D,EUR,710,EPA,ALXP,Euronext Paris,france,False,R,,Alternative Electricity,,,,,,,,,,,,,,,,,,,,,,,,,MINT,,,,,,,,,,,,,
FR0012969095,FR0012969095-ALXP,Capelli SA,CAPLI,ALCAP,D,EUR,710,EPA,ALXP,Euronext Paris,france,False,R,,Real Estate Holding and Development,EURONEXT:ALCAP,capelli,stock,7158.06,12837039.5172,USD,Finance,Real Estate Development,True,EURONEXT,France,EUR,1.07336,0.128370395172,7.6831752816e-05,0.0006,欧洲,FR0012969095,True,EURONEXT:ALCAP,CAPELLI,,,,Capelli SA,,金融,房地产,房地产开发,法国,1.755523116173088e-05,,,,,,,
FR0010907956,FR0010907956-ALXP,Carmat,ALCAR,ALCAR,D,EUR,710,EPA,ALXP,Euronext Paris,france,False,R,,Medical Equipment,EURONEXT:ALCAR,carmat,stock,37708.99,101188789.6837,USD,Health Technology,Medical Specialties,True,EURONEXT,France,EUR,1.07336,1.011887896837,0.000404753215064,0.0004,欧洲,FR0010907956,True,EURONEXT:ALCAR,CARMAT,,,,Carmat,,医药,医疗,医疗器械,法国,0.0001757016703825,,,,,,,
FR0014007LW0,FR0014007LW0-ALXP,CBI,ALCBI,ALCBI,D,EUR,710,EPA,ALXP,Euronext Paris,france,False,R,,Electronic Entertainment,EURONEXT:ALCBI,,stock,3162.0,108609187.6429,USD,Technology Services,Packaged Software,True,EURONEXT,France,EUR,1.07336,1.086091876429,3.3939643200000004e-05,0.0,欧洲,FR0014007LW0,True,EURONEXT:ALCBI,CRYPTO BLOCKCHAIN INDUSTRIES,,,,CBI,,科技,IT技术,软件开发,法国,0.0,,,,,,,
FR0000054322,FR0000054322-ALXP,Cibox Interactive,CIB,ALCBX,D,EUR,710,EPA,ALXP,Euronext Paris,france,False,R,,Computer Hardware,,,,,,,,,,,,,,,,,,,,,,,,,Cibox Interactive,,,,,,,,,,,,,
FR0014000JX7,FR0014000JX7-ALXP,Alchimie SAS,ALCHI,ALCHI,D,EUR,710,EPA,ALXP,Euronext Paris,france,False,R,,Consumer Digital Services,EURONEXT:ALCHI,,stock,49880.96,3829496.092,USD,Technology Services,Internet Software/Services,True,EURONEXT,France,EUR,1.07336,0.03829496092,0.000535402272256,0.014,欧洲,FR0014000JX7,True,EURONEXT:ALCHI,ALCHIMIE SA,,,,Alchimie SAS,,科技,IT技术,互联网,法国,0.0161847750154132,,,,,,,
FR0000064446,FR0000064446-ALXP,Catering International Services,CTRG,ALCIS,D,EUR,710,EPA,ALXP,Euronext Paris,france,False,R,,Professional Business Support Services,EURONEXT:ALCIS,catering-intl-services,stock,533.12,79951539.4457,USD,Consumer Services,Restaurants,True,EURONEXT,France,EUR,1.07336,0.799515394457,5.722296832000001e-06,0.0,欧洲,FR0000064446,True,EURONEXT:ALCIS,CATERING INTERNATIONAL & SERVICES S.A.,,,,Catering International Services,,消费,可选消费,餐厅,法国,2.9679234096001967e-16,,,,,,,
FR0011716265,FR0011716265-ALXP,Crossject SA,ALCJ,ALCJ,D,EUR,710,EPA,ALXP,Euronext Paris,france,False,R,,Medical Equipment,EURONEXT:ALCJ,crossject,stock,5255.65,78337443.4649,USD,Health Technology,Medical Specialties,True,EURONEXT,France,EUR,1.07336,0.783374434649,5.641204484e-05,0.0001,欧洲,FR0011716265,True,EURONEXT:ALCJ,CROSSJECT,,,,Crossject SA,,医药,医疗,医疗器械,法国,3.7412088957144406e-05,,,,,,,
FR0004152882,FR0004152882-ALXP,Clasquin,ALCLA,ALCLA,D,EUR,710,EPA,ALXP,Euronext Paris,france,False,R,,Delivery Services,EURONEXT:ALCLA,clasquin,stock,15912.0,339440127.0014,USD,Transportation,Other Transportation,True,EURONEXT,France,EUR,1.07336,3.394401270014,0.0001707930432,0.0001,欧洲,FR0004152882,True,EURONEXT:ALCLA,CLASQUIN,,,,Clasquin,,制造业,运输,其他交通,法国,0.0,,,,,,,
FR0010425595,FR0010425595-ALXP,Cellectis,ALCLS,ALCLS,D,EUR,710,EPA,ALXP,Euronext Paris,france,False,R,,Biotechnology,EURONEXT:ALCLS,cellectis,stock,4573.679999999999,183182701.6579,USD,Health Technology,Pharmaceuticals: Major,True,EURONEXT,France,EUR,1.07336,1.831827016579,4.9092051647999994e-05,0.0,欧洲,FR0010425595,True,EURONEXT:ALCLS,CELLECTIS,,,,Cellectis,,医药,制药,主要制药,法国,7.844580405324467e-06,,,,,,,
FR0013257409,FR0013257409-ALXP,Cofidur SA,ALCOF,ALCOF,D,EUR,710,EPA,ALXP,Euronext Paris,france,False,R,,Electronic Equipment: Other,EURONEXT:ALCOF,cofidur,stock,382.0,16262775.62,USD,Electronic Technology,Electronic Production Equipment,True,EURONEXT,France,EUR,1.07336,0.1626277562,4.1002352e-06,0.0,欧洲,FR0013257409,True,EURONEXT:ALCOF,COFIDUR S.A.,,,,Cofidur SA,,科技,电子,电子生产设备,法国,6.645333646284108e-06,,,,,,,
FR0011071570,FR0011071570-ALXP,Cogra Quarante Huit SA,ALCOG,ALCOG,D,EUR,710,EPA,ALXP,Euronext Paris,france,False,R,,Forestry,EURONEXT:ALCOG,cogra-48,stock,1840.72,25363713.6707,USD,Non-Energy Minerals,Forest Products,True,EURONEXT,France,EUR,1.07336,0.253637136707,1.9757552192e-05,0.0001,欧洲,FR0011071570,True,EURONEXT:ALCOG,COGRA,,,,Cogra Quarante Huit SA,,资源,矿产,林业,法国,8.198801323195454e-07,,,,,,,
BE0160342011,BE0160342011-ALXP,Coil,ALCOI,ALCOI,D,EUR,710,EPA,ALXP,Euronext Paris,france,False,R,,Aluminum,EURONEXT:ALCOI,coil,stock,20.4,15214908.625,USD,Non-Energy Minerals,Aluminum,True,EURONEXT,Belgium,EUR,1.07336,0.15214908625,2.1896544e-07,0.0,欧洲,BE0160342011,True,EURONEXT:ALCOI,COIL,,,,Coil,,资源,矿产,铝,法国,1.694497976553188e-08,,,,,,,
FR0012788065,FR0012788065-ALXP,Biocorp Production SA,ALCOR,ALCOR,D,EUR,710,EPA,ALXP,Euronext Paris,france,False,R,,Medical Equipment,,,,,,,,,,,,,,,,,,,,,,,,,Biocorp Production SA,,,,,,,,,,,,,
FR0013018124,FR0013018124-ALXP,Nicox SA,COX,ALCOX,D,EUR,710,EPA,ALXP,Euronext Paris,france,False,R,,Pharmaceuticals,EURONEXT:ALCOX,nicox-sa,stock,4911.9545,20148413.6119,USD,Health Technology,Pharmaceuticals: Major,True,EURONEXT,France,EUR,1.07336,0.2014841361189999,5.27229548212e-05,0.0003,欧洲,FR0013018124,True,EURONEXT:ALCOX,NICOX S.A.,,,,Nicox SA,,医药,制药,主要制药,法国,8.222223507934886e-05,,,,,,,
FR0011648716,FR0011648716-ALXP,Carbios SA,ALCRB,ALCRB,D,EUR,710,EPA,ALXP,Euronext Paris,france,False,R,,Specialty Chemicals,EURONEXT:ALCRB,carbios,stock,46919.25,364045499.6979,USD,Commercial Services,Miscellaneous Commercial Services,True,EURONEXT,France,EUR,1.07336,3.640454996979,0.0005036124618,0.0001,欧洲,FR0011648716,True,EURONEXT:ALCRB,CARBIOS,,,,Carbios SA,,消费,商业服务,综合商业,法国,2.6406550078523697e-05,,,,,,,
FR0013398997,FR0013398997-ALXP,Arcure SA,ALCUR,ALCUR,D,EUR,710,EPA,ALXP,Euronext Paris,france,False,R,,Electronic Equipment: Gauges and Meters,EURONEXT:ALCUR,arcure-sa,stock,13221.9,36216220.6434,USD,Electronic Technology,Telecommunications Equipment,True,EURONEXT,France,EUR,1.07336,0.362162206434,0.00014191858584,0.0004,欧洲,FR0013398997,True,EURONEXT:ALCUR,ARCURE,,,,Arcure SA,,科技,通信,通信设备,法国,0.0,,,,,,,
FR001400AJ60,FR001400AJ60-ALXP,CHARWOOD ENERGY,ALCWE,ALCWE,D,EUR,710,EPA,ALXP,Euronext Paris,france,False,R,,Renewable Energy Equipment,EURONEXT:ALCWE,,stock,3.96,22082280.39,USD,Utilities,Electric Utilities,True,EURONEXT,France,EUR,1.07336,0.2208228039,4.2505056e-08,0.0,欧洲,FR001400AJ60,True,EURONEXT:ALCWE,CHARWOOD ENERGY S.A.,,,,CHARWOOD ENERGY,,公用事业,电力,电力公司,法国,0.0,,,,,,,
FR0013258662,FR0013258662-XPAR,ALD SA,ALD,ALD,B,EUR,710,EPA,XPAR,Euronext Paris,france,False,R,,Rental and Leasing Services: Consumer,EURONEXT:ALD,ald,stock,330016.39999999997,5133125639.306,USD,Finance,Finance/Rental/Leasing,True,EURONEXT,France,EUR,1.07336,51.331256393059995,0.00354226403104,0.0001,欧洲,FR0013258662,True,EURONEXT:ALD,ALD,,,,ALD SA,,金融,资产管理,金融租赁,法国,0.0014041363315309,XPAR,EUR,6.02,2.64,10:08 CEST26 Apr 2024,5.865,25 Apr 2024
FR0000185423,FR0000185423-ALXP,Damartex,ALDAR,ALDAR,D,EUR,710,EPA,ALXP,Euronext Paris,france,False,R,,Apparel Retailers,EURONEXT:ALDAR,damartex,stock,3.15,37561108.6141,USD,Consumer Non-Durables,Apparel/Footwear,True,EURONEXT,France,EUR,1.07336,0.375611086141,3.381084e-08,0.0,欧洲,FR0000185423,True,EURONEXT:ALDAR,DAMARTEX,,,,Damartex,,消费,日常消费,服装鞋类,法国,0.0,,,,,,,
FR0000066961,FR0000066961-ALXP,Bernard Loiseau,ALDBL,ALDBL,D,EUR,710,EPA,ALXP,Euronext Paris,france,False,R,,Restaurants and Bars,EURONEXT:ALDBL,,stock,102.06,7327468.8855,USD,Consumer Services,Restaurants,True,EURONEXT,France,EUR,1.07336,0.0732746888549999,1.095471216e-06,0.0,欧洲,FR0000066961,True,EURONEXT:ALDBL,BERNARD LOISEAU,,,,Bernard Loiseau,,消费,可选消费,餐厅,法国,0.0,,,,,,,
FR0000054132,FR0000054132-ALXP,Delfingen Industry,ALDEL,ALDEL,D,EUR,710,EPA,ALXP,Euronext Paris,france,False,R,,Auto Parts,EURONEXT:ALDEL,delfingen-industry,stock,2294.0,102282296.8456,USD,Producer Manufacturing,Electrical Products,True,EURONEXT,France,EUR,1.07336,1.022822968456,2.4622878400000004e-05,0.0,欧洲,FR0000054132,True,EURONEXT:ALDEL,DELFINGEN INDUSTRY,,,,Delfingen Industry,,制造业,机械,电力设备,法国,0.0,,,,,,,
FR0000060840,FR0000060840-ALXP,Devernois,DEVR,ALDEV,D,EUR,710,EPA,ALXP,Euronext Paris,france,False,R,,Clothing and Accessories,EURONEXT:ALDEV,,stock,183.6,3272155.4984,USD,Consumer Non-Durables,Apparel/Footwear,True,EURONEXT,France,EUR,1.07336,0.032721554984,1.97068896e-06,0.0001,欧洲,,,,,,,,Devernois,,消费,日常消费,服装鞋类,法国,1.5693403761878983e-05,,,,,,,
FR0010404368,FR0010404368-ALXP,DLSI,ALDLS,ALDLS,D,EUR,710,EPA,ALXP,Euronext Paris,france,False,R,,Business Training and Employment Agencies,EURONEXT:ALDLS,dlsi,stock,15.0,41166472.6227,USD,Commercial Services,Personnel Services,True,EURONEXT,France,EUR,1.07336,0.411664726227,1.61004e-07,0.0,欧洲,FR0010404368,True,EURONEXT:ALDLS,D.L.S.I.,,,,DLSI,,消费,商业服务,人力资源,法国,2.6164865629648333e-08,,,,,,,
FR0013283108,FR0013283108-ALXP,Delta Plus Group SA,DLTA,ALDLT,D,EUR,710,EPA,ALXP,Euronext Paris,france,False,R,,Clothing and Accessories,EURONEXT:ALDLT,delta-plus,stock,4488.0,626618650.0487,USD,Consumer Non-Durables,Apparel/Footwear,True,EURONEXT,France,EUR,1.07336,6.266186500487,4.817239680000001e-05,0.0,欧洲,FR0013283108,True,EURONEXT:ALDLT,DELTA PLUS,,,,Delta Plus Group SA,,消费,日常消费,服装鞋类,法国,7.238836560813773e-17,,,,,,,
FR0012202497,FR0012202497-ALXP,Diagnostic Medical Systems SA,DGM,ALDMS,D,EUR,710,EPA,ALXP,Euronext Paris,france,False,R,,Medical Equipment,EURONEXT:ALDMS,diagnostic-medical-systems,stock,2113.28,19669648.2933,USD,Health Technology,Medical Specialties,True,EURONEXT,France,EUR,1.07336,0.196696482933,2.2683102208000004e-05,0.0001,欧洲,FR0012202497,True,EURONEXT:ALDMS,DIAGNOSTIC MEDICAL SYSTEMS,,,,Diagnostic Medical Systems SA,,医药,医疗,医疗器械,法国,2.397618525182863e-06,,,,,,,
FR0013331212,FR0013331212-ALXP,Dont Nod Entertainment SA,ALDNE,ALDNE,D,EUR,710,EPA,ALXP,Euronext Paris,france,False,R,,Electronic Entertainment,EURONEXT:ALDNE,dont-nod-entertainment-sa,stock,1783.13,39393532.2986,USD,Technology Services,Packaged Software,True,EURONEXT,France,EUR,1.07336,0.393935322986,1.9139404168e-05,0.0,欧洲,FR0013331212,True,EURONEXT:ALDNE,DONTNOD ENTERTAINMENT,,,,Dont Nod Entertainment SA,,科技,IT技术,软件开发,法国,3.1506498337457555e-05,,,,,,,
FR0010436584,FR0010436584-ALXP,DNXcorp,ALDNX,ALDNX,D,EUR,710,EPA,ALXP,Euronext Paris,france,False,R,,Consumer Digital Services,EURONEXT:ALDNX,dnxcorp,stock,30074.0,48622862.885,USD,Technology Services,Information Technology Services,True,EURONEXT,Luxembourg,EUR,1.07336,0.4862286288499999,0.0003228022864,0.0007,欧洲,FR0010436584,True,EURONEXT:ALDNX,DNXCORP,,,,DNXcorp,,科技,IT技术,信息技术,法国,0.0008081950465101,,,,,,,
FR0004030708,FR0004030708-ALXP,Encres Dubuit,ALDUB,ALDUB,D,EUR,710,EPA,ALXP,Euronext Paris,france,False,R,,Chemicals: Diversified,EURONEXT:ALDUB,encres-dubuit,stock,3.12,10184439.067,USD,Process Industries,Industrial Specialties,True,EURONEXT,France,EUR,1.07336,0.1018443906699999,3.3488832e-08,0.0,欧洲,FR0004030708,True,EURONEXT:ALDUB,ENCRES DUBUIT,,,,Encres Dubuit,,制造业,化工,特种工业品,法国,0.0,,,,,,,
BE0974269012,BE0974269012-XPAR,Alliance Developpement Capital SIIC SE,ALDV,ALDV,D,EUR,710,EPA,XPAR,Euronext Paris,france,False,R,,Residential REITs,EURONEXT:ALDV,,fund,20.735,9396817.6736,USD,Finance,Real Estate Development,True,EURONEXT,Belgium,EUR,1.07336,0.093968176736,2.2256119600000005e-07,0.0,欧洲,,,,,,,,Alliance Developpement Capital SIIC SE,,金融,房地产,房地产开发,法国,7.958270397058726e-06,,,,,,,
FR0013296746,FR0013296746-ALXP,Advicenne SA,ADVIC,ALDVI,D,EUR,710,EPA,ALXP,Euronext Paris,france,False,R,,Biotechnology,EURONEXT:ALDVI,,stock,230.85,22558443.3384,USD,Health Technology,Pharmaceuticals: Generic,True,EURONEXT,France,EUR,1.07336,0.225584433384,2.4778515600000005e-06,0.0,欧洲,FR0013296746,True,EURONEXT:ALDVI,ADVICENNE,,,,Advicenne SA,,医药,制药,仿制药,法国,0.0,,,,,,,
IT0005351504,IT0005351504-ALXP,EdiliziAcrobatica,ALEAC,ALEAC,D,EUR,710,EPA,ALXP,Euronext Paris,france,False,R,,Construction,EURONEXT:ALEAC,ediliziacrobatica-spa,stock,11.3,99925129.7751,USD,Consumer Durables,Homebuilding,False,EURONEXT,Italy,EUR,1.07336,0.999251297751,1.2128968000000005e-07,0.0,欧洲,IT0005351504,False,MIL:EDAC,EDILIZIACROBATICA,,,,EdiliziAcrobatica,,制造业,建筑业,住宅建筑,法国,0.0,,,,,,,
FR0013534617,FR0013534617-ALXP,Ecomiam SA,ALECO,ALECO,D,EUR,710,EPA,ALXP,Euronext Paris,france,False,R,,Food Retailers and Wholesalers,EURONEXT:ALECO,,stock,463.68,9824676.941,USD,Retail Trade,Food Retail,True,EURONEXT,France,EUR,1.07336,0.0982467694099999,4.976955648000001e-06,0.0001,欧洲,FR0013534617,True,EURONEXT:ALECO,ECOMIAM SA,,,,Ecomiam SA,,消费,零售,食品零售,法国,7.61926830082312e-06,,,,,,,
FR0010490920,FR0010490920-ALXP,EuropaCorp,ECP,ALECP,D,EUR,710,EPA,ALXP,Euronext Paris,france,False,R,,Entertainment,EURONEXT:ALECP,europacorp,stock,264.33,43554465.8731,USD,Consumer Services,Movies/Entertainment,True,EURONEXT,France,EUR,1.07336,0.4355446587309999,2.837212488e-06,0.0,欧洲,FR0010490920,True,EURONEXT:ALECP,EUROPACORP,,,,EuropaCorp,,消费,可选消费,电影娱乐,法国,0.0,,,,,,,
FR0013256518,FR0013256518-ALXP,Eurofins-Cerep SA,ALECR,ALECR,D,EUR,710,EPA,ALXP,Euronext Paris,france,False,R,,Pharmaceuticals,EURONEXT:ALECR,,stock,21800.0,117970541.8545,USD,Commercial Services,Miscellaneous Commercial Services,True,EURONEXT,France,EUR,1.07336,1.179705418545,0.00023399248,0.0002,欧洲,,,,,,,,Eurofins-Cerep SA,,消费,商业服务,综合商业,法国,4.885134527193772e-05,,,,,,,
FR0000075343,FR0000075343-ALXP,Euromedis Groupe,EMG,ALEMG,D,EUR,710,EPA,ALXP,Euronext Paris,france,False,R,,Medical Supplies,EURONEXT:ALEMG,euromedis-groupe,stock,4.64,12995220.9319,USD,Distribution Services,Medical Distributors,True,EURONEXT,France,EUR,1.07336,0.129952209319,4.9803904e-08,0.0,欧洲,FR0000075343,True,EURONEXT:ALEMG,EUROMEDIS,,,,Euromedis Groupe,,消费,经销商,医疗经销商,法国,0.0,,,,,,,
FR0013356755,FR0013356755-ALXP,Emova Group SA,ALEMV,ALEMV,D,EUR,710,EPA,ALXP,Euronext Paris,france,False,R,,Specialty Retailers,EURONEXT:ALEMV,emova,stock,122.4,10315925.2695,USD,Retail Trade,Specialty Stores,True,EURONEXT,France,EUR,1.07336,0.103159252695,1.31379264e-06,0.0,欧洲,FR0013356755,True,EURONEXT:ALEMV,EMOVA,,,,Emova Group SA,,消费,零售,专卖店,法国,5.111893042929761e-07,,,,,,,
FR0011915339,FR0011915339-ALXP,Enertime SAS,ALENE,ALENE,D,EUR,710,EPA,ALXP,Euronext Paris,france,False,R,,Renewable Energy Equipment,EURONEXT:ALENE,enertime-sa,stock,610.601,7659278.5949,USD,Producer Manufacturing,Electrical Products,True,EURONEXT,France,EUR,1.07336,0.076592785949,6.553946893600001e-06,0.0001,欧洲,FR0011915339,True,EURONEXT:ALENE,ENERTIME,,,,Enertime SAS,,制造业,机械,电力设备,法国,6.2287904863201556e-06,,,,,,,
FR0000045122,FR0000045122-ALXP,Entreprendre,ALENR,ALENR,D,EUR,710,EPA,ALXP,Euronext Paris,france,False,R,,Publishing,,,,,,,,,,,,,,,,,,,,,,,,,Entreprendre,,,,,,,,,,,,,
FR0010424697,FR0010424697-ALXP,Entreparticuliers.com,ALENT,ALENT,D,EUR,710,EPA,ALXP,Euronext Paris,france,False,R,,Consumer Digital Services,,,,,,,,,,,,,,,,,,,,,,,,,Entreparticuliers.com,,,,,,,,,,,,,
FR0010465534,FR0010465534-ALXP,EO2,ALEO2,ALEO2,D,EUR,710,EPA,ALXP,Euronext Paris,france,False,R,,Alternative Fuels,EURONEXT:ALEO2,,stock,44.1,12401211.1615,USD,Process Industries,Industrial Specialties,True,EURONEXT,France,EUR,1.07336,0.1240121116149999,4.7335176e-07,0.0,欧洲,FR0010465534,True,EURONEXT:ALEO2,EO2,,,,EO2,,制造业,化工,特种工业品,法国,1.379075126295118e-08,,,,,,,
FR0013240934,FR0013240934-ALXP,Eurobio Scientific SA,ALERS,ALERS,D,EUR,710,EPA,ALXP,Euronext Paris,france,False,R,,Biotechnology,EURONEXT:ALERS,eurobio-scientific,stock,4017.6,151011719.6032,USD,Health Technology,Medical Specialties,True,EURONEXT,France,EUR,1.07336,1.510117196032,4.3123311360000005e-05,0.0,欧洲,FR0013240934,True,EURONEXT:ALERS,EUROBIO-SCIENTIFIC,,,,Eurobio Scientific SA,,医药,医疗,医疗器械,法国,1.0517714128588528e-06,,,,,,,
FR0011490648,FR0011490648-ALXP,Ecoslops SA,ALESA,ALESA,D,EUR,710,EPA,ALXP,Euronext Paris,france,False,R,,Oil Equipment and Services,EURONEXT:ALESA,ecoslops,stock,6210.288,3747124.5317,USD,Transportation,Trucking,True,EURONEXT,France,EUR,1.07336,0.037471245317,6.665874727680001e-05,0.0018,欧洲,FR0011490648,True,EURONEXT:ALESA,ECOSLOPS,,,,Ecoslops SA,,制造业,运输,卡车运输,法国,0.000662972421534,,,,,,,
FR0014004362,FR0014004362-ALXP,ENTECH,ALESE,ALESE,D,EUR,710,EPA,ALXP,Euronext Paris,france,False,R,,Renewable Energy Equipment,EURONEXT:ALESE,,stock,3102.24,86043310.4935,USD,Utilities,Electric Utilities,True,EURONEXT,France,EUR,1.07336,0.8604331049349999,3.3298203264e-05,0.0,欧洲,FR0014004362,True,EURONEXT:ALESE,ENTECH,,,,ENTECH,,公用事业,电力,电力公司,法国,0.0,,,,,,,
FR0000035818,FR0000035818-ALXP,Esker,ALESK,ALESK,C,EUR,710,EPA,ALXP,Euronext Paris,france,False,R,,Software,EURONEXT:ALESK,esker,stock,221270.3,1124679187.7889,USD,Technology Services,Packaged Software,True,EURONEXT,France,EUR,1.07336,11.246791877889,0.00237502689208,0.0002,欧洲,FR0000035818,True,EURONEXT:ALESK,ESKER,,,,Esker,,科技,IT技术,软件开发,法国,3.262074034168513e-05,,,,,,,
FR0010844001,FR0010844001-ALXP,Eurasia Groupe,ALEUA,ALEUA,D,EUR,710,EPA,ALXP,Euronext Paris,france,False,R,,Real Estate Holding and Development,,,,,,,,,,,,,,,,,,,,,,,,,Eurasia Groupe,,,,,,,,,,,,,
FR0000064164,FR0000064164-ALXP,Exacompta Clairefontaine,EXAC,ALEXA,D,EUR,710,EPA,ALXP,Euronext Paris,france,False,R,,Paper,EURONEXT:ALEXA,exacompta-clairefontaine,stock,5312.0,201480602.6452,USD,Producer Manufacturing,Office Equipment/Supplies,True,EURONEXT,France,EUR,1.07336,2.014806026452,5.70168832e-05,0.0,欧洲,FR0000064164,True,EURONEXT:ALEXA,EXACOMPTA CLAIREFONTAINE,,,,Exacompta Clairefontaine,,制造业,机械,办公用品,法国,4.9870934112564655e-06,,,,,,,
FR0004034593,FR0004034593-ALXP,Fashion Bel Air,ALFBA,ALFBA,D,EUR,710,EPA,ALXP,Euronext Paris,france,False,R,,Clothing and Accessories,,,,,,,,,,,,,,,,,,,,,,,,,Fashion Bel Air,,,,,,,,,,,,,
NL0012817175,NL0012817175-XAMS,Alfen,ALFEN,ALFEN,B,EUR,200,EAM,XAMS,Euronext Amsterdam,netherlands,True,R,CX,Electronic Equipment: Gauges and Meters,EURONEXT:ALFEN,alfen,stock,2677027.5,786120704.3359,USD,Producer Manufacturing,Electrical Products,True,EURONEXT,Netherlands,EUR,1.07336,7.861207043358999,0.028734142374,0.0037,欧洲,NL0012817175,True,EURONEXT:ALFEN,ALFEN,,,,Alfen,,制造业,机械,电力设备,荷兰,0.0128702928485342,XAMS,EUR,34.66,2.61,10:07 CEST26 Apr 2024,33.78,25 Apr 2024
FR0000074759,FR0000074759-ALXP,Fleury Michon,FLE,ALFLE,D,EUR,710,EPA,ALXP,Euronext Paris,france,False,R,,Food Products,EURONEXT:ALFLE,fleury-michon-sa,stock,20.9,93242734.3981,USD,Consumer Non-Durables,Food: Meat/Fish/Dairy,True,EURONEXT,France,EUR,1.07336,0.932427343981,2.2433224e-07,0.0,欧洲,FR0000074759,True,EURONEXT:ALFLE,FLEURY MICHON,,,,Fleury Michon,,消费,食品饮料,肉蛋奶,法国,1.7004322089029798e-08,,,,,,,
FR001400GO75,FR001400GO75-ALXP,FLORENTAISE,ALFLO,ALFLO,D,EUR,710,EPA,ALXP,Euronext Paris,france,False,R,,Fertilizers,EURONEXT:ALFLO,,stock,932.72,46137429.8574,USD,Process Industries,Chemicals: Agricultural,True,EURONEXT,France,EUR,1.07336,0.461374298574,1.0011443392e-05,0.0,欧洲,FR001400GO75,True,EURONEXT:ALFLO,FLORENTAISE S.A.,,,,FLORENTAISE,,制造业,化工,农用化学品,法国,6.108770348374883e-07,,,,,,,
FR0012419307,FR0012419307-ALXP,FOCUS ENTERTAINMENT,ALFOC,ALFOC,D,EUR,710,EPA,ALXP,Euronext Paris,france,False,R,,Electronic Entertainment,,,,,,,,,,,,,,,,,,,,,,,,,FOCUS ENTERTAINMENT,,,,,,,,,,,,,
FR0010485268,FR0010485268-ALXP,Fountaine Pajot,ALFPC,ALFPC,D,EUR,710,EPA,ALXP,Euronext Paris,france,False,R,,Recreational Vehicles and Boats,EURONEXT:ALFPC,fountaine-pajot-sa,stock,16348.0,241394195.9943,USD,Consumer Durables,Recreational Products,True,EURONEXT,France,EUR,1.07336,2.413941959943,0.0001754728928,0.0001,欧洲,FR0010485268,True,EURONEXT:ALFPC,FOUNTAINE PAJOT,,,,Fountaine Pajot,,消费,可选消费,休闲产品,法国,2.0802776746265372e-05,,,,,,,
FR0004187367,FR0004187367-ALXP,Freelance.com,ALFRE,ALFRE,D,EUR,710,EPA,ALXP,Euronext Paris,france,False,R,,Consumer Digital Services,EURONEXT:ALFRE,freelancecom,stock,14332.92,206715397.9538,USD,Commercial Services,Personnel Services,True,EURONEXT,France,EUR,1.07336,2.067153979538,0.000153843830112,0.0001,欧洲,FR0004187367,True,EURONEXT:ALFRE,FREELANCE.COM,,,,Freelance.com,,消费,商业服务,人力资源,法国,1.287967312650245e-05,,,,,,,
FR0013495298,FR0013495298-ALXP,Gaussin SA,ALGAU,ALGAU,D,EUR,710,EPA,ALXP,Euronext Paris,france,False,R,,Machinery: Construction and Handling,EURONEXT:ALGAU,gaussin,stock,3302.013,9805779.1851,USD,Producer Manufacturing,Trucks/Construction/Farm Machinery,True,EURONEXT,France,EUR,1.07336,0.098057791851,3.54424867368e-05,0.0004,欧洲,FR0013495298,True,EURONEXT:ALGAU,GAUSSIN,,,,Gaussin SA,,制造业,机械,工程机械,法国,7.95062104817557e-05,,,,,,,
FR0011052257,FR0011052257-ALXP,Global Bioenergies SA,ALGBE,ALGBE,D,EUR,710,EPA,ALXP,Euronext Paris,france,False,R,,Alternative Fuels,EURONEXT:ALGBE,global-bioenergies-sa,stock,11529.504,33991888.1593,USD,Process Industries,Chemicals: Specialty,True,EURONEXT,France,EUR,1.07336,0.339918881593,0.0001237530841344,0.0004,欧洲,FR0011052257,True,EURONEXT:ALGBE,GLOBALBIOENERGIES,,,,Global Bioenergies SA,,制造业,化工,特殊化学品,法国,0.0003713544809245,,,,,,,
FR0004053510,FR0004053510-ALXP,GENOWAY,ALGEN,ALGEN,D,EUR,710,EPA,ALXP,Euronext Paris,france,False,R,,Biotechnology,EURONEXT:ALGEN,genoway-sa,stock,7.92,38278483.1753,USD,Health Technology,Biotechnology,True,EURONEXT,France,EUR,1.07336,0.382784831753,8.5010112e-08,0.0,欧洲,FR0004053510,True,EURONEXT:ALGEN,GENOWAY,,,,GENOWAY,,医药,医疗,生物技术,法国,0.0,,,,,,,
FR0000033888,FR0000033888-ALXP,Gevelot,ALGEV,ALGEV,D,EUR,710,EPA,ALXP,Euronext Paris,france,False,R,,Machinery: Specialty,EURONEXT:ALGEV,,stock,92752.0,200073946.4631,USD,Producer Manufacturing,Industrial Machinery,True,EURONEXT,France,EUR,1.07336,2.0007394646309997,0.0009955628672,0.0005,欧洲,FR0000033888,True,EURONEXT:ALGEV,GEVELOT,,,,Gevelot,,制造业,机械,机械加工设备,法国,0.0004523337290103,,,,,,,
FR0000072373,FR0000072373-ALXP,Egide,GID,ALGID,D,EUR,710,EPA,ALXP,Euronext Paris,france,False,R,,Electrical Components,EURONEXT:ALGID,egide,stock,5.9799999999999995,10116023.3337,USD,Electronic Technology,Electronic Components,True,EURONEXT,France,EUR,1.07336,0.101160233337,6.4186928e-08,0.0,欧洲,FR0000072373,True,EURONEXT:ALGID,EGIDE,,,,Egide,,科技,电子,元器件,法国,1.4564115888948178e-07,,,,,,,
FR0012819381,FR0012819381-ALXP,Groupe Guillin SA,ALGIL,ALGIL,D,EUR,710,EPA,ALXP,Euronext Paris,france,False,R,,Containers and Packaging,EURONEXT:ALGIL,groupe-guillin,stock,428649.0,525493042.395,USD,Process Industries,Containers/Packaging,True,EURONEXT,France,EUR,1.07336,5.254930423949999,0.0046009469064,0.0009,欧洲,FR0012819381,True,EURONEXT:ALGIL,GROUPE GUILLIN,,,,Groupe Guillin SA,,制造业,化工,包装,法国,0.0189313400457693,,,,,,,
FR0000060790,FR0000060790-ALXP,Signaux Girod,GIRO,ALGIR,D,EUR,710,EPA,ALXP,Euronext Paris,france,False,R,,Machinery: Industrial,EURONEXT:ALGIR,signaux-girod,stock,19.0,18829405.6014,USD,Producer Manufacturing,Miscellaneous Manufacturing,True,EURONEXT,France,EUR,1.07336,0.1882940560139999,2.039384e-07,0.0,欧洲,FR0000060790,True,EURONEXT:ALGIR,SIGNAUX GIROD,,,,Signaux Girod,,制造业,机械,综合制造,法国,0.0,,,,,,,
FR0011208693,FR0011208693-ALXP,Gold by Gold SA,ALGLD,ALGLD,D,EUR,710,EPA,ALXP,Euronext Paris,france,False,R,,Gold Mining,EURONEXT:ALGLD,,stock,1254.4,4624558.8053,USD,Non-Energy Minerals,Other Metals/Minerals,True,EURONEXT,France,EUR,1.07336,0.046245588053,1.3464227840000003e-05,0.0003,欧洲,FR0011208693,True,EURONEXT:ALGLD,GOLD BY GOLD,,,,Gold by Gold SA,,资源,矿产,其他金属,法国,0.0001697191079674,,,,,,,
FR0014005ZM5,FR0014005ZM5-ALXP,GROLLEAU,ALGRO,ALGRO,D,EUR,710,EPA,ALXP,Euronext Paris,france,False,R,,Industrial Suppliers,,,,,,,,,,,,,,,,,,,,,,,,,GROLLEAU,,,,,,,,,,,,,
FR0013429404,FR0013429404-ALXP,Groupe Tera SA,ALGTR,ALGTR,D,EUR,710,EPA,ALXP,Euronext Paris,france,False,R,,Electronic Equipment: Pollution Control,EURONEXT:ALGTR,,stock,4316.400000000001,16640795.1,USD,Electronic Technology,Electronic Equipment/Instruments,True,EURONEXT,France,EUR,1.07336,0.166407951,4.633051104000001e-05,0.0003,欧洲,FR0013429404,True,EURONEXT:ALGTR,GROUPE TERA,,,,Groupe Tera SA,,科技,电子,仪器设备,法国,0.0004337984513333,,,,,,,
FR0014007ND6,FR0014007ND6-ALXP,HAFFNER ENERGY,ALHAF,ALHAF,D,EUR,710,EPA,ALXP,Euronext Paris,france,False,R,,Alternative Fuels,EURONEXT:ALHAF,,stock,303.15999999999997,20404296.5426,USD,Utilities,Electric Utilities,True,EURONEXT,France,EUR,1.07336,0.2040429654259999,3.2539981760000003e-06,0.0,欧洲,FR0014007ND6,True,EURONEXT:ALHAF,HAFFNER ENERGY,,,,HAFFNER ENERGY,,公用事业,电力,电力公司,法国,2.0340723942920245e-06,,,,,,,
CA4433003064,CA4433003064-ALXP,H2O Innovation Inc,ALHEO,ALHEO,D,EUR,710,EPA,ALXP,Euronext Paris,france,False,R,,Machinery: Industrial,,,,,,,,,,,,,,,,,,,,,,,,,H2O Innovation Inc,,,,,,,,,,,,,
FR0004159473,FR0004159473-ALXP,HEXAOM,MFC,ALHEX,D,EUR,710,EPA,ALXP,Euronext Paris,france,False,R,,Home Construction,EURONEXT:ALHEX,hexaom,stock,5871.6,171853021.2534,USD,Consumer Durables,Homebuilding,True,EURONEXT,France,EUR,1.07336,1.718530212534,6.302340576e-05,0.0,欧洲,FR0004159473,True,EURONEXT:ALHEX,HEXAOM,,,,HEXAOM,,制造业,建筑业,住宅建筑,法国,3.220057320006906e-06,,,,,,,
FR0000038531,FR0000038531-ALXP,HF Company,HF,ALHF,D,EUR,710,EPA,ALXP,Euronext Paris,france,False,R,,Telecommunications Equipment,EURONEXT:ALHF,hf-company,stock,5.56,18521134.1481,USD,Electronic Technology,Telecommunications Equipment,True,EURONEXT,France,EUR,1.07336,0.185211341481,5.9678816e-08,0.0,欧洲,FR0000038531,True,EURONEXT:ALHF,HF COMPANY,,,,HF Company,,科技,通信,通信设备,法国,3.859898258865822e-09,,,,,,,
FR0013451044,FR0013451044-ALXP,Hoffmann Green Cement Technologies SAS,ALHGR,ALHGR,D,EUR,710,EPA,ALXP,Euronext Paris,france,False,R,,Cement,EURONEXT:ALHGR,hoffmann-green-cement-technologies,stock,33550.799999999996,168041400.6342,USD,Non-Energy Minerals,Construction Materials,True,EURONEXT,France,EUR,1.07336,1.680414006342,0.00036012086688,0.0002,欧洲,FR0013451044,True,EURONEXT:ALHGR,HOFFMANN,,,,Hoffmann Green Cement Technologies SAS,,制造业,建筑业,建筑材料,法国,0.0002966745699189,,,,,,,
FR0010396309,FR0010396309-ALXP,HiTechPros,ALHIT,ALHIT,D,EUR,710,EPA,ALXP,Euronext Paris,france,False,R,,Computer Services,EURONEXT:ALHIT,,stock,149.4,29265118.2072,USD,Technology Services,Data Processing Services,True,EURONEXT,France,EUR,1.07336,0.2926511820719999,1.6035998400000005e-06,0.0,欧洲,FR0010396309,True,EURONEXT:ALHIT,HITECHPROS,,,,HiTechPros,,科技,IT技术,数据处理,法国,2.347833538394312e-07,,,,,,,
FR0000065278,FR0000065278-ALXP,Hopscotch Groupe,HOP,ALHOP,D,EUR,710,EPA,ALXP,Euronext Paris,france,False,R,,Media Agencies,EURONEXT:ALHOP,hopscotch-groupe,stock,1127.1,69916095.1906,USD,Commercial Services,Miscellaneous Commercial Services,True,EURONEXT,France,EUR,1.07336,0.6991609519059999,1.2097840560000004e-05,0.0,欧洲,FR0000065278,True,EURONEXT:ALHOP,HOPSCOTCH,,,,Hopscotch Groupe,,消费,商业服务,综合商业,法国,0.0,,,,,,,
FR0014000U63,FR0014000U63-ALXP,HOPIUM,MLHPI,ALHPI,D,EUR,710,EPA,ALXP,Euronext Paris,france,False,R,,Automobiles,,,,,,,,,,,,,,,,,,,,,,,,,HOPIUM,,,,,,,,,,,,,
FR0000066540,FR0000066540-ALXP,Herige,HERIG,ALHRG,D,EUR,710,EPA,ALXP,Euronext Paris,france,False,R,,Cement,EURONEXT:ALHRG,herige,stock,4676.0,101422700.5003,USD,Distribution Services,Wholesale Distributors,True,EURONEXT,France,EUR,1.07336,1.014227005003,5.019031360000001e-05,0.0,欧洲,FR0000066540,True,EURONEXT:ALHRG,HERIGE,,,,Herige,,消费,经销商,批发经销商,法国,5.487540388816312e-06,,,,,,,
FR0014001PM5,FR0014001PM5-ALXP,Hydrogen-Refueling-Solutions SA,ALHRS,ALHRS,D,EUR,710,EPA,ALXP,Euronext Paris,france,False,R,,Alternative Fuels,EURONEXT:ALHRS,,stock,4253.200000000001,79888405.6872,USD,Producer Manufacturing,Industrial Conglomerates,True,EURONEXT,France,EUR,1.07336,0.7988840568719999,4.565214752000001e-05,0.0001,欧洲,FR0014001PM5,True,EURONEXT:ALHRS,HYDROGEN-REFUELING-SOLUTIONS,,,,Hydrogen-Refueling-Solutions SA,,制造业,机械,工业集团,法国,7.692547579081861e-07,,,,,,,
FR0014007LQ2,FR0014007LQ2-ALXP,HUNYVERS,ALHUN,ALHUN,D,EUR,710,EPA,ALXP,Euronext Paris,france,False,R,,Specialty Retailers,EURONEXT:ALHUN,,stock,845.3,44380388.02,USD,Finance,Real Estate Development,True,EURONEXT,France,EUR,1.07336,0.4438038801999999,9.07311208e-06,0.0,欧洲,FR0014007LQ2,True,EURONEXT:ALHUN,HUNYVERS,,,,HUNYVERS,,金融,房地产,房地产开发,法国,0.0,,,,,,,
FR0004153930,FR0004153930-ALXP,Hybrigenics,ALHYG,ALHYG,D,EUR,710,EPA,ALXP,Euronext Paris,france,False,R,,Biotechnology,EURONEXT:ALHYG,hybrigenics-sa,stock,1035.3000000000002,4665048.9395,USD,Health Technology,Pharmaceuticals: Major,True,EURONEXT,France,EUR,1.07336,0.046650489395,1.1112496080000003e-05,0.0002,欧洲,FR0004153930,True,EURONEXT:ALHYG,HYBRIGENICS,,,,Hybrigenics,,医药,制药,主要制药,法国,7.105032472042413e-05,,,,,,,
FR0012821916,FR0012821916-ALXP,Hipay Group SA,HIPAY,ALHYP,D,EUR,710,EPA,ALXP,Euronext Paris,france,False,R,,Transaction Processing Services,EURONEXT:ALHYP,hipay-sa,stock,2048.16,43424557.6123,USD,Finance,Regional Banks,True,EURONEXT,France,EUR,1.07336,0.434245576123,2.1984130176e-05,0.0001,欧洲,FR0012821916,True,EURONEXT:ALHYP,HIPAY,,,,Hipay Group SA,,金融,银行,地区银行,法国,0.0,,,,,,,
FR0005854700,FR0005854700-ALXP,I2S,ALI2S,ALI2S,D,EUR,710,EPA,ALXP,Euronext Paris,france,False,R,,Electronic Equipment: Gauges and Meters,EURONEXT:ALI2S,,stock,16337.4,13616962.1427,USD,Electronic Technology,Electronic Equipment/Instruments,True,EURONEXT,France,EUR,1.07336,0.136169621427,0.00017535911664,0.0013,欧洲,FR0005854700,True,EURONEXT:ALI2S,I2S,,,,I2S,,科技,电子,仪器设备,法国,0.0003357324340458,,,,,,,
FR001400A3Q3,FR001400A3Q3-ALXP,ICAPE HOLDING,ALICA,ALICA,D,EUR,710,EPA,ALXP,Euronext Paris,france,False,R,,Electronic Components,EURONEXT:ALICA,,stock,9.86,85277833.9189,USD,Distribution Services,Electronics Distributors,True,EURONEXT,France,EUR,1.07336,0.852778339189,1.0583329600000001e-07,0.0,欧洲,FR001400A3Q3,True,EURONEXT:ALICA,ICAPE HOLDING,,,,ICAPE HOLDING,,消费,经销商,电子产品经销商,法国,0.0,,,,,,,
FR0000062184,FR0000062184-ALXP,IDSud,ALIDS,ALIDS,D,EUR,710,EPA,ALXP,Euronext Paris,france,False,R,,Investment Services,EURONEXT:ALIDS,idsud,stock,326.0,87040618.9921,USD,Finance,Investment Banks/Brokers,True,EURONEXT,France,EUR,1.07336,0.870406189921,3.4991536e-06,0.0,欧洲,FR0000062184,True,EURONEXT:ALIDS,IDSUD,,,,IDSud,,金融,资产管理,投资银行,法国,4.084123931020931e-07,,,,,,,
FR00140048X2,FR00140048X2-ALXP,IKONISYS,ALIKO,ALIKO,D,EUR,710,EPA,ALXP,Euronext Paris,france,False,R,,Medical Equipment,EURONEXT:ALIKO,,stock,173.03,16032037.85,USD,Health Technology,Medical Specialties,True,EURONEXT,France,EUR,1.07336,0.1603203785,1.857234808e-06,0.0,欧洲,FR00140048X2,True,EURONEXT:ALIKO,IKONISYS,,,,IKONISYS,,医药,医疗,医疗器械,法国,0.0,,,,,,,
FR0013470168,FR0013470168-ALXP,Implanet SA,ALIMP,ALIMP,D,EUR,710,EPA,ALXP,Euronext Paris,france,False,R,,Medical Equipment,EURONEXT:ALIMP,implanet,stock,354.708,9812730.2811,USD,Health Technology,Medical Specialties,True,EURONEXT,France,EUR,1.07336,0.0981273028109999,3.807293788800001e-06,0.0,欧洲,FR0013470168,True,EURONEXT:ALIMP,IMPLANET,,,,Implanet SA,,医药,医疗,医疗器械,法国,9.379911195528418e-06,,,,,,,
FR0013060100,FR0013060100-ALXP,Immersion SA,ALIMR,ALIMR,D,EUR,710,EPA,ALXP,Euronext Paris,france,False,R,,Software,,,,,,,,,,,,,,,,,,,,,,,,,Immersion SA,,,,,,,,,,,,,
FR0000064297,FR0000064297-ALXP,Innelec Multimedia,INN,ALINN,D,EUR,710,EPA,ALXP,Euronext Paris,france,False,R,,Software,EURONEXT:ALINN,innelec-multimedia,stock,1241.5,20740567.6113,USD,Distribution Services,Wholesale Distributors,True,EURONEXT,France,EUR,1.07336,0.2074056761129999,1.33257644e-05,0.0001,欧洲,FR0000064297,True,EURONEXT:ALINN,INNELEC MULTIMEDIA,,,,Innelec Multimedia,,消费,经销商,批发经销商,法国,0.0,,,,,,,
FR0011179886,FR0011179886-ALXP,Intrasense SA,ALINS,ALINS,D,EUR,710,EPA,ALXP,Euronext Paris,france,False,R,,Medical Equipment,EURONEXT:ALINS,intrasense-sas,stock,921.529,18427382.3135,USD,Technology Services,Packaged Software,True,EURONEXT,France,EUR,1.07336,0.184273823135,9.8913236744e-06,0.0001,欧洲,FR0011179886,True,EURONEXT:ALINS,INTRASENSE,,,,Intrasense SA,,科技,IT技术,软件开发,法国,4.718923029946998e-07,,,,,,,
FR0010908723,FR0010908723-ALXP,IntegraGen,ALINT,ALINT,D,EUR,710,EPA,ALXP,Euronext Paris,france,False,R,,Biotechnology,EURONEXT:ALINT,integragen,stock,93.415,4292552.7918,USD,Health Services,Medical/Nursing Services,True,EURONEXT,France,EUR,1.07336,0.042925527918,1.002679244e-06,0.0,欧洲,FR0010908723,True,EURONEXT:ALINT,INTEGRAGEN,,,,IntegraGen,,医药,健康服务,健康服务,法国,3.0947614520070497e-07,,,,,,,
BE0974299316,BE0974299316-ALXP,Invibes Advertising,MLINV,ALINV,D,EUR,710,EPA,ALXP,Euronext Paris,france,False,R,,Media Agencies,EURONEXT:ALINV,,stock,6497.92,30444634.4551,USD,Commercial Services,Advertising/Marketing Services,True,EURONEXT,Belgium,EUR,1.07336,0.304446344551,6.9746074112e-05,0.0002,欧洲,BE0974299316,True,EURONEXT:ALINV,INVIBES ADVERTISING N.V.,,,,Invibes Advertising,,消费,商业服务,广告营销,法国,0.0006738279595136,,,,,,,
ES0109429037,ES0109429037-ALXP,Antevenio,ALANT,ALISP,D,EUR,710,EPA,ALXP,Euronext Paris,france,False,R,,Media Agencies,EURONEXT:ALISP,antevenio,stock,3.22,51116342.2353,USD,Commercial Services,Advertising/Marketing Services,True,EURONEXT,Spain,EUR,1.07336,0.5111634223529999,3.4562192000000004e-08,0.0,欧洲,ES0109429037,True,EURONEXT:ALISP,ISPD NETWORK,,,,Antevenio,,消费,商业服务,广告营销,法国,4.843418972600569e-09,,,,,,,
FR0000072597,FR0000072597-ALXP,IT Link,ITL,ALITL,D,EUR,710,EPA,ALXP,Euronext Paris,france,False,R,,Computer Services,EURONEXT:ALITL,it-link-sa,stock,282.59999999999997,54814606.3547,USD,Electronic Technology,Electronic Components,True,EURONEXT,France,EUR,1.07336,0.548146063547,3.0333153599999996e-06,0.0,欧洲,FR0000072597,True,EURONEXT:ALITL,IT LINK,,,,IT Link,,科技,电子,元器件,法国,1.2816216706779326e-07,,,,,,,
IT0005314635,IT0005314635-MTAA,Alkemy,ALK,ALK,D,EUR,608,MIL,MTAA,Borsa Italiana S.p.A.,italy,False,D15,,Media Agencies,MIL:ALK,,stock,5389.200000000001,62551151.5306,USD,Commercial Services,Miscellaneous Commercial Services,True,MIL,Italy,EUR,1.07336,0.6255115153059999,5.784551712000001e-05,0.0001,欧洲,IT0005314635,True,MIL:ALK,ALKEMY,,,,Alkemy,,消费,商业服务,综合商业,意大利,6.50544585534533e-05,MTAA,EUR,10.80,2.37,09:41 CEST26 Apr 2024,10.55,25 Apr 2024
FR0010722819,FR0010722819-ALXP,Kalray SA,ALKAL,ALKAL,D,EUR,710,EPA,ALXP,Euronext Paris,france,False,R,,Semiconductors,EURONEXT:ALKAL,kalray-sadir,stock,17618.7,152776268.1952,USD,Electronic Technology,Semiconductors,True,EURONEXT,France,EUR,1.07336,1.527762681952,0.00018911207832,0.0001,欧洲,FR0010722819,True,EURONEXT:ALKAL,KALRAY,,,,Kalray SA,,科技,电子,半导体,法国,3.180960717380701e-05,,,,,,,
FR00140069V2,FR00140069V2-ALXP,GROUPE BERKEM,ALKEM,ALKEM,D,EUR,710,EPA,ALXP,Euronext Paris,france,False,R,,Chemicals: Diversified,EURONEXT:ALKEM,,stock,2393.95,26643293.52,USD,Consumer Non-Durables,Food: Specialty/Candy,True,EURONEXT,France,EUR,1.07336,0.2664329352,2.569570172e-05,0.0001,欧洲,FR00140069V2,True,EURONEXT:ALKEM,GROUPE BERKEM,,,,GROUPE BERKEM,,消费,食品饮料,零食,法国,6.335998873134512e-05,,,,,,,
IT0005380438,IT0005380438-ALXP,Media-Maker,ALKER,ALKER,D,EUR,710,EPA,ALXP,Euronext Paris,france,False,R,,Entertainment,,,,,,,,,,,,,,,,,,,,,,,,,Media-Maker,,,,,,,,,,,,,
FR0004029411,FR0004029411-ALXP,Keyrus,KEY,ALKEY,D,EUR,710,EPA,ALXP,Euronext Paris,france,False,R,,Computer Services,EURONEXT:ALKEY,keyrus,stock,6.96,118563300.8567,USD,Technology Services,Information Technology Services,True,EURONEXT,France,EUR,1.07336,1.185633008567,7.4705856e-08,0.0,欧洲,FR0004029411,True,EURONEXT:ALKEY,KEYRUS,,,,Keyrus,,科技,IT技术,信息技术,法国,0.0,,,,,,,
FR0013374667,FR0013374667-ALXP,Kko International SA,ALKKO,ALKKO,D,EUR,710,EPA,ALXP,Euronext Paris,france,False,R,,Farming/Fishing/Ranching and Plantations,EURONEXT:ALKKO,kko-international-sa,stock,8305.185,14146472.6075,USD,Process Industries,Agricultural Commodities/Milling,True,EURONEXT,France,EUR,1.07336,0.141464726075,8.914453371600001e-05,0.0006,欧洲,FR0013374667,True,EURONEXT:ALKKO,KKO INTERNATIONAL,,,,Kko International SA,,制造业,化工,农产品,法国,9.660314571192303e-05,,,,,,,
FR0011038348,FR0011038348-ALXP,KLARSEN,ALKLA,ALKLA,D,EUR,710,EPA,ALXP,Euronext Paris,france,False,R,,Media Agencies,EURONEXT:ALKLA,klarsen,stock,17225.760000000002,10023661.7183,USD,Commercial Services,Advertising/Marketing Services,True,EURONEXT,France,EUR,1.07336,0.100236617183,0.000184894417536,0.0018,欧洲,FR0011038348,True,EURONEXT:ALKLA,KLARSEN,,,,KLARSEN,,消费,商业服务,广告营销,法国,0.0005092150780475,,,,,,,
FR0013156007,FR0013156007-ALXP,Kerlink SA,ALKLK,ALKLK,D,EUR,710,EPA,ALXP,Euronext Paris,france,False,R,,Telecommunications Equipment,EURONEXT:ALKLK,kerlink-saca,stock,341.42,7124353.1405,USD,Electronic Technology,Telecommunications Equipment,True,EURONEXT,France,EUR,1.07336,0.0712435314049999,3.664665712e-06,0.0001,欧洲,FR0013156007,True,EURONEXT:ALKLK,KERLINK,,,,Kerlink SA,,科技,通信,通信设备,法国,9.615719775434637e-06,,,,,,,
BE0974334667,BE0974334667-ALXP,Llama Group SA,ALLAM,ALLAM,D,EUR,710,EPA,ALXP,Euronext Paris,france,False,R,,Electronic Entertainment,EURONEXT:ALLAM,targetspot-sa,stock,5320.6410000000005,6470423.4207999995,USD,Technology Services,Internet Software/Services,True,EURONEXT,Belgium,EUR,1.07336,0.0647042342079999,5.7109632237600006e-05,0.0009,欧洲,BE0974334667,True,EURONEXT:ALLAM,LLAMA,,,,Llama Group SA,,科技,IT技术,互联网,法国,8.706462330656936e-06,,,,,,,
FR0004027068,FR0004027068-ALXP,Lanson-BCC,LAN,ALLAN,D,EUR,710,EPA,ALXP,Euronext Paris,france,False,R,,Distillers and Vintners,EURONEXT:ALLAN,lanson-bcc,stock,4590.0,324798951.9714,USD,Consumer Non-Durables,Beverages: Alcoholic,True,EURONEXT,France,EUR,1.07336,3.2479895197140003,4.926722400000001e-05,0.0,欧洲,FR0004027068,True,EURONEXT:ALLAN,LANSON-BCC,,,,Lanson-BCC,,消费,食品饮料,酒,法国,6.311484520256576e-07,,,,,,,
FR0000075442,FR0000075442-ALXP,GROUPE LDLC,LDL,ALLDL,D,EUR,710,EPA,ALXP,Euronext Paris,france,False,R,,Consumer Digital Services,EURONEXT:ALLDL,groupe-ldlc,stock,5165.28,108436851.9517,USD,Retail Trade,Internet Retail,True,EURONEXT,France,EUR,1.07336,1.084368519517,5.5442049408000005e-05,0.0001,欧洲,FR0000075442,True,EURONEXT:ALLDL,GROUPE LDLC,,,,GROUPE LDLC,,科技,IT技术,网络零售,法国,1.1286175768413516e-06,,,,,,,
FR0013335742,FR0013335742-ALXP,Cogelec SA,COGEC,ALLEC,D,EUR,710,EPA,ALXP,Euronext Paris,france,False,R,,Electronic Equipment: Gauges and Meters,EURONEXT:ALLEC,cogelec-sas,stock,19062.0,81161724.1866,USD,Electronic Technology,Telecommunications Equipment,True,EURONEXT,France,EUR,1.07336,0.811617241866,0.0002046038832,0.0003,欧洲,FR0013335742,True,EURONEXT:ALLEC,COGELEC,,,,Cogelec SA,,科技,通信,通信设备,法国,6.733788934770972e-05,,,,,,,
FR0000033599,FR0000033599-ALXP,Lexibook Linguistic,ALLEX,ALLEX,D,EUR,710,EPA,ALXP,Euronext Paris,france,False,R,,Consumer Electronics,EURONEXT:ALLEX,lexibook-linguistic-electron,stock,3930.94,28230943.155,USD,Electronic Technology,Electronic Production Equipment,True,EURONEXT,France,EUR,1.07336,0.28230943155,4.219313758400001e-05,0.0001,欧洲,FR0000033599,True,EURONEXT:ALLEX,LEXIBOOK LINGUIST.,,,,Lexibook Linguistic,,科技,电子,电子生产设备,法国,1.7750079756432618e-06,,,,,,,
GB00BNTJ3546,GB00BNTJ3546-XAMS,Allfunds Group Ltd,ALLFG,ALLFG,C,EUR,200,EAM,XAMS,Euronext Amsterdam,netherlands,False,R,,Financial Data Providers,EURONEXT:ALLFG,allfunds-group-plc,stock,336833.75,4000779182.3799,USD,Finance,Investment Banks/Brokers,True,EURONEXT,United Kingdom,EUR,1.07336,40.007791823799,0.003615438739,0.0001,欧洲,GB00BNTJ3546,True,EURONEXT:ALLFG,ALLFUNDS,,,,Allfunds Group Ltd,,金融,资产管理,投资银行,荷兰,0.0001343330069095,XAMS,EUR,6.03,0.25,10:06 CEST26 Apr 2024,6.015,25 Apr 2024
FR0013308582,FR0013308582-ALXP,Largo SA,ALLGO,ALLGO,D,EUR,710,EPA,ALXP,Euronext Paris,france,False,R,,Computer Hardware,EURONEXT:ALLGO,,stock,1504.8000000000002,9901852.3425,USD,Utilities,Electric Utilities,True,EURONEXT,France,EUR,1.07336,0.0990185234249999,1.6151921280000003e-05,0.0002,欧洲,FR0013308582,True,EURONEXT:ALLGO,LARGO,,,,Largo SA,,公用事业,电力,电力公司,法国,1.2749496715175008e-05,,,,,,,
FR0007080254,FR0007080254-ALXP,Hotels Baverez,ALLHB,ALLHB,D,EUR,710,EPA,ALXP,Euronext Paris,france,False,R,,Hotels and Motels,EURONEXT:ALLHB,,stock,266.0,169238937.1694,USD,Consumer Services,Hotels/Resorts/Cruise lines,True,EURONEXT,France,EUR,1.07336,1.6923893716940002,2.8551376000000004e-06,0.0,欧洲,FR0007080254,True,EURONEXT:ALLHB,LES HOTELS BAVEREZ,,,,Hotels Baverez,,消费,可选消费,酒店,法国,0.0,,,,,,,
FR0010131409,FR0010131409-ALXP,Wallix Group SA,ALLIX,ALLIX,D,EUR,710,EPA,ALXP,Euronext Paris,france,False,R,,Software,EURONEXT:ALLIX,wallix,stock,3810.4,62835485.6834,USD,Technology Services,Packaged Software,True,EURONEXT,France,EUR,1.07336,0.6283548568339999,4.089930944000001e-05,0.0001,欧洲,FR0010131409,True,EURONEXT:ALLIX,WALLIX,,,,Wallix Group SA,,科技,IT技术,软件开发,法国,3.570034919705464e-05,,,,,,,
ES0105089009,ES0105089009-ALXP,Lleidanetworks Serveis Telematics SA,ALLLN,ALLLN,D,EUR,710,EPA,ALXP,Euronext Paris,france,False,R,,Consumer Digital Services,EURONEXT:ALLLN,lleidanetworks,stock,435.87,14417303.6127,USD,Communications,Wireless Telecommunications,False,EURONEXT,Spain,EUR,1.07336,0.144173036127,4.678454232e-06,0.0,欧洲,ES0105089009,False,BME:LLN,LLEIDANETWORKS SERVEIS TELEMATICS,,,,Lleidanetworks Serveis Telematics SA,,科技,通信,电信运营,法国,6.363100452117307e-06,,,,,,,
FR0000044943,FR0000044943-ALXP,Logic Instrument,ALLOG,ALLOG,D,EUR,710,EPA,ALXP,Euronext Paris,france,False,R,,Computer Hardware,EURONEXT:ALLOG,logic-instrument,stock,15413.76,10859725.171,USD,Electronic Technology,Electronic Production Equipment,True,EURONEXT,France,EUR,1.07336,0.10859725171,0.000165445134336,0.0015,欧洲,FR0000044943,True,EURONEXT:ALLOG,LOGIC INSTRUMENT,,,,Logic Instrument,,科技,电子,电子生产设备,法国,0.0005941139811694,,,,,,,
FR0000060451,FR0000060451-ALXP,Installux,STAL,ALLUX,D,EUR,710,EPA,ALXP,Euronext Paris,france,False,R,,Building Materials: Other,EURONEXT:ALLUX,installux-sa,stock,11280.0,83776853.0804,USD,Non-Energy Minerals,Aluminum,True,EURONEXT,France,EUR,1.07336,0.837768530804,0.000121075008,0.0001,欧洲,FR0000060451,True,EURONEXT:ALLUX,INSTALLUX,,,,Installux,,资源,矿产,铝,法国,0.0,,,,,,,
FR0013400835,FR0013400835-ALXP,Mare Nostrum SA,ALMAR,ALMAR,D,EUR,710,EPA,ALXP,Euronext Paris,france,False,R,,Business Training and Employment Agencies,EURONEXT:ALMAR,,stock,40.5,3736032.8137,USD,Commercial Services,Personnel Services,True,EURONEXT,France,EUR,1.07336,0.037360328137,4.347108e-07,0.0,欧洲,FR0013400835,True,EURONEXT:ALMAR,MARE NOSTRUM,,,,Mare Nostrum SA,,消费,商业服务,人力资源,法国,6.156460103371756e-07,,,,,,,
FR0004155687,FR0004155687-ALXP,Mastrad,ALMAS,ALMAS,D,EUR,710,EPA,ALXP,Euronext Paris,france,False,R,,Household Equipment and Products,,,,,,,,,,,,,,,,,,,,,,,,,Mastrad,,,,,,,,,,,,,
FR0010353888,FR0010353888-ALXP,MGI Digital Graphic Technology,ALMDG,ALMDG,D,EUR,710,EPA,ALXP,Euronext Paris,france,False,R,,Electronic Equipment: Gauges and Meters,EURONEXT:ALMDG,mgi-digital-graphic-technolo,stock,3919.5,130597409.4061,USD,Producer Manufacturing,Industrial Machinery,True,EURONEXT,France,EUR,1.07336,1.305974094061,4.20703452e-05,0.0,欧洲,FR0010353888,True,EURONEXT:ALMDG,MGI DIGITAL GRAPHI,,,,MGI Digital Graphic Technology,,制造业,机械,机械加工设备,法国,3.197023192470881e-06,,,,,,,
FR0010844464,FR0010844464-ALXP,Medesis Pharma SA,ALMDP,ALMDP,D,EUR,710,EPA,ALXP,Euronext Paris,france,False,R,,Biotechnology,,,,,,,,,,,,,,,,,,,,,,,,,Medesis Pharma SA,,,,,,,,,,,,,
FR0011049824,FR0011049824-ALXP,Median Technologies SA,ALMDT,ALMDT,D,EUR,710,EPA,ALXP,Euronext Paris,france,False,R,,Software,EURONEXT:ALMDT,median-technologies,stock,282561.84,65055332.1361,USD,Health Services,Medical/Nursing Services,True,EURONEXT,France,EUR,1.07336,0.650553321361,0.003032905765824,0.0047,欧洲,FR0011049824,True,EURONEXT:ALMDT,MEDIAN TECHNOLOGIES,,,,Median Technologies SA,,医药,健康服务,健康服务,法国,0.0625763586954085,,,,,,,
FR0010776617,FR0010776617-ALXP,Sapmer,ALMER,ALMER,D,EUR,710,EPA,ALXP,Euronext Paris,france,False,R,,Farming/Fishing/Ranching and Plantations,EURONEXT:ALMER,,stock,489.6,39739798.7859,USD,Process Industries,Agricultural Commodities/Milling,True,EURONEXT,France,EUR,1.07336,0.397397987859,5.25517056e-06,0.0,欧洲,FR0010776617,True,EURONEXT:ALMER,SAPMER,,,,Sapmer,,制造业,化工,农产品,法国,0.0,,,,,,,
FR0011217710,FR0011217710-ALXP,Methanor SCA,ALMET,ALMET,D,EUR,710,EPA,ALXP,Euronext Paris,france,False,R,,Alternative Electricity,,,,,,,,,,,,,,,,,,,,,,,,,Methanor SCA,,,,,,,,,,,,,
FR0010204453,FR0010204453-ALXP,MG INTERNATIONAL,ALMGI,ALMGI,D,EUR,710,EPA,ALXP,Euronext Paris,france,False,R,,Recreational Products,EURONEXT:ALMGI,,stock,6720.0,29059702.5934,USD,Electronic Technology,Computer Communications,True,EURONEXT,France,EUR,1.07336,0.290597025934,7.2129792e-05,0.0002,欧洲,FR0010204453,True,EURONEXT:ALMGI,MG INTERNATIONAL,,,,MG INTERNATIONAL,,科技,电子,计算机通讯,法国,0.0002821396572918,,,,,,,
FR0011051598,FR0011051598-ALXP,Amoeba SA,AMEBA,ALMIB,D,EUR,710,EPA,ALXP,Euronext Paris,france,False,R,,Specialty Chemicals,EURONEXT:ALMIB,amoeba,stock,7436.363,22959475.4515,USD,Consumer Non-Durables,Household/Personal Care,True,EURONEXT,France,EUR,1.07336,0.229594754515,7.98189458968e-05,0.0003,欧洲,FR0011051598,True,EURONEXT:ALMIB,AMOEBA,,,,Amoeba SA,,消费,日常消费,个人护理,法国,4.686624619213716e-06,,,,,,,
FR0000077570,FR0000077570-ALXP,Micropole,MUN,ALMIC,D,EUR,710,EPA,ALXP,Euronext Paris,france,False,R,,Computer Services,EURONEXT:ALMIC,micropole,stock,48.465,53286862.7239,USD,Technology Services,Information Technology Services,True,EURONEXT,France,EUR,1.07336,0.532868627239,5.20203924e-07,0.0,欧洲,FR0000077570,True,EURONEXT:ALMIC,MICROPOLE,,,,Micropole,,科技,IT技术,信息技术,法国,1.1943046188714894e-07,,,,,,,
FR0013270626,FR0013270626-ALXP,M2i SA,MLMII,ALMII,D,EUR,710,EPA,ALXP,Euronext Paris,france,False,R,,Software,EURONEXT:ALMII,m2i,stock,2179.8,19246113.0796,USD,Commercial Services,Miscellaneous Commercial Services,True,EURONEXT,France,EUR,1.07336,0.192461130796,2.3397101280000005e-05,0.0001,欧洲,FR0013270626,True,EURONEXT:ALMII,M2I,,,,M2i SA,,消费,商业服务,综合商业,法国,2.126028255744981e-05,,,,,,,
FR0010285965,FR0010285965-ALXP,1000mercis Group,ALMIL,ALMIL,D,EUR,710,EPA,ALXP,Euronext Paris,france,False,R,,Media Agencies,EURONEXT:ALMIL,1000mercis,stock,179.20000000000002,59259343.0955,USD,Commercial Services,Miscellaneous Commercial Services,True,EURONEXT,France,EUR,1.07336,0.592593430955,1.9234611200000003e-06,0.0,欧洲,FR0010285965,True,EURONEXT:ALMIL,1000MERCIS,,,,1000mercis Group,,消费,商业服务,综合商业,法国,0.0,,,,,,,
FR0013053535,FR0013053535-ALXP,Miliboo SA,ALMLB,ALMLB,D,EUR,710,EPA,ALXP,Euronext Paris,france,False,R,,Household Furnishings,EURONEXT:ALMLB,miliboo-sa,stock,1.91,14071746.1801,USD,Consumer Durables,Home Furnishings,True,EURONEXT,France,EUR,1.07336,0.140717461801,2.0501176000000006e-08,0.0,欧洲,FR0013053535,True,EURONEXT:ALMLB,MILIBOO,,,,Miliboo SA,,消费,可选消费,家居摆设,法国,0.0,,,,,,,
FR00140050Q2,FR00140050Q2-ALXP,MND,ALMND,ALMND,D,EUR,710,EPA,ALXP,Euronext Paris,france,False,R,,Construction,EURONEXT:ALMND,montagne-and-neige-developpement,stock,0.798,60461874.1219,USD,Industrial Services,Engineering & Construction,True,EURONEXT,France,EUR,1.07336,0.6046187412189999,8.5654128e-09,0.0,欧洲,FR00140050Q2,True,EURONEXT:ALMND,MND,,,,MND,,制造业,建筑业,建筑工程,法国,0.0,,,,,,,
FR0011033083,FR0011033083-ALXP,Moulinvest SA,ALMOU,ALMOU,D,EUR,710,EPA,ALXP,Euronext Paris,france,False,R,,Forestry,EURONEXT:ALMOU,moulinvest-sa,stock,19.7,63958811.7599,USD,Non-Energy Minerals,Forest Products,True,EURONEXT,France,EUR,1.07336,0.6395881175989999,2.1145192e-07,0.0,欧洲,FR0011033083,True,EURONEXT:ALMOU,MOULINVEST,,,,Moulinvest SA,,资源,矿产,林业,法国,2.7206708123180853e-18,,,,,,,
FR0004034320,FR0004034320-ALXP,Mr Bricolage,MRB,ALMRB,D,EUR,710,EPA,ALXP,Euronext Paris,france,False,R,,Home Improvement Retailers,EURONEXT:ALMRB,mr-bricolage-sa,stock,2370.7200000000003,98626426.9029,USD,Retail Trade,Specialty Stores,True,EURONEXT,France,EUR,1.07336,0.986264269029,2.544636019200001e-05,0.0,欧洲,FR0004034320,True,EURONEXT:ALMRB,MR BRICOLAGE,,,,Mr Bricolage,,消费,零售,专卖店,法国,0.0,,,,,,,
FR0013462231,FR0013462231-ALXP,Munic SA,ALMUN,ALMUN,D,EUR,710,EPA,ALXP,Euronext Paris,france,False,R,,Computer Services,EURONEXT:ALMUN,,stock,65.246,6217079.5709999995,USD,Technology Services,Packaged Software,True,EURONEXT,France,EUR,1.07336,0.06217079571,7.003244655999999e-07,0.0,欧洲,FR0013462231,True,EURONEXT:ALMUN,MUNIC,,,,Munic SA,,科技,IT技术,软件开发,法国,0.0,,,,,,,
FR0013421286,FR0013421286-ALXP,Alpha MOS SA,ALM,ALNEO,D,EUR,710,EPA,ALXP,Euronext Paris,france,False,R,,Electronic Equipment: Control and Filter,EURONEXT:ALNEO,alpha-multi-organoleptic-sys,stock,122.696,17287465.8588,USD,Electronic Technology,Electronic Equipment/Instruments,True,EURONEXT,France,EUR,1.07336,0.172874658588,1.3169697856000005e-06,0.0,欧洲,FR0013421286,True,EURONEXT:ALNEO,ALPHA MOS,,,,Alpha MOS SA,,科技,电子,仪器设备,法国,2.361201650252546e-07,,,,,,,
FR0011636083,FR0011636083-ALXP,Neolife SA,ALNLF,ALNLF,D,EUR,710,EPA,ALXP,Euronext Paris,france,False,R,,Building Materials: Other,EURONEXT:ALNLF,,stock,105.2509,8053068.9103,USD,Industrial Services,Engineering & Construction,True,EURONEXT,France,EUR,1.07336,0.080530689103,1.12972106024e-06,0.0,欧洲,FR0011636083,True,EURONEXT:ALNLF,NEOLIFE,,,,Neolife SA,,制造业,建筑业,建筑工程,法国,3.560626839788737e-06,,,,,,,
FR0000072993,FR0000072993-ALXP,Makheia Group,ALMAK,ALNMG,D,EUR,710,EPA,ALXP,Euronext Paris,france,False,R,,Media Agencies,EURONEXT:ALNMG,makheia,stock,12220.534,12116653.8871,USD,Commercial Services,Miscellaneous Commercial Services,True,EURONEXT,France,EUR,1.07336,0.121166538871,0.0001311703237424,0.0011,欧洲,FR0000072993,True,EURONEXT:ALNMG,NETMEDIA,,,,Makheia Group,,消费,商业服务,综合商业,法国,0.0002391024660043,,,,,,,
FR0014003J32,FR0014003J32-ALXP,NAMR,ALNMR,ALNMR,D,EUR,710,EPA,ALXP,Euronext Paris,france,False,R,,Computer Services,EURONEXT:ALNMR,,stock,198.95,7516647.0394,USD,Technology Services,Packaged Software,True,EURONEXT,France,EUR,1.07336,0.075166470394,2.13544972e-06,0.0,欧洲,FR0014003J32,True,EURONEXT:ALNMR,NAMR,,,,NAMR,,科技,IT技术,软件开发,法国,8.602783323479786e-06,,,,,,,
FR0013330792,FR0013330792-ALXP,Enensys Technologies SA,ALNN6,ALNN6,D,EUR,710,EPA,ALXP,Euronext Paris,france,False,R,,Software,EURONEXT:ALNN6,enensys-technologies-sa,stock,0.562,4666946.5457999995,USD,Electronic Technology,Telecommunications Equipment,True,EURONEXT,France,EUR,1.07336,0.0466694654579999,6.0322832000000024e-09,0.0,欧洲,FR0013330792,True,EURONEXT:ALNN6,ENENSYS,,,,Enensys Technologies SA,,科技,通信,通信设备,法国,0.0,,,,,,,
FR0010397232,FR0010397232-ALXP,Novacyt SA,ALNOV,ALNOV,D,EUR,710,EPA,ALXP,Euronext Paris,france,False,R,,Medical Equipment,EURONEXT:ALNOV,novacyt-s-a,stock,14099.184,60305580.6592,USD,Health Technology,Medical Specialties,True,EURONEXT,France,EUR,1.07336,0.603055806592,0.0001513350013824,0.0003,欧洲,FR0010397232,True,EURONEXT:ALNOV,NOVACYT,,,,Novacyt SA,,医药,医疗,医疗器械,法国,1.3966326226585652e-05,,,,,,,
FR0013399359,FR0013399359-ALXP,Energisme SAS,ALNRG,ALNRG,D,EUR,710,EPA,ALXP,Euronext Paris,france,False,R,,Software,EURONEXT:ALNRG,,stock,2386.3261,13821390.8725,USD,Technology Services,Packaged Software,True,EURONEXT,France,EUR,1.07336,0.138213908725,2.5613869826960005e-05,0.0002,欧洲,FR0013399359,True,EURONEXT:ALNRG,ENERGISME,,,,Energisme SAS,,科技,IT技术,软件开发,法国,0.0001017172873457,,,,,,,
FR0000064529,FR0000064529-ALXP,NSC Groupe,NSGP,ALNSC,D,EUR,710,EPA,ALXP,Euronext Paris,france,False,R,,Machinery: Specialty,EURONEXT:ALNSC,,stock,51.0,25243609.8879,USD,Producer Manufacturing,Industrial Machinery,True,EURONEXT,France,EUR,1.07336,0.252436098879,5.474136e-07,0.0,欧洲,FR0000064529,True,EURONEXT:ALNSC,NSC,,,,NSC Groupe,,制造业,机械,机械加工设备,法国,1.0324333120470515e-05,,,,,,,
FR0004065639,FR0004065639-ALXP,NSE,ALNSE,ALNSE,D,EUR,710,EPA,ALXP,Euronext Paris,france,False,R,,Defense,EURONEXT:ALNSE,nse,stock,289.20000000000005,81749111.1072,USD,Electronic Technology,Aerospace & Defense,True,EURONEXT,France,EUR,1.07336,0.817491111072,3.104157120000001e-06,0.0,欧洲,FR0004065639,True,EURONEXT:ALNSE,NSE,,,,NSE,,制造业,机械,航空航天与国防,法国,1.8986942852482625e-07,,,,,,,
FR0004154060,FR0004154060-ALXP,Netgem,NTG,ALNTG,D,EUR,710,EPA,ALXP,Euronext Paris,france,False,R,,Telecommunications Services,EURONEXT:ALNTG,netgem-sa,stock,0.952,33718543.817999996,USD,Technology Services,Packaged Software,True,EURONEXT,France,EUR,1.07336,0.3371854381799999,1.02183872e-08,0.0,欧洲,FR0004154060,True,EURONEXT:ALNTG,NETGEM,,,,Netgem,,科技,IT技术,软件开发,法国,2.2352280062223274e-10,,,,,,,
FR0004171346,FR0004171346-ALXP,Nextedia,ALNXT,ALNXT,D,EUR,710,EPA,ALXP,Euronext Paris,france,False,R,,Media Agencies,EURONEXT:ALNXT,nextedia,stock,57.24,26612514.5389,USD,Commercial Services,Advertising/Marketing Services,True,EURONEXT,France,EUR,1.07336,0.266125145389,6.143912640000001e-07,0.0,欧洲,FR0004171346,True,EURONEXT:ALNXT,NEXTEDIA,,,,Nextedia,,消费,商业服务,广告营销,法国,0.0,,,,,,,
FR0010220475,FR0010220475-XPAR,阿尔斯通,ALO,ALO,B,EUR,710,EPA,XPAR,Euronext Paris,france,True,R,,Electrical Components,EURONEXT:ALO,alstom,stock,1899681.435,6144273700.3165,USD,Producer Manufacturing,Trucks/Construction/Farm Machinery,True,EURONEXT,France,EUR,1.07336,61.442737003165,0.020390420650716,0.0003,欧洲,FR0010220475,True,EURONEXT:ALO,ALSTOM,,,阿尔斯通,Alstom,,制造业,机械,工程机械,法国,0.0019355350261924,XPAR,EUR,15.065,1.07,10:08 CEST26 Apr 2024,14.905,25 Apr 2024
FR0010330613,FR0010330613-ALXP,Ober,ALOBR,ALOBR,D,EUR,710,EPA,ALXP,Euronext Paris,france,False,R,,Forestry,,,,,,,,,,,,,,,,,,,,,,,,,Ober,,,,,,,,,,,,,
FR0013439627,FR0013439627-ALXP,GROUPE OKWIND,ALOKW,ALOKW,D,EUR,710,EPA,ALXP,Euronext Paris,france,False,R,,Alternative Electricity,EURONEXT:ALOKW,,stock,4457.599999999999,176372261.3,USD,Utilities,Alternative Power Generation,True,EURONEXT,France,EUR,1.07336,1.763722613,4.784609536e-05,0.0,欧洲,FR0013439627,True,EURONEXT:ALOKW,GROUPE OKWIND,,,,GROUPE OKWIND,,公用事业,电力,新能源发电,法国,1.6465439250117805e-07,,,,,,,
FR0000061244,FR0000061244-ALXP,Mecelec,MCLC,ALORA,D,EUR,710,EPA,ALXP,Euronext Paris,france,False,R,,Diversified Industrials,EURONEXT:ALORA,altheora-sa,stock,741.321,6348061.6045,USD,Process Industries,Chemicals: Specialty,True,EURONEXT,France,EUR,1.07336,0.063480616045,7.9570430856e-06,0.0001,欧洲,FR0000061244,True,EURONEXT:ALORA,ALTHEORA,,,,Mecelec,,制造业,化工,特殊化学品,法国,8.575037651206891e-07,,,,,,,
FR0013318052,FR0013318052-ALXP,Ordissimo SA,ALORD,ALORD,D,EUR,710,EPA,ALXP,Euronext Paris,france,False,R,,Computer Hardware,,,,,,,,,,,,,,,,,,,,,,,,,Ordissimo SA,,,,,,,,,,,,,
FR0013231180,FR0013231180-ALXP,Osmozis SAS,ALOSM,ALOSM,D,EUR,710,EPA,ALXP,Euronext Paris,france,False,R,,Telecommunications Services,EURONEXT:ALOSM,osmozis-sas,stock,10.55,31911368.2734,USD,Communications,Specialty Telecommunications,True,EURONEXT,France,EUR,1.07336,0.319113682734,1.1323948000000003e-07,0.0,欧洲,FR0013231180,True,EURONEXT:ALOSM,OSMOZIS,,,,Osmozis SAS,,科技,通信,电信运营,法国,1.0964463526958988e-08,,,,,,,
FR0013204070,FR0013204070-ALXP,Groupe Parot SA,ALPAR,ALPAR,D,EUR,710,EPA,ALXP,Euronext Paris,france,False,R,,Specialty Retailers,EURONEXT:ALPAR,groupe-parot-saca,stock,957.0,59890122.8765,USD,Distribution Services,Wholesale Distributors,True,EURONEXT,France,EUR,1.07336,0.598901228765,1.02720552e-05,0.0,欧洲,FR0013204070,True,EURONEXT:ALPAR,GROUPE PAROT,,,,Groupe Parot SA,,消费,经销商,批发经销商,法国,0.0,,,,,,,
FR0010785790,FR0010785790-ALXP,Plant Advanced Technologies,ALPAT,ALPAT,D,EUR,710,EPA,ALXP,Euronext Paris,france,False,R,,Biotechnology,EURONEXT:ALPAT,plant-advanced-technologies,stock,7591.5,12233699.4022,USD,Process Industries,Chemicals: Specialty,True,EURONEXT,France,EUR,1.07336,0.122336994022,8.148412440000001e-05,0.0007,欧洲,FR0010785790,True,EURONEXT:ALPAT,PLANT ADVANCED,,,,Plant Advanced Technologies,,制造业,化工,特殊化学品,法国,0.0,,,,,,,
FR0013479730,FR0013479730-ALXP,Paulic Meunerie SA,ALPAU,ALPAU,D,EUR,710,EPA,ALXP,Euronext Paris,france,False,R,,Fruit and Grain Processing,EURONEXT:ALPAU,,stock,280.86,9109106.6612,USD,Process Industries,Agricultural Commodities/Milling,True,EURONEXT,France,EUR,1.07336,0.091091066612,3.014638896e-06,0.0,欧洲,FR0013479730,True,EURONEXT:ALPAU,PAULIC MEUNERIE,,,,Paulic Meunerie SA,,制造业,化工,农产品,法国,1.3790166504856022e-06,,,,,,,
FR0013178712,FR0013178712-ALXP,Cerinnov Group SA,ALPCV,ALPCV,D,EUR,710,EPA,ALXP,Euronext Paris,france,False,R,,Machinery: Industrial,EURONEXT:ALPCV,cerinnov-sa,stock,1532.72,8923120.8625,USD,Producer Manufacturing,Industrial Machinery,True,EURONEXT,France,EUR,1.07336,0.089231208625,1.6451603392000002e-05,0.0002,欧洲,FR0013178712,True,EURONEXT:ALPCV,CERINNOV,,,,Cerinnov Group SA,,制造业,机械,机械加工设备,法国,2.3372245810529916e-06,,,,,,,
FR0000061608,FR0000061608-ALXP,Piscines Desjoyaux,ALPDX,ALPDX,D,EUR,710,EPA,ALXP,Euronext Paris,france,False,R,,Recreational Products,EURONEXT:ALPDX,piscines-desjoyaux-sa,stock,9002.5,133403083.0736,USD,Consumer Durables,Recreational Products,True,EURONEXT,France,EUR,1.07336,1.334030830736,9.6629234e-05,0.0001,欧洲,FR0000061608,True,EURONEXT:ALPDX,PISCINES DESJOYAUX,,,,Piscines Desjoyaux,,消费,可选消费,休闲产品,法国,0.0,,,,,,,
NL0012191662,NL0012191662-ALXP,La Perla Fashion Holding,ALPER,ALPER,D,EUR,710,EPA,ALXP,Euronext Paris,france,False,R,,Clothing and Accessories,,,,,,,,,,,,,,,,,,,,,,,,,La Perla Fashion Holding,,,,,,,,,,,,,
ES0105029005,ES0105029005-ALXP,Facephi Biometria SA,ALPHI,ALPHI,D,EUR,710,EPA,ALXP,Euronext Paris,france,False,R,,Software,EURONEXT:ALPHI,facephi-biometra-sa,stock,1.81,45190582.2395,USD,Technology Services,Packaged Software,False,EURONEXT,Spain,EUR,1.07336,0.451905822395,1.9427816e-08,0.0,欧洲,ES0105029005,False,BME:FACE,FACEPHI BIOMETRIA,,,,Facephi Biometria SA,,科技,IT技术,软件开发,法国,6.627921202733949e-10,,,,,,,
FR0000066441,FR0000066441-ALXP,Poujoulat,ALPJT,ALPJT,D,EUR,710,EPA,ALXP,Euronext Paris,france,False,R,,Building: Climate Control,EURONEXT:ALPJT,,stock,16.0,134157236.227,USD,Producer Manufacturing,Building Products,True,EURONEXT,France,EUR,1.07336,1.34157236227,1.717376e-07,0.0,欧洲,FR0000066441,True,EURONEXT:ALPJT,POUJOULAT,,,,Poujoulat,,制造业,建筑业,建筑产品,法国,0.0,,,,,,,
FR0010211037,FR0010211037-ALXP,PLANET MEDIA,ALPLA,ALPLA,D,EUR,710,EPA,ALXP,Euronext Paris,france,False,R,,Consumer Digital Services,,,,,,,,,,,,,,,,,,,,,,,,,PLANET MEDIA,,,,,,,,,,,,,
FR0013015583,FR0013015583-ALXP,Poulaillon SA,ALPOU,ALPOU,D,EUR,710,EPA,ALXP,Euronext Paris,france,False,R,,Food Products,EURONEXT:ALPOU,poulaillon-sa,stock,101.22,27084526.1383,USD,Consumer Non-Durables,Food: Specialty/Candy,True,EURONEXT,France,EUR,1.07336,0.2708452613829999,1.086454992e-06,0.0,欧洲,FR0013015583,True,EURONEXT:ALPOU,POULAILLON,,,,Poulaillon SA,,消费,食品饮料,零食,法国,1.51966001861541e-06,,,,,,,
FR0010169920,FR0010169920-ALXP,Predilife SA,ALPRE,ALPRE,D,EUR,710,EPA,ALXP,Euronext Paris,france,False,R,,Health Care Services,EURONEXT:ALPRE,predilife-sa,stock,28585.0,17070089.64,USD,Technology Services,Packaged Software,True,EURONEXT,France,EUR,1.07336,0.1707008964,0.000306819956,0.0018,欧洲,FR0010169920,True,EURONEXT:ALPRE,PREDILIFE,,,,Predilife SA,,科技,IT技术,软件开发,法国,0.0063080451891916,,,,,,,
FR0010380626,FR0010380626-ALXP,Prologue,PROL,ALPRG,D,EUR,710,EPA,ALXP,Euronext Paris,france,False,R,,Software,EURONEXT:ALPRG,prologue-reg,stock,1814.654,19645690.6115,USD,Commercial Services,Miscellaneous Commercial Services,True,EURONEXT,France,EUR,1.07336,0.196456906115,1.94777701744e-05,0.0001,欧洲,FR0010380626,True,EURONEXT:ALPRG,PROLOGUE,,,,Prologue,,消费,商业服务,综合商业,法国,5.941243708572751e-05,,,,,,,
FR0004044600,FR0004044600-ALXP,Prismaflex International,ALPRI,ALPRI,D,EUR,710,EPA,ALXP,Euronext Paris,france,False,R,,Media Agencies,EURONEXT:ALPRI,prismaflex-international,stock,6.35,9247326.2016,USD,Commercial Services,Commercial Printing/Forms,True,EURONEXT,France,EUR,1.07336,0.092473262016,6.815836e-08,0.0,欧洲,FR0004044600,True,EURONEXT:ALPRI,PRISMAFLEX INTL,,,,Prismaflex International,,消费,商业服务,印刷,法国,1.808457803204649e-08,,,,,,,
FR0010313486,FR0010313486-ALXP,Prodware,ALPRO,ALPRO,D,EUR,710,EPA,ALXP,Euronext Paris,france,False,R,,Computer Services,EURONEXT:ALPRO,prodware,stock,2574.7999999999997,63768758.2828,USD,Technology Services,Information Technology Services,True,EURONEXT,France,EUR,1.07336,0.637687582828,2.763687328e-05,0.0,欧洲,FR0010313486,True,EURONEXT:ALPRO,PRODWARE,,,,Prodware,,科技,IT技术,信息技术,法国,0.0,,,,,,,
FR0011648971,FR0011648971-ALXP,Quantum Genomics SA,ALQGC,ALQGC,D,EUR,710,EPA,ALXP,Euronext Paris,france,False,R,,Biotechnology,EURONEXT:ALQGC,quantum-genomics-sas-regr,stock,1866.1104,4726588.6658,USD,Health Technology,Pharmaceuticals: Major,True,EURONEXT,France,EUR,1.07336,0.0472658866579999,2.003008258944e-05,0.0004,欧洲,FR0011648971,True,EURONEXT:ALQGC,QUANTUM GENOMICS,,,,Quantum Genomics SA,,医药,制药,主要制药,法国,5.599057303609412e-05,,,,,,,
ES0105118006,ES0105118006-ALXP,Quadpack Industries SA,MLQP,ALQP,D,EUR,710,EPA,ALXP,Euronext Paris,france,False,R,,Containers and Packaging,EURONEXT:ALQP,,stock,13.9,64966583.3743,USD,Producer Manufacturing,Miscellaneous Manufacturing,True,EURONEXT,Spain,EUR,1.07336,0.6496658337429999,1.4919704000000002e-07,0.0,欧洲,ES0105118006,True,EURONEXT:ALQP,QUADPACK,,,,Quadpack Industries SA,,制造业,机械,综合制造,法国,0.0,,,,,,,
FR0010889386,FR0010889386-ALXP,Qwamplify SA,ALQWA,ALQWA,D,EUR,710,EPA,ALXP,Euronext Paris,france,False,R,,Media Agencies,EURONEXT:ALQWA,qwamplify-sa,stock,2.97,18005182.6113,USD,Commercial Services,Advertising/Marketing Services,True,EURONEXT,France,EUR,1.07336,0.180051826113,3.1878792000000004e-08,0.0,欧洲,FR0010889386,True,EURONEXT:ALQWA,QWAMPLIFY,,,,Qwamplify SA,,消费,商业服务,广告营销,法国,1.8147145533158718e-09,,,,,,,
FR0011858190,FR0011858190-ALXP,Realites SA,ALREA,ALREA,D,EUR,710,EPA,ALXP,Euronext Paris,france,False,R,,Real Estate Holding and Development,EURONEXT:ALREA,realites,stock,13.0,66577547.0711,USD,Finance,Real Estate Development,True,EURONEXT,France,EUR,1.07336,0.665775470711,1.3953680000000006e-07,0.0,欧洲,FR0011858190,True,EURONEXT:ALREA,REALITES,,,,Realites SA,,金融,房地产,房地产开发,法国,0.0,,,,,,,
FR0010820274,FR0010820274-ALXP,Reworld Media,ALREW,ALREW,D,EUR,710,EPA,ALXP,Euronext Paris,france,False,R,,Consumer Digital Services,EURONEXT:ALREW,reworld,stock,23151.6,143511232.7893,USD,Consumer Services,Publishing: Books/Magazines,True,EURONEXT,France,EUR,1.07336,1.435112327893,0.00024850001376,0.0002,欧洲,FR0010820274,True,EURONEXT:ALREW,REWORLD MEDIA,,,,Reworld Media,,消费,可选消费,出版：书籍/杂志,法国,0.0002393242021744,,,,,,,
FR0000037640,FR0000037640-ALXP,Rougier,ALRGR,ALRGR,D,EUR,710,EPA,ALXP,Euronext Paris,france,False,R,,Forestry,EURONEXT:ALRGR,rougier-sa,stock,725.0,16842033.62,USD,Health Technology,Pharmaceuticals: Other,True,EURONEXT,France,EUR,1.07336,0.1684203362,7.78186e-06,0.0,欧洲,FR0000037640,True,EURONEXT:ALRGR,ROUGIER S.A.,,,,Rougier,,医药,制药,其他制药,法国,0.0,,,,,,,
FR0000075954,FR0000075954-ALXP,Riber,RIB,ALRIB,D,EUR,710,EPA,ALXP,Euronext Paris,france,False,R,,Semiconductors,EURONEXT:ALRIB,riber-sa,stock,40444.95,62064995.309,USD,Electronic Technology,Semiconductors,True,EURONEXT,France,EUR,1.07336,0.62064995309,0.00043411991532,0.0007,欧洲,FR0000075954,True,EURONEXT:ALRIB,RIBER,,,,Riber,,科技,电子,半导体,法国,7.497270536884713e-05,,,,,,,
FR0010523167,FR0010523167-ALXP,Roctool,ALROC,ALROC,D,EUR,710,EPA,ALXP,Euronext Paris,france,False,R,,Machinery: Industrial,EURONEXT:ALROC,roctool,stock,1.075,7710501.0926,USD,Producer Manufacturing,Industrial Machinery,True,EURONEXT,France,EUR,1.07336,0.077105010926,1.153862e-08,0.0,欧洲,FR0010523167,True,EURONEXT:ALROC,ROCTOOL,,,,Roctool,,制造业,机械,机械加工设备,法国,1.2847842145620528e-09,,,,,,,
FR0000074775,FR0000074775-ALXP,Stradim Espace Finances,ALSAS,ALSAS,D,EUR,710,EPA,ALXP,Euronext Paris,france,False,R,,Real Estate Holding and Development,EURONEXT:ALSAS,,stock,7304.0,20294068.036,USD,Finance,Real Estate Development,True,EURONEXT,France,EUR,1.07336,0.20294068036,7.839821440000001e-05,0.0004,欧洲,FR0000074775,True,EURONEXT:ALSAS,STRADIM,,,,Stradim Espace Finances,,金融,房地产,房地产开发,法国,0.0003405882748917,,,,,,,
FR0012596468,FR0012596468-ALXP,Sensorion SA,ALSEN,ALSEN,D,EUR,710,EPA,ALXP,Euronext Paris,france,False,R,,Biotechnology,EURONEXT:ALSEN,sensorion-sa,stock,1653.244,228623898.7984,USD,Health Technology,Pharmaceuticals: Major,True,EURONEXT,France,EUR,1.07336,2.286238987984,1.77452597984e-05,0.0,欧洲,FR0012596468,True,EURONEXT:ALSEN,SENSORION,,,,Sensorion SA,,医药,制药,主要制药,法国,2.6676319190189404e-06,,,,,,,
FR0011464452,FR0011464452-ALXP,Spineguard SA,ALSGD,ALSGD,D,EUR,710,EPA,ALXP,Euronext Paris,france,False,R,,Medical Equipment,EURONEXT:ALSGD,spineguard-sa,stock,5599.8495,11710849.3317,USD,Health Technology,Medical Specialties,True,EURONEXT,France,EUR,1.07336,0.1171084933169999,6.010654459320001e-05,0.0005,欧洲,FR0011464452,True,EURONEXT:ALSGD,SPINEGUARD,,,,Spineguard SA,,医药,医疗,医疗器械,法国,1.1521386181602012e-05,,,,,,,
FR0000065864,FR0000065864-ALXP,Sogeclair,SOG,ALSOG,D,EUR,710,EPA,ALXP,Euronext Paris,france,False,R,,Engineering and Contracting Services,EURONEXT:ALSOG,sogeclair,stock,669.6,70925811.61009999,USD,Electronic Technology,Aerospace & Defense,True,EURONEXT,France,EUR,1.07336,0.7092581161009999,7.187218560000001e-06,0.0,欧洲,FR0000065864,True,EURONEXT:ALSOG,SOGECLAIR,,,,Sogeclair,,制造业,机械,航空航天与国防,法国,0.0,,,,,,,
FR00140043Y1,FR00140043Y1-ALXP,SPARTOO,ALSPT,ALSPT,D,EUR,710,EPA,ALXP,Euronext Paris,france,False,R,,Apparel Retailers,EURONEXT:ALSPT,,stock,1838.31,8491383.784599999,USD,Retail Trade,Internet Retail,True,EURONEXT,France,EUR,1.07336,0.0849138378459999,1.9731684216e-05,0.0002,欧洲,FR00140043Y1,True,EURONEXT:ALSPT,SPARTOO,,,,SPARTOO,,科技,IT技术,网络零售,法国,6.038098881141502e-07,,,,,,,
FR0010812230,FR0010812230-ALXP,Madvertise SA,ALMNG,ALSRS,D,EUR,710,EPA,ALXP,Euronext Paris,france,False,R,,Media Agencies,EURONEXT:ALSRS,metadvertise,stock,86339.66,19942769.513,USD,Commercial Services,Advertising/Marketing Services,True,EURONEXT,France,EUR,1.07336,0.19942769513,0.000926735374576,0.0046,欧洲,FR0010812230,True,EURONEXT:ALSRS,SIRIUS MEDIA,,,,Madvertise SA,,消费,商业服务,广告营销,法国,0.0009174521023059,,,,,,,
FR0010528059,FR0010528059-ALXP,StreamWide,ALSTW,ALSTW,D,EUR,710,EPA,ALXP,Euronext Paris,france,False,R,,Software,EURONEXT:ALSTW,,stock,417.6,77291301.3715,USD,Communications,Specialty Telecommunications,True,EURONEXT,France,EUR,1.07336,0.772913013715,4.482351360000001e-06,0.0,欧洲,FR0010528059,True,EURONEXT:ALSTW,STREAMWIDE,,,,StreamWide,,科技,通信,电信运营,法国,0.0,,,,,,,
FR0000033219,FR0000033219-XPAR,Altara,ALTA,ALTA,C,EUR,710,EPA,XPAR,Euronext Paris,france,False,R,CX,Retail REITs,EURONEXT:ALTA,altarea,fund,102334.8,1748077625.6913,USD,Finance,Real Estate Development,True,EURONEXT,France,EUR,1.07336,17.480776256913,0.00109842080928,0.0001,欧洲,,,,,,,,Altara,,金融,房地产,房地产开发,法国,0.000179200135561,XPAR,EUR,79.60,1.14,10:08 CEST26 Apr 2024,78.70,25 Apr 2024
FR0011053636,FR0011053636-ALXP,Blockchain Group SA,ALTBG,ALTBG,D,EUR,710,EPA,ALXP,Euronext Paris,france,False,R,,Media Agencies,,,,,,,,,,,,,,,,,,,,,,,,,Blockchain Group SA,,,,,,,,,,,,,
FR0004197747,FR0004197747-ALXP,Theradiag SA,ALTER,ALTER,D,EUR,710,EPA,ALXP,Euronext Paris,france,False,R,,Biotechnology,,,,,,,,,,,,,,,,,,,,,,,,,Theradiag SA,,,,,,,,,,,,,
FR0010120402,FR0010120402-ALXP,Theraclion SA,ALTHE,ALTHE,D,EUR,710,EPA,ALXP,Euronext Paris,france,False,R,,Medical Equipment,EURONEXT:ALTHE,theraclion,stock,245.336,17844304.428799998,USD,Health Technology,Medical Specialties,True,EURONEXT,France,EUR,1.07336,0.1784430442879999,2.6333384896e-06,0.0,欧洲,FR0010120402,True,EURONEXT:ALTHE,THERACLION,,,,Theraclion SA,,医药,医疗,医疗器械,法国,0.0,,,,,,,
FR00140066X4,FR00140066X4-ALXP,METAVISIO,ALTHO,ALTHO,D,EUR,710,EPA,ALXP,Euronext Paris,france,False,R,,Computer Hardware,EURONEXT:ALTHO,,stock,20922.104,17542762.0226,USD,Technology Services,Information Technology Services,True,EURONEXT,France,EUR,1.07336,0.1754276202259999,0.0002245694954944,0.0013,欧洲,FR00140066X4,True,EURONEXT:ALTHO,METAVISIO (THOMSON COMPUTING),,,,METAVISIO,,科技,IT技术,信息技术,法国,0.0004397381692335,,,,,,,
FR0013286259,FR0013286259-ALXP,Theranexus SA,ALTHX,ALTHX,D,EUR,710,EPA,ALXP,Euronext Paris,france,False,R,,Biotechnology,EURONEXT:ALTHX,theranexus-sadir,stock,239.68000000000004,9295678.1541,USD,Health Technology,Pharmaceuticals: Major,True,EURONEXT,France,EUR,1.07336,0.0929567815409999,2.572629248000001e-06,0.0,欧洲,FR0013286259,True,EURONEXT:ALTHX,THERANEXUS,,,,Theranexus SA,,医药,制药,主要制药,法国,0.0,,,,,,,
NL0015000YE1,NL0015000YE1-ALXP,TME PHARMA,ALTME,ALTME,D,EUR,710,EPA,ALXP,Euronext Paris,france,False,R,,Biotechnology,EURONEXT:ALTME,tme-pharma-nv,stock,51068.3455,7565991.2394,USD,Health Technology,Biotechnology,True,EURONEXT,Germany,EUR,1.07336,0.075659912394,0.0005481471932588,0.0072,欧洲,NL0015000YE1,True,EURONEXT:ALTME,TME PHARMA,,,,TME PHARMA,,医药,医疗,生物技术,法国,0.0015888950168439,,,,,,,
FR0004016699,FR0004016699-ALXP,Tunnel Prado Carnage,SMTPC,ALTPC,D,EUR,710,EPA,ALXP,Euronext Paris,france,False,R,,Transportation Services,EURONEXT:ALTPC,smtpc,stock,2190.0,187230399.9477,USD,Transportation,Other Transportation,True,EURONEXT,France,EUR,1.07336,1.872303999477,2.3506584e-05,0.0,欧洲,FR0004016699,True,EURONEXT:ALTPC,SMTPC,,,,Tunnel Prado Carnage,,制造业,运输,其他交通,法国,7.54344935147085e-07,,,,,,,
PTALT0AE0002,PTALT0AE0002-XLIS,Altri,ALTR,ALTR,D,EUR,560,ELI,XLIS,Euronext Lisbon,portugal,False,R,,Paper,EURONEXT:ALTR,altri-sgps,stock,38240.8,1142032214.9262998,USD,Process Industries,Pulp & Paper,True,EURONEXT,Portugal,EUR,1.07336,11.420322149263,0.00041046145088,0.0,欧洲,PTALT0AE0002,True,EURONEXT:ALTR,ALTRI SGPS,,,,Altri,,制造业,化工,造纸,葡萄牙,2.7911008486623768e-06,,,,,,,
FR0010397901,FR0010397901-ALXP,Trilogiq,ALTRI,ALTRI,D,EUR,710,EPA,ALXP,Euronext Paris,france,False,R,,Machinery: Industrial,EURONEXT:ALTRI,,stock,103.55,21853150.5973,USD,Non-Energy Minerals,Steel,True,EURONEXT,France,EUR,1.07336,0.218531505973,1.11146428e-06,0.0,欧洲,FR0010397901,True,EURONEXT:ALTRI,TRILOGIQ,,,,Trilogiq,,资源,矿产,钢,法国,3.44717848928834e-07,,,,,,,
FR0004175099,FR0004175099-ALXP,TronicS Microsystems SA,ALTRO,ALTRO,D,EUR,710,EPA,ALXP,Euronext Paris,france,False,R,,Semiconductors,EURONEXT:ALTRO,,stock,350.0,33964604.0348,USD,Electronic Technology,Semiconductors,True,EURONEXT,France,EUR,1.07336,0.339646040348,3.75676e-06,0.0,欧洲,FR0004175099,True,EURONEXT:ALTRO,TRONIC'S MICROSYSTEMS,,,,TronicS Microsystems SA,,科技,电子,半导体,法国,0.0,,,,,,,
FR0010383877,FR0010383877-ALXP,TTI,ALTTI,ALTTI,D,EUR,710,EPA,ALXP,Euronext Paris,france,False,R,,Software,EURONEXT:ALTTI,,stock,22.6,22774501.2089,USD,Technology Services,Packaged Software,True,EURONEXT,France,EUR,1.07336,0.227745012089,2.4257936e-07,0.0,欧洲,FR0010383877,True,EURONEXT:ALTTI,TRAVEL TECHNOLOGY,,,,TTI,,科技,IT技术,软件开发,法国,9.929194032512054e-06,,,,,,,
FR0010395681,FR0010395681-XPAR,Turenne Investissement,ALTUR,ALTUR,D,EUR,710,EPA,XPAR,Euronext Paris,france,False,R,,Asset Managers and Custodians,,,,,,,,,,,,,,,,,,,,,,,,,Turenne Investissement,,,,,,,,,,,,,
FR0013345493,FR0013345493-ALXP,Bio-UV Group SA,ALTUV,ALTUV,D,EUR,710,EPA,ALXP,Euronext Paris,france,False,R,,Electronic Equipment: Control and Filter,EURONEXT:ALTUV,bio-uv-sas,stock,11.95,25902055.6746,USD,Producer Manufacturing,Industrial Machinery,True,EURONEXT,France,EUR,1.07336,0.259020556746,1.2826652000000005e-07,0.0,欧洲,FR0013345493,True,EURONEXT:ALTUV,BIO-UV,,,,Bio-UV Group SA,,制造业,机械,机械加工设备,法国,1.033882191865621e-08,,,,,,,
FR0004166197,FR0004166197-ALXP,Evolis,ALTVO,ALTVO,D,EUR,710,EPA,ALXP,Euronext Paris,france,False,R,,Computer Hardware,,,,,,,,,,,,,,,,,,,,,,,,,Evolis,,,,,,,,,,,,,
FR0010654087,FR0010654087-ALXP,TXCOM,ALTXC,ALTXC,D,EUR,710,EPA,ALXP,Euronext Paris,france,False,R,,Telecommunications Equipment,EURONEXT:ALTXC,,stock,18107.1,13026053.548,USD,Electronic Technology,Electronic Equipment/Instruments,True,EURONEXT,France,EUR,1.07336,0.13026053548,0.00019435436856,0.0015,欧洲,FR0010654087,True,EURONEXT:ALTXC,TXCOM,,,,TXCOM,,科技,电子,仪器设备,法国,0.0003982632592914,,,,,,,
FR0000079147,FR0000079147-ALXP,U10 CORP.,ALU10,ALU10,D,EUR,710,EPA,ALXP,Euronext Paris,france,False,R,,Household Furnishings,EURONEXT:ALU10,u10,stock,1.14,20845450.8538,USD,Distribution Services,Wholesale Distributors,True,EURONEXT,France,EUR,1.07336,0.208454508538,1.2236304e-08,0.0,欧洲,FR0000079147,True,EURONEXT:ALU10,U10 CORP,,,,U10 CORP.,,消费,经销商,批发经销商,法国,0.0,,,,,,,
FR0011884378,FR0011884378-ALXP,Lucibel SA,ALUCI,ALUCI,D,EUR,710,EPA,ALXP,Euronext Paris,france,False,R,,Electronic Equipment: Other,EURONEXT:ALUCI,lucibel-sa,stock,819.0,9628273.0799,USD,Electronic Technology,Semiconductors,True,EURONEXT,France,EUR,1.07336,0.096282730799,8.790818400000001e-06,0.0001,欧洲,FR0011884378,True,EURONEXT:ALUCI,LUCIBEL,,,,Lucibel SA,,科技,电子,半导体,法国,2.523257788844683e-07,,,,,,,
FR0012709160,FR0012709160-ALXP,Uniti SA,MLUNT,ALUNT,D,EUR,710,EPA,ALXP,Euronext Paris,france,False,R,,Residential REITs,EURONEXT:ALUNT,,stock,11923.12,22162005.5994,USD,Finance,Real Estate Development,True,EURONEXT,France,EUR,1.07336,0.2216200559939999,0.000127978000832,0.0006,欧洲,FR0012709160,True,EURONEXT:ALUNT,UNITI,,,,Uniti SA,,金融,房地产,房地产开发,法国,0.0042578189141796,,,,,,,
FR0010337865,FR0010337865-ALXP,VDI Group,ALVDI,ALUPG,D,EUR,710,EPA,ALXP,Euronext Paris,france,False,R,,Diversified Retailers,EURONEXT:ALUPG,upergy,stock,196.95,9645042.599,USD,Distribution Services,Wholesale Distributors,True,EURONEXT,France,EUR,1.07336,0.0964504259899999,2.11398252e-06,0.0,欧洲,FR0010337865,True,EURONEXT:ALUPG,UPERGY,,,,VDI Group,,消费,经销商,批发经销商,法国,8.909211662610433e-07,,,,,,,
FR0011898584,FR0011898584-ALXP,UV Germi SA,ALUVI,ALUVI,D,EUR,710,EPA,ALXP,Euronext Paris,france,False,R,,Electronic Equipment: Pollution Control,EURONEXT:ALUVI,uv-germi-sa,stock,15090.18,12005486.768,USD,Producer Manufacturing,Industrial Machinery,True,EURONEXT,France,EUR,1.07336,0.12005486768,0.000161971956048,0.0013,欧洲,FR0011898584,True,EURONEXT:ALUVI,UV GERMI,,,,UV Germi SA,,制造业,机械,机械加工设备,法国,0.0007487805741516,,,,,,,
FR0013254851,FR0013254851-ALXP,Valbiotis SA,ALVAL,ALVAL,D,EUR,710,EPA,ALXP,Euronext Paris,france,False,R,,Biotechnology,EURONEXT:ALVAL,valbiotis-sas,stock,33371.8,67125487.59459999,USD,Health Technology,Biotechnology,True,EURONEXT,France,EUR,1.07336,0.671254875946,0.00035819955248,0.0005,欧洲,FR0013254851,True,EURONEXT:ALVAL,VALBIOTIS,,,,Valbiotis SA,,医药,医疗,生物技术,法国,4.756644905018389e-05,,,,,,,
FR0013419876,FR0013419876-ALXP,KUMULUS VAPE,MLVAP,ALVAP,D,EUR,710,EPA,ALXP,Euronext Paris,france,False,R,,Specialty Retailers,EURONEXT:ALVAP,,stock,6.68,21973974.1618,USD,Retail Trade,Specialty Stores,True,EURONEXT,France,EUR,1.07336,0.219739741618,7.1700448e-08,0.0,欧洲,FR0013419876,True,EURONEXT:ALVAP,KUMULUS VAPE,,,,KUMULUS VAPE,,消费,零售,专卖店,法国,0.0,,,,,,,
FR0004045847,FR0004045847-ALXP,Voyageurs du Monde,ALVDM,ALVDM,D,EUR,710,EPA,ALXP,Euronext Paris,france,False,R,,Travel and Tourism,EURONEXT:ALVDM,voyageurs-du-monde,stock,11344.0,653808823.1919,USD,Consumer Services,Other Consumer Services,True,EURONEXT,France,EUR,1.07336,6.538088231919001,0.0001217619584,0.0,欧洲,FR0004045847,True,EURONEXT:ALVDM,VOYAGEURS DU MONDE,,,,Voyageurs du Monde,,消费,可选消费,其他消费者服务,法国,4.079008794760894e-06,,,,,,,
FR0013530102,FR0013530102-ALXP,VEOM Group,ALVG,ALVG,D,EUR,710,EPA,ALXP,Euronext Paris,france,False,R,,Consumer Electronics,,,,,,,,,,,,,,,,,,,,,,,,,VEOM Group,,,,,,,,,,,,,
FR0011532225,FR0011532225-ALXP,Vogo SA,ALVGO,ALVGO,D,EUR,710,EPA,ALXP,Euronext Paris,france,False,R,,Software,EURONEXT:ALVGO,vogo-saca,stock,1300.0,27191782.1932,USD,Technology Services,Packaged Software,True,EURONEXT,France,EUR,1.07336,0.271917821932,1.3953680000000002e-05,0.0001,欧洲,FR0011532225,True,EURONEXT:ALVGO,VOGO,,,,Vogo SA,,科技,IT技术,软件开发,法国,6.864739797713455e-06,,,,,,,
FR0010326090,FR0010326090-ALXP,Vialife,ALVIA,ALVIA,D,EUR,710,EPA,ALXP,Euronext Paris,france,False,R,,Specialty Retailers,,,,,,,,,,,,,,,,,,,,,,,,,Vialife,,,,,,,,,,,,,
FR0010095596,FR0010095596-ALXP,Onxeo,ONXEO,ALVIO,D,EUR,710,EPA,ALXP,Euronext Paris,france,False,R,,Biotechnology,EURONEXT:ALVIO,onxeo-sa,stock,426.144,18675653.365,USD,Health Technology,Pharmaceuticals: Major,True,EURONEXT,France,EUR,1.07336,0.1867565336499999,4.574059238400001e-06,0.0,欧洲,FR0010095596,True,EURONEXT:ALVIO,VALERIO THERAPEUTICS,,,,Onxeo,,医药,制药,主要制药,法国,6.2443957327237745e-06,,,,,,,
FR0004029478,FR0004029478-ALXP,Visiativ SA,ALVIV,ALVIV,D,EUR,710,EPA,ALXP,Euronext Paris,france,False,R,,Computer Services,EURONEXT:ALVIV,visiativ-sa,stock,108.6,174873043.9803,USD,Technology Services,Information Technology Services,True,EURONEXT,France,EUR,1.07336,1.748730439803,1.1656689600000002e-06,0.0,欧洲,FR0004029478,True,EURONEXT:ALVIV,VISIATIV,,,,Visiativ SA,,科技,IT技术,信息技术,法国,2.7147762305697026e-08,,,,,,,
FR0013481835,FR0013481835-ALXP,Visiomed Group SA,ALVMG,ALVMG,D,EUR,710,EPA,ALXP,Euronext Paris,france,False,R,,Medical Equipment,EURONEXT:ALVMG,visiomed,stock,24584.364,58092785.0636,USD,Health Technology,Medical Specialties,True,EURONEXT,France,EUR,1.07336,0.5809278506359999,0.0002638787294304,0.0005,欧洲,FR0013481835,True,EURONEXT:ALVMG,VISIOMED,,,,Visiomed Group SA,,医药,医疗,医疗器械,法国,9.000740606041624e-05,,,,,,,
FR0010766667,FR0010766667-ALXP,Vente-Unique.Com SA,ALVU,ALVU,D,EUR,710,EPA,ALXP,Euronext Paris,france,False,R,,Home Improvement Retailers,EURONEXT:ALVU,vente-uniquecom-sa,stock,1101.6,139858207.647,USD,Retail Trade,Internet Retail,True,EURONEXT,France,EUR,1.07336,1.39858207647,1.182413376e-05,0.0,欧洲,FR0010766667,True,EURONEXT:ALVU,VENTE UNIQUE.COM,,,,Vente-Unique.Com SA,,科技,IT技术,网络零售,法国,0.0,,,,,,,
IT0004359037,IT0004359037-MTAA,algoWatt,ALW,ALW,D,EUR,608,MIL,MTAA,Borsa Italiana S.p.A.,italy,False,D15,,Alternative Electricity,MIL:ALW,algowatt-spa,stock,879.7,11516525.4359,USD,Technology Services,Packaged Software,True,MIL,Italy,EUR,1.07336,0.1151652543589999,9.44234792e-06,0.0001,欧洲,IT0004359037,True,MIL:ALW,ALGOWATT,,,,algoWatt,,科技,IT技术,软件开发,意大利,1.7731838495638222e-06,MTAA,EUR,0.2315,-0.64,09:47 CEST26 Apr 2024,0.233,25 Apr 2024
FR0013079092,FR0013079092-ALXP,We. Connect SA,ALWEC,ALWEC,D,EUR,710,EPA,ALXP,Euronext Paris,france,False,R,,Specialty Retailers,EURONEXT:ALWEC,we-connect,stock,1940.0,58102785.8457,USD,Electronic Technology,Computer Peripherals,True,EURONEXT,France,EUR,1.07336,0.581027858457,2.0823184e-05,0.0,欧洲,FR0013079092,True,EURONEXT:ALWEC,WE.CONNECT,,,,We. Connect SA,,科技,电子,电脑周边,法国,2.0098384964359663e-06,,,,,,,
FR0010688440,FR0010688440-ALXP,WEDIA,ALWED,ALWED,D,EUR,710,EPA,ALXP,Euronext Paris,france,False,R,,Software,EURONEXT:ALWED,,stock,23.6,21579348.2131,USD,Technology Services,Information Technology Services,True,EURONEXT,France,EUR,1.07336,0.215793482131,2.533129600000001e-07,0.0,欧洲,FR0010688440,True,EURONEXT:ALWED,WEDIA,,,,WEDIA,,科技,IT技术,信息技术,法国,0.0,,,,,,,
FR0014000P11,FR0014000P11-ALXP,Winfarm SA,ALWF,ALWF,D,EUR,710,EPA,ALXP,Euronext Paris,france,False,R,,Farming/Fishing/Ranching and Plantations,EURONEXT:ALWF,,stock,4.94,10585785.4812,USD,Distribution Services,Wholesale Distributors,True,EURONEXT,France,EUR,1.07336,0.105857854812,5.3023984000000014e-08,0.0,欧洲,FR0014000P11,True,EURONEXT:ALWF,WINFARM,,,,Winfarm SA,,消费,经销商,批发经销商,法国,1.2690281642114511e-09,,,,,,,
FR0013143872,FR0013143872-ALXP,Witbe SA,ALWIT,ALWIT,D,EUR,710,EPA,ALXP,Euronext Paris,france,False,R,,Software,EURONEXT:ALWIT,witbenet,stock,3.9,17213976.254499998,USD,Technology Services,Packaged Software,True,EURONEXT,France,EUR,1.07336,0.172139762545,4.186104e-08,0.0,欧洲,FR0013143872,True,EURONEXT:ALWIT,WITBE,,,,Witbe SA,,科技,IT技术,软件开发,法国,0.0,,,,,,,
NL0012194724,NL0012194724-XAMS,Alumexx,ALX,ALX,D,EUR,200,EAM,XAMS,Euronext Amsterdam,netherlands,False,R,,Chemicals: Diversified,EURONEXT:ALX,alumexx-n-v,stock,7733.849999999999,10580765.2452,USD,Non-Energy Minerals,Aluminum,True,EURONEXT,Netherlands,EUR,1.07336,0.105807652452,8.301205236e-05,0.0008,欧洲,NL0012194724,True,EURONEXT:ALX,ALUMEXX N.V.,,,,Alumexx,,资源,矿产,铝,荷兰,1.8737292726592745e-05,,,,,,,
FR0014004L86,FR0014004L86-XPAR,达索航空,AM,AM,A,EUR,710,EPA,XPAR,Euronext Paris,france,False,R,CX,Aerospace,EURONEXT:AM,dassault-aviation,stock,510540.0,17023631894.4137,USD,Electronic Technology,Aerospace & Defense,True,EURONEXT,France,EUR,1.07336,170.236318944137,0.005479932144,0.0,欧洲,FR0014004L86,True,EURONEXT:AM,DASSAULT AVIATION,,,达索航空,DASSAULT AVIATION,达索航空,制造业,机械,航空航天与国防,法国,7.978621041979378e-05,XPAR,EUR,201.00,-0.4,10:08 CEST26 Apr 2024,201.80,25 Apr 2024
NL0000888691,NL0000888691-XAMS,Advanced Metallurgical Group,AMG,AMG,B,EUR,200,EAM,XAMS,Euronext Amsterdam,netherlands,False,R,CX,Machinery: Industrial,EURONEXT:AMG,amg-advanced-metallurgical-group,stock,427892.0,744024434.6618,USD,Non-Energy Minerals,Other Metals/Minerals,True,EURONEXT,Netherlands,EUR,1.07336,7.440244346618,0.0045928215712,0.0006,欧洲,NL0000888691,True,EURONEXT:AMG,AMG CRITICAL MATERIALS N.V.,,,,Advanced Metallurgical Group,,资源,矿产,其他金属,荷兰,0.0005828232904201,XAMS,EUR,22.90,-1.38,10:08 CEST26 Apr 2024,23.22,25 Apr 2024
IT0004056880,IT0004056880-MTAA,Amplifon,AMP,AMP,A,EUR,608,MIL,MTAA,Borsa Italiana S.p.A.,italy,False,CX,D15,Medical Supplies,MIL:AMP,amplifon,stock,1550393.16,7480144143.9724,USD,Distribution Services,Medical Distributors,True,MIL,Italy,EUR,1.07336,74.801441439724,0.016641300022176,0.0002,欧洲,IT0004056880,True,MIL:AMP,AMPLIFON,,,,Amplifon,,消费,经销商,医疗经销商,意大利,0.0029918385479253,MTAA,EUR,31.60,1.87,10:08 CEST26 Apr 2024,31.02,25 Apr 2024
FR0012789667,FR0012789667-XPAR,Amplitude Surgical SA,AMPLI,AMPLI,D,EUR,710,EPA,XPAR,Euronext Paris,france,False,R,,Medical Equipment,EURONEXT:AMPLI,,stock,41391.0,154535864.1313,USD,Health Technology,Medical Specialties,True,EURONEXT,France,EUR,1.07336,1.545358641313,0.0004442744376,0.0003,欧洲,FR0012789667,True,EURONEXT:AMPLI,AMPLITUDE SURGICAL,,,,Amplitude Surgical SA,,医药,医疗,医疗器械,法国,0.0001551396974496,,,,,,,
FR0004125920,FR0004125920-XPAR,东方汇理,AMUN,AMUN,B,EUR,710,EPA,XPAR,Euronext Paris,france,True,R,,Asset Managers and Custodians,EURONEXT:AMUN,amundi,stock,6283676.25,13928959979.8772,USD,Finance,Investment Managers,True,EURONEXT,France,EUR,1.07336,139.289599798772,0.067446467397,0.0005,欧洲,FR0004125920,True,EURONEXT:AMUN,AMUNDI,,,东方汇理,Amundi SA,东方汇理,金融,资产管理,投资经理,法国,0.0843765437042559,XPAR,EUR,68.15,7.07,10:08 CEST26 Apr 2024,63.65,25 Apr 2024
NL0010696704,NL0010696704-XAMS,Almunda Professional N.V.,NOVI,AMUND,D,EUR,200,EAM,XAMS,Euronext Amsterdam,netherlands,False,R,,Professional Business Support Services,EURONEXT:AMUND,almunda-professional-n-v,stock,387.0,21158318.8266,USD,Commercial Services,Miscellaneous Commercial Services,True,EURONEXT,Netherlands,EUR,1.07336,0.211583188266,4.1539032e-06,0.0,欧洲,NL0010696704,True,EURONEXT:AMUND,ALMUNDA PROFESSIONAL N.V.,,,,Almunda Professional N.V.,,消费,商业服务,综合商业,荷兰,1.65290509605357e-05,,,,,,,
IT0004998065,IT0004998065-MTAA,Anima Holding,ANIM,ANIM,B,EUR,608,MIL,MTAA,Borsa Italiana S.p.A.,italy,False,CX,D15,Asset Managers and Custodians,MIL:ANIM,anima,stock,67422.61799999999,1477901387.9897,USD,Finance,Investment Managers,True,MIL,Italy,EUR,1.07336,14.779013879897,0.0007236874125647,0.0,欧洲,IT0004998065,True,MIL:ANIM,ANIMA HOLDING,,,,Anima Holding,,金融,资产管理,投资经理,意大利,5.073436615060091e-05,MTAA,EUR,4.372,1.06,09:59 CEST26 Apr 2024,4.326,25 Apr 2024
FR0014005AL0,FR0014005AL0-XPAR,ANTIN INFRA PARTN,ANTIN,ANTIN,C,EUR,710,EPA,XPAR,Euronext Paris,france,False,R,,Asset Managers and Custodians,EURONEXT:ANTIN,antin-infrastructure-partners,stock,39664.66,2356625026.6084,USD,Finance,Investment Managers,True,EURONEXT,France,EUR,1.07336,23.566250266084,0.000425744594576,0.0,欧洲,FR0014005AL0,True,EURONEXT:ANTIN,ANTIN INFRASTRUCTURE PARTNERS,,,,ANTIN INFRA PARTN,,金融,资产管理,投资经理,法国,0.0002325210207604,XPAR,EUR,12.54,2.28,09:53 CEST26 Apr 2024,12.26,25 Apr 2024
LU0569974404,LU0569974404-XAMS,Aperam SA,APAM,APAM,B,EUR,200,EAM,XAMS,Euronext Amsterdam,netherlands,True,R,CX,Iron and Steel,EURONEXT:APAM,aperam,stock,367360.82,2229811872.1718,USD,Non-Energy Minerals,Steel,True,EURONEXT,Luxembourg,EUR,1.07336,22.298118721718,0.003943104097552,0.0002,欧洲,LU0569974404,True,EURONEXT:APAM,APERAM,,,,Aperam SA,,资源,矿产,钢,荷兰,0.0006993559544722,"XAMS, XBRU, XPAR",EUR,27.70,1.24,10:06 CEST26 Apr 2024,27.36,25 Apr 2024
FR0014003U94,FR0014003U94-XPAR,ARAMIS PROMESSES,ARAMI,ARAMI,D,EUR,710,EPA,XPAR,Euronext Paris,france,False,R,,Specialty Retailers,EURONEXT:ARAMI,aramis-sa,stock,112759.2,310192438.0238,USD,Retail Trade,Internet Retail,True,EURONEXT,France,EUR,1.07336,3.101924380238,0.00121031214912,0.0004,欧洲,FR0014003U94,True,EURONEXT:ARAMI,ARAMIS,,,,ARAMIS PROMESSES,,科技,IT技术,网络零售,法国,0.0012770071375779,XPAR,EUR,3.56,2.01,09:54 CEST26 Apr 2024,3.49,25 Apr 2024
NL0006237562,NL0006237562-XAMS,Arcadis,ARCAD,ARCAD,B,EUR,200,EAM,XAMS,Euronext Amsterdam,netherlands,True,R,CX,Engineering and Contracting Services,EURONEXT:ARCAD,arcadis,stock,842329.0,5763441333.8142,USD,Industrial Services,Engineering & Construction,True,EURONEXT,Netherlands,EUR,1.07336,57.634413338142,0.0090412225544,0.0002,欧洲,NL0006237562,True,EURONEXT:ARCAD,ARCADIS,,,,Arcadis,,制造业,建筑业,建筑工程,荷兰,0.000387976659186,XAMS,EUR,60.90,0.58,10:01 CEST26 Apr 2024,60.55,25 Apr 2024
FR0000039216,FR0000039216-XPAR,Altareit,AREIT,AREIT,D,EUR,710,EPA,XPAR,Euronext Paris,france,False,R,,Real Estate Holding and Development,EURONEXT:AREIT,altareit,stock,462.0,867402310.2564,USD,Finance,Real Estate Investment Trusts,True,EURONEXT,France,EUR,1.07336,8.674023102564,4.9589232e-06,0.0,欧洲,FR0000039216,True,EURONEXT:AREIT,ALTAREIT,,,,Altareit,,金融,房地产,房地产投资信托,法国,0.0,XPAR,EUR,462.00,0,09:00 CEST26 Apr 2024,462.00,25 Apr 2024
FR0010481960,FR0010481960-XPAR,Argan,ARG,ARG,B,EUR,710,EPA,XPAR,Euronext Paris,france,False,R,,Office REITs,EURONEXT:ARG,argan,fund,143966.80000000002,1795282565.8261,USD,Finance,Real Estate Development,True,EURONEXT,France,EUR,1.07336,17.952825658261,0.00154528204448,0.0001,欧洲,,,,,,,,Argan,,金融,房地产,房地产开发,法国,0.0001272522344901,XPAR,EUR,72.10,0.7,10:08 CEST26 Apr 2024,71.60,25 Apr 2024
NL0010832176,NL0010832176-XBRU,argenx,ARGX,ARGX,B,EUR,320,EBR,XBRU,Euronext Brussels,belgium,True,R,,Biotechnology,EURONEXT:ARGX,argenx,stock,427234.5,22070846024.802498,USD,Health Technology,Pharmaceuticals: Other,True,EURONEXT,Netherlands,EUR,1.07336,220.70846024802495,0.0045857642292,0.0,欧洲,NL0010832176,True,EURONEXT:ARGX,ARGENX SE,,,argenx,argenx SE,argenx,医药,制药,其他制药,比利时,3.74187282324619e-06,XBRU,EUR,346.30,0.03,10:04 CEST26 Apr 2024,346.20,25 Apr 2024
NL0015000N33,NL0015000N33-MTAA,ARISTON HOLDING,ARIS,ARIS,B,EUR,608,MIL,MTAA,Borsa Italiana S.p.A.,italy,False,CX,D15,Building: Climate Control,MIL:ARIS,ariston,stock,242260.848,1766313816.393,USD,Producer Manufacturing,Industrial Machinery,True,MIL,Italy,EUR,1.07336,17.66313816393,0.0026003310380928,0.0001,欧洲,NL0015000N33,True,MIL:ARIS,ARISTON HOLDING,,,,ARISTON HOLDING,,制造业,机械,机械加工设备,意大利,0.0007704761135425,MTAA,EUR,4.834,2.46,10:08 CEST26 Apr 2024,4.718,25 Apr 2024
IT0004720733,IT0004720733-MTAA,Alerion Clean Power,ARN,ARN,C,EUR,608,MIL,MTAA,Borsa Italiana S.p.A.,italy,False,CX,D15,Alternative Electricity,MIL:ARN,alerion,stock,8761.8,995337700.9063,USD,Utilities,Alternative Power Generation,True,MIL,Italy,EUR,1.07336,9.953377009063,9.404565648e-05,0.0,欧洲,IT0004720733,True,MIL:ARN,ALERION,,,,Alerion Clean Power,,公用事业,电力,新能源发电,意大利,9.470538107040834e-07,MTAA,EUR,17.18,0.23,09:51 CEST26 Apr 2024,17.14,25 Apr 2024
FR0012185536,FR0012185536-XPAR,Artea SA,ARTE,ARTE,D,EUR,710,EPA,XPAR,Euronext Paris,france,False,R,,Real Estate Holding and Development,EURONEXT:ARTE,,stock,13.9,70687915.71299998,USD,Finance,Real Estate Development,True,EURONEXT,France,EUR,1.07336,0.7068791571299998,1.4919704000000002e-07,0.0,欧洲,FR0012185536,True,EURONEXT:ARTE,ARTEA,,,,Artea SA,,金融,房地产,房地产开发,法国,0.0,XPAR,EUR,13.90,0,09:00 CEST26 Apr 2024,13.90,25 Apr 2024
FR0000076952,FR0000076952-XPAR,Artois,ARTO,ARTO,D,EUR,710,EPA,XPAR,Euronext Paris,france,False,R,,Mortgage Finance,EURONEXT:ARTO,artois-nom,stock,105000.0,1427763732.181,USD,Electronic Technology,Computer Peripherals,True,EURONEXT,France,EUR,1.07336,14.27763732181,0.001127028,0.0001,欧洲,FR0000076952,True,EURONEXT:ARTO,ARTOIS NOM.,,,,Artois,,科技,电子,电脑周边,法国,0.0,,,,,,,
IT0004093263,IT0004093263-MTAA,Ascopiave,ASC,ASC,C,EUR,608,MIL,MTAA,Borsa Italiana S.p.A.,italy,False,CX,D15,Gas Distribution,MIL:ASC,ascopiave,stock,10875.48,559077855.9221001,USD,Utilities,Gas Distributors,True,MIL,Italy,EUR,1.07336,5.590778559221,0.000116733052128,0.0,欧洲,IT0004093263,True,MIL:ASC,ASCOPIAVE,,,,Ascopiave,,公用事业,燃气,燃气,意大利,7.981000248297934e-06,MTAA,EUR,2.415,0.42,10:03 CEST26 Apr 2024,2.405,25 Apr 2024
BE0003856730,BE0003856730-XBRU,Ascencio,ASC,ASCE,D,EUR,320,EBR,XBRU,Euronext Brussels,belgium,False,R,,Retail REITs,EURONEXT:ASCE,ascencio,fund,9456.0,339270856.0141,USD,Finance,Real Estate Investment Trusts,True,EURONEXT,Belgium,EUR,1.07336,3.392708560141,0.0001014969216,0.0,欧洲,,,,,,,,Ascencio,,金融,房地产,房地产投资信托,比利时,3.054604468254704e-07,XBRU,EUR,48.15,0.42,09:59 CEST26 Apr 2024,47.95,25 Apr 2024
NL0000334118,NL0000334118-XAMS,ASM,ASM,ASM,B,EUR,200,EAM,XAMS,Euronext Amsterdam,netherlands,True,R,,Production Technology Equipment,EURONEXT:ASM,asm-international,stock,28873920.0,30420842308.0732,USD,Producer Manufacturing,Semiconductors,True,EURONEXT,Netherlands,EUR,1.07336,304.208423080732,0.309921107712,0.001,欧洲,NL0000334118,True,EURONEXT:ASM,ASM INTERNATIONAL N.V.,ASM,Semiconductors,ASM,ASM International,ASM,科技,电子,半导体,荷兰,0.1976893031477727,XAMS,EUR,610.20,4.92,10:08 CEST26 Apr 2024,581.60,25 Apr 2024
NL0010273215,NL0010273215-XAMS,ASML,ASML,ASML,A,EUR,200,EAM,XAMS,Euronext Amsterdam,netherlands,True,R,CX,Production Technology Equipment,EURONEXT:ASML,asml,stock,49731475.2,351840981787.2879,USD,Electronic Technology,Semiconductors,True,EURONEXT,Netherlands,EUR,1.07336,3518.409817872879,0.5337977622067201,0.0002,欧洲,NL0010273215,True,EURONEXT:ASML,ASML Holding,ASML,Semiconductors,ASML,ASML Holding,ASML,科技,电子,半导体,荷兰,0.0803956033530588,XAMS,EUR,849.80,2.14,10:08 CEST26 Apr 2024,833.70,25 Apr 2024
NL0011872643,NL0011872643-XAMS,ASR Nederland,ASRNL,ASRNL,B,EUR,200,EAM,XAMS,Euronext Amsterdam,netherlands,True,R,,Full Line Insurance,EURONEXT:ASRNL,asr-nederland,stock,1547514.72,10405757806.9275,USD,Finance,Multi-Line Insurance,True,EURONEXT,Netherlands,EUR,1.07336,104.057578069275,0.016610403998592,0.0002,欧洲,NL0011872643,True,EURONEXT:ASRNL,ASR NEDERLAND,,,ASR Nederland,ASR Nederland,,金融,保险,多险种保险,荷兰,0.0004208932454296,XAMS,EUR,46.46,0.3,10:08 CEST26 Apr 2024,46.32,25 Apr 2024
FR0000074148,FR0000074148-XPAR,Assystem,ASY,ASY,D,EUR,710,EPA,XPAR,Euronext Paris,france,False,R,,Engineering and Contracting Services,EURONEXT:ASY,assystem,stock,109354.0,833558297.0102,USD,Industrial Services,Engineering & Construction,True,EURONEXT,France,EUR,1.07336,8.335582970102001,0.0011737620944,0.0001,欧洲,FR0000074148,True,EURONEXT:ASY,ASSYSTEM,,,,Assystem,,制造业,建筑业,建筑工程,法国,0.0003070727030699,XPAR,EUR,53.70,1.9,10:02 CEST26 Apr 2024,52.70,25 Apr 2024
FR0000071946,FR0000071946-XPAR,Alten,ATE,ATE,A,EUR,710,EPA,XPAR,Euronext Paris,france,True,R,CX,Computer Services,EURONEXT:ATE,alten,stock,3414109.8,4804538819.5115,USD,Industrial Services,Engineering & Construction,True,EURONEXT,France,EUR,1.07336,48.045388195115,0.03664568894928,0.0008,欧洲,FR0000071946,True,EURONEXT:ATE,ALTEN,,,,Alten,,制造业,建筑业,建筑工程,法国,0.0462151747783696,XPAR,EUR,120.70,-6.36,10:08 CEST26 Apr 2024,128.90,25 Apr 2024
BE0003837540,BE0003837540-XBRU,Atenor,ATEB,ATEB,D,EUR,320,EBR,XBRU,Euronext Brussels,belgium,False,R,,Real Estate Holding and Development,EURONEXT:ATEB,atenor,stock,8558.56,276239361.22319996,USD,Finance,Real Estate Development,True,EURONEXT,Belgium,EUR,1.07336,2.7623936122319996,9.1864159616e-05,0.0,欧洲,BE0003837540,True,EURONEXT:ATEB,ATENOR,,,,Atenor,,金融,房地产,房地产开发,比利时,5.4303643227146016e-06,XBRU,EUR,5.96,0.51,10:02 CEST26 Apr 2024,5.93,25 Apr 2024
FR0011992700,FR0011992700-XPAR,Ateme SA,ATEME,ATEME,D,EUR,710,EPA,XPAR,Euronext Paris,france,False,R,,Software,EURONEXT:ATEME,ateme-sa,stock,138196.6,83760288.447,USD,Electronic Technology,Telecommunications Equipment,True,EURONEXT,France,EUR,1.07336,0.83760288447,0.00148334702576,0.0018,欧洲,FR0011992700,True,EURONEXT:ATEME,ATEME,,,,Ateme SA,,科技,通信,通信设备,法国,0.0192504297454585,XPAR,EUR,5.90,-13.24,10:02 CEST26 Apr 2024,6.80,25 Apr 2024
FR0013455482,FR0013455482-XPAR,Fonciere Atland SA,FATL,ATLD,D,EUR,710,EPA,XPAR,Euronext Paris,france,False,R,,Industrial REITs,EURONEXT:ATLD,atland,fund,448.0,210071625.242,USD,Finance,Real Estate Investment Trusts,True,EURONEXT,France,EUR,1.07336,2.10071625242,4.8086528e-06,0.0,欧洲,,,,,,,,Fonciere Atland SA,,金融,房地产,房地产投资信托,法国,8.38750560519537e-18,XPAR,EUR,44.80,0,09:00 CEST26 Apr 2024,44.80,25 Apr 2024
FR0000051732,FR0000051732-XPAR,Atos,ATO,ATO,C,EUR,710,EPA,XPAR,Euronext Paris,france,False,R,,Computer Services,EURONEXT:ATO,atos,stock,292929.328,225884141.4732,USD,Technology Services,Information Technology Services,True,EURONEXT,France,EUR,1.07336,2.2588414147319997,0.0031441862350208,0.0014,欧洲,FR0000051732,True,EURONEXT:ATO,ATOS,,,,Atos,,科技,IT技术,信息技术,法国,0.0004512013726574,XPAR,EUR,1.891,0.03,10:08 CEST26 Apr 2024,1.8905,25 Apr 2024
FR0000063737,FR0000063737-XPAR,Aubay,AUB,AUB,D,EUR,710,EPA,XPAR,Euronext Paris,france,False,R,,Computer Services,EURONEXT:AUB,aubay,stock,358769.55,557262513.9124,USD,Commercial Services,Miscellaneous Commercial Services,True,EURONEXT,France,EUR,1.07336,5.572625139124,0.00385088884188,0.0007,欧洲,FR0000063737,True,EURONEXT:AUB,AUBAY,,,,Aubay,,消费,商业服务,综合商业,法国,1.4245079797861986e-05,XPAR,EUR,39.85,0.13,10:00 CEST26 Apr 2024,39.80,25 Apr 2024
FR0000061780,FR0000061780-XPAR,Augros Cosmetic Packaging,AUGR,AUGR,D,EUR,710,EPA,XPAR,Euronext Paris,france,False,R,,Containers and Packaging,EURONEXT:AUGR,,stock,476.0,10325443.3366,USD,Process Industries,Containers/Packaging,True,EURONEXT,France,EUR,1.07336,0.103254433366,5.109193600000001e-06,0.0,欧洲,FR0000061780,True,EURONEXT:AUGR,AUGROS COSMETICS,,,,Augros Cosmetic Packaging,,制造业,化工,包装,法国,2.0416337639361852e-05,,,,,,,
FR0000039232,FR0000039232-XPAR,Aurea,AURE,AURE,D,EUR,710,EPA,XPAR,Euronext Paris,france,False,R,,Waste and Disposal Services,EURONEXT:AURE,aurea,stock,252.96,46915101.9583,USD,Industrial Services,Environmental Services,True,EURONEXT,France,EUR,1.07336,0.469151019583,2.7151714560000005e-06,0.0,欧洲,FR0000039232,True,EURONEXT:AURE,AUREA,,,,Aurea,,公用事业,环保,环境工程,法国,1.8206531747838798e-07,XPAR,EUR,4.96,0.4,09:00 CEST26 Apr 2024,4.94,25 Apr 2024
IT0000084043,IT0000084043-MTAA,Autostrade Meridionali,AUTME,AUTME,D,EUR,608,MIL,MTAA,Borsa Italiana S.p.A.,italy,False,D15,,Transportation Services,,,,,,,,,,,,,,,,,,,,,,,,,Autostrade Meridionali,,,,,,,,,,,,,
IT0005366601,IT0005366601-MTAA,ANTARES VISION,AV,AV,D,EUR,608,MIL,MTAA,Borsa Italiana S.p.A.,italy,False,D15,,Electronic Equipment: Control and Filter,MIL:AV,antares-vision,stock,53195.04,201790161.3385,USD,Electronic Technology,Electronic Equipment/Instruments,True,MIL,Italy,EUR,1.07336,2.017901613385,0.000570974281344,0.0003,欧洲,IT0005366601,True,MIL:AV,ANTARES VISION,,,,ANTARES VISION,,科技,电子,仪器设备,意大利,0.000421059254185,MTAA,EUR,2.72,2.26,09:39 CEST26 Apr 2024,2.66,25 Apr 2024
IT0005119810,IT0005119810-MTAA,Avio,AVIO,AVIO,C,EUR,608,MIL,MTAA,Borsa Italiana S.p.A.,italy,False,CX,D15,Aerospace,MIL:AVIO,avio-spa,stock,172760.28,298152016.6349,USD,Electronic Technology,Aerospace & Defense,True,MIL,Italy,EUR,1.07336,2.9815201663489996,0.001854339741408,0.0006,欧洲,IT0005119810,True,MIL:AVIO,AVIO,,,,Avio,,制造业,机械,航空航天与国防,意大利,6.147475073861578e-05,MTAA,EUR,10.74,-0.74,10:00 CEST26 Apr 2024,10.82,25 Apr 2024
NL0012047823,NL0012047823-XAMS,Avantium,AVTX,AVTX,D,EUR,200,EAM,XAMS,Euronext Amsterdam,netherlands,False,R,,Specialty Chemicals,EURONEXT:AVTX,avantium,stock,144876.575,213243195.8068,USD,Producer Manufacturing,Industrial Machinery,True,EURONEXT,Netherlands,EUR,1.07336,2.132431958068,0.00155504720542,0.0007,欧洲,NL0012047823,True,EURONEXT:AVTX,AVANTIUM,,,,Avantium,,制造业,机械,机械加工设备,荷兰,0.0002188889883012,"XAMS, XBRU",EUR,2.515,0.8,09:57 CEST26 Apr 2024,2.495,25 Apr 2024
GB00BQQFX454,GB00BQQFX454-XAMS,Accsys Technologies PLC,AXS,AXS,D,EUR,200,EAM,XAMS,Euronext Amsterdam,netherlands,False,R,,Building Materials: Other,EURONEXT:AXS,accsys-technologies-plc,stock,7580.152,168627630.51899996,USD,Process Industries,Industrial Specialties,False,EURONEXT,United Kingdom,EUR,1.07336,1.6862763051899996,8.13623195072e-05,0.0,欧洲,,,,,,,,Accsys Technologies PLC,,制造业,化工,特种工业品,荷兰,6.39489052297053e-07,XAMS,EUR,0.652,0.15,09:46 CEST26 Apr 2024,0.651,25 Apr 2024
FR0011040500,FR0011040500-XPAR,Axway Software SA,AXW,AXW,D,EUR,710,EPA,XPAR,Euronext Paris,france,False,R,,Software,EURONEXT:AXW,axway-software-sa,stock,22459.8,579167320.3781999,USD,Technology Services,Packaged Software,True,EURONEXT,United States,EUR,1.07336,5.791673203782,0.00024107450928,0.0,欧洲,FR0011040500,True,EURONEXT:AXW,AXWAY SOFTWARE,,,,Axway Software SA,,科技,IT技术,软件开发,法国,7.513957387509162e-06,XPAR,EUR,24.80,-0.8,10:00 CEST26 Apr 2024,25.00,25 Apr 2024
BE0974400328,BE0974400328-XBRU,AZELIS GROUP,AZE,AZE,B,EUR,320,EBR,XBRU,Euronext Brussels,belgium,False,R,CX,Chemicals: Diversified,EURONEXT:AZE,azelis-nv,stock,776784.14,5946371608.7808,USD,Distribution Services,Wholesale Distributors,True,EURONEXT,Belgium,EUR,1.07336,59.463716087807995,0.008337690245104,0.0001,欧洲,BE0974400328,True,EURONEXT:AZE,AZELIS,,,,AZELIS GROUP,,消费,经销商,批发经销商,比利时,0.0017376540561869,XBRU,EUR,22.48,-1.14,10:08 CEST26 Apr 2024,22.74,25 Apr 2024
IT0003261697,IT0003261697-MTAA,Azimut Holding,AZM,AZM,C,EUR,608,MIL,MTAA,Borsa Italiana S.p.A.,italy,False,CX,D15,Asset Managers and Custodians,MIL:AZM,azimut,stock,1064029.01,3624172892.3777,USD,Finance,Financial Conglomerates,True,MIL,Italy,EUR,1.07336,36.24172892377699,0.011420861781736,0.0003,欧洲,IT0003261697,True,MIL:AZM,AZIMUT,,,,Azimut Holding,,金融,资产管理,金融集团,意大利,0.0012830785275955,MTAA,EUR,24.48,1.16,10:07 CEST26 Apr 2024,24.20,25 Apr 2024
NL00150006Z9,NL00150006Z9-XAMS,Azerion Group N.V.,AZRN,AZRN,D,EUR,200,EAM,XAMS,Euronext Amsterdam,netherlands,False,R,,Electronic Entertainment,EURONEXT:AZRN,azerion-group-n-v,stock,5964284.76,215473238.273,USD,Finance,Finance/Rental/Leasing,True,EURONEXT,Netherlands,EUR,1.07336,2.15473238273,0.064018246899936,0.0297,欧洲,NL00150006Z9,True,EURONEXT:AZRN,AZERION,,,,Azerion Group N.V.,,金融,资产管理,金融租赁,荷兰,0.0,,,,,,,
IT0004412497,IT0004412497-MTAA,BASTOGI SPA,B,B,D,EUR,608,MIL,MTAA,Borsa Italiana S.p.A.,italy,False,D15,,Professional Business Support Services,MIL:B,bastogi-spa,stock,409.22,44022425.8846,USD,Finance,Real Estate Development,True,MIL,Italy,EUR,1.07336,0.4402242588459999,4.392403792e-06,0.0,欧洲,IT0004412497,True,MIL:B,BASTOGI SPA,,,,BASTOGI SPA,,金融,房地产,房地产开发,意大利,1.4481099208305837e-07,MTAA,EUR,0.37,0.27,09:35 CEST26 Apr 2024,0.369,25 Apr 2024
LU2355630455,LU2355630455-XAMS,BenevolentAI,BAI,BAI,D,EUR,200,EAM,XAMS,Euronext Amsterdam,netherlands,False,R,,Biotechnology,EURONEXT:BAI,,stock,4435.860000000001,87524090.2456,USD,Health Technology,Biotechnology,True,EURONEXT,United Kingdom,EUR,1.07336,0.875240902456,4.761274689600001e-05,0.0001,欧洲,LU2355630455,True,EURONEXT:BAI,BENEVOLENTAI,,,,BenevolentAI,,医药,医疗,生物技术,荷兰,6.723795132321002e-05,XAMS,EUR,0.66,-2.94,09:30 CEST26 Apr 2024,0.68,25 Apr 2024
MC0000031187,MC0000031187-XPAR,Bains de Mer Monaco,BAIN,BAIN,D,EUR,710,EPA,XPAR,Euronext Paris,france,False,R,,Casinos and Gambling,EURONEXT:BAIN,bains-mer-monaco,stock,5668.0,2866593389.2905,USD,Consumer Services,Hotels/Resorts/Cruise lines,True,EURONEXT,Monaco,EUR,1.07336,28.665933892905,6.083804480000001e-05,0.0,欧洲,MC0000031187,True,EURONEXT:BAIN,BAINS MER MONACO,,,,Bains de Mer Monaco,,消费,可选消费,酒店,法国,1.591756996070342e-06,,,,,,,
FR0013258399,FR0013258399-XPAR,Balyo SA,BALYO,BALYO,D,EUR,710,EPA,XPAR,Euronext Paris,france,False,R,,Machinery: Industrial,EURONEXT:BALYO,,stock,49.52,22782372.6815,USD,Producer Manufacturing,Industrial Machinery,True,EURONEXT,France,EUR,1.07336,0.227823726815,5.31527872e-07,0.0,欧洲,FR0013258399,True,EURONEXT:BALYO,BALYO,,,,Balyo SA,,制造业,机械,机械加工设备,法国,5.576228250027037e-08,,,,,,,
IT0005218380,IT0005218380-MTAA,Banco BPM,BAMI,BAMI,A,EUR,608,MIL,MTAA,Borsa Italiana S.p.A.,italy,False,CX,D15,Banks,MIL:BAMI,banco-bpm,stock,19134091.512,9893972925.4838,USD,Finance,Major Banks,True,MIL,Italy,EUR,1.07336,98.939729254838,0.2053776846532032,0.0021,欧洲,IT0005218380,True,MIL:BAMI,Banca Mediolanum,,,,Banco BPM,,金融,银行,主要银行,意大利,0.0130203649038237,MTAA,EUR,6.148,0.75,10:07 CEST26 Apr 2024,6.102,25 Apr 2024
NL0000337319,NL0000337319-XAMS,皇家BAM,BAMNB,BAMNB,C,EUR,200,EAM,XAMS,Euronext Amsterdam,netherlands,False,R,CX,Construction,EURONEXT:BAMNB,koninklijke-bam-groep-n-v,stock,194073.774,1188280988.8983,USD,Industrial Services,Engineering & Construction,True,EURONEXT,Netherlands,EUR,1.07336,11.882809888983,0.0020831102606064,0.0002,欧洲,NL0000337319,True,EURONEXT:BAMNB,KONINKLIJKE BAM GROEP N.V.,,,皇家BAM,BAM Groep Koninklijke,,制造业,建筑业,建筑工程,荷兰,1.1018084823704006e-06,XAMS,EUR,3.89,-0.26,10:03 CEST26 Apr 2024,3.90,25 Apr 2024
IT0001033700,IT0001033700-MTAA,BasicNet,BAN,BAN,D,EUR,608,MIL,MTAA,Borsa Italiana S.p.A.,italy,False,D15,,Apparel Retailers,MIL:BAN,basicnet-spa,stock,26910.0,184478262.5918,USD,Commercial Services,Miscellaneous Commercial Services,True,MIL,Italy,EUR,1.07336,1.844782625918,0.000288841176,0.0002,欧洲,IT0001033700,True,MIL:BAN,BASICNET,,,,BasicNet,,消费,商业服务,综合商业,意大利,0.0002348491652354,MTAA,EUR,3.87,1.57,10:04 CEST26 Apr 2024,3.81,25 Apr 2024
BE0003870871,BE0003870871-XBRU,Banimmo A,BANI,BANI,D,EUR,320,EBR,XBRU,Euronext Brussels,belgium,False,R,,Real Estate Holding and Development,EURONEXT:BANI,banimmo-a,stock,3.76,45616257.4897,USD,Finance,Real Estate Development,True,EURONEXT,Belgium,EUR,1.07336,0.4561625748969999,4.0358336e-08,0.0,欧洲,BE0003870871,True,EURONEXT:BANI,BANIMMO A,,,,Banimmo A,,金融,房地产,房地产开发,比利时,4.358846364386932e-09,XBRU,EUR,3.76,-0.53,09:00 CEST26 Apr 2024,3.78,25 Apr 2024
BE0974362940,BE0974362940-XBRU,巴可公司,BAR,BAR,B,EUR,320,EBR,XBRU,Euronext Brussels,belgium,False,R,,Computer Hardware,EURONEXT:BAR,barco,stock,290227.29,1263218679.1998,USD,Electronic Technology,Electronic Equipment/Instruments,True,EURONEXT,Belgium,EUR,1.07336,12.632186791998,0.003115183639944,0.0002,欧洲,BE0974362940,True,EURONEXT:BAR,BARCO,,,巴可公司,Barco,,科技,电子,仪器设备,比利时,7.189129293034462e-05,XBRU,EUR,13.19,0.53,10:06 CEST26 Apr 2024,13.12,25 Apr 2024
BE0003674851,BE0003674851-XBRU,Basilix,BAS,BAS,D,EUR,320,EBR,XBRU,Euronext Brussels,belgium,False,R,,Real Estate Holding and Development,,,,,,,,,,,,,,,,,,,,,,,,,Basilix,,,,,,,,,,,,,
FR0004023208,FR0004023208-XPAR,Les Nouveaux Constructeurs,LNC,BASS,D,EUR,710,EPA,XPAR,Euronext Paris,france,False,R,,Real Estate Holding and Development,EURONEXT:BASS,bassac-sa,stock,12571.2,755664954.5634,USD,Finance,Real Estate Development,True,EURONEXT,France,EUR,1.07336,7.556649545634,0.00013493423232,0.0,欧洲,FR0004023208,True,EURONEXT:BASS,BASSAC,,,,Les Nouveaux Constructeurs,,金融,房地产,房地产开发,法国,5.087482748588019e-06,XPAR,EUR,43.20,0.47,09:48 CEST26 Apr 2024,43.00,25 Apr 2024
FR0000120966,FR0000120966-XPAR,SOCIETE BIC S.A.,BB,BB,B,EUR,710,EPA,XPAR,Euronext Paris,france,True,R,CX,Nondurable Household Products,EURONEXT:BB,bic,stock,287086.5,2906638452.7516,USD,Producer Manufacturing,Industrial Conglomerates,True,EURONEXT,France,EUR,1.07336,29.066384527515996,0.0030814716564,0.0001,欧洲,FR0000120966,True,EURONEXT:BB,BIC,,,,SOCIETE BIC S.A.,,制造业,机械,工业集团,法国,0.0002672286306499,XPAR,EUR,65.60,1.08,09:55 CEST26 Apr 2024,64.90,25 Apr 2024
NL0000339703,NL0000339703-XAMS,Beter Bed Holding,BBED,BBED,D,EUR,200,EAM,XAMS,Euronext Amsterdam,netherlands,False,R,,Home Improvement Retailers,,,,,,,,,,,,,,,,,,,,,,,,,Beter Bed Holding,,,,,,,,,,,,,
ES0113211835,ES0113211835-TNLB,Banco Bilbao Vizcaya Argentaria SA,BBV,BBV,D,EUR,320,EBR,TNLB,Euronext Brussels,belgium,False,R,,Banks,,,,,,,,,,,,,,,,,,,,,,,,,Banco Bilbao Vizcaya Argentaria SA,,,,,,,,,,,,,
IT0004764699,IT0004764699-MTAA,Brunello Cucinelli,BC,BC,A,EUR,608,MIL,MTAA,Borsa Italiana S.p.A.,italy,False,CX,D15,Clothing and Accessories,MIL:BC,brunello-cucinelli,stock,613014.6,6900464448.439199,USD,Consumer Non-Durables,Apparel/Footwear,True,MIL,Italy,EUR,1.07336,69.00464448439199,0.00657985351056,0.0001,欧洲,IT0004764699,True,MIL:BC,BRUNELLO CUCINELLI,,,,Brunello Cucinelli,,消费,日常消费,服装鞋类,意大利,0.0001859402343879,MTAA,EUR,95.25,0.69,10:08 CEST26 Apr 2024,94.60,25 Apr 2024
BE0974281132,BE0974281132-XBRU,Biocartis Group,BCART,BCART,D,EUR,320,EBR,XBRU,Euronext Brussels,belgium,False,R,,Health Care Services,,,,,,,,,,,,,,,,,,,,,,,,,Biocartis Group,,,,,,,,,,,,,
PTBCP0AM0015,PTBCP0AM0015-XLIS,Banco Comercial Portugues SA,BCP,BCP,B,EUR,560,ELI,XLIS,Euronext Lisbon,portugal,False,R,CX,Banks,EURONEXT:BCP,b-c-p-bco-comercial-portugues,stock,5568108.574,5181603406.6435995,USD,Finance,Major Banks,True,EURONEXT,Portugal,EUR,1.07336,51.816034066436,0.0597658501898864,0.0012,欧洲,PTBCP0AM0015,True,EURONEXT:BCP,B.C.P.-BCO COMERCIAL PORTUGUES,,,,Banco Comercial Portugues SA,,金融,银行,主要银行,葡萄牙,0.0145011739218119,,,,,,,
IT0001041000,IT0001041000-MTAA,Banco di Desio e della Brianza,BDB,BDB,D,EUR,608,MIL,MTAA,Borsa Italiana S.p.A.,italy,False,D15,,Banks,MIL:BDB,banco-desio-e-della-brianza,stock,89252.88,639942741.492,USD,Finance,Regional Banks,True,MIL,Italy,EUR,1.07336,6.39942741492,0.000958004712768,0.0001,欧洲,IT0001041000,True,MIL:BDB,BCO DESIO BRIANZA,,,,Banco di Desio e della Brianza,,金融,银行,地区银行,意大利,1.0171206304536917e-05,,,,,,,
IT0001223277,IT0001223277-MTAA,Beghelli,BE,BE,D,EUR,608,MIL,MTAA,Borsa Italiana S.p.A.,italy,False,D15,,Electronic Equipment: Gauges and Meters,MIL:BE,beghelli-spa,stock,1963.5,49577617.3746,USD,Producer Manufacturing,Electrical Products,True,MIL,Italy,EUR,1.07336,0.495776173746,2.1075423600000004e-05,0.0,欧洲,IT0001223277,True,MIL:BE,BEGHELLI,,,,Beghelli,,制造业,机械,电力设备,意大利,1.5589499068938438e-06,MTAA,EUR,0.232,0,09:55 CEST26 Apr 2024,0.232,25 Apr 2024
BE0003661726,BE0003661726-XBRU,Beaulieulaan,BEAB,BEAB,D,EUR,320,EBR,XBRU,Euronext Brussels,belgium,False,R,,Open End and Miscellaneous Investment Vehicles,,,,,,,,,,,,,,,,,,,,,,,,,Beaulieulaan,,,,,,,,,,,,,
IT0001268561,IT0001268561-MTAA,B & C Speakers,BEC,BEC,D,EUR,608,MIL,MTAA,Borsa Italiana S.p.A.,italy,False,D15,,Consumer Electronics,MIL:BEC,bandc-speakers-spa,stock,19986.4,199194086.8148,USD,Consumer Durables,Electronics/Appliances,True,MIL,Italy,EUR,1.07336,1.991940868148,0.00021452602304,0.0001,欧洲,IT0001268561,True,MIL:BEC,B&C SPEAKERS,,,,B & C Speakers,,消费,可选消费,电子电器,意大利,3.601586379506881e-05,MTAA,EUR,17.20,0.88,09:39 CEST26 Apr 2024,17.05,25 Apr 2024
BE0974258874,BE0974258874-XBRU,贝卡尔特,BEKB,BEKB,B,EUR,320,EBR,XBRU,Euronext Brussels,belgium,False,R,,Iron and Steel,EURONEXT:BEKB,bekaert,stock,49640.28,2541696702.5494,USD,Producer Manufacturing,Metal Fabrication,True,EURONEXT,Belgium,EUR,1.07336,25.416967025494,0.000532818909408,0.0,欧洲,BE0974258874,True,EURONEXT:BEKB,BEKAERT,,,贝卡尔特,NV Bekaert SA,,制造业,机械,金属加工,比利时,5.210163499211901e-06,XBRU,EUR,46.22,0.26,09:48 CEST26 Apr 2024,46.10,25 Apr 2024
BE0003723377,BE0003723377-XBRU,Beluga,BELU,BELU,D,EUR,320,EBR,XBRU,Euronext Brussels,belgium,False,R,,Diversified Financial Services ,,,,,,,,,,,,,,,,,,,,,,,,,Beluga,,,,,,,,,,,,,
BE0974314461,BE0974314461-XBRU,BELYSSE GROUP N.V.,BALTA,BELYS,D,EUR,320,EBR,XBRU,Euronext Brussels,belgium,False,R,,Household Furnishings,EURONEXT:BELYS,balta,stock,5897.3,32773008.1122,USD,Consumer Durables,Home Furnishings,True,EURONEXT,Belgium,EUR,1.07336,0.3277300811219999,6.329925928000001e-05,0.0002,欧洲,BE0974314461,True,EURONEXT:BELYS,BELYSSE,,,,BELYSSE GROUP N.V.,,消费,可选消费,家居摆设,比利时,2.839760404115911e-05,,,,,,,
FR0000035164,FR0000035164-XPAR,Beneteau,BEN,BEN,C,EUR,710,EPA,XPAR,Euronext Paris,france,False,R,,Recreational Vehicles and Boats,EURONEXT:BEN,beneteau,stock,73388.64,1074641906.6646,USD,Consumer Durables,Recreational Products,True,EURONEXT,France,EUR,1.07336,10.746419066645998,0.000787724306304,0.0001,欧洲,FR0000035164,True,EURONEXT:BEN,BENETEAU,,,,Beneteau,,消费,可选消费,休闲产品,法国,4.819949423137623e-05,XPAR,EUR,12.36,0.49,09:59 CEST26 Apr 2024,12.30,25 Apr 2024
FR0000062341,FR0000062341-XPAR,Financire et Immobilire de l'Etang de Berre et de la Mediterrane,BERR,BERR,D,EUR,710,EPA,XPAR,Euronext Paris,france,False,R,,Real Estate Holding and Development,,,,,,,,,,,,,,,,,,,,,,,,,Financire et Immobilire de l'Etang de Berre et de la Mediterrane,,,,,,,,,,,,,
NL0012866412,NL0012866412-XAMS,贝思半导体,BESI,BESI,B,EUR,200,EAM,XAMS,Euronext Amsterdam,netherlands,True,R,,Semiconductors,EURONEXT:BESI,be-semiconductor-industries,stock,17663939.3,11776682781.1075,USD,Producer Manufacturing,Semiconductors,True,EURONEXT,Netherlands,EUR,1.07336,117.766827811075,0.18959765887048,0.0016,欧洲,NL0012866412,True,EURONEXT:BESI,BE SEMICONDUCTOR INDUSTRIES N.V.,BESI,Semiconductors,贝思半导体,BE Semiconductor Industries,,科技,电子,半导体,荷兰,0.0581004058826716,XAMS,EUR,132.00,-2.94,10:08 CEST26 Apr 2024,136.00,25 Apr 2024
NL0000285278,NL0000285278-XAMS,Bever Holding,BEVER,BEVER,D,EUR,200,EAM,XAMS,Euronext Amsterdam,netherlands,False,R,,Real Estate Holding and Development,EURONEXT:BEVER,bever-holding-gewone-aandelen,stock,1471.08,45012176.139,USD,Finance,Investment Banks/Brokers,True,EURONEXT,Netherlands,EUR,1.07336,0.45012176139,1.5789984288e-05,0.0,欧洲,NL0000285278,True,EURONEXT:BEVER,BEVER HOLDING GEWONE AANDELEN,,,,Bever Holding,,金融,资产管理,投资银行,荷兰,0.0,,,,,,,
IT0005244402,IT0005244402-MTAA,BFF Bank,BFF,BFF,B,EUR,608,MIL,MTAA,Borsa Italiana S.p.A.,italy,False,CX,D15,Diversified Financial Services ,MIL:BFF,bff-bank,stock,249406.3,2330149263.0836,USD,Finance,Finance/Rental/Leasing,True,MIL,Italy,EUR,1.07336,23.301492630836,0.00267702746168,0.0001,欧洲,IT0005244402,True,MIL:BFF,BFF BANK,,,,BFF Bank,,金融,资产管理,金融租赁,意大利,0.0004185896383152,MTAA,EUR,11.73,0.95,10:05 CEST26 Apr 2024,11.62,25 Apr 2024
IT0005187460,IT0005187460-MTAA,BF,BFG,BFG,D,EUR,608,MIL,MTAA,Borsa Italiana S.p.A.,italy,False,D15,,Farming/Fishing/Ranching and Plantations,MIL:BFG,bf,stock,895.44,1030984917.489,USD,Process Industries,Agricultural Commodities/Milling,True,MIL,Italy,EUR,1.07336,10.30984917489,9.611294784000002e-06,0.0,欧洲,IT0005187460,True,MIL:BFG,B.F,,,,BF,,制造业,化工,农产品,意大利,8.73902179976828e-07,MTAA,EUR,3.64,-0.82,09:50 CEST26 Apr 2024,3.67,25 Apr 2024
NL0011872650,NL0011872650-XAMS,Basic Fit,BFIT,BFIT,C,EUR,200,EAM,XAMS,Euronext Amsterdam,netherlands,False,R,,Recreational Services,EURONEXT:BFIT,basic-fit,stock,2275543.36,1488178196.181,USD,Consumer Services,Other Consumer Services,True,EURONEXT,Netherlands,EUR,1.07336,14.88178196181,0.024424772208896,0.0016,欧洲,NL0011872650,True,EURONEXT:BFIT,BASIC-FIT,,,,Basic Fit,,消费,可选消费,其他消费者服务,荷兰,0.0003209381628085,XAMS,EUR,21.14,0.57,10:08 CEST26 Apr 2024,21.02,25 Apr 2024
IT0001031084,IT0001031084-MTAA,Banca Generali,BGN,BGN,C,EUR,608,MIL,MTAA,Borsa Italiana S.p.A.,italy,False,CX,D15,Banks,MIL:BGN,banca-generali,stock,230628.48,4456209653.471999,USD,Finance,Investment Managers,True,MIL,Italy,EUR,1.07336,44.56209653471999,0.002475473852928,0.0001,欧洲,IT0001031084,True,MIL:BGN,BANCA GENERALI,,,,Banca Generali,,金融,资产管理,投资经理,意大利,4.4354603499169464e-05,MTAA,EUR,36.18,0.44,10:01 CEST26 Apr 2024,36.02,25 Apr 2024
IT0004222102,IT0004222102-MTAA,Bialetti Industrie,BIA,BIA,D,EUR,608,MIL,MTAA,Borsa Italiana S.p.A.,italy,False,D15,,Household Equipment and Products,MIL:BIA,bialetti-industrie-spa,stock,2400.0,40296983.838,USD,Consumer Durables,Home Furnishings,True,MIL,Italy,EUR,1.07336,0.40296983838,2.576064e-05,0.0001,欧洲,IT0004222102,True,MIL:BIA,BIALETTI INDUSTRIE,,,,Bialetti Industrie,,消费,可选消费,家居摆设,意大利,1.1744912668051604e-05,MTAA,EUR,0.24,-1.23,09:32 CEST26 Apr 2024,0.243,25 Apr 2024
IT0005516130,IT0005516130-MTAA,BIOERA,BIE,BIE,D,EUR,608,MIL,MTAA,Borsa Italiana S.p.A.,italy,False,D15,,Food Products,,,,,,,,,,,,,,,,,,,,,,,,,BIOERA,,,,,,,MTAA,EUR,0.0914,2.24,10:00 CEST26 Apr 2024,0.0894,25 Apr 2024
FR0000074072,FR0000074072-XPAR,Bigben Interactive,BIG,BIG,D,EUR,710,EPA,XPAR,Euronext Paris,france,False,R,,Electronic Entertainment,EURONEXT:BIG,bigben-interactive,stock,3499.2,48015638.5233,USD,Electronic Technology,Computer Peripherals,True,EURONEXT,France,EUR,1.07336,0.4801563852329999,3.755901312e-05,0.0001,欧洲,FR0000074072,True,EURONEXT:BIG,BIGBEN INTERACTIVE,,,,Bigben Interactive,,科技,电子,电脑周边,法国,3.6001159057862364e-05,XPAR,EUR,2.43,-0.82,10:04 CEST26 Apr 2024,2.45,25 Apr 2024
FR0013280286,FR0013280286-XPAR,Biomerieux SA,BIM,BIM,A,EUR,710,EPA,XPAR,Euronext Paris,france,True,R,CX,Medical Equipment,EURONEXT:BIM,biomerieux,stock,440961.3,12616336475.9642,USD,Health Technology,Medical Specialties,True,EURONEXT,France,EUR,1.07336,126.163364759642,0.00473310220968,0.0,欧洲,FR0013280286,True,EURONEXT:BIM,BIOMERIEUX,,,,Biomerieux SA,,医药,医疗,医疗器械,法国,1.463492997347889e-06,XPAR,EUR,99.65,0.15,10:04 CEST26 Apr 2024,99.50,25 Apr 2024
CH0038389992,CH0038389992-MTAA,BB Biotech AG,BION,BION,C,EUR,608,MIL,MTAA,Borsa Italiana S.p.A.,italy,False,CX,D15,Closed End Investments,,,,,,,,,,,,,,,,,,,,,,,,,BB Biotech AG,,,,,,,,,,,,,
BE0974280126,BE0974280126-XBRU,Bone Therapeutics SA,BOTHE,BIOS,D,EUR,320,EBR,XBRU,Euronext Brussels,belgium,False,R,,Biotechnology,EURONEXT:BIOS,bone-therapeutics,stock,509.028,3414026.5096,USD,Health Technology,Biotechnology,True,EURONEXT,Belgium,EUR,1.07336,0.034140265096,5.4637029408e-06,0.0002,欧洲,BE0974280126,True,EURONEXT:BIOS,BIOSENIC,,,,Bone Therapeutics SA,,医药,医疗,生物技术,比利时,1.682786763304645e-05,"XBRU, XPAR",EUR,0.0155,-4.91,10:01 CEST26 Apr 2024,0.0163,25 Apr 2024
FR0000035370,FR0000035370-XPAR,Bastide le Confort,BLC,BLC,D,EUR,710,EPA,XPAR,Euronext Paris,france,False,R,,Health Care Services,EURONEXT:BLC,bastide-le-confort-medical,stock,66092.0,131257244.3393,USD,Health Services,Medical/Nursing Services,True,EURONEXT,France,EUR,1.07336,1.312572443393,0.0007094050912,0.0005,欧洲,FR0000035370,True,EURONEXT:BLC,BASTIDE LE CONFORT,,,,Bastide le Confort,,医药,健康服务,健康服务,法国,0.0005563852582636,XPAR,EUR,16.44,-1.91,10:04 CEST26 Apr 2024,16.76,25 Apr 2024
FR0000062150,FR0000062150-XPAR,Bleecker,BLEE,BLEE,D,EUR,710,EPA,XPAR,Euronext Paris,france,False,R,,Office REITs,EURONEXT:BLEE,,stock,2898.0,166490192.7636,USD,Finance,Real Estate Development,True,EURONEXT,France,EUR,1.07336,1.664901927636,3.1105972800000006e-05,0.0,欧洲,FR0000062150,True,EURONEXT:BLEE,BLEECKER,,,,Bleecker,,金融,房地产,房地产开发,法国,0.0,,,,,,,
FR0014003FE9,FR0014003FE9-XPAR,BELIEVE PROMESSES,BLV,BLV,D,EUR,710,EPA,XPAR,Euronext Paris,france,False,R,,Media Agencies,EURONEXT:BLV,believe,stock,50578.8,1558708202.9451,USD,Consumer Services,Movies/Entertainment,True,EURONEXT,France,EUR,1.07336,15.587082029451,0.00054289260768,0.0,欧洲,FR0014003FE9,True,EURONEXT:BLV,BELIEVE,,,,BELIEVE PROMESSES,,消费,可选消费,电影娱乐,法国,6.257573665731331e-06,XPAR,EUR,14.94,-0.13,10:05 CEST26 Apr 2024,14.96,25 Apr 2024
IT0004776628,IT0004776628-MTAA,Banca Mediolanum,BMED,BMED,A,EUR,608,MIL,MTAA,Borsa Italiana S.p.A.,italy,False,CX,D15,Diversified Financial Services ,MIL:BMED,banca-mediolanum,stock,511919.94,7864384272.4163,USD,Finance,Major Banks,True,MIL,Italy,EUR,1.07336,78.643842724163,0.005494743867984,0.0001,欧洲,IT0004776628,True,MIL:BMED,BANCA MEDIOLANUM,,,,Banca Mediolanum,,金融,银行,主要银行,意大利,4.027464105788958e-05,MTAA,EUR,9.935,0.2,10:06 CEST26 Apr 2024,9.915,25 Apr 2024
IT0005508921,IT0005508921-MTAA,BANCA MONTE PASCHI SIE,BMPS,BMPS,D,EUR,608,MIL,MTAA,Borsa Italiana S.p.A.,italy,False,D15,,Banks,MIL:BMPS,bca-mps,stock,14413036.225,5853697608.123,USD,Finance,Regional Banks,True,MIL,Italy,EUR,1.07336,58.53697608123,0.15470376562466,0.0026,欧洲,IT0005508921,True,MIL:BMPS,BANCA MONTE PASCHI SIENA,,,,BANCA MONTE PASCHI SIE,,金融,银行,地区银行,意大利,0.0252665943045399,MTAA,EUR,4.387,1.27,10:08 CEST26 Apr 2024,4.332,25 Apr 2024
FR0000120644,FR0000120644-XPAR,达能,BN,BN,A,EUR,710,EPA,XPAR,Euronext Paris,france,True,R,CX,Food Products,EURONEXT:BN,danone,stock,2534738.58,40809271477.8432,USD,Consumer Non-Durables,Food: Meat/Fish/Dairy,True,EURONEXT,France,EUR,1.07336,408.092714778432,0.027206870022288,0.0001,欧洲,FR0000120644,True,EURONEXT:BN,Danone,,,达能,Danone,达能,消费,食品饮料,肉蛋奶,法国,0.0001017261498727,XPAR,EUR,59.10,-0.34,10:08 CEST26 Apr 2024,59.30,25 Apr 2024
BE0003008019,BE0003008019-XBRU,Nationale Bank van Belgi?,BNB,BNB,D,EUR,320,EBR,XBRU,Euronext Brussels,belgium,False,R,,Banks,EURONEXT:BNB,bque-nat-belgique,stock,9200.0,198664043.2181,USD,Finance,Major Banks,True,EURONEXT,Belgium,EUR,1.07336,1.986640432181,9.874912e-05,0.0,欧洲,BE0003008019,True,EURONEXT:BNB,BQUE NAT. BELGIQUE,,,,Nationale Bank van Belgi?,,金融,银行,主要银行,比利时,9.929174454201654e-06,XBRU,EUR,456.00,-1.51,09:56 CEST26 Apr 2024,463.00,25 Apr 2024
FR0000131104,FR0000131104-XPAR,法国巴黎银行,BNP,BNP,A,EUR,710,EPA,XPAR,Euronext Paris,france,True,R,CX,Banks,EURONEXT:BNP,paribas,stock,18261906.930000003,84079602236.5555,USD,Finance,Major Banks,True,EURONEXT,France,EUR,1.07336,840.796022365555,0.196016004223848,0.0002,欧洲,FR0000131104,True,EURONEXT:BNP,BNP Paribas,,,法国巴黎银行,BNP Paribas,法国巴黎银行,金融,银行,主要银行,法国,0.0001826475557473,XPAR,EUR,68.20,-0.23,10:08 CEST26 Apr 2024,68.36,25 Apr 2024
IT0003217335,IT0003217335-MTAA,Borgosesia,BO,BO,D,EUR,608,MIL,MTAA,Borsa Italiana S.p.A.,italy,False,D15,,Machinery: Specialty,MIL:BO,borgosesia-spa,stock,166.698,29754590.1445,USD,Finance,Real Estate Development,True,MIL,Italy,EUR,1.07336,0.297545901445,1.7892696528000002e-06,0.0,欧洲,IT0003217335,True,MIL:BO,BORGOSESIA,,,,Borgosesia,,金融,房地产,房地产开发,意大利,2.470241051636705e-07,MTAA,EUR,0.686,-0.58,09:45 CEST26 Apr 2024,0.69,25 Apr 2024
FR0000061129,FR0000061129-XPAR,Boiron,BOI,BOI,C,EUR,710,EPA,XPAR,Euronext Paris,france,False,R,,Pharmaceuticals,EURONEXT:BOI,boiron-sa,stock,173959.25,644571205.998,USD,Health Technology,Pharmaceuticals: Other,True,EURONEXT,France,EUR,1.07336,6.44571205998,0.0018672090058,0.0003,欧洲,FR0000061129,True,EURONEXT:BOI,BOIRON,,,,Boiron,,医药,制药,其他制药,法国,0.0001595705100679,XPAR,EUR,34.60,0.87,10:07 CEST26 Apr 2024,34.30,25 Apr 2024
FR0000039299,FR0000039299-XPAR,Bollor,BOL,BOL,A,EUR,710,EPA,XPAR,Euronext Paris,france,True,R,CX,Transportation Services,EURONEXT:BOL,bollore,stock,245555.45,18820176786.7823,USD,Consumer Services,Movies/Entertainment,True,EURONEXT,France,EUR,1.07336,188.20176786782295,0.00263569397812,0.0,欧洲,FR0000039299,True,EURONEXT:BOL,BOLLORE SE,,,,Bollor,,消费,可选消费,电影娱乐,法国,8.849251751824808e-05,XPAR,EUR,6.225,0.57,10:06 CEST26 Apr 2024,6.19,25 Apr 2024
NL0010998878,NL0010998878-XAMS,Lucas Bols Amsterdam BV,BOLS,BOLS,D,EUR,200,EAM,XAMS,Euronext Amsterdam,netherlands,False,R,,Distillers and Vintners,EURONEXT:BOLS,lucas-bols-n-v,stock,3801.6,248445572.2811,USD,Consumer Non-Durables,Beverages: Alcoholic,True,EURONEXT,Netherlands,EUR,1.07336,2.484455722811,4.080485376e-05,0.0,欧洲,NL0010998878,True,EURONEXT:BOLS,LUCAS BOLS N.V,,,,Lucas Bols Amsterdam BV,,消费,食品饮料,酒,荷兰,0.0,XAMS,EUR,14.40,0,09:47 CEST26 Apr 2024,14.40,25 Apr 2024
FR0000063935,FR0000063935-XPAR,Bonduelle,BON,BON,D,EUR,710,EPA,XPAR,Euronext Paris,france,False,R,,Food Products,EURONEXT:BON,bonduelle-sca,stock,4738.23,261465053.3962,USD,Consumer Non-Durables,Food: Specialty/Candy,True,EURONEXT,France,EUR,1.07336,2.614650533962,5.0858265528e-05,0.0,欧洲,FR0000063935,True,EURONEXT:BON,BONDUELLE,,,,Bonduelle,,消费,食品饮料,零食,法国,4.8314420494124e-06,XPAR,EUR,7.64,0.79,10:02 CEST26 Apr 2024,7.58,25 Apr 2024
IT0000066123,IT0000066123-MTAA,BPER BANCA,BPE,BPE,B,EUR,608,MIL,MTAA,Borsa Italiana S.p.A.,italy,False,CX,D15,Banks,MIL:BPE,bper-banca,stock,12786795.825,7171021265.083,USD,Finance,Major Banks,True,MIL,Italy,EUR,1.07336,71.71021265083,0.13724835166722,0.0019,欧洲,IT0000066123,True,MIL:BPE,BPER BANCA,,,,BPER BANCA,,金融,银行,主要银行,意大利,0.0131822034723118,MTAA,EUR,4.759,0.76,10:08 CEST26 Apr 2024,4.723,25 Apr 2024
BE0974268972,BE0974268972-XBRU,比利时邮政,BPOST,BPOST,C,EUR,320,EBR,XBRU,Euronext Brussels,belgium,False,R,,Delivery Services,EURONEXT:BPOST,bpost,stock,293282.92,772347574.2364,USD,Commercial Services,Air Freight/Couriers,True,EURONEXT,Belgium,EUR,1.07336,7.723475742364,0.003147981550112,0.0004,欧洲,BE0974268972,True,EURONEXT:BPOST,BPOST,BPOST,Air Freight/Couriers,比利时邮政,Bpost SA,,制造业,运输,物流,比利时,0.0024180662999083,XBRU,EUR,3.70,2.78,10:04 CEST26 Apr 2024,3.60,25 Apr 2024
IT0000784196,IT0000784196-MTAA,BANCA POPOLARE DI SONDRIO,BPSO,BPSO,B,EUR,608,MIL,MTAA,Borsa Italiana S.p.A.,italy,False,CX,D15,Banks,MIL:BPSO,bca-pop-sondrio,stock,1990234.8,3586588569.4629,USD,Finance,Major Banks,True,MIL,Italy,EUR,1.07336,35.865885694629,0.02136238424928,0.0006,欧洲,IT0000784196,True,MIL:BPSO,BCA POP SONDRIO,,,,BANCA POPOLARE DI SONDRIO,,金融,银行,主要银行,意大利,0.0070221804542021,MTAA,EUR,7.59,2.08,10:08 CEST26 Apr 2024,7.435,25 Apr 2024
IT0005252728,IT0005252728-MTAA,Brembo,BRE,BRE,B,EUR,608,MIL,MTAA,Borsa Italiana S.p.A.,italy,False,CX,D15,Auto Parts,MIL:BRE,brembo,stock,472450.02,4203254443.9547,USD,Producer Manufacturing,Auto Parts: OEM,True,MIL,Netherlands,EUR,1.07336,42.032544439547,0.005071089534672,0.0001,欧洲,IT0005252728,True,MIL:BRE,BREMBO,,,Brembo,Freni Brembo,,制造业,汽车,汽车零部件,意大利,0.0002420821082826,,,,,,,
LU1068091351,LU1068091351-XBRU,布雷德罗德,BREB,BREB,C,EUR,320,EBR,XBRU,Euronext Brussels,belgium,False,R,CX,Asset Managers and Custodians,EURONEXT:BREB,brederode,stock,112110.0,3470545703.8348,USD,Finance,Investment Managers,False,EURONEXT,Luxembourg,EUR,1.07336,34.705457038347994,0.001203343896,0.0,欧洲,LU1068091351,False,LUXSE:BREL,Bredero,,,布雷德罗德,Brederode SA,,金融,资产管理,投资经理,比利时,4.09410697352168e-05,XBRU,EUR,111.00,0.54,09:40 CEST26 Apr 2024,110.40,25 Apr 2024
IT0000066180,IT0000066180-MTAA,Brioschi Sviluppo Immobiliare,BRI,BRI,D,EUR,608,MIL,MTAA,Borsa Italiana S.p.A.,italy,False,D15,,Real Estate Holding and Development,MIL:BRI,brioschi-sviluppo-immobiliar,stock,26556.228,42622486.9499,USD,Finance,Real Estate Development,True,MIL,Italy,EUR,1.07336,0.426224869499,0.0002850439288608,0.0007,欧洲,IT0000066180,True,MIL:BRI,BRIOSCHI,,,,Brioschi Sviluppo Immobiliare,,金融,房地产,房地产开发,意大利,0.0012938580988031,MTAA,EUR,0.054,5.88,09:53 CEST26 Apr 2024,0.051,25 Apr 2024
NL0000442523,NL0000442523-XAMS,Brill Koninklijke,BRILL,BRILL,D,EUR,200,EAM,XAMS,Euronext Amsterdam,netherlands,False,R,,Publishing,,,,,,,,,,,,,,,,,,,,,,,,,Brill Koninklijke,,,,,,,,,,,,,
NL0010776944,NL0010776944-XAMS,Brunel International,BRNL,BRNL,C,EUR,200,EAM,XAMS,Euronext Amsterdam,netherlands,False,R,CX,Business Training and Employment Agencies,EURONEXT:BRNL,brunel-internat,stock,23714.48,536326207.514,USD,Commercial Services,Miscellaneous Commercial Services,True,EURONEXT,Netherlands,EUR,1.07336,5.36326207514,0.000254541742528,0.0,欧洲,NL0010776944,True,EURONEXT:BRNL,BRUNEL INTERNAT,,,,Brunel International,,消费,商业服务,综合商业,荷兰,5.275106029800021e-05,XAMS,EUR,10.06,1.41,09:57 CEST26 Apr 2024,9.92,25 Apr 2024
FR0000074254,FR0000074254-XPAR,Bourse Direct,BSD,BSD,D,EUR,710,EPA,XPAR,Euronext Paris,france,False,R,,Investment Services,EURONEXT:BSD,bourse-direct,stock,1662.42,300654803.8031,USD,Finance,Investment Banks/Brokers,True,EURONEXT,France,EUR,1.07336,3.0065480380309997,1.7843751312e-05,0.0,欧洲,FR0000074254,True,EURONEXT:BSD,BOURSE DIRECT,,,,Bourse Direct,,金融,资产管理,投资银行,法国,5.919575595940996e-07,XPAR,EUR,5.32,-1.48,09:56 CEST26 Apr 2024,5.40,25 Apr 2024
LU1789205884,LU1789205884-XAMS,B&S Group SA,BSGR,BSGR,C,EUR,200,EAM,XAMS,Euronext Amsterdam,netherlands,False,R,CX,Diversified Retailers,EURONEXT:BSGR,b-and-s-group-sa-eur0-06,stock,64838.605,440197942.2969,USD,Distribution Services,Medical Distributors,True,EURONEXT,Luxembourg,EUR,1.07336,4.401979422969,0.000695951650628,0.0002,欧洲,LU1789205884,True,EURONEXT:BSGR,B&S,,,,B&S Group SA,,消费,经销商,医疗经销商,荷兰,6.967338105800338e-06,XAMS,EUR,4.885,0.21,09:20 CEST26 Apr 2024,4.875,25 Apr 2024
IT0003097257,IT0003097257-MTAA,Biesse,BSS,BSS,C,EUR,608,MIL,MTAA,Borsa Italiana S.p.A.,italy,False,CX,D15,Machinery: Industrial,MIL:BSS,biesse,stock,34177.78,338039765.4229,USD,Producer Manufacturing,Industrial Machinery,True,MIL,Italy,EUR,1.07336,3.380397654229,0.000366850619408,0.0001,欧洲,IT0003097257,True,MIL:BSS,BIESSE,,,,Biesse,,制造业,机械,机械加工设备,意大利,2.802470759704059e-05,MTAA,EUR,11.57,0.61,09:39 CEST26 Apr 2024,11.50,25 Apr 2024
IT0003173629,IT0003173629-MTAA,Banca Sistema,BST,BST,D,EUR,608,MIL,MTAA,Borsa Italiana S.p.A.,italy,False,D15,,Banks,MIL:BST,banca-sistema-spa,stock,153018.72,121982476.3263,USD,Finance,Regional Banks,True,MIL,Italy,EUR,1.07336,1.219824763263,0.001642441732992,0.0013,欧洲,IT0003173629,True,MIL:BST,BANCA SISTEMA,,,,Banca Sistema,,金融,银行,地区银行,意大利,0.0010401161423039,MTAA,EUR,1.442,1.98,10:04 CEST26 Apr 2024,1.414,25 Apr 2024
BE0974386188,BE0974386188-XBRU,BIOTALYS,BTLS,BTLS,D,EUR,320,EBR,XBRU,Euronext Brussels,belgium,False,R,,Fertilizers,EURONEXT:BTLS,biotalys-nv,stock,38421.0,105209872.1411,USD,Process Industries,Chemicals: Agricultural,True,EURONEXT,Belgium,EUR,1.07336,1.052098721411,0.0004123956456,0.0004,欧洲,BE0974386188,True,EURONEXT:BTLS,BIOTALYS NV,,,,BIOTALYS,,制造业,化工,农用化学品,比利时,0.000228794875672,XBRU,EUR,3.00,-1.64,09:08 CEST26 Apr 2024,3.05,25 Apr 2024
FR0000062788,FR0000062788-XPAR,Barbara Bui,BUI,BUI,D,EUR,710,EPA,XPAR,Euronext Paris,france,False,R,,Clothing and Accessories,EURONEXT:BUI,barbara-bui,stock,365.4,6158313.8469,USD,Consumer Non-Durables,Apparel/Footwear,True,EURONEXT,France,EUR,1.07336,0.061583138469,3.92205744e-06,0.0001,欧洲,FR0000062788,True,EURONEXT:BUI,BARBARA BUI,,,,Barbara Bui,,消费,日常消费,服装鞋类,法国,0.0,,,,,,,
FR0000061137,FR0000061137-XPAR,Burelle,BUR,BUR,D,EUR,710,EPA,XPAR,Euronext Paris,france,False,R,,Auto Parts,EURONEXT:BUR,burelle,stock,898.0,844333890.3202,USD,Producer Manufacturing,Auto Parts: OEM,True,EURONEXT,France,EUR,1.07336,8.443338903202,9.6387728e-06,0.0,欧洲,FR0000061137,True,EURONEXT:BUR,BURELLE,,,,Burelle,,制造业,汽车,汽车零部件,法国,0.0,XPAR,EUR,449.00,0,09:00 CEST26 Apr 2024,449.00,25 Apr 2024
FR0006174348,FR0006174348-XPAR,必维集团,BVI,BVI,A,EUR,710,EPA,XPAR,Euronext Paris,france,True,R,CX,Professional Business Support Services,EURONEXT:BVI,bureau-veritas,stock,2683019.58,13236635741.9702,USD,Commercial Services,Miscellaneous Commercial Services,True,EURONEXT,France,EUR,1.07336,132.36635741970198,0.028798458963888,0.0002,欧洲,FR0006174348,True,EURONEXT:BVI,BUREAU VERITAS,,,必维集团,Bureau Veritas,,消费,商业服务,综合商业,法国,0.0003790440502199,XPAR,EUR,27.46,0.51,10:08 CEST26 Apr 2024,27.32,25 Apr 2024
IT0001487047,IT0001487047-MTAA,Fullsix,BWZ,BWZ,D,EUR,608,MIL,MTAA,Borsa Italiana S.p.A.,italy,False,D15,,Computer Services,MIL:BWZ,fullsix,stock,1411.2,8876500.2478,USD,Commercial Services,Advertising/Marketing Services,True,MIL,Italy,EUR,1.07336,0.088765002478,1.514725632e-05,0.0002,欧洲,IT0001487047,True,MIL:BWZ,BEEWIZE,,,,Fullsix,,消费,商业服务,广告营销,意大利,3.156619504743884e-06,MTAA,EUR,0.735,-0.68,09:20 CEST26 Apr 2024,0.74,25 Apr 2024
IT0001347308,IT0001347308-MTAA,Buzzi Unicem,BZU,BZU,B,EUR,608,MIL,MTAA,Borsa Italiana S.p.A.,italy,False,CX,D15,Cement,MIL:BZU,buzzi-unicem,stock,407904.0,6648824472.1011,USD,Non-Energy Minerals,Construction Materials,True,MIL,Italy,EUR,1.07336,66.488244721011,0.0043782783744,0.0001,欧洲,IT0001347308,True,MIL:BZU,BUZZI,,,,Buzzi Unicem,,制造业,建筑业,建筑材料,意大利,6.274955340733083e-05,MTAA,EUR,33.58,0.3,10:07 CEST26 Apr 2024,33.48,25 Apr 2024
FR0000120172,FR0000120172-XPAR,家乐福,CA,CA,A,EUR,710,EPA,XPAR,Euronext Paris,france,True,R,CX,Food Retailers and Wholesalers,EURONEXT:CA,carrefour,stock,1749597.715,11773992933.2952,USD,Retail Trade,Specialty Stores,True,EURONEXT,France,EUR,1.07336,117.739929332952,0.018779482033724,0.0002,欧洲,FR0000120172,True,EURONEXT:CA,CARREFOUR,,,家乐福,Carrefour,家乐福,消费,零售,专卖店,法国,0.0022547690075504,XPAR,EUR,15.92,1.43,10:08 CEST26 Apr 2024,15.695,25 Apr 2024
NL00150000S7,NL00150000S7-XAMS,CABKA N.V ,CABKA,CABKA,D,EUR,200,EAM,XAMS,Euronext Amsterdam,netherlands,False,R,,Containers and Packaging,,,,,,,,,,,,,,,,,,,,,,,,,CABKA N.V ,,,,,,,XAMS,EUR,5.30,-3.64,09:00 CEST26 Apr 2024,5.50,25 Apr 2024
GG00BMB5XZ39,GG00BMB5XZ39-XAMS,DISRUPTIVE CAP SHA,DCACS,CABLE,D,GBP,200,EAM,XAMS,Euronext Amsterdam,netherlands,False,R,,Electrical Components,,,,,,,,,,,,,,,,,,,,,,,,,DISRUPTIVE CAP SHA,,,,,,,,,,,,,
FR0000045528,FR0000045528-XPAR,农业信贷银行 SE,CAF,CAF,D,EUR,710,EPA,XPAR,Euronext Paris,france,False,R,,Banks,EURONEXT:CAF,credit-agricole,stock,64.71,566945652.3792001,USD,Finance,Regional Banks,True,EURONEXT,France,EUR,1.07336,5.669456523792001,6.94571256e-07,0.0,欧洲,FR0000045528,True,EURONEXT:CAF,CRCAM PARIS ET IDF,,,,Crdit Agricole d'Ile-de-France,农业信贷银行,金融,银行,地区银行,法国,4.2719184502783527e-19,XPAR,EUR,64.71,0,09:00 CEST26 Apr 2024,64.71,25 Apr 2024
FR0010151589,FR0010151589-XPAR,CAFOM S.A.,CAFO,CAFO,D,EUR,710,EPA,XPAR,Euronext Paris,france,False,R,,Diversified Retailers,EURONEXT:CAFO,cafom-sa,stock,9.58,96331124.5868,USD,Retail Trade,Specialty Stores,True,EURONEXT,France,EUR,1.07336,0.963311245868,1.02827888e-07,0.0,欧洲,FR0010151589,True,EURONEXT:CAFO,CAFOM,,,,CAFOM S.A.,,消费,零售,专卖店,法国,2.8118392220051467e-08,XPAR,EUR,9.58,-1.03,09:00 CEST26 Apr 2024,9.68,25 Apr 2024
IT0004329733,IT0004329733-MTAA,Cairo Communication,CAI,CAI,D,EUR,608,MIL,MTAA,Borsa Italiana S.p.A.,italy,False,D15,,Media Agencies,MIL:CAI,cairo-communications-spa,stock,22635.2,309282928.9475,USD,Consumer Services,Publishing: Books/Magazines,True,MIL,Italy,EUR,1.07336,3.092829289475,0.00024295718272,0.0001,欧洲,IT0004329733,True,MIL:CAI,CAIRO COMMUNICATION,,,,Cairo Communication,,消费,可选消费,出版：书籍/杂志,意大利,3.438876468387241e-06,MTAA,EUR,2.15,0.23,10:05 CEST26 Apr 2024,2.145,25 Apr 2024
IT0003127930,IT0003127930-MTAA,Caltagirone,CALT,CALT,D,EUR,608,MIL,MTAA,Borsa Italiana S.p.A.,italy,False,D15,,Building Materials: Other,MIL:CALT,caltagirone,stock,104.8,667457103.8838,USD,Non-Energy Minerals,Construction Materials,True,MIL,Italy,EUR,1.07336,6.674571038838001,1.12488128e-06,0.0,欧洲,IT0003127930,True,MIL:CALT,CALTAGIRONE,,,,Caltagirone,,制造业,建筑业,建筑材料,意大利,2.04031840514818e-07,MTAA,EUR,5.24,1.16,09:21 CEST26 Apr 2024,5.18,25 Apr 2024
BE0003825420,BE0003825420-XBRU,Campine,CAMB,CAMB,D,EUR,320,EBR,XBRU,Euronext Brussels,belgium,False,R,,Specialty Chemicals,EURONEXT:CAMB,campine,stock,167013.0,123896850.0,USD,Non-Energy Minerals,Other Metals/Minerals,True,EURONEXT,Belgium,EUR,1.07336,1.2389685,0.0017926507368,0.0014,欧洲,BE0003825420,True,EURONEXT:CAMB,CAMPINE,,,,Campine,,资源,矿产,其他金属,比利时,0.0019767203579034,,,,,,,
BE0974298300,BE0974298300-ALXB,Candela Invest SA,CAND,CAND,D,EUR,320,EBR,ALXB,Euronext Brussels,belgium,False,R,,Diversified Financial Services ,,,,,,,,,,,,,,,,,,,,,,,,,Candela Invest SA,,,,,,,,,,,,,
FR0000125338,FR0000125338-XPAR,凯捷,CAP,CAP,A,EUR,710,EPA,XPAR,Euronext Paris,france,True,R,CX,Computer Services,EURONEXT:CAP,capgemini,stock,3105903.8000000003,37148605365.7919,USD,Technology Services,Information Technology Services,True,EURONEXT,France,EUR,1.07336,371.486053657919,0.03333752902768,0.0001,欧洲,FR0000125338,True,EURONEXT:CAP,CAPGEMINI,,,凯捷,Capgemini,凯捷,科技,IT技术,信息技术,法国,0.0003414137455888,XPAR,EUR,201.40,0.15,10:08 CEST26 Apr 2024,201.10,25 Apr 2024
FR0010828137,FR0010828137-XPAR,Carmila,CARD,CARM,C,EUR,710,EPA,XPAR,Euronext Paris,france,True,R,,Retail REITs,EURONEXT:CARM,carmila,fund,55592.920000000006,2557423858.6781,USD,Retail Trade,Discount Stores,True,EURONEXT,France,EUR,1.07336,25.574238586781,0.000596712166112,0.0,欧洲,,,,,,,,Carmila,,消费,零售,折扣店,法国,0.0,XPAR,EUR,16.78,0.12,10:04 CEST26 Apr 2024,16.76,25 Apr 2024
FR0000064156,FR0000064156-XPAR,Carpinienne de Participations,CARP,CARP,D,EUR,710,EPA,XPAR,Euronext Paris,france,False,R,,Real Estate Holding and Development,,,,,,,,,,,,,,,,,,,,,,,,,Carpinienne de Participations,,,,,,,,,,,,,
FR0000045544,FR0000045544-XPAR,Crdit Agricole Toulouse 31 CCI,CAT31,CAT31,D,EUR,710,EPA,XPAR,Euronext Paris,france,False,R,,Banks,EURONEXT:CAT31,,stock,64.01,97847403.2,USD,Finance,Regional Banks,True,EURONEXT,France,EUR,1.07336,0.978474032,6.870577360000002e-07,0.0,欧洲,FR0000045544,True,EURONEXT:CAT31,CA TOULOUSE 31 CCI,,,,Crdit Agricole Toulouse 31 CCI,,金融,银行,地区银行,法国,7.342366511410412e-11,XPAR,EUR,64.50,0.78,09:54 CEST26 Apr 2024,64.00,25 Apr 2024
FR0010193052,FR0010193052-XPAR,Catana Group,CATG,CATG,D,EUR,710,EPA,XPAR,Euronext Paris,france,False,R,,Recreational Vehicles and Boats,EURONEXT:CATG,catana,stock,15851.825,159068461.43829998,USD,Producer Manufacturing,Trucks/Construction/Farm Machinery,True,EURONEXT,France,EUR,1.07336,1.5906846143829998,0.00017014714882,0.0001,欧洲,FR0010193052,True,EURONEXT:CATG,CATANA,,,,Catana Group,,制造业,机械,工程机械,法国,4.673176318217591e-05,XPAR,EUR,4.845,0.31,09:54 CEST26 Apr 2024,4.83,25 Apr 2024
US1491231015,US1491231015-XPAR,卡特彼勒 SE,CATR,CATR,D,EUR,710,EPA,XPAR,Euronext Paris,france,False,R,,Machinery: Construction and Handling,EURONEXT:CATR,caterpillar,stock,14743.0,168789523621.0,USD,Producer Manufacturing,Trucks/Construction/Farm Machinery,False,EURONEXT,United States,EUR,1.07336,1687.89523621,0.0001582454648,0.0,欧洲,US1491231015,False,NYSE:CAT,Caterpillar,,,,Caterpillar,卡特彼勒,制造业,机械,工程机械,法国,0.0001455161552106,,,,,,,
FR0000079659,FR0000079659-XPAR,Compagnie du Cambodge,CBDG,CBDG,D,EUR,710,EPA,XPAR,Euronext Paris,france,False,R,,Diversified Financial Services ,EURONEXT:CBDG,cambodge-nom,stock,13600.0,4082908595.6727,USD,Commercial Services,Advertising/Marketing Services,True,EURONEXT,France,EUR,1.07336,40.829085956727,0.00014597696,0.0,欧洲,FR0000079659,True,EURONEXT:CBDG,CAMBODGE NOM.,,,,Compagnie du Cambodge,,消费,商业服务,广告营销,法国,0.0,,,,,,,
FR0010193979,FR0010193979-XPAR,Cbo Territoria,CBOT,CBOT,D,EUR,710,EPA,XPAR,Euronext Paris,france,False,R,,Real Estate Holding and Development,EURONEXT:CBOT,cbo-territoria,stock,18903.3,141735455.17369998,USD,Finance,Real Estate Development,True,EURONEXT,La Reunion,EUR,1.07336,1.4173545517369996,0.00020290046088,0.0001,欧洲,FR0010193979,True,EURONEXT:CBOT,CBO TERRITORIA,,,,Cbo Territoria,,金融,房地产,房地产开发,法国,4.8492645057863166e-06,XPAR,EUR,3.69,0,09:55 CEST26 Apr 2024,3.69,25 Apr 2024
FR0006239109,FR0006239109-XPAR,Socit Centrale des Bois et Scieries de la Manche,CBSM,CBSM,D,EUR,710,EPA,XPAR,Euronext Paris,france,False,R,,Diversified REITs,EURONEXT:CBSM,scbsm,fund,1555.5,120731020.5256,USD,Finance,Real Estate Development,True,EURONEXT,France,EUR,1.07336,1.207310205256,1.6696114800000002e-05,0.0,欧洲,,,,,,,,Socit Centrale des Bois et Scieries de la Manche,,金融,房地产,房地产开发,法国,0.0,,,,,,,
GB00BDCPN049,GB00BDCPN049-XAMS,可口可乐 SE,CCE,CCEP,B,EUR,200,EAM,XAMS,Euronext Amsterdam,netherlands,False,R,CX,Soft Drinks,EURONEXT:CCEP,coca-cola,stock,46745.600000000006,32550549939.0,USD,Consumer Non-Durables,Beverages: Non-Alcoholic,False,EURONEXT,United Kingdom,EUR,1.07336,325.50549939,0.00050174857216,0.0,欧洲,GB00BDCPN049,False,NASDAQ:CCEP,Coca-Cola Europacific Partners,,,,Coca-Cola European Partners PLC,可口可乐,消费,食品饮料,饮料,荷兰,8.39940546809861e-06,XAMS,EUR,66.30,0.3,10:08 CEST26 Apr 2024,66.10,25 Apr 2024
FR0000044364,FR0000044364-XPAR,Crdit Agricole Mutuel de Normandie Seine,CCN,CCN,D,EUR,710,EPA,XPAR,Euronext Paris,france,False,R,,Banks,EURONEXT:CCN,ca-normandie-seine-cci,stock,29299.5,85331310.1593,USD,Finance,Regional Banks,True,EURONEXT,France,EUR,1.07336,0.853313101593,0.0003144891132,0.0004,欧洲,FR0000044364,True,EURONEXT:CCN,CRCAM NORM.SEINE,,,,Crdit Agricole Mutuel de Normandie Seine,,金融,银行,地区银行,法国,0.0001327510582038,XPAR,EUR,76.50,1.32,09:14 CEST26 Apr 2024,75.50,25 Apr 2024
FR0000053324,FR0000053324-XPAR,阿尔卑斯集团,CDA,CDA,C,EUR,710,EPA,XPAR,Euronext Paris,france,False,R,CX,Recreational Services,EURONEXT:CDA,compagnie-des-alpes,stock,76526.52,758535647.796,USD,Consumer Services,Movies/Entertainment,True,EURONEXT,France,EUR,1.07336,7.58535647796,0.000821405055072,0.0001,欧洲,FR0000053324,True,EURONEXT:CDA,ALPES (COMPAGNIE),,,阿尔卑斯集团,Compagnie des Alpes,,消费,可选消费,电影娱乐,法国,3.5512677614163743e-06,XPAR,EUR,13.88,-0.86,10:01 CEST26 Apr 2024,14.00,25 Apr 2024
FR0000130403,FR0000130403-XPAR,迪奥,CDI,CDI,B,EUR,710,EPA,XPAR,Euronext Paris,france,False,R,CX,Clothing and Accessories,EURONEXT:CDI,dior,stock,157397.0,140790479946.1411,USD,Consumer Non-Durables,Consumer Sundries,True,EURONEXT,France,EUR,1.07336,1407.9047994614111,0.0016894364392,0.0,欧洲,FR0000130403,True,EURONEXT:CDI,CHRISTIAN DIOR,,,迪奥,Christian Dior,迪奥,消费,日常消费,小商品,法国,0.0001037651771336,XPAR,EUR,736.00,1.17,09:57 CEST26 Apr 2024,727.50,25 Apr 2024
IT0003121677,IT0003121677-MTAA,Credito Emiliano,CE,CE,B,EUR,608,MIL,MTAA,Borsa Italiana S.p.A.,italy,False,CX,D15,Banks,MIL:CE,credem,stock,44418.95,3484022495.1958,USD,Finance,Major Banks,True,MIL,Italy,EUR,1.07336,34.840224951958,0.00047677524172,0.0,欧洲,IT0003121677,True,MIL:CE,CREDEM,,,,Credito Emiliano,,金融,银行,主要银行,意大利,4.0963946245742095e-05,MTAA,EUR,9.64,0.84,10:07 CEST26 Apr 2024,9.56,25 Apr 2024
IT0001472171,IT0001472171-MTAA,Caltagirone Editore,CED,CED,D,EUR,608,MIL,MTAA,Borsa Italiana S.p.A.,italy,False,D15,,Publishing,MIL:CED,caltagirone-editore,stock,170.25,130591467.7208,USD,Consumer Services,Publishing: Newspapers,True,MIL,Italy,EUR,1.07336,1.305914677208,1.8273954e-06,0.0,欧洲,IT0001472171,True,MIL:CED,CALTAGIRONE EDIT,,,,Caltagirone Editore,,消费,可选消费,出版：报纸,意大利,1.0651949109522326e-07,MTAA,EUR,1.135,-0.44,09:16 CEST26 Apr 2024,1.14,25 Apr 2024
IT0005244618,IT0005244618-MTAA,Cellularline,CELL,CELL,D,EUR,608,MIL,MTAA,Borsa Italiana S.p.A.,italy,False,D15,,Specialty Retailers,MIL:CELL,,stock,133.44,64073781.6005,USD,Consumer Durables,Electronics/Appliances,True,MIL,Italy,EUR,1.07336,0.640737816005,1.4322915840000002e-06,0.0,欧洲,IT0005244618,True,MIL:CELL,CELLULARLINE,,,,Cellularline,,消费,可选消费,电子电器,意大利,4.792181000253014e-07,MTAA,EUR,2.78,1.09,09:39 CEST26 Apr 2024,2.75,25 Apr 2024
NL0013995087,NL0013995087-MTAA,Cementir Holding,CEM,CEM,C,EUR,608,MIL,MTAA,Borsa Italiana S.p.A.,italy,False,CX,D15,Cement,MIL:CEM,cementir,stock,20963.97,1630526033.258,USD,Non-Energy Minerals,Construction Materials,True,MIL,Italy,EUR,1.07336,16.305260332579998,0.000225018868392,0.0,欧洲,NL0013995087,True,MIL:CEM,CEMENTIR HOLDING,,,,Cementir Holding,,制造业,建筑业,建筑材料,意大利,1.8376844934543133e-05,MTAA,EUR,9.81,0.82,09:12 CEST26 Apr 2024,9.73,25 Apr 2024
FR0000036675,FR0000036675-XPAR,Groupe Crit,CEN,CEN,D,EUR,710,EPA,XPAR,Euronext Paris,france,False,R,,Business Training and Employment Agencies,EURONEXT:CEN,groupe-crit,stock,3975.0,895466221.1489999,USD,Commercial Services,Personnel Services,True,EURONEXT,France,EUR,1.07336,8.95466221149,4.2666060000000005e-05,0.0,欧洲,FR0000036675,True,EURONEXT:CEN,GROUPE CRIT,,,,Groupe Crit,,消费,商业服务,人力资源,法国,5.623788714347127e-07,XPAR,EUR,75.00,-0.27,09:39 CEST26 Apr 2024,75.20,25 Apr 2024
BE0974303357,BE0974303357-XBRU,Cenergy Holdings SA,CENER,CENER,D,EUR,320,EBR,XBRU,Euronext Brussels,belgium,False,R,,Electrical Components,EURONEXT:CENER,cenergy,stock,31048.800000000003,1533986121.5613,USD,Producer Manufacturing,Electrical Products,True,EURONEXT,Belgium,EUR,1.07336,15.339861215613,0.00033326539968,0.0,欧洲,BE0974303357,True,EURONEXT:CENER,CENERGY,,,,Cenergy Holdings SA,,制造业,机械,电力设备,比利时,1.915534552066901e-05,XBRU,EUR,7.63,0.93,10:00 CEST26 Apr 2024,7.56,25 Apr 2024
BE0003883031,BE0003883031-XBRU,CIE D ENTREPRISES CFE - CFE SA,CFEB,CFEB,D,EUR,320,EBR,XBRU,Euronext Brussels,belgium,False,R,,Construction,EURONEXT:CFEB,cfe,stock,2926.08,209906948.6288,USD,Industrial Services,Engineering & Construction,True,EURONEXT,Belgium,EUR,1.07336,2.099069486288,3.1407372288e-05,0.0,欧洲,BE0003883031,True,EURONEXT:CFEB,CFE,,,,CIE D ENTREPRISES CFE - CFE SA,,制造业,建筑业,建筑工程,比利时,3.0941202455751394e-06,XBRU,EUR,7.66,-0.91,10:03 CEST26 Apr 2024,7.73,25 Apr 2024
PTCFN0AE0003,PTCFN0AE0003-XLIS,Cofina,CFN,CFN,D,EUR,560,ELI,XLIS,Euronext Lisbon,portugal,False,R,,Publishing,EURONEXT:CFN,cofina-sgps,stock,4000.0,44889129.9401,USD,Consumer Services,Publishing: Newspapers,True,EURONEXT,Portugal,EUR,1.07336,0.448891299401,4.293440000000001e-05,0.0001,欧洲,PTCFN0AE0003,True,EURONEXT:CFN,COFINA-SGPS,,,,Cofina,,消费,可选消费,出版：报纸,葡萄牙,3.932899425316657e-05,,,,,,,
FR0013181864,FR0013181864-XPAR,CGG SA,CGG,CGG,C,EUR,710,EPA,XPAR,Euronext Paris,france,False,R,,Oil Equipment and Services,EURONEXT:CGG,cgg,stock,234689.238,315476424.13629997,USD,Industrial Services,Oilfield Services/Equipment,True,EURONEXT,France,EUR,1.07336,3.1547642413629995,0.0025190604049968,0.0008,欧洲,FR0013181864,True,EURONEXT:CGG,CGG,,,,CGG SA,,资源,能源,油服工程,法国,0.000978252284417,XPAR,EUR,0.4188,1.63,10:07 CEST26 Apr 2024,0.4121,25 Apr 2024
FR0000053506,FR0000053506-XPAR,Cegedim,CGM,CGM,D,EUR,710,EPA,XPAR,Euronext Paris,france,False,R,,Computer Services,EURONEXT:CGM,cegedim-sa,stock,11314.25,199790980.0028,USD,Technology Services,Packaged Software,True,EURONEXT,France,EUR,1.07336,1.997909800028,0.0001214426338,0.0001,欧洲,FR0000053506,True,EURONEXT:CGM,CEGEDIM,,,,Cegedim,,科技,IT技术,软件开发,法国,4.585737927371121e-06,XPAR,EUR,13.55,0.37,09:14 CEST26 Apr 2024,13.50,25 Apr 2024
FR0000060907,FR0000060907-XPAR,Chausseria,CHSR,CHSR,D,EUR,710,EPA,XPAR,Euronext Paris,france,False,R,,Footwear,EURONEXT:CHSR,chausseria,stock,6.5,3347841.9923,USD,Consumer Non-Durables,Apparel/Footwear,True,EURONEXT,France,EUR,1.07336,0.033478419923,6.976840000000001e-08,0.0,欧洲,,,,,,,,Chausseria,,消费,日常消费,服装鞋类,法国,1.876412722963273e-08,,,,,,,
IT0003389522,IT0003389522-MTAA,Compagnia Immobiliare Azionaria,CIA,CIA,D,EUR,608,MIL,MTAA,Borsa Italiana S.p.A.,italy,False,D15,,Real Estate Holding and Development,MIL:CIA,compagnia-immobiliare-aziona,stock,1970.214,4059210.5062,USD,Finance,Real Estate Investment Trusts,True,MIL,Italy,EUR,1.07336,0.040592105062,2.1147488990400003e-05,0.0005,欧洲,,,,,,,,Compagnia Immobiliare Azionaria,,金融,房地产,房地产投资信托,意大利,0.0,MTAA,EUR,0.041,0,09:27 CEST26 Apr 2024,0.041,25 Apr 2024
IT0000070786,IT0000070786-MTAA,Cofide,CIR,CIR,C,EUR,608,MIL,MTAA,Borsa Italiana S.p.A.,italy,False,CX,D15,Diversified Industrials,MIL:CIR,cir,stock,12320.579999999998,647909403.3446,USD,Producer Manufacturing,Auto Parts: OEM,True,MIL,Italy,EUR,1.07336,6.479094033446,0.000132244177488,0.0,欧洲,IT0000070786,True,MIL:CIR,CIR,,,,Cofide,,制造业,汽车,汽车零部件,意大利,1.5877260508788502e-05,MTAA,EUR,0.56,0.18,10:06 CEST26 Apr 2024,0.559,25 Apr 2024
FR0000045213,FR0000045213-XPAR,Crdit Agricole Mutuel de l'Ille et Vilaine,CIV,CIV,D,EUR,710,EPA,XPAR,Euronext Paris,france,False,R,,Banks,EURONEXT:CIV,ca-ille-et-vilaine-cci,stock,2243.16,150417834.266,USD,Finance,Regional Banks,True,EURONEXT,France,EUR,1.07336,1.50417834266,2.4077182176e-05,0.0,欧洲,FR0000045213,True,EURONEXT:CIV,CRCAM ILLE-VIL.CCI,,,,Crdit Agricole Mutuel de l'Ille et Vilaine,,金融,银行,地区银行,法国,2.137450732524275e-07,XPAR,EUR,62.31,0.16,09:08 CEST26 Apr 2024,62.21,25 Apr 2024
FR0013426004,FR0013426004-XPAR,Claranova SA,CLA,CLA,D,EUR,710,EPA,XPAR,Euronext Paris,france,False,R,,Software,EURONEXT:CLA,claranova-se,stock,73034.08,152459778.7872,USD,Technology Services,Packaged Software,True,EURONEXT,France,EUR,1.07336,1.524597787872,0.000783918601088,0.0005,欧洲,FR0013426004,True,EURONEXT:CLA,CLARANOVA,,,,Claranova SA,,科技,IT技术,软件开发,法国,0.0006102164348633,XPAR,EUR,2.46,-1.4,10:08 CEST26 Apr 2024,2.495,25 Apr 2024
FR0010386334,FR0010386334-XPAR,Korian,KORI,CLARI,C,EUR,710,EPA,XPAR,Euronext Paris,france,True,R,CX,Health Care Facilities,EURONEXT:CLARI,korian,stock,405746.319,181384352.2889,USD,Health Services,Medical/Nursing Services,True,EURONEXT,France,EUR,1.07336,1.813843522889,0.0043551186896184,0.0024,欧洲,FR0010386334,True,EURONEXT:CLARI,CLARIANE SE,,,,Korian,,医药,健康服务,健康服务,法国,0.0204992640053445,XPAR,EUR,1.766,11.49,10:08 CEST26 Apr 2024,1.584,25 Apr 2024
IT0005117848,IT0005117848-MTAA,Class Editori,CLE,CLE,D,EUR,608,MIL,MTAA,Borsa Italiana S.p.A.,italy,False,D15,,Publishing,MIL:CLE,class-editori-spa,stock,166.3578,29345916.1166,USD,Consumer Services,Publishing: Books/Magazines,True,MIL,Italy,EUR,1.07336,0.293459161166,1.78561808208e-06,0.0,欧洲,IT0005117848,True,MIL:CLE,CLASS EDITORI,,,,Class Editori,,消费,可选消费,出版：书籍/杂志,意大利,8.416757189015802e-07,MTAA,EUR,0.0978,-1.21,09:23 CEST26 Apr 2024,0.099,25 Apr 2024
BE0003463685,BE0003463685-XBRU,CUMULEX,SUCR,CLEX,D,EUR,320,EBR,XBRU,Euronext Brussels,belgium,False,R,,Food Products,,,,,,,,,,,,,,,,,,,,,,,,,CUMULEX,,,,,,,,,,,,,
IT0003025019,IT0003025019-MTAA,Caleffi,CLF,CLF,D,EUR,608,MIL,MTAA,Borsa Italiana S.p.A.,italy,False,D15,,Household Equipment and Products,MIL:CLF,caleffi-spa,stock,4079.188,14664751.9033,USD,Consumer Durables,Home Furnishings,True,MIL,Italy,EUR,1.07336,0.146647519033,4.378437231680001e-05,0.0003,欧洲,,,,,,,,Caleffi,,消费,可选消费,家居摆设,意大利,1.4146551681453438e-05,MTAA,EUR,0.878,-0.9,09:39 CEST26 Apr 2024,0.886,25 Apr 2024
IT0003023980,IT0003023980-MTAA,Centrale del Latte d'Italia,CLI,CLI,D,EUR,608,MIL,MTAA,Borsa Italiana S.p.A.,italy,False,D15,,Food Products,MIL:CLI,centrale-del-latte-d-italia,stock,5660.08,41749540.8531,USD,Consumer Non-Durables,Food: Meat/Fish/Dairy,True,MIL,Italy,EUR,1.07336,0.417495408531,6.075303468800001e-05,0.0001,欧洲,IT0003023980,True,MIL:CLI,CENTRALE DEL LATTE D'ITALIA,,,,Centrale del Latte d'Italia,,消费,食品饮料,肉蛋奶,意大利,3.5841635743646194e-05,,,,,,,
IT0001128047,IT0001128047-MTAA,Cembre,CMB,CMB,D,EUR,608,MIL,MTAA,Borsa Italiana S.p.A.,italy,False,D15,,Electrical Components,MIL:CMB,cembre,stock,687.2,766853541.6642,USD,Electronic Technology,Electronic Components,True,MIL,Italy,EUR,1.07336,7.668535416642,7.37612992e-06,0.0,欧洲,IT0001128047,True,MIL:CMB,CEMBRE,,,,Cembre,,科技,电子,元器件,意大利,4.1322215580908426e-07,MTAA,EUR,42.95,0.59,09:39 CEST26 Apr 2024,42.70,25 Apr 2024
NL0012747059,NL0012747059-XAMS,CM.com,CMCOM,CMCOM,D,EUR,200,EAM,XAMS,Euronext Amsterdam,netherlands,False,R,,Computer Services,EURONEXT:CMCOM,cm-com,stock,23572.23,205478661.7425,USD,Technology Services,Packaged Software,True,EURONEXT,Netherlands,EUR,1.07336,2.054786617425,0.000253014887928,0.0001,欧洲,NL0012747059,True,EURONEXT:CMCOM,CM.COM,,,,CM.com,,科技,IT技术,软件开发,荷兰,0.0001518346370113,XAMS,EUR,6.70,1.82,09:56 CEST26 Apr 2024,6.58,25 Apr 2024
FR0000045551,FR0000045551-XPAR,Crdit Agricole du Morbihan,CMO,CMO,D,EUR,710,EPA,XPAR,Euronext Paris,france,False,R,,Banks,EURONEXT:CMO,,stock,3128.0,115757335.4148,USD,Finance,Regional Banks,True,EURONEXT,France,EUR,1.07336,1.157573354148,3.35747008e-05,0.0,欧洲,FR0000045551,True,EURONEXT:CMO,CRCAM MORBIHAN CCI,,,,Crdit Agricole du Morbihan,,金融,银行,地区银行,法国,0.0,XPAR,EUR,68.00,0,09:09 CEST26 Apr 2024,68.00,25 Apr 2024
FR0000185514,FR0000185514-XPAR,Crdit Agricole Mutuel du Nord de France,CNF,CNDF,D,EUR,710,EPA,XPAR,Euronext Paris,france,False,R,,Banks,EURONEXT:CNDF,ca-nord-de-france-cci,stock,17475.25,256951824.7604,USD,Finance,Major Banks,True,EURONEXT,France,EUR,1.07336,2.569518247604,0.0001875723434,0.0001,欧洲,FR0000185514,True,EURONEXT:CNDF,CRCAM NORD CCI,,,,Crdit Agricole Mutuel du Nord de France,,金融,银行,主要银行,法国,4.010453743495855e-05,XPAR,EUR,14.378,2.7,10:02 CEST26 Apr 2024,14.00,25 Apr 2024
IT0004105653,IT0004105653-MTAA,Conafi Prestito,CNF,CNF,D,EUR,608,MIL,MTAA,Borsa Italiana S.p.A.,italy,False,D15,,Consumer Lending,MIL:CNF,conafi-spa,stock,411.562,7707540.4406,USD,Finance,Finance/Rental/Leasing,True,MIL,Italy,EUR,1.07336,0.077075404406,4.417541883200001e-06,0.0001,欧洲,IT0004105653,True,MIL:CNF,CONAFI,,,,Conafi Prestito,,金融,资产管理,金融租赁,意大利,1.479670525810574e-05,,,,,,,
NL0010545661,NL0010545661-MTAA,CNH Industrial,CNHI,CNHI,A,EUR,608,MIL,MTAA,Borsa Italiana S.p.A.,italy,False,CX,D15,Machinery: Agricultural,,,,,,,,,,,,,,,,,,,,,,,,,CNH Industrial,,,,,,,,,,,,,
IT0005466153,IT0005466153-MTAA,CIVITANAVI SYSTEMS,CNS,CNS,D,EUR,608,MIL,MTAA,Borsa Italiana S.p.A.,italy,False,D15,,Electronic Equipment: Gauges and Meters,MIL:CNS,,stock,2574.2,201277137.2,USD,Electronic Technology,Aerospace & Defense,True,MIL,Italy,EUR,1.07336,2.012771372,2.7630433120000004e-05,0.0,欧洲,IT0005466153,True,MIL:CNS,CIVITANAVI SYSTEMS,,,,CIVITANAVI SYSTEMS,,制造业,机械,航空航天与国防,意大利,0.0,MTAA,EUR,6.10,0,09:30 CEST26 Apr 2024,6.10,25 Apr 2024
NL0010949392,NL0010949392-XPAR,Cnova,CNV,CNV,D,EUR,710,EPA,XPAR,Euronext Paris,france,False,R,,Diversified Retailers,EURONEXT:CNV,cnova,stock,89.4,555460824.1556,USD,Retail Trade,Catalog/Specialty Distribution,True,EURONEXT,Netherlands,EUR,1.07336,5.554608241555999,9.5958384e-07,0.0,欧洲,NL0010949392,True,EURONEXT:CNV,CNOVA,,,,Cnova,,消费,零售,综合零售,法国,7.363771651110818e-08,XPAR,EUR,1.49,-0.67,09:00 CEST26 Apr 2024,1.50,25 Apr 2024
FR0000125585,FR0000125585-XPAR,卡西诺集团,CO,CO,C,EUR,710,EPA,XPAR,Euronext Paris,france,False,R,CX,Food Retailers and Wholesalers,EURONEXT:CO,casino-guichard,stock,180372.1155,1140443723.2218,USD,Retail Trade,Food Retail,True,EURONEXT,France,EUR,1.07336,11.404437232218,0.0019360421389308,0.0002,欧洲,FR0000125585,True,EURONEXT:CO,CASINO GUICHARD,,,卡西诺集团,Casino Guichard,,消费,零售,食品零售,法国,0.001635302520869,XPAR,EUR,0.0293,2.81,10:06 CEST26 Apr 2024,0.0285,25 Apr 2024
BE0003519270,BE0003519270-ALXB,Co.Br.Ha.,COBH,COBH,D,EUR,320,EBR,ALXB,Euronext Brussels,belgium,False,R,,Brewers,EURONEXT:COBH,cobrha-d,stock,1740.0,139987355.36349997,USD,Consumer Non-Durables,Beverages: Alcoholic,True,EURONEXT,Belgium,EUR,1.07336,1.3998735536349998,1.8676464e-05,0.0,欧洲,BE0003519270,True,EURONEXT:COBH,CO.BR.HA (D),,,,Co.Br.Ha.,,消费,食品饮料,酒,比利时,0.0,,,,,,,
FR0010667147,FR0010667147-XPAR,Coface SA,COFA,COFA,B,EUR,710,EPA,XPAR,Euronext Paris,france,False,R,,Property and Casualty Insurance,EURONEXT:COFA,coface,stock,261399.6,2311289145.0085,USD,Finance,Specialty Insurance,True,EURONEXT,France,EUR,1.07336,23.112891450085,0.00280575874656,0.0001,欧洲,FR0010667147,True,EURONEXT:COFA,COFACE,,,,Coface SA,,金融,保险,专业保险,法国,1.8428252672585868e-05,XPAR,EUR,14.50,0.28,10:07 CEST26 Apr 2024,14.46,25 Apr 2024
BE0003593044,BE0003593044-XBRU,Cofinimmo,COFB,COFB,B,EUR,320,EBR,XBRU,Euronext Brussels,belgium,True,R,CX,Health Care REITs,EURONEXT:COFB,cofinimmo,fund,934216.0,2422853149.1634,USD,Finance,Real Estate Investment Trusts,True,EURONEXT,Belgium,EUR,1.07336,24.228531491634,0.0100275008576,0.0004,欧洲,,,,,,,,Cofinimmo,,金融,房地产,房地产投资信托,比利时,0.0007320730429673,XBRU,EUR,61.75,0.41,10:05 CEST26 Apr 2024,61.50,25 Apr 2024
FR0004031763,FR0004031763-XPAR,Coheris,COH,COH,D,EUR,710,EPA,XPAR,Euronext Paris,france,False,R,,Software,EURONEXT:COH,coheris-sa,stock,132045.44,32690192.4541,USD,Electronic Technology,Electronic Components,True,EURONEXT,France,EUR,1.07336,0.326901924541,0.001417322934784,0.0043,欧洲,FR0004031763,True,EURONEXT:COH,COHERIS,,,,Coheris,,科技,电子,元器件,法国,0.0205054693123709,XPAR,EUR,6.08,13.43,10:07 CEST26 Apr 2024,5.36,25 Apr 2024
BE0974256852,BE0974256852-XBRU,Colruyt,COLR,COLR,B,EUR,320,EBR,XBRU,Euronext Brussels,belgium,True,R,CX,Food Retailers and Wholesalers,EURONEXT:COLR,colruyt,stock,211887.48,5716080098.0713,USD,Retail Trade,Food Retail,True,EURONEXT,Belgium,EUR,1.07336,57.160800980713,0.002274315455328,0.0,欧洲,BE0974256852,True,EURONEXT:COLR,COLRUYT,,,,Colruyt,,消费,零售,食品零售,比利时,0.0001198495058114,XBRU,EUR,43.42,1.12,10:07 CEST26 Apr 2024,42.94,25 Apr 2024
BE0003592038,BE0003592038-XBRU,Compagnie du Bois Sauvage,COMB,COMB,D,EUR,320,EBR,XBRU,Euronext Brussels,belgium,False,R,,Asset Managers and Custodians,EURONEXT:COMB,cie-bois-sauvage,stock,8785.0,446549737.9701,USD,Finance,Financial Conglomerates,True,EURONEXT,Belgium,EUR,1.07336,4.465497379701,9.4294676e-05,0.0,欧洲,BE0003592038,True,EURONEXT:COMB,CIE BOIS SAUVAGE,,,,Compagnie du Bois Sauvage,,金融,资产管理,金融集团,比利时,0.0,XBRU,EUR,251.00,0,09:57 CEST26 Apr 2024,251.00,25 Apr 2024
PTCOR0AE0006,PTCOR0AE0006-XLIS,Corticeira Amorim,COR,COR,C,EUR,560,ELI,XLIS,Euronext Lisbon,portugal,False,R,,Containers and Packaging,EURONEXT:COR,corticeira-amorim-sgps,stock,8042.7,1375330173.3442,USD,Process Industries,Industrial Specialties,True,EURONEXT,Portugal,EUR,1.07336,13.753301733442,8.632712472000001e-05,0.0,欧洲,PTCOR0AE0006,True,EURONEXT:COR,CORTICEIRA AMORIM-SGPS,,,,Corticeira Amorim,,制造业,化工,特种工业品,葡萄牙,3.3567440787284572e-06,,,,,,,
FR0000065393,FR0000065393-XPAR,Courtois,COUR,COUR,D,EUR,710,EPA,XPAR,Euronext Paris,france,False,R,,Real Estate Holding and Development,EURONEXT:COUR,courtois-r,stock,254.0,9857403.9453,USD,Finance,Real Estate Development,True,EURONEXT,France,EUR,1.07336,0.098574039453,2.7263344e-06,0.0,欧洲,FR0000065393,True,EURONEXT:COUR,COURTOIS,,,,Courtois,,金融,房地产,房地产开发,法国,6.635314772374401e-06,,,,,,,
FR0000064578,FR0000064578-XPAR,COVIVIO,COV,COV,B,EUR,710,EPA,XPAR,Euronext Paris,france,True,R,CX,Office REITs,EURONEXT:COV,covivio,fund,337418.48,5031940082.7401,USD,Finance,Real Estate Investment Trusts,True,EURONEXT,France,EUR,1.07336,50.319400827401,0.003621714996928,0.0001,欧洲,,,,,,,,COVIVIO,,金融,房地产,房地产投资信托,法国,0.0010854893644808,XPAR,EUR,45.88,2.32,10:08 CEST26 Apr 2024,44.84,25 Apr 2024
FR0000060303,FR0000060303-XPAR,COVIVIO HOTELS,COVH,COVH,D,EUR,710,EPA,XPAR,Euronext Paris,france,False,R,,Hotel and Lodging REITs,EURONEXT:COVH,covivio,fund,47625.0,2375595673.5461,USD,Finance,Real Estate Investment Trusts,True,EURONEXT,France,EUR,1.07336,23.755956735461,0.0005111877,0.0,欧洲,,,,,,,,COVIVIO HOTELS,,金融,房地产,房地产投资信托,法国,8.00960548216789e-06,XPAR,EUR,14.95,0,10:02 CEST26 Apr 2024,14.95,25 Apr 2024
BE0974273055,BE0974273055-XBRU,Care Property Invest,CPINV,CPINV,C,EUR,320,EBR,XBRU,Euronext Brussels,belgium,False,R,CX,Residential REITs,EURONEXT:CPINV,care-property-invest,fund,57071.04,520550503.1287,USD,Finance,Real Estate Investment Trusts,True,EURONEXT,Belgium,EUR,1.07336,5.205505031287,0.000612577714944,0.0001,欧洲,,,,,,,,Care Property Invest,,金融,房地产,房地产投资信托,比利时,0.0001046461968556,XBRU,EUR,13.26,1.07,09:48 CEST26 Apr 2024,13.12,25 Apr 2024
NL0015435975,NL0015435975-MTAA,金巴利,CPR,CPR,A,EUR,608,MIL,MTAA,Borsa Italiana S.p.A.,italy,False,CX,D15,Distillers and Vintners,MIL:CPR,campari,stock,4609854.83,11327942920.129,USD,Consumer Non-Durables,Beverages: Alcoholic,True,MIL,Italy,EUR,1.07336,113.27942920129,0.049480337803288,0.0004,欧洲,NL0015435975,True,MIL:CPR,CAMPARI,,,金巴利,Davide Campari Milano,金巴利,消费,食品饮料,酒,意大利,0.0009567707733266,MTAA,EUR,9.43,0.53,10:08 CEST26 Apr 2024,9.38,25 Apr 2024
FR0000044323,FR0000044323-XPAR,农业信贷银行 SE,CRAP,CRAP,D,EUR,710,EPA,XPAR,Euronext Paris,france,False,R,,Banks,EURONEXT:CRAP,credit-agricole,stock,52560.0,54929170.7147,USD,Finance,Major Banks,True,EURONEXT,France,EUR,1.07336,0.5492917071469999,0.000564158016,0.001,欧洲,FR0000044323,True,EURONEXT:CRAP,CRCAM ALP.PROV.CCI,,,,Crdit Agricole Mutuel Alpes Provence,农业信贷银行,金融,银行,主要银行,法国,1.6734295793947634e-05,XPAR,EUR,72.50,0.43,10:03 CEST26 Apr 2024,72.19,25 Apr 2024
FR0000185506,FR0000185506-XPAR,Crdit Agricole Atlantique Vende,CRAV,CRAV,D,EUR,710,EPA,XPAR,Euronext Paris,france,False,R,,Banks,EURONEXT:CRAV,,stock,10289.6,115877785.6797,USD,Finance,Regional Banks,True,EURONEXT,France,EUR,1.07336,1.158777856797,0.00011044445056,0.0001,欧洲,FR0000185506,True,EURONEXT:CRAV,CRCAM ATL.VEND.CCI,,,,Crdit Agricole Atlantique Vende,,金融,银行,地区银行,法国,6.0631591557103625e-09,XPAR,EUR,87.20,-0.01,09:25 CEST26 Apr 2024,87.21,25 Apr 2024
NL0010583399,NL0010583399-XAMS,Corbion,CRBN,CRBN,B,EUR,200,EAM,XAMS,Euronext Amsterdam,netherlands,True,R,CX,Food Products,EURONEXT:CRBN,corbion,stock,1108794.12,1176515078.9483,USD,Consumer Non-Durables,Food: Specialty/Candy,True,EURONEXT,Netherlands,EUR,1.07336,11.765150789482998,0.011901352566432,0.001,欧洲,NL0010583399,True,EURONEXT:CRBN,CORBION,,,,Corbion,,消费,食品饮料,零食,荷兰,0.0107766310668712,XAMS,EUR,19.35,3.86,10:08 CEST26 Apr 2024,18.63,25 Apr 2024
FR0010483768,FR0010483768-XPAR,Crdit Agricole Mutuel Brie Picardie,CRBP2,CRBP2,D,EUR,710,EPA,XPAR,Euronext Paris,france,False,R,,Banks,EURONEXT:CRBP2,,stock,18709.6,321615871.3356,USD,Finance,Regional Banks,True,EURONEXT,France,EUR,1.07336,3.216158713356,0.00020082136256,0.0001,欧洲,FR0010483768,True,EURONEXT:CRBP2,CRCAM BRIE PIC2CCI,,,,Crdit Agricole Mutuel Brie Picardie,,金融,银行,地区银行,法国,4.105239792604533e-05,XPAR,EUR,18.20,1.09,09:06 CEST26 Apr 2024,18.004,25 Apr 2024
FR0000130692,FR0000130692-XPAR,Chargeurs,CRI,CRI,D,EUR,710,EPA,XPAR,Euronext Paris,france,False,R,,Diversified Industrials,EURONEXT:CRI,chargeurs,stock,2742.3199999999997,281115448.86990005,USD,Process Industries,Textiles,True,EURONEXT,France,EUR,1.07336,2.8111544886990005,2.9434965951999997e-05,0.0,欧洲,FR0000130692,True,EURONEXT:CRI,CHARGEURS,,,,Chargeurs,,制造业,化工,纺织品,法国,6.290489031165122e-05,XPAR,EUR,11.62,5.06,09:11 CEST26 Apr 2024,11.06,25 Apr 2024
IT0005331019,IT0005331019-MTAA,Carel Industries,CRL,CRL,C,EUR,608,MIL,MTAA,Borsa Italiana S.p.A.,italy,False,CX,D15,Building: Climate Control,MIL:CRL,carel-industries,stock,73057.68000000001,2173789586.9034,USD,Producer Manufacturing,Industrial Machinery,True,MIL,Italy,EUR,1.07336,21.737895869034,0.000784171914048,0.0,欧洲,IT0005331019,True,MIL:CRL,CAREL INDUSTRIES,,,,Carel Industries,,制造业,机械,机械加工设备,意大利,4.1868361914356224e-05,MTAA,EUR,18.30,1.44,10:06 CEST26 Apr 2024,18.04,25 Apr 2024
FR0010461053,FR0010461053-XPAR,Crdit Agricole Mutuel du Languedoc,CRLA,CRLA,D,EUR,710,EPA,XPAR,Euronext Paris,france,False,R,,Banks,EURONEXT:CRLA,,stock,12532.0,101235973.4659,USD,Finance,Regional Banks,True,EURONEXT,France,EUR,1.07336,1.012359734659,0.0001345134752,0.0001,欧洲,FR0010461053,True,EURONEXT:CRLA,CRCAM LANGUED CCI,,,,Crdit Agricole Mutuel du Languedoc,,金融,银行,地区银行,法国,5.663637817918627e-05,XPAR,EUR,51.96,1.29,09:57 CEST26 Apr 2024,51.30,25 Apr 2024
FR0000045239,FR0000045239-XPAR,Crdit Agricole Loire Haute Loire,CRLO,CRLO,D,EUR,710,EPA,XPAR,Euronext Paris,france,False,R,,Banks,EURONEXT:CRLO,,stock,1168.0,63481064.4336,USD,Finance,Regional Banks,True,EURONEXT,France,EUR,1.07336,0.634810644336,1.2536844800000002e-05,0.0,欧洲,FR0000045239,True,EURONEXT:CRLO,CRCAM LOIRE HAUTE LOIRE CCI,,,,Crdit Agricole Loire Haute Loire,,金融,银行,地区银行,法国,3.651438354726062e-06,XPAR,EUR,59.00,0.02,10:00 CEST26 Apr 2024,58.99,25 Apr 2024
FR0000050395,FR0000050395-XPAR,Crosswood,CROS,CROS,D,EUR,710,EPA,XPAR,Euronext Paris,france,False,R,,Real Estate Holding and Development,EURONEXT:CROS,crosswood,stock,15.5,88396317.6334,USD,Finance,Real Estate Development,True,EURONEXT,France,EUR,1.07336,0.8839631763339999,1.6637080000000004e-07,0.0,欧洲,FR0000050395,True,EURONEXT:CROS,CROSSWOOD,,,,Crosswood,,金融,房地产,房地产开发,法国,8.236734534125385e-07,,,,,,,
FR0000045346,FR0000045346-XPAR,Crdit Agricole Sud Rh?ne Alpes,CRSU,CRSU,D,EUR,710,EPA,XPAR,Euronext Paris,france,False,R,,Banks,EURONEXT:CRSU,,stock,13862.0,82758892.9614,USD,Finance,Regional Banks,True,EURONEXT,France,EUR,1.07336,0.827588929614,0.0001487891632,0.0002,欧洲,FR0000045346,True,EURONEXT:CRSU,CRCAM SUD R.A.CCI,,,,Crdit Agricole Sud Rh?ne Alpes,,金融,银行,地区银行,法国,9.86899254643593e-06,XPAR,EUR,120.00,0.86,10:07 CEST26 Apr 2024,118.98,25 Apr 2024
FR0000045304,FR0000045304-XPAR,Crdit Agricole Mutuel de la Touraine et du Poitou,CRTO,CRTO,D,EUR,710,EPA,XPAR,Euronext Paris,france,False,R,,Banks,EURONEXT:CRTO,,stock,1071.0,85675868.9082,USD,Finance,Major Banks,True,EURONEXT,France,EUR,1.07336,0.8567586890819999,1.14956856e-05,0.0,欧洲,FR0000045304,True,EURONEXT:CRTO,CRCAM TOURAINE CCI,,,,Crdit Agricole Mutuel de la Touraine et du Poitou,,金融,银行,主要银行,法国,0.0,XPAR,EUR,76.50,0,09:27 CEST26 Apr 2024,76.50,25 Apr 2024
FR0000120628,FR0000120628-XPAR,安盛保险,CS,CS,A,EUR,710,EPA,XPAR,Euronext Paris,france,True,R,CX,Full Line Insurance,EURONEXT:CS,axa,stock,7615051.62,81136089180.6631,USD,Finance,Multi-Line Insurance,True,EURONEXT,France,EUR,1.07336,811.360891806631,0.081736918068432,0.0001,欧洲,FR0000120628,True,EURONEXT:CS,AXA,,,安盛保险,AXA S.A.,安盛保险,金融,保险,多险种保险,法国,0.0017517409224161,XPAR,EUR,33.96,0.47,10:08 CEST26 Apr 2024,33.80,25 Apr 2024
IT0001127874,IT0001127874-MTAA,CSP International Fashion Group,CSP,CSP,D,EUR,608,MIL,MTAA,Borsa Italiana S.p.A.,italy,False,D15,,Textile Products,MIL:CSP,csp-international-fashion-gr,stock,5097.907,12116531.5993,USD,Consumer Non-Durables,Apparel/Footwear,True,MIL,Italy,EUR,1.07336,0.1211653159929999,5.47188945752e-05,0.0005,欧洲,IT0001127874,True,MIL:CSP,CSP INT IND CALZE,,,,CSP International Fashion Group,,消费,日常消费,服装鞋类,意大利,2.2536227135870207e-05,MTAA,EUR,0.293,1.03,09:28 CEST26 Apr 2024,0.29,25 Apr 2024
NL0000345577,NL0000345577-XAMS,Ctac,CTAC,CTAC,D,EUR,200,EAM,XAMS,Euronext Amsterdam,netherlands,False,R,,Computer Services,EURONEXT:CTAC,ctac,stock,62903.4,50996929.2713,USD,Technology Services,Information Technology Services,True,EURONEXT,Netherlands,EUR,1.07336,0.5099692927130001,0.00067517993424,0.0013,欧洲,NL0000345577,True,EURONEXT:CTAC,CTAC,,,,Ctac,,科技,IT技术,信息技术,荷兰,0.0002753128085455,XAMS,EUR,3.40,1.19,10:07 CEST26 Apr 2024,3.36,25 Apr 2024
NL0015000DC9,NL0015000DC9-XAMS,CTC ORD SHARES,CTCA1,CTCA1,D,EUR,200,EAM,XAMS,Euronext Amsterdam,netherlands,False,R,,Open End and Miscellaneous Investment Vehicles,,,,,,,,,,,,,,,,,,,,,,,,,CTC ORD SHARES,,,,,,,,,,,,,
NL00150006R6,NL00150006R6-XAMS,CTP,CTPNV,CTPNV,B,EUR,200,EAM,XAMS,Euronext Amsterdam,netherlands,False,R,CX,Real Estate Holding and Development,EURONEXT:CTPNV,ctp-nv,stock,356288.0,7713555680.939,USD,Finance,Real Estate Development,True,EURONEXT,Netherlands,EUR,1.07336,77.13555680939,0.0038242528768,0.0,欧洲,NL00150006R6,True,EURONEXT:CTPNV,CTP NV,,,,CTP,,金融,房地产,房地产开发,荷兰,2.75663156810936e-05,XAMS,EUR,16.00,-0.25,10:04 CEST26 Apr 2024,16.04,25 Apr 2024
PTCTT0AM0001,PTCTT0AM0001-XLIS,CTT Correios de Portugal SA,CTT,CTT,C,EUR,560,ELI,XLIS,Euronext Lisbon,portugal,False,R,CX,Delivery Services,EURONEXT:CTT,ctt-correios-de-portugal-sa,stock,65602.51999999999,686208517.759,USD,Transportation,Air Freight/Couriers,True,EURONEXT,Portugal,EUR,1.07336,6.862085177589999,0.0007041512086719,0.0001,欧洲,PTCTT0AM0001,True,EURONEXT:CTT,CTT-CORREIOS DE PORTUGAL,,,,CTT Correios de Portugal SA,,制造业,运输,物流,葡萄牙,7.343231570025529e-06,,,,,,,
BMG9887P1068,BMG9887P1068-XPAR,ZCI Ltd,CV,CV,D,EUR,710,EPA,XPAR,Euronext Paris,france,False,R,,Nonferrous Metals,,,,,,,,,,,,,,,,,,,,,,,,,ZCI Ltd,,,,,,,,,,,,,
BE0974260896,BE0974260896-XBRU,Celyad Oncology SA,CYAD,CYAD,D,EUR,320,EBR,XBRU,Euronext Brussels,belgium,False,R,,Biotechnology,EURONEXT:CYAD,celyad-oncology-sa,stock,1328.64,13998733.9273,USD,Health Technology,Biotechnology,True,EURONEXT,Belgium,EUR,1.07336,0.139987339273,1.4261090304000002e-05,0.0001,欧洲,BE0974260896,True,EURONEXT:CYAD,CELYAD ONCOLOGY,,,,Celyad Oncology SA,,医药,医疗,生物技术,比利时,1.1436432521408448e-05,"XBRU, XPAR",EUR,0.32,1.59,09:18 CEST26 Apr 2024,0.315,25 Apr 2024
IT0004053440,IT0004053440-MTAA,Datalogic,DAL,DAL,C,EUR,608,MIL,MTAA,Borsa Italiana S.p.A.,italy,False,CX,D15,Electronic Equipment: Control and Filter,MIL:DAL,datalogic,stock,3510.0000000000005,328614330.2587,USD,Electronic Technology,Electronic Equipment/Instruments,True,MIL,Italy,EUR,1.07336,3.286143302587,3.7674936000000006e-05,0.0,欧洲,IT0004053440,True,MIL:DAL,DATALOGIC,,,,Datalogic,,科技,电子,仪器设备,意大利,3.397403262510953e-07,MTAA,EUR,5.43,0.37,10:08 CEST26 Apr 2024,5.41,25 Apr 2024
IT0000076502,IT0000076502-MTAA,DANIELI & C. -OFF. MECCAN. SPA,DAN,DAN,C,EUR,608,MIL,MTAA,Borsa Italiana S.p.A.,italy,False,CX,D15,Machinery: Specialty,MIL:DAN,danieli-and-c,stock,74304.0,2216620353.5761003,USD,Producer Manufacturing,Industrial Machinery,True,MIL,Italy,EUR,1.07336,22.166203535761003,0.0007975494144,0.0,欧洲,IT0000076502,True,MIL:DAN,DANIELI & C,,,,DANIELI & C. -OFF. MECCAN. SPA,,制造业,机械,机械加工设备,意大利,1.1294002316833432e-05,MTAA,EUR,31.95,0.16,10:02 CEST26 Apr 2024,31.90,25 Apr 2024
IT0000076486,IT0000076486-MTAA,Danieli Rnc,DANR,DANR,B,EUR,608,MIL,MTAA,Borsa Italiana S.p.A.,italy,False,CX,D15,Machinery: Specialty,MIL:DANR,danieli-and-c,stock,93186.1,2216620353.5761003,USD,Producer Manufacturing,Industrial Machinery,False,MIL,Italy,EUR,1.07336,22.166203535761003,0.00100022232296,0.0,欧洲,IT0000076486,False,MIL:DAN,DANIELI & C,,,,Danieli Rnc,,制造业,机械,机械加工设备,意大利,4.86677988913781e-05,MTAA,EUR,23.90,0.63,09:43 CEST26 Apr 2024,23.75,25 Apr 2024
FR0000053381,FR0000053381-XPAR,Derichebourg,DBG,DBG,C,EUR,710,EPA,XPAR,Euronext Paris,france,False,R,,Waste and Disposal Services,EURONEXT:DBG,derichebourg,stock,113961.45,659662794.8856,USD,Transportation,Trucking,True,EURONEXT,France,EUR,1.07336,6.596627948856,0.00122321661972,0.0002,欧洲,FR0000053381,True,EURONEXT:DBG,DERICHEBOURG,,,,Derichebourg,,制造业,运输,卡车运输,法国,0.0006814826591053,XPAR,EUR,3.928,1.81,10:08 CEST26 Apr 2024,3.858,25 Apr 2024
FR0010417345,FR0010417345-XPAR,DBV Technologies SA,DBV,DBV,D,EUR,710,EPA,XPAR,Euronext Paris,france,False,R,,Biotechnology,EURONEXT:DBV,dbv-technologies,stock,7599.384,123941362.7592,USD,Health Technology,Pharmaceuticals: Major,True,EURONEXT,France,EUR,1.07336,1.239413627592,8.15687481024e-05,0.0001,欧洲,FR0010417345,True,EURONEXT:DBV,DBV TECHNOLOGIES,,,,DBV Technologies SA,,医药,制药,主要制药,法国,2.960432426070949e-06,XPAR,EUR,1.18,-1.67,10:08 CEST26 Apr 2024,1.20,25 Apr 2024
FR0000077919,FR0000077919-XPAR,JCDecaux,DEC,DEC,B,EUR,710,EPA,XPAR,Euronext Paris,france,True,R,CX,Media Agencies,EURONEXT:DEC,jc-decaux-sa,stock,69672.96,4446679982.976099,USD,Commercial Services,Advertising/Marketing Services,True,EURONEXT,France,EUR,1.07336,44.46679982976099,0.000747841683456,0.0,欧洲,FR0000077919,True,EURONEXT:DEC,JCDECAUX SE,,,,JCDecaux,,消费,商业服务,广告营销,法国,2.9352591432878993e-07,XPAR,EUR,19.44,-0.05,10:00 CEST26 Apr 2024,19.45,25 Apr 2024
BE0003789063,BE0003789063-XBRU,Deceuninck,DECB,DECB,D,EUR,320,EBR,XBRU,Euronext Brussels,belgium,False,R,,Building/Roofing/Wallboard and Plumbing,EURONEXT:DECB,deceuninck,stock,69839.84,375812891.0466,USD,Non-Energy Minerals,Forest Products,True,EURONEXT,Belgium,EUR,1.07336,3.758128910466,0.000749632906624,0.0002,欧洲,BE0003789063,True,EURONEXT:DECB,DECEUNINCK,,,,Deceuninck,,资源,矿产,林业,比利时,2.6054001896693992e-05,XBRU,EUR,2.55,0.79,10:08 CEST26 Apr 2024,2.53,25 Apr 2024
FR001400AYG6,FR001400AYG6-XPAR,DEEZER,DEEZR,DEEZR,D,EUR,710,EPA,XPAR,Euronext Paris,france,False,R,,Radio and TV Broadcasters,EURONEXT:DEEZR,deezer-sa,stock,56.7,295989268.9305,USD,Technology Services,Internet Software/Services,True,EURONEXT,France,EUR,1.07336,2.9598926893049997,6.085951200000001e-07,0.0,欧洲,FR001400AYG6,True,EURONEXT:DEEZR,DEEZER,,,,DEEZER,,科技,IT技术,互联网,法国,3.8409363315440095e-08,XPAR,EUR,1.89,0.53,10:03 CEST26 Apr 2024,1.88,25 Apr 2024
BE0974413453,BE0974413453-XBRU,DEME GROUP,DEME,DEME,B,EUR,320,EBR,XBRU,Euronext Brussels,belgium,False,R,CX,Engineering and Contracting Services,EURONEXT:DEME,deme,stock,149997.6,3975469077.9644,USD,Industrial Services,Engineering & Construction,True,EURONEXT,Belgium,EUR,1.07336,39.754690779644,0.00161001423936,0.0,欧洲,BE0974413453,True,EURONEXT:DEME,DEME,,,,DEME GROUP,,制造业,建筑业,建筑工程,比利时,0.000459215391419,XBRU,EUR,149.00,1.78,10:05 CEST26 Apr 2024,146.40,25 Apr 2024
FR0000125486,FR0000125486-XPAR,万喜,DG,DG,A,EUR,710,EPA,XPAR,Euronext Paris,france,True,R,CX,Construction,EURONEXT:DG,vinci,stock,10018786.4,66815858619.0687,USD,Industrial Services,Engineering & Construction,True,EURONEXT,France,EUR,1.07336,668.1585861906871,0.10753764570304,0.0002,欧洲,FR0000125486,True,EURONEXT:DG,Vinci,,,万喜,VINCI S.A.,万喜,制造业,建筑业,建筑工程,法国,0.0057532282291066,XPAR,EUR,111.05,0.82,10:09 CEST26 Apr 2024,110.15,25 Apr 2024
NL0009169515,NL0009169515-XAMS,DGB GROUP N.V.,DGB,DGB,D,EUR,200,EAM,XAMS,Euronext Amsterdam,netherlands,False,R,,Forms and Bulk Printing Services,,,,,,,,,,,,,,,,,,,,,,,,,DGB GROUP N.V.,,,,,,,,,,,,,
IT0005347429,IT0005347429-MTAA,DIGITAL VALUE,DGV,DGV,C,EUR,608,MIL,MTAA,Borsa Italiana S.p.A.,italy,False,CX,D15,Computer Services,MIL:DGV,digital-value,stock,1098.0,586051141.9977,USD,Technology Services,Information Technology Services,True,MIL,Italy,EUR,1.07336,5.860511419977,1.1785492800000002e-05,0.0,欧洲,IT0005347429,True,MIL:DGV,DIGITAL VALUE,,,,DIGITAL VALUE,,科技,IT技术,信息技术,意大利,8.706708673908953e-08,MTAA,EUR,55.00,0.36,10:05 CEST26 Apr 2024,54.80,25 Apr 2024
IT0003492391,IT0003492391-MTAA,DiaSorin,DIA,DIA,A,EUR,608,MIL,MTAA,Borsa Italiana S.p.A.,italy,False,CX,D15,Medical Equipment,MIL:DIA,diasorin,stock,2109172.0,5497535896.6938,USD,Health Technology,Medical Specialties,True,MIL,Italy,EUR,1.07336,54.975358966938,0.0226390085792,0.0004,欧洲,IT0003492391,True,MIL:DIA,DIASORIN,,,,DiaSorin,,医药,医疗,医疗器械,意大利,0.0003443120306992,MTAA,EUR,94.42,0.81,10:08 CEST26 Apr 2024,93.66,25 Apr 2024
IT0001469995,IT0001469995-MTAA,Digital Bros,DIB,DIB,C,EUR,608,MIL,MTAA,Borsa Italiana S.p.A.,italy,False,CX,D15,Electronic Entertainment,MIL:DIB,digital-bros-spa,stock,152280.0,123910561.2514,USD,Technology Services,Packaged Software,True,MIL,Italy,EUR,1.07336,1.239105612514,0.001634512608,0.0013,欧洲,IT0001469995,True,MIL:DIB,DIGITAL BROS,,,,Digital Bros,,科技,IT技术,软件开发,意大利,0.0003914410573461,,,,,,,
BE0974259880,BE0974259880-XBRU,D'Ieteren,DIE,DIE,A,EUR,320,EBR,XBRU,Euronext Brussels,belgium,False,R,,Auto Services ,EURONEXT:DIE,d-ieteren,stock,207672.0,11454210009.1217,USD,Consumer Services,Other Consumer Services,True,EURONEXT,Belgium,EUR,1.07336,114.542100091217,0.0022290681792,0.0,欧洲,BE0974259880,True,EURONEXT:DIE,D'IETEREN,,,,D'Ieteren,,消费,可选消费,其他消费者服务,比利时,3.4371419396742616e-05,XBRU,EUR,203.80,0.49,10:00 CEST26 Apr 2024,202.80,25 Apr 2024
BE0003698124,BE0003698124-XBRU,Diegem Kennedy,DIEG,DIEG,D,EUR,320,EBR,XBRU,Euronext Brussels,belgium,False,R,,Open End and Miscellaneous Investment Vehicles,EURONEXT:DIEG,diegem-kennedycert,stock,1240.0,13567509.6,USD,Finance,Real Estate Development,True,EURONEXT,Belgium,EUR,1.07336,0.135675096,1.3309664e-05,0.0001,欧洲,BE0003698124,True,EURONEXT:DIEG,DIEGEM KENNEDYCERT,,,,Diegem Kennedy,,金融,房地产,房地产开发,比利时,3.258303538487663e-05,,,,,,,
FR0013154002,FR0013154002-XPAR,Sartorius,DIM,DIM,B,EUR,710,EPA,XPAR,Euronext Paris,france,True,R,CX,Medical Supplies,EURONEXT:DIM,sartorius,stock,1026720.0,21236008174.760494,USD,Health Technology,Medical Specialties,True,EURONEXT,France,EUR,1.07336,212.360081747605,0.011020401792,0.0001,欧洲,FR0013154002,True,EURONEXT:DIM,SARTORIUS STED BIO,,,Sartorius,Sartorius Stedim Biotech SA,Sartorius,医药,医疗,医疗器械,法国,0.0018592121960783,XPAR,EUR,207.50,2.02,10:07 CEST26 Apr 2024,203.40,25 Apr 2024
LU2592315662,LU2592315662-MTAA,D'AMICO INTERNATIONAL SHIPPI,DIS,DIS,C,EUR,608,MIL,MTAA,Borsa Italiana S.p.A.,italy,False,CX,D15,Marine Transportation,MIL:DIS,d-amico-international-shippi,stock,178569.72,819258354.2864,USD,Transportation,Marine Shipping,True,MIL,Luxembourg,EUR,1.07336,8.192583542864,0.001916695946592,0.0002,欧洲,LU2592315662,True,MIL:DIS,D'AMICO,,,,D'AMICO INTERNATIONAL SHIPPI,,制造业,运输,海运,意大利,7.302365764324288e-05,MTAA,EUR,6.38,0.79,10:08 CEST26 Apr 2024,6.33,25 Apr 2024
BE0003605160,BE0003605160-XBRU,Distri-Land Certificate,DISL,DISL,D,EUR,320,EBR,XBRU,Euronext Brussels,belgium,False,R,,Open End and Miscellaneous Investment Vehicles,EURONEXT:DISL,distri-land-cert,stock,4200.0,13989080.7,USD,Finance,Real Estate Development,True,EURONEXT,Belgium,EUR,1.07336,0.139890807,4.508112e-05,0.0003,欧洲,,,,,,,,Distri-Land Certificate,,金融,房地产,房地产开发,比利时,0.0003660965076967,,,,,,,
FR0000062978,FR0000062978-XPAR,DEKUPLE,ALP,DKUPL,D,EUR,710,EPA,XPAR,Euronext Paris,france,False,R,,Media Agencies,EURONEXT:DKUPL,dekuple,stock,36.9,156930893.221,USD,Commercial Services,Miscellaneous Commercial Services,True,EURONEXT,France,EUR,1.07336,1.5693089322099998,3.9606984000000003e-07,0.0,欧洲,FR0000062978,True,EURONEXT:DKUPL,DEKUPLE,,,,DEKUPLE,,消费,商业服务,综合商业,法国,9.123725418412466e-09,XPAR,EUR,36.90,-0.27,10:04 CEST26 Apr 2024,37.00,25 Apr 2024
IT0003115950,IT0003115950-MTAA,De' Longhi,DLG,DLG,B,EUR,608,MIL,MTAA,Borsa Italiana S.p.A.,italy,False,CX,D15,Household Appliance,MIL:DLG,de-longhi,stock,110453.0,4974200543.15,USD,Consumer Durables,Electronics/Appliances,True,MIL,Italy,EUR,1.07336,49.7420054315,0.0011855583208,0.0,欧洲,IT0003115950,True,MIL:DLG,DE'LONGHI,,,,De' Longhi,,消费,可选消费,电子电器,意大利,2.0771262605925427e-05,MTAA,EUR,30.92,0.13,10:08 CEST26 Apr 2024,30.88,25 Apr 2024
FR001400IAQ8,FR001400IAQ8-ALXP,DIAGNOSTIC MED BSA,DMSBS,DMSBS,D,EUR,710,EPA,ALXP,Euronext Paris,france,False,,,Medical Equipment,,,,,,,,,,,,,,,,,,,,,,,,,DIAGNOSTIC MED BSA,,,,,,,,,,,,,
BE0974289218,BE0974289218-XBRU,Asit Biotech SA,ASIT,DMSIM,D,EUR,320,EBR,XBRU,Euronext Brussels,belgium,False,R,,Biotechnology,,,,,,,,,,,,,,,,,,,,,,,,,Asit Biotech SA,,,,,,,,,,,,,
IT0005186371,IT0005186371-MTAA,INDUSTRIE DE NORA,DNR,DNR,B,EUR,608,MIL,MTAA,Borsa Italiana S.p.A.,italy,False,CX,D15,Electronic Equipment: Other,MIL:DNR,industrie-de-nora-spa,stock,78268.96,2611316512.6365,USD,Process Industries,Chemicals: Specialty,True,MIL,Italy,EUR,1.07336,26.113165126364997,0.000840107709056,0.0,欧洲,IT0005186371,True,MIL:DNR,INDUSTRIE DE NORA,,,,INDUSTRIE DE NORA,,制造业,化工,特殊化学品,意大利,0.0002666222069465,MTAA,EUR,12.34,2.24,10:08 CEST26 Apr 2024,12.07,25 Apr 2024
IT0001044996,IT0001044996-MTAA,doValue,DOV,DOV,C,EUR,608,MIL,MTAA,Borsa Italiana S.p.A.,italy,False,CX,D15,Diversified Financial Services ,MIL:DOV,dovalue,stock,76405.691,160814340.7595,USD,Finance,Finance/Rental/Leasing,True,MIL,Italy,EUR,1.07336,1.608143407595,0.0008201081249176,0.0005,欧洲,IT0001044996,True,MIL:DOV,DOVALUE,,,,doValue,,金融,资产管理,金融租赁,意大利,0.0005002008788134,MTAA,EUR,1.933,1.9,10:01 CEST26 Apr 2024,1.897,25 Apr 2024
FR0000065260,FR0000065260-XPAR,Docks des Ptroles d'Ambes,DPAM,DPAM,D,EUR,710,EPA,XPAR,Euronext Paris,france,False,R,,Transportation Services,EURONEXT:DPAM,docks-des-petroles-d-ambes,stock,540.0,56651433.4727,USD,Utilities,Gas Distributors,True,EURONEXT,France,EUR,1.07336,0.566514334727,5.796144000000001e-06,0.0,欧洲,FR0000065260,True,EURONEXT:DPAM,DOCK.PETR.AMBES AM,,,,Docks des Ptroles d'Ambes,,公用事业,燃气,燃气,法国,4.475724018866298e-06,,,,,,,
FR0000054199,FR0000054199-XPAR,S.T. Dupont,DPT,DPT,D,EUR,710,EPA,XPAR,Euronext Paris,france,False,R,,Personal Products,EURONEXT:DPT,st-dupont,stock,474.8928,60333699.3443,USD,Distribution Services,Wholesale Distributors,True,EURONEXT,France,EUR,1.07336,0.6033369934430001,5.097309358080001e-06,0.0,欧洲,FR0000054199,True,EURONEXT:DPT,ST DUPONT,,,,S.T. Dupont,,消费,经销商,批发经销商,法国,1.0135432737513326e-05,,,,,,,
CH1216478797,CH1216478797-XAMS,DSM,DSFIR,DSFIR,A,EUR,200,EAM,XAMS,Euronext Amsterdam,netherlands,False,R,,Food Products,EURONEXT:DSFIR,dsm-kon,stock,5245680.75,29080127522.2544,USD,Process Industries,Chemicals: Specialty,True,EURONEXT,Switzerland,EUR,1.07336,290.801275222544,0.0563050388982,0.0002,欧洲,CH1216478797,True,EURONEXT:DSFIR,DSM FIRMENICH AG,,,DSM,DSM FIRMENICH AG,,制造业,化工,特殊化学品,荷兰,0.005687795310037,XAMS,EUR,104.05,1.31,10:08 CEST26 Apr 2024,102.70,25 Apr 2024
FR0014003TT8,FR0014003TT8-XPAR,达索系统,DSY,DSY,A,EUR,710,EPA,XPAR,Euronext Paris,france,True,R,CX,Software,EURONEXT:DSY,dassault-systemes,stock,13930520.250000002,53376327650.2556,USD,Technology Services,Packaged Software,True,EURONEXT,France,EUR,1.07336,533.763276502556,0.1495246321554,0.0003,欧洲,FR0014003TT8,True,EURONEXT:DSY,DASSAULT SYSTEMES,,,达索系统,DASSAULT SYSTEMES,达索系统,科技,IT技术,软件开发,法国,0.0133940181035265,XPAR,EUR,37.88,1.58,10:08 CEST26 Apr 2024,37.29,25 Apr 2024
DE0005557508,DE0005557508-TNLB,Deutsche Telekom AG,DTEL,DTEL,D,EUR,320,EBR,TNLB,Euronext Brussels,belgium,False,R,,Telecommunications Services,,,,,,,,,,,,,,,,,,,,,,,,,Deutsche Telekom AG,,,,,,,,,,,,,
FR0014008VX5,FR0014008VX5-XPAR,EUROAPI,EAPI,EAPI,C,EUR,710,EPA,XPAR,Euronext Paris,france,False,R,CX,Pharmaceuticals,EURONEXT:EAPI,euroapi-sa,stock,60495.259999999995,263913892.336,USD,Health Technology,Biotechnology,True,EURONEXT,France,EUR,1.07336,2.63913892336,0.000649331922736,0.0002,欧洲,FR0014008VX5,True,EURONEXT:EAPI,EUROAPI SA,,,,EUROAPI,,医药,医疗,生物技术,法国,0.0001899747504673,XPAR,EUR,2.63,1.31,10:08 CEST26 Apr 2024,2.596,25 Apr 2024
NL0000345627,NL0000345627-XAMS,Ease2pay N.V.,EAS2P,EAS2P,D,EUR,200,EAM,XAMS,Euronext Amsterdam,netherlands,False,R,,Computer Services,EURONEXT:EAS2P,ease2pay-nv,stock,594.0,14142091.7007,USD,Commercial Services,Miscellaneous Commercial Services,True,EURONEXT,Netherlands,EUR,1.07336,0.141420917007,6.375758400000001e-06,0.0,欧洲,NL0000345627,True,EURONEXT:EAS2P,EASE2PAY NV,,,,Ease2pay N.V.,,消费,商业服务,综合商业,荷兰,3.617543055667603e-05,XAMS,EUR,0.594,6.07,09:11 CEST26 Apr 2024,0.56,25 Apr 2024
FR0000062507,FR0000062507-XPAR,FIN.E.IM.D.L ET.D.BE.ET D.L.ME,EBPF,EBPF,D,EUR,710,EPA,XPAR,Euronext Paris,france,False,R,,Real Estate Holding and Development,,,,,,,,,,,,,,,,,,,,,,,,,FIN.E.IM.D.L ET.D.BE.ET D.L.ME,,,,,,,,,,,,,
NL0015000CZ2,NL0015000CZ2-XAMS,EBUSCO HOLDING,EBUS,EBUS,D,EUR,200,EAM,XAMS,Euronext Amsterdam,netherlands,False,R,,Commercial Vehicles and Parts,EURONEXT:EBUS,ebusco-holding-n-v,stock,18065.58,179024115.151,USD,Producer Manufacturing,Trucks/Construction/Farm Machinery,True,EURONEXT,Netherlands,EUR,1.07336,1.79024115151,0.000193908709488,0.0001,欧洲,NL0015000CZ2,True,EURONEXT:EBUS,EBUSCO HOLDING N.V.,,,,EBUSCO HOLDING,,制造业,机械,工程机械,荷兰,0.0001986884223782,XAMS,EUR,2.616,2.51,10:03 CEST26 Apr 2024,2.552,25 Apr 2024
GA0000121459,GA0000121459-XPAR,道达尔 SE,EC,EC,D,EUR,710,EPA,XPAR,Euronext Paris,france,False,R,,Oil: Crude Producers,EURONEXT:EC,total,stock,4576.5,808547625.0,USD,Energy Minerals,Integrated Oil,True,EURONEXT,Gabon,EUR,1.07336,8.08547625,4.912232040000001e-05,0.0,欧洲,GA0000121459,True,EURONEXT:EC,TOTALENERGIES EP GABON,,,,Total Gabon,道达尔,资源,能源,石油,法国,8.862730212339279e-06,XPAR,EUR,169.50,1.19,09:00 CEST26 Apr 2024,167.50,25 Apr 2024
NL0015000K93,NL0015000K93-XAMS,EUROCOMMERCIAL,ECMPA,ECMPA,B,EUR,200,EAM,XAMS,Euronext Amsterdam,netherlands,False,R,CX,Retail REITs,EURONEXT:ECMPA,eurocommercial-properties,fund,38892.0,1191775960.2772,USD,Finance,Real Estate Investment Trusts,True,EURONEXT,Netherlands,EUR,1.07336,11.917759602772,0.0004174511712,0.0,欧洲,,,,,,,,EUROCOMMERCIAL,,金融,房地产,房地产投资信托,荷兰,6.88538155557294e-05,"XAMS, XBRU",EUR,20.95,0.96,09:59 CEST26 Apr 2024,20.75,25 Apr 2024
IT0005241192,IT0005241192-MTAA,Aquafil,ECNL,ECNL,D,EUR,608,MIL,MTAA,Borsa Italiana S.p.A.,italy,False,D15,,Chemicals: Diversified,MIL:ECNL,aquafil-spa,stock,57783.57,178832461.2055,USD,Process Industries,Textiles,True,MIL,Italy,EUR,1.07336,1.788324612055,0.000620225726952,0.0003,欧洲,IT0005241192,True,MIL:ECNL,AQUAFIL,,,,Aquafil,,制造业,化工,纺织品,意大利,8.572622998145036e-05,MTAA,EUR,3.235,-0.77,09:35 CEST26 Apr 2024,3.26,25 Apr 2024
BE0974313455,BE0974313455-XBRU,Econocom Group SE,ECONB,ECONB,D,EUR,320,EBR,XBRU,Euronext Brussels,belgium,False,R,,Computer Services,EURONEXT:ECONB,econocom,stock,9091.5,338448575.6837,USD,Technology Services,Information Technology Services,True,EURONEXT,Belgium,EUR,1.07336,3.3844857568370004,9.75845244e-05,0.0,欧洲,BE0974313455,True,EURONEXT:ECONB,ECONOCOM,,,,Econocom Group SE,,科技,IT技术,信息技术,比利时,0.0,XBRU,EUR,2.175,0,10:00 CEST26 Apr 2024,2.175,25 Apr 2024
GB00B94QM994,GB00B94QM994-XAMS,Eurocastle Investment Ltd,ECT,ECT,D,EUR,200,EAM,XAMS,Euronext Amsterdam,netherlands,False,R,,Closed End Investments,,,,,,,,,,,,,,,,,,,,,,,,,Eurocastle Investment Ltd,,,,,,,,,,,,,
FR0010908533,FR0010908533-XPAR,艾登瑞德,EDEN,EDEN,A,EUR,710,EPA,XPAR,Euronext Paris,france,True,R,CX,Transaction Processing Services,EURONEXT:EDEN,edenred,stock,1122206.4,12020609795.5792,USD,Finance,Transaction Processing Services,True,EURONEXT,France,EUR,1.07336,120.206097955792,0.01204531461504,0.0001,欧洲,FR0010908533,True,EURONEXT:EDEN,EDENRED,EDEN,Transaction Processing Services,艾登瑞德,Edenred,艾登瑞德,科技,IT技术,交易支付,法国,0.000566900610245,XPAR,EUR,45.39,0.82,10:05 CEST26 Apr 2024,45.02,25 Apr 2024
FR0000064404,FR0000064404-XPAR,Media 6,EDI,EDI,D,EUR,710,EPA,XPAR,Euronext Paris,france,False,R,,Media Agencies,EURONEXT:EDI,media-6,stock,1080.0,30483451.1773,USD,Commercial Services,Advertising/Marketing Services,True,EURONEXT,France,EUR,1.07336,0.3048345117729999,1.1592288e-05,0.0,欧洲,FR0000064404,True,EURONEXT:EDI,MEDIA 6,,,,Media 6,,消费,商业服务,广告营销,法国,1.859889180791465e-05,,,,,,,
IT0003372205,IT0003372205-MTAA,Edison,EDNR,EDNR,D,EUR,608,MIL,MTAA,Borsa Italiana S.p.A.,italy,False,D15,,Multi-utilities,MIL:EDNR,edison-r,stock,57280.524999999994,7773062301.7658,USD,Utilities,Electric Utilities,True,MIL,Italy,EUR,1.07336,77.73062301765799,0.00061482624314,0.0,欧洲,IT0003372205,True,MIL:EDNR,EDISON R,,,,Edison,,公用事业,电力,电力公司,意大利,7.247222975677592e-06,MTAA,EUR,1.525,-0.33,10:01 CEST26 Apr 2024,1.53,25 Apr 2024
PTEDP0AM0009,PTEDP0AM0009-XLIS,Energias de Portugal,EDP,EDP,A,EUR,560,ELI,XLIS,Euronext Lisbon,portugal,False,R,CX,Alternative Electricity,EURONEXT:EDP,energias-br-on-nm,stock,2573791.016,15610171665.2478,USD,Utilities,Electric Utilities,True,EURONEXT,Portugal,EUR,1.07336,156.101716652478,0.0276260432493376,0.0002,欧洲,,,,,,,,Energias de Portugal,,公用事业,电力,电力公司,葡萄牙,0.0035176694763611,,,,,,,
ES0127797019,ES0127797019-XLIS,EDP Renovveis,EDPR,EDPR,A,EUR,560,ELI,XLIS,Euronext Lisbon,portugal,False,R,CX,Alternative Electricity,EURONEXT:EDPR,edp-renovaveis,stock,1644255.84,13862077448.1056,USD,Utilities,Alternative Power Generation,True,EURONEXT,Spain,EUR,1.07336,138.620774481056,0.017648784484224,0.0001,欧洲,ES0127797019,True,EURONEXT:EDPR,EDP RENOVAVEIS,,,,EDP Renovveis,,公用事业,电力,新能源发电,葡萄牙,0.0073471704199668,,,,,,,
FR0000035719,FR0000035719-XPAR,Viktoria Invest,EEM,EEM,D,EUR,710,EPA,XPAR,Euronext Paris,france,False,R,,Real Estate Holding and Development,EURONEXT:EEM,electricite-et-eaux,stock,2366.1,20156243.2492,USD,Finance,Real Estate Investment Trusts,True,EURONEXT,France,EUR,1.07336,0.201562432492,2.539677096e-05,0.0001,欧洲,FR0000035719,True,EURONEXT:EEM,ELECTRICITE ET EAUX DE MADAGASCAR,,,,Viktoria Invest,,金融,房地产,房地产投资信托,法国,0.0,,,,,,,
IT0001498234,IT0001498234-MTAA,EEMS Italia,EEMS,EEMS,D,EUR,608,MIL,MTAA,Borsa Italiana S.p.A.,italy,False,D15,,Electronic Components,,,,,,,,,,,,,,,,,,,,,,,,,EEMS Italia,,,,,,,,,,,,,
FR0000061475,FR0000061475-XPAR,Eurasia Fonciere Investissements,EFI,EFI,D,EUR,710,EPA,XPAR,Euronext Paris,france,False,R,,Retail REITs,,,,,,,,,,,,,,,,,,,,,,,,,Eurasia Fonciere Investissements,,,,,,,,,,,,,
PTMEN0AE0005,PTMEN0AE0005-XLIS,Mota-Engil,EGL,EGL,C,EUR,560,ELI,XLIS,Euronext Lisbon,portugal,False,R,CX,Construction,EURONEXT:EGL,mota-engil,stock,1666776.444,1310819435.9803,USD,Industrial Services,Engineering & Construction,True,EURONEXT,Portugal,EUR,1.07336,13.108194359803,0.0178905116393184,0.0014,欧洲,PTMEN0AE0005,True,EURONEXT:EGL,MOTA ENGIL,,,,Mota-Engil,,制造业,建筑业,建筑工程,葡萄牙,0.0162795816791164,,,,,,,
IT0005527616,IT0005527616-MTAA,EUROGROUP LAMINATIONS,EGLA,EGLA,D,EUR,608,MIL,MTAA,Borsa Italiana S.p.A.,italy,False,D15,,Industrial Suppliers,MIL:EGLA,,stock,133462.944,717372415.8,USD,Producer Manufacturing,Electrical Products,True,MIL,Italy,EUR,1.07336,7.173724158,0.0014325378557184,0.0002,欧洲,IT0005527616,True,MIL:EGLA,EUROGROUP LAMINATIONS,,,,EUROGROUP LAMINATIONS,,制造业,机械,电力设备,意大利,0.0001665725795162,MTAA,EUR,4.066,0.84,10:03 CEST26 Apr 2024,4.032,25 Apr 2024
FR0000035784,FR0000035784-XPAR,TRANSITION EVERGREEN,EGR,EGR,D,EUR,710,EPA,XPAR,Euronext Paris,france,False,R,,Open End and Miscellaneous Investment Vehicles,EURONEXT:EGR,transition-evergreen,stock,428.48,90312793.7991,USD,Consumer Durables,Electronics/Appliances,True,EURONEXT,France,EUR,1.07336,0.903127937991,4.599132928000001e-06,0.0,欧洲,FR0000035784,True,EURONEXT:EGR,TRANSITION EVERGREEN,,,,TRANSITION EVERGREEN,,消费,可选消费,电子电器,法国,1.122072784853917e-06,XPAR,EUR,2.08,-0.95,09:01 CEST26 Apr 2024,2.10,25 Apr 2024
FR0000036816,FR0000036816-XPAR,Tour Eiffel,EIFF,EIFF,D,EUR,710,EPA,XPAR,Euronext Paris,france,False,R,,Office REITs,EURONEXT:EIFF,ste-de-la-tour-eiffel,fund,1620.22,177764965.9459,USD,Finance,Real Estate Investment Trusts,True,EURONEXT,France,EUR,1.07336,1.777649659459,1.7390793392000004e-05,0.0,欧洲,,,,,,,,Tour Eiffel,,金融,房地产,房地产投资信托,法国,7.845656322774577e-07,XPAR,EUR,9.94,-0.4,09:44 CEST26 Apr 2024,9.98,25 Apr 2024
FR0011466069,FR0011466069-XPAR,Ekinops SA,EKI,EKI,D,EUR,710,EPA,XPAR,Euronext Paris,france,False,R,,Telecommunications Equipment,EURONEXT:EKI,ekinops,stock,2459.215,96845093.774,USD,Electronic Technology,Telecommunications Equipment,True,EURONEXT,France,EUR,1.07336,0.96845093774,2.6396230124000004e-05,0.0,欧洲,FR0011466069,True,EURONEXT:EKI,EKINOPS,,,,Ekinops SA,,科技,通信,通信设备,法国,8.47048132811084e-07,XPAR,EUR,3.36,0.45,10:07 CEST26 Apr 2024,3.345,25 Apr 2024
BE0974380124,BE0974380124-XBRU,Ekopak,EKOP,EKOP,D,EUR,320,EBR,XBRU,Euronext Brussels,belgium,False,R,,Water,EURONEXT:EKOP,ekopak-nv,stock,12852.2,285447959.73670006,USD,Industrial Services,Environmental Services,True,EURONEXT,Belgium,EUR,1.07336,2.8544795973670007,0.00013795037392,0.0,欧洲,BE0974380124,True,EURONEXT:EKOP,EKOPAK NV,,,,Ekopak,,公用事业,环保,环境工程,比利时,1.3600156643290158e-15,XBRU,EUR,18.15,1.11,10:05 CEST26 Apr 2024,17.95,25 Apr 2024
FR0000121667,FR0000121667-XPAR,EssilorLuxottica,EL,EL,A,EUR,710,EPA,XPAR,Euronext Paris,france,True,R,CX,Medical Supplies,EURONEXT:EL,essilorluxottica,stock,3555484.8,97887289757.0183,USD,Health Technology,Medical Specialties,True,EURONEXT,France,EUR,1.07336,978.872897570183,0.03816315164928,0.0,欧洲,FR0000121667,True,EURONEXT:EL,ESSILORLUXOTTICA,,,EssilorLuxottica,Essilor,EssilorLuxottica,医药,医疗,医疗器械,法国,0.0002583001408475,XPAR,EUR,202.20,0.3,10:08 CEST26 Apr 2024,201.60,25 Apr 2024
IT0003404214,IT0003404214-MTAA,Elica,ELC,ELC,D,EUR,608,MIL,MTAA,Borsa Italiana S.p.A.,italy,False,D15,,Household Appliance,MIL:ELC,elica-spa,stock,1191.19,129060096.2186,USD,Consumer Durables,Electronics/Appliances,True,MIL,Italy,EUR,1.07336,1.290600962186,1.2785756984e-05,0.0,欧洲,IT0003404214,True,MIL:ELC,ELICA,,,,Elica,,消费,可选消费,电子电器,意大利,6.289216958929441e-06,MTAA,EUR,1.875,-1.32,09:56 CEST26 Apr 2024,1.90,25 Apr 2024
FR0000031023,FR0000031023-XPAR,Electricit de Strasbourg,ELEC,ELEC,D,EUR,710,EPA,XPAR,Euronext Paris,france,False,R,,Conventional Electricity,EURONEXT:ELEC,electricite-de-strasbourg-rg,stock,16905.0,884419088.8518,USD,Utilities,Electric Utilities,True,EURONEXT,France,EUR,1.07336,8.844190888518,0.000181451508,0.0,欧洲,FR0000031023,True,EURONEXT:ELEC,ELEC.STRASBOURG,,,,Electricit de Strasbourg,,公用事业,电力,电力公司,法国,0.0,XPAR,EUR,115.00,0,09:34 CEST26 Apr 2024,115.00,25 Apr 2024
BE0003822393,BE0003822393-XBRU,Elia,ELI,ELI,A,EUR,320,EBR,XBRU,Euronext Brussels,belgium,False,R,,Conventional Electricity,EURONEXT:ELI,elia,stock,344995.69999999995,7090130509.2072,USD,Utilities,Electric Utilities,True,EURONEXT,Belgium,EUR,1.07336,70.90130509207201,0.00370304584552,0.0001,欧洲,BE0003822393,True,EURONEXT:ELI,ELIA,,,,Elia,,公用事业,电力,电力公司,比利时,0.0004850488537227,XBRU,EUR,91.00,1.22,10:08 CEST26 Apr 2024,89.90,25 Apr 2024
FR0011950732,FR0011950732-XPAR,Elior Group SA,ELIOR,ELIOR,D,EUR,710,EPA,XPAR,Euronext Paris,france,False,R,,Vending and Catering Service,EURONEXT:ELIOR,elior,stock,50738.436,640190303.4888,USD,Consumer Services,Restaurants,True,EURONEXT,France,EUR,1.07336,6.401903034888001,0.0005446060766496,0.0001,欧洲,FR0011950732,True,EURONEXT:ELIOR,ELIOR,,,,Elior Group SA,,消费,可选消费,餐厅,法国,0.0001828977930627,XPAR,EUR,2.388,1.44,10:08 CEST26 Apr 2024,2.354,25 Apr 2024
FR0012435121,FR0012435121-XPAR,Elis SA,ELIS,ELIS,B,EUR,710,EPA,XPAR,Euronext Paris,france,True,R,,Industrial Suppliers,EURONEXT:ELIS,elis,stock,399373.14,5415023257.0352,USD,Commercial Services,Miscellaneous Commercial Services,True,EURONEXT,France,EUR,1.07336,54.150232570352,0.004286711535504,0.0001,欧洲,FR0012435121,True,EURONEXT:ELIS,ELIS,,,,Elis SA,,消费,商业服务,综合商业,法国,0.0001020098817129,XPAR,EUR,21.50,0.28,10:05 CEST26 Apr 2024,21.44,25 Apr 2024
IT0005453250,IT0005453250-MTAA,EL.EN.,ELN,ELN,C,EUR,608,MIL,MTAA,Borsa Italiana S.p.A.,italy,False,CX,D15,Medical Equipment,MIL:ELN,elen,stock,9657.72,987663285.4417,USD,Health Technology,Medical Specialties,True,MIL,Italy,EUR,1.07336,9.876632854417,0.000103662103392,0.0,欧洲,IT0005453250,True,MIL:ELN,EL.EN,,,,EL.EN.,,医药,医疗,医疗器械,意大利,7.271695792708871e-06,MTAA,EUR,11.58,0.7,09:41 CEST26 Apr 2024,11.50,25 Apr 2024
IT0001237053,IT0001237053-MTAA,Emak,EM,EM,D,EUR,608,MIL,MTAA,Borsa Italiana S.p.A.,italy,False,D15,,Household Equipment and Products,MIL:EM,emak-spa,stock,53547.264,192618613.883,USD,Consumer Durables,Tools & Hardware,True,MIL,Italy,EUR,1.07336,1.92618613883,0.0005747549128704,0.0003,欧洲,IT0001237053,True,MIL:EM,EMAK,,,,Emak,,消费,可选消费,工具和硬件,意大利,0.0001745229250238,,,,,,,
BE0003849669,BE0003849669-VPXB,EMD Music,EMD,EMD,D,EUR,320,EBR,VPXB,Euronext Brussels,belgium,False,R,,Recreational Products,,,,,,,,,,,,,,,,,,,,,,,,,EMD Music,,,,,,,,,,,,,
FR0000120503,FR0000120503-XPAR,布依格建筑,EN,EN,A,EUR,710,EPA,XPAR,Euronext Paris,france,True,R,CX,Construction,EURONEXT:EN,bouygues,stock,1968437.06,14506811352.658,USD,Industrial Services,Engineering & Construction,True,EURONEXT,France,EUR,1.07336,145.06811352658,0.021128416027216,0.0001,欧洲,FR0000120503,True,EURONEXT:EN,BOUYGUES,,,布依格建筑,Bouygues,,制造业,建筑业,建筑工程,法国,0.0002691699701079,XPAR,EUR,36.01,0.42,10:08 CEST26 Apr 2024,35.86,25 Apr 2024
IT0005176406,IT0005176406-MTAA,Enav,ENAV,ENAV,B,EUR,608,MIL,MTAA,Borsa Italiana S.p.A.,italy,False,CX,D15,Transportation Services,MIL:ENAV,enav,stock,52276.056,2220109883.1479,USD,Transportation,Other Transportation,True,MIL,Italy,EUR,1.07336,22.201098831479,0.0005611102746816,0.0,欧洲,IT0005176406,True,MIL:ENAV,ENAV,,,,Enav,,制造业,运输,其他交通,意大利,6.327228555196884e-05,MTAA,EUR,3.87,1.2,10:08 CEST26 Apr 2024,3.824,25 Apr 2024
IT0003128367,IT0003128367-MTAA,意大利国家电力公司,ENEL,ENEL,A,EUR,608,MIL,MTAA,Borsa Italiana S.p.A.,italy,False,CX,D15,Conventional Electricity,MIL:ENEL,enel,stock,17222020.536,66042630417.1308,USD,Utilities,Electric Utilities,True,MIL,Italy,EUR,1.07336,660.426304171308,0.1848542796252096,0.0003,欧洲,IT0003128367,True,MIL:ENEL,Enel,,,意大利国家电力公司,Enel,意大利国家电力,公用事业,电力,电力公司,意大利,0.0028925263452098,MTAA,EUR,6.09,0.5,10:08 CEST26 Apr 2024,6.06,25 Apr 2024
FR0010208488,FR0010208488-XPAR,Engie,ENGI,ENGI,A,EUR,710,EPA,XPAR,Euronext Paris,france,True,R,CX,Multi-utilities,EURONEXT:ENGI,engie,stock,15501507.63,41687776252.4082,USD,Utilities,Electric Utilities,True,EURONEXT,France,EUR,1.07336,416.877762524082,0.166386982297368,0.0004,欧洲,FR0010208488,True,EURONEXT:ENGI,ENGIE,,,Engie,Engie,Engie,公用事业,电力,电力公司,法国,0.0016241568599151,"XPAR, XBRU",EUR,16.12,0.25,10:08 CEST26 Apr 2024,16.08,25 Apr 2024
IT0003132476,IT0003132476-MTAA,国家碳化氢公司,ENI,ENI,A,EUR,608,MIL,MTAA,Borsa Italiana S.p.A.,italy,False,CX,D15,Integrated Oil and Gas,MIL:ENI,eni,stock,18499173.498,53203287437.5858,USD,Energy Minerals,Oil Refining/Marketing,True,MIL,Italy,EUR,1.07336,532.032874375858,0.1985627286581328,0.0004,欧洲,IT0003132476,True,MIL:ENI,Eni,,,国家碳化氢公司,ENI,埃尼石油,资源,能源,炼油,意大利,0.0070990955330938,MTAA,EUR,15.36,0.69,10:08 CEST26 Apr 2024,15.254,25 Apr 2024
IT0003132476,IT0003132476-TNLB,Eni,ENI,ENIT,D,EUR,320,EBR,TNLB,Euronext Brussels,belgium,False,R,,Integrated Oil and Gas,,,,,,,,,,,,,,,,,,,,,,,,,Eni,,,,,,,,,,,,,
IT0004356751,IT0004356751-MTAA,Enervit,ENV,ENV,D,EUR,608,MIL,MTAA,Borsa Italiana S.p.A.,italy,False,D15,,Food Products,MIL:ENV,enervit,stock,5518.7,60910050.3273,USD,Health Technology,Pharmaceuticals: Other,True,MIL,Italy,EUR,1.07336,0.609100503273,5.923551832e-05,0.0001,欧洲,IT0004356751,True,MIL:ENV,ENERVIT,,,,Enervit,,医药,制药,其他制药,意大利,4.8696259678292e-05,,,,,,,
NL0015000GX8,NL0015000GX8-XAMS,ENVIPCO,ENVI,ENVI,D,EUR,200,EAM,XAMS,Euronext Amsterdam,netherlands,False,R,,Electronic Equipment: Pollution Control,EURONEXT:ENVI,envipco,stock,13003.2,327987707.1902,USD,Producer Manufacturing,Industrial Machinery,True,EURONEXT,Netherlands,EUR,1.07336,3.279877071902,0.00013957114752,0.0,欧洲,NL0015000GX8,True,EURONEXT:ENVI,ENVIPCO,,,,ENVIPCO,,制造业,机械,机械加工设备,荷兰,6.734791773652697e-05,XAMS,EUR,5.50,3.77,09:58 CEST26 Apr 2024,5.30,25 Apr 2024
NL0006294274,NL0006294274-XPAR,泛欧交易所,ENX,ENX,A,EUR,710,EPA,XPAR,Euronext Paris,france,True,R,CX,Investment Services,EURONEXT:ENX,euronext,stock,800043.2999999999,9599168081.4764,USD,Finance,Investment Banks/Brokers,True,EURONEXT,Netherlands,EUR,1.07336,95.991680814764,0.00858734476488,0.0001,欧洲,NL0006294274,True,EURONEXT:ENX,EURONEXT,,,泛欧交易所,Euronext,,金融,资产管理,投资银行,法国,0.0001916632159009,"XPAR, XAMS, XBRU",EUR,84.10,0.48,10:07 CEST26 Apr 2024,83.70,25 Apr 2024
DE000ENAG999,DE000ENAG999-TNLB,E.ON SE,EON,EON,D,EUR,320,EBR,TNLB,Euronext Brussels,belgium,False,R,,Multi-utilities,,,,,,,,,,,,,,,,,,,,,,,,,E.ON SE,,,,,,,,,,,,,
FR0000076861,FR0000076861-XPAR,Acteos,EOS,EOS,D,EUR,710,EPA,XPAR,Euronext Paris,france,False,R,,Software,EURONEXT:EOS,acteos,stock,2.71,4759386.4683,USD,Technology Services,Packaged Software,True,EURONEXT,France,EUR,1.07336,0.0475938646829999,2.9088056e-08,0.0,欧洲,FR0000076861,True,EURONEXT:EOS,ACTEOS,,,,Acteos,,科技,IT技术,软件开发,法国,3.272392917254164e-08,XPAR,EUR,1.355,1.88,09:00 CEST26 Apr 2024,1.33,25 Apr 2024
IT0005084717,IT0005084717-MTAA,Eprice,EPRC,EPRC,D,EUR,608,MIL,MTAA,Borsa Italiana S.p.A.,italy,False,D15,,Consumer Services: Misc.,,,,,,,,,,,,,,,,,,,,,,,,,Eprice,,,,,,,,,,,,,
FR0012882389,FR0012882389-XPAR,EQUASENS,EQSP,EQS,C,EUR,710,EPA,XPAR,Euronext Paris,france,False,R,,Software,EURONEXT:EQS,pharmagest-inter,stock,26522.0,958692092.398,USD,Technology Services,Packaged Software,True,EURONEXT,France,EUR,1.07336,9.58692092398,0.0002846765392,0.0,欧洲,FR0012882389,True,EURONEXT:EQS,EQUASENS,,,,EQUASENS,,科技,IT技术,软件开发,法国,1.5691040397890238e-06,XPAR,EUR,59.60,0.17,09:56 CEST26 Apr 2024,59.50,25 Apr 2024
IT0005312027,IT0005312027-MTAA,Equita Group,EQUI,EQUI,D,EUR,608,MIL,MTAA,Borsa Italiana S.p.A.,italy,False,D15,,Investment Services,MIL:EQUI,,stock,16160.0,202590884.6897,USD,Finance,Investment Banks/Brokers,True,MIL,Italy,EUR,1.07336,2.025908846897,0.000173454976,0.0001,欧洲,IT0005312027,True,MIL:EQUI,EQUITA,,,,Equita Group,,金融,资产管理,投资银行,意大利,5.1447493224892824e-05,MTAA,EUR,4.03,1.0,10:00 CEST26 Apr 2024,3.99,25 Apr 2024
FR0000131757,FR0000131757-XPAR,埃赫曼,ERA,ERA,C,EUR,710,EPA,XPAR,Euronext Paris,france,False,R,,Nonferrous Metals,EURONEXT:ERA,eramet,stock,10740135.0,2431999595.4389,USD,Producer Manufacturing,Metal Fabrication,True,EURONEXT,France,EUR,1.07336,24.319995954389,0.115280313036,0.0047,欧洲,FR0000131757,True,EURONEXT:ERA,ERAMET,,,埃赫曼,Eramet,,制造业,机械,金属加工,法国,0.3761669958627842,XPAR,EUR,88.75,11.92,10:08 CEST26 Apr 2024,79.30,25 Apr 2024
FR0014000MR3,FR0014000MR3-XPAR,欧陆科技,ERF,ERF,A,EUR,710,EPA,XPAR,Euronext Paris,france,True,R,CX,Medical Services,EURONEXT:ERF,eurofins-scientific,stock,2275735.0,11903127792.413,USD,Commercial Services,Miscellaneous Commercial Services,True,EURONEXT,Luxembourg,EUR,1.07336,119.03127792413,0.024426829196,0.0002,欧洲,FR0014000MR3,True,EURONEXT:ERF,EUROFINS SCIENT.,,,欧陆科技,Eurofins Scientific SE,,消费,商业服务,综合商业,法国,0.0041402201554343,XPAR,EUR,56.46,-1.81,10:08 CEST26 Apr 2024,57.50,25 Apr 2024
IT0001157020,IT0001157020-MTAA,ERG,ERG,ERG,B,EUR,608,MIL,MTAA,Borsa Italiana S.p.A.,italy,False,CX,D15,Alternative Electricity,MIL:ERG,erg,stock,1997806.68,3920403982.2146,USD,Utilities,Alternative Power Generation,True,MIL,Italy,EUR,1.07336,39.204039822146,0.021443657780448,0.0005,欧洲,IT0001157020,True,MIL:ERG,ERG,,,,ERG,,公用事业,电力,新能源发电,意大利,0.0043453909975175,MTAA,EUR,24.82,1.55,10:08 CEST26 Apr 2024,24.44,25 Apr 2024
FR0000120669,FR0000120669-XPAR,Esso,ES,ES,D,EUR,710,EPA,XPAR,Euronext Paris,france,False,R,,Oil Refining and Marketing,EURONEXT:ES,esso-thailand-public-company-limited,stock,1146765.0,2335874445.3426,USD,Energy Minerals,Oil Refining/Marketing,True,EURONEXT,France,EUR,1.07336,23.358744453426,0.012308916804,0.0005,欧洲,FR0000120669,True,EURONEXT:ES,ESSO,,,,Esso,,资源,能源,炼油,法国,0.0022286974320828,XPAR,EUR,171.80,1.42,10:06 CEST26 Apr 2024,169.40,25 Apr 2024
FR0004110310,FR0004110310-XPAR,ESI Group,ESI,ESI,D,EUR,710,EPA,XPAR,Euronext Paris,france,False,R,,Software,,,,,,,,,,,,,,,,,,,,,,,,,ESI Group,,,,,,,,,,,,,
PTESO0AM0000,PTESO0AM0000-XLIS,ESTORIL SOL N,ESON,ESON,D,EUR,560,ELI,XLIS,Euronext Lisbon,portugal,False,R,,Casinos and Gambling,EURONEXT:ESON,estoril-sol-sgps-nominativas,stock,2738.3,89416088.47,USD,Consumer Services,Casinos/Gaming,True,EURONEXT,Portugal,EUR,1.07336,0.8941608847,2.9391816880000007e-05,0.0,欧洲,PTESO0AM0000,True,EURONEXT:ESON,ESTORIL-SOL SGPS-NOMINATIVAS,,,,ESTORIL SOL N,,消费,可选消费,博彩,葡萄牙,0.0,,,,,,,
IT0003895668,IT0003895668-MTAA,Eurotech,ETH,ETH,D,EUR,608,MIL,MTAA,Borsa Italiana S.p.A.,italy,False,D15,,Computer Hardware,MIL:ETH,eurotech-spa,stock,38051.98,54721911.1296,USD,Electronic Technology,Computer Processing Hardware,True,MIL,Italy,EUR,1.07336,0.547219111296,0.000408434732528,0.0007,欧洲,IT0003895668,True,MIL:ETH,EUROTECH,,,,Eurotech,,科技,电子,计算机设备,意大利,0.0002092035227895,MTAA,EUR,1.456,1.11,10:07 CEST26 Apr 2024,1.44,25 Apr 2024
FR0010221234,FR0010221234-XPAR,Eutelsat Communications,ETL,ETL,B,EUR,710,EPA,XPAR,Euronext Paris,france,False,R,CX,Telecommunications Equipment,EURONEXT:ETL,eutelsat-communic,stock,1161.16,1916155268.5677,USD,Communications,Major Telecommunications,True,EURONEXT,France,EUR,1.07336,19.161552685677,1.2463426976000005e-05,0.0,欧洲,FR0010221234,True,EURONEXT:ETL,EUTELSAT COMMUNIC.,,,,Eutelsat Communications,,科技,通信,电信运营,法国,8.95375613182189e-08,XPAR,EUR,3.782,0.53,10:05 CEST26 Apr 2024,3.762,25 Apr 2024
IT0004818297,IT0004818297-MTAA,Eukedos,EUK,EUK,D,EUR,608,MIL,MTAA,Borsa Italiana S.p.A.,italy,False,D15,,Medical Equipment,MIL:EUK,eukedos-spa,stock,12.45,20247803.5577,USD,Health Services,Hospital/Nursing Management,True,MIL,Italy,EUR,1.07336,0.202478035577,1.3363332e-07,0.0,欧洲,,,,,,,,Eukedos,,医药,健康服务,健康服务,意大利,4.925050862543665e-07,,,,,,,
FR0000054678,FR0000054678-XPAR,EURO Ressources,EUR,EUR,D,EUR,710,EPA,XPAR,Euronext Paris,france,False,R,,Gold Mining,,,,,,,,,,,,,,,,,,,,,,,,,EURO Ressources,,,,,,,,,,,,,
BE0003816338,BE0003816338-XBRU,Euronav,EURN,EURN,C,EUR,320,EBR,XBRU,Euronext Brussels,belgium,False,R,CX,Marine Transportation,EURONEXT:EURN,euronav,stock,255766.4,3357596395.5913,USD,Transportation,Marine Shipping,True,EURONEXT,Belgium,EUR,1.07336,33.575963955913004,0.00274529423104,0.0001,欧洲,BE0003816338,True,EURONEXT:EURN,EURONAV,,,,Euronav,,制造业,运输,海运,比利时,1.454809710579865e-05,XBRU,EUR,15.55,0.19,09:51 CEST26 Apr 2024,15.52,25 Apr 2024
FR0000038499,FR0000038499-XPAR,Foncire Euris,EURS,EURS,D,EUR,710,EPA,XPAR,Euronext Paris,france,False,R,,Food Retailers and Wholesalers,,,,,,,,,,,,,,,,,,,,,,,,,Foncire Euris,,,,,,,,,,,,,
BE0003820371,BE0003820371-XBRU,EVS Broadcast Equipment,EVS,EVS,D,EUR,320,EBR,XBRU,Euronext Brussels,belgium,False,R,,Telecommunications Equipment,EURONEXT:EVS,evs-broadcequipm,stock,14552.1,478727484.471,USD,Consumer Durables,Electronics/Appliances,True,EURONEXT,Belgium,EUR,1.07336,4.78727484471,0.00015619642056,0.0,欧洲,BE0003820371,True,EURONEXT:EVS,EVS BROADC.EQUIPM.,,,,EVS Broadcast Equipment,,消费,可选消费,电子电器,比利时,3.8144712965297086e-16,XBRU,EUR,33.10,-0.6,10:08 CEST26 Apr 2024,33.30,25 Apr 2024
FR0000062671,FR0000062671-XPAR,Exail Technologies,GOE,EXA,D,EUR,710,EPA,XPAR,Euronext Paris,france,False,R,,Machinery: Industrial,EURONEXT:EXA,groupe-gorge,stock,32447.36,353800064.7635,USD,Electronic Technology,Aerospace & Defense,True,EURONEXT,France,EUR,1.07336,3.5380006476349997,0.000348276983296,0.0001,欧洲,FR0000062671,True,EURONEXT:EXA,EXAIL TECHNOLOGIES,,,,Exail Technologies,,制造业,机械,航空航天与国防,法国,6.455833515706203e-05,XPAR,EUR,19.36,1.04,09:50 CEST26 Apr 2024,19.16,25 Apr 2024
FR0004527638,FR0004527638-XPAR,EXEL Industries,EXE,EXE,D,EUR,710,EPA,XPAR,Euronext Paris,france,False,R,,Machinery: Agricultural,EURONEXT:EXE,exel-industries-sa-a-shs,stock,55.0,401844444.1379,USD,Producer Manufacturing,Trucks/Construction/Farm Machinery,True,EURONEXT,France,EUR,1.07336,4.018444441379,5.90348e-07,0.0,欧洲,FR0004527638,True,EURONEXT:EXE,EXEL INDUSTRIES,,,,EXEL Industries,,制造业,机械,工程机械,法国,1.7206046072078762e-08,XPAR,EUR,55.00,-0.36,09:00 CEST26 Apr 2024,55.20,25 Apr 2024
BE0003808251,BE0003808251-XBRU,Exmar,EXM,EXM,C,EUR,320,EBR,XBRU,Euronext Brussels,belgium,False,R,CX,Marine Transportation,EURONEXT:EXM,exmar-ord,stock,3078.0,466542119.8581,USD,Transportation,Marine Shipping,True,EURONEXT,Belgium,EUR,1.07336,4.665421198581,3.3038020800000005e-05,0.0,欧洲,BE0003808251,True,EURONEXT:EXM,EXMAR,,,,Exmar,,制造业,运输,海运,比利时,0.0,XBRU,EUR,7.60,0,09:38 CEST26 Apr 2024,7.60,25 Apr 2024
FR0014005DA7,FR0014005DA7-XPAR,EXCLUSIVE NET PROM,EXN,EXN,C,EUR,710,EPA,XPAR,Euronext Paris,france,False,R,,Computer Services,EURONEXT:EXN,exclusive-networks,stock,80967.59999999999,1991278040.3818,USD,Technology Services,Packaged Software,True,EURONEXT,France,EUR,1.07336,19.912780403818,0.00086907383136,0.0,欧洲,FR0014005DA7,True,EURONEXT:EXN,EXCLUSIVE NETWORKS,,,,EXCLUSIVE NET PROM,,科技,IT技术,软件开发,法国,5.6811625278477774e-05,XPAR,EUR,20.30,0.25,10:08 CEST26 Apr 2024,20.25,25 Apr 2024
NL0012059018,NL0012059018-XAMS,EXOR,EXOR,EXO,A,EUR,200,EAM,XAMS,Euronext Amsterdam,netherlands,False,R,CX,Diversified Financial Services ,EURONEXT:EXO,exor,stock,886864.9,22655636940.6043,USD,Finance,Investment Managers,True,EURONEXT,Netherlands,EUR,1.07336,226.55636940604305,0.00951925309064,0.0,欧洲,NL0012059018,True,EURONEXT:EXO,EXOR,,,,EXOR,,金融,资产管理,投资经理,荷兰,0.000272964389881,XAMS,EUR,100.70,0.6,10:08 CEST26 Apr 2024,100.10,25 Apr 2024
FR0014003AQ4,FR0014003AQ4-XPAR,EXPLOSIFS PROD.CHI,EXPL,EXPL,D,EUR,710,EPA,XPAR,Euronext Paris,france,False,R,,Chemicals: Diversified,EURONEXT:EXPL,explosifs-prod-chi,stock,6345.0,307754513.8065,USD,Process Industries,Chemicals: Specialty,True,EURONEXT,France,EUR,1.07336,3.077545138065,6.810469200000001e-05,0.0,欧洲,FR0014003AQ4,True,EURONEXT:EXPL,EXPLOSIFS PROD.CHI,,,,EXPLOSIFS PROD.CHI,,制造业,化工,特殊化学品,法国,1.4331243934916095e-05,XPAR,EUR,134.00,-1.83,09:56 CEST26 Apr 2024,136.50,25 Apr 2024
BE0003874915,BE0003874915-XBRU,Fagron,FAGR,FAGR,B,EUR,320,EBR,XBRU,Euronext Brussels,belgium,True,R,CX,Medical Equipment,EURONEXT:FAGR,fagron,stock,17412.76,1383707696.46,USD,Distribution Services,Medical Distributors,True,EURONEXT,Belgium,EUR,1.07336,13.8370769646,0.000186901600736,0.0,欧洲,BE0003874915,True,EURONEXT:FAGR,FAGRON,,,,Fagron,,消费,经销商,医疗经销商,比利时,4.4310619749046434e-07,"XBRU, XAMS",EUR,17.72,0.45,10:06 CEST26 Apr 2024,17.64,25 Apr 2024
FR0011271600,FR0011271600-XPAR,Fermentalg SA,FALG,FALG,D,EUR,710,EPA,XPAR,Euronext Paris,france,False,R,,Specialty Chemicals,,,,,,,,,,,,,,,,,,,,,,,,,Fermentalg SA,,,,,,,,,,,,,
NL0013654809,NL0013654809-XAMS,Fastned BV,FAST,FAST,D,EUR,200,EAM,XAMS,Euronext Amsterdam,netherlands,False,R,,Specialty Retailers,EURONEXT:FAST,fastned,dr,57069.399999999994,442777412.4973,USD,Retail Trade,Specialty Stores,True,EURONEXT,Netherlands,EUR,1.07336,4.427774124972999,0.00061256011184,0.0001,欧洲,NL0013654809,False,EURONEXT:FAST,FASTNED,,,,Fastned BV,,消费,零售,专卖店,荷兰,7.661587905888312e-06,XAMS,EUR,21.60,0,10:07 CEST26 Apr 2024,21.60,25 Apr 2024
FR0000031973,FR0000031973-XPAR,Faienceries de Sarreguemines Digoin et Vitry-le-Francois,FAYE,FAYE,D,EUR,710,EPA,XPAR,Euronext Paris,france,False,R,,Household Equipment and Products,,,,,,,,,,,,,,,,,,,,,,,,,Faienceries de Sarreguemines Digoin et Vitry-le-Francois,,,,,,,,,,,,,
IT0000072170,IT0000072170-MTAA,FinecoBank Banca Fineco,FBK,FBK,B,EUR,608,MIL,MTAA,Borsa Italiana S.p.A.,italy,False,CX,D15,Banks,MIL:FBK,finecobank,stock,2239175.23,9167469383.7097,USD,Finance,Major Banks,True,MIL,Italy,EUR,1.07336,91.674693837097,0.024034411248728,0.0003,欧洲,IT0000072170,True,MIL:FBK,FinecoBank,,,,FinecoBank Banca Fineco,,金融,银行,主要银行,意大利,0.0040240071644737,MTAA,EUR,14.27,2.0,10:08 CEST26 Apr 2024,13.99,25 Apr 2024
FR0000062101,FR0000062101-XPAR,Casino Cannes,FCMC,FCMC,D,EUR,710,EPA,XPAR,Euronext Paris,france,False,R,,Casinos and Gambling,EURONEXT:FCMC,societe-fermiere-du-casino,stock,10920.0,263836831.7134,USD,Consumer Services,Hotels/Resorts/Cruise lines,True,EURONEXT,France,EUR,1.07336,2.638368317134,0.000117210912,0.0,欧洲,FR0000062101,True,EURONEXT:FCMC,FERM.CASINO MUNICIPAL CANNES,,,,Casino Cannes,,消费,可选消费,酒店,法国,0.0,,,,,,,
PTFCP0AM0008,PTFCP0AM0008-XLIS,Futebol Clube do Porto,FCP,FCP,D,EUR,560,ELI,XLIS,Euronext Lisbon,portugal,False,R,,Entertainment,EURONEXT:FCP,fut-clube-porto,stock,96.2,31376335.549,USD,Consumer Services,Movies/Entertainment,True,EURONEXT,Portugal,EUR,1.07336,0.31376335549,1.0325723200000005e-06,0.0,欧洲,PTFCP0AM0008,True,EURONEXT:FCP,FUT.CLUBE PORTO,,,,Futebol Clube do Porto,,消费,可选消费,电影娱乐,葡萄牙,2.3124138842113298e-07,,,,,,,
IT0001415246,IT0001415246-MTAA,Fincantieri,FCT,FCT,D,EUR,608,MIL,MTAA,Borsa Italiana S.p.A.,italy,False,D15,,Machinery: Construction and Handling,MIL:FCT,fincantieri,stock,465001.92,1295603140.3542,USD,Producer Manufacturing,Trucks/Construction/Farm Machinery,True,MIL,Italy,EUR,1.07336,12.956031403542,0.004991144608512,0.0004,欧洲,IT0001415246,True,MIL:FCT,FINCANTIERI,,,,Fincantieri,,制造业,机械,工程机械,意大利,0.000447684212775,MTAA,EUR,0.718,0.56,10:08 CEST26 Apr 2024,0.714,25 Apr 2024
IT0001498481,IT0001498481-MTAA,Fidia,FDA,FDA,D,EUR,608,MIL,MTAA,Borsa Italiana S.p.A.,italy,False,D15,,Machinery: Industrial,MIL:FDA,fidia-spa,stock,2858.075,4230086.2527,USD,Producer Manufacturing,Industrial Machinery,True,MIL,Italy,EUR,1.07336,0.042300862527,3.067743382e-05,0.0007,欧洲,IT0001498481,True,MIL:FDA,FIDIA,,,,Fidia,,制造业,机械,机械加工设备,意大利,8.3485551465382e-07,MTAA,EUR,0.495,4.43,10:08 CEST26 Apr 2024,0.474,25 Apr 2024
FR0013030152,FR0013030152-XPAR,La Francaise de l Energie SA,LFDE,FDE,D,EUR,710,EPA,XPAR,Euronext Paris,france,False,R,,Alternative Electricity,EURONEXT:FDE,francaise-energie,stock,116963.0,187725830.7335,USD,Utilities,Electric Utilities,True,EURONEXT,France,EUR,1.07336,1.877258307335,0.0012554340568,0.0007,欧洲,FR0013030152,True,EURONEXT:FDE,FRANCAISE ENERGIE,,,,La Francaise de l Energie SA,,公用事业,电力,电力公司,法国,0.0006672860063061,XPAR,EUR,34.20,2.09,10:07 CEST26 Apr 2024,33.50,25 Apr 2024
FR0013451333,FR0013451333-XPAR,法国国家彩票,FDJ,FDJ,A,EUR,710,EPA,XPAR,Euronext Paris,france,True,R,,Casinos and Gambling,EURONEXT:FDJ,la-francaise-des,stock,417959.36,7068259052.9844,USD,Consumer Services,Casinos/Gaming,True,EURONEXT,France,EUR,1.07336,70.68259052984399,0.004486208586496,0.0001,欧洲,FR0013451333,True,EURONEXT:FDJ,LA FRANCAISE DES,,,法国国家彩票,La Francaise des Jeux SA,,消费,可选消费,博彩,法国,0.0001743579553335,XPAR,EUR,34.74,0.7,10:07 CEST26 Apr 2024,34.50,25 Apr 2024
NL0015001FS8,NL0015001FS8-XAMS,法罗里奥 SE,FER,FER,A,EUR,200,EAM,XAMS,Euronext Amsterdam,netherlands,False,R,,Engineering and Contracting Services,EURONEXT:FER,ferrovial,stock,9150.08,26481461310.301,USD,Industrial Services,Engineering & Construction,False,EURONEXT,Netherlands,EUR,1.07336,264.81461310301,9.8213298688e-05,0.0,欧洲,NL0015001FS8,False,BME:FER,Ferrovial,,,,FERROVIAL,法罗里奥,制造业,建筑业,建筑工程,荷兰,9.838419673406228e-17,XAMS,EUR,33.64,0,09:04 CEST26 Apr 2024,33.64,25 Apr 2024
IT0005215329,IT0005215329-MTAA,FINE FOODS & PHARMACEUTICALS NTM,FF,FF,D,EUR,608,MIL,MTAA,Borsa Italiana S.p.A.,italy,False,D15,,Pharmaceuticals,MIL:FF,,stock,3201.8799999999997,219194168.5434,USD,Health Technology,Pharmaceuticals: Major,True,MIL,Italy,EUR,1.07336,2.1919416854339997,3.4367699167999997e-05,0.0,欧洲,IT0005215329,True,MIL:FF,FINE FOODS & PHARMACEUTICALS NTM,,,,FINE FOODS & PHARMACEUTICALS NTM,,医药,制药,主要制药,意大利,0.0,,,,,,,
NL0011832811,NL0011832811-XAMS,ForFarmers,FFARM,FFARM,C,EUR,200,EAM,XAMS,Euronext Amsterdam,netherlands,False,R,CX,Farming/Fishing/Ranching and Plantations,EURONEXT:FFARM,forfarmers,stock,23242.75,225956568.0318,USD,Process Industries,Agricultural Commodities/Milling,True,EURONEXT,Netherlands,EUR,1.07336,2.259565680318,0.0002494783814,0.0001,欧洲,NL0011832811,True,EURONEXT:FFARM,FORFARMERS,,,,ForFarmers,,制造业,化工,农产品,荷兰,7.312117886640343e-05,XAMS,EUR,2.39,1.27,09:37 CEST26 Apr 2024,2.36,25 Apr 2024
FR0011665280,FR0011665280-XPAR,Figeac Aero SARL,FGA,FGA,D,EUR,710,EPA,XPAR,Euronext Paris,france,False,R,,Aerospace,EURONEXT:FGA,figeac-aero,stock,6281.12,257524259.3157,USD,Electronic Technology,Aerospace & Defense,True,EURONEXT,France,EUR,1.07336,2.575242593157,6.7419029632e-05,0.0,欧洲,FR0011665280,True,EURONEXT:FGA,FIGEAC AERO,,,,Figeac Aero SARL,,制造业,机械,航空航天与国防,法国,1.3380889738966726e-05,XPAR,EUR,5.92,1.02,09:24 CEST26 Apr 2024,5.86,25 Apr 2024
FR0000130452,FR0000130452-XPAR,埃法日,FGR,FGR,A,EUR,710,EPA,XPAR,Euronext Paris,france,True,R,CX,Construction,EURONEXT:FGR,eiffage,stock,1355902.0,10337420304.5658,USD,Industrial Services,Engineering & Construction,True,EURONEXT,France,EUR,1.07336,103.374203045658,0.0145537097072,0.0001,欧洲,FR0000130452,True,EURONEXT:FGR,EIFFAGE,,,埃法日,Eiffage,,制造业,建筑业,建筑工程,法国,0.0009845403035374,XPAR,EUR,100.35,0.87,10:08 CEST26 Apr 2024,99.48,25 Apr 2024
FR0000050353,FR0000050353-XPAR,LISI S.A.,FII,FII,C,EUR,710,EPA,XPAR,Euronext Paris,france,False,R,CX,Aerospace,EURONEXT:FII,lisi,stock,90500.8,1178256458.293,USD,Electronic Technology,Aerospace & Defense,True,EURONEXT,France,EUR,1.07336,11.78256458293,0.00097139938688,0.0001,欧洲,FR0000050353,True,EURONEXT:FII,LISI,,,,LISI S.A.,,制造业,机械,航空航天与国防,法国,0.0004310828196017,XPAR,EUR,24.60,1.86,09:58 CEST26 Apr 2024,24.15,25 Apr 2024
IT0004967292,IT0004967292-MTAA,FILA Fabbrica Italiana Lapis ed Affini,FILA,FILA,C,EUR,608,MIL,MTAA,Borsa Italiana S.p.A.,italy,False,CX,D15,Nondurable Household Products,MIL:FILA,fila,stock,42705.2,480944780.0431,USD,Producer Manufacturing,Office Equipment/Supplies,True,MIL,Italy,EUR,1.07336,4.809447800431,0.00045838053472,0.0001,欧洲,IT0004967292,True,MIL:FILA,FILA,,,,FILA Fabbrica Italiana Lapis ed Affini,,制造业,机械,办公用品,意大利,4.9533673631753055e-05,MTAA,EUR,8.83,0.46,09:54 CEST26 Apr 2024,8.79,25 Apr 2024
FR0000060824,FR0000060824-XPAR,Financire Marjos,FINM,FINM,D,EUR,710,EPA,XPAR,Euronext Paris,france,False,R,,Apparel Retailers,,,,,,,,,,,,,,,,,,,,,,,,,Financire Marjos,,,,,,,,,,,,,
FR0000038184,FR0000038184-XPAR,FIPP S.A.,FIPP,FIPP,D,EUR,710,EPA,XPAR,Euronext Paris,france,False,R,,Diversified Financial Services ,EURONEXT:FIPP,fipp,stock,33.11,13610111.8805,USD,Industrial Services,Engineering & Construction,True,EURONEXT,France,EUR,1.07336,0.136101118805,3.553894960000001e-07,0.0,欧洲,FR0000038184,True,EURONEXT:FIPP,FIPP,,,,FIPP S.A.,,制造业,建筑业,建筑工程,法国,0.0,,,,,,,
NL0015000X07,NL0015000X07-XAMS,FL ENTERTAINMENT,FLE,FLE,D,EUR,200,EAM,XAMS,Euronext Amsterdam,netherlands,False,R,,Entertainment,EURONEXT:FLE,,stock,9.25,4177196360.847,USD,Consumer Services,Movies/Entertainment,True,EURONEXT,France,EUR,1.07336,41.77196360847,9.92858e-08,0.0,欧洲,NL0015000X07,True,EURONEXT:FLE,FL ENTERTAINMENT,,,,FL ENTERTAINMENT,,消费,可选消费,电影娱乐,荷兰,3.2497154183577943e-09,XAMS,EUR,9.25,0.54,09:00 CEST26 Apr 2024,9.20,25 Apr 2024
BE0003215143,BE0003215143-XBRU,Floridienne,FLOB,FLOB,D,EUR,320,EBR,XBRU,Euronext Brussels,belgium,False,R,,Diversified Industrials,EURONEXT:FLOB,floridienne,stock,36575.0,635026555.2466,USD,Consumer Non-Durables,Food: Specialty/Candy,True,EURONEXT,Belgium,EUR,1.07336,6.350265552466,0.00039258142,0.0001,欧洲,BE0003215143,True,EURONEXT:FLOB,FLORIDIENNE,,,,Floridienne,,消费,食品饮料,零食,比利时,0.0001967413194163,,,,,,,
BMG3602E1084,BMG3602E1084-XAMS,FLOW TRADERS,FLOW,FLOW,B,EUR,200,EAM,XAMS,Euronext Amsterdam,netherlands,False,R,,Investment Services,EURONEXT:FLOW,flow-traders-ltd,stock,1297018.36,917413332.7574,USD,Finance,Investment Banks/Brokers,True,EURONEXT,Netherlands,EUR,1.07336,9.174133327574,0.013921676268896,0.0015,欧洲,BMG3602E1084,True,EURONEXT:FLOW,FLOW TRADERS,,,,FLOW TRADERS,,金融,资产管理,投资银行,荷兰,0.0048366107900844,XAMS,EUR,19.67,-1.4,10:07 CEST26 Apr 2024,19.95,25 Apr 2024
BE0974265945,BE0974265945-XBRU,Fluxys Belgium,FLUX,FLUX,D,EUR,320,EBR,XBRU,Euronext Brussels,belgium,False,R,,Pipelines,EURONEXT:FLUX,fluxys-belgium,stock,71278.5,1537581773.3441,USD,Utilities,Gas Distributors,True,EURONEXT,Belgium,EUR,1.07336,15.375817733441,0.0007650749076,0.0,欧洲,BE0974265945,True,EURONEXT:FLUX,FLUXYS BELGIUM,,,,Fluxys Belgium,,公用事业,燃气,燃气,比利时,2.6218263654448455e-05,XBRU,EUR,20.50,0.49,09:58 CEST26 Apr 2024,20.40,25 Apr 2024
FR0000033409,FR0000033409-XPAR,Foncire Lyonnaise,FLY,FLY,D,EUR,710,EPA,XPAR,Euronext Paris,france,False,R,,Office REITs,EURONEXT:FLY,fonciere-lyonnaise,fund,921.2,3032924409.4646,USD,Finance,Real Estate Investment Trusts,True,EURONEXT,France,EUR,1.07336,30.329244094646,9.88779232e-06,0.0,欧洲,,,,,,,,Foncire Lyonnaise,,金融,房地产,房地产投资信托,法国,1.2272325813542356e-07,XPAR,EUR,65.80,-0.3,09:32 CEST26 Apr 2024,66.00,25 Apr 2024
IT0003365613,IT0003365613-MTAA,Fiera Milano,FM,FM,D,EUR,608,MIL,MTAA,Borsa Italiana S.p.A.,italy,False,D15,,Professional Business Support Services,MIL:FM,fiera-milano-spa,stock,24188.24,294345443.0692,USD,Commercial Services,Miscellaneous Commercial Services,True,MIL,Italy,EUR,1.07336,2.943454430692,0.000259626892864,0.0001,欧洲,IT0003365613,True,MIL:FM,FIERA MILANO,,,,Fiera Milano,,消费,商业服务,综合商业,意大利,4.5998431500861945e-06,MTAA,EUR,3.85,0.52,10:08 CEST26 Apr 2024,3.83,25 Apr 2024
FR0000076986,FR0000076986-XPAR,Financire Moncey,MONC,FMONC,D,EUR,710,EPA,XPAR,Euronext Paris,france,False,R,,Asset Managers and Custodians,EURONEXT:FMONC,moncey-fin-nom,stock,22200.0,1451626331.9984,USD,Finance,Financial Conglomerates,True,EURONEXT,France,EUR,1.07336,14.516263319984,0.00023828592,0.0,欧洲,FR0000076986,True,EURONEXT:FMONC,MONCEY (FIN.) NOM.,,,,Financire Moncey,,金融,资产管理,金融集团,法国,1.4235670950345982e-05,,,,,,,
FR0011476928,FR0011476928-XPAR,Fnac Darty SA,FNAC,FNAC,C,EUR,710,EPA,XPAR,Euronext Paris,france,False,R,,Specialty Retailers,EURONEXT:FNAC,fnac-darty,stock,70530.75,959922618.749,USD,Retail Trade,Electronics/Appliance Stores,True,EURONEXT,France,EUR,1.07336,9.59922618749,0.0007570488582,0.0001,欧洲,FR0011476928,True,EURONEXT:FNAC,FNAC DARTY,,,,Fnac Darty SA,,消费,零售,电子电器商店,法国,3.5715773784296597e-06,XPAR,EUR,32.25,-0.15,09:52 CEST26 Apr 2024,32.30,25 Apr 2024
IT0000060886,IT0000060886-MTAA,FNM,FNM,FNM,D,EUR,608,MIL,MTAA,Borsa Italiana S.p.A.,italy,False,D15,,Travel and Tourism,MIL:FNM,fnm-spa,stock,872.822,208067912.8215,USD,Transportation,Railroads,True,MIL,Italy,EUR,1.07336,2.080679128215,9.3685222192e-06,0.0,欧洲,IT0000060886,True,MIL:FNM,FNM,,,,FNM,,制造业,运输,铁路,意大利,0.0,MTAA,EUR,0.446,0,09:10 CEST26 Apr 2024,0.446,25 Apr 2024
FR0000035123,FR0000035123-XPAR,Finatis,FNTS,FNTS,D,EUR,710,EPA,XPAR,Euronext Paris,france,False,R,,Food Retailers and Wholesalers,,,,,,,,,,,,,,,,,,,,,,,,,Finatis,,,,,,,,,,,,,
SN0000033192,SN0000033192-XPAR,Financire de l'Ouest Africain,FOAF,FOAF,D,EUR,710,EPA,XPAR,Euronext Paris,france,False,R,,Diversified Financial Services ,,,,,,,,,,,,,,,,,,,,,,,,,Financire de l'Ouest Africain,,,,,,,,,,,,,
CI0000053161,CI0000053161-XPAR,Forestire quatoriale,FORE,FORE,D,EUR,710,EPA,XPAR,Euronext Paris,france,False,R,,Diversified Financial Services ,,,,,,,,,,,,,,,,,,,,,,,,,Forestire quatoriale,,,,,,,,,,,,,
FR0014005SB3,FR0014005SB3-XPAR,FORSEE POWER PROM,FORSE,FORSE,D,EUR,710,EPA,XPAR,Euronext Paris,france,False,R,,Electrical Components,EURONEXT:FORSE,forsee-power-sa,stock,21603.02,72074713.0,USD,Producer Manufacturing,Electrical Products,True,EURONEXT,France,EUR,1.07336,0.72074713,0.000231878175472,0.0003,欧洲,FR0014005SB3,True,EURONEXT:FORSE,FORSEE POWER,,,,FORSEE POWER PROM,,制造业,机械,电力设备,法国,0.0006943461968828,XPAR,EUR,0.959,2.02,10:08 CEST26 Apr 2024,0.94,25 Apr 2024
BE0003752665,BE0003752665-XBRU,Fountain,FOU,FOU,D,EUR,320,EBR,XBRU,Euronext Brussels,belgium,False,R,,Soft Drinks,EURONEXT:FOU,fountain,stock,635.0,8014802.4832,USD,Producer Manufacturing,Industrial Machinery,True,EURONEXT,Belgium,EUR,1.07336,0.080148024832,6.815836e-06,0.0001,欧洲,BE0003752665,True,EURONEXT:FOU,FOUNTAIN,,,,Fountain,,制造业,机械,机械加工设备,比利时,0.0,,,,,,,
FR0000074197,FR0000074197-XPAR,UTI Group,FPG,FPG,D,EUR,710,EPA,XPAR,Euronext Paris,france,False,R,,Computer Services,EURONEXT:FPG,union-technologies-informat,stock,77.42,4735342.9705,USD,Technology Services,Information Technology Services,True,EURONEXT,France,EUR,1.07336,0.047353429705,8.309953120000001e-07,0.0,欧洲,FR0000074197,True,EURONEXT:FPG,UNION TECH.INFOR.,,,,UTI Group,,科技,IT技术,信息技术,法国,1.853352760481632e-06,XPAR,EUR,0.49,-2.97,09:04 CEST26 Apr 2024,0.505,25 Apr 2024
FR0013176526,FR0013176526-XPAR,法雷奥,FR,FR,B,EUR,710,EPA,XPAR,Euronext Paris,france,True,R,,Auto Parts,EURONEXT:FR,valeo,stock,2097251.1,3108721564.1693,USD,Producer Manufacturing,Auto Parts: OEM,True,EURONEXT,France,EUR,1.07336,31.087215641693,0.02251105440696,0.0007,欧洲,FR0013176526,True,EURONEXT:FR,VALEO,,,法雷奥,Valeo SE,,制造业,汽车,汽车零部件,法国,0.0099360112408922,XPAR,EUR,11.52,-3.11,10:09 CEST26 Apr 2024,11.89,25 Apr 2024
FR0010588079,FR0010588079-XPAR,Frey,FREY,FREY,D,EUR,710,EPA,XPAR,Euronext Paris,france,False,R,,Real Estate Holding and Development,EURONEXT:FREY,frey,fund,5656.0,967542205.2985,USD,Finance,Real Estate Development,True,EURONEXT,France,EUR,1.07336,9.675422052985,6.070924160000001e-05,0.0,欧洲,,,,,,,,Frey,,金融,房地产,房地产开发,法国,0.0,,,,,,,
FR0000121147,FR0000121147-XPAR,佛吉亚,FRVIA,FRVIA,C,EUR,710,EPA,XPAR,Euronext Paris,france,True,R,CX,Auto Parts,EURONEXT:FRVIA,faurecia,stock,864182.88,2951031012.6985,USD,Producer Manufacturing,Auto Parts: OEM,True,EURONEXT,France,EUR,1.07336,29.510310126985,0.009275793360768,0.0003,欧洲,FR0000121147,True,EURONEXT:FRVIA,FORVIA,,,佛吉亚,FORVIA,,制造业,汽车,汽车零部件,法国,0.000125693004622,XPAR,EUR,14.32,0.88,10:08 CEST26 Apr 2024,14.195,25 Apr 2024
NL00150003E1,NL00150003E1-XAMS,FUGRO,FUR,FUR,B,EUR,200,EAM,XAMS,Euronext Amsterdam,netherlands,False,R,,Engineering and Contracting Services,EURONEXT:FUR,fugro,stock,922963.0,2804593180.7707,USD,Industrial Services,Engineering & Construction,True,EURONEXT,Netherlands,EUR,1.07336,28.045931807707,0.0099067156568,0.0004,欧洲,NL00150003E1,True,EURONEXT:FUR,FUGRO,,,,FUGRO,,制造业,建筑业,建筑工程,荷兰,0.0005231881034281,XAMS,EUR,23.52,0.51,10:00 CEST26 Apr 2024,23.40,25 Apr 2024
IT0000062072,IT0000062072-MTAA,忠利保险,G,G,A,EUR,608,MIL,MTAA,Borsa Italiana S.p.A.,italy,False,CX,D15,Full Line Insurance,MIL:G,generali-assicurazioni,stock,5399062.8,38156259847.7881,USD,Finance,Multi-Line Insurance,True,MIL,Italy,EUR,1.07336,381.562598477881,0.05795138047008,0.0002,欧洲,IT0000062072,True,MIL:G,GENERALI ASS,,,忠利保险,Generali,忠利保险,金融,保险,多险种保险,意大利,0.0001680217051255,MTAA,EUR,22.73,-0.13,10:08 CEST26 Apr 2024,22.76,25 Apr 2024
IT0005023038,IT0005023038-MTAA,Gabetti Property Solutions,GAB,GAB,D,EUR,608,MIL,MTAA,Borsa Italiana S.p.A.,italy,False,D15,,Real Estate Holding and Development,MIL:GAB,gabetti-property-solutions,stock,4102.188,42975381.6505,USD,Finance,Real Estate Development,True,MIL,Italy,EUR,1.07336,0.429753816505,4.40312451168e-05,0.0001,欧洲,IT0005023038,True,MIL:GAB,GABETTI,,,,Gabetti Property Solutions,,金融,房地产,房地产开发,意大利,6.0296353725326e-06,MTAA,EUR,0.668,0.6,09:46 CEST26 Apr 2024,0.664,25 Apr 2024
FR0000030611,FR0000030611-XPAR,Marocaine Cie,CIEM,GALIM,D,EUR,710,EPA,XPAR,Euronext Paris,france,False,R,,Real Estate Holding and Development,EURONEXT:GALIM,,stock,15.1,525564646.1927,USD,Finance,Real Estate Development,True,EURONEXT,France,EUR,1.07336,5.255646461926999,1.6207736e-07,0.0,欧洲,FR0000030611,True,EURONEXT:GALIM,GALIMMO,,,,Marocaine Cie,,金融,房地产,房地产开发,法国,0.0,,,,,,,
PTGAL0AM0009,PTGAL0AM0009-XLIS,Galp Energia,GALP,GALP,A,EUR,560,ELI,XLIS,Euronext Lisbon,portugal,False,R,CX,Integrated Oil and Gas,EURONEXT:GALP,galp-energia-nom,stock,2158536.14,16793037434.9883,USD,Energy Minerals,Integrated Oil,True,EURONEXT,Portugal,EUR,1.07336,167.930374349883,0.023168863512304,0.0001,欧洲,PTGAL0AM0009,True,EURONEXT:GALP,GALP ENERGIA-NOM,,,,Galp Energia,,资源,能源,石油,葡萄牙,0.0049835703853707,,,,,,,
FR0000034894,FR0000034894-XPAR,Gaumont,GAM,GAM,D,EUR,710,EPA,XPAR,Euronext Paris,france,False,R,,Entertainment,EURONEXT:GAM,gaumont-sa,stock,2835.0,315795788.3803,USD,Consumer Services,Movies/Entertainment,True,EURONEXT,France,EUR,1.07336,3.157957883803,3.0429756e-05,0.0,欧洲,FR0000034894,True,EURONEXT:GAM,GAUMONT,,,,Gaumont,,消费,可选消费,电影娱乐,法国,1.8475535463510688e-06,,,,,,,
BE0003797140,BE0003797140-XBRU,GRPE BRUXELLES LAMBERT SA(GBL),GBLB,GBLB,A,EUR,320,EBR,XBRU,Euronext Brussels,belgium,True,R,CX,Diversified Financial Services ,EURONEXT:GBLB,gbl,stock,260329.5,10148662935.4767,USD,Finance,Financial Conglomerates,True,EURONEXT,Belgium,EUR,1.07336,101.486629354767,0.0027942727212,0.0,欧洲,BE0003797140,True,EURONEXT:GBLB,GBL,,,,GRPE BRUXELLES LAMBERT SA(GBL),,金融,资产管理,金融集团,比利时,0.0002206769051419,XBRU,EUR,69.75,1.09,10:02 CEST26 Apr 2024,69.00,25 Apr 2024
FR0000032526,FR0000032526-XPAR,Guerbet,GBT,GBT,D,EUR,710,EPA,XPAR,Euronext Paris,france,False,R,,Pharmaceuticals,EURONEXT:GBT,guerbet,stock,575814.75,485412415.7108,USD,Health Technology,Medical Specialties,True,EURONEXT,France,EUR,1.07336,4.854124157108,0.0061805652006,0.0013,欧洲,FR0000032526,True,EURONEXT:GBT,GUERBET,,,,Guerbet,,医药,医疗,医疗器械,法国,0.0026362895683696,XPAR,EUR,34.90,-2.65,10:07 CEST26 Apr 2024,35.85,25 Apr 2024
FR0000044471,FR0000044471-XPAR,Ramsay Gnrale de Sant,GDS,GDS,D,EUR,710,EPA,XPAR,Euronext Paris,france,False,R,,Health Care Facilities,EURONEXT:GDS,ramsay-generale-de-sante,stock,25.1,1467977681.5301,USD,Health Services,Medical/Nursing Services,True,EURONEXT,France,EUR,1.07336,14.679776815301,2.6941336000000004e-07,0.0,欧洲,FR0000044471,True,EURONEXT:GDS,RAMSAY GENERALE DE SANTE,,,,Ramsay Gnrale de Sant,,医药,健康服务,健康服务,法国,4.2414344783623984e-08,XPAR,EUR,12.55,1.21,09:00 CEST26 Apr 2024,12.40,25 Apr 2024
IT0003203947,IT0003203947-MTAA,Gefran,GE,GE,D,EUR,608,MIL,MTAA,Borsa Italiana S.p.A.,italy,False,D15,,Electronic Equipment: Gauges and Meters,MIL:GE,gefran-spa,stock,45587.36,124266515.2924,USD,Electronic Technology,Electronic Production Equipment,True,MIL,Italy,EUR,1.07336,1.242665152924,0.000489316487296,0.0004,欧洲,IT0003203947,True,MIL:GE,GEFRAN,,,,Gefran,,科技,电子,电子生产设备,意大利,0.0002900132023325,,,,,,,
FR0000053035,FR0000053035-XPAR,Grenobloise d'Electronique et d'Automatismes,GEA,GEA,D,EUR,710,EPA,XPAR,Euronext Paris,france,False,R,,Electronic Equipment: Gauges and Meters,EURONEXT:GEA,gea,stock,78.0,91709337.6383,USD,Electronic Technology,Electronic Equipment/Instruments,True,EURONEXT,France,EUR,1.07336,0.917093376383,8.372208000000001e-07,0.0,欧洲,FR0000053035,True,EURONEXT:GEA,GEA GRENOBL.ELECT.,,,,Grenobloise d'Electronique et d'Automatismes,,科技,电子,仪器设备,法国,0.0,XPAR,EUR,78.00,0,09:00 CEST26 Apr 2024,78.00,25 Apr 2024
IT0000062072,IT0000062072-TNLB,Assicurazioni Generali,GEN,GEN,D,EUR,320,EBR,TNLB,Euronext Brussels,belgium,False,R,,Full Line Insurance,,,,,,,,,,,,,,,,,,,,,,,,,Assicurazioni Generali,,,,,,,,,,,,,
IT0003697080,IT0003697080-MTAA,Geox,GEO,GEO,D,EUR,608,MIL,MTAA,Borsa Italiana S.p.A.,italy,False,D15,,Footwear,MIL:GEO,geox-spa,stock,20268.171,188350270.8575,USD,Consumer Non-Durables,Apparel/Footwear,True,MIL,Italy,EUR,1.07336,1.883502708575,0.0002175504402456,0.0001,欧洲,IT0003697080,True,MIL:GEO,GEOX,,,,Geox,,消费,日常消费,服装鞋类,意大利,2.70242945745403e-05,MTAA,EUR,0.693,0.73,09:43 CEST26 Apr 2024,0.688,25 Apr 2024
IT0004942915,IT0004942915-MTAA,Gequity,GEQ,GEQ,D,EUR,608,MIL,MTAA,Borsa Italiana S.p.A.,italy,False,D15,,Diversified Financial Services ,,,,,,,,,,,,,,,,,,,,,,,,,Gequity,,,,,,,MTAA,EUR,0.0034,-5.56,10:04 CEST26 Apr 2024,0.0036,25 Apr 2024
FR0010533075,FR0010533075-XPAR,欧隧公司,GET,GET,A,EUR,710,EPA,XPAR,Euronext Paris,france,True,R,CX,Railroads,EURONEXT:GET,getlink-se,stock,503536.47,9072490983.1671,USD,Transportation,Railroads,True,EURONEXT,France,EUR,1.07336,90.72490983167098,0.005404759054392,0.0001,欧洲,FR0010533075,True,EURONEXT:GET,GETLINK SE,,,欧隧公司,GETLINK SE,,制造业,运输,铁路,法国,0.0006074792200982,XPAR,EUR,15.83,1.25,10:06 CEST26 Apr 2024,15.635,25 Apr 2024
FR0010040865,FR0010040865-XPAR,Gecina,GFC,GFC,A,EUR,710,EPA,XPAR,Euronext Paris,france,True,R,CX,Office REITs,EURONEXT:GFC,gecina-sa,fund,1185576.75,7379406683.1594,USD,Finance,Real Estate Investment Trusts,True,EURONEXT,France,EUR,1.07336,73.794066831594,0.0127255066038,0.0002,欧洲,,,,,,,,Gecina,,金融,房地产,房地产投资信托,法国,0.0035780419043672,XPAR,EUR,95.15,2.09,10:06 CEST26 Apr 2024,93.20,25 Apr 2024
IT0005122400,IT0005122400-MTAA,Giglio Group,GG,GG,D,EUR,608,MIL,MTAA,Borsa Italiana S.p.A.,italy,False,D15,,Cable Television Services,MIL:GG,,stock,370.0,10660850.8818,USD,Technology Services,Information Technology Services,True,MIL,Italy,EUR,1.07336,0.1066085088179999,3.971432000000001e-06,0.0,欧洲,IT0005122400,True,MIL:GG,GIGLIO,,,,Giglio Group,,科技,IT技术,信息技术,意大利,4.166487637217688e-06,MTAA,EUR,0.37,-1.86,09:43 CEST26 Apr 2024,0.377,25 Apr 2024
IT0005345233,IT0005345233-MTAA,Garofalo Health Care,GHC,GHC,D,EUR,608,MIL,MTAA,Borsa Italiana S.p.A.,italy,False,D15,,Health Care Facilities,MIL:GHC,garofalo-health-care-spa,stock,27073.92,454568894.5426,USD,Health Services,Hospital/Nursing Management,True,MIL,Italy,EUR,1.07336,4.545688945426,0.000290600627712,0.0001,欧洲,IT0005345233,True,MIL:GHC,GAROFALO HEALTH CARE,,,,Garofalo Health Care,,医药,健康服务,健康服务,意大利,0.0,MTAA,EUR,4.71,-0.21,10:05 CEST26 Apr 2024,4.72,25 Apr 2024
BE0003699130,BE0003699130-XBRU,Gimv,GIMB,GIMB,D,EUR,320,EBR,XBRU,Euronext Brussels,belgium,False,R,,Asset Managers and Custodians,EURONEXT:GIMB,gimv,stock,23496.75,1316613271.0393,USD,Finance,Investment Managers,True,EURONEXT,Belgium,EUR,1.07336,13.166132710393,0.0002522047158,0.0,欧洲,BE0003699130,True,EURONEXT:GIMB,GIMV,,,,Gimv,,金融,资产管理,投资经理,比利时,7.855600792065137e-06,XBRU,EUR,44.25,0.45,09:27 CEST26 Apr 2024,44.05,25 Apr 2024
FR0004010338,FR0004010338-XPAR,Groupe JAJ?,GJAJ,GJAJ,D,EUR,710,EPA,XPAR,Euronext Paris,france,False,R,,Clothing and Accessories,EURONEXT:GJAJ,,stock,1430.0,4965765.3667,USD,Consumer Non-Durables,Apparel/Footwear,True,EURONEXT,France,EUR,1.07336,0.049657653667,1.5349048e-05,0.0003,欧洲,FR0004010338,True,EURONEXT:GJAJ,GROUPE JAJ,,,,Groupe JAJ?,,消费,日常消费,服装鞋类,法国,0.0,,,,,,,
FR0000130809,FR0000130809-XPAR,法国兴业银行,GLE,GLE,A,EUR,710,EPA,XPAR,Euronext Paris,france,True,R,CX,Banks,EURONEXT:GLE,societe-generale,stock,3252825.76,19625771533.6392,USD,Finance,Major Banks,True,EURONEXT,France,EUR,1.07336,196.257715336392,0.034914530577536,0.0002,欧洲,FR0000130809,True,EURONEXT:GLE,Société Générale,,,法国兴业银行,Socit Gnrale,法国兴业银行,金融,银行,主要银行,法国,0.0026365008870047,XPAR,EUR,25.38,1.14,10:09 CEST26 Apr 2024,25.095,25 Apr 2024
PTPAD0AM0007,PTPAD0AM0007-XLIS,GLINTT-GL.INTELLIG.TECHNOL.SA,GLINT,GLINT,D,EUR,560,ELI,XLIS,Euronext Lisbon,portugal,False,R,,Computer Services,EURONEXT:GLINT,glintt,stock,396.0,36940886.3465,USD,Commercial Services,Miscellaneous Commercial Services,True,EURONEXT,Portugal,EUR,1.07336,0.369408863465,4.2505056e-06,0.0,欧洲,PTPAD0AM0007,True,EURONEXT:GLINT,GLINTT,,,,GLINTT-GL.INTELLIG.TECHNOL.SA,,消费,商业服务,综合商业,葡萄牙,1.7305043305680003e-05,,,,,,,
FR0000066672,FR0000066672-XPAR,GL Events,GLO,GLO,C,EUR,710,EPA,XPAR,Euronext Paris,france,False,R,CX,Media Agencies,EURONEXT:GLO,gl-events,stock,18064.2,600174275.8713,USD,Commercial Services,Miscellaneous Commercial Services,True,EURONEXT,France,EUR,1.07336,6.001742758713,0.00019389389712,0.0,欧洲,FR0000066672,True,EURONEXT:GLO,GL EVENTS,,,,GL Events,,消费,商业服务,综合商业,法国,1.695733518045198e-05,XPAR,EUR,19.26,0.42,10:08 CEST26 Apr 2024,19.18,25 Apr 2024
BE0003818359,BE0003818359-XAMS,Galapagos,GLPG,GLPG,C,EUR,200,EAM,XAMS,Euronext Amsterdam,netherlands,True,R,,Biotechnology,EURONEXT:GLPG,galapagos,stock,65753.65999999999,1877467637.2311,USD,Health Technology,Biotechnology,True,EURONEXT,Belgium,EUR,1.07336,18.774676372311,0.0007057734849759,0.0,欧洲,BE0003818359,True,EURONEXT:GLPG,GALAPAGOS,,,,Galapagos,,医药,医疗,生物技术,荷兰,4.025857591077784e-05,"XAMS, XBRU",EUR,26.68,0.45,10:07 CEST26 Apr 2024,26.56,25 Apr 2024
FR0004163111,FR0004163111-XPAR,Genfit,GNFT,GNFT,D,EUR,710,EPA,XPAR,Euronext Paris,france,False,R,,Biotechnology,EURONEXT:GNFT,genfit,stock,15935.325,168571155.6746,USD,Health Technology,Pharmaceuticals: Major,True,EURONEXT,France,EUR,1.07336,1.6857115567460002,0.00017104340442,0.0001,欧洲,FR0004163111,True,EURONEXT:GNFT,GENFIT,,,,Genfit,,医药,制药,主要制药,法国,1.0579269152739972e-05,XPAR,EUR,3.17,0.32,10:07 CEST26 Apr 2024,3.16,25 Apr 2024
CH0308403085,CH0308403085-XPAR,Geneuro SA,GNRO,GNRO,D,EUR,710,EPA,XPAR,Euronext Paris,france,False,R,,Biotechnology,EURONEXT:GNRO,geneuro-sa,stock,1.43,45542839.7563,USD,Health Technology,Biotechnology,True,EURONEXT,Switzerland,EUR,1.07336,0.455428397563,1.5349048e-08,0.0,欧洲,CH0308403085,True,EURONEXT:GNRO,GENEURO,,,,Geneuro SA,,医药,医疗,生物技术,法国,0.0,XPAR,EUR,1.43,0,09:00 CEST26 Apr 2024,1.43,25 Apr 2024
NL0000430106,NL0000430106-XAMS,GEOJUNXION,GOJXN,GOJXN,D,EUR,200,EAM,XAMS,Euronext Amsterdam,netherlands,False,R,,Consumer Digital Services,,,,,,,,,,,,,,,,,,,,,,,,,GEOJUNXION,,,,,,,,,,,,,
FR0010214064,FR0010214064-XPAR,Pizzorno Environnement,GPE,GPE,D,EUR,710,EPA,XPAR,Euronext Paris,france,False,R,,Waste and Disposal Services,EURONEXT:GPE,gpe-groupe-pizzorno,stock,1356.6,292203709.5578,USD,Industrial Services,Environmental Services,True,EURONEXT,France,EUR,1.07336,2.9220370955779997,1.4561201760000003e-05,0.0,欧洲,FR0010214064,True,EURONEXT:GPE,GPE,,,,Pizzorno Environnement,,公用事业,环保,环境工程,法国,3.2725814327828785e-06,XPAR,EUR,70.00,-0.85,10:01 CEST26 Apr 2024,70.60,25 Apr 2024
IT0005221517,IT0005221517-MTAA,GPI,GPI,GPI,D,EUR,608,MIL,MTAA,Borsa Italiana S.p.A.,italy,False,D15,,Health Care Services,MIL:GPI,,stock,2504.0,386222628.2219,USD,Commercial Services,Miscellaneous Commercial Services,True,MIL,Italy,EUR,1.07336,3.862226282219,2.68769344e-05,0.0,欧洲,IT0005221517,True,MIL:GPI,GPI,,,,GPI,,消费,商业服务,综合商业,意大利,1.7571851777320046e-07,MTAA,EUR,12.52,0.16,09:01 CEST26 Apr 2024,12.50,25 Apr 2024
BE0003765790,BE0003765790-XBRU,Greenyard,GRYFO,GREEN,D,EUR,320,EBR,XBRU,Euronext Brussels,belgium,False,R,,Food Products,EURONEXT:GREEN,greenyard,stock,17685.2,279027512.3362,USD,Consumer Non-Durables,Food: Specialty/Candy,True,EURONEXT,Belgium,EUR,1.07336,2.790275123362,0.00018982586272,0.0001,欧洲,BE0003765790,True,EURONEXT:GREEN,GREENYARD,,,,Greenyard,,消费,食品饮料,零食,比利时,0.0,XBRU,EUR,5.20,0,09:36 CEST26 Apr 2024,5.20,25 Apr 2024
FR0000065971,FR0000065971-XPAR,Graines Voltz,GRVO,GRVO,D,EUR,710,EPA,XPAR,Euronext Paris,france,False,R,,Home Improvement Retailers,EURONEXT:GRVO,graines-voltz-sa,stock,4100.8,36838824.305,USD,Distribution Services,Wholesale Distributors,True,EURONEXT,France,EUR,1.07336,0.36838824305,4.401634688000001e-05,0.0001,欧洲,FR0000065971,True,EURONEXT:GRVO,GRAINES VOLTZ,,,,Graines Voltz,,消费,经销商,批发经销商,法国,3.476447994423471e-06,XPAR,EUR,23.30,0.43,09:19 CEST26 Apr 2024,23.20,25 Apr 2024
IT0004098510,IT0004098510-MTAA,Gas Plus,GSP,GSP,D,EUR,608,MIL,MTAA,Borsa Italiana S.p.A.,italy,False,D15,,Integrated Oil and Gas,MIL:GSP,gas-plus,stock,8020.320000000001,108438406.294,USD,Utilities,Gas Distributors,True,MIL,Italy,EUR,1.07336,1.08438406294,8.608690675200001e-05,0.0001,欧洲,IT0004098510,True,MIL:GSP,GAS PLUS,,,,Gas Plus,,公用事业,燃气,燃气,意大利,5.149595939947589e-06,MTAA,EUR,2.31,-0.43,09:51 CEST26 Apr 2024,2.32,25 Apr 2024
IT0001042297,IT0001042297-MTAA,Greenthesis,GTH,GTH,D,EUR,608,MIL,MTAA,Borsa Italiana S.p.A.,italy,False,D15,,Waste and Disposal Services,MIL:GTH,greenthesis-spa,stock,11222.1,358848056.876,USD,Industrial Services,Engineering & Construction,True,MIL,Italy,EUR,1.07336,3.5884805687599997,0.00012045353256,0.0,欧洲,IT0001042297,True,MIL:GTH,GREENTHESIS,,,,Greenthesis,,制造业,建筑业,建筑工程,意大利,0.0,MTAA,EUR,2.22,0,09:39 CEST26 Apr 2024,2.22,25 Apr 2024
FR0011726835,FR0011726835-XPAR,Gaztransport et Technigaz SA,GTT,GTT,B,EUR,710,EPA,XPAR,Euronext Paris,france,True,R,CX,Oil Equipment and Services,EURONEXT:GTT,gtt-gaztransport,stock,1059052.4,5109592617.982,USD,Utilities,Gas Distributors,True,EURONEXT,France,EUR,1.07336,51.095926179820005,0.01136744484064,0.0002,欧洲,FR0011726835,True,EURONEXT:GTT,GTT (GAZTRANSPORT ET TECHNIGAZ) EUR0.01,,,,Gaztransport et Technigaz SA,,公用事业,燃气,燃气,法国,9.618178171915117e-06,XPAR,EUR,129.20,-0.08,10:08 CEST26 Apr 2024,129.30,25 Apr 2024
FR0000066722,FR0000066722-XPAR,Guillemot,GUI,GUI,D,EUR,710,EPA,XPAR,Euronext Paris,france,False,R,,Computer Hardware,EURONEXT:GUI,guillemot,stock,88789.58,84979035.47929999,USD,Consumer Durables,Recreational Products,True,EURONEXT,France,EUR,1.07336,0.8497903547929999,0.000953031835888,0.0011,欧洲,FR0000066722,True,EURONEXT:GUI,GUILLEMOT,,,,Guillemot,,消费,可选消费,休闲产品,法国,0.003161016650301,XPAR,EUR,5.60,6.46,10:02 CEST26 Apr 2024,5.26,25 Apr 2024
PTGNV0AM0001,PTGNV0AM0001-XLIS,GREENVOLT,GVOLT,GVOLT,C,EUR,560,ELI,XLIS,Euronext Lisbon,portugal,False,R,CX,Alternative Electricity,EURONEXT:GVOLT,greenvolt-energias-renovaveis,stock,117303.9,1239079158.6593,USD,Utilities,Electric Utilities,True,EURONEXT,Portugal,EUR,1.07336,12.390791586593,0.00125909314104,0.0001,欧洲,PTGNV0AM0001,True,EURONEXT:GVOLT,GREENVOLT ENERGIAS RENOVAVEIS S.A.,,,,GREENVOLT,,公用事业,电力,电力公司,葡萄牙,0.0,,,,,,,
IT0005411209,IT0005411209-MTAA,GVS,GVS,GVS,C,EUR,608,MIL,MTAA,Borsa Italiana S.p.A.,italy,False,CX,D15,Plastics,MIL:GVS,gvs,stock,10417.68,1011824250.3279,USD,Electronic Technology,Electronic Equipment/Instruments,True,MIL,Italy,EUR,1.07336,10.118242503279,0.000111819210048,0.0,欧洲,IT0005411209,True,MIL:GVS,GVS,,,,GVS,,科技,电子,仪器设备,意大利,2.1702899628814525e-05,MTAA,EUR,5.46,1.3,09:28 CEST26 Apr 2024,5.39,25 Apr 2024
BMG455841020,BMG455841020-XAMS,HAL Trust,HAL,HAL,C,EUR,200,EAM,XAMS,Euronext Amsterdam,netherlands,False,R,CX,Asset Managers and Custodians,EURONEXT:HAL,hal-trust,stock,38563.2,12072459652.2199,USD,Finance,Financial Conglomerates,True,EURONEXT,Netherlands,EUR,1.07336,120.724596522199,0.00041392196352,0.0,欧洲,BMG455841020,True,EURONEXT:HAL,HAL TRUST,,,,HAL Trust,,金融,资产管理,金融集团,荷兰,1.2114222369563745e-06,XAMS,EUR,124.60,0,10:04 CEST26 Apr 2024,124.60,25 Apr 2024
FR0000054231,FR0000054231-XPAR,High Co,HCO,HCO,D,EUR,710,EPA,XPAR,Euronext Paris,france,False,R,,Media Agencies,EURONEXT:HCO,high-co,stock,7094.639999999999,60174863.5826,USD,Commercial Services,Advertising/Marketing Services,True,EURONEXT,France,EUR,1.07336,0.601748635826,7.6151027904e-05,0.0001,欧洲,FR0000054231,True,EURONEXT:HCO,HIGH CO,,,,High Co,,消费,商业服务,广告营销,法国,0.0001654456327014,XPAR,EUR,3.09,3.69,09:56 CEST26 Apr 2024,2.98,25 Apr 2024
FR0014003VY4,FR0014003VY4-XPAR,HDF PROMESSES,HDF,HDF,D,EUR,710,EPA,XPAR,Euronext Paris,france,False,R,,Alternative Electricity,EURONEXT:HDF,,stock,2553.6000000000004,104893146.7391,USD,Utilities,Alternative Power Generation,True,EURONEXT,France,EUR,1.07336,1.048931467391,2.7409320960000003e-05,0.0,欧洲,FR0014003VY4,True,EURONEXT:HDF,HYDROGENE DE FRANCE,,,,HDF PROMESSES,,公用事业,电力,新能源发电,法国,1.936933070447292e-05,XPAR,EUR,6.64,-2.06,10:00 CEST26 Apr 2024,6.78,25 Apr 2024
FR0004165801,FR0004165801-XPAR,Les Hotels de Paris,HDP,HDP,D,EUR,710,EPA,XPAR,Euronext Paris,france,False,R,,Hotels and Motels,EURONEXT:HDP,les-hotels-de-paris,stock,492.48,22821162.5862,USD,Consumer Services,Hotels/Resorts/Cruise lines,True,EURONEXT,France,EUR,1.07336,0.228211625862,5.286083328e-06,0.0,欧洲,FR0004165801,True,EURONEXT:HDP,HOTELS DE PARIS,,,,Les Hotels de Paris,,消费,可选消费,酒店,法国,2.312125757610057e-05,,,,,,,
NL0000009165,NL0000009165-XAMS,喜力,HEIA,HEIA,A,EUR,200,EAM,XAMS,Euronext Amsterdam,netherlands,True,R,CX,Brewers,EURONEXT:HEIA,heineken,stock,3967302.6,56286308750.9861,USD,Consumer Non-Durables,Beverages: Alcoholic,True,EURONEXT,Netherlands,EUR,1.07336,562.863087509861,0.04258343918736,0.0001,欧洲,NL0000009165,True,EURONEXT:HEIA,HEINEKEN,,,喜力,Heineken,喜力,消费,食品饮料,酒,荷兰,0.0008902678155597,XAMS,EUR,93.12,0.34,10:08 CEST26 Apr 2024,92.80,25 Apr 2024
NL0009269109,NL0009269109-XAMS,Heijmans,HEIJM,HEIJM,C,EUR,200,EAM,XAMS,Euronext Amsterdam,netherlands,False,R,CX,Construction,EURONEXT:HEIJM,heijmans,dr,369229.08,488042612.8215,USD,Industrial Services,Engineering & Construction,True,EURONEXT,Netherlands,EUR,1.07336,4.880426128215,0.003963157253088,0.0008,欧洲,NL0009269109,False,EURONEXT:HEIJM,KONINKLIJKE HEIJMANS N.V.,,,,Heijmans,,制造业,建筑业,建筑工程,荷兰,0.001378572265557,XAMS,EUR,17.20,1.42,10:03 CEST26 Apr 2024,16.96,25 Apr 2024
NL0000008977,NL0000008977-XAMS,喜力控股,HEIO,HEIO,A,EUR,200,EAM,XAMS,Euronext Amsterdam,netherlands,False,R,CX,Brewers,EURONEXT:HEIO,heineken,stock,141930.4,23783015450.2919,USD,Consumer Non-Durables,Beverages: Alcoholic,True,EURONEXT,Netherlands,EUR,1.07336,237.83015450291904,0.00152342414144,0.0,欧洲,NL0000008977,True,EURONEXT:HEIO,HEINEKEN HOLDING,,,喜力控股,Heineken Holding,喜力,消费,食品饮料,酒,荷兰,5.837627145578009e-05,XAMS,EUR,77.55,0.65,10:06 CEST26 Apr 2024,77.05,25 Apr 2024
IT0001250932,IT0001250932-MTAA,HERA,HER,HER,B,EUR,608,MIL,MTAA,Borsa Italiana S.p.A.,italy,False,CX,D15,Multi-utilities,MIL:HER,hera,stock,1771610.65,5328230921.967,USD,Utilities,Electric Utilities,True,MIL,Italy,EUR,1.07336,53.28230921967,0.01901576007284,0.0004,欧洲,IT0001250932,True,MIL:HER,HERA,,,,HERA,,公用事业,电力,电力公司,意大利,0.0026927980077921,MTAA,EUR,3.356,-1.18,10:08 CEST26 Apr 2024,3.396,25 Apr 2024
FR0000121329,FR0000121329-XPAR,Thales,HO,HO,A,EUR,710,EPA,XPAR,Euronext Paris,france,False,R,,Defense,EURONEXT:HO,thales,stock,2749032.0,35251782424.2755,USD,Electronic Technology,Aerospace & Defense,True,EURONEXT,France,EUR,1.07336,352.51782424275495,0.0295070098752,0.0001,欧洲,FR0000121329,True,EURONEXT:HO,THALES,,,Thales,Thales,Thales,制造业,机械,航空航天与国防,法国,0.0004167025300603,XPAR,EUR,155.95,-0.45,10:07 CEST26 Apr 2024,156.65,25 Apr 2024
NL0000440311,NL0000440311-XAMS,Holland Colours,HOLCO,HOLCO,D,EUR,200,EAM,XAMS,Euronext Amsterdam,netherlands,False,R,,Chemicals: Diversified,EURONEXT:HOLCO,holland-colours,stock,950.0,87675252.9842,USD,Process Industries,Chemicals: Specialty,True,EURONEXT,Netherlands,EUR,1.07336,0.876752529842,1.0196920000000002e-05,0.0,欧洲,NL0000440311,True,EURONEXT:HOLCO,HOLLAND COLOURS,,,,Holland Colours,,制造业,化工,特殊化学品,荷兰,0.0,XAMS,EUR,95.00,0,09:45 CEST26 Apr 2024,95.00,25 Apr 2024
BE0974409410,BE0974409410-XBRU,HOME INVEST BE.,HOMI,HOMI,D,EUR,320,EBR,XBRU,Euronext Brussels,belgium,False,R,,Residential REITs,EURONEXT:HOMI,home-invest-belgium,fund,25881.52,343980618.3077,USD,Finance,Real Estate Investment Trusts,True,EURONEXT,Belgium,EUR,1.07336,3.4398061830769997,0.000277801883072,0.0001,欧洲,,,,,,,,HOME INVEST BE.,,金融,房地产,房地产投资信托,比利时,1.4570912785487495e-05,XBRU,EUR,16.40,0.74,10:03 CEST26 Apr 2024,16.28,25 Apr 2024
NL0009391242,NL0009391242-XAMS,Hydratec Industries,HYDRA,HYDRA,D,EUR,200,EAM,XAMS,Euronext Amsterdam,netherlands,False,R,,Machinery: Agricultural,EURONEXT:HYDRA,hydratec-gewone-aandelen,stock,51480.0,198987262.7459,USD,Producer Manufacturing,Miscellaneous Manufacturing,True,EURONEXT,Netherlands,EUR,1.07336,1.989872627459,0.000552565728,0.0003,欧洲,NL0009391242,True,EURONEXT:HYDRA,HYDRATEC GEWONE AANDELEN,,,,Hydratec Industries,,制造业,机械,综合制造,荷兰,0.0,,,,,,,
BE0974363955,BE0974363955-XBRU,Hyloris Pharmaceuticals SA,HYL,HYL,D,EUR,320,EBR,XBRU,Euronext Brussels,belgium,False,R,,Biotechnology,EURONEXT:HYL,hyloris,stock,487.9,355926623.8607,USD,Health Technology,Pharmaceuticals: Major,True,EURONEXT,Belgium,EUR,1.07336,3.559266238607,5.23692344e-06,0.0,欧洲,BE0974363955,True,EURONEXT:HYL,HYLORIS,,,,Hyloris Pharmaceuticals SA,,医药,制药,主要制药,比利时,2.0786658019901058e-07,XBRU,EUR,11.85,0,09:56 CEST26 Apr 2024,11.85,25 Apr 2024
GB00BYN5BY03,GB00BYN5BY03-XBRU,HYBRID SOFTWARE GROUP PLC,GLOG,HYSG,D,EUR,320,EBR,XBRU,Euronext Brussels,belgium,False,R,,Software,EURONEXT:HYSG,hybrid-software-plc,stock,3258.0,127506899.5622,USD,Technology Services,Packaged Software,True,EURONEXT,United Kingdom,EUR,1.07336,1.275068995622,3.4970068800000005e-05,0.0,欧洲,GB00BYN5BY03,True,EURONEXT:HYSG,HYBRID SOFTWARE,,,,HYBRID SOFTWARE GROUP PLC,,科技,IT技术,软件开发,比利时,3.0447572725777176e-06,,,,,,,
MA0000011488,MA0000011488-XPAR,Maroc Telecom,IAM,IAM,D,EUR,710,EPA,XPAR,Euronext Paris,france,False,R,,Telecommunications Services,EURONEXT:IAM,itissalat-al-ma-inh-dh,stock,8472.0,8339038893.911699,USD,Communications,Wireless Telecommunications,False,EURONEXT,Morocco,EUR,1.07336,83.39038893911699,9.09350592e-05,0.0,欧洲,MA0000011488,False,CSEMA:IAM,ITISSALAT AL-MAGHRIB,,,,Maroc Telecom,,科技,通信,电信运营,法国,0.0,XPAR,EUR,8.00,0,09:00 CEST26 Apr 2024,8.00,25 Apr 2024
BE0003766806,BE0003766806-XBRU,ION BEAM APPLICATIONS S.A.,IBAB,IBAB,D,EUR,320,EBR,XBRU,Euronext Brussels,belgium,False,R,,Medical Equipment,EURONEXT:IBAB,ion-beam-applications,stock,222963.84000000003,412909644.9939,USD,Health Technology,Medical Specialties,True,EURONEXT,Belgium,EUR,1.07336,4.129096449939,0.002393204673024,0.0006,欧洲,BE0003766806,True,EURONEXT:IBAB,ION BEAM APPLICATIONS,,,,ION BEAM APPLICATIONS S.A.,,医药,医疗,医疗器械,比利时,0.0016991411798728,,,,,,,
PTIBS0AM0008,PTIBS0AM0008-XLIS,Ibersol SGPS,IBS,IBS,D,EUR,560,ELI,XLIS,Euronext Lisbon,portugal,False,R,,Restaurants and Bars,EURONEXT:IBS,ibersol-sgps,stock,505.52,296031229.7364,USD,Consumer Services,Restaurants,True,EURONEXT,Portugal,EUR,1.07336,2.960312297364,5.426049472000001e-06,0.0,欧洲,PTIBS0AM0008,True,EURONEXT:IBS,IBERSOL-SGPS,,,,Ibersol SGPS,,消费,可选消费,餐厅,葡萄牙,0.0,,,,,,,
FR0000035081,FR0000035081-XPAR,Icade,ICAD,ICAD,B,EUR,710,EPA,XPAR,Euronext Paris,france,True,R,CX,Office REITs,EURONEXT:ICAD,icade,fund,146366.87999999998,1986005956.9485,USD,Finance,Real Estate Development,True,EURONEXT,France,EUR,1.07336,19.860059569485,0.001571043543168,0.0001,欧洲,,,,,,,,Icade,,金融,房地产,房地产开发,法国,0.0007187537632036,XPAR,EUR,24.94,1.96,10:08 CEST26 Apr 2024,24.46,25 Apr 2024
IT0005455875,IT0005455875-MTAA,INTERCOS,ICOS,ICOS,B,EUR,608,MIL,MTAA,Borsa Italiana S.p.A.,italy,False,CX,D15,Cosmetics,MIL:ICOS,intercos,stock,16425.0,1356782598.2138,USD,Consumer Non-Durables,Household/Personal Care,True,MIL,Italy,EUR,1.07336,13.567825982138,0.00017629938,0.0,欧洲,IT0005455875,True,MIL:ICOS,INTERCOS,,,,INTERCOS,,消费,日常消费,个人护理,意大利,0.0,MTAA,EUR,13.14,0,10:06 CEST26 Apr 2024,13.14,25 Apr 2024
IT0005543480,IT0005543480-MTAA,ITALIAN DESIGN,IDB,IDB,D,EUR,608,MIL,MTAA,Borsa Italiana S.p.A.,italy,False,D15,,Household Furnishings,MIL:IDB,,stock,41734.08,298080803.3,USD,Consumer Durables,Home Furnishings,True,MIL,Italy,EUR,1.07336,2.980808033,0.000447956921088,0.0002,欧洲,IT0005543480,True,MIL:IDB,ITALIAN DESIGN BRANDS,,,,ITALIAN DESIGN,,消费,可选消费,家居摆设,意大利,0.0001062706030422,,,,,,,
FR0000051393,FR0000051393-XPAR,IDI S.C.A.,IDIP,IDIP,D,EUR,710,EPA,XPAR,Euronext Paris,france,False,R,,Closed End Investments,EURONEXT:IDIP,idi,stock,7350.0,573345103.8226,USD,Finance,Investment Managers,True,EURONEXT,France,EUR,1.07336,5.733451038226,7.889196000000001e-05,0.0,欧洲,FR0000051393,True,EURONEXT:IDIP,IDI,,,,IDI S.C.A.,,金融,资产管理,投资经理,法国,8.264241617913498e-06,XPAR,EUR,75.00,0.81,10:06 CEST26 Apr 2024,74.40,25 Apr 2024
FR0010929125,FR0010929125-XPAR,ID Logistics SAS,IDL,IDL,C,EUR,710,EPA,XPAR,Euronext Paris,france,False,R,,Delivery Services,EURONEXT:IDL,id-logistics-group,stock,238275.0,2263598986.1919003,USD,Transportation,Air Freight/Couriers,True,EURONEXT,France,EUR,1.07336,22.635989861919004,0.00255754854,0.0001,欧洲,FR0010929125,True,EURONEXT:IDL,ID LOGISTICS,,,,ID Logistics SAS,,制造业,运输,物流,法国,0.0004149831594526,XPAR,EUR,337.50,-1.32,09:53 CEST26 Apr 2024,342.00,25 Apr 2024
IT0003411417,IT0003411417-MTAA,Italian Exhibition Group,IEG,IEG,D,EUR,608,MIL,MTAA,Borsa Italiana S.p.A.,italy,False,D15,,Recreational Services,MIL:IEG,,stock,2370.0,155607696.317,USD,Commercial Services,Miscellaneous Commercial Services,True,MIL,Italy,EUR,1.07336,1.55607696317,2.5438632e-05,0.0,欧洲,IT0003411417,True,MIL:IEG,ITALIAN EXHIBITION,,,,Italian Exhibition Group,,消费,商业服务,综合商业,意大利,4.370835996778229e-06,MTAA,EUR,4.74,0.85,09:21 CEST26 Apr 2024,4.70,25 Apr 2024
BE0003748622,BE0003748622-XBRU,Iep Invest,IEP,IEP,D,EUR,320,EBR,XBRU,Euronext Brussels,belgium,False,R,,Real Estate Holding and Development,EURONEXT:IEP,iep-invest,stock,207.0,53848131.5449,USD,Finance,Real Estate Development,True,EURONEXT,Belgium,EUR,1.07336,0.538481315449,2.2218552000000004e-06,0.0,欧洲,BE0003748622,True,EURONEXT:IEP,IEP INVEST,,,,Iep Invest,,金融,房地产,房地产开发,比利时,5.437809635406907e-07,XBRU,EUR,5.75,0.88,09:00 CEST26 Apr 2024,5.70,25 Apr 2024
NL0010556726,NL0010556726-XAMS,IEX Group,IEX,IEX,D,EUR,200,EAM,XAMS,Euronext Amsterdam,netherlands,False,R,,Food Products,EURONEXT:IEX,iex-group-n-v,dr,3325.9199999999996,7390715.2775,USD,Technology Services,Internet Software/Services,True,EURONEXT,Netherlands,EUR,1.07336,0.073907152775,3.5699094912000004e-05,0.0005,欧洲,NL0010556726,False,EURONEXT:IEX,IEX,,,,IEX Group,,科技,IT技术,互联网,荷兰,6.3913680166921305e-06,,,,,,,
IT0003188064,IT0003188064-MTAA,Banca IFIS,IF,IF,C,EUR,608,MIL,MTAA,Borsa Italiana S.p.A.,italy,False,CX,D15,Mortgage Finance,MIL:IF,banca-ifis,stock,462769.2,1174449842.892,USD,Finance,Regional Banks,True,MIL,Italy,EUR,1.07336,11.74449842892,0.00496717948512,0.0004,欧洲,IT0003188064,True,MIL:IF,BANCA IFIS,,,,Banca IFIS,,金融,银行,地区银行,意大利,0.0006836392421514,MTAA,EUR,20.70,1.07,10:07 CEST26 Apr 2024,20.48,25 Apr 2024
IT0005211237,IT0005211237-MTAA,Italgas,IG,IG,B,EUR,608,MIL,MTAA,Borsa Italiana S.p.A.,italy,False,CX,D15,Gas Distribution,MIL:IG,italgas,stock,956550.7,4455524382.6764,USD,Utilities,Gas Distributors,True,MIL,Italy,EUR,1.07336,44.555243826764,0.01026723259352,0.0002,欧洲,IT0005211237,True,MIL:IG,ITALGAS,,,,Italgas,,公用事业,燃气,燃气,意大利,0.0003776482739535,MTAA,EUR,5.145,0.49,10:08 CEST26 Apr 2024,5.12,25 Apr 2024
IT0005322612,IT0005322612-MTAA,Immobiliare Grande Distribuzione SIIQ,IGD,IGD,C,EUR,608,MIL,MTAA,Borsa Italiana S.p.A.,italy,False,CX,D15,Retail REITs,MIL:IGD,igd,fund,116218.122,182990374.0568,USD,Finance,Real Estate Development,True,MIL,Italy,EUR,1.07336,1.829903740568,0.0012474388342992,0.0007,欧洲,,,,,,,,Immobiliare Grande Distribuzione SIIQ,,金融,房地产,房地产开发,意大利,0.000833540191405,MTAA,EUR,1.564,1.16,10:02 CEST26 Apr 2024,1.546,25 Apr 2024
IT0005108219,IT0005108219-MTAA,I Grandi Viaggi,IGV,IGV,D,EUR,608,MIL,MTAA,Borsa Italiana S.p.A.,italy,False,D15,,Travel and Tourism,MIL:IGV,i-grandi-viaggi-spa,stock,16346.094,41050361.4293,USD,Consumer Services,Hotels/Resorts/Cruise lines,True,MIL,Italy,EUR,1.07336,0.410503614293,0.0001754524345584,0.0004,欧洲,IT0005108219,True,MIL:IGV,I GRANDI VIAGGI,,,,I Grandi Viaggi,,消费,可选消费,酒店,意大利,0.000136667116886,MTAA,EUR,0.82,1.99,09:57 CEST26 Apr 2024,0.804,25 Apr 2024
IT0005359192,IT0005359192-MTAA,illimity Bank,ILTY,ILTY,C,EUR,608,MIL,MTAA,Borsa Italiana S.p.A.,italy,False,CX,D15,Banks,MIL:ILTY,illimity-bank,stock,886685.9099999999,432653547.7266,USD,Finance,Regional Banks,True,MIL,Italy,EUR,1.07336,4.326535477266,0.009517331883576,0.0022,欧洲,IT0005359192,True,MIL:ILTY,ILLIMITY BANK,,,,illimity Bank,,金融,银行,地区银行,意大利,0.0044459721948353,MTAA,EUR,4.92,2.24,10:08 CEST26 Apr 2024,4.812,25 Apr 2024
NL0010801007,NL0010801007-XAMS,IMCD,IMCD,IMCD,A,EUR,200,EAM,XAMS,Euronext Amsterdam,netherlands,True,R,,Specialty Chemicals,EURONEXT:IMCD,imcd,stock,14313086.5,9094112406.965,USD,Process Industries,Chemicals: Major Diversified,True,EURONEXT,Netherlands,EUR,1.07336,90.94112406965,0.1536309452564,0.0017,欧洲,NL0010801007,True,EURONEXT:IMCD,IMCD,,,,IMCD,,制造业,化工,化学原料,荷兰,0.3380804227696217,XAMS,EUR,136.10,-8.66,10:09 CEST26 Apr 2024,149.00,25 Apr 2024
FR0000033243,FR0000033243-XPAR,Immobilire Dassault,IMDA,IMDA,D,EUR,710,EPA,XPAR,Euronext Paris,france,False,R,,Diversified REITs,EURONEXT:IMDA,immobiliere-dassault-sa,fund,48.7,356447884.1898,USD,Finance,Real Estate Investment Trusts,True,EURONEXT,France,EUR,1.07336,3.5644788418980005,5.227263200000001e-07,0.0,欧洲,,,,,,,,Immobilire Dassault,,金融,房地产,房地产投资信托,法国,1.9912474474432993e-08,XPAR,EUR,48.70,0.41,09:00 CEST26 Apr 2024,48.50,25 Apr 2024
BE0003599108,BE0003599108-XBRU,Immobel,IMMO,IMMO,D,EUR,320,EBR,XBRU,Euronext Brussels,belgium,False,R,,Real Estate Holding and Development,EURONEXT:IMMO,immobel,stock,910.0,278076179.7596,USD,Finance,Real Estate Development,True,EURONEXT,Belgium,EUR,1.07336,2.780761797596,9.767576000000002e-06,0.0,欧洲,BE0003599108,True,EURONEXT:IMMO,IMMOBEL,,,,Immobel,,金融,房地产,房地产开发,比利时,0.0,XBRU,EUR,26.00,0,09:00 CEST26 Apr 2024,26.00,25 Apr 2024
BE0003866838,BE0003866838-VPXB,Immopool,IMMOP,IMMOP,D,EUR,320,EBR,VPXB,Euronext Brussels,belgium,False,R,,Containers and Packaging,,,,,,,,,,,,,,,,,,,,,,,,,Immopool,,,,,,,,,,,,,
BE0003893139,BE0003893139-XBRU,Immo Moury,IMMOU,IMMOU,D,EUR,320,EBR,XBRU,Euronext Brussels,belgium,False,R,,Office REITs,EURONEXT:IMMOU,immo-moury-d,fund,1974.00007,13979315.9119,USD,Finance,Real Estate Investment Trusts,True,EURONEXT,Belgium,EUR,1.07336,0.139793159119,2.1188127151352e-05,0.0002,欧洲,,,,,,,,Immo Moury,,金融,房地产,房地产投资信托,比利时,0.0,,,,,,,
IT0001413837,IT0001413837-MTAA,Immsi,IMS,IMS,D,EUR,608,MIL,MTAA,Borsa Italiana S.p.A.,italy,False,D15,,Recreational Vehicles and Boats,MIL:IMS,immsi-spa,stock,34373.098000000005,196524131.1513,USD,Consumer Durables,Motor Vehicles,True,MIL,Italy,EUR,1.07336,1.965241311513,0.0003689470846928,0.0002,欧洲,IT0001413837,True,MIL:IMS,IMMSI,,,,Immsi,,制造业,汽车,汽车整车,意大利,4.698520524947112e-05,MTAA,EUR,0.542,0.74,09:52 CEST26 Apr 2024,0.538,25 Apr 2024
PTINA0AP0008,PTINA0AP0008-XLIS,"INAPA -INV., PART. E GESTAO SA",INA,INA,D,EUR,560,ELI,XLIS,Euronext Lisbon,portugal,False,R,,Paper,EURONEXT:INA,inapa-investimentos-partic-gestao-npv,stock,3300.0,18627909.6334,USD,Process Industries,Pulp & Paper,True,EURONEXT,Portugal,EUR,1.07336,0.186279096334,3.5420880000000004e-05,0.0002,欧洲,PTINA0AP0008,True,EURONEXT:INA,INAPA INVESTIMENTOS PARTIC GESTAO NPV,,,,"INAPA -INV., PART. E GESTAO SA",,制造业,化工,造纸,葡萄牙,6.958423444974125e-05,,,,,,,
BE0974374069,BE0974374069-XBRU,Inclusio SCA,INCLU,INCLU,D,EUR,320,EBR,XBRU,Euronext Brussels,belgium,False,R,,Real Estate Holding and Development,EURONEXT:INCLU,inclusio-sa-nv,stock,13.25,105182718.886,USD,Finance,Real Estate Development,True,EURONEXT,Belgium,EUR,1.07336,1.05182718886,1.422202e-07,0.0,欧洲,BE0974374069,True,EURONEXT:INCLU,INCLUSIO SA/NV,,,,Inclusio SCA,,金融,房地产,房地产开发,比利时,6.8238686654493846e-09,XBRU,EUR,13.30,0.76,10:05 CEST26 Apr 2024,13.20,25 Apr 2024
IT0005245508,IT0005245508-MTAA,Indel B,INDB,INDB,D,EUR,608,MIL,MTAA,Borsa Italiana S.p.A.,italy,False,D15,,Electronic Equipment: Gauges and Meters,MIL:INDB,,stock,30916.800000000003,138436444.6308,USD,Producer Manufacturing,Industrial Machinery,True,MIL,Italy,EUR,1.07336,1.384364446308,0.00033184856448,0.0002,欧洲,IT0005245508,True,MIL:INDB,INDEL B,,,,Indel B,,制造业,机械,机械加工设备,意大利,6.402283735355729e-05,,,,,,,
FR0010341032,FR0010341032-XPAR,Foncire Inea,INEA,INEA,D,EUR,710,EPA,XPAR,Euronext Paris,france,False,R,,Office REITs,EURONEXT:INEA,fonciere-inea,fund,2171.0,387240381.3098,USD,Finance,Real Estate Investment Trusts,True,EURONEXT,France,EUR,1.07336,3.872403813098,2.33026456e-05,0.0,欧洲,,,,,,,,Foncire Inea,,金融,房地产,房地产投资信托,法国,4.894432768750536e-07,XPAR,EUR,33.30,0,10:07 CEST26 Apr 2024,33.30,25 Apr 2024
FR0000071797,FR0000071797-XPAR,Infotel,INF,INF,D,EUR,710,EPA,XPAR,Euronext Paris,france,False,R,,Computer Services,EURONEXT:INF,infotel,stock,13458.9,371061696.7882,USD,Technology Services,Information Technology Services,True,EURONEXT,France,EUR,1.07336,3.710616967882,0.00014446244904,0.0,欧洲,FR0000071797,True,EURONEXT:INF,INFOTEL,,,,Infotel,,科技,IT技术,信息技术,法国,3.314780491323946e-05,XPAR,EUR,49.30,-1.2,09:25 CEST26 Apr 2024,49.90,25 Apr 2024
FR0000066219,FR0000066219-XPAR,Cie Industrielle et Financire d'Entreprises,INFE,INFE,D,EUR,710,EPA,XPAR,Euronext Paris,france,False,R,,Construction,EURONEXT:INFE,cie-indus-and-fin-d-enterprise,stock,48312.0,76550873.4146,USD,Industrial Services,Engineering & Construction,True,EURONEXT,France,EUR,1.07336,0.765508734146,0.0005185616832,0.0007,欧洲,FR0000066219,True,EURONEXT:INFE,INDLE FIN.ENTREPRISES,,,,Cie Industrielle et Financire d'Entreprises,,制造业,建筑业,建筑工程,法国,0.0009348024593293,,,,,,,
NL0011821202,NL0011821202-XAMS,ING集团,INGA,INGA,B,EUR,200,EAM,XAMS,Euronext Amsterdam,netherlands,True,R,CX,Banks,EURONEXT:INGA,ing,stock,10872623.234,51411458536.6797,USD,Finance,Major Banks,True,EURONEXT,Netherlands,EUR,1.07336,514.114585366797,0.1167023887444624,0.0002,欧洲,NL0011821202,True,EURONEXT:INGA,ING GROEP N.V.,,,ING集团,ING Groep,荷兰国际,金融,银行,主要银行,荷兰,0.0044640302947604,"XAMS, XBRU",EUR,14.788,0.64,10:08 CEST26 Apr 2024,14.694,25 Apr 2024
LU2290522684,LU2290522684-XAMS,InPost SA,INPST,INPST,B,EUR,200,EAM,XAMS,Euronext Amsterdam,netherlands,False,R,CX,Delivery Services,EURONEXT:INPST,inpost-s-a,stock,683432.64,8206155101.9065,USD,Technology Services,Air Freight/Couriers,True,EURONEXT,Luxembourg,EUR,1.07336,82.06155101906499,0.007335692584704,0.0001,欧洲,LU2290522684,True,EURONEXT:INPST,INPOST S.A.,INPST,Air Freight/Couriers,,InPost SA,,制造业,运输,物流,荷兰,0.0009774646196158,XAMS,EUR,15.50,1.31,10:03 CEST26 Apr 2024,15.30,25 Apr 2024
BE0003746600,BE0003746600-XBRU,Intervest Offices & Warehouses,INTO,INTO,C,EUR,320,EBR,XBRU,Euronext Brussels,belgium,False,R,CX,Office REITs,,,,,,,,,,,,,,,,,,,,,,,,,Intervest Offices & Warehouses,,,,,,,,,,,,,
IT0005090300,IT0005090300-MTAA,Infrastrutture Wireless Italiane,INW,INW,A,EUR,608,MIL,MTAA,Borsa Italiana S.p.A.,italy,False,CX,D15,Telecommunications Services,MIL:INW,inwit,stock,612579.6599999999,10185846977.1684,USD,Communications,Major Telecommunications,True,MIL,Italy,EUR,1.07336,101.858469771684,0.0065751850385759,0.0001,欧洲,IT0005090300,True,MIL:INW,INWIT,,,,Infrastrutture Wireless Italiane,,科技,通信,电信运营,意大利,2.1347782991516024e-06,MTAA,EUR,9.955,0.66,10:08 CEST26 Apr 2024,9.89,25 Apr 2024
IT0005438046,IT0005438046-MTAA,SECO,IOT,IOT,C,EUR,608,MIL,MTAA,Borsa Italiana S.p.A.,italy,False,CX,D15,Computer Services,MIL:IOT,seco,stock,4778.125,499252136.8809,USD,Electronic Technology,Computer Processing Hardware,True,MIL,Italy,EUR,1.07336,4.992521368808999,5.12864825e-05,0.0,欧洲,IT0005438046,True,MIL:IOT,SECO,,,,SECO,,科技,电子,计算机设备,意大利,4.565671897189486e-06,MTAA,EUR,3.495,-0.14,09:58 CEST26 Apr 2024,3.50,25 Apr 2024
IT0001078911,IT0001078911-MTAA,Interpump Group,IP,IP,A,EUR,608,MIL,MTAA,Borsa Italiana S.p.A.,italy,False,CX,D15,Machinery: Industrial,MIL:IP,interpump,stock,1104967.04,4623584597.3959,USD,Producer Manufacturing,Industrial Machinery,True,MIL,Italy,EUR,1.07336,46.235845973958995,0.011860274220544,0.0003,欧洲,IT0001078911,True,MIL:IP,INTERPUMP,,,,Interpump Group,,制造业,机械,机械加工设备,意大利,0.0009573498642801,MTAA,EUR,40.86,0.99,10:08 CEST26 Apr 2024,40.46,25 Apr 2024
FR0010331421,FR0010331421-XPAR,Innate Pharma,IPH,IPH,D,EUR,710,EPA,XPAR,Euronext Paris,france,False,R,,Biotechnology,EURONEXT:IPH,innate-pharma-sa,stock,7587.960000000001,189047861.6126,USD,Health Technology,Pharmaceuticals: Major,True,EURONEXT,France,EUR,1.07336,1.890478616126,8.144612745600001e-05,0.0,欧洲,FR0010331421,True,EURONEXT:IPH,INNATE PHARMA,,,,Innate Pharma,,医药,制药,主要制药,法国,4.482660521734731e-05,XPAR,EUR,2.22,1.83,09:39 CEST26 Apr 2024,2.18,25 Apr 2024
FR0010259150,FR0010259150-XPAR,Ipsen,IPN,IPN,A,EUR,710,EPA,XPAR,Euronext Paris,france,True,R,CX,Pharmaceuticals,EURONEXT:IPN,ipsen,stock,357134.5,9965095809.2471,USD,Health Technology,Pharmaceuticals: Major,True,EURONEXT,France,EUR,1.07336,99.650958092471,0.0038333388692,0.0,欧洲,FR0010259150,True,EURONEXT:IPN,IPSEN,,,,Ipsen,,医药,制药,主要制药,法国,0.0001689313721619,XPAR,EUR,111.80,-0.45,10:08 CEST26 Apr 2024,112.30,25 Apr 2024
PTIPR0AM0000,PTIPR0AM0000-XLIS,Impresa,IPR,IPR,D,EUR,560,ELI,XLIS,Euronext Lisbon,portugal,False,R,,Radio and TV Broadcasters,EURONEXT:IPR,impresa-sgps-nom,stock,13931.916,26221079.8727,USD,Consumer Services,Broadcasting,True,EURONEXT,Portugal,EUR,1.07336,0.262210798727,0.0001495396135776,0.0006,欧洲,PTIPR0AM0000,True,EURONEXT:IPR,IMPRESA,,,,Impresa,,消费,可选消费,广播,葡萄牙,8.348307557349953e-06,,,,,,,
FR0000073298,FR0000073298-XPAR,Ipsos,IPS,IPS,B,EUR,710,EPA,XPAR,Euronext Paris,france,False,R,,Media Agencies,EURONEXT:IPS,ipsos,stock,246064.8,2904932696.7012,USD,Commercial Services,Miscellaneous Commercial Services,True,EURONEXT,France,EUR,1.07336,29.049326967012,0.00264116113728,0.0001,欧洲,FR0000073298,True,EURONEXT:IPS,IPSOS,,,,Ipsos,,消费,商业服务,综合商业,法国,3.631717301368455e-05,XPAR,EUR,62.95,0.4,10:02 CEST26 Apr 2024,62.70,25 Apr 2024
IT0001077780,IT0001077780-MTAA,IRCE,IRC,IRC,D,EUR,608,MIL,MTAA,Borsa Italiana S.p.A.,italy,False,D15,,Electrical Components,,,,,,,,,,,,,,,,,,,,,,,,,IRCE,,,,,,,MTAA,EUR,2.14,-0.93,10:05 CEST26 Apr 2024,2.16,25 Apr 2024
IT0003027817,IT0003027817-MTAA,IREN S.P.A.,IRE,IRE,B,EUR,608,MIL,MTAA,Borsa Italiana S.p.A.,italy,False,CX,D15,Multi-utilities,MIL:IRE,iren,stock,226221.881,2525612001.5656,USD,Utilities,Electric Utilities,True,MIL,Italy,EUR,1.07336,25.256120015656,0.0024281751819016,0.0001,欧洲,IT0003027817,True,MIL:IRE,IREN,,,,IREN S.P.A.,,公用事业,电力,电力公司,意大利,1.7134882080157508e-05,MTAA,EUR,1.828,-0.38,10:06 CEST26 Apr 2024,1.835,25 Apr 2024
IT0000072618,IT0000072618-MTAA,联合圣保罗银行,ISP,ISP,A,EUR,608,MIL,MTAA,Borsa Italiana S.p.A.,italy,False,CX,D15,Banks,MIL:ISP,intesa,stock,26976040.146,68542383898.5513,USD,Finance,Major Banks,True,MIL,Italy,EUR,1.07336,685.423838985513,0.2895500245111056,0.0004,欧洲,IT0000072618,True,MIL:ISP,Intesa Sanpaolo,,,联合圣保罗银行,Intesa Sanpaolo,联合圣保罗银行,金融,银行,主要银行,意大利,0.0079754549244312,MTAA,EUR,3.525,0.63,10:08 CEST26 Apr 2024,3.503,25 Apr 2024
FR0004026151,FR0004026151-XPAR,Itesoft,ITE,ITE,D,EUR,710,EPA,XPAR,Euronext Paris,france,False,R,,Software,EURONEXT:ITE,itesoft,stock,871.2,24563333.5835,USD,Technology Services,Packaged Software,True,EURONEXT,France,EUR,1.07336,0.2456333358349999,9.351112320000002e-06,0.0,欧洲,FR0004026151,True,EURONEXT:ITE,ITESOFT,,,,Itesoft,,科技,IT技术,软件开发,法国,0.0,,,,,,,
IT0005253205,IT0005253205-MTAA,Italmobiliare,ITM,ITM,D,EUR,608,MIL,MTAA,Borsa Italiana S.p.A.,italy,False,D15,,Diversified Financial Services ,MIL:ITM,italmobiliare,stock,110338.65,1535330906.5528,USD,Consumer Non-Durables,Food: Specialty/Candy,True,MIL,Italy,EUR,1.07336,15.353309065528,0.00118433093364,0.0001,欧洲,IT0005253205,True,MIL:ITM,ITALMOBILIARE,,,,Italmobiliare,,消费,食品饮料,零食,意大利,0.0001111725907834,MTAA,EUR,34.10,0.74,10:08 CEST26 Apr 2024,33.85,25 Apr 2024
FR0004024222,FR0004024222-XPAR,国际香水公司,ITP,ITP,B,EUR,710,EPA,XPAR,Euronext Paris,france,False,R,,Cosmetics,EURONEXT:ITP,interparfums,stock,592848.9,3591308199.5238,USD,Consumer Non-Durables,Household/Personal Care,True,EURONEXT,France,EUR,1.07336,35.913081995238,0.00636340295304,0.0002,欧洲,FR0004024222,True,EURONEXT:ITP,INTERPARFUMS,,,国际香水公司,Interparfums,,消费,日常消费,个人护理,法国,0.0001967699000589,XPAR,EUR,48.70,3.07,10:06 CEST26 Apr 2024,48.40,25 Apr 2024
IT0003057624,IT0003057624-MTAA,Itway,ITW,ITW,D,EUR,608,MIL,MTAA,Borsa Italiana S.p.A.,italy,False,D15,,Computer Hardware,MIL:ITW,it-way-spa,stock,8470.088,14205303.7663,USD,Technology Services,Information Technology Services,True,MIL,Italy,EUR,1.07336,0.142053037663,9.09145365568e-05,0.0006,欧洲,IT0003057624,True,MIL:ITW,IT WAY,,,,Itway,,科技,IT技术,信息技术,意大利,4.734932377384568e-06,MTAA,EUR,1.278,0.47,10:03 CEST26 Apr 2024,1.272,25 Apr 2024
FR0000064958,FR0000064958-XPAR,INTEXA,ITXT,ITXT,D,EUR,710,EPA,XPAR,Euronext Paris,france,False,R,,Clothing and Accessories,,,,,,,,,,,,,,,,,,,,,,,,,INTEXA,,,,,,,,,,,,,
FR0013233012,FR0013233012-XPAR,Inventiva SA,IVA,IVA,D,EUR,710,EPA,XPAR,Euronext Paris,france,False,R,,Biotechnology,EURONEXT:IVA,inventiva,stock,6865.599999999999,171077997.6488,USD,Health Technology,Biotechnology,True,EURONEXT,France,EUR,1.07336,1.7107799764879998,7.369260416e-05,0.0,欧洲,FR0013233012,True,EURONEXT:IVA,INVENTIVA,,,,Inventiva SA,,医药,医疗,生物技术,法国,1.160833086964291e-05,XPAR,EUR,3.065,0.82,09:40 CEST26 Apr 2024,3.04,25 Apr 2024
NL0015000LU4,NL0015000LU4-MTAA,依维柯,IVG,IVG,B,EUR,608,MIL,MTAA,Borsa Italiana S.p.A.,italy,False,CX,D15,Commercial Vehicles and Parts,MIL:IVG,iveco,stock,2424743.0999999996,4286662758.0777,USD,Consumer Durables,Motor Vehicles,True,MIL,Italy,EUR,1.07336,42.866627580777,0.0260262225381599,0.0006,欧洲,NL0015000LU4,True,MIL:IVG,IVECO,,,依维柯,IVECO GROUP,,制造业,汽车,汽车整车,意大利,0.0028560926286261,MTAA,EUR,11.695,1.08,10:07 CEST26 Apr 2024,11.57,25 Apr 2024
LU0556041001,LU0556041001-MTAA,IVS Group SA,IVS,IVS,D,EUR,608,MIL,MTAA,Borsa Italiana S.p.A.,italy,False,D15,,Food Retailers and Wholesalers,MIL:IVS,ivs,stock,417582.9,681943281.2727,USD,Retail Trade,Catalog/Specialty Distribution,True,MIL,Italy,EUR,1.07336,6.819432812726999,0.00448216781544,0.0007,欧洲,LU0556041001,True,MIL:IVS,IVS,,,,IVS Group SA,,消费,零售,综合零售,意大利,7.045341188296519e-05,MTAA,EUR,7.16,0.56,10:05 CEST26 Apr 2024,7.12,25 Apr 2024
FR0012872141,FR0012872141-XPAR,Jacques Bogart SA,JBOG,JBOG,D,EUR,710,EPA,XPAR,Euronext Paris,france,False,R,,Personal Products,EURONEXT:JBOG,,stock,13.96,106826889.084,USD,Consumer Non-Durables,Household/Personal Care,True,EURONEXT,France,EUR,1.07336,1.06826889084,1.4984105600000004e-07,0.0,欧洲,FR0012872141,True,EURONEXT:JBOG,JACQUES BOGART,,,,Jacques Bogart SA,,消费,日常消费,个人护理,法国,4.788401185796997e-07,XPAR,EUR,7.00,5.74,10:07 CEST26 Apr 2024,6.62,25 Apr 2024
FR0000033904,FR0000033904-XPAR,Jacquet Metal,JCQ,JCQ,C,EUR,710,EPA,XPAR,Euronext Paris,france,False,R,CX,Iron and Steel,EURONEXT:JCQ,jacquet-metal-sa,stock,52372.32,437787192.7887,USD,Distribution Services,Wholesale Distributors,True,EURONEXT,France,EUR,1.07336,4.377871927887,0.000562143533952,0.0001,欧洲,FR0000033904,True,EURONEXT:JCQ,JACQUET METALS,,,,Jacquet Metal,,消费,经销商,批发经销商,法国,0.0002234498242048,XPAR,EUR,18.52,1.98,09:57 CEST26 Apr 2024,18.16,25 Apr 2024
NL0014332678,NL0014332678-XAMS,JDE Peets,JDEP,JDEP,A,EUR,200,EAM,XAMS,Euronext Amsterdam,netherlands,True,R,CX,Soft Drinks,EURONEXT:JDEP,jde-peet-s,stock,136522.84,11077129506.3397,USD,Consumer Non-Durables,Food: Specialty/Candy,True,EURONEXT,Netherlands,EUR,1.07336,110.771295063397,0.001465381555424,0.0,欧洲,NL0014332678,True,EURONEXT:JDEP,JDE PEET'S,,,,JDE Peets,,消费,食品饮料,零食,荷兰,0.000204150431307,XAMS,EUR,20.82,1.36,10:08 CEST26 Apr 2024,20.54,25 Apr 2024
BE0003858751,BE0003858751-XBRU,Jensen-Group,JEN,JEN,D,EUR,320,EBR,XBRU,Euronext Brussels,belgium,False,R,,Machinery: Industrial,EURONEXT:JEN,jensen,stock,7300.0,374004328.5009,USD,Producer Manufacturing,Electrical Products,True,EURONEXT,Belgium,EUR,1.07336,3.740043285008999,7.835528e-05,0.0,欧洲,BE0003858751,True,EURONEXT:JEN,JENSEN-GROUP,,,,Jensen-Group,,制造业,机械,电力设备,比利时,9.768796548484384e-06,XBRU,EUR,36.50,0.83,09:17 CEST26 Apr 2024,36.20,25 Apr 2024
PTJMT0AE0001,PTJMT0AE0001-XLIS,Jernimo Martins,JMT,JMT,A,EUR,560,ELI,XLIS,Euronext Lisbon,portugal,False,R,CX,Food Retailers and Wholesalers,EURONEXT:JMT,j-martins-sgps,stock,10449230.4,12576048566.0955,USD,Retail Trade,Food Retail,True,EURONEXT,Portugal,EUR,1.07336,125.76048566095498,0.11215785942144,0.0009,欧洲,PTJMT0AE0001,True,EURONEXT:JMT,J.MARTINS,,,,Jernimo Martins,,消费,零售,食品零售,葡萄牙,0.1859310453170981,,,,,,,
IT0000336518,IT0000336518-MTAA,Juventus FC,JUVE,JUVE,D,EUR,608,MIL,MTAA,Borsa Italiana S.p.A.,italy,False,D15,,Recreational Services,MIL:JUVE,juventus-fc,stock,169926.7922,694128215.7329,USD,Consumer Services,Movies/Entertainment,True,MIL,Italy,EUR,1.07336,6.941282157329001,0.0018239262167579,0.0003,欧洲,IT0000336518,True,MIL:JUVE,JUVENTUS FC,,,,Juventus FC,,消费,可选消费,电影娱乐,意大利,0.0003279477536678,,,,,,,
BE0003565737,BE0003565737-XBRU,联合银行,KBC,KBC,A,EUR,320,EBR,XBRU,Euronext Brussels,belgium,True,R,CX,Banks,EURONEXT:KBC,kbc-groep-nv,stock,4072937.6,31111236289.9103,USD,Finance,Regional Banks,True,EURONEXT,Belgium,EUR,1.07336,311.112362899103,0.04371728302336,0.0001,欧洲,BE0003565737,True,EURONEXT:KBC,KBC GROEP NV,,,联合银行,KBC Groep,联合银行,金融,银行,地区银行,比利时,0.0005228638905711,XBRU,EUR,69.64,0.2,10:08 CEST26 Apr 2024,69.50,25 Apr 2024
BE0003867844,BE0003867844-XBRU,KBC Ancora,KBCA,KBCA,B,EUR,320,EBR,XBRU,Euronext Brussels,belgium,False,R,CX,Banks,EURONEXT:KBCA,kbc-ancora-ord,stock,188501.25,3750324232.7496,USD,Finance,Financial Conglomerates,True,EURONEXT,Belgium,EUR,1.07336,37.503242327496,0.002023297017,0.0001,欧洲,BE0003867844,True,EURONEXT:KBCA,KBC ANCORA,,,,KBC Ancora,,金融,资产管理,金融集团,比利时,0.0002270236527524,XBRU,EUR,45.10,1.01,10:02 CEST26 Apr 2024,44.65,25 Apr 2024
NL0000852531,NL0000852531-XAMS,Kendrion,KENDR,KENDR,C,EUR,200,EAM,XAMS,Euronext Amsterdam,netherlands,False,R,CX,Auto Parts,EURONEXT:KENDR,kendrion-n-v,stock,17722.420000000002,208556705.7397,USD,Producer Manufacturing,Auto Parts: OEM,True,EURONEXT,Netherlands,EUR,1.07336,2.085567057397,0.000190225367312,0.0001,欧洲,NL0000852531,True,EURONEXT:KENDR,KENDRION N.V.,,,,Kendrion,,制造业,汽车,汽车零部件,荷兰,2.529981632750992e-05,XAMS,EUR,13.06,0.77,09:40 CEST26 Apr 2024,12.96,25 Apr 2024
FR0000121485,FR0000121485-XPAR,开云(巴黎春天),KER,KER,A,EUR,710,EPA,XPAR,Euronext Paris,france,True,R,CX,Clothing and Accessories,EURONEXT:KER,kering,stock,10017606.0,43227329168.8554,USD,Consumer Non-Durables,Consumer Sundries,True,EURONEXT,France,EUR,1.07336,432.273291688554,0.1075249757616,0.0002,欧洲,FR0000121485,True,EURONEXT:KER,KERING,,,开云(巴黎春天),Kering,开云(巴黎春天),消费,日常消费,小商品,法国,0.0227264263823024,XPAR,EUR,333.95,2.03,10:08 CEST26 Apr 2024,327.30,25 Apr 2024
BE0003880979,BE0003880979-XBRU,Keyware Technologies,KEYW,KEYW,D,EUR,320,EBR,XBRU,Euronext Brussels,belgium,False,R,,Software,EURONEXT:KEYW,keyware-technologies,stock,85.0,20530568.3504,USD,Technology Services,Packaged Software,True,EURONEXT,Belgium,EUR,1.07336,0.205305683504,9.12356e-07,0.0,欧洲,BE0003880979,True,EURONEXT:KEYW,KEYWARE TECHNOLOGIES,,,,Keyware Technologies,,科技,IT技术,软件开发,比利时,0.0,,,,,,,
BE0974274061,BE0974274061-XBRU,Kinepolis Group,KIN,KIN,B,EUR,320,EBR,XBRU,Euronext Brussels,belgium,False,R,CX,Entertainment,EURONEXT:KIN,kinepolis,stock,317160.0,1154304168.9559,USD,Consumer Services,Movies/Entertainment,True,EURONEXT,Belgium,EUR,1.07336,11.543041689559,0.003404268576,0.0003,欧洲,BE0974274061,True,EURONEXT:KIN,KINEPOLIS,,,,Kinepolis Group,,消费,可选消费,电影娱乐,比利时,1.0163978982771118e-05,XBRU,EUR,40.00,-0.12,10:02 CEST26 Apr 2024,40.05,25 Apr 2024
FR0014009ON9,FR0014009ON9-XPAR,EUREKING SHARES,KINGS,KINGS,D,EUR,710,EPA,XPAR,Euronext Paris,france,False,R,,Open End and Miscellaneous Investment Vehicles,,,,,,,,,,,,,,,,,,,,,,,,,EUREKING SHARES,,,,,,,,,,,,,
IT0004552359,IT0004552359-MTAA,INTEK GROUP,KME,KME,C,EUR,608,MIL,MTAA,Borsa Italiana S.p.A.,italy,False,CX,D15,Nonferrous Metals,MIL:KME,kme-spa,stock,2933.26,347356941.5577,USD,Non-Energy Minerals,Other Metals/Minerals,True,MIL,Italy,EUR,1.07336,3.473569415577,3.1484439536e-05,0.0,欧洲,IT0004552359,True,MIL:KME,KME,,,,INTEK GROUP,,资源,矿产,其他金属,意大利,8.746072048558258e-08,,,,,,,
IT0004552367,IT0004552367-MTAA,Intek Group,KMER,KMER,D,EUR,608,MIL,MTAA,Borsa Italiana S.p.A.,italy,False,D15,,Nonferrous Metals,MIL:KMER,kme-spa,stock,2190.0,347356941.5577,USD,Non-Energy Minerals,Other Metals/Minerals,False,MIL,Italy,EUR,1.07336,3.473569415577,2.3506584e-05,0.0,欧洲,IT0004552367,False,MIL:KME,KME,,,,Intek Group,,资源,矿产,其他金属,意大利,4.200025705118884e-06,MTAA,EUR,1.46,-1.02,09:08 CEST26 Apr 2024,1.475,25 Apr 2024
FR0004007813,FR0004007813-XPAR,Kaufman et Broad,KOF,KOF,C,EUR,710,EPA,XPAR,Euronext Paris,france,True,R,CX,Home Construction,EURONEXT:KOF,kaufman-and-broad-sa,stock,18115.2,599735844.0727,USD,Consumer Durables,Homebuilding,True,EURONEXT,France,EUR,1.07336,5.997358440727,0.00019444131072,0.0,欧洲,FR0004007813,True,EURONEXT:KOF,KAUFMAN ET BROAD,,,,Kaufman et Broad,,制造业,建筑业,住宅建筑,法国,4.7523089693843775e-05,XPAR,EUR,29.60,1.37,10:01 CEST26 Apr 2024,29.20,25 Apr 2024
NL0000009082,NL0000009082-XAMS,KPN,KPN,KPN,A,EUR,200,EAM,XAMS,Euronext Amsterdam,netherlands,True,R,CX,Telecommunications Services,EURONEXT:KPN,kpn-kon,stock,2459073.326,14528705629.5006,USD,Communications,Major Telecommunications,True,EURONEXT,Netherlands,EUR,1.07336,145.28705629500598,0.0263947094519536,0.0002,欧洲,NL0000009082,True,EURONEXT:KPN,KPN KON,,,KPN,KPN Koninklijke,KPN,科技,通信,电信运营,荷兰,0.0009814022098035,XAMS,EUR,3.417,-0.55,10:08 CEST26 Apr 2024,3.436,25 Apr 2024
FR0000066607,FR0000066607-XPAR,Lacroix,LACR,LACR,D,EUR,710,EPA,XPAR,Euronext Paris,france,False,R,,Electronic Equipment: Other,EURONEXT:LACR,lacroix,stock,1659.0,119035053.9354,USD,Electronic Technology,Electronic Production Equipment,True,EURONEXT,France,EUR,1.07336,1.190350539354,1.7807042400000002e-05,0.0,欧洲,FR0000066607,True,EURONEXT:LACR,LACROIX,,,,Lacroix,,科技,电子,电子生产设备,法国,1.3260574962399608e-16,XPAR,EUR,23.90,0.84,10:02 CEST26 Apr 2024,23.70,25 Apr 2024
FR0000032278,FR0000032278-XPAR,Aviation Latcore,LAT,LAT,D,EUR,710,EPA,XPAR,Euronext Paris,france,False,R,,Aerospace,EURONEXT:LAT,latecoere,stock,3516.0091,183651065.0046,USD,Electronic Technology,Aerospace & Defense,True,EURONEXT,France,EUR,1.07336,1.836510650046,3.773943527576001e-05,0.0,欧洲,FR001400JY13,True,EURONEXT:LAT,LATECOERE,,,,Aviation Latcore,,制造业,机械,航空航天与国防,法国,0.0,,,,,,,
FR0000038242,FR0000038242-XPAR,LUMIBIRD,LBIRD,LBIRD,D,EUR,710,EPA,XPAR,Euronext Paris,france,False,R,,Medical Equipment,EURONEXT:LBIRD,lumibird,stock,51450.0,299938571.6674,USD,Electronic Technology,Electronic Components,True,EURONEXT,France,EUR,1.07336,2.999385716674,0.00055224372,0.0002,欧洲,FR0000038242,True,EURONEXT:LBIRD,LUMIBIRD,,,,LUMIBIRD,,科技,电子,元器件,法国,0.000489492679424,XPAR,EUR,12.35,-1.98,10:05 CEST26 Apr 2024,12.60,25 Apr 2024
IT0003856405,IT0003856405-MTAA,列奥那多,LDO,LDO,A,EUR,608,MIL,MTAA,Borsa Italiana S.p.A.,italy,False,CX,D15,Defense,MIL:LDO,leonardo,stock,9757306.93,13215902284.2145,USD,Electronic Technology,Aerospace & Defense,True,MIL,Italy,EUR,1.07336,132.159022842145,0.104731029663848,0.0008,欧洲,IT0003856405,True,MIL:LDO,Leonardo,,,列奥那多,LEONARDO,,制造业,机械,航空航天与国防,意大利,0.0006077659042081,MTAA,EUR,21.25,-0.79,10:08 CEST26 Apr 2024,21.42,25 Apr 2024
FR0000065930,FR0000065930-XPAR,Foncire 7 Investissement,LEBL,LEBL,D,EUR,710,EPA,XPAR,Euronext Paris,france,False,R,,Electrical Components,,,,,,,,,,,,,,,,,,,,,,,,,Foncire 7 Investissement,,,,,,,,,,,,,
FR0014009YQ1,FR0014009YQ1-XPAR,LHYFE PROMESSES,LHYFE,LHYFE,D,EUR,710,EPA,XPAR,Euronext Paris,france,False,R,,Alternative Fuels,EURONEXT:LHYFE,lhyfe-sa,stock,1676.47,216700548.6694,USD,Process Industries,Chemicals: Specialty,True,EURONEXT,France,EUR,1.07336,2.1670054866940003,1.7994558392e-05,0.0,欧洲,FR0014009YQ1,True,EURONEXT:LHYFE,LHYFE S.A.,,,,LHYFE PROMESSES,,制造业,化工,特殊化学品,法国,2.6671937774947636e-06,XPAR,EUR,4.255,0.83,09:36 CEST26 Apr 2024,4.22,25 Apr 2024
FR0000121964,FR0000121964-XPAR,Klpierre,LI,LI,A,EUR,710,EPA,XPAR,Euronext Paris,france,True,R,,Retail REITs,EURONEXT:LI,klepierre,fund,725408.7999999999,7510047842.635,USD,Finance,Real Estate Development,True,EURONEXT,France,EUR,1.07336,75.10047842635001,0.00778624789568,0.0001,欧洲,,,,,,,,Klpierre,,金融,房地产,房地产开发,法国,0.0004435033750336,XPAR,EUR,25.06,0.89,10:07 CEST26 Apr 2024,24.84,25 Apr 2024
PTLIG0AE0002,PTLIG0AE0002-XLIS,Lisgrafica,LIG,LIG,D,EUR,560,ELI,XLIS,Euronext Lisbon,portugal,False,R,,Forms and Bulk Printing Services,,,,,,,,,,,,,,,,,,,,,,,,,Lisgrafica,,,,,,,,,,,,,
NL0011821392,NL0011821392-XAMS,飞利浦照明,LIGHT,LIGHT,B,EUR,200,EAM,XAMS,Euronext Amsterdam,netherlands,True,R,,Building Materials: Other,EURONEXT:LIGHT,signify-nv,stock,7127137.12,3776165983.3756,USD,Producer Manufacturing,Electrical Products,True,EURONEXT,Netherlands,EUR,1.07336,37.761659833756,0.076499838991232,0.002,欧洲,NL0011821392,True,EURONEXT:LIGHT,SIGNIFY NV,,,飞利浦照明,Signify,,制造业,机械,电力设备,荷兰,0.163159119600037,XAMS,EUR,25.92,-8.09,10:08 CEST26 Apr 2024,28.20,25 Apr 2024
FR0004156297,FR0004156297-XPAR,Linedata Services,LIN,LIN,D,EUR,710,EPA,XPAR,Euronext Paris,france,False,R,,Software,EURONEXT:LIN,linedata-services,stock,70.8,367599492.1035,USD,Technology Services,Packaged Software,True,EURONEXT,France,EUR,1.07336,3.675994921035,7.5993888e-07,0.0,欧洲,FR0004156297,True,EURONEXT:LIN,LINEDATA SERVICES,,,,Linedata Services,,科技,IT技术,软件开发,法国,4.004798819054846e-18,XPAR,EUR,70.80,0,09:00 CEST26 Apr 2024,70.80,25 Apr 2024
FR0004170017,FR0004170017-XPAR,Le Noble Age,LNA,LNA,D,EUR,710,EPA,XPAR,Euronext Paris,france,False,R,,Health Care Facilities,EURONEXT:LNA,lna-sante,stock,1440.0,214388442.5078,USD,Health Services,Hospital/Nursing Management,True,EURONEXT,France,EUR,1.07336,2.143884425078,1.5456384e-05,0.0,欧洲,FR0004170017,True,EURONEXT:LNA,LNA SANTE,,,,Le Noble Age,,医药,健康服务,健康服务,法国,5.3771073642927414e-08,XPAR,EUR,19.20,0.1,09:00 CEST26 Apr 2024,19.18,25 Apr 2024
IT0004210289,IT0004210289-MTAA,Landi Renzo,LNDR,LNDR,D,EUR,608,MIL,MTAA,Borsa Italiana S.p.A.,italy,False,D15,,Auto Parts,MIL:LNDR,landi-renzo-spa,stock,3297.0,74700148.3954,USD,Producer Manufacturing,Auto Parts: OEM,True,MIL,Italy,EUR,1.07336,0.747001483954,3.53886792e-05,0.0,欧洲,IT0004210289,True,MIL:LNDR,LANDI RENZO,,,,Landi Renzo,,制造业,汽车,汽车零部件,意大利,1.79623066548863e-05,MTAA,EUR,0.3135,1.29,10:06 CEST26 Apr 2024,0.3095,25 Apr 2024
FR00140006O9,FR00140006O9-XPAR,Solocal Group SA,LOCAL,LOCAL,D,EUR,710,EPA,XPAR,Euronext Paris,france,False,R,,Publishing,EURONEXT:LOCAL,solocal,stock,567.3465,6607484.4452,USD,Commercial Services,Advertising/Marketing Services,True,EURONEXT,France,EUR,1.07336,0.066074844452,6.089670392400001e-06,0.0001,欧洲,FR00140006O9,True,EURONEXT:LOCAL,SOLOCAL,,,,Solocal Group SA,,消费,商业服务,广告营销,法国,5.871020909554348e-07,XPAR,EUR,0.0465,-0.43,09:11 CEST26 Apr 2024,0.0467,25 Apr 2024
BE0003604155,BE0003604155-XBRU,莲花糕点,LOTB,LOTB,B,EUR,320,EBR,XBRU,Euronext Brussels,belgium,False,R,,Food Products,EURONEXT:LOTB,lotus-bakeries,stock,178600.0,8219415576.8763,USD,Consumer Non-Durables,Food: Specialty/Candy,True,EURONEXT,Belgium,EUR,1.07336,82.194155768763,0.00191702096,0.0,欧洲,BE0003604155,True,EURONEXT:LOTB,LOTUS BAKERIES,,,莲花糕点,Lotus Bakeries,,消费,食品饮料,零食,比利时,2.74839565731881e-06,XBRU,EUR,"9,380.00",-0.11,10:04 CEST26 Apr 2024,"9,390.00",25 Apr 2024
FR0013204336,FR0013204336-XPAR,Societe LDC SA,LOUP,LOUP,D,EUR,710,EPA,XPAR,Euronext Paris,france,False,R,,Food Products,EURONEXT:LOUP,l-d-c,stock,76110.0,2800871853.6013,USD,Process Industries,Agricultural Commodities/Milling,True,EURONEXT,France,EUR,1.07336,28.008718536013,0.000816934296,0.0,欧洲,FR0013204336,True,EURONEXT:LOUP,L.D.C.,,,,Societe LDC SA,,制造业,化工,农产品,法国,4.2052699012407314e-05,XPAR,EUR,147.50,-0.67,09:52 CEST26 Apr 2024,148.50,25 Apr 2024
FR0006864484,FR0006864484-XPAR,Laurent-Perrier,LPE,LPE,D,EUR,710,EPA,XPAR,Euronext Paris,france,False,R,,Distillers and Vintners,EURONEXT:LPE,laurent-perrier,stock,363.0,768799080.4909999,USD,Consumer Non-Durables,Beverages: Alcoholic,True,EURONEXT,France,EUR,1.07336,7.687990804909999,3.8962968e-06,0.0,欧洲,FR0006864484,True,EURONEXT:LPE,LAURENT-PERRIER,,,,Laurent-Perrier,,消费,食品饮料,酒,法国,0.0,XPAR,EUR,121.00,0,09:00 CEST26 Apr 2024,121.00,25 Apr 2024
FR0010307819,FR0010307819-XPAR,Legrand,LR,LR,A,EUR,710,EPA,XPAR,Euronext Paris,france,True,R,CX,Electrical Components,EURONEXT:LR,legrand,stock,1447200.0,26847431710.0777,USD,Electronic Technology,Electrical Products,True,EURONEXT,France,EUR,1.07336,268.474317100777,0.01553366592,0.0001,欧洲,FR0010307819,True,EURONEXT:LR,LEGRAND,LR,Electrical Products,,Legrand,,制造业,机械,电力设备,法国,0.0001381475662888,XPAR,EUR,96.24,0.56,10:08 CEST26 Apr 2024,95.70,25 Apr 2024
FR0000065484,FR0000065484-XPAR,Lectra,LSS,LSS,C,EUR,710,EPA,XPAR,Euronext Paris,france,False,R,CX,Software,EURONEXT:LSS,lectra,stock,76982.4,1332372673.6027,USD,Technology Services,Packaged Software,True,EURONEXT,France,EUR,1.07336,13.323726736027,0.00082629828864,0.0001,欧洲,FR0000065484,True,EURONEXT:LSS,LECTRA,,,,Lectra,,科技,IT技术,软件开发,法国,0.0001624452519561,XPAR,EUR,31.85,-3.04,10:08 CEST26 Apr 2024,32.85,25 Apr 2024
FR0000053837,FR0000053837-XPAR,Altamir,LTA,LTA,D,EUR,710,EPA,XPAR,Euronext Paris,france,False,R,,Asset Managers and Custodians,EURONEXT:LTA,altamir,stock,100940.8,997905992.5,USD,Finance,Investment Managers,True,EURONEXT,France,EUR,1.07336,9.979059925,0.00108345817088,0.0001,欧洲,FR0000053837,True,EURONEXT:LTA,ALTAMIR,,,,Altamir,,金融,资产管理,投资经理,法国,2.7989596069212224e-05,XPAR,EUR,25.60,0.39,09:31 CEST26 Apr 2024,25.50,25 Apr 2024
IT0005541336,IT0005541336-MTAA,LOTTOMATICA GROUP SPA,LTMC,LTMC,D,EUR,608,MIL,MTAA,Borsa Italiana S.p.A.,italy,False,D15,,Casinos and Gambling,MIL:LTMC,,stock,95490.93,2799111142.0572,USD,Consumer Services,Casinos/Gaming,True,MIL,Italy,EUR,1.07336,27.991111420572,0.001024961446248,0.0,欧洲,IT0005541336,True,MIL:LTMC,LOTTOMATICA,,,,LOTTOMATICA GROUP SPA,,消费,可选消费,博彩,意大利,1.9993048759501275e-05,MTAA,EUR,10.41,0.39,10:02 CEST26 Apr 2024,10.37,25 Apr 2024
IT0005107492,IT0005107492-MTAA,Lu-Ve,LUVE,LUVE,C,EUR,608,MIL,MTAA,Borsa Italiana S.p.A.,italy,False,CX,D15,Building: Climate Control,MIL:LUVE,luve,stock,5148.0,506190805.6514,USD,Producer Manufacturing,Building Products,True,MIL,Italy,EUR,1.07336,5.061908056514,5.5256572800000005e-05,0.0,欧洲,IT0005107492,True,MIL:LUVE,LUVE,,,,Lu-Ve,,制造业,建筑业,建筑产品,意大利,7.755163743617135e-06,MTAA,EUR,21.45,0.94,09:00 CEST26 Apr 2024,21.25,25 Apr 2024
IT0005013013,IT0005013013-MTAA,LVenture Group,LVEN,LVEN,D,EUR,608,MIL,MTAA,Borsa Italiana S.p.A.,italy,False,D15,,Investment Services,,,,,,,,,,,,,,,,,,,,,,,,,LVenture Group,,,,,,,MTAA,EUR,0.278,1.46,09:05 CEST26 Apr 2024,0.274,25 Apr 2024
NL0010545679,NL0010545679-XAMS,Lavide Holding,LVIDE,LVIDE,D,EUR,200,EAM,XAMS,Euronext Amsterdam,netherlands,False,R,,Computer Services,,,,,,,,,,,,,,,,,,,,,,,,,Lavide Holding,,,,,,,,,,,,,
FR0012634822,FR0012634822-XPAR,MAAT PHARMA,MAAT,MAAT,D,EUR,710,EPA,XPAR,Euronext Paris,france,False,R,,Biotechnology,EURONEXT:MAAT,,stock,217.44,112893921.5244,USD,Health Technology,Pharmaceuticals: Major,True,EURONEXT,France,EUR,1.07336,1.128939215244,2.333913984e-06,0.0,欧洲,FR0012634822,True,EURONEXT:MAAT,MAAT PHARMA,,,,MAAT PHARMA,,医药,制药,主要制药,法国,0.0,XPAR,EUR,9.06,0,09:40 CEST26 Apr 2024,9.06,25 Apr 2024
IT0004931058,IT0004931058-MTAA,Maire Tecnimont,MAIRE,MAIRE,B,EUR,608,MIL,MTAA,Borsa Italiana S.p.A.,italy,False,D15,,Engineering and Contracting Services,MIL:MAIRE,maire-tecnimont,stock,1600667.16,2626523428.5738,USD,Industrial Services,Engineering & Construction,True,MIL,Italy,EUR,1.07336,26.265234285738,0.017180921028576,0.0007,欧洲,IT0004931058,True,MIL:MAIRE,MAIRE TECNIMONT,,,,Maire Tecnimont,,制造业,建筑业,建筑工程,意大利,0.0012070538106016,MTAA,EUR,7.525,0.74,10:06 CEST26 Apr 2024,7.47,25 Apr 2024
LU2382956378,LU2382956378-XAMS,MAJOREL GROUP LUX,MAJ,MAJ,C,EUR,200,EAM,XAMS,Euronext Amsterdam,netherlands,False,R,CX,Professional Business Support Services,,,,,,,,,,,,,,,,,,,,,,,,,MAJOREL GROUP LUX,,,,,,,,,,,,,
FR0000030074,FR0000030074-XPAR,Malteries Franco-Belges,MALT,MALT,D,EUR,710,EPA,XPAR,Euronext Paris,france,False,R,,Brewers,EURONEXT:MALT,malteries-franco-belges,stock,2580.0,343167126.6084,USD,Consumer Non-Durables,Beverages: Alcoholic,True,EURONEXT,France,EUR,1.07336,3.431671266084,2.7692688000000004e-05,0.0,欧洲,FR0000030074,True,EURONEXT:MALT,MALTERIES FCO-BEL.,,,,Malteries Franco-Belges,,消费,食品饮料,酒,法国,3.2134724007464165e-06,,,,,,,
PTMFR0AM0003,PTMFR0AM0003-XLIS,MARTIFER SGPS S.A.,MAR,MAR,D,EUR,560,ELI,XLIS,Euronext Lisbon,portugal,False,R,,Construction,EURONEXT:MAR,martifer-sgps-sa,stock,212.91,161977698.9273,USD,Industrial Services,Engineering & Construction,True,EURONEXT,Portugal,EUR,1.07336,1.619776989273,2.2852907760000004e-06,0.0,欧洲,PTMFR0AM0003,True,EURONEXT:MAR,MARTIFER,,,,MARTIFER SGPS S.A.,,制造业,建筑业,建筑工程,葡萄牙,0.0,,,,,,,
IS0000000388,IS0000000388-XAMS,Marel hf,MAREL,MAREL,D,EUR,200,EAM,XAMS,Euronext Amsterdam,netherlands,False,R,,Machinery: Specialty,EURONEXT:MAREL,marel-hf,stock,164924.80000000002,2619279807.4133463,USD,Producer Manufacturing,Industrial Machinery,False,EURONEXT,Iceland,EUR,1.07336,26.192798074133464,0.00177023683328,0.0001,欧洲,IS0000000388,False,OMXICE:MAREL,MAREL HF.,,,,Marel hf,,制造业,机械,机械加工设备,荷兰,8.233324682939076e-05,XAMS,EUR,3.20,0.63,10:04 CEST26 Apr 2024,3.18,25 Apr 2024
IT0003428445,IT0003428445-MTAA,MARR,MARR,MARR,C,EUR,608,MIL,MTAA,Borsa Italiana S.p.A.,italy,False,CX,D15,Food Retailers and Wholesalers,MIL:MARR,marr,stock,205988.88,849201726.7585,USD,Distribution Services,Food Distributors,True,MIL,Italy,EUR,1.07336,8.492017267585,0.002211002242368,0.0003,欧洲,IT0003428445,True,MIL:MARR,MARR,,,,MARR,,消费,经销商,食品经销商,意大利,4.526901939844249e-05,MTAA,EUR,11.94,0.34,10:08 CEST26 Apr 2024,11.90,25 Apr 2024
FR0000051070,FR0000051070-XPAR,Maurel & Prom,MAU,MAU,C,EUR,710,EPA,XPAR,Euronext Paris,france,False,R,CX,Oil: Crude Producers,EURONEXT:MAU,maurel-et-prom,stock,48046.780000000006,1286060149.0697,USD,Energy Minerals,Integrated Oil,True,EURONEXT,France,EUR,1.07336,12.860601490697,0.000515714917808,0.0,欧洲,FR0000051070,True,EURONEXT:MAU,MAUREL ET PROM,,,,Maurel & Prom,,资源,能源,石油,法国,0.0001252863757134,XPAR,EUR,6.185,1.48,10:06 CEST26 Apr 2024,6.095,25 Apr 2024
IT0000062957,IT0000062957-MTAA,Mediobanca,MB,MB,A,EUR,608,MIL,MTAA,Borsa Italiana S.p.A.,italy,False,CX,D15,Diversified Financial Services ,MIL:MB,mediobanca,stock,2583041.3000000003,11859254390.3032,USD,Finance,Regional Banks,True,MIL,Italy,EUR,1.07336,118.592543903032,0.02772533209768,0.0002,欧洲,IT0000062957,True,MIL:MB,MEDIOBANCA,,,,Mediobanca,,金融,银行,地区银行,意大利,0.000531895604489,MTAA,EUR,13.435,0.26,10:08 CEST26 Apr 2024,13.40,25 Apr 2024
FR0000060873,FR0000060873-XPAR,Marie Brizard Wine & Spirits,MBWS,MBWS,D,EUR,710,EPA,XPAR,Euronext Paris,france,False,R,,Distillers and Vintners,EURONEXT:MBWS,mbws,stock,54071.9,364788120.2536,USD,Consumer Non-Durables,Beverages: Alcoholic,True,EURONEXT,France,EUR,1.07336,3.647881202536,0.00058038614584,0.0002,欧洲,FR0000060873,True,EURONEXT:MBWS,MARIE BRIZARD WINE AND SPIRITS,,,,Marie Brizard Wine & Spirits,,消费,食品饮料,酒,法国,0.0011027854891062,XPAR,EUR,2.92,-3.95,10:08 CEST26 Apr 2024,3.04,25 Apr 2024
FR0000121014,FR0000121014-XPAR,LVMH,MC,MC,A,EUR,710,EPA,XPAR,Euronext Paris,france,True,R,,Clothing and Accessories,EURONEXT:MC,lvmh,stock,20380710.0,416587345751.43787,USD,Consumer Non-Durables,Apparel/Footwear,True,EURONEXT,France,EUR,1.07336,4165.873457514379,0.218758388856,0.0001,欧洲,FR0000121014,True,EURONEXT:MC,LVMH,,,LVMH,LVMH MOET HENN. L. VUITTON SE,LVMH,消费,日常消费,服装鞋类,法国,0.0126565670717179,XPAR,EUR,787.20,1.18,10:08 CEST26 Apr 2024,778.00,25 Apr 2024
BE0974287196,BE0974287196-XBRU,Immo Mechelen City Center,MCC,MCC,D,EUR,320,EBR,XBRU,Euronext Brussels,belgium,False,R,,Real Estate Holding and Development,,,,,,,,,,,,,,,,,,,,,,,,,Immo Mechelen City Center,,,,,,,,,,,,,
PTGMC0AM0003,PTGMC0AM0003-XLIS,Media Capital,MCP,MCP,D,EUR,560,ELI,XLIS,Euronext Lisbon,portugal,False,R,,Cable Television Services,,,,,,,,,,,,,,,,,,,,,,,,,Media Capital,,,,,,,,,,,,,
FR0011742329,FR0011742329-XPAR,McPhy Energy SAS,MCPHY,MCPHY,D,EUR,710,EPA,XPAR,Euronext Paris,france,False,R,,Renewable Energy Equipment,EURONEXT:MCPHY,mcphy-energy,stock,13446.3,56784979.2592,USD,Producer Manufacturing,Industrial Machinery,True,EURONEXT,France,EUR,1.07336,0.567849792592,0.00014432720568,0.0003,欧洲,FR0011742329,True,EURONEXT:MCPHY,MCPHY ENERGY,,,,McPhy Energy SAS,,制造业,机械,机械加工设备,法国,1.4793250043199103e-05,XPAR,EUR,1.89,0,09:54 CEST26 Apr 2024,1.89,25 Apr 2024
FR0013153541,FR0013153541-XPAR,Maisons du Monde SA,MDM,MDM,C,EUR,710,EPA,XPAR,Euronext Paris,france,True,R,,Household Furnishings,EURONEXT:MDM,maisons-du-monde,stock,10946.87,190651223.0845,USD,Retail Trade,Specialty Stores,True,EURONEXT,France,EUR,1.07336,1.906512230845,0.000117499323832,0.0001,欧洲,FR0013153541,True,EURONEXT:MDM,MAISONS DU MONDE,,,,Maisons du Monde SA,,消费,零售,专卖店,法国,4.672741821327196e-07,XPAR,EUR,4.59,0.66,09:58 CEST26 Apr 2024,4.56,25 Apr 2024
BE0003844611,BE0003844611-XBRU,MDxHealth,MDXH,MDXH,D,EUR,320,EBR,XBRU,Euronext Brussels,belgium,False,R,,Biotechnology,,,,,,,,,,,,,,,,,,,,,,,,,MDxHealth,,,,,,,,,,,,,
FR0004065605,FR0004065605-XPAR,Medincell SA,MEDCL,MEDCL,D,EUR,710,EPA,XPAR,Euronext Paris,france,False,R,,Biotechnology,EURONEXT:MEDCL,,stock,269325.0,386380495.3355,USD,Health Technology,Pharmaceuticals: Major,True,EURONEXT,France,EUR,1.07336,3.863804953355,0.00289082682,0.0007,欧洲,FR0004065605,True,EURONEXT:MEDCL,MEDINCELL S.A.,,,,Medincell SA,,医药,制药,主要制药,法国,0.001041135972505,XPAR,EUR,12.66,2.1,10:08 CEST26 Apr 2024,12.40,25 Apr 2024
BE0165385973,BE0165385973-XBRU,Melexis,MELE,MELE,B,EUR,320,EBR,XBRU,Euronext Brussels,belgium,False,R,,Semiconductors,EURONEXT:MELE,melexis,stock,183835.1,3536305795.5801,USD,Electronic Technology,Semiconductors,True,EURONEXT,Belgium,EUR,1.07336,35.363057955801004,0.00197321242936,0.0001,欧洲,BE0165385973,True,EURONEXT:MELE,MELEXIS,,,Melexis,Melexis,,科技,电子,半导体,比利时,2.4173454974258755e-05,XBRU,EUR,82.10,0.61,10:07 CEST26 Apr 2024,81.60,25 Apr 2024
FR0010298620,FR0010298620-XPAR,Memscap,MEMS,MEMS,D,EUR,710,EPA,XPAR,Euronext Paris,france,False,R,,Semiconductors,EURONEXT:MEMS,memscap-sa-regpt,stock,36311.850000000006,70338574.86749999,USD,Electronic Technology,Semiconductors,True,EURONEXT,France,EUR,1.07336,0.7033857486749999,0.00038975687316,0.0006,欧洲,FR0010298620,True,EURONEXT:MEMS,MEMSCAP REGPT,,,,Memscap,,科技,电子,半导体,法国,1.8398863410047467e-05,XPAR,EUR,8.56,0.47,09:56 CEST26 Apr 2024,8.52,25 Apr 2024
FR0010241638,FR0010241638-XPAR,Mercialys,MERY,MERY,C,EUR,710,EPA,XPAR,Euronext Paris,france,True,R,,Retail REITs,EURONEXT:MERY,mercialys,fund,365570.76,1106804632.1474,USD,Finance,Real Estate Development,True,EURONEXT,France,EUR,1.07336,11.068046321473998,0.003923890309536,0.0004,欧洲,,,,,,,,Mercialys,,金融,房地产,房地产开发,法国,8.547618517949314e-05,XPAR,EUR,11.07,0.18,10:08 CEST26 Apr 2024,11.05,25 Apr 2024
FR0004177046,FR0004177046-XPAR,Metabolic Explorer,METEX,METEX,D,EUR,710,EPA,XPAR,Euronext Paris,france,False,R,,Chemicals: Diversified,EURONEXT:METEX,metabolic-explorer,stock,6135.4496,8785021.4645,USD,Process Industries,Chemicals: Specialty,True,EURONEXT,France,EUR,1.07336,0.087850214645,6.585546182656e-05,0.0007,欧洲,FR0004177046,True,EURONEXT:METEX,METABOLIC EXPLORER,,,,Metabolic Explorer,,制造业,化工,特殊化学品,法国,0.0003269459853953,XPAR,EUR,0.1696,5.34,09:42 CEST26 Apr 2024,0.161,25 Apr 2024
DE0008430026,DE0008430026-TNLB,Muenchener Rueckversicherungs Gesellschaft AG in Muenchen,MEURV,MEURV,D,EUR,320,EBR,TNLB,Euronext Brussels,belgium,False,R,,Reinsurance,,,,,,,,,,,,,,,,,,,,,,,,,Muenchener Rueckversicherungs Gesellschaft AG in Muenchen,,,,,,,,,,,,,
FR0000121204,FR0000121204-XPAR,Wendel,MF,MF,B,EUR,710,EPA,XPAR,Euronext Paris,france,True,R,CX,Diversified Financial Services ,EURONEXT:MF,wendel,stock,331395.60000000003,4348223344.1019,USD,Finance,Financial Conglomerates,True,EURONEXT,France,EUR,1.07336,43.482233441019,0.00355706781216,0.0001,欧洲,FR0000121204,True,EURONEXT:MF,WENDEL,,,,Wendel,,金融,资产管理,金融集团,法国,0.0001994635896868,XPAR,EUR,94.25,0.8,10:08 CEST26 Apr 2024,93.50,25 Apr 2024
NL0015000MZ1,NL0015000MZ1-MTAA,MFE A,MFEA,MFEA,B,EUR,608,MIL,MTAA,Borsa Italiana S.p.A.,italy,False,CX,D15,Radio and TV Broadcasters,MIL:MFEA,mfe-a,stock,277780.1,1752816277.9413,USD,Consumer Services,Broadcasting,True,MIL,Italy,EUR,1.07336,17.528162779412998,0.0029815804813599,0.0002,欧洲,NL0015000MZ1,True,MIL:MFEA,MFE A,,,,MFE A,,消费,可选消费,广播,意大利,0.0003938973601048,,,,,,,
NL0015000N09,NL0015000N09-MTAA,MFE B,MFEB,MFEB,C,EUR,608,MIL,MTAA,Borsa Italiana S.p.A.,italy,False,CX,D15,Radio and TV Broadcasters,MIL:MFEB,mfe-a,stock,108938.994,1752816277.9413,USD,Consumer Services,Broadcasting,False,MIL,Italy,EUR,1.07336,17.528162779412998,0.0011693075859984,0.0001,欧洲,NL0015000N09,False,MIL:MFEA,MFE A,,,,MFE B,,消费,可选消费,广播,意大利,0.0001087030693373,,,,,,,
FR0011277391,FR0011277391-XPAR,Fonciere Paris Nord SA,FPN,MHM,D,EUR,710,EPA,XPAR,Euronext Paris,france,False,R,,Diversified REITs,EURONEXT:MHM,,stock,11192.49,4153171.5173,USD,Finance,Real Estate Development,True,EURONEXT,France,EUR,1.07336,0.041531715173,0.000120135710664,0.0029,欧洲,FR001400IE67,True,EURONEXT:MHM,MYHOTELMATCH,,,,Fonciere Paris Nord SA,,金融,房地产,房地产开发,法国,0.0003732065283958,,,,,,,
BE0003731453,BE0003731453-XBRU,Miko,MIKO,MIKO,D,EUR,320,EBR,XBRU,Euronext Brussels,belgium,False,R,,Soft Drinks,EURONEXT:MIKO,miko,stock,19888.600718,73809055.4327,USD,Producer Manufacturing,Miscellaneous Manufacturing,True,EURONEXT,Belgium,EUR,1.07336,0.7380905543269999,0.0002134762846667,0.0003,欧洲,BE0003731453,True,EURONEXT:MIKO,MIKO,,,,Miko,,制造业,机械,综合制造,比利时,0.0004613931739722,,,,,,,
IT0001447348,IT0001447348-MTAA,Mittel,MIT,MIT,D,EUR,608,MIL,MTAA,Borsa Italiana S.p.A.,italy,False,D15,,Diversified Financial Services ,MIL:MIT,mittel-spa,stock,11.56,130019367.8479,USD,Finance,Major Banks,True,MIL,Italy,EUR,1.07336,1.300193678479,1.2408041600000006e-07,0.0,欧洲,IT0001447348,True,MIL:MIT,MITTEL,,,,Mittel,,金融,银行,主要银行,意大利,1.6184624612145798e-07,MTAA,EUR,1.445,-3.02,09:00 CEST26 Apr 2024,1.49,25 Apr 2024
BE0974283153,BE0974283153-XBRU,Mithra Pharmaceuticals SA,MITRA,MITRA,D,EUR,320,EBR,XBRU,Euronext Brussels,belgium,False,R,,Pharmaceuticals,EURONEXT:MITRA,mithra,stock,2185.368,16309167.7496,USD,Health Technology,Pharmaceuticals: Major,True,EURONEXT,Belgium,EUR,1.07336,0.163091677496,2.34568659648e-05,0.0001,欧洲,BE0974283153,True,EURONEXT:MITRA,MITHRA,,,,Mithra Pharmaceuticals SA,,医药,制药,主要制药,比利时,7.56938734472333e-06,XBRU,EUR,0.222,0.91,09:21 CEST26 Apr 2024,0.22,25 Apr 2024
FR0010609263,FR0010609263-XPAR,Mauna Kea Technologies SAS,MKEA,MKEA,D,EUR,710,EPA,XPAR,Euronext Paris,france,False,R,,Medical Equipment,,,,,,,,,,,,,,,,,,,,,,,,,Mauna Kea Technologies SAS,,,,,,,,,,,,,
FR001400AJ45,FR001400AJ45-XPAR,米其林,ML,ML,A,EUR,710,EPA,XPAR,Euronext Paris,france,False,R,CX,Tires,EURONEXT:ML,michelin,stock,3670693.98,27486976209.5493,USD,Consumer Durables,Automotive Aftermarket,True,EURONEXT,France,EUR,1.07336,274.869762095493,0.039399760903728,0.0001,欧洲,FR001400AJ45,True,EURONEXT:ML,MICHELIN,,,米其林,MICHELIN,米其林,制造业,汽车,汽车后市场,法国,7.748661774532533e-05,XPAR,EUR,35.71,-0.36,10:08 CEST26 Apr 2024,35.84,25 Apr 2024
FR0010781377,FR0010781377-XMLI,CAIRE,MLAAE,MLAAE,D,EUR,710,EPA,XMLI,Euronext Paris,france,False,R,,Airlines,,,,,,,,,,,,,,,,,,,,,,,,,CAIRE,,,,,,,,,,,,,
NL0010273694,NL0010273694-XMLI,Amatheon Agri,MLAAH,MLAAH,D,EUR,710,EPA,XMLI,Euronext Paris,france,False,R,,Farming/Fishing/Ranching and Plantations,EURONEXT:MLAAH,,stock,0.0705,46197880.7932,USD,Distribution Services,Food Distributors,True,EURONEXT,Germany,EUR,1.07336,0.461978807932,7.567188e-10,0.0,欧洲,NL0010273694,True,EURONEXT:MLAAH,AMATHEON AGRI HOLDING N.V.,,,,Amatheon Agri,,消费,经销商,食品经销商,法国,1.5736826990328608e-09,,,,,,,
PTAZR0AM0006,PTAZR0AM0006-XMLI,Azorean Aquatic Technologies,MLAAT,MLAAT,D,EUR,710,EPA,XMLI,Euronext Paris,france,False,R,,Consumer Electronics,,,,,,,,,,,,,,,,,,,,,,,,,Azorean Aquatic Technologies,,,,,,,,,,,,,
FR0010979377,FR0010979377-XMLI,Activium Group,MLACT,MLACT,D,EUR,710,EPA,XMLI,Euronext Paris,france,False,R,,Computer Services,EURONEXT:MLACT,,stock,328.5,3985485.9806,USD,Distribution Services,Electronics Distributors,True,EURONEXT,France,EUR,1.07336,0.039854859806,3.5259876e-06,0.0001,欧洲,FR0010979377,True,EURONEXT:MLACT,ACTIVIUM,,,,Activium Group,,消费,经销商,电子产品经销商,法国,0.0,,,,,,,
FR0012968485,FR0012968485-XMLI,Ashler Manson,MLAEM,MLAEM,D,EUR,710,EPA,XMLI,Euronext Paris,france,False,R,,Insurance Brokers,,,,,,,,,,,,,,,,,,,,,,,,,Ashler Manson,,,,,,,,,,,,,
FR0013253812,FR0013253812-XMLI,ALVEEN,MLALV,MLALV,D,EUR,710,EPA,XMLI,Euronext Paris,france,False,R,,Real Estate Services,,,,,,,,,,,,,,,,,,,,,,,,,ALVEEN,,,,,,,,,,,,,
FR0010436170,FR0010436170-XMLI,Batla Minerals,MLBAT,MLBAT,D,EUR,710,EPA,XMLI,Euronext Paris,france,False,R,,Diamonds and Gemstones,,,,,,,,,,,,,,,,,,,,,,,,,Batla Minerals,,,,,,,,,,,,,
FR0006205019,FR0006205019-XMLI,Lombard et Medot,MLCAC,MLCAC,D,EUR,710,EPA,XMLI,Euronext Paris,france,False,R,,Distillers and Vintners,,,,,,,,,,,,,,,,,,,,,,,,,Lombard et Medot,,,,,,,,,,,,,
FR0000037871,FR0000037871-XMLI,Chemins de Fer Dpartementaux,MLCFD,MLCFD,D,EUR,710,EPA,XMLI,Euronext Paris,france,False,R,,Commercial Vehicles and Parts,,,,,,,,,,,,,,,,,,,,,,,,,Chemins de Fer Dpartementaux,,,,,,,,,,,,,
FR0010447086,FR0010447086-XMLI,CHEOPS TECHNOLOGY,MLCHE,MLCHE,D,EUR,710,EPA,XMLI,Euronext Paris,france,False,R,,Computer Services,EURONEXT:MLCHE,,stock,123.0,151733411.7819,USD,Technology Services,Information Technology Services,True,EURONEXT,France,EUR,1.07336,1.517334117819,1.3202328e-06,0.0,欧洲,FR0010447086,True,EURONEXT:MLCHE,CHEOPS TECHNOLOGY,,,,CHEOPS TECHNOLOGY,,科技,IT技术,信息技术,法国,4.373355562034532e-06,,,,,,,
FR0012384907,FR0012384907-XMLI,CIOA,MLCIO,MLCIO,D,EUR,710,EPA,XMLI,Euronext Paris,france,False,R,,Professional Business Support Services,,,,,,,,,,,,,,,,,,,,,,,,,CIOA,,,,,,,,,,,,,
FR0010959684,FR0010959684-XMLI,Colipays,MLCLP,MLCLP,D,EUR,710,EPA,XMLI,Euronext Paris,france,False,R,,Delivery Services,EURONEXT:MLCLP,,stock,22.65,3016330.4935,USD,Transportation,Air Freight/Couriers,True,EURONEXT,France,EUR,1.07336,0.030163304935,2.4311604e-07,0.0,欧洲,FR0010959684,True,EURONEXT:MLCLP,COLIPAYS,,,,Colipays,,制造业,运输,物流,法国,1.3441545512933486e-05,,,,,,,
FR0013406881,FR0013406881-XMLI,GRECEMAR,MLCMG,MLCMG,D,EUR,710,EPA,XMLI,Euronext Paris,france,False,R,,General Mining,,,,,,,,,,,,,,,,,,,,,,,,,GRECEMAR,,,,,,,,,,,,,
LU0881232630,LU0881232630-XMLI,Dynex Energy,MLDYX,MLDYX,D,EUR,710,EPA,XMLI,Euronext Paris,france,False,R,,Oil: Crude Producers,,,,,,,,,,,,,,,,,,,,,,,,,Dynex Energy,,,,,,,,,,,,,
HK0000038783,HK0000038783-XMLI,Easson Telecom,MLEAS,MLEAS,D,EUR,710,EPA,XMLI,Euronext Paris,france,False,R,,Diversified Financial Services ,,,,,,,,,,,,,,,,,,,,,,,,,Easson Telecom,,,,,,,,,,,,,
FR0010536185,FR0010536185-XMLI,EAVS,MLEAV,MLEAV,D,EUR,710,EPA,XMLI,Euronext Paris,france,False,R,,Electrical Components,,,,,,,,,,,,,,,,,,,,,,,,,EAVS,,,,,,,,,,,,,
FR0007200100,FR0007200100-XMLI,Eaux de Royan,MLEDR,MLEDR,D,EUR,710,EPA,XMLI,Euronext Paris,france,False,R,,Water,EURONEXT:MLEDR,,stock,83.0,15954909.6473,USD,Utilities,Water Utilities,True,EURONEXT,France,EUR,1.07336,0.159549096473,8.908888e-07,0.0,欧洲,FR0007200100,True,EURONEXT:MLEDR,EAUX DE ROYAN,,,,Eaux de Royan,,公用事业,水务,水务,法国,2.8275446950981534e-06,,,,,,,
FR0000052755,FR0000052755-XMLI,EDITIONS DU SIGNE,MLEDS,MLEDS,D,EUR,710,EPA,XMLI,Euronext Paris,france,False,R,,Publishing,,,,,,,,,,,,,,,,,,,,,,,,,EDITIONS DU SIGNE,,,,,,,,,,,,,
FR0010439265,FR0010439265-XMLI,Eduniversal,MLEDU,MLEDU,D,EUR,710,EPA,XMLI,Euronext Paris,france,False,R,,Publishing,,,,,,,,,,,,,,,,,,,,,,,,,Eduniversal,,,,,,,,,,,,,
FR0010882886,FR0010882886-XMLI,	EDUFORM ACTION,MLEFA,MLEFA,D,EUR,710,EPA,XMLI,Euronext Paris,france,False,R,,Diversified Financial Services ,EURONEXT:MLEFA,,stock,2286.05,13342368.1059,USD,Finance,Investment Banks/Brokers,True,EURONEXT,France,EUR,1.07336,0.133423681059,2.4537546280000005e-05,0.0002,欧洲,FR0010882886,True,EURONEXT:MLEFA,EDUFORM'ACTION,,,,	EDUFORM ACTION,,金融,资产管理,投资银行,法国,0.0,,,,,,,
FR0010157115,FR0010157115-XMLI,Euroland Corporate,MLERO,MLERO,D,EUR,710,EPA,XMLI,Euronext Paris,france,False,R,,Investment Services,EURONEXT:MLERO,,stock,4723.9800000000005,8363500.7814,USD,Finance,Regional Banks,True,EURONEXT,France,EUR,1.07336,0.083635007814,5.0705311728e-05,0.0006,欧洲,,,,,,,,Euroland Corporate,,金融,银行,地区银行,法国,0.0001220791044531,,,,,,,
FR0010492181,FR0010492181-XMLI,Metalliance,MLETA,MLETA,D,EUR,710,EPA,XMLI,Euronext Paris,france,False,R,,Machinery: Industrial,,,,,,,,,,,,,,,,,,,,,,,,,Metalliance,,,,,,,,,,,,,
FR0013230067,FR0013230067-XMLI,MULTIMICROCLOUD,MLMMC,MLFNP,D,EUR,710,EPA,XMLI,Euronext Paris,france,False,R,,Software,,,,,,,,,,,,,,,,,,,,,,,,,MULTIMICROCLOUD,,,,,,,,,,,,,
FR0013222346,FR0013222346-XMLI,Mutualize Corp,MLMTT,MLFSG,D,EUR,710,EPA,XMLI,Euronext Paris,france,False,R,,Financial Data Providers,,,,,,,,,,,,,,,,,,,,,,,,,Mutualize Corp,,,,,,,,,,,,,
FR0010823724,FR0010823724-XMLI,France Tourisme,MLFTI,MLFTI,D,EUR,710,EPA,XMLI,Euronext Paris,france,False,R,,Real Estate Holding and Development,,,,,,,,,,,,,,,,,,,,,,,,,France Tourisme,,,,,,,,,,,,,
FR0011100759,FR0011100759-XMLI,GALEO,MLGAL,MLGAL,D,EUR,710,EPA,XMLI,Euronext Paris,france,False,R,,Nondurable Household Products,,,,,,,,,,,,,,,,,,,,,,,,,GALEO,,,,,,,,,,,,,
LU1840650458,LU1840650458-XMLI,GUANDAO PUER INVES,MLGDI,MLGDI,D,EUR,710,EPA,XMLI,Euronext Paris,france,False,R,,Restaurants and Bars,,,,,,,,,,,,,,,,,,,,,,,,,GUANDAO PUER INVES,,,,,,,,,,,,,
DE000A11Q133,DE000A11Q133-XMLI,H&K AG,MLHK,MLHK,D,EUR,710,EPA,XMLI,Euronext Paris,france,False,R,,Defense,EURONEXT:MLHK,hk,stock,476.0,4529423539.5456,USD,Electronic Technology,Aerospace & Defense,True,EURONEXT,Germany,EUR,1.07336,45.294235395456,5.109193600000001e-06,0.0,欧洲,DE000A11Q133,True,EURONEXT:MLHK,HK,,,,H&K AG,,制造业,机械,航空航天与国防,法国,3.398596414862795e-07,,,,,,,
FR0000053738,FR0000053738-XMLI,Hotelim,MLHOT,MLHOT,D,EUR,710,EPA,XMLI,Euronext Paris,france,False,R,,Hotels and Motels,,,,,,,,,,,,,,,,,,,,,,,,,Hotelim,,,,,,,,,,,,,
FR0005843125,FR0005843125-XMLI,Hydro Exploitation,MLHYE,MLHYE,D,EUR,710,EPA,XMLI,Euronext Paris,france,False,R,,Alternative Electricity,,,,,,,,,,,,,,,,,,,,,,,,,Hydro Exploitation,,,,,,,,,,,,,
FR0000079691,FR0000079691-XMLI,IDS,MLIDS,MLIDS,D,EUR,710,EPA,XMLI,Euronext Paris,france,False,R,,Software,,,,,,,,,,,,,,,,,,,,,,,,,IDS,,,,,,,,,,,,,
FR0011158823,FR0011158823-XMLI,Infoclip,MLIFC,MLIFC,D,EUR,710,EPA,XMLI,Euronext Paris,france,False,R,,Computer Services,,,,,,,,,,,,,,,,,,,,,,,,,Infoclip,,,,,,,,,,,,,
FR0000065773,FR0000065773-XMLI,Imprimerie Chirat,MLIMP,MLIMP,D,EUR,710,EPA,XMLI,Euronext Paris,france,False,R,,Publishing,EURONEXT:MLIMP,,stock,533.0,5871166.002,USD,Consumer Services,Publishing: Books/Magazines,True,EURONEXT,France,EUR,1.07336,0.05871166002,5.7210088000000005e-06,0.0001,欧洲,FR0000065773,True,EURONEXT:MLIMP,IMPRIMERIE CHIRAT,,,,Imprimerie Chirat,,消费,可选消费,出版：书籍/杂志,法国,4.789953374341915e-06,,,,,,,
BE6200101556,BE6200101556-XMLI,IOC HOLDING,MLIOC,MLIOC,D,EUR,710,EPA,XMLI,Euronext Paris,france,False,R,,Publishing,,,,,,,,,,,,,,,,,,,,,,,,,IOC HOLDING,,,,,,,,,,,,,
FR0010680033,FR0010680033-XMLI,JSA TECHNOLOGY,MLJSA,MLJSA,D,EUR,710,EPA,XMLI,Euronext Paris,france,False,R,,Renewable Energy Equipment,,,,,,,,,,,,,,,,,,,,,,,,,JSA TECHNOLOGY,,,,,,,,,,,,,
IT0005324105,IT0005324105-XMLI,MEDIA LAB,MLLAB,MLLAB,D,EUR,710,EPA,XMLI,Euronext Paris,france,False,R,,Software,,,,,,,,,,,,,,,,,,,,,,,,,MEDIA LAB,,,,,,,,,,,,,
FR00140007I9,FR00140007I9-XMLI,CONSTRUCTEURS BOIS,MLLCB,MLLCB,D,EUR,710,EPA,XMLI,Euronext Paris,france,False,R,,Construction,EURONEXT:MLLCB,,stock,3.64,16734116.7819,USD,Industrial Services,Engineering & Construction,True,EURONEXT,France,EUR,1.07336,0.167341167819,3.9070304e-08,0.0,欧洲,FR00140007I9,True,EURONEXT:MLLCB,CONSTRUCTEURS BOIS,,,,CONSTRUCTEURS BOIS,,制造业,建筑业,建筑工程,法国,2.959381291567303e-07,,,,,,,
FR0010328302,FR0010328302-XMLI,MADE,MLMAD,MLMAD,D,EUR,710,EPA,XMLI,Euronext Paris,france,False,R,,Electronic Equipment: Gauges and Meters,EURONEXT:MLMAD,,stock,2190.0,10036230.5442,USD,Electronic Technology,Electronic Equipment/Instruments,True,EURONEXT,France,EUR,1.07336,0.1003623054419999,2.3506584e-05,0.0002,欧洲,FR0010328302,True,EURONEXT:MLMAD,MADE,,,,MADE,,科技,电子,仪器设备,法国,2.8047961835669807e-05,,,,,,,
CI0000000832,CI0000000832-XMLI,Simat,MLMAT,MLMAT,D,EUR,710,EPA,XMLI,Euronext Paris,france,False,R,,Transportation Services,,,,,,,,,,,,,,,,,,,,,,,,,Simat,,,,,,,,,,,,,
BE0974404361,BE0974404361-MLXB,MAZARO,MLMAZ,MLMAZ,D,EUR,320,EBR,MLXB,Euronext Brussels,belgium,False,R,,Auto Parts,,,,,,,,,,,,,,,,,,,,,,,,,MAZARO,,,,,,,,,,,,,
BE6252013725,BE6252013725-XMLI,MFI-Condor,MLMFI,MLMFI,D,EUR,710,EPA,XMLI,Euronext Paris,france,False,R,,Medical Equipment,,,,,,,,,,,,,,,,,,,,,,,,,MFI-Condor,,,,,,,,,,,,,
BE0974328602,BE0974328602-XMLI,METRICS IN BALANCE,MLMIB,MLMIB,D,EUR,710,EPA,XMLI,Euronext Paris,france,False,R,,Health Care Services,,,,,,,,,,,,,,,,,,,,,,,,,METRICS IN BALANCE,,,,,,,,,,,,,
ES0105549002,ES0105549002-XMLI,MONTEPINO LOGISTIC,MLMTP,MLMTP,D,EUR,710,EPA,XMLI,Euronext Paris,france,False,R,,Industrial REITs,,,,,,,,,,,,,,,,,,,,,,,,,MONTEPINO LOGISTIC,,,,,,,,,,,,,
FR0004157543,FR0004157543-XMLI,NEOCOM MULTIMEDIA,MLNEO,MLNEO,D,EUR,710,EPA,XMLI,Euronext Paris,france,False,R,,Consumer Digital Services,,,,,,,,,,,,,,,,,,,,,,,,,NEOCOM MULTIMEDIA,,,,,,,,,,,,,
BE0003680916,BE0003680916-MLXB,Neufcour (Compagnie Financire de),NEU,MLNEU,D,EUR,320,EBR,MLXB,Euronext Brussels,belgium,False,R,,Real Estate Holding and Development,,,,,,,,,,,,,,,,,,,,,,,,,Neufcour (Compagnie Financire de),,,,,,,,,,,,,
FR0010500363,FR0010500363-XMLI,Miguet et Associs,MLNMA,MLNMA,D,EUR,710,EPA,XMLI,Euronext Paris,france,False,R,,Publishing,,,,,,,,,,,,,,,,,,,,,,,,,Miguet et Associs,,,,,,,,,,,,,
FR0013310281,FR0013310281-XMLI,OCTOPUS BIOSAFETY,MLOCT,MLOCT,D,EUR,710,EPA,XMLI,Euronext Paris,france,False,R,,Electronic Equipment: Gauges and Meters,EURONEXT:MLOCT,,stock,53.5,6787658.3553,USD,Producer Manufacturing,Industrial Machinery,True,EURONEXT,France,EUR,1.07336,0.067876583553,5.742476e-07,0.0,欧洲,FR0013310281,True,EURONEXT:MLOCT,OCTOPUS BIOSAFETY,,,,OCTOPUS BIOSAFETY,,制造业,机械,机械加工设备,法国,1.8393122170570283e-05,,,,,,,
FR0010106039,FR0010106039-XMLI,BODY ONE,MLONE,MLONE,D,EUR,710,EPA,XMLI,Euronext Paris,france,False,R,,Apparel Retailers,,,,,,,,,,,,,,,,,,,,,,,,,BODY ONE,,,,,,,,,,,,,
PTOTP0AM0004,PTOTP0AM0004-ENXL,OLIMPO REAL ESTATE,MLORE,MLORE,D,EUR,560,ELI,ENXL,Euronext Lisbon,portugal,False,R,,Retail REITs,,,,,,,,,,,,,,,,,,,,,,,,,OLIMPO REAL ESTATE,,,,,,,,,,,,,
BE0948608451,BE0948608451-XMLI,PHOTONIKE,MLPHO,MLPHO,D,EUR,710,EPA,XMLI,Euronext Paris,france,False,R,,Asset Managers and Custodians,,,,,,,,,,,,,,,,,,,,,,,,,PHOTONIKE,,,,,,,,,,,,,
FR0000185480,FR0000185480-XMLI,Phone Web,MLPHW,MLPHW,D,EUR,710,EPA,XMLI,Euronext Paris,france,False,R,,Professional Business Support Services,,,,,,,,,,,,,,,,,,,,,,,,,Phone Web,,,,,,,,,,,,,
FR0000030769,FR0000030769-XMLI,Placoplatre,MLPLC,MLPLC,D,EUR,710,EPA,XMLI,Euronext Paris,france,False,R,,Building Materials: Other,EURONEXT:MLPLC,,stock,2525.0,707299078.4174,USD,Non-Energy Minerals,Construction Materials,True,EURONEXT,France,EUR,1.07336,7.072990784174,2.710234e-05,0.0,欧洲,,,,,,,,Placoplatre,,制造业,建筑业,建筑材料,法国,9.787212827086803e-06,,,,,,,
NL0012650535,NL0012650535-XMLI,PARX PLASTICS,MLPRX,MLPRX,D,EUR,710,EPA,XMLI,Euronext Paris,france,False,R,,Biotechnology,,,,,,,,,,,,,,,,,,,,,,,,,PARX PLASTICS,,,,,,,,,,,,,
PTRIZ0AM0009,PTRIZ0AM0009-ENXL,Raize,MLRZE,MLRZE,D,EUR,560,ELI,ENXL,Euronext Lisbon,portugal,False,R,,Consumer Lending,EURONEXT:MLRZE,raize-instituicao-de-pagamentos-s-a,stock,706.5500000000001,3486275.0,USD,Commercial Services,Miscellaneous Commercial Services,True,EURONEXT,Portugal,EUR,1.07336,0.03486275,7.583825080000001e-06,0.0002,欧洲,PTRIZ0AM0009,True,EURONEXT:MLRZE,RAIZE-INSTITUICAO DE PAGAMENTOS S.A.,,,,Raize,,消费,商业服务,综合商业,葡萄牙,6.489484686459462e-06,,,,,,,
ES0105651006,ES0105651006-XMLI,SAGAX REAL ESTATE,MLSAG,MLSAG,D,EUR,710,EPA,XMLI,Euronext Paris,france,False,R,,Real Estate Holding and Development,,,,,,,,,,,,,,,,,,,,,,,,,SAGAX REAL ESTATE,,,,,,,,,,,,,
FR0013155975,FR0013155975-XMLI,Savonnerie de Nyons,MLSDN,MLSDN,D,EUR,710,EPA,XMLI,Euronext Paris,france,False,R,,Personal Products,,,,,,,,,,,,,,,,,,,,,,,,,Savonnerie de Nyons,,,,,,,,,,,,,
NL0010623518,NL0010623518-XMLI,SEQUA PETROLEUM,MLSEQ,MLSEQ,D,EUR,710,EPA,XMLI,Euronext Paris,france,False,R,,Oil: Crude Producers,,,,,,,,,,,,,,,,,,,,,,,,,SEQUA PETROLEUM,,,,,,,,,,,,,
FR0010679365,FR0010679365-XMLI,SILC,MLSIL,MLSIL,D,EUR,710,EPA,XMLI,Euronext Paris,france,False,R,,Business Training and Employment Agencies,,,,,,,,,,,,,,,,,,,,,,,,,SILC,,,,,,,,,,,,,
FR0011131788,FR0011131788-XMLI,SMALTO,MLSML,MLSML,D,EUR,710,EPA,XMLI,Euronext Paris,france,False,R,,Diversified Financial Services ,,,,,,,,,,,,,,,,,,,,,,,,,SMALTO,,,,,,,,,,,,,
GB00B8GJBS16,GB00B8GJBS16-XMLI,Sumo Resources,MLSUM,MLSUM,D,EUR,710,EPA,XMLI,Euronext Paris,france,False,R,,General Mining,,,,,,,,,,,,,,,,,,,,,,,,,Sumo Resources,,,,,,,,,,,,,
BE0974370026,BE0974370026-MLXB,CHOICE,MLTV,MLTV,D,EUR,320,EBR,MLXB,Euronext Brussels,belgium,False,R,,Consumer Digital Services,,,,,,,,,,,,,,,,,,,,,,,,,CHOICE,,,,,,,,,,,,,
FR0011605617,FR0011605617-XMLI,Foncire Vindi,MLVIN,MLVIN,D,EUR,710,EPA,XMLI,Euronext Paris,france,False,R,,Real Estate Holding and Development,,,,,,,,,,,,,,,,,,,,,,,,,Foncire Vindi,,,,,,,,,,,,,
FR0011076595,FR0011076595-XMLI,TELEVISTA,MLVST,MLVST,D,EUR,710,EPA,XMLI,Euronext Paris,france,False,R,,Cable Television Services,,,,,,,,,,,,,,,,,,,,,,,,,TELEVISTA,,,,,,,,,,,,,
FR0010768770,FR0010768770-XMLI,WEYA,MLWEY,MLWEY,D,EUR,710,EPA,XMLI,Euronext Paris,france,False,R,,Alternative Fuels,,,,,,,,,,,,,,,,,,,,,,,,,WEYA,,,,,,,,,,,,,
ZM0000000037,ZM0000000037-XMLI,ZCCM,MLZAM,MLZAM,D,EUR,710,EPA,XMLI,Euronext Paris,france,False,R,,General Mining,EURONEXT:MLZAM,,stock,5460.0,25024841.3045,USD,Non-Energy Minerals,Construction Materials,True,EURONEXT,Zambia,EUR,1.07336,0.250248413045,5.8605456000000006e-05,0.0002,欧洲,ZM0000000037,True,EURONEXT:MLZAM,ZCCM,,,,ZCCM,,制造业,建筑业,建筑材料,法国,9.796914261533063e-06,,,,,,,
FR0000130213,FR0000130213-XPAR,Lagardre,MMB,MMB,C,EUR,710,EPA,XPAR,Euronext Paris,france,False,R,CX,Publishing,EURONEXT:MMB,lagardere-sa,stock,118643.8,3094140261.8898,USD,Retail Trade,Discount Stores,True,EURONEXT,France,EUR,1.07336,30.941402618898,0.00127347509168,0.0,欧洲,FR0000130213,True,EURONEXT:MMB,LAGARDERE SA,,,,Lagardre,,消费,零售,折扣店,法国,0.0008094373890057,XPAR,EUR,19.88,-0.4,09:55 CEST26 Apr 2024,20.60,25 Apr 2024
FR0000053225,FR0000053225-XPAR,M6 Mtropole Tlvision,MMT,MMT,B,EUR,710,EPA,XPAR,Euronext Paris,france,True,R,CX,Radio and TV Broadcasters,EURONEXT:MMT,metropole-tv,stock,250028.38,1939629973.6289,USD,Consumer Services,Broadcasting,True,EURONEXT,France,EUR,1.07336,19.396299736289,0.002683704619568,0.0001,欧洲,FR0000053225,True,EURONEXT:MMT,METROPOLE TV,,,,M6 Mtropole Tlvision,,消费,可选消费,广播,法国,0.0001598121416845,XPAR,EUR,14.44,0.84,10:06 CEST26 Apr 2024,14.32,25 Apr 2024
IT0001469383,IT0001469383-MTAA,MONDADORI EDIT,MN,MN,C,EUR,608,MIL,MTAA,Borsa Italiana S.p.A.,italy,False,CX,D15,Publishing,MIL:MN,mondadori-edit,stock,19931.73,615945134.8707,USD,Consumer Services,Publishing: Books/Magazines,True,MIL,Italy,EUR,1.07336,6.159451348707,0.000213939217128,0.0,欧洲,IT0001469383,True,MIL:MN,MONDADORI EDIT,,,,MONDADORI EDIT,,消费,可选消费,出版：书籍/杂志,意大利,5.132859150897799e-05,MTAA,EUR,2.24,1.59,09:59 CEST26 Apr 2024,2.205,25 Apr 2024
IT0004195308,IT0004195308-MTAA,Gruppo MutuiOnline,MOL,MOL,C,EUR,608,MIL,MTAA,Borsa Italiana S.p.A.,italy,False,D15,,Consumer Lending,MIL:MOL,mutuionline,stock,1071.05,1402409346.7095,USD,Commercial Services,Miscellaneous Commercial Services,True,MIL,Italy,EUR,1.07336,14.024093467095,1.149622228e-05,0.0,欧洲,IT0004195308,True,MIL:MOL,MUTUIONLINE,,,,Gruppo MutuiOnline,,消费,商业服务,综合商业,意大利,1.082575050423022e-06,MTAA,EUR,34.50,0.73,10:02 CEST26 Apr 2024,34.25,25 Apr 2024
IT0000066016,IT0000066016-MTAA,Monrif,MON,MON,D,EUR,608,MIL,MTAA,Borsa Italiana S.p.A.,italy,False,D15,,Publishing,MIL:MON,monrif-spa,stock,2865.0,8395388.9343,USD,Consumer Services,Publishing: Newspapers,True,MIL,Italy,EUR,1.07336,0.083953889343,3.0751764e-05,0.0004,欧洲,IT0000066016,True,MIL:MON,MONRIF,,,,Monrif,,消费,可选消费,出版：报纸,意大利,4.114428082180425e-06,MTAA,EUR,0.0396,3.13,10:04 CEST26 Apr 2024,0.0384,25 Apr 2024
IT0004965148,IT0004965148-MTAA,Moncler,MONC,MONC,A,EUR,608,MIL,MTAA,Borsa Italiana S.p.A.,italy,False,CX,D15,Clothing and Accessories,MIL:MONC,moncler,stock,6271029.100000001,18804952264.6199,USD,Consumer Non-Durables,Apparel/Footwear,True,MIL,Italy,EUR,1.07336,188.049522646199,0.06731071794776,0.0004,欧洲,IT0004965148,True,MIL:MONC,MONCLER,,,Moncler,Moncler,Moncler,消费,日常消费,服装鞋类,意大利,0.0007314949026276,MTAA,EUR,64.50,-0.4,10:08 CEST26 Apr 2024,64.76,25 Apr 2024
BE0003853703,BE0003853703-XBRU,Montea,MONT,MONT,B,EUR,320,EBR,XBRU,Euronext Brussels,belgium,False,R,CX,Industrial REITs,EURONEXT:MONT,montea-nv,fund,41159.0,1699547320.7258,USD,Finance,Real Estate Investment Trusts,True,EURONEXT,Belgium,EUR,1.07336,16.995473207258,0.0004417842424,0.0,欧洲,,,,,,,,Montea,,金融,房地产,房地产投资信托,比利时,4.530637633109949e-06,"XBRU, XPAR",EUR,79.40,0.76,10:08 CEST26 Apr 2024,78.80,25 Apr 2024
NL0000488153,NL0000488153-XBRU,Mopoli,MOP,MOP,D,EUR,320,EBR,XBRU,Euronext Brussels,belgium,False,R,,Diversified Financial Services ,EURONEXT:MOP,mopoli,stock,1160.0,48806981.113,USD,Finance,Financial Conglomerates,True,EURONEXT,Belgium,EUR,1.07336,0.48806981113,1.2450976e-05,0.0,欧洲,NL0000488153,True,EURONEXT:MOP,MOPOLI,,,,Mopoli,,金融,资产管理,金融集团,比利时,7.507867422564727e-05,,,,,,,
NL0000488161,NL0000488161-XBRU,Mopoli Oprichtingsaandeel,MOPF,MOPF,D,EUR,320,EBR,XBRU,Euronext Brussels,belgium,False,R,,Diversified Financial Services ,EURONEXT:MOPF,mopoli,stock,16700.0,48806981.113,USD,Finance,Financial Conglomerates,False,EURONEXT,Belgium,EUR,1.07336,0.48806981113,0.00017925112,0.0004,欧洲,NL0000488161,False,EURONEXT:MOP,MOPOLI,,,,Mopoli Oprichtingsaandeel,,金融,资产管理,金融集团,比利时,0.0005553985828349,,,,,,,
CWN814651014,CWN814651014-XAMS,Morefield Group,SOURC,MORE,D,EUR,200,EAM,XAMS,Euronext Amsterdam,netherlands,False,R,,Business Training and Employment Agencies,EURONEXT:MORE,morefield-group-n-v,stock,1515.675,34916382.854600005,USD,Finance,Financial Conglomerates,True,EURONEXT,Netherlands,EUR,1.07336,0.349163828546,1.626864918e-05,0.0,欧洲,CWN814651014,True,EURONEXT:MORE,MOREFIELD,,,,Morefield Group,,金融,资产管理,金融集团,荷兰,5.099272999381293e-06,,,,,,,
BE0003602134,BE0003602134-XBRU,Moury Construct,MOUR,MOUR,D,EUR,320,EBR,XBRU,Euronext Brussels,belgium,False,R,,Construction,EURONEXT:MOUR,moury-construct,stock,13910.0,228398535.2554,USD,Industrial Services,Engineering & Construction,True,EURONEXT,Belgium,EUR,1.07336,2.283985352554,0.000149304376,0.0001,欧洲,BE0003602134,True,EURONEXT:MOUR,MOURY CONSTRUCT,,,,Moury Construct,,制造业,建筑业,建筑工程,比利时,0.0,,,,,,,
ES0105025003,ES0105025003-XLIS,MERLIN Properties SOCIMI SA,MRL,MRL,D,EUR,560,ELI,XLIS,Euronext Lisbon,portugal,False,R,,Diversified REITs,EURONEXT:MRL,merlin-properties,fund,7010.969999999999,5183563639.315,USD,Finance,Real Estate Investment Trusts,False,EURONEXT,Spain,EUR,1.07336,51.83563639315,7.5252947592e-05,0.0,欧洲,,,,,,,,MERLIN Properties SOCIMI SA,,金融,房地产,房地产投资信托,葡萄牙,2.9415765725950365e-05,,,,,,,
FR00140085W6,FR00140085W6-XPAR,M.R.M,MRM,MRM,D,EUR,710,EPA,XPAR,Euronext Paris,france,False,R,,Retail REITs,EURONEXT:MRM,mrm,fund,202.8,57380556.2443,USD,Finance,Real Estate Investment Trusts,True,EURONEXT,France,EUR,1.07336,0.573805562443,2.17677408e-06,0.0,欧洲,,,,,,,,M.R.M,,金融,房地产,房地产投资信托,法国,2.672435410292366e-07,,,,,,,
FR0000039620,FR0000039620-XPAR,Mersen,MRN,MRN,C,EUR,710,EPA,XPAR,Euronext Paris,france,False,R,CX,Electrical Components,EURONEXT:MRN,mersen-ex-carbon-lorraine,stock,61318.4,908254358.4186,USD,Producer Manufacturing,Electrical Products,True,EURONEXT,France,EUR,1.07336,9.082543584186,0.00065816717824,0.0001,欧洲,FR0000039620,True,EURONEXT:MRN,MERSEN,,,,Mersen,,制造业,机械,电力设备,法国,0.0001309150574777,XPAR,EUR,35.30,1.58,10:07 CEST26 Apr 2024,34.75,25 Apr 2024
LU1598757687,LU1598757687-XAMS,ArcelorMittal,MT,MT,A,EUR,200,EAM,XAMS,Euronext Amsterdam,netherlands,True,R,CX,Iron and Steel,EURONEXT:MT,arcelormittal,stock,7255623.12,20747083092.4116,USD,Non-Energy Minerals,Steel,True,EURONEXT,Luxembourg,EUR,1.07336,207.47083092411597,0.077878956320832,0.0004,欧洲,LU1598757687,True,EURONEXT:MT,ARCELORMITTAL SA,,,ArcelorMittal,ArcelorMittal SA,ArcelorMittal,资源,矿产,钢,荷兰,0.0138419714642575,"XAMS, XPAR",EUR,23.99,1.91,10:08 CEST26 Apr 2024,23.54,25 Apr 2024
GB00BMXH3352,GB00BMXH3352-XAMS,MOTORK,MTRK,MTRK,D,EUR,200,EAM,XAMS,Euronext Amsterdam,netherlands,False,R,,Software,EURONEXT:MTRK,motork-plc,stock,6093.45,238798501.2064,USD,Technology Services,Internet Software/Services,True,EURONEXT,United Kingdom,EUR,1.07336,2.387985012064,6.540465492e-05,0.0,欧洲,GB00BMXH3352,True,EURONEXT:MTRK,MOTORK,,,,MOTORK,,科技,IT技术,互联网,荷兰,0.0,XAMS,EUR,4.95,0,09:43 CEST26 Apr 2024,4.95,25 Apr 2024
FR0000038606,FR0000038606-XPAR,Manitou BF,MTU,MTU,D,EUR,710,EPA,XPAR,Euronext Paris,france,False,R,,Machinery: Construction and Handling,EURONEXT:MTU,manitou-bf,stock,444334.95,1013963012.4603,USD,Producer Manufacturing,Industrial Machinery,True,EURONEXT,France,EUR,1.07336,10.139630124603,0.00476931361932,0.0005,欧洲,FR0000038606,True,EURONEXT:MTU,MANITOU BF,,,,Manitou BF,,制造业,机械,机械加工设备,法国,0.0110939805640346,XPAR,EUR,23.00,-6.88,10:05 CEST26 Apr 2024,24.70,25 Apr 2024
IT0001447785,IT0001447785-MTAA,Mondo TV,MTV,MTV,D,EUR,608,MIL,MTAA,Borsa Italiana S.p.A.,italy,False,D15,,Entertainment,MIL:MTV,mondo-tv-spa,stock,11740.157,14250943.9332,USD,Consumer Services,Movies/Entertainment,True,MIL,Italy,EUR,1.07336,0.142509439332,0.0001260141491752,0.0009,欧洲,IT0001447785,True,MIL:MTV,MONDO TV,,,,Mondo TV,,消费,可选消费,电影娱乐,意大利,0.0001124994122783,MTAA,EUR,0.206,0.24,10:05 CEST26 Apr 2024,0.2055,25 Apr 2024
FR0013482791,FR0013482791-XPAR,Nacon SAS,NACON,NACON,D,EUR,710,EPA,XPAR,Euronext Paris,france,False,R,,Electronic Entertainment,EURONEXT:NACON,nacon-sa,stock,9092.6,103624742.2784,USD,Producer Manufacturing,Industrial Conglomerates,True,EURONEXT,France,EUR,1.07336,1.036247422784,9.759633136e-05,0.0001,欧洲,FR0013482791,True,EURONEXT:NACON,NACON,,,,Nacon SAS,,制造业,机械,工业集团,法国,0.0,XPAR,EUR,1.10,0,09:54 CEST26 Apr 2024,1.10,25 Apr 2024
NL0015000CG2,NL0015000CG2-XAMS,NAI ORD SHARES,NAI,NAI,D,EUR,200,EAM,XAMS,Euronext Amsterdam,netherlands,False,R,,Open End and Miscellaneous Investment Vehicles,EURONEXT:NAI,new-amsterdam-invest-nv-treasury-shares,stock,15211.8,35129440.3832,USD,Finance,Finance/Rental/Leasing,True,EURONEXT,Netherlands,EUR,1.07336,0.3512944038319999,0.00016327737648,0.0005,欧洲,NL0015000CG2,True,EURONEXT:NAI,NEW AMSTERDAM INVEST N.V.,,,,NAI ORD SHARES,,金融,资产管理,金融租赁,荷兰,0.000899986303322,,,,,,,
FR0011341205,FR0011341205-XPAR,Nanobiotix SA,NANO,NANO,D,EUR,710,EPA,XPAR,Euronext Paris,france,False,R,,Biotechnology,EURONEXT:NANO,nanobiotix,stock,17393.52,272936380.6176,USD,Health Technology,Medical Specialties,True,EURONEXT,France,EUR,1.07336,2.7293638061760004,0.000186695086272,0.0001,欧洲,FR0011341205,True,EURONEXT:NANO,NANOBIOTIX,,,,Nanobiotix SA,,医药,医疗,医疗器械,法国,6.56392921052927e-05,XPAR,EUR,5.495,1.76,10:03 CEST26 Apr 2024,5.40,25 Apr 2024
PTNBA0AM0006,PTNBA0AM0006-XLIS,Novabase SGPS,NBA,NBA,D,EUR,560,ELI,XLIS,Euronext Lisbon,portugal,False,R,,Computer Services,EURONEXT:NBA,novabase-sgps-nom,stock,5600.25,186388094.4537,USD,Technology Services,Information Technology Services,True,EURONEXT,Portugal,EUR,1.07336,1.863880944537,6.0110843400000005e-05,0.0,欧洲,PTNBA0AM0006,True,EURONEXT:NBA,NOVABASE,,,,Novabase SGPS,,科技,IT技术,信息技术,葡萄牙,0.0,,,,,,,
IT0005275778,IT0005275778-MTAA,Neodecortech,NDT,NDT,D,EUR,608,MIL,MTAA,Borsa Italiana S.p.A.,italy,False,D15,,Paper,MIL:NDT,,stock,27227.75,41650250.6684,USD,Process Industries,Pulp & Paper,True,MIL,Italy,EUR,1.07336,0.4165025066839999,0.0002922517774,0.0007,欧洲,IT0005275778,True,MIL:NDT,NEODECORTECH,,,,Neodecortech,,制造业,化工,造纸,意大利,0.0,,,,,,,
NL0000371243,NL0000371243-XAMS,Nedap,NEDAP,NEDAP,D,EUR,200,EAM,XAMS,Euronext Amsterdam,netherlands,False,R,,Electronic Equipment: Control and Filter,EURONEXT:NEDAP,nedap,stock,26769.6,430008680.3707,USD,Electronic Technology,Computer Communications,True,EURONEXT,Netherlands,EUR,1.07336,4.300086803707,0.00028733417856,0.0001,欧洲,NL0000371243,True,EURONEXT:NEDAP,NEDAP,,,,Nedap,,科技,电子,计算机通讯,荷兰,4.457059562440944e-05,XAMS,EUR,62.40,0.97,10:09 CEST26 Apr 2024,61.80,25 Apr 2024
NL0009312842,NL0009312842-XAMS,Nedsense Enterprises,NEDSE,NEDSE,D,EUR,200,EAM,XAMS,Euronext Amsterdam,netherlands,False,R,CX,Software,EURONEXT:NEDSE,mkb-nedsense-n-v,stock,693.0,8206155.0,USD,Technology Services,Packaged Software,True,EURONEXT,Netherlands,EUR,1.07336,0.08206155,7.438384800000001e-06,0.0001,欧洲,NL0009312842,True,EURONEXT:NEDSE,MKB NEDSENSE N.V.,,,,Nedsense Enterprises,,科技,IT技术,软件开发,荷兰,1.4733859194747137e-06,XAMS,EUR,0.077,0.65,09:00 CEST26 Apr 2024,0.0765,25 Apr 2024
FR0011675362,FR0011675362-XPAR,Neoen SA,NEOEN,NEOEN,B,EUR,710,EPA,XPAR,Euronext Paris,france,True,R,CX,Alternative Electricity,EURONEXT:NEOEN,neoen,stock,442888.68000000005,4788844713.2698,USD,Utilities,Electric Utilities,True,EURONEXT,France,EUR,1.07336,47.888447132698005,0.004753789935648,0.0001,欧洲,FR0011675362,True,EURONEXT:NEOEN,NEOEN,,,,Neoen SA,,公用事业,电力,电力公司,法国,2.5967990638697773e-05,XPAR,EUR,29.52,0.54,10:08 CEST26 Apr 2024,29.36,25 Apr 2024
BE0003832491,BE0003832491-MLXB,NewTree,NEWT,NEWT,D,EUR,320,EBR,MLXB,Euronext Brussels,belgium,False,R,,Food Products,EURONEXT:NEWT,newtree,stock,500.0,17771674.057200003,USD,Consumer Non-Durables,Food: Specialty/Candy,True,EURONEXT,Belgium,EUR,1.07336,0.177716740572,5.366800000000001e-06,0.0,欧洲,BE0003832491,True,EURONEXT:NEWT,NEWTREE,,,,NewTree,,消费,食品饮料,零食,比利时,0.0,,,,,,,
FR0000044448,FR0000044448-XPAR,耐克森,NEX,NEX,B,EUR,710,EPA,XPAR,Euronext Paris,france,True,R,CX,Electrical Components,EURONEXT:NEX,nexans,stock,988546.25,4524128471.3694,USD,Producer Manufacturing,Electrical Products,True,EURONEXT,France,EUR,1.07336,45.241284713694,0.010610660029,0.0002,欧洲,FR0000044448,True,EURONEXT:NEX,NEXANS,,,耐克森,Nexans,,制造业,机械,电力设备,法国,0.0007005154656411,XPAR,EUR,97.50,1.09,10:08 CEST26 Apr 2024,96.45,25 Apr 2024
IT0005366767,IT0005366767-MTAA,Nexi,NEXI,NEXI,A,EUR,608,MIL,MTAA,Borsa Italiana S.p.A.,italy,False,CX,D15,Transaction Processing Services,MIL:NEXI,nexi,stock,4592851.714000001,7610341793.4876,USD,Finance,Transaction Processing Services,True,MIL,Italy,EUR,1.07336,76.103417934876,0.0492978331573904,0.0006,欧洲,IT0005366767,True,MIL:NEXI,NEXI,NEXI,Transaction Processing Services,,Nexi,,科技,IT技术,交易支付,意大利,0.0132771919478358,MTAA,EUR,5.526,2.22,10:07 CEST26 Apr 2024,5.406,25 Apr 2024
BE0003770840,BE0003770840-XBRU,NEXTENSA,LEAS,NEXTA,C,EUR,320,EBR,XBRU,Euronext Brussels,belgium,False,R,CX,Office REITs,EURONEXT:NEXTA,nextensa,fund,11370.4,501592657.7928,USD,Finance,Real Estate Investment Trusts,True,EURONEXT,Belgium,EUR,1.07336,5.015926577928,0.00012204532544,0.0,欧洲,,,,,,,,NEXTENSA,,金融,房地产,房地产投资信托,比利时,2.672358428849598e-06,XBRU,EUR,46.30,-0.96,09:58 CEST26 Apr 2024,46.75,25 Apr 2024
FR0012650166,FR0012650166-XPAR,Engie Eps SA,EPS,NHOA,D,EUR,710,EPA,XPAR,Euronext Paris,france,False,R,,Renewable Energy Equipment,EURONEXT:NHOA,nhoa-sa,stock,7485.729,184207019.6698,USD,Retail Trade,Specialty Stores,True,EURONEXT,France,EUR,1.07336,1.842070196698,8.034882079440001e-05,0.0,欧洲,FR0012650166,True,EURONEXT:NHOA,NHOA,,,,Engie Eps SA,,消费,零售,专卖店,法国,1.1840122307908505e-05,XPAR,EUR,0.616,-1.28,09:54 CEST26 Apr 2024,0.624,25 Apr 2024
FR0000120859,FR0000120859-XPAR,Imerys,NK,NK,B,EUR,710,EPA,XPAR,Euronext Paris,france,True,R,CX,General Mining,EURONEXT:NK,imerys,stock,71237.45999999999,2705796272.8749,USD,Non-Energy Minerals,Construction Materials,True,EURONEXT,France,EUR,1.07336,27.057962728748997,0.000764634400656,0.0,欧洲,FR0000120859,True,EURONEXT:NK,IMERYS,,,,Imerys,,制造业,建筑业,建筑材料,法国,6.13649796715769e-05,XPAR,EUR,30.08,1.08,10:01 CEST26 Apr 2024,29.76,25 Apr 2024
NL0010773842,NL0010773842-XAMS,NN Group,NN,NN,B,EUR,200,EAM,XAMS,Euronext Amsterdam,netherlands,True,R,CX,Life Insurance,EURONEXT:NN,nn-group,stock,3068210.6399999997,12699623150.198,USD,Finance,Life/Health Insurance,True,EURONEXT,Netherlands,EUR,1.07336,126.99623150198,0.0329329457255039,0.0003,欧洲,NL0010773842,True,EURONEXT:NN,NN,,,NN Group,NN Group,NN Group,金融,保险,人寿/健康保险,荷兰,0.0007205209787951,XAMS,EUR,43.48,0.58,10:08 CEST26 Apr 2024,43.23,25 Apr 2024
FI0009000681,FI0009000681-XPAR,诺基亚 SE,NOKIA,NOKIA,A,EUR,710,EPA,XPAR,Euronext Paris,france,False,R,,Telecommunications Equipment,EURONEXT:NOKIA,nokia,stock,176542.275,20240549696.4158,USD,Electronic Technology,Telecommunications Equipment,False,EURONEXT,Finland,EUR,1.07336,202.405496964158,0.00189493416294,0.0,欧洲,FI0009000681,False,OMXHEX:NOKIA,NOKIA CORPORATION,,,,Nokia Oyj,诺基亚,科技,通信,通信设备,法国,0.0001614010348879,XPAR,EUR,3.4095,1.05,10:04 CEST26 Apr 2024,3.374,25 Apr 2024
PTZON0AM0006,PTZON0AM0006-XLIS,NOS,NOS,NOS,B,EUR,560,ELI,XLIS,Euronext Lisbon,portugal,False,R,CX,Telecommunications Services,EURONEXT:NOS,nos-sgps-sa,stock,184713.275,1793231097.8743,USD,Communications,Major Telecommunications,True,EURONEXT,Portugal,EUR,1.07336,17.932310978743,0.00198263840854,0.0001,欧洲,PTZON0AM0006,True,EURONEXT:NOS,NOS,,,,NOS,,科技,通信,电信运营,葡萄牙,0.0001921177615317,,,,,,,
IT0005330516,IT0005330516-MTAA,Nova Re Siiq,NR,NR,D,EUR,608,MIL,MTAA,Borsa Italiana S.p.A.,italy,False,D15,,Real Estate Holding and Development,,,,,,,,,,,,,,,,,,,,,,,,,Nova Re Siiq,,,,,,,,,,,,,
FR0014001PV6,FR0014001PV6-XPAR,NR 21 SA,NR21,NR21,D,EUR,710,EPA,XPAR,Euronext Paris,france,False,R,,Apparel Retailers,,,,,,,,,,,,,,,,,,,,,,,,,NR 21 SA,,,,,,,,,,,,,
FR0000121691,FR0000121691-XPAR,NRJ Group,NRG,NRG,D,EUR,710,EPA,XPAR,Euronext Paris,france,False,R,,Radio and TV Broadcasters,EURONEXT:NRG,nrj,stock,13593.44,614168325.3177,USD,Consumer Services,Broadcasting,True,EURONEXT,France,EUR,1.07336,6.141683253177001,0.000145906547584,0.0,欧洲,FR0000121691,True,EURONEXT:NRG,NRJ,,,,NRJ Group,,消费,可选消费,广播,法国,2.202554987498708e-06,XPAR,EUR,7.50,1.35,10:08 CEST26 Apr 2024,7.40,25 Apr 2024
FR0004050250,FR0004050250-XPAR,Neurones,NRO,NRO,D,EUR,710,EPA,XPAR,Euronext Paris,france,False,R,,Computer Services,EURONEXT:NRO,neurones,stock,10802.8,1169365751.2064,USD,Commercial Services,Miscellaneous Commercial Services,True,EURONEXT,France,EUR,1.07336,11.693657512064,0.00011595293408,0.0,欧洲,FR0004050250,True,EURONEXT:NRO,NEURONES,,,,Neurones,,消费,商业服务,综合商业,法国,7.264660123493231e-06,XPAR,EUR,45.20,0.67,09:29 CEST26 Apr 2024,44.90,25 Apr 2024
NL0015000RT3,NL0015000RT3-XAMS,NEPI ROCKCASTLE,NRP,NRP,D,EUR,200,EAM,XAMS,Euronext Amsterdam,netherlands,False,R,,Real Estate Holding and Development,EURONEXT:NRP,,stock,1070.1,4338058285.8785,USD,Finance,Real Estate Development,False,EURONEXT,Netherlands,EUR,1.07336,43.380582858785,1.1486025360000004e-05,0.0,欧洲,,,,,,,,NEPI ROCKCASTLE,,金融,房地产,房地产开发,荷兰,7.49861155783488e-07,,,,,,,
NL0009822014,NL0009822014-XAMS,New Sources Energy,NSE,NSE,D,EUR,200,EAM,XAMS,Euronext Amsterdam,netherlands,False,R,,Alternative Electricity,,,,,,,,,,,,,,,,,,,,,,,,,New Sources Energy,,,,,,,,,,,,,
NL0012365084,NL0012365084-XAMS,NSI,NSI,NSI,C,EUR,200,EAM,XAMS,Euronext Amsterdam,netherlands,True,R,CX,Office REITs,EURONEXT:NSI,nsi-nv,fund,88852.8,369710635.429,USD,Finance,Real Estate Investment Trusts,True,EURONEXT,Netherlands,EUR,1.07336,3.69710635429,0.00095371041408,0.0003,欧洲,,,,,,,,NSI,,金融,房地产,房地产投资信托,荷兰,0.0002095712869175,XAMS,EUR,17.34,1.4,10:07 CEST26 Apr 2024,17.10,25 Apr 2024
PTPTI0AM0006,PTPTI0AM0006-XLIS,Navigator Company,NVG,NVG,B,EUR,560,ELI,XLIS,Euronext Lisbon,portugal,False,R,CX,Paper,EURONEXT:NVG,the-navigator-comp,stock,61655.594,3181234894.545,USD,Process Industries,Pulp & Paper,True,EURONEXT,Portugal,EUR,1.07336,31.81234894545,0.0006617864837584,0.0,欧洲,PTPTI0AM0006,True,EURONEXT:NVG,THE NAVIGATOR COMP,,,,Navigator Company,,制造业,化工,造纸,葡萄牙,1.2435072761282815e-05,,,,,,,
IT0005385213,IT0005385213-MTAA,Newlat Food,NWL,NWL,C,EUR,608,MIL,MTAA,Borsa Italiana S.p.A.,italy,False,D15,,Food Products,MIL:NWL,newlat-food-spa,stock,19075.74,272624073.6669,USD,Consumer Non-Durables,Food: Meat/Fish/Dairy,True,MIL,Italy,EUR,1.07336,2.726240736669,0.000204751362864,0.0001,欧洲,IT0005385213,True,MIL:NWL,NEWLAT FOOD,,,,Newlat Food,,消费,食品饮料,肉蛋奶,意大利,5.0095409186256954e-05,MTAA,EUR,6.01,1.18,09:39 CEST26 Apr 2024,5.94,25 Apr 2024
NL0015000D50,NL0015000D50-XAMS,NX FILTRATION,NXFIL,NXFIL,D,EUR,200,EAM,XAMS,Euronext Amsterdam,netherlands,False,R,,Machinery: Specialty,EURONEXT:NXFIL,nx-filtration-n-v,stock,121528.35,201707269.5187,USD,Producer Manufacturing,Industrial Machinery,True,EURONEXT,Netherlands,EUR,1.07336,2.017072695187,0.00130443669756,0.0006,欧洲,NL0015000D50,True,EURONEXT:NXFIL,NX FILTRATION N.V.,,,,NX FILTRATION,,制造业,机械,机械加工设备,荷兰,0.0010963095809404,XAMS,EUR,3.33,2.46,09:51 CEST26 Apr 2024,3.25,25 Apr 2024
FR0010112524,FR0010112524-XPAR,Nexity,NXI,NXI,B,EUR,710,EPA,XPAR,Euronext Paris,france,True,R,CX,Real Estate Holding and Development,EURONEXT:NXI,nexity,stock,1056697.62,569488188.4459001,USD,Finance,Real Estate Development,True,EURONEXT,France,EUR,1.07336,5.694881884459001,0.011342169574032,0.002,欧洲,FR0010112524,True,EURONEXT:NXI,NEXITY,,,,Nexity,,金融,房地产,房地产开发,法国,0.0322306893653034,XPAR,EUR,10.20,6.97,10:08 CEST26 Apr 2024,9.535,25 Apr 2024
BE0974294267,BE0974294267-XBRU,Nyrstar,NYR,NYR,D,EUR,320,EBR,XBRU,Euronext Brussels,belgium,False,R,,Nonferrous Metals,EURONEXT:NYR,nyrstar,stock,440.58,8650980.0906,USD,Miscellaneous,Miscellaneous,True,EURONEXT,Belgium,EUR,1.07336,0.086509800906,4.729009488000001e-06,0.0001,欧洲,BE0974294267,True,EURONEXT:NYR,NYRSTAR,,,,Nyrstar,,公共事业,综合,综合,比利时,1.9261908990678257e-05,XBRU,EUR,0.07,-4.63,09:14 CEST26 Apr 2024,0.0734,25 Apr 2024
BE0974358906,BE0974358906-XBRU,Nyxoah SA,NYXH,NYXH,D,EUR,320,EBR,XBRU,Euronext Brussels,belgium,False,R,,Medical Equipment,EURONEXT:NYXH,nyxoah-sa,stock,33367.18,287164933.011,USD,Health Technology,Medical Specialties,True,EURONEXT,Belgium,EUR,1.07336,2.87164933011,0.000358149963248,0.0001,欧洲,BE0974358906,True,EURONEXT:NYXH,NYXOAH SA,,,,Nyxoah SA,,医药,医疗,医疗器械,比利时,9.896049515373514e-05,XBRU,EUR,9.22,-1.28,09:15 CEST26 Apr 2024,9.34,25 Apr 2024
BE0003735496,BE0003735496-XBRU,法国电信 SE,OBEL,OBEL,C,EUR,320,EBR,XBRU,Euronext Brussels,belgium,False,R,CX,Telecommunications Services,EURONEXT:OBEL,orange,stock,14.06,913098944.0844,USD,Communications,Wireless Telecommunications,True,EURONEXT,Belgium,EUR,1.07336,9.130989440844,1.5091441600000002e-07,0.0,欧洲,BE0003735496,True,EURONEXT:OBEL,ORANGE BELGIUM,,,,Orange Belgium,法国电信,科技,通信,电信运营,比利时,1.9314851593806413e-08,XBRU,EUR,14.06,-0.99,09:00 CEST26 Apr 2024,14.20,25 Apr 2024
NL0010558797,NL0010558797-XAMS,OCI,OCI,OCI,B,EUR,200,EAM,XAMS,Euronext Amsterdam,netherlands,True,R,,Fertilizers,EURONEXT:OCI,oci-n-v,stock,223948.2,5607799146.9741,USD,Process Industries,Chemicals: Agricultural,True,EURONEXT,Netherlands,EUR,1.07336,56.077991469741,0.00240377039952,0.0,欧洲,NL0010558797,True,EURONEXT:OCI,OCI N.V.,,,,OCI,,制造业,化工,农用化学品,荷兰,1.241143529639716e-05,XAMS,EUR,24.79,-0.04,10:08 CEST26 Apr 2024,24.80,25 Apr 2024
FR0000062234,FR0000062234-XPAR,Financire de l'Odet,ODET,ODET,C,EUR,710,EPA,XPAR,Euronext Paris,france,False,R,CX,Transportation Services,EURONEXT:ODET,odet-compagnie-de-l,stock,37550.0,6739204031.8209,USD,Transportation,Air Freight/Couriers,True,EURONEXT,France,EUR,1.07336,67.392040318209,0.00040304668,0.0,欧洲,FR0000062234,True,EURONEXT:ODET,ODET(COMPAGNIE DE L-),,,,Financire de l'Odet,,制造业,运输,物流,法国,6.314762983764243e-05,XPAR,EUR,"1,502.00",1.49,09:29 CEST26 Apr 2024,"1,480.00",25 Apr 2024
IT0003683528,IT0003683528-MTAA,Openjobmetis Agenzia per il Lavoro,OJM,OJM,D,EUR,608,MIL,MTAA,Borsa Italiana S.p.A.,italy,False,D15,,Business Training and Employment Agencies,MIL:OJM,openjobmetis-spa-agenzia-per,stock,2394.3999999999996,230425056.496,USD,Commercial Services,Personnel Services,True,MIL,Italy,EUR,1.07336,2.30425056496,2.570053184e-05,0.0,欧洲,,,,,,,,Openjobmetis Agenzia per il Lavoro,,消费,商业服务,人力资源,意大利,6.566369629453035e-07,MTAA,EUR,16.40,0.31,09:39 CEST26 Apr 2024,16.35,25 Apr 2024
FR0010428771,FR0010428771-XPAR,OL Groupe,OLG,OLG,D,EUR,710,EPA,XPAR,Euronext Paris,france,False,R,,Recreational Services,,,,,,,,,,,,,,,,,,,,,,,,,OL Groupe,,,,,,,XPAR,EUR,2.08,-0.48,09:00 CEST26 Apr 2024,2.09,25 Apr 2024
IT0001350625,IT0001350625-MTAA,OLIDATA,OLI,OLI,D,EUR,608,MIL,MTAA,Borsa Italiana S.p.A.,italy,False,D15,,Computer Hardware,,,,,,,,,,,,,,,,,,,,,,,,,OLIDATA,,,,,,,MTAA,EUR,0.618,-0.32,09:57 CEST26 Apr 2024,0.62,25 Apr 2024
BE0974276082,BE0974276082-XBRU,Ontex Group,ONTEX,ONTEX,C,EUR,320,EBR,XBRU,Euronext Brussels,belgium,False,R,,Personal Products,EURONEXT:ONTEX,ontex,stock,209457.0,795806373.302,USD,Consumer Non-Durables,Household/Personal Care,True,EURONEXT,Belgium,EUR,1.07336,7.95806373302,0.0022482276552,0.0003,欧洲,BE0974276082,True,EURONEXT:ONTEX,ONTEX,,,,Ontex Group,,消费,日常消费,个人护理,比利时,0.0002443764745456,XBRU,EUR,9.26,0.98,10:00 CEST26 Apr 2024,9.17,25 Apr 2024
NL0015000HT4,NL0015000HT4-XBRU,ONWARD MEDICAL,ONWD,ONWD,D,EUR,320,EBR,XBRU,Euronext Brussels,belgium,False,R,,Health Care Services,EURONEXT:ONWD,onward-medical,stock,54916.50000000001,172359290.6,USD,Commercial Services,Miscellaneous Commercial Services,True,EURONEXT,Netherlands,EUR,1.07336,1.723592906,0.0005894517444,0.0003,欧洲,NL0015000HT4,True,EURONEXT:ONWD,ONWARD MEDICAL,,,,ONWARD MEDICAL,,消费,商业服务,综合商业,比利时,8.682242468287245e-06,"XBRU, XAMS",EUR,4.65,0.22,10:03 CEST26 Apr 2024,4.64,25 Apr 2024
BE0003836534,BE0003836534-XBRU,Crescent,OPTI,OPTI,D,EUR,320,EBR,XBRU,Euronext Brussels,belgium,False,R,,Telecommunications Equipment,EURONEXT:OPTI,crescent,stock,260.0,27379693.4884,USD,Electronic Technology,Computer Communications,True,EURONEXT,Belgium,EUR,1.07336,0.273796934884,2.790736e-06,0.0,欧洲,BE0003836534,True,EURONEXT:OPTI,CRESCENT,,,,Crescent,,科技,电子,计算机通讯,比利时,1.988619704383752e-06,XBRU,EUR,0.013,1.56,09:00 CEST26 Apr 2024,0.0128,25 Apr 2024
FR0000120321,FR0000120321-XPAR,欧莱雅,OR,OR,A,EUR,710,EPA,XPAR,Euronext Paris,france,True,R,CX,Cosmetics,EURONEXT:OR,l-oreal,stock,7531576.2,248543943672.5052,USD,Consumer Non-Durables,Household/Personal Care,True,EURONEXT,France,EUR,1.07336,2485.439436725052,0.08084092630032,0.0,欧洲,FR0000120321,True,EURONEXT:OR,L'Oréal,,,欧莱雅,L'Oral,欧莱雅,消费,日常消费,个人护理,法国,0.0022005487503366,XPAR,EUR,433.05,0.91,10:08 CEST26 Apr 2024,435.75,25 Apr 2024
FR0000133308,FR0000133308-XPAR,Orange,ORA,ORA,A,EUR,710,EPA,XPAR,Euronext Paris,france,True,R,CX,Telecommunications Services,EURONEXT:ORA,orange,stock,3564014.8800000004,29905267559.2936,USD,Communications,Wireless Telecommunications,True,EURONEXT,France,EUR,1.07336,299.052675592936,0.038254710115968,0.0001,欧洲,FR0000133308,True,EURONEXT:ORA,ORANGE,,,Orange,Orange,法国电信,科技,通信,电信运营,法国,0.0002028993306857,XPAR,EUR,10.465,-0.19,10:08 CEST26 Apr 2024,10.485,25 Apr 2024
FR0000075392,FR0000075392-XPAR,ORAPI S.A.,ORAP,ORAP,D,EUR,710,EPA,XPAR,Euronext Paris,france,False,R,,Chemicals: Diversified,EURONEXT:ORAP,orapi,stock,77291.5,46142155.1009,USD,Process Industries,Chemicals: Major Diversified,True,EURONEXT,France,EUR,1.07336,0.461421551009,0.0008296160444,0.0018,欧洲,FR0000075392,True,EURONEXT:ORAP,ORAPI,,,,ORAPI S.A.,,制造业,化工,化学原料,法国,3.392016716897995e-05,,,,,,,
NL0000440584,NL0000440584-XAMS,Ordina,ORDI,ORDI,C,EUR,200,EAM,XAMS,Euronext Amsterdam,netherlands,False,R,CX,Computer Services,,,,,,,,,,,,,,,,,,,,,,,,,Ordina,,,,,,,,,,,,,
FR0010609206,FR0010609206-XPAR,Orge,OREGE,OREGE,D,EUR,710,EPA,XPAR,Euronext Paris,france,False,R,,Waste and Disposal Services,EURONEXT:OREGE,,stock,151.302,16468956.0689,USD,Industrial Services,Environmental Services,True,EURONEXT,France,EUR,1.07336,0.164689560689,1.6240151472e-06,0.0,欧洲,FR0010609206,True,EURONEXT:OREGE,OREGE,,,,Orge,,公用事业,环保,环境工程,法国,3.04522772174968e-07,XPAR,EUR,0.302,-0.66,09:00 CEST26 Apr 2024,0.304,25 Apr 2024
FR0000060535,FR0000060535-XPAR,Fiducial Real Estate,ORIA,ORIA,D,EUR,710,EPA,XPAR,Euronext Paris,france,False,R,,Real Estate Holding and Development,EURONEXT:ORIA,fidreale,stock,181.0,468699108.2362,USD,Finance,Real Estate Development,True,EURONEXT,France,EUR,1.07336,4.686991082362,1.9427816e-06,0.0,欧洲,FR0000060535,True,EURONEXT:ORIA,FIDUCIAL REAL EST.,,,,Fiducial Real Estate,,金融,房地产,房地产开发,法国,0.0,,,,,,,
FR0000184798,FR0000184798-XPAR,Orpea,ORP,ORP,D,EUR,710,EPA,XPAR,Euronext Paris,france,False,R,,Health Care Facilities,EURONEXT:ORP,orpea,stock,458496.4,2036661166.9078,USD,Health Services,Hospital/Nursing Management,True,EURONEXT,France,EUR,1.07336,20.366611669078,0.00492131695904,0.0002,欧洲,FR0000184798,True,EURONEXT:ORP,ORPEA,,,,Orpea,,医药,健康服务,健康服务,法国,0.0007613124291993,,,,,,,
IT0005138703,IT0005138703-MTAA,Orsero,ORS,ORS,D,EUR,608,MIL,MTAA,Borsa Italiana S.p.A.,italy,False,D15,,Food Products,MIL:ORS,,stock,44565.48,263328744.1403,USD,Distribution Services,Food Distributors,True,MIL,Italy,EUR,1.07336,2.633287441403,0.000478348036128,0.0002,欧洲,IT0005138703,True,MIL:ORS,ORSERO,,,,Orsero,,消费,经销商,食品经销商,意大利,0.0001602954340706,MTAA,EUR,14.22,1.43,09:48 CEST26 Apr 2024,14.02,25 Apr 2024
FR0012127173,FR0012127173-XPAR,Ose Immunotherapeutics SA,OSE,OSE,D,EUR,710,EPA,XPAR,Euronext Paris,france,False,R,,Biotechnology,EURONEXT:OSE,ose-immunotherapeutics,stock,160669.08,130569234.9406,USD,Health Technology,Pharmaceuticals: Major,True,EURONEXT,France,EUR,1.07336,1.305692349406,0.0017245576370879,0.0013,欧洲,FR0012127173,True,EURONEXT:OSE,OSE IMMUNOTHERAPEUTICS,,,,Ose Immunotherapeutics SA,,医药,制药,主要制药,法国,0.0013498981618496,XPAR,EUR,5.60,0,10:05 CEST26 Apr 2024,5.60,25 Apr 2024
FR0014005HJ9,FR0014005HJ9-XPAR,OVH Groupe SA,OVH,OVH,C,EUR,710,EPA,XPAR,Euronext Paris,france,False,R,,Computer Services,EURONEXT:OVH,ovh-groupe,stock,265322.92,1364321371.8361,USD,Technology Services,Information Technology Services,True,EURONEXT,France,EUR,1.07336,13.643213718361,0.002847870094112,0.0002,欧洲,FR0014005HJ9,True,EURONEXT:OVH,OVH,,,,OVH Groupe SA,,科技,IT技术,信息技术,法国,3.044829447139962e-06,XPAR,EUR,6.57,-1.57,10:08 CEST26 Apr 2024,6.675,25 Apr 2024
IT0005043507,IT0005043507-MTAA,OVS,OVS,OVS,C,EUR,608,MIL,MTAA,Borsa Italiana S.p.A.,italy,False,CX,D15,Clothing and Accessories,MIL:OVS,ovs,stock,852870.6860000001,756229542.3182,USD,Retail Trade,Apparel/Footwear Retail,True,MIL,Italy,EUR,1.07336,7.562295423182,0.0091543727952496,0.0012,欧洲,IT0005043507,True,MIL:OVS,OVS,,,,OVS,,消费,零售,服装鞋类,意大利,0.0056869158057011,MTAA,EUR,2.484,2.22,10:08 CEST26 Apr 2024,2.43,25 Apr 2024
FR0010263202,FR0010263202-XPAR,Paris Realty Fund,PAR,PAR,D,EUR,710,EPA,XPAR,Euronext Paris,france,False,R,,Office REITs,EURONEXT:PAR,paref,fund,42.6,68915767.04149999,USD,Finance,Real Estate Investment Trusts,True,EURONEXT,France,EUR,1.07336,0.6891576704149999,4.572513600000001e-07,0.0,欧洲,,,,,,,,Paris Realty Fund,,金融,房地产,房地产投资信托,法国,4.9342630300490434e-18,XPAR,EUR,42.60,0,09:00 CEST26 Apr 2024,42.60,25 Apr 2024
FR0012612646,FR0012612646-XPAR,Groupe Partouche SA,PARP,PARP,D,EUR,710,EPA,XPAR,Euronext Paris,france,False,R,,Casinos and Gambling,EURONEXT:PARP,groupe-partouche-sa-regr,stock,1515.0,208320676.3406,USD,Consumer Services,Casinos/Gaming,True,EURONEXT,France,EUR,1.07336,2.083206763406,1.6261404e-05,0.0,欧洲,FR0012612646,True,EURONEXT:PARP,GROUPE PARTOUCHE,,,,Groupe Partouche SA,,消费,可选消费,博彩,法国,1.3988622323106672e-16,XPAR,EUR,20.20,0,09:34 CEST26 Apr 2024,20.20,25 Apr 2024
FR0004038263,FR0004038263-XPAR,Parrot,PARRO,PARRO,D,EUR,710,EPA,XPAR,Euronext Paris,france,False,R,,Telecommunications Equipment,EURONEXT:PARRO,parrot,stock,1434.44,70545624.2034,USD,Technology Services,Packaged Software,True,EURONEXT,France,EUR,1.07336,0.705456242034,1.5396705184000003e-05,0.0,欧洲,FR0004038263,True,EURONEXT:PARRO,PARROT,,,,Parrot,,科技,IT技术,软件开发,法国,7.439919719995201e-06,XPAR,EUR,2.18,1.4,09:42 CEST26 Apr 2024,2.15,25 Apr 2024
FR0011027135,FR0011027135-XPAR,Patrimoine et Commerce SCA,PAT,PAT,D,EUR,710,EPA,XPAR,Euronext Paris,france,False,R,,Real Estate Holding and Development,EURONEXT:PAT,patrimoine-et-commerce-regr,stock,3311.0,342973458.1323,USD,Finance,Real Estate Development,True,EURONEXT,France,EUR,1.07336,3.429734581323,3.55389496e-05,0.0,欧洲,FR0011027135,True,EURONEXT:PAT,PATRIMOINE ET COMM,,,,Patrimoine et Commerce SCA,,金融,房地产,房地产开发,法国,1.708391812606674e-06,XPAR,EUR,21.70,1.4,09:56 CEST26 Apr 2024,21.40,25 Apr 2024
IL0010830391,IL0010830391-XBRU,Payton Planar Magnetics,PAY,PAY,D,EUR,320,EBR,XBRU,Euronext Brussels,belgium,False,R,,Electrical Components,EURONEXT:PAY,payton-planar-magnetics,stock,1580.0,149747976.024,USD,Producer Manufacturing,Electrical Products,True,EURONEXT,Israel,EUR,1.07336,1.4974797602399998,1.6959088000000002e-05,0.0,欧洲,IL0010830391,True,EURONEXT:PAY,PAYTON PLANAR MAGNETICS,,,,Payton Planar Magnetics,,制造业,机械,电力设备,比利时,0.0,,,,,,,
NL0000336303,NL0000336303-XAMS,Stern Groep,STRN,PBH,D,EUR,200,EAM,XAMS,Euronext Amsterdam,netherlands,False,R,,Specialty Retailers,EURONEXT:PBH,pb-holding,stock,32338.0,18019215.6727,USD,Finance,Financial Conglomerates,True,EURONEXT,Netherlands,EUR,1.07336,0.1801921567269999,0.0003471031568,0.0019,欧洲,NL0000336303,True,EURONEXT:PBH,PB HOLDING N.V.,,,,Stern Groep,,金融,资产管理,金融集团,荷兰,0.0,XAMS,EUR,2.96,0,09:40 CEST26 Apr 2024,2.96,25 Apr 2024
FR0000053514,FR0000053514-XPAR,PCAS S.A.,PCA,PCA,D,EUR,710,EPA,XPAR,Euronext Paris,france,False,R,,Specialty Chemicals,,,,,,,,,,,,,,,,,,,,,,,,,PCAS S.A.,,,,,,,,,,,,,
FR0000061459,FR0000061459-XPAR,Grard Perrier,PERR,PERR,D,EUR,710,EPA,XPAR,Euronext Paris,france,False,R,,Electronic Components,EURONEXT:PERR,gerard-perrier-electric,stock,1073.6,379249474.2918,USD,Electronic Technology,Electronic Equipment/Instruments,True,EURONEXT,France,EUR,1.07336,3.792494742918,1.152359296e-05,0.0,欧洲,FR0000061459,True,EURONEXT:PERR,PERRIER (GERARD),,,,Grard Perrier,,科技,电子,仪器设备,法国,1.4066683354859436e-17,XPAR,EUR,97.40,-0.2,09:56 CEST26 Apr 2024,97.60,25 Apr 2024
FR0000064784,FR0000064784-XPAR,Peugeot Invest SA,FFP,PEUG,C,EUR,710,EPA,XPAR,Euronext Paris,france,False,R,CX,Asset Managers and Custodians,EURONEXT:PEUG,peugeot-invest,stock,56499.0,2910164115.1502,USD,Finance,Financial Conglomerates,True,EURONEXT,France,EUR,1.07336,29.101641151501997,0.0006064376664,0.0,欧洲,FR0000064784,True,EURONEXT:PEUG,PEUGEOT INVEST,,,,Peugeot Invest SA,,金融,资产管理,金融集团,法国,0.0001098812324083,XPAR,EUR,111.00,1.46,09:43 CEST26 Apr 2024,109.40,25 Apr 2024
NL0010391025,NL0010391025-XAMS,Pharming Group,PHARM,PHARM,C,EUR,200,EAM,XAMS,Euronext Amsterdam,netherlands,False,R,CX,Pharmaceuticals,EURONEXT:PHARM,pharming-group,stock,752625.615,634196882.9405,USD,Health Technology,Pharmaceuticals: Major,True,EURONEXT,Netherlands,EUR,1.07336,6.341968829405,0.008078382301164,0.0013,欧洲,NL0010391025,True,EURONEXT:PHARM,PHARMING,,,,Pharming Group,,医药,制药,主要制药,荷兰,0.001799781330666,XAMS,EUR,0.896,1.7,10:08 CEST26 Apr 2024,0.881,25 Apr 2024
NL0000009538,NL0000009538-XAMS,飞利浦,PHIA,PHIA,B,EUR,200,EAM,XAMS,Euronext Amsterdam,netherlands,True,R,CX,Medical Equipment,EURONEXT:PHIA,philips,stock,4761798.1,18781920808.853,USD,Health Technology,Medical Specialties,False,EURONEXT,Netherlands,EUR,1.07336,187.81920808853,0.05111123608616,0.0003,欧洲,,,,,,,飞利浦,Philips Koninklijke,飞利浦,医药,医疗,医疗器械,荷兰,0.0007092401644621,XAMS,EUR,19.355,0.47,10:08 CEST26 Apr 2024,19.265,25 Apr 2024
IT0005373789,IT0005373789-MTAA,Philogen,PHIL,PHIL,D,EUR,608,MIL,MTAA,Borsa Italiana S.p.A.,italy,False,D15,,Biotechnology,MIL:PHIL,philogen,stock,547.5,569344012.2024001,USD,Health Technology,Pharmaceuticals: Major,True,MIL,Italy,EUR,1.07336,5.6934401220240005,5.876646000000001e-06,0.0,欧洲,IT0005373789,True,MIL:PHIL,PHILOGEN,,,,Philogen,,医药,制药,主要制药,意大利,3.228768648177554e-07,MTAA,EUR,18.25,0.55,09:46 CEST26 Apr 2024,18.15,25 Apr 2024
IT0005274094,IT0005274094-MTAA,Pharmanutra,PHN,PHN,C,EUR,608,MIL,MTAA,Borsa Italiana S.p.A.,italy,False,CX,D15,Pharmaceuticals,MIL:PHN,pharmanutra,stock,123098.3,549355083.3357,USD,Health Technology,Pharmaceuticals: Other,True,MIL,Italy,EUR,1.07336,5.493550833357,0.00132128791288,0.0002,欧洲,IT0005274094,True,MIL:PHN,PHARMANUTRA,,,,Pharmanutra,,医药,制药,其他制药,意大利,3.757279661234112e-05,,,,,,,
PTPTC0AM0009,PTPTC0AM0009-XLIS,Pharol,PHR,PHR,D,EUR,560,ELI,XLIS,Euronext Lisbon,portugal,False,R,,Telecommunications Services,EURONEXT:PHR,pharol-sgps-sa,stock,1324.054,43020589.5193,USD,Communications,Wireless Telecommunications,True,EURONEXT,Portugal,EUR,1.07336,0.430205895193,1.4211866014400005e-05,0.0,欧洲,PTPTC0AM0009,True,EURONEXT:PHR,PHAROL,,,,Pharol,,科技,通信,电信运营,葡萄牙,6.346020690920322e-06,,,,,,,
FR0011471135,FR0011471135-XPAR,Erytech Pharma SA,ERYP,PHXM,D,EUR,710,EPA,XPAR,Euronext Paris,france,False,R,,Biotechnology,EURONEXT:PHXM,erytech-pharma,stock,932.2,19216546.2495,USD,Health Technology,Pharmaceuticals: Major,True,EURONEXT,France,EUR,1.07336,0.192165462495,1.000586192e-05,0.0001,欧洲,FR001400K4B1,True,EURONEXT:PHXM,PHAXIAM THERAPEUTICS,,,,Erytech Pharma SA,,医药,制药,主要制药,法国,0.0,,,,,,,
IT0003073266,IT0003073266-MTAA,比亚乔,PIA,PIA,B,EUR,608,MIL,MTAA,Borsa Italiana S.p.A.,italy,False,CX,D15,Recreational Vehicles and Boats,MIL:PIA,piaggio,stock,212317.2,1018965054.3956,USD,Consumer Durables,Motor Vehicles,True,MIL,Italy,EUR,1.07336,10.189650543956,0.00227892789792,0.0002,欧洲,IT0003073266,True,MIL:PIA,PIAGGIO,,,比亚乔,Piaggio & C,,制造业,汽车,汽车整车,意大利,0.0005562968336666,MTAA,EUR,2.70,1.5,10:05 CEST26 Apr 2024,2.66,25 Apr 2024
FR0013318813,FR0013318813-XPAR,Paragon Id SA,PID,PID,D,EUR,710,EPA,XPAR,Euronext Paris,france,False,R,,Electronic Equipment: Other,,,,,,,,,,,,,,,,,,,,,,,,,Paragon Id SA,,,,,,,,,,,,,
FR0000066755,FR0000066755-XPAR,Haulotte Group,PIG,PIG,D,EUR,710,EPA,XPAR,Euronext Paris,france,False,R,,Machinery: Construction and Handling,EURONEXT:PIG,haulotte,stock,2833.73,67152627.9773,USD,Producer Manufacturing,Building Products,True,EURONEXT,France,EUR,1.07336,0.6715262797730001,3.0416124328e-05,0.0,欧洲,FR0000066755,True,EURONEXT:PIG,HAULOTTE,,,,Haulotte Group,,制造业,建筑业,建筑产品,法国,2.443442596041047e-06,XPAR,EUR,2.11,-0.47,09:16 CEST26 Apr 2024,2.12,25 Apr 2024
IT0003056386,IT0003056386-MTAA,Pininfarina,PINF,PINF,D,EUR,608,MIL,MTAA,Borsa Italiana S.p.A.,italy,False,D15,,Automobiles,MIL:PINF,pininfarina-spa,stock,3144.0,64801001.4023,USD,Consumer Durables,Motor Vehicles,True,MIL,Italy,EUR,1.07336,0.648010014023,3.37464384e-05,0.0001,欧洲,IT0003056386,True,MIL:PINF,PININFARINA SPA,,,,Pininfarina,,制造业,汽车,汽车整车,意大利,3.699083978215086e-05,MTAA,EUR,0.786,2.34,09:00 CEST26 Apr 2024,0.768,25 Apr 2024
IT0005278236,IT0005278236-MTAA,倍耐力,PIRC,PIRC,B,EUR,608,MIL,MTAA,Borsa Italiana S.p.A.,italy,False,CX,D15,Tires,MIL:PIRC,pirelli-and-c,stock,421337.844,6373983305.6024,USD,Consumer Durables,Automotive Aftermarket,True,MIL,Italy,EUR,1.07336,63.739833056024,0.0045224718823584,0.0001,欧洲,IT0005278236,True,MIL:PIRC,Piaggio,,,倍耐力,Pirelli & C,,制造业,汽车,汽车后市场,意大利,3.8897228823109465e-05,MTAA,EUR,5.962,0.34,10:08 CEST26 Apr 2024,5.942,25 Apr 2024
IT0005339160,IT0005339160-MTAA,PLC,PLC,PLC,D,EUR,608,MIL,MTAA,Borsa Italiana S.p.A.,italy,False,D15,,Construction,MIL:PLC,plc-spa,stock,4053.65,44974376.3364,USD,Industrial Services,Engineering & Construction,True,MIL,Italy,EUR,1.07336,0.449743763364,4.351025764000001e-05,0.0001,欧洲,IT0005339160,True,MIL:PLC,PLC,,,,PLC,,制造业,建筑业,建筑工程,意大利,3.7749597870620525e-05,,,,,,,
NL0009739416,NL0009739416-XAMS,PostNL,PNL,PNL,C,EUR,200,EAM,XAMS,Euronext Amsterdam,netherlands,True,R,CX,Delivery Services,EURONEXT:PNL,postnl,stock,348901.13100000005,638283876.3767,USD,Transportation,Air Freight/Couriers,True,EURONEXT,Netherlands,EUR,1.07336,6.382838763767,0.0037449651797016,0.0006,欧洲,NL0009739416,True,EURONEXT:PNL,POSTNL,,,,PostNL,,制造业,运输,物流,荷兰,0.0015067947168261,XAMS,EUR,1.224,1.66,10:07 CEST26 Apr 2024,1.204,25 Apr 2024
FR0000124570,FR0000124570-XPAR,彼欧,POM,POM,B,EUR,710,EPA,XPAR,Euronext Paris,france,True,R,CX,Auto Parts,EURONEXT:POM,plastic-omnium,stock,94422.08,1789949501.5432,USD,Producer Manufacturing,Auto Parts: OEM,True,EURONEXT,France,EUR,1.07336,17.899495015432,0.001013488837888,0.0001,欧洲,FR0000124570,True,EURONEXT:POM,PLASTIC OMNIUM,,,彼欧,Plastic Omnium,,制造业,汽车,汽车零部件,法国,1.792869375772403e-05,XPAR,EUR,11.59,-0.09,10:07 CEST26 Apr 2024,11.60,25 Apr 2024
NL0000378669,NL0000378669-XAMS,Porceleyne Fles Koninklijke,PORF,PORF,D,EUR,200,EAM,XAMS,Euronext Amsterdam,netherlands,False,R,,Household Furnishings,EURONEXT:PORF,koninklijke-porceleyne-fles,stock,312.5,12813174.0876,USD,Consumer Durables,Home Furnishings,True,EURONEXT,Netherlands,EUR,1.07336,0.128131740876,3.35425e-06,0.0,欧洲,NL0000378669,True,EURONEXT:PORF,KONINKLIJKE PORCELEYNE FLES,,,,Porceleyne Fles Koninklijke,,消费,可选消费,家居摆设,荷兰,2.8185885671066615e-06,,,,,,,
FR0012432516,FR0012432516-XPAR,Poxel SA,POXEL,POXEL,D,EUR,710,EPA,XPAR,Euronext Paris,france,False,R,,Biotechnology,EURONEXT:POXEL,poxel-sa,stock,66883.42,32955801.5557,USD,Health Technology,Pharmaceuticals: Major,True,EURONEXT,France,EUR,1.07336,0.329558015557,0.000717899876912,0.0022,欧洲,FR0012432516,True,EURONEXT:POXEL,POXEL,,,,Poxel SA,,医药,制药,主要制药,法国,0.0004713082218849,XPAR,EUR,0.672,1.82,10:06 CEST26 Apr 2024,0.66,25 Apr 2024
BMG7209L1000,BMG7209L1000-XAMS,PPLA Participations Ltd,PPLAA,PPLAA,D,EUR,200,EAM,XAMS,Euronext Amsterdam,netherlands,False,R,,Asset Managers and Custodians,,,,,,,,,,,,,,,,,,,,,,,,,PPLA Participations Ltd,,,,,,,,,,,,,
BMG7209L1182,BMG7209L1182-XAMS,PPLA Participations Ltd,PPLAB,PPLAB,D,EUR,200,EAM,XAMS,Euronext Amsterdam,netherlands,False,R,,Asset Managers and Custodians,,,,,,,,,,,,,,,,,,,,,,,,,PPLA Participations Ltd,,,,,,,,,,,,,
IT0004240443,IT0004240443-MTAA,Piquadro,PQ,PQ,D,EUR,608,MIL,MTAA,Borsa Italiana S.p.A.,italy,False,D15,,Clothing and Accessories,MIL:PQ,piquadro-spa,stock,3640.0,95545245.2582,USD,Consumer Durables,Other Consumer Specialties,True,MIL,Italy,EUR,1.07336,0.955452452582,3.907030400000001e-05,0.0,欧洲,IT0004240443,True,MIL:PQ,PIQUADRO,,,,Piquadro,,消费,可选消费,其他消费品,意大利,1.0734966119008552e-06,MTAA,EUR,1.82,-0.27,09:37 CEST26 Apr 2024,1.825,25 Apr 2024
FR0000074783,FR0000074783-XPAR,ARTMARKET.COM,PRC,PRC,D,EUR,710,EPA,XPAR,Euronext Paris,france,False,R,,Publishing,EURONEXT:PRC,artmarket-com,stock,9.2,32250562.4496,USD,Retail Trade,Internet Retail,True,EURONEXT,France,EUR,1.07336,0.322505624496,9.874912e-08,0.0,欧洲,FR0000074783,True,EURONEXT:PRC,ARTMARKET.COM(EX ARTPRICE.COM),,,,ARTMARKET.COM,,科技,IT技术,网络零售,法国,8.284640724136138e-08,XPAR,EUR,4.60,1.77,09:00 CEST26 Apr 2024,4.52,25 Apr 2024
FR0014004EC4,FR0014004EC4-XPAR,PRECIA,PREC,PREC,D,EUR,710,EPA,XPAR,Euronext Paris,france,False,R,,Electronic Equipment: Gauges and Meters,,,,,,,,,,,,,,,,,,,,,,,,,PRECIA,,,,,,,,,,,,,
IT0001073045,IT0001073045-MTAA,Banca Profilo,PRO,PRO,D,EUR,608,MIL,MTAA,Borsa Italiana S.p.A.,italy,False,D15,,Banks,MIL:PRO,banca-profilo-spa,stock,13073.476,154369675.0111,USD,Finance,Major Banks,True,MIL,Italy,EUR,1.07336,1.543696750111,0.0001403254619936,0.0001,欧洲,IT0001073045,True,MIL:PRO,BCA PROFILO,,,,Banca Profilo,,金融,银行,主要银行,意大利,8.268953726982705e-06,MTAA,EUR,0.222,0.91,09:56 CEST26 Apr 2024,0.22,25 Apr 2024
FR0004052561,FR0004052561-XPAR,Hubwoo,HBW,PROAC,D,EUR,710,EPA,XPAR,Euronext Paris,france,False,R,,Consumer Digital Services,EURONEXT:PROAC,proactis-sa,stock,6333.048,10460756.9327,USD,Technology Services,Packaged Software,True,EURONEXT,France,EUR,1.07336,0.104607569327,6.797640401280001e-05,0.0006,欧洲,FR0004052561,True,EURONEXT:PROAC,PROACTIS SA,,,,Hubwoo,,科技,IT技术,软件开发,法国,0.0,,,,,,,
BE0003810273,BE0003810273-XBRU,Proximus,PROX,PROX,B,EUR,320,EBR,XBRU,Euronext Brussels,belgium,True,R,CX,Telecommunications Services,EURONEXT:PROX,proximus,stock,1129677.72,2353817112.0706,USD,Communications,Major Telecommunications,True,EURONEXT,Belgium,EUR,1.07336,23.538171120706,0.012125508775392,0.0005,欧洲,BE0003810273,True,EURONEXT:PROX,PROXIMUS,,,,Proximus,,科技,通信,电信运营,比利时,0.0107834745002991,XBRU,EUR,7.09,4.26,10:08 CEST26 Apr 2024,6.80,25 Apr 2024
IT0003850929,IT0003850929-MTAA,Esprinet,PRT,PRT,D,EUR,608,MIL,MTAA,Borsa Italiana S.p.A.,italy,False,D15,,Computer Hardware,MIL:PRT,esprinet-spa,stock,86963.2,263004906.7373,USD,Distribution Services,Electronics Distributors,True,MIL,Italy,EUR,1.07336,2.630049067373,0.00093342820352,0.0004,欧洲,IT0003850929,True,MIL:PRT,ESPRINET,,,,Esprinet,,消费,经销商,电子产品经销商,意大利,0.0005656047532278,MTAA,EUR,5.125,2.19,10:08 CEST26 Apr 2024,5.015,25 Apr 2024
NL0013654783,NL0013654783-XAMS,Prosus,PRX,PRX,C,EUR,200,EAM,XAMS,Euronext Amsterdam,netherlands,True,R,,Consumer Digital Services,EURONEXT:PRX,prosus,stock,9316291.27,84235116253.9815,USD,Transportation,Investment Managers,True,EURONEXT,Netherlands,EUR,1.07336,842.351162539815,0.0999973439756719,0.0001,欧洲,NL0013654783,True,EURONEXT:PRX,PROSUS,PRX,Investment Managers,Prosus,Prosus,Prosus,金融,资产管理,投资经理,荷兰,0.0240582221398286,XAMS,EUR,31.57,2.47,10:08 CEST26 Apr 2024,30.81,25 Apr 2024
IT0004176001,IT0004176001-MTAA,普睿司曼,PRY,PRY,A,EUR,608,MIL,MTAA,Borsa Italiana S.p.A.,italy,False,CX,D15,Electrical Components,MIL:PRY,prysmian,stock,3638210.8,14413540178.8375,USD,Producer Manufacturing,Electrical Products,True,MIL,Italy,EUR,1.07336,144.135401788375,0.03905109944288,0.0003,欧洲,IT0004176001,True,MIL:PRY,PRYSMIAN,,,普睿司曼,Prysmian,,制造业,机械,电力设备,意大利,0.0047331783985318,MTAA,EUR,50.08,1.29,10:08 CEST26 Apr 2024,49.44,25 Apr 2024
FR0000038465,FR0000038465-XPAR,Passat,PSAT,PSAT,D,EUR,710,EPA,XPAR,Euronext Paris,france,False,R,,Media Agencies,EURONEXT:PSAT,passat,stock,36115.2,28202386.8083,USD,Commercial Services,Advertising/Marketing Services,True,EURONEXT,France,EUR,1.07336,0.282023868083,0.00038764611072,0.0014,欧洲,FR0000038465,True,EURONEXT:PSAT,PASSAT,,,,Passat,,消费,商业服务,广告营销,法国,0.0010187366055915,XPAR,EUR,6.40,-3.76,09:50 CEST26 Apr 2024,6.65,25 Apr 2024
GG00BPFJTF46,GG00BPFJTF46-XAMS,Pershing Square Holdings Ltd,PSH,PSH,C,USD,200,EAM,XAMS,Euronext Amsterdam,netherlands,False,R,CX,Closed End Investments,,,,,,,,,,,,,,,,,,,,,,,,,Pershing Square Holdings Ltd,,,,,,,XAMS,USD,49.75,3.54,09:59 CEST26 Apr 2024,48.05,25 Apr 2024
IT0003796171,IT0003796171-MTAA,意大利邮政,PST,PST,A,EUR,608,MIL,MTAA,Borsa Italiana S.p.A.,italy,False,CX,D15,Life Insurance,MIL:PST,poste-italiane,stock,1234891.225,16368636161.9255,USD,Finance,Regional Banks,True,MIL,Italy,EUR,1.07336,163.686361619255,0.01325482845266,0.0001,欧洲,IT0003796171,True,MIL:PST,POSTE ITALIANE,,,意大利邮政,Poste Italiane,,金融,银行,地区银行,意大利,0.0002613029106961,MTAA,EUR,11.78,0.43,10:08 CEST26 Apr 2024,11.73,25 Apr 2024
FR0000130577,FR0000130577-XPAR,阳狮集团,PUB,PUB,A,EUR,710,EPA,XPAR,Euronext Paris,france,True,R,CX,Media Agencies,EURONEXT:PUB,publicis-groupe-sa,stock,1418112.75,27824985799.9212,USD,Commercial Services,Advertising/Marketing Services,True,EURONEXT,France,EUR,1.07336,278.249857999212,0.0152214550134,0.0001,欧洲,FR0000130577,True,EURONEXT:PUB,PUBLICIS,,,阳狮集团,Publicis Groupe,,消费,商业服务,广告营销,法国,0.0021244188078716,XPAR,EUR,104.30,1.66,10:08 CEST26 Apr 2024,102.60,25 Apr 2024
FR0013252186,FR0013252186-XPAR,Plastiques du Val de Loire SA,PVL,PVL,D,EUR,710,EPA,XPAR,Euronext Paris,france,False,R,,Plastics,EURONEXT:PVL,plastivaloire,stock,111.15,67771091.0169,USD,Process Industries,Chemicals: Specialty,True,EURONEXT,France,EUR,1.07336,0.677710910169,1.1930396400000005e-06,0.0,欧洲,FR0013252186,True,EURONEXT:PVL,PLAST.VAL LOIRE,,,,Plastiques du Val de Loire SA,,制造业,化工,特殊化学品,法国,5.6172792608956215e-08,XPAR,EUR,2.85,-0.35,09:43 CEST26 Apr 2024,2.86,25 Apr 2024
IT0005337958,IT0005337958-MTAA,Piovan,PVN,PVN,D,EUR,608,MIL,MTAA,Borsa Italiana S.p.A.,italy,False,D15,,Machinery: Industrial,MIL:PVN,piovan,stock,72188.7,671971919.0429,USD,Producer Manufacturing,Industrial Machinery,True,MIL,Italy,EUR,1.07336,6.719719190428999,0.00077484463032,0.0001,欧洲,IT0005337958,True,MIL:PVN,PIOVAN,,,,Piovan,,制造业,机械,机械加工设备,意大利,7.965301772606286e-05,,,,,,,
FR0012613610,FR0012613610-XPAR,Prodways Group SA,PWG,PWG,D,EUR,710,EPA,XPAR,Euronext Paris,france,False,R,,Machinery: Specialty,EURONEXT:PWG,prodways-sa,stock,58.65,38177582.8679,USD,Producer Manufacturing,Industrial Machinery,True,EURONEXT,France,EUR,1.07336,0.381775828679,6.2952564e-07,0.0,欧洲,FR0012613610,True,EURONEXT:PWG,PRODWAYS,,,,Prodways Group SA,,制造业,机械,机械加工设备,法国,0.0,XPAR,EUR,0.69,0,09:00 CEST26 Apr 2024,0.69,25 Apr 2024
FR0000120560,FR0000120560-XPAR,QUADIENT,QDT,QDT,C,EUR,710,EPA,XPAR,Euronext Paris,france,False,R,,Electronic Office Equipment,EURONEXT:QDT,quadient-sa,stock,74152.43999999999,641978129.6708,USD,Producer Manufacturing,Office Equipment/Supplies,True,EURONEXT,France,EUR,1.07336,6.419781296708,0.000795922629984,0.0001,欧洲,FR0000120560,True,EURONEXT:QDT,QUADIENT S.A.,,,,QUADIENT,,制造业,机械,办公用品,法国,4.5064604381200205e-05,XPAR,EUR,17.54,0.34,09:59 CEST26 Apr 2024,17.48,25 Apr 2024
BE0003730448,BE0003730448-XBRU,Quest For Growth,QFG,QFG,D,EUR,320,EBR,XBRU,Euronext Brussels,belgium,False,R,,Closed End Investments,EURONEXT:QFG,questfor-gr-pricaf,stock,9127.94,92037016.38,USD,Finance,Investment Managers,True,EURONEXT,Belgium,EUR,1.07336,0.9203701638,9.797565678400004e-05,0.0001,欧洲,BE0003730448,True,EURONEXT:QFG,QUESTFOR GR-PRICAF,,,,Quest For Growth,,金融,资产管理,投资经理,比利时,6.2462603223741815e-06,,,,,,,
BE0974272040,BE0974272040-XBRU,QRF Comm. VA,QRF,QRF,D,EUR,320,EBR,XBRU,Euronext Brussels,belgium,False,R,,Retail REITs,EURONEXT:QRF,qrf-comm-va,fund,32548.000000000004,84913529.9811,USD,Finance,Real Estate Investment Trusts,True,EURONEXT,Belgium,EUR,1.07336,0.8491352998109999,0.0003493572128,0.0004,欧洲,,,,,,,,QRF Comm. VA,,金融,房地产,房地产投资信托,比利时,0.0001755126280263,XBRU,EUR,10.30,1.48,09:29 CEST26 Apr 2024,10.15,25 Apr 2024
NL0011585146,NL0011585146-MTAA,法拉利,RACE,RACE,A,EUR,608,MIL,MTAA,Borsa Italiana S.p.A.,italy,False,CX,D15,Automobiles,MIL:RACE,ferrari,stock,10738863.0,100980357441.19588,USD,Consumer Durables,Motor Vehicles,True,MIL,Italy,EUR,1.07336,1009.803574411959,0.1152666598968,0.0001,欧洲,NL0011585146,True,MIL:RACE,Ferrari,,,法拉利,Ferrari,法拉利,制造业,汽车,汽车整车,意大利,0.0003987482700565,MTAA,EUR,385.50,-0.18,10:08 CEST26 Apr 2024,386.20,25 Apr 2024
FR0000060618,FR0000060618-XPAR,Rallye,RAL,RAL,D,EUR,710,EPA,XPAR,Euronext Paris,france,False,R,,Diversified Retailers,,,,,,,,,,,,,,,,,,,,,,,,,Rallye,,,,,,,,,,,,,
PTFRV0AE0004,PTFRV0AE0004-XLIS,F. Ramada,RAM,RAM,D,EUR,560,ELI,XLIS,Euronext Lisbon,portugal,False,R,,Iron and Steel,EURONEXT:RAM,ramada-investimentos-e-industria-s-a,stock,7788.7,195289719.4809,USD,Non-Energy Minerals,Steel,True,EURONEXT,Portugal,EUR,1.07336,1.952897194809,8.360079032e-05,0.0,欧洲,PTFRV0AE0004,True,EURONEXT:RAM,RAMADA INVESTIMENTOS E INDUSTRIA S.A.,,,,F. Ramada,,资源,矿产,钢,葡萄牙,0.0,,,,,,,
NL0000379121,NL0000379121-XAMS,任仕达,RAND,RAND,A,EUR,200,EAM,XAMS,Euronext Amsterdam,netherlands,True,R,CX,Business Training and Employment Agencies,EURONEXT:RAND,randstad,stock,1534250.3,8864454046.7035,USD,Commercial Services,Personnel Services,True,EURONEXT,Netherlands,EUR,1.07336,88.64454046703501,0.01646802902008,0.0002,欧洲,NL0000379121,True,EURONEXT:RAND,RANDSTAD N.V.,,,任仕达,Randstad,,消费,商业服务,人力资源,荷兰,0.0021251905657908,XAMS,EUR,46.30,1.34,10:06 CEST26 Apr 2024,45.69,25 Apr 2024
IT0004724107,IT0004724107-MTAA,Ratti,RAT,RAT,D,EUR,608,MIL,MTAA,Borsa Italiana S.p.A.,italy,False,D15,,Textile Products,,,,,,,,,,,,,,,,,,,,,,,,,Ratti,,,,,,,,,,,,,
FR0013344173,FR0013344173-XPAR,Roche Bobois SA,RBO,RBO,D,EUR,710,EPA,XPAR,Euronext Paris,france,False,R,,Household Furnishings,EURONEXT:RBO,,stock,2072.6,517055705.5272,USD,Consumer Durables,Home Furnishings,True,EURONEXT,France,EUR,1.07336,5.170557055272,2.224645936e-05,0.0,欧洲,FR0013344173,True,EURONEXT:RBO,ROCHE BOBOIS,,,,Roche Bobois SA,,消费,可选消费,家居摆设,法国,7.708764986168758e-07,XPAR,EUR,48.20,0.42,09:49 CEST26 Apr 2024,48.00,25 Apr 2024
FR0000039091,FR0000039091-XPAR,Robertet,RBT,RBT,D,EUR,710,EPA,XPAR,Euronext Paris,france,False,R,,Specialty Chemicals,EURONEXT:RBT,robertet-ci,stock,107384.0,2039323340.1328,USD,Consumer Non-Durables,Food: Specialty/Candy,False,EURONEXT,France,EUR,1.07336,20.393233401327997,0.0011526169024,0.0001,欧洲,FR0000039091,False,EURONEXT:CBE,ROBERTET CI,,,,Robertet,,消费,食品饮料,零食,法国,0.0001775608311586,XPAR,EUR,869.00,-0.91,10:08 CEST26 Apr 2024,877.00,25 Apr 2024
FR0000130395,FR0000130395-XPAR,人头马君度,RCO,RCO,A,EUR,710,EPA,XPAR,Euronext Paris,france,True,R,CX,Distillers and Vintners,EURONEXT:RCO,remy-cointreau,stock,8405853.0,5007354354.3987,USD,Consumer Non-Durables,Beverages: Alcoholic,True,EURONEXT,France,EUR,1.07336,50.073543543987,0.0902250637608,0.0018,欧洲,FR0000130395,True,EURONEXT:RCO,REMY COINTREAU,,,人头马君度,Rmy Cointreau,,消费,食品饮料,酒,法国,0.0033744342094049,XPAR,EUR,90.40,-1.42,10:08 CEST26 Apr 2024,91.70,25 Apr 2024
IT0004931496,IT0004931496-MTAA,Rizzoli Corriere della Sera Mediagroup,RCS,RCS,D,EUR,608,MIL,MTAA,Borsa Italiana S.p.A.,italy,False,D15,,Publishing,MIL:RCS,rcs-mediagroup-spa,stock,19990.412,442888221.3346,USD,Consumer Services,Publishing: Newspapers,True,MIL,Italy,EUR,1.07336,4.428882213345999,0.0002145690862432,0.0,欧洲,IT0004931496,True,MIL:RCS,RCS MEDIAGROUP,,,,Rizzoli Corriere della Sera Mediagroup,,消费,可选消费,出版：报纸,意大利,3.476109801621995e-05,MTAA,EUR,0.808,1.25,09:58 CEST26 Apr 2024,0.798,25 Apr 2024
FR0000121634,FR0000121634-XPAR,Colas,RE,RE,D,EUR,710,EPA,XPAR,Euronext Paris,france,False,R,,Construction,,,,,,,,,,,,,,,,,,,,,,,,,Colas,,,,,,,,,,,,,
IT0003828271,IT0003828271-MTAA,Recordati,REC,REC,A,EUR,608,MIL,MTAA,Borsa Italiana S.p.A.,italy,False,CX,D15,Pharmaceuticals,MIL:REC,recordati-ord,stock,1192614.8,10802736824.984,USD,Health Technology,Pharmaceuticals: Major,True,MIL,Italy,EUR,1.07336,108.02736824984,0.01280105021728,0.0001,欧洲,IT0003828271,True,MIL:REC,RECORDATI,,,,Recordati,,医药,制药,主要制药,意大利,0.0013636514731895,MTAA,EUR,49.18,0.78,10:07 CEST26 Apr 2024,48.80,25 Apr 2024
BE0003656676,BE0003656676-XBRU,Recticel,REC,RECT,C,EUR,320,EBR,XBRU,Euronext Brussels,belgium,False,R,CX,Plastics,EURONEXT:RECT,recticel,stock,51240.0,719191891.9955,USD,Process Industries,Industrial Specialties,True,EURONEXT,Belgium,EUR,1.07336,7.1919189199549995,0.000549989664,0.0001,欧洲,BE0003656676,True,EURONEXT:RECT,RECTICEL,,,,Recticel,,制造业,化工,特种工业品,比利时,3.2408677064776865e-06,XBRU,EUR,11.98,0,10:05 CEST26 Apr 2024,11.98,25 Apr 2024
PTRED0AP0010,PTRED0AP0010-XLIS,REDITUS- SOC.GEST.PART.SOCIAIS,RED,RED,D,EUR,560,ELI,XLIS,Euronext Lisbon,portugal,False,R,,Computer Services,,,,,,,,,,,,,,,,,,,,,,,,,REDITUS- SOC.GEST.PART.SOCIAIS,,,,,,,,,,,,,
LU0383812293,LU0383812293-XAMS,Reinet Investments SCA,REINA,REINA,D,EUR,200,EAM,XAMS,Euronext Amsterdam,netherlands,False,R,,Diversified Financial Services ,EURONEXT:REINA,reinetin,stock,6909.0,4164172005.3294,USD,Finance,Investment Managers,False,EURONEXT,Luxembourg,EUR,1.07336,41.641720053293994,7.41584424e-05,0.0,欧洲,,,,,,,,Reinet Investments SCA,,金融,资产管理,投资经理,荷兰,6.159854851374689e-06,XAMS,EUR,21.00,-0.94,09:33 CEST26 Apr 2024,21.20,25 Apr 2024
GB00B2B0DG97,GB00B2B0DG97-XAMS,RELX SE,REN,REN,A,EUR,200,EAM,XAMS,Euronext Amsterdam,netherlands,True,R,,Publishing,EURONEXT:REN,relx,stock,1220246.8199999998,76793553600.54298,USD,Commercial Services,Miscellaneous Commercial Services,False,EURONEXT,United Kingdom,EUR,1.07336,767.9355360054299,0.013097641267152,0.0,欧洲,GB00B2B0DG97,False,LSE:REL,RELX,,,,Relx PLC,RELX,消费,商业服务,综合商业,荷兰,0.0006134687457081,XAMS,EUR,38.50,0.68,10:04 CEST26 Apr 2024,38.24,25 Apr 2024
PTREL0AM0008,PTREL0AM0008-XLIS,REN-REDES ENERG.NACIONAIS SGPS,RENE,RENE,B,EUR,560,ELI,XLIS,Euronext Lisbon,portugal,False,R,CX,Conventional Electricity,EURONEXT:RENE,ren,stock,144289.365,1583159752.607,USD,Utilities,Electric Utilities,True,EURONEXT,Portugal,EUR,1.07336,15.83159752607,0.0015487443281639,0.0001,欧洲,PTREL0AM0008,True,EURONEXT:RENE,REN,,,,REN-REDES ENERG.NACIONAIS SGPS,,公用事业,电力,电力公司,葡萄牙,4.524713603466976e-05,,,,,,,
BE0003720340,BE0003720340-XBRU,Retail Estates,RET,RET,C,EUR,320,EBR,XBRU,Euronext Brussels,belgium,False,R,CX,Retail REITs,EURONEXT:RET,retail-estates,fund,41726.7,999260866.235,USD,Finance,Real Estate Investment Trusts,True,EURONEXT,Belgium,EUR,1.07336,9.99260866235,0.00044787770712,0.0,欧洲,,,,,,,,Retail Estates,,金融,房地产,房地产投资信托,比利时,3.729008600907823e-05,"XBRU, XAMS",EUR,65.30,0.77,09:27 CEST26 Apr 2024,64.80,25 Apr 2024
IT0005282865,IT0005282865-MTAA,Reply,REY,REY,B,EUR,608,MIL,MTAA,Borsa Italiana S.p.A.,italy,False,CX,D15,Consumer Digital Services,MIL:REY,reply,stock,275269.5,4962555425.6562,USD,Commercial Services,Miscellaneous Commercial Services,True,MIL,Italy,EUR,1.07336,49.625554256562005,0.0029546327052,0.0001,欧洲,IT0005282865,True,MIL:REY,REPLY,,,,Reply,,消费,商业服务,综合商业,意大利,3.7015894186525074e-05,MTAA,EUR,124.70,0.48,10:07 CEST26 Apr 2024,124.10,25 Apr 2024
FR0000121121,FR0000121121-XPAR,Eurazeo,RF,RF,A,EUR,710,EPA,XPAR,Euronext Paris,france,True,R,CX,Asset Managers and Custodians,EURONEXT:RF,eurazeo-se,stock,1881292.65,6506157592.5901,USD,Finance,Investment Managers,True,EURONEXT,France,EUR,1.07336,65.061575925901,0.02019304278804,0.0003,欧洲,FR0000121121,True,EURONEXT:RF,EURAZEO SE,,,,Eurazeo,,金融,资产管理,投资经理,法国,0.0072512809342597,XPAR,EUR,84.25,2.31,10:08 CEST26 Apr 2024,82.35,25 Apr 2024
FR0000120693,FR0000120693-XPAR,保乐力加,RI,RI,A,EUR,710,EPA,XPAR,Euronext Paris,france,True,R,CX,Distillers and Vintners,EURONEXT:RI,pernod,stock,13430625.0,38648990686.3053,USD,Consumer Non-Durables,Beverages: Alcoholic,True,EURONEXT,France,EUR,1.07336,386.48990686305297,0.1441589565,0.0004,欧洲,FR0000120693,True,EURONEXT:RI,PERNOD RICARD,,,保乐力加,Pernod Ricard,保乐力加,消费,食品饮料,酒,法国,0.0050538251697952,XPAR,EUR,143.55,1.45,10:09 CEST26 Apr 2024,141.50,25 Apr 2024
FR0000052516,FR0000052516-XPAR,Vilmorin,RIN,RIN,C,EUR,710,EPA,XPAR,Euronext Paris,france,False,R,CX,Farming/Fishing/Ranching and Plantations,,,,,,,,,,,,,,,,,,,,,,,,,Vilmorin,,,,,,,,,,,,,
FR0000052292,FR0000052292-XPAR,爱马仕,RMS,RMS,A,EUR,710,EPA,XPAR,Euronext Paris,france,True,R,,Clothing and Accessories,EURONEXT:RMS,hermes,stock,14584856.0,257841077923.5303,USD,Consumer Non-Durables,Apparel/Footwear,True,EURONEXT,France,EUR,1.07336,2578.410779235303,0.1565480103616,0.0001,欧洲,FR0000052292,True,EURONEXT:RMS,HERMES INTL,,,爱马仕,Herms International,爱马仕,消费,日常消费,服装鞋类,法国,9.320367475976488e-05,XPAR,EUR,"2,305.00",0.35,10:08 CEST26 Apr 2024,"2,297.00",25 Apr 2024
IT0001402269,IT0001402269-MTAA,Risanamento,RN,RN,D,EUR,608,MIL,MTAA,Borsa Italiana S.p.A.,italy,False,D15,,Real Estate Holding and Development,MIL:RN,risanamento-spa,stock,22371.7805,57759791.0934,USD,Finance,Real Estate Development,True,MIL,Italy,EUR,1.07336,0.577597910934,0.0002401297431748,0.0004,欧洲,IT0001402269,True,MIL:RN,RISANAMENTO,,,,Risanamento,,金融,房地产,房地产开发,意大利,0.0002145273323941,MTAA,EUR,0.0302,1.0,10:08 CEST26 Apr 2024,0.0299,25 Apr 2024
FR0000131906,FR0000131906-XPAR,雷诺,RNO,RNO,B,EUR,710,EPA,XPAR,Euronext Paris,france,True,R,CX,Automobiles,EURONEXT:RNO,renault,stock,1449449.34,14910310536.307,USD,Consumer Durables,Motor Vehicles,True,EURONEXT,France,EUR,1.07336,149.10310536307,0.015557809435824,0.0001,欧洲,FR0000131906,True,EURONEXT:RNO,Renault,,,雷诺,Renault,雷诺,制造业,汽车,汽车整车,法国,7.166020991936275e-06,XPAR,EUR,48.06,0.13,10:08 CEST26 Apr 2024,48.00,25 Apr 2024
NL0000440477,NL0000440477-XAMS,RoodMicrotec,ROOD,ROOD,D,EUR,200,EAM,XAMS,Euronext Amsterdam,netherlands,False,R,,Semiconductors,,,,,,,,,,,,,,,,,,,,,,,,,RoodMicrotec,,,,,,,,,,,,,
FR0000031684,FR0000031684-XPAR,Rothschild & Co,ROTH,ROTH,C,EUR,710,EPA,XPAR,Euronext Paris,france,False,R,CX,Diversified Financial Services ,,,,,,,,,,,,,,,,,,,,,,,,,Rothschild & Co,,,,,,,,,,,,,
BE0003741551,BE0003741551-XBRU,Roularta Media,ROU,ROU,D,EUR,320,EBR,XBRU,Euronext Brussels,belgium,False,R,,Publishing,EURONEXT:ROU,roularta,stock,342.4,129841449.8259,USD,Consumer Services,Publishing: Books/Magazines,True,EURONEXT,Belgium,EUR,1.07336,1.298414498259,3.67518464e-06,0.0,欧洲,BE0003741551,True,EURONEXT:ROU,ROULARTA,,,,Roularta Media,,消费,可选消费,出版：书籍/杂志,比利时,4.484248462562833e-06,XBRU,EUR,10.70,2.88,09:33 CEST26 Apr 2024,10.40,25 Apr 2024
IT0005349052,IT0005349052-MTAA,Restart Societa di Investimento Immobiliare Quotata,RST,RST,D,EUR,608,MIL,MTAA,Borsa Italiana S.p.A.,italy,False,D15,,Real Estate Holding and Development,MIL:RST,restart-siiq-spa,fund,711.0450000000001,3948722.4062,USD,Finance,Real Estate Development,True,MIL,Italy,EUR,1.07336,0.039487224062,7.632072612000001e-06,0.0002,欧洲,,,,,,,,Restart Societa di Investimento Immobiliare Quotata,,金融,房地产,房地产开发,意大利,0.0,,,,,,,
FR0013269123,FR0013269123-XPAR,Rubis SCA,RUI,RUI,B,EUR,710,EPA,XPAR,Euronext Paris,france,True,R,CX,Specialty Retailers,EURONEXT:RUI,rubis,stock,1410966.94,3582427686.3053,USD,Distribution Services,Wholesale Distributors,True,EURONEXT,France,EUR,1.07336,35.824276863053,0.015144754747184,0.0004,欧洲,FR0013269123,True,EURONEXT:RUI,RUBIS,,,,Rubis SCA,,消费,经销商,批发经销商,法国,0.0011313568272452,XPAR,EUR,32.58,0.99,10:08 CEST26 Apr 2024,32.26,25 Apr 2024
IT0005054967,IT0005054967-MTAA,Rai Way,RWAY,RWAY,C,EUR,608,MIL,MTAA,Borsa Italiana S.p.A.,italy,False,CX,D15,Telecommunications Services,MIL:RWAY,rai-way,stock,259987.2,1497004557.3581,USD,Consumer Services,Broadcasting,True,MIL,Italy,EUR,1.07336,14.970045573581,0.00279059860992,0.0002,欧洲,IT0005054967,True,MIL:RWAY,RAI WAY,,,,Rai Way,,消费,可选消费,广播,意大利,0.0006393307291213,MTAA,EUR,5.28,1.54,10:05 CEST26 Apr 2024,5.20,25 Apr 2024
GB00BNR4T868,GB00BNR4T868-XAMS,RENEWI,RWI,RWI,D,EUR,200,EAM,XAMS,Euronext Amsterdam,netherlands,False,R,,Waste and Disposal Services,EURONEXT:RWI,renewi-plc,stock,47028.8,589839909.7319999,USD,Industrial Services,Environmental Services,False,EURONEXT,United Kingdom,EUR,1.07336,5.898399097319999,0.00050478832768,0.0001,欧洲,GB00BNR4T868,False,LSE:RWI,RENEWI,,,,RENEWI,,公用事业,环保,环境工程,荷兰,0.0002021135941753,XAMS,EUR,6.77,-2.31,10:01 CEST26 Apr 2024,6.93,25 Apr 2024
FR0010451203,FR0010451203-XPAR,蓝格赛,RXL,RXL,A,EUR,710,EPA,XPAR,Euronext Paris,france,True,R,CX,Electrical Components,EURONEXT:RXL,rexel,stock,1060280.65,7808819646.0213,USD,Distribution Services,Wholesale Distributors,True,EURONEXT,France,EUR,1.07336,78.088196460213,0.0113806283848399,0.0001,欧洲,FR0010451203,True,EURONEXT:RXL,REXEL,,,蓝格赛,Rexel,,消费,经销商,批发经销商,法国,2.588077862689302e-06,XPAR,EUR,24.45,0.62,10:08 CEST26 Apr 2024,24.30,25 Apr 2024
IT0005283111,IT0005283111-MTAA,Il Sole 24 Ore,S24,S24,D,EUR,608,MIL,MTAA,Borsa Italiana S.p.A.,italy,False,D15,,Publishing,MIL:S24,il-sole-24-ore,stock,135.60000000000002,46866776.8233,USD,Consumer Services,Publishing: Newspapers,True,MIL,Italy,EUR,1.07336,0.468667768233,1.4554761600000004e-06,0.0,欧洲,IT0005283111,True,MIL:S24,IL SOLE 24 ORE,,,,Il Sole 24 Ore,,消费,可选消费,出版：报纸,意大利,3.7909321860676275e-07,MTAA,EUR,0.678,0.89,09:00 CEST26 Apr 2024,0.672,25 Apr 2024
FR0013379484,FR0013379484-XPAR,Solutions 30 SE,ALS30,S30,D,EUR,710,EPA,XPAR,Euronext Paris,france,False,R,,Computer Services,EURONEXT:S30,solutions-30-se,stock,41240.127,214862939.5531,USD,Technology Services,Data Processing Services,True,EURONEXT,Luxembourg,EUR,1.07336,2.148629395531,0.0004426550271672,0.0002,欧洲,FR0013379484,True,EURONEXT:S30,SOLUTIONS 30 SE,,,,Solutions 30 SE,,科技,IT技术,数据处理,法国,0.000273118085687,XPAR,EUR,1.904,1.76,10:07 CEST26 Apr 2024,1.871,25 Apr 2024
IT0001042610,IT0001042610-MTAA,Sabaf,SAB,SAB,D,EUR,608,MIL,MTAA,Borsa Italiana S.p.A.,italy,False,D15,,Production Technology Equipment,MIL:SAB,sabaf-spa,stock,890.0,213063087.3314,USD,Consumer Durables,Electronics/Appliances,True,MIL,Italy,EUR,1.07336,2.1306308733140003,9.552904e-06,0.0,欧洲,IT0001042610,True,MIL:SAB,SABAF,,,,Sabaf,,消费,可选消费,电子电器,意大利,7.426549933197464e-07,MTAA,EUR,17.80,0.56,09:00 CEST26 Apr 2024,17.70,25 Apr 2024
FR0000060121,FR0000060121-XPAR,Sabeton,SABE,SABE,D,EUR,710,EPA,XPAR,Euronext Paris,france,False,R,,Food Products,EURONEXT:SABE,sabeton,stock,127.200006,72903275.0616,USD,Consumer Non-Durables,Food: Major Diversified,True,EURONEXT,France,EUR,1.07336,0.729032750616,1.3653139844016e-06,0.0,欧洲,FR0000060121,True,EURONEXT:SABE,SAINT JEAN,,,,Sabeton,,消费,食品饮料,主食,法国,1.0755064537503055e-06,,,,,,,
FR0000061418,FR0000061418-XPAR,Fiducial Office Solutions,SACI,SACI,D,EUR,710,EPA,XPAR,Euronext Paris,france,False,R,,Diversified Retailers,EURONEXT:SACI,fidoffso,stock,27.6,64223408.2327,USD,Retail Trade,Specialty Stores,True,EURONEXT,France,EUR,1.07336,0.642234082327,2.962473600000001e-07,0.0,欧洲,FR0000061418,True,EURONEXT:SACI,FIDUCIAL OFF.SOL.,,,,Fiducial Office Solutions,,消费,零售,专卖店,法国,0.0,,,,,,,
FR0000073272,FR0000073272-XPAR,赛峰,SAF,SAF,A,EUR,710,EPA,XPAR,Euronext Paris,france,True,R,CX,Aerospace,EURONEXT:SAF,safran,stock,16967923.0,94884509572.3738,USD,Electronic Technology,Aerospace & Defense,True,EURONEXT,France,EUR,1.07336,948.845095723738,0.1821268983128,0.0002,欧洲,FR0000073272,True,EURONEXT:SAF,SAFRAN,,,赛峰,Safran,赛峰,制造业,机械,航空航天与国防,法国,0.0127441937276317,XPAR,EUR,205.00,-1.2,10:09 CEST26 Apr 2024,207.50,25 Apr 2024
FR0000060071,FR0000060071-XPAR,Samse,SAMS,SAMS,D,EUR,710,EPA,XPAR,Euronext Paris,france,False,R,,Home Improvement Retailers,EURONEXT:SAMS,samse-sa,stock,6188.0,674626234.7404,USD,Distribution Services,Wholesale Distributors,True,EURONEXT,France,EUR,1.07336,6.7462623474039995,6.64195168e-05,0.0,欧洲,FR0000060071,True,EURONEXT:SAMS,SAMSE,,,,Samse,,消费,经销商,批发经销商,法国,1.0005187753363022e-06,XPAR,EUR,181.50,-0.55,10:03 CEST26 Apr 2024,182.50,25 Apr 2024
FR0000120578,FR0000120578-XPAR,赛诺菲,SAN,SAN,A,EUR,710,EPA,XPAR,Euronext Paris,france,True,R,CX,Pharmaceuticals,EURONEXT:SAN,sanofi,stock,12317424.239999998,123494463130.0893,USD,Health Technology,Pharmaceuticals: Major,True,EURONEXT,France,EUR,1.07336,1234.944631300893,0.132210304822464,0.0001,欧洲,FR0000120578,True,EURONEXT:SAN,Sanofi,,,赛诺菲,Sanofi,赛诺菲,医药,制药,主要制药,法国,0.0010335977368675,XPAR,EUR,91.52,-0.11,10:08 CEST26 Apr 2024,91.62,25 Apr 2024
ES0113900J37,ES0113900J37-TNLB,Banco Santander SA,SANTA,SANTA,D,EUR,320,EBR,TNLB,Euronext Brussels,belgium,False,R,,Banks,,,,,,,,,,,,,,,,,,,,,,,,,Banco Santander SA,,,,,,,,,,,,,
FR0000120107,FR0000120107-XPAR,Savencia,SAVE,SAVE,D,EUR,710,EPA,XPAR,Euronext Paris,france,False,R,,Food Products,EURONEXT:SAVE,savencia-sa,stock,12418.8,776799306.0539,USD,Consumer Non-Durables,Food: Meat/Fish/Dairy,True,EURONEXT,France,EUR,1.07336,7.767993060539,0.00013329843168,0.0,欧洲,FR0000120107,True,EURONEXT:SAVE,SAVENCIA S.A.,,,,Savencia,,消费,食品饮料,肉蛋奶,法国,1.1529534549940215e-05,XPAR,EUR,52.40,-0.76,09:00 CEST26 Apr 2024,52.80,25 Apr 2024
NL0000360618,NL0000360618-XAMS,SBM Offshore,SBMO,SBMO,C,EUR,200,EAM,XAMS,Euronext Amsterdam,netherlands,True,R,,Oil Equipment and Services,EURONEXT:SBMO,sbm-offshore,stock,354088.77999999997,2671910062.8288,USD,Industrial Services,Oilfield Services/Equipment,True,EURONEXT,Netherlands,EUR,1.07336,26.719100628288,0.003800647329008,0.0001,欧洲,NL0000360618,True,EURONEXT:SBMO,SBM OFFSHORE,,,,SBM Offshore,,资源,能源,油服工程,荷兰,0.0001474548300917,XAMS,EUR,14.17,0.5,10:08 CEST26 Apr 2024,14.10,25 Apr 2024
FR0000052680,FR0000052680-XPAR,Oeneo,SBT,SBT,D,EUR,710,EPA,XPAR,Euronext Paris,france,False,R,,Containers and Packaging,EURONEXT:SBT,oeneo,stock,8363.6,711228043.835,USD,Process Industries,Containers/Packaging,True,EURONEXT,France,EUR,1.07336,7.11228043835,8.977153696000001e-05,0.0,欧洲,FR0000052680,True,EURONEXT:SBT,OENEO,,,,Oeneo,,制造业,化工,包装,法国,0.0,XPAR,EUR,10.30,0,09:25 CEST26 Apr 2024,10.30,25 Apr 2024
PTSCB0AM0001,PTSCB0AM0001-ENXL,S.CLUBE BRAGA,SCB,SCB,D,EUR,560,ELI,ENXL,Euronext Lisbon,portugal,False,R,,Recreational Services,,,,,,,,,,,,,,,,,,,,,,,,,S.CLUBE BRAGA,,,,,,,,,,,,,
IT0005388266,IT0005388266-MTAA,Salcef Group,SCF,SCF,C,EUR,608,MIL,MTAA,Borsa Italiana S.p.A.,italy,False,CX,D15,Transportation Services,MIL:SCF,salcef,stock,419735.4,1722282292.9397,USD,Producer Manufacturing,Trucks/Construction/Farm Machinery,True,MIL,Italy,EUR,1.07336,17.222822929396997,0.00450527188944,0.0003,欧洲,IT0005388266,True,MIL:SCF,SALCEF,,,,Salcef Group,,制造业,机械,工程机械,意大利,0.0,MTAA,EUR,25.90,0,09:58 CEST26 Apr 2024,25.90,25 Apr 2024
BE0012378593,BE0012378593-XBRU,Scheerders van Kerchove,SCHD,SCHD,D,EUR,320,EBR,XBRU,Euronext Brussels,belgium,False,R,,Cement,EURONEXT:SCHD,scheerders-van-kerchove,stock,4000.0,17163200.0,USD,Producer Manufacturing,Building Products,True,EURONEXT,Belgium,EUR,1.07336,0.171632,4.293440000000001e-05,0.0003,欧洲,BE0012378593,True,EURONEXT:SCHD,SCHEERD.V KERCHOVE,,,,Scheerders van Kerchove,,制造业,建筑业,建筑产品,比利时,6.964766278371252e-05,,,,,,,
FR0000039109,FR0000039109-XPAR,Sch Environnement,SCHP,SCHP,C,EUR,710,EPA,XPAR,Euronext Paris,france,False,R,CX,Waste and Disposal Services,EURONEXT:SCHP,seche-environnement,stock,34125.0,875244617.2161,USD,Industrial Services,Environmental Services,True,EURONEXT,France,EUR,1.07336,8.752446172161,0.0003662841,0.0,欧洲,FR0000039109,True,EURONEXT:SCHP,SECHE ENVIRONNEM.,,,,Sch Environnement,,公用事业,环保,环境工程,法国,9.37409797352602e-06,XPAR,EUR,104.40,-0.19,10:07 CEST26 Apr 2024,104.60,25 Apr 2024
PTSCP0AM0001,PTSCP0AM0001-XLIS,"SPORTING CLUBE DE PORTUGAL - FUTEBOL, SAD",SCP,SCP,D,EUR,560,ELI,XLIS,Euronext Lisbon,portugal,False,R,,Entertainment,EURONEXT:SCP,sporting-clube-de-portugal,stock,1407.0,71870875.32789999,USD,Consumer Services,Movies/Entertainment,True,EURONEXT,Portugal,EUR,1.07336,0.718708753279,1.51021752e-05,0.0,欧洲,PTSCP0AM0001,True,EURONEXT:SCP,SPORTING CLUBE DE PORTUGAL,,,,"SPORTING CLUBE DE PORTUGAL - FUTEBOL, SAD",,消费,可选消费,电影娱乐,葡萄牙,4.4263797238725706e-05,,,,,,,
FR0010411983,FR0010411983-XPAR,SCOR,SCR,SCR,C,EUR,710,EPA,XPAR,Euronext Paris,france,True,R,CX,Reinsurance,EURONEXT:SCR,scor-se,stock,257910.3,5761731212.9475,USD,Finance,Property/Casualty Insurance,True,EURONEXT,France,EUR,1.07336,57.617312129475,0.00276830599608,0.0,欧洲,FR0010411983,True,EURONEXT:SCR,SCOR SE,,,,SCOR,,金融,保险,财产/意外伤害保险,法国,0.0002087677381219,XPAR,EUR,30.52,0.86,10:08 CEST26 Apr 2024,30.26,25 Apr 2024
FR0000032658,FR0000032658-XPAR,Synergie,SDG,SDG,D,EUR,710,EPA,XPAR,Euronext Paris,france,False,R,,Business Training and Employment Agencies,EURONEXT:SDG,synergie-sa,stock,12922.0,939041836.3753,USD,Commercial Services,Personnel Services,True,EURONEXT,France,EUR,1.07336,9.390418363753,0.0001386995792,0.0,欧洲,FR0000032658,True,EURONEXT:SDG,SYNERGIE,,,,Synergie,,消费,商业服务,人力资源,法国,1.9056613141832616e-06,XPAR,EUR,36.60,0.27,10:00 CEST26 Apr 2024,36.50,25 Apr 2024
FR0000078321,FR0000078321-XPAR,Soditech Ingnierie,SEC,SEC,D,EUR,710,EPA,XPAR,Euronext Paris,france,False,R,,Professional Business Support Services,EURONEXT:SEC,soditech-ingenierie,stock,690.0,3595680.7457,USD,Industrial Services,Engineering & Construction,True,EURONEXT,France,EUR,1.07336,0.035956807457,7.406184000000001e-06,0.0002,欧洲,FR0000078321,True,EURONEXT:SEC,SODITECH ING.,,,,Soditech Ingnierie,,制造业,建筑业,建筑工程,法国,0.0,,,,,,,
FR0011950682,FR0011950682-XPAR,Sergeferrari Group SA,SEFER,SEFER,D,EUR,710,EPA,XPAR,Euronext Paris,france,False,R,,Building Materials: Other,EURONEXT:SEFER,serge-ferrari,stock,7378.48,73671041.8507,USD,Producer Manufacturing,Building Products,True,EURONEXT,France,EUR,1.07336,0.736710418507,7.9197652928e-05,0.0001,欧洲,FR0011950682,True,EURONEXT:SEFER,SERGEFERRARI,,,,Sergeferrari Group SA,,制造业,建筑业,建筑产品,法国,2.2777702931134506e-05,XPAR,EUR,5.96,1.02,09:16 CEST26 Apr 2024,5.90,25 Apr 2024
FR0004175842,FR0004175842-XPAR,Selectirente,SELER,SELER,D,EUR,710,EPA,XPAR,Euronext Paris,france,False,R,,Retail REITs,EURONEXT:SELER,selectirente,fund,88.5,395640860.2056,USD,Finance,Real Estate Investment Trusts,True,EURONEXT,France,EUR,1.07336,3.956408602056,9.499236e-07,0.0,欧洲,,,,,,,,Selectirente,,金融,房地产,房地产投资信托,法国,0.0,,,,,,,
PTSEM0AM0004,PTSEM0AM0004-XLIS,Semapa,SEM,SEM,C,EUR,560,ELI,XLIS,Euronext Lisbon,portugal,False,R,CX,Paper,EURONEXT:SEM,semapa,stock,27839.6,1365212562.4145,USD,Process Industries,Pulp & Paper,True,EURONEXT,Portugal,EUR,1.07336,13.652125624145,0.00029881913056,0.0,欧洲,PTSEM0AM0004,True,EURONEXT:SEM,SEMAPA,,,,Semapa,,制造业,化工,造纸,葡萄牙,2.930377055151277e-05,,,,,,,
BE0974340722,BE0974340722-XBRU,Sequana Medical,SEQUA,SEQUA,D,EUR,320,EBR,XBRU,Euronext Brussels,belgium,False,R,,Medical Equipment,EURONEXT:SEQUA,sequana-medical,stock,24466.4,45419147.792,USD,Health Technology,Medical Specialties,True,EURONEXT,Belgium,EUR,1.07336,0.45419147792,0.00026261255104,0.0006,欧洲,BE0974340722,True,EURONEXT:SEQUA,SEQUANA MEDICAL,,,,Sequana Medical,,医药,医疗,医疗器械,比利时,0.0,XBRU,EUR,1.415,1.07,10:00 CEST26 Apr 2024,1.40,25 Apr 2024
IT0005283640,IT0005283640-MTAA,Seri Industrial,SERI,SERI,C,EUR,608,MIL,MTAA,Borsa Italiana S.p.A.,italy,False,D15,,Diversified Industrials,MIL:SERI,kr-energy-spa,stock,1735892.7999999998,229296981.5766,USD,Utilities,Electric Utilities,True,MIL,Italy,EUR,1.07336,2.292969815766,0.01863237895808,0.0081,欧洲,IT0005283640,True,MIL:SERI,SERI INDUSTRIAL,,,,Seri Industrial,,公用事业,电力,电力公司,意大利,0.0873933347742172,MTAA,EUR,4.28,8.08,10:08 CEST26 Apr 2024,3.96,25 Apr 2024
IT0004729759,IT0004729759-MTAA,Sesa,SES,SES,B,EUR,608,MIL,MTAA,Borsa Italiana S.p.A.,italy,False,CX,D15,Computer Services,MIL:SES,sesa,stock,117255.1,1604943570.3125,USD,Distribution Services,Electronics Distributors,True,MIL,Italy,EUR,1.07336,16.049435703125,0.00125856934136,0.0001,欧洲,IT0004729759,True,MIL:SES,SESA,,,,Sesa,,消费,经销商,电子产品经销商,意大利,0.0001152803213766,MTAA,EUR,97.65,0.98,09:59 CEST26 Apr 2024,96.70,25 Apr 2024
LU0088087324,LU0088087324-XPAR,SES S.A.,SESG,SESG,B,EUR,710,EPA,XPAR,Euronext Paris,france,True,R,CX,Telecommunications Equipment,EURONEXT:SESG,ses,dr,151622.93,2549733101.7016997,USD,Communications,Specialty Telecommunications,True,EURONEXT,Luxembourg,EUR,1.07336,25.497331017016997,0.001627459881448,0.0001,欧洲,,,,,,,,SES S.A.,,科技,通信,电信运营,法国,2.9650120775649965e-05,XPAR,EUR,5.47,0.37,09:59 CEST26 Apr 2024,5.45,25 Apr 2024
FR0010282822,FR0010282822-XPAR,Store Electronic Systems,SESL,SESL,C,EUR,710,EPA,XPAR,Euronext Paris,france,False,R,CX,Electronic Equipment: Gauges and Meters,,,,,,,,,,,,,,,,,,,,,,,,,Store Electronic Systems,,,,,,,XPAR,EUR,135.90,1.8,10:08 CEST26 Apr 2024,133.50,25 Apr 2024
FR0010209809,FR0010209809-XPAR,Socit Fran?aise de Casinos,SFCA,SFCA,D,EUR,710,EPA,XPAR,Euronext Paris,france,False,R,,Casinos and Gambling,EURONEXT:SFCA,,stock,1359.54,9068070.5227,USD,Consumer Services,Movies/Entertainment,True,EURONEXT,France,EUR,1.07336,0.090680705227,1.4592758544e-05,0.0002,欧洲,FR0010209809,True,EURONEXT:SFCA,SOC FRANC CASINOS,,,,Socit Fran?aise de Casinos,,消费,可选消费,电影娱乐,法国,0.0,,,,,,,
IT0004712375,IT0004712375-MTAA,Salvatore Ferragamo,SFER,SFER,B,EUR,608,MIL,MTAA,Borsa Italiana S.p.A.,italy,False,CX,D15,Clothing and Accessories,MIL:SFER,salvatore-ferragamo,stock,131312.845,1648904619.5212,USD,Consumer Non-Durables,Apparel/Footwear,True,MIL,Italy,EUR,1.07336,16.489046195211998,0.001409459553092,0.0001,欧洲,IT0004712375,True,MIL:SFER,SALVATORE FERRAGAMO,,,,Salvatore Ferragamo,,消费,日常消费,服装鞋类,意大利,0.0003501407439375,MTAA,EUR,9.39,3.02,10:07 CEST26 Apr 2024,9.115,25 Apr 2024
IT0004604762,IT0004604762-MTAA,Safilo Group,SFL,SFL,C,EUR,608,MIL,MTAA,Borsa Italiana S.p.A.,italy,False,CX,D15,Clothing and Accessories,MIL:SFL,safilo,stock,30480.819999999996,489121133.2917,USD,Health Technology,Medical Specialties,True,MIL,Italy,EUR,1.07336,4.891211332917,0.0003271689295519,0.0001,欧洲,IT0004604762,True,MIL:SFL,SAFILO,,,,Safilo Group,,医药,医疗,医疗器械,意大利,0.0001736648008575,MTAA,EUR,1.126,2.18,09:47 CEST26 Apr 2024,1.102,25 Apr 2024
FR0004155000,FR0004155000-XPAR,Groupe SFPI,SFPI,SFPI,D,EUR,710,EPA,XPAR,Euronext Paris,france,False,R,,Publishing,EURONEXT:SFPI,groupe-sfpi,stock,500.08,189912263.6539,USD,Producer Manufacturing,Building Products,True,EURONEXT,France,EUR,1.07336,1.899122636539,5.367658688e-06,0.0,欧洲,FR0004155000,True,EURONEXT:SFPI,GROUPE SFPI,,,,Groupe SFPI,,制造业,建筑业,建筑产品,法国,3.935528982149563e-07,XPAR,EUR,1.88,0.53,09:38 CEST26 Apr 2024,1.87,25 Apr 2024
IT0001469953,IT0001469953-MTAA,Acotel Group,SFT,SFT,D,EUR,608,MIL,MTAA,Borsa Italiana S.p.A.,italy,False,D15,,Telecommunications Services,MIL:SFT,softlab-spa,stock,23566.2,6641050.3009,USD,Technology Services,Packaged Software,True,MIL,Italy,EUR,1.07336,0.066410503009,0.00025295016432,0.0038,欧洲,IT0001469953,True,MIL:SFT,SOFTLAB,,,,Acotel Group,,科技,IT技术,软件开发,意大利,0.0005972269045439,,,,,,,
IT0001029492,IT0001029492-MTAA,Saes Getters,SG,SG,C,EUR,608,MIL,MTAA,Borsa Italiana S.p.A.,italy,False,CX,D15,Electrical Components,MIL:SG,saes-getters-spa,stock,1684581.8,528691719.0161,USD,Producer Manufacturing,Metal Fabrication,True,MIL,Italy,EUR,1.07336,5.286917190161,0.01808162720848,0.0034,欧洲,IT0001029492,True,MIL:SG,SAES GETTERS,,,,Saes Getters,,制造业,机械,金属加工,意大利,7.327687979173077e-05,MTAA,EUR,38.15,-0.26,10:08 CEST26 Apr 2024,38.25,25 Apr 2024
IT0000076536,IT0000076536-MTAA,Sogefi,SGF,SGF,D,EUR,608,MIL,MTAA,Borsa Italiana S.p.A.,italy,False,D15,,Auto Parts,MIL:SGF,sogefi,stock,116227.24,365943594.0764,USD,Producer Manufacturing,Auto Parts: OEM,True,MIL,Italy,EUR,1.07336,3.659435940764,0.001247536703264,0.0003,欧洲,IT0000076536,True,MIL:SGF,SOGEFI,,,,Sogefi,,制造业,汽车,汽车零部件,意大利,0.0003595612243545,MTAA,EUR,2.94,1.73,10:05 CEST26 Apr 2024,2.89,25 Apr 2024
FR0000125007,FR0000125007-XPAR,圣戈班,SGO,SGO,A,EUR,710,EPA,XPAR,Euronext Paris,france,True,R,CX,Building Materials: Other,EURONEXT:SGO,saint-gobain,stock,18861452.520000003,37854936429.0023,USD,Producer Manufacturing,Building Products,True,EURONEXT,France,EUR,1.07336,378.54936429002294,0.202451286768672,0.0005,欧洲,,,,,,,圣戈班,Saint-Gobain,,制造业,建筑业,建筑产品,法国,0.1793817909232571,"XPAR, XAMS, XBRU",EUR,74.64,6.02,10:08 CEST26 Apr 2024,70.40,25 Apr 2024
IT0001037081,IT0001037081-MTAA,Saes Getters,SGR,SGR,C,EUR,608,MIL,MTAA,Borsa Italiana S.p.A.,italy,False,CX,D15,Electrical Components,,,,,,,,,,,,,,,,,,,,,,,,,Saes Getters,,,,,,,,,,,,,
GB00BP6MXD84,GB00BP6MXD84-XAMS,壳牌 SE,SHELL,SHELL,A,EUR,200,EAM,XAMS,Euronext Amsterdam,netherlands,True,R,CX,Integrated Oil and Gas,EURONEXT:SHELL,shell,stock,29633254.714999996,231242893811.64896,USD,Energy Minerals,Integrated Oil,False,EURONEXT,United Kingdom,EUR,1.07336,2312.4289381164895,0.318071502808924,0.0001,欧洲,GB00BP6MXD84,False,LSE:SHEL,SHELL,,,,SHELL PLC,壳牌,资源,能源,石油,荷兰,0.0008557207099204,XAMS,EUR,34.085,0.13,10:09 CEST26 Apr 2024,34.04,25 Apr 2024
GG00BQZCBZ44,GG00BQZCBZ44-XBRU,SHURGARD,SHUR,SHUR,B,EUR,320,EBR,XBRU,Euronext Brussels,belgium,False,R,CX,Real Estate Holding and Development,EURONEXT:SHUR,shurgard,fund,101059.25,3869030147.9986,USD,Finance,Real Estate Development,True,EURONEXT,Luxembourg,EUR,1.07336,38.690301479986,0.0010847295658,0.0,欧洲,,,,,,,,SHURGARD,,金融,房地产,房地产开发,比利时,1.0298031241199511e-05,XBRU,EUR,37.25,0.27,09:57 CEST26 Apr 2024,37.15,25 Apr 2024
DE0007236101,DE0007236101-TNLB,Siemens AG,SIA,SIA,D,EUR,320,EBR,TNLB,Euronext Brussels,belgium,False,R,,Diversified Industrials,,,,,,,,,,,,,,,,,,,,,,,,,Siemens AG,,,,,,,,,,,,,
NL0011660485,NL0011660485-XAMS,Sif Holding,SIFG,SIFG,D,EUR,200,EAM,XAMS,Euronext Amsterdam,netherlands,False,R,,Renewable Energy Equipment,EURONEXT:SIFG,sif-holding,stock,81977.4,327027425.0775,USD,Producer Manufacturing,Building Products,True,EURONEXT,Netherlands,EUR,1.07336,3.270274250775,0.00087991262064,0.0003,欧洲,NL0011660485,True,EURONEXT:SIFG,SIF HOLDING,,,,Sif Holding,,制造业,建筑业,建筑产品,荷兰,3.170783346405943e-05,,,,,,,
FR0013183985,FR0013183985-XPAR,Gensight Biologics SA,SIGHT,SIGHT,D,EUR,710,EPA,XPAR,Euronext Paris,france,False,R,,Biotechnology,EURONEXT:SIGHT,gensight-biologics,stock,1651.032,35104222.2789,USD,Health Technology,Pharmaceuticals: Major,True,EURONEXT,France,EUR,1.07336,0.351042222789,1.77215170752e-05,0.0001,欧洲,FR0013183985,True,EURONEXT:SIGHT,GENSIGHT BIOLOGICS,,,,Gensight Biologics SA,,医药,制药,主要制药,法国,5.505272571084991e-06,XPAR,EUR,0.414,-0.96,09:44 CEST26 Apr 2024,0.418,25 Apr 2024
FR0000074122,FR0000074122-XPAR,Socit Informatique Industrielle,SII,SII,C,EUR,710,EPA,XPAR,Euronext Paris,france,False,R,CX,Computer Services,,,,,,,,,,,,,,,,,,,,,,,,,Socit Informatique Industrielle,,,,,,,,,,,,,
BE0003898187,BE0003898187-XBRU,Sipef,SIP,SIP,D,EUR,320,EBR,XBRU,Euronext Brussels,belgium,False,R,,Farming/Fishing/Ranching and Plantations,EURONEXT:SIP,sipef,stock,11685.0,632607591.0018,USD,Process Industries,Agricultural Commodities/Milling,True,EURONEXT,Belgium,EUR,1.07336,6.326075910017999,0.000125422116,0.0,欧洲,BE0003898187,True,EURONEXT:SIP,SIPEF,,,,Sipef,,制造业,化工,农产品,比利时,1.0229772742435485e-05,XBRU,EUR,57.00,0.71,09:37 CEST26 Apr 2024,56.60,25 Apr 2024
IT0005262149,IT0005262149-MTAA,SIT,SIT,SIT,D,EUR,608,MIL,MTAA,Borsa Italiana S.p.A.,italy,False,D15,,Building Materials: Other,MIL:SIT,,stock,14137.875,47074866.6782,USD,Producer Manufacturing,Industrial Machinery,True,MIL,Italy,EUR,1.07336,0.470748666782,0.0001517502951,0.0003,欧洲,IT0005262149,True,MIL:SIT,SIT,,,,SIT,,制造业,机械,机械加工设备,意大利,5.3156993417246475e-06,MTAA,EUR,1.775,0.28,09:37 CEST26 Apr 2024,1.77,25 Apr 2024
FR0000121709,FR0000121709-XPAR,SEB,SK,SK,B,EUR,710,EPA,XPAR,Euronext Paris,france,True,R,CX,Household Equipment and Products,EURONEXT:SK,s-e-b,stock,1691704.2000000002,6576753482.4428,USD,Consumer Durables,Electronics/Appliances,True,EURONEXT,France,EUR,1.07336,65.767534824428,0.01815807620112,0.0003,欧洲,FR0000121709,True,EURONEXT:SK,S.E.B.,,,,SEB,,消费,可选消费,电子电器,法国,0.0006997490674928,XPAR,EUR,112.00,0.72,10:08 CEST26 Apr 2024,111.20,25 Apr 2024
IT0003549422,IT0003549422-MTAA,Sanlorenzo,SL,SL,B,EUR,608,MIL,MTAA,Borsa Italiana S.p.A.,italy,False,CX,D15,Recreational Vehicles and Boats,MIL:SL,sanlorenzo,stock,42013.25,1526356419.4508,USD,Consumer Durables,Recreational Products,True,MIL,Italy,EUR,1.07336,15.263564194508,0.0004509534202,0.0,欧洲,IT0003549422,True,MIL:SL,SANLORENZO,,,,Sanlorenzo,,消费,可选消费,休闲产品,意大利,1.216167370642357e-06,MTAA,EUR,40.75,0.12,09:34 CEST26 Apr 2024,40.70,25 Apr 2024
AN8068571086,AN8068571086-XPAR,斯伦贝谢 SE,SLB,SLB,C,EUR,710,EPA,XPAR,Euronext Paris,france,False,R,CX,Oil Equipment and Services,EURONEXT:SLB,schlumberger,stock,25502.25,70666457314.0,USD,Industrial Services,Contract Drilling,False,EURONEXT,United States,EUR,1.07336,706.66457314,0.0002737309506,0.0,欧洲,AN8068571086,False,NYSE:SLB,Schlumberger N.V.,,,,Schlumberger,斯伦贝谢,资源,能源,合同钻井,法国,1.0913394561076723e-06,XPAR,EUR,46.05,0.44,09:56 CEST26 Apr 2024,45.85,25 Apr 2024
PTSLB0AM0010,PTSLB0AM0010-XLIS,Benfica,SLBEN,SLBEN,D,EUR,560,ELI,XLIS,Euronext Lisbon,portugal,False,R,,Recreational Services,EURONEXT:SLBEN,benfica-sad,stock,14.6,72535975.0727,USD,Consumer Services,Movies/Entertainment,True,EURONEXT,Portugal,EUR,1.07336,0.725359750727,1.5671056e-07,0.0,欧洲,PTSLB0AM0010,True,EURONEXT:SLBEN,BENFICA SAD,,,,Benfica,,消费,可选消费,电影娱乐,葡萄牙,2.319415651201004e-08,,,,,,,
NL0000817179,NL0000817179-XAMS,Sligro Food Group,SLIGR,SLIGR,C,EUR,200,EAM,XAMS,Euronext Amsterdam,netherlands,False,R,CX,Food Retailers and Wholesalers,EURONEXT:SLIGR,sligro-food-group-n-v,stock,63852.54,667461345.3396,USD,Consumer Services,Restaurants,True,EURONEXT,Netherlands,EUR,1.07336,6.674613453396,0.000685367623344,0.0001,欧洲,NL0000817179,True,EURONEXT:SLIGR,SLIGRO FOOD,,,,Sligro Food Group,,消费,可选消费,餐厅,荷兰,7.549615605940857e-05,XAMS,EUR,14.18,0.85,09:46 CEST26 Apr 2024,14.06,25 Apr 2024
BE0974323553,BE0974323553-XBRU,Smartphoto Group,SMAR,SMAR,D,EUR,320,EBR,XBRU,Euronext Brussels,belgium,False,R,,Photography,EURONEXT:SMAR,smartphoto,stock,108.4,108407003.0015,USD,Retail Trade,Specialty Stores,True,EURONEXT,Belgium,EUR,1.07336,1.084070030015,1.1635222400000002e-06,0.0,欧洲,BE0974323553,True,EURONEXT:SMAR,SMARTPHOTO,,,,Smartphoto Group,,消费,零售,专卖店,比利时,5.3146024147785345e-08,XBRU,EUR,27.10,0.37,09:42 CEST26 Apr 2024,27.00,25 Apr 2024
FR0013214145,FR0013214145-XPAR,SMCP SA,SMCP,SMCP,C,EUR,710,EPA,XPAR,Euronext Paris,france,False,R,,Clothing and Accessories,EURONEXT:SMCP,smcp,stock,30302.23,181656676.4925,USD,Retail Trade,Apparel/Footwear Retail,True,EURONEXT,France,EUR,1.07336,1.816566764925,0.000325252015928,0.0002,欧洲,FR0013214145,True,EURONEXT:SMCP,SMCP,,,,SMCP SA,,消费,零售,服装鞋类,法国,8.263583799649462e-05,XPAR,EUR,2.265,0.89,09:58 CEST26 Apr 2024,2.245,25 Apr 2024
PTSNC0AM0006,PTSNC0AM0006-XLIS,Sonaecom,SNC,SNC,D,EUR,560,ELI,XLIS,Euronext Lisbon,portugal,False,R,,Telecommunications Services,EURONEXT:SNC,sonaecom-sgps,stock,2710.0,819996130.5289,USD,Technology Services,Information Technology Services,True,EURONEXT,Portugal,EUR,1.07336,8.199961305289,2.9088056e-05,0.0,欧洲,PTSNC0AM0006,True,EURONEXT:SNC,SONAECOM,,,,Sonaecom,,科技,IT技术,信息技术,葡萄牙,0.0,,,,,,,
PTSNG0AM0007,PTSNG0AM0007-ENXL,SONAGI,SNG,SNG,D,EUR,560,ELI,ENXL,Euronext Lisbon,portugal,False,R,,Real Estate Holding and Development,EURONEXT:SNG,sonagi,stock,665.0,7508900.0,USD,Finance,Real Estate Development,True,EURONEXT,Portugal,EUR,1.07336,0.075089,7.137844e-06,0.0001,欧洲,PTSNG0AM0007,True,EURONEXT:SNG,SONAGI,,,,SONAGI,,金融,房地产,房地产开发,葡萄牙,0.0,,,,,,,
NL0010627865,NL0010627865-XAMS,SnowWorld,SNOW,SNOW,D,EUR,200,EAM,XAMS,Euronext Amsterdam,netherlands,False,R,,Biotechnology,,,,,,,,,,,,,,,,,,,,,,,,,SnowWorld,,,,,,,,,,,,,
BE0003717312,BE0003717312-XBRU,Sofina,SOF,SOF,C,EUR,320,EBR,XBRU,Euronext Brussels,belgium,True,R,,Asset Managers and Custodians,EURONEXT:SOF,sofina,stock,1151700.0,7780798820.1242,USD,Finance,Investment Managers,True,EURONEXT,Belgium,EUR,1.07336,77.807988201242,0.01236188712,0.0002,欧洲,BE0003717312,True,EURONEXT:SOF,SOFINA,,,,Sofina,,金融,资产管理,投资经理,比利时,0.0035149717266998,XBRU,EUR,219.40,1.95,10:05 CEST26 Apr 2024,215.20,25 Apr 2024
BE0003773877,BE0003773877-ALXB,Softimat,SOFT,SOFT,D,EUR,320,EBR,ALXB,Euronext Brussels,belgium,False,R,,Computer Services,EURONEXT:SOFT,softimat,stock,5916.0,4859649.5919,USD,Finance,Real Estate Development,True,EURONEXT,Belgium,EUR,1.07336,0.048596495919,6.34999776e-05,0.0013,欧洲,BE0003773877,True,EURONEXT:SOFT,SOFTIMAT,,,,Softimat,,金融,房地产,房地产开发,比利时,0.0003408206500309,,,,,,,
FR0013227113,FR0013227113-XPAR,Soitec SA,SOI,SOI,B,EUR,710,EPA,XPAR,Euronext Paris,france,True,R,,Semiconductors,EURONEXT:SOI,soitec,stock,839551.7999999999,3391812109.0418,USD,Electronic Technology,Semiconductors,True,EURONEXT,France,EUR,1.07336,33.918121090418,0.00901141320048,0.0003,欧洲,FR0013227113,True,EURONEXT:SOI,SOITEC,SOI,Semiconductors,,Soitec SA,,科技,电子,半导体,法国,0.0020887187362516,XPAR,EUR,90.55,2.26,10:07 CEST26 Apr 2024,88.55,25 Apr 2024
IT0001206769,IT0001206769-MTAA,SOL,SOL,SOL,B,EUR,608,MIL,MTAA,Borsa Italiana S.p.A.,italy,False,CX,D15,Specialty Chemicals,MIL:SOL,sol,stock,3070.5,3371233323.8991,USD,Process Industries,Chemicals: Specialty,True,MIL,Italy,EUR,1.07336,33.712333238991,3.29575188e-05,0.0,欧洲,IT0001206769,True,MIL:SOL,SOL,,,,SOL,,制造业,化工,特殊化学品,意大利,7.577741377693685e-07,MTAA,EUR,34.70,0.14,10:07 CEST26 Apr 2024,34.65,25 Apr 2024
BE0003470755,BE0003470755-XBRU,索尔维集团,SOLB,SOLB,A,EUR,320,EBR,XBRU,Euronext Brussels,belgium,True,R,CX,Chemicals: Diversified,EURONEXT:SOLB,solvay,stock,780963.04,3292072605.7109,USD,Process Industries,Chemicals: Specialty,True,EURONEXT,Belgium,EUR,1.07336,32.920726057109,0.008382544886144,0.0003,欧洲,BE0003470755,True,EURONEXT:SOLB,SOLVAY,,,索尔维集团,Solvay,,制造业,化工,特殊化学品,比利时,0.0013466984109116,"XBRU, XPAR",EUR,30.31,1.88,10:08 CEST26 Apr 2024,29.75,25 Apr 2024
IT0005329815,IT0005329815-MTAA,Somec,SOM,SOM,D,EUR,608,MIL,MTAA,Borsa Italiana S.p.A.,italy,False,D15,,Building Materials: Other,MIL:SOM,,stock,8784.0,105103146.0,USD,Consumer Durables,Home Furnishings,True,MIL,Italy,EUR,1.07336,1.05103146,9.428394240000002e-05,0.0001,欧洲,IT0005329815,True,MIL:SOM,SOMEC,,,,Somec,,消费,可选消费,家居摆设,意大利,4.127090222616008e-05,MTAA,EUR,14.40,1.41,09:49 CEST26 Apr 2024,14.20,25 Apr 2024
PTSON0AM0001,PTSON0AM0001-XLIS,Sonae,SON,SON,B,EUR,560,ELI,XLIS,Euronext Lisbon,portugal,False,R,CX,Food Retailers and Wholesalers,EURONEXT:SON,sonae,stock,594905.024,2012385250.4169,USD,Technology Services,Information Technology Services,True,EURONEXT,Portugal,EUR,1.07336,20.123852504169,0.0063854725656064,0.0003,欧洲,PTSON0AM0001,True,EURONEXT:SON,SONAE,,,,Sonae,,科技,IT技术,信息技术,葡萄牙,0.0003247489397143,,,,,,,
FR0000050809,FR0000050809-XPAR,Sopra Steria Group,SOP,SOP,B,EUR,710,EPA,XPAR,Euronext Paris,france,True,R,CX,Computer Services,EURONEXT:SOP,sopra-steria-group,stock,1605900.0,4651373307.1035,USD,Technology Services,Information Technology Services,True,EURONEXT,France,EUR,1.07336,46.513733071035006,0.01723708824,0.0004,欧洲,FR0000050809,True,EURONEXT:SOP,SOPRA STERIA,,,,Sopra Steria Group,,科技,IT技术,信息技术,法国,0.0011600318655703,XPAR,EUR,211.40,-1.12,10:09 CEST26 Apr 2024,213.80,25 Apr 2024
BE0003798155,BE0003798155-XBRU,Spadel,SPA,SPA,D,EUR,320,EBR,XBRU,Euronext Brussels,belgium,False,R,,Soft Drinks,EURONEXT:SPA,spadel,stock,1280.0,712332887.2905,USD,Consumer Non-Durables,Beverages: Non-Alcoholic,True,EURONEXT,Belgium,EUR,1.07336,7.123328872905001,1.3739008000000002e-05,0.0,欧洲,BE0003798155,True,EURONEXT:SPA,SPADEL,,,,Spadel,,消费,食品饮料,饮料,比利时,0.0,,,,,,,
FR0000053944,FR0000053944-XPAR,Foncire Volta,SPEL,SPEL,D,EUR,710,EPA,XPAR,Euronext Paris,france,False,R,,Real Estate Holding and Development,,,,,,,,,,,,,,,,,,,,,,,,,Foncire Volta,,,,,,,,,,,,,
FR0012757854,FR0012757854-XPAR,Spie,SPIE,SPIE,B,EUR,710,EPA,XPAR,Euronext Paris,france,True,R,CX,Engineering and Contracting Services,EURONEXT:SPIE,spie,stock,308444.8,6123213719.117,USD,Industrial Services,Engineering & Construction,True,EURONEXT,France,EUR,1.07336,61.23213719117,0.00331072310528,0.0001,欧洲,FR0012757854,True,EURONEXT:SPIE,SPIE,,,,Spie,,制造业,建筑业,建筑工程,法国,2.2147276601078996e-05,XPAR,EUR,33.98,-0.64,10:07 CEST26 Apr 2024,34.20,25 Apr 2024
IT0005495657,IT0005495657-MTAA,SAIPEM,SPM,SPM,D,EUR,608,MIL,MTAA,Borsa Italiana S.p.A.,italy,False,D15,,Oil Equipment and Services,MIL:SPM,saipem,stock,11755488.25,4547535808.7252,USD,Industrial Services,Engineering & Construction,True,MIL,Italy,EUR,1.07336,45.475358087252,0.1261787086802,0.0028,欧洲,IT0005495657,True,MIL:SPM,SAIPEM,,,,SAIPEM,,制造业,建筑业,建筑工程,意大利,0.0339121515451418,MTAA,EUR,2.187,2.05,10:09 CEST26 Apr 2024,2.143,25 Apr 2024
NL0015000NM7,NL0015000NM7-XAMS,SPR1 ORD SHARES,SPR1,SPR1,D,EUR,200,EAM,XAMS,Euronext Amsterdam,netherlands,False,R,,Open End and Miscellaneous Investment Vehicles,,,,,,,,,,,,,,,,,,,,,,,,,SPR1 ORD SHARES,,,,,,,,,,,,,
FR0011289040,FR0011289040-XPAR,Sqli SA,SQI,SQI,D,EUR,710,EPA,XPAR,Euronext Paris,france,False,R,,Consumer Digital Services,EURONEXT:SQI,sqli,stock,8306.99961,210623952.0358,USD,Technology Services,Information Technology Services,True,EURONEXT,France,EUR,1.07336,2.106239520358,8.916401101389601e-05,0.0,欧洲,FR0011289040,True,EURONEXT:SQI,SQLI,,,,Sqli SA,,科技,IT技术,信息技术,法国,4.999321651629196e-06,,,,,,,
IT0003153415,IT0003153415-MTAA,SNAM,SRG,SRG,A,EUR,608,MIL,MTAA,Borsa Italiana S.p.A.,italy,False,CX,D15,Pipelines,MIL:SRG,snam,stock,2231983.68,15363222649.9904,USD,Utilities,Gas Distributors,True,MIL,Italy,EUR,1.07336,153.632226499904,0.023957220027648,0.0002,欧洲,IT0003153415,True,MIL:SRG,SNAM,,,,SNAM,,公用事业,燃气,燃气,意大利,0.000252007720165,MTAA,EUR,4.291,0.42,10:08 CEST26 Apr 2024,4.273,25 Apr 2024
IT0003814537,IT0003814537-MTAA,Servizi Italia,SRI,SRI,D,EUR,608,MIL,MTAA,Borsa Italiana S.p.A.,italy,False,D15,,Professional Business Support Services,MIL:SRI,servizi-italia-spa,stock,3358.0,58879004.4381,USD,Commercial Services,Miscellaneous Commercial Services,True,MIL,Italy,EUR,1.07336,0.588790044381,3.60434288e-05,0.0001,欧洲,IT0003814537,True,MIL:SRI,SERVIZI ITALIA,,,,Servizi Italia,,消费,商业服务,综合商业,意大利,1.11964102969444e-06,MTAA,EUR,1.835,0,10:07 CEST26 Apr 2024,1.835,25 Apr 2024
FR0013006558,FR0013006558-XPAR,SRP Groupe SA,SRP,SRP,D,EUR,710,EPA,XPAR,Euronext Paris,france,False,R,,Apparel Retailers,EURONEXT:SRP,showroomprive,stock,1768.68,128127120.7571,USD,Retail Trade,Internet Retail,True,EURONEXT,France,EUR,1.07336,1.281271207571,1.8984303648000004e-05,0.0,欧洲,FR0013006558,True,EURONEXT:SRP,SHOWROOMPRIVE,,,,SRP Groupe SA,,科技,IT技术,网络零售,法国,8.57172312315221e-06,XPAR,EUR,1.005,0,10:05 CEST26 Apr 2024,1.005,25 Apr 2024
IT0000433307,IT0000433307-MTAA,萨拉斯石油,SRS,SRS,C,EUR,608,MIL,MTAA,Borsa Italiana S.p.A.,italy,False,CX,D15,Oil Refining and Marketing,MIL:SRS,saras,stock,221293.436,1788137481.6854,USD,Energy Minerals,Oil Refining/Marketing,True,MIL,Italy,EUR,1.07336,17.881374816854,0.0023752752246496,0.0001,欧洲,IT0000433307,True,MIL:SRS,SARAS,,,萨拉斯石油,Saras,,资源,能源,炼油,意大利,6.80412950292529e-05,MTAA,EUR,1.7765,0.37,10:04 CEST26 Apr 2024,1.77,25 Apr 2024
IT0003621783,IT0003621783-MTAA,SS Lazio,SSL,SSL,D,EUR,608,MIL,MTAA,Borsa Italiana S.p.A.,italy,False,D15,,Recreational Services,MIL:SSL,crypto/XTVCLAZIO,stock,113.56,47231295.3011,USD,Consumer Services,Movies/Entertainment,True,MIL,Italy,EUR,1.07336,0.472312953011,1.2189076160000002e-06,0.0,欧洲,IT0003621783,True,MIL:SSL,S.S. LAZIO,,,,SS Lazio,,消费,可选消费,电影娱乐,意大利,1.850494557944308e-06,MTAA,EUR,0.668,2.77,09:39 CEST26 Apr 2024,0.65,25 Apr 2024
FR0000064271,FR0000064271-XPAR,STEF S.A.,STF,STF,D,EUR,710,EPA,XPAR,Euronext Paris,france,False,R,,Trucking,EURONEXT:STF,stef,stock,50672.8,1757472899.7496,USD,Transportation,Trucking,True,EURONEXT,France,EUR,1.07336,17.574728997496,0.00054390156608,0.0,欧洲,FR0000064271,True,EURONEXT:STF,STEF,,,,STEF S.A.,,制造业,运输,卡车运输,法国,0.0002565817396716,XPAR,EUR,131.00,-2.24,09:54 CEST26 Apr 2024,134.00,25 Apr 2024
NL00150001Q9,NL00150001Q9-MTAA,Stellantis,STLAM,STLAM,A,EUR,608,MIL,MTAA,Borsa Italiana S.p.A.,italy,False,D15,,Automobiles,MIL:STLAM,stellantis,stock,27128512.7,74053350298.5284,USD,Consumer Durables,Motor Vehicles,True,MIL,Netherlands,EUR,1.07336,740.5335029852839,0.29118660391672,0.0004,欧洲,NL00150001Q9,True,MIL:STLAM,STELLANTIS,,,Stellantis,Stellantis,Stellantis,制造业,汽车,汽车整车,意大利,0.0204341857851243,MTAA,EUR,23.145,1.11,10:08 CEST26 Apr 2024,22.89,25 Apr 2024
NL00150001Q9,NL00150001Q9-XPAR,Stellantis SE,STLAP,STLAP,A,EUR,710,EPA,XPAR,Euronext Paris,france,False,R,CX,Automobiles,EURONEXT:STLAP,stellantis,stock,7824931.235,74053350298.5284,USD,Consumer Durables,Motor Vehicles,True,EURONEXT,Netherlands,EUR,1.07336,740.5335029852839,0.083989681903996,0.0001,欧洲,NL00150001Q9,True,EURONEXT:STLAP,STELLANTIS NV,,,,Stellantis,Stellantis,制造业,汽车,汽车整车,法国,0.0055265561223296,XPAR,EUR,23.14,1.03,10:08 CEST26 Apr 2024,22.905,25 Apr 2024
NL0000226223,NL0000226223-MTAA,意法半导体 SE,STMMI,STMMI,A,EUR,608,MIL,MTAA,Borsa Italiana S.p.A.,italy,False,CX,D15,Semiconductors,MIL:STMMI,stmicroelectronics,stock,20840239.5,38159799581.8653,USD,Electronic Technology,Semiconductors,False,MIL,Netherlands,EUR,1.07336,381.59799581865303,0.2236907946972,0.0006,欧洲,NL0000226223,False,EURONEXT:STMPA,STMICROELECTRONICS,,,,STMicroelectronics,意法半导体,科技,电子,半导体,意大利,0.0017746343036418,MTAA,EUR,39.675,0.14,10:09 CEST26 Apr 2024,39.62,25 Apr 2024
NL0000226223,NL0000226223-XPAR,意法半导体,STM,STMPA,A,EUR,710,EPA,XPAR,Euronext Paris,france,True,R,,Semiconductors,EURONEXT:STMPA,stmicroelectronics,stock,5835325.600000001,38159799581.8653,USD,Electronic Technology,Semiconductors,True,EURONEXT,Netherlands,EUR,1.07336,381.59799581865303,0.06263405086016,0.0002,欧洲,NL0000226223,True,EURONEXT:STMPA,STMICROELECTRONICS,,,意法半导体,STMicroelectronics,意法半导体,科技,电子,半导体,法国,0.0006552939659623,XPAR,EUR,39.685,0.06,10:09 CEST26 Apr 2024,39.66,25 Apr 2024
FR0000121972,FR0000121972-XPAR,施耐德电气,SU,SU,A,EUR,710,EPA,XPAR,Euronext Paris,france,True,R,CX,Electrical Components,EURONEXT:SU,schneider,stock,7996806.850000001,127184991163.429,USD,Producer Manufacturing,Electrical Products,True,EURONEXT,France,EUR,1.07336,1271.84991163429,0.08583452600516,0.0001,欧洲,FR0000121972,True,EURONEXT:SU,Schneider Electric,,,施耐德电气,Schneider Electric,施耐德电气,制造业,机械,电力设备,法国,0.0047022247084142,XPAR,EUR,214.00,1.23,10:09 CEST26 Apr 2024,211.40,25 Apr 2024
FR0000121220,FR0000121220-XPAR,索迪斯,SW,SW,A,EUR,710,EPA,XPAR,Euronext Paris,france,True,R,,Restaurants and Bars,EURONEXT:SW,sodexo,stock,1203523.2,12396951963.242,USD,Consumer Services,Restaurants,True,EURONEXT,France,EUR,1.07336,123.96951963242,0.01291813661952,0.0001,欧洲,FR0000121220,True,EURONEXT:SW,SODEXO,,,索迪斯,Sodexo,,消费,可选消费,餐厅,法国,0.0003050913758969,XPAR,EUR,78.35,-0.82,10:07 CEST26 Apr 2024,79.00,25 Apr 2024
FR0004180578,FR0004180578-XPAR,Sword Group,SWP,SWP,D,EUR,710,EPA,XPAR,Euronext Paris,france,False,R,,Computer Services,EURONEXT:SWP,sword,stock,75639.2,370476100.2039,USD,Technology Services,Information Technology Services,True,EURONEXT,Luxembourg,EUR,1.07336,3.704761002039,0.00081188091712,0.0002,欧洲,FR0004180578,True,EURONEXT:SWP,SWORD,,,,Sword Group,,科技,IT技术,信息技术,法国,5.1019694239249286e-05,XPAR,EUR,36.20,0,09:58 CEST26 Apr 2024,36.20,25 Apr 2024
IT0005001554,IT0005001554-MTAA,Triboo,TB,TB,D,EUR,608,MIL,MTAA,Borsa Italiana S.p.A.,italy,False,D15,,Media Agencies,MIL:TB,,stock,546.934,23972220.1031,USD,Technology Services,Information Technology Services,True,MIL,Italy,EUR,1.07336,0.2397222010309999,5.8705707824e-06,0.0,欧洲,IT0005001554,True,MIL:TB,TRIBOO,,,,Triboo,,科技,IT技术,信息技术,意大利,6.77019959875825e-07,,,,,,,
VGG885761061,VGG885761061-XAMS,Thunderbird Resorts,TBIRD,TBIRD,D,USD,200,EAM,XAMS,Euronext Amsterdam,netherlands,False,R,,Casinos and Gambling,,,,,,,,,,,,,,,,,,,,,,,,,Thunderbird Resorts,,,,,,,XAMS,USD,0.0685,3.79,09:33 CEST26 Apr 2024,0.066,25 Apr 2024
FR001400I939,FR001400I939-XPAR,TECHNICOLOR CS,TCHCS,TCHCS,D,EUR,710,EPA,XPAR,Euronext Paris,france,False,,,,,,,,,,,,,,,,,,,,,,,,,,,,TECHNICOLOR CS,,,,,,,,,,,,,
PTTD10AM0000,PTTD10AM0000-XLIS,Teixeira Duarte,TDSA,TDSA,D,EUR,560,ELI,XLIS,Euronext Lisbon,portugal,False,R,,Construction,EURONEXT:TDSA,teixeira-duarte-sa,stock,2033.0,47531335.9273,USD,Industrial Services,Engineering & Construction,True,EURONEXT,Portugal,EUR,1.07336,0.475313359273,2.18214088e-05,0.0,欧洲,PTTD10AM0000,True,EURONEXT:TDSA,TEIXEIRA DUARTE,,,,Teixeira Duarte,,制造业,建筑业,建筑工程,葡萄牙,1.199468349078418e-05,,,,,,,
NL0014559478,NL0014559478-XPAR,Technip Energies,TE,TE,B,EUR,710,EPA,XPAR,Euronext Paris,france,False,R,CX,Oil Equipment and Services,EURONEXT:TE,technip-energies-n-v,stock,394234.4,4335318427.3468,USD,Industrial Services,Engineering & Construction,True,EURONEXT,France,EUR,1.07336,43.353184273468,0.00423155435584,0.0001,欧洲,NL0014559478,True,EURONEXT:TE,TECHNIP ENERGIES N.V.,,,,Technip Energies,,制造业,建筑业,建筑工程,法国,0.0001332411360056,XPAR,EUR,22.64,0.71,10:08 CEST26 Apr 2024,22.48,25 Apr 2024
LU0156801721,LU0156801721-MTAA,泰纳瑞斯钢铁 SE,TEN,TEN,B,EUR,608,MIL,MTAA,Borsa Italiana S.p.A.,italy,False,CX,D15,Oil Equipment and Services,MIL:TEN,tenaris,stock,12064441.4,21971379367.0074,USD,Non-Energy Minerals,Steel,True,MIL,Luxembourg,EUR,1.07336,219.713793670074,0.12949488821104,0.0006,欧洲,LU0156801721,True,MIL:TEN,TENARIS,,,,Tenaris SA,泰纳瑞斯钢铁,资源,矿产,钢,意大利,0.0034878599325949,,,,,,,
FR0000051807,FR0000051807-XPAR,Teleperformance,RCF,TEP,B,EUR,710,EPA,XPAR,Euronext Paris,france,True,R,,Professional Business Support Services,EURONEXT:TEP,teleperformance,stock,1930917.76,5959865319.8389,USD,Commercial Services,Miscellaneous Commercial Services,True,EURONEXT,France,EUR,1.07336,59.598653198388995,0.020725698868736,0.0003,欧洲,FR0000051807,True,EURONEXT:TEP,TELEPERFORMANCE,,,,Teleperformance,,消费,商业服务,综合商业,法国,0.0068076888811051,XPAR,EUR,89.74,2.47,10:08 CEST26 Apr 2024,87.58,25 Apr 2024
IT0004585243,IT0004585243-MTAA,Tesmec,TES,TES,D,EUR,608,MIL,MTAA,Borsa Italiana S.p.A.,italy,False,D15,,Machinery: Industrial,MIL:TES,tesmec-spa,stock,16788.4235,60095618.9428,USD,Producer Manufacturing,Trucks/Construction/Farm Machinery,True,MIL,Italy,EUR,1.07336,0.600956189428,0.0001802002224796,0.0003,欧洲,IT0004585243,True,MIL:TES,TESMEC,,,,Tesmec,,制造业,机械,工程机械,意大利,3.591645087003768e-06,MTAA,EUR,0.0929,-0.21,09:43 CEST26 Apr 2024,0.0931,25 Apr 2024
BE0003555639,BE0003555639-XBRU,Tessenderlo Group,TESB,TESB,C,EUR,320,EBR,XBRU,Euronext Brussels,belgium,False,R,CX,Chemicals: Diversified,EURONEXT:TESB,tessenderlo,stock,23413.5,2165040176.9335,USD,Process Industries,Chemicals: Agricultural,True,EURONEXT,Belgium,EUR,1.07336,21.650401769335,0.0002513111436,0.0,欧洲,BE0003555639,True,EURONEXT:TESB,TESSENDERLO,,,,Tessenderlo Group,,制造业,化工,农用化学品,比利时,0.0,XBRU,EUR,23.65,0,09:00 CEST26 Apr 2024,23.65,25 Apr 2024
BE0974263924,BE0974263924-XBRU,Texaf SA,TEXF,TEXF,D,EUR,320,EBR,XBRU,Euronext Brussels,belgium,False,R,,Real Estate Holding and Development,EURONEXT:TEXF,texaf,stock,2280.0,150244976.1699,USD,Finance,Real Estate Development,True,EURONEXT,Belgium,EUR,1.07336,1.502449761699,2.4472608e-05,0.0,欧洲,BE0974263924,True,LSE:0Q5Q,TEXAF NPV,,,,Texaf SA,,金融,房地产,房地产开发,比利时,1.8623181603528423e-06,XBRU,EUR,38.00,-0.52,09:27 CEST26 Apr 2024,38.20,25 Apr 2024
BE0974263924,BE0974263924-XBRU,Texaf SA,TEXF,TEXF,D,EUR,320,EBR,XBRU,Euronext Brussels,belgium,False,R,,Real Estate Holding and Development,EURONEXT:TEXF,texaf,stock,2280.0,150244976.1699,USD,Finance,Real Estate Development,True,EURONEXT,Belgium,EUR,1.07336,1.502449761699,2.4472608e-05,0.0,欧洲,BE0974263924,True,EURONEXT:TEXF,TEXAF,,,,Texaf SA,,金融,房地产,房地产开发,比利时,1.8623181603528423e-06,XBRU,EUR,38.00,-0.52,09:27 CEST26 Apr 2024,38.20,25 Apr 2024
ES0178430E18,ES0178430E18-TNLB,Telefonica SA,TFA,TFA,D,EUR,320,EBR,TNLB,Euronext Brussels,belgium,False,R,,Telecommunications Services,,,,,,,,,,,,,,,,,,,,,,,,,Telefonica SA,,,,,,,,,,,,,
FR0013295789,FR0013295789-XPAR,Tonnellerie Francois Freres SA,TFF,TFF,D,EUR,710,EPA,XPAR,Euronext Paris,france,False,R,,Containers and Packaging,EURONEXT:TFF,tff,stock,12628.3,990327518.2507,USD,Process Industries,Containers/Packaging,True,EURONEXT,France,EUR,1.07336,9.903275182507,0.00013554712088,0.0,欧洲,FR0013295789,True,EURONEXT:TFF,TFF,,,,Tonnellerie Francois Freres SA,,制造业,化工,包装,法国,2.2511256440907793e-05,XPAR,EUR,43.10,1.17,09:55 CEST26 Apr 2024,42.60,25 Apr 2024
GG00B1RMC548,GG00B1RMC548-XAMS,Tetragon Financial Group,TFG,TFG,D,USD,200,EAM,XAMS,Euronext Amsterdam,netherlands,False,R,,Closed End Investments,,,,,,,,,,,,,,,,,,,,,,,,,Tetragon Financial Group,,,,,,,XAMS,USD,9.62,0.21,09:00 CEST26 Apr 2024,9.60,25 Apr 2024
FR0000054900,FR0000054900-XPAR,TELEVISION FSE 1 S.A. (TF1),TFI,TFI,B,EUR,710,EPA,XPAR,Euronext Paris,france,True,R,CX,Radio and TV Broadcasters,EURONEXT:TFI,tf1,stock,204224.4,1916168585.0655,USD,Consumer Services,Broadcasting,True,EURONEXT,France,EUR,1.07336,19.161685850655,0.00219206301984,0.0001,欧洲,FR0000054900,True,EURONEXT:TFI,TF1,,,,TELEVISION FSE 1 S.A. (TF1),,消费,可选消费,广播,法国,9.829476052294852e-05,XPAR,EUR,8.51,0.47,10:07 CEST26 Apr 2024,8.47,25 Apr 2024
IT0005422768,IT0005422768-MTAA,Trevi Finanziaria Industriale,TFIN,TFIN,D,EUR,608,MIL,MTAA,Borsa Italiana S.p.A.,italy,False,D15,,Engineering and Contracting Services,MIL:TFIN,trevi-finanziaria-industrial,stock,45857.8835,109668519.6555,USD,Industrial Services,Engineering & Construction,True,MIL,Italy,EUR,1.07336,1.096685196555,0.0004922201783356,0.0004,欧洲,IT0005422768,True,MIL:TFIN,TREVI FIN IND,,,,Trevi Finanziaria Industriale,,制造业,建筑业,建筑工程,意大利,0.0005887921504071,MTAA,EUR,0.3395,3.66,10:08 CEST26 Apr 2024,0.3275,25 Apr 2024
IT0005162406,IT0005162406-MTAA,Technogym,TGYM,TGYM,B,EUR,608,MIL,MTAA,Borsa Italiana S.p.A.,italy,False,CX,D15,Recreational Products,MIL:TGYM,technogym,stock,80427.02,1900483316.7991,USD,Consumer Durables,Recreational Products,True,MIL,Italy,EUR,1.07336,19.004833167991,0.000863271461872,0.0,欧洲,IT0005162406,True,MIL:TGYM,TECHNOGYM,,,,Technogym,,消费,可选消费,休闲产品,意大利,8.865016710769182e-05,MTAA,EUR,8.91,1.25,10:08 CEST26 Apr 2024,8.80,25 Apr 2024
FR0013333432,FR0013333432-XPAR,Thermador Groupe SA,THEP,THEP,D,EUR,710,EPA,XPAR,Euronext Paris,france,False,R,,Industrial Suppliers,EURONEXT:THEP,thermador-groupe,stock,39878.4,789322551.8582,USD,Distribution Services,Wholesale Distributors,True,EURONEXT,France,EUR,1.07336,7.893225518582,0.00042803879424,0.0001,欧洲,FR0013333432,True,EURONEXT:THEP,THERMADOR,,,,Thermador Groupe SA,,消费,经销商,批发经销商,法国,1.8095074972412093e-05,XPAR,EUR,80.40,0.5,09:27 CEST26 Apr 2024,80.00,25 Apr 2024
NL0010389508,NL0010389508-XAMS,TIE Kinetix,TIE,TIE,D,EUR,200,EAM,XAMS,Euronext Amsterdam,netherlands,False,R,,Consumer Digital Services,,,,,,,,,,,,,,,,,,,,,,,,,TIE Kinetix,,,,,,,XAMS,EUR,1.42,0.71,10:01 CEST26 Apr 2024,1.41,25 Apr 2024
BE0974282148,BE0974282148-XBRU,Tinc Comm VA,TINC,TINC,D,EUR,320,EBR,XBRU,Euronext Brussels,belgium,False,R,,Asset Managers and Custodians,EURONEXT:TINC,tinc-comm-va,stock,89312.28,471207846.744,USD,Finance,Investment Managers,True,EURONEXT,Belgium,EUR,1.07336,4.7120784674400005,0.000958642288608,0.0002,欧洲,BE0974282148,True,EURONEXT:TINC,TINC COMM VA,,,,Tinc Comm VA,,金融,资产管理,投资经理,比利时,2.2640691105332335e-05,XBRU,EUR,12.12,0.33,09:59 CEST26 Apr 2024,12.08,25 Apr 2024
IT0003153621,IT0003153621-MTAA,Tamburi Investment Partners,TIP,TIP,B,EUR,608,MIL,MTAA,Borsa Italiana S.p.A.,italy,False,CX,D15,Investment Services,MIL:TIP,tamburi,stock,158903.55000000002,1612807171.4399,USD,Finance,Financial Conglomerates,True,MIL,Italy,EUR,1.07336,16.128071714399,0.00170560714428,0.0001,欧洲,IT0003153621,True,MIL:TIP,TAMBURI,,,,Tamburi Investment Partners,,金融,资产管理,金融集团,意大利,0.0001297008857415,MTAA,EUR,8.98,0.9,10:08 CEST26 Apr 2024,8.90,25 Apr 2024
FR0000066482,FR0000066482-XPAR,Tipiak,TIPI,TIPI,D,EUR,710,EPA,XPAR,Euronext Paris,france,False,R,,Food Products,EURONEXT:TIPI,tipiak,stock,259.5,81815284.8975,USD,Consumer Non-Durables,Food: Specialty/Candy,True,EURONEXT,France,EUR,1.07336,0.818152848975,2.7853692e-06,0.0,欧洲,FR0000066482,True,EURONEXT:TIPI,TIPIAK,,,,Tipiak,,消费,食品饮料,零食,法国,0.0,,,,,,,
IT0005439085,IT0005439085-MTAA,THE ITALIAN SEA GROUP,TISG,TISG,C,EUR,608,MIL,MTAA,Borsa Italiana S.p.A.,italy,False,CX,D15,Recreational Vehicles and Boats,MIL:TISG,,stock,26611.48,531007962.5816,USD,Consumer Durables,Recreational Products,True,MIL,Italy,EUR,1.07336,5.310079625816,0.000285636981728,0.0001,欧洲,IT0005439085,True,MIL:TISG,THE ITALIAN SEA,,,,THE ITALIAN SEA GROUP,,消费,可选消费,休闲产品,意大利,2.7071779872766767e-05,MTAA,EUR,9.43,0.96,10:06 CEST26 Apr 2024,9.34,25 Apr 2024
IT0003497168,IT0003497168-MTAA,意大利电信,TIT,TIT,C,EUR,608,MIL,MTAA,Borsa Italiana S.p.A.,italy,False,CX,D15,Telecommunications Services,MIL:TIT,telecom-italia,stock,5079444.042,5128298179.2957,USD,Communications,Wireless Telecommunications,True,MIL,Italy,EUR,1.07336,51.282981792957,0.0545207205692112,0.0011,欧洲,IT0003497168,True,MIL:TIT,Telecom Italia,,,意大利电信,Telecom Italia,,科技,通信,电信运营,意大利,0.0001343290761934,MTAA,EUR,0.2232,0.36,10:08 CEST26 Apr 2024,0.2224,25 Apr 2024
BE0974338700,BE0974338700-XBRU,Titan Cement International SA,TITC,TITC,C,EUR,320,EBR,XBRU,Euronext Brussels,belgium,False,R,CX,Cement,EURONEXT:TITC,titan-cement,stock,17967.0,2317411193.0138,USD,Non-Energy Minerals,Construction Materials,True,EURONEXT,Belgium,EUR,1.07336,23.174111930138,0.0001928505912,0.0,欧洲,BE0974338700,True,EURONEXT:TITC,TITAN CEMENT,,,,Titan Cement International SA,,制造业,建筑业,建筑材料,比利时,1.1412414035733307e-05,"XBRU, XPAR",EUR,28.30,0.89,10:08 CEST26 Apr 2024,28.05,25 Apr 2024
IT0003497176,IT0003497176-MTAA,意大利电信-R,TITR,TITR,B,EUR,608,MIL,MTAA,Borsa Italiana S.p.A.,italy,False,CX,D15,Telecommunications Services,MIL:TITR,telecom-italia,stock,348734.42250000004,5128298179.2957,USD,Communications,Wireless Telecommunications,False,MIL,Italy,EUR,1.07336,51.282981792957,0.003743175797346,0.0001,欧洲,IT0003497176,False,MIL:TIT,Telecom Italia,,,意大利电信-R,TELECOM ITALIA R,,科技,通信,电信运营,意大利,9.308933643404336e-05,MTAA,EUR,0.2329,0.65,10:08 CEST26 Apr 2024,0.2314,25 Apr 2024
IT0003497168,IT0003497168-TNLB,Telecom Italia,TIT,TITT,D,EUR,320,EBR,TNLB,Euronext Brussels,belgium,False,R,,Telecommunications Services,,,,,,,,,,,,,,,,,,,,,,,,,Telecom Italia,,,,,,,,,,,,,
FR0013230612,FR0013230612-XPAR,Tikehau Capital SCA,TKO,TKO,D,EUR,710,EPA,XPAR,Euronext Paris,france,False,R,,Asset Managers and Custodians,EURONEXT:TKO,tikehau-capital,stock,85400.0,3900712265.2642,USD,Finance,Investment Managers,True,EURONEXT,France,EUR,1.07336,39.007122652642,0.00091664944,0.0,欧洲,FR0013230612,True,EURONEXT:TKO,TIKEHAU CAPITAL,,,,Tikehau Capital SCA,,金融,资产管理,投资经理,法国,0.0002357097495111,XPAR,EUR,21.40,2.15,10:00 CEST26 Apr 2024,20.95,25 Apr 2024
FR0004188670,FR0004188670-XPAR,Tarkett SA,TKTT,TKTT,D,EUR,710,EPA,XPAR,Euronext Paris,france,False,R,,Building Materials: Other,EURONEXT:TKTT,tarkett,stock,2649.1,650367384.9065,USD,Non-Energy Minerals,Forest Products,True,EURONEXT,France,EUR,1.07336,6.503673849065,2.8434379760000003e-05,0.0,欧洲,FR0004188670,True,EURONEXT:TKTT,TARKETT,,,,Tarkett SA,,资源,矿产,林业,法国,2.724289198235043e-05,XPAR,EUR,8.98,-3.44,09:33 CEST26 Apr 2024,9.30,25 Apr 2024
NL0012015705,NL0012015705-XAMS,Just Eat Takeaway.com,TKWY,TKWY,C,EUR,200,EAM,XAMS,Euronext Amsterdam,netherlands,True,R,,Consumer Digital Services,EURONEXT:TKWY,just-eat-takeaway,stock,2425709.55,3305765992.3651,USD,Transportation,Internet Retail,True,EURONEXT,Netherlands,EUR,1.07336,33.057659923651,0.02603659602588,0.0008,欧洲,NL0012015705,True,EURONEXT:TKWY,JUST EAT TAKEAWAY.COM N.V.,TKWY,Internet Retail,,Just Eat Takeaway.com,,科技,IT技术,网络零售,荷兰,0.0037395297346677,XAMS,EUR,14.095,0.61,10:08 CEST26 Apr 2024,14.01,25 Apr 2024
BE0003826436,BE0003826436-XBRU,Telenet Group Holding,TNET,TNET,C,EUR,320,EBR,XBRU,Euronext Brussels,belgium,False,R,CX,Telecommunications Services,,,,,,,,,,,,,,,,,,,,,,,,,Telenet Group Holding,,,,,,,,,,,,,
FR0005175080,FR0005175080-XPAR,Transgene,TNG,TNG,D,EUR,710,EPA,XPAR,Euronext Paris,france,False,R,,Biotechnology,EURONEXT:TNG,transgene,stock,634.172,138208717.92970002,USD,Health Technology,Biotechnology,True,EURONEXT,France,EUR,1.07336,1.3820871792970002,6.8069485792000016e-06,0.0,欧洲,FR0005175080,True,EURONEXT:TNG,TRANSGENE,,,,Transgene,,医药,医疗,生物技术,法国,2.1256423755173673e-07,XPAR,EUR,1.276,-0.31,09:40 CEST26 Apr 2024,1.28,25 Apr 2024
IT0005037210,IT0005037210-MTAA,Tinexta,TNXT,TNXT,C,EUR,608,MIL,MTAA,Borsa Italiana S.p.A.,italy,False,D15,,Investment Services,MIL:TNXT,tinexta,stock,15931.02,856424644.9385,USD,Technology Services,Packaged Software,True,MIL,Italy,EUR,1.07336,8.564246449385001,0.000170997196272,0.0,欧洲,IT0005037210,True,MIL:TNXT,TINEXTA,,,,Tinexta,,科技,IT技术,软件开发,意大利,1.0680451425593986e-05,MTAA,EUR,17.43,0.64,09:31 CEST26 Apr 2024,17.32,25 Apr 2024
IT0003007728,IT0003007728-MTAA,Tod's,TOD,TOD,B,EUR,608,MIL,MTAA,Borsa Italiana S.p.A.,italy,False,CX,D15,Footwear,MIL:TOD,tod-s,stock,854883.0,1526475943.9756,USD,Consumer Non-Durables,Apparel/Footwear,True,MIL,Italy,EUR,1.07336,15.264759439756,0.0091759721688,0.0006,欧洲,IT0003007728,True,MIL:TOD,TOD'S,,,,Tod's,,消费,日常消费,服装鞋类,意大利,0.0,MTAA,EUR,43.00,0,09:58 CEST26 Apr 2024,43.00,25 Apr 2024
NL0013332471,NL0013332471-XAMS,TomTom,TOM2,TOM2,C,EUR,200,EAM,XAMS,Euronext Amsterdam,netherlands,False,R,,Software,EURONEXT:TOM2,tomtom,stock,425920.1,758974832.63,USD,Technology Services,Packaged Software,True,EURONEXT,Netherlands,EUR,1.07336,7.5897483263,0.00457165598536,0.0006,欧洲,NL0013332471,True,EURONEXT:TOM2,TOMTOM,,,,TomTom,,科技,IT技术,软件开发,荷兰,0.0015900091086072,XAMS,EUR,5.67,1.7,10:08 CEST26 Apr 2024,5.575,25 Apr 2024
FR0000033003,FR0000033003-XPAR,Touax,TOUP,TOUP,D,EUR,710,EPA,XPAR,Euronext Paris,france,False,R,,Marine Transportation,EURONEXT:TOUP,touax,stock,244.8,36081118.3692,USD,Finance,Finance/Rental/Leasing,True,EURONEXT,France,EUR,1.07336,0.360811183692,2.62758528e-06,0.0,欧洲,FR0000033003,True,EURONEXT:TOUP,TOUAX,,,,Touax,,金融,资产管理,金融租赁,法国,0.0,XPAR,EUR,4.80,0,10:01 CEST26 Apr 2024,4.80,25 Apr 2024
IT0005482333,IT0005482333-MTAA,Technoprobe,TPRO,TPRO,C,EUR,608,MIL,MTAA,Borsa Italiana S.p.A.,italy,False,CX,D15,Production Technology Equipment,MIL:TPRO,technoprobe,stock,82773.96,4838418787.5163,USD,Electronic Technology,Semiconductors,True,MIL,Italy,EUR,1.07336,48.384187875163,0.000888462577056,0.0,欧洲,IT0005482333,True,MIL:TPRO,TECHNOPROBE,,,Technoprobe,TECHNOPROBE,,科技,电子,半导体,意大利,0.00024638341907,MTAA,EUR,7.68,2.33,10:07 CEST26 Apr 2024,7.505,25 Apr 2024
FR001400BMH7,FR001400BMH7-XPAR,TERACT,TRACT,TRACT,D,EUR,710,EPA,XPAR,Euronext Paris,france,False,R,,Diversified Retailers,EURONEXT:TRACT,teract-sa,stock,1364.124,60778109.3,USD,Retail Trade,Home Improvement Chains,True,EURONEXT,France,EUR,1.07336,0.6077810929999999,1.4641961366400002e-05,0.0,欧洲,FR001400BMH7,True,EURONEXT:TRACT,TERACT S.A.,,,,TERACT,,消费,零售,家居装修,法国,0.0,XPAR,EUR,0.772,0,09:31 CEST26 Apr 2024,0.772,25 Apr 2024
FR0005691656,FR0005691656-XPAR,Trigano,TRI,TRI,B,EUR,710,EPA,XPAR,Euronext Paris,france,True,R,,Recreational Products,EURONEXT:TRI,trigano,stock,109668.0,2957818646.3817,USD,Consumer Durables,Motor Vehicles,True,EURONEXT,France,EUR,1.07336,29.578186463817,0.0011771324448,0.0,欧洲,FR0005691656,True,EURONEXT:TRI,TRIGANO,,,Trigano,Trigano,,制造业,汽车,汽车整车,法国,9.891718873702864e-05,XPAR,EUR,144.10,0.77,10:08 CEST26 Apr 2024,143.00,25 Apr 2024
IT0003242622,IT0003242622-MTAA,Terna,TRN,TRN,A,EUR,608,MIL,MTAA,Borsa Italiana S.p.A.,italy,False,CX,D15,Conventional Electricity,MIL:TRN,terna,stock,2098233.62,16042269815.0405,USD,Utilities,Electric Utilities,True,MIL,Italy,EUR,1.07336,160.422698150405,0.022521600383632,0.0001,欧洲,IT0003242622,True,MIL:TRN,TERNA,,,,Terna,,公用事业,电力,电力公司,意大利,0.000665760062934,MTAA,EUR,7.492,0.62,10:08 CEST26 Apr 2024,7.446,25 Apr 2024
IT0005496473,IT0005496473-MTAA,TISCALI,TSL,TSL,D,EUR,608,MIL,MTAA,Borsa Italiana S.p.A.,italy,False,D15,,Telecommunications Services,MIL:TSL,tiscali,stock,28210.56,140606975.8464,USD,Communications,Major Telecommunications,True,MIL,Italy,EUR,1.07336,1.4060697584639998,0.000302800866816,0.0002,欧洲,IT0005496473,True,MIL:TSL,TESSELLIS,,,,TISCALI,,科技,通信,电信运营,意大利,0.0,MTAA,EUR,0.561,0.18,09:57 CEST26 Apr 2024,0.56,25 Apr 2024
FR0000120271,FR0000120271-XPAR,道达尔,FP,TTE,A,EUR,710,EPA,XPAR,Euronext Paris,france,True,R,CX,Integrated Oil and Gas,EURONEXT:TTE,total,stock,20186543.1,169488815440.8738,USD,Energy Minerals,Integrated Oil,True,EURONEXT,France,EUR,1.07336,1694.888154408738,0.21667427901816,0.0001,欧洲,FR0000120271,True,EURONEXT:TTE,TOTALENERGIES,,,道达尔,Total,道达尔,资源,能源,石油,法国,0.0018632969270847,"XPAR, XBRU",EUR,68.26,0.29,10:08 CEST26 Apr 2024,68.06,25 Apr 2024
BE0003823409,BE0003823409-XBRU,Tubize (Financire de),TUB,TUB,D,EUR,320,EBR,XBRU,Euronext Brussels,belgium,False,R,,Pharmaceuticals,EURONEXT:TUB,tubize-fin,stock,1137128.0,4435851140.8380995,USD,Finance,Financial Conglomerates,True,EURONEXT,Belgium,EUR,1.07336,44.35851140838099,0.0122054771008,0.0003,欧洲,BE0003823409,True,EURONEXT:TUB,TUBIZE-FIN,,,,Tubize (Financire de),,金融,资产管理,金融集团,比利时,0.000156935517015,XBRU,EUR,92.60,-0.32,10:05 CEST26 Apr 2024,92.90,25 Apr 2024
CH0008175645,CH0008175645-XPAR,Televerbier,TVRB,TVRB,D,EUR,710,EPA,XPAR,Euronext Paris,france,False,R,,Recreational Services,EURONEXT:TVRB,televerbier,stock,5850.0,87854128.9273,USD,Consumer Services,Movies/Entertainment,True,EURONEXT,Switzerland,EUR,1.07336,0.878541289273,6.279156000000001e-05,0.0001,欧洲,CH0008175645,True,EURONEXT:TVRB,TELEVERBIER,,,,Televerbier,,消费,可选消费,电影娱乐,法国,0.0,,,,,,,
NL0000852523,NL0000852523-XAMS,TKH Group,TWEKA,TWEKA,B,EUR,200,EAM,XAMS,Euronext Amsterdam,netherlands,True,R,CX,Electrical Components,EURONEXT:TWEKA,tkh-group-n-v,dr,127432.8,1784395806.4697,USD,Producer Manufacturing,Electrical Products,True,EURONEXT,Netherlands,EUR,1.07336,17.843958064697,0.00136781270208,0.0001,欧洲,NL0000852523,False,EURONEXT:TWEKA,TKH,,,,TKH Group,,制造业,机械,电力设备,荷兰,3.991396077275845e-05,XAMS,EUR,39.68,0.66,10:07 CEST26 Apr 2024,39.42,25 Apr 2024
IT0001454435,IT0001454435-MTAA,TXT e solutions,TXT,TXT,C,EUR,608,MIL,MTAA,Borsa Italiana S.p.A.,italy,False,CX,D15,Software,,,,,,,,,,,,,,,,,,,,,,,,,TXT e solutions,,,,,,,MTAA,EUR,21.25,0,09:53 CEST26 Apr 2024,21.25,25 Apr 2024
IT0000214293,IT0000214293-MTAA,Toscana Aeroporti,TYA,TYA,D,EUR,608,MIL,MTAA,Borsa Italiana S.p.A.,italy,False,D15,,Transportation Services,MIL:TYA,toscana-aeroporti-spa,stock,35.849999999999994,233591163.7997,USD,Transportation,Other Transportation,True,MIL,Italy,EUR,1.07336,2.335911637997,3.8479955999999994e-07,0.0,欧洲,IT0000214293,True,MIL:TYA,TOSCANA AEROPORTI,,,,Toscana Aeroporti,,制造业,运输,其他交通,意大利,2.496634534821775e-07,MTAA,EUR,11.95,2.14,09:00 CEST26 Apr 2024,11.70,25 Apr 2024
FR0000054470,FR0000054470-XPAR,Ubisoft Entertainment,UBI,UBI,C,EUR,710,EPA,XPAR,Euronext Paris,france,True,R,CX,Electronic Entertainment,EURONEXT:UBI,ubisoft,stock,633562.27,2952075633.7033,USD,Technology Services,Packaged Software,True,EURONEXT,France,EUR,1.07336,29.520756337033,0.006800403981272,0.0002,欧洲,FR0000054470,True,EURONEXT:UBI,UBISOFT ENTERTAIN,,,,Ubisoft Entertainment,,科技,IT技术,软件开发,法国,0.0004458673412105,XPAR,EUR,21.90,0.83,10:08 CEST26 Apr 2024,21.72,25 Apr 2024
BE0003739530,BE0003739530-XBRU,优时比,UCB,UCB,A,EUR,320,EBR,XBRU,Euronext Brussels,belgium,True,R,,Pharmaceuticals,EURONEXT:UCB,ucb,stock,2362369.6,25386144188.1272,USD,Health Technology,Pharmaceuticals: Major,True,EURONEXT,Belgium,EUR,1.07336,253.861441881272,0.02535673033856,0.0001,欧洲,BE0003739530,True,EURONEXT:UCB,UCB,,,优时比,UCB S.A.,优时比,医药,制药,主要制药,比利时,0.0027557515432745,XBRU,EUR,122.75,-0.81,10:08 CEST26 Apr 2024,125.10,25 Apr 2024
IT0005239360,IT0005239360-MTAA,裕信银行,UCG,UCG,B,EUR,608,MIL,MTAA,Borsa Italiana S.p.A.,italy,False,CX,D15,Banks,MIL:UCG,unicredit,stock,26928387.200000003,61099525198.6016,USD,Finance,Major Banks,True,MIL,Italy,EUR,1.07336,610.995251986016,0.28903853684992,0.0005,欧洲,IT0005239360,True,MIL:UCG,UniCredit,,,裕信银行,UniCredit,裕信银行,金融,银行,主要银行,意大利,0.0225170753697714,MTAA,EUR,35.12,0.96,10:09 CEST26 Apr 2024,34.785,25 Apr 2024
IT0005338840,IT0005338840-MTAA,UNIDATA,UD,UD,D,EUR,608,MIL,MTAA,Borsa Italiana S.p.A.,italy,False,D15,,Telecommunications Services,MIL:UD,,stock,5960.92,114968272.3126,USD,Communications,Major Telecommunications,True,MIL,Italy,EUR,1.07336,1.149682723126,6.3982130912e-05,0.0001,欧洲,IT0005338840,True,MIL:UD,UNIDATA,,,,UNIDATA,,科技,通信,电信运营,意大利,6.244661670787576e-06,,,,,,,
NL0015000IY2,NL0015000IY2-XAMS,环球音乐集团,UMG,UMG,A,EUR,200,EAM,XAMS,Euronext Amsterdam,netherlands,False,R,CX,Entertainment,EURONEXT:UMG,universal-music-group-n-v,stock,890501.85,52922838820.8712,USD,Commercial Services,Miscellaneous Commercial Services,True,EURONEXT,Netherlands,EUR,1.07336,529.228388208712,0.00955829065716,0.0,欧洲,NL0015000IY2,True,EURONEXT:UMG,UNIVERSAL MUSIC,,,环球音乐集团,UNIVERSAL MUSIC GROUP,环球音乐集团,消费,商业服务,综合商业,荷兰,0.0006418306656911,XAMS,EUR,27.25,1.0,10:07 CEST26 Apr 2024,26.98,25 Apr 2024
BE0974320526,BE0974320526-XBRU,优美科,UMI,UMI,A,EUR,320,EBR,XBRU,Euronext Brussels,belgium,True,R,CX,Specialty Chemicals,EURONEXT:UMI,umicore,stock,1194156.32,5398743355.7597,USD,Non-Energy Minerals,Other Metals/Minerals,True,EURONEXT,Belgium,EUR,1.07336,53.987433557597,0.012817596276352,0.0002,欧洲,BE0974320526,True,EURONEXT:UMI,UMICORE,,,优美科,Umicore SA,,资源,矿产,其他金属,比利时,0.0012066800897217,XBRU,EUR,21.18,1.24,10:08 CEST26 Apr 2024,20.92,25 Apr 2024
GB00B10RZP78,GB00B10RZP78-XAMS,联合利华 SE,UNA,UNA,A,EUR,200,EAM,XAMS,Euronext Amsterdam,netherlands,True,R,,Personal Products,EURONEXT:UNA,unilever,stock,17606108.16,127860970429.48495,USD,Consumer Non-Durables,Household/Personal Care,False,EURONEXT,United Kingdom,EUR,1.07336,1278.6097042948495,0.188976922546176,0.0001,欧洲,GB00B10RZP78,False,LSE:ULVR,UNILEVER,,,,Unilever PLC,联合利华,消费,日常消费,个人护理,荷兰,0.0098618324696349,XAMS,EUR,48.04,0.95,10:08 CEST26 Apr 2024,47.59,25 Apr 2024
FR0000054215,FR0000054215-XPAR,Unibel,UNBL,UNBL,D,EUR,710,EPA,XPAR,Euronext Paris,france,False,R,,Food Products,EURONEXT:UNBL,unibel,stock,3800.0,2134859568.2748,USD,Consumer Non-Durables,Food: Meat/Fish/Dairy,True,EURONEXT,France,EUR,1.07336,21.348595682748,4.078768000000001e-05,0.0,欧洲,FR0000054215,True,EURONEXT:UNBL,UNIBEL,,,,Unibel,,消费,食品饮料,肉蛋奶,法国,1.4490470726789665e-06,,,,,,,
IT0004810054,IT0004810054-MTAA,Unipol Gruppo,UNI,UNI,B,EUR,608,MIL,MTAA,Borsa Italiana S.p.A.,italy,False,CX,D15,Full Line Insurance,MIL:UNI,unipol,stock,1637643.39,6389368519.2975,USD,Finance,Multi-Line Insurance,True,MIL,Italy,EUR,1.07336,63.893685192975,0.017577809090904,0.0003,欧洲,IT0004810054,True,MIL:UNI,Unipol,,,,Unipol Gruppo,,金融,保险,多险种保险,意大利,0.0,MTAA,EUR,8.30,-0.12,10:09 CEST26 Apr 2024,8.31,25 Apr 2024
IT0005239881,IT0005239881-MTAA,Unieuro,UNIR,UNIR,D,EUR,608,MIL,MTAA,Borsa Italiana S.p.A.,italy,False,D15,,Specialty Retailers,MIL:UNIR,unieuro-spa,stock,31071.25,192725618.9261,USD,Retail Trade,Electronics/Appliance Stores,True,MIL,Italy,EUR,1.07336,1.927256189261,0.000333506369,0.0002,欧洲,IT0005239881,True,MIL:UNIR,UNIEURO,,,,Unieuro,,消费,零售,电子电器商店,意大利,4.896801512247187e-05,MTAA,EUR,8.74,0.69,10:06 CEST26 Apr 2024,8.68,25 Apr 2024
BE0974371032,BE0974371032-XBRU,Unifiedpost Group SA,UPG,UPG,D,EUR,320,EBR,XBRU,Euronext Brussels,belgium,False,R,,Computer Services,EURONEXT:UPG,unifiedpost-sa-nv,stock,373.7000000000001,145644278.5034,USD,Technology Services,Packaged Software,True,EURONEXT,Belgium,EUR,1.07336,1.456442785034,4.011146320000001e-06,0.0,欧洲,BE0974371032,True,EURONEXT:UPG,UNIFIEDPOST,,,,Unifiedpost Group SA,,科技,IT技术,软件开发,比利时,3.541209250753246e-06,XBRU,EUR,3.70,-2.37,09:22 CEST26 Apr 2024,3.79,25 Apr 2024
FR0013326246,FR0013326246-XPAR,UNIBAIL-RODAMCO-WE,URW,URW,B,EUR,710,EPA,XPAR,Euronext Paris,france,False,R,CX,Retail REITs,EURONEXT:URW,unibail-rodamco-westfield,fund,1979298.54,11460663699.4952,USD,Finance,Real Estate Development,True,EURONEXT,France,EUR,1.07336,114.606636994952,0.021244998808944,0.0002,欧洲,,,,,,,,UNIBAIL-RODAMCO-WE,,金融,房地产,房地产开发,法国,0.001508747748203,XPAR,EUR,77.78,1.22,10:08 CEST26 Apr 2024,76.84,25 Apr 2024
IT0004827447,IT0004827447-MTAA,UnipolSai Assicurazioni,US,US,B,EUR,608,MIL,MTAA,Borsa Italiana S.p.A.,italy,False,CX,D15,Property and Casualty Insurance,MIL:US,unipolsai,stock,1005077.502,8139251967.8587,USD,Finance,Multi-Line Insurance,True,MIL,Italy,EUR,1.07336,81.39251967858699,0.0107880998754672,0.0001,欧洲,IT0004827447,True,MIL:US,UNIPOLSAI,,,,UnipolSai Assicurazioni,,金融,保险,多险种保险,意大利,2.9459550469794737e-05,MTAA,EUR,2.678,-0.15,10:04 CEST26 Apr 2024,2.682,25 Apr 2024
FR0000073041,FR0000073041-XPAR,皮埃尔度假及中心公园集团,VAC,VAC,C,EUR,710,EPA,XPAR,Euronext Paris,france,False,R,CX,Hotels and Motels,EURONEXT:VAC,pierre-vacances,stock,53329.009999999995,692069502.7653,USD,Consumer Services,Hotels/Resorts/Cruise lines,True,EURONEXT,France,EUR,1.07336,6.920695027653,0.000572412261736,0.0001,欧洲,FR0000073041,True,EURONEXT:VAC,PIERRE VACANCES,,,皮埃尔度假及中心公园集团,Pierre Vacances,,消费,可选消费,酒店,法国,1.8678680825339437e-05,XPAR,EUR,1.418,-0.14,10:08 CEST26 Apr 2024,1.42,25 Apr 2024
PTVAA0AM0019,PTVAA0AM0019-XLIS,VAA Vista Alegre Atlantis SGPS SA,VAF,VAF,D,EUR,560,ELI,XLIS,Euronext Lisbon,portugal,False,R,,Household Equipment and Products,EURONEXT:VAF,vaa-vista-alegre,stock,438.0,179838099.2196,USD,Consumer Durables,Home Furnishings,True,EURONEXT,Portugal,EUR,1.07336,1.798380992196,4.7013168e-06,0.0,欧洲,PTVAA0AM0019,True,EURONEXT:VAF,VAA VISTA ALEGRE,,,,VAA Vista Alegre Atlantis SGPS SA,,消费,可选消费,家居摆设,葡萄牙,0.0,,,,,,,
NL0010661864,NL0010661864-XAMS,Value8,VALUE,VALUE,D,EUR,200,EAM,XAMS,Euronext Amsterdam,netherlands,False,R,,Diversified Financial Services ,EURONEXT:VALUE,value8,stock,570.0,51033675.6825,USD,Health Services,Medical/Nursing Services,True,EURONEXT,Netherlands,EUR,1.07336,0.510336756825,6.118152e-06,0.0,欧洲,NL0010661864,True,EURONEXT:VALUE,VALUE8,,,,Value8,,医药,健康服务,健康服务,荷兰,0.0,XAMS,EUR,5.70,0,09:00 CEST26 Apr 2024,5.70,25 Apr 2024
NL0015000G40,NL0015000G40-XAMS,VAM INVEST SHARES,VAM,VAM,D,EUR,200,EAM,XAMS,Euronext Amsterdam,netherlands,False,R,,Open End and Miscellaneous Investment Vehicles,,,,,,,,,,,,,,,,,,,,,,,,,VAM INVEST SHARES,,,,,,,,,,,,,
BE0003839561,BE0003839561-XBRU,Van de Velde,VAN,VAN,D,EUR,320,EBR,XBRU,Euronext Brussels,belgium,False,R,,Clothing and Accessories,EURONEXT:VAN,van-de-velde,stock,80979.59999999999,480784068.1291,USD,Consumer Non-Durables,Apparel/Footwear,True,EURONEXT,Belgium,EUR,1.07336,4.807840681290999,0.00086920263456,0.0002,欧洲,BE0003839561,True,EURONEXT:VAN,VAN DE VELDE,,,,Van de Velde,,消费,日常消费,服装鞋类,比利时,1.9411345138411038e-15,XBRU,EUR,34.80,0,09:30 CEST26 Apr 2024,34.80,25 Apr 2024
FR0013505062,FR0013505062-XPAR,Technicolor SA,TCH,VANTI,D,EUR,710,EPA,XPAR,Euronext Paris,france,False,R,,Entertainment,EURONEXT:VANTI,technicolor-bsa-2024,stock,1458.1572,72976780.7564,USD,Electronic Technology,Telecommunications Equipment,True,EURONEXT,France,EUR,1.07336,0.7297678075640001,1.565127612192e-05,0.0,欧洲,FR0013505062,True,EURONEXT:VANTI,VANTIVA S.A.,,,,Technicolor SA,,科技,通信,通信设备,法国,1.1840477878831364e-05,XPAR,EUR,0.1362,-1.87,09:37 CEST26 Apr 2024,0.1388,25 Apr 2024
BE0003754687,BE0003754687-XBRU,Vastned Retail Belgium,VASTB,VASTB,D,EUR,320,EBR,XBRU,Euronext Brussels,belgium,False,R,,Retail REITs,EURONEXT:VASTB,vastned-belgium,fund,722.4000000000001,163432015.1704,USD,Finance,Real Estate Investment Trusts,True,EURONEXT,Belgium,EUR,1.07336,1.634320151704,7.753952640000002e-06,0.0,欧洲,,,,,,,,Vastned Retail Belgium,,金融,房地产,房地产投资信托,比利时,2.582026471972047e-07,XBRU,EUR,30.10,0.33,09:36 CEST26 Apr 2024,30.00,25 Apr 2024
NL0000288918,NL0000288918-XAMS,Vastned,VASTN,VASTN,C,EUR,200,EAM,XAMS,Euronext Amsterdam,netherlands,False,R,CX,Retail REITs,EURONEXT:VASTN,vastned-belgium,fund,65880.0,405696266.335,USD,Finance,Real Estate Development,True,EURONEXT,Netherlands,EUR,1.07336,4.05696266335,0.000707129568,0.0002,欧洲,,,,,,,,Vastned,,金融,房地产,房地产开发,荷兰,0.0003600475653032,XAMS,EUR,22.30,1.13,10:08 CEST26 Apr 2024,22.05,25 Apr 2024
FR0000031775,FR0000031775-XPAR,Vicat,VCT,VCT,C,EUR,710,EPA,XPAR,Euronext Paris,france,False,R,CX,Cement,EURONEXT:VCT,vicat,stock,59886.1,1721827068.0226,USD,Non-Energy Minerals,Construction Materials,True,EURONEXT,France,EUR,1.07336,17.218270680226,0.00064279344296,0.0,欧洲,FR0000031775,True,EURONEXT:VCT,VICAT,,,,Vicat,,制造业,建筑业,建筑材料,法国,5.213119697657323e-05,XPAR,EUR,36.70,0.96,10:03 CEST26 Apr 2024,36.35,25 Apr 2024
FR0004186856,FR0004186856-XPAR,Vtoquinol,VETO,VETO,D,EUR,710,EPA,XPAR,Euronext Paris,france,False,R,,Pharmaceuticals,EURONEXT:VETO,vetoquinol,stock,59297.0,1243219983.3996,USD,Health Technology,Pharmaceuticals: Major,True,EURONEXT,France,EUR,1.07336,12.432199833996,0.0006364702792,0.0001,欧洲,FR0004186856,True,EURONEXT:VETO,VETOQUINOL,,,,Vtoquinol,,医药,制药,主要制药,法国,2.4676496132937656e-05,XPAR,EUR,98.50,0.51,10:01 CEST26 Apr 2024,98.00,25 Apr 2024
BE0003878957,BE0003878957-XBRU,VGP N.V.,VGP,VGP,C,EUR,320,EBR,XBRU,Euronext Brussels,belgium,False,R,CX,Real Estate Holding and Development,EURONEXT:VGP,vgp,stock,39097.5,2833857999.6946,USD,Finance,Real Estate Investment Trusts,True,EURONEXT,Belgium,EUR,1.07336,28.338579996946,0.000419656926,0.0,欧洲,BE0003878957,True,EURONEXT:VGP,VGP,,,,VGP N.V.,,金融,房地产,房地产投资信托,比利时,2.4307410520351304e-05,XBRU,EUR,97.40,0.62,09:54 CEST26 Apr 2024,96.80,25 Apr 2024
IT0003127898,IT0003127898-MTAA,Vianini,VIA,VIA,D,EUR,608,MIL,MTAA,Borsa Italiana S.p.A.,italy,False,D15,,Building Materials: Other,MIL:VIA,vianini-spa,stock,7334.355,90988480.0202,USD,Finance,Real Estate Development,True,MIL,Italy,EUR,1.07336,0.909884800202,7.8724032828e-05,0.0001,欧洲,,,,,,,,Vianini,,金融,房地产,房地产开发,意大利,5.7145227309643055e-05,,,,,,,
FR0000124141,FR0000124141-XPAR,Veolia,VIE,VIE,A,EUR,710,EPA,XPAR,Euronext Paris,france,True,R,CX,Water,EURONEXT:VIE,veolia-environnement,stock,2340859.5,22169088643.9362,USD,Utilities,Water Utilities,True,EURONEXT,France,EUR,1.07336,221.690886439362,0.0251258495292,0.0001,欧洲,FR0000124141,True,EURONEXT:VIE,VEOLIA ENVIRON.,,,Veolia,Veolia Environnement,Veolia,公用事业,水务,水务,法国,0.0001434829474404,XPAR,EUR,28.98,0.24,10:08 CEST26 Apr 2024,28.91,25 Apr 2024
FR0000050049,FR0000050049-XPAR,Viel & Cie,OHZW,VIL,D,EUR,710,EPA,XPAR,Euronext Paris,france,False,R,,Investment Services,EURONEXT:VIL,viel-et-compagnie,stock,4386.0,672630678.058,USD,Finance,Financial Conglomerates,True,EURONEXT,France,EUR,1.07336,6.72630678058,4.70775696e-05,0.0,欧洲,FR0000050049,True,EURONEXT:VIL,VIEL ET COMPAGNIE,,,,Viel & Cie,,金融,资产管理,金融集团,法国,1.2739492366003238e-05,XPAR,EUR,10.20,1.49,09:01 CEST26 Apr 2024,10.05,25 Apr 2024
BE0974271034,BE0974271034-XBRU,Viohalco SA,VIO,VIO,D,EUR,320,EBR,XBRU,Euronext Brussels,belgium,False,R,,Metal Fabricating,EURONEXT:VIO,viohalco,stock,5.63,1565324998.4263,USD,Non-Energy Minerals,Other Metals/Minerals,False,EURONEXT,Belgium,EUR,1.07336,15.653249984263,6.0430168e-08,0.0,欧洲,BE0974271034,False,ATHEX:VIO,VIOHALCO SA/NY,,,,Viohalco SA,,资源,矿产,其他金属,比利时,0.0,XBRU,EUR,5.60,-0.53,10:08 CEST26 Apr 2024,5.63,25 Apr 2024
FR0000031577,FR0000031577-XPAR,维克公司,VIRP,VIRP,B,EUR,710,EPA,XPAR,Euronext Paris,france,False,R,CX,Pharmaceuticals,EURONEXT:VIRP,virbac,stock,312117.0,3138257693.5953,USD,Health Technology,Biotechnology,True,EURONEXT,France,EUR,1.07336,31.382576935953,0.0033501390312,0.0001,欧洲,FR0000031577,True,EURONEXT:VIRP,VIRBAC,,,维克公司,Virbac,,医药,医疗,生物技术,法国,0.0001292314239666,XPAR,EUR,344.50,-0.58,10:02 CEST26 Apr 2024,346.50,25 Apr 2024
FR0000127771,FR0000127771-XPAR,维旺迪,VIV,VIV,B,EUR,710,EPA,XPAR,Euronext Paris,france,True,R,CX,Radio and TV Broadcasters,EURONEXT:VIV,vivendi,stock,893099.0599999999,9938781773.4832,USD,Consumer Services,Media Conglomerates,True,EURONEXT,France,EUR,1.07336,99.387817734832,0.009586168070416,0.0001,欧洲,FR0000127771,True,EURONEXT:VIV,VIVENDI SE,,,维旺迪,Vivendi,,消费,可选消费,媒体集团,法国,0.0018868775064137,XPAR,EUR,9.934,1.74,10:07 CEST26 Apr 2024,9.764,25 Apr 2024
FR0013506730,FR0013506730-XPAR,瓦卢瑞克,VK,VK,D,EUR,710,EPA,XPAR,Euronext Paris,france,False,R,,Iron and Steel,EURONEXT:VK,vallourec,stock,1552672.46,4060089934.6229,USD,Non-Energy Minerals,Steel,True,EURONEXT,France,EUR,1.07336,40.600899346229,0.016665765116656,0.0004,欧洲,FR0013506730,True,EURONEXT:VK,VALLOUREC,,,瓦卢瑞克,Vallourec SA,,资源,矿产,钢,法国,0.0048952411449529,XPAR,EUR,16.785,1.94,10:08 CEST26 Apr 2024,16.465,25 Apr 2024
FR0004056851,FR0004056851-XPAR,Valneva,VLA,VLA,D,EUR,710,EPA,XPAR,Euronext Paris,france,False,R,,Pharmaceuticals,EURONEXT:VLA,valneva-se,stock,308672.0,514365975.7119,USD,Health Technology,Biotechnology,True,EURONEXT,France,EUR,1.07336,5.143659757119,0.0033131617792,0.0006,欧洲,FR0004056851,True,EURONEXT:VLA,VALNEVA SE,,,,Valneva,,医药,医疗,生物技术,法国,0.0010462028730775,XPAR,EUR,3.524,2.26,10:06 CEST26 Apr 2024,3.446,25 Apr 2024
NL0000302636,NL0000302636-XAMS,Van Lanschot,LANS,VLK,B,EUR,200,EAM,XAMS,Euronext Amsterdam,netherlands,False,R,CX,Banks,EURONEXT:VLK,v-lanschot-kempen,dr,202689.75,1462641892.5892,USD,Finance,Investment Managers,True,EURONEXT,Netherlands,EUR,1.07336,14.626418925892,0.0021755907006,0.0001,欧洲,,,,,,,,Van Lanschot,,金融,资产管理,投资经理,荷兰,0.0007652497771403,XAMS,EUR,32.75,2.02,10:03 CEST26 Apr 2024,32.10,25 Apr 2024
IT0001018362,IT0001018362-MTAA,Valsoia,VLS,VLS,D,EUR,608,MIL,MTAA,Borsa Italiana S.p.A.,italy,False,D15,,Food Products,MIL:VLS,valsoia-spa,stock,5377.0,109753324.0994,USD,Consumer Non-Durables,Food: Specialty/Candy,True,MIL,Italy,EUR,1.07336,1.097533240994,5.77145672e-05,0.0001,欧洲,IT0001018362,True,MIL:VLS,VALSOIA,,,,Valsoia,,消费,食品饮料,零食,意大利,0.0,MTAA,EUR,9.50,0,09:41 CEST26 Apr 2024,9.50,25 Apr 2024
FR0011995588,FR0011995588-XPAR,Voltalia SA,VLTSA,VLTSA,C,EUR,710,EPA,XPAR,Euronext Paris,france,False,R,,Alternative Electricity,EURONEXT:VLTSA,voltalia,stock,426395.16,1131147462.5916,USD,Utilities,Electric Utilities,True,EURONEXT,France,EUR,1.07336,11.311474625916,0.004576755089376,0.0004,欧洲,FR0011995588,True,EURONEXT:VLTSA,VOLTALIA,,,,Voltalia SA,,公用事业,电力,电力公司,法国,0.0030643435018519,XPAR,EUR,8.34,3.73,10:08 CEST26 Apr 2024,8.04,25 Apr 2024
FR0010291245,FR0010291245-XPAR,Verimatrix SA,VMX,VMX,D,EUR,710,EPA,XPAR,Euronext Paris,france,False,R,,Software,EURONEXT:VMX,verimatrix,stock,7272.375,42170268.8109,USD,Electronic Technology,Semiconductors,True,EURONEXT,France,EUR,1.07336,0.421702688109,7.80587643e-05,0.0002,欧洲,FR0010291245,True,EURONEXT:VMX,VERIMATRIX,,,,Verimatrix SA,,科技,电子,半导体,法国,7.226583573056217e-05,XPAR,EUR,0.451,-1.96,09:55 CEST26 Apr 2024,0.46,25 Apr 2024
NL0009432491,NL0009432491-XAMS,Vopak Koninklijke,VPK,VPK,C,EUR,200,EAM,XAMS,Euronext Amsterdam,netherlands,True,R,,Transportation Services,EURONEXT:VPK,vopak,stock,1250132.64,5121040044.3747,USD,Distribution Services,Wholesale Distributors,True,EURONEXT,Netherlands,EUR,1.07336,51.210400443747,0.013418423704704,0.0003,欧洲,NL0009432491,True,EURONEXT:VPK,VOPAK,,,,Vopak Koninklijke,,消费,经销商,批发经销商,荷兰,0.0095039885822481,XAMS,EUR,36.54,-0.05,10:08 CEST26 Apr 2024,38.06,25 Apr 2024
FR0000062796,FR0000062796-XPAR,Vranken-Pommery,VRAP,VRAP,D,EUR,710,EPA,XPAR,Euronext Paris,france,False,R,,Distillers and Vintners,EURONEXT:VRAP,vranken-pommery,stock,3844.0,148116569.8833,USD,Consumer Non-Durables,Beverages: Alcoholic,True,EURONEXT,France,EUR,1.07336,1.481165698833,4.1259958400000006e-05,0.0,欧洲,FR0000062796,True,EURONEXT:VRAP,VRANKEN-POMMERY,,,,Vranken-Pommery,,消费,食品饮料,酒,法国,1.3277945158263538e-06,"XPAR, XBRU",EUR,15.40,-0.96,10:02 CEST26 Apr 2024,15.55,25 Apr 2024
FR0013447729,FR0013447729-XPAR,Verallia SAS,VRLA,VRLA,B,EUR,710,EPA,XPAR,Euronext Paris,france,False,R,CX,Containers and Packaging,EURONEXT:VRLA,verallia,stock,228327.6,4608136308.9408,USD,Process Industries,Containers/Packaging,True,EURONEXT,France,EUR,1.07336,46.081363089408,0.00245077712736,0.0001,欧洲,FR0013447729,True,EURONEXT:VRLA,VERALLIA,,,,Verallia SAS,,制造业,化工,包装,法国,8.3430526908709e-05,XPAR,EUR,35.96,1.12,10:08 CEST26 Apr 2024,35.56,25 Apr 2024
GG00B1GHHH78,GG00B1GHHH78-XAMS,Volta Finance,VTA,VTA,D,EUR,200,EAM,XAMS,Euronext Amsterdam,netherlands,False,R,,Closed End Investments,,,,,,,,,,,,,,,,,,,,,,,,,Volta Finance,,,,,,,XAMS,EUR,5.15,0.98,09:57 CEST26 Apr 2024,5.10,25 Apr 2024
FR0010309096,FR0010309096-XPAR,Vitura SA,CGR,VTR,D,EUR,710,EPA,XPAR,Euronext Paris,france,False,R,,Office REITs,EURONEXT:VTR,vitura,fund,7.45,136349915.4795,USD,Finance,Real Estate Investment Trusts,True,EURONEXT,France,EUR,1.07336,1.363499154795,7.996532000000001e-08,0.0,欧洲,,,,,,,,Vitura SA,,金融,房地产,房地产投资信托,法国,0.0,XPAR,EUR,7.45,0,09:00 CEST26 Apr 2024,7.45,25 Apr 2024
NL00150002Q7,NL00150002Q7-XAMS,Vivoryon Therapeutics,NL00150002Q7,VVY,D,EUR,200,EAM,XAMS,Euronext Amsterdam,netherlands,False,R,,Biotechnology,EURONEXT:VVY,vivoryon-therapeutics-n-v,stock,82785.159,22774079.6378,USD,Health Technology,Biotechnology,True,EURONEXT,Germany,EUR,1.07336,0.227740796378,0.0008885827826424,0.0039,欧洲,NL00150002Q7,True,EURONEXT:VVY,VIVORYON THERAPEUTICS N.V.,,,,Vivoryon Therapeutics,,医药,医疗,生物技术,荷兰,0.001007601048007,XAMS,EUR,0.845,3.05,10:07 CEST26 Apr 2024,0.82,25 Apr 2024
FR0012532810,FR0012532810-XPAR,WAGA ENERGY PROM,WAGA,WAGA,D,EUR,710,EPA,XPAR,Euronext Paris,france,False,R,,Alternative Fuels,EURONEXT:WAGA,waga-energy,stock,7108.92,426334959.6273,USD,Process Industries,Chemicals: Specialty,True,EURONEXT,France,EUR,1.07336,4.263349596273001,7.630430371200001e-05,0.0,欧洲,FR0012532810,True,EURONEXT:WAGA,WAGA ENERGY,,,,WAGA ENERGY PROM,,制造业,化工,特殊化学品,法国,5.5468066203299726e-06,XPAR,EUR,16.12,-0.62,09:35 CEST26 Apr 2024,16.22,25 Apr 2024
FR0013357621,FR0013357621-XPAR,Wavestone SA,WAVE,WAVE,C,EUR,710,EPA,XPAR,Euronext Paris,france,False,R,CX,Computer Services,EURONEXT:WAVE,wavestone,stock,61684.8,1424382959.3714,USD,Commercial Services,Miscellaneous Commercial Services,True,EURONEXT,France,EUR,1.07336,14.243829593714,0.00066209996928,0.0,欧洲,FR0013357621,True,EURONEXT:WAVE,WAVESTONE,,,,Wavestone SA,,消费,商业服务,综合商业,法国,9.244029938285048e-05,XPAR,EUR,54.50,1.49,10:03 CEST26 Apr 2024,53.70,25 Apr 2024
IT0003865570,IT0003865570-MTAA,WEBUILD,WBD,WBD,D,EUR,608,MIL,MTAA,Borsa Italiana S.p.A.,italy,False,D15,,Construction,MIL:WBD,webuild,stock,434247.96,2331733321.319,USD,Industrial Services,Engineering & Construction,True,MIL,Italy,EUR,1.07336,23.317333213189997,0.004661043903456,0.0002,欧洲,IT0003865570,True,MIL:WBD,WEBUILD,,,,WEBUILD,,制造业,建筑业,建筑工程,意大利,5.208718752933389e-05,MTAA,EUR,2.166,0,10:08 CEST26 Apr 2024,2.166,25 Apr 2024
IT0003865588,IT0003865588-MTAA,Webuild,WBDR,WBDR,D,EUR,608,MIL,MTAA,Borsa Italiana S.p.A.,italy,False,D15,,Construction,MIL:WBDR,webuild,stock,11160.0,2331733321.319,USD,Industrial Services,Engineering & Construction,False,MIL,Italy,EUR,1.07336,23.317333213189997,0.000119786976,0.0,欧洲,IT0003865588,False,MIL:WBD,WEBUILD,,,,Webuild,,制造业,建筑业,建筑工程,意大利,2.429976906982025e-05,MTAA,EUR,10.00,1.52,09:46 CEST26 Apr 2024,9.85,25 Apr 2024
BE0974349814,BE0974349814-XBRU,Warehouses de Pauw,WDP,WDP,A,EUR,320,EBR,XBRU,Euronext Brussels,belgium,True,R,CX,Industrial REITs,EURONEXT:WDP,warehouses-de-pauw,fund,323921.83999999997,5719895298.2904,USD,Finance,Real Estate Development,True,EURONEXT,Belgium,EUR,1.07336,57.198952982904,0.003476847461824,0.0001,欧洲,,,,,,,,Warehouses de Pauw,,金融,房地产,房地产开发,比利时,0.0003328550919535,"XBRU, XAMS",EUR,24.60,1.23,10:08 CEST26 Apr 2024,24.30,25 Apr 2024
BE0003734481,BE0003734481-XBRU,Warehouses,WEB,WEB,D,EUR,320,EBR,XBRU,Euronext Brussels,belgium,False,R,,Office REITs,EURONEXT:WEB,warehouses-estates-belgium-web,fund,118950.0,132804306.2244,USD,Finance,Real Estate Investment Trusts,True,EURONEXT,Belgium,EUR,1.07336,1.328043062244,0.00127676172,0.001,欧洲,,,,,,,,Warehouses,,金融,房地产,房地产投资信托,比利时,2.799742905206637e-05,XBRU,EUR,39.00,-0.26,09:33 CEST26 Apr 2024,39.10,25 Apr 2024
BE0003724383,BE0003724383-XBRU,Wereldhave Belgium,WEHB,WEHB,D,EUR,320,EBR,XBRU,Euronext Brussels,belgium,False,R,,Retail REITs,EURONEXT:WEHB,wereldhave-belgium,fund,17600.8,426080982.8845,USD,Finance,Real Estate Investment Trusts,True,EURONEXT,Belgium,EUR,1.07336,4.260809828845,0.00018891994688,0.0,欧洲,,,,,,,,Wereldhave Belgium,,金融,房地产,房地产投资信托,比利时,7.869726824926112e-06,XBRU,EUR,44.80,0.22,10:06 CEST26 Apr 2024,44.70,25 Apr 2024
NL0000289213,NL0000289213-XAMS,Wereldhave,WHA,WHA,C,EUR,200,EAM,XAMS,Euronext Amsterdam,netherlands,False,R,CX,Retail REITs,EURONEXT:WHA,wereldhave-belgium,fund,1233883.2,665171356.1066,USD,Finance,Real Estate Investment Trusts,True,EURONEXT,Netherlands,EUR,1.07336,6.651713561066001,0.01324400871552,0.002,欧洲,,,,,,,Wereldhave,Wereldhave,,金融,房地产,房地产投资信托,荷兰,0.0334694508059447,XAMS,EUR,13.14,1.23,10:07 CEST26 Apr 2024,14.18,25 Apr 2024
BE0003573814,BE0003573814-XBRU,Ter Beke,TERB,WHATS,D,EUR,320,EBR,XBRU,Euronext Brussels,belgium,False,R,,Food Products,EURONEXT:WHATS,ter-beke,stock,4147.00011,150130779.746,USD,Consumer Non-Durables,Food: Meat/Fish/Dairy,True,EURONEXT,Belgium,EUR,1.07336,1.50130779746,4.4512240380696e-05,0.0,欧洲,BE0003573814,True,EURONEXT:WHATS,WHAT'S COOKING,,,,Ter Beke,,消费,食品饮料,肉蛋奶,比利时,9.99708376568382e-07,,,,,,,
IT0005440893,IT0005440893-MTAA,WIIT,WIIT,WIIT,C,EUR,608,MIL,MTAA,Borsa Italiana S.p.A.,italy,False,D15,,Computer Services,MIL:WIIT,wiit,stock,11069.82,453871731.7948,USD,Technology Services,Data Processing Services,True,MIL,Italy,EUR,1.07336,4.538717317948,0.000118819019952,0.0,欧洲,IT0005440893,True,MIL:WIIT,WIIT,,,,WIIT,,科技,IT技术,数据处理,意大利,0.0,MTAA,EUR,16.04,0.12,10:06 CEST26 Apr 2024,16.02,25 Apr 2024
NL0000395903,NL0000395903-XAMS,威科集团,WKL,WKL,A,EUR,200,EAM,XAMS,Euronext Amsterdam,netherlands,True,R,CX,Publishing,EURONEXT:WKL,wolters-kluwer,stock,3084447.6,36507728272.56429,USD,Technology Services,Data Processing Services,True,EURONEXT,Netherlands,EUR,1.07336,365.077282725643,0.03310722675936,0.0001,欧洲,NL0000395903,True,EURONEXT:WKL,WOLTERS KLUWER,,,威科集团,Wolters Kluwer,威科集团,科技,IT技术,数据处理,荷兰,0.0004938509196313,XAMS,EUR,140.40,0.43,10:08 CEST26 Apr 2024,139.80,25 Apr 2024
FR0011981968,FR0011981968-XPAR,Worldline SA,WLN,WLN,A,EUR,710,EPA,XPAR,Euronext Paris,france,True,R,,Transaction Processing Services,EURONEXT:WLN,worldline,stock,1955549.1,2946426054.2676,USD,Finance,Transaction Processing Services,True,EURONEXT,France,EUR,1.07336,29.464260542676,0.02099008181976,0.0007,欧洲,FR0011981968,True,EURONEXT:WLN,WORLDLINE,WLN,Transaction Processing Services,,Worldline SA,,科技,IT技术,交易支付,法国,0.0135894699194877,XPAR,EUR,10.03,3.21,10:08 CEST26 Apr 2024,9.718,25 Apr 2024
BE0974310428,BE0974310428-XPAR,X Fab Silicon Foundries EV,XFAB,XFAB,B,EUR,710,EPA,XPAR,Euronext Paris,france,False,R,,Semiconductors,EURONEXT:XFAB,x-fab-silicon-foundries-se,stock,313249.2,917844116.205,USD,Electronic Technology,Semiconductors,True,EURONEXT,Belgium,EUR,1.07336,9.17844116205,0.00336229161312,0.0004,欧洲,BE0974310428,True,EURONEXT:XFAB,X-FAB SILICON FOUNDRIES SE,,,,X Fab Silicon Foundries EV,,科技,电子,半导体,法国,0.0002813211084643,XPAR,EUR,6.625,1.15,10:09 CEST26 Apr 2024,6.55,25 Apr 2024
FR0004034072,FR0004034072-XPAR,Xilam Animation,XIL,XIL,D,EUR,710,EPA,XPAR,Euronext Paris,france,False,R,,Radio and TV Broadcasters,EURONEXT:XIL,xilam-animation,stock,2032.32,27476824.328,USD,Consumer Services,Movies/Entertainment,True,EURONEXT,France,EUR,1.07336,0.27476824328,2.1814109952000004e-05,0.0001,欧洲,FR0004034072,True,EURONEXT:XIL,XILAM ANIMATION,,,,Xilam Animation,,消费,可选消费,电影娱乐,法国,5.735859343629464e-07,XPAR,EUR,4.40,0.23,10:03 CEST26 Apr 2024,4.39,25 Apr 2024
BE0974288202,BE0974288202-XBRU,Xior Student Housing,XIOR,XIOR,B,EUR,320,EBR,XBRU,Euronext Brussels,belgium,False,R,CX,Residential REITs,EURONEXT:XIOR,xior-student-housi,fund,251591.0,1049586050.385,USD,Consumer Services,Hotels/Resorts/Cruise lines,True,EURONEXT,Belgium,EUR,1.07336,10.49586050385,0.0027004771576,0.0003,欧洲,,,,,,,,Xior Student Housing,,消费,可选消费,酒店,比利时,0.0042518121259623,XBRU,EUR,26.40,4.97,10:06 CEST26 Apr 2024,25.15,25 Apr 2024
IT0001477402,IT0001477402-MTAA,EXPRIVIA,XPR,XPR,D,EUR,608,MIL,MTAA,Borsa Italiana S.p.A.,italy,False,D15,,Computer Services,MIL:XPR,exprivia,stock,59960.92,86324878.153,USD,Technology Services,Packaged Software,True,MIL,Italy,EUR,1.07336,0.86324878153,0.000643596530912,0.0007,欧洲,IT0001477402,True,MIL:XPR,EXPRIVIA,,,,EXPRIVIA,,科技,IT技术,软件开发,意大利,0.000224130753113,MTAA,EUR,1.72,1.18,09:42 CEST26 Apr 2024,1.70,25 Apr 2024
IT0005383291,IT0005383291-MTAA,FERRETTI,YACHT,YACHT,D,EUR,608,MIL,MTAA,Borsa Italiana S.p.A.,italy,False,D15,,Recreational Vehicles and Boats,MIL:YACHT,ferretti-spa,stock,480682.755,1026575615.7086,USD,Consumer Durables,Recreational Products,True,MIL,Italy,EUR,1.07336,10.265756157086,0.005159456419068,0.0005,欧洲,IT0005383291,True,MIL:YACHT,FERRETTI,,,,FERRETTI,,消费,可选消费,休闲产品,意大利,0.0009386534737802,MTAA,EUR,2.83,1.07,10:05 CEST26 Apr 2024,2.80,25 Apr 2024
BE0003809267,BE0003809267-XBRU,Znobe Gramme,ZEN,ZEN,D,EUR,320,EBR,XBRU,Euronext Brussels,belgium,False,R,,Open End and Miscellaneous Investment Vehicles,EURONEXT:ZEN,zenobe-gramme-cert,stock,8775.0,13207404.21,USD,Finance,Real Estate Development,True,EURONEXT,Belgium,EUR,1.07336,0.1320740420999999,9.418734e-05,0.0007,欧洲,,,,,,,,Znobe Gramme,,金融,房地产,房地产开发,比利时,0.0,,,,,,,
IT0005395071,IT0005395071-MTAA,Vincenzo Zucchi,ZUC,ZUC,D,EUR,608,MIL,MTAA,Borsa Italiana S.p.A.,italy,False,D15,,Household Equipment and Products,MIL:ZUC,zucchi,stock,11535.35,55705438.6513,USD,Consumer Durables,Home Furnishings,True,MIL,Italy,EUR,1.07336,0.557054386513,0.00012381583276,0.0002,欧洲,IT0005395071,True,MIL:ZUC,ZUCCHI,,,,Vincenzo Zucchi,,消费,可选消费,家居摆设,意大利,0.0001553116880381,,,,,,,
IT0004171440,IT0004171440-MTAA,Zignago Vetro,ZV,ZV,B,EUR,608,MIL,MTAA,Borsa Italiana S.p.A.,italy,False,CX,D15,Containers and Packaging,MIL:ZV,zignago-vetro,stock,44007.8,1185888011.8837,USD,Process Industries,Containers/Packaging,True,MIL,Italy,EUR,1.07336,11.858880118836998,0.0004723621220799,0.0,欧洲,IT0004171440,True,MIL:ZV,ZIGNAGO VETRO,,,,Zignago Vetro,,制造业,化工,包装,意大利,4.036609110938841e-05,MTAA,EUR,12.48,0.48,10:08 CEST26 Apr 2024,12.42,25 Apr 2024
FR0000120172,FR0000120172-MIL,Carrefour SA,CRR,CRR,D,EUR,608,MIL,MIL,Borsa Italiana S.p.A.,italy,False,D15,,Food Retailers and Wholesalers,,,,,,,,,,,,,,,,,,,,,,,,,Carrefour SA,,,,,,,,,,,,,
NL0006311706,NL0006311707,Arcona Property Fund,MERE,MERE,D,EUR,200,EAM,EAM,Euronext Amsterdam,netherlands,False,R,,,,,,,,,,,,,,,,,,,,,,,,,,,Arcona Property Fund,,,,,,,,,,,,,
NL0010228730,NL0010228731,Nederlandse Beleggingsmaatschappij voor Zeeschepen,NBZ,NBZ,D,EUR,200,EAM,EAM,Euronext Amsterdam,netherlands,False,R,,,,,,,,,,,,,,,,,,,,,,,,,,,Nederlandse Beleggingsmaatschappij voor Zeeschepen,,,,,,,,,,,,,
FR0000063034,FR0000063035,Fauvet-Girel Etablissements,FAUV,FAUV,D,EUR,710,EPA,EPA,Euronext Paris,france,False,R,,,,,,,,,,,,,,,,,,,,,,,,,,,Fauvet-Girel Etablissements,,,,,,,,,,,,,
FR0013251584,FR0013251585,HEALTH,MLAHC,MLAHC,D,EUR,710,EPA,EPA,Euronext Paris,france,False,R,,,,,,,,,,,,,,,,,,,,,,,,,,,HEALTH,,,,,,,,,,,,,
FR0010518605,FR0010518606,SILKAN RT,MLARI,MLARI,D,EUR,710,EPA,EPA,Euronext Paris,france,False,R,,,,,,,,,,,,,,,,,,,,,,,,,,,SILKAN RT,,,,,,,,,,,,,
FR0010717579,FR0010717580,Cecurity.com,MLCEC,MLCEC,D,EUR,710,EPA,EPA,Euronext Paris,france,False,R,,,,,,,,,,,,,,,,,,,,,,,,,,,Cecurity.com,,,,,,,,,,,,,
FR0004177939,FR0004177940,Datbim,MLDTB,MLDTB,D,EUR,710,EPA,EPA,Euronext Paris,france,False,R,,,,,,,,,,,,,,,,,,,,,,,,,,,Datbim,,,,,,,,,,,,,
SE0007045380,SE0007045381,Design Your Home,MLDYH,MLDYH,D,EUR,710,EPA,EPA,Euronext Paris,france,False,R,,,,,,,,,,,,,,,,,,,,,,,,,,,Design Your Home,,,,,,,,,,,,,
FR0012336675,FR0012336676,Gel Groupe,MLGEL,MLGEL,D,EUR,710,EPA,EPA,Euronext Paris,france,False,R,,,,,,,,,,,,,,,,,,,,,,,,,,,Gel Groupe,,,,,,,,,,,,,
FR0010515742,FR0010515743,Maisons d'Aujourd'hui,MLMAI,MLMAI,D,EUR,710,EPA,EPA,Euronext Paris,france,False,R,,,,,,,,,,,,,,,,,,,,,,,,,,,Maisons d'Aujourd'hui,,,,,,,,,,,,,
FR0012990968,FR0012990969,Mulann,MLMUL,MLMUL,D,EUR,710,EPA,EPA,Euronext Paris,france,False,R,,,,,,,,,,,,,,,,,,,,,,,,,,,Mulann,,,,,,,,,,,,,
FR0010358507,FR0010358508,Newsinvest,MLNEI,MLNEI,D,EUR,710,EPA,EPA,Euronext Paris,france,False,R,,,,,,,,,,,,,,,,,,,,,,,,,,,Newsinvest,,,,,,,,,,,,,
FR0013072741,FR0013072742,O Sorbet d'Amour,MLOSA,MLOSA,D,EUR,710,EPA,EPA,Euronext Paris,france,False,R,,,,,,,,,,,,,,,,,,,,,,,,,,,O Sorbet d'Amour,,,,,,,,,,,,,
FR0011040690,FR0011040691,TPSH,MLPSH,MLPSH,D,EUR,710,EPA,EPA,Euronext Paris,france,False,R,,,,,,,,,,,,,,,,,,,,,,,,,,,TPSH,,,,,,,,,,,,,
FR0013180189,FR0013180190,Un Toit pour Toi,MLUTP,MLUTP,D,EUR,710,EPA,EPA,Euronext Paris,france,False,R,,,,,,,,,,,,,,,,,,,,,,,,,,,Un Toit pour Toi,,,,,,,,,,,,,
FR0012833770,FR0012833771,Valoneo,MLVAL,MLVAL,D,EUR,710,EPA,EPA,Euronext Paris,france,False,R,,,,,,,,,,,,,,,,,,,,,,,,,,,Valoneo,,,,,,,,,,,,,
CH0451123589,CH0451123589-XMLI,BEACONSMIND,MLBMD,MLBMD,D,EUR,712,EPA,XMLI,Euronext Paris,france,False,R,,Consumer Digital Services,,,,,,,,,,,,,,,,,,,,,,,,,BEACONSMIND,,,,,,,,,,,,,
GRS528003007,GRS528003007-XMLI,THE AZUR SELECTION,MLAZR,MLAZR,D,EUR,712,EPA,XMLI,Euronext Paris,france,False,R,,Hotels and Motels,,,,,,,,,,,,,,,,,,,,,,,,,THE AZUR SELECTION,,,,,,,,,,,,,
