stock-id,name,trading-status,industry,business,child-business,market-cap,update-date,一级行业,二级行业,三级行业,证券名称,证券代码,总市值,asset_subtype,sym,mktcap,ls,am,ric,product_subtype,am_u,yld,pc,pe,nc,ccy,nm,mktcap_u,suspend,涨跌幅,最新价,成交额,股票代码,所属概念,异动值
00001,長和,N,綜合企業,綜合企業,綜合企業,147073708800.0,2024-04-26T16:02:11,综合企业,综合企业,综合企业,长和,00001.HK,1470.7,ODSH,1,147.83,38.600,240.5,0001.HK,,1000000.0,6.56,+1.05,6.29,+0.400,HKD,長和,B,,1.05,38.600,2.4,0001.HK,"小米,知名公司,长和系,香港",0.13605660084820578
00002,中電控股,N,公用事業,公用事業,傳統電力,158029483153.5,2024-04-26T16:02:11,公用事业,公用事业,传统电力,中电控股,00002.HK,1580.3,ODSH,2,158.78,62.850,109.08,0002.HK,,1000000.0,4.93,+0.32,23.86,+0.200,HKD,中電控股,B,,0.32,62.850,1.1,0002.HK,天然气,0.008006449996429143
00003,香港中華煤氣,N,公用事業,公用事業,燃氣,111399424485.06,2024-04-26T16:02:11,公用事业,公用事业,燃气,香港中华煤气,00003.HK,1114.0,ODSH,3,111.95,6.000,107.16,0003.HK,,1000000.0,5.83,-0.33,18.44,-0.020,HKD,香港中華煤氣,B,,-0.33,6.000,1.1,0003.HK,"天然气,宁德时代,生物质能发电,节能环保",0.008833330896694991
00004,九龍倉集團,N,地產建築,地產,地產發展商,77011888640.4,2024-04-26T16:02:11,地产建筑,地产,地产发展商,九龙仓集团,00004.HK,770.1,ODSH,4,76.85,25.150,25.2,0004.HK,,1000000.0,1.59,+0.20,81.34,+0.050,HKD,九龍倉集團,B,,0.2,25.150,0.3,0004.HK,"知名公司,租赁,香港房地产,香港",0.001006469135590214
00005,滙豐控股,N,金融,銀行,銀行,1224661704482.7,2024-04-26T16:02:11,金融,银行,银行,汇丰控股,00005.HK,12246.6,ODSH,5,"1,224.25",64.850,1.47,0005.HK,,1000000000.0,7.36,+0.15,7.23,+0.100,HKD,匯豐控股,B,,0.15,64.850,14.7,0005.HK,"知名公司,财产管理,香港,香港银行股",0.021088812850139742
00006,電能實業,N,公用事業,公用事業,傳統電力,96219397703.1,2024-04-26T16:02:11,公用事业,公用事业,传统电力,电能实业,00006.HK,962.2,ODSH,6,96.85,45.450,81.51,0006.HK,,1000000.0,6.20,0.00,16.14,0.000,HKD,電能實業,B,,0.0,45.450,0.8,0006.HK,"知名公司,长和系",0.0
00007,智富資源投資,S,非必需性消費,家庭電器及用品,消費電子產品,101124502.304,2024-04-26T16:02:09,非必需性消费,家庭电器及用品,消费电子产品,智富资源投资,00007.HK,1.0,ODSH,7,101.12,0.032,,0007.HK,,,,0.00,0.34,0.000,HKD,智富資源投資,M,True,0.0,0.032,0.0,0007.HK,天然气,0.0
00008,電訊盈科,N,電訊,電訊,電訊服務,30494174701.06,2024-04-26T16:02:11,科技,电讯,电讯服务,电讯盈科,00008.HK,304.9,ODSH,8,30.49,3.940,11.0,0008.HK,,1000000.0,9.71,+0.25,,+0.010,HKD,電訊盈科,B,,0.25,3.940,0.1,0008.HK,"数字经济,新经济,电信股,移动互联网,长和系",0.0005771218315968526
00009,金奧國際,S,地產建築,地產,地產發展商,46394278.177,2024-04-26T16:02:11,地产建筑,地产,地产发展商,金奥国际,00009.HK,0.5,ODSH,9,46.39,0.013,,0009.HK,,,,0.00,,0.000,HKD,金奧國際,M,True,0.0,0.013,0.0,0009.HK,"文化传媒,香港房地产",0.0
00010,恒隆集團,N,地產建築,地產,地產投資,12526887826.4,2024-04-26T16:02:11,地产建筑,地产,地产投资,恒隆集团,00010.HK,125.3,ODSH,10,12.51,9.190,12.81,0010.HK,,1000000.0,9.36,+0.55,4.45,+0.050,HKD,恒隆集團,B,,0.55,9.190,0.1,0010.HK,,0.002721729598316272
00011,恒生銀行,N,金融,銀行,銀行,196346248987.2,2024-04-26T16:02:11,金融,银行,银行,恒生银行,00011.HK,1963.5,ODSH,11,196.34,102.700,282.27,0011.HK,,1000000.0,6.33,+1.08,11.45,+1.100,HKD,恒生銀行,B,,1.08,102.700,2.8,0011.HK,"知名公司,财产管理,香港,香港银行股",0.1605611524595288
00012,恒基地產,N,地產建築,地產,地產發展商,114982941321.25,2024-04-26T16:02:11,地产建筑,地产,地产发展商,恒基地产,00012.HK,1149.8,ODSH,12,115.22,23.800,57.2,0012.HK,,1000000.0,7.56,+1.06,12.44,+0.250,HKD,恒基地產,B,,1.06,23.800,0.6,0012.HK,"天然气,蓝筹地产股,香港房地产,香港",0.03559715139682009
00013,和黃醫藥,N,醫療保健,藥品及生物科技,醫藥品,26529753421.5,2024-04-26T16:02:10,医疗保健,药品及生物科技,医药品,和黄医药,00013.HK,265.3,ODSH,13,26.39,30.300,106.87,0013.HK,,1000000.0,,-0.16,32.78,-0.050,HKD,和黃醫藥,B,,-0.16,30.300,1.1,0013.HK,"双重主要上市中概股,回港中概股,长和系",0.002819493283277772
00014,希慎興業,N,地產建築,地產,地產投資,12262478182.62,2024-04-26T16:02:11,地产建筑,地产,地产投资,希慎兴业,00014.HK,122.6,ODSH,14,12.30,11.980,6.65,0014.HK,,1000000.0,9.02,+1.35,,+0.160,HKD,希慎興業,B,,1.35,11.980,0.1,0014.HK,"租赁,高股息",0.012093413611477992
00016,新鴻基地產,N,地產建築,地產,地產發展商,210813514933.5,2024-04-26T16:02:11,地产建筑,地产,地产发展商,新鸿基地产,00016.HK,2108.1,ODSH,16,211.10,72.850,322.62,0016.HK,,1000000.0,6.38,+1.18,8.83,+0.850,HKD,新鴻基地產,B,,1.18,72.850,3.2,0016.HK,"现代服务业,蓝筹地产股,香港房地产,香港",0.20991559685923436
00017,新世界發展,N,地產建築,地產,地產發展商,20334396021.68,2024-04-26T16:02:10,地产建筑,地产,地产发展商,新世界发展,00017.HK,203.3,ODSH,17,20.46,8.130,59.94,0017.HK,,1000000.0,25.71,+2.78,20.85,+0.220,HKD,新世界發展,B,,2.78,8.130,0.6,0017.HK,"蓝筹地产股,连锁酒店,香港房地产,高股息",0.20104112998689044
00018,東方企控集團,N,非必需性消費,媒體及娛樂,出版,791312906.34,2024-04-26T16:02:11,非必需性消费,媒体及娱乐,出版,东方企控集团,00018.HK,7.9,ODSH,18,803.30,0.335,48.16,0018.HK,,1000.0,,+1.52,4.82,+0.005,HKD,東方企控集團,M,,1.52,0.335,0.0,0018.HK,文化传媒,0.0
00019,太古股份公司A,N,綜合企業,綜合企業,綜合企業,55196755200.0,2024-04-26T16:02:11,综合企业,综合企业,综合企业,太古股份公司A,00019.HK,552.0,ODSH,19,55.02,65.400,126.2,0019.HK,,1000000.0,17.31,+3.15,3.28,+2.000,HKD,太古股份公司Ａ,B,,3.15,65.400,1.3,0019.HK,"租赁,航空股,非酒精饮料,高股息",0.4517620944474783
00020,商湯-W,N,資訊科技,軟件服務,,39493331500.0,2024-04-26T16:02:11,科技,软件服务,软件开发,商汤-W,00020.HK,394.9,ODSH,20,40.83,1.220,3.93,0020.HK,,1000000000.0,,+46.99,,+0.390,HKD,商湯－Ｗ,B,,46.99,1.220,39.3,0020.HK,"AIGC,元宇宙,同股不同权,数字经济,数据中心,阿里巴巴",505.8938386032027
00021,大中華控股,N,地產建築,地產,地產發展商,604235477.712,2024-04-26T16:02:10,地产建筑,地产,地产发展商,大中华控股,00021.HK,6.0,ODSH,21,604.23,0.152,,0021.HK,,,,0.00,,0.000,HKD,大中華控股,M,,0.0,0.152,0.0,0021.HK,香港房地产,0.0
00022,茂盛控股,N,非必需性消費,旅遊及休閒設施,酒店及度假村,108151332.63,2024-04-26T16:02:11,非必需性消费,旅游及休闲设施,酒店及度假村,茂盛控股,00022.HK,1.1,ODSH,22,108.15,0.055,,0022.HK,,,,0.00,,0.000,HKD,茂盛控股,M,,0.0,0.055,0.0,0022.HK,连锁酒店,0.0
00023,東亞銀行,N,金融,銀行,銀行,25382900295.13,2024-04-26T16:02:10,金融,银行,银行,东亚银行,00023.HK,253.8,ODSH,23,25.48,9.630,7.66,0023.HK,,1000000.0,5.61,+2.01,7.30,+0.190,HKD,東亞銀行,B,,2.01,9.630,0.1,0023.HK,"财产管理,香港,香港银行股,高股息",0.019936433607164378
00025,其士國際,N,綜合企業,綜合企業,綜合企業,1268099448.0,2024-04-26T16:02:10,综合企业,综合企业,综合企业,其士国际,00025.HK,12.7,ODSH,25,1.26,4.200,16.8,0025.HK,,1000.0,8.10,-1.87,5.42,-0.080,HKD,CHEVALIER INT'L,B,,-1.87,4.200,0.0,0025.HK,现代服务业,0.0
00026,中華汽車,N,地產建築,地產,地產投資,2444950224.0,2024-04-26T16:02:11,地产建筑,地产,地产投资,中华汽车,00026.HK,24.4,ODSH,26,2.44,54.000,759.85,0026.HK,,1000.0,5.93,+0.19,,+0.100,HKD,中華汽車,B,,0.19,54.000,0.0,0026.HK,物业投资,0.0
00027,銀河娛樂,N,非必需性消費,旅遊及休閒設施,賭場及博彩,155481016499.1,2024-04-26T16:02:11,非必需性消费,旅游及休闲设施,赌场及博彩,银河娱乐,00027.HK,1554.8,ODSH,27,155.91,35.650,586.53,0027.HK,,1000000.0,1.40,+1.71,22.82,+0.600,HKD,銀河娛樂,B,,1.71,35.650,5.9,0027.HK,"博彩,知名公司",0.7193067526945489
00028,天安,N,地產建築,地產,地產發展商,5380475031.97,2024-04-26T16:02:10,地产建筑,地产,地产发展商,天安,00028.HK,53.8,ODSH,28,5.38,3.670,45.37,0028.HK,,1000.0,5.45,-1.87,4.42,-0.070,HKD,天安,B,,-1.87,3.670,0.0,0028.HK,香港房地产,0.0
00029,達力集團,N,地產建築,地產,地產投資,1735236871.3,2024-04-26T16:02:11,地产建筑,地产,地产投资,达力集团,00029.HK,17.4,ODSH,29,1.73,7.300,500.52,0029.HK,,1000.0,0.14,+1.39,261.65,+0.100,HKD,達力集團,B,,1.39,7.300,0.0,0029.HK,,0.0
00030,雲白國際,N,必需性消費,食品飲料,食品添加劑,951987982.4,2024-04-26T16:02:11,必需性消费,食品饮料,食品添加剂,云白国际,00030.HK,9.5,ODSH,30,951.98,0.140,988.85,0030.HK,,1000.0,,-3.45,4.98,-0.005,HKD,雲白國際,M,,-3.45,0.140,0.0,0030.HK,"移动互联网,食品添加剂",0.0
00031,航天控股,N,工業,工業工程,航空、航天及國防,925506564.6,2024-04-26T16:02:10,工业,工业工程,航空、航天及国防,航天控股,00031.HK,9.3,ODSH,31,894.65,0.290,141.09,0031.HK,,1000.0,,0.00,223.08,0.000,HKD,航天控股,M,,0.0,0.290,0.0,0031.HK,"军工股,红筹股",0.0
00032,港通控股,N,非必需性消費,支援服務,教育,2683355083.2,2024-04-26T16:02:11,非必需性消费,支援服务,教育,港通控股,00032.HK,26.8,ODSH,32,2.68,7.200,12.26,0032.HK,,1000.0,5.83,0.00,5.16,0.000,HKD,港通控股,B,,0.0,7.200,0.0,0032.HK,电子信息,0.0
00033,INTL GENIUS,N,非必需性消費,家庭電器及用品,玩具及消閒用品,3751407098.88,2024-04-26T16:02:10,非必需性消费,家庭电器及用品,玩具及消闲用品,INTL GENIUS,00033.HK,37.5,ODSH,33,3.75,6.730,3.43,0033.HK,,1000000.0,,+6.66,,+0.420,HKD,INTL GENIUS,B,,6.66,6.730,0.0,0033.HK,玩具及消闲用品,0.0
00034,九龍建業,N,地產建築,地產,地產發展商,6294977433.6,2024-04-26T16:02:11,地产建筑,地产,地产发展商,九龙建业,00034.HK,62.9,ODSH,34,6.31,5.370,1.8,0034.HK,,1000000.0,15.46,+4.07,18.74,+0.210,HKD,九龍建業,B,,4.07,5.370,0.0,0034.HK,香港房地产,0.0
00035,遠東發展,N,地產建築,地產,地產發展商,2930308374.24,2024-04-26T16:02:11,地产建筑,地产,地产发展商,远东发展,00035.HK,29.3,ODSH,35,2.93,1.040,1.2,0035.HK,,1000000.0,13.46,+1.96,16.15,+0.020,HKD,遠東發展,B,,1.96,1.040,0.0,0035.HK,"物业投资,香港房地产",0.0
00036,遠東控股國際,N,地產建築,地產,地產投資,54455929.65,2024-04-26T16:02:10,地产建筑,地产,地产投资,远东控股国际,00036.HK,0.5,ODSH,36,54.45,0.050,1.64,0036.HK,,1000.0,,-1.96,,-0.001,HKD,遠東控股國際,M,,-1.96,0.050,0.0,0036.HK,,0.0
00037,遠東酒店實業,N,地產建築,地產,地產投資,376264905.0,2024-04-26T16:02:11,地产建筑,地产,地产投资,远东酒店实业,00037.HK,3.8,ODSH,37,376.26,0.500,2.53,0037.HK,,1000000.0,,+1.01,,+0.005,HKD,遠東酒店實業,M,,1.01,0.500,0.0,0037.HK,连锁酒店,0.0
00038,第一拖拉機股份,N,工業,工業工程,重型機械,3206069200.0,2024-04-26T16:02:10,工业,工业工程,重型机械,第一拖拉机股份,00038.HK,32.1,ODSH,38,3.19,8.160,123.89,0038.HK,,1000000.0,4.19,+12.55,8.58,+0.910,HKD,第一拖拉機股份,B,,12.55,8.160,1.2,0038.HK,"国企改革,重型机械股",4.529930485185045
00039,中國北大荒,N,必需性消費,消費零售,超市及便利店,506584966.64,2024-04-26T16:02:11,必需性消费,消费零售,超市及便利店,中国北大荒,00039.HK,5.1,ODSH,39,506.58,0.080,104.84,0039.HK,,1000.0,,-6.98,,-0.006,HKD,中國北大荒,M,,-6.98,0.080,0.0,0039.HK,,0.0
00040,金山科技工業,N,非必需性消費,家庭電器及用品,消費電子產品,494356559.4,2024-04-26T16:02:11,非必需性消费,家庭电器及用品,消费电子产品,金山科技工业,00040.HK,4.9,ODSH,40,494.35,0.540,21.4,0040.HK,,1000.0,,-3.57,13.40,-0.020,HKD,金山科技工業,M,,-3.57,0.540,0.0,0040.HK,"消费电子,电子信息",0.0
00041,鷹君,N,地產建築,地產,地產投資,8748363136.5,2024-04-26T16:02:10,地产建筑,地产,地产投资,鹰君,00041.HK,87.5,ODSH,41,8.73,11.680,2.69,0041.HK,,1000000.0,7.45,+0.69,11.44,+0.080,HKD,鷹君,B,,0.69,11.680,0.0,0041.HK,"租赁,连锁酒店",0.0
00042,東北電氣,N,工業,工業工程,工業及設備,58038750.0,2024-04-26T16:02:11,工业,工业工程,工业及设备,东北电气,00042.HK,0.6,ODSH,42,58.03,0.225,4.05,0042.HK,,1000.0,,+2.27,,+0.005,HKD,東北電氣,M,,2.27,0.225,0.0,0042.HK,,0.0
00045,大酒店,N,非必需性消費,旅遊及休閒設施,酒店及度假村,10473907208.1,2024-04-26T16:02:11,非必需性消费,旅游及休闲设施,酒店及度假村,大酒店,00045.HK,104.7,ODSH,45,10.24,6.210,610.24,0045.HK,,1000.0,1.29,-2.97,70.17,-0.190,HKD,大酒店,B,,-2.97,6.210,0.0,0045.HK,连锁酒店,0.0
00046,科聯系統,N,資訊科技,軟件服務,系統開發及顧問,546949328.64,2024-04-26T16:02:10,科技,软件服务,系统开发及顾问,科联系统,00046.HK,5.5,ODSH,46,546.94,2.210,,0046.HK,,,4.98,0.00,16.37,0.000,HKD,科聯系統,M,,0.0,2.210,0.0,0046.HK,软件外包,0.0
00048,中國汽車內飾,S,非必需性消費,汽車,汽車零件,33096754.656,2024-04-26T16:02:10,非必需性消费,汽车,汽车零件,中国汽车内饰,00048.HK,0.3,ODSH,48,33.09,0.189,,0048.HK,,,,0.00,1.03,0.000,HKD,中國汽車內飾,M,True,0.0,0.189,0.0,0048.HK,汽车制造,0.0
00050,香港小輪(集團),N,地產建築,地產,地產投資,1517726741.58,2024-04-26T16:02:10,地产建筑,地产,地产投资,香港小轮(集团),00050.HK,15.2,ODSH,50,1.51,4.250,848.28,0050.HK,,1000.0,5.88,+0.24,7.95,+0.010,HKD,香港小輪（集團）,B,,0.24,4.250,0.0,0050.HK,物业投资,0.0
00051,海港企業,N,地產建築,地產,地產發展商,4167450000.0,2024-04-26T16:02:11,地产建筑,地产,地产发展商,海港企业,00051.HK,41.7,ODSH,51,4.18,5.900,52.92,0051.HK,,1000.0,,-0.34,,-0.020,HKD,海港企業,B,,-0.34,5.900,0.0,0051.HK,"物业投资,连锁酒店",0.0
00052,大快活集團,N,非必需性消費,旅遊及休閒設施,餐飲,1036422240.0,2024-04-26T16:02:10,非必需性消费,旅游及休闲设施,餐饮,大快活集团,00052.HK,10.4,ODSH,52,1.03,8.000,791.81,0052.HK,,1000.0,7.00,+0.25,23.09,+0.020,HKD,大快活集團,B,,0.25,8.000,0.0,0052.HK,"现代服务业,餐饮连锁,香港",0.0
00053,國浩集團,N,地產建築,地產,地產發展商,25468576270.2,2024-04-26T16:02:11,地产建筑,地产,地产发展商,国浩集团,00053.HK,254.7,ODSH,53,25.00,76.000,5.88,0053.HK,,1000000.0,3.95,+8.42,7.27,+5.900,HKD,國浩集團,B,,8.42,76.000,0.1,0053.HK,"物业投资,香港房地产",0.15304114216849354
00055,中星集團控股,N,工業,工業支援,印刷及包裝,63086504.544,2024-04-26T16:02:10,工业,工业支援,印刷及包装,中星集团控股,00055.HK,0.6,ODSH,55,63.08,0.249,46.27,0055.HK,,1000.0,,0.00,,0.000,HKD,中星集團控股,M,,0.0,0.249,0.0,0055.HK,,0.0
00057,震雄集團,N,工業,工業工程,工業及設備,851217660.0,2024-04-26T16:02:10,工业,工业工程,工业及设备,震雄集团,00057.HK,8.5,ODSH,57,851.21,1.350,160.84,0057.HK,,1000.0,7.63,+0.75,6.53,+0.010,HKD,震雄集團,M,,0.75,1.350,0.0,0057.HK,,0.0
00058,新威國際,N,地產建築,建築,建築材料,15086400.0,2024-04-26T16:02:11,地产建筑,建筑,建筑材料,新威国际,00058.HK,0.2,ODSH,58,15.08,0.084,,0058.HK,,,,0.00,,0.000,HKD,新威國際,M,,0.0,0.084,0.0,0058.HK,电子信息,0.0
00059,天譽置業,N,地產建築,地產,地產發展商,126694970.475,2024-04-26T16:02:10,地产建筑,地产,地产发展商,天誉置业,00059.HK,1.3,ODSH,59,126.69,0.015,63.2,0059.HK,,1000.0,,+7.14,,+0.001,HKD,天譽置業,M,,7.14,0.015,0.0,0059.HK,内地房地产,0.0
00060,香港食品投資,N,必需性消費,食品飲料,包裝食品,163539180.0,2024-04-26T16:02:10,必需性消费,食品饮料,包装食品,香港食品投资,00060.HK,1.6,ODSH,60,163.53,0.630,,0060.HK,,,,0.00,157.50,0.000,HKD,香港食品投資,M,,0.0,0.630,0.0,0060.HK,现代服务业,0.0
00061,綠領控股,N,能源,煤炭,煤炭,33680665.856,2024-04-26T16:02:11,能源,煤炭,煤炭,绿领控股,00061.HK,0.3,ODSH,61,33.68,0.064,31.16,0061.HK,,1000.0,,-1.54,,-0.001,HKD,綠領控股,M,,-1.54,0.064,0.0,0061.HK,"meitanhk,小金属",0.0
00062,載通,N,非必需性消費,旅遊及休閒設施,公交運輸,4439201199.64,2024-04-26T16:02:10,非必需性消费,旅游及休闲设施,公交运输,载通,00062.HK,44.4,ODSH,62,4.43,8.980,1.25,0062.HK,,1000000.0,8.91,-0.11,10.79,-0.010,HKD,載通,B,,-0.11,8.980,0.0,0062.HK,现代服务业,0.0
00063,中亞烯谷集團,N,地產建築,地產,地產投資,281910208.4,2024-04-26T16:02:10,地产建筑,地产,地产投资,中亚烯谷集团,00063.HK,2.8,ODSH,63,242.44,0.086,259.05,0063.HK,,1000.0,,-15.69,95.56,-0.016,HKD,中亞烯谷集團,M,,-15.69,0.086,0.0,0063.HK,物业投资,0.0
00064,結好控股,N,金融,其他金融,證券及經紀,1401092361.01,2024-04-26T16:02:11,金融,其他金融,证券及经纪,结好控股,00064.HK,14.0,ODSH,64,1.40,0.145,151.7,0064.HK,,1000.0,6.90,-0.68,7.63,-0.001,HKD,結好控股,B,,-0.68,0.145,0.0,0064.HK,财产管理,0.0
00065,弘海高新資源,N,能源,煤炭,煤炭,1084469657.98,2024-04-26T16:02:11,能源,煤炭,煤炭,弘海高新资源,00065.HK,10.8,ODSH,65,1.16,0.570,12.09,0065.HK,,1000000.0,,-3.39,,-0.020,HKD,弘海高新資源,B,,-3.39,0.570,0.1,0065.HK,"meitanhk,煤化工",0.08153176315349091
00066,港鐵公司,N,非必需性消費,旅遊及休閒設施,公交運輸,156673371506.4,2024-04-26T16:02:10,非必需性消费,旅游及休闲设施,公交运输,港铁公司,00066.HK,1566.7,ODSH,66,156.98,25.250,91.48,0066.HK,,1000000.0,5.19,+1.00,20.12,+0.250,HKD,港鐵公司,B,,1.0,25.250,0.9,0066.HK,"物业投资,知名公司,香港",0.04676893260545271
00069,香格里拉(亞洲),N,非必需性消費,旅遊及休閒設施,酒店及度假村,20329927067.52,2024-04-26T16:02:10,非必需性消费,旅游及休闲设施,酒店及度假村,香格里拉(亚洲),00069.HK,203.3,ODSH,69,20.32,5.670,2.75,0069.HK,,1000000.0,2.65,+0.35,14.08,+0.020,HKD,香格里拉（亞洲）,B,,0.35,5.670,0.0,0069.HK,"冬奥会,知名公司,节假日,连锁酒店",0.0
00070,金粵控股,N,綜合企業,綜合企業,綜合企業,96941134.5,2024-04-26T16:02:11,综合企业,综合企业,综合企业,金粤控股,00070.HK,1.0,ODSH,70,96.94,0.050,33.38,0070.HK,,1000.0,,+19.05,,+0.008,HKD,金粵控股,M,,19.05,0.050,0.0,0070.HK,博彩,0.0
00071,美麗華酒店,N,地產建築,地產,地產投資,6799043398.8,2024-04-26T16:02:11,地产建筑,地产,地产投资,美丽华酒店,00071.HK,68.0,ODSH,71,6.80,9.850,1.24,0071.HK,,1000000.0,5.38,-0.51,6.97,-0.050,HKD,美麗華酒店,B,,-0.51,9.850,0.0,0071.HK,"旅游及观光,物业投资",0.0
00072,超媒體控股,N,非必需性消費,媒體及娛樂,出版,86355473.823,2024-04-26T16:02:10,非必需性消费,媒体及娱乐,出版,超媒体控股,00072.HK,0.9,ODSH,72,92.49,0.211,22.23,0072.HK,,1000.0,,-3.21,,-0.007,HKD,超媒體控股,M,,-3.21,0.211,0.0,0072.HK,文化传媒,0.0
00073,亞洲果業,N,必需性消費,農產品,農產品相關,39486401.85,2024-04-26T16:02:09,必需性消费,农产品,农产品相关,亚洲果业,00073.HK,0.4,ODSH,73,39.48,2.650,5.35,0073.HK,,1000.0,,+3.52,,+0.090,HKD,亞洲果業,M,,3.52,2.650,0.0,0073.HK,农业现代化,0.0
00075,渝太地產,N,地產建築,地產,地產發展商,319822966.0,2024-04-26T16:02:11,地产建筑,地产,地产发展商,渝太地产,00075.HK,3.2,ODSH,75,319.82,0.400,,0075.HK,,,,0.00,,0.000,HKD,渝太地產,M,,0.0,0.400,0.0,0075.HK,"物业投资,香港房地产",0.0
00076,誼礫控股,N,工業,工業工程,工業及設備,72568814.6,2024-04-26T16:02:10,工业,工业工程,工业及设备,谊砾控股,00076.HK,0.7,ODSH,76,72.56,0.200,371.62,0076.HK,,,,0.00,5.13,0.000,HKD,誼礫控股,M,,0.0,0.200,0.0,0076.HK,天然气,0.0
00077,進智公共交通,N,非必需性消費,旅遊及休閒設施,公交運輸,163147800.0,2024-04-26T16:02:10,非必需性消费,旅游及休闲设施,公交运输,进智公共交通,00077.HK,1.6,ODSH,77,163.14,0.600,,0077.HK,,,15.00,0.00,4.15,0.000,HKD,進智公共交通,M,,0.0,0.600,0.0,0077.HK,现代服务业,0.0
00078,富豪國際,N,非必需性消費,旅遊及休閒設施,酒店及度假村,2211004539.18,2024-04-26T16:02:11,非必需性消费,旅游及休闲设施,酒店及度假村,富豪国际,00078.HK,22.1,ODSH,78,2.21,2.460,105.1,0078.HK,,1000.0,,-0.81,,-0.020,HKD,REGAL INT'L,B,,-0.81,2.460,0.0,0078.HK,"物业投资,连锁酒店",0.0
00079,世紀建業,N,非必需性消費,支援服務,其他支援服務,18912490.534,2024-04-26T16:02:11,非必需性消费,支援服务,其他支援服务,世纪建业,00079.HK,0.2,ODSH,79,18.91,0.058,,0079.HK,,,,0.00,,0.000,HKD,世紀建業,M,,0.0,0.058,0.0,0079.HK,物业投资,0.0
00080,中國新經濟投資,N,金融,其他金融,資產管理,236226349.046,2024-04-26T16:02:09,金融,其他金融,资产管理,中国新经济投资,00080.HK,2.4,ODSH,80,236.22,0.179,81.62,0080.HK,,1000.0,,-5.79,,-0.011,HKD,中國新經濟投資,M,,-5.79,0.179,0.0,0080.HK,"创投,现代服务业",0.0
00081,中國海外宏洋集團,N,地產建築,地產,地產發展商,5837374560.48,2024-04-26T16:02:11,地产建筑,地产,地产发展商,中国海外宏洋集团,00081.HK,58.4,ODSH,81,5.87,1.650,43.74,0081.HK,,1000000.0,9.70,+8.55,2.39,+0.130,HKD,中國海外宏洋集團,B,,8.55,1.650,0.4,0081.HK,"租售同权,红筹股,香港房地产",0.804271793824131
00082,瘋狂體育,N,資訊科技,軟件服務,綫上遊戲,371143106.244,2024-04-26T16:02:11,科技,软件服务,线上游戏,疯狂体育,00082.HK,3.7,ODSH,82,371.14,0.082,301.25,0082.HK,,1000.0,,+3.80,,+0.003,HKD,瘋狂體育,M,,3.8,0.082,0.0,0082.HK,"互联网+,彩票股,手机游戏,网络游戏",0.0
00083,信和置業,N,地產建築,地產,地產發展商,70754796078.96,2024-04-26T16:02:10,地产建筑,地产,地产发展商,信和置业,00083.HK,707.5,ODSH,83,71.27,8.240,22.89,0083.HK,,1000000.0,7.04,+1.48,11.18,+0.120,HKD,信和置業,B,,1.48,8.240,0.2,0083.HK,"物业投资,蓝筹地产股,香港房地产,香港,高股息",0.021501085102357907
00084,寶光實業,N,非必需性消費,零售相關,其他零售,87903818.1,2024-04-26T16:02:11,非必需性消费,零售相关,其他零售,宝光实业,00084.HK,0.9,ODSH,84,88.95,0.085,44.44,0084.HK,,1000.0,,+2.41,1.75,+0.002,HKD,寶光實業,M,,2.41,0.085,0.0,0084.HK,奢侈品股,0.0
00085,中電華大科技,N,資訊科技,半導體,半導體供應,2740327200.0,2024-04-26T16:02:10,科技,半导体,半导体供应,中电华大科技,00085.HK,27.4,ODSH,85,2.74,1.350,3.77,0085.HK,,1000000.0,7.78,+3.85,3.99,+0.050,HKD,中電華大科技,B,,3.85,1.350,0.0,0085.HK,"红筹股,芯片替代",0.0
00086,新鴻基公司,N,金融,其他金融,信貸,4696752698.27,2024-04-26T16:02:11,金融,其他金融,信贷,新鸿基公司,00086.HK,47.0,ODSH,86,4.69,2.390,969.02,0086.HK,,1000.0,10.88,+2.58,,+0.060,HKD,新鴻基公司,B,,2.58,2.390,0.0,0086.HK,财产管理,0.0
00087,太古股份公司B,N,綜合企業,綜合企業,綜合企業,30039817200.0,2024-04-26T16:02:10,综合企业,综合企业,综合企业,太古股份公司B,00087.HK,300.4,ODSH,87,30.04,10.340,15.29,0087.HK,,1000000.0,21.90,+0.98,2.59,+0.100,HKD,太古股份公司Ｂ,B,,0.98,10.340,0.2,0087.HK,"航空股,非酒精饮料,高股息",0.012527314211499014
00088,大昌集團,N,地產建築,地產,地產發展商,2025503074.0,2024-04-26T16:02:10,地产建筑,地产,地产发展商,大昌集团,00088.HK,20.3,ODSH,88,2.02,3.280,134.48,0088.HK,,1000.0,7.32,0.00,,0.000,HKD,大昌集團有限公司,B,,0.0,3.280,0.0,0088.HK,"物业投资,香港房地产",0.0
00089,大生地產,N,地產建築,地產,地產投資,575339352.0,2024-04-26T16:02:10,地产建筑,地产,地产投资,大生地产,00089.HK,5.8,ODSH,89,575.33,2.000,262.0,0089.HK,,1000.0,6.00,+0.50,,+0.010,HKD,大生地產,M,,0.5,2.000,0.0,0089.HK,物业投资,0.0
00090,普星能量,N,公用事業,公用事業,潔能,162803000.0,2024-04-26T16:02:10,公用事业,公用事业,洁能,普星能量,00090.HK,1.6,ODSH,90,162.80,0.355,,0090.HK,,,,0.00,2.15,0.000,HKD,普星能量,M,,0.0,0.355,0.0,0090.HK,节能环保,0.0
00091,金禧國際控股,S,能源,石油及天然氣,油氣生產商,106900720.68,2024-04-26T16:02:11,能源,石油及天然气,油气生产商,金禧国际控股,00091.HK,1.1,ODSH,91,106.90,0.024,,0091.HK,,,,0.00,,0.000,HKD,金禧國際控股,M,True,0.0,0.024,0.0,0091.HK,煤化工,0.0
00092,冠軍科技集團,N,能源,石油及天然氣,油氣生產商,152494279.104,2024-04-26T16:02:10,能源,石油及天然气,油气生产商,冠军科技集团,00092.HK,1.5,ODSH,92,152.49,0.223,50.85,0092.HK,,1000.0,,+1.36,,+0.003,HKD,冠軍科技集團,M,,1.36,0.223,0.0,0092.HK,"彩票股,现代服务业",0.0
00093,TERMBRAY IND,N,金融,其他金融,信貸,1653938691.0,2024-04-26T16:02:10,金融,其他金融,信贷,TERMBRAY IND,00093.HK,16.5,ODSH,93,1.65,0.620,,0093.HK,,,,0.00,137.78,0.000,HKD,TERMBRAY IND,B,,0.0,0.620,0.0,0093.HK,物业投资,0.0
00094,綠心集團,N,原材料,其他原材料,林業及木材,92749552.8,2024-04-26T16:02:10,原材料,其他原材料,林业及木材,绿心集团,00094.HK,0.9,ODSH,94,92.74,0.050,,0094.HK,,,,0.00,,0.000,HKD,綠心集團,M,,0.0,0.050,0.0,0094.HK,,0.0
00095,綠景中國地產,N,地產建築,地產,地產發展商,3619369822.25,2024-04-26T16:02:10,地产建筑,地产,地产发展商,绿景中国地产,00095.HK,36.2,ODSH,95,3.61,0.710,17.2,0095.HK,,1000000.0,,+10.94,,+0.070,HKD,綠景中國地產,B,,10.94,0.710,0.2,0095.HK,香港房地产,0.614561925649944
00096,友成控股,N,工業,工業工程,工業及設備,331005792.0,2024-04-26T16:02:10,工业,工业工程,工业及设备,友成控股,00096.HK,3.3,ODSH,96,331.00,0.520,,0096.HK,,,2.67,0.00,3.91,0.000,HKD,ＹＵＳＥＩ,M,,0.0,0.520,0.0,0096.HK,汽车制造,0.0
00097,恒基發展,N,非必需性消費,零售相關,其他零售,347395323.03,2024-04-26T16:02:10,非必需性消费,零售相关,其他零售,恒基发展,00097.HK,3.5,ODSH,97,347.39,0.114,29.18,0097.HK,,1000.0,,+1.79,,+0.002,HKD,恒基發展,M,,1.79,0.114,0.0,0097.HK,物业投资,0.0
00098,興發鋁業,N,原材料,一般金屬及礦石,鋁,3129629556.96,2024-04-26T16:02:10,原材料,一般金属及矿石,铝,兴发铝业,00098.HK,31.3,ODSH,98,3.12,7.440,209.4,0098.HK,,1000.0,8.60,-1.85,3.62,-0.140,HKD,興發鋁業,B,,-1.85,7.440,0.0,0098.HK,"小金属,铝",0.0
00099,王氏國際,N,工業,工業工程,電子設備,641168283.96,2024-04-26T16:02:10,工业,工业工程,电子设备,王氏国际,00099.HK,6.4,ODSH,99,645.95,1.350,43.2,0099.HK,,1000.0,4.44,0.00,4.23,0.000,HKD,王氏國際,M,,0.0,1.350,0.0,0099.HK,电子信息,0.0
00101,恒隆地產,N,地產建築,地產,地產投資,37838782234.7,2024-04-26T16:02:10,地产建筑,地产,地产投资,恒隆地产,00101.HK,378.4,ODSH,101,37.88,8.420,76.68,0101.HK,,1000000.0,9.26,+0.60,9.54,+0.050,HKD,恒隆地產,B,,0.6,8.420,0.8,0101.HK,"物业投资,香港",0.021286395194275946
00102,凱升控股,S,非必需性消費,旅遊及休閒設施,賭場及博彩,211943895.73,2024-04-26T16:02:10,非必需性消费,旅游及休闲设施,赌场及博彩,凯升控股,00102.HK,2.1,ODSH,102,211.94,0.047,,0102.HK,,,,0.00,18.08,0.000,HKD,凱升控股,M,True,0.0,0.047,0.0,0102.HK,博彩,0.0
00103,首佳科技,N,工業,工業工程,商用車及貨車,438677529.472,2024-04-26T16:02:10,工业,工业工程,商用车及货车,首佳科技,00103.HK,4.4,ODSH,103,438.67,0.224,,0103.HK,,,4.46,-0.44,7.07,-0.001,HKD,首佳科技,M,,-0.44,0.224,0.0,0103.HK,"新材料,红筹股",0.0
00104,冠亞商業集團,N,非必需性消費,零售相關,其他零售,239079430.4,2024-04-26T16:02:10,非必需性消费,零售相关,其他零售,冠亚商业集团,00104.HK,2.4,ODSH,104,239.07,0.320,,0104.HK,,,14.66,0.00,5.48,0.000,HKD,ASIA COMM HOLD,M,,0.0,0.320,0.0,0104.HK,,0.0
00105,凱聯國際酒店,N,地產建築,地產,地產投資,1908000000.0,2024-04-26T16:02:10,地产建筑,地产,地产投资,凯联国际酒店,00105.HK,19.1,ODSH,105,1.90,5.300,,0105.HK,,,7.36,0.00,,0.000,HKD,凱聯國際酒店,B,,0.0,5.300,0.0,0105.HK,物业投资,0.0
00106,朗詩綠色管理,N,地產建築,地產,地產發展商,226670762.16,2024-04-26T16:02:10,地产建筑,地产,地产发展商,朗诗绿色管理,00106.HK,2.3,ODSH,106,226.67,0.048,3.98,0106.HK,,1000.0,,-20.00,,-0.012,HKD,朗詩綠色管理,M,,-20.0,0.048,0.0,0106.HK,"养老,香港房地产",0.0
00107,四川成渝高速公路,N,工業,工業運輸,鐵路及公路,2847117600.0,2024-04-26T16:02:10,工业,工业运输,铁路及公路,四川成渝高速公路,00107.HK,28.5,ODSH,107,2.86,3.200,4.68,0107.HK,,1000000.0,8.03,0.00,7.67,0.000,HKD,四川成渝高速公路,B,,0.0,3.200,0.0,0107.HK,国企改革,0.0
00108,國銳生活,N,地產建築,地產,物業管理及服務,1007802805.59,2024-04-26T16:02:10,地产建筑,地产,物业管理及服务,国锐生活,00108.HK,10.1,ODSH,108,991.80,0.310,136.76,0108.HK,,1000.0,,-10.14,,-0.035,HKD,國銳生活,M,,-10.14,0.310,0.0,0108.HK,"物业投资,物业管理",0.0
00110,中國長遠,N,資訊科技,資訊科技器材,電訊設備,57120089.76,2024-04-26T16:02:11,科技,资讯科技器材,电讯设备,中国长远,00110.HK,0.6,ODSH,110,57.12,0.270,,0110.HK,,,,0.00,,0.000,HKD,中國長遠,M,,0.0,0.270,0.0,0110.HK,"小金属,电讯设备",0.0
00111,信達國際控股,N,金融,其他金融,資產管理,152606932.8,2024-04-26T16:02:10,金融,其他金融,资产管理,信达国际控股,00111.HK,1.5,ODSH,111,152.60,0.238,61.5,0111.HK,,1000.0,,0.00,,0.000,HKD,信達國際控股,M,,0.0,0.238,0.0,0111.HK,"中资券商股,红筹股,财产管理",0.0
00113,迪生創建,N,非必需性消費,紡織及服飾,其他服飾配件,1998608236.56,2024-04-26T16:02:10,非必需性消费,纺织及服饰,其他服饰配件,迪生创建,00113.HK,20.0,ODSH,113,2.00,5.080,142.06,0113.HK,,1000.0,7.28,+1.20,7.93,+0.060,HKD,迪生創建,B,,1.2,5.080,0.0,0113.HK,奢侈品股,0.0
00114,興利集團,N,非必需性消費,家庭電器及用品,玩具及消閒用品,272020843.35,2024-04-26T16:02:10,非必需性消费,家庭电器及用品,玩具及消闲用品,兴利集团,00114.HK,2.7,ODSH,114,296.20,0.490,4.7,0114.HK,,1000.0,12.24,+11.36,3.60,+0.050,HKD,HERALD HOLD,M,,11.36,0.490,0.0,0114.HK,"玩具及消闲用品,现代服务业",0.0
00115,鈞濠集團,N,地產建築,地產,地產發展商,35518534.885,2024-04-26T16:02:10,地产建筑,地产,地产发展商,钧濠集团,00115.HK,0.4,ODSH,115,35.51,0.145,6.16,0115.HK,,1000.0,,0.00,,0.000,HKD,鈞濠集團,M,,0.0,0.145,0.0,0115.HK,"物业投资,香港房地产",0.0
00116,周生生,N,非必需性消費,零售相關,其他零售,5710768620.0,2024-04-26T16:02:10,非必需性消费,零售相关,其他零售,周生生,00116.HK,57.1,ODSH,116,5.71,8.430,7.14,0116.HK,,1000000.0,7.12,+1.69,5.64,+0.140,HKD,周生生,B,,1.69,8.430,0.1,0116.HK,"奢侈品股,知名公司,香港",0.019747122984660144
00117,天利控股集團,N,工業,工業工程,工業及設備,215977500.0,2024-04-26T16:02:10,工业,工业工程,工业及设备,天利控股集团,00117.HK,2.2,ODSH,117,215.97,0.290,,0117.HK,,,,+1.75,,+0.005,HKD,天利控股集團,M,,1.75,0.290,0.0,0117.HK,集成电路,0.0
00118,大同機械,N,工業,工業工程,工業及設備,146528217.64,2024-04-26T16:02:10,工业,工业工程,工业及设备,大同机械,00118.HK,1.5,ODSH,118,146.52,0.170,,0118.HK,,,,0.00,,0.000,HKD,大同機械,M,,0.0,0.170,0.0,0118.HK,,0.0
00119,保利置業集團,N,地產建築,地產,地產發展商,5158597209.3,2024-04-26T16:02:10,地产建筑,地产,地产发展商,保利置业集团,00119.HK,51.6,ODSH,119,5.15,1.350,19.25,0119.HK,,1000000.0,6.15,+4.65,3.33,+0.060,HKD,保利置業集團,B,,4.65,1.350,0.2,0119.HK,"内地房地产,红筹股",0.17873216274075113
00120,四海國際,N,地產建築,地產,地產發展商,805753357.5,2024-04-26T16:02:10,地产建筑,地产,地产发展商,四海国际,00120.HK,8.1,ODSH,120,805.75,0.650,7.95,0120.HK,,1000000.0,,+4.84,,+0.030,HKD,COSMOPOL INT'L,M,,4.84,0.650,0.1,0120.HK,"物业投资,香港房地产",0.14622127948003105
00122,鱷魚恤,N,非必需性消費,紡織及服飾,服裝,170557865.04,2024-04-26T16:02:10,非必需性消费,纺织及服饰,服装,鳄鱼恤,00122.HK,1.7,ODSH,122,170.55,0.120,14.4,0122.HK,,1000.0,,0.00,,0.000,HKD,鱷魚恤,M,,0.0,0.120,0.0,0122.HK,品牌服饰,0.0
00123,越秀地產,N,地產建築,地產,地產發展商,17671474888.07,2024-04-26T16:02:10,地产建筑,地产,地产发展商,越秀地产,00123.HK,176.7,ODSH,123,17.79,4.420,138.04,0123.HK,,1000000.0,8.60,+9.41,4.83,+0.380,HKD,越秀地產,B,,9.41,4.420,1.4,0123.HK,"MSCI,养老,内地房地产,红筹股",2.6320852247064566
00124,粵海置地,N,地產建築,地產,地產發展商,479230318.0,2024-04-26T16:02:10,地产建筑,地产,地产发展商,粤海置地,00124.HK,4.8,ODSH,124,496.34,0.290,190.85,0124.HK,,1000.0,10.34,+9.43,,+0.025,HKD,粵海置地,M,,9.43,0.290,0.0,0124.HK,"粤港澳,红筹股,香港房地产",0.0
00125,新興光學,N,非必需性消費,紡織及服飾,其他服飾配件,173433668.76,2024-04-26T16:02:10,非必需性消费,纺织及服饰,其他服饰配件,新兴光学,00125.HK,1.7,ODSH,125,173.43,0.660,,0125.HK,,,4.55,0.00,,0.000,HKD,新興光學,M,,0.0,0.660,0.0,0125.HK,现代服务业,0.0
00126,佳寧娜,N,非必需性消費,旅遊及休閒設施,餐飲,353555869.5,2024-04-26T16:02:10,非必需性消费,旅游及休闲设施,餐饮,佳宁娜,00126.HK,3.5,ODSH,126,353.55,0.225,,0126.HK,,,,0.00,,0.000,HKD,佳寧娜,M,,0.0,0.225,0.0,0126.HK,餐饮连锁,0.0
00127,華人置業,N,地產建築,地產,地產投資,1983923842.16,2024-04-26T16:02:10,地产建筑,地产,地产投资,华人置业,00127.HK,19.8,ODSH,127,1.98,1.040,2.58,0127.HK,,1000000.0,,+0.97,25.81,+0.010,HKD,華人置業,B,,0.97,1.040,0.0,0127.HK,"物业投资,知名公司,香港",0.0
00128,安寧控股,N,非必需性消費,零售相關,服裝零售,536464069.7,2024-04-26T16:02:10,非必需性消费,零售相关,服装零售,安宁控股,00128.HK,5.4,ODSH,128,528.21,0.320,613.64,0128.HK,,1000.0,,+6.67,,+0.020,HKD,安寧控股,M,,6.67,0.320,0.0,0128.HK,,0.0
00129,泛海集團,N,金融,其他金融,資產管理,541110738.08,2024-04-26T16:02:10,金融,其他金融,资产管理,泛海集团,00129.HK,5.4,ODSH,129,541.11,0.410,820.0,0129.HK,,,,+7.89,0.68,+0.030,HKD,泛海集團,M,,7.89,0.410,0.0,0129.HK,连锁酒店,0.0
00130,慕詩國際,N,非必需性消費,紡織及服飾,服裝,50387750.0,2024-04-26T16:02:10,非必需性消费,纺织及服饰,服装,慕诗国际,00130.HK,0.5,ODSH,130,50.38,0.175,,0130.HK,,,,0.00,,0.000,HKD,慕詩國際,M,,0.0,0.175,0.0,0130.HK,品牌服饰,0.0
00131,卓能(集團),N,地產建築,地產,地產投資,1083443456.46,2024-04-26T16:02:10,地产建筑,地产,地产投资,卓能(集团),00131.HK,10.8,ODSH,131,1.08,1.660,,0131.HK,,,3.16,0.00,51.08,0.000,HKD,卓能（集團）,B,,0.0,1.660,0.0,0131.HK,"物业投资,香港房地产",0.0
00132,興業控股,N,綜合企業,綜合企業,綜合企業,217465801.034,2024-04-26T16:02:10,综合企业,综合企业,综合企业,兴业控股,00132.HK,2.2,ODSH,132,217.46,0.127,5.87,0132.HK,,1000.0,3.31,+1.60,8.09,+0.002,HKD,興業控股,M,,1.6,0.127,0.0,0132.HK,健康产业,0.0
00133,招商局中國基金,N,基金,基金,股票,1489816867.14,2024-04-26T16:02:10,基金,基金,股票,招商局中国基金,00133.HK,14.9,ODSH,133,1.48,9.780,1.74,0133.HK,,1000000.0,6.38,0.00,33.38,0.000,HKD,招商局中國基金,B,,0.0,9.780,0.0,0133.HK,"物业投资,独角兽,红筹股",0.0
00135,昆侖能源,N,公用事業,公用事業,燃氣,65720304963.72,2024-04-26T16:02:10,公用事业,公用事业,燃气,昆仑能源,00135.HK,657.2,ODSH,135,65.98,7.620,117.38,0135.HK,,1000000.0,4.00,+1.60,10.86,+0.120,HKD,昆侖能源,B,,1.6,7.620,1.2,0135.HK,"天然气,石油股,红筹股,页岩气",0.1471356103816958
00136,中國儒意,N,非必需性消費,媒體及娛樂,影視娛樂,21549769433.7,2024-04-26T16:02:11,非必需性消费,媒体及娱乐,影视娱乐,中国儒意,00136.HK,215.5,ODSH,136,21.43,1.850,53.29,0136.HK,,1000000.0,,+3.35,26.39,+0.060,HKD,中國儒意,B,,3.35,1.850,0.5,0136.HK,"MSCI,互联网+,手机游戏,新经济,短视频,网络游戏,腾讯",0.21791245824916813
00137,金輝集團,N,工業,工業運輸,航運及港口,360596846.4,2024-04-26T16:02:10,工业,工业运输,航运及港口,金辉集团,00137.HK,3.6,ODSH,137,328.77,0.620,36.6,0137.HK,,1000.0,,-8.82,,-0.060,HKD,金輝集團,M,,-8.82,0.620,0.0,0137.HK,,0.0
00138,中建富通,N,非必需性消費,零售相關,汽車零售,240654217.8,2024-04-26T16:02:10,非必需性消费,零售相关,汽车零售,中建富通,00138.HK,2.4,ODSH,138,240.65,0.150,,0138.HK,,,,-3.85,,-0.006,HKD,中建富通,M,,-3.85,0.150,0.0,0138.HK,"婴童,汽车零售",0.0
00139,中達集團控股,N,金融,其他金融,證券及經紀,368659510.142,2024-04-26T16:02:10,金融,其他金融,证券及经纪,中达集团控股,00139.HK,3.7,ODSH,139,385.41,0.023,1.22,0139.HK,,1000000.0,,0.00,,0.000,HKD,中達集團控股,M,,0.0,0.023,0.0,0139.HK,集成电路,0.0
00142,第一太平,N,必需性消費,食品飲料,包裝食品,15148440234.9,2024-04-26T16:02:10,必需性消费,食品饮料,包装食品,第一太平,00142.HK,151.5,ODSH,142,15.23,3.590,21.48,0142.HK,,1000000.0,6.41,+0.28,3.90,+0.010,HKD,第一太平,B,,0.28,3.590,0.2,0142.HK,,0.0015849966894857129
00144,招商局港口,N,工業,工業運輸,航運及港口,43491375166.96,2024-04-26T16:02:10,工业,工业运输,航运及港口,招商局港口,00144.HK,434.9,ODSH,144,43.65,10.400,40.04,0144.HK,,1000000.0,6.73,+0.97,6.79,+0.100,HKD,招商局港口,B,,0.97,10.400,0.4,0144.HK,"物流,知名公司,粤港澳,红筹股,自由贸易港,财产管理",0.023353178139705597
00145,信能低碳,N,非必需性消費,支援服務,其他支援服務,61035315.84,2024-04-26T16:02:10,非必需性消费,支援服务,其他支援服务,信能低碳,00145.HK,0.6,ODSH,145,61.03,0.360,338.33,0145.HK,,1000.0,,0.00,,0.000,HKD,信能低碳,M,,0.0,0.360,0.0,0145.HK,,0.0
00146,太平地氈,N,非必需性消費,紡織及服飾,紡織品及布料,246137486.08,2024-04-26T16:02:10,非必需性消费,纺织及服饰,纺织品及布料,太平地毡,00146.HK,2.5,ODSH,146,246.13,1.160,,0146.HK,,,7.76,0.00,6.41,0.000,HKD,TAI PING CARPET,M,,0.0,1.160,0.0,0146.HK,,0.0
00147,國際商業結算,N,地產建築,地產,地產發展商,1402015990.08,2024-04-26T16:02:10,地产建筑,地产,地产发展商,国际商业结算,00147.HK,14.0,ODSH,147,1.40,0.069,10.32,0147.HK,,1000.0,,0.00,,0.000,HKD,國際商業結算,B,,0.0,0.069,0.0,0147.HK,"节能环保,香港房地产",0.0
00148,建滔集團,N,工業,工業工程,工業及設備,17777320245.44,2024-04-26T16:02:10,工业,工业工程,工业及设备,建滔集团,00148.HK,177.8,ODSH,148,17.79,16.060,41.04,0148.HK,,1000000.0,6.35,+5.38,8.63,+0.820,HKD,建滔集團,B,,5.38,16.060,0.4,0148.HK,"MSCI,新经济,集成电路",0.35151452585697285
00149,中國農產品交易,N,地產建築,地產,地產發展商,427981916.346,2024-04-26T16:02:10,地产建筑,地产,地产发展商,中国农产品交易,00149.HK,4.3,ODSH,149,427.98,0.043,51.34,0149.HK,,1000.0,,0.00,61.43,0.000,HKD,中國農產品交易,M,,0.0,0.043,0.0,0149.HK,"农业现代化,香港房地产",0.0
00150,HYPEBEAST,N,非必需性消費,媒體及娛樂,廣告及宣傳,468341464.668,2024-04-26T16:02:09,非必需性消费,媒体及娱乐,广告及宣传,HYPEBEAST,00150.HK,4.7,ODSH,150,468.34,0.228,74.36,0150.HK,,1000.0,,+3.64,,+0.008,HKD,HYPEBEAST,M,,3.64,0.228,0.0,0150.HK,,0.0
00151,中國旺旺,N,必需性消費,食品飲料,包裝食品,53389992010.2,2024-04-26T16:02:10,必需性消费,食品饮料,包装食品,中国旺旺,00151.HK,533.9,ODSH,151,53.38,4.520,21.35,0151.HK,,1000000.0,3.64,+0.22,14.91,+0.010,HKD,中國旺旺,B,,0.22,4.520,0.2,0151.HK,"三胎,台资企业,知名公司",0.0008414176769072506
00152,深圳國際,N,工業,工業運輸,鐵路及公路,14717865661.2,2024-04-26T16:02:10,工业,工业运输,铁路及公路,深圳国际,00152.HK,147.2,ODSH,152,14.71,6.150,31.32,0152.HK,,1000000.0,6.50,+0.82,7.73,+0.050,HKD,深圳國際,B,,0.82,6.150,0.3,0152.HK,"MSCI,智能物流,物流,红筹股",0.015658994089205888
00154,北京控股環境集團,N,工業,工業工程,環保工程,510122451.0,2024-04-26T16:02:10,工业,工业工程,环保工程,北京控股环境集团,00154.HK,5.1,ODSH,154,510.12,0.340,1.68,0154.HK,,1000.0,,+1.49,2.49,+0.005,HKD,北京控股環境集團,M,,1.49,0.340,0.0,0154.HK,"生物质能发电,红筹股,节能环保",0.0
00156,力寶華潤,N,非必需性消費,旅遊及休閒設施,餐飲,725766104.09,2024-04-26T16:02:10,非必需性消费,旅游及休闲设施,餐饮,力宝华润,00156.HK,7.3,ODSH,156,725.76,0.790,57.96,0156.HK,,1000.0,,-1.25,,-0.010,HKD,力寶華潤,M,,-1.25,0.790,0.0,0156.HK,"物业投资,餐饮连锁",0.0
00157,自然美,N,非必需性消費,零售相關,其他零售,981029456.68,2024-04-26T16:02:10,非必需性消费,零售相关,其他零售,自然美,00157.HK,9.8,ODSH,157,1.00,0.500,44.55,0157.HK,,1000.0,,0.00,,0.000,HKD,自然美,B,,0.0,0.500,0.0,0157.HK,"台资企业,现代服务业",0.0
00158,萬邦投資,N,地產建築,地產,地產投資,1700000000.0,2024-04-26T16:02:10,地产建筑,地产,地产投资,万邦投资,00158.HK,17.0,ODSH,158,1.70,68.000,34.0,0158.HK,,1000.0,5.29,-2.16,,-1.500,HKD,萬邦投資,B,,-2.16,68.000,0.0,0158.HK,物业投资,0.0
00159,布萊克萬礦業,N,原材料,一般金屬及礦石,鋼鐵,928023213.1,2024-04-26T16:02:10,原材料,一般金属及矿石,钢铁,布莱克万矿业,00159.HK,9.3,ODSH,159,928.02,0.100,,0159.HK,,,,+1.01,,+0.001,HKD,布萊克萬礦業,M,,1.01,0.100,0.0,0159.HK,"小金属,铁矿石",0.0
00160,漢國置業,N,地產建築,地產,地產投資,1080643951.5,2024-04-26T16:02:10,地产建筑,地产,地产投资,汉国置业,00160.HK,10.8,ODSH,160,1.08,1.500,98.12,0160.HK,,1000.0,8.33,+2.74,7.04,+0.040,HKD,漢國置業,B,,2.74,1.500,0.0,0160.HK,,0.0
00162,世紀金花,N,非必需性消費,零售相關,多元化零售,120717945.075,2024-04-26T16:02:10,非必需性消费,零售相关,多元化零售,世纪金花,00162.HK,1.2,ODSH,162,120.71,0.105,,0162.HK,,,,0.00,,0.000,HKD,世紀金花,M,,0.0,0.105,0.0,0162.HK,"现代服务业,百货业,零售股",0.0
00163,英皇國際,N,地產建築,地產,地產投資,1268753255.115,2024-04-26T16:02:10,地产建筑,地产,地产投资,英皇国际,00163.HK,12.7,ODSH,163,1.26,0.345,66.22,0163.HK,,1000.0,1.74,+2.99,,+0.010,HKD,英皇國際,B,,2.99,0.345,0.0,0163.HK,"物业投资,知名公司",0.0
00164,中國寶力科技,N,非必需性消費,媒體及娛樂,廣告及宣傳,123504509.31,2024-04-26T16:02:11,非必需性消费,媒体及娱乐,广告及宣传,中国宝力科技,00164.HK,1.2,ODSH,164,119.30,1.420,5.29,0164.HK,,1000000.0,,+4.41,,+0.060,HKD,中國寶力科技,M,,4.41,1.420,0.1,0164.HK,网络游戏,0.23015076174810103
00165,中國光大控股,N,金融,其他金融,資產管理,7027507979.04,2024-04-26T16:02:10,金融,其他金融,资产管理,中国光大控股,00165.HK,70.3,ODSH,165,7.04,4.180,7.41,0165.HK,,1000000.0,5.98,+4.50,,+0.180,HKD,中國光大控股,B,,4.5,4.180,0.1,0165.HK,"中资券商股,光大系,海南板块,红筹股,自由贸易港,财产管理",0.08040924939644299
00166,新時代能源,N,原材料,一般金屬及礦石,其他金屬及礦石,594440835.184,2024-04-26T16:02:10,原材料,一般金属及矿石,其他金属及矿石,新时代能源,00166.HK,5.9,ODSH,166,611.92,0.070,373.96,0166.HK,,1000.0,,+4.48,,+0.003,HKD,新時代能源,M,,4.48,0.070,0.0,0166.HK,天然气,0.0
00167,萬威國際,S,非必需性消費,家庭電器及用品,消費電子產品,46799875.584,2024-04-26T16:02:10,非必需性消费,家庭电器及用品,消费电子产品,万威国际,00167.HK,0.5,ODSH,167,46.79,0.018,,0167.HK,,,,0.00,,0.000,HKD,IDT INT'L,M,True,0.0,0.018,0.0,0167.HK,"消费电子,现代服务业",0.0
00168,青島啤酒股份,N,必需性消費,食品飲料,酒精飲料,36683873968.0,2024-04-26T16:02:10,必需性消费,食品饮料,酒精饮料,青岛啤酒股份,00168.HK,366.8,ODSH,168,36.65,55.950,165.67,0168.HK,,1000000.0,3.83,+2.29,16.63,+1.250,HKD,青島啤酒股份,B,,2.29,55.950,1.7,0168.HK,"啤酒,国企改革,知名公司,节假日",0.39072101683152105
00169,萬達酒店發展,N,非必需性消費,旅遊及休閒設施,酒店及度假村,939469297.6,2024-04-26T16:02:10,非必需性消费,旅游及休闲设施,酒店及度假村,万达酒店发展,00169.HK,9.4,ODSH,169,934.77,0.199,8.6,0169.HK,,1000.0,,-4.78,5.65,-0.010,HKD,萬達酒店發展,M,,-4.78,0.199,0.0,0169.HK,"知名公司,腾讯,节假日,连锁酒店",0.0
00171,銀建國際,N,地產建築,地產,地產投資,288106201.375,2024-04-26T16:02:10,地产建筑,地产,地产投资,银建国际,00171.HK,2.9,ODSH,171,288.10,0.125,8.92,0171.HK,,1000.0,,-1.57,,-0.002,HKD,銀建國際,M,,-1.57,0.125,0.0,0171.HK,"物业投资,红筹股",0.0
00173,嘉華國際,N,地產建築,地產,地產發展商,5607881360.85,2024-04-26T16:02:10,地产建筑,地产,地产发展商,嘉华国际,00173.HK,56.1,ODSH,173,5.63,1.800,1.23,0173.HK,,1000000.0,8.89,+2.27,7.03,+0.040,HKD,嘉華國際,B,,2.27,1.800,0.0,0173.HK,香港房地产,0.0
00174,盛洋投資,N,地產建築,地產,地產投資,127114000.0,2024-04-26T16:02:10,地产建筑,地产,地产投资,盛洋投资,00174.HK,1.3,ODSH,174,127.11,0.200,,0174.HK,,,,0.00,,0.000,HKD,盛洋投資,M,,0.0,0.200,0.0,0174.HK,"物业投资,红筹股",0.0
00175,吉利汽車,N,非必需性消費,汽車,汽車,94193259104.88,2024-04-26T16:02:10,非必需性消费,汽车,汽车,吉利汽车,00175.HK,941.9,ODSH,175,94.49,9.390,377.75,0175.HK,,1000000.0,2.34,+2.07,17.02,+0.190,HKD,吉利汽車,B,,2.07,9.390,3.8,0175.HK,"CDR,宁德时代,新经济,新能源汽车,知名公司",0.6600940349642632
00176,先機企業集團,S,非必需性消費,家庭電器及用品,消費電子產品,30488570.775,2024-04-26T16:02:10,非必需性消费,家庭电器及用品,消费电子产品,先机企业集团,00176.HK,0.3,ODSH,176,30.48,0.015,,0176.HK,,,,0.00,,0.000,HKD,先機企業集團,M,True,0.0,0.015,0.0,0176.HK,"消费电子,电子信息",0.0
00177,江蘇寧滬高速公路,N,工業,工業運輸,鐵路及公路,9568260000.0,2024-04-26T16:02:09,工业,工业运输,铁路及公路,江苏宁沪高速公路,00177.HK,95.7,ODSH,177,9.58,7.840,24.1,0177.HK,,1000000.0,6.41,-0.51,8.37,-0.040,HKD,江蘇寧滬高速公路,B,,-0.51,7.840,0.2,0177.HK,"充电桩股,国企改革",0.005003468601200677
00178,莎莎國際,N,非必需性消費,零售相關,其他零售,2420487777.24,2024-04-26T16:02:09,非必需性消费,零售相关,其他零售,莎莎国际,00178.HK,24.2,ODSH,178,2.42,0.780,2.83,0178.HK,,1000000.0,,+5.41,41.49,+0.040,HKD,莎莎國際,B,,5.41,0.780,0.0,0178.HK,"健康产业,化妆美容股,香港",0.0
00179,德昌電機控股,N,非必需性消費,汽車,汽車零件,10091649967.2,2024-04-26T16:02:09,非必需性消费,汽车,汽车零件,德昌电机控股,00179.HK,100.9,ODSH,179,10.14,10.860,6.61,0179.HK,,1000000.0,4.70,+3.43,7.99,+0.360,HKD,德昌電機控股,B,,3.43,10.860,0.1,0179.HK,"工业4.0,汽车热管理",0.05113615266732677
00180,開達集團,N,非必需性消費,家庭電器及用品,玩具及消閒用品,308941097.075,2024-04-26T16:02:09,非必需性消费,家庭电器及用品,玩具及消闲用品,开达集团,00180.HK,3.1,ODSH,180,308.94,0.325,28.58,0180.HK,,1000.0,,-1.52,,-0.005,HKD,開達集團,M,,-1.52,0.325,0.0,0180.HK,"物业投资,玩具及消闲用品",0.0
00181,閩港控股,N,非必需性消費,旅遊及休閒設施,酒店及度假村,114554600.0,2024-04-26T16:02:10,非必需性消费,旅游及休闲设施,酒店及度假村,闽港控股,00181.HK,1.1,ODSH,181,114.55,0.100,,0181.HK,,,,0.00,,0.000,HKD,閩港控股,M,,0.0,0.100,0.0,0181.HK,"物业投资,红筹股,连锁酒店",0.0
00182,協合新能源,N,公用事業,公用事業,潔能,4872311494.8,2024-04-26T16:02:10,公用事业,公用事业,洁能,协合新能源,00182.HK,48.7,ODSH,182,4.95,0.610,7.11,0182.HK,,1000000.0,5.74,0.00,4.97,0.000,HKD,協合新能源,B,,0.0,0.610,0.1,0182.HK,"碳中和,风电",0.0
00183,宏輝集團,N,地產建築,地產,地產發展商,99776611.616,2024-04-26T16:02:09,地产建筑,地产,地产发展商,宏辉集团,00183.HK,1.0,ODSH,183,99.77,0.176,7.96,0183.HK,,1000.0,,-0.56,,-0.001,HKD,宏輝集團,M,,-0.56,0.176,0.0,0183.HK,"物业投资,香港房地产",0.0
00184,激成投資,N,非必需性消費,旅遊及休閒設施,酒店及度假村,809676000.0,2024-04-26T16:02:10,非必需性消费,旅游及休闲设施,酒店及度假村,激成投资,00184.HK,8.1,ODSH,184,813.07,2.390,,0184.HK,,,4.60,0.00,3.70,0.000,HKD,激成投資,M,,0.0,2.390,0.0,0184.HK,"物业投资,连锁酒店",0.0
00185,正商實業,S,地產建築,地產,地產發展商,631417600.77,2024-04-26T16:02:09,地产建筑,地产,地产发展商,正商实业,00185.HK,6.3,ODSH,185,631.41,0.330,,0185.HK,,,,0.00,,0.000,HKD,正商實業,M,True,0.0,0.330,0.0,0185.HK,"物业投资,香港房地产",0.0
00186,敏捷控股,N,非必需性消費,家庭電器及用品,消費電子產品,1427980551.14,2024-04-26T16:02:10,非必需性消费,家庭电器及用品,消费电子产品,敏捷控股,00186.HK,14.3,ODSH,186,1.42,0.260,,0186.HK,,,,0.00,,0.000,HKD,敏捷控股,B,,0.0,0.260,0.0,0186.HK,"消费电子,电子信息",0.0
00187,京城機電股份,N,工業,工業工程,工業及設備,228000000.0,2024-04-26T16:02:10,工业,工业工程,工业及设备,京城机电股份,00187.HK,2.3,ODSH,187,229.00,2.290,2.6,0187.HK,,1000000.0,,+2.69,,+0.060,HKD,京城機電股份,M,,2.69,2.290,0.0,0187.HK,"冬奥会,国企改革,氢能源,现代服务业",0.0
00188,新華匯富金融,N,金融,其他金融,其他金融,177940114.134,2024-04-26T16:02:11,金融,其他金融,其他金融,新华汇富金融,00188.HK,1.8,ODSH,188,177.94,0.239,,0188.HK,,,8.37,+8.14,,+0.018,HKD,新華匯富金融,M,,8.14,0.239,0.0,0188.HK,财产管理,0.0
00189,東岳集團,N,原材料,其他原材料,特殊化工用品,15798363079.55,2024-04-26T16:02:10,原材料,其他原材料,特殊化工用品,东岳集团,00189.HK,158.0,ODSH,189,15.79,7.010,124.21,0189.HK,,1000000.0,1.43,+8.85,20.30,+0.570,HKD,東岳集團,B,,8.85,7.010,1.2,0189.HK,"新材料,燃料电池,碳中和",2.1168538755439874
00191,麗新國際,N,綜合企業,綜合企業,綜合企業,521190601.59,2024-04-26T16:02:10,综合企业,综合企业,综合企业,丽新国际,00191.HK,5.2,ODSH,191,521.19,0.590,23.6,0191.HK,,1000.0,,+1.72,,+0.010,HKD,麗新國際,M,,1.72,0.590,0.0,0191.HK,品牌服饰,0.0
00193,冠中地產,N,地產建築,地產,地產發展商,38284499.123,2024-04-26T16:02:10,地产建筑,地产,地产发展商,冠中地产,00193.HK,0.4,ODSH,193,38.47,0.198,1.22,0193.HK,,1000.0,,+2.59,,+0.005,HKD,冠中地產,M,,2.59,0.198,0.0,0193.HK,"连锁酒店,香港房地产",0.0
00194,廖創興企業,N,地產建築,地產,地產投資,1730126320.8,2024-04-26T16:02:10,地产建筑,地产,地产投资,廖创兴企业,00194.HK,17.3,ODSH,194,1.73,4.570,836.92,0194.HK,,1000.0,6.13,-0.22,,-0.010,HKD,廖創興企業,B,,-0.22,4.570,0.0,0194.HK,连锁酒店,0.0
00195,綠科科技國際,N,原材料,一般金屬及礦石,其他金屬及礦石,587380000.0,2024-04-26T16:02:10,原材料,一般金属及矿石,其他金属及矿石,绿科科技国际,00195.HK,5.9,ODSH,195,587.38,0.430,489.5,0195.HK,,1000.0,,+4.88,8.58,+0.020,HKD,綠科科技國際,M,,4.88,0.430,0.0,0195.HK,小金属,0.0
00196,宏華集團,N,能源,石油及天然氣,油氣設備與服務,759401088.684,2024-04-26T16:02:10,能源,石油及天然气,油气设备与服务,宏华集团,00196.HK,7.6,ODSH,196,759.40,0.084,40.31,0196.HK,,1000.0,,+1.20,,+0.001,HKD,宏華集團,M,,1.2,0.084,0.0,0196.HK,页岩气,0.0
00197,亨泰,N,必需性消費,食品飲料,包裝食品,51221772.225,2024-04-26T16:02:10,必需性消费,食品饮料,包装食品,亨泰,00197.HK,0.5,ODSH,197,51.22,0.325,7.5,0197.HK,,1000.0,,0.00,,0.000,HKD,亨泰,M,,0.0,0.325,0.0,0197.HK,物流,0.0
00199,德祥地產,N,地產建築,地產,地產發展商,480815157.3,2024-04-26T16:02:10,地产建筑,地产,地产发展商,德祥地产,00199.HK,4.8,ODSH,199,480.81,0.530,24.02,0199.HK,,1000.0,,0.00,,0.000,HKD,德祥地產,M,,0.0,0.530,0.0,0199.HK,"物业投资,香港房地产",0.0
00200,新濠國際發展,N,非必需性消費,旅遊及休閒設施,賭場及博彩,8190092277.0,2024-04-26T16:02:09,非必需性消费,旅游及休闲设施,赌场及博彩,新濠国际发展,00200.HK,81.9,ODSH,200,8.22,5.420,32.56,0200.HK,,1000000.0,,+2.46,,+0.130,HKD,新濠國際發展,B,,2.46,5.420,0.3,0200.HK,博彩,0.09784134621003113
00201,華大酒店,N,非必需性消費,旅遊及休閒設施,酒店及度假村,671028849.3,2024-04-26T16:02:10,非必需性消费,旅游及休闲设施,酒店及度假村,华大酒店,00201.HK,6.7,ODSH,201,671.02,0.075,220.71,0201.HK,,1000.0,,0.00,,0.000,HKD,華大酒店,M,,0.0,0.075,0.0,0201.HK,连锁酒店,0.0
00202,潤中國際控股,N,綜合企業,綜合企業,綜合企業,846146846.108,2024-04-26T16:02:10,综合企业,综合企业,综合企业,润中国际控股,00202.HK,8.5,ODSH,202,846.14,0.116,3.48,0202.HK,,1000.0,,-0.85,,-0.001,HKD,潤中國際控股,M,,-0.85,0.116,0.0,0202.HK,节能环保,0.0
00204,資本界金控,N,金融,其他金融,資產管理,562113316.7,2024-04-26T16:02:10,金融,其他金融,资产管理,资本界金控,00204.HK,5.6,ODSH,204,562.11,0.650,353.74,0204.HK,,1000.0,,+8.33,,+0.050,HKD,資本界金控,M,,8.33,0.650,0.0,0204.HK,互联网+,0.0
00205,財訊傳媒,N,非必需性消費,媒體及娛樂,廣告及宣傳,213481391.7,2024-04-26T16:02:10,非必需性消费,媒体及娱乐,广告及宣传,财讯传媒,00205.HK,2.1,ODSH,205,213.48,0.290,,0205.HK,,,,0.00,,0.000,HKD,財訊傳媒,M,,0.0,0.290,0.0,0205.HK,文化传媒,0.0
00206,華商能源,N,能源,石油及天然氣,油氣設備與服務,765450403.704,2024-04-26T16:02:09,能源,石油及天然气,油气设备与服务,华商能源,00206.HK,7.7,ODSH,206,752.47,0.232,174.81,0206.HK,,1000.0,,+1.75,9.91,+0.004,HKD,華商能源,M,,1.75,0.232,0.0,0206.HK,页岩气,0.0
00207,大悅城地產,N,地產建築,地產,地產投資,3073922969.328,2024-04-26T16:02:09,地产建筑,地产,地产投资,大悦城地产,00207.HK,30.7,ODSH,207,3.07,0.216,3.6,0207.HK,,1000000.0,6.67,+2.86,9.11,+0.006,HKD,大悅城地產,B,,2.86,0.216,0.0,0207.HK,"物业投资,红筹股",0.0
00209,瀛晟科學,N,非必需性消費,家庭電器及用品,玩具及消閒用品,29977582.6,2024-04-26T16:02:10,非必需性消费,家庭电器及用品,玩具及消闲用品,瀛晟科学,00209.HK,0.3,ODSH,209,29.97,0.049,4.2,0209.HK,,1000.0,,-3.92,,-0.002,HKD,瀛晟科學,M,,-3.92,0.049,0.0,0209.HK,"婴童,玩具及消闲用品",0.0
00210,達芙妮國際,N,非必需性消費,紡織及服飾,鞋履,387805292.084,2024-04-26T16:02:09,非必需性消费,纺织及服饰,鞋履,达芙妮国际,00210.HK,3.9,ODSH,210,387.80,0.196,6.34,0210.HK,,1000.0,5.10,-2.00,5.41,-0.004,HKD,達芙妮國際,M,,-2.0,0.196,0.0,0210.HK,台资企业,0.0
00211,大凌集團,N,金融,其他金融,證券及經紀,124426784.825,2024-04-26T16:02:11,金融,其他金融,证券及经纪,大凌集团,00211.HK,1.2,ODSH,211,124.42,0.175,,0211.HK,,,,0.00,,0.000,HKD,STYLAND HOLD,M,,0.0,0.175,0.0,0211.HK,物业投资,0.0
00212,南洋集團,N,地產建築,地產,地產投資,879764414.2,2024-04-26T16:02:10,地产建筑,地产,地产投资,南洋集团,00212.HK,8.8,ODSH,212,879.76,25.900,25.8,0212.HK,,1000.0,5.02,+0.58,17.97,+0.150,HKD,NANYANG HOLD,M,,0.58,25.900,0.0,0212.HK,物业投资,0.0
00213,樂聲電子,N,工業,工業工程,工業及設備,567822636.44,2024-04-26T16:02:09,工业,工业工程,工业及设备,乐声电子,00213.HK,5.7,ODSH,213,567.82,0.620,,0213.HK,,,2.90,0.00,11.83,0.000,HKD,NATIONAL ELEC H,M,,0.0,0.620,0.0,0213.HK,物业投资,0.0
00214,滙漢控股,N,金融,其他金融,資產管理,378393298.2,2024-04-26T16:02:10,金融,其他金融,资产管理,汇汉控股,00214.HK,3.8,ODSH,214,378.39,0.450,,0214.HK,,,,0.00,0.88,0.000,HKD,匯漢控股,M,,0.0,0.450,0.0,0214.HK,物业投资,0.0
00215,和記電訊香港,N,電訊,電訊,電訊服務,4915478132.16,2024-04-26T16:02:09,科技,电讯,电讯服务,和记电讯香港,00215.HK,49.2,ODSH,215,4.91,1.020,1.67,0215.HK,,1000000.0,7.34,-0.97,,-0.010,HKD,和記電訊香港,B,,-0.97,1.020,0.0,0215.HK,"5G,电信股,移动互联网,苹果,长和系",0.0
00216,建業實業,N,地產建築,地產,地產發展商,424553477.81,2024-04-26T16:02:10,地产建筑,地产,地产发展商,建业实业,00216.HK,4.2,ODSH,216,424.55,0.770,,0216.HK,,,6.49,0.00,12.88,0.000,HKD,建業實業,M,,0.0,0.770,0.0,0216.HK,香港房地产,0.0
00217,中國誠通發展集團,N,原材料,一般金屬及礦石,其他金屬及礦石,501029343.78,2024-04-26T16:02:09,原材料,一般金属及矿石,其他金属及矿石,中国诚通发展集团,00217.HK,5.0,ODSH,217,501.02,0.084,224.31,0217.HK,,1000.0,4.05,+3.70,7.37,+0.003,HKD,中國誠通發展集團,M,,3.7,0.084,0.0,0217.HK,红筹股,0.0
00218,申萬宏源香港,N,金融,其他金融,證券及經紀,515175767.37,2024-04-26T16:02:09,金融,其他金融,证券及经纪,申万宏源香港,00218.HK,5.2,ODSH,218,515.17,0.330,347.67,0218.HK,,1000.0,,+11.86,,+0.035,HKD,申萬宏源香港,M,,11.86,0.330,0.0,0218.HK,"红筹股,财产管理",0.0
00219,順豪物業,N,非必需性消費,旅遊及休閒設施,酒店及度假村,440612499.64,2024-04-26T16:02:10,非必需性消费,旅游及休闲设施,酒店及度假村,顺豪物业,00219.HK,4.4,ODSH,219,446.41,0.770,9.12,0219.HK,,1000.0,,+2.67,,+0.020,HKD,順豪物業,M,,2.67,0.770,0.0,0219.HK,"物业投资,连锁酒店",0.0
00220,統一企業中國,N,必需性消費,食品飲料,非酒精飲料,25959197340.0,2024-04-26T16:02:09,必需性消费,食品饮料,非酒精饮料,统一企业中国,00220.HK,259.6,ODSH,220,26.00,6.020,25.99,0220.HK,,1000000.0,7.58,+1.35,14.51,+0.080,HKD,統一企業中國,B,,1.35,6.020,0.3,0220.HK,"MSCI,台资企业,现代服务业,知名公司,非酒精饮料",0.03215670021927066
00222,閩信集團,N,金融,保險,保險,1463280267.4,2024-04-26T16:02:10,金融,保险,保险,闽信集团,00222.HK,14.6,ODSH,222,1.46,2.450,5.83,0222.HK,,1000000.0,3.67,+2.94,37.12,+0.070,HKD,閩信集團,B,,2.94,2.450,0.1,0222.HK,"物业投资,红筹股",0.06134410428097384
00223,易生活控股,N,資訊科技,軟件服務,電商及互聯網服務,249767957.634,2024-04-26T16:02:10,科技,软件服务,电商及互联网服务,易生活控股,00223.HK,2.5,ODSH,223,252.02,0.223,181.64,0223.HK,,1000.0,,+6.70,,+0.014,HKD,易生活控股,M,,6.7,0.223,0.0,0223.HK,页岩气,0.0
00224,建生國際,N,地產建築,地產,地產投資,865528992.0,2024-04-26T16:02:10,地产建筑,地产,地产投资,建生国际,00224.HK,8.7,ODSH,224,865.52,0.750,,0224.HK,,,2.00,0.00,14.48,0.000,HKD,建生國際,M,,0.0,0.750,0.0,0224.HK,物业投资,0.0
00225,博富臨置業,N,地產建築,地產,地產投資,577339977.4,2024-04-26T16:02:09,地产建筑,地产,地产投资,博富临置业,00225.HK,5.8,ODSH,225,577.33,5.240,31.44,0225.HK,,1000.0,7.25,-0.95,,-0.050,HKD,博富臨置業,M,,-0.95,5.240,0.0,0225.HK,物业投资,0.0
00226,力寶,N,非必需性消費,旅遊及休閒設施,餐飲,384660144.96,2024-04-26T16:02:09,非必需性消费,旅游及休闲设施,餐饮,力宝,00226.HK,3.8,ODSH,226,384.66,0.780,,0226.HK,,,,0.00,,0.000,HKD,力寶,M,,0.0,0.780,0.0,0226.HK,"物业投资,餐饮连锁",0.0
00227,第一上海,N,金融,其他金融,證券及經紀,269453628.315,2024-04-26T16:02:10,金融,其他金融,证券及经纪,第一上海,00227.HK,2.7,ODSH,227,280.40,0.128,125.28,0227.HK,,1000.0,,+10.34,,+0.012,HKD,第一上海,M,,10.34,0.128,0.0,0227.HK,"中资券商股,物业投资",0.0
00228,中能控股,N,能源,石油及天然氣,油氣生產商,779438208.0,2024-04-26T16:02:09,能源,石油及天然气,油气生产商,中能控股,00228.HK,7.8,ODSH,228,779.43,0.082,646.36,0228.HK,,1000.0,,+1.23,11.23,+0.001,HKD,中能控股,M,,1.23,0.082,0.0,0228.HK,天然气,0.0
00229,利民實業,N,非必需性消費,家庭電器及用品,家庭電器,486285114.2,2024-04-26T16:02:10,非必需性消费,家庭电器及用品,家庭电器,利民实业,00229.HK,4.9,ODSH,229,486.28,0.970,,0229.HK,,,13.40,+1.04,7.16,+0.010,HKD,利民實業,M,,1.04,0.970,0.0,0229.HK,"家用电器,现代服务业",0.0
00230,五礦地產,N,地產建築,地產,地產發展商,1137948732.58,2024-04-26T16:02:10,地产建筑,地产,地产发展商,五矿地产,00230.HK,11.4,ODSH,230,1.13,0.340,1.36,0230.HK,,1000.0,,+3.03,,+0.010,HKD,五礦地產,B,,3.03,0.340,0.0,0230.HK,"红筹股,香港房地产",0.0
00232,大陸航空科技控股,N,工業,工業工程,航空、航天及國防,1414112967.016,2024-04-26T16:02:09,工业,工业工程,航空、航天及国防,大陆航空科技控股,00232.HK,14.1,ODSH,232,1.41,0.152,5.98,0232.HK,,1000000.0,3.29,0.00,8.74,0.000,HKD,大陸航空科技控股,B,,0.0,0.152,0.1,0232.HK,"军工股,红筹股",0.0
00234,新世紀集團,N,非必需性消費,旅遊及休閒設施,旅遊及觀光,213873642.085,2024-04-26T16:02:10,非必需性消费,旅游及休闲设施,旅游及观光,新世纪集团,00234.HK,2.1,ODSH,234,213.87,0.037,2.43,0234.HK,,1000.0,,0.00,,0.000,HKD,新世紀集團,M,,0.0,0.037,0.0,0234.HK,"旅游及观光,现代服务业",0.0
00235,中策資本控股,N,原材料,一般金屬及礦石,其他金屬及礦石,570787107.38,2024-04-26T16:02:09,原材料,一般金属及矿石,其他金属及矿石,中策资本控股,00235.HK,5.7,ODSH,235,570.78,0.028,175.81,0235.HK,,1000.0,,0.00,21.54,0.000,HKD,中策資本控股,M,,0.0,0.028,0.0,0235.HK,现代服务业,0.0
00236,香港生力啤,N,必需性消費,食品飲料,酒精飲料,332477798.4,2024-04-26T16:02:09,必需性消费,食品饮料,酒精饮料,香港生力啤,00236.HK,3.3,ODSH,236,332.47,0.890,,0236.HK,,,5.62,0.00,3.87,0.000,HKD,香港生力啤,M,,0.0,0.890,0.0,0236.HK,啤酒,0.0
00237,安全貨倉,N,地產建築,地產,地產投資,805950000.0,2024-04-26T16:02:10,地产建筑,地产,地产投资,安全货仓,00237.HK,8.1,ODSH,237,810.00,2.000,72.0,0237.HK,,1000.0,2.75,+1.01,,+0.020,HKD,安全貨倉,M,,1.01,2.000,0.0,0237.HK,物流,0.0
00239,白花油,N,醫療保健,藥品及生物科技,醫藥品,660676800.0,2024-04-26T16:02:10,医疗保健,药品及生物科技,医药品,白花油,00239.HK,6.6,ODSH,239,660.67,2.120,316.22,0239.HK,,1000.0,9.67,+2.42,6.29,+0.050,HKD,白花油,M,,2.42,2.120,0.0,0239.HK,物业投资,0.0
00240,利基控股,N,地產建築,建築,重型基建,1328809451.44,2024-04-26T16:02:09,地产建筑,建筑,重型基建,利基控股,00240.HK,13.3,ODSH,240,1.29,1.040,3.12,0240.HK,,1000000.0,11.54,-7.14,2.73,-0.080,HKD,利基控股,B,,-7.14,1.040,0.0,0240.HK,基础建设,0.0
00241,阿里健康,N,醫療保健,藥品及生物科技,西藥分銷,47148787253.52,2024-04-26T16:02:10,医疗保健,药品及生物科技,西药分销,阿里健康,00241.HK,471.5,ODSH,241,47.63,2.960,194.72,0241.HK,,1000000.0,,+7.64,68.05,+0.210,HKD,阿里健康,B,,7.64,2.960,1.9,0241.HK,"互联网医疗,人工智能,健康产业,双十一,抗疫,新经济,新经济,智能医疗,知名公司,红筹股,蚂蚁集团,阿里巴巴",2.3322628338988594
00242,信德集團,N,綜合企業,綜合企業,綜合企業,2172716485.2,2024-04-26T16:02:10,综合企业,综合企业,综合企业,信德集团,00242.HK,21.7,ODSH,242,2.17,0.720,2.29,0242.HK,,1000000.0,,0.00,,0.000,HKD,信德集團,B,,0.0,0.720,0.0,0242.HK,连锁酒店,0.0
00243,品質國際,N,資訊科技,半導體,半導體設備,45333205.524,2024-04-26T16:02:09,科技,半导体,半导体设备,品质国际,00243.HK,0.5,ODSH,243,45.33,0.157,,0243.HK,,,,0.00,,0.000,HKD,QPL INT'L,M,,0.0,0.157,0.0,0243.HK,集成电路,0.0
00244,先施,N,非必需性消費,零售相關,多元化零售,300897426.24,2024-04-26T16:02:10,非必需性消费,零售相关,多元化零售,先施,00244.HK,3.0,ODSH,244,300.89,0.229,49.61,0244.HK,,1000.0,,+1.78,,+0.004,HKD,先施,M,,1.78,0.229,0.0,0244.HK,物业投资,0.0
00245,中薇金融,N,金融,其他金融,證券及經紀,2603584443.75,2024-04-26T16:02:10,金融,其他金融,证券及经纪,中薇金融,00245.HK,26.0,ODSH,245,2.60,0.075,1.84,0245.HK,,1000000.0,,+2.74,,+0.002,HKD,中薇金融,B,,2.74,0.075,0.0,0245.HK,文化传媒,0.0
00247,尖沙咀置業,N,地產建築,地產,地產發展商,39199547864.4,2024-04-26T16:02:09,地产建筑,地产,地产发展商,尖沙咀置业,00247.HK,392.0,ODSH,247,39.19,18.480,,0247.HK,,,3.14,0.00,11.41,0.000,HKD,TST PROPERTIES,B,,0.0,18.480,0.0,0247.HK,"物业投资,香港房地产",0.0
00248,香港通訊國際控股,N,資訊科技,資訊科技器材,電訊設備,34869275.168,2024-04-26T16:02:09,科技,资讯科技器材,电讯设备,香港通讯国际控股,00248.HK,0.3,ODSH,248,34.86,0.028,13.3,0248.HK,,1000.0,,+12.00,,+0.003,HKD,香港通訊國際控股,M,,12.0,0.028,0.0,0248.HK,"互联网+,电讯设备",0.0
00251,爪哇控股,N,地產建築,地產,地產投資,885120407.22,2024-04-26T16:02:09,地产建筑,地产,地产投资,爪哇控股,00251.HK,8.9,ODSH,251,885.12,1.470,,0251.HK,,,3.40,0.00,,0.000,HKD,爪哇控股,M,,0.0,1.470,0.0,0251.HK,物业投资,0.0
00252,華信地產財務,N,工業,工業支援,印刷及包裝,676260102.0,2024-04-26T16:02:09,工业,工业支援,印刷及包装,华信地产财务,00252.HK,6.8,ODSH,252,676.26,3.000,,0252.HK,,,1.00,0.00,23.15,0.000,HKD,華信地產財務,M,,0.0,3.000,0.0,0252.HK,物业投资,0.0
00253,順豪控股,N,非必需性消費,旅遊及休閒設施,酒店及度假村,206970750.0,2024-04-26T16:02:10,非必需性消费,旅游及休闲设施,酒店及度假村,顺豪控股,00253.HK,2.1,ODSH,253,206.97,0.680,,0253.HK,,,,-2.86,,-0.020,HKD,順豪控股,M,,-2.86,0.680,0.0,0253.HK,"物业投资,连锁酒店",0.0
00254,國家聯合資源,N,非必需性消費,旅遊及休閒設施,旅遊及觀光,342235015.902,2024-04-26T16:02:10,非必需性消费,旅游及休闲设施,旅游及观光,国家联合资源,00254.HK,3.4,ODSH,254,342.23,0.078,15.66,0254.HK,,1000.0,,-7.14,1.76,-0.006,HKD,國家聯合資源,M,,-7.14,0.078,0.0,0254.HK,"文化传媒,旅游及观光",0.0
00255,龍記集團,N,工業,工業工程,工業及設備,751695990.57,2024-04-26T16:02:09,工业,工业工程,工业及设备,龙记集团,00255.HK,7.5,ODSH,255,751.69,1.190,108.66,0255.HK,,1000.0,8.40,0.00,,0.000,HKD,龍記集團,M,,0.0,1.190,0.0,0255.HK,,0.0
00256,冠城鐘錶珠寶,N,非必需性消費,紡織及服飾,珠寶鐘錶,4351888206.0,2024-04-26T16:02:10,非必需性消费,纺织及服饰,珠宝钟表,冠城钟表珠宝,00256.HK,43.5,ODSH,256,4.35,1.000,2.19,0256.HK,,1000000.0,,-0.99,96.15,-0.010,HKD,冠城鐘錶珠寶,B,,-0.99,1.000,0.0,0256.HK,"奢侈品股,物业投资",0.0
00257,光大環境,N,公用事業,公用事業,潔能,20026099451.92,2024-04-26T16:02:09,公用事业,公用事业,洁能,光大环境,00257.HK,200.3,ODSH,257,20.02,3.260,56.06,0257.HK,,1000000.0,6.75,0.00,4.52,0.000,HKD,光大環境,B,,0.0,3.260,0.6,0257.HK,"光大系,冬奥会,土壤修复,新经济,环保,碳中和,粤港澳,红筹股,节能环保",0.0
00258,湯臣集團,N,地產建築,地產,地產發展商,3201349611.72,2024-04-26T16:02:09,地产建筑,地产,地产发展商,汤臣集团,00258.HK,32.0,ODSH,258,3.20,1.560,409.9,0258.HK,,1000.0,6.41,+0.65,73.58,+0.010,HKD,湯臣集團,B,,0.65,1.560,0.0,0258.HK,"台资企业,知名公司,香港房地产",0.0
00259,億都(國際控股),N,非必需性消費,家庭電器及用品,消費電子產品,3518720320.0,2024-04-26T16:02:11,非必需性消费,家庭电器及用品,消费电子产品,亿都(国际控股),00259.HK,35.2,ODSH,259,3.51,3.680,554.28,0259.HK,,1000.0,2.72,-0.54,5.79,-0.020,HKD,億都（國際控股）,B,,-0.54,3.680,0.0,0259.HK,消费电子,0.0
00260,幸福控股,S,金融,其他金融,信貸,59437457.41,2024-04-26T16:02:11,金融,其他金融,信贷,幸福控股,00260.HK,0.6,ODSH,260,59.43,0.010,,0260.HK,,,,0.00,,0.000,HKD,幸福控股,M,True,0.0,0.010,0.0,0260.HK,"天然气,红筹股",0.0
00261,GBA集團,N,地產建築,地產,地產發展商,115448761.54,2024-04-26T16:02:10,地产建筑,地产,地产发展商,GBA集团,00261.HK,1.2,ODSH,261,115.44,0.119,46.64,0261.HK,,1000.0,,-6.30,,-0.008,HKD,ＧＢＡ集團,M,,-6.3,0.119,0.0,0261.HK,"电子信息,香港房地产",0.0
00262,迪臣發展國際,N,地產建築,地產,地產發展商,96810159.6,2024-04-26T16:02:11,地产建筑,地产,地产发展商,迪臣发展国际,00262.HK,1.0,ODSH,262,96.81,0.066,452.5,0262.HK,,,,-8.33,,-0.006,HKD,迪臣發展國際,M,,-8.33,0.066,0.0,0262.HK,"健康产业,安防,香港房地产",0.0
00264,中聯發展控股,N,非必需性消費,紡織及服飾,其他服飾配件,433339200.0,2024-04-26T16:02:11,非必需性消费,纺织及服饰,其他服饰配件,中联发展控股,00264.HK,4.3,ODSH,264,433.33,1.050,66.8,0264.HK,,1000.0,,-7.89,,-0.090,HKD,中聯發展控股,M,,-7.89,1.050,0.0,0264.HK,,0.0
00265,東勝智慧城市服務,N,非必需性消費,旅遊及休閒設施,旅遊及觀光,310129812.384,2024-04-26T16:02:11,非必需性消费,旅游及休闲设施,旅游及观光,东胜智慧城市服务,00265.HK,3.1,ODSH,265,310.12,0.024,,0265.HK,,,,0.00,14.12,0.000,HKD,東勝智慧城市服務,M,,0.0,0.024,0.0,0265.HK,"在线旅游,旅游及观光",0.0
00266,天德地產,N,地產建築,地產,地產投資,939969011.52,2024-04-26T16:02:11,地产建筑,地产,地产投资,天德地产,00266.HK,9.4,ODSH,266,939.96,1.980,63.1,0266.HK,,1000.0,7.58,+0.51,,+0.010,HKD,天德地產,M,,0.51,1.980,0.0,0266.HK,连锁酒店,0.0
00267,中信股份,N,綜合企業,綜合企業,綜合企業,217595164472.4,2024-04-26T16:02:11,综合企业,综合企业,综合企业,中信股份,00267.HK,2176.0,ODSH,267,218.17,7.500,130.69,0267.HK,,1000000.0,7.40,+1.21,3.54,+0.090,HKD,中信股份,B,,1.21,7.500,1.3,0267.HK,"F5G,中信系,冬奥会,红筹股,腾讯,航空股,财产管理",0.08845516408102357
00268,金蝶國際,N,資訊科技,軟件服務,系統開發及顧問,30079731618.27,2024-04-26T16:02:11,科技,软件服务,系统开发及顾问,金蝶国际,00268.HK,300.8,ODSH,268,30.07,8.370,150.04,0268.HK,,1000000.0,,+6.35,,+0.500,HKD,金蝶國際,B,,6.35,8.370,1.5,0268.HK,"SaaS,云办公,云计算,区块链,工业互联网,数据中心,新IT,新经济,机器人,软件外包",1.5273915933089541
00269,中國資源交通,S,工業,工業運輸,鐵路及公路,106440931.85,2024-04-26T16:02:10,工业,工业运输,铁路及公路,中国资源交通,00269.HK,1.1,ODSH,269,106.44,0.010,,0269.HK,,,,0.00,,0.000,HKD,中國資源交通,M,True,0.0,0.010,0.0,0269.HK,,0.0
00270,粵海投資,N,公用事業,公用事業,水務,24974477900.8,2024-04-26T16:02:11,公用事业,公用事业,水务,粤海投资,00270.HK,249.7,ODSH,270,24.97,3.820,179.3,0270.HK,,1000000.0,8.13,+3.52,8.00,+0.130,HKD,粵海投資,B,,3.52,3.820,1.8,0270.HK,"红筹股,连锁酒店",0.8236160758291821
00271,亞證地產,N,地產建築,地產,地產投資,234486430.605,2024-04-26T16:02:11,地产建筑,地产,地产投资,亚证地产,00271.HK,2.3,ODSH,271,234.48,0.189,173.1,0271.HK,,1000.0,,+10.53,0.88,+0.018,HKD,亞證地產,M,,10.53,0.189,0.0,0271.HK,,0.0
00272,瑞安房地產,N,地產建築,地產,地產發展商,5699358380.04,2024-04-26T16:02:11,地产建筑,地产,地产发展商,瑞安房地产,00272.HK,57.0,ODSH,272,5.77,0.720,10.29,0272.HK,,1000000.0,12.50,+4.35,6.63,+0.030,HKD,瑞安房地產,B,,4.35,0.720,0.1,0272.HK,"MSCI,内地房地产",0.07978159309075354
00274,復興亞洲,N,原材料,黃金及貴金屬,黃金及貴金屬,107767141.391,2024-04-26T16:02:10,原材料,黄金及贵金属,黄金及贵金属,复兴亚洲,00274.HK,1.1,ODSH,274,107.76,0.037,9.64,0274.HK,,1000.0,,0.00,,0.000,HKD,復興亞洲,M,,0.0,0.037,0.0,0274.HK,健康产业,0.0
00276,蒙古能源,N,能源,煤炭,煤炭,109112992.42,2024-04-26T16:02:10,能源,煤炭,煤炭,蒙古能源,00276.HK,1.1,ODSH,276,109.11,0.580,111.47,0276.HK,,1000.0,,-6.45,,-0.040,HKD,蒙古能源,M,,-6.45,0.580,0.0,0276.HK,"meitanhk,天然气",0.0
00277,太興置業,N,地產建築,地產,地產投資,548921108.34,2024-04-26T16:02:10,地产建筑,地产,地产投资,太兴置业,00277.HK,5.5,ODSH,277,548.92,1.980,,0277.HK,,,0.76,0.00,,0.000,HKD,太興置業,M,,0.0,1.980,0.0,0277.HK,,0.0
00279,裕承科金,N,金融,其他金融,證券及經紀,555152216.52,2024-04-26T16:02:10,金融,其他金融,证券及经纪,裕承科金,00279.HK,5.6,ODSH,279,555.15,0.029,172.56,0279.HK,,1000.0,,-6.45,,-0.002,HKD,裕承科金,M,,-6.45,0.029,0.0,0279.HK,"现代服务业,金融科技",0.0
00280,景福集團,N,非必需性消費,紡織及服飾,珠寶鐘錶,363723386.0,2024-04-26T16:02:11,非必需性消费,纺织及服饰,珠宝钟表,景福集团,00280.HK,3.6,ODSH,280,368.26,0.405,296.5,0280.HK,,1000.0,25.68,-1.22,4.64,-0.005,HKD,景福集團,M,,-1.22,0.405,0.0,0280.HK,奢侈品股,0.0
00285,比亞迪電子,N,資訊科技,資訊科技器材,電訊設備,56668093175.0,2024-04-26T16:02:11,科技,资讯科技器材,电讯设备,比亚迪电子,00285.HK,566.7,ODSH,285,56.89,25.250,152.27,0285.HK,,1000000.0,2.28,+3.91,13.13,+0.950,HKD,比亞迪電子,B,,3.91,25.250,1.5,0285.HK,"MSCI,抗疫,新IT,新经济,比亚迪,烟草,特斯拉,电子信息,电讯设备,知名公司,苹果,锂电池",0.7090252038457334
00286,愛帝宮,N,醫療保健,醫療保健設備及服務,醫療及醫學美容服務,372541257.774,2024-04-26T16:02:11,医疗保健,医疗保健设备及服务,医疗及医学美容服务,爱帝宫,00286.HK,3.7,ODSH,286,372.54,0.063,1.6,0286.HK,,1000000.0,,+10.53,,+0.006,HKD,愛帝宮,M,,10.53,0.063,0.0,0286.HK,"MSCI,三胎,健康产业",0.0
00287,永發置業,N,地產建築,地產,地產投資,158000000.0,2024-04-26T16:02:10,地产建筑,地产,地产投资,永发置业,00287.HK,1.6,ODSH,287,158.00,3.950,,0287.HK,,,3.54,0.00,,0.000,HKD,永發置業,M,,0.0,3.950,0.0,0287.HK,,0.0
00288,萬洲國際,N,必需性消費,農產品,禽畜肉類,75056784367.5,2024-04-26T16:02:11,必需性消费,农产品,禽畜肉类,万洲国际,00288.HK,750.6,ODSH,288,75.18,5.860,114.97,0288.HK,,1000000.0,5.12,+1.03,15.35,+0.060,HKD,萬洲國際,B,,1.03,5.860,1.1,0288.HK,猪肉,0.06576830163515526
00289,永安國際,N,非必需性消費,零售相關,多元化零售,3424407200.0,2024-04-26T16:02:10,非必需性消费,零售相关,多元化零售,永安国际,00289.HK,34.2,ODSH,289,3.42,11.800,,0289.HK,,,7.97,0.00,27.81,0.000,HKD,WING ON CO,B,,0.0,11.800,0.0,0289.HK,,0.0
00290,國富創新,N,金融,其他金融,證券及經紀,3004966777.8,2024-04-26T16:02:11,金融,其他金融,证券及经纪,国富创新,00290.HK,30.0,ODSH,290,2.97,0.470,935.7,0290.HK,,1000.0,,0.00,,0.000,HKD,國富創新,B,,0.0,0.470,0.0,0290.HK,财产管理,0.0
00291,華潤啤酒(五百),N,必需性消費,食品飲料,酒精飲料,117925830496.75,2024-04-26T16:02:11,必需性消费,食品饮料,酒精饮料,华润啤酒(五百),00291.HK,1179.3,ODSH,291,118.08,36.400,320.34,0291.HK,,1000000.0,2.77,+2.82,21.33,+1.000,HKD,華潤啤酒－五百,B,,2.82,36.400,3.2,0291.HK,"华润系,啤酒,红筹股,节假日",0.857102236995596
00292,泛海酒店,N,金融,其他金融,資產管理,121082428.62,2024-04-26T16:02:10,金融,其他金融,资产管理,泛海酒店,00292.HK,1.2,ODSH,292,121.08,0.060,61.09,0292.HK,,1000.0,,+9.09,,+0.005,HKD,泛海酒店,M,,9.09,0.060,0.0,0292.HK,连锁酒店,0.0
00293,國泰航空,N,非必需性消費,旅遊及休閒設施,航空相關,53885225670.03,2024-04-26T16:02:10,非必需性消费,旅游及休闲设施,航空相关,国泰航空,00293.HK,538.9,ODSH,293,54.01,8.390,41.11,0293.HK,,1000000.0,5.13,+1.45,5.96,+0.120,HKD,國泰航空,B,,1.45,8.390,0.4,0293.HK,"知名公司,航空股",0.04319449006477219
00294,長江製衣,N,非必需性消費,紡織及服飾,服裝,237759841.2,2024-04-26T16:02:10,非必需性消费,纺织及服饰,服装,长江制衣,00294.HK,2.4,ODSH,294,237.75,1.150,,0294.HK,,,1.74,-2.54,,-0.030,HKD,長江製衣,M,,-2.54,1.150,0.0,0294.HK,,0.0
00295,江山控股,N,公用事業,公用事業,潔能,269359965.342,2024-04-26T16:02:11,公用事业,公用事业,洁能,江山控股,00295.HK,2.7,ODSH,295,269.35,0.018,4.27,0295.HK,,1000.0,,-5.26,,-0.001,HKD,江山控股,M,,-5.26,0.018,0.0,0295.HK,太阳能,0.0
00296,英皇娛樂酒店,N,非必需性消費,旅遊及休閒設施,賭場及博彩,481338848.115,2024-04-26T16:02:11,非必需性消费,旅游及休闲设施,赌场及博彩,英皇娱乐酒店,00296.HK,4.8,ODSH,296,487.28,0.410,11.0,0296.HK,,1000000.0,,+5.13,,+0.020,HKD,英皇娛樂酒店,M,,5.13,0.410,0.1,0296.HK,博彩,0.18450365408446334
00297,中化化肥,N,原材料,其他原材料,化肥及農用化合物,6111276487.71,2024-04-26T16:02:10,原材料,其他原材料,化肥及农用化合物,中化化肥,00297.HK,61.1,ODSH,297,6.11,0.870,6.13,0297.HK,,1000000.0,5.64,+2.35,9.13,+0.020,HKD,中化化肥,B,,2.35,0.870,0.1,0297.HK,"农业现代化,红筹股",0.03217743770325155
00298,莊士中國,N,地產建築,地產,地產發展商,283991273.236,2024-04-26T16:02:11,地产建筑,地产,地产发展商,庄士中国,00298.HK,2.8,ODSH,298,298.07,0.127,,0298.HK,,,,+11.40,,+0.013,HKD,莊士中國,M,,11.4,0.127,0.0,0298.HK,"现代服务业,香港房地产",0.0
00299,寶新置地,N,地產建築,地產,地產發展商,18782829.14,2024-04-26T16:02:11,地产建筑,地产,地产发展商,宝新置地,00299.HK,0.2,ODSH,299,18.78,0.172,,0299.HK,,,,0.00,,0.000,HKD,寶新置地,M,,0.0,0.172,0.0,0299.HK,"软件外包,香港房地产",0.0
00301,三和精化,N,原材料,其他原材料,特殊化工用品,526680000.0,2024-04-26T16:02:10,原材料,其他原材料,特殊化工用品,三和精化,00301.HK,5.3,ODSH,301,521.97,1.110,,0301.HK,,,,-0.89,78.72,-0.010,HKD,三和精化,M,,-0.89,1.110,0.0,0301.HK,,0.0
00302,中手游,N,資訊科技,軟件服務,綫上遊戲,3413313280.0,2024-04-26T16:02:11,科技,软件服务,线上游戏,中手游,00302.HK,34.1,ODSH,302,3.44,1.250,29.6,0302.HK,,1000000.0,,+5.93,,+0.070,HKD,中手游,B,,5.93,1.250,0.3,0302.HK,"AIGC,NFT,互联网出海,元宇宙,手机游戏,抖音,网络游戏",0.40933430072682914
00303,偉易達,N,資訊科技,資訊科技器材,電訊設備,11354422723.4,2024-04-26T16:02:11,科技,资讯科技器材,电讯设备,伟易达,00303.HK,113.5,ODSH,303,11.37,45.000,10.93,0303.HK,,1000000.0,10.25,+1.58,9.75,+0.700,HKD,VTECH HOLDINGS,B,,1.58,45.000,0.1,0303.HK,"新经济,电子信息,电讯设备",0.01568682182775694
00305,五菱汽車,N,非必需性消費,汽車,汽車零件,1401718566.1,2024-04-26T16:02:10,非必需性消费,汽车,汽车零件,五菱汽车,00305.HK,14.0,ODSH,305,1.36,0.415,1.03,0305.HK,,1000000.0,1.20,+1.22,54.61,+0.005,HKD,五菱汽車,B,,1.22,0.415,0.0,0305.HK,"新能源汽车,汽车制造,知名公司,红筹股",0.0
00306,冠忠巴士集團,N,非必需性消費,旅遊及休閒設施,公交運輸,786681789.3,2024-04-26T16:02:11,非必需性消费,旅游及休闲设施,公交运输,冠忠巴士集团,00306.HK,7.9,ODSH,306,786.68,1.650,33.0,0306.HK,,1000.0,,+1.23,,+0.020,HKD,冠忠巴士集團,M,,1.23,1.650,0.0,0306.HK,现代服务业,0.0
00308,香港中旅,N,非必需性消費,旅遊及休閒設施,旅遊及觀光,6976158473.34,2024-04-26T16:02:11,非必需性消费,旅游及休闲设施,旅游及观光,香港中旅,00308.HK,69.8,ODSH,308,6.97,1.260,2.47,0308.HK,,1000000.0,1.98,+3.28,29.10,+0.040,HKD,香港中旅,B,,3.28,1.260,0.0,0308.HK,"MSCI,国企改革,在线旅游,旅游及观光,现代服务业,红筹股,节假日",0.0
00309,新華通訊頻媒,N,非必需性消費,支援服務,其他支援服務,96553489.8,2024-04-26T16:02:10,非必需性消费,支援服务,其他支援服务,新华通讯频媒,00309.HK,1.0,ODSH,309,96.55,0.050,119.07,0309.HK,,1000.0,,0.00,,0.000,HKD,新華通訊頻媒,M,,0.0,0.050,0.0,0309.HK,"文化传媒,节能环保",0.0
00310,嘉進投資國際,S,金融,其他金融,資產管理,12113202.0,2024-04-26T16:02:09,金融,其他金融,资产管理,嘉进投资国际,00310.HK,0.1,ODSH,310,12.11,0.100,,0310.HK,,,,0.00,,0.000,HKD,嘉進投資國際,M,True,0.0,0.100,0.0,0310.HK,财产管理,0.0
00311,聯泰控股,N,非必需性消費,紡織及服飾,服裝,192344955.876,2024-04-26T16:02:11,非必需性消费,纺织及服饰,服装,联泰控股,00311.HK,1.9,ODSH,311,192.34,0.186,,0311.HK,,,,0.00,,0.000,HKD,聯泰控股,M,,0.0,0.186,0.0,0311.HK,现代服务业,0.0
00312,歲寶百貨,N,非必需性消費,零售相關,多元化零售,84830000.0,2024-04-26T16:02:11,非必需性消费,零售相关,多元化零售,岁宝百货,00312.HK,0.8,ODSH,312,84.83,0.034,464.0,0312.HK,,,,+3.03,,+0.001,HKD,歲寶百貨,M,,3.03,0.034,0.0,0312.HK,"百货业,阿里巴巴,零售股",0.0
00313,裕田中國,N,地產建築,地產,地產發展商,233366872.55,2024-04-26T16:02:10,地产建筑,地产,地产发展商,裕田中国,00313.HK,2.3,ODSH,313,233.36,0.010,,0313.HK,,,,0.00,0.16,0.000,HKD,裕田中國,M,,0.0,0.010,0.0,0313.HK,香港房地产,0.0
00314,思派健康,N,醫療保健,藥品及生物科技,西藥分銷,4660889881.68,2024-04-26T16:02:09,医疗保健,药品及生物科技,西药分销,思派健康,00314.HK,46.6,ODSH,314,4.67,6.140,6.25,0314.HK,,1000000.0,,+5.50,,+0.320,HKD,思派健康,B,,5.5,6.140,0.1,0314.HK,,0.11526749117458072
00315,數碼通電訊,N,電訊,電訊,電訊服務,4027689593.65,2024-04-26T16:02:11,科技,电讯,电讯服务,数码通电讯,00315.HK,40.3,ODSH,315,4.02,3.650,1.51,0315.HK,,1000000.0,8.77,+0.55,15.01,+0.020,HKD,數碼通電訊,B,,0.55,3.650,0.0,0315.HK,"5G,现代服务业,电信股,苹果",0.0
00316,東方海外國際,N,工業,工業運輸,航運及港口,71320316076.0,2024-04-26T16:02:10,工业,工业运输,航运及港口,东方海外国际,00316.HK,713.2,ODSH,316,71.12,107.700,116.45,0316.HK,,1000000.0,7.54,+1.89,6.67,+2.000,HKD,東方海外國際,B,,1.89,107.700,1.2,0316.HK,"物流,自由贸易港,高股息",0.18816379028403568
00317,中船防務,N,工業,工業工程,商用車及貨車,6465417471.24,2024-04-26T16:02:11,工业,工业工程,商用车及货车,中船防务,00317.HK,64.7,ODSH,317,6.45,10.900,23.57,0317.HK,,1000000.0,0.11,+2.64,299.45,+0.280,HKD,中船防務,B,,2.64,10.900,0.2,0317.HK,"军工股,国企改革",0.07568196338981906
00318,黃河實業,N,資訊科技,軟件服務,系統開發及顧問,88018872.175,2024-04-26T16:02:11,科技,软件服务,系统开发及顾问,黄河实业,00318.HK,0.9,ODSH,318,88.01,0.325,,0318.HK,,,,0.00,5.57,0.000,HKD,黃河實業,M,,0.0,0.325,0.0,0318.HK,移动支付,0.0
00320,金寶通,N,工業,工業工程,工業及設備,311739800.0,2024-04-26T16:02:11,工业,工业工程,工业及设备,金宝通,00320.HK,3.1,ODSH,320,303.31,0.360,95.74,0320.HK,,1000.0,5.83,-2.70,13.48,-0.010,HKD,金寶通,M,,-2.7,0.360,0.0,0320.HK,,0.0
00321,德永佳集團,N,非必需性消費,紡織及服飾,紡織品及布料,1050089039.04,2024-04-26T16:02:10,非必需性消费,纺织及服饰,纺织品及布料,德永佳集团,00321.HK,10.5,ODSH,321,1.05,0.760,306.34,0321.HK,,1000.0,19.74,0.00,13.97,0.000,HKD,德永佳集團,B,,0.0,0.760,0.0,0321.HK,,0.0
00322,康師傅控股,N,必需性消費,食品飲料,非酒精飲料,49695023095.2,2024-04-26T16:02:11,必需性消费,食品饮料,非酒精饮料,康师傅控股,00322.HK,497.0,ODSH,322,49.80,8.840,41.71,0322.HK,,1000000.0,6.71,+2.31,14.90,+0.200,HKD,康師傅控股,B,,2.31,8.840,0.4,0322.HK,"冬奥会,台资企业,知名公司,非酒精饮料",0.08922575136274002
00323,馬鞍山鋼鐵股份,N,原材料,一般金屬及礦石,鋼鐵,2027528100.0,2024-04-26T16:02:11,原材料,一般金属及矿石,钢铁,马鞍山钢铁股份,00323.HK,20.3,ODSH,323,2.02,1.170,4.88,0323.HK,,1000000.0,,+2.63,,+0.030,HKD,馬鞍山鋼鐵股份,B,,2.63,1.170,0.0,0323.HK,"国企改革,碳中和,铁矿石,高铁",0.0
00326,中國星集團,N,非必需性消費,媒體及娛樂,影視娛樂,1918001878.41,2024-04-26T16:02:10,非必需性消费,媒体及娱乐,影视娱乐,中国星集团,00326.HK,19.2,ODSH,326,1.91,0.790,46.66,0326.HK,,1000.0,,-5.95,,-0.050,HKD,中國星集團,B,,-5.95,0.790,0.0,0326.HK,"博彩,影视娱乐",0.0
00327,百富環球,N,資訊科技,軟件服務,電商及互聯網服務,6958861000.0,2024-04-26T16:02:11,科技,软件服务,电商及互联网服务,百富环球,00327.HK,69.6,ODSH,327,6.95,6.500,4.3,0327.HK,,1000000.0,6.77,+0.15,6.05,+0.010,HKD,百富環球,B,,0.15,6.500,0.0,0327.HK,"移动支付,金融科技",0.0
00328,愛高集團,N,資訊科技,資訊科技器材,電腦及周邊,1088322261.0,2024-04-26T16:02:10,科技,资讯科技器材,电脑及周边,爱高集团,00328.HK,10.9,ODSH,328,1.08,11.400,5.32,0328.HK,,1000000.0,,+3.83,,+0.420,HKD,ALCO HOLDINGS,B,,3.83,11.400,0.1,0328.HK,"消费电子,电子信息",0.09691700052051119
00329,東建國際,N,金融,其他金融,證券及經紀,1484752420.8,2024-04-26T16:02:11,金融,其他金融,证券及经纪,东建国际,00329.HK,14.8,ODSH,329,1.40,0.940,754.68,0329.HK,,1000.0,,-6.00,,-0.060,HKD,東建國際,B,,-6.0,0.940,0.0,0329.HK,健康产业,0.0
00330,思捷環球,N,非必需性消費,紡織及服飾,服裝,557671016.571,2024-04-26T16:02:11,非必需性消费,纺织及服饰,服装,思捷环球,00330.HK,5.6,ODSH,330,552.00,0.195,897.64,0330.HK,,1000.0,,0.00,,0.000,HKD,思捷環球,M,,0.0,0.195,0.0,0330.HK,"健康产业,品牌服饰",0.0
00331,豐盛生活服務,N,地產建築,建築,建築及服務,2448000000.0,2024-04-26T16:02:10,地产建筑,建筑,建筑及服务,丰盛生活服务,00331.HK,24.5,ODSH,331,2.44,5.440,293.55,0331.HK,,1000.0,8.03,+0.37,4.77,+0.020,HKD,豐盛生活服務,B,,0.37,5.440,0.0,0331.HK,节能环保,0.0
00332,元亨燃氣,N,能源,石油及天然氣,油氣生產商,366554783.336,2024-04-26T16:02:10,能源,石油及天然气,油气生产商,元亨燃气,00332.HK,3.7,ODSH,332,373.10,0.057,225.75,0332.HK,,1000.0,,+5.56,12.67,+0.003,HKD,元亨燃氣,M,,5.56,0.057,0.0,0332.HK,节能环保,0.0
00333,黛麗斯國際,N,非必需性消費,紡織及服飾,服裝,96336856.0,2024-04-26T16:02:10,非必需性消费,纺织及服饰,服装,黛丽斯国际,00333.HK,1.0,ODSH,333,96.33,0.320,,0333.HK,,,,0.00,,0.000,HKD,黛麗斯國際,M,,0.0,0.320,0.0,0333.HK,,0.0
00334,華顯光電,N,資訊科技,資訊科技器材,電腦及周邊,437661741.303,2024-04-26T16:02:10,科技,资讯科技器材,电脑及周边,华显光电,00334.HK,4.4,ODSH,334,437.66,0.207,4.96,0334.HK,,1000.0,,-0.96,30.90,-0.002,HKD,華顯光電,M,,-0.96,0.207,0.0,0334.HK,"台资企业,电子信息",0.0
00335,美建集團,N,金融,其他金融,信貸,1931268065.76,2024-04-26T16:02:11,金融,其他金融,信贷,美建集团,00335.HK,19.3,ODSH,335,1.93,0.720,,0335.HK,,,2.78,0.00,19.25,0.000,HKD,美建集團,B,,0.0,0.720,0.0,0335.HK,财产管理,0.0
00336,華寶國際,N,必需性消費,食品飲料,食品添加劑,8397809877.6,2024-04-26T16:02:10,必需性消费,食品饮料,食品添加剂,华宝国际,00336.HK,84.0,ODSH,336,8.39,2.600,6.21,0336.HK,,1000000.0,3.27,0.00,33.55,0.000,HKD,華寶國際,B,,0.0,2.600,0.1,0336.HK,"烟草,食品添加剂",0.0
00337,綠地香港,N,地產建築,地產,地產發展商,569544475.332,2024-04-26T16:02:11,地产建筑,地产,地产发展商,绿地香港,00337.HK,5.7,ODSH,337,569.54,0.204,993.13,0337.HK,,1000.0,,+6.25,,+0.012,HKD,綠地香港,M,,6.25,0.204,0.0,0337.HK,"内地房地产,物业投资,知名公司,红筹股",0.0
00338,上海石油化工股份,N,原材料,其他原材料,特殊化工用品,3817519200.0,2024-04-26T16:02:10,原材料,其他原材料,特殊化工用品,上海石油化工股份,00338.HK,38.2,ODSH,338,3.81,1.100,15.46,0338.HK,,1000000.0,,+1.85,,+0.020,HKD,上海石油化工股份,B,,1.85,1.100,0.2,0338.HK,"国企改革,氢能源,石化股,石油股",0.04921949441520032
00339,核心經濟投資,N,金融,其他金融,資產管理,74880000.0,2024-04-26T16:02:10,金融,其他金融,资产管理,核心经济投资,00339.HK,0.7,ODSH,339,74.88,0.260,,0339.HK,,,,0.00,,0.000,HKD,核心經濟投資,M,,0.0,0.260,0.0,0339.HK,财产管理,0.0
00340,潼關黃金,N,原材料,黃金及貴金屬,黃金及貴金屬,2035136110.5,2024-04-26T16:02:10,原材料,黄金及贵金属,黄金及贵金属,潼关黄金,00340.HK,20.4,ODSH,340,2.07,0.510,355.57,0340.HK,,1000.0,,+3.03,36.69,+0.015,HKD,潼關黃金,B,,3.03,0.510,0.0,0340.HK,文化传媒,0.0
00341,大家樂集團,N,非必需性消費,旅遊及休閒設施,餐飲,4714917465.65,2024-04-26T16:02:10,非必需性消费,旅游及休闲设施,餐饮,大家乐集团,00341.HK,47.1,ODSH,341,4.75,8.110,4.59,0341.HK,,1000000.0,5.30,+2.53,42.64,+0.200,HKD,大家樂集團,B,,2.53,8.110,0.0,0341.HK,"餐饮连锁,香港",0.0
00343,文化傳信,N,非必需性消費,媒體及娛樂,廣告及宣傳,397140322.208,2024-04-26T16:02:11,非必需性消费,媒体及娱乐,广告及宣传,文化传信,00343.HK,4.0,ODSH,343,397.14,0.238,72.72,0343.HK,,1000.0,,-3.25,,-0.008,HKD,文化傳信,M,,-3.25,0.238,0.0,0343.HK,文化传媒,0.0
00345,維他奶國際,N,必需性消費,食品飲料,非酒精飲料,6125772576.52,2024-04-26T16:02:10,必需性消费,食品饮料,非酒精饮料,维他奶国际,00345.HK,61.3,ODSH,345,6.11,5.700,17.35,0345.HK,,1000000.0,0.49,+1.42,133.49,+0.080,HKD,VITASOY INT'L,B,,1.42,5.700,0.2,0345.HK,"健康产业,非酒精饮料",0.029692579093962956
00346,延長石油國際,N,能源,石油及天然氣,油氣生產商,440041121.2,2024-04-26T16:02:10,能源,石油及天然气,油气生产商,延长石油国际,00346.HK,4.4,ODSH,346,440.04,0.400,620.41,0346.HK,,1000.0,,-6.98,2.01,-0.030,HKD,延長石油國際,M,,-6.98,0.400,0.0,0346.HK,"天然气,石化股,石油股",0.0
00347,鞍鋼股份,N,原材料,一般金屬及礦石,鋼鐵,1905579000.0,2024-04-26T16:02:11,原材料,一般金属及矿石,钢铁,鞍钢股份,00347.HK,19.1,ODSH,347,1.90,1.350,7.62,0347.HK,,1000000.0,,+4.65,,+0.060,HKD,鞍鋼股份,B,,4.65,1.350,0.1,0347.HK,"MSCI,冬奥会,国企改革,碳中和,铁矿石",0.11085467442760118
00348,中國智能健康,N,醫療保健,藥品及生物科技,中醫藥,47769811.832,2024-04-26T16:02:11,医疗保健,药品及生物科技,中医药,中国智能健康,00348.HK,0.5,ODSH,348,47.76,0.062,18.51,0348.HK,,1000.0,,+3.33,,+0.002,HKD,中國智能健康,M,,3.33,0.062,0.0,0348.HK,"中医药,健康产业,玩具及消闲用品",0.0
00351,亞洲能源物流,N,工業,工業運輸,航運及港口,486773959.536,2024-04-26T16:02:10,工业,工业运输,航运及港口,亚洲能源物流,00351.HK,4.9,ODSH,351,488.76,0.245,9.83,0351.HK,,1000.0,,-2.00,37.12,-0.005,HKD,亞洲能源物流,M,,-2.0,0.245,0.0,0351.HK,节能环保,0.0
00352,富陽,N,地產建築,地產,地產代理,21171771.54,2024-04-26T16:02:11,地产建筑,地产,地产代理,富阳,00352.HK,0.2,ODSH,352,21.17,0.086,,0352.HK,,,,0.00,,0.000,HKD,富陽,M,,0.0,0.086,0.0,0352.HK,"台资企业,房地产服务",0.0
00353,能源國際投資,N,能源,石油及天然氣,油氣設備與服務,1177813550.1,2024-04-26T16:02:10,能源,石油及天然气,油气设备与服务,能源国际投资,00353.HK,11.8,ODSH,353,1.17,1.090,2.41,0353.HK,,1000000.0,,+1.87,8.80,+0.020,HKD,能源國際投資,B,,1.87,1.090,0.0,0353.HK,天然气,0.0
00354,中國軟件國際,N,資訊科技,軟件服務,系統開發及顧問,13763825025.56,2024-04-26T16:02:11,科技,软件服务,系统开发及顾问,中国软件国际,00354.HK,137.6,ODSH,354,13.79,4.830,87.37,0354.HK,,1000000.0,1.68,+2.99,17.44,+0.140,HKD,中國軟件國際,B,,2.99,4.830,0.9,0354.HK,"SaaS,云计算,人工智能,信息安全,华为,工业互联网,抖音,数字经济,数据中心,比亚迪,网络安全,软件外包",0.3574952699912781
00355,世紀城市國際,N,非必需性消費,旅遊及休閒設施,酒店及度假村,609236130.036,2024-04-26T16:02:11,非必需性消费,旅游及休闲设施,酒店及度假村,世纪城市国际,00355.HK,6.1,ODSH,355,609.23,0.197,31.48,0355.HK,,1000.0,,+1.55,,+0.003,HKD,世紀城市國際,M,,1.55,0.197,0.0,0355.HK,"物业投资,连锁酒店",0.0
00356,鼎立資本,N,金融,其他金融,資產管理,139499280.0,2024-04-26T16:02:10,金融,其他金融,资产管理,鼎立资本,00356.HK,1.4,ODSH,356,139.49,0.051,43.59,0356.HK,,1000.0,,+10.87,,+0.005,HKD,鼎立資本,M,,10.87,0.051,0.0,0356.HK,财产管理,0.0
00357,美蘭空港,N,非必需性消費,旅遊及休閒設施,航空相關,1708654890.0,2024-04-26T16:02:10,非必需性消费,旅游及休闲设施,航空相关,美兰空港,00357.HK,17.1,ODSH,357,1.71,7.540,6.12,0357.HK,,1000000.0,,+1.75,,+0.130,HKD,美蘭空港,B,,1.75,7.540,0.1,0357.HK,"国企改革,智能物流,海南板块,海航系,航空股,节假日",0.027077936466854684
00358,江西銅業股份,N,原材料,一般金屬及礦石,銅,22726955160.0,2024-04-26T16:02:10,原材料,一般金属及矿石,铜,江西铜业股份,00358.HK,227.3,ODSH,358,22.81,16.440,212.62,0358.HK,,1000000.0,3.91,+3.79,7.88,+0.600,HKD,江西銅業股份,B,,3.79,16.440,2.1,0358.HK,"国企改革,碳中和,稀土永磁,铜",1.0839121695163367
00360,新焦點,N,非必需性消費,汽車,汽車零件,2909664270.981,2024-04-26T16:02:10,非必需性消费,汽车,汽车零件,新焦点,00360.HK,29.1,ODSH,360,2.90,0.169,140.27,0360.HK,,1000.0,,0.00,,0.000,HKD,新焦點,B,,0.0,0.169,0.0,0360.HK,"台资企业,现代服务业",0.0
00361,順龍控股,N,非必需性消費,家庭電器及用品,玩具及消閒用品,187245000.0,2024-04-26T16:02:10,非必需性消费,家庭电器及用品,玩具及消闲用品,顺龙控股,00361.HK,1.9,ODSH,361,187.24,0.036,,0361.HK,,,,+2.86,,+0.001,HKD,順龍控股,M,,2.86,0.036,0.0,0361.HK,"体育,玩具及消闲用品",0.0
00362,中國天化工,N,原材料,其他原材料,特殊化工用品,93411268.632,2024-04-26T16:02:10,原材料,其他原材料,特殊化工用品,中国天化工,00362.HK,0.9,ODSH,362,92.46,0.098,200.41,0362.HK,,1000.0,,-1.01,,-0.001,HKD,中國天化工,M,,-1.01,0.098,0.0,0362.HK,煤化工,0.0
00363,上海實業控股,N,綜合企業,綜合企業,綜合企業,11894094904.0,2024-04-26T16:02:10,综合企业,综合企业,综合企业,上海实业控股,00363.HK,118.9,ODSH,363,11.89,10.940,5.91,0363.HK,,1000000.0,8.59,+1.11,3.47,+0.120,HKD,上海實業控股,B,,1.11,10.940,0.1,0363.HK,"国企改革,粤港澳,红筹股",0.008890667759197288
00365,芯成科技,N,工業,工業工程,工業及設備,261900000.0,2024-04-26T16:02:10,工业,工业工程,工业及设备,芯成科技,00365.HK,2.6,ODSH,365,251.71,0.173,1.62,0365.HK,,1000.0,,-3.89,,-0.007,HKD,芯成科技,M,,-3.89,0.173,0.0,0365.HK,"工业4.0,紫光系,高校",0.0
00366,陸氏集團(越南),N,地產建築,建築,建築材料,422148231.12,2024-04-26T16:02:10,地产建筑,建筑,建筑材料,陆氏集团(越南),00366.HK,4.2,ODSH,366,422.14,0.840,,0366.HK,,,4.76,0.00,,0.000,HKD,陸氏集團（越南）,M,,0.0,0.840,0.0,0366.HK,物业投资,0.0
00367,莊士機構國際,N,地產建築,地產,地產發展商,585393586.4,2024-04-26T16:02:10,地产建筑,地产,地产发展商,庄士机构国际,00367.HK,5.9,ODSH,367,585.39,0.350,37.26,0367.HK,,1000.0,,0.00,,0.000,HKD,莊士機構國際,M,,0.0,0.350,0.0,0367.HK,香港房地产,0.0
00368,德合集團,N,地產建築,建築,建築及服務,176000000.0,2024-04-26T16:02:09,地产建筑,建筑,建筑及服务,德合集团,00368.HK,1.8,ODSH,368,176.00,0.220,,0368.HK,,,,0.00,7.94,0.000,HKD,德合集團,M,,0.0,0.220,0.0,0368.HK,,0.0
00369,永泰地產,N,地產建築,地產,地產發展商,2958696608.22,2024-04-26T16:02:10,地产建筑,地产,地产发展商,永泰地产,00369.HK,29.6,ODSH,369,2.95,2.180,35.44,0369.HK,,1000.0,6.42,-0.91,,-0.020,HKD,永泰地產,B,,-0.91,2.180,0.0,0369.HK,"物业投资,香港房地产",0.0
00370,國華,N,非必需性消費,家庭電器及用品,消費電子產品,294901639.731,2024-04-26T16:02:10,非必需性消费,家庭电器及用品,消费电子产品,国华,00370.HK,2.9,ODSH,370,294.90,0.141,,0370.HK,,,,0.00,,0.000,HKD,國華,M,,0.0,0.141,0.0,0370.HK,"消费电子,物流",0.0
00371,北控水務集團,N,公用事業,公用事業,水務,19791821445.87,2024-04-26T16:02:10,公用事业,公用事业,水务,北控水务集团,00371.HK,197.9,ODSH,371,19.99,1.990,43.37,0371.HK,,1000000.0,7.89,+0.51,10.17,+0.010,HKD,北控水務集團,B,,0.51,1.990,0.4,0371.HK,"新经济,红筹股,节能环保,雄安股",0.008860088683504106
00372,保德國際發展,N,金融,其他金融,資產管理,190727727.12,2024-04-26T16:02:10,金融,其他金融,资产管理,保德国际发展,00372.HK,1.9,ODSH,372,190.72,0.063,,0372.HK,,,,0.00,,0.000,HKD,保德國際發展,M,,0.0,0.063,0.0,0372.HK,物业投资,0.0
00373,聯合集團,N,金融,其他金融,信貸,4954294947.6,2024-04-26T16:02:10,金融,其他金融,信贷,联合集团,00373.HK,49.5,ODSH,373,4.95,1.410,83.4,0373.HK,,1000.0,,+1.44,,+0.020,HKD,聯合集團,B,,1.44,1.410,0.0,0373.HK,财产管理,0.0
00374,四洲集團,N,必需性消費,食品飲料,包裝食品,960554100.0,2024-04-26T16:02:10,必需性消费,食品饮料,包装食品,四洲集团,00374.HK,9.6,ODSH,374,960.55,2.500,,0374.HK,,,3.80,0.00,23.58,0.000,HKD,四洲集團,M,,0.0,2.500,0.0,0374.HK,,0.0
00375,YGM貿易,N,非必需性消費,紡織及服飾,服裝,157570602.4,2024-04-26T16:02:10,非必需性消费,纺织及服饰,服装,YGM贸易,00375.HK,1.6,ODSH,375,157.57,0.950,,0375.HK,,,10.53,0.00,,0.000,HKD,YGM TRADING,M,,0.0,0.950,0.0,0375.HK,,0.0
00376,雲鋒金融,N,金融,保險,保險,3326472838.78,2024-04-26T16:02:10,金融,保险,保险,云锋金融,00376.HK,33.3,ODSH,376,3.36,0.870,54.1,0376.HK,,1000.0,,-1.14,8.44,-0.010,HKD,雲鋒金融,B,,-1.14,0.870,0.0,0376.HK,"保险,现代服务业,蚂蚁集团,阿里巴巴",0.0
00377,中國華君,N,工業,工業支援,採購及供應鏈管理,64004798.0,2024-04-26T16:02:11,工业,工业支援,采购及供应链管理,中国华君,00377.HK,0.6,ODSH,377,64.00,1.040,,0377.HK,,,,0.00,,0.000,HKD,中國華君,M,,0.0,1.040,0.0,0377.HK,现代服务业,0.0
00379,恒嘉融資租賃,N,金融,其他金融,信貸,77615926.96,2024-04-26T16:02:10,金融,其他金融,信贷,恒嘉融资租赁,00379.HK,0.8,ODSH,379,77.61,0.046,1.04,0379.HK,,1000.0,,-4.17,,-0.002,HKD,恒嘉融資租賃,M,,-4.17,0.046,0.0,0379.HK,,0.0
00380,中國管業,N,地產建築,建築,建築材料,110578078.0,2024-04-26T16:02:10,地产建筑,建筑,建筑材料,中国管业,00380.HK,1.1,ODSH,380,110.57,0.083,,0380.HK,,,,0.00,1.89,0.000,HKD,中國管業,M,,0.0,0.083,0.0,0380.HK,新材料,0.0
00381,僑雄國際,N,非必需性消費,家庭電器及用品,玩具及消閒用品,12965005.448,2024-04-26T16:02:10,非必需性消费,家庭电器及用品,玩具及消闲用品,侨雄国际,00381.HK,0.1,ODSH,381,12.96,0.134,5.44,0381.HK,,1000.0,,0.00,0.69,0.000,HKD,僑雄國際,M,,0.0,0.134,0.0,0381.HK,"婴童,涉矿,玩具及消闲用品",0.0
00382,中滙集團,N,非必需性消費,支援服務,教育,2831699000.24,2024-04-26T16:02:10,非必需性消费,支援服务,教育,中汇集团,00382.HK,28.3,ODSH,382,2.84,2.490,5.84,0382.HK,,1000000.0,7.23,+3.75,4.11,+0.090,HKD,中滙集團,B,,3.75,2.490,0.1,0382.HK,,0.07467987563070932
00383,中國醫療網絡,N,醫療保健,醫療保健設備及服務,醫療及醫學美容服務,738483710.76,2024-04-26T16:02:09,医疗保健,医疗保健设备及服务,医疗及医学美容服务,中国医疗网络,00383.HK,7.4,ODSH,383,738.48,0.680,,0383.HK,,,1.47,0.00,55.74,0.000,HKD,中國醫療網絡,M,,0.0,0.680,0.0,0383.HK,"健康产业,物业投资",0.0
00384,中國燃氣,N,公用事業,公用事業,燃氣,39244838301.84,2024-04-26T16:02:10,公用事业,公用事业,燃气,中国燃气,00384.HK,392.4,ODSH,384,39.35,7.240,40.12,0384.HK,,1000000.0,7.60,+1.69,9.09,+0.120,HKD,中國燃氣,B,,1.69,7.240,0.4,0384.HK,"天然气,氢能源",0.0573279935291748
00385,建聯集團,N,地產建築,建築,建築及服務,226061713.1,2024-04-26T16:02:10,地产建筑,建筑,建筑及服务,建联集团,00385.HK,2.3,ODSH,385,226.06,0.380,,0385.HK,,,6.58,0.00,8.78,0.000,HKD,建聯集團,M,,0.0,0.380,0.0,0385.HK,,0.0
00386,中國石油化工股份,N,能源,石油及天然氣,油氣生產商,117254719686.0,2024-04-26T16:02:10,能源,石油及天然气,油气生产商,中国石油化工股份,00386.HK,1172.5,ODSH,386,117.49,4.820,536.22,0386.HK,,1000000.0,7.73,+1.05,9.22,+0.050,HKD,中國石油化工股份,B,,1.05,4.820,5.4,0386.HK,"一带一路,冬奥会,国企改革,天然气,氢能源,知名公司,石化股,石油股,页岩气,高股息",0.31471905004256534
00387,力豐(集團),N,工業,工業工程,工業及設備,190963131.46,2024-04-26T16:02:10,工业,工业工程,工业及设备,力丰(集团),00387.HK,1.9,ODSH,387,190.96,0.830,,0387.HK,,,5.42,0.00,16.90,0.000,HKD,力豐（集團）,M,,0.0,0.830,0.0,0387.HK,物业投资,0.0
00388,香港交易所,N,金融,其他金融,其他金融,316452088992.0,2024-04-26T16:02:10,金融,其他金融,其他金融,香港交易所,00388.HK,3164.5,ODSH,388,317.21,250.200,2.54,0388.HK,,1000000000.0,3.36,+1.38,26.69,+3.400,HKD,香港交易所,B,,1.38,250.200,25.4,0388.HK,"数据中心,现代服务业,知名公司",2.0419313640931955
00389,通天酒業,N,必需性消費,食品飲料,酒精飲料,165858990.0,2024-04-26T16:02:11,必需性消费,食品饮料,酒精饮料,通天酒业,00389.HK,1.7,ODSH,389,168.87,0.560,37.6,0389.HK,,1000.0,,0.00,,0.000,HKD,通天酒業,M,,0.0,0.560,0.0,0389.HK,农业现代化,0.0
00390,中國中鐵,N,地產建築,建築,重型基建,17418594600.0,2024-04-26T16:02:10,地产建筑,建筑,重型基建,中国中铁,00390.HK,174.2,ODSH,390,17.37,4.130,73.07,0390.HK,,1000000.0,5.44,+0.49,2.98,+0.020,HKD,中國中鐵,B,,0.49,4.130,0.7,0390.HK,"一带一路,冬奥会,国企改革,基础建设,知名公司,高铁",0.014757056878702704
00391,美亞娛樂資訊,N,非必需性消費,媒體及娛樂,影視娛樂,746391054.15,2024-04-26T16:02:10,非必需性消费,媒体及娱乐,影视娱乐,美亚娱乐资讯,00391.HK,7.5,ODSH,391,746.39,0.126,12.6,0391.HK,,1000.0,,-0.79,,-0.001,HKD,美亞娛樂資訊,M,,-0.79,0.126,0.0,0391.HK,影视娱乐,0.0
00392,北京控股,N,公用事業,公用事業,燃氣,31757122353.6,2024-04-26T16:02:10,公用事业,公用事业,燃气,北京控股,00392.HK,317.6,ODSH,392,31.82,25.250,42.44,0392.HK,,1000000.0,6.34,+1.20,5.40,+0.300,HKD,北京控股,B,,1.2,25.250,0.4,0392.HK,"天然气,红筹股,节能环保",0.03448853861907274
00393,旭日企業,N,非必需性消費,紡織及服飾,服裝,1274118720.0,2024-04-26T16:02:10,非必需性消费,纺织及服饰,服装,旭日企业,00393.HK,12.7,ODSH,393,1.27,0.840,137.44,0393.HK,,1000.0,8.10,0.00,29.37,0.000,HKD,旭日企業,B,,0.0,0.840,0.0,0393.HK,品牌服饰,0.0
00396,興利(香港)控股,N,非必需性消費,家庭電器及用品,家具,38788609.2,2024-04-26T16:02:10,非必需性消费,家庭电器及用品,家具,兴利(香港)控股,00396.HK,0.4,ODSH,396,38.78,0.048,,0396.HK,,,,0.00,,0.000,HKD,興利（香港）控股,M,,0.0,0.048,0.0,0396.HK,家具,0.0
00397,嬴集團,N,金融,其他金融,信貸,333202603.622,2024-04-26T16:02:10,金融,其他金融,信贷,嬴集团,00397.HK,3.3,ODSH,397,333.20,0.133,850.48,0397.HK,,1000.0,,-0.75,,-0.001,HKD,嬴集團,M,,-0.75,0.133,0.0,0397.HK,"光伏太阳能,太阳能",0.0
00398,東方表行集團,N,非必需性消費,零售相關,其他零售,1710627366.24,2024-04-26T16:02:10,非必需性消费,零售相关,其他零售,东方表行集团,00398.HK,17.1,ODSH,398,1.71,3.510,1.72,0398.HK,,1000000.0,16.52,-0.57,5.79,-0.020,HKD,東方表行集團,B,,-0.57,3.510,0.0,0398.HK,奢侈品股,0.0
00399,領航醫藥生物科技,N,必需性消費,消費零售,個人護理,342915411.776,2024-04-26T16:02:10,必需性消费,消费零售,个人护理,领航医药生物科技,00399.HK,3.4,ODSH,399,339.46,0.197,34.88,0399.HK,,1000.0,,-1.01,,-0.002,HKD,領航醫藥生物科技,M,,-1.01,0.197,0.0,0399.HK,生物医药,0.0
00400,硬蛋創新,N,資訊科技,軟件服務,電商及互聯網服務,1422147986.64,2024-04-26T16:02:10,科技,软件服务,电商及互联网服务,硬蛋创新,00400.HK,14.2,ODSH,400,1.40,1.010,675.39,0400.HK,,1000.0,,-2.88,6.12,-0.030,HKD,硬蛋創新,B,,-2.88,1.010,0.0,0400.HK,"人工智能,机器人,物联网,电子信息,芯片替代,虚拟现实",0.0
00401,萬嘉集團,N,醫療保健,醫療保健設備及服務,醫療及醫學美容服務,35293994.568,2024-04-26T16:02:11,医疗保健,医疗保健设备及服务,医疗及医学美容服务,万嘉集团,00401.HK,0.4,ODSH,401,35.29,0.063,,0401.HK,,,,0.00,19.69,0.000,HKD,萬嘉集團,M,,0.0,0.063,0.0,0401.HK,生物医药,0.0
00403,星光集團,N,工業,工業支援,印刷及包裝,101628557.464,2024-04-26T16:02:10,工业,工业支援,印刷及包装,星光集团,00403.HK,1.0,ODSH,403,101.62,0.203,,0403.HK,,,4.93,0.00,16.11,0.000,HKD,星光集團,M,,0.0,0.203,0.0,0403.HK,现代服务业,0.0
00406,有利集團,N,地產建築,建築,建築及服務,481858960.0,2024-04-26T16:02:10,地产建筑,建筑,建筑及服务,有利集团,00406.HK,4.8,ODSH,406,503.76,1.150,10.98,0406.HK,,1000.0,4.35,+4.55,10.15,+0.050,HKD,有利集團,M,,4.55,1.150,0.0,0406.HK,现代服务业,0.0
00408,葉氏化工集團,N,原材料,其他原材料,特殊化工用品,886835189.76,2024-04-26T16:02:10,原材料,其他原材料,特殊化工用品,叶氏化工集团,00408.HK,8.9,ODSH,408,881.15,1.550,511.1,0408.HK,,1000.0,7.74,0.00,10.17,0.000,HKD,葉氏化工集團,M,,0.0,1.550,0.0,0408.HK,,0.0
00410,SOHO中國,N,地產建築,地產,地產投資,3743657302.32,2024-04-26T16:02:10,地产建筑,地产,地产投资,SOHO中国,00410.HK,37.4,ODSH,410,3.74,0.720,2.26,0410.HK,,1000000.0,,0.00,,0.000,HKD,ＳＯＨＯ中國,B,,0.0,0.720,0.0,0410.HK,"内地房地产,物业投资",0.0
00411,南順(香港),N,必需性消費,農產品,農產品相關,2190187485.0,2024-04-26T16:02:10,必需性消费,农产品,农产品相关,南顺(香港),00411.HK,21.9,ODSH,411,2.19,9.000,,0411.HK,,,3.67,0.00,24.78,0.000,HKD,南順（香港）,B,,0.0,9.000,0.0,0411.HK,"农业现代化,啤酒",0.0
00412,山高控股,N,金融,其他金融,資產管理,41774851896.46,2024-04-26T16:02:10,金融,其他金融,资产管理,山高控股,00412.HK,417.7,ODSH,412,41.95,6.970,51.67,0412.HK,,1000000.0,,+2.80,"2,788.00",+0.190,HKD,山高控股,B,,2.8,6.970,0.5,0412.HK,财产管理,0.15204597068548523
00413,南華集團控股,N,非必需性消費,家庭電器及用品,玩具及消閒用品,594958597.74,2024-04-26T16:02:10,非必需性消费,家庭电器及用品,玩具及消闲用品,南华集团控股,00413.HK,5.9,ODSH,413,608.17,0.046,2.2,0413.HK,,1000.0,,+2.22,,+0.001,HKD,南華集團控股,M,,2.22,0.046,0.0,0413.HK,"婴童,玩具及消闲用品",0.0
00417,謝瑞麟,N,非必需性消費,零售相關,其他零售,214296545.8,2024-04-26T16:02:10,非必需性消费,零售相关,其他零售,谢瑞麟,00417.HK,2.1,ODSH,417,214.29,0.860,,0417.HK,,,,0.00,,0.000,HKD,謝瑞麟,M,,0.0,0.860,0.0,0417.HK,奢侈品股,0.0
00418,方正控股,N,資訊科技,軟件服務,,593874761.535,2024-04-26T16:02:10,科技,软件服务,软件开发,方正控股,00418.HK,5.9,ODSH,418,593.87,0.495,133.35,0418.HK,,1000.0,,+1.02,9.94,+0.005,HKD,方正控股,M,,1.02,0.495,0.0,0418.HK,"移动互联网,红筹股,软件外包",0.0
00419,華誼騰訊娛樂,N,非必需性消費,旅遊及休閒設施,休閒及文娛設施,1236265813.419,2024-04-26T16:02:10,非必需性消费,旅游及休闲设施,休闲及文娱设施,华谊腾讯娱乐,00419.HK,12.4,ODSH,419,1.22,0.090,1.79,0419.HK,,1000000.0,,+5.88,,+0.005,HKD,華誼騰訊娛樂,B,,5.88,0.090,0.0,0419.HK,"文化传媒,新经济",0.0
00420,福田實業,N,非必需性消費,紡織及服飾,紡織品及布料,612513480.0,2024-04-26T16:02:10,非必需性消费,纺织及服饰,纺织品及布料,福田实业,00420.HK,6.1,ODSH,420,612.51,0.500,17.8,0420.HK,,1000.0,6.00,+1.01,12.02,+0.005,HKD,福田實業,M,,1.01,0.500,0.0,0420.HK,"国企改革,现代服务业,红筹股",0.0
00422,越南製造加工出口,N,非必需性消費,汽車,汽車,644452800.0,2024-04-26T16:02:10,非必需性消费,汽车,汽车,越南制造加工出口,00422.HK,6.4,ODSH,422,644.45,0.710,35.1,0422.HK,,1000.0,,+2.90,47.97,+0.020,HKD,越南製造加工出口,M,,2.9,0.710,0.0,0422.HK,"台资企业,汽车制造",0.0
00423,經濟日報集團,N,非必需性消費,媒體及娛樂,出版,388440000.0,2024-04-26T16:02:10,非必需性消费,媒体及娱乐,出版,经济日报集团,00423.HK,3.9,ODSH,423,388.44,0.900,9.0,0423.HK,,1000.0,11.11,-2.17,14.15,-0.020,HKD,經濟日報集團,M,,-2.17,0.900,0.0,0423.HK,文化传媒,0.0
00425,敏實集團,N,非必需性消費,汽車,汽車零件,15431274994.72,2024-04-26T16:02:10,非必需性消费,汽车,汽车零件,敏实集团,00425.HK,154.3,ODSH,425,15.43,13.280,32.0,0425.HK,,1000000.0,,+3.11,7.49,+0.400,HKD,敏實集團,B,,3.11,13.280,0.3,0425.HK,"台资企业,宁德时代,新经济,无人驾驶,汽车制造,特斯拉",0.12382981864459856
00426,萬華媒體,N,非必需性消費,媒體及娛樂,出版,19243200.0,2024-04-26T16:02:10,非必需性消费,媒体及娱乐,出版,万华媒体,00426.HK,0.2,ODSH,426,19.24,0.048,8.99,0426.HK,,1000.0,,-2.04,,-0.001,HKD,萬華媒體,M,,-2.04,0.048,0.0,0426.HK,文化传媒,0.0
00428,中國天弓控股,N,金融,其他金融,資產管理,64060157.448,2024-04-26T16:02:10,金融,其他金融,资产管理,中国天弓控股,00428.HK,0.6,ODSH,428,64.06,0.106,89.5,0428.HK,,1000.0,,-7.02,1.11,-0.008,HKD,中國天弓控股,M,,-7.02,0.106,0.0,0428.HK,财产管理,0.0
00430,東方興業控股,N,地產建築,地產,地產投資,112573244.0,2024-04-26T16:02:09,地产建筑,地产,地产投资,东方兴业控股,00430.HK,1.1,ODSH,430,112.57,0.290,23.56,0430.HK,,1000.0,6.90,0.00,,0.000,HKD,東方興業控股,M,,0.0,0.290,0.0,0430.HK,物业投资,0.0
00431,大中華金融,N,金融,其他金融,信貸,863120195.931,2024-04-26T16:02:10,金融,其他金融,信贷,大中华金融,00431.HK,8.6,ODSH,431,863.12,0.111,47.54,0431.HK,,1000.0,,-0.89,,-0.001,HKD,大中華金融,M,,-0.89,0.111,0.0,0431.HK,财产管理,0.0
00432,盈大地產,N,地產建築,地產,地產發展商,370959087.226,2024-04-26T16:02:10,地产建筑,地产,地产发展商,盈大地产,00432.HK,3.7,ODSH,432,370.95,0.182,217.33,0432.HK,,1000.0,,+8.33,,+0.014,HKD,盈大地產,M,,8.33,0.182,0.0,0432.HK,"物业投资,长和系,香港房地产",0.0
00433,北方礦業,N,原材料,一般金屬及礦石,其他金屬及礦石,650605300.644,2024-04-26T16:02:10,原材料,一般金属及矿石,其他金属及矿石,北方矿业,00433.HK,6.5,ODSH,433,638.09,0.051,93.82,0433.HK,,1000.0,,-1.92,,-0.001,HKD,北方礦業,M,,-1.92,0.051,0.0,0433.HK,物业投资,0.0
00434,博雅互動,N,資訊科技,軟件服務,綫上遊戲,1397865312.97,2024-04-26T16:02:10,科技,软件服务,线上游戏,博雅互动,00434.HK,14.0,ODSH,434,1.39,1.970,3.93,0434.HK,,1000000.0,1.89,+4.23,10.31,+0.080,HKD,博雅互動,B,,4.23,1.970,0.0,0434.HK,"手机游戏,网络游戏",0.0
00436,新宇環保,N,工業,工業工程,環保工程,206427397.224,2024-04-26T16:02:10,工业,工业工程,环保工程,新宇环保,00436.HK,2.1,ODSH,436,206.42,0.068,,0436.HK,,,2.35,0.00,,0.000,HKD,新宇環保,M,,0.0,0.068,0.0,0436.HK,,0.0
00438,彩虹新能源,N,工業,工業工程,新能源材料,279121143.0,2024-04-26T16:02:10,工业,工业工程,新能源材料,彩虹新能源,00438.HK,2.8,ODSH,438,279.12,2.900,114.26,0438.HK,,1000.0,,0.00,,0.000,HKD,彩虹新能源,M,,0.0,2.900,0.0,0438.HK,"国企改革,碳中和",0.0
00439,光啟科學,N,資訊科技,軟件服務,系統開發及顧問,375572660.46,2024-04-26T16:02:09,科技,软件服务,系统开发及顾问,光启科学,00439.HK,3.8,ODSH,439,369.41,0.600,140.95,0439.HK,,1000.0,,-3.23,,-0.020,HKD,光啟科學,M,,-3.23,0.600,0.0,0439.HK,"人工智能,现代服务业",0.0
00440,大新金融,N,金融,銀行,銀行,6870864650.0,2024-04-26T16:02:10,金融,银行,银行,大新金融,00440.HK,68.7,ODSH,440,6.87,21.500,3.7,0440.HK,,1000000.0,9.30,0.00,4.31,0.000,HKD,大新金融,B,,0.0,21.500,0.0,0440.HK,"现代服务业,财产管理",0.0
00442,域能控股,N,非必需性消費,紡織及服飾,珠寶鐘錶,196764000.0,2024-04-26T16:02:10,非必需性消费,纺织及服饰,珠宝钟表,域能控股,00442.HK,2.0,ODSH,442,196.76,1.140,11.4,0442.HK,,1000.0,,0.00,,0.000,HKD,域能控股,M,,0.0,1.140,0.0,0442.HK,海航系,0.0
00444,SINCEREWATCH HK,N,非必需性消費,零售相關,其他零售,102747150.0,2024-04-26T16:02:10,非必需性消费,零售相关,其他零售,SINCEREWATCH HK,00444.HK,1.0,ODSH,444,102.74,0.017,4.73,0444.HK,,1000.0,,0.00,,0.000,HKD,SINCEREWATCH HK,M,,0.0,0.017,0.0,0444.HK,,0.0
00450,鴻興印刷集團,N,工業,工業支援,印刷及包裝,1071280669.32,2024-04-26T16:02:10,工业,工业支援,印刷及包装,鸿兴印刷集团,00450.HK,10.7,ODSH,450,1.07,1.180,70.8,0450.HK,,1000.0,11.02,+0.85,7.88,+0.010,HKD,鴻興印刷集團,B,,0.85,1.180,0.0,0450.HK,现代服务业,0.0
00451,協鑫新能源,N,公用事業,公用事業,潔能,361905089.32,2024-04-26T16:02:10,公用事业,公用事业,洁能,协鑫新能源,00451.HK,3.6,ODSH,451,356.06,0.305,1.21,0451.HK,,1000000.0,,-1.61,,-0.005,HKD,協鑫新能源,M,,-1.61,0.305,0.0,0451.HK,"光伏太阳能,太阳能,新经济,碳中和",0.0
00455,天大藥業,N,醫療保健,藥品及生物科技,醫藥品,569761099.26,2024-04-26T16:02:10,医疗保健,药品及生物科技,医药品,天大药业,00455.HK,5.7,ODSH,455,569.76,0.265,1.04,0455.HK,,1000.0,0.98,+3.92,,+0.010,HKD,天大藥業,M,,3.92,0.265,0.0,0455.HK,"抗癌,涉矿,生物医药",0.0
00456,新城市建設發展,N,地產建築,地產,地產投資,70347026.4,2024-04-26T16:02:09,地产建筑,地产,地产投资,新城市建设发展,00456.HK,0.7,ODSH,456,70.34,0.600,18.0,0456.HK,,1000.0,,0.00,,0.000,HKD,新城市建設發展,M,,0.0,0.600,0.0,0456.HK,物业投资,0.0
00458,聯亞集團,N,非必需性消費,紡織及服飾,服裝,722475292.98,2024-04-26T16:02:10,非必需性消费,纺织及服饰,服装,联亚集团,00458.HK,7.2,ODSH,458,722.47,2.660,,0458.HK,,,9.40,0.00,4.22,0.000,HKD,聯亞集團,M,,0.0,2.660,0.0,0458.HK,品牌服饰,0.0
00459,鋑聯控股,N,地產建築,地產,地產代理,176917695.584,2024-04-26T16:02:10,地产建筑,地产,地产代理,鋑联控股,00459.HK,1.8,ODSH,459,176.91,0.098,320.89,0459.HK,,1000.0,,0.00,,0.000,HKD,鋑聯控股,M,,0.0,0.098,0.0,0459.HK,"房地产服务,现代服务业",0.0
00460,四環醫藥,N,醫療保健,藥品及生物科技,醫藥品,5131499563.3,2024-04-26T16:02:10,医疗保健,药品及生物科技,医药品,四环医药,00460.HK,51.3,ODSH,460,5.22,0.560,8.43,0460.HK,,1000000.0,,+3.70,,+0.020,HKD,四環醫藥,B,,3.7,0.560,0.1,0460.HK,"医美,医药股,幽门螺杆菌,抗疫,生物医药,肝炎",0.06469508834894976
00464,中國智能科技,N,非必需性消費,家庭電器及用品,家庭電器,234587760.0,2024-04-26T16:02:10,非必需性消费,家庭电器及用品,家庭电器,中国智能科技,00464.HK,2.3,ODSH,464,234.58,0.440,,0464.HK,,,,0.00,,0.000,HKD,中國智能科技,M,,0.0,0.440,0.0,0464.HK,"健康产业,家用电器",0.0
00465,富通科技,N,資訊科技,軟件服務,系統開發及顧問,87150000.0,2024-04-26T16:02:10,科技,软件服务,系统开发及顾问,富通科技,00465.HK,0.9,ODSH,465,87.15,0.280,,0465.HK,,,,0.00,,0.000,HKD,富通科技,M,,0.0,0.280,0.0,0465.HK,现代服务业,0.0
00467,聯合能源集團,N,能源,石油及天然氣,油氣生產商,15103492775.88,2024-04-26T16:02:10,能源,石油及天然气,油气生产商,联合能源集团,00467.HK,151.0,ODSH,467,15.10,0.580,70.15,0467.HK,,1000000.0,6.90,+1.75,,+0.010,HKD,聯合能源集團,B,,1.75,0.580,0.7,0467.HK,天然气,0.12258755615410918
00468,紛美包裝,N,工業,工業支援,印刷及包裝,2983113480.0,2024-04-26T16:02:10,工业,工业支援,印刷及包装,纷美包装,00468.HK,29.8,ODSH,468,2.99,2.130,1.5,0468.HK,,1000000.0,4.69,-1.39,10.90,-0.030,HKD,紛美包裝,B,,-1.39,2.130,0.0,0468.HK,新材料,0.0
00471,中播數據,N,電訊,電訊,衛星及無綫通訊,206124837.12,2024-04-26T16:02:11,科技,电讯,卫星及无线通讯,中播数据,00471.HK,2.1,ODSH,471,206.12,0.115,213.76,0471.HK,,1000.0,,-1.71,,-0.002,HKD,中播數據,M,,-1.71,0.115,0.0,0471.HK,"卫星导航,文化传媒",0.0
00472,新絲路文旅,N,必需性消費,食品飲料,酒精飲料,545290584.58,2024-04-26T16:02:10,必需性消费,食品饮料,酒精饮料,新丝路文旅,00472.HK,5.5,ODSH,472,545.29,0.170,99.74,0472.HK,,1000.0,,+6.25,,+0.010,HKD,新絲路文旅,M,,6.25,0.170,0.0,0472.HK,互联网金融,0.0
00474,信銘生命科技,N,工業,工業工程,重型機械,1173702511.995,2024-04-26T16:02:10,工业,工业工程,重型机械,信铭生命科技,00474.HK,11.7,ODSH,474,1.17,0.159,3.7,0474.HK,,1000.0,,+2.58,,+0.004,HKD,信銘生命科技,B,,2.58,0.159,0.0,0474.HK,天然气,0.0
00475,中發展控股,N,工業,工業工程,新能源材料,267419160.0,2024-04-26T16:02:10,工业,工业工程,新能源材料,中发展控股,00475.HK,2.7,ODSH,475,267.41,0.690,,0475.HK,,,,0.00,,0.000,HKD,中發展控股,M,,0.0,0.690,0.0,0475.HK,,0.0
00476,科軒動力控股,N,工業,工業工程,商用車及貨車,93724757.597,2024-04-26T16:02:10,工业,工业工程,商用车及货车,科轩动力控股,00476.HK,0.9,ODSH,476,93.72,0.101,118.25,0476.HK,,1000.0,,+1.00,,+0.001,HKD,科軒動力控股,M,,1.0,0.101,0.0,0476.HK,小金属,0.0
00480,香港興業國際,N,地產建築,地產,地產發展商,1841774235.72,2024-04-26T16:02:10,地产建筑,地产,地产发展商,香港兴业国际,00480.HK,18.4,ODSH,480,1.84,1.240,277.64,0480.HK,,1000.0,0.81,+0.81,4.04,+0.010,HKD,香港興業國際,B,,0.81,1.240,0.0,0480.HK,"物业投资,香港房地产",0.0
00482,聖馬丁國際,N,非必需性消費,家庭電器及用品,消費電子產品,127961987.4,2024-04-26T16:02:09,非必需性消费,家庭电器及用品,消费电子产品,圣马丁国际,00482.HK,1.3,ODSH,482,129.19,0.105,73.54,0482.HK,,1000.0,,+1.94,,+0.002,HKD,聖馬丁國際,M,,1.94,0.105,0.0,0482.HK,"台资企业,消费电子,电子信息",0.0
00483,包浩斯國際,N,非必需性消費,零售相關,服裝零售,159810300.0,2024-04-26T16:02:10,非必需性消费,零售相关,服装零售,包浩斯国际,00483.HK,1.6,ODSH,483,161.64,0.440,22.99,0483.HK,,1000.0,,+7.32,3.52,+0.030,HKD,包浩斯國際,M,,7.32,0.440,0.0,0483.HK,品牌服饰,0.0
00484,雲遊控股,N,資訊科技,資訊科技器材,電腦及周邊,124716326.5,2024-04-26T16:02:10,科技,资讯科技器材,电脑及周边,云游控股,00484.HK,1.2,ODSH,484,124.71,0.850,42.84,0484.HK,,1000.0,,+8.97,,+0.070,HKD,雲遊控股,M,,8.97,0.850,0.0,0484.HK,"手机游戏,网络游戏",0.0
00485,中國華星,N,地產建築,地產,地產發展商,32564501.334,2024-04-26T16:02:10,地产建筑,地产,地产发展商,中国华星,00485.HK,0.3,ODSH,485,32.56,0.153,118.0,0485.HK,,1000.0,,0.00,,0.000,HKD,中國華星,M,,0.0,0.153,0.0,0485.HK,"电子信息,香港房地产",0.0
00486,俄鋁,N,原材料,一般金屬及礦石,鋁,41021140127.4,2024-04-26T16:02:10,原材料,一般金属及矿石,铝,俄铝,00486.HK,410.2,ODSH,486,40.86,2.690,1.03,0486.HK,,1000000.0,,+5.49,18.56,+0.140,HKD,俄鋁,B,,5.49,2.690,0.0,0486.HK,"外国公司,小金属,铝",0.0
00487,實德環球,N,非必需性消費,旅遊及休閒設施,旅遊及觀光,482796137.208,2024-04-26T16:02:10,非必需性消费,旅游及休闲设施,旅游及观光,实德环球,00487.HK,4.8,ODSH,487,487.72,0.099,20.92,0487.HK,,1000.0,,+10.00,2.88,+0.009,HKD,實德環球,M,,10.0,0.099,0.0,0487.HK,"博彩,在线旅游,彩票股,旅游及观光",0.0
00488,麗新發展,N,綜合企業,綜合企業,綜合企業,770264279.9,2024-04-26T16:02:10,综合企业,综合企业,综合企业,丽新发展,00488.HK,7.7,ODSH,488,770.26,0.530,52.67,0488.HK,,1000.0,,+15.22,,+0.070,HKD,麗新發展,M,,15.22,0.530,0.0,0488.HK,物业投资,0.0
00489,東風集團股份,N,工業,工業工程,商用車及貨車,7508676200.0,2024-04-26T16:02:10,工业,工业工程,商用车及货车,东风集团股份,00489.HK,75.1,ODSH,489,7.53,2.990,73.79,0489.HK,,1000000.0,,+1.01,,+0.030,HKD,東風集團股份,B,,1.01,2.990,0.7,0489.HK,"国企改革,宁德时代,新经济,新能源汽车,汽车制造",0.05794789859596051
00491,英皇文化產業,N,非必需性消費,媒體及娛樂,影視娛樂,99613567.59,2024-04-26T16:02:10,非必需性消费,媒体及娱乐,影视娱乐,英皇文化产业,00491.HK,1.0,ODSH,491,99.61,0.031,10.54,0491.HK,,1000.0,,0.00,,0.000,HKD,英皇文化產業,M,,0.0,0.031,0.0,0491.HK,文化传媒,0.0
00493,國美零售,N,非必需性消費,零售相關,家居裝修零售,1337348297.572,2024-04-26T16:02:10,非必需性消费,零售相关,家居装修零售,国美零售,00493.HK,13.4,ODSH,493,1.33,0.028,6.35,0493.HK,,1000000.0,,-3.45,,-0.001,HKD,國美零售,B,,-3.45,0.028,0.1,0493.HK,"双十一,电子商务,零售股",0.0790818748437605
00495,百利大,N,地產建築,地產,地產投資,43440224.019,2024-04-26T16:02:10,地产建筑,地产,地产投资,百利大,00495.HK,0.4,ODSH,495,42.03,0.030,5.77,0495.HK,,1000.0,,-9.09,,-0.003,HKD,PALADIN,M,,-9.09,0.030,0.0,0495.HK,物业投资,0.0
00496,卡森國際,N,非必需性消費,家庭電器及用品,家具,411295436.085,2024-04-26T16:02:10,非必需性消费,家庭电器及用品,家具,卡森国际,00496.HK,4.1,ODSH,496,411.29,0.285,,0496.HK,,,,-1.72,5.46,-0.005,HKD,卡森國際,M,,-1.72,0.285,0.0,0496.HK,"家具,海南板块",0.0
00497,資本策略地產,N,地產建築,地產,地產發展商,819671281.164,2024-04-26T16:02:10,地产建筑,地产,地产发展商,资本策略地产,00497.HK,8.2,ODSH,497,828.88,0.090,511.51,0497.HK,,1000.0,4.67,+1.12,2.51,+0.001,HKD,資本策略地產,M,,1.12,0.090,0.0,0497.HK,"物业投资,香港房地产",0.0
00498,藍河控股,N,地產建築,建築,建築及服務,178001785.494,2024-04-26T16:02:09,地产建筑,建筑,建筑及服务,蓝河控股,00498.HK,1.8,ODSH,498,178.00,0.171,1.71,0498.HK,,1000.0,,0.00,,0.000,HKD,藍河控股,M,,0.0,0.171,0.0,0498.HK,物流,0.0
00499,青島控股,N,非必需性消費,支援服務,教育,130810490.16,2024-04-26T16:02:10,非必需性消费,支援服务,教育,青岛控股,00499.HK,1.3,ODSH,499,130.81,0.131,23.25,0499.HK,,1000.0,,-11.49,,-0.017,HKD,青島控股,M,,-11.49,0.131,0.0,0499.HK,"互联网+,物业投资",0.0
00500,先豐服務集團,N,非必需性消費,支援服務,其他支援服務,475870404.438,2024-04-26T16:02:10,非必需性消费,支援服务,其他支援服务,先丰服务集团,00500.HK,4.8,ODSH,500,492.69,0.205,44.87,0500.HK,,1000.0,,+6.22,9.58,+0.012,HKD,先豐服務集團,M,,6.22,0.205,0.0,0500.HK,现代服务业,0.0
00505,興業合金,N,原材料,一般金屬及礦石,銅,890562591.27,2024-04-26T16:02:10,原材料,一般金属及矿石,铜,兴业合金,00505.HK,8.9,ODSH,505,917.54,1.020,28.54,0505.HK,,1000.0,,+0.99,4.48,+0.010,HKD,興業合金,M,,0.99,1.020,0.0,0505.HK,铜,0.0
00506,中國食品,N,必需性消費,食品飲料,非酒精飲料,8167892316.32,2024-04-26T16:02:10,必需性消费,食品饮料,非酒精饮料,中国食品,00506.HK,81.7,ODSH,506,8.13,2.910,19.28,0506.HK,,1000000.0,5.46,-0.68,9.11,-0.020,HKD,中國食品,B,,-0.68,2.910,0.2,0506.HK,"健康产业,红筹股,非酒精饮料",0.0084420990251337
00508,鼎億集團投資,N,金融,其他金融,信貸,191276358.26,2024-04-26T16:02:09,金融,其他金融,信贷,鼎亿集团投资,00508.HK,1.9,ODSH,508,194.95,0.265,115.95,0508.HK,,1000.0,,+1.92,44.17,+0.005,HKD,鼎億集團投資,M,,1.92,0.265,0.0,0508.HK,餐饮连锁,0.0
00509,世紀陽光,N,原材料,其他原材料,化肥及農用化合物,50392285.273,2024-04-26T16:02:10,原材料,其他原材料,化肥及农用化合物,世纪阳光,00509.HK,0.5,ODSH,509,50.39,0.011,5.11,0509.HK,,1000.0,,+10.00,,+0.001,HKD,世紀陽光,M,,10.0,0.011,0.0,0509.HK,农业现代化,0.0
00510,時富金融服務集團,N,金融,其他金融,證券及經紀,94858451.38,2024-04-26T16:02:10,金融,其他金融,证券及经纪,时富金融服务集团,00510.HK,0.9,ODSH,510,94.85,0.220,9.14,0510.HK,,1000.0,,+5.26,,+0.011,HKD,時富金融服務集團,M,,5.26,0.220,0.0,0510.HK,财产管理,0.0
00511,電視廣播,N,非必需性消費,媒體及娛樂,廣播,1393533240.0,2024-04-26T16:02:10,非必需性消费,媒体及娱乐,广播,电视广播,00511.HK,13.9,ODSH,511,1.39,3.180,4.14,0511.HK,,1000000.0,,+1.92,,+0.060,HKD,電視廣播,B,,1.92,3.180,0.0,0511.HK,"影视娱乐,文化传媒",0.0
00512,遠大醫藥,N,醫療保健,藥品及生物科技,醫藥品,15227660224.92,2024-04-26T16:02:10,医疗保健,药品及生物科技,医药品,远大医药,00512.HK,152.3,ODSH,512,15.26,4.300,24.29,0512.HK,,1000000.0,6.05,+0.94,8.02,+0.040,HKD,遠大醫藥,B,,0.94,4.300,0.2,0512.HK,"医疗器械,生物医药",0.013011486904291446
00513,恆和集團,N,非必需性消費,紡織及服飾,珠寶鐘錶,136623651.6,2024-04-26T16:02:09,非必需性消费,纺织及服饰,珠宝钟表,恒和集团,00513.HK,1.4,ODSH,513,136.62,0.200,6.0,0513.HK,,1000.0,,0.00,,0.000,HKD,恆和集團,M,,0.0,0.200,0.0,0513.HK,,0.0
00515,中華銀科技,N,工業,工業工程,工業及設備,102018896.038,2024-04-26T16:02:09,工业,工业工程,工业及设备,中华银科技,00515.HK,1.0,ODSH,515,101.21,0.126,411.91,0515.HK,,1000.0,,-3.08,,-0.004,HKD,中華銀科技,M,,-3.08,0.126,0.0,0515.HK,"LED,电子信息",0.0
00517,中遠海運國際,N,工業,工業支援,採購及供應鏈管理,5394774858.72,2024-04-26T16:02:10,工业,工业支援,采购及供应链管理,中远海运国际,00517.HK,53.9,ODSH,517,5.42,3.700,3.76,0517.HK,,1000000.0,10.81,+1.09,9.17,+0.040,HKD,中遠海運國際,B,,1.09,3.700,0.0,0517.HK,"物流,红筹股",0.0
00518,同得仕(集團),N,非必需性消費,紡織及服飾,服裝,101941267.882,2024-04-26T16:02:10,非必需性消费,纺织及服饰,服装,同得仕(集团),00518.HK,1.0,ODSH,518,101.94,0.226,476.07,0518.HK,,1000.0,2.21,+0.44,5.17,+0.001,HKD,同得仕（集團）,M,,0.44,0.226,0.0,0518.HK,品牌服饰,0.0
00519,實力建業,N,地產建築,地產,地產發展商,186361450.079,2024-04-26T16:02:10,地产建筑,地产,地产发展商,实力建业,00519.HK,1.9,ODSH,519,186.36,0.061,,0519.HK,,,,0.00,,0.000,HKD,實力建業,M,,0.0,0.061,0.0,0519.HK,"养老,连锁酒店,香港房地产",0.0
00520,呷哺呷哺,N,非必需性消費,旅遊及休閒設施,餐飲,1911667086.56,2024-04-26T16:02:10,非必需性消费,旅游及休闲设施,餐饮,呷哺呷哺,00520.HK,19.1,ODSH,520,1.92,1.770,12.89,0520.HK,,1000000.0,3.42,+5.99,,+0.100,HKD,呷哺呷哺,B,,5.99,1.770,0.1,0520.HK,"知名公司,节假日,餐饮连锁",0.15762699873968494
00521,CWT INT''L,S,原材料,一般金屬及礦石,其他金屬及礦石,683999766.06,2024-04-26T16:02:10,原材料,一般金属及矿石,其他金属及矿石,CWT INT''L,00521.HK,6.8,ODSH,521,683.99,0.060,,0521.HK,,,,0.00,17.65,0.000,HKD,CWT INT'L,M,True,0.0,0.060,0.0,0521.HK,"海航系,现代服务业,红筹股",0.0
00522,ASMPT,N,資訊科技,半導體,半導體設備,42196653079.4,2024-04-26T16:02:10,科技,半导体,半导体设备,ASMPT,00522.HK,422.0,ODSH,522,42.11,101.600,252.43,0522.HK,,1000000.0,1.37,+6.44,58.57,+6.150,HKD,ASMPT,B,,6.44,101.600,2.5,0522.HK,"LED,新经济,电子信息,芯片替代,集成电路",2.470852318310708
00524,長城天下,N,電訊,電訊,電訊服務,49231875.0,2024-04-26T16:02:09,科技,电讯,电讯服务,长城天下,00524.HK,0.5,ODSH,524,49.23,0.250,,0524.HK,,,,0.00,,0.000,HKD,長城天下,M,,0.0,0.250,0.0,0524.HK,现代服务业,0.0
00525,廣深鐵路股份,N,非必需性消費,旅遊及休閒設施,公交運輸,2848287000.0,2024-04-26T16:02:10,非必需性消费,旅游及休闲设施,公交运输,广深铁路股份,00525.HK,28.5,ODSH,525,2.84,1.990,24.65,0525.HK,,1000000.0,3.76,+1.02,12.45,+0.020,HKD,廣深鐵路股份,B,,1.02,1.990,0.2,0525.HK,"国企改革,高铁",0.020461025559637688
00526,利時集團控股,N,非必需性消費,家庭電器及用品,家具,538949366.197,2024-04-26T16:02:10,非必需性消费,家庭电器及用品,家具,利时集团控股,00526.HK,5.4,ODSH,526,546.99,0.068,588.45,0526.HK,,1000.0,,+1.49,0.22,+0.001,HKD,利時集團控股,M,,1.49,0.068,0.0,0526.HK,,0.0
00527,瑞風新能源,S,公用事業,公用事業,潔能,413928940.527,2024-04-26T16:02:10,公用事业,公用事业,洁能,瑞风新能源,00527.HK,4.1,ODSH,527,413.92,0.249,,0527.HK,,,,0.00,,0.000,HKD,瑞風新能源,M,True,0.0,0.249,0.0,0527.HK,"电子信息,风电",0.0
00528,金達控股,N,非必需性消費,紡織及服飾,紡織品及布料,730426480.0,2024-04-26T16:02:10,非必需性消费,纺织及服饰,纺织品及布料,金达控股,00528.HK,7.3,ODSH,528,730.42,1.160,153.12,0528.HK,,1000.0,7.76,-3.33,4.09,-0.040,HKD,金達控股,M,,-3.33,1.160,0.0,0528.HK,,0.0
00529,新龍國際,N,資訊科技,資訊科技器材,電訊設備,472543332.2,2024-04-26T16:02:10,科技,资讯科技器材,电讯设备,新龙国际,00529.HK,4.7,ODSH,529,472.54,1.700,78.14,0529.HK,,1000.0,1.18,+5.59,5.33,+0.090,HKD,SIS INT'L,M,,5.59,1.700,0.0,0529.HK,"现代服务业,电讯设备",0.0
00531,順誠,N,非必需性消費,家庭電器及用品,家具,429665697.766,2024-04-26T16:02:10,非必需性消费,家庭电器及用品,家具,顺诚,00531.HK,4.3,ODSH,531,429.66,0.142,48.15,0531.HK,,1000.0,,+5.19,16.51,+0.007,HKD,順誠,M,,5.19,0.142,0.0,0531.HK,"台资企业,家具",0.0
00532,王氏港建國際,N,工業,工業工程,工業及設備,357650002.36,2024-04-26T16:02:10,工业,工业工程,工业及设备,王氏港建国际,00532.HK,3.6,ODSH,532,357.65,0.490,,0532.HK,,,,0.00,,0.000,HKD,WKK INTL (HOLD,M,,0.0,0.490,0.0,0532.HK,电子信息,0.0
00533,金利來集團,N,非必需性消費,紡織及服飾,服裝,973844035.0,2024-04-26T16:02:10,非必需性消费,纺织及服饰,服装,金利来集团,00533.HK,9.7,ODSH,533,983.58,1.010,118.66,0533.HK,,1000.0,7.43,+1.00,8.51,+0.010,HKD,金利來集團,M,,1.0,1.010,0.0,0533.HK,品牌服饰,0.0
00535,金地商置,N,地產建築,地產,地產發展商,4402627009.155,2024-04-26T16:02:10,地产建筑,地产,地产发展商,金地商置,00535.HK,44.0,ODSH,535,4.48,0.270,5.12,0535.HK,,1000000.0,0.41,+5.88,12.16,+0.015,HKD,金地商置,B,,5.88,0.270,0.1,0535.HK,"物业投资,香港房地产",0.1278913081939998
00536,貿易通,N,資訊科技,軟件服務,電商及互聯網服務,739009358.67,2024-04-26T16:02:10,科技,软件服务,电商及互联网服务,贸易通,00536.HK,7.4,ODSH,536,739.00,0.930,152.32,0536.HK,,1000.0,10.75,+1.09,7.35,+0.010,HKD,貿易通,M,,1.09,0.930,0.0,0536.HK,现代服务业,0.0
00538,味千(中國),N,非必需性消費,旅遊及休閒設施,餐飲,1135200372.8,2024-04-26T16:02:10,非必需性消费,旅游及休闲设施,餐饮,味千(中国),00538.HK,11.4,ODSH,538,1.13,1.040,706.62,0538.HK,,1000.0,8.27,-0.95,5.85,-0.010,HKD,味千（中國）,B,,-0.95,1.040,0.0,0538.HK,餐饮连锁,0.0
00540,迅捷環球控股,N,非必需性消費,紡織及服飾,服裝,30600000.0,2024-04-26T16:02:10,非必需性消费,纺织及服饰,服装,迅捷环球控股,00540.HK,0.3,ODSH,540,30.60,0.051,,0540.HK,,,,0.00,,0.000,HKD,迅捷環球控股,M,,0.0,0.051,0.0,0540.HK,"品牌服饰,现代服务业",0.0
00542,中國文旅農業,N,地產建築,地產,地產發展商,1183822338.16,2024-04-26T16:02:10,地产建筑,地产,地产发展商,中国文旅农业,00542.HK,11.8,ODSH,542,1.13,0.148,281.41,0542.HK,,1000.0,,+2.78,,+0.004,HKD,中國文旅農業,B,,2.78,0.148,0.0,0542.HK,"物业投资,连锁酒店",0.0
00543,太平洋網絡,N,非必需性消費,零售相關,汽車零售,471273031.805,2024-04-26T16:02:10,非必需性消费,零售相关,汽车零售,太平洋网络,00543.HK,4.7,ODSH,543,471.27,0.415,381.16,0543.HK,,1000.0,10.31,-1.19,,-0.005,HKD,太平洋網絡,M,,-1.19,0.415,0.0,0543.HK,"汽车零售,电子商务,移动互联网",0.0
00544,大同集團,N,工業,工業運輸,航空貨運及物流,35683579.2,2024-04-26T16:02:11,工业,工业运输,航空货运及物流,大同集团,00544.HK,0.4,ODSH,544,35.68,0.123,,0544.HK,,,,0.00,6.28,0.000,HKD,大同集團,M,,0.0,0.123,0.0,0544.HK,"物流,现代服务业",0.0
00546,阜豐集團,N,必需性消費,食品飲料,食品添加劑,13874595032.39,2024-04-26T16:02:10,必需性消费,食品饮料,食品添加剂,阜丰集团,00546.HK,138.7,ODSH,546,13.84,5.460,34.97,0546.HK,,1000000.0,10.62,+1.49,4.11,+0.080,HKD,阜豐集團,B,,1.49,5.460,0.3,0546.HK,"农业现代化,食品添加剂",0.04150372007441514
00547,數字王國,N,非必需性消費,媒體及娛樂,影視娛樂,3470973151.875,2024-04-26T16:02:09,非必需性消费,媒体及娱乐,影视娱乐,数字王国,00547.HK,34.7,ODSH,547,3.47,0.435,436.52,0547.HK,,1000.0,,+1.16,,+0.005,HKD,數字王國,B,,1.16,0.435,0.0,0547.HK,"体育,元宇宙,文化传媒,虚拟现实",0.0
00548,深圳高速公路股份,N,工業,工業運輸,鐵路及公路,5329675000.0,2024-04-26T16:02:10,工业,工业运输,铁路及公路,深圳高速公路股份,00548.HK,53.3,ODSH,548,5.32,7.130,8.08,0548.HK,,1000000.0,8.28,-0.83,6.76,-0.060,HKD,深圳高速公路股份,B,,-0.83,7.130,0.1,0548.HK,"国企改革,粤港澳",0.006396709416696198
00550,京基智慧文化,S,非必需性消費,媒體及娛樂,廣告及宣傳,61041556.0,2024-04-26T16:02:10,非必需性消费,媒体及娱乐,广告及宣传,京基智慧文化,00550.HK,0.6,ODSH,550,61.04,0.134,,0550.HK,,,,0.00,,0.000,HKD,京基智慧文化,M,True,0.0,0.134,0.0,0550.HK,文化传媒,0.0
00551,裕元集團,N,非必需性消費,紡織及服飾,鞋履,23054230999.8,2024-04-26T16:02:10,非必需性消费,纺织及服饰,鞋履,裕元集团,00551.HK,230.5,ODSH,551,22.98,14.260,122.36,0551.HK,,1000000.0,6.31,+15.19,10.73,+1.880,HKD,裕元集團,B,,15.19,14.260,1.2,0551.HK,"体育,台资企业",4.053075531564401
00552,中國通信服務,N,資訊科技,資訊科技器材,電訊設備,9111311114.4,2024-04-26T16:02:10,科技,资讯科技器材,电讯设备,中国通信服务,00552.HK,91.1,ODSH,552,9.11,3.810,43.83,0552.HK,,1000000.0,6.11,+3.53,6.87,+0.130,HKD,中國通信服務,B,,3.53,3.810,0.4,0552.HK,"5G,国企改革,数字经济,数据中心,新经济,现代服务业,电子信息,电讯设备",0.21709577225687163
00553,南京熊貓電子股份,N,資訊科技,資訊科技器材,電訊設備,607420000.0,2024-04-26T16:02:10,科技,资讯科技器材,电讯设备,南京熊猫电子股份,00553.HK,6.1,ODSH,553,607.42,2.510,7.87,0553.HK,,1000000.0,,+2.03,,+0.050,HKD,南京熊貓電子股份,M,,2.03,2.510,0.1,0553.HK,"5G,军工股,国企改革,智慧城市,电子信息,电讯设备",0.0447178013324375
00554,漢思能源,N,能源,石油及天然氣,油氣設備與服務,791327600.0,2024-04-26T16:02:10,能源,石油及天然气,油气设备与服务,汉思能源,00554.HK,7.9,ODSH,554,791.32,0.200,52.4,0554.HK,,1000.0,,-2.91,,-0.006,HKD,漢思能源,M,,-2.91,0.200,0.0,0554.HK,物流,0.0
00556,泛亞環保,N,工業,工業工程,環保工程,356400000.0,2024-04-26T16:02:10,工业,工业工程,环保工程,泛亚环保,00556.HK,3.6,ODSH,556,356.40,0.360,244.89,0556.HK,,1000.0,,-6.49,200.00,-0.025,HKD,泛亞環保,M,,-6.49,0.360,0.0,0556.HK,"环保,节能环保",0.0
00557,天元醫療,N,醫療保健,醫療保健設備及服務,醫療及醫學美容服務,347112185.88,2024-04-26T16:02:10,医疗保健,医疗保健设备及服务,医疗及医学美容服务,天元医疗,00557.HK,3.5,ODSH,557,347.11,0.870,,0557.HK,,,,0.00,,0.000,HKD,天元醫療,M,,0.0,0.870,0.0,0557.HK,"现代服务业,辅助生殖",0.0
00558,力勁科技,N,工業,工業工程,工業及設備,4349397140.0,2024-04-26T16:02:10,工业,工业工程,工业及设备,力劲科技,00558.HK,43.5,ODSH,558,4.36,3.170,11.78,0558.HK,,1000000.0,2.84,+4.97,8.20,+0.150,HKD,力勁科技,B,,4.97,3.170,0.1,0558.HK,特斯拉,0.10151881716893131
00559,德泰新能源集團,N,非必需性消費,旅遊及休閒設施,酒店及度假村,172650848.7,2024-04-26T16:02:10,非必需性消费,旅游及休闲设施,酒店及度假村,德泰新能源集团,00559.HK,1.7,ODSH,559,172.65,0.011,50.39,0559.HK,,1000.0,,-8.33,,-0.001,HKD,德泰新能源集團,M,,-8.33,0.011,0.0,0559.HK,连锁酒店,0.0
00560,珠江船務,N,工業,工業運輸,航運及港口,885721839.15,2024-04-26T16:02:10,工业,工业运输,航运及港口,珠江船务,00560.HK,8.9,ODSH,560,885.72,0.790,196.48,0560.HK,,1000.0,6.33,+2.60,7.77,+0.020,HKD,珠江船務,M,,2.6,0.790,0.0,0560.HK,"物流,粤港澳,红筹股,自由贸易港",0.0
00563,上實城市開發,N,地產建築,地產,地產發展商,2222893062.885,2024-04-26T16:02:10,地产建筑,地产,地产发展商,上实城市开发,00563.HK,22.2,ODSH,563,2.22,0.465,456.02,0563.HK,,1000.0,6.24,+3.33,4.51,+0.015,HKD,上實城市開發,B,,3.33,0.465,0.0,0563.HK,"红筹股,香港房地产",0.0
00564,鄭煤機,N,非必需性消費,汽車,汽車零件,2865298876.0,2024-04-26T16:02:10,非必需性消费,汽车,汽车零件,郑煤机,00564.HK,28.7,ODSH,564,2.86,11.780,27.55,0564.HK,,1000000.0,7.63,-1.17,5.88,-0.140,HKD,鄭煤機,B,,-1.17,11.780,0.3,0564.HK,"国企改革,比亚迪",0.03825801658215702
00565,錦藝集團控股,N,地產建築,地產,地產投資,451719267.384,2024-04-26T16:02:10,地产建筑,地产,地产投资,锦艺集团控股,00565.HK,4.5,ODSH,565,451.71,0.168,1.6,0565.HK,,1000000.0,0.60,-7.18,,-0.013,HKD,錦藝集團控股,M,,-7.18,0.168,0.0,0565.HK,现代服务业,0.0
00567,大昌微綫集團,N,工業,工業工程,工業及設備,91957391.49,2024-04-26T16:02:10,工业,工业工程,工业及设备,大昌微线集团,00567.HK,0.9,ODSH,567,91.95,0.057,,0567.HK,,,,+3.64,,+0.002,HKD,大昌微綫集團,M,,3.64,0.057,0.0,0567.HK,电子信息,0.0
00568,山東墨龍,N,能源,石油及天然氣,油氣設備與服務,274055248.0,2024-04-26T16:02:10,能源,石油及天然气,油气设备与服务,山东墨龙,00568.HK,2.7,ODSH,568,274.05,1.070,178.03,0568.HK,,1000.0,,+1.90,,+0.020,HKD,山東墨龍,M,,1.9,1.070,0.0,0568.HK,页岩气,0.0
00570,中國中藥,N,醫療保健,藥品及生物科技,中醫藥,21653947963.6,2024-04-26T16:02:10,医疗保健,药品及生物科技,中医药,中国中药,00570.HK,216.5,ODSH,570,21.60,4.290,179.82,0570.HK,,1000000.0,,-0.69,15.65,-0.030,HKD,中國中藥,B,,-0.69,4.290,1.8,0570.HK,"MSCI,中医药,医药股,抗疫,生物医药",0.06608229639372305
00571,豐德麗控股,N,非必需性消費,媒體及娛樂,影視娛樂,89549720.166,2024-04-26T16:02:10,非必需性消费,媒体及娱乐,影视娱乐,丰德丽控股,00571.HK,0.9,ODSH,571,89.54,0.051,18.75,0571.HK,,1000.0,,0.00,,0.000,HKD,豐德麗控股,M,,0.0,0.051,0.0,0571.HK,"影视娱乐,文化传媒",0.0
00572,未來世界控股,N,金融,其他金融,資產管理,171821326.68,2024-04-26T16:02:10,金融,其他金融,资产管理,未来世界控股,00572.HK,1.7,ODSH,572,171.82,0.740,263.55,0572.HK,,1000.0,,+4.23,,+0.030,HKD,未來世界控股,M,,4.23,0.740,0.0,0572.HK,现代服务业,0.0
00573,稻香控股,N,非必需性消費,旅遊及休閒設施,餐飲,740474040.0,2024-04-26T16:02:10,非必需性消费,旅游及休闲设施,餐饮,稻香控股,00573.HK,7.4,ODSH,573,750.61,0.740,309.12,0573.HK,,1000.0,8.11,+4.23,10.19,+0.030,HKD,稻香控股,M,,4.23,0.740,0.0,0573.HK,餐饮连锁,0.0
00574,百信國際,N,醫療保健,藥品及生物科技,西藥分銷,61949702.136,2024-04-26T16:02:10,医疗保健,药品及生物科技,西药分销,百信国际,00574.HK,0.6,ODSH,574,61.94,0.042,514.0,0574.HK,,,,-10.64,24.71,-0.005,HKD,百信國際,M,,-10.64,0.042,0.0,0574.HK,生物医药,0.0
00575,勵晶太平洋,N,醫療保健,藥品及生物科技,醫藥品,91356914.4,2024-04-26T16:02:10,医疗保健,药品及生物科技,医药品,励晶太平洋,00575.HK,0.9,ODSH,575,91.35,0.400,75.48,0575.HK,,1000.0,,-3.61,,-0.015,HKD,勵晶太平洋,M,,-3.61,0.400,0.0,0575.HK,小金属,0.0
00576,浙江滬杭甬,N,工業,工業運輸,鐵路及公路,10229978315.7,2024-04-26T16:02:10,工业,工业运输,铁路及公路,浙江沪杭甬,00576.HK,102.3,ODSH,576,10.19,5.150,27.61,0576.HK,,1000000.0,6.64,+0.39,4.26,+0.020,HKD,浙江滬杭甬,B,,0.39,5.150,0.3,0576.HK,"国企改革,现代服务业",0.004622819462867725
00579,京能清潔能源,N,公用事業,公用事業,傳統電力,5291495616.0,2024-04-26T16:02:10,公用事业,公用事业,传统电力,京能清洁能源,00579.HK,52.9,ODSH,579,5.29,1.870,5.15,0579.HK,,1000000.0,8.02,0.00,4.70,0.000,HKD,京能清潔能源,B,,0.0,1.870,0.1,0579.HK,"国企改革,节能环保,风电",0.0
00580,賽晶科技,N,工業,工業工程,工業及設備,1879848360.0,2024-04-26T16:02:10,工业,工业工程,工业及设备,赛晶科技,00580.HK,18.8,ODSH,580,1.87,1.170,1.6,0580.HK,,1000000.0,,+1.74,56.25,+0.020,HKD,賽晶科技,B,,1.74,1.170,0.0,0580.HK,"冬奥会,电子信息",0.0
00581,中國東方集團,N,原材料,一般金屬及礦石,鋼鐵,3797020380.0,2024-04-26T16:02:10,原材料,一般金属及矿石,钢铁,中国东方集团,00581.HK,38.0,ODSH,581,3.79,1.020,1.31,0581.HK,,1000000.0,4.90,+2.00,,+0.020,HKD,中國東方集團,B,,2.0,1.020,0.0,0581.HK,"碳中和,铁矿石",0.0
00582,神話世界,N,非必需性消費,旅遊及休閒設施,酒店及度假村,182574083.16,2024-04-26T16:02:10,非必需性消费,旅游及休闲设施,酒店及度假村,神话世界,00582.HK,1.8,ODSH,582,182.57,0.036,563.6,0582.HK,,1000.0,,+2.86,,+0.001,HKD,神話世界,M,,2.86,0.036,0.0,0582.HK,"博彩,连锁酒店",0.0
00583,長城環亞控股,N,地產建築,地產,地產投資,478162406.78,2024-04-26T16:02:10,地产建筑,地产,地产投资,长城环亚控股,00583.HK,4.8,ODSH,583,478.16,0.305,48.94,0583.HK,,1000.0,,+1.67,1.68,+0.005,HKD,長城環亞控股,M,,1.67,0.305,0.0,0583.HK,文化传媒,0.0
00585,意力國際,N,金融,其他金融,證券及經紀,244826863.74,2024-04-26T16:02:10,金融,其他金融,证券及经纪,意力国际,00585.HK,2.4,ODSH,585,244.82,0.295,46.58,0585.HK,,1000.0,,+3.51,,+0.010,HKD,意力國際,M,,3.51,0.295,0.0,0585.HK,文化传媒,0.0
00586,海螺創業,N,工業,工業工程,環保工程,10334014836.3,2024-04-26T16:02:10,工业,工业工程,环保工程,海螺创业,00586.HK,103.3,ODSH,586,10.33,5.700,60.53,0586.HK,,1000000.0,3.51,+2.15,3.92,+0.120,HKD,海螺創業,B,,2.15,5.700,0.6,0586.HK,"新经济,节能环保",0.15340631552260522
00587,海螺環保,N,工業,工業工程,環保工程,1370073794.25,2024-04-26T16:02:09,工业,工业工程,环保工程,海螺环保,00587.HK,13.7,ODSH,587,1.37,0.750,1.31,0587.HK,,1000000.0,4.00,+2.74,4.83,+0.020,HKD,海螺環保,B,,2.74,0.750,0.0,0587.HK,,0.0
00588,北京北辰實業股份,N,地產建築,地產,地產發展商,480773600.0,2024-04-26T16:02:10,地产建筑,地产,地产发展商,北京北辰实业股份,00588.HK,4.8,ODSH,588,480.77,0.680,2.07,0588.HK,,1000000.0,3.16,+1.49,15.18,+0.010,HKD,北京北辰實業股份,M,,1.49,0.680,0.0,0588.HK,"内地房地产,国企改革",0.0
00589,建中建設,S,地產建築,建築,重型基建,118750000.0,2024-04-26T16:02:10,地产建筑,建筑,重型基建,建中建设,00589.HK,1.2,ODSH,589,118.75,0.190,,0589.HK,,,,0.00,,0.000,HKD,建中建設,M,True,0.0,0.190,0.0,0589.HK,基础建设,0.0
00590,六福集團,N,非必需性消費,零售相關,其他零售,10920206010.0,2024-04-26T16:02:10,非必需性消费,零售相关,其他零售,六福集团,00590.HK,109.2,ODSH,590,10.93,18.620,14.46,0590.HK,,1000000.0,6.82,+1.97,8.51,+0.360,HKD,六福集團,B,,1.97,18.620,0.1,0590.HK,"奢侈品股,香港,黄金",0.0221784852044452
00591,中國高精密,N,工業,工業工程,工業及設備,109975000.0,2024-04-26T16:02:10,工业,工业工程,工业及设备,中国高精密,00591.HK,1.1,ODSH,591,106.86,0.103,33.58,0591.HK,,1000.0,,0.00,,0.000,HKD,中國高精密,M,,0.0,0.103,0.0,0591.HK,工业4.0,0.0
00592,堡獅龍國際,N,非必需性消費,紡織及服飾,服裝,435276343.187,2024-04-26T16:02:10,非必需性消费,纺织及服饰,服装,堡狮龙国际,00592.HK,4.4,ODSH,592,435.27,0.131,89.99,0592.HK,,1000.0,,+2.34,,+0.003,HKD,BOSSINI INT'L,M,,2.34,0.131,0.0,0592.HK,"品牌服饰,香港",0.0
00593,夢東方,S,地產建築,地產,地產發展商,103701247.22,2024-04-26T16:02:10,地产建筑,地产,地产发展商,梦东方,00593.HK,1.0,ODSH,593,103.70,0.190,,0593.HK,,,,0.00,,0.000,HKD,夢東方,M,True,0.0,0.190,0.0,0593.HK,"健康产业,香港房地产",0.0
00595,AV CONCEPT HOLD,N,資訊科技,半導體,半導體供應,358922004.29,2024-04-26T16:02:10,科技,半导体,半导体供应,AV CONCEPT HOLD,00595.HK,3.6,ODSH,595,358.92,0.395,115.06,0595.HK,,1000.0,2.53,-1.25,8.82,-0.005,HKD,AV CONCEPT HOLD,M,,-1.25,0.395,0.0,0595.HK,"LED,创投,电子信息,网络游戏",0.0
00596,浪潮數字企業,N,資訊科技,軟件服務,,4476329265.52,2024-04-26T16:02:10,科技,软件服务,软件开发,浪潮数字企业,00596.HK,44.8,ODSH,596,4.46,3.910,27.18,0596.HK,,1000000.0,0.77,+4.55,20.70,+0.170,HKD,浪潮數字企業,B,,4.55,3.910,0.3,0596.HK,"云计算,工业互联网,红筹股,软件外包",0.26748889811622273
00598,中國外運,N,工業,工業運輸,航運及港口,8703541000.0,2024-04-26T16:02:10,工业,工业运输,航运及港口,中国外运,00598.HK,87.0,ODSH,598,8.70,4.270,34.24,0598.HK,,1000000.0,7.29,-1.84,6.83,-0.080,HKD,中國外運,B,,-1.84,4.270,0.3,0598.HK,"MSCI,双十一,国企改革,智能物流,物流,自由贸易港",0.062408783304918246
00599,怡邦行控股,N,地產建築,建築,建築及服務,118608425.43,2024-04-26T16:02:10,地产建筑,建筑,建筑及服务,怡邦行控股,00599.HK,1.2,ODSH,599,118.60,0.165,,0599.HK,,,3.03,0.00,7.43,0.000,HKD,怡邦行控股,M,,0.0,0.165,0.0,0599.HK,,0.0
00600,中國基建投資,S,能源,石油及天然氣,油氣設備與服務,166526509.89,2024-04-26T16:02:09,能源,石油及天然气,油气设备与服务,中国基建投资,00600.HK,1.7,ODSH,600,166.52,0.390,,0600.HK,,,,0.00,,0.000,HKD,中國基建投資,M,True,0.0,0.390,0.0,0600.HK,,0.0
00601,稀鎂科技,N,原材料,一般金屬及礦石,其他金屬及礦石,35555706.18,2024-04-26T16:02:10,原材料,一般金属及矿石,其他金属及矿石,稀镁科技,00601.HK,0.4,ODSH,601,35.55,0.060,,0601.HK,,,,0.00,,0.000,HKD,稀鎂科技,M,,0.0,0.060,0.0,0601.HK,,0.0
00602,佳華百貨控股,N,非必需性消費,零售相關,多元化零售,32162500.062,2024-04-26T16:02:10,非必需性消费,零售相关,多元化零售,佳华百货控股,00602.HK,0.3,ODSH,602,32.16,0.031,,0602.HK,,,,0.00,,0.000,HKD,佳華百貨控股,M,,0.0,0.031,0.0,0602.HK,,0.0
00603,中油燃氣,N,公用事業,公用事業,燃氣,1183728805.14,2024-04-26T16:02:10,公用事业,公用事业,燃气,中油燃气,00603.HK,11.8,ODSH,603,1.16,0.206,3.55,0603.HK,,1000000.0,,+1.98,1.10,+0.004,HKD,中油燃氣,B,,1.98,0.206,0.0,0603.HK,天然气,0.0
00604,深圳控股,N,地產建築,地產,地產發展商,8631829321.55,2024-04-26T16:02:10,地产建筑,地产,地产发展商,深圳控股,00604.HK,86.3,ODSH,604,8.63,0.970,5.35,0604.HK,,1000000.0,9.28,+3.19,,+0.030,HKD,深圳控股,B,,3.19,0.970,0.1,0604.HK,"MSCI,内地房地产,粤港澳,红筹股,香港房地产",0.04734028769631428
00605,中國金融投資管理,N,金融,其他金融,信貸,53367947.085,2024-04-26T16:02:11,金融,其他金融,信贷,中国金融投资管理,00605.HK,0.5,ODSH,605,53.36,0.255,112.5,0605.HK,,,,0.00,,0.000,HKD,中國金融投資管理,M,,0.0,0.255,0.0,0605.HK,"融资租赁,金融科技",0.0
00606,中駿商管,N,地產建築,地產,物業管理及服務,522450000.0,2024-04-26T16:02:10,地产建筑,地产,物业管理及服务,中骏商管,00606.HK,5.2,ODSH,606,522.45,0.270,32.27,0606.HK,,1000.0,,+8.00,1.96,+0.020,HKD,中駿商管,M,,8.0,0.270,0.0,0606.HK,物业管理,0.0
00607,豐盛控股,N,工業,工業工程,環保工程,270624671.95,2024-04-26T16:02:10,工业,工业工程,环保工程,丰盛控股,00607.HK,2.7,ODSH,607,270.62,0.425,8.61,0607.HK,,1000.0,,0.00,,0.000,HKD,豐盛控股,M,,0.0,0.425,0.0,0607.HK,"健康产业,建筑节能",0.0
00608,達利國際,N,非必需性消費,紡織及服飾,服裝,446198513.2,2024-04-26T16:02:10,非必需性消费,纺织及服饰,服装,达利国际,00608.HK,4.5,ODSH,608,446.19,1.460,,0608.HK,,,10.62,0.00,3.93,0.000,HKD,達利國際,M,,0.0,1.460,0.0,0608.HK,品牌服饰,0.0
00609,天德化工,N,原材料,其他原材料,特殊化工用品,1008524880.0,2024-04-26T16:02:10,原材料,其他原材料,特殊化工用品,天德化工,00609.HK,10.1,ODSH,609,1.00,1.160,425.76,0609.HK,,1000.0,11.21,+0.87,4.47,+0.010,HKD,天德化工,B,,0.87,1.160,0.0,0609.HK,,0.0
00610,惠記集團,N,地產建築,建築,重型基建,697949149.92,2024-04-26T16:02:10,地产建筑,建筑,重型基建,惠记集团,00610.HK,7.0,ODSH,610,697.94,0.880,253.26,0610.HK,,1000.0,,+1.15,,+0.010,HKD,WAI KEE HOLD,M,,1.15,0.880,0.0,0610.HK,"基础建设,涉矿",0.0
00611,中國核能科技,N,公用事業,公用事業,潔能,592651821.44,2024-04-26T16:02:10,公用事业,公用事业,洁能,中国核能科技,00611.HK,5.9,ODSH,611,592.65,0.320,,0611.HK,,,,0.00,5.51,0.000,HKD,中國核能科技,M,,0.0,0.320,0.0,0611.HK,"核电,核电核能,红筹股,连锁酒店",0.0
00612,鼎益豐控股,N,金融,其他金融,資產管理,671416529.7,2024-04-26T16:02:10,金融,其他金融,资产管理,鼎益丰控股,00612.HK,6.7,ODSH,612,663.60,0.425,668.0,0612.HK,,1000.0,,-1.16,,-0.005,HKD,鼎益豐控股,M,,-1.16,0.425,0.0,0612.HK,"创投,财产管理",0.0
00613,梧桐國際,N,金融,其他金融,資產管理,198560811.75,2024-04-26T16:02:10,金融,其他金融,资产管理,梧桐国际,00613.HK,2.0,ODSH,613,198.56,0.210,6.3,0613.HK,,1000.0,,-2.33,,-0.005,HKD,梧桐國際,M,,-2.33,0.210,0.0,0613.HK,物业投资,0.0
00616,高山企業,N,地產建築,地產,地產投資,57823327.836,2024-04-26T16:02:09,地产建筑,地产,地产投资,高山企业,00616.HK,0.6,ODSH,616,57.82,0.171,64.46,0616.HK,,1000.0,,-2.29,0.11,-0.004,HKD,高山企業,M,,-2.29,0.171,0.0,0616.HK,现代服务业,0.0
00617,百利保控股,N,非必需性消費,旅遊及休閒設施,酒店及度假村,847084960.24,2024-04-26T16:02:10,非必需性消费,旅游及休闲设施,酒店及度假村,百利保控股,00617.HK,8.5,ODSH,617,847.08,0.760,64.68,0617.HK,,1000.0,,0.00,,0.000,HKD,百利保控股,M,,0.0,0.760,0.0,0617.HK,连锁酒店,0.0
00618,北大資源,N,地產建築,地產,地產發展商,900421213.092,2024-04-26T16:02:10,地产建筑,地产,地产发展商,北大资源,00618.HK,9.0,ODSH,618,910.77,0.088,303.57,0618.HK,,1000.0,,-1.12,0.60,-0.001,HKD,北大資源,M,,-1.12,0.088,0.0,0618.HK,"现代服务业,红筹股,香港房地产",0.0
00619,南華金融,N,金融,其他金融,證券及經紀,45794114.64,2024-04-26T16:02:10,金融,其他金融,证券及经纪,南华金融,00619.HK,0.5,ODSH,619,45.79,0.152,,0619.HK,,,,0.00,,0.000,HKD,南華金融,M,,0.0,0.152,0.0,0619.HK,财产管理,0.0
00620,大唐西市,S,綜合企業,綜合企業,綜合企業,200257569.0,2024-04-26T16:02:10,综合企业,综合企业,综合企业,大唐西市,00620.HK,2.0,ODSH,620,200.25,0.300,,0620.HK,,,,0.00,1.88,0.000,HKD,大唐西市,M,True,0.0,0.300,0.0,0620.HK,,0.0
00621,壇金礦業,S,原材料,黃金及貴金屬,黃金及貴金屬,526392687.449,2024-04-26T16:02:10,原材料,黄金及贵金属,黄金及贵金属,坛金矿业,00621.HK,5.3,ODSH,621,526.39,0.029,,0621.HK,,,,0.00,11.60,0.000,HKD,壇金礦業,M,True,0.0,0.029,0.0,0621.HK,黄金,0.0
00622,威華達控股,N,金融,其他金融,證券及經紀,989481462.24,2024-04-26T16:02:10,金融,其他金融,证券及经纪,威华达控股,00622.HK,9.9,ODSH,622,989.48,0.160,12.03,0622.HK,,1000000.0,,+2.56,,+0.004,HKD,威華達控股,M,,2.56,0.160,0.1,0622.HK,节能环保,0.055320521203155316
00623,中視金橋,N,非必需性消費,媒體及娛樂,廣告及宣傳,475484431.1,2024-04-26T16:02:10,非必需性消费,媒体及娱乐,广告及宣传,中视金桥,00623.HK,4.8,ODSH,623,480.10,1.040,182.46,0623.HK,,1000.0,15.58,+0.97,4.63,+0.010,HKD,中視金橋,M,,0.97,1.040,0.0,0623.HK,文化传媒,0.0
00626,大眾金融控股,N,金融,銀行,銀行,1339459493.96,2024-04-26T16:02:10,金融,银行,银行,大众金融控股,00626.HK,13.4,ODSH,626,1.33,1.220,514.8,0626.HK,,1000.0,2.46,+0.83,93.13,+0.010,HKD,大眾金融控股,B,,0.83,1.220,0.0,0626.HK,财产管理,0.0
00627,日本共生,N,地產建築,地產,地產發展商,2045769497.28,2024-04-26T16:02:09,地产建筑,地产,地产发展商,日本共生,00627.HK,20.5,ODSH,627,2.04,1.440,,0627.HK,,,,-1.37,,-0.020,HKD,日本共生,B,,-1.37,1.440,0.0,0627.HK,香港房地产,0.0
00628,國美金融科技,N,金融,其他金融,信貸,559132485.84,2024-04-26T16:02:10,金融,其他金融,信贷,国美金融科技,00628.HK,5.6,ODSH,628,559.13,0.207,13.33,0628.HK,,1000.0,,+4.02,14.08,+0.008,HKD,國美金融科技,M,,4.02,0.207,0.0,0628.HK,"博彩,紫光系",0.0
00629,悅達國際控股,N,金融,其他金融,信貸,151921447.08,2024-04-26T16:02:10,金融,其他金融,信贷,悦达国际控股,00629.HK,1.5,ODSH,629,151.92,0.130,,0629.HK,,,9.77,+1.56,9.29,+0.002,HKD,悅達國際控股,M,,1.56,0.130,0.0,0629.HK,"小金属,红筹股",0.0
00630,雋泰控股,N,地產建築,建築,建築及服務,115138663.248,2024-04-26T16:02:09,地产建筑,建筑,建筑及服务,隽泰控股,00630.HK,1.2,ODSH,630,115.13,0.119,,0630.HK,,,,0.00,,0.000,HKD,雋泰控股,M,,0.0,0.119,0.0,0630.HK,医疗美容器械,0.0
00631,三一國際,N,工業,工業工程,重型機械,16154861224.26,2024-04-26T16:02:10,工业,工业工程,重型机械,三一国际,00631.HK,161.5,ODSH,631,16.09,5.040,34.89,0631.HK,,1000000.0,3.77,+1.20,8.11,+0.060,HKD,三一國際,B,,1.2,5.040,0.3,0631.HK,"天然气,知名公司,重型机械股",0.02872565438447695
00632,中港石油,N,能源,石油及天然氣,油氣生產商,69875997.006,2024-04-26T16:02:11,能源,石油及天然气,油气生产商,中港石油,00632.HK,0.7,ODSH,632,69.87,0.083,994.0,0632.HK,,,,+6.41,,+0.005,HKD,中港石油,M,,6.41,0.083,0.0,0632.HK,天然气,0.0
00635,彩星集團,N,非必需性消費,家庭電器及用品,玩具及消閒用品,1159026400.0,2024-04-26T16:02:10,非必需性消费,家庭电器及用品,玩具及消闲用品,彩星集团,00635.HK,11.6,ODSH,635,1.15,0.560,,0635.HK,,,8.04,0.00,112.00,0.000,HKD,彩星集團,B,,0.0,0.560,0.0,0635.HK,"婴童,玩具及消闲用品",0.0
00636,嘉里物流,N,工業,工業運輸,航空貨運及物流,13628017238.68,2024-04-26T16:02:10,工业,工业运输,航空货运及物流,嘉里物流,00636.HK,136.3,ODSH,636,13.62,7.540,3.31,0636.HK,,1000000.0,2.92,-1.44,17.21,-0.110,HKD,嘉里物流,B,,-1.44,7.540,0.0,0636.HK,"双十一,物流",0.0
00637,利記,N,原材料,一般金屬及礦石,其他金屬及礦石,116025000.0,2024-04-26T16:02:10,原材料,一般金属及矿石,其他金属及矿石,利记,00637.HK,1.2,ODSH,637,116.02,0.140,22.22,0637.HK,,1000.0,,-3.45,,-0.005,HKD,利記,M,,-3.45,0.140,0.0,0637.HK,小金属,0.0
00638,建溢集團,N,非必需性消費,家庭電器及用品,家庭電器,285324000.0,2024-04-26T16:02:10,非必需性消费,家庭电器及用品,家庭电器,建溢集团,00638.HK,2.9,ODSH,638,285.32,0.650,410.0,0638.HK,,1000.0,,-1.52,,-0.010,HKD,建溢集團,M,,-1.52,0.650,0.0,0638.HK,"婴童,家用电器,涉矿",0.0
00639,首鋼資源,N,能源,煤炭,煤炭,14435634877.06,2024-04-26T16:02:10,能源,煤炭,煤炭,首钢资源,00639.HK,144.4,ODSH,639,14.43,2.930,21.61,0639.HK,,1000000.0,9.56,-0.68,7.78,-0.020,HKD,首鋼資源,B,,-0.68,2.930,0.2,0639.HK,"meitanhk,煤化工,红筹股",0.007645439844138121
00640,星謙發展,N,原材料,其他原材料,特殊化工用品,411246285.48,2024-04-26T16:02:10,原材料,其他原材料,特殊化工用品,星谦发展,00640.HK,4.1,ODSH,640,411.24,0.730,,0640.HK,,,8.90,0.00,6.13,0.000,HKD,星謙發展,M,,0.0,0.730,0.0,0640.HK,,0.0
00641,中國恒天立信國際,N,工業,工業工程,工業及設備,313561722.45,2024-04-26T16:02:10,工业,工业工程,工业及设备,中国恒天立信国际,00641.HK,3.1,ODSH,641,319.06,0.290,580.0,0641.HK,,,,+1.75,,+0.005,HKD,中國恒天立信國際,M,,1.75,0.290,0.0,0641.HK,红筹股,0.0
00643,恒富控股,N,非必需性消費,紡織及服飾,服裝,206964477.42,2024-04-26T16:02:10,非必需性消费,纺织及服饰,服装,恒富控股,00643.HK,2.1,ODSH,643,206.96,0.230,8.68,0643.HK,,1000.0,,+15.00,,+0.030,HKD,恆富控股,M,,15.0,0.230,0.0,0643.HK,品牌服饰,0.0
00645,安域亞洲,N,能源,煤炭,煤炭,39514505.877,2024-04-26T16:02:10,能源,煤炭,煤炭,安域亚洲,00645.HK,0.4,ODSH,645,40.02,0.078,27.06,0645.HK,,1000.0,,-12.36,,-0.011,HKD,安域亞洲,M,,-12.36,0.078,0.0,0645.HK,"meitanhk,现代服务业",0.0
00646,中國環保科技,N,公用事業,公用事業,水務,51340125.74,2024-04-26T16:02:10,公用事业,公用事业,水务,中国环保科技,00646.HK,0.5,ODSH,646,51.34,0.230,,0646.HK,,,,0.00,,0.000,HKD,中國環保科技,M,,0.0,0.230,0.0,0646.HK,节能环保,0.0
00648,京玖康療(新),S,醫療保健,醫療保健設備及服務,醫健設備,123893994.64,2024-04-26T16:02:10,医疗保健,医疗保健设备及服务,医健设备,京玖康疗(新),00648.HK,1.2,ODSH,648,123.89,0.380,,0648.HK,,,,0.00,9.90,0.000,HKD,京玖康療－新,M,True,0.0,0.380,0.0,0648.HK,"专科医院,健康产业,民营医院",0.0
00650,普達特科技,N,能源,石油及天然氣,油氣生產商,2294399174.29,2024-04-26T16:02:10,能源,石油及天然气,油气生产商,普达特科技,00650.HK,22.9,ODSH,650,2.36,0.320,15.42,0650.HK,,1000000.0,,+6.67,,+0.020,HKD,普達特科技,B,,6.67,0.320,0.2,0650.HK,"富士康,连锁酒店",0.35014550102266373
00653,卓悅控股,N,必需性消費,消費零售,個人護理,299521907.937,2024-04-26T16:02:10,必需性消费,消费零售,个人护理,卓悦控股,00653.HK,3.0,ODSH,653,299.52,0.063,108.66,0653.HK,,1000.0,,-1.56,4.32,-0.001,HKD,卓悅控股,M,,-1.56,0.063,0.0,0653.HK,"健康产业,化妆美容股,香港",0.0
00655,香港華人有限公司,N,地產建築,地產,地產投資,569509827.645,2024-04-26T16:02:10,地产建筑,地产,地产投资,香港华人有限公司,00655.HK,5.7,ODSH,655,569.50,0.285,112.24,0655.HK,,1000.0,3.51,+3.64,3.63,+0.010,HKD,香港華人有限公司,M,,3.64,0.285,0.0,0655.HK,现代服务业,0.0
00656,復星國際,N,綜合企業,綜合企業,綜合企業,36960060900.48,2024-04-26T16:02:10,综合企业,综合企业,综合企业,复星国际,00656.HK,369.6,ODSH,656,36.87,4.510,11.9,0656.HK,,1000000.0,0.84,+1.12,24.77,+0.050,HKD,復星國際,B,,1.12,4.510,0.1,0656.HK,"CAR-T,互联网金融,保险,内险股,独角兽,生物医药,知名公司,财产管理,金融科技,阿里巴巴",0.007548293020562202
00657,環科國際,N,非必需性消費,旅遊及休閒設施,餐飲,35033653.944,2024-04-26T16:02:10,非必需性消费,旅游及休闲设施,餐饮,环科国际,00657.HK,0.4,ODSH,657,35.03,0.018,,0657.HK,,,,0.00,,0.000,HKD,環科國際,M,,0.0,0.018,0.0,0657.HK,"连锁酒店,餐饮连锁",0.0
00658,中國高速傳動,N,工業,工業工程,環保工程,1242821582.56,2024-04-26T16:02:10,工业,工业工程,环保工程,中国高速传动,00658.HK,12.4,ODSH,658,1.24,0.760,811.06,0658.HK,,1000.0,,+1.33,12.16,+0.010,HKD,中國高速傳動,B,,1.33,0.760,0.0,0658.HK,,0.0
00659,新創建集團,N,綜合企業,綜合企業,綜合企業,26383764561.0,2024-04-26T16:02:10,综合企业,综合企业,综合企业,新创建集团,00659.HK,263.8,ODSH,659,26.26,6.570,5.34,0659.HK,,1000000.0,36.53,-0.76,11.95,-0.050,HKD,新創建集團,B,,-0.76,6.570,0.1,0659.HK,"现代服务业,高股息",0.004191502967568716
00660,瑋俊生物科技,N,原材料,其他原材料,特殊化工用品,14232545.599,2024-04-26T16:02:09,原材料,其他原材料,特殊化工用品,玮俊生物科技,00660.HK,0.1,ODSH,660,15.94,0.093,21.18,0660.HK,,1000.0,,+9.41,,+0.008,HKD,瑋俊生物科技,M,,9.41,0.093,0.0,0660.HK,品牌服饰,0.0
00661,中國大冶有色金屬,N,原材料,一般金屬及礦石,銅,1306377318.538,2024-04-26T16:02:10,原材料,一般金属及矿石,铜,中国大冶有色金属,00661.HK,13.1,ODSH,661,1.30,0.073,519.82,0661.HK,,1000.0,,0.00,,0.000,HKD,中國大冶有色金屬,B,,0.0,0.073,0.0,0661.HK,"小金属,红筹股,铜",0.0
00662,亞洲金融,N,金融,保險,保險,3158810800.0,2024-04-26T16:02:10,金融,保险,保险,亚洲金融,00662.HK,31.6,ODSH,662,3.12,3.360,824.1,0662.HK,,1000.0,2.68,-1.18,9.03,-0.040,HKD,亞洲金融,B,,-1.18,3.360,0.0,0662.HK,"互联网保险,保险",0.0
00663,金山能源,S,綜合企業,綜合企業,綜合企業,121100350.068,2024-04-26T16:02:10,综合企业,综合企业,综合企业,金山能源,00663.HK,1.2,ODSH,663,121.10,0.102,,0663.HK,,,,0.00,1.07,0.000,HKD,金山能源,M,True,0.0,0.102,0.0,0663.HK,天然气,0.0
00666,瑞浦蘭鈞,N,工業,工業工程,能源儲存相關,4487720814.8,2024-04-26T16:02:10,工业,工业工程,能源储存相关,瑞浦兰钧,00666.HK,44.9,ODSH,666,4.48,14.580,3.53,0666.HK,,1000000.0,,-0.68,,-0.100,HKD,瑞浦蘭鈞,B,,-0.68,14.580,0.0,0666.HK,次新股,0.0
00667,中國東方教育,N,非必需性消費,支援服務,教育,5076723533.66,2024-04-26T16:02:10,非必需性消费,支援服务,教育,中国东方教育,00667.HK,50.8,ODSH,667,5.07,2.330,21.2,0667.HK,,1000000.0,8.58,+3.10,17.39,+0.070,HKD,中國東方教育,B,,3.1,2.330,0.2,0667.HK,教育服务,0.10040218258303983
00668,東銀國際控股,N,金融,其他金融,信貸,108293276.75,2024-04-26T16:02:10,金融,其他金融,信贷,东银国际控股,00668.HK,1.1,ODSH,668,108.29,0.085,3.4,0668.HK,,1000.0,,0.00,8.17,0.000,HKD,東銀國際控股,M,,0.0,0.085,0.0,0668.HK,"太阳能,涉矿,物业投资",0.0
00669,創科實業,N,非必需性消費,家庭電器及用品,家庭電器,199052791598.5,2024-04-26T16:02:10,非必需性消费,家庭电器及用品,家庭电器,创科实业,00669.HK,1990.5,ODSH,669,199.41,108.700,816.03,0669.HK,,1000000.0,1.78,+2.07,26.14,+2.200,HKD,創科實業,B,,2.07,108.700,8.2,0669.HK,"家用电器,电子信息",1.3005267232703852
00670,中國東方航空股份,N,非必需性消費,旅遊及休閒設施,航空相關,10560626665.08,2024-04-26T16:02:10,非必需性消费,旅游及休闲设施,航空相关,中国东方航空股份,00670.HK,105.6,ODSH,670,10.61,2.050,18.78,0670.HK,,1000000.0,,+3.54,,+0.070,HKD,中國東方航空股份,B,,3.54,2.050,0.2,0670.HK,"MSCI,人民币升值,国企改革,航空股",0.10617969369823121
00672,眾安集團,N,地產建築,地產,地產發展商,524130311.4,2024-04-26T16:02:10,地产建筑,地产,地产发展商,众安集团,00672.HK,5.2,ODSH,672,524.13,0.093,159.21,0672.HK,,1000.0,,+2.20,1.02,+0.002,HKD,眾安集團,M,,2.2,0.093,0.0,0672.HK,内地房地产,0.0
00673,中國衛生集團,N,醫療保健,醫療保健設備及服務,醫健設備,426305339.07,2024-04-26T16:02:09,医疗保健,医疗保健设备及服务,医健设备,中国卫生集团,00673.HK,4.3,ODSH,673,431.09,0.900,2.08,0673.HK,,1000000.0,,-1.10,,-0.010,HKD,中國衛生集團,M,,-1.1,0.900,0.0,0673.HK,健康产业,0.0
00674,中國唐商,N,地產建築,地產,地產投資,222850327.05,2024-04-26T16:02:10,地产建筑,地产,地产投资,中国唐商,00674.HK,2.2,ODSH,674,222.85,0.065,,0674.HK,,,,0.00,5.91,0.000,HKD,中國唐商,M,,0.0,0.065,0.0,0674.HK,连锁酒店,0.0
00675,堅寶國際,N,工業,工業工程,工業及設備,132167376.0,2024-04-26T16:02:10,工业,工业工程,工业及设备,坚宝国际,00675.HK,1.3,ODSH,675,132.16,0.495,,0675.HK,,,20.20,0.00,,0.000,HKD,堅寶國際,M,,0.0,0.495,0.0,0675.HK,,0.0
00676,創信國際,N,非必需性消費,紡織及服飾,鞋履,526068000.0,2024-04-26T16:02:10,非必需性消费,纺织及服饰,鞋履,创信国际,00676.HK,5.3,ODSH,676,526.06,0.720,288.0,0676.HK,,1000.0,2.78,-1.37,153.19,-0.010,HKD,創信國際,M,,-1.37,0.720,0.0,0676.HK,"台资企业,品牌服饰",0.0
00677,金源發展國際實業,N,必需性消費,農產品,農產品相關,704423680.07,2024-04-26T16:02:10,必需性消费,农产品,农产品相关,金源发展国际实业,00677.HK,7.0,ODSH,677,704.42,0.415,846.52,0677.HK,,1000.0,6.14,0.00,5.46,0.000,HKD,金源發展國際實業,M,,0.0,0.415,0.0,0677.HK,农业现代化,0.0
00679,亞洲聯網科技,N,工業,工業工程,電子設備,354558060.0,2024-04-26T16:02:10,工业,工业工程,电子设备,亚洲联网科技,00679.HK,3.5,ODSH,679,354.55,0.900,,0679.HK,,,3.33,0.00,1.17,0.000,HKD,亞洲聯網科技,M,,0.0,0.900,0.0,0679.HK,,0.0
00681,中民控股,N,公用事業,公用事業,燃氣,196560346.466,2024-04-26T16:02:10,公用事业,公用事业,燃气,中民控股,00681.HK,2.0,ODSH,681,196.56,0.022,213.69,0681.HK,,1000.0,,-4.35,,-0.001,HKD,中民控股,M,,-4.35,0.022,0.0,0681.HK,天然气,0.0
00682,超大現代,N,必需性消費,農產品,農產品相關,121936552.167,2024-04-26T16:02:10,必需性消费,农产品,农产品相关,超大现代,00682.HK,1.2,ODSH,682,121.93,0.037,13.98,0682.HK,,1000.0,,0.00,,0.000,HKD,超大現代,M,,0.0,0.037,0.0,0682.HK,农业现代化,0.0
00683,嘉里建設,N,地產建築,地產,地產發展商,20985880826.88,2024-04-26T16:02:10,地产建筑,地产,地产发展商,嘉里建设,00683.HK,209.9,ODSH,683,20.98,14.460,15.83,0683.HK,,1000000.0,9.34,+0.84,6.47,+0.120,HKD,嘉里建設,B,,0.84,14.460,0.2,0683.HK,"物业投资,香港房地产,高股息",0.010262612822708938
00684,亞倫國際,N,非必需性消費,家庭電器及用品,家庭電器,266443616.0,2024-04-26T16:02:10,非必需性消费,家庭电器及用品,家庭电器,亚伦国际,00684.HK,2.7,ODSH,684,266.44,0.800,,0684.HK,,,18.75,0.00,,0.000,HKD,亞倫國際,M,,0.0,0.800,0.0,0684.HK,家用电器,0.0
00685,世界華文媒體,N,非必需性消費,媒體及娛樂,出版,291891869.693,2024-04-26T16:02:10,非必需性消费,媒体及娱乐,出版,世界华文媒体,00685.HK,2.9,ODSH,685,291.89,0.173,,0685.HK,,,6.82,0.00,,0.000,HKD,世界華文媒體,M,,0.0,0.173,0.0,0685.HK,文化传媒,0.0
00686,北京能源國際,N,公用事業,公用事業,潔能,3015041998.32,2024-04-26T16:02:10,公用事业,公用事业,洁能,北京能源国际,00686.HK,30.2,ODSH,686,3.01,0.135,1.27,0686.HK,,1000000.0,7.41,+2.27,67.50,+0.003,HKD,北京能源國際,B,,2.27,0.135,0.0,0686.HK,"光伏太阳能,区块链,太阳能,碳中和",0.0
00687,泰昇集團,N,地產建築,建築,重型基建,976150355.61,2024-04-26T16:02:10,地产建筑,建筑,重型基建,泰升集团,00687.HK,9.8,ODSH,687,976.15,0.290,2.79,0687.HK,,1000.0,5.17,-14.71,,-0.050,HKD,泰昇集團,M,,-14.71,0.290,0.0,0687.HK,"基础建设,海航系",0.0
00688,中國海外發展,N,地產建築,地產,地產發展商,152571676477.9,2024-04-26T16:02:10,地产建筑,地产,地产发展商,中国海外发展,00688.HK,1525.7,ODSH,688,153.22,14.000,906.54,0688.HK,,1000000.0,5.71,+8.53,5.59,+1.100,HKD,中國海外發展,B,,8.53,14.000,9.1,0688.HK,"充电桩股,租售同权,红筹股,香港房地产",11.131707743168272
00689,長盈集團(控股),N,金融,其他金融,信貸,104806880.88,2024-04-26T16:02:10,金融,其他金融,信贷,长盈集团(控股),00689.HK,1.0,ODSH,689,110.04,0.021,146.24,0689.HK,,1000.0,,-4.55,5.12,-0.001,HKD,長盈集團（控股）,M,,-4.55,0.021,0.0,0689.HK,小金属,0.0
00690,聯康生物科技集團,N,醫療保健,藥品及生物科技,醫藥品,511577816.201,2024-04-26T16:02:10,医疗保健,药品及生物科技,医药品,联康生物科技集团,00690.HK,5.1,ODSH,690,511.57,0.083,100.74,0690.HK,,1000.0,,+5.06,7.48,+0.004,HKD,聯康生物科技集團,M,,5.06,0.083,0.0,0690.HK,"健康产业,生物医药,肝炎",0.0
00691,山水水泥,N,地產建築,建築,建築材料,3047776359.6,2024-04-26T16:02:10,地产建筑,建筑,建筑材料,山水水泥,00691.HK,30.5,ODSH,691,3.04,0.700,690.0,0691.HK,,,,-2.78,,-0.020,HKD,山水水泥,B,,-2.78,0.700,0.0,0691.HK,"建材水泥股,碳中和",0.0
00693,陳唱國際,N,非必需性消費,零售相關,汽車零售,2838765690.0,2024-04-26T16:02:10,非必需性消费,零售相关,汽车零售,陈唱国际,00693.HK,28.4,ODSH,693,2.83,1.410,,0693.HK,,,5.32,0.00,10.13,0.000,HKD,陳唱國際,B,,0.0,1.410,0.0,0693.HK,"汽车制造,汽车零售",0.0
00694,北京首都機場股份,N,非必需性消費,旅遊及休閒設施,航空相關,4735997280.0,2024-04-26T16:02:10,非必需性消费,旅游及休闲设施,航空相关,北京首都机场股份,00694.HK,47.4,ODSH,694,4.69,2.500,35.69,0694.HK,,1000000.0,,+3.31,,+0.080,HKD,北京首都機場股份,B,,3.31,2.500,0.4,0694.HK,"国企改革,航空股",0.22392671613699192
00695,東吳水泥,N,地產建築,建築,建築材料,1026720000.0,2024-04-26T16:02:10,地产建筑,建筑,建筑材料,东吴水泥,00695.HK,10.3,ODSH,695,1.04,1.900,334.12,0695.HK,,1000.0,,-1.04,,-0.020,HKD,東吳水泥,B,,-1.04,1.900,0.0,0695.HK,,0.0
00696,中國民航信息網絡,N,資訊科技,軟件服務,系統開發及顧問,10053018360.0,2024-04-26T16:02:10,科技,软件服务,系统开发及顾问,中国民航信息网络,00696.HK,100.5,ODSH,696,10.07,10.800,113.99,0696.HK,,1000000.0,1.59,+5.47,21.09,+0.560,HKD,中國民航信息網絡,B,,5.47,10.800,1.1,0696.HK,"国企改革,在线旅游,数据中心,新经济",1.0888211223344006
00697,首程控股,N,金融,其他金融,資產管理,10230717616.0,2024-04-26T16:02:10,金融,其他金融,资产管理,首程控股,00697.HK,102.3,ODSH,697,10.15,1.390,1.62,0697.HK,,1000000.0,3.94,+2.96,24.96,+0.040,HKD,首程控股,B,,2.96,1.390,0.0,0697.HK,红筹股,0.0
00698,通達集團,N,工業,工業工程,電子設備,759377396.31,2024-04-26T16:02:10,工业,工业工程,电子设备,通达集团,00698.HK,7.6,ODSH,698,759.37,0.078,725.34,0698.HK,,1000.0,,+5.41,,+0.004,HKD,通達集團,M,,5.41,0.078,0.0,0698.HK,"小米,智能穿戴,电子信息,苹果",0.0
00700,騰訊控股,N,資訊科技,軟件服務,電商及互聯網服務,3298316907574.8,2024-04-26T16:02:10,科技,软件服务,电商及互联网服务,腾讯控股,00700.HK,32983.2,ODSH,700,"3,292.64",348.600,9.59,0700.HK,,1000000000.0,0.98,+2.71,26.64,+9.200,HKD,騰訊控股,B,,2.71,348.600,95.9,0700.HK,"AIGC,CDR,云办公,云计算,互联网+,互联网保险,互联网出海,互联网医疗,互联网金融,人工智能,元宇宙,创投,区块链,双十一,工业互联网,手机游戏,教育服务,数据中心,新经济,新经济,无人驾驶,智慧城市,智能医疗,物联网,特斯拉,电子商务,知名公司,短视频,移动互联网,移动支付,粤港澳,网络安全,网络游戏,网络直播,虚拟现实,金融科技",17.15042718409017
00701,北海集團,N,地產建築,建築,建築材料,609179420.8,2024-04-26T16:02:10,地产建筑,建筑,建筑材料,北海集团,00701.HK,6.1,ODSH,701,609.17,0.320,,0701.HK,,,,0.00,,0.000,HKD,CNT GROUP,M,,0.0,0.320,0.0,0701.HK,"殡葬,现代服务业",0.0
00702,中國油氣控股,N,能源,石油及天然氣,油氣生產商,183999148.795,2024-04-26T16:02:11,能源,石油及天然气,油气生产商,中国油气控股,00702.HK,1.8,ODSH,702,180.65,0.054,136.32,0702.HK,,1000.0,,-5.26,,-0.003,HKD,中國油氣控股,M,,-5.26,0.054,0.0,0702.HK,"天然气,石油股,页岩气",0.0
00703,佳景集團,N,非必需性消費,旅遊及休閒設施,餐飲,183990141.83,2024-04-26T16:02:10,非必需性消费,旅游及休闲设施,餐饮,佳景集团,00703.HK,1.8,ODSH,703,183.99,0.265,11.07,0703.HK,,1000.0,,+1.92,3.79,+0.005,HKD,FUTURE BRIGHT,M,,1.92,0.265,0.0,0703.HK,餐饮连锁,0.0
00704,和嘉控股,N,能源,煤炭,煤炭,42394492.31,2024-04-26T16:02:11,能源,煤炭,煤炭,和嘉控股,00704.HK,0.4,ODSH,704,42.39,0.146,,0704.HK,,,,0.00,0.04,0.000,HKD,和嘉控股,M,,0.0,0.146,0.0,0704.HK,"meitanhk,煤化工",0.0
00707,亞洲電視控股,N,非必需性消費,紡織及服飾,紡織品及布料,246920096.8,2024-04-26T16:02:10,非必需性消费,纺织及服饰,纺织品及布料,亚洲电视控股,00707.HK,2.5,ODSH,707,246.92,0.226,174.63,0707.HK,,1000.0,,-0.44,,-0.001,HKD,亞洲電視控股,M,,-0.44,0.226,0.0,0707.HK,现代服务业,0.0
00708,恒大汽車,N,醫療保健,醫療保健設備及服務,醫療及醫學美容服務,2363946874.0,2024-04-26T16:02:10,医疗保健,医疗保健设备及服务,医疗及医学美容服务,恒大汽车,00708.HK,23.6,ODSH,708,2.33,0.215,3.11,0708.HK,,1000000.0,,+3.86,,+0.008,HKD,恒大汽車,B,,3.86,0.215,0.0,0708.HK,"健康产业,新经济,新能源汽车,知名公司",0.0
00709,佐丹奴國際,N,非必需性消費,紡織及服飾,服裝,3195859625.64,2024-04-26T16:02:10,非必需性消费,纺织及服饰,服装,佐丹奴国际,00709.HK,32.0,ODSH,709,3.21,1.990,4.55,0709.HK,,1000000.0,15.33,0.00,9.22,0.000,HKD,佐丹奴國際,B,,0.0,1.990,0.0,0709.HK,"品牌服饰,香港",0.0
00710,京東方精電,N,非必需性消費,汽車,汽車零件,3934128763.88,2024-04-26T16:02:10,非必需性消费,汽车,汽车零件,京东方精电,00710.HK,39.3,ODSH,710,3.94,4.990,22.98,0710.HK,,1000000.0,3.81,+8.71,8.26,+0.400,HKD,京東方精電,B,,8.71,4.990,0.2,0710.HK,电子信息,0.4462993849120444
00711,亞洲聯合基建控股,N,地產建築,建築,重型基建,839322168.09,2024-04-26T16:02:10,地产建筑,建筑,重型基建,亚洲联合基建控股,00711.HK,8.4,ODSH,711,839.32,0.470,47.0,0711.HK,,1000.0,4.64,-2.08,7.99,-0.010,HKD,亞洲聯合基建控股,M,,-2.08,0.470,0.0,0711.HK,"基础建设,物业投资",0.0
00712,卡姆丹克太陽能,N,工業,工業工程,新能源材料,151569047.916,2024-04-26T16:02:10,工业,工业工程,新能源材料,卡姆丹克太阳能,00712.HK,1.5,ODSH,712,151.56,0.143,65.94,0712.HK,,1000.0,,+2.14,2.54,+0.003,HKD,卡姆丹克太陽能,M,,2.14,0.143,0.0,0712.HK,"光伏太阳能,太阳能,碳中和",0.0
00713,世界(集團),N,非必需性消費,家庭電器及用品,家具,372295187.87,2024-04-26T16:02:10,非必需性消费,家庭电器及用品,家具,世界(集团),00713.HK,3.7,ODSH,713,372.29,0.470,,0713.HK,,,,0.00,,0.000,HKD,世界（集團）,M,,0.0,0.470,0.0,0713.HK,家具,0.0
00715,中泛控股,S,地產建築,地產,地產投資,403566326.5,2024-04-26T16:02:10,地产建筑,地产,地产投资,中泛控股,00715.HK,4.0,ODSH,715,403.56,0.025,,0715.HK,,,,0.00,,0.000,HKD,中泛控股,M,True,0.0,0.025,0.0,0715.HK,物业投资,0.0
00716,勝獅貨櫃,N,工業,工業工程,商用車及貨車,1310213254.9,2024-04-26T16:02:10,工业,工业工程,商用车及货车,胜狮货柜,00716.HK,13.1,ODSH,716,1.31,0.550,2.55,0716.HK,,1000000.0,40.00,+1.85,8.61,+0.010,HKD,勝獅貨櫃,B,,1.85,0.550,0.0,0716.HK,,0.0
00717,英皇資本,N,金融,其他金融,證券及經紀,222447908.892,2024-04-26T16:02:10,金融,其他金融,证券及经纪,英皇资本,00717.HK,2.2,ODSH,717,222.44,0.033,1.25,0717.HK,,1000000.0,,-5.71,,-0.002,HKD,英皇資本,M,,-5.71,0.033,0.0,0717.HK,财产管理,0.0
00718,太和控股,S,地產建築,地產,地產投資,157500595.56,2024-04-26T16:02:10,地产建筑,地产,地产投资,太和控股,00718.HK,1.6,ODSH,718,157.50,0.030,,0718.HK,,,,0.00,,0.000,HKD,太和控股,M,True,0.0,0.030,0.0,0718.HK,,0.0
00719,山東新華製藥股份,N,醫療保健,藥品及生物科技,醫藥品,1062750000.0,2024-04-26T16:02:10,医疗保健,药品及生物科技,医药品,山东新华制药股份,00719.HK,10.6,ODSH,719,1.06,5.450,7.06,0719.HK,,1000000.0,4.91,+0.74,6.92,+0.040,HKD,山東新華製藥股份,B,,0.74,5.450,0.1,0719.HK,"医美,医药股,国企改革,抗疫,熊去氧胆酸,生物医药",0.0076405412537303066
00720,意達利控股,N,地產建築,地產,地產投資,788584793.11,2024-04-26T16:02:10,地产建筑,地产,地产投资,意达利控股,00720.HK,7.9,ODSH,720,788.58,0.149,12.41,0720.HK,,1000000.0,,-4.49,,-0.007,HKD,意達利控股,M,,-4.49,0.149,0.1,0720.HK,现代服务业,0.13250947116800182
00721,中國金融國際,S,金融,其他金融,資產管理,296234118.81,2024-04-26T16:02:10,金融,其他金融,资产管理,中国金融国际,00721.HK,3.0,ODSH,721,296.23,0.027,,0721.HK,,,,0.00,,0.000,HKD,中國金融國際,M,True,0.0,0.027,0.0,0721.HK,财产管理,0.0
00722,聯合醫務,N,醫療保健,醫療保健設備及服務,醫療及醫學美容服務,405477622.0,2024-04-26T16:02:10,医疗保健,医疗保健设备及服务,医疗及医学美容服务,联合医务,00722.HK,4.1,ODSH,722,405.47,0.500,192.47,0722.HK,,1000.0,8.60,+3.09,6.54,+0.015,HKD,聯合醫務,M,,3.09,0.500,0.0,0722.HK,"健康产业,牙科医疗",0.0
00723,信保環球控股,N,原材料,其他原材料,林業及木材,182308703.62,2024-04-26T16:02:10,原材料,其他原材料,林业及木材,信保环球控股,00723.HK,1.8,ODSH,723,182.30,0.020,8.89,0723.HK,,1000000.0,,-4.76,,-0.001,HKD,信保環球控股,M,,-4.76,0.020,0.1,0723.HK,农业现代化,0.22580148596364977
00724,瑞鑫國際集團,N,資訊科技,半導體,半導體供應,8905846.626,2024-04-26T16:02:10,科技,半导体,半导体供应,瑞鑫国际集团,00724.HK,0.1,ODSH,724,8.90,0.106,42.5,0724.HK,,,,0.00,,0.000,HKD,瑞鑫國際集團,M,,0.0,0.106,0.0,0724.HK,电子信息,0.0
00725,恒都集團,N,工業,工業工程,工業及設備,101468580.0,2024-04-26T16:02:10,工业,工业工程,工业及设备,恒都集团,00725.HK,1.0,ODSH,725,101.46,0.510,,0725.HK,,,,0.00,6.45,0.000,HKD,恆都集團,M,,0.0,0.510,0.0,0725.HK,,0.0
00726,築友智造科技,N,地產建築,地產,地產發展商,186065743.8,2024-04-26T16:02:10,地产建筑,地产,地产发展商,筑友智造科技,00726.HK,1.9,ODSH,726,195.36,0.063,160.97,0726.HK,,1000.0,,-3.08,,-0.002,HKD,築友智造科技,M,,-3.08,0.063,0.0,0726.HK,香港房地产,0.0
00727,皇冠環球集團,S,醫療保健,醫療保健設備及服務,醫療及醫學美容服務,148381800.0,2024-04-26T16:02:10,医疗保健,医疗保健设备及服务,医疗及医学美容服务,皇冠环球集团,00727.HK,1.5,ODSH,727,148.38,0.042,,0727.HK,,,,0.00,,0.000,HKD,皇冠環球集團,M,True,0.0,0.042,0.0,0727.HK,,0.0
00728,中國電信,N,電訊,電訊,電訊服務,61199378100.0,2024-04-26T16:02:10,科技,电讯,电讯服务,中国电信,00728.HK,612.0,ODSH,728,61.19,4.410,289.99,0728.HK,,1000000.0,5.74,-0.68,12.36,-0.030,HKD,中國電信,B,,-0.68,4.410,2.9,0728.HK,"5G,F5G,互联网+,人工智能,华为,国企改革,数据中心,新经济,智慧城市,电信股,知名公司,移动互联网",0.08935653577447579
00730,首惠產業金融,N,地產建築,地產,地產投資,544242871.311,2024-04-26T16:02:10,地产建筑,地产,地产投资,首惠产业金融,00730.HK,5.4,ODSH,730,548.21,0.138,44.07,0730.HK,,1000.0,2.90,+1.47,17.04,+0.002,HKD,首惠產業金融,M,,1.47,0.138,0.0,0730.HK,"文化传媒,红筹股,财产管理",0.0
00731,建發新勝,N,原材料,其他原材料,紙品相關,219263128.96,2024-04-26T16:02:09,原材料,其他原材料,纸品相关,建发新胜,00731.HK,2.2,ODSH,731,219.26,0.155,3.18,0731.HK,,1000.0,,+2.65,,+0.004,HKD,建發新勝,M,,2.65,0.155,0.0,0731.HK,"红筹股,纸业股",0.0
00732,信利國際,N,工業,工業工程,電子設備,2686939588.3,2024-04-26T16:02:10,工业,工业工程,电子设备,信利国际,00732.HK,26.9,ODSH,732,2.71,0.860,5.29,0732.HK,,1000000.0,11.63,+6.17,10.35,+0.050,HKD,信利國際,B,,6.17,0.860,0.1,0732.HK,电子信息,0.15173683883254746
00733,合富輝煌,N,地產建築,地產,地產代理,326962744.665,2024-04-26T16:02:10,地产建筑,地产,地产代理,合富辉煌,00733.HK,3.3,ODSH,733,326.96,0.485,,0733.HK,,,,+1.04,,+0.005,HKD,合富輝煌,M,,1.04,0.485,0.0,0733.HK,"内地房地产,房地产服务,现代服务业",0.0
00736,中國置業投資,N,金融,其他金融,信貸,30724159.69,2024-04-26T16:02:11,金融,其他金融,信贷,中国置业投资,00736.HK,0.3,ODSH,736,30.72,0.115,2.89,0736.HK,,1000.0,,-0.86,,-0.001,HKD,中國置業投資,M,,-0.86,0.115,0.0,0736.HK,,0.0
00737,灣區發展,N,工業,工業運輸,鐵路及公路,5238873481.1,2024-04-26T16:02:10,工业,工业运输,铁路及公路,湾区发展,00737.HK,52.4,ODSH,737,5.20,1.690,994.34,0737.HK,,1000.0,11.11,-0.59,9.18,-0.010,HKD,灣區發展,B,,-0.59,1.690,0.0,0737.HK,,0.0
00738,萊爾斯丹,N,非必需性消費,紡織及服飾,鞋履,275299073.4,2024-04-26T16:02:10,非必需性消费,纺织及服饰,鞋履,莱尔斯丹,00738.HK,2.8,ODSH,738,275.29,0.390,,0738.HK,,,12.82,0.00,,0.000,HKD,萊爾斯丹,M,,0.0,0.390,0.0,0738.HK,品牌服饰,0.0
00743,亞洲水泥(中國),N,地產建築,建築,建築材料,2992685410.0,2024-04-26T16:02:10,地产建筑,建筑,建筑材料,亚洲水泥(中国),00743.HK,29.9,ODSH,743,2.99,1.910,762.47,0743.HK,,1000.0,2.31,+0.53,26.24,+0.010,HKD,亞洲水泥（中國）,B,,0.53,1.910,0.0,0743.HK,"台资企业,建材水泥股,碳中和",0.0
00745,中國國家文化產業,N,非必需性消費,媒體及娛樂,廣告及宣傳,17186873.44,2024-04-26T16:02:10,非必需性消费,媒体及娱乐,广告及宣传,中国国家文化产业,00745.HK,0.2,ODSH,745,17.18,0.220,,0745.HK,,,,0.00,,0.000,HKD,中國國家文化產業,M,,0.0,0.220,0.0,0745.HK,文化传媒,0.0
00746,理文化工,N,原材料,其他原材料,特殊化工用品,2722500000.0,2024-04-26T16:02:10,原材料,其他原材料,特殊化工用品,理文化工,00746.HK,27.2,ODSH,746,2.72,3.300,323.26,0746.HK,,1000.0,5.76,+0.30,6.79,+0.010,HKD,理文化工,B,,0.3,3.300,0.0,0746.HK,新材料,0.0
00747,瀋陽公用發展股份,N,地產建築,建築,建築及服務,30874176.0,2024-04-26T16:02:10,地产建筑,建筑,建筑及服务,沈阳公用发展股份,00747.HK,0.3,ODSH,747,30.87,0.051,3.67,0747.HK,,1000.0,,-8.93,,-0.005,HKD,瀋陽公用發展股份,M,,-8.93,0.051,0.0,0747.HK,,0.0
00750,水發興業能源,N,地產建築,建築,建築及服務,794140760.7,2024-04-26T16:02:10,地产建筑,建筑,建筑及服务,水发兴业能源,00750.HK,7.9,ODSH,750,794.14,0.315,200.91,0750.HK,,1000.0,,+1.61,,+0.005,HKD,水發興業能源,M,,1.61,0.315,0.0,0750.HK,"光伏太阳能,太阳能,碳中和",0.0
00751,創維集團,N,非必需性消費,家庭電器及用品,消費電子產品,7504568407.2,2024-04-26T16:02:10,非必需性消费,家庭电器及用品,消费电子产品,创维集团,00751.HK,75.0,ODSH,751,7.52,3.170,14.16,0751.HK,,1000000.0,2.52,+0.96,6.85,+0.030,HKD,創維集團,B,,0.96,3.170,0.1,0751.HK,"F5G,LED,MSCI,人工智能,家用电器,消费电子,电子信息,知名公司",0.007620814927762582
00752,筆克遠東,N,非必需性消費,媒體及娛樂,廣告及宣傳,1995981567.44,2024-04-26T16:02:10,非必需性消费,媒体及娱乐,广告及宣传,笔克远东,00752.HK,20.0,ODSH,752,1.99,1.610,970.89,0752.HK,,1000.0,5.59,-0.62,8.75,-0.010,HKD,PICO FAR EAST,B,,-0.62,1.610,0.0,0752.HK,文化传媒,0.0
00753,中國國航,N,非必需性消費,旅遊及休閒設施,航空相關,20516228182.08,2024-04-26T16:02:10,非必需性消费,旅游及休闲设施,航空相关,中国国航,00753.HK,205.2,ODSH,753,20.56,4.150,127.21,0753.HK,,1000000.0,,+3.49,,+0.140,HKD,中國國航,B,,3.49,4.150,1.3,0753.HK,"人民币升值,国企改革,知名公司,航空股",0.6056885429620368
00754,合生創展集團,N,地產建築,地產,地產發展商,13577295244.18,2024-04-26T16:02:10,地产建筑,地产,地产发展商,合生创展集团,00754.HK,135.8,ODSH,754,13.57,3.580,29.1,0754.HK,,1000000.0,,+3.17,4.65,+0.110,HKD,合生創展集團,B,,3.17,3.580,0.3,0754.HK,香港房地产,0.1300487551123824
00755,上海証大,N,地產建築,地產,地產發展商,178552218.18,2024-04-26T16:02:10,地产建筑,地产,地产发展商,上海证大,00755.HK,1.8,ODSH,755,178.55,0.012,106.88,0755.HK,,1000.0,,+9.09,2.00,+0.001,HKD,上海証大,M,,9.09,0.012,0.0,0755.HK,香港房地产,0.0
00756,森美控股,N,必需性消費,食品飲料,非酒精飲料,158359593.225,2024-04-26T16:02:10,必需性消费,食品饮料,非酒精饮料,森美控股,00756.HK,1.6,ODSH,756,158.35,0.465,37.48,0756.HK,,1000.0,,0.00,,0.000,HKD,森美控股,M,,0.0,0.465,0.0,0756.HK,"农业现代化,非酒精饮料",0.0
00757,陽光能源,N,工業,工業工程,新能源材料,408823849.359,2024-04-26T16:02:10,工业,工业工程,新能源材料,阳光能源,00757.HK,4.1,ODSH,757,408.82,0.123,206.94,0757.HK,,1000.0,,+0.82,3.41,+0.001,HKD,陽光能源,M,,0.82,0.123,0.0,0757.HK,"光伏太阳能,台资企业,太阳能,碳中和,钙钛矿电池",0.0
00759,CEC國際控股,N,必需性消費,消費零售,超市及便利店,149892929.55,2024-04-26T16:02:10,必需性消费,消费零售,超市及便利店,CEC国际控股,00759.HK,1.5,ODSH,759,149.22,0.224,42.26,0759.HK,,1000.0,4.46,+0.45,3.01,+0.001,HKD,CEC INT'L HOLD,M,,0.45,0.224,0.0,0759.HK,电子信息,0.0
00760,新天地產集團,N,地產建築,地產,地產發展商,43745830.295,2024-04-26T16:02:10,地产建筑,地产,地产发展商,新天地产集团,00760.HK,0.4,ODSH,760,43.74,0.085,,0760.HK,,,,0.00,,0.000,HKD,新天地產集團,M,,0.0,0.085,0.0,0760.HK,内地房地产,0.0
00762,中國聯通,N,電訊,電訊,電訊服務,186342577261.05,2024-04-26T16:02:10,科技,电讯,电讯服务,中国联通,00762.HK,1863.4,ODSH,762,186.64,6.100,169.66,0762.HK,,1000000.0,5.99,+0.99,9.28,+0.060,HKD,中國聯通,B,,0.99,6.100,1.7,0762.HK,"5G,F5G,互联网+,冬奥会,华为,国企改革,数据中心,新经济,特斯拉,电信股,知名公司,移动互联网,红筹股",0.08513757729204614
00763,中興通訊,N,資訊科技,資訊科技器材,電訊設備,13009753635.48,2024-04-26T16:02:10,科技,资讯科技器材,电讯设备,中兴通讯,00763.HK,130.1,ODSH,763,12.97,17.180,427.72,0763.HK,,1000000.0,4.27,+6.31,8.17,+1.020,HKD,中興通訊,B,,6.31,17.180,4.3,0763.HK,"5G,京东,人工智能,信息安全,国企改革,数字经济,新IT,新经济,智能穿戴,物联网,电讯设备,知名公司,移动支付,紫光系,网络安全,芯片替代",4.9567384216612425
00764,永恒策略,N,綜合企業,綜合企業,綜合企業,148964652.954,2024-04-26T16:02:10,综合企业,综合企业,综合企业,永恒策略,00764.HK,1.5,ODSH,764,148.96,0.039,4.74,0764.HK,,1000.0,,-2.50,,-0.001,HKD,永恒策略,M,,-2.5,0.039,0.0,0764.HK,文化传媒,0.0
00765,威發國際,N,非必需性消費,家庭電器及用品,玩具及消閒用品,255000413.46,2024-04-26T16:02:10,非必需性消费,家庭电器及用品,玩具及消闲用品,威发国际,00765.HK,2.6,ODSH,765,255.00,0.780,,0765.HK,,,,0.00,,0.000,HKD,PERFECTECH INTL,M,,0.0,0.780,0.0,0765.HK,"婴童,玩具及消闲用品",0.0
00767,中基長壽科學,N,金融,其他金融,信貸,59207367.83,2024-04-26T16:02:09,金融,其他金融,信贷,中基长寿科学,00767.HK,0.6,ODSH,767,59.20,0.130,62.11,0767.HK,,1000.0,,+2.36,86.67,+0.003,HKD,中基長壽科學,M,,2.36,0.130,0.0,0767.HK,现代服务业,0.0
00768,開明投資,N,金融,其他金融,資產管理,21619447.4,2024-04-26T16:02:10,金融,其他金融,资产管理,开明投资,00768.HK,0.2,ODSH,768,21.61,0.017,,0768.HK,,,,0.00,,0.000,HKD,開明投資,M,,0.0,0.017,0.0,0768.HK,财产管理,0.0
00769,中國稀土,N,原材料,一般金屬及礦石,其他金屬及礦石,831303599.755,2024-04-26T16:02:10,原材料,一般金属及矿石,其他金属及矿石,中国稀土,00769.HK,8.3,ODSH,769,831.30,0.355,913.35,0769.HK,,1000.0,,+2.90,,+0.010,HKD,中國稀土,M,,2.9,0.355,0.0,0769.HK,"新材料,稀土永磁",0.0
00771,自動系統,N,資訊科技,軟件服務,系統開發及顧問,525228789.96,2024-04-26T16:02:10,科技,软件服务,系统开发及顾问,自动系统,00771.HK,5.3,ODSH,771,525.22,0.630,25.0,0771.HK,,1000.0,4.76,+3.28,4.00,+0.020,HKD,自動系統,M,,3.28,0.630,0.0,0771.HK,软件外包,0.0
00772,閱文集團,N,非必需性消費,媒體及娛樂,出版,28859696051.4,2024-04-26T16:02:11,非必需性消费,媒体及娱乐,出版,阅文集团,00772.HK,288.6,ODSH,772,29.01,28.350,156.45,0772.HK,,1000000.0,,+5.59,33.08,+1.500,HKD,閱文集團,B,,5.59,28.350,1.6,0772.HK,"互联网出海,新经济,新经济,独角兽,知名公司,腾讯",1.3754574681535812
00775,長江生命科技,N,醫療保健,藥品及生物科技,醫藥品,3411930702.0,2024-04-26T16:02:10,医疗保健,药品及生物科技,医药品,长江生命科技,00775.HK,34.1,ODSH,775,3.41,0.355,1.99,0775.HK,,1000000.0,,+4.41,197.22,+0.015,HKD,長江生命科技,B,,4.41,0.355,0.0,0775.HK,"健康产业,长和系",0.0
00776,帝國科技集團,S,非必需性消費,家庭電器及用品,家具,1331234080.0,2024-04-26T16:02:10,非必需性消费,家庭电器及用品,家具,帝国科技集团,00776.HK,13.3,ODSH,776,1.33,4.280,,0776.HK,,,,0.00,,0.000,HKD,帝國科技集團,B,True,0.0,4.280,0.0,0776.HK,"NFT,元宇宙,家具",0.0
00777,網龍,N,資訊科技,軟件服務,綫上遊戲,5801386860.36,2024-04-26T16:02:10,科技,软件服务,线上游戏,网龙,00777.HK,58.0,ODSH,777,5.81,10.940,12.16,0777.HK,,1000000.0,16.45,+1.11,9.92,+0.120,HKD,網龍,B,,1.11,10.940,0.1,0777.HK,"互联网出海,元宇宙,手机游戏,教育服务,新经济,移动互联网,网络游戏",0.010132323953094475
00780,同程旅行,N,非必需性消費,旅遊及休閒設施,旅遊及觀光,50505380287.0,2024-04-26T16:02:10,非必需性消费,旅游及休闲设施,旅游及观光,同程旅行,00780.HK,505.1,ODSH,780,50.39,22.200,99.73,0780.HK,,1000000.0,0.68,+2.54,29.88,+0.550,HKD,同程旅行,B,,2.54,22.200,1.0,0780.HK,"新经济,旅游及观光,独角兽,知名公司,腾讯,节假日",0.25640780887008185
00784,凌銳控股,N,地產建築,建築,建築及服務,61600000.0,2024-04-26T16:02:10,地产建筑,建筑,建筑及服务,凌锐控股,00784.HK,0.6,ODSH,784,61.60,0.077,,0784.HK,,,,0.00,,0.000,HKD,凌銳控股,M,,0.0,0.077,0.0,0784.HK,,0.0
00788,中國鐵塔,N,電訊,電訊,衛星及無綫通訊,43397386080.0,2024-04-26T16:02:10,科技,电讯,卫星及无线通讯,中国铁塔,00788.HK,434.0,ODSH,788,43.39,0.930,254.94,0788.HK,,1000000.0,4.32,+1.09,15.50,+0.010,HKD,中國鐵塔,B,,1.09,0.930,2.5,0788.HK,"5G,充电桩股,华为,卫星导航,知名公司",0.17651922381598045
00789,雅天妮集團,N,非必需性消費,紡織及服飾,珠寶鐘錶,563023745.28,2024-04-26T16:02:10,非必需性消费,纺织及服饰,珠宝钟表,雅天妮集团,00789.HK,5.6,ODSH,789,563.02,0.510,227.6,0789.HK,,1000.0,,+2.00,,+0.010,HKD,雅天妮集團,M,,2.0,0.510,0.0,0789.HK,品牌服饰,0.0
00794,錦勝集團(控股),N,工業,工業支援,印刷及包裝,82771000.0,2024-04-26T16:02:10,工业,工业支援,印刷及包装,锦胜集团(控股),00794.HK,0.8,ODSH,794,82.77,0.250,,0794.HK,,,,-1.96,,-0.005,HKD,錦勝集團（控股）,M,,-1.96,0.250,0.0,0794.HK,,0.0
00797,第七大道,N,資訊科技,軟件服務,綫上遊戲,6277296000.0,2024-04-26T16:02:10,科技,软件服务,线上游戏,第七大道,00797.HK,62.8,ODSH,797,6.27,2.280,,0797.HK,,,,0.00,,0.000,HKD,第七大道,B,,0.0,2.280,0.0,0797.HK,"手机游戏,新经济,网络游戏",0.0
00798,中電光谷,N,地產建築,地產,物業管理及服務,2291258820.0,2024-04-26T16:02:10,地产建筑,地产,物业管理及服务,中电光谷,00798.HK,22.9,ODSH,798,2.32,0.310,193.06,0798.HK,,1000.0,8.06,0.00,4.32,0.000,HKD,中電光谷,B,,0.0,0.310,0.0,0798.HK,物业管理,0.0
00799,IGG,N,資訊科技,軟件服務,綫上遊戲,3765238660.81,2024-04-26T16:02:10,科技,软件服务,线上游戏,IGG,00799.HK,37.7,ODSH,799,3.76,3.190,6.96,0799.HK,,1000000.0,,+1.92,51.04,+0.060,HKD,IGG,B,,1.92,3.190,0.1,0799.HK,"互联网出海,手机游戏,新经济,网络游戏",0.02611956619106893
00800,A8新媒體,N,地產建築,地產,地產投資,338285824.616,2024-04-26T16:02:10,地产建筑,地产,地产投资,A8新媒体,00800.HK,3.4,ODSH,800,338.28,0.122,85.17,0800.HK,,1000.0,,+9.91,12.98,+0.011,HKD,Ａ８新媒體,M,,9.91,0.122,0.0,0800.HK,"互联网+,手机游戏,文化传媒",0.0
00802,中國錢包,S,資訊科技,軟件服務,,27159567.66,2024-04-26T16:02:09,科技,软件服务,软件开发,中国钱包,00802.HK,0.3,ODSH,802,27.15,0.045,,0802.HK,,,,0.00,,0.000,HKD,中國錢包,M,True,0.0,0.045,0.0,0802.HK,"区块链,电子信息",0.0
00804,鼎石資本,N,金融,其他金融,證券及經紀,81214020.0,2024-04-26T16:02:10,金融,其他金融,证券及经纪,鼎石资本,00804.HK,0.8,ODSH,804,81.21,0.200,1.0,0804.HK,,1000.0,,+3.63,,+0.007,HKD,鼎石資本,M,,3.63,0.200,0.0,0804.HK,,0.0
00806,惠理集團,N,金融,其他金融,資產管理,3306344794.11,2024-04-26T16:02:10,金融,其他金融,资产管理,惠理集团,00806.HK,33.1,ODSH,806,3.32,1.820,19.79,0806.HK,,1000000.0,27.47,+7.06,144.44,+0.120,HKD,惠理集團,B,,7.06,1.820,0.2,0806.HK,财产管理,0.3486279696249139
00807,上海實業環境,N,公用事業,公用事業,水務,2395369125.18,2024-04-26T16:02:10,公用事业,公用事业,水务,上海实业环境,00807.HK,24.0,ODSH,807,2.34,0.910,684.1,0807.HK,,1000.0,6.98,-1.09,2.66,-0.010,HKD,上海實業環境,B,,-1.09,0.910,0.0,0807.HK,生物质能发电,0.0
00809,大成生化科技,N,原材料,其他原材料,化肥及農用化合物,792759108.813,2024-04-26T16:02:10,原材料,其他原材料,化肥及农用化合物,大成生化科技,00809.HK,7.9,ODSH,809,792.75,0.089,51.77,0809.HK,,1000.0,,-1.11,0.19,-0.001,HKD,大成生化科技,M,,-1.11,0.089,0.0,0809.HK,农业现代化,0.0
00810,中國鑄晨81,N,金融,其他金融,資產管理,76368520.98,2024-04-26T16:02:09,金融,其他金融,资产管理,中国铸晨81,00810.HK,0.8,ODSH,810,76.36,0.540,1.13,0810.HK,,1000000.0,,+3.85,,+0.020,HKD,中國鑄晨８１,M,,3.85,0.540,0.0,0810.HK,财产管理,0.0
00811,新華文軒,N,非必需性消費,媒體及娛樂,出版,3615045478.0,2024-04-26T16:02:10,非必需性消费,媒体及娱乐,出版,新华文轩,00811.HK,36.2,ODSH,811,3.61,8.190,13.03,0811.HK,,1000000.0,7.64,+1.61,5.97,+0.130,HKD,新華文軒,B,,1.61,8.190,0.1,0811.HK,"国企改革,教育服务,文化传媒",0.020086347828396574
00812,西證國際證券,S,金融,其他金融,資產管理,109854918.39,2024-04-26T16:02:10,金融,其他金融,资产管理,西证国际证券,00812.HK,1.1,ODSH,812,109.85,0.030,,0812.HK,,,,0.00,,0.000,HKD,西證國際證券,M,True,0.0,0.030,0.0,0812.HK,财产管理,0.0
00813,世茂集團,N,地產建築,地產,地產發展商,1367219479.68,2024-04-26T16:02:10,地产建筑,地产,地产发展商,世茂集团,00813.HK,13.7,ODSH,813,1.34,0.355,11.38,0813.HK,,1000000.0,,+5.97,,+0.020,HKD,世茂集團,B,,5.97,0.355,0.1,0813.HK,"冬奥会,香港房地产",0.17021464311255763
00814,北京京客隆,N,必需性消費,消費零售,超市及便利店,75596400.0,2024-04-26T16:02:10,必需性消费,消费零售,超市及便利店,北京京客隆,00814.HK,0.8,ODSH,814,75.59,0.415,,0814.HK,,,,0.00,,0.000,HKD,北京京客隆,M,,0.0,0.415,0.0,0814.HK,国企改革,0.0
00815,中國白銀集團,N,原材料,黃金及貴金屬,黃金及貴金屬,635076229.45,2024-04-26T16:02:10,原材料,黄金及贵金属,黄金及贵金属,中国白银集团,00815.HK,6.4,ODSH,815,635.07,0.325,7.0,0815.HK,,1000000.0,,0.00,41.14,0.000,HKD,中國白銀集團,M,,0.0,0.325,0.1,0815.HK,"涉矿,金属铅,金属锌",0.0
00816,金茂服務,N,地產建築,地產,物業管理及服務,1989215800.0,2024-04-26T16:02:09,地产建筑,地产,物业管理及服务,金茂服务,00816.HK,19.9,ODSH,816,2.00,2.220,3.42,0816.HK,,1000000.0,7.66,+3.74,5.55,+0.080,HKD,金茂服務,B,,3.74,2.220,0.0,0816.HK,物业管理,0.0
00817,中國金茂,N,地產建築,地產,地產發展商,8504740598.76,2024-04-26T16:02:10,地产建筑,地产,地产发展商,中国金茂,00817.HK,85.0,ODSH,817,8.50,0.630,43.5,0817.HK,,1000000.0,2.38,+8.62,,+0.050,HKD,中國金茂,B,,8.62,0.630,0.4,0817.HK,"海南板块,红筹股,香港房地产",0.7579399315993209
00818,高陽科技,N,資訊科技,軟件服務,電商及互聯網服務,1346764409.975,2024-04-26T16:02:10,科技,软件服务,电商及互联网服务,高阳科技,00818.HK,13.5,ODSH,818,1.34,0.485,211.44,0818.HK,,1000.0,,0.00,2.87,0.000,HKD,高陽科技,B,,0.0,0.485,0.0,0818.HK,"移动互联网,移动支付,芯片替代,金融科技",0.0
00819,天能動力,N,工業,工業工程,能源儲存相關,7004494390.0,2024-04-26T16:02:10,工业,工业工程,能源储存相关,天能动力,00819.HK,70.0,ODSH,819,7.00,6.220,29.83,0819.HK,,1000000.0,6.91,+1.30,3.59,+0.080,HKD,天能動力,B,,1.3,6.220,0.3,0819.HK,"新经济,锂电池",0.03777284096630377
00821,滙盈控股,N,金融,其他金融,證券及經紀,153358428.48,2024-04-26T16:02:10,金融,其他金融,证券及经纪,汇盈控股,00821.HK,1.5,ODSH,821,153.35,0.062,120.01,0821.HK,,1000.0,,-3.13,,-0.002,HKD,匯盈控股,M,,-3.13,0.062,0.0,0821.HK,财产管理,0.0
00822,嘉瑞國際,N,工業,工業工程,工業及設備,268128420.0,2024-04-26T16:02:10,工业,工业工程,工业及设备,嘉瑞国际,00822.HK,2.7,ODSH,822,272.59,0.305,27.3,0822.HK,,1000.0,,-4.69,,-0.015,HKD,嘉瑞國際,M,,-4.69,0.305,0.0,0822.HK,现代服务业,0.0
00825,新世界百貨中國,N,非必需性消費,零售相關,多元化零售,404674800.0,2024-04-26T16:02:10,非必需性消费,零售相关,多元化零售,新世界百货中国,00825.HK,4.0,ODSH,825,404.67,0.240,124.39,0825.HK,,1000.0,,+1.27,,+0.003,HKD,新世界百貨中國,M,,1.27,0.240,0.0,0825.HK,"电子商务,百货业,零售股",0.0
00826,天工國際,N,原材料,一般金屬及礦石,鋼鐵,4412250000.0,2024-04-26T16:02:10,原材料,一般金属及矿石,钢铁,天工国际,00826.HK,44.1,ODSH,826,4.44,1.600,23.15,0826.HK,,1000000.0,2.68,-4.19,11.24,-0.070,HKD,天工國際,B,,-4.19,1.600,0.2,0826.HK,"新材料,铁矿石",0.15923831229922877
00827,玖源集團,N,原材料,其他原材料,化肥及農用化合物,488271450.519,2024-04-26T16:02:10,原材料,其他原材料,化肥及农用化合物,玖源集团,00827.HK,4.9,ODSH,827,427.99,0.071,39.49,0827.HK,,1000.0,,+5.97,,+0.004,HKD,玖源集團,M,,5.97,0.071,0.0,0827.HK,农业现代化,0.0
00828,王朝酒業,N,必需性消費,食品飲料,酒精飲料,401395677.51,2024-04-26T16:02:10,必需性消费,食品饮料,酒精饮料,王朝酒业,00828.HK,4.0,ODSH,828,401.39,0.285,15.02,0828.HK,,1000.0,,-1.72,17.59,-0.005,HKD,王朝酒業,M,,-1.72,0.285,0.0,0828.HK,红筹股,0.0
00829,神冠控股,N,必需性消費,食品飲料,包裝食品,1017601200.0,2024-04-26T16:02:10,必需性消费,食品饮料,包装食品,神冠控股,00829.HK,10.2,ODSH,829,1.01,0.315,120.17,0829.HK,,1000.0,12.70,+1.61,30.29,+0.005,HKD,神冠控股,B,,1.61,0.315,0.0,0829.HK,农业现代化,0.0
00830,中國建築興業,N,地產建築,建築,建築及服務,5187753500.0,2024-04-26T16:02:10,地产建筑,建筑,建筑及服务,中国建筑兴业,00830.HK,51.9,ODSH,830,5.21,2.310,3.6,0830.HK,,1000000.0,3.77,-3.75,8.98,-0.090,HKD,中國建築興業,B,,-3.75,2.310,0.0,0830.HK,"国企改革,红筹股",0.0
00831,利亞零售,N,必需性消費,食品飲料,包裝食品,520869372.58,2024-04-26T16:02:10,必需性消费,食品饮料,包装食品,利亚零售,00831.HK,5.2,ODSH,831,520.86,0.670,120.54,0831.HK,,1000.0,8.96,+1.52,9.02,+0.010,HKD,利亞零售,M,,1.52,0.670,0.0,0831.HK,餐饮连锁,0.0
00832,建業地產,N,地產建築,地產,地產發展商,224895330.66,2024-04-26T16:02:10,地产建筑,地产,地产发展商,建业地产,00832.HK,2.2,ODSH,832,227.93,0.075,136.57,0832.HK,,1000.0,,+7.14,,+0.005,HKD,建業地產,M,,7.14,0.075,0.0,0832.HK,内地房地产,0.0
00833,華訊,N,非必需性消費,家庭電器及用品,家庭電器,229433217.3,2024-04-26T16:02:10,非必需性消费,家庭电器及用品,家庭电器,华讯,00833.HK,2.3,ODSH,833,229.43,0.485,,0833.HK,,,8.25,0.00,2.12,0.000,HKD,華訊,M,,0.0,0.485,0.0,0833.HK,"家用电器,小米,电子信息",0.0
00834,康大食品,N,必需性消費,食品飲料,包裝食品,82260120.0,2024-04-26T16:02:10,必需性消费,食品饮料,包装食品,康大食品,00834.HK,0.8,ODSH,834,82.26,0.190,,0834.HK,,,,0.00,,0.000,HKD,康大食品,M,,0.0,0.190,0.0,0834.HK,健康产业,0.0
00836,華潤電力,N,公用事業,公用事業,傳統電力,94765741678.0,2024-04-26T16:02:10,公用事业,公用事业,传统电力,华润电力,00836.HK,947.7,ODSH,836,94.66,19.680,388.59,0836.HK,,1000000.0,7.19,-0.71,8.60,-0.140,HKD,華潤電力,B,,-0.71,19.680,3.9,0836.HK,"华润系,比亚迪,碳中和,红筹股,绿色电力,超超临界发电,风电",0.12209157181588684
00837,譚木匠,N,非必需性消費,家庭電器及用品,家具,1345542740.0,2024-04-26T16:02:10,非必需性消费,家庭电器及用品,家具,谭木匠,00837.HK,13.5,ODSH,837,1.34,5.410,465.48,0837.HK,,1000.0,7.14,+0.93,7.23,+0.050,HKD,譚木匠,B,,0.93,5.410,0.0,0837.HK,"家具,文化传媒",0.0
00838,億和控股,N,工業,工業工程,工業及設備,1340508246.0,2024-04-26T16:02:10,工业,工业工程,工业及设备,亿和控股,00838.HK,13.4,ODSH,838,1.34,0.770,1.24,0838.HK,,1000000.0,5.31,0.00,5.65,0.000,HKD,億和控股,B,,0.0,0.770,0.0,0838.HK,"比亚迪,特斯拉,电子信息",0.0
00839,中教控股,N,非必需性消費,支援服務,教育,11075463021.33,2024-04-26T16:02:10,非必需性消费,支援服务,教育,中教控股,00839.HK,110.8,ODSH,839,11.20,4.280,22.89,0839.HK,,1000000.0,7.80,+5.68,7.18,+0.230,HKD,中教控股,B,,5.68,4.280,0.2,0839.HK,"天然气,教育服务",0.2050359594959109
00840,天業節水,N,工業,工業工程,工業及設備,34205600.0,2024-04-26T16:02:10,工业,工业工程,工业及设备,天业节水,00840.HK,0.3,ODSH,840,34.20,0.169,40.91,0840.HK,,1000.0,,+16.55,,+0.024,HKD,天業節水,M,,16.55,0.169,0.0,0840.HK,"农业现代化,国企改革",0.0
00841,木薯資源,N,工業,工業工程,新能源材料,57887944.785,2024-04-26T16:02:10,工业,工业工程,新能源材料,木薯资源,00841.HK,0.6,ODSH,841,58.47,0.100,,0841.HK,,,,0.00,,0.000,HKD,木薯資源,M,,0.0,0.100,0.0,0841.HK,农业现代化,0.0
00842,理士國際,N,工業,工業工程,能源儲存相關,1708664582.5,2024-04-26T16:02:10,工业,工业工程,能源储存相关,理士国际,00842.HK,17.1,ODSH,842,1.69,1.240,706.77,0842.HK,,1000.0,8.87,+1.64,2.94,+0.020,HKD,理士國際,B,,1.64,1.240,0.0,0842.HK,,0.0
00844,廣泰國際控股,N,非必需性消費,紡織及服飾,服裝,163130658.9,2024-04-26T16:02:10,非必需性消费,纺织及服饰,服装,广泰国际控股,00844.HK,1.6,ODSH,844,163.13,0.330,63.36,0844.HK,,1000.0,,0.00,,0.000,HKD,廣泰國際控股,M,,0.0,0.330,0.0,0844.HK,品牌服饰,0.0
00845,恒盛地產,N,地產建築,地產,地產發展商,77926456.23,2024-04-26T16:02:10,地产建筑,地产,地产发展商,恒盛地产,00845.HK,0.8,ODSH,845,77.92,0.010,,0845.HK,,,,0.00,,0.000,HKD,恒盛地產,M,,0.0,0.010,0.0,0845.HK,香港房地产,0.0
00846,明發集團,N,地產建築,地產,地產發展商,1389306833.928,2024-04-26T16:02:10,地产建筑,地产,地产发展商,明发集团,00846.HK,13.9,ODSH,846,1.19,0.196,1.77,0846.HK,,1000.0,,-14.04,,-0.032,HKD,明發集團,B,,-14.04,0.196,0.0,0846.HK,芯片替代,0.0
00848,茂業國際,N,非必需性消費,零售相關,多元化零售,740206944.0,2024-04-26T16:02:10,非必需性消费,零售相关,多元化零售,茂业国际,00848.HK,7.4,ODSH,848,719.64,0.140,184.99,0848.HK,,1000.0,5.36,-4.76,,-0.007,HKD,茂業國際,M,,-4.76,0.140,0.0,0848.HK,"物业投资,百货业,零售股",0.0
00851,盛源控股,N,金融,其他金融,證券及經紀,202853224.43,2024-04-26T16:02:10,金融,其他金融,证券及经纪,盛源控股,00851.HK,2.0,ODSH,851,202.85,0.230,,0851.HK,,,,0.00,,0.000,HKD,盛源控股,M,,0.0,0.230,0.0,0851.HK,财产管理,0.0
00852,海峽石油化工,N,能源,石油及天然氣,油氣生產商,520224202.05,2024-04-26T16:02:10,能源,石油及天然气,油气生产商,海峡石油化工,00852.HK,5.2,ODSH,852,520.22,0.245,26.97,0852.HK,,1000.0,,+2.08,,+0.005,HKD,海峽石油化工,M,,2.08,0.245,0.0,0852.HK,"石化股,石油股",0.0
00853,微創醫療,N,醫療保健,醫療保健設備及服務,醫健設備,10768382420.18,2024-04-26T16:02:10,医疗保健,医疗保健设备及服务,医健设备,微创医疗,00853.HK,107.7,ODSH,853,10.78,5.880,67.79,0853.HK,,1000000.0,,+3.16,,+0.180,HKD,微創醫療,B,,3.16,5.880,0.7,0853.HK,"专科医院,医疗器械,医疗美容器械,医药股,辅助生殖",0.3142655440780124
00854,威雅利,N,工業,工業工程,工業及設備,276885674.84,2024-04-26T16:02:10,工业,工业工程,工业及设备,威雅利,00854.HK,2.8,ODSH,854,276.22,3.150,140.46,0854.HK,,1000.0,,-0.94,101.29,-0.030,HKD,威雅利,M,,-0.94,3.150,0.0,0854.HK,"电子信息,芯片替代",0.0
00855,中國水務,N,公用事業,公用事業,水務,7998379495.4,2024-04-26T16:02:10,公用事业,公用事业,水务,中国水务,00855.HK,80.0,ODSH,855,8.01,4.910,11.24,0855.HK,,1000000.0,6.31,+0.61,4.32,+0.030,HKD,中國水務,B,,0.61,4.910,0.1,0855.HK,节能环保,0.003520858493354435
00856,偉仕佳杰,N,資訊科技,軟件服務,系統開發及顧問,7198818889.98,2024-04-26T16:02:10,科技,软件服务,系统开发及顾问,伟仕佳杰,00856.HK,72.0,ODSH,856,7.18,5.000,11.99,0856.HK,,1000000.0,5.14,+2.67,7.62,+0.130,HKD,偉仕佳杰,B,,2.67,5.000,0.1,0856.HK,"云计算,电子信息,苹果",0.03771195471462509
00857,中國石油股份,N,能源,石油及天然氣,油氣生產商,159296695000.0,2024-04-26T16:02:10,能源,石油及天然气,油气生产商,中国石油股份,00857.HK,1593.0,ODSH,857,159.08,7.540,1.11,0857.HK,,1000000000.0,6.30,+2.45,8.01,+0.180,HKD,中國石油股份,B,,2.45,7.540,11.1,0857.HK,"一带一路,充电桩股,国企改革,天然气,石油股,页岩气",2.327910506576351
00858,精優藥業,N,醫療保健,藥品及生物科技,醫藥品,64530000.0,2024-04-26T16:02:10,医疗保健,药品及生物科技,医药品,精优药业,00858.HK,0.6,ODSH,858,64.53,0.027,13.52,0858.HK,,1000.0,,0.00,0.50,0.000,HKD,精優藥業,M,,0.0,0.027,0.0,0858.HK,"医药股,生物医药",0.0
00859,中昌國際控股,N,地產建築,地產,地產投資,127128059.136,2024-04-26T16:02:10,地产建筑,地产,地产投资,中昌国际控股,00859.HK,1.3,ODSH,859,127.12,0.113,,0859.HK,,,,0.00,,0.000,HKD,中昌國際控股,M,,0.0,0.113,0.0,0859.HK,,0.0
00860,APOLLO出行,N,非必需性消費,汽車,汽車,282625097.37,2024-04-26T16:02:09,非必需性消费,汽车,汽车,APOLLO出行,00860.HK,2.8,ODSH,860,276.85,0.480,118.5,0860.HK,,1000.0,,-2.04,,-0.010,HKD,ＡＰＯＬＬＯ出行,M,,-2.04,0.480,0.0,0860.HK,,0.0
00861,神州控股,N,資訊科技,軟件服務,系統開發及顧問,4736308902.38,2024-04-26T16:02:10,科技,软件服务,系统开发及顾问,神州控股,00861.HK,47.4,ODSH,861,4.75,2.840,117.88,0861.HK,,1000000.0,2.46,-14.46,,-0.480,HKD,神州控股,B,,-14.46,2.840,1.2,0861.HK,"云计算,冬奥会,工业互联网,抖音,数据中心,新经济,智慧城市,智能物流,软件外包",5.02263628384349
00862,遠見控股,N,資訊科技,軟件服務,系統開發及顧問,90256380.741,2024-04-26T16:02:10,科技,软件服务,系统开发及顾问,远见控股,00862.HK,0.9,ODSH,862,90.25,0.023,,0862.HK,,,,0.00,,0.000,HKD,遠見控股,M,,0.0,0.023,0.0,0862.HK,移动互联网,0.0
00863,OSL集團,N,資訊科技,軟件服務,系統開發及顧問,6676924941.44,2024-04-26T16:02:10,科技,软件服务,系统开发及顾问,OSL集团,00863.HK,66.8,ODSH,863,6.71,10.720,57.29,0863.HK,,1000000.0,,+9.95,,+0.970,HKD,ＯＳＬ集團,B,,9.95,10.720,0.6,0863.HK,文化传媒,1.439242419433931
00864,永利地產發展,N,地產建築,地產,地產投資,92682181.92,2024-04-26T16:02:10,地产建筑,地产,地产投资,永利地产发展,00864.HK,0.9,ODSH,864,92.68,0.240,,0864.HK,,,,0.00,,0.000,HKD,永利地產發展,M,,0.0,0.240,0.0,0864.HK,物业投资,0.0
00865,建德國際控股,N,地產建築,地產,地產發展商,151787732.096,2024-04-26T16:02:10,地产建筑,地产,地产发展商,建德国际控股,00865.HK,1.5,ODSH,865,151.78,0.026,690.78,0865.HK,,1000.0,,-3.70,28.89,-0.001,HKD,建德國際控股,M,,-3.7,0.026,0.0,0865.HK,"现代服务业,香港房地产",0.0
00866,中國秦發,N,能源,煤炭,煤炭,1620719090.25,2024-04-26T16:02:10,能源,煤炭,煤炭,中国秦发,00866.HK,16.2,ODSH,866,1.57,0.630,3.38,0866.HK,,1000000.0,,-4.55,7.55,-0.030,HKD,中國秦發,B,,-4.55,0.630,0.0,0866.HK,"meitanhk,煤化工",0.0
00867,康哲藥業,N,醫療保健,藥品及生物科技,醫藥品,17580757631.04,2024-04-26T16:02:10,医疗保健,药品及生物科技,医药品,康哲药业,00867.HK,175.8,ODSH,867,17.67,7.210,41.84,0867.HK,,1000000.0,5.94,+1.98,6.87,+0.140,HKD,康哲藥業,B,,1.98,7.210,0.4,0867.HK,"医美,医药股,熊去氧胆酸,生物医药,肝炎",0.08255623024525989
00868,信義玻璃,N,工業,工業工程,工業及設備,35528350047.52,2024-04-26T16:02:10,工业,工业工程,工业及设备,信义玻璃,00868.HK,355.3,ODSH,868,35.61,8.430,60.15,0868.HK,,1000000.0,7.47,+2.80,6.52,+0.230,HKD,信義玻璃,B,,2.8,8.430,0.6,0868.HK,"光伏太阳能,太阳能,碳中和",0.1867375787696088
00869,彩星玩具,N,非必需性消費,家庭電器及用品,玩具及消閒用品,732034000.0,2024-04-26T16:02:10,非必需性消费,家庭电器及用品,玩具及消闲用品,彩星玩具,00869.HK,7.3,ODSH,869,732.03,0.620,412.32,0869.HK,,1000.0,12.90,+5.08,3.27,+0.030,HKD,彩星玩具,M,,5.08,0.620,0.0,0869.HK,"婴童,玩具及消闲用品",0.0
00871,中國疏浚環保,N,地產建築,建築,重型基建,99256179.0,2024-04-26T16:02:09,地产建筑,建筑,重型基建,中国疏浚环保,00871.HK,1.0,ODSH,871,99.25,0.066,6.6,0871.HK,,1000.0,,+1.54,,+0.001,HKD,中國疏浚環保,M,,1.54,0.066,0.0,0871.HK,"基础建设,节能环保",0.0
00872,泰坦智華科技,S,非必需性消費,汽車,汽車零件,123816916.98,2024-04-26T16:02:10,非必需性消费,汽车,汽车零件,泰坦智华科技,00872.HK,1.2,ODSH,872,123.81,0.060,,0872.HK,,,,0.00,,0.000,HKD,泰坦智華科技,M,True,0.0,0.060,0.0,0872.HK,"无人驾驶,智慧城市,汽车制造,高校",0.0
00873,世茂服務,N,地產建築,地產,物業管理及服務,1949856670.0,2024-04-26T16:02:10,地产建筑,地产,物业管理及服务,世茂服务,00873.HK,19.5,ODSH,873,1.94,0.790,1.43,0873.HK,,1000000.0,,+5.33,6.68,+0.040,HKD,世茂服務,B,,5.33,0.790,0.0,0873.HK,物业管理,0.0
00874,白雲山,N,醫療保健,藥品及生物科技,中醫藥,4606905000.0,2024-04-26T16:02:10,医疗保健,药品及生物科技,中医药,白云山,00874.HK,46.1,ODSH,874,4.60,20.950,20.15,0874.HK,,1000000.0,3.84,+0.24,7.81,+0.050,HKD,白雲山,B,,0.24,20.950,0.2,0874.HK,"中医药,医药股,国企改革,民营医院,生物医药,肝炎",0.0014833847109114683
00875,中國金控,N,必需性消費,農產品,農產品相關,834365483.6,2024-04-26T16:02:10,必需性消费,农产品,农产品相关,中国金控,00875.HK,8.3,ODSH,875,838.15,2.210,39.66,0875.HK,,1000.0,,-2.64,17.72,-0.060,HKD,中國金控,M,,-2.64,2.210,0.0,0875.HK,农业现代化,0.0
00876,佳兆業健康,N,醫療保健,醫療保健設備及服務,醫健設備,115969205.602,2024-04-26T16:02:10,医疗保健,医疗保健设备及服务,医健设备,佳兆业健康,00876.HK,1.2,ODSH,876,115.96,0.023,12.78,0876.HK,,1000.0,,0.00,15.33,0.000,HKD,佳兆業健康,M,,0.0,0.023,0.0,0876.HK,电子信息,0.0
00878,金朝陽集團,N,地產建築,地產,地產投資,1977494272.3,2024-04-26T16:02:10,地产建筑,地产,地产投资,金朝阳集团,00878.HK,19.8,ODSH,878,1.97,6.980,10.47,0878.HK,,1000.0,14.33,+0.43,,+0.030,HKD,金朝陽集團,B,,0.43,6.980,0.0,0878.HK,,0.0
00880,澳博控股,N,非必需性消費,旅遊及休閒設施,賭場及博彩,20169127239.44,2024-04-26T16:02:10,非必需性消费,旅游及休闲设施,赌场及博彩,澳博控股,00880.HK,201.7,ODSH,880,20.16,2.840,26.19,0880.HK,,1000000.0,,+1.43,,+0.040,HKD,澳博控股,B,,1.43,2.840,0.3,0880.HK,博彩,0.036615927680800034
00881,中升控股,N,非必需性消費,零售相關,汽車零售,34449051161.72,2024-04-26T16:02:10,非必需性消费,零售相关,汽车零售,中升控股,00881.HK,344.5,ODSH,881,34.63,14.520,62.1,0881.HK,,1000000.0,5.49,+6.61,6.47,+0.900,HKD,中升控股,B,,6.61,14.520,0.6,0881.HK,"MSCI,汽车零售,现代服务业",0.6326733793111489
00882,天津發展,N,綜合企業,綜合企業,綜合企業,1845164615.0,2024-04-26T16:02:10,综合企业,综合企业,综合企业,天津发展,00882.HK,18.5,ODSH,882,1.85,1.730,3.01,0882.HK,,1000000.0,7.08,+1.17,2.92,+0.020,HKD,天津發展,B,,1.17,1.730,0.0,0882.HK,"生物医药,红筹股",0.0
00883,中國海洋石油,N,能源,石油及天然氣,油氣生產商,938016585764.48,2024-04-26T16:02:10,能源,石油及天然气,油气生产商,中国海洋石油,00883.HK,9380.2,ODSH,883,935.16,19.660,3.52,0883.HK,,1000000000.0,6.36,+3.47,7.03,+0.660,HKD,中國海洋石油,B,,3.47,19.660,35.2,0883.HK,"天然气,石油股,红筹股,页岩气",10.14523397400394
00884,旭輝控股集團,N,地產建築,地產,地產發展商,3071972460.56,2024-04-26T16:02:10,地产建筑,地产,地产发展商,旭辉控股集团,00884.HK,30.7,ODSH,884,3.12,0.300,86.94,0884.HK,,1000000.0,,+15.38,,+0.040,HKD,旭輝控股集團,B,,15.38,0.300,0.9,0884.HK,"MSCI,内地房地产",4.467209984461854
00887,英皇鐘錶珠寶,N,非必需性消費,零售相關,其他零售,1172846256.317,2024-04-26T16:02:10,非必需性消费,零售相关,其他零售,英皇钟表珠宝,00887.HK,11.7,ODSH,887,1.17,0.174,97.23,0887.HK,,1000.0,7.59,-0.57,3.95,-0.001,HKD,英皇鐘錶珠寶,B,,-0.57,0.174,0.0,0887.HK,奢侈品股,0.0
00888,貝森金融,N,金融,其他金融,資產管理,52608020.726,2024-04-26T16:02:10,金融,其他金融,资产管理,贝森金融,00888.HK,0.5,ODSH,888,48.34,0.034,95.95,0888.HK,,1000.0,,-15.00,,-0.006,HKD,貝森金融,M,,-15.0,0.034,0.0,0888.HK,文化传媒,0.0
00889,連達科技控股,N,工業,工業工程,工業及設備,96000000.0,2024-04-26T16:02:10,工业,工业工程,工业及设备,连达科技控股,00889.HK,1.0,ODSH,889,96.00,0.300,,0889.HK,,,,0.00,,0.000,HKD,連達科技控股,M,,0.0,0.300,0.0,0889.HK,电子信息,0.0
00893,中國鐵鈦,N,原材料,一般金屬及礦石,鋼鐵,137189940.01,2024-04-26T16:02:10,原材料,一般金属及矿石,钢铁,中国铁钛,00893.HK,1.4,ODSH,893,137.18,0.061,6.38,0893.HK,,1000.0,,+1.67,13.26,+0.001,HKD,中國鐵鈦,M,,1.67,0.061,0.0,0893.HK,"涉矿,铁矿石",0.0
00894,萬裕科技,N,工業,工業工程,工業及設備,161686161.56,2024-04-26T16:02:10,工业,工业工程,工业及设备,万裕科技,00894.HK,1.6,ODSH,894,161.68,0.340,134.97,0894.HK,,1000.0,,+4.62,39.53,+0.015,HKD,萬裕科技,M,,4.62,0.340,0.0,0894.HK,电子信息,0.0
00895,東江環保,N,工業,工業工程,環保工程,346237875.0,2024-04-26T16:02:10,工业,工业工程,环保工程,东江环保,00895.HK,3.5,ODSH,895,346.23,1.730,1.27,0895.HK,,1000000.0,,0.00,,0.000,HKD,東江環保,M,,0.0,1.730,0.0,0895.HK,"环保,生物质能发电,粤港澳,节能环保",0.0
00896,興勝創建,N,地產建築,建築,建築及服務,633114058.84,2024-04-26T16:02:10,地产建筑,建筑,建筑及服务,兴胜创建,00896.HK,6.3,ODSH,896,633.11,0.590,12.98,0896.HK,,1000.0,10.17,-1.67,,-0.010,HKD,興勝創建,M,,-1.67,0.590,0.0,0896.HK,,0.0
00897,位元堂,N,醫療保健,藥品及生物科技,中醫藥,269353664.24,2024-04-26T16:02:10,医疗保健,药品及生物科技,中医药,位元堂,00897.HK,2.7,ODSH,897,269.35,0.230,27.69,0897.HK,,1000.0,,0.00,,0.000,HKD,位元堂,M,,0.0,0.230,0.0,0897.HK,"中医药,生物医药",0.0
00898,萬事昌國際,N,地產建築,地產,地產投資,627055663.5,2024-04-26T16:02:09,地产建筑,地产,地产投资,万事昌国际,00898.HK,6.3,ODSH,898,627.05,0.750,,0898.HK,,,5.33,0.00,3.50,0.000,HKD,萬事昌國際,M,,0.0,0.750,0.0,0898.HK,,0.0
00899,中加國信,N,地產建築,地產,地產發展商,112608336.0,2024-04-26T16:02:11,地产建筑,地产,地产发展商,中加国信,00899.HK,1.1,ODSH,899,112.60,0.120,6.0,0899.HK,,,,0.00,,0.000,HKD,中加國信,M,,0.0,0.120,0.0,0899.HK,涉矿,0.0
00900,Aeon信貸,N,金融,其他金融,信貸,2386963920.0,2024-04-26T16:02:10,金融,其他金融,信贷,Aeon信贷,00900.HK,23.9,ODSH,900,2.38,5.700,79.8,0900.HK,,1000.0,8.42,0.00,6.09,0.000,HKD,AEON CREDIT,B,,0.0,5.700,0.0,0900.HK,小额贷款,0.0
00901,金石投資集團,S,金融,其他金融,資產管理,51941250.816,2024-04-26T16:02:10,金融,其他金融,资产管理,金石投资集团,00901.HK,0.5,ODSH,901,51.94,0.024,,0901.HK,,,,0.00,,0.000,HKD,金石投資集團,M,True,0.0,0.024,0.0,0901.HK,财产管理,0.0
00902,華能國際電力股份,N,公用事業,公用事業,傳統電力,23031878856.0,2024-04-26T16:02:10,公用事业,公用事业,传统电力,华能国际电力股份,00902.HK,230.3,ODSH,902,23.03,4.900,400.13,0902.HK,,1000000.0,4.38,-2.00,13.04,-0.100,HKD,華能國際電力股份,B,,-2.0,4.900,4.0,0902.HK,"国企改革,绿色电力,超超临界发电,钙钛矿电池",0.8033212643386936
00905,胡桃資本,N,金融,其他金融,資產管理,215352681.835,2024-04-26T16:02:10,金融,其他金融,资产管理,胡桃资本,00905.HK,2.2,ODSH,905,215.35,0.205,16.36,0905.HK,,1000.0,,-0.97,,-0.002,HKD,胡桃資本,M,,-0.97,0.205,0.0,0905.HK,财产管理,0.0
00906,中糧包裝,N,工業,工業支援,印刷及包裝,7526739480.0,2024-04-26T16:02:10,工业,工业支援,印刷及包装,中粮包装,00906.HK,75.3,ODSH,906,7.52,6.760,5.45,0906.HK,,1000000.0,1.97,+0.60,14.76,+0.040,HKD,中糧包裝,B,,0.6,6.760,0.1,0906.HK,红筹股,0.0034607930291591076
00907,高雅光學,N,非必需性消費,紡織及服飾,其他服飾配件,80303458.928,2024-04-26T16:02:10,非必需性消费,纺织及服饰,其他服饰配件,高雅光学,00907.HK,0.8,ODSH,907,81.17,0.093,,0907.HK,,,,-1.06,,-0.001,HKD,高雅光學,M,,-1.06,0.093,0.0,0907.HK,,0.0
00909,明源雲,N,資訊科技,軟件服務,系統開發及顧問,4642134652.06,2024-04-26T16:02:10,科技,软件服务,系统开发及顾问,明源云,00909.HK,46.4,ODSH,909,4.62,2.380,19.63,0909.HK,,1000000.0,4.20,+9.17,,+0.200,HKD,明源雲,B,,9.17,2.380,0.2,0909.HK,"SaaS,新IT",0.4620978846874757
00910,中國三迪,N,地產建築,地產,地產發展商,152646226.38,2024-04-26T16:02:10,地产建筑,地产,地产发展商,中国三迪,00910.HK,1.5,ODSH,910,152.64,0.030,20.5,0910.HK,,,,0.00,,0.000,HKD,中國三迪,M,,0.0,0.030,0.0,0910.HK,"节能环保,香港房地产",0.0
00911,前海健康,N,醫療保健,藥品及生物科技,醫藥品,66083550.0,2024-04-26T16:02:10,医疗保健,药品及生物科技,医药品,前海健康,00911.HK,0.7,ODSH,911,66.08,0.039,38.76,0911.HK,,1000.0,,-7.14,,-0.003,HKD,前海健康,M,,-7.14,0.039,0.0,0911.HK,生物医药,0.0
00912,信佳國際,N,非必需性消費,家庭電器及用品,消費電子產品,347443800.0,2024-04-26T16:02:10,非必需性消费,家庭电器及用品,消费电子产品,信佳国际,00912.HK,3.5,ODSH,912,347.44,1.220,82.46,0912.HK,,1000.0,9.02,+0.83,5.81,+0.010,HKD,信佳國際,M,,0.83,1.220,0.0,0912.HK,"消费电子,电子信息",0.0
00913,港灣數字,N,金融,其他金融,資產管理,165897191.2,2024-04-26T16:02:10,金融,其他金融,资产管理,港湾数字,00913.HK,1.7,ODSH,913,165.89,0.590,,0913.HK,,,,-1.67,,-0.010,HKD,港灣數字,M,,-1.67,0.590,0.0,0913.HK,财产管理,0.0
00914,海螺水泥,N,地產建築,建築,建築材料,23106888000.0,2024-04-26T16:02:10,地产建筑,建筑,建筑材料,海螺水泥,00914.HK,231.1,ODSH,914,23.23,17.880,151.39,0914.HK,,1000000.0,5.76,+2.88,8.26,+0.500,HKD,海螺水泥,B,,2.88,17.880,1.5,0914.HK,"国企改革,建材水泥股,碳中和",0.5189081353132915
00915,道和環球,N,工業,工業支援,採購及供應鏈管理,119257823.379,2024-04-26T16:02:10,工业,工业支援,采购及供应链管理,道和环球,00915.HK,1.2,ODSH,915,120.76,0.080,16.01,0915.HK,,1000.0,,+2.56,7.92,+0.002,HKD,道和環球,M,,2.56,0.080,0.0,0915.HK,现代服务业,0.0
00916,龍源電力,N,公用事業,公用事業,潔能,19077821500.0,2024-04-26T16:02:10,公用事业,公用事业,洁能,龙源电力,00916.HK,190.8,ODSH,916,19.01,5.730,401.9,0916.HK,,1000000.0,4.16,-4.02,7.23,-0.240,HKD,龍源電力,B,,-4.02,5.730,4.0,0916.HK,"国企改革,新经济,碳中和,绿色电力,风电",2.3080911412102982
00918,國能國際資產,N,非必需性消費,紡織及服飾,服裝,568175271.09,2024-04-26T16:02:10,非必需性消费,纺织及服饰,服装,国能国际资产,00918.HK,5.7,ODSH,918,568.17,0.510,86.56,0918.HK,,1000.0,,0.00,,0.000,HKD,國能國際資產,M,,0.0,0.510,0.0,0918.HK,品牌服饰,0.0
00919,現代健康科技,N,醫療保健,醫療保健設備及服務,醫療及醫學美容服務,78690102.954,2024-04-26T16:02:10,医疗保健,医疗保健设备及服务,医疗及医学美容服务,现代健康科技,00919.HK,0.8,ODSH,919,79.59,0.088,352.0,0919.HK,,,,+3.53,,+0.003,HKD,現代健康科技,M,,3.53,0.088,0.0,0919.HK,"健康产业,化妆美容股",0.0
00921,海信家電,N,非必需性消費,家庭電器及用品,家庭電器,14224304557.6,2024-04-26T16:02:09,非必需性消费,家庭电器及用品,家庭电器,海信家电,00921.HK,142.2,ODSH,921,14.17,30.850,89.81,0921.HK,,1000000.0,3.51,+3.52,13.87,+1.050,HKD,海信家電,B,,3.52,30.850,0.9,0921.HK,"国企改革,家用电器,汽车热管理,知名公司",0.45047490720352945
00922,安賢園中國,N,非必需性消費,支援服務,其他支援服務,366524919.75,2024-04-26T16:02:10,非必需性消费,支援服务,其他支援服务,安贤园中国,00922.HK,3.7,ODSH,922,366.52,0.165,428.45,0922.HK,,1000.0,13.94,+3.13,3.50,+0.005,HKD,安賢園中國,M,,3.13,0.165,0.0,0922.HK,殡葬,0.0
00923,綜合環保集團,N,原材料,其他原材料,紙品相關,130221243.0,2024-04-26T16:02:10,原材料,其他原材料,纸品相关,综合环保集团,00923.HK,1.3,ODSH,923,135.04,0.028,17.57,0923.HK,,1000.0,,+12.00,,+0.003,HKD,綜合環保集團,M,,12.0,0.028,0.0,0923.HK,节能环保,0.0
00924,坤集團,N,地產建築,建築,建築及服務,700000000.0,2024-04-26T16:02:09,地产建筑,建筑,建筑及服务,坤集团,00924.HK,7.0,ODSH,924,700.00,0.700,,0924.HK,,,,-9.09,,-0.070,HKD,坤集團,M,,-9.09,0.700,0.0,0924.HK,,0.0
00925,北京建設,N,工業,工業運輸,航空貨運及物流,188171955.36,2024-04-26T16:02:09,工业,工业运输,航空货运及物流,北京建设,00925.HK,1.9,ODSH,925,188.17,0.027,244.1,0925.HK,,1000.0,,-6.90,,-0.002,HKD,北京建設,M,,-6.9,0.027,0.0,0925.HK,"内地房地产,物流,红筹股",0.0
00926,碧生源,N,必需性消費,農產品,農產品相關,458495943.75,2024-04-26T16:02:10,必需性消费,农产品,农产品相关,碧生源,00926.HK,4.6,ODSH,926,458.49,3.750,,0926.HK,,,,0.00,,0.000,HKD,碧生源,M,,0.0,3.750,0.0,0926.HK,健康产业,0.0
00927,富士高實業,N,非必需性消費,家庭電器及用品,消費電子產品,315120860.0,2024-04-26T16:02:10,非必需性消费,家庭电器及用品,消费电子产品,富士高实业,00927.HK,3.2,ODSH,927,315.12,0.740,,0927.HK,,,10.81,0.00,12.80,0.000,HKD,富士高實業,M,,0.0,0.740,0.0,0927.HK,"消费电子,电子信息",0.0
00928,帝王國際投資,N,醫療保健,藥品及生物科技,生物技術,142482729.62,2024-04-26T16:02:11,医疗保健,药品及生物科技,生物技术,帝王国际投资,00928.HK,1.4,ODSH,928,140.63,0.076,35.72,0928.HK,,1000.0,,+8.57,,+0.006,HKD,帝王國際投資,M,,8.57,0.076,0.0,0928.HK,品牌服饰,0.0
00929,國際精密,N,非必需性消費,汽車,汽車零件,510343255.475,2024-04-26T16:02:10,非必需性消费,汽车,汽车零件,国际精密,00929.HK,5.1,ODSH,929,510.34,0.485,,0929.HK,,,,0.00,89.81,0.000,HKD,國際精密,M,,0.0,0.485,0.0,0929.HK,汽车制造,0.0
00931,中國港能,N,公用事業,公用事業,潔能,2659478077.35,2024-04-26T16:02:09,公用事业,公用事业,洁能,中国港能,00931.HK,26.6,ODSH,931,2.71,0.455,783.46,0931.HK,,1000.0,,+1.11,,+0.005,HKD,中國港能,B,,1.11,0.455,0.0,0931.HK,天然气,0.0
00932,順騰國際控股,N,醫療保健,藥品及生物科技,醫藥品,136747311.36,2024-04-26T16:02:10,医疗保健,药品及生物科技,医药品,顺腾国际控股,00932.HK,1.4,ODSH,932,136.74,0.044,8.26,0932.HK,,1000.0,,-2.22,3.33,-0.001,HKD,順騰國際控股,M,,-2.22,0.044,0.0,0932.HK,健康产业,0.0
00933,非凡領越,N,非必需性消費,紡織及服飾,鞋履,6902816476.17,2024-04-26T16:02:10,非必需性消费,纺织及服饰,鞋履,非凡领越,00933.HK,69.0,ODSH,933,6.80,0.700,4.69,0933.HK,,1000000.0,1.14,-2.78,,-0.020,HKD,非凡領越,B,,-2.78,0.700,0.0,0933.HK,体育,0.0
00934,中石化冠德,N,能源,石油及天然氣,油氣設備與服務,9671162400.0,2024-04-26T16:02:09,能源,石油及天然气,油气设备与服务,中石化冠德,00934.HK,96.7,ODSH,934,9.67,3.890,7.34,0934.HK,,1000000.0,6.43,-1.02,7.45,-0.040,HKD,中石化冠德,B,,-1.02,3.890,0.1,0934.HK,"物流,红筹股,页岩气",0.00803571330421605
00936,佳兆業資本,N,工業,工業工程,重型機械,210940000.0,2024-04-26T16:02:10,工业,工业工程,重型机械,佳兆业资本,00936.HK,2.1,ODSH,936,210.94,0.199,,0936.HK,,,,0.00,39.02,0.000,HKD,佳兆業資本,M,,0.0,0.199,0.0,0936.HK,"融资租赁,重型机械股",0.0
00938,民生國際,N,地產建築,地產,地產發展商,576006749.55,2024-04-26T16:02:11,地产建筑,地产,地产发展商,民生国际,00938.HK,5.8,ODSH,938,582.47,0.900,,0938.HK,,,,0.00,,0.000,HKD,民生國際,M,,0.0,0.900,0.0,0938.HK,"物业投资,香港房地产",0.0
00939,建設銀行,N,金融,銀行,銀行,1194874079803.6,2024-04-26T16:02:09,金融,银行,银行,建设银行,00939.HK,11948.7,ODSH,939,"1,194.87",4.970,1.93,0939.HK,,1000000000.0,8.61,-0.40,3.55,-0.020,HKD,建設銀行,B,,-0.4,4.970,19.3,0939.HK,"内银股,国企改革,知名公司,财产管理",0.1688363490732433
00941,中國移動,N,電訊,電訊,電訊服務,1518292913157.9,2024-04-26T16:02:10,科技,电讯,电讯服务,中国移动,00941.HK,15182.9,ODSH,941,"1,520.43",71.050,1.67,0941.HK,,1000000000.0,6.80,+0.35,10.73,+0.250,HKD,中國移動,B,,0.35,71.050,16.7,0941.HK,"5G,CDR,F5G,人工智能,华为,富士康,数据中心,新经济,电信股,知名公司,移动互联网,红筹股",0.11246709973089641
00943,中證國際,N,非必需性消費,家庭電器及用品,家具,128244840.1,2024-04-26T16:02:09,非必需性消费,家庭电器及用品,家具,中证国际,00943.HK,1.3,ODSH,943,128.24,0.010,560.0,0943.HK,,,,0.00,1.56,0.000,HKD,中證國際,M,,0.0,0.010,0.0,0943.HK,"健康产业,家具",0.0
00945,宏利金融-S,N,金融,保險,保險,329066124697.8,2024-04-26T16:02:10,金融,保险,保险,宏利金融-S,00945.HK,3290.7,ODSH,945,329.06,182.700,5.13,0945.HK,,1000000.0,4.70,+0.11,12.27,+0.200,HKD,宏利金融—Ｓ,B,,0.11,182.700,0.1,0945.HK,"保险,外国公司,高股息",9.089241794429218e-05
00947,摩比發展,N,資訊科技,資訊科技器材,電訊設備,117652507.724,2024-04-26T16:02:10,科技,资讯科技器材,电讯设备,摩比发展,00947.HK,1.2,ODSH,947,117.65,0.146,592.0,0947.HK,,,,+0.69,,+0.001,HKD,摩比發展,M,,0.69,0.146,0.0,0947.HK,"5G,华为,电子信息,电讯设备",0.0
00948,阿爾法企業,N,必需性消費,食品飲料,乳製品,97798507.24,2024-04-26T16:02:10,必需性消费,食品饮料,乳制品,阿尔法企业,00948.HK,1.0,ODSH,948,97.79,0.280,5.59,0948.HK,,1000.0,,0.00,73.68,0.000,HKD,阿爾法企業,M,,0.0,0.280,0.0,0948.HK,电子信息,0.0
00950,李氏大藥廠,N,醫療保健,藥品及生物科技,醫藥品,641830523.87,2024-04-26T16:02:09,医疗保健,药品及生物科技,医药品,李氏大药厂,00950.HK,6.4,ODSH,950,635.94,1.080,399.65,0950.HK,,1000.0,1.67,-0.92,38.03,-0.010,HKD,李氏大藥廠,M,,-0.92,1.080,0.0,0950.HK,"抗癌,生物医药",0.0
00951,超威動力,N,工業,工業工程,能源儲存相關,1534736500.81,2024-04-26T16:02:10,工业,工业工程,能源储存相关,超威动力,00951.HK,15.3,ODSH,951,1.52,1.380,779.26,0951.HK,,1000.0,3.84,-0.72,4.09,-0.010,HKD,超威動力,B,,-0.72,1.380,0.0,0951.HK,"燃料电池,碳中和,锂电池",0.0
00952,華富建業金融,N,金融,其他金融,證券及經紀,1425321320.6,2024-04-26T16:02:09,金融,其他金融,证券及经纪,华富建业金融,00952.HK,14.3,ODSH,952,1.42,0.230,,0952.HK,,,4.78,0.00,11.86,0.000,HKD,華富建業金融,B,,0.0,0.230,0.0,0952.HK,财产管理,0.0
00953,邵氏兄弟控股,N,非必需性消費,媒體及娛樂,影視娛樂,141961000.0,2024-04-26T16:02:10,非必需性消费,媒体及娱乐,影视娱乐,邵氏兄弟控股,00953.HK,1.4,ODSH,953,141.96,0.100,119.78,0953.HK,,1000.0,,-0.99,,-0.001,HKD,邵氏兄弟控股,M,,-0.99,0.100,0.0,0953.HK,体育,0.0
00954,常茂生物,N,必需性消費,食品飲料,食品添加劑,73480000.0,2024-04-26T16:02:10,必需性消费,食品饮料,食品添加剂,常茂生物,00954.HK,0.7,ODSH,954,73.48,0.400,11.24,0954.HK,,1000.0,,-2.44,,-0.010,HKD,常茂生物,M,,-2.44,0.400,0.0,0954.HK,"健康产业,国企改革,食品添加剂",0.0
00956,新天綠色能源,N,公用事業,公用事業,燃氣,5921594155.12,2024-04-26T16:02:09,公用事业,公用事业,燃气,新天绿色能源,00956.HK,59.2,ODSH,956,5.93,3.230,41.62,0956.HK,,1000000.0,7.10,+0.31,5.91,+0.010,HKD,新天綠色能源,B,,0.31,3.230,0.4,0956.HK,"国企改革,氢能源,碳中和,雄安股,风电",0.00451098841318136
00959,世紀娛樂國際,N,非必需性消費,旅遊及休閒設施,賭場及博彩,27957968.298,2024-04-26T16:02:10,非必需性消费,旅游及休闲设施,赌场及博彩,世纪娱乐国际,00959.HK,0.3,ODSH,959,27.18,0.212,34.43,0959.HK,,1000.0,,+1.44,,+0.003,HKD,世紀娛樂國際,M,,1.44,0.212,0.0,0959.HK,博彩,0.0
00960,龍湖集團,N,地產建築,地產,地產發展商,74169462166.24,2024-04-26T16:02:09,地产建筑,地产,地产发展商,龙湖集团,00960.HK,741.7,ODSH,960,74.57,11.020,738.94,0960.HK,,1000000.0,5.44,+12.45,4.97,+1.220,HKD,龍湖集團,B,,12.45,11.020,7.4,0960.HK,"养老,内地房地产,知名公司,租售同权",16.344332401722614
00966,中國太平,N,金融,保險,保險,25948813844.36,2024-04-26T16:02:09,金融,保险,保险,中国太平,00966.HK,259.5,ODSH,966,26.05,7.250,59.0,0966.HK,,1000000.0,4.14,+2.98,4.85,+0.210,HKD,中國太平,B,,2.98,7.250,0.6,0966.HK,"保险,内险股,红筹股",0.2143619619220012
00968,信義光能,N,工業,工業工程,新能源材料,47044213064.64,2024-04-26T16:02:09,工业,工业工程,新能源材料,信义光能,00968.HK,470.4,ODSH,968,47.31,5.310,175.97,0968.HK,,1000000.0,4.24,+1.53,11.29,+0.080,HKD,信義光能,B,,1.53,5.310,1.8,0968.HK,"MSCI,光伏太阳能,太阳能,新经济",0.2154425579065132
00969,華聯國際,N,必需性消費,農產品,農產品相關,319912280.0,2024-04-26T16:02:09,必需性消费,农产品,农产品相关,华联国际,00969.HK,3.2,ODSH,969,319.91,0.146,,0969.HK,,,,-11.52,,-0.019,HKD,華聯國際,M,,-11.52,0.146,0.0,0969.HK,"农业现代化,红筹股",0.0
00970,新耀萊,S,非必需性消費,零售相關,汽車零售,512358717.0,2024-04-26T16:02:10,非必需性消费,零售相关,汽车零售,新耀莱,00970.HK,5.1,ODSH,970,512.35,1.300,,0970.HK,,,,0.00,,0.000,HKD,新耀萊,M,True,0.0,1.300,0.0,0970.HK,汽车零售,0.0
00973,L''OCCITANE,S,非必需性消費,零售相關,其他零售,43570464284.5,2024-04-26T16:02:09,非必需性消费,零售相关,其他零售,L''OCCITANE,00973.HK,435.7,ODSH,973,43.57,29.500,,0973.HK,,,0.87,0.00,44.76,0.000,HKD,L'OCCITANE,B,True,0.0,29.500,0.0,0973.HK,"健康产业,化妆美容股,外国公司,知名公司",0.0
00974,中國順客隆,N,非必需性消費,零售相關,多元化零售,400830660.0,2024-04-26T16:02:11,非必需性消费,零售相关,多元化零售,中国顺客隆,00974.HK,4.0,ODSH,974,400.83,1.380,4.34,0974.HK,,1000.0,,0.00,,0.000,HKD,中國順客隆,M,,0.0,1.380,0.0,0974.HK,,0.0
00975,MONGOL MINING,N,能源,煤炭,煤炭,10862608110.12,2024-04-26T16:02:11,能源,煤炭,煤炭,MONGOL MINING,00975.HK,108.6,ODSH,975,11.00,10.560,61.1,0975.HK,,1000000.0,,+6.45,6.17,+0.640,HKD,MONGOL MINING,B,,6.45,10.560,0.6,0975.HK,"meitanhk,外国公司,煤化工",0.735145602906202
00976,齊合環保,N,原材料,一般金屬及礦石,銅,834679191.32,2024-04-26T16:02:10,原材料,一般金属及矿石,铜,齐合环保,00976.HK,8.3,ODSH,976,850.73,0.530,1.16,0976.HK,,1000000.0,,0.00,,0.000,HKD,齊合環保,M,,0.0,0.530,0.0,0976.HK,"环保,节能环保,铜",0.0
00978,招商局置地,N,地產建築,地產,地產發展商,1397998490.1,2024-04-26T16:02:10,地产建筑,地产,地产发展商,招商局置地,00978.HK,14.0,ODSH,978,1.39,0.285,283.64,0978.HK,,1000.0,4.21,+3.64,9.73,+0.010,HKD,招商局置地,B,,3.64,0.285,0.0,0978.HK,"国企改革,智能穿戴,红筹股,香港房地产",0.0
00979,綠色能源科技集團,N,工業,工業工程,新能源材料,264480094.32,2024-04-26T16:02:10,工业,工业工程,新能源材料,绿色能源科技集团,00979.HK,2.6,ODSH,979,264.48,0.195,5.09,0979.HK,,1000.0,,-14.85,,-0.034,HKD,綠色能源科技集團,M,,-14.85,0.195,0.0,0979.HK,节能环保,0.0
00980,聯華超市,N,必需性消費,消費零售,超市及便利店,71539200.0,2024-04-26T16:02:10,必需性消费,消费零售,超市及便利店,联华超市,00980.HK,0.7,ODSH,980,71.53,0.192,,0980.HK,,,,+1.05,,+0.002,HKD,聯華超市,M,,1.05,0.192,0.0,0980.HK,"国企改革,电子商务,知名公司,阿里巴巴",0.0
00981,中芯國際,N,資訊科技,半導體,半導體供應,123734547241.0,2024-04-26T16:02:10,科技,半导体,半导体供应,中芯国际,00981.HK,1237.3,ODSH,981,123.77,15.560,575.94,0981.HK,,1000000.0,,+3.05,17.54,+0.460,HKD,中芯國際,B,,3.05,15.560,5.8,0981.HK,"新IT,新经济,物联网,电子信息,知名公司,紫光系,红筹股,芯片替代,高校",1.7321627306199046
00982,華發物業服務,N,地產建築,地產,物業管理及服務,1629869040.0,2024-04-26T16:02:10,地产建筑,地产,物业管理及服务,华发物业服务,00982.HK,16.3,ODSH,982,1.62,0.162,501.86,0982.HK,,1000.0,,+1.25,6.09,+0.002,HKD,華發物業服務,B,,1.25,0.162,0.0,0982.HK,"物业管理,现代服务业",0.0
00983,瑞安建業,N,地產建築,建築,建築及服務,194140005.28,2024-04-26T16:02:10,地产建筑,建筑,建筑及服务,瑞安建业,00983.HK,1.9,ODSH,983,194.14,0.520,,0983.HK,,,,0.00,,0.000,HKD,瑞安建業,M,,0.0,0.520,0.0,0983.HK,,0.0
00984,永旺,N,必需性消費,消費零售,超市及便利店,140400000.0,2024-04-26T16:02:10,必需性消费,消费零售,超市及便利店,永旺,00984.HK,1.4,ODSH,984,140.40,0.540,26.45,0984.HK,,1000.0,3.70,-1.82,,-0.010,HKD,永旺,M,,-1.82,0.540,0.0,0984.HK,"电子商务,零售股",0.0
00986,中國環保能源,N,非必需性消費,紡織及服飾,珠寶鐘錶,56967042.0,2024-04-26T16:02:10,非必需性消费,纺织及服饰,珠宝钟表,中国环保能源,00986.HK,0.6,ODSH,986,54.37,0.042,4.28,0986.HK,,1000.0,,-4.55,,-0.002,HKD,中國環保能源,M,,-4.55,0.042,0.0,0986.HK,电子信息,0.0
00987,中國再生能源投資,N,公用事業,公用事業,潔能,310763525.536,2024-04-26T16:02:10,公用事业,公用事业,洁能,中国再生能源投资,00987.HK,3.1,ODSH,987,310.76,0.124,206.51,0987.HK,,1000.0,4.03,0.00,13.33,0.000,HKD,中國再生能源投資,M,,0.0,0.124,0.0,0987.HK,节能环保,0.0
00989,華音國際控股,S,地產建築,地產,地產發展商,302552829.936,2024-04-26T16:02:10,地产建筑,地产,地产发展商,华音国际控股,00989.HK,3.0,ODSH,989,302.55,0.042,,0989.HK,,,,0.00,0.76,0.000,HKD,華音國際控股,M,True,0.0,0.042,0.0,0989.HK,香港房地产,0.0
00990,榮暉國際,N,原材料,其他原材料,特殊化工用品,7813379885.98,2024-04-26T16:02:09,原材料,其他原材料,特殊化工用品,荣晖国际,00990.HK,78.1,ODSH,990,7.81,0.580,4.83,0990.HK,,1000000.0,3.45,+1.75,6.51,+0.010,HKD,榮暉國際,B,,1.75,0.580,0.0,0990.HK,"台资企业,品牌服饰",0.0
00991,大唐發電,N,公用事業,公用事業,傳統電力,9288144524.96,2024-04-26T16:02:10,公用事业,公用事业,传统电力,大唐发电,00991.HK,92.9,ODSH,991,9.22,1.510,51.47,0991.HK,,1000000.0,0.54,-1.31,,-0.020,HKD,大唐發電,B,,-1.31,1.510,0.5,0991.HK,"MSCI,国企改革,核电,绿色电力",0.060511138331692645
00992,聯想集團,N,資訊科技,資訊科技器材,電腦及周邊,111890026904.04,2024-04-26T16:02:09,科技,资讯科技器材,电脑及周边,联想集团,00992.HK,1118.9,ODSH,992,111.89,9.020,401.9,0992.HK,,1000000.0,4.21,+2.27,8.56,+0.200,HKD,聯想集團,B,,2.27,9.020,4.0,0992.HK,"5G,人工智能,数据中心,新IT,新经济,智能穿戴,知名公司,红筹股,芯片替代",0.7813722395839122
00993,華融金控,N,金融,其他金融,資產管理,461608058.583,2024-04-26T16:02:10,金融,其他金融,资产管理,华融金控,00993.HK,4.6,ODSH,993,461.60,0.053,7.7,0993.HK,,1000.0,,0.00,,0.000,HKD,華融金控,M,,0.0,0.053,0.0,0993.HK,财产管理,0.0
00994,中天順聯,N,地產建築,建築,建築及服務,208801350.0,2024-04-26T16:02:10,地产建筑,建筑,建筑及服务,中天顺联,00994.HK,2.1,ODSH,994,208.80,0.225,82.56,0994.HK,,1000.0,,-1.32,,-0.003,HKD,中天順聯,M,,-1.32,0.225,0.0,0994.HK,,0.0
00995,安徽皖通高速公路,N,工業,工業運輸,鐵路及公路,4402579300.0,2024-04-26T16:02:10,工业,工业运输,铁路及公路,安徽皖通高速公路,00995.HK,44.0,ODSH,995,4.39,8.920,31.51,0995.HK,,1000000.0,7.21,-2.51,8.34,-0.230,HKD,安徽皖通高速公路,B,,-2.51,8.920,0.3,0995.HK,国企改革,0.11362852105932955
00997,普匯中金國際,N,地產建築,地產,地產投資,39755783.568,2024-04-26T16:02:10,地产建筑,地产,地产投资,普汇中金国际,00997.HK,0.4,ODSH,997,39.75,0.034,5.15,0997.HK,,1000.0,,0.00,,0.000,HKD,普匯中金國際,M,,0.0,0.034,0.0,0997.HK,,0.0
00998,中信銀行,N,金融,銀行,銀行,65481517098.8,2024-04-26T16:02:09,金融,银行,银行,中信银行,00998.HK,654.8,ODSH,998,65.48,4.400,216.16,0998.HK,,1000000.0,8.69,-0.45,3.23,-0.020,HKD,中信銀行,B,,-0.45,4.400,2.2,0998.HK,"中信系,内银股,国企改革,知名公司",0.03289893014171797
01000,北青傳媒,N,非必需性消費,媒體及娛樂,出版,21411390.0,2024-04-26T16:02:10,非必需性消费,媒体及娱乐,出版,北青传媒,01000.HK,0.2,ODSH,1000,21.41,0.390,,1000.HK,,,,0.00,,0.000,HKD,北青傳媒,M,,0.0,0.390,0.0,1000.HK,"国企改革,文化传媒",0.0
01001,滬港聯合,N,原材料,一般金屬及礦石,鋼鐵,156458057.175,2024-04-26T16:02:09,原材料,一般金属及矿石,钢铁,沪港联合,01001.HK,1.6,ODSH,1001,156.45,0.245,,1001.HK,,,12.24,0.00,1.89,0.000,HKD,滬港聯合,M,,0.0,0.245,0.0,1001.HK,铁矿石,0.0
01002,威鋮國際,N,工業,工業工程,工業及設備,191523609.129,2024-04-26T16:02:10,工业,工业工程,工业及设备,威铖国际,01002.HK,1.9,ODSH,1002,191.52,0.083,24.22,1002.HK,,1000.0,,-4.60,,-0.004,HKD,威鋮國際,M,,-4.6,0.083,0.0,1002.HK,电子信息,0.0
01003,歡喜傳媒,N,非必需性消費,媒體及娛樂,影視娛樂,2011059799.1,2024-04-26T16:02:10,非必需性消费,媒体及娱乐,影视娱乐,欢喜传媒,01003.HK,20.1,ODSH,1003,2.04,0.560,3.78,1003.HK,,1000000.0,,+1.82,12.87,+0.010,HKD,歡喜傳媒,B,,1.82,0.560,0.0,1003.HK,"影视娱乐,抖音,电影",0.0
01004,中國智慧能源,S,公用事業,公用事業,潔能,140615270.4,2024-04-26T16:02:09,公用事业,公用事业,洁能,中国智慧能源,01004.HK,1.4,ODSH,1004,140.61,0.015,,1004.HK,,,,0.00,,0.000,HKD,中國智慧能源,M,True,0.0,0.015,0.0,1004.HK,节能环保,0.0
01005,美力時集團,S,非必需性消費,家庭電器及用品,玩具及消閒用品,597400617.27,2024-04-26T16:02:10,非必需性消费,家庭电器及用品,玩具及消闲用品,美力时集团,01005.HK,6.0,ODSH,1005,597.40,0.790,,1005.HK,,,12.66,0.00,96.34,0.000,HKD,MATRIX HOLDINGS,M,True,0.0,0.790,0.0,1005.HK,"婴童,玩具及消闲用品",0.0
01007,龍輝國際控股,N,非必需性消費,旅遊及休閒設施,餐飲,112748967.69,2024-04-26T16:02:09,非必需性消费,旅游及休闲设施,餐饮,龙辉国际控股,01007.HK,1.1,ODSH,1007,112.74,1.070,1.45,1007.HK,,1000000.0,,-6.14,,-0.070,HKD,龍輝國際控股,M,,-6.14,1.070,0.0,1007.HK,"乳业,餐饮连锁",0.0
01008,力圖控股,N,工業,工業支援,印刷及包裝,227343271.93,2024-04-26T16:02:10,工业,工业支援,印刷及包装,力图控股,01008.HK,2.3,ODSH,1008,227.34,0.145,192.12,1008.HK,,1000.0,,-20.77,,-0.038,HKD,力圖控股,M,,-20.77,0.145,0.0,1008.HK,,0.0
01009,國際娛樂,N,非必需性消費,旅遊及休閒設施,賭場及博彩,944718492.15,2024-04-26T16:02:10,非必需性消费,旅游及休闲设施,赌场及博彩,国际娱乐,01009.HK,9.4,ODSH,1009,944.71,0.690,13.8,1009.HK,,1000.0,,-1.43,51.49,-0.010,HKD,國際娛樂,M,,-1.43,0.690,0.0,1009.HK,互联网+,0.0
01010,天璽曜11,N,工業,工業工程,商用車及貨車,222147085.0,2024-04-26T16:02:10,工业,工业工程,商用车及货车,天玺曜11,01010.HK,2.2,ODSH,1010,222.14,0.500,1.32,1010.HK,,1000000.0,,0.00,,0.000,HKD,天璽曜１１,M,,0.0,0.500,0.0,1010.HK,"芯片替代,集成电路",0.0
01011,泰凌醫藥,N,醫療保健,藥品及生物科技,醫藥品,63381481.512,2024-04-26T16:02:09,医疗保健,药品及生物科技,医药品,泰凌医药,01011.HK,0.6,ODSH,1011,66.02,0.025,64.47,1011.HK,,1000.0,,0.00,,0.000,HKD,泰凌醫藥,M,,0.0,0.025,0.0,1011.HK,"创新药,抗癌,生物医药",0.0
01013,偉俊集團控股,N,資訊科技,資訊科技器材,電訊設備,45456220.27,2024-04-26T16:02:10,科技,资讯科技器材,电讯设备,伟俊集团控股,01013.HK,0.5,ODSH,1013,45.45,0.170,,1013.HK,,,,0.00,,0.000,HKD,偉俊集團控股,M,,0.0,0.170,0.0,1013.HK,"现代服务业,电讯设备",0.0
01020,賽伯樂國際控股,N,資訊科技,軟件服務,電商及互聯網服務,333937632.42,2024-04-26T16:02:09,科技,软件服务,电商及互联网服务,赛伯乐国际控股,01020.HK,3.3,ODSH,1020,333.93,0.084,,1020.HK,,,,-1.18,,-0.001,HKD,賽伯樂國際控股,M,,-1.18,0.084,0.0,1020.HK,,0.0
01022,飛魚科技,N,資訊科技,軟件服務,綫上遊戲,398872790.136,2024-04-26T16:02:10,科技,软件服务,线上游戏,飞鱼科技,01022.HK,4.0,ODSH,1022,398.87,0.228,375.52,1022.HK,,1000.0,,+6.05,7.08,+0.013,HKD,飛魚科技,M,,6.05,0.228,0.0,1022.HK,"手机游戏,网络游戏",0.0
01023,時代集團控股,N,非必需性消費,紡織及服飾,其他服飾配件,482715000.0,2024-04-26T16:02:09,非必需性消费,纺织及服饰,其他服饰配件,时代集团控股,01023.HK,4.8,ODSH,1023,482.71,0.500,240.6,1023.HK,,1000.0,18.00,0.00,2.38,0.000,HKD,時代集團控股,M,,0.0,0.500,0.0,1023.HK,,0.0
01024,快手-W,N,資訊科技,軟件服務,,244999244284.8,2024-04-26T16:02:11,科技,软件服务,软件开发,快手-W,01024.HK,2450.0,ODSH,1024,246.73,56.800,2.41,1024.HK,,1000000000.0,,+7.58,35.67,+4.000,HKD,快手－Ｗ,B,,7.58,56.800,24.1,1024.HK,"互联网出海,元宇宙,同股不同权,知名公司,短视频,网络直播",23.796631458273733
01025,嘉藝控股,N,非必需性消費,紡織及服飾,服裝,57285417.276,2024-04-26T16:02:11,非必需性消费,纺织及服饰,服装,嘉艺控股,01025.HK,0.6,ODSH,1025,56.44,0.067,1.36,1025.HK,,1000000.0,,-4.29,,-0.003,HKD,嘉藝控股,M,,-4.29,0.067,0.0,1025.HK,,0.0
01026,環球實業科技,N,公用事業,公用事業,水務,556813000.0,2024-04-26T16:02:10,公用事业,公用事业,水务,环球实业科技,01026.HK,5.6,ODSH,1026,556.81,0.101,,1026.HK,,,,0.00,,0.000,HKD,環球實業科技,M,,0.0,0.101,0.0,1026.HK,移动支付,0.0
01027,中國集成控股,N,非必需性消費,家庭電器及用品,家具,391922500.0,2024-04-26T16:02:10,非必需性消费,家庭电器及用品,家具,中国集成控股,01027.HK,3.9,ODSH,1027,391.92,0.950,87.5,1027.HK,,1000.0,,-3.06,,-0.030,HKD,中國集成控股,M,,-3.06,0.950,0.0,1027.HK,家具,0.0
01028,千百度,N,非必需性消費,紡織及服飾,鞋履,415400000.0,2024-04-26T16:02:09,非必需性消费,纺织及服饰,鞋履,千百度,01028.HK,4.2,ODSH,1028,415.40,0.200,299.75,1028.HK,,1000.0,,-9.50,18.69,-0.021,HKD,千百度,M,,-9.5,0.200,0.0,1028.HK,品牌服饰,0.0
01029,鐵貨,N,原材料,一般金屬及礦石,鋼鐵,1150153729.695,2024-04-26T16:02:10,原材料,一般金属及矿石,钢铁,铁货,01029.HK,11.5,ODSH,1029,1.15,0.135,305.64,1029.HK,,1000.0,,+1.50,,+0.002,HKD,鐵貨,B,,1.5,0.135,0.0,1029.HK,"涉矿,铁矿石",0.0
01030,新城發展,N,地產建築,地產,地產發展商,8620204655.62,2024-04-26T16:02:09,地产建筑,地产,地产发展商,新城发展,01030.HK,86.2,ODSH,1030,8.54,1.210,282.76,1030.HK,,1000000.0,,+8.04,9.06,+0.090,HKD,新城發展,B,,8.04,1.210,2.8,1030.HK,"MSCI,内地房地产",4.819649152880802
01033,中石化油服,N,能源,石油及天然氣,油氣設備與服務,2815779970.64,2024-04-26T16:02:10,能源,石油及天然气,油气设备与服务,中石化油服,01033.HK,28.2,ODSH,1033,2.81,0.520,4.38,1033.HK,,1000000.0,,0.00,16.00,0.000,HKD,中石化油服,B,,0.0,0.520,0.0,1033.HK,"国企改革,石化股,石油股",0.0
01034,富匯國際集團控股,S,地產建築,建築,重型基建,240000000.0,2024-04-26T16:02:10,地产建筑,建筑,重型基建,富汇国际集团控股,01034.HK,2.4,ODSH,1034,240.00,0.150,,1034.HK,,,,0.00,3.34,0.000,HKD,富匯國際集團控股,M,True,0.0,0.150,0.0,1034.HK,基础建设,0.0
01036,萬科海外,N,地產建築,地產,地產投資,506386311.6,2024-04-26T16:02:10,地产建筑,地产,地产投资,万科海外,01036.HK,5.1,ODSH,1036,506.38,1.300,1.3,1036.HK,,1000.0,4.62,+7.44,18.28,+0.090,HKD,萬科海外,M,,7.44,1.300,0.0,1036.HK,物业投资,0.0
01037,雲智匯科技,N,資訊科技,軟件服務,系統開發及顧問,189416730.96,2024-04-26T16:02:10,科技,软件服务,系统开发及顾问,云智汇科技,01037.HK,1.9,ODSH,1037,192.92,0.275,5.75,1037.HK,,1000.0,,+1.85,,+0.005,HKD,雲智匯科技,M,,1.85,0.275,0.0,1037.HK,"富士康,电子信息",0.0
01038,長江基建集團,N,公用事業,公用事業,傳統電力,113004550883.25,2024-04-26T16:02:10,公用事业,公用事业,传统电力,长江基建集团,01038.HK,1130.0,ODSH,1038,113.25,44.950,78.21,1038.HK,,1000000.0,5.70,+0.67,14.11,+0.300,HKD,長江基建集團,B,,0.67,44.950,0.8,1038.HK,"知名公司,长和系",0.022204625952015257
01039,暢由聯盟,N,資訊科技,軟件服務,電商及互聯網服務,242667738.448,2024-04-26T16:02:09,科技,软件服务,电商及互联网服务,畅由联盟,01039.HK,2.4,ODSH,1039,249.91,0.138,173.87,1039.HK,,1000.0,,-13.75,,-0.022,HKD,暢由聯盟,M,,-13.75,0.138,0.0,1039.HK,汽车制造,0.0
01044,恒安國際,N,必需性消費,消費零售,個人護理,30447568025.4,2024-04-26T16:02:10,必需性消费,消费零售,个人护理,恒安国际,01044.HK,304.5,ODSH,1044,30.56,26.300,36.78,1044.HK,,1000000.0,5.83,+2.73,10.14,+0.700,HKD,恒安國際,B,,2.73,26.300,0.4,1044.HK,"三胎,婴童",0.12268142605924845
01045,亞太衛星,N,電訊,電訊,衛星及無綫通訊,2042859500.0,2024-04-26T16:02:10,科技,电讯,卫星及无线通讯,亚太卫星,01045.HK,20.4,ODSH,1045,2.04,2.200,553.36,1045.HK,,1000.0,8.86,+0.92,8.60,+0.020,HKD,亞太衛星,B,,0.92,2.200,0.0,1045.HK,"军工股,卫星导航,红筹股",0.0
01046,寰宇娛樂文化,N,非必需性消費,媒體及娛樂,影視娛樂,480515106.28,2024-04-26T16:02:09,非必需性消费,媒体及娱乐,影视娱乐,寰宇娱乐文化,01046.HK,4.8,ODSH,1046,480.51,0.530,49.0,1046.HK,,,,0.00,,0.000,HKD,寰宇娛樂文化,M,,0.0,0.530,0.0,1046.HK,影视娱乐,0.0
01047,毅興行,N,原材料,其他原材料,特殊化工用品,132912000.0,2024-04-26T16:02:10,原材料,其他原材料,特殊化工用品,毅兴行,01047.HK,1.3,ODSH,1047,132.91,0.360,5.04,1047.HK,,1000.0,,+1.41,,+0.005,HKD,毅興行,M,,1.41,0.360,0.0,1047.HK,,0.0
01049,時富投資,N,非必需性消費,零售相關,家居裝修零售,53275319.46,2024-04-26T16:02:10,非必需性消费,零售相关,家居装修零售,时富投资,01049.HK,0.5,ODSH,1049,53.27,0.660,10.08,1049.HK,,,,0.00,,0.000,HKD,時富投資,M,,0.0,0.660,0.0,1049.HK,网络游戏,0.0
01050,嘉利國際,N,資訊科技,資訊科技器材,電腦及周邊,1051158784.0,2024-04-26T16:02:10,科技,资讯科技器材,电脑及周边,嘉利国际,01050.HK,10.5,ODSH,1050,1.05,0.520,491.16,1050.HK,,1000.0,5.77,-7.14,2.72,-0.040,HKD,嘉利國際,B,,-7.14,0.520,0.0,1050.HK,"机器人,电子信息",0.0
01051,國際資源,N,金融,其他金融,資產管理,1127035197.5,2024-04-26T16:02:10,金融,其他金融,资产管理,国际资源,01051.HK,11.3,ODSH,1051,1.13,2.510,546.58,1051.HK,,1000.0,4.78,0.00,20.39,0.000,HKD,國際資源,B,,0.0,2.510,0.0,1051.HK,"贸易战股,黄金",0.0
01052,越秀交通基建,N,工業,工業運輸,鐵路及公路,6441674835.75,2024-04-26T16:02:10,工业,工业运输,铁路及公路,越秀交通基建,01052.HK,64.4,ODSH,1052,6.45,3.860,22.74,1052.HK,,1000000.0,7.77,+0.52,7.86,+0.020,HKD,越秀交通基建,B,,0.52,3.860,0.2,1052.HK,红筹股,0.005566185609123397
01053,重慶鋼鐵股份,N,原材料,一般金屬及礦石,鋼鐵,317495048.0,2024-04-26T16:02:10,原材料,一般金属及矿石,钢铁,重庆钢铁股份,01053.HK,3.2,ODSH,1053,317.49,0.590,1.79,1053.HK,,1000000.0,,-1.67,,-0.010,HKD,重慶鋼鐵股份,M,,-1.67,0.590,0.0,1053.HK,"国企改革,碳中和,铁矿石",0.0
01055,中國南方航空股份,N,非必需性消費,旅遊及休閒設施,航空相關,13235392327.8,2024-04-26T16:02:09,非必需性消费,旅游及休闲设施,航空相关,中国南方航空股份,01055.HK,132.4,ODSH,1055,13.23,2.850,49.7,1055.HK,,1000000.0,,+4.01,,+0.110,HKD,中國南方航空股份,B,,4.01,2.850,0.5,1055.HK,"人民币升值,国企改革,知名公司,航空股",0.305203825766994
01057,浙江世寶,N,非必需性消費,汽車,汽車零件,450912800.0,2024-04-26T16:02:10,非必需性消费,汽车,汽车零件,浙江世宝,01057.HK,4.5,ODSH,1057,453.08,2.090,22.53,1057.HK,,1000000.0,1.28,+2.96,19.98,+0.060,HKD,浙江世寶,M,,2.96,2.090,0.2,1057.HK,"无人驾驶,汽车制造",0.17167193477221987
01058,南粵控股,N,非必需性消費,紡織及服飾,其他服飾配件,137194845.0,2024-04-26T16:02:10,非必需性消费,纺织及服饰,其他服饰配件,南粤控股,01058.HK,1.4,ODSH,1058,137.19,0.255,42.08,1058.HK,,1000.0,,-3.77,,-0.010,HKD,南粵控股,M,,-3.77,0.255,0.0,1058.HK,红筹股,0.0
01059,看通集團,N,資訊科技,軟件服務,系統開發及顧問,92457089.63,2024-04-26T16:02:10,科技,软件服务,系统开发及顾问,看通集团,01059.HK,0.9,ODSH,1059,92.45,0.355,,1059.HK,,,,0.00,9.54,0.000,HKD,看通集團,M,,0.0,0.355,0.0,1059.HK,博彩,0.0
01060,阿里影業,N,非必需性消費,媒體及娛樂,影視娛樂,13564833741.38,2024-04-26T16:02:10,非必需性消费,媒体及娱乐,影视娱乐,阿里影业,01060.HK,135.6,ODSH,1060,13.56,0.460,35.34,1060.HK,,1000000.0,,+3.37,,+0.015,HKD,阿里影業,B,,3.37,0.460,0.4,1060.HK,"双十一,影视娱乐,新经济,电子商务,电影,知名公司,腾讯,蚂蚁集团,阿里巴巴",0.18952209461993105
01061,億勝生物科技,N,醫療保健,藥品及生物科技,醫藥品,1242912600.0,2024-04-26T16:02:10,医疗保健,药品及生物科技,医药品,亿胜生物科技,01061.HK,12.4,ODSH,1061,1.24,2.190,198.31,1061.HK,,1000.0,4.11,0.00,4.54,0.000,HKD,億勝生物科技,B,,0.0,2.190,0.0,1061.HK,"熊去氧胆酸,生物医药",0.0
01062,國開國際投資,N,金融,其他金融,資產管理,145110768.0,2024-04-26T16:02:09,金融,其他金融,资产管理,国开国际投资,01062.HK,1.5,ODSH,1062,145.11,0.050,,1062.HK,,,,0.00,,0.000,HKD,國開國際投資,M,,0.0,0.050,0.0,1062.HK,"红筹股,财产管理",0.0
01063,新確科技,N,資訊科技,資訊科技器材,電訊設備,220010728.938,2024-04-26T16:02:10,科技,资讯科技器材,电讯设备,新确科技,01063.HK,2.2,ODSH,1063,220.01,0.143,2.83,1063.HK,,1000.0,,+0.70,5.50,+0.001,HKD,新確科技,M,,0.7,0.143,0.0,1063.HK,"电子信息,电讯设备",0.0
01064,中華國際,S,地產建築,地產,地產投資,36124976.44,2024-04-26T16:02:10,地产建筑,地产,地产投资,中华国际,01064.HK,0.4,ODSH,1064,36.12,0.047,,1064.HK,,,,0.00,10.22,0.000,HKD,中華國際,M,True,0.0,0.047,0.0,1064.HK,,0.0
01065,天津創業環保股份,N,公用事業,公用事業,水務,1081200000.0,2024-04-26T16:02:09,公用事业,公用事业,水务,天津创业环保股份,01065.HK,10.8,ODSH,1065,1.08,3.180,1.68,1065.HK,,1000000.0,5.60,-0.31,5.38,-0.010,HKD,天津創業環保股份,B,,-0.31,3.180,0.0,1065.HK,"国企改革,土壤修复,环保,节能环保",0.0
01066,威高股份,N,醫療保健,醫療保健設備及服務,醫健設備,23154341498.88,2024-04-26T16:02:10,医疗保健,医疗保健设备及服务,医健设备,威高股份,01066.HK,231.5,ODSH,1066,23.19,5.130,32.92,1066.HK,,1000000.0,3.53,+1.58,10.78,+0.080,HKD,威高股份,B,,1.58,5.130,0.3,1066.HK,"医药股,生物医药",0.04189156798842984
01068,雨潤食品,N,必需性消費,農產品,禽畜肉類,273413347.5,2024-04-26T16:02:09,必需性消费,农产品,禽畜肉类,雨润食品,01068.HK,2.7,ODSH,1068,273.41,0.150,127.82,1068.HK,,1000.0,,+1.35,,+0.002,HKD,雨潤食品,M,,1.35,0.150,0.0,1068.HK,"农业现代化,猪肉",0.0
01069,中國健康科技集團,N,原材料,其他原材料,林業及木材,35812110.2,2024-04-26T16:02:10,原材料,其他原材料,林业及木材,中国健康科技集团,01069.HK,0.4,ODSH,1069,35.81,0.050,39.69,1069.HK,,1000.0,,+4.17,,+0.002,HKD,中國健康科技集團,M,,4.17,0.050,0.0,1069.HK,农业现代化,0.0
01070,TCL電子,N,非必需性消費,家庭電器及用品,消費電子產品,12658402990.8,2024-04-26T16:02:10,非必需性消费,家庭电器及用品,消费电子产品,TCL电子,01070.HK,126.6,ODSH,1070,12.68,5.050,32.44,1070.HK,,1000000.0,3.17,+0.40,16.48,+0.020,HKD,ＴＣＬ電子,B,,0.4,5.050,0.3,1070.HK,"互联网+,家用电器,消费电子,知名公司,红筹股",0.004661298412227635
01071,華電國際電力股份,N,公用事業,公用事業,傳統電力,7263898128.0,2024-04-26T16:02:10,公用事业,公用事业,传统电力,华电国际电力股份,01071.HK,72.6,ODSH,1071,7.24,4.220,89.61,1071.HK,,1000000.0,3.81,-3.43,11.10,-0.150,HKD,華電國際電力股份,B,,-3.43,4.220,0.9,1071.HK,"MSCI,国企改革,绿色电力,超超临界发电",0.48848409008851995
01072,東方電氣,N,工業,工業工程,環保工程,3644800000.0,2024-04-26T16:02:10,工业,工业工程,环保工程,东方电气,01072.HK,36.4,ODSH,1072,3.65,10.740,50.96,1072.HK,,1000000.0,4.73,-0.56,8.82,-0.060,HKD,東方電氣,B,,-0.56,10.740,0.5,1072.HK,"国企改革,新经济,核电核能,氢能源,节能环保,超超临界发电,风电",0.017736110002130375
01073,大禹金融,N,金融,其他金融,其他金融,205079434.2,2024-04-26T16:02:10,金融,其他金融,其他金融,大禹金融,01073.HK,2.1,ODSH,1073,205.07,0.090,,1073.HK,,,,0.00,,0.000,HKD,大禹金融,M,,0.0,0.090,0.0,1073.HK,农业现代化,0.0
01075,首都信息,N,資訊科技,軟件服務,系統開發及顧問,197496990.0,2024-04-26T16:02:10,科技,软件服务,系统开发及顾问,首都信息,01075.HK,2.0,ODSH,1075,197.49,0.255,10.44,1075.HK,,1000.0,,-1.92,,-0.005,HKD,首都信息,M,,-1.92,0.255,0.0,1075.HK,"冬奥会,国企改革,数字经济,智慧城市,软件外包",0.0
01076,博華太平洋,S,非必需性消費,旅遊及休閒設施,賭場及博彩,681551384.512,2024-04-26T16:02:09,非必需性消费,旅游及休闲设施,赌场及博彩,博华太平洋,01076.HK,6.8,ODSH,1076,681.55,0.064,,1076.HK,,,,0.00,,0.000,HKD,博華太平洋,M,True,0.0,0.064,0.0,1076.HK,博彩,0.0
01079,松景科技,N,資訊科技,資訊科技器材,電腦及周邊,45107859.126,2024-04-26T16:02:10,科技,资讯科技器材,电脑及周边,松景科技,01079.HK,0.5,ODSH,1079,45.10,0.034,29.41,1079.HK,,1000.0,,-8.11,,-0.003,HKD,松景科技,M,,-8.11,0.034,0.0,1079.HK,"台资企业,电子信息",0.0
01080,勝利管道,N,能源,石油及天然氣,油氣設備與服務,174346452.0,2024-04-26T16:02:10,能源,石油及天然气,油气设备与服务,胜利管道,01080.HK,1.7,ODSH,1080,162.72,0.042,23.68,1080.HK,,1000.0,,0.00,,0.000,HKD,勝利管道,M,,0.0,0.042,0.0,1080.HK,"天然气,页岩气",0.0
01082,源宇宙教育,N,非必需性消費,支援服務,教育,826943756.8,2024-04-26T16:02:10,非必需性消费,支援服务,教育,源宇宙教育,01082.HK,8.3,ODSH,1082,814.78,1.340,1.06,1082.HK,,1000000.0,,-2.90,,-0.040,HKD,源宇宙教育,M,,-2.9,1.340,0.0,1082.HK,"婴童,教育服务",0.0
01083,港華智慧能源,N,公用事業,公用事業,燃氣,10197681766.24,2024-04-26T16:02:10,公用事业,公用事业,燃气,港华智慧能源,01083.HK,102.0,ODSH,1083,10.33,3.080,13.04,1083.HK,,1000000.0,5.19,-0.65,6.45,-0.020,HKD,港華智慧能源,B,,-0.65,3.080,0.1,1083.HK,"MSCI,天然气",0.0037571102619620364
01084,綠新親水膠體,N,必需性消費,食品飲料,食品添加劑,663750400.0,2024-04-26T16:02:10,必需性消费,食品饮料,食品添加剂,绿新亲水胶体,01084.HK,6.6,ODSH,1084,663.75,0.800,547.18,1084.HK,,1000.0,,-2.44,,-0.020,HKD,綠新親水膠體,M,,-2.44,0.800,0.0,1084.HK,食品添加剂,0.0
01085,亨鑫科技,N,資訊科技,資訊科技器材,電訊設備,488880000.0,2024-04-26T16:02:10,科技,资讯科技器材,电讯设备,亨鑫科技,01085.HK,4.9,ODSH,1085,488.88,1.260,112.56,1085.HK,,1000.0,,+2.44,6.56,+0.030,HKD,亨鑫科技,M,,2.44,1.260,0.0,1085.HK,"数据中心,电子信息,电讯设备",0.0
01086,好孩子國際,N,非必需性消費,家庭電器及用品,家具,1100900569.56,2024-04-26T16:02:10,非必需性消费,家庭电器及用品,家具,好孩子国际,01086.HK,11.0,ODSH,1086,1.10,0.660,57.4,1086.HK,,1000.0,,0.00,5.41,0.000,HKD,好孩子國際,B,,0.0,0.660,0.0,1086.HK,"三胎,婴童,家具",0.0
01087,威訊控股,N,資訊科技,軟件服務,系統開發及顧問,67961920.0,2024-04-26T16:02:09,科技,软件服务,系统开发及顾问,威讯控股,01087.HK,0.7,ODSH,1087,67.96,0.340,469.36,1087.HK,,1000.0,,-8.11,,-0.030,HKD,威訊控股,M,,-8.11,0.340,0.0,1087.HK,电子信息,0.0
01088,中國神華,N,能源,煤炭,煤炭,108417172200.0,2024-04-26T16:02:10,能源,煤炭,煤炭,中国神华,01088.HK,1084.2,ODSH,1088,108.07,32.000,536.03,1088.HK,,1000000.0,7.58,-0.31,9.16,-0.100,HKD,中國神華,B,,-0.31,32.000,5.4,1088.HK,"meitanhk,国企改革,碳中和,超超临界发电",0.03885587853188293
01090,大明國際,N,原材料,一般金屬及礦石,鋼鐵,1593160000.0,2024-04-26T16:02:10,原材料,一般金属及矿石,钢铁,大明国际,01090.HK,15.9,ODSH,1090,1.59,1.250,,1090.HK,,,,0.00,,0.000,HKD,大明國際,B,,0.0,1.250,0.0,1090.HK,铁矿石,0.0
01091,南方錳業,N,原材料,一般金屬及礦石,其他金屬及礦石,1285672125.0,2024-04-26T16:02:10,原材料,一般金属及矿石,其他金属及矿石,南方锰业,01091.HK,12.9,ODSH,1091,1.28,0.375,4.72,1091.HK,,1000000.0,,+1.35,20.05,+0.005,HKD,南方錳業,B,,1.35,0.375,0.0,1091.HK,"中信系,小金属,红筹股",0.0
01093,石藥集團,N,醫療保健,藥品及生物科技,醫藥品,78809177428.52,2024-04-26T16:02:10,医疗保健,药品及生物科技,医药品,石药集团,01093.HK,788.1,ODSH,1093,78.80,6.610,284.44,1093.HK,,1000000.0,4.24,+1.38,12.44,+0.090,HKD,石藥集團,B,,1.38,6.610,2.8,1093.HK,"CAR-T,创新药,医药股,抗疫,抗癌,新经济,生物医药,红筹股",0.265858715687667
01094,承輝國際,N,資訊科技,軟件服務,電商及互聯網服務,217254698.32,2024-04-26T16:02:11,科技,软件服务,电商及互联网服务,承辉国际,01094.HK,2.2,ODSH,1094,251.81,0.510,4.4,1094.HK,,1000.0,,+15.91,12.69,+0.070,HKD,承輝國際,M,,15.91,0.510,0.0,1094.HK,移动互联网,0.0
01097,有線寬頻,N,非必需性消費,媒體及娛樂,廣播,192634835.04,2024-04-26T16:02:10,非必需性消费,媒体及娱乐,广播,有线宽频,01097.HK,1.9,ODSH,1097,192.63,0.027,46.34,1097.HK,,1000.0,,0.00,,0.000,HKD,有線寬頻,M,,0.0,0.027,0.0,1097.HK,"F5G,互联网+,数据中心",0.0
01098,路勁,N,地產建築,地產,地產發展商,824270222.6,2024-04-26T16:02:09,地产建筑,地产,地产发展商,路劲,01098.HK,8.2,ODSH,1098,824.27,1.100,1.27,1098.HK,,1000000.0,,+2.80,,+0.030,HKD,路勁,M,,2.8,1.100,0.0,1098.HK,香港房地产,0.0
01099,國藥控股,N,醫療保健,藥品及生物科技,西藥分銷,28983111984.0,2024-04-26T16:02:10,医疗保健,药品及生物科技,西药分销,国药控股,01099.HK,289.8,ODSH,1099,28.91,21.550,159.07,1099.HK,,1000000.0,4.33,-0.92,6.91,-0.200,HKD,國藥控股,B,,-0.92,21.550,1.6,1099.HK,"互联网医疗,医疗器械,医药股,国企改革,生物医药",0.09083474696913531
01100,飛達控股,N,非必需性消費,紡織及服飾,其他服飾配件,682371472.32,2024-04-26T16:02:09,非必需性消费,纺织及服饰,其他服饰配件,飞达控股,01100.HK,6.8,ODSH,1100,682.37,1.590,,1100.HK,,,5.66,0.00,5.77,0.000,HKD,飛達控股,M,,0.0,1.590,0.0,1100.HK,体育,0.0
01101,華榮能源,N,能源,石油及天然氣,油氣生產商,119262287.675,2024-04-26T16:02:10,能源,石油及天然气,油气生产商,华荣能源,01101.HK,1.2,ODSH,1101,128.80,0.027,4.42,1101.HK,,1000.0,,0.00,,0.000,HKD,華榮能源,M,,0.0,0.027,0.0,1101.HK,天然气,0.0
01102,環能國際,N,地產建築,建築,建築材料,45018553.181,2024-04-26T16:02:10,地产建筑,建筑,建筑材料,环能国际,01102.HK,0.5,ODSH,1102,45.01,0.083,34.44,1102.HK,,1000.0,,-14.43,,-0.014,HKD,環能國際,M,,-14.43,0.083,0.0,1102.HK,天然气,0.0
01104,亞太資源(新),N,原材料,一般金屬及礦石,鋼鐵,1573698875.92,2024-04-26T16:02:10,原材料,一般金属及矿石,钢铁,亚太资源(新),01104.HK,15.7,ODSH,1104,1.57,1.160,140.66,1104.HK,,1000.0,8.62,+1.75,,+0.020,HKD,亞太資源,B,,1.75,1.160,0.0,1104.HK,"小金属,铁矿石",0.0
01105,星島,N,非必需性消費,媒體及娛樂,出版,264162905.1,2024-04-26T16:02:10,非必需性消费,媒体及娱乐,出版,星岛,01105.HK,2.6,ODSH,1105,264.16,0.300,60.93,1105.HK,,1000.0,,-1.64,,-0.005,HKD,星島,M,,-1.64,0.300,0.0,1105.HK,文化传媒,0.0
01107,當代置業,S,地產建築,地產,地產發展商,58694887.65,2024-04-26T16:02:09,地产建筑,地产,地产发展商,当代置业,01107.HK,0.6,ODSH,1107,58.69,0.021,,1107.HK,,,,0.00,,0.000,HKD,當代置業,M,True,0.0,0.021,0.0,1107.HK,内地房地产,0.0
01108,凱盛新能,N,工業,工業工程,新能源材料,1335000000.0,2024-04-26T16:02:10,工业,工业工程,新能源材料,凯盛新能,01108.HK,13.4,ODSH,1108,1.33,5.340,1.43,1108.HK,,1000000.0,,+0.75,8.17,+0.040,HKD,凱盛新能,B,,0.75,5.340,0.0,1108.HK,"光伏太阳能,国企改革,碳中和",0.0
01109,華潤置地,N,地產建築,地產,地產發展商,198596667275.15,2024-04-26T16:02:09,地产建筑,地产,地产发展商,华润置地,01109.HK,1986.0,ODSH,1109,199.30,27.950,766.71,1109.HK,,1000000.0,5.53,+7.29,5.94,+1.900,HKD,華潤置地,B,,7.29,27.950,7.7,1109.HK,"内地房地产,华润系,知名公司,红筹股",7.388132312883596
01110,金活醫藥集團,N,醫療保健,藥品及生物科技,西藥分銷,329925000.0,2024-04-26T16:02:10,医疗保健,药品及生物科技,西药分销,金活医药集团,01110.HK,3.3,ODSH,1110,329.92,0.530,483.0,1110.HK,,1000.0,6.38,0.00,7.68,0.000,HKD,金活醫藥集團,M,,0.0,0.530,0.0,1110.HK,健康产业,0.0
01111,華視集團控股,N,非必需性消費,媒體及娛樂,廣告及宣傳,250461250.0,2024-04-26T16:02:10,非必需性消费,媒体及娱乐,广告及宣传,华视集团控股,01111.HK,2.5,ODSH,1111,250.46,0.325,507.54,1111.HK,,1000.0,,+10.17,3.10,+0.030,HKD,華視集團控股,M,,10.17,0.325,0.0,1111.HK,次新股,0.0
01112,H&H國際控股,N,必需性消費,消費零售,個人護理,6636370719.12,2024-04-26T16:02:09,必需性消费,消费零售,个人护理,H&H国际控股,01112.HK,66.4,ODSH,1112,6.63,10.280,3.23,1112.HK,,1000000.0,6.03,+2.19,10.55,+0.220,HKD,H&H國際控股,B,,2.19,10.280,0.0,1112.HK,"三胎,乳业,婴童",0.0
01113,長實集團,N,地產建築,地產,地產發展商,117777095122.2,2024-04-26T16:02:10,地产建筑,地产,地产发展商,长实集团,01113.HK,1177.8,ODSH,1113,118.12,33.500,236.28,1113.HK,,1000000.0,6.12,+2.29,6.90,+0.750,HKD,長實集團,B,,2.29,33.500,2.4,1113.HK,"知名公司,蓝筹地产股,长和系,香港房地产,香港",0.47201710107746103
01114,華晨中國,N,非必需性消費,汽車,汽車,32289724083.2,2024-04-26T16:02:09,非必需性消费,汽车,汽车,华晨中国,01114.HK,322.9,ODSH,1114,32.23,6.390,569.97,1114.HK,,1000000.0,23.47,+5.62,3.90,+0.340,HKD,BRILLIANCE CHI,B,,5.62,6.390,5.7,1114.HK,"新经济,新能源汽车,汽车制造,知名公司,红筹股",4.854987176522085
01115,西藏水資源,N,必需性消費,食品飲料,非酒精飲料,1135638624.0,2024-04-26T16:02:10,必需性消费,食品饮料,非酒精饮料,西藏水资源,01115.HK,11.4,ODSH,1115,1.13,0.248,342.27,1115.HK,,1000.0,,-2.75,,-0.007,HKD,西藏水資源,B,,-2.75,0.248,0.0,1115.HK,非酒精饮料,0.0
01116,美亞控股,S,原材料,一般金屬及礦石,鋼鐵,1834300000.0,2024-04-26T16:02:10,原材料,一般金属及矿石,钢铁,美亚控股,01116.HK,18.3,ODSH,1116,1.83,0.850,,1116.HK,,,,0.00,,0.000,HKD,MAYER HOLDINGS,B,True,0.0,0.850,0.0,1116.HK,"汽车制造,铁矿石",0.0
01117,現代牧業,N,必需性消費,食品飲料,乳製品,4986867090.24,2024-04-26T16:02:10,必需性消费,食品饮料,乳制品,现代牧业,01117.HK,49.9,ODSH,1117,4.98,0.630,1.41,1117.HK,,1000000.0,0.76,+1.61,26.47,+0.010,HKD,現代牧業,B,,1.61,0.630,0.0,1117.HK,"三胎,乳业",0.0
01118,高力集團,N,地產建築,建築,建築材料,459502502.4,2024-04-26T16:02:09,地产建筑,建筑,建筑材料,高力集团,01118.HK,4.6,ODSH,1118,459.50,0.800,8.0,1118.HK,,1000.0,7.50,0.00,3.31,0.000,HKD,高力集團,M,,0.0,0.800,0.0,1118.HK,,0.0
01119,創夢天地,N,資訊科技,軟件服務,綫上遊戲,4566269080.5,2024-04-26T16:02:11,科技,软件服务,线上游戏,创梦天地,01119.HK,45.7,ODSH,1119,4.61,2.930,114.11,1119.HK,,1000000.0,,+18.62,,+0.460,HKD,創夢天地,B,,18.62,2.930,1.1,1119.HK,"互联网出海,元宇宙,手机游戏,新经济,网络游戏,腾讯",6.420796371702431
01120,雅視光學,N,非必需性消費,紡織及服飾,其他服飾配件,320598600.42,2024-04-26T16:02:10,非必需性消费,纺织及服饰,其他服饰配件,雅视光学,01120.HK,3.2,ODSH,1120,320.59,0.830,,1120.HK,,,6.02,+2.47,6.25,+0.020,HKD,雅視光學,M,,2.47,0.830,0.0,1120.HK,,0.0
01121,金陽新能源,N,非必需性消費,紡織及服飾,鞋履,8715166118.4,2024-04-26T16:02:10,非必需性消费,纺织及服饰,鞋履,金阳新能源,01121.HK,87.2,ODSH,1121,8.69,4.790,1.15,1121.HK,,1000000.0,,+4.59,,+0.210,HKD,金陽新能源,B,,4.59,4.790,0.0,1121.HK,"品牌服饰,钙钛矿电池",0.0
01122,慶鈴汽車股份,N,工業,工業工程,商用車及貨車,656485488.45,2024-04-26T16:02:10,工业,工业工程,商用车及货车,庆铃汽车股份,01122.HK,6.6,ODSH,1122,656.48,0.530,836.66,1122.HK,,1000.0,,0.00,,0.000,HKD,慶鈴汽車股份,M,,0.0,0.530,0.0,1122.HK,"国企改革,汽车制造",0.0
01123,中港照相,N,非必需性消費,家庭電器及用品,消費電子產品,163573932.162,2024-04-26T16:02:09,非必需性消费,家庭电器及用品,消费电子产品,中港照相,01123.HK,1.6,ODSH,1123,163.57,0.138,,1123.HK,,,10.87,0.00,4.01,0.000,HKD,中港照相,M,,0.0,0.138,0.0,1123.HK,"消费电子,现代服务业",0.0
01124,沿海家園,N,地產建築,地產,地產發展商,83749609.656,2024-04-26T16:02:10,地产建筑,地产,地产发展商,沿海家园,01124.HK,0.8,ODSH,1124,84.99,0.205,23.75,1124.HK,,1000.0,,+9.04,,+0.017,HKD,沿海家園,M,,9.04,0.205,0.0,1124.HK,香港房地产,0.0
01125,麗豐控股,N,地產建築,地產,地產投資,496550164.5,2024-04-26T16:02:10,地产建筑,地产,地产投资,丽丰控股,01125.HK,5.0,ODSH,1125,529.65,1.600,9.6,1125.HK,,1000.0,,+14.29,,+0.200,HKD,麗豐控股,M,,14.29,1.600,0.0,1125.HK,医美,0.0
01126,德林國際,N,非必需性消費,家庭電器及用品,玩具及消閒用品,3174496850.0,2024-04-26T16:02:09,非必需性消费,家庭电器及用品,玩具及消闲用品,德林国际,01126.HK,31.7,ODSH,1126,3.18,4.700,8.94,1126.HK,,1000000.0,11.70,+2.17,3.83,+0.100,HKD,德林國際,B,,2.17,4.700,0.1,1126.HK,"婴童,玩具及消闲用品",0.03262896308161682
01127,獅子山集團,N,工業,工業支援,印刷及包裝,1039500000.0,2024-04-26T16:02:10,工业,工业支援,印刷及包装,狮子山集团,01127.HK,10.4,ODSH,1127,1.03,1.350,140.4,1127.HK,,1000.0,8.15,+0.75,5.41,+0.010,HKD,獅子山集團,B,,0.75,1.350,0.0,1127.HK,现代服务业,0.0
01128,永利澳門,N,非必需性消費,旅遊及休閒設施,賭場及博彩,39622608380.0,2024-04-26T16:02:09,非必需性消费,旅游及休闲设施,赌场及博彩,永利澳门,01128.HK,396.2,ODSH,1128,39.72,7.570,51.26,1128.HK,,1000000.0,0.99,+1.75,33.70,+0.130,HKD,永利澳門,B,,1.75,7.570,0.5,1128.HK,"博彩,知名公司",0.07552019701613555
01129,中國水業集團,N,公用事業,公用事業,水務,382190083.317,2024-04-26T16:02:10,公用事业,公用事业,水务,中国水业集团,01129.HK,3.8,ODSH,1129,382.19,0.133,,1129.HK,,,,0.00,,0.000,HKD,中國水業集團,M,,0.0,0.133,0.0,1129.HK,节能环保,0.0
01130,中國環境資源(新),N,非必需性消費,汽車,汽車,113394442.104,2024-04-26T16:02:10,非必需性消费,汽车,汽车,中国环境资源(新),01130.HK,1.1,ODSH,1130,112.41,0.230,518.35,1130.HK,,1000.0,,+10.05,,+0.021,HKD,中國環境資源－新,M,,10.05,0.230,0.0,1130.HK,农业现代化,0.0
01132,橙天嘉禾,N,非必需性消費,媒體及娛樂,影視娛樂,123185438.2,2024-04-26T16:02:10,非必需性消费,媒体及娱乐,影视娱乐,橙天嘉禾,01132.HK,1.2,ODSH,1132,123.18,0.044,3.82,1132.HK,,1000.0,,-2.22,,-0.001,HKD,橙天嘉禾,M,,-2.22,0.044,0.0,1132.HK,影视娱乐,0.0
01133,哈爾濱電氣,N,工業,工業工程,環保工程,1722706050.0,2024-04-26T16:02:10,工业,工业工程,环保工程,哈尔滨电气,01133.HK,17.2,ODSH,1133,1.72,2.560,7.13,1133.HK,,1000000.0,2.24,+3.64,7.66,+0.090,HKD,哈爾濱電氣,B,,3.64,2.560,0.1,1133.HK,"国企改革,核电,核电核能,超超临界发电",0.08029435328607946
01134,恒發光學,N,非必需性消費,紡織及服飾,其他服飾配件,195000000.0,2024-04-26T16:02:10,非必需性消费,纺织及服饰,其他服饰配件,恒发光学,01134.HK,2.0,ODSH,1134,195.00,0.390,1.15,1134.HK,,1000000.0,,-1.27,139.29,-0.005,HKD,恒發光學,M,,-1.27,0.390,0.0,1134.HK,,0.0
01137,香港科技探索,N,資訊科技,軟件服務,電商及互聯網服務,1368360502.74,2024-04-26T16:02:09,科技,软件服务,电商及互联网服务,香港科技探索,01137.HK,13.7,ODSH,1137,1.37,1.550,2.14,1137.HK,,1000000.0,,0.00,31.38,0.000,HKD,香港科技探索,B,,0.0,1.550,0.0,1137.HK,文化传媒,0.0
01138,中遠海能,N,工業,工業運輸,航運及港口,11469600000.0,2024-04-26T16:02:10,工业,工业运输,航运及港口,中远海能,01138.HK,114.7,ODSH,1138,11.50,8.880,156.14,1138.HK,,1000000.0,4.22,-1.00,11.83,-0.090,HKD,中遠海能,B,,-1.0,8.880,1.6,1138.HK,"MSCI,一带一路,国企改革,物流,自由贸易港",0.12082613361455635
01140,華科智能投資,N,金融,其他金融,資產管理,1420243808.175,2024-04-26T16:02:09,金融,其他金融,资产管理,华科智能投资,01140.HK,14.2,ODSH,1140,1.42,0.135,122.48,1140.HK,,1000.0,,-0.74,7.50,-0.001,HKD,華科智能投資,B,,-0.74,0.135,0.0,1140.HK,财产管理,0.0
01141,民銀資本,N,金融,其他金融,證券及經紀,282540686.715,2024-04-26T16:02:11,金融,其他金融,证券及经纪,民银资本,01141.HK,2.8,ODSH,1141,282.54,0.255,526.47,1141.HK,,1000.0,,-1.92,,-0.005,HKD,民銀資本,M,,-1.92,0.255,0.0,1141.HK,现代服务业,0.0
01142,能源及能量環球,N,原材料,一般金屬及礦石,其他金屬及礦石,38429521.43,2024-04-26T16:02:09,原材料,一般金属及矿石,其他金属及矿石,能源及能量环球,01142.HK,0.4,ODSH,1142,38.42,0.265,,1142.HK,,,,0.00,0.07,0.000,HKD,能源及能量環球,M,,0.0,0.265,0.0,1142.HK,涉矿,0.0
01143,中國儲能科技發展,N,非必需性消費,家庭電器及用品,消費電子產品,360222660.4,2024-04-26T16:02:10,非必需性消费,家庭电器及用品,消费电子产品,中国储能科技发展,01143.HK,3.6,ODSH,1143,360.22,1.840,95.64,1143.HK,,1000.0,,-1.08,60.13,-0.020,HKD,中國儲能科技發展,M,,-1.08,1.840,0.0,1143.HK,"消费电子,电子信息,辅助生殖",0.0
01145,勇利投資,N,工業,工業運輸,航運及港口,77936953.328,2024-04-26T16:02:10,工业,工业运输,航运及港口,勇利投资,01145.HK,0.8,ODSH,1145,77.93,0.071,,1145.HK,,,,0.00,,0.000,HKD,勇利投資,M,,0.0,0.071,0.0,1145.HK,物流,0.0
01146,中國服飾控股,N,非必需性消費,紡織及服飾,服裝,334208650.0,2024-04-26T16:02:10,非必需性消费,纺织及服饰,服装,中国服饰控股,01146.HK,3.3,ODSH,1146,334.20,0.097,198.0,1146.HK,,,20.62,+4.30,,+0.004,HKD,中國服飾控股,M,,4.3,0.097,0.0,1146.HK,品牌服饰,0.0
01147,伊登軟件,N,資訊科技,軟件服務,系統開發及顧問,137011472.45,2024-04-26T16:02:09,科技,软件服务,系统开发及顾问,伊登软件,01147.HK,1.4,ODSH,1147,137.01,0.067,65.4,1147.HK,,1000.0,,0.00,20.94,0.000,HKD,伊登軟件,M,,0.0,0.067,0.0,1147.HK,,0.0
01148,新晨動力,N,非必需性消費,汽車,汽車零件,283368806.474,2024-04-26T16:02:09,非必需性消费,汽车,汽车零件,新晨动力,01148.HK,2.8,ODSH,1148,284.65,0.222,280.18,1148.HK,,1000.0,,+2.78,6.47,+0.006,HKD,新晨動力,M,,2.78,0.222,0.0,1148.HK,"汽车制造,红筹股",0.0
01150,米蘭站,N,非必需性消費,紡織及服飾,其他服飾配件,77509225.2,2024-04-26T16:02:10,非必需性消费,纺织及服饰,其他服饰配件,米兰站,01150.HK,0.8,ODSH,1150,77.50,0.088,1.03,1150.HK,,1000.0,,-12.00,,-0.012,HKD,米蘭站,M,,-12.0,0.088,0.0,1150.HK,香港,0.0
01152,正乾金融控股,N,必需性消費,食品飲料,包裝食品,50082000.0,2024-04-26T16:02:09,必需性消费,食品饮料,包装食品,正干金融控股,01152.HK,0.5,ODSH,1152,50.08,0.051,408.0,1152.HK,,,,0.00,2.46,0.000,HKD,正乾金融控股,M,,0.0,0.051,0.0,1152.HK,品牌服饰,0.0
01153,佳源服務,S,地產建築,地產,物業管理及服務,168219975.0,2024-04-26T16:02:11,地产建筑,地产,物业管理及服务,佳源服务,01153.HK,1.7,ODSH,1153,168.21,0.275,,1153.HK,,,,0.00,1.38,0.000,HKD,佳源服務,M,True,0.0,0.275,0.0,1153.HK,物业管理,0.0
01156,CHINANEWENERGY,N,工業,工業工程,工業及設備,69591549.964,2024-04-26T16:02:10,工业,工业工程,工业及设备,CHINANEWENERGY,01156.HK,0.7,ODSH,1156,69.59,0.118,,1156.HK,,,,0.00,,0.000,HKD,CHINANEWENERGY,M,,0.0,0.118,0.0,1156.HK,,0.0
01157,中聯重科,N,工業,工業工程,重型機械,9729081970.2,2024-04-26T16:02:10,工业,工业工程,重型机械,中联重科,01157.HK,97.3,ODSH,1157,9.69,6.130,133.12,1157.HK,,1000000.0,5.58,+5.87,13.31,+0.340,HKD,中聯重科,B,,5.87,6.130,1.3,1157.HK,"一带一路,国企改革,重型机械股",1.4267603348850089
01159,星光文化,N,非必需性消費,媒體及娛樂,影視娛樂,194156265.403,2024-04-26T16:02:09,非必需性消费,媒体及娱乐,影视娱乐,星光文化,01159.HK,1.9,ODSH,1159,194.15,0.197,11.89,1159.HK,,1000.0,,+5.91,,+0.011,HKD,星光文化,M,,5.91,0.197,0.0,1159.HK,"影视娱乐,节能环保",0.0
01160,金石資本集團,N,金融,其他金融,資產管理,69995018.75,2024-04-26T16:02:10,金融,其他金融,资产管理,金石资本集团,01160.HK,0.7,ODSH,1160,69.99,0.295,,1160.HK,,,,0.00,,0.000,HKD,金石資本集團,M,,0.0,0.295,0.0,1160.HK,财产管理,0.0
01161,奧思集團,N,醫療保健,醫療保健設備及服務,醫療及醫學美容服務,891524120.84,2024-04-26T16:02:10,医疗保健,医疗保健设备及服务,医疗及医学美容服务,奥思集团,01161.HK,8.9,ODSH,1161,891.52,1.310,516.86,1161.HK,,1000.0,10.69,-0.76,8.08,-0.010,HKD,奧思集團,M,,-0.76,1.310,0.0,1161.HK,健康产业,0.0
01162,瑩嵐集團,N,地產建築,建築,建築及服務,109200000.0,2024-04-26T16:02:11,地产建筑,建筑,建筑及服务,莹岚集团,01162.HK,1.1,ODSH,1162,109.20,0.182,120.44,1162.HK,,1000.0,,-1.62,,-0.003,HKD,瑩嵐集團,M,,-1.62,0.182,0.0,1162.HK,,0.0
01163,虎視傳媒,N,非必需性消費,媒體及娛樂,廣告及宣傳,78435000.0,2024-04-26T16:02:09,非必需性消费,媒体及娱乐,广告及宣传,虎视传媒,01163.HK,0.8,ODSH,1163,75.44,0.101,1.04,1163.HK,,1000.0,,-0.98,,-0.001,HKD,虎視傳媒,M,,-0.98,0.101,0.0,1163.HK,抖音,0.0
01164,中廣核礦業,N,原材料,一般金屬及礦石,其他金屬及礦石,14973344810.65,2024-04-26T16:02:09,原材料,一般金属及矿石,其他金属及矿石,中广核矿业,01164.HK,149.7,ODSH,1164,14.97,1.970,48.93,1164.HK,,1000000.0,,-2.48,30.12,-0.050,HKD,中廣核礦業,B,,-2.48,1.970,0.5,1164.HK,"健康产业,核电,核电核能,碳中和,红筹股",0.1486477331429073
01165,順風清潔能源,N,公用事業,公用事業,潔能,101647509.8,2024-04-26T16:02:10,公用事业,公用事业,洁能,顺风清洁能源,01165.HK,1.0,ODSH,1165,101.64,0.020,59.67,1165.HK,,1000.0,,-9.09,,-0.002,HKD,順風清潔能源,M,,-9.09,0.020,0.0,1165.HK,"光伏太阳能,太阳能,燃料电池,环保,碳中和",0.0
01167,加科思-B,N,醫療保健,藥品及生物科技,生物技術,1330148534.4,2024-04-26T16:02:10,医疗保健,药品及生物科技,生物技术,加科思-B,01167.HK,13.3,ODSH,1167,1.33,1.680,1.32,1167.HK,,1000000.0,,+5.00,,+0.080,HKD,加科思－Ｂ,B,,5.0,1.680,0.0,1167.HK,生物医药B类,0.0
01168,百仕達控股,N,地產建築,地產,地產投資,490798238.392,2024-04-26T16:02:09,地产建筑,地产,地产投资,百仕达控股,01168.HK,4.9,ODSH,1168,490.79,0.077,68.99,1168.HK,,1000.0,,+2.67,,+0.002,HKD,百仕達控股,M,,2.67,0.077,0.0,1168.HK,,0.0
01170,信星集團,N,非必需性消費,紡織及服飾,鞋履,605854546.05,2024-04-26T16:02:10,非必需性消费,纺织及服饰,鞋履,信星集团,01170.HK,6.1,ODSH,1170,605.85,0.890,327.24,1170.HK,,1000.0,4.72,+2.30,11.24,+0.020,HKD,信星集團,M,,2.3,0.890,0.0,1170.HK,"台资企业,品牌服饰",0.0
01171,兗礦能源,N,能源,煤炭,煤炭,47367000000.0,2024-04-26T16:02:10,能源,煤炭,煤炭,兖矿能源,01171.HK,473.7,ODSH,1171,47.31,16.600,773.16,1171.HK,,1000000.0,9.60,-3.49,6.48,-0.600,HKD,兗礦能源,B,,-3.49,16.600,7.7,1171.HK,"meitanhk,国企改革,碳中和",3.1699000334509955
01172,融太集團,N,工業,工業支援,印刷及包裝,196492686.44,2024-04-26T16:02:10,工业,工业支援,印刷及包装,融太集团,01172.HK,2.0,ODSH,1172,196.49,0.034,20.14,1172.HK,,1000.0,,-2.86,,-0.001,HKD,融太集團,M,,-2.86,0.034,0.0,1172.HK,现代服务业,0.0
01173,威高國際,N,必需性消費,消費零售,個人護理,115828061.364,2024-04-26T16:02:10,必需性消费,消费零售,个人护理,威高国际,01173.HK,1.2,ODSH,1173,115.82,0.046,5.02,1173.HK,,1000.0,10.87,-4.17,23.00,-0.002,HKD,威高國際,M,,-4.17,0.046,0.0,1173.HK,品牌服饰,0.0
01176,珠光控股,N,地產建築,地產,地產發展商,852624664.854,2024-04-26T16:02:09,地产建筑,地产,地产发展商,珠光控股,01176.HK,8.5,ODSH,1176,845.39,0.117,18.57,1176.HK,,1000000.0,,+8.33,,+0.009,HKD,珠光控股,M,,8.33,0.117,0.2,1176.HK,"物业投资,香港房地产",0.6072429493654651
01177,中國生物製藥,N,醫療保健,藥品及生物科技,醫藥品,52079371727.1,2024-04-26T16:02:09,医疗保健,药品及生物科技,医药品,中国生物制药,01177.HK,520.8,ODSH,1177,52.07,2.770,98.78,1177.HK,,1000000.0,1.81,+1.09,20.56,+0.030,HKD,中國生物製藥,B,,1.09,2.770,1.0,1177.HK,"创新药,医药股,幽门螺杆菌,抗疫,抗癌,新经济,民营医院,生物医药,知名公司,肝炎",0.06883757204471494
01179,華住集團-S,N,非必需性消費,旅遊及休閒設施,酒店及度假村,104330603200.5,2024-04-26T16:02:09,非必需性消费,旅游及休闲设施,酒店及度假村,华住集团-S,01179.HK,1043.3,ODSH,1179,104.33,31.950,38.12,1179.HK,,1000000.0,2.26,+3.06,,+0.950,HKD,華住集團－Ｓ,B,,3.06,31.950,0.4,1179.HK,"回港中概股,节假日,连锁酒店",0.122603410264664
01180,滙彩控股,N,非必需性消費,旅遊及休閒設施,賭場及博彩,936444930.35,2024-04-26T16:02:09,非必需性消费,旅游及休闲设施,赌场及博彩,汇彩控股,01180.HK,9.4,ODSH,1180,936.44,0.890,21.36,1180.HK,,1000.0,,0.00,14.24,0.000,HKD,匯彩控股,M,,0.0,0.890,0.0,1180.HK,博彩,0.0
01181,唐宮中國,N,非必需性消費,旅遊及休閒設施,餐飲,403510312.5,2024-04-26T16:02:10,非必需性消费,旅游及休闲设施,餐饮,唐宫中国,01181.HK,4.0,ODSH,1181,403.51,0.375,122.54,1181.HK,,1000.0,10.67,+1.35,9.04,+0.005,HKD,唐宮中國,M,,1.35,0.375,0.0,1181.HK,餐饮连锁,0.0
01182,勝龍國際,N,原材料,黃金及貴金屬,黃金及貴金屬,104855870.1,2024-04-26T16:02:09,原材料,黄金及贵金属,黄金及贵金属,胜龙国际,01182.HK,1.0,ODSH,1182,104.85,0.300,,1182.HK,,,,0.00,111.11,0.000,HKD,勝龍國際,M,,0.0,0.300,0.0,1182.HK,网络游戏,0.0
01183,澳能建設,N,地產建築,建築,建築及服務,597899582.4,2024-04-26T16:02:09,地产建筑,建筑,建筑及服务,澳能建设,01183.HK,6.0,ODSH,1183,593.91,0.149,180.57,1183.HK,,1000.0,,+1.36,,+0.002,HKD,澳能建設,M,,1.36,0.149,0.0,1183.HK,充电桩股,0.0
01184,時捷,N,工業,工業工程,工業及設備,2428249267.2,2024-04-26T16:02:10,工业,工业工程,工业及设备,时捷,01184.HK,24.3,ODSH,1184,2.43,3.890,232.78,1184.HK,,1000.0,9.00,+0.52,6.03,+0.020,HKD,S.A.S. DRAGON,B,,0.52,3.890,0.0,1184.HK,"LED,电子信息",0.0
01185,中國航天萬源,S,工業,工業工程,環保工程,174759826.72,2024-04-26T16:02:09,工业,工业工程,环保工程,中国航天万源,01185.HK,1.7,ODSH,1185,174.75,0.040,,1185.HK,,,,0.00,0.38,0.000,HKD,中國航天萬源,M,True,0.0,0.040,0.0,1185.HK,"军工股,红筹股,风电",0.0
01186,中國鐵建,N,地產建築,建築,重型基建,10651398480.0,2024-04-26T16:02:09,地产建筑,建筑,重型基建,中国铁建,01186.HK,106.5,ODSH,1186,10.67,5.140,78.18,1186.HK,,1000000.0,7.28,+2.59,2.78,+0.130,HKD,中國鐵建,B,,2.59,5.140,0.8,1186.HK,"一带一路,内地房地产,国企改革,基础建设,高铁",0.26875804299313155
01188,正道集團,N,非必需性消費,汽車,汽車零件,427410327.687,2024-04-26T16:02:09,非必需性消费,汽车,汽车零件,正道集团,01188.HK,4.3,ODSH,1188,407.05,0.020,1.89,1188.HK,,1000000.0,,-4.76,,-0.001,HKD,正道集團,M,,-4.76,0.020,0.0,1188.HK,,0.0
01189,大灣區聚變力量,S,非必需性消費,旅遊及休閒設施,酒店及度假村,37882130.208,2024-04-26T16:02:09,非必需性消费,旅游及休闲设施,酒店及度假村,大湾区聚变力量,01189.HK,0.4,ODSH,1189,37.88,0.048,,1189.HK,,,,0.00,,0.000,HKD,大灣區聚變力量,M,True,0.0,0.048,0.0,1189.HK,连锁酒店,0.0
01193,華潤燃氣,N,公用事業,公用事業,燃氣,57271818557.25,2024-04-26T16:02:09,公用事业,公用事业,燃气,华润燃气,01193.HK,572.7,ODSH,1193,57.50,24.850,51.02,1193.HK,,1000000.0,4.66,-0.20,10.79,-0.050,HKD,華潤燃氣,B,,-0.2,24.850,0.5,1193.HK,"华润系,天然气,红筹股",0.0017449177597456136
01195,京維集團,N,地產建築,地產,地產發展商,49199559.529,2024-04-26T16:02:09,地产建筑,地产,地产发展商,京维集团,01195.HK,0.5,ODSH,1195,49.19,0.017,36.6,1195.HK,,1000.0,,+13.33,,+0.002,HKD,京維集團,M,,13.33,0.017,0.0,1195.HK,"集成电路,香港房地产",0.0
01196,偉祿集團,N,工業,工業工程,環保工程,7722204956.8,2024-04-26T16:02:09,工业,工业工程,环保工程,伟禄集团,01196.HK,77.2,ODSH,1196,7.72,5.360,47.62,1196.HK,,1000000.0,,-0.37,100.75,-0.020,HKD,偉祿集團,B,,-0.37,5.360,0.5,1196.HK,现代服务业,0.007377559945429744
01198,皇朝家居,N,非必需性消費,家庭電器及用品,家具,2078849060.8,2024-04-26T16:02:09,非必需性消费,家庭电器及用品,家具,皇朝家居,01198.HK,20.8,ODSH,1198,2.07,0.800,,1198.HK,,,,0.00,,0.000,HKD,皇朝家居,B,,0.0,0.800,0.0,1198.HK,"家具,现代服务业",0.0
01199,中遠海運港口,N,工業,工業運輸,航運及港口,16428099581.85,2024-04-26T16:02:09,工业,工业运输,航运及港口,中远海运港口,01199.HK,164.3,ODSH,1199,16.46,4.620,19.56,1199.HK,,1000000.0,6.30,-2.53,6.35,-0.120,HKD,中遠海運港口,B,,-2.53,4.620,0.2,1199.HK,"物流,红筹股,自由贸易港",0.06032228360811946
01200,美聯集團,N,地產建築,地產,地產代理,638206544.45,2024-04-26T16:02:09,地产建筑,地产,地产代理,美联集团,01200.HK,6.4,ODSH,1200,631.03,0.880,1.32,1200.HK,,1000000.0,,0.00,,0.000,HKD,美聯集團,M,,0.0,0.880,0.0,1200.HK,"房地产服务,现代服务业",0.0
01201,天臣控股,N,工業,工業工程,能源儲存相關,139149102.961,2024-04-26T16:02:10,工业,工业工程,能源储存相关,天臣控股,01201.HK,1.4,ODSH,1201,137.07,0.066,83.81,1201.HK,,1000.0,,+6.45,,+0.004,HKD,天臣控股,M,,6.45,0.066,0.0,1201.HK,香港房地产,0.0
01202,四威科技,N,資訊科技,資訊科技器材,電訊設備,128000000.0,2024-04-26T16:02:09,科技,资讯科技器材,电讯设备,四威科技,01202.HK,1.3,ODSH,1202,128.00,0.800,,1202.HK,,,,-5.88,108.11,-0.050,HKD,四威科技,M,,-5.88,0.800,0.0,1202.HK,"国企改革,现代服务业,电讯设备",0.0
01203,廣南(集團),N,必需性消費,農產品,養殖相關,490100373.9,2024-04-26T16:02:09,必需性消费,农产品,养殖相关,广南(集团),01203.HK,4.9,ODSH,1203,490.10,0.540,77.42,1203.HK,,1000.0,5.56,+1.89,7.44,+0.010,HKD,廣南（集團）,M,,1.89,0.540,0.0,1203.HK,"物业投资,红筹股,铁矿石",0.0
01204,博維智慧,N,資訊科技,軟件服務,系統開發及顧問,1720000000.0,2024-04-26T16:02:09,科技,软件服务,系统开发及顾问,博维智慧,01204.HK,17.2,ODSH,1204,1.72,3.440,980.6,1204.HK,,1000.0,,+4.24,382.22,+0.140,HKD,博維智慧,B,,4.24,3.440,0.0,1204.HK,,0.0
01205,中信資源,N,原材料,一般金屬及礦石,其他金屬及礦石,4007440845.99,2024-04-26T16:02:09,原材料,一般金属及矿石,其他金属及矿石,中信资源,01205.HK,40.1,ODSH,1205,4.00,0.510,3.67,1205.HK,,1000000.0,4.90,+4.08,7.26,+0.020,HKD,中信資源,B,,4.08,0.510,0.0,1205.HK,"中信系,小金属,红筹股",0.0
01206,同方泰德,N,資訊科技,軟件服務,系統開發及顧問,219013812.92,2024-04-26T16:02:09,科技,软件服务,系统开发及顾问,同方泰德,01206.HK,2.2,ODSH,1206,219.01,0.280,560.0,1206.HK,,,,+1.82,,+0.005,HKD,同方泰德,M,,1.82,0.280,0.0,1206.HK,"建筑节能,红筹股",0.0
01207,上置集團,S,地產建築,地產,地產發展商,267341278.386,2024-04-26T16:02:09,地产建筑,地产,地产发展商,上置集团,01207.HK,2.7,ODSH,1207,267.34,0.013,,1207.HK,,,,0.00,,0.000,HKD,上置集團,M,True,0.0,0.013,0.0,1207.HK,内地房地产,0.0
01208,五礦資源,N,原材料,一般金屬及礦石,銅,32027374595.6,2024-04-26T16:02:09,原材料,一般金属及矿石,铜,五矿资源,01208.HK,320.3,ODSH,1208,32.11,3.710,218.33,1208.HK,,1000000.0,,+5.70,475.64,+0.200,HKD,五礦資源,B,,5.7,3.710,2.2,1208.HK,"碳中和,稀土永磁,红筹股,金属铅,金属锌,铜",1.9130971198782245
01209,華潤萬象生活,N,地產建築,地產,物業管理及服務,64708875000.0,2024-04-26T16:02:11,地产建筑,地产,物业管理及服务,华润万象生活,01209.HK,647.1,ODSH,1209,64.48,28.250,190.34,1209.HK,,1000000.0,2.68,+3.67,20.59,+1.000,HKD,華潤萬象生活,B,,3.67,28.250,1.9,1209.HK,物业管理,0.8057855433205064
01210,克莉絲汀,S,必需性消費,食品飲料,包裝食品,69096859.2,2024-04-26T16:02:09,必需性消费,食品饮料,包装食品,克莉丝汀,01210.HK,0.7,ODSH,1210,69.09,0.057,,1210.HK,,,,0.00,,0.000,HKD,克莉絲汀,M,True,0.0,0.057,0.0,1210.HK,餐饮连锁,0.0
01211,比亞迪股份,N,非必需性消費,汽車,汽車,232995600000.0,2024-04-26T16:02:09,非必需性消费,汽车,汽车,比亚迪股份,01211.HK,2330.0,ODSH,1211,233.43,212.600,2.37,1211.HK,,1000000000.0,1.56,+4.32,19.22,+8.800,HKD,比亞迪股份,B,,4.32,212.600,23.7,1211.HK,"新经济,新能源汽车,无人驾驶,燃料电池,特斯拉,碳中和,锂电池",10.823886723825337
01213,萬保剛集團,N,工業,工業工程,工業及設備,51000000.0,2024-04-26T16:02:09,工业,工业工程,工业及设备,万保刚集团,01213.HK,0.5,ODSH,1213,51.00,0.255,,1213.HK,,,3.92,0.00,,0.000,HKD,萬保剛集團,M,,0.0,0.255,0.0,1213.HK,电子信息,0.0
01215,開源控股,N,非必需性消費,旅遊及休閒設施,酒店及度假村,191683197.09,2024-04-26T16:02:10,非必需性消费,旅游及休闲设施,酒店及度假村,开源控股,01215.HK,1.9,ODSH,1215,191.68,0.015,7.5,1215.HK,,1000.0,,0.00,,0.000,HKD,開源控股,M,,0.0,0.015,0.0,1215.HK,"物业投资,连锁酒店",0.0
01216,中原銀行,N,金融,銀行,銀行,2291850000.0,2024-04-26T16:02:10,金融,银行,银行,中原银行,01216.HK,22.9,ODSH,1216,2.15,0.310,158.42,1216.HK,,1000.0,,0.00,4.14,0.000,HKD,中原銀行,B,,0.0,0.310,0.0,1216.HK,内银股,0.0
01217,中國創新投資,N,金融,其他金融,資產管理,128015786.29,2024-04-26T16:02:09,金融,其他金融,资产管理,中国创新投资,01217.HK,1.3,ODSH,1217,128.01,0.010,,1217.HK,,,,0.00,50.00,0.000,HKD,中國創新投資,M,,0.0,0.010,0.0,1217.HK,物业投资,0.0
01218,永義國際,N,地產建築,地產,地產發展商,207167528.4,2024-04-26T16:02:09,地产建筑,地产,地产发展商,永义国际,01218.HK,2.1,ODSH,1218,207.16,2.800,,1218.HK,,,,0.00,15.60,0.000,HKD,永義國際,M,,0.0,2.800,0.0,1218.HK,"物业投资,香港房地产",0.0
01220,志道國際,N,地產建築,建築,建築及服務,110880000.0,2024-04-26T16:02:09,地产建筑,建筑,建筑及服务,志道国际,01220.HK,1.1,ODSH,1220,110.88,0.056,28.41,1220.HK,,1000.0,,+3.70,,+0.002,HKD,志道國際,M,,3.7,0.056,0.0,1220.HK,,0.0
01221,信和酒店,N,非必需性消費,旅遊及休閒設施,酒店及度假村,1764553984.74,2024-04-26T16:02:09,非必需性消费,旅游及休闲设施,酒店及度假村,信和酒店,01221.HK,17.6,ODSH,1221,1.76,1.530,,1221.HK,,,,0.00,,0.000,HKD,SINO HOTELS,B,,0.0,1.530,0.0,1221.HK,连锁酒店,0.0
01222,宏安集團,N,綜合企業,綜合企業,綜合企業,491322241.504,2024-04-26T16:02:09,综合企业,综合企业,综合企业,宏安集团,01222.HK,4.9,ODSH,1222,491.32,0.032,61.15,1222.HK,,1000.0,1.25,-3.03,35.56,-0.001,HKD,WANG ON GROUP,M,,-3.03,0.032,0.0,1222.HK,,0.0
01223,新灃集團,N,非必需性消費,零售相關,服裝零售,2379380186.4,2024-04-26T16:02:09,非必需性消费,零售相关,服装零售,新沣集团,01223.HK,23.8,ODSH,1223,2.37,0.800,464.0,1223.HK,,1000.0,0.63,0.00,,0.000,HKD,新灃集團,B,,0.0,0.800,0.0,1223.HK,"台资企业,物业投资",0.0
01224,中渝置地,N,地產建築,地產,地產發展商,4348214828.16,2024-04-26T16:02:09,地产建筑,地产,地产发展商,中渝置地,01224.HK,43.5,ODSH,1224,4.34,1.120,17.92,1224.HK,,1000.0,,0.00,,0.000,HKD,中渝置地,B,,0.0,1.120,0.0,1224.HK,香港房地产,0.0
01225,隆成金融,N,金融,其他金融,信貸,45834160.187,2024-04-26T16:02:10,金融,其他金融,信贷,隆成金融,01225.HK,0.5,ODSH,1225,45.83,0.199,69.65,1225.HK,,1000.0,,+4.74,,+0.009,HKD,隆成金融,M,,4.74,0.199,0.0,1225.HK,"三胎,台资企业,婴童",0.0
01226,中國投融資,N,金融,其他金融,資產管理,181542504.0,2024-04-26T16:02:09,金融,其他金融,资产管理,中国投融资,01226.HK,1.8,ODSH,1226,177.41,0.430,,1226.HK,,,,-2.27,,-0.010,HKD,中國投融資,M,,-2.27,0.430,0.0,1226.HK,现代服务业,0.0
01228,北海康成-B,N,醫療保健,藥品及生物科技,生物技術,184804669.2,2024-04-26T16:02:09,医疗保健,药品及生物科技,生物技术,北海康成-B,01228.HK,1.8,ODSH,1228,184.80,0.435,8.43,1228.HK,,1000.0,,-1.14,,-0.005,HKD,北海康成－Ｂ,M,,-1.14,0.435,0.0,1228.HK,生物医药B类,0.0
01229,南南資源,N,能源,煤炭,煤炭,114806037.6,2024-04-26T16:02:10,能源,煤炭,煤炭,南南资源,01229.HK,1.1,ODSH,1229,114.80,0.150,26.21,1229.HK,,1000.0,,-2.60,,-0.004,HKD,南南資源,M,,-2.6,0.150,0.0,1229.HK,"meitanhk,煤化工",0.0
01231,新礦資源,N,原材料,一般金屬及礦石,鋼鐵,1840000000.0,2024-04-26T16:02:09,原材料,一般金属及矿石,钢铁,新矿资源,01231.HK,18.4,ODSH,1231,1.84,0.460,,1231.HK,,,,0.00,97.87,0.000,HKD,新礦資源,B,,0.0,0.460,0.0,1231.HK,小金属,0.0
01232,金輪天地控股,N,地產建築,地產,地產發展商,53970600.0,2024-04-26T16:02:09,地产建筑,地产,地产发展商,金轮天地控股,01232.HK,0.5,ODSH,1232,53.97,0.030,,1232.HK,,,,+7.14,,+0.002,HKD,金輪天地控股,M,,7.14,0.030,0.0,1232.HK,"内地房地产,现代服务业",0.0
01233,時代中國控股,N,地產建築,地產,地產發展商,346799646.435,2024-04-26T16:02:09,地产建筑,地产,地产发展商,时代中国控股,01233.HK,3.5,ODSH,1233,348.90,0.166,361.81,1233.HK,,1000.0,,+12.16,,+0.018,HKD,時代中國控股,M,,12.16,0.166,0.0,1233.HK,"内地房地产,粤港澳",0.0
01234,中國利郎,N,非必需性消費,紡織及服飾,服裝,5652128817.68,2024-04-26T16:02:09,非必需性消费,纺织及服饰,服装,中国利郎,01234.HK,56.5,ODSH,1234,5.66,4.730,3.13,1234.HK,,1000000.0,7.61,0.00,9.94,0.000,HKD,中國利郎,B,,0.0,4.730,0.0,1234.HK,品牌服饰,0.0
01235,專業旅運,N,非必需性消費,旅遊及休閒設施,旅遊及觀光,65261952.0,2024-04-26T16:02:09,非必需性消费,旅游及休闲设施,旅游及观光,专业旅运,01235.HK,0.7,ODSH,1235,65.26,0.128,640.0,1235.HK,,,,+7.56,,+0.009,HKD,專業旅運,M,,7.56,0.128,0.0,1235.HK,"在线旅游,旅游及观光",0.0
01237,中科生物,N,非必需性消費,家庭電器及用品,家具,30865912.085,2024-04-26T16:02:09,非必需性消费,家庭电器及用品,家具,中科生物,01237.HK,0.3,ODSH,1237,30.86,0.335,60.2,1237.HK,,1000.0,,-2.90,,-0.010,HKD,中科生物,M,,-2.9,0.335,0.0,1237.HK,"家具,现代服务业",0.0
01238,寶龍地產,N,地產建築,地產,地產發展商,2484241800.0,2024-04-26T16:02:09,地产建筑,地产,地产发展商,宝龙地产,01238.HK,24.8,ODSH,1238,2.48,0.600,11.31,1238.HK,,1000000.0,,+9.09,,+0.050,HKD,寶龍地產,B,,9.09,0.600,0.1,1238.HK,内地房地产,0.26104385958272724
01239,TEAMWAY INTL GP,N,工業,工業支援,印刷及包裝,54055442.264,2024-04-26T16:02:10,工业,工业支援,印刷及包装,TEAMWAY INTL GP,01239.HK,0.5,ODSH,1239,54.05,0.137,6.77,1239.HK,,1000.0,,+5.38,,+0.007,HKD,TEAMWAY INTL GP,M,,5.38,0.137,0.0,1239.HK,现代服务业,0.0
01240,青建國際,N,地產建築,地產,地產發展商,227748004.5,2024-04-26T16:02:09,地产建筑,地产,地产发展商,青建国际,01240.HK,2.3,ODSH,1240,227.74,0.150,,1240.HK,,,,0.00,,0.000,HKD,青建國際,M,,0.0,0.150,0.0,1240.HK,"现代服务业,香港房地产",0.0
01241,雙樺控股,N,非必需性消費,汽車,汽車零件,35750000.0,2024-04-26T16:02:09,非必需性消费,汽车,汽车零件,双桦控股,01241.HK,0.4,ODSH,1241,35.75,0.055,110.0,1241.HK,,,,-9.84,,-0.006,HKD,雙樺控股,M,,-9.84,0.055,0.0,1241.HK,汽车制造,0.0
01243,宏安地產,N,地產建築,地產,地產投資,638400000.0,2024-04-26T16:02:09,地产建筑,地产,地产投资,宏安地产,01243.HK,6.4,ODSH,1243,638.40,0.042,1.05,1243.HK,,1000000.0,16.43,-4.55,3.02,-0.002,HKD,宏安地產,M,,-4.55,0.042,0.0,1243.HK,香港房地产,0.0
01244,3D MEDICINES,N,醫療保健,藥品及生物科技,生物技術,1611211680.0,2024-04-26T16:02:10,医疗保健,药品及生物科技,生物技术,3D MEDICINES,01244.HK,16.1,ODSH,1244,1.60,6.230,5.22,1244.HK,,1000000.0,,+1.14,,+0.070,HKD,3D MEDICINES,B,,1.14,6.230,0.1,1244.HK,"创新药,抗癌,生物医药B类",0.013989781886791614
01245,NIRAKU,N,非必需性消費,旅遊及休閒設施,賭場及博彩,289395811.32,2024-04-26T16:02:09,非必需性消费,旅游及休闲设施,赌场及博彩,NIRAKU,01245.HK,2.9,ODSH,1245,289.39,0.242,,1245.HK,,,4.55,-0.41,4.62,-0.001,HKD,NIRAKU,M,,-0.41,0.242,0.0,1245.HK,博彩,0.0
01246,保集健康,N,地產建築,地產,地產發展商,400610000.0,2024-04-26T16:02:10,地产建筑,地产,地产发展商,保集健康,01246.HK,4.0,ODSH,1246,407.40,0.300,129.98,1246.HK,,1000.0,,+1.69,,+0.005,HKD,保集健康,M,,1.69,0.300,0.0,1246.HK,"现代服务业,香港房地产",0.0
01247,米格國際控股,N,非必需性消費,紡織及服飾,服裝,132867840.0,2024-04-26T16:02:10,非必需性消费,纺织及服饰,服装,米格国际控股,01247.HK,1.3,ODSH,1247,132.86,0.840,15.12,1247.HK,,1000.0,,0.00,,0.000,HKD,米格國際控股,M,,0.0,0.840,0.0,1247.HK,"三胎,婴童",0.0
01250,山高新能源,N,公用事業,公用事業,潔能,4380848015.7,2024-04-26T16:02:09,公用事业,公用事业,洁能,山高新能源,01250.HK,43.8,ODSH,1250,4.38,1.950,467.33,1250.HK,,1000.0,,+1.04,11.59,+0.020,HKD,山高新能源,B,,1.04,1.950,0.0,1250.HK,"光伏太阳能,新经济,现代服务业,碳中和,高校",0.0
01251,華油能源,N,能源,石油及天然氣,油氣設備與服務,427876943.781,2024-04-26T16:02:09,能源,石油及天然气,油气设备与服务,华油能源,01251.HK,4.3,ODSH,1251,425.92,0.218,219.16,1251.HK,,1000.0,,-8.02,23.44,-0.019,HKD,華油能源,M,,-8.02,0.218,0.0,1251.HK,"天然气,页岩气",0.0
01252,中國天瑞水泥,S,地產建築,建築,建築材料,141037519.056,2024-04-26T16:02:09,地产建筑,建筑,建筑材料,中国天瑞水泥,01252.HK,1.4,ODSH,1252,141.03,0.048,,1252.HK,,,,0.00,,0.000,HKD,中國天瑞水泥,M,True,0.0,0.048,0.0,1252.HK,,0.0
01253,中國綠地博大綠澤,S,地產建築,建築,建築及服務,349308597.42,2024-04-26T16:02:09,地产建筑,建筑,建筑及服务,中国绿地博大绿泽,01253.HK,3.5,ODSH,1253,349.30,0.060,,1253.HK,,,,0.00,,0.000,HKD,中國綠地博大綠澤,M,True,0.0,0.060,0.0,1253.HK,"土壤修复,节能环保",0.0
01255,TATA健康,S,非必需性消費,零售相關,服裝零售,72853500.0,2024-04-26T16:02:09,非必需性消费,零售相关,服装零售,TATA健康,01255.HK,0.7,ODSH,1255,72.85,0.300,,1255.HK,,,,0.00,7.58,0.000,HKD,ＴＡＴＡ健康,M,True,0.0,0.300,0.0,1255.HK,"品牌服饰,香港",0.0
01257,中國光大綠色環保,N,公用事業,公用事業,潔能,1425593820.0,2024-04-26T16:02:09,公用事业,公用事业,洁能,中国光大绿色环保,01257.HK,14.3,ODSH,1257,1.42,0.690,381.44,1257.HK,,1000.0,3.62,+4.55,,+0.030,HKD,中國光大綠色環保,B,,4.55,0.690,0.0,1257.HK,"光大系,土壤修复,新经济,生物质能发电",0.0
01258,中國有色礦業,N,原材料,一般金屬及礦石,銅,26846007680.0,2024-04-26T16:02:09,原材料,一般金属及矿石,铜,中国有色矿业,01258.HK,268.5,ODSH,1258,27.00,6.920,113.51,1258.HK,,1000000.0,3.35,+8.63,11.95,+0.550,HKD,中國有色礦業,B,,8.63,6.920,1.1,1258.HK,"国企改革,红筹股,铜",1.7261024013783202
01259,未來發展控股,N,必需性消費,消費零售,個人護理,167272050.0,2024-04-26T16:02:10,必需性消费,消费零售,个人护理,未来发展控股,01259.HK,1.7,ODSH,1259,167.27,0.075,40.67,1259.HK,,1000.0,,+5.63,,+0.004,HKD,未來發展控股,M,,5.63,0.075,0.0,1259.HK,"三胎,婴童",0.0
01260,皓天財經集團,N,金融,其他金融,其他金融,158900652.0,2024-04-26T16:02:09,金融,其他金融,其他金融,皓天财经集团,01260.HK,1.6,ODSH,1260,158.90,0.138,27.54,1260.HK,,1000.0,,-2.82,5.85,-0.004,HKD,皓天財經集團,M,,-2.82,0.138,0.0,1260.HK,现代服务业,0.0
01262,蠟筆小新食品,N,必需性消費,食品飲料,包裝食品,215294274.0,2024-04-26T16:02:09,必需性消费,食品饮料,包装食品,蜡笔小新食品,01262.HK,2.2,ODSH,1262,215.29,0.162,,1262.HK,,,,0.00,,0.000,HKD,蠟筆小新食品,M,,0.0,0.162,0.0,1262.HK,"婴童,知名公司",0.0
01263,栢能集團,N,資訊科技,資訊科技器材,電腦及周邊,1058922413.64,2024-04-26T16:02:09,科技,资讯科技器材,电脑及周边,柏能集团,01263.HK,10.6,ODSH,1263,1.05,2.730,366.28,1263.HK,,1000.0,10.99,-0.73,17.40,-0.020,HKD,栢能集團,B,,-0.73,2.730,0.0,1263.HK,"元宇宙,电子信息",0.0
01265,天津津燃公用,N,公用事業,公用事業,燃氣,97011640.0,2024-04-26T16:02:09,公用事业,公用事业,燃气,天津津燃公用,01265.HK,1.0,ODSH,1265,102.01,0.204,12.3,1265.HK,,1000.0,,+5.15,,+0.010,HKD,天津津燃公用,M,,5.15,0.204,0.0,1265.HK,"国企改革,天然气",0.0
01266,西王特鋼,S,原材料,一般金屬及礦石,鋼鐵,23691109.99,2024-04-26T16:02:09,原材料,一般金属及矿石,钢铁,西王特钢,01266.HK,0.2,ODSH,1266,23.69,0.010,,1266.HK,,,,0.00,,0.000,HKD,西王特鋼,M,True,0.0,0.010,0.0,1266.HK,"新材料,铁矿石",0.0
01268,美東汽車,N,非必需性消費,零售相關,汽車零售,3594480026.67,2024-04-26T16:02:09,非必需性消费,零售相关,汽车零售,美东汽车,01268.HK,35.9,ODSH,1268,3.62,2.690,12.53,1268.HK,,1000000.0,1.67,+5.49,24.06,+0.140,HKD,美東汽車,B,,5.49,2.690,0.1,1268.HK,"汽车制造,汽车零售",0.12133016053815975
01269,首控集團,N,非必需性消費,汽車,汽車零件,90552000.0,2024-04-26T16:02:09,非必需性消费,汽车,汽车零件,首控集团,01269.HK,0.9,ODSH,1269,90.55,0.049,1.03,1269.HK,,1000000.0,,+8.89,,+0.004,HKD,首控集團,M,,8.89,0.049,0.0,1269.HK,"MSCI,教育服务,汽车制造",0.0
01270,朗廷-SS,N,基金,基金,產業信䚽,3020170795.46,2024-04-26T16:02:09,基金,基金,产业信䚽,朗廷-SS,01270.HK,30.2,UNIT,1270,3.05,0.920,914.65,1270.HK,,1000.0,,0.00,2.82,0.000,HKD,朗廷—ＳＳ,B,,0.0,0.920,0.0,1270.HK,连锁酒店,0.0
01271,佳明集團控股,N,地產建築,建築,建築及服務,5041789328.3,2024-04-26T16:02:09,地产建筑,建筑,建筑及服务,佳明集团控股,01271.HK,50.4,ODSH,1271,5.04,3.550,45.84,1271.HK,,1000.0,6.76,-0.56,3.95,-0.020,HKD,佳明集團控股,B,,-0.56,3.550,0.0,1271.HK,,0.0
01272,大唐環境,N,工業,工業工程,環保工程,461979188.0,2024-04-26T16:02:09,工业,工业工程,环保工程,大唐环境,01272.HK,4.6,ODSH,1272,468.22,0.750,22.5,1272.HK,,1000.0,,+7.14,3.97,+0.050,HKD,大唐環境,M,,7.14,0.750,0.0,1272.HK,,0.0
01273,香港信貸,N,金融,其他金融,信貸,132800000.0,2024-04-26T16:02:09,金融,其他金融,信贷,香港信贷,01273.HK,1.3,ODSH,1273,132.80,0.320,27.9,1273.HK,,1000.0,8.13,+3.23,2.26,+0.010,HKD,香港信貸,M,,3.23,0.320,0.0,1273.HK,"互联网信贷,小额贷款",0.0
01274,知行汽車科技,N,非必需性消費,汽車,汽車零件,11217046824.0,2024-04-26T16:02:09,非必需性消费,汽车,汽车零件,知行汽车科技,01274.HK,112.2,ODSH,1274,11.23,110.600,19.55,1274.HK,,1000000.0,,+1.94,,+2.100,HKD,知行汽車科技,B,,1.94,110.600,0.2,1274.HK,次新股,0.04312889273298341
01277,力量發展,N,能源,煤炭,煤炭,7587000000.0,2024-04-26T16:02:09,能源,煤炭,煤炭,力量发展,01277.HK,75.9,ODSH,1277,7.50,0.890,4.33,1277.HK,,1000000.0,16.85,0.00,3.38,0.000,HKD,力量發展,B,,0.0,0.890,0.0,1277.HK,"meitanhk,煤化工",0.0
01278,中國新城鎮,N,地產建築,地產,地產發展商,593301031.437,2024-04-26T16:02:09,地产建筑,地产,地产发展商,中国新城镇,01278.HK,5.9,ODSH,1278,603.02,0.062,35.5,1278.HK,,1000.0,9.03,+6.90,4.00,+0.004,HKD,中國新城鎮,M,,6.9,0.062,0.0,1278.HK,"物业投资,香港房地产",0.0
01280,奇點國峰,N,非必需性消費,零售相關,家居裝修零售,136830559.84,2024-04-26T16:02:09,非必需性消费,零售相关,家居装修零售,奇点国峰,01280.HK,1.4,ODSH,1280,136.83,0.520,33.08,1280.HK,,1000.0,,+4.00,1.90,+0.020,HKD,奇點國峰,M,,4.0,0.520,0.0,1280.HK,"博彩,彩票股",0.0
01281,鑫達投資控股,N,公用事業,公用事業,潔能,96499260.0,2024-04-26T16:02:09,公用事业,公用事业,洁能,鑫达投资控股,01281.HK,1.0,ODSH,1281,96.49,0.065,72.0,1281.HK,,,,-1.52,,-0.001,HKD,鑫達投資控股,M,,-1.52,0.065,0.0,1281.HK,"工业互联网,智慧城市",0.0
01282,中澤豐,N,金融,其他金融,證券及經紀,321600000.0,2024-04-26T16:02:10,金融,其他金融,证券及经纪,中泽丰,01282.HK,3.2,ODSH,1282,321.60,0.120,29.2,1282.HK,,1000.0,,+9.09,2.53,+0.010,HKD,中澤豐,M,,9.09,0.120,0.0,1282.HK,电子信息,0.0
01283,高陞集團控股,N,地產建築,建築,建築及服務,608120250.0,2024-04-26T16:02:10,地产建筑,建筑,建筑及服务,高升集团控股,01283.HK,6.1,ODSH,1283,608.12,0.750,491.85,1283.HK,,1000.0,3.07,0.00,10.62,0.000,HKD,高陞集團控股,M,,0.0,0.750,0.0,1283.HK,,0.0
01284,新傳企劃,N,非必需性消費,媒體及娛樂,廣告及宣傳,138000000.0,2024-04-26T16:02:10,非必需性消费,媒体及娱乐,广告及宣传,新传企划,01284.HK,1.4,ODSH,1284,138.00,0.230,85.17,1284.HK,,1000.0,5.22,0.00,8.21,0.000,HKD,新傳企劃,M,,0.0,0.230,0.0,1284.HK,次新股,0.0
01285,嘉士利集團,N,必需性消費,食品飲料,包裝食品,626650000.0,2024-04-26T16:02:09,必需性消费,食品饮料,包装食品,嘉士利集团,01285.HK,6.3,ODSH,1285,626.65,1.510,,1285.HK,,,6.62,-1.31,9.13,-0.020,HKD,嘉士利集團,M,,-1.31,1.510,0.0,1285.HK,,0.0
01286,鷹普精密,N,工業,工業工程,工業及設備,3944427039.85,2024-04-26T16:02:09,工业,工业工程,工业及设备,鹰普精密,01286.HK,39.4,ODSH,1286,3.96,2.100,1.35,1286.HK,,1000000.0,7.62,0.00,6.77,0.000,HKD,鷹普精密,B,,0.0,2.100,0.0,1286.HK,,0.0
01288,農業銀行,N,金融,銀行,銀行,107585880836.0,2024-04-26T16:02:09,金融,银行,银行,农业银行,01288.HK,1075.9,ODSH,1288,107.89,3.510,343.09,1288.HK,,1000000.0,7.04,-1.13,4.56,-0.040,HKD,農業銀行,B,,-1.13,3.510,3.4,1288.HK,"内银股,国企改革",0.22555338221365556
01289,盛力達科技,N,工業,工業工程,工業及設備,26880000.0,2024-04-26T16:02:10,工业,工业工程,工业及设备,盛力达科技,01289.HK,0.3,ODSH,1289,26.88,0.840,,1289.HK,,,10.19,0.00,3.42,0.000,HKD,盛力達科技,M,,0.0,0.840,0.0,1289.HK,现代服务业,0.0
01290,中國匯融,N,金融,其他金融,信貸,1035818250.0,2024-04-26T16:02:09,金融,其他金融,信贷,中国汇融,01290.HK,10.4,ODSH,1290,1.03,0.950,1.41,1290.HK,,1000000.0,2.11,+4.40,20.83,+0.040,HKD,中國匯融,B,,4.4,0.950,0.0,1290.HK,"互联网信贷,小额贷款",0.0
01292,長安民生物流,N,工業,工業運輸,航空貨運及物流,315522864.0,2024-04-26T16:02:09,工业,工业运输,航空货运及物流,长安民生物流,01292.HK,3.2,ODSH,1292,316.82,2.440,133.16,1292.HK,,1000.0,8.78,-2.01,6.51,-0.050,HKD,長安民生物流,M,,-2.01,2.440,0.0,1292.HK,"军工股,国企改革,物流",0.0
01293,廣匯寶信,N,非必需性消費,零售相關,汽車零售,510752057.22,2024-04-26T16:02:09,非必需性消费,零售相关,汽车零售,广汇宝信,01293.HK,5.1,ODSH,1293,505.07,0.178,2.5,1293.HK,,1000000.0,,+21.09,3.76,+0.031,HKD,廣匯寶信,M,,21.09,0.178,0.0,1293.HK,"汽车零售,现代服务业,电子商务",0.0
01298,雲能國際,N,醫療保健,醫療保健設備及服務,醫健設備,302980700.0,2024-04-26T16:02:09,医疗保健,医疗保健设备及服务,医健设备,云能国际,01298.HK,3.0,ODSH,1298,302.98,1.100,,1298.HK,,,,0.00,,0.000,HKD,雲能國際,M,,0.0,1.100,0.0,1298.HK,医疗美容器械,0.0
01299,友邦保險,N,金融,保險,保險,606850972326.0,2024-04-26T16:02:09,金融,保险,保险,友邦保险,01299.HK,6068.5,ODSH,1299,610.78,54.350,3.91,1299.HK,,1000000000.0,2.97,+5.43,21.34,+2.800,HKD,友邦保險,B,,5.43,54.350,39.1,1299.HK,"互联网保险,保险,智能医疗,知名公司",22.171598796622877
01300,俊知集團,N,資訊科技,資訊科技器材,電訊設備,698685000.0,2024-04-26T16:02:09,科技,资讯科技器材,电讯设备,俊知集团,01300.HK,7.0,ODSH,1300,698.68,0.390,110.44,1300.HK,,1000.0,,+5.41,,+0.020,HKD,俊知集團,M,,5.41,0.390,0.0,1300.HK,"5G,电子信息,电讯设备",0.0
01301,德基科技控股,N,工業,工業工程,重型機械,505132320.0,2024-04-26T16:02:09,工业,工业工程,重型机械,德基科技控股,01301.HK,5.1,ODSH,1301,505.13,0.790,9.06,1301.HK,,1000.0,8.86,+5.33,,+0.040,HKD,德基科技控股,M,,5.33,0.790,0.0,1301.HK,,0.0
01302,先健科技,N,醫療保健,醫療保健設備及服務,醫健設備,7732955708.0,2024-04-26T16:02:09,医疗保健,医疗保健设备及服务,医健设备,先健科技,01302.HK,77.3,ODSH,1302,7.77,1.680,4.65,1302.HK,,1000000.0,,+2.44,26.01,+0.040,HKD,先健科技,B,,2.44,1.680,0.0,1302.HK,"医疗器械,医疗美容器械",0.0
01303,滙力資源,N,能源,煤炭,煤炭,835914840.0,2024-04-26T16:02:10,能源,煤炭,煤炭,汇力资源,01303.HK,8.4,ODSH,1303,835.91,0.430,4.24,1303.HK,,1000.0,,0.00,4.00,0.000,HKD,滙力資源,M,,0.0,0.430,0.0,1303.HK,"meitanhk,小金属,金属铅,金属锌,金属镍",0.0
01305,偉志控股,N,工業,工業工程,工業及設備,195555250.0,2024-04-26T16:02:09,工业,工业工程,工业及设备,伟志控股,01305.HK,2.0,ODSH,1305,195.55,0.890,,1305.HK,,,,-3.26,5.30,-0.030,HKD,偉志控股,M,,-3.26,0.890,0.0,1305.HK,LED,0.0
01308,海豐國際,N,工業,工業運輸,航運及港口,46677820464.0,2024-04-26T16:02:09,工业,工业运输,航运及港口,海丰国际,01308.HK,466.8,ODSH,1308,46.78,17.440,88.53,1308.HK,,1000000.0,6.31,+1.40,11.15,+0.240,HKD,海豐國際,B,,1.4,17.440,0.9,1308.HK,"物流,高股息",0.09381075491751772
01310,香港寬頻,N,電訊,電訊,電訊服務,3947914061.56,2024-04-26T16:02:09,科技,电讯,电讯服务,香港宽频,01310.HK,39.5,ODSH,1310,3.94,3.010,4.98,1310.HK,,1000000.0,13.29,+0.33,,+0.010,HKD,香港寬頻,B,,0.33,3.010,0.0,1310.HK,"互联网+,数据中心,电信股",0.0
01312,華控康泰,N,醫療保健,藥品及生物科技,醫藥品,178834296.864,2024-04-26T16:02:09,医疗保健,药品及生物科技,医药品,华控康泰,01312.HK,1.8,ODSH,1312,178.83,0.032,192.0,1312.HK,,,,0.00,,0.000,HKD,華控康泰,M,,0.0,0.032,0.0,1312.HK,,0.0
01313,華潤建材科技,N,地產建築,建築,建築材料,8658842893.08,2024-04-26T16:02:09,地产建筑,建筑,建筑材料,华润建材科技,01313.HK,86.6,ODSH,1313,8.65,1.240,12.28,1313.HK,,1000000.0,3.79,+6.90,12.51,+0.080,HKD,華潤建材科技,B,,6.9,1.240,0.1,1313.HK,"MSCI,华润系,建材水泥股,建筑节能,碳中和,粤港澳,红筹股",0.1398350157174337
01314,翠華控股,N,非必需性消費,旅遊及休閒設施,餐飲,246964628.75,2024-04-26T16:02:09,非必需性消费,旅游及休闲设施,餐饮,翠华控股,01314.HK,2.5,ODSH,1314,246.96,0.175,146.54,1314.HK,,1000.0,28.57,+3.55,3.97,+0.006,HKD,翠華控股,M,,3.55,0.175,0.0,1314.HK,餐饮连锁,0.0
01315,綠色經濟,N,地產建築,建築,建築材料,65297013.285,2024-04-26T16:02:10,地产建筑,建筑,建筑材料,绿色经济,01315.HK,0.7,ODSH,1315,65.29,0.105,74.3,1315.HK,,1000.0,,+6.06,,+0.006,HKD,綠色經濟,M,,6.06,0.105,0.0,1315.HK,"建筑节能,现代服务业",0.0
01316,耐世特,N,非必需性消費,汽車,汽車零件,9913805957.35,2024-04-26T16:02:09,非必需性消费,汽车,汽车零件,耐世特,01316.HK,99.1,ODSH,1316,9.88,3.940,40.51,1316.HK,,1000000.0,0.59,+1.55,34.62,+0.060,HKD,耐世特,B,,1.55,3.940,0.4,1316.HK,"MSCI,外国公司,新经济,汽车制造,特斯拉",0.06236051854507872
01317,楓葉教育,N,非必需性消費,支援服務,教育,1123245345.0,2024-04-26T16:02:10,非必需性消费,支援服务,教育,枫叶教育,01317.HK,11.2,ODSH,1317,1.12,0.375,276.41,1317.HK,,1000.0,,-1.32,208.33,-0.005,HKD,楓葉教育,B,,-1.32,0.375,0.0,1317.HK,"K12教育,三胎,教育服务,现代服务业",0.0
01319,靄華押業信貸,N,金融,其他金融,信貸,458682264.628,2024-04-26T16:02:09,金融,其他金融,信贷,霭华押业信贷,01319.HK,4.6,ODSH,1319,458.68,0.238,19.04,1319.HK,,1000.0,8.03,+0.42,5.32,+0.001,HKD,靄華押業信貸,M,,0.42,0.238,0.0,1319.HK,小额贷款,0.0
01321,中國新城市,N,地產建築,地產,地產發展商,1387429920.0,2024-04-26T16:02:09,地产建筑,地产,地产发展商,中国新城市,01321.HK,13.9,ODSH,1321,1.38,0.690,1.38,1321.HK,,1000.0,,-2.82,,-0.020,HKD,中國新城市,B,,-2.82,0.690,0.0,1321.HK,物业投资,0.0
01323,華盛國際控股,N,地產建築,建築,建築材料,82366366.987,2024-04-26T16:02:10,地产建筑,建筑,建筑材料,华盛国际控股,01323.HK,0.8,ODSH,1323,82.36,0.109,23.61,1323.HK,,1000.0,,+4.81,,+0.005,HKD,華盛國際控股,M,,4.81,0.109,0.0,1323.HK,医疗美容器械,0.0
01326,傳遞娛樂,N,非必需性消費,媒體及娛樂,影視娛樂,96037708.121,2024-04-26T16:02:09,非必需性消费,媒体及娱乐,影视娱乐,传递娱乐,01326.HK,1.0,ODSH,1326,96.03,0.037,1.32,1326.HK,,1000.0,,0.00,,0.000,HKD,傳遞娛樂,M,,0.0,0.037,0.0,1326.HK,"影视娱乐,文化传媒",0.0
01327,勵時集團,N,非必需性消費,紡織及服飾,珠寶鐘錶,43130880.0,2024-04-26T16:02:09,非必需性消费,纺织及服饰,珠宝钟表,励时集团,01327.HK,0.4,ODSH,1327,43.13,0.080,,1327.HK,,,,0.00,,0.000,HKD,勵時集團,M,,0.0,0.080,0.0,1327.HK,,0.0
01328,金涌投資,N,非必需性消費,支援服務,其他支援服務,321873840.988,2024-04-26T16:02:09,非必需性消费,支援服务,其他支援服务,金涌投资,01328.HK,3.2,ODSH,1328,321.87,0.028,4.4,1328.HK,,1000.0,,0.00,7.00,0.000,HKD,金涌投資,M,,0.0,0.028,0.0,1328.HK,软件外包,0.0
01329,首創鉅大,N,地產建築,地產,地產發展商,153846153.92,2024-04-26T16:02:09,地产建筑,地产,地产发展商,首创巨大,01329.HK,1.5,ODSH,1329,151.92,0.158,1.06,1329.HK,,1000000.0,,-12.22,45.14,-0.022,HKD,首創鉅大,M,,-12.22,0.158,0.0,1329.HK,新材料,0.0
01330,綠色動力環保,N,工業,工業工程,環保工程,1144338211.36,2024-04-26T16:02:09,工业,工业工程,环保工程,绿色动力环保,01330.HK,11.4,ODSH,1330,1.14,2.820,978.42,1330.HK,,1000.0,5.69,-0.70,5.84,-0.020,HKD,綠色動力環保,B,,-0.7,2.820,0.0,1330.HK,"国企改革,新经济,环保,粤港澳,节能环保",0.0
01332,透雲生物,N,工業,工業支援,印刷及包裝,645368994.27,2024-04-26T16:02:10,工业,工业支援,印刷及包装,透云生物,01332.HK,6.5,ODSH,1332,645.36,0.230,,1332.HK,,,,-4.17,,-0.010,HKD,透雲生物,M,,-4.17,0.230,0.0,1332.HK,,0.0
01335,順泰控股,N,公用事業,公用事業,潔能,158218850.79,2024-04-26T16:02:09,公用事业,公用事业,洁能,顺泰控股,01335.HK,1.6,ODSH,1335,175.25,0.072,77.55,1335.HK,,1000.0,,-11.11,,-0.009,HKD,順泰控股,M,,-11.11,0.072,0.0,1335.HK,现代服务业,0.0
01336,新華保險,N,金融,保險,保險,15263423157.6,2024-04-26T16:02:09,金融,保险,保险,新华保险,01336.HK,152.6,ODSH,1336,15.24,14.740,121.73,1336.HK,,1000000.0,6.18,+2.93,4.93,+0.420,HKD,新華保險,B,,2.93,14.740,1.2,1336.HK,"保险,内险股,国企改革,蚂蚁集团",0.45485439069038613
01338,霸王集團,N,必需性消費,消費零售,個人護理,139147391.68,2024-04-26T16:02:09,必需性消费,消费零售,个人护理,霸王集团,01338.HK,1.4,ODSH,1338,139.14,0.044,,1338.HK,,,,0.00,9.57,0.000,HKD,霸王集團,M,,0.0,0.044,0.0,1338.HK,现代服务业,0.0
01339,中國人民保險集團,N,金融,保險,保險,23124520100.0,2024-04-26T16:02:09,金融,保险,保险,中国人民保险集团,01339.HK,231.2,ODSH,1339,23.12,2.650,92.73,1339.HK,,1000000.0,6.31,+1.53,4.90,+0.040,HKD,中國人民保險集團,B,,1.53,2.650,0.9,1339.HK,"保险,内险股,国企改革",0.1195517743195612
01340,惠生國際,N,必需性消費,農產品,禽畜肉類,42280224.0,2024-04-26T16:02:09,必需性消费,农产品,禽畜肉类,惠生国际,01340.HK,0.4,ODSH,1340,42.28,0.048,60.9,1340.HK,,1000.0,,+6.67,,+0.003,HKD,惠生國際,M,,6.67,0.048,0.0,1340.HK,猪肉,0.0
01341,昊天國際建投,N,工業,工業工程,重型機械,5715864626.25,2024-04-26T16:02:09,工业,工业工程,重型机械,昊天国际建投,01341.HK,57.2,ODSH,1341,5.63,0.740,24.73,1341.HK,,1000000.0,,+1.37,52.11,+0.010,HKD,昊天國際建投,B,,1.37,0.740,0.2,1341.HK,物流,0.028437830564353714
01343,偉源控股,N,地產建築,建築,重型基建,89376000.0,2024-04-26T16:02:11,地产建筑,建筑,重型基建,伟源控股,01343.HK,0.9,ODSH,1343,89.37,0.084,11.71,1343.HK,,1000.0,,-4.55,21.00,-0.004,HKD,偉源控股,M,,-4.55,0.084,0.0,1343.HK,基础建设,0.0
01345,上海先鋒控股,N,醫療保健,藥品及生物科技,西藥分銷,2364000360.0,2024-04-26T16:02:09,医疗保健,药品及生物科技,西药分销,上海先锋控股,01345.HK,23.6,ODSH,1345,2.36,1.880,,1345.HK,,,2.55,0.00,14.21,0.000,HKD,上海先鋒控股,B,,0.0,1.880,0.0,1345.HK,"医疗器械,医疗美容器械",0.0
01346,利華控股集團,N,非必需性消費,紡織及服飾,服裝,556017000.0,2024-04-26T16:02:10,非必需性消费,纺织及服饰,服装,利华控股集团,01346.HK,5.6,ODSH,1346,556.01,0.870,6.96,1346.HK,,1000.0,10.34,+1.16,4.56,+0.010,HKD,利華控股集團,M,,1.16,0.870,0.0,1346.HK,,0.0
01347,華虹半導體,N,資訊科技,半導體,半導體供應,26506966272.88,2024-04-26T16:02:09,科技,半导体,半导体供应,华虹半导体,01347.HK,265.1,ODSH,1347,26.57,15.480,98.05,1347.HK,,1000000.0,1.07,+2.93,10.48,+0.440,HKD,華虹半導體,B,,2.93,15.480,1.0,1347.HK,"充电桩股,新经济,红筹股,芯片替代,集成电路",0.3474084533668622
01348,滉達富控股,N,非必需性消費,家庭電器及用品,玩具及消閒用品,85505456.0,2024-04-26T16:02:09,非必需性消费,家庭电器及用品,玩具及消闲用品,滉达富控股,01348.HK,0.9,ODSH,1348,85.50,0.058,2.32,1348.HK,,1000.0,,0.00,,0.000,HKD,滉達富控股,M,,0.0,0.058,0.0,1348.HK,"玩具及消闲用品,移动互联网",0.0
01349,復旦張江,N,醫療保健,藥品及生物科技,生物技術,704160000.0,2024-04-26T16:02:10,医疗保健,药品及生物科技,生物技术,复旦张江,01349.HK,7.0,ODSH,1349,707.42,2.170,2.21,1349.HK,,1000000.0,3.45,+2.36,19.31,+0.050,HKD,復旦張江,M,,2.36,2.170,0.0,1349.HK,国企改革,0.0
01351,輝煌明天,N,非必需性消費,媒體及娛樂,廣告及宣傳,138600000.0,2024-04-26T16:02:10,非必需性消费,媒体及娱乐,广告及宣传,辉煌明天,01351.HK,1.4,ODSH,1351,144.60,0.241,41.12,1351.HK,,1000.0,,-0.41,7.33,-0.001,HKD,輝煌明天,M,,-0.41,0.241,0.0,1351.HK,短视频,0.0
01355,朸濬國際,N,非必需性消費,旅遊及休閒設施,酒店及度假村,103123652.84,2024-04-26T16:02:09,非必需性消费,旅游及休闲设施,酒店及度假村,朸濬国际,01355.HK,1.0,ODSH,1355,104.91,0.234,2.79,1355.HK,,1000000.0,,+0.43,,+0.001,HKD,朸濬國際,M,,0.43,0.234,0.0,1355.HK,连锁酒店,0.0
01357,美圖公司,N,資訊科技,軟件服務,電商及互聯網服務,15055390198.88,2024-04-26T16:02:09,科技,软件服务,电商及互联网服务,美图公司,01357.HK,150.6,ODSH,1357,15.01,3.310,242.05,1357.HK,,1000000.0,1.09,+6.43,35.94,+0.200,HKD,美圖公司,B,,6.43,3.310,2.4,1357.HK,"AIGC,MSCI,互联网出海,人工智能,区块链,新经济,新经济,知名公司,芯片替代",2.7703548816972106
01358,普華和順,N,醫療保健,醫療保健設備及服務,醫健設備,1487350493.1,2024-04-26T16:02:09,医疗保健,医疗保健设备及服务,医健设备,普华和顺,01358.HK,14.9,ODSH,1358,1.48,0.950,1.05,1358.HK,,1000000.0,10.37,0.00,9.08,0.000,HKD,普華和順,B,,0.0,0.950,0.0,1358.HK,医疗美容器械,0.0
01359,中國信達,N,金融,其他金融,資產管理,9497321981.7,2024-04-26T16:02:09,金融,其他金融,资产管理,中国信达,01359.HK,95.0,ODSH,1359,9.49,0.700,62.86,1359.HK,,1000000.0,7.01,+4.48,5.94,+0.030,HKD,中國信達,B,,4.48,0.700,0.6,1359.HK,"国企改革,融资租赁,财产管理",0.45380810037604774
01360,諾發集團,S,非必需性消費,媒體及娛樂,廣告及宣傳,24649839.324,2024-04-26T16:02:10,非必需性消费,媒体及娱乐,广告及宣传,诺发集团,01360.HK,0.2,ODSH,1360,24.64,0.012,,1360.HK,,,,0.00,,0.000,HKD,諾發集團,M,True,0.0,0.012,0.0,1360.HK,,0.0
01361,361度,N,非必需性消費,紡織及服飾,鞋履,9718105400.0,2024-04-26T16:02:09,非必需性消费,纺织及服饰,鞋履,361度,01361.HK,97.2,ODSH,1361,9.73,4.710,10.98,1361.HK,,1000000.0,4.33,+1.51,9.40,+0.070,HKD,３６１度,B,,1.51,4.710,0.1,1361.HK,"体育,体育用品股,品牌服饰,知名公司",0.015017584424288754
01362,新龍移動,N,資訊科技,資訊科技器材,電訊設備,89600000.0,2024-04-26T16:02:09,科技,资讯科技器材,电讯设备,新龙移动,01362.HK,0.9,ODSH,1362,89.60,0.320,,1362.HK,,,4.69,-9.86,9.94,-0.035,HKD,新龍移動,M,,-9.86,0.320,0.0,1362.HK,"现代服务业,电讯设备",0.0
01368,特步國際,N,非必需性消費,紡織及服飾,鞋履,13365773467.42,2024-04-26T16:02:09,非必需性消费,纺织及服饰,鞋履,特步国际,01368.HK,133.7,ODSH,1368,13.41,5.080,59.18,1368.HK,,1000000.0,4.27,+4.31,11.60,+0.210,HKD,特步國際,B,,4.31,5.080,0.6,1368.HK,"体育,体育用品股,品牌服饰,知名公司",0.40503818966166033
01370,奧威控股,N,原材料,一般金屬及礦石,鋼鐵,981197935.2,2024-04-26T16:02:09,原材料,一般金属及矿石,钢铁,奥威控股,01370.HK,9.8,ODSH,1370,981.19,0.600,,1370.HK,,,,0.00,,0.000,HKD,奧威控股,M,,0.0,0.600,0.0,1370.HK,"小金属,铁矿石",0.0
01371,中國生態旅遊,N,非必需性消費,旅遊及休閒設施,賭場及博彩,33509597.653,2024-04-26T16:02:10,非必需性消费,旅游及休闲设施,赌场及博彩,中国生态旅游,01371.HK,0.3,ODSH,1371,33.50,0.217,6.44,1371.HK,,1000.0,,-0.46,,-0.001,HKD,中國生態旅遊,M,,-0.46,0.217,0.0,1371.HK,"博彩,彩票股,腾讯",0.0
01372,中國碳中和,N,地產建築,建築,重型基建,251826000.0,2024-04-26T16:02:09,地产建筑,建筑,重型基建,中国碳中和,01372.HK,2.5,ODSH,1372,243.78,0.455,448.76,1372.HK,,1000.0,,-3.19,,-0.015,HKD,中國碳中和,M,,-3.19,0.455,0.0,1372.HK,"NFT,基础建设,碳中和",0.0
01373,國際家居零售,N,非必需性消費,零售相關,家居裝修零售,933989670.0,2024-04-26T16:02:09,非必需性消费,零售相关,家居装修零售,国际家居零售,01373.HK,9.3,ODSH,1373,933.98,1.290,176.92,1373.HK,,1000.0,12.09,0.00,5.11,0.000,HKD,國際家居零售,M,,0.0,1.290,0.0,1373.HK,现代服务业,0.0
01375,中州證券,N,金融,其他金融,證券及經紀,1290994200.0,2024-04-26T16:02:09,金融,其他金融,证券及经纪,中州证券,01375.HK,12.9,ODSH,1375,1.29,1.080,8.97,1375.HK,,1000000.0,1.39,+6.93,22.13,+0.070,HKD,中州證券,B,,6.93,1.080,0.1,1375.HK,"中资券商股,国企改革,财产管理",0.211960810032632
01376,RAFFLESINTERIOR,N,地產建築,建築,建築及服務,255000000.0,2024-04-26T16:02:10,地产建筑,建筑,建筑及服务,RAFFLESINTERIOR,01376.HK,2.6,ODSH,1376,255.00,0.255,534.53,1376.HK,,1000.0,,-1.92,31.48,-0.005,HKD,RAFFLESINTERIOR,M,,-1.92,0.255,0.0,1376.HK,,0.0
01378,中國宏橋,N,原材料,一般金屬及礦石,鋁,104420433443.5,2024-04-26T16:02:09,原材料,一般金属及矿石,铝,中国宏桥,01378.HK,1044.2,ODSH,1378,104.60,11.040,416.09,1378.HK,,1000000.0,5.71,+2.41,8.50,+0.260,HKD,中國宏橋,B,,2.41,11.040,4.2,1378.HK,"新材料,碳中和,铝,高股息",0.905093998675037
01379,温嶺工量刃具,N,地產建築,地產,地產投資,45600000.0,2024-04-26T16:02:11,地产建筑,地产,地产投资,温岭工量刃具,01379.HK,0.5,ODSH,1379,45.60,2.280,,1379.HK,,,10.81,0.00,6.26,0.000,HKD,温嶺工量刃具,M,,0.0,2.280,0.0,1379.HK,,0.0
01380,中國金石,N,原材料,一般金屬及礦石,其他金屬及礦石,34825571.85,2024-04-26T16:02:10,原材料,一般金属及矿石,其他金属及矿石,中国金石,01380.HK,0.3,ODSH,1380,34.82,0.170,,1380.HK,,,,0.00,,0.000,HKD,中國金石,M,,0.0,0.170,0.0,1380.HK,,0.0
01381,粵豐環保,N,公用事業,公用事業,潔能,9538605970.79,2024-04-26T16:02:09,公用事业,公用事业,洁能,粤丰环保,01381.HK,95.4,ODSH,1381,9.51,3.900,1.77,1381.HK,,1000000.0,2.08,-0.26,9.46,-0.010,HKD,粵豐環保,B,,-0.26,3.900,0.0,1381.HK,"新经济,生物质能发电,节能环保",0.0
01382,互太紡織,N,非必需性消費,紡織及服飾,紡織品及布料,2070210680.0,2024-04-26T16:02:09,非必需性消费,纺织及服饰,纺织品及布料,互太纺织,01382.HK,20.7,ODSH,1382,2.08,1.490,2.51,1382.HK,,1000000.0,7.38,+5.67,7.82,+0.080,HKD,互太紡織,B,,5.67,1.490,0.0,1382.HK,,0.0
01383,LET GROUP,S,非必需性消費,旅遊及休閒設施,旅遊及觀光,298289828.078,2024-04-26T16:02:09,非必需性消费,旅游及休闲设施,旅游及观光,LET GROUP,01383.HK,3.0,ODSH,1383,298.28,0.043,,1383.HK,,,,0.00,,0.000,HKD,LET GROUP,M,True,0.0,0.043,0.0,1383.HK,"内地房地产,旅游及观光",0.0
01385,上海復旦,N,資訊科技,半導體,半導體供應,2957032000.0,2024-04-26T16:02:09,科技,半导体,半导体供应,上海复旦,01385.HK,29.6,ODSH,1385,2.95,10.400,51.75,1385.HK,,1000000.0,1.03,+3.79,11.00,+0.380,HKD,上海復旦,B,,3.79,10.400,0.5,1385.HK,"F5G,国企改革,新经济,移动支付,芯片替代,高校",0.3753875560303153
01387,中國地利,S,地產建築,地產,地產投資,5871551254.8,2024-04-26T16:02:10,地产建筑,地产,地产投资,中国地利,01387.HK,58.7,ODSH,1387,5.87,0.660,,1387.HK,,,,0.00,19.35,0.000,HKD,中國地利,B,True,0.0,0.660,0.0,1387.HK,京东,0.0
01388,安莉芳控股,N,非必需性消費,紡織及服飾,服裝,147845823.3,2024-04-26T16:02:09,非必需性消费,纺织及服饰,服装,安莉芳控股,01388.HK,1.5,ODSH,1388,147.84,0.350,233.21,1388.HK,,1000.0,,+1.45,,+0.005,HKD,安莉芳控股,M,,1.45,0.350,0.0,1388.HK,品牌服饰,0.0
01389,美捷滙控股,N,必需性消費,食品飲料,酒精飲料,73171999.824,2024-04-26T16:02:09,必需性消费,食品饮料,酒精饮料,美捷汇控股,01389.HK,0.7,ODSH,1389,73.17,0.132,,1389.HK,,,,+0.76,,+0.001,HKD,美捷滙控股,M,,0.76,0.132,0.0,1389.HK,,0.0
01393,恒鼎實業,N,能源,煤炭,煤炭,391447049.595,2024-04-26T16:02:09,能源,煤炭,煤炭,恒鼎实业,01393.HK,3.9,ODSH,1393,391.44,0.085,54.42,1393.HK,,1000.0,,0.00,,0.000,HKD,恒鼎實業,M,,0.0,0.085,0.0,1393.HK,"meitanhk,煤化工",0.0
01395,強泰環保,N,公用事業,公用事業,水務,88584000.0,2024-04-26T16:02:09,公用事业,公用事业,水务,强泰环保,01395.HK,0.9,ODSH,1395,90.79,0.082,9.24,1395.HK,,1000.0,,0.00,,0.000,HKD,強泰環保,M,,0.0,0.082,0.0,1395.HK,节能环保,0.0
01396,粵港灣控股,N,地產建築,地產,地產發展商,66699103.8,2024-04-26T16:02:10,地产建筑,地产,地产发展商,粤港湾控股,01396.HK,0.7,ODSH,1396,67.15,0.148,,1396.HK,,,,0.00,,0.000,HKD,粵港灣控股,M,,0.0,0.148,0.0,1396.HK,物流,0.0
01397,碧瑤綠色集團,N,非必需性消費,支援服務,其他支援服務,273900000.0,2024-04-26T16:02:10,非必需性消费,支援服务,其他支援服务,碧瑶绿色集团,01397.HK,2.7,ODSH,1397,278.05,0.670,224.88,1397.HK,,1000.0,5.07,-1.47,5.90,-0.010,HKD,碧瑤綠色集團,M,,-1.47,0.670,0.0,1397.HK,节能环保,0.0
01398,工商銀行,N,金融,銀行,銀行,360195284882.5,2024-04-26T16:02:10,金融,银行,银行,工商银行,01398.HK,3602.0,ODSH,1398,360.19,4.150,1.0,1398.HK,,1000000000.0,7.91,-0.48,3.95,-0.020,HKD,工商銀行,B,,-0.48,4.150,10.0,1398.HK,"内银股,国企改革",0.13643854917608433
01399,銳信控股,N,工業,工業工程,能源儲存相關,244160279.104,2024-04-26T16:02:10,工业,工业工程,能源储存相关,锐信控股,01399.HK,2.4,ODSH,1399,244.16,0.224,6.27,1399.HK,,1000.0,,0.00,11.37,0.000,HKD,銳信控股,M,,0.0,0.224,0.0,1399.HK,,0.0
01400,滿地科技股份,N,非必需性消費,紡織及服飾,紡織品及布料,356574969.135,2024-04-26T16:02:09,非必需性消费,纺织及服饰,纺织品及布料,满地科技股份,01400.HK,3.6,ODSH,1400,356.57,0.099,86.57,1400.HK,,1000.0,,-1.98,,-0.002,HKD,滿地科技股份,M,,-1.98,0.099,0.0,1400.HK,品牌服饰,0.0
01401,SPROCOMM INTEL,N,工業,工業工程,電子設備,2860000000.0,2024-04-26T16:02:10,工业,工业工程,电子设备,SPROCOMM INTEL,01401.HK,28.6,ODSH,1401,2.86,2.860,2.0,1401.HK,,1000000.0,,+2.51,82.42,+0.070,HKD,SPROCOMM INTEL,B,,2.51,2.860,0.0,1401.HK,,0.0
01402,超智能控股,S,資訊科技,軟件服務,系統開發及顧問,189090000.0,2024-04-26T16:02:10,科技,软件服务,系统开发及顾问,超智能控股,01402.HK,1.9,ODSH,1402,189.09,0.180,,1402.HK,,,9.44,0.00,32.73,0.000,HKD,超智能控股,M,True,0.0,0.180,0.0,1402.HK,,0.0
01405,達勢股份,N,非必需性消費,旅遊及休閒設施,餐飲,7076904501.9,2024-04-26T16:02:09,非必需性消费,旅游及休闲设施,餐饮,达势股份,01405.HK,70.8,ODSH,1405,7.10,54.500,4.64,1405.HK,,1000000.0,,+2.54,,+1.350,HKD,達勢股份,B,,2.54,54.500,0.0,1405.HK,次新股,0.0
01406,清晰醫療,N,醫療保健,醫療保健設備及服務,醫療及醫學美容服務,295750000.0,2024-04-26T16:02:09,医疗保健,医疗保健设备及服务,医疗及医学美容服务,清晰医疗,01406.HK,3.0,ODSH,1406,295.75,0.560,49.81,1406.HK,,1000.0,,+3.70,,+0.020,HKD,清晰醫療,M,,3.7,0.560,0.0,1406.HK,,0.0
01407,交運燃氣,N,能源,石油及天然氣,油氣生產商,209000000.0,2024-04-26T16:02:10,能源,石油及天然气,油气生产商,交运燃气,01407.HK,2.1,ODSH,1407,209.00,0.475,625.79,1407.HK,,1000.0,6.95,+3.26,7.96,+0.015,HKD,交運燃氣,M,,3.26,0.475,0.0,1407.HK,,0.0
01408,濠江機電,N,地產建築,建築,建築及服務,71000000.0,2024-04-26T16:02:10,地产建筑,建筑,建筑及服务,濠江机电,01408.HK,0.7,ODSH,1408,71.00,0.142,15.15,1408.HK,,1000.0,,-4.70,,-0.007,HKD,濠江機電,M,,-4.7,0.142,0.0,1408.HK,,0.0
01410,安領國際,N,資訊科技,軟件服務,系統開發及顧問,366539205.0,2024-04-26T16:02:10,科技,软件服务,系统开发及顾问,安领国际,01410.HK,3.7,ODSH,1410,366.53,0.365,289.0,1410.HK,,1000.0,,-6.41,,-0.025,HKD,安領國際,M,,-6.41,0.365,0.0,1410.HK,,0.0
01412,雋思集團,N,工業,工業支援,印刷及包裝,606480000.0,2024-04-26T16:02:10,工业,工业支援,印刷及包装,隽思集团,01412.HK,6.1,ODSH,1412,606.48,1.140,61.56,1412.HK,,1000.0,8.77,-1.72,7.57,-0.020,HKD,雋思集團,M,,-1.72,1.140,0.0,1412.HK,,0.0
01413,廣聯工程控股,N,地產建築,建築,建築及服務,232000000.0,2024-04-26T16:02:10,地产建筑,建筑,建筑及服务,广联工程控股,01413.HK,2.3,ODSH,1413,227.00,0.227,733.6,1413.HK,,1000.0,,-1.30,227.00,-0.003,HKD,廣聯工程控股,M,,-1.3,0.227,0.0,1413.HK,,0.0
01415,高偉電子,N,工業,工業工程,電子設備,14912708904.0,2024-04-26T16:02:10,工业,工业工程,电子设备,高伟电子,01415.HK,149.1,ODSH,1415,14.99,17.580,44.56,1415.HK,,1000000.0,,+2.33,41.02,+0.400,HKD,高偉電子,B,,2.33,17.580,0.4,1415.HK,"电子信息,苹果",0.10841763170781805
01416,CTR HOLDINGS,N,地產建築,建築,建築及服務,93800000.0,2024-04-26T16:02:09,地产建筑,建筑,建筑及服务,CTR HOLDINGS,01416.HK,0.9,ODSH,1416,89.60,0.064,131.36,1416.HK,,1000.0,,-20.00,2.28,-0.016,HKD,CTR HOLDINGS,M,,-20.0,0.064,0.0,1416.HK,,0.0
01417,浦江中國,N,地產建築,地產,物業管理及服務,107325000.0,2024-04-26T16:02:10,地产建筑,地产,物业管理及服务,浦江中国,01417.HK,1.1,ODSH,1417,107.32,0.265,11.98,1417.HK,,1000.0,,+10.42,,+0.025,HKD,浦江中國,M,,10.42,0.265,0.0,1417.HK,物业管理,0.0
01418,盛諾集團,N,非必需性消費,家庭電器及用品,家具,225750258.0,2024-04-26T16:02:10,非必需性消费,家庭电器及用品,家具,盛诺集团,01418.HK,2.3,ODSH,1418,225.75,0.129,,1418.HK,,,13.18,0.00,3.60,0.000,HKD,盛諾集團,M,,0.0,0.129,0.0,1418.HK,"健康产业,家具",0.0
01419,盈健醫療,N,醫療保健,醫療保健設備及服務,醫療及醫學美容服務,379552233.0,2024-04-26T16:02:10,医疗保健,医疗保健设备及服务,医疗及医学美容服务,盈健医疗,01419.HK,3.8,ODSH,1419,379.55,1.000,397.6,1419.HK,,1000.0,16.00,0.00,2.10,0.000,HKD,盈健醫療,M,,0.0,1.000,0.0,1419.HK,牙科医疗,0.0
01420,川控股,N,地產建築,建築,建築及服務,69546136.0,2024-04-26T16:02:10,地产建筑,建筑,建筑及服务,川控股,01420.HK,0.7,ODSH,1420,69.54,0.055,,1420.HK,,,,0.00,3.09,0.000,HKD,川控股,M,,0.0,0.055,0.0,1420.HK,,0.0
01421,工蓋有限公司,N,地產建築,建築,重型基建,47547576.0,2024-04-26T16:02:10,地产建筑,建筑,重型基建,工盖有限公司,01421.HK,0.5,ODSH,1421,47.54,0.380,,1421.HK,,,,0.00,,0.000,HKD,工蓋有限公司,M,,0.0,0.380,0.0,1421.HK,基础建设,0.0
01425,捷隆控股,N,非必需性消費,紡織及服飾,服裝,750000000.0,2024-04-26T16:02:10,非必需性消费,纺织及服饰,服装,捷隆控股,01425.HK,7.5,ODSH,1425,750.00,0.600,2.22,1425.HK,,1000000.0,8.08,-3.23,4.28,-0.020,HKD,捷隆控股,M,,-3.23,0.600,0.0,1425.HK,,0.0
01427,中國天保集團,N,地產建築,建築,建築及服務,151368272.0,2024-04-26T16:02:11,地产建筑,建筑,建筑及服务,中国天保集团,01427.HK,1.5,ODSH,1427,151.36,0.187,187.0,1427.HK,,,,-2.60,12.90,-0.005,HKD,中國天保集團,M,,-2.6,0.187,0.0,1427.HK,,0.0
01428,耀才證券金融,N,金融,其他金融,證券及經紀,2783565945.12,2024-04-26T16:02:10,金融,其他金融,证券及经纪,耀才证券金融,01428.HK,27.8,ODSH,1428,2.76,1.630,11.8,1428.HK,,1000000.0,30.67,+4.49,4.46,+0.070,HKD,耀才證券金融,B,,4.49,1.630,0.1,1428.HK,财产管理,0.09682239080599661
01429,天任集團,N,地產建築,建築,建築及服務,54400000.0,2024-04-26T16:02:10,地产建筑,建筑,建筑及服务,天任集团,01429.HK,0.5,ODSH,1429,54.40,0.034,,1429.HK,,,,0.00,1.63,0.000,HKD,天任集團,M,,0.0,0.034,0.0,1429.HK,,0.0
01431,原生態牧業,N,必需性消費,食品飲料,乳製品,445597158.0,2024-04-26T16:02:10,必需性消费,食品饮料,乳制品,原生态牧业,01431.HK,4.5,ODSH,1431,445.59,0.095,38.04,1431.HK,,1000.0,,+5.56,,+0.005,HKD,原生態牧業,M,,5.56,0.095,0.0,1431.HK,乳业,0.0
01432,中國聖牧,N,必需性消費,食品飲料,乳製品,1600827388.739,2024-04-26T16:02:10,必需性消费,食品饮料,乳制品,中国圣牧,01432.HK,16.0,ODSH,1432,1.60,0.191,192.75,1432.HK,,1000.0,1.20,+2.69,17.21,+0.005,HKD,中國聖牧,B,,2.69,0.191,0.0,1432.HK,乳业,0.0
01433,常達控股,N,工業,工業支援,印刷及包裝,86000000.0,2024-04-26T16:02:11,工业,工业支援,印刷及包装,常达控股,01433.HK,0.9,ODSH,1433,86.00,0.043,,1433.HK,,,,0.00,,0.000,HKD,常達控股,M,,0.0,0.043,0.0,1433.HK,,0.0
01439,移動互聯(中國),S,工業,工業支援,印刷及包裝,33059943.888,2024-04-26T16:02:10,工业,工业支援,印刷及包装,移动互联(中国),01439.HK,0.3,ODSH,1439,33.05,0.024,,1439.HK,,,,0.00,,0.000,HKD,移動互聯（中國）,M,True,0.0,0.024,0.0,1439.HK,手机游戏,0.0
01440,應星控股,N,非必需性消費,紡織及服飾,紡織品及布料,3742200000.0,2024-04-26T16:02:10,非必需性消费,纺织及服饰,纺织品及布料,应星控股,01440.HK,37.4,ODSH,1440,3.84,3.050,4.31,1440.HK,,1000000.0,,-15.51,,-0.560,HKD,應星控股,B,,-15.51,3.050,0.0,1440.HK,,0.0
01442,鷹輝物流,N,工業,工業運輸,航空貨運及物流,681120000.0,2024-04-26T16:02:09,工业,工业运输,航空货运及物流,鹰辉物流,01442.HK,6.8,ODSH,1442,681.12,0.330,450.4,1442.HK,,1000.0,,-1.49,22.76,-0.005,HKD,鷹輝物流,M,,-1.49,0.330,0.0,1442.HK,,0.0
01443,富臨集團控股,N,非必需性消費,旅遊及休閒設施,餐飲,260000000.0,2024-04-26T16:02:09,非必需性消费,旅游及休闲设施,餐饮,富临集团控股,01443.HK,2.6,ODSH,1443,260.00,0.200,,1443.HK,,,1.50,0.00,12.27,0.000,HKD,富臨集團控股,M,,0.0,0.200,0.0,1443.HK,餐饮连锁,0.0
01446,鴻福堂,N,必需性消費,食品飲料,非酒精飲料,109542648.0,2024-04-26T16:02:10,必需性消费,食品饮料,非酒精饮料,鸿福堂,01446.HK,1.1,ODSH,1446,110.19,0.168,,1446.HK,,,,0.00,,0.000,HKD,鴻福堂,M,,0.0,0.168,0.0,1446.HK,"健康产业,非酒精饮料",0.0
01447,新福港,N,地產建築,建築,建築及服務,256000000.0,2024-04-26T16:02:09,地产建筑,建筑,建筑及服务,新福港,01447.HK,2.6,ODSH,1447,256.00,0.640,,1447.HK,,,10.94,0.00,10.11,0.000,HKD,新福港,M,,0.0,0.640,0.0,1447.HK,,0.0
01448,福壽園,N,非必需性消費,支援服務,其他支援服務,12179282965.5,2024-04-26T16:02:10,非必需性消费,支援服务,其他支援服务,福寿园,01448.HK,121.8,ODSH,1448,12.22,5.270,31.42,1448.HK,,1000000.0,7.08,+0.57,14.09,+0.030,HKD,福壽園,B,,0.57,5.270,0.3,1448.HK,殡葬,0.008726876631683133
01449,立德教育,N,非必需性消費,支援服務,教育,223333445.0,2024-04-26T16:02:11,非必需性消费,支援服务,教育,立德教育,01449.HK,2.2,ODSH,1449,223.33,0.335,665.0,1449.HK,,,31.34,-1.47,3.58,-0.005,HKD,立德教育,M,,-1.47,0.335,0.0,1449.HK,教育服务,0.0
01450,交個朋友控股,N,資訊科技,軟件服務,系統開發及顧問,1891543981.68,2024-04-26T16:02:10,科技,软件服务,系统开发及顾问,交个朋友控股,01450.HK,18.9,ODSH,1450,1.86,1.340,2.36,1450.HK,,1000000.0,,-2.19,13.81,-0.030,HKD,交個朋友控股,B,,-2.19,1.340,0.0,1450.HK,文化传媒,0.0
01451,萬成集團股份,N,工業,工業支援,印刷及包裝,184000000.0,2024-04-26T16:02:10,工业,工业支援,印刷及包装,万成集团股份,01451.HK,1.8,ODSH,1451,184.00,0.920,86.9,1451.HK,,1000.0,6.52,-2.13,11.30,-0.020,HKD,萬成集團股份,M,,-2.13,0.920,0.0,1451.HK,,0.0
01452,迪諾斯環保,N,工業,工業工程,環保工程,45649018.8,2024-04-26T16:02:09,工业,工业工程,环保工程,迪诺斯环保,01452.HK,0.5,ODSH,1452,45.64,0.077,,1452.HK,,,,0.00,,0.000,HKD,迪諾斯環保,M,,0.0,0.077,0.0,1452.HK,节能环保,0.0
01455,科利實業控股,N,必需性消費,消費零售,個人護理,219912750.0,2024-04-26T16:02:11,必需性消费,消费零售,个人护理,科利实业控股,01455.HK,2.2,ODSH,1455,219.91,0.172,,1455.HK,,,13.37,0.00,3.43,0.000,HKD,科利實業控股,M,,0.0,0.172,0.0,1455.HK,家用电器,0.0
01456,國聯證券,N,金融,其他金融,證券及經紀,1651047200.0,2024-04-26T16:02:10,金融,其他金融,证券及经纪,国联证券,01456.HK,16.5,ODSH,1456,1.65,3.740,375.35,1456.HK,,1000000.0,4.07,+26.78,14.71,+0.790,HKD,國聯證券,B,,26.78,3.740,3.8,1456.HK,"中资券商股,国企改革",44.06141122913248
01458,周黑鴨,N,必需性消費,食品飲料,包裝食品,4408809925.0,2024-04-26T16:02:09,必需性消费,食品饮料,包装食品,周黑鸭,01458.HK,44.1,ODSH,1458,4.38,1.840,14.03,1458.HK,,1000000.0,9.24,+1.66,34.39,+0.030,HKD,周黑鴨,B,,1.66,1.840,0.1,1458.HK,"知名公司,节假日",0.020218925506134702
01459,巨匠建設,N,地產建築,建築,建築及服務,44675600.0,2024-04-26T16:02:10,地产建筑,建筑,建筑及服务,巨匠建设,01459.HK,0.4,ODSH,1459,44.67,0.335,4.1,1459.HK,,1000.0,5.97,+11.67,15.80,+0.035,HKD,巨匠建設,M,,11.67,0.335,0.0,1459.HK,,0.0
01460,揚科集團,N,資訊科技,軟件服務,系統開發及顧問,155333485.224,2024-04-26T16:02:10,科技,软件服务,系统开发及顾问,扬科集团,01460.HK,1.6,ODSH,1460,155.33,0.177,,1460.HK,,,,0.00,14.16,0.000,HKD,揚科集團,M,,0.0,0.177,0.0,1460.HK,,0.0
01461,中泰期貨,N,金融,其他金融,證券及經紀,157941300.0,2024-04-26T16:02:09,金融,其他金融,证券及经纪,中泰期货,01461.HK,1.6,ODSH,1461,157.94,0.570,27.36,1461.HK,,1000.0,2.63,0.00,3.98,0.000,HKD,中泰期貨,M,,0.0,0.570,0.0,1461.HK,"中资券商股,国企改革,财产管理",0.0
01463,C-LINK SQ,N,非必需性消費,支援服務,其他支援服務,4483832335.32,2024-04-26T16:02:10,非必需性消费,支援服务,其他支援服务,C-LINK SQ,01463.HK,44.8,ODSH,1463,4.48,1.560,493.62,1463.HK,,1000.0,,-1.89,,-0.030,HKD,C-LINK SQ,B,,-1.89,1.560,0.0,1463.HK,,0.0
01466,錢唐控股,N,非必需性消費,零售相關,其他零售,407551359.6,2024-04-26T16:02:10,非必需性消费,零售相关,其他零售,钱唐控股,01466.HK,4.1,ODSH,1466,407.55,0.600,97.28,1466.HK,,1000.0,,-1.64,41.38,-0.010,HKD,錢唐控股,M,,-1.64,0.600,0.0,1466.HK,,0.0
01468,京基金融國際,N,綜合企業,綜合企業,綜合企業,511207525.489,2024-04-26T16:02:09,综合企业,综合企业,综合企业,京基金融国际,01468.HK,5.1,ODSH,1468,503.57,0.066,69.41,1468.HK,,1000000.0,,+1.54,,+0.001,HKD,京基金融國際,M,,1.54,0.066,0.7,1468.HK,,0.21566804188364883
01469,結好金融,N,金融,其他金融,證券及經紀,1600000000.0,2024-04-26T16:02:09,金融,其他金融,证券及经纪,结好金融,01469.HK,16.0,ODSH,1469,1.60,0.640,519.34,1469.HK,,1000.0,9.38,-4.48,10.68,-0.030,HKD,結好金融,B,,-4.48,0.640,0.0,1469.HK,,0.0
01470,富一國際控股,N,非必需性消費,零售相關,其他零售,32000000.0,2024-04-26T16:02:09,非必需性消费,零售相关,其他零售,富一国际控股,01470.HK,0.3,ODSH,1470,32.00,0.040,,1470.HK,,,,0.00,,0.000,HKD,富一國際控股,M,,0.0,0.040,0.0,1470.HK,,0.0
01472,生興控股,N,地產建築,建築,重型基建,60000000.0,2024-04-26T16:02:11,地产建筑,建筑,重型基建,生兴控股,01472.HK,0.6,ODSH,1472,60.00,0.060,1.2,1472.HK,,1000.0,,0.00,,0.000,HKD,生興控股,M,,0.0,0.060,0.0,1472.HK,基础建设,0.0
01473,環聯連訊,N,資訊科技,資訊科技器材,電訊設備,220000000.0,2024-04-26T16:02:09,科技,资讯科技器材,电讯设备,环联连讯,01473.HK,2.2,ODSH,1473,220.00,0.220,38.83,1473.HK,,1000.0,,-2.65,,-0.006,HKD,環聯連訊,M,,-2.65,0.220,0.0,1473.HK,电讯设备,0.0
01475,日清食品,N,必需性消費,食品飲料,包裝食品,5239331229.6,2024-04-26T16:02:10,必需性消费,食品饮料,包装食品,日清食品,01475.HK,52.4,ODSH,1475,5.23,5.020,1.58,1475.HK,,1000000.0,3.15,+0.80,15.87,+0.040,HKD,日清食品,B,,0.8,5.020,0.0,1475.HK,,0.0
01476,恒投證券,N,金融,其他金融,證券及經紀,969318900.0,2024-04-26T16:02:09,金融,其他金融,证券及经纪,恒投证券,01476.HK,9.7,ODSH,1476,969.31,2.150,8.81,1476.HK,,1000000.0,,+7.50,81.44,+0.150,HKD,恒投證券,M,,7.5,2.150,0.1,1476.HK,"中资券商股,财产管理",0.2542721119042722
01477,歐康維視生物-B,N,醫療保健,藥品及生物科技,生物技術,4486715782.5,2024-04-26T16:02:09,医疗保健,药品及生物科技,生物技术,欧康维视生物-B,01477.HK,44.9,ODSH,1477,4.45,6.400,8.99,1477.HK,,1000000.0,,+6.67,,+0.400,HKD,歐康維視生物－Ｂ,B,,6.67,6.400,0.1,1477.HK,生物医药B类,0.1514011526825903
01478,丘鈦科技,N,工業,工業工程,電子設備,3908976967.5,2024-04-26T16:02:09,工业,工业工程,电子设备,丘钛科技,01478.HK,39.1,ODSH,1478,3.96,3.350,11.11,1478.HK,,1000000.0,,+2.76,45.27,+0.090,HKD,丘鈦科技,B,,2.76,3.350,0.1,1478.HK,"小米,抖音,新经济,电子信息,苹果",0.04465874878710377
01480,恩達集團控股,N,工業,工業工程,電子設備,268800000.0,2024-04-26T16:02:09,工业,工业工程,电子设备,恩达集团控股,01480.HK,2.7,ODSH,1480,268.80,1.120,,1480.HK,,,8.93,0.00,3.58,0.000,HKD,恩達集團控股,M,,0.0,1.120,0.0,1480.HK,集成电路,0.0
01481,竣球控股,N,原材料,其他原材料,紙品相關,413100000.0,2024-04-26T16:02:10,原材料,其他原材料,纸品相关,竣球控股,01481.HK,4.1,ODSH,1481,413.10,0.405,74.2,1481.HK,,1000.0,,-1.22,,-0.005,HKD,竣球控股,M,,-1.22,0.405,0.0,1481.HK,,0.0
01483,網譽科技,N,非必需性消費,支援服務,其他支援服務,874500000.0,2024-04-26T16:02:10,非必需性消费,支援服务,其他支援服务,网誉科技,01483.HK,8.7,ODSH,1483,874.50,1.100,11.0,1483.HK,,1000.0,,0.00,,0.000,HKD,網譽科技,M,,0.0,1.100,0.0,1483.HK,连锁酒店,0.0
01486,思城控股,N,地產建築,建築,建築及服務,115304312.0,2024-04-26T16:02:09,地产建筑,建筑,建筑及服务,思城控股,01486.HK,1.2,ODSH,1486,115.30,0.400,,1486.HK,,,,0.00,,0.000,HKD,思城控股,M,,0.0,0.400,0.0,1486.HK,现代服务业,0.0
01488,百福控股,N,非必需性消費,旅遊及休閒設施,餐飲,1483944160.0,2024-04-26T16:02:10,非必需性消费,旅游及休闲设施,餐饮,百福控股,01488.HK,14.8,ODSH,1488,1.48,0.940,,1488.HK,,,,0.00,,0.000,HKD,百福控股,B,,0.0,0.940,0.0,1488.HK,"现代服务业,餐饮连锁",0.0
01489,GC CONSTRUCTION,N,地產建築,建築,建築材料,720000000.0,2024-04-26T16:02:09,地产建筑,建筑,建筑材料,GC CONSTRUCTION,01489.HK,7.2,ODSH,1489,700.00,0.700,5.67,1489.HK,,1000000.0,,-10.26,12.32,-0.080,HKD,GC CONSTRUCTION,M,,-10.26,0.700,0.1,1489.HK,,0.4198362818589462
01490,車市科技,N,非必需性消費,媒體及娛樂,廣告及宣傳,172844000.0,2024-04-26T16:02:09,非必需性消费,媒体及娱乐,广告及宣传,车市科技,01490.HK,1.7,ODSH,1490,172.84,0.140,25.76,1490.HK,,1000.0,,-0.71,3.38,-0.001,HKD,車市科技,M,,-0.71,0.140,0.0,1490.HK,SaaS,0.0
01495,集一控股,S,地產建築,建築,建築及服務,25849021.156,2024-04-26T16:02:09,地产建筑,建筑,建筑及服务,集一控股,01495.HK,0.3,ODSH,1495,25.84,0.098,,1495.HK,,,,0.00,,0.000,HKD,集一控股,M,True,0.0,0.098,0.0,1495.HK,"建筑节能,智能家居",0.0
01496,亞積邦租賃,N,地產建築,建築,重型基建,114912000.0,2024-04-26T16:02:10,地产建筑,建筑,重型基建,亚积邦租赁,01496.HK,1.1,ODSH,1496,114.91,0.133,1.06,1496.HK,,1000.0,4.89,-1.48,8.99,-0.002,HKD,亞積邦租賃,M,,-1.48,0.133,0.0,1496.HK,基础建设,0.0
01497,燕之屋,N,必需性消費,食品飲料,包裝食品,2940538542.0,2024-04-26T16:02:11,必需性消费,食品饮料,包装食品,燕之屋,01497.HK,29.4,ODSH,1497,2.94,8.940,1.56,1497.HK,,1000000.0,2.58,-1.22,18.10,-0.110,HKD,燕之屋,B,,-1.22,8.940,0.0,1497.HK,次新股,0.0
01498,培力農本方,N,醫療保健,藥品及生物科技,醫藥品,296922956.25,2024-04-26T16:02:09,医疗保健,药品及生物科技,医药品,培力农本方,01498.HK,3.0,ODSH,1498,296.92,0.750,52.5,1498.HK,,1000.0,,0.00,,0.000,HKD,培力農本方,M,,0.0,0.750,0.0,1498.HK,"中医药,生物医药",0.0
01499,歐科雲鏈,N,地產建築,建築,建築及服務,1299663420.0,2024-04-26T16:02:10,地产建筑,建筑,建筑及服务,欧科云链,01499.HK,13.0,ODSH,1499,1.29,0.242,145.95,1499.HK,,1000.0,,+3.42,29.88,+0.008,HKD,歐科雲鏈,B,,3.42,0.242,0.0,1499.HK,,0.0
01500,現恆建築,N,地產建築,建築,建築及服務,68060000.0,2024-04-26T16:02:10,地产建筑,建筑,建筑及服务,现恒建筑,01500.HK,0.7,ODSH,1500,68.06,0.082,6.74,1500.HK,,1000.0,,-6.82,,-0.006,HKD,現恆建築,M,,-6.82,0.082,0.0,1500.HK,,0.0
01501,瑛泰醫療,N,醫療保健,醫療保健設備及服務,醫健設備,2850236271.2,2024-04-26T16:02:10,医疗保健,医疗保健设备及服务,医健设备,瑛泰医疗,01501.HK,28.5,ODSH,1501,2.85,27.350,82.17,1501.HK,,1000.0,1.10,-1.08,27.67,-0.300,HKD,瑛泰醫療,B,,-1.08,27.350,0.0,1501.HK,,0.0
01502,金融街物業,N,地產建築,地產,物業管理及服務,232875000.0,2024-04-26T16:02:10,地产建筑,地产,物业管理及服务,金融街物业,01502.HK,2.3,ODSH,1502,232.87,2.250,498.25,1502.HK,,1000.0,8.24,+2.27,6.12,+0.050,HKD,金融街物業,M,,2.27,2.250,0.0,1502.HK,物业管理,0.0
01508,中國再保險,N,金融,保險,保險,3673679185.0,2024-04-26T16:02:09,金融,保险,保险,中国再保险,01508.HK,36.7,ODSH,1508,3.67,0.550,11.44,1508.HK,,1000000.0,8.18,0.00,3.86,0.000,HKD,中國再保險,B,,0.0,0.550,0.1,1508.HK,"MSCI,互联网保险,保险,内险股",0.0
01513,麗珠醫藥,N,醫療保健,藥品及生物科技,醫藥品,8133069446.25,2024-04-26T16:02:09,医疗保健,药品及生物科技,医药品,丽珠医药,01513.HK,81.3,ODSH,1513,8.14,26.300,13.64,1513.HK,,1000000.0,5.49,-0.19,11.69,-0.050,HKD,麗珠醫藥,B,,-0.19,26.300,0.1,1513.HK,"医药股,生物医药,肝炎,辅助生殖",0.00043088971784426743
01515,華潤醫療,N,醫療保健,醫療保健設備及服務,醫療及醫學美容服務,5342307245.92,2024-04-26T16:02:10,医疗保健,医疗保健设备及服务,医疗及医学美容服务,华润医疗,01515.HK,53.4,ODSH,1515,5.34,4.120,11.02,1515.HK,,1000000.0,1.56,+3.26,18.83,+0.130,HKD,華潤醫療,B,,3.26,4.120,0.1,1515.HK,"专科医院,医药股,新经济,民营医院,生物医药",0.05348001195393666
01516,融創服務,N,地產建築,地產,物業管理及服務,5716298280.0,2024-04-26T16:02:10,地产建筑,地产,物业管理及服务,融创服务,01516.HK,57.2,ODSH,1516,5.77,1.890,30.65,1516.HK,,1000000.0,20.52,+8.00,,+0.140,HKD,融創服務,B,,8.0,1.890,0.3,1516.HK,物业管理,0.5538901362157627
01518,新世紀醫療,N,醫療保健,醫療保健設備及服務,醫療及醫學美容服務,401820500.0,2024-04-26T16:02:10,医疗保健,医疗保健设备及服务,医疗及医学美容服务,新世纪医疗,01518.HK,4.0,ODSH,1518,401.82,0.820,,1518.HK,,,4.61,0.00,4.40,0.000,HKD,新世紀醫療,M,,0.0,0.820,0.0,1518.HK,,0.0
01519,極兔速遞-W,N,工業,工業運輸,航空貨運及物流,57279080527.5,2024-04-26T16:02:10,工业,工业运输,航空货运及物流,极兔速递-W,01519.HK,572.8,ODSH,1519,56.57,6.420,94.24,1519.HK,,1000000.0,,-11.45,,-0.830,HKD,極兔速遞－Ｗ,B,,-11.45,6.420,0.9,1519.HK,次新股,1.8437163305149955
01520,天機控股,N,非必需性消費,紡織及服飾,服裝,216527632.4,2024-04-26T16:02:09,非必需性消费,纺织及服饰,服装,天机控股,01520.HK,2.2,ODSH,1520,216.52,0.100,194.16,1520.HK,,1000.0,,-5.66,,-0.006,HKD,天機控股,M,,-5.66,0.100,0.0,1520.HK,品牌服饰,0.0
01521,方達控股,N,醫療保健,藥品及生物科技,生物技術,2626085133.9,2024-04-26T16:02:10,医疗保健,药品及生物科技,生物技术,方达控股,01521.HK,26.3,ODSH,1521,2.60,1.280,2.01,1521.HK,,1000000.0,,-1.54,30.99,-0.020,HKD,方達控股,B,,-1.54,1.280,0.0,1521.HK,CXO,0.0
01522,京投交通科技,N,資訊科技,軟件服務,系統開發及顧問,576715349.925,2024-04-26T16:02:10,科技,软件服务,系统开发及顾问,京投交通科技,01522.HK,5.8,ODSH,1522,576.71,0.275,420.86,1522.HK,,1000.0,9.09,+1.85,3.31,+0.005,HKD,京投交通科技,M,,1.85,0.275,0.0,1522.HK,移动互联网,0.0
01523,珩灣科技,N,資訊科技,資訊科技器材,電腦及周邊,3148002000.0,2024-04-26T16:02:10,科技,资讯科技器材,电脑及周边,珩湾科技,01523.HK,31.5,ODSH,1523,3.14,2.860,2.85,1523.HK,,1000000.0,6.77,+0.35,14.33,+0.010,HKD,珩灣科技,B,,0.35,2.860,0.0,1523.HK,,0.0
01525,建橋教育,N,非必需性消費,支援服務,教育,1323850000.0,2024-04-26T16:02:10,非必需性消费,支援服务,教育,建桥教育,01525.HK,13.2,ODSH,1525,1.32,3.190,246.58,1525.HK,,1000.0,6.27,0.00,4.16,0.000,HKD,建橋教育,B,,0.0,3.190,0.0,1525.HK,教育服务,0.0
01526,瑞慈醫療,N,醫療保健,醫療保健設備及服務,醫療及醫學美容服務,1749356400.0,2024-04-26T16:02:09,医疗保健,医疗保健设备及服务,医疗及医学美容服务,瑞慈医疗,01526.HK,17.5,ODSH,1526,1.74,1.100,22.0,1526.HK,,1000.0,11.82,-1.79,4.49,-0.020,HKD,瑞慈醫療,B,,-1.79,1.100,0.0,1526.HK,专科医院,0.0
01527,天潔環境,N,工業,工業工程,環保工程,29050000.0,2024-04-26T16:02:10,工业,工业工程,环保工程,天洁环境,01527.HK,0.3,ODSH,1527,29.05,0.830,,1527.HK,,,,0.00,2.45,0.000,HKD,天潔環境,M,,0.0,0.830,0.0,1527.HK,"环保,节能环保",0.0
01528,紅星美凱龍,N,地產建築,地產,地產投資,1089689881.98,2024-04-26T16:02:09,地产建筑,地产,地产投资,红星美凯龙,01528.HK,10.9,ODSH,1528,1.08,1.470,1.91,1528.HK,,1000000.0,,+3.52,,+0.050,HKD,紅星美凱龍,B,,3.52,1.470,0.0,1528.HK,"智能家居,现代服务业,知名公司,阿里巴巴",0.0
01529,樂氏國際控股,N,工業,工業運輸,航空貨運及物流,138094880.0,2024-04-26T16:02:10,工业,工业运输,航空货运及物流,乐氏国际控股,01529.HK,1.4,ODSH,1529,138.09,0.121,50.4,1529.HK,,1000.0,,+1.68,,+0.002,HKD,樂氏國際控股,M,,1.68,0.121,0.0,1529.HK,,0.0
01530,三生製藥,N,醫療保健,藥品及生物科技,醫藥品,14853025309.08,2024-04-26T16:02:10,医疗保健,药品及生物科技,医药品,三生制药,01530.HK,148.5,ODSH,1530,14.80,6.070,56.94,1530.HK,,1000000.0,4.12,+0.33,8.90,+0.020,HKD,三生製藥,B,,0.33,6.070,0.6,1530.HK,"CAR-T,医美,医药股,抗癌,新经济,生物医药",0.006429759719166984
01532,中國派對文化,N,非必需性消費,紡織及服飾,服裝,144816669.76,2024-04-26T16:02:10,非必需性消费,纺织及服饰,服装,中国派对文化,01532.HK,1.4,ODSH,1532,144.81,0.098,588.0,1532.HK,,,,-2.00,,-0.002,HKD,中國派對文化,M,,-2.0,0.098,0.0,1532.HK,品牌服饰,0.0
01536,煜榮集團,N,工業,工業工程,工業及設備,36860000.0,2024-04-26T16:02:10,工业,工业工程,工业及设备,煜荣集团,01536.HK,0.4,ODSH,1536,36.10,0.095,10.15,1536.HK,,1000.0,,+20.25,,+0.016,HKD,煜榮集團,M,,20.25,0.095,0.0,1536.HK,,0.0
01538,中奧到家,N,地產建築,地產,物業管理及服務,324729000.0,2024-04-26T16:02:10,地产建筑,地产,物业管理及服务,中奥到家,01538.HK,3.2,ODSH,1538,324.72,0.380,13.68,1538.HK,,1000.0,6.58,+1.33,3.79,+0.005,HKD,中奧到家,M,,1.33,0.380,0.0,1538.HK,"物业投资,物业管理",0.0
01539,知行集團控股,N,工業,工業工程,環保工程,1239283164.83,2024-04-26T16:02:09,工业,工业工程,环保工程,知行集团控股,01539.HK,12.4,ODSH,1539,1.27,0.380,246.74,1539.HK,,1000.0,,0.00,,0.000,HKD,知行集團控股,B,,0.0,0.380,0.0,1539.HK,NFT,0.0
01540,澳獅環球,N,工業,工業支援,印刷及包裝,226895679.465,2024-04-26T16:02:11,工业,工业支援,印刷及包装,澳狮环球,01540.HK,2.3,ODSH,1540,226.89,0.455,139.23,1540.HK,,1000.0,8.79,0.00,6.81,0.000,HKD,澳獅環球,M,,0.0,0.455,0.0,1540.HK,,0.0
01541,宜明昂科-B,N,醫療保健,藥品及生物科技,生物技術,3537954603.72,2024-04-26T16:02:10,医疗保健,药品及生物科技,生物技术,宜明昂科-B,01541.HK,35.4,ODSH,1541,3.49,15.300,4.31,1541.HK,,1000000.0,,+2.41,,+0.360,HKD,宜明昂科－Ｂ,B,,2.41,15.300,0.0,1541.HK,次新股,0.0
01542,台州水務,N,公用事業,公用事業,水務,133000000.0,2024-04-26T16:02:11,公用事业,公用事业,水务,台州水务,01542.HK,1.3,ODSH,1542,133.00,2.660,,1542.HK,,,,0.00,,0.000,HKD,台州水務,M,,0.0,2.660,0.0,1542.HK,,0.0
01543,中盈盛達融資擔保,N,金融,其他金融,信貸,399141600.48,2024-04-26T16:02:10,金融,其他金融,信贷,中盈盛达融资担保,01543.HK,4.0,ODSH,1543,399.14,0.720,14.4,1543.HK,,1000.0,2.97,-4.00,27.27,-0.030,HKD,中盈盛達融資擔保,M,,-4.0,0.720,0.0,1543.HK,融资租赁,0.0
01545,設計都會,N,非必需性消費,零售相關,家居裝修零售,136000000.0,2024-04-26T16:02:11,非必需性消费,零售相关,家居装修零售,设计都会,01545.HK,1.4,ODSH,1545,136.00,0.068,104.21,1545.HK,,1000.0,5.59,-8.11,8.40,-0.006,HKD,設計都會,M,,-8.11,0.068,0.0,1545.HK,,0.0
01546,德萊建業,N,地產建築,建築,建築及服務,63200000.0,2024-04-26T16:02:10,地产建筑,建筑,建筑及服务,德莱建业,01546.HK,0.6,ODSH,1546,63.20,0.079,632.0,1546.HK,,,,+2.60,5.00,+0.002,HKD,德萊建業,M,,2.6,0.079,0.0,1546.HK,,0.0
01547,IBI GROUP HLDGS,N,地產建築,建築,建築及服務,198400000.0,2024-04-26T16:02:10,地产建筑,建筑,建筑及服务,IBI GROUP HLDGS,01547.HK,2.0,ODSH,1547,198.40,0.248,,1547.HK,,,,0.00,70.86,0.000,HKD,IBI GROUP HLDGS,M,,0.0,0.248,0.0,1547.HK,,0.0
01548,金斯瑞生物科技,N,醫療保健,藥品及生物科技,生物技術,23321823816.6,2024-04-26T16:02:09,医疗保健,药品及生物科技,生物技术,金斯瑞生物科技,01548.HK,233.2,ODSH,1548,23.32,10.980,146.23,1548.HK,,1000000.0,,+2.04,,+0.220,HKD,金斯瑞生物科技,B,,2.04,10.980,1.5,1548.HK,"CAR-T,CXO,MSCI,医药股,新经济,独角兽,生物医药",0.3098418077538632
01549,永豐集團控股,N,工業,工業運輸,航運及港口,127100000.0,2024-04-26T16:02:10,工业,工业运输,航运及港口,永丰集团控股,01549.HK,1.3,ODSH,1549,127.10,0.082,,1549.HK,,,,0.00,273.33,0.000,HKD,永豐集團控股,M,,0.0,0.082,0.0,1549.HK,,0.0
01551,廣州農商銀行,N,金融,銀行,銀行,4253130750.0,2024-04-26T16:02:10,金融,银行,银行,广州农商银行,01551.HK,42.5,ODSH,1551,4.54,1.700,61.2,1551.HK,,1000.0,2.52,+8.97,9.35,+0.140,HKD,廣州農商銀行,B,,8.97,1.700,0.0,1551.HK,内银股,0.0
01552,BHCC HOLDING,N,地產建築,建築,建築及服務,100000000.0,2024-04-26T16:02:10,地产建筑,建筑,建筑及服务,BHCC HOLDING,01552.HK,1.0,ODSH,1552,100.00,0.125,8.67,1552.HK,,1000.0,,0.00,9.92,0.000,HKD,BHCC HOLDING,M,,0.0,0.125,0.0,1552.HK,,0.0
01553,邁科管業,N,原材料,一般金屬及礦石,鋼鐵,524898000.0,2024-04-26T16:02:10,原材料,一般金属及矿石,钢铁,迈科管业,01553.HK,5.2,ODSH,1553,524.89,1.210,,1553.HK,,,9.92,0.00,3.18,0.000,HKD,邁科管業,M,,0.0,1.210,0.0,1553.HK,铁矿石,0.0
01555,ＭＩ能源,N,能源,石油及天然氣,油氣生產商,101595765.3,2024-04-26T16:02:09,能源,石油及天然气,油气生产商,ＭＩ能源,01555.HK,1.0,ODSH,1555,98.20,0.029,67.19,1555.HK,,1000.0,,-3.33,,-0.001,HKD,ＭＩ能源,M,,-3.33,0.029,0.0,1555.HK,"天然气,页岩气",0.0
01556,建業建榮,N,地產建築,建築,建築及服務,427500000.0,2024-04-26T16:02:10,地产建筑,建筑,建筑及服务,建业建荣,01556.HK,4.3,ODSH,1556,427.50,0.285,95.47,1556.HK,,1000.0,14.04,0.00,3.55,0.000,HKD,建業建榮,M,,0.0,0.285,0.0,1556.HK,,0.0
01557,劍虹集團控股,N,地產建築,建築,重型基建,249600000.0,2024-04-26T16:02:10,地产建筑,建筑,重型基建,剑虹集团控股,01557.HK,2.5,ODSH,1557,249.60,0.520,,1557.HK,,,,0.00,,0.000,HKD,劍虹集團控股,M,,0.0,0.520,0.0,1557.HK,基础建设,0.0
01558,東陽光長江藥業,N,醫療保健,藥品及生物科技,醫藥品,8342075852.0,2024-04-26T16:02:09,医疗保健,药品及生物科技,医药品,东阳光长江药业,01558.HK,83.4,ODSH,1558,8.36,12.800,24.29,1558.HK,,1000000.0,,+2.40,5.28,+0.300,HKD,東陽光長江藥業,B,,2.4,12.800,0.2,1558.HK,肝炎,0.062662703624847
01559,均安控股,N,地產建築,建築,重型基建,325233833.388,2024-04-26T16:02:10,地产建筑,建筑,重型基建,均安控股,01559.HK,3.3,ODSH,1559,325.23,0.174,70.0,1559.HK,,1000.0,,-0.57,,-0.001,HKD,均安控股,M,,-0.57,0.174,0.0,1559.HK,基础建设,0.0
01560,星星集團,N,地產建築,地產,地產發展商,116111138.0,2024-04-26T16:02:09,地产建筑,地产,地产发展商,星星集团,01560.HK,1.2,ODSH,1560,116.11,0.181,,1560.HK,,,,0.00,,0.000,HKD,星星集團,M,,0.0,0.181,0.0,1560.HK,香港房地产,0.0
01561,聯洋智能控股,N,原材料,其他原材料,特殊化工用品,168341747.8,2024-04-26T16:02:10,原材料,其他原材料,特殊化工用品,联洋智能控股,01561.HK,1.7,ODSH,1561,168.34,0.158,,1561.HK,,,,0.00,,0.000,HKD,聯洋智能控股,M,,0.0,0.158,0.0,1561.HK,,0.0
01563,友聯國際教育租賃,N,非必需性消費,支援服務,教育,862366140.0,2024-04-26T16:02:10,非必需性消费,支援服务,教育,友联国际教育租赁,01563.HK,8.6,ODSH,1563,879.27,0.520,33.91,1563.HK,,1000000.0,,+9.47,1.94,+0.045,HKD,友聯國際教育租賃,M,,9.47,0.520,0.3,1563.HK,,1.0777299003244507
01565,成實外教育,N,非必需性消費,支援服務,教育,515823087.0,2024-04-26T16:02:10,非必需性消费,支援服务,教育,成实外教育,01565.HK,5.2,ODSH,1565,515.82,0.167,41.39,1565.HK,,1000.0,6.59,+1.21,14.65,+0.002,HKD,成實外教育,M,,1.21,0.167,0.0,1565.HK,"K12教育,教育服务",0.0
01566,華夏文化科技,N,非必需性消費,旅遊及休閒設施,休閒及文娛設施,31915134.0,2024-04-26T16:02:09,非必需性消费,旅游及休闲设施,休闲及文娱设施,华夏文化科技,01566.HK,0.3,ODSH,1566,31.91,0.027,11.2,1566.HK,,1000.0,,0.00,,0.000,HKD,華夏文化科技,M,,0.0,0.027,0.0,1566.HK,"文化传媒,虚拟现实",0.0
01568,承達集團,N,地產建築,建築,建築及服務,863284000.0,2024-04-26T16:02:10,地产建筑,建筑,建筑及服务,承达集团,01568.HK,8.6,ODSH,1568,863.28,0.400,1.08,1568.HK,,1000000.0,,+2.56,2.61,+0.010,HKD,承達集團,M,,2.56,0.400,0.0,1568.HK,,0.0
01569,民生教育,N,非必需性消費,支援服務,教育,1033341400.0,2024-04-26T16:02:09,非必需性消费,支援服务,教育,民生教育,01569.HK,10.3,ODSH,1569,1.01,0.241,846.03,1569.HK,,1000.0,4.07,+1.26,6.83,+0.003,HKD,民生教育,B,,1.26,0.241,0.0,1569.HK,教育服务,0.0
01570,偉業控股,N,地產建築,地產,地產發展商,623703423.36,2024-04-26T16:02:10,地产建筑,地产,地产发展商,伟业控股,01570.HK,6.2,ODSH,1570,623.70,3.180,,1570.HK,,,,0.00,,0.000,HKD,偉業控股,M,,0.0,3.180,0.0,1570.HK,,0.0
01571,信邦控股,N,非必需性消費,汽車,汽車零件,3239383150.0,2024-04-26T16:02:10,非必需性消费,汽车,汽车零件,信邦控股,01571.HK,32.4,ODSH,1571,3.23,3.230,1.49,1571.HK,,1000000.0,10.84,-0.31,4.97,-0.010,HKD,信邦控股,B,,-0.31,3.230,0.0,1571.HK,,0.0
01572,中國藝術金融,N,金融,其他金融,信貸,231564000.0,2024-04-26T16:02:09,金融,其他金融,信贷,中国艺术金融,01572.HK,2.3,ODSH,1572,233.24,0.139,1.11,1572.HK,,1000.0,,+2.96,19.58,+0.004,HKD,中國藝術金融,M,,2.96,0.139,0.0,1572.HK,,0.0
01575,慕容家居,N,非必需性消費,家庭電器及用品,家具,412500000.0,2024-04-26T16:02:11,非必需性消费,家庭电器及用品,家具,慕容家居,01575.HK,4.1,ODSH,1575,412.50,0.150,42.84,1575.HK,,1000.0,,+3.45,,+0.005,HKD,慕容家居,M,,3.45,0.150,0.0,1575.HK,家具,0.0
01576,齊魯高速,N,工業,工業運輸,鐵路及公路,2299000000.0,2024-04-26T16:02:10,工业,工业运输,铁路及公路,齐鲁高速,01576.HK,23.0,ODSH,1576,2.29,2.090,14.63,1576.HK,,1000.0,7.69,0.00,7.80,0.000,HKD,齊魯高速,B,,0.0,2.090,0.0,1576.HK,,0.0
01577,匯鑫小貸,N,金融,其他金融,信貸,97200000.0,2024-04-26T16:02:11,金融,其他金融,信贷,汇鑫小贷,01577.HK,1.0,ODSH,1577,97.20,0.540,,1577.HK,,,9.93,+1.89,5.29,+0.010,HKD,匯鑫小貸,M,,1.89,0.540,0.0,1577.HK,,0.0
01578,天津銀行,N,金融,銀行,銀行,2982172416.47,2024-04-26T16:02:11,金融,银行,银行,天津银行,01578.HK,29.8,ODSH,1578,2.98,1.690,6.76,1578.HK,,1000.0,7.83,+0.60,2.54,+0.010,HKD,天津銀行,B,,0.6,1.690,0.0,1578.HK,内银股,0.0
01579,頤海國際,N,必需性消費,食品飲料,食品添加劑,16732338000.0,2024-04-26T16:02:11,必需性消费,食品饮料,食品添加剂,颐海国际,01579.HK,167.3,ODSH,1579,16.79,16.200,81.67,1579.HK,,1000000.0,5.03,+4.92,17.26,+0.760,HKD,頤海國際,B,,4.92,16.200,0.8,1579.HK,"节假日,食品添加剂",0.6268643885007541
01580,大森控股,N,原材料,其他原材料,林業及木材,166543290.992,2024-04-26T16:02:10,原材料,其他原材料,林业及木材,大森控股,01580.HK,1.7,ODSH,1580,166.54,0.152,,1580.HK,,,,0.00,,0.000,HKD,大森控股,M,,0.0,0.152,0.0,1580.HK,,0.0
01581,進昇集團控股,N,地產建築,建築,建築及服務,47725000.0,2024-04-26T16:02:10,地产建筑,建筑,建筑及服务,进升集团控股,01581.HK,0.5,ODSH,1581,47.72,0.115,,1581.HK,,,,0.00,,0.000,HKD,進昇集團控股,M,,0.0,0.115,0.0,1581.HK,,0.0
01582,華營建築,N,地產建築,建築,建築及服務,220000000.0,2024-04-26T16:02:10,地产建筑,建筑,建筑及服务,华营建筑,01582.HK,2.2,ODSH,1582,220.00,0.440,,1582.HK,,,7.50,0.00,3.06,0.000,HKD,華營建築,M,,0.0,0.440,0.0,1582.HK,,0.0
01583,親親食品,N,必需性消費,食品飲料,包裝食品,604077245.6,2024-04-26T16:02:11,必需性消费,食品饮料,包装食品,亲亲食品,01583.HK,6.0,ODSH,1583,604.07,0.800,276.0,1583.HK,,,,0.00,,0.000,HKD,親親食品,M,,0.0,0.800,0.0,1583.HK,,0.0
01585,雅迪控股,N,非必需性消費,汽車,汽車,45650620000.0,2024-04-26T16:02:11,非必需性消费,汽车,汽车,雅迪控股,01585.HK,456.5,ODSH,1585,45.46,14.840,215.28,1585.HK,,1000000.0,3.23,+6.76,15.63,+0.940,HKD,雅迪控股,B,,6.76,14.840,2.2,1585.HK,特斯拉,2.2976715538252868
01586,力鴻檢驗,N,非必需性消費,支援服務,其他支援服務,790781260.0,2024-04-26T16:02:10,非必需性消费,支援服务,其他支援服务,力鸿检验,01586.HK,7.9,ODSH,1586,790.78,1.460,175.28,1586.HK,,1000.0,3.03,-1.35,9.67,-0.020,HKD,力鴻檢驗,M,,-1.35,1.460,0.0,1586.HK,土壤修复,0.0
01587,欣融國際,N,必需性消費,食品飲料,食品添加劑,278800000.0,2024-04-26T16:02:11,必需性消费,食品饮料,食品添加剂,欣融国际,01587.HK,2.8,ODSH,1587,282.20,0.415,37.42,1587.HK,,1000.0,3.61,+3.75,13.01,+0.015,HKD,欣融國際,M,,3.75,0.415,0.0,1587.HK,食品添加剂,0.0
01588,暢捷通,N,資訊科技,軟件服務,,290400000.0,2024-04-26T16:02:11,科技,软件服务,软件开发,畅捷通,01588.HK,2.9,ODSH,1588,301.12,3.650,900.12,1588.HK,,1000.0,,+5.80,68.48,+0.200,HKD,暢捷通,M,,5.8,3.650,0.0,1588.HK,"云办公,互联网+",0.0
01591,汛和集團,N,地產建築,建築,建築及服務,88000000.0,2024-04-26T16:02:11,地产建筑,建筑,建筑及服务,汛和集团,01591.HK,0.9,ODSH,1591,88.00,0.022,34.72,1591.HK,,1000.0,,-4.35,4.68,-0.001,HKD,汛和集團,M,,-4.35,0.022,0.0,1591.HK,,0.0
01592,基石控股,N,地產建築,建築,建築材料,83701863.765,2024-04-26T16:02:10,地产建筑,建筑,建筑材料,基石控股,01592.HK,0.8,ODSH,1592,83.70,0.039,1.95,1592.HK,,1000.0,,-2.50,,-0.001,HKD,基石控股,M,,-2.5,0.039,0.0,1592.HK,,0.0
01593,辰林教育,N,非必需性消費,支援服務,教育,1600000000.0,2024-04-26T16:02:09,非必需性消费,支援服务,教育,辰林教育,01593.HK,16.0,ODSH,1593,1.60,1.600,244.28,1593.HK,,1000.0,,+6.67,42.11,+0.100,HKD,辰林教育,B,,6.67,1.600,0.0,1593.HK,教育服务,0.0
01596,翼辰實業,N,工業,工業工程,商用車及貨車,805811400.0,2024-04-26T16:02:11,工业,工业工程,商用车及货车,翼辰实业,01596.HK,8.1,ODSH,1596,805.81,3.590,1.28,1596.HK,,1000000.0,0.30,0.00,17.75,0.000,HKD,翼辰實業,M,,0.0,3.590,0.0,1596.HK,,0.0
01597,納泉能源科技,N,工業,工業工程,環保工程,1322500000.0,2024-04-26T16:02:10,工业,工业工程,环保工程,纳泉能源科技,01597.HK,13.2,ODSH,1597,1.32,5.290,,1597.HK,,,,0.00,,0.000,HKD,納泉能源科技,B,,0.0,5.290,0.0,1597.HK,,0.0
01598,21世紀教育,N,非必需性消費,支援服務,教育,214822740.0,2024-04-26T16:02:09,非必需性消费,支援服务,教育,21世纪教育,01598.HK,2.1,ODSH,1598,215.98,0.186,133.72,1598.HK,,1000.0,,-7.92,4.97,-0.016,HKD,２１世紀教育,M,,-7.92,0.186,0.0,1598.HK,"K12教育,教育服务",0.0
01599,城建設計,N,地產建築,建築,建築及服務,779753370.0,2024-04-26T16:02:11,地产建筑,建筑,建筑及服务,城建设计,01599.HK,7.8,ODSH,1599,779.75,2.010,584.17,1599.HK,,1000.0,9.17,-0.50,2.90,-0.010,HKD,城建設計,M,,-0.5,2.010,0.0,1599.HK,"国企改革,现代服务业",0.0
01600,天倫燃氣,N,公用事業,公用事業,燃氣,4722867369.48,2024-04-26T16:02:11,公用事业,公用事业,燃气,天伦燃气,01600.HK,47.2,ODSH,1600,4.73,4.820,3.08,1600.HK,,1000000.0,3.94,-1.23,9.10,-0.060,HKD,天倫燃氣,B,,-1.23,4.820,0.0,1600.HK,天然气,0.0
01601,中關村科技租賃,N,金融,其他金融,信貸,355200480.0,2024-04-26T16:02:09,金融,其他金融,信贷,中关村科技租赁,01601.HK,3.6,ODSH,1601,355.20,0.720,288.52,1601.HK,,1000.0,10.15,+4.35,3.44,+0.030,HKD,中關村科技租賃,M,,4.35,0.720,0.0,1601.HK,,0.0
01606,國銀金租,N,金融,其他金融,信貸,5705363640.0,2024-04-26T16:02:11,金融,其他金融,信贷,国银金租,01606.HK,57.1,ODSH,1606,5.64,2.040,4.16,1606.HK,,1000000.0,5.17,+0.49,5.81,+0.010,HKD,國銀金租,B,,0.49,2.040,0.0,1606.HK,,0.0
01608,偉能集團,S,公用事業,公用事業,傳統電力,1737619136.24,2024-04-26T16:02:11,公用事业,公用事业,传统电力,伟能集团,01608.HK,17.4,ODSH,1608,1.73,0.260,,1608.HK,,,,0.00,,0.000,HKD,偉能集團,B,True,0.0,0.260,0.0,1608.HK,数据中心,0.0
01610,中糧家佳康,N,必需性消費,農產品,禽畜肉類,8064317048.48,2024-04-26T16:02:09,必需性消费,农产品,禽畜肉类,中粮家佳康,01610.HK,80.6,ODSH,1610,8.06,1.760,33.26,1610.HK,,1000000.0,,+1.15,,+0.020,HKD,中糧家佳康,B,,1.15,1.760,0.3,1610.HK,"猪肉,红筹股",0.03024985895209436
01611,新火科技控股,N,資訊科技,軟件服務,電商及互聯網服務,1258093795.5,2024-04-26T16:02:11,科技,软件服务,电商及互联网服务,新火科技控股,01611.HK,12.6,ODSH,1611,1.28,2.750,2.01,1611.HK,,1000000.0,,+7.42,,+0.190,HKD,新火科技控股,B,,7.42,2.750,0.0,1611.HK,"SaaS,区块链,数据中心",0.0
01612,永勝醫療,N,醫療保健,醫療保健設備及服務,醫健設備,245001124.5,2024-04-26T16:02:11,医疗保健,医疗保健设备及服务,医健设备,永胜医疗,01612.HK,2.5,ODSH,1612,248.26,0.380,55.23,1612.HK,,1000.0,7.24,0.00,4.28,0.000,HKD,永勝醫療,M,,0.0,0.380,0.0,1612.HK,医疗器械,0.0
01613,協同通信,N,資訊科技,軟件服務,系統開發及顧問,180156320.0,2024-04-26T16:02:09,科技,软件服务,系统开发及顾问,协同通信,01613.HK,1.8,ODSH,1613,176.55,0.490,159.8,1613.HK,,1000.0,,+1.03,,+0.005,HKD,協同通信,M,,1.03,0.490,0.0,1613.HK,"5G,卫星导航,智能家居",0.0
01615,奧邦建築,N,地產建築,建築,建築及服務,186000000.0,2024-04-26T16:02:11,地产建筑,建筑,建筑及服务,奥邦建筑,01615.HK,1.9,ODSH,1615,186.00,0.310,5.8,1615.HK,,1000.0,,+5.08,,+0.015,HKD,奧邦建築,M,,5.08,0.310,0.0,1615.HK,,0.0
01616,一元宇宙,N,非必需性消費,媒體及娛樂,影視娛樂,38728386.468,2024-04-26T16:02:11,非必需性消费,媒体及娱乐,影视娱乐,一元宇宙,01616.HK,0.4,ODSH,1616,38.72,0.018,176.76,1616.HK,,1000.0,,0.00,,0.000,HKD,一元宇宙,M,,0.0,0.018,0.0,1616.HK,影视娱乐,0.0
01617,南方通信,N,資訊科技,資訊科技器材,電訊設備,146361600.0,2024-04-26T16:02:11,科技,资讯科技器材,电讯设备,南方通信,01617.HK,1.5,ODSH,1617,141.48,0.087,,1617.HK,,,,-3.33,25.59,-0.003,HKD,南方通信,M,,-3.33,0.087,0.0,1617.HK,"5G,新经济,电讯设备",0.0
01618,中國中冶,N,地產建築,建築,重型基建,4507470000.0,2024-04-26T16:02:09,地产建筑,建筑,重型基建,中国中冶,01618.HK,45.1,ODSH,1618,4.50,1.570,36.14,1618.HK,,1000000.0,4.90,+2.61,4.45,+0.040,HKD,中國中冶,B,,2.61,1.570,0.4,1618.HK,"MSCI,一带一路,内地房地产,冬奥会,国企改革,土壤修复,基础建设,生物质能发电,金属铅,金属锌,金属镍",0.15974058602653332
01620,富盈環球集團,N,非必需性消費,旅遊及休閒設施,旅遊及觀光,79200000.0,2024-04-26T16:02:11,非必需性消费,旅游及休闲设施,旅游及观光,富盈环球集团,01620.HK,0.8,ODSH,1620,79.20,0.066,,1620.HK,,,,0.00,27.50,0.000,HKD,富盈環球集團,M,,0.0,0.066,0.0,1620.HK,旅游及观光,0.0
01621,域高國際控股,N,能源,石油及天然氣,油氣生產商,66000000.0,2024-04-26T16:02:10,能源,石油及天然气,油气生产商,域高国际控股,01621.HK,0.7,ODSH,1621,66.00,0.066,12.8,1621.HK,,1000.0,,-5.71,7.50,-0.004,HKD,域高國際控股,M,,-5.71,0.066,0.0,1621.HK,,0.0
01622,力高集團,S,地產建築,地產,地產發展商,4723640398.26,2024-04-26T16:02:11,地产建筑,地产,地产发展商,力高集团,01622.HK,47.2,ODSH,1622,4.72,1.330,,1622.HK,,,,0.00,,0.000,HKD,力高集團,B,True,0.0,1.330,0.0,1622.HK,内地房地产,0.0
01623,海隆控股,S,能源,石油及天然氣,油氣設備與服務,191697561.8,2024-04-26T16:02:09,能源,石油及天然气,油气设备与服务,海隆控股,01623.HK,1.9,ODSH,1623,191.69,0.113,,1623.HK,,,,0.00,1.20,0.000,HKD,海隆控股,M,True,0.0,0.113,0.0,1623.HK,天然气,0.0
01626,嘉耀控股,N,工業,工業支援,印刷及包裝,2190000000.0,2024-04-26T16:02:11,工业,工业支援,印刷及包装,嘉耀控股,01626.HK,21.9,ODSH,1626,2.19,3.650,2.15,1626.HK,,1000000.0,,+3.11,20.61,+0.110,HKD,嘉耀控股,B,,3.11,3.650,0.0,1626.HK,海航系,0.0
01627,安保工程控股,N,地產建築,建築,建築及服務,800000000.0,2024-04-26T16:02:11,地产建筑,建筑,建筑及服务,安保工程控股,01627.HK,8.0,ODSH,1627,800.00,0.400,,1627.HK,,,12.50,0.00,4.60,0.000,HKD,安保工程控股,M,,0.0,0.400,0.0,1627.HK,,0.0
01628,禹洲集團,N,地產建築,地產,地產發展商,405722389.0,2024-04-26T16:02:09,地产建筑,地产,地产发展商,禹洲集团,01628.HK,4.1,ODSH,1628,405.72,0.062,44.83,1628.HK,,1000.0,,-1.59,,-0.001,HKD,禹洲集團,M,,-1.59,0.062,0.0,1628.HK,"MSCI,内地房地产",0.0
01629,冠均國際控股,N,工業,工業支援,印刷及包裝,81913880.55,2024-04-26T16:02:10,工业,工业支援,印刷及包装,冠均国际控股,01629.HK,0.8,ODSH,1629,81.91,0.150,6.0,1629.HK,,1000.0,,-10.18,4.44,-0.017,HKD,冠均國際控股,M,,-10.18,0.150,0.0,1629.HK,,0.0
01630,建成控股,N,地產建築,建築,建築及服務,43500000.0,2024-04-26T16:02:11,地产建筑,建筑,建筑及服务,建成控股,01630.HK,0.4,ODSH,1630,43.50,0.029,,1630.HK,,,,0.00,3.67,0.000,HKD,建成控股,M,,0.0,0.029,0.0,1630.HK,,0.0
01631,REF HOLDINGS,N,工業,工業支援,印刷及包裝,80640000.0,2024-04-26T16:02:10,工业,工业支援,印刷及包装,REF HOLDINGS,01631.HK,0.8,ODSH,1631,80.64,0.315,23.57,1631.HK,,1000.0,,-8.70,6.88,-0.030,HKD,REF HOLDINGS,M,,-8.7,0.315,0.0,1631.HK,,0.0
01632,民商創科,N,非必需性消費,零售相關,多元化零售,138457611.05,2024-04-26T16:02:11,非必需性消费,零售相关,多元化零售,民商创科,01632.HK,1.4,ODSH,1632,138.45,0.155,,1632.HK,,,,0.00,,0.000,HKD,民商創科,M,,0.0,0.155,0.0,1632.HK,餐饮连锁,0.0
01633,上諭集團,N,地產建築,建築,建築及服務,91071750.0,2024-04-26T16:02:11,地产建筑,建筑,建筑及服务,上谕集团,01633.HK,0.9,ODSH,1633,91.07,0.133,,1633.HK,,,,-1.48,8.42,-0.002,HKD,上諭集團,M,,-1.48,0.133,0.0,1633.HK,,0.0
01635,大眾公用,N,公用事業,公用事業,燃氣,661717320.0,2024-04-26T16:02:10,公用事业,公用事业,燃气,大众公用,01635.HK,6.6,ODSH,1635,661.71,1.240,666.11,1635.HK,,1000.0,3.02,+0.81,16.10,+0.010,HKD,大眾公用,M,,0.81,1.240,0.0,1635.HK,创投,0.0
01636,中國金屬利用,S,原材料,一般金屬及礦石,銅,215114748.528,2024-04-26T16:02:11,原材料,一般金属及矿石,铜,中国金属利用,01636.HK,2.2,ODSH,1636,215.11,0.048,,1636.HK,,,,0.00,,0.000,HKD,中國金屬利用,M,True,0.0,0.048,0.0,1636.HK,"节能环保,铜",0.0
01637,順興集團控股,N,地產建築,建築,建築及服務,37600000.0,2024-04-26T16:02:11,地产建筑,建筑,建筑及服务,顺兴集团控股,01637.HK,0.4,ODSH,1637,37.60,0.094,,1637.HK,,,,0.00,,0.000,HKD,順興集團控股,M,,0.0,0.094,0.0,1637.HK,,0.0
01638,佳兆業集團,N,地產建築,地產,地產發展商,631392163.83,2024-04-26T16:02:11,地产建筑,地产,地产发展商,佳兆业集团,01638.HK,6.3,ODSH,1638,624.37,0.089,135.41,1638.HK,,1000.0,,+7.23,,+0.006,HKD,佳兆業集團,M,,7.23,0.089,0.0,1638.HK,"MSCI,内地房地产,知名公司,粤港澳",0.0
01640,瑞誠中國傳媒,N,非必需性消費,媒體及娛樂,廣告及宣傳,252000000.0,2024-04-26T16:02:10,非必需性消费,媒体及娱乐,广告及宣传,瑞诚中国传媒,01640.HK,2.5,ODSH,1640,252.00,0.630,70.34,1640.HK,,1000.0,,0.00,,0.000,HKD,瑞誠中國傳媒,M,,0.0,0.630,0.0,1640.HK,,0.0
01643,現代中藥集團,N,醫療保健,藥品及生物科技,中醫藥,180000000.0,2024-04-26T16:02:09,医疗保健,药品及生物科技,中医药,现代中药集团,01643.HK,1.8,ODSH,1643,177.00,0.295,63.75,1643.HK,,1000.0,,-3.28,3.38,-0.010,HKD,現代中藥集團,M,,-3.28,0.295,0.0,1643.HK,中医药,0.0
01645,海納智能,N,工業,工業工程,工業及設備,631653120.0,2024-04-26T16:02:10,工业,工业工程,工业及设备,海纳智能,01645.HK,6.3,ODSH,1645,631.65,1.120,525.76,1645.HK,,1000.0,,0.00,,0.000,HKD,海納智能,M,,0.0,1.120,0.0,1645.HK,,0.0
01647,雄岸科技,N,地產建築,建築,建築及服務,83652800.0,2024-04-26T16:02:11,地产建筑,建筑,建筑及服务,雄岸科技,01647.HK,0.8,ODSH,1647,83.65,0.070,35.41,1647.HK,,1000.0,,0.00,,0.000,HKD,雄岸科技,M,,0.0,0.070,0.0,1647.HK,区块链,0.0
01650,HYGIEIA GROUP,N,非必需性消費,支援服務,其他支援服務,256000000.0,2024-04-26T16:02:11,非必需性消费,支援服务,其他支援服务,HYGIEIA GROUP,01650.HK,2.6,ODSH,1650,256.00,0.128,2.02,1650.HK,,1000000.0,6.72,-5.88,116.36,-0.008,HKD,HYGIEIA GROUP,M,,-5.88,0.128,0.0,1650.HK,,0.0
01651,津上機床中國,N,工業,工業工程,工業及設備,3514820920.0,2024-04-26T16:02:10,工业,工业工程,工业及设备,津上机床中国,01651.HK,35.1,ODSH,1651,3.51,9.230,203.82,1651.HK,,1000.0,8.67,0.00,5.66,0.000,HKD,津上機床中國,B,,0.0,9.230,0.0,1651.HK,,0.0
01652,福森藥業,N,醫療保健,藥品及生物科技,中醫藥,674960400.0,2024-04-26T16:02:10,医疗保健,药品及生物科技,中医药,福森药业,01652.HK,6.7,ODSH,1652,674.96,0.900,110.77,1652.HK,,1000.0,,+3.45,,+0.030,HKD,福森藥業,M,,3.45,0.900,0.0,1652.HK,,0.0
01653,MOS HOUSE,N,地產建築,建築,建築材料,92338025.0,2024-04-26T16:02:11,地产建筑,建筑,建筑材料,MOS HOUSE,01653.HK,0.9,ODSH,1653,92.33,0.325,,1653.HK,,,,0.00,55.08,0.000,HKD,MOS HOUSE,M,,0.0,0.325,0.0,1653.HK,,0.0
01655,OKURA HOLDINGS,N,非必需性消費,旅遊及休閒設施,賭場及博彩,216000000.0,2024-04-26T16:02:10,非必需性消费,旅游及休闲设施,赌场及博彩,OKURA HOLDINGS,01655.HK,2.2,ODSH,1655,216.00,0.360,2.06,1655.HK,,1000000.0,,-2.70,1.13,-0.010,HKD,OKURA HOLDINGS,M,,-2.7,0.360,0.0,1655.HK,,0.0
01656,億仕登控股,N,工業,工業工程,工業及設備,1052560493.24,2024-04-26T16:02:11,工业,工业工程,工业及设备,亿仕登控股,01656.HK,10.5,ODSH,1656,1.05,2.360,,1656.HK,,,0.69,0.00,36.59,0.000,HKD,億仕登控股,B,,0.0,2.360,0.0,1656.HK,,0.0
01657,樺欣控股,N,非必需性消費,紡織及服飾,服裝,320000000.0,2024-04-26T16:02:09,非必需性消费,纺织及服饰,服装,桦欣控股,01657.HK,3.2,ODSH,1657,320.00,10.000,535.84,1657.HK,,1000.0,,-3.85,,-0.400,HKD,樺欣控股,M,,-3.85,10.000,0.0,1657.HK,,0.0
01658,郵儲銀行,N,金融,銀行,銀行,80020353010.0,2024-04-26T16:02:11,金融,银行,银行,邮储银行,01658.HK,800.2,ODSH,1658,79.82,4.020,265.07,1658.HK,,1000000.0,6.95,-1.95,4.53,-0.080,HKD,郵儲銀行,B,,-1.95,4.020,2.7,1658.HK,"MSCI,内银股,知名公司",0.4374107435135459
01660,兆邦基生活,N,工業,工業工程,重型機械,1294755000.0,2024-04-26T16:02:09,工业,工业工程,重型机械,兆邦基生活,01660.HK,12.9,ODSH,1660,1.29,0.209,1.34,1660.HK,,1000000.0,,+6.63,,+0.013,HKD,兆邦基生活,B,,6.63,0.209,0.0,1660.HK,,0.0
01661,智美體育,N,非必需性消費,旅遊及休閒設施,休閒及文娛設施,264508938.0,2024-04-26T16:02:11,非必需性消费,旅游及休闲设施,休闲及文娱设施,智美体育,01661.HK,2.6,ODSH,1661,264.50,0.139,74.92,1661.HK,,1000.0,,+0.72,,+0.001,HKD,智美體育,M,,0.72,0.139,0.0,1661.HK,体育,0.0
01662,義合控股,N,地產建築,建築,重型基建,895000000.0,2024-04-26T16:02:10,地产建筑,建筑,重型基建,义合控股,01662.HK,9.0,ODSH,1662,900.00,1.800,1.86,1662.HK,,1000000.0,,+9.09,74.38,+0.150,HKD,義合控股,M,,9.09,1.800,0.0,1662.HK,基础建设,0.0
01663,漢港控股,N,地產建築,地產,地產發展商,300608000.0,2024-04-26T16:02:11,地产建筑,地产,地产发展商,汉港控股,01663.HK,3.0,ODSH,1663,300.60,0.122,2.67,1663.HK,,1000.0,,-0.81,15.25,-0.001,HKD,漢港控股,M,,-0.81,0.122,0.0,1663.HK,内地房地产,0.0
01665,檳傑科達,N,資訊科技,軟件服務,系統開發及顧問,1848000000.0,2024-04-26T16:02:11,科技,软件服务,系统开发及顾问,槟杰科达,01665.HK,18.5,ODSH,1665,1.84,0.770,1.06,1665.HK,,1000000.0,2.60,0.00,8.03,0.000,HKD,檳傑科達,B,,0.0,0.770,0.0,1665.HK,,0.0
01666,同仁堂科技,N,醫療保健,藥品及生物科技,中醫藥,3338418240.0,2024-04-26T16:02:10,医疗保健,药品及生物科技,中医药,同仁堂科技,01666.HK,33.4,ODSH,1666,3.33,5.300,15.85,1666.HK,,1000000.0,3.65,+7.51,10.71,+0.370,HKD,同仁堂科技,B,,7.51,5.300,0.2,1666.HK,"MSCI,中医药,医药股,国企改革,抗疫,生物医药",0.3783579612864772
01667,迪米生活控股,N,地產建築,建築,建築及服務,331200000.0,2024-04-26T16:02:11,地产建筑,建筑,建筑及服务,迪米生活控股,01667.HK,3.3,ODSH,1667,331.20,0.345,68.5,1667.HK,,1000.0,,+7.81,,+0.025,HKD,迪米生活控股,M,,7.81,0.345,0.0,1667.HK,,0.0
01668,華南城,N,地產建築,地產,地產發展商,1659074462.96,2024-04-26T16:02:11,地产建筑,地产,地产发展商,华南城,01668.HK,16.6,ODSH,1668,1.65,0.145,5.6,1668.HK,,1000000.0,,+7.41,,+0.010,HKD,華南城,B,,7.41,0.145,0.1,1668.HK,"物流,腾讯,香港房地产",0.2179663271785667
01669,環球信貸集團,N,金融,其他金融,信貸,216000000.0,2024-04-26T16:02:10,金融,其他金融,信贷,环球信贷集团,01669.HK,2.2,ODSH,1669,216.00,0.540,41.24,1669.HK,,1000.0,9.26,+3.85,4.29,+0.020,HKD,環球信貸集團,M,,3.85,0.540,0.0,1669.HK,"互联网信贷,小额贷款",0.0
01671,天保能源,N,公用事業,公用事業,傳統電力,81559662.57,2024-04-26T16:02:10,公用事业,公用事业,传统电力,天保能源,01671.HK,0.8,ODSH,1671,81.55,0.510,,1671.HK,,,,0.00,300.00,0.000,HKD,天保能源,M,,0.0,0.510,0.0,1671.HK,充电桩股,0.0
01672,歌禮製藥-B,N,醫療保健,藥品及生物科技,生物技術,1357095720.0,2024-04-26T16:02:11,医疗保健,药品及生物科技,生物技术,歌礼制药-B,01672.HK,13.6,ODSH,1672,1.34,1.330,1.9,1672.HK,,1000000.0,,-2.21,,-0.030,HKD,歌禮製藥－Ｂ,B,,-2.21,1.330,0.0,1672.HK,"创新药,抗疫,抗癌,生物医药B类,知名公司,肝炎",0.0
01673,華章科技,N,工業,工業工程,工業及設備,394245114.549,2024-04-26T16:02:11,工业,工业工程,工业及设备,华章科技,01673.HK,3.9,ODSH,1673,394.24,0.247,87.17,1673.HK,,1000.0,,+0.82,,+0.002,HKD,華章科技,M,,0.82,0.247,0.0,1673.HK,工业4.0,0.0
01675,亞信科技,N,資訊科技,軟件服務,,6565836270.24,2024-04-26T16:02:10,科技,软件服务,软件开发,亚信科技,01675.HK,65.7,ODSH,1675,6.57,7.030,4.72,1675.HK,,1000000.0,14.40,+2.33,11.29,+0.160,HKD,亞信科技,B,,2.33,7.030,0.0,1675.HK,,0.0
01676,高地股份,N,必需性消費,食品飲料,包裝食品,217440000.0,2024-04-26T16:02:11,必需性消费,食品饮料,包装食品,高地股份,01676.HK,2.2,ODSH,1676,217.44,1.510,5.38,1676.HK,,1000000.0,,-2.58,,-0.040,HKD,高地股份,M,,-2.58,1.510,0.1,1676.HK,,0.0876701196919024
01679,瑞斯康集團,N,資訊科技,軟件服務,,138093584.4,2024-04-26T16:02:09,科技,软件服务,软件开发,瑞斯康集团,01679.HK,1.4,ODSH,1679,138.09,0.540,2.75,1679.HK,,1000.0,,+9.09,,+0.045,HKD,瑞斯康集團,M,,9.09,0.540,0.0,1679.HK,芯片替代,0.0
01680,澳門勵駿,N,非必需性消費,旅遊及休閒設施,賭場及博彩,1029397061.92,2024-04-26T16:02:11,非必需性消费,旅游及休闲设施,赌场及博彩,澳门励骏,01680.HK,10.3,ODSH,1680,1.02,0.166,64.49,1680.HK,,1000.0,,-5.14,,-0.009,HKD,澳門勵駿,B,,-5.14,0.166,0.0,1680.HK,博彩,0.0
01681,康臣葯業,N,醫療保健,藥品及生物科技,醫藥品,4620206371.4,2024-04-26T16:02:10,医疗保健,药品及生物科技,医药品,康臣药业,01681.HK,46.2,ODSH,1681,4.60,5.670,5.98,1681.HK,,1000000.0,7.94,-0.87,5.34,-0.050,HKD,康臣葯業,B,,-0.87,5.670,0.1,1681.HK,"中医药,创新药,医药股,生物医药",0.007115966033545323
01682,杭品生活科技,N,非必需性消費,紡織及服飾,服裝,48727474.0,2024-04-26T16:02:11,非必需性消费,纺织及服饰,服装,杭品生活科技,01682.HK,0.5,ODSH,1682,48.72,0.062,4.96,1682.HK,,1000.0,,-4.62,,-0.003,HKD,杭品生活科技,M,,-4.62,0.062,0.0,1682.HK,,0.0
01683,曠逸國際,N,地產建築,建築,建築及服務,124416000.0,2024-04-26T16:02:10,地产建筑,建筑,建筑及服务,旷逸国际,01683.HK,1.2,ODSH,1683,124.41,0.080,1.98,1683.HK,,1000.0,,+3.90,,+0.003,HKD,曠逸國際,M,,3.9,0.080,0.0,1683.HK,现代服务业,0.0
01685,博耳電力,N,工業,工業工程,環保工程,129219423.0,2024-04-26T16:02:10,工业,工业工程,环保工程,博耳电力,01685.HK,1.3,ODSH,1685,129.21,0.167,2.67,1685.HK,,1000.0,,+2.45,4.15,+0.004,HKD,博耳電力,M,,2.45,0.167,0.0,1685.HK,,0.0
01686,新意網集團,N,資訊科技,軟件服務,系統開發及顧問,5754081039.18,2024-04-26T16:02:11,科技,软件服务,系统开发及顾问,新意网集团,01686.HK,57.5,ODSH,1686,5.77,2.470,2.25,1686.HK,,1000000.0,4.53,+2.49,11.08,+0.060,HKD,新意網集團,B,,2.49,2.470,0.0,1686.HK,"数据中心,新经济",0.0
01689,華禧控股,N,工業,工業支援,印刷及包裝,638301300.0,2024-04-26T16:02:10,工业,工业支援,印刷及包装,华禧控股,01689.HK,6.4,ODSH,1689,624.27,0.890,555.38,1689.HK,,1000.0,,-5.32,,-0.050,HKD,華禧控股,M,,-5.32,0.890,0.0,1689.HK,,0.0
01690,立基工程控股,N,地產建築,建築,建築及服務,107821440.0,2024-04-26T16:02:10,地产建筑,建筑,建筑及服务,立基工程控股,01690.HK,1.1,ODSH,1690,107.82,0.072,32.4,1690.HK,,1000.0,,-1.37,14.69,-0.001,HKD,立基工程控股,M,,-1.37,0.072,0.0,1690.HK,,0.0
01691,JS環球生活,N,非必需性消費,家庭電器及用品,家庭電器,5142366229.96,2024-04-26T16:02:10,非必需性消费,家庭电器及用品,家庭电器,JS环球生活,01691.HK,51.4,ODSH,1691,5.17,1.490,4.07,1691.HK,,1000000.0,2.63,+2.05,4.97,+0.030,HKD,ＪＳ環球生活,B,,2.05,1.490,0.0,1691.HK,家用电器,0.0
01692,登輝控股,N,非必需性消費,家庭電器及用品,家庭電器,998020000.0,2024-04-26T16:02:10,非必需性消费,家庭电器及用品,家庭电器,登辉控股,01692.HK,10.0,ODSH,1692,983.66,2.740,104.66,1692.HK,,1000.0,10.99,-1.44,8.05,-0.040,HKD,登輝控股,M,,-1.44,2.740,0.0,1692.HK,家用电器,0.0
01693,璋利國際,N,地產建築,建築,建築及服務,102600000.0,2024-04-26T16:02:10,地产建筑,建筑,建筑及服务,璋利国际,01693.HK,1.0,ODSH,1693,102.60,0.057,,1693.HK,,,,0.00,5.23,0.000,HKD,璋利國際,M,,0.0,0.057,0.0,1693.HK,,0.0
01695,椰豐集團,N,必需性消費,食品飲料,食品添加劑,58320000.0,2024-04-26T16:02:10,必需性消费,食品饮料,食品添加剂,椰丰集团,01695.HK,0.6,ODSH,1695,58.32,0.054,1.49,1695.HK,,1000.0,,+3.85,,+0.002,HKD,椰豐集團,M,,3.85,0.054,0.0,1695.HK,食品添加剂,0.0
01696,復銳醫療科技,N,醫療保健,醫療保健設備及服務,醫健設備,1648567683.84,2024-04-26T16:02:10,医疗保健,医疗保健设备及服务,医健设备,复锐医疗科技,01696.HK,16.5,ODSH,1696,1.64,3.510,5.07,1696.HK,,1000000.0,4.50,+7.01,6.68,+0.230,HKD,復銳醫療科技,B,,7.01,3.510,0.1,1696.HK,"医疗器械,医美",0.20245708556595315
01697,山東國信,N,金融,其他金融,資產管理,343596825.0,2024-04-26T16:02:10,金融,其他金融,资产管理,山东国信,01697.HK,3.4,ODSH,1697,343.59,0.295,14.31,1697.HK,,1000.0,,+1.72,8.08,+0.005,HKD,山東國信,M,,1.72,0.295,0.0,1697.HK,,0.0
01698,騰訊音樂-SW,N,非必需性消費,媒體及娛樂,影視娛樂,176241121353.7,2024-04-26T16:02:10,非必需性消费,媒体及娱乐,影视娱乐,腾讯音乐-SW,01698.HK,1762.4,ODSH,1698,177.09,51.600,3.77,1698.HK,,1000000.0,,+3.20,,+1.600,HKD,騰訊音樂－ＳＷ,B,,3.2,51.600,0.0,1698.HK,,0.0
01699,普甜食品,S,必需性消費,農產品,禽畜肉類,89960000.0,2024-04-26T16:02:11,必需性消费,农产品,禽畜肉类,普甜食品,01699.HK,0.9,ODSH,1699,89.96,0.040,,1699.HK,,,,0.00,,0.000,HKD,普甜食品,M,True,0.0,0.040,0.0,1699.HK,猪肉,0.0
01701,途屹控股,N,非必需性消費,旅遊及休閒設施,旅遊及觀光,150000000.0,2024-04-26T16:02:09,非必需性消费,旅游及休闲设施,旅游及观光,途屹控股,01701.HK,1.5,ODSH,1701,150.00,0.150,,1701.HK,,,,0.00,15.79,0.000,HKD,途屹控股,M,,0.0,0.150,0.0,1701.HK,旅游及观光,0.0
01702,東光化工,N,原材料,其他原材料,化肥及農用化合物,1217050240.0,2024-04-26T16:02:10,原材料,其他原材料,化肥及农用化合物,东光化工,01702.HK,12.2,ODSH,1702,1.21,1.960,,1702.HK,,,4.08,0.00,5.96,0.000,HKD,東光化工,B,,0.0,1.960,0.0,1702.HK,,0.0
01703,維力生活科技,S,非必需性消費,旅遊及休閒設施,餐飲,55200000.0,2024-04-26T16:02:10,非必需性消费,旅游及休闲设施,餐饮,维力生活科技,01703.HK,0.6,ODSH,1703,55.20,0.048,,1703.HK,,,,0.00,,0.000,HKD,維力生活科技,M,True,0.0,0.048,0.0,1703.HK,餐饮连锁,0.0
01705,賓仕國際,N,必需性消費,食品飲料,包裝食品,120000000.0,2024-04-26T16:02:09,必需性消费,食品饮料,包装食品,宾仕国际,01705.HK,1.2,ODSH,1705,120.00,0.300,18.0,1705.HK,,1000.0,16.67,0.00,4.32,0.000,HKD,賓仕國際,M,,0.0,0.300,0.0,1705.HK,,0.0
01706,雙運控股,S,地產建築,建築,重型基建,58000000.0,2024-04-26T16:02:11,地产建筑,建筑,重型基建,双运控股,01706.HK,0.6,ODSH,1706,58.00,0.058,,1706.HK,,,,0.00,16.57,0.000,HKD,雙運控股,M,True,0.0,0.058,0.0,1706.HK,基础建设,0.0
01707,致浩達控股,N,地產建築,建築,重型基建,95760000.0,2024-04-26T16:02:10,地产建筑,建筑,重型基建,致浩达控股,01707.HK,1.0,ODSH,1707,95.76,0.057,,1707.HK,,,,0.00,,0.000,HKD,致浩達控股,M,,0.0,0.057,0.0,1707.HK,基础建设,0.0
01708,三寶科技,N,資訊科技,軟件服務,系統開發及顧問,206550000.0,2024-04-26T16:02:11,科技,软件服务,系统开发及顾问,三宝科技,01708.HK,2.1,ODSH,1708,213.43,0.930,6.99,1708.HK,,1000000.0,,+50.00,,+0.310,HKD,三寶科技,M,,50.0,0.930,0.1,1708.HK,"人工智能,安防,智慧城市",4.548860546008108
01709,德林控股,N,金融,其他金融,證券及經紀,6483253514.5,2024-04-26T16:02:10,金融,其他金融,证券及经纪,德林控股,01709.HK,64.8,ODSH,1709,6.52,4.300,4.39,1709.HK,,1000000.0,0.24,+0.47,,+0.020,HKD,德林控股,B,,0.47,4.300,0.0,1709.HK,,0.0
01710,致豐工業電子,N,工業,工業工程,工業及設備,220000000.0,2024-04-26T16:02:11,工业,工业工程,工业及设备,致丰工业电子,01710.HK,2.2,ODSH,1710,220.00,0.220,18.27,1710.HK,,1000.0,3.64,+0.92,4.67,+0.002,HKD,致豐工業電子,M,,0.92,0.220,0.0,1710.HK,,0.0
01711,歐化,N,非必需性消費,零售相關,家居裝修零售,64000000.0,2024-04-26T16:02:10,非必需性消费,零售相关,家居装修零售,欧化,01711.HK,0.6,ODSH,1711,64.00,0.080,6.68,1711.HK,,1000.0,,-6.98,,-0.006,HKD,歐化,M,,-6.98,0.080,0.0,1711.HK,,0.0
01712,龍資源,N,原材料,黃金及貴金屬,黃金及貴金屬,295640666.31,2024-04-26T16:02:10,原材料,黄金及贵金属,黄金及贵金属,龙资源,01712.HK,3.0,ODSH,1712,295.64,1.870,136.84,1712.HK,,1000.0,,-3.61,11.18,-0.070,HKD,龍資源,M,,-3.61,1.870,0.0,1712.HK,"金属镍,黄金",0.0
01713,四川能投發展,N,公用事業,公用事業,傳統電力,1370070358.92,2024-04-26T16:02:10,公用事业,公用事业,传统电力,四川能投发展,01713.HK,13.7,ODSH,1713,1.37,1.740,183.98,1713.HK,,1000.0,8.24,0.00,5.13,0.000,HKD,四川能投發展,B,,0.0,1.740,0.0,1713.HK,,0.0
01715,火山邑動國際(新),N,非必需性消費,家庭電器及用品,家具,45367200.0,2024-04-26T16:02:10,非必需性消费,家庭电器及用品,家具,火山邑动国际(新),01715.HK,0.5,ODSH,1715,45.36,0.600,26.2,1715.HK,,1000.0,,+1.69,,+0.010,HKD,火山邑動國際－新,M,,1.69,0.600,0.0,1715.HK,家具,0.0
01716,毛記葵涌,N,非必需性消費,媒體及娛樂,廣告及宣傳,102600000.0,2024-04-26T16:02:10,非必需性消费,媒体及娱乐,广告及宣传,毛记葵涌,01716.HK,1.0,ODSH,1716,103.95,0.385,56.13,1716.HK,,1000.0,,+5.48,,+0.020,HKD,毛記葵涌,M,,5.48,0.385,0.0,1716.HK,,0.0
01717,澳優,N,必需性消費,食品飲料,乳製品,4112058352.71,2024-04-26T16:02:11,必需性消费,食品饮料,乳制品,澳优,01717.HK,41.1,ODSH,1717,4.07,2.290,806.56,1717.HK,,1000.0,2.18,0.00,22.04,0.000,HKD,澳優,B,,0.0,2.290,0.0,1717.HK,"三胎,乳业",0.0
01718,宏基集團控股,N,地產建築,建築,重型基建,93312000.0,2024-04-26T16:02:10,地产建筑,建筑,重型基建,宏基集团控股,01718.HK,0.9,ODSH,1718,99.07,0.860,79.08,1718.HK,,1000000.0,,-68.73,,-1.890,HKD,宏基集團控股,M,,-68.73,0.860,0.8,1718.HK,基础建设,69.51984827931071
01719,中國通商集團,N,工業,工業運輸,航運及港口,1449056018.76,2024-04-26T16:02:10,工业,工业运输,航运及港口,中国通商集团,01719.HK,14.5,ODSH,1719,1.44,0.840,,1719.HK,,,,0.00,94.38,0.000,HKD,中國通商集團,B,,0.0,0.840,0.0,1719.HK,,0.0
01720,普天通信集團,N,資訊科技,資訊科技器材,電訊設備,58300000.0,2024-04-26T16:02:11,科技,资讯科技器材,电讯设备,普天通信集团,01720.HK,0.6,ODSH,1720,58.30,0.053,53.08,1720.HK,,1000.0,,0.00,7.07,0.000,HKD,普天通信集團,M,,0.0,0.053,0.0,1720.HK,"5G,电讯设备",0.0
01721,FSM HOLDINGS,N,原材料,一般金屬及礦石,鋼鐵,380000000.0,2024-04-26T16:02:11,原材料,一般金属及矿石,钢铁,FSM HOLDINGS,01721.HK,3.8,ODSH,1721,380.00,0.380,,1721.HK,,,,0.00,,0.000,HKD,FSM HOLDINGS,M,,0.0,0.380,0.0,1721.HK,铁矿石,0.0
01722,建鵬控股,N,地產建築,建築,建築及服務,102300000.0,2024-04-26T16:02:10,地产建筑,建筑,建筑及服务,建鹏控股,01722.HK,1.0,ODSH,1722,102.30,0.093,930.0,1722.HK,,,,+16.25,,+0.013,HKD,建鵬控股,M,,16.25,0.093,0.0,1722.HK,,0.0
01723,港亞控股,N,非必需性消費,零售相關,多元化零售,120000000.0,2024-04-26T16:02:11,非必需性消费,零售相关,多元化零售,港亚控股,01723.HK,1.2,ODSH,1723,120.00,0.300,115.38,1723.HK,,1000.0,50.00,0.00,30.30,0.000,HKD,港亞控股,M,,0.0,0.300,0.0,1723.HK,,0.0
01725,洲際航天科技,N,工業,工業工程,工業及設備,553866012.0,2024-04-26T16:02:11,工业,工业工程,工业及设备,洲际航天科技,01725.HK,5.5,ODSH,1725,557.04,1.750,4.77,1725.HK,,1000000.0,,+2.94,,+0.050,HKD,洲際航天科技,M,,2.94,1.750,0.0,1725.HK,,0.0
01726,HKE HOLDINGS,N,醫療保健,醫療保健設備及服務,醫健設備,2047679345.4,2024-04-26T16:02:10,医疗保健,医疗保健设备及服务,医健设备,HKE HOLDINGS,01726.HK,20.5,ODSH,1726,2.04,1.950,3.02,1726.HK,,1000000.0,,-0.51,,-0.010,HKD,HKE HOLDINGS,B,,-0.51,1.950,0.0,1726.HK,,0.0
01727,河北建設,N,地產建築,建築,建築及服務,244533255.0,2024-04-26T16:02:10,地产建筑,建筑,建筑及服务,河北建设,01727.HK,2.4,ODSH,1727,244.53,0.530,193.13,1727.HK,,1000.0,,+1.92,5.09,+0.010,HKD,河北建設,M,,1.92,0.530,0.0,1727.HK,"冬奥会,雄安股",0.0
01728,正通汽車,N,非必需性消費,零售相關,汽車零售,693838785.64,2024-04-26T16:02:11,非必需性消费,零售相关,汽车零售,正通汽车,01728.HK,6.9,ODSH,1728,688.10,0.240,48.86,1728.HK,,1000.0,,-2.44,,-0.006,HKD,正通汽車,M,,-2.44,0.240,0.0,1728.HK,"汽车零售,物流,电子商务",0.0
01729,匯聚科技,N,資訊科技,資訊科技器材,電訊設備,3697308800.0,2024-04-26T16:02:09,科技,资讯科技器材,电讯设备,汇聚科技,01729.HK,37.0,ODSH,1729,3.69,1.900,9.21,1729.HK,,1000000.0,1.02,+1.06,10.01,+0.020,HKD,匯聚科技,B,,1.06,1.900,0.1,1729.HK,"数据中心,电讯设备",0.010296069034489663
01730,LHN,N,地產建築,地產,地產投資,756548990.0,2024-04-26T16:02:10,地产建筑,地产,地产投资,LHN,01730.HK,7.6,ODSH,1730,756.54,1.850,,1730.HK,,,9.46,0.00,3.44,0.000,HKD,LHN,M,,0.0,1.850,0.0,1730.HK,,0.0
01731,其利工業集團,N,非必需性消費,紡織及服飾,其他服飾配件,750400000.0,2024-04-26T16:02:10,非必需性消费,纺织及服饰,其他服饰配件,其利工业集团,01731.HK,7.5,ODSH,1731,750.40,0.670,81.36,1731.HK,,1000.0,7.46,+3.08,6.46,+0.020,HKD,其利工業集團,M,,3.08,0.670,0.0,1731.HK,,0.0
01732,象興國際,N,工業,工業運輸,航運及港口,174000000.0,2024-04-26T16:02:11,工业,工业运输,航运及港口,象兴国际,01732.HK,1.7,ODSH,1732,174.00,0.145,1.14,1732.HK,,1000000.0,,-3.33,14.65,-0.005,HKD,象興國際,M,,-3.33,0.145,0.0,1732.HK,,0.0
01733,易大宗,N,能源,煤炭,煤炭,4383715078.44,2024-04-26T16:02:10,能源,煤炭,煤炭,易大宗,01733.HK,43.8,ODSH,1733,4.41,1.630,4.82,1733.HK,,1000000.0,12.02,+1.24,2.06,+0.020,HKD,易大宗,B,,1.24,1.630,0.0,1733.HK,"meitanhk,物流",0.0
01735,中環新能源,N,地產建築,建築,建築及服務,24456960000.0,2024-04-26T16:02:11,地产建筑,建筑,建筑及服务,中环新能源,01735.HK,244.6,ODSH,1735,24.58,5.820,58.7,1735.HK,,1000000.0,,+1.57,370.70,+0.090,HKD,中環新能源,B,,1.57,5.820,0.6,1735.HK,,0.08225956984486213
01736,中國育兒網絡,N,資訊科技,軟件服務,電商及互聯網服務,17283117.18,2024-04-26T16:02:10,科技,软件服务,电商及互联网服务,中国育儿网络,01736.HK,0.2,ODSH,1736,16.70,0.058,25.21,1736.HK,,1000.0,,+3.57,,+0.002,HKD,中國育兒網絡,M,,3.57,0.058,0.0,1736.HK,,0.0
01737,亞洲實業集團,N,工業,工業運輸,航空貨運及物流,100000000.0,2024-04-26T16:02:09,工业,工业运输,航空货运及物流,亚洲实业集团,01737.HK,1.0,ODSH,1737,100.00,0.100,11.0,1737.HK,,1000.0,,+1.01,11.63,+0.001,HKD,亞洲實業集團,M,,1.01,0.100,0.0,1737.HK,,0.0
01738,飛尚無煙煤,N,能源,煤炭,煤炭,237453877.6,2024-04-26T16:02:11,能源,煤炭,煤炭,飞尚无烟煤,01738.HK,2.4,ODSH,1738,237.45,0.172,5.85,1738.HK,,1000.0,,+8.86,,+0.014,HKD,飛尚無煙煤,M,,8.86,0.172,0.0,1738.HK,"meitanhk,煤化工",0.0
01739,齊屹科技,N,地產建築,建築,建築及服務,354953437.9,2024-04-26T16:02:10,地产建筑,建筑,建筑及服务,齐屹科技,01739.HK,3.5,ODSH,1739,354.95,0.310,420.72,1739.HK,,1000.0,13.26,-3.13,,-0.010,HKD,齊屹科技,M,,-3.13,0.310,0.0,1739.HK,SaaS,0.0
01740,新石文化,N,非必需性消費,媒體及娛樂,影視娛樂,105825000.0,2024-04-26T16:02:10,非必需性消费,媒体及娱乐,影视娱乐,新石文化,01740.HK,1.1,ODSH,1740,105.82,0.102,16.89,1740.HK,,1000.0,,-9.73,,-0.011,HKD,新石文化,M,,-9.73,0.102,0.0,1740.HK,影视娱乐,0.0
01741,日贏控股,N,地產建築,建築,建築及服務,380000000.0,2024-04-26T16:02:11,地产建筑,建筑,建筑及服务,日赢控股,01741.HK,3.8,ODSH,1741,372.00,0.465,597.3,1741.HK,,1000.0,,-6.06,,-0.030,HKD,日贏控股,M,,-6.06,0.465,0.0,1741.HK,,0.0
01742,HPC HOLDINGS,N,地產建築,建築,建築及服務,65600000.0,2024-04-26T16:02:10,地产建筑,建筑,建筑及服务,HPC HOLDINGS,01742.HK,0.7,ODSH,1742,67.20,0.042,,1742.HK,,,,0.00,3.47,0.000,HKD,HPC HOLDINGS,M,,0.0,0.042,0.0,1742.HK,,0.0
01745,驢跡科技,N,資訊科技,軟件服務,軟件開發,784548313.875,2024-04-26T16:02:10,科技,软件服务,软件开发,驴迹科技,01745.HK,7.8,ODSH,1745,784.54,0.465,76.03,1745.HK,,1000.0,,-2.11,4.72,-0.010,HKD,驢跡科技,M,,-2.11,0.465,0.0,1745.HK,,0.0
01746,萬順集團控股,N,地產建築,建築,建築及服務,135000000.0,2024-04-26T16:02:10,地产建筑,建筑,建筑及服务,万顺集团控股,01746.HK,1.4,ODSH,1746,135.00,0.135,,1746.HK,,,,0.00,192.86,0.000,HKD,萬順集團控股,M,,0.0,0.135,0.0,1746.HK,,0.0
01747,HOME CONTROL,N,非必需性消費,家庭電器及用品,消費電子產品,177327500.0,2024-04-26T16:02:11,非必需性消费,家庭电器及用品,消费电子产品,HOME CONTROL,01747.HK,1.8,ODSH,1747,177.32,0.350,,1747.HK,,,,-12.50,,-0.050,HKD,HOME CONTROL,M,,-12.5,0.350,0.0,1747.HK,消费电子,0.0
01748,信源企業集團,N,工業,工業運輸,航運及港口,1716000000.0,2024-04-26T16:02:11,工业,工业运输,航运及港口,信源企业集团,01748.HK,17.2,ODSH,1748,1.71,3.900,,1748.HK,,,,0.00,25.93,0.000,HKD,信源企業集團,B,,0.0,3.900,0.0,1748.HK,,0.0
01749,杉杉品牌,N,非必需性消費,紡織及服飾,服裝,25050000.0,2024-04-26T16:02:11,非必需性消费,纺织及服饰,服装,杉杉品牌,01749.HK,0.3,ODSH,1749,25.05,0.750,34.33,1749.HK,,1000.0,11.41,-8.54,2.96,-0.070,HKD,杉杉品牌,M,,-8.54,0.750,0.0,1749.HK,,0.0
01750,全達電器集團控股,N,工業,工業工程,工業及設備,46800000.0,2024-04-26T16:02:10,工业,工业工程,工业及设备,全达电器集团控股,01750.HK,0.5,ODSH,1750,48.60,0.027,3.02,1750.HK,,1000.0,,0.00,6.92,0.000,HKD,全達電器集團控股,M,,0.0,0.027,0.0,1750.HK,,0.0
01751,景聯集團,N,地產建築,建築,建築及服務,140313600.0,2024-04-26T16:02:09,地产建筑,建筑,建筑及服务,景联集团,01751.HK,1.4,ODSH,1751,140.31,0.580,121.24,1751.HK,,1000.0,,0.00,101.75,0.000,HKD,景聯集團,M,,0.0,0.580,0.0,1751.HK,,0.0
01752,澳洲成峰高教,N,非必需性消費,支援服務,教育,107201336.0,2024-04-26T16:02:10,非必需性消费,支援服务,教育,澳洲成峰高教,01752.HK,1.1,ODSH,1752,107.20,0.044,256.4,1752.HK,,1000.0,4.55,+10.00,17.60,+0.004,HKD,澳洲成峰高教,M,,10.0,0.044,0.0,1752.HK,教育服务,0.0
01753,兌吧,N,非必需性消費,媒體及娛樂,廣告及宣傳,317662844.0,2024-04-26T16:02:10,非必需性消费,媒体及娱乐,广告及宣传,兑吧,01753.HK,3.2,ODSH,1753,317.66,0.295,78.38,1753.HK,,1000.0,,0.00,9.58,0.000,HKD,兌吧,M,,0.0,0.295,0.0,1753.HK,SaaS,0.0
01755,新城悅服務,N,地產建築,地產,物業管理及服務,2526859900.0,2024-04-26T16:02:11,地产建筑,地产,物业管理及服务,新城悦服务,01755.HK,25.3,ODSH,1755,2.53,2.910,3.4,1755.HK,,1000000.0,7.54,+9.40,5.23,+0.250,HKD,新城悅服務,B,,9.4,2.910,0.0,1755.HK,"物业管理,现代服务业",0.0
01756,中國職業教育,N,非必需性消費,支援服務,教育,816000000.0,2024-04-26T16:02:09,非必需性消费,支援服务,教育,中国职业教育,01756.HK,8.2,ODSH,1756,828.00,0.690,285.21,1756.HK,,1000.0,,0.00,1.96,0.000,HKD,中國職業教育,M,,0.0,0.690,0.0,1756.HK,,0.0
01757,俊裕地基,N,地產建築,建築,重型基建,216000000.0,2024-04-26T16:02:10,地产建筑,建筑,重型基建,俊裕地基,01757.HK,2.2,ODSH,1757,216.00,0.180,,1757.HK,,,,0.00,257.14,0.000,HKD,俊裕地基,M,,0.0,0.180,0.0,1757.HK,基础建设,0.0
01758,博駿教育,N,非必需性消費,支援服務,教育,172499445.86,2024-04-26T16:02:10,非必需性消费,支援服务,教育,博骏教育,01758.HK,1.7,ODSH,1758,172.49,0.191,30.04,1758.HK,,1000.0,,-2.55,2.84,-0.005,HKD,博駿教育,M,,-2.55,0.191,0.0,1758.HK,"K12教育,教育服务",0.0
01759,中油潔能控股,N,公用事業,公用事業,燃氣,108000000.0,2024-04-26T16:02:10,公用事业,公用事业,燃气,中油洁能控股,01759.HK,1.1,ODSH,1759,108.00,0.500,,1759.HK,,,,0.00,11.47,0.000,HKD,中油潔能控股,M,,0.0,0.500,0.0,1759.HK,氢能源,0.0
01760,英恒科技,N,非必需性消費,汽車,汽車零件,2099528112.0,2024-04-26T16:02:10,非必需性消费,汽车,汽车零件,英恒科技,01760.HK,21.0,ODSH,1760,2.09,1.930,755.21,1760.HK,,1000.0,5.08,+2.66,6.16,+0.050,HKD,英恒科技,B,,2.66,1.930,0.0,1760.HK,"比亚迪,汽车热管理",0.0
01761,寶寶樹集團,S,非必需性消費,媒體及娛樂,廣告及宣傳,440088576.385,2024-04-26T16:02:10,非必需性消费,媒体及娱乐,广告及宣传,宝宝树集团,01761.HK,4.4,ODSH,1761,440.08,0.265,,1761.HK,,,,0.00,,0.000,HKD,寶寶樹集團,M,True,0.0,0.265,0.0,1761.HK,"三胎,独角兽",0.0
01762,萬咖壹聯,S,非必需性消費,媒體及娛樂,廣告及宣傳,120533724.65,2024-04-26T16:02:10,非必需性消费,媒体及娱乐,广告及宣传,万咖壹联,01762.HK,1.2,ODSH,1762,120.53,0.079,,1762.HK,,,,0.00,,0.000,HKD,萬咖壹聯,M,True,0.0,0.079,0.0,1762.HK,,0.0
01763,中國同輻,N,醫療保健,藥品及生物科技,醫藥品,863663040.0,2024-04-26T16:02:10,医疗保健,药品及生物科技,医药品,中国同辐,01763.HK,8.6,ODSH,1763,865.26,10.820,5.2,1763.HK,,1000000.0,3.10,+5.25,8.71,+0.540,HKD,中國同輻,M,,5.25,10.820,0.1,1763.HK,"幽门螺杆菌,肝炎",0.16110239388513717
01765,希教國際控股,N,非必需性消費,支援服務,教育,1924644081.204,2024-04-26T16:02:10,非必需性消费,支援服务,教育,希教国际控股,01765.HK,19.2,ODSH,1765,1.92,0.234,13.55,1765.HK,,1000000.0,,+1.74,8.33,+0.004,HKD,希教國際控股,B,,1.74,0.234,0.1,1765.HK,教育服务,0.026104337980938083
01766,中國中車,N,工業,工業工程,商用車及貨車,19494954538.4,2024-04-26T16:02:11,工业,工业工程,商用车及货车,中国中车,01766.HK,194.9,ODSH,1766,19.49,4.460,52.08,1766.HK,,1000000.0,4.80,+0.45,10.22,+0.020,HKD,中國中車,B,,0.45,4.460,0.5,1766.HK,"一带一路,国企改革,知名公司,高铁",0.008916134693271289
01767,TS WONDERS,N,必需性消費,食品飲料,包裝食品,220000000.0,2024-04-26T16:02:10,必需性消费,食品饮料,包装食品,TS WONDERS,01767.HK,2.2,ODSH,1767,220.00,0.220,,1767.HK,,,1.05,-1.35,6.98,-0.003,HKD,TS WONDERS,M,,-1.35,0.220,0.0,1767.HK,,0.0
01769,思考樂教育,N,非必需性消費,支援服務,教育,2545106000.0,2024-04-26T16:02:11,非必需性消费,支援服务,教育,思考乐教育,01769.HK,25.5,ODSH,1769,2.55,4.600,32.04,1769.HK,,1000000.0,,+5.99,27.59,+0.260,HKD,思考樂教育,B,,5.99,4.600,0.3,1769.HK,"K12教育,教育服务",0.44231946540134176
01771,新豐泰集團,N,非必需性消費,零售相關,汽車零售,372000000.0,2024-04-26T16:02:10,非必需性消费,零售相关,汽车零售,新丰泰集团,01771.HK,3.7,ODSH,1771,372.00,0.620,,1771.HK,,,,-3.13,29.25,-0.020,HKD,新豐泰集團,M,,-3.13,0.620,0.0,1771.HK,汽车零售,0.0
01772,贛鋒鋰業,N,原材料,一般金屬及礦石,其他金屬及礦石,8979523280.0,2024-04-26T16:02:10,原材料,一般金属及矿石,其他金属及矿石,赣锋锂业,01772.HK,89.8,ODSH,1772,9.01,22.350,84.6,1772.HK,,1000000.0,3.83,+2.76,8.44,+0.600,HKD,贛鋒鋰業,B,,2.76,22.350,0.8,1772.HK,"比亚迪,特斯拉,碳中和,锂电池",0.30426423028518274
01773,天立國際控股,N,非必需性消費,支援服務,教育,10188420000.0,2024-04-26T16:02:10,非必需性消费,支援服务,教育,天立国际控股,01773.HK,101.9,ODSH,1773,10.27,4.770,13.13,1773.HK,,1000000.0,1.12,+6.47,27.86,+0.290,HKD,天立國際控股,B,,6.47,4.770,0.1,1773.HK,"K12教育,教育服务",0.12442196697143468
01775,精英匯集團,N,非必需性消費,支援服務,教育,96450080.0,2024-04-26T16:02:10,非必需性消费,支援服务,教育,精英汇集团,01775.HK,1.0,ODSH,1775,96.45,0.190,,1775.HK,,,,0.00,,0.000,HKD,精英匯集團,M,,0.0,0.190,0.0,1775.HK,教育服务,0.0
01776,廣發証券,N,金融,其他金融,證券及經紀,13512261828.0,2024-04-26T16:02:11,金融,其他金融,证券及经纪,广发证券,01776.HK,135.1,ODSH,1776,13.51,7.940,49.5,1776.HK,,1000000.0,4.04,+6.15,8.94,+0.460,HKD,廣發証券,B,,6.15,7.940,0.5,1776.HK,"中资券商股,国企改革",0.5528899380499369
01777,花樣年控股,N,地產建築,地產,地產發展商,167405338.056,2024-04-26T16:02:10,地产建筑,地产,地产发展商,花样年控股,01777.HK,1.7,ODSH,1777,173.17,0.030,24.36,1777.HK,,1000.0,,-3.23,,-0.001,HKD,花樣年控股,M,,-3.23,0.030,0.0,1777.HK,"内地房地产,物业投资",0.0
01778,彩生活,N,地產建築,地產,物業管理及服務,249904326.672,2024-04-26T16:02:10,地产建筑,地产,物业管理及服务,彩生活,01778.HK,2.5,ODSH,1778,245.44,0.165,83.35,1778.HK,,1000.0,,-1.79,9.94,-0.003,HKD,彩生活,M,,-1.79,0.165,0.0,1778.HK,"京东,物业管理,现代服务业",0.0
01780,B & D STRATEGIC,N,地產建築,建築,建築及服務,1147000000.0,2024-04-26T16:02:11,地产建筑,建筑,建筑及服务,B & D STRATEGIC,01780.HK,11.5,ODSH,1780,1.14,1.850,647.45,1780.HK,,1000.0,,+0.54,220.24,+0.010,HKD,B & D STRATEGIC,B,,0.54,1.850,0.0,1780.HK,,0.0
01782,國際商業數字技術,N,資訊科技,軟件服務,系統開發及顧問,4267200000.0,2024-04-26T16:02:10,科技,软件服务,系统开发及顾问,国际商业数字技术,01782.HK,42.7,ODSH,1782,4.26,5.600,1.74,1782.HK,,1000000.0,,+0.36,,+0.020,HKD,國際商業數字技術,B,,0.36,5.600,0.0,1782.HK,冬奥会,0.0
01783,晉景新能,N,地產建築,建築,建築及服務,4505548725.0,2024-04-26T16:02:11,地产建筑,建筑,建筑及服务,晋景新能,01783.HK,45.1,ODSH,1783,4.50,3.590,2.66,1783.HK,,1000000.0,,+1.99,,+0.070,HKD,晉景新能,B,,1.99,3.590,0.0,1783.HK,,0.0
01785,成都高速,N,工業,工業運輸,鐵路及公路,939570120.0,2024-04-26T16:02:10,工业,工业运输,铁路及公路,成都高速,01785.HK,9.4,ODSH,1785,953.25,2.090,257.33,1785.HK,,1000.0,8.61,+1.95,5.22,+0.040,HKD,成都高速,M,,1.95,2.090,0.0,1785.HK,充电桩股,0.0
01786,鐵建裝備,N,工業,工業工程,重型機械,367011000.0,2024-04-26T16:02:11,工业,工业工程,重型机械,铁建装备,01786.HK,3.7,ODSH,1786,367.01,0.690,324.49,1786.HK,,1000.0,4.67,+1.47,6.75,+0.010,HKD,鐵建裝備,M,,1.47,0.690,0.0,1786.HK,重型机械股,0.0
01787,山東黃金,N,原材料,黃金及貴金屬,黃金及貴金屬,15152516179.92,2024-04-26T16:02:10,原材料,黄金及贵金属,黄金及贵金属,山东黄金,01787.HK,151.5,ODSH,1787,15.27,17.780,186.84,1787.HK,,1000000.0,0.84,+4.47,41.22,+0.760,HKD,山東黃金,B,,4.47,17.780,1.9,1787.HK,黄金,1.3225379438880471
01788,國泰君安國際,N,金融,其他金融,證券及經紀,5350237035.92,2024-04-26T16:02:10,金融,其他金融,证券及经纪,国泰君安国际,01788.HK,53.5,ODSH,1788,5.25,0.550,5.17,1788.HK,,1000000.0,3.64,+1.85,26.07,+0.010,HKD,國泰君安國際,B,,1.85,0.550,0.1,1788.HK,"MSCI,中资券商股,红筹股,财产管理",0.022987263095355617
01789,愛康醫療,N,醫療保健,醫療保健設備及服務,醫健設備,6495925120.23,2024-04-26T16:02:10,医疗保健,医疗保健设备及服务,医健设备,爱康医疗,01789.HK,65.0,ODSH,1789,6.47,5.770,10.05,1789.HK,,1000000.0,0.78,+4.15,32.90,+0.230,HKD,愛康醫療,B,,4.15,5.770,0.1,1789.HK,"医疗器械,新经济",0.07278072856029734
01790,達力環保,N,公用事業,公用事業,水務,560000000.0,2024-04-26T16:02:10,公用事业,公用事业,水务,达力环保,01790.HK,5.6,ODSH,1790,560.00,0.560,,1790.HK,,,,0.00,7.64,0.000,HKD,達力環保,M,,0.0,0.560,0.0,1790.HK,,0.0
01792,CMON,N,非必需性消費,家庭電器及用品,玩具及消閒用品,75852000.0,2024-04-26T16:02:10,非必需性消费,家庭电器及用品,玩具及消闲用品,CMON,01792.HK,0.8,ODSH,1792,75.85,0.042,37.03,1792.HK,,1000.0,,-6.67,13.55,-0.003,HKD,CMON,M,,-6.67,0.042,0.0,1792.HK,玩具及消闲用品,0.0
01793,偉工控股,N,地產建築,建築,建築及服務,128800000.0,2024-04-26T16:02:10,地产建筑,建筑,建筑及服务,伟工控股,01793.HK,1.3,ODSH,1793,128.80,0.161,3.86,1793.HK,,1000.0,7.45,0.00,21.47,0.000,HKD,偉工控股,M,,0.0,0.161,0.0,1793.HK,,0.0
01795,亞東集團,N,非必需性消費,紡織及服飾,紡織品及布料,774000000.0,2024-04-26T16:02:09,非必需性消费,纺织及服饰,纺织品及布料,亚东集团,01795.HK,7.7,ODSH,1795,816.00,1.360,174.99,1795.HK,,1000.0,2.21,-2.86,22.01,-0.040,HKD,亞東集團,M,,-2.86,1.360,0.0,1795.HK,,0.0
01796,耀高控股,N,地產建築,建築,建築及服務,2265600000.0,2024-04-26T16:02:09,地产建筑,建筑,建筑及服务,耀高控股,01796.HK,22.7,ODSH,1796,2.26,4.720,5.77,1796.HK,,1000000.0,,+0.43,,+0.020,HKD,耀高控股,B,,0.43,4.720,0.1,1796.HK,,0.002480243228635539
01797,東方甄選,N,非必需性消費,支援服務,教育,17757485425.44,2024-04-26T16:02:10,非必需性消费,支援服务,教育,东方甄选,01797.HK,177.6,ODSH,1797,17.75,17.240,370.11,1797.HK,,1000000.0,,+8.02,16.78,+1.280,HKD,東方甄選,B,,8.02,17.240,3.7,1797.HK,"K12教育,教育服务,知名公司,腾讯",5.611742229321376
01798,大唐新能源,N,公用事業,公用事業,潔能,4151778026.0,2024-04-26T16:02:11,公用事业,公用事业,洁能,大唐新能源,01798.HK,41.5,ODSH,1798,4.12,1.650,21.95,1798.HK,,1000000.0,4.55,+0.61,5.00,+0.010,HKD,大唐新能源,B,,0.61,1.650,0.2,1798.HK,"国企改革,碳中和,绿色电力,节能环保,风电",0.007997926444342123
01799,新特能源,N,工業,工業工程,新能源材料,3201213133.56,2024-04-26T16:02:10,工业,工业工程,新能源材料,新特能源,01799.HK,32.0,ODSH,1799,3.18,8.460,26.13,1799.HK,,1000000.0,,+3.55,2.60,+0.290,HKD,新特能源,B,,3.55,8.460,0.3,1799.HK,"光伏太阳能,太阳能,碳中和,绿色电力,钙钛矿电池",0.20161951170281273
01800,中國交通建設,N,地產建築,建築,重型基建,18955262040.0,2024-04-26T16:02:10,地产建筑,建筑,重型基建,中国交通建设,01800.HK,189.6,ODSH,1800,18.91,4.280,81.71,1800.HK,,1000000.0,7.54,+1.42,2.76,+0.060,HKD,中國交通建設,B,,1.42,4.280,0.8,1800.HK,"一带一路,冬奥会,国企改革,基础建设,高铁",0.09752118748419072
01801,信達生物,N,醫療保健,藥品及生物科技,醫藥品,63771437852.1,2024-04-26T16:02:11,医疗保健,药品及生物科技,医药品,信达生物,01801.HK,637.7,ODSH,1801,63.60,39.200,265.87,1801.HK,,1000000.0,,+1.69,,+0.650,HKD,信達生物,B,,1.69,39.200,2.7,1801.HK,"创新药,生物医药",0.3618245436335407
01802,文業集團,N,地產建築,建築,建築及服務,33264000.0,2024-04-26T16:02:09,地产建筑,建筑,建筑及服务,文业集团,01802.HK,0.3,ODSH,1802,34.45,0.058,82.37,1802.HK,,1000.0,,+1.75,,+0.001,HKD,文業集團,M,,1.75,0.058,0.0,1802.HK,,0.0
01803,北京體育文化,N,非必需性消費,旅遊及休閒設施,休閒及文娛設施,119681615.0,2024-04-26T16:02:11,非必需性消费,旅游及休闲设施,休闲及文娱设施,北京体育文化,01803.HK,1.2,ODSH,1803,119.68,0.085,3.84,1803.HK,,1000.0,,0.00,,0.000,HKD,北京體育文化,M,,0.0,0.085,0.0,1803.HK,物流,0.0
01808,企展控股,N,資訊科技,軟件服務,系統開發及顧問,448972007.0,2024-04-26T16:02:10,科技,软件服务,系统开发及顾问,企展控股,01808.HK,4.5,ODSH,1808,453.05,2.220,939.15,1808.HK,,1000.0,,+0.91,63.25,+0.020,HKD,企展控股,M,,0.91,2.220,0.0,1808.HK,互联网+,0.0
01809,浦林成山,N,非必需性消費,汽車,汽車零件,4614190000.0,2024-04-26T16:02:10,非必需性消费,汽车,汽车零件,浦林成山,01809.HK,46.1,ODSH,1809,4.61,7.250,423.22,1809.HK,,1000.0,4.14,0.00,4.17,0.000,HKD,浦林成山,B,,0.0,7.250,0.0,1809.HK,,0.0
01810,小米集團-W,N,資訊科技,資訊科技器材,電訊設備,432169041148.52,2024-04-26T16:02:10,科技,资讯科技器材,电讯设备,小米集团-W,01810.HK,4321.7,ODSH,1810,433.16,17.360,3.83,1810.HK,,1000000000.0,,+4.58,23.03,+0.760,HKD,小米集團－Ｗ,B,,4.58,17.360,38.3,1810.HK,"F5G,MSCI,互联网出海,人工智能,元宇宙,同股不同权,小米,新IT,新经济,机器人,物联网,独角兽,电子商务,电讯设备,知名公司",17.74255537117218
01811,中廣核新能源,N,公用事業,公用事業,潔能,10083436400.0,2024-04-26T16:02:11,公用事业,公用事业,洁能,中广核新能源,01811.HK,100.8,ODSH,1811,10.12,2.360,35.52,1811.HK,,1000000.0,5.16,+0.85,4.85,+0.020,HKD,中廣核新能源,B,,0.85,2.360,0.4,1811.HK,"核电,核电核能,绿色电力",0.02364397659628926
01812,晨鳴紙業,N,原材料,其他原材料,紙品相關,956232502.5,2024-04-26T16:02:11,原材料,其他原材料,纸品相关,晨鸣纸业,01812.HK,9.6,ODSH,1812,956.23,1.810,1.76,1812.HK,,1000000.0,,+0.56,,+0.010,HKD,晨鳴紙業,M,,0.56,1.810,0.0,1812.HK,"人民币升值,国企改革,纸业股",0.0
01813,合景泰富集團,N,地產建築,地產,地產發展商,974381924.325,2024-04-26T16:02:10,地产建筑,地产,地产发展商,合景泰富集团,01813.HK,9.7,ODSH,1813,974.38,0.285,1.47,1813.HK,,1000000.0,,+11.76,,+0.030,HKD,合景泰富集團,M,,11.76,0.285,0.0,1813.HK,"MSCI,内地房地产,粤港澳",0.0
01815,金貓銀貓,N,非必需性消費,零售相關,其他零售,340415636.0,2024-04-26T16:02:09,非必需性消费,零售相关,其他零售,金猫银猫,01815.HK,3.4,ODSH,1815,340.41,0.275,137.58,1815.HK,,1000.0,,-1.79,,-0.005,HKD,金貓銀貓,M,,-1.79,0.275,0.0,1815.HK,,0.0
01816,中廣核電力,N,公用事業,公用事業,核能,29471970000.0,2024-04-26T16:02:10,公用事业,公用事业,核能,中广核电力,01816.HK,294.7,ODSH,1816,29.58,2.650,248.33,1816.HK,,1000000.0,3.80,-2.93,11.65,-0.080,HKD,中廣核電力,B,,-2.93,2.650,2.5,1816.HK,"国企改革,新经济,核电,核电核能,碳中和",0.8548268569502661
01817,慕尚集團控股,N,非必需性消費,零售相關,服裝零售,1111500000.0,2024-04-26T16:02:11,非必需性消费,零售相关,服装零售,慕尚集团控股,01817.HK,11.1,ODSH,1817,1.11,1.170,,1817.HK,,,,0.00,25.22,0.000,HKD,慕尚集團控股,B,,0.0,1.170,0.0,1817.HK,,0.0
01818,招金礦業,N,原材料,黃金及貴金屬,黃金及貴金屬,36024040544.58,2024-04-26T16:02:10,原材料,黄金及贵金属,黄金及贵金属,招金矿业,01818.HK,360.2,ODSH,1818,36.02,13.140,360.03,1818.HK,,1000000.0,0.33,+5.12,87.43,+0.640,HKD,招金礦業,B,,5.12,13.140,3.6,1818.HK,"MSCI,国企改革,贸易战股",2.6516440386548403
01820,濟豐包裝,N,工業,工業支援,印刷及包裝,1896987920.0,2024-04-26T16:02:10,工业,工业支援,印刷及包装,济丰包装,01820.HK,19.0,ODSH,1820,1.89,6.310,25.24,1820.HK,,1000.0,2.54,0.00,78.88,0.000,HKD,濟豐包裝,B,,0.0,6.310,0.0,1820.HK,,0.0
01821,ESR,N,金融,其他金融,資產管理,36143219438.04,2024-04-26T16:02:11,金融,其他金融,资产管理,ESR,01821.HK,361.4,ODSH,1821,36.39,8.640,50.9,1821.HK,,1000000.0,2.89,+5.11,22.17,+0.420,HKD,ESR,B,,5.11,8.640,0.5,1821.HK,,0.36710514165710295
01822,中木國際,N,原材料,其他原材料,林業及木材,181646550.2,2024-04-26T16:02:10,原材料,其他原材料,林业及木材,中木国际,01822.HK,1.8,ODSH,1822,181.64,0.053,73.02,1822.HK,,1000.0,,-7.02,0.08,-0.004,HKD,中木國際,M,,-7.02,0.053,0.0,1822.HK,移动互联网,0.0
01823,華昱高速,N,必需性消費,食品飲料,酒精飲料,383725440.0,2024-04-26T16:02:10,必需性消费,食品饮料,酒精饮料,华昱高速,01823.HK,3.8,ODSH,1823,383.72,0.930,233.16,1823.HK,,1000.0,13.01,+12.05,1.09,+0.100,HKD,華昱高速,M,,12.05,0.930,0.0,1823.HK,,0.0
01825,STERLING GP,N,非必需性消費,紡織及服飾,服裝,35760000.0,2024-04-26T16:02:11,非必需性消费,纺织及服饰,服装,STERLING GP,01825.HK,0.4,ODSH,1825,36.00,0.150,,1825.HK,,,,0.00,1.61,0.000,HKD,STERLING GP,M,,0.0,0.150,0.0,1825.HK,,0.0
01826,豐展控股,N,地產建築,建築,建築及服務,66600000.0,2024-04-26T16:02:10,地产建筑,建筑,建筑及服务,丰展控股,01826.HK,0.7,ODSH,1826,66.60,0.050,500.0,1826.HK,,,,+16.28,,+0.007,HKD,豐展控股,M,,16.28,0.050,0.0,1826.HK,,0.0
01827,卓珈控股,N,醫療保健,醫療保健設備及服務,醫療及醫學美容服務,520000000.0,2024-04-26T16:02:11,医疗保健,医疗保健设备及服务,医疗及医学美容服务,卓珈控股,01827.HK,5.2,ODSH,1827,520.00,1.300,134.05,1827.HK,,1000.0,,-2.26,,-0.030,HKD,卓珈控股,M,,-2.26,1.300,0.0,1827.HK,医美,0.0
01830,完美醫療,N,醫療保健,醫療保健設備及服務,醫療及醫學美容服務,2939502784.14,2024-04-26T16:02:10,医疗保健,医疗保健设备及服务,医疗及医学美容服务,完美医疗,01830.HK,29.4,ODSH,1830,2.95,2.350,5.69,1830.HK,,1000000.0,13.28,-0.84,9.30,-0.020,HKD,完美醫療,B,,-0.84,2.350,0.1,1830.HK,"医美,现代服务业",0.007382788900002874
01831,十方控股,N,非必需性消費,媒體及娛樂,廣告及宣傳,86035963.92,2024-04-26T16:02:11,非必需性消费,媒体及娱乐,广告及宣传,十方控股,01831.HK,0.9,ODSH,1831,79.58,0.074,740.0,1831.HK,,,,-7.50,,-0.006,HKD,十方控股,M,,-7.5,0.074,0.0,1831.HK,文化传媒,0.0
01832,海天地悅旅,N,非必需性消費,旅遊及休閒設施,酒店及度假村,194400000.0,2024-04-26T16:02:10,非必需性消费,旅游及休闲设施,酒店及度假村,海天地悦旅,01832.HK,1.9,ODSH,1832,194.40,0.540,10.95,1832.HK,,1000.0,,-6.90,,-0.040,HKD,海天地悅旅,M,,-6.9,0.540,0.0,1832.HK,连锁酒店,0.0
01833,平安好醫生,N,醫療保健,醫療保健設備及服務,醫療及醫學美容服務,12306941900.0,2024-04-26T16:02:09,医疗保健,医疗保健设备及服务,医疗及医学美容服务,平安好医生,01833.HK,123.1,ODSH,1833,12.32,11.020,117.97,1833.HK,,1000000.0,,+5.15,,+0.540,HKD,平安好醫生,B,,5.15,11.020,1.2,1833.HK,"互联网医疗,人工智能,抗疫,新经济,新经济,智能医疗,独角兽",1.0546490614958677
01835,瑞威資管,N,金融,其他金融,資產管理,69012000.0,2024-04-26T16:02:10,金融,其他金融,资产管理,瑞威资管,01835.HK,0.7,ODSH,1835,69.01,1.800,,1835.HK,,,,0.00,,0.000,HKD,瑞威資管,M,,0.0,1.800,0.0,1835.HK,财产管理,0.0
01836,九興控股,N,非必需性消費,紡織及服飾,鞋履,11082330740.0,2024-04-26T16:02:10,非必需性消费,纺织及服饰,鞋履,九兴控股,01836.HK,110.8,ODSH,1836,11.11,13.820,17.68,1836.HK,,1000000.0,7.45,-1.57,9.92,-0.220,HKD,九興控股,B,,-1.57,13.820,0.2,1836.HK,台资企业,0.031194618555390085
01837,五谷磨房,N,必需性消費,食品飲料,包裝食品,1138027280.0,2024-04-26T16:02:11,必需性消费,食品饮料,包装食品,五谷磨房,01837.HK,11.4,ODSH,1837,1.13,0.520,510.66,1837.HK,,1000.0,6.85,-1.89,6.89,-0.010,HKD,五谷磨房,B,,-1.89,0.520,0.0,1837.HK,,0.0
01839,中集車輛,N,工業,工業工程,商用車及貨車,4184286400.0,2024-04-26T16:02:10,工业,工业工程,商用车及货车,中集车辆,01839.HK,41.8,ODSH,1839,4.18,7.420,2.61,1839.HK,,1000000.0,,0.00,5.68,0.000,HKD,中集車輛,B,,0.0,7.420,0.0,1839.HK,,0.0
01841,優越集團控股,N,工業,工業支援,印刷及包裝,76000000.0,2024-04-26T16:02:11,工业,工业支援,印刷及包装,优越集团控股,01841.HK,0.8,ODSH,1841,76.00,0.190,,1841.HK,,,,0.00,3.80,0.000,HKD,優越集團控股,M,,0.0,0.190,0.0,1841.HK,,0.0
01842,植華集團,N,非必需性消費,紡織及服飾,其他服飾配件,99600000.0,2024-04-26T16:02:09,非必需性消费,纺织及服饰,其他服饰配件,植华集团,01842.HK,1.0,ODSH,1842,99.60,0.083,33.97,1842.HK,,1000.0,,0.00,92.22,0.000,HKD,植華集團,M,,0.0,0.083,0.0,1842.HK,,0.0
01843,快餐帝國,N,非必需性消費,旅遊及休閒設施,餐飲,128000000.0,2024-04-26T16:02:10,非必需性消费,旅游及休闲设施,餐饮,快餐帝国,01843.HK,1.3,ODSH,1843,128.00,0.160,,1843.HK,,,5.38,0.00,13.22,0.000,HKD,快餐帝國,M,,0.0,0.160,0.0,1843.HK,餐饮连锁,0.0
01845,維港環保科技,N,工業,工業工程,環保工程,373333800.0,2024-04-26T16:02:11,工业,工业工程,环保工程,维港环保科技,01845.HK,3.7,ODSH,1845,373.33,0.280,,1845.HK,,,,0.00,200.00,0.000,HKD,維港環保科技,M,,0.0,0.280,0.0,1845.HK,节能环保,0.0
01846,德視佳,N,醫療保健,醫療保健設備及服務,醫療及醫學美容服務,1619546400.0,2024-04-26T16:02:09,医疗保健,医疗保健设备及服务,医疗及医学美容服务,德视佳,01846.HK,16.2,ODSH,1846,1.63,4.900,539.42,1846.HK,,1000.0,2.04,+2.08,12.39,+0.100,HKD,德視佳,B,,2.08,4.900,0.0,1846.HK,,0.0
01847,雲南建投混凝土,N,地產建築,建築,建築材料,48197520.0,2024-04-26T16:02:11,地产建筑,建筑,建筑材料,云南建投混凝土,01847.HK,0.5,ODSH,1847,48.19,0.360,,1847.HK,,,,0.00,,0.000,HKD,雲南建投混凝土,M,,0.0,0.360,0.0,1847.HK,,0.0
01848,中國飛機租賃,N,非必需性消費,旅遊及休閒設施,航空相關,2344719358.8,2024-04-26T16:02:10,非必需性消费,旅游及休闲设施,航空相关,中国飞机租赁,01848.HK,23.4,ODSH,1848,2.35,3.160,440.17,1848.HK,,1000.0,9.49,+0.64,83.16,+0.020,HKD,中國飛機租賃,B,,0.64,3.160,0.0,1848.HK,"光大系,现代服务业",0.0
01849,秀商時代控股,N,非必需性消費,媒體及娛樂,廣告及宣傳,63200000.0,2024-04-26T16:02:11,非必需性消费,媒体及娱乐,广告及宣传,秀商时代控股,01849.HK,0.6,ODSH,1849,65.60,0.082,12.36,1849.HK,,1000.0,,0.00,,0.000,HKD,秀商時代控股,M,,0.0,0.082,0.0,1849.HK,,0.0
01850,鴻盛昌資源,N,地產建築,建築,建築及服務,115200000.0,2024-04-26T16:02:10,地产建筑,建筑,建筑及服务,鸿盛昌资源,01850.HK,1.2,ODSH,1850,115.20,0.800,991.3,1850.HK,,1000.0,,+1.27,109.59,+0.010,HKD,鴻盛昌資源,M,,1.27,0.800,0.0,1850.HK,,0.0
01851,銀杏教育,N,非必需性消費,支援服務,教育,375000000.0,2024-04-26T16:02:10,非必需性消费,支援服务,教育,银杏教育,01851.HK,3.8,ODSH,1851,375.00,0.750,,1851.HK,,,,0.00,2.36,0.000,HKD,銀杏教育,M,,0.0,0.750,0.0,1851.HK,教育服务,0.0
01853,春城熱力,N,公用事業,公用事業,潔能,166881000.0,2024-04-26T16:02:10,公用事业,公用事业,洁能,春城热力,01853.HK,1.7,ODSH,1853,166.88,1.430,71.05,1853.HK,,1000.0,6.74,0.00,5.13,0.000,HKD,春城熱力,M,,0.0,1.430,0.0,1853.HK,,0.0
01854,中國萬天控股,N,必需性消費,農產品,農產品相關,1759236880.0,2024-04-26T16:02:10,必需性消费,农产品,农产品相关,中国万天控股,01854.HK,17.6,ODSH,1854,1.75,0.920,4.47,1854.HK,,1000000.0,,-5.15,,-0.050,HKD,中國萬天控股,B,,-5.15,0.920,0.0,1854.HK,,0.0
01855,中慶股份,N,地產建築,建築,建築及服務,7713750000.0,2024-04-26T16:02:11,地产建筑,建筑,建筑及服务,中庆股份,01855.HK,77.1,ODSH,1855,7.71,28.050,6.2,1855.HK,,1000000.0,0.28,+0.54,53.33,+0.150,HKD,中慶股份,B,,0.54,28.050,0.1,1855.HK,土壤修复,0.002873134270148738
01856,依波路,N,非必需性消費,紡織及服飾,珠寶鐘錶,702502148.4,2024-04-26T16:02:10,非必需性消费,纺织及服饰,珠宝钟表,依波路,01856.HK,7.0,ODSH,1856,702.50,1.950,,1856.HK,,,,0.00,36.79,0.000,HKD,依波路,M,,0.0,1.950,0.0,1856.HK,奢侈品股,0.0
01857,中國光大水務,N,公用事業,公用事業,水務,3862183576.05,2024-04-26T16:02:11,公用事业,公用事业,水务,中国光大水务,01857.HK,38.6,ODSH,1857,3.86,1.350,1.05,1857.HK,,1000000.0,9.21,0.00,3.25,0.000,HKD,中國光大水務,B,,0.0,1.350,0.0,1857.HK,光大系,0.0
01858,春立醫療,N,醫療保健,醫療保健設備及服務,醫健設備,1086504510.0,2024-04-26T16:02:10,医疗保健,医疗保健设备及服务,医健设备,春立医疗,01858.HK,10.9,ODSH,1858,1.09,11.460,5.89,1858.HK,,1000000.0,3.38,+1.60,14.79,+0.180,HKD,春立醫療,B,,1.6,11.460,0.1,1858.HK,"医疗器械,医疗美容器械",0.02641452807582135
01859,煜盛文化,S,非必需性消費,媒體及娛樂,廣播,128000000.0,2024-04-26T16:02:09,非必需性消费,媒体及娱乐,广播,煜盛文化,01859.HK,1.3,ODSH,1859,128.00,0.080,,1859.HK,,,,0.00,11.76,0.000,HKD,煜盛文化,M,True,0.0,0.080,0.0,1859.HK,,0.0
01860,匯量科技,N,非必需性消費,媒體及娛樂,廣告及宣傳,4279405771.16,2024-04-26T16:02:11,非必需性消费,媒体及娱乐,广告及宣传,汇量科技,01860.HK,42.8,ODSH,1860,4.26,2.680,2.21,1860.HK,,1000000.0,,+3.88,24.21,+0.100,HKD,匯量科技,B,,3.88,2.680,0.0,1860.HK,"SaaS,云计算,互联网出海,短视频",0.0
01861,保寶龍科技,N,原材料,其他原材料,特殊化工用品,453799465.0,2024-04-26T16:02:11,原材料,其他原材料,特殊化工用品,保宝龙科技,01861.HK,4.5,ODSH,1861,453.79,1.940,,1861.HK,,,2.76,0.00,7.97,0.000,HKD,保寶龍科技,M,,0.0,1.940,0.0,1861.HK,,0.0
01862,景瑞控股,N,地產建築,地產,地產發展商,33853890.686,2024-04-26T16:02:10,地产建筑,地产,地产发展商,景瑞控股,01862.HK,0.3,ODSH,1862,33.85,0.022,7.99,1862.HK,,1000.0,,0.00,,0.000,HKD,景瑞控股,M,,0.0,0.022,0.0,1862.HK,内地房地产,0.0
01863,中國龍天集團,S,原材料,其他原材料,特殊化工用品,1168079083.9,2024-04-26T16:02:10,原材料,其他原材料,特殊化工用品,中国龙天集团,01863.HK,11.7,ODSH,1863,1.16,1.370,,1863.HK,,,,0.00,17.30,0.000,HKD,中國龍天集團,B,True,0.0,1.370,0.0,1863.HK,新材料,0.0
01865,卓航控股,N,地產建築,建築,重型基建,38253600.0,2024-04-26T16:02:11,地产建筑,建筑,重型基建,卓航控股,01865.HK,0.4,ODSH,1865,38.25,0.027,3.2,1865.HK,,1000.0,,+3.85,,+0.001,HKD,卓航控股,M,,3.85,0.027,0.0,1865.HK,基础建设,0.0
01866,中國心連心化肥,N,原材料,其他原材料,化肥及農用化合物,4387546800.0,2024-04-26T16:02:10,原材料,其他原材料,化肥及农用化合物,中国心连心化肥,01866.HK,43.9,ODSH,1866,4.39,3.610,5.2,1866.HK,,1000000.0,7.31,-0.28,3.47,-0.010,HKD,中國心連心化肥,B,,-0.28,3.610,0.1,1866.HK,农业现代化,0.0009941887417257511
01867,標準發展集團,N,地產建築,建築,建築及服務,330174000.0,2024-04-26T16:02:10,地产建筑,建筑,建筑及服务,标准发展集团,01867.HK,3.3,ODSH,1867,328.68,0.220,29.45,1867.HK,,1000.0,,0.00,,0.000,HKD,標準發展集團,M,,0.0,0.220,0.0,1867.HK,,0.0
01868,同方友友,N,非必需性消費,家庭電器及用品,家具,848258493.885,2024-04-26T16:02:10,非必需性消费,家庭电器及用品,家具,同方友友,01868.HK,8.5,ODSH,1868,848.25,0.405,6.65,1868.HK,,1000.0,,-1.22,29.56,-0.005,HKD,同方友友,M,,-1.22,0.405,0.0,1868.HK,"LED,台资企业,家具",0.0
01869,貓屎咖啡控股,N,非必需性消費,旅遊及休閒設施,餐飲,225440400.0,2024-04-26T16:02:10,非必需性消费,旅游及休闲设施,餐饮,猫屎咖啡控股,01869.HK,2.3,ODSH,1869,215.49,0.195,1.64,1869.HK,,1000000.0,,+2.63,27.08,+0.005,HKD,貓屎咖啡控股,M,,2.63,0.195,0.0,1869.HK,"餐饮连锁,香港",0.0
01870,益美國際控股,N,地產建築,建築,建築及服務,1310400000.0,2024-04-26T16:02:10,地产建筑,建筑,建筑及服务,益美国际控股,01870.HK,13.1,ODSH,1870,1.31,2.100,411.95,1870.HK,,1000.0,,-1.41,65.42,-0.030,HKD,益美國際控股,B,,-1.41,2.100,0.0,1870.HK,,0.0
01871,向中國際,N,非必需性消費,支援服務,教育,99398467.776,2024-04-26T16:02:10,非必需性消费,支援服务,教育,向中国际,01871.HK,1.0,ODSH,1871,99.39,0.228,54.1,1871.HK,,1000.0,,-0.87,,-0.002,HKD,向中國際,M,,-0.87,0.228,0.0,1871.HK,教育服务,0.0
01872,冠轈控股,N,非必需性消費,零售相關,汽車零售,60300000.0,2024-04-26T16:02:11,非必需性消费,零售相关,汽车零售,冠轈控股,01872.HK,0.6,ODSH,1872,60.30,0.067,7.97,1872.HK,,1000.0,,-1.47,1.36,-0.001,HKD,冠轈控股,M,,-1.47,0.067,0.0,1872.HK,汽车零售,0.0
01873,維亞生物,N,醫療保健,藥品及生物科技,生物技術,1231978793.85,2024-04-26T16:02:10,医疗保健,药品及生物科技,生物技术,维亚生物,01873.HK,12.3,ODSH,1873,1.21,0.560,3.04,1873.HK,,1000000.0,,0.00,,0.000,HKD,維亞生物,B,,0.0,0.560,0.0,1873.HK,CXO,0.0
01875,東曜藥業-B,N,醫療保健,藥品及生物科技,生物技術,1290555771.29,2024-04-26T16:02:10,医疗保健,药品及生物科技,生物技术,东曜药业-B,01875.HK,12.9,ODSH,1875,1.29,1.680,52.78,1875.HK,,1000.0,,+6.33,,+0.100,HKD,東曜藥業—Ｂ,B,,6.33,1.680,0.0,1875.HK,生物医药B类,0.0
01876,百威亞太,N,必需性消費,食品飲料,酒精飲料,144882763180.0,2024-04-26T16:02:10,必需性消费,食品饮料,酒精饮料,百威亚太,01876.HK,1448.8,ODSH,1876,144.88,10.940,81.19,1876.HK,,1000000.0,3.77,+2.05,21.75,+0.220,HKD,百威亞太,B,,2.05,10.940,0.8,1876.HK,"啤酒,节假日",0.12982170254833764
01877,君實生物,N,醫療保健,藥品及生物科技,生物技術,2377165388.0,2024-04-26T16:02:10,医疗保健,药品及生物科技,生物技术,君实生物,01877.HK,23.8,ODSH,1877,2.38,10.880,23.75,1877.HK,,1000000.0,,+6.25,,+0.640,HKD,君實生物,B,,6.25,10.880,0.2,1877.HK,抗疫,0.3175256737025313
01878,南戈壁,N,能源,煤炭,煤炭,1833764879.8,2024-04-26T16:02:10,能源,煤炭,煤炭,南戈壁,01878.HK,18.3,ODSH,1878,1.86,6.300,23.17,1878.HK,,1000000.0,,+0.64,260.33,+0.040,HKD,南戈壁,B,,0.64,6.300,0.2,1878.HK,"meitanhk,煤化工",0.010412889702812966
01880,中國中免,N,非必需性消費,旅遊及休閒設施,旅遊及觀光,8013003975.0,2024-04-26T16:02:10,非必需性消费,旅游及休闲设施,旅游及观光,中国中免,01880.HK,80.1,ODSH,1880,8.02,68.950,82.0,1880.HK,,1000000.0,2.56,+2.30,19.61,+1.550,HKD,中國中免,B,,2.3,68.950,0.8,1880.HK,,0.23693092391213255
01882,海天國際,N,工業,工業工程,工業及設備,38543400000.0,2024-04-26T16:02:10,工业,工业工程,工业及设备,海天国际,01882.HK,385.4,ODSH,1882,38.54,24.150,60.89,1882.HK,,1000000.0,2.73,-3.01,14.40,-0.750,HKD,海天國際,B,,-3.01,24.150,0.6,1882.HK,,0.20519460145690746
01883,中信國際電訊,N,電訊,電訊,電訊服務,9918388903.76,2024-04-26T16:02:10,科技,电讯,电讯服务,中信国际电讯,01883.HK,99.2,ODSH,1883,9.91,2.680,15.07,1883.HK,,1000000.0,9.44,+1.90,8.05,+0.050,HKD,中信國際電訊,B,,1.9,2.680,0.2,1883.HK,"5G,中信系,移动互联网",0.04268803599801386
01884,EPRINT集團,N,工業,工業支援,印刷及包裝,264000000.0,2024-04-26T16:02:10,工业,工业支援,印刷及包装,EPRINT集团,01884.HK,2.6,ODSH,1884,239.25,0.435,264.14,1884.HK,,1000.0,,-7.45,,-0.035,HKD,ＥＰＲＩＮＴ集團,M,,-7.45,0.435,0.0,1884.HK,现代服务业,0.0
01888,建滔積層板,N,工業,工業工程,工業及設備,18626400000.0,2024-04-26T16:02:10,工业,工业工程,工业及设备,建滔积层板,01888.HK,186.3,ODSH,1888,18.56,5.950,59.3,1888.HK,,1000000.0,2.69,+7.01,20.46,+0.390,HKD,建滔積層板,B,,7.01,5.950,0.6,1888.HK,"MSCI,华为,新经济,特斯拉,电子信息",0.7527349088679226
01889,三愛健康集團,N,醫療保健,藥品及生物科技,醫藥品,80255562.5,2024-04-26T16:02:10,医疗保健,药品及生物科技,医药品,三爱健康集团,01889.HK,0.8,ODSH,1889,99.38,0.026,318.13,1889.HK,,1000.0,,-10.34,4.19,-0.003,HKD,三愛健康集團,M,,-10.34,0.026,0.0,1889.HK,生物医药,0.0
01890,中國科培,N,非必需性消費,支援服務,教育,2760890673.79,2024-04-26T16:02:09,非必需性消费,支援服务,教育,中国科培,01890.HK,27.6,ODSH,1890,2.75,1.370,7.04,1890.HK,,1000000.0,,+0.74,3.42,+0.010,HKD,中國科培,B,,0.74,1.370,0.1,1890.HK,教育服务,0.00605676164163438
01891,興合控股,N,原材料,一般金屬及礦石,其他金屬及礦石,125000000.0,2024-04-26T16:02:10,原材料,一般金属及矿石,其他金属及矿石,兴合控股,01891.HK,1.2,ODSH,1891,126.00,0.126,,1891.HK,,,,-0.79,9.13,-0.001,HKD,興合控股,M,,-0.79,0.126,0.0,1891.HK,,0.0
01894,恒益控股,N,地產建築,建築,建築材料,49894000.0,2024-04-26T16:02:11,地产建筑,建筑,建筑材料,恒益控股,01894.HK,0.5,ODSH,1894,49.89,0.065,60.66,1894.HK,,1000.0,,0.00,,0.000,HKD,恒益控股,M,,0.0,0.065,0.0,1894.HK,,0.0
01895,鑫苑服務,S,地產建築,地產,物業管理及服務,472160000.0,2024-04-26T16:02:10,地产建筑,地产,物业管理及服务,鑫苑服务,01895.HK,4.7,ODSH,1895,472.16,0.832,,1895.HK,,,4.57,0.00,15.67,0.000,HKD,鑫苑服務,M,True,0.0,0.832,0.0,1895.HK,物业管理,0.0
01896,貓眼娛樂,N,非必需性消費,媒體及娛樂,影視娛樂,11626453923.56,2024-04-26T16:02:10,非必需性消费,媒体及娱乐,影视娱乐,猫眼娱乐,01896.HK,116.3,ODSH,1896,11.67,10.080,37.26,1896.HK,,1000000.0,,+3.28,11.81,+0.320,HKD,貓眼娛樂,B,,3.28,10.080,0.4,1896.HK,"影视娱乐,新经济,电影,腾讯",0.18705771484603034
01897,美亨實業,N,地產建築,建築,建築及服務,176993860.9,2024-04-26T16:02:11,地产建筑,建筑,建筑及服务,美亨实业,01897.HK,1.8,ODSH,1897,176.99,0.430,,1897.HK,,,5.81,0.00,14.88,0.000,HKD,美亨實業,M,,0.0,0.430,0.0,1897.HK,,0.0
01898,中煤能源,N,能源,煤炭,煤炭,31415971950.0,2024-04-26T16:02:10,能源,煤炭,煤炭,中煤能源,01898.HK,314.2,ODSH,1898,31.41,7.650,280.03,1898.HK,,1000000.0,6.21,-2.05,4.68,-0.160,HKD,中煤能源,B,,-2.05,7.650,2.8,1898.HK,"meitanhk,MSCI,国企改革,碳中和",0.5570480156696422
01899,興達國際,N,工業,工業工程,商用車及貨車,2803382790.54,2024-04-26T16:02:10,工业,工业工程,商用车及货车,兴达国际,01899.HK,28.0,ODSH,1899,2.80,1.460,3.07,1899.HK,,1000000.0,8.90,+2.10,5.04,+0.030,HKD,興達國際,B,,2.1,1.460,0.0,1899.HK,汽车制造,0.0
01900,中國智能交通,N,資訊科技,軟件服務,系統開發及顧問,320863622.436,2024-04-26T16:02:10,科技,软件服务,系统开发及顾问,中国智能交通,01900.HK,3.2,ODSH,1900,305.58,0.180,104.64,1900.HK,,1000.0,12.61,-3.23,2.07,-0.006,HKD,中國智能交通,M,,-3.23,0.180,0.0,1900.HK,互联网+,0.0
01901,飛揚集團,N,非必需性消費,旅遊及休閒設施,旅遊及觀光,154752000.0,2024-04-26T16:02:09,非必需性消费,旅游及休闲设施,旅游及观光,飞扬集团,01901.HK,1.5,ODSH,1901,154.75,0.186,216.23,1901.HK,,1000.0,,0.00,,0.000,HKD,飛揚集團,M,,0.0,0.186,0.0,1901.HK,旅游及观光,0.0
01902,銀城國際控股,S,地產建築,地產,地產發展商,66560258.348,2024-04-26T16:02:11,地产建筑,地产,地产发展商,银城国际控股,01902.HK,0.7,ODSH,1902,66.56,0.046,,1902.HK,,,,0.00,,0.000,HKD,銀城國際控股,M,True,0.0,0.046,0.0,1902.HK,,0.0
01903,JBB BUILDERS,N,工業,工業運輸,航運及港口,235000000.0,2024-04-26T16:02:10,工业,工业运输,航运及港口,JBB BUILDERS,01903.HK,2.4,ODSH,1903,235.00,0.470,,1903.HK,,,,0.00,,0.000,HKD,JBB BUILDERS,M,,0.0,0.470,0.0,1903.HK,,0.0
01905,海通恆信,N,金融,其他金融,信貸,4867340667.84,2024-04-26T16:02:10,金融,其他金融,信贷,海通恒信,01905.HK,48.7,ODSH,1905,4.86,0.840,1.53,1905.HK,,1000000.0,11.58,+1.20,4.40,+0.010,HKD,海通恆信,B,,1.2,0.840,0.0,1905.HK,,0.0
01906,博尼控股,N,非必需性消費,紡織及服飾,服裝,474000000.0,2024-04-26T16:02:11,非必需性消费,纺织及服饰,服装,博尼控股,01906.HK,4.7,ODSH,1906,474.00,0.395,341.97,1906.HK,,1000.0,,0.00,,0.000,HKD,博尼控股,M,,0.0,0.395,0.0,1906.HK,,0.0
01907,中國旭陽集團,N,原材料,其他原材料,特殊化工用品,13714790600.0,2024-04-26T16:02:10,原材料,其他原材料,特殊化工用品,中国旭阳集团,01907.HK,137.1,ODSH,1907,13.67,3.090,13.96,1907.HK,,1000000.0,2.16,+0.32,14.76,+0.010,HKD,中國旭陽集團,B,,0.32,3.090,0.1,1907.HK,氢能源,0.0010272087653175163
01908,建發國際集團,N,地產建築,地產,地產發展商,27563247192.04,2024-04-26T16:02:10,地产建筑,地产,地产发展商,建发国际集团,01908.HK,275.6,ODSH,1908,27.52,14.520,86.15,1908.HK,,1000000.0,8.95,+8.85,5.18,+1.180,HKD,建發國際集團,B,,8.85,14.520,0.9,1908.HK,"物业投资,香港房地产,高股息",1.4549085952767336
01909,火岩控股,N,資訊科技,軟件服務,綫上遊戲,491520000.0,2024-04-26T16:02:09,科技,软件服务,线上游戏,火岩控股,01909.HK,4.9,ODSH,1909,483.84,0.126,151.27,1909.HK,,1000.0,,-2.33,0.86,-0.003,HKD,火岩控股,M,,-2.33,0.126,0.0,1909.HK,"手机游戏,网络游戏",0.0
01910,新秀麗,N,非必需性消費,紡織及服飾,其他服飾配件,40265608536.0,2024-04-26T16:02:10,非必需性消费,纺织及服饰,其他服饰配件,新秀丽,01910.HK,402.7,ODSH,1910,40.19,27.550,73.61,1910.HK,,1000000.0,2.94,-0.54,12.24,-0.150,HKD,新秀麗,B,,-0.54,27.550,0.7,1910.HK,"外国公司,现代服务业",0.015392747086458387
01911,華興資本控股,S,金融,其他金融,資產管理,4132251831.52,2024-04-26T16:02:11,金融,其他金融,资产管理,华兴资本控股,01911.HK,41.3,ODSH,1911,4.13,7.270,,1911.HK,,,,0.00,1.82,0.000,HKD,華興資本控股,B,True,0.0,7.270,0.0,1911.HK,创投,0.0
01912,康特隆,N,資訊科技,半導體,半導體供應,45023017.58,2024-04-26T16:02:10,科技,半导体,半导体供应,康特隆,01912.HK,0.5,ODSH,1912,45.02,0.041,17.76,1912.HK,,1000.0,,+2.50,,+0.001,HKD,康特隆,M,,2.5,0.041,0.0,1912.HK,芯片替代,0.0
01913,普拉達,N,非必需性消費,紡織及服飾,其他服飾配件,163252971200.0,2024-04-26T16:02:10,非必需性消费,纺织及服饰,其他服饰配件,普拉达,01913.HK,1632.5,ODSH,1913,162.48,63.500,100.78,1913.HK,,1000000.0,1.79,+3.00,28.74,+1.850,HKD,普拉達,B,,3.0,63.500,1.0,1913.HK,"外国公司,奢侈品股",0.2819142748184048
01915,泰和小貸,N,金融,其他金融,信貸,74250000.0,2024-04-26T16:02:10,金融,其他金融,信贷,泰和小贷,01915.HK,0.7,ODSH,1915,73.50,0.490,253.15,1915.HK,,1000.0,,-2.00,,-0.010,HKD,泰和小貸,M,,-2.0,0.490,0.0,1915.HK,,0.0
01916,江西銀行,N,金融,銀行,銀行,982215000.0,2024-04-26T16:02:09,金融,银行,银行,江西银行,01916.HK,9.8,ODSH,1916,1.03,0.770,51.45,1916.HK,,1000.0,5.56,+4.05,6.54,+0.030,HKD,江西銀行,B,,4.05,0.770,0.0,1916.HK,内银股,0.0
01917,豆盟科技,N,非必需性消費,媒體及娛樂,廣告及宣傳,149500000.0,2024-04-26T16:02:10,非必需性消费,媒体及娱乐,广告及宣传,豆盟科技,01917.HK,1.5,ODSH,1917,151.80,0.066,630.0,1917.HK,,,,0.00,,0.000,HKD,豆盟科技,M,,0.0,0.066,0.0,1917.HK,,0.0
01918,融創中國,N,地產建築,地產,地產發展商,9656274487.6,2024-04-26T16:02:10,地产建筑,地产,地产发展商,融创中国,01918.HK,96.6,ODSH,1918,9.57,1.140,545.72,1918.HK,,1000000.0,,+16.33,,+0.160,HKD,融創中國,B,,16.33,1.140,5.5,1918.HK,"内地房地产,知名公司",23.549214429052387
01919,中遠海控,N,工業,工業運輸,航運及港口,30397910000.0,2024-04-26T16:02:10,工业,工业运输,航运及港口,中远海控,01919.HK,304.0,ODSH,1919,30.39,9.500,425.56,1919.HK,,1000000.0,8.43,+0.96,6.00,+0.090,HKD,中遠海控,B,,0.96,9.500,4.3,1919.HK,"MSCI,一带一路,国企改革,自由贸易港",0.2599365837981427
01920,恆新豐控股,N,地產建築,建築,建築及服務,101400000.0,2024-04-26T16:02:09,地产建筑,建筑,建筑及服务,恒新丰控股,01920.HK,1.0,ODSH,1920,101.40,0.325,22.61,1920.HK,,1000.0,,-8.45,,-0.030,HKD,恆新豐控股,M,,-8.45,0.325,0.0,1920.HK,,0.0
01921,達力普控股,N,能源,石油及天然氣,油氣設備與服務,7242859760.0,2024-04-26T16:02:10,能源,石油及天然气,油气设备与服务,达力普控股,01921.HK,72.4,ODSH,1921,7.21,4.800,923.02,1921.HK,,1000.0,0.83,+1.27,48.88,+0.060,HKD,達力普控股,B,,1.27,4.800,0.0,1921.HK,,0.0
01922,銀城生活服務,N,地產建築,地產,物業管理及服務,494231200.0,2024-04-26T16:02:11,地产建筑,地产,物业管理及服务,银城生活服务,01922.HK,4.9,ODSH,1922,494.23,1.850,1.79,1922.HK,,1000000.0,,+1.65,3.95,+0.030,HKD,銀城生活服務,M,,1.65,1.850,0.0,1922.HK,物业管理,0.0
01925,曠世控股,N,非必需性消費,家庭電器及用品,家具,502252080.0,2024-04-26T16:02:10,非必需性消费,家庭电器及用品,家具,旷世控股,01925.HK,5.0,ODSH,1925,486.05,1.200,58.7,1925.HK,,1000.0,4.17,-2.44,7.50,-0.030,HKD,曠世控股,M,,-2.44,1.200,0.0,1925.HK,家具,0.0
01927,久久王,N,必需性消費,食品飲料,包裝食品,134640000.0,2024-04-26T16:02:10,必需性消费,食品饮料,包装食品,久久王,01927.HK,1.3,ODSH,1927,134.64,0.170,130.45,1927.HK,,1000.0,,-4.49,25.76,-0.008,HKD,久久王,M,,-4.49,0.170,0.0,1927.HK,,0.0
01928,金沙中國有限公司,N,非必需性消費,旅遊及休閒設施,賭場及博彩,150698727518.92,2024-04-26T16:02:10,非必需性消费,旅游及休闲设施,赌场及博彩,金沙中国有限公司,01928.HK,1507.0,ODSH,1928,151.18,18.680,503.62,1928.HK,,1000000.0,,+2.64,28.01,+0.480,HKD,金沙中國有限公司,B,,2.64,18.680,5.0,1928.HK,博彩,1.1793490454677373
01929,周大福,N,非必需性消費,零售相關,其他零售,108866331120.0,2024-04-26T16:02:10,非必需性消费,零售相关,其他零售,周大福,01929.HK,1088.7,ODSH,1929,108.86,10.900,45.93,1929.HK,,1000000.0,11.47,+1.49,20.25,+0.160,HKD,周大福,B,,1.49,10.900,0.5,1929.HK,"奢侈品股,知名公司,香港",0.05139725369934058
01930,勛龍,N,工業,工業工程,工業及設備,184800000.0,2024-04-26T16:02:09,工业,工业工程,工业及设备,勋龙,01930.HK,1.8,ODSH,1930,184.80,0.280,477.0,1930.HK,,1000.0,0.86,+7.69,8.36,+0.020,HKD,勛龍,M,,7.69,0.280,0.0,1930.HK,,0.0
01931,華檢醫療,N,醫療保健,醫療保健設備及服務,醫健設備,3074919481.6,2024-04-26T16:02:10,医疗保健,医疗保健设备及服务,医健设备,华检医疗,01931.HK,30.7,ODSH,1931,3.07,2.270,905.4,1931.HK,,1000.0,4.04,0.00,11.99,0.000,HKD,華檢醫療,B,,0.0,2.270,0.0,1931.HK,,0.0
01932,中漆集團,N,原材料,其他原材料,特殊化工用品,270000000.0,2024-04-26T16:02:10,原材料,其他原材料,特殊化工用品,中漆集团,01932.HK,2.7,ODSH,1932,270.00,0.270,19.44,1932.HK,,1000.0,,+3.85,,+0.010,HKD,中漆集團,M,,3.85,0.270,0.0,1932.HK,,0.0
01933,元力控股,N,資訊科技,軟件服務,,90202964.683,2024-04-26T16:02:10,科技,软件服务,软件开发,元力控股,01933.HK,0.9,ODSH,1933,90.20,0.179,49.56,1933.HK,,1000.0,,+0.56,2.51,+0.001,HKD,元力控股,M,,0.56,0.179,0.0,1933.HK,,0.0
01935,嘉宏教育,N,非必需性消費,支援服務,教育,1104572700.0,2024-04-26T16:02:10,非必需性消费,支援服务,教育,嘉宏教育,01935.HK,11.0,ODSH,1935,1.10,0.690,50.44,1935.HK,,1000.0,,+1.47,2.66,+0.010,HKD,嘉宏教育,B,,1.47,0.690,0.0,1935.HK,教育服务,0.0
01936,利特米,N,必需性消費,農產品,養殖相關,283200000.0,2024-04-26T16:02:09,必需性消费,农产品,养殖相关,利特米,01936.HK,2.8,ODSH,1936,287.92,0.610,1.02,1936.HK,,1000000.0,,+5.17,15.48,+0.030,HKD,利特米,M,,5.17,0.610,0.0,1936.HK,,0.0
01937,佳辰控股,N,地產建築,建築,建築材料,249000000.0,2024-04-26T16:02:10,地产建筑,建筑,建筑材料,佳辰控股,01937.HK,2.5,ODSH,1937,250.00,0.250,,1937.HK,,,,0.00,39.68,0.000,HKD,佳辰控股,M,,0.0,0.250,0.0,1937.HK,,0.0
01938,珠江鋼管,N,能源,石油及天然氣,油氣設備與服務,169871856.0,2024-04-26T16:02:10,能源,石油及天然气,油气设备与服务,珠江钢管,01938.HK,1.7,ODSH,1938,169.87,0.168,,1938.HK,,,,+2.44,0.86,+0.004,HKD,珠江鋼管,M,,2.44,0.168,0.0,1938.HK,"天然气,页岩气",0.0
01939,東京中央拍賣,N,非必需性消費,支援服務,其他支援服務,350000000.0,2024-04-26T16:02:10,非必需性消费,支援服务,其他支援服务,东京中央拍卖,01939.HK,3.5,ODSH,1939,350.00,0.700,,1939.HK,,,,0.00,,0.000,HKD,東京中央拍賣,M,,0.0,0.700,0.0,1939.HK,,0.0
01940,CGII HLDGS,N,能源,石油及天然氣,油氣生產商,600000000.0,2024-04-26T16:02:10,能源,石油及天然气,油气生产商,CGII HLDGS,01940.HK,6.0,ODSH,1940,600.00,0.500,,1940.HK,,,,0.00,4.38,0.000,HKD,CGII HLDGS,M,,0.0,0.500,0.0,1940.HK,,0.0
01941,燁星集團,N,地產建築,地產,物業管理及服務,68092080.0,2024-04-26T16:02:09,地产建筑,地产,物业管理及服务,烨星集团,01941.HK,0.7,ODSH,1941,68.49,0.169,,1941.HK,,,,0.00,,0.000,HKD,燁星集團,M,,0.0,0.169,0.0,1941.HK,物业管理,0.0
01942,馬可數字科技,N,非必需性消費,零售相關,其他零售,714103416.72,2024-04-26T16:02:10,非必需性消费,零售相关,其他零售,马可数字科技,01942.HK,7.1,ODSH,1942,721.86,0.930,49.69,1942.HK,,1000000.0,,+8.14,,+0.070,HKD,馬可數字科技,M,,8.14,0.930,0.5,1942.HK,,1.5476543716134052
01943,銀濤控股,N,地產建築,建築,建築及服務,770000000.0,2024-04-26T16:02:09,地产建筑,建筑,建筑及服务,银涛控股,01943.HK,7.7,ODSH,1943,770.00,0.770,,1943.HK,,,,-1.28,154.00,-0.010,HKD,銀濤控股,M,,-1.28,0.770,0.0,1943.HK,,0.0
01945,清科創業,N,金融,其他金融,其他金融,303062760.0,2024-04-26T16:02:11,金融,其他金融,其他金融,清科创业,01945.HK,3.0,ODSH,1945,303.06,0.990,51.72,1945.HK,,1000.0,,0.00,17.58,0.000,HKD,清科創業,M,,0.0,0.990,0.0,1945.HK,,0.0
01947,美皓集團,N,醫療保健,醫療保健設備及服務,醫療及醫學美容服務,225000000.0,2024-04-26T16:02:09,医疗保健,医疗保健设备及服务,医疗及医学美容服务,美皓集团,01947.HK,2.2,ODSH,1947,222.00,0.370,10.65,1947.HK,,1000.0,2.70,0.00,,0.000,HKD,美皓集團,M,,0.0,0.370,0.0,1947.HK,,0.0
01948,優矩控股,N,非必需性消費,媒體及娛樂,廣告及宣傳,858000000.0,2024-04-26T16:02:09,非必需性消费,媒体及娱乐,广告及宣传,优矩控股,01948.HK,8.6,ODSH,1948,858.00,1.430,,1948.HK,,,3.50,0.00,8.78,0.000,HKD,優矩控股,M,,0.0,1.430,0.0,1948.HK,"抖音,短视频",0.0
01949,PLATT NERA,N,資訊科技,軟件服務,系統開發及顧問,168000000.0,2024-04-26T16:02:10,科技,软件服务,系统开发及顾问,PLATT NERA,01949.HK,1.7,ODSH,1949,168.00,0.280,27.11,1949.HK,,1000.0,,-1.75,84.85,-0.005,HKD,PLATT NERA,M,,-1.75,0.280,0.0,1949.HK,,0.0
01950,帝王實業控股,N,原材料,其他原材料,特殊化工用品,100800000.0,2024-04-26T16:02:09,原材料,其他原材料,特殊化工用品,帝王实业控股,01950.HK,1.0,ODSH,1950,101.52,0.141,1.17,1950.HK,,1000.0,,+1.44,3.20,+0.002,HKD,帝王實業控股,M,,1.44,0.141,0.0,1950.HK,,0.0
01951,錦欣生殖,N,醫療保健,藥品及生物科技,生物技術,7170035711.8,2024-04-26T16:02:10,医疗保健,药品及生物科技,生物技术,锦欣生殖,01951.HK,71.7,ODSH,1951,7.19,2.610,66.55,1951.HK,,1000000.0,2.28,+6.10,18.91,+0.150,HKD,錦欣生殖,B,,6.1,2.610,0.7,1951.HK,"三胎,辅助生殖",0.8562060062130448
01952,雲頂新耀-B,N,醫療保健,藥品及生物科技,生物技術,7910073691.2,2024-04-26T16:02:11,医疗保健,药品及生物科技,生物技术,云顶新耀-B,01952.HK,79.1,ODSH,1952,7.97,24.600,101.15,1952.HK,,1000000.0,,+2.07,,+0.500,HKD,雲頂新耀－Ｂ,B,,2.07,24.600,1.0,1952.HK,生物医药B类,0.2532723065095343
01953,RIMBACO,N,地產建築,建築,建築及服務,195300000.0,2024-04-26T16:02:09,地产建筑,建筑,建筑及服务,RIMBACO,01953.HK,2.0,ODSH,1953,195.30,0.155,3.1,1953.HK,,1000.0,19.55,0.00,5.98,0.000,HKD,RIMBACO,M,,0.0,0.155,0.0,1953.HK,,0.0
01955,莊臣控股,N,非必需性消費,支援服務,其他支援服務,220000000.0,2024-04-26T16:02:10,非必需性消费,支援服务,其他支援服务,庄臣控股,01955.HK,2.2,ODSH,1955,222.50,0.445,2.69,1955.HK,,1000.0,2.74,-8.25,7.28,-0.040,HKD,莊臣控股,M,,-8.25,0.445,0.0,1955.HK,,0.0
01957,大人國際,N,非必需性消費,紡織及服飾,服裝,389360000.0,2024-04-26T16:02:11,非必需性消费,纺织及服饰,服装,大人国际,01957.HK,3.9,ODSH,1957,376.80,0.600,190.35,1957.HK,,1000.0,,-3.23,11.26,-0.020,HKD,大人國際,M,,-3.23,0.600,0.0,1957.HK,,0.0
01958,北京汽車,N,非必需性消費,汽車,汽車,5646347127.68,2024-04-26T16:02:10,非必需性消费,汽车,汽车,北京汽车,01958.HK,56.5,ODSH,1958,5.64,2.240,24.1,1958.HK,,1000000.0,6.23,+1.82,5.52,+0.040,HKD,北京汽車,B,,1.82,2.240,0.2,1958.HK,"MSCI,国企改革,新经济,新能源汽车,无人驾驶,汽车制造",0.04436083543506337
01959,世紀聯合控股,N,非必需性消費,零售相關,汽車零售,86389542.0,2024-04-26T16:02:10,非必需性消费,零售相关,汽车零售,世纪联合控股,01959.HK,0.9,ODSH,1959,90.93,0.180,3.45,1959.HK,,1000.0,,-8.63,,-0.017,HKD,世紀聯合控股,M,,-8.63,0.180,0.0,1959.HK,汽车零售,0.0
01960,TBKS HLDGS,N,地產建築,建築,重型基建,250000000.0,2024-04-26T16:02:10,地产建筑,建筑,重型基建,TBKS HLDGS,01960.HK,2.5,ODSH,1960,250.00,0.250,,1960.HK,,,,0.00,,0.000,HKD,TBKS HLDGS,M,,0.0,0.250,0.0,1960.HK,基础建设,0.0
01961,多牛科技,N,資訊科技,軟件服務,綫上遊戲,625241150.52,2024-04-26T16:02:11,科技,软件服务,线上游戏,多牛科技,01961.HK,6.3,ODSH,1961,719.61,0.980,109.8,1961.HK,,1000.0,,+4.26,,+0.040,HKD,多牛科技,M,,4.26,0.980,0.0,1961.HK,,0.0
01962,訓修實業,N,非必需性消費,紡織及服飾,其他服飾配件,314712960.0,2024-04-26T16:02:10,非必需性消费,纺织及服饰,其他服饰配件,训修实业,01962.HK,3.1,ODSH,1962,314.71,0.480,71.04,1962.HK,,1000.0,14.79,+2.13,6.38,+0.010,HKD,訓修實業,M,,2.13,0.480,0.0,1962.HK,,0.0
01963,重慶銀行,N,金融,銀行,銀行,7231915318.96,2024-04-26T16:02:10,金融,银行,银行,重庆银行,01963.HK,72.3,ODSH,1963,7.23,4.580,12.4,1963.HK,,1000000.0,9.54,-0.65,3.14,-0.030,HKD,重慶銀行,B,,-0.65,4.580,0.1,1963.HK,"内银股,国企改革",0.003998499529780705
01965,朗詩綠色生活,N,地產建築,地產,物業管理及服務,82974530.0,2024-04-26T16:02:10,地产建筑,地产,物业管理及服务,朗诗绿色生活,01965.HK,0.8,ODSH,1965,80.09,0.195,1.53,1965.HK,,1000000.0,,-2.50,,-0.005,HKD,朗詩綠色生活,M,,-2.5,0.195,0.0,1965.HK,物业管理,0.0
01966,中駿集團控股,N,地產建築,地產,地產發展商,527873265.75,2024-04-26T16:02:10,地产建筑,地产,地产发展商,中骏集团控股,01966.HK,5.3,ODSH,1966,527.87,0.125,397.93,1966.HK,,1000.0,,+5.04,,+0.006,HKD,中駿集團控股,M,,5.04,0.125,0.0,1966.HK,"人工智能,内地房地产",0.0
01967,信懇智能,N,工業,工業工程,電子設備,65000000.0,2024-04-26T16:02:10,工业,工业工程,电子设备,信恳智能,01967.HK,0.6,ODSH,1967,65.00,0.260,47.75,1967.HK,,1000.0,,-7.14,,-0.020,HKD,信懇智能,M,,-7.14,0.260,0.0,1967.HK,,0.0
01968,興紡控股,N,非必需性消費,紡織及服飾,紡織品及布料,102400000.0,2024-04-26T16:02:11,非必需性消费,纺织及服饰,纺织品及布料,兴纺控股,01968.HK,1.0,ODSH,1968,102.40,0.160,,1968.HK,,,,0.00,,0.000,HKD,興紡控股,M,,0.0,0.160,0.0,1968.HK,,0.0
01969,中國春來,N,非必需性消費,支援服務,教育,5664000000.0,2024-04-26T16:02:10,非必需性消费,支援服务,教育,中国春来,01969.HK,56.6,ODSH,1969,5.66,4.720,2.52,1969.HK,,1000000.0,1.23,-0.21,7.69,-0.010,HKD,中國春來,B,,-0.21,4.720,0.0,1969.HK,教育服务,0.0
01970,IMAX CHINA,N,非必需性消費,媒體及娛樂,影視娛樂,2411510065.31,2024-04-26T16:02:10,非必需性消费,媒体及娱乐,影视娱乐,IMAX CHINA,01970.HK,24.1,ODSH,1970,2.41,7.110,2.31,1970.HK,,1000000.0,,+2.01,11.25,+0.140,HKD,IMAX CHINA,B,,2.01,7.110,0.0,1970.HK,"影视娱乐,文化传媒,电影",0.0
01971,弘陽服務,N,地產建築,地產,物業管理及服務,170150000.0,2024-04-26T16:02:11,地产建筑,地产,物业管理及服务,弘阳服务,01971.HK,1.7,ODSH,1971,172.22,0.415,,1971.HK,,,,0.00,14.77,0.000,HKD,弘陽服務,M,,0.0,0.415,0.0,1971.HK,物业管理,0.0
01972,太古地產,N,地產建築,地產,地產投資,93366000000.0,2024-04-26T16:02:10,地产建筑,地产,地产投资,太古地产,01972.HK,933.7,ODSH,1972,93.71,16.020,23.5,1972.HK,,1000000.0,6.55,+1.39,35.54,+0.220,HKD,太古地產,B,,1.39,16.020,0.2,1972.HK,"物业投资,租赁,香港",0.01879269099924335
01973,天圖投資,N,金融,其他金融,資產管理,866290000.0,2024-04-26T16:02:09,金融,其他金融,资产管理,天图投资,01973.HK,8.7,ODSH,1973,866.29,5.000,49.45,1973.HK,,1000000.0,,-1.96,,-0.100,HKD,天圖投資,M,,-1.96,5.000,0.5,1973.HK,次新股,0.19175932301429247
01975,新興印刷,N,工業,工業支援,印刷及包裝,172800000.0,2024-04-26T16:02:10,工业,工业支援,印刷及包装,新兴印刷,01975.HK,1.7,ODSH,1975,175.20,0.365,100.06,1975.HK,,1000.0,14.52,+2.82,2.26,+0.010,HKD,新興印刷,M,,2.82,0.365,0.0,1975.HK,,0.0
01977,安樂工程,N,地產建築,建築,建築及服務,1456000000.0,2024-04-26T16:02:10,地产建筑,建筑,建筑及服务,安乐工程,01977.HK,14.6,ODSH,1977,1.45,1.040,241.42,1977.HK,,1000.0,9.15,-0.95,5.76,-0.010,HKD,安樂工程,B,,-0.95,1.040,0.0,1977.HK,,0.0
01978,敘福樓集團,N,非必需性消費,旅遊及休閒設施,餐飲,648000000.0,2024-04-26T16:02:11,非必需性消费,旅游及休闲设施,餐饮,叙福楼集团,01978.HK,6.5,ODSH,1978,648.00,0.810,81.0,1978.HK,,1000.0,26.31,+1.25,7.36,+0.010,HKD,敘福樓集團,M,,1.25,0.810,0.0,1978.HK,餐饮连锁,0.0
01979,天寶集團,N,工業,工業工程,電子設備,1215858978.7,2024-04-26T16:02:10,工业,工业工程,电子设备,天宝集团,01979.HK,12.2,ODSH,1979,1.21,1.180,1.13,1979.HK,,1000000.0,10.51,+1.72,3.70,+0.020,HKD,天寶集團,B,,1.72,1.180,0.0,1979.HK,现代服务业,0.0
01980,天鴿互動,N,資訊科技,軟件服務,,598120023.57,2024-04-26T16:02:10,科技,软件服务,软件开发,天鸽互动,01980.HK,6.0,ODSH,1980,598.12,0.485,13.65,1980.HK,,1000.0,4.12,+1.04,,+0.005,HKD,天鴿互動,M,,1.04,0.485,0.0,1980.HK,"人工智能,手机游戏,电子商务,知名公司,网络游戏",0.0
01981,華夏視聽教育,N,非必需性消費,媒體及娛樂,影視娛樂,1439795190.0,2024-04-26T16:02:10,非必需性消费,媒体及娱乐,影视娱乐,华夏视听教育,01981.HK,14.4,ODSH,1981,1.43,0.870,773.74,1981.HK,,1000.0,10.34,-1.14,,-0.010,HKD,華夏視聽教育,B,,-1.14,0.870,0.0,1981.HK,影视娱乐,0.0
01982,南旋控股,N,非必需性消費,紡織及服飾,服裝,1413223040.0,2024-04-26T16:02:10,非必需性消费,纺织及服饰,服装,南旋控股,01982.HK,14.1,ODSH,1982,1.43,0.630,442.08,1982.HK,,1000.0,16.03,+3.28,10.64,+0.020,HKD,南旋控股,B,,3.28,0.630,0.0,1982.HK,,0.0
01983,瀘州銀行,N,金融,銀行,銀行,1619208000.0,2024-04-26T16:02:10,金融,银行,银行,泸州银行,01983.HK,16.2,ODSH,1983,1.61,2.150,,1983.HK,,,4.49,0.00,6.07,0.000,HKD,瀘州銀行,B,,0.0,2.150,0.0,1983.HK,内银股,0.0
01985,美高域,N,資訊科技,軟件服務,系統開發及顧問,264000000.0,2024-04-26T16:02:10,科技,软件服务,系统开发及顾问,美高域,01985.HK,2.6,ODSH,1985,264.00,0.880,347.48,1985.HK,,1000.0,14.20,-2.22,7.96,-0.020,HKD,美高域,M,,-2.22,0.880,0.0,1985.HK,,0.0
01986,彩客新能源,N,原材料,其他原材料,特殊化工用品,806497560.0,2024-04-26T16:02:10,原材料,其他原材料,特殊化工用品,彩客新能源,01986.HK,8.1,ODSH,1986,806.49,0.810,66.6,1986.HK,,1000.0,8.99,0.00,26.21,0.000,HKD,彩客新能源,M,,0.0,0.810,0.0,1986.HK,锂电池,0.0
01987,BENG SOON MACH,N,地產建築,建築,重型基建,223000000.0,2024-04-26T16:02:10,地产建筑,建筑,重型基建,BENG SOON MACH,01987.HK,2.2,ODSH,1987,223.00,0.223,161.83,1987.HK,,1000.0,,-5.11,,-0.012,HKD,BENG SOON MACH,M,,-5.11,0.223,0.0,1987.HK,基础建设,0.0
01988,民生銀行,N,金融,銀行,銀行,23629638620.76,2024-04-26T16:02:10,金融,银行,银行,民生银行,01988.HK,236.3,ODSH,1988,23.54,2.830,23.1,1988.HK,,1000000.0,8.17,+0.35,3.67,+0.010,HKD,民生銀行,B,,0.35,2.830,0.2,1988.HK,内银股,0.002212744221636294
01991,大洋集團,S,工業,工業工程,工業及設備,254819565.0,2024-04-26T16:02:10,工业,工业工程,工业及设备,大洋集团,01991.HK,2.5,ODSH,1991,254.81,0.130,,1991.HK,,,,0.00,,0.000,HKD,大洋集團,M,True,0.0,0.130,0.0,1991.HK,"台资企业,电子信息",0.0
01992,復星旅遊文化,N,非必需性消費,旅遊及休閒設施,酒店及度假村,4724830206.0,2024-04-26T16:02:09,非必需性消费,旅游及休闲设施,酒店及度假村,复星旅游文化,01992.HK,47.2,ODSH,1992,4.72,3.800,7.74,1992.HK,,1000000.0,,+2.43,14.29,+0.090,HKD,復星旅遊文化,B,,2.43,3.800,0.1,1992.HK,"旅游及观光,节假日,连锁酒店",0.03558484180491694
01993,雅仕維,N,非必需性消費,媒體及娛樂,廣告及宣傳,417023235.54,2024-04-26T16:02:10,非必需性消费,媒体及娱乐,广告及宣传,雅仕维,01993.HK,4.2,ODSH,1993,417.02,0.860,6.8,1993.HK,,1000.0,,+1.18,,+0.010,HKD,雅仕維,M,,1.18,0.860,0.0,1993.HK,文化传媒,0.0
01995,永升服務,N,地產建築,地產,物業管理及服務,2763767600.0,2024-04-26T16:02:10,地产建筑,地产,物业管理及服务,永升服务,01995.HK,27.6,ODSH,1995,2.78,1.590,14.09,1995.HK,,1000000.0,8.58,+6.00,5.98,+0.090,HKD,永升服務,B,,6.0,1.590,0.1,1995.HK,物业管理,0.14518984417240283
01996,弘陽地產,N,地產建築,地產,地產發展商,196994982.0,2024-04-26T16:02:10,地产建筑,地产,地产发展商,弘阳地产,01996.HK,2.0,ODSH,1996,196.99,0.059,17.99,1996.HK,,1000.0,,+3.51,,+0.002,HKD,弘陽地產,M,,3.51,0.059,0.0,1996.HK,,0.0
01997,九龍倉置業,N,地產建築,地產,地產投資,72262210382.6,2024-04-26T16:02:11,地产建筑,地产,地产投资,九龙仓置业,01997.HK,722.6,ODSH,1997,72.26,23.800,143.72,1997.HK,,1000000.0,5.38,+3.25,15.16,+0.750,HKD,九龍倉置業,B,,3.25,23.800,1.4,1997.HK,"租赁,香港",0.49105172502179084
01999,敏華控股,N,非必需性消費,家庭電器及用品,家具,21675435184.0,2024-04-26T16:02:10,非必需性消费,家庭电器及用品,家具,敏华控股,01999.HK,216.8,ODSH,1999,21.71,5.600,37.19,1999.HK,,1000000.0,4.46,+3.13,11.48,+0.170,HKD,敏華控股,B,,3.13,5.600,0.4,1999.HK,家具,0.15782435388948637
02000,晨訊科技,N,資訊科技,資訊科技器材,電訊設備,643005390.0,2024-04-26T16:02:10,科技,资讯科技器材,电讯设备,晨讯科技,02000.HK,6.4,ODSH,2000,643.00,0.300,9.6,2000.HK,,1000.0,13.33,-3.23,1.87,-0.010,HKD,晨訊科技,M,,-3.23,0.300,0.0,2000.HK,"5G,智能穿戴,电讯设备",0.0
02001,新高教集團,N,非必需性消費,支援服務,教育,3654838980.5,2024-04-26T16:02:10,非必需性消费,支援服务,教育,新高教集团,02001.HK,36.5,ODSH,2001,3.65,2.350,2.09,2001.HK,,1000000.0,4.47,+2.17,4.83,+0.050,HKD,新高教集團,B,,2.17,2.350,0.0,2001.HK,教育服务,0.0
02002,陽光紙業,N,原材料,其他原材料,紙品相關,2214514543.64,2024-04-26T16:02:10,原材料,其他原材料,纸品相关,阳光纸业,02002.HK,22.1,ODSH,2002,2.21,1.960,3.82,2002.HK,,1000000.0,,-1.51,4.65,-0.030,HKD,陽光紙業,B,,-1.51,1.960,0.0,2002.HK,"人民币升值,纸业股",0.0
02003,維信金科,N,金融,其他金融,信貸,1071916937.91,2024-04-26T16:02:10,金融,其他金融,信贷,维信金科,02003.HK,10.7,ODSH,2003,1.07,2.190,2.71,2003.HK,,1000.0,11.42,-3.10,2.20,-0.070,HKD,維信金科,B,,-3.1,2.190,0.0,2003.HK,"互联网信贷,互联网金融,金融科技",0.0
02005,石四藥集團,N,醫療保健,藥品及生物科技,醫藥品,14251408248.0,2024-04-26T16:02:10,医疗保健,药品及生物科技,医药品,石四药集团,02005.HK,142.5,ODSH,2005,14.16,4.770,12.88,2005.HK,,1000000.0,3.56,+0.63,10.74,+0.030,HKD,石四藥集團,B,,0.63,4.770,0.1,2005.HK,"MSCI,创新药,医药股,生物医药",0.0033640561782821497
02007,碧桂園,S,地產建築,地產,地產發展商,13574426353.81,2024-04-26T16:02:10,地产建筑,地产,地产发展商,碧桂园,02007.HK,135.7,ODSH,2007,13.57,0.485,,2007.HK,,,,0.00,,0.000,HKD,碧桂園,B,True,0.0,0.485,0.0,2007.HK,"内地房地产,智慧城市,知名公司,粤港澳,钙钛矿电池",0.0
02008,鳳凰衛視,N,非必需性消費,媒體及娛樂,廣播,888871391.0,2024-04-26T16:02:09,非必需性消费,媒体及娱乐,广播,凤凰卫视,02008.HK,8.9,ODSH,2008,893.86,1.790,16.82,2008.HK,,1000.0,,+2.87,,+0.050,HKD,鳳凰衛視,M,,2.87,1.790,0.0,2008.HK,"影视娱乐,文化传媒",0.0
02009,金隅集團,N,地產建築,建築,建築材料,1520197165.5,2024-04-26T16:02:10,地产建筑,建筑,建筑材料,金隅集团,02009.HK,15.2,ODSH,2009,1.49,0.640,7.08,2009.HK,,1000000.0,4.17,+3.23,304.76,+0.020,HKD,金隅集團,B,,3.23,0.640,0.1,2009.HK,"MSCI,内地房地产,冬奥会,国企改革,建材水泥股,碳中和,雄安股",0.06965554403657126
02011,中國恒泰集團,N,非必需性消費,紡織及服飾,其他服飾配件,1137505644.0,2024-04-26T16:02:10,非必需性消费,纺织及服饰,其他服饰配件,中国恒泰集团,02011.HK,11.4,ODSH,2011,1.13,1.980,232.56,2011.HK,,1000.0,,-0.50,,-0.010,HKD,中國恒泰集團,B,,-0.5,1.980,0.0,2011.HK,,0.0
02012,陽光油砂,N,能源,石油及天然氣,油氣生產商,77913177.92,2024-04-26T16:02:11,能源,石油及天然气,油气生产商,阳光油砂,02012.HK,0.8,ODSH,2012,77.91,0.320,2.99,2012.HK,,1000.0,,-5.88,,-0.020,HKD,陽光油砂,M,,-5.88,0.320,0.0,2012.HK,"外国公司,天然气",0.0
02013,微盟集團,N,非必需性消費,媒體及娛樂,廣告及宣傳,3856541086.2,2024-04-26T16:02:10,非必需性消费,媒体及娱乐,广告及宣传,微盟集团,02013.HK,38.6,ODSH,2013,3.91,1.400,174.72,2013.HK,,1000000.0,,+5.26,,+0.070,HKD,微盟集團,B,,5.26,1.400,1.7,2013.HK,"SaaS,数字经济,短视频,网络直播,腾讯",1.9143233902386092
02015,理想汽車-W,N,非必需性消費,汽車,汽車,210504410585.6,2024-04-26T16:02:09,非必需性消费,汽车,汽车,理想汽车-W,02015.HK,2105.0,ODSH,2015,210.39,99.150,1.76,2015.HK,,1000000000.0,,+6.04,,+5.650,HKD,理想汽車－Ｗ,B,,6.04,99.150,17.6,2015.HK,"双重主要上市中概股,同股不同权,回港中概股,新能源汽车,知名公司",12.97488043515698
02016,浙商銀行,N,金融,銀行,銀行,13142844000.0,2024-04-26T16:02:10,金融,银行,银行,浙商银行,02016.HK,131.4,ODSH,2016,13.08,2.210,8.94,2016.HK,,1000000.0,7.94,-0.45,3.62,-0.010,HKD,浙商銀行,B,,-0.45,2.210,0.1,2016.HK,内银股,0.0019019233692344308
02017,滄海控股,N,地產建築,建築,建築及服務,149677484.0,2024-04-26T16:02:10,地产建筑,建筑,建筑及服务,沧海控股,02017.HK,1.5,ODSH,2017,149.67,0.242,474.0,2017.HK,,,,-13.57,4.54,-0.038,HKD,滄海控股,M,,-13.57,0.242,0.0,2017.HK,,0.0
02018,瑞聲科技,N,工業,工業工程,電子設備,30741525000.0,2024-04-26T16:02:10,工业,工业工程,电子设备,瑞声科技,02018.HK,307.4,ODSH,2018,30.74,25.650,118.13,2018.HK,,1000000.0,0.39,+4.48,38.01,+1.100,HKD,瑞聲科技,B,,4.48,25.650,1.2,2018.HK,"5G,CDR,元宇宙,数字经济,新IT,新经济,智能穿戴,电子信息,知名公司,苹果",0.7502591339908591
02019,德信中國,N,地產建築,地產,地產發展商,172221778.0,2024-04-26T16:02:10,地产建筑,地产,地产发展商,德信中国,02019.HK,1.7,ODSH,2019,172.22,0.058,90.51,2019.HK,,1000.0,,+7.41,0.37,+0.004,HKD,德信中國,M,,7.41,0.058,0.0,2019.HK,,0.0
02020,安踏體育,N,非必需性消費,紡織及服飾,服裝,254936115000.0,2024-04-26T16:02:10,非必需性消费,纺织及服饰,服装,安踏体育,02020.HK,2549.4,ODSH,2020,255.07,90.050,565.3,2020.HK,,1000000.0,2.19,+1.18,22.77,+1.050,HKD,安踏體育,B,,1.18,90.050,5.7,2020.HK,"体育,体育用品股,冬奥会,双十一,品牌服饰,知名公司",0.36587969276779586
02022,遊萊互動,N,資訊科技,軟件服務,綫上遊戲,60000000.0,2024-04-26T16:02:10,科技,软件服务,线上游戏,游莱互动,02022.HK,0.6,ODSH,2022,60.00,0.030,,2022.HK,,,,0.00,,0.000,HKD,遊萊互動,M,,0.0,0.030,0.0,2022.HK,"手机游戏,新经济",0.0
02023,中國綠島科技,N,原材料,其他原材料,特殊化工用品,486882000.0,2024-04-26T16:02:10,原材料,其他原材料,特殊化工用品,中国绿岛科技,02023.HK,4.9,ODSH,2023,486.88,0.990,11.72,2023.HK,,1000.0,,-1.00,10.45,-0.010,HKD,中國綠島科技,M,,-1.0,0.990,0.0,2023.HK,"家具,现代服务业",0.0
02025,瑞豐動力,N,非必需性消費,汽車,汽車零件,1512000000.0,2024-04-26T16:02:09,非必需性消费,汽车,汽车零件,瑞丰动力,02025.HK,15.1,ODSH,2025,1.50,1.880,887.58,2025.HK,,1000.0,1.60,+8.05,124.50,+0.140,HKD,瑞豐動力,B,,8.05,1.880,0.0,2025.HK,比亚迪,0.0
02028,映美控股,N,資訊科技,資訊科技器材,電腦及周邊,48417638.5,2024-04-26T16:02:10,科技,资讯科技器材,电脑及周边,映美控股,02028.HK,0.5,ODSH,2028,48.41,0.079,,2028.HK,,,,0.00,,0.000,HKD,映美控股,M,,0.0,0.079,0.0,2028.HK,电子信息,0.0
02030,卡賓,N,非必需性消費,紡織及服飾,服裝,488072890.0,2024-04-26T16:02:10,非必需性消费,纺织及服饰,服装,卡宾,02030.HK,4.9,ODSH,2030,488.07,0.730,362.84,2030.HK,,1000.0,1.92,0.00,21.79,0.000,HKD,卡賓,M,,0.0,0.730,0.0,2030.HK,品牌服饰,0.0
02031,澳至尊,N,醫療保健,藥品及生物科技,西藥分銷,213360000.0,2024-04-26T16:02:10,医疗保健,药品及生物科技,西药分销,澳至尊,02031.HK,2.1,ODSH,2031,213.36,0.280,8.1,2031.HK,,1000.0,3.57,0.00,400.00,0.000,HKD,澳至尊,M,,0.0,0.280,0.0,2031.HK,,0.0
02033,時計寶,N,非必需性消費,紡織及服飾,珠寶鐘錶,710033460.0,2024-04-26T16:02:10,非必需性消费,纺织及服饰,珠宝钟表,时计宝,02033.HK,7.1,ODSH,2033,710.03,0.345,,2033.HK,,,11.59,0.00,19.17,0.000,HKD,時計寶,M,,0.0,0.345,0.0,2033.HK,现代服务业,0.0
02038,富智康集團,N,資訊科技,資訊科技器材,電訊設備,6622980000.0,2024-04-26T16:02:10,科技,资讯科技器材,电讯设备,富智康集团,02038.HK,66.2,ODSH,2038,6.62,0.840,23.56,2038.HK,,1000000.0,,+9.09,,+0.070,HKD,富智康集團,B,,9.09,0.840,0.2,2038.HK,"台资企业,富士康,工业互联网,新经济,智能穿戴,电讯设备,苹果",0.42611512255350875
02039,中集集團,N,工業,工業工程,商用車及貨車,20114844696.45,2024-04-26T16:02:10,工业,工业工程,商用车及货车,中集集团,02039.HK,201.1,ODSH,2039,20.05,6.490,14.86,2039.HK,,1000000.0,0.36,-2.11,86.53,-0.140,HKD,中集集團,B,,-2.11,6.490,0.1,2039.HK,"MSCI,冬奥会,国企改革,氢能源,物流,粤港澳",0.022246828735956296
02048,易居企業控股,N,地產建築,地產,地產代理,143422881.46,2024-04-26T16:02:11,地产建筑,地产,地产代理,易居企业控股,02048.HK,1.4,ODSH,2048,146.92,0.084,250.01,2048.HK,,1000.0,,+7.69,,+0.006,HKD,易居企業控股,M,,7.69,0.084,0.0,2048.HK,"房地产服务,租售同权,阿里巴巴",0.0
02051,51信用卡,N,金融,其他金融,信貸,164356742.748,2024-04-26T16:02:10,金融,其他金融,信贷,51信用卡,02051.HK,1.6,ODSH,2051,160.28,0.118,31.87,2051.HK,,1000.0,,+0.85,12.29,+0.001,HKD,５１信用卡,M,,0.85,0.118,0.0,2051.HK,"互联网信贷,互联网金融,独角兽,知名公司,金融科技",0.0
02057,中通快遞-W,N,工業,工業運輸,航空貨運及物流,138756339374.1,2024-04-26T16:02:11,工业,工业运输,航空货运及物流,中通快递-W,02057.HK,1387.6,ODSH,2057,138.83,170.800,395.97,2057.HK,,1000000.0,2.83,+2.46,18.02,+4.100,HKD,中通快遞－Ｗ,B,,2.46,170.800,4.0,2057.HK,"同股不同权,回港中概股,物流",0.8581275773733852
02060,浦江國際,S,地產建築,建築,建築材料,156113840.0,2024-04-26T16:02:11,地产建筑,建筑,建筑材料,浦江国际,02060.HK,1.6,ODSH,2060,156.11,0.193,,2060.HK,,,,0.00,0.81,0.000,HKD,浦江國際,M,True,0.0,0.193,0.0,2060.HK,,0.0
02066,盛京銀行,N,金融,銀行,銀行,2247112800.0,2024-04-26T16:02:10,金融,银行,银行,盛京银行,02066.HK,22.5,ODSH,2066,2.24,0.960,3.36,2066.HK,,1000.0,,0.00,10.77,0.000,HKD,盛京銀行,B,,0.0,0.960,0.0,2066.HK,"内银股,国企改革",0.0
02068,中鋁國際,N,地產建築,建築,重型基建,802946760.0,2024-04-26T16:02:09,地产建筑,建筑,重型基建,中铝国际,02068.HK,8.0,ODSH,2068,806.94,2.020,24.67,2068.HK,,1000000.0,,+2.54,,+0.050,HKD,中鋁國際,M,,2.54,2.020,0.2,2068.HK,"国企改革,基础建设,现代服务业",0.11591247700895245
02076,BOSS直聘－W,N,非必需性消費,支援服務,其他支援服務,65426282544.0,2024-04-26T16:02:11,非必需性消费,支援服务,其他支援服务,BOSS直聘－W,02076.HK,654.3,ODSH,2076,65.42,73.500,1.48,2076.HK,,1000000.0,0.95,+3.30,531.45,+2.350,HKD,ＢＯＳＳ直聘－Ｗ,B,,3.3,73.500,0.0,2076.HK,,0.0
02078,榮陽實業,N,原材料,一般金屬及礦石,鋁,124800000.0,2024-04-26T16:02:10,原材料,一般金属及矿石,铝,荣阳实业,02078.HK,1.2,ODSH,2078,124.80,0.104,9.13,2078.HK,,1000.0,,0.00,4.43,0.000,HKD,榮陽實業,M,,0.0,0.104,0.0,2078.HK,"电子信息,苹果,铝",0.0
02080,奧克斯國際,N,地產建築,地產,物業管理及服務,106977528.0,2024-04-26T16:02:09,地产建筑,地产,物业管理及服务,奥克斯国际,02080.HK,1.1,ODSH,2080,106.97,0.217,,2080.HK,,,,0.00,4.98,0.000,HKD,奧克斯國際,M,,0.0,0.217,0.0,2080.HK,物业管理,0.0
02086,高維科技,N,資訊科技,資訊科技器材,電腦及周邊,249260615.76,2024-04-26T16:02:10,科技,资讯科技器材,电脑及周边,高维科技,02086.HK,2.5,ODSH,2086,249.26,0.780,,2086.HK,,,,0.00,,0.000,HKD,高維科技,M,,0.0,0.780,0.0,2086.HK,海航系,0.0
02088,西王置業,N,地產建築,地產,地產發展商,69030425.702,2024-04-26T16:02:09,地产建筑,地产,地产发展商,西王置业,02088.HK,0.7,ODSH,2088,69.03,0.049,1.99,2088.HK,,1000.0,,0.00,,0.000,HKD,西王置業,M,,0.0,0.049,0.0,2088.HK,物业投资,0.0
02096,先聲藥業,N,醫療保健,藥品及生物科技,醫藥品,13831736575.4,2024-04-26T16:02:09,医疗保健,药品及生物科技,医药品,先声药业,02096.HK,138.3,ODSH,2096,13.80,5.290,32.95,2096.HK,,1000000.0,3.25,+0.95,17.98,+0.050,HKD,先聲藥業,B,,0.95,5.290,0.3,2096.HK,,0.020179592094663308
02098,卓爾智聯,N,工業,工業支援,採購及供應鏈管理,4587817146.0,2024-04-26T16:02:09,工业,工业支援,采购及供应链管理,卓尔智联,02098.HK,45.9,ODSH,2098,4.95,0.400,464.33,2098.HK,,1000.0,,+11.11,90.91,+0.040,HKD,卓爾智聯,B,,11.11,0.400,0.0,2098.HK,"数字经济,智能物流,物业投资",0.0
02099,中國黃金國際,N,原材料,黃金及貴金屬,黃金及貴金屬,19126963582.25,2024-04-26T16:02:09,原材料,黄金及贵金属,黄金及贵金属,中国黄金国际,02099.HK,191.3,ODSH,2099,19.10,48.200,125.91,2099.HK,,1000000.0,,+4.67,,+2.150,HKD,中國黃金國際,B,,4.67,48.200,1.3,2099.HK,"贸易战股,金属铅,金属锌,黄金",0.9267111760819132
02100,百奧家庭互動,N,資訊科技,軟件服務,綫上遊戲,700973936.0,2024-04-26T16:02:09,科技,软件服务,线上游戏,百奥家庭互动,02100.HK,7.0,ODSH,2100,700.97,0.244,41.38,2100.HK,,1000.0,4.92,+3.39,,+0.008,HKD,百奧家庭互動,M,,3.39,0.244,0.0,2100.HK,"三胎,婴童,手机游戏",0.0
02101,福祿控股,N,資訊科技,軟件服務,電商及互聯網服務,743726414.34,2024-04-26T16:02:11,科技,软件服务,电商及互联网服务,福禄控股,02101.HK,7.4,ODSH,2101,743.72,1.820,496.71,2101.HK,,1000.0,,-1.09,7.51,-0.020,HKD,福祿控股,M,,-1.09,1.820,0.0,2101.HK,"SaaS,抖音",0.0
02102,德利機械,N,工業,工業工程,重型機械,124000000.0,2024-04-26T16:02:09,工业,工业工程,重型机械,德利机械,02102.HK,1.2,ODSH,2102,124.00,0.124,,2102.HK,,,4.03,0.00,17.46,0.000,HKD,德利機械,M,,0.0,0.124,0.0,2102.HK,,0.0
02105,來凱醫藥-B,N,醫療保健,藥品及生物科技,生物技術,2418622170.0,2024-04-26T16:02:09,医疗保健,药品及生物科技,生物技术,来凯医药-B,02105.HK,24.2,ODSH,2105,2.41,6.190,31.11,2105.HK,,1000000.0,,+4.03,,+0.240,HKD,來凱醫藥－Ｂ,B,,4.03,6.190,0.3,2105.HK,次新股,0.2571347884834557
02107,第一服務控股,N,地產建築,地產,物業管理及服務,295000000.0,2024-04-26T16:02:11,地产建筑,地产,物业管理及服务,第一服务控股,02107.HK,3.0,ODSH,2107,295.00,0.295,112.83,2107.HK,,1000.0,14.24,+1.72,4.68,+0.005,HKD,第一服務控股,M,,1.72,0.295,0.0,2107.HK,物业管理,0.0
02108,K2 F&B,N,非必需性消費,旅遊及休閒設施,餐飲,160800000.0,2024-04-26T16:02:11,非必需性消费,旅游及休闲设施,餐饮,K2 F&B,02108.HK,1.6,ODSH,2108,160.80,0.201,,2108.HK,,,,-0.50,3.85,-0.001,HKD,K2 F&B,M,,-0.5,0.201,0.0,,,0.0
02110,天成控股,N,地產建築,建築,重型基建,62449920.0,2024-04-26T16:02:10,地产建筑,建筑,重型基建,天成控股,02110.HK,0.6,ODSH,2110,62.44,0.234,31.38,2110.HK,,1000.0,,-1.68,,-0.004,HKD,天成控股,M,,-1.68,0.234,0.0,2110.HK,基础建设,0.0
02111,超盈國際控股,N,非必需性消費,紡織及服飾,紡織品及布料,2204392960.0,2024-04-26T16:02:09,非必需性消费,纺织及服饰,纺织品及布料,超盈国际控股,02111.HK,22.0,ODSH,2111,2.23,2.150,1.69,2111.HK,,1000000.0,7.76,-1.83,6.44,-0.040,HKD,超盈國際控股,B,,-1.83,2.150,0.0,2111.HK,品牌服饰,0.0
02111,超盈國際控股,N,非必需性消費,紡織及服飾,紡織品及布料,2204392960.0,2024-04-26T16:02:09,非必需性消费,纺织及服饰,纺织品及布料,超盈国际控股,02111.HK,22.0,ODSH,2111,2.23,2.150,1.69,2111.HK,,1000000.0,7.76,-1.83,6.44,-0.040,HKD,超盈國際控股,B,,-1.83,2.150,0.0,2111.HK,品牌服饰,0.0
02112,恩典生命科技,N,原材料,一般金屬及礦石,鋼鐵,327000000.0,2024-04-26T16:02:09,原材料,一般金属及矿石,钢铁,恩典生命科技,02112.HK,3.3,ODSH,2112,330.00,0.220,215.44,2112.HK,,1000.0,,-3.08,,-0.007,HKD,恩典生命科技,M,,-3.08,0.220,0.0,2112.HK,"涉矿,铁矿石",0.0
02113,世紀集團國際,N,地產建築,建築,建築及服務,50699250.0,2024-04-26T16:02:09,地产建筑,建筑,建筑及服务,世纪集团国际,02113.HK,0.5,ODSH,2113,50.69,0.063,,2113.HK,,,,0.00,,0.000,HKD,世紀集團國際,M,,0.0,0.063,0.0,2113.HK,,0.0
02115,捷芯隆,N,地產建築,建築,建築及服務,242200000.0,2024-04-26T16:02:10,地产建筑,建筑,建筑及服务,捷芯隆,02115.HK,2.4,ODSH,2115,242.20,0.173,,2115.HK,,,7.40,+0.58,4.14,+0.001,HKD,捷芯隆,M,,0.58,0.173,0.0,2115.HK,,0.0
02116,江蘇創新,N,原材料,其他原材料,特殊化工用品,156000000.0,2024-04-26T16:02:10,原材料,其他原材料,特殊化工用品,江苏创新,02116.HK,1.6,ODSH,2116,156.00,0.325,650.0,2116.HK,,,70.77,+1.56,6.89,+0.005,HKD,江蘇創新,M,,1.56,0.325,0.0,2116.HK,,0.0
02117,大唐集團控股,S,地產建築,地產,地產發展商,681772000.0,2024-04-26T16:02:10,地产建筑,地产,地产发展商,大唐集团控股,02117.HK,6.8,ODSH,2117,681.77,0.500,,2117.HK,,,,0.00,0.77,0.000,HKD,大唐集團控股,M,True,0.0,0.500,0.0,2117.HK,,0.0
02119,捷榮國際控股,N,必需性消費,食品飲料,非酒精飲料,396402331.6,2024-04-26T16:02:10,必需性消费,食品饮料,非酒精饮料,捷荣国际控股,02119.HK,4.0,ODSH,2119,396.40,0.550,95.58,2119.HK,,1000.0,32.60,+3.77,8.14,+0.020,HKD,捷榮國際控股,M,,3.77,0.550,0.0,2119.HK,非酒精饮料,0.0
02120,康寧醫院,N,醫療保健,醫療保健設備及服務,醫療及醫學美容服務,223960674.0,2024-04-26T16:02:09,医疗保健,医疗保健设备及服务,医疗及医学美容服务,康宁医院,02120.HK,2.2,ODSH,2120,212.74,11.000,106.48,2120.HK,,1000.0,3.91,+1.29,8.92,+0.140,HKD,康寧醫院,M,,1.29,11.000,0.0,2120.HK,生物医药,0.0
02121,創新奇智,N,資訊科技,軟件服務,,2633136439.08,2024-04-26T16:02:11,科技,软件服务,软件开发,创新奇智,02121.HK,26.3,ODSH,2121,2.64,4.680,50.6,2121.HK,,1000000.0,,+8.33,,+0.360,HKD,創新奇智,B,,8.33,4.680,0.5,2121.HK,,1.1460273728754098
02122,凱知樂國際,N,非必需性消費,零售相關,其他零售,32000000.0,2024-04-26T16:02:10,非必需性消费,零售相关,其他零售,凯知乐国际,02122.HK,0.3,ODSH,2122,32.00,0.040,2.87,2122.HK,,1000.0,,0.00,,0.000,HKD,凱知樂國際,M,,0.0,0.040,0.0,2122.HK,,0.0
02125,稻草熊娛樂,N,非必需性消費,媒體及娛樂,影視娛樂,280157680.0,2024-04-26T16:02:09,非必需性消费,媒体及娱乐,影视娱乐,稻草熊娱乐,02125.HK,2.8,ODSH,2125,280.15,0.400,274.72,2125.HK,,1000.0,,+2.56,,+0.010,HKD,稻草熊娛樂,M,,2.56,0.400,0.0,2125.HK,"影视娱乐,电影",0.0
02126,藥明巨諾-B,N,醫療保健,藥品及生物科技,生物技術,708553818.18,2024-04-26T16:02:11,医疗保健,药品及生物科技,生物技术,药明巨诺-B,02126.HK,7.1,ODSH,2126,720.98,1.740,1.3,2126.HK,,1000000.0,,-0.57,,-0.010,HKD,藥明巨諾－Ｂ,M,,-0.57,1.740,0.0,2126.HK,生物医药B类,0.0
02127,匯森家居,N,非必需性消費,家庭電器及用品,家具,592948188.0,2024-04-26T16:02:10,非必需性消费,家庭电器及用品,家具,汇森家居,02127.HK,5.9,ODSH,2127,600.31,0.163,105.43,2127.HK,,1000.0,,+0.62,2.26,+0.001,HKD,匯森家居,M,,0.62,0.163,0.0,2127.HK,家具,0.0
02128,中國聯塑,N,地產建築,建築,建築材料,10144908168.0,2024-04-26T16:02:09,地产建筑,建筑,建筑材料,中国联塑,02128.HK,101.4,ODSH,2128,10.14,3.270,33.87,2128.HK,,1000000.0,6.12,+4.81,3.97,+0.150,HKD,中國聯塑,B,,4.81,3.270,0.3,2128.HK,,0.24785604350795562
02129,LEGION CONSO,N,工業,工業運輸,公路,132500000.0,2024-04-26T16:02:10,工业,工业运输,公路,LEGION CONSO,02129.HK,1.3,ODSH,2129,132.50,0.106,505.0,2129.HK,,,,-0.93,6.84,-0.001,HKD,LEGION CONSO,M,,-0.93,0.106,0.0,2129.HK,,0.0
02130,嘉泓物流,N,工業,工業運輸,航空貨運及物流,946540350.0,2024-04-26T16:02:10,工业,工业运输,航空货运及物流,嘉泓物流,02130.HK,9.5,ODSH,2130,988.60,3.290,78.62,2130.HK,,1000.0,1.22,+5.11,19.95,+0.160,HKD,嘉泓物流,M,,5.11,3.290,0.0,2130.HK,,0.0
02131,云想科技,N,非必需性消費,媒體及娛樂,廣告及宣傳,429655320.0,2024-04-26T16:02:11,非必需性消费,媒体及娱乐,广告及宣传,云想科技,02131.HK,4.3,ODSH,2131,429.65,0.540,437.86,2131.HK,,1000.0,,+3.85,44.26,+0.020,HKD,云想科技,M,,3.85,0.540,0.0,2131.HK,"SaaS,抖音,短视频",0.0
02132,譽燊豐控股,N,地產建築,建築,重型基建,408000000.0,2024-04-26T16:02:10,地产建筑,建筑,重型基建,誉燊丰控股,02132.HK,4.1,ODSH,2132,408.00,0.255,53.04,2132.HK,,1000.0,,+4.94,12.14,+0.012,HKD,譽燊豐控股,M,,4.94,0.255,0.0,2132.HK,基础建设,0.0
02135,瑞麗醫美,N,醫療保健,醫療保健設備及服務,醫療及醫學美容服務,77990826.62,2024-04-26T16:02:10,医疗保健,医疗保健设备及服务,医疗及医学美容服务,瑞丽医美,02135.HK,0.8,ODSH,2135,77.99,0.140,617.37,2135.HK,,1000.0,,-7.89,,-0.012,HKD,瑞麗醫美,M,,-7.89,0.140,0.0,2135.HK,医美,0.0
02136,利福中國,N,非必需性消費,零售相關,多元化零售,1127625345.0,2024-04-26T16:02:09,非必需性消费,零售相关,多元化零售,利福中国,02136.HK,11.3,ODSH,2136,1.12,0.770,293.41,2136.HK,,1000.0,,+1.32,11.98,+0.010,HKD,利福中國,B,,1.32,0.770,0.0,2136.HK,,0.0
02137,騰盛博藥-B,N,醫療保健,藥品及生物科技,生物技術,846381432.56,2024-04-26T16:02:10,医疗保健,药品及生物科技,生物技术,腾盛博药-B,02137.HK,8.5,ODSH,2137,853.67,1.170,3.18,2137.HK,,1000000.0,,+7.34,,+0.080,HKD,騰盛博藥－Ｂ,M,,7.34,1.170,0.0,2137.HK,"抗疫,生物医药B类,肝炎",0.0
02138,醫思健康,N,醫療保健,醫療保健設備及服務,醫療及醫學美容服務,1600035207.75,2024-04-26T16:02:09,医疗保健,医疗保健设备及服务,医疗及医学美容服务,医思健康,02138.HK,16.0,ODSH,2138,1.60,1.350,2.11,2138.HK,,1000000.0,3.48,+4.65,22.88,+0.060,HKD,醫思健康,B,,4.65,1.350,0.0,2138.HK,医美,0.0
02139,甘肅銀行,N,金融,銀行,銀行,1327830000.0,2024-04-26T16:02:10,金融,银行,银行,甘肃银行,02139.HK,13.3,ODSH,2139,1.32,0.350,408.91,2139.HK,,1000.0,,-13.58,7.64,-0.055,HKD,甘肅銀行,B,,-13.58,0.350,0.0,2139.HK,内银股,0.0
02142,和鉑醫藥-B,N,醫療保健,藥品及生物科技,生物技術,978205320.7,2024-04-26T16:02:11,医疗保健,药品及生物科技,生物技术,和铂医药-B,02142.HK,9.8,ODSH,2142,978.20,1.270,1.91,2142.HK,,1000000.0,,+6.72,5.24,+0.080,HKD,和鉑醫藥－Ｂ,M,,6.72,1.270,0.0,2142.HK,生物医药B类,0.0
02145,上美股份,N,非必需性消費,零售相關,其他零售,8850867636.0,2024-04-26T16:02:09,非必需性消费,零售相关,其他零售,上美股份,02145.HK,88.5,ODSH,2145,8.90,45.100,40.25,2145.HK,,1000000.0,2.27,-5.35,36.24,-2.550,HKD,上美股份,B,,-5.35,45.100,0.4,2145.HK,,0.39272935752159654
02146,榮萬家,N,地產建築,地產,物業管理及服務,131600000.0,2024-04-26T16:02:10,地产建筑,地产,物业管理及服务,荣万家,02146.HK,1.3,ODSH,2146,131.60,1.400,,2146.HK,,,15.69,0.00,3.85,0.000,HKD,榮萬家,M,,0.0,1.400,0.0,2146.HK,"冬奥会,物业管理",0.0
02147,正味集團,N,必需性消費,食品飲料,包裝食品,162400000.0,2024-04-26T16:02:09,必需性消费,食品饮料,包装食品,正味集团,02147.HK,1.6,ODSH,2147,166.40,0.208,122.03,2147.HK,,1000.0,,+2.46,2.29,+0.005,HKD,正味集團,M,,2.46,0.208,0.0,2147.HK,,0.0
02148,VESYNC,N,非必需性消費,家庭電器及用品,家庭電器,5022181584.0,2024-04-26T16:02:10,非必需性消费,家庭电器及用品,家庭电器,VESYNC,02148.HK,50.2,ODSH,2148,5.05,4.410,4.55,2148.HK,,1000000.0,4.78,+1.85,8.18,+0.080,HKD,VESYNC,B,,1.85,4.410,0.0,2148.HK,家用电器,0.0
02149,貝克微,N,資訊科技,半導體,半導體設備,391500000.0,2024-04-26T16:02:10,科技,半导体,半导体设备,贝克微,02149.HK,3.9,ODSH,2149,391.50,26.100,600.75,2149.HK,,1000.0,,+1.75,10.09,+0.450,HKD,貝克微,M,,1.75,26.100,0.0,2149.HK,次新股,0.0
02150,奈雪的茶,N,非必需性消費,旅遊及休閒設施,餐飲,4562235551.02,2024-04-26T16:02:10,非必需性消费,旅游及休闲设施,餐饮,奈雪的茶,02150.HK,45.6,ODSH,2150,4.59,2.680,34.82,2150.HK,,1000000.0,,+12.13,326.83,+0.290,HKD,奈雪的茶,B,,12.13,2.680,0.3,2150.HK,餐饮连锁,1.0066381765701076
02152,蘇新服務,N,地產建築,地產,物業管理及服務,180245240.0,2024-04-26T16:02:11,地产建筑,地产,物业管理及服务,苏新服务,02152.HK,1.8,ODSH,2152,180.24,6.920,,2152.HK,,,5.34,0.00,8.75,0.000,HKD,蘇新服務,M,,0.0,6.920,0.0,2152.HK,,0.0
02153,達豐設備,N,工業,工業工程,重型機械,1120196400.0,2024-04-26T16:02:10,工业,工业工程,重型机械,达丰设备,02153.HK,11.2,ODSH,2153,1.10,0.950,656.08,2153.HK,,1000.0,,-8.65,,-0.090,HKD,達豐設備,B,,-8.65,0.950,0.0,2153.HK,,0.0
02155,森松國際,N,工業,工業工程,重型機械,5795747066.0,2024-04-26T16:02:09,工业,工业工程,重型机械,森松国际,02155.HK,58.0,ODSH,2155,5.79,4.870,7.07,2155.HK,,1000000.0,2.05,+7.98,6.27,+0.360,HKD,森松國際,B,,7.98,4.870,0.1,2155.HK,重型机械股,0.18351404097483587
02156,建發物業,N,地產建築,地產,物業管理及服務,4337453169.28,2024-04-26T16:02:10,地产建筑,地产,物业管理及服务,建发物业,02156.HK,43.4,ODSH,2156,4.33,3.080,3.7,2156.HK,,1000000.0,8.44,+2.67,8.13,+0.080,HKD,建發物業,B,,2.67,3.080,0.0,2156.HK,物业管理,0.0
02157,樂普生物-B,N,醫療保健,藥品及生物科技,生物技術,7993778840.52,2024-04-26T16:02:09,医疗保健,药品及生物科技,生物技术,乐普生物-B,02157.HK,79.9,ODSH,2157,8.04,5.010,20.56,2157.HK,,1000000.0,,+6.60,,+0.310,HKD,樂普生物－Ｂ,B,,6.6,5.010,0.2,2157.HK,生物医药B类,0.26710727984735394
02158,醫渡科技,N,醫療保健,醫療保健設備及服務,醫療及醫學美容服務,4396849156.26,2024-04-26T16:02:09,医疗保健,医疗保健设备及服务,医疗及医学美容服务,医渡科技,02158.HK,44.0,ODSH,2158,4.40,4.150,24.86,2158.HK,,1000000.0,,+7.79,,+0.300,HKD,醫渡科技,B,,7.79,4.150,0.2,2158.HK,"SaaS,互联网医疗",0.3753213620606327
02159,麥迪衛康,N,醫療保健,醫療保健設備及服務,醫療及醫學美容服務,83000000.0,2024-04-26T16:02:11,医疗保健,医疗保健设备及服务,医疗及医学美容服务,麦迪卫康,02159.HK,0.8,ODSH,2159,83.00,0.415,,2159.HK,,,,+1.22,,+0.005,HKD,麥迪衛康,M,,1.22,0.415,0.0,2159.HK,互联网医疗,0.0
02160,心通醫療-B,N,醫療保健,醫療保健設備及服務,醫健設備,2460844695.78,2024-04-26T16:02:11,医疗保健,医疗保健设备及服务,医健设备,心通医疗-B,02160.HK,24.6,ODSH,2160,2.46,1.020,6.09,2160.HK,,1000000.0,,+4.08,,+0.040,HKD,心通醫療－Ｂ,B,,4.08,1.020,0.1,2160.HK,生物医药B类,0.08690326197962568
02161,健倍苗苗,N,醫療保健,藥品及生物科技,中醫藥,734060800.0,2024-04-26T16:02:11,医疗保健,药品及生物科技,中医药,健倍苗苗,02161.HK,7.3,ODSH,2161,733.75,0.880,197.88,2161.HK,,1000.0,6.76,0.00,13.73,0.000,HKD,健倍苗苗,M,,0.0,0.880,0.0,2161.HK,"中医药,幽门螺杆菌",0.0
02162,康諾亞-B,N,醫療保健,藥品及生物科技,生物技術,9762771253.4,2024-04-26T16:02:09,医疗保健,药品及生物科技,生物技术,康诺亚-B,02162.HK,97.6,ODSH,2162,9.79,35.000,39.36,2162.HK,,1000000.0,,+0.14,,+0.050,HKD,康諾亞－Ｂ,B,,0.14,35.000,0.4,2162.HK,生物医药B类,0.0009376708732206587
02163,遠大住工,N,地產建築,建築,建築材料,663002816.0,2024-04-26T16:02:11,地产建筑,建筑,建筑材料,远大住工,02163.HK,6.6,ODSH,2163,663.00,2.140,181.1,2163.HK,,1000.0,,+0.47,,+0.010,HKD,遠大住工,M,,0.47,2.140,0.0,2163.HK,,0.0
02165,領悅服務集團,N,地產建築,地產,物業管理及服務,194265800.0,2024-04-26T16:02:10,地产建筑,地产,物业管理及服务,领悦服务集团,02165.HK,1.9,ODSH,2165,199.97,0.700,93.65,2165.HK,,1000.0,,+4.48,1.83,+0.030,HKD,領悅服務集團,M,,4.48,0.700,0.0,2165.HK,物业管理,0.0
02166,芯智控股,N,資訊科技,半導體,半導體供應,625511718.4,2024-04-26T16:02:09,科技,半导体,半导体供应,芯智控股,02166.HK,6.3,ODSH,2166,625.51,1.280,,2166.HK,,,3.91,0.00,8.49,0.000,HKD,芯智控股,M,,0.0,1.280,0.0,2166.HK,"芯片替代,集成电路",0.0
02167,天潤雲,N,資訊科技,軟件服務,系統開發及顧問,381060876.0,2024-04-26T16:02:10,科技,软件服务,系统开发及顾问,天润云,02167.HK,3.8,ODSH,2167,381.06,2.190,1.31,2167.HK,,1000.0,,+7.88,,+0.160,HKD,天潤雲,M,,7.88,2.190,0.0,2167.HK,SaaS,0.0
02168,佳兆業美好,N,地產建築,地產,物業管理及服務,226541700.0,2024-04-26T16:02:11,地产建筑,地产,物业管理及服务,佳兆业美好,02168.HK,2.3,ODSH,2168,226.54,1.470,5.44,2168.HK,,1000.0,,+2.08,,+0.030,HKD,佳兆業美好,M,,2.08,1.470,0.0,2168.HK,物业管理,0.0
02169,滄港鐵路,N,工業,工業運輸,鐵路及公路,3600000000.0,2024-04-26T16:02:10,工业,工业运输,铁路及公路,沧港铁路,02169.HK,36.0,ODSH,2169,3.60,0.900,13.74,2169.HK,,1000000.0,0.71,+1.12,13.80,+0.010,HKD,滄港鐵路,B,,1.12,0.900,0.1,2169.HK,,0.01132038740120116
02170,貝康醫療-B,N,醫療保健,藥品及生物科技,生物技術,169563361.75,2024-04-26T16:02:10,医疗保健,药品及生物科技,生物技术,贝康医疗-B,02170.HK,1.7,ODSH,2170,169.56,2.050,53.63,2170.HK,,1000.0,,+2.50,,+0.050,HKD,貝康醫療－Ｂ,M,,2.5,2.050,0.0,2170.HK,"三胎,生物医药B类,辅助生殖",0.0
02171,科濟藥業-B,N,醫療保健,藥品及生物科技,生物技術,3114233580.15,2024-04-26T16:02:10,医疗保健,药品及生物科技,生物技术,科济药业-B,02171.HK,31.1,ODSH,2171,3.12,5.430,5.74,2171.HK,,1000000.0,,+1.88,,+0.100,HKD,科濟藥業－Ｂ,B,,1.88,5.430,0.1,2171.HK,生物医药B类,0.02635106760103864
02172,微創腦科學,N,醫療保健,醫療保健設備及服務,醫健設備,5377934263.0,2024-04-26T16:02:11,医疗保健,医疗保健设备及服务,医健设备,微创脑科学,02172.HK,53.8,ODSH,2172,5.34,9.180,4.61,2172.HK,,1000000.0,1.20,+1.32,34.30,+0.120,HKD,微創腦科學,B,,1.32,9.180,0.0,2172.HK,,0.0
02175,中國通才教育,S,非必需性消費,支援服務,教育,1572157870.0,2024-04-26T16:02:09,非必需性消费,支援服务,教育,中国通才教育,02175.HK,15.7,ODSH,2175,1.57,3.110,,2175.HK,,,,0.00,7.77,0.000,HKD,中國通才教育,B,True,0.0,3.110,0.0,2175.HK,教育服务,0.0
02176,賽迪顧問,N,非必需性消費,支援服務,其他支援服務,175560000.0,2024-04-26T16:02:11,非必需性消费,支援服务,其他支援服务,赛迪顾问,02176.HK,1.8,ODSH,2176,175.56,0.840,74.8,2176.HK,,1000.0,14.56,+1.20,8.71,+0.010,HKD,賽迪顧問,M,,1.2,0.840,0.0,2176.HK,,0.0
02177,優趣匯控股,N,資訊科技,軟件服務,電商及互聯網服務,182484170.0,2024-04-26T16:02:09,科技,软件服务,电商及互联网服务,优趣汇控股,02177.HK,1.8,ODSH,2177,179.16,1.080,4.83,2177.HK,,1000.0,11.11,-1.82,,-0.020,HKD,優趣匯控股,M,,-1.82,1.080,0.0,2177.HK,,0.0
02178,百勤油服,N,能源,石油及天然氣,油氣設備與服務,110507179.648,2024-04-26T16:02:10,能源,石油及天然气,油气设备与服务,百勤油服,02178.HK,1.1,ODSH,2178,110.50,0.064,,2178.HK,,,,0.00,,0.000,HKD,百勤油服,M,,0.0,0.064,0.0,2178.HK,"天然气,页岩气",0.0
02179,瑞科生物-B,N,醫療保健,藥品及生物科技,生物技術,2886346230.57,2024-04-26T16:02:09,医疗保健,药品及生物科技,生物技术,瑞科生物-B,02179.HK,28.9,ODSH,2179,2.88,9.130,355.27,2179.HK,,1000.0,,0.00,,0.000,HKD,瑞科生物－Ｂ,B,,0.0,9.130,0.0,2179.HK,"抗疫,生物医药B类",0.0
02180,萬寶盛華,N,非必需性消費,支援服務,其他支援服務,1008474300.0,2024-04-26T16:02:11,非必需性消费,支援服务,其他支援服务,万宝盛华,02180.HK,10.1,ODSH,2180,1.00,4.860,,2180.HK,,,6.38,0.00,7.27,0.000,HKD,萬寶盛華,B,,0.0,4.860,0.0,2180.HK,,0.0
02181,邁博藥業-B,N,醫療保健,藥品及生物科技,生物技術,1711493200.0,2024-04-26T16:02:10,医疗保健,药品及生物科技,生物技术,迈博药业-B,02181.HK,17.1,ODSH,2181,1.71,0.415,,2181.HK,,,,0.00,,0.000,HKD,邁博藥業—Ｂ,B,,0.0,0.415,0.0,2181.HK,生物医药B类,0.0
02182,天長集團,N,必需性消費,食品飲料,包裝食品,306900000.0,2024-04-26T16:02:10,必需性消费,食品饮料,包装食品,天长集团,02182.HK,3.1,ODSH,2182,306.90,0.495,,2182.HK,,,3.03,0.00,13.10,0.000,HKD,天長集團,M,,0.0,0.495,0.0,2182.HK,烟草,0.0
02185,百心安-B,N,醫療保健,醫療保健設備及服務,醫健設備,472446644.0,2024-04-26T16:02:10,医疗保健,医疗保健设备及服务,医健设备,百心安-B,02185.HK,4.7,ODSH,2185,477.17,2.020,94.87,2185.HK,,1000.0,,+3.59,,+0.070,HKD,百心安－Ｂ,M,,3.59,2.020,0.0,2185.HK,生物医药B类,0.0
02186,綠葉製藥,N,醫療保健,藥品及生物科技,醫藥品,10156510736.1,2024-04-26T16:02:09,医疗保健,药品及生物科技,医药品,绿叶制药,02186.HK,101.6,ODSH,2186,10.19,2.710,66.24,2186.HK,,1000000.0,,+0.37,17.70,+0.010,HKD,綠葉製藥,B,,0.37,2.710,0.7,2186.HK,"CAR-T,MSCI,中医药,创新药,医药股,抗癌,新经济,生物医药",0.00983044921291875
02187,智欣集團控股,N,地產建築,建築,建築材料,755480000.0,2024-04-26T16:02:10,地产建筑,建筑,建筑材料,智欣集团控股,02187.HK,7.6,ODSH,2187,755.48,1.010,274.14,2187.HK,,1000.0,,0.00,70.14,0.000,HKD,智欣集團控股,M,,0.0,1.010,0.0,2187.HK,,0.0
02188,泰坦能源技術,N,工業,工業工程,環保工程,455067930.0,2024-04-26T16:02:10,工业,工业工程,环保工程,泰坦能源技术,02188.HK,4.6,ODSH,2188,462.52,0.310,37.84,2188.HK,,1000.0,,0.00,,0.000,HKD,泰坦能源技術,M,,0.0,0.310,0.0,2188.HK,"充电桩股,太阳能,风电",0.0
02189,嘉濤(香港)控股,N,非必需性消費,支援服務,其他支援服務,530000000.0,2024-04-26T16:02:10,非必需性消费,支援服务,其他支援服务,嘉涛(香港)控股,02189.HK,5.3,ODSH,2189,530.00,0.530,46.84,2189.HK,,1000.0,6.04,-1.85,4.20,-0.010,HKD,嘉濤（香港）控股,M,,-1.85,0.530,0.0,2189.HK,,0.0
02190,歸創通橋-B,N,醫療保健,醫療保健設備及服務,醫健設備,3382537732.48,2024-04-26T16:02:10,医疗保健,医疗保健设备及服务,医健设备,归创通桥-B,02190.HK,33.8,ODSH,2190,3.35,10.340,665.77,2190.HK,,1000.0,,+0.98,,+0.100,HKD,歸創通橋－Ｂ,B,,0.98,10.340,0.0,2190.HK,生物医药B类,0.0
02192,醫脈通,N,醫療保健,醫療保健設備及服務,醫療及醫學美容服務,5910205125.0,2024-04-26T16:02:10,医疗保健,医疗保健设备及服务,医疗及医学美容服务,医脉通,02192.HK,59.1,ODSH,2192,5.92,8.150,2.92,2192.HK,,1000000.0,3.12,-1.45,22.71,-0.120,HKD,醫脈通,B,,-1.45,8.150,0.0,2192.HK,互联网医疗,0.0
02193,萬景控股,N,地產建築,建築,重型基建,109152680.0,2024-04-26T16:02:09,地产建筑,建筑,重型基建,万景控股,02193.HK,1.1,ODSH,2193,109.15,0.260,12.0,2193.HK,,1000.0,13.46,+1.96,2.59,+0.005,HKD,萬景控股,M,,1.96,0.260,0.0,2193.HK,"基础建设,现代服务业",0.0
02195,盈滙企業控股,N,地產建築,建築,建築及服務,106000000.0,2024-04-26T16:02:09,地产建筑,建筑,建筑及服务,盈汇企业控股,02195.HK,1.1,ODSH,2195,106.00,0.106,46.81,2195.HK,,1000.0,,+0.95,,+0.001,HKD,盈滙企業控股,M,,0.95,0.106,0.0,2195.HK,,0.0
02196,復星醫藥,N,醫療保健,藥品及生物科技,醫藥品,6766790530.0,2024-04-26T16:02:09,医疗保健,药品及生物科技,医药品,复星医药,02196.HK,67.7,ODSH,2196,6.76,12.260,44.69,2196.HK,,1000000.0,2.36,+2.17,12.71,+0.260,HKD,復星醫藥,B,,2.17,12.260,0.4,2196.HK,"CAR-T,健康产业,创新药,医疗器械,医美,医药股,抗疫,抗癌,新经济,民营医院,燃料电池,独角兽,生物医药,知名公司,肝炎,辅助生殖",0.11198884701536088
02197,三葉草生物-B,N,醫療保健,藥品及生物科技,生物技術,466918354.44,2024-04-26T16:02:10,医疗保健,药品及生物科技,生物技术,三叶草生物-B,02197.HK,4.7,ODSH,2197,466.91,0.360,665.84,2197.HK,,1000.0,,+9.09,,+0.030,HKD,三葉草生物－Ｂ,M,,9.09,0.360,0.0,2197.HK,"抗疫,生物医药B类",0.0
02198,中國三江化工,N,原材料,其他原材料,特殊化工用品,2237200000.0,2024-04-26T16:02:10,原材料,其他原材料,特殊化工用品,中国三江化工,02198.HK,22.4,ODSH,2198,2.23,1.880,1.06,2198.HK,,1000000.0,,-3.59,22.41,-0.070,HKD,中國三江化工,B,,-3.59,1.880,0.0,2198.HK,现代服务业,0.0
02199,維珍妮,N,非必需性消費,紡織及服飾,服裝,2754562500.0,2024-04-26T16:02:09,非必需性消费,纺织及服饰,服装,维珍妮,02199.HK,27.5,ODSH,2199,2.75,2.250,68.4,2199.HK,,1000.0,2.36,-1.32,7.19,-0.030,HKD,維珍妮,B,,-1.32,2.250,0.0,2199.HK,品牌服饰,0.0
02202,萬科企業,N,地產建築,地產,地產發展商,9157028692.7,2024-04-26T16:02:09,地产建筑,地产,地产发展商,万科企业,02202.HK,91.6,ODSH,2202,9.20,4.170,486.83,2202.HK,,1000000.0,,+6.38,3.78,+0.250,HKD,萬科企業,B,,6.38,4.170,4.9,2202.HK,"内地房地产,冬奥会,国企改革,知名公司,租售同权",6.095018849329408
02203,腦洞科技,N,資訊科技,半導體,半導體供應,67200000.0,2024-04-26T16:02:10,科技,半导体,半导体供应,脑洞科技,02203.HK,0.7,ODSH,2203,67.20,0.084,71.87,2203.HK,,1000.0,,0.00,,0.000,HKD,腦洞科技,M,,0.0,0.084,0.0,2203.HK,,0.0
02205,康橋悅生活,N,地產建築,地產,物業管理及服務,497000000.0,2024-04-26T16:02:09,地产建筑,地产,物业管理及服务,康桥悦生活,02205.HK,5.0,ODSH,2205,497.00,0.710,690.0,2205.HK,,,8.03,0.00,12.01,0.000,HKD,康橋悅生活,M,,0.0,0.710,0.0,2205.HK,物业管理,0.0
02207,融信服務,N,地產建築,地產,物業管理及服務,386159040.0,2024-04-26T16:02:10,地产建筑,地产,物业管理及服务,融信服务,02207.HK,3.9,ODSH,2207,386.15,0.760,,2207.HK,,,,0.00,33.78,0.000,HKD,融信服務,M,,0.0,0.760,0.0,2207.HK,物业管理,0.0
02208,金風科技,N,工業,工業工程,環保工程,2467695952.81,2024-04-26T16:02:10,工业,工业工程,环保工程,金风科技,02208.HK,24.7,ODSH,2208,2.46,3.190,21.98,2208.HK,,1000000.0,3.35,+2.57,10.28,+0.080,HKD,金風科技,B,,2.57,3.190,0.2,2208.HK,"国企改革,新经济,碳中和,绿色电力,风电",0.08880512936569875
02209,喆麗控股,N,資訊科技,軟件服務,電商及互聯網服務,309756649.8,2024-04-26T16:02:10,科技,软件服务,电商及互联网服务,喆丽控股,02209.HK,3.1,ODSH,2209,297.84,0.750,25.09,2209.HK,,1000.0,6.67,-1.32,5.04,-0.010,HKD,喆麗控股,M,,-1.32,0.750,0.0,2209.HK,,0.0
02210,京城佳業,N,地產建築,地產,物業管理及服務,132368592.0,2024-04-26T16:02:11,地产建筑,地产,物业管理及服务,京城佳业,02210.HK,1.3,ODSH,2210,132.36,3.610,496.52,2210.HK,,1000.0,6.28,+3.14,4.35,+0.110,HKD,京城佳業,M,,3.14,3.610,0.0,2210.HK,物业管理,0.0
02211,大健康國際,N,醫療保健,藥品及生物科技,西藥分銷,30039733.44,2024-04-26T16:02:11,医疗保健,药品及生物科技,西药分销,大健康国际,02211.HK,0.3,ODSH,2211,30.03,0.045,19.84,2211.HK,,1000.0,,+7.14,,+0.003,HKD,大健康國際,M,,7.14,0.045,0.0,2211.HK,生物医药,0.0
02212,高鵬礦業,N,原材料,一般金屬及礦石,其他金屬及礦石,232770283.2,2024-04-26T16:02:10,原材料,一般金属及矿石,其他金属及矿石,高鹏矿业,02212.HK,2.3,ODSH,2212,232.77,0.221,35.53,2212.HK,,1000.0,,+10.50,,+0.021,HKD,高鵬礦業,M,,10.5,0.221,0.0,2212.HK,涉矿,0.0
02215,德信服務集團,N,地產建築,地產,物業管理及服務,1818377520.0,2024-04-26T16:02:10,地产建筑,地产,物业管理及服务,德信服务集团,02215.HK,18.2,ODSH,2215,1.81,1.940,,2215.HK,,,,0.00,27.87,0.000,HKD,德信服務集團,B,,0.0,1.940,0.0,2215.HK,物业管理,0.0
02216,堃博醫療-B,N,醫療保健,醫療保健設備及服務,醫健設備,284686961.04,2024-04-26T16:02:09,医疗保健,医疗保健设备及服务,医健设备,堃博医疗-B,02216.HK,2.8,ODSH,2216,284.68,0.540,1.33,2216.HK,,1000.0,,+5.88,,+0.030,HKD,堃博醫療－Ｂ,M,,5.88,0.540,0.0,2216.HK,生物医药B类,0.0
02217,譚仔國際,N,非必需性消費,旅遊及休閒設施,餐飲,1252429595.7,2024-04-26T16:02:10,非必需性消费,旅游及休闲设施,餐饮,谭仔国际,02217.HK,12.5,ODSH,2217,1.25,0.930,694.98,2217.HK,,1000.0,14.52,+1.09,8.82,+0.010,HKD,譚仔國際,B,,1.09,0.930,0.0,2217.HK,餐饮连锁,0.0
02218,安德利果汁,N,必需性消費,食品飲料,非酒精飲料,649681920.0,2024-04-26T16:02:09,必需性消费,食品饮料,非酒精饮料,安德利果汁,02218.HK,6.5,ODSH,2218,650.46,8.290,2.84,2218.HK,,1000000.0,2.85,-0.84,10.87,-0.070,HKD,安德利果汁,M,,-0.84,8.290,0.0,2218.HK,"农业现代化,非酒精饮料",0.0
02219,朝聚眼科,N,醫療保健,醫療保健設備及服務,醫療及醫學美容服務,2639073845.0,2024-04-26T16:02:10,医疗保健,医疗保健设备及服务,医疗及医学美容服务,朝聚眼科,02219.HK,26.4,ODSH,2219,2.63,3.730,1.58,2219.HK,,1000000.0,7.98,0.00,10.57,0.000,HKD,朝聚眼科,B,,0.0,3.730,0.0,2219.HK,,0.0
02221,創業集團控股,N,地產建築,建築,重型基建,329257087.47,2024-04-26T16:02:09,地产建筑,建筑,重型基建,创业集团控股,02221.HK,3.3,ODSH,2221,340.50,0.212,210.12,2221.HK,,1000.0,,+2.42,,+0.005,HKD,創業集團控股,M,,2.42,0.212,0.0,2221.HK,基础建设,0.0
02222,雷士國際,N,非必需性消費,家庭電器及用品,家具,522491887.31,2024-04-26T16:02:10,非必需性消费,家庭电器及用品,家具,雷士国际,02222.HK,5.2,ODSH,2222,522.49,1.030,46.3,2222.HK,,1000.0,,-5.50,1.70,-0.060,HKD,雷士國際,M,,-5.5,1.030,0.0,2222.HK,"LED,家具,智能家居,节能环保",0.0
02223,卡撒天嬌,N,非必需性消費,家庭電器及用品,家具,90248900.0,2024-04-26T16:02:09,非必需性消费,家庭电器及用品,家具,卡撒天娇,02223.HK,0.9,ODSH,2223,90.24,0.350,,2223.HK,,,,0.00,,0.000,HKD,卡撒天嬌,M,,0.0,0.350,0.0,2223.HK,"健康产业,家具",0.0
02225,今海醫療科技,N,非必需性消費,支援服務,其他支援服務,5144150000.0,2024-04-26T16:02:10,非必需性消费,支援服务,其他支援服务,今海医疗科技,02225.HK,51.4,ODSH,2225,5.14,3.980,1.63,2225.HK,,1000000.0,,-0.50,,-0.020,HKD,今海醫療科技,B,,-0.5,3.980,0.0,2225.HK,,0.0
02226,老恒和釀造,N,必需性消費,食品飲料,食品添加劑,231500000.0,2024-04-26T16:02:10,必需性消费,食品饮料,食品添加剂,老恒和酿造,02226.HK,2.3,ODSH,2226,231.50,0.400,,2226.HK,,,,0.00,,0.000,HKD,老恒和釀造,M,,0.0,0.400,0.0,2226.HK,食品添加剂,0.0
02227,守益控股,N,地產建築,建築,建築及服務,97969200.0,2024-04-26T16:02:10,地产建筑,建筑,建筑及服务,守益控股,02227.HK,1.0,ODSH,2227,97.96,0.107,,2227.HK,,,,0.00,,0.000,HKD,守益控股,M,,0.0,0.107,0.0,2227.HK,,0.0
02230,羚邦集團,N,非必需性消費,媒體及娛樂,影視娛樂,342624000.0,2024-04-26T16:02:10,非必需性消费,媒体及娱乐,影视娱乐,羚邦集团,02230.HK,3.4,ODSH,2230,342.62,0.172,67.74,2230.HK,,1000.0,7.62,0.00,6.96,0.000,HKD,羚邦集團,M,,0.0,0.172,0.0,2230.HK,NFT,0.0
02231,景業名邦集團,N,地產建築,地產,地產發展商,1530940890.0,2024-04-26T16:02:11,地产建筑,地产,地产发展商,景业名邦集团,02231.HK,15.3,ODSH,2231,1.53,0.930,,2231.HK,,,,0.00,,0.000,HKD,景業名邦集團,B,,0.0,0.930,0.0,2231.HK,,0.0
02232,晶苑國際,N,非必需性消費,紡織及服飾,服裝,11354231560.0,2024-04-26T16:02:11,非必需性消费,纺织及服饰,服装,晶苑国际,02232.HK,113.5,ODSH,2232,11.26,3.950,5.08,2232.HK,,1000000.0,4.56,+3.40,8.85,+0.130,HKD,晶苑國際,B,,3.4,3.950,0.1,2232.HK,,0.04946641529960211
02233,西部水泥,N,地產建築,建築,建築材料,6327026071.2,2024-04-26T16:02:09,地产建筑,建筑,建筑材料,西部水泥,02233.HK,63.3,ODSH,2233,6.38,1.170,42.15,2233.HK,,1000000.0,2.11,+5.41,14.05,+0.060,HKD,西部水泥,B,,5.41,1.170,0.4,2233.HK,,0.42439831514409737
02235,微泰醫療-B,N,醫療保健,醫療保健設備及服務,醫健設備,704053790.1,2024-04-26T16:02:10,医疗保健,医疗保健设备及服务,医健设备,微泰医疗-B,02235.HK,7.0,ODSH,2235,704.05,4.050,175.13,2235.HK,,1000.0,,+1.25,,+0.050,HKD,微泰醫療－Ｂ,M,,1.25,4.050,0.0,2235.HK,生物医药B类,0.0
02236,惠生工程,N,能源,石油及天然氣,油氣設備與服務,847343702.4,2024-04-26T16:02:10,能源,石油及天然气,油气设备与服务,惠生工程,02236.HK,8.5,ODSH,2236,847.34,0.208,1.06,2236.HK,,1000000.0,,-0.95,,-0.002,HKD,惠生工程,M,,-0.95,0.208,0.0,2236.HK,天然气,0.0
02237,中國石墨,N,原材料,一般金屬及礦石,其他金屬及礦石,656000000.0,2024-04-26T16:02:10,原材料,一般金属及矿石,其他金属及矿石,中国石墨,02237.HK,6.6,ODSH,2237,640.00,0.400,378.85,2237.HK,,1000.0,,0.00,28.17,0.000,HKD,中國石墨,M,,0.0,0.400,0.0,2237.HK,锂电池,0.0
02238,廣汽集團,N,非必需性消費,汽車,汽車,10008543585.15,2024-04-26T16:02:10,非必需性消费,汽车,汽车,广汽集团,02238.HK,100.1,ODSH,2238,10.07,3.250,45.66,2238.HK,,1000000.0,4.97,+2.52,7.15,+0.080,HKD,廣汽集團,B,,2.52,3.250,0.5,2238.HK,"国企改革,宁德时代,新经济,新能源汽车,知名公司",0.16304585749568057
02239,國微控股,N,資訊科技,資訊科技器材,電訊設備,448406146.2,2024-04-26T16:02:09,科技,资讯科技器材,电讯设备,国微控股,02239.HK,4.5,ODSH,2239,448.40,1.380,,2239.HK,,,0.72,0.00,,0.000,HKD,國微控股,M,,0.0,1.380,0.0,2239.HK,"区块链,电讯设备,紫光系,芯片替代",0.0
02245,力勤資源,N,原材料,一般金屬及礦石,其他金屬及礦石,3006589609.5,2024-04-26T16:02:10,原材料,一般金属及矿石,其他金属及矿石,力勤资源,02245.HK,30.1,ODSH,2245,2.93,5.820,287.65,2245.HK,,1000.0,3.68,-3.00,8.05,-0.180,HKD,力勤資源,B,,-3.0,5.820,0.0,2245.HK,,0.0
02246,快狗打車,N,工業,工業運輸,公路,169687540.44,2024-04-26T16:02:09,工业,工业运输,公路,快狗打车,02246.HK,1.7,ODSH,2246,169.68,0.270,1.02,2246.HK,,1000000.0,,+3.85,,+0.010,HKD,快狗打車,M,,3.85,0.270,0.0,2246.HK,,0.0
02250,小黃鴨德盈,N,非必需性消費,媒體及娛樂,廣告及宣傳,1128141950.0,2024-04-26T16:02:10,非必需性消费,媒体及娱乐,广告及宣传,小黄鸭德盈,02250.HK,11.3,ODSH,2250,1.12,1.150,229.69,2250.HK,,1000.0,0.43,-1.71,,-0.020,HKD,小黃鴨德盈,B,,-1.71,1.150,0.0,2250.HK,NFT,0.0
02251,鷹瞳科技-B,N,醫療保健,醫療保健設備及服務,醫健設備,816211775.28,2024-04-26T16:02:09,医疗保健,医疗保健设备及服务,医健设备,鹰瞳科技-B,02251.HK,8.2,ODSH,2251,814.07,15.240,2.49,2251.HK,,1000000.0,,+1.33,,+0.200,HKD,鷹瞳科技－Ｂ,M,,1.33,15.240,0.0,2251.HK,生物医药B类,0.0
02252,微創機器人-B,N,醫療保健,醫療保健設備及服務,醫健設備,12661524030.4,2024-04-26T16:02:11,医疗保健,医疗保健设备及服务,医健设备,微创机器人-B,02252.HK,126.6,ODSH,2252,12.64,13.280,5.87,2252.HK,,1000000.0,,+2.95,,+0.380,HKD,微創機器人－Ｂ,B,,2.95,13.280,0.1,2252.HK,生物医药B类,0.039497699161306604
02255,海昌海洋公園,N,非必需性消費,旅遊及休閒設施,休閒及文娛設施,6247781540.0,2024-04-26T16:02:09,非必需性消费,旅游及休闲设施,休闲及文娱设施,海昌海洋公园,02255.HK,62.5,ODSH,2255,6.24,0.770,7.84,2255.HK,,1000000.0,,+2.67,,+0.020,HKD,海昌海洋公園,B,,2.67,0.770,0.1,2255.HK,"NFT,三胎,海南板块,现代服务业,自由贸易港",0.038732677383391756
02256,和譽-B,N,醫療保健,藥品及生物科技,生物技術,2275125894.0,2024-04-26T16:02:11,医疗保健,药品及生物科技,生物技术,和誉-B,02256.HK,22.8,ODSH,2256,2.28,3.260,4.71,2256.HK,,1000000.0,,+4.15,,+0.130,HKD,和譽－Ｂ,B,,4.15,3.260,0.0,2256.HK,生物医药B类,0.0
02257,聖諾醫藥-B,N,醫療保健,藥品及生物科技,生物技術,552998808.8,2024-04-26T16:02:09,医疗保健,药品及生物科技,生物技术,圣诺医药-B,02257.HK,5.5,ODSH,2257,552.99,6.310,26.88,2257.HK,,1000000.0,,+4.13,,+0.250,HKD,聖諾醫藥－Ｂ,M,,4.13,6.310,0.3,2257.HK,"生物医药B类,肝炎",0.3918726197140803
02258,華滋國際海洋,N,地產建築,建築,重型基建,147746600.0,2024-04-26T16:02:11,地产建筑,建筑,重型基建,华滋国际海洋,02258.HK,1.5,ODSH,2258,147.74,0.179,,2258.HK,,,5.70,0.00,4.46,0.000,HKD,華滋國際海洋,M,,0.0,0.179,0.0,2258.HK,基础建设,0.0
02260,環龍控股,N,工業,工業工程,工業及設備,908870960.0,2024-04-26T16:02:09,工业,工业工程,工业及设备,环龙控股,02260.HK,9.1,ODSH,2260,908.87,1.880,544.06,2260.HK,,1000.0,2.13,0.00,15.99,0.000,HKD,環龍控股,M,,0.0,1.880,0.0,2260.HK,,0.0
02262,梁志天設計集團,N,地產建築,建築,建築及服務,163220343.0,2024-04-26T16:02:10,地产建筑,建筑,建筑及服务,梁志天设计集团,02262.HK,1.6,ODSH,2262,163.22,0.143,31.77,2262.HK,,1000.0,,-2.05,,-0.003,HKD,梁志天設計集團,M,,-2.05,0.143,0.0,2262.HK,,0.0
02263,富石金融,N,金融,其他金融,證券及經紀,154000000.0,2024-04-26T16:02:10,金融,其他金融,证券及经纪,富石金融,02263.HK,1.5,ODSH,2263,155.00,0.155,,2263.HK,,,,0.00,12.92,0.000,HKD,富石金融,M,,0.0,0.155,0.0,2263.HK,,0.0
02265,鴻承環保科技,N,工業,工業工程,環保工程,690000000.0,2024-04-26T16:02:09,工业,工业工程,环保工程,鸿承环保科技,02265.HK,6.9,ODSH,2265,690.00,0.690,51.2,2265.HK,,1000.0,,0.00,36.90,0.000,HKD,鴻承環保科技,M,,0.0,0.690,0.0,2265.HK,,0.0
02266,黎氏企業,N,地產建築,建築,建築及服務,108000000.0,2024-04-26T16:02:09,地产建筑,建筑,建筑及服务,黎氏企业,02266.HK,1.1,ODSH,2266,120.00,0.300,159.28,2266.HK,,1000.0,,-9.09,,-0.030,HKD,黎氏企業,M,,-9.09,0.300,0.0,2266.HK,,0.0
02268,藥明合聯,N,醫療保健,藥品及生物科技,生物技術,24550892250.0,2024-04-26T16:02:10,医疗保健,药品及生物科技,生物技术,药明合联,02268.HK,245.5,ODSH,2268,24.61,20.550,54.41,2268.HK,,1000000.0,,+2.75,69.33,+0.550,HKD,藥明合聯,B,,2.75,20.550,0.5,2268.HK,次新股,0.16012171871504474
02269,藥明生物,N,醫療保健,藥品及生物科技,生物技術,57244658271.36,2024-04-26T16:02:10,医疗保健,药品及生物科技,生物技术,药明生物,02269.HK,572.4,ODSH,2269,57.41,13.480,696.24,2269.HK,,1000000.0,,+5.81,15.40,+0.740,HKD,藥明生物,B,,5.81,13.480,7.0,2269.HK,"CAR-T,CXO,MSCI,创新药,医药股,新经济,知名公司",5.7574632390470555
02270,德商產投服務,N,地產建築,地產,物業管理及服務,738108448.0,2024-04-26T16:02:10,地产建筑,地产,物业管理及服务,德商产投服务,02270.HK,7.4,ODSH,2270,738.10,1.190,16.28,2270.HK,,1000.0,,+5.31,17.50,+0.060,HKD,德商產投服務,M,,5.31,1.190,0.0,2270.HK,物业管理,0.0
02271,眾安智慧生活,N,地產建築,地產,物業管理及服務,315622540.0,2024-04-26T16:02:09,地产建筑,地产,物业管理及服务,众安智慧生活,02271.HK,3.2,ODSH,2271,320.79,0.620,9.59,2271.HK,,1000000.0,4.24,0.00,5.18,0.000,HKD,眾安智慧生活,M,,0.0,0.620,0.1,2271.HK,次新股,0.0
02273,固生堂,N,醫療保健,醫療保健設備及服務,醫療及醫學美容服務,11137281251.4,2024-04-26T16:02:09,医疗保健,医疗保健设备及服务,医疗及医学美容服务,固生堂,02273.HK,111.4,ODSH,2273,11.11,45.350,56.77,2273.HK,,1000000.0,0.90,+0.55,39.88,+0.250,HKD,固生堂,B,,0.55,45.350,0.6,2273.HK,中医药,0.01666313483046551
02276,康耐特光學,N,工業,工業工程,工業及設備,3442662000.0,2024-04-26T16:02:09,工业,工业工程,工业及设备,康耐特光学,02276.HK,34.4,ODSH,2276,3.44,8.080,6.56,2276.HK,,1000000.0,2.65,-0.49,9.84,-0.040,HKD,康耐特光學,B,,-0.49,8.080,0.1,2276.HK,,0.002846404165742982
02279,雍禾醫療,N,醫療保健,醫療保健設備及服務,醫療及醫學美容服務,585059261.76,2024-04-26T16:02:10,医疗保健,医疗保健设备及服务,医疗及医学美容服务,雍禾医疗,02279.HK,5.9,ODSH,2279,590.33,1.120,232.64,2279.HK,,1000.0,,0.00,,0.000,HKD,雍禾醫療,M,,0.0,1.120,0.0,2279.HK,,0.0
02280,慧聰集團,N,資訊科技,軟件服務,電商及互聯網服務,261986223.8,2024-04-26T16:02:10,科技,软件服务,电商及互联网服务,慧聪集团,02280.HK,2.6,ODSH,2280,261.98,0.200,8.0,2280.HK,,1000.0,,0.00,,0.000,HKD,慧聰集團,M,,0.0,0.200,0.0,2280.HK,"互联网+,区块链,双十一,独角兽,电子商务",0.0
02281,興瀘水務,N,公用事業,公用事業,水務,118217000.0,2024-04-26T16:02:10,公用事业,公用事业,水务,兴泸水务,02281.HK,1.2,ODSH,2281,118.21,0.550,232.55,2281.HK,,1000.0,9.75,0.00,2.10,0.000,HKD,興瀘水務,M,,0.0,0.550,0.0,2281.HK,,0.0
02282,美高梅中國,N,非必需性消費,旅遊及休閒設施,賭場及博彩,51014138485.42,2024-04-26T16:02:09,非必需性消费,旅游及休闲设施,赌场及博彩,美高梅中国,02282.HK,510.1,ODSH,2282,51.24,13.480,65.24,2282.HK,,1000000.0,2.57,+3.37,19.42,+0.440,HKD,美高梅中國,B,,3.37,13.480,0.7,2282.HK,博彩,0.2711884332534748
02283,東江集團控股,N,工業,工業工程,工業及設備,1266555200.0,2024-04-26T16:02:10,工业,工业工程,工业及设备,东江集团控股,02283.HK,12.7,ODSH,2283,1.26,1.520,1.03,2283.HK,,1000000.0,13.36,-0.65,6.16,-0.010,HKD,東江集團控股,B,,-0.65,1.520,0.0,2283.HK,"智慧城市,苹果",0.0
02285,泉峰控股,N,非必需性消費,家庭電器及用品,家庭電器,10297734291.65,2024-04-26T16:02:10,非必需性消费,家庭电器及用品,家庭电器,泉峰控股,02285.HK,103.0,ODSH,2285,10.24,20.050,15.11,2285.HK,,1000000.0,1.38,+3.35,,+0.650,HKD,泉峰控股,B,,3.35,20.050,0.2,2285.HK,家用电器,0.09848761070827133
02286,辰興發展,N,地產建築,地產,地產發展商,176999996.755,2024-04-26T16:02:09,地产建筑,地产,地产发展商,辰兴发展,02286.HK,1.8,ODSH,2286,176.99,0.295,,2286.HK,,,,0.00,,0.000,HKD,辰興發展,M,,0.0,0.295,0.0,2286.HK,内地房地产,0.0
02288,宏基資本,N,地產建築,地產,地產發展商,47681769.0,2024-04-26T16:02:09,地产建筑,地产,地产发展商,宏基资本,02288.HK,0.5,ODSH,2288,47.68,0.127,254.0,2288.HK,,,,0.00,,0.000,HKD,宏基資本,M,,0.0,0.127,0.0,2288.HK,"物业投资,香港房地产",0.0
02289,創美藥業,N,醫療保健,藥品及生物科技,西藥分銷,1512000000.0,2024-04-26T16:02:10,医疗保健,药品及生物科技,西药分销,创美药业,02289.HK,15.1,ODSH,2289,1.50,13.940,1.85,2289.HK,,1000000.0,2.30,-0.29,27.41,-0.040,HKD,創美藥業,B,,-0.29,13.940,0.0,2289.HK,生物医药,0.0
02291,心泰醫療,N,醫療保健,醫療保健設備及服務,醫健設備,7871224931.9,2024-04-26T16:02:09,医疗保健,医疗保健设备及服务,医健设备,心泰医疗,02291.HK,78.7,ODSH,2291,7.80,22.500,2.13,2291.HK,,1000000.0,2.71,+2.27,48.13,+0.500,HKD,心泰醫療,B,,2.27,22.500,0.0,2291.HK,,0.0
02292,晉安實業,N,地產建築,地產,地產投資,540000000.0,2024-04-26T16:02:10,地产建筑,地产,地产投资,晋安实业,02292.HK,5.4,ODSH,2292,540.00,0.750,,2292.HK,,,,0.00,,0.000,HKD,晉安實業,M,,0.0,0.750,0.0,2292.HK,,0.0
02293,百本醫護,N,醫療保健,醫療保健設備及服務,醫療及醫學美容服務,249525200.0,2024-04-26T16:02:09,医疗保健,医疗保健设备及服务,医疗及医学美容服务,百本医护,02293.HK,2.5,ODSH,2293,249.52,0.620,,2293.HK,,,14.11,0.00,5.29,0.000,HKD,百本醫護,M,,0.0,0.620,0.0,2293.HK,,0.0
02295,豐城控股,N,地產建築,建築,重型基建,840000000.0,2024-04-26T16:02:11,地产建筑,建筑,重型基建,丰城控股,02295.HK,8.4,ODSH,2295,840.00,2.100,,2295.HK,,,9.52,0.00,60.17,0.000,HKD,豐城控股,M,,0.0,2.100,0.0,2295.HK,基础建设,0.0
02297,潤邁德-B,N,醫療保健,醫療保健設備及服務,醫健設備,174002051.0,2024-04-26T16:02:11,医疗保健,医疗保健设备及服务,医健设备,润迈德-B,02297.HK,1.7,ODSH,2297,178.67,0.153,28.66,2297.HK,,1000.0,,-7.27,,-0.012,HKD,潤邁德－Ｂ,M,,-7.27,0.153,0.0,2297.HK,生物医药B类,0.0
02298,都市麗人,N,非必需性消費,紡織及服飾,服裝,499379501.286,2024-04-26T16:02:10,非必需性消费,纺织及服饰,服装,都市丽人,02298.HK,5.0,ODSH,2298,499.37,0.222,100.85,2298.HK,,1000.0,,-2.20,10.67,-0.005,HKD,都市麗人,M,,-2.2,0.222,0.0,2298.HK,品牌服饰,0.0
02299,百宏實業,N,非必需性消費,紡織及服飾,紡織品及布料,9321188800.0,2024-04-26T16:02:09,非必需性消费,纺织及服饰,纺织品及布料,百宏实业,02299.HK,93.2,ODSH,2299,9.32,4.400,,2299.HK,,,,0.00,24.57,0.000,HKD,百宏實業,B,,0.0,4.400,0.0,2299.HK,,0.0
02302,中核國際,N,原材料,一般金屬及礦石,其他金屬及礦石,934311468.28,2024-04-26T16:02:09,原材料,一般金属及矿石,其他金属及矿石,中核国际,02302.HK,9.3,ODSH,2302,934.31,1.910,209.37,2302.HK,,1000.0,,-3.54,8.79,-0.070,HKD,中核國際,M,,-3.54,1.910,0.0,2302.HK,"核电核能,涉矿",0.0
02306,樂華娛樂,N,非必需性消費,媒體及娛樂,影視娛樂,523128600.0,2024-04-26T16:02:10,非必需性消费,媒体及娱乐,影视娱乐,乐华娱乐,02306.HK,5.2,ODSH,2306,523.12,0.600,739.53,2306.HK,,1000.0,,+7.14,,+0.040,HKD,樂華娛樂,M,,7.14,0.600,0.0,2306.HK,,0.0
02307,錦興國際控股,N,非必需性消費,紡織及服飾,紡織品及布料,152235825.0,2024-04-26T16:02:09,非必需性消费,纺织及服饰,纺织品及布料,锦兴国际控股,02307.HK,1.5,ODSH,2307,152.23,0.175,,2307.HK,,,,0.00,,0.000,HKD,錦興國際控股,M,,0.0,0.175,0.0,2307.HK,,0.0
02309,大象未來集團,N,非必需性消費,旅遊及休閒設施,休閒及文娛設施,2576213444.04,2024-04-26T16:02:09,非必需性消费,旅游及休闲设施,休闲及文娱设施,大象未来集团,02309.HK,25.8,ODSH,2309,2.57,3.160,6.81,2309.HK,,1000000.0,,-4.24,,-0.140,HKD,大象未來集團,B,,-4.24,3.160,0.1,2309.HK,体育,0.09079547125180987
02310,時代環球集團,N,地產建築,地產,物業管理及服務,28414807.07,2024-04-26T16:02:09,地产建筑,地产,物业管理及服务,时代环球集团,02310.HK,0.3,ODSH,2310,28.41,0.026,23.33,2310.HK,,1000.0,,-13.33,,-0.004,HKD,時代環球集團,M,,-13.33,0.026,0.0,2310.HK,"物业管理,电子信息",0.0
02312,中國金融租賃,N,金融,其他金融,資產管理,31914568.344,2024-04-26T16:02:09,金融,其他金融,资产管理,中国金融租赁,02312.HK,0.3,ODSH,2312,32.60,0.094,1.11,2312.HK,,1000.0,,-6.93,,-0.007,HKD,中國金融租賃,M,,-6.93,0.094,0.0,2312.HK,节能环保,0.0
02313,申洲國際,N,非必需性消費,紡織及服飾,服裝,116274252407.95,2024-04-26T16:02:09,非必需性消费,纺织及服饰,服装,申洲国际,02313.HK,1162.7,ODSH,2313,116.27,77.350,410.61,2313.HK,,1000000.0,2.62,+1.91,23.80,+1.450,HKD,申洲國際,B,,1.91,77.350,4.1,2313.HK,品牌服饰,0.6137410669180255
02314,理文造紙,N,原材料,其他原材料,紙品相關,9965144720.0,2024-04-26T16:02:10,原材料,其他原材料,纸品相关,理文造纸,02314.HK,99.7,ODSH,2314,9.96,2.320,7.84,2314.HK,,1000000.0,3.71,+0.87,9.51,+0.020,HKD,理文造紙,B,,0.87,2.320,0.1,2314.HK,"MSCI,人民币升值,纸业股",0.006155168323464921
02315,百奧賽圖-B,N,醫療保健,藥品及生物科技,生物技術,919489936.0,2024-04-26T16:02:10,医疗保健,药品及生物科技,生物技术,百奥赛图-B,02315.HK,9.2,ODSH,2315,919.48,8.300,1.2,2315.HK,,1000000.0,,+7.37,,+0.570,HKD,百奧賽圖－Ｂ,M,,7.37,8.300,0.0,2315.HK,生物医药B类,0.0
02317,味丹國際,N,必需性消費,食品飲料,食品添加劑,807053260.0,2024-04-26T16:02:09,必需性消费,食品饮料,食品添加剂,味丹国际,02317.HK,8.1,ODSH,2317,807.05,0.530,,2317.HK,,,6.75,0.00,14.80,0.000,HKD,味丹國際,M,,0.0,0.530,0.0,2317.HK,"台资企业,食品添加剂",0.0
02318,中國平安,N,金融,保險,保險,265878495758.4,2024-04-26T16:02:09,金融,保险,保险,中国平安,02318.HK,2658.8,ODSH,2318,266.62,35.800,2.0,2318.HK,,1000000000.0,7.33,+1.56,6.89,+0.550,HKD,中國平安,B,,1.56,35.800,20.0,2318.HK,"互联网医疗,保险,内险股,国企改革,新经济,知名公司,金融科技,阿里巴巴",1.9869854668806513
02319,蒙牛乳業,N,必需性消費,食品飲料,乳製品,63279503609.04,2024-04-26T16:02:10,必需性消费,食品饮料,乳制品,蒙牛乳业,02319.HK,632.8,ODSH,2319,63.20,16.060,271.59,2319.HK,,1000000.0,3.26,+1.65,12.28,+0.260,HKD,蒙牛乳業,B,,1.65,16.060,2.7,2319.HK,"三胎,乳业,知名公司",0.34901382133866543
02320,合豐集團,N,原材料,其他原材料,紙品相關,53146860.0,2024-04-26T16:02:10,原材料,其他原材料,纸品相关,合丰集团,02320.HK,0.5,ODSH,2320,53.14,0.065,1.3,2320.HK,,1000.0,,+1.56,,+0.001,HKD,合豐集團,M,,1.56,0.065,0.0,2320.HK,,0.0
02321,雙財莊,N,必需性消費,食品飲料,包裝食品,370055500.0,2024-04-26T16:02:11,必需性消费,食品饮料,包装食品,双财庄,02321.HK,3.7,ODSH,2321,370.05,0.370,,2321.HK,,,6.22,0.00,8.37,0.000,HKD,雙財莊,M,,0.0,0.370,0.0,2321.HK,,0.0
02322,香港潮商集團,N,原材料,其他原材料,特殊化工用品,2513566000.0,2024-04-26T16:02:10,原材料,其他原材料,特殊化工用品,香港潮商集团,02322.HK,25.1,ODSH,2322,2.51,0.610,24.4,2322.HK,,1000.0,,-4.69,,-0.030,HKD,香港潮商集團,B,,-4.69,0.610,0.0,2322.HK,物流,0.0
02323,融科控股,N,工業,工業工程,電子設備,55608000.0,2024-04-26T16:02:09,工业,工业工程,电子设备,融科控股,02323.HK,0.6,ODSH,2323,60.90,0.023,113.26,2323.HK,,1000.0,,+4.55,,+0.001,HKD,融科控股,M,,4.55,0.023,0.0,2323.HK,集成电路,0.0
02324,首都創投,N,金融,其他金融,資產管理,36971285.912,2024-04-26T16:02:11,金融,其他金融,资产管理,首都创投,02324.HK,0.4,ODSH,2324,36.97,0.088,,2324.HK,,,,0.00,,0.000,HKD,首都創投,M,,0.0,0.088,0.0,2324.HK,"创投,财产管理",0.0
02325,雲康集團,N,醫療保健,藥品及生物科技,生物技術,6895880550.0,2024-04-26T16:02:09,医疗保健,药品及生物科技,生物技术,云康集团,02325.HK,69.0,ODSH,2325,6.90,11.120,649.06,2325.HK,,1000.0,0.18,+0.36,,+0.040,HKD,雲康集團,B,,0.36,11.120,0.0,2325.HK,数字经济,0.0
02326,新源萬恒控股,N,原材料,一般金屬及礦石,其他金屬及礦石,210840721.4,2024-04-26T16:02:10,原材料,一般金属及矿石,其他金属及矿石,新源万恒控股,02326.HK,2.1,ODSH,2326,210.84,0.010,8.52,2326.HK,,1000.0,,0.00,100.00,0.000,HKD,新源萬恒控股,M,,0.0,0.010,0.0,2326.HK,电子信息,0.0
02327,美瑞健康國際,N,綜合企業,綜合企業,綜合企業,597688468.856,2024-04-26T16:02:09,综合企业,综合企业,综合企业,美瑞健康国际,02327.HK,6.0,ODSH,2327,597.68,0.146,269.29,2327.HK,,1000.0,2.74,+2.82,14.60,+0.004,HKD,美瑞健康國際,M,,2.82,0.146,0.0,2327.HK,生物医药,0.0
02328,中國財險,N,金融,保險,保險,69544881836.64,2024-04-26T16:02:10,金融,保险,保险,中国财险,02328.HK,695.4,ODSH,2328,69.68,10.100,329.5,2328.HK,,1000000.0,5.19,0.00,8.52,0.000,HKD,中國財險,B,,0.0,10.100,3.3,2328.HK,"保险,内险股,国企改革",0.0
02329,國瑞健康,N,地產建築,地產,地產發展商,137776957.566,2024-04-26T16:02:09,地产建筑,地产,地产发展商,国瑞健康,02329.HK,1.4,ODSH,2329,137.77,0.031,7.56,2329.HK,,1000.0,,0.00,,0.000,HKD,國瑞健康,M,,0.0,0.031,0.0,2329.HK,物业投资,0.0
02330,中國上城,N,地產建築,地產,地產發展商,76339263.0,2024-04-26T16:02:11,地产建筑,地产,地产发展商,中国上城,02330.HK,0.8,ODSH,2330,76.33,0.250,27.98,2330.HK,,1000.0,,-16.67,,-0.050,HKD,中國上城,M,,-16.67,0.250,0.0,2330.HK,"电子信息,香港房地产",0.0
02331,李寧,N,非必需性消費,紡織及服飾,服裝,54661762701.9,2024-04-26T16:02:10,非必需性消费,纺织及服饰,服装,李宁,02331.HK,546.6,ODSH,2331,54.79,21.200,666.31,2331.HK,,1000000.0,2.80,+6.53,16.03,+1.300,HKD,李寧,B,,6.53,21.200,6.7,2331.HK,"体育,体育用品股,双十一,知名公司",6.510266256768519
02333,長城汽車,N,非必需性消費,汽車,汽車,26944177120.0,2024-04-26T16:02:09,非必需性消费,汽车,汽车,长城汽车,02333.HK,269.4,ODSH,2333,26.89,11.600,441.85,2333.HK,,1000000.0,2.77,-1.86,13.22,-0.220,HKD,長城汽車,B,,-1.86,11.600,4.4,2333.HK,"宁德时代,新经济,新能源汽车,无人驾驶,汽车制造,汽车热管理",0.7723279613904016
02336,碩奧國際,N,原材料,一般金屬及礦石,銅,254227507.38,2024-04-26T16:02:10,原材料,一般金属及矿石,铜,硕奥国际,02336.HK,2.5,ODSH,2336,254.22,0.140,345.0,2336.HK,,,,0.00,,0.000,HKD,碩奧國際,M,,0.0,0.140,0.0,2336.HK,"电子信息,芯片替代,铜",0.0
02337,眾誠能源,N,公用事業,公用事業,燃氣,1595378520.0,2024-04-26T16:02:10,公用事业,公用事业,燃气,众诚能源,02337.HK,16.0,ODSH,2337,1.59,4.260,1.87,2337.HK,,1000000.0,,-0.93,37.73,-0.040,HKD,眾誠能源,B,,-0.93,4.260,0.0,2337.HK,,0.0
02338,濰柴動力,N,工業,工業工程,商用車及貨車,31943577600.0,2024-04-26T16:02:10,工业,工业工程,商用车及货车,潍柴动力,02338.HK,319.4,ODSH,2338,31.74,16.340,110.15,2338.HK,,1000000.0,3.43,-0.37,14.65,-0.060,HKD,濰柴動力,B,,-0.37,16.340,1.1,2338.HK,"国企改革,氢能源,汽车制造",0.012849313919447118
02339,京西國際,N,非必需性消費,汽車,汽車零件,125780255.892,2024-04-26T16:02:09,非必需性消费,汽车,汽车零件,京西国际,02339.HK,1.3,ODSH,2339,125.78,0.219,8.76,2339.HK,,1000.0,,0.00,,0.000,HKD,京西國際,M,,0.0,0.219,0.0,2339.HK,汽车制造,0.0
02340,昇柏控股,N,地產建築,地產,物業管理及服務,87094250.0,2024-04-26T16:02:09,地产建筑,地产,物业管理及服务,升柏控股,02340.HK,0.9,ODSH,2340,86.66,0.204,15.62,2340.HK,,1000.0,,-5.99,,-0.013,HKD,昇柏控股,M,,-5.99,0.204,0.0,2340.HK,"物业投资,物业管理",0.0
02341,中怡國際,S,原材料,其他原材料,特殊化工用品,1472611264.0,2024-04-26T16:02:10,原材料,其他原材料,特殊化工用品,中怡国际,02341.HK,14.7,ODSH,2341,1.47,1.900,,2341.HK,,,0.95,0.00,3.08,0.000,HKD,中怡國際,B,True,0.0,1.900,0.0,2341.HK,,0.0
02342,京信通信,N,資訊科技,資訊科技器材,電訊設備,1465848914.04,2024-04-26T16:02:09,科技,资讯科技器材,电讯设备,京信通信,02342.HK,14.7,ODSH,2342,1.46,0.530,2.38,2342.HK,,1000000.0,2.26,+6.00,220.83,+0.030,HKD,京信通信,B,,6.0,0.530,0.0,2342.HK,"5G,华为,电讯设备,移动互联网",0.0
02343,太平洋航運,N,工業,工業運輸,航運及港口,14212322251.2,2024-04-26T16:02:09,工业,工业运输,航运及港口,太平洋航运,02343.HK,142.1,ODSH,2343,14.31,2.720,56.64,2343.HK,,1000000.0,4.49,+1.87,16.61,+0.050,HKD,太平洋航運,B,,1.87,2.720,0.6,2343.HK,自由贸易港,0.11751624273462406
02347,友和集團,N,資訊科技,軟件服務,電商及互聯網服務,338518960.0,2024-04-26T16:02:11,科技,软件服务,电商及互联网服务,友和集团,02347.HK,3.4,ODSH,2347,333.54,0.670,152.04,2347.HK,,1000.0,3.58,+1.52,51.15,+0.010,HKD,友和集團,M,,1.52,0.670,0.0,2347.HK,,0.0
02348,東瑞製葯,N,醫療保健,藥品及生物科技,醫藥品,1755464490.0,2024-04-26T16:02:11,医疗保健,药品及生物科技,医药品,东瑞制药,02348.HK,17.6,ODSH,2348,1.75,1.170,46.8,2348.HK,,1000.0,6.84,0.00,5.01,0.000,HKD,東瑞製葯,B,,0.0,1.170,0.0,2348.HK,"医药股,生物医药,肝炎,辅助生殖",0.0
02349,中國城市基礎設施,N,地產建築,地產,地產投資,93848356.26,2024-04-26T16:02:09,地产建筑,地产,地产投资,中国城市基础设施,02349.HK,0.9,ODSH,2349,93.84,0.030,6.84,2349.HK,,1000.0,,-3.23,,-0.001,HKD,中國城市基礎設施,M,,-3.23,0.030,0.0,2349.HK,婴童,0.0
02350,數科集團,N,資訊科技,軟件服務,電商及互聯網服務,256250000.0,2024-04-26T16:02:10,科技,软件服务,电商及互联网服务,数科集团,02350.HK,2.6,ODSH,2350,256.25,0.410,512.05,2350.HK,,1000.0,,0.00,5.29,0.000,HKD,數科集團,M,,0.0,0.410,0.0,2350.HK,,0.0
02352,東原仁知服務,N,地產建築,地產,物業管理及服務,415343375.4,2024-04-26T16:02:11,地产建筑,地产,物业管理及服务,东原仁知服务,02352.HK,4.2,ODSH,2352,415.34,6.200,,2352.HK,,,0.52,0.00,20.39,0.000,HKD,東原仁知服務,M,,0.0,6.200,0.0,2352.HK,物业管理,0.0
02355,寶業集團,N,地產建築,建築,建築及服務,904474480.0,2024-04-26T16:02:09,地产建筑,建筑,建筑及服务,宝业集团,02355.HK,9.0,ODSH,2355,904.47,5.320,671.7,2355.HK,,1000.0,,0.00,2.94,0.000,HKD,寶業集團,M,,0.0,5.320,0.0,2355.HK,,0.0
02356,大新銀行集團,N,金融,銀行,銀行,8954641080.84,2024-04-26T16:02:09,金融,银行,银行,大新银行集团,02356.HK,89.5,ODSH,2356,8.96,6.380,2.63,2356.HK,,1000000.0,9.40,+0.95,4.82,+0.060,HKD,大新銀行集團,B,,0.95,6.380,0.0,2356.HK,"香港,香港银行股",0.0
02357,中航科工,N,工業,工業工程,航空、航天及國防,21302573527.48,2024-04-26T16:02:09,工业,工业工程,航空、航天及国防,中航科工,02357.HK,213.0,ODSH,2357,21.36,3.440,34.15,2357.HK,,1000000.0,2.75,+2.08,10.29,+0.070,HKD,中航科工,B,,2.08,3.440,0.3,2357.HK,"军工股,国企改革",0.06472320277608684
02358,久融控股,S,非必需性消費,家庭電器及用品,消費電子產品,142272000.0,2024-04-26T16:02:09,非必需性消费,家庭电器及用品,消费电子产品,久融控股,02358.HK,1.4,ODSH,2358,142.27,0.026,,2358.HK,,,,0.00,,0.000,HKD,久融控股,M,True,0.0,0.026,0.0,2358.HK,"消费电子,电子信息",0.0
02359,藥明康德,N,醫療保健,藥品及生物科技,生物技術,13586372865.0,2024-04-26T16:02:10,医疗保健,药品及生物科技,生物技术,药明康德,02359.HK,135.9,ODSH,2359,13.60,35.150,306.49,2359.HK,,1000000.0,3.01,+4.15,8.99,+1.400,HKD,藥明康德,B,,4.15,35.150,3.1,2359.HK,"CXO,健康产业,医疗器械,医药股",1.9781071922248281
02360,優品360,N,必需性消費,消費零售,超市及便利店,1830000000.0,2024-04-26T16:02:11,必需性消费,消费零售,超市及便利店,优品360,02360.HK,18.3,ODSH,2360,1.83,1.830,91.58,2360.HK,,1000.0,10.20,-0.54,8.16,-0.010,HKD,優品３６０,B,,-0.54,1.830,0.0,2360.HK,,0.0
02361,中康控股,N,資訊科技,軟件服務,系統開發及顧問,2426004900.0,2024-04-26T16:02:10,科技,软件服务,系统开发及顾问,中康控股,02361.HK,24.3,ODSH,2361,2.42,5.370,21.46,2361.HK,,1000.0,1.35,+0.19,20.97,+0.010,HKD,中康控股,B,,0.19,5.370,0.0,2361.HK,SaaS,0.0
02362,金川國際,N,原材料,一般金屬及礦石,其他金屬及礦石,9876644820.29,2024-04-26T16:02:09,原材料,一般金属及矿石,其他金属及矿石,金川国际,02362.HK,98.8,ODSH,2362,9.87,0.790,27.9,2362.HK,,1000000.0,0.25,+2.60,,+0.020,HKD,金川國際,B,,2.6,0.790,0.3,2362.HK,"涉矿,金属镍",0.10270569578454426
02363,通達宏泰,N,資訊科技,資訊科技器材,電腦及周邊,112323240.15,2024-04-26T16:02:10,科技,资讯科技器材,电脑及周边,通达宏泰,02363.HK,1.1,ODSH,2363,112.32,0.550,141.0,2363.HK,,,,0.00,,0.000,HKD,通達宏泰,M,,0.0,0.550,0.0,2363.HK,,0.0
02367,巨子生物,N,醫療保健,藥品及生物科技,生物技術,47710250000.0,2024-04-26T16:02:10,医疗保健,药品及生物科技,生物技术,巨子生物,02367.HK,477.1,ODSH,2367,47.61,47.850,87.1,2367.HK,,1000000.0,1.99,+0.31,30.10,+0.150,HKD,巨子生物,B,,0.31,47.850,0.9,2367.HK,,0.00721635517609572
02368,鷹美,N,非必需性消費,紡織及服飾,服裝,2540888000.0,2024-04-26T16:02:09,非必需性消费,纺织及服饰,服装,鹰美,02368.HK,25.4,ODSH,2368,2.54,4.760,1.8,2368.HK,,1000000.0,9.24,+2.37,8.68,+0.110,HKD,鷹美,B,,2.37,4.760,0.0,2368.HK,"台资企业,品牌服饰",0.0
02369,酷派集團,S,資訊科技,資訊科技器材,電訊設備,982860477.3,2024-04-26T16:02:10,科技,资讯科技器材,电讯设备,酷派集团,02369.HK,9.8,ODSH,2369,982.86,0.060,,2369.HK,,,,0.00,,0.000,HKD,酷派集團,M,True,0.0,0.060,0.0,2369.HK,"人工智能,智能穿戴,电讯设备,移动互联网",0.0
02370,力高健康生活,S,地產建築,地產,物業管理及服務,336000000.0,2024-04-26T16:02:09,地产建筑,地产,物业管理及服务,力高健康生活,02370.HK,3.4,ODSH,2370,336.00,1.680,,2370.HK,,,,0.00,,0.000,HKD,力高健康生活,M,True,0.0,1.680,0.0,2370.HK,,0.0
02371,創聯控股,N,非必需性消費,支援服務,教育,114787579.826,2024-04-26T16:02:10,非必需性消费,支援服务,教育,创联控股,02371.HK,1.1,ODSH,2371,114.78,0.017,116.7,2371.HK,,1000.0,,+6.25,7.39,+0.001,HKD,創聯控股,M,,6.25,0.017,0.0,2371.HK,"互联网+,教育服务",0.0
02372,偉立控股,N,工業,工業支援,印刷及包裝,332000000.0,2024-04-26T16:02:11,工业,工业支援,印刷及包装,伟立控股,02372.HK,3.3,ODSH,2372,332.00,0.415,,2372.HK,,,,-1.19,,-0.005,HKD,偉立控股,M,,-1.19,0.415,0.0,2372.HK,,0.0
02373,美麗田園醫療健康,N,醫療保健,醫療保健設備及服務,醫療及醫學美容服務,3673694949.44,2024-04-26T16:02:10,医疗保健,医疗保健设备及服务,医疗及医学美容服务,美丽田园医疗健康,02373.HK,36.7,ODSH,2373,3.69,15.680,1.59,2373.HK,,1000000.0,3.00,+1.42,15.50,+0.220,HKD,美麗田園醫療健康,B,,1.42,15.680,0.0,2373.HK,,0.0
02376,魯商服務,N,地產建築,地產,物業管理及服務,55011000.0,2024-04-26T16:02:10,地产建筑,地产,物业管理及服务,鲁商服务,02376.HK,0.6,ODSH,2376,55.01,1.650,17.32,2376.HK,,1000.0,,0.00,5.12,0.000,HKD,魯商服務,M,,0.0,1.650,0.0,2376.HK,物业管理,0.0
02377,博奇環保,N,工業,工業工程,環保工程,704004559.3,2024-04-26T16:02:11,工业,工业工程,环保工程,博奇环保,02377.HK,7.0,ODSH,2377,704.00,0.700,11.2,2377.HK,,1000.0,5.00,+2.94,2.71,+0.020,HKD,博奇環保,M,,2.94,0.700,0.0,2377.HK,,0.0
02378,保誠,N,金融,保險,保險,196326451851.6,2024-04-26T16:02:09,金融,保险,保险,保诚,02378.HK,1963.3,ODSH,2378,196.46,71.450,15.76,2378.HK,,1000000.0,2.24,+0.14,14.77,+0.100,HKD,保誠,B,,0.14,71.450,0.2,2378.HK,"保险,外国公司,知名公司",0.0003054090127449152
02380,中國電力,N,公用事業,公用事業,傳統電力,39089677106.28,2024-04-26T16:02:09,公用事业,公用事业,传统电力,中国电力,02380.HK,390.9,ODSH,2380,39.21,3.170,74.35,2380.HK,,1000000.0,4.59,-0.31,13.42,-0.010,HKD,中國電力,B,,-0.31,3.170,0.7,2380.HK,"MSCI,充电桩股,国企改革,生物质能发电,绿色电力",0.005772795566535796
02381,蜆壳電業,N,非必需性消費,家庭電器及用品,家庭電器,160000000.0,2024-04-26T16:02:10,非必需性消费,家庭电器及用品,家庭电器,蚬壳电业,02381.HK,1.6,ODSH,2381,160.00,0.080,11.2,2381.HK,,1000.0,12.50,0.00,7.69,0.000,HKD,蜆壳電業,M,,0.0,0.080,0.0,2381.HK,家用电器,0.0
02382,舜宇光學科技,N,工業,工業工程,電子設備,41602582400.0,2024-04-26T16:02:10,工业,工业工程,电子设备,舜宇光学科技,02382.HK,416.0,ODSH,2382,41.60,38.000,983.11,2382.HK,,1000000.0,0.58,+7.04,35.13,+2.500,HKD,舜宇光學科技,B,,7.04,38.000,9.8,2382.HK,"CDR,人工智能,元宇宙,新经济,苹果,虚拟现实",10.958950206625932
02383,TOM集團,N,非必需性消費,媒體及娛樂,出版,1900085067.84,2024-04-26T16:02:09,非必需性消费,媒体及娱乐,出版,TOM集团,02383.HK,19.0,ODSH,2383,1.90,0.480,76.79,2383.HK,,1000.0,,+4.35,,+0.020,HKD,ＴＯＭ集團,B,,4.35,0.480,0.0,2383.HK,"文化传媒,长和系",0.0
02385,讀書郎,N,非必需性消費,支援服務,教育,2499200000.0,2024-04-26T16:02:10,非必需性消费,支援服务,教育,读书郎,02385.HK,25.0,ODSH,2385,2.49,7.090,1.94,2385.HK,,1000000.0,,-0.14,,-0.010,HKD,讀書郎,B,,-0.14,7.090,0.0,2385.HK,教育服务,0.0
02386,中石化煉化工程,N,能源,石油及天然氣,油氣設備與服務,7213177195.0,2024-04-26T16:02:10,能源,石油及天然气,油气设备与服务,中石化炼化工程,02386.HK,72.1,ODSH,2386,7.18,4.950,28.75,2386.HK,,1000000.0,7.48,-1.00,8.73,-0.050,HKD,中石化煉化工程,B,,-1.0,4.950,0.3,2386.HK,"MSCI,国企改革",0.0246206671005189
02388,中銀香港,N,金融,銀行,銀行,250574892304.2,2024-04-26T16:02:09,金融,银行,银行,中银香港,02388.HK,2505.7,ODSH,2388,251.10,23.750,218.69,2388.HK,,1000000.0,7.04,0.00,7.67,0.000,HKD,中銀香港,B,,0.0,23.750,2.2,2388.HK,"国企改革,香港银行股",0.0
02389,北京健康,N,醫療保健,醫療保健設備及服務,醫療及醫學美容服務,393820181.755,2024-04-26T16:02:09,医疗保健,医疗保健设备及服务,医疗及医学美容服务,北京健康,02389.HK,3.9,ODSH,2389,393.82,0.065,32.77,2389.HK,,1000.0,,0.00,,0.000,HKD,北京健康,M,,0.0,0.065,0.0,2389.HK,"健康产业,养老",0.0
02390,知乎-W,N,非必需性消費,媒體及娛樂,廣告及宣傳,2868345971.04,2024-04-26T16:02:10,非必需性消费,媒体及娱乐,广告及宣传,知乎-W,02390.HK,28.7,ODSH,2390,2.86,9.560,357.44,2390.HK,,1000.0,,+3.46,,+0.320,HKD,知乎－Ｗ,B,,3.46,9.560,0.0,2390.HK,"双重主要上市中概股,回港中概股,知名公司",0.0
02391,塗鴉智能－Ｗ,N,資訊科技,軟件服務,,7699540826.6,2024-04-26T16:02:09,科技,软件服务,软件开发,涂鸦智能－Ｗ,02391.HK,77.0,ODSH,2391,7.69,13.400,,2391.HK,,,,0.00,,0.000,HKD,塗鴉智能－Ｗ,B,,0.0,13.400,0.0,2391.HK,"双重主要上市中概股,回港中概股",0.0
02392,玄武雲,N,資訊科技,軟件服務,,397827555.0,2024-04-26T16:02:10,科技,软件服务,软件开发,玄武云,02392.HK,4.0,ODSH,2392,397.82,0.710,841.9,2392.HK,,1000.0,,0.00,,0.000,HKD,玄武雲,M,,0.0,0.710,0.0,2392.HK,SaaS,0.0
02393,巨星醫療控股,N,醫療保健,醫療保健設備及服務,醫健設備,102589960.0,2024-04-26T16:02:10,医疗保健,医疗保健设备及服务,医健设备,巨星医疗控股,02393.HK,1.0,ODSH,2393,102.58,0.044,39.12,2393.HK,,1000.0,,-2.22,,-0.001,HKD,巨星醫療控股,M,,-2.22,0.044,0.0,2393.HK,,0.0
02399,中國安儲能源,N,非必需性消費,紡織及服飾,服裝,947159205.0,2024-04-26T16:02:11,非必需性消费,纺织及服饰,服装,中国安储能源,02399.HK,9.5,ODSH,2399,947.15,0.345,897.71,2399.HK,,1000.0,,-1.43,,-0.005,HKD,中國安儲能源,M,,-1.43,0.345,0.0,2399.HK,品牌服饰,0.0
02400,心動公司,N,資訊科技,軟件服務,綫上遊戲,7410449645.94,2024-04-26T16:02:10,科技,软件服务,线上游戏,心动公司,02400.HK,74.1,ODSH,2400,7.40,15.400,69.41,2400.HK,,1000000.0,,+3.77,,+0.560,HKD,心動公司,B,,3.77,15.400,0.7,2400.HK,"互联网出海,元宇宙,手机游戏,抖音,网络游戏",0.4335374594090385
02402,億華通,N,工業,工業工程,新能源材料,823613234.5,2024-04-26T16:02:11,工业,工业工程,新能源材料,亿华通,02402.HK,8.2,ODSH,2402,827.45,32.300,4.68,2402.HK,,1000000.0,,+1.41,,+0.450,HKD,億華通,M,,1.41,32.300,0.0,2402.HK,,0.0
02405,力盟科技,N,非必需性消費,媒體及娛樂,廣告及宣傳,2168000000.0,2024-04-26T16:02:11,非必需性消费,媒体及娱乐,广告及宣传,力盟科技,02405.HK,21.7,ODSH,2405,2.16,2.710,197.16,2405.HK,,1000.0,,-3.21,36.23,-0.090,HKD,力盟科技,B,,-3.21,2.710,0.0,2405.HK,次新股,0.0
02407,高視醫療,N,醫療保健,醫療保健設備及服務,醫健設備,2817355825.76,2024-04-26T16:02:11,医疗保健,医疗保健设备及服务,医健设备,高视医疗,02407.HK,28.2,ODSH,2407,2.79,18.880,743.94,2407.HK,,1000.0,5.83,-1.67,15.06,-0.320,HKD,高視醫療,B,,-1.67,18.880,0.0,2407.HK,,0.0
02409,洲際船務,N,工業,工業運輸,航運及港口,1695000000.0,2024-04-26T16:02:09,工业,工业运输,航运及港口,洲际船务,02409.HK,17.0,ODSH,2409,1.69,3.390,20.12,2409.HK,,1000.0,7.82,0.00,9.60,0.000,HKD,洲際船務,B,,0.0,3.390,0.0,2409.HK,次新股,0.0
02411,百果園集團,N,必需性消費,食品飲料,包裝食品,3748894637.85,2024-04-26T16:02:10,必需性消费,食品饮料,包装食品,百果园集团,02411.HK,37.5,ODSH,2411,3.76,3.180,8.7,2411.HK,,1000000.0,1.45,+6.00,12.92,+0.180,HKD,百果園集團,B,,6.0,3.180,0.1,2411.HK,,0.13590988849019117
02415,梅斯健康,N,醫療保健,醫療保健設備及服務,醫療及醫學美容服務,1523999084.5,2024-04-26T16:02:10,医疗保健,医疗保健设备及服务,医疗及医学美容服务,梅斯健康,02415.HK,15.2,ODSH,2415,1.52,2.510,1.22,2415.HK,,1000000.0,,+1.21,22.10,+0.030,HKD,梅斯健康,B,,1.21,2.510,0.0,2415.HK,"互联网医疗,次新股",0.0
02416,易點雲,N,資訊科技,軟件服務,系統開發及顧問,1778577299.8,2024-04-26T16:02:11,科技,软件服务,系统开发及顾问,易点云,02416.HK,17.8,ODSH,2416,1.77,3.060,78.12,2416.HK,,1000000.0,,+8.13,,+0.230,HKD,易點雲,B,,8.13,3.060,0.8,2416.HK,次新股,1.943022653310709
02418,德銀天下,N,工業,工業支援,採購及供應鏈管理,728451000.0,2024-04-26T16:02:10,工业,工业支援,采购及供应链管理,德银天下,02418.HK,7.3,ODSH,2418,728.45,1.200,,2418.HK,,,3.63,0.00,16.69,0.000,HKD,德銀天下,M,,0.0,1.200,0.0,2418.HK,,0.0
02419,德康農牧,N,必需性消費,農產品,禽畜肉類,6428822087.0,2024-04-26T16:02:11,必需性消费,农产品,禽畜肉类,德康农牧,02419.HK,64.3,ODSH,2419,6.42,50.200,3.91,2419.HK,,1000000.0,,+4.58,,+2.200,HKD,德康農牧,B,,4.58,50.200,0.0,2419.HK,次新股,0.0
02420,子不語,N,非必需性消費,零售相關,服裝零售,1385000000.0,2024-04-26T16:02:09,非必需性消费,零售相关,服装零售,子不语,02420.HK,13.8,ODSH,2420,1.38,2.770,82.75,2420.HK,,1000.0,,-0.72,,-0.020,HKD,子不語,B,,-0.72,2.770,0.0,2420.HK,,0.0
02421,嘉創地產,N,地產建築,地產,地產發展商,353755360.0,2024-04-26T16:02:09,地产建筑,地产,地产发展商,嘉创地产,02421.HK,3.5,ODSH,2421,363.86,0.720,8.1,2421.HK,,1000.0,5.56,+2.86,1.87,+0.020,HKD,嘉創地產,M,,2.86,0.720,0.0,2421.HK,次新股,0.0
02422,潤歌互動,N,非必需性消費,媒體及娛樂,廣告及宣傳,585000000.0,2024-04-26T16:02:11,非必需性消费,媒体及娱乐,广告及宣传,润歌互动,02422.HK,5.8,ODSH,2422,592.50,0.395,193.02,2422.HK,,1000.0,,-1.25,35.27,-0.005,HKD,潤歌互動,M,,-1.25,0.395,0.0,2422.HK,,0.0
02423,貝殼－Ｗ,N,地產建築,地產,地產代理,139940552426.3,2024-04-26T16:02:10,地产建筑,地产,地产代理,贝壳－Ｗ,02423.HK,1399.4,ODSH,2423,139.75,37.500,44.09,2423.HK,,1000000.0,3.62,+4.46,,+1.600,HKD,貝殼－Ｗ,B,,4.46,37.500,0.4,2423.HK,"双重主要上市中概股,回港中概股,房地产服务,知名公司",0.20290443546721162
02425,澳亞集團,N,必需性消費,食品飲料,乳製品,805532578.8,2024-04-26T16:02:09,必需性消费,食品饮料,乳制品,澳亚集团,02425.HK,8.1,ODSH,2425,770.50,1.100,15.08,2425.HK,,1000.0,,-1.79,,-0.020,HKD,澳亞集團,M,,-1.79,1.100,0.0,2425.HK,,0.0
02427,GUANZE MEDICAL,N,醫療保健,醫療保健設備及服務,醫健設備,836000000.0,2024-04-26T16:02:10,医疗保健,医疗保健设备及服务,医健设备,GUANZE MEDICAL,02427.HK,8.4,ODSH,2427,836.00,0.880,140.2,2427.HK,,1000.0,2.39,0.00,28.39,0.000,HKD,GUANZE MEDICAL,M,,0.0,0.880,0.0,2427.HK,,0.0
02429,友寶在線,N,必需性消費,食品飲料,非酒精飲料,10720610223.56,2024-04-26T16:02:10,必需性消费,食品饮料,非酒精饮料,友宝在线,02429.HK,107.2,ODSH,2429,10.72,16.840,4.59,2429.HK,,1000000.0,,-2.21,,-0.380,HKD,友寶在線,B,,-2.21,16.840,0.0,2429.HK,次新股,0.0
02433,中天湖南集團,N,地產建築,建築,建築及服務,72000000.0,2024-04-26T16:02:09,地产建筑,建筑,建筑及服务,中天湖南集团,02433.HK,0.7,ODSH,2433,72.00,0.150,15.76,2433.HK,,1000.0,,0.00,1.40,0.000,HKD,中天湖南集團,M,,0.0,0.150,0.0,2433.HK,次新股,0.0
02436,凌雄科技,N,資訊科技,資訊科技器材,電腦及周邊,1766295000.0,2024-04-26T16:02:10,科技,资讯科技器材,电脑及周边,凌雄科技,02436.HK,17.7,ODSH,2436,1.76,5.000,3.01,2436.HK,,1000.0,,-3.85,,-0.200,HKD,凌雄科技,B,,-3.85,5.000,0.0,2436.HK,,0.0
02439,中寶新材,N,工業,工業支援,印刷及包裝,300000000.0,2024-04-26T16:02:10,工业,工业支援,印刷及包装,中宝新材,02439.HK,3.0,ODSH,2439,300.00,0.300,542.77,2439.HK,,1000.0,,+1.69,3.19,+0.005,HKD,中寶新材,M,,1.69,0.300,0.0,2439.HK,次新股,0.0
02440,濠暻科技,N,資訊科技,軟件服務,系統開發及顧問,243000000.0,2024-04-26T16:02:10,科技,软件服务,系统开发及顾问,濠暻科技,02440.HK,2.4,ODSH,2440,240.75,1.070,2.13,2440.HK,,1000.0,,-0.93,8.62,-0.010,HKD,濠暻科技,M,,-0.93,1.070,0.0,2440.HK,,0.0
02442,怡俊集團控股,N,地產建築,建築,建築及服務,726240000.0,2024-04-26T16:02:10,地产建筑,建筑,建筑及服务,怡俊集团控股,02442.HK,7.3,ODSH,2442,726.24,1.780,7.32,2442.HK,,1000.0,,0.00,13.02,0.000,HKD,怡俊集團控股,M,,0.0,1.780,0.0,2442.HK,次新股,0.0
02448,恆宇集團,N,地產建築,建築,建築及服務,45264960.0,2024-04-26T16:02:10,地产建筑,建筑,建筑及服务,恒宇集团,02448.HK,0.5,ODSH,2448,45.26,0.039,682.5,2448.HK,,,,0.00,,0.000,HKD,恆宇集團,M,,0.0,0.039,0.0,2448.HK,,0.0
02450,淮北綠金股份,N,地產建築,建築,建築材料,33000000.0,2024-04-26T16:02:11,地产建筑,建筑,建筑材料,淮北绿金股份,02450.HK,0.3,ODSH,2450,33.00,0.500,446.55,2450.HK,,1000.0,6.00,-9.09,3.25,-0.050,HKD,淮北綠金股份,M,,-9.09,0.500,0.0,2450.HK,,0.0
02451,綠源集團控股,N,非必需性消費,汽車,汽車,3110402430.0,2024-04-26T16:02:09,非必需性消费,汽车,汽车,绿源集团控股,02451.HK,31.1,ODSH,2451,3.11,7.290,2.79,2451.HK,,1000000.0,,+0.55,"1,584.78",+0.040,HKD,綠源集團控股,B,,0.55,7.290,0.0,2451.HK,次新股,0.0
02453,美中嘉和,N,醫療保健,醫療保健設備及服務,醫療及醫學美容服務,8616958288.8,2024-04-26T16:02:09,医疗保健,医疗保健设备及服务,医疗及医学美容服务,美中嘉和,02453.HK,86.2,ODSH,2453,8.96,36.350,8.85,2453.HK,,1000000.0,,+4.45,,+1.550,HKD,美中嘉和,B,,4.45,36.350,0.1,2453.HK,次新股,0.07623904821143403
02455,潤華服務,N,地產建築,地產,物業管理及服務,198000000.0,2024-04-26T16:02:10,地产建筑,地产,物业管理及服务,润华服务,02455.HK,2.0,ODSH,2455,198.00,0.660,1.3,2455.HK,,1000.0,,+1.54,4.33,+0.010,HKD,潤華服務,M,,1.54,0.660,0.0,2455.HK,,0.0
02457,步陽國際,N,非必需性消費,汽車,汽車零件,237000000.0,2024-04-26T16:02:10,非必需性消费,汽车,汽车零件,步阳国际,02457.HK,2.4,ODSH,2457,237.00,0.237,6.16,2457.HK,,1000.0,12.66,-4.82,5.36,-0.012,HKD,步陽國際,M,,-4.82,0.237,0.0,2457.HK,,0.0
02458,望塵科技控股,N,資訊科技,軟件服務,綫上遊戲,666540000.0,2024-04-26T16:02:10,科技,软件服务,线上游戏,望尘科技控股,02458.HK,6.7,ODSH,2458,666.54,4.830,579.48,2458.HK,,1000.0,4.17,+0.84,8.34,+0.040,HKD,望塵科技控股,M,,0.84,4.830,0.0,2458.HK,,0.0
02459,昇能集團,N,工業,工業工程,工業及設備,3454200000.0,2024-04-26T16:02:11,工业,工业工程,工业及设备,升能集团,02459.HK,34.5,ODSH,2459,3.45,3.420,323.9,2459.HK,,1000.0,,-1.44,,-0.050,HKD,昇能集團,B,,-1.44,3.420,0.0,2459.HK,,0.0
02469,粉筆,N,非必需性消費,支援服務,教育,9758456890.8,2024-04-26T16:02:10,非必需性消费,支援服务,教育,粉笔,02469.HK,97.6,ODSH,2469,9.75,4.260,36.1,2469.HK,,1000000.0,,+2.16,45.51,+0.090,HKD,粉筆,B,,2.16,4.260,0.4,2469.HK,,0.104024545860686
02473,喜相逢集團,N,非必需性消費,汽車,汽車,1459218750.0,2024-04-26T16:02:10,非必需性消费,汽车,汽车,喜相逢集团,02473.HK,14.6,ODSH,2473,1.43,2.780,365.82,2473.HK,,1000.0,,-0.36,8.58,-0.010,HKD,喜相逢集團,B,,-0.36,2.780,0.0,2473.HK,次新股,0.0
02477,經緯天地,N,電訊,電訊,衛星及無綫通訊,1625000000.0,2024-04-26T16:02:10,科技,电讯,卫星及无线通讯,经纬天地,02477.HK,16.2,ODSH,2477,1.60,3.200,18.0,2477.HK,,1000000.0,,-3.90,54.98,-0.130,HKD,經緯天地,B,,-3.9,3.200,0.2,2477.HK,次新股,0.17985337105736665
02480,綠竹生物-B,N,醫療保健,藥品及生物科技,生物技術,5729307605.6,2024-04-26T16:02:09,医疗保健,药品及生物科技,生物技术,绿竹生物-B,02480.HK,57.3,ODSH,2480,5.72,28.300,338.76,2480.HK,,1000.0,,+8.85,,+2.300,HKD,綠竹生物－Ｂ,B,,8.85,28.300,0.0,2480.HK,次新股,0.0
02481,慧居科技,N,公用事業,公用事業,潔能,204120000.0,2024-04-26T16:02:10,公用事业,公用事业,洁能,慧居科技,02481.HK,2.0,ODSH,2481,204.12,2.700,,2481.HK,,,5.96,0.00,4.42,0.000,HKD,慧居科技,M,,0.0,2.700,0.0,2481.HK,次新股,0.0
02482,維天運通,N,工業,工業運輸,公路,421945539.2,2024-04-26T16:02:10,工业,工业运输,公路,维天运通,02482.HK,4.2,ODSH,2482,421.94,0.800,,2482.HK,,,,0.00,,0.000,HKD,維天運通,M,,0.0,0.800,0.0,2482.HK,,0.0
02483,K CASH集團,N,金融,其他金融,信貸,860000000.0,2024-04-26T16:02:11,金融,其他金融,信贷,K CASH集团,02483.HK,8.6,ODSH,2483,895.00,1.790,565.4,2483.HK,,1000.0,1.12,+5.92,13.34,+0.100,HKD,Ｋ ＣＡＳＨ集團,M,,5.92,1.790,0.0,2483.HK,次新股,0.0
02486,普樂師集團控股,N,非必需性消費,媒體及娛樂,廣告及宣傳,335896968.0,2024-04-26T16:02:10,非必需性消费,媒体及娱乐,广告及宣传,普乐师集团控股,02486.HK,3.4,ODSH,2486,316.42,2.600,1.57,2486.HK,,1000000.0,1.54,-4.76,23.79,-0.130,HKD,普樂師集團控股,M,,-4.76,2.600,0.0,2486.HK,次新股,0.0
02487,科笛－Ｂ,N,醫療保健,藥品及生物科技,生物技術,2184975941.25,2024-04-26T16:02:09,医疗保健,药品及生物科技,生物技术,科笛－Ｂ,02487.HK,21.8,ODSH,2487,2.17,7.130,5.35,2487.HK,,1000000.0,,+4.85,,+0.330,HKD,科笛－Ｂ,B,,4.85,7.130,0.1,2487.HK,次新股,0.11400597625494428
02488,元征科技,N,非必需性消費,汽車,汽車零件,450994118.0,2024-04-26T16:02:10,非必需性消费,汽车,汽车零件,元征科技,02488.HK,4.5,ODSH,2488,450.99,2.780,432.61,2488.HK,,1000.0,22.87,+1.46,6.61,+0.040,HKD,元征科技,M,,1.46,2.780,0.0,2488.HK,现代服务业,0.0
02489,集海資源,N,原材料,黃金及貴金屬,黃金及貴金屬,1620000000.0,2024-04-26T16:02:11,原材料,黄金及贵金属,黄金及贵金属,集海资源,02489.HK,16.2,ODSH,2489,1.64,0.820,201.05,2489.HK,,1000.0,,+1.23,17.83,+0.010,HKD,集海資源,B,,1.23,0.820,0.0,2489.HK,次新股,0.0
02490,樂艙物流,N,工業,工業運輸,航運及港口,3761576709.84,2024-04-26T16:02:10,工业,工业运输,航运及港口,乐舱物流,02490.HK,37.6,ODSH,2490,3.77,13.180,2.57,2490.HK,,1000000.0,,+6.98,27.26,+0.860,HKD,樂艙物流,B,,6.98,13.180,0.0,2490.HK,次新股,0.0
02496,友芝友生物－B,N,醫療保健,藥品及生物科技,生物技術,830442664.3,2024-04-26T16:02:10,医疗保健,药品及生物科技,生物技术,友芝友生物－B,02496.HK,8.3,ODSH,2496,830.44,7.450,,2496.HK,,,,0.00,,0.000,HKD,友芝友生物－Ｂ,M,,0.0,7.450,0.0,2496.HK,次新股,0.0
02497,富景中國控股,N,必需性消費,農產品,農產品相關,545000000.0,2024-04-26T16:02:10,必需性消费,农产品,农产品相关,富景中国控股,02497.HK,5.4,ODSH,2497,555.00,1.110,19.7,2497.HK,,1000000.0,,+2.78,,+0.030,HKD,富景中國控股,M,,2.78,1.110,0.2,,,0.14826854186611774
02498,速騰聚創,N,資訊科技,軟件服務,系統開發及顧問,17586637497.0,2024-04-26T16:02:09,科技,软件服务,系统开发及顾问,速腾聚创,02498.HK,175.9,ODSH,2498,17.58,39.000,242.75,2498.HK,,1000.0,,-1.39,,-0.550,HKD,速騰聚創,B,,-1.39,39.000,0.0,2498.HK,次新股,0.0
02499,佛朗斯股份,N,工業,工業工程,工業及設備,2995623672.0,2024-04-26T16:02:10,工业,工业工程,工业及设备,佛朗斯股份,02499.HK,30.0,ODSH,2499,2.98,14.460,49.2,2499.HK,,1000.0,,+0.14,145.77,+0.020,HKD,佛朗斯股份,B,,0.14,14.460,0.0,2499.HK,次新股,0.0
02500,啓明醫療-B,S,醫療保健,醫療保健設備及服務,醫健設備,2478477520.7,2024-04-26T16:02:10,医疗保健,医疗保健设备及服务,医健设备,启明医疗-B,02500.HK,24.8,ODSH,2500,2.47,5.620,,2500.HK,,,,0.00,,0.000,HKD,啟明醫療－Ｂ,B,True,0.0,5.620,0.0,2500.HK,生物医药B类,0.0
02501,邁越科技,N,資訊科技,軟件服務,系統開發及顧問,480000000.0,2024-04-26T16:02:10,科技,软件服务,系统开发及顾问,迈越科技,02501.HK,4.8,ODSH,2501,500.00,1.000,271.78,2501.HK,,1000.0,,0.00,16.45,0.000,HKD,邁越科技,M,,0.0,1.000,0.0,2501.HK,次新股,0.0
02502,金源氫化,N,原材料,其他原材料,特殊化工用品,186349800.0,2024-04-26T16:02:10,原材料,其他原材料,特殊化工用品,金源氢化,02502.HK,1.9,ODSH,2502,186.34,0.780,154.72,2502.HK,,1000.0,2.74,-2.50,8.11,-0.020,HKD,金源氫化,M,,-2.5,0.780,0.0,2502.HK,次新股,0.0
02503,中深建業,N,地產建築,建築,建築及服務,499356000.0,2024-04-26T16:02:10,地产建筑,建筑,建筑及服务,中深建业,02503.HK,5.0,ODSH,2503,499.35,0.970,3.35,2503.HK,,1000000.0,,-1.02,10.99,-0.010,HKD,中深建業,M,,-1.02,0.970,0.0,2503.HK,次新股,0.0
02509,荃信生物-B,N,醫療保健,藥品及生物科技,生物技術,5088017620.0,2024-04-26T16:02:09,医疗保健,药品及生物科技,生物技术,荃信生物-B,02509.HK,50.9,ODSH,2509,5.08,24.850,2.77,2509.HK,,1000000.0,,-0.60,,-0.150,HKD,荃信生物－Ｂ,B,,-0.6,24.850,0.0,,,0.0
02511,君聖泰醫藥-B,N,醫療保健,藥品及生物科技,醫藥品,2630478113.48,2024-04-26T16:02:11,医疗保健,药品及生物科技,医药品,君圣泰医药-B,02511.HK,26.3,ODSH,2511,2.61,5.080,1.64,2511.HK,,1000000.0,,+1.60,,+0.080,HKD,君聖泰醫藥－Ｂ,B,,1.6,5.080,0.0,2511.HK,次新股,0.0
02515,天津建發,N,地產建築,建築,重型基建,84701500.0,2024-04-26T16:02:11,地产建筑,建筑,重型基建,天津建发,02515.HK,0.8,ODSH,2515,84.16,1.560,8.2,2515.HK,,1000000.0,,-4.88,,-0.080,HKD,天津建發,M,,-4.88,1.560,0.1,2515.HK,,0.2988769209958042
02516,泛遠國際,N,工業,工業運輸,航空貨運及物流,343200000.0,2024-04-26T16:02:09,工业,工业运输,航空货运及物流,泛远国际,02516.HK,3.4,ODSH,2516,343.20,0.440,80.28,2516.HK,,1000.0,,-2.22,9.50,-0.010,HKD,泛遠國際,M,,-2.22,0.440,0.0,2516.HK,次新股,0.0
02517,鍋圈,N,必需性消費,食品飲料,包裝食品,9116156473.32,2024-04-26T16:02:10,必需性消费,食品饮料,包装食品,锅圈,02517.HK,91.2,ODSH,2517,9.09,5.060,2.06,2517.HK,,1000000.0,1.10,+2.22,52.93,+0.110,HKD,鍋圈,B,,2.22,5.060,0.0,2517.HK,次新股,0.0
02518,汽車之家-S,N,資訊科技,軟件服務,電商及互聯網服務,25087339300.0,2024-04-26T16:02:11,科技,软件服务,电商及互联网服务,汽车之家-S,02518.HK,250.9,ODSH,2518,25.11,49.300,49.2,2518.HK,,1000.0,4.54,+0.20,12.10,+0.100,HKD,汽車之家—Ｓ,B,,0.2,49.300,0.0,2518.HK,"回港中概股,知名公司",0.0
02520,山西安裝,N,地產建築,建築,重型基建,765646300.0,2024-04-26T16:02:10,地产建筑,建筑,重型基建,山西安装,02520.HK,7.7,ODSH,2520,765.64,2.050,8.2,2520.HK,,1000.0,0.14,+1.99,12.86,+0.040,HKD,山西安裝,M,,1.99,2.050,0.0,2520.HK,次新股,0.0
02521,升輝清潔,N,非必需性消費,支援服務,其他支援服務,385125000.0,2024-04-26T16:02:11,非必需性消费,支援服务,其他支援服务,升辉清洁,02521.HK,3.9,ODSH,2521,385.12,0.237,85.18,2521.HK,,1000.0,,+0.42,10.17,+0.001,HKD,升輝清潔,M,,0.42,0.237,0.0,2521.HK,次新股,0.0
02528,尚晉國際控股,N,非必需性消費,零售相關,服裝零售,102000000.0,2024-04-26T16:02:11,非必需性消费,零售相关,服装零售,尚晋国际控股,02528.HK,1.0,ODSH,2528,102.00,0.255,13.95,2528.HK,,1000.0,,-10.53,,-0.030,HKD,尚晉國際控股,M,,-10.53,0.255,0.0,2528.HK,,0.0
02535,泓基集團,N,地產建築,建築,建築及服務,1220000000.0,2024-04-26T16:02:10,地产建筑,建筑,建筑及服务,泓基集团,02535.HK,12.2,ODSH,2535,1.20,0.600,90.7,2535.HK,,1000.0,,+1.69,35.71,+0.010,HKD,泓基集團,B,,1.69,0.600,0.0,2535.HK,次新股,0.0
02536,百樂皇宮,N,非必需性消費,旅遊及休閒設施,賭場及博彩,4242684440.0,2024-04-26T16:02:11,非必需性消费,旅游及休闲设施,赌场及博彩,百乐皇宫,02536.HK,42.4,ODSH,2536,4.20,5.210,32.89,2536.HK,,1000000.0,,-1.33,,-0.070,HKD,百樂皇宮,B,,-1.33,5.210,0.3,,,0.04320636686869008
02540,樂思集團,N,非必需性消費,媒體及娛樂,廣告及宣傳,1635000000.0,2024-04-26T16:02:10,非必需性消费,媒体及娱乐,广告及宣传,乐思集团,02540.HK,16.4,ODSH,2540,1.65,3.300,9.22,2540.HK,,1000000.0,,-5.98,17.74,-0.210,HKD,樂思集團,B,,-5.98,3.300,0.1,2540.HK,次新股,0.1631474268480908
02552,華領醫藥-B,N,醫療保健,藥品及生物科技,生物技術,1731165568.04,2024-04-26T16:02:11,医疗保健,药品及生物科技,生物技术,华领医药-B,02552.HK,17.3,ODSH,2552,1.73,1.640,1.98,2552.HK,,1000000.0,,+3.14,,+0.050,HKD,華領醫藥－Ｂ,B,,3.14,1.640,0.0,2552.HK,"医药股,生物医药B类,肝炎",0.0
02555,茶百道,N,必需性消費,食品飲料,非酒精飲料,17436084150.0,2024-04-26T16:02:09,必需性消费,食品饮料,非酒精饮料,茶百道,02555.HK,174.4,ODSH,2555,17.61,11.920,10.33,2555.HK,,1000000.0,,-0.67,,-0.080,HKD,茶百道,B,,-0.67,11.920,0.1,,,0.0036144030498863437
02558,晉商銀行,N,金融,銀行,銀行,1290964500.0,2024-04-26T16:02:10,金融,银行,银行,晋商银行,02558.HK,12.9,ODSH,2558,1.29,1.330,2.63,2558.HK,,1000.0,8.05,-9.52,3.62,-0.140,HKD,晉商銀行,B,,-9.52,1.330,0.0,2558.HK,内银股,0.0
02588,中銀航空租賃,N,非必需性消費,旅遊及休閒設施,航空相關,43514447941.8,2024-04-26T16:02:09,非必需性消费,旅游及休闲设施,航空相关,中银航空租赁,02588.HK,435.1,ODSH,2588,43.68,62.950,14.63,2588.HK,,1000000.0,4.78,-1.72,7.34,-1.100,HKD,中銀航空租賃,B,,-1.72,62.950,0.1,2588.HK,MSCI,0.014512497762977588
02598,連連數字,N,資訊科技,軟件服務,電商及互聯網服務,4010846759.12,2024-04-26T16:02:10,科技,软件服务,电商及互联网服务,连连数字,02598.HK,40.1,ODSH,2598,3.99,9.550,2.4,2598.HK,,1000000.0,,-1.55,,-0.150,HKD,連連數字,B,,-1.55,9.550,0.0,,,0.0
02599,祥生控股集團,S,地產建築,地產,地產發展商,532595525.0,2024-04-26T16:02:09,地产建筑,地产,地产发展商,祥生控股集团,02599.HK,5.3,ODSH,2599,532.59,0.175,,2599.HK,,,,0.00,,0.000,HKD,祥生控股集團,M,True,0.0,0.175,0.0,2599.HK,内地房地产,0.0
02600,中國鋁業,N,原材料,一般金屬及礦石,鋁,20784700651.36,2024-04-26T16:02:09,原材料,一般金属及矿石,铝,中国铝业,02600.HK,207.8,ODSH,2600,20.82,5.280,260.92,2600.HK,,1000000.0,1.62,+0.96,12.61,+0.050,HKD,中國鋁業,B,,0.96,5.280,2.6,2600.HK,"国企改革,涉矿,稀土永磁,铁矿石,铝",0.1665628556051167
02601,中國太保,N,金融,保險,保險,47568642000.0,2024-04-26T16:02:10,金融,保险,保险,中国太保,02601.HK,475.7,ODSH,2601,47.79,17.220,264.46,2601.HK,,1000000.0,6.34,+3.86,5.68,+0.640,HKD,中國太保,B,,3.86,17.220,2.6,2601.HK,"保险,内险股,国企改革,蚂蚁集团",1.2360293161707623
02602,萬物雲,N,地產建築,地產,物業管理及服務,22608884391.06,2024-04-26T16:02:10,地产建筑,地产,物业管理及服务,万物云,02602.HK,226.1,ODSH,2602,22.65,19.180,24.4,2602.HK,,1000000.0,6.15,+4.35,10.77,+0.800,HKD,萬物雲,B,,4.35,19.180,0.2,2602.HK,物业管理,0.12566713519555503
02607,上海醫藥,N,醫療保健,藥品及生物科技,西藥分銷,10367140101.12,2024-04-26T16:02:09,医疗保健,药品及生物科技,西药分销,上海医药,02607.HK,103.7,ODSH,2607,10.38,11.300,28.6,2607.HK,,1000000.0,3.88,+0.71,10.38,+0.080,HKD,上海醫藥,B,,0.71,11.300,0.3,2607.HK,"健康产业,创新药,医疗器械,医药股,国企改革,幽门螺杆菌,新经济,熊去氧胆酸,生物医药",0.01305451430450488
02608,陽光100中國,N,地產建築,地產,地產發展商,53567041.017,2024-04-26T16:02:10,地产建筑,地产,地产发展商,阳光100中国,02608.HK,0.5,ODSH,2608,56.11,0.022,17.07,2608.HK,,1000.0,,0.00,,0.000,HKD,陽光１００中國,M,,0.0,0.022,0.0,2608.HK,内地房地产,0.0
02611,國泰君安,N,金融,其他金融,證券及經紀,11649593496.6,2024-04-26T16:02:09,金融,其他金融,证券及经纪,国泰君安,02611.HK,116.5,ODSH,2611,11.64,8.370,21.86,2611.HK,,1000000.0,5.11,+3.85,7.98,+0.310,HKD,國泰君安,B,,3.85,8.370,0.2,2611.HK,中资券商股,0.11773346005220812
02616,基石藥業-B,N,醫療保健,藥品及生物科技,生物技術,1142930178.68,2024-04-26T16:02:10,医疗保健,药品及生物科技,生物技术,基石药业-B,02616.HK,11.4,ODSH,2616,1.15,0.900,1.52,2616.HK,,1000000.0,,0.00,,0.000,HKD,基石藥業－Ｂ,B,,0.0,0.900,0.0,2616.HK,生物医药B类,0.0
02618,京東物流,N,工業,工業支援,採購及供應鏈管理,56196853244.28,2024-04-26T16:02:09,工业,工业支援,采购及供应链管理,京东物流,02618.HK,562.0,ODSH,2618,56.13,8.480,86.11,2618.HK,,1000000.0,,+2.91,79.10,+0.240,HKD,京東物流,B,,2.91,8.480,0.9,2618.HK,"京东,节假日",0.27791331631661637
02623,愛德新能源,N,原材料,一般金屬及礦石,鋼鐵,124351717.44,2024-04-26T16:02:10,原材料,一般金属及矿石,钢铁,爱德新能源,02623.HK,1.2,ODSH,2623,129.60,0.370,,2623.HK,,,,+4.23,2.11,+0.015,HKD,愛德新能源,M,,4.23,0.370,0.0,2623.HK,"涉矿,铁矿石",0.0
02628,中國人壽,N,金融,保險,保險,76495279000.0,2024-04-26T16:02:10,金融,保险,保险,中国人寿,02628.HK,765.0,ODSH,2628,76.64,10.300,530.71,2628.HK,,1000000.0,4.47,+1.78,5.89,+0.180,HKD,中國人壽,B,,1.78,10.300,5.3,2628.HK,"保险,内险股,国企改革,蚂蚁集团",0.7511092557448672
02633,雅各臣科研製藥,N,醫療保健,藥品及生物科技,醫藥品,1120123760.0,2024-04-26T16:02:09,医疗保健,药品及生物科技,医药品,雅各臣科研制药,02633.HK,11.2,ODSH,2633,1.12,0.560,67.18,2633.HK,,1000.0,8.71,-1.75,4.27,-0.010,HKD,雅各臣科研製藥,B,,-1.75,0.560,0.0,2633.HK,"幽门螺杆菌,熊去氧胆酸",0.0
02638,港燈-SS,N,公用事業,公用事業,傳統電力,41795226000.0,2024-04-26T16:02:10,公用事业,公用事业,传统电力,港灯-SS,02638.HK,418.0,UNIT,2638,41.70,4.720,10.47,2638.HK,,1000000.0,6.79,+0.43,13.21,+0.020,HKD,港燈—ＳＳ,B,,0.43,4.720,0.1,2638.HK,"长和系,香港",0.0014679711236188066
02660,禪遊科技,N,資訊科技,軟件服務,綫上遊戲,3504107785.8,2024-04-26T16:02:10,科技,软件服务,线上游戏,禅游科技,02660.HK,35.0,ODSH,2660,3.48,3.380,2.86,2660.HK,,1000000.0,6.80,+1.20,4.35,+0.040,HKD,禪遊科技,B,,1.2,3.380,0.0,2660.HK,手机游戏,0.0
02663,應力控股,N,地產建築,建築,建築及服務,181002250.0,2024-04-26T16:02:11,地产建筑,建筑,建筑及服务,应力控股,02663.HK,1.8,ODSH,2663,183.78,0.330,,2663.HK,,,9.09,0.00,5.25,0.000,HKD,應力控股,M,,0.0,0.330,0.0,2663.HK,,0.0
02666,環球醫療,N,金融,其他金融,信貸,8852405613.48,2024-04-26T16:02:09,金融,其他金融,信贷,环球医疗,02666.HK,88.5,ODSH,2666,8.83,4.670,32.21,2666.HK,,1000000.0,7.49,-0.21,4.08,-0.010,HKD,環球醫療,B,,-0.21,4.670,0.3,2666.HK,生物医药,0.0015343033573093853
02668,百德國際,N,工業,工業支援,採購及供應鏈管理,1638000000.0,2024-04-26T16:02:10,工业,工业支援,采购及供应链管理,百德国际,02668.HK,16.4,ODSH,2668,1.54,0.330,13.2,2668.HK,,1000000.0,,-24.14,,-0.105,HKD,百德國際,B,,-24.14,0.330,0.1,2668.HK,,1.0191756950005588
02669,中海物業,N,地產建築,地產,物業管理及服務,14988083697.6,2024-04-26T16:02:09,地产建筑,地产,物业管理及服务,中海物业,02669.HK,149.9,ODSH,2669,15.05,4.580,90.16,2669.HK,,1000000.0,3.06,+5.53,10.46,+0.240,HKD,中海物業,B,,5.53,4.580,0.9,2669.HK,"物业投资,物业管理",0.8448087653885487
02678,天虹國際集團,N,非必需性消費,紡織及服飾,紡織品及布料,3910680000.0,2024-04-26T16:02:10,非必需性消费,纺织及服饰,纺织品及布料,天虹国际集团,02678.HK,39.1,ODSH,2678,3.92,4.280,1.98,2678.HK,,1000000.0,,+3.88,,+0.160,HKD,天虹國際集團,B,,3.88,4.280,0.0,2678.HK,智能家居,0.0
02680,創陞控股,N,金融,其他金融,其他金融,80400000.0,2024-04-26T16:02:11,金融,其他金融,其他金融,创升控股,02680.HK,0.8,ODSH,2680,80.40,0.201,2.81,2680.HK,,1000.0,,-1.95,,-0.004,HKD,創陞控股,M,,-1.95,0.201,0.0,2680.HK,金融科技,0.0
02682,潤利海事,N,工業,工業運輸,航運及港口,197000000.0,2024-04-26T16:02:09,工业,工业运输,航运及港口,润利海事,02682.HK,2.0,ODSH,2682,197.00,0.197,,2682.HK,,,9.14,0.00,5.47,0.000,HKD,潤利海事,M,,0.0,0.197,0.0,2682.HK,,0.0
02683,華新手袋國際控股,N,非必需性消費,紡織及服飾,其他服飾配件,163450400.0,2024-04-26T16:02:10,非必需性消费,纺织及服饰,其他服饰配件,华新手袋国际控股,02683.HK,1.6,ODSH,2683,163.45,0.400,44.49,2683.HK,,1000.0,10.00,0.00,19.23,0.000,HKD,華新手袋國際控股,M,,0.0,0.400,0.0,2683.HK,,0.0
02688,新奧能源,N,公用事業,公用事業,燃氣,75508893281.25,2024-04-26T16:02:10,公用事业,公用事业,燃气,新奥能源,02688.HK,755.1,ODSH,2688,75.67,66.900,153.98,2688.HK,,1000000.0,4.41,+1.67,10.31,+1.100,HKD,新奧能源,B,,1.67,66.900,1.5,2688.HK,"天然气,绿色电力",0.19297987813456374
02689,玖龍紙業,N,原材料,其他原材料,紙品相關,15437406468.19,2024-04-26T16:02:09,原材料,其他原材料,纸品相关,玖龙纸业,02689.HK,154.4,ODSH,2689,15.43,3.290,11.01,2689.HK,,1000000.0,,+2.81,,+0.090,HKD,玖龍紙業,B,,2.81,3.290,0.1,2689.HK,"人民币升值,纸业股,高股息",0.03558033293092688
02696,復宏漢霖,N,醫療保健,藥品及生物科技,生物技術,2663885218.3,2024-04-26T16:02:11,医疗保健,药品及生物科技,生物技术,复宏汉霖,02696.HK,26.6,ODSH,2696,2.66,16.300,9.17,2696.HK,,1000000.0,,-0.24,15.10,-0.040,HKD,復宏漢霖,B,,-0.24,16.300,0.1,2696.HK,"生物医药B类,肝炎",0.00083349869028174
02699,新明中國,S,地產建築,地產,地產發展商,22543464.0,2024-04-26T16:02:09,地产建筑,地产,地产发展商,新明中国,02699.HK,0.2,ODSH,2699,22.54,0.012,,2699.HK,,,,0.00,,0.000,HKD,新明中國,M,True,0.0,0.012,0.0,2699.HK,物业投资,0.0
02700,格林國際控股,N,醫療保健,醫療保健設備及服務,醫療及醫學美容服務,191369460.97,2024-04-26T16:02:11,医疗保健,医疗保健设备及服务,医疗及医学美容服务,格林国际控股,02700.HK,1.9,ODSH,2700,191.36,0.290,5.8,2700.HK,,1000.0,,+5.45,,+0.015,HKD,格林國際控股,M,,5.45,0.290,0.0,2700.HK,婴童,0.0
02708,艾伯科技,N,資訊科技,軟件服務,系統開發及顧問,96351481.128,2024-04-26T16:02:10,科技,软件服务,系统开发及顾问,艾伯科技,02708.HK,1.0,ODSH,2708,136.02,0.048,7.56,2708.HK,,1000000.0,,+182.35,,+0.031,HKD,艾伯科技,M,,182.35,0.048,0.1,2708.HK,,26.896538121555135
02718,東正金融,S,金融,其他金融,信貸,620599110.0,2024-04-26T16:02:11,金融,其他金融,信贷,东正金融,02718.HK,6.2,ODSH,2718,620.59,1.150,,2718.HK,,,,0.00,40.93,0.000,HKD,東正金融,M,True,0.0,1.150,0.0,2718.HK,,0.0
02722,重慶機電,N,工業,工業工程,工業及設備,704119980.8,2024-04-26T16:02:09,工业,工业工程,工业及设备,重庆机电,02722.HK,7.0,ODSH,2722,704.11,0.640,460.24,2722.HK,,1000.0,3.36,0.00,7.45,0.000,HKD,重慶機電,M,,0.0,0.640,0.0,2722.HK,"国企改革,工业4.0",0.0
02727,上海電氣,N,工業,工業工程,環保工程,4971619400.0,2024-04-26T16:02:09,工业,工业工程,环保工程,上海电气,02727.HK,49.7,ODSH,2727,5.00,1.710,7.02,2727.HK,,1000000.0,,+1.18,87.24,+0.020,HKD,上海電氣,B,,1.18,1.710,0.1,2727.HK,"一带一路,充电桩股,国企改革,核电,核电核能,氢能源,生物质能发电,碳中和,节能环保,超超临界发电",0.011524565963459783
02728,金泰能源控股,N,能源,石油及天然氣,油氣生產商,93555438.648,2024-04-26T16:02:10,能源,石油及天然气,油气生产商,金泰能源控股,02728.HK,0.9,ODSH,2728,93.55,0.021,168.0,2728.HK,,,,+10.53,,+0.002,HKD,金泰能源控股,M,,10.53,0.021,0.0,2728.HK,天然气,0.0
02738,華津國際控股,N,原材料,一般金屬及礦石,鋼鐵,804000000.0,2024-04-26T16:02:09,原材料,一般金属及矿石,钢铁,华津国际控股,02738.HK,8.0,ODSH,2738,804.00,1.340,201.9,2738.HK,,1000.0,,+1.52,8.77,+0.020,HKD,華津國際控股,M,,1.52,1.340,0.0,2738.HK,铁矿石,0.0
02768,佳源國際控股,S,地產建築,地產,地產發展商,1184365086.599,2024-04-26T16:02:10,地产建筑,地产,地产发展商,佳源国际控股,02768.HK,11.8,ODSH,2768,1.18,0.173,,2768.HK,,,,0.00,0.35,0.000,HKD,佳源國際控股,B,True,0.0,0.173,0.0,2768.HK,"MSCI,香港房地产",0.0
02772,中梁控股,N,地產建築,地產,地產發展商,694867551.0,2024-04-26T16:02:10,地产建筑,地产,地产发展商,中梁控股,02772.HK,6.9,ODSH,2772,694.86,0.194,245.17,2772.HK,,1000.0,,+12.79,,+0.022,HKD,中梁控股,M,,12.79,0.194,0.0,2772.HK,,0.0
02777,富力地產,N,地產建築,地產,地產發展商,3302083262.72,2024-04-26T16:02:09,地产建筑,地产,地产发展商,富力地产,02777.HK,33.0,ODSH,2777,3.30,0.880,7.37,2777.HK,,1000000.0,,+6.02,,+0.050,HKD,富力地產,B,,6.02,0.880,0.1,2777.HK,"内地房地产,海南板块,知名公司,租售同权,自由贸易港",0.140282808740516
02779,中國新華教育,N,非必需性消費,支援服務,教育,1142093930.0,2024-04-26T16:02:10,非必需性消费,支援服务,教育,中国新华教育,02779.HK,11.4,ODSH,2779,1.12,0.700,732.57,2779.HK,,1000.0,9.03,+2.94,3.43,+0.020,HKD,中國新華教育,B,,2.94,0.700,0.0,2779.HK,教育服务,0.0
02789,遠大中國,N,地產建築,建築,建築及服務,273184296.0,2024-04-26T16:02:10,地产建筑,建筑,建筑及服务,远大中国,02789.HK,2.7,ODSH,2789,273.18,0.044,17.64,2789.HK,,1000.0,,+2.33,10.00,+0.001,HKD,遠大中國,M,,2.33,0.044,0.0,2789.HK,节能环保,0.0
02798,久泰邦達能源,N,能源,煤炭,煤炭,1664000000.0,2024-04-26T16:02:11,能源,煤炭,煤炭,久泰邦达能源,02798.HK,16.6,ODSH,2798,1.66,1.040,1.34,2798.HK,,1000000.0,4.81,0.00,3.07,0.000,HKD,久泰邦達能源,B,,0.0,1.040,0.0,2798.HK,"meitanhk,煤化工",0.0
02799,中信金融資產,N,金融,其他金融,資產管理,11846357528.8,2024-04-26T16:02:09,金融,其他金融,资产管理,中信金融资产,02799.HK,118.5,ODSH,2799,11.66,0.330,14.83,2799.HK,,1000000.0,,+3.13,14.04,+0.010,HKD,中信金融資產,B,,3.13,0.330,0.1,2799.HK,财产管理,0.04355130707261042
02858,易鑫集團,N,金融,其他金融,信貸,4305883237.92,2024-04-26T16:02:10,金融,其他金融,信贷,易鑫集团,02858.HK,43.1,ODSH,2858,4.24,0.650,8.3,2858.HK,,1000000.0,4.62,+1.56,7.00,+0.010,HKD,易鑫集團,B,,1.56,0.650,0.1,2858.HK,"京东,新经济,新经济,汽车零售,独角兽,腾讯,金融科技",0.018444075582286282
02863,高豐集團控股,N,地產建築,建築,建築及服務,196706295.0,2024-04-26T16:02:10,地产建筑,建筑,建筑及服务,高丰集团控股,02863.HK,2.0,ODSH,2863,196.70,0.295,73.77,2863.HK,,1000.0,,-9.23,,-0.030,HKD,高豐集團控股,M,,-9.23,0.295,0.0,2863.HK,,0.0
02866,中遠海發,N,工業,工業運輸,航運及港口,3014320000.0,2024-04-26T16:02:10,工业,工业运输,航运及港口,中远海发,02866.HK,30.1,ODSH,2866,3.01,0.820,7.98,2866.HK,,1000000.0,4.17,0.00,7.37,0.000,HKD,中遠海發,B,,0.0,0.820,0.1,2866.HK,"MSCI,一带一路,国企改革,自由贸易港",0.0
02869,綠城服務,N,地產建築,地產,物業管理及服務,10604457241.64,2024-04-26T16:02:09,地产建筑,地产,物业管理及服务,绿城服务,02869.HK,106.0,ODSH,2869,10.60,3.320,10.14,2869.HK,,1000000.0,4.52,+4.08,16.43,+0.130,HKD,綠城服務,B,,4.08,3.320,0.1,2869.HK,"物业管理,租售同权",0.06499316749240054
02877,神威藥業,N,醫療保健,藥品及生物科技,中醫藥,7897850000.0,2024-04-26T16:02:10,医疗保健,药品及生物科技,中医药,神威药业,02877.HK,79.0,ODSH,2877,7.89,9.550,7.77,2877.HK,,1000000.0,6.06,+2.14,6.96,+0.200,HKD,神威藥業,B,,2.14,9.550,0.1,2877.HK,"中医药,医药股,生物医药",0.02663967930647508
02878,晶門半導體,N,資訊科技,半導體,半導體供應,686304396.525,2024-04-26T16:02:09,科技,半导体,半导体供应,晶门半导体,02878.HK,6.9,ODSH,2878,698.78,0.280,648.59,2878.HK,,1000.0,,+5.66,4.61,+0.015,HKD,晶門半導體,M,,5.66,0.280,0.0,2878.HK,"军工股,电子信息,芯片替代",0.0
02880,遼港股份,N,工業,工業運輸,航運及港口,3146816759.39,2024-04-26T16:02:10,工业,工业运输,航运及港口,辽港股份,02880.HK,31.5,ODSH,2880,3.19,0.620,3.36,2880.HK,,1000000.0,3.29,+5.08,10.35,+0.030,HKD,遼港股份,B,,5.08,0.620,0.0,2880.HK,"一带一路,国企改革,物流,自由贸易港",0.0
02882,香港資源控股,N,非必需性消費,零售相關,其他零售,248097872.92,2024-04-26T16:02:10,非必需性消费,零售相关,其他零售,香港资源控股,02882.HK,2.5,ODSH,2882,248.09,0.920,119.05,2882.HK,,1000.0,,-6.12,,-0.060,HKD,香港資源控股,M,,-6.12,0.920,0.0,2882.HK,,0.0
02883,中海油田服務,N,能源,石油及天然氣,油氣設備與服務,16282004760.0,2024-04-26T16:02:09,能源,石油及天然气,油气设备与服务,中海油田服务,02883.HK,162.8,ODSH,2883,16.28,8.990,144.15,2883.HK,,1000000.0,2.50,+1.24,13.28,+0.110,HKD,中海油田服務,B,,1.24,8.990,1.4,2883.HK,"国企改革,天然气,石油股",0.14108478926821533
02885,彼岸控股,N,工業,工業工程,工業及設備,150000000.0,2024-04-26T16:02:11,工业,工业工程,工业及设备,彼岸控股,02885.HK,1.5,ODSH,2885,150.00,0.375,,2885.HK,,,7.20,0.00,,0.000,HKD,彼岸控股,M,,0.0,0.375,0.0,2885.HK,,0.0
02886,濱海投資,N,公用事業,公用事業,燃氣,1650651358.74,2024-04-26T16:02:10,公用事业,公用事业,燃气,滨海投资,02886.HK,16.5,ODSH,2886,1.66,1.230,3.62,2886.HK,,1000000.0,6.18,+3.36,6.48,+0.040,HKD,濱海投資,B,,3.36,1.230,0.0,2886.HK,天然气,0.0
02888,渣打集團,N,金融,銀行,銀行,175194733167.8,2024-04-26T16:02:09,金融,银行,银行,渣打集团,02888.HK,1751.9,ODSH,2888,174.26,67.100,34.72,2888.HK,,1000000.0,3.14,+0.45,7.93,+0.300,HKD,渣打集團,B,,0.45,67.100,0.3,2888.HK,"知名公司,香港,香港银行股",0.003965411855326854
02892,萬城控股,N,地產建築,地產,地產發展商,600000000.0,2024-04-26T16:02:10,地产建筑,地产,地产发展商,万城控股,02892.HK,6.0,ODSH,2892,600.00,0.800,,2892.HK,,,,0.00,,0.000,HKD,萬城控股,M,,0.0,0.800,0.0,2892.HK,香港房地产,0.0
02899,紫金礦業,N,原材料,黃金及貴金屬,黃金及貴金屬,100970144000.0,2024-04-26T16:02:10,原材料,黄金及贵金属,黄金及贵金属,紫金矿业,02899.HK,1009.7,ODSH,2899,100.85,17.580,776.93,2899.HK,,1000000.0,1.53,+3.05,20.36,+0.520,HKD,紫金礦業,B,,3.05,17.580,7.8,2899.HK,"国企改革,涉矿,碳中和,贸易战股,金属铅,金属锌",2.389207757743322
02933,火山邑動國際(舊),N,非必需性消費,家庭電器及用品,家具,40830480.0,2024-04-26T16:02:11,非必需性消费,家庭电器及用品,家具,火山邑动国际(旧),02933.HK,0.4,ODSH,2933,40.83,0.540,,2933.HK,,,,0.00,,0.000,HKD,火山邑動國際－舊,M,,0.0,0.540,0.0,,,0.0
02938,中國環境資源(舊),N,非必需性消費,汽車,汽車,92377368.783,2024-04-26T16:02:10,非必需性消费,汽车,汽车,中国环境资源(旧),02938.HK,0.9,ODSH,2938,92.37,0.189,,2938.HK,,,,0.00,,0.000,HKD,中國環境資源－舊,M,,0.0,0.189,0.0,,,0.0
02939,華潤啤酒(二千),N,必需性消費,食品飲料,酒精飲料,112897356294.0,2024-04-26T16:02:09,必需性消费,食品饮料,酒精饮料,华润啤酒(二千),02939.HK,1129.0,ODSH,2939,112.89,34.800,,2939.HK,,,2.90,+0.29,20.39,+0.100,HKD,華潤啤酒－二千,B,,0.29,34.800,0.0,,,0.0
02940,星凱控股,N,工業,工業工程,工業及設備,37398884.355,2024-04-26T16:02:10,工业,工业工程,工业及设备,星凯控股,02940.HK,0.4,ODSH,2940,37.39,0.315,1.89,2940.HK,,1000.0,,0.00,,0.000,HKD,星凱控股,M,,0.0,0.315,0.0,,,0.0
03300,中國玻璃,N,工業,工業工程,工業及設備,1487336788.98,2024-04-26T16:02:09,工业,工业工程,工业及设备,中国玻璃,03300.HK,14.9,ODSH,3300,1.48,0.810,949.52,3300.HK,,1000.0,2.22,-1.22,,-0.010,HKD,中國玻璃,B,,-1.22,0.810,0.0,3300.HK,,0.0
03301,融信中國,N,地產建築,地產,地產發展商,284499909.473,2024-04-26T16:02:10,地产建筑,地产,地产发展商,融信中国,03301.HK,2.8,ODSH,3301,284.49,0.169,228.5,3301.HK,,1000.0,,-0.59,,-0.001,HKD,融信中國,M,,-0.59,0.169,0.0,3301.HK,内地房地产,0.0
03302,精技集團,N,工業,工業工程,工業及設備,312933753.96,2024-04-26T16:02:10,工业,工业工程,工业及设备,精技集团,03302.HK,3.1,ODSH,3302,312.93,0.340,15.81,3302.HK,,1000.0,,-5.56,,-0.020,HKD,精技集團,M,,-5.56,0.340,0.0,3302.HK,,0.0
03303,巨濤海洋石油服務,N,能源,石油及天然氣,油氣設備與服務,1492118872.3,2024-04-26T16:02:09,能源,石油及天然气,油气设备与服务,巨涛海洋石油服务,03303.HK,14.9,ODSH,3303,1.49,0.700,9.7,3303.HK,,1000000.0,,+14.75,5.07,+0.090,HKD,巨濤海洋石油服務,B,,14.75,0.700,0.1,3303.HK,现代服务业,0.5563844824642789
03306,江南布衣,N,非必需性消費,紡織及服飾,服裝,7055000000.0,2024-04-26T16:02:09,非必需性消费,纺织及服饰,服装,江南布衣,03306.HK,70.6,ODSH,3306,7.07,13.640,6.79,3306.HK,,1000000.0,11.14,-0.15,10.38,-0.020,HKD,江南布衣,B,,-0.15,13.640,0.1,3306.HK,品牌服饰,0.0002834088275897359
03309,希瑪眼科,N,醫療保健,醫療保健設備及服務,醫療及醫學美容服務,3703904566.5,2024-04-26T16:02:11,医疗保健,医疗保健设备及服务,医疗及医学美容服务,希玛眼科,03309.HK,37.0,ODSH,3309,3.70,2.950,2.09,3309.HK,,1000000.0,,+1.37,59.72,+0.040,HKD,希瑪眼科,B,,1.37,2.950,0.0,3309.HK,"专科医院,腾讯",0.0
03311,中國建築國際,N,地產建築,建築,重型基建,44381402845.08,2024-04-26T16:02:09,地产建筑,建筑,重型基建,中国建筑国际,03311.HK,443.8,ODSH,3311,44.43,8.820,52.48,3311.HK,,1000000.0,6.35,+0.34,4.85,+0.030,HKD,中國建築國際,B,,0.34,8.820,0.5,3311.HK,"基础建设,现代服务业,租售同权",0.004785888251659664
03313,雅高控股,N,地產建築,建築,建築材料,375285957.5,2024-04-26T16:02:09,地产建筑,建筑,建筑材料,雅高控股,03313.HK,3.8,ODSH,3313,385.16,0.390,177.58,3313.HK,,1000.0,,0.00,,0.000,HKD,雅高控股,M,,0.0,0.390,0.0,3313.HK,涉矿,0.0
03315,金邦達寶嘉,N,資訊科技,軟件服務,,1188386650.0,2024-04-26T16:02:09,科技,软件服务,软件开发,金邦达宝嘉,03315.HK,11.9,ODSH,3315,1.18,1.450,209.14,3315.HK,,1000.0,9.66,+1.40,8.30,+0.020,HKD,金邦達寶嘉,B,,1.4,1.450,0.0,3315.HK,移动支付,0.0
03316,濱江服務,N,地產建築,地產,物業管理及服務,4792897380.0,2024-04-26T16:02:10,地产建筑,地产,物业管理及服务,滨江服务,03316.HK,47.9,ODSH,3316,4.78,17.300,7.32,3316.HK,,1000000.0,7.94,+4.59,9.08,+0.760,HKD,濱江服務,B,,4.59,17.300,0.1,3316.HK,物业管理,0.08905859187534253
03318,中國波頓,N,必需性消費,食品飲料,食品添加劑,2647254757.7,2024-04-26T16:02:09,必需性消费,食品饮料,食品添加剂,中国波顿,03318.HK,26.5,ODSH,3318,2.64,2.450,1.01,3318.HK,,1000000.0,,-2.78,16.84,-0.070,HKD,中國波頓,B,,-2.78,2.450,0.0,3318.HK,"烟草,食品添加剂",0.0
03319,雅生活服務,N,地產建築,地產,物業管理及服務,4189002360.0,2024-04-26T16:02:10,地产建筑,地产,物业管理及服务,雅生活服务,03319.HK,41.9,ODSH,3319,4.21,2.970,38.39,3319.HK,,1000000.0,3.08,+7.22,8.56,+0.200,HKD,雅生活服務,B,,7.22,2.970,0.4,3319.HK,物业管理,0.6841200531982032
03320,華潤醫藥,N,醫療保健,藥品及生物科技,醫藥品,31726677828.05,2024-04-26T16:02:09,医疗保健,药品及生物科技,医药品,华润医药,03320.HK,317.3,ODSH,3320,31.78,5.060,47.62,3320.HK,,1000000.0,3.35,+2.02,7.69,+0.100,HKD,華潤醫藥,B,,2.02,5.060,0.5,3320.HK,"医药股,华润系,新经济",0.09713179506321218
03321,偉鴻集團控股,N,地產建築,建築,建築及服務,39867350.0,2024-04-26T16:02:09,地产建筑,建筑,建筑及服务,伟鸿集团控股,03321.HK,0.4,ODSH,3321,42.89,0.085,212.65,3321.HK,,1000.0,,-1.16,,-0.001,HKD,偉鴻集團控股,M,,-1.16,0.085,0.0,3321.HK,,0.0
03322,永嘉集團,N,非必需性消費,紡織及服飾,服裝,178531600.0,2024-04-26T16:02:09,非必需性消费,纺织及服饰,服装,永嘉集团,03322.HK,1.8,ODSH,3322,178.53,0.139,6.38,3322.HK,,1000.0,,-4.14,,-0.006,HKD,永嘉集團,M,,-4.14,0.139,0.0,3322.HK,"体育,品牌服饰",0.0
03323,中國建材,N,地產建築,建築,建築材料,13720020965.0,2024-04-26T16:02:09,地产建筑,建筑,建筑材料,中国建材,03323.HK,137.2,ODSH,3323,13.76,3.020,100.32,3323.HK,,1000000.0,8.11,+3.42,6.16,+0.100,HKD,中國建材,B,,3.42,3.020,1.0,3323.HK,"国企改革,建材水泥股,碳中和,雄安股",0.4830402784401607
03326,保發集團,N,非必需性消費,紡織及服飾,珠寶鐘錶,261496755.0,2024-04-26T16:02:10,非必需性消费,纺织及服饰,珠宝钟表,保发集团,03326.HK,2.6,ODSH,3326,261.49,0.195,219.96,3326.HK,,1000.0,10.26,+3.72,7.62,+0.007,HKD,保發集團,M,,3.72,0.195,0.0,3326.HK,,0.0
03328,交通銀行,N,金融,銀行,銀行,188013702323.1,2024-04-26T16:02:09,金融,银行,银行,交通银行,03328.HK,1880.1,ODSH,3328,188.36,5.380,125.28,3328.HK,,1000000.0,7.47,-1.10,4.37,-0.060,HKD,交通銀行,B,,-1.1,5.380,1.3,3328.HK,"内银股,国企改革",0.07718237737864267
03329,交銀國際,N,金融,其他金融,信貸,765629760.0,2024-04-26T16:02:10,金融,其他金融,信贷,交银国际,03329.HK,7.7,ODSH,3329,765.62,0.280,142.43,3329.HK,,1000.0,,+3.70,,+0.010,HKD,交銀國際,M,,3.7,0.280,0.0,3329.HK,,0.0
03330,靈寶黃金,N,原材料,黃金及貴金屬,黃金及貴金屬,2130636057.92,2024-04-26T16:02:10,原材料,黄金及贵金属,黄金及贵金属,灵宝黄金,03330.HK,21.3,ODSH,3330,2.14,3.300,49.5,3330.HK,,1000000.0,2.11,+2.17,9.52,+0.070,HKD,靈寶黃金,B,,2.17,3.300,0.5,3330.HK,"国企改革,贸易战股",0.17835948808003885
03331,維達國際,S,必需性消費,消費零售,個人護理,28217041996.85,2024-04-26T16:02:10,必需性消费,消费零售,个人护理,维达国际,03331.HK,282.2,ODSH,3331,28.21,23.450,,3331.HK,,,0.43,0.00,111.67,0.000,HKD,維達國際,B,True,0.0,23.450,0.0,3331.HK,健康产业,0.0
03332,中生聯合,N,醫療保健,藥品及生物科技,醫藥品,144408888.0,2024-04-26T16:02:10,医疗保健,药品及生物科技,医药品,中生联合,03332.HK,1.4,ODSH,3332,144.40,0.530,352.19,3332.HK,,1000.0,,-5.36,8.89,-0.030,HKD,中生聯合,M,,-5.36,0.530,0.0,3332.HK,健康产业,0.0
03333,中國恒大,S,地產建築,地產,地產發展商,2152301046.7,2024-04-26T16:02:10,地产建筑,地产,地产发展商,中国恒大,03333.HK,21.5,ODSH,3333,2.15,0.163,,3333.HK,,,,0.00,,0.000,HKD,中國恒大,B,True,0.0,0.163,0.0,3333.HK,"内地房地产,智慧城市,机器人,民营医院,海南板块,知名公司",0.0
03336,巨騰國際,N,資訊科技,資訊科技器材,電腦及周邊,1284009036.15,2024-04-26T16:02:10,科技,资讯科技器材,电脑及周边,巨腾国际,03336.HK,12.8,ODSH,3336,1.28,1.070,,3336.HK,,,,0.00,,0.000,HKD,巨騰國際,B,,0.0,1.070,0.0,3336.HK,"台资企业,电子信息,苹果",0.0
03337,安東油田服務,N,能源,石油及天然氣,油氣設備與服務,1277792188.375,2024-04-26T16:02:10,能源,石油及天然气,油气设备与服务,安东油田服务,03337.HK,12.8,ODSH,3337,1.29,0.430,1.54,3337.HK,,1000000.0,3.23,0.00,5.96,0.000,HKD,安東油田服務,B,,0.0,0.430,0.0,3337.HK,"天然气,页岩气",0.0
03339,中國龍工,N,工業,工業工程,重型機械,6291747000.0,2024-04-26T16:02:10,工业,工业工程,重型机械,中国龙工,03339.HK,62.9,ODSH,3339,6.29,1.470,7.19,3339.HK,,1000000.0,5.44,+2.08,9.11,+0.030,HKD,中國龍工,B,,2.08,1.470,0.1,3339.HK,重型机械股,0.026630524349083258
03347,泰格醫藥,N,醫療保健,藥品及生物科技,生物技術,4112368320.0,2024-04-26T16:02:10,医疗保健,药品及生物科技,生物技术,泰格医药,03347.HK,41.1,ODSH,3347,4.13,33.600,154.08,3347.HK,,1000000.0,1.81,+8.39,13.41,+2.600,HKD,泰格醫藥,B,,8.39,33.600,1.5,3347.HK,CXO,3.1541370502380346
03348,中國鵬飛集團,N,工業,工業工程,重型機械,525000000.0,2024-04-26T16:02:10,工业,工业工程,重型机械,中国鹏飞集团,03348.HK,5.2,ODSH,3348,525.00,1.050,,3348.HK,,,9.00,0.00,3.44,0.000,HKD,中國鵬飛集團,M,,0.0,1.050,0.0,3348.HK,,0.0
03360,遠東宏信,N,金融,其他金融,信貸,24682577153.52,2024-04-26T16:02:10,金融,其他金融,信贷,远东宏信,03360.HK,246.8,ODSH,3360,24.68,5.720,24.9,3360.HK,,1000000.0,8.74,+1.06,3.60,+0.060,HKD,遠東宏信,B,,1.06,5.720,0.2,3360.HK,融资租赁,0.01466349727645513
03363,正業國際,N,原材料,其他原材料,紙品相關,237500000.0,2024-04-26T16:02:10,原材料,其他原材料,纸品相关,正业国际,03363.HK,2.4,ODSH,3363,237.50,0.475,,3363.HK,,,2.32,0.00,,0.000,HKD,正業國際,M,,0.0,0.475,0.0,3363.HK,,0.0
03366,華僑城(亞洲),N,地產建築,地產,地產發展商,121235292.0,2024-04-26T16:02:10,地产建筑,地产,地产发展商,华侨城(亚洲),03366.HK,1.2,ODSH,3366,121.23,0.162,96.93,3366.HK,,1000.0,,+2.53,,+0.004,HKD,華僑城（亞洲）,M,,2.53,0.162,0.0,3366.HK,香港房地产,0.0
03368,百盛集團,N,非必需性消費,零售相關,多元化零售,308240273.25,2024-04-26T16:02:10,非必需性消费,零售相关,多元化零售,百盛集团,03368.HK,3.1,ODSH,3368,308.24,0.117,225.13,3368.HK,,1000.0,9.32,+1.74,4.32,+0.002,HKD,百盛集團,M,,1.74,0.117,0.0,3368.HK,"现代服务业,百货业,零售股",0.0
03369,秦港股份,N,工業,工業運輸,航運及港口,1385854510.0,2024-04-26T16:02:10,工业,工业运输,航运及港口,秦港股份,03369.HK,13.9,ODSH,3369,1.38,1.670,1.92,3369.HK,,1000000.0,5.32,0.00,5.70,0.000,HKD,秦港股份,B,,0.0,1.670,0.0,3369.HK,"国企改革,物流,自由贸易港",0.0
03377,遠洋集團,N,地產建築,地產,地產發展商,2170587262.245,2024-04-26T16:02:10,地产建筑,地产,地产发展商,远洋集团,03377.HK,21.7,ODSH,3377,2.17,0.285,35.32,3377.HK,,1000000.0,,+9.62,,+0.025,HKD,遠洋集團,B,,9.62,0.285,0.4,3377.HK,"养老,内地房地产",1.1609987521854184
03380,龍光集團,N,地產建築,地產,地產發展商,3070120023.0,2024-04-26T16:02:10,地产建筑,地产,地产发展商,龙光集团,03380.HK,30.7,ODSH,3380,3.07,0.540,6.29,3380.HK,,1000000.0,,+11.34,,+0.055,HKD,龍光集團,B,,11.34,0.540,0.1,3380.HK,"MSCI,内地房地产,海南板块,粤港澳",0.33372313729472936
03382,天津港發展,N,工業,工業運輸,航運及港口,3756380000.0,2024-04-26T16:02:10,工业,工业运输,航运及港口,天津港发展,03382.HK,37.6,ODSH,3382,3.69,0.600,5.79,3382.HK,,1000000.0,7.88,+3.45,5.07,+0.020,HKD,天津港發展,B,,3.45,0.600,0.1,3382.HK,"物流,自由贸易港,雄安股",0.062324427051348
03383,雅居樂集團,N,地產建築,地產,地產發展商,2497793512.5,2024-04-26T16:02:09,地产建筑,地产,地产发展商,雅居乐集团,03383.HK,25.0,ODSH,3383,2.49,0.495,46.79,3383.HK,,1000000.0,,+5.32,,+0.025,HKD,雅居樂集團,B,,5.32,0.495,0.5,3383.HK,"MSCI,内地房地产,智慧城市,海南板块,粤港澳",0.6284978274496199
03389,亨得利,N,非必需性消費,零售相關,其他零售,620966673.219,2024-04-26T16:02:10,非必需性消费,零售相关,其他零售,亨得利,03389.HK,6.2,ODSH,3389,620.96,0.141,,3389.HK,,,,0.00,16.99,0.000,HKD,亨得利,M,,0.0,0.141,0.0,3389.HK,奢侈品股,0.0
03390,滿貫集團,N,醫療保健,藥品及生物科技,西藥分銷,3208000000.0,2024-04-26T16:02:10,医疗保健,药品及生物科技,西药分销,满贯集团,03390.HK,32.1,ODSH,3390,3.20,4.010,1.0,3390.HK,,1000000.0,1.75,-0.25,10.54,-0.010,HKD,滿貫集團,B,,-0.25,4.010,0.0,3390.HK,,0.0
03393,威勝控股,N,工業,工業工程,工業及設備,6493135481.0,2024-04-26T16:02:09,工业,工业工程,工业及设备,威胜控股,03393.HK,64.9,ODSH,3393,6.50,6.530,16.75,3393.HK,,1000000.0,4.29,+4.82,11.52,+0.300,HKD,威勝控股,B,,4.82,6.530,0.2,3393.HK,,0.17979701567804604
03395,吉星新能源,N,能源,石油及天然氣,油氣生產商,112673899.6,2024-04-26T16:02:10,能源,石油及天然气,油气生产商,吉星新能源,03395.HK,1.1,ODSH,3395,112.67,0.230,,3395.HK,,,,0.00,,0.000,HKD,吉星新能源,M,,0.0,0.230,0.0,3395.HK,,0.0
03396,聯想控股,N,資訊科技,資訊科技器材,電腦及周邊,7033352564.7,2024-04-26T16:02:09,科技,资讯科技器材,电脑及周边,联想控股,03396.HK,70.3,ODSH,3396,7.04,5.540,7.63,3396.HK,,1000000.0,,+3.17,,+0.170,HKD,聯想控股,B,,3.17,5.540,0.1,3396.HK,"5G,MSCI,人工智能,国企改革,数据中心,新IT,新经济,物联网,现代服务业,知名公司,紫光系,芯片替代",0.04871282256404248
03398,華鼎控股,S,非必需性消費,紡織及服飾,服裝,499756684.0,2024-04-26T16:02:09,非必需性消费,纺织及服饰,服装,华鼎控股,03398.HK,5.0,ODSH,3398,499.75,0.238,,3398.HK,,,,0.00,,0.000,HKD,華鼎控股,M,True,0.0,0.238,0.0,3398.HK,品牌服饰,0.0
03399,粵運交通,N,非必需性消費,旅遊及休閒設施,旅遊及觀光,213210000.0,2024-04-26T16:02:10,非必需性消费,旅游及休闲设施,旅游及观光,粤运交通,03399.HK,2.1,ODSH,3399,213.21,1.030,269.35,3399.HK,,1000.0,,-1.90,3.80,-0.020,HKD,粵運交通,M,,-1.9,1.030,0.0,3399.HK,"充电桩股,国企改革,旅游及观光,物流,粤港澳",0.0
03600,現代牙科,N,醫療保健,醫療保健設備及服務,醫健設備,4618698260.0,2024-04-26T16:02:09,医疗保健,医疗保健设备及服务,医健设备,现代牙科,03600.HK,46.2,ODSH,3600,4.61,4.870,7.36,3600.HK,,1000000.0,3.08,-1.81,11.47,-0.090,HKD,現代牙科,B,,-1.81,4.870,0.1,3600.HK,"医疗美容器械,医美,牙科医疗",0.022887943504645437
03601,魯大師,N,資訊科技,軟件服務,,212510000.0,2024-04-26T16:02:10,科技,软件服务,软件开发,鲁大师,03601.HK,2.1,ODSH,3601,212.51,0.790,180.91,3601.HK,,1000.0,,+2.60,4.66,+0.020,HKD,魯大師,M,,2.6,0.790,0.0,3601.HK,,0.0
03603,信基沙溪,N,地產建築,地產,地產投資,84000000.0,2024-04-26T16:02:10,地产建筑,地产,地产投资,信基沙溪,03603.HK,0.8,ODSH,3603,84.00,0.056,166.47,3603.HK,,1000.0,,-1.75,,-0.001,HKD,信基沙溪,M,,-1.75,0.056,0.0,3603.HK,,0.0
03606,福耀玻璃,N,非必需性消費,汽車,汽車零件,28608601980.0,2024-04-26T16:02:10,非必需性消费,汽车,汽车零件,福耀玻璃,03606.HK,286.1,ODSH,3606,28.63,47.200,372.42,3606.HK,,1000000.0,2.96,+11.45,20.37,+4.850,HKD,福耀玻璃,B,,11.45,47.200,3.7,3606.HK,"光伏太阳能,比亚迪,特斯拉,碳中和",8.367818020950255
03611,花房集團,S,資訊科技,軟件服務,電商及互聯網服務,2300000000.0,2024-04-26T16:02:09,科技,软件服务,电商及互联网服务,花房集团,03611.HK,23.0,ODSH,3611,2.30,2.300,,3611.HK,,,,0.00,,0.000,HKD,花房集團,B,True,0.0,2.300,0.0,3611.HK,,0.0
03613,同仁堂國藥,N,醫療保健,藥品及生物科技,中醫藥,8011047000.0,2024-04-26T16:02:09,医疗保健,药品及生物科技,中医药,同仁堂国药,03613.HK,80.1,ODSH,3613,8.01,9.570,14.5,3613.HK,,1000000.0,3.45,+3.13,14.82,+0.290,HKD,同仁堂國藥,B,,3.13,9.570,0.1,3613.HK,中医药,0.04668009388292758
03616,恒達集團控股,S,地產建築,地產,地產發展商,312000000.0,2024-04-26T16:02:09,地产建筑,地产,地产发展商,恒达集团控股,03616.HK,3.1,ODSH,3616,312.00,0.260,,3616.HK,,,,0.00,3.26,0.000,HKD,恒達集團控股,M,True,0.0,0.260,0.0,3616.HK,内地房地产,0.0
03618,重慶農村商業銀行,N,金融,銀行,銀行,8294008935.3,2024-04-26T16:02:09,金融,银行,银行,重庆农村商业银行,03618.HK,82.9,ODSH,3618,8.26,3.290,68.89,3618.HK,,1000000.0,9.38,-1.79,3.27,-0.060,HKD,重慶農村商業銀行,B,,-1.79,3.290,0.7,3618.HK,"内银股,国企改革",0.14081756097550147
03623,中國金融發展,N,金融,其他金融,信貸,342430920.32,2024-04-26T16:02:10,金融,其他金融,信贷,中国金融发展,03623.HK,3.4,ODSH,3623,342.43,0.620,,3623.HK,,,,0.00,,0.000,HKD,中國金融發展,M,,0.0,0.620,0.0,3623.HK,融资租赁,0.0
03626,HSSP INTL,N,工業,工業支援,印刷及包裝,49680000.0,2024-04-26T16:02:09,工业,工业支援,印刷及包装,HSSP INTL,03626.HK,0.5,ODSH,3626,49.68,0.270,,3626.HK,,,,0.00,,0.000,HKD,HSSP INTL,M,,0.0,0.270,0.0,3626.HK,,0.0
03628,仁恒實業控股,N,工業,工業工程,工業及設備,118992000.0,2024-04-26T16:02:09,工业,工业工程,工业及设备,仁恒实业控股,03628.HK,1.2,ODSH,3628,118.99,0.148,,3628.HK,,,,0.00,8.76,0.000,HKD,仁恒實業控股,M,,0.0,0.148,0.0,3628.HK,,0.0
03633,中裕能源,N,公用事業,公用事業,燃氣,13803343835.58,2024-04-26T16:02:10,公用事业,公用事业,燃气,中裕能源,03633.HK,138.0,ODSH,3633,13.80,4.940,11.43,3633.HK,,1000000.0,,+0.41,56.52,+0.020,HKD,中裕能源,B,,0.41,4.940,0.1,3633.HK,天然气,0.0016000459088144358
03638,華邦科技,N,資訊科技,資訊科技器材,電腦及周邊,549309474.0,2024-04-26T16:02:09,科技,资讯科技器材,电脑及周边,华邦科技,03638.HK,5.5,ODSH,3638,558.78,0.590,12.91,3638.HK,,1000000.0,,+28.26,,+0.130,HKD,華邦科技,M,,28.26,0.590,0.1,3638.HK,,1.6680840751341535
03639,億達中國,S,地產建築,地產,地產發展商,250645090.0,2024-04-26T16:02:09,地产建筑,地产,地产发展商,亿达中国,03639.HK,2.5,ODSH,3639,250.64,0.097,,3639.HK,,,,0.00,,0.000,HKD,億達中國,M,True,0.0,0.097,0.0,3639.HK,"内地房地产,现代服务业",0.0
03650,KEEP,N,非必需性消費,旅遊及休閒設施,休閒及文娛設施,4184349016.52,2024-04-26T16:02:09,非必需性消费,旅游及休闲设施,休闲及文娱设施,KEEP,03650.HK,41.8,ODSH,3650,4.16,7.930,160.58,3650.HK,,1000000.0,,-4.00,1.96,-0.330,HKD,KEEP,B,,-4.0,7.930,1.6,3650.HK,次新股,1.2057808498652276
03658,新希望服務,N,地產建築,地產,物業管理及服務,1318884120.0,2024-04-26T16:02:09,地产建筑,地产,物业管理及服务,新希望服务,03658.HK,13.2,ODSH,3658,1.32,1.630,272.4,3658.HK,,1000.0,10.45,+2.52,5.77,+0.040,HKD,新希望服務,B,,2.52,1.630,0.0,3658.HK,物业管理,0.0
03660,奇富科技-S,N,金融,其他金融,信貸,24191468956.8,2024-04-26T16:02:10,金融,其他金融,信贷,奇富科技-S,03660.HK,241.9,ODSH,3660,24.19,74.300,174.15,3660.HK,,1000.0,5.67,+1.78,5.15,+1.300,HKD,奇富科技－Ｓ,B,,1.78,74.300,0.0,3660.HK,,0.0
03662,星悅康旅,N,地產建築,地產,物業管理及服務,323181250.0,2024-04-26T16:02:09,地产建筑,地产,物业管理及服务,星悦康旅,03662.HK,3.2,ODSH,3662,326.81,0.450,512.96,3662.HK,,1000.0,,+2.27,1.94,+0.010,HKD,星悅康旅,M,,2.27,0.450,0.0,3662.HK,物业管理,0.0
03666,上海小南國,N,非必需性消費,旅遊及休閒設施,餐飲,86308209.0,2024-04-26T16:02:10,非必需性消费,旅游及休闲设施,餐饮,上海小南国,03666.HK,0.9,ODSH,3666,86.30,0.039,78.0,3666.HK,,,,0.00,,0.000,HKD,上海小南國,M,,0.0,0.039,0.0,3666.HK,"连锁酒店,餐饮连锁",0.0
03668,兗煤澳大利亞,N,能源,煤炭,煤炭,36312084517.5,2024-04-26T16:02:11,能源,煤炭,煤炭,兖煤澳大利亚,03668.HK,363.1,ODSH,3668,36.51,27.650,64.54,3668.HK,,1000000.0,12.85,-2.30,3.97,-0.650,HKD,兗煤澳大利亞,B,,-2.3,27.650,0.6,3668.HK,"meitanhk,高股息",0.13900877757063815
03669,永達汽車,N,非必需性消費,零售相關,汽車零售,3970800406.78,2024-04-26T16:02:09,非必需性消费,零售相关,汽车零售,永达汽车,03669.HK,39.7,ODSH,3669,3.99,2.070,16.98,3669.HK,,1000000.0,8.23,+5.08,6.55,+0.100,HKD,永達汽車,B,,5.08,2.070,0.2,3669.HK,"汽车零售,融资租赁",0.21330701689963996
03678,弘業期貨,N,金融,其他金融,證券及經紀,334598000.0,2024-04-26T16:02:09,金融,其他金融,证券及经纪,弘业期货,03678.HK,3.3,ODSH,3678,334.59,1.340,8.17,3678.HK,,1000000.0,0.32,+5.51,163.41,+0.070,HKD,弘業期貨,M,,5.51,1.340,0.1,3678.HK,"中资券商股,财产管理",0.228559084974667
03680,瑞和數智,N,資訊科技,軟件服務,系統開發及顧問,1083823579.04,2024-04-26T16:02:11,科技,软件服务,系统开发及顾问,瑞和数智,03680.HK,10.8,ODSH,3680,1.09,1.650,197.64,3680.HK,,1000.0,,0.00,,0.000,HKD,瑞和數智,B,,0.0,1.650,0.0,3680.HK,,0.0
03681,中國抗體-B,N,醫療保健,藥品及生物科技,生物技術,2074334726.1,2024-04-26T16:02:10,医疗保健,药品及生物科技,生物技术,中国抗体-B,03681.HK,20.7,ODSH,3681,2.07,1.900,135.58,3681.HK,,1000.0,,0.00,,0.000,HKD,中國抗體—Ｂ,B,,0.0,1.900,0.0,3681.HK,生物医药B类,0.0
03683,榮豐億控股,N,工業,工業運輸,航運及港口,213385426.912,2024-04-26T16:02:10,工业,工业运输,航运及港口,荣丰亿控股,03683.HK,2.1,ODSH,3683,213.38,0.224,560.0,3683.HK,,,,0.00,,0.000,HKD,榮豐億控股,M,,0.0,0.224,0.0,3683.HK,融资租赁,0.0
03686,祈福生活服務,N,綜合企業,綜合企業,綜合企業,436772500.0,2024-04-26T16:02:09,综合企业,综合企业,综合企业,祈福生活服务,03686.HK,4.4,ODSH,3686,436.77,0.430,38.0,3686.HK,,1000.0,87.21,0.00,4.75,0.000,HKD,祈福生活服務,M,,0.0,0.430,0.0,3686.HK,,0.0
03688,萊蒙國際,N,地產建築,地產,地產投資,671047909.475,2024-04-26T16:02:09,地产建筑,地产,地产投资,莱蒙国际,03688.HK,6.7,ODSH,3688,671.04,0.475,,3688.HK,,,,0.00,,0.000,HKD,萊蒙國際,M,,0.0,0.475,0.0,3688.HK,物业投资,0.0
03689,康華醫療,N,醫療保健,醫療保健設備及服務,醫療及醫學美容服務,177227400.0,2024-04-26T16:02:10,医疗保健,医疗保健设备及服务,医疗及医学美容服务,康华医疗,03689.HK,1.8,ODSH,3689,177.22,2.100,1.01,3689.HK,,1000000.0,,+0.48,5.42,+0.010,HKD,康華醫療,M,,0.48,2.100,0.0,3689.HK,,0.0
03690,美團-W,N,資訊科技,軟件服務,電商及互聯網服務,721373248778.0,2024-04-26T16:02:10,科技,软件服务,电商及互联网服务,美团-W,03690.HK,7213.7,ODSH,3690,721.99,115.800,6.37,3690.HK,,1000000000.0,,+3.86,48.37,+4.300,HKD,美團－Ｗ,B,,3.86,115.800,63.7,3690.HK,"MSCI,同股不同权,新经济,独角兽,电子商务,知名公司,腾讯,节假日",21.95827154253492
03692,翰森製藥,N,醫療保健,藥品及生物科技,醫藥品,101974468202.6,2024-04-26T16:02:10,医疗保健,药品及生物科技,医药品,翰森制药,03692.HK,1019.7,ODSH,3692,102.09,17.200,87.29,3692.HK,,1000000.0,1.24,+2.38,29.00,+0.400,HKD,翰森製藥,B,,2.38,17.200,0.9,3692.HK,肝炎,0.19092501187896652
03698,徽商銀行,N,金融,銀行,銀行,8209850000.0,2024-04-26T16:02:09,金融,银行,银行,徽商银行,03698.HK,82.1,ODSH,3698,8.20,2.360,697.46,3698.HK,,1000.0,6.63,+0.43,2.20,+0.010,HKD,徽商銀行,B,,0.43,2.360,0.0,3698.HK,"内银股,国企改革,财产管理",0.0
03699,光大永年,N,地產建築,地產,地產投資,169939000.0,2024-04-26T16:02:10,地产建筑,地产,地产投资,光大永年,03699.HK,1.7,ODSH,3699,169.93,0.385,,3699.HK,,,4.73,0.00,8.24,0.000,HKD,光大永年,M,,0.0,0.385,0.0,3699.HK,财产管理,0.0
03700,映宇宙,N,非必需性消費,媒體及娛樂,廣播,1628176200.0,2024-04-26T16:02:10,非必需性消费,媒体及娱乐,广播,映宇宙,03700.HK,16.3,ODSH,3700,1.62,0.840,2.26,3700.HK,,1000000.0,4.90,+2.44,3.76,+0.020,HKD,映宇宙,B,,2.44,0.840,0.0,3700.HK,"人工智能,新经济,独角兽,知名公司,短视频,网络直播",0.0
03708,中國供應鏈產業,N,地產建築,建築,建築及服務,123068000.0,2024-04-26T16:02:09,地产建筑,建筑,建筑及服务,中国供应链产业,03708.HK,1.2,ODSH,3708,123.06,0.022,108.8,3708.HK,,1000.0,,0.00,,0.000,HKD,中國供應鏈產業,M,,0.0,0.022,0.0,3708.HK,现代服务业,0.0
03709,贏家時尚,N,非必需性消費,紡織及服飾,服裝,8828789445.3,2024-04-26T16:02:10,非必需性消费,纺织及服饰,服装,赢家时尚,03709.HK,88.3,ODSH,3709,8.85,12.580,9.25,3709.HK,,1000000.0,5.56,+2.28,9.51,+0.280,HKD,贏家時尚,B,,2.28,12.580,0.1,3709.HK,品牌服饰,0.028718381183822524
03718,北控城市資源,N,工業,工業工程,環保工程,1742765360.0,2024-04-26T16:02:09,工业,工业工程,环保工程,北控城市资源,03718.HK,17.4,ODSH,3718,1.74,0.490,56.36,3718.HK,,1000.0,5.51,+1.03,5.79,+0.005,HKD,北控城市資源,B,,1.03,0.490,0.0,3718.HK,,0.0
03728,正利控股,N,地產建築,建築,建築及服務,73949000.0,2024-04-26T16:02:10,地产建筑,建筑,建筑及服务,正利控股,03728.HK,0.7,ODSH,3728,73.94,0.073,,3728.HK,,,,0.00,6.24,0.000,HKD,正利控股,M,,0.0,0.073,0.0,3728.HK,,0.0
03737,中智藥業,N,醫療保健,藥品及生物科技,醫藥品,1053592000.0,2024-04-26T16:02:09,医疗保健,药品及生物科技,医药品,中智药业,03737.HK,10.5,ODSH,3737,1.05,1.220,,3737.HK,,,7.38,0.00,5.91,0.000,HKD,中智藥業,B,,0.0,1.220,0.0,3737.HK,"中医药,生物医药",0.0
03738,阜博集團,N,資訊科技,軟件服務,,3091812245.28,2024-04-26T16:02:10,科技,软件服务,软件开发,阜博集团,03738.HK,30.9,ODSH,3738,3.13,1.400,18.2,3738.HK,,1000000.0,,+6.87,,+0.090,HKD,阜博集團,B,,6.87,1.400,0.2,3738.HK,"SaaS,元宇宙,抖音",0.34094892626072465
03759,康龍化成,N,醫療保健,藥品及生物科技,醫藥品,2870633430.0,2024-04-26T16:02:10,医疗保健,药品及生物科技,医药品,康龙化成,03759.HK,28.7,ODSH,3759,2.86,9.490,65.17,3759.HK,,1000000.0,2.26,+7.84,9.81,+0.690,HKD,康龍化成,B,,7.84,9.490,0.7,3759.HK,CXO,1.4503887515061857
03768,滇池水務,N,公用事業,公用事業,水務,210814260.0,2024-04-26T16:02:10,公用事业,公用事业,水务,滇池水务,03768.HK,2.1,ODSH,3768,210.81,0.620,93.62,3768.HK,,1000.0,,0.00,1.88,0.000,HKD,滇池水務,M,,0.0,0.620,0.0,3768.HK,,0.0
03773,銀盛數惠,N,資訊科技,軟件服務,電商及互聯網服務,962800000.0,2024-04-26T16:02:09,科技,软件服务,电商及互联网服务,银盛数惠,03773.HK,9.6,ODSH,3773,962.80,2.320,953.22,3773.HK,,1000.0,,+1.75,54.98,+0.040,HKD,銀盛數惠,M,,1.75,2.320,0.0,3773.HK,移动互联网,0.0
03778,中國織材控股,N,非必需性消費,紡織及服飾,紡織品及布料,300564000.0,2024-04-26T16:02:09,非必需性消费,纺织及服饰,纺织品及布料,中国织材控股,03778.HK,3.0,ODSH,3778,300.56,0.240,,3778.HK,,,,0.00,,0.000,HKD,中國織材控股,M,,0.0,0.240,0.0,3778.HK,,0.0
03788,中國罕王,N,原材料,一般金屬及礦石,鋼鐵,2136400000.0,2024-04-26T16:02:10,原材料,一般金属及矿石,钢铁,中国罕王,03788.HK,21.4,ODSH,3788,2.15,1.100,1.37,3788.HK,,1000000.0,3.64,-1.79,13.00,-0.020,HKD,中國罕王,B,,-1.79,1.100,0.0,3788.HK,"涉矿,金属镍,铁矿石",0.0
03789,御佳控股,N,地產建築,建築,建築及服務,96000000.0,2024-04-26T16:02:09,地产建筑,建筑,建筑及服务,御佳控股,03789.HK,1.0,ODSH,3789,96.00,0.080,,3789.HK,,,,0.00,4.49,0.000,HKD,御佳控股,M,,0.0,0.080,0.0,3789.HK,,0.0
03798,家鄉互動,N,資訊科技,軟件服務,綫上遊戲,2733649455.0,2024-04-26T16:02:10,科技,软件服务,线上游戏,家乡互动,03798.HK,27.3,ODSH,3798,2.68,2.090,149.4,3798.HK,,1000.0,4.78,-1.88,5.63,-0.040,HKD,家鄉互動,B,,-1.88,2.090,0.0,3798.HK,手机游戏,0.0
03800,協鑫科技,N,工業,工業工程,新能源材料,30710381309.22,2024-04-26T16:02:09,工业,工业工程,新能源材料,协鑫科技,03800.HK,307.1,ODSH,3800,30.71,1.140,107.48,3800.HK,,1000000.0,,+4.59,11.20,+0.050,HKD,協鑫科技,B,,4.59,1.140,1.1,3800.HK,"光伏太阳能,太阳能,新经济,碳中和,钙钛矿电池",0.7117297953263567
03808,中國重汽,N,工業,工業工程,商用車及貨車,53066291975.58,2024-04-26T16:02:09,工业,工业工程,商用车及货车,中国重汽,03808.HK,530.7,ODSH,3808,53.23,19.280,88.58,3808.HK,,1000000.0,5.51,+0.63,9.36,+0.120,HKD,中國重汽,B,,0.63,19.280,0.9,3808.HK,"MSCI,冬奥会,汽车制造,红筹股,重型机械股",0.02482652616773027
03813,寶勝國際,N,非必需性消費,零售相關,服裝零售,3408754953.6,2024-04-26T16:02:10,非必需性消费,零售相关,服装零售,宝胜国际,03813.HK,34.1,ODSH,3813,3.46,0.650,827.13,3813.HK,,1000.0,4.69,+3.17,6.37,+0.020,HKD,寶勝國際,B,,3.17,0.650,0.0,3813.HK,品牌服饰,0.0
03816,KFM金德,N,工業,工業工程,工業及設備,207000000.0,2024-04-26T16:02:10,工业,工业工程,工业及设备,KFM金德,03816.HK,2.1,ODSH,3816,207.00,0.345,,3816.HK,,,,0.00,9.13,0.000,HKD,ＫＦＭ金德,M,,0.0,0.345,0.0,3816.HK,,0.0
03818,中國動向,N,非必需性消費,紡織及服飾,服裝,2148959774.125,2024-04-26T16:02:09,非必需性消费,纺织及服饰,服装,中国动向,03818.HK,21.5,ODSH,3818,2.17,0.370,931.73,3818.HK,,1000.0,3.51,+2.78,17.54,+0.010,HKD,中國動向,B,,2.78,0.370,0.0,3818.HK,"体育,体育用品股,品牌服饰,蚂蚁集团,阿里巴巴",0.0
03822,三和建築集團,N,地產建築,建築,重型基建,112560000.0,2024-04-26T16:02:10,地产建筑,建筑,重型基建,三和建筑集团,03822.HK,1.1,ODSH,3822,112.56,0.067,,3822.HK,,,,0.00,,0.000,HKD,三和建築集團,M,,0.0,0.067,0.0,3822.HK,"基础建设,现代服务业",0.0
03828,明輝國際,N,必需性消費,消費零售,個人護理,491956006.99,2024-04-26T16:02:09,必需性消费,消费零售,个人护理,明辉国际,03828.HK,4.9,ODSH,3828,491.95,0.670,3.33,3828.HK,,1000.0,10.45,0.00,4.66,0.000,HKD,明輝國際,M,,0.0,0.670,0.0,3828.HK,现代服务业,0.0
03830,童園國際,N,非必需性消費,家庭電器及用品,玩具及消閒用品,31000000.0,2024-04-26T16:02:10,非必需性消费,家庭电器及用品,玩具及消闲用品,童园国际,03830.HK,0.3,ODSH,3830,31.00,0.031,11.6,3830.HK,,1000.0,,-6.06,,-0.002,HKD,童園國際,M,,-6.06,0.031,0.0,3830.HK,玩具及消闲用品,0.0
03833,新疆新鑫礦業,N,原材料,一般金屬及礦石,其他金屬及礦石,1064649600.0,2024-04-26T16:02:09,原材料,一般金属及矿石,其他金属及矿石,新疆新鑫矿业,03833.HK,10.6,ODSH,3833,1.06,1.120,2.65,3833.HK,,1000000.0,4.79,+2.75,14.21,+0.030,HKD,新疆新鑫礦業,B,,2.75,1.120,0.0,3833.HK,"国企改革,涉矿,稀土永磁,金属镍",0.0
03836,和諧汽車,N,非必需性消費,零售相關,汽車零售,777609840.27,2024-04-26T16:02:10,非必需性消费,零售相关,汽车零售,和谐汽车,03836.HK,7.8,ODSH,3836,777.60,0.510,55.09,3836.HK,,1000.0,,+2.00,,+0.010,HKD,和諧汽車,M,,2.0,0.510,0.0,3836.HK,"汽车制造,汽车零售",0.0
03838,中國澱粉,N,必需性消費,農產品,農產品相關,925127891.665,2024-04-26T16:02:09,必需性消费,农产品,农产品相关,中国淀粉,03838.HK,9.3,ODSH,3838,907.22,0.152,263.5,3838.HK,,1000.0,4.54,-3.18,7.88,-0.005,HKD,中國澱粉,M,,-3.18,0.152,0.0,3838.HK,,0.0
03839,正大企業國際,N,醫療保健,藥品及生物科技,生物技術,173317183.2,2024-04-26T16:02:10,医疗保健,药品及生物科技,生物技术,正大企业国际,03839.HK,1.7,ODSH,3839,173.31,0.720,700.0,3839.HK,,,,+2.86,9.15,+0.020,HKD,正大企業國際,M,,2.86,0.720,0.0,3839.HK,生物医药,0.0
03848,浩森金融科技,N,金融,其他金融,信貸,277151910.0,2024-04-26T16:02:10,金融,其他金融,信贷,浩森金融科技,03848.HK,2.8,ODSH,3848,283.41,1.810,497.04,3848.HK,,1000.0,1.66,-4.74,11.39,-0.090,HKD,浩森金融科技,M,,-4.74,1.810,0.0,3848.HK,,0.0
03860,EPS創健科技,N,非必需性消費,紡織及服飾,服裝,443850806.15,2024-04-26T16:02:10,非必需性消费,纺织及服饰,服装,EPS创健科技,03860.HK,4.4,ODSH,3860,449.07,0.860,24.85,3860.HK,,1000.0,,+3.61,,+0.030,HKD,ＥＰＳ創健科技,M,,3.61,0.860,0.0,3860.HK,,0.0
03866,青島銀行,N,金融,銀行,銀行,4858924404.88,2024-04-26T16:02:09,金融,银行,银行,青岛银行,03866.HK,48.6,ODSH,3866,4.88,2.130,4.74,3866.HK,,1000000.0,8.04,0.00,3.49,0.000,HKD,青島銀行,B,,0.0,2.130,0.0,3866.HK,"内银股,财产管理",0.0
03868,信義能源,N,公用事業,公用事業,潔能,8917115744.16,2024-04-26T16:02:11,公用事业,公用事业,洁能,信义能源,03868.HK,89.2,ODSH,3868,8.91,1.080,8.82,3868.HK,,1000000.0,5.56,+1.89,8.60,+0.020,HKD,信義能源,B,,1.89,1.080,0.1,3868.HK,"光伏太阳能,碳中和,绿色电力",0.02157717063673201
03869,弘和仁愛醫療,N,醫療保健,醫療保健設備及服務,醫療及醫學美容服務,884441600.0,2024-04-26T16:02:09,医疗保健,医疗保健设备及服务,医疗及医学美容服务,弘和仁爱医疗,03869.HK,8.8,ODSH,3869,884.44,6.400,,3869.HK,,,,0.00,6.25,0.000,HKD,弘和仁愛醫療,M,,0.0,6.400,0.0,3869.HK,,0.0
03877,中國船舶租賃,N,工業,工業運輸,航運及港口,8291441385.9,2024-04-26T16:02:10,工业,工业运输,航运及港口,中国船舶租赁,03877.HK,82.9,ODSH,3877,8.29,1.350,2.27,3877.HK,,1000000.0,8.89,+0.75,4.36,+0.010,HKD,中國船舶租賃,B,,0.75,1.350,0.0,3877.HK,,0.0
03878,VICON HOLDINGS,N,地產建築,建築,重型基建,108869200.0,2024-04-26T16:02:10,地产建筑,建筑,重型基建,VICON HOLDINGS,03878.HK,1.1,ODSH,3878,108.86,0.227,68.54,3878.HK,,1000.0,,-3.81,45.40,-0.009,HKD,VICON HOLDINGS,M,,-3.81,0.227,0.0,3878.HK,基础建设,0.0
03882,天彩控股,N,非必需性消費,家庭電器及用品,消費電子產品,1270820193.3,2024-04-26T16:02:09,非必需性消费,家庭电器及用品,消费电子产品,天彩控股,03882.HK,12.7,ODSH,3882,1.29,1.280,102.66,3882.HK,,1000.0,,-0.78,,-0.010,HKD,天彩控股,B,,-0.78,1.280,0.0,3882.HK,"智能穿戴,消费电子",0.0
03883,中國奧園,N,地產建築,地產,地產發展商,392356337.406,2024-04-26T16:02:09,地产建筑,地产,地产发展商,中国奥园,03883.HK,3.9,ODSH,3883,385.02,0.105,1.17,3883.HK,,1000000.0,,+7.14,,+0.007,HKD,中國奧園,M,,7.14,0.105,0.0,3883.HK,"内地房地产,知名公司",0.0
03886,康健國際醫療,N,醫療保健,醫療保健設備及服務,醫療及醫學美容服務,1930453898.82,2024-04-26T16:02:10,医疗保健,医疗保健设备及服务,医疗及医学美容服务,康健国际医疗,03886.HK,19.3,ODSH,3886,1.93,0.285,269.62,3886.HK,,1000.0,0.42,+1.79,,+0.005,HKD,康健國際醫療,B,,1.79,0.285,0.0,3886.HK,健康产业,0.0
03888,金山軟件,N,資訊科技,軟件服務,,34885303397.85,2024-04-26T16:02:09,科技,软件服务,软件开发,金山软件,03888.HK,348.9,ODSH,3888,34.95,26.100,220.71,3888.HK,,1000000.0,0.54,+3.78,68.31,+0.950,HKD,金山軟件,B,,3.78,26.100,2.2,3888.HK,"SaaS,云办公,云计算,互联网+,人工智能,信息安全,冬奥会,区块链,小米,手机游戏,数字经济,新IT,新经济,知名公司,移动互联网,紫光系,网络安全,网络游戏,腾讯,雄安股",1.0608086501067115
03889,大成糖業,N,必需性消費,農產品,農產品相關,122206880.0,2024-04-26T16:02:09,必需性消费,农产品,农产品相关,大成糖业,03889.HK,1.2,ODSH,3889,122.20,0.080,916.0,3889.HK,,,,+6.67,0.42,+0.005,HKD,大成糖業,M,,6.67,0.080,0.0,3889.HK,农业现代化,0.0
03893,易緯集團,N,非必需性消費,家庭電器及用品,家具,76204800.0,2024-04-26T16:02:09,非必需性消费,家庭电器及用品,家具,易纬集团,03893.HK,0.8,ODSH,3893,76.20,0.490,66.37,3893.HK,,1000.0,,+1.03,,+0.005,HKD,易緯集團,M,,1.03,0.490,0.0,3893.HK,家具,0.0
03896,金山雲,N,資訊科技,軟件服務,系統開發及顧問,6240667073.64,2024-04-26T16:02:10,科技,软件服务,系统开发及顾问,金山云,03896.HK,62.4,ODSH,3896,6.27,1.650,39.08,3896.HK,,1000000.0,,+9.27,,+0.140,HKD,金山雲,B,,9.27,1.650,0.4,3896.HK,,0.884696898012309
03898,時代電氣,N,工業,工業工程,工業及設備,16441767780.0,2024-04-26T16:02:09,工业,工业工程,工业及设备,时代电气,03898.HK,164.4,ODSH,3898,16.46,30.350,180.62,3898.HK,,1000000.0,2.75,+3.76,12.94,+1.100,HKD,時代電氣,B,,3.76,30.350,1.8,3898.HK,"国企改革,电子信息,高铁",0.9670322720512785
03899,中集安瑞科,N,能源,石油及天然氣,油氣設備與服務,15536606324.08,2024-04-26T16:02:09,能源,石油及天然气,油气设备与服务,中集安瑞科,03899.HK,155.4,ODSH,3899,15.49,7.640,13.16,3899.HK,,1000000.0,3.93,+0.13,12.89,+0.010,HKD,中集安瑞科,B,,0.13,7.640,0.1,3899.HK,"冬奥会,天然气,氢能源,现代服务业,页岩气",0.00018807071744934853
03900,綠城中國,N,地產建築,地產,地產發展商,15141352166.2,2024-04-26T16:02:09,地产建筑,地产,地产发展商,绿城中国,03900.HK,151.4,ODSH,3900,15.26,6.030,148.76,3900.HK,,1000000.0,7.66,+12.92,4.60,+0.690,HKD,綠城中國,B,,12.92,6.030,1.5,3900.HK,"MSCI,内地房地产,知名公司",4.391137840242767
03903,瀚華金控,N,金融,其他金融,信貸,304200000.0,2024-04-26T16:02:10,金融,其他金融,信贷,瀚华金控,03903.HK,3.0,ODSH,3903,304.20,0.260,,3903.HK,,,,-3.70,35.14,-0.010,HKD,瀚華金控,M,,-3.7,0.260,0.0,3903.HK,"互联网信贷,互联网金融,小额贷款,金融科技",0.0
03908,中金公司,N,金融,其他金融,證券及經紀,18637364250.12,2024-04-26T16:02:09,金融,其他金融,证券及经纪,中金公司,03908.HK,186.4,ODSH,3908,18.58,9.760,532.54,3908.HK,,1000000.0,1.97,+10.03,8.00,+0.890,HKD,中金公司,B,,10.03,9.760,5.3,3908.HK,"MSCI,中资券商股,腾讯,财产管理,阿里巴巴",10.75325676500121
03913,合景悠活,N,地產建築,地產,物業管理及服務,719179915.18,2024-04-26T16:02:10,地产建筑,地产,物业管理及服务,合景悠活,03913.HK,7.2,ODSH,3913,729.30,0.360,1.56,3913.HK,,1000000.0,,+14.29,22.36,+0.045,HKD,合景悠活,M,,14.29,0.360,0.0,3913.HK,物业管理,0.0
03918,金界控股,N,非必需性消費,旅遊及休閒設施,賭場及博彩,18753478278.4,2024-04-26T16:02:09,非必需性消费,旅游及休闲设施,赌场及博彩,金界控股,03918.HK,187.5,ODSH,3918,18.79,4.250,5.08,3918.HK,,1000000.0,,+2.41,13.57,+0.100,HKD,金界控股,B,,2.41,4.250,0.1,3918.HK,"博彩,外国公司",0.027466098098674497
03919,金力集團,N,工業,工業工程,能源儲存相關,29160000.0,2024-04-26T16:02:10,工业,工业工程,能源储存相关,金力集团,03919.HK,0.3,ODSH,3919,29.16,0.054,108.0,3919.HK,,,,+3.85,,+0.002,HKD,金力集團,M,,3.85,0.054,0.0,3919.HK,,0.0
03928,S&T HLDGS,N,地產建築,建築,重型基建,528000000.0,2024-04-26T16:02:10,地产建筑,建筑,重型基建,S&T HLDGS,03928.HK,5.3,ODSH,3928,528.00,1.100,,3928.HK,,,,0.00,,0.000,HKD,S&T HLDGS,M,,0.0,1.100,0.0,3928.HK,基础建设,0.0
03931,中創新航,N,非必需性消費,汽車,汽車零件,8808020712.0,2024-04-26T16:02:11,非必需性消费,汽车,汽车零件,中创新航,03931.HK,88.1,ODSH,3931,8.79,14.380,4.95,3931.HK,,1000000.0,,+0.70,80.74,+0.100,HKD,中創新航,B,,0.7,14.380,0.0,3931.HK,锂电池,0.0
03933,聯邦制藥,N,醫療保健,藥品及生物科技,醫藥品,17352603151.4,2024-04-26T16:02:09,医疗保健,药品及生物科技,医药品,联邦制药,03933.HK,173.5,ODSH,3933,17.27,9.510,53.14,3933.HK,,1000000.0,5.88,-2.66,5.97,-0.260,HKD,聯邦制藥,B,,-2.66,9.510,0.5,3933.HK,"医药股,抗癌,生物医药",0.16099721173367884
03938,LFG投資控股,N,金融,其他金融,其他金融,52369222.485,2024-04-26T16:02:10,金融,其他金融,其他金融,LFG投资控股,03938.HK,0.5,ODSH,3938,52.77,0.130,,3938.HK,,,19.23,0.00,,0.000,HKD,ＬＦＧ投資控股,M,,0.0,0.130,0.0,3938.HK,,0.0
03939,萬國國際礦業,N,原材料,一般金屬及礦石,銅,7038000000.0,2024-04-26T16:02:09,原材料,一般金属及矿石,铜,万国国际矿业,03939.HK,70.4,ODSH,3939,7.02,8.480,19.66,3939.HK,,1000000.0,2.36,+0.36,19.48,+0.030,HKD,萬國國際礦業,B,,0.36,8.480,0.2,3939.HK,"小金属,金属铅,金属锌,铜",0.0028581695199039305
03958,東方證券,N,金融,其他金融,證券及經紀,3348549515.28,2024-04-26T16:02:09,金融,其他金融,证券及经纪,东方证券,03958.HK,33.5,ODSH,3958,3.34,3.260,51.23,3958.HK,,1000000.0,4.93,+7.59,10.14,+0.230,HKD,東方證券,B,,7.59,3.260,0.5,3958.HK,中资券商股,0.9589305579664076
03963,融眾金融,N,金融,其他金融,信貸,203654386.995,2024-04-26T16:02:09,金融,其他金融,信贷,融众金融,03963.HK,2.0,ODSH,3963,203.65,0.345,,3963.HK,,,,0.00,,0.000,HKD,融眾金融,M,,0.0,0.345,0.0,3963.HK,融资租赁,0.0
03968,招商銀行,N,金融,銀行,銀行,157008820082.4,2024-04-26T16:02:09,金融,银行,银行,招商银行,03968.HK,1570.1,ODSH,3968,157.23,34.250,970.75,3968.HK,,1000000.0,6.16,+0.44,5.69,+0.150,HKD,招商銀行,B,,0.44,34.250,9.7,3968.HK,"内银股,国企改革,知名公司,财产管理",0.12484875385348203
03969,中國通號,N,資訊科技,軟件服務,系統開發及顧問,6182035140.0,2024-04-26T16:02:09,科技,软件服务,系统开发及顾问,中国通号,03969.HK,61.8,ODSH,3969,6.20,3.150,27.61,3969.HK,,1000000.0,5.79,-0.32,9.18,-0.010,HKD,中國通號,B,,-0.32,3.150,0.3,3969.HK,"MSCI,新经济,高铁",0.0035540803006392807
03978,卓越教育集團,N,非必需性消費,支援服務,教育,2660273940.0,2024-04-26T16:02:11,非必需性消费,支援服务,教育,卓越教育集团,03978.HK,26.6,ODSH,3978,2.67,3.160,8.44,3978.HK,,1000000.0,1.11,+6.04,24.35,+0.180,HKD,卓越教育集團,B,,6.04,3.160,0.1,3978.HK,"K12教育,教育服务",0.14773060949911956
03983,中海石油化學,N,原材料,其他原材料,化肥及農用化合物,4472040303.78,2024-04-26T16:02:09,原材料,其他原材料,化肥及农用化合物,中海石油化学,03983.HK,44.7,ODSH,3983,4.50,2.510,12.42,3983.HK,,1000000.0,8.82,+1.62,4.54,+0.040,HKD,中海石油化學,B,,1.62,2.510,0.1,3983.HK,"国企改革,天然气,海南板块",0.01941498229760623
03988,中國銀行,N,金融,銀行,銀行,289333076326.7,2024-04-26T16:02:09,金融,银行,银行,中国银行,03988.HK,2893.3,ODSH,3988,290.16,3.470,2.28,3988.HK,,1000000000.0,7.29,-0.57,4.38,-0.020,HKD,中國銀行,B,,-0.57,3.470,22.8,3988.HK,"内银股,国企改革,知名公司,财产管理",0.4296092412600651
03989,首創環境,N,公用事業,公用事業,潔能,1215052319.195,2024-04-26T16:02:09,公用事业,公用事业,洁能,首创环境,03989.HK,12.2,ODSH,3989,1.21,0.085,97.87,3989.HK,,1000.0,,0.00,3.95,0.000,HKD,首創環境,B,,0.0,0.085,0.0,3989.HK,"环保,生物质能发电,节能环保",0.0
03990,美的置業,N,地產建築,地產,地產發展商,5626813013.36,2024-04-26T16:02:10,地产建筑,地产,地产发展商,美的置业,03990.HK,56.3,ODSH,3990,5.65,3.940,7.41,3990.HK,,1000000.0,9.14,+7.36,5.56,+0.270,HKD,美的置業,B,,7.36,3.940,0.1,3990.HK,"内地房地产,粤港澳",0.16547685941680387
03991,長虹佳華,N,資訊科技,資訊科技器材,電腦及周邊,640046880.0,2024-04-26T16:02:10,科技,资讯科技器材,电脑及周边,长虹佳华,03991.HK,6.4,ODSH,3991,640.04,0.440,320.33,3991.HK,,1000.0,11.36,+2.33,3.14,+0.010,HKD,長虹佳華,M,,2.33,0.440,0.0,3991.HK,,0.0
03993,洛陽鉬業,N,原材料,一般金屬及礦石,其他金屬及礦石,30169699560.0,2024-04-26T16:02:09,原材料,一般金属及矿石,其他金属及矿石,洛阳钼业,03993.HK,301.7,ODSH,3993,30.09,7.650,438.77,3993.HK,,1000000.0,2.16,+6.99,18.75,+0.500,HKD,洛陽鉬業,B,,6.99,7.650,4.4,3993.HK,"国企改革,宁德时代,小金属,碳中和,金属铅,金属锌,金属镍",5.1054431209219855
03996,中國能源建設,N,工業,工業工程,環保工程,7317324440.0,2024-04-26T16:02:09,工业,工业工程,环保工程,中国能源建设,03996.HK,73.2,ODSH,3996,7.40,0.800,16.07,3996.HK,,1000000.0,3.48,+2.56,4.15,+0.020,HKD,中國能源建設,B,,2.56,0.800,0.2,3996.HK,"土壤修复,氢能源,现代服务业,超超临界发电",0.07065251759048713
03997,電訊首科,N,資訊科技,資訊科技器材,電訊設備,46844830.0,2024-04-26T16:02:10,科技,资讯科技器材,电讯设备,电讯首科,03997.HK,0.5,ODSH,3997,47.48,0.370,,3997.HK,,,,0.00,,0.000,HKD,電訊首科,M,,0.0,0.370,0.0,3997.HK,电讯设备,0.0
03998,波司登,N,非必需性消費,紡織及服飾,服裝,49581527887.9,2024-04-26T16:02:09,非必需性消费,纺织及服饰,服装,波司登,03998.HK,495.8,ODSH,3998,49.68,4.540,95.19,3998.HK,,1000000.0,4.07,-0.44,21.44,-0.020,HKD,波司登,B,,-0.44,4.540,1.0,3998.HK,"体育,体育用品股,品牌服饰,知名公司",0.014926855494154304
03999,大成食品,N,必需性消費,農產品,養殖相關,619875290.0,2024-04-26T16:02:09,必需性消费,农产品,养殖相关,大成食品,03999.HK,6.2,ODSH,3999,619.87,0.610,29.29,3999.HK,,1000.0,,0.00,12.25,0.000,HKD,大成食品,M,,0.0,0.610,0.0,3999.HK,"农业现代化,台资企业",0.0
06030,中信証券,N,金融,其他金融,資產管理,32279346853.6,2024-04-26T16:02:09,金融,其他金融,资产管理,中信证券,06030.HK,322.8,ODSH,6030,32.33,12.340,347.65,6030.HK,,1000000.0,4.13,+6.93,8.85,+0.800,HKD,中信証券,B,,6.93,12.340,3.5,6030.HK,"中信系,中资券商股,国企改革,腾讯,财产管理",3.9739133688276818
06033,電訊數碼控股,N,資訊科技,資訊科技器材,電訊設備,250326860.0,2024-04-26T16:02:09,科技,资讯科技器材,电讯设备,电讯数码控股,06033.HK,2.5,ODSH,6033,250.32,0.620,75.45,6033.HK,,1000.0,4.84,-1.59,3.31,-0.010,HKD,電訊數碼控股,M,,-1.59,0.620,0.0,6033.HK,电讯设备,0.0
06036,光麗科技,N,工業,工業工程,工業及設備,462297300.0,2024-04-26T16:02:10,工业,工业工程,工业及设备,光丽科技,06036.HK,4.6,ODSH,6036,462.29,0.430,341.47,6036.HK,,1000.0,,+2.38,,+0.010,HKD,光麗科技,M,,2.38,0.430,0.0,6036.HK,,0.0
06038,信越控股,N,地產建築,建築,建築及服務,218000000.0,2024-04-26T16:02:09,地产建筑,建筑,建筑及服务,信越控股,06038.HK,2.2,ODSH,6038,218.00,0.218,32.64,6038.HK,,1000.0,16.06,-2.24,3.82,-0.005,HKD,信越控股,M,,-2.24,0.218,0.0,6038.HK,,0.0
06049,保利物業,N,地產建築,地產,物業管理及服務,4523335300.0,2024-04-26T16:02:10,地产建筑,地产,物业管理及服务,保利物业,06049.HK,45.2,ODSH,6049,4.53,29.600,106.11,6049.HK,,1000000.0,3.61,+6.86,11.02,+1.900,HKD,保利物業,B,,6.86,29.600,1.1,6049.HK,物业管理,1.7280813557185792
06055,中煙香港,N,必需性消費,食品飲料,煙草,8300160000.0,2024-04-26T16:02:10,必需性消费,食品饮料,烟草,中烟香港,06055.HK,83.0,ODSH,6055,8.32,12.040,31.54,6055.HK,,1000000.0,2.66,+3.44,13.91,+0.400,HKD,中煙香港,B,,3.44,12.040,0.3,6055.HK,烟草,0.1595338356606703
06058,興證國際,N,金融,其他金融,證券及經紀,840000000.0,2024-04-26T16:02:11,金融,其他金融,证券及经纪,兴证国际,06058.HK,8.4,ODSH,6058,840.00,0.210,173.83,6058.HK,,1000.0,,0.00,15.44,0.000,HKD,興證國際,M,,0.0,0.210,0.0,6058.HK,中资券商股,0.0
06060,眾安在線,N,金融,保險,保險,18599548990.0,2024-04-26T16:02:10,金融,保险,保险,众安在线,06060.HK,186.0,ODSH,6060,18.65,13.140,85.23,6060.HK,,1000000.0,,+8.42,4.42,+1.020,HKD,眾安在綫,B,,8.42,13.140,0.9,6060.HK,"MSCI,互联网保险,互联网医疗,互联网金融,保险,内险股,区块链,新经济,新经济,知名公司,腾讯,金融科技",1.446535181477309
06063,智中國際,N,地產建築,建築,建築及服務,450000000.0,2024-04-26T16:02:10,地产建筑,建筑,建筑及服务,智中国际,06063.HK,4.5,ODSH,6063,450.00,0.225,3.3,6063.HK,,1000000.0,,+8.17,,+0.017,HKD,智中國際,M,,8.17,0.225,0.0,6063.HK,,0.0
06066,中信建投証券,N,金融,其他金融,證券及經紀,7881398512.5,2024-04-26T16:02:09,金融,其他金融,证券及经纪,中信建投证券,06066.HK,78.8,ODSH,6066,7.89,6.260,74.08,6066.HK,,1000000.0,4.27,+7.38,7.50,+0.430,HKD,中信建投証券,B,,7.38,6.260,0.7,6066.HK,中资券商股,1.091020726058547
06068,光正教育,N,非必需性消費,支援服務,教育,653446200.0,2024-04-26T16:02:09,非必需性消费,支援服务,教育,光正教育,06068.HK,6.5,ODSH,6068,675.22,0.310,162.84,6068.HK,,1000.0,17.74,0.00,3.82,0.000,HKD,光正教育,M,,0.0,0.310,0.0,6068.HK,"K12教育,教育服务",0.0
06069,盛業,N,金融,其他金融,信貸,4325207500.0,2024-04-26T16:02:10,金融,其他金融,信贷,盛业,06069.HK,43.3,ODSH,6069,4.33,4.380,5.58,6069.HK,,1000000.0,6.14,+0.46,14.98,+0.020,HKD,盛業,B,,0.46,4.380,0.1,6069.HK,,0.002428688785967942
06078,海吉亞醫療,N,醫療保健,醫療保健設備及服務,醫療及醫學美容服務,20461384080.0,2024-04-26T16:02:11,医疗保健,医疗保健设备及服务,医疗及医学美容服务,海吉亚医疗,06078.HK,204.6,ODSH,6078,20.42,32.350,94.59,6078.HK,,1000000.0,,+5.72,27.89,+1.750,HKD,海吉亞醫療,B,,5.72,32.350,0.9,6078.HK,,0.8419268562297222
06080,榮智控股,N,地產建築,建築,建築及服務,44820000.0,2024-04-26T16:02:10,地产建筑,建筑,建筑及服务,荣智控股,06080.HK,0.4,ODSH,6080,44.82,0.048,,6080.HK,,,,0.00,4.57,0.000,HKD,榮智控股,M,,0.0,0.048,0.0,6080.HK,,0.0
06083,環宇物流(亞洲),N,工業,工業支援,採購及供應鏈管理,125460778.5,2024-04-26T16:02:11,工业,工业支援,采购及供应链管理,环宇物流(亚洲),06083.HK,1.3,ODSH,6083,125.46,0.250,,6083.HK,,,16.00,0.00,6.27,0.000,HKD,環宇物流（亞洲）,M,,0.0,0.250,0.0,6083.HK,,0.0
06088,FIT HON TENG,N,資訊科技,資訊科技器材,電訊設備,17131379144.2,2024-04-26T16:02:10,科技,资讯科技器材,电讯设备,FIT HON TENG,06088.HK,171.3,ODSH,6088,17.13,2.350,75.91,6088.HK,,1000000.0,,+10.85,16.57,+0.230,HKD,FIT HON TENG,B,,10.85,2.350,0.8,6088.HK,"台资企业,富士康,新经济,电讯设备",1.8254479797197989
06093,和泓服務,N,地產建築,地產,物業管理及服務,840000000.0,2024-04-26T16:02:10,地产建筑,地产,物业管理及服务,和泓服务,06093.HK,8.4,ODSH,6093,840.00,1.500,3.0,6093.HK,,1000.0,,-3.23,10.08,-0.050,HKD,和泓服務,M,,-3.23,1.500,0.0,6093.HK,物业管理,0.0
06098,碧桂園服務,N,地產建築,地產,物業管理及服務,16347369443.04,2024-04-26T16:02:10,地产建筑,地产,物业管理及服务,碧桂园服务,06098.HK,163.5,ODSH,6098,16.38,4.900,142.23,6098.HK,,1000000.0,6.44,+4.48,52.63,+0.210,HKD,碧桂園服務,B,,4.48,4.900,1.4,6098.HK,"物业管理,知名公司",0.9654422959268666
06099,招商證券,N,金融,其他金融,證券及經紀,8475568201.1,2024-04-26T16:02:09,金融,其他金融,证券及经纪,招商证券,06099.HK,84.8,ODSH,6099,8.47,6.650,72.25,6099.HK,,1000000.0,4.05,+6.91,6.61,+0.430,HKD,招商證券,B,,6.91,6.650,0.7,6099.HK,中资券商股,0.9845113286055653
06100,同道獵聘,N,非必需性消費,支援服務,其他支援服務,1558885835.22,2024-04-26T16:02:10,非必需性消费,支援服务,其他支援服务,同道猎聘,06100.HK,15.6,ODSH,6100,1.55,3.030,25.9,6100.HK,,1000000.0,,+9.39,"1,782.35",+0.260,HKD,同道獵聘,B,,9.39,3.030,0.3,6100.HK,,0.912433783324695
06108,新銳醫藥,N,醫療保健,藥品及生物科技,西藥分銷,61858326.309,2024-04-26T16:02:10,医疗保健,药品及生物科技,西药分销,新锐医药,06108.HK,0.6,ODSH,6108,61.85,0.037,51.91,6108.HK,,1000.0,,+2.78,,+0.001,HKD,新銳醫藥,M,,2.78,0.037,0.0,6108.HK,现代服务业,0.0
06110,滔搏,N,非必需性消費,零售相關,服裝零售,33734647810.56,2024-04-26T16:02:10,非必需性消费,零售相关,服装零售,滔搏,06110.HK,337.3,ODSH,6110,33.92,5.470,18.45,6110.HK,,1000000.0,7.11,+4.19,16.79,+0.220,HKD,滔搏,B,,4.19,5.470,0.2,6110.HK,"体育,体育用品股,高股息",0.11221655964020162
06111,大發地產,S,地產建築,地產,地產發展商,76588941.0,2024-04-26T16:02:10,地产建筑,地产,地产发展商,大发地产,06111.HK,0.8,ODSH,6111,76.58,0.093,,6111.HK,,,,0.00,,0.000,HKD,大發地產,M,True,0.0,0.093,0.0,6111.HK,内地房地产,0.0
06113,UTS MARKETING,N,非必需性消費,媒體及娛樂,廣告及宣傳,380000000.0,2024-04-26T16:02:10,非必需性消费,媒体及娱乐,广告及宣传,UTS MARKETING,06113.HK,3.8,ODSH,6113,380.00,0.950,,6113.HK,,,5.26,0.00,22.62,0.000,HKD,UTS MARKETING,M,,0.0,0.950,0.0,6113.HK,,0.0
06116,拉夏貝爾,S,非必需性消費,紡織及服飾,服裝,53697450.0,2024-04-26T16:02:10,非必需性消费,纺织及服饰,服装,拉夏贝尔,06116.HK,0.5,ODSH,6116,53.69,0.250,,6116.HK,,,,0.00,,0.000,HKD,拉夏貝爾,M,True,0.0,0.250,0.0,6116.HK,品牌服饰,0.0
06117,日照港裕廊,N,工業,工業運輸,航運及港口,451000000.0,2024-04-26T16:02:10,工业,工业运输,航运及港口,日照港裕廊,06117.HK,4.5,ODSH,6117,451.00,0.550,34.68,6117.HK,,1000.0,4.67,0.00,3.91,0.000,HKD,日照港裕廊,M,,0.0,0.550,0.0,6117.HK,,0.0
06118,奧星生命科技,N,醫療保健,藥品及生物科技,生物技術,430568880.0,2024-04-26T16:02:09,医疗保健,药品及生物科技,生物技术,奥星生命科技,06118.HK,4.3,ODSH,6118,420.31,0.820,441.24,6118.HK,,1000.0,,-7.87,,-0.070,HKD,奧星生命科技,M,,-7.87,0.820,0.0,6118.HK,医疗美容器械,0.0
06119,天源集團,N,工業,工業運輸,航運及港口,264000000.0,2024-04-26T16:02:10,工业,工业运输,航运及港口,天源集团,06119.HK,2.6,ODSH,6119,261.00,0.435,3.47,6119.HK,,1000000.0,,-1.14,12.72,-0.005,HKD,天源集團,M,,-1.14,0.435,0.0,6119.HK,,0.0
06122,九台農商銀行,N,金融,銀行,銀行,1005161156.48,2024-04-26T16:02:09,金融,银行,银行,九台农商银行,06122.HK,10.1,ODSH,6122,1.00,1.040,,6122.HK,,,,0.00,29.21,0.000,HKD,九台農商銀行,B,,0.0,1.040,0.0,6122.HK,内银股,0.0
06123,圓通國際快遞,N,工業,工業運輸,航空貨運及物流,504228000.0,2024-04-26T16:02:09,工业,工业运输,航空货运及物流,圆通国际快递,06123.HK,5.0,ODSH,6123,504.22,1.200,431.34,6123.HK,,1000.0,1.92,0.00,5.18,0.000,HKD,圓通國際快遞,M,,0.0,1.200,0.0,6123.HK,"双十一,物流",0.0
06127,昭衍新藥,N,醫療保健,藥品及生物科技,生物技術,1144733881.72,2024-04-26T16:02:10,医疗保健,药品及生物科技,生物技术,昭衍新药,06127.HK,11.4,ODSH,6127,1.14,9.620,9.25,6127.HK,,1000000.0,1.78,+4.11,16.98,+0.380,HKD,昭衍新藥,B,,4.11,9.620,0.1,6127.HK,CXO,0.10590767380498933
06128,烯石電車新材料,N,原材料,一般金屬及礦石,其他金屬及礦石,110524225.743,2024-04-26T16:02:09,原材料,一般金属及矿石,其他金属及矿石,烯石电车新材料,06128.HK,1.1,ODSH,6128,110.52,0.123,65.08,6128.HK,,1000.0,,-3.15,,-0.004,HKD,烯石電車新材料,M,,-3.15,0.123,0.0,6128.HK,现代服务业,0.0
06133,維太創科,S,資訊科技,資訊科技器材,電訊設備,194650000.0,2024-04-26T16:02:10,科技,资讯科技器材,电讯设备,维太创科,06133.HK,1.9,ODSH,6133,194.65,0.229,,6133.HK,,,,0.00,,0.000,HKD,維太創科,M,True,0.0,0.229,0.0,6133.HK,"5G,电子信息,电讯设备",0.0
06136,康達環保,N,公用事業,公用事業,水務,498558255.0,2024-04-26T16:02:09,公用事业,公用事业,水务,康达环保,06136.HK,5.0,ODSH,6136,498.55,0.233,114.31,6136.HK,,1000.0,,-6.43,3.73,-0.016,HKD,康達環保,M,,-6.43,0.233,0.0,6136.HK,节能环保,0.0
06138,哈爾濱銀行,N,金融,銀行,銀行,891953150.0,2024-04-26T16:02:10,金融,银行,银行,哈尔滨银行,06138.HK,8.9,ODSH,6138,891.95,0.295,816.82,6138.HK,,1000.0,,+1.72,13.79,+0.005,HKD,哈爾濱銀行,M,,1.72,0.295,0.0,6138.HK,"内银股,国企改革,财产管理",0.0
06158,正榮地產,N,地產建築,地產,地產發展商,200916776.0,2024-04-26T16:02:10,地产建筑,地产,地产发展商,正荣地产,06158.HK,2.0,ODSH,6158,218.38,0.050,210.43,6158.HK,,1000.0,,+13.64,,+0.006,HKD,正榮地產,M,,13.64,0.050,0.0,6158.HK,内地房地产,0.0
06160,百濟神州,N,醫療保健,藥品及生物科技,生物技術,124736360855.75,2024-04-26T16:02:11,医疗保健,药品及生物科技,生物技术,百济神州,06160.HK,1247.4,ODSH,6160,124.60,91.650,144.85,6160.HK,,1000000.0,,+1.83,,+1.650,HKD,百濟神州,B,,1.83,91.650,1.4,6160.HK,"创新药,双重主要上市中概股,回港中概股,抗癌,知名公司,肝炎",0.19459115422675863
06162,天瑞汽車內飾,N,非必需性消費,汽車,汽車零件,172000000.0,2024-04-26T16:02:10,非必需性消费,汽车,汽车零件,天瑞汽车内饰,06162.HK,1.7,ODSH,6162,180.00,0.090,21.15,6162.HK,,1000.0,,+3.45,45.00,+0.003,HKD,天瑞汽車內飾,M,,3.45,0.090,0.0,6162.HK,,0.0
06163,彭順國際,N,工業,工業工程,商用車及貨車,49015980.0,2024-04-26T16:02:10,工业,工业工程,商用车及货车,彭顺国际,06163.HK,0.5,ODSH,6163,49.01,0.195,,6163.HK,,,,0.00,,0.000,HKD,彭順國際,M,,0.0,0.195,0.0,6163.HK,,0.0
06169,宇華教育,N,非必需性消費,支援服務,教育,2452615760.44,2024-04-26T16:02:10,非必需性消费,支援服务,教育,宇华教育,06169.HK,24.5,ODSH,6169,2.41,0.670,2.31,6169.HK,,1000000.0,,+3.08,1.96,+0.020,HKD,宇華教育,B,,3.08,0.670,0.0,6169.HK,教育服务,0.0
06178,光大證券,N,金融,其他金融,證券及經紀,3907692840.0,2024-04-26T16:02:09,金融,其他金融,证券及经纪,光大证券,06178.HK,39.1,ODSH,6178,3.89,5.530,42.21,6178.HK,,1000000.0,5.43,+6.55,6.15,+0.340,HKD,光大證券,B,,6.55,5.530,0.4,6178.HK,"中资券商股,光大系",0.6077869473343106
06182,乙德投資控股,N,地產建築,建築,建築及服務,108800000.0,2024-04-26T16:02:10,地产建筑,建筑,建筑及服务,乙德投资控股,06182.HK,1.1,ODSH,6182,108.80,0.136,,6182.HK,,,,0.00,,0.000,HKD,乙德投資控股,M,,0.0,0.136,0.0,6182.HK,,0.0
06185,康希諾生物,N,醫療保健,藥品及生物科技,生物技術,2488906084.0,2024-04-26T16:02:10,医疗保健,药品及生物科技,生物技术,康希诺生物,06185.HK,24.9,ODSH,6185,2.49,18.800,27.55,6185.HK,,1000000.0,,+2.40,,+0.440,HKD,康希諾生物,B,,2.4,18.800,0.3,6185.HK,抗疫,0.12009446273696342
06186,中國飛鶴,N,必需性消費,食品飲料,乳製品,39442544912.4,2024-04-26T16:02:10,必需性消费,食品饮料,乳制品,中国飞鹤,06186.HK,394.4,ODSH,6186,39.35,4.340,69.0,6186.HK,,1000000.0,6.53,+3.09,10.84,+0.130,HKD,中國飛鶴,B,,3.09,4.340,0.7,6186.HK,"三胎,乳业,知名公司",0.24791017364422535
06188,迪信通,N,資訊科技,資訊科技器材,電訊設備,993256324.0,2024-04-26T16:02:09,科技,资讯科技器材,电讯设备,迪信通,06188.HK,9.9,ODSH,6188,993.25,1.810,,6188.HK,,,,0.00,,0.000,HKD,迪信通,M,,0.0,1.810,0.0,6188.HK,"京东,现代服务业,电讯设备",0.0
06189,愛得威建設集團,N,地產建築,建築,建築及服務,12427074.0,2024-04-26T16:02:10,地产建筑,建筑,建筑及服务,爱得威建设集团,06189.HK,0.1,ODSH,6189,12.42,0.198,2.17,6189.HK,,1000.0,,0.00,,0.000,HKD,愛得威建設集團,M,,0.0,0.198,0.0,6189.HK,,0.0
06190,九江銀行,N,金融,銀行,銀行,3014795000.0,2024-04-26T16:02:09,金融,银行,银行,九江银行,06190.HK,30.1,ODSH,6190,3.01,6.250,27.05,6190.HK,,1000.0,1.03,-2.34,38.94,-0.150,HKD,九江銀行,B,,-2.34,6.250,0.0,6190.HK,内银股,0.0
06193,泰林科建,N,地產建築,建築,建築材料,76400000.0,2024-04-26T16:02:10,地产建筑,建筑,建筑材料,泰林科建,06193.HK,0.8,ODSH,6193,76.40,0.191,,6193.HK,,,,0.00,,0.000,HKD,泰林科建,M,,0.0,0.191,0.0,6193.HK,,0.0
06196,鄭州銀行,N,金融,銀行,銀行,1555752660.0,2024-04-26T16:02:09,金融,银行,银行,郑州银行,06196.HK,15.6,ODSH,6196,1.53,0.760,22.38,6196.HK,,1000000.0,,+2.70,4.74,+0.020,HKD,鄭州銀行,B,,2.7,0.760,0.2,6196.HK,"内银股,现代服务业",0.10649022273411309
06198,青島港,N,工業,工業運輸,航運及港口,5659978750.0,2024-04-26T16:02:09,工业,工业运输,航运及港口,青岛港,06198.HK,56.6,ODSH,6198,5.68,5.170,24.8,6198.HK,,1000000.0,6.06,0.00,6.37,0.000,HKD,青島港,B,,0.0,5.170,0.2,6198.HK,"国企改革,物流,自由贸易港",0.0
06199,貴州銀行,N,金融,銀行,銀行,3322000000.0,2024-04-26T16:02:10,金融,银行,银行,贵州银行,06199.HK,33.2,ODSH,6199,3.32,1.510,,6199.HK,,,3.54,0.00,5.88,0.000,HKD,貴州銀行,B,,0.0,1.510,0.0,6199.HK,内银股,0.0
06288,FAST RETAIL-DRS,N,非必需性消費,紡織及服飾,服裝,10600000000.0,2024-04-26T16:02:10,非必需性消费,纺织及服饰,服装,FAST RETAIL-DRS,06288.HK,106.0,DPRC,6288,10.60,21.200,,6288.HK,,,0.82,0.00,42.66,0.000,HKD,FAST RETAIL-DRS,B,,0.0,21.200,0.0,6288.HK,"品牌服饰,外国公司",0.0
06600,賽生藥業,N,醫療保健,藥品及生物科技,醫藥品,11297640456.0,2024-04-26T16:02:11,医疗保健,药品及生物科技,医药品,赛生药业,06600.HK,113.0,ODSH,6600,11.29,18.000,75.21,6600.HK,,1000000.0,,+0.11,9.22,+0.020,HKD,賽生藥業,B,,0.11,18.000,0.8,6600.HK,,0.0011534393157120644
06601,朝雲集團,N,非必需性消費,家庭電器及用品,家具,2160000270.0,2024-04-26T16:02:11,非必需性消费,家庭电器及用品,家具,朝云集团,06601.HK,21.6,ODSH,6601,2.14,1.610,763.26,6601.HK,,1000.0,7.16,-1.23,11.47,-0.020,HKD,朝雲集團,B,,-1.23,1.610,0.0,6601.HK,,0.0
06606,諾輝健康,S,醫療保健,醫療保健設備及服務,醫健設備,6473477347.12,2024-04-26T16:02:11,医疗保健,医疗保健设备及服务,医健设备,诺辉健康,06606.HK,64.7,ODSH,6606,6.47,14.140,,6606.HK,,,,0.00,,0.000,HKD,諾輝健康,B,True,0.0,14.140,0.0,6606.HK,幽门螺杆菌,0.0
06608,百融雲-W,N,資訊科技,軟件服務,系統開發及顧問,4643465577.08,2024-04-26T16:02:10,科技,软件服务,系统开发及顾问,百融云-W,06608.HK,46.4,ODSH,6608,4.66,9.500,26.64,6608.HK,,1000000.0,,-1.55,12.41,-0.150,HKD,百融雲－Ｗ,B,,-1.55,9.500,0.3,6608.HK,"SaaS,同股不同权",0.05396647942067274
06609,心瑋醫療-B,N,醫療保健,醫療保健設備及服務,醫健設備,565659207.68,2024-04-26T16:02:10,医疗保健,医疗保健设备及服务,医健设备,心玮医疗-B,06609.HK,5.7,ODSH,6609,583.33,18.480,1.82,6609.HK,,1000000.0,,+8.32,,+1.420,HKD,心瑋醫療－Ｂ,M,,8.32,18.480,0.0,6609.HK,生物医药B类,0.0
06610,飛天雲動,N,資訊科技,軟件服務,,1104100000.0,2024-04-26T16:02:11,科技,软件服务,软件开发,飞天云动,06610.HK,11.0,ODSH,6610,1.08,0.600,6.15,6610.HK,,1000000.0,,+9.09,3.85,+0.050,HKD,飛天雲動,B,,9.09,0.600,0.1,6610.HK,,0.31838274982552073
06611,三巽集團,N,地產建築,地產,地產發展商,45935972.0,2024-04-26T16:02:11,地产建筑,地产,地产发展商,三巽集团,06611.HK,0.5,ODSH,6611,45.93,0.068,10.74,6611.HK,,1000.0,,+7.94,,+0.005,HKD,三巽集團,M,,7.94,0.068,0.0,6611.HK,,0.0
06616,環球新材國際,N,原材料,其他原材料,特殊化工用品,4843982216.12,2024-04-26T16:02:10,原材料,其他原材料,特殊化工用品,环球新材国际,06616.HK,48.4,ODSH,6616,4.84,3.910,12.53,6616.HK,,1000000.0,,0.00,24.36,0.000,HKD,環球新材國際,B,,0.0,3.910,0.1,6616.HK,,0.0
06618,京東健康,N,醫療保健,藥品及生物科技,西藥分銷,84830461952.6,2024-04-26T16:02:11,医疗保健,药品及生物科技,西药分销,京东健康,06618.HK,848.3,ODSH,6618,85.14,26.700,209.5,6618.HK,,1000000.0,,+7.66,36.26,+1.900,HKD,京東健康,B,,7.66,26.700,2.1,6618.HK,"互联网医疗,京东,抗疫",2.3910153732541097
06622,兆科眼科-B,N,醫療保健,藥品及生物科技,醫藥品,819208758.0,2024-04-26T16:02:11,医疗保健,药品及生物科技,医药品,兆科眼科-B,06622.HK,8.2,ODSH,6622,819.20,1.500,1.32,6622.HK,,1000000.0,,-2.60,,-0.040,HKD,兆科眼科－Ｂ,M,,-2.6,1.500,0.0,6622.HK,生物医药B类,0.0
06623,陸控,N,金融,其他金融,信貸,20913446959.68,2024-04-26T16:02:10,金融,其他金融,信贷,陆控,06623.HK,209.1,ODSH,6623,21.07,18.380,1.33,6623.HK,,1000000.0,54.62,+5.63,,+0.980,HKD,陸控,B,,5.63,18.380,0.0,6623.HK,次新股,0.0
06626,越秀服務,N,地產建築,地產,物業管理及服務,4261684495.6,2024-04-26T16:02:09,地产建筑,地产,物业管理及服务,越秀服务,06626.HK,42.6,ODSH,6626,4.27,2.810,5.73,6626.HK,,1000000.0,6.26,+3.31,8.17,+0.090,HKD,越秀服務,B,,3.31,2.810,0.1,6626.HK,物业管理,0.05720614095669683
06628,創勝集團-B,N,醫療保健,藥品及生物科技,生物技術,776748167.5,2024-04-26T16:02:10,医疗保健,药品及生物科技,生物技术,创胜集团-B,06628.HK,7.8,ODSH,6628,772.38,1.770,227.47,6628.HK,,1000.0,,+1.14,,+0.020,HKD,創勝集團－Ｂ,M,,1.14,1.770,0.0,6628.HK,生物医药B类,0.0
06633,青瓷遊戲,N,資訊科技,軟件服務,綫上遊戲,2032511670.0,2024-04-26T16:02:10,科技,软件服务,线上游戏,青瓷游戏,06633.HK,20.3,ODSH,6633,2.03,2.940,14.6,6633.HK,,1000.0,,+1.03,,+0.030,HKD,青瓷遊戲,B,,1.03,2.940,0.0,6633.HK,"手机游戏,网络游戏",0.0
06638,金融壹賬通,N,資訊科技,軟件服務,,584990326.5,2024-04-26T16:02:10,科技,软件服务,软件开发,金融壹账通,06638.HK,5.8,ODSH,6638,596.69,0.510,223.75,6638.HK,,1000.0,,0.00,,0.000,HKD,金融壹賬通,M,,0.0,0.510,0.0,6638.HK,"SaaS,双重主要上市中概股,回港中概股",0.0
06639,瑞爾集團,N,醫療保健,醫療保健設備及服務,醫療及醫學美容服務,3540085895.0,2024-04-26T16:02:10,医疗保健,医疗保健设备及服务,医疗及医学美容服务,瑞尔集团,06639.HK,35.4,ODSH,6639,3.53,6.090,9.77,6639.HK,,1000000.0,,+6.84,,+0.390,HKD,瑞爾集團,B,,6.84,6.090,0.1,6639.HK,牙科医疗,0.1645943291643169
06655,華新水泥,N,地產建築,建築,建築材料,5466316800.0,2024-04-26T16:02:10,地产建筑,建筑,建筑材料,华新水泥,06655.HK,54.7,ODSH,6655,5.45,7.420,3.22,6655.HK,,1000000.0,7.64,+1.64,5.21,+0.120,HKD,華新水泥,B,,1.64,7.420,0.0,6655.HK,,0.0
06660,艾美疫苗,N,醫療保健,藥品及生物科技,醫藥品,4035824430.2,2024-04-26T16:02:09,医疗保健,药品及生物科技,医药品,艾美疫苗,06660.HK,40.4,ODSH,6660,4.03,8.190,1.48,6660.HK,,1000000.0,,+0.12,,+0.010,HKD,艾美疫苗,B,,0.12,8.190,0.0,6660.HK,,0.0
06661,湖州燃氣,N,公用事業,公用事業,燃氣,287294025.0,2024-04-26T16:02:10,公用事业,公用事业,燃气,湖州燃气,06661.HK,2.9,ODSH,6661,287.29,5.450,,6661.HK,,,5.89,0.00,9.32,0.000,HKD,湖州燃氣,M,,0.0,5.450,0.0,6661.HK,天然气,0.0
06663,國際永勝集團,N,非必需性消費,支援服務,其他支援服務,272000000.0,2024-04-26T16:02:10,非必需性消费,支援服务,其他支援服务,国际永胜集团,06663.HK,2.7,ODSH,6663,272.00,0.340,,6663.HK,,,4.41,0.00,15.38,0.000,HKD,國際永勝集團,M,,0.0,0.340,0.0,6663.HK,,0.0
06666,恒大物業,N,地產建築,地產,物業管理及服務,6162162270.0,2024-04-26T16:02:10,地产建筑,地产,物业管理及服务,恒大物业,06666.HK,61.6,ODSH,6666,6.05,0.560,16.48,6666.HK,,1000000.0,,+9.80,3.66,+0.050,HKD,恒大物業,B,,9.8,0.560,0.2,6666.HK,"物业管理,知名公司",0.47747829308427797
06667,美因基因,N,醫療保健,藥品及生物科技,生物技術,2154559680.0,2024-04-26T16:02:10,医疗保健,药品及生物科技,生物技术,美因基因,06667.HK,21.5,ODSH,6667,2.15,9.100,35.91,6667.HK,,1000.0,,-0.55,59.87,-0.050,HKD,美因基因,B,,-0.55,9.100,0.0,6667.HK,,0.0
06668,星盛商業,N,地產建築,地產,物業管理及服務,1288435320.0,2024-04-26T16:02:11,地产建筑,地产,物业管理及服务,星盛商业,06668.HK,12.9,ODSH,6668,1.28,1.270,2.68,6668.HK,,1000000.0,10.24,+1.60,7.02,+0.020,HKD,星盛商業,B,,1.6,1.270,0.0,6668.HK,物业管理,0.0
06669,先瑞達醫療-B,N,醫療保健,醫療保健設備及服務,醫健設備,1968083993.88,2024-04-26T16:02:09,医疗保健,医疗保健设备及服务,医健设备,先瑞达医疗-B,06669.HK,19.7,ODSH,6669,1.96,6.260,1.86,6669.HK,,1000000.0,,-3.40,121.79,-0.220,HKD,先瑞達醫療－Ｂ,B,,-3.4,6.260,0.0,6669.HK,生物医药B类,0.0
06677,遠洋服務,N,地產建築,地產,物業管理及服務,574240000.0,2024-04-26T16:02:11,地产建筑,地产,物业管理及服务,远洋服务,06677.HK,5.7,ODSH,6677,574.24,0.485,550.68,6677.HK,,1000.0,3.28,+4.30,12.70,+0.020,HKD,遠洋服務,M,,4.3,0.485,0.0,6677.HK,物业管理,0.0
06680,金力永磁,N,原材料,一般金屬及礦石,其他金屬及礦石,1387152096.0,2024-04-26T16:02:10,原材料,一般金属及矿石,其他金属及矿石,金力永磁,06680.HK,13.9,ODSH,6680,1.38,6.890,4.79,6680.HK,,1000000.0,4.04,+2.07,15.32,+0.140,HKD,金力永磁,B,,2.07,6.890,0.0,6680.HK,比亚迪,0.0
06682,第四範式,N,資訊科技,軟件服務,軟件開發,6941323062.5,2024-04-26T16:02:10,科技,软件服务,软件开发,第四范式,06682.HK,69.4,ODSH,6682,6.92,51.100,27.57,6682.HK,,1000000.0,,+6.02,,+2.900,HKD,第四範式,B,,6.02,51.100,0.3,6682.HK,次新股,0.3625507490656981
06683,巨星傳奇,N,必需性消費,食品飲料,非酒精飲料,7553780250.0,2024-04-26T16:02:10,必需性消费,食品饮料,非酒精饮料,巨星传奇,06683.HK,75.5,ODSH,6683,7.55,9.420,31.47,6683.HK,,1000000.0,,+2.28,193.43,+0.210,HKD,巨星傳奇,B,,2.28,9.420,0.3,6683.HK,次新股,0.08865250171842502
06686,諾亞控股,N,金融,其他金融,資產管理,6000813949.5,2024-04-26T16:02:10,金融,其他金融,资产管理,诺亚控股,06686.HK,60.0,ODSH,6686,6.00,18.180,,6686.HK,,,18.15,0.00,5.84,0.000,HKD,諾亞控股,B,,0.0,18.180,0.0,6686.HK,"互联网金融,回港中概股",0.0
06689,洪九果品,S,必需性消費,農產品,農產品相關,1977325881.9,2024-04-26T16:02:09,必需性消费,农产品,农产品相关,洪九果品,06689.HK,19.8,ODSH,6689,1.97,1.740,,6689.HK,,,,0.00,0.49,0.000,HKD,洪九果品,B,True,0.0,1.740,0.0,6689.HK,,0.0
06690,海爾智家,N,非必需性消費,家庭電器及用品,家庭電器,77323730595.3,2024-04-26T16:02:10,非必需性消费,家庭电器及用品,家庭电器,海尔智家,06690.HK,773.2,ODSH,6690,77.46,27.100,266.41,6690.HK,,1000000.0,3.18,+2.46,14.13,+0.650,HKD,海爾智家,B,,2.46,27.100,2.7,6690.HK,"家用电器,新IT,知名公司",0.6234610833379539
06696,多想雲,N,非必需性消費,媒體及娛樂,廣告及宣傳,210000000.0,2024-04-26T16:02:09,非必需性消费,媒体及娱乐,广告及宣传,多想云,06696.HK,2.1,ODSH,6696,210.00,0.175,324.49,6696.HK,,1000.0,,-2.78,3.94,-0.005,HKD,多想雲,M,,-2.78,0.175,0.0,6696.HK,,0.0
06698,星空華文,N,非必需性消費,媒體及娛樂,影視娛樂,1661904160.56,2024-04-26T16:02:10,非必需性消费,媒体及娱乐,影视娱乐,星空华文,06698.HK,16.6,ODSH,6698,1.66,4.190,27.07,6698.HK,,1000000.0,,+5.28,,+0.210,HKD,星空華文,B,,5.28,4.190,0.3,6698.HK,,0.41080995174458257
06699,時代天使,N,醫療保健,醫療保健設備及服務,醫療及醫學美容服務,13485548274.0,2024-04-26T16:02:10,医疗保健,医疗保健设备及服务,医疗及医学美容服务,时代天使,06699.HK,134.9,ODSH,6699,13.51,79.900,36.01,6699.HK,,1000000.0,1.38,+5.13,233.97,+3.900,HKD,時代天使,B,,5.13,79.900,0.4,6699.HK,"医疗美容器械,医美,牙科医疗",0.34427727145274434
06805,金茂源環保,N,工業,工業工程,環保工程,1196370000.0,2024-04-26T16:02:10,工业,工业工程,环保工程,金茂源环保,06805.HK,12.0,ODSH,6805,1.19,1.080,,6805.HK,,,9.26,+0.93,12.29,+0.010,HKD,金茂源環保,B,,0.93,1.080,0.0,6805.HK,,0.0
06806,申萬宏源,N,金融,其他金融,證券及經紀,3756000000.0,2024-04-26T16:02:11,金融,其他金融,证券及经纪,申万宏源,06806.HK,37.6,ODSH,6806,3.75,1.500,42.02,6806.HK,,1000000.0,3.99,+4.90,7.62,+0.070,HKD,申萬宏源,B,,4.9,1.500,0.4,6806.HK,,0.4102725985060251
06808,高鑫零售,N,必需性消費,消費零售,超市及便利店,14881939332.0,2024-04-26T16:02:09,必需性消费,消费零售,超市及便利店,高鑫零售,06808.HK,148.8,ODSH,6808,14.88,1.560,8.04,6808.HK,,1000000.0,2.88,+1.30,122.83,+0.020,HKD,高鑫零售,B,,1.3,1.560,0.1,6808.HK,"电子商务,知名公司,蚂蚁集团,阿里巴巴,零售股",0.01102659403595829
06811,太興集團,N,非必需性消費,旅遊及休閒設施,餐飲,874697130.0,2024-04-26T16:02:09,非必需性消费,旅游及休闲设施,餐饮,太兴集团,06811.HK,8.7,ODSH,6811,884.75,0.880,212.91,6811.HK,,1000.0,11.82,+1.15,9.43,+0.010,HKD,太興集團,M,,1.15,0.880,0.0,6811.HK,"餐饮连锁,香港",0.0
06812,永順控股香港,N,非必需性消費,支援服務,其他支援服務,120000000.0,2024-04-26T16:02:11,非必需性消费,支援服务,其他支援服务,永顺控股香港,06812.HK,1.2,ODSH,6812,120.00,0.200,11.0,6812.HK,,1000.0,8.25,+0.50,4.85,+0.001,HKD,永順控股香港,M,,0.5,0.200,0.0,6812.HK,,0.0
06816,瑞港建設,N,地產建築,建築,重型基建,76800000.0,2024-04-26T16:02:10,地产建筑,建筑,重型基建,瑞港建设,06816.HK,0.8,ODSH,6816,76.80,0.096,,6816.HK,,,,+9.09,,+0.008,HKD,瑞港建設,M,,9.09,0.096,0.0,6816.HK,基础建设,0.0
06818,中國光大銀行,N,金融,銀行,銀行,29541453715.0,2024-04-26T16:02:09,金融,银行,银行,中国光大银行,06818.HK,295.4,ODSH,6818,29.66,2.340,25.07,6818.HK,,1000000.0,7.92,0.00,3.52,0.000,HKD,中國光大銀行,B,,0.0,2.340,0.3,6818.HK,"光大系,内银股,国企改革,财产管理",0.0
06819,中智全球,S,非必需性消費,支援服務,其他支援服務,1841856745.85,2024-04-26T16:02:11,非必需性消费,支援服务,其他支援服务,中智全球,06819.HK,18.4,ODSH,6819,1.84,4.070,,6819.HK,,,,0.00,,0.000,HKD,中智全球,B,True,0.0,4.070,0.0,6819.HK,,0.0
06820,友誼時光,N,資訊科技,軟件服務,綫上遊戲,1788297000.0,2024-04-26T16:02:10,科技,软件服务,线上游戏,友谊时光,06820.HK,17.9,ODSH,6820,1.78,0.820,427.52,6820.HK,,1000.0,,-3.53,,-0.030,HKD,友誼時光,B,,-3.53,0.820,0.0,6820.HK,手机游戏,0.0
06821,凱萊英,N,醫療保健,藥品及生物科技,醫藥品,1719323424.0,2024-04-26T16:02:10,医疗保健,药品及生物科技,医药品,凯莱英,06821.HK,17.2,ODSH,6821,1.71,62.200,16.26,6821.HK,,1000000.0,3.10,+5.42,9.29,+3.200,HKD,凱萊英,B,,5.42,62.200,0.2,6821.HK,CXO,0.2815674562370707
06822,科勁國際,N,非必需性消費,家庭電器及用品,家具,315000000.0,2024-04-26T16:02:09,非必需性消费,家庭电器及用品,家具,科劲国际,06822.HK,3.2,ODSH,6822,315.00,0.450,,6822.HK,,,4.44,0.00,,0.000,HKD,科勁國際,M,,0.0,0.450,0.0,6822.HK,家具,0.0
06823,香港電訊-SS,N,電訊,電訊,電訊服務,67232314502.58,2024-04-26T16:02:09,科技,电讯,电讯服务,香港电讯-SS,06823.HK,672.3,UNIT,6823,67.30,8.880,31.0,6823.HK,,1000000.0,8.61,+0.45,13.48,+0.040,HKD,香港電訊—ＳＳ,B,,0.45,8.880,0.3,6823.HK,"电信股,移动互联网,长和系",0.004470490626140997
06826,昊海生物科技,N,醫療保健,醫療保健設備及服務,醫健設備,1212062670.0,2024-04-26T16:02:09,医疗保健,医疗保健设备及服务,医健设备,昊海生物科技,06826.HK,12.1,ODSH,6826,1.20,40.850,3.27,6826.HK,,1000000.0,2.63,+1.74,15.58,+0.700,HKD,昊海生物科技,B,,1.74,40.850,0.0,6826.HK,"医美,新经济,生物医药",0.0
06828,北京燃氣藍天,N,公用事業,公用事業,燃氣,954916818.03,2024-04-26T16:02:09,公用事业,公用事业,燃气,北京燃气蓝天,06828.HK,9.5,ODSH,6828,977.65,0.043,126.94,6828.HK,,1000.0,,-2.27,10.75,-0.001,HKD,北京燃氣藍天,M,,-2.27,0.043,0.0,6828.HK,文化传媒,0.0
06829,龍昇集團控股,N,地產建築,建築,建築及服務,120000000.0,2024-04-26T16:02:10,地产建筑,建筑,建筑及服务,龙升集团控股,06829.HK,1.2,ODSH,6829,120.00,0.100,5.0,6829.HK,,1000.0,,+4.17,15.15,+0.004,HKD,龍昇集團控股,M,,4.17,0.100,0.0,6829.HK,,0.0
06830,華眾車載,N,非必需性消費,汽車,汽車零件,4086837678.0,2024-04-26T16:02:09,非必需性消费,汽车,汽车零件,华众车载,06830.HK,40.9,ODSH,6830,4.08,2.310,15.02,6830.HK,,1000000.0,0.12,0.00,99.14,0.000,HKD,華眾車載,B,,0.0,2.310,0.2,6830.HK,汽车制造,0.0
06833,興科蓉醫藥,N,醫療保健,藥品及生物科技,醫藥品,518387099.175,2024-04-26T16:02:09,医疗保健,药品及生物科技,医药品,兴科蓉医药,06833.HK,5.2,ODSH,6833,518.38,0.255,105.06,6833.HK,,1000.0,1.53,+2.00,11.43,+0.005,HKD,興科蓉醫藥,M,,2.0,0.255,0.0,6833.HK,医疗器械,0.0
06836,天韻國際控股,S,必需性消費,食品飲料,包裝食品,3169638400.0,2024-04-26T16:02:09,必需性消费,食品饮料,包装食品,天韵国际控股,06836.HK,31.7,ODSH,6836,3.16,3.200,,6836.HK,,,1.56,0.00,28.83,0.000,HKD,天韻國際控股,B,True,0.0,3.200,0.0,6836.HK,,0.0
06837,海通證券,N,金融,其他金融,證券及經紀,13160935645.2,2024-04-26T16:02:09,金融,其他金融,证券及经纪,海通证券,06837.HK,131.6,ODSH,6837,13.12,3.850,91.33,6837.HK,,1000000.0,2.78,+5.48,46.61,+0.200,HKD,海通證券,B,,5.48,3.850,0.9,6837.HK,"中资券商股,国企改革,财产管理",0.8525652680437961
06838,盈利時,N,非必需性消費,紡織及服飾,其他服飾配件,456000000.0,2024-04-26T16:02:10,非必需性消费,纺织及服饰,其他服饰配件,盈利时,06838.HK,4.6,ODSH,6838,456.00,0.760,,6838.HK,,,4.61,0.00,7.16,0.000,HKD,盈利時,M,,0.0,0.760,0.0,6838.HK,,0.0
06839,雲南水務,N,公用事業,公用事業,水務,74561349.5,2024-04-26T16:02:09,公用事业,公用事业,水务,云南水务,06839.HK,0.7,ODSH,6839,74.56,0.205,11.27,6839.HK,,1000.0,,0.00,,0.000,HKD,雲南水務,M,,0.0,0.205,0.0,6839.HK,"国企改革,节能环保",0.0
06855,亞盛醫藥-B,N,醫療保健,藥品及生物科技,生物技術,5125144979.6,2024-04-26T16:02:09,医疗保健,药品及生物科技,生物技术,亚盛医药-B,06855.HK,51.3,ODSH,6855,5.11,17.640,10.42,6855.HK,,1000000.0,,+1.97,,+0.340,HKD,亞盛醫藥－Ｂ,B,,1.97,17.640,0.1,6855.HK,"生物医药B类,肝炎",0.025513092584312426
06858,本間高爾夫,N,非必需性消費,家庭電器及用品,玩具及消閒用品,1998620250.0,2024-04-26T16:02:09,非必需性消费,家庭电器及用品,玩具及消闲用品,本间高尔夫,06858.HK,20.0,ODSH,6858,1.99,3.300,197.82,6858.HK,,1000.0,4.91,-0.60,"1,137.93",-0.020,HKD,本間高爾夫,B,,-0.6,3.300,0.0,6858.HK,"体育用品股,玩具及消闲用品",0.0
06860,指尖悅動,N,資訊科技,軟件服務,綫上遊戲,155365128.0,2024-04-26T16:02:10,科技,软件服务,线上游戏,指尖悦动,06860.HK,1.6,ODSH,6860,155.36,0.081,60.92,6860.HK,,1000.0,,+2.53,20.77,+0.002,HKD,指尖悅動,M,,2.53,0.081,0.0,6860.HK,"手机游戏,新经济",0.0
06862,海底撈,N,非必需性消費,旅遊及休閒設施,餐飲,100220520000.0,2024-04-26T16:02:11,非必需性消费,旅游及休闲设施,餐饮,海底捞,06862.HK,1002.2,ODSH,6862,100.33,18.000,305.11,6862.HK,,1000000.0,4.58,+6.64,20.21,+1.120,HKD,海底撈,B,,6.64,18.000,3.1,6862.HK,"独角兽,知名公司,节假日,餐饮连锁",2.845898332045582
06865,福萊特玻璃,N,工業,工業工程,新能源材料,8091000000.0,2024-04-26T16:02:09,工业,工业工程,新能源材料,福莱特玻璃,06865.HK,80.9,ODSH,6865,8.07,17.940,51.82,6865.HK,,1000000.0,3.72,+1.47,13.49,+0.260,HKD,福萊特玻璃,B,,1.47,17.940,0.5,6865.HK,"光伏太阳能,碳中和,绿色电力",0.07441331802879238
06866,佐力小貸,N,金融,其他金融,信貸,90000000.0,2024-04-26T16:02:09,金融,其他金融,信贷,佐力小贷,06866.HK,0.9,ODSH,6866,91.50,0.305,108.87,6866.HK,,1000.0,7.05,-7.58,3.61,-0.025,HKD,佐力小貸,M,,-7.58,0.305,0.0,6866.HK,融资租赁,0.0
06868,天福,N,必需性消費,食品飲料,非酒精飲料,4974917186.8,2024-04-26T16:02:09,必需性消费,食品饮料,非酒精饮料,天福,06868.HK,49.7,ODSH,6868,4.97,4.580,9.16,6868.HK,,1000.0,3.71,-0.22,21.75,-0.010,HKD,天福,B,,-0.22,4.580,0.0,6868.HK,"健康产业,非酒精饮料",0.0
06869,長飛光纖光纜,N,資訊科技,資訊科技器材,電訊設備,3248477176.56,2024-04-26T16:02:10,科技,资讯科技器材,电讯设备,长飞光纤光缆,06869.HK,32.5,ODSH,6869,3.25,9.270,18.8,6869.HK,,1000000.0,5.93,+3.46,5.06,+0.310,HKD,長飛光纖光纜,B,,3.46,9.270,0.2,6869.HK,"5G,F5G,华为,国企改革,电讯设备",0.1291017113452852
06877,CLSA PREMIUM,S,金融,其他金融,證券及經紀,142330300.0,2024-04-26T16:02:10,金融,其他金融,证券及经纪,CLSA PREMIUM,06877.HK,1.4,ODSH,6877,142.33,0.070,,6877.HK,,,,0.00,14.58,0.000,HKD,CLSA PREMIUM,M,True,0.0,0.070,0.0,6877.HK,,0.0
06878,鼎豐集團汽車,S,地產建築,地產,地產發展商,106154910.644,2024-04-26T16:02:09,地产建筑,地产,地产发展商,鼎丰集团汽车,06878.HK,1.1,ODSH,6878,106.15,0.113,,6878.HK,,,,0.00,,0.000,HKD,鼎豐集團汽車,M,True,0.0,0.113,0.0,6878.HK,融资租赁,0.0
06880,騰邦控股,S,非必需性消費,家庭電器及用品,家庭電器,58501184.0,2024-04-26T16:02:09,非必需性消费,家庭电器及用品,家庭电器,腾邦控股,06880.HK,0.6,ODSH,6880,58.50,0.134,,6880.HK,,,,0.00,,0.000,HKD,騰邦控股,M,True,0.0,0.134,0.0,6880.HK,健康产业,0.0
06881,中國銀河,N,金融,其他金融,證券及經紀,15649774843.92,2024-04-26T16:02:10,金融,其他金融,证券及经纪,中国银河,06881.HK,156.5,ODSH,6881,15.64,4.240,470.63,6881.HK,,1000000.0,5.55,+9.56,5.92,+0.370,HKD,中國銀河,B,,9.56,4.240,4.7,6881.HK,"中资券商股,国企改革,财产管理",9.203902729656633
06882,東瀛遊,N,非必需性消費,旅遊及休閒設施,旅遊及觀光,326592500.0,2024-04-26T16:02:09,非必需性消费,旅游及休闲设施,旅游及观光,东瀛游,06882.HK,3.3,ODSH,6882,326.59,0.650,101.2,6882.HK,,1000.0,10.77,+1.56,4.56,+0.010,HKD,東瀛遊,M,,1.56,0.650,0.0,6882.HK,"旅游及观光,现代服务业",0.0
06885,金馬能源,N,能源,煤炭,煤炭,508649950.0,2024-04-26T16:02:10,能源,煤炭,煤炭,金马能源,06885.HK,5.1,ODSH,6885,508.64,0.950,1.64,6885.HK,,1000000.0,5.73,+1.06,21.25,+0.010,HKD,金馬能源,M,,1.06,0.950,0.0,6885.HK,meitanhk,0.0
06886,HTSC,N,金融,其他金融,證券及經紀,16537219441.6,2024-04-26T16:02:09,金融,其他金融,证券及经纪,HTSC,06886.HK,165.4,ODSH,6886,16.52,9.610,98.15,6886.HK,,1000000.0,4.79,+8.10,6.65,+0.720,HKD,HTSC,B,,8.1,9.610,1.0,6886.HK,"中资券商股,国企改革,财产管理,阿里巴巴",1.5548678394905373
06888,英達公路再生科技,N,地產建築,建築,重型基建,196378000.0,2024-04-26T16:02:10,地产建筑,建筑,重型基建,英达公路再生科技,06888.HK,2.0,ODSH,6888,196.37,0.182,,6888.HK,,,,0.00,15.83,0.000,HKD,英達公路再生科技,M,,0.0,0.182,0.0,6888.HK,"基础建设,节能环保",0.0
06889,DYNAM JAPAN,N,非必需性消費,旅遊及休閒設施,賭場及博彩,2676186057.68,2024-04-26T16:02:09,非必需性消费,旅游及休闲设施,赌场及博彩,DYNAM JAPAN,06889.HK,26.8,ODSH,6889,2.67,3.830,106.07,6889.HK,,1000.0,7.12,-1.54,27.42,-0.060,HKD,DYNAM JAPAN,B,,-1.54,3.830,0.0,6889.HK,外国公司,0.0
06890,康利國際控股,N,原材料,一般金屬及礦石,鋼鐵,184906860.0,2024-04-26T16:02:11,原材料,一般金属及矿石,钢铁,康利国际控股,06890.HK,1.8,ODSH,6890,184.90,0.305,1.2,6890.HK,,1000.0,,0.00,2.22,0.000,HKD,康利國際控股,M,,0.0,0.305,0.0,6890.HK,铁矿石,0.0
06893,衍生集團,N,醫療保健,藥品及生物科技,醫藥品,338456760.0,2024-04-26T16:02:10,医疗保健,药品及生物科技,医药品,衍生集团,06893.HK,3.4,ODSH,6893,338.45,0.310,,6893.HK,,,,0.00,,0.000,HKD,衍生集團,M,,0.0,0.310,0.0,6893.HK,健康产业,0.0
06896,金嗓子,N,醫療保健,藥品及生物科技,醫藥品,2764989480.0,2024-04-26T16:02:10,医疗保健,药品及生物科技,医药品,金嗓子,06896.HK,27.6,ODSH,6896,2.77,3.750,156.63,6896.HK,,1000.0,16.00,+0.27,10.34,+0.010,HKD,金嗓子,B,,0.27,3.750,0.0,6896.HK,"生物医药,知名公司",0.0
06898,中國鋁罐,N,工業,工業支援,印刷及包裝,513867780.0,2024-04-26T16:02:09,工业,工业支援,印刷及包装,中国铝罐,06898.HK,5.1,ODSH,6898,523.38,0.550,53.46,6898.HK,,1000.0,1.25,-6.78,23.31,-0.040,HKD,中國鋁罐,M,,-6.78,0.550,0.0,6898.HK,工业4.0,0.0
06899,聯眾,S,資訊科技,軟件服務,綫上遊戲,204781978.53,2024-04-26T16:02:09,科技,软件服务,线上游戏,联众,06899.HK,2.0,ODSH,6899,204.78,0.190,,6899.HK,,,,0.00,,0.000,HKD,聯眾,M,True,0.0,0.190,0.0,6899.HK,"手机游戏,网络游戏",0.0
06900,上坤地產,S,地產建築,地產,地產發展商,26948220.0,2024-04-26T16:02:10,地产建筑,地产,地产发展商,上坤地产,06900.HK,0.3,ODSH,6900,26.94,0.013,,6900.HK,,,,0.00,,0.000,HKD,上坤地產,M,True,0.0,0.013,0.0,6900.HK,,0.0
06908,宏光半導體,N,資訊科技,半導體,半導體供應,199029518.025,2024-04-26T16:02:11,科技,半导体,半导体供应,宏光半导体,06908.HK,2.0,ODSH,6908,195.27,0.260,113.6,6908.HK,,1000.0,,-7.14,,-0.020,HKD,宏光半導體,M,,-7.14,0.260,0.0,6908.HK,,0.0
06909,百得利控股,N,非必需性消費,零售相關,汽車零售,392175000.0,2024-04-26T16:02:10,非必需性消费,零售相关,汽车零售,百得利控股,06909.HK,3.9,ODSH,6909,404.62,0.650,518.19,6909.HK,,1000.0,4.95,+1.56,6.63,+0.010,HKD,百得利控股,M,,1.56,0.650,0.0,6909.HK,汽车零售,0.0
06911,瀾滄古茶,N,必需性消費,食品飲料,非酒精飲料,281400000.0,2024-04-26T16:02:11,必需性消费,食品饮料,非酒精饮料,澜沧古茶,06911.HK,2.8,ODSH,6911,273.00,13.000,257.63,6911.HK,,1000.0,3.05,-1.22,9.62,-0.160,HKD,瀾滄古茶,M,,-1.22,13.000,0.0,6911.HK,次新股,0.0
06913,華南職業教育,N,非必需性消費,支援服務,教育,500250000.0,2024-04-26T16:02:11,非必需性消费,支援服务,教育,华南职业教育,06913.HK,5.0,ODSH,6913,500.25,0.375,50.33,6913.HK,,1000.0,12.80,0.00,4.15,0.000,HKD,華南職業教育,M,,0.0,0.375,0.0,6913.HK,教育服务,0.0
06918,奇士達,S,非必需性消費,家庭電器及用品,玩具及消閒用品,86189832.0,2024-04-26T16:02:10,非必需性消费,家庭电器及用品,玩具及消闲用品,奇士达,06918.HK,0.9,ODSH,6918,86.18,0.138,,6918.HK,,,,0.00,,0.000,HKD,奇士達,M,True,0.0,0.138,0.0,6918.HK,玩具及消闲用品,0.0
06919,人瑞人才,N,非必需性消費,支援服務,其他支援服務,565686563.19,2024-04-26T16:02:11,非必需性消费,支援服务,其他支援服务,人瑞人才,06919.HK,5.7,ODSH,6919,567.25,3.620,41.77,6919.HK,,1000.0,2.49,-2.16,12.59,-0.080,HKD,人瑞人才,M,,-2.16,3.620,0.0,6919.HK,,0.0
06922,康灃生物-B,N,醫療保健,醫療保健設備及服務,醫健設備,1139825014.02,2024-04-26T16:02:10,医疗保健,医疗保健设备及服务,医健设备,康沣生物-B,06922.HK,11.4,ODSH,6922,1.13,9.990,105.89,6922.HK,,1000.0,,+0.30,,+0.030,HKD,康灃生物－Ｂ,B,,0.3,9.990,0.0,6922.HK,生物医药B类,0.0
06928,萬馬控股,N,非必需性消費,汽車,汽車零件,135000000.0,2024-04-26T16:02:11,非必需性消费,汽车,汽车零件,万马控股,06928.HK,1.4,ODSH,6928,128.25,0.285,168.5,6928.HK,,1000.0,,-9.52,,-0.030,HKD,萬馬控股,M,,-9.52,0.285,0.0,6928.HK,,0.0
06929,業聚醫療,N,醫療保健,醫療保健設備及服務,醫健設備,3154559363.97,2024-04-26T16:02:09,医疗保健,医疗保健设备及服务,医健设备,业聚医疗,06929.HK,31.5,ODSH,6929,3.16,3.820,1.8,6929.HK,,1000000.0,2.62,+3.80,8.99,+0.140,HKD,業聚醫療,B,,3.8,3.820,0.0,6929.HK,,0.0
06933,新娛科控股,N,資訊科技,軟件服務,綫上遊戲,82552725.384,2024-04-26T16:02:10,科技,软件服务,线上游戏,新娱科控股,06933.HK,0.8,ODSH,6933,82.55,0.199,1.85,6933.HK,,1000.0,,+8.74,,+0.016,HKD,新娛科控股,M,,8.74,0.199,0.0,6933.HK,,0.0
06939,美佳音控股,N,資訊科技,半導體,半導體供應,274937500.0,2024-04-26T16:02:10,科技,半导体,半导体供应,美佳音控股,06939.HK,2.7,ODSH,6939,274.93,0.530,5.3,6939.HK,,1000.0,3.62,-10.17,11.06,-0.060,HKD,美佳音控股,M,,-10.17,0.530,0.0,6939.HK,,0.0
06955,博安生物,N,醫療保健,藥品及生物科技,生物技術,5092780940.0,2024-04-26T16:02:09,医疗保健,药品及生物科技,生物技术,博安生物,06955.HK,50.9,ODSH,6955,5.08,9.990,1.72,6955.HK,,1000000.0,,+0.91,,+0.090,HKD,博安生物,B,,0.91,9.990,0.0,6955.HK,生物医药B类,0.0
06958,正榮服務,N,地產建築,地產,物業管理及服務,171187500.0,2024-04-26T16:02:09,地产建筑,地产,物业管理及服务,正荣服务,06958.HK,1.7,ODSH,6958,171.18,0.165,3.25,6958.HK,,1000.0,,+2.48,,+0.004,HKD,正榮服務,M,,2.48,0.165,0.0,6958.HK,物业管理,0.0
06959,長久股份,N,非必需性消費,支援服務,其他支援服務,7864024000.0,2024-04-26T16:02:09,非必需性消费,支援服务,其他支援服务,长久股份,06959.HK,78.6,ODSH,6959,7.79,38.550,1.41,6959.HK,,1000000.0,,+3.63,53.29,+1.350,HKD,長久股份,B,,3.63,38.550,0.0,6959.HK,次新股,0.0
06963,陽光保險,N,金融,保險,保險,8488195171.72,2024-04-26T16:02:11,金融,保险,保险,阳光保险,06963.HK,84.9,ODSH,6963,8.48,2.440,14.3,6963.HK,,1000000.0,7.89,+0.83,7.02,+0.020,HKD,陽光保險,B,,0.83,2.440,0.1,6963.HK,,0.0058586912079763385
06966,中國萬桐園,N,非必需性消費,支援服務,其他支援服務,480000000.0,2024-04-26T16:02:09,非必需性消费,支援服务,其他支援服务,中国万桐园,06966.HK,4.8,ODSH,6966,480.00,0.480,,6966.HK,,,2.08,0.00,25.40,0.000,HKD,中國萬桐園,M,,0.0,0.480,0.0,6966.HK,,0.0
06968,港龍中國地產,N,地產建築,地產,地產發展商,212455669.0,2024-04-26T16:02:10,地产建筑,地产,地产发展商,港龙中国地产,06968.HK,2.1,ODSH,6968,207.59,0.128,588.39,6968.HK,,1000.0,,0.00,1.31,0.000,HKD,港龍中國地產,M,,0.0,0.128,0.0,6968.HK,,0.0
06969,思摩爾國際,N,非必需性消費,家庭電器及用品,消費電子產品,42104613219.2,2024-04-26T16:02:09,非必需性消费,家庭电器及用品,消费电子产品,思摩尔国际,06969.HK,421.0,ODSH,6969,42.04,6.850,51.98,6969.HK,,1000000.0,1.46,+2.09,23.60,+0.140,HKD,思摩爾國際,B,,2.09,6.850,0.5,6969.HK,"消费电子,烟草",0.09818499095475493
06978,永泰生物-B,N,醫療保健,藥品及生物科技,生物技術,1708418880.0,2024-04-26T16:02:10,医疗保健,药品及生物科技,生物技术,永泰生物-B,06978.HK,17.1,ODSH,6978,1.70,3.320,59.41,6978.HK,,1000.0,,-1.48,,-0.050,HKD,永泰生物－Ｂ,B,,-1.48,3.320,0.0,6978.HK,生物医药B类,0.0
06979,珍酒李渡,N,必需性消費,食品飲料,酒精飲料,35173912449.0,2024-04-26T16:02:10,必需性消费,食品饮料,酒精饮料,珍酒李渡,06979.HK,351.7,ODSH,6979,34.90,10.300,32.8,6979.HK,,1000000.0,1.75,0.00,12.30,0.000,HKD,珍酒李渡,B,,0.0,10.300,0.3,6979.HK,次新股,0.0
06988,樂享集團,N,非必需性消費,媒體及娛樂,廣告及宣傳,341557516.8,2024-04-26T16:02:11,非必需性消费,媒体及娱乐,广告及宣传,乐享集团,06988.HK,3.4,ODSH,6988,343.92,0.145,311.6,6988.HK,,1000.0,,+5.07,,+0.007,HKD,樂享集團,M,,5.07,0.145,0.0,6988.HK,"SaaS,短视频",0.0
06989,卓越商企服務,N,地產建築,地產,物業管理及服務,1745097640.0,2024-04-26T16:02:10,地产建筑,地产,物业管理及服务,卓越商企服务,06989.HK,17.5,ODSH,6989,1.75,1.440,792.88,6989.HK,,1000.0,13.19,+9.09,5.42,+0.120,HKD,卓越商企服務,B,,9.09,1.440,0.0,6989.HK,物业管理,0.0
06990,科倫博泰生物-B,N,醫療保健,藥品及生物科技,生物技術,21336212242.5,2024-04-26T16:02:09,医疗保健,药品及生物科技,生物技术,科伦博泰生物-B,06990.HK,213.4,ODSH,6990,21.43,169.300,77.9,6990.HK,,1000000.0,,+10.01,,+15.400,HKD,科倫博泰生物－Ｂ,B,,10.01,169.300,0.8,6990.HK,次新股,1.584626255015414
06993,藍月亮集團,N,非必需性消費,家庭電器及用品,家具,12488175954.78,2024-04-26T16:02:10,非必需性消费,家庭电器及用品,家具,蓝月亮集团,06993.HK,124.9,ODSH,6993,12.48,2.130,2.94,6993.HK,,1000000.0,2.82,+3.90,36.47,+0.080,HKD,藍月亮集團,B,,3.9,2.130,0.0,6993.HK,"家具,知名公司",0.0
06996,德琪醫藥-B,N,醫療保健,藥品及生物科技,醫藥品,627646531.92,2024-04-26T16:02:10,医疗保健,药品及生物科技,医药品,德琪医药-B,06996.HK,6.3,ODSH,6996,627.64,0.930,1.4,6996.HK,,1000000.0,,+8.14,,+0.070,HKD,德琪醫藥－Ｂ,M,,8.14,0.930,0.0,6996.HK,生物医药B类,0.0
06998,嘉和生物-B,N,醫療保健,藥品及生物科技,生物技術,656041669.12,2024-04-26T16:02:11,医疗保健,药品及生物科技,生物技术,嘉和生物-B,06998.HK,6.6,ODSH,6998,656.04,1.280,213.71,6998.HK,,1000.0,,+2.40,,+0.030,HKD,嘉和生物－Ｂ,M,,2.4,1.280,0.0,6998.HK,生物医药B类,0.0
06999,領地控股,N,地產建築,地產,地產發展商,140691465.0,2024-04-26T16:02:11,地产建筑,地产,地产发展商,领地控股,06999.HK,1.4,ODSH,6999,143.77,0.140,12.67,6999.HK,,1000.0,,+0.72,,+0.001,HKD,領地控股,M,,0.72,0.140,0.0,6999.HK,,0.0
08001,東方匯財證券,N,金融,其他金融,信貸,13063680.0,2024-04-26T16:02:10,金融,其他金融,信贷,东方汇财证券,08001.HK,0.1,ODSH,8001,13.06,0.105,630.0,8001.HK,,,,+6.06,,+0.006,HKD,東方匯財證券,M,,6.06,0.105,0.0,8001.HK,财产管理,0.0
08003,世大控股,N,非必需性消費,媒體及娛樂,廣告及宣傳,104664911.4,2024-04-26T16:02:10,非必需性消费,媒体及娱乐,广告及宣传,世大控股,08003.HK,1.0,ODSH,8003,104.66,0.315,,8003.HK,,,,0.00,,0.000,HKD,世大控股,M,,0.0,0.315,0.0,8003.HK,小金属,0.0
08005,裕興科技,N,非必需性消費,家庭電器及用品,消費電子產品,547295056.0,2024-04-26T16:02:09,非必需性消费,家庭电器及用品,消费电子产品,裕兴科技,08005.HK,5.5,ODSH,8005,547.29,0.220,,8005.HK,,,,0.00,,0.000,HKD,裕興科技,M,,0.0,0.220,0.0,8005.HK,"NFT,区块链,数据中心,消费电子,电子信息",0.0
08006,華泰瑞銀,N,非必需性消費,媒體及娛樂,出版,19180320.9,2024-04-26T16:02:10,非必需性消费,媒体及娱乐,出版,华泰瑞银,08006.HK,0.2,ODSH,8006,19.18,0.130,10.69,8006.HK,,1000.0,,-16.13,,-0.025,HKD,華泰瑞銀,M,,-16.13,0.130,0.0,8006.HK,"互联网+,移动互联网",0.0
08007,環球戰略集團,N,公用事業,公用事業,燃氣,38748100.0,2024-04-26T16:02:11,公用事业,公用事业,燃气,环球战略集团,08007.HK,0.4,ODSH,8007,38.74,0.085,8.65,8007.HK,,1000.0,,+1.19,,+0.001,HKD,環球戰略集團,M,,1.19,0.085,0.0,8007.HK,"移动互联网,节能环保,铜",0.0
08011,百田石油,S,能源,石油及天然氣,油氣生產商,610080178.863,2024-04-26T16:02:10,能源,石油及天然气,油气生产商,百田石油,08011.HK,6.1,ODSH,8011,610.08,0.159,,8011.HK,,,,0.00,8.15,0.000,HKD,百田石油,M,True,0.0,0.159,0.0,8011.HK,天然气,0.0
08013,ECI TECH,N,地產建築,建築,建築及服務,46400000.0,2024-04-26T16:02:10,地产建筑,建筑,建筑及服务,ECI TECH,08013.HK,0.5,ODSH,8013,46.40,0.029,580.0,8013.HK,,,,+7.41,8.29,+0.002,HKD,ECI TECH,M,,7.41,0.029,0.0,8013.HK,,0.0
08017,捷利交易寶,N,資訊科技,軟件服務,系統開發及顧問,137400000.0,2024-04-26T16:02:10,科技,软件服务,系统开发及顾问,捷利交易宝,08017.HK,1.4,ODSH,8017,137.40,0.229,176.02,8017.HK,,1000.0,7.86,-4.58,,-0.011,HKD,捷利交易寶,M,,-4.58,0.229,0.0,8017.HK,互联网金融,0.0
08018,匯財金融投資,N,資訊科技,軟件服務,軟件開發,27732811.48,2024-04-26T16:02:10,科技,软件服务,软件开发,汇财金融投资,08018.HK,0.3,ODSH,8018,27.73,0.055,26.3,8018.HK,,1000.0,,-6.78,,-0.004,HKD,匯財金融投資,M,,-6.78,0.055,0.0,8018.HK,"互联网金融,电子信息",0.0
08019,皓文控股,N,金融,其他金融,信貸,78335852.76,2024-04-26T16:02:11,金融,其他金融,信贷,皓文控股,08019.HK,0.8,ODSH,8019,78.33,0.220,,8019.HK,,,,0.00,,0.000,HKD,皓文控股,M,,0.0,0.220,0.0,8019.HK,,0.0
08020,宏海控股集團,N,工業,工業運輸,航運及港口,44420308.661,2024-04-26T16:02:10,工业,工业运输,航运及港口,宏海控股集团,08020.HK,0.4,ODSH,8020,44.42,0.017,1.7,8020.HK,,1000.0,,+6.25,,+0.001,HKD,宏海控股集團,M,,6.25,0.017,0.0,8020.HK,财产管理,0.0
08021,匯隆控股,N,地產建築,建築,建築及服務,316076223.584,2024-04-26T16:02:10,地产建筑,建筑,建筑及服务,汇隆控股,08021.HK,3.2,ODSH,8021,316.07,0.022,13.64,8021.HK,,1000.0,,-4.35,,-0.001,HKD,匯隆控股,M,,-4.35,0.022,0.0,8021.HK,,0.0
08023,鄺文記,N,地產建築,建築,建築及服務,262875360.0,2024-04-26T16:02:10,地产建筑,建筑,建筑及服务,邝文记,08023.HK,2.6,ODSH,8023,262.87,0.440,,8023.HK,,,2.27,0.00,13.79,0.000,HKD,鄺文記,M,,0.0,0.440,0.0,8023.HK,,0.0
08026,朗華國際集團,N,非必需性消費,紡織及服飾,珠寶鐘錶,317677974.252,2024-04-26T16:02:10,非必需性消费,纺织及服饰,珠宝钟表,朗华国际集团,08026.HK,3.2,ODSH,8026,306.02,0.210,22.27,8026.HK,,1000.0,,+5.00,,+0.010,HKD,朗華國際集團,M,,5.0,0.210,0.0,8026.HK,"互联网+,移动互联网",0.0
08027,吉輝控股,N,非必需性消費,支援服務,其他支援服務,42860800.0,2024-04-26T16:02:11,非必需性消费,支援服务,其他支援服务,吉辉控股,08027.HK,0.4,ODSH,8027,42.86,0.181,,8027.HK,,,,0.00,,0.000,HKD,吉輝控股,M,,0.0,0.181,0.0,8027.HK,文化传媒,0.0
08028,天時資源,N,原材料,一般金屬及礦石,其他金屬及礦石,64422042.38,2024-04-26T16:02:09,原材料,一般金属及矿石,其他金属及矿石,天时资源,08028.HK,0.6,ODSH,8028,64.75,0.192,60.46,8028.HK,,1000.0,,-0.52,,-0.001,HKD,天時資源,M,,-0.52,0.192,0.0,8028.HK,软件外包,0.0
08029,帝國金融集團,N,金融,其他金融,證券及經紀,327042270.52,2024-04-26T16:02:10,金融,其他金融,证券及经纪,帝国金融集团,08029.HK,3.3,ODSH,8029,327.04,0.140,57.88,8029.HK,,1000.0,,-8.50,,-0.013,HKD,帝國金融集團,M,,-8.5,0.140,0.0,8029.HK,"小金属,网络游戏",0.0
08030,匯聯金融服務,N,金融,其他金融,其他金融,27985603.8,2024-04-26T16:02:10,金融,其他金融,其他金融,汇联金融服务,08030.HK,0.3,ODSH,8030,27.98,0.330,,8030.HK,,,,0.00,1.00,0.000,HKD,匯聯金融服務,M,,0.0,0.330,0.0,8030.HK,"互联网+,财产管理",0.0
08031,易通訊集團,N,非必需性消費,支援服務,其他支援服務,49369375.0,2024-04-26T16:02:10,非必需性消费,支援服务,其他支援服务,易通讯集团,08031.HK,0.5,ODSH,8031,49.36,0.167,,8031.HK,,,89.82,+1.21,,+0.002,HKD,易通訊集團,M,,1.21,0.167,0.0,8031.HK,软件外包,0.0
08033,愛達利網絡,N,資訊科技,軟件服務,系統開發及顧問,80094950.0,2024-04-26T16:02:10,科技,软件服务,系统开发及顾问,爱达利网络,08033.HK,0.8,ODSH,8033,83.17,0.135,143.9,8033.HK,,1000.0,7.41,-0.74,12.74,-0.001,HKD,愛達利網絡,M,,-0.74,0.135,0.0,8033.HK,软件外包,0.0
08035,駿高控股,N,工業,工業運輸,航空貨運及物流,64200000.0,2024-04-26T16:02:10,工业,工业运输,航空货运及物流,骏高控股,08035.HK,0.6,ODSH,8035,64.20,0.107,,8035.HK,,,,0.00,,0.000,HKD,駿高控股,M,,0.0,0.107,0.0,8035.HK,,0.0
08036,電子交易集團,N,資訊科技,軟件服務,系統開發及顧問,94710000.0,2024-04-26T16:02:10,科技,软件服务,系统开发及顾问,电子交易集团,08036.HK,0.9,ODSH,8036,94.71,0.077,15.6,8036.HK,,1000.0,,0.00,45.29,0.000,HKD,電子交易集團,M,,0.0,0.077,0.0,8036.HK,,0.0
08037,中國生物科技服務,N,醫療保健,醫療保健設備及服務,醫療及醫學美容服務,274520877.75,2024-04-26T16:02:10,医疗保健,医疗保健设备及服务,医疗及医学美容服务,中国生物科技服务,08037.HK,2.7,ODSH,8037,274.52,0.285,35.65,8037.HK,,1000.0,,+1.79,,+0.005,HKD,中國生物科技服務,M,,1.79,0.285,0.0,8037.HK,健康产业,0.0
08039,中國來騎哦,S,地產建築,建築,建築及服務,305660000.0,2024-04-26T16:02:10,地产建筑,建筑,建筑及服务,中国来骑哦,08039.HK,3.1,ODSH,8039,305.66,0.620,,8039.HK,,,,0.00,,0.000,HKD,中國來騎哦,M,True,0.0,0.620,0.0,8039.HK,,0.0
08040,快意智能,N,地產建築,建築,建築及服務,183600000.0,2024-04-26T16:02:10,地产建筑,建筑,建筑及服务,快意智能,08040.HK,1.8,ODSH,8040,183.60,0.540,99.5,8040.HK,,1000.0,,0.00,150.00,0.000,HKD,快意智能,M,,0.0,0.540,0.0,8040.HK,,0.0
08041,薈萃國際(控股),N,資訊科技,軟件服務,電商及互聯網服務,179543977.76,2024-04-26T16:02:11,科技,软件服务,电商及互联网服务,荟萃国际(控股),08041.HK,1.8,ODSH,8041,179.54,0.224,45.44,8041.HK,,1000.0,,-1.75,,-0.004,HKD,薈萃國際（控股,M,,-1.75,0.224,0.0,8041.HK,电子商务,0.0
08042,高奧士國際,N,非必需性消費,支援服務,其他支援服務,36000000.0,2024-04-26T16:02:11,非必需性消费,支援服务,其他支援服务,高奥士国际,08042.HK,0.4,ODSH,8042,36.00,0.045,,8042.HK,,,,0.00,,0.000,HKD,高奧士國際,M,,0.0,0.045,0.0,8042.HK,,0.0
08043,ATLINKS,N,資訊科技,資訊科技器材,電訊設備,75200000.0,2024-04-26T16:02:11,科技,资讯科技器材,电讯设备,ATLINKS,08043.HK,0.8,ODSH,8043,75.20,0.188,,8043.HK,,,,0.00,75.20,0.000,HKD,ATLINKS,M,,0.0,0.188,0.0,8043.HK,电讯设备,0.0
08045,南大蘇富特,S,資訊科技,軟件服務,系統開發及顧問,12756300.0,2024-04-26T16:02:09,科技,软件服务,系统开发及顾问,南大苏富特,08045.HK,0.1,ODSH,8045,12.75,0.202,,8045.HK,,,,0.00,,0.000,HKD,南大蘇富特,M,True,0.0,0.202,0.0,8045.HK,"国企改革,网络安全,软件外包,高校",0.0
08047,中國海洋發展,N,工業,工業支援,採購及供應鏈管理,247927966.265,2024-04-26T16:02:10,工业,工业支援,采购及供应链管理,中国海洋发展,08047.HK,2.5,ODSH,8047,247.92,0.035,213.76,8047.HK,,1000.0,,+9.38,,+0.003,HKD,中國海洋發展,M,,9.38,0.035,0.0,8047.HK,"移动互联网,移动支付",0.0
08048,御德國際控股,N,資訊科技,軟件服務,系統開發及顧問,70116840.0,2024-04-26T16:02:10,科技,软件服务,系统开发及顾问,御德国际控股,08048.HK,0.7,ODSH,8048,70.11,0.036,3.45,8048.HK,,1000.0,,-2.70,,-0.001,HKD,御德國際控股,M,,-2.7,0.036,0.0,8048.HK,"移动互联网,软件外包",0.0
08049,吉林長龍藥業,N,醫療保健,藥品及生物科技,中醫藥,262200000.0,2024-04-26T16:02:10,医疗保健,药品及生物科技,中医药,吉林长龙药业,08049.HK,2.6,ODSH,8049,262.20,1.520,2.17,8049.HK,,1000000.0,32.89,-17.84,5.37,-0.330,HKD,吉林長龍藥業,M,,-17.84,1.520,0.0,8049.HK,生物医药,0.0
08050,量子思維,N,資訊科技,軟件服務,系統開發及顧問,176312500.0,2024-04-26T16:02:10,科技,软件服务,系统开发及顾问,量子思维,08050.HK,1.8,ODSH,8050,176.31,0.130,,8050.HK,,,,0.00,,0.000,HKD,量子思維,M,,0.0,0.130,0.0,8050.HK,软件外包,0.0
08051,訊智海,N,資訊科技,資訊科技器材,電腦及周邊,72644727.3,2024-04-26T16:02:10,科技,资讯科技器材,电脑及周边,讯智海,08051.HK,0.7,ODSH,8051,72.64,3.100,,8051.HK,,,,0.00,12.33,0.000,HKD,訊智海,M,,0.0,3.100,0.0,8051.HK,互联网+,0.0
08052,陸慶娛樂,N,非必需性消費,旅遊及休閒設施,休閒及文娛設施,25219776.0,2024-04-26T16:02:11,非必需性消费,旅游及休闲设施,休闲及文娱设施,陆庆娱乐,08052.HK,0.3,ODSH,8052,25.76,0.047,6.64,8052.HK,,1000.0,,+2.17,1.16,+0.001,HKD,陸慶娛樂,M,,2.17,0.047,0.0,8052.HK,,0.0
08053,比優集團,N,地產建築,建築,建築及服務,1227760073.94,2024-04-26T16:02:10,地产建筑,建筑,建筑及服务,比优集团,08053.HK,12.3,ODSH,8053,1.22,0.345,233.1,8053.HK,,1000.0,2.90,-6.76,12.78,-0.025,HKD,比優集團,B,,-6.76,0.345,0.0,8053.HK,,0.0
08056,生活概念,N,非必需性消費,旅遊及休閒設施,餐飲,36067527.252,2024-04-26T16:02:10,非必需性消费,旅游及休闲设施,餐饮,生活概念,08056.HK,0.4,ODSH,8056,37.96,0.020,10.59,8056.HK,,1000.0,,-4.76,,-0.001,HKD,生活概念,M,,-4.76,0.020,0.0,8056.HK,餐饮连锁,0.0
08057,麥迪森控股,N,綜合企業,綜合企業,綜合企業,110293519.179,2024-04-26T16:02:10,综合企业,综合企业,综合企业,麦迪森控股,08057.HK,1.1,ODSH,8057,110.29,0.177,,8057.HK,,,,0.00,,0.000,HKD,麥迪森控股,M,,0.0,0.177,0.0,8057.HK,芯片替代,0.0
08059,朝威控股,N,地產建築,建築,重型基建,14148470.0,2024-04-26T16:02:10,地产建筑,建筑,重型基建,朝威控股,08059.HK,0.1,ODSH,8059,14.14,0.014,,8059.HK,,,,0.00,,0.000,HKD,朝威控股,M,,0.0,0.014,0.0,8059.HK,基础建设,0.0
08060,國聯通信,N,資訊科技,軟件服務,系統開發及顧問,21214748.75,2024-04-26T16:02:11,科技,软件服务,系统开发及顾问,国联通信,08060.HK,0.2,ODSH,8060,21.21,0.065,,8060.HK,,,,0.00,,0.000,HKD,國聯通信,M,,0.0,0.065,0.0,8060.HK,安防,0.0
08062,俊盟國際,N,資訊科技,軟件服務,系統開發及顧問,141600000.0,2024-04-26T16:02:10,科技,软件服务,系统开发及顾问,俊盟国际,08062.HK,1.4,ODSH,8062,141.60,0.295,156.67,8062.HK,,1000.0,10.17,-1.67,7.34,-0.005,HKD,俊盟國際,M,,-1.67,0.295,0.0,8062.HK,,0.0
08063,環球大通集團,N,金融,其他金融,信貸,19920956.133,2024-04-26T16:02:10,金融,其他金融,信贷,环球大通集团,08063.HK,0.2,ODSH,8063,19.92,0.039,4.01,8063.HK,,1000.0,,-7.14,,-0.003,HKD,環球大通集團,M,,-7.14,0.039,0.0,8063.HK,互联网+,0.0
08065,高萌科技,N,資訊科技,軟件服務,系統開發及顧問,44140640.0,2024-04-26T16:02:10,科技,软件服务,系统开发及顾问,高萌科技,08065.HK,0.4,ODSH,8065,44.54,0.110,,8065.HK,,,,0.00,,0.000,HKD,高萌科技,M,,0.0,0.110,0.0,8065.HK,,0.0
08066,品創控股,N,資訊科技,資訊科技器材,電腦及周邊,15760425.0,2024-04-26T16:02:10,科技,资讯科技器材,电脑及周边,品创控股,08066.HK,0.2,ODSH,8066,15.76,0.030,3.21,8066.HK,,1000.0,,-11.76,3.37,-0.004,HKD,品創控股,M,,-11.76,0.030,0.0,8066.HK,电子信息,0.0
08067,東方大學城控股,N,非必需性消費,支援服務,其他支援服務,45000000.0,2024-04-26T16:02:10,非必需性消费,支援服务,其他支援服务,东方大学城控股,08067.HK,0.4,ODSH,8067,45.00,0.250,,8067.HK,,,,0.00,,0.000,HKD,東方大學城控股,M,,0.0,0.250,0.0,8067.HK,教育服务,0.0
08069,飛道旅遊科技,N,非必需性消費,旅遊及休閒設施,旅遊及觀光,32668560.0,2024-04-26T16:02:10,非必需性消费,旅游及休闲设施,旅游及观光,飞道旅游科技,08069.HK,0.3,ODSH,8069,32.66,0.048,296.47,8069.HK,,1000.0,,-5.88,,-0.003,HKD,飛道旅遊科技,M,,-5.88,0.048,0.0,8069.HK,旅游及观光,0.0
08070,僑洋國際控股,N,工業,工業工程,工業及設備,41200000.0,2024-04-26T16:02:10,工业,工业工程,工业及设备,侨洋国际控股,08070.HK,0.4,ODSH,8070,41.20,0.206,11.54,8070.HK,,1000.0,,-0.96,2.40,-0.002,HKD,僑洋國際控股,M,,-0.96,0.206,0.0,8070.HK,,0.0
08071,中彩網通控股,N,資訊科技,軟件服務,電商及互聯網服務,107779112.763,2024-04-26T16:02:10,科技,软件服务,电商及互联网服务,中彩网通控股,08071.HK,1.1,ODSH,8071,98.40,0.021,125.6,8071.HK,,1000.0,,0.00,,0.000,HKD,中彩網通控股,M,,0.0,0.021,0.0,8071.HK,"博彩,彩票股,涉矿",0.0
08072,羅馬元宇宙集團,N,金融,其他金融,其他金融,20219559.84,2024-04-26T16:02:11,金融,其他金融,其他金融,罗马元宇宙集团,08072.HK,0.2,ODSH,8072,21.90,0.026,10.82,8072.HK,,1000.0,,+8.33,,+0.002,HKD,羅馬元宇宙集團,M,,8.33,0.026,0.0,8072.HK,,0.0
08073,興業新材料,N,工業,工業工程,工業及設備,40040000.0,2024-04-26T16:02:10,工业,工业工程,工业及设备,兴业新材料,08073.HK,0.4,ODSH,8073,40.04,0.077,1.54,8073.HK,,1000.0,,0.00,,0.000,HKD,興業新材料,M,,0.0,0.077,0.0,8073.HK,,0.0
08076,新利軟件,N,資訊科技,軟件服務,電商及互聯網服務,18441360.0,2024-04-26T16:02:10,科技,软件服务,电商及互联网服务,新利软件,08076.HK,0.2,ODSH,8076,18.44,0.014,700.0,8076.HK,,,,+16.67,,+0.002,HKD,新利軟件,M,,16.67,0.014,0.0,8076.HK,软件外包,0.0
08079,仍志集團控股,N,工業,工業支援,採購及供應鏈管理,18671185.116,2024-04-26T16:02:10,工业,工业支援,采购及供应链管理,仍志集团控股,08079.HK,0.2,ODSH,8079,16.59,0.032,640.0,8079.HK,,,,-11.11,,-0.004,HKD,仍志集團控股,M,,-11.11,0.032,0.0,8079.HK,健康产业,0.0
08080,北亞策略,N,工業,工業工程,工業及設備,96810483.243,2024-04-26T16:02:11,工业,工业工程,工业及设备,北亚策略,08080.HK,1.0,ODSH,8080,86.35,0.190,760.54,8080.HK,,,,-10.80,76.00,-0.023,HKD,北亞策略,M,,-10.8,0.190,0.0,8080.HK,,0.0
08081,恆泰裕集團,N,資訊科技,軟件服務,系統開發及顧問,304206071.372,2024-04-26T16:02:10,科技,软件服务,系统开发及顾问,恒泰裕集团,08081.HK,3.0,ODSH,8081,304.20,0.059,1.18,8081.HK,,1000.0,,+3.51,24.58,+0.002,HKD,恆泰裕集團,M,,3.51,0.059,0.0,8081.HK,"网络游戏,软件外包",0.0
08082,光尚文化控股,N,非必需性消費,媒體及娛樂,影視娛樂,92224689.524,2024-04-26T16:02:10,非必需性消费,媒体及娱乐,影视娱乐,光尚文化控股,08082.HK,0.9,ODSH,8082,92.22,0.044,5.0,8082.HK,,1000.0,,+4.76,,+0.002,HKD,光尚文化控股,M,,4.76,0.044,0.0,8082.HK,"影视娱乐,殡葬",0.0
08083,中國有贊,N,資訊科技,軟件服務,電商及互聯網服務,2638264700.16,2024-04-26T16:02:10,科技,软件服务,电商及互联网服务,中国有赞,08083.HK,26.4,ODSH,8083,2.67,0.081,7.42,8083.HK,,1000000.0,,+6.58,202.50,+0.005,HKD,中國有贊,B,,6.58,0.081,0.1,8083.HK,"SaaS,短视频,移动支付,网络直播,腾讯",0.16640682209812194
08087,中國三三傳媒,N,非必需性消費,媒體及娛樂,廣告及宣傳,26265600.0,2024-04-26T16:02:09,非必需性消费,媒体及娱乐,广告及宣传,中国三三传媒,08087.HK,0.3,ODSH,8087,26.26,0.152,,8087.HK,,,,0.00,,0.000,HKD,中國三三傳媒,M,,0.0,0.152,0.0,8087.HK,文化传媒,0.0
08091,奧傳思維控股,N,非必需性消費,媒體及娛樂,廣告及宣傳,25200000.0,2024-04-26T16:02:10,非必需性消费,媒体及娱乐,广告及宣传,奥传思维控股,08091.HK,0.3,ODSH,8091,25.20,0.035,370.0,8091.HK,,,,+6.06,,+0.002,HKD,奧傳思維控股,M,,6.06,0.035,0.0,8091.HK,,0.0
08092,ITE HOLDINGS,N,資訊科技,軟件服務,系統開發及顧問,22212192.0,2024-04-26T16:02:10,科技,软件服务,系统开发及顾问,ITE HOLDINGS,08092.HK,0.2,ODSH,8092,22.21,0.024,,8092.HK,,,20.83,0.00,4.62,0.000,HKD,ITE HOLDINGS,M,,0.0,0.024,0.0,8092.HK,移动支付,0.0
08093,萬星控股,N,非必需性消費,媒體及娛樂,廣告及宣傳,75592000.0,2024-04-26T16:02:10,非必需性消费,媒体及娱乐,广告及宣传,万星控股,08093.HK,0.8,ODSH,8093,75.59,0.110,2.88,8093.HK,,1000.0,,0.00,,0.000,HKD,萬星控股,M,,0.0,0.110,0.0,8093.HK,品牌服饰,0.0
08095,北大青鳥環宇,N,非必需性消費,旅遊及休閒設施,旅遊及觀光,244339200.0,2024-04-26T16:02:10,非必需性消费,旅游及休闲设施,旅游及观光,北大青鸟环宇,08095.HK,2.4,ODSH,8095,244.33,0.300,629.23,8095.HK,,1000.0,24.33,+1.69,2.18,+0.005,HKD,北大青鳥環宇,M,,1.69,0.300,0.0,8095.HK,"国企改革,旅游及观光,电子信息,高校",0.0
08096,賞之味,N,非必需性消費,旅遊及休閒設施,餐飲,18480000.0,2024-04-26T16:02:10,非必需性消费,旅游及休闲设施,餐饮,赏之味,08096.HK,0.2,ODSH,8096,18.48,0.096,10.76,8096.HK,,1000.0,,-10.28,,-0.011,HKD,賞之味,M,,-10.28,0.096,0.0,8096.HK,餐饮连锁,0.0
08098,昌利控股,N,金融,其他金融,證券及經紀,118800000.0,2024-04-26T16:02:10,金融,其他金融,证券及经纪,昌利控股,08098.HK,1.2,ODSH,8098,105.60,0.048,2.5,8098.HK,,1000.0,,-11.11,,-0.006,HKD,昌利控股,M,,-11.11,0.048,0.0,8098.HK,财产管理,0.0
08100,智易控股,N,資訊科技,軟件服務,軟件開發,142223435.84,2024-04-26T16:02:10,科技,软件服务,软件开发,智易控股,08100.HK,1.4,ODSH,8100,142.22,0.320,,8100.HK,,,,-3.03,,-0.010,HKD,智易控股,M,,-3.03,0.320,0.0,8100.HK,"财产管理,软件外包",0.0
08103,HMVOD視頻,N,非必需性消費,媒體及娛樂,影視娛樂,106147275.54,2024-04-26T16:02:11,非必需性消费,媒体及娱乐,影视娱乐,HMVOD视频,08103.HK,1.1,ODSH,8103,106.14,0.820,2.42,8103.HK,,1000000.0,,-2.38,,-0.020,HKD,ＨＭＶＯＤ視頻,M,,-2.38,0.820,0.0,8103.HK,"影视娱乐,软件外包",0.0
08106,升華蘭德,N,資訊科技,軟件服務,,18348750.0,2024-04-26T16:02:10,科技,软件服务,软件开发,升华兰德,08106.HK,0.2,ODSH,8106,18.34,0.070,,8106.HK,,,,-1.41,,-0.001,HKD,升華蘭德,M,,-1.41,0.070,0.0,8106.HK,"国企改革,移动互联网,移动支付",0.0
08107,威誠國際控股,N,非必需性消費,紡織及服飾,服裝,1070055000.0,2024-04-26T16:02:09,非必需性消费,纺织及服饰,服装,威诚国际控股,08107.HK,10.7,ODSH,8107,1.07,7.900,,8107.HK,,,,0.00,,0.000,HKD,威誠國際控股,B,,0.0,7.900,0.0,8107.HK,,0.0
08111,中國科技產業集團,N,工業,工業工程,環保工程,36878134.72,2024-04-26T16:02:10,工业,工业工程,环保工程,中国科技产业集团,08111.HK,0.4,ODSH,8111,36.87,0.080,,8111.HK,,,,0.00,,0.000,HKD,中國科技產業集團,M,,0.0,0.080,0.0,8111.HK,生物质能发电,0.0
08112,基石金融,N,非必需性消費,媒體及娛樂,廣告及宣傳,94061563.68,2024-04-26T16:02:10,非必需性消费,媒体及娱乐,广告及宣传,基石金融,08112.HK,0.9,ODSH,8112,94.06,0.410,,8112.HK,,,,0.00,,0.000,HKD,基石金融,M,,0.0,0.410,0.0,8112.HK,文化传媒,0.0
08113,揚宇科技,N,工業,工業工程,工業及設備,64928498.958,2024-04-26T16:02:11,工业,工业工程,工业及设备,扬宇科技,08113.HK,0.6,ODSH,8113,64.92,0.067,5.04,8113.HK,,1000.0,,0.00,13.40,0.000,HKD,揚宇科技,M,,0.0,0.067,0.0,8113.HK,电子信息,0.0
08115,上海青浦消防,N,工業,工業工程,工業及設備,25002000.0,2024-04-26T16:02:11,工业,工业工程,工业及设备,上海青浦消防,08115.HK,0.3,ODSH,8115,25.00,0.450,,8115.HK,,,,0.00,9.22,0.000,HKD,上海青浦消防,M,,0.0,0.450,0.0,8115.HK,,0.0
08117,中國基礎能源,N,公用事業,公用事業,燃氣,49151397.072,2024-04-26T16:02:11,公用事业,公用事业,燃气,中国基础能源,08117.HK,0.5,ODSH,8117,50.17,0.049,,8117.HK,,,,0.00,,0.000,HKD,中國基礎能源,M,,0.0,0.049,0.0,8117.HK,,0.0
08118,濠亮環球,N,非必需性消費,家庭電器及用品,家具,38500000.0,2024-04-26T16:02:10,非必需性消费,家庭电器及用品,家具,濠亮环球,08118.HK,0.4,ODSH,8118,38.50,0.077,,8118.HK,,,,0.00,,0.000,HKD,濠亮環球,M,,0.0,0.077,0.0,8118.HK,家具,0.0
08120,國農金融投資,N,非必需性消費,旅遊及休閒設施,餐飲,92606905.656,2024-04-26T16:02:10,非必需性消费,旅游及休闲设施,餐饮,国农金融投资,08120.HK,0.9,ODSH,8120,92.60,0.123,275.0,8120.HK,,,,0.00,,0.000,HKD,國農金融投資,M,,0.0,0.123,0.0,8120.HK,"农业现代化,餐饮连锁",0.0
08123,華億金控,N,非必需性消費,零售相關,汽車零售,77489581.2,2024-04-26T16:02:11,非必需性消费,零售相关,汽车零售,华亿金控,08123.HK,0.8,ODSH,8123,77.48,0.010,,8123.HK,,,,0.00,,0.000,HKD,華億金控,M,,0.0,0.010,0.0,8123.HK,"汽车零售,财产管理",0.0
08125,仁德資源,N,地產建築,建築,建築及服務,36686520.0,2024-04-26T16:02:10,地产建筑,建筑,建筑及服务,仁德资源,08125.HK,0.4,ODSH,8125,44.02,0.195,26.52,8125.HK,,1000.0,,-0.51,,-0.001,HKD,仁德資源,M,,-0.51,0.195,0.0,8125.HK,,0.0
08126,G.A.控股,N,非必需性消費,零售相關,汽車零售,56679700.0,2024-04-26T16:02:11,非必需性消费,零售相关,汽车零售,G.A.控股,08126.HK,0.6,ODSH,8126,56.67,0.119,,8126.HK,,,,0.00,13.84,0.000,HKD,Ｇ﹒Ａ﹒控股,M,,0.0,0.119,0.0,8126.HK,"汽车制造,汽车零售",0.0
08128,中國恒有源集團,N,工業,工業工程,環保工程,149388530.379,2024-04-26T16:02:11,工业,工业工程,环保工程,中国恒有源集团,08128.HK,1.5,ODSH,8128,149.38,0.033,2.04,8128.HK,,1000.0,,+10.00,15.71,+0.003,HKD,中國恒有源集團,M,,10.0,0.033,0.0,8128.HK,节能环保,0.0
08130,大地國際集團,N,非必需性消費,媒體及娛樂,出版,36406274.57,2024-04-26T16:02:11,非必需性消费,媒体及娱乐,出版,大地国际集团,08130.HK,0.4,ODSH,8130,36.40,0.010,300.0,8130.HK,,,,0.00,,0.000,HKD,大地國際集團,M,,0.0,0.010,0.0,8130.HK,智能医疗,0.0
08131,辰罡科技,N,資訊科技,軟件服務,,57097585.92,2024-04-26T16:02:11,科技,软件服务,软件开发,辰罡科技,08131.HK,0.6,ODSH,8131,57.09,0.120,16.88,8131.HK,,1000.0,,-0.83,,-0.001,HKD,辰罡科技,M,,-0.83,0.120,0.0,8131.HK,"移动互联网,软件外包",0.0
08132,百能國際能源,N,資訊科技,資訊科技器材,電訊設備,309863527.095,2024-04-26T16:02:10,科技,资讯科技器材,电讯设备,百能国际能源,08132.HK,3.1,ODSH,8132,309.86,0.115,234.19,8132.HK,,1000.0,,-0.86,,-0.001,HKD,百能國際能源,M,,-0.86,0.115,0.0,8132.HK,节能环保,0.0
08133,吉盛集團控股,N,工業,工業工程,工業及設備,19473840.0,2024-04-26T16:02:10,工业,工业工程,工业及设备,吉盛集团控股,08133.HK,0.2,ODSH,8133,19.47,0.510,6.56,8133.HK,,1000.0,,0.00,,0.000,HKD,吉盛集團控股,M,,0.0,0.510,0.0,8133.HK,,0.0
08136,英馬斯集團,N,非必需性消費,家庭電器及用品,家具,37000000.0,2024-04-26T16:02:10,非必需性消费,家庭电器及用品,家具,英马斯集团,08136.HK,0.4,ODSH,8136,37.00,0.037,,8136.HK,,,,0.00,6.07,0.000,HKD,英馬斯集團,M,,0.0,0.037,0.0,8136.HK,家具,0.0
08137,洪橋集團,N,工業,工業工程,能源儲存相關,2512906069.53,2024-04-26T16:02:10,工业,工业工程,能源储存相关,洪桥集团,08137.HK,25.1,ODSH,8137,2.51,0.255,231.02,8137.HK,,1000.0,,+2.00,,+0.005,HKD,洪橋集團,B,,2.0,0.255,0.0,8137.HK,"太阳能,锂电池",0.0
08139,長安仁恒,N,原材料,其他原材料,特殊化工用品,46080000.0,2024-04-26T16:02:11,原材料,其他原材料,特殊化工用品,长安仁恒,08139.HK,0.5,ODSH,8139,46.08,1.200,1.2,8139.HK,,1000.0,,0.00,18.69,0.000,HKD,長安仁恒,M,,0.0,1.200,0.0,8139.HK,新材料,0.0
08140,人和科技,N,地產建築,建築,重型基建,80800000.0,2024-04-26T16:02:10,地产建筑,建筑,重型基建,人和科技,08140.HK,0.8,ODSH,8140,81.60,0.102,6.04,8140.HK,,1000.0,,+2.00,3.92,+0.002,HKD,人和科技,M,,2.0,0.102,0.0,8140.HK,"基础建设,重型机械股",0.0
08143,金威醫療,N,醫療保健,醫療保健設備及服務,醫療及醫學美容服務,65947048.596,2024-04-26T16:02:10,医疗保健,医疗保健设备及服务,医疗及医学美容服务,金威医疗,08143.HK,0.7,ODSH,8143,67.07,0.119,119.53,8143.HK,,1000.0,,-38.66,,-0.075,HKD,金威醫療,M,,-38.66,0.119,0.0,8143.HK,"智能医疗,民营医院",0.0
08146,怡園酒業,N,必需性消費,食品飲料,酒精飲料,108081000.0,2024-04-26T16:02:11,必需性消费,食品饮料,酒精饮料,怡园酒业,08146.HK,1.1,ODSH,8146,108.08,0.135,,8146.HK,,,,0.00,9.78,0.000,HKD,怡園酒業,M,,0.0,0.135,0.0,8146.HK,,0.0
08147,匯思太平洋,N,電訊,電訊,衛星及無綫通訊,28345321.675,2024-04-26T16:02:09,科技,电讯,卫星及无线通讯,汇思太平洋,08147.HK,0.3,ODSH,8147,28.34,0.275,82.6,8147.HK,,1000.0,,-3.51,,-0.010,HKD,匯思太平洋,M,,-3.51,0.275,0.0,8147.HK,"卫星导航,玩具及消闲用品",0.0
08148,悟喜生活,N,資訊科技,軟件服務,,20362240.0,2024-04-26T16:02:11,科技,软件服务,软件开发,悟喜生活,08148.HK,0.2,ODSH,8148,20.36,0.016,86.95,8148.HK,,1000.0,,-5.88,,-0.001,HKD,悟喜生活,M,,-5.88,0.016,0.0,8148.HK,"手机游戏,网络游戏",0.0
08149,浩德控股,N,金融,其他金融,其他金融,90123000.0,2024-04-26T16:02:11,金融,其他金融,其他金融,浩德控股,08149.HK,0.9,ODSH,8149,87.66,0.107,13.14,8149.HK,,1000.0,,-2.73,8.77,-0.003,HKD,浩德控股,M,,-2.73,0.107,0.0,8149.HK,,0.0
08150,無縫綠色,S,非必需性消費,家庭電器及用品,家具,15096165.6,2024-04-26T16:02:09,非必需性消费,家庭电器及用品,家具,无缝绿色,08150.HK,0.2,ODSH,8150,15.09,0.080,,8150.HK,,,,0.00,,0.000,HKD,無縫綠色,M,True,0.0,0.080,0.0,8150.HK,"LED,台资企业,家具",0.0
08151,寶申控股,S,工業,工業工程,工業及設備,26460000.0,2024-04-26T16:02:10,工业,工业工程,工业及设备,宝申控股,08151.HK,0.3,ODSH,8151,26.46,0.063,,8151.HK,,,,0.00,,0.000,HKD,寶申控股,M,True,0.0,0.063,0.0,8151.HK,,0.0
08152,明樑控股,N,工業,工業工程,重型機械,37200000.0,2024-04-26T16:02:10,工业,工业工程,重型机械,明梁控股,08152.HK,0.4,ODSH,8152,37.20,0.062,5.7,8152.HK,,1000.0,,+3.33,5.39,+0.002,HKD,明樑控股,M,,3.33,0.062,0.0,8152.HK,,0.0
08153,嘉鼎國際集團,N,非必需性消費,媒體及娛樂,廣播,27512044.575,2024-04-26T16:02:10,非必需性消费,媒体及娱乐,广播,嘉鼎国际集团,08153.HK,0.3,ODSH,8153,27.51,0.015,31.46,8153.HK,,1000.0,,+7.14,,+0.001,HKD,嘉鼎國際集團,M,,7.14,0.015,0.0,8153.HK,农业现代化,0.0
08156,國藥科技股份,N,工業,工業支援,採購及供應鏈管理,18369305.5,2024-04-26T16:02:10,工业,工业支援,采购及供应链管理,国药科技股份,08156.HK,0.2,ODSH,8156,18.36,0.100,1.0,8156.HK,,1000.0,,+7.53,,+0.007,HKD,國藥科技股份,M,,7.53,0.100,0.0,8156.HK,"博彩,彩票股",0.0
08158,中國再生醫學,N,醫療保健,醫療保健設備及服務,醫健設備,82148169.6,2024-04-26T16:02:10,医疗保健,医疗保健设备及服务,医健设备,中国再生医学,08158.HK,0.8,ODSH,8158,82.14,0.270,,8158.HK,,,,0.00,,0.000,HKD,中國再生醫學,M,,0.0,0.270,0.0,8158.HK,"医疗器械,医药股,生物医药",0.0
08159,新華聯合投資,S,資訊科技,資訊科技器材,電腦及周邊,86592000.0,2024-04-26T16:02:11,科技,资讯科技器材,电脑及周边,新华联合投资,08159.HK,0.9,ODSH,8159,86.59,0.123,,8159.HK,,,,0.00,,0.000,HKD,新華聯合投資,M,True,0.0,0.123,0.0,8159.HK,电子信息,0.0
08160,GOLDWAY EDU,N,非必需性消費,支援服務,教育,7626776.892,2024-04-26T16:02:10,非必需性消费,支援服务,教育,GOLDWAY EDU,08160.HK,0.1,ODSH,8160,7.62,0.042,,8160.HK,,,,0.00,,0.000,HKD,GOLDWAY EDU,M,,0.0,0.042,0.0,8160.HK,,0.0
08161,醫匯集團,N,醫療保健,醫療保健設備及服務,醫療及醫學美容服務,16224000.0,2024-04-26T16:02:09,医疗保健,医疗保健设备及服务,医疗及医学美容服务,医汇集团,08161.HK,0.2,ODSH,8161,16.22,0.390,,8161.HK,,,,0.00,,0.000,HKD,醫匯集團,M,,0.0,0.390,0.0,8161.HK,牙科医疗,0.0
08162,港銀控股,S,原材料,黃金及貴金屬,黃金及貴金屬,155927952.0,2024-04-26T16:02:11,原材料,黄金及贵金属,黄金及贵金属,港银控股,08162.HK,1.6,ODSH,8162,155.92,0.188,,8162.HK,,,,0.00,9.00,0.000,HKD,港銀控股,M,True,0.0,0.188,0.0,8162.HK,,0.0
08163,聲揚集團,N,必需性消費,消費零售,個人護理,25989011.316,2024-04-26T16:02:09,必需性消费,消费零售,个人护理,声扬集团,08163.HK,0.3,ODSH,8163,25.98,0.043,16.62,8163.HK,,1000.0,,0.00,,0.000,HKD,聲揚集團,M,,0.0,0.043,0.0,8163.HK,,0.0
08166,中國農業生態,S,工業,工業支援,採購及供應鏈管理,6500086.55,2024-04-26T16:02:10,工业,工业支援,采购及供应链管理,中国农业生态,08166.HK,0.1,ODSH,8166,6.50,0.050,,8166.HK,,,,0.00,,0.000,HKD,中國農業生態,M,True,0.0,0.050,0.0,8166.HK,,0.0
08167,中國新電信,S,資訊科技,資訊科技器材,電訊設備,199965871.245,2024-04-26T16:02:10,科技,资讯科技器材,电讯设备,中国新电信,08167.HK,2.0,ODSH,8167,199.96,0.021,,8167.HK,,,,0.00,,0.000,HKD,中國新電信,M,True,0.0,0.021,0.0,8167.HK,"数据中心,电讯设备,移动互联网",0.0
08168,寶積資本,N,金融,其他金融,其他金融,62700000.0,2024-04-26T16:02:10,金融,其他金融,其他金融,宝积资本,08168.HK,0.6,ODSH,8168,68.20,0.062,387.34,8168.HK,,1000.0,,+19.23,,+0.010,HKD,寶積資本,M,,19.23,0.062,0.0,8168.HK,,0.0
08169,環康集團,N,工業,工業工程,環保工程,16888040.0,2024-04-26T16:02:11,工业,工业工程,环保工程,环康集团,08169.HK,0.2,ODSH,8169,16.88,0.026,,8169.HK,,,,0.00,3.02,0.000,HKD,環康集團,M,,0.0,0.026,0.0,8169.HK,节能环保,0.0
08170,全民國際,S,地產建築,建築,建築及服務,156256000.0,2024-04-26T16:02:10,地产建筑,建筑,建筑及服务,全民国际,08170.HK,1.6,ODSH,8170,156.25,0.380,,8170.HK,,,,0.00,37.25,0.000,HKD,全民國際,M,True,0.0,0.380,0.0,8170.HK,,0.0
08172,拉近網娛,N,非必需性消費,媒體及娛樂,影視娛樂,265175255.898,2024-04-26T16:02:10,非必需性消费,媒体及娱乐,影视娱乐,拉近网娱,08172.HK,2.7,ODSH,8172,265.17,0.063,,8172.HK,,,,-5.97,,-0.004,HKD,拉近網娛,M,,-5.97,0.063,0.0,8172.HK,"影视娱乐,文化传媒",0.0
08173,客思控股,N,地產建築,建築,建築及服務,92599006.18,2024-04-26T16:02:10,地产建筑,建筑,建筑及服务,客思控股,08173.HK,0.9,ODSH,8173,92.59,0.430,8.7,8173.HK,,1000.0,,+6.17,,+0.025,HKD,客思控股,M,,6.17,0.430,0.0,8173.HK,小金属,0.0
08176,超人智能,N,工業,工業工程,電子設備,224761531.63,2024-04-26T16:02:11,工业,工业工程,电子设备,超人智能,08176.HK,2.2,ODSH,8176,224.76,0.370,,8176.HK,,,,0.00,,0.000,HKD,超人智能,M,,0.0,0.370,0.0,8176.HK,医疗美容器械,0.0
08178,中國信息科技,N,資訊科技,軟件服務,系統開發及顧問,89559593.65,2024-04-26T16:02:09,科技,软件服务,系统开发及顾问,中国信息科技,08178.HK,0.9,ODSH,8178,89.55,1.450,,8178.HK,,,,0.00,,0.000,HKD,中國信息科技,M,,0.0,1.450,0.0,8178.HK,"电子商务,移动互联网",0.0
08179,百利達集團控股,N,必需性消費,食品飲料,酒精飲料,68185480.557,2024-04-26T16:02:10,必需性消费,食品饮料,酒精饮料,百利达集团控股,08179.HK,0.7,ODSH,8179,68.18,0.057,125.23,8179.HK,,1000.0,,0.00,,0.000,HKD,百利達集團控股,M,,0.0,0.057,0.0,8179.HK,"台资企业,连锁酒店",0.0
08181,時時服務,N,地產建築,地產,物業管理及服務,69997173.23,2024-04-26T16:02:10,地产建筑,地产,物业管理及服务,时时服务,08181.HK,0.7,ODSH,8181,69.99,0.062,,8181.HK,,,,0.00,,0.000,HKD,時時服務,M,,0.0,0.062,0.0,8181.HK,物业管理,0.0
08186,曼妠,N,原材料,其他原材料,林業及木材,170802960.0,2024-04-26T16:02:10,原材料,其他原材料,林业及木材,曼妠,08186.HK,1.7,ODSH,8186,170.80,1.500,7.5,8186.HK,,1000.0,,0.00,,0.000,HKD,曼妠,M,,0.0,1.500,0.0,8186.HK,,0.0
08187,積木集團,N,金融,其他金融,信貸,88843392.0,2024-04-26T16:02:11,金融,其他金融,信贷,积木集团,08187.HK,0.9,ODSH,8187,87.75,0.810,7.35,8187.HK,,1000000.0,,+2.53,33.47,+0.020,HKD,積木集團,M,,2.53,0.810,0.1,8187.HK,,0.11220065164415724
08188,駿傑集團控股,N,地產建築,建築,重型基建,104878720.0,2024-04-26T16:02:10,地产建筑,建筑,重型基建,骏杰集团控股,08188.HK,1.0,ODSH,8188,104.87,0.215,160.02,8188.HK,,1000.0,23.26,-2.27,1.71,-0.005,HKD,駿傑集團控股,M,,-2.27,0.215,0.0,8188.HK,基础建设,0.0
08189,泰達生物,N,原材料,其他原材料,化肥及農用化合物,89775000.0,2024-04-26T16:02:11,原材料,其他原材料,化肥及农用化合物,泰达生物,08189.HK,0.9,ODSH,8189,89.77,0.075,,8189.HK,,,,0.00,,0.000,HKD,泰達生物,M,,0.0,0.075,0.0,8189.HK,"养老,农业现代化",0.0
08191,鴻偉亞洲,N,原材料,其他原材料,林業及木材,11426392.362,2024-04-26T16:02:10,原材料,其他原材料,林业及木材,鸿伟亚洲,08191.HK,0.1,ODSH,8191,11.42,0.217,27.36,8191.HK,,1000.0,,0.00,7.86,0.000,HKD,鴻偉亞洲,M,,0.0,0.217,0.0,8191.HK,粤港澳,0.0
08193,亞太金融投資,N,金融,其他金融,其他金融,15390034.704,2024-04-26T16:02:10,金融,其他金融,其他金融,亚太金融投资,08193.HK,0.2,ODSH,8193,15.39,0.066,,8193.HK,,,,0.00,,0.000,HKD,亞太金融投資,M,,0.0,0.066,0.0,8193.HK,财产管理,0.0
08195,傳承教育集團,N,非必需性消費,支援服務,教育,767281053.12,2024-04-26T16:02:10,非必需性消费,支援服务,教育,传承教育集团,08195.HK,7.7,ODSH,8195,813.16,1.840,1.32,8195.HK,,1000000.0,,-2.65,21.72,-0.050,HKD,傳承教育集團,M,,-2.65,1.840,0.0,8195.HK,,0.0
08196,福田股份,N,公用事業,公用事業,水務,100500000.0,2024-04-26T16:02:10,公用事业,公用事业,水务,福田股份,08196.HK,1.0,ODSH,8196,100.50,0.335,126.64,8196.HK,,1000.0,,+3.08,32.52,+0.010,HKD,福田股份,M,,3.08,0.335,0.0,8196.HK,,0.0
08198,加幂科技,N,資訊科技,軟件服務,系統開發及顧問,99261996.782,2024-04-26T16:02:11,科技,软件服务,系统开发及顾问,加幂科技,08198.HK,1.0,ODSH,8198,99.26,0.181,,8198.HK,,,,0.00,,0.000,HKD,加幂科技,M,,0.0,0.181,0.0,8198.HK,"博彩,彩票股",0.0
08200,修身堂,N,非必需性消費,零售相關,其他零售,39421015.5,2024-04-26T16:02:11,非必需性消费,零售相关,其他零售,修身堂,08200.HK,0.4,ODSH,8200,39.42,0.500,4.0,8200.HK,,1000.0,,-5.66,,-0.030,HKD,修身堂,M,,-5.66,0.500,0.0,8200.HK,"化妆美容股,医疗美容器械",0.0
08201,寶聯控股,N,非必需性消費,支援服務,其他支援服務,41040000.0,2024-04-26T16:02:10,非必需性消费,支援服务,其他支援服务,宝联控股,08201.HK,0.4,ODSH,8201,41.04,0.076,,8201.HK,,,,0.00,,0.000,HKD,寶聯控股,M,,0.0,0.076,0.0,8201.HK,,0.0
08203,凱順控股,N,工業,工業支援,採購及供應鏈管理,224615099.94,2024-04-26T16:02:11,工业,工业支援,采购及供应链管理,凯顺控股,08203.HK,2.2,ODSH,8203,224.61,0.385,,8203.HK,,,,0.00,,0.000,HKD,凱順控股,M,,0.0,0.385,0.0,8203.HK,,0.0
08205,交大慧谷,N,資訊科技,軟件服務,系統開發及顧問,28644000.0,2024-04-26T16:02:11,科技,软件服务,系统开发及顾问,交大慧谷,08205.HK,0.3,ODSH,8205,28.64,0.217,,8205.HK,,,,-12.15,,-0.030,HKD,交大慧谷,M,,-12.15,0.217,0.0,8205.HK,"国企改革,电子信息,高校",0.0
08206,神通機器人教育,N,非必需性消費,支援服務,教育,32226849.289,2024-04-26T16:02:10,非必需性消费,支援服务,教育,神通机器人教育,08206.HK,0.3,ODSH,8206,32.22,0.017,612.0,8206.HK,,,,-5.56,,-0.001,HKD,神通機器人教育,M,,-5.56,0.017,0.0,8206.HK,"教育服务,网络游戏",0.0
08208,WMCH GLOBAL,N,地產建築,建築,建築及服務,42480000.0,2024-04-26T16:02:09,地产建筑,建筑,建筑及服务,WMCH GLOBAL,08208.HK,0.4,ODSH,8208,42.48,0.059,29.22,8208.HK,,1000.0,,-1.67,,-0.001,HKD,WMCH GLOBAL,M,,-1.67,0.059,0.0,8208.HK,,0.0
08210,衍匯亞洲,N,金融,其他金融,證券及經紀,33600000.0,2024-04-26T16:02:10,金融,其他金融,证券及经纪,衍汇亚洲,08210.HK,0.3,ODSH,8210,33.60,0.042,5.86,8210.HK,,1000.0,,+5.00,8.57,+0.002,HKD,衍匯亞洲,M,,5.0,0.042,0.0,8210.HK,,0.0
08211,浙江永安,N,非必需性消費,紡織及服飾,紡織品及布料,9510000.0,2024-04-26T16:02:11,非必需性消费,纺织及服饰,纺织品及布料,浙江永安,08211.HK,0.1,ODSH,8211,9.98,0.021,840.0,8211.HK,,,,+5.00,,+0.001,HKD,浙江永安,M,,5.0,0.021,0.0,8211.HK,,0.0
08213,榮暉控股,N,非必需性消費,旅遊及休閒設施,餐飲,343709437.5,2024-04-26T16:02:09,非必需性消费,旅游及休闲设施,餐饮,荣晖控股,08213.HK,3.4,ODSH,8213,343.70,0.660,,8213.HK,,,,0.00,,0.000,HKD,榮暉控股,M,,0.0,0.660,0.0,8213.HK,餐饮连锁,0.0
08215,FIRST CREDIT,S,金融,其他金融,信貸,391910400.0,2024-04-26T16:02:11,金融,其他金融,信贷,FIRST CREDIT,08215.HK,3.9,ODSH,8215,391.91,0.108,,8215.HK,,,,0.00,,0.000,HKD,FIRST CREDIT,M,True,0.0,0.108,0.0,8215.HK,小额贷款,0.0
08217,萬民好物,N,地產建築,建築,重型基建,24450660.0,2024-04-26T16:02:10,地产建筑,建筑,重型基建,万民好物,08217.HK,0.2,ODSH,8217,24.45,0.081,43.75,8217.HK,,,,0.00,,0.000,HKD,萬民好物,M,,0.0,0.081,0.0,8217.HK,基础建设,0.0
08218,毅高國際控股,N,工業,工業工程,工業及設備,113291932.61,2024-04-26T16:02:11,工业,工业工程,工业及设备,毅高国际控股,08218.HK,1.1,ODSH,8218,113.29,0.170,,8218.HK,,,,0.00,,0.000,HKD,毅高國際控股,M,,0.0,0.170,0.0,8218.HK,,0.0
08219,恆偉集團控股,N,非必需性消費,紡織及服飾,珠寶鐘錶,47850000.0,2024-04-26T16:02:09,非必需性消费,纺织及服饰,珠宝钟表,恒伟集团控股,08219.HK,0.5,ODSH,8219,47.85,0.290,1.12,8219.HK,,1000000.0,,0.00,,0.000,HKD,恆偉集團控股,M,,0.0,0.290,0.0,8219.HK,,0.0
08220,比高集團,N,非必需性消費,媒體及娛樂,影視娛樂,100591576.68,2024-04-26T16:02:10,非必需性消费,媒体及娱乐,影视娱乐,比高集团,08220.HK,1.0,ODSH,8220,102.64,1.000,436.54,8220.HK,,1000.0,,+9.89,,+0.090,HKD,比高集團,M,,9.89,1.000,0.0,8220.HK,"影视娱乐,文化传媒",0.0
08221,高裕金融,S,金融,其他金融,其他金融,50000000.0,2024-04-26T16:02:10,金融,其他金融,其他金融,高裕金融,08221.HK,0.5,ODSH,8221,50.00,0.025,,8221.HK,,,,0.00,,0.000,HKD,高裕金融,M,True,0.0,0.025,0.0,8221.HK,,0.0
08222,壹照明,N,非必需性消費,家庭電器及用品,家具,18492464.233,2024-04-26T16:02:11,非必需性消费,家庭电器及用品,家具,壹照明,08222.HK,0.2,ODSH,8222,18.49,0.041,,8222.HK,,,,0.00,,0.000,HKD,壹照明,M,,0.0,0.041,0.0,8222.HK,"LED,家具",0.0
08223,紫元元,N,金融,其他金融,信貸,688000000.0,2024-04-26T16:02:11,金融,其他金融,信贷,紫元元,08223.HK,6.9,ODSH,8223,688.00,1.600,219.68,8223.HK,,1000.0,,-4.76,41.03,-0.080,HKD,紫元元,M,,-4.76,1.600,0.0,8223.HK,,0.0
08225,中國醫療集團,N,醫療保健,藥品及生物科技,醫藥品,118446847.54,2024-04-26T16:02:11,医疗保健,药品及生物科技,医药品,中国医疗集团,08225.HK,1.2,ODSH,8225,118.44,0.119,2.4,8225.HK,,1000.0,,-0.83,,-0.001,HKD,中國醫療集團,M,,-0.83,0.119,0.0,8225.HK,生物医药,0.0
08226,樹熊金融集團,N,金融,其他金融,證券及經紀,50100478.92,2024-04-26T16:02:11,金融,其他金融,证券及经纪,树熊金融集团,08226.HK,0.5,ODSH,8226,50.10,0.120,,8226.HK,,,,0.00,6.45,0.000,HKD,樹熊金融集團,M,,0.0,0.120,0.0,8226.HK,,0.0
08227,海天天綫,N,資訊科技,資訊科技器材,電訊設備,258305882.4,2024-04-26T16:02:11,科技,资讯科技器材,电讯设备,海天天线,08227.HK,2.6,ODSH,8227,258.30,0.400,,8227.HK,,,,0.00,,0.000,HKD,海天天綫,M,,0.0,0.400,0.0,8227.HK,"5G,国企改革,电讯设备,移动互联网",0.0
08229,未來數據集團,N,資訊科技,軟件服務,系統開發及顧問,284273600.0,2024-04-26T16:02:11,科技,软件服务,系统开发及顾问,未来数据集团,08229.HK,2.8,ODSH,8229,284.27,0.520,392.4,8229.HK,,1000.0,,0.00,,0.000,HKD,未來數據集團,M,,0.0,0.520,0.0,8229.HK,,0.0
08232,CLASSIFIED GP,N,非必需性消費,旅遊及休閒設施,餐飲,12711000.0,2024-04-26T16:02:10,非必需性消费,旅游及休闲设施,餐饮,CLASSIFIED GP,08232.HK,0.1,ODSH,8232,12.71,0.228,13.78,8232.HK,,1000.0,,-8.43,,-0.021,HKD,CLASSIFIED GP,M,,-8.43,0.228,0.0,8232.HK,餐饮连锁,0.0
08237,華星控股,N,非必需性消費,旅遊及休閒設施,酒店及度假村,108888000.0,2024-04-26T16:02:11,非必需性消费,旅游及休闲设施,酒店及度假村,华星控股,08237.HK,1.1,ODSH,8237,108.88,0.026,40.24,8237.HK,,1000.0,,+4.00,,+0.001,HKD,華星控股,M,,4.0,0.026,0.0,8237.HK,连锁酒店,0.0
08238,惠陶集團,N,非必需性消費,媒體及娛樂,廣告及宣傳,31726080.0,2024-04-26T16:02:11,非必需性消费,媒体及娱乐,广告及宣传,惠陶集团,08238.HK,0.3,ODSH,8238,31.72,0.051,31.96,8238.HK,,1000.0,,0.00,,0.000,HKD,惠陶集團,M,,0.0,0.051,0.0,8238.HK,文化传媒,0.0
08239,首都金融控股,N,金融,其他金融,信貸,54428047.38,2024-04-26T16:02:09,金融,其他金融,信贷,首都金融控股,08239.HK,0.5,ODSH,8239,54.42,0.580,7.76,8239.HK,,,,0.00,,0.000,HKD,首都金融控股,M,,0.0,0.580,0.0,8239.HK,"小额贷款,金融科技",0.0
08241,英記茶莊集團,N,必需性消費,食品飲料,非酒精飲料,44844600.0,2024-04-26T16:02:09,必需性消费,食品饮料,非酒精饮料,英记茶庄集团,08241.HK,0.4,ODSH,8241,44.84,0.124,34.0,8241.HK,,1000.0,,-9.49,,-0.013,HKD,英記茶莊集團,M,,-9.49,0.124,0.0,8241.HK,非酒精饮料,0.0
08245,善裕集團控股,N,資訊科技,資訊科技器材,電訊設備,34470254.56,2024-04-26T16:02:09,科技,资讯科技器材,电讯设备,善裕集团控股,08245.HK,0.3,ODSH,8245,34.47,0.040,60.8,8245.HK,,1000.0,,0.00,,0.000,HKD,善裕集團控股,M,,0.0,0.040,0.0,8245.HK,"安防,电讯设备",0.0
08246,中華燃氣,N,工業,工業工程,新能源材料,572042016.0,2024-04-26T16:02:11,工业,工业工程,新能源材料,中华燃气,08246.HK,5.7,ODSH,8246,572.04,0.156,32.45,8246.HK,,1000.0,,0.00,,0.000,HKD,中華燃氣,M,,0.0,0.156,0.0,8246.HK,,0.0
08247,中生北控生物科技,N,醫療保健,藥品及生物科技,生物技術,60428974.42,2024-04-26T16:02:11,医疗保健,药品及生物科技,生物技术,中生北控生物科技,08247.HK,0.6,ODSH,8247,60.42,0.940,,8247.HK,,,,0.00,,0.000,HKD,中生北控生物科技,M,,0.0,0.940,0.0,8247.HK,"国企改革,生物医药",0.0
08249,瑞遠智控,N,資訊科技,軟件服務,系統開發及顧問,12090000.0,2024-04-26T16:02:11,科技,软件服务,系统开发及顾问,瑞远智控,08249.HK,0.1,ODSH,8249,12.09,0.093,,8249.HK,,,,0.00,,0.000,HKD,瑞遠智控,M,,0.0,0.093,0.0,8249.HK,电子信息,0.0
08250,絲路能源,N,必需性消費,農產品,農產品相關,71928598.272,2024-04-26T16:02:10,必需性消费,农产品,农产品相关,丝路能源,08250.HK,0.7,ODSH,8250,74.92,0.200,5.95,8250.HK,,1000.0,,+4.17,51.28,+0.008,HKD,絲路能源,M,,4.17,0.200,0.0,8250.HK,"meitanhk,稀土永磁",0.0
08257,靖洋集團,N,資訊科技,半導體,半導體設備,56000000.0,2024-04-26T16:02:10,科技,半导体,半导体设备,靖洋集团,08257.HK,0.6,ODSH,8257,56.00,0.056,560.0,8257.HK,,,,-5.08,2.55,-0.003,HKD,靖洋集團,M,,-5.08,0.056,0.0,8257.HK,台资企业,0.0
08262,宏強控股,N,地產建築,建築,建築及服務,31837600.0,2024-04-26T16:02:11,地产建筑,建筑,建筑及服务,宏强控股,08262.HK,0.3,ODSH,8262,31.04,0.039,177.34,8262.HK,,1000.0,,-2.50,,-0.001,HKD,宏強控股,M,,-2.5,0.039,0.0,8262.HK,,0.0
08267,藍港互動,N,資訊科技,軟件服務,綫上遊戲,246543225.88,2024-04-26T16:02:11,科技,软件服务,线上游戏,蓝港互动,08267.HK,2.5,ODSH,8267,246.54,0.670,10.06,8267.HK,,1000.0,,0.00,,0.000,HKD,藍港互動,M,,0.0,0.670,0.0,8267.HK,"人工智能,区块链,手机游戏,网络游戏",0.0
08268,智城發展控股,N,地產建築,建築,建築及服務,76800000.0,2024-04-26T16:02:10,地产建筑,建筑,建筑及服务,智城发展控股,08268.HK,0.8,ODSH,8268,86.40,0.360,1.57,8268.HK,,1000000.0,,+5.88,,+0.020,HKD,智城發展控股,M,,5.88,0.360,0.0,8268.HK,,0.0
08269,富譽控股,N,非必需性消費,紡織及服飾,其他服飾配件,32956743.6,2024-04-26T16:02:10,非必需性消费,纺织及服饰,其他服饰配件,富誉控股,08269.HK,0.3,ODSH,8269,32.95,0.037,4.44,8269.HK,,1000.0,,0.00,,0.000,HKD,富譽控股,M,,0.0,0.037,0.0,8269.HK,虚拟现实,0.0
08270,中國煤層氣,N,能源,石油及天然氣,油氣生產商,195225334.5,2024-04-26T16:02:10,能源,石油及天然气,油气生产商,中国煤层气,08270.HK,2.0,ODSH,8270,195.22,0.500,,8270.HK,,,51.52,0.00,67.57,0.000,HKD,中國煤層氣,M,,0.0,0.500,0.0,8270.HK,天然气,0.0
08271,環球數碼創意,N,地產建築,地產,地產投資,105249867.8,2024-04-26T16:02:11,地产建筑,地产,地产投资,环球数码创意,08271.HK,1.1,ODSH,8271,105.24,0.070,15.88,8271.HK,,1000.0,,0.00,,0.000,HKD,環球數碼創意,M,,0.0,0.070,0.0,8271.HK,影视娱乐,0.0
08275,中國新消費集團,N,地產建築,建築,建築及服務,80640578.76,2024-04-26T16:02:10,地产建筑,建筑,建筑及服务,中国新消费集团,08275.HK,0.8,ODSH,8275,80.64,0.168,267.54,8275.HK,,1000.0,,-0.59,,-0.001,HKD,中國新消費集團,M,,-0.59,0.168,0.0,8275.HK,,0.0
08277,駿東控股,N,原材料,其他原材料,林業及木材,103676966.535,2024-04-26T16:02:11,原材料,其他原材料,林业及木材,骏东控股,08277.HK,1.0,ODSH,8277,103.67,0.395,22.58,8277.HK,,1000.0,,-1.25,,-0.005,HKD,駿東控股,M,,-1.25,0.395,0.0,8277.HK,,0.0
08279,亞博科技控股,N,非必需性消費,旅遊及休閒設施,賭場及博彩,2427847184.88,2024-04-26T16:02:11,非必需性消费,旅游及休闲设施,赌场及博彩,亚博科技控股,08279.HK,24.3,ODSH,8279,2.42,0.208,1.66,8279.HK,,1000.0,,-0.48,,-0.001,HKD,亞博科技控股,B,,-0.48,0.208,0.0,8279.HK,"博彩,彩票股,阿里巴巴",0.0
08280,中國數字視頻,N,非必需性消費,媒體及娛樂,廣播,20170624.0,2024-04-26T16:02:11,非必需性消费,媒体及娱乐,广播,中国数字视频,08280.HK,0.2,ODSH,8280,20.17,0.032,240.0,8280.HK,,,,0.00,,0.000,HKD,中國數字視頻,M,,0.0,0.032,0.0,8280.HK,"小米,虚拟现实",0.0
08281,中國金典集團,N,必需性消費,消費零售,個人護理,133000000.0,2024-04-26T16:02:10,必需性消费,消费零售,个人护理,中国金典集团,08281.HK,1.3,ODSH,8281,133.00,0.133,13.81,8281.HK,,1000.0,3.08,-11.33,17.50,-0.017,HKD,中國金典集團,M,,-11.33,0.133,0.0,8281.HK,,0.0
08282,智傲控股,N,資訊科技,軟件服務,綫上遊戲,21240000.0,2024-04-26T16:02:09,科技,软件服务,线上游戏,智傲控股,08282.HK,0.2,ODSH,8282,21.24,0.590,7.08,8282.HK,,1000.0,,0.00,,0.000,HKD,智傲控股,M,,0.0,0.590,0.0,8282.HK,"手机游戏,网络游戏",0.0
08283,中食民安,N,非必需性消費,支援服務,其他支援服務,162000000.0,2024-04-26T16:02:09,非必需性消费,支援服务,其他支援服务,中食民安,08283.HK,1.6,ODSH,8283,162.00,0.081,,8283.HK,,,,0.00,,0.000,HKD,中食民安,M,,0.0,0.081,0.0,8283.HK,,0.0
08285,森浩集團,N,非必需性消費,紡織及服飾,其他服飾配件,16240000.0,2024-04-26T16:02:10,非必需性消费,纺织及服饰,其他服饰配件,森浩集团,08285.HK,0.2,ODSH,8285,16.24,0.029,,8285.HK,,,,0.00,,0.000,HKD,森浩集團,M,,0.0,0.029,0.0,8285.HK,,0.0
08286,長城微光,S,資訊科技,資訊科技器材,電訊設備,7700000.0,2024-04-26T16:02:10,科技,资讯科技器材,电讯设备,长城微光,08286.HK,0.1,ODSH,8286,7.70,0.070,,8286.HK,,,,0.00,1.58,0.000,HKD,長城微光,M,True,0.0,0.070,0.0,8286.HK,"电讯设备,黄金",0.0
08290,亞勢備份,N,資訊科技,軟件服務,,42000000.0,2024-04-26T16:02:11,科技,软件服务,软件开发,亚势备份,08290.HK,0.4,ODSH,8290,42.00,0.021,,8290.HK,,,,0.00,16.15,0.000,HKD,亞勢備份,M,,0.0,0.021,0.0,8290.HK,软件外包,0.0
08291,萬成金屬包裝,N,工業,工業支援,印刷及包裝,16320000.0,2024-04-26T16:02:09,工业,工业支援,印刷及包装,万成金属包装,08291.HK,0.2,ODSH,8291,16.32,0.102,,8291.HK,,,,0.00,,0.000,HKD,萬成金屬包裝,M,,0.0,0.102,0.0,8291.HK,,0.0
08292,盛良物流,N,工業,工業運輸,航空貨運及物流,41184000.0,2024-04-26T16:02:11,工业,工业运输,航空货运及物流,盛良物流,08292.HK,0.4,ODSH,8292,41.18,0.065,3.25,8292.HK,,1000.0,,0.00,,0.000,HKD,盛良物流,M,,0.0,0.065,0.0,8292.HK,,0.0
08293,星亞控股,N,非必需性消費,支援服務,其他支援服務,11160000.0,2024-04-26T16:02:09,非必需性消费,支援服务,其他支援服务,星亚控股,08293.HK,0.1,ODSH,8293,11.16,0.155,,8293.HK,,,,0.00,3.51,0.000,HKD,星亞控股,M,,0.0,0.155,0.0,8293.HK,,0.0
08295,金慧科技,N,電訊,電訊,電訊服務,181488744.42,2024-04-26T16:02:10,科技,电讯,电讯服务,金慧科技,08295.HK,1.8,ODSH,8295,181.48,0.038,89.4,8295.HK,,1000.0,,+2.70,,+0.001,HKD,金慧科技,M,,2.7,0.038,0.0,8295.HK,财产管理,0.0
08296,中國生命集團,N,非必需性消費,支援服務,其他支援服務,57525000.0,2024-04-26T16:02:11,非必需性消费,支援服务,其他支援服务,中国生命集团,08296.HK,0.6,ODSH,8296,63.72,0.072,,8296.HK,,,,-4.00,,-0.003,HKD,中國生命集團,M,,-4.0,0.072,0.0,8296.HK,殡葬,0.0
08297,海納星空科技,N,非必需性消費,紡織及服飾,服裝,138866143.0,2024-04-26T16:02:10,非必需性消费,纺织及服饰,服装,海纳星空科技,08297.HK,1.4,ODSH,8297,138.86,0.134,,8297.HK,,,,-0.74,,-0.001,HKD,海納星空科技,M,,-0.74,0.134,0.0,8297.HK,,0.0
08299,大唐潼金,N,原材料,黃金及貴金屬,黃金及貴金屬,993863354.24,2024-04-26T16:02:11,原材料,黄金及贵金属,黄金及贵金属,大唐潼金,08299.HK,9.9,ODSH,8299,1.05,0.167,10.35,8299.HK,,1000000.0,,+7.74,34.79,+0.012,HKD,大唐潼金,B,,7.74,0.167,0.1,8299.HK,,0.2638775349331825
08300,今米房集團,N,非必需性消費,旅遊及休閒設施,餐飲,417650880.0,2024-04-26T16:02:11,非必需性消费,旅游及休闲设施,餐饮,今米房集团,08300.HK,4.2,ODSH,8300,433.51,0.164,226.52,8300.HK,,1000.0,,+4.46,,+0.007,HKD,今米房集團,M,,4.46,0.164,0.0,8300.HK,餐饮连锁,0.0
08305,洢人壹方控股,N,地產建築,建築,重型基建,36750000.0,2024-04-26T16:02:10,地产建筑,建筑,重型基建,洢人壹方控股,08305.HK,0.4,ODSH,8305,38.85,0.037,42.41,8305.HK,,1000.0,,0.00,,0.000,HKD,洢人壹方控股,M,,0.0,0.037,0.0,8305.HK,基础建设,0.0
08307,密迪斯肌,N,醫療保健,醫療保健設備及服務,醫療及醫學美容服務,63477760.0,2024-04-26T16:02:10,医疗保健,医疗保健设备及服务,医疗及医学美容服务,密迪斯肌,08307.HK,0.6,ODSH,8307,63.47,0.160,640.0,8307.HK,,,,+8.84,,+0.013,HKD,密迪斯肌,M,,8.84,0.160,0.0,8307.HK,"专科医院,生物医药",0.0
08308,古兜控股,S,非必需性消費,旅遊及休閒設施,酒店及度假村,269598654.879,2024-04-26T16:02:11,非必需性消费,旅游及休闲设施,酒店及度假村,古兜控股,08308.HK,2.7,ODSH,8308,269.59,0.237,,8308.HK,,,,0.00,,0.000,HKD,古兜控股,M,True,0.0,0.237,0.0,8308.HK,连锁酒店,0.0
08309,萬成環球控股,N,非必需性消費,支援服務,其他支援服務,36000000.0,2024-04-26T16:02:11,非必需性消费,支援服务,其他支援服务,万成环球控股,08309.HK,0.4,ODSH,8309,36.00,0.060,,8309.HK,,,,0.00,1.27,0.000,HKD,萬成環球控股,M,,0.0,0.060,0.0,8309.HK,,0.0
08310,大豐港,N,工業,工業支援,採購及供應鏈管理,450800000.0,2024-04-26T16:02:11,工业,工业支援,采购及供应链管理,大丰港,08310.HK,4.5,ODSH,8310,450.80,0.350,205.75,8310.HK,,1000.0,,-1.41,8.24,-0.005,HKD,大豐港,M,,-1.41,0.350,0.0,8310.HK,物流,0.0
08311,圓美光電,N,資訊科技,資訊科技器材,電訊設備,86053854.758,2024-04-26T16:02:10,科技,资讯科技器材,电讯设备,圆美光电,08311.HK,0.9,ODSH,8311,86.05,0.058,,8311.HK,,,,0.00,,0.000,HKD,圓美光電,M,,0.0,0.058,0.0,8311.HK,"电子信息,电讯设备",0.0
08313,杰地集團,N,綜合企業,綜合企業,綜合企業,54000000.0,2024-04-26T16:02:10,综合企业,综合企业,综合企业,杰地集团,08313.HK,0.5,ODSH,8313,54.00,0.027,,8313.HK,,,,0.00,5.19,0.000,HKD,杰地集團,M,,0.0,0.027,0.0,8313.HK,房地产服务,0.0
08315,長城匯理,N,非必需性消費,支援服務,其他支援服務,117451334.096,2024-04-26T16:02:09,非必需性消费,支援服务,其他支援服务,长城汇理,08315.HK,1.2,ODSH,8315,117.45,0.202,,8315.HK,,,,-0.49,,-0.001,HKD,長城匯理,M,,-0.49,0.202,0.0,8315.HK,"安防,手机游戏",0.0
08316,中國紅包,N,地產建築,建築,重型基建,98769600.0,2024-04-26T16:02:10,地产建筑,建筑,重型基建,中国红包,08316.HK,1.0,ODSH,8316,98.76,0.114,168.83,8316.HK,,1000.0,,+3.64,,+0.004,HKD,中國紅包,M,,3.64,0.114,0.0,8316.HK,基础建设,0.0
08317,財華社集團,N,非必需性消費,媒體及娛樂,出版,94981775.295,2024-04-26T16:02:11,非必需性消费,媒体及娱乐,出版,财华社集团,08317.HK,0.9,ODSH,8317,95.98,0.096,,8317.HK,,,,0.00,,0.000,HKD,財華社集團,M,,0.0,0.096,0.0,8317.HK,互联网+,0.0
08319,思博系統,N,資訊科技,軟件服務,系統開發及顧問,82737840.0,2024-04-26T16:02:10,科技,软件服务,系统开发及顾问,思博系统,08319.HK,0.8,ODSH,8319,82.73,0.103,,8319.HK,,,9.71,+3.00,4.20,+0.003,HKD,思博系統,M,,3.0,0.103,0.0,8319.HK,,0.0
08320,沛然環保,N,非必需性消費,支援服務,其他支援服務,47702680.0,2024-04-26T16:02:09,非必需性消费,支援服务,其他支援服务,沛然环保,08320.HK,0.5,ODSH,8320,47.70,0.068,,8320.HK,,,,0.00,,0.000,HKD,沛然環保,M,,0.0,0.068,0.0,8320.HK,,0.0
08321,泰錦控股,N,地產建築,建築,重型基建,44844800.0,2024-04-26T16:02:11,地产建筑,建筑,重型基建,泰锦控股,08321.HK,0.4,ODSH,8321,44.84,0.182,688.0,8321.HK,,,,0.00,,0.000,HKD,泰錦控股,M,,0.0,0.182,0.0,8321.HK,基础建设,0.0
08325,中國支付通,S,資訊科技,軟件服務,電商及互聯網服務,85234272.948,2024-04-26T16:02:10,科技,软件服务,电商及互联网服务,中国支付通,08325.HK,0.9,ODSH,8325,85.23,0.036,,8325.HK,,,,0.00,,0.000,HKD,中國支付通,M,True,0.0,0.036,0.0,8325.HK,移动支付,0.0
08326,同景新能源,N,工業,工業工程,新能源材料,130880000.0,2024-04-26T16:02:11,工业,工业工程,新能源材料,同景新能源,08326.HK,1.3,ODSH,8326,130.88,0.160,190.1,8326.HK,,1000.0,,-1.23,4.73,-0.002,HKD,同景新能源,M,,-1.23,0.160,0.0,8326.HK,连锁酒店,0.0
08328,信義儲電,N,工業,工業工程,新能源材料,1241095294.58,2024-04-26T16:02:10,工业,工业工程,新能源材料,信义储电,08328.HK,12.4,ODSH,8328,1.24,1.580,93.28,8328.HK,,1000.0,,+1.94,14.92,+0.030,HKD,信義儲電,B,,1.94,1.580,0.0,8328.HK,,0.0
08329,海王英特龍,N,醫療保健,藥品及生物科技,醫藥品,66456000.0,2024-04-26T16:02:11,医疗保健,药品及生物科技,医药品,海王英特龙,08329.HK,0.7,ODSH,8329,66.45,0.156,12.41,8329.HK,,1000.0,,+1.30,10.13,+0.002,HKD,海王英特龍,M,,1.3,0.156,0.0,8329.HK,生物医药,0.0
08331,倍搏集團,N,原材料,一般金屬及礦石,其他金屬及礦石,23230702.4,2024-04-26T16:02:09,原材料,一般金属及矿石,其他金属及矿石,倍搏集团,08331.HK,0.2,ODSH,8331,23.23,0.146,,8331.HK,,,,0.00,1.52,0.000,HKD,倍搏集團,M,,0.0,0.146,0.0,8331.HK,,0.0
08333,阿仕特朗金融,N,金融,其他金融,其他金融,50880000.0,2024-04-26T16:02:10,金融,其他金融,其他金融,阿仕特朗金融,08333.HK,0.5,ODSH,8333,50.88,0.530,,8333.HK,,,,0.00,,0.000,HKD,阿仕特朗金融,M,,0.0,0.530,0.0,8333.HK,,0.0
08337,直通電訊,N,電訊,電訊,電訊服務,18672375.0,2024-04-26T16:02:11,科技,电讯,电讯服务,直通电讯,08337.HK,0.2,ODSH,8337,18.67,0.101,2.02,8337.HK,,1000.0,,-2.88,,-0.003,HKD,直通電訊,M,,-2.88,0.101,0.0,8337.HK,电子信息,0.0
08340,紫荊國際金融,N,金融,其他金融,其他金融,17561600.0,2024-04-26T16:02:10,金融,其他金融,其他金融,紫荆国际金融,08340.HK,0.2,ODSH,8340,17.56,0.196,21.64,8340.HK,,1000.0,,+4.81,,+0.009,HKD,紫荊國際金融,M,,4.81,0.196,0.0,8340.HK,财产管理,0.0
08341,艾碩控股,N,地產建築,建築,建築及服務,13440000.0,2024-04-26T16:02:10,地产建筑,建筑,建筑及服务,艾硕控股,08341.HK,0.1,ODSH,8341,13.44,0.168,1.68,8341.HK,,1000.0,,0.00,1.63,0.000,HKD,艾碩控股,M,,0.0,0.168,0.0,8341.HK,,0.0
08347,F8企業,N,能源,石油及天然氣,油氣生產商,10176494.06,2024-04-26T16:02:11,能源,石油及天然气,油气生产商,F8企业,08347.HK,0.1,ODSH,8347,10.17,0.074,11.52,8347.HK,,1000.0,,-7.50,,-0.006,HKD,Ｆ８企業,M,,-7.5,0.074,0.0,8347.HK,,0.0
08348,濱海泰達物流,N,工業,工業支援,採購及供應鏈管理,108065160.0,2024-04-26T16:02:11,工业,工业支援,采购及供应链管理,滨海泰达物流,08348.HK,1.1,ODSH,8348,108.06,0.305,,8348.HK,,,7.05,0.00,3.38,0.000,HKD,濱海泰達物流,M,,0.0,0.305,0.0,8348.HK,"国企改革,物流",0.0
08349,硅鑫集團,N,地產建築,建築,建築材料,252000000.0,2024-04-26T16:02:11,地产建筑,建筑,建筑材料,硅鑫集团,08349.HK,2.5,ODSH,8349,252.00,0.630,421.99,8349.HK,,1000.0,,-5.97,,-0.040,HKD,硅鑫集團,M,,-5.97,0.630,0.0,8349.HK,,0.0
08350,立橋證券控股,N,金融,其他金融,證券及經紀,151200000.0,2024-04-26T16:02:11,金融,其他金融,证券及经纪,立桥证券控股,08350.HK,1.5,ODSH,8350,151.20,0.189,6.08,8350.HK,,1000.0,,-1.05,17.03,-0.002,HKD,立橋證券控股,M,,-1.05,0.189,0.0,8350.HK,,0.0
08353,安科系統,N,資訊科技,軟件服務,,158059076.37,2024-04-26T16:02:11,科技,软件服务,软件开发,安科系统,08353.HK,1.6,ODSH,8353,158.05,0.390,,8353.HK,,,,0.00,76.47,0.000,HKD,安科系統,M,,0.0,0.390,0.0,8353.HK,,0.0
08356,中國新華電視,N,地產建築,建築,重型基建,97274282.438,2024-04-26T16:02:10,地产建筑,建筑,重型基建,中国新华电视,08356.HK,1.0,ODSH,8356,97.27,0.017,312.96,8356.HK,,1000.0,,-5.56,,-0.001,HKD,中國新華電視,M,,-5.56,0.017,0.0,8356.HK,"基础建设,文化传媒",0.0
08357,REPUBLIC HC,N,醫療保健,醫療保健設備及服務,醫療及醫學美容服務,54912000.0,2024-04-26T16:02:11,医疗保健,医疗保健设备及服务,医疗及医学美容服务,REPUBLIC HC,08357.HK,0.5,ODSH,8357,54.91,0.088,9.06,8357.HK,,1000.0,,-3.30,,-0.003,HKD,REPUBLIC HC,M,,-3.3,0.088,0.0,8357.HK,,0.0
08360,利駿集團香港,N,地產建築,建築,建築及服務,244986320.0,2024-04-26T16:02:09,地产建筑,建筑,建筑及服务,利骏集团香港,08360.HK,2.4,ODSH,8360,244.98,0.680,1.83,8360.HK,,1000000.0,,+3.03,,+0.020,HKD,利駿集團香港,M,,3.03,0.680,0.0,8360.HK,,0.0
08362,運興泰集團,N,必需性消費,食品飲料,包裝食品,92400000.0,2024-04-26T16:02:10,必需性消费,食品饮料,包装食品,运兴泰集团,08362.HK,0.9,ODSH,8362,92.40,0.066,1.32,8362.HK,,1000.0,,0.00,,0.000,HKD,運興泰集團,M,,0.0,0.066,0.0,8362.HK,,0.0
08363,SDM教育,N,非必需性消費,支援服務,教育,116688000.0,2024-04-26T16:02:11,非必需性消费,支援服务,教育,SDM教育,08363.HK,1.2,ODSH,8363,129.04,0.188,3.43,8363.HK,,1000.0,,-1.05,,-0.002,HKD,ＳＤＭ教育,M,,-1.05,0.188,0.0,8363.HK,"健康产业,教育服务",0.0
08365,亦辰集團,N,金融,其他金融,其他金融,35110235.2,2024-04-26T16:02:10,金融,其他金融,其他金融,亦辰集团,08365.HK,0.4,ODSH,8365,35.11,0.820,48.4,8365.HK,,1000.0,,+2.50,,+0.020,HKD,亦辰集團,M,,2.5,0.820,0.0,8365.HK,,0.0
08366,浙江聯合投資,N,地產建築,建築,重型基建,22080800.0,2024-04-26T16:02:10,地产建筑,建筑,重型基建,浙江联合投资,08366.HK,0.2,ODSH,8366,22.08,0.014,5.04,8366.HK,,1000.0,,0.00,,0.000,HKD,浙江聯合投資,M,,0.0,0.014,0.0,8366.HK,基础建设,0.0
08367,倩碧控股,N,非必需性消費,旅遊及休閒設施,餐飲,67899542.005,2024-04-26T16:02:09,非必需性消费,旅游及休闲设施,餐饮,倩碧控股,08367.HK,0.7,ODSH,8367,67.89,0.059,,8367.HK,,,,0.00,,0.000,HKD,倩碧控股,M,,0.0,0.059,0.0,8367.HK,餐饮连锁,0.0
08368,中國創意控股,N,非必需性消費,媒體及娛樂,影視娛樂,496906038.34,2024-04-26T16:02:10,非必需性消费,媒体及娱乐,影视娱乐,中国创意控股,08368.HK,5.0,ODSH,8368,496.90,0.860,87.1,8368.HK,,1000.0,,-1.15,7.40,-0.010,HKD,中國創意控股,M,,-1.15,0.860,0.0,8368.HK,"影视娱乐,文化传媒",0.0
08370,智昇集團控股,N,非必需性消費,家庭電器及用品,家具,38107999.44,2024-04-26T16:02:09,非必需性消费,家庭电器及用品,家具,智升集团控股,08370.HK,0.4,ODSH,8370,38.10,0.420,,8370.HK,,,,0.00,,0.000,HKD,智昇集團控股,M,,0.0,0.420,0.0,8370.HK,家具,0.0
08371,嚐高美集團,N,非必需性消費,旅遊及休閒設施,餐飲,554070000.0,2024-04-26T16:02:10,非必需性消费,旅游及休闲设施,餐饮,尝高美集团,08371.HK,5.5,ODSH,8371,554.07,1.460,3.1,8371.HK,,1000000.0,7.33,0.00,8.15,0.000,HKD,嚐高美集團,M,,0.0,1.460,0.0,8371.HK,餐饮连锁,0.0
08372,君百延集團,N,醫療保健,醫療保健設備及服務,醫健設備,75200000.0,2024-04-26T16:02:11,医疗保健,医疗保健设备及服务,医健设备,君百延集团,08372.HK,0.8,ODSH,8372,75.20,0.094,6.51,8372.HK,,1000.0,4.26,-1.05,9.89,-0.001,HKD,君百延集團,M,,-1.05,0.094,0.0,8372.HK,,0.0
08373,靛藍星,N,地產建築,建築,建築及服務,33600000.0,2024-04-26T16:02:10,地产建筑,建筑,建筑及服务,靛蓝星,08373.HK,0.3,ODSH,8373,33.60,0.084,12.93,8373.HK,,1000.0,,0.00,5.83,0.000,HKD,靛藍星,M,,0.0,0.084,0.0,8373.HK,,0.0
08375,弘浩國際控股,N,工業,工業工程,工業及設備,48096000.0,2024-04-26T16:02:10,工业,工业工程,工业及设备,弘浩国际控股,08375.HK,0.5,ODSH,8375,48.09,0.167,3.04,8375.HK,,1000.0,,0.00,,0.000,HKD,弘浩國際控股,M,,0.0,0.167,0.0,8375.HK,,0.0
08377,維港育馬,N,非必需性消費,紡織及服飾,紡織品及布料,72827251.08,2024-04-26T16:02:11,非必需性消费,纺织及服饰,纺织品及布料,维港育马,08377.HK,0.7,ODSH,8377,72.82,0.178,,8377.HK,,,,0.00,,0.000,HKD,維港育馬,M,,0.0,0.178,0.0,8377.HK,,0.0
08379,懶豬科技,N,資訊科技,資訊科技器材,電腦及周邊,89600000.0,2024-04-26T16:02:10,科技,资讯科技器材,电脑及周边,懒猪科技,08379.HK,0.9,ODSH,8379,89.60,0.112,83.21,8379.HK,,1000.0,,-5.08,,-0.006,HKD,懶豬科技,M,,-5.08,0.112,0.0,8379.HK,,0.0
08383,東駿控股,S,工業,工業支援,印刷及包裝,44800000.0,2024-04-26T16:02:10,工业,工业支援,印刷及包装,东骏控股,08383.HK,0.4,ODSH,8383,44.80,0.056,,8383.HK,,,,0.00,4.48,0.000,HKD,東駿控股,M,True,0.0,0.056,0.0,8383.HK,,0.0
08385,萬里印刷,N,非必需性消費,媒體及娛樂,出版,14963656.0,2024-04-26T16:02:10,非必需性消费,媒体及娱乐,出版,万里印刷,08385.HK,0.1,ODSH,8385,14.96,0.172,,8385.HK,,,,0.00,,0.000,HKD,萬里印刷,M,,0.0,0.172,0.0,8385.HK,,0.0
08391,基石科技控股,N,工業,工業支援,印刷及包裝,469706881.47,2024-04-26T16:02:10,工业,工业支援,印刷及包装,基石科技控股,08391.HK,4.7,ODSH,8391,469.70,0.530,195.08,8391.HK,,1000.0,,+1.92,,+0.010,HKD,基石科技控股,M,,1.92,0.530,0.0,8391.HK,,0.0
08392,舍圖控股,N,非必需性消費,家庭電器及用品,家具,34000000.0,2024-04-26T16:02:10,非必需性消费,家庭电器及用品,家具,舍图控股,08392.HK,0.3,ODSH,8392,34.00,0.034,,8392.HK,,,,0.00,,0.000,HKD,舍圖控股,M,,0.0,0.034,0.0,8392.HK,家具,0.0
08395,齊家控股,N,非必需性消費,家庭電器及用品,家具,1077120000.0,2024-04-26T16:02:10,非必需性消费,家庭电器及用品,家具,齐家控股,08395.HK,10.8,ODSH,8395,1.07,0.680,79.4,8395.HK,,1000.0,,+4.62,,+0.030,HKD,齊家控股,B,,4.62,0.680,0.0,8395.HK,家具,0.0
08400,亞洲先鋒娛樂,N,非必需性消費,旅遊及休閒設施,賭場及博彩,49000000.0,2024-04-26T16:02:11,非必需性消费,旅游及休闲设施,赌场及博彩,亚洲先锋娱乐,08400.HK,0.5,ODSH,8400,49.00,0.049,1.96,8400.HK,,1000.0,,-9.26,,-0.005,HKD,亞洲先鋒娛樂,M,,-9.26,0.049,0.0,8400.HK,,0.0
08401,源想集團,N,非必需性消費,媒體及娛樂,廣告及宣傳,45600000.0,2024-04-26T16:02:10,非必需性消费,媒体及娱乐,广告及宣传,源想集团,08401.HK,0.5,ODSH,8401,45.60,0.228,,8401.HK,,,,0.00,,0.000,HKD,源想集團,M,,0.0,0.228,0.0,8401.HK,,0.0
08402,高原之寶,N,地產建築,建築,建築及服務,81601700.0,2024-04-26T16:02:10,地产建筑,建筑,建筑及服务,高原之宝,08402.HK,0.8,ODSH,8402,81.60,0.170,13.94,8402.HK,,1000.0,,-4.49,,-0.008,HKD,高原之寶,M,,-4.49,0.170,0.0,8402.HK,,0.0
08403,天平道合,N,非必需性消費,媒體及娛樂,廣告及宣傳,72000000.0,2024-04-26T16:02:09,非必需性消费,媒体及娱乐,广告及宣传,天平道合,08403.HK,0.7,ODSH,8403,72.00,0.600,62.3,8403.HK,,1000.0,,-7.69,,-0.050,HKD,天平道合,M,,-7.69,0.600,0.0,8403.HK,,0.0
08405,恒智控股,N,非必需性消費,支援服務,其他支援服務,264000000.0,2024-04-26T16:02:10,非必需性消费,支援服务,其他支援服务,恒智控股,08405.HK,2.6,ODSH,8405,264.00,0.660,,8405.HK,,,6.06,0.00,11.28,0.000,HKD,恒智控股,M,,0.0,0.660,0.0,8405.HK,信息安全,0.0
08406,中國口腔產業,N,非必需性消費,家庭電器及用品,玩具及消閒用品,46740000.0,2024-04-26T16:02:10,非必需性消费,家庭电器及用品,玩具及消闲用品,中国口腔产业,08406.HK,0.5,ODSH,8406,46.74,0.041,17.28,8406.HK,,1000.0,,-6.82,,-0.003,HKD,中國口腔產業,M,,-6.82,0.041,0.0,8406.HK,玩具及消闲用品,0.0
08411,K W NELSON GP,N,地產建築,建築,建築及服務,57000000.0,2024-04-26T16:02:11,地产建筑,建筑,建筑及服务,K W NELSON GP,08411.HK,0.6,ODSH,8411,57.00,0.057,11.4,8411.HK,,1000.0,,+1.79,,+0.001,HKD,K W NELSON GP,M,,1.79,0.057,0.0,8411.HK,,0.0
08412,新愛德集團,N,非必需性消費,旅遊及休閒設施,餐飲,50938800.0,2024-04-26T16:02:11,非必需性消费,旅游及休闲设施,餐饮,新爱德集团,08412.HK,0.5,ODSH,8412,50.93,0.500,93.65,8412.HK,,1000.0,,0.00,9.62,0.000,HKD,新愛德集團,M,,0.0,0.500,0.0,8412.HK,餐饮连锁,0.0
08413,亞洲富思,N,必需性消費,食品飲料,包裝食品,160356000.0,2024-04-26T16:02:10,必需性消费,食品饮料,包装食品,亚洲富思,08413.HK,1.6,ODSH,8413,160.35,0.138,12.32,8413.HK,,1000.0,,-6.12,,-0.009,HKD,亞洲富思,M,,-6.12,0.138,0.0,8413.HK,,0.0
08416,HM INTL HLDGS,N,工業,工業支援,印刷及包裝,45091405.0,2024-04-26T16:02:10,工业,工业支援,印刷及包装,HM INTL HLDGS,08416.HK,0.5,ODSH,8416,45.09,0.107,,8416.HK,,,18.69,0.00,6.86,0.000,HKD,HM INTL HLDGS,M,,0.0,0.107,0.0,8416.HK,,0.0
08417,大地教育,N,非必需性消費,支援服務,教育,33257600.0,2024-04-26T16:02:11,非必需性消费,支援服务,教育,大地教育,08417.HK,0.3,ODSH,8417,33.25,0.019,,8417.HK,,,,0.00,,0.000,HKD,大地教育,M,,0.0,0.019,0.0,8417.HK,教育服务,0.0
08418,傲迪瑪汽車,N,非必需性消費,支援服務,其他支援服務,586500000.0,2024-04-26T16:02:10,非必需性消费,支援服务,其他支援服务,傲迪玛汽车,08418.HK,5.9,ODSH,8418,586.50,0.690,80.86,8418.HK,,1000.0,,-1.43,,-0.010,HKD,傲迪瑪汽車,M,,-1.43,0.690,0.0,8418.HK,,0.0
08419,AV策劃推廣,N,非必需性消費,家庭電器及用品,消費電子產品,31200000.0,2024-04-26T16:02:10,非必需性消费,家庭电器及用品,消费电子产品,AV策划推广,08419.HK,0.3,ODSH,8419,31.20,0.078,370.0,8419.HK,,,,+4.00,,+0.003,HKD,ＡＶ策劃推廣,M,,4.0,0.078,0.0,8419.HK,消费电子,0.0
08420,NEXION TECH,N,資訊科技,軟件服務,系統開發及顧問,19530720.0,2024-04-26T16:02:11,科技,软件服务,系统开发及顾问,NEXION TECH,08420.HK,0.2,ODSH,8420,19.53,0.022,3.57,8420.HK,,1000.0,,+4.76,,+0.001,HKD,NEXION TECH,M,,4.76,0.022,0.0,8420.HK,"信息安全,网络安全",0.0
08422,WT集團,N,地產建築,建築,建築及服務,9240000.0,2024-04-26T16:02:10,地产建筑,建筑,建筑及服务,WT集团,08422.HK,0.1,ODSH,8422,9.24,0.077,971.0,8422.HK,,,,-6.10,,-0.005,HKD,ＷＴ集團,M,,-6.1,0.077,0.0,8422.HK,,0.0
08423,CHI HO DEV,N,地產建築,建築,建築及服務,48800000.0,2024-04-26T16:02:11,地产建筑,建筑,建筑及服务,CHI HO DEV,08423.HK,0.5,ODSH,8423,47.20,0.059,31.85,8423.HK,,1000.0,,-3.28,3.51,-0.002,HKD,CHI HO DEV,M,,-3.28,0.059,0.0,8423.HK,,0.0
08425,興銘控股,N,工業,工業工程,重型機械,56400000.0,2024-04-26T16:02:11,工业,工业工程,重型机械,兴铭控股,08425.HK,0.6,ODSH,8425,56.40,0.150,,8425.HK,,,,0.00,24.59,0.000,HKD,興銘控股,M,,0.0,0.150,0.0,8425.HK,,0.0
08426,雅居投資控股,S,地產建築,地產,物業管理及服務,280000000.0,2024-04-26T16:02:10,地产建筑,地产,物业管理及服务,雅居投资控股,08426.HK,2.8,ODSH,8426,280.00,0.350,,8426.HK,,,3.94,0.00,15.77,0.000,HKD,雅居投資控股,M,True,0.0,0.350,0.0,8426.HK,物业管理,0.0
08427,瑞強集團,N,地產建築,建築,建築材料,13626360.0,2024-04-26T16:02:10,地产建筑,建筑,建筑材料,瑞强集团,08427.HK,0.1,ODSH,8427,13.62,0.100,19.23,8427.HK,,1000.0,,0.00,83.33,0.000,HKD,瑞強集團,M,,0.0,0.100,0.0,8427.HK,,0.0
08428,國茂控股,N,非必需性消費,旅遊及休閒設施,餐飲,58225186.24,2024-04-26T16:02:11,非必需性消费,旅游及休闲设施,餐饮,国茂控股,08428.HK,0.6,ODSH,8428,58.22,0.520,189.9,8428.HK,,1000.0,,+4.00,,+0.020,HKD,國茂控股,M,,4.0,0.520,0.0,8428.HK,餐饮连锁,0.0
08429,華美樂樂,N,非必需性消費,媒體及娛樂,廣告及宣傳,17280000.0,2024-04-26T16:02:10,非必需性消费,媒体及娱乐,广告及宣传,华美乐乐,08429.HK,0.2,ODSH,8429,17.28,0.036,,8429.HK,,,,0.00,,0.000,HKD,華美樂樂,M,,0.0,0.036,0.0,8429.HK,,0.0
08430,春能控股,N,工業,工業運輸,航空貨運及物流,36536908.8,2024-04-26T16:02:09,工业,工业运输,航空货运及物流,春能控股,08430.HK,0.4,ODSH,8430,36.53,0.219,2.19,8430.HK,,1000.0,,0.00,,0.000,HKD,春能控股,M,,0.0,0.219,0.0,8430.HK,,0.0
08431,浩柏國際,N,非必需性消費,旅遊及休閒設施,休閒及文娛設施,49521600.0,2024-04-26T16:02:11,非必需性消费,旅游及休闲设施,休闲及文娱设施,浩柏国际,08431.HK,0.5,ODSH,8431,55.40,0.179,1.07,8431.HK,,1000000.0,,+22.60,,+0.033,HKD,浩柏國際,M,,22.6,0.179,0.0,8431.HK,,0.0
08432,太平洋酒吧,N,非必需性消費,旅遊及休閒設施,餐飲,41280000.0,2024-04-26T16:02:10,非必需性消费,旅游及休闲设施,餐饮,太平洋酒吧,08432.HK,0.4,ODSH,8432,42.14,0.049,980.0,8432.HK,,,,0.00,4.38,0.000,HKD,太平洋酒吧,M,,0.0,0.049,0.0,8432.HK,餐饮连锁,0.0
08436,德寶集團控股,N,非必需性消費,零售相關,其他零售,86800000.0,2024-04-26T16:02:11,非必需性消费,零售相关,其他零售,德宝集团控股,08436.HK,0.9,ODSH,8436,86.80,0.217,,8436.HK,,,,0.00,5.93,0.000,HKD,德寶集團控股,M,,0.0,0.217,0.0,8436.HK,,0.0
08437,德斯控股,S,醫療保健,醫療保健設備及服務,醫健設備,137196000.0,2024-04-26T16:02:11,医疗保健,医疗保健设备及服务,医健设备,德斯控股,08437.HK,1.4,ODSH,8437,137.19,0.103,,8437.HK,,,,0.00,,0.000,HKD,德斯控股,M,True,0.0,0.103,0.0,8437.HK,,0.0
08439,新百利融資,N,金融,其他金融,其他金融,85870325.16,2024-04-26T16:02:11,金融,其他金融,其他金融,新百利融资,08439.HK,0.9,ODSH,8439,86.91,0.590,,8439.HK,,,4.24,0.00,,0.000,HKD,新百利融資,M,,0.0,0.590,0.0,8439.HK,,0.0
08445,怡康泰工程集團,N,地產建築,建築,建築及服務,80150200.0,2024-04-26T16:02:09,地产建筑,建筑,建筑及服务,怡康泰工程集团,08445.HK,0.8,ODSH,8445,80.15,0.290,,8445.HK,,,,0.00,,0.000,HKD,怡康泰工程集團,M,,0.0,0.290,0.0,8445.HK,,0.0
08446,耀星科技集團,N,非必需性消費,媒體及娛樂,影視娛樂,133370030.616,2024-04-26T16:02:10,非必需性消费,媒体及娱乐,影视娱乐,耀星科技集团,08446.HK,1.3,ODSH,8446,133.37,0.164,169.65,8446.HK,,1000.0,,0.00,,0.000,HKD,耀星科技集團,M,,0.0,0.164,0.0,8446.HK,影视娱乐,0.0
08447,MS CONCEPT,N,非必需性消費,旅遊及休閒設施,餐飲,44000000.0,2024-04-26T16:02:09,非必需性消费,旅游及休闲设施,餐饮,MS CONCEPT,08447.HK,0.4,ODSH,8447,43.00,0.043,6.03,8447.HK,,1000.0,,+2.38,10.75,+0.001,HKD,MS CONCEPT,M,,2.38,0.043,0.0,8447.HK,餐饮连锁,0.0
08448,環球印館,N,工業,工業支援,印刷及包裝,38922000.0,2024-04-26T16:02:10,工业,工业支援,印刷及包装,环球印馆,08448.HK,0.4,ODSH,8448,38.92,0.078,,8448.HK,,,,0.00,,0.000,HKD,環球印館,M,,0.0,0.078,0.0,8448.HK,,0.0
08450,鉅京控股,N,工業,工業支援,印刷及包裝,42000000.0,2024-04-26T16:02:11,工业,工业支援,印刷及包装,巨京控股,08450.HK,0.4,ODSH,8450,42.00,0.042,,8450.HK,,,,0.00,,0.000,HKD,鉅京控股,M,,0.0,0.042,0.0,8450.HK,,0.0
08451,日光控股,N,必需性消費,消費零售,個人護理,48000000.0,2024-04-26T16:02:09,必需性消费,消费零售,个人护理,日光控股,08451.HK,0.5,ODSH,8451,48.00,0.060,,8451.HK,,,,0.00,12.77,0.000,HKD,日光控股,M,,0.0,0.060,0.0,8451.HK,,0.0
08452,富銀融資股份,N,金融,其他金融,其他金融,19854640.0,2024-04-26T16:02:11,金融,其他金融,其他金融,富银融资股份,08452.HK,0.2,ODSH,8452,19.85,0.221,,8452.HK,,,,0.00,15.67,0.000,HKD,富銀融資股份,M,,0.0,0.221,0.0,8452.HK,,0.0
08455,禮建德集團,N,地產建築,建築,建築及服務,21600000.0,2024-04-26T16:02:11,地产建筑,建筑,建筑及服务,礼建德集团,08455.HK,0.2,ODSH,8455,21.60,0.027,,8455.HK,,,,0.00,,0.000,HKD,禮建德集團,M,,0.0,0.027,0.0,8455.HK,,0.0
08456,民信國際控股,N,非必需性消費,紡織及服飾,服裝,34478529.36,2024-04-26T16:02:09,非必需性消费,纺织及服饰,服装,民信国际控股,08456.HK,0.3,ODSH,8456,34.47,0.163,,8456.HK,,,,0.00,,0.000,HKD,民信國際控股,M,,0.0,0.163,0.0,8456.HK,,0.0
08460,基地錦標集團,N,地產建築,建築,建築及服務,15525000.0,2024-04-26T16:02:09,地产建筑,建筑,建筑及服务,基地锦标集团,08460.HK,0.2,ODSH,8460,15.52,0.135,,8460.HK,,,,-1.46,,-0.002,HKD,基地錦標集團,M,,-1.46,0.135,0.0,8460.HK,,0.0
08462,中安控股集團,N,非必需性消費,支援服務,其他支援服務,39600000.0,2024-04-26T16:02:10,非必需性消费,支援服务,其他支援服务,中安控股集团,08462.HK,0.4,ODSH,8462,39.60,0.066,4.08,8462.HK,,1000.0,,+1.54,3.71,+0.001,HKD,中安控股集團,M,,1.54,0.066,0.0,8462.HK,,0.0
08471,新達控股,N,非必需性消費,紡織及服飾,紡織品及布料,63650000.0,2024-04-26T16:02:10,非必需性消费,纺织及服饰,纺织品及布料,新达控股,08471.HK,0.6,ODSH,8471,63.65,0.067,137.21,8471.HK,,1000.0,,-18.29,,-0.015,HKD,新達控股,M,,-18.29,0.067,0.0,8471.HK,,0.0
08472,立高控股,N,非必需性消費,支援服務,其他支援服務,58560000.0,2024-04-26T16:02:11,非必需性消费,支援服务,其他支援服务,立高控股,08472.HK,0.6,ODSH,8472,58.56,0.610,694.29,8472.HK,,1000.0,,-3.17,1.62,-0.020,HKD,立高控股,M,,-3.17,0.610,0.0,8472.HK,,0.0
08473,彌明生活百貨,N,非必需性消費,零售相關,其他零售,145600000.0,2024-04-26T16:02:09,非必需性消费,零售相关,其他零售,弥明生活百货,08473.HK,1.5,ODSH,8473,145.60,0.130,2.59,8473.HK,,1000.0,12.31,0.00,7.03,0.000,HKD,彌明生活百貨,M,,0.0,0.130,0.0,8473.HK,化妆美容股,0.0
08475,易站綠色科技,N,非必需性消費,旅遊及休閒設施,餐飲,31526431.2,2024-04-26T16:02:10,非必需性消费,旅游及休闲设施,餐饮,易站绿色科技,08475.HK,0.3,ODSH,8475,31.52,0.540,,8475.HK,,,,0.00,,0.000,HKD,易站綠色科技,M,,0.0,0.540,0.0,8475.HK,餐饮连锁,0.0
08476,大洋環球控股,N,必需性消費,食品飲料,包裝食品,540400000.0,2024-04-26T16:02:09,必需性消费,食品饮料,包装食品,大洋环球控股,08476.HK,5.4,ODSH,8476,540.40,1.930,323.96,8476.HK,,1000.0,2.07,-0.52,10.78,-0.010,HKD,大洋環球控股,M,,-0.52,1.930,0.0,8476.HK,,0.0
08480,飛霓控股,N,非必需性消費,紡織及服飾,紡織品及布料,108281808.0,2024-04-26T16:02:10,非必需性消费,纺织及服饰,纺织品及布料,飞霓控股,08480.HK,1.1,ODSH,8480,108.28,0.180,2.86,8480.HK,,1000.0,,+0.56,5.36,+0.001,HKD,飛霓控股,M,,0.56,0.180,0.0,8480.HK,,0.0
08481,盛龍錦秀國際,N,工業,工業支援,印刷及包裝,210000000.0,2024-04-26T16:02:10,工业,工业支援,印刷及包装,盛龙锦秀国际,08481.HK,2.1,ODSH,8481,210.00,0.420,100.67,8481.HK,,1000.0,,-10.64,6.92,-0.050,HKD,盛龍錦秀國際,M,,-10.64,0.420,0.0,8481.HK,,0.0
08482,萬勵達,N,工業,工業運輸,航空貨運及物流,41178390.0,2024-04-26T16:02:10,工业,工业运输,航空货运及物流,万励达,08482.HK,0.4,ODSH,8482,41.17,0.033,517.04,8482.HK,,1000.0,,0.00,,0.000,HKD,萬勵達,M,,0.0,0.033,0.0,8482.HK,物流,0.0
08483,名仕快相,N,非必需性消費,支援服務,其他支援服務,61600000.0,2024-04-26T16:02:10,非必需性消费,支援服务,其他支援服务,名仕快相,08483.HK,0.6,ODSH,8483,61.60,0.077,4.31,8483.HK,,1000.0,12.21,-8.33,8.02,-0.007,HKD,名仕快相,M,,-8.33,0.077,0.0,8483.HK,,0.0
08487,ISP GLOBAL,N,資訊科技,資訊科技器材,電訊設備,188393040.0,2024-04-26T16:02:10,科技,资讯科技器材,电讯设备,ISP GLOBAL,08487.HK,1.9,ODSH,8487,188.39,0.180,44.28,8487.HK,,1000.0,,-4.76,,-0.009,HKD,ISP GLOBAL-2K,M,,-4.76,0.180,0.0,8487.HK,电讯设备,0.0
08489,裕程物流,N,工業,工業運輸,航空貨運及物流,50100000.0,2024-04-26T16:02:10,工业,工业运输,航空货运及物流,裕程物流,08489.HK,0.5,ODSH,8489,50.10,0.167,,8489.HK,,,,0.00,,0.000,HKD,裕程物流,M,,0.0,0.167,0.0,8489.HK,,0.0
08490,駿碼半導體,N,工業,工業工程,工業及設備,110763500.0,2024-04-26T16:02:11,工业,工业工程,工业及设备,骏码半导体,08490.HK,1.1,ODSH,8490,110.76,0.157,,8490.HK,,,,0.00,224.29,0.000,HKD,駿碼半導體,M,,0.0,0.157,0.0,8490.HK,,0.0
08491,COOL LINK,N,必需性消費,食品飲料,包裝食品,219233392.4,2024-04-26T16:02:10,必需性消费,食品饮料,包装食品,COOL LINK,08491.HK,2.2,ODSH,8491,219.23,0.550,2.1,8491.HK,,1000000.0,,+18.28,,+0.085,HKD,COOL LINK,M,,18.28,0.550,0.0,8491.HK,,0.0
08493,龍皇集團,N,非必需性消費,旅遊及休閒設施,餐飲,46206720.0,2024-04-26T16:02:10,非必需性消费,旅游及休闲设施,餐饮,龙皇集团,08493.HK,0.5,ODSH,8493,46.20,0.191,11.46,8493.HK,,1000.0,,-0.52,26.90,-0.001,HKD,龍皇集團,M,,-0.52,0.191,0.0,8493.HK,餐饮连锁,0.0
08495,1957 & CO.,N,非必需性消費,旅遊及休閒設施,餐飲,77568000.0,2024-04-26T16:02:10,非必需性消费,旅游及休闲设施,餐饮,1957 & CO.,08495.HK,0.8,ODSH,8495,77.56,0.202,5.81,8495.HK,,1000.0,,-3.81,,-0.008,HKD,1957 & CO.,M,,-3.81,0.202,0.0,8495.HK,餐饮连锁,0.0
08496,環球友飲智能,N,必需性消費,食品飲料,包裝食品,95823000.0,2024-04-26T16:02:10,必需性消费,食品饮料,包装食品,环球友饮智能,08496.HK,1.0,ODSH,8496,95.82,0.360,6.58,8496.HK,,1000.0,,+2.86,,+0.010,HKD,環球友飲智能,M,,2.86,0.360,0.0,8496.HK,,0.0
08500,天泓文創,N,非必需性消費,媒體及娛樂,廣告及宣傳,101520000.0,2024-04-26T16:02:09,非必需性消费,媒体及娱乐,广告及宣传,天泓文创,08500.HK,1.0,ODSH,8500,102.60,0.475,41.38,8500.HK,,1000.0,,-6.86,,-0.035,HKD,天泓文創,M,,-6.86,0.475,0.0,8500.HK,,0.0
08501,莊皇集團公司,N,地產建築,建築,建築及服務,80000000.0,2024-04-26T16:02:10,地产建筑,建筑,建筑及服务,庄皇集团公司,08501.HK,0.8,ODSH,8501,80.00,0.400,10.4,8501.HK,,1000.0,,0.00,75.47,0.000,HKD,莊皇集團公司,M,,0.0,0.400,0.0,8501.HK,,0.0
08502,遠航港口,N,工業,工業運輸,航運及港口,240000000.0,2024-04-26T16:02:09,工业,工业运输,航运及港口,远航港口,08502.HK,2.4,ODSH,8502,244.00,0.305,60.8,8502.HK,,1000.0,,+5.17,3.85,+0.015,HKD,遠航港口,M,,5.17,0.305,0.0,8502.HK,自由贸易港,0.0
08507,愛世紀集團,N,非必需性消費,紡織及服飾,服裝,35200000.0,2024-04-26T16:02:10,非必需性消费,纺织及服饰,服装,爱世纪集团,08507.HK,0.4,ODSH,8507,34.40,0.086,14.64,8507.HK,,1000.0,,-2.27,,-0.002,HKD,愛世紀集團,M,,-2.27,0.086,0.0,8507.HK,,0.0
08509,威揚酒業控股,N,必需性消費,食品飲料,酒精飲料,146000000.0,2024-04-26T16:02:11,必需性消费,食品饮料,酒精饮料,威扬酒业控股,08509.HK,1.5,ODSH,8509,146.00,0.365,2.88,8509.HK,,1000.0,,-13.10,8.80,-0.055,HKD,威揚酒業控股,M,,-13.1,0.365,0.0,8509.HK,,0.0
08510,TOPSTANDARDCORP,N,非必需性消費,旅遊及休閒設施,餐飲,19574784.0,2024-04-26T16:02:11,非必需性消费,旅游及休闲设施,餐饮,TOPSTANDARDCORP,08510.HK,0.2,ODSH,8510,19.57,0.118,16.84,8510.HK,,1000.0,,0.00,27.44,0.000,HKD,TOPSTANDARDCORP,M,,0.0,0.118,0.0,8510.HK,"餐饮连锁,香港",0.0
08511,民富國際,N,工業,工業工程,工業及設備,22316688.673,2024-04-26T16:02:10,工业,工业工程,工业及设备,民富国际,08511.HK,0.2,ODSH,8511,22.31,0.031,,8511.HK,,,,0.00,,0.000,HKD,民富國際,M,,0.0,0.031,0.0,8511.HK,,0.0
08512,凱富善集團控股,N,非必需性消費,家庭電器及用品,家具,308000000.0,2024-04-26T16:02:10,非必需性消费,家庭电器及用品,家具,凯富善集团控股,08512.HK,3.1,ODSH,8512,257.18,0.280,398.46,8512.HK,,1000.0,,+7.69,3.01,+0.020,HKD,凱富善集團控股,M,,7.69,0.280,0.0,8512.HK,家具,0.0
08513,加和國際控股,N,醫療保健,醫療保健設備及服務,醫健設備,116629891.308,2024-04-26T16:02:11,医疗保健,医疗保健设备及服务,医健设备,加和国际控股,08513.HK,1.2,ODSH,8513,116.62,0.171,98.12,8513.HK,,1000.0,,+8.92,,+0.014,HKD,加和國際控股,M,,8.92,0.171,0.0,8513.HK,医疗器械,0.0
08516,廣駿集團控股,N,地產建築,建築,重型基建,15483260.0,2024-04-26T16:02:10,地产建筑,建筑,重型基建,广骏集团控股,08516.HK,0.2,ODSH,8516,15.62,0.114,,8516.HK,,,,-0.87,,-0.001,HKD,廣駿集團控股,M,,-0.87,0.114,0.0,8516.HK,基础建设,0.0
08519,新享時代(新),N,非必需性消費,旅遊及休閒設施,餐飲,220358200.0,2024-04-26T16:02:09,非必需性消费,旅游及休闲设施,餐饮,新享时代(新),08519.HK,2.2,ODSH,8519,220.35,0.380,219.37,8519.HK,,1000.0,,0.00,,0.000,HKD,新享時代（新）,M,,0.0,0.380,0.0,8519.HK,餐饮连锁,0.0
08521,智紡國際控股,N,非必需性消費,紡織及服飾,紡織品及布料,167040000.0,2024-04-26T16:02:10,非必需性消费,纺织及服饰,纺织品及布料,智纺国际控股,08521.HK,1.7,ODSH,8521,167.04,0.290,,8521.HK,,,,0.00,65.91,0.000,HKD,智紡國際控股,M,,0.0,0.290,0.0,8521.HK,,0.0
08523,常滿控股,N,地產建築,建築,重型基建,102000000.0,2024-04-26T16:02:09,地产建筑,建筑,重型基建,常满控股,08523.HK,1.0,ODSH,8523,110.00,0.275,935.19,8523.HK,,1000.0,,-3.51,,-0.010,HKD,常滿控股,M,,-3.51,0.275,0.0,8523.HK,基础建设,0.0
08525,百應控股,N,金融,其他金融,信貸,116100000.0,2024-04-26T16:02:10,金融,其他金融,信贷,百应控股,08525.HK,1.2,ODSH,8525,116.10,0.430,3.44,8525.HK,,1000.0,,-2.27,,-0.010,HKD,百應控股,M,,-2.27,0.430,0.0,8525.HK,,0.0
08526,榮豐集團亞洲,N,地產建築,建築,建築及服務,18009750.0,2024-04-26T16:02:09,地产建筑,建筑,建筑及服务,荣丰集团亚洲,08526.HK,0.2,ODSH,8526,18.00,0.111,,8526.HK,,,,0.00,,0.000,HKD,榮豐集團亞洲,M,,0.0,0.111,0.0,8526.HK,,0.0
08527,聚利寶控股,N,非必需性消費,旅遊及休閒設施,餐飲,180000000.0,2024-04-26T16:02:10,非必需性消费,旅游及休闲设施,餐饮,聚利宝控股,08527.HK,1.8,ODSH,8527,180.00,0.360,89.67,8527.HK,,1000.0,,-2.70,,-0.010,HKD,聚利寶控股,M,,-2.7,0.360,0.0,8527.HK,餐饮连锁,0.0
08532,寶發控股,N,地產建築,建築,建築及服務,36800000.0,2024-04-26T16:02:10,地产建筑,建筑,建筑及服务,宝发控股,08532.HK,0.4,ODSH,8532,36.80,0.046,,8532.HK,,,,0.00,12.11,0.000,HKD,寶發控股,M,,0.0,0.046,0.0,8532.HK,,0.0
08535,熒德控股,N,地產建築,建築,建築及服務,44400000.0,2024-04-26T16:02:09,地产建筑,建筑,建筑及服务,荧德控股,08535.HK,0.4,ODSH,8535,44.40,0.037,,8535.HK,,,,0.00,9.25,0.000,HKD,熒德控股,M,,0.0,0.037,0.0,8535.HK,,0.0
08536,TL NATURAL GAS,N,能源,石油及天然氣,油氣生產商,126404550.0,2024-04-26T16:02:10,能源,石油及天然气,油气生产商,TL NATURAL GAS,08536.HK,1.3,ODSH,8536,131.90,0.720,276.3,8536.HK,,1000.0,,-6.49,,-0.050,HKD,TL NATURAL GAS,M,,-6.49,0.720,0.0,8536.HK,,0.0
08537,創輝珠寶,N,非必需性消費,紡織及服飾,珠寶鐘錶,25500000.0,2024-04-26T16:02:11,非必需性消费,纺织及服饰,珠宝钟表,创辉珠宝,08537.HK,0.3,ODSH,8537,25.50,0.034,19.48,8537.HK,,1000.0,,+3.03,,+0.001,HKD,創輝珠寶,M,,3.03,0.034,0.0,8537.HK,,0.0
08540,勝利證券,N,金融,其他金融,證券及經紀,735817320.0,2024-04-26T16:02:11,金融,其他金融,证券及经纪,胜利证券,08540.HK,7.4,ODSH,8540,735.81,3.540,112.52,8540.HK,,1000.0,0.37,+1.43,,+0.050,HKD,勝利證券,M,,1.43,3.540,0.0,8540.HK,,0.0
08545,佰悅集團,N,非必需性消費,家庭電器及用品,玩具及消閒用品,40538461.528,2024-04-26T16:02:10,非必需性消费,家庭电器及用品,玩具及消闲用品,佰悦集团,08545.HK,0.4,ODSH,8545,40.53,0.034,76.72,8545.HK,,1000.0,,+6.25,6.94,+0.002,HKD,佰悅集團,M,,6.25,0.034,0.0,8545.HK,玩具及消闲用品,0.0
08547,PACIFIC LEGEND,S,非必需性消費,家庭電器及用品,家具,47900160.0,2024-04-26T16:02:09,非必需性消费,家庭电器及用品,家具,PACIFIC LEGEND,08547.HK,0.5,ODSH,8547,47.90,0.210,,8547.HK,,,,0.00,,0.000,HKD,PACIFIC LEGEND,M,True,0.0,0.210,0.0,8547.HK,家具,0.0
08579,新享時代(舊),N,非必需性消費,旅遊及休閒設施,餐飲,243553800.0,2024-04-26T16:02:10,非必需性消费,旅游及休闲设施,餐饮,新享时代(旧),08579.HK,2.4,ODSH,8579,243.55,0.420,4.2,8579.HK,,1000.0,,0.00,,0.000,HKD,新享時代（舊）,M,,0.0,0.420,0.0,,,0.0
08580,國恩控股,N,非必需性消費,媒體及娛樂,廣告及宣傳,366784000.0,2024-04-26T16:02:10,非必需性消费,媒体及娱乐,广告及宣传,国恩控股,08580.HK,3.7,ODSH,8580,18.33,2.200,7.04,8580.HK,,1000.0,,0.00,,0.000,HKD,國恩控股,M,,0.0,2.200,0.0,,,0.0
08601,寶燵控股,N,地產建築,建築,重型基建,232000000.0,2024-04-26T16:02:10,地产建筑,建筑,重型基建,宝燵控股,08601.HK,2.3,ODSH,8601,232.00,0.290,17.4,8601.HK,,1000.0,28.03,+1.75,8.22,+0.005,HKD,寶燵控股,M,,1.75,0.290,0.0,8601.HK,基础建设,0.0
08603,亮晴控股,N,醫療保健,醫療保健設備及服務,醫療及醫學美容服務,264000000.0,2024-04-26T16:02:10,医疗保健,医疗保健设备及服务,医疗及医学美容服务,亮晴控股,08603.HK,2.6,ODSH,8603,264.00,0.330,,8603.HK,,,,0.00,16.10,0.000,HKD,亮晴控股,M,,0.0,0.330,0.0,8603.HK,,0.0
08606,倢冠控股,N,資訊科技,軟件服務,系統開發及顧問,111330449.846,2024-04-26T16:02:11,科技,软件服务,系统开发及顾问,倢冠控股,08606.HK,1.1,ODSH,8606,111.33,0.077,15.4,8606.HK,,1000.0,,+2.67,,+0.002,HKD,倢冠控股,M,,2.67,0.077,0.0,8606.HK,,0.0
08607,納尼亞集團,S,非必需性消費,紡織及服飾,紡織品及布料,33600000.0,2024-04-26T16:02:10,非必需性消费,纺织及服饰,纺织品及布料,纳尼亚集团,08607.HK,0.3,ODSH,8607,33.60,0.042,,8607.HK,,,,0.00,,0.000,HKD,納尼亞集團,M,True,0.0,0.042,0.0,8607.HK,,0.0
08609,永續農業,N,必需性消費,農產品,農產品相關,152500000.0,2024-04-26T16:02:11,必需性消费,农产品,农产品相关,永续农业,08609.HK,1.5,ODSH,8609,152.50,0.305,,8609.HK,,,,0.00,3.08,0.000,HKD,永續農業,M,,0.0,0.305,0.0,8609.HK,,0.0
08611,MINDTELL TECH,N,資訊科技,軟件服務,系統開發及顧問,26520000.0,2024-04-26T16:02:10,科技,软件服务,系统开发及顾问,MINDTELL TECH,08611.HK,0.3,ODSH,8611,26.52,0.068,,8611.HK,,,,0.00,,0.000,HKD,MINDTELL TECH,M,,0.0,0.068,0.0,8611.HK,,0.0
08612,維亮控股,N,工業,工業工程,重型機械,19872000.0,2024-04-26T16:02:10,工业,工业工程,重型机械,维亮控股,08612.HK,0.2,ODSH,8612,19.87,0.023,62.15,8612.HK,,1000.0,,0.00,,0.000,HKD,維亮控股,M,,0.0,0.023,0.0,8612.HK,,0.0
08613,東方支付集團控股,N,資訊科技,軟件服務,電商及互聯網服務,241059546.709,2024-04-26T16:02:11,科技,软件服务,电商及互联网服务,东方支付集团控股,08613.HK,2.4,ODSH,8613,241.05,0.127,,8613.HK,,,,0.00,,0.000,HKD,東方支付集團控股,M,,0.0,0.127,0.0,8613.HK,金融科技,0.0
08616,新威工程集團,N,地產建築,建築,建築及服務,34000000.0,2024-04-26T16:02:09,地产建筑,建筑,建筑及服务,新威工程集团,08616.HK,0.3,ODSH,8616,34.00,0.034,,8616.HK,,,,0.00,6.18,0.000,HKD,新威工程集團,M,,0.0,0.034,0.0,8616.HK,,0.0
08619,飲食天王(環球),N,地產建築,建築,建築及服務,197120000.0,2024-04-26T16:02:10,地产建筑,建筑,建筑及服务,饮食天王(环球),08619.HK,2.0,ODSH,8619,197.12,0.160,61.23,8619.HK,,1000.0,,+1.91,100.00,+0.003,HKD,飲食天王（環球）,M,,1.91,0.160,0.0,8619.HK,,0.0
08620,亞洲速運,N,工業,工業運輸,航空貨運及物流,60192000.0,2024-04-26T16:02:11,工业,工业运输,航空货运及物流,亚洲速运,08620.HK,0.6,ODSH,8620,60.72,0.115,2.3,8620.HK,,1000.0,,0.00,,0.000,HKD,亞洲速運,M,,0.0,0.115,0.0,8620.HK,,0.0
08621,METROPOLIS CAP,N,金融,其他金融,信貸,36480000.0,2024-04-26T16:02:11,金融,其他金融,信贷,METROPOLIS CAP,08621.HK,0.4,ODSH,8621,36.48,0.038,30.2,8621.HK,,1000.0,,-5.00,,-0.002,HKD,METROPOLIS CAP,M,,-5.0,0.038,0.0,8621.HK,融资租赁,0.0
08622,華康生物醫學,N,醫療保健,藥品及生物科技,生物技術,47886144.0,2024-04-26T16:02:10,医疗保健,药品及生物科技,生物技术,华康生物医学,08622.HK,0.5,ODSH,8622,51.04,0.102,21.44,8622.HK,,1000.0,,+0.99,,+0.001,HKD,華康生物醫學,M,,0.99,0.102,0.0,8622.HK,医药股,0.0
08623,中國蜀塔,N,工業,工業工程,工業及設備,22080000.0,2024-04-26T16:02:10,工业,工业工程,工业及设备,中国蜀塔,08623.HK,0.2,ODSH,8623,22.08,0.024,,8623.HK,,,,0.00,,0.000,HKD,中國蜀塔,M,,0.0,0.024,0.0,8623.HK,,0.0
08627,旅橙文化,N,非必需性消費,媒體及娛樂,廣告及宣傳,64000000.0,2024-04-26T16:02:11,非必需性消费,媒体及娱乐,广告及宣传,旅橙文化,08627.HK,0.6,ODSH,8627,64.00,0.080,,8627.HK,,,,0.00,30.77,0.000,HKD,旅橙文化,M,,0.0,0.080,0.0,8627.HK,,0.0
08631,申港控股,N,能源,石油及天然氣,油氣生產商,14000000.0,2024-04-26T16:02:09,能源,石油及天然气,油气生产商,申港控股,08631.HK,0.1,ODSH,8631,14.00,0.350,,8631.HK,,,,0.00,,0.000,HKD,申港控股,M,,0.0,0.350,0.0,8631.HK,,0.0
08635,連成科技集團,N,資訊科技,軟件服務,系統開發及顧問,33200000.0,2024-04-26T16:02:10,科技,软件服务,系统开发及顾问,连成科技集团,08635.HK,0.3,ODSH,8635,33.20,0.083,,8635.HK,,,1.20,0.00,5.80,0.000,HKD,連成科技集團,M,,0.0,0.083,0.0,8635.HK,,0.0
08645,比特元宇宙,N,資訊科技,軟件服務,系統開發及顧問,424800000.0,2024-04-26T16:02:10,科技,软件服务,系统开发及顾问,比特元宇宙,08645.HK,4.2,ODSH,8645,424.80,0.590,10.38,8645.HK,,1000.0,,+3.51,17.56,+0.020,HKD,比特元宇宙,M,,3.51,0.590,0.0,8645.HK,,0.0
08646,中國宏光,N,工業,工業工程,工業及設備,93174970.0,2024-04-26T16:02:11,工业,工业工程,工业及设备,中国宏光,08646.HK,0.9,ODSH,8646,93.63,0.204,20.43,8646.HK,,1000.0,,+3.03,2.30,+0.006,HKD,中國宏光,M,,3.03,0.204,0.0,8646.HK,,0.0
08657,TRUE PARTNER,N,金融,其他金融,資產管理,200000000.0,2024-04-26T16:02:10,金融,其他金融,资产管理,TRUE PARTNER,08657.HK,2.0,ODSH,8657,200.00,0.500,,8657.HK,,,,0.00,,0.000,HKD,TRUE PARTNER,M,,0.0,0.500,0.0,8657.HK,,0.0
08659,易和國際控股,N,工業,工業支援,印刷及包裝,508968276.8,2024-04-26T16:02:10,工业,工业支援,印刷及包装,易和国际控股,08659.HK,5.1,ODSH,8659,508.96,0.680,155.1,8659.HK,,1000.0,,+6.25,17.26,+0.040,HKD,易和國際控股,M,,6.25,0.680,0.0,8659.HK,,0.0
08668,瀛海集團,N,非必需性消費,旅遊及休閒設施,旅遊及觀光,144000000.0,2024-04-26T16:02:10,非必需性消费,旅游及休闲设施,旅游及观光,瀛海集团,08668.HK,1.4,ODSH,8668,144.00,0.120,,8668.HK,,,,0.00,,0.000,HKD,瀛海集團,M,,0.0,0.120,0.0,8668.HK,旅游及观光,0.0
09600,新紐科技,N,資訊科技,軟件服務,,294942900.0,2024-04-26T16:02:11,科技,软件服务,软件开发,新纽科技,09600.HK,2.9,ODSH,9600,294.94,0.375,50.39,9600.HK,,1000.0,,0.00,,0.000,HKD,新紐科技,M,,0.0,0.375,0.0,9600.HK,SaaS,0.0
09608,宋都服務,S,地產建築,地產,物業管理及服務,944640000.0,2024-04-26T16:02:10,地产建筑,地产,物业管理及服务,宋都服务,09608.HK,9.4,ODSH,9608,944.64,0.246,,9608.HK,,,,0.00,21.21,0.000,HKD,宋都服務,M,True,0.0,0.246,0.0,9608.HK,物业管理,0.0
09616,東軟教育,N,非必需性消費,支援服務,教育,1970925661.75,2024-04-26T16:02:11,非必需性消费,支援服务,教育,东软教育,09616.HK,19.7,ODSH,9616,1.99,3.080,600.32,9616.HK,,1000.0,11.88,+1.32,4.32,+0.040,HKD,東軟教育,B,,1.32,3.080,0.0,9616.HK,教育服务,0.0
09618,京東集團-SW,N,資訊科技,軟件服務,電商及互聯網服務,372975650759.1,2024-04-26T16:02:10,科技,软件服务,电商及互联网服务,京东集团-SW,09618.HK,3729.8,ODSH,9618,374.24,117.700,1.77,9618.HK,,1000000000.0,2.52,+5.75,31.45,+6.400,HKD,京東集團－ＳＷ,B,,5.75,117.700,17.7,9618.HK,"同股不同权,回港中概股,电子商务,知名公司",11.43745364642559
09626,嗶哩嗶哩－W,N,資訊科技,軟件服務,,44063944218.2,2024-04-26T16:02:10,科技,软件服务,软件开发,哔哩哔哩－W,09626.HK,440.6,ODSH,9626,44.02,104.500,621.14,9626.HK,,1000000.0,,+4.40,,+4.400,HKD,嗶哩嗶哩－Ｗ,B,,4.4,104.500,6.2,9626.HK,"互联网出海,元宇宙,双重主要上市中概股,同股不同权,回港中概股,手机游戏,知名公司,短视频,网络游戏,网络直播",3.587735135814948
09633,農夫山泉,N,必需性消費,食品飲料,非酒精飲料,225301321400.0,2024-04-26T16:02:11,必需性消费,食品饮料,非酒精饮料,农夫山泉,09633.HK,2253.0,ODSH,9633,225.55,44.800,184.37,9633.HK,,1000000.0,1.79,0.00,38.90,0.000,HKD,農夫山泉,B,,0.0,44.800,1.8,9633.HK,"知名公司,非酒精饮料",0.0
09636,九方財富,N,資訊科技,軟件服務,,5136278740.0,2024-04-26T16:02:09,科技,软件服务,软件开发,九方财富,09636.HK,51.4,ODSH,9636,5.12,11.000,15.27,9636.HK,,1000000.0,2.00,+0.92,22.95,+0.100,HKD,九方財富,B,,0.92,11.000,0.2,9636.HK,次新股,0.015278246535089057
09638,法拉帝,N,工業,工業工程,商用車及貨車,8038963032.5,2024-04-26T16:02:09,工业,工业工程,商用车及货车,法拉帝,09638.HK,80.4,ODSH,9638,8.03,23.750,338.4,9638.HK,,1000.0,3.45,0.00,11.44,0.000,HKD,法拉帝,B,,0.0,23.750,0.0,9638.HK,,0.0
09658,特海國際,N,非必需性消費,旅遊及休閒設施,餐飲,8918395200.0,2024-04-26T16:02:09,非必需性消费,旅游及休闲设施,餐饮,特海国际,09658.HK,89.2,ODSH,9658,9.00,14.540,22.28,9658.HK,,1000000.0,,+4.15,40.57,+0.580,HKD,特海國際,B,,4.15,14.540,0.2,9658.HK,,0.13729728570438537
09663,國鴻氫能,N,工業,工業工程,新能源材料,1520422400.0,2024-04-26T16:02:11,工业,工业工程,新能源材料,国鸿氢能,09663.HK,15.2,ODSH,9663,1.52,19.120,201.67,9663.HK,,1000.0,,0.00,,0.000,HKD,國鴻氫能,B,,0.0,19.120,0.0,9663.HK,次新股,0.0
09666,金科服務,N,地產建築,地產,物業管理及服務,5701732166.0,2024-04-26T16:02:10,地产建筑,地产,物业管理及服务,金科服务,09666.HK,57.0,ODSH,9666,5.65,9.060,1.69,9666.HK,,1000000.0,,-0.33,,-0.030,HKD,金科服務,B,,-0.33,9.060,0.0,9666.HK,物业管理,0.0
09668,渤海銀行,N,金融,銀行,銀行,6324566100.0,2024-04-26T16:02:10,金融,银行,银行,渤海银行,09668.HK,63.2,ODSH,9668,6.32,1.020,3.15,9668.HK,,1000000.0,,+3.03,4.14,+0.030,HKD,渤海銀行,B,,3.03,1.020,0.0,9668.HK,,0.0
09669,北森控股,N,資訊科技,軟件服務,系統開發及顧問,3067373373.4,2024-04-26T16:02:10,科技,软件服务,系统开发及顾问,北森控股,09669.HK,30.7,ODSH,9669,3.06,4.270,3.03,9669.HK,,1000000.0,,+2.89,,+0.120,HKD,北森控股,B,,2.89,4.270,0.0,9669.HK,次新股,0.0
09676,十月稻田,N,必需性消費,農產品,農產品相關,5215714157.5,2024-04-26T16:02:09,必需性消费,农产品,农产品相关,十月稻田,09676.HK,52.2,ODSH,9676,5.27,20.600,3.28,9676.HK,,1000000.0,0.16,0.00,,0.000,HKD,十月稻田,B,,0.0,20.600,0.0,9676.HK,次新股,0.0
09677,威海銀行,N,金融,銀行,銀行,2824810800.0,2024-04-26T16:02:10,金融,银行,银行,威海银行,09677.HK,28.2,ODSH,9677,2.82,2.800,,9677.HK,,,3.84,0.00,8.99,0.000,HKD,威海銀行,B,,0.0,2.800,0.0,9677.HK,,0.0
09686,東軟熙康,N,醫療保健,醫療保健設備及服務,醫療及醫學美容服務,707176516.2,2024-04-26T16:02:11,医疗保健,医疗保健设备及服务,医疗及医学美容服务,东软熙康,09686.HK,7.1,ODSH,9686,715.59,0.850,62.58,9686.HK,,1000.0,,+1.19,,+0.010,HKD,東軟熙康,M,,1.19,0.850,0.0,9686.HK,次新股,0.0
09688,再鼎醫藥,N,醫療保健,藥品及生物科技,生物技術,12539985115.2,2024-04-26T16:02:11,医疗保健,药品及生物科技,生物技术,再鼎医药,09688.HK,125.4,ODSH,9688,12.59,12.700,30.75,9688.HK,,1000000.0,,+0.47,,+0.060,HKD,再鼎醫藥,B,,0.47,12.700,0.3,9688.HK,"双重主要上市中概股,回港中概股,生物医药B类",0.006207975794725694
09689,金泰豐國際控股,N,能源,石油及天然氣,油氣生產商,604500000.0,2024-04-26T16:02:10,能源,石油及天然气,油气生产商,金泰丰国际控股,09689.HK,6.0,ODSH,9689,595.20,0.640,855.2,9689.HK,,1000.0,,+4.92,,+0.030,HKD,金泰豐國際控股,M,,4.92,0.640,0.0,9689.HK,,0.0
09690,途虎－Ｗ,N,非必需性消費,零售相關,汽車零售,18984115504.2,2024-04-26T16:02:09,非必需性消费,零售相关,汽车零售,途虎－Ｗ,09690.HK,189.8,ODSH,9690,18.90,23.000,293.52,9690.HK,,1000000.0,,+15.35,1.03,+3.060,HKD,途虎－Ｗ,B,,15.35,23.000,2.9,9690.HK,次新股,10.235474385364466
09696,天齊鋰業,N,原材料,一般金屬及礦石,其他金屬及礦石,4808780460.0,2024-04-26T16:02:09,原材料,一般金属及矿石,其他金属及矿石,天齐锂业,09696.HK,48.1,ODSH,9696,4.81,29.350,68.98,9696.HK,,1000000.0,4.93,0.00,6.17,0.000,HKD,天齊鋰業,B,,0.0,29.350,0.7,9696.HK,"比亚迪,特斯拉,知名公司,锂电池",0.0
09698,萬國數據-SW,N,資訊科技,軟件服務,系統開發及顧問,11204582483.85,2024-04-26T16:02:09,科技,软件服务,系统开发及顾问,万国数据-SW,09698.HK,112.0,ODSH,9698,11.20,7.350,47.89,9698.HK,,1000000.0,,+6.37,,+0.440,HKD,萬國數據－ＳＷ,B,,6.37,7.350,0.5,9698.HK,"同股不同权,回港中概股,数字经济,数据中心,新IT",0.5990323557395618
09699,順豐同城,N,資訊科技,軟件服務,電商及互聯網服務,7517908024.83,2024-04-26T16:02:09,科技,软件服务,电商及互联网服务,顺丰同城,09699.HK,75.2,ODSH,9699,7.54,9.910,5.31,9699.HK,,1000000.0,,-0.30,170.27,-0.030,HKD,順豐同城,B,,-0.3,9.910,0.1,9699.HK,"物流,知名公司",0.0010155969028678527
09857,檸萌影視,N,非必需性消費,媒體及娛樂,影視娛樂,3071109223.08,2024-04-26T16:02:11,非必需性消费,媒体及娱乐,影视娱乐,柠萌影视,09857.HK,30.7,ODSH,9857,3.11,8.630,7.35,9857.HK,,1000000.0,2.71,-0.23,13.59,-0.020,HKD,檸萌影視,B,,-0.23,8.630,0.1,9857.HK,影视娱乐,0.0007465073747755006
09858,優然牧業,N,必需性消費,食品飲料,乳製品,4630392880.0,2024-04-26T16:02:09,必需性消费,食品饮料,乳制品,优然牧业,09858.HK,46.3,ODSH,9858,4.63,1.220,5.1,9858.HK,,1000000.0,,+2.52,,+0.030,HKD,優然牧業,B,,2.52,1.220,0.1,9858.HK,乳业,0.03770952538233126
09860,艾迪康控股,N,醫療保健,醫療保健設備及服務,醫療及醫學美容服務,7986355605.18,2024-04-26T16:02:10,医疗保健,医疗保健设备及服务,医疗及医学美容服务,艾迪康控股,09860.HK,79.9,ODSH,9860,8.02,11.040,15.49,9860.HK,,1000000.0,,-0.72,30.35,-0.080,HKD,艾迪康控股,B,,-0.72,11.040,0.2,9860.HK,次新股,0.00933700345302209
09863,零跑汽車,N,非必需性消費,汽車,汽車,27798706483.5,2024-04-26T16:02:11,非必需性消费,汽车,汽车,零跑汽车,09863.HK,278.0,ODSH,9863,27.85,24.950,88.65,9863.HK,,1000000.0,,+8.48,,+1.950,HKD,零跑汽車,B,,8.48,24.950,0.9,9863.HK,新能源汽车,1.3722629029369373
09866,蔚來-SW,N,非必需性消費,汽車,汽車,59824877664.0,2024-04-26T16:02:10,非必需性消费,汽车,汽车,蔚来-SW,09866.HK,598.2,ODSH,9866,60.16,35.000,124.39,9866.HK,,1000000.0,,+7.86,,+2.550,HKD,蔚來－ＳＷ,B,,7.86,35.000,1.2,9866.HK,"回港中概股,新能源汽车,知名公司,腾讯",1.481372483628088
09868,小鵬汽車-W,N,非必需性消費,汽車,汽車,57065083218.4,2024-04-26T16:02:10,非必需性消费,汽车,汽车,小鹏汽车-W,09868.HK,570.7,ODSH,9868,57.44,30.400,664.44,9868.HK,,1000000.0,,+9.16,,+2.550,HKD,小鵬汽車－Ｗ,B,,9.16,30.400,6.6,9868.HK,"双重主要上市中概股,同股不同权,回港中概股,宁德时代,新能源汽车,汽车热管理,知名公司",10.067546255007283
09869,海倫司,N,非必需性消費,旅遊及休閒設施,餐飲,4049528076.8,2024-04-26T16:02:10,非必需性消费,旅游及休闲设施,餐饮,海伦司,09869.HK,40.5,ODSH,9869,4.08,3.230,14.46,9869.HK,,1000000.0,14.37,+11.00,21.19,+0.320,HKD,海倫司,B,,11.0,3.230,0.1,9869.HK,餐饮连锁,0.3023397126547173
09877,健世科技-B,N,醫療保健,醫療保健設備及服務,醫健設備,1498778989.47,2024-04-26T16:02:10,医疗保健,医疗保健设备及服务,医健设备,健世科技-B,09877.HK,15.0,ODSH,9877,1.48,4.790,47.82,9877.HK,,1000000.0,,+14.32,,+0.600,HKD,健世科技－Ｂ,B,,14.32,4.790,0.5,9877.HK,生物医药B类,2.6728866593457274
09878,匯通達網絡,N,資訊科技,軟件服務,電商及互聯網服務,5191670563.2,2024-04-26T16:02:10,科技,软件服务,电商及互联网服务,汇通达网络,09878.HK,51.9,ODSH,9878,5.20,28.850,20.5,9878.HK,,1000000.0,,-0.35,33.74,-0.100,HKD,匯通達網絡,B,,-0.35,28.850,0.2,9878.HK,,0.0028811996323479337
09880,優必選,N,資訊科技,軟件服務,系統開發及顧問,20976151072.5,2024-04-26T16:02:10,科技,软件服务,系统开发及顾问,优必选,09880.HK,209.8,ODSH,9880,20.95,177.300,68.2,9880.HK,,1000000.0,,+6.94,,+11.500,HKD,優必選,B,,6.94,177.300,0.7,9880.HK,次新股,0.8501631289314521
09882,永聯豐控股,N,工業,工業工程,工業及設備,816000000.0,2024-04-26T16:02:10,工业,工业工程,工业及设备,永联丰控股,09882.HK,8.2,ODSH,9882,816.00,2.040,,9882.HK,,,1.96,0.00,37.02,0.000,HKD,永聯豐控股,M,,0.0,2.040,0.0,9882.HK,,0.0
09885,藥師幫,N,醫療保健,藥品及生物科技,西藥分銷,5165544432.36,2024-04-26T16:02:10,医疗保健,药品及生物科技,西药分销,药师帮,09885.HK,51.7,ODSH,9885,5.17,8.070,10.57,9885.HK,,1000000.0,,+1.77,,+0.140,HKD,藥師幫,B,,1.77,8.070,0.1,9885.HK,次新股,0.021624102243018164
09886,叮噹健康,N,醫療保健,藥品及生物科技,西藥分銷,1502449644.64,2024-04-26T16:02:10,医疗保健,药品及生物科技,西药分销,叮当健康,09886.HK,15.0,ODSH,9886,1.52,1.140,1.76,9886.HK,,1000000.0,,+4.59,,+0.050,HKD,叮噹健康,B,,4.59,1.140,0.0,9886.HK,,0.0
09888,百度集團-SW,N,資訊科技,軟件服務,電商及互聯網服務,285712976249.0,2024-04-26T16:02:10,科技,软件服务,电商及互联网服务,百度集团-SW,09888.HK,2857.1,ODSH,9888,285.99,101.100,758.05,9888.HK,,1000000.0,,+3.27,35.93,+3.200,HKD,百度集團－ＳＷ,B,,3.27,101.100,7.6,9888.HK,"AIGC,NFT,互联网出海,元宇宙,同股不同权,回港中概股,数据中心,比亚迪,知名公司,网络直播",2.277090386235076
09889,東莞農商銀行,N,金融,銀行,銀行,7542957870.0,2024-04-26T16:02:10,金融,银行,银行,东莞农商银行,09889.HK,75.4,ODSH,9889,7.54,6.570,71.28,9889.HK,,1000.0,4.32,+2.34,8.18,+0.150,HKD,東莞農商銀行,B,,2.34,6.570,0.0,9889.HK,,0.0
09890,中旭未來,N,資訊科技,軟件服務,綫上遊戲,12105064142.7,2024-04-26T16:02:10,科技,软件服务,线上游戏,中旭未来,09890.HK,121.1,ODSH,9890,12.05,22.550,73.6,9890.HK,,1000000.0,,+12.98,45.02,+2.590,HKD,中旭未來,B,,12.98,22.550,0.7,9890.HK,次新股,2.1403438514345448
09896,名創優品,N,非必需性消費,零售相關,多元化零售,59330230710.75,2024-04-26T16:02:11,非必需性消费,零售相关,多元化零售,名创优品,09896.HK,593.3,ODSH,9896,59.51,47.100,260.16,9896.HK,,1000000.0,2.40,+7.53,21.82,+3.300,HKD,名創優品,B,,7.53,47.100,2.6,9896.HK,"双重主要上市中概股,回港中概股,知名公司,零售股",3.0324076572101606
09898,微博-SW,N,資訊科技,軟件服務,電商及互聯網服務,16847992675.25,2024-04-26T16:02:10,科技,软件服务,电商及互联网服务,微博-SW,09898.HK,168.5,ODSH,9898,16.82,69.150,5.17,9898.HK,,1000000.0,18.83,+2.22,24.31,+1.500,HKD,微博－ＳＷ,B,,2.22,69.150,0.1,9898.HK,"同股不同权,回港中概股,知名公司,网络直播",0.02470760045655271
09899,雲音樂,N,非必需性消費,媒體及娛樂,影視娛樂,20019758504.4,2024-04-26T16:02:09,非必需性消费,媒体及娱乐,影视娱乐,云音乐,09899.HK,200.2,ODSH,9899,19.98,93.000,6.18,9899.HK,,1000000.0,,-2.21,,-2.100,HKD,雲音樂,B,,-2.21,93.000,0.1,9899.HK,"影视娱乐,知名公司,网络直播",0.023872972566907114
09900,德益控股,N,地產建築,建築,建築及服務,509640000.0,2024-04-26T16:02:10,地产建筑,建筑,建筑及服务,德益控股,09900.HK,5.1,ODSH,9900,509.64,1.370,137.0,9900.HK,,1000.0,9.85,0.00,8.98,0.000,HKD,德益控股,M,,0.0,1.370,0.0,9900.HK,,0.0
09901,新東方-S,N,非必需性消費,支援服務,教育,115393700444.0,2024-04-26T16:02:09,非必需性消费,支援服务,教育,新东方-S,09901.HK,1153.9,ODSH,9901,116.24,68.500,705.15,9901.HK,,1000000.0,,+10.13,43.47,+6.300,HKD,新東方－Ｓ,B,,10.13,68.500,7.1,9901.HK,"K12教育,回港中概股,教育服务,知名公司",11.29938111067872
09906,宏力醫療管理,N,醫療保健,醫療保健設備及服務,醫療及醫學美容服務,1512000000.0,2024-04-26T16:02:10,医疗保健,医疗保健设备及服务,医疗及医学美容服务,宏力医疗管理,09906.HK,15.1,ODSH,9906,1.51,2.520,,9906.HK,,,,0.00,35.90,0.000,HKD,宏力醫療管理,B,,0.0,2.520,0.0,9906.HK,,0.0
09908,嘉興燃氣,N,公用事業,公用事業,燃氣,285347530.0,2024-04-26T16:02:10,公用事业,公用事业,燃气,嘉兴燃气,09908.HK,2.9,ODSH,9908,285.72,7.550,,9908.HK,,,8.55,-0.13,4.07,-0.010,HKD,嘉興燃氣,M,,-0.13,7.550,0.0,9908.HK,,0.0
09909,寶龍商業,N,地產建築,地產,物業管理及服務,1626537000.0,2024-04-26T16:02:10,地产建筑,地产,物业管理及服务,宝龙商业,09909.HK,16.3,ODSH,9909,1.64,2.560,3.6,9909.HK,,1000000.0,5.86,+5.35,3.35,+0.130,HKD,寶龍商業,B,,5.35,2.560,0.0,9909.HK,物业管理,0.0
09911,赤子城科技,N,資訊科技,軟件服務,電商及互聯網服務,3716593920.0,2024-04-26T16:02:10,科技,软件服务,电商及互联网服务,赤子城科技,09911.HK,37.2,ODSH,9911,3.72,3.130,54.28,9911.HK,,1000000.0,,+10.99,6.52,+0.310,HKD,赤子城科技,B,,10.99,3.130,0.5,9911.HK,"互联网出海,元宇宙",1.5368341567608494
09913,智勤控股,N,地產建築,建築,建築及服務,2930000000.0,2024-04-26T16:02:10,地产建筑,建筑,建筑及服务,智勤控股,09913.HK,29.3,ODSH,9913,2.93,2.930,694.24,9913.HK,,1000.0,,-1.35,54.77,-0.040,HKD,智勤控股,B,,-1.35,2.930,0.0,9913.HK,,0.0
09916,興業物聯,N,地產建築,地產,物業管理及服務,192000000.0,2024-04-26T16:02:10,地产建筑,地产,物业管理及服务,兴业物联,09916.HK,1.9,ODSH,9916,204.00,0.510,4.86,9916.HK,,1000.0,,+6.25,4.74,+0.030,HKD,興業物聯,M,,6.25,0.510,0.0,9916.HK,物业管理,0.0
09918,麗年國際,N,非必需性消費,家庭電器及用品,消費電子產品,38000000.0,2024-04-26T16:02:10,非必需性消费,家庭电器及用品,消费电子产品,丽年国际,09918.HK,0.4,ODSH,9918,38.00,0.380,2.27,9918.HK,,1000.0,,-5.00,30.40,-0.020,HKD,麗年國際,M,,-5.0,0.380,0.0,9918.HK,,0.0
09919,艾德韋宣集團,N,非必需性消費,媒體及娛樂,廣告及宣傳,945822340.0,2024-04-26T16:02:10,非必需性消费,媒体及娱乐,广告及宣传,艾德韦宣集团,09919.HK,9.5,ODSH,9919,938.37,1.260,411.28,9919.HK,,1000.0,9.98,-0.79,7.91,-0.010,HKD,艾德韋宣集團,M,,-0.79,1.260,0.0,9919.HK,元宇宙,0.0
09922,九毛九,N,非必需性消費,旅遊及休閒設施,餐飲,7125375792.0,2024-04-26T16:02:09,非必需性消费,旅游及休闲设施,餐饮,九毛九,09922.HK,71.3,ODSH,9922,7.12,4.960,159.0,9922.HK,,1000000.0,3.02,+3.55,14.80,+0.170,HKD,九毛九,B,,3.55,4.960,1.6,9922.HK,"节假日,餐饮连锁",0.9155981584051462
09923,移卡,N,資訊科技,軟件服務,電商及互聯網服務,4651630641.0,2024-04-26T16:02:10,科技,软件服务,电商及互联网服务,移卡,09923.HK,46.5,ODSH,9923,4.65,10.500,9.38,9923.HK,,1000000.0,,+3.35,312.50,+0.340,HKD,移卡,B,,3.35,10.500,0.1,9923.HK,SaaS,0.05718303697254298
09926,康方生物,N,醫療保健,藥品及生物科技,生物技術,42167244471.2,2024-04-26T16:02:09,医疗保健,药品及生物科技,生物技术,康方生物,09926.HK,421.7,ODSH,9926,42.03,48.550,161.57,9926.HK,,1000000.0,,+0.21,18.66,+0.100,HKD,康方生物,B,,0.21,48.550,1.6,9926.HK,生物医药B类,0.006380195651722679
09928,時代鄰里,N,地產建築,地產,物業管理及服務,502693100.97,2024-04-26T16:02:10,地产建筑,地产,物业管理及服务,时代邻里,09928.HK,5.0,ODSH,9928,502.69,0.510,462.41,9928.HK,,1000.0,5.04,+8.51,,+0.040,HKD,時代鄰里,M,,8.51,0.510,0.0,9928.HK,物业管理,0.0
09929,澳達控股,N,地產建築,建築,建築及服務,90000000.0,2024-04-26T16:02:10,地产建筑,建筑,建筑及服务,澳达控股,09929.HK,0.9,ODSH,9929,90.00,0.045,12.14,9929.HK,,1000.0,,0.00,,0.000,HKD,澳達控股,M,,0.0,0.045,0.0,9929.HK,,0.0
09930,宏信建發,N,工業,工業工程,重型機械,5531232120.0,2024-04-26T16:02:11,工业,工业工程,重型机械,宏信建发,09930.HK,55.3,ODSH,9930,5.46,1.710,829.88,9930.HK,,1000.0,,+4.27,5.03,+0.070,HKD,宏信建發,B,,4.27,1.710,0.0,9930.HK,次新股,0.0
09933,GHW INTL,N,原材料,其他原材料,特殊化工用品,820000000.0,2024-04-26T16:02:09,原材料,其他原材料,特殊化工用品,GHW INTL,09933.HK,8.2,ODSH,9933,820.00,0.820,424.44,9933.HK,,1000.0,,+2.50,273.33,+0.020,HKD,GHW INTL,M,,2.5,0.820,0.0,9933.HK,,0.0
09936,稀美資源,N,原材料,其他原材料,特殊化工用品,1191600000.0,2024-04-26T16:02:11,原材料,其他原材料,特殊化工用品,稀美资源,09936.HK,11.9,ODSH,9936,1.19,3.310,1.13,9936.HK,,1000000.0,,+5.75,12.72,+0.180,HKD,稀美資源,B,,5.75,3.310,0.0,9936.HK,,0.0
09938,華和控股,N,地產建築,建築,建築及服務,85000000.0,2024-04-26T16:02:10,地产建筑,建筑,建筑及服务,华和控股,09938.HK,0.8,ODSH,9938,85.00,0.085,1.27,9938.HK,,1000.0,,0.00,29.31,0.000,HKD,華和控股,M,,0.0,0.085,0.0,9938.HK,,0.0
09939,開拓藥業-B,N,醫療保健,藥品及生物科技,醫藥品,425124620.0,2024-04-26T16:02:11,医疗保健,药品及生物科技,医药品,开拓药业-B,09939.HK,4.3,ODSH,9939,429.59,0.960,1.31,9939.HK,,1000000.0,,+2.13,,+0.020,HKD,開拓藥業－Ｂ,M,,2.13,0.960,0.0,9939.HK,"抗疫,生物医药B类",0.0
09955,智雲健康,N,醫療保健,醫療保健設備及服務,醫健設備,1661318159.77,2024-04-26T16:02:10,医疗保健,医疗保健设备及服务,医健设备,智云健康,09955.HK,16.6,ODSH,9955,1.66,2.830,53.13,9955.HK,,1000000.0,,+7.60,,+0.200,HKD,智雲健康,B,,7.6,2.830,0.5,9955.HK,SaaS,1.1278009398590607
09956,安能物流,N,工業,工業運輸,公路,5917661923.74,2024-04-26T16:02:10,工业,工业运输,公路,安能物流,09956.HK,59.2,ODSH,9956,5.92,5.100,3.02,9956.HK,,1000000.0,,+2.62,14.02,+0.130,HKD,安能物流,B,,2.62,5.100,0.0,9956.HK,"物流,节假日",0.0
09958,力天影業,N,非必需性消費,媒體及娛樂,影視娛樂,936000000.0,2024-04-26T16:02:09,非必需性消费,媒体及娱乐,影视娱乐,力天影业,09958.HK,9.4,ODSH,9958,948.00,3.160,7.97,9958.HK,,1000000.0,,+39.21,,+0.890,HKD,力天影業,M,,39.21,3.160,0.1,9958.HK,影视娱乐,2.1529088637369393
09959,聯易融科技-W,N,資訊科技,軟件服務,系統開發及顧問,3815923193.16,2024-04-26T16:02:09,科技,软件服务,系统开发及顾问,联易融科技-W,09959.HK,38.2,ODSH,9959,3.81,1.670,19.19,9959.HK,,1000000.0,5.99,+1.83,,+0.030,HKD,聯易融科技－Ｗ,B,,1.83,1.670,0.2,9959.HK,"SaaS,同股不同权,腾讯",0.04840624435886124
09960,康聖環球,N,醫療保健,醫療保健設備及服務,醫療及醫學美容服務,1559653859.68,2024-04-26T16:02:10,医疗保健,医疗保健设备及服务,医疗及医学美容服务,康圣环球,09960.HK,15.6,ODSH,9960,1.55,1.580,201.77,9960.HK,,1000.0,1.80,+1.28,34.20,+0.020,HKD,康聖環球,B,,1.28,1.580,0.0,9960.HK,,0.0
09961,攜程集團-S,N,非必需性消費,旅遊及休閒設施,旅遊及觀光,278469215127.6,2024-04-26T16:02:10,非必需性消费,旅游及休闲设施,旅游及观光,携程集团-S,09961.HK,2784.7,ODSH,9961,278.19,407.000,566.33,9961.HK,,1000000.0,,+3.14,,+12.400,HKD,攜程集團—Ｓ,B,,3.14,407.000,5.7,9961.HK,"回港中概股,旅游及观光,知名公司,节假日",1.6147576604064353
09963,高科橋,N,資訊科技,資訊科技器材,電訊設備,62660000.0,2024-04-26T16:02:09,科技,资讯科技器材,电讯设备,高科桥,09963.HK,0.6,ODSH,9963,62.66,0.241,,9963.HK,,,,0.00,,0.000,HKD,高科橋,M,,0.0,0.241,0.0,9963.HK,电讯设备,0.0
09966,康寧傑瑞製藥-B,N,醫療保健,藥品及生物科技,生物技術,4486523702.55,2024-04-26T16:02:10,医疗保健,药品及生物科技,生物技术,康宁杰瑞制药-B,09966.HK,44.9,ODSH,9966,4.47,4.640,9.97,9966.HK,,1000000.0,,+4.27,,+0.190,HKD,康寧傑瑞製藥－Ｂ,B,,4.27,4.640,0.1,9966.HK,生物医药B类,0.08148253143817848
09968,滙景控股,N,地產建築,地產,地產發展商,141858000.0,2024-04-26T16:02:09,地产建筑,地产,地产发展商,汇景控股,09968.HK,1.4,ODSH,9968,141.85,0.027,106.7,9968.HK,,1000.0,,0.00,,0.000,HKD,滙景控股,M,,0.0,0.027,0.0,9968.HK,,0.0
09969,諾誠健華,N,醫療保健,藥品及生物科技,生物技術,7861117735.92,2024-04-26T16:02:10,医疗保健,药品及生物科技,生物技术,诺诚健华,09969.HK,78.6,ODSH,9969,7.86,4.460,11.98,9969.HK,,1000000.0,,+1.59,,+0.070,HKD,諾誠健華,B,,1.59,4.460,0.1,9969.HK,生物医药B类,0.01691272862161394
09977,鳳祥股份,S,必需性消費,農產品,禽畜肉類,817179360.0,2024-04-26T16:02:10,必需性消费,农产品,禽畜肉类,凤祥股份,09977.HK,8.2,ODSH,9977,817.17,1.520,,9977.HK,,,,0.00,13.19,0.000,HKD,鳳祥股份,M,True,0.0,1.520,0.0,9977.HK,,0.0
09978,方圓生活服務,S,地產建築,地產,地產代理,32000000.0,2024-04-26T16:02:11,地产建筑,地产,地产代理,方圆生活服务,09978.HK,0.3,ODSH,9978,32.00,0.080,,9978.HK,,,,0.00,1.56,0.000,HKD,方圓生活服務,M,True,0.0,0.080,0.0,9978.HK,房地产服务,0.0
09979,綠城管理控股,N,地產建築,地產,物業管理及服務,13065000000.0,2024-04-26T16:02:10,地产建筑,地产,物业管理及服务,绿城管理控股,09979.HK,130.6,ODSH,9979,13.06,6.500,26.7,9979.HK,,1000000.0,8.26,+1.72,12.17,+0.110,HKD,綠城管理控股,B,,1.72,6.500,0.3,9979.HK,物业管理,0.0524090130101812
09982,中原建業,S,地產建築,建築,建築及服務,425217873.08,2024-04-26T16:02:09,地产建筑,建筑,建筑及服务,中原建业,09982.HK,4.3,ODSH,9982,425.21,0.110,,9982.HK,,,58.55,0.00,1.06,0.000,HKD,中原建業,M,True,0.0,0.110,0.0,9982.HK,,0.0
09983,建業新生活,N,地產建築,地產,物業管理及服務,1326536520.0,2024-04-26T16:02:09,地产建筑,地产,物业管理及服务,建业新生活,09983.HK,13.3,ODSH,9983,1.36,1.050,148.94,9983.HK,,1000.0,8.30,-4.55,,-0.050,HKD,建業新生活,B,,-4.55,1.050,0.0,9983.HK,物业管理,0.0
09985,衛龍美味,N,必需性消費,食品飲料,包裝食品,12484583019.18,2024-04-26T16:02:09,必需性消费,食品饮料,包装食品,卫龙美味,09985.HK,124.8,ODSH,9985,12.50,5.320,772.51,9985.HK,,1000.0,6.70,+1.33,13.00,+0.070,HKD,衛龍美味,B,,1.33,5.320,0.0,9985.HK,,0.0
09986,大山教育,S,非必需性消費,支援服務,教育,2336000000.0,2024-04-26T16:02:10,非必需性消费,支援服务,教育,大山教育,09986.HK,23.4,ODSH,9986,2.33,2.920,,9986.HK,,,,0.00,,0.000,HKD,大山教育,B,True,0.0,2.920,0.0,9986.HK,"K12教育,教育服务",0.0
09987,百勝中國,N,非必需性消費,旅遊及休閒設施,餐飲,122508724408.0,2024-04-26T16:02:11,非必需性消费,旅游及休闲设施,餐饮,百胜中国,09987.HK,1225.1,ODSH,9987,122.39,313.200,72.38,9987.HK,,1000000.0,1.37,+3.16,38.15,+9.600,HKD,百勝中國,B,,3.16,313.200,0.7,9987.HK,"冬奥会,回港中概股,餐饮连锁",0.2203917585017588
09988,阿里巴巴-SW,N,資訊科技,軟件服務,電商及互聯網服務,1548688036370.4,2024-04-26T16:02:11,科技,软件服务,电商及互联网服务,阿里巴巴-SW,09988.HK,15486.9,ODSH,9988,"1,547.66",75.400,5.27,9988.HK,,1000000000.0,1.29,+3.29,20.28,+2.400,HKD,阿里巴巴－ＳＷ,B,,3.29,75.400,52.7,9988.HK,"AIGC,云办公,云计算,元宇宙,冬奥会,同股不同权,回港中概股,数据中心,新经济,电子商务,知名公司,网络直播,蚂蚁集团",13.401709376245924
09989,海普瑞,N,醫療保健,藥品及生物科技,醫藥品,704302400.0,2024-04-26T16:02:11,医疗保健,药品及生物科技,医药品,海普瑞,09989.HK,7.0,ODSH,9989,704.30,3.200,3.94,9989.HK,,1000000.0,,+4.23,,+0.130,HKD,海普瑞,M,,4.23,3.200,0.0,9989.HK,,0.0
09990,祖龍娛樂,N,資訊科技,軟件服務,綫上遊戲,1173904706.1,2024-04-26T16:02:10,科技,软件服务,线上游戏,祖龙娱乐,09990.HK,11.7,ODSH,9990,1.18,1.480,1.57,9990.HK,,1000000.0,,+5.71,,+0.080,HKD,祖龍娛樂,B,,5.71,1.480,0.0,9990.HK,互联网出海,0.0
09991,寶尊電商－W,N,資訊科技,軟件服務,電商及互聯網服務,1275743894.04,2024-04-26T16:02:11,科技,软件服务,电商及互联网服务,宝尊电商－W,09991.HK,12.8,ODSH,9991,1.27,6.910,619.27,9991.HK,,1000.0,,+3.91,,+0.260,HKD,寶尊電商－Ｗ,B,,3.91,6.910,0.0,9991.HK,"同股不同权,回港中概股,抖音,电子商务,阿里巴巴",0.0
09992,泡泡瑪特,N,非必需性消費,家庭電器及用品,玩具及消閒用品,45525772785.0,2024-04-26T16:02:10,非必需性消费,家庭电器及用品,玩具及消闲用品,泡泡玛特,09992.HK,455.3,ODSH,9992,45.39,33.800,313.2,9992.HK,,1000000.0,0.90,-0.44,38.91,-0.150,HKD,泡泡瑪特,B,,-0.44,33.800,3.1,9992.HK,"元宇宙,玩具及消闲用品,知名公司",0.0468256677803476
09993,金輝控股,N,地產建築,地產,地產發展商,8414072160.0,2024-04-26T16:02:10,地产建筑,地产,地产发展商,金辉控股,09993.HK,84.1,ODSH,9993,8.41,2.080,2.93,9993.HK,,1000000.0,,+0.97,,+0.020,HKD,金輝控股,B,,0.97,2.080,0.0,9993.HK,,0.0
09995,榮昌生物,N,醫療保健,藥品及生物科技,生物技術,5763269665.6,2024-04-26T16:02:11,医疗保健,药品及生物科技,生物技术,荣昌生物,09995.HK,57.6,ODSH,9995,5.75,30.350,35.09,9995.HK,,1000000.0,,+0.33,,+0.100,HKD,榮昌生物,B,,0.33,30.350,0.4,9995.HK,生物医药B类,0.0050782216883020785
09996,沛嘉醫療-B,S,醫療保健,醫療保健設備及服務,醫健設備,2486336117.28,2024-04-26T16:02:09,医疗保健,医疗保健设备及服务,医健设备,沛嘉医疗-B,09996.HK,24.9,ODSH,9996,2.48,3.660,,9996.HK,,,,0.00,,0.000,HKD,沛嘉醫療－Ｂ,B,True,0.0,3.660,0.0,9996.HK,生物医药B类,0.0
09997,康基醫療,N,醫療保健,醫療保健設備及服務,醫健設備,8807452250.0,2024-04-26T16:02:11,医疗保健,医疗保健设备及服务,医健设备,康基医疗,09997.HK,88.1,ODSH,9997,8.79,7.240,10.47,9997.HK,,1000000.0,20.77,-0.14,15.65,-0.010,HKD,康基醫療,B,,-0.14,7.240,0.1,9997.HK,,0.00023874382976986792
09998,光榮控股,N,地產建築,建築,建築及服務,120000000.0,2024-04-26T16:02:09,地产建筑,建筑,建筑及服务,光荣控股,09998.HK,1.2,ODSH,9998,120.00,0.150,,9998.HK,,,,0.00,9.15,0.000,HKD,光榮控股,M,,0.0,0.150,0.0,9998.HK,,0.0
09999,網易-S,N,資訊科技,軟件服務,綫上遊戲,517231083163.2,2024-04-26T16:02:11,科技,软件服务,线上游戏,网易-S,09999.HK,5172.3,ODSH,9999,515.15,149.100,953.92,9999.HK,,1000000.0,2.68,+1.71,21.35,+2.500,HKD,網易－Ｓ,B,,1.71,149.100,9.5,9999.HK,"互联网出海,元宇宙,回港中概股,手机游戏,电子商务,知名公司,网络游戏,网络直播",1.012506940351908
80011,恒生銀行-R,N,金融,銀行,銀行,182007428467.2,2024-04-26T16:02:09,金融,银行,银行,恒生银行-R,80011.HK,1820.1,ODSH,80011,196.76,95.200,741.13,80011.HK,,1000.0,6.83,+0.95,10.61,+0.900,CNY,恒生銀行-R,B,,0.95,95.200,0.0,80011.HK,,0.0
80016,新鴻基地產-R,N,地產建築,地產,地產發展商,195310390467.6,2024-04-26T16:02:09,地产建筑,地产,地产发展商,新鸿基地产-R,80016.HK,1953.1,ODSH,80016,211.93,67.650,2.19,80016.HK,,1000000.0,6.47,+1.42,8.68,+0.950,CNY,新鴻基地產-R,B,,1.42,67.650,0.0,80016.HK,,0.0
80020,商湯-WR,N,資訊科技,軟件服務,,36481128250.0,2024-04-26T16:02:09,科技,软件服务,软件开发,商汤-WR,80020.HK,364.8,ODSH,80020,40.88,1.130,5.38,80020.HK,,1000000.0,,+46.75,,+0.360,CNY,商湯－WR,B,,46.75,1.130,0.1,80020.HK,,1.2938716363327507
80175,吉利汽車-R,N,非必需性消費,汽車,汽車,87551426732.1,2024-04-26T16:02:09,非必需性消费,汽车,汽车,吉利汽车-R,80175.HK,875.5,ODSH,80175,94.76,8.710,188.76,80175.HK,,1000.0,2.35,+1.99,16.96,+0.170,CNY,吉利汽車-R,B,,1.99,8.710,0.0,80175.HK,,0.0
80291,華潤啤酒-R(五百),N,必需性消費,食品飲料,酒精飲料,109328761698.5,2024-04-26T16:02:09,必需性消费,食品饮料,酒精饮料,华润啤酒-R(五百),80291.HK,1093.3,ODSH,80291,118.19,33.700,449.14,80291.HK,,1000.0,2.78,+2.59,21.22,+0.850,CNY,華潤啤酒－Ｒ五百,B,,2.59,33.700,0.0,80291.HK,,0.0
80388,香港交易所-R,N,金融,其他金融,其他金融,293377457503.0,2024-04-26T16:02:09,金融,其他金融,其他金融,香港交易所-R,80388.HK,2933.8,ODSH,80388,317.99,232.000,8.72,80388.HK,,1000000.0,3.40,+1.58,26.60,+3.600,CNY,香港交易所-R,B,,1.58,232.000,0.1,80388.HK,,0.01002308765123966
80700,騰訊控股-R,N,資訊科技,軟件服務,電商及互聯網服務,3056515897168.4,2024-04-26T16:02:09,科技,软件服务,电商及互联网服务,腾讯控股-R,80700.HK,30565.2,ODSH,80700,"3,302.35",323.400,5.4,80700.HK,,1000000.0,0.98,+2.86,26.54,+9.000,CNY,騰訊控股-R,B,,2.86,323.400,0.1,80700.HK,,0.01948895514433912
80737,灣區發展-R,N,工業,工業運輸,鐵路及公路,4776619938.65,2024-04-26T16:02:10,工业,工业运输,铁路及公路,湾区发展-R,80737.HK,47.8,ODSH,80737,5.16,1.550,,80737.HK,,,11.03,0.00,9.04,0.000,CNY,灣區發展－Ｒ,B,,0.0,1.550,0.0,80737.HK,,0.0
80883,中國海洋石油-R,N,能源,石油及天然氣,油氣生產商,872374451466.56,2024-04-26T16:02:09,能源,石油及天然气,油气生产商,中国海洋石油-R,80883.HK,8723.7,ODSH,80883,941.06,18.300,71.18,80883.HK,,1000000.0,6.40,+4.10,7.03,+0.720,CNY,中國海洋石油-R,B,,4.1,18.300,0.7,80883.HK,,0.25797848070487545
80941,中國移動-R,N,電訊,電訊,電訊服務,1407015631291.5,2024-04-26T16:02:09,科技,电讯,电讯服务,中国移动-R,80941.HK,14070.2,ODSH,80941,"1,524.59",65.900,11.95,80941.HK,,1000000.0,6.83,+0.46,10.69,+0.300,CNY,中國移動-R,B,,0.46,65.900,0.1,80941.HK,,0.0011027233788053494
80992,聯想集團-R,N,資訊科技,資訊科技器材,電腦及周邊,103702951764.72,2024-04-26T16:02:09,科技,资讯科技器材,电脑及周边,联想集团-R,80992.HK,1037.0,ODSH,80992,112.24,8.370,4.61,80992.HK,,1000000.0,4.16,+1.95,8.72,+0.160,CNY,聯想集團-R,B,,1.95,8.370,0.0,80992.HK,,0.0
81024,快手-WR,N,資訊科技,軟件服務,,226971817622.0,2024-04-26T16:02:09,科技,软件服务,软件开发,快手-WR,81024.HK,2269.7,ODSH,81024,246.78,52.550,1.18,81024.HK,,1000000.0,,+7.46,35.44,+3.650,CNY,快手-WR,B,,7.46,52.550,0.0,81024.HK,,0.0
81211,比亞迪股份-R,N,非必需性消費,汽車,汽車,216745200000.0,2024-04-26T16:02:09,非必需性消费,汽车,汽车,比亚迪股份-R,81211.HK,2167.5,ODSH,81211,233.72,196.900,10.65,81211.HK,,1000000.0,1.57,+4.07,19.08,+7.700,CNY,比亞迪股份-R,B,,4.07,196.900,0.1,81211.HK,,0.04231982739044635
81299,友邦保險-R,N,金融,保險,保險,562460947498.45,2024-04-26T16:02:09,金融,保险,保险,友邦保险-R,81299.HK,5624.6,ODSH,81299,611.72,50.350,2.92,81299.HK,,1000000.0,2.99,+5.33,21.27,+2.550,CNY,友邦保險-R,B,,5.33,50.350,0.0,81299.HK,,0.0
81810,小米集團-WR,N,資訊科技,資訊科技器材,電訊設備,400729491965.66,2024-04-26T16:02:09,科技,资讯科技器材,电讯设备,小米集团-WR,81810.HK,4007.3,ODSH,81810,433.22,16.060,1.27,81810.HK,,1000000.0,,+4.02,22.87,+0.620,CNY,小米集團-WR,B,,4.02,16.060,0.0,81810.HK,,0.0
82020,安踏體育-R,N,非必需性消費,紡織及服飾,服裝,236382431075.0,2024-04-26T16:02:09,非必需性消费,纺织及服饰,服装,安踏体育-R,82020.HK,2363.8,ODSH,82020,255.70,83.500,,82020.HK,,,2.21,+1.03,22.63,+0.850,CNY,安踏體育-R,B,,1.03,83.500,0.0,82020.HK,,0.0
82318,中國平安-R,N,金融,保險,保險,246142416941.6,2024-04-26T16:02:09,金融,保险,保险,中国平安-R,82318.HK,2461.4,ODSH,82318,268.11,33.300,6.96,82318.HK,,1000000.0,7.30,+1.83,6.89,+0.600,CNY,中國平安-R,B,,1.83,33.300,0.1,82318.HK,,0.012827556150992172
82331,李寧-R,N,非必需性消費,紡織及服飾,服裝,50604128307.48,2024-04-26T16:02:09,非必需性消费,纺织及服饰,服装,李宁-R,82331.HK,506.0,ODSH,82331,54.70,19.580,691.28,82331.HK,,1000.0,2.80,+5.95,15.89,+1.100,CNY,李寧-R,B,,5.95,19.580,0.0,82331.HK,,0.0
82333,長城汽車-R,N,非必需性消費,汽車,汽車,25042780800.0,2024-04-26T16:02:09,非必需性消费,汽车,汽车,长城汽车-R,82333.HK,250.4,ODSH,82333,26.97,10.760,333.44,82333.HK,,1000.0,2.79,-2.00,13.12,-0.220,CNY,長城汽車-R,B,,-2.0,10.760,0.0,82333.HK,,0.0
82388,中銀香港-R,N,金融,銀行,銀行,232601165852.0,2024-04-26T16:02:09,金融,银行,银行,中银香港-R,82388.HK,2326.0,ODSH,82388,252.03,22.050,1.39,82388.HK,,1000000.0,7.10,+0.46,7.62,+0.100,CNY,中銀香港 – R,B,,0.46,22.050,0.0,82388.HK,,0.0
82939,華潤啤酒-R(二千),N,必需性消費,食品飲料,酒精飲料,103813660960.0,2024-04-26T16:02:09,必需性消费,食品饮料,酒精饮料,华润啤酒-R(二千),82939.HK,1038.1,ODSH,82939,112.23,32.000,,82939.HK,,,2.93,0.00,20.15,0.000,CNY,華潤啤酒－Ｒ二千,B,,0.0,32.000,0.0,,,0.0
83690,美團-WR,N,資訊科技,軟件服務,電商及互聯網服務,669623914596.0,2024-04-26T16:02:09,科技,软件服务,电商及互联网服务,美团-WR,83690.HK,6696.2,ODSH,83690,723.25,107.300,3.35,83690.HK,,1000000.0,,+3.87,48.11,+4.000,CNY,美團－ＷR,B,,3.87,107.300,0.0,83690.HK,,0.0
86618,京東健康-R,N,醫療保健,藥品及生物科技,西藥分銷,78452231730.6,2024-04-26T16:02:09,医疗保健,药品及生物科技,西药分销,京东健康-R,86618.HK,784.5,ODSH,86618,85.33,24.750,,86618.HK,,,,+7.84,36.09,+1.800,CNY,京東健康-R,B,,7.84,24.750,0.0,86618.HK,,0.0
89618,京東集團-SWR,N,資訊科技,軟件服務,電商及互聯網服務,346266396996.3,2024-04-26T16:02:09,科技,软件服务,电商及互联网服务,京东集团-SWR,89618.HK,3462.7,ODSH,89618,375.03,109.100,13.99,89618.HK,,1000000.0,2.53,+5.72,32.85,+5.900,CNY,京東集團-SWR,B,,5.72,109.100,0.1,89618.HK,,0.06467417797012547
89888,百度集團-SWR,N,資訊科技,軟件服務,電商及互聯網服務,265062434401.3,2024-04-26T16:02:09,科技,软件服务,电商及互联网服务,百度集团-SWR,89888.HK,2650.6,ODSH,89888,287.01,93.850,2.07,89888.HK,,1000000.0,,+3.42,37.54,+3.100,CNY,百度集團-SWR,B,,3.42,93.850,0.0,89888.HK,,0.0
89988,阿里巴巴-SWR,N,資訊科技,軟件服務,電商及互聯網服務,1434768638068.8,2024-04-26T16:02:09,科技,软件服务,电商及互联网服务,阿里巴巴-SWR,89988.HK,14347.7,ODSH,89988,"1,550.01",69.850,97.52,89988.HK,,1000000.0,1.31,+3.02,20.21,+2.050,CNY,阿里巴巴-SWR,B,,3.02,69.850,1.0,89988.HK,,0.22615124679851392
