证券代码,股票简称,PE,扣非PE,PB,扣非ROE,ROE,ROA,股息率,分红比例,毛利率,净利率,扣非净利润增速,营收增速,商誉占比,资产负债率,扣非PEG,扣非市赚率,市赚率
601988.SH,中国银行,6.02,6.09,0.6,6.52,7.16,,5.92,29.98,,39.2,0.41,5.18,0.09,91.56,1.17,0.93,0.84
601288.SH,农业银行,5.69,5.89,0.64,7.26,8.09,,6.34,29.98,,39.85,3.42,3.38,0.05,93.09,1.74,0.81,0.7
601398.SH,工商银行,5.96,5.9,0.6,6.99,7.33,,6.41,29.98,,43.18,0.28,0.15,,91.89,39.28,0.84,0.81
600992.SH,贵绳股份,-144.39,-274.36,3.04,-1.72,-1.55,-0.53,0.26,32.28,9.58,-1.53,-253.0,1.6,,56.2,扣非亏损,扣非亏损,亏损
601330.SH,绿色动力,13.82,15.7,1.18,6.28,6.3,4.42,2.26,45.98,45.44,20.95,-5.11,32.98,,61.55,0.48,2.5,2.19
603190.SH,亚通精工,24.57,29.45,1.3,3.72,4.0,3.23,1.37,9.06,23.7,6.79,-33.3,10.39,0.38,45.02,2.84,7.91,6.14
002966.SZ,苏州银行,5.11,5.72,0.66,8.85,9.64,,6.04,25.5,,46.61,13.55,4.66,,92.54,1.23,0.65,0.53
600615.SH,丰华股份,367.94,217.99,3.54,0.78,0.72,0.0,,73.86,10.29,3.17,217.51,54.24,0.69,8.2,4.02,280.01,507.51
601083.SH,锦江航运,13.71,18.01,1.6,8.36,8.74,8.86,2.3,44.87,25.36,17.21,9.74,2.15,,18.02,8.36,2.15,1.57
002117.SZ,东港股份,43.14,48.85,3.57,5.04,5.45,4.63,3.04,36.99,32.0,10.34,-43.37,1.04,0.18,28.16,46.89,9.69,7.92
603708.SH,家家悦,29.06,113.57,3.0,6.2,7.42,3.11,1.45,40.76,23.26,1.3,-18.06,2.17,9.99,82.0,52.28,18.32,3.92
600426.SH,华鲁恒升,12.3,12.96,1.62,10.25,10.15,9.1,2.17,28.64,20.01,13.03,5.35,35.44,,30.36,0.37,1.26,1.21
002132.SZ,恒星科技,166.62,219.42,1.14,0.38,0.5,0.83,,658.95,9.97,0.5,826.56,17.86,0.03,55.4,12.29,583.4,333.23
600178.SH,东安动力,-3204.96,-41.39,2.68,-3.15,-0.05,-0.16,0.02,-18.03,6.22,0.15,-1092.08,1.21,1.62,53.64,扣非亏损,扣非亏损,亏损
600163.SH,中闽能源,20.16,16.42,1.67,6.01,6.35,5.03,1.14,11.13,53.91,39.58,5.05,11.32,,41.04,1.45,2.73,3.17
688186.SH,广大特材,30.1,71.35,0.95,1.22,2.22,2.06,0.33,25.04,15.53,3.29,-39.96,28.91,0.54,63.42,2.47,58.67,13.56
002149.SZ,西部材料,45.53,66.72,2.84,3.39,4.64,3.04,0.95,51.06,22.23,7.43,-23.66,16.84,,48.62,3.96,19.68,9.81
601628.SH,中国人寿,9.23,11.74,2.27,20.39,19.95,,1.52,14.77,,24.79,173.24,0.57,,91.09,20.67,0.58,0.46
603719.SH,良品铺子,206.13,-89.35,2.21,-0.13,0.79,1.11,1.04,417.94,26.84,0.3,-102.59,1.53,0.02,45.61,扣非亏损,扣非亏损,260.93
301116.SZ,益客食品,30.21,-157.3,3.1,7.32,7.83,5.52,,30.24,4.89,1.39,783.99,15.01,,61.67,扣非亏损,扣非转亏,3.86
603275.SH,众辰科技,24.35,30.16,1.9,5.07,5.89,5.75,0.35,9.53,41.22,32.52,-4.48,0.69,,10.19,43.64,5.95,4.13
600016.SH,民生银行,4.19,5.22,0.31,4.84,4.84,,5.78,25.33,,30.21,-9.26,-8.5,,91.6,-0.61,1.08,0.86
600335.SH,国机汽车,25.13,-395.86,0.92,1.87,2.77,1.37,0.06,15.06,7.33,1.12,8.68,-0.13,,69.38,扣非亏损,扣非转亏,9.07
600714.SH,金瑞矿业,82.64,127.47,3.48,3.16,3.22,3.27,,263.62,19.4,9.47,214.52,32.82,,10.38,3.88,40.27,25.66
603933.SH,睿能科技,41.22,50.93,2.54,4.18,4.66,3.24,0.64,12.0,24.55,4.21,42.1,9.43,7.46,41.39,5.4,12.19,8.84
600517.SH,国网英大,17.45,20.61,1.58,6.95,6.98,5.73,1.51,19.97,14.88,39.7,26.59,12.35,0.56,43.77,1.67,2.97,2.5
300140.SZ,节能环境,24.12,32.03,1.55,4.82,4.94,3.46,,42.52,37.8,15.86,220.98,-22.97,1.3,54.42,-1.39,6.65,4.88
301551.SZ,无线传媒,109.25,,11.35,8.29,9.54,8.2,,29.88,53.0,41.27,,-1.12,,7.63,,,11.45
001207.SZ,联科科技,16.14,17.17,2.35,11.08,11.26,8.73,2.93,16.3,19.27,12.24,75.74,25.52,,30.47,0.67,1.55,1.43
603337.SH,杰克股份,16.94,21.05,3.08,12.75,13.99,8.38,2.31,33.38,32.22,13.35,52.67,19.67,,40.31,1.07,1.65,1.21
688075.SH,安旭生物,28.43,-187.83,1.0,0.38,2.62,2.6,0.99,44.08,42.11,33.66,-80.45,76.2,,11.21,扣非亏损,扣非转亏,10.85
688548.SH,广钢气体,55.4,52.2,2.3,2.93,3.14,2.67,0.58,40.81,27.94,12.25,-23.65,24.96,9.61,26.49,2.09,17.83,17.64
834058.BJ,华洋赛车,25.11,25.0,4.57,13.22,13.56,8.46,8.58,62.98,22.6,11.52,73.35,-13.72,,45.3,-1.82,1.89,1.85
600188.SH,兖矿能源,10.35,10.23,2.58,14.35,14.75,6.61,7.52,30.51,34.62,15.56,-22.45,-10.16,0.24,64.19,-1.01,0.71,0.7
301261.SZ,恒工精密,29.49,34.35,2.42,4.87,6.31,4.74,0.97,32.37,24.89,12.86,-1.97,22.31,,47.1,1.54,7.06,4.67
688612.SH,威迈斯,29.27,23.88,3.48,8.1,8.59,4.98,1.54,50.15,19.7,6.98,2.24,85.1,0.16,55.51,0.28,2.95,3.41
000726.SZ,鲁泰A,13.88,12.27,0.58,3.79,3.1,2.85,2.01,48.2,24.4,6.78,15.87,9.54,0.21,29.92,1.29,3.24,4.48
300430.SZ,诚益通,38.38,41.84,2.25,4.23,4.44,3.46,0.39,8.17,40.54,12.14,-24.09,15.61,23.24,36.5,2.68,9.9,8.65
603355.SH,莱克电气,11.98,13.09,2.64,17.7,18.22,6.34,,142.79,24.0,12.15,11.49,9.04,11.86,59.1,1.45,0.74,0.66
301039.SZ,中集车辆,17.7,20.55,1.42,5.67,5.74,4.3,,72.33,15.77,5.42,-41.72,-1.34,3.02,39.46,-15.32,3.62,3.08
600062.SH,华润双鹤,12.26,15.48,2.24,11.81,12.39,9.96,1.38,9.93,58.46,16.52,23.91,5.68,8.34,34.19,2.73,1.31,0.99
000623.SZ,吉林敖东,13.67,16.84,0.78,4.29,4.41,4.03,3.96,44.5,39.12,63.81,0.92,15.69,,11.05,1.07,3.93,3.1
688016.SH,心脉医疗,18.66,22.99,3.54,12.98,14.38,14.18,1.54,50.4,75.5,56.44,37.37,36.32,12.11,13.99,0.63,1.77,1.3
002745.SZ,木林森,26.68,28.35,1.0,2.69,2.68,2.01,3.9,203.66,27.95,2.97,18.41,0.66,13.62,45.95,42.63,10.53,9.96
601696.SH,中银证券,38.79,49.71,1.92,3.46,3.77,,0.33,11.13,,34.4,-15.66,-3.04,,76.16,-16.37,14.35,10.29
600737.SH,中粮糖业,13.8,11.49,1.94,9.77,10.1,7.13,10.56,49.6,10.22,5.23,-17.66,16.23,1.54,41.86,0.71,1.18,1.37
002352.SZ,顺丰控股,21.17,25.81,2.37,7.35,8.34,5.32,1.49,39.91,13.96,3.71,21.58,20.09,9.43,52.59,1.29,3.51,2.54
002338.SZ,奥普光电,207.77,390.18,9.73,2.91,3.63,4.18,0.07,7.04,36.52,14.69,-48.28,20.7,18.33,26.16,18.85,134.3,57.24
603273.SH,天元智能,116.6,128.33,4.73,2.37,3.03,1.71,0.4,32.27,13.6,5.87,-53.88,-14.01,,37.75,-9.16,54.14,38.48
300304.SZ,云意电气,18.22,20.14,2.55,9.93,10.99,9.41,0.88,8.14,32.54,21.34,64.46,26.69,0.56,22.15,0.75,2.03,1.66
301028.SZ,东亚机械,18.22,22.91,3.09,12.32,13.28,10.05,0.85,31.8,32.38,20.43,39.96,8.15,,35.97,2.81,1.86,1.37
600926.SH,杭州银行,4.42,5.0,0.76,11.23,13.51,,5.19,22.2,,48.68,19.98,12.28,,93.42,0.41,0.45,0.33
605319.SH,无锡振华,15.36,14.42,2.22,10.94,11.05,6.97,2.09,31.49,24.91,14.47,57.34,15.08,,49.83,0.96,1.32,1.39
300809.SZ,华辰装备,80.33,125.18,3.9,2.1,3.67,2.72,0.34,10.58,29.97,20.02,-58.34,34.05,,23.77,3.68,59.59,21.89
600826.SH,兰生股份,20.74,28.18,1.43,3.58,5.19,4.73,3.17,52.86,31.23,23.54,-13.95,-0.49,1.13,27.93,-57.55,7.88,4.0
605179.SH,一鸣食品,86.3,149.27,3.8,3.44,3.3,1.93,0.3,53.03,29.58,1.79,13.23,10.88,,60.19,13.72,43.39,26.15
603201.SH,常润股份,15.42,14.53,2.03,9.88,9.85,7.57,2.41,12.76,20.68,7.12,16.93,4.52,1.65,44.55,3.22,1.47,1.56
600927.SH,永安期货,38.92,37.46,1.72,3.3,3.34,,0.96,23.66,,2.24,-24.16,2.99,,80.56,12.51,11.36,11.65
300193.SZ,佳士科技,19.82,22.63,2.1,7.74,7.83,5.69,5.15,71.71,30.52,19.11,17.46,4.7,0.72,23.32,4.81,2.92,2.53
688680.SH,海优新材,-11.41,-9.45,2.17,-12.3,-12.11,-5.18,,-7.19,-0.21,-12.11,-157.39,57.45,,47.82,扣非亏损,扣非亏损,亏损
601811.SH,新华文轩,14.84,11.25,1.27,6.87,6.58,4.13,4.25,32.75,35.73,11.07,-3.91,9.73,4.38,39.67,1.16,1.64,2.26
300897.SZ,山科智能,28.13,27.45,2.42,5.86,6.47,5.43,1.17,71.86,42.88,13.06,1.44,19.94,0.09,20.36,1.38,4.68,4.35
688002.SH,睿创微纳,36.77,44.39,4.78,8.84,9.76,5.09,0.27,10.82,51.13,12.25,28.3,32.38,2.63,38.26,1.37,5.02,3.77
688046.SH,药康生物,46.24,62.21,2.85,3.38,4.61,3.64,0.79,16.05,63.65,19.27,-12.06,33.99,,16.19,1.83,18.4,10.03
603871.SH,嘉友国际,13.38,14.31,3.46,20.54,20.54,17.44,3.15,38.49,21.74,16.74,44.73,29.19,4.7,30.04,0.49,0.7,0.65
601009.SH,南京银行,4.97,5.63,0.72,9.45,11.31,,7.27,32.0,,43.5,11.35,9.66,0.12,92.83,0.58,0.6,0.44
600336.SH,澳柯玛,1729.92,-100.56,2.61,-0.87,0.11,0.56,0.5,31.89,13.58,0.08,-136.16,10.12,,65.51,扣非亏损,扣非亏损,15726.53
688628.SH,优利德,22.74,26.72,3.73,11.94,12.55,10.82,2.28,32.1,44.82,17.41,16.18,5.13,,22.26,5.21,2.24,1.81
002481.SZ,双塔食品,79.09,43.16,2.53,2.26,2.42,1.53,0.68,45.79,17.19,3.58,645.43,6.77,,43.94,6.37,19.09,32.68
002171.SZ,楚江新材,488.58,36.7,1.74,-0.27,0.25,1.11,2.01,53.74,2.46,0.14,-125.5,28.45,17.68,64.8,1.29,转盈,1954.34
000913.SZ,钱江摩托,15.82,19.57,2.16,9.81,10.15,4.16,3.21,57.31,27.05,9.42,32.29,13.54,,55.48,1.45,2.0,1.56
605376.SH,博迁新材,68.68,201.26,5.08,4.44,5.25,4.84,0.64,153.38,21.04,11.7,981.47,10.67,,15.22,18.87,45.35,13.08
600795.SH,国电电力,7.04,20.52,1.5,8.77,17.26,4.7,2.88,23.9,14.78,10.82,-12.49,7.97,0.67,72.73,2.57,2.34,0.41
600821.SH,金开新能,11.84,15.75,1.25,7.67,8.18,4.45,2.86,40.38,56.35,28.01,2.24,35.37,15.68,73.33,0.45,2.05,1.45
002552.SZ,宝鼎科技,35.42,-47.44,3.36,2.71,7.11,3.61,,56.48,14.1,5.73,157.12,119.01,3.85,57.22,扣非亏损,扣非转亏,4.98
603048.SH,浙江黎明,43.79,47.1,1.7,2.47,2.83,2.32,1.88,39.5,34.17,7.93,38.14,4.34,,18.76,10.86,19.1,15.47
601872.SH,招商轮船,12.45,12.98,1.5,8.86,8.93,7.54,4.05,32.62,26.48,17.85,-9.11,7.26,0.11,42.22,1.79,1.46,1.39
601801.SH,皖新传媒,13.74,24.88,1.28,6.62,6.87,4.66,4.39,33.84,24.15,9.89,-16.77,8.68,0.2,42.33,2.87,3.76,2.0
300677.SZ,英科医疗,20.11,34.69,1.11,3.67,4.2,2.45,0.34,5.46,22.43,9.86,284.21,-12.43,,49.81,-2.79,9.45,4.79
688115.SH,思林杰,467.79,193.08,2.43,-0.0,0.39,-0.23,0.37,249.49,57.9,4.27,99.85,-1.25,,4.41,-153.86,-120676.68,1199.47
600223.SH,福瑞达,32.61,40.88,1.82,3.72,4.14,3.29,1.04,39.94,51.85,7.48,40.09,-23.03,3.23,22.03,-1.78,10.97,7.88
688193.SH,仁度生物,287.14,1869.67,1.93,-0.34,0.48,-0.11,0.44,89.38,80.39,3.58,78.02,-8.32,,7.76,-224.6,转盈,598.21
002533.SZ,金杯电工,12.9,13.89,1.82,9.6,10.8,5.87,4.95,52.77,10.52,3.76,11.75,27.77,,57.03,0.5,1.45,1.19
600693.SH,东百集团,27.33,37.42,0.88,2.22,2.42,2.8,1.0,62.24,57.78,11.27,-19.95,1.64,0.1,70.08,22.77,16.85,11.29
688719.SH,爱科赛博,71.04,52.46,1.89,1.44,1.94,0.84,0.8,9.86,41.12,5.92,-70.45,27.03,,24.83,1.94,36.4,36.62
688151.SH,华强科技,165.04,-75.47,1.45,-0.94,0.66,0.28,0.04,20.04,17.27,8.07,-12.74,-0.59,,16.03,扣非亏损,扣非亏损,250.06
603121.SH,华培动力,31.36,41.99,2.3,5.31,5.64,3.94,,99.42,27.4,6.39,56.14,27.28,20.14,40.03,1.54,7.91,5.56
688087.SH,英科再生,21.48,25.07,2.27,7.93,8.26,4.58,0.62,4.83,25.65,8.72,20.81,13.29,,55.34,1.89,3.16,2.6
601799.SH,星宇股份,31.52,31.47,4.22,9.85,10.4,7.12,0.92,9.55,20.02,10.59,38.77,12.18,,39.32,2.58,3.19,3.03
601952.SH,苏垦农发,23.81,21.78,2.2,6.17,6.85,4.62,2.93,28.03,13.88,6.36,-8.85,10.3,1.33,51.03,2.11,3.53,3.48
600050.SH,中国联通,14.56,21.41,0.97,4.22,4.99,3.49,3.01,49.68,26.02,6.54,1.0,7.05,,44.99,3.04,5.07,2.92
600389.SH,江山股份,29.19,34.68,1.77,4.47,4.63,2.72,,50.43,13.6,4.08,-35.26,5.43,2.71,48.0,6.39,7.75,6.31
603193.SH,润本股份,30.14,35.25,5.14,12.91,12.91,12.88,0.94,40.45,58.33,25.15,44.45,33.86,,7.99,1.04,2.73,2.33
688766.SH,普冉股份,32.63,35.76,4.53,11.13,10.98,9.75,,14.72,33.36,16.45,305.13,19.82,,13.4,1.8,3.21,2.97
002390.SZ,信邦制药,31.29,37.58,1.09,2.57,2.58,3.06,1.35,49.52,18.42,5.1,-29.08,3.53,8.51,20.23,10.66,14.62,12.13
001203.SZ,大中矿业,16.89,15.41,2.36,10.4,10.67,6.8,,32.15,50.71,22.32,-16.26,25.09,0.07,56.48,0.61,1.48,1.58
603655.SH,朗博科技,93.38,100.21,4.45,3.09,3.5,3.73,0.34,43.63,34.62,11.74,105.48,5.85,,6.08,17.13,32.46,26.68
002212.SZ,天融信,-39.04,-26.06,0.95,-1.98,-1.81,-2.74,,-10.18,63.96,-10.71,29.95,-15.78,44.79,13.82,扣非亏损,扣非亏损,亏损
000951.SZ,中国重汽,15.62,15.43,1.32,5.8,6.27,3.39,3.46,55.0,7.72,3.72,34.07,-3.02,,60.69,-5.11,2.66,2.49
002951.SZ,*ST金时,-48.95,-66.15,1.63,-1.8,-2.25,-2.85,,-482.45,18.68,-86.51,11.2,-57.8,1.72,21.09,扣非亏损,扣非亏损,亏损
601866.SH,中远海发,19.76,27.92,1.2,3.79,4.61,3.53,1.37,28.74,18.09,6.99,6.93,4.66,,75.14,5.99,7.37,4.29
688535.SH,华海诚科,160.87,191.86,7.27,3.27,3.34,3.17,0.32,32.42,27.47,14.55,52.85,6.94,,17.67,27.63,58.62,48.16
603876.SH,鼎胜新材,32.67,36.92,1.5,3.06,3.37,1.32,1.52,19.37,9.04,1.28,-51.68,17.79,1.58,74.09,2.08,12.05,9.69
600379.SH,宝光股份,37.84,44.21,4.71,9.0,9.56,4.65,0.65,30.19,18.17,6.07,22.34,14.48,,54.52,3.05,4.91,3.96
603103.SH,横店影视,369.04,-49.93,6.3,-5.41,1.29,2.01,,86.06,7.38,1.08,-142.39,59.41,,69.33,扣非亏损,扣非亏损,286.08
301308.SZ,江波龙,52.21,75.77,5.87,7.87,8.78,6.24,,17.51,21.54,4.23,155.38,13.66,12.35,58.45,5.55,9.63,5.95
600681.SH,百川能源,21.37,21.63,1.39,4.13,4.72,3.93,7.12,95.85,12.75,5.32,-26.81,6.75,36.51,52.26,3.21,5.24,4.53
600312.SH,平高电气,22.05,22.75,2.42,8.3,8.32,4.91,1.67,35.09,24.27,11.69,54.91,4.75,0.49,49.35,4.79,2.74,2.65
601688.SH,华泰证券,10.5,18.57,1.1,3.47,7.59,,3.08,25.5,,40.54,-35.29,6.41,0.03,78.07,2.89,5.36,1.38
600917.SH,重庆燃气,29.89,27.15,1.91,4.7,4.85,3.24,1.52,15.9,9.3,3.83,8.06,14.4,1.22,44.59,1.89,5.77,6.16
002925.SZ,盈趣科技,48.1,44.72,2.34,2.96,3.5,2.84,2.36,72.23,27.74,7.27,-49.26,-5.61,5.92,28.52,-7.97,15.13,13.74
300294.SZ,博雅生物,29.51,137.67,2.14,4.51,5.55,5.72,0.89,25.53,66.67,33.12,-6.96,1.89,0.96,7.06,72.66,30.51,5.32
601059.SH,信达证券,45.43,43.06,2.92,4.58,4.85,,0.26,19.54,,38.33,-19.08,4.0,0.0,75.41,10.78,9.39,9.37
688161.SH,威高骨科,57.04,82.8,3.19,4.09,4.2,3.69,0.29,29.86,64.67,15.55,37.0,-8.0,0.88,21.8,-10.36,20.23,13.58
688409.SH,富创精密,83.43,94.27,4.62,3.82,4.18,2.94,0.64,49.95,28.78,7.12,370.96,64.05,,41.29,1.47,24.66,19.96
601375.SH,中原证券,104.78,158.22,1.63,1.02,1.17,,0.37,13.84,,10.93,-26.61,-3.46,0.05,72.52,-45.77,154.41,89.56
601156.SH,东航物流,9.7,9.73,1.53,11.76,12.54,10.9,,48.35,19.19,13.32,26.78,13.52,,33.32,0.72,0.83,0.77
688247.SH,宣泰医药,45.18,58.32,4.51,6.95,7.58,7.06,0.37,20.73,51.24,25.53,130.45,-0.52,1.49,13.46,-112.76,8.39,5.96
601179.SH,中国西电,41.53,44.72,1.99,3.59,3.61,2.43,1.34,39.66,20.48,6.52,74.49,9.69,0.09,45.78,4.62,12.45,11.51
002273.SZ,水晶光电,28.45,33.08,3.7,9.52,9.92,8.13,2.22,32.24,31.57,18.67,127.36,16.35,0.78,19.97,2.02,3.47,2.87
603607.SH,京华激光,32.89,33.44,3.05,6.29,6.83,4.42,1.62,86.62,28.31,11.35,28.42,3.69,9.81,35.65,9.06,5.31,4.82
688131.SH,皓元医药,49.84,71.81,3.52,4.97,5.49,4.11,0.29,11.98,47.58,8.7,21.04,43.72,11.07,41.89,1.64,14.45,9.08
688698.SH,伟创电气,27.37,32.38,3.68,10.24,10.45,7.23,0.77,22.26,40.53,17.66,36.4,32.59,0.07,27.33,0.99,3.16,2.62
600406.SH,国电南瑞,35.34,29.23,4.58,9.29,9.47,6.14,2.42,39.91,29.26,14.66,6.02,10.23,0.0,41.22,2.86,3.14,3.73
688606.SH,奥泰生物,20.98,27.0,1.42,4.0,5.12,5.1,2.19,93.91,55.76,31.96,59.78,22.71,,6.74,1.19,6.74,4.1
600332.SH,白云山,11.44,15.79,1.33,8.03,8.81,5.08,2.62,25.51,17.7,5.57,-16.95,7.05,2.18,51.99,2.24,1.97,1.3
601006.SH,大秦铁路,10.58,12.93,0.79,5.85,5.77,5.97,5.3,40.24,19.75,17.24,-23.07,3.84,,18.65,3.37,2.21,1.83
832876.BJ,慧为智能,237.86,-1374.81,6.34,1.18,2.03,0.53,,87.96,15.4,1.55,-43.68,15.35,,31.53,扣非亏损,扣非转亏,117.17
600369.SH,西南证券,52.21,63.93,1.31,1.92,1.89,,0.86,19.53,,27.31,-13.94,-4.76,,69.36,-13.43,33.3,27.62
000400.SZ,许继电气,25.84,30.39,2.72,7.84,8.02,4.75,1.35,30.18,21.94,10.67,20.23,15.02,,47.18,2.02,3.88,3.22
002673.SZ,西部证券,45.45,44.05,1.56,2.55,2.59,,1.41,6.84,,16.88,-17.72,12.91,0.02,70.5,3.41,17.3,17.55
002553.SZ,南方精工,70.41,44.0,3.66,7.44,3.91,2.56,0.82,-4967.17,33.81,6.8,16.01,13.59,0.47,17.19,3.24,11.83,36.02
300965.SZ,*ST恒宇,77.77,-12.3,1.63,0.91,1.58,1.31,,19.92,41.42,16.19,526.53,-52.97,,14.69,扣非亏损,扣非转亏,49.22
603039.SH,泛微网络,103.86,52.94,5.82,3.13,4.19,1.59,0.32,40.79,93.08,6.22,596.84,18.05,,43.93,2.93,16.89,24.79
301256.SZ,华融化学,48.38,69.99,2.44,2.1,3.73,3.28,2.43,54.52,17.06,7.77,-53.96,12.53,,36.82,5.59,33.33,12.97
688585.SH,上纬新材,33.76,44.01,2.34,4.85,5.27,4.29,0.25,35.3,15.27,5.89,-0.39,-9.5,,33.14,-4.63,9.08,6.41
002748.SZ,ST世龙,52.49,39.14,1.23,2.14,1.73,1.59,,466.11,12.59,1.63,249.64,12.74,,41.25,3.07,18.3,30.34
002931.SZ,锋龙股份,1791.62,-268.8,4.01,0.08,0.15,0.24,,3099.29,19.06,0.35,101.86,-4.43,1.17,31.46,扣非亏损,扣非转亏,11944.15
603277.SH,银都股份,16.59,19.05,3.61,15.85,16.28,13.06,3.73,61.27,46.14,22.9,15.16,20.07,,32.37,0.95,1.2,1.02
301230.SZ,泓博医药,185.29,-496.24,3.6,0.57,1.38,0.62,0.92,86.09,23.76,3.89,-85.6,22.5,,23.09,扣非亏损,扣非转亏,134.27
603668.SH,天马科技,68.11,-151.7,2.79,3.09,3.09,2.44,0.05,35.84,11.34,1.97,290.61,26.02,4.34,69.74,扣非亏损,扣非转亏,22.04
600835.SH,上海机电,18.98,22.64,1.36,5.09,5.36,2.47,3.71,38.9,15.76,6.89,-10.61,-1.43,0.03,56.33,-15.86,4.45,3.54
002050.SZ,三花智控,32.72,34.14,5.45,12.37,12.61,8.29,1.02,24.64,27.7,11.28,1.14,26.86,0.03,45.8,1.27,2.76,2.6
002226.SZ,江南化工,14.89,18.79,1.6,7.53,8.3,7.36,1.37,6.34,31.77,14.05,0.04,29.27,7.86,40.14,0.64,2.49,1.79
002422.SZ,科伦药业,16.15,18.4,2.36,11.59,11.32,10.05,2.75,22.98,52.51,17.4,27.32,9.03,0.38,31.68,2.04,1.59,1.43
603270.SH,金帝股份,38.0,53.38,1.96,3.35,3.88,2.83,0.65,19.17,29.1,8.9,-29.22,11.79,,30.99,4.53,15.95,9.79
000563.SZ,陕国投A,17.69,18.9,1.25,5.32,5.37,5.0,2.3,7.45,,46.34,15.94,12.25,,30.24,1.54,3.55,3.29
603699.SH,纽威股份,16.44,19.49,4.61,21.27,21.17,12.43,3.75,59.24,36.72,18.74,29.66,16.04,,50.08,1.22,0.92,0.78
603233.SH,大参林,17.22,23.76,2.95,12.45,12.09,5.32,1.24,53.37,34.67,4.63,-26.31,19.05,43.76,68.6,1.25,1.91,1.42
002595.SZ,豪迈科技,18.53,19.73,3.65,14.81,15.38,15.45,2.1,31.19,34.94,22.29,18.33,10.64,,14.97,1.85,1.33,1.21
000498.SZ,山东路桥,5.29,5.0,0.73,5.68,7.71,1.9,3.19,3.05,12.3,4.2,2.77,27.79,0.83,77.25,0.18,0.88,0.69
002128.SZ,电投能源,8.01,9.15,1.38,13.22,13.53,12.05,4.77,3.81,36.45,22.99,22.96,10.53,0.49,28.25,0.87,0.69,0.59
600248.SH,陕建股份,4.54,5.02,0.74,9.74,12.73,1.56,3.73,11.9,10.73,3.3,-8.73,11.04,0.06,88.12,0.45,0.52,0.36
601898.SH,中煤能源,8.49,9.61,1.11,9.83,9.95,7.44,4.56,29.94,25.18,13.54,-12.94,14.47,0.0,47.08,0.66,0.98,0.85
605009.SH,豪悦护理,16.32,15.22,2.01,8.98,8.64,6.63,4.45,67.14,28.32,14.43,-0.81,2.41,,30.96,6.32,1.69,1.89
603310.SH,巍华新材,28.32,,1.72,5.55,6.85,5.09,,78.22,32.91,23.35,,-16.34,,7.65,,,4.13
601225.SH,陕西煤业,10.56,10.19,2.37,17.75,16.92,15.45,6.29,10.01,34.76,21.03,-13.94,24.04,,34.29,0.42,0.57,0.62
688692.SH,达梦数据,137.3,98.43,10.37,7.08,8.62,6.05,,81.02,86.32,27.15,45.88,15.44,,12.61,6.37,13.9,15.93
688097.SH,博众精工,34.43,36.07,2.7,4.65,5.92,3.78,0.39,39.18,34.78,7.6,-2.21,24.56,,51.89,1.47,7.75,5.82
600436.SH,片仔癀,42.32,48.46,10.81,19.82,18.92,18.17,0.96,40.3,45.44,32.16,11.25,15.76,,18.82,3.07,2.44,2.24
000561.SZ,烽火电子,-75.96,-310.22,3.24,-3.79,-3.15,-1.44,,-12.17,35.35,-9.68,-165.25,2.23,,52.16,扣非亏损,扣非亏损,亏损
002324.SZ,普利特,36.55,40.71,2.32,4.4,4.79,2.41,0.38,15.28,13.93,3.28,-48.77,25.71,8.72,59.05,1.58,9.25,7.63
600858.SH,银座股份,16.47,52.84,0.95,2.42,4.41,3.46,,13.73,38.97,2.44,-22.81,0.87,8.11,77.08,60.5,21.8,3.73
600477.SH,杭萧钢构,26.14,34.37,1.37,3.61,4.02,2.04,1.52,51.65,16.93,3.55,-18.22,10.11,,65.26,3.4,9.52,6.5
600236.SH,桂冠电力,17.21,22.52,2.92,10.98,12.6,6.98,3.61,46.61,49.17,33.98,87.3,-2.13,1.21,50.19,-10.57,2.05,1.37
002560.SZ,通达股份,36.91,93.1,1.34,2.49,2.76,2.68,,142.43,8.24,1.82,-37.65,52.34,6.8,44.46,1.78,37.33,13.37
600202.SH,哈空调,972.6,-1745.58,2.24,-1.48,0.17,1.06,,43.06,12.67,0.26,-168.37,17.1,0.1,71.51,扣非亏损,扣非亏损,5721.19
605369.SH,拱东医疗,27.68,31.59,3.13,8.43,8.37,7.44,1.43,49.21,33.35,16.91,70.42,11.11,11.69,15.66,2.84,3.74,3.31
601096.SH,宏盛华源,54.96,72.51,3.01,3.33,4.15,2.54,0.25,30.18,9.11,2.36,104.69,14.22,,54.4,5.1,21.78,13.24
300512.SZ,中亚股份,61.63,656.45,1.92,1.75,2.31,1.55,1.19,12.16,26.88,4.27,-44.5,19.22,2.77,38.27,34.16,374.88,26.68
002867.SZ,周大生,11.68,12.67,2.15,13.3,13.08,13.94,6.26,54.14,20.58,7.89,-20.55,49.34,,24.91,0.26,0.95,0.89
600679.SH,上海凤凰,91.29,110.56,2.73,2.18,2.3,1.81,,30.45,14.24,2.81,109.51,11.95,16.29,33.84,9.25,50.75,39.74
300288.SZ,朗玛信息,98.96,112.02,3.31,2.5,2.51,2.52,0.27,14.05,36.56,14.61,-38.97,7.0,34.52,12.83,16.0,44.85,39.43
605123.SH,派克新材,22.98,25.34,1.73,5.39,5.68,3.72,1.4,38.15,20.61,9.95,-36.34,53.07,,37.58,0.48,4.7,4.05
002984.SZ,森麒麟,11.62,12.95,2.14,13.97,13.83,11.36,1.42,20.07,35.45,27.22,79.43,18.73,,23.73,0.69,0.93,0.84
600894.SH,广日股份,14.53,13.68,1.22,6.1,5.87,3.13,7.35,277.98,14.99,10.73,9.65,3.38,1.87,38.96,4.04,2.24,2.48
688056.SH,莱伯泰科,45.96,79.65,2.66,3.45,4.21,3.73,2.39,33.5,44.87,11.28,14.89,6.41,1.93,11.57,12.42,23.12,10.92
603757.SH,大元泵业,13.4,18.65,2.26,9.21,11.54,7.9,4.95,58.82,30.31,14.67,-37.9,10.02,,42.0,1.86,2.03,1.16
601199.SH,江南水务,15.13,16.46,1.41,7.28,7.03,4.97,2.1,11.02,37.55,26.48,14.32,12.76,,38.25,1.29,2.26,2.15
603998.SH,方盛制药,17.61,30.66,3.36,10.67,14.94,8.06,2.65,16.04,72.86,16.87,33.87,9.26,16.03,47.92,3.31,2.87,1.18
601211.SH,国泰君安,14.32,18.5,1.2,5.42,5.97,,2.69,26.63,,34.18,13.98,2.12,2.35,81.44,8.71,3.41,2.4
603040.SH,新坐标,14.99,17.44,2.42,11.39,12.39,11.96,2.1,24.49,52.45,33.85,15.22,15.85,0.08,12.78,1.1,1.53,1.21
300993.SZ,玉马遮阳,18.75,18.99,2.33,9.0,9.11,9.28,1.64,35.01,40.61,23.26,7.49,20.5,,8.69,0.93,2.11,2.06
688375.SH,国博电子,85.93,76.5,5.84,4.98,4.98,3.6,0.79,124.29,36.39,16.9,-27.25,18.14,,25.29,4.22,15.35,17.25
603128.SH,华贸物流,12.91,17.28,1.34,7.86,7.91,6.69,4.47,50.11,10.88,3.39,-11.72,10.22,22.29,41.7,1.69,2.2,1.63
300737.SZ,科顺股份,38.98,-15.18,1.34,0.08,2.51,1.5,,94.59,23.04,2.33,-50.23,8.95,0.47,65.53,扣非亏损,扣非转亏,15.53
000905.SZ,厦门港务,19.84,45.5,1.01,1.46,3.85,3.33,1.39,30.49,2.6,1.31,-20.91,15.85,0.37,53.46,2.87,31.17,5.15
000937.SZ,冀中能源,13.42,11.65,1.0,5.46,5.59,4.74,8.4,70.56,35.89,10.66,-50.11,11.47,0.38,52.48,1.02,2.13,2.4
300320.SZ,海达股份,48.25,47.69,3.28,5.12,5.21,4.31,0.32,14.0,18.1,5.18,29.37,6.57,7.08,36.2,7.26,9.32,9.26
002009.SZ,天奇股份,-72.16,-22.8,2.64,-5.19,-2.76,0.15,,-10.25,13.37,-2.73,69.75,1.15,16.99,64.27,扣非亏损,扣非亏损,亏损
603630.SH,拉芳家化,39.51,56.52,1.48,2.6,2.79,2.23,1.5,29.96,47.39,8.12,-27.4,-3.53,,11.54,-16.0,21.72,14.16
002734.SZ,利民股份,41.86,42.05,1.15,1.24,1.88,2.21,2.51,166.75,18.13,1.76,198.44,-0.65,1.24,60.02,-64.8,33.81,22.27
600315.SH,上海家化,55.44,88.15,1.56,1.56,2.1,1.84,1.09,8.47,59.41,3.63,-59.74,-1.83,27.97,31.15,-48.16,56.64,26.4
601318.SH,中国平安,6.53,9.41,1.14,12.39,13.1,,6.03,22.57,,18.06,27.33,-1.74,3.45,89.79,-5.4,0.76,0.5
603768.SH,常青股份,39.28,42.46,1.5,2.67,3.47,2.25,,69.29,16.05,2.87,-26.51,12.94,,57.02,3.28,15.91,11.32
300861.SZ,美畅股份,33.22,28.31,1.89,3.75,4.3,4.59,0.45,17.41,24.57,15.39,-81.72,58.21,0.12,9.81,0.49,7.56,7.73
301300.SZ,远翔新材,40.99,48.4,2.28,4.0,4.1,3.24,1.26,95.77,21.11,9.6,20.08,8.01,,18.51,6.05,12.1,10.0
872541.BJ,铁大科技,51.27,38.91,4.21,5.34,6.37,4.5,3.24,70.66,47.21,15.46,39.27,14.49,,28.64,2.69,7.29,8.05
001336.SZ,楚环科技,55.75,49.5,2.06,2.3,2.78,2.0,0.35,12.8,34.57,7.95,5.24,7.88,,36.53,6.28,21.55,20.05
601238.SH,广汽集团,603.27,-41.61,0.85,-1.63,0.1,-0.27,1.71,20.72,6.13,-0.67,-146.49,27.6,0.05,45.28,扣非亏损,扣非亏损,6032.74
002353.SZ,杰瑞股份,18.05,17.07,1.91,7.08,8.09,5.94,1.74,11.29,35.02,20.49,-8.66,19.25,0.42,39.95,0.89,2.41,2.23
301505.SZ,苏州规划,105.49,39.36,2.39,1.25,1.67,1.14,2.2,23.97,37.08,8.69,-46.73,3.78,1.1,25.26,10.41,31.51,63.17
301168.SZ,通灵股份,41.11,49.4,1.82,2.84,3.35,2.83,0.36,15.76,17.14,7.19,-54.53,22.63,0.09,36.16,2.18,17.4,12.27
688318.SH,财富趋势,171.84,138.9,9.51,3.18,4.11,3.93,0.63,20.05,82.04,68.49,-33.09,17.72,,6.01,7.84,43.7,41.81
300658.SZ,延江股份,43.28,139.8,1.4,1.99,2.42,2.52,0.52,47.15,18.04,3.44,12.3,-6.96,0.38,48.56,-20.07,70.4,17.88
300470.SZ,中密控股,21.68,22.74,3.07,9.91,10.32,9.97,2.65,58.63,47.61,23.78,13.6,14.17,6.22,19.92,1.61,2.29,2.1
600895.SH,张江高科,78.89,76.64,4.28,4.03,4.03,1.96,0.98,30.24,58.55,29.85,-33.28,55.43,,70.35,1.38,19.01,19.58
000338.SZ,潍柴动力,10.92,12.05,1.42,9.3,10.14,3.82,3.8,54.93,21.86,6.39,36.73,1.62,20.38,64.73,7.43,1.3,1.08
002075.SZ,沙钢股份,125.69,-724.66,2.76,-0.13,1.58,0.48,1.31,52.72,4.66,1.0,-121.88,3.65,,63.49,扣非亏损,扣非亏损,79.55
600938.SH,中国海油,7.98,8.53,1.73,16.73,16.43,14.95,5.44,40.36,54.45,35.79,21.07,42.88,2.07,33.24,0.2,0.51,0.49
301036.SZ,双乐股份,40.82,45.19,3.23,5.62,6.03,5.95,1.35,44.93,16.82,8.31,369.89,2.19,,10.42,20.65,8.04,6.77
603817.SH,海峡环保,13.62,19.56,1.14,5.78,6.21,4.21,0.86,20.22,41.83,18.58,20.38,13.24,,55.93,1.48,3.38,2.19
600837.SH,海通证券,-180.97,-36.15,0.99,-0.6,-0.41,,1.07,40.88,,-1.64,-126.12,-12.81,2.04,75.55,扣非亏损,扣非亏损,亏损
002363.SZ,隆基机械,61.65,90.19,1.43,1.53,1.72,0.85,0.98,72.89,9.48,1.97,8.55,12.23,0.32,34.78,7.38,59.07,35.84
002833.SZ,弘亚数控,12.32,13.99,2.7,15.44,16.04,12.83,6.76,42.23,32.59,21.21,-6.85,18.72,,27.33,0.75,0.91,0.77
688317.SH,之江生物,-211.03,-18.34,0.97,-0.51,-0.34,-1.95,,80.3,72.4,-9.46,-177.13,-24.87,0.14,4.14,扣非亏损,扣非亏损,亏损
600039.SH,四川路桥,10.57,11.22,1.48,10.38,10.24,3.33,6.9,10.09,15.76,6.8,-39.12,16.21,,79.55,0.69,1.08,1.03
688679.SH,通源环境,147.9,154.95,1.19,0.41,0.61,0.61,0.57,49.85,18.06,0.74,-81.25,20.73,,60.41,7.47,376.27,242.45
300855.SZ,图南股份,30.87,32.74,5.38,13.58,13.53,12.47,0.99,20.67,35.83,23.91,2.94,36.59,,20.85,0.89,2.41,2.28
002818.SZ,富森美,13.75,13.68,1.77,9.31,9.22,9.09,8.67,88.1,68.14,51.86,-10.01,5.01,,18.7,2.73,1.47,1.49
002932.SZ,明德生物,42.68,-22.03,0.78,-0.66,1.35,1.0,0.52,10.27,51.79,27.64,-185.76,124.76,,10.54,扣非亏损,扣非亏损,31.62
300394.SZ,天孚通信,54.67,56.92,18.39,26.94,27.39,25.2,1.09,42.34,58.21,40.83,126.15,32.04,0.76,16.9,1.78,2.11,2.0
601555.SH,东吴证券,17.27,20.11,1.04,4.56,4.55,,2.57,31.98,,21.77,5.87,15.56,0.79,77.08,1.29,4.41,3.8
600180.SH,瑞茂通,30.11,24.9,0.64,3.51,1.59,1.19,1.48,10.03,4.08,0.59,5.83,6.33,,77.33,3.94,7.09,18.94
300941.SZ,创识科技,144.13,74.0,4.31,2.11,2.23,2.14,0.58,21.24,43.43,20.21,-15.5,-23.8,,5.64,-3.11,35.13,64.63
600834.SH,申通地铁,67.45,95.64,2.73,2.52,3.05,3.35,0.63,31.01,25.13,13.54,-29.06,10.38,,29.18,9.21,37.94,22.11
600217.SH,中再资环,134.31,183.89,3.25,1.79,2.4,2.48,,31.68,12.94,2.35,10.63,2.42,1.02,57.96,75.99,102.69,55.96
831305.BJ,海希通讯,45.48,65.31,3.39,4.62,5.65,5.41,0.83,31.1,35.08,14.18,-3.39,-5.9,1.92,28.06,-11.06,14.14,8.05
300718.SZ,长盛轴承,25.66,26.29,3.58,10.21,10.67,9.56,2.17,43.29,34.82,20.8,-0.79,20.76,,14.65,1.27,2.58,2.4
603258.SH,电魂网络,57.31,797.83,2.56,2.29,3.29,2.01,0.91,95.18,68.85,18.1,-50.47,-12.57,9.93,16.99,-63.49,348.72,17.42
301077.SZ,星华新材,21.6,22.57,2.4,8.26,8.44,5.92,2.79,53.94,32.35,17.91,72.37,5.01,,34.3,4.51,2.73,2.56
301603.SZ,乔锋智能,28.32,,2.7,8.84,10.23,5.99,,84.44,29.9,12.6,,-6.1,0.01,37.24,,,2.77
688646.SH,逸飞激光,44.65,43.11,2.05,2.21,3.35,2.29,0.9,30.2,29.35,11.38,2.84,32.62,1.69,39.7,1.32,19.51,13.33
002090.SZ,金智科技,73.96,59.18,2.44,2.27,2.48,1.17,0.5,35.47,25.72,3.14,89.29,-4.26,2.1,49.99,-13.89,26.02,29.82
000731.SZ,四川美丰,16.64,21.92,1.01,3.82,4.48,4.46,2.3,33.59,17.93,7.15,-43.41,15.17,,26.37,1.45,5.73,3.71
002625.SZ,光启技术,145.9,158.31,11.88,6.02,5.95,4.91,,138.59,53.62,42.31,28.39,32.95,3.66,13.68,4.8,26.28,24.52
300573.SZ,兴齐眼药,43.32,47.61,10.27,17.46,16.03,16.04,2.19,51.51,78.38,20.2,63.31,29.42,,25.53,1.62,2.73,2.7
600352.SH,浙江龙盛,18.3,19.89,0.97,3.42,4.04,2.45,2.98,72.12,28.61,14.69,2.87,2.09,0.36,49.89,9.53,5.81,4.53
300261.SZ,雅本化学,-116.8,-38.25,3.91,-2.89,-2.49,-1.13,,-92.6,16.15,-5.93,-208.45,-12.03,13.97,41.77,扣非亏损,扣非亏损,亏损
601098.SH,中南传媒,17.57,17.49,1.48,6.04,6.23,5.18,5.41,23.21,44.12,11.04,-22.62,9.14,0.39,40.07,1.91,2.89,2.82
688507.SH,索辰科技,-71.33,356.53,2.44,-2.67,-2.51,-3.82,0.28,-8.52,42.63,-89.58,-77.51,25.89,1.47,3.67,13.77,扣非亏损,亏损
301209.SZ,联合化学,46.13,49.93,3.75,6.25,6.24,5.33,0.48,23.06,19.63,11.23,105.9,-1.98,,11.84,-25.17,7.99,7.39
688530.SH,欧莱新材,273.87,,4.27,1.02,1.5,1.37,,41.08,18.87,3.33,,21.5,,16.14,,,182.58
301448.SZ,开创电气,32.52,40.5,3.4,7.18,8.02,6.6,1.11,35.47,24.27,9.41,27.41,-3.23,,18.41,-12.52,5.64,4.05
603579.SH,荣泰健康,13.44,14.27,1.36,6.48,7.17,4.39,4.8,47.18,32.43,12.26,-5.54,-0.48,0.03,42.93,-29.89,2.2,1.87
603650.SH,彤程新材,39.81,56.37,7.07,10.41,12.87,6.94,1.77,47.59,25.44,18.66,8.18,12.77,12.68,56.82,4.41,5.41,3.09
002676.SZ,顺威股份,84.0,95.16,3.87,3.55,3.55,2.63,,17.64,17.93,2.21,60.04,9.94,11.79,63.57,9.58,26.78,23.66
603529.SH,爱玛科技,13.8,16.2,3.45,17.6,18.29,7.35,3.52,30.07,17.42,9.02,-0.03,18.51,0.08,63.03,0.87,0.92,0.75
603517.SH,绝味食品,21.74,27.71,1.9,6.25,6.31,7.28,1.86,61.45,30.56,8.43,15.73,11.63,0.12,25.01,2.38,4.43,3.44
002249.SZ,大洋电机,15.66,19.39,1.54,7.25,7.5,4.75,4.23,32.13,23.23,7.88,32.38,13.73,8.61,46.27,1.41,2.67,2.09
002927.SZ,泰永长征,39.43,80.64,2.74,4.87,5.03,3.52,0.86,30.18,29.5,8.33,-36.01,10.73,2.55,39.12,7.51,16.55,7.84
001332.SZ,锡装股份,13.66,16.09,1.62,8.82,9.04,6.71,1.52,43.85,31.84,17.73,95.31,14.49,,30.51,1.11,1.82,1.51
603062.SH,麦加芯彩,24.59,38.99,2.3,5.59,6.63,5.59,4.0,80.34,20.52,10.04,-19.24,-24.03,,31.81,-1.62,6.98,3.71
603013.SH,亚普股份,15.48,15.22,1.88,9.14,9.15,6.86,2.31,9.98,15.44,7.06,-6.77,-0.87,,36.44,-17.55,1.67,1.69
688092.SH,爱科科技,29.03,27.78,3.21,8.11,8.33,6.6,1.66,35.01,43.57,15.47,-1.75,21.9,0.93,21.66,1.27,3.42,3.49
603065.SH,宿迁联盛,230.02,282.56,1.78,0.14,0.57,0.27,0.73,46.5,12.74,1.11,-94.66,8.4,0.53,42.49,33.66,2032.84,403.55
600027.SH,华电国际,8.48,12.18,1.4,7.33,10.73,4.4,2.92,25.38,9.09,7.12,23.62,8.02,0.44,61.74,1.52,1.66,0.79
600794.SH,保税科技,18.51,20.82,1.76,6.53,7.1,6.43,2.08,34.08,45.58,28.34,-5.01,-8.65,0.53,26.7,-2.41,3.19,2.61
301550.SZ,斯菱股份,33.04,35.4,3.55,7.75,8.29,6.37,0.86,11.64,32.59,24.58,22.5,1.68,,18.72,21.1,4.57,3.99
688006.SH,杭可科技,27.54,31.77,2.61,6.54,7.21,3.67,1.79,24.66,29.96,14.07,-51.16,39.76,,45.16,0.8,4.86,3.82
688188.SH,柏楚电子,43.67,50.46,8.04,13.53,14.07,15.12,0.99,30.03,81.63,59.42,30.97,38.33,0.33,6.43,1.32,3.73,3.1
603939.SH,益丰药房,21.77,21.68,3.21,10.89,10.79,6.63,1.25,38.0,40.39,6.96,13.01,19.98,43.98,59.94,1.08,1.99,2.02
688516.SH,奥特维,11.16,11.62,4.03,28.36,28.53,9.83,2.2,35.16,33.14,17.95,39.36,76.64,1.37,68.35,0.15,0.41,0.39
603881.SH,数据港,75.37,97.2,3.3,2.93,3.32,3.11,0.41,20.36,26.65,8.87,10.5,18.46,4.62,55.61,5.26,33.13,22.7
688398.SH,赛特新材,30.33,30.54,2.57,5.22,5.62,4.67,1.27,15.41,31.31,9.75,-25.9,19.71,,42.38,1.55,5.85,5.4
301421.SZ,波长光电,181.96,195.26,6.31,2.27,2.54,2.11,0.48,28.13,35.11,11.08,-34.16,8.45,,12.1,23.1,85.84,71.64
300919.SZ,中伟股份,23.84,26.34,2.1,5.72,6.57,3.83,2.36,30.14,12.55,5.46,0.92,77.98,4.88,59.97,0.34,4.6,3.63
300622.SZ,博士眼镜,73.12,84.94,10.34,9.3,10.46,9.14,3.03,53.53,58.55,9.05,-21.98,21.95,1.52,37.67,3.87,9.13,6.99
601598.SH,中国外运,10.07,11.64,0.98,6.79,7.28,4.95,5.53,54.17,4.88,3.54,-7.13,9.22,5.01,49.84,1.26,1.71,1.38
603077.SH,和邦生物,64.04,41.06,1.01,1.12,1.16,1.15,,83.48,10.7,2.87,-78.26,28.6,9.49,25.39,1.44,36.55,55.21
300964.SZ,本川智能,119.17,978.54,3.38,1.25,2.1,1.53,0.76,48.85,18.84,4.94,449.44,6.32,0.22,23.44,154.95,783.15,56.75
301335.SZ,天元宠物,36.53,44.48,1.41,2.17,2.82,2.86,1.64,39.0,16.77,2.55,-14.49,12.52,,33.62,3.55,20.45,12.96
601218.SH,吉鑫科技,69.6,58.35,1.19,0.8,1.28,1.57,2.5,28.93,15.01,4.0,-73.68,-11.87,0.0,22.04,-4.92,72.82,54.37
601198.SH,东兴证券,32.58,31.83,1.48,3.64,3.44,,1.24,30.29,,11.77,51.16,-1.2,0.07,72.11,-26.51,8.74,9.47
300741.SZ,华宝股份,47.7,83.22,1.59,1.37,2.5,2.76,2.8,66.36,52.2,17.47,-56.65,-10.45,16.26,8.53,-7.96,60.72,19.08
000581.SZ,威孚高科,10.8,11.24,0.94,6.35,6.52,4.9,6.64,22.41,17.76,16.23,3.26,-4.54,0.6,27.07,-2.48,1.77,1.66
300384.SZ,三联虹普,15.72,16.1,2.07,10.13,9.98,8.04,3.01,52.27,43.02,28.31,26.61,13.36,9.22,27.21,1.21,1.59,1.58
605111.SH,新洁能,36.08,37.35,4.15,8.69,8.86,8.0,0.58,10.09,36.58,24.32,61.1,19.43,0.74,10.06,1.92,4.3,4.07
000925.SZ,众合科技,-42.8,-363.14,1.51,-2.97,-3.05,-0.51,,-11.33,30.08,-6.8,-113.63,-7.27,1.0,56.06,扣非亏损,扣非亏损,亏损
601619.SH,嘉泽新能,11.2,11.74,1.22,8.21,8.08,5.01,3.12,5.91,61.89,30.57,-16.5,32.8,,69.16,0.36,1.43,1.39
688190.SH,云路股份,31.62,32.51,4.54,10.67,11.15,9.94,1.19,21.56,30.78,18.94,16.35,35.98,,20.16,0.9,3.05,2.84
603678.SH,火炬电子,44.16,54.83,2.44,3.89,4.12,3.44,0.57,19.41,32.44,9.94,-23.93,1.03,2.3,24.53,53.01,14.09,10.72
000751.SZ,锌业股份,886.96,158.77,1.4,-0.25,0.12,1.75,,154.0,3.01,0.04,-127.22,24.85,,61.17,6.39,转盈,7391.33
002277.SZ,友阿股份,32.18,359.08,0.72,1.31,1.7,2.27,0.27,7.09,60.86,10.16,15.36,-15.11,,52.67,-23.76,273.48,18.93
000155.SZ,川能动力,27.02,27.27,2.23,7.0,7.35,3.72,,46.63,53.94,28.36,12.9,-1.48,0.02,50.23,-18.46,3.9,3.68
688686.SH,奥普特,47.92,82.88,2.87,4.18,4.53,3.98,0.47,14.02,64.23,17.99,-33.37,16.44,,7.99,5.04,19.84,10.58
688029.SH,南微医学,24.33,27.53,3.92,12.14,12.21,11.37,1.03,30.13,67.64,23.06,18.11,23.42,4.59,16.74,1.18,2.27,1.99
601133.SH,柏诚股份,29.33,28.78,2.2,5.49,5.62,3.87,1.59,31.79,10.1,4.13,4.08,28.6,,46.63,1.01,5.24,5.22
603588.SH,高能环境,11.56,25.93,0.9,4.92,5.86,3.74,1.53,120.91,13.95,5.66,-19.0,15.78,6.15,62.55,1.64,5.27,1.97
300192.SZ,科德教育,36.34,35.31,6.04,12.09,12.11,10.67,2.74,78.61,34.92,17.99,5.13,-3.08,12.39,30.66,-11.45,2.92,3.0
002034.SZ,旺能环境,9.73,10.76,1.0,7.91,7.72,5.18,3.28,23.69,39.01,20.51,3.09,27.09,,53.68,0.4,1.36,1.26
002831.SZ,裕同科技,16.56,15.5,2.19,10.13,9.89,5.96,3.44,60.7,25.19,9.32,9.0,9.5,4.99,48.5,1.63,1.53,1.67
603915.SH,国茂股份,26.66,25.53,2.06,4.92,5.81,4.64,1.21,54.06,22.89,10.95,-27.38,8.35,3.12,30.4,3.06,5.19,4.59
688556.SH,高测股份,29.02,17.52,2.08,3.96,4.95,2.81,3.72,76.19,22.98,5.98,-86.11,103.69,,49.22,0.17,4.43,5.86
002543.SZ,万和电气,12.32,11.87,1.59,11.16,9.52,5.62,4.48,41.47,32.78,8.67,4.71,0.07,,43.97,177.3,1.06,1.29
601901.SH,方正证券,28.81,39.01,1.61,4.18,4.24,,0.29,29.25,,35.29,3.87,-1.31,9.07,79.85,-29.67,9.33,6.79
301327.SZ,华宝新能,51.79,-276.78,1.8,1.61,2.62,2.13,,48.16,45.17,7.48,177.54,42.32,0.01,14.75,扣非亏损,扣非转亏,19.77
600529.SH,山东药玻,17.88,20.44,2.2,8.99,9.37,8.78,1.56,41.9,32.1,18.84,16.72,13.37,,21.96,1.53,2.27,1.91
002039.SZ,黔源电力,18.5,25.21,1.65,6.88,6.8,4.59,1.38,32.1,55.78,30.4,-2.65,-6.96,,56.09,-3.62,3.66,2.72
002293.SZ,罗莱生活,18.11,17.18,1.58,5.87,5.99,4.37,4.31,104.81,45.88,8.17,-37.97,3.19,3.28,36.38,5.38,2.93,3.02
688563.SH,航材股份,45.8,59.91,2.61,3.78,4.3,4.02,0.78,26.04,30.57,19.85,-24.13,19.98,,11.82,3.0,15.86,10.65
871753.BJ,天纺标,113.42,96.78,8.14,5.03,5.07,5.23,1.67,79.88,49.75,13.64,7.97,-0.2,,13.24,-490.78,19.26,22.37
301087.SZ,可孚医疗,24.68,36.75,1.75,4.54,5.02,4.38,3.17,65.97,51.38,11.2,12.59,7.49,7.66,26.65,4.9,8.1,4.92
300695.SZ,兆丰股份,24.79,19.55,1.19,3.3,3.58,2.58,,74.51,29.08,18.46,-24.31,26.35,,13.89,0.74,5.92,6.92
601369.SH,陕鼓动力,17.33,17.44,1.82,7.23,7.6,2.93,4.89,67.75,22.86,10.36,-7.25,8.86,0.63,64.78,1.97,2.41,2.28
688013.SH,天臣医疗,28.77,32.8,2.87,6.74,7.38,6.64,,137.37,58.2,21.16,47.77,16.24,,14.88,2.02,4.87,3.9
601236.SH,红塔证券,48.89,56.76,1.79,2.79,2.79,,0.79,49.35,,39.24,218.58,-7.8,,53.93,-7.28,20.31,17.52
605100.SH,华丰股份,32.02,24.22,1.23,2.66,2.8,2.05,2.51,73.01,14.11,7.2,-16.9,7.21,,24.67,3.36,9.12,11.44
601886.SH,江河集团,11.2,10.27,0.91,4.54,5.86,2.56,3.0,52.7,15.26,3.44,-16.63,6.03,4.66,70.55,1.7,2.26,1.91
688248.SH,南网科技,55.77,53.01,6.98,9.51,9.63,6.85,0.7,41.32,31.13,13.45,87.34,31.75,0.77,29.14,1.67,5.57,5.79
600480.SH,凌云股份,14.16,16.22,1.28,6.02,6.92,4.94,2.74,23.56,17.44,5.23,3.31,11.45,0.1,50.19,1.42,2.69,2.05
600079.SH,人福医药,17.16,19.76,2.04,8.71,9.02,7.93,1.85,22.04,46.76,11.01,1.21,5.95,4.51,43.72,3.32,2.27,1.9
600390.SH,五矿资本,22.55,24.08,0.86,2.33,2.08,1.33,4.51,19.04,0.11,106.13,-34.07,-14.04,3.27,62.0,-1.72,10.34,10.84
688200.SH,华峰测控,62.39,62.55,5.16,6.6,6.27,5.49,0.46,27.66,76.57,34.3,15.72,35.79,,6.54,1.75,9.48,9.95
000501.SZ,武商集团,40.8,96.99,0.61,0.75,1.12,1.34,0.59,49.34,47.31,2.42,-13.65,-1.51,,64.43,-64.24,128.96,36.42
300660.SZ,江苏雷利,31.35,38.65,2.98,7.07,7.15,4.39,1.85,37.19,28.76,10.61,-11.19,8.65,4.85,38.0,4.47,5.47,4.39
600219.SH,南山铝业,10.74,12.35,1.0,6.95,7.29,6.35,4.08,21.28,25.34,17.4,64.23,11.01,,18.92,1.12,1.78,1.47
600621.SH,华鑫股份,43.25,65.35,2.16,3.8,3.82,0.74,0.8,18.3,5.43,3141.92,46.28,-40.15,0.72,82.53,-1.63,17.18,11.32
002345.SZ,潮宏基,10.8,14.77,1.22,8.42,8.55,6.92,3.67,38.72,24.16,6.5,0.77,24.35,17.58,34.75,0.61,1.75,1.26
600085.SH,同仁堂,32.41,36.48,4.5,10.14,10.05,7.86,0.93,67.17,43.7,14.35,-4.17,11.77,0.22,34.35,3.1,3.6,3.22
688271.SH,联影医疗,128.38,88.36,5.98,2.44,3.52,2.53,0.18,10.34,49.41,9.47,-44.0,25.6,0.11,26.1,3.45,36.26,36.47
601919.SH,中远海控,4.55,5.81,1.04,18.18,17.82,10.39,7.72,49.2,30.76,24.81,73.13,18.97,2.32,44.53,0.31,0.32,0.26
603883.SH,老百姓,18.15,18.94,2.19,8.89,9.14,5.1,1.67,50.01,33.87,4.58,-5.94,17.38,77.74,64.41,1.09,2.13,1.99
603155.SH,新亚强,31.75,67.77,1.79,3.42,4.31,3.69,,115.99,21.14,17.77,-24.64,22.62,,9.76,3.0,19.8,7.37
603391.SH,力聚热能,20.96,15.16,2.02,4.74,10.54,5.78,,145.77,38.93,23.93,65.26,22.42,,38.55,0.68,3.2,1.99
002756.SZ,永兴材料,19.56,22.24,2.02,6.06,7.59,6.89,5.75,34.33,18.36,15.92,-73.15,46.47,0.58,8.51,0.48,3.67,2.58
600750.SH,江中药业,16.4,18.25,3.73,16.31,16.03,12.21,6.23,64.36,67.67,23.01,9.52,21.11,0.99,30.93,0.86,1.12,1.02
002223.SZ,鱼跃医疗,18.39,26.1,3.0,10.49,12.54,10.32,2.31,35.78,50.13,25.44,-23.74,5.92,8.74,18.26,4.41,2.49,1.47
688623.SH,双元科技,37.81,45.8,1.66,2.69,3.19,1.85,2.23,30.05,42.07,24.34,-43.94,38.66,,20.73,1.18,17.04,11.85
600535.SH,天士力,20.91,21.16,1.85,7.83,6.7,5.87,1.94,58.65,66.8,12.81,-6.78,-10.98,0.12,22.67,-1.93,2.7,3.12
301538.SZ,骏鼎达,32.18,,4.1,11.99,11.37,12.1,,13.94,43.55,19.59,,23.28,,14.38,,,2.83
300442.SZ,润泽科技,29.48,28.53,6.33,16.68,16.59,6.62,2.04,71.12,30.73,23.74,33.65,47.8,3.95,66.02,0.6,1.71,1.78
002823.SZ,凯中精密,35.3,38.37,2.76,6.39,7.04,5.04,0.63,32.34,17.08,4.98,123.84,16.6,1.15,45.65,2.31,6.01,5.01
001326.SZ,联域股份,21.4,26.69,2.21,7.0,7.55,4.96,1.45,65.19,22.6,8.22,-35.35,7.84,,37.04,3.4,3.81,2.84
688366.SH,昊海生科,36.71,41.69,2.95,5.68,5.93,4.91,0.92,39.69,70.42,15.23,5.53,25.92,7.02,16.73,1.61,7.34,6.19
301257.SZ,普蕊斯,26.56,28.27,2.24,5.63,6.47,5.91,0.37,21.71,24.52,12.17,-27.42,32.07,,17.37,0.88,5.02,4.11
300517.SZ,海波重科,85.18,499.55,1.94,0.47,1.65,1.65,,27.62,17.25,5.74,-4.97,-15.81,,30.24,-31.6,1063.1,51.62
000001.SZ,平安银行,4.23,4.8,0.53,8.26,9.1,,7.66,18.45,,35.61,0.45,2.69,1.54,91.46,1.78,0.58,0.46
603682.SH,锦和商管,43.66,-146.34,2.08,-0.24,3.34,3.08,3.83,447.68,27.41,3.2,-104.87,12.33,10.51,80.29,扣非亏损,扣非亏损,13.07
605499.SH,东鹏饮料,31.74,37.8,16.32,39.91,37.45,18.6,1.37,64.72,45.05,21.56,77.3,31.68,,64.73,1.19,0.95,0.85
603170.SH,宝立食品,25.32,29.78,4.45,11.88,12.64,12.43,2.22,55.3,31.8,10.15,-12.44,39.93,2.06,30.34,0.75,2.51,2.0
301213.SZ,观想科技,493.53,-603.4,4.54,0.32,0.69,-0.03,,264.99,50.45,7.4,23.12,-9.3,,12.79,扣非亏损,扣非转亏,715.26
603619.SH,中曼石油,11.47,12.68,2.65,19.51,22.57,10.67,3.35,45.98,47.73,22.5,-5.96,33.78,,61.99,0.38,0.65,0.51
688257.SH,新锐股份,17.47,22.0,1.45,5.31,6.27,5.27,1.6,10.94,31.72,11.5,4.53,28.6,6.89,38.85,0.77,4.15,2.79
873833.BJ,美心翼申,44.86,66.47,1.92,2.72,3.07,2.37,1.99,80.28,18.57,5.8,-38.56,-8.3,,16.93,-8.01,24.41,14.61
603214.SH,爱婴室,37.64,35.44,2.19,2.08,4.26,3.59,2.14,35.59,26.07,2.13,10.2,15.35,11.9,55.55,2.31,17.04,8.84
300870.SZ,欧陆通,29.9,41.68,3.2,7.25,8.14,4.0,0.77,35.4,21.28,5.89,133.94,11.57,,59.99,3.6,5.75,3.67
605377.SH,华旺科技,10.89,11.34,1.52,9.46,9.94,6.52,5.76,64.48,17.22,14.32,-1.27,38.32,,36.15,0.3,1.2,1.1
688789.SH,宏华数科,33.52,36.56,4.57,10.15,10.44,9.4,0.5,17.93,46.45,25.39,29.01,22.41,6.74,22.3,1.63,3.6,3.21
300417.SZ,南华仪器,72.14,-108.04,3.84,-2.92,3.98,3.5,,50.86,39.6,27.54,-95.1,-27.88,,5.39,扣非亏损,扣非亏损,18.13
688273.SH,麦澜德,20.87,30.39,2.04,6.66,7.07,6.94,1.8,53.91,72.35,30.41,22.81,0.76,3.8,11.05,40.16,4.56,2.95
002538.SZ,司尔特,16.52,24.34,1.02,4.26,4.67,4.55,1.99,62.46,20.1,7.98,121.92,2.59,5.84,15.99,9.41,5.71,3.54
600367.SH,红星发展,53.54,96.39,1.74,2.33,2.46,2.16,0.08,14.49,18.22,3.98,25785.63,16.23,,19.38,5.94,41.4,21.76
605286.SH,同力日升,16.11,17.66,2.43,11.63,11.65,10.56,1.27,16.42,25.12,15.02,69.24,12.43,11.73,41.8,1.42,1.52,1.38
300720.SZ,海川智能,76.59,93.68,6.5,5.81,6.19,5.57,1.29,78.76,51.27,20.88,22.96,2.54,,9.49,36.83,16.12,12.37
603167.SH,渤海轮渡,11.76,17.77,1.09,5.12,6.74,9.22,5.97,121.01,29.65,21.18,5.64,18.04,6.97,12.85,0.98,3.47,1.75
002270.SZ,华明装备,24.38,29.27,5.19,14.67,14.63,13.22,5.81,76.94,49.89,29.37,10.79,12.76,3.2,29.46,2.29,2.0,1.67
000655.SZ,金岭矿业,19.54,20.1,1.17,4.27,4.52,3.85,1.67,14.9,17.41,14.0,-19.7,2.76,,11.72,7.29,4.71,4.32
000878.SZ,云南铜业,13.4,17.73,1.84,10.2,10.61,6.61,2.75,5.67,3.42,1.65,-0.34,19.71,,64.78,0.9,1.74,1.26
300836.SZ,佰奥智能,143.62,-11759.65,6.69,3.54,3.43,2.29,,70.57,23.92,5.24,278.81,19.14,,40.43,扣非亏损,扣非转亏,41.87
301110.SZ,青木科技,40.59,45.85,2.82,4.44,5.05,5.23,1.49,55.2,51.08,8.49,240.77,15.37,0.37,10.35,2.98,10.32,8.04
300888.SZ,稳健医疗,26.13,73.26,1.71,4.12,4.78,3.65,1.34,60.64,48.14,9.66,-24.01,-7.51,12.54,32.29,-9.75,17.77,5.47
000920.SZ,沃顿科技,21.2,25.4,2.32,8.14,8.01,6.14,1.24,24.27,38.03,13.46,8.59,10.87,,27.49,2.34,3.12,2.65
688355.SH,明志科技,35.88,69.4,2.4,2.37,4.99,4.1,2.01,14.38,33.17,12.16,242.94,-3.52,,20.6,-19.73,29.33,7.19
002825.SZ,纳尔股份,18.84,20.98,1.8,6.96,7.25,3.89,1.41,10.57,17.34,7.64,46.31,8.07,,42.66,2.6,3.01,2.6
003009.SZ,中天火箭,308.02,96.88,4.5,0.96,1.06,0.56,0.13,15.17,18.82,2.67,-51.17,11.61,,47.06,8.35,101.4,290.59
000807.SZ,云铝股份,10.46,10.37,1.9,13.71,14.22,12.96,1.88,31.67,14.65,11.28,48.81,15.01,,24.99,0.69,0.76,0.74
300441.SZ,鲍斯股份,6.42,17.07,2.54,11.74,32.36,28.31,1.02,51.29,34.79,41.78,50.6,7.45,1.97,25.92,2.29,1.45,0.2
603787.SH,新日股份,23.11,42.53,1.61,3.98,5.27,2.14,1.2,23.04,15.56,2.91,-32.75,-5.75,,56.98,-7.39,10.7,4.39
300770.SZ,新媒股份,17.22,15.72,2.67,11.62,11.21,9.6,4.81,65.95,49.31,36.41,-12.32,7.82,,28.2,2.01,1.35,1.54
300525.SZ,博思软件,310.14,45.92,6.45,0.94,1.42,-0.15,1.21,-78.38,63.79,-0.95,148.58,22.29,12.37,31.62,2.06,97.45,436.82
300748.SZ,金力永磁,112.84,204.83,4.39,1.3,2.82,1.7,1.29,89.39,10.03,4.0,-79.63,45.91,,38.95,4.46,157.93,40.01
603551.SH,奥普科技,18.27,16.15,3.37,11.68,11.71,8.72,7.55,93.31,45.24,14.69,-10.67,8.91,,32.87,1.81,1.38,1.56
832000.BJ,安徽凤凰,35.26,41.8,4.16,8.72,9.11,7.96,1.07,19.03,26.83,15.05,39.92,10.88,,22.46,3.84,4.8,3.87
688028.SH,沃尔德,29.1,31.21,1.55,3.68,3.94,4.14,0.92,33.62,45.6,15.31,20.31,35.8,20.24,14.97,0.87,8.48,7.39
603577.SH,汇金通,19.91,69.41,1.47,4.82,5.66,3.7,,30.87,13.65,3.37,333.18,30.55,5.74,67.88,2.27,14.39,3.52
600918.SH,中泰证券,74.76,131.79,1.35,1.19,1.09,,0.44,17.37,,8.4,-57.42,11.6,1.77,78.98,11.36,110.51,68.59
300258.SZ,精锻科技,29.85,34.73,1.28,2.5,3.07,2.67,1.16,30.89,25.06,7.9,-43.87,20.56,,43.71,1.69,13.88,9.72
300346.SZ,南大光电,68.9,154.4,9.98,8.26,11.3,7.26,0.31,15.2,42.64,20.5,19.92,44.6,2.78,53.21,3.46,18.7,6.1
002252.SZ,上海莱士,20.91,29.29,1.64,5.72,6.03,6.44,0.38,19.79,40.64,29.12,-3.64,43.23,16.27,6.56,0.68,5.12,3.47
301329.SZ,信音电子,55.09,55.71,2.32,3.19,3.01,2.72,1.06,64.09,25.12,8.05,-25.25,-3.31,,13.9,-16.83,17.49,18.3
688336.SH,三生国健,49.35,56.09,3.02,4.35,4.67,3.59,0.22,15.72,75.38,23.71,44.46,17.84,0.01,14.74,3.14,12.89,10.57
300409.SZ,道氏技术,47.28,79.72,1.72,2.18,2.47,2.31,1.8,92.74,17.89,2.85,429.78,36.32,6.53,53.83,2.2,36.58,19.14
002409.SZ,雅克科技,33.27,39.97,4.58,10.7,8.42,6.82,0.65,29.31,32.88,15.07,56.23,30.08,20.64,37.69,1.33,3.74,3.95
300307.SZ,慈星股份,15.33,56.25,1.97,4.18,9.93,7.16,,27.72,31.57,18.37,54.58,22.97,0.01,36.05,2.45,13.44,1.54
601968.SH,宝钢包装,29.89,38.4,1.65,3.95,4.7,2.73,1.91,50.31,8.37,2.77,-26.14,11.21,,55.52,3.43,9.73,6.36
301206.SZ,三元生物,53.91,60.45,1.29,1.75,1.81,1.65,0.87,58.33,10.3,15.73,94.68,9.4,,5.03,6.43,34.47,29.79
301007.SZ,德迈仕,46.39,51.97,3.85,5.49,6.18,4.23,0.89,47.21,19.85,7.83,-6.76,13.37,7.72,35.76,3.89,9.47,7.51
301020.SZ,密封科技,35.35,40.16,3.39,6.58,7.16,5.37,0.92,47.77,31.79,16.84,18.2,2.82,,22.56,14.22,6.1,4.94
002972.SZ,科安达,29.03,38.15,2.23,5.05,5.59,5.64,2.32,65.37,65.15,34.31,61.44,-10.22,,14.39,-3.73,7.55,5.19
300824.SZ,北鼎股份,57.98,57.21,4.44,4.81,5.48,4.2,2.21,81.3,47.36,7.68,-25.2,-0.49,,25.22,-116.56,11.9,10.58
300982.SZ,苏文电能,56.39,-51.65,1.32,1.4,1.73,1.37,0.61,30.88,16.84,4.29,-75.4,25.63,,32.73,扣非亏损,扣非转亏,32.6
301123.SZ,奕东电子,211.38,-945.63,1.64,0.38,0.59,-0.3,,97.87,15.42,1.32,170.95,8.62,0.23,21.69,扣非亏损,扣非转亏,358.26
000828.SZ,东莞控股,12.4,23.31,1.25,5.86,7.5,4.04,3.03,35.29,65.27,51.9,-14.08,105.52,0.03,46.14,0.22,3.98,1.65
300534.SZ,陇神戎发,95.44,98.71,4.88,3.77,3.87,5.02,0.2,28.28,71.39,5.9,-44.98,30.52,1.91,47.55,3.23,26.16,24.66
301196.SZ,唯科科技,18.79,25.77,1.44,4.1,5.69,5.5,2.62,54.69,28.94,13.71,80.52,16.64,0.5,16.75,1.55,6.28,3.3
301172.SZ,君逸数码,102.21,85.17,2.86,2.04,2.08,1.18,0.9,57.27,29.01,12.94,-28.93,8.52,0.56,17.78,10.0,41.82,49.14
301187.SZ,欧圣电气,22.24,24.48,3.8,12.09,12.58,8.08,4.17,93.11,34.76,14.13,54.26,8.33,0.49,48.21,2.94,2.03,1.77
605136.SH,丽人丽妆,-86.22,141.68,1.29,-1.83,-1.11,-1.46,0.5,89.19,36.33,-2.37,18.95,-15.48,,7.37,-9.15,扣非亏损,亏损
002661.SZ,克明食品,16.19,44.6,1.34,5.95,6.17,4.01,,63.05,18.87,4.27,2191.92,3.64,0.87,53.61,12.25,7.5,2.62
301078.SZ,孩子王,92.66,233.38,4.47,2.88,4.03,2.97,0.61,27.71,29.5,2.27,8.15,1.73,22.5,63.77,135.05,81.08,22.99
600056.SH,中国医药,32.89,42.07,1.68,3.52,3.83,2.58,1.88,10.0,10.66,2.38,-26.53,-0.27,7.98,62.8,-157.2,11.95,8.59
600839.SH,四川长虹,133.74,137.27,4.32,1.29,2.45,1.57,,82.3,9.93,1.49,42.72,1.23,0.58,74.17,111.59,106.67,54.58
301031.SZ,中熔电气,48.47,52.18,7.14,11.41,10.55,7.7,0.46,10.13,38.63,12.42,40.69,68.87,,43.75,0.76,4.57,4.59
300187.SZ,永清环保,32.1,-1461.4,3.33,1.38,7.81,3.84,0.56,28.34,28.04,16.6,810.95,-1.67,8.7,69.05,扣非亏损,扣非转亏,4.11
000756.SZ,新华制药,26.1,28.5,2.46,6.82,7.21,4.71,1.23,6.43,23.5,5.28,-11.39,10.52,,42.25,2.71,4.18,3.62
001231.SZ,农心科技,37.45,34.42,1.86,3.65,3.74,2.47,0.38,11.54,33.05,6.73,9.68,8.5,0.1,33.15,4.05,9.44,10.01
301121.SZ,紫建电子,51.38,51.64,2.22,2.88,3.25,1.93,0.36,48.98,28.45,6.63,239.75,15.32,,37.01,3.37,17.92,15.81
002863.SZ,今飞凯达,35.36,121.22,1.04,1.07,2.16,2.13,0.21,6.85,14.0,1.83,8.55,12.72,0.0,65.07,9.53,113.27,16.37
300373.SZ,扬杰科技,30.68,36.78,3.25,7.85,7.82,5.53,1.63,33.1,31.02,15.13,6.59,30.34,3.55,35.4,1.21,4.69,3.92
605086.SH,龙高股份,39.91,46.74,4.2,7.36,7.93,8.41,1.3,30.43,63.84,41.48,1.89,12.13,,6.52,3.85,6.35,5.03
301418.SZ,协昌科技,57.61,114.25,1.81,1.43,2.35,2.27,0.46,27.57,21.18,13.52,-67.75,-7.04,0.01,5.77,-16.23,79.72,24.51
603095.SH,越剑智能,43.81,83.98,1.73,2.76,2.9,1.7,3.39,129.32,13.86,8.0,12.49,15.86,,26.8,5.3,30.43,15.11
301000.SZ,肇民科技,36.2,42.17,4.49,8.1,9.0,9.05,2.11,62.47,34.43,19.91,53.02,6.7,,13.01,6.29,5.21,4.02
000915.SZ,华特达因,13.53,13.75,2.39,12.02,12.36,16.4,6.91,35.3,84.04,50.26,-20.93,10.97,0.64,10.33,1.25,1.14,1.09
002558.SZ,巨人网络,18.16,16.94,2.17,10.67,8.85,8.15,1.89,36.91,88.92,48.54,14.16,11.74,1.08,11.87,1.44,1.59,2.05
603083.SH,剑桥科技,75.44,145.96,6.78,6.06,6.91,3.89,0.35,10.05,21.54,5.59,15.71,6.33,4.12,50.06,23.06,24.07,10.92
001323.SZ,慕思股份,21.13,19.07,3.38,10.91,11.12,8.21,3.28,79.12,50.8,13.47,-2.3,10.41,,40.77,1.83,1.75,1.9
002315.SZ,焦点科技,22.23,24.91,4.41,14.49,14.46,9.19,3.02,74.66,80.08,29.03,19.76,11.06,,35.63,2.25,1.72,1.54
301446.SZ,福事特,33.94,39.94,2.09,4.15,4.65,3.94,1.02,26.5,36.35,16.67,-12.33,-8.84,,13.52,-4.52,9.62,7.3
836221.BJ,易实精密,30.08,31.65,4.72,11.68,11.98,11.0,1.16,30.36,33.12,20.08,45.82,46.38,,20.27,0.68,2.71,2.51
301606.SZ,绿联科技,35.99,,5.62,13.82,15.37,11.55,,60.15,37.73,7.44,,25.09,,22.84,,,2.34
002444.SZ,巨星科技,13.69,16.96,2.14,12.32,12.21,10.75,1.22,25.01,32.39,17.85,24.95,9.99,16.33,27.35,1.7,1.38,1.12
601966.SH,玲珑轮胎,13.23,16.76,1.39,6.53,7.94,4.7,1.49,15.82,24.35,10.73,56.72,3.73,,52.42,4.5,2.57,1.67
002985.SZ,北摩高科,77.01,-142.81,3.36,2.57,2.6,2.86,0.2,124.48,57.54,20.94,-78.48,16.21,7.34,35.63,扣非亏损,扣非转亏,29.62
301179.SZ,泽宇智能,35.76,32.59,2.71,3.68,5.6,4.49,2.12,47.51,32.48,17.7,-27.57,22.08,,25.28,1.48,8.87,6.38
301202.SZ,朗威股份,64.54,66.95,4.04,4.72,4.89,4.16,1.87,72.4,18.76,6.2,33.76,10.94,,29.74,6.12,14.2,13.2
688205.SH,德科立,85.69,124.56,3.95,2.41,3.44,3.2,1.01,44.61,31.97,12.7,35.44,7.43,,13.82,16.77,51.68,24.91
600754.SH,锦江酒店,20.61,49.76,1.79,3.8,6.49,4.83,1.67,15.04,41.48,11.9,-20.39,13.55,66.77,63.26,3.67,13.11,3.18
603348.SH,文灿股份,68.5,103.87,2.14,2.19,2.83,3.12,,56.52,14.99,2.07,100.96,27.58,6.74,52.74,3.77,47.51,24.21
603236.SH,移远通信,30.72,36.86,3.87,8.75,9.52,3.74,0.2,32.49,17.93,2.62,601.13,36.07,,67.72,1.02,4.21,3.23
002372.SZ,伟星新材,27.44,21.95,4.79,11.81,11.74,10.27,5.53,46.26,42.49,16.8,-13.8,8.57,1.78,24.04,2.56,1.86,2.34
300580.SZ,贝斯特,36.24,38.62,3.6,7.1,7.6,7.01,0.66,10.42,34.92,21.59,22.38,13.25,0.49,14.9,2.92,5.44,4.77
688150.SH,莱特光电,56.6,73.69,5.55,6.69,7.36,7.37,0.28,52.1,66.39,36.43,195.01,4.01,,14.8,18.4,11.01,7.69
301608.SZ,博实结,34.22,37.72,3.12,8.43,10.61,7.85,,61.93,23.3,12.89,-1.74,-7.18,,16.29,-5.25,4.47,3.22
300751.SZ,迈为股份,36.66,42.02,4.98,9.43,10.39,3.64,0.85,30.24,30.67,10.55,3.79,54.81,,68.43,0.77,4.46,3.53
688682.SH,霍莱沃,226.6,248.52,4.79,1.05,1.57,1.12,0.25,94.47,36.69,7.42,-8.59,21.02,9.05,26.76,11.82,237.77,144.33
002027.SZ,分众传媒,19.74,22.42,6.61,21.15,22.61,19.6,5.22,57.92,66.22,42.15,8.71,4.16,1.07,28.69,5.39,1.06,0.87
301336.SZ,趣睡科技,55.39,113.06,1.76,1.39,2.38,1.72,0.23,13.55,25.57,9.89,-3.07,-12.83,,9.75,-8.81,81.42,23.27
301392.SZ,汇成真空,98.16,,11.5,8.57,13.07,7.56,,42.31,32.06,14.96,,-8.53,,31.8,,,7.51
002540.SZ,亚太科技,15.68,14.15,1.37,6.1,6.19,5.2,7.34,80.26,12.73,6.38,-5.6,22.77,,27.67,0.62,2.32,2.53
688289.SH,圣湘生物,53.31,68.61,1.92,2.1,2.69,1.64,2.36,91.53,77.5,15.79,637.21,-15.57,0.1,14.21,-4.41,32.73,19.82
603685.SH,晨丰科技,117.88,112.24,1.96,0.71,1.2,1.63,0.98,19.83,15.13,1.13,-28.45,4.68,0.6,66.59,24.01,158.53,98.24
002271.SZ,东方雨虹,21.46,47.6,1.4,4.03,4.68,3.76,3.12,154.97,29.13,5.81,-49.41,16.62,1.3,44.14,2.86,11.82,4.59
301325.SZ,曼恩斯特,103.79,74.08,3.03,1.2,2.15,1.27,0.64,41.77,27.95,4.91,-84.42,76.45,1.76,37.21,0.97,61.75,48.27
002683.SZ,广东宏大,25.86,28.01,3.54,9.52,10.3,6.38,2.79,36.5,21.36,9.43,26.95,22.03,27.29,56.6,1.27,2.94,2.51
003000.SZ,劲仔食品,20.26,21.78,4.32,14.29,16.09,12.59,2.45,31.23,30.28,12.24,72.89,31.69,,31.33,0.69,1.52,1.26
000936.SZ,华西股份,39.78,61.89,1.32,2.46,2.49,2.55,0.25,22.32,5.6,5.22,47.64,7.12,0.04,20.99,8.7,25.13,15.98
870299.BJ,灿能电力,74.37,57.43,5.08,4.52,4.73,4.27,2.53,270.97,54.03,18.71,-4.53,10.07,,10.11,5.7,12.71,15.72
603960.SH,克来机电,144.06,87.09,5.98,2.85,3.09,2.8,0.71,29.7,23.88,8.87,-24.37,-1.48,10.31,13.54,-59.02,30.55,46.62
301061.SZ,匠心家居,17.21,21.21,2.98,12.43,13.49,11.79,2.01,29.16,33.72,23.3,39.03,17.8,,16.97,1.19,1.71,1.28
000681.SZ,视觉中国,95.26,91.07,2.96,2.28,2.35,2.52,0.14,11.01,46.22,14.91,6.16,11.1,38.19,16.18,8.21,40.01,40.53
300758.SZ,七彩化学,36.35,46.78,3.41,6.64,7.22,4.76,,29.7,31.9,10.91,783.99,8.03,8.07,47.87,5.83,7.04,5.03
300628.SZ,亿联网络,18.94,23.0,6.28,23.35,24.1,24.83,4.74,55.69,65.81,50.24,33.26,18.24,,9.0,1.26,0.99,0.79
603885.SH,吉祥航空,17.23,36.71,3.17,13.44,13.98,5.92,0.57,40.25,17.56,7.26,6.2,43.67,,80.06,0.84,2.73,1.23
001337.SZ,四川黄金,37.05,40.29,6.9,13.56,13.96,12.6,0.9,29.88,53.44,37.34,25.41,6.62,,27.58,6.09,2.97,2.65
839790.BJ,联迪信息,192.06,183.58,7.89,2.6,3.01,2.9,0.83,2535.25,28.38,6.68,756.02,-1.76,,6.4,-104.51,70.65,63.81
603976.SH,正川股份,37.12,50.3,2.15,3.94,4.23,3.45,1.01,34.07,22.06,8.52,79.28,23.92,,38.18,2.1,12.76,8.77
002043.SZ,兔宝宝,15.85,16.02,3.45,13.86,15.13,10.16,6.21,94.21,17.31,7.62,14.14,14.01,24.84,45.72,1.14,1.16,1.05
002003.SZ,伟星股份,18.13,23.58,3.54,14.13,14.0,12.03,4.15,56.22,42.7,17.56,21.09,16.74,,34.54,1.41,1.67,1.3
688720.SH,艾森股份,150.4,182.44,4.71,1.67,2.33,1.41,0.25,28.77,26.28,7.63,-5.42,7.08,,17.15,25.77,109.12,64.55
603307.SH,扬州金泉,14.95,16.81,1.62,7.82,7.99,6.46,2.19,29.06,27.07,18.89,-46.99,16.77,6.75,14.99,1.0,2.15,1.87
600019.SH,宝钢股份,18.53,16.88,0.73,2.75,3.43,2.52,5.23,52.05,5.26,2.84,-25.78,8.01,0.27,40.51,2.11,6.14,5.4
605118.SH,力鼎光电,45.36,50.89,4.86,7.43,7.8,7.23,1.03,46.8,42.22,25.56,1.37,13.38,,16.31,3.8,6.85,5.82
002111.SZ,威海广泰,37.1,36.97,2.08,3.96,4.1,2.56,1.1,23.99,26.18,6.17,127.55,-5.27,2.15,50.24,-7.01,9.34,9.05
830799.BJ,艾融软件,262.59,222.12,38.44,10.71,10.75,5.46,1.12,50.12,33.87,10.09,14.19,32.33,51.53,59.16,6.87,20.74,24.43
001234.SZ,泰慕士,22.47,30.28,2.18,6.14,6.99,6.16,2.04,41.48,20.49,9.78,32.17,6.12,,24.27,4.95,4.93,3.21
601825.SH,沪农商行,5.34,6.39,0.62,8.66,8.9,,6.6,33.07,,52.31,1.63,6.25,,91.63,1.02,0.74,0.6
688088.SH,虹软科技,125.92,209.63,5.69,2.95,3.29,2.1,0.54,97.8,90.49,15.39,3.51,0.91,,11.71,230.72,70.99,38.27
688531.SH,日联科技,49.12,83.61,2.16,2.1,3.25,2.98,0.79,29.41,45.21,20.52,44.78,44.67,,11.05,1.87,39.8,15.12
603345.SH,安井食品,19.49,20.32,2.13,7.88,8.14,7.89,2.42,50.23,22.64,9.59,-2.46,26.6,5.89,20.71,0.76,2.58,2.39
002019.SZ,亿帆医药,32.2,,1.85,3.0,4.26,3.64,,48.04,47.65,7.98,122.3,-8.44,32.51,31.94,,,7.56
873152.BJ,天宏锂电,318.72,446.55,6.41,0.95,1.49,0.67,0.33,62.63,10.76,0.92,-20.66,11.47,,46.0,38.95,469.46,213.9
832982.BJ,锦波生物,30.85,34.89,16.24,44.98,44.22,37.47,0.57,28.59,92.37,52.6,178.14,83.56,,28.84,0.42,0.78,0.7
000048.SZ,京基智农,11.53,9.23,2.24,15.33,14.56,6.58,,83.82,29.43,13.44,-54.25,57.45,,62.26,0.16,0.6,0.79
601607.SH,上海医药,14.49,19.69,1.1,5.29,5.74,3.58,2.45,10.07,11.06,2.4,11.56,10.72,13.72,62.83,1.84,3.72,2.52
830779.BJ,武汉蓝电,26.94,25.2,4.05,9.98,10.64,10.91,4.98,82.11,62.88,46.29,-16.86,32.43,,11.36,0.78,2.52,2.53
301499.SZ,维科精密,99.72,94.27,3.21,1.71,2.42,2.43,0.48,18.46,20.18,5.08,-40.44,5.67,,12.92,16.64,54.98,41.21
605066.SH,天正电气,21.98,25.77,1.7,5.93,5.78,2.96,2.72,68.3,26.08,4.72,-12.55,6.56,,43.78,3.93,4.35,3.8
000554.SZ,泰山石油,42.68,42.53,3.04,5.65,5.5,4.18,0.4,26.77,11.13,2.13,129.76,14.59,2.25,46.71,2.91,7.52,7.76
300496.SZ,中科创达,138.94,-460.14,2.93,1.33,1.58,1.15,0.31,55.0,36.46,4.19,-75.98,28.42,4.26,14.04,扣非亏损,扣非转亏,87.94
600980.SH,北矿科技,29.96,34.73,2.31,5.5,5.9,3.58,0.29,11.56,27.7,10.69,13.54,12.51,,46.68,2.78,6.32,5.08
603197.SH,保隆科技,28.2,41.31,3.02,6.93,8.24,4.45,1.13,30.03,26.2,5.25,-24.29,21.01,9.92,64.44,1.97,5.96,3.42
600282.SH,南钢股份,11.36,13.85,1.03,6.0,6.71,3.49,6.76,49.99,11.88,3.58,1.78,12.47,1.34,59.33,1.11,2.31,1.69
600508.SH,上海能源,11.98,40.23,0.78,4.78,4.91,4.37,2.96,30.65,22.92,7.96,-53.79,14.66,,36.11,2.74,8.41,2.44
002988.SZ,豪美新材,22.57,22.55,2.04,6.52,6.69,4.1,,48.54,11.72,3.54,41.84,23.39,,58.19,0.96,3.46,3.37
301381.SZ,赛维时代,40.6,40.17,4.38,6.75,7.84,4.82,1.65,50.95,44.93,2.87,-21.47,9.29,,51.5,4.33,5.95,5.18
831834.BJ,三维股份,31.6,34.01,4.1,8.47,9.25,8.23,6.29,72.81,31.1,13.48,-1.78,5.69,,20.17,5.98,4.02,3.42
300701.SZ,森霸传感,59.6,68.45,3.13,4.29,4.0,4.34,0.44,53.94,37.87,13.58,25.62,-3.78,12.99,10.6,-18.12,15.94,14.9
300448.SZ,浩云科技,412.47,-133.88,3.55,0.5,0.64,0.29,0.33,161.07,44.1,1.51,119.29,-9.59,0.96,4.9,扣非亏损,扣非转亏,644.48
301023.SZ,江南奕帆,32.86,39.33,3.85,8.61,8.71,8.16,2.24,51.09,44.31,35.17,89.82,-1.35,,9.85,-29.11,4.57,3.77
600400.SH,红豆股份,1417.58,-170.32,2.2,-0.71,0.11,0.98,0.36,51.82,39.66,0.27,-173.77,-0.75,,37.46,扣非亏损,扣非亏损,12887.07
830879.BJ,基康仪器,30.87,28.75,3.46,7.71,8.35,7.97,2.15,71.68,56.02,20.1,-2.85,15.78,,15.59,1.82,3.73,3.7
003028.SZ,振邦智能,21.69,21.58,2.3,7.83,8.07,5.73,,55.63,23.45,12.63,-12.42,9.74,,28.94,2.21,2.76,2.69
600032.SH,浙江新能,23.37,30.25,1.61,4.88,5.18,3.41,0.87,30.17,50.51,23.86,11.55,21.5,0.25,65.74,1.41,6.19,4.51
301377.SZ,鼎泰高科,38.39,46.5,3.64,6.16,7.16,6.2,0.63,92.28,35.58,15.29,10.27,11.47,,26.89,4.05,7.55,5.36
002165.SZ,红宝丽,64.6,281.46,1.97,1.46,2.26,1.71,1.65,58.33,15.34,2.44,-22.68,3.29,,60.36,85.47,193.14,28.59
600235.SH,民丰特纸,25.58,25.93,1.4,4.13,4.15,2.62,0.24,32.64,15.33,5.24,135.06,6.36,,48.18,4.08,6.28,6.16
301050.SZ,雷电微力,30.26,39.41,5.22,12.71,13.36,10.14,0.7,57.61,44.03,31.9,51.87,44.97,,20.82,0.88,3.1,2.27
833533.BJ,骏创科技,54.18,45.0,9.45,13.51,13.4,7.22,1.41,26.32,23.84,7.24,-22.91,60.58,,53.23,0.74,3.33,4.04
300563.SZ,神宇股份,109.8,269.17,9.6,2.45,6.67,5.7,1.25,21.38,15.6,10.41,-25.03,8.29,,20.11,32.46,109.82,16.46
873679.BJ,前进科技,42.29,44.8,2.09,3.05,3.46,3.1,4.26,92.89,36.41,21.73,-52.48,-5.41,,3.73,-8.28,14.69,12.22
300626.SZ,华瑞股份,87.52,-20.91,3.62,2.67,3.0,2.41,,29.02,18.23,3.02,79.13,0.79,,50.07,扣非亏损,扣非转亏,29.17
300233.SZ,金城医药,27.45,31.2,1.49,3.73,4.07,3.45,1.2,29.05,40.13,6.44,15.9,6.2,,32.87,5.03,8.36,6.74
002322.SZ,理工能科,21.73,19.3,1.86,5.51,5.95,5.76,6.64,99.35,68.93,30.52,39.33,-0.63,45.58,8.85,-30.61,3.5,3.65
001376.SZ,百通能源,34.26,41.58,6.34,13.16,14.33,13.01,0.9,21.61,31.49,18.24,43.26,18.49,,34.56,2.25,3.16,2.39
688293.SH,奥浦迈,138.91,250.89,2.4,0.8,1.26,1.21,0.8,103.64,57.45,12.34,-46.12,30.4,,7.0,8.25,312.91,110.25
300003.SZ,乐普医疗,23.3,43.65,1.6,4.62,5.01,3.75,2.05,37.54,62.8,16.37,-42.91,2.45,22.2,30.81,17.82,9.45,4.65
300907.SZ,康平科技,23.56,29.88,2.88,8.35,8.66,5.98,2.25,105.9,19.52,7.72,60.55,6.15,,45.81,4.86,3.58,2.72
605368.SH,蓝天燃气,13.86,15.34,2.4,11.9,13.01,9.81,7.89,92.94,21.34,12.76,-10.28,11.92,6.27,39.84,1.29,1.29,1.07
300493.SZ,润欣科技,192.14,252.41,8.87,3.23,3.47,2.58,0.41,20.25,9.21,1.9,22.69,16.63,,41.92,15.18,78.09,55.37
300244.SZ,迪安诊断,52.05,-170.35,1.29,1.83,1.77,3.29,0.25,554.06,28.05,3.27,-72.18,14.66,9.07,44.5,扣非亏损,扣非转亏,29.41
600999.SH,招商证券,19.02,19.08,1.63,5.76,6.12,,1.85,18.5,,50.09,12.14,-3.45,0.01,81.09,-5.53,3.31,3.11
600420.SH,国药现代,13.59,16.02,1.32,7.28,7.45,7.05,1.02,18.67,39.69,13.96,74.87,-0.96,1.05,24.29,-16.74,2.2,1.82
002174.SZ,游族网络,1382.36,51.11,2.15,0.26,0.11,0.48,0.44,19.82,43.31,0.52,112.04,-29.33,4.62,27.14,-1.74,195.22,12566.91
002236.SZ,大华股份,17.3,20.81,1.64,6.42,7.16,4.49,3.75,33.28,40.81,11.58,-5.87,7.52,0.02,27.52,2.77,3.24,2.42
603001.SH,奥康国际,-12.48,-11.73,0.83,-6.48,-4.79,-3.06,,-242.71,40.9,-7.26,-23.82,4.4,,26.27,扣非亏损,扣非亏损,亏损
300801.SZ,泰和科技,38.79,47.8,1.82,3.23,3.55,3.06,0.97,19.84,14.04,5.05,-24.74,16.27,,26.86,2.94,14.8,10.93
000963.SZ,华东医药,18.66,20.85,2.89,11.52,11.7,8.93,1.4,36.2,32.55,8.14,14.9,6.48,12.89,39.8,3.22,1.81,1.6
603897.SH,长城科技,17.95,15.48,1.8,6.96,6.58,4.5,9.77,125.11,4.18,1.99,98.58,24.99,,61.69,0.62,2.22,2.73
300774.SZ,倍杰特,19.22,35.28,2.63,9.76,12.28,6.54,1.46,30.19,33.31,23.43,19.12,6.11,0.18,33.87,5.77,3.62,1.57
301326.SZ,捷邦科技,5396.08,-95.79,4.18,-0.91,0.06,0.23,,-254.04,25.67,0.22,53.64,-4.75,6.19,22.3,扣非亏损,扣非亏损,179869.37
601857.SH,中国石油,8.29,7.8,0.98,9.21,8.9,7.36,6.23,45.44,21.57,6.57,0.49,17.35,0.44,39.54,0.45,0.85,0.93
603387.SH,基蛋生物,16.87,20.77,1.75,6.84,7.77,5.48,1.82,31.09,69.43,23.72,-11.29,9.97,0.94,29.71,2.08,3.04,2.17
600577.SH,精达股份,21.45,24.29,2.22,7.22,7.8,5.32,3.14,29.19,5.95,2.66,31.0,15.01,1.76,56.77,1.62,3.36,2.75
002632.SZ,道明光学,28.5,36.68,2.61,5.93,6.51,6.73,3.04,86.78,33.41,13.99,13.6,1.46,,23.26,25.05,6.19,4.38
835438.BJ,戈碧迦,48.66,39.32,4.09,6.81,6.95,5.42,,29.5,31.7,13.12,-34.08,88.26,,30.01,0.45,5.77,7.0
603130.SH,云中马,30.8,32.87,2.13,4.48,5.09,3.23,1.25,34.76,9.87,3.65,-17.58,28.29,,53.52,1.16,7.34,6.05
300960.SZ,通业科技,57.78,49.89,4.06,4.75,5.09,3.61,2.71,72.22,46.09,12.01,152.33,4.81,,34.01,10.37,10.49,11.35
300532.SZ,今天国际,14.68,16.81,3.18,15.56,15.59,6.35,3.65,121.54,28.66,13.3,-18.37,49.83,,62.62,0.34,1.08,0.94
300650.SZ,太龙股份,59.49,75.9,2.28,2.01,2.89,2.44,0.28,19.62,8.29,1.76,-6.21,94.64,39.7,39.99,0.8,37.82,20.59
603132.SH,金徽股份,25.74,23.35,3.83,11.3,10.84,7.88,3.95,77.51,61.19,31.75,43.09,4.69,5.42,48.98,4.98,2.07,2.37
688106.SH,金宏气体,35.02,43.2,3.34,5.38,6.46,4.4,1.45,44.94,33.09,11.96,-25.92,25.47,9.72,51.02,1.7,8.03,5.42
002978.SZ,安宁股份,13.6,13.54,1.97,11.13,11.08,10.5,3.16,45.62,66.93,50.25,-2.64,6.8,,17.8,1.99,1.22,1.23
688519.SH,南亚新材,78.89,377.84,2.43,1.54,2.29,1.32,,40.39,8.91,2.3,131.65,22.38,,47.68,16.88,244.99,34.45
603291.SH,联合水务,27.09,44.45,2.67,4.36,7.46,5.62,0.99,17.83,33.91,16.86,-16.66,13.05,,51.04,3.41,10.19,3.63
603390.SH,通达电气,159.49,162.94,2.25,0.53,1.05,0.71,0.5,74.08,28.3,3.84,430.38,-2.63,,10.72,-61.98,305.94,151.9
300170.SZ,汉得信息,54.12,662.38,1.96,2.31,2.76,1.91,0.12,11.8,32.79,5.99,632.84,6.27,2.31,18.43,105.61,286.66,19.61
603928.SH,兴业股份,54.43,55.27,1.76,2.44,2.4,2.34,0.86,37.29,11.97,3.37,-38.74,3.19,,12.41,17.35,22.62,22.68
603166.SH,福达股份,27.71,27.46,1.92,5.0,5.38,4.03,1.16,85.59,24.74,10.89,124.27,-5.26,,38.63,-5.22,5.5,5.15
002303.SZ,美盈森,18.69,16.62,1.18,4.85,4.27,3.29,3.7,326.36,27.76,7.56,60.08,2.25,,37.5,7.39,3.43,4.38
002653.SZ,海思科,76.99,123.56,9.35,5.14,9.01,7.24,0.86,98.08,72.56,16.43,44.55,1.1,,39.49,112.79,24.02,8.55
688155.SH,先惠技术,22.44,29.56,2.92,11.33,11.83,6.87,0.54,28.95,27.2,15.13,1077.62,72.94,26.97,53.24,0.41,2.61,1.9
301035.SZ,润丰股份,31.54,37.15,2.19,5.22,5.2,6.78,1.43,27.59,20.36,4.09,-52.43,20.47,1.38,57.15,1.81,7.12,6.07
002991.SZ,甘源食品,18.45,19.36,4.22,15.02,15.65,15.48,3.05,60.07,35.59,17.27,32.01,16.61,,21.46,1.17,1.29,1.18
300707.SZ,威唐工业,82.72,116.55,2.92,2.39,2.49,2.36,0.11,19.28,21.56,4.32,176.09,14.56,,38.31,8.0,48.79,33.22
603444.SH,吉比特,17.56,16.94,3.25,13.34,13.91,13.45,2.86,62.36,88.46,29.06,-25.54,20.43,0.07,19.68,0.83,1.27,1.26
002083.SZ,孚日股份,9.87,12.34,1.02,8.3,8.44,6.02,1.98,52.88,19.0,8.09,34.26,6.63,3.61,48.36,1.86,1.49,1.17
603078.SH,江化微,57.17,72.8,3.96,5.14,5.41,2.78,0.53,20.33,25.87,8.79,-11.52,22.91,,30.61,3.18,14.16,10.57
605389.SH,长龄液压,28.59,30.89,1.67,4.24,4.33,4.45,1.49,76.69,27.13,14.94,24.35,-2.21,10.28,8.18,-14.0,7.28,6.6
605016.SH,百龙创园,24.48,27.71,3.68,11.05,11.42,11.25,0.85,8.11,33.14,22.26,29.6,20.51,,15.89,1.35,2.51,2.14
603866.SH,桃李面包,18.09,20.07,2.08,8.18,8.45,8.29,2.35,66.21,23.81,9.36,-6.54,4.29,,29.6,4.68,2.45,2.14
600028.SH,中国石化,12.75,13.83,0.92,5.41,5.45,3.49,6.18,49.78,15.2,2.15,-12.55,16.03,0.66,53.45,0.86,2.56,2.34
301003.SZ,江苏博云,17.69,19.29,2.04,8.05,8.53,9.33,2.4,42.03,31.85,21.04,31.23,8.61,,4.17,2.24,2.4,2.07
002797.SZ,第一创业,46.56,62.34,2.55,4.16,4.2,,0.55,10.51,,28.85,99.48,-6.71,0.05,65.79,-9.29,14.98,11.08
300099.SZ,尤洛卡,66.02,45.16,2.12,2.67,,2.01,2.16,95.76,48.29,12.19,-16.47,9.7,19.65,11.67,4.66,16.94,
688285.SH,高铁电气,96.02,300.82,1.86,1.06,1.45,0.98,0.25,10.63,19.97,4.31,-67.62,-3.18,,45.97,-94.71,282.77,66.22
002646.SZ,天佑德酒,68.72,113.59,1.86,1.93,2.03,2.38,0.96,19.98,59.36,5.83,-45.44,18.15,,14.84,6.26,58.98,33.85
002154.SZ,报喜鸟,11.04,12.71,1.42,8.33,9.47,7.72,4.4,29.7,65.76,12.23,-25.6,12.07,1.87,32.03,1.05,1.53,1.17
688163.SH,赛伦生物,27.19,63.6,2.05,4.57,5.69,6.35,1.0,40.2,78.83,36.32,30.93,1.7,,2.73,37.51,13.9,4.78
300757.SZ,罗博特科,377.34,308.71,35.07,7.11,7.03,3.67,0.22,15.15,29.41,7.0,133.5,54.25,0.76,57.87,5.69,43.39,53.68
605580.SH,恒盛能源,18.14,23.19,2.93,8.59,11.96,10.24,2.15,54.04,23.45,18.73,-6.01,16.78,,33.6,1.38,2.7,1.52
301310.SZ,鑫宏业,28.0,27.5,1.58,3.92,4.19,2.81,2.06,63.03,11.24,5.5,-10.46,44.39,1.03,43.14,0.62,7.01,6.68
300884.SZ,狄耐克,129.06,101.66,2.34,-0.02,1.29,0.38,2.29,95.17,42.27,3.21,-100.55,5.14,0.21,25.49,19.77,转盈,100.04
688484.SH,南芯科技,43.8,46.13,4.1,7.1,7.16,4.87,0.7,20.56,40.86,14.31,52.9,173.67,,16.41,0.27,6.5,6.12
300818.SZ,耐普矿机,29.67,38.26,3.25,8.23,8.65,6.46,0.55,18.07,37.36,13.29,70.9,60.8,0.02,37.08,0.63,4.65,3.43
603496.SH,恒为科技,90.02,75.98,6.66,5.79,5.65,4.02,0.18,8.93,31.88,8.89,262.8,13.65,,25.45,5.57,13.13,15.93
300227.SZ,光韵达,116.48,229.37,3.17,1.42,2.06,2.04,,92.63,31.05,4.28,-38.75,6.57,18.63,41.92,34.89,161.53,56.54
301262.SZ,海看股份,25.59,27.38,3.09,8.4,9.24,9.13,3.35,18.05,56.89,44.33,15.69,2.05,,12.24,13.35,3.26,2.77
300866.SZ,安克创新,24.4,27.78,5.78,16.01,17.8,11.62,2.26,36.56,44.28,9.3,41.13,23.54,,47.77,1.18,1.74,1.37
600273.SH,嘉化能源,10.48,11.65,1.11,7.44,7.86,7.37,4.66,51.37,16.99,11.16,-16.09,21.35,5.04,22.04,0.55,1.57,1.33
000895.SZ,双汇发展,17.34,20.49,4.41,18.03,17.99,13.97,5.43,99.58,18.23,8.77,-10.66,-6.72,,47.24,-3.05,1.14,0.96
601728.SH,中国电信,14.9,18.76,1.3,6.44,6.48,4.49,4.31,70.1,29.99,7.49,5.42,9.22,6.61,47.69,2.03,2.91,2.3
300403.SZ,汉宇集团,23.61,24.75,2.94,9.1,9.14,7.93,4.29,67.12,33.87,21.81,0.78,5.72,,18.97,4.33,2.72,2.58
300784.SZ,利安科技,62.42,56.57,4.93,6.67,8.51,5.99,,36.58,28.05,11.95,-10.5,-4.36,,25.3,-12.99,8.48,7.33
300286.SZ,安科瑞,20.85,26.74,3.18,10.6,11.64,9.54,1.16,21.34,46.24,19.41,-11.89,17.27,,22.79,1.55,2.52,1.79
688069.SH,德林海,50.49,482.89,1.4,1.57,2.03,1.61,,96.97,39.33,9.17,178.78,-13.19,,17.03,-36.6,306.89,24.87
002907.SZ,华森制药,60.39,138.46,3.62,3.67,4.53,4.2,0.32,30.96,57.69,12.14,60.53,-7.75,,13.31,-17.87,37.78,13.33
603600.SH,永艺股份,13.02,16.4,1.78,10.32,10.23,6.58,3.62,41.95,22.68,6.78,14.85,3.32,0.23,44.67,4.93,1.59,1.27
688307.SH,中润光学,47.24,44.11,2.82,3.9,4.45,3.16,0.96,43.21,34.09,11.78,239.2,4.75,0.19,18.4,9.28,11.31,10.62
001210.SZ,金房能源,21.75,17.4,1.44,4.67,5.04,3.6,0.25,14.84,23.01,9.91,17.52,8.5,0.81,23.94,2.05,3.72,4.32
688076.SH,诺泰生物,27.06,29.08,4.96,14.82,14.63,10.04,0.89,9.68,69.32,28.01,301.43,24.48,5.92,40.6,1.19,1.96,1.85
600633.SH,浙数文化,22.56,187.68,1.42,3.23,4.73,4.09,1.18,77.36,59.68,21.19,-46.85,5.07,39.98,12.29,37.04,58.05,4.77
000423.SZ,东阿阿胶,25.19,26.7,3.9,10.34,10.62,9.76,3.62,99.77,74.13,26.61,52.33,11.52,0.01,21.88,2.32,2.58,2.37
300760.SZ,迈瑞医疗,24.54,28.57,9.38,29.74,28.68,22.49,2.0,65.11,64.87,36.3,7.75,18.46,26.67,27.06,1.55,0.96,0.86
300453.SZ,三鑫医疗,19.69,21.51,3.51,12.16,13.27,9.82,1.97,48.89,35.03,16.94,18.84,11.96,5.99,38.45,1.8,1.77,1.48
605090.SH,九丰能源,9.15,13.76,2.13,14.48,18.08,12.39,2.51,22.59,10.11,9.08,2.23,49.3,10.5,35.19,0.28,0.95,0.51
600009.SH,上海机场,56.46,58.21,2.22,2.9,2.93,2.91,0.37,30.54,22.56,15.57,159.13,18.47,,38.25,3.15,20.05,19.27
003008.SZ,开普检测,26.27,33.01,1.84,4.63,5.18,6.86,1.07,92.57,68.88,34.44,43.22,5.9,,5.18,5.6,7.13,5.07
603520.SH,司太立,352.4,328.57,1.58,0.2,0.41,1.53,,95.73,21.44,0.51,-84.06,18.63,15.15,54.51,17.64,1673.82,859.52
688208.SH,道通科技,20.65,27.46,4.75,13.56,16.4,10.55,1.68,45.62,55.84,17.92,65.67,28.96,,45.24,0.95,2.03,1.26
601010.SH,文峰股份,45.75,39.29,0.97,1.48,1.56,2.07,1.97,96.59,47.3,4.97,-33.1,-2.49,,30.74,-15.76,26.49,29.33
603697.SH,有友食品,26.24,40.57,2.38,5.78,6.4,7.27,2.69,89.88,30.06,13.67,17.07,-3.36,,9.26,-12.09,7.02,4.1
300773.SZ,拉卡拉,26.79,30.34,5.17,14.15,13.53,5.22,3.12,76.28,31.19,11.68,7.26,3.55,,67.43,8.56,2.14,1.98
002847.SZ,盐津铺子,23.61,29.58,10.05,28.27,30.81,19.32,2.16,51.25,31.84,12.83,12.9,28.51,,49.44,1.04,1.05,0.77
301328.SZ,维峰电子,50.57,50.14,2.43,3.58,3.57,3.17,0.61,46.2,40.64,18.21,-16.56,22.76,,4.3,2.2,14.01,14.16
002469.SZ,三维化学,20.01,17.57,1.49,5.36,5.45,4.81,4.95,76.84,19.75,8.84,-26.51,96.76,0.7,20.28,0.18,3.28,3.67
000750.SZ,国海证券,133.66,220.93,1.5,0.82,0.84,,1.13,26.86,,8.53,-55.74,0.37,0.1,64.61,593.1,268.41,159.12
002969.SZ,嘉美包装,32.26,18.31,1.43,3.03,3.07,3.18,6.31,25.08,13.12,3.57,49.76,21.78,,44.33,0.84,6.05,10.51
002508.SZ,老板电器,13.98,16.3,2.08,10.08,11.01,7.78,4.59,62.17,50.43,16.03,-16.27,11.71,0.11,31.12,1.39,1.62,1.27
600309.SH,万华化学,17.09,16.92,2.71,12.02,12.1,5.71,2.12,19.97,15.38,8.33,-12.07,39.29,2.21,67.19,0.43,1.41,1.41
603992.SH,松霖科技,21.0,24.72,3.23,11.15,11.79,8.27,2.42,49.79,35.39,14.63,1.92,15.65,3.01,34.38,1.58,2.22,1.78
000408.SZ,藏格矿业,19.2,19.34,3.62,14.06,13.98,13.9,6.31,31.48,45.18,80.06,-37.38,60.09,,4.85,0.32,1.38,1.37
688578.SH,艾力斯,18.15,20.79,5.29,22.85,23.95,23.38,0.96,17.15,95.8,41.96,165.98,31538.11,,10.49,0.0,0.91,0.76
002811.SZ,郑中设计,20.38,-296.69,2.65,6.76,8.24,5.68,2.03,81.84,33.83,11.51,839.89,-14.0,,55.7,扣非亏损,扣非转亏,2.47
600398.SH,海澜之家,11.76,13.38,1.79,10.66,10.81,7.03,7.55,67.5,44.59,12.87,-21.34,6.78,5.14,47.46,1.97,1.26,1.09
688550.SH,瑞联新材,24.16,29.32,2.02,5.9,6.28,5.95,1.13,21.78,43.3,16.95,100.08,8.0,,12.07,3.66,4.97,3.85
601121.SH,宝地矿业,22.76,32.39,1.68,5.11,5.52,5.52,1.66,38.89,47.89,30.46,91.95,10.09,0.17,38.61,3.21,6.34,4.12
002582.SZ,好想你,-36.56,-43.59,0.83,-1.65,-1.55,-1.5,7.82,-483.05,24.26,-5.24,-15.63,-8.2,,25.91,扣非亏损,扣非亏损,亏损
300664.SZ,鹏鹞环保,14.09,29.4,0.92,3.99,4.89,4.24,1.5,27.27,30.79,15.63,-17.44,-0.41,,44.59,-71.42,7.36,2.88
002555.SZ,三七互娱,14.95,16.47,3.0,14.83,14.64,10.86,4.36,36.53,79.12,14.23,-9.67,4.88,12.39,34.62,3.37,1.11,1.02
301181.SZ,标榜股份,24.01,29.43,2.02,4.74,6.24,6.34,1.77,28.55,33.14,24.7,-30.52,-1.95,,9.98,-15.1,6.2,3.85
300562.SZ,乐心医疗,46.52,50.31,3.03,4.81,4.82,2.71,1.32,80.58,36.26,6.37,389.83,-7.42,1.73,34.61,-6.78,10.45,9.65
300272.SZ,开能健康,37.14,47.93,3.56,6.38,6.62,4.76,2.5,49.54,40.26,8.74,-17.95,12.83,11.35,55.73,3.73,7.51,5.61
300400.SZ,劲拓股份,58.78,81.48,6.09,7.54,7.15,5.07,0.77,257.5,34.89,10.84,78.63,-5.69,0.28,33.19,-14.32,10.81,8.22
002517.SZ,恺英网络,17.33,18.56,4.88,22.68,21.94,18.22,1.79,26.28,82.21,32.6,23.43,42.02,14.07,19.41,0.44,0.82,0.79
300795.SZ,米奥会展,48.28,27.45,8.22,9.36,10.8,8.99,1.36,166.45,50.17,17.21,-28.42,108.0,11.54,32.93,0.25,2.93,4.47
603601.SH,再升科技,30.69,-195.57,1.75,2.92,4.04,4.07,0.7,40.25,22.4,9.3,-37.21,-4.06,1.04,26.85,扣非亏损,扣非转亏,7.6
001206.SZ,依依股份,14.76,18.48,1.64,7.57,8.3,9.78,4.12,51.9,19.57,11.47,61.08,3.17,,11.94,5.83,2.44,1.78
300856.SZ,科思股份,14.23,14.6,3.72,17.95,18.64,15.59,2.41,48.34,45.29,27.66,-9.0,35.32,,29.7,0.41,0.81,0.76
600941.SH,中国移动,14.65,17.83,1.63,7.64,8.3,7.14,4.43,63.6,30.81,14.02,3.61,9.54,0.0,32.96,1.87,2.33,1.77
603057.SH,紫燕食品,15.54,25.24,3.62,14.81,16.6,14.25,3.71,62.74,26.22,13.1,2.93,11.13,,40.88,2.27,1.7,0.94
688505.SH,复旦张江,83.62,182.21,4.1,2.31,3.66,2.97,0.76,29.42,91.79,15.7,-23.76,3.23,,10.45,56.41,78.73,22.85
603558.SH,健盛集团,11.06,12.18,1.58,10.52,10.65,8.39,5.16,43.4,28.74,13.68,28.12,13.77,4.02,37.38,0.89,1.16,1.04
300761.SZ,立华股份,11.55,17.7,2.06,13.94,13.96,8.61,,43.21,16.11,9.13,449.23,21.73,0.14,40.42,0.81,1.27,0.83
002457.SZ,青龙管业,30.6,41.76,1.99,4.55,4.89,3.3,0.96,41.42,31.28,7.11,5387.34,1.3,3.53,43.38,32.07,9.17,6.26
300284.SZ,苏交科,82.68,77.67,2.03,1.49,1.83,1.22,2.11,20.01,31.64,5.32,-30.43,-1.28,6.1,44.94,-60.75,52.13,45.18
002093.SZ,国脉科技,41.88,75.65,2.28,2.71,4.09,4.27,0.66,25.48,53.39,41.22,29.07,6.96,0.76,20.43,10.88,27.92,10.24
600211.SH,西藏药业,12.43,17.76,3.62,19.69,22.01,18.17,3.97,50.02,94.93,36.55,-6.22,32.63,0.24,21.56,0.54,0.9,0.56
002749.SZ,国光股份,18.02,19.1,3.24,14.01,14.69,12.21,4.59,64.63,45.59,19.86,22.92,17.09,2.57,14.94,1.12,1.36,1.23
002757.SZ,南兴股份,14.49,30.22,1.68,8.47,8.68,6.62,3.2,53.6,19.96,8.15,-8.75,19.79,19.98,38.83,1.53,3.57,1.67
001339.SZ,智微智能,86.18,136.58,4.64,3.54,4.12,4.76,0.12,35.53,17.76,5.18,157.87,24.3,,55.96,5.62,38.56,20.92
002241.SZ,歌尔股份,28.6,42.19,2.75,6.48,7.45,3.32,0.48,13.79,11.44,3.29,160.22,21.18,1.83,59.43,1.99,6.51,3.84
300151.SZ,昌红科技,107.49,250.64,7.4,3.83,4.87,3.68,0.27,73.28,28.78,8.73,76.7,-4.8,0.23,33.41,-52.24,65.5,22.07
300421.SZ,力星股份,49.7,59.35,2.69,3.98,4.09,3.16,1.94,99.52,18.25,6.53,-11.51,8.84,4.43,33.84,6.71,14.93,12.15
605098.SH,行动教育,16.12,17.13,4.45,19.58,19.64,10.36,4.67,86.7,75.91,34.95,18.72,25.64,,54.0,0.67,0.88,0.82
301299.SZ,卓创资讯,49.97,64.59,5.76,7.0,8.04,6.25,3.47,68.59,66.05,24.03,43.38,9.19,,32.17,7.03,9.23,6.22
000875.SZ,吉电股份,8.81,14.32,1.28,10.72,11.31,4.13,2.5,29.83,31.67,18.66,26.31,13.47,0.02,74.07,1.06,1.34,0.78
601899.SH,紫金矿业,13.08,14.08,3.2,19.65,20.22,10.42,2.01,17.62,19.53,12.88,56.16,19.96,0.41,55.38,0.71,0.72,0.65
002307.SZ,北新路桥,782.48,-279.55,1.52,-0.37,0.15,1.25,,120.49,19.61,-0.19,-335.02,-9.64,0.08,90.19,扣非亏损,扣非亏损,5216.57
836395.BJ,朗鸿科技,35.56,36.7,10.11,19.3,19.97,19.82,3.63,55.68,57.1,37.3,56.08,0.34,,19.05,108.23,1.9,1.78
603110.SH,东方材料,174.49,503.32,4.21,1.61,1.83,1.84,,0.0,28.34,4.21,-4.09,-1.71,,16.25,-294.57,623.73,190.7
603351.SH,威尔药业,22.48,24.97,2.03,6.35,6.94,6.07,1.14,0.0,25.92,11.1,32.76,17.41,,26.48,1.43,7.87,6.48
834475.BJ,三友科技,116.49,131.57,3.77,2.77,2.41,1.87,1.15,0.0,16.51,2.47,-68.04,14.56,,33.05,9.03,95.03,96.67
603477.SH,巨星农牧,31.62,569.49,3.55,8.7,8.1,5.14,,0.0,17.84,6.72,194.36,47.37,17.37,60.81,12.02,130.97,7.81
002164.SZ,宁波东力,49.05,54.49,2.04,3.0,3.17,2.08,,0.0,19.61,3.95,98.43,7.56,2.49,40.7,7.21,36.37,30.94
688603.SH,天承科技,101.37,121.18,7.02,4.46,5.24,5.43,0.45,0.0,39.1,20.93,22.11,12.07,,6.77,10.04,54.38,38.69
003019.SZ,宸展光电,20.27,24.42,2.97,9.83,10.85,8.43,1.99,0.0,23.47,8.44,36.35,6.99,,38.54,3.49,4.97,3.74
000785.SZ,居然之家,19.2,21.72,0.92,4.06,3.64,3.34,1.88,0.0,29.33,7.77,-31.04,16.09,0.82,58.84,1.35,10.7,10.55
300131.SZ,英唐智控,156.54,254.51,5.56,2.66,2.67,2.33,,0.0,7.84,1.01,37.79,-20.56,22.17,51.98,-12.38,191.55,117.26
301101.SZ,明月镜片,32.93,40.99,3.68,7.37,8.57,9.4,0.72,0.0,59.3,24.84,9.88,11.69,,8.97,3.51,11.13,7.68
002839.SZ,张家港行,5.18,5.59,0.59,8.27,8.89,,5.15,0.0,,41.16,7.92,2.9,,91.53,1.93,1.35,1.16
002840.SZ,华统股份,112.53,-71.29,3.71,2.05,2.54,2.4,,0.0,6.01,0.87,109.4,-0.51,2.76,74.42,扣非亏损,扣非转亏,88.6
430510.BJ,丰光精密,140.04,103.54,10.24,5.08,5.17,4.69,0.43,0.0,36.79,12.0,143.69,7.97,,30.26,13.0,40.78,54.18
601616.SH,广电电气,52.87,104.44,1.38,1.7,1.9,1.8,1.93,0.0,28.24,8.56,289.89,-9.46,8.14,14.82,-11.04,122.59,55.66
002049.SZ,紫光国微,47.24,47.21,5.3,7.37,8.49,6.05,1.01,0.0,56.81,23.83,-54.37,34.3,5.63,26.84,1.38,12.81,11.13
688168.SH,安博通,-34.53,-581.26,3.27,-7.09,-6.81,-5.48,0.14,0.0,60.7,-29.4,-16.67,28.55,,23.89,扣非亏损,扣非亏损,亏损
300806.SZ,斯迪克,93.01,564.93,3.0,1.48,2.44,1.48,0.14,0.0,23.27,2.68,-46.46,9.45,,69.98,59.76,765.48,76.24
838837.BJ,华原股份,38.38,39.97,4.76,8.43,9.21,5.78,2.2,0.0,26.6,12.18,17.7,6.74,0.04,42.62,5.93,9.48,8.33
603109.SH,神驰机电,18.78,21.9,1.82,7.15,7.32,4.76,2.13,0.0,26.86,6.91,-24.29,20.14,,43.31,1.09,6.12,5.13
301571.SZ,国科天成,67.27,,5.41,6.91,8.05,6.6,,0.0,36.9,17.66,38.39,32.49,,29.78,,,16.71
000429.SZ,粤高速A,12.52,13.31,2.22,13.96,13.45,11.2,6.47,0.0,68.24,51.65,-0.31,11.8,,41.66,1.13,1.91,1.86
600199.SH,金种子酒,-73.31,-80.89,4.03,-4.51,-4.03,-2.82,,0.0,38.67,-12.25,-128.92,12.84,,26.52,扣非亏损,扣非亏损,亏损
300486.SZ,东杰智能,-26.83,-8.43,2.22,-6.3,-5.66,-1.78,,0.0,10.92,-13.94,-93.82,-3.38,16.78,57.35,扣非亏损,扣非亏损,亏损
300257.SZ,开山股份,34.0,34.92,1.58,3.36,3.51,2.94,0.63,0.0,32.92,7.1,-35.73,11.21,3.06,61.89,3.12,20.77,19.38
301227.SZ,森鹰窗业,-40.99,-70.06,1.05,-2.48,-1.85,-2.03,1.85,0.0,24.18,-8.6,-140.12,4.34,,25.06,扣非亏损,扣非亏损,亏损
600405.SH,动力源,-12.16,-7.4,5.7,-30.83,-29.5,-6.05,,0.0,29.96,-35.9,-65.23,-7.15,,77.21,扣非亏损,扣非亏损,亏损
601169.SH,北京银行,4.28,4.57,0.44,6.08,7.81,,7.06,17.4,,39.93,1.87,1.24,,91.18,3.67,0.75,0.55
002278.SZ,神开股份,76.12,112.35,1.84,1.04,1.83,2.2,0.85,0.0,36.46,5.99,91.94,2.6,7.22,34.26,43.19,216.81,83.19
002291.SZ,遥望科技,-10.72,-5.57,1.44,-10.35,-9.65,-6.24,,0.0,7.34,-10.42,6.21,30.64,32.11,35.17,扣非亏损,扣非亏损,亏损
000544.SZ,中原环保,6.9,9.7,1.1,10.76,11.22,4.38,2.59,0.0,48.04,25.44,36.48,62.13,,72.56,0.16,1.8,1.23
603912.SH,佳力图,249.35,337.78,2.24,0.02,0.65,0.38,0.91,0.0,26.31,2.71,-96.8,0.68,,45.28,494.38,41700.69,767.23
300921.SZ,南凌科技,398.57,230.97,3.77,-0.55,0.7,0.65,0.81,0.0,29.81,1.06,-328.14,7.1,,16.47,32.55,转盈,1138.78
600887.SH,伊利股份,13.09,18.82,3.37,15.5,19.32,7.88,4.49,0.0,34.81,12.28,0.65,9.33,8.52,60.19,2.02,2.43,1.36
002176.SZ,江特电机,-139.76,-28.53,4.11,-5.13,-2.18,-0.74,,0.0,4.45,-6.85,-22.88,41.56,1.33,42.38,扣非亏损,扣非亏损,亏损
688295.SH,中复神鹰,-1877.16,-208.05,4.4,-1.57,-0.17,0.12,0.35,0.0,19.26,-0.75,-128.57,67.9,,48.49,扣非亏损,扣非亏损,亏损
600520.SH,文一科技,297.95,802.67,18.95,2.28,4.91,3.1,,0.0,22.94,7.64,109.2,2.74,,33.59,292.93,704.0,121.37
300004.SZ,南风股份,62.19,-1586.54,2.02,1.83,2.46,2.09,,0.0,31.48,9.63,643.02,-3.11,,14.82,扣非亏损,扣非转亏,50.56
301456.SZ,盘古智能,52.14,55.59,1.82,2.0,2.65,2.37,1.09,0.0,38.14,16.2,-42.0,6.05,,7.16,9.19,55.59,39.35
688066.SH,航天宏图,-23.98,-11.51,3.59,-12.22,-10.19,-2.35,,0.0,28.45,-16.53,-157.1,38.26,,64.63,扣非亏损,扣非亏损,亏损
002827.SZ,高争民爆,59.93,79.24,9.98,11.51,12.95,5.4,0.9,0.0,26.91,9.93,25.24,27.31,4.21,58.27,2.9,13.77,9.26
002852.SZ,道道全,19.56,70.07,1.43,3.88,5.53,4.33,2.03,0.0,8.91,2.67,-39.02,10.55,,56.9,6.64,36.11,7.07
603007.SH,*ST花王,-52.45,-27.09,17.28,-24.07,-26.96,-2.85,,0.0,-1.42,-131.39,-29.02,-23.94,,85.18,扣非亏损,扣非亏损,亏损
301203.SZ,国泰环保,17.87,18.94,1.7,7.03,7.07,6.84,3.86,0.0,55.7,42.86,-5.92,-10.75,,3.52,-1.76,5.39,5.06
300143.SZ,盈康生命,73.94,91.85,3.41,5.41,5.93,4.57,,0.0,26.16,6.78,-16.42,13.07,47.1,42.96,7.03,33.95,24.94
688030.SH,山石网科,-31.0,-20.82,3.27,-8.06,-7.43,-3.4,,0.0,72.9,-10.94,53.75,10.54,,46.11,扣非亏损,扣非亏损,亏损
688627.SH,精智达,123.49,89.77,5.0,2.43,2.98,2.56,0.42,0.0,36.94,9.14,31.4,33.21,,11.62,2.7,73.97,82.88
603338.SH,浙江鼎力,14.26,13.55,2.82,15.75,15.71,11.12,1.95,0.0,36.16,23.83,19.42,31.07,1.4,35.52,0.44,1.72,1.82
600622.SH,光大嘉宝,-21.07,-3.87,1.49,-8.18,-5.17,0.24,,0.0,39.22,-32.42,29.76,6.28,11.23,73.48,扣非亏损,扣非亏损,亏损
301239.SZ,普瑞眼科,414.11,-631.99,3.94,0.81,0.7,2.84,0.47,0.0,39.5,1.07,-92.04,27.98,17.41,52.15,扣非亏损,扣非转亏,1183.18
600863.SH,内蒙华电,8.76,13.21,1.73,12.66,14.77,8.6,4.74,0.0,22.19,16.6,11.04,14.1,0.3,37.85,0.94,2.09,1.19
000887.SZ,中鼎股份,13.24,15.5,1.45,7.63,8.4,6.31,1.62,0.0,22.3,7.3,30.43,13.52,18.92,46.45,1.15,4.06,3.15
605303.SH,园林股份,-16.5,-11.13,1.25,-6.33,-5.5,-2.89,,0.0,12.32,-13.3,28.48,-16.64,0.05,51.66,扣非亏损,扣非亏损,亏损
002393.SZ,力生制药,20.35,38.66,0.92,2.15,3.43,2.74,2.3,0.0,55.21,16.44,-22.5,0.43,1.25,16.85,90.57,35.91,11.86
300118.SZ,东方日升,-7.77,-9.38,1.22,-12.17,-10.94,-2.95,1.14,0.0,8.61,-10.44,-210.35,31.17,,71.41,扣非亏损,扣非亏损,亏损
301330.SZ,熵基科技,34.7,40.03,1.72,3.25,3.71,3.29,1.36,0.0,49.5,9.46,-26.72,3.12,0.02,14.33,12.84,24.63,18.71
002037.SZ,保利联合,-57.83,-5.48,2.33,-3.95,-3.02,0.96,,0.0,19.55,-1.9,-204.06,4.29,8.15,83.01,扣非亏损,扣非亏损,亏损
300016.SZ,北陆药业,116.31,-126.25,2.42,1.52,1.47,2.13,,0.0,50.04,2.6,275.59,2.46,2.54,38.62,扣非亏损,扣非转亏,158.24
301468.SZ,博盈特焊,36.14,47.69,1.38,2.16,2.82,2.75,1.64,0.0,30.55,17.8,-52.62,-1.05,,7.96,-45.6,44.13,25.63
000417.SZ,合百集团,15.36,29.66,0.91,3.48,4.44,3.13,2.2,0.0,27.03,5.15,22.4,1.9,0.06,54.39,15.64,17.05,6.92
003020.SZ,立方制药,23.78,24.84,2.18,6.56,6.96,5.2,1.78,0.0,69.92,10.28,-24.1,2.39,3.87,24.67,10.4,7.58,6.83
002623.SZ,亚玛顿,-104.1,-44.81,1.19,-1.27,-0.83,-0.09,1.87,0.0,4.9,-0.89,-158.79,27.72,,43.67,扣非亏损,扣非亏损,亏损
301366.SZ,一博科技,69.92,96.32,3.58,3.06,3.74,3.23,1.2,0.0,35.88,12.71,17.07,11.5,0.06,16.86,8.38,62.87,37.39
002725.SZ,跃岭股份,-409.87,-141.98,3.63,-0.88,-0.66,-1.09,,0.0,9.77,-1.24,70.67,-1.55,,24.45,扣非亏损,扣非亏损,亏损
300474.SZ,景嘉微,1582.68,814.42,6.94,0.19,0.69,-0.23,0.17,0.0,53.85,5.41,119.9,11.53,,12.68,70.66,8645.66,4587.48
600073.SH,光明肉业,13.22,32.61,1.3,5.78,7.54,3.29,1.07,0.0,10.69,2.1,22.13,-1.91,1.5,47.14,-17.07,11.29,3.51
300245.SZ,天玑科技,-190.91,-50.42,2.74,-3.31,-1.07,-1.23,,0.0,25.97,-7.63,11.76,-3.57,,12.97,扣非亏损,扣非亏损,亏损
600990.SH,四创电子,-132.89,-12.79,3.37,-3.11,-1.89,-0.37,,0.0,16.61,-3.69,35.06,-20.97,,66.06,扣非亏损,扣非亏损,亏损
600761.SH,安徽合力,11.24,13.6,1.62,10.73,12.64,7.61,3.29,0.0,21.53,8.82,13.84,10.97,0.6,42.18,1.24,2.54,1.78
601718.SH,际华集团,-230.33,-171.47,0.8,-0.29,-0.26,-0.13,1.06,0.0,13.66,-1.04,-516.12,-7.29,0.02,34.02,扣非亏损,扣非亏损,亏损
002266.SZ,浙富控股,17.46,29.23,1.62,5.4,7.01,3.39,1.47,0.0,11.63,5.17,-24.24,33.64,10.16,54.5,0.87,10.83,4.98
000519.SZ,中兵红箭,-288.85,42.45,2.24,-0.63,-0.58,-0.6,0.39,0.0,22.55,-2.41,-141.34,-1.1,,33.09,-38.65,扣非亏损,亏损
000683.SZ,远兴能源,9.64,8.69,1.61,12.84,12.87,9.98,5.11,0.0,42.63,25.99,16.48,19.28,0.02,44.01,0.45,1.35,1.5
300933.SZ,中辰股份,51.33,100.23,2.16,2.46,2.91,2.87,0.42,0.0,13.89,2.27,-10.62,11.21,,58.86,8.94,81.49,35.28
688639.SH,华恒生物,42.84,33.61,3.82,8.99,9.14,4.69,0.71,0.0,28.13,10.92,-47.41,60.38,,60.56,0.56,7.48,9.37
605507.SH,国邦医药,15.58,17.85,1.53,7.4,7.63,6.25,1.72,0.0,26.17,13.1,16.87,9.2,0.0,26.21,1.94,4.82,4.08
000990.SZ,诚志股份,35.21,49.62,0.58,1.09,1.23,2.01,0.61,0.0,15.7,3.67,39.09,9.11,36.04,30.2,5.44,90.96,57.26
300957.SZ,贝泰妮,42.15,51.64,3.95,5.8,7.07,6.02,0.88,0.0,73.73,10.07,-32.81,29.12,6.84,22.52,1.77,17.8,11.92
600610.SH,中毅达,-299.92,-65.32,93.06,-39.58,-52.6,1.88,,0.0,8.18,-1.86,64.53,5.17,247.04,93.56,扣非亏损,扣非亏损,亏损
300831.SZ,派瑞股份,76.74,79.85,5.89,5.52,5.9,5.51,0.1,7.27,66.27,34.38,1602.22,3.91,,6.38,20.4,14.47,13.01
600736.SH,苏州高新,20.04,-16.29,0.85,-3.19,1.85,1.21,0.57,0.0,15.57,4.21,-327.76,-6.38,0.51,74.84,扣非亏损,扣非亏损,21.66
300462.SZ,华铭智能,-29.04,-33.52,1.47,-4.35,-3.68,-2.87,,0.0,26.43,-12.15,-269.21,-17.04,0.25,29.57,扣非亏损,扣非亏损,亏损
603020.SH,爱普股份,25.46,48.13,0.94,2.27,2.8,3.82,1.2,0.0,16.59,5.73,7.66,2.67,0.71,10.6,18.04,42.49,18.19
688513.SH,苑东生物,22.38,36.1,2.42,6.36,8.28,6.68,0.91,0.0,77.55,20.87,14.92,6.94,,21.68,5.2,11.36,5.41
002495.SZ,佳隆股份,107.25,-1385.58,2.05,1.32,1.42,1.3,,0.0,32.08,7.74,1021.71,4.77,,5.29,扣非亏损,扣非转亏,151.06
688078.SH,龙软科技,34.2,32.39,2.96,6.63,6.69,5.79,0.89,0.0,58.51,22.48,-22.61,27.06,1.27,15.21,1.2,9.77,10.22
002074.SZ,国轩高科,81.92,367.23,1.79,0.23,1.66,1.2,0.47,0.0,17.98,1.62,12.62,71.24,1.88,74.31,5.16,3225.53,98.7
300588.SZ,熙菱信息,-85.22,-63.68,8.12,-9.66,-6.9,-4.34,,0.0,37.62,-22.37,8.03,-11.44,,48.16,扣非亏损,扣非亏损,亏损
603200.SH,上海洗霸,60.89,83.89,4.1,4.85,5.14,3.49,0.33,0.0,38.07,11.66,41.29,1.06,,35.92,79.36,34.62,23.69
301252.SZ,同星科技,25.33,30.04,2.86,7.84,8.59,6.51,1.82,0.0,21.76,12.05,16.38,26.84,,28.29,1.12,7.67,5.9
002139.SZ,拓邦股份,20.86,22.87,2.34,8.4,8.61,5.35,0.61,0.0,23.71,7.18,42.12,18.43,1.69,46.58,1.24,5.44,4.85
601996.SH,丰林集团,-80.5,-43.88,0.99,-1.15,-0.87,-0.68,4.21,0.0,3.83,-1.65,-140.72,10.69,0.93,21.49,扣非亏损,扣非亏损,亏损
603019.SH,中科曙光,119.65,93.48,6.4,2.35,4.05,3.2,0.63,0.0,26.81,10.01,8.66,12.0,0.37,38.59,7.79,79.47,59.09
603707.SH,健友股份,31.1,-56.72,4.04,9.08,10.08,8.23,0.67,0.0,41.41,19.62,-33.41,11.02,2.01,33.52,扣非亏损,扣非转亏,6.17
301305.SZ,朗坤环境,18.53,22.09,1.35,5.46,5.55,3.9,1.66,0.0,31.3,14.48,34.9,17.62,,38.72,1.25,8.09,6.68
301378.SZ,通达海,-53.66,963.73,2.57,-4.23,-3.44,-3.24,1.02,0.0,36.44,-15.83,-288.43,18.36,,13.95,52.49,扣非亏损,亏损
600556.SH,天下秀,101.97,235.91,2.3,1.47,1.69,1.28,0.26,0.0,17.12,1.99,-38.79,13.57,0.36,30.1,17.39,320.21,120.68
600061.SH,国投资本,18.6,26.07,1.01,3.84,4.02,1.21,1.64,0.0,0.16,190.41,-13.57,38.82,7.64,79.08,0.67,13.58,9.25
000989.SZ,ST九芝,21.29,31.3,1.8,5.61,6.19,5.38,3.95,0.0,59.03,11.61,-19.82,-5.3,3.58,28.23,-5.9,11.17,6.88
300335.SZ,迪森股份,28.98,44.01,1.3,3.15,3.43,3.8,2.14,0.0,30.31,11.75,9.21,-3.02,14.72,26.7,-14.56,27.98,16.9
300270.SZ,中威电子,-35.89,-29.7,3.89,-8.06,-7.88,-6.31,,0.0,26.26,-47.81,7.65,1.28,1.13,29.35,扣非亏损,扣非亏损,亏损
600609.SH,金杯汽车,25.76,141.21,7.31,14.06,24.03,10.58,,0.0,17.12,11.63,-6.58,-1.71,,61.53,-82.67,20.09,2.14
002140.SZ,东华科技,15.02,17.26,1.5,6.9,7.66,2.38,1.29,0.0,8.09,4.85,35.1,13.43,,70.63,1.28,5.0,3.92
300945.SZ,曼卡龙,26.76,34.12,1.72,4.51,4.9,4.8,0.86,0.0,14.13,4.61,15.25,34.3,,11.21,0.99,15.14,10.92
000520.SZ,凤凰航运,-198.68,-229.96,11.2,-5.29,-4.14,-2.76,,0.0,-0.36,-2.92,-49.42,13.09,,27.67,扣非亏损,扣非亏损,亏损
002025.SZ,航天电器,49.1,54.48,4.12,5.9,6.4,4.29,0.79,0.0,44.36,11.68,-34.27,13.18,,35.47,4.13,18.47,15.34
600429.SH,三元股份,48.57,138.06,1.31,1.38,1.99,2.02,1.1,0.0,23.86,2.1,192.05,-1.94,0.38,43.67,-71.16,199.54,48.78
600048.SH,保利发展,12.43,19.68,0.66,3.75,3.9,1.39,4.14,0.0,15.92,6.7,-41.03,13.08,0.02,74.89,1.5,10.5,6.38
301125.SZ,腾亚精工,217.88,-361.1,2.7,0.66,0.95,0.35,0.16,0.0,24.33,-0.73,-81.24,9.22,2.82,39.61,扣非亏损,扣非转亏,458.69
688501.SH,青达环保,40.34,19.37,2.03,3.3,3.81,2.54,1.32,0.0,32.79,4.45,81.31,23.01,0.25,65.43,0.84,11.73,21.18
002635.SZ,安洁科技,37.97,46.72,1.94,2.92,3.81,2.64,1.84,0.0,22.92,6.09,-12.37,16.45,4.35,27.35,2.84,32.04,19.93
600671.SH,ST目药,-246.65,-51.89,36.34,-22.29,-10.47,0.5,,0.0,42.76,-3.02,66.45,-14.32,3.89,84.57,扣非亏损,扣非亏损,亏损
603158.SH,腾龙股份,12.92,17.97,1.81,7.92,10.77,7.2,1.64,0.0,21.83,9.87,31.34,20.91,6.74,45.66,0.86,4.54,2.4
688091.SH,上海谊众,221.26,128.56,7.12,2.14,2.37,1.6,0.48,0.0,94.58,20.44,-72.39,2869.72,,3.42,0.04,120.04,186.72
002086.SZ,东方海洋,-62.69,-9.09,3.76,-5.09,-4.4,-3.0,,0.0,10.3,-28.36,-5.08,7.38,0.27,20.19,扣非亏损,扣非亏损,亏损
601869.SH,长飞光纤,29.35,68.37,1.94,2.69,5.01,2.27,1.87,0.0,27.81,5.98,-56.63,19.19,6.05,51.63,3.56,50.83,11.72
301113.SZ,雅艺科技,249.59,1945.1,2.56,0.54,0.77,0.65,0.09,0.0,27.74,2.86,-81.04,-10.21,,8.22,-190.5,7180.15,648.28
688156.SH,路德环境,-313.19,-214.24,1.62,-0.59,-0.38,-0.28,0.21,0.0,30.42,-3.58,-124.15,14.91,,46.33,扣非亏损,扣非亏损,亏损
688717.SH,艾罗能源,50.75,66.59,2.41,2.92,3.63,1.59,,0.0,37.26,6.67,-87.19,225.42,,30.65,0.3,45.68,27.96
600683.SH,京投发展,-3.02,-2.07,4.69,-12.26,-84.81,-1.27,,0.0,-0.94,-101.97,-2166.08,16.68,0.14,86.43,扣非亏损,扣非亏损,亏损
002647.SZ,仁东控股,-23.79,-22.06,83.4,-203.93,-248.86,-0.34,,0.0,22.53,-15.12,-36.66,-4.53,810.15,97.72,扣非亏损,扣非亏损,亏损
000736.SZ,中交地产,-4.16,-3.82,16.34,-146.04,-151.06,-0.44,,0.0,5.8,-12.51,-47.8,55.72,,85.94,扣非亏损,扣非亏损,亏损
002483.SZ,润邦股份,13.91,77.13,1.13,5.43,6.23,4.8,1.92,0.0,19.31,7.03,5.38,26.58,4.83,56.45,2.9,28.4,4.46
002701.SZ,奥瑞金,14.35,17.98,1.61,8.35,8.52,7.08,2.9,0.0,17.3,6.95,9.4,6.69,0.63,49.03,2.69,4.31,3.37
600187.SH,国中水务,625.48,-236.43,2.37,0.07,0.28,0.52,,0.0,30.34,5.02,-95.29,-15.23,,10.78,扣非亏损,扣非转亏,4467.74
603489.SH,八方股份,82.22,129.31,2.13,1.61,1.9,0.91,1.82,0.0,25.63,5.06,-59.44,18.31,,16.68,7.06,160.74,86.55
300269.SZ,联建光电,-298.86,-52.86,35.06,-18.9,-8.91,-0.22,,0.0,28.28,-1.47,-173.77,-3.18,,90.75,扣非亏损,扣非亏损,亏损
300450.SZ,先导智能,50.13,1356.3,3.4,4.94,5.12,1.8,1.34,0.0,36.42,6.44,-74.22,43.16,9.11,65.39,31.42,548.55,19.58
002152.SZ,广电运通,35.4,45.12,2.58,4.55,5.42,3.03,1.63,0.0,31.44,10.97,-17.08,12.31,11.25,45.81,3.67,19.84,13.06
000797.SZ,中国武夷,79.29,58.41,0.94,1.31,0.91,2.64,0.33,0.0,29.88,4.02,5479.35,21.0,0.08,74.56,2.78,89.02,174.26
688017.SH,绿的谐波,270.0,349.19,10.45,2.6,2.91,2.44,0.2,0.0,39.53,21.71,-21.02,28.4,,19.88,12.29,268.59,185.57
003007.SZ,直真科技,-58.74,141.36,3.89,-5.22,-4.79,-4.18,0.61,0.0,64.34,-22.84,15.31,3.69,2.21,13.49,38.31,扣非亏损,亏损
600875.SH,东方电气,14.54,21.6,1.32,6.52,6.8,2.46,3.25,0.0,15.74,5.88,-8.19,18.27,,69.34,1.18,6.62,4.28
688283.SH,坤恒顺维,174.54,99.26,4.06,1.02,1.71,0.06,0.32,0.0,64.56,13.67,-79.71,25.16,0.01,13.33,3.95,194.53,204.14
603900.SH,莱绅通灵,-37.45,-23.28,1.13,-2.01,-2.21,-2.24,1.5,0.0,36.73,-5.29,-77.96,-14.3,,14.59,扣非亏损,扣非亏损,亏损
603212.SH,赛伍技术,-47.88,-70.77,2.13,-3.38,-3.33,-2.42,0.41,0.0,6.7,-4.21,-232.14,25.29,,37.75,扣非亏损,扣非亏损,亏损
603285.SH,键邦股份,22.98,,2.53,9.99,11.48,10.88,,0.0,34.49,25.1,,-10.56,,7.27,,,4.0
688778.SH,厦钨新能,48.36,53.99,2.74,3.97,4.26,2.93,1.77,0.0,9.66,3.69,-7.32,45.2,,39.19,1.19,27.21,22.7
000863.SZ,三湘印象,52.23,104.89,1.0,1.36,1.45,1.94,,0.0,52.19,4.27,41.07,-37.24,6.1,33.75,-2.82,154.55,72.04
839946.BJ,华阳变速,-69.81,-39.11,5.74,-6.62,-5.99,-2.31,1.71,0.0,2.3,-3.86,5.04,7.39,,66.62,扣非亏损,扣非亏损,亏损
301317.SZ,鑫磊股份,76.27,65.81,3.53,3.22,3.36,1.13,1.53,0.0,23.62,4.94,16.17,2.74,,56.3,24.0,40.85,45.4
300323.SZ,华灿光电,-23.5,-15.35,1.57,-5.94,-5.01,-3.33,,0.0,-0.05,-12.18,31.18,5.75,,40.5,扣非亏损,扣非亏损,亏损
300396.SZ,迪瑞医疗,18.48,21.38,2.26,9.11,9.28,6.83,1.7,0.0,43.41,16.38,-17.72,14.76,,31.73,1.45,4.7,3.98
300065.SZ,海兰信,538.67,-52.93,4.3,-0.73,0.6,0.36,,0.0,37.14,3.78,43.54,-4.02,0.28,25.28,扣非亏损,扣非亏损,1795.57
600748.SH,上实发展,-18.74,-11.65,0.72,-3.1,-2.82,-0.02,0.6,0.0,15.72,-19.59,-330.99,31.37,0.37,62.92,扣非亏损,扣非亏损,亏损
001296.SZ,长江材料,19.86,19.78,1.42,5.17,5.39,5.3,1.7,0.0,25.69,13.11,2.34,2.19,,16.34,9.04,7.65,7.37
000532.SZ,华金资本,111.6,85.9,3.95,2.42,2.65,2.41,0.54,0.0,41.86,15.21,-7.99,-4.22,,35.71,-20.37,70.91,84.23
301522.SZ,上大股份,99.22,,9.06,8.46,10.3,5.0,,0.0,14.25,6.62,,58.27,,61.31,,,19.27
300500.SZ,启迪设计,-94.59,-5.38,1.82,-2.39,-1.43,0.32,0.42,0.0,24.43,-1.81,-266.92,-2.97,0.98,61.69,扣非亏损,扣非亏损,亏损
001259.SZ,利仁科技,124.28,120.07,2.32,1.31,1.36,0.07,1.41,0.0,29.14,3.43,-39.09,-14.55,,9.6,-8.25,183.31,182.77
301276.SZ,嘉曼服饰,16.5,19.31,1.12,3.36,5.13,5.39,3.12,0.0,62.12,15.13,-7.82,3.76,,17.69,5.14,11.51,6.43
603657.SH,春光科技,326.17,-151.65,2.16,0.26,0.49,0.55,0.62,0.0,11.64,0.32,-93.06,31.58,0.56,58.09,扣非亏损,扣非转亏,1331.3
688475.SH,萤石网络,56.72,53.25,5.28,6.92,7.03,4.22,1.11,0.0,42.88,9.46,-5.45,17.22,,34.22,3.09,15.38,16.14
002774.SZ,快意电梯,20.96,21.79,1.96,5.65,6.82,4.6,4.82,0.0,27.03,7.64,-5.4,32.8,,39.68,0.66,7.72,6.15
001322.SZ,箭牌家居,203.45,66.06,1.79,0.02,0.64,0.81,1.11,0.0,26.42,0.61,-99.61,6.77,,49.48,9.76,6382.62,635.79
688590.SH,新致软件,97.33,115.26,3.08,1.36,2.21,1.92,0.35,0.0,26.02,1.9,-26.85,16.62,4.86,50.4,6.93,169.02,88.08
603898.SH,好莱客,22.82,30.49,0.91,2.07,2.9,2.47,1.91,0.0,34.68,6.3,-51.06,6.12,,28.22,4.98,29.44,15.74
001260.SZ,坤泰股份,34.17,36.88,2.35,5.16,5.23,4.95,0.57,0.0,27.38,9.06,16.68,9.21,,22.55,4.0,14.3,13.07
838227.BJ,美登科技,37.2,40.86,3.86,7.08,7.36,8.33,3.29,0.0,68.68,28.79,5.34,7.01,18.09,4.68,5.83,11.54,10.11
603096.SH,新经典,16.2,19.94,1.51,5.77,6.62,7.54,4.57,0.0,47.93,20.21,-1.55,1.0,0.26,6.28,19.89,6.91,4.89
301162.SZ,国能日新,59.43,58.85,3.74,3.94,4.86,3.96,0.87,0.0,67.28,14.83,0.9,22.53,,27.29,2.61,29.85,24.46
002471.SZ,中超控股,-414.11,-122.73,2.25,-1.81,-0.41,1.12,1.07,0.0,10.25,-0.19,-8.86,4.04,1.34,70.33,扣非亏损,扣非亏损,亏损
301099.SZ,雅创电子,34.98,61.12,4.38,5.71,9.14,5.21,0.14,0.0,18.07,5.35,74.83,32.22,8.9,62.36,1.9,21.4,7.65
688589.SH,力合微,54.42,56.62,3.94,4.38,4.95,4.0,0.88,0.0,43.23,13.32,-38.89,40.62,,29.42,1.39,25.88,21.99
301391.SZ,卡莱特,267.81,75.96,1.93,-1.24,0.54,0.14,0.7,0.0,44.14,2.75,-133.03,38.09,,18.2,1.99,转盈,991.89
002585.SZ,双星新材,-23.16,-13.66,0.78,-2.97,-2.48,-2.02,0.37,0.0,0.05,-5.25,-21146.95,2.22,,32.25,扣非亏损,扣非亏损,亏损
300077.SZ,国民技术,-100.32,-66.39,18.56,-9.65,-13.55,-3.28,,0.0,19.99,-20.22,64.82,57.4,2.81,69.27,扣非亏损,扣非亏损,亏损
000609.SZ,*ST中迪,-5.5,-4.35,2.75,-29.28,-31.61,-1.78,,0.0,0.95,-37.45,-47.67,168.95,1.05,86.19,扣非亏损,扣非亏损,亏损
000901.SZ,航天科技,-731.25,-159.52,2.51,-0.53,-0.26,1.3,,0.0,17.98,-0.06,-248.97,8.67,8.53,48.55,扣非亏损,扣非亏损,亏损
301047.SZ,义翘神州,68.75,136.18,1.58,0.59,1.6,1.78,2.43,0.0,74.42,21.36,-74.04,-22.5,4.97,4.54,-6.05,464.95,85.94
601808.SH,中海油服,22.6,23.27,1.7,5.84,5.8,5.31,1.44,0.0,17.24,7.83,12.13,15.55,,46.83,1.5,7.97,7.79
603399.SH,永杉锂业,109.22,-42.33,4.12,-1.79,2.8,2.83,,0.0,3.63,1.3,85.29,52.15,,50.29,扣非亏损,扣非亏损,78.01
603886.SH,元祖股份,9.96,15.61,2.01,14.89,15.34,10.09,5.49,0.0,64.33,13.32,-11.05,5.03,,50.85,3.1,2.1,1.3
836263.BJ,中航泰达,24.71,20.29,2.54,7.78,7.78,5.12,1.8,0.0,23.81,16.19,-22.51,9.19,,42.58,2.21,5.21,6.35
605339.SH,南侨食品,37.44,31.47,2.2,4.14,4.44,3.66,0.58,0.0,24.47,6.52,18.38,10.34,,19.42,3.04,15.2,16.86
002332.SZ,仙琚制药,18.12,21.47,2.13,8.83,8.96,8.7,2.35,0.0,54.63,16.77,12.82,0.86,9.96,12.15,24.95,4.86,4.05
832651.BJ,天罡股份,25.97,30.27,2.94,7.41,8.36,6.69,6.87,0.0,49.46,21.46,-14.67,5.39,,31.05,5.62,8.17,6.21
000061.SZ,农产品,27.91,38.06,1.87,4.06,5.05,3.6,1.7,0.0,29.88,12.15,-2.18,20.47,0.1,61.5,1.86,18.76,11.05
002888.SZ,惠威科技,782.74,-10596.81,8.01,1.78,0.75,0.7,0.27,0.0,34.99,1.73,651.67,-4.76,,14.53,扣非亏损,扣非转亏,2087.32
002458.SZ,益生股份,26.28,65.36,2.37,6.79,6.79,4.78,1.86,0.0,27.7,14.05,-55.72,24.24,0.41,37.23,2.7,19.25,7.74
300638.SZ,广和通,16.43,25.85,4.05,13.53,19.69,9.52,2.0,0.0,20.71,10.56,3.83,41.28,0.39,52.55,0.63,3.82,1.67
002762.SZ,金发拉比,-204.62,-72.02,3.37,-1.33,-1.21,-1.2,0.56,0.0,51.26,-7.35,-1101.83,-13.07,1.0,6.56,扣非亏损,扣非亏损,亏损
839729.BJ,永顺生物,63.0,109.25,3.75,3.42,4.38,3.98,2.04,0.0,57.5,14.46,-49.57,-1.55,,17.62,-70.53,63.93,28.77
603669.SH,灵康药业,-77.75,-32.06,6.11,-10.17,-5.17,-4.72,,0.0,43.06,-20.3,24.96,-39.64,,29.02,扣非亏损,扣非亏损,亏损
603759.SH,海天股份,16.43,15.47,1.23,5.38,5.6,4.15,3.25,0.0,44.37,15.26,-10.83,14.84,,55.61,1.04,5.75,5.87
301137.SZ,哈焊华通,164.8,158.62,2.8,0.25,1.26,0.88,0.7,0.0,9.94,1.55,-78.33,5.98,,34.73,26.51,1251.91,261.59
002597.SZ,金禾实业,26.17,28.4,1.91,5.16,5.61,4.47,0.91,0.0,20.19,10.12,-21.91,18.91,0.02,26.94,1.5,11.01,9.33
603822.SH,嘉澳环保,-15.53,-16.33,3.09,-13.9,-13.73,-2.88,,0.0,-1.77,-13.05,-541.66,35.46,4.38,71.32,扣非亏损,扣非亏损,亏损
600928.SH,西安银行,6.4,6.63,0.5,6.07,6.07,,1.68,0.0,,34.87,1.34,0.6,,92.73,11.1,2.19,2.11
601689.SH,拓普集团,32.44,37.99,5.18,12.42,12.43,8.18,0.76,0.0,21.17,11.59,34.83,46.25,1.08,45.63,0.82,6.12,5.22
600237.SH,铜峰电子,57.83,55.24,2.68,3.2,3.56,3.33,,0.0,24.05,6.77,8.67,8.74,,22.8,6.32,34.49,32.45
600797.SH,浙大网新,-128.52,-125.23,2.59,-2.29,-1.48,-0.74,0.61,0.0,21.2,-3.26,-67.85,-1.32,0.06,38.73,扣非亏损,扣非亏损,亏损
001309.SZ,德明利,23.23,24.38,8.32,30.02,31.52,13.66,0.14,0.0,23.13,11.73,439.19,29.59,,69.55,0.82,1.62,1.47
430685.BJ,新芝生物,43.65,38.17,2.43,2.98,4.08,4.18,2.88,0.0,62.4,22.17,-36.5,10.26,1.24,9.16,3.72,25.66,21.4
000610.SZ,西安旅游,-28.14,-19.17,7.94,-19.23,-19.14,-2.78,,0.0,5.52,-21.59,-33.68,32.25,1.71,82.4,扣非亏损,扣非亏损,亏损
000811.SZ,冰轮环境,13.92,19.0,1.49,7.65,8.31,5.1,0.74,0.0,27.34,10.23,-19.24,23.11,12.97,45.87,0.82,4.97,3.35
002202.SZ,金风科技,19.34,22.7,1.26,4.68,4.77,2.03,1.25,0.0,16.43,5.2,73.15,-3.41,0.26,73.72,-6.65,9.7,8.11
603261.SH,立航科技,-59.08,-26.79,3.42,-4.63,-4.19,-3.24,,0.0,12.64,-22.83,-5201.98,-3.75,,31.12,扣非亏损,扣非亏损,亏损
600123.SH,兰花科创,13.84,12.32,0.8,4.33,4.16,3.29,6.79,0.0,29.49,6.55,-59.95,32.52,,48.79,0.38,5.7,6.65
301558.SZ,三态股份,124.23,166.69,5.29,2.08,3.14,3.43,0.94,0.0,28.83,3.44,-74.28,-11.42,,9.76,-14.6,159.98,79.13
838670.BJ,恒进感应,152.39,146.89,4.44,1.18,2.15,2.02,1.0,0.0,43.48,22.05,-26.89,0.8,,12.19,184.42,249.53,141.76
603936.SH,博敏电子,88.6,-9.65,1.33,0.32,1.13,1.04,,0.0,13.1,2.17,-61.27,3.21,12.56,47.5,扣非亏损,扣非转亏,156.81
300106.SZ,西部牧业,-39.49,-20.24,4.38,-9.32,-7.99,-2.79,,0.0,10.09,-5.55,-80.98,13.24,0.25,47.95,扣非亏损,扣非亏损,亏损
300347.SZ,泰格医药,54.18,50.19,2.79,4.24,3.85,3.73,1.03,0.0,38.88,17.82,-25.56,34.48,11.51,19.35,1.46,23.68,28.15
300777.SZ,中简科技,44.99,54.83,3.26,5.13,5.57,5.77,0.4,0.0,61.31,43.4,1.89,23.13,0.0,6.1,2.37,21.36,16.16
002561.SZ,徐家汇,-1655.33,1565.31,1.97,-0.11,-0.09,0.25,1.12,0.0,55.27,1.26,-107.1,-1.53,,14.22,-1023.08,扣非亏损,亏损
603506.SH,南都物业,21.85,27.61,1.56,7.09,5.09,3.2,3.23,0.0,16.04,5.07,-7.48,9.62,19.86,53.16,2.87,7.79,8.59
688565.SH,力源科技,-31.56,-12.92,2.27,-7.04,-5.25,-2.77,,0.0,8.14,-14.26,16.22,2.21,,50.03,扣非亏损,扣非亏损,亏损
002319.SZ,乐通股份,-78.42,-102.8,40.79,-34.64,-34.06,-1.99,,0.0,16.37,-7.35,-1257.07,7.71,,90.31,扣非亏损,扣非亏损,亏损
002320.SZ,海峡股份,41.15,44.27,3.24,5.85,5.98,14.59,1.99,0.0,45.5,27.01,-31.81,58.3,,17.97,0.76,15.14,13.76
002750.SZ,*ST龙津,-96.58,-18.43,2.39,-3.25,-1.84,-1.99,,0.0,72.76,-26.94,49.14,21.5,0.5,11.51,扣非亏损,扣非亏损,亏损
300221.SZ,银禧科技,60.23,87.68,2.37,3.02,2.98,2.41,,0.0,16.69,2.72,4.23,3.16,,38.99,27.74,57.98,40.42
832089.BJ,禾昌聚合,18.14,18.88,2.02,8.41,8.64,5.8,0.67,0.0,16.13,8.17,5.23,21.02,,42.05,0.9,4.49,4.2
600355.SH,精伦电子,-64.65,-55.83,17.42,-18.71,-18.49,-9.81,,0.0,21.95,-28.21,6.66,-6.39,,47.53,扣非亏损,扣非亏损,亏损
603810.SH,丰山集团,-53.0,-21.71,1.19,-1.51,-1.59,-1.35,,0.0,8.03,-3.37,-265.38,-5.27,,41.32,扣非亏损,扣非亏损,亏损
300651.SZ,金陵体育,64.02,113.14,2.38,1.36,2.67,2.04,0.75,0.0,31.73,8.33,-71.75,5.62,,35.42,20.12,166.9,47.95
300768.SZ,迪普科技,116.56,103.06,4.43,2.5,2.86,1.59,0.54,0.0,67.23,11.28,33.3,6.02,,13.45,17.13,82.45,81.51
600785.SH,新华百货,18.19,28.44,1.19,4.55,4.95,3.04,1.35,0.0,26.45,1.91,-20.22,2.14,0.06,76.27,13.31,12.51,7.35
603948.SH,建业股份,14.6,13.97,1.59,7.56,8.27,7.37,4.4,0.0,14.97,9.36,-31.97,18.86,0.94,23.16,0.74,3.7,3.53
688206.SH,概伦电子,-150.54,-156.1,5.75,-2.12,-2.81,-2.88,,0.0,90.26,-20.42,-18.75,34.26,9.31,14.68,扣非亏损,扣非亏损,亏损
600470.SH,六国化工,51.9,68.57,1.43,0.61,1.89,1.93,,0.0,9.92,1.39,159.82,14.02,,68.67,4.89,223.61,54.92
603518.SH,锦泓集团,12.72,11.09,0.8,4.13,4.69,4.63,2.59,0.0,69.26,5.53,-14.07,12.07,52.61,37.28,0.92,5.37,5.42
301011.SZ,华立科技,32.59,39.73,4.14,9.67,9.77,7.34,0.85,0.0,30.55,9.26,53.28,26.33,2.28,43.9,1.51,8.21,6.67
300895.SZ,铜牛信息,-59.72,-28.06,5.65,-6.88,-6.77,-6.86,,0.0,-1.17,-41.41,-1380.84,2.36,,10.22,扣非亏损,扣非亏损,亏损
002062.SZ,宏润建设,15.17,18.55,1.14,5.61,6.05,3.06,2.26,0.0,17.94,7.88,-2.95,-16.88,,68.16,-1.1,6.62,5.02
603375.SH,盛景微,163.52,56.25,2.64,0.95,1.28,0.83,,0.0,35.36,3.48,-90.71,6.71,2.23,7.99,8.39,118.85,255.5
601018.SH,宁波港,13.43,18.58,0.95,4.3,5.4,5.17,2.56,0.0,29.2,20.61,3.58,6.2,0.72,26.59,3.0,8.64,4.97
000507.SZ,珠海港,14.91,19.98,0.9,3.14,3.75,3.59,0.23,0.0,25.47,9.69,-4.26,23.13,13.37,52.55,0.86,12.72,7.95
300536.SZ,*ST农尚,-33.14,-30.11,4.23,-7.74,-9.14,-5.87,,0.0,17.09,-48.07,-2713.75,-16.26,0.14,39.28,扣非亏损,扣非亏损,亏损
300908.SZ,仲景食品,25.6,28.67,2.95,8.52,8.73,8.54,2.42,0.0,42.75,17.78,10.51,11.02,,9.49,2.6,6.73,5.86
600111.SH,北方稀土,168.3,72.84,4.16,1.22,1.86,2.8,0.36,0.0,9.04,3.81,-80.08,17.09,0.12,34.73,4.26,119.05,180.97
002864.SZ,盘龙药业,26.21,29.99,1.95,5.11,5.66,3.82,0.57,0.0,61.77,12.45,-5.8,14.28,,28.7,2.1,11.74,9.26
002434.SZ,万里扬,25.59,43.13,1.52,4.09,4.36,3.22,4.03,0.0,17.7,6.18,-6.36,-0.3,4.41,46.22,-144.27,21.09,11.74
603633.SH,徕木股份,36.81,44.72,1.75,3.28,3.6,2.9,0.53,0.0,22.7,6.67,1.86,27.45,,45.64,1.63,27.27,20.45
600916.SH,中国黄金,15.12,16.72,2.04,9.45,9.93,7.15,4.56,0.0,4.2,1.61,2.69,20.89,0.06,40.0,0.8,3.54,3.05
000622.SZ,*ST恒立,-48.78,-46.03,6.33,-9.45,-9.28,-3.4,,0.0,1.14,-23.15,-188.69,-23.47,,63.94,扣非亏损,扣非亏损,亏损
873570.BJ,坤博精工,81.49,87.14,5.42,2.89,5.03,4.41,0.78,0.0,22.6,18.0,-73.98,39.85,,15.73,2.19,60.31,32.4
600507.SH,方大特钢,39.84,39.76,1.07,1.65,2.03,1.45,2.17,0.0,4.1,1.03,-73.34,7.34,0.01,56.25,5.42,48.1,39.25
600658.SH,电子城,-8.69,-7.6,0.83,-7.02,-6.9,-1.09,,0.0,37.89,-31.99,-38831.06,23.01,0.84,61.35,扣非亏损,扣非亏损,亏损
600249.SH,两面针,24.7,150.05,1.26,1.3,3.89,2.76,0.51,0.0,16.53,10.71,17.61,15.55,0.16,19.84,9.65,230.06,12.7
002573.SZ,清新环境,79.8,-39.19,1.0,0.61,0.93,1.96,2.03,0.0,18.04,1.69,-84.15,23.45,8.67,69.39,扣非亏损,扣非转亏,171.62
002611.SZ,东方精工,20.44,18.17,1.86,8.05,7.06,6.34,,0.0,32.2,10.79,53.03,17.74,8.65,30.92,1.02,4.51,5.79
300359.SZ,全通教育,-76.47,-110.86,6.4,-6.52,-6.07,-3.93,,0.0,25.21,-14.35,-2438.14,-3.38,3.08,18.01,扣非亏损,扣非亏损,亏损
300195.SZ,长荣股份,552.2,-160.73,0.94,-0.21,0.13,1.07,,0.0,29.52,0.1,69.81,10.53,0.51,54.99,扣非亏损,扣非亏损,8495.37
600343.SH,航天动力,-64.96,-34.06,4.6,-5.15,-5.19,-2.65,,0.0,10.72,-14.84,-48.26,-9.07,,46.43,扣非亏损,扣非亏损,亏损
300663.SZ,科蓝软件,-1219.52,-86.31,10.89,-1.05,-0.61,0.93,,0.0,32.01,-1.37,14.34,5.01,5.92,62.03,扣非亏损,扣非亏损,亏损
600773.SH,西藏城投,-67.41,-90.52,2.87,-3.51,-3.51,-0.68,0.09,0.0,55.18,-83.46,-343.89,10.04,,69.28,扣非亏损,扣非亏损,亏损
600811.SH,东方集团,70.67,-9.48,0.74,0.52,0.78,1.68,,0.0,15.34,13.98,140.46,-20.79,1.29,53.75,扣非亏损,扣非转亏,181.2
831010.BJ,凯添燃气,43.66,72.64,3.35,5.2,5.84,5.03,0.87,0.0,20.96,10.51,-22.75,12.53,0.22,32.34,5.8,27.93,14.95
002737.SZ,葵花药业,16.15,18.88,2.82,9.96,12.32,11.28,5.77,0.0,52.23,20.41,-42.05,18.32,1.95,20.79,1.03,3.79,2.62
839680.BJ,广道数字,-58.89,-95.27,2.88,-3.59,-3.58,-2.73,0.21,0.0,37.72,-19.99,-157.51,9.36,,16.14,扣非亏损,扣非亏损,亏损
603809.SH,豪能股份,22.69,27.33,3.16,9.97,10.28,6.54,1.69,0.0,34.14,14.37,77.91,19.15,8.41,56.71,1.43,5.49,4.42
688345.SH,博力威,-75.06,-25.9,1.99,-2.2,-1.96,-1.43,,0.0,16.61,-1.76,-148.33,18.6,,57.0,扣非亏损,扣非亏损,亏损
603122.SH,合富中国,95.35,113.97,2.89,1.87,2.25,2.48,0.75,0.0,19.76,3.83,-44.27,0.73,,20.06,156.07,122.14,84.75
600097.SH,开创国际,105.25,17.31,1.05,0.55,0.74,1.33,1.78,0.0,27.37,1.35,152.4,0.79,4.67,30.71,21.81,63.22,284.45
301149.SZ,隆华新材,25.21,23.82,2.4,6.56,7.26,5.28,1.21,0.0,3.94,3.16,-28.88,36.6,,42.09,0.65,7.26,6.94
300756.SZ,金马游乐,122.88,-51.18,1.92,0.34,1.16,0.53,0.62,0.0,30.89,2.88,-94.7,31.35,0.12,37.69,扣非亏损,扣非转亏,211.86
688181.SH,八亿时空,44.87,53.06,1.74,2.83,2.94,2.63,0.3,0.0,41.41,10.83,-27.25,9.21,,23.62,5.76,37.53,30.53
301419.SZ,阿莱德,82.27,115.66,3.26,2.88,2.93,2.36,1.35,0.0,37.56,10.45,-48.86,8.5,,8.6,13.61,80.46,56.16
688577.SH,浙海德曼,129.99,224.38,2.99,1.02,1.94,1.56,0.64,0.0,25.4,3.19,-42.05,17.85,0.8,38.28,12.57,438.12,134.01
300789.SZ,唐源电气,31.87,21.73,2.26,4.93,5.41,3.78,1.3,0.0,37.95,12.08,9.04,33.83,,33.42,0.64,8.81,11.78
605199.SH,葫芦娃,49.69,85.39,4.81,3.67,7.36,3.74,0.82,0.0,54.67,7.38,-28.59,18.07,1.01,61.51,4.73,46.5,13.5
688615.SH,合合信息,63.87,,10.14,15.61,26.62,12.57,,0.0,84.36,29.21,8.45,20.04,,23.41,,,4.8
300790.SZ,宇瞳光学,35.51,55.37,3.41,6.65,7.01,4.05,0.61,0.0,22.87,7.38,291.59,15.28,4.49,63.22,3.62,16.65,10.13
002876.SZ,三利谱,62.27,83.08,2.28,3.13,2.77,2.0,0.07,0.0,15.94,3.48,75.23,3.47,0.34,51.55,23.96,53.1,44.96
002188.SZ,中天服务,366.16,50.59,10.94,15.09,2.27,2.57,,0.0,22.55,1.06,-27.25,28.51,,59.62,1.77,6.7,322.61
002446.SZ,盛路通信,79.74,-117.45,2.15,1.76,2.05,1.62,,0.0,33.49,7.91,-59.56,5.11,22.98,23.41,扣非亏损,扣非转亏,77.79
300360.SZ,炬华科技,12.76,13.21,2.34,14.92,14.32,12.75,3.66,0.0,47.96,34.96,44.28,17.46,1.65,16.98,0.76,1.77,1.78
000899.SZ,赣能股份,10.4,12.72,1.56,11.27,11.64,5.22,1.95,0.0,16.71,12.47,41.62,41.8,,64.23,0.3,2.26,1.79
002902.SZ,铭普光磁,-33.42,-16.45,5.61,-15.29,-14.15,-4.6,,0.0,12.6,-11.69,-245.15,6.25,,59.54,扣非亏损,扣非亏损,亏损
600250.SH,南京商旅,62.8,197.0,5.45,3.71,6.69,7.25,,0.0,28.4,12.91,-39.97,-3.4,7.95,54.2,-57.97,106.25,18.78
300498.SZ,温氏股份,14.76,25.98,3.28,17.86,17.6,7.98,0.5,0.0,16.33,8.8,233.3,7.66,0.38,54.86,3.39,2.91,1.68
600519.SH,贵州茅台,24.43,23.95,8.34,26.81,26.09,29.63,2.9,0.0,91.53,52.19,15.08,15.92,,13.63,1.5,1.79,1.87
688218.SH,江苏北人,239.63,69.44,2.56,-0.07,0.79,0.35,1.76,0.0,22.71,1.12,-102.19,21.85,,51.26,3.18,转盈,606.65
600388.SH,龙净环保,15.0,29.6,1.64,7.36,8.14,3.34,1.56,0.0,24.35,9.75,18.23,2.83,4.16,68.9,10.47,8.04,3.69
600482.SH,中国动力,56.77,61.39,1.48,1.6,1.99,1.22,0.59,0.0,12.81,3.53,148.83,10.9,,53.43,5.63,76.8,57.06
000761.SZ,本钢板材,-3.38,-3.56,1.12,-21.6,-20.8,-6.26,,0.0,-5.45,-7.85,-149.32,10.91,,68.67,扣非亏损,扣非亏损,亏损
600216.SH,浙江医药,15.19,23.23,1.66,8.47,8.47,7.08,1.4,0.0,40.05,10.66,226.89,3.18,0.18,21.0,7.31,5.48,3.59
601668.SH,中国建筑,4.79,5.69,0.57,8.38,9.04,2.56,5.64,0.0,8.83,3.21,-9.84,11.98,0.31,76.16,0.48,1.36,1.06
002214.SZ,大立科技,-24.04,-21.34,4.99,-14.3,-14.28,-11.71,0.44,0.0,34.46,-258.66,-50.22,-37.62,0.71,26.65,扣非亏损,扣非亏损,亏损
300883.SZ,龙利得,286.44,-167.98,1.39,0.12,0.37,0.77,0.13,0.0,13.7,0.96,-55.77,0.6,0.66,36.39,扣非亏损,扣非转亏,1548.34
301150.SZ,中一科技,-51.28,-48.64,1.32,-2.86,-1.9,-0.96,0.3,0.0,3.22,-1.95,-5013.5,45.86,0.21,40.94,扣非亏损,扣非亏损,亏损
837344.BJ,三元基因,188.27,96.75,4.87,1.67,1.93,1.59,0.34,0.0,81.62,7.04,19.55,12.54,,49.78,7.72,116.05,195.1
688312.SH,燕麦科技,56.0,64.04,3.77,4.4,5.01,3.82,1.94,0.0,56.78,18.51,89.16,-0.26,,15.54,-246.67,29.09,22.35
301288.SZ,清研环境,-109.46,-184.44,2.34,-1.86,-1.58,-2.22,0.53,0.0,47.26,-25.1,-510.66,-1.1,,10.34,扣非亏损,扣非亏损,亏损
002594.SZ,比亚迪,26.01,27.09,5.63,15.76,17.15,4.48,1.56,0.0,20.77,5.23,19.86,58.75,2.62,77.91,0.46,3.44,3.03
600033.SH,福建高速,9.19,10.54,0.83,6.91,6.95,7.86,3.87,0.0,60.51,43.65,0.0,10.63,,18.01,0.99,3.05,2.64
301096.SZ,百诚医药,25.0,25.8,1.7,4.58,5.2,3.55,0.46,0.0,61.17,19.62,-37.74,70.13,,26.33,0.37,11.26,9.62
603288.SH,海天味业,40.62,44.52,8.88,15.94,16.68,14.39,1.74,0.0,36.78,23.67,11.14,2.68,0.38,17.02,16.64,5.59,4.87
688116.SH,天奈科技,58.3,58.35,5.19,6.38,6.53,4.43,1.03,0.0,35.74,17.46,24.22,65.15,,43.14,0.9,18.28,17.86
300319.SZ,麦捷科技,38.4,42.43,2.84,5.08,5.66,4.15,0.97,0.0,20.82,10.29,39.25,11.05,5.9,31.7,3.84,16.72,13.57
833751.BJ,惠同新材,33.03,36.42,3.68,8.32,8.44,8.48,2.83,0.0,35.41,18.75,32.57,2.66,,7.59,13.7,8.75,7.83
000596.SZ,古井贡酒,17.34,20.14,4.59,20.69,20.54,17.43,1.93,0.0,79.71,25.68,25.55,25.35,2.25,34.23,0.79,1.95,1.69
301153.SZ,中科江南,1301.7,101.95,7.01,0.26,0.39,-2.21,1.28,0.0,56.8,0.88,-97.46,27.23,1.56,20.65,3.74,786.93,6675.38
002892.SZ,科力尔,113.32,159.45,8.16,5.37,5.32,3.45,0.56,0.0,19.07,5.35,24.85,12.13,,40.26,13.15,59.37,42.6
002651.SZ,利君股份,48.59,1257.62,2.82,4.27,4.42,3.36,0.58,0.0,38.8,22.01,-46.92,9.54,8.6,15.7,131.79,589.09,21.99
688357.SH,建龙微纳,33.99,43.15,1.62,2.95,3.37,2.36,1.16,0.0,29.99,10.7,-58.08,35.17,,38.85,1.23,29.29,20.17
002410.SZ,广联达,86.16,909.45,4.07,3.1,3.59,2.7,0.41,0.0,86.21,5.25,-12.96,19.43,15.37,34.52,46.8,586.02,48.0
300561.SZ,汇金科技,-1683.64,-1285.76,14.6,-0.57,-0.64,-1.22,0.3,0.0,53.1,-6.09,-214.4,-11.82,,3.59,扣非亏损,扣非亏损,亏损
600686.SH,金龙汽车,99.75,-23.65,3.2,-4.48,2.42,0.59,0.46,0.0,10.66,1.0,-110.91,11.71,2.15,84.97,扣非亏损,扣非亏损,82.44
688472.SH,阿特斯,19.99,23.49,2.29,8.54,8.79,3.5,0.95,0.0,14.96,5.65,-26.56,32.66,,65.94,0.72,5.5,4.55
688128.SH,中国电研,21.68,22.63,3.03,9.88,10.63,4.82,2.19,0.0,33.96,10.24,15.11,18.85,0.03,56.63,1.2,4.58,4.08
000859.SZ,国风新材,-52.27,-57.36,1.92,-2.87,-2.71,-1.9,,0.0,3.97,-4.63,-141.29,16.2,,31.69,扣非亏损,扣非亏损,亏损
300056.SZ,中创环保,-406.74,-44.87,20.46,-15.61,-3.36,-1.78,,0.0,16.7,-10.15,34.14,-32.87,39.42,73.84,扣非亏损,扣非亏损,亏损
301141.SZ,中科磁业,402.87,359.25,4.6,0.66,0.85,0.14,0.64,0.0,10.2,2.78,-72.93,12.02,,17.65,29.9,1091.95,947.94
002880.SZ,卫光生物,27.46,27.93,3.12,8.57,8.74,7.63,1.14,0.0,41.75,21.37,20.48,10.3,0.89,31.48,2.71,6.52,6.28
603711.SH,香飘飘,248.25,22.1,1.81,-0.17,0.53,-0.91,2.04,0.0,34.64,0.9,85.7,-0.57,,33.67,-39.07,转盈,936.81
300629.SZ,新劲刚,40.34,44.33,3.54,6.74,6.76,6.8,0.46,0.0,66.36,28.67,2.51,17.12,32.96,15.74,2.59,13.15,11.94
833509.BJ,同惠电子,91.42,98.57,10.51,7.74,8.28,7.61,2.09,0.0,55.64,21.27,12.35,21.69,,12.2,4.55,25.49,22.08
603276.SH,恒兴新材,64.48,79.81,1.7,1.4,1.97,2.09,0.76,0.0,13.39,6.11,-60.34,12.91,,3.91,6.18,113.68,65.47
600708.SH,光明地产,-14.15,-7.76,0.68,-4.85,-3.54,0.23,0.23,0.0,10.39,-10.25,-1636.97,-3.79,0.0,82.55,扣非亏损,扣非亏损,亏损
688300.SH,联瑞新材,43.89,51.0,7.51,12.15,13.32,11.51,0.94,0.0,42.16,26.65,57.52,22.68,,24.89,2.25,8.39,6.59
601003.SH,柳钢股份,-19.88,-9.96,0.96,-3.93,-3.55,0.28,,0.0,3.56,-1.03,46.54,18.14,,67.72,扣非亏损,扣非亏损,亏损
300973.SZ,立高食品,25.14,40.64,2.97,7.64,8.15,6.28,1.03,0.0,32.17,7.37,31.32,26.4,,36.69,1.54,10.64,6.17
600262.SH,北方股份,23.77,24.06,2.21,6.4,7.09,4.17,1.3,0.0,20.85,6.72,19.16,20.62,0.0,60.62,1.17,7.52,6.71
600469.SH,风神股份,13.19,15.89,1.43,7.56,8.3,4.45,2.76,0.0,17.28,5.65,-8.89,1.47,,54.74,10.77,4.2,3.18
300548.SZ,博创科技,147.31,-622.54,4.37,1.5,2.25,3.18,0.3,0.0,24.05,9.72,-47.81,25.04,10.0,32.79,扣非亏损,扣非转亏,130.94
301165.SZ,锐捷网络,55.24,64.51,6.89,8.55,9.44,3.76,1.48,0.0,35.5,4.92,47.13,20.78,,52.11,3.1,15.09,11.7
600962.SH,国投中鲁,4054.95,464.16,5.38,-0.23,0.1,1.3,,0.0,14.93,0.56,-103.89,10.51,6.98,56.25,44.15,转盈,81099.0
300630.SZ,普利制药,-40.65,-29.68,1.94,-4.37,-3.44,-1.51,,0.0,59.83,-15.72,-397.45,9.08,,55.09,扣非亏损,扣非亏损,亏损
872953.BJ,国子软件,102.66,62.18,7.08,4.42,4.97,4.59,0.95,0.0,60.99,18.31,28.23,12.93,,10.7,4.81,28.13,41.31
600721.SH,百花医药,99.33,197.59,4.29,3.0,3.34,2.38,,0.0,46.47,8.24,32.52,87.58,1.55,34.35,2.26,131.71,59.48
688528.SH,秦川物联,-35.31,-33.37,3.47,-6.9,-6.78,-5.66,,0.0,27.62,-15.86,-6.13,3.48,0.87,38.08,扣非亏损,扣非亏损,亏损
688553.SH,汇宇制药,25.08,60.93,1.96,2.62,5.92,4.86,1.41,0.0,83.15,25.92,141.81,-7.45,,23.21,-8.18,46.51,8.47
002926.SZ,华西证券,68.03,69.97,1.0,1.12,1.11,,0.64,0.0,,11.35,-29.91,-10.16,0.06,75.65,-6.89,124.4,122.57
000159.SZ,国际实业,-6.7,64.14,2.01,1.87,-20.32,-11.33,,0.0,6.8,-18.59,-23.62,108.87,37.6,43.51,0.59,68.47,亏损
300961.SZ,深水海纳,-745.27,-125.71,1.88,-0.55,-0.19,0.51,,0.0,39.87,0.26,79.68,-5.78,,64.67,扣非亏损,扣非亏损,亏损
001211.SZ,双枪科技,72.57,-96.98,1.6,0.74,1.64,1.38,,0.0,32.08,1.53,170.47,6.9,0.73,52.49,扣非亏损,扣非转亏,88.5
002663.SZ,普邦股份,-120.65,131.41,1.25,-1.01,-0.76,-0.49,,0.0,7.6,-1.75,5.98,-9.17,,42.57,-14.32,扣非亏损,亏损
600433.SH,冠豪高新,63.18,136.29,1.31,0.73,1.57,0.62,,0.0,10.58,0.15,142.04,4.91,0.19,45.14,27.79,372.08,80.49
300997.SZ,欢乐家,55.66,33.62,5.83,6.5,6.84,5.53,2.79,0.0,34.22,6.25,-51.11,15.65,,44.03,2.15,10.35,16.27
301302.SZ,华如科技,-10.29,-7.5,2.0,-13.85,-13.38,-15.11,,0.0,-55.2,-174.45,-888.48,-1.58,,13.08,扣非亏损,扣非亏损,亏损
600376.SH,首开股份,-1.39,-0.98,0.58,-22.81,-28.02,-0.89,,0.0,6.91,-32.0,-44.81,7.88,0.03,76.12,扣非亏损,扣非亏损,亏损
688370.SH,丛麟科技,29.22,123.05,1.1,1.85,2.81,2.45,1.46,0.0,35.89,13.96,-33.83,-1.29,1.1,18.1,-95.5,133.13,20.8
000584.SZ,*ST工智,105.44,-7.79,4.71,2.07,3.41,0.92,,0.0,13.67,1.23,127.29,10.77,43.11,86.19,扣非亏损,扣非转亏,61.84
834950.BJ,迅安科技,22.79,25.3,4.65,15.21,15.65,14.43,2.81,0.0,41.61,25.96,7.52,7.32,,16.59,3.45,3.33,2.91
688369.SH,致远互联,-18.84,-20.35,2.31,-8.73,-8.45,-7.01,0.38,0.0,68.83,-18.71,-213.91,12.13,0.23,26.9,扣非亏损,扣非亏损,亏损
301072.SZ,中捷精工,-383.04,-12665.95,3.14,-0.62,-0.6,-0.83,0.24,0.0,12.63,-1.96,-127.47,11.35,1.31,35.63,扣非亏损,扣非亏损,亏损
002238.SZ,天威视讯,364.86,-4892.54,3.26,-1.16,0.66,0.31,0.64,0.0,26.79,1.5,-201.37,-5.07,,43.67,扣非亏损,扣非亏损,1105.63
600698.SH,湖南天雁,3702.28,-360.54,7.95,-1.31,0.16,-0.05,,0.0,11.41,0.41,-83.06,-1.93,,28.9,扣非亏损,扣非亏损,46278.45
300344.SZ,立方数科,-44.6,-25.69,9.26,-14.53,-14.54,-9.73,,0.0,9.55,-23.31,8.77,45.8,16.68,37.07,扣非亏损,扣非亏损,亏损
300732.SZ,设研院,-13.36,-22.5,1.01,-5.39,-5.26,-1.79,2.27,0.0,19.86,-15.45,-264.14,7.52,,59.02,扣非亏损,扣非亏损,亏损
603895.SH,天永智能,-88.12,-14.51,6.09,-5.82,-5.05,-0.34,,0.0,22.74,-4.5,-382.17,5.68,,81.57,扣非亏损,扣非亏损,亏损
833075.BJ,柏星龙,32.27,34.21,4.14,8.69,9.69,6.92,2.89,0.0,34.36,8.53,25.74,25.25,,35.83,1.35,7.87,6.66
600008.SH,首创环保,5.93,15.47,1.2,4.52,10.9,4.85,3.72,0.0,35.4,26.64,8.99,2.99,0.91,63.72,5.18,6.85,1.09
603666.SH,亿嘉和,-51.5,-342.29,2.4,-3.89,-3.43,-2.49,,0.0,40.3,-20.99,15.8,-2.76,,34.95,扣非亏损,扣非亏损,亏损
300044.SZ,赛为智能,-265.5,-31.47,10.07,-4.3,-2.81,-0.1,,0.0,35.42,-12.15,19.42,-23.46,,60.0,扣非亏损,扣非亏损,亏损
603035.SH,常熟汽饰,11.27,10.55,1.1,7.19,7.37,4.35,2.29,0.0,17.67,10.22,2.16,28.41,2.79,48.61,0.37,2.94,3.06
688209.SH,英集芯,67.83,88.48,4.22,4.35,4.77,3.83,0.16,0.0,33.68,8.7,1304.24,50.61,0.05,6.01,1.75,40.7,28.44
002569.SZ,ST步森,-80.84,-41.81,17.63,-13.82,-14.4,-5.76,,0.0,34.16,-14.08,60.13,-15.88,,66.7,扣非亏损,扣非亏损,亏损
002328.SZ,新朋股份,24.68,37.43,1.46,3.73,4.47,4.68,2.18,21.13,11.02,5.93,-5.8,11.79,,36.15,3.18,10.03,5.52
300103.SZ,达刚控股,-68.8,-17.91,4.22,-4.94,-4.49,-2.28,,0.0,18.04,-23.39,11.47,-39.16,,37.95,扣非亏损,扣非亏损,亏损
300642.SZ,透景生命,77.39,50.05,1.67,0.95,1.59,1.21,0.85,0.0,64.94,6.16,-48.27,6.3,,9.82,7.95,105.76,97.35
000823.SZ,超声电子,27.27,26.33,1.16,2.94,3.15,2.46,1.04,0.0,17.19,4.23,10.08,3.72,,36.55,7.08,17.9,17.32
300032.SZ,金龙机电,-58.84,-10.63,6.54,-10.51,-7.88,-2.84,,0.0,12.45,-5.74,-14028.31,27.27,0.43,59.7,扣非亏损,扣非亏损,亏损
000560.SZ,我爱我家,847.24,-12.75,1.01,-0.77,0.09,1.64,,0.0,7.36,0.11,0.0,8.7,46.62,70.54,扣非亏损,扣非亏损,18827.47
300401.SZ,花园生物,27.77,41.11,3.1,6.72,8.0,5.42,0.6,0.0,58.17,25.75,52.55,24.51,,43.2,1.68,12.23,6.94
002938.SZ,鹏鼎控股,30.42,24.07,2.63,6.42,6.53,4.35,2.24,0.0,20.47,8.4,8.89,2.95,0.07,30.61,8.16,7.49,9.32
300892.SZ,品渥食品,-577.45,-309.43,4.25,-0.97,-0.55,-0.31,,0.0,16.21,-0.9,86.81,-7.98,,18.33,扣非亏损,扣非亏损,亏损
601566.SH,九牧王,26.35,23.84,1.22,2.62,3.45,2.47,3.01,0.0,65.54,5.83,-29.23,5.55,0.28,32.13,4.3,18.16,15.28
831304.BJ,迪尔化工,19.92,21.27,3.97,15.3,15.51,13.42,1.96,0.0,20.77,12.37,54.67,38.2,,33.66,0.56,2.78,2.57
600114.SH,东睦股份,30.58,32.46,4.2,10.07,10.52,5.6,1.29,0.0,23.68,8.55,307.98,5.58,18.57,57.95,5.81,6.45,5.81
002263.SZ,大东南,-181.22,3035.14,1.82,-0.94,-0.75,-0.73,,0.0,9.78,-2.09,-116.93,-3.43,,6.0,-885.88,扣非亏损,亏损
600802.SH,福建水泥,-8.67,-7.15,1.77,-15.19,-14.83,-4.28,,0.0,-5.96,-19.1,24.67,-9.01,,71.59,扣非亏损,扣非亏损,亏损
601956.SH,东贝集团,24.0,30.88,1.34,2.81,4.16,1.94,3.35,0.0,12.87,2.26,-36.12,4.98,7.4,62.22,6.2,21.97,11.54
002192.SZ,融捷股份,42.44,59.82,3.11,4.95,5.56,4.51,0.55,0.0,45.97,43.4,-49.98,100.53,0.21,20.8,0.6,24.16,15.27
000559.SZ,万向钱潮,24.86,24.72,2.61,8.11,7.95,3.84,2.89,0.0,16.14,6.66,35.65,10.95,0.0,58.31,2.26,6.09,6.25
836260.BJ,中寰股份,27.24,28.13,2.84,7.32,7.8,6.76,3.1,0.0,35.92,18.15,7.45,14.71,,22.55,1.91,7.69,6.98
600986.SH,浙文互联,41.89,87.19,1.7,1.71,3.07,2.39,,0.0,8.66,2.82,-22.45,10.29,18.92,37.86,8.48,102.09,27.29
600298.SH,安琪酵母,25.2,28.23,3.07,8.18,9.32,6.02,1.42,0.0,23.28,8.89,3.69,15.19,0.33,47.72,1.86,6.9,5.41
002570.SZ,贝因美,53.71,112.16,3.33,3.12,4.6,3.23,,0.0,42.88,3.72,129.36,0.19,0.82,56.31,584.36,71.85,23.35
002687.SZ,乔治白,33.51,21.48,1.66,1.84,3.77,2.37,3.75,0.0,48.65,6.35,-75.04,11.51,0.57,22.71,1.87,23.3,17.78
603323.SH,苏农银行,4.32,4.97,0.55,9.75,9.68,,4.33,0.0,,50.52,16.63,2.56,,91.84,1.94,1.02,0.89
873693.BJ,阿为特,196.31,251.3,11.85,4.28,4.62,3.5,0.09,0.0,28.37,8.7,-16.64,-4.66,,23.32,-53.97,117.35,84.98
600126.SH,杭钢股份,-24.44,-25.71,0.74,-2.88,-2.24,-1.81,0.94,0.0,0.13,-0.93,-2723.09,22.5,,38.39,扣非亏损,扣非亏损,亏损
688459.SH,哈铁科技,76.18,39.95,1.54,1.45,1.51,0.77,1.07,0.0,40.04,10.93,80.81,1.73,,12.51,23.07,54.93,100.9
603060.SH,国检集团,62.0,26.6,3.14,2.62,3.6,2.61,1.33,0.0,38.5,4.85,-3.46,23.21,28.01,51.37,1.15,20.27,34.45
600650.SH,锦江在线,37.27,55.32,2.02,2.93,4.11,3.64,0.87,0.0,17.29,13.28,6.43,-9.6,0.89,17.46,-5.76,37.71,18.14
000572.SZ,海马汽车,112.34,-26.23,4.31,-11.48,2.92,0.3,,0.0,8.17,-0.26,-2.18,23.39,,58.0,扣非亏损,扣非亏损,76.95
301555.SZ,惠柏新材,-362.11,-1862.1,2.47,-1.01,-0.5,-0.17,0.52,0.0,9.68,-0.58,-123.11,-8.62,,50.47,扣非亏损,扣非亏损,亏损
002614.SZ,奥佳华,59.87,-1552.77,0.93,0.16,1.13,1.07,4.0,0.0,36.32,1.48,-82.66,-9.41,1.45,38.58,扣非亏损,扣非转亏,105.96
300285.SZ,国瓷材料,32.66,35.42,3.19,7.03,7.43,6.93,0.43,0.0,39.65,18.21,12.48,15.46,26.15,23.23,2.29,10.07,8.79
301060.SZ,兰卫医学,-81.79,-23.64,2.56,-2.82,-2.31,-2.11,,0.0,21.0,-4.03,-249.54,39.88,0.4,28.34,扣非亏损,扣非亏损,亏损
605008.SH,长鸿高科,60.26,148.5,4.11,3.66,4.94,3.62,1.95,0.0,9.9,4.05,675.34,10.05,,59.93,14.78,81.13,24.4
601015.SH,陕西黑猫,-8.78,-8.34,1.08,-9.18,-8.79,-2.68,,0.0,-2.11,-7.08,-146.99,33.33,0.02,56.34,扣非亏损,扣非亏损,亏损
688733.SH,壹石通,218.05,-522.43,1.94,-0.48,0.66,0.69,0.34,0.0,24.4,3.79,2.57,46.51,,28.99,扣非亏损,扣非亏损,660.75
833580.BJ,科创新材,122.91,154.55,3.89,1.98,2.36,2.46,1.47,0.0,30.82,10.53,-49.29,-2.62,,11.9,-59.02,156.38,104.16
600516.SH,方大炭素,64.48,110.46,1.29,0.98,1.5,0.94,,0.0,17.83,7.69,-48.43,14.09,,13.48,7.84,225.31,85.98
600814.SH,杭州解百,16.24,20.74,1.43,6.31,6.76,5.78,2.05,0.0,77.06,30.04,-12.12,4.77,0.01,45.07,4.34,6.58,4.81
002179.SZ,中航光电,27.9,32.76,4.2,11.46,11.89,7.77,1.54,0.0,36.61,18.83,-13.76,24.9,0.29,36.98,1.32,5.72,4.69
002879.SZ,长缆科技,37.39,29.67,1.64,3.09,3.27,2.48,1.56,0.0,40.92,7.66,100.42,3.78,3.16,25.54,7.85,19.19,22.87
300880.SZ,迦南智能,20.19,21.79,4.46,17.01,17.28,13.43,1.51,0.0,32.65,21.81,74.22,21.7,,30.89,1.0,2.56,2.34
000036.SZ,华联控股,179.47,205.02,1.76,0.24,0.71,0.88,,0.0,43.29,13.68,-57.81,-27.26,0.02,22.64,-7.52,1675.71,505.54
832471.BJ,美邦科技,72.48,93.3,3.07,2.76,3.14,2.72,2.44,0.0,17.97,6.11,32.16,19.75,,33.66,4.72,67.55,46.17
603059.SH,倍加洁,42.46,126.22,2.12,3.26,3.29,3.06,0.89,0.0,24.73,4.28,-30.87,9.38,7.57,46.88,13.45,77.34,25.81
688057.SH,金达莱,23.53,20.43,1.09,3.1,3.41,2.55,3.53,0.0,61.77,35.2,-3.82,-18.49,,11.93,-1.11,13.19,13.8
301212.SZ,联盛化学,158.43,189.14,2.14,0.81,1.01,0.33,0.73,0.0,10.29,3.17,-82.75,3.71,,16.9,51.02,468.29,313.73
603311.SH,金海高科,38.08,50.12,1.99,3.72,3.98,3.82,0.77,0.0,23.16,8.4,24.52,1.78,,22.45,28.21,26.96,19.13
300020.SZ,*ST银江,-10.37,-6.5,0.57,-4.08,-4.05,-2.08,,0.0,16.74,-31.26,-218.55,-17.78,,40.55,扣非亏损,扣非亏损,亏损
688210.SH,统联精密,50.59,40.73,2.82,4.37,4.27,3.43,1.91,0.0,40.51,11.46,171.73,19.77,0.05,44.31,2.06,18.63,23.69
002251.SZ,ST步步高,3.75,-8.88,1.18,-5.44,48.58,9.36,,0.0,37.28,80.35,61.31,-38.05,1.88,62.07,扣非亏损,扣非亏损,0.15
300719.SZ,安达维尔,795.66,58.86,5.38,0.08,0.49,0.26,1.5,0.0,43.59,1.22,-95.29,23.67,,35.42,2.49,1399.81,3247.61
605069.SH,正和生态,346.29,-7.46,1.76,0.4,0.38,0.32,,0.0,26.46,1.85,102.28,-38.53,,65.72,扣非亏损,扣非转亏,1822.6
300985.SZ,致远新能,61.44,46.55,3.2,3.3,3.9,3.44,1.06,0.0,23.59,4.88,220.98,281.12,,52.16,0.17,28.22,31.51
300490.SZ,华自科技,-19.91,-10.12,1.42,-5.88,-5.11,-2.0,,0.0,17.74,-11.25,-1082.6,34.25,15.15,59.89,扣非亏损,扣非亏损,亏损
002602.SZ,ST华通,13.64,32.83,1.26,7.0,7.09,6.39,,0.0,65.15,12.23,47.98,-2.96,46.62,31.37,-11.09,9.38,3.85
600380.SH,健康元,15.28,16.19,1.56,7.6,7.82,7.48,1.45,0.0,63.07,20.45,2.3,7.5,2.7,34.91,2.16,4.26,3.91
300368.SZ,ST汇金,-65.54,-9.29,7.62,-23.39,-8.54,1.52,,0.0,38.54,-19.64,-7.93,-28.51,25.28,64.43,扣非亏损,扣非亏损,亏损
301059.SZ,金三江,57.43,57.98,5.04,6.5,6.63,6.29,0.83,0.0,35.23,13.88,75.03,15.57,,20.17,3.72,17.84,17.32
688382.SH,益方生物,-15.3,-17.35,3.59,-16.78,-16.33,-15.97,,0.0,63.3,-1593.77,-26.31,,,8.27,扣非亏损,扣非亏损,亏损
600649.SH,城投控股,-47.57,-38.3,0.67,-1.16,-1.05,0.34,1.62,0.0,40.18,-26.73,-195.48,-12.54,,74.23,扣非亏损,扣非亏损,亏损
000928.SZ,中钢国际,12.05,13.36,1.25,7.21,7.9,3.06,4.56,0.0,12.39,5.3,32.55,21.97,,66.96,0.61,3.71,3.05
000631.SZ,顺发恒业,107.83,102.73,1.25,0.33,0.86,0.77,3.01,0.0,31.47,22.76,-91.36,194.29,,15.36,0.53,625.28,250.77
002180.SZ,纳思达,30.06,-7.36,4.17,6.87,10.89,6.6,,0.0,32.82,6.78,152.84,4.81,47.13,71.35,扣非亏损,扣非转亏,5.52
601108.SH,财通证券,21.1,19.31,1.18,3.95,4.19,,1.93,0.0,,33.13,-2.1,2.84,,74.82,6.81,9.77,10.07
002344.SZ,海宁皮城,54.29,45.67,0.62,0.7,0.86,1.2,1.05,0.0,31.5,15.21,-14.58,-4.96,0.41,34.54,-9.21,130.5,126.25
002316.SZ,ST亚联,93.27,-184.07,18.86,10.63,16.28,3.23,,0.0,15.28,4.36,150.32,-39.74,23.17,87.92,扣非亏损,扣非转亏,11.46
600021.SH,上海电力,8.81,12.05,1.44,8.2,11.62,4.43,2.36,0.0,25.25,13.47,60.85,20.5,0.01,70.03,0.59,2.94,1.52
002675.SZ,东诚药业,51.89,102.98,2.56,3.24,3.46,3.39,0.68,0.0,45.55,7.01,-40.04,-0.86,46.49,36.73,-120.32,63.56,29.99
001223.SZ,欧克科技,34.76,93.74,1.43,2.37,3.04,2.67,1.3,0.0,35.68,18.08,-17.87,-12.52,,7.54,-7.49,79.24,22.87
833943.BJ,优机股份,27.88,29.09,2.96,7.35,8.13,5.36,1.29,0.0,27.05,8.25,-18.78,16.52,6.85,40.67,1.76,7.92,6.86
300654.SZ,世纪天鸿,90.69,103.57,4.52,3.3,3.81,3.57,0.44,0.0,36.94,8.59,-9.53,12.54,,27.51,8.26,62.79,47.61
688234.SH,天岳先进,148.26,206.85,5.36,2.58,2.74,1.93,,0.0,25.78,11.16,218.81,66.87,,26.05,3.09,160.48,108.22
600339.SH,中油工程,23.91,58.57,0.76,2.27,2.4,0.93,1.35,0.0,8.86,1.23,-25.22,4.58,,75.8,12.79,51.69,19.92
000965.SZ,天保基建,3282.39,446.05,0.72,-0.03,0.02,0.9,0.64,0.0,15.13,-0.35,98.58,77.12,0.17,54.77,5.78,转盈,328238.6
688177.SH,百奥泰,-20.57,-21.94,11.83,-39.27,-35.47,-15.16,,0.0,70.07,-62.83,3.6,120.5,,63.76,扣非亏损,扣非亏损,亏损
002722.SZ,物产金轮,20.38,22.37,1.21,4.18,4.43,4.54,1.23,0.0,17.32,5.8,24.64,7.16,20.51,22.52,3.13,10.71,9.2
002963.SZ,豪尔赛,222.39,70.57,1.2,0.95,0.41,0.54,,0.0,29.7,1.6,125.13,5.2,,22.06,13.57,148.81,1084.84
300867.SZ,圣元环保,19.9,24.34,1.08,4.27,4.14,3.95,0.34,0.0,42.31,12.84,20.68,32.31,,58.08,0.75,11.39,9.62
603605.SH,珀莱雅,29.71,27.89,8.27,21.13,21.74,16.38,1.3,0.0,70.07,14.68,33.81,33.58,,34.24,0.83,2.64,2.73
603118.SH,共进股份,387.96,-38.95,1.4,-0.53,0.27,0.58,1.42,0.0,11.74,0.05,-117.65,0.5,,45.98,扣非亏损,扣非亏损,2873.75
002103.SZ,广博股份,24.45,27.63,3.41,9.81,10.66,5.83,,0.0,18.0,6.0,-6.01,1.76,0.02,48.15,15.66,5.63,4.59
603416.SH,信捷电气,22.59,27.39,2.34,7.19,7.98,6.28,0.59,0.0,38.6,14.39,23.92,10.01,,29.0,2.74,7.62,5.66
603171.SH,税友股份,92.89,175.73,5.76,4.31,4.69,2.33,0.42,0.0,60.52,9.05,24.82,5.88,,33.62,29.88,81.57,39.61
603359.SH,东珠生态,130.34,-6.73,0.69,0.41,0.39,0.06,0.13,0.0,24.04,3.35,-59.68,-23.84,,55.06,扣非亏损,扣非转亏,668.39
300437.SZ,清水源,-36.81,-102.67,1.92,-1.15,-3.8,-2.0,,0.0,9.66,-6.36,-44.16,1.75,3.23,44.75,扣非亏损,扣非亏损,亏损
000776.SZ,广发证券,14.83,17.47,1.13,4.66,5.26,,2.1,17.44,,39.18,21.53,-5.48,0.0,80.78,-3.19,3.75,2.82
300248.SZ,新开普,379.1,48.64,2.53,0.3,0.49,0.03,0.83,0.0,56.42,-0.05,1424.34,4.22,21.67,15.46,11.51,328.39,1547.37
301459.SZ,丰茂股份,21.74,27.02,2.96,9.4,10.61,8.03,0.86,0.0,31.56,17.54,0.04,20.73,,30.8,1.3,5.75,4.1
300007.SZ,汉威科技,60.23,383.29,2.23,0.86,2.79,1.39,0.48,0.0,29.75,4.21,-61.73,6.07,4.34,47.32,63.1,896.38,43.18
300678.SZ,中科信息,1618.48,814.57,15.61,0.28,0.72,0.73,0.17,0.0,27.61,2.33,-73.67,5.83,,17.19,139.69,5754.62,4495.79
605151.SH,西上海,33.66,40.65,1.68,2.77,3.63,3.38,1.52,0.0,19.36,6.01,-52.86,3.42,6.45,44.51,11.9,29.4,18.55
002299.SZ,圣农发展,36.94,58.78,1.82,3.57,3.72,2.45,1.75,0.0,10.31,2.67,-48.48,10.47,0.99,52.79,5.61,32.97,19.86
600770.SH,综艺股份,72.71,-77.71,2.11,-0.68,2.19,1.49,,0.0,31.68,24.29,45.69,-4.93,0.7,14.16,扣非亏损,扣非亏损,66.4
002356.SZ,赫美集团,-106.39,-87.86,8.04,-6.73,-5.61,-4.86,,0.0,23.93,-23.28,-153.52,-26.09,,25.61,扣非亏损,扣非亏损,亏损
600082.SH,海泰发展,-30.32,-1718.78,1.14,-2.78,-2.78,-0.13,0.17,0.0,35.09,-147.53,-34.48,15.55,,41.15,扣非亏损,扣非亏损,亏损
600340.SH,华夏幸福,-4.27,-1.24,2.17,-118.13,-34.16,0.68,,0.0,30.44,-14.45,-1.48,-23.65,,93.2,扣非亏损,扣非亏损,亏损
603806.SH,福斯特,28.04,29.52,2.96,7.62,7.83,6.85,1.07,0.0,15.56,8.28,-8.98,39.89,,23.52,0.74,7.75,7.16
000788.SZ,北大医药,22.9,30.88,2.59,8.76,8.8,6.84,0.39,34.32,27.75,8.49,221.85,3.86,,34.01,7.99,3.53,2.6
300236.SZ,上海新阳,80.02,76.65,3.11,2.98,3.07,2.47,0.56,0.0,38.89,12.18,80.79,21.84,,25.01,3.51,51.43,52.13
688600.SH,皖仪科技,-60.13,-90.67,2.83,-4.83,-3.36,-1.96,0.99,0.0,47.44,-5.86,-513.3,23.79,,38.74,扣非亏损,扣非亏损,亏损
300666.SZ,江丰电子,56.42,77.6,4.89,6.11,6.7,4.53,0.34,0.0,29.96,8.45,87.32,31.44,,42.12,2.47,25.38,16.84
600408.SH,安泰集团,-5.6,-4.07,1.45,-17.93,-17.74,-3.91,,0.0,-1.33,-5.84,30.86,8.11,,68.7,扣非亏损,扣非亏损,亏损
688652.SH,京仪装备,60.67,108.35,5.12,5.15,6.51,4.12,0.12,0.0,32.15,16.8,11.06,22.11,,45.38,4.9,42.1,18.64
000953.SZ,河化股份,20.29,-282.64,14.82,1.05,75.04,28.3,,0.0,14.01,47.74,133.55,-5.88,,55.36,扣非亏损,扣非转亏,0.54
873169.BJ,七丰精工,147.42,144.81,4.99,2.47,2.53,1.88,1.02,0.0,23.86,5.7,-46.79,0.63,,17.35,228.37,117.39,116.54
600757.SH,长江传媒,11.36,14.27,1.13,7.24,7.49,6.09,5.37,0.0,35.53,13.22,-19.18,0.71,,33.4,20.24,3.94,3.03
002098.SZ,浔兴股份,13.46,15.48,2.38,14.21,14.08,10.25,1.65,0.0,33.97,9.26,77.08,10.96,,37.69,1.41,2.18,1.91
603360.SH,百傲化学,38.4,46.26,7.68,14.64,16.03,14.0,5.68,0.0,46.17,28.38,-13.36,14.65,,14.55,3.16,6.32,4.79
688165.SH,埃夫特,-44.8,-37.98,3.71,-8.28,-6.03,-2.42,,0.0,17.11,-7.77,-40.11,19.68,11.26,48.37,扣非亏损,扣非亏损,亏损
600327.SH,大东方,27.58,680.88,1.13,0.31,3.07,3.1,1.2,0.0,14.93,4.4,-48.97,-18.25,9.96,37.78,-37.3,4414.12,17.96
002046.SZ,国机精工,23.43,31.7,1.89,4.84,6.12,4.65,1.73,0.0,36.77,11.75,7.41,8.52,0.47,37.07,3.72,13.09,7.66
600838.SH,上海九百,112.11,111.77,2.68,1.83,1.88,1.51,0.6,0.0,18.95,41.79,-39.44,0.48,0.0,7.79,234.97,122.44,119.27
002304.SZ,洋河股份,11.75,16.65,2.51,15.93,15.26,16.34,4.24,0.0,73.81,31.17,-17.39,16.31,0.51,16.45,1.02,2.09,1.54
600392.SH,盛和资源,180.48,84.93,2.54,0.94,1.02,1.4,0.49,0.0,3.69,1.42,-7.3,31.56,2.96,35.86,2.69,180.99,353.89
300614.SZ,百川畅银,-18.68,-11.02,1.38,-4.61,-4.68,-1.99,,0.0,17.0,-23.77,-1358.1,-7.99,2.23,38.1,扣非亏损,扣非亏损,亏损
688222.SH,成都先导,155.44,304.31,4.53,1.27,2.19,1.37,0.33,0.0,49.34,9.61,6831.94,15.44,4.39,18.62,19.71,481.01,141.96
002786.SZ,银宝山新,-38.4,-17.14,17.6,-33.12,-33.42,-1.52,,0.0,12.8,-7.8,15.53,-10.33,,90.27,扣非亏损,扣非亏损,亏损
002275.SZ,桂林三金,17.62,25.54,2.99,11.9,12.76,11.7,4.14,0.0,74.84,24.38,-7.78,11.51,0.19,23.39,2.22,4.29,2.76
301190.SZ,善水科技,39.0,40.85,1.79,3.31,3.28,2.6,0.79,0.0,28.98,18.05,-31.08,13.37,,14.25,3.05,24.65,23.78
603106.SH,恒银科技,-119.72,-41.17,4.65,-4.11,-2.87,-3.74,,0.0,-7.7,-13.93,27.76,-22.61,,26.49,扣非亏损,扣非亏损,亏损
000088.SZ,盐田港,16.26,20.17,1.61,7.48,7.52,4.54,3.73,0.0,24.93,168.1,107.13,19.1,,33.99,1.06,5.39,4.32
600070.SH,*ST富润,-4.95,-2.27,2.05,-27.68,-26.82,-15.95,,0.0,10.28,-154.48,27.4,-63.79,,47.56,扣非亏损,扣非亏损,亏损
300019.SZ,硅宝科技,28.93,25.91,2.44,5.97,6.46,4.93,1.82,0.0,20.64,7.55,-32.17,23.29,2.81,34.04,1.11,8.68,8.96
688005.SH,容百科技,125.09,435.3,2.3,1.03,1.35,1.2,0.76,0.0,9.11,1.29,-84.14,113.07,1.18,61.6,3.85,841.73,185.32
000977.SZ,浪潮信息,47.67,44.6,4.35,6.27,7.01,1.58,0.39,0.0,6.7,1.54,176.67,1.55,0.0,77.19,28.81,14.23,13.6
300179.SZ,四方达,33.43,41.49,3.51,7.05,7.76,4.48,2.24,0.0,53.46,20.47,-7.52,19.9,,23.25,2.09,11.77,8.62
836247.BJ,华密新材,88.26,96.31,8.33,6.64,7.21,6.79,0.68,0.0,30.68,10.76,-22.65,10.3,,20.72,9.35,29.01,24.48
688435.SH,英方软件,-75.73,-271.45,2.88,-3.88,-3.0,-2.53,,0.0,87.06,-26.76,-655.14,23.67,,5.23,扣非亏损,扣非亏损,亏损
000547.SZ,航天发展,-18.95,-7.05,2.24,-9.03,-8.66,-5.34,,0.0,10.67,-55.6,-2.89,-23.64,22.69,40.33,扣非亏损,扣非亏损,亏损
300449.SZ,汉邦高科,-86.01,-27.35,7.38,-7.16,-6.24,-3.02,,0.0,13.23,-32.03,37.2,-27.13,1.43,25.35,扣非亏损,扣非亏损,亏损
300879.SZ,大叶股份,108.59,-23.73,2.96,2.2,2.57,1.69,,0.0,19.86,1.53,233.2,5.06,,69.51,扣非亏损,扣非转亏,84.51
603629.SH,利通电子,67.77,95.18,2.88,2.87,3.13,2.07,0.29,0.0,20.7,3.69,167.77,5.08,2.04,72.56,18.74,66.4,43.3
603858.SH,步长制药,46.27,-128.71,1.73,3.15,2.73,2.88,0.74,0.0,57.12,2.56,-55.16,-6.03,13.64,46.38,扣非亏损,扣非转亏,33.9
300936.SZ,中英科技,99.08,131.08,3.66,1.95,2.75,2.57,1.64,0.0,25.05,13.34,2.56,9.83,0.24,6.51,13.34,134.18,72.06
002521.SZ,齐峰新材,35.03,31.44,1.33,2.49,2.81,2.59,2.42,0.0,11.3,4.22,-39.0,11.11,0.06,27.28,2.83,25.27,24.93
871634.BJ,新威凌,47.82,62.1,5.36,7.73,8.84,7.23,0.76,0.0,8.85,3.46,79.65,15.19,,29.33,4.09,16.06,10.82
002498.SZ,汉缆股份,14.97,20.6,1.43,6.59,7.35,5.79,0.9,0.0,17.07,8.72,-22.11,12.3,,34.4,1.67,6.26,4.07
688499.SH,利元亨,-6.5,-6.61,2.52,-21.93,-26.77,-5.31,,0.0,21.05,-22.48,-14218.83,54.05,0.28,78.65,扣非亏损,扣非亏损,亏损
002368.SZ,太极股份,-502.68,102.16,3.78,-0.69,-0.55,0.02,0.61,0.0,28.95,-0.6,-129.08,3.59,7.0,65.75,28.48,扣非亏损,亏损
002798.SZ,帝欧家居,-8.84,-2.29,0.95,-7.57,-6.72,-0.54,,0.0,21.43,-6.88,-114.94,-10.87,,70.05,扣非亏损,扣非亏损,亏损
000712.SZ,锦龙股份,-101.89,-69.02,5.45,-3.4,-3.96,,,0.0,,-8.57,68.38,-45.89,7.68,81.5,扣非亏损,扣非亏损,亏损
300180.SZ,华峰超纤,95.91,-108.7,3.38,1.94,2.68,2.2,,0.0,16.66,3.59,206.89,13.08,4.85,34.47,扣非亏损,扣非转亏,71.58
301236.SZ,软通动力,623.47,316.57,6.03,-0.04,0.72,0.35,0.39,0.0,12.28,0.19,-101.44,11.61,2.05,54.2,27.27,转盈,1731.87
603335.SH,迪生力,-25.08,-17.95,6.81,-18.92,-18.87,-5.55,,0.0,13.16,-10.51,22.45,20.96,1.34,65.06,扣非亏损,扣非亏损,亏损
600568.SH,ST中珠,-25.72,-17.13,1.39,-4.08,-3.84,-3.44,,0.0,21.92,-23.74,66.01,-2.28,4.9,14.15,扣非亏损,扣非亏损,亏损
600998.SH,九州通,12.98,15.76,1.19,6.47,7.07,3.28,3.57,0.0,7.96,1.56,-5.68,10.68,2.46,67.52,1.48,4.88,3.67
300602.SZ,飞荣达,92.79,88.5,3.37,2.43,2.75,1.48,0.18,0.0,18.27,2.6,225.15,14.88,2.6,48.73,5.95,72.96,67.49
600138.SH,中青旅,37.7,86.12,1.22,2.44,2.44,2.99,0.8,0.0,23.88,3.42,-21.1,15.07,0.17,50.44,5.71,70.62,30.9
600769.SH,祥龙电业,289.71,363.16,43.84,11.1,12.03,4.74,,0.0,30.31,19.67,12.53,33.16,0.4,68.55,10.95,65.46,48.16
600421.SH,华嵘控股,-556.07,-242.94,221.44,-31.78,-24.99,0.88,,0.0,16.35,-0.85,4.24,-4.48,,74.98,扣非亏损,扣非亏损,亏损
600851.SH,海欣股份,40.15,45.57,1.7,3.22,3.46,3.01,0.95,0.0,57.29,25.1,2.9,13.14,,15.94,3.47,28.34,23.21
688070.SH,纵横股份,-54.25,-37.12,7.0,-10.16,-9.23,-5.02,,0.0,49.54,-26.41,-79.3,3.97,,43.75,扣非亏损,扣非亏损,亏损
002626.SZ,金达威,35.4,39.93,2.59,5.62,5.53,5.26,1.22,0.0,38.03,9.54,-8.05,-3.5,12.37,31.13,-11.42,14.22,12.8
600662.SH,外服控股,18.53,25.82,2.78,9.13,11.42,4.51,2.71,0.0,10.02,3.72,6.75,3.67,9.36,67.78,7.03,5.66,3.25
603195.SH,公牛集团,22.39,24.86,6.56,19.38,21.55,19.46,3.24,0.0,43.12,25.89,8.26,16.12,,23.1,1.54,2.57,2.08
002022.SZ,科华生物,-21.76,-9.16,0.91,-3.58,-3.02,-1.42,,0.0,40.04,-7.92,-282.82,-1.59,14.63,20.1,扣非亏损,扣非亏损,亏损
688141.SH,杰华特,-18.02,-17.23,5.43,-21.69,-20.65,-11.72,,0.0,28.03,-42.92,-40.2,61.58,0.46,44.99,扣非亏损,扣非亏损,亏损
600303.SH,ST曙光,-7.27,-4.87,1.49,-14.29,-14.25,-5.77,,0.0,1.17,-24.06,12.42,-18.82,,55.8,扣非亏损,扣非亏损,亏损
600733.SH,北汽蓝谷,-9.21,-8.21,30.71,-111.57,-111.03,-13.03,,0.0,-6.68,-45.12,-18.57,41.61,,92.31,扣非亏损,扣非亏损,亏损
603988.SH,中电电机,-233.39,220.88,6.44,1.73,-2.09,-1.02,0.53,0.0,25.05,-3.17,-32.08,-3.77,,40.8,-58.65,255.8,亏损
001358.SZ,兴欣新材,35.53,42.93,2.04,3.74,4.19,3.85,2.5,0.0,31.66,18.54,-55.89,16.92,,5.01,2.54,22.94,16.96
603011.SH,合锻智能,367.48,-56.67,1.68,0.13,0.34,0.9,,0.0,26.02,0.51,-93.88,29.86,23.48,48.49,扣非亏损,扣非转亏,2161.62
603799.SH,华友钴业,15.55,18.38,1.83,8.69,8.57,4.58,3.04,0.0,17.53,8.32,11.56,50.12,1.71,64.08,0.37,4.23,3.63
003032.SZ,传智教育,-79.67,-39.78,3.26,-4.42,-3.06,-3.37,0.11,0.0,34.76,-22.8,-181.72,-2.9,,17.45,扣非亏损,扣非亏损,亏损
688258.SH,卓易信息,169.2,708.69,4.47,0.54,1.96,1.77,0.4,0.0,47.12,10.64,5.79,17.33,8.18,29.86,40.9,2633.05,172.65
000700.SZ,模塑科技,10.4,14.66,2.01,12.86,15.0,5.66,3.1,27.93,18.42,10.23,13.21,12.87,,56.71,1.14,1.14,0.69
301248.SZ,杰创智能,-36.41,-45.63,1.9,-4.06,-4.01,-3.07,0.57,0.0,16.56,-13.02,-425.76,6.77,0.92,29.86,扣非亏损,扣非亏损,亏损
000695.SZ,滨海能源,1028.55,-123.98,13.31,0.54,0.98,0.94,,0.0,12.14,-0.09,108.87,-13.62,,76.97,扣非亏损,扣非转亏,2099.08
001287.SZ,中电港,85.93,63.93,3.34,2.74,2.93,2.9,0.41,0.0,2.85,0.39,160.3,13.33,,79.09,4.8,46.64,58.65
002557.SZ,洽洽食品,19.47,19.28,2.98,10.06,10.82,8.1,2.87,0.0,30.25,13.16,31.44,9.01,,39.27,2.14,3.83,3.6
603023.SH,*ST威帝,346.91,-106.78,2.12,0.4,0.46,-0.3,,0.0,28.74,7.68,248.46,-13.37,,1.45,扣非亏损,扣非转亏,1508.31
002127.SZ,南极电商,117.82,177.94,1.9,0.77,1.0,0.79,2.06,0.0,14.14,2.11,-43.4,-13.45,9.71,14.52,-13.23,464.9,235.63
002010.SZ,传化智联,47.22,102.42,0.86,1.92,1.36,2.08,2.16,0.0,14.3,1.71,-29.74,19.97,1.72,55.24,5.13,106.57,69.44
605138.SH,盛泰集团,59.9,93.3,1.32,1.31,1.54,1.64,1.17,0.0,15.51,1.18,29.35,1.11,2.26,62.34,84.36,141.99,77.79
300155.SZ,安居宝,-108.53,-37.83,2.39,-2.23,-1.64,-2.41,,0.0,42.58,-15.03,-498.84,-26.28,0.55,10.04,扣非亏损,扣非亏损,亏损
300585.SZ,奥联电子,-838.18,-354.59,3.82,-0.81,-0.34,-1.17,0.06,0.0,22.17,-1.61,-201.06,6.28,7.11,20.28,扣非亏损,扣非亏损,亏损
301177.SZ,迪阿股份,359.67,-73.67,1.54,-1.23,0.31,0.8,1.7,0.0,65.57,1.82,-16.16,8.81,,11.86,扣非亏损,扣非亏损,2320.44
600593.SH,大连圣亚,27.24,77.93,11.68,37.4,38.28,8.68,,0.0,65.67,33.14,-7.94,84.57,,77.66,0.92,4.17,1.42
002815.SZ,崇达技术,30.8,43.72,1.54,3.37,3.68,2.92,2.09,0.0,23.59,6.51,-37.16,11.17,0.01,37.78,3.91,25.92,16.74
002987.SZ,京北方,33.23,31.69,3.68,8.4,8.57,6.86,0.91,0.0,22.61,6.56,-5.71,22.99,,16.33,1.38,7.55,7.76
300843.SZ,胜蓝股份,44.92,59.84,4.28,7.16,7.46,4.15,0.43,0.0,24.71,9.25,21.69,12.77,0.15,39.2,4.69,16.71,12.04
002486.SZ,嘉麟杰,88.71,310.71,1.92,1.14,1.63,2.07,,0.0,22.7,2.04,-76.63,-3.6,,17.01,-86.24,546.7,108.85
000012.SZ,南玻A,16.43,20.02,1.22,4.98,5.59,3.01,4.49,0.0,19.07,6.53,-49.07,19.53,0.06,54.42,1.03,8.03,5.88
300413.SZ,芒果超媒,27.3,40.21,2.33,5.57,6.55,4.75,0.71,0.0,29.15,13.87,-23.98,1.18,,30.69,34.02,14.45,8.33
837663.BJ,明阳科技,23.65,24.67,5.35,15.26,16.18,15.35,2.72,0.0,44.54,28.46,23.39,25.61,,16.94,0.96,3.23,2.92
603183.SH,建研院,60.45,19.3,1.27,1.41,1.57,1.82,0.96,0.0,47.19,5.66,-20.14,4.96,19.72,18.91,3.89,27.39,77.0
000860.SZ,顺鑫农业,30.4,149.62,2.16,5.47,5.48,4.34,,0.0,36.26,5.32,230.64,-11.63,,48.96,-12.86,54.68,11.1
300332.SZ,天壕能源,33.67,-405.06,1.44,2.96,3.14,2.46,0.7,0.0,12.61,4.34,-57.64,42.03,23.33,48.96,扣非亏损,扣非转亏,21.45
301518.SZ,长华化学,57.21,48.87,1.81,1.27,2.32,1.94,2.14,0.0,3.95,1.52,-77.25,-3.19,,14.52,-15.34,77.14,49.32
871553.BJ,凯腾精工,84.04,103.9,3.68,2.63,3.28,3.97,1.7,0.0,34.26,5.87,-43.11,6.85,,34.8,15.18,79.04,51.24
000430.SZ,张家界,-34.01,-11.36,3.64,-7.84,-7.72,-0.22,,0.0,18.01,-20.87,-40.04,67.04,,68.83,扣非亏损,扣非亏损,亏损
000523.SZ,红棉股份,75.09,70.34,4.2,4.72,4.3,3.43,,0.0,13.79,5.29,211.7,-8.69,,52.34,-8.1,29.8,34.93
831689.BJ,克莱特,23.09,26.55,3.22,9.96,10.53,7.48,3.09,0.0,31.35,12.1,0.81,21.87,,36.61,1.21,5.33,4.38
605033.SH,美邦股份,30.67,239.23,1.56,2.79,3.83,2.91,0.84,0.0,30.75,6.95,-52.62,10.96,,35.29,21.82,171.68,16.02
688676.SH,金盘科技,31.86,31.67,4.0,10.11,10.6,5.44,1.26,0.0,24.21,8.34,18.89,40.17,,54.53,0.79,6.27,6.01
688246.SH,嘉和美康,-76.77,-207.55,2.36,-2.43,-2.28,-2.62,,0.0,47.29,-10.92,-465.68,9.84,,32.98,扣非亏损,扣非亏损,亏损
603617.SH,君禾股份,29.06,56.83,1.63,3.82,4.29,3.05,0.43,0.0,22.57,7.29,153.06,1.58,0.13,35.5,35.86,29.76,13.55
834014.BJ,特瑞斯,31.46,31.91,2.12,4.56,5.06,3.13,1.64,0.0,33.88,8.93,1.81,11.04,,37.01,2.89,13.99,12.44
002709.SZ,天赐材料,98.18,110.42,3.42,2.16,2.56,2.72,1.2,0.0,18.48,3.8,-83.23,79.83,1.6,44.21,1.38,102.06,76.7
001299.SZ,美能能源,36.98,35.81,2.12,3.7,4.1,3.4,1.93,0.0,17.93,12.37,15.01,7.64,,23.72,4.69,19.38,18.04
600674.SH,川投能源,13.84,16.67,1.94,11.1,10.89,7.85,2.65,0.0,52.65,414.48,15.22,13.11,,32.17,1.27,3.0,2.54
002638.SZ,勤上股份,-61.27,-16.34,1.39,-2.19,-1.67,-1.72,,0.0,13.62,-14.37,50.58,-27.49,,10.31,扣非亏损,扣非亏损,亏损
300691.SZ,联合光电,121.42,143.33,3.54,1.33,1.32,0.7,0.65,0.0,23.81,2.41,-36.86,9.47,,42.43,15.13,215.18,183.97
301600.SZ,慧翰股份,33.0,,4.72,14.96,23.99,12.07,,0.0,29.59,18.35,45.05,40.18,,25.52,,,2.75
600745.SH,闻泰科技,110.52,-77.82,1.7,0.19,1.11,1.67,0.3,0.0,10.01,0.81,-96.4,5.84,57.03,51.31,扣非亏损,扣非转亏,199.13
002381.SZ,双箭股份,15.23,13.6,1.33,6.29,6.53,4.58,3.3,0.0,18.48,7.21,-14.54,12.9,,42.63,1.05,4.33,4.67
600581.SH,八一钢铁,-2.85,-2.85,15.36,-135.53,-134.86,-3.23,,0.0,-2.42,-9.72,-112.42,2.64,,98.61,扣非亏损,扣非亏损,亏损
688153.SH,唯捷创芯,-434.32,321.48,4.62,-1.5,-0.8,-1.51,0.08,0.0,24.51,-2.15,-309.72,29.77,,10.3,10.8,扣非亏损,亏损
300597.SZ,吉大通信,227.48,284.55,2.5,0.8,0.78,0.88,0.04,0.0,21.17,2.31,-27.67,4.06,,29.64,70.02,714.85,583.29
600057.SH,厦门象屿,11.66,23.35,1.06,1.29,4.21,2.51,4.47,0.0,2.02,0.49,42.6,10.02,0.04,71.63,2.33,36.2,5.54
300425.SZ,中建环能,130.8,31.07,1.77,0.75,1.01,1.17,1.06,0.0,29.67,3.31,-56.75,10.84,6.02,43.96,2.87,82.45,259.02
300948.SZ,冠中生态,-161.74,-68.46,1.83,-1.5,-0.84,0.27,0.42,0.0,36.33,-4.93,-133.46,11.2,,46.75,扣非亏损,扣非亏损,亏损
605298.SH,必得科技,161.13,98.51,2.72,1.17,1.28,1.14,0.64,0.0,42.59,4.44,47.73,4.85,4.61,19.68,20.3,168.32,251.77
688082.SH,盛美上海,50.92,53.12,7.17,10.86,11.09,7.7,0.6,0.0,48.47,19.07,15.84,57.83,,36.81,0.92,9.78,9.18
301189.SZ,奥尼电子,-63.31,-45.0,1.31,-1.81,-1.53,-2.7,,0.0,22.01,-9.39,-239.09,-21.14,,11.01,扣非亏损,扣非亏损,亏损
002287.SZ,奇正藏药,24.3,33.79,3.42,7.14,10.34,7.54,2.13,0.0,81.59,26.8,2.73,11.58,,40.11,2.92,9.47,4.7
002474.SZ,榕基软件,-169.38,-41.78,3.04,-1.61,-1.34,-0.33,,0.0,31.18,-5.68,67.63,-17.55,,42.79,扣非亏损,扣非亏损,亏损
002975.SZ,博杰股份,2071.11,-87.74,2.71,-0.62,0.09,0.1,,0.0,44.61,-0.38,29.83,-12.38,1.18,37.49,扣非亏损,扣非亏损,46024.73
002545.SZ,东方铁塔,14.45,15.41,1.03,5.32,5.38,4.32,4.2,0.0,30.3,15.0,-9.36,15.22,4.97,33.08,1.01,5.79,5.37
002803.SZ,吉宏股份,31.42,38.67,2.53,5.36,5.75,4.69,2.72,0.0,42.88,3.38,-59.75,15.25,0.43,31.41,2.53,14.44,10.93
600151.SH,航天机电,-246.86,-22.67,2.69,-2.7,-0.81,0.27,,0.0,9.03,-1.47,-28.09,15.99,,38.75,扣非亏损,扣非亏损,亏损
002115.SZ,三维通信,-156.1,-52.56,2.2,-1.93,-1.05,0.91,,0.0,4.61,-0.03,-155.93,13.02,13.55,45.13,扣非亏损,扣非亏损,亏损
603099.SH,长白山,58.58,80.49,9.89,14.1,13.4,15.21,0.52,0.0,45.72,24.86,3.63,83.43,,15.46,0.96,11.42,8.74
603890.SH,春秋电子,30.0,113.25,2.06,1.32,5.1,3.25,,0.0,15.42,3.65,471.39,-2.51,1.02,52.65,-45.19,171.89,11.76
002462.SZ,嘉事堂,13.33,22.83,0.93,3.92,5.35,3.92,1.83,0.0,6.29,1.95,-26.08,8.97,7.67,57.26,2.54,11.65,4.98
600383.SH,金地集团,-5.97,-7.37,0.44,-4.2,-5.39,-0.95,0.45,0.0,12.51,-12.01,-3396.21,7.08,0.31,67.61,扣非亏损,扣非亏损,亏损
603179.SH,新泉股份,29.38,29.67,5.19,12.82,12.94,6.44,0.59,0.0,20.47,7.11,18.0,42.7,,63.07,0.69,4.63,4.54
000040.SZ,ST旭蓝,-13.1,-6.06,0.21,-1.15,-1.19,0.09,,0.0,34.82,-16.53,-359.53,-20.32,4.94,52.41,扣非亏损,扣非亏损,亏损
872374.BJ,云里物里,105.34,121.64,12.17,8.12,8.71,6.66,0.76,0.0,45.81,13.94,23.02,15.52,,17.78,7.84,29.98,24.19
832110.BJ,雷特科技,28.98,32.54,3.32,7.71,8.52,7.93,3.57,0.0,45.58,20.48,37.12,24.95,,9.69,1.3,8.44,6.8
300669.SZ,沪宁股份,124.54,132.82,4.94,2.37,2.94,2.47,0.77,0.0,25.34,10.97,-40.29,2.16,0.3,12.7,61.61,112.0,84.72
300670.SZ,大烨智能,1418.18,-13.9,3.52,-8.05,0.18,1.55,,0.0,13.63,0.91,-20.98,4.18,,68.64,扣非亏损,扣非亏损,15757.53
688305.SH,科德数控,85.98,93.25,4.68,3.91,4.87,4.27,0.33,0.0,42.67,18.9,26.34,31.92,,20.91,2.92,47.65,35.31
002347.SZ,泰尔股份,-121.87,-30.0,2.18,-3.0,-1.33,-0.08,,0.0,21.44,-1.53,-56.71,11.64,,51.99,扣非亏损,扣非亏损,亏损
300991.SZ,创益通,-564.05,205.64,5.03,-0.93,-0.67,0.53,0.17,0.0,22.91,-1.15,50.97,6.69,,52.71,30.75,扣非亏损,亏损
430017.BJ,星昊医药,20.68,23.3,1.42,4.41,5.22,4.54,2.84,0.0,69.38,16.55,41.45,5.42,,19.15,4.3,10.57,7.92
688787.SH,海天瑞声,883.69,-1545.68,6.06,-0.26,0.49,0.73,,0.0,66.83,2.53,95.44,-6.51,,5.22,扣非亏损,扣非亏损,3606.89
600703.SH,三安光电,223.75,-112.62,2.0,-0.94,0.66,0.86,0.22,0.0,11.21,2.08,55.25,20.06,0.23,37.68,扣非亏损,扣非亏损,678.02
872808.BJ,曙光数创,-2512.74,409.53,23.71,-5.4,-0.68,-0.54,0.28,0.0,22.15,-2.65,-304.67,24.72,,38.19,16.57,扣非亏损,亏损
002221.SZ,东华能源,87.71,115.5,1.43,0.79,1.23,2.32,,0.0,4.53,0.65,17.31,-4.88,1.33,69.51,-23.67,293.52,142.62
688466.SH,金科环境,29.25,36.17,1.55,3.53,3.9,2.98,2.31,0.0,36.87,13.3,-33.25,1.9,0.11,45.56,19.07,20.48,15.0
873665.BJ,科强股份,26.94,27.53,2.57,6.55,7.19,6.73,2.05,0.0,40.02,19.01,-12.08,12.49,,14.43,2.2,8.41,7.49
002542.SZ,中化岩土,-35.21,-14.83,4.5,-8.71,-8.99,-1.7,,0.0,0.88,-16.45,39.22,-16.83,4.36,71.75,扣非亏损,扣非亏损,亏损
001331.SZ,胜通能源,74.34,81.8,1.59,1.16,1.59,0.27,0.57,0.0,1.07,0.65,130.24,11.49,,23.37,7.12,141.43,93.51
688581.SH,安杰思,19.96,19.96,2.29,8.51,8.73,8.09,1.16,0.0,72.13,46.21,36.52,45.41,,4.67,0.44,4.69,4.57
301032.SZ,新柴股份,44.59,40.39,2.44,3.78,4.18,1.55,0.3,0.0,9.49,2.58,2643.15,-1.39,,56.66,-28.98,21.38,21.34
002335.SZ,科华数据,38.24,46.45,2.77,4.88,5.29,2.53,0.43,0.0,25.33,4.59,-47.9,25.66,14.41,61.95,1.81,19.04,14.46
300062.SZ,中能电气,-598.89,241.37,2.6,-0.72,-0.31,0.42,0.32,0.0,19.25,-0.63,-136.38,20.77,1.79,55.94,11.62,扣非亏损,亏损
603602.SH,纵横通信,140.26,195.58,5.44,1.95,2.83,3.32,0.41,0.0,14.95,2.92,-39.39,20.59,9.85,65.28,9.5,200.61,99.12
603728.SH,鸣志电器,382.42,270.03,8.37,1.5,1.65,0.95,0.06,0.0,37.65,2.62,-45.93,5.87,18.2,27.29,45.98,359.61,463.54
000968.SZ,蓝焰控股,16.4,16.12,1.14,5.27,5.22,3.86,2.39,0.0,33.61,16.56,-24.65,19.65,,46.49,0.82,6.12,6.29
600210.SH,紫江企业,18.13,19.7,2.17,8.91,9.02,5.04,5.32,0.0,22.0,7.71,19.01,2.97,1.32,56.38,6.64,4.42,4.02
600256.SH,广汇能源,19.38,19.04,1.96,7.24,6.36,5.67,9.8,0.0,17.95,7.25,-58.5,68.9,2.74,53.14,0.28,5.26,6.09
600371.SH,万向德农,40.44,44.46,4.87,8.71,8.98,5.6,1.86,0.0,26.61,20.64,0.73,11.41,,22.13,3.9,10.21,9.01
300864.SZ,南大环境,20.41,23.76,2.8,9.3,10.47,7.66,3.65,0.0,38.52,23.04,13.88,16.02,,26.31,1.48,5.11,3.9
600817.SH,宇通重工,39.63,36.58,2.9,4.03,5.33,3.75,3.96,0.0,19.77,5.87,98.3,-5.22,,43.93,-7.01,18.15,14.87
600692.SH,亚通股份,478.2,-187.18,3.07,-2.68,0.48,0.09,,0.0,3.61,0.56,4.81,12.7,1.33,66.26,扣非亏损,扣非亏损,1980.53
605589.SH,圣泉集团,26.84,24.65,2.06,5.69,5.83,4.83,1.79,0.0,23.15,8.31,24.26,3.28,0.07,29.73,7.5,8.66,9.21
831152.BJ,昆工科技,-143.28,-61.98,5.0,-4.96,-2.56,-0.86,0.17,0.0,6.37,-2.69,-321.1,8.97,,63.61,扣非亏损,扣非亏损,亏损
000830.SZ,鲁西化工,10.97,12.26,1.26,8.92,8.95,5.85,1.3,0.0,15.89,7.3,183.2,19.91,,48.75,0.62,2.75,2.45
603180.SH,金牌家居,20.27,15.7,1.19,2.95,4.33,2.32,2.39,0.0,27.3,4.75,-25.55,12.09,0.13,51.31,1.3,10.66,9.36
605268.SH,王力安防,45.49,121.96,3.1,4.54,5.01,2.55,3.08,0.0,25.7,3.82,-8.21,15.53,,62.51,7.85,53.75,18.16
688352.SH,颀中科技,55.4,49.05,2.83,3.74,3.87,3.61,0.65,0.0,32.16,15.91,2.0,25.15,14.64,15.92,1.95,26.26,28.63
002656.SZ,ST摩登,-53.99,-16.89,2.6,-3.35,-3.58,-2.35,,0.0,66.12,-8.21,80.71,-13.04,,31.12,扣非亏损,扣非亏损,亏损
300543.SZ,朗科智能,46.03,80.0,2.74,3.77,4.08,2.25,0.46,0.0,18.56,4.1,-1.08,-2.85,,46.71,-28.04,42.48,22.57
300200.SZ,高盟新材,29.22,-12.11,2.69,6.39,7.13,5.36,,0.0,28.09,12.17,6.01,2.96,18.77,27.45,扣非亏损,扣非转亏,8.2
300978.SZ,东箭科技,30.0,34.25,3.24,8.29,8.22,5.9,1.46,0.0,28.47,9.05,16.48,11.54,2.64,39.76,2.97,8.26,7.3
603626.SH,科森科技,-19.96,-17.35,2.49,-9.21,-8.76,-4.23,1.43,0.0,6.68,-8.92,-41.13,-7.33,,55.4,扣非亏损,扣非亏损,亏损
002233.SZ,塔牌集团,18.16,24.95,0.78,2.06,3.22,3.63,7.06,0.0,23.11,13.44,-52.43,-6.86,,9.89,-3.64,24.2,11.28
300772.SZ,运达股份,27.91,30.64,1.81,3.12,4.96,0.8,0.47,0.0,14.36,1.92,8.62,18.35,,83.87,1.67,19.63,11.26
300531.SZ,优博讯,253.23,-26.22,3.92,1.13,1.1,1.34,0.33,0.0,25.23,1.86,-76.22,3.88,8.64,35.46,扣非亏损,扣非转亏,460.42
601686.SH,友发集团,60.61,50.83,1.33,0.45,1.58,1.33,4.88,0.0,2.18,0.31,-92.11,9.76,2.29,69.25,5.21,225.12,76.72
000027.SZ,深圳能源,11.63,27.62,1.09,4.31,6.09,3.46,2.17,0.0,22.03,9.01,-32.29,26.15,5.41,64.75,1.06,12.82,3.82
001238.SZ,浙江正特,70.52,260.25,2.67,3.23,2.87,1.49,0.29,0.0,26.49,3.21,-32.89,8.9,,27.01,29.25,161.39,49.14
002529.SZ,海源复材,-45.77,-15.37,6.27,-18.45,-9.78,-3.28,,0.0,-4.63,-34.18,-15.46,4.96,,56.36,扣非亏损,扣非亏损,亏损
300567.SZ,精测电子,202.25,193.45,6.76,0.02,2.39,1.15,0.23,0.0,43.43,2.44,100.81,6.11,0.79,56.49,31.66,21375.14,169.25
600395.SH,盘江股份,256.23,-95.74,1.09,-0.39,0.3,0.87,4.54,0.0,25.36,0.77,-106.3,16.46,,70.78,扣非亏损,扣非亏损,1713.94
001318.SZ,阳光乳业,29.07,29.47,2.41,6.64,6.0,5.26,1.08,0.0,36.95,21.97,-4.06,3.69,,4.7,7.99,8.88,9.69
601788.SH,光大证券,32.04,45.13,1.47,2.89,2.93,,1.82,30.01,,31.34,0.61,-12.37,0.77,74.97,-3.65,15.64,10.93
002360.SZ,同德化工,40.32,51.32,0.99,1.61,1.82,1.53,2.55,0.0,30.75,7.41,-76.17,1.63,0.74,53.0,31.57,63.66,44.31
688799.SH,华纳药厂,18.86,22.18,2.12,7.46,8.79,6.59,1.84,0.0,62.34,13.03,-9.92,14.73,1.7,19.85,1.51,5.95,4.29
300876.SZ,蒙泰高新,-56.62,-70.19,2.87,-2.88,-3.63,-1.19,0.8,0.0,9.12,-9.22,-206.23,7.33,1.4,46.01,扣非亏损,扣非亏损,亏损
600829.SH,人民同泰,17.1,18.98,1.63,6.85,7.32,3.97,1.84,0.0,8.87,2.68,-17.16,9.21,,59.13,2.06,5.54,4.67
603889.SH,新澳股份,10.48,12.68,1.54,10.83,11.32,8.27,4.21,0.0,19.38,10.11,5.6,26.19,,40.39,0.48,2.34,1.85
605577.SH,龙版传媒,22.64,45.87,1.76,5.65,5.98,4.61,0.34,0.0,44.55,15.97,-38.78,6.41,,31.47,7.16,16.24,7.57
688661.SH,和林微纳,-325.83,-231.79,3.81,-1.56,-0.87,-1.72,0.17,0.0,19.09,-2.82,45.29,12.78,0.52,14.58,扣非亏损,扣非亏损,亏损
600497.SH,驰宏锌锗,16.06,24.95,1.91,8.45,8.92,6.79,2.77,0.0,19.52,10.05,-19.17,4.8,0.21,28.67,5.2,5.91,3.6
600107.SH,美尔雅,-32.58,-17.34,4.12,-10.46,-9.06,-4.93,,0.0,31.82,-19.03,-77.44,12.55,,36.23,扣非亏损,扣非亏损,亏损
002530.SZ,金财互联,1477.66,-153.45,4.89,-0.18,0.25,1.32,,0.0,27.65,1.67,95.82,6.34,1.29,42.25,扣非亏损,扣非亏损,11821.24
688593.SH,新相微,2356.1,-1275.09,6.87,0.18,0.22,-1.02,0.26,0.0,15.62,0.82,-91.3,37.84,,13.62,扣非亏损,扣非转亏,21419.05
002668.SZ,TCL智家,11.1,12.97,5.49,44.56,45.18,12.75,,0.0,23.36,11.28,39.16,9.64,0.18,75.88,1.35,0.58,0.49
300050.SZ,世纪鼎利,-142.42,-21.22,8.02,-4.29,-4.16,-2.9,,0.0,29.67,-9.79,-70.87,-14.21,0.94,31.49,扣非亏损,扣非亏损,亏损
002566.SZ,益盛药业,51.21,47.43,1.1,0.91,1.59,1.41,1.68,0.0,74.8,6.61,-54.55,0.53,0.08,22.92,89.75,104.56,64.42
002323.SZ,雅博股份,-46.98,-46.29,7.21,-10.98,-10.88,-4.84,,0.0,12.51,-34.12,-543.2,156.48,,50.54,扣非亏损,扣非亏损,亏损
688203.SH,海正生材,49.07,59.84,1.46,1.97,2.24,1.84,0.61,0.0,13.02,5.07,-11.33,50.21,,25.96,1.19,60.81,43.82
301171.SZ,易点天下,48.16,64.98,3.55,5.34,5.62,3.01,0.56,0.0,21.48,10.98,16.31,-0.51,1.01,37.1,-127.45,24.33,17.14
600727.SH,鲁北化工,13.73,15.04,1.37,7.47,7.87,4.17,1.52,0.0,13.44,7.45,496.11,21.55,4.93,61.94,0.7,4.03,3.49
600268.SH,国电南自,52.11,28.89,2.35,3.13,3.35,3.46,1.29,0.0,23.99,5.16,114.11,14.94,,60.81,1.93,18.44,31.11
002311.SZ,海大集团,16.72,20.84,3.64,16.82,17.28,9.37,1.11,0.0,11.33,4.47,61.11,25.03,1.47,55.6,0.83,2.48,1.93
002437.SZ,誉衡药业,25.53,41.24,3.28,8.04,10.47,7.5,,0.0,53.25,10.32,219.08,-4.58,19.28,32.28,-9.01,10.26,4.88
002197.SZ,ST证通,-39.25,-16.32,1.23,-2.69,-2.31,0.11,,0.0,26.02,-5.35,-657.99,-0.54,,60.14,扣非亏损,扣非亏损,亏损
688215.SH,瑞晟智能,138.28,237.3,2.75,0.51,1.49,1.29,0.28,0.0,30.12,3.06,-55.14,41.52,,38.19,5.72,925.16,185.61
002999.SZ,天禾股份,162.94,49.43,1.91,0.58,0.49,0.7,1.6,0.0,5.09,0.07,-86.78,16.01,2.32,80.76,3.09,170.73,665.07
301503.SZ,智迪科技,30.83,32.94,2.74,6.63,6.73,4.85,1.66,0.0,17.97,7.06,42.11,7.16,,34.35,4.6,9.94,9.16
603269.SH,海鸥股份,39.54,35.97,2.1,3.97,4.05,2.01,2.23,0.0,23.88,3.7,8.18,19.08,7.95,69.98,1.89,18.14,19.53
600293.SH,三峡新材,192.97,218.43,2.09,-0.38,0.8,0.84,,0.0,8.35,1.2,-135.16,-1.13,3.06,46.99,-192.45,转盈,482.42
001306.SZ,夏厦精密,56.44,60.88,2.73,3.2,3.62,2.84,0.71,0.0,24.15,10.35,-2.71,-1.36,,28.76,-44.62,38.09,31.19
301019.SZ,宁波色母,27.51,31.05,2.37,5.57,6.57,6.78,1.66,0.0,32.04,19.56,-9.76,2.04,,7.8,15.24,11.15,8.38
688376.SH,美埃科技,28.12,30.53,3.18,8.22,8.77,5.51,0.79,0.0,30.57,12.32,28.95,18.91,0.14,47.0,1.61,7.43,6.41
002693.SZ,双成药业,-204.92,-209.78,23.83,-8.82,-8.36,-5.5,,0.0,59.95,-40.64,-170.06,-3.16,,43.45,扣非亏损,扣非亏损,亏损
688697.SH,纽威数控,19.81,22.42,3.66,12.44,13.74,6.83,3.19,0.0,25.47,12.41,-3.74,26.86,,58.92,0.83,3.61,2.88
300049.SZ,福瑞股份,78.22,91.63,6.64,6.15,6.38,7.53,,0.0,76.5,16.24,21.98,12.64,7.05,31.78,7.25,29.79,24.52
601136.SH,首创证券,68.63,68.94,5.28,5.89,5.91,,0.59,0.0,,40.45,64.73,7.98,0.97,72.54,8.64,23.39,23.23
002806.SZ,华锋股份,347.36,-8.77,2.86,-0.38,0.6,1.62,,0.0,19.59,0.61,93.99,20.4,28.04,55.09,扣非亏损,扣非亏损,1157.87
601698.SH,中国卫通,169.46,532.95,6.93,1.82,3.12,2.22,0.14,0.0,29.53,31.67,-18.78,-1.12,,14.43,-477.5,584.92,108.68
603317.SH,天味食品,28.39,32.0,3.75,8.94,10.15,9.63,3.01,0.0,39.28,18.8,38.1,11.84,6.52,18.2,2.7,7.16,5.59
600919.SH,江苏银行,4.31,5.23,0.7,10.11,12.25,,7.03,0.0,,47.02,10.95,12.84,,91.91,0.41,1.03,0.7
300840.SZ,酷特智能,13.87,30.6,2.17,6.25,12.37,12.12,0.25,0.0,41.37,28.53,-3.14,6.63,,22.85,4.62,9.79,2.24
603980.SH,吉华集团,17.34,-15.43,0.76,-0.45,3.21,3.4,1.5,0.0,11.49,10.8,74.54,-1.24,0.19,13.78,扣非亏损,扣非亏损,10.81
603075.SH,热威股份,26.38,29.03,3.96,10.9,11.31,8.96,2.06,0.0,31.42,16.12,19.12,-3.53,3.92,30.02,-8.23,5.32,4.67
688388.SH,嘉元科技,-34.88,-31.73,0.98,-2.46,-2.03,-0.86,0.07,0.0,1.96,-3.42,-2022.23,68.61,0.32,43.28,扣非亏损,扣非亏损,亏损
834407.BJ,驰诚股份,48.42,45.55,4.3,5.21,6.67,6.74,1.43,0.0,46.43,12.51,51.9,15.51,0.11,18.71,2.94,17.5,14.52
300759.SZ,康龙化成,29.62,46.25,4.19,6.04,10.9,7.01,0.69,0.0,33.87,15.53,-27.69,31.77,20.26,40.49,1.46,15.32,5.43
603979.SH,金诚信,17.59,18.14,3.09,13.93,13.92,10.8,0.53,0.0,32.52,15.74,54.81,24.55,,47.22,0.74,2.6,2.53
688568.SH,中科星图,186.6,148.39,10.06,1.96,4.1,3.56,0.39,0.0,47.49,11.44,24.94,53.06,9.15,43.42,2.8,151.76,91.02
300406.SZ,九强生物,18.43,17.88,2.42,9.65,9.67,8.89,1.05,0.0,77.81,30.1,0.63,32.77,42.19,27.35,0.55,3.71,3.81
300694.SZ,蠡湖股份,47.14,48.79,1.94,3.3,3.13,2.0,0.4,0.0,15.64,3.55,-27.96,14.5,,34.15,3.36,29.54,30.12
300212.SZ,易华录,-26.46,-10.9,7.25,-18.51,-18.64,-3.19,,0.0,0.73,-140.87,-6.05,-31.61,8.28,72.12,扣非亏损,扣非亏损,亏损
600358.SH,国旅联合,-57.36,-42.22,17.34,-18.55,-18.66,-3.25,,0.0,6.05,-9.84,-162.29,7.49,20.79,74.42,扣非亏损,扣非亏损,亏损
600119.SH,长江投资,-79.9,-61.65,16.72,-13.95,-14.55,-5.08,,0.0,5.55,-9.68,-238.83,34.58,0.5,49.93,扣非亏损,扣非亏损,亏损
300786.SZ,国林科技,-66.01,-49.19,2.65,-3.25,-2.94,-2.4,,0.0,19.9,-11.16,-640.72,6.36,,31.68,扣非亏损,扣非亏损,亏损
600132.SH,重庆啤酒,17.46,23.99,14.52,61.06,60.18,25.77,4.21,0.0,49.2,20.41,-1.61,10.81,16.03,66.84,2.22,0.79,0.58
301081.SZ,严牌股份,33.13,37.9,1.92,4.03,4.27,3.09,2.7,0.0,29.39,7.63,-0.9,8.64,,50.05,4.39,18.79,15.52
002384.SZ,东山精密,35.6,31.94,2.69,5.46,5.77,3.04,1.38,0.0,13.65,4.03,-2.72,6.35,11.69,58.71,5.03,11.71,12.34
600830.SH,香溢融通,70.91,96.27,2.5,2.54,2.67,2.59,0.21,0.0,63.26,33.98,358.44,34.58,,43.14,2.78,75.77,53.13
000829.SZ,天音控股,566.4,-134.5,5.24,-2.36,0.69,2.31,0.26,0.0,2.66,0.05,-211.73,16.83,29.72,86.93,扣非亏损,扣非亏损,1641.74
300852.SZ,四会富仕,24.23,26.02,2.67,6.98,7.94,5.98,0.78,0.0,24.7,11.83,-25.92,28.47,,38.57,0.91,7.45,6.1
838171.BJ,邦德股份,24.84,26.59,4.1,12.58,12.7,13.02,1.7,0.0,43.3,26.4,0.08,30.87,,7.3,0.86,4.23,3.91
688685.SH,迈信林,122.98,192.05,8.25,4.46,5.12,3.24,0.26,0.0,35.37,11.7,187.43,0.93,0.12,62.08,207.46,86.15,48.04
002185.SZ,华天科技,92.42,1560.64,2.67,0.3,2.21,1.45,0.26,0.0,12.29,3.53,116.57,12.55,4.04,47.99,124.4,10548.4,83.64
002554.SZ,惠博普,-36.62,-41.07,1.55,-3.56,-3.13,-1.01,0.26,0.0,11.32,-5.25,-185.62,47.51,1.08,53.1,扣非亏损,扣非亏损,亏损
603305.SH,旭升集团,31.64,32.46,2.15,4.44,5.07,3.31,1.17,0.0,21.23,9.78,-47.08,47.2,,50.78,0.69,14.62,12.48
300682.SZ,朗新集团,79.56,34.8,2.27,1.59,2.11,0.86,1.71,0.0,44.37,3.96,-27.22,12.98,17.72,26.29,2.68,43.75,75.41
600590.SH,泰豪科技,-17.38,-4.76,1.42,-4.75,-5.92,0.42,,0.0,18.03,-7.1,-510.69,-9.47,13.51,68.86,扣非亏损,扣非亏损,亏损
002449.SZ,国星光电,59.66,196.76,1.38,0.93,1.74,0.76,0.63,0.0,11.72,2.59,-31.51,1.36,,40.44,144.56,424.09,68.57
688227.SH,品高股份,-49.0,-131.59,2.26,-3.8,-3.4,-3.44,,0.0,37.36,-27.96,-1.1,5.82,2.34,29.69,扣非亏损,扣非亏损,亏损
300198.SZ,纳川股份,-27.95,-9.16,4.32,-9.97,-10.99,-3.23,,0.0,15.17,-61.83,-16.45,-23.78,,74.93,扣非亏损,扣非亏损,亏损
300747.SZ,锐科激光,80.27,174.66,3.91,2.15,3.66,2.21,0.51,0.0,26.88,5.3,-56.81,18.7,1.78,38.12,9.34,162.18,43.86
688189.SH,南新制药,-23.03,-32.86,1.78,-5.66,-5.62,-5.38,,0.0,57.37,-36.49,-1333.93,-9.07,0.9,11.61,扣非亏损,扣非亏损,亏损
603967.SH,中创物流,13.02,13.99,1.51,8.52,8.73,8.41,4.84,0.0,5.03,2.68,12.17,32.93,0.01,40.96,0.42,3.28,2.98
600655.SH,豫园股份,15.62,-24.89,0.66,-1.85,3.17,2.33,3.06,0.0,13.06,2.68,-339.61,8.14,3.15,68.54,扣非亏损,扣非亏损,9.85
300037.SZ,新宙邦,35.83,36.52,3.61,7.55,7.48,4.84,1.27,0.0,27.09,12.48,-5.16,50.4,4.18,41.49,0.72,9.68,9.58
300224.SZ,正海磁材,46.07,57.68,3.28,4.41,4.87,3.04,1.71,0.0,16.15,4.96,-51.81,50.98,,51.2,1.13,26.17,18.92
002058.SZ,威尔泰,-150.97,-99.56,15.62,-8.43,-5.68,-1.63,,0.0,30.3,-5.56,-8.67,-0.39,,41.01,扣非亏损,扣非亏损,亏损
836942.BJ,恒立钻具,23.48,25.29,1.96,5.98,6.32,5.39,1.15,0.0,39.71,21.18,38.85,6.08,,23.43,4.16,8.45,7.43
605168.SH,三人行,29.41,27.98,2.57,5.66,6.3,4.4,2.68,0.0,17.52,5.9,-48.79,26.32,,40.34,1.06,9.89,9.34
300555.SZ,ST路通,-30.22,-24.93,2.78,-7.19,-6.66,-7.5,,0.0,13.99,-44.52,-60.59,-0.45,0.93,15.26,扣非亏损,扣非亏损,亏损
001367.SZ,海森药业,27.63,27.27,2.41,6.75,6.81,6.24,1.14,0.0,41.37,27.17,22.87,13.09,,6.89,2.08,8.08,8.11
600120.SH,浙江东方,30.44,36.15,1.09,2.65,2.67,1.48,1.62,0.0,3.87,6.05,1.53,1.96,2.66,60.73,18.47,27.27,22.8
002681.SZ,奋达科技,51.45,755.29,4.25,5.45,6.59,4.24,,0.0,22.2,6.0,-9.25,-3.66,,48.17,-206.11,277.25,15.62
603192.SH,汇得科技,22.29,28.74,1.51,4.67,5.17,3.59,0.92,0.0,12.31,3.62,33.17,32.5,0.05,29.53,0.88,12.3,8.62
300798.SZ,锦鸡股份,308.73,1098.47,2.14,0.44,0.51,0.9,0.2,0.0,14.81,1.25,-72.26,9.25,,32.57,118.79,4954.75,1210.72
600589.SH,广东榕泰,-179.45,-43.34,10.98,-9.51,-4.52,-0.74,,0.0,11.03,-9.02,53.13,-28.64,20.66,65.89,扣非亏损,扣非亏损,亏损
603087.SH,甘李药业,44.15,77.81,2.66,2.83,4.61,4.22,0.38,0.0,75.36,22.6,38.64,2.39,,8.3,32.6,54.96,19.15
301093.SZ,华兰股份,44.07,57.96,1.41,1.52,2.25,2.21,1.86,0.0,39.15,12.36,-25.98,20.57,,9.77,2.82,76.07,39.17
600346.SH,恒力石化,15.64,18.85,1.74,7.63,8.44,4.09,4.18,0.0,10.36,2.88,-7.04,15.94,0.13,77.48,1.18,4.94,3.71
000603.SZ,盛达资源,35.67,46.59,2.9,6.04,6.24,5.58,0.68,0.0,43.47,18.53,48.71,11.55,0.68,41.48,4.03,15.44,11.43
000599.SZ,青岛双星,-19.45,-21.28,2.71,-10.79,-3.5,-0.84,,0.0,9.63,-6.29,22.06,2.49,,79.8,扣非亏损,扣非亏损,亏损
002245.SZ,蔚蓝锂芯,30.26,42.05,1.69,3.53,4.28,3.64,0.18,0.0,16.47,6.79,214.77,11.65,8.46,34.09,3.61,23.81,14.14
301515.SZ,港通医疗,77.3,37.77,1.58,1.27,1.52,0.91,0.9,0.0,20.02,4.07,-26.16,11.2,,31.69,3.37,59.53,101.71
600094.SH,大名城,31.99,-51.9,0.78,1.81,1.84,1.89,,0.0,15.64,6.11,-65.06,2.2,,40.05,扣非亏损,扣非转亏,34.77
301158.SZ,德石股份,27.03,23.47,1.77,4.7,4.78,4.28,1.9,0.0,35.76,16.08,28.1,10.42,,22.81,2.25,9.99,11.31
600281.SH,华阳新材,-17.52,-12.53,12.86,-43.31,-43.43,-5.99,,0.0,-3.25,-35.3,29.66,-9.45,,84.36,扣非亏损,扣非亏损,亏损
600528.SH,中铁工业,10.64,12.82,0.79,4.96,4.7,2.35,1.36,0.0,18.84,6.3,-8.88,7.42,,57.29,1.73,5.17,4.53
688125.SH,安达智能,-288.52,-158.53,1.91,-0.55,-0.49,-1.88,0.38,0.0,52.04,-1.81,-140.42,0.06,,18.92,扣非亏损,扣非亏损,亏损
002716.SZ,湖南白银,64.32,-218.84,3.26,3.13,4.36,4.08,,0.0,6.34,2.29,411.85,62.37,,46.87,扣非亏损,扣非转亏,29.5
600958.SH,东方证券,21.42,30.45,1.24,3.98,4.16,,1.72,30.06,,23.46,17.26,-8.85,0.04,79.07,-3.44,7.65,5.15
300443.SZ,金雷股份,40.48,37.26,1.32,2.21,2.44,2.24,1.5,0.0,22.75,11.36,-56.73,9.65,0.07,7.57,3.86,33.75,33.18
600448.SH,华纺股份,537.26,-395.24,1.44,0.11,0.23,1.48,,0.0,12.09,0.14,532.34,-5.02,,65.41,扣非亏损,扣非转亏,4671.84
688045.SH,必易微,-96.34,-42.72,1.94,-3.16,-1.52,-2.53,,0.0,25.03,-7.28,-6.85,25.27,1.72,8.7,扣非亏损,扣非亏损,亏损
603903.SH,中持股份,-591.11,29.51,1.12,-0.51,-0.13,0.84,1.94,0.0,30.73,-1.52,-110.61,-0.15,14.67,62.54,-193.54,扣非亏损,亏损
300328.SZ,宜安科技,1950.82,-176.91,5.83,-1.88,0.22,-0.37,,0.0,12.66,-0.84,1.84,23.28,1.13,53.71,扣非亏损,扣非亏损,17734.72
300735.SZ,光弘科技,167.65,118.95,6.92,2.53,3.08,3.11,1.06,0.0,11.94,3.98,-43.51,34.31,0.27,34.55,3.47,94.16,108.86
000782.SZ,恒申新材,-237.36,-158.46,2.32,-0.94,-1.07,-0.26,,0.0,4.1,-0.56,81.79,8.58,,40.28,扣非亏损,扣非亏损,亏损
300815.SZ,玉禾田,10.74,12.53,1.76,12.8,12.89,9.88,1.37,0.0,24.49,11.05,12.97,12.61,4.98,46.79,0.99,1.96,1.67
002401.SZ,中远海科,34.22,53.23,3.85,8.28,8.61,4.82,0.99,0.0,20.77,11.41,-25.76,5.42,,35.16,9.83,12.86,7.95
603038.SH,华立股份,127.5,1083.12,4.33,1.68,2.57,2.63,0.43,0.0,25.62,5.62,-12.85,1.05,4.01,26.16,1035.88,1290.66,99.22
600156.SH,华升股份,-67.53,-39.17,4.45,-7.31,-4.82,-2.24,,0.0,6.39,-5.32,8.92,-12.15,,52.06,扣非亏损,扣非亏损,亏损
600322.SH,津投城开,-9.41,-1.75,159.48,-276.76,-172.79,1.37,,0.0,23.08,-21.39,-349.73,10.79,,96.7,扣非亏损,扣非亏损,亏损
002282.SZ,博深股份,17.05,18.76,1.06,4.38,4.72,4.99,1.91,0.0,27.29,13.2,27.56,8.28,33.56,10.73,2.26,8.57,7.23
301218.SZ,华是科技,-464.94,191.94,3.13,-1.14,-0.5,-0.98,0.14,0.0,21.2,-1.39,-594.93,7.04,,35.73,27.26,扣非亏损,亏损
002911.SZ,佛燃能源,24.17,19.83,3.48,6.08,10.96,4.87,5.23,0.0,6.19,2.28,10.3,51.17,0.62,53.27,0.39,6.52,4.41
300930.SZ,屹通新材,52.19,56.35,3.19,4.63,4.67,4.26,0.42,0.0,19.86,11.49,-5.07,9.87,,25.08,5.71,24.33,22.35
300608.SZ,思特奇,-21.29,-64.27,3.15,-10.37,-10.19,-5.71,0.06,0.0,12.03,-48.73,-121.94,6.42,,40.83,扣非亏损,扣非亏损,亏损
600168.SH,武汉控股,53.31,-37.04,0.98,0.87,1.38,1.95,0.92,0.0,21.53,2.53,163.63,10.26,,76.65,扣非亏损,扣非转亏,77.26
832171.BJ,志晟信息,-46.42,-27.47,8.69,-11.88,-13.12,-8.5,,0.0,28.11,-71.73,-33.79,-19.44,,32.75,扣非亏损,扣非亏损,亏损
300723.SZ,一品红,-23.85,-82.28,3.6,0.16,-10.49,-5.4,0.7,0.0,66.53,-21.73,-98.3,14.91,0.5,51.11,扣非亏损,扣非转亏,亏损
000729.SZ,燕京啤酒,17.05,32.69,1.97,8.79,8.98,6.94,1.16,0.0,45.09,11.79,45.68,9.16,0.51,36.18,3.57,7.44,3.8
600030.SH,中信证券,22.45,25.22,1.93,6.03,6.3,,2.33,33.65,,37.82,3.42,6.02,2.89,83.14,4.19,4.18,3.56
301592.SZ,六九一二,664.25,101.08,11.99,3.17,2.87,2.54,,0.0,47.14,5.2,1009.66,19.84,,49.78,5.1,63.8,462.89
300929.SZ,华骐环保,-83.17,-60.98,1.64,-1.61,-1.47,-0.05,0.16,0.0,32.71,-9.09,-759.32,-14.23,,52.58,扣非亏损,扣非亏损,亏损
688113.SH,联测科技,30.24,27.46,2.44,5.96,6.13,5.01,0.76,0.0,38.79,17.43,-9.87,12.43,1.82,27.24,2.21,9.21,9.87
300455.SZ,航天智装,304.6,182.34,6.19,1.45,1.53,1.16,0.13,0.0,23.85,3.86,-12.08,7.53,,44.48,24.23,252.01,398.18
300025.SZ,华星创业,-98.63,-108.37,8.35,-6.44,-6.19,-4.14,,0.0,10.53,-8.37,-83.46,-3.7,0.04,33.62,扣非亏损,扣非亏损,亏损
600866.SH,星湖科技,12.9,11.4,1.53,10.03,8.88,6.54,8.15,0.0,15.72,5.33,62.99,113.17,1.56,45.73,0.1,2.27,2.91
002843.SZ,泰嘉股份,57.24,50.57,3.58,4.77,4.66,2.0,0.75,0.0,16.65,4.58,-15.21,68.31,9.54,45.57,0.74,21.19,24.57
835207.BJ,众诚科技,-52.46,-70.92,6.33,-9.88,-8.52,-5.09,0.7,0.0,17.8,-10.95,-307.15,-8.15,,45.22,扣非亏损,扣非亏损,亏损
002413.SZ,雷科防务,-37.98,-10.0,1.87,-3.82,-3.58,-2.43,,0.0,37.45,-18.57,-135.0,3.54,17.37,25.43,扣非亏损,扣非亏损,亏损
603026.SH,石大胜华,503.32,-154.93,1.94,0.07,0.29,-0.69,0.09,0.0,5.31,-1.52,-96.05,14.43,,54.15,扣非亏损,扣非转亏,3471.19
603456.SH,九洲药业,17.63,21.47,1.74,7.27,7.4,6.38,2.07,0.0,34.75,15.96,-35.04,29.64,1.27,21.67,0.72,5.91,4.77
603131.SH,上海沪工,109.46,-103.09,5.54,3.0,3.81,2.59,,0.0,21.7,6.2,26.59,0.86,,44.89,扣非亏损,扣非转亏,57.46
002294.SZ,信立泰,52.57,59.75,4.15,5.98,6.23,5.62,1.53,0.0,72.07,17.06,14.94,7.39,0.13,15.52,8.08,19.97,16.88
002108.SZ,沧州明珠,33.21,61.36,1.21,2.42,2.71,2.29,2.43,0.0,11.93,7.05,-46.66,-1.64,,31.39,-37.52,50.7,24.51
300942.SZ,易瑞生物,710.55,-38.69,4.71,-1.16,0.46,0.81,,0.0,66.09,1.89,90.89,27.71,,38.08,扣非亏损,扣非亏损,3089.35
601727.SH,上海电气,163.03,-171.0,3.08,0.55,1.43,1.37,,0.0,18.65,3.37,744.33,-5.45,4.16,73.15,扣非亏损,扣非转亏,228.01
688137.SH,近岸蛋白,-111.64,-69.73,1.27,-1.51,-0.84,-2.28,0.9,0.0,64.54,-19.83,-3384.36,8.46,,4.85,扣非亏损,扣非亏损,亏损
002728.SZ,特一药业,647.53,79.23,2.98,0.13,0.32,0.04,2.79,0.0,38.84,1.32,-98.7,19.05,30.39,30.09,4.16,1234.09,4047.08
002620.SZ,瑞和股份,-10.14,-3.24,11.91,-58.62,-59.47,-0.62,,0.0,15.05,-15.31,-5.59,-24.41,,91.19,扣非亏损,扣非亏损,亏损
600603.SH,ST广物,21.43,23.68,1.74,5.4,6.29,3.81,,0.0,40.11,17.08,4.5,41.23,,66.19,0.57,8.77,6.81
000717.SZ,中南股份,-6.28,-7.27,0.86,-10.56,-9.79,-4.46,,0.0,-1.35,-3.69,-437.52,9.9,,58.62,扣非亏损,扣非亏损,亏损
830974.BJ,凯大催化,74.8,59.25,2.45,1.48,2.42,1.74,1.43,0.0,2.91,2.0,209.43,-8.25,,22.87,-7.18,80.28,61.82
002269.SZ,美邦服饰,70.91,-12.05,9.34,-11.91,10.86,2.88,,0.0,33.98,9.87,39.54,-27.39,,76.79,扣非亏损,扣非亏损,13.06
600764.SH,中国海防,107.8,81.35,2.64,1.37,1.83,1.55,0.53,0.0,35.55,8.6,28.89,-7.96,,28.46,-10.22,119.09,117.81
603927.SH,中科软,55.34,37.73,6.63,8.67,8.88,3.96,1.83,0.0,30.07,7.03,-21.83,4.12,,52.26,9.15,8.7,12.46
301231.SZ,荣信文化,-49.1,-54.92,1.86,-3.1,-2.78,-3.52,0.2,0.0,37.36,-12.67,-896.38,-10.31,,5.46,扣非亏损,扣非亏损,亏损
601086.SH,国芳集团,68.42,45.9,2.1,3.6,2.2,1.64,3.42,0.0,45.98,5.94,-43.82,0.42,,41.61,110.1,25.48,62.2
603330.SH,天洋新材,-76.37,-27.13,1.71,-2.1,-1.66,-0.17,1.06,0.0,13.93,-2.65,-4.12,26.41,3.18,41.65,扣非亏损,扣非亏损,亏损
000680.SZ,山推股份,15.56,15.55,2.32,11.4,11.56,5.46,3.04,0.0,16.7,6.89,42.51,14.55,0.18,59.84,1.07,2.73,2.69
002133.SZ,广宇集团,-10.46,-7.63,0.56,-3.95,-3.93,-0.13,1.43,0.0,3.29,-3.63,-197.32,25.25,0.03,64.4,扣非亏损,扣非亏损,亏损
688101.SH,三达膜,17.09,17.97,1.23,5.13,5.47,4.72,1.71,0.0,35.82,20.89,23.74,18.64,,30.52,0.96,7.01,6.25
601228.SH,广州港,24.2,27.24,1.28,4.03,4.01,3.26,1.37,0.0,24.71,10.0,4.77,5.46,0.74,51.0,4.99,13.51,12.07
300381.SZ,溢多利,69.82,-213.45,1.52,0.54,1.62,1.44,0.81,0.0,46.43,7.21,8.11,-23.78,1.37,9.68,扣非亏损,扣非转亏,86.2
600854.SH,春兰股份,14.18,17.9,1.06,5.42,5.66,4.83,2.66,0.0,35.75,180.64,-1.6,-8.93,,7.35,-2.0,6.61,5.01
688239.SH,航宇科技,34.37,48.29,3.67,7.58,8.4,5.01,1.03,0.0,29.09,10.37,-12.37,46.43,,56.02,1.04,12.75,8.18
300316.SZ,晶盛机电,12.71,12.57,2.94,18.22,18.46,10.43,1.59,0.0,35.57,22.38,-11.65,67.98,,45.8,0.18,1.38,1.38
600667.SH,太极实业,26.63,27.89,2.2,6.23,6.29,2.26,1.49,0.0,7.59,2.43,-10.61,30.96,6.31,72.37,0.9,8.95,8.47
603329.SH,上海雅仕,49.39,54.69,1.92,2.09,2.93,2.51,0.63,0.0,5.14,1.0,312.03,16.75,,57.88,3.27,52.45,33.71
002425.SZ,ST凯文,-18.75,-3.72,0.7,-2.83,-2.76,-2.7,,0.0,4.98,-31.75,29.38,-1.96,44.4,12.14,扣非亏损,扣非亏损,亏损
002923.SZ,润都股份,69.72,160.94,3.01,2.24,3.18,2.35,1.62,0.0,46.37,4.24,-45.43,1.49,,46.93,108.26,143.47,43.85
301200.SZ,大族数控,57.41,107.28,3.11,3.49,4.2,3.32,2.25,0.0,27.99,8.66,35.56,3.85,3.08,26.12,27.86,61.44,27.34
300276.SZ,三丰智能,319.22,-636.61,4.07,0.51,0.96,0.49,,0.0,14.31,1.48,-70.16,15.24,11.49,55.32,扣非亏损,扣非转亏,665.04
603205.SH,健尔康,58.09,56.84,5.2,9.31,9.75,8.73,,0.0,22.88,11.94,8.28,-5.46,,15.47,-10.41,12.21,11.92
600461.SH,洪城环境,10.02,10.94,1.38,10.66,10.82,5.96,4.82,0.0,33.9,18.31,12.23,4.13,0.68,58.53,2.65,2.05,1.85
688033.SH,天宜上佳,-5.38,-5.53,0.92,-12.7,-11.91,-7.23,0.15,0.0,-27.77,-93.5,-385.79,74.19,7.08,38.82,扣非亏损,扣非亏损,亏损
603366.SH,日出东方,65.74,115.98,1.48,0.31,1.68,0.96,1.25,0.0,27.77,1.81,-90.22,11.87,2.5,43.96,9.77,746.09,78.27
002855.SZ,捷荣技术,-29.63,-26.63,9.57,-22.5,-21.61,-8.46,,0.0,10.46,-19.25,-300.64,-12.57,,63.68,扣非亏损,扣非亏损,亏损
300174.SZ,元力股份,23.84,27.66,2.06,5.66,6.64,5.23,0.62,0.0,25.05,15.27,3.99,20.44,,15.77,1.35,9.78,7.18
002006.SZ,精工科技,65.58,72.12,4.86,4.7,5.35,2.83,0.98,0.0,24.37,6.19,-50.31,21.09,,54.65,3.42,30.68,24.52
688429.SH,时创能源,-19.29,-24.96,7.32,-25.46,-25.01,-17.03,0.21,0.0,13.18,-112.39,-471.74,90.37,,44.99,扣非亏损,扣非亏损,亏损
300803.SZ,指南针,-295.48,280922.43,23.74,-6.17,-6.01,-1.71,,0.0,81.74,-18.47,-131.37,15.59,71.29,79.41,18015.51,扣非亏损,亏损
301567.SZ,贝隆精密,109.33,101.62,5.19,3.97,3.77,3.25,,0.0,24.49,8.75,-38.01,8.75,,15.14,11.62,51.13,58.0
001202.SZ,炬申股份,19.38,23.02,2.37,8.9,9.03,7.8,1.71,0.0,20.57,9.47,55.94,4.48,0.02,44.63,5.13,5.17,4.29
002396.SZ,星网锐捷,32.71,35.95,1.75,3.67,4.04,2.65,1.38,0.0,32.4,4.49,0.19,16.24,4.75,42.27,2.21,19.6,16.19
430198.BJ,微创光电,-33.06,-11.62,6.42,-13.64,-13.58,-8.62,,0.0,37.17,-97.12,-35.78,-9.65,,36.52,扣非亏损,扣非亏损,亏损
600983.SH,惠而浦,96.94,91.78,2.72,1.42,2.09,0.77,8.87,0.0,14.13,2.1,-43.68,-6.63,,48.68,-13.84,129.41,92.76
605318.SH,法狮龙,-155.99,242.62,3.43,-2.37,-1.61,-1.72,1.87,0.0,19.79,-3.03,-279.4,19.77,,27.8,12.27,扣非亏损,亏损
300418.SZ,昆仑万维,-68.78,-218.21,3.86,-4.32,-4.18,-3.55,0.13,0.0,76.9,-23.29,-336.11,2.06,30.32,15.37,扣非亏损,扣非亏损,亏损
300149.SZ,睿智医药,-45.16,-3.91,2.72,-4.93,-4.42,-2.57,,0.0,19.22,-8.6,-78.07,-7.2,10.02,35.56,扣非亏损,扣非亏损,亏损
300579.SZ,数字认证,-230.51,-142.29,9.3,-3.49,-3.0,-2.07,,0.0,49.35,-4.14,-13.85,5.07,,39.28,扣非亏损,扣非亏损,亏损
002793.SZ,罗欣药业,-14.36,-7.55,2.41,-12.44,-11.75,-4.95,,0.0,42.8,-16.89,-13.35,-24.16,0.09,55.94,扣非亏损,扣非亏损,亏损
833171.BJ,国航远洋,39.08,98.3,2.98,4.0,5.89,4.8,,0.0,20.27,11.99,2709.12,21.43,,60.23,4.59,49.12,13.27
603063.SH,禾望电气,25.63,23.77,2.11,6.53,6.32,4.32,0.8,0.0,37.48,11.76,-17.74,19.02,,44.18,1.25,7.27,8.11
601216.SH,君正集团,16.95,20.77,1.92,7.86,8.34,6.29,8.56,0.0,19.82,12.49,1.71,10.24,5.68,37.23,2.03,5.28,4.07
300839.SZ,博汇股份,-8.75,-3.8,3.54,-26.23,-25.14,-5.38,,0.0,22.93,-10.61,-232.1,38.87,,75.64,扣非亏损,扣非亏损,亏损
688648.SH,中邮科技,-43.09,-110.16,2.42,-4.73,-4.08,-3.11,0.61,0.0,13.08,-11.62,-1060.69,-2.09,,32.78,扣非亏损,扣非亏损,亏损
301369.SZ,联动科技,234.13,229.02,3.21,0.72,1.03,-0.6,0.31,0.0,59.63,6.12,-20.36,13.2,,5.96,17.34,638.55,454.63
300150.SZ,世纪瑞尔,64.49,-347.18,1.84,2.09,2.16,1.93,,0.0,43.04,6.37,68.78,3.31,8.29,23.31,扣非亏损,扣非转亏,59.72
000705.SZ,浙江震元,49.35,58.82,1.45,1.85,2.2,1.87,0.55,0.0,19.15,1.58,-44.64,6.28,,39.57,9.37,63.55,44.86
301195.SZ,北路智控,24.64,25.99,1.99,5.19,6.1,5.43,1.68,0.0,42.78,17.26,-21.88,32.25,,13.13,0.81,10.03,8.08
001226.SZ,拓山重工,94.02,-443.61,2.61,0.83,2.1,1.57,1.12,0.0,12.21,3.37,210.57,-11.0,,37.33,扣非亏损,扣非转亏,89.55
688636.SH,智明达,-295.21,192.97,3.34,-1.28,-0.85,-0.9,0.32,0.0,49.74,-4.39,-146.91,27.12,,27.5,7.12,扣非亏损,亏损
301487.SZ,盟固利,975.97,1826.08,5.99,0.3,0.46,0.52,0.06,0.0,6.97,0.55,-87.51,-6.31,,45.92,-289.25,12041.4,4243.36
600017.SH,日照港,11.47,20.31,0.71,4.62,4.68,3.34,2.36,0.0,25.36,11.69,-2.92,8.16,0.98,59.56,2.49,8.8,4.9
688021.SH,奥福环保,-25.43,-16.76,1.07,-3.87,-3.11,-1.67,,0.0,16.82,-15.09,-799.47,13.52,,30.1,扣非亏损,扣非亏损,亏损
601878.SH,浙商证券,34.56,34.79,1.94,4.53,4.59,,1.34,0.0,,11.0,-5.08,20.56,0.07,79.88,1.69,15.35,15.06
600739.SH,辽宁成大,19.66,57.28,0.63,2.4,2.44,2.6,0.85,0.0,13.99,8.25,17.83,-12.76,,33.73,-4.49,47.69,16.12
000156.SZ,华数传媒,30.5,40.28,0.97,1.81,2.35,1.04,2.99,0.0,31.82,5.54,-39.6,8.67,3.54,46.63,4.65,44.45,25.96
301183.SZ,东田微,89.28,236.98,5.7,4.77,4.91,3.19,,0.0,23.31,9.71,320.25,-6.91,,32.08,-34.28,99.34,36.37
301370.SZ,国科恒泰,45.5,37.99,2.47,3.99,4.05,2.41,0.73,0.0,10.35,1.83,11.73,15.56,,63.79,2.44,19.03,22.47
301068.SZ,大地海洋,56.67,59.56,4.38,5.07,5.85,3.75,0.82,0.0,20.61,6.87,49.11,26.39,4.75,38.31,2.26,23.48,19.38
600971.SH,恒源煤电,9.13,8.67,0.91,7.59,7.46,5.29,7.62,0.0,38.78,17.46,-40.96,15.52,,38.7,0.56,2.28,2.45
300966.SZ,共同药业,-122.1,-229.28,2.74,-1.56,-1.5,-0.5,0.07,0.0,14.23,-4.52,-190.91,7.41,,61.76,扣非亏损,扣非亏损,亏损
838971.BJ,天马新材,132.16,177.49,10.15,4.87,5.75,5.57,1.54,0.0,25.25,13.95,11.44,26.14,,23.2,6.79,72.83,45.97
688008.SH,澜起科技,65.18,78.13,8.09,8.44,9.46,7.74,0.51,0.0,58.12,37.98,460.88,15.36,,5.68,5.09,18.51,13.78
301255.SZ,通力科技,67.58,68.67,3.81,3.81,4.2,3.36,1.19,0.0,26.21,13.39,-25.42,12.1,,23.84,5.68,36.02,32.18
003026.SZ,中晶科技,307.9,-1229.03,8.19,1.66,1.85,1.76,,0.0,34.46,7.11,150.99,13.53,,51.46,扣非亏损,扣非转亏,332.87
000981.SZ,山子高科,-17.53,-11.88,9.06,-23.94,-32.52,-4.67,,0.0,20.64,-22.04,48.75,-4.43,27.25,81.07,扣非亏损,扣非亏损,亏损
002935.SZ,天奥电子,350.47,96.01,4.84,0.95,1.03,0.45,0.44,0.0,26.49,2.76,-31.93,7.16,,42.15,13.4,202.29,680.52
000551.SZ,创元科技,19.18,26.17,2.14,8.43,8.68,5.9,0.67,0.0,23.25,9.71,63.2,10.53,1.43,43.65,2.49,6.21,4.42
603051.SH,鹿山新材,72.35,-281.95,2.2,1.34,2.34,2.0,,0.0,10.35,1.93,122.44,44.91,,49.51,扣非亏损,扣非转亏,61.84
301056.SZ,森赫股份,22.75,23.64,2.84,9.15,9.5,4.96,1.96,0.0,33.75,14.72,19.91,10.28,,38.45,2.3,5.17,4.79
600310.SH,广西能源,12.84,45.37,2.27,5.84,14.1,4.87,0.8,0.0,28.4,18.91,284.4,-3.77,5.62,75.53,-12.03,15.52,1.82
300827.SZ,上能电气,43.33,46.29,8.52,15.8,15.76,4.56,0.33,0.0,25.32,9.8,50.81,77.94,,72.48,0.59,5.86,5.5
600740.SH,山西焦化,32.78,49.18,0.72,1.5,1.66,1.81,0.99,0.0,-18.99,4.56,-82.1,12.71,,40.77,3.87,65.66,39.49
300162.SZ,雷曼光电,-60.77,-29.88,3.74,-5.74,-4.46,-2.84,,0.0,24.8,-4.43,-182.01,15.02,3.48,44.68,扣非亏损,扣非亏损,亏损
603716.SH,塞力医疗,-22.78,-9.7,1.74,-2.29,-5.15,-0.11,,0.0,19.89,-2.36,-132.73,-0.66,6.49,63.47,扣非亏损,扣非亏损,亏损
300592.SZ,华凯易佰,20.95,27.43,2.38,8.56,8.71,5.71,1.61,0.0,35.13,3.07,-33.98,531.84,32.64,50.77,0.05,6.41,4.81
002644.SZ,佛慈制药,84.0,156.27,2.47,1.43,2.22,1.65,0.31,0.0,32.02,5.71,-48.7,19.54,0.5,27.42,8.0,218.12,75.68
603877.SH,太平鸟,44.43,44.45,1.49,-0.22,2.42,2.41,3.51,0.0,54.89,2.35,-107.23,-4.77,,44.48,-9.32,转盈,36.72
000679.SZ,大连友谊,-28.45,-26.86,5.39,-8.5,-13.27,-3.26,,0.0,23.68,-43.21,-92.26,-1.88,,77.88,扣非亏损,扣非亏损,亏损
002095.SZ,生意宝,-202.75,-160.95,4.42,-2.71,-1.61,-2.6,0.25,0.0,11.85,-5.9,-471.85,5.51,,21.18,扣非亏损,扣非亏损,亏损
603282.SH,亚光股份,20.64,21.0,1.75,6.38,6.35,2.99,2.59,0.0,35.85,15.97,-40.85,37.14,,56.5,0.57,6.58,6.5
838030.BJ,德众汽车,239.19,-58.48,3.12,0.44,0.98,1.44,,0.0,8.07,0.26,-48.85,9.41,,67.06,扣非亏损,扣非转亏,488.14
301348.SZ,蓝箭电子,50377.04,-1888.64,4.19,-0.21,0.01,-0.77,0.6,0.0,6.86,0.02,-107.59,0.07,,19.35,扣非亏损,扣非亏损,10075407.4
300393.SZ,中来股份,-21.8,-22.04,2.22,-8.33,-7.23,-1.71,1.33,0.0,9.8,-7.27,-164.43,35.67,,72.84,扣非亏损,扣非亏损,亏损
605005.SH,合兴股份,25.92,28.65,3.6,9.93,10.74,9.52,1.14,0.0,34.0,16.18,10.0,11.7,,19.62,2.45,5.77,4.83
300001.SZ,特锐德,42.54,41.19,3.67,5.66,6.59,2.5,0.5,0.0,20.52,4.13,122.13,25.07,2.4,67.12,1.64,14.54,12.91
301382.SZ,蜂助手,52.47,46.05,3.74,5.31,5.36,4.38,0.45,0.0,20.5,8.31,9.26,32.94,0.04,35.9,1.4,17.35,19.58
873001.BJ,纬达光电,104.82,159.13,4.42,2.93,3.18,3.1,0.65,0.0,30.1,14.19,-24.86,4.36,,10.15,36.48,108.59,65.92
835857.BJ,百甲科技,136.4,118.12,2.14,0.76,1.18,1.36,0.41,0.0,17.39,1.25,-73.27,1.99,,54.48,59.5,309.22,231.19
000039.SZ,中集集团,19.05,40.32,0.99,3.43,3.77,3.8,0.29,0.0,11.84,2.11,40.34,16.87,4.12,62.84,2.39,23.53,10.11
000993.SZ,闽东电力,29.08,155.57,1.79,4.65,4.63,4.36,1.96,0.0,51.69,25.27,-63.51,62.92,1.66,30.15,2.47,66.9,12.56
688252.SH,天德钰,39.9,51.81,4.9,8.25,9.55,7.12,0.28,0.0,21.38,12.94,137.12,35.73,,14.5,1.45,12.56,8.36
603585.SH,苏利股份,201.68,-307.34,0.98,0.29,0.35,0.8,0.35,0.0,14.21,0.51,-80.25,14.45,0.01,43.91,扣非亏损,扣非转亏,1152.45
002121.SZ,科陆电子,-36.2,-14.04,9.11,-25.18,-17.5,0.3,,0.0,32.02,-6.26,-298.6,8.39,8.88,89.35,扣非亏损,扣非亏损,亏损
003038.SZ,鑫铂股份,26.61,23.48,1.58,3.94,4.32,2.11,1.16,0.0,7.45,2.2,-36.28,75.29,,68.82,0.31,11.93,12.32
600029.SH,南方航空,42.33,-16.19,2.87,-1.53,5.29,2.96,,0.0,10.34,2.74,-283.44,26.39,,82.42,扣非亏损,扣非亏损,16.0
002947.SZ,恒铭达,23.56,25.06,3.25,11.92,13.31,10.64,1.55,0.0,32.79,18.36,67.49,43.34,2.44,20.26,0.58,4.2,3.54
301580.SZ,爱迪特,33.02,,2.5,7.32,9.82,6.76,,0.0,52.92,17.13,,29.47,2.69,11.5,,,6.73
601100.SH,恒立液压,33.41,32.04,5.3,11.78,12.16,9.98,1.28,0.0,41.46,25.87,2.64,5.39,0.0,21.73,5.94,5.44,5.5
300711.SZ,广哈通信,192.7,89.53,7.68,2.44,2.96,2.01,0.75,0.0,59.42,8.96,21.31,13.54,,28.86,6.61,73.4,130.2
002055.SZ,得润电子,-29.38,-13.7,1.98,-5.88,-4.92,-1.59,,0.0,15.39,-6.35,-569.48,-5.42,14.72,69.98,扣非亏损,扣非亏损,亏损
300183.SZ,东软载波,80.97,158.37,2.86,2.11,2.66,2.24,0.66,0.0,39.91,10.62,20.82,4.03,6.47,11.21,39.25,149.89,60.88
002777.SZ,久远银海,384.55,238.5,5.88,0.43,1.14,0.53,0.48,0.0,42.63,2.03,-92.99,5.48,1.28,33.07,43.54,1108.77,674.65
300240.SZ,飞力达,90.44,-48.69,1.87,-0.46,1.53,2.34,0.22,0.0,6.45,0.7,-177.64,19.7,1.48,56.53,扣非亏损,扣非亏损,118.23
300812.SZ,易天股份,-217.15,-177.54,4.64,-1.63,-1.58,-1.78,0.1,0.0,31.94,-4.51,-163.89,10.13,,40.67,扣非亏损,扣非亏损,亏损
871478.BJ,巨能股份,-243.06,-145.29,6.7,-4.89,-2.05,-0.87,,0.0,22.22,-3.22,-484.9,15.82,0.64,44.62,扣非亏损,扣非亏损,亏损
300068.SZ,南都电源,57.92,-58.35,3.5,0.78,4.52,2.37,0.5,0.0,10.26,2.87,-89.75,13.16,2.36,73.26,扣非亏损,扣非转亏,25.63
688036.SH,传音控股,21.47,22.94,5.46,16.94,20.41,10.42,4.34,59.98,21.59,7.69,-7.44,19.58,,56.22,1.17,1.35,1.05
002112.SZ,三变科技,27.87,21.79,4.79,13.37,13.55,4.95,0.29,0.0,19.11,5.27,163.34,20.17,,71.76,1.08,3.26,4.11
603906.SH,龙蟠科技,-17.89,-8.51,2.12,-12.53,-9.14,-0.65,,0.0,11.76,-6.58,49.39,106.97,6.77,76.0,扣非亏损,扣非亏损,亏损
300617.SZ,安靠智电,26.52,31.54,1.7,4.03,4.9,4.46,0.59,0.0,40.75,20.2,-8.26,24.1,,24.34,1.31,15.64,10.82
600525.SH,长园集团,-102.35,-85.77,1.6,-1.46,-1.14,0.98,,0.0,36.1,-1.51,-182.91,11.67,19.02,67.72,扣非亏损,扣非亏损,亏损
002399.SZ,海普瑞,16.46,-39.24,1.41,3.57,6.43,5.2,,0.0,33.2,19.15,402.43,2.64,18.81,32.6,扣非亏损,扣非转亏,5.12
002765.SZ,蓝黛科技,47.39,-16.39,2.64,2.54,4.27,2.38,,0.0,13.35,4.01,72.9,6.51,5.26,53.41,扣非亏损,扣非转亏,22.2
002822.SZ,ST中装,-2.21,-1.71,1.31,-32.97,-32.9,-8.6,,0.0,-13.89,-42.27,-698.25,-10.16,8.65,70.82,扣非亏损,扣非亏损,亏损
000721.SZ,西安饮食,-51.24,-41.49,18.18,-24.1,-23.49,-4.48,,0.0,2.37,-17.57,-30.54,26.89,,76.95,扣非亏损,扣非亏损,亏损
603115.SH,海星股份,23.38,20.57,1.64,4.86,5.1,4.74,3.42,0.0,21.02,7.39,70.66,14.57,,20.22,1.41,8.46,9.17
301279.SZ,金道科技,51.01,53.82,1.69,2.46,2.47,1.7,1.21,0.0,17.41,6.91,-12.64,7.5,,21.53,7.17,43.76,41.3
600869.SH,远东股份,-87.84,-59.72,2.6,-2.46,-2.17,0.66,1.59,0.0,10.31,-0.82,-134.67,7.37,13.49,78.68,扣非亏损,扣非亏损,亏损
688621.SH,阳光诺和,19.18,24.82,4.7,18.58,19.74,11.57,0.24,0.0,52.15,22.23,20.19,38.98,2.31,45.65,0.64,2.67,1.94
002387.SZ,维信诺,-8.07,-6.06,3.13,-27.46,-25.2,-4.29,,0.0,-8.05,-37.41,23.76,10.63,8.63,77.85,扣非亏损,扣非亏损,亏损
836077.BJ,吉林碳谷,76.79,-322.93,3.38,2.13,3.3,2.76,0.6,0.0,17.15,7.04,-83.11,26.78,,57.16,扣非亏损,扣非转亏,46.54
002067.SZ,景兴纸业,65.03,248.83,0.8,0.14,0.9,1.3,0.74,0.0,6.64,1.21,-62.75,5.12,,33.43,48.57,3632.55,144.51
300377.SZ,赢时胜,-1126.6,469.47,7.04,-0.49,-0.46,-0.86,0.52,0.0,44.23,-1.87,-203.6,24.07,0.24,8.29,19.51,扣非亏损,亏损
300390.SZ,天华新能,20.73,57.44,2.14,5.06,7.66,6.86,3.94,0.0,18.62,20.49,-60.7,173.82,1.92,18.7,0.33,22.72,5.41
837403.BJ,康农种业,105.56,32.74,3.24,-0.64,2.4,1.52,1.37,0.0,41.96,19.16,-151.55,45.85,,46.86,0.71,转盈,87.96
000538.SZ,云南白药,18.64,25.75,2.65,10.61,10.82,8.93,4.23,0.0,28.4,14.47,10.68,6.2,0.26,27.1,4.15,4.85,3.44
300434.SZ,金石亚药,49.04,110.64,1.57,2.16,2.39,2.72,0.99,0.0,55.38,7.39,-60.52,16.93,4.48,14.04,6.53,102.36,41.03
002789.SZ,建艺集团,341.9,-3.08,57.42,-55.63,12.38,2.03,,0.0,13.17,0.7,-527.25,61.11,110.75,97.14,扣非亏损,扣非亏损,55.23
600228.SH,返利科技,-613.36,73.82,5.27,-0.49,-0.24,-0.62,,0.0,48.28,-1.7,47.63,-13.05,,19.77,-5.65,扣非亏损,亏损
000688.SZ,国城矿业,203.36,112.34,4.84,1.96,1.72,1.8,0.17,0.0,33.26,4.45,3351.05,18.72,5.7,62.61,6.0,114.85,236.47
600549.SH,厦门钨业,16.87,20.18,2.62,10.55,12.02,7.04,2.33,0.0,18.44,8.38,15.37,33.69,0.07,51.27,0.6,3.82,2.81
002959.SZ,小熊电器,30.75,30.83,2.8,4.64,6.56,4.06,2.31,0.0,35.62,5.95,-52.99,9.05,1.49,49.49,3.41,13.28,9.37
301004.SZ,嘉益股份,15.57,16.53,6.56,35.15,35.92,31.36,4.4,0.0,39.54,26.75,61.7,73.57,,26.27,0.22,0.94,0.87
300605.SZ,恒锋信息,-70.15,-75.33,4.36,-4.74,-4.32,-1.74,0.27,0.0,28.21,-13.72,-285.95,0.03,0.17,58.81,扣非亏损,扣非亏损,亏损
002846.SZ,英联股份,1405.9,604.49,2.79,-0.11,0.15,1.04,0.22,0.0,10.75,0.05,66.85,11.13,2.29,57.34,54.29,转盈,18745.31
000802.SZ,北京文化,-93.63,-26.31,4.11,-3.86,-3.24,-0.87,,0.0,23.61,-40.17,-5.11,117.24,7.76,53.51,扣非亏损,扣非亏损,亏损
600882.SH,妙可蓝多,84.76,134.81,2.19,1.43,1.82,2.08,,0.0,28.93,2.37,3354.68,16.33,8.76,43.36,8.25,188.13,93.15
603139.SH,康惠制药,-31.58,-19.5,1.77,-4.78,-4.12,-1.17,,0.0,32.15,-11.81,-900.32,18.29,1.82,51.46,扣非亏损,扣非亏损,亏损
688608.SH,恒玄科技,75.96,137.95,4.57,3.77,4.62,3.93,0.1,0.0,33.76,11.69,351.55,32.35,,8.19,4.26,73.16,32.88
603918.SH,金桥信息,-63.58,-91.0,5.92,-7.01,-6.68,-5.51,0.21,0.0,26.55,-20.25,-1246.76,-1.13,,36.38,扣非亏损,扣非亏损,亏损
600606.SH,绿地控股,109.59,-2.88,0.43,0.5,0.29,0.57,,0.0,10.79,0.18,-81.26,-5.95,2.18,86.62,扣非亏损,扣非转亏,755.8
301633.SZ,港迪技术,85.7,60.74,7.46,13.85,14.15,8.51,,0.0,45.49,15.56,112.64,7.83,,46.7,7.76,8.77,12.11
601611.SH,中国核建,14.3,14.96,1.38,5.06,7.02,1.79,1.26,0.0,10.2,2.48,10.55,14.58,0.01,81.2,1.03,5.92,4.07
002810.SZ,山东赫达,18.94,29.76,2.34,8.31,9.15,6.52,0.94,0.0,27.1,13.8,-21.45,6.65,6.2,43.43,4.47,7.16,4.14
603825.SH,华扬联众,-10.8,-4.27,4.36,-26.09,-26.69,-6.76,,0.0,15.28,-12.23,-92.18,-8.82,4.67,78.37,扣非亏损,扣非亏损,亏损
600135.SH,乐凯胶片,-50.57,-25.21,1.58,-2.95,-2.33,-2.09,,0.0,13.32,-5.14,-394.21,-0.52,,15.59,扣非亏损,扣非亏损,亏损
600078.SH,澄星股份,-50.73,-48.91,2.63,-5.56,-3.73,0.71,0.37,0.0,7.2,-0.8,3.59,3.58,0.04,57.87,扣非亏损,扣非亏损,亏损
873223.BJ,荣亿精密,-92.02,-85.69,9.29,-8.15,-7.3,-5.52,,0.0,11.99,-9.9,13.47,15.65,,41.73,扣非亏损,扣非亏损,亏损
600995.SH,南网储能,25.71,28.27,1.66,4.98,4.92,4.22,0.97,20.0,51.21,28.42,29.23,-5.4,,48.34,-5.23,5.67,5.23
834021.BJ,流金科技,-365.41,-398.59,4.08,-1.23,-0.83,-0.56,0.35,0.0,21.15,-1.74,-258.6,-2.05,0.02,40.2,扣非亏损,扣非亏损,亏损
834033.BJ,康普化学,29.74,28.04,4.38,11.24,11.34,10.9,0.88,0.0,44.82,27.83,-26.72,28.66,,16.73,0.98,4.99,5.25
000514.SZ,渝开发,-74.6,123.78,1.23,-1.93,-1.24,-0.54,0.29,0.0,23.55,-18.5,-335.84,38.04,,45.99,3.25,扣非亏损,亏损
832735.BJ,德源药业,19.08,18.23,2.81,10.89,11.62,10.8,1.12,0.0,84.37,17.66,48.65,21.61,,20.66,0.84,3.35,3.28
300171.SZ,东富龙,53.02,71.98,1.38,1.68,1.94,1.28,1.33,0.0,29.49,4.45,-75.5,29.48,2.0,38.44,2.44,85.62,54.65
300800.SZ,力合科技,94.56,154.66,1.35,0.44,1.06,0.41,1.33,0.0,34.65,3.91,-51.05,1.38,,15.02,112.45,698.7,178.41
002790.SZ,瑞尔特,20.19,22.64,1.62,5.41,5.99,4.92,2.39,0.0,28.48,7.31,-30.63,20.61,0.04,19.09,1.1,8.37,6.74
920111.BJ,聚星科技,47.43,52.91,6.2,,,,,0.0,,,,22.54,,,2.35,,
300503.SZ,昊志机电,53.56,-39.7,4.87,4.19,7.09,4.64,,0.0,35.19,8.39,205.43,6.87,6.09,55.24,扣非亏损,扣非转亏,15.11
600172.SH,黄河旋风,-9.13,-5.94,2.5,-19.45,-18.65,-2.63,,0.0,10.31,-45.29,-18.87,-11.85,,75.22,扣非亏损,扣非亏损,亏损
688426.SH,康为世纪,-21.61,-15.82,1.8,-6.86,-5.97,-6.26,,0.0,63.55,-97.58,-99.64,10.7,0.07,7.24,扣非亏损,扣非亏损,亏损
300081.SZ,恒信东方,-22.02,-14.94,2.95,-9.64,-9.59,-8.13,,0.0,13.99,-61.24,-46.5,26.22,20.49,39.69,扣非亏损,扣非亏损,亏损
300446.SZ,航天智造,23.1,26.21,3.31,10.06,11.22,6.89,0.64,0.0,21.09,10.85,517.52,15.95,0.14,40.3,1.64,5.21,4.12
002490.SZ,ST墨龙,25.53,-4.22,4.54,-48.22,14.32,4.7,,0.0,4.33,6.43,11.29,-18.07,,82.28,扣非亏损,扣非亏损,3.57
301267.SZ,华厦眼科,36.66,40.62,3.55,7.27,7.35,7.69,0.34,0.0,46.03,13.9,-27.23,17.16,9.26,25.08,2.37,11.17,9.98
688061.SH,灿瑞科技,-128.35,-106.29,1.59,-1.97,-0.92,-1.27,0.08,0.0,26.71,-5.53,-4.82,24.16,1.12,8.11,扣非亏损,扣非亏损,亏损
300389.SZ,艾比森,29.45,28.66,2.99,5.27,8.07,2.05,1.73,0.0,28.14,3.99,-59.38,35.05,,56.66,0.82,10.87,7.3
002100.SZ,天康生物,12.53,-29.38,1.36,8.15,8.46,4.09,,0.0,11.99,4.24,206.35,17.1,2.1,49.89,扣非亏损,扣非转亏,2.96
600537.SH,亿晶光电,-5.8,-5.39,2.27,-25.68,-25.56,-5.68,,0.0,-9.94,-24.62,-270.25,42.38,,72.0,扣非亏损,扣非亏损,亏损
601188.SH,龙江交通,24.75,45.56,1.07,3.4,3.25,3.27,1.59,0.0,45.73,35.33,-19.01,8.97,0.28,10.61,5.08,26.79,15.23
002960.SZ,青鸟消防,19.31,19.33,1.42,4.88,5.46,4.73,2.53,0.0,37.6,10.05,-36.65,26.73,8.16,22.9,0.72,7.92,7.07
688231.SH,隆达股份,50.04,196.95,1.46,1.64,2.17,1.38,0.55,0.0,15.45,5.71,-16.72,30.84,,23.64,6.39,239.84,46.12
002753.SZ,永东股份,22.85,20.47,1.1,3.53,3.56,3.34,1.66,0.0,5.23,2.59,40.35,26.11,,28.7,0.78,11.61,12.84
300239.SZ,东宝生物,38.29,42.54,2.0,3.5,3.93,2.86,0.35,0.0,22.62,11.3,-34.05,31.27,,36.68,1.36,24.27,19.49
832885.BJ,星辰科技,182.21,232.48,7.82,2.57,3.24,1.9,0.36,0.0,42.1,12.14,116.9,-0.07,,25.63,-3133.16,181.21,112.47
000652.SZ,泰达股份,37.36,177.79,1.19,0.91,2.41,1.27,1.03,0.0,3.55,0.18,-25.71,3.99,,84.55,44.53,389.8,31.01
002696.SZ,百洋股份,-45.52,-29.73,1.36,-2.19,-2.21,-0.98,,0.0,7.64,-1.41,-315.08,4.1,2.35,51.99,扣非亏损,扣非亏损,亏损
002996.SZ,顺博合金,20.72,22.62,1.44,2.7,5.43,3.21,0.92,0.0,3.17,1.63,387.51,41.28,,73.31,0.55,16.73,7.63
600331.SH,宏达股份,621.22,786.81,46.82,15.33,6.12,3.1,,0.0,9.6,0.88,172.49,10.5,,82.5,74.92,102.63,203.01
600857.SH,宁波中百,-163.57,90.16,2.07,1.5,-0.94,-1.58,0.9,0.0,5.92,-1.14,-52.28,17.73,,15.04,5.08,120.11,亏损
688633.SH,星球石墨,30.64,37.98,2.6,5.34,6.32,4.38,1.44,0.0,43.15,21.84,-21.02,12.29,,45.79,3.09,14.23,9.7
002136.SZ,安纳达,41.87,144.93,1.89,3.35,3.42,0.36,0.86,0.0,5.58,1.35,-55.11,30.95,,28.9,4.68,86.44,24.49
002079.SZ,苏州固锝,177.74,173.16,3.22,0.6,1.37,1.65,0.34,0.0,10.47,0.9,-82.3,31.42,0.01,31.56,5.51,572.61,259.47
600501.SH,航天晨光,-43.86,-70.62,4.55,-7.93,-7.47,-2.92,0.44,0.0,11.89,-12.54,-1470.08,1.32,0.01,57.7,扣非亏损,扣非亏损,亏损
688333.SH,铂力特,388.32,210.19,2.87,-0.54,0.56,0.03,0.13,0.0,40.37,3.65,-280.56,44.83,,30.47,4.69,转盈,1386.87
002741.SZ,光华科技,597.66,-38.37,3.08,0.44,0.5,0.69,,0.0,9.98,0.37,102.07,12.61,,56.39,扣非亏损,扣非转亏,2390.64
001278.SZ,一彬科技,36.06,32.55,1.59,2.82,3.32,1.79,0.39,0.0,20.31,2.68,-36.44,16.63,,60.13,1.96,23.08,21.72
002489.SZ,浙江永强,11.15,82.36,1.77,3.07,12.62,7.45,0.33,0.0,21.87,14.86,112.37,8.07,0.18,38.49,10.21,53.59,1.77
600066.SH,宇通客车,15.85,19.02,3.96,15.4,17.83,8.68,11.32,0.0,21.33,10.21,164.12,8.31,0.0,56.75,2.29,2.47,1.78
603378.SH,亚士创能,-141.37,-35.66,2.12,-2.16,-1.08,0.66,0.52,0.0,23.15,-1.08,-151.03,0.15,,74.94,扣非亏损,扣非亏损,亏损
002080.SZ,中材科技,28.57,29.36,1.27,1.76,3.29,2.07,3.52,0.0,17.81,4.52,-78.4,5.6,0.18,54.73,5.24,33.35,17.37
688012.SH,中微公司,125.89,120.55,8.16,4.45,4.96,3.8,0.33,0.0,42.22,16.56,10.88,40.46,,25.85,2.98,54.19,50.76
003035.SZ,南网能源,90.59,165.4,2.68,2.15,2.24,2.27,0.17,11.11,35.43,7.38,-57.12,14.4,0.3,61.25,11.49,76.95,40.44
300905.SZ,宝丽迪,51.14,58.69,3.01,3.91,4.37,4.54,2.58,0.0,17.79,7.84,9.75,22.92,11.86,10.1,2.56,30.05,23.4
301186.SZ,超达装备,28.88,31.64,2.31,5.87,5.95,4.09,2.43,0.0,34.32,14.94,0.78,12.13,,37.34,2.61,10.77,9.71
831167.BJ,鑫汇科,70.62,127.4,4.89,3.86,5.2,1.68,1.03,0.0,15.28,2.78,-20.93,-0.15,3.6,53.5,-853.16,66.01,27.16
870726.BJ,鸿智科技,43.58,37.71,4.86,8.67,8.62,6.36,4.2,0.0,18.04,6.39,-13.92,-0.75,,24.77,-50.34,8.69,10.11
688267.SH,中触媒,26.11,32.02,1.46,4.05,4.22,4.1,1.04,0.0,38.9,21.73,183.56,13.43,0.08,7.16,2.38,15.83,12.38
301361.SZ,众智科技,48.69,59.04,2.97,3.68,4.67,4.75,0.29,0.0,56.84,32.52,9.84,8.03,,3.9,7.35,32.08,20.85
920118.BJ,太湖远大,22.97,21.81,2.5,9.17,10.24,5.28,,0.0,9.08,3.87,-15.41,9.43,,54.64,2.31,4.76,4.49
000757.SZ,浩物股份,-70.24,-23.45,1.44,-1.61,-1.52,-0.34,,0.0,10.73,-0.91,53.53,-0.53,,39.1,扣非亏损,扣非亏损,亏损
605196.SH,华通线缆,14.75,15.75,1.78,9.2,9.33,6.95,0.92,0.0,16.44,5.89,-5.74,17.22,0.02,53.29,0.91,3.42,3.16
300158.SZ,振东制药,100.54,-47.8,1.05,-0.59,0.78,0.85,,0.0,50.87,1.61,10.42,-8.16,0.79,13.63,扣非亏损,扣非亏损,257.78
870357.BJ,雅葆轩,42.74,51.37,5.57,8.21,9.41,8.63,1.5,0.0,20.6,13.27,61.08,64.3,,26.2,0.8,12.51,9.08
300527.SZ,中船应急,1386.18,-100.78,3.81,-0.17,0.2,0.35,,0.0,23.18,0.7,98.28,-23.63,,32.06,扣非亏损,扣非亏损,13861.75
833030.BJ,立方控股,-29.58,-55.89,3.37,-8.98,-7.94,-6.86,1.31,0.0,50.06,-25.67,-470.47,1.37,,23.25,扣非亏损,扣非亏损,亏损
300410.SZ,正业科技,-16.6,-8.97,7.77,-32.77,-29.85,-4.53,,0.0,26.79,-26.87,-63.54,-11.22,,84.75,扣非亏损,扣非亏损,亏损
603002.SH,宏昌电子,132.04,123.28,1.88,0.88,1.06,0.56,0.8,0.0,6.56,2.27,-47.91,6.6,,25.27,18.66,280.21,249.14
002526.SZ,山东矿机,35.88,160.46,1.68,3.04,3.54,3.05,0.79,0.0,21.08,6.69,-52.8,8.91,,35.69,18.0,105.67,20.27
301357.SZ,北方长龙,-270.52,-245.26,3.33,-1.33,-0.92,-1.36,0.1,0.0,46.87,-22.13,-118.01,-16.14,,9.53,扣非亏损,扣非亏损,亏损
002205.SZ,国统股份,-43.29,-16.74,2.96,-5.18,-5.04,0.88,,0.0,28.6,-8.31,75.4,-18.78,,81.76,扣非亏损,扣非亏损,亏损
301292.SZ,海科新源,-12.92,-14.41,1.27,-7.36,-7.08,-2.87,,0.0,-0.09,-9.63,-576.09,31.54,,61.53,扣非亏损,扣非亏损,亏损
002031.SZ,巨轮智能,1225.43,-330.73,3.92,-0.08,0.24,1.28,,0.0,17.99,0.33,95.65,-14.14,,44.15,扣非亏损,扣非亏损,10211.95
688321.SH,微芯生物,-149.26,-128.8,6.69,-3.44,-3.04,-0.95,,0.0,87.58,-10.62,70.58,27.23,,50.77,扣非亏损,扣非亏损,亏损
300264.SZ,佳创视讯,-60.52,-46.14,51.58,-55.21,-48.41,-8.78,,0.0,11.63,-42.64,21.31,1.31,15.42,84.04,扣非亏损,扣非亏损,亏损
600241.SH,时代万恒,88.15,65.69,1.9,1.6,1.63,1.14,,0.0,30.93,6.41,-57.52,13.7,,11.53,4.8,81.86,108.16
600054.SH,黄山旅游,23.16,34.33,1.9,5.97,6.25,7.91,1.92,0.0,53.41,22.15,-33.12,50.47,1.14,15.22,0.68,11.5,7.41
833394.BJ,民士达,39.38,49.49,5.42,9.51,10.56,8.85,1.06,0.0,37.53,23.73,27.3,29.06,,18.82,1.7,10.41,7.46
000708.SZ,中信特钢,12.52,13.3,1.64,9.55,9.85,4.48,4.02,0.0,12.37,4.82,-10.71,14.42,0.04,62.3,0.92,2.78,2.54
688073.SH,毕得医药,39.76,60.16,2.22,3.54,4.15,4.07,1.62,0.0,41.17,10.33,-40.18,41.12,,15.06,1.46,33.97,19.16
600562.SH,国睿科技,49.31,43.79,4.22,6.37,6.51,4.72,1.05,0.0,40.16,18.54,-6.43,-3.02,,33.7,-14.48,13.75,15.15
603813.SH,原尚股份,-33.15,-61.72,2.21,-4.67,-4.74,-1.03,1.55,0.0,17.14,-14.02,-83.29,0.1,,54.58,扣非亏损,扣非亏损,亏损
301198.SZ,喜悦智行,246.33,1825.67,2.14,0.36,0.64,0.85,0.99,0.0,18.17,2.38,-89.83,15.91,,26.37,114.77,10156.75,769.79
688255.SH,凯尔达,67.4,94.83,2.54,2.07,2.82,2.05,0.61,0.0,20.64,6.48,453.88,-4.6,,15.22,-20.6,91.64,47.8
300252.SZ,金信诺,897.32,-17.97,3.1,-2.45,0.26,0.57,,0.0,17.25,-1.49,-116.97,3.72,3.91,54.72,扣非亏损,扣非亏损,6902.44
688085.SH,三友医疗,489.41,426.05,2.93,0.14,0.45,0.47,0.4,0.0,69.68,2.46,-94.5,10.77,16.83,10.49,39.57,6069.06,2175.15
301373.SZ,凌玮科技,23.44,24.78,1.91,5.75,6.22,6.25,2.02,0.0,44.8,27.69,10.81,10.34,0.02,8.14,2.4,8.62,7.54
300422.SZ,博世科,-36.24,-9.0,1.3,-5.4,-2.76,0.83,,0.0,18.26,-5.27,3.18,-17.45,1.36,77.5,扣非亏损,扣非亏损,亏损
300515.SZ,三德科技,25.05,38.44,3.51,9.71,10.75,7.41,1.26,0.0,58.63,23.33,74.77,13.58,,33.41,2.83,7.92,4.66
002124.SZ,ST天邦,4.12,-6.29,2.07,4.61,46.45,10.58,,0.0,15.65,18.79,107.92,-1.46,7.19,73.85,扣非亏损,扣非转亏,0.18
688162.SH,巨一科技,-123.08,-19.3,1.42,-1.97,-0.86,-0.16,,0.0,14.94,-0.84,57.99,37.37,0.27,68.03,扣非亏损,扣非亏损,亏损
600160.SH,巨化股份,36.44,46.36,3.58,7.15,7.57,6.35,0.67,0.0,16.95,7.76,71.89,9.21,2.79,33.87,5.03,12.97,9.63
688657.SH,浩辰软件,73.16,90.23,2.42,2.12,2.47,1.49,1.21,0.0,91.31,17.56,-27.82,8.72,,4.93,10.34,85.0,59.24
600225.SH,*ST卓朗,-21.63,-15.18,4.1,-12.9,-12.88,-2.34,,0.0,3.75,-33.53,-543.88,-14.94,22.69,72.07,扣非亏损,扣非亏损,亏损
300917.SZ,特发服务,108.72,111.4,11.05,7.14,7.74,6.1,0.87,0.0,11.09,4.49,7.21,31.06,1.82,39.54,3.59,31.2,28.09
600550.SH,保变电气,169.05,-296.34,32.25,13.91,15.39,2.51,,0.0,16.22,3.13,193.34,-4.98,,89.98,扣非亏损,扣非转亏,21.97
600776.SH,东方通信,113.17,-3392.42,4.52,-0.48,3.0,2.64,0.54,0.0,9.83,5.19,-69.73,-0.09,0.2,19.92,扣非亏损,扣非亏损,75.44
688348.SH,昱能科技,50.82,65.93,2.76,3.76,4.15,4.1,0.82,0.0,32.57,10.12,-10.97,47.74,,24.19,1.38,35.03,24.49
000676.SZ,智度股份,66.87,188.29,3.51,1.66,3.97,4.24,,0.0,16.11,9.51,-42.8,-30.54,8.38,15.53,-6.16,227.15,33.69
000526.SZ,学大教育,25.76,32.14,7.48,22.85,25.43,7.52,,0.0,34.98,7.7,40.45,-0.58,150.42,79.44,-55.16,2.81,2.03
002514.SZ,宝馨科技,-25.75,-17.97,7.21,-18.4,-19.04,-5.64,,0.0,5.03,-76.02,-264.55,6.91,,61.09,扣非亏损,扣非亏损,亏损
600159.SH,大龙地产,-117.02,-6.82,1.25,-0.82,-0.8,-0.27,,0.0,10.16,-2.74,-652.11,1.7,,42.57,扣非亏损,扣非亏损,亏损
603801.SH,志邦家居,18.23,14.18,1.96,7.06,8.04,4.47,4.17,0.0,36.83,7.24,-28.32,17.42,,47.83,0.81,4.02,4.53
002092.SZ,ST中泰,-24.44,-5.32,0.51,-1.86,-1.54,0.57,,0.0,16.56,-1.89,65.25,-21.69,0.01,64.04,扣非亏损,扣非亏损,亏损
301280.SZ,珠城科技,23.63,25.59,2.43,7.3,7.83,6.62,2.43,0.0,24.63,12.62,26.9,21.36,,24.56,1.2,7.01,6.04
301588.SZ,美新科技,49.12,,3.0,5.86,5.26,5.25,,0.0,32.93,6.44,,6.29,,42.39,,,18.68
600318.SH,新力金融,118.54,238.48,4.94,3.07,3.18,3.81,,0.0,82.0,35.14,-11.78,-11.08,2.64,49.49,-21.52,155.41,74.55
605228.SH,神通科技,179.65,79.35,2.62,0.91,1.06,0.51,0.61,0.0,20.1,1.71,-20.46,3.68,,45.85,21.59,173.83,338.96
603687.SH,大胜达,38.2,63.96,1.3,1.76,2.56,2.17,0.42,0.0,17.46,6.02,2.17,14.9,11.32,20.33,4.29,72.6,29.84
301345.SZ,涛涛车业,17.67,19.18,2.34,9.87,10.09,9.4,2.46,0.0,36.32,13.57,51.54,18.19,,32.91,1.05,3.89,3.5
600935.SH,华塑股份,-33.18,-65.07,1.53,-3.56,-3.38,-2.58,0.09,0.0,8.3,-5.63,-256.75,5.06,,40.06,扣非亏损,扣非亏损,亏损
000615.SZ,ST美谷,-18.06,-6.31,16.08,-49.85,-48.39,-0.9,,0.0,26.91,-11.45,-50.05,-12.21,148.72,88.02,扣非亏损,扣非亏损,亏损
002607.SZ,中公教育,99.58,-74.83,30.37,24.26,25.82,5.17,,0.0,59.76,8.01,-34.73,-34.84,13.58,88.74,扣非亏损,扣非转亏,7.71
002659.SZ,凯文教育,-105.98,-65.28,1.44,-1.08,-1.01,0.43,,0.0,29.6,-9.14,14.54,-1.08,9.02,25.94,扣非亏损,扣非亏损,亏损
832978.BJ,开特股份,25.2,27.49,5.05,13.92,14.96,11.27,3.55,0.0,32.48,17.1,15.83,31.03,,38.1,0.89,3.95,3.37
688584.SH,上海合晶,151.93,161.83,3.92,2.02,1.76,2.11,,0.0,28.75,9.34,-62.28,-13.38,0.0,10.08,-12.1,160.23,172.64
301109.SZ,军信股份,12.99,15.05,1.36,7.27,7.79,6.68,5.7,0.0,42.96,29.1,1.77,26.79,,41.86,0.56,4.14,3.34
301539.SZ,宏鑫科技,73.99,,4.22,5.94,5.25,2.69,,0.0,15.36,4.42,,0.54,,50.98,,,28.19
600643.SH,爱建集团,29.16,435.51,0.77,1.96,1.98,1.9,0.39,0.0,23.33,20.45,-21.41,-5.43,0.35,46.98,-80.18,444.99,29.46
601963.SH,重庆银行,5.28,6.15,0.58,7.46,8.57,,5.86,0.0,,44.25,5.05,0.71,,92.36,8.69,1.65,1.23
300122.SZ,智飞生物,27.46,21.41,2.5,6.81,6.78,4.87,1.31,0.0,27.23,9.44,-66.41,54.97,0.06,41.46,0.39,6.29,8.1
688308.SH,欧科亿,29.1,60.23,1.35,2.3,3.44,2.88,1.25,0.0,25.83,10.0,-54.77,14.95,,34.49,4.03,52.34,16.92
603955.SH,大千生态,113.36,-26.87,1.5,0.99,0.99,-0.04,,0.0,23.34,34.16,49.4,-48.36,,32.93,扣非亏损,扣非转亏,229.01
300552.SZ,万集科技,-26.19,-19.1,4.0,-11.24,-10.85,-7.2,,0.0,26.16,-37.4,-15.0,-15.55,0.26,32.86,扣非亏损,扣非亏损,亏损
301333.SZ,诺思格,56.98,65.99,3.57,3.76,4.74,4.31,0.31,0.0,39.19,15.29,-32.35,14.51,4.79,22.19,4.55,35.12,24.04
603663.SH,三祥新材,76.38,116.61,5.99,5.36,5.91,4.79,0.68,0.0,26.5,9.39,-14.14,13.97,2.66,35.59,8.35,43.52,25.85
688292.SH,浩瀚深度,79.65,101.37,3.75,2.83,3.38,2.71,0.44,0.0,54.2,12.6,-19.24,12.4,9.16,18.27,8.17,71.68,47.13
002173.SZ,创新医疗,-122.78,-102.61,2.47,-1.69,-1.5,-1.54,,0.0,10.02,-4.54,-109.87,3.83,0.05,16.96,扣非亏损,扣非亏损,亏损
603091.SH,众鑫股份,14.43,,2.38,14.61,19.43,13.69,,0.0,34.57,20.55,35.78,0.78,,24.11,,,1.49
002229.SZ,鸿博股份,-97.2,-72.97,5.43,-5.47,-4.08,-1.77,,0.0,8.29,-13.96,-87.38,9.94,3.41,52.59,扣非亏损,扣非亏损,亏损
600265.SH,景谷林业,-140.39,-87.7,14.24,-10.44,-1.22,-0.11,,0.0,5.24,-3.9,-1877.14,191.33,27.07,65.06,扣非亏损,扣非亏损,亏损
002895.SZ,川恒股份,13.02,12.74,2.05,11.06,11.51,7.51,5.26,0.0,35.29,16.88,31.63,34.64,,45.55,0.37,2.3,2.26
003011.SZ,海象新材,801.92,-19.51,1.28,0.37,0.12,0.92,4.24,0.0,27.73,0.16,-96.2,12.22,,37.8,扣非亏损,扣非转亏,13365.3
002465.SZ,海格通信,132.47,95.43,2.58,0.65,1.45,0.7,1.17,0.0,29.97,5.77,-70.62,8.1,7.95,36.29,11.78,294.9,182.71
002161.SZ,远望谷,50.47,-1464.04,2.73,-2.95,4.16,3.69,0.33,0.0,41.24,16.85,-46.69,8.86,9.0,44.03,扣非亏损,扣非亏损,24.26
301053.SZ,远信工业,39.97,65.67,3.05,4.55,5.86,3.19,0.29,0.0,26.0,8.86,90.44,8.28,,49.27,7.93,28.85,13.64
300621.SZ,维业股份,150.15,-510.24,2.99,1.63,1.55,1.13,0.09,0.0,5.24,0.14,-31.33,55.88,,93.79,扣非亏损,扣非转亏,193.74
300994.SZ,久祺股份,24.76,33.53,2.44,6.64,7.27,4.3,2.48,0.0,13.63,4.55,-11.45,3.6,,44.04,9.32,10.1,6.81
300564.SZ,筑博设计,1518.36,-527.94,1.93,-2.69,0.09,0.02,3.71,0.0,24.33,0.38,-1135.77,-10.01,,24.04,扣非亏损,扣非亏损,33741.24
002591.SZ,恒大高新,86.33,-30.05,2.39,-1.61,2.09,2.1,,0.0,14.79,4.6,12.85,15.01,,22.78,扣非亏损,扣非亏损,82.61
603297.SH,永新光学,59.27,67.82,5.96,6.45,7.64,6.23,0.96,0.0,39.07,21.48,1.36,15.08,,15.96,4.5,21.03,15.52
000838.SZ,财信发展,-430.86,-9.57,5.14,-0.94,-0.89,0.14,,0.0,8.63,-0.55,-111.56,-12.56,,73.66,扣非亏损,扣非亏损,亏损
000851.SZ,ST高鸿,-52.04,-2.48,1.54,-7.05,-2.19,-0.39,,0.0,5.54,-4.57,-552.61,-3.83,8.9,49.18,扣非亏损,扣非亏损,亏损
000421.SZ,南京公用,-185.82,-25.97,1.35,-0.49,-0.54,0.38,1.43,0.0,13.42,-0.31,-171.57,5.26,,76.01,扣非亏损,扣非亏损,亏损
600488.SH,津药药业,19.69,33.43,1.61,6.11,6.21,4.36,1.78,0.0,44.43,9.29,27.3,7.07,,35.61,4.73,10.94,6.34
300134.SZ,大富科技,-38.28,-30.07,2.71,-5.45,-5.2,-3.36,,0.0,19.96,-12.33,-458.52,3.43,0.11,26.54,扣非亏损,扣非亏损,亏损
605289.SH,罗曼股份,142.83,200.61,2.28,0.75,1.19,0.78,0.43,0.0,21.45,2.52,-86.78,20.11,7.45,47.38,9.98,531.85,240.06
001230.SZ,劲旅环境,15.69,17.3,1.31,5.96,6.37,5.32,1.49,0.0,26.09,11.45,40.19,6.4,,38.07,2.7,5.81,4.93
600201.SH,生物股份,34.84,58.12,1.45,2.72,3.15,2.26,0.74,0.0,56.2,17.54,-44.8,0.97,0.21,19.61,60.16,42.8,22.12
830946.BJ,森萱医药,47.03,48.9,4.94,7.62,7.93,6.75,1.6,0.0,43.54,24.11,-11.13,2.66,,6.75,18.38,12.84,11.86
300053.SZ,航宇微,-149.72,-21.75,6.1,-3.62,-2.73,-2.12,,0.0,42.54,-30.05,-266.48,-25.32,1.53,24.82,扣非亏损,扣非亏损,亏损
000055.SZ,方大集团,22.54,28.55,0.74,2.35,2.5,1.66,1.77,0.0,18.05,4.71,-44.77,12.76,,55.04,2.24,24.26,18.03
300969.SZ,恒帅股份,31.4,33.41,5.56,13.27,14.01,12.65,0.45,0.0,35.63,23.22,9.82,40.91,,17.35,0.82,5.04,4.48
300970.SZ,华绿生物,-35.35,-22.42,1.1,-2.39,-2.34,-1.44,1.16,0.0,5.01,-4.63,-147.84,19.14,,34.78,扣非亏损,扣非亏损,亏损
000627.SZ,天茂集团,-49.61,-28.53,1.01,-1.57,-1.57,,,0.0,,-1.92,-59.18,6.86,17.2,87.37,扣非亏损,扣非亏损,亏损
300539.SZ,横河精密,86.77,94.88,5.12,4.04,4.46,3.09,0.64,0.0,21.08,4.35,-3.54,5.93,,50.57,15.99,46.97,38.91
001696.SZ,宗申动力,59.19,97.28,6.28,7.57,7.99,5.07,3.77,0.0,14.18,5.75,2.3,2.47,20.39,53.23,39.39,25.7,14.82
300110.SZ,华仁药业,37.78,36.88,1.74,3.3,3.49,3.14,0.5,0.0,36.1,9.36,-28.66,7.78,28.9,41.77,4.74,22.38,21.65
001379.SZ,腾达科技,70.63,89.52,3.74,4.25,4.29,3.87,,0.0,7.56,4.3,-35.4,8.06,,31.59,11.11,42.11,32.93
001266.SZ,宏英智能,-146.38,-64.54,2.37,-1.96,-1.18,-0.96,0.68,0.0,23.0,-3.08,-82.29,1.65,,29.91,扣非亏损,扣非亏损,亏损
300483.SZ,首华燃气,-27.7,-8.01,1.18,-3.06,-2.96,0.1,,0.0,8.7,-8.12,-2709.4,-0.71,9.71,52.28,扣非亏损,扣非亏损,亏损
300341.SZ,麦克奥迪,82.99,83.75,7.61,6.72,7.02,5.39,0.59,0.0,42.38,12.65,-0.37,7.34,,21.67,11.41,24.94,23.64
003023.SZ,彩虹集团,20.63,17.57,1.3,4.68,4.78,3.45,1.97,0.0,42.33,9.28,18.18,6.76,,30.97,2.6,7.5,8.63
430564.BJ,天润科技,-82.12,-268.02,5.43,-5.71,-4.81,-4.29,0.33,0.0,28.64,-23.15,5.83,-1.11,,20.08,扣非亏损,扣非亏损,亏损
688596.SH,正帆科技,26.02,25.64,3.46,9.78,10.42,4.45,0.72,0.0,27.17,10.44,54.67,51.55,2.19,62.57,0.5,5.25,4.99
688726.SH,拉普拉斯,36.99,,8.48,21.71,23.75,6.17,,0.0,30.64,13.46,358.36,134.32,,72.53,,,3.12
301321.SZ,翰博高新,-27.38,-24.75,3.2,-8.64,-8.22,-1.89,,0.0,10.67,-5.64,-353.28,-2.74,0.41,75.41,扣非亏损,扣非亏损,亏损
601975.SH,招商南油,7.29,9.26,1.54,14.26,17.08,15.5,,0.0,34.58,33.28,16.85,18.97,,17.69,0.49,1.3,0.85
300540.SZ,蜀道装备,142.72,156.76,4.21,2.19,2.25,1.04,,0.0,24.35,4.7,1063.43,42.42,,39.48,3.7,143.02,126.86
601058.SH,赛轮轮胎,11.31,11.72,2.57,18.45,18.69,10.95,1.45,0.0,28.38,13.96,48.96,19.04,1.38,48.89,0.62,1.27,1.21
300576.SZ,容大感光,124.67,174.97,13.04,7.52,8.15,6.98,0.19,0.0,37.86,15.54,27.29,15.58,9.5,22.99,11.23,46.55,30.59
300633.SZ,开立医疗,119.35,83.72,5.56,2.75,3.36,2.23,0.68,0.0,66.59,7.79,-73.21,22.17,5.26,24.93,3.78,60.92,71.04
872925.BJ,锦好医疗,-355.77,-152.39,5.16,-1.57,-1.06,-0.98,0.81,0.0,47.84,-5.09,-131.99,-5.99,0.05,17.79,扣非亏损,扣非亏损,亏损
002230.SZ,科大讯飞,-248.59,-4403.15,6.91,-2.79,-2.03,-1.11,0.22,0.0,40.46,-2.85,-44.38,15.93,6.63,57.37,扣非亏损,扣非亏损,亏损
300763.SZ,锦浪科技,34.07,47.19,3.64,7.83,8.3,4.33,0.29,0.0,33.67,12.96,-18.77,46.77,,61.89,1.01,12.06,8.21
600724.SH,宁波富达,36.58,42.98,2.75,5.03,5.52,4.48,3.78,0.0,24.26,12.01,-5.07,12.14,0.04,21.15,3.54,17.08,13.26
300203.SZ,聚光科技,55.5,-80.24,2.88,2.28,3.96,2.5,,0.0,44.37,4.85,131.87,-8.11,6.91,65.16,扣非亏损,扣非转亏,28.03
605277.SH,新亚电子,33.84,32.86,3.24,7.15,7.22,4.6,1.34,0.0,15.3,4.08,-2.18,50.2,5.65,56.34,0.65,9.19,9.38
001380.SZ,华纬科技,21.1,21.6,2.67,9.2,9.87,7.26,1.64,0.0,25.01,12.81,45.08,33.14,,32.49,0.65,4.7,4.28
300109.SZ,新开源,16.19,16.5,1.92,9.13,8.83,8.45,5.54,0.0,52.1,28.08,-19.8,17.68,9.8,19.01,0.93,3.62,3.67
300146.SZ,汤臣倍健,19.93,38.1,2.04,6.87,7.5,7.13,5.28,0.0,67.93,15.04,-55.11,15.79,10.33,16.11,2.41,11.09,5.31
688361.SH,中科飞测,-531.48,-326.98,15.5,-5.24,-2.16,-1.38,0.19,0.0,47.69,-6.39,-768.93,55.98,,39.76,扣非亏损,扣非亏损,亏损
002660.SZ,茂硕电源,63.24,78.62,2.53,2.37,2.96,1.41,0.81,0.0,25.11,3.1,-49.3,4.22,,30.68,18.62,66.44,42.73
873576.BJ,天力复合,49.6,55.95,6.62,8.64,9.39,6.36,4.56,0.0,22.42,9.75,-33.85,25.74,,29.43,2.17,12.94,10.56
601022.SH,宁波远洋,21.16,22.19,2.02,6.94,7.29,6.25,1.05,0.0,15.62,10.72,17.27,14.84,0.02,30.38,1.5,6.4,5.8
301041.SZ,金百泽,101.31,127.48,4.31,2.07,3.18,2.41,0.22,0.0,26.05,4.15,-37.88,3.64,0.01,25.07,34.98,123.2,63.71
002883.SZ,中设股份,65.94,63.05,2.45,2.47,2.81,1.92,0.53,0.0,34.0,4.41,-44.18,16.65,4.84,34.31,3.79,51.02,46.93
002453.SZ,华软科技,-44.09,-12.21,4.39,-7.7,-7.6,-4.81,,0.0,9.03,-22.45,16.18,-22.41,3.67,34.85,扣非亏损,扣非亏损,亏损
301397.SZ,溯联股份,24.1,25.93,1.8,5.21,5.57,4.4,2.21,0.0,23.59,12.95,3.36,20.02,,21.57,1.29,9.96,8.65
601882.SH,海天精工,23.42,25.27,4.89,14.81,16.56,9.59,1.72,0.0,28.03,16.2,-9.55,29.42,,45.98,0.86,3.41,2.83
603326.SH,我乐家居,19.46,35.93,1.77,4.93,6.79,4.97,2.86,0.0,46.64,7.8,-55.45,2.73,,46.74,13.16,14.56,5.73
688559.SH,海目星,52.01,91.22,3.26,4.5,6.59,1.71,0.28,0.0,26.06,4.33,-47.69,58.06,0.15,69.83,1.57,40.5,15.78
688702.SH,盛科通信,-295.77,-163.18,12.97,-4.49,-3.23,-2.37,,0.0,38.95,-9.44,-952.63,51.26,,18.85,扣非亏损,扣非亏损,亏损
688385.SH,复旦微电,66.43,107.0,6.63,6.99,7.76,5.14,0.26,0.0,55.05,15.31,-36.26,29.89,,28.28,3.58,30.63,17.12
873690.BJ,捷众科技,26.02,32.39,2.87,6.77,8.52,8.3,2.91,0.0,38.88,23.65,43.15,15.79,,12.03,2.05,9.56,6.11
603066.SH,音飞储存,22.94,22.68,2.25,7.04,7.55,3.85,1.25,0.0,24.61,11.77,28.71,35.55,26.09,52.41,0.64,6.45,6.08
002254.SZ,泰和新材,47.78,179.71,1.36,0.76,2.14,0.77,2.01,0.0,17.02,3.3,-76.87,23.41,0.09,46.44,7.68,470.57,44.66
000932.SZ,华菱钢铁,13.46,14.61,0.6,2.8,3.27,2.41,4.47,0.0,6.97,2.47,-62.65,14.31,,58.81,1.02,10.44,8.23
300215.SZ,电科院,236.9,107.63,2.51,0.93,0.79,0.94,0.66,0.0,36.09,3.56,288.26,-2.12,0.18,26.75,-50.66,231.41,599.74
300645.SZ,正元智慧,187.9,182.12,2.45,0.54,0.92,1.12,0.22,0.0,44.1,1.76,-76.83,14.05,9.62,54.57,12.96,678.67,408.49
603208.SH,江山欧派,16.82,16.6,2.74,9.23,10.82,4.65,6.0,0.0,22.81,7.21,-46.87,7.65,,64.52,2.17,3.6,3.11
603638.SH,艾迪精密,38.32,46.31,4.42,7.48,8.33,5.75,0.74,0.0,30.43,13.76,28.56,1.61,1.52,46.95,28.78,12.37,9.2
688109.SH,品茗科技,126.01,77.99,2.83,0.67,1.69,1.15,1.06,0.0,73.09,4.76,118.02,5.6,0.21,8.86,13.92,234.24,149.13
002858.SZ,力盛体育,124.26,-12.6,4.03,2.02,2.44,3.62,,0.0,24.57,9.84,1336.61,29.73,19.68,32.93,扣非亏损,扣非转亏,101.85
002428.SZ,云南锗业,404.68,738.42,11.1,0.97,2.07,2.05,0.16,0.0,29.35,5.38,153.74,1.57,,47.28,470.52,1527.39,390.99
300353.SZ,东土科技,-41.77,-96.48,4.24,-7.91,-7.33,-3.84,,0.0,42.62,-27.31,11.81,32.86,5.37,43.48,扣非亏损,扣非亏损,亏损
300041.SZ,回天新材,24.77,61.3,1.93,3.9,5.67,3.55,1.0,0.0,18.29,5.4,-59.58,22.43,0.81,54.27,2.73,31.41,8.74
300783.SZ,三只松鼠,29.42,47.36,4.78,10.04,12.9,9.03,1.39,0.0,25.44,4.76,211.55,-9.35,,38.92,-5.07,9.44,4.56
873706.BJ,铁拓机械,23.24,29.01,2.53,8.77,9.22,7.47,4.16,0.0,31.33,12.74,-18.18,14.69,,28.78,1.97,6.61,5.04
688560.SH,明冠新材,-175.69,-35.46,1.17,-0.6,-0.49,-1.34,,0.0,5.64,-1.84,-142.99,18.53,,9.97,扣非亏损,扣非亏损,亏损
300471.SZ,厚普股份,-125.9,-48.77,3.88,-2.82,-2.29,-1.25,,0.0,32.67,-10.41,-30.41,31.88,2.77,46.07,扣非亏损,扣非亏损,亏损
688279.SH,峰岹科技,56.79,73.15,5.56,6.35,7.5,6.61,0.48,0.0,52.94,42.47,86.34,22.11,,1.98,3.31,23.02,15.14
002578.SZ,闽发铝业,81.89,175.63,2.02,1.41,1.83,1.39,0.89,0.0,6.08,1.77,-2.36,22.14,,37.31,7.93,248.55,89.5
002148.SZ,北纬科技,189.88,390.18,2.82,0.38,1.11,1.14,0.25,0.0,41.13,7.3,205.08,18.52,,11.52,21.07,2048.17,342.12
600184.SH,光电股份,3918.95,-807.65,2.29,-0.39,0.04,-0.09,0.5,0.0,15.67,0.11,-123.99,-1.22,,41.96,扣非亏损,扣非亏损,195947.65
688819.SH,天能股份,15.54,19.8,1.91,6.5,9.37,4.51,2.33,0.0,16.59,4.56,-25.68,10.83,0.0,64.27,1.83,6.09,3.32
601127.SH,赛力斯,37.74,103.61,15.06,30.23,30.42,5.28,,0.0,25.23,3.2,224.81,41.99,0.47,89.2,2.47,6.86,2.48
301016.SZ,雷尔伟,67.17,100.15,4.04,3.57,5.96,4.42,1.5,0.0,41.62,19.31,1.9,-8.42,,15.07,-11.89,56.04,22.54
837212.BJ,智新电子,107.64,134.42,5.0,3.47,3.52,3.19,0.34,0.0,13.7,3.71,5.63,4.9,,29.07,27.45,77.53,61.16
688373.SH,盟科药业,-9.26,-7.34,6.34,-43.32,-31.64,-25.95,,0.0,82.23,-298.57,-13.46,308.82,,41.52,扣非亏损,扣非亏损,亏损
688198.SH,佰仁医疗,222.39,180.19,14.85,4.67,4.97,4.08,0.64,0.0,88.56,17.11,-10.85,27.07,1.45,9.27,6.66,77.09,89.49
002441.SZ,众业达,22.8,33.73,0.94,3.0,3.06,2.2,3.17,0.0,8.25,1.76,-46.74,3.91,0.99,33.72,8.62,22.48,14.91
600805.SH,悦达投资,117.53,-57.42,0.9,-1.19,0.52,0.57,,0.0,5.85,0.27,57.63,3.1,,46.59,扣非亏损,扣非亏损,452.04
688280.SH,精进电动,-6.98,-5.51,5.69,-52.32,-46.94,-13.7,,0.0,-0.54,-42.04,-10.74,16.94,,75.96,扣非亏损,扣非亏损,亏损
603221.SH,爱丽家居,19.39,16.55,1.57,6.63,6.19,4.27,1.01,0.0,23.27,9.04,231.78,7.12,,29.38,2.32,4.99,6.26
600196.SH,复星医药,27.68,31.27,1.57,3.95,4.32,3.43,1.08,0.0,48.6,8.15,24.58,11.85,18.25,48.64,2.64,15.84,12.82
002871.SZ,伟隆股份,18.29,19.88,2.81,10.61,10.78,8.56,2.68,0.0,41.15,22.65,5.05,18.72,,34.21,1.06,3.75,3.39
300365.SZ,恒华科技,326.49,500.96,2.02,0.31,0.47,0.31,0.22,0.0,31.74,2.33,-49.35,-1.18,0.85,12.94,-423.35,3264.66,1389.31
600513.SH,联环药业,25.64,25.78,2.26,6.56,6.71,4.76,1.35,0.0,49.89,6.54,8.7,16.25,1.34,47.92,1.59,7.86,7.64
000919.SZ,金陵药业,45.75,89.44,1.15,1.34,2.34,1.58,1.27,0.0,20.26,3.25,-44.81,3.86,0.62,17.15,23.18,133.96,39.1
600712.SH,南宁百货,489.57,-290.09,4.41,-0.08,0.68,1.04,,0.0,30.19,1.33,96.57,-3.8,,40.63,扣非亏损,扣非亏损,1439.92
300458.SZ,全志科技,126.7,161.16,8.45,3.65,5.06,3.27,0.66,0.0,32.18,8.96,358.23,7.0,0.02,18.68,23.03,88.41,50.08
301122.SZ,采纳股份,34.49,49.92,1.46,2.24,3.17,3.05,1.18,0.0,39.28,19.67,-44.09,-6.33,,5.04,-7.89,44.64,21.76
002242.SZ,九阳股份,66.7,60.46,2.52,3.75,2.83,0.13,1.18,0.0,26.27,1.48,-61.62,-5.03,3.46,53.8,-12.03,32.26,47.14
002672.SZ,东江环保,-11.86,-7.17,1.38,-8.91,-8.2,-2.4,,0.0,6.4,-17.64,-1.04,7.14,18.39,60.27,扣非亏损,扣非亏损,亏损
300657.SZ,弘信电子,160.99,-63.29,8.85,0.69,4.21,3.35,,0.0,10.33,2.6,103.54,10.94,28.85,73.31,扣非亏损,扣非转亏,76.48
688048.SH,长光华芯,-100.93,-57.61,2.82,-3.36,-2.06,-2.83,,0.0,27.39,-30.7,-53.81,12.91,,10.63,扣非亏损,扣非亏损,亏损
000826.SZ,启迪环境,-2.77,-2.07,1.41,-14.39,-31.98,-2.33,,0.0,26.15,-27.39,-190.42,-14.04,3.2,68.88,扣非亏损,扣非亏损,亏损
301552.SZ,科力装备,25.76,,3.56,13.88,16.55,14.06,,0.0,40.63,27.03,21.34,20.24,,13.62,,,3.11
600476.SH,湘邮科技,-508.6,124.35,22.78,-8.14,-3.3,0.35,,0.0,16.71,-1.46,63.96,20.67,,88.88,6.02,扣非亏损,亏损
603931.SH,格林达,38.34,36.38,3.7,7.04,7.35,7.06,1.04,0.0,34.87,21.72,-9.82,8.12,,9.96,4.48,10.33,10.43
601700.SH,风范股份,50.18,52.41,2.13,3.04,3.17,2.47,1.0,0.0,15.93,4.61,116.37,11.21,11.83,62.1,4.68,34.5,31.66
000639.SZ,西王食品,57.04,49.75,1.41,2.23,1.86,2.44,,0.0,23.71,1.37,1161.35,-1.36,3.7,43.28,-36.58,44.69,61.34
688478.SH,晶升股份,64.88,112.93,2.99,1.64,3.43,2.92,0.87,0.0,29.49,16.72,-2.75,51.97,,16.57,2.17,137.37,37.83
600289.SH,*ST信通,29.46,-13.41,1.56,-4.19,4.9,1.78,,0.0,56.85,14.89,80.66,-29.68,,47.91,扣非亏损,扣非亏损,12.03
605358.SH,立昂微,-271.03,-97.1,2.62,-0.46,-0.69,-0.2,0.31,0.0,13.6,-5.66,-159.3,25.38,0.52,52.32,扣非亏损,扣非亏损,亏损
603501.SH,韦尔股份,44.19,60.82,6.24,10.4,10.91,6.8,0.13,0.0,29.61,12.51,1665.81,3.19,16.99,40.9,19.04,11.7,8.1
000733.SZ,振华科技,33.01,25.02,1.97,4.02,4.47,4.25,1.89,0.0,49.59,17.25,-71.04,26.29,,18.45,0.95,12.44,14.77
600618.SH,氯碱化工,13.76,12.87,1.31,7.25,7.27,6.52,2.2,0.0,17.63,10.69,46.63,15.06,,25.31,0.85,3.55,3.78
601999.SH,出版传媒,63.15,-867.56,1.44,0.96,1.72,1.32,0.83,0.0,20.23,2.2,-42.98,-1.25,,42.31,扣非亏损,扣非转亏,73.43
301215.SZ,中汽股份,61.4,67.68,3.2,3.43,3.91,3.68,1.23,0.0,70.48,40.48,-8.15,6.8,,16.68,9.95,39.42,31.41
603127.SH,昭衍新药,-157.42,-169.64,1.84,-1.39,-0.86,-1.48,0.67,0.0,27.48,-5.56,-136.47,31.76,1.68,16.11,扣非亏损,扣非亏损,亏损
000591.SZ,太阳能,11.82,15.02,0.86,5.41,5.52,4.17,2.61,0.0,48.44,27.08,-10.0,22.33,,51.16,0.67,5.55,4.28
601139.SH,深圳燃气,15.7,16.52,1.48,6.79,7.07,3.46,2.32,0.0,16.32,5.54,-2.59,28.63,18.74,59.67,0.58,4.87,4.44
605337.SH,李子园,20.81,22.94,2.66,8.85,9.28,6.65,3.55,0.0,39.23,14.78,-16.04,10.41,,42.44,2.2,5.18,4.48
000063.SZ,中兴通讯,15.79,23.13,2.3,9.83,11.27,4.17,2.58,0.0,40.43,8.71,-2.86,7.1,0.02,63.63,3.26,4.71,2.8
835640.BJ,富士达,109.26,107.56,6.15,3.63,4.22,3.19,1.53,0.0,32.93,7.89,-72.92,15.42,,36.21,6.97,59.22,51.78
837821.BJ,则成电子,136.02,149.74,7.28,3.61,4.01,3.03,0.7,0.0,28.7,7.44,27.1,9.59,,32.33,15.62,82.92,67.84
002645.SZ,华宏科技,1325.02,-35.1,1.34,-2.27,0.07,1.05,,0.0,6.12,0.32,61.76,35.67,28.05,38.33,扣非亏损,扣非亏损,37857.71
002919.SZ,名臣健康,32.8,-2287.56,4.85,11.4,11.47,8.59,0.59,0.0,61.68,9.83,-41.15,36.53,11.83,27.39,扣非亏损,扣非转亏,5.72
002920.SZ,德赛西威,40.37,36.92,8.46,17.13,16.69,8.35,0.65,0.0,20.55,7.47,67.73,47.83,0.08,53.02,0.77,4.31,4.84
000738.SZ,航发控制,37.08,42.87,2.54,5.08,5.22,4.34,0.83,0.0,29.71,15.02,6.43,14.96,,22.71,2.87,16.87,14.21
603717.SH,天域生物,220.42,-5.05,2.9,-0.27,0.98,1.11,,0.0,19.74,4.37,98.48,9.52,0.82,73.16,扣非亏损,扣非亏损,449.83
002886.SZ,沃特股份,128.74,725.83,2.44,0.9,1.42,1.74,0.03,0.0,17.91,2.36,41.69,11.15,1.95,49.49,65.09,1616.37,181.33
430556.BJ,雅达股份,58.29,58.36,2.8,2.98,3.49,3.06,4.62,0.0,33.56,8.09,-41.19,2.65,,14.8,21.99,39.12,33.4
688523.SH,航天环宇,137.16,101.04,5.92,2.0,3.14,2.38,0.75,0.0,43.39,20.65,-13.68,20.02,,27.2,5.05,100.95,87.36
301388.SZ,欣灵电气,177.85,180.25,2.62,0.73,1.09,-0.09,1.44,0.0,19.92,3.29,-61.17,-0.08,,16.01,-2168.21,494.38,326.33
600967.SH,内蒙一机,28.92,23.56,1.22,3.06,3.15,1.8,3.03,49.72,11.56,5.12,-39.54,-7.33,,41.47,-3.21,7.71,9.18
688007.SH,光峰科技,145.1,1740.29,3.06,1.42,1.54,0.95,0.27,0.0,30.82,1.39,-48.22,5.67,,35.77,307.0,2448.7,188.44
301021.SZ,英诺激光,4116.33,-576.96,4.86,-0.85,0.09,-0.28,,0.0,49.0,-0.53,40.33,4.05,,18.67,扣非亏损,扣非亏损,91473.93
300211.SZ,亿通科技,-61.1,-60.25,4.95,-6.55,-5.87,-6.25,,0.0,32.13,-52.43,-3637.61,65.39,,9.43,扣非亏损,扣非亏损,亏损
300726.SZ,宏达电子,40.38,51.59,2.87,4.55,5.4,6.92,0.99,0.0,61.45,26.74,-32.63,9.91,,10.93,5.2,22.67,14.95
002485.SZ,ST雪发,-38.87,-24.44,1.41,-1.98,-2.68,-1.19,,0.0,-8.85,-5.92,-173.15,-12.64,,27.22,扣非亏损,扣非亏损,亏损
002760.SZ,凤形股份,111.88,-42.95,2.41,-0.51,1.58,0.88,0.46,0.0,17.81,3.27,88.25,1.72,10.28,34.18,扣非亏损,扣非亏损,141.62
002244.SZ,滨江集团,14.43,21.64,1.18,5.75,6.26,1.08,1.24,0.0,10.43,4.34,-38.89,37.27,0.0,78.98,0.58,7.52,4.61
600955.SH,维远股份,74.08,110.32,1.01,0.91,1.01,0.72,0.31,0.0,1.64,1.22,9.63,30.33,,36.36,3.64,241.74,146.69
603030.SH,全筑股份,-84.4,-7.16,3.89,-5.36,-3.39,-0.35,,0.0,15.18,-5.91,37.67,-41.35,11.41,54.41,扣非亏损,扣非亏损,亏损
000980.SZ,众泰汽车,-33.99,-17.59,12.6,-27.62,-24.41,-3.92,,0.0,15.77,-84.99,26.86,-16.57,,78.49,扣非亏损,扣非亏损,亏损
600280.SH,中央商场,-134.12,-30.0,5.63,-2.59,-3.1,2.02,,0.0,51.49,-1.58,-451.56,-8.23,5.99,92.63,扣非亏损,扣非亏损,亏损
600038.SH,中直股份,75.18,77.09,2.23,2.48,2.79,1.1,0.52,0.0,8.6,2.02,23.7,6.68,,69.08,11.54,62.26,53.89
601008.SH,连云港,26.1,33.58,1.23,3.08,3.58,3.06,1.23,0.0,24.81,10.91,20.55,11.88,,56.34,2.83,21.8,14.58
688019.SH,安集科技,41.62,46.98,8.57,16.44,16.79,14.44,0.22,0.0,58.56,29.92,58.64,44.78,0.29,20.93,1.05,5.71,4.96
301548.SZ,崇德科技,43.54,52.84,3.39,4.96,5.86,5.82,1.64,0.0,38.17,23.03,-2.86,12.94,,12.68,4.08,21.29,14.86
300738.SZ,奥飞数据,90.5,104.03,4.11,3.6,3.36,2.83,0.2,0.0,25.55,6.98,-3.43,18.69,8.65,70.51,5.57,57.73,53.87
301135.SZ,瑞德智能,93.61,118.5,2.19,0.72,1.71,0.28,1.21,0.0,18.81,2.41,-63.09,0.98,,29.08,120.77,330.54,109.49
002759.SZ,天际股份,-19.17,-26.56,1.11,-4.19,-4.14,-3.1,0.94,0.0,-1.21,-16.39,-757.07,71.86,36.37,32.82,扣非亏损,扣非亏损,亏损
000612.SZ,焦作万方,12.55,11.27,1.43,9.08,8.78,8.1,2.43,0.0,12.58,11.03,54.93,10.69,0.51,21.64,1.05,2.48,2.86
002232.SZ,启明信息,-222.94,-135.0,7.39,-2.78,-2.45,-1.98,0.06,0.0,22.56,-7.4,-164.81,-1.66,,27.67,扣非亏损,扣非亏损,亏损
603958.SH,哈森股份,-62.38,-66.99,4.52,-6.03,-5.29,-2.23,,0.0,53.41,-6.11,-205.57,-1.89,,14.12,扣非亏损,扣非亏损,亏损
600566.SH,济川药业,11.57,11.45,2.09,12.39,13.69,11.18,4.14,0.0,79.26,32.86,-7.06,16.33,1.19,22.35,0.7,1.85,1.69
300600.SZ,ST瑞科,-71.02,-59.66,2.43,-2.47,-2.54,-2.42,,0.0,26.49,-13.58,26.42,-15.54,0.1,16.23,扣非亏损,扣非亏损,亏损
600153.SH,建发股份,10.52,18.61,0.52,1.89,2.95,0.85,7.27,0.0,4.37,0.53,-39.3,24.28,0.49,73.96,0.77,19.67,7.13
603316.SH,诚邦股份,-68.19,-16.64,2.08,-2.41,-2.26,-1.44,,0.0,4.24,-11.72,51.85,-22.85,0.99,71.53,扣非亏损,扣非亏损,亏损
002130.SZ,沃尔核材,27.46,29.56,4.49,12.1,12.76,9.02,2.25,0.0,32.84,14.71,36.0,12.66,12.37,39.7,2.34,4.89,4.3
002657.SZ,中科金财,-62.48,-40.54,3.61,-4.45,-4.25,-3.52,,0.0,20.8,-14.69,-74.88,-16.88,1.31,20.65,扣非亏损,扣非亏损,亏损
001205.SZ,盛航股份,21.66,21.06,2.17,7.09,7.66,5.34,0.73,0.0,27.61,14.39,8.53,38.21,4.59,59.44,0.55,5.94,5.65
301033.SZ,迈普医学,49.12,56.51,5.18,7.1,8.13,8.13,0.92,0.0,78.22,27.65,108.37,23.24,,10.91,2.43,15.93,12.08
603729.SH,龙韵股份,438.53,-30.8,4.21,0.62,0.72,1.01,,0.0,17.81,0.81,-44.52,-16.73,,46.11,扣非亏损,扣非转亏,1218.13
300223.SZ,北京君正,94.9,83.23,3.24,2.68,2.57,2.02,0.31,0.0,37.44,9.46,-8.25,43.13,25.2,6.89,1.93,62.02,73.86
600979.SH,广安爱众,15.24,17.67,1.07,4.95,5.37,3.6,1.56,0.0,33.07,10.38,59.38,7.62,1.66,57.79,2.32,7.14,5.68
605108.SH,同庆楼,53.43,35.01,2.68,3.4,3.65,3.49,1.35,0.0,20.23,4.47,-52.51,23.91,,55.32,1.46,20.6,29.28
002015.SZ,协鑫能科,17.04,50.13,1.17,4.07,5.14,4.12,1.05,0.0,26.05,9.33,60.1,-4.59,0.14,66.27,-10.91,24.63,6.63
688511.SH,天微电子,278.1,362.68,2.77,-0.08,0.74,0.5,1.19,0.0,62.77,8.5,-103.16,-10.18,,10.51,-35.64,转盈,751.63
002105.SZ,信隆健康,1720.7,-179.45,2.13,-0.32,0.09,0.32,0.46,0.0,16.05,0.05,-129.16,-12.28,,44.26,扣非亏损,扣非亏损,38237.84
600051.SH,宁波联合,28.38,21.55,0.62,1.53,1.65,1.02,1.66,0.0,14.01,0.75,-5.16,-28.83,,30.85,-0.75,28.15,34.4
300624.SZ,万兴科技,-1678.1,667.48,9.65,-1.49,-0.42,-0.46,0.12,0.0,93.72,-0.41,-137.65,15.18,23.54,16.3,43.96,扣非亏损,亏损
601512.SH,中新集团,13.04,12.48,0.81,4.57,4.68,3.17,3.54,0.0,56.11,38.87,-26.81,4.3,0.47,44.81,2.9,5.46,5.57
002747.SZ,埃斯顿,-174.92,-141.02,6.0,-4.07,-2.53,0.52,0.32,0.0,29.67,-1.83,-222.85,22.89,55.2,73.99,扣非亏损,扣非亏损,亏损
600177.SH,雅戈尔,10.5,11.35,0.86,6.13,6.24,3.93,7.63,24.79,42.85,29.97,-3.37,6.76,0.09,45.04,1.68,1.85,1.68
603533.SH,掌阅科技,-180.81,-135.17,3.56,-2.05,-1.47,-1.52,0.15,0.0,71.96,-1.8,-301.29,10.93,0.48,21.16,扣非亏损,扣非亏损,亏损
301159.SZ,三维天地,-18.94,-70.84,3.82,-13.52,-13.99,-13.94,0.22,0.0,19.1,-88.91,-72.85,7.69,,17.98,扣非亏损,扣非亏损,亏损
600783.SH,鲁信创投,26.36,20.42,2.24,6.54,6.54,5.59,0.95,0.0,39.49,526.52,1042.56,-11.06,,45.65,-1.85,6.24,8.06
688707.SH,振华新材,-15.19,-23.98,1.45,-7.92,-7.09,-4.21,0.24,0.0,-11.82,-22.7,-920.17,178.03,,42.0,扣非亏损,扣非亏损,亏损
601033.SH,永兴股份,15.46,19.97,1.3,6.79,6.52,4.06,,0.0,43.01,23.5,-0.4,18.63,,57.56,1.07,5.88,4.74
600279.SH,重庆港,63.35,605.09,1.02,0.33,1.16,1.9,1.01,0.0,11.34,3.8,-31.27,-0.62,0.08,37.8,-981.28,3657.23,109.23
301160.SZ,翔楼新材,24.47,23.4,2.94,8.72,8.91,8.59,2.39,0.0,25.14,12.92,10.37,25.01,,16.62,0.94,5.36,5.49
002518.SZ,科士达,25.5,25.75,2.8,7.67,8.31,5.0,1.63,0.0,31.69,12.13,-51.36,32.09,0.12,35.06,0.8,6.71,6.14
603029.SH,天鹅股份,40.92,45.15,2.55,3.57,4.74,1.92,0.83,0.0,35.98,9.46,8.35,16.43,,60.0,2.75,25.26,17.27
837006.BJ,晟楠科技,166.31,110.66,8.14,2.16,3.52,2.84,2.34,0.0,50.31,17.64,-77.1,23.46,,36.85,4.72,102.3,94.49
002142.SZ,宁波银行,6.08,6.21,0.85,9.82,10.88,,2.98,0.0,,40.93,8.33,14.82,0.13,92.72,0.42,1.27,1.12
600141.SH,兴发集团,15.42,15.86,1.28,6.05,6.21,4.36,3.29,0.0,17.96,6.02,44.35,16.15,4.52,52.07,0.98,5.24,4.97
601319.SH,中国人保,6.64,8.31,1.19,14.22,14.2,,3.22,12.28,,10.35,78.23,3.57,0.05,78.54,2.33,0.58,0.47
002371.SZ,北方华创,41.92,47.89,8.59,15.98,16.76,8.73,0.32,0.0,44.22,21.91,61.58,53.97,0.09,52.89,0.89,6.0,5.0
838402.BJ,硅烷科技,46.02,36.81,3.24,4.96,5.34,4.98,1.17,0.0,28.27,15.74,-62.03,30.31,,23.54,1.21,14.85,17.24
688191.SH,智洋创新,66.1,104.57,3.65,3.24,4.15,2.95,1.08,0.0,32.66,5.35,14.13,17.28,,40.95,6.05,64.64,31.85
301536.SZ,星宸科技,83.7,,7.56,6.56,7.54,5.4,,0.0,35.99,10.83,,-14.66,,32.93,,,22.2
603819.SH,神力股份,-40.47,-45.93,3.3,-6.01,-5.66,-3.13,2.1,0.0,9.14,-5.04,-40106.33,13.89,,46.19,扣非亏损,扣非亏损,亏损
831175.BJ,派诺科技,292.83,51.27,2.12,0.22,0.54,0.46,0.86,0.0,41.95,1.56,-89.62,11.36,0.49,26.46,4.51,474.06,1084.55
601500.SH,通用股份,16.57,19.92,1.42,6.35,6.62,3.66,1.35,0.0,16.67,7.63,162.53,14.39,,57.11,1.38,6.27,5.01
002334.SZ,英威腾,28.79,28.55,2.12,5.82,5.55,3.39,0.69,0.0,32.17,3.73,-40.45,26.6,1.81,45.56,1.07,9.82,10.37
002850.SZ,科达利,23.1,22.83,2.85,9.09,9.21,6.96,1.78,0.0,23.19,11.8,27.75,80.07,,37.7,0.29,5.02,5.02
603922.SH,金鸿顺,-224.8,-560.41,4.6,-1.76,-1.52,-1.14,0.08,0.0,9.36,-2.42,67.11,0.45,,35.55,扣非亏损,扣非亏损,亏损
600496.SH,精工钢构,9.94,14.73,0.72,4.92,5.47,2.51,1.97,0.0,13.06,4.09,-12.4,13.34,3.53,63.05,1.1,5.98,3.63
600771.SH,广誉远,109.83,73.45,6.63,4.27,4.63,3.77,,0.0,73.98,8.99,-18.13,2.33,,33.9,31.49,34.44,47.44
002735.SZ,王子新材,249.3,85.92,2.44,0.83,0.71,0.72,0.37,0.0,17.12,1.09,22.92,4.92,9.66,33.83,17.46,205.9,702.25
300235.SZ,方直科技,112.29,166.5,3.98,1.92,2.66,2.7,0.44,0.0,82.21,25.41,-28.07,-5.93,,2.79,-28.08,173.88,84.43
300510.SZ,金冠股份,-182.78,-71.61,1.55,-1.29,-0.63,-0.45,,0.0,23.05,-2.52,-404.07,11.97,21.24,28.22,扣非亏损,扣非亏损,亏损
000955.SZ,欣龙控股,-139.49,-71.43,3.96,-2.9,-2.11,-1.46,,0.0,8.29,-3.92,28.45,-24.44,,16.28,扣非亏损,扣非亏损,亏损
002669.SZ,康达新材,-29.28,-14.08,1.03,-2.74,-2.6,-0.39,0.59,0.0,16.73,-4.86,-337.26,13.12,24.4,57.82,扣非亏损,扣非亏损,亏损
002670.SZ,国盛金控,209.88,-1437.7,2.11,0.7,0.76,0.5,,0.0,,5046.32,44.49,14.78,27.07,74.28,扣非亏损,扣非转亏,552.31
001217.SZ,华尔泰,33.24,26.56,1.58,3.39,3.6,2.56,0.71,0.0,14.26,6.65,-14.08,20.42,,36.92,1.3,15.68,18.47
603615.SH,茶花股份,-262.23,-285.25,4.45,-1.58,-1.25,-1.89,0.82,0.0,21.16,-3.56,-7913.91,-0.8,0.29,19.87,扣非亏损,扣非亏损,亏损
000890.SZ,法尔胜,-28.76,-5.44,20.5,-77.34,-76.7,-2.06,,0.0,5.9,-20.43,-74.85,3.41,53.71,85.25,扣非亏损,扣非亏损,亏损
600370.SH,三房巷,-20.19,-13.43,1.49,-5.08,-5.0,-1.19,,0.0,-0.1,-1.68,-883.58,13.19,,67.75,扣非亏损,扣非亏损,亏损
603856.SH,东宏股份,13.59,18.74,1.29,6.91,7.33,5.68,1.62,0.0,19.18,7.76,10.14,7.29,,40.34,2.57,5.42,3.71
300636.SZ,同和药业,30.02,32.05,1.66,4.1,4.22,2.84,0.38,0.0,33.66,16.8,29.91,19.29,,29.91,1.66,15.62,14.23
300911.SZ,亿田智能,-252.94,-362.7,2.86,-1.43,-0.76,-0.49,2.66,0.0,38.92,-2.44,-113.44,23.87,,34.45,扣非亏损,扣非亏损,亏损
002395.SZ,双象股份,40.02,57.62,4.53,7.6,8.62,4.0,0.5,0.0,11.85,5.14,77.3,4.26,,59.03,13.53,15.16,9.28
002608.SZ,江苏国信,7.52,10.88,0.92,9.13,9.62,5.75,1.52,0.0,11.68,14.17,47.37,18.28,0.03,51.52,0.6,2.38,1.56
002956.SZ,西麦食品,21.02,30.37,2.03,6.03,7.54,6.3,2.16,0.0,42.61,7.58,6.28,15.52,1.08,23.03,1.96,10.08,5.57
001229.SZ,魅视科技,39.29,38.19,2.83,5.03,5.33,5.14,1.69,0.0,76.02,44.41,-16.47,11.68,,5.01,3.27,15.2,14.74
002383.SZ,合众思壮,-85.22,-27.52,3.96,-4.35,-3.42,-0.91,,0.0,39.68,-7.78,-208.98,3.22,12.25,39.28,扣非亏损,扣非亏损,亏损
301626.SZ,苏州天脉,79.08,82.89,10.19,16.06,16.77,14.68,,0.0,40.53,20.32,26.3,10.39,,17.49,7.98,10.32,9.43
002461.SZ,珠江啤酒,18.67,27.83,1.91,7.5,7.77,5.68,1.58,0.0,49.32,16.86,27.23,8.17,,34.04,3.4,7.42,4.81
002796.SZ,世嘉科技,82.58,-347.64,3.59,-0.44,3.25,1.74,,0.0,12.03,3.34,83.24,-13.61,,40.16,扣非亏损,扣非亏损,50.82
000026.SZ,飞亚达,16.34,16.9,1.28,5.69,5.88,6.53,3.65,0.0,37.16,6.5,-24.54,3.85,,19.53,4.39,5.94,5.56
000099.SZ,中信海直,89.77,101.77,4.46,3.74,3.77,4.27,0.93,0.0,21.59,12.74,10.72,8.13,,18.4,12.52,54.48,47.62
000301.SZ,东方盛虹,-30.61,-17.93,1.79,-4.05,-4.12,0.68,1.04,0.0,8.58,-1.33,-167.89,64.83,2.2,83.92,扣非亏损,扣非亏损,亏损
600644.SH,乐山电力,41.81,699.6,2.02,3.26,3.7,2.44,,0.0,16.66,3.15,-11.0,9.29,0.32,49.92,75.29,428.99,22.6
000488.SZ,晨鸣纸业,-12.27,-6.58,0.73,-6.59,-4.36,0.35,,0.0,8.82,-4.08,14.12,-4.17,0.04,73.51,扣非亏损,扣非亏损,亏损
300702.SZ,天宇股份,54.43,272.18,1.75,2.6,2.43,1.96,0.23,0.0,35.47,4.4,-30.67,-0.7,,45.02,-391.57,209.36,44.8
301286.SZ,侨源股份,76.53,77.59,7.58,7.14,7.19,8.33,0.17,0.0,31.13,17.57,-18.0,11.7,,11.91,6.63,21.73,21.29
002448.SZ,中原内配,12.16,15.65,1.08,5.97,6.77,5.31,1.96,0.0,24.86,10.43,-14.97,17.65,15.39,30.69,0.89,5.24,3.59
002723.SZ,小崧股份,-38.88,-32.63,1.71,-3.31,-3.23,0.35,0.19,0.0,14.16,-2.53,-487.99,14.95,5.18,56.91,扣非亏损,扣非亏损,亏损
002268.SZ,电科网安,-59.73,782.14,3.22,-4.35,-3.94,-4.65,0.27,0.0,38.94,-21.62,-627.86,7.58,,21.04,103.23,扣非亏损,亏损
600897.SH,厦门空港,12.48,16.66,1.4,6.85,8.64,9.72,2.08,0.0,36.03,27.93,30.59,17.0,,16.86,0.98,4.87,2.89
300247.SZ,融捷健康,72.82,99.03,3.37,3.42,3.52,4.66,,0.0,30.84,10.54,42.38,1.56,,11.1,63.37,57.84,41.37
300522.SZ,世名科技,88.63,219.89,5.19,3.56,4.45,3.95,0.37,0.0,26.35,6.75,-13.59,16.6,4.28,25.01,13.25,123.69,39.83
300509.SZ,新美星,54.62,80.85,3.52,3.09,4.6,0.95,1.66,0.0,21.49,3.38,-32.35,10.61,,76.94,7.62,52.34,23.75
605018.SH,长华集团,33.58,31.28,1.49,2.9,3.3,2.77,1.81,0.0,12.92,5.43,65.48,19.17,,15.29,1.63,21.54,20.35
603995.SH,甬金股份,9.4,12.23,1.36,8.61,10.74,7.16,2.6,0.0,5.74,2.39,59.3,26.78,0.47,57.06,0.46,2.84,1.75
301008.SZ,宏昌科技,41.71,37.96,2.31,3.04,3.78,2.62,1.99,0.0,17.81,6.07,-27.53,15.91,1.22,43.82,2.39,24.94,22.07
603328.SH,依顿电子,20.44,24.39,2.52,9.16,9.38,8.15,2.38,0.0,24.52,13.98,25.78,7.2,,27.33,3.39,5.32,4.36
000967.SZ,盈峰环境,19.32,30.78,0.9,3.45,3.44,2.57,2.63,0.0,23.89,6.8,11.12,-3.74,29.41,37.74,-8.22,17.86,11.23
600578.SH,京能电力,13.59,18.8,1.18,5.08,5.87,3.11,3.55,0.0,11.02,7.31,74.42,18.52,0.02,62.49,1.01,7.4,4.63
000636.SZ,风华高科,56.05,57.97,1.64,2.29,2.21,1.63,0.37,0.0,19.68,7.39,229.02,0.77,,22.96,75.73,50.56,50.73
833266.BJ,生物谷,670.03,-74.51,1.6,-0.26,0.18,0.26,,0.0,76.37,0.43,36.03,11.71,,17.53,扣非亏损,扣非亏损,7444.78
000566.SZ,海南海药,-19.84,-15.17,4.42,-13.07,-15.42,-2.55,,0.0,34.77,-38.98,-71.85,-12.3,11.57,74.12,扣非亏损,扣非亏损,亏损
301339.SZ,通行宝,41.65,48.51,3.48,5.94,6.32,3.27,1.49,0.0,51.7,31.3,7.08,17.36,0.39,49.99,2.79,16.34,13.18
002256.SZ,兆新股份,-47.18,-985.64,4.79,-1.86,-7.25,-3.22,,0.0,29.96,-35.53,85.76,-6.49,0.11,24.84,扣非亏损,扣非亏损,亏损
002531.SZ,天顺风能,43.02,46.25,1.85,3.29,3.23,2.35,0.65,0.0,25.29,8.18,-57.7,-0.46,20.94,64.18,-99.7,28.09,26.64
600026.SH,中远海能,13.65,14.94,1.73,9.52,9.48,7.24,2.86,40.27,29.79,21.29,0.77,14.28,0.19,48.37,1.05,1.57,1.44
600292.SH,远达环保,108.48,363.73,2.46,1.68,1.71,1.93,0.46,0.0,14.05,3.56,60.49,5.52,0.0,39.9,65.94,433.76,126.88
601021.SH,春秋航空,15.87,24.46,3.11,15.52,15.45,7.61,1.39,0.0,19.05,16.3,0.85,35.75,,58.67,0.68,3.15,2.05
600808.SH,马钢股份,-5.5,-7.95,0.74,-9.9,-9.57,-2.6,,0.0,-0.35,-4.49,-30.95,8.69,,63.74,扣非亏损,扣非亏损,亏损
688617.SH,惠泰医疗,47.74,54.55,14.07,23.66,24.39,21.63,0.51,0.0,72.69,34.24,41.08,51.76,1.98,13.12,1.05,4.61,3.91
000702.SZ,正虹科技,-102.39,-28.21,7.42,-6.61,-5.32,-1.33,,0.0,5.14,-2.17,46.02,7.34,,57.76,扣非亏损,扣非亏损,亏损
603868.SH,飞科电器,29.25,33.01,5.96,11.39,14.29,12.86,4.55,0.0,56.0,13.99,-47.23,12.38,,28.12,2.67,5.8,4.09
688178.SH,万德斯,184.12,-13.27,1.04,0.25,0.43,0.58,,0.0,30.28,0.25,-66.75,2.53,0.07,45.9,扣非亏损,扣非转亏,862.81
603042.SH,华脉科技,-192.04,-30.31,2.4,-2.02,-0.93,-0.6,,0.0,18.94,-2.5,66.89,-6.57,,40.34,扣非亏损,扣非亏损,亏损
300648.SZ,星云股份,-66.56,-24.0,5.14,-7.1,-5.66,-0.79,,0.0,34.6,-6.01,36.6,23.26,,62.69,扣非亏损,扣非亏损,亏损
300923.SZ,研奥股份,70.56,45.57,1.56,1.32,1.64,1.55,1.84,0.0,26.94,6.71,-8.02,6.9,,12.61,6.61,68.96,86.05
603730.SH,岱美股份,20.37,23.17,3.72,13.58,13.59,10.8,2.76,0.0,28.26,12.97,9.09,14.24,8.12,34.7,1.63,3.41,3.0
002129.SZ,TCL中环,-6.04,-5.06,1.41,-18.17,-15.94,-4.39,1.66,0.0,-8.21,-28.69,-230.39,55.66,5.75,59.57,扣非亏损,扣非亏损,亏损
688408.SH,中信博,31.33,30.42,5.72,13.82,14.42,6.29,1.23,0.0,19.37,7.24,217.63,34.36,,67.52,0.89,4.4,4.35
002862.SZ,实丰文化,424.66,-47.05,6.2,-0.07,1.1,1.56,,0.0,34.31,1.42,97.97,10.47,,37.41,扣非亏损,扣非亏损,772.11
300484.SZ,蓝海华腾,203.45,406.76,8.84,2.35,3.2,2.64,1.27,0.0,39.41,8.46,-11.67,-4.0,,25.38,-101.63,346.18,127.16
000014.SZ,沙河股份,46.54,39.32,1.76,2.85,2.81,2.52,1.96,0.0,49.42,14.39,-90.45,62.01,,23.75,0.63,27.55,33.13
688102.SH,斯瑞新材,75.41,80.34,7.34,6.77,7.38,5.55,0.61,0.0,23.0,8.22,30.34,21.19,,44.42,3.79,23.75,20.44
300357.SZ,我武生物,36.09,43.81,5.55,11.6,11.95,11.03,0.64,0.0,95.26,35.95,0.31,10.85,,8.58,4.04,7.55,6.04
601229.SH,上海银行,4.78,4.95,0.49,7.18,7.79,,7.71,30.67,,44.49,2.28,0.15,,92.34,31.98,0.69,0.61
300873.SZ,海晨股份,15.06,21.36,1.49,6.03,7.52,5.69,1.68,0.0,26.7,18.42,-9.66,20.3,1.3,27.45,1.05,7.09,4.01
000157.SZ,中联重科,15.1,24.9,1.11,3.86,5.5,3.0,4.9,0.0,28.37,10.16,-7.25,-7.27,4.44,53.25,-3.43,12.9,5.49
002424.SZ,ST百灵,48.72,-10.41,1.65,0.73,2.55,3.02,,0.0,58.65,3.14,-81.04,11.65,0.61,51.15,扣非亏损,扣非转亏,38.21
300999.SZ,金龙鱼,103.87,304.62,2.14,0.26,1.56,0.89,0.33,0.0,4.89,0.77,-73.77,9.19,6.18,55.29,33.16,2349.58,133.17
600345.SH,长江通信,110.53,232.72,2.12,0.02,1.45,0.94,0.41,0.0,25.21,11.31,-98.89,27.75,,23.12,8.39,18617.57,152.45
300661.SZ,圣邦股份,118.47,122.67,10.48,6.11,7.02,6.2,0.11,0.0,52.17,11.34,165.77,37.18,1.89,19.57,3.3,40.18,33.75
688343.SH,云天励飞,-23.47,-21.3,3.31,-11.91,-10.14,-8.85,,0.0,14.96,-87.52,-33.32,7.29,1.39,16.22,扣非亏损,扣非亏损,亏损
000529.SZ,广弘控股,31.64,34.29,1.14,1.86,2.7,1.27,2.21,0.0,4.27,4.56,-49.7,-5.75,,49.29,-5.97,36.81,23.44
300420.SZ,五洋自控,-225.42,-122.8,1.54,-1.03,-0.5,-0.53,0.49,0.0,27.72,-1.91,-207.32,-5.84,16.24,24.63,扣非亏损,扣非亏损,亏损
301201.SZ,诚达药业,67.16,111.74,1.62,0.64,1.8,1.62,0.79,0.0,43.54,16.63,-59.78,3.7,,6.78,30.18,349.03,74.63
600099.SH,林海股份,132.89,208.91,4.19,1.99,2.38,0.33,0.22,0.0,13.24,1.61,7.85,7.42,,50.13,28.15,210.02,111.67
301070.SZ,开勒股份,339.33,-222.69,4.69,0.06,1.02,0.71,0.89,0.0,36.33,1.5,-98.54,10.66,1.13,20.14,扣非亏损,扣非转亏,665.35
603365.SH,水星家纺,13.01,12.19,1.27,6.36,7.25,6.73,6.26,0.0,41.42,7.82,-13.75,12.19,,19.78,1.0,3.84,3.59
600460.SH,士兰微,1439.15,3654.83,4.6,1.17,0.24,-0.01,,0.0,19.28,-1.23,-23.76,31.99,1.82,44.27,114.27,6272.77,11992.89
300305.SZ,裕兴股份,-11.24,-11.7,1.02,-7.76,-6.8,-4.76,0.14,0.0,-8.1,-19.25,-537.41,21.17,,34.62,扣非亏损,扣非亏损,亏损
688670.SH,金迪克,-27.72,-17.34,1.5,-4.58,-3.98,-3.97,,0.0,65.36,-137.44,-205.36,-36.65,,15.44,扣非亏损,扣非亏损,亏损
300546.SZ,雄帝科技,298.59,-479.35,3.98,0.39,1.01,0.49,,0.0,48.68,3.36,118.72,4.79,,15.26,扣非亏损,扣非转亏,591.26
000403.SZ,派林生物,23.69,21.62,2.19,6.53,7.09,6.59,0.73,33.54,50.52,28.71,84.71,35.53,33.41,13.57,0.61,3.31,3.34
300987.SZ,川网传媒,215.29,161.18,3.76,1.24,1.29,0.38,0.96,0.0,33.31,6.25,-41.63,7.74,,31.16,20.83,260.68,333.78
301315.SZ,威士顿,107.23,117.42,4.25,1.45,2.95,2.61,0.66,0.0,35.3,16.68,-33.9,8.88,,8.28,13.22,161.99,72.7
688216.SH,气派科技,-33.3,-25.12,3.91,-10.49,-8.48,-3.5,,0.0,-1.66,-12.68,37.88,5.68,,63.53,扣非亏损,扣非亏损,亏损
430090.BJ,同辉信息,-45.76,-14.21,11.91,-17.83,-17.79,-10.74,,0.0,3.5,-15.9,13.2,-22.24,,36.41,扣非亏损,扣非亏损,亏损
600218.SH,全柴动力,43.35,67.47,1.13,1.19,1.96,1.14,0.73,0.0,10.05,1.98,8.16,3.62,,44.6,18.64,113.61,44.23
300885.SZ,海昌新材,48.62,50.2,3.5,5.02,5.44,5.15,0.76,0.0,33.91,21.06,111.84,5.85,,6.46,8.58,20.01,17.88
832566.BJ,梓橦宫,25.9,23.95,2.62,6.61,7.6,7.36,3.71,0.0,79.64,18.82,-10.46,4.2,2.14,14.25,5.7,7.25,6.82
838262.BJ,太湖雪,48.64,62.96,3.04,4.05,4.7,3.9,1.82,0.0,40.49,4.32,-29.2,22.47,,33.75,2.8,31.07,20.7
603188.SH,亚邦股份,-124.52,-5.83,2.4,-2.42,-1.53,-0.23,,0.0,11.2,-2.57,91.22,3.69,,49.61,扣非亏损,扣非亏损,亏损
300197.SZ,节能铁汉,-9.44,-4.5,2.15,-12.15,-17.97,-1.22,,0.0,-5.01,-69.73,-42.68,-27.06,12.54,82.45,扣非亏损,扣非亏损,亏损
605398.SH,新炬网络,99.17,64.55,3.16,2.06,2.33,1.77,0.41,0.0,42.58,6.41,-18.12,4.3,,12.59,15.0,62.59,85.13
300673.SZ,佩蒂股份,19.87,23.35,2.24,7.94,8.1,6.23,,0.0,28.01,11.8,596.01,4.2,4.48,35.88,5.55,5.88,4.91
689009.SH,九号公司,26.06,33.61,5.56,16.28,17.14,8.75,0.96,0.0,29.68,8.89,169.52,21.34,2.19,56.9,1.57,4.13,3.04
000530.SZ,冰山冷热,37.25,115.69,1.51,2.3,3.08,1.75,0.56,0.0,17.0,2.62,51.37,41.97,9.02,58.7,2.76,100.39,24.19
000517.SZ,荣安地产,19.37,-24.56,1.04,3.89,3.64,1.36,13.06,0.0,6.62,1.46,-65.91,32.76,0.09,70.12,扣非亏损,扣非转亏,10.64
603238.SH,诺邦股份,21.65,23.49,1.46,4.58,5.07,2.89,2.18,0.0,14.66,5.41,29.33,0.23,7.02,38.82,103.36,10.26,8.54
600333.SH,长春燃气,-36.11,-82.38,2.1,-4.98,-4.3,-0.25,,0.0,18.25,-5.91,25.69,14.09,0.06,71.18,扣非亏损,扣非亏损,亏损
603112.SH,华翔股份,12.95,14.77,1.82,10.27,11.64,7.39,2.59,0.0,22.17,11.7,22.6,22.62,,44.25,0.65,2.87,2.23
300185.SZ,通裕重工,165.15,-988.57,1.8,0.63,0.78,1.21,1.04,0.0,12.8,1.28,-81.75,0.72,0.32,55.5,扣非亏损,扣非转亏,423.47
839273.BJ,一致魔芋,22.26,34.1,3.11,9.93,10.71,10.53,1.9,0.0,22.86,14.24,65.17,9.48,,17.46,3.6,6.87,4.16
002993.SZ,奥海科技,22.16,29.26,1.79,4.84,6.16,3.92,2.36,0.0,19.81,6.64,-19.2,21.73,1.2,41.48,1.35,12.09,7.2
000415.SZ,渤海租赁,13.65,18.16,0.95,4.51,5.29,3.8,,0.0,46.39,9.61,8754.77,7.45,19.24,82.64,2.44,8.05,5.16
300407.SZ,凯发电气,43.83,53.35,2.17,2.95,4.0,2.31,1.35,0.0,23.16,4.21,-20.22,0.93,0.0,41.05,57.22,36.13,21.91
300370.SZ,安控科技,-112.07,-41.53,8.82,-9.23,-5.79,-0.96,,0.0,25.92,-14.3,29.59,-8.92,7.72,55.17,扣非亏损,扣非亏损,亏损
603680.SH,今创集团,18.03,20.55,1.32,5.49,5.55,3.72,1.27,0.0,26.74,8.85,43.23,-1.46,0.02,43.8,-14.05,7.48,6.5
605133.SH,嵘泰股份,26.32,32.72,1.7,4.18,4.82,3.92,0.54,0.0,23.53,7.61,10.71,26.98,4.8,40.04,1.21,15.64,10.92
301069.SZ,凯盛新材,93.17,113.01,4.34,2.16,3.15,3.21,0.7,0.0,23.87,7.47,-72.48,17.83,,32.7,6.34,104.62,59.16
688126.SH,沪硅产业,-93.4,-89.37,5.16,-4.59,-3.81,-2.21,0.23,0.0,-8.82,-26.17,-923.93,23.58,5.69,32.78,扣非亏损,扣非亏损,亏损
600206.SH,有研新材,98.02,97.55,3.86,2.49,3.02,1.85,1.11,0.0,6.11,0.79,-20.18,-3.41,,34.13,-28.57,78.23,64.92
301298.SZ,东利机械,30.74,32.25,2.43,5.72,5.91,5.1,1.76,0.0,29.18,11.21,41.41,14.1,,18.02,2.29,11.28,10.4
301500.SZ,飞南资源,35.26,32.54,1.85,6.56,4.04,2.89,,0.0,8.16,2.48,107.68,4.93,,60.88,6.6,9.93,17.45
603377.SH,ST东时,-13.48,-3.99,1.16,-6.22,-6.2,-1.45,,0.0,35.12,-19.86,-1160.0,9.66,2.42,57.39,扣非亏损,扣非亏损,亏损
300058.SZ,蓝色光标,146.81,-464.9,3.03,1.58,1.6,0.75,0.14,0.0,2.82,0.26,-62.24,11.29,22.09,62.49,扣非亏损,扣非转亏,183.51
688669.SH,聚石化学,-131.79,-20.66,1.08,-0.77,-0.61,1.05,1.07,0.0,11.93,-0.16,-127.61,27.38,4.28,67.65,扣非亏损,扣非亏损,亏损
002400.SZ,省广集团,101.62,106.31,2.52,1.31,1.86,1.56,0.49,0.0,6.0,0.57,-21.07,8.1,6.83,45.42,13.12,162.27,109.27
603508.SH,思维列控,22.16,19.58,2.11,7.19,7.14,7.26,4.82,0.0,63.56,37.38,36.73,12.35,29.57,5.16,1.59,5.44,6.21
000505.SZ,京粮控股,130.56,133.16,1.54,0.53,0.88,1.35,1.04,0.0,4.16,0.33,-73.56,12.14,5.38,47.91,10.97,505.26,296.72
603176.SH,汇通集团,26.62,25.41,2.18,5.73,5.97,2.91,0.32,0.0,15.53,2.63,115.88,5.15,,78.53,4.93,8.87,8.92
605006.SH,山东玻纤,-21.24,-18.29,1.23,-4.49,-4.06,-1.25,0.75,0.0,6.33,-7.44,-441.53,6.02,,60.48,扣非亏损,扣非亏损,亏损
002968.SZ,新大正,16.41,19.56,1.91,7.93,8.79,6.58,2.28,0.0,12.29,4.56,-17.3,34.39,10.01,38.15,0.57,4.94,3.73
300369.SZ,绿盟科技,-17.51,-9.49,3.12,-13.18,-12.6,-7.27,,0.0,59.5,-25.61,37.32,-1.84,13.68,42.71,扣非亏损,扣非亏损,亏损
300432.SZ,富临精工,45.62,304.81,4.35,5.95,7.43,3.98,,0.0,12.91,5.39,153.87,66.33,,53.3,4.6,102.52,12.28
002178.SZ,延华智能,-485.78,-135.34,12.86,-4.5,-1.97,-0.63,,0.0,22.92,-1.53,-1681.5,2.79,,56.67,扣非亏损,扣非亏损,亏损
002436.SZ,兴森科技,-573.01,32354.42,4.76,-0.26,-0.61,-1.73,0.34,0.0,15.97,-4.76,-140.59,10.42,6.9,60.05,3105.19,扣非亏损,亏损
300975.SZ,商络电子,131.5,201.01,4.48,2.59,2.76,2.01,0.13,0.0,12.08,1.07,62.45,22.53,,63.19,8.92,154.97,95.29
688228.SH,开普云,-162.19,102.1,2.79,-1.69,-1.27,-2.09,0.29,0.0,45.99,-14.3,1.85,32.8,12.68,26.46,3.11,扣非亏损,亏损
002040.SZ,南京港,19.72,20.54,1.0,3.63,3.87,4.35,1.43,0.0,45.6,21.58,-0.97,5.11,1.71,21.73,4.02,11.33,10.19
603983.SH,丸美股份,39.58,49.02,3.73,6.73,7.08,6.07,2.06,0.0,74.63,12.28,44.09,9.28,,22.35,5.28,14.57,11.18
300382.SZ,斯莱克,-337.4,-730.0,3.26,-1.39,-0.68,0.16,1.01,0.0,15.27,-4.8,-131.95,27.19,0.76,53.88,扣非亏损,扣非亏损,亏损
300848.SZ,美瑞新材,130.54,146.62,6.81,3.52,3.94,1.29,0.52,0.0,12.65,3.86,-31.38,28.38,,60.58,5.17,83.35,66.26
688253.SH,英诺特,18.46,19.76,2.95,11.52,12.56,13.19,1.6,0.0,80.95,46.97,239.12,-8.28,,5.83,-2.39,3.43,2.94
603005.SH,晶方科技,91.24,120.28,5.31,3.75,4.39,3.48,0.21,0.0,43.6,22.43,82.81,-3.72,6.65,8.94,-32.3,64.12,41.57
603341.SH,龙旗科技,38.19,51.73,3.97,7.09,8.55,2.05,,0.0,6.09,1.22,-23.45,-7.35,,78.99,-7.03,14.59,8.93
600530.SH,交大昂立,325.21,-3178.91,9.69,0.04,2.0,2.6,,0.0,28.72,4.28,100.34,-2.81,15.71,53.9,扣非亏损,扣非转亏,325.21
688485.SH,九州一轨,-47.08,-70.88,1.21,-2.23,-1.84,-2.31,0.36,0.0,24.84,-13.09,-93.04,-5.18,0.35,14.0,扣非亏损,扣非亏损,亏损
001270.SZ,铖昌科技,-243.69,-572.24,7.52,-3.03,-2.29,-3.18,0.32,0.0,52.04,-31.4,-191.29,18.58,,7.35,扣非亏损,扣非亏损,亏损
301512.SZ,智信精密,-54.58,218.04,2.44,-3.52,-3.22,-4.14,1.06,0.0,38.54,-17.12,-221.99,16.02,,20.73,13.61,扣非亏损,亏损
688032.SH,禾迈股份,54.91,47.54,2.89,3.68,3.89,2.29,2.22,0.0,48.09,19.37,-39.06,61.91,,23.06,0.77,25.83,28.23
300173.SZ,福能东方,549.47,-105.9,5.46,-3.78,0.75,0.72,,0.0,29.46,1.29,-291.42,38.92,37.53,75.42,扣非亏损,扣非亏损,1465.26
603667.SH,五洲新春,55.6,68.45,2.48,2.93,3.36,2.68,0.77,0.0,17.2,4.1,-16.68,22.43,13.72,41.0,3.05,46.78,33.1
600190.SH,ST锦港,-1.37,-1.78,0.85,-38.37,-37.56,-11.26,0.69,0.0,33.91,-159.37,-43591.81,-12.26,,67.87,扣非亏损,扣非亏损,亏损
000889.SZ,ST中嘉,-66.27,-40.67,18.12,-19.09,-18.6,-2.44,,0.0,8.88,-2.14,15.92,-17.41,97.62,86.75,扣非亏损,扣非亏损,亏损
300697.SZ,电工合金,35.5,39.5,3.93,8.07,8.54,7.12,1.55,0.0,10.68,5.06,-22.21,15.21,,36.08,2.6,9.79,8.31
600718.SH,东软集团,66.78,-144.98,1.42,1.0,1.61,1.07,1.41,0.0,28.15,2.06,85.09,11.45,0.06,49.84,扣非亏损,扣非转亏,82.95
300299.SZ,富春股份,-69.42,-89.04,7.2,-7.89,-7.51,-4.58,,0.0,26.83,-24.14,-718.95,-10.04,36.67,47.84,扣非亏损,扣非亏损,亏损
836961.BJ,西磁科技,126.33,214.36,10.59,3.35,6.37,5.97,0.65,0.0,30.24,18.57,-70.83,26.69,,10.65,8.03,127.96,39.66
600189.SH,泉阳泉,206.11,-10.69,4.85,-1.06,1.78,1.96,,0.0,33.71,5.14,-143.65,-6.03,,68.31,扣非亏损,扣非亏损,231.58
603679.SH,华体科技,-66.96,-46.61,3.38,-3.92,-3.55,-2.2,1.21,0.0,25.1,-11.52,-257.59,-0.75,,39.31,扣非亏损,扣非亏损,亏损
688367.SH,工大高科,58.89,61.88,2.51,2.72,3.22,2.4,0.56,0.0,26.15,8.84,108.97,5.15,,23.6,12.01,45.46,36.58
301429.SZ,森泰股份,29.45,42.79,1.62,3.16,4.07,3.12,1.25,0.0,28.07,6.12,16.27,3.15,1.24,18.01,13.59,27.05,14.47
301057.SZ,汇隆新材,53.54,48.17,2.32,3.21,3.2,2.26,2.98,0.0,13.95,4.03,-33.93,14.79,,27.85,3.26,30.03,33.46
688380.SH,中微半导,84.47,268.28,4.23,2.61,3.65,3.31,1.05,0.0,29.94,17.14,290.26,54.38,,5.91,4.93,205.84,46.28
300161.SZ,华中数控,-71.07,-75.39,4.01,-7.26,-4.13,-1.19,0.06,0.0,34.63,-7.9,-4.69,17.5,1.54,64.05,扣非亏损,扣非亏损,亏损
600075.SH,新疆天业,576.16,-58.19,0.87,-0.25,0.11,1.15,,0.0,13.08,0.13,95.96,2.01,,54.8,扣非亏损,扣非亏损,10475.73
300046.SZ,台基股份,438.86,241.64,9.74,4.08,1.68,0.99,,0.0,30.63,6.72,78.01,-5.81,,7.82,-41.6,118.42,522.45
603100.SH,川仪股份,14.43,16.18,2.53,11.72,13.5,7.21,2.71,0.0,33.05,9.95,3.95,20.48,,48.62,0.79,2.76,2.14
002809.SZ,红墙股份,34.4,36.99,1.14,1.89,2.39,1.87,1.38,0.0,28.98,8.41,-46.0,-14.12,,35.51,-2.62,39.19,28.78
600845.SH,宝信软件,33.5,34.52,7.73,16.78,17.41,9.87,2.05,0.0,36.06,20.14,4.7,8.35,0.38,44.35,4.13,4.11,3.85
300067.SZ,安诺其,438.75,795.62,2.81,0.47,0.48,0.95,1.29,0.0,17.76,2.01,199.81,-5.06,3.37,28.01,-157.24,3407.37,1828.11
688599.SH,天合光能,-49.39,-128.24,1.96,-3.53,-2.77,0.03,2.22,0.0,12.46,-1.19,-120.9,58.58,0.45,74.57,扣非亏损,扣非亏损,亏损
002281.SZ,光迅科技,64.08,59.31,4.48,5.26,5.36,3.34,0.84,0.0,23.71,8.43,29.97,0.51,0.09,34.81,116.14,22.56,23.91
605259.SH,绿田机械,14.35,15.46,1.61,8.94,8.6,5.57,2.2,0.0,18.19,8.84,-11.94,10.78,,30.29,1.43,3.46,3.34
002898.SZ,赛隆药业,-420.7,-479.27,3.92,-0.76,-0.69,0.24,0.14,0.0,45.43,-1.69,-86.86,43.08,,37.14,扣非亏损,扣非亏损,亏损
002166.SZ,莱茵生物,47.64,53.12,2.12,3.39,3.28,3.19,2.57,0.0,28.16,9.06,2789.46,24.68,0.94,36.91,2.15,31.36,29.05
300034.SZ,钢研高纳,45.04,45.84,4.03,6.53,6.82,5.38,0.61,0.0,31.43,12.98,-0.21,29.5,8.13,47.18,1.55,14.04,13.21
603353.SH,和顺石油,42.06,80.56,1.45,1.93,2.59,3.11,1.55,0.0,9.58,2.02,-31.84,32.28,,20.49,2.5,83.51,32.48
000877.SZ,天山股份,-9.11,-14.56,0.57,-5.01,-4.57,-0.42,1.71,0.0,13.37,-6.66,-930.47,-12.06,27.65,67.4,扣非亏损,扣非亏损,亏损
688020.SH,方邦股份,-64.13,-43.28,2.38,-3.92,-2.72,-1.93,0.39,0.0,30.6,-14.58,11.72,5.51,,23.53,扣非亏损,扣非亏损,亏损
001282.SZ,三联锻造,24.26,23.44,2.2,6.68,6.93,5.62,0.92,0.0,20.1,9.25,44.28,27.03,,27.73,0.87,7.02,7.0
601949.SH,中国出版,33.53,30.08,1.51,2.46,3.32,2.37,1.89,0.0,30.84,8.23,-29.39,1.83,0.09,34.59,16.39,24.49,20.2
002772.SZ,众兴菌业,23.92,72.35,0.83,1.92,2.59,1.92,3.8,0.0,19.78,6.18,-58.47,9.85,,46.03,7.35,75.55,18.47
600668.SH,尖峰集团,38.36,350.91,0.71,1.15,1.39,1.98,0.9,0.0,22.18,4.14,-48.3,-2.66,0.71,23.69,-131.68,609.96,55.2
300558.SZ,贝达药业,37.92,54.86,3.73,6.64,7.64,5.04,0.33,0.0,83.81,17.28,50.12,9.75,7.22,38.81,5.63,16.52,9.93
688114.SH,华大智造,-36.0,-23.74,2.78,-5.99,-5.62,-4.29,,0.0,61.47,-24.97,-104.56,5.94,,19.63,扣非亏损,扣非亏损,亏损
000600.SZ,建投能源,16.76,34.75,0.95,3.7,4.33,2.82,1.6,0.0,15.27,3.18,276.28,7.69,,67.72,4.52,18.78,7.74
002412.SZ,汉森制药,18.59,14.41,1.54,6.05,6.43,6.3,,0.0,75.13,18.84,19.14,9.11,0.7,14.33,1.58,4.76,5.78
603017.SH,中衡设计,28.59,66.81,1.7,3.38,4.51,2.54,3.0,0.0,26.35,7.38,-39.68,-1.96,12.52,54.44,-34.05,39.55,12.68
834599.BJ,同力股份,12.12,12.12,2.71,16.87,17.64,8.65,4.73,0.0,22.92,10.5,5.6,29.76,,61.08,0.41,1.44,1.37
002506.SZ,协鑫集成,164.46,-878.88,7.28,1.41,3.33,1.17,,0.0,9.46,0.68,-72.2,49.25,0.72,87.57,扣非亏损,扣非转亏,98.78
600063.SH,皖维高新,32.8,76.5,1.08,2.2,2.41,1.59,1.16,0.0,13.15,3.13,-43.62,6.87,0.07,45.94,11.14,69.58,27.22
002633.SZ,申科股份,210.16,-348.77,4.69,1.38,1.69,1.38,,0.0,22.36,2.99,160.17,17.39,,32.09,扣非亏损,扣非转亏,248.71
002981.SZ,朝阳科技,33.43,45.6,3.41,7.74,8.13,5.16,1.07,0.0,23.2,6.48,-6.55,17.93,8.05,41.31,2.54,11.79,8.22
300419.SZ,ST浩丰,274.34,-12.42,4.74,0.5,1.3,1.45,,0.0,33.75,2.16,-79.81,5.83,16.19,41.2,扣非亏损,扣非转亏,422.06
600833.SH,第一医药,17.6,-458.9,3.09,0.74,13.89,9.67,1.04,0.0,16.71,10.76,-70.21,15.52,,41.49,扣非亏损,扣非转亏,2.53
601111.SH,中国国航,68.54,-66.51,3.07,1.11,3.44,1.63,,0.0,6.56,0.6,149.56,48.32,10.79,88.98,扣非亏损,扣非转亏,39.85
300685.SZ,艾德生物,35.71,36.42,5.98,12.08,13.06,12.09,0.68,0.0,84.74,26.8,37.74,13.88,,11.16,2.62,6.03,5.47
000903.SZ,云内动力,-15.19,-5.46,2.49,-12.25,-11.62,-1.52,,0.0,7.9,-7.9,14.32,-16.11,18.44,77.79,扣非亏损,扣非亏损,亏损
301045.SZ,天禄科技,97.54,213.78,2.62,1.84,2.03,1.23,0.44,0.0,19.26,3.65,62.41,-3.69,0.37,20.58,-57.94,232.55,96.1
688379.SH,华光新材,21.0,28.71,2.23,7.73,8.17,5.24,0.76,0.0,15.08,5.73,128.64,19.16,,57.44,1.5,7.43,5.14
600459.SH,贵研铂业,19.22,34.65,1.67,5.91,6.62,4.17,1.32,0.0,2.73,1.28,9.12,14.61,1.06,57.16,2.37,11.73,5.81
833230.BJ,欧康医药,68.59,85.34,4.46,4.5,4.84,5.03,1.4,0.0,20.52,8.6,65.51,12.27,,16.86,6.95,37.91,28.34
600706.SH,曲江文旅,-11.3,-6.11,4.64,-27.13,-26.72,-5.13,,0.0,23.58,-17.7,-556.29,18.6,7.26,81.14,扣非亏损,扣非亏损,亏损
603226.SH,菲林格尔,-48.14,-41.28,1.66,-3.06,-2.55,-2.73,,0.0,12.26,-14.56,-14.14,-9.24,,27.32,扣非亏损,扣非亏损,亏损
300079.SZ,数码视讯,294.6,-949.68,2.08,0.61,0.53,-0.6,0.18,0.0,62.83,5.89,-11.76,-8.28,,6.35,扣非亏损,扣非转亏,1111.71
301303.SZ,真兰仪表,19.47,23.86,1.88,5.15,7.38,6.8,1.78,0.0,40.73,23.06,-1.74,16.68,0.36,20.44,1.43,9.27,5.28
002170.SZ,芭田股份,27.1,26.71,2.94,8.11,8.18,5.58,2.7,0.0,22.44,8.43,22.15,15.12,2.71,56.02,1.77,6.59,6.63
603082.SH,北自科技,35.6,37.12,3.8,10.93,8.57,3.47,,0.0,17.62,8.38,6.29,17.39,3.12,63.99,2.13,6.79,8.31
688060.SH,云涌科技,450.32,-269.0,2.62,0.27,0.44,0.15,,0.0,38.77,1.14,-9.04,3.26,1.69,7.23,扣非亏损,扣非转亏,2070.41
603586.SH,金麒麟,31.14,31.83,1.26,3.02,3.02,3.32,2.81,0.0,20.98,5.54,-43.83,9.08,,15.61,3.51,21.05,20.63
601187.SH,厦门银行,5.46,5.58,0.56,6.34,7.04,,6.11,32.62,,48.33,-5.91,0.54,,92.12,10.32,0.88,0.77
300263.SZ,隆华科技,33.1,62.87,2.16,4.19,4.77,3.73,0.43,0.0,23.92,8.78,-14.12,10.83,13.68,48.14,5.81,29.99,13.88
002697.SZ,红旗连锁,14.07,16.02,1.69,8.38,9.22,6.19,2.49,0.0,29.13,5.02,-8.72,3.86,,47.9,4.16,3.83,3.05
002707.SZ,众信旅游,48.34,68.05,9.02,14.48,15.24,7.57,,0.0,13.04,2.87,1055.73,158.65,,76.47,0.43,9.4,6.34
830839.BJ,万通液压,20.42,23.18,3.74,12.9,13.95,12.17,3.22,0.0,27.12,17.05,24.68,29.47,,23.91,0.79,3.59,2.93
836547.BJ,无锡晶海,39.51,49.78,3.08,5.16,6.04,4.99,0.98,0.0,29.81,15.09,-36.2,0.71,,18.33,69.8,19.3,13.08
688678.SH,福立旺,42.26,42.49,2.41,3.28,4.15,2.55,1.63,0.0,27.41,6.92,34.13,25.03,1.7,53.59,1.7,25.88,20.37
300882.SZ,万胜智能,32.15,28.89,4.02,8.92,9.27,6.9,2.46,0.0,33.7,15.2,-43.98,27.59,,25.39,1.05,6.48,6.94
688575.SH,亚辉龙,37.54,43.29,4.12,7.97,8.3,5.74,1.19,0.0,63.69,13.83,19.01,69.15,0.21,36.4,0.63,10.86,9.05
300938.SZ,信测标准,19.42,23.25,3.35,10.74,11.93,8.37,0.92,0.0,59.54,26.89,8.34,33.43,2.01,37.63,0.7,4.33,3.26
688059.SH,华锐精密,31.59,25.68,2.71,5.89,6.02,4.88,1.02,0.0,39.64,13.18,-25.88,37.15,,48.24,0.69,8.72,10.49
688334.SH,西高院,26.18,36.1,2.03,4.57,5.31,5.84,1.48,50.31,51.61,31.25,20.75,20.6,0.79,17.46,1.75,7.9,4.93
000791.SZ,甘肃能源,12.76,18.43,1.15,6.83,6.94,5.03,1.97,0.0,45.08,32.78,9.14,6.52,0.18,49.92,2.83,5.4,3.68
600800.SH,渤海化学,-4.4,-4.49,1.7,-25.71,-25.3,-12.35,,0.0,-9.07,-15.91,-39.3,17.01,,51.52,扣非亏损,扣非亏损,亏损
600502.SH,安徽建工,6.72,7.29,0.83,6.52,7.43,1.81,5.59,0.0,12.22,2.42,-21.86,17.14,0.06,85.91,0.43,2.24,1.81
300022.SZ,吉峰科技,-75.42,-147.27,4.45,-4.79,-4.33,1.14,,0.0,12.28,0.08,-846.46,2.3,9.43,58.3,扣非亏损,扣非亏损,亏损
603185.SH,弘元绿能,-7.42,-7.99,1.25,-11.61,-11.99,-6.31,1.71,0.0,-7.0,-30.54,-227.45,105.79,,59.68,扣非亏损,扣非亏损,亏损
301199.SZ,迈赫股份,46.64,98.88,2.29,2.94,3.74,2.29,0.27,0.0,20.12,7.45,198.0,11.78,,38.04,8.39,67.21,24.94
301210.SZ,金杨股份,60.72,65.11,1.61,1.94,2.0,1.72,0.33,0.0,12.48,5.03,-5.67,17.04,,18.52,3.82,67.21,60.72
833819.BJ,颖泰生物,-20.88,-17.71,1.02,-3.79,-3.54,-0.63,4.35,0.0,11.44,-4.7,-243.01,-0.02,8.58,56.45,扣非亏损,扣非亏损,亏损
300595.SZ,欧普康视,26.96,32.72,4.03,10.5,11.57,11.64,0.99,0.0,74.81,40.52,0.4,26.8,11.34,14.84,1.22,6.23,4.66
002169.SZ,智光电气,-30.28,-32.63,1.97,-4.12,-4.73,-1.02,1.45,0.0,14.39,-7.21,-543.9,9.64,0.62,63.76,扣非亏损,扣非亏损,亏损
300423.SZ,昇辉科技,185.63,-3.4,2.71,1.19,1.11,0.34,,0.0,18.8,0.81,103.45,-20.97,1.65,55.97,扣非亏损,扣非转亏,334.47
300366.SZ,创意信息,-28.78,-18.7,4.28,-10.91,-10.66,-7.29,,0.0,15.01,-46.52,-271.8,-2.04,0.89,55.06,扣非亏损,扣非亏损,亏损
300010.SZ,豆神教育,135.6,-65.65,18.48,10.72,10.83,3.82,,0.0,45.39,19.6,222.74,-10.26,28.93,47.15,扣非亏损,扣非转亏,25.04
600239.SH,云南城投,229.2,-39.47,3.96,-4.08,1.31,1.42,,0.0,33.54,0.1,-112.7,-14.64,,80.57,扣非亏损,扣非亏损,349.93
603230.SH,内蒙新华,11.69,23.36,1.7,9.04,11.08,6.97,2.9,0.0,42.06,20.15,-20.69,13.48,0.24,42.49,1.73,5.17,2.11
605080.SH,浙江自然,12.43,17.48,1.34,7.75,8.36,8.24,0.44,0.0,35.3,20.83,13.14,14.74,,15.7,1.19,4.51,2.97
688219.SH,会通股份,21.8,27.44,2.32,6.58,7.69,3.22,0.91,0.0,13.79,3.66,41.95,9.27,7.09,70.28,2.96,8.33,5.67
002182.SZ,宝武镁业,53.99,46.22,2.08,2.34,2.88,2.06,0.66,0.0,11.48,2.41,-33.73,10.91,1.53,51.42,4.24,39.55,37.49
002318.SZ,久立特材,15.74,16.15,2.89,13.72,14.19,8.56,2.41,0.0,26.93,15.03,15.6,20.35,0.03,43.96,0.79,2.35,2.22
300652.SZ,雷迪克,29.86,35.7,2.72,6.1,5.4,6.04,1.81,0.0,31.43,18.07,-1.07,15.12,,22.13,2.36,11.72,11.06
000813.SZ,德展健康,632.26,-161.52,1.32,0.09,0.15,-0.97,,0.0,61.46,-2.35,123.13,-19.58,5.61,2.63,扣非亏损,扣非转亏,8430.15
300080.SZ,易成新能,-18.32,-13.8,1.8,-10.01,-6.01,-2.22,,0.0,4.59,-19.44,-972.28,42.64,0.57,58.34,扣非亏损,扣非亏损,亏损
600354.SH,敦煌种业,134.92,48.24,5.24,0.87,2.96,6.02,,0.0,34.2,10.12,120.39,6.94,0.07,58.63,6.95,110.98,91.16
601588.SH,北辰实业,-5.74,-7.26,0.61,-8.2,-7.62,-0.64,1.05,0.0,29.24,-22.25,-1986.16,0.87,,73.13,扣非亏损,扣非亏损,亏损
301222.SZ,浙江恒威,26.15,26.58,2.22,6.15,6.34,6.41,1.01,0.0,25.06,16.92,-4.29,6.68,,5.53,3.98,8.65,8.25
002204.SZ,大连重工,18.37,34.92,1.34,3.95,5.56,1.83,0.77,0.0,19.0,3.89,35.7,13.7,,71.47,2.55,17.66,6.61
300766.SZ,每日互动,716.1,-390.6,3.75,0.5,0.39,-0.41,,0.0,76.01,1.78,661.25,-3.64,,9.77,扣非亏损,扣非转亏,3672.31
600824.SH,益民集团,80.95,563.56,1.6,1.49,1.49,1.57,0.44,0.0,39.44,5.01,-45.89,2.38,,15.54,237.06,758.13,108.66
688047.SH,龙芯中科,-131.57,-117.98,18.73,-10.97,-10.14,-10.35,,0.0,29.97,-111.36,-22.39,-19.69,,13.84,扣非亏损,扣非亏损,亏损
688322.SH,奥比中光,-176.85,-75.64,4.84,-3.41,-2.03,-2.79,,0.0,43.99,-16.92,57.24,19.93,0.11,9.2,扣非亏损,扣非亏损,亏损
000825.SZ,太钢不锈,-29.34,-10.71,0.66,-2.45,-1.66,-0.64,,0.0,1.15,-0.73,-54.57,18.29,,48.64,扣非亏损,扣非亏损,亏损
603173.SH,福斯达,14.33,17.6,2.48,12.19,13.56,5.03,1.64,0.0,24.33,12.55,40.39,26.28,,67.79,0.67,2.89,2.11
300779.SZ,惠城环保,318.95,444.97,13.99,2.59,3.16,2.26,0.29,0.0,24.79,5.71,-74.01,70.08,0.12,66.12,6.35,343.36,201.87
836892.BJ,广咨国际,31.32,23.92,5.79,13.35,13.29,7.09,4.3,0.0,34.24,14.74,11.54,11.38,,52.32,2.1,3.58,4.71
001324.SZ,长青科技,36.76,50.07,2.17,3.69,4.48,4.14,1.32,0.0,33.34,14.95,-26.12,1.36,,15.14,36.74,27.16,16.41
300378.SZ,鼎捷数智,105.22,50.51,3.36,2.19,2.4,2.14,0.54,0.0,56.99,2.94,59.1,14.25,1.81,28.09,3.54,46.09,87.68
603598.SH,引力传媒,163.09,156.83,19.45,9.1,9.4,2.89,,0.0,4.42,0.44,-27.8,-4.53,,86.19,-34.58,34.45,34.7
688072.SH,拓荆科技,153.89,275.65,11.7,1.4,5.78,2.56,0.15,0.0,43.59,11.41,-62.72,85.87,,63.95,3.21,393.73,53.25
300435.SZ,中泰股份,19.62,19.41,1.51,5.67,5.86,4.25,1.04,0.0,19.03,9.25,-26.8,16.86,13.62,30.98,1.15,6.84,6.7
603688.SH,石英股份,41.92,15.64,3.05,4.37,4.96,4.59,8.06,0.0,50.33,31.34,-93.09,138.63,0.93,10.69,0.11,7.16,16.9
603986.SH,兆易创新,58.13,138.9,4.03,4.99,5.34,4.04,,0.0,39.46,14.73,128.31,18.55,2.56,11.93,7.49,55.73,21.77
300194.SZ,福安药业,15.83,84.84,1.45,6.62,7.06,5.62,1.14,0.0,52.96,15.13,26.08,3.88,5.93,27.09,21.88,25.62,4.48
300251.SZ,光线传媒,43.54,56.59,3.01,4.93,5.24,5.47,0.86,0.0,42.96,31.97,24.28,23.38,0.17,12.24,2.42,22.96,16.62
002719.SZ,麦趣尔,-13.06,-14.01,4.11,-17.65,-21.1,-6.21,,0.0,15.6,-18.46,-15.16,-3.7,,70.47,扣非亏损,扣非亏损,亏损
605365.SH,立达信,21.75,30.9,2.2,6.53,7.73,4.56,1.72,0.0,28.69,5.64,-6.94,8.21,,43.6,3.76,9.46,5.63
002306.SZ,中科云网,-59.68,-88.78,980.56,-270.27,-638.64,-6.68,,0.0,12.64,-44.99,56.29,1.27,12.49,83.36,扣非亏损,扣非亏损,亏损
836720.BJ,吉冈精密,80.25,91.54,10.2,9.19,9.58,6.91,0.97,0.0,21.02,11.14,51.27,21.84,,43.57,4.19,19.93,16.75
601163.SH,三角轮胎,10.31,12.3,0.92,5.37,6.73,5.18,4.65,0.0,18.73,11.61,-21.4,6.97,,29.89,1.76,4.58,3.06
600011.SH,华能国际,8.23,18.27,1.97,7.44,14.93,4.05,2.6,0.0,16.03,7.24,6.87,14.72,5.88,64.34,1.24,4.91,1.1
600812.SH,华北制药,74.72,222.0,1.9,1.55,1.91,2.58,0.18,0.0,30.26,1.94,1053.17,-4.05,0.05,69.57,-54.83,287.19,78.2
002685.SZ,华东重机,175.35,-11.03,5.4,1.09,2.34,0.55,,0.0,6.89,1.75,117.17,-47.05,,59.96,扣非亏损,扣非转亏,149.87
300287.SZ,飞利信,-46.43,-32.06,6.1,-9.64,0.0,-4.82,,0.0,19.78,-28.82,19.33,4.96,1.13,50.47,扣非亏损,扣非亏损,-inf
300780.SZ,德恩精工,-51.51,-27.8,2.22,-3.77,-3.18,-1.17,,0.0,14.36,-9.79,-867.76,6.73,,43.57,扣非亏损,扣非亏损,亏损
430425.BJ,乐创技术,68.89,75.1,5.36,5.21,5.7,5.17,1.36,0.0,62.03,23.79,-23.89,7.02,,4.65,10.7,28.83,24.17
600755.SH,厦门国贸,15.52,-16.62,0.72,-2.16,1.42,2.07,7.17,0.0,1.43,0.25,-217.34,11.46,1.11,66.71,扣非亏损,扣非亏损,21.87
001269.SZ,欧晶科技,-19.15,-34.76,4.48,-14.64,-13.78,-7.27,2.24,0.0,5.43,-27.66,-140.4,79.6,,47.72,扣非亏损,扣非亏损,亏损
300092.SZ,科新机电,18.22,20.99,2.16,8.86,8.98,6.93,1.73,0.0,27.79,13.61,3.12,27.19,,28.77,0.77,4.74,4.06
301508.SZ,中机认检,70.6,,4.75,4.58,5.04,4.17,1.19,0.0,42.5,17.25,,18.62,0.4,15.15,,,28.02
832149.BJ,利尔达,-95.41,-95.52,8.28,-7.31,-6.35,-1.93,,0.0,13.42,-3.38,-485.26,23.72,,64.63,扣非亏损,扣非亏损,亏损
600939.SH,重庆建工,-103.26,-16.4,0.92,-1.82,-0.63,0.6,0.3,0.0,6.77,-0.26,-180.14,-6.5,,89.92,扣非亏损,扣非亏损,亏损
600526.SH,菲达环保,20.96,21.71,1.04,3.07,3.78,2.21,,0.0,25.15,8.03,28.25,12.97,0.04,57.35,1.67,14.12,11.09
688392.SH,骄成超声,215.58,-162.85,3.54,-0.78,1.21,0.16,0.24,0.0,51.37,4.89,-122.8,27.2,,19.16,扣非亏损,扣非亏损,356.33
688220.SH,翱捷科技,-33.85,-31.07,3.17,-7.78,-6.74,-5.82,,0.0,23.46,-16.24,11.02,39.77,0.28,13.23,扣非亏损,扣非亏损,亏损
603217.SH,元利科技,18.73,20.98,1.22,4.58,4.88,4.04,2.19,0.0,16.38,9.14,-9.67,29.19,,18.9,0.72,9.16,7.68
301163.SZ,宏德股份,78.82,64.02,1.81,1.71,1.72,1.02,0.92,0.0,16.13,4.01,-45.74,1.87,,17.63,34.15,74.96,91.66
002145.SZ,中核钛白,30.87,40.7,1.54,3.22,3.76,2.55,1.13,0.0,18.52,8.68,51.63,12.29,4.67,36.35,3.31,25.32,16.42
688551.SH,科威尔,40.24,32.47,2.12,3.45,3.93,2.38,1.05,0.0,48.98,13.46,-32.61,48.3,0.23,23.44,0.67,18.84,20.48
300688.SZ,创业黑马,-92.03,-188.21,10.9,-8.96,-8.31,-6.32,0.02,0.0,53.46,-27.01,-198.18,29.36,,29.82,扣非亏损,扣非亏损,亏损
300963.SZ,中洲特材,33.18,43.2,3.08,6.89,7.15,5.16,0.59,0.0,20.12,9.02,0.19,21.96,,42.07,1.97,12.55,9.28
600329.SH,达仁堂,24.93,30.47,4.16,11.78,12.04,8.77,3.8,0.0,48.97,14.14,-8.93,7.9,1.02,41.17,3.86,5.17,4.14
603676.SH,卫信康,14.15,24.05,3.1,13.96,17.2,14.44,2.73,0.0,54.71,24.46,15.84,24.77,,23.34,0.97,3.45,1.65
300571.SZ,平治信息,488.53,-103.21,2.45,0.31,0.38,1.07,,0.0,8.95,0.6,-75.78,0.68,2.05,59.11,扣非亏损,扣非转亏,2571.19
601311.SH,骆驼股份,15.88,16.31,1.09,5.16,5.16,3.53,3.37,0.0,14.99,4.47,25.41,13.93,3.55,35.73,1.17,6.33,6.16
873806.BJ,云星宇,88.13,116.55,3.7,2.67,3.26,1.38,,0.0,16.49,3.58,-48.81,-10.57,0.19,59.38,-11.03,87.24,54.07
688244.SH,永信至诚,-77.88,154.92,3.33,-3.77,-3.09,-3.1,0.41,0.0,54.11,-18.76,20.78,10.93,,12.12,14.18,扣非亏损,亏损
001373.SZ,翔腾新材,133.61,137.58,2.21,1.24,1.22,1.18,0.45,0.0,12.85,3.12,-63.1,-1.57,,14.2,-87.56,221.77,219.04
600435.SH,北方导航,-180.46,-198.36,6.81,-3.35,-2.75,-1.68,0.34,0.0,31.24,-9.57,-150.44,7.27,1.66,47.65,扣非亏损,扣非亏损,亏损
300391.SZ,长药控股,-11.82,-4.6,201.48,-170.97,-173.0,-6.64,,0.0,4.93,-277.32,6.25,12.34,28.3,76.15,扣非亏损,扣非亏损,亏损
688772.SH,珠海冠宇,58.05,107.71,3.14,2.58,3.82,0.6,1.23,0.0,25.84,1.85,-17.62,19.63,0.13,67.4,5.49,83.46,30.39
002801.SZ,微光股份,17.06,18.72,3.16,14.06,14.64,13.72,1.38,0.0,32.49,22.79,1.37,17.63,,17.9,1.06,2.66,2.33
300169.SZ,天晟新材,392.32,-28.09,37.7,6.0,5.5,3.23,,0.0,22.92,2.06,115.74,-13.26,,87.41,扣非亏损,扣非转亏,142.66
300792.SZ,壹网壹创,40.96,60.24,1.8,3.12,3.32,2.89,0.56,0.0,27.35,10.75,-17.02,2.22,2.64,6.28,27.18,38.67,24.67
600848.SH,上海临港,34.54,39.08,1.52,3.08,3.28,1.97,1.99,0.0,63.83,23.14,-4.04,24.07,0.04,62.92,1.62,25.34,21.06
300329.SZ,海伦钢琴,-82.18,-13.39,1.95,-3.95,-1.76,-0.82,,0.0,18.16,-12.73,-275.7,-13.06,,34.3,扣非亏损,扣非亏损,亏损
603069.SH,海汽集团,-818.67,-116.13,7.25,-2.46,-0.66,0.38,,0.0,13.79,-0.94,60.01,10.4,0.13,67.36,扣非亏损,扣非亏损,亏损
000995.SZ,皇台酒业,89.8,-429.36,18.64,2.33,16.97,5.77,,0.0,65.9,19.77,-9.42,17.44,,69.89,扣非亏损,扣非转亏,10.58
688084.SH,晶品特装,-125.93,-557.29,2.9,-2.22,-1.68,-1.99,0.27,0.0,28.82,-44.72,-36.2,-1.6,0.24,15.99,扣非亏损,扣非亏损,亏损
600252.SH,中恒集团,680.6,-121.85,1.56,-0.17,0.17,-0.28,0.4,0.0,40.5,-0.48,-111.93,-4.69,3.25,28.17,扣非亏损,扣非亏损,8007.12
605296.SH,神农集团,25.44,52.39,3.46,11.12,10.81,8.26,,0.0,19.63,11.78,332.47,12.89,,27.72,4.06,9.42,4.71
002216.SZ,三全食品,20.24,22.43,2.48,7.25,9.09,6.92,3.73,0.0,25.03,7.69,-35.43,0.74,0.36,40.28,30.16,6.19,4.45
300182.SZ,捷成股份,32.62,40.12,1.9,4.47,4.46,3.64,,0.0,29.68,17.12,-11.3,-2.14,35.88,26.91,-18.72,17.94,14.63
600538.SH,国发股份,-101.29,-31.41,3.32,-1.97,-2.43,-1.91,,0.0,24.91,-7.33,-1.4,15.73,23.1,14.56,扣非亏损,扣非亏损,亏损
301234.SZ,五洲医疗,43.45,65.59,2.63,3.6,4.53,4.11,1.18,0.0,17.37,10.02,-48.42,4.35,,11.87,15.07,36.48,19.18
603389.SH,亚振家居,-26.07,-15.92,5.74,-16.21,-15.25,-8.17,,0.0,35.87,-36.43,23.86,-14.0,,47.94,扣非亏损,扣非亏损,亏损
601666.SH,平煤股份,9.27,8.43,1.03,7.51,7.09,5.26,8.56,0.0,27.3,9.47,-32.43,13.84,,58.59,0.61,2.25,2.61
873339.BJ,恒太照明,30.69,35.9,3.31,7.96,8.09,6.2,2.86,0.0,19.01,8.55,-29.35,8.78,,27.88,4.09,9.02,7.59
688138.SH,清溢光电,48.17,55.49,5.4,7.66,8.55,6.84,0.71,0.0,29.53,14.57,33.13,24.34,,44.85,2.28,14.49,11.27
300857.SZ,协创数据,30.22,35.59,7.38,20.0,20.23,10.85,0.21,0.0,17.85,10.26,186.58,28.64,,53.05,1.24,3.56,2.99
688035.SH,德邦科技,73.88,82.98,2.63,2.34,2.67,2.25,0.47,0.0,26.63,7.57,-23.05,33.12,0.31,17.21,2.51,70.94,55.34
688310.SH,迈得医疗,217.31,90.85,2.61,0.03,0.88,0.21,1.67,0.0,48.86,0.93,-99.53,22.22,1.18,16.24,4.09,5266.57,493.88
300009.SZ,安科生物,21.04,22.54,4.2,14.47,15.47,14.02,2.45,0.0,77.75,31.22,-11.93,19.3,1.64,17.2,1.17,3.11,2.72
600423.SH,柳化股份,58.26,50.99,4.37,5.74,5.92,3.65,,0.0,23.88,23.97,173.1,10.07,,5.19,5.06,17.76,19.68
688691.SH,灿芯股份,99.38,119.21,7.9,6.4,7.22,4.72,,0.0,28.13,9.5,-43.88,2.99,,20.29,39.88,37.23,27.53
300869.SZ,康泰医学,524.93,-174.98,3.64,-0.32,0.5,0.25,1.45,0.0,49.9,2.97,-103.53,-17.3,,31.74,扣非亏损,扣非亏损,2099.71
301312.SZ,智立方,77.17,148.21,3.89,2.39,3.72,3.01,0.46,0.0,24.97,10.8,-41.81,10.65,,16.97,13.92,123.85,41.49
688232.SH,新点软件,-635.29,66.07,2.21,-1.56,-0.25,-0.31,0.99,0.0,60.94,-1.16,53.7,6.35,,15.87,10.4,扣非亏损,亏损
300275.SZ,梅安森,81.33,92.68,5.7,5.01,5.39,4.19,0.2,0.0,44.1,13.23,30.58,14.97,,34.44,6.19,37.02,30.18
603229.SH,奥翔药业,23.9,29.98,3.18,9.59,10.15,8.6,0.98,0.0,57.94,33.18,0.1,26.75,,23.98,1.12,6.25,4.71
001300.SZ,三柏硕,112.81,-68.98,2.95,1.11,1.98,1.31,,0.0,23.78,5.17,204.49,-22.52,,17.81,扣非亏损,扣非转亏,113.95
002890.SZ,弘宇股份,102.82,129.04,3.2,1.7,2.32,1.99,0.65,0.0,18.54,5.38,-13.0,-3.5,,19.76,-36.87,152.17,88.63
600330.SH,天通股份,60.7,100.83,1.25,1.25,1.53,0.96,0.93,0.0,20.72,4.96,-49.85,7.16,1.27,31.57,14.08,161.1,79.34
300317.SZ,珈伟新能,-37.53,-34.26,2.08,-4.49,-4.12,-2.05,,0.0,26.53,-27.8,-921.15,9.52,0.47,43.23,扣非亏损,扣非亏损,亏损
600731.SH,湖南海利,12.91,17.09,1.12,6.07,6.54,4.79,3.04,0.0,24.55,11.89,10.49,4.51,,26.59,3.79,5.63,3.95
603070.SH,万控智造,58.37,49.48,2.37,2.96,3.03,1.82,0.93,0.0,21.41,4.05,-54.51,11.3,,30.74,4.38,33.45,38.53
300676.SZ,华大基因,-126.56,-157.54,2.13,-1.41,-1.26,-1.38,0.21,0.0,45.22,-4.39,-260.86,-17.87,0.47,24.94,扣非亏损,扣非亏损,亏损
300951.SZ,博硕科技,25.58,27.65,2.41,6.62,7.14,5.56,1.54,0.0,36.57,16.77,-18.36,35.31,,22.81,0.78,8.35,7.17
000608.SZ,阳光股份,-76.38,-9.21,0.84,-1.21,-0.82,1.44,,0.0,54.13,-1.66,37.66,-16.34,,41.8,扣非亏损,扣非亏损,亏损
000906.SZ,浙商中拓,8.02,38.33,0.93,1.07,7.9,2.79,4.79,0.0,1.11,0.37,-87.95,25.69,0.08,81.06,1.49,71.95,2.03
301246.SZ,宏源药业,126.17,-621.93,1.4,0.12,0.83,0.78,0.19,0.0,12.54,2.73,-91.48,17.15,,25.78,扣非亏损,扣非转亏,304.02
002488.SZ,金固股份,236.17,237.35,2.42,0.61,0.77,0.85,0.17,0.0,8.24,1.14,354.06,8.66,0.76,47.13,27.39,782.19,613.43
600193.SH,创兴资源,-59.44,-45.07,5.61,-7.16,-6.84,-2.27,,0.0,43.3,-42.9,-213.82,-49.8,,62.17,扣非亏损,扣非亏损,亏损
688023.SH,安恒信息,-12.69,-30.33,2.42,-14.47,-13.76,-6.56,,0.0,55.79,-29.75,36.06,18.66,4.42,48.38,扣非亏损,扣非亏损,亏损
002064.SZ,华峰化学,15.72,16.81,1.61,7.46,7.84,6.1,2.24,0.0,15.6,9.91,4.24,28.5,0.23,25.97,0.59,4.5,4.01
688309.SH,恒誉环保,-10985.31,818.76,1.66,-0.51,-0.01,-0.19,0.46,0.0,46.19,-0.13,-136.86,14.36,2.32,15.58,57.03,扣非亏损,亏损
605598.SH,上海港湾,33.67,36.25,2.64,5.79,6.0,5.98,0.8,0.0,34.49,11.43,-23.84,19.19,,19.06,1.89,12.52,11.22
000801.SZ,四川九洲,87.83,118.37,4.72,2.54,4.03,2.38,1.3,0.0,22.36,5.61,-14.26,5.22,,51.51,22.7,93.06,43.59
688711.SH,宏微科技,842.78,572.71,4.18,-0.9,0.35,0.19,0.22,0.0,15.37,-0.04,-112.28,65.57,0.74,56.2,8.73,转盈,4815.91
002157.SZ,正邦科技,77.47,-12.13,2.67,-2.74,2.74,2.39,,0.0,12.55,5.08,88.68,-41.43,,47.05,扣非亏损,扣非亏损,56.54
301175.SZ,中科环保,25.04,27.6,2.5,7.47,7.6,5.14,2.0,0.0,41.42,24.56,31.7,37.73,,48.57,0.73,7.39,6.59
300583.SZ,赛托生物,269.46,-690.78,2.72,0.28,0.74,1.44,2.28,0.0,26.38,1.73,-85.39,12.78,,35.26,扣非亏损,扣非转亏,728.28
002916.SZ,深南电路,29.2,35.39,4.07,10.04,10.88,7.06,1.27,0.0,25.91,11.4,86.67,5.74,,42.47,6.17,7.05,5.37
002228.SZ,合兴包装,19.24,31.18,1.16,4.32,4.41,2.21,3.5,0.0,12.15,1.61,24.16,4.84,0.5,56.69,6.44,14.42,8.73
688096.SH,京源环保,-110.71,-21.77,1.91,-1.71,-1.19,0.75,,0.0,31.91,-3.52,-268.89,6.29,,58.43,扣非亏损,扣非亏损,亏损
300411.SZ,金盾股份,253.34,-355.57,7.32,1.41,2.2,1.26,,0.0,21.95,6.42,-8.8,-10.77,1.48,33.82,扣非亏损,扣非转亏,230.31
002579.SZ,中京电子,-45.13,-52.33,2.35,-3.98,-3.83,-0.73,,0.0,11.09,-4.7,19.04,5.16,4.96,57.7,扣非亏损,扣非亏损,亏损
600104.SH,上汽集团,19.12,108.48,0.6,0.36,2.37,1.3,2.74,0.0,8.91,2.01,-88.92,0.23,0.35,63.33,465.05,598.52,16.13
000862.SZ,银星能源,20.52,44.55,1.2,3.92,4.48,3.46,,0.0,36.0,21.17,9.48,-1.25,,52.75,-35.76,22.74,9.16
600620.SH,天宸股份,-871.82,-94.17,2.77,-2.41,-0.23,0.37,0.11,0.0,39.78,-3.27,-231.45,172.74,,47.54,扣非亏损,扣非亏损,亏损
002928.SZ,华夏航空,27.55,389.66,3.32,8.98,9.46,3.89,,0.0,5.92,5.95,141.52,15.11,,83.13,25.78,86.78,5.82
300145.SZ,中金环境,20.54,45.44,2.62,7.88,10.05,3.96,,0.0,35.29,7.49,0.02,9.22,6.99,65.63,4.93,11.53,4.09
000002.SZ,万科A,-4.58,-6.59,0.47,-5.97,-7.4,-0.8,,0.0,9.5,-7.46,-220.96,3.92,1.48,72.42,扣非亏损,扣非亏损,亏损
603313.SH,梦百合,-20.25,-22.74,1.1,-4.12,-4.0,0.72,,0.0,37.23,-2.72,-225.29,7.54,7.37,61.5,扣非亏损,扣非亏损,亏损
601069.SH,西部黄金,66.24,-434.24,2.52,3.88,2.89,3.09,,0.0,10.05,2.55,425.0,-15.4,3.09,36.04,扣非亏损,扣非转亏,45.84
600288.SH,大恒科技,-457.65,-455.99,2.1,0.42,-0.34,-0.14,0.11,0.0,36.18,-0.63,23.67,0.51,1.29,27.79,扣非亏损,扣非转亏,亏损
688629.SH,华丰科技,-272.53,-278.75,12.34,-4.95,-3.29,-2.14,0.23,0.0,16.9,-7.12,-521.75,8.4,,45.85,扣非亏损,扣非亏损,亏损
600861.SH,北京人力,13.79,24.02,1.85,6.49,10.32,6.39,2.58,0.0,5.73,2.56,137.92,-4.37,0.3,57.48,-5.5,7.4,2.67
601126.SH,四方股份,18.68,21.71,3.44,13.74,14.18,6.66,4.24,0.0,33.7,11.98,14.56,14.22,,56.97,1.53,3.16,2.63
002580.SZ,圣阳股份,16.68,27.92,1.72,6.73,7.91,5.14,0.66,0.0,19.08,6.63,-8.31,17.69,,35.32,1.58,8.3,4.22
002636.SZ,金安国纪,48.81,-53.36,1.88,-1.0,2.92,1.03,0.67,0.0,7.55,3.38,-48.72,7.38,5.16,41.52,扣非亏损,扣非亏损,33.43
002768.SZ,国恩股份,10.3,12.48,1.32,8.99,9.92,3.93,0.84,0.0,8.27,3.44,11.18,34.45,5.12,59.56,0.36,2.78,2.08
300821.SZ,东岳硅材,89.1,95.62,2.12,1.94,1.8,1.17,,0.0,6.55,2.2,133.18,33.27,,25.11,2.87,98.82,99.0
301029.SZ,怡合达,39.5,41.77,4.28,10.37,10.51,9.41,1.55,0.0,35.44,17.67,-28.05,34.37,,14.56,1.22,8.06,7.52
301082.SZ,久盛电气,99.6,203.39,2.49,1.84,1.86,1.44,0.99,0.0,12.55,1.47,-64.41,22.14,,67.44,9.18,221.35,107.1
688281.SH,华秦科技,51.79,50.62,4.78,6.82,7.13,6.26,0.25,0.0,54.61,39.55,14.42,30.5,,19.54,1.66,14.85,14.53
603136.SH,天目湖,28.44,29.9,2.45,6.26,6.21,7.21,2.92,0.0,52.84,24.88,-27.36,23.6,,18.92,1.27,9.55,9.16
000582.SZ,北部湾港,15.48,21.12,1.08,3.78,5.78,4.14,2.6,0.0,31.09,20.62,-19.22,8.96,,44.25,2.36,11.16,5.36
600059.SH,古越龙山,46.56,42.98,1.44,2.26,2.31,2.26,1.51,0.0,36.75,10.49,2.35,11.35,0.37,9.2,3.79,38.0,40.31
600873.SH,梅花生物,10.9,10.52,1.97,12.25,13.92,9.72,4.4,33.87,18.9,10.68,-15.7,18.15,0.08,37.46,0.58,0.86,0.78
300717.SZ,华信新材,35.91,37.9,2.4,4.9,5.05,4.31,1.19,0.0,31.77,15.09,14.46,8.08,,14.17,4.69,15.48,14.22
002253.SZ,川大智胜,-121.92,-23.4,3.74,-2.82,-2.27,-1.94,,0.0,24.5,-23.36,-2.71,-20.33,0.19,19.35,扣非亏损,扣非亏损,亏损
300730.SZ,科创信息,-41.79,-33.27,11.3,-18.55,-18.56,-6.17,,0.0,21.41,-43.22,48.82,-11.41,,63.7,扣非亏损,扣非亏损,亏损
603909.SH,建发合诚,29.81,26.41,2.42,5.74,6.21,2.86,0.7,0.0,5.43,1.74,123.68,89.46,10.11,71.81,0.3,9.21,9.6
003022.SZ,联泓新科,97.51,113.02,3.22,2.09,2.49,1.5,0.44,0.0,15.33,3.51,19.3,6.17,0.85,58.44,18.33,107.93,78.32
002476.SZ,宝莫股份,97.43,-4366.62,3.4,1.83,2.64,2.3,0.16,0.0,17.65,6.06,2290.65,0.81,,10.05,扣非亏损,扣非转亏,73.81
688268.SH,华特气体,39.57,39.66,4.03,6.91,6.91,5.58,0.74,0.0,31.88,12.53,14.16,17.27,6.51,39.53,2.3,11.48,11.45
603033.SH,三维股份,181.27,344.31,3.77,1.35,1.54,1.7,0.32,0.0,10.29,1.82,-68.99,34.19,16.02,67.45,10.07,511.8,235.41
688526.SH,科前生物,20.66,28.19,1.86,5.82,6.75,5.51,2.11,0.0,64.01,39.07,-34.11,9.29,0.09,12.94,3.04,9.69,6.12
000685.SZ,中山公用,9.94,13.85,0.79,5.13,6.07,4.06,2.74,0.0,21.75,31.4,8.14,34.97,0.02,42.68,0.4,5.4,3.27
300472.SZ,新元科技,-30.84,-11.02,4.24,-15.66,-9.92,-4.65,,0.0,15.61,-22.49,-2.38,-7.09,0.21,64.23,扣非亏损,扣非亏损,亏损
603893.SH,瑞芯微,82.42,95.82,11.46,10.68,10.92,8.81,0.32,0.0,36.52,16.29,417.14,8.57,,13.52,11.18,17.94,15.1
688469.SH,芯联集成,-44.69,-25.87,3.41,-8.78,-5.63,-4.4,,0.0,-0.43,-36.24,38.97,105.67,,49.0,扣非亏损,扣非亏损,亏损
603301.SH,振德医疗,15.4,48.12,1.13,4.11,5.62,5.21,5.1,0.0,34.84,10.16,-20.59,-21.08,13.6,25.86,-2.28,23.4,5.48
600792.SH,云煤能源,-10.98,-11.05,1.35,-9.53,-9.09,-1.97,1.48,0.0,-0.17,-5.99,-325.66,17.26,,67.0,扣非亏损,扣非亏损,亏损
002592.SZ,ST八菱,21.69,57.79,1.64,4.78,5.94,4.91,,0.0,20.24,11.89,-14.67,-3.3,0.4,20.46,-17.52,24.16,7.3
300460.SZ,惠伦晶体,1926.62,-28.51,4.92,-1.53,0.19,1.11,,0.0,18.51,0.41,68.24,9.86,0.46,50.57,扣非亏损,扣非亏损,20280.21
600276.SH,恒瑞医药,51.05,58.25,7.18,10.96,10.88,10.07,0.44,0.0,85.97,22.87,37.38,-5.74,,8.29,-10.16,10.63,9.38
603828.SH,ST柯利达,81.81,-10.22,2.46,-1.28,0.38,1.35,,0.0,11.95,0.82,-164.3,-0.11,,82.06,扣非亏损,扣非亏损,430.56
002076.SZ,星光股份,-954.02,-152.03,8.06,-2.61,-0.64,-0.17,,0.0,37.4,-1.99,38.3,-18.82,1.16,49.05,扣非亏损,扣非亏损,亏损
600305.SH,恒顺醋业,57.67,182.71,2.78,3.19,3.64,3.23,0.76,0.0,36.22,7.59,-19.72,1.67,,19.07,109.54,114.58,31.69
600976.SH,健民集团,16.45,19.82,2.95,11.67,13.93,8.5,1.84,0.0,43.0,11.27,-23.36,20.14,0.01,42.78,0.98,3.4,2.36
301258.SZ,富士莱,142.78,-206.38,1.39,-0.66,0.72,0.51,1.86,0.0,20.5,4.43,-114.14,1.48,,9.01,扣非亏损,扣非亏损,396.6
601998.SH,中信银行,5.08,5.24,0.52,6.75,7.6,,6.16,27.82,,32.38,0.88,1.93,0.11,91.04,2.71,0.78,0.67
000661.SZ,长春高新,12.72,12.64,2.06,12.61,12.43,10.44,3.09,0.0,85.6,28.13,-21.45,19.39,0.17,16.28,0.65,2.01,2.05
300506.SZ,*ST名家,-64.77,-8.77,26.92,-36.08,-26.96,-2.04,,0.0,48.41,-34.07,57.87,-34.97,,86.15,扣非亏损,扣非亏损,亏损
601138.SH,工业富联,25.31,23.87,3.56,10.39,10.04,5.8,3.84,0.0,6.82,3.47,8.87,3.77,0.22,53.32,6.33,4.6,5.04
000850.SZ,华茂股份,20.9,65.02,0.98,1.57,3.44,3.06,2.62,0.0,12.69,6.0,102.64,1.68,0.01,35.7,38.6,82.99,12.15
300808.SZ,久量股份,-190.13,-263.87,3.94,-1.51,-0.01,-1.44,1.2,0.0,13.26,-4.94,-122.42,-12.11,,19.26,扣非亏损,扣非亏损,亏损
600619.SH,海立股份,725.58,-1962.24,3.6,-0.4,0.37,0.56,0.15,0.0,11.56,-0.04,78.58,16.76,9.63,64.87,扣非亏损,扣非亏损,3922.03
600116.SH,三峡水利,28.03,36.96,1.27,3.09,3.4,2.68,1.99,0.0,11.17,4.56,35.57,34.46,26.61,52.72,1.07,23.89,16.49
688630.SH,芯碁微装,45.48,44.72,4.57,7.23,7.34,5.76,0.94,0.0,40.99,21.6,54.94,39.44,,23.77,1.13,12.38,12.39
600684.SH,珠江股份,136.24,116.16,6.82,7.46,3.83,2.17,,0.0,19.51,1.67,134.31,5.49,,71.82,21.17,31.16,71.14
688199.SH,久日新材,-85.14,-38.61,1.06,-1.23,-0.93,-0.1,,0.0,13.52,-2.44,56.69,8.01,1.79,35.82,扣非亏损,扣非亏损,亏损
002012.SZ,凯恩股份,111.89,138.3,1.77,0.74,1.2,1.15,0.55,0.0,17.95,7.11,174.19,-15.52,,7.37,-8.91,375.61,186.49
002849.SZ,威星智能,53.43,166.32,3.54,4.77,5.08,3.78,0.21,0.0,35.26,7.7,2.22,3.11,,43.17,53.51,69.78,21.04
688256.SH,寒武纪,-182.8,-184.55,34.37,-15.99,-13.48,-12.04,,0.0,55.23,-393.12,9.07,18.51,,15.56,扣非亏损,扣非亏损,亏损
300121.SZ,阳谷华泰,29.33,34.45,2.14,5.11,5.73,5.7,2.82,14.49,19.01,7.3,-34.23,22.48,0.45,27.56,1.53,6.74,5.12
300845.SZ,捷安高科,182.69,43.48,2.75,0.59,1.12,0.56,1.38,0.0,48.68,5.61,95.86,8.09,,17.79,5.37,146.38,326.22
301030.SZ,仕净科技,35.52,33.42,3.46,6.63,7.61,2.16,0.72,0.0,19.66,4.46,-20.67,79.82,,81.79,0.42,10.08,9.34
000066.SZ,中国长城,-75.68,-73.15,5.78,-5.77,-5.58,-1.38,,0.0,16.38,-6.82,24.57,-0.78,0.19,61.1,扣非亏损,扣非亏损,亏损
603021.SH,山东华鹏,-12.98,-8.13,16.04,-64.34,-63.34,-2.64,,0.0,10.5,-33.91,34.77,-18.24,,94.53,扣非亏损,扣非亏损,亏损
300902.SZ,国安达,-367.14,418.92,4.43,-1.74,-0.86,-1.13,0.85,0.0,35.48,-4.28,-306.63,12.39,,10.44,33.81,扣非亏损,亏损
000697.SZ,炼石航空,-29.34,-37.05,39.26,-72.94,,-2.31,,0.0,8.77,-16.27,19.5,11.7,280.59,93.69,扣非亏损,扣非亏损,
002648.SZ,卫星化学,12.69,11.56,2.25,15.34,13.9,7.7,2.71,0.0,22.1,11.43,20.48,68.94,0.16,58.84,0.17,1.51,1.83
603278.SH,大业股份,-16.1,-22.13,1.07,-5.45,-4.79,-0.41,0.28,0.0,3.64,-3.2,-412.66,24.85,,67.83,扣非亏损,扣非亏损,亏损
000570.SZ,苏常柴A,60.05,690.59,1.08,1.25,1.34,0.93,0.82,0.0,16.23,2.68,517.83,-1.81,,34.7,-380.77,1109.02,89.63
300214.SZ,日科化学,-39.8,-66.36,1.13,-2.19,-2.08,-0.54,0.62,0.0,4.34,-2.24,-181.66,4.46,6.92,48.03,扣非亏损,扣非亏损,亏损
300729.SZ,乐歌股份,16.11,23.87,1.62,4.5,8.55,5.08,2.23,0.0,29.84,6.68,-8.64,27.1,,64.57,0.88,10.62,3.77
002813.SZ,路畅科技,-64.46,-65.6,10.59,-12.11,-11.64,-7.31,,0.0,21.0,-19.68,-106.76,-16.73,,32.77,扣非亏损,扣非亏损,亏损
836699.BJ,海达尔,25.61,29.51,6.58,17.96,19.08,14.13,3.82,0.0,28.56,18.56,161.55,14.47,,39.92,2.04,3.29,2.68
600885.SH,宏发股份,19.59,22.86,3.77,13.72,14.48,10.34,1.59,0.0,35.17,15.42,11.14,18.76,0.11,40.7,1.22,3.33,2.71
603536.SH,惠发食品,-68.21,-5007.88,5.87,-6.77,-5.8,-0.99,0.13,0.0,17.52,-2.2,6.51,13.08,,68.43,扣非亏损,扣非亏损,亏损
836957.BJ,汉维科技,56.94,54.39,3.28,4.1,4.33,2.88,1.11,0.0,11.43,3.91,12.97,-0.25,,37.19,-216.87,26.55,26.3
301295.SZ,美硕科技,72.65,77.68,2.72,2.77,2.79,1.32,1.51,0.0,19.09,6.06,-24.5,5.68,,18.12,13.68,56.14,52.08
603733.SH,仙鹤股份,13.48,14.37,1.93,9.75,10.68,5.3,2.17,0.0,16.55,11.33,135.46,21.13,0.12,64.65,0.68,2.95,2.52
300447.SZ,全信股份,59.3,79.13,2.29,2.83,2.88,2.31,0.46,0.0,37.61,7.51,-54.07,14.32,0.3,24.41,5.52,56.0,41.18
301469.SZ,恒达新材,31.77,36.44,1.66,3.52,3.89,3.31,1.65,0.0,14.45,7.11,-24.71,8.47,,17.47,4.3,20.69,16.34
837046.BJ,亿能电力,112.34,112.62,8.0,4.98,5.4,4.11,1.08,0.0,27.0,9.73,22.63,10.78,,34.53,10.45,45.25,41.61
301111.SZ,粤万年青,156.34,256.15,3.8,0.64,1.8,1.53,0.41,0.0,59.72,6.13,-71.15,-4.4,0.9,9.08,-58.17,806.13,173.71
000766.SZ,通化金马,475.7,433.92,6.48,0.7,1.03,1.82,,0.0,75.39,2.46,51.15,11.18,0.08,49.06,38.82,1233.59,923.69
002088.SZ,鲁阳节能,13.99,13.47,2.32,12.27,12.2,10.95,5.61,0.0,29.62,13.45,-12.74,13.57,,26.26,0.99,2.19,2.29
601838.SH,成都银行,4.89,4.75,0.83,12.1,13.16,,7.96,0.0,,52.43,11.41,14.3,,93.69,0.33,0.79,0.74
600779.SH,水井坊,19.91,22.36,6.01,23.69,23.64,17.24,1.56,0.0,82.94,29.7,11.15,20.33,,44.02,1.1,1.89,1.68
605055.SH,迎丰股份,63.88,49.55,2.12,2.37,2.47,1.74,0.84,0.0,15.43,2.22,215.72,26.68,,53.95,1.86,41.74,51.72
000545.SZ,金浦钛业,-37.73,-22.78,2.06,-4.31,-3.83,-1.79,,0.0,5.49,-3.37,49.53,9.62,,46.48,扣非亏损,扣非亏损,亏损
300238.SZ,冠昊生物,103.95,303.9,7.06,3.79,5.22,4.54,,0.0,78.64,7.43,-46.88,-1.27,0.37,35.5,-239.39,160.25,39.83
688187.SH,时代电气,21.78,24.51,1.79,5.29,6.42,4.68,2.15,0.0,29.57,16.41,21.86,11.48,0.53,31.01,2.13,9.27,6.78
688433.SH,华曙高科,147.02,88.79,4.47,2.16,2.27,1.41,0.31,0.0,47.93,12.7,-35.39,41.05,,18.14,2.16,82.13,129.53
002452.SZ,长高电新,20.3,28.75,2.1,7.34,7.96,6.38,0.99,0.0,36.08,16.0,9.64,-0.03,2.8,30.36,-1004.14,7.84,5.1
836675.BJ,秉扬科技,29.33,29.0,3.27,8.45,8.54,6.76,2.62,0.0,18.63,10.71,0.75,16.15,,32.02,1.8,6.87,6.87
000837.SZ,秦川机床,133.21,-243.41,2.08,-0.34,1.17,0.94,0.28,0.0,16.57,2.89,-63.32,-1.25,,42.35,扣非亏损,扣非亏损,227.71
600487.SH,亨通光电,14.95,18.13,1.63,8.19,8.58,4.62,1.26,0.0,15.15,5.9,30.2,14.17,2.86,51.29,1.28,4.43,3.48
002953.SZ,日丰股份,23.9,24.68,2.18,6.93,6.98,4.31,0.79,0.0,11.9,4.1,14.75,37.95,2.39,46.18,0.65,7.13,6.85
603816.SH,顾家家居,14.5,16.07,2.69,12.58,13.26,10.67,3.97,0.0,31.88,10.09,-10.67,16.56,3.26,38.03,0.97,2.56,2.19
603266.SH,天龙股份,36.54,40.23,2.73,5.29,5.7,4.49,0.59,0.0,22.17,8.44,-4.47,10.88,,26.54,3.7,15.21,12.82
001208.SZ,华菱线缆,44.01,58.6,3.16,4.39,5.51,2.58,0.54,0.0,11.61,2.78,55.11,27.8,,67.7,2.11,26.72,15.97
002440.SZ,闰土股份,38.42,68.98,0.82,1.29,1.61,2.22,2.46,0.0,16.47,4.03,11.98,2.74,,16.76,25.16,107.21,47.73
300226.SZ,上海钢联,50.07,48.4,4.39,5.25,6.25,1.36,0.28,0.0,1.4,0.35,-13.36,13.84,0.83,80.92,3.5,18.46,16.02
301005.SZ,超捷股份,128.0,-219.62,5.67,2.66,3.25,2.54,0.32,0.0,22.65,4.66,100.53,12.83,1.98,33.83,扣非亏损,扣非转亏,78.77
600499.SH,科达制造,17.72,29.63,1.46,5.58,6.11,5.36,3.13,0.0,26.9,9.77,-67.46,11.68,6.81,45.85,2.54,10.62,5.8
600382.SH,广东明珠,99.75,300.23,1.03,1.35,0.72,1.3,4.04,0.0,53.34,8.61,-77.87,-21.63,,11.15,-13.88,446.11,277.09
002941.SZ,新疆交建,33.4,22.55,2.45,5.18,5.58,1.51,1.23,0.0,13.06,4.46,-23.18,11.05,0.02,73.72,2.04,8.7,11.97
603721.SH,中广天择,-3227.19,-111.48,8.04,-1.45,-0.19,-0.15,,0.0,16.06,-0.54,57.95,-7.23,,35.13,扣非亏损,扣非亏损,亏损
600696.SH,岩石股份,-56.24,-53.93,10.69,-13.02,-13.34,-1.85,,0.0,65.41,-30.79,-174.25,262.34,,62.47,扣非亏损,扣非亏损,亏损
600780.SH,通宝能源,14.05,14.16,0.95,5.04,5.16,4.72,2.2,0.0,8.3,4.88,-29.62,17.57,,27.01,0.81,5.62,5.44
002346.SZ,柘中股份,-22.68,31.52,1.66,3.8,-5.26,-6.5,1.79,0.0,23.48,-20.43,0.88,24.69,,30.61,1.28,16.59,亏损
300342.SZ,天银机电,123.52,204.39,5.93,3.62,3.56,3.0,0.65,0.0,25.47,7.66,32.07,6.83,14.02,29.79,29.9,113.03,69.39
300459.SZ,汤姆猫,174.92,-19.39,5.84,2.22,2.63,4.18,,0.0,89.43,9.6,-62.71,-8.64,78.14,35.99,扣非亏损,扣非转亏,133.02
600023.SH,浙能电力,8.75,11.35,1.08,9.16,9.58,6.53,5.42,0.0,12.47,12.02,12.86,23.34,1.45,43.92,0.49,2.48,1.83
688175.SH,高凌信息,-56.89,-55.42,1.37,-3.57,-1.82,-2.47,0.72,0.0,37.78,-28.11,-748.72,-0.69,,8.04,扣非亏损,扣非亏损,亏损
600035.SH,楚天高速,7.69,8.65,0.8,7.55,7.87,5.64,4.97,0.0,43.32,25.63,-21.0,10.07,,49.72,0.86,2.29,1.95
003010.SZ,若羽臣,41.4,40.97,3.04,5.29,5.01,3.98,1.48,0.0,46.5,5.0,73.27,6.72,1.1,27.46,6.1,15.49,16.52
603045.SH,福达合金,32.36,92.21,1.85,2.65,4.37,3.18,0.39,0.0,8.96,1.55,-17.7,9.77,,63.16,9.44,69.54,14.81
300926.SZ,博俊科技,20.41,20.31,5.26,19.27,19.3,8.69,0.51,0.0,26.4,12.85,104.74,68.81,,66.88,0.3,2.11,2.11
300833.SZ,浩洋股份,15.24,17.79,2.2,10.43,10.89,10.93,2.66,0.0,51.74,27.57,-18.2,53.06,0.37,8.4,0.34,3.41,2.8
300705.SZ,九典制药,20.76,26.54,5.39,19.19,20.46,16.93,0.97,0.0,73.76,20.96,44.82,41.69,,26.47,0.64,2.77,2.03
301017.SZ,漱玉平民,-386.01,-138.59,3.26,-0.69,-0.62,0.95,0.24,0.0,27.2,-0.4,-109.74,26.4,76.31,75.16,扣非亏损,扣非亏损,亏损
000078.SZ,海王生物,134.92,-4.72,2.74,0.65,1.53,2.53,,0.0,9.9,0.51,-53.72,-3.0,20.44,86.62,扣非亏损,扣非转亏,176.37
002837.SZ,英维克,57.52,58.41,9.7,12.67,13.39,7.39,0.73,0.0,31.73,12.25,78.46,27.57,5.65,50.16,2.12,9.22,8.59
301283.SZ,聚胶股份,25.17,26.0,1.47,3.93,4.31,3.53,1.98,0.0,12.83,4.64,-9.47,22.85,,17.5,1.14,13.24,11.68
000778.SZ,新兴铸管,24.94,46.99,0.62,0.94,1.88,1.36,1.57,0.0,5.59,1.57,-66.98,1.41,,47.64,33.27,99.71,26.54
002567.SZ,唐人神,23.98,-21.92,1.39,4.25,4.51,2.62,,0.0,9.09,1.25,126.9,13.65,4.15,65.1,扣非亏损,扣非转亏,10.63
002265.SZ,建设工业,51.34,61.13,3.54,3.24,5.3,2.7,,0.0,15.41,6.35,69.62,5.58,0.83,56.61,10.96,37.78,19.37
300133.SZ,华策影视,71.54,105.56,2.23,1.63,2.0,1.8,0.7,0.0,38.1,19.22,-55.01,-13.79,10.55,26.13,-7.65,129.31,71.54
603325.SH,博隆技术,23.15,20.97,2.24,8.07,7.78,3.61,,0.0,34.31,29.14,-18.09,11.97,,56.52,1.75,5.2,5.95
002358.SZ,森源电气,25.58,42.39,1.36,3.81,4.04,3.51,0.46,0.0,27.94,6.77,45.12,18.0,,49.85,2.36,22.24,12.66
601360.SH,三六零,-102.38,-67.12,2.64,-2.56,-1.86,-2.66,1.11,0.0,64.74,-10.53,-111.18,-7.9,7.59,21.27,扣非亏损,扣非亏损,亏损
603161.SH,科华控股,16.98,18.98,1.49,5.5,6.69,3.85,1.78,0.0,16.61,5.29,15.08,17.26,,54.04,1.1,6.9,5.08
000557.SZ,西部创业,31.77,35.52,1.56,3.69,3.76,3.52,,0.0,27.68,22.53,8.06,25.23,,8.2,1.41,19.26,16.9
300612.SZ,宣亚国际,-104.09,-30.03,6.16,-5.92,-5.32,-2.13,,0.0,21.62,-5.45,-1052.91,21.19,6.51,34.8,扣非亏损,扣非亏损,亏损
301376.SZ,致欧科技,21.62,21.22,2.5,8.17,8.75,6.36,2.09,0.0,35.1,4.85,-17.44,17.68,,48.66,1.2,5.2,4.94
600988.SH,赤峰黄金,19.2,21.09,3.98,15.65,16.66,10.16,0.36,0.0,41.96,20.15,84.35,21.29,0.43,50.74,0.99,2.7,2.3
002194.SZ,武汉凡谷,125.68,299.27,3.07,1.44,1.82,0.9,1.22,0.0,25.37,4.36,-55.82,4.19,,16.38,71.35,416.66,138.11
300354.SZ,东华测试,37.92,49.49,6.82,14.13,13.88,13.64,0.26,0.0,66.55,27.82,19.83,23.69,,10.69,2.09,7.01,5.46
600128.SH,苏豪弘业,41.84,188.47,0.96,0.41,1.72,1.26,1.02,0.0,4.95,1.13,16.25,15.06,,52.67,12.51,922.75,48.71
000931.SZ,中关村,57.77,94.16,2.51,2.57,3.31,3.8,,0.0,57.91,3.35,19.97,8.38,12.47,52.44,11.24,73.41,34.9
300518.SZ,新迅达,-27.23,-10.05,3.01,-6.63,-7.8,-6.78,,0.0,17.61,-95.79,-148.82,30.52,,11.8,扣非亏损,扣非亏损,亏损
603639.SH,海利尔,16.33,21.7,1.24,5.26,5.65,3.83,3.18,0.0,24.05,6.09,-62.29,11.4,,47.12,1.9,8.26,5.78
002732.SZ,燕塘乳业,23.61,29.37,1.76,5.6,5.7,4.92,0.78,0.0,25.76,6.24,-44.02,6.58,0.03,21.51,4.47,10.48,8.28
688538.SH,和辉光电,-15.84,-13.86,3.44,-15.56,-15.1,-4.83,,0.0,-23.7,-47.66,26.26,12.48,,61.58,扣非亏损,扣非亏损,亏损
600222.SH,太龙药业,82.97,41.0,2.04,1.24,1.84,1.88,,0.0,26.49,2.23,181.61,13.66,17.69,56.51,3.0,66.25,90.18
002061.SZ,浙江交科,10.25,8.32,0.78,5.68,5.74,1.77,3.42,0.0,8.15,2.85,11.63,8.48,,77.18,0.98,2.93,3.57
002187.SZ,广百股份,55.39,127.06,0.95,0.64,1.3,0.86,0.48,0.0,22.36,1.29,56.17,16.02,,56.46,7.93,399.42,85.21
300590.SZ,移为通信,39.79,43.67,3.88,6.87,7.31,6.56,1.25,0.0,42.51,19.31,18.3,35.0,,7.61,1.25,12.71,10.89
605555.SH,德昌股份,19.12,22.35,2.66,10.19,10.46,6.48,1.53,0.0,17.58,10.1,11.36,16.34,,40.77,1.37,4.39,3.66
301318.SZ,维海德,36.99,59.41,2.42,4.44,4.92,4.14,0.56,0.0,45.58,19.49,32.49,-9.66,0.7,9.35,-6.15,26.78,15.03
000521.SZ,长虹美菱,13.54,12.76,1.58,8.66,8.86,2.35,5.33,0.0,10.83,2.39,0.21,16.41,,71.61,0.78,2.95,3.06
300428.SZ,立中集团,18.54,20.87,1.75,6.32,7.15,4.33,0.56,0.0,9.74,2.6,17.61,21.05,0.44,64.81,0.99,6.61,5.18
002301.SZ,齐心集团,20.81,51.05,1.39,5.01,4.98,1.59,1.17,0.0,8.72,1.78,7.38,12.07,2.52,64.43,4.23,20.38,8.36
002816.SZ,和科达,-52.97,-26.72,8.78,-14.26,-11.7,-9.93,,0.0,-4.0,-72.26,-1.83,14.39,,31.18,扣非亏损,扣非亏损,亏损
002588.SZ,史丹利,9.87,13.32,1.32,9.0,10.44,5.65,2.04,0.0,18.2,8.15,4.43,18.36,1.73,41.24,0.73,2.96,1.89
300074.SZ,华平股份,-31.88,-40.06,2.47,-7.39,-5.71,-4.36,,0.0,42.71,-30.77,-224.32,7.17,9.83,33.93,扣非亏损,扣非亏损,亏损
600749.SH,西藏旅游,102.59,-974.78,2.61,0.99,1.94,1.53,,0.0,36.22,11.83,-51.91,27.98,,29.47,扣非亏损,扣非转亏,105.5
300829.SZ,金丹科技,23.88,46.33,1.87,4.67,5.79,3.67,0.48,0.0,19.85,8.78,19.32,12.95,,47.13,3.58,19.86,8.25
601868.SH,中国能建,21.34,14.4,0.99,2.54,3.27,1.56,1.24,18.73,11.54,2.07,-1.35,14.57,1.37,77.56,0.99,5.66,6.53
000166.SZ,申万宏源,27.71,35.78,1.38,3.68,3.78,,1.26,20.0,,26.99,-9.91,-6.32,,80.43,-5.67,9.72,7.33
688225.SH,亚信安全,-29.68,-27.88,4.24,-10.55,-10.26,-5.69,,0.0,53.74,-18.75,11.99,9.16,13.73,49.3,扣非亏损,扣非亏损,亏损
000682.SZ,东方电子,27.29,28.74,3.13,8.18,8.85,3.27,0.99,0.0,32.78,8.46,19.24,19.92,,56.23,1.44,7.03,6.17
603648.SH,畅联股份,22.26,28.07,1.82,5.64,6.05,6.14,3.59,0.0,19.47,9.42,-5.89,2.49,0.88,23.12,11.25,9.96,7.36
601226.SH,华电科工,48.7,78.03,1.64,2.01,2.54,1.16,0.4,0.0,11.98,2.17,41.32,-5.72,2.99,59.57,-13.65,77.5,38.34
688638.SH,誉辰智能,-19.95,-27.22,1.74,-6.74,-6.29,-3.94,0.23,0.0,9.25,-15.88,-303.56,77.3,6.93,48.1,扣非亏损,扣非亏损,亏损
300956.SZ,英力股份,453.75,-903.37,2.7,0.65,0.52,0.84,0.27,0.0,12.43,0.44,148.25,0.37,,50.76,扣非亏损,扣非转亏,1745.2
300039.SZ,上海凯宝,25.73,23.73,1.93,5.37,-1.84,5.09,1.5,0.0,81.3,19.32,11.93,21.78,,10.93,1.09,8.83,转盈
300314.SZ,戴维医疗,44.7,46.28,3.21,5.02,5.37,4.89,1.19,0.0,56.78,15.71,-44.47,10.7,0.04,12.25,4.33,18.44,16.65
002977.SZ,天箭科技,394.41,325.16,3.49,0.66,0.66,0.2,0.51,0.0,52.1,5.34,-83.95,-0.25,,14.94,-1303.09,990.6,1195.18
688237.SH,超卓航科,99.35,309.62,2.14,1.47,1.56,0.91,0.9,0.0,28.76,7.44,-36.8,35.87,9.67,23.51,8.63,420.3,127.37
605166.SH,聚合顺,11.3,12.98,1.93,12.66,13.14,5.16,2.87,0.0,8.4,5.25,53.93,40.36,,65.36,0.32,2.05,1.72
000670.SZ,盈方微,-144.94,-112.88,379.45,-134.02,-130.94,2.29,,0.0,5.06,-0.26,-5.64,110.65,127.44,81.41,扣非亏损,扣非亏损,亏损
837592.BJ,华信永道,-135.24,424.47,15.18,-10.41,-8.08,-7.89,,0.0,31.92,-37.22,3.32,10.0,,17.54,42.43,扣非亏损,亏损
600348.SH,华阳股份,11.59,10.91,1.02,5.93,6.47,4.26,7.36,0.0,33.07,11.21,-59.17,-1.53,,54.42,-7.12,3.68,3.58
600096.SH,云天化,7.14,7.98,1.96,21.61,21.9,12.38,6.41,0.0,16.99,10.92,21.42,10.72,0.36,52.51,0.75,0.74,0.65
300589.SZ,江龙船艇,163.38,122.7,6.3,2.59,2.74,0.83,0.22,0.0,9.47,1.95,176.6,28.53,,58.47,4.3,94.8,119.25
002427.SZ,尤夫股份,-87.58,-44.54,4.41,-4.01,-4.0,-0.54,,0.0,7.27,-2.01,26.79,2.79,,63.89,扣非亏损,扣非亏损,亏损
002702.SZ,海欣食品,-75.17,-62.6,2.2,-2.43,-2.1,-0.42,0.64,0.0,17.78,-2.06,-2723.64,2.32,5.04,45.93,扣非亏损,扣非亏损,亏损
002990.SZ,盛视科技,42.16,53.9,2.64,3.81,4.75,3.31,1.16,0.0,40.52,12.06,-39.42,22.44,,30.02,2.4,28.31,17.75
600463.SH,空港股份,-47.74,-38.22,3.74,-5.5,-5.71,-2.04,,0.0,27.84,-32.4,2.47,-22.49,,54.58,扣非亏损,扣非亏损,亏损
002073.SZ,软控股份,20.63,23.58,1.68,5.6,6.32,2.88,1.52,0.0,24.32,8.35,82.15,26.87,,65.58,0.88,8.42,6.53
000909.SZ,ST数源,35.01,-6.39,1.89,-5.79,4.13,3.81,,0.0,52.64,22.08,-89.6,-0.13,,53.21,扣非亏损,扣非亏损,16.96
000922.SZ,佳电股份,25.77,27.5,2.16,5.86,6.37,3.29,1.97,0.0,21.8,7.0,-24.07,20.93,,62.23,1.31,9.39,8.09
603259.SH,药明康德,19.33,19.31,3.08,12.12,11.73,10.54,1.36,0.0,40.65,23.83,-13.33,37.62,3.3,25.13,0.51,3.19,3.3
688339.SH,亿华通,-18.86,-20.23,2.33,-9.13,-8.85,-6.85,,0.0,17.54,-100.59,-17.62,11.91,,37.76,扣非亏损,扣非亏损,亏损
600876.SH,凯盛新能,-21.05,-41.03,1.58,-6.02,-5.49,-1.76,,0.0,1.98,-6.88,-402.9,25.49,0.37,62.16,扣非亏损,扣非亏损,亏损
688123.SH,聚辰股份,35.65,45.33,4.76,9.81,10.17,10.12,0.33,0.0,54.85,26.57,199.74,20.71,,5.61,2.19,9.24,7.01
601766.SH,中国中车,24.39,23.2,1.44,3.7,4.44,2.29,3.8,0.0,21.21,6.21,21.21,1.0,0.15,59.36,23.23,12.55,10.99
300086.SZ,康芝药业,-15.19,-24.24,1.96,-10.89,-9.56,-5.97,,0.0,53.46,-34.26,-458.93,-2.38,1.61,38.58,扣非亏损,扣非亏损,亏损
603901.SH,永创智能,34.1,103.13,1.48,2.89,3.09,1.65,0.67,0.0,27.79,3.12,-53.54,16.67,7.44,66.13,6.19,71.42,22.07
002439.SZ,启明星辰,-84.78,73.73,2.07,-1.26,-1.78,-2.5,1.0,0.0,54.78,-9.26,-15035.01,7.67,6.14,17.05,9.61,扣非亏损,亏损
002714.SZ,牧原股份,17.32,27.17,3.4,16.61,15.36,6.98,,0.0,17.27,11.62,754.04,29.07,,58.38,0.93,3.27,2.26
600475.SH,华光环能,14.36,36.21,1.08,2.71,5.69,3.51,3.37,0.0,16.12,8.93,-52.82,10.17,2.12,60.16,3.56,26.77,5.05
600234.SH,*ST科新,75.49,-8.74,2.62,0.55,2.64,1.71,,0.0,17.83,7.74,110.59,-55.96,0.36,36.7,扣非亏损,扣非转亏,57.19
300817.SZ,双飞集团,49.16,56.6,3.17,4.74,4.8,3.94,1.48,0.0,25.63,8.03,10.84,9.76,4.02,18.6,5.8,23.9,20.48
002403.SZ,爱仕达,1460.04,-11.78,1.93,-1.97,0.1,0.97,,0.0,29.68,0.05,79.32,-3.78,2.05,65.52,扣非亏损,扣非亏损,29200.9
301091.SZ,深城交,304.13,174.3,10.49,1.7,2.62,1.43,0.14,0.0,33.62,5.83,64.84,9.33,2.38,25.31,18.68,205.27,232.16
603661.SH,恒林股份,13.08,28.84,1.25,7.44,7.5,3.72,1.62,0.0,18.53,3.53,-21.9,20.12,10.19,65.5,1.43,7.76,3.49
002965.SZ,祥鑫科技,18.1,17.11,1.59,7.23,7.27,4.23,1.46,0.0,13.89,5.57,-4.12,47.59,,44.46,0.36,4.73,4.98
603500.SH,祥和实业,46.78,47.32,2.46,3.9,4.0,3.3,1.06,0.0,25.05,7.49,-27.85,36.21,,19.89,1.31,24.26,23.39
002175.SZ,东方智造,86.42,161.63,6.37,5.31,5.68,4.87,,0.0,38.81,13.97,282.45,9.32,0.3,24.25,17.35,60.9,30.43
301193.SZ,家联科技,36.36,2113.51,2.07,1.36,3.86,2.55,1.18,0.0,18.69,3.48,-41.17,22.49,4.95,56.43,93.99,3096.95,18.84
300842.SZ,帝科股份,19.46,15.09,4.84,28.17,20.43,5.22,1.13,0.0,9.73,2.5,65.0,88.91,2.1,81.68,0.17,1.07,1.9
301216.SZ,万凯新材,-47.53,-31.72,1.07,-1.2,-1.66,-0.75,1.06,0.0,1.85,-0.7,-117.18,31.92,,68.06,扣非亏损,扣非亏损,亏损
000669.SZ,ST金鸿,-9.92,-4.17,8.06,-46.09,-44.86,-2.27,,0.0,14.94,-10.0,-475.99,-17.57,15.85,89.67,扣非亏损,扣非亏损,亏损
002691.SZ,冀凯股份,-129.54,-55.37,2.66,-4.42,-1.53,-0.28,,0.0,25.37,-7.34,-35.99,14.21,,22.56,扣非亏损,扣非亏损,亏损
000533.SZ,顺钠股份,31.03,30.88,3.48,8.57,8.79,4.68,,0.0,21.84,6.08,50.81,12.28,1.06,65.05,2.51,7.2,7.06
002085.SZ,万丰奥威,64.57,74.19,7.03,7.32,8.27,5.84,3.04,0.0,17.5,6.48,3.2,15.63,14.32,46.26,4.75,20.27,15.62
600084.SH,中信尼雅,13144.59,-226.59,5.58,-0.43,0.03,0.04,,0.0,58.43,0.44,-174.9,47.16,,10.95,扣非亏损,扣非亏损,824112.29
300188.SZ,国投智能,-45.05,-47.28,3.93,-10.01,-6.33,-4.74,,0.0,40.73,-28.44,6.81,-5.6,11.56,31.32,扣非亏损,扣非亏损,亏损
000910.SZ,大亚圣象,22.6,20.44,0.6,1.78,1.99,1.58,2.38,0.0,25.93,3.36,-45.59,-2.23,2.72,24.62,-9.18,23.01,22.71
688386.SH,泛亚微透,27.16,25.85,3.37,9.46,9.49,8.62,1.23,0.0,48.19,20.7,44.13,13.92,8.83,28.68,1.86,5.46,5.72
832786.BJ,骑士乳业,149.85,37.01,2.62,7.49,1.28,2.72,2.48,0.0,24.26,1.59,-21.97,20.35,,60.9,1.82,9.89,234.14
688327.SH,云从科技,-20.03,-17.43,10.62,-36.37,-35.31,-21.77,,0.0,46.86,-226.96,-19.93,3.59,,49.86,扣非亏损,扣非亏损,亏损
688602.SH,康鹏科技,-185.94,-68.43,1.55,-2.15,-0.61,-1.06,0.59,0.0,12.51,-3.38,-171.59,1.18,,16.36,扣非亏损,扣非亏损,亏损
300404.SZ,博济医药,64.53,119.12,3.79,3.6,4.48,2.2,0.11,0.0,32.19,8.16,155.65,28.78,2.78,31.81,4.14,66.21,28.81
000819.SZ,岳阳兴长,74.49,79.19,3.32,3.04,3.42,2.76,0.55,0.0,17.52,2.21,-9.56,31.45,0.01,22.91,2.52,52.15,43.56
002841.SZ,视源股份,21.67,24.01,2.13,6.89,7.34,4.22,1.86,0.0,21.98,5.73,-4.55,6.3,1.94,43.69,3.81,6.97,5.9
600438.SH,通威股份,-25.18,-21.99,2.69,-7.14,-6.52,-2.18,3.62,0.0,7.76,-6.99,-125.81,53.67,0.78,69.04,扣非亏损,扣非亏损,亏损
600713.SH,南京医药,11.82,12.06,1.04,6.63,6.67,3.82,3.31,0.0,6.16,1.38,0.46,10.44,0.96,76.75,1.15,3.64,3.55
002048.SZ,宁波华翔,11.56,13.5,0.97,5.56,5.17,4.62,4.86,0.0,15.1,5.38,-15.16,11.19,7.77,54.74,1.21,4.86,4.47
300027.SZ,华谊兄弟,-163.62,-30.83,14.86,-7.06,-6.5,0.41,,0.0,42.61,-10.73,83.5,-4.13,18.8,79.09,扣非亏损,扣非亏损,亏损
300302.SZ,同有科技,207.41,-102.08,6.37,2.26,2.33,2.2,,0.0,47.93,10.32,139.88,3.3,26.59,29.57,扣非亏损,扣非转亏,178.04
605178.SH,时空科技,-10.79,-8.97,1.34,-8.86,-8.92,-7.23,,0.0,23.37,-66.52,-8.7,-37.03,1.94,21.26,扣非亏损,扣非亏损,亏损
688488.SH,艾迪药业,-52.67,-34.08,4.0,-7.61,-5.56,-3.75,,0.0,52.81,-20.65,-81.37,17.47,14.87,40.23,扣非亏损,扣非亏损,亏损
000796.SZ,凯撒旅业,-320.6,-34.35,9.04,-2.7,-1.78,-0.62,,0.0,22.04,-2.71,83.01,-5.96,,51.33,扣非亏损,扣非亏损,亏损
300692.SZ,中环环保,27.58,36.65,1.27,3.19,3.29,2.89,0.65,0.0,39.66,11.04,-20.32,4.22,1.16,64.22,8.68,23.01,16.77
301066.SZ,万事利,55.11,58.95,3.06,3.68,4.21,2.65,0.47,0.0,45.07,5.76,23.12,-0.3,2.16,32.9,-197.47,32.06,26.18
002036.SZ,联创电子,-199.22,-16.6,4.57,-3.46,-1.67,0.99,,0.0,9.53,-1.15,74.19,11.27,,79.25,扣非亏损,扣非亏损,亏损
603108.SH,润达医疗,187.95,-2449.17,2.99,0.76,1.17,3.47,0.49,0.0,25.64,2.3,-82.61,10.31,36.54,61.66,扣非亏损,扣非转亏,321.28
600198.SH,大唐电信,-132.8,-94.48,72.91,-47.8,-8.54,-1.26,,0.0,48.7,-12.83,9.01,-14.02,0.27,78.15,扣非亏损,扣非亏损,亏损
600599.SH,ST熊猫,61.76,-10.93,3.94,3.55,4.9,5.11,,0.0,35.78,13.04,-46.17,16.1,,22.95,扣非亏损,扣非转亏,25.18
301228.SZ,实朴检测,-32.35,-25.25,2.17,-5.07,-4.71,-3.75,,0.0,28.47,-12.08,45.77,2.38,5.95,30.44,扣非亏损,扣非亏损,亏损
688777.SH,中控技术,44.82,41.44,4.29,6.62,7.21,3.95,1.54,0.0,32.85,11.48,15.09,39.93,1.81,41.88,1.04,12.53,12.43
300164.SZ,通源石油,44.12,-4717.99,2.07,3.2,3.58,3.54,,0.0,29.04,5.79,-48.87,18.35,14.25,29.04,扣非亏损,扣非转亏,24.65
688651.SH,盛邦安全,-79.63,216.3,3.94,-4.47,-3.58,-4.44,0.13,0.0,75.32,-23.38,-67.1,19.87,1.05,14.39,10.89,扣非亏损,亏损
002097.SZ,山河智能,187.03,-66.12,1.9,-1.07,0.76,1.42,0.82,0.0,27.57,0.21,-11.1,-5.43,,77.87,扣非亏损,扣非亏损,492.19
600072.SH,中船科技,-230.18,-28.12,2.02,-4.43,-0.65,0.49,0.18,0.0,17.26,0.09,-564.25,14.85,,76.7,扣非亏损,扣非亏损,亏损
002211.SZ,宏达新材,-72.4,-86.32,38.56,-19.19,-33.29,-5.58,,0.0,7.0,-8.12,29.83,-13.86,,88.11,扣非亏损,扣非亏损,亏损
603223.SH,恒通股份,49.57,55.26,1.74,2.57,2.64,2.09,0.51,0.0,9.92,5.81,3.12,-9.26,,30.84,-5.97,42.98,37.55
601088.SH,中国神华,12.58,12.65,1.86,11.18,11.19,10.38,7.21,0.0,33.69,21.18,-3.72,15.31,,24.1,0.83,2.26,2.25
605003.SH,众望布艺,24.4,28.36,1.55,4.58,4.77,4.08,2.08,0.0,35.52,17.55,22.36,0.13,,7.54,225.43,12.4,10.23
300565.SZ,科信技术,-23.54,-16.43,5.76,-25.88,-25.4,-8.17,,0.0,15.44,-39.05,-18.21,-10.33,,57.78,扣非亏损,扣非亏损,亏损
600246.SH,万通发展,-177.27,-84.14,4.97,-2.37,-2.08,-0.86,,0.0,30.78,-38.08,2.71,-24.33,0.37,30.27,扣非亏损,扣非亏损,亏损
000030.SZ,富奥股份,16.48,18.6,1.27,4.86,5.76,3.7,4.68,0.0,11.83,5.24,11.24,13.15,0.12,46.8,1.41,7.65,5.72
688728.SH,格科微,4446.07,950.46,6.31,-0.56,0.1,0.81,0.03,0.0,23.37,0.18,-34.52,-9.21,,65.24,-103.19,转盈,88921.4
688315.SH,诺禾致源,33.52,40.73,2.48,4.57,5.51,4.27,0.2,0.0,42.59,9.2,7.26,10.8,,29.62,3.77,17.83,12.17
688663.SH,新风光,21.29,21.24,2.54,8.63,9.07,4.63,1.78,0.0,26.14,10.76,1.32,26.82,,50.95,0.79,4.92,4.7
603396.SH,金辰股份,50.99,62.35,1.81,3.24,2.81,1.92,0.37,0.0,28.45,4.25,10.27,29.44,,54.77,2.12,38.49,36.29
688716.SH,中研股份,87.74,92.56,2.94,1.69,2.55,2.18,0.51,0.0,40.13,15.45,-14.08,19.92,,6.35,4.65,109.81,68.81
300291.SZ,百纳千成,-73.28,-21.8,1.51,-2.05,-1.51,-3.54,,0.0,-2.03,-22.55,-49.14,44.41,7.09,13.96,扣非亏损,扣非亏损,亏损
002564.SZ,*ST天沃,556.43,-1.12,33.95,-34.41,4.69,1.83,,0.0,16.54,0.09,92.4,-19.98,,94.88,扣非亏损,扣非亏损,237.29
300098.SZ,高新兴,-181.36,-75.11,3.93,-3.68,-1.62,-1.45,,0.0,34.83,-4.87,-38.07,-6.9,4.9,39.88,扣非亏损,扣非亏损,亏损
688591.SH,泰凌微,84.22,136.56,3.09,2.62,2.75,1.73,0.25,0.0,47.9,10.94,95.61,-0.9,,4.67,-152.09,104.24,61.25
600725.SH,云维股份,-335.71,-412.13,11.62,-2.56,-2.56,-1.81,,0.0,1.89,-1.65,-3170.78,-10.26,,21.24,扣非亏损,扣非亏损,亏损
601328.SH,交通银行,5.74,5.76,0.55,6.15,6.8,,6.53,29.84,,35.39,-0.74,3.69,,92.19,1.56,0.94,0.84
300176.SZ,派生科技,87.38,83.35,3.67,2.97,3.2,2.2,,0.0,14.15,2.26,369.8,13.13,,53.58,6.35,56.19,54.62
605117.SH,德业股份,19.15,25.65,6.09,28.52,32.74,19.06,2.5,0.0,40.15,27.94,22.04,35.44,,38.52,0.72,1.8,1.17
002151.SZ,北斗星通,-199.46,-37.76,3.09,-2.01,-1.15,-1.67,0.47,0.0,37.03,-9.34,-341.35,4.11,9.98,12.51,扣非亏损,扣非亏损,亏损
301306.SZ,西测测试,-32.59,-30.51,3.79,-8.64,-8.35,-5.38,,0.0,9.6,-29.57,-289.35,13.67,,31.42,扣非亏损,扣非亏损,亏损
831278.BJ,泰德股份,50.23,55.86,4.21,6.42,6.35,4.6,1.52,0.0,27.13,9.19,585.33,9.18,3.63,36.55,6.08,17.4,15.82
000042.SZ,中洲控股,-5.08,-1.6,0.67,-7.86,-9.47,0.12,,0.0,31.84,-13.95,-320.37,-9.89,,83.66,扣非亏损,扣非亏损,亏损
300416.SZ,苏试试验,36.01,34.12,2.71,5.12,5.7,4.28,0.82,0.0,44.01,12.23,-36.12,21.4,2.0,38.53,1.59,13.33,12.63
600060.SH,海信视像,15.8,20.28,1.47,5.24,6.96,4.18,3.85,0.0,15.31,3.84,-27.31,11.33,3.66,42.12,1.79,7.74,4.54
300577.SZ,开润股份,12.72,24.09,2.65,11.33,15.7,9.49,0.64,0.0,23.16,11.0,63.02,16.93,12.72,49.16,1.42,4.25,1.62
002349.SZ,精华制药,30.6,32.78,2.64,6.26,6.56,6.06,1.04,0.0,49.87,18.23,-17.42,5.97,5.79,10.06,5.49,10.48,9.33
300015.SZ,爱尔眼科,34.03,44.47,7.68,15.86,17.37,14.21,0.95,0.0,51.02,22.5,0.26,19.92,40.47,34.69,2.23,5.61,3.92
600109.SH,国金证券,29.91,27.09,1.08,2.59,2.72,,1.54,0.0,,21.03,-28.35,5.37,0.04,69.84,5.05,20.93,21.99
603636.SH,南威软件,-33.08,-151.3,2.84,-6.34,-6.2,-2.97,0.38,0.0,33.26,-46.74,-108.93,3.1,7.03,57.55,扣非亏损,扣非亏损,亏损
301367.SZ,怡和嘉业,40.6,69.72,2.42,3.07,4.46,4.53,0.82,0.0,51.2,21.18,-62.88,37.05,,13.47,1.88,45.49,18.21
688303.SH,大全能源,-44.17,-273.75,1.54,-2.73,-2.56,-2.8,1.41,0.0,4.18,-18.31,-124.18,90.22,,10.68,扣非亏损,扣非亏损,亏损
002024.SZ,ST易购,26.21,-7.13,1.73,-7.15,5.09,2.33,,0.0,21.65,1.49,72.74,-35.27,13.34,90.95,扣非亏损,扣非亏损,10.3
301042.SZ,安联锐视,26.8,28.69,2.42,6.12,6.6,4.81,3.06,0.0,34.3,13.57,10.4,-9.88,,12.7,-2.9,9.37,8.12
603235.SH,天新药业,17.34,21.97,2.57,10.76,11.33,9.64,2.08,0.0,42.27,30.65,23.6,-5.82,,15.47,-3.77,4.08,3.06
300351.SZ,永贵电器,54.78,71.0,3.07,3.98,4.27,2.72,0.48,0.0,29.02,7.43,18.5,13.67,0.12,25.96,5.19,35.69,25.66
688502.SH,茂莱光学,485.12,725.26,13.66,1.58,2.08,2.0,0.3,0.0,48.15,6.52,-37.02,23.79,,18.13,30.49,917.41,466.46
603296.SH,华勤技术,23.52,29.16,2.97,7.98,9.63,2.86,1.5,0.0,9.76,2.68,2.5,1.36,0.66,71.03,21.42,7.31,4.89
601881.SH,中国银河,18.64,21.06,1.62,5.2,5.8,,1.83,20.93,,25.71,5.02,15.0,0.8,81.72,1.4,4.05,3.21
001333.SZ,光华股份,18.84,22.08,1.48,5.88,5.96,4.13,1.63,0.0,14.31,7.65,2.98,22.99,,34.03,0.96,7.51,6.32
836149.BJ,旭杰科技,244.88,191.45,6.74,1.31,2.14,1.48,0.62,0.0,14.48,-0.1,61.62,45.06,,74.82,4.25,292.69,228.86
002415.SZ,海康威视,27.48,22.24,3.87,10.64,10.52,7.62,2.59,0.0,44.76,13.71,-3.67,12.59,0.37,32.96,1.77,4.18,5.22
002576.SZ,通达动力,39.2,43.8,1.87,3.36,3.63,2.69,0.32,0.0,12.08,3.52,-42.13,5.12,,38.47,8.56,26.1,21.6
002828.SZ,贝肯能源,58.96,74.28,3.2,3.85,3.94,2.34,0.85,0.0,21.97,3.99,-37.43,9.11,6.66,65.33,8.16,38.57,29.93
603008.SH,喜临门,14.92,20.62,1.94,9.69,9.78,5.22,2.94,0.0,35.35,6.35,-3.9,16.59,4.88,53.74,1.24,4.26,3.05
300830.SZ,金现代,-68.28,382.33,3.09,-4.15,-3.29,-3.83,0.29,0.0,38.55,-21.69,10.86,2.33,,21.26,164.09,扣非亏损,亏损
002163.SZ,海南发展,-24.14,-26.74,6.17,-18.02,-17.51,-4.4,,0.0,6.91,-11.1,-348.71,-0.92,,78.09,扣非亏损,扣非亏损,亏损
600258.SH,首旅酒店,17.37,22.17,1.44,5.81,6.34,4.97,1.41,0.0,39.59,12.42,5.77,17.43,39.99,53.94,1.27,7.63,5.48
600864.SH,哈投股份,42.42,46.3,1.17,1.58,2.1,0.74,,0.0,13.77,19.06,446.01,1.32,0.03,69.92,35.09,58.76,40.4
300968.SZ,格林精密,146.54,685.94,4.89,2.46,2.52,1.07,0.41,0.0,19.86,5.03,9.04,-12.41,,16.98,-55.27,557.11,116.3
002350.SZ,北京科锐,1354.27,-23.19,2.03,0.22,0.11,0.37,,0.0,20.42,0.24,109.88,-3.37,0.92,34.55,扣非亏损,扣非转亏,24623.02
688249.SH,晶合集成,140.95,149.28,2.51,0.85,1.32,1.09,,0.0,25.26,4.37,243.91,105.39,,52.34,1.42,352.16,213.56
002989.SZ,中天精装,-29.92,-30.85,2.99,-6.65,-6.74,-4.69,,0.0,6.76,-40.56,-610.14,-27.0,,39.61,扣非亏损,扣非亏损,亏损
003041.SZ,真爱美家,24.14,43.02,1.36,3.09,4.21,2.36,2.4,0.0,19.62,9.0,-54.74,2.3,,37.39,18.7,27.86,11.47
688111.SH,金山办公,94.77,94.35,12.28,9.59,10.06,7.56,0.28,0.0,85.1,28.67,15.16,26.93,1.71,26.54,3.5,19.67,18.84
603169.SH,兰石重装,59.39,105.06,2.36,2.53,3.03,1.71,,0.0,13.84,2.62,-25.64,22.06,7.61,73.46,4.76,82.92,39.2
301379.SZ,天山电子,21.89,28.09,2.25,6.77,7.87,5.92,1.35,0.0,21.39,9.9,26.58,30.99,0.06,24.18,0.91,8.3,5.56
002527.SZ,新时达,-99.78,-10.69,3.77,-4.65,-2.8,-0.18,,0.0,19.21,-1.87,-3.42,-3.41,7.59,66.99,扣非亏损,扣非亏损,亏损
300489.SZ,光智科技,-299.5,-59.29,17.25,-20.92,-8.52,1.54,,0.0,23.88,-2.29,55.38,37.21,,78.24,扣非亏损,扣非亏损,亏损
601928.SH,凤凰传媒,15.57,16.58,1.45,6.82,6.62,4.74,5.68,0.0,39.83,14.26,-23.05,4.04,0.37,38.04,4.1,4.86,4.7
688286.SH,敏芯股份,-49.36,-48.24,3.12,-4.24,-4.63,-4.53,,0.0,22.05,-14.55,50.13,5.7,1.43,14.83,扣非亏损,扣非亏损,亏损
000856.SZ,冀东装备,123.65,152.59,4.46,0.63,2.71,1.28,,0.0,7.8,0.62,-79.38,-0.03,,79.38,-5261.79,482.05,91.25
600798.SH,宁波海运,-332.24,-220.42,0.97,-0.69,-0.22,0.43,0.82,0.0,5.62,-0.49,-132.72,0.16,,21.32,扣非亏损,扣非亏损,亏损
001236.SZ,弘业期货,547.77,672.15,6.45,0.75,0.89,,0.04,0.0,,0.83,2338.26,8.46,,84.51,79.44,1791.45,1230.95
600689.SH,上海三毛,92.27,240.94,4.37,2.68,3.62,1.18,,0.0,5.59,2.01,4.87,5.5,,47.28,43.8,180.13,50.98
600929.SH,雪天盐业,21.88,21.97,1.29,3.56,4.33,3.42,3.1,0.0,27.22,8.06,-42.46,22.38,1.27,27.72,0.98,12.35,10.11
003016.SZ,欣贺股份,-90.3,-56.87,1.31,-1.35,-1.06,-1.31,2.82,0.0,67.53,-2.87,-134.3,-0.5,,22.83,扣非亏损,扣非亏损,亏损
300254.SZ,仟源医药,42.37,65.77,3.84,4.37,7.1,5.74,,0.0,66.99,11.03,261.06,-1.59,37.1,44.18,-41.33,30.12,11.93
002235.SZ,安妮股份,104.42,-39.95,4.6,1.75,3.36,1.84,,0.0,19.74,10.03,147.05,3.74,0.05,34.51,扣非亏损,扣非转亏,62.15
002642.SZ,荣联科技,391.66,-19.95,4.75,0.88,0.93,0.52,,0.0,12.13,0.76,126.15,-1.58,,53.55,扣非亏损,扣非转亏,842.29
603823.SH,百合花,22.08,26.38,1.82,5.8,6.41,5.82,1.52,0.0,20.68,9.36,86.5,5.18,0.18,26.1,5.09,9.1,6.89
600110.SH,诺德股份,-28.48,-25.72,1.42,-4.45,-3.65,-0.23,1.77,0.0,6.73,-6.14,-238.33,36.44,0.13,52.97,扣非亏损,扣非亏损,亏损
600563.SH,法拉电子,29.08,29.38,5.98,15.46,15.94,13.13,2.16,0.0,34.11,22.54,3.25,28.76,0.38,30.09,1.02,3.8,3.65
688160.SH,步科股份,102.06,107.21,5.8,3.46,4.29,3.31,0.52,0.0,36.54,8.17,-32.78,6.02,0.0,25.77,17.8,61.98,47.58
002877.SZ,智能自控,63.68,51.4,2.5,2.71,2.84,2.49,0.43,0.0,27.85,4.29,-59.09,23.1,,51.71,2.22,37.89,44.84
300139.SZ,晓程科技,92.87,-89.04,5.1,2.14,4.2,4.68,,0.0,54.12,26.07,-50.78,8.71,0.68,12.34,扣非亏损,扣非转亏,44.23
600397.SH,安源煤业,-10.7,-8.7,7.88,-44.36,-46.27,-0.61,,0.0,4.06,-4.82,-2228.24,-1.5,,97.19,扣非亏损,扣非亏损,亏损
301380.SZ,挖金客,62.73,58.15,4.2,4.14,4.79,3.45,1.2,0.0,13.54,5.2,-8.78,19.75,31.97,44.07,2.94,28.11,26.19
603950.SH,长源东谷,24.1,25.99,1.91,5.99,6.08,3.92,,0.0,22.61,12.17,-4.07,-1.09,,46.86,-23.94,8.67,7.93
835368.BJ,连城数控,20.63,18.46,2.5,8.64,9.41,2.95,0.71,0.0,30.36,9.37,-7.51,51.33,0.83,58.96,0.36,4.27,4.38
002362.SZ,汉王科技,-51.23,-34.2,4.34,-6.74,-6.17,-4.99,,0.0,42.24,-7.41,8.06,-1.97,0.18,27.78,扣非亏损,扣非亏损,亏损
603887.SH,城地香江,-55.2,-12.24,3.27,-5.82,-4.76,-0.51,,0.0,26.97,-15.12,-349.21,-15.15,12.96,63.2,扣非亏损,扣非亏损,亏损
688172.SH,燕东微,-204.02,-247.02,2.26,-1.31,-0.83,-1.38,0.22,0.0,14.92,-14.03,-182.74,34.04,,19.25,扣非亏损,扣非亏损,亏损
688011.SH,新光光电,-43.64,-28.11,1.79,-3.96,-3.04,-3.05,,0.0,41.7,-51.58,-19.94,9.45,,11.61,扣非亏损,扣非亏损,亏损
688063.SH,派能科技,258.72,-69.56,1.41,-0.14,0.4,0.16,0.98,0.0,35.61,2.6,-102.08,76.85,,21.51,扣非亏损,扣非亏损,1293.58
000633.SZ,合金投资,470.69,472.95,11.15,1.6,1.79,2.3,,0.0,13.01,2.3,-30.15,22.19,,34.96,21.32,589.97,525.91
002889.SZ,东方嘉盛,26.5,43.86,2.67,5.64,7.83,5.24,0.33,0.0,12.55,7.26,-9.43,0.04,0.71,42.61,977.48,15.55,6.77
603583.SH,捷昌驱动,22.14,32.67,1.98,6.13,6.86,4.77,0.85,0.0,29.47,11.32,56.72,18.69,2.99,33.86,1.75,10.66,6.45
300127.SZ,银河磁体,71.75,86.25,7.69,7.87,7.88,7.55,2.31,0.0,33.26,19.3,-22.11,13.59,,5.71,6.35,21.93,18.21
300776.SZ,帝尔激光,44.42,49.66,7.16,11.08,12.02,6.12,0.58,0.0,48.29,26.62,7.99,14.69,,48.11,3.38,8.96,7.39
603085.SH,天成自控,110.51,231.41,4.31,2.75,2.93,0.68,,0.0,19.56,1.8,50.84,1.03,2.67,71.52,223.75,168.3,75.43
688159.SH,有方科技,24.48,35.7,3.69,11.22,12.02,6.98,,0.0,9.57,3.58,285.75,23.85,,56.5,1.5,6.37,4.07
301265.SZ,华新环保,55.17,82.05,1.45,1.59,1.98,1.61,,0.0,21.01,8.83,-55.13,10.18,,9.39,8.06,103.1,55.73
300769.SZ,德方纳米,-11.53,-8.46,2.08,-12.95,-12.44,-4.44,,0.0,-3.08,-14.27,17.16,248.16,,60.96,扣非亏损,扣非亏损,亏损
600283.SH,钱江水利,21.46,31.92,1.93,5.65,6.86,4.25,1.59,0.0,41.12,15.2,19.71,19.12,,65.73,1.67,11.3,6.26
600637.SH,东方明珠,29.96,87.76,0.96,1.78,2.41,1.85,2.39,0.0,32.54,13.54,-0.12,-5.59,1.34,20.2,-15.71,98.86,24.89
002247.SZ,聚力文化,9.29,63.92,4.36,4.63,42.78,20.32,,0.0,20.62,34.93,-50.64,-0.57,,37.7,-112.21,27.62,0.43
601166.SH,兴业银行,4.48,5.05,0.5,7.52,8.19,,6.42,0.0,,38.35,-3.05,1.41,0.06,91.47,3.58,1.34,1.09
603097.SH,江苏华辰,42.5,30.45,3.57,6.05,6.51,4.01,,0.0,22.25,5.93,-4.01,30.95,,50.28,0.98,10.06,13.06
601390.SH,中国中铁,5.99,6.02,0.55,5.56,7.11,1.54,3.7,0.0,8.8,2.74,-15.87,9.09,0.36,77.0,0.66,2.17,1.69
600551.SH,时代出版,16.53,17.48,1.01,4.04,4.56,3.13,4.59,0.0,9.42,4.2,-7.07,10.75,,35.88,1.63,8.65,7.25
002515.SZ,金字火腿,149.36,191.37,2.29,0.79,1.15,0.59,0.35,0.0,22.38,11.33,-6.86,-23.45,,1.89,-8.16,485.08,259.75
603061.SH,金海通,87.79,87.89,4.12,2.82,3.45,2.99,0.18,0.0,50.73,17.53,-20.35,36.6,,14.71,2.4,62.44,50.89
000759.SZ,中百集团,-6.4,-4.43,1.45,-15.74,-15.56,-2.08,,0.0,21.64,-4.08,-547.55,-3.91,0.92,81.83,扣非亏损,扣非亏损,亏损
300242.SZ,佳云科技,-53.83,-36.0,8.19,-10.22,-10.73,-9.8,,0.0,7.91,-5.38,43.32,-46.22,,47.43,扣非亏损,扣非亏损,亏损
601916.SH,浙商银行,4.57,5.17,0.46,6.78,7.75,,6.51,0.0,,25.38,3.62,10.21,,93.92,0.51,1.53,1.18
688298.SH,东方生物,-20.22,-10.46,1.03,-4.89,-3.65,-3.76,,0.0,34.69,-41.7,-231.81,35.67,0.79,14.37,扣非亏损,扣非亏损,亏损
300477.SZ,合纵科技,-15.98,-7.02,2.34,-10.67,-10.33,-2.18,,0.0,8.36,-11.32,-3.17,36.22,9.63,72.61,扣非亏损,扣非亏损,亏损
301533.SZ,威马农机,37.63,42.37,2.69,5.23,5.42,4.34,1.16,0.0,17.11,8.49,5.34,2.26,,17.17,18.74,16.21,13.88
603726.SH,朗迪集团,19.82,28.01,2.81,9.42,10.78,6.96,2.62,0.0,22.1,9.24,43.08,6.42,,47.52,4.37,5.95,3.68
002374.SZ,中锐股份,-34.16,-17.48,3.4,-7.74,-7.17,-2.26,,0.0,15.95,-18.77,-116.98,6.17,,70.61,扣非亏损,扣非亏损,亏损
834765.BJ,美之高,48.86,53.12,3.23,4.38,4.84,3.92,3.26,0.0,25.71,4.14,6.7,-11.9,,32.5,-4.46,24.26,20.19
300152.SZ,新动力,-1970.11,-101.19,15.56,-0.56,-0.59,0.06,,0.0,23.85,-1.01,92.02,-17.01,,59.89,扣非亏损,扣非亏损,亏损
301607.SZ,富特科技,43.89,66.76,4.91,8.97,12.46,4.65,,0.0,26.41,6.98,-22.27,11.2,,50.13,5.96,14.89,7.05
430139.BJ,华岭股份,-492.54,-424.3,9.07,-2.7,-1.37,-1.63,0.38,0.0,25.4,-7.97,-163.92,19.92,,14.54,扣非亏损,扣非亏损,亏损
300627.SZ,华测导航,41.43,46.65,6.41,10.73,11.92,9.23,1.13,0.0,59.18,16.96,35.31,24.1,1.15,27.01,1.94,8.69,6.95
600271.SH,航天信息,-790.38,-58.73,1.42,-1.87,-0.13,-0.16,0.31,0.0,25.28,-1.06,-353.41,-14.98,4.3,19.31,扣非亏损,扣非亏损,亏损
600300.SH,维维股份,15.14,24.52,1.5,5.23,7.52,7.52,2.09,0.0,23.48,9.13,25.63,-5.6,,25.14,-4.38,9.38,4.03
000983.SZ,山西焦煤,12.76,12.39,1.32,7.43,7.66,5.66,8.1,0.0,31.94,10.78,-51.3,21.99,1.5,46.05,0.56,3.33,3.33
603595.SH,东尼电子,-86.87,-11.62,3.27,-6.46,-2.78,-0.39,,0.0,21.93,-6.75,67.54,27.52,,68.77,扣非亏损,扣非亏损,亏损
603811.SH,诚意药业,17.7,18.2,2.22,8.77,9.58,7.36,1.93,0.0,69.01,22.48,-2.78,-3.85,,31.32,-4.73,4.15,3.69
688262.SH,国芯科技,-63.64,-46.42,4.8,-6.38,-5.44,-6.01,,0.0,18.51,-27.11,-6.42,25.39,,29.38,扣非亏损,扣非亏损,亏损
300115.SZ,长盈精密,32.88,55.95,3.36,5.48,8.87,4.09,,0.0,18.7,5.29,591.02,13.54,1.82,59.97,4.13,20.41,7.41
600690.SH,海尔智家,13.42,15.24,2.48,13.8,14.14,7.28,3.82,0.0,30.85,7.61,15.44,7.69,21.43,56.21,1.98,2.21,1.9
300788.SZ,中信出版,35.06,78.17,2.79,6.29,6.05,4.56,1.07,0.0,39.19,10.71,13.42,-3.12,,32.88,-25.05,24.86,11.59
603949.SH,雪龙集团,42.92,55.14,2.54,2.88,4.42,4.6,1.76,0.0,37.95,16.63,-14.72,-3.18,,6.79,-17.34,38.31,19.42
002654.SZ,万润科技,301.96,-211.48,8.89,1.0,2.16,1.16,,0.0,11.23,0.46,136.76,1.34,4.44,63.56,扣非亏损,扣非转亏,279.59
603458.SH,勘设股份,-16.26,-16.94,0.64,-2.9,-2.84,-1.01,0.64,0.0,26.56,-10.47,-428.35,-8.9,2.4,48.18,扣非亏损,扣非亏损,亏损
300745.SZ,欣锐科技,-33.72,-12.56,1.37,-4.35,-3.0,-1.51,,0.0,11.59,-5.49,-154.88,73.3,,46.4,扣非亏损,扣非亏损,亏损
002901.SZ,大博医疗,44.94,85.35,4.54,6.78,7.66,6.09,0.62,0.0,68.47,17.21,297.2,1.5,2.08,26.96,57.01,25.17,11.73
002386.SZ,天原股份,-46.53,-23.63,0.77,-1.97,-1.22,-0.03,1.55,0.0,3.67,-1.15,-16.56,-4.9,1.44,60.07,扣非亏损,扣非亏损,亏损
000657.SZ,中钨高新,55.94,56.78,2.63,3.0,3.48,2.65,2.95,0.0,14.86,2.57,-26.65,9.15,,54.05,6.21,37.89,32.15
600888.SH,新疆众和,9.11,9.16,1.0,7.66,8.6,5.81,1.66,0.0,12.13,15.9,-25.46,7.47,,37.15,1.23,2.39,2.12
000820.SZ,神雾节能,-120.39,-135.07,39.48,-22.64,-21.76,-5.58,,0.0,9.78,-11.0,27.77,2386.03,108.18,73.38,扣非亏损,扣非亏损,亏损
300513.SZ,恒实科技,-47.88,-68.88,1.36,-2.13,-2.1,-0.59,0.29,0.0,18.86,-6.05,-254.17,-1.27,41.03,45.0,扣非亏损,扣非亏损,亏损
300920.SZ,润阳科技,77.59,49.12,1.68,1.57,1.62,0.79,0.95,0.0,21.29,4.51,1.33,-4.86,0.01,13.89,-10.1,62.65,95.8
000029.SZ,深深房A,2683.54,-76.44,4.85,-0.3,0.14,-0.0,,0.0,19.43,2.01,75.14,-28.83,,41.39,扣非亏损,扣非亏损,38336.26
601669.SH,中国电建,8.55,9.67,0.74,4.83,6.27,1.81,2.79,0.0,12.42,2.78,-14.41,6.45,0.14,79.03,1.5,4.01,2.73
688135.SH,利扬芯片,-243.97,-256.37,3.62,-1.05,-1.1,-0.04,0.45,0.0,24.51,-2.83,-180.89,27.19,2.75,56.24,扣非亏损,扣非亏损,亏损
002726.SZ,龙大美食,78.45,-9.49,5.52,4.63,5.45,2.21,,0.0,4.84,0.98,114.39,-17.94,1.55,70.94,扣非亏损,扣非转亏,28.79
838810.BJ,春光药装,-45.8,-37.27,2.99,-5.87,-4.7,-3.34,0.97,0.0,23.39,-17.99,-256.76,23.82,,44.7,扣非亏损,扣非亏损,亏损
600601.SH,方正科技,61.53,95.33,4.24,4.12,5.31,3.69,,0.0,21.46,8.57,87.51,-18.21,,36.26,-5.23,46.23,23.18
301128.SZ,强瑞技术,42.7,57.0,5.29,8.88,9.26,8.22,1.51,0.0,32.76,12.41,121.96,18.76,3.28,36.16,3.04,12.84,9.22
603332.SH,苏州龙杰,23.83,23.9,1.46,4.08,4.62,3.88,1.31,0.0,9.3,4.62,324.18,23.76,,15.76,1.01,11.71,10.32
002678.SZ,珠江钢琴,-35.49,-35.37,1.84,-3.73,-3.8,-3.64,0.03,0.0,12.77,-27.78,-4442.73,-11.52,0.51,12.88,扣非亏损,扣非亏损,亏损
301289.SZ,国缆检测,50.84,49.34,3.82,5.52,5.64,5.22,0.72,0.0,60.93,27.21,5.17,14.43,0.24,17.61,3.42,17.89,18.03
002492.SZ,恒基达鑫,27.81,29.04,1.23,2.89,3.3,3.22,2.0,0.0,47.7,21.02,-37.99,2.37,0.86,19.76,12.28,20.1,16.86
600613.SH,神奇制药,52.3,91.26,1.76,2.45,2.51,2.28,1.31,0.0,48.88,3.76,-6.12,9.44,10.07,24.56,9.66,74.47,41.67
002738.SZ,中矿资源,39.62,55.39,2.45,3.45,4.52,5.52,2.68,0.0,35.46,15.23,-79.49,98.32,10.03,24.76,0.56,32.13,17.53
300501.SZ,海顺新材,27.51,34.22,1.76,4.05,4.35,4.17,1.04,0.0,29.69,10.29,29.81,13.01,0.23,34.82,2.63,16.88,12.65
601377.SH,兴业证券,33.41,34.56,1.09,2.27,2.31,,1.7,27.51,,20.93,-11.25,-12.07,0.02,78.73,-2.86,15.24,14.46
300465.SZ,高伟达,231.64,320.59,11.24,3.01,3.65,2.56,,0.0,21.46,3.17,-7.18,-6.32,6.63,50.66,-50.73,213.32,126.92
002853.SZ,皮阿诺,192.51,-606.63,1.6,-0.8,0.61,0.34,1.55,0.0,23.59,0.88,-121.88,-2.55,,35.15,扣非亏损,扣非亏损,631.18
000958.SZ,电投产融,45.03,35.1,2.32,3.86,3.9,2.89,1.6,0.0,29.32,26.62,6.71,-19.5,1.86,37.68,-1.8,18.18,23.09
600774.SH,汉商集团,724.28,-256.61,1.44,-0.7,0.15,1.17,,0.0,54.02,-0.47,-132.98,64.04,15.9,48.29,扣非亏损,扣非亏损,9741.44
301408.SZ,华人健康,38.42,41.75,2.8,5.11,5.44,3.47,0.63,0.0,32.42,3.54,35.89,25.67,49.07,59.18,1.63,16.33,14.12
430489.BJ,佳先股份,156.93,466.4,8.15,3.38,3.83,2.29,2.56,0.0,12.55,4.14,-29.44,81.72,8.03,51.15,5.71,276.15,81.95
300278.SZ,华昌达,90.98,165.24,5.26,2.74,4.42,3.26,,0.0,13.44,3.82,-20.27,26.92,17.73,36.59,6.14,120.51,41.17
002666.SZ,德联集团,36.18,66.59,1.08,2.45,2.29,2.68,1.24,0.0,14.19,2.2,74.43,8.96,1.25,30.12,7.43,54.46,31.6
600905.SH,三峡能源,20.06,20.19,1.59,6.05,5.98,3.13,1.78,0.0,53.47,28.7,-4.89,31.04,1.7,70.27,0.65,6.67,6.71
603612.SH,索通发展,27.36,-11.07,1.36,2.48,3.79,3.35,3.64,0.0,9.3,3.45,140.87,48.56,0.22,59.85,扣非亏损,扣非转亏,14.44
300618.SZ,寒锐钴业,59.73,57.07,2.5,3.92,3.18,3.47,0.35,0.0,16.7,4.49,24.94,34.69,,38.66,1.65,29.09,37.57
000597.SZ,东北制药,29.02,34.86,1.56,2.72,4.14,2.3,1.87,0.0,34.53,3.59,-18.39,4.01,0.49,63.07,8.69,25.64,14.02
600587.SH,新华医疗,13.88,17.01,1.51,8.2,8.33,4.76,1.94,0.0,26.31,8.54,9.36,3.12,3.26,48.65,5.44,4.15,3.33
300639.SZ,凯普生物,-12.38,-13.97,0.96,-5.78,-5.75,-8.77,0.7,0.0,53.81,-65.67,-276.98,42.15,,10.04,扣非亏损,扣非亏损,亏损
603272.SH,联翔股份,-141.35,-58.12,2.59,-1.68,-1.26,-1.37,0.91,0.0,24.53,-8.57,-1510.38,-13.45,0.51,12.94,扣非亏损,扣非亏损,亏损
300805.SZ,电声股份,460.91,-723.0,2.48,0.03,0.4,-0.02,0.36,0.0,10.28,0.24,-98.25,-11.19,0.14,20.48,扣非亏损,扣非转亏,2304.53
002398.SZ,垒知集团,23.74,64.93,0.85,2.18,2.61,1.78,1.68,0.0,22.13,5.15,-48.4,-5.07,4.01,37.8,-12.81,59.6,18.19
000017.SZ,深中华A,505.6,257.48,15.82,1.91,2.38,2.65,,0.0,6.64,2.48,18.64,79.06,,12.43,3.26,269.36,424.87
003004.SZ,声迅股份,-56.18,183.64,3.11,-3.77,-3.55,-2.23,0.66,0.0,40.14,-27.18,-44.93,-2.94,0.19,31.67,-62.55,扣非亏损,亏损
300894.SZ,火星人,306.74,84.14,4.69,0.58,0.97,-0.29,3.69,0.0,44.06,1.49,-95.65,11.94,,41.26,7.05,291.96,632.46
001914.SZ,招商积余,14.72,17.03,1.19,5.93,6.19,4.54,1.42,0.0,11.31,5.27,10.2,21.79,30.82,45.6,0.78,5.74,4.75
603320.SH,迪贝电气,26.4,29.95,2.32,6.41,7.04,5.2,0.63,0.0,15.69,7.26,144.48,12.35,,33.98,2.42,9.34,7.5
300640.SZ,德艺文创,112.5,110.62,2.1,2.27,1.37,1.29,1.09,0.0,16.85,1.69,-33.92,11.3,,16.28,9.79,97.34,164.23
600295.SH,鄂尔多斯,11.89,13.05,1.31,8.04,7.75,4.62,8.25,0.0,20.03,10.02,-31.82,13.78,0.22,50.25,0.95,3.25,3.07
603937.SH,丽岛新材,-422.25,387.13,1.21,-0.4,-0.21,-0.41,0.77,0.0,7.15,-0.31,-112.15,2.45,,37.1,158.17,扣非亏损,亏损
001308.SZ,康冠科技,20.32,18.06,2.11,6.29,7.89,3.61,2.14,0.0,13.2,4.88,-46.86,24.63,,55.85,0.73,5.74,5.15
002539.SZ,云图控股,11.25,13.62,1.16,6.88,7.87,4.21,2.42,0.0,10.64,4.34,3.98,35.51,0.36,61.18,0.38,3.96,2.86
002865.SZ,钧达股份,-28.85,-9.17,3.96,-16.81,-9.55,-2.31,0.96,0.0,0.29,-5.08,-146.74,199.8,21.2,75.81,扣非亏损,扣非亏损,亏损
300326.SZ,凯利泰,61.77,188.12,1.61,1.54,1.94,2.4,0.95,0.0,49.05,9.45,-45.67,-2.19,20.09,13.0,-85.85,243.96,63.68
300733.SZ,西菱动力,79.67,-73.54,2.45,1.97,2.34,2.13,,0.0,15.07,4.0,290.19,43.67,1.19,46.03,扣非亏损,扣非转亏,68.09
603319.SH,湘油泵,26.18,26.87,2.8,7.12,7.87,5.59,2.28,0.0,25.56,9.74,-10.16,10.89,,48.79,2.47,7.55,6.65
600007.SH,中国国贸,16.55,17.81,2.39,10.53,10.74,10.99,4.13,0.0,60.51,34.54,1.2,8.87,,22.35,2.01,3.38,3.08
688099.SH,晶晨股份,39.31,46.33,5.06,9.55,10.23,8.34,0.8,0.0,36.37,12.8,107.63,29.13,,11.26,1.59,9.71,7.68
002913.SZ,奥士康,22.44,23.32,1.93,6.31,6.63,4.13,3.24,0.0,23.69,8.43,-34.65,16.72,,46.41,1.4,7.39,6.77
300932.SZ,三友联众,46.79,50.35,1.86,2.83,2.99,2.04,1.35,0.0,18.58,3.2,76.28,12.54,,45.94,4.01,35.62,31.3
830964.BJ,润农节水,96.06,106.95,2.94,1.96,2.3,2.11,1.17,0.0,18.13,4.44,-22.74,13.41,1.9,31.64,7.98,109.25,83.53
601717.SH,郑煤机,5.86,6.62,1.09,13.09,14.28,8.49,6.64,0.0,24.02,11.91,26.66,11.16,0.37,51.73,0.59,1.01,0.82
600575.SH,淮河能源,12.59,17.47,1.23,6.9,7.36,5.18,4.98,0.0,7.17,3.87,71.41,31.76,0.64,43.5,0.55,5.07,3.42
300606.SZ,金太阳,122.41,82.49,4.76,2.74,2.9,2.44,0.44,0.0,25.29,6.23,-36.07,13.05,,36.57,6.32,60.21,84.42
688147.SH,微导纳米,76.0,81.57,5.96,4.65,6.13,2.02,0.22,0.0,38.34,9.76,-0.73,80.75,,71.43,1.01,35.1,24.8
603738.SH,泰晶科技,58.83,78.84,3.74,3.6,4.78,4.3,0.5,0.0,24.66,13.87,3.44,19.01,,13.79,4.15,43.82,24.62
301277.SZ,新天地,24.17,30.22,3.03,8.92,9.33,9.43,1.92,0.0,41.01,26.41,5.65,14.86,,13.12,2.03,6.77,5.18
688439.SH,振华风光,38.89,29.35,2.66,4.79,5.19,5.08,0.79,0.0,67.34,31.54,-39.28,53.52,0.08,11.42,0.55,12.25,14.99
002259.SZ,ST升达,-73.61,56.21,8.86,17.72,-8.64,0.31,,0.0,19.71,-4.21,73.91,7.37,,73.95,7.63,6.34,亏损
688626.SH,翔宇医疗,55.23,52.1,2.67,3.13,3.59,2.33,0.99,0.0,66.86,14.48,-60.88,17.14,,27.15,3.04,33.29,30.77
688566.SH,吉贝尔,22.3,22.9,2.3,8.18,8.55,8.37,,0.0,89.51,27.1,11.47,16.67,,9.26,1.37,5.6,5.22
603899.SH,晨光股份,21.27,21.78,3.37,11.3,12.32,8.44,2.13,0.0,19.78,6.24,-6.84,21.46,0.7,41.06,1.02,3.86,3.45
002199.SZ,东晶电子,-47.55,-39.26,10.98,-17.58,-15.94,-8.01,,0.0,7.46,-27.15,1.64,-9.6,,50.65,扣非亏损,扣非亏损,亏损
603260.SH,合盛硅业,37.95,46.99,2.26,4.04,4.44,3.17,1.33,0.0,22.01,6.98,-32.1,53.66,0.01,63.03,0.88,23.24,17.09
002480.SZ,新筑股份,-11.78,-9.97,3.44,-20.92,-19.68,0.49,,0.0,26.74,-11.7,-24.67,7.14,0.14,83.67,扣非亏损,扣非亏损,亏损
300266.SZ,兴源环境,-27.51,-6.38,45.44,-78.65,-76.42,-0.23,,0.0,13.98,-23.96,39.32,-30.89,6.9,91.33,扣非亏损,扣非亏损,亏损
603073.SH,彩蝶实业,20.33,18.75,1.36,5.61,5.06,3.96,1.49,0.0,26.83,11.67,5.55,6.0,,21.48,3.12,6.68,8.03
873132.BJ,泰鹏智能,56.02,64.42,4.62,3.32,6.25,3.59,0.96,0.0,19.65,8.03,-51.99,-23.38,,33.85,-2.75,38.77,17.93
839493.BJ,并行科技,1064.36,-149.1,12.35,0.21,0.88,1.03,,0.0,32.81,1.11,101.27,50.29,1.41,76.63,扣非亏损,扣非转亏,2419.01
600572.SH,康恩贝,18.37,27.14,1.91,6.2,7.53,6.06,3.96,0.0,53.74,11.12,-16.84,2.55,2.73,30.71,10.64,8.76,4.88
002296.SZ,辉煌科技,20.15,19.41,1.67,6.41,6.49,5.42,1.21,0.0,54.09,28.34,122.95,5.86,,22.11,3.31,6.05,6.21
301371.SZ,敷尔佳,21.21,20.99,2.54,8.65,9.08,10.48,2.62,0.0,81.65,35.03,-6.71,8.27,9.9,3.62,2.54,4.85,4.67
000629.SZ,钒钛股份,114.9,80.53,2.27,1.34,1.5,1.13,,0.0,6.89,1.83,-80.94,12.01,,16.08,6.7,119.88,153.2
000630.SZ,铜陵有色,12.2,16.36,1.33,8.23,8.34,6.57,2.42,0.0,7.57,3.35,45.88,12.52,,51.36,1.31,3.97,2.92
300537.SZ,广信材料,86.73,195.48,5.09,4.58,4.99,3.84,,0.0,37.14,9.51,136.36,-11.65,6.27,29.54,-16.78,85.43,34.76
002479.SZ,富春环保,12.02,22.07,1.01,3.7,6.38,5.25,3.14,0.0,17.31,9.14,34.34,-1.5,13.39,50.46,-14.72,11.92,3.77
300481.SZ,濮阳惠成,24.89,29.34,2.05,5.76,6.14,5.5,2.29,0.0,22.78,13.84,-20.75,17.87,0.05,15.01,1.64,10.19,8.11
603608.SH,*ST天创,-38.07,-35.67,1.4,-3.05,-2.6,-0.95,,0.0,63.16,-3.81,-25.45,-10.44,,33.74,扣非亏损,扣非亏损,亏损
003025.SZ,思进智能,18.05,28.72,3.2,8.72,13.66,13.49,1.48,0.0,38.26,32.79,54.53,8.36,,14.54,3.43,6.58,2.64
000573.SZ,粤宏远A,-36.43,-60.67,1.18,-2.32,-2.35,-1.23,1.78,0.0,7.42,-9.61,46.15,-12.65,0.78,27.19,扣非亏损,扣非亏损,亏损
600227.SH,赤天化,-92.21,-34.04,1.63,-1.96,-1.3,0.24,,0.0,11.31,-2.03,78.28,5.94,,47.01,扣非亏损,扣非亏损,亏损
601061.SH,中信金属,17.79,21.74,1.94,6.52,8.62,5.77,1.95,0.0,0.89,1.81,-6.67,19.05,,58.15,1.14,6.67,4.13
601117.SH,中国化学,9.79,9.32,0.83,6.58,6.51,2.39,2.8,0.0,9.08,3.14,4.68,17.8,0.06,69.95,0.52,2.83,3.01
600961.SH,株冶集团,12.01,16.04,3.47,13.28,21.74,8.57,,0.0,9.11,4.14,3.59,0.61,,51.78,26.4,2.42,1.1
002008.SZ,大族激光,15.35,61.65,1.84,2.43,9.25,4.34,0.97,0.0,34.31,14.52,2.29,7.52,1.88,48.4,8.2,50.74,3.32
300205.SZ,ST天喻,-16.84,-17.49,1.87,-8.67,-7.95,-4.42,0.18,0.0,24.83,-14.52,-1333.9,1.54,,42.67,扣非亏损,扣非亏损,亏损
688529.SH,豪森智能,265.9,-98.3,1.28,-0.48,0.36,0.84,0.49,0.0,23.21,0.25,-110.48,24.82,,65.2,扣非亏损,扣非亏损,1477.19
301611.SZ,珂玛科技,100.26,,20.35,19.83,24.81,14.4,,0.0,59.42,36.65,,3.89,0.08,31.73,,,8.08
300148.SZ,天舟文化,124.63,-90.48,3.67,1.53,2.21,1.1,,0.0,37.76,6.84,172.96,-15.53,,20.21,扣非亏损,扣非转亏,112.79
002868.SZ,绿康生化,-12.53,-8.64,10.22,-52.9,-46.98,-7.45,,0.0,-2.28,-33.38,-69.92,20.8,23.8,84.78,扣非亏损,扣非亏损,亏损
688793.SH,倍轻松,157.56,-109.84,7.27,2.34,3.18,2.08,,0.0,63.21,1.57,142.17,20.51,,48.47,扣非亏损,扣非转亏,99.09
600101.SH,明星电力,18.93,30.19,1.88,7.46,7.65,6.29,1.19,0.0,14.73,10.48,19.53,17.01,0.15,28.63,1.77,8.1,4.95
601702.SH,华峰铝业,14.66,15.68,3.27,17.67,17.82,13.56,1.11,0.0,16.55,11.3,31.35,33.27,,31.51,0.47,1.77,1.64
002536.SZ,飞龙股份,19.11,23.02,2.04,7.94,8.07,5.0,2.16,0.0,21.42,7.59,21.09,15.71,,35.85,1.47,5.8,4.74
603012.SH,创力集团,17.7,14.54,0.91,3.7,3.91,2.26,2.54,0.0,41.56,6.03,-39.73,5.3,4.7,47.96,2.74,7.86,9.06
002881.SZ,美格智能,57.36,82.87,4.58,6.02,6.03,5.12,0.37,0.0,16.25,4.15,109.72,28.64,,34.65,2.89,27.54,19.03
603368.SH,柳药集团,8.09,8.86,1.01,9.75,9.86,4.9,3.17,0.0,11.76,4.66,5.2,9.93,9.26,62.48,0.89,1.82,1.64
836433.BJ,大唐药业,163.7,1820.78,4.74,1.45,2.14,1.74,1.33,0.0,72.16,6.56,4.45,-1.84,,27.61,-991.08,2516.45,152.99
301026.SZ,浩通科技,27.28,33.51,2.42,6.02,6.68,4.38,0.99,0.0,6.17,4.16,27.63,40.38,0.0,45.26,0.83,11.12,8.17
002021.SZ,中捷资源,127.95,-397.71,5.13,2.15,3.03,1.26,,0.0,16.98,2.62,224.06,18.6,,31.03,扣非亏损,扣非转亏,84.45
688448.SH,磁谷科技,112.6,77.19,3.05,1.37,2.09,1.16,1.16,0.0,36.7,7.88,11.84,18.21,,30.23,4.24,113.09,107.76
300984.SZ,金沃股份,74.78,86.83,3.22,3.04,3.05,2.81,1.25,0.0,13.77,2.54,43.3,24.2,,49.05,3.59,57.11,49.04
600308.SH,华泰股份,25.73,-85.97,0.62,1.72,1.81,1.73,1.38,0.0,8.4,1.77,-10.64,3.5,,39.88,扣非亏损,扣非转亏,28.43
000069.SZ,华侨城A,-7.87,-4.42,0.44,-4.13,-4.28,0.05,,0.0,12.88,-10.36,25.68,-9.1,0.08,76.2,扣非亏损,扣非亏损,亏损
300468.SZ,四方精创,172.99,370.56,7.47,3.17,3.26,2.29,0.55,0.0,33.0,9.91,-15.23,8.42,,6.86,43.98,233.9,106.13
002365.SZ,永安药业,30.23,-86.3,1.25,1.88,3.09,2.68,1.02,0.0,23.73,9.5,489.66,-2.19,0.03,10.4,扣非亏损,扣非转亏,19.57
003037.SZ,三和管桩,139.08,282.83,1.4,-0.02,0.75,1.23,0.45,0.0,9.74,0.47,-101.68,-1.06,,59.96,-267.83,转盈,370.89
600559.SH,老白干酒,28.53,28.33,4.18,10.5,11.11,7.5,2.0,0.0,66.21,13.61,34.28,13.49,12.0,48.05,2.1,5.4,5.14
300124.SZ,汇川技术,37.3,40.1,6.27,12.3,13.09,7.12,0.71,0.0,31.02,13.45,2.91,38.77,8.08,49.29,1.03,6.52,5.7
688290.SH,景业智能,401.71,175.61,3.08,-0.58,0.57,-0.27,0.22,0.0,42.17,4.1,42.16,18.99,,18.02,9.25,转盈,1409.52
000950.SZ,重药控股,26.21,26.12,0.89,2.45,2.57,2.09,1.01,0.0,7.44,0.68,-40.86,21.62,9.63,76.6,1.21,21.37,20.4
603527.SH,众源新材,22.69,28.31,1.4,3.7,4.68,3.49,3.24,0.0,3.27,1.35,-10.13,29.42,,50.04,0.96,15.29,9.7
600215.SH,派斯林,30.55,41.04,1.75,4.2,4.28,2.77,1.17,0.0,16.4,5.97,-41.08,21.06,33.78,44.1,1.95,19.57,14.27
300217.SZ,东方电热,21.85,22.72,2.0,6.59,7.08,4.52,1.26,0.0,22.64,10.0,-14.95,20.27,1.24,39.7,1.12,6.9,6.17
301290.SZ,东星医疗,31.53,45.67,1.24,1.92,2.95,3.13,2.17,0.0,48.77,20.71,-15.45,5.46,24.02,8.04,8.37,47.69,21.37
688265.SH,南模生物,-111.36,-52.15,1.36,-1.9,-0.88,-0.95,0.34,0.0,43.63,-5.74,-13.16,23.79,,11.82,扣非亏损,扣非亏损,亏损
601990.SH,南京证券,37.18,42.9,1.98,3.99,4.01,,1.0,0.0,,29.58,23.26,4.15,0.03,68.92,10.33,21.49,18.54
601633.SH,长城汽车,17.4,25.74,3.14,11.48,14.27,6.05,1.19,0.0,20.76,7.33,119.93,19.61,0.04,62.16,1.31,4.48,2.44
002467.SZ,二六三,72.29,-42.62,3.33,2.88,3.5,3.43,,0.0,44.65,10.69,-19.85,-2.76,28.44,14.94,扣非亏损,扣非转亏,41.31
300721.SZ,怡达股份,128.98,78.16,2.03,1.24,1.18,1.43,0.67,0.0,11.51,0.46,129.45,22.77,,51.95,3.43,126.43,218.61
600596.SH,新安股份,64.35,-235.66,0.93,-0.03,1.08,0.92,1.1,0.0,10.0,1.33,-103.47,11.15,1.45,37.16,扣非亏损,扣非亏损,119.17
301038.SZ,深水规院,-716.84,130.22,4.46,-0.42,-0.46,-0.47,,0.0,21.53,-0.75,95.47,-3.18,,53.03,-40.94,扣非亏损,亏损
601989.SH,中国重工,92.7,-2632.21,1.37,0.92,1.1,0.06,0.24,0.0,12.43,2.67,415.03,10.23,,60.76,扣非亏损,扣非转亏,168.54
600628.SH,新世界,52.42,173.79,1.08,1.27,1.55,1.6,0.43,0.0,41.18,8.03,23.49,5.91,0.19,24.42,29.42,274.45,67.64
002272.SZ,川润股份,-138.67,-66.19,3.58,-2.85,-1.97,0.2,0.73,0.0,20.66,-2.42,-58.74,9.71,0.44,54.4,扣非亏损,扣非亏损,亏损
600973.SH,宝胜股份,183.58,-145.84,1.6,0.3,0.66,1.58,,0.0,4.72,0.04,-86.48,9.05,2.12,79.34,扣非亏损,扣非转亏,556.31
000949.SZ,新乡化纤,25.85,56.93,1.06,3.25,3.36,2.63,,0.0,11.67,3.56,2782.73,26.36,,50.79,2.16,35.07,15.39
688517.SH,金冠电气,22.9,22.43,2.58,7.59,8.32,5.98,3.17,0.0,35.81,14.12,31.83,2.99,,38.86,7.5,5.91,5.5
600560.SH,金自天正,68.45,70.31,3.75,3.95,4.05,2.37,0.48,0.0,25.34,8.43,4.31,11.58,,44.13,6.07,35.63,33.8
688358.SH,祥生医疗,23.25,33.36,2.22,6.51,7.14,6.02,2.12,0.0,59.15,27.17,-33.86,14.07,,13.29,2.37,10.25,6.51
002937.SZ,兴瑞科技,21.5,20.88,3.72,12.24,12.46,8.4,1.53,0.0,26.96,12.99,0.74,25.0,,36.69,0.84,3.41,3.45
301383.SZ,天键股份,27.23,40.73,3.02,6.47,8.61,6.65,0.55,0.0,18.63,10.06,23.19,16.02,,26.85,2.54,12.59,6.32
600113.SH,浙江东日,38.87,34.56,2.3,4.38,4.47,3.47,2.19,0.0,40.15,17.26,8.53,19.13,0.32,29.41,1.81,15.77,17.39
002524.SZ,光正眼科,-85.59,-62.5,8.7,-10.58,-7.51,0.89,,0.0,36.9,-2.9,-1150.98,8.98,136.5,80.68,扣非亏损,扣非亏损,亏损
002443.SZ,金洲管道,20.35,20.96,0.97,2.74,3.61,3.26,0.88,0.0,10.96,4.21,-56.15,6.2,0.07,18.64,3.38,15.31,11.28
603515.SH,欧普照明,16.28,17.17,2.08,7.65,8.93,7.41,4.89,0.0,40.19,12.29,-11.05,0.13,,30.78,128.02,4.49,3.65
688196.SH,卓越新能,26.11,152.04,1.18,3.2,3.41,1.8,0.8,0.0,3.56,3.11,-50.07,32.84,,21.59,4.63,94.9,15.31
600203.SH,福日电子,-45.68,-23.64,4.28,-9.3,-6.79,-0.44,,0.0,5.76,-1.68,-25.03,-1.31,22.62,74.64,扣非亏损,扣非亏损,亏损
301119.SZ,正强股份,27.56,28.56,2.41,6.3,6.74,5.09,0.39,0.0,33.11,21.94,-14.98,14.64,,26.49,1.95,9.07,8.18
600880.SH,博瑞传播,321.86,1956.1,1.73,0.34,0.4,0.56,0.2,0.0,45.28,3.91,-72.89,10.31,12.97,18.72,189.78,11578.01,1609.28
000881.SZ,中广核技,-45.07,-8.07,1.48,-3.86,-2.44,-0.48,,0.0,12.5,-2.89,-22.68,-0.48,6.31,47.95,扣非亏损,扣非亏损,亏损
301002.SZ,崧盛股份,93.09,-1752.61,2.92,0.61,2.23,1.28,0.48,0.0,27.69,0.77,-58.85,10.97,,46.58,扣非亏损,扣非转亏,83.49
300055.SZ,万邦达,694.61,-17.94,0.92,-0.37,0.1,0.04,0.24,0.0,5.65,0.47,-196.73,85.83,,31.04,扣非亏损,扣非亏损,13892.18
600604.SH,市北高新,-73.6,-41.25,1.52,-1.48,-1.54,0.48,,0.0,30.85,-13.78,-73.73,-4.36,0.68,62.2,扣非亏损,扣非亏损,亏损
603916.SH,苏博特,34.49,43.55,0.87,1.57,1.85,2.59,1.47,0.0,32.89,5.72,-48.74,0.8,3.18,39.76,54.67,55.6,37.28
000548.SZ,湖南投资,21.37,15.38,1.28,4.38,4.54,4.27,1.65,0.0,40.27,17.85,87.25,65.37,,26.03,0.24,7.03,9.41
000021.SZ,深科技,39.76,38.27,3.03,5.48,5.81,3.33,0.8,0.0,16.6,7.48,64.96,-1.19,0.08,53.57,-32.06,13.97,13.69
301578.SZ,辰奕智能,90.13,71.32,4.27,3.36,3.55,2.67,0.81,0.0,19.03,5.29,-53.44,8.21,,31.32,8.69,42.44,50.78
600710.SH,苏美达,9.0,11.75,1.6,12.41,13.79,6.1,4.65,0.0,6.57,2.95,27.28,13.97,0.35,75.19,0.84,1.89,1.3
600997.SH,开滦股份,12.85,15.23,0.78,4.43,4.56,2.69,4.5,0.0,12.71,2.28,-35.4,7.69,0.07,44.28,1.98,6.88,5.63
300456.SZ,赛微电子,-98.9,-224.59,3.09,-2.5,-2.31,-2.19,0.15,0.0,30.52,-21.43,-154.68,23.8,9.18,23.53,扣非亏损,扣非亏损,亏损
600020.SH,中原高速,8.58,13.34,0.83,5.34,6.5,3.5,4.05,0.0,39.67,17.49,-9.47,6.52,,70.46,2.05,5.0,2.64
301120.SZ,新特电气,245.62,993.22,2.37,0.05,0.71,0.66,0.47,0.0,29.03,1.65,-98.64,9.9,,4.78,100.36,42445.23,691.9
688768.SH,容知日新,884.97,39.59,4.0,0.26,0.34,-0.96,0.31,0.0,61.87,0.79,109.41,26.45,,22.77,1.5,305.36,5205.72
600137.SH,浪莎股份,71.11,65.58,2.76,2.8,2.92,1.99,0.99,0.0,18.63,6.57,45.82,5.34,,19.55,12.28,46.8,48.7
300229.SZ,拓尔思,269.1,-1259.06,3.74,-0.47,1.32,1.06,0.18,0.0,62.73,6.71,-2688.83,-15.7,14.38,8.63,扣非亏损,扣非亏损,407.73
300802.SZ,矩子科技,64.09,127.54,3.22,3.19,3.73,3.75,0.84,0.0,30.4,11.91,-12.79,6.75,,10.54,18.9,79.88,34.37
000070.SZ,ST特信,935.67,-18.02,2.89,-2.58,0.23,1.87,,0.0,14.11,1.33,29.61,2.1,12.29,70.56,扣非亏损,扣非亏损,8136.23
300444.SZ,双杰电气,38.54,44.32,3.57,7.65,7.29,2.92,,0.0,20.0,4.73,19.7,40.88,1.32,70.44,1.08,11.58,10.57
600491.SH,龙元建设,-15.52,-6.26,0.63,-3.03,-2.97,1.29,,0.0,19.77,-4.39,48.96,-18.01,0.83,79.19,扣非亏损,扣非亏损,亏损
300631.SZ,久吾高科,118.02,62.74,2.65,1.32,1.69,0.94,0.62,0.0,35.27,6.76,263.23,13.68,,33.35,4.58,94.91,139.67
603344.SH,星德胜,24.5,,2.3,8.75,8.4,6.91,,0.0,16.34,7.73,,13.63,,28.92,,,5.83
002102.SZ,能特科技,47.32,-190.09,1.8,2.56,2.9,1.77,,0.0,2.2,1.39,-25.2,-4.42,31.31,48.29,扣非亏损,扣非转亏,32.63
002962.SZ,五方光电,57.36,61.34,2.69,3.22,3.49,2.27,0.85,0.0,16.12,7.35,61.89,15.41,,13.2,3.98,38.15,32.87
002775.SZ,文科股份,259.49,-11.9,9.54,-6.8,1.93,1.87,,0.0,19.0,0.66,25.52,-21.4,13.14,94.04,扣非亏损,扣非亏损,268.9
600665.SH,天地源,22.09,-7.54,0.74,0.24,2.54,0.74,,0.0,16.09,4.64,41.96,30.71,,86.93,扣非亏损,扣非转亏,17.39
002629.SZ,仁智股份,-117.27,-71.51,51.83,-18.01,-21.46,-4.85,,0.0,4.15,-7.83,81.17,24.67,0.33,79.79,扣非亏损,扣非亏损,亏损
832023.BJ,田野股份,47.89,67.12,1.65,2.4,2.59,2.35,0.28,0.0,22.66,8.46,43.1,24.24,,23.43,2.77,55.86,36.98
600478.SH,科力远,292.7,-80.72,2.97,0.13,0.76,1.05,,0.0,13.49,-0.39,-77.7,13.99,5.09,65.77,扣非亏损,扣非转亏,770.25
301395.SZ,仁信新材,57.84,58.54,1.64,1.38,2.03,1.93,5.32,0.0,2.23,2.1,4.08,25.79,,16.46,2.27,84.63,56.98
002455.SZ,百川股份,38.27,-15.76,2.98,4.02,5.35,1.07,,0.0,8.76,-1.0,199.41,26.61,,80.37,扣非亏损,扣非转亏,14.31
002377.SZ,国创高新,-46.44,-27.9,5.94,-9.31,-9.16,-4.01,,0.0,7.82,-11.53,54.53,-39.42,,50.18,扣非亏损,扣非亏损,亏损
003001.SZ,中岩大地,109.9,145.84,4.55,3.19,3.11,2.31,0.67,0.0,24.96,6.68,194.39,-3.58,0.25,31.85,-40.79,91.31,70.68
600616.SH,金枫酒业,-93.72,-64.07,1.92,-1.67,-1.51,-2.11,0.8,0.0,39.24,-8.68,-17.55,-1.57,1.92,11.95,扣非亏损,扣非亏损,亏损
002191.SZ,劲嘉股份,21.6,102.61,1.02,3.91,3.46,3.17,5.59,0.0,25.12,11.29,-29.63,-0.22,9.69,21.9,-460.54,52.47,12.49
002548.SZ,金新农,95.76,-13.81,2.35,1.43,1.86,2.34,,0.0,10.88,0.83,107.35,0.98,2.21,72.22,扣非亏损,扣非转亏,102.97
600985.SH,淮北矿业,7.42,8.06,0.98,10.32,10.21,5.78,6.01,0.0,17.58,6.99,-16.51,12.02,0.4,48.09,0.67,1.56,1.45
002949.SZ,华阳国际,20.28,23.83,2.12,6.55,7.15,4.24,5.73,0.0,34.03,14.61,-2.1,-0.71,0.05,49.08,-33.53,7.28,5.67
600125.SH,铁龙物流,15.31,20.85,1.11,5.37,5.49,5.84,1.82,0.0,8.16,3.9,-12.94,2.49,,26.09,8.37,7.77,5.58
300550.SZ,和仁科技,3337.65,169.06,3.86,-0.1,0.09,-0.21,0.2,0.0,43.47,0.2,-108.7,0.54,0.09,24.58,315.55,转盈,74169.98
000868.SZ,安凯客车,-774.46,-29.22,6.55,-6.92,-0.63,-0.54,,0.0,10.05,-0.74,39.46,-5.85,,72.06,扣非亏损,扣非亏损,亏损
000008.SZ,神州高铁,-31.38,-8.34,2.23,-6.07,-6.07,-0.68,,0.0,28.82,-18.45,-40.87,12.41,68.91,66.81,扣非亏损,扣非亏损,亏损
300643.SZ,万通智控,28.62,29.52,2.94,7.38,7.86,7.1,1.28,0.0,33.58,10.82,2.76,11.36,6.17,21.45,2.6,8.0,7.28
600892.SH,大晟文化,-130.88,-50.43,21.59,-13.34,-11.65,-4.35,,0.0,91.5,-13.01,36.23,-7.33,92.28,53.83,扣非亏损,扣非亏损,亏损
603896.SH,寿仙谷,28.9,22.28,2.12,4.4,5.36,3.26,1.21,0.0,80.52,25.14,-18.15,7.76,,26.93,2.87,10.12,10.79
002856.SZ,美芝股份,-17.73,-5.75,4.76,-18.19,-18.48,-2.08,,0.0,-4.48,-13.24,-235.77,27.78,12.49,84.51,扣非亏损,扣非亏损,亏损
301107.SZ,瑜欣电子,34.27,44.33,2.27,4.58,4.91,3.32,1.25,0.0,26.2,11.29,-13.02,12.17,,21.69,3.64,19.35,13.96
300615.SZ,欣天科技,-107.46,-59.56,4.87,-4.24,-3.35,-2.32,0.63,0.0,20.34,-9.89,-130.5,43.01,,19.66,扣非亏损,扣非亏损,亏损
600584.SH,长电科技,57.48,51.66,3.08,3.86,4.07,2.66,0.33,0.0,12.93,4.29,36.73,4.6,12.45,46.89,11.23,26.76,28.25
301566.SZ,达利凯普,68.19,73.3,6.06,6.79,6.84,6.4,0.21,0.0,59.6,35.13,-3.21,3.53,,6.15,20.79,21.59,19.94
002630.SZ,华西能源,40.39,39.24,6.52,13.1,9.55,2.98,,0.0,20.65,3.09,138.75,14.22,,92.13,2.76,5.99,8.46
300043.SZ,星辉娱乐,-13.83,-11.02,2.51,-13.54,-12.68,-6.53,,0.0,23.7,-22.39,-567.05,0.92,41.15,59.51,扣非亏损,扣非亏损,亏损
002284.SZ,亚太股份,30.04,42.72,2.19,4.92,5.55,1.85,1.14,0.0,17.68,5.23,129.98,10.3,,57.1,4.15,17.35,10.82
603036.SH,如通股份,32.29,34.5,2.36,4.74,5.45,5.52,1.36,0.0,42.97,25.0,18.94,10.09,,11.59,3.42,14.55,11.85
002763.SZ,汇洁股份,17.25,33.41,1.43,5.79,6.11,6.98,4.76,0.0,68.57,6.68,-43.29,8.11,0.58,26.31,4.12,11.55,5.65
300549.SZ,优德精密,143.85,293.55,4.38,1.54,2.27,2.19,0.52,0.0,28.8,4.91,-30.21,4.36,,20.28,67.3,381.26,126.74
300230.SZ,永利股份,18.58,19.07,1.29,5.11,5.25,4.76,3.1,0.0,31.83,10.19,-7.79,-12.75,4.98,26.62,-1.5,7.46,7.08
688277.SH,天智航,-49.03,-23.51,4.22,-9.5,-6.3,-5.75,,0.0,67.45,-82.69,1.87,16.46,,21.46,扣非亏损,扣非亏损,亏损
002389.SZ,航天彩虹,2771.09,-28800.39,2.86,-0.1,0.08,0.17,0.32,0.0,23.74,0.33,-106.16,1.4,5.99,19.4,扣非亏损,扣非亏损,69277.25
003013.SZ,地铁设计,16.41,14.84,2.55,11.88,11.97,5.88,2.99,0.0,36.09,15.69,3.94,11.74,,55.14,1.26,2.5,2.74
001212.SZ,中旗新材,57.92,63.44,1.85,2.06,2.22,1.52,0.63,0.0,18.82,9.48,-46.63,8.78,,23.76,7.23,61.66,52.18
836871.BJ,派特尔,31.03,35.4,3.9,9.66,10.06,9.9,2.27,0.0,35.11,20.14,56.94,4.76,,14.7,7.44,7.33,6.17
603990.SH,麦迪科技,-15.39,-7.93,3.74,-24.97,-16.63,-2.99,,0.0,12.87,-46.14,-153.7,34.51,3.38,72.14,扣非亏损,扣非亏损,亏损
300071.SZ,福石控股,-98.91,-91.62,15.41,-14.03,-11.83,-2.45,,0.0,24.56,-3.5,-28.54,12.54,21.55,82.18,扣非亏损,扣非亏损,亏损
837242.BJ,建邦科技,20.37,21.67,3.68,14.22,13.94,13.37,4.25,0.0,30.6,14.07,50.76,16.18,,28.05,1.34,3.05,2.92
002069.SZ,獐子岛,-74.55,-53.58,50.73,-47.65,-37.69,1.14,,0.0,13.53,-2.05,-256.16,-3.95,1.97,95.72,扣非亏损,扣非亏损,亏损
300996.SZ,普联软件,215.2,45.91,3.61,0.63,1.25,0.4,0.44,0.0,35.96,1.93,119.58,21.66,3.78,12.04,2.12,145.93,344.32
688184.SH,帕瓦股份,-4.82,-4.98,1.02,-14.73,-14.53,-12.7,,0.0,-12.61,-45.19,-3509.98,36.7,,27.05,扣非亏损,扣非亏损,亏损
601368.SH,绿城水务,24.4,76.73,0.91,2.5,2.76,2.39,0.49,0.0,36.53,7.21,-4.77,15.47,,78.35,4.96,61.41,17.68
838924.BJ,广脉科技,61.23,62.42,6.31,7.41,7.97,4.13,0.42,0.0,22.28,8.62,30.97,9.1,,67.56,6.86,16.84,15.36
300708.SZ,聚灿光电,38.81,29.61,3.08,5.42,5.93,3.0,1.42,0.0,14.1,7.89,2408.97,22.03,,44.3,1.34,10.92,13.09
603356.SH,华菱精工,-25.36,-15.55,3.2,-8.68,-8.66,-3.19,,0.0,5.38,-7.11,7.71,-5.37,1.82,55.54,扣非亏损,扣非亏损,亏损
002950.SZ,奥美医疗,15.8,29.91,1.68,7.5,8.13,6.81,0.29,0.0,27.99,10.84,15.22,-4.77,2.92,34.83,-6.27,7.98,3.89
000962.SZ,东方钽业,36.83,41.92,2.99,5.87,6.28,5.43,,0.0,19.32,17.5,20.45,17.98,,14.05,2.33,14.29,11.73
688371.SH,菲沃泰,175.43,2414.15,3.35,0.92,1.4,1.53,,0.0,52.35,7.86,129.25,15.67,,6.04,154.05,5275.1,250.61
300136.SZ,信维通信,39.49,78.76,3.91,5.77,7.35,4.39,0.42,0.0,20.8,8.26,-16.91,6.58,13.69,47.55,11.97,27.3,10.75
600803.SH,新奥股份,12.96,18.12,2.66,12.72,15.03,6.99,3.92,0.0,13.72,6.93,42.01,19.31,0.96,57.05,0.94,2.85,1.72
688400.SH,凌云光,73.94,118.24,2.78,2.11,2.83,1.1,0.19,0.0,37.22,6.87,-25.62,15.89,0.02,20.73,7.44,111.98,52.26
002418.SZ,康盛股份,-231.52,-162.83,2.01,-0.93,-0.65,0.22,,0.0,8.8,-0.84,-202.7,2.17,,37.73,扣非亏损,扣非亏损,亏损
831039.BJ,国义招标,28.31,33.0,2.98,6.64,7.05,4.16,3.05,0.0,48.56,18.83,-24.68,4.65,,40.84,7.09,9.94,8.03
600746.SH,江苏索普,30.78,22.97,1.58,3.8,3.91,3.36,,0.0,10.88,4.2,232.7,25.22,0.78,18.58,0.91,12.08,15.75
300311.SZ,任子行,-44.7,-45.19,8.44,-14.53,-13.35,-6.9,,0.0,51.99,-36.25,6.59,-8.92,,48.4,扣非亏损,扣非亏损,亏损
300363.SZ,博腾股份,-40.78,-28.78,2.11,-3.84,-3.73,-2.81,1.94,0.0,23.28,-12.56,-150.29,42.85,5.22,37.76,扣非亏损,扣非亏损,亏损
688687.SH,凯因科技,34.12,35.63,2.7,6.17,6.04,5.25,0.72,0.0,81.94,12.5,16.26,18.61,,29.1,1.91,11.55,11.3
002986.SZ,宇新股份,13.18,15.33,1.15,6.27,6.7,4.71,0.64,0.0,19.25,4.61,-34.74,46.82,,45.82,0.33,4.89,3.93
300598.SZ,诚迈科技,-128.85,-99.85,8.96,-6.22,-5.48,-4.58,0.28,0.0,16.37,-6.1,40.59,27.8,,30.37,扣非亏损,扣非亏损,亏损
601579.SH,会稽山,35.34,33.76,1.46,2.74,3.07,3.1,1.96,0.0,50.15,10.6,2.67,8.66,6.31,14.71,3.9,24.6,23.02
300603.SZ,立昂技术,647.9,455.55,3.31,0.41,0.38,0.01,,0.0,14.7,0.62,111.78,-10.05,1.24,34.35,-45.34,2239.11,3409.98
600511.SH,国药股份,13.42,12.32,1.6,9.2,9.17,5.67,2.98,0.0,7.02,4.14,4.04,7.41,1.1,46.25,1.66,2.68,2.93
300947.SZ,德必集团,101.73,238.63,2.4,1.34,1.74,2.48,,0.0,34.13,3.16,-6.29,15.42,0.59,77.56,15.47,355.9,116.93
002126.SZ,银轮股份,20.25,22.77,2.69,9.47,10.41,4.78,0.54,0.0,20.07,7.41,32.78,20.67,2.6,60.73,1.1,4.81,3.89
601860.SH,紫金银行,5.87,6.58,0.55,7.05,7.07,,3.95,0.0,,39.04,1.22,-0.42,,92.76,-15.66,1.87,1.66
688051.SH,佳华科技,-47.82,-12.08,2.53,-5.44,-3.89,-2.54,,0.0,24.81,-12.76,56.33,-17.17,,28.34,扣非亏损,扣非亏损,亏损
601000.SH,唐山港,12.14,13.8,1.25,7.66,7.81,8.76,5.71,0.0,50.17,39.7,-3.7,-8.66,,9.3,-1.59,3.6,3.11
603766.SH,隆鑫通用,14.53,22.36,1.95,9.8,10.41,6.67,1.94,0.0,18.3,7.23,19.44,8.48,,39.45,2.64,4.56,2.79
688395.SH,正弦电气,40.32,61.33,2.2,3.01,4.13,3.76,0.87,0.0,36.08,11.01,-43.83,-1.34,,12.42,-45.63,40.79,19.52
300655.SZ,晶瑞电材,14219.57,-683.99,4.88,-0.48,0.03,0.53,0.29,0.0,19.82,-1.09,-123.5,16.31,4.54,28.33,扣非亏损,扣非亏损,947971.47
000799.SZ,酒鬼酒,271.62,174.66,5.1,1.22,1.31,0.19,1.37,0.0,71.81,4.74,-89.27,25.15,,20.52,6.94,286.02,414.69
600231.SH,凌钢股份,-3.36,-3.82,1.02,-16.99,-20.23,-11.1,,0.0,-6.49,-9.82,-445.57,1.85,,60.73,扣非亏损,扣非亏损,亏损
605088.SH,冠盛股份,13.86,15.74,1.84,9.62,10.19,5.18,2.61,0.0,26.63,7.49,3.47,20.49,,56.22,0.77,3.27,2.72
603778.SH,国晟科技,-12.37,-7.54,3.08,-17.28,-17.28,-7.13,,0.0,-3.11,-20.29,-1214.37,126.55,,64.2,扣非亏损,扣非亏损,亏损
300083.SZ,创世纪,50.16,94.51,2.64,3.3,4.03,3.69,,0.0,23.16,6.45,89.59,5.86,32.09,50.57,16.12,57.26,24.89
688107.SH,安路科技,-60.11,-49.37,9.83,-14.06,-11.56,-10.4,,0.0,30.95,-31.83,-18.31,54.09,,10.34,扣非亏损,扣非亏损,亏损
688120.SH,华海清科,52.14,65.62,8.13,10.52,12.31,7.95,0.29,0.0,45.82,29.4,33.85,88.51,,43.64,0.74,12.47,8.47
002998.SZ,优彩资源,16.2,17.27,1.23,5.44,5.29,4.09,2.52,0.0,11.38,6.01,-18.36,22.15,,31.54,0.78,6.35,6.13
300031.SZ,宝通科技,26.78,26.37,2.21,7.03,6.39,4.64,0.32,0.0,40.65,11.3,174.34,11.62,18.09,29.96,2.27,7.51,8.38
300018.SZ,中元股份,37.8,48.76,2.62,5.2,5.33,4.44,0.82,0.0,46.44,19.59,101.11,3.32,0.47,11.61,14.67,18.75,14.18
835185.BJ,贝特瑞,34.17,31.8,2.58,5.8,5.68,3.11,1.75,0.0,22.3,6.57,-47.64,92.75,,55.96,0.34,10.97,12.03
000524.SZ,岭南控股,39.29,108.78,3.15,2.65,6.21,4.55,,0.0,18.85,4.44,10.26,59.36,2.53,40.74,1.83,82.24,12.65
002694.SZ,顾地科技,-59.39,-45.38,9.75,-16.68,-11.35,-5.16,,0.0,8.86,-10.84,-1035.98,-12.15,,56.38,扣非亏损,扣非亏损,亏损
688331.SH,荣昌生物,-13.8,-12.48,8.33,-37.8,-36.92,-18.18,,0.0,79.75,-88.63,-3.45,15582.57,,58.54,扣非亏损,扣非亏损,亏损
002406.SZ,远东传动,44.09,84.51,1.27,1.21,2.15,2.09,1.57,0.0,23.81,9.01,10.73,-10.71,,16.57,-7.89,139.14,41.01
601515.SH,东峰集团,-28.61,-51.1,1.34,-3.46,-3.41,-3.58,0.62,0.0,21.05,-21.8,-271.72,-2.45,6.77,18.2,扣非亏损,扣非亏损,亏损
001288.SZ,运机集团,49.14,49.47,2.79,3.81,3.98,2.97,1.49,0.0,30.93,9.71,22.28,15.1,0.44,46.73,3.28,25.97,24.69
000735.SZ,罗牛山,16.17,37.69,1.71,8.07,8.2,3.83,0.35,0.0,17.86,12.18,284.99,25.49,0.98,53.03,1.48,9.34,3.94
300891.SZ,惠云钛业,242.54,116.19,3.08,0.98,0.89,0.56,0.31,0.0,7.98,1.0,-33.47,23.09,,52.04,5.03,237.64,545.04
601567.SH,三星医疗,17.9,20.77,3.7,15.4,15.31,10.26,3.17,0.0,36.21,17.47,31.32,18.18,13.26,44.26,1.14,2.7,2.34
300878.SZ,维康药业,53.78,-23.13,2.35,-3.46,3.25,2.36,0.99,0.0,47.39,12.46,-173.94,-5.61,1.26,25.67,扣非亏损,扣非亏损,33.1
603129.SH,春风动力,16.22,18.66,4.04,19.39,19.76,9.32,2.03,0.0,31.53,9.82,36.74,41.63,,55.84,0.45,1.93,1.64
002138.SZ,顺络电子,31.73,35.62,4.28,9.82,10.41,7.12,1.11,0.0,37.31,16.77,33.41,14.39,5.0,45.98,2.47,7.25,6.1
301156.SZ,美农生物,49.78,49.21,2.84,3.6,4.12,4.18,2.92,0.0,28.59,9.29,-37.1,7.58,,5.35,6.49,27.36,24.16
603989.SH,艾华集团,23.8,31.0,1.71,4.86,5.52,4.54,1.23,0.0,21.19,6.47,-32.03,11.04,,35.97,2.81,12.75,8.62
300935.SZ,盈建科,-35.35,-28.55,2.08,-5.31,-4.33,-5.22,,0.0,92.17,-50.33,-22.75,7.74,,5.07,扣非亏损,扣非亏损,亏损
002682.SZ,龙洲股份,-28.92,-8.9,1.94,-5.44,-5.17,0.14,,0.0,3.4,-3.93,33.91,4.31,25.34,75.93,扣非亏损,扣非亏损,亏损
002057.SZ,中钢天源,30.13,49.32,2.02,4.19,4.97,3.85,2.25,0.0,22.43,9.36,-38.0,20.76,1.31,31.25,2.38,23.52,12.12
605169.SH,洪通燃气,13.91,14.42,1.6,8.78,8.88,7.75,1.77,0.0,17.27,8.29,56.61,33.81,,22.09,0.43,3.29,3.13
688383.SH,新益昌,66.39,98.03,4.33,4.5,4.92,3.3,0.19,0.0,35.71,8.39,30.5,18.9,1.4,51.05,5.19,43.55,26.99
603211.SH,晋拓股份,75.21,76.57,3.66,3.63,3.69,2.84,0.31,0.0,16.8,5.1,15.89,13.2,,34.89,5.8,42.17,40.76
000151.SZ,中成股份,-29.44,-12.61,10.52,-24.0,-23.75,-7.5,,0.0,-0.45,-26.67,-781.14,29.81,21.19,77.13,扣非亏损,扣非亏损,亏损
300667.SZ,必创科技,-902.71,589.52,3.56,-0.67,-0.3,-0.06,0.58,0.0,33.39,-0.85,-206.76,6.37,28.2,18.28,92.57,扣非亏损,亏损
301075.SZ,多瑞医药,-76.94,-86.15,2.42,-2.63,-2.24,-2.38,0.47,0.0,40.75,-13.24,-433.64,-10.96,0.51,28.4,扣非亏损,扣非亏损,亏损
002431.SZ,棕榈股份,-5.45,-3.74,1.61,-25.79,-19.59,-1.4,,0.0,8.37,-24.83,-159.33,-5.24,8.5,85.29,扣非亏损,扣非亏损,亏损
831396.BJ,许昌智能,65.72,49.55,3.75,4.37,5.56,2.42,3.99,0.0,24.62,5.94,-4.73,21.71,,44.62,2.28,22.66,23.64
300095.SZ,华伍股份,98.1,-416.29,1.54,0.83,1.17,1.26,1.22,0.0,25.2,2.18,-75.76,1.02,12.51,38.09,扣非亏损,扣非转亏,167.69
301132.SZ,满坤科技,50.34,56.4,2.76,3.86,4.18,2.14,1.41,0.0,19.17,7.87,-21.01,9.33,,29.54,6.05,29.25,24.09
688038.SH,中科通达,747.02,-20.7,2.82,0.15,0.28,0.06,,0.0,24.71,0.3,104.18,-22.09,,50.32,扣非亏损,扣非转亏,5335.85
000816.SZ,智慧农业,97.72,-51.23,1.89,1.03,1.47,2.39,,0.0,20.2,6.55,304.75,-2.88,,29.99,扣非亏损,扣非转亏,132.96
600150.SH,中国船舶,54.26,77.89,3.32,4.03,4.63,0.75,0.68,0.0,9.41,4.2,560.73,11.21,0.27,69.88,6.95,38.67,23.44
688611.SH,杭州柯林,94.32,67.48,4.76,3.62,3.8,3.26,0.76,0.0,38.29,12.13,159.01,-4.37,,15.31,-15.45,37.32,49.64
002114.SZ,罗平锌电,-20.63,-29.89,2.02,1.9,-7.07,-1.81,,0.0,9.2,-7.32,115.32,-2.68,1.16,57.95,扣非亏损,扣非转亏,亏损
600523.SH,贵航股份,35.52,38.24,1.85,3.37,3.99,3.26,0.89,0.0,22.08,7.0,-9.27,1.81,0.01,21.42,21.11,22.71,17.81
301355.SZ,南王科技,46.3,59.21,1.53,1.99,2.49,1.56,2.31,0.0,15.49,3.51,-41.72,12.74,1.74,34.17,4.65,59.47,37.19
601608.SH,中信重工,55.72,59.38,2.35,2.68,3.44,1.7,0.74,0.0,21.26,4.78,35.32,14.89,7.11,51.5,3.99,44.35,32.39
301225.SZ,恒勃股份,26.89,27.98,2.18,5.63,6.08,5.4,1.12,0.0,30.53,14.09,7.62,11.07,,18.57,2.53,9.94,8.84
600149.SH,廊坊发展,21.0,-309.41,9.02,-1.8,38.38,14.38,,0.0,38.98,26.11,74.44,0.04,13.72,51.49,扣非亏损,扣非亏损,1.09
002337.SZ,赛象科技,45.89,61.94,2.22,3.37,3.68,2.47,0.58,0.0,29.4,7.54,-25.37,36.58,,32.86,1.69,36.79,24.94
000723.SZ,美锦能源,-26.04,-28.22,1.64,-4.61,-4.48,-1.49,,0.0,4.57,-5.5,-276.93,21.83,0.42,63.0,扣非亏损,扣非亏损,亏损
603977.SH,国泰集团,29.66,33.73,2.65,5.95,6.79,5.22,1.44,0.0,34.61,14.56,-8.65,13.2,16.34,32.28,2.55,11.34,8.74
603117.SH,万林物流,197.27,-24.6,5.64,1.23,1.8,2.27,,0.0,34.17,9.53,136.37,-18.54,,28.25,扣非亏损,扣非转亏,219.18
870866.BJ,绿亨科技,36.6,51.27,2.12,4.16,4.05,3.45,1.92,0.0,44.02,10.42,-14.83,8.94,6.2,17.37,5.74,24.64,18.08
600758.SH,辽宁能源,59.88,83.07,0.88,2.46,1.12,2.2,,229.77,21.21,1.53,302.58,4.49,0.04,59.13,18.5,33.82,53.47
832469.BJ,富恒新材,30.53,38.67,3.92,8.09,9.94,5.94,0.84,0.0,15.94,8.2,1.9,18.98,,55.94,2.04,9.56,6.14
600815.SH,厦工股份,469.42,-26.57,3.09,-2.33,0.5,2.72,,0.0,24.76,8.15,54.68,-24.29,,26.54,扣非亏损,扣非亏损,1877.7
600243.SH,青海华鼎,-85.94,-11.94,2.84,-2.78,-2.45,-1.93,,0.0,9.32,-9.9,39.39,-16.26,,24.79,扣非亏损,扣非亏损,亏损
600373.SH,中文传媒,18.63,17.2,0.98,3.79,3.97,3.08,5.92,0.0,40.71,11.07,-42.24,-0.78,15.52,41.98,-22.16,9.08,9.38
600186.SH,莲花控股,38.85,45.04,4.99,10.17,10.19,8.23,,0.0,23.48,8.65,77.0,9.03,,53.85,4.99,8.85,7.62
688132.SH,邦彦技术,-2304.53,-29.6,1.9,-0.85,-0.06,0.14,,0.0,61.28,-0.62,55.2,-6.82,,14.98,扣非亏损,扣非亏损,亏损
002207.SZ,准油股份,-77.96,-89.1,23.16,-21.96,-20.04,-3.08,,0.0,0.69,-6.67,9.0,12.93,,82.35,扣非亏损,扣非亏损,亏损
300375.SZ,鹏翎股份,39.18,69.67,1.8,3.28,3.47,1.82,0.63,0.0,20.31,4.6,115.59,5.45,14.73,29.95,12.79,42.44,22.58
000536.SZ,华映科技,-15.97,-13.18,11.46,-43.14,-42.35,-9.84,,0.0,-27.54,-64.52,22.02,-7.57,,75.08,扣非亏损,扣非亏损,亏损
603182.SH,嘉华股份,20.03,20.25,1.96,7.11,7.36,7.31,2.71,0.0,12.3,6.91,-11.14,21.06,,20.11,0.96,5.7,5.44
002500.SZ,山西证券,34.91,31.08,1.38,2.92,2.98,,1.67,0.0,,23.67,59.76,2.37,2.61,78.14,13.14,21.27,23.43
603393.SH,新天然气,11.69,11.22,1.76,11.57,11.61,8.38,2.94,0.0,43.11,30.59,31.23,19.12,,43.87,0.59,1.94,2.01
002219.SZ,新里程,153.49,227.15,4.67,2.12,2.34,2.58,,0.0,28.69,2.11,60.95,8.54,40.3,61.91,26.61,214.35,131.19
300854.SZ,中兰环保,78.9,302.47,1.43,0.62,1.37,0.48,0.63,0.0,23.7,2.49,-63.76,6.86,,38.49,44.1,969.44,115.18
300680.SZ,隆盛科技,31.48,35.64,3.5,8.43,8.49,5.3,1.07,0.0,18.61,9.52,78.46,47.82,8.47,50.51,0.75,8.45,7.42
605299.SH,舒华体育,48.06,31.62,2.62,2.67,4.06,3.41,3.03,0.0,31.78,5.62,-27.05,-1.0,,37.72,-31.72,23.65,23.67
600255.SH,鑫科材料,79.97,-12178.23,3.01,2.19,2.87,2.11,,0.0,8.06,1.87,168.01,14.6,,55.87,扣非亏损,扣非转亏,55.73
603567.SH,珍宝岛,21.56,29.53,1.47,4.65,5.13,4.23,1.64,0.0,53.1,19.56,665.94,-0.72,0.18,35.06,-40.77,12.69,8.41
000711.SZ,*ST京蓝,-60.25,-6.97,7.8,-10.34,-9.37,-6.41,,0.0,21.99,-97.38,89.88,-44.51,5.76,37.3,扣非亏损,扣非亏损,亏损
000998.SZ,隆平高科,-24.6,73.88,3.44,-17.23,-9.38,-2.04,0.35,0.0,28.24,-29.72,-113.21,11.4,52.14,69.3,6.48,扣非亏损,亏损
002045.SZ,国光电器,24.77,39.37,1.93,4.98,6.01,2.65,,0.0,13.79,4.29,25.98,12.22,,57.81,3.22,15.82,8.24
688026.SH,洁特生物,32.28,32.9,2.08,3.79,4.32,4.76,0.42,0.0,39.78,12.88,330.98,5.67,,28.3,5.81,17.36,14.94
301237.SZ,和顺科技,-68.4,-55.98,1.48,-2.15,-1.58,-1.81,0.33,0.0,8.23,-6.22,-410.78,10.7,,10.82,扣非亏损,扣非亏损,亏损
601778.SH,晶科科技,38.5,61.61,0.74,1.83,1.41,2.3,0.31,0.0,40.07,5.82,-19.27,8.0,,63.41,7.7,67.5,54.61
600081.SH,东风科技,85.47,89.35,1.53,0.33,1.33,1.68,0.65,0.0,11.94,3.08,-69.71,-2.97,0.03,43.94,-30.1,536.64,128.48
301063.SZ,海锅股份,60.4,145.49,1.21,1.14,1.48,0.99,0.66,0.0,9.21,2.28,-65.39,8.39,,34.98,17.34,255.4,81.63
300112.SZ,万讯自控,126.66,-244.65,2.47,0.71,1.34,1.57,1.74,0.0,46.66,2.54,-61.97,15.98,9.22,30.86,扣非亏损,扣非转亏,189.04
300972.SZ,万辰集团,122.09,246.58,14.95,9.8,9.99,11.62,,0.0,10.42,1.67,221.48,537.65,,81.54,0.46,50.31,24.44
838701.BJ,豪声电子,18.72,494.99,4.95,1.66,20.58,16.03,2.92,0.0,12.17,26.96,-20.38,1.96,,27.95,252.5,596.87,1.82
002617.SZ,露笑科技,46.71,108.63,2.4,3.34,3.92,3.48,,0.0,21.62,7.51,14.7,0.57,0.09,41.99,191.77,65.11,23.83
600653.SH,申华控股,-62.56,-18.94,6.45,-11.37,-7.44,0.08,,0.0,6.33,-1.77,-3.61,-8.96,2.08,72.02,扣非亏损,扣非亏损,亏损
002787.SZ,华源控股,47.25,89.48,2.26,3.37,3.65,3.16,,0.0,14.02,3.09,206.15,11.56,,42.6,7.74,53.05,25.89
300399.SZ,天利科技,-449.43,-307.48,9.25,-2.77,-1.49,-1.97,0.29,0.0,3.21,-2.13,-25.76,-2.75,,8.43,扣非亏损,扣非亏损,亏损
600827.SH,百联股份,8.57,247.18,0.96,0.85,8.72,4.0,1.26,0.0,25.38,6.86,-45.25,-4.65,0.74,62.35,-53.11,581.81,1.97
600361.SH,创新新材,17.07,18.02,1.7,7.36,7.64,5.81,1.4,0.0,3.64,1.32,18.16,3.07,,56.14,5.87,4.89,4.47
603105.SH,芯能科技,19.7,23.05,2.4,8.37,8.76,6.66,1.3,0.0,61.33,32.87,-0.72,18.63,,49.84,1.24,5.51,4.5
301517.SZ,陕西华达,158.87,186.15,5.36,2.42,2.55,1.86,0.23,0.0,38.62,6.86,-42.82,6.16,,37.0,30.24,154.13,124.6
600722.SH,金牛化工,61.42,91.32,2.7,2.81,3.35,5.09,,0.0,26.27,20.06,25.94,11.4,,9.2,8.01,64.91,36.67
603381.SH,永臻股份,24.1,,1.57,4.32,6.58,2.38,,0.0,5.2,3.11,-46.93,4.05,,65.56,,,7.32
300387.SZ,富邦股份,19.71,23.96,1.73,6.46,6.73,6.34,0.72,0.0,29.6,10.08,51.37,17.88,33.79,25.67,1.34,7.41,5.86
000605.SZ,渤海股份,185.7,1343.48,1.41,0.11,0.57,1.49,0.31,0.0,25.09,1.5,38.22,-0.67,5.62,66.48,-2014.22,23778.44,651.59
000893.SZ,亚钾国际,29.54,26.05,1.75,4.5,4.53,3.5,,0.0,49.12,19.94,-48.79,151.6,,25.14,0.17,11.58,13.04
603859.SH,能科科技,47.59,46.84,2.65,4.05,4.12,4.69,0.27,0.0,48.61,16.37,-30.49,14.09,3.45,30.68,3.32,23.14,23.1
600933.SH,爱柯迪,15.9,16.25,1.98,9.46,9.81,6.76,1.32,0.0,29.05,15.49,15.6,32.16,1.64,41.49,0.51,3.44,3.24
688201.SH,信安世纪,-54.49,-123.63,2.74,-3.8,-3.63,-3.88,0.15,0.0,71.34,-14.93,-303.37,11.64,20.64,11.02,扣非亏损,扣非亏损,亏损
301331.SZ,恩威医药,98.08,87.14,2.82,1.92,2.08,1.78,1.93,0.0,50.95,3.93,-66.48,7.49,9.84,28.18,11.64,90.59,94.31
000617.SZ,中油资本,18.56,29.22,1.05,3.94,4.29,1.03,2.17,0.0,23.97,1470.7,-22.18,-1.86,0.01,83.18,-15.72,14.84,8.65
002313.SZ,日海智能,-31.96,-12.44,27.59,-44.3,-49.4,0.0,,0.0,18.23,-3.44,62.96,-8.29,191.14,96.74,扣非亏损,扣非亏损,亏损
300959.SZ,线上线下,159.51,-900.52,2.3,0.21,1.06,0.62,0.75,0.0,5.52,1.42,-89.25,17.17,2.4,17.25,扣非亏损,扣非转亏,300.97
837092.BJ,汉鑫科技,485.06,470.99,7.37,0.01,1.13,0.85,0.43,0.0,34.49,2.96,-99.89,34.21,,39.68,13.77,154422.55,858.51
600641.SH,万业企业,-414.46,906.36,2.1,0.06,-0.38,-1.47,0.29,0.0,59.3,-36.25,-92.18,3.12,2.41,14.58,290.84,30723.98,亏损
002605.SZ,姚记科技,20.72,29.13,3.53,12.29,12.53,11.43,4.05,0.0,37.85,15.89,-22.42,20.48,32.67,30.39,1.42,4.74,3.31
601965.SH,中国汽研,20.64,22.31,2.69,9.05,10.03,9.11,1.5,0.0,42.21,23.5,13.6,6.59,,24.18,3.39,4.93,4.12
603580.SH,艾艾精工,369.06,913.73,6.62,0.99,1.33,0.98,0.55,0.0,35.13,3.62,51.95,-4.15,,14.82,-220.1,1838.5,554.98
002799.SZ,环球印务,78.48,-11.9,2.1,1.9,2.0,1.83,0.3,0.0,13.65,2.06,-37.72,13.51,5.24,32.03,扣非亏损,扣非转亏,78.48
002512.SZ,达华智能,1534.55,-72.88,13.53,-4.27,0.67,-0.67,,0.0,10.57,-2.45,46.76,-1.14,48.72,81.61,扣非亏损,扣非亏损,4580.73
688213.SH,思特威,83.52,83.26,7.53,7.84,6.92,5.11,0.3,0.0,21.96,6.49,608.89,27.83,,49.05,2.99,21.25,24.14
600267.SH,海正药业,15.52,-147.99,1.29,4.23,6.4,4.17,,0.0,41.18,6.48,8.8,-2.59,,47.74,扣非亏损,扣非转亏,4.85
300586.SZ,美联新材,119.03,130.04,3.02,2.05,1.9,1.42,0.62,0.0,13.9,3.69,-58.77,9.83,3.67,33.38,13.22,126.95,125.29
688699.SH,明微电子,612.66,-200.32,3.67,-1.14,0.43,0.31,,0.0,26.33,1.25,85.63,29.07,,16.8,扣非亏损,扣非亏损,2849.6
605567.SH,春雪食品,569.93,-32.61,1.69,-0.09,0.22,0.59,,0.0,7.15,0.13,-108.89,14.64,,54.65,扣非亏损,扣非亏损,5181.15
601012.SH,隆基绿能,-17.56,-21.25,2.45,-9.73,-9.72,-5.11,0.74,0.0,7.98,-11.16,-156.35,36.23,0.26,59.2,扣非亏损,扣非亏损,亏损
000045.SZ,深纺织A,55.66,74.98,2.0,2.41,2.72,2.92,0.55,0.0,16.32,4.84,29.0,13.03,,23.99,5.76,62.12,40.93
002033.SZ,丽江股份,19.63,23.74,2.01,7.68,7.39,8.75,4.33,0.0,60.76,34.16,-10.78,41.28,0.99,12.26,0.58,6.19,5.31
603000.SH,人民网,386.14,105.59,8.04,1.52,1.52,1.24,0.6,0.0,45.32,5.16,0.96,0.49,,24.62,213.44,138.76,508.08
300100.SZ,双林股份,19.34,38.68,3.8,10.23,10.64,7.14,0.96,0.0,20.4,11.34,153.35,5.17,,54.45,7.49,7.56,3.64
301051.SZ,信濠光电,-18.1,-22.13,2.02,-9.12,-8.05,-5.29,0.31,0.0,11.06,-18.63,-13277.26,11.53,2.62,46.19,扣非亏损,扣非亏损,亏损
600162.SH,香江控股,74.37,-52.32,1.14,0.47,1.12,1.31,9.2,0.0,24.46,-1.62,-40.55,-8.29,,66.73,扣非亏损,扣非转亏,132.8
603860.SH,中公高科,298.27,52.16,2.92,0.51,0.73,0.5,0.5,0.0,55.33,4.92,-59.8,13.2,,11.4,3.95,204.85,817.18
688306.SH,均普智能,-121.65,-39.48,4.57,-3.86,-2.73,-0.11,,0.0,19.0,-3.26,22.9,8.38,39.21,66.04,扣非亏损,扣非亏损,亏损
600734.SH,实达集团,160.93,-368.76,18.28,-10.2,8.9,3.92,,0.0,45.83,57.56,-590.07,-21.2,,56.19,扣非亏损,扣非亏损,36.16
688119.SH,中钢洛耐,-626.0,-65.95,1.64,-1.51,-0.19,0.16,0.66,0.0,16.09,-0.08,-220.17,8.75,,40.99,扣非亏损,扣非亏损,亏损
300006.SZ,莱美药业,-157.99,-63.42,2.71,-2.69,-1.28,-0.83,,0.0,63.4,-2.56,-99.94,-16.39,2.13,30.6,扣非亏损,扣非亏损,亏损
603486.SH,科沃斯,36.38,60.57,4.31,7.85,9.07,4.85,0.72,0.0,48.39,6.01,1.69,33.06,,47.53,1.83,15.43,8.02
002893.SZ,京能热力,52.84,48.16,2.59,3.7,3.71,2.74,0.74,0.0,18.49,6.42,25.85,4.48,3.14,42.98,10.74,26.04,28.48
301529.SZ,福赛科技,45.1,49.82,2.52,3.44,4.15,4.75,0.75,0.0,24.13,5.32,-22.35,26.37,,35.52,1.89,28.94,21.73
600547.SH,山东黄金,40.07,36.46,4.55,6.2,7.42,4.04,0.61,25.87,14.88,4.94,63.57,6.46,23.68,65.1,5.65,5.88,5.4
300679.SZ,电连技术,34.06,37.48,4.38,9.66,8.64,7.58,0.86,0.0,33.76,14.24,87.83,7.35,2.77,26.66,5.1,7.76,7.89
605287.SH,德才股份,17.85,26.1,0.98,3.88,4.16,1.59,0.71,0.0,14.47,2.87,-50.36,9.62,0.13,82.61,2.71,13.47,8.58
603299.SH,苏盐井神,10.02,11.3,1.48,10.83,10.91,7.8,4.99,0.0,36.92,16.35,23.05,13.83,,38.27,0.82,2.09,1.84
603076.SH,乐惠国际,54.86,-859.97,2.23,1.08,3.06,1.71,0.56,0.0,27.59,4.15,-67.01,25.0,0.49,61.71,扣非亏损,扣非转亏,35.85
872351.BJ,华光源海,123.56,108.72,2.35,1.12,1.42,2.24,1.09,0.0,6.28,0.54,-78.29,43.16,2.94,52.82,2.52,194.4,174.03
600360.SH,ST华微,40.22,54.42,1.63,2.46,3.07,2.81,0.16,0.0,25.58,6.84,411.35,2.05,,49.13,26.54,44.29,26.2
301182.SZ,凯旺科技,-73.8,-49.55,4.57,-6.16,-4.56,-3.39,,0.0,1.37,-7.06,-42.22,10.3,0.94,53.0,扣非亏损,扣非亏损,亏损
603993.SH,洛阳钼业,15.04,12.35,2.63,13.83,13.48,10.88,2.97,0.0,17.63,6.15,530.97,20.35,0.55,57.06,0.61,1.79,2.23
603191.SH,望变电气,61.04,102.47,1.82,1.32,2.22,1.28,0.97,0.0,12.1,2.63,-85.22,29.11,1.78,60.37,3.52,155.43,54.99
688328.SH,深科达,-39.87,-18.74,2.0,-4.58,-4.12,-2.08,0.22,0.0,33.67,-7.79,37.16,0.01,1.22,38.51,扣非亏损,扣非亏损,亏损
300097.SZ,智云股份,134.01,-84.72,3.57,1.93,2.02,1.86,,0.0,41.21,3.57,176.25,-18.25,8.43,37.25,扣非亏损,扣非转亏,132.69
300405.SZ,科隆股份,-55.72,-12.18,3.14,-7.96,-4.05,0.27,,0.0,7.69,-4.29,-27.2,-13.19,,56.84,扣非亏损,扣非亏损,亏损
000818.SZ,航锦科技,251.15,237.73,4.05,0.97,1.11,2.44,0.16,0.0,16.62,3.16,-57.91,3.73,23.98,60.59,63.71,488.5,452.52
688569.SH,铁科轨道,28.11,40.18,1.84,4.9,4.92,4.8,1.63,0.0,38.58,17.5,-54.39,10.42,,14.44,3.86,16.41,11.43
002565.SZ,顺灏股份,52.99,67.63,2.06,2.99,2.94,3.35,0.77,0.0,25.06,6.9,237.25,-3.66,2.33,24.27,-18.45,45.29,36.05
688443.SH,智翔金泰,-15.22,-14.06,4.71,-21.42,-21.43,-17.18,,0.0,80.62,-4374.99,4.27,1186.37,,28.26,扣非亏损,扣非亏损,亏损
688202.SH,美迪西,-32.44,-18.59,2.37,-5.83,-5.3,-5.29,,0.0,7.27,-16.05,-241.94,33.24,,20.23,扣非亏损,扣非亏损,亏损
600118.SH,中国卫星,-1853.08,-885.93,5.8,-0.38,-0.23,-0.32,0.15,0.0,18.67,-0.45,-114.85,-0.17,,40.05,扣非亏损,扣非亏损,亏损
600359.SH,新农开发,47.73,137.11,3.87,6.16,6.1,3.8,,0.0,27.97,10.84,926.99,0.8,,47.45,171.62,44.52,15.65
430476.BJ,海能技术,-162.46,96.9,2.13,-3.03,-0.96,-1.55,1.33,0.0,63.39,-6.37,-226.23,17.55,17.98,13.36,5.52,扣非亏损,亏损
301067.SZ,显盈科技,354.16,490.98,3.15,0.08,0.66,0.42,0.15,0.0,21.03,0.41,-94.73,9.08,4.73,34.37,54.07,12078.25,1073.2
301296.SZ,新巨丰,23.36,23.17,1.54,4.7,5.5,4.9,0.52,0.0,23.16,9.99,3.37,19.98,,26.1,1.16,9.85,8.49
300899.SZ,上海凯鑫,158.66,124.67,2.33,0.72,1.09,0.86,1.32,0.0,31.63,9.06,70.42,-10.36,,13.63,-12.03,344.53,291.12
002438.SZ,江苏神通,23.64,26.45,2.1,6.15,6.77,4.58,1.34,0.0,32.18,13.92,15.53,10.64,6.77,40.8,2.49,8.61,6.98
688455.SH,科捷智能,-27.27,-21.0,1.93,-6.06,-4.94,-3.03,,0.0,15.94,-8.55,1.15,14.88,,60.9,扣非亏损,扣非亏损,亏损
301502.SZ,华阳智能,74.31,70.44,3.05,3.44,3.4,3.08,,0.0,19.12,6.77,-51.57,2.7,,21.49,26.08,40.94,43.71
000933.SZ,神火股份,8.95,8.15,1.95,16.46,17.14,9.48,4.76,0.0,24.54,14.42,-15.68,31.69,0.05,53.38,0.26,0.99,1.04
603637.SH,镇海股份,23.8,20.99,1.81,4.35,5.78,3.31,1.44,0.0,19.81,17.15,-1.92,-15.17,,28.12,-1.38,9.65,8.24
001239.SZ,永达股份,69.16,62.92,3.28,3.29,3.62,3.02,,0.0,20.36,10.56,-24.49,-9.19,,41.19,-6.85,38.26,38.21
002451.SZ,摩恩电气,207.44,1881.19,4.29,0.34,1.55,1.53,0.14,0.0,9.02,1.2,-38.79,48.94,,50.99,38.44,11167.66,267.67
688570.SH,天玛智控,24.04,24.81,2.1,5.97,6.64,5.48,1.47,0.0,47.68,23.07,-18.46,24.13,,22.28,1.03,8.31,7.24
002209.SZ,达意隆,33.53,45.19,2.72,7.01,6.32,1.69,0.22,0.0,28.34,4.37,46.63,11.41,0.12,71.91,3.96,12.9,10.61
000016.SZ,深康佳A,-6.61,-4.35,3.5,-35.46,-33.23,-4.07,,0.0,6.27,-22.97,-24.65,-27.3,0.52,86.95,扣非亏损,扣非亏损,亏损
603408.SH,建霖家居,11.12,12.01,1.78,11.5,12.38,9.36,3.43,0.0,26.29,10.49,37.84,5.08,0.02,32.11,2.37,2.09,1.8
688316.SH,青云科技,-25.35,-18.44,17.78,-46.28,-42.03,-9.74,,0.0,32.2,-30.77,45.75,-6.36,,79.74,扣非亏损,扣非亏损,亏损
688582.SH,芯动联科,114.67,112.25,9.52,5.73,6.43,5.79,0.49,0.0,83.97,50.87,57.34,43.11,,2.79,2.6,39.15,35.67
000831.SZ,中国稀土,-137.23,-410.51,8.12,-4.54,-4.31,-4.87,0.29,0.0,11.14,-10.12,-231.77,33.81,,9.02,扣非亏损,扣非亏损,亏损
001366.SZ,播恩集团,-98.93,-240.3,2.32,-1.97,-1.72,-1.62,0.73,0.0,14.04,-2.0,-166.88,-0.74,,19.95,扣非亏损,扣非亏损,亏损
002577.SZ,雷柏科技,103.54,258.21,3.99,1.97,2.9,2.76,,0.0,30.97,10.4,3.87,-2.43,,11.06,-106.09,262.39,71.41
300519.SZ,新光药业,49.71,63.63,3.06,4.16,4.53,4.2,2.41,0.0,35.08,17.47,-37.55,-0.06,,8.35,-1071.89,30.61,21.95
831370.BJ,新安洁,-33.24,-34.16,2.4,-4.27,-5.27,-4.17,,0.0,12.08,-10.85,-66.27,-5.92,2.57,20.27,扣非亏损,扣非亏损,亏损
831906.BJ,舜宇精工,694.74,187.63,2.44,-0.77,0.26,0.48,0.43,0.0,17.85,0.54,-122.09,18.76,,59.54,10.0,转盈,5344.13
000957.SZ,中通客车,26.16,34.24,2.35,6.19,6.93,2.3,0.38,0.0,16.74,4.61,238.19,-0.16,,65.07,-218.61,11.06,7.55
600257.SH,大湖股份,-95.36,-73.97,3.19,-2.4,-2.48,1.93,,0.0,22.74,-0.98,-361.97,10.57,15.35,47.89,扣非亏损,扣非亏损,亏损
000004.SZ,国华网安,-54.54,-19.21,16.31,-18.68,-20.17,-10.34,,0.0,72.96,-49.25,7.4,-24.43,,59.25,扣非亏损,扣非亏损,亏损
600908.SH,无锡银行,5.38,5.97,0.61,7.85,8.68,,3.96,0.0,,48.82,6.11,5.31,,91.0,1.12,1.52,1.24
603088.SH,宁波精达,23.1,24.26,5.01,15.5,16.26,9.45,3.36,0.0,43.33,20.85,3.4,18.77,,45.08,1.29,3.13,2.84
603613.SH,国联股份,12.71,13.33,2.54,14.4,15.89,11.47,0.97,0.0,4.34,2.88,7.84,52.62,,46.82,0.25,1.85,1.6
600221.SH,海航控股,29.09,61.46,19.34,56.13,62.45,3.36,,0.0,10.62,4.18,1915.03,46.46,21.57,97.28,1.32,2.19,0.93
600818.SH,中路股份,1206.8,347.19,7.56,0.97,0.47,0.25,,0.0,15.49,-0.25,-49.31,10.57,,33.22,32.85,713.14,5135.32
600588.SH,用友网络,-23.72,-31.68,5.27,-15.72,-15.78,-5.71,,0.0,48.83,-25.8,-30.71,4.73,16.3,56.21,扣非亏损,扣非亏损,亏损
000921.SZ,海信家电,11.64,16.79,2.93,16.14,19.56,7.1,4.97,0.0,21.12,5.9,10.99,21.6,1.24,73.28,0.78,2.08,1.19
601101.SH,昊华能源,8.53,11.02,1.06,9.5,9.64,7.28,5.54,0.0,48.01,23.96,13.55,31.22,,48.76,0.35,2.32,1.77
300785.SZ,值得买,1114.47,85.83,3.09,0.33,0.21,0.22,0.64,0.0,46.16,0.65,84.61,19.99,1.51,19.15,4.29,513.05,10614.04
605028.SH,世茂能源,20.02,21.42,2.5,8.48,9.51,9.32,3.16,0.0,60.89,46.42,-17.73,8.58,,12.01,2.5,5.05,4.21
301055.SZ,张小泉,110.33,87.08,4.04,2.5,2.75,2.99,1.04,0.0,36.62,3.35,117.91,13.25,1.11,30.08,6.57,69.62,80.24
301080.SZ,百普赛斯,49.21,55.03,2.13,3.24,3.23,1.49,1.53,0.0,91.33,17.05,-32.85,31.37,,8.4,1.75,34.0,30.47
002679.SZ,福建金森,-60.93,351.82,3.1,-3.82,-3.73,0.4,0.21,0.0,57.08,-28.99,-2.45,1.59,,62.54,221.4,扣非亏损,亏损
001227.SZ,兰州银行,7.43,8.34,0.5,4.14,4.61,,3.85,0.0,,25.33,-1.37,3.32,,92.78,2.51,4.03,3.22
603776.SH,永安行,-91.43,-19.1,1.28,-1.77,-0.95,0.07,2.13,0.0,14.82,-7.31,-92.41,-13.97,4.13,31.49,扣非亏损,扣非亏损,亏损
002312.SZ,川发龙蟒,56.86,60.75,3.43,4.62,4.56,3.13,1.26,0.0,15.78,7.03,42.32,18.67,13.15,49.13,3.25,26.28,24.94
300429.SZ,强力新材,-253.25,-101.95,5.37,-2.86,-1.4,0.34,,0.0,21.2,-3.42,-52.24,3.01,7.96,50.2,扣非亏损,扣非亏损,亏损
002348.SZ,高乐股份,-76.14,-49.75,7.25,-6.53,-6.9,-3.44,,0.0,22.26,-16.71,-25.16,-19.09,,37.67,扣非亏损,扣非亏损,亏损
300887.SZ,谱尼测试,-15.24,-18.58,1.49,-7.41,-7.03,-5.66,0.51,0.0,28.24,-20.68,-362.9,31.26,2.47,18.99,扣非亏损,扣非亏损,亏损
603878.SH,武进不锈,14.21,14.41,1.22,5.82,6.2,4.88,7.02,0.0,16.3,8.16,-38.66,13.83,,32.69,1.04,4.95,4.58
002210.SZ,飞马国际,149.26,2471.04,21.11,0.55,11.2,4.6,,0.0,24.17,15.49,-84.54,13.89,127.24,76.62,177.92,9051.44,26.65
300199.SZ,翰宇药业,-245.71,-25.43,16.13,-12.77,-4.75,1.86,,0.0,59.57,-9.55,60.36,-13.69,,76.57,扣非亏损,扣非亏损,亏损
300989.SZ,蕾奥规划,-82.59,-166.87,2.93,-3.5,-2.6,-1.25,0.26,0.0,44.17,-11.64,-385.45,0.01,,17.49,扣非亏损,扣非亏损,亏损
603511.SH,爱慕股份,25.77,28.08,1.11,2.32,3.12,2.95,4.84,0.0,65.97,6.15,-46.8,0.77,,14.6,36.41,24.17,16.52
300520.SZ,科大国创,-115.42,-13.78,3.98,-3.89,-2.55,-1.85,,0.0,38.82,-6.98,-569.61,19.36,5.4,56.83,扣非亏损,扣非亏损,亏损
600486.SH,扬农化工,17.38,19.99,2.29,9.84,10.21,7.01,1.39,0.0,24.02,12.8,-24.31,8.85,0.15,39.32,2.26,4.06,3.4
002541.SZ,鸿路钢构,13.58,22.33,1.29,3.82,7.02,4.0,2.39,0.0,10.18,4.13,-48.98,21.8,,62.82,1.02,11.7,3.87
603052.SH,可川科技,83.11,100.95,5.73,4.16,5.02,3.47,1.15,0.0,19.95,9.69,-25.31,11.53,,29.28,8.75,48.55,33.11
002896.SZ,中大力德,66.87,89.78,4.38,4.04,5.01,3.99,0.22,0.0,24.86,7.66,0.2,13.49,,27.38,6.65,44.4,26.69
300061.SZ,旗天科技,-425.86,-23.46,15.22,-2.99,-2.64,-0.07,,0.0,30.81,-3.74,32.67,-10.44,23.01,51.16,扣非亏损,扣非亏损,亏损
301526.SZ,国际复材,-75.34,-163.5,1.93,-2.59,-1.87,0.47,0.54,0.0,14.74,-2.93,-174.74,-7.12,0.54,57.49,扣非亏损,扣非亏损,亏损
300556.SZ,丝路视觉,-8.71,-12.19,3.53,-26.73,-25.71,-11.98,0.09,0.0,-6.04,-49.57,-4183.81,14.03,0.68,60.87,扣非亏损,扣非亏损,亏损
688238.SH,和元生物,-16.45,-16.3,2.23,-10.2,-10.2,-7.61,,0.0,-21.95,-103.47,-155.03,21.05,,20.62,扣非亏损,扣非亏损,亏损
002909.SZ,集泰股份,118.17,640.79,2.44,1.22,1.47,1.65,0.66,0.0,25.45,1.53,-24.64,3.85,2.62,57.77,166.54,1052.12,160.78
605167.SH,利柏特,15.35,18.78,2.29,10.95,11.76,8.42,0.45,0.0,17.53,7.73,23.67,35.63,,40.23,0.53,3.43,2.61
300797.SZ,钢研纳克,45.84,52.2,4.7,6.04,7.9,4.0,0.78,0.0,45.95,9.39,-5.07,17.5,,40.48,2.98,17.28,11.6
688353.SH,华盛锂电,-22.71,-18.6,1.12,-4.31,-3.61,-3.88,,0.0,-20.69,-42.43,-2403.32,24.64,,13.2,扣非亏损,扣非亏损,亏损
688112.SH,鼎阳科技,43.81,43.04,3.54,5.8,5.87,4.53,2.2,0.0,62.08,25.84,-25.35,30.0,,7.39,1.43,14.85,14.93
300863.SZ,卡倍亿,32.14,34.2,4.89,10.69,10.12,6.18,1.0,0.0,13.06,5.1,5.15,42.17,,64.16,0.81,6.4,6.35
833575.BJ,康乐卫士,-16.64,-17.25,9.61,-35.95,-35.68,-18.2,,0.0,95.72,-44461.75,-16.71,268.17,,58.24,扣非亏损,扣非亏损,亏损
605588.SH,冠石科技,242.25,426.28,3.55,0.58,1.1,0.71,0.14,0.0,10.63,1.18,-85.87,-4.53,,62.59,-94.03,1469.18,440.45
002414.SZ,高德红外,572.2,-181.1,5.62,0.38,0.74,1.42,0.19,0.0,52.57,2.77,-90.04,-9.08,3.39,28.38,扣非亏损,扣非转亏,1546.48
301157.SZ,华塑科技,78.18,73.2,2.13,1.28,2.05,1.72,0.35,0.0,31.46,11.45,48.15,11.09,,10.09,6.6,114.07,76.27
600269.SH,赣粤高速,7.83,11.35,0.65,5.1,6.35,5.43,3.89,0.0,41.66,27.03,3.41,14.3,0.02,43.59,0.79,4.45,2.47
600831.SH,ST广网,-2.76,-1.79,0.8,-20.13,-19.71,-3.42,,0.0,5.71,-49.42,-733.56,-4.78,,77.06,扣非亏损,扣非亏损,亏损
601113.SH,华鼎股份,9.86,15.95,1.18,8.43,9.38,5.19,,0.0,17.26,5.31,98.89,-5.28,0.15,35.72,-3.02,3.78,2.1
300201.SZ,海伦哲,34.79,43.04,4.34,9.42,9.58,6.65,0.69,0.0,33.85,13.35,4.59,-8.22,0.29,42.83,-5.24,9.14,7.26
300610.SZ,晨化股份,24.86,37.8,1.94,4.24,5.94,4.6,1.6,0.0,19.97,9.54,131.16,3.04,,24.72,12.44,17.85,8.37
603306.SH,华懋科技,40.41,49.83,3.09,4.42,5.4,4.45,0.74,0.0,29.95,12.42,18.27,29.43,0.3,25.99,1.69,22.57,14.97
600143.SH,金发科技,25.91,48.26,1.36,3.76,4.04,2.58,1.25,0.0,12.22,0.79,84.29,11.27,1.34,68.9,4.28,25.65,12.83
601595.SH,上海电影,91.2,323.47,7.66,2.61,6.37,5.36,0.44,0.0,24.27,24.87,-33.76,57.27,0.69,31.38,5.65,247.51,28.63
002107.SZ,沃华医药,97.5,129.55,4.36,2.86,3.04,2.0,4.12,0.0,72.27,3.49,-61.44,-3.01,4.58,27.97,-43.06,90.64,64.15
300683.SZ,海特生物,-74.3,-22.97,1.62,-2.86,-1.62,-1.85,,0.0,45.24,-9.36,-55.5,5.59,10.74,16.65,扣非亏损,扣非亏损,亏损
301092.SZ,争光股份,35.14,44.72,1.95,3.45,4.18,3.82,0.98,0.0,29.77,18.54,-15.89,6.3,,10.79,7.1,25.92,16.81
603421.SH,鼎信通讯,-126.94,106.33,1.44,-0.87,-0.84,-0.27,0.65,0.0,39.04,-1.26,-156.71,20.42,,36.31,5.21,扣非亏损,亏损
002300.SZ,太阳电缆,32.02,40.39,2.15,4.59,4.89,2.75,1.88,0.0,3.85,0.99,-41.86,20.48,,65.53,1.97,17.61,13.09
301043.SZ,绿岛风,18.61,23.93,2.35,8.09,9.55,8.13,2.69,0.0,38.29,18.09,13.13,13.34,,31.84,1.79,5.92,3.9
600704.SH,物产中大,9.24,10.87,0.78,5.29,6.32,3.28,4.74,0.0,2.15,0.83,-16.46,14.12,3.4,73.48,0.77,4.11,2.92
600323.SH,瀚蓝环境,9.71,10.96,1.37,10.83,10.92,5.77,2.77,0.0,31.44,16.13,20.14,21.38,2.99,63.13,0.51,2.03,1.78
688226.SH,威腾电气,21.42,21.91,2.82,9.92,10.24,4.93,1.24,0.0,16.39,4.25,30.63,45.6,,70.69,0.48,4.42,4.18
002222.SZ,福晶科技,75.22,79.6,10.71,11.63,11.11,11.19,0.85,0.0,55.99,26.86,11.36,13.11,0.11,12.21,6.07,13.69,13.54
300990.SZ,同飞股份,69.54,61.11,3.64,3.73,3.94,3.3,1.12,0.0,21.51,5.09,-49.05,46.69,,19.93,1.31,32.8,35.3
001317.SZ,三羊马,148.75,261.02,2.84,0.9,1.35,1.74,0.34,0.0,7.6,1.43,-48.27,5.13,,50.65,50.83,578.82,220.37
603968.SH,醋化股份,-17.22,-15.42,1.16,-5.4,-4.83,-2.62,1.97,0.0,8.56,-4.15,-312.69,9.08,,43.71,扣非亏损,扣非亏损,亏损
002910.SZ,庄园牧场,-10.32,-8.42,1.44,-10.66,-9.81,-4.6,,0.0,10.93,-18.33,-224.51,10.63,,52.39,扣非亏损,扣非亏损,亏损
600396.SH,华电辽能,133.17,-266.64,10.69,3.85,6.44,2.81,,0.0,16.28,1.8,101.9,-4.44,,93.29,扣非亏损,扣非转亏,41.36
002769.SZ,普路通,-43.98,-31.47,2.2,-3.91,-3.61,1.35,,0.0,46.42,-13.01,29.77,-40.52,,88.59,扣非亏损,扣非亏损,亏损
688557.SH,兰剑智能,25.08,23.81,1.89,4.86,5.74,3.55,1.25,0.0,29.74,7.62,-10.16,30.6,,37.34,0.78,9.79,8.74
002361.SZ,神剑股份,101.6,200.53,1.78,0.75,1.29,1.07,2.54,0.0,13.13,1.25,112.04,12.63,11.61,50.6,15.87,537.11,157.51
300609.SZ,汇纳科技,-75.9,-98.72,3.76,-3.68,-3.67,-5.18,0.73,0.0,51.06,-28.75,-2.35,24.91,4.61,13.92,扣非亏损,扣非亏损,亏损
000065.SZ,北方国际,11.11,11.91,1.26,8.51,8.59,3.87,0.82,0.0,11.7,5.59,5.17,21.48,0.14,58.99,0.55,2.8,2.59
300875.SZ,捷强装备,-273.21,-31.76,2.76,-1.4,-0.75,-0.66,,0.0,40.3,-4.41,18.28,5.7,10.55,13.16,扣非亏损,扣非亏损,亏损
301169.SZ,零点有数,-37.06,-34.11,6.4,-12.7,-12.18,-11.81,,0.0,22.33,-49.25,-119.34,0.87,2.8,21.36,扣非亏损,扣非亏损,亏损
688100.SH,威胜信息,35.48,36.94,6.37,13.52,14.02,10.78,1.49,0.0,39.13,21.78,14.71,15.61,,32.49,2.37,5.46,5.06
002922.SZ,伊戈尔,25.2,29.87,2.24,6.11,6.65,4.75,2.02,0.0,22.14,6.75,20.73,37.93,1.17,53.91,0.79,9.78,7.58
839725.BJ,惠丰钻石,235.54,108.65,3.5,0.18,1.1,0.72,0.81,0.0,20.66,4.27,-97.41,55.16,,20.1,1.97,1223.52,428.26
002884.SZ,凌霄泵业,15.67,16.21,3.12,14.57,14.71,14.87,5.76,0.0,36.53,28.27,18.6,1.44,,6.77,11.29,2.23,2.13
002426.SZ,胜利精密,-248.55,-13.27,2.89,-4.03,-0.85,0.75,,0.0,12.05,-1.1,24.93,-27.25,,54.97,扣非亏损,扣非亏损,亏损
300213.SZ,佳讯飞鸿,107.35,82.28,2.37,1.54,1.66,1.34,0.69,0.0,41.71,4.3,12.47,5.46,19.88,27.9,15.06,107.05,129.33
600969.SH,郴电国际,31.81,-46.81,0.7,0.41,1.67,2.59,,0.0,14.2,3.55,116.46,9.09,0.6,73.81,扣非亏损,扣非转亏,38.1
301170.SZ,锡南科技,24.25,29.98,1.49,3.74,4.68,4.39,0.82,0.0,19.11,9.68,-9.13,14.09,,9.55,2.13,16.03,10.36
300175.SZ,朗源股份,-93.35,-55.13,6.53,-6.12,-6.13,-3.75,,0.0,12.46,-19.17,-52.87,-9.14,,6.09,扣非亏损,扣非亏损,亏损
600131.SH,国网信通,71.24,36.47,4.44,4.61,4.66,2.18,1.37,0.0,21.16,7.95,-3.22,3.08,,48.82,11.83,15.82,30.58
600208.SH,衢州发展,10.07,14.72,0.6,6.31,4.59,5.17,,0.0,41.48,22.14,60.68,10.75,,55.72,1.37,4.67,4.39
600793.SH,宜宾纸业,-13.46,-13.06,5.17,-28.26,-25.17,-3.85,,0.0,1.91,-11.95,-104.1,-1.76,,81.19,扣非亏损,扣非亏损,亏损
688365.SH,光云科技,-52.66,-54.27,4.02,-5.58,-5.58,-3.47,,0.0,65.07,-16.6,16.73,-2.08,20.05,41.86,扣非亏损,扣非亏损,亏损
603268.SH,松发股份,-70.23,-48.95,379.0,-135.5,-133.86,-7.77,,0.0,10.5,-33.31,5.77,-22.14,,97.29,扣非亏损,扣非亏损,亏损
300736.SZ,百邦科技,-69.67,-42.68,15.12,-19.96,-17.1,-10.8,,0.0,5.07,-4.02,-51.01,30.17,17.31,38.42,扣非亏损,扣非亏损,亏损
002234.SZ,民和股份,-11.19,-6.42,1.57,-10.37,-9.97,-5.08,,0.0,5.57,-13.96,-84.98,8.38,,47.58,扣非亏损,扣非亏损,亏损
603829.SH,洛凯股份,21.78,23.43,2.43,7.6,8.61,5.79,0.61,0.0,23.43,8.48,2.39,30.54,0.21,52.21,0.77,6.17,5.06
605180.SH,华生科技,34.72,46.92,1.92,4.19,4.21,3.56,0.57,0.0,28.73,18.97,77.6,1.26,,3.5,37.16,22.38,16.49
603956.SH,威派格,-14.66,-29.39,1.87,-8.91,-8.29,-4.99,1.26,0.0,46.78,-21.05,-123.8,14.61,6.44,48.65,扣非亏损,扣非亏损,亏损
300048.SZ,合康新能,428.95,-38.01,3.63,0.46,0.64,0.94,,0.0,15.02,0.77,121.4,6.27,1.79,59.88,扣非亏损,扣非转亏,1340.46
300671.SZ,富满微,-111.47,-34.56,5.46,-4.67,-3.59,-1.84,,0.0,17.92,-13.07,47.79,3.7,,32.65,扣非亏损,扣非亏损,亏损
834062.BJ,科润智控,49.48,43.62,2.47,3.41,3.77,2.38,1.39,0.0,16.15,3.07,-22.91,20.97,,60.2,2.08,25.59,26.25
001378.SZ,德冠新材,33.72,35.63,1.72,3.77,3.83,2.75,1.16,0.0,13.65,6.39,-25.31,-3.68,,16.77,-9.68,18.92,17.61
601099.SH,太平洋,181.58,252.63,3.43,1.32,1.43,,,0.0,,15.76,-49.06,9.33,,43.7,27.08,383.13,253.96
688696.SH,极米科技,-103.34,-145.7,1.87,-2.11,-1.34,-1.51,0.27,0.0,28.77,-1.78,-252.46,10.53,0.7,43.62,扣非亏损,扣非亏损,亏损
300340.SZ,科恒股份,-19.62,-5.06,19.6,-73.4,-54.49,-2.02,,0.0,5.79,-7.14,-23.33,32.56,,94.64,扣非亏损,扣非亏损,亏损
601456.SH,国联证券,70.07,116.76,2.01,2.13,2.18,,1.31,0.0,,20.04,-41.9,19.73,6.1,81.8,5.92,109.88,64.28
600004.SH,白云机场,26.55,30.06,1.31,3.66,3.74,3.79,0.76,0.0,27.06,13.16,162.54,12.58,,32.11,2.39,16.44,14.2
002692.SZ,远程股份,48.12,81.4,2.85,3.77,4.51,2.87,0.44,0.0,10.44,1.62,40.84,6.63,,63.97,12.27,43.16,21.34
688389.SH,普门科技,21.8,20.31,3.84,12.99,13.69,10.14,1.25,0.0,69.89,29.89,29.11,27.79,2.59,30.95,0.73,3.13,3.18
301488.SZ,豪恩汽电,63.35,64.26,4.63,4.5,5.34,3.23,1.44,0.0,20.51,7.37,-5.54,19.28,,36.88,3.33,28.56,23.73
300036.SZ,超图软件,283.36,682.45,3.48,0.49,0.88,0.69,0.48,0.0,62.45,2.64,-87.03,8.52,15.02,30.41,80.09,2779.29,644.0
600855.SH,航天长峰,-50.18,-23.31,3.79,-6.13,-5.51,-2.57,0.03,0.0,26.52,-15.75,-30.72,-19.27,0.59,51.21,扣非亏损,扣非亏损,亏损
688148.SH,芳源股份,-21.12,-6.73,4.73,-14.69,-12.47,-2.21,,0.0,3.82,-8.39,-69.25,40.65,,73.59,扣非亏损,扣非亏损,亏损
002819.SZ,东方中科,-84.87,-23.16,2.33,-3.3,-2.86,-2.81,0.12,0.0,20.63,-6.36,19.09,42.2,6.7,30.09,扣非亏损,扣非亏损,亏损
601636.SH,旗滨集团,19.0,15.42,1.34,4.61,5.11,2.9,4.82,0.0,19.01,5.93,-45.21,19.83,0.02,58.22,0.78,6.7,7.44
688022.SH,瀚川智能,-5.64,-5.68,1.65,-19.34,-19.62,-9.01,,0.0,17.59,-69.55,-1475.09,31.22,,63.36,扣非亏损,扣非亏损,亏损
300466.SZ,赛摩智能,-188.64,-62.29,6.18,-2.67,-2.43,-0.54,,0.0,38.77,-6.66,-415.05,16.16,18.11,43.23,扣非亏损,扣非亏损,亏损
000564.SZ,供销大集,-389.76,-38.96,3.5,-2.18,-0.8,0.43,,0.0,26.6,-14.3,25.97,-13.55,5.34,45.78,扣非亏损,扣非亏损,亏损
002017.SZ,东信和平,41.07,40.41,3.88,6.55,7.07,4.3,1.44,0.0,31.75,11.25,8.1,9.44,0.06,42.98,4.28,12.34,11.62
600666.SH,奥瑞德,-204.09,-13.77,7.62,-4.54,-2.64,-1.45,,0.0,13.94,-9.96,45.78,-9.23,,50.27,扣非亏损,扣非亏损,亏损
600425.SH,青松建化,11.57,15.81,0.97,5.57,6.4,5.45,2.53,0.0,24.12,12.1,-30.79,14.85,,30.49,1.06,5.67,3.62
601877.SH,正泰电器,10.86,12.04,1.21,8.31,8.6,5.53,2.56,0.0,25.41,9.94,12.64,19.73,1.05,62.88,0.61,2.9,2.53
002258.SZ,利尔化学,39.78,43.67,0.92,1.55,1.75,1.73,,0.0,16.34,3.43,-78.85,21.41,0.25,41.67,2.04,56.39,45.46
003039.SZ,顺控发展,33.32,36.03,3.4,7.48,7.75,7.08,1.14,0.0,44.28,21.71,10.89,5.78,1.63,44.73,6.23,9.63,8.6
300277.SZ,海联讯,961.84,-602.84,11.9,-0.52,0.92,1.14,0.23,0.0,22.85,5.18,-139.29,-12.34,,26.59,扣非亏损,扣非亏损,2090.96
601992.SH,金隅集团,-36.69,-6.59,0.48,-3.01,-0.61,0.85,1.31,0.0,10.03,-1.12,-119.84,0.88,2.7,64.5,扣非亏损,扣非亏损,亏损
603015.SH,弘讯科技,52.92,46.37,2.6,3.74,3.62,2.83,1.54,0.0,34.79,7.39,112.14,0.51,0.91,36.27,90.57,24.8,29.24
833284.BJ,灵鸽科技,-141.85,-155.73,3.75,-3.3,-1.95,-1.3,0.21,0.0,25.68,-4.64,-191.19,18.02,,40.78,扣非亏损,扣非亏损,亏损
600970.SH,中材国际,10.43,10.52,1.41,10.42,10.5,5.12,4.28,0.0,18.86,6.85,2.21,10.62,3.59,61.04,0.99,2.02,1.99
600179.SH,安通控股,60.23,91.33,1.25,0.35,1.57,2.07,,0.0,6.23,3.02,-83.84,19.66,,23.19,4.65,527.49,76.73
600053.SH,九鼎投资,782.71,-2341.31,2.52,0.05,0.24,0.59,,0.0,69.0,3.52,-90.83,12.0,0.01,10.94,扣非亏损,扣非转亏,6465.99
003040.SZ,楚天龙,-162.5,-183.48,4.35,-2.14,-1.92,-1.79,0.78,0.0,28.86,-4.09,-144.63,12.25,,25.39,扣非亏损,扣非亏损,亏损
300712.SZ,永福股份,109.95,125.81,3.8,2.07,2.49,1.03,0.37,0.0,19.56,0.76,-2.33,30.84,0.73,71.3,4.08,121.33,88.32
300953.SZ,震裕科技,32.1,52.94,2.98,5.91,6.47,2.63,0.08,0.0,13.16,3.44,494.59,82.86,,75.59,0.64,17.91,9.92
688709.SH,成都华微,142.71,106.11,6.05,2.85,3.6,3.15,,0.0,77.17,22.11,-67.22,9.64,,19.18,11.01,74.58,79.28
600540.SH,新赛股份,-30.81,-19.41,3.63,-10.9,-8.45,-0.9,,0.0,-3.57,-10.32,-670.05,-0.68,,78.34,扣非亏损,扣非亏损,亏损
688390.SH,固德威,1173.81,-122.5,4.68,-1.08,0.29,0.73,0.57,0.0,23.0,1.15,-103.58,66.84,1.12,60.49,扣非亏损,扣非亏损,8095.22
600552.SH,凯盛科技,89.95,-227.64,3.24,0.01,2.71,2.41,0.38,0.0,18.68,4.42,-94.74,-0.17,4.18,58.88,扣非亏损,扣非转亏,66.39
688508.SH,芯朋微,62.87,109.01,2.63,2.7,3.14,2.15,0.3,0.0,36.89,10.72,63.23,26.48,0.69,14.41,4.12,80.89,40.05
002144.SZ,宏达高科,21.26,26.29,0.92,3.07,3.25,3.14,1.29,0.0,30.0,14.91,-3.61,6.32,2.91,8.36,4.16,17.13,13.08
300826.SZ,测绘股份,133.02,77.21,2.26,0.83,1.22,0.83,0.55,0.0,33.71,4.04,-18.11,13.85,8.6,45.82,5.57,186.75,218.06
002631.SZ,德尔未来,2035.94,-219.99,1.83,-1.45,0.07,0.99,0.49,0.0,20.87,0.13,-26.71,8.22,,56.22,扣非亏损,扣非亏损,58169.86
600982.SH,宁波能源,17.25,22.13,1.07,3.82,4.69,2.66,3.67,0.0,12.69,7.63,-8.41,8.83,0.24,65.24,2.51,11.58,7.36
688275.SH,万润新能,-8.48,-5.78,1.14,-9.82,-9.56,-2.95,,0.0,0.56,-12.88,37.4,225.48,,65.09,扣非亏损,扣非亏损,亏损
002516.SZ,旷达科技,52.25,61.41,2.27,2.59,3.31,3.22,2.03,0.0,21.88,7.64,-23.0,6.76,0.47,17.89,9.09,47.48,31.57
600626.SH,申达股份,-77.98,-35.5,1.76,-1.8,-1.68,1.52,,0.0,9.42,-0.22,77.14,2.6,11.64,67.1,扣非亏损,扣非亏损,亏损
603027.SH,千禾味业,29.6,28.29,3.96,9.68,9.78,9.09,3.09,0.0,36.2,15.36,-10.25,23.96,,17.27,1.18,5.84,6.05
000691.SZ,亚太实业,-54.43,-36.47,79.19,-72.21,-71.0,-2.77,,0.0,8.66,-7.19,74.56,23.15,54.53,75.8,扣非亏损,扣非亏损,亏损
688377.SH,迪威尔,36.9,44.2,1.77,3.15,3.62,3.02,0.86,0.0,18.99,8.03,-54.35,27.95,,31.63,1.58,28.02,20.39
000678.SZ,襄阳轴承,-113.05,-62.42,3.6,-3.66,-2.35,-0.38,,0.0,9.84,-2.27,46.65,6.58,,62.04,扣非亏损,扣非亏损,亏损
002373.SZ,千方科技,840.81,96.09,1.41,0.49,0.13,-0.45,0.45,0.0,30.79,0.05,-60.35,-3.81,26.34,29.98,-25.19,393.39,12935.52
300289.SZ,利德曼,2052.3,-151.34,1.69,-0.37,0.06,-0.09,0.16,0.0,54.16,1.24,-130.05,3.39,8.05,5.11,扣非亏损,扣非亏损,68410.13
600602.SH,云赛智联,110.8,144.55,4.96,2.97,3.38,1.72,0.37,0.0,19.59,4.17,39.45,5.22,4.58,30.82,27.67,97.41,65.51
688010.SH,福光股份,-142.64,-91.26,3.88,-2.97,-1.99,-1.32,,0.0,21.36,-7.42,-5.83,1.92,,35.45,扣非亏损,扣非亏损,亏损
000576.SZ,甘化科工,128.29,-12.02,2.13,0.55,1.24,0.93,,0.0,54.59,6.37,-78.62,-13.35,28.35,12.04,扣非亏损,扣非转亏,206.92
002029.SZ,七匹狼,14.16,49.1,0.68,0.31,3.62,1.91,2.09,0.0,51.93,12.18,-82.67,1.36,,35.46,36.03,312.22,7.82
300581.SZ,晨曦航空,-235.31,897.63,7.79,-2.54,-2.44,-2.34,0.13,0.0,39.57,-34.81,28.45,-4.37,,16.6,-205.31,扣非亏损,亏损
300339.SZ,润和软件,389.8,997.31,16.75,1.44,3.26,2.64,,0.0,25.8,4.68,3.34,7.82,28.07,38.14,127.47,1386.59,239.14
002120.SZ,韵达股份,13.28,15.66,1.26,5.96,7.14,5.8,2.28,0.0,9.87,4.04,20.86,11.02,,48.02,1.42,5.25,3.72
600192.SH,长城电工,-20.5,-14.66,2.52,-10.28,-8.78,-1.57,,0.0,15.41,-9.94,-96.51,0.93,,72.4,扣非亏损,扣非亏损,亏损
002082.SZ,万邦德,66.38,69.53,1.52,0.16,1.7,1.4,1.25,0.0,40.58,3.37,120.88,-35.69,4.66,35.26,-1.95,858.98,78.1
601890.SH,亚星锚链,30.99,38.43,2.25,4.03,5.4,4.47,1.06,0.0,28.42,13.47,4.37,20.42,,27.33,1.88,19.08,11.48
688251.SH,井松智能,36.6,29.05,1.92,3.79,4.08,2.11,0.76,0.0,24.96,5.99,2638.81,18.78,,49.57,1.55,15.32,17.94
300290.SZ,荣科科技,-1989.27,-3086.18,21.43,-2.16,-0.8,-0.01,,0.0,39.59,0.26,-334.29,1.04,21.38,39.02,扣非亏损,扣非亏损,亏损
300024.SZ,机器人,-231.97,-152.48,7.09,-3.72,-2.29,-0.78,,0.0,14.4,-4.37,-6.59,14.45,,60.15,扣非亏损,扣非亏损,亏损
300454.SZ,深信服,-38.72,488.87,3.65,-7.61,-6.81,-5.01,0.07,0.0,60.6,-12.51,-8.18,12.32,,39.75,39.67,扣非亏损,亏损
688710.SH,益诺思,38.14,,2.85,6.05,7.55,4.61,,0.0,36.29,14.1,,20.32,,26.91,,,10.1
300814.SZ,中富电路,143.86,274.27,5.24,2.17,2.66,0.86,0.34,0.0,13.25,2.98,-6.11,6.86,,55.98,40.0,252.82,108.17
002156.SZ,通富微电,75.4,73.02,3.84,3.82,3.89,3.06,0.05,0.0,14.33,3.66,438.98,28.76,7.19,59.46,2.54,38.28,38.76
002946.SZ,新乳业,18.3,19.92,3.94,18.14,16.92,7.01,1.31,10.16,29.09,5.97,29.5,18.09,32.19,66.25,1.1,1.1,1.08
300724.SZ,捷佳伟创,10.15,11.7,2.64,20.36,21.15,5.91,1.62,0.0,27.8,16.39,72.14,29.74,,72.26,0.39,1.15,0.96
002705.SZ,新宝股份,11.83,12.48,1.55,10.23,9.93,6.84,2.75,0.0,21.41,6.51,-0.57,3.94,0.34,47.14,3.16,2.44,2.38
688800.SH,瑞可达,48.55,50.07,3.38,5.03,5.36,3.42,0.25,0.0,22.01,6.77,15.54,41.21,,47.38,1.21,19.91,18.12
000793.SZ,华闻集团,-42.43,-8.07,7.12,-12.75,-11.72,-1.21,,0.0,21.73,-41.92,-0.22,-31.03,1.88,63.72,扣非亏损,扣非亏损,亏损
600678.SH,四川金顶,-327.8,-70.82,12.02,-2.68,-2.79,0.61,,0.0,22.82,-4.41,-33.28,10.4,,77.72,扣非亏损,扣非亏损,亏损
600879.SH,航天电子,45.98,242.57,1.67,0.98,2.74,1.62,0.62,0.0,22.8,6.45,-57.48,10.2,,47.11,23.78,493.94,33.56
601939.SH,建设银行,5.76,5.9,0.63,7.9,8.27,,6.14,29.97,,45.18,0.22,2.35,0.07,91.83,2.51,0.75,0.7
603703.SH,盛洋科技,583.48,-2612.98,6.12,0.6,0.79,0.91,0.09,0.0,24.72,1.5,382.03,-1.92,19.9,55.08,扣非亏损,扣非转亏,1477.16
002246.SZ,北化股份,-111.93,-166.19,2.47,-3.22,-1.64,-1.62,0.61,0.0,16.57,-3.72,-964.14,-2.27,,32.02,扣非亏损,扣非亏损,亏损
300265.SZ,通光线缆,56.46,94.56,1.74,2.01,2.19,2.43,0.86,0.0,16.53,2.97,-49.08,17.35,0.96,33.7,5.45,94.13,51.56
002119.SZ,康强电子,56.7,81.9,4.4,4.51,5.98,3.98,0.22,0.0,12.78,5.34,33.14,7.94,0.09,44.59,10.31,36.36,18.96
300851.SZ,交大思诺,100.6,43.82,2.08,1.11,1.53,1.33,1.44,0.0,74.61,9.29,-45.65,1.54,,8.46,28.52,79.11,131.5
600716.SH,凤凰股份,-85.33,-48.55,0.61,-0.55,-0.55,-0.05,,0.0,25.78,-21.04,-204.96,-2.16,,34.7,扣非亏损,扣非亏损,亏损
600741.SH,华域汽车,9.05,8.37,0.9,6.93,7.54,3.23,4.61,0.0,12.17,4.28,-1.32,8.13,1.22,64.48,1.03,2.41,2.4
301219.SZ,腾远钴业,20.08,22.41,1.92,7.1,7.2,7.49,3.81,0.0,23.82,12.63,156.8,54.56,,16.04,0.41,6.31,5.58
600449.SH,宁夏建材,29.28,52.18,0.93,1.96,2.38,1.81,1.39,0.0,6.56,2.56,-46.93,27.71,0.08,32.24,1.88,53.36,24.61
603216.SH,梦天家居,43.02,27.55,1.33,2.08,2.31,1.01,2.29,0.0,27.73,5.14,13.03,3.38,,22.3,8.16,26.48,37.25
688287.SH,ST观典,-30.76,-30.03,2.73,-6.76,-6.34,-6.87,0.61,0.0,11.63,-81.88,-303.69,9.12,,4.36,扣非亏损,扣非亏损,亏损
688418.SH,震有科技,284.71,-131.84,7.46,0.03,1.99,1.87,,0.0,49.6,2.89,100.51,24.55,7.42,47.44,扣非亏损,扣非转亏,286.14
300593.SZ,新雷能,-42.1,-36.11,2.75,-4.98,-4.73,-2.89,0.68,0.0,42.1,-21.35,-203.75,25.64,0.41,32.63,扣非亏损,扣非亏损,亏损
300163.SZ,ST先锋,-154.19,-20.79,2.33,-2.42,-1.13,-1.3,,0.0,15.74,-2.91,-69.37,-2.21,,17.79,扣非亏损,扣非亏损,亏损
002643.SZ,万润股份,27.32,26.26,1.53,3.65,4.21,4.2,1.81,0.0,40.08,14.23,-54.57,16.89,8.98,27.37,1.55,14.39,12.98
002385.SZ,大北农,117.35,-21.49,2.45,0.93,1.66,2.31,0.84,0.0,14.09,1.25,108.08,14.6,8.12,65.29,扣非亏损,扣非转亏,141.39
600843.SH,上工申贝,-198.05,-60.02,3.18,-2.03,-1.16,0.44,0.87,0.0,18.37,-0.87,-265.44,7.45,2.45,47.32,扣非亏损,扣非亏损,亏损
603281.SH,江瀚新材,16.01,16.78,2.03,9.01,9.14,9.22,3.82,0.0,34.12,26.83,-12.46,28.47,,6.73,0.59,3.72,3.5
300327.SZ,中颖电子,79.83,84.68,5.64,5.19,5.27,2.18,0.88,0.0,33.82,5.59,11.99,11.99,,19.59,7.06,32.61,30.3
601865.SH,福莱特,34.03,29.49,2.7,5.59,5.8,4.12,2.31,20.32,19.02,8.91,-36.02,51.94,,49.28,0.57,5.27,5.87
002807.SZ,江阴银行,6.73,5.43,0.57,6.4,6.56,,5.35,0.0,,37.31,11.99,4.99,,90.41,1.09,1.69,2.05
603318.SH,水发燃气,38.96,45.52,2.28,3.34,3.68,4.92,0.78,0.0,17.31,5.94,15.64,55.15,61.94,59.64,0.83,27.22,21.17
301349.SZ,信德新材,-178.02,-57.49,1.29,-1.62,-0.53,-0.33,0.64,0.0,7.57,-1.79,-267.93,56.52,6.85,14.54,扣非亏损,扣非亏损,亏损
600155.SH,华创云信,126.51,65.09,0.93,0.7,0.54,,,0.0,,1.08,-57.26,0.58,19.47,63.32,112.65,186.97,468.54
601177.SH,杭齿前进,14.42,18.34,1.42,6.67,7.73,4.34,0.48,0.0,18.86,11.77,3.69,-0.04,,47.0,-515.63,5.5,3.73
002283.SZ,天润工业,16.05,17.43,0.96,4.22,4.48,3.24,3.93,0.0,23.74,9.66,-16.46,0.26,,29.45,67.08,8.27,7.16
600576.SH,祥源文旅,46.3,52.18,2.48,3.9,3.97,4.25,,0.0,49.04,19.31,-6.44,14.6,17.74,28.06,3.57,26.77,23.32
000728.SZ,国元证券,18.49,19.99,1.09,4.45,4.48,,2.2,0.0,,31.07,18.06,13.77,0.34,77.25,1.45,8.98,8.25
300315.SZ,掌趣科技,62.19,96.1,3.32,3.41,4.05,2.13,,0.0,77.5,30.12,33.13,-18.13,5.04,8.31,-5.3,56.32,30.71
301337.SZ,亚华电子,-144.14,-980.95,3.39,-2.04,-1.74,-2.47,0.82,0.0,40.22,-14.31,-192.06,15.03,,8.23,扣非亏损,扣非亏损,亏损
688660.SH,电气风电,-19.78,-10.86,2.33,-8.58,-8.46,-1.46,,0.0,17.08,-15.22,34.44,-16.32,0.13,79.88,扣非亏损,扣非亏损,亏损
301220.SZ,亚香股份,42.8,47.95,1.59,2.74,2.82,2.51,0.61,0.0,27.81,7.77,-30.96,3.66,0.4,20.86,13.11,35.04,30.35
301105.SZ,鸿铭股份,302.23,-116.63,1.85,0.37,0.46,0.05,2.66,0.0,33.64,2.43,475.39,-15.99,,11.7,扣非亏损,扣非转亏,1314.03
603596.SH,伯特利,30.43,30.87,5.09,11.94,13.08,7.87,0.49,0.0,21.29,11.99,30.85,36.11,0.03,41.99,0.85,5.17,4.65
000539.SZ,粤电力A,13.1,29.45,1.09,6.52,6.43,2.71,0.41,0.0,13.82,4.88,-13.09,21.09,0.02,79.01,1.4,9.03,4.07
600691.SH,阳煤化工,-11.46,-4.96,1.39,-9.86,-8.69,-1.07,,0.0,4.96,-5.92,-77.72,-8.25,,80.2,扣非亏损,扣非亏损,亏损
000969.SZ,安泰科技,26.96,43.45,2.23,4.34,6.4,3.53,0.89,0.0,17.89,6.81,36.1,18.23,9.2,41.87,2.38,20.0,8.42
601600.SH,中国铝业,11.5,13.3,2.08,13.62,14.09,9.22,1.42,20.05,15.23,8.65,76.81,6.58,3.18,48.68,2.02,0.98,0.82
002655.SZ,共达电声,65.6,64.0,7.69,8.99,9.18,5.51,0.22,0.0,27.32,7.22,75.11,-6.11,1.48,55.15,-10.47,14.24,14.29
688533.SH,上声电子,24.3,31.23,4.3,10.67,13.7,8.16,0.81,0.0,26.31,9.37,38.01,29.02,,53.73,1.08,5.85,3.55
000425.SZ,徐工机械,13.47,19.01,1.62,8.5,9.13,4.42,3.3,0.0,23.63,7.74,11.85,-2.23,,63.84,-8.51,4.47,2.95
300977.SZ,深圳瑞捷,137.79,341.97,2.16,0.6,1.16,1.05,1.18,0.0,37.39,5.18,-60.36,-1.57,,10.01,-217.83,1148.7,237.58
688659.SH,元琛科技,154.43,-55.33,2.29,0.38,1.1,1.23,,0.0,27.39,1.48,153.27,5.13,,57.72,扣非亏损,扣非转亏,280.77
000970.SZ,中科三环,-251.08,-285.24,2.19,-0.95,-0.64,-0.08,0.48,0.0,10.5,-0.92,-130.08,25.2,0.33,25.5,扣非亏损,扣非亏损,亏损
002832.SZ,比音勒芬,11.63,13.48,2.32,14.72,14.62,12.88,3.15,0.0,76.42,25.4,1.3,15.58,,24.5,0.87,1.83,1.59
003015.SZ,日久光电,58.98,139.14,4.61,5.3,5.85,5.47,0.85,0.0,26.95,12.7,8340.85,-2.55,,14.75,-54.48,52.54,20.16
835985.BJ,海泰新能,21.02,22.11,3.26,10.72,11.71,5.55,2.47,0.0,22.91,6.08,95.42,25.4,,68.62,0.87,4.13,3.59
002402.SZ,和而泰,30.34,45.3,3.1,7.25,7.74,3.55,1.05,0.0,18.11,4.62,7.21,17.93,10.15,54.1,2.53,12.5,7.84
603178.SH,圣龙股份,592.49,-140.32,4.26,-4.02,0.54,0.5,0.15,0.0,9.97,0.6,-948.53,6.46,,45.24,扣非亏损,扣非亏损,2194.42
688786.SH,悦安新材,41.84,44.21,4.44,7.38,7.97,6.91,1.35,0.0,34.93,17.97,-3.71,16.27,0.14,19.65,2.72,11.98,10.5
601366.SH,利群股份,141.62,-62.46,1.16,-1.04,0.61,1.92,0.55,0.0,32.27,0.36,-222.37,-2.8,,74.01,扣非亏损,扣非亏损,464.32
002094.SZ,青岛金王,62.19,222.84,3.59,4.12,4.43,4.23,,0.0,20.95,4.75,118.02,-14.2,3.13,56.01,-15.7,108.26,28.08
603739.SH,蔚蓝生物,72.24,128.98,2.28,1.35,2.39,3.25,0.66,0.0,44.18,6.46,-33.4,8.0,4.53,38.62,16.13,190.39,60.46
300568.SZ,星源材质,34.57,67.64,1.64,2.72,3.61,2.35,1.43,0.0,30.22,13.46,-53.49,50.63,,51.99,1.34,49.73,19.15
300138.SZ,晨光生物,54.05,80.81,1.62,0.45,1.92,1.58,0.97,0.0,7.37,0.87,-95.53,20.96,0.02,59.89,3.86,362.93,56.31
001330.SZ,博纳影业,-17.89,-11.96,1.45,-6.64,-5.89,-1.4,,0.0,-2.6,-37.03,8.43,12.8,1.65,60.01,扣非亏损,扣非亏损,亏损
002782.SZ,可立克,33.29,36.34,3.55,7.85,8.16,4.3,0.57,0.0,13.48,4.72,25.31,56.62,2.28,51.91,0.64,9.25,8.16
605155.SH,西大门,16.86,19.43,1.58,6.97,7.09,6.85,1.29,0.0,42.41,14.74,17.4,22.11,,7.41,0.88,5.57,4.76
688098.SH,申联生物,-123.41,-115.25,1.59,-1.05,-0.96,-1.25,0.47,0.0,61.12,-6.85,-152.34,-3.48,,6.72,扣非亏损,扣非亏损,亏损
301079.SZ,邵阳液压,87.12,5045.79,4.02,3.01,3.46,2.16,0.06,0.0,23.11,6.21,-4.89,-5.69,,48.63,-886.26,3353.57,50.36
600167.SH,联美控股,20.53,19.38,1.28,4.59,4.58,3.08,3.53,0.0,31.9,22.83,-19.73,-1.75,0.61,29.32,-11.08,8.44,8.97
688798.SH,艾为电子,72.96,64.44,4.48,3.63,4.74,3.72,0.07,0.0,29.69,7.52,161.11,24.26,,21.78,2.66,35.49,30.79
301591.SZ,肯特股份,43.57,47.51,3.99,8.76,7.72,8.93,,0.0,38.98,18.22,-0.25,4.73,,7.66,10.05,10.85,11.29
001215.SZ,千味央厨,34.0,30.35,2.07,5.42,4.68,4.97,0.36,0.0,24.25,5.93,-1.25,26.48,0.61,22.3,1.15,11.19,14.53
002667.SZ,威领股份,-19.01,-10.73,5.08,-20.23,-18.22,-8.44,,0.0,7.03,-38.64,-64.43,131.04,18.83,50.63,扣非亏损,扣非亏损,亏损
688521.SH,芯原股份,-56.0,-50.6,12.8,-16.85,-15.8,-8.05,,0.0,42.52,-23.99,-170.47,18.18,7.67,51.05,扣非亏损,扣非亏损,亏损
600728.SH,佳都科技,-42.05,108.8,1.45,0.13,-2.53,-1.69,0.32,0.0,12.67,-4.0,108.23,15.88,2.5,44.66,6.85,1642.2,亏损
600867.SH,通化东宝,-200.87,32.58,2.77,1.98,-0.96,-1.51,2.31,0.0,74.47,-4.59,-82.16,2.9,,9.74,11.23,32.9,亏损
831627.BJ,力王股份,89.58,105.11,5.25,4.04,4.34,2.58,2.45,0.0,14.51,3.61,-26.38,11.95,0.07,41.16,8.8,51.98,41.28
688009.SH,中国通号,22.73,23.18,1.6,4.83,4.91,2.74,3.88,0.0,30.06,13.08,-7.45,-2.52,0.57,58.08,-9.21,9.61,9.26
833346.BJ,威贸电子,59.3,69.66,5.55,6.25,7.08,6.47,1.98,0.0,30.5,16.35,1.69,11.04,,13.0,6.31,22.29,16.75
000552.SZ,甘肃能化,11.09,13.5,0.91,5.9,5.87,4.29,3.28,0.0,32.65,13.24,-37.4,15.16,,45.48,0.89,4.57,3.78
002005.SZ,ST德豪,-43.26,-17.48,9.1,-17.1,-14.02,-3.02,,0.0,18.33,-9.05,69.96,-27.59,,63.88,扣非亏损,扣非亏损,亏损
300303.SZ,聚飞光电,35.01,54.72,3.24,5.1,7.36,4.76,1.69,0.0,24.84,10.33,19.14,2.44,0.57,42.82,22.45,21.45,9.51
002397.SZ,梦洁股份,77.03,-623.47,1.79,1.03,1.76,1.51,,0.0,40.62,1.65,-53.91,-0.15,4.14,54.8,扣非亏损,扣非转亏,87.53
003027.SZ,同兴环保,72.41,2882.59,1.12,0.4,1.15,0.79,0.33,0.0,19.13,5.44,-59.93,1.58,1.32,25.21,1821.08,14529.18,125.93
835670.BJ,数字人,-214.5,-110.63,8.85,-5.79,-3.0,-3.05,0.39,0.0,69.36,-25.9,-211.62,1.25,,9.07,扣非亏损,扣非亏损,亏损
301628.SZ,强达电路,75.4,84.18,7.66,13.22,14.46,10.51,,0.0,31.27,13.62,16.11,-2.44,,30.63,-34.51,12.74,10.43
002958.SZ,青农商行,4.01,6.66,0.48,7.83,8.88,,3.82,0.0,,37.94,7.51,2.66,,91.31,2.5,1.7,0.9
603690.SH,至纯科技,45.75,89.68,2.36,3.64,3.84,3.07,0.75,0.0,35.38,6.08,19.3,32.94,4.7,62.73,2.72,49.24,23.83
300700.SZ,岱勒新材,-31.35,-24.82,3.16,-7.16,-7.02,-4.44,0.74,0.0,-3.23,-30.19,-151.64,60.28,13.64,41.39,扣非亏损,扣非亏损,亏损
872895.BJ,花溪科技,159.43,-602.72,4.32,0.71,1.87,1.36,2.41,0.0,27.93,6.15,-67.22,-12.38,,12.78,扣非亏损,扣非转亏,170.52
300012.SZ,华测检测,25.59,31.64,3.78,10.83,11.59,9.59,0.7,0.0,50.88,17.11,3.18,16.36,13.41,21.92,1.93,5.84,4.42
000028.SZ,国药一致,12.61,12.67,0.99,5.77,5.99,3.09,2.35,0.0,10.87,1.94,-10.39,8.27,12.68,58.34,1.53,4.39,4.21
688136.SH,科兴制药,160.47,-37.83,2.27,1.5,1.06,2.69,,0.0,69.86,1.32,130.36,1.13,,45.99,扣非亏损,扣非转亏,302.77
300838.SZ,浙江力诺,57.33,35.11,1.82,2.09,2.37,1.63,1.53,0.0,20.6,3.26,-70.63,34.46,3.55,39.17,1.02,33.53,48.38
000716.SZ,黑芝麻,105.44,125.54,2.32,1.76,1.63,2.31,0.83,0.0,23.04,3.21,39.53,-10.51,13.05,40.13,-11.94,142.97,129.37
603331.SH,百达精工,70.29,53.13,1.58,1.25,1.68,0.71,1.53,0.0,21.69,0.82,-84.14,14.46,,58.62,3.67,84.69,83.67
603727.SH,博迈科,27.3,32.9,1.07,3.41,2.93,1.39,1.2,0.0,14.96,5.38,263.83,-2.34,,34.27,-14.04,19.31,18.63
002820.SZ,桂发祥,37.42,56.16,1.92,3.58,3.76,3.54,1.75,0.0,46.24,8.87,-42.71,29.24,0.36,8.63,1.92,31.4,19.9
002528.SZ,ST英飞拓,-41.13,-9.6,10.17,-24.74,-18.6,-1.93,,0.0,27.59,-10.98,73.59,-35.34,0.1,84.86,扣非亏损,扣非亏损,亏损
301232.SZ,飞沃科技,-23.74,-31.05,1.58,-5.06,-4.85,-1.93,2.06,0.0,8.23,-6.62,-237.13,11.92,,55.04,扣非亏损,扣非亏损,亏损
600171.SH,上海贝岭,103.28,136.93,7.73,4.53,5.74,4.73,0.7,0.0,28.58,12.76,58.95,19.16,17.2,13.82,7.15,60.49,35.99
002491.SZ,通鼎互联,508.08,-689.13,2.22,1.33,0.33,1.48,,0.0,19.75,0.33,-62.09,-1.54,,57.09,扣非亏损,扣非转亏,3079.3
603380.SH,易德龙,20.91,23.73,2.66,9.58,9.89,7.81,1.02,0.0,26.59,9.12,80.33,15.23,,36.34,1.56,4.95,4.23
600790.SH,轻纺城,18.61,30.86,0.87,3.29,3.6,2.34,2.52,0.0,47.77,31.46,-12.69,1.93,0.18,46.55,15.96,18.74,10.34
605183.SH,确成股份,14.64,15.55,2.33,11.99,12.29,12.04,2.39,0.0,33.19,23.2,28.73,20.76,,12.35,0.75,2.6,2.38
300160.SZ,秀强股份,19.58,24.32,1.9,7.12,7.44,6.93,1.69,0.0,30.04,16.06,4.16,4.03,,15.57,6.03,6.83,5.26
300835.SZ,龙磁科技,32.74,40.2,4.14,8.34,9.52,5.51,0.69,0.0,30.67,11.48,74.09,24.86,10.43,50.12,1.62,9.64,6.88
002995.SZ,天地在线,-85.92,-80.08,3.66,-3.3,-3.15,-2.74,,0.0,6.17,-2.82,0.92,-13.42,,24.38,扣非亏损,扣非亏损,亏损
002078.SZ,太阳纸业,12.3,11.42,1.46,9.64,9.09,6.47,2.47,0.0,16.35,7.97,24.26,23.77,0.07,46.37,0.48,2.37,2.71
600319.SH,亚星化学,-15.32,-14.58,3.68,-17.89,-16.52,-1.95,,0.0,2.0,-15.06,-32.48,209.24,,75.42,扣非亏损,扣非亏损,亏损
600617.SH,国新能源,-442.38,-43.96,1.68,-5.75,-0.27,2.22,3.76,0.0,8.36,-0.02,-7.57,11.69,0.11,85.69,扣非亏损,扣非亏损,亏损
002376.SZ,新北洋,88.44,113.04,1.61,0.76,1.25,2.19,1.97,0.0,32.91,4.43,323.74,-2.45,9.82,40.19,-46.16,298.69,141.51
600548.SH,深高速,12.44,11.12,1.25,5.51,6.66,3.95,6.12,0.0,39.04,25.61,-13.45,6.9,0.73,58.4,1.61,4.04,3.74
600789.SH,鲁抗医药,20.06,52.86,2.38,3.56,9.23,4.65,1.26,5.98,21.82,7.65,0.61,13.53,,55.92,3.91,14.87,2.17
002135.SZ,东南网架,24.48,29.03,0.87,2.09,2.56,1.58,1.73,0.0,8.09,1.8,-48.01,12.18,0.01,67.53,2.38,27.76,19.13
601828.SH,美凯龙,-7.25,-9.38,0.38,-2.16,-3.88,-0.19,1.19,0.0,59.42,-32.84,-199.1,-6.15,0.19,57.24,扣非亏损,扣非亏损,亏损
002501.SZ,利源股份,-42.47,-35.01,6.93,-11.88,-11.51,-7.08,,0.0,-19.32,-49.19,6.44,94.86,,34.62,扣非亏损,扣非亏损,亏损
688197.SH,首药控股,-25.69,-23.78,6.36,-18.29,-17.0,-15.74,,0.0,,-4209.95,-22.09,61.96,,12.57,扣非亏损,扣非亏损,亏损
688403.SH,汇成股份,62.95,61.89,2.73,2.73,3.23,2.74,0.95,0.0,21.1,9.42,-26.83,26.14,,30.96,2.37,45.27,38.98
300469.SZ,信息发展,-84.23,-37.81,14.28,-13.15,-11.96,-6.98,,0.0,22.59,-62.62,-3.79,-23.42,,47.24,扣非亏损,扣非亏损,亏损
000985.SZ,大庆华科,66.15,57.62,4.48,5.23,5.08,4.96,0.11,0.0,7.73,2.07,305.17,6.7,,21.27,8.6,22.05,26.04
002983.SZ,芯瑞达,49.35,56.59,3.8,5.0,5.68,4.56,1.13,0.0,19.92,9.8,-47.96,28.71,,23.66,1.97,22.63,17.38
300847.SZ,中船汉光,45.56,51.39,4.18,6.82,7.03,7.0,0.58,0.0,19.93,11.13,32.64,7.16,,9.73,7.18,15.08,12.96
000068.SZ,华控赛格,-40.11,-22.47,6.43,-11.46,-11.35,-1.71,,0.0,2.63,-15.02,29.66,103.6,,74.4,扣非亏损,扣非亏损,亏损
601518.SH,吉林高速,9.97,10.1,0.99,7.57,7.59,8.3,3.53,0.0,70.18,48.77,-0.88,21.16,,16.61,0.48,2.67,2.63
000503.SZ,国新健康,-359.35,-138.96,10.67,-7.74,-2.2,-1.59,,0.0,3.42,-16.0,7.69,17.03,,24.97,扣非亏损,扣非亏损,亏损
002066.SZ,瑞泰科技,49.53,53.63,3.88,4.69,5.94,2.77,0.9,0.0,15.13,2.67,6.41,3.29,0.42,71.25,16.3,22.85,16.68
603379.SH,三美股份,29.8,37.91,3.58,9.05,9.19,9.34,0.68,0.0,28.28,18.4,222.66,12.17,,9.26,3.11,8.37,6.48
301015.SZ,百洋医药,19.43,21.82,7.51,24.52,22.95,15.83,2.12,0.0,35.72,11.24,26.22,9.05,4.28,63.53,2.41,1.78,1.69
600605.SH,汇通能源,64.92,442.52,6.15,1.61,7.49,7.12,2.16,0.0,46.17,96.56,55.86,12.61,,14.32,35.08,549.24,17.34
300904.SZ,威力传动,177.04,-83.24,4.74,-5.46,1.96,1.22,1.59,0.0,15.7,4.89,-670.59,-6.91,,57.3,扣非亏损,扣非亏损,180.65
003036.SZ,泰坦股份,19.88,29.92,1.58,4.67,6.2,3.41,3.39,0.0,16.34,6.79,-38.96,34.14,1.27,53.81,0.88,12.81,6.41
002123.SZ,梦网科技,226.8,-5.03,5.56,0.79,1.86,1.78,0.23,0.0,8.97,1.14,136.57,24.3,,58.62,扣非亏损,扣非转亏,243.87
603207.SH,小方制药,21.62,,3.92,18.26,18.26,18.09,,0.0,65.86,44.03,-1.49,3.28,,11.91,,,2.37
688025.SH,杰普特,37.68,47.18,2.59,4.65,5.17,3.89,0.38,0.0,40.2,9.12,35.82,14.26,0.67,25.29,3.31,20.3,14.58
603392.SH,万泰生物,266.1,-171.01,7.62,0.33,2.12,1.34,0.43,0.0,71.83,13.88,-97.55,62.68,,14.45,扣非亏损,扣非转亏,251.03
300698.SZ,万马科技,145.32,112.51,12.76,6.48,6.41,3.84,,0.0,37.31,8.1,-22.44,2.61,,48.82,43.18,34.74,45.34
300172.SZ,中电环保,34.29,82.72,2.04,3.62,4.54,3.57,0.56,0.0,27.73,14.66,-8.03,3.47,,28.77,23.86,45.66,15.1
870656.BJ,海昇药业,38.85,34.01,2.72,7.16,5.59,6.51,142.86,0.0,40.11,28.66,-50.15,-18.65,,5.76,-1.82,9.5,13.9
301439.SZ,泓淋电力,30.14,39.21,1.94,4.71,4.77,2.77,2.05,0.0,11.84,5.52,-5.42,21.63,,29.14,1.81,16.66,12.64
300823.SZ,建科智能,43.85,42.07,1.91,2.88,3.23,2.75,2.73,0.0,41.94,10.08,-2.94,-0.16,,23.09,-256.04,29.26,27.15
603219.SH,富佳股份,40.33,38.15,5.02,8.68,9.07,4.89,2.21,0.0,17.06,7.66,-25.9,9.27,0.93,46.69,4.12,8.79,8.89
688278.SH,特宝生物,43.65,43.05,14.24,28.05,26.65,25.55,0.78,0.0,93.35,28.35,41.34,38.34,,15.61,1.12,3.07,3.28
000768.SZ,中航西飞,64.86,87.38,4.03,4.45,5.53,1.27,0.45,0.0,7.36,3.27,16.38,6.61,,73.39,13.21,39.29,23.46
301358.SZ,湖南裕能,59.85,78.25,3.41,4.18,4.31,2.6,1.23,0.0,7.88,3.08,-68.15,380.36,1.56,58.14,0.21,37.44,27.77
600777.SH,ST新潮,7.04,5.84,0.72,8.75,7.89,7.13,,0.0,50.55,25.69,-2.32,35.0,,36.46,0.17,1.34,1.78
300686.SZ,智动力,-24.42,-15.73,2.35,-7.37,-6.95,-2.79,,0.0,7.56,-7.02,52.83,-15.57,,48.99,扣非亏损,扣非亏损,亏损
831832.BJ,科达自控,61.95,40.72,2.89,2.34,3.56,2.56,1.12,0.0,40.76,7.99,28.5,29.81,0.16,49.6,1.37,34.87,34.8
001979.SZ,招商蛇口,30.68,23.91,1.09,1.46,2.04,0.73,3.36,0.0,9.95,4.38,-43.32,11.16,0.7,68.63,2.14,32.74,30.08
002388.SZ,新亚制程,3598.88,-14.22,2.48,0.56,0.05,-0.16,,0.0,11.87,-1.15,172.94,4.86,8.7,49.77,扣非亏损,扣非转亏,143955.28
600158.SH,中体产业,260.36,58.34,3.09,0.92,0.89,1.96,0.3,0.0,28.06,6.06,164.07,45.55,0.99,39.63,1.28,126.49,585.07
600183.SH,生益科技,29.58,34.65,3.77,9.27,9.64,6.54,2.46,0.0,22.02,9.84,55.8,6.32,,39.6,5.48,7.48,6.14
688185.SH,康希诺,-57.96,-21.68,3.4,-5.05,-4.31,-2.64,,0.0,74.2,-40.06,75.8,5677.8,,36.62,扣非亏损,扣非亏损,亏损
002091.SZ,江苏国泰,10.53,10.03,0.82,5.53,5.72,4.52,3.83,0.0,15.12,5.08,-24.03,8.72,0.02,50.15,1.15,3.63,3.68
600320.SH,振华重工,38.7,103.71,1.47,0.84,2.76,1.37,1.51,0.0,12.38,2.38,-30.82,13.32,1.48,77.7,7.78,247.43,28.05
301027.SZ,华蓝集团,-63.23,1619.57,2.1,-2.77,-2.47,-1.21,0.1,0.0,35.27,-7.48,-92.15,-12.7,0.1,51.52,-127.48,扣非亏损,亏损
603126.SH,中材节能,106.47,82.57,1.84,0.83,1.28,0.74,1.23,0.0,18.99,2.36,-79.72,5.99,0.05,51.56,13.78,198.33,166.36
002742.SZ,ST三圣,-37.09,-4.31,10.2,-59.69,-9.16,3.38,,0.0,19.45,-3.2,-25.17,-7.06,125.36,88.02,扣非亏损,扣非亏损,亏损
300228.SZ,富瑞特装,26.09,20.69,2.14,6.03,6.39,4.9,0.56,0.0,19.83,6.18,171.81,26.11,0.13,47.71,0.79,6.86,8.17
688701.SH,卓锦股份,-16.22,-8.64,3.84,-16.45,-16.32,-5.81,,0.0,12.58,-22.76,24.67,7.3,,60.78,扣非亏损,扣非亏损,亏损
600846.SH,同济科技,12.76,17.94,1.31,4.56,7.79,3.14,2.15,0.0,11.07,11.02,-21.18,1.82,1.08,64.33,9.84,7.87,3.28
600871.SH,石化油服,45.26,98.02,4.52,4.9,8.09,2.38,,0.0,7.92,1.23,15.74,5.55,,88.08,17.65,39.97,11.19
002054.SZ,德美化工,38.8,61.69,1.11,2.03,2.12,1.29,1.03,0.0,23.12,-1.05,44.91,26.92,2.74,56.71,2.29,60.82,36.61
603151.SH,邦基科技,33.38,35.37,1.54,3.12,3.45,3.0,1.33,0.0,9.38,2.7,-42.74,-0.39,,28.34,-90.82,22.68,19.35
002778.SZ,中晟高科,-47.2,-12.86,5.79,-10.67,-8.8,-0.26,,0.0,12.91,-8.22,-99.03,-13.12,21.54,62.48,扣非亏损,扣非亏损,亏损
002478.SZ,常宝股份,8.88,10.37,0.9,6.58,7.72,5.63,5.14,0.0,16.52,10.26,-39.19,20.5,0.17,28.14,0.51,3.15,2.3
002971.SZ,和远气体,59.99,57.66,3.52,3.72,4.45,2.47,0.36,0.0,18.82,5.01,2.85,26.26,0.75,72.87,2.2,31.02,26.96
300069.SZ,金利华电,84.32,484.16,6.98,5.19,6.41,3.82,,0.0,30.03,9.69,551.33,28.6,,47.19,16.93,186.46,26.31
300457.SZ,赢合科技,25.76,30.53,2.59,7.57,7.77,6.36,0.95,0.0,30.99,14.39,4.65,66.54,4.36,53.01,0.46,8.07,6.63
300859.SZ,西域旅游,47.52,76.23,9.29,15.21,15.28,15.91,1.08,0.0,65.22,43.4,-7.48,119.62,,16.18,0.64,10.02,6.22
000997.SZ,新大陆,19.55,21.02,3.05,12.27,12.16,7.1,2.55,0.0,38.03,17.71,-7.75,6.53,9.73,41.58,3.22,3.43,3.22
300916.SZ,朗特智能,33.09,33.87,3.57,7.53,8.29,5.72,1.23,0.0,16.6,8.54,98.64,12.72,,27.33,2.66,8.99,7.98
002466.SZ,天齐锂业,-9.02,-10.49,1.58,-12.07,-11.95,4.29,2.42,0.0,49.03,17.23,-171.87,188.17,0.83,28.43,扣非亏损,扣非亏损,亏损
831087.BJ,秋乐种业,194.95,45.02,4.61,-0.95,1.73,0.87,1.72,0.0,20.28,5.64,-137.39,25.31,,41.46,1.78,转盈,225.38
603779.SH,威龙股份,655.88,-32.48,6.69,0.59,0.77,2.09,,0.0,51.88,1.42,138.31,1.05,,50.55,扣非亏损,扣非转亏,1703.57
600089.SH,特变电工,12.79,13.76,1.14,6.08,6.8,3.18,1.45,0.0,18.94,6.22,-55.96,26.08,0.14,56.8,0.53,4.53,3.76
688173.SH,希荻微,-18.58,-17.55,3.06,-11.93,-11.48,-10.29,,0.0,33.54,-57.18,-76.92,31.3,3.98,15.41,扣非亏损,扣非亏损,亏损
688668.SH,鼎通科技,56.27,69.46,3.32,4.06,4.42,4.02,0.9,0.0,28.39,11.14,56.1,29.28,,14.53,2.37,34.18,25.46
003012.SZ,东鹏控股,18.39,19.34,0.99,3.85,4.01,2.73,3.64,0.0,31.23,6.56,-49.33,3.49,0.05,36.29,5.54,10.06,9.17
300928.SZ,华安鑫创,-60.14,-41.42,2.67,-3.53,-3.25,-3.73,0.3,0.0,7.86,-5.11,-202.59,3.75,,8.41,扣非亏损,扣非亏损,亏损
002537.SZ,海联金汇,121.22,61.73,2.01,4.75,1.32,1.49,,0.0,14.05,0.73,85.71,10.38,1.56,53.28,5.95,26.01,183.67
300070.SZ,碧水源,-391.79,92.88,0.83,-0.21,-0.16,0.38,0.86,0.0,27.77,0.94,-148.58,-2.23,2.14,62.01,-41.7,扣非亏损,亏损
301281.SZ,科源制药,82.26,132.85,3.26,2.02,2.98,2.72,0.88,0.0,39.27,11.95,-54.85,6.98,0.14,8.68,19.02,131.71,55.2
002835.SZ,同为股份,20.59,21.16,3.56,12.45,13.53,10.56,1.17,0.0,43.06,17.41,47.5,11.95,,20.6,1.77,3.4,3.04
836419.BJ,万德股份,30.89,34.86,2.08,4.24,4.97,4.46,2.61,0.0,18.63,6.31,-29.84,6.88,,19.29,5.06,16.46,12.43
000720.SZ,新能泰山,-90.62,-73.41,2.12,-1.75,-1.74,-0.27,,0.0,7.43,-5.23,15.16,-19.88,0.05,53.32,扣非亏损,扣非亏损,亏损
605399.SH,晨光新材,65.03,102.55,1.8,0.98,2.07,1.0,0.74,0.0,14.4,5.24,-47.45,33.99,,33.09,3.02,208.94,62.83
300433.SZ,蓝思科技,37.36,40.63,2.5,4.48,5.05,3.41,2.27,0.0,17.0,5.21,45.96,14.13,6.26,41.34,2.88,18.12,14.8
300504.SZ,天邑股份,94.25,327.51,2.16,1.8,1.7,1.66,1.09,0.0,16.2,2.65,-66.13,11.98,0.6,20.0,27.33,363.77,110.89
000422.SZ,湖北宜化,15.19,21.66,2.07,7.99,10.27,5.32,3.06,0.0,14.24,7.42,70.4,9.43,0.02,64.6,2.3,5.42,2.96
605158.SH,华达新材,25.63,20.71,1.84,4.71,5.4,1.84,2.63,0.0,5.66,2.64,-44.69,9.41,,68.71,2.2,8.8,9.49
301587.SZ,中瑞股份,60.11,,2.16,3.24,3.12,2.58,,0.0,29.7,11.15,,-10.07,,18.09,,,38.53
300135.SZ,宝利国际,425.15,-48.73,4.18,-2.75,0.73,0.73,,0.0,2.66,0.22,-21.08,2.72,,52.66,扣非亏损,扣非亏损,1164.79
600229.SH,城市传媒,28.36,54.55,1.54,3.24,4.05,4.42,3.58,0.0,27.95,6.79,-56.71,7.73,,26.73,7.05,33.67,14.0
001338.SZ,永顺泰,18.67,21.92,1.54,6.18,6.35,5.53,0.87,0.0,11.41,6.63,120.56,20.36,,18.52,1.08,7.09,5.88
002717.SZ,岭南股份,-15.77,-4.74,2.93,-16.8,-13.14,-0.64,,0.0,2.31,-34.46,-60.18,-30.47,18.32,85.08,扣非亏损,扣非亏损,亏损
600936.SH,广西广电,-7.06,-6.07,6.19,-51.49,-49.47,-6.03,,0.0,0.5,-65.33,-29.25,-13.41,,87.88,扣非亏损,扣非亏损,亏损
300253.SZ,卫宁健康,86.67,46.37,3.08,2.46,2.66,1.94,0.28,0.0,41.04,7.18,58.95,12.03,10.0,31.22,3.86,37.74,65.16
000719.SZ,中原传媒,16.69,12.03,1.03,4.46,4.64,3.75,4.32,0.0,36.77,7.82,-26.37,0.89,,36.07,13.56,5.39,7.19
600573.SH,惠泉啤酒,25.18,47.23,2.04,5.84,6.19,4.12,0.58,0.0,34.52,13.57,18.09,0.06,,23.42,852.08,16.17,8.14
002295.SZ,精艺股份,44.86,123.15,1.31,1.7,2.2,2.39,0.61,0.0,3.43,1.12,-4.53,-0.81,,33.1,-151.63,144.89,40.78
837748.BJ,路桥信息,-203.45,115.79,7.22,-3.46,-2.56,-2.12,0.43,0.0,35.13,-8.65,3.8,15.94,,38.4,7.26,扣非亏损,亏损
300516.SZ,久之洋,264.0,130.61,5.56,1.28,1.56,1.08,1.05,0.0,38.41,7.3,-60.5,2.13,,26.55,61.44,204.73,338.46
688607.SH,康众医疗,83.39,124.88,1.64,0.45,1.48,1.57,0.26,0.0,42.91,6.44,160.74,-1.85,,10.04,-67.46,552.58,112.69
000410.SZ,沈阳机床,-100.26,-63.51,17.84,-14.7,-12.54,-3.1,,0.0,8.05,-12.19,-8.88,4.9,,72.88,扣非亏损,扣非亏损,亏损
001267.SZ,汇绿生态,170.78,112.65,3.93,1.72,1.73,1.61,0.76,0.0,24.45,7.48,21.81,-4.64,,42.77,-24.3,130.81,197.44
600753.SH,庚星股份,-18.58,-20.09,11.22,-35.48,-36.09,-20.28,,0.0,0.11,-29.12,-102.33,-27.09,,46.05,扣非亏损,扣非亏损,亏损
603609.SH,禾丰股份,20.03,-40.62,1.19,4.34,4.3,3.01,,0.0,6.36,1.1,1429.69,14.9,0.0,50.0,扣非亏损,扣非转亏,9.32
002730.SZ,电光科技,32.57,29.32,1.85,4.21,4.27,2.81,1.37,0.0,40.23,8.48,-12.09,19.74,0.27,36.98,1.49,13.92,15.26
301108.SZ,洁雅股份,47.92,61.78,1.2,1.18,1.86,1.55,1.04,0.0,19.44,8.47,-70.82,-2.13,,13.12,-28.99,104.85,51.53
002042.SZ,华孚时尚,111.33,-21.32,1.17,-1.0,0.99,1.07,,0.0,5.08,0.65,-376.34,-0.52,2.39,63.55,扣非亏损,扣非亏损,224.91
688656.SH,浩欧博,204.47,210.07,8.98,3.13,3.27,3.27,1.15,0.0,64.35,8.65,-25.87,22.38,,19.62,9.39,134.18,125.06
603163.SH,圣晖集成,25.91,26.05,2.39,6.86,6.91,5.09,2.41,0.0,12.35,5.21,-33.82,24.77,,43.86,1.05,7.59,7.5
603538.SH,美诺华,37.04,398.43,1.48,2.46,2.96,2.03,0.1,0.0,31.88,7.13,-1.15,1.58,,50.93,252.92,324.19,25.03
600230.SH,沧州大化,165.21,2286.58,1.18,0.55,0.53,0.54,1.02,0.0,7.17,0.74,-89.44,35.24,,27.51,64.88,8287.7,617.95
002791.SZ,坚朗五金,248.41,70.5,1.91,0.02,0.64,0.66,0.25,0.0,31.3,1.1,-99.04,6.52,,41.56,10.81,5826.58,776.28
603863.SH,松炀资源,-47.55,-38.45,11.14,-17.13,-16.3,-5.83,,0.0,-6.41,-20.06,37.15,15.6,,57.66,扣非亏损,扣非亏损,亏损
603003.SH,*ST龙宇,-18.14,-22.98,0.56,-2.09,-2.26,-2.16,0.43,0.0,5.41,-7.81,-1636.12,-8.22,6.01,14.58,扣非亏损,扣非亏损,亏损
300082.SZ,奥克股份,-26.44,-17.32,1.68,-5.06,-4.65,-2.21,,0.0,1.63,-4.29,29.23,-10.26,2.35,43.98,扣非亏损,扣非亏损,亏损
300445.SZ,康斯特,30.74,33.17,3.17,7.36,7.91,7.5,0.46,0.0,64.67,24.66,19.16,19.91,0.82,7.96,1.67,9.02,7.77
301268.SZ,铭利达,-62.4,-74.8,3.58,-4.4,-3.91,-0.58,1.34,0.0,13.36,-5.1,-138.39,40.92,,61.09,扣非亏损,扣非亏损,亏损
600490.SH,鹏欣资源,-47.22,-33.65,1.23,-2.73,-1.93,-1.89,,0.0,3.58,-5.73,-180.27,-13.29,0.0,24.05,扣非亏损,扣非亏损,亏损
002030.SZ,达安基因,-13.76,-11.18,1.11,-5.03,-5.83,-5.86,0.15,0.0,39.98,-84.85,-487.9,3.49,,13.84,扣非亏损,扣非亏损,亏损
835579.BJ,机科股份,276.28,100.88,5.75,1.46,1.52,0.85,1.16,0.0,19.93,2.89,-32.15,14.91,,53.87,6.77,138.42,363.53
688062.SH,迈威生物,-10.64,-8.98,5.14,-31.75,-30.84,-15.0,,0.0,92.46,-493.29,-5.45,212.65,6.23,57.64,扣非亏损,扣非亏损,亏损
000973.SZ,佛塑科技,49.69,55.6,1.94,2.66,2.95,2.66,1.37,0.0,23.84,6.35,436.41,-0.62,0.66,24.73,-89.91,41.85,33.69
300147.SZ,香雪制药,-33.09,-23.19,5.63,-11.29,-12.0,-0.09,,0.0,31.1,-12.84,-51.66,-8.18,9.44,73.72,扣非亏损,扣非亏损,亏损
002454.SZ,松芝股份,24.55,50.76,1.18,2.82,3.64,2.26,0.8,0.0,18.9,4.44,46.54,12.31,2.39,40.96,4.12,36.05,13.49
000707.SZ,双环科技,8.43,7.68,1.56,14.29,14.66,9.64,1.75,0.0,21.87,14.82,-28.06,33.68,,37.99,0.23,1.08,1.15
603367.SH,辰欣药业,12.62,15.15,1.15,6.29,6.72,5.61,2.98,36.85,57.19,13.44,-2.49,6.73,,21.48,2.25,2.41,1.88
600500.SH,中化国际,-23.25,-5.86,1.06,-8.96,-3.38,-0.48,,0.0,2.31,-1.57,-39.43,6.41,10.15,60.96,扣非亏损,扣非亏损,亏损
600561.SH,江西长运,516.72,-18.74,1.81,-6.0,0.27,1.72,,0.0,-4.41,0.59,31.54,-4.95,0.49,75.79,扣非亏损,扣非亏损,3827.53
688001.SH,华兴源创,-224.16,-245.78,4.12,-2.08,-1.31,-0.64,0.49,0.0,47.98,-4.01,-146.23,5.16,15.88,31.38,扣非亏损,扣非亏损,亏损
688332.SH,中科蓝讯,34.54,45.25,2.45,4.56,5.39,4.06,1.1,0.0,22.92,16.56,26.45,17.11,,12.93,2.64,19.84,12.81
301197.SZ,工大科雅,-213.83,124.11,1.53,-1.38,-0.53,-0.55,0.53,0.0,42.64,-5.71,-366.78,7.72,,20.6,16.08,扣非亏损,亏损
001279.SZ,强邦新材,89.28,,8.61,11.27,11.63,7.22,,0.0,12.42,6.22,,-10.26,,36.54,,,15.35
000880.SZ,潍柴重机,18.91,23.51,1.79,6.44,7.27,2.0,1.69,0.0,12.09,5.14,7.86,4.42,,64.38,5.31,7.3,5.2
600307.SH,酒钢宏兴,-4.32,-4.19,1.36,-21.5,-21.17,-3.22,,0.0,4.98,-7.56,-381.86,3.85,,82.76,扣非亏损,扣非亏损,亏损
831856.BJ,浩淼科技,-223.16,-74.11,2.07,-0.88,-0.7,-0.6,,0.0,15.75,-1.3,-158.26,9.51,,40.55,扣非亏损,扣非亏损,亏损
603698.SH,航天工程,50.13,40.37,2.55,3.79,3.82,1.77,0.73,0.0,21.71,9.02,32.6,10.84,,37.07,3.72,21.29,26.25
000020.SZ,深华发A,218.59,214.12,10.89,3.52,3.81,2.76,,0.0,11.99,2.35,31.03,2.27,,42.16,94.32,121.57,114.74
300241.SZ,瑞丰光电,69.19,813.39,1.93,1.81,2.12,1.83,,0.0,24.56,4.38,203.43,4.41,,35.71,184.34,898.87,65.27
002729.SZ,好利科技,56.66,82.02,4.98,6.52,6.78,6.15,0.12,0.0,33.08,12.37,391.89,17.22,,16.67,4.76,25.17,16.72
688266.SH,泽璟制药,-138.22,-85.91,13.84,-7.12,-6.13,-4.59,,0.0,92.96,-28.55,57.02,224.94,,56.09,扣非亏损,扣非亏损,亏损
603102.SH,百合股份,14.5,14.72,1.42,7.12,7.46,7.14,1.93,0.0,37.94,19.24,-7.79,14.72,0.03,10.12,1.0,4.13,3.89
301362.SZ,民爆光电,19.25,25.51,1.92,6.39,7.34,6.16,6.09,0.0,31.03,15.01,-9.32,1.1,,15.59,23.22,7.98,5.25
600765.SH,中航重机,24.13,26.57,2.65,8.09,8.48,4.78,1.41,0.0,31.48,14.17,-6.1,17.18,0.53,51.61,1.55,6.57,5.69
688597.SH,煜邦电力,30.96,32.54,3.09,5.52,6.5,4.04,0.56,0.0,38.59,10.27,263.04,11.52,,50.16,2.82,11.79,9.52
836807.BJ,奔朗新材,60.51,70.02,2.26,2.65,2.78,1.85,2.42,0.0,29.42,5.79,-15.63,0.51,0.47,30.58,138.63,52.9,43.53
688320.SH,禾川科技,-43.84,-44.7,3.36,-6.09,-5.43,-3.94,0.27,0.0,26.98,-13.19,-306.75,27.34,0.23,34.58,扣非亏损,扣非亏损,亏损
688561.SH,奇安信,-15.13,-253.63,2.63,-13.59,-12.27,-7.43,,0.0,55.82,-43.57,0.24,16.75,17.56,38.94,扣非亏损,扣非亏损,亏损
000638.SZ,万方发展,108.38,-60.53,10.9,0.3,7.65,3.76,,0.0,10.19,10.24,104.19,48.54,3.46,45.76,扣非亏损,扣非转亏,28.34
603686.SH,福龙马,25.03,28.7,1.16,3.12,3.46,3.61,2.44,0.0,20.51,4.39,-38.23,-1.88,,44.93,-15.27,18.41,14.47
601212.SH,白银有色,-56.44,-181.85,1.54,-2.24,-2.04,2.76,0.13,0.0,4.71,0.32,-483.45,12.74,3.13,65.41,扣非亏损,扣非亏损,亏损
605500.SH,森林包装,16.98,15.92,1.21,5.12,5.43,4.08,1.89,0.0,13.76,7.98,45.24,4.2,,24.36,3.79,6.23,6.26
603256.SH,宏和科技,726.67,-233.67,5.21,-0.17,0.54,1.32,,0.0,16.45,1.25,95.6,4.66,,44.06,扣非亏损,扣非亏损,2691.37
002206.SZ,海利得,13.26,14.45,1.38,7.58,7.9,5.01,2.99,0.0,15.68,6.81,1.51,18.35,,45.33,0.79,3.81,3.36
603079.SH,圣达生物,93.28,-63.54,2.15,0.77,1.73,1.76,0.41,0.0,20.19,4.5,194.44,-5.64,0.86,26.76,扣非亏损,扣非转亏,107.84
002196.SZ,方正电机,251931.03,-151.08,2.08,-0.18,0.0,0.66,,0.0,13.46,-0.01,-115.85,31.94,4.56,63.78,扣非亏损,扣非亏损,inf
001218.SZ,丽臣实业,21.78,22.34,1.01,3.27,3.52,2.33,3.01,0.0,11.42,2.95,-28.08,11.14,,20.05,2.01,13.66,12.37
002430.SZ,杭氧股份,28.83,27.45,2.92,7.0,7.69,4.35,3.42,0.0,20.41,7.12,-22.18,10.09,2.57,57.63,2.72,7.84,7.5
300300.SZ,ST峡创,-31.72,-11.36,16.08,-41.25,-32.03,-0.97,,0.0,-8.91,-59.27,2.31,-18.37,,87.65,扣非亏损,扣非亏损,亏损
300094.SZ,国联水产,-50.3,-13.41,2.14,-3.74,-3.13,-0.83,,0.0,11.64,-3.02,60.77,3.28,,46.36,扣非亏损,扣非亏损,亏损
605077.SH,华康股份,19.16,17.95,1.62,5.83,5.97,3.37,3.23,0.0,20.89,8.9,-33.48,28.43,11.07,49.11,0.63,6.16,6.42
002860.SZ,星帅尔,14.79,19.22,1.68,7.77,8.3,5.29,0.77,0.0,18.92,9.8,-19.41,45.92,2.96,43.94,0.42,4.95,3.56
300352.SZ,北信源,-145.17,-218.46,6.14,-3.17,-3.13,-2.63,,0.0,72.87,-12.95,-1508.92,3.84,3.34,35.51,扣非亏损,扣非亏损,亏损
300782.SZ,卓胜微,98.45,80.33,5.47,4.14,4.25,3.08,0.16,0.0,40.52,12.62,-49.11,21.46,,25.33,3.74,38.8,46.33
000626.SZ,远大控股,-31.86,-5.86,1.26,-3.06,-2.93,0.14,,0.0,0.66,-0.08,65.61,14.64,26.25,66.87,扣非亏损,扣非亏损,亏损
301322.SZ,绿通科技,23.96,24.23,1.41,3.9,4.35,4.05,4.62,0.0,27.76,19.61,-44.76,33.48,,6.5,0.72,12.42,11.02
600654.SH,中安科,714.16,-3608.76,6.23,-1.74,0.67,0.93,,0.0,15.92,0.53,-73.31,-1.03,19.26,54.41,扣非亏损,扣非亏损,2131.81
301309.SZ,万得凯,18.58,20.11,1.89,7.6,7.82,6.63,1.07,0.0,23.78,15.53,53.18,8.74,,10.92,2.3,5.29,4.75
601011.SH,宝泰隆,-13.58,-2.77,0.84,-4.49,-4.51,-2.33,,0.0,-6.06,-25.92,-895.52,12.66,1.03,47.2,扣非亏损,扣非亏损,亏损
832491.BJ,奥迪威,43.72,53.69,4.03,6.5,7.09,5.83,1.05,0.0,35.16,15.11,1.05,12.81,,13.74,4.19,16.51,12.33
301293.SZ,三博脑科,81.89,105.49,4.97,3.86,4.44,4.75,0.15,0.0,24.97,11.05,18.28,10.63,1.01,16.44,9.93,54.61,36.89
301052.SZ,果麦文化,100.76,82.48,4.1,2.58,3.12,2.64,0.22,0.0,47.95,5.41,-53.86,11.16,,21.47,7.39,63.84,64.59
603080.SH,新疆火炬,14.09,17.85,1.64,8.94,9.0,6.97,2.82,0.0,27.06,13.59,4.82,18.57,13.51,28.97,0.96,4.0,3.13
688349.SH,三一重能,39.45,24.28,2.86,4.82,5.35,1.88,2.06,0.0,15.53,7.55,-18.61,17.13,,66.09,1.42,10.07,14.75
601200.SH,上海环境,17.13,20.38,1.03,4.52,4.6,3.21,1.11,0.0,29.95,14.07,7.82,15.42,0.12,55.63,1.32,9.01,7.45
000032.SZ,深桑达A,-147.96,372.91,4.12,-5.44,-2.02,0.99,0.52,0.0,9.13,0.07,-0.47,21.2,1.23,82.56,17.59,扣非亏损,亏损
688573.SH,信宇人,-20.54,-66.48,2.31,-8.51,-7.85,-3.62,0.67,0.0,23.13,-25.88,-450.54,6.71,,61.44,扣非亏损,扣非亏损,亏损
000839.SZ,中信国安,75.92,-70.66,11.05,-5.03,11.36,4.8,,0.0,14.8,7.76,3.97,8.23,,88.2,扣非亏损,扣非亏损,13.37
000892.SZ,欢瑞世纪,-44.46,-8.53,3.0,-4.98,-4.97,-4.37,,0.0,70.46,-35.81,-240.38,39.92,,40.52,扣非亏损,扣非亏损,亏损
300752.SZ,隆利科技,43.63,49.84,3.9,6.04,6.91,4.69,,0.0,20.57,8.19,493.58,-18.83,,38.91,-2.65,16.5,12.63
601900.SH,南方传媒,18.4,15.81,1.62,6.86,6.57,4.58,4.16,0.0,33.99,9.4,-11.35,6.7,0.21,50.08,2.36,4.61,5.6
301386.SZ,未来电器,35.83,42.32,2.12,3.36,4.34,4.08,5.11,0.0,27.21,16.84,-27.04,6.77,,10.94,6.25,25.19,16.51
600489.SH,中金黄金,17.45,17.54,2.31,9.96,9.93,7.77,4.04,0.0,15.4,7.06,24.84,8.65,1.64,42.47,2.03,3.52,3.52
605001.SH,威奥股份,173.48,45.15,1.0,0.31,0.42,1.24,2.99,0.0,29.5,1.26,111.52,10.17,16.82,42.61,4.44,292.89,826.09
000409.SZ,云鼎科技,58.45,71.53,4.22,4.36,5.56,3.58,,0.0,32.91,11.66,79.44,14.27,9.36,30.1,5.01,32.79,21.03
688319.SH,欧林生物,872.69,-295.17,5.14,-0.04,0.44,0.66,0.24,0.0,94.72,-0.02,-101.75,18.4,,46.07,扣非亏损,扣非亏损,3966.76
603055.SH,台华新材,13.06,16.87,2.23,11.18,13.28,7.17,1.33,0.0,24.01,11.93,110.85,30.48,,57.0,0.55,3.02,1.97
002442.SZ,龙星化工,17.04,21.19,1.42,6.07,6.36,3.87,1.75,0.0,9.8,3.59,8.72,25.36,,56.55,0.84,6.99,5.36
300981.SZ,中红医疗,79.9,-32.64,0.97,-0.0,0.89,0.56,3.12,0.0,12.86,2.99,99.61,-10.45,5.12,22.01,扣非亏损,20401.07,179.55
002606.SZ,大连电瓷,22.42,33.46,2.76,8.28,9.62,6.91,0.16,0.0,34.11,14.95,430.68,2.04,4.86,40.7,16.37,8.09,4.66
300494.SZ,盛天网络,1967.5,-323.82,3.76,-0.37,0.14,-0.7,0.22,0.0,15.11,0.29,-103.67,17.42,18.63,8.03,扣非亏损,扣非亏损,28107.16
002872.SZ,ST天圣,-30.7,-21.48,0.72,-2.87,-1.75,-1.17,,0.0,44.92,-9.22,36.25,-20.3,,25.79,扣非亏损,扣非亏损,亏损
600212.SH,绿能慧充,-1464.59,-572.23,11.94,-1.06,-0.58,-0.61,,0.0,29.4,-0.68,-154.34,44.26,11.42,58.18,扣非亏损,扣非亏损,亏损
600642.SH,申能股份,9.25,11.41,1.16,8.31,9.44,5.6,6.23,0.0,19.36,17.59,18.63,13.69,,54.24,0.83,2.75,1.96
300364.SZ,中文在线,-87.39,-158.39,21.06,-18.26,-16.34,-9.99,,0.0,30.24,-23.12,-92.08,13.49,10.98,37.86,扣非亏损,扣非亏损,亏损
002218.SZ,拓日新能,131.4,372.99,1.29,1.01,0.74,1.7,0.44,0.0,24.56,2.77,-2.77,-5.75,0.32,39.05,-64.89,739.55,355.13
600512.SH,腾达建设,18.81,36.07,0.62,2.67,2.49,1.3,0.81,0.0,11.2,6.29,-17.89,-9.59,,41.37,-3.76,26.98,15.11
002906.SZ,华阳集团,28.78,29.14,2.84,7.37,7.56,4.97,0.99,0.0,21.49,6.85,61.31,28.4,0.77,43.77,1.03,7.91,7.61
600025.SH,华能水电,17.9,22.7,2.97,10.22,9.86,5.53,2.09,0.0,59.83,40.03,7.07,3.02,,61.94,7.51,4.44,3.63
600900.SH,长江电力,17.66,19.39,3.14,13.59,13.54,7.29,3.51,0.0,61.19,42.78,30.42,1.1,0.51,61.04,17.69,2.85,2.61
871263.BJ,莱赛激光,1586.22,1979.08,4.8,-0.71,0.22,-0.32,1.22,0.0,24.28,0.73,-113.16,-4.57,,16.03,-433.4,转盈,14420.18
002184.SZ,海得控制,-26.47,-32.59,3.12,-9.93,-8.17,-4.72,0.65,0.0,14.82,-11.94,-247.77,16.61,1.2,57.88,扣非亏损,扣非亏损,亏损
688050.SH,爱博医疗,47.06,56.25,8.55,13.65,14.08,11.56,0.28,0.0,67.61,28.28,27.41,52.19,5.22,25.34,1.08,8.24,6.68
688480.SH,赛恩斯,15.93,27.49,2.91,8.16,14.13,9.65,1.29,0.0,35.32,25.19,78.16,32.64,15.18,37.96,0.84,6.74,2.25
605266.SH,健之佳,33.68,20.11,1.63,3.44,3.53,2.26,2.16,0.0,36.19,1.46,-64.28,27.2,89.53,74.25,0.74,11.71,19.08
300528.SZ,幸福蓝海,-36.4,-20.15,5.19,-13.19,-10.16,-1.77,,0.0,9.77,-12.93,-454.21,35.73,1.38,70.68,扣非亏损,扣非亏损,亏损
688350.SH,富淼科技,54.02,837.33,1.24,1.06,1.59,0.94,1.5,0.0,13.53,1.51,-53.47,13.82,1.89,39.73,60.57,1577.34,67.95
002671.SZ,龙泉股份,25.91,28.96,1.64,4.68,4.82,3.5,,0.0,30.68,10.24,1020.69,16.0,6.47,40.9,1.81,12.38,10.75
600278.SH,东方创业,25.37,45.49,0.84,2.37,2.52,1.72,1.33,0.0,4.9,0.94,-5.03,-6.62,0.0,55.41,-6.87,38.33,20.13
001255.SZ,博菲电气,131.24,-999.22,3.0,1.27,1.67,1.36,0.24,0.0,25.55,5.26,-76.83,-0.7,0.64,32.35,扣非亏损,扣非转亏,157.17
300739.SZ,明阳电路,99.22,145.15,2.35,1.05,1.76,1.65,1.31,0.0,21.8,2.81,-71.9,10.67,0.22,42.73,13.61,275.68,112.75
601116.SH,三江购物,38.17,46.68,1.93,3.09,3.8,2.29,1.84,0.0,26.73,4.08,15.4,-3.65,,36.3,-12.79,30.17,20.11
301398.SZ,星源卓镁,54.37,61.0,3.76,4.79,5.23,5.15,0.71,0.0,33.72,19.47,-0.81,26.53,,8.35,2.3,25.46,20.79
688479.SH,友车科技,35.86,53.51,1.5,2.02,3.11,2.42,2.14,0.0,34.55,13.97,-42.6,15.75,,10.71,3.4,53.0,23.06
688049.SH,炬芯科技,54.34,82.14,2.79,2.63,3.91,2.25,0.53,0.0,47.13,15.2,31.23,10.81,,11.24,7.6,62.42,27.8
002231.SZ,奥维通信,-88.83,-40.85,7.19,-7.55,-5.89,-3.14,,0.0,2.96,-4.49,-85.54,19.64,,40.22,扣非亏损,扣非亏损,亏损
002160.SZ,常铝股份,61.69,49.03,1.15,1.32,1.41,1.86,,0.0,11.8,0.87,268.79,17.53,14.44,55.36,2.8,74.16,87.5
603303.SH,得邦照明,16.34,19.57,1.62,6.77,8.98,3.97,2.59,0.0,19.99,7.82,-3.68,2.05,,47.22,9.53,5.78,3.64
688362.SH,甬矽电子,215.49,-491.54,4.92,-1.07,1.73,1.27,,0.0,17.48,1.09,83.94,63.49,,70.89,扣非亏损,扣非亏损,249.13
000592.SZ,平潭发展,179.77,-20.9,2.67,1.06,1.1,1.35,,0.0,9.99,3.59,82.61,2.75,2.27,43.45,扣非亏损,扣非转亏,326.85
002590.SZ,万安科技,40.26,46.32,2.8,4.89,6.18,2.89,,0.0,17.53,4.84,235.4,16.65,,50.09,2.78,18.96,13.03
688619.SH,罗普特,-14.36,-12.97,1.86,-9.91,-9.21,-5.95,,0.0,15.97,-86.25,-844.16,48.05,0.12,38.21,扣非亏损,扣非亏损,亏损
301040.SZ,中环海陆,-19.86,-15.63,2.02,-7.68,-6.69,-3.27,,0.0,-2.58,-15.27,-13057.94,-15.06,,40.41,扣非亏损,扣非亏损,亏损
600630.SH,龙头股份,86.58,185.4,5.79,2.54,5.16,3.5,0.08,0.0,31.5,3.22,287.22,-17.98,,53.36,-10.31,146.06,33.56
300376.SZ,ST易事特,34.24,60.65,1.34,2.01,2.92,2.58,0.77,0.0,32.95,9.31,-66.9,4.82,0.24,40.53,12.59,60.47,23.45
000663.SZ,永安林业,-42.09,-627.12,2.06,-4.57,-3.61,-2.28,,0.0,7.83,-17.66,-136.73,9.41,,26.95,扣非亏损,扣非亏损,亏损
600195.SH,中牧股份,68.63,180.62,1.36,1.42,1.25,1.43,1.0,0.0,17.23,1.9,-75.24,2.98,0.65,27.77,60.53,254.5,109.8
603220.SH,中贝通信,56.68,59.13,5.63,7.28,7.28,3.4,0.44,0.0,20.36,6.63,46.42,12.05,7.52,72.48,4.91,16.25,15.57
300740.SZ,水羊股份,42.91,29.16,2.71,5.18,4.49,3.99,0.6,0.0,63.09,3.22,-44.82,8.09,14.16,49.01,3.61,11.26,19.11
600200.SH,江苏吴中,125.6,-130.71,4.2,1.51,2.55,2.49,,0.0,34.54,2.86,284.33,6.51,6.59,54.98,扣非亏损,扣非转亏,98.51
830809.BJ,安达科技,-6.47,-5.77,2.3,-24.26,-23.82,-11.47,,0.0,-11.32,-47.73,-36.66,621.35,,59.02,扣非亏损,扣非亏损,亏损
600883.SH,博闻科技,21.85,25.92,1.78,4.79,6.26,5.69,0.59,0.0,6.46,280.54,-32.59,27.95,,5.45,0.93,10.82,6.98
300052.SZ,中青宝,-115.35,-60.31,12.59,-8.32,-7.9,-3.23,,0.0,21.85,-19.79,-177.2,0.85,,45.67,扣非亏损,扣非亏损,亏损
300553.SZ,集智股份,136.21,194.21,3.49,1.84,1.92,0.2,0.2,0.0,44.21,2.98,-30.59,16.54,,45.71,11.74,211.57,141.88
603919.SH,金徽酒,25.22,28.61,3.43,10.23,10.19,8.85,1.58,0.0,64.14,14.12,23.05,14.15,0.03,24.45,2.02,5.59,4.95
300123.SZ,亚光科技,-70.56,-18.14,3.22,-5.39,-3.36,0.94,,0.0,28.36,-9.09,-93.69,-4.0,51.05,56.78,扣非亏损,扣非亏损,亏损
000803.SZ,山高环能,-146.73,-33.84,1.64,-1.61,-0.83,1.68,,0.0,18.52,-1.97,-227.39,90.76,41.59,72.75,扣非亏损,扣非亏损,亏损
300811.SZ,铂科新材,37.82,42.58,6.58,13.7,14.03,13.01,0.38,0.0,40.63,23.23,55.41,33.88,,22.11,1.26,6.22,5.39
688737.SH,中自科技,-109.59,-46.91,1.13,-2.29,-0.75,-0.5,,0.0,9.54,-1.21,-466.12,42.97,,31.87,扣非亏损,扣非亏损,亏损
600266.SH,城建发展,17.95,-124.96,0.64,-0.82,1.94,0.78,2.07,0.0,16.18,3.34,-145.16,19.52,,79.9,扣非亏损,扣非亏损,18.51
002918.SZ,蒙娜丽莎,19.94,139.53,1.14,3.53,4.02,2.65,2.22,0.0,27.59,3.99,-63.79,9.28,0.21,57.4,15.03,79.06,9.92
002589.SZ,瑞康医药,102.08,-54.72,0.96,0.15,0.71,1.06,0.4,0.0,13.06,0.86,107.88,-32.98,2.57,65.25,扣非亏损,扣非转亏,287.54
300482.SZ,万孚生物,22.02,27.51,2.39,7.76,8.41,8.1,1.33,0.0,63.43,20.16,14.88,12.42,2.0,17.53,2.22,7.09,5.24
688291.SH,金橙子,61.84,75.21,2.5,2.18,2.82,2.28,0.35,0.0,57.86,16.93,10.03,19.56,1.01,5.95,3.85,68.98,43.86
002159.SZ,三特索道,14.37,19.88,2.16,12.05,11.78,13.07,1.44,0.0,61.93,29.99,9.59,48.94,7.04,21.18,0.41,3.3,2.44
603767.SH,中马传动,62.58,69.99,2.9,3.39,3.45,2.68,1.3,0.0,19.0,7.17,-22.04,2.11,,15.04,33.23,41.29,36.28
300727.SZ,润禾材料,39.07,44.68,4.08,6.85,7.47,5.31,0.69,0.0,24.26,7.03,11.37,19.42,,43.96,2.3,13.04,10.46
835174.BJ,五新隧装,20.15,18.3,3.36,12.42,13.27,9.52,1.5,0.0,36.67,15.56,-17.57,35.98,,33.25,0.51,2.95,3.04
002172.SZ,澳洋健康,50.34,79.21,19.58,31.65,34.16,3.84,,0.0,13.72,2.64,18.21,-9.16,8.88,94.13,-8.64,5.01,2.95
002243.SZ,力合科创,63.75,162.34,1.6,1.0,1.89,1.17,1.13,0.0,20.09,4.98,-32.12,6.96,1.55,48.93,23.32,325.98,67.46
001314.SZ,亿道信息,228.1,183.06,3.12,0.53,1.02,0.05,0.46,0.0,15.06,0.88,-85.69,17.61,,38.65,10.4,685.25,447.26
002766.SZ,索菱股份,92.59,97.58,7.17,5.32,6.03,2.56,,0.0,22.11,4.21,133.77,11.68,0.53,40.73,8.35,36.67,30.71
603838.SH,四通股份,-193.7,-50.24,2.13,-2.33,-0.82,-0.68,,0.0,11.52,-4.05,37.29,-9.91,,4.79,扣非亏损,扣非亏损,亏损
300634.SZ,彩讯股份,37.8,52.11,3.64,7.01,7.43,5.25,0.82,16.21,40.4,15.84,1.04,26.65,0.61,19.42,1.96,7.44,5.09
603920.SH,世运电路,36.35,39.62,4.43,10.8,9.88,7.29,2.74,0.0,23.55,12.54,27.86,22.7,0.16,34.39,1.75,7.34,7.36
300204.SZ,舒泰神,-325.62,-17.59,3.94,-1.3,-0.91,-0.72,,0.0,81.8,-3.59,92.94,-0.76,1.91,19.56,扣非亏损,扣非亏损,亏损
605089.SH,味知香,36.54,35.56,2.75,5.34,5.59,4.91,1.92,0.0,25.23,13.26,-36.79,9.12,,7.37,3.9,13.32,13.07
600966.SH,博汇纸业,38.65,17.03,1.14,1.77,2.22,2.17,0.47,0.0,10.72,1.07,156.42,10.34,,71.02,1.65,19.19,34.82
300388.SZ,节能国祯,14.97,12.48,1.18,6.69,6.04,3.21,2.02,0.0,29.34,10.04,31.11,2.66,3.24,71.9,4.7,3.73,4.96
600536.SH,中国软件,-130.7,-307.98,27.09,-15.76,-15.76,-3.79,,0.0,44.79,-12.05,48.59,0.87,0.05,64.16,扣非亏损,扣非亏损,亏损
688108.SH,赛诺医疗,-534.72,-164.11,5.61,-3.41,-0.8,-0.33,,0.0,61.29,-1.68,41.65,12.19,6.61,29.78,扣非亏损,扣非亏损,亏损
600106.SH,重庆路桥,56.04,61.97,1.93,2.88,2.6,2.29,0.72,0.0,91.79,148.92,-14.71,-16.16,,28.68,-3.83,43.1,43.11
688620.SH,安凯微,-134.91,-167.59,2.72,-1.8,-1.48,-3.58,0.25,0.0,18.49,-6.05,-738.17,34.01,,13.8,扣非亏损,扣非亏损,亏损
600629.SH,华建集团,24.82,25.52,1.63,4.52,4.96,1.73,2.71,0.0,22.54,4.81,19.33,2.2,0.45,63.79,11.62,11.28,10.01
832225.BJ,利通科技,20.56,19.03,2.96,10.5,11.22,9.68,0.94,0.0,41.62,20.76,-31.6,19.56,,22.17,0.97,3.63,3.67
601128.SH,常熟银行,5.38,5.71,0.77,11.24,11.22,,3.91,0.0,,38.35,18.56,14.47,0.06,91.83,0.39,1.02,0.96
600372.SH,中航机载,40.94,58.38,1.77,2.69,3.29,2.0,1.85,0.0,26.19,7.98,-25.62,10.27,0.06,47.99,5.68,43.4,24.89
002695.SZ,煌上煌,43.44,181.12,1.64,2.29,2.83,2.64,1.72,0.0,33.64,5.35,-26.8,-7.39,1.2,15.13,-24.51,158.26,30.7
603755.SH,日辰股份,34.63,38.0,3.5,7.39,7.69,6.66,0.94,0.0,38.49,18.31,35.38,12.07,,27.6,3.15,10.29,9.01
831726.BJ,朱老六,96.92,177.73,5.12,3.79,4.02,4.48,1.87,0.0,25.04,10.48,-27.63,-0.88,,8.59,-201.0,93.71,48.22
601816.SH,京沪高铁,20.26,21.4,1.35,5.07,5.05,5.15,2.27,0.0,48.17,30.84,12.29,30.83,,21.38,0.69,8.44,8.02
603067.SH,振华股份,14.27,15.3,2.27,12.55,12.43,9.71,1.8,0.0,25.47,12.16,23.63,52.29,2.25,36.53,0.29,2.44,2.3
603568.SH,伟明环保,13.25,14.95,2.97,17.09,17.76,10.36,1.56,0.0,47.64,35.98,33.17,24.1,,46.68,0.62,1.75,1.49
000651.SZ,格力电器,8.36,8.29,1.95,17.41,17.8,6.29,7.4,0.0,30.21,14.46,10.14,6.74,1.26,65.05,1.23,0.95,0.94
603138.SH,海量数据,-92.0,-93.95,6.47,-6.28,-5.78,-5.38,,0.0,38.5,-17.14,44.25,-11.84,0.06,23.17,扣非亏损,扣非亏损,亏损
603826.SH,坤彩科技,221.25,278.51,9.37,2.8,3.17,2.8,0.17,0.0,32.4,8.16,-14.6,4.01,,60.59,69.53,199.22,139.59
002429.SZ,兆驰股份,13.63,14.49,1.59,8.6,8.95,6.02,1.9,0.0,16.32,9.01,17.28,-2.48,3.56,46.73,-5.84,3.37,3.05
603662.SH,柯力传感,44.72,63.26,4.36,6.19,7.42,6.0,0.92,0.0,43.32,23.68,3.67,9.13,8.76,31.6,6.93,20.44,12.05
000056.SZ,皇庭国际,-10.69,-6.45,5.09,-30.95,-30.29,2.69,,0.0,59.88,-51.19,19.93,24.87,19.23,91.87,扣非亏损,扣非亏损,亏损
002859.SZ,洁美科技,39.28,35.92,3.23,5.84,5.96,3.71,0.8,0.0,36.5,13.2,1.82,7.1,0.69,49.95,5.06,12.3,13.18
603232.SH,格尔软件,-70.47,367.37,2.66,-3.8,-2.76,-2.4,0.44,0.0,46.27,-11.76,29.17,10.14,,16.73,36.23,扣非亏损,亏损
301133.SZ,金钟股份,30.33,28.79,2.73,6.01,6.19,4.14,0.54,0.0,24.81,8.11,4.36,32.77,,43.78,0.88,9.58,9.8
688037.SH,芯源微,149.46,471.84,8.49,1.63,4.37,2.85,0.15,0.0,42.46,9.51,-77.97,81.02,,49.59,5.82,577.98,68.4
000815.SZ,美利云,-539.24,-473.1,3.85,-0.5,-0.53,0.32,,0.0,11.74,-1.2,69.09,-2.12,,30.25,扣非亏损,扣非亏损,亏损
300111.SZ,向日葵,1182.0,9631.06,6.44,0.28,0.41,-0.65,,0.0,23.91,2.18,113.13,5.78,,19.83,1666.52,69891.57,5765.83
300541.SZ,先进数通,140.87,72.28,3.76,1.96,1.99,1.45,0.78,0.0,16.88,2.16,-67.76,-14.54,,35.1,-4.97,73.78,141.57
300040.SZ,九洲集团,42.88,-167.14,1.47,0.61,2.5,2.85,1.25,0.0,31.65,8.11,-67.06,-1.47,2.09,59.05,扣非亏损,扣非转亏,34.31
003031.SZ,中瓷电子,53.36,57.35,4.48,5.41,6.43,5.77,0.44,0.0,34.44,22.5,106.17,19.82,0.1,19.98,2.89,21.21,16.6
603213.SH,镇洋发展,19.52,16.42,2.16,7.94,8.32,6.49,2.61,0.0,13.43,7.42,2.95,26.97,,42.14,0.61,4.14,4.69
300909.SZ,汇创达,47.72,46.65,2.44,3.66,3.86,3.08,0.48,0.0,26.39,7.23,56.01,33.27,8.1,28.55,1.4,25.49,24.73
002141.SZ,*ST贤丰,785.7,-15.61,1.98,-2.32,0.16,-0.89,,0.0,44.98,-8.8,52.71,-25.76,7.76,16.2,扣非亏损,扣非亏损,9821.25
000762.SZ,西藏矿业,67.1,76.26,4.56,4.6,5.18,2.54,2.03,0.0,49.71,32.12,54.22,82.54,,45.74,0.92,33.13,25.91
300703.SZ,创源股份,21.96,26.6,2.08,6.79,7.08,4.78,1.33,0.0,30.58,5.33,-8.14,8.56,2.85,49.22,3.11,7.84,6.2
301365.SZ,矩阵股份,46.92,233.24,1.56,1.77,2.52,1.53,1.12,0.0,37.18,11.67,-19.48,0.35,0.04,12.22,675.03,263.63,37.24
002026.SZ,山东威达,16.14,20.87,1.2,4.94,5.66,4.28,1.18,0.0,24.21,12.46,64.87,7.79,0.09,26.58,2.68,8.44,5.7
600428.SH,中远海特,10.08,15.08,1.33,8.57,10.19,6.32,4.63,0.0,20.66,11.35,46.93,20.72,,60.27,0.73,3.52,1.98
300475.SZ,香农芯创,32.17,26.45,5.29,15.08,12.88,8.58,0.49,0.0,5.19,2.13,213.08,1136.04,35.88,68.77,0.02,3.51,5.0
600416.SH,湘电股份,82.4,178.34,2.49,1.85,2.29,1.37,,0.0,17.3,4.76,-32.78,-1.34,,48.31,-133.46,193.0,71.96
688500.SH,慧辰股份,-33.37,-18.72,3.7,-7.59,-8.01,-7.01,,0.0,28.87,-23.82,-64.85,11.73,0.56,30.61,扣非亏损,扣非亏损,亏损
300154.SZ,瑞凌股份,16.92,55.36,1.84,3.08,7.88,6.5,2.7,0.0,21.76,17.58,-32.0,33.7,0.4,29.66,1.64,35.95,4.3
688260.SH,昀冢科技,-26.11,-14.05,10.64,-46.08,-26.44,-4.2,,0.0,16.21,-20.9,-93.03,-1.23,,85.79,扣非亏损,扣非亏损,亏损
300910.SZ,瑞丰新材,20.04,21.66,4.26,15.15,16.07,14.62,2.83,0.0,36.08,21.83,11.2,66.6,,21.21,0.33,2.86,2.49
688512.SH,慧智微,-13.9,-12.38,2.85,-15.62,-14.52,-12.95,,0.0,1.13,-77.78,1.11,57.37,,15.56,扣非亏损,扣非亏损,亏损
002014.SZ,永新股份,15.19,15.75,2.55,11.8,12.98,9.27,6.59,0.0,22.96,12.09,2.54,7.33,,38.29,2.15,2.67,2.34
603006.SH,联明股份,51.6,71.28,2.3,2.75,4.26,2.03,2.17,0.0,22.24,8.19,-50.52,0.7,,20.66,102.17,51.84,24.22
301353.SZ,普莱得,28.91,35.51,1.7,3.75,4.37,3.71,0.93,0.0,29.03,8.22,-17.61,25.88,0.16,13.95,1.37,18.96,13.23
600302.SH,标准股份,-29.55,-10.35,2.5,-7.19,-6.2,-4.08,,0.0,16.53,-15.71,30.03,-17.94,,37.28,扣非亏损,扣非亏损,亏损
003043.SZ,华亚智能,51.67,58.55,2.74,4.85,5.52,3.39,0.5,0.0,30.11,16.11,-4.74,11.73,16.07,36.72,4.99,24.14,18.72
301559.SZ,中集环科,42.42,40.23,2.22,3.91,3.88,3.19,6.81,0.0,16.78,7.55,-67.99,8.81,,15.47,4.56,20.58,21.87
600623.SH,华谊集团,18.66,22.52,0.66,2.28,2.68,2.3,2.02,0.0,8.01,2.63,34.06,14.77,0.23,56.15,1.53,19.78,13.93
301238.SZ,瑞泰新材,69.13,66.72,1.91,2.05,2.08,1.58,1.14,0.0,20.5,10.67,-61.66,55.06,,23.77,1.21,65.11,66.47
603488.SH,展鹏科技,-141.93,-558.17,2.7,-1.97,-1.36,-1.54,1.96,0.0,15.77,-8.08,-147.79,7.64,26.27,30.93,扣非亏损,扣非亏损,亏损
300281.SZ,金明精机,142.32,-247.54,2.12,0.12,1.12,0.9,0.33,0.0,16.13,3.88,180.57,4.76,,14.73,扣非亏损,扣非转亏,254.14
301251.SZ,威尔高,77.47,105.75,3.25,2.64,3.19,1.72,0.37,0.0,20.19,6.38,-35.64,-2.27,,36.03,-46.66,80.11,48.57
600784.SH,鲁银投资,12.26,16.68,1.34,8.25,8.46,6.18,0.98,0.0,25.1,10.24,0.1,10.91,0.54,38.03,1.53,4.04,2.9
000555.SZ,神州信息,-80.48,486.27,2.1,-2.2,-1.92,-1.45,0.28,0.0,13.61,-2.7,-390.91,4.14,23.16,52.02,117.56,扣非亏损,亏损
601066.SH,中信建投,39.9,40.4,3.08,4.29,4.71,,1.06,24.43,,30.08,-33.31,1.51,,81.75,26.78,9.41,8.47
688077.SH,大地熊,80.84,1415.47,2.9,1.19,2.54,1.12,0.75,0.0,14.54,2.63,129.53,35.7,0.67,56.43,39.64,2379.74,63.65
300166.SZ,东方国信,409.89,-20.67,1.9,-0.43,0.34,-0.2,,0.0,34.69,1.19,-139.52,5.02,4.41,20.99,扣非亏损,扣非亏损,2411.12
870204.BJ,沪江材料,87.14,91.25,5.42,4.43,4.72,4.13,0.88,0.0,31.65,9.98,6.9,8.59,,22.18,10.62,41.23,36.92
000428.SZ,华天酒店,-25.34,-15.19,2.32,-7.74,-6.72,-1.41,,0.0,22.81,-31.95,-9.3,13.39,,75.78,扣非亏损,扣非亏损,亏损
002875.SZ,安奈儿,-34.5,-35.08,4.81,-10.21,-9.93,-6.19,,0.0,51.25,-17.41,2.63,-13.55,,32.27,扣非亏损,扣非亏损,亏损
688259.SH,创耀科技,81.6,103.37,3.38,2.36,3.11,1.35,0.38,0.0,28.8,10.96,20.96,74.05,,22.29,1.4,87.78,52.48
300256.SZ,星星科技,-69.44,-28.99,9.82,-9.92,-8.65,-6.42,,0.0,10.41,-15.0,44.3,-35.65,0.0,42.55,扣非亏损,扣非亏损,亏损
688089.SH,嘉必优,37.77,48.58,2.77,4.37,5.53,5.72,1.12,0.0,39.78,20.96,59.71,11.46,,7.4,4.24,22.25,13.66
300922.SZ,天秦装备,71.5,68.37,2.94,3.04,3.11,2.6,0.88,0.0,37.59,18.11,71.94,-9.81,,8.14,-6.97,44.97,45.98
603386.SH,骏亚科技,-218.05,-85.08,2.91,-2.18,-0.99,-0.23,0.62,0.0,15.78,-0.86,-145.46,6.9,29.65,57.4,扣非亏损,扣非亏损,亏损
688053.SH,思科瑞,-3301.07,-230.69,1.79,-0.22,-0.04,-0.38,0.62,0.0,41.54,-2.91,-107.61,7.93,0.15,6.03,扣非亏损,扣非亏损,亏损
603225.SH,新凤鸣,17.76,22.06,1.06,3.78,4.39,2.67,1.8,0.0,5.61,1.52,-13.6,18.51,,68.32,1.19,11.66,8.09
300005.SZ,探路者,54.46,7298.04,3.54,4.41,4.98,3.5,0.36,0.0,48.89,7.69,159.51,16.66,11.4,25.36,437.97,3310.67,21.87
600611.SH,大众交通,79.49,243.92,2.45,1.37,2.33,2.32,1.68,0.0,23.21,12.53,-21.65,29.27,4.49,47.4,8.33,355.69,68.23
300463.SZ,迈克生物,24.68,27.87,1.42,4.51,4.33,3.99,1.02,0.0,57.19,14.54,6.05,-7.21,2.19,19.35,-3.87,12.35,11.4
300715.SZ,凯伦股份,-70.85,-26.58,1.33,-2.16,-1.36,-0.05,1.11,0.0,23.54,-1.89,-251.84,14.24,,62.99,扣非亏损,扣非亏损,亏损
000635.SZ,英力特,-8.95,-6.49,2.28,-17.81,-17.52,-8.96,,0.0,-9.99,-18.74,48.74,-2.58,,49.1,扣非亏损,扣非亏损,亏损
002736.SZ,国信证券,18.47,18.72,1.42,4.32,4.74,,3.16,0.0,,39.76,0.33,0.84,0.01,76.39,22.19,8.66,7.79
688718.SH,唯赛勃,48.31,61.6,2.51,3.35,3.86,3.27,0.77,0.0,34.99,9.99,-24.9,8.96,,11.72,6.88,36.73,25.03
300129.SZ,泰胜风能,39.79,44.49,1.8,3.15,3.43,2.51,0.46,0.0,16.55,5.23,-34.94,14.0,0.35,50.13,3.18,28.26,23.2
603808.SH,歌力思,92.34,-79.02,0.93,0.46,0.75,2.64,2.62,0.0,68.2,2.85,-89.59,14.5,6.53,30.51,扣非亏损,扣非转亏,246.23
300293.SZ,蓝英装备,-3415.38,-381.34,12.3,-0.23,-0.27,0.78,,0.0,28.17,-0.26,79.01,8.0,33.67,55.04,扣非亏损,扣非亏损,亏损
000737.SZ,北方铜业,24.35,27.56,3.38,10.92,10.74,5.95,1.72,0.0,7.4,3.01,4.74,3.78,,67.86,7.29,5.05,4.53
836414.BJ,欧普泰,-929.47,928.43,3.92,-0.96,-0.31,-0.2,0.26,0.0,38.98,-1.37,-113.95,24.77,,15.28,37.49,扣非亏损,亏损
002943.SZ,宇晶股份,109.45,134.56,3.67,1.8,2.46,1.4,1.43,0.0,23.51,2.68,-74.28,54.4,0.53,61.79,2.47,149.73,88.99
603683.SH,晶华新材,26.92,31.18,1.81,4.34,5.14,3.88,0.23,0.0,17.35,5.05,60.1,15.29,1.48,46.4,2.04,14.35,10.47
000567.SZ,海德股份,23.86,26.99,3.04,9.0,9.35,7.76,4.0,0.0,98.93,58.89,-15.86,62.98,0.12,44.41,0.43,5.99,5.1
688157.SH,松井股份,59.19,61.59,4.3,5.0,5.44,5.02,0.41,0.0,50.12,13.44,37.06,11.07,0.78,21.1,5.56,24.65,21.76
002838.SZ,道恩股份,50.05,55.58,2.2,2.7,3.2,2.75,0.51,0.0,11.2,2.92,3.4,0.99,1.23,43.75,56.15,41.1,31.28
601995.SH,中金公司,47.48,40.6,2.02,2.66,2.64,,0.47,19.5,,21.26,-37.78,0.69,1.49,83.35,59.13,15.26,17.98
002153.SZ,石基信息,1051.58,-192.79,3.03,0.16,0.22,-0.69,0.1,0.0,46.98,1.87,123.91,-5.48,14.7,14.86,扣非亏损,扣非转亏,9559.85
603018.SH,华设集团,21.08,11.56,1.32,4.58,4.67,2.13,4.08,0.0,37.16,8.48,-33.32,0.24,2.05,59.09,48.25,5.05,9.03
002598.SZ,山东章鼓,20.6,28.97,2.29,7.34,8.05,4.51,0.96,0.0,31.09,7.09,0.02,22.56,3.66,50.83,1.28,7.89,5.12
003006.SZ,百亚股份,34.09,40.12,7.75,16.24,17.26,14.56,3.63,0.0,54.88,10.26,31.76,20.05,0.01,27.68,2.0,4.94,3.95
600874.SH,创业环保,10.64,12.07,1.01,6.66,7.26,4.47,2.99,0.0,37.26,21.62,2.94,12.57,1.4,58.11,0.96,3.62,2.93
600037.SH,歌华有线,-647.1,-178.39,0.81,-0.18,-0.09,-0.77,0.35,0.0,9.47,-0.77,-144.43,-1.85,0.01,18.14,扣非亏损,扣非亏损,亏损
688041.SH,海光信息,147.86,169.24,15.17,7.66,7.88,8.11,0.16,0.0,65.63,34.33,76.87,88.4,,18.63,1.91,44.21,37.53
002712.SZ,思美传媒,-379.8,-21.85,2.24,-0.62,-0.44,0.81,,0.0,3.7,-0.12,6.13,13.07,0.72,46.94,扣非亏损,扣非亏损,亏损
688536.SH,思瑞浦,-117.8,-66.74,2.88,-3.09,-1.8,-1.83,,0.0,49.46,-11.64,-243.03,43.29,,6.37,扣非亏损,扣非亏损,亏损
688121.SH,卓然股份,69.07,22.22,1.25,1.18,1.35,0.93,,0.0,18.42,1.87,-40.06,6.35,0.6,67.94,3.5,37.65,102.32
300819.SZ,聚杰微纤,25.72,32.06,2.28,6.94,6.68,6.13,1.93,0.0,27.94,12.06,49.08,25.78,,12.68,1.24,9.24,7.7
600759.SH,洲际油气,51.6,44.92,1.3,2.13,1.89,3.57,,0.0,58.66,9.59,12.79,20.99,,31.43,2.14,42.23,54.6
603043.SH,广州酒家,15.97,20.47,2.49,11.6,11.92,7.84,2.46,0.0,33.14,11.59,-8.54,14.4,3.71,45.93,1.42,3.53,2.68
002405.SZ,四维图新,-41.93,-19.01,2.89,-5.14,-4.97,-4.38,,0.0,34.69,-19.48,-0.67,15.04,23.27,19.93,扣非亏损,扣非亏损,亏损
301390.SZ,经纬股份,56.13,37.39,2.08,2.58,2.78,1.72,0.92,0.0,24.92,7.29,8.63,15.56,0.18,32.32,2.4,29.0,40.38
002967.SZ,广电计量,40.62,45.21,2.76,4.51,5.19,3.21,1.0,0.0,44.54,8.54,46.21,16.31,5.29,40.88,2.77,20.03,15.65
300324.SZ,旋极信息,-37.99,-22.66,2.43,-5.07,-4.68,-2.64,,0.0,23.93,-11.38,-10.73,4.34,2.59,42.85,扣非亏损,扣非亏损,亏损
832662.BJ,方盛股份,52.46,60.39,3.84,4.67,5.51,4.13,1.27,0.0,22.65,10.08,-57.6,19.7,0.15,24.81,3.06,25.87,19.04
833873.BJ,中设咨询,-13.21,-17.29,3.03,-16.05,-15.84,-13.42,,0.0,-41.96,-139.3,-239.72,-7.75,0.68,20.56,扣非亏损,扣非亏损,亏损
000900.SZ,现代投资,11.85,12.98,0.58,3.22,3.25,2.45,3.83,0.0,25.48,8.64,-4.22,-12.37,2.41,75.39,-1.05,8.07,7.29
000531.SZ,穗恒运A,25.34,29.09,0.94,2.74,2.77,2.17,1.49,0.0,13.7,6.02,-48.04,12.07,0.15,62.23,2.41,21.23,18.3
600521.SH,华海药业,19.98,23.84,3.21,12.24,12.13,7.51,1.36,0.0,62.66,14.31,34.3,9.13,0.72,54.21,2.61,3.9,3.29
603350.SH,安乃达,38.79,38.85,3.31,8.1,11.02,4.33,,0.0,17.98,7.1,-18.81,2.12,,39.65,18.36,9.6,7.04
688090.SH,瑞松科技,1160.46,571.11,7.37,-0.22,0.47,0.21,0.68,0.0,19.11,1.02,-214.03,8.52,,42.85,67.05,转盈,4938.14
300438.SZ,鹏辉能源,235.17,-110.11,3.51,0.25,1.07,0.36,0.7,0.0,14.06,0.55,-96.76,30.68,0.28,65.82,扣非亏损,扣非转亏,439.56
000725.SZ,京东方A,38.73,53.97,1.32,1.77,2.53,0.96,0.77,0.0,16.49,1.35,254.67,13.87,0.35,51.74,3.89,61.14,30.62
300599.SZ,雄塑科技,-46.94,-45.78,1.4,-2.64,-2.6,-2.12,2.49,0.0,9.38,-6.19,-472.95,-12.66,,14.46,扣非亏损,扣非亏损,亏损
300625.SZ,三雄极光,41.79,41.19,1.63,1.74,2.0,1.85,4.05,0.0,32.57,4.11,-69.34,1.04,,33.7,39.51,47.23,41.79
000912.SZ,泸天化,41.55,-100.84,1.07,0.62,1.95,1.1,,0.0,12.62,3.04,-75.05,5.65,,38.56,扣非亏损,扣非转亏,42.62
002289.SZ,ST宇顺,-55.01,-44.72,4.91,-6.96,-6.48,-3.77,,0.0,18.59,-10.14,-72.44,6.74,13.2,22.88,扣非亏损,扣非亏损,亏损
300130.SZ,新国都,39.54,21.6,3.66,12.65,6.83,4.27,2.77,24.97,41.99,12.07,5.03,14.93,16.25,30.92,1.45,1.71,5.79
603658.SH,安图生物,21.28,21.82,3.23,10.99,11.06,9.26,1.85,0.0,65.86,28.68,6.69,14.81,1.94,25.49,1.47,3.97,3.85
301389.SZ,隆扬电子,69.01,75.32,2.22,2.24,2.4,1.68,1.57,0.0,45.85,25.24,-34.87,-13.64,,3.82,-5.52,67.14,57.51
000886.SZ,海南高速,117.59,121.32,2.06,1.48,1.31,1.39,1.22,0.0,14.78,28.67,365.2,4.09,1.4,12.72,29.69,163.46,179.52
300451.SZ,创业慧康,127.08,-9272.55,1.92,1.09,1.14,0.5,0.15,0.0,50.14,5.04,-40.98,0.84,20.53,19.01,扣非亏损,扣非转亏,222.95
000404.SZ,长虹华意,10.66,14.25,1.34,8.85,9.62,3.94,4.24,0.0,12.8,5.38,23.58,7.97,0.37,62.98,1.79,3.22,2.22
000798.SZ,中水渔业,134.65,-20.67,5.93,2.32,3.42,1.93,,0.0,3.51,1.35,176.98,11.53,,74.9,扣非亏损,扣非转亏,78.74
600660.SH,福耀玻璃,20.46,21.31,4.48,17.13,17.0,10.19,3.48,0.0,37.82,19.37,36.65,18.54,0.46,45.57,1.15,2.49,2.41
002955.SZ,鸿合科技,18.73,26.16,1.74,6.36,6.93,5.6,1.32,0.0,31.36,8.68,-19.22,3.39,0.66,27.95,7.71,8.22,5.41
603135.SH,中重科技,655.68,667.58,2.02,-0.36,0.23,-0.44,1.22,0.0,16.72,1.18,-107.27,60.9,,19.79,10.96,转盈,5701.58
000659.SZ,珠海中富,-102.61,-30.34,13.29,-8.76,-9.27,2.64,,0.0,17.54,-3.48,-2.33,0.47,,88.45,扣非亏损,扣非亏损,亏损
601615.SH,明阳智能,27.94,-157.86,1.11,2.49,2.93,1.46,2.43,0.0,15.2,4.27,-37.35,8.17,0.24,65.94,扣非亏损,扣非转亏,19.07
000543.SZ,皖能电力,8.37,11.06,1.15,10.7,10.86,5.13,3.53,0.0,12.27,9.96,25.07,16.41,2.37,65.71,0.67,2.07,1.54
002624.SZ,完美世界,-46.03,-34.31,3.13,-5.4,-4.67,-1.08,3.89,0.0,60.65,-9.82,-197.98,-8.36,3.46,35.08,扣非亏损,扣非亏损,亏损
002290.SZ,禾盛新材,41.52,58.61,6.0,11.47,11.46,5.6,,0.0,10.61,4.56,3.05,9.41,,54.86,6.23,10.22,7.25
000713.SZ,丰乐种业,-51.27,-351.35,2.6,-4.06,-3.72,-2.53,0.26,0.0,10.3,-4.77,-109.12,8.32,11.3,42.02,扣非亏损,扣非亏损,亏损
300946.SZ,恒而达,33.57,37.78,3.02,6.73,6.89,6.2,0.71,0.0,31.35,17.94,15.36,12.7,,22.14,2.97,11.23,9.75
600886.SH,国投电力,12.84,16.28,2.0,10.4,11.63,5.83,3.75,0.0,39.96,26.66,5.43,12.93,0.13,62.16,1.26,3.13,2.21
600760.SH,中航沈飞,62.77,63.46,9.54,11.5,11.35,3.41,0.95,0.0,12.48,7.14,-22.31,18.63,,67.25,3.41,11.03,11.06
002724.SZ,海洋王,62.88,-84.51,1.55,0.59,1.85,0.31,0.49,0.0,63.59,1.84,-68.64,1.37,2.59,17.64,扣非亏损,扣非转亏,67.98
300076.SZ,GQY视讯,-75.69,-50.03,2.6,-3.3,-2.54,-2.44,,0.0,15.56,-29.26,-106.81,-6.77,,9.66,扣非亏损,扣非亏损,亏损
603797.SH,联泰环保,11.0,12.13,0.77,5.61,5.33,3.89,,0.0,62.46,21.36,-6.52,16.98,,67.11,0.71,4.33,4.13
688133.SH,泰坦科技,345.54,-4149.53,1.61,0.32,0.35,0.75,0.22,0.0,19.57,0.33,-85.43,27.67,5.54,40.97,扣非亏损,扣非转亏,1974.53
002785.SZ,万里石,2668.29,-186.61,8.95,-0.49,0.25,0.02,,0.0,12.51,-1.03,-313.89,10.6,,36.36,扣非亏损,扣非亏损,21346.33
300385.SZ,雪浪环境,-8.74,-8.4,3.19,-24.59,-24.06,-3.86,,0.0,9.79,-38.43,-483.96,-2.87,61.05,79.37,扣非亏损,扣非亏损,亏损
605338.SH,巴比食品,16.26,20.82,1.91,6.64,8.61,8.42,1.86,0.0,26.4,16.26,19.92,19.61,1.35,20.81,1.06,6.27,3.78
002494.SZ,华斯股份,434.27,-421.1,1.32,0.15,0.23,0.53,,0.0,26.22,0.8,122.26,8.83,,26.94,扣非亏损,扣非转亏,3776.23
002851.SZ,麦格米特,41.89,55.86,5.04,7.91,8.9,4.33,0.89,0.0,25.66,7.14,18.1,26.07,1.5,57.7,2.14,14.13,9.41
600533.SH,栖霞建设,-11.72,-9.06,0.67,-4.3,-4.23,-0.35,,0.0,19.4,-12.85,-1400.5,27.53,,81.84,扣非亏损,扣非亏损,亏损
300142.SZ,沃森生物,77.62,110.58,2.77,2.37,2.71,2.25,0.04,0.0,79.42,16.37,-59.84,15.2,0.29,21.82,7.28,93.51,57.29
301076.SZ,新瀚新材,50.06,48.57,2.46,3.19,3.72,3.21,0.44,0.0,24.61,13.68,-43.26,14.85,,8.47,3.27,30.42,26.91
000786.SZ,北新建材,12.06,13.12,2.01,12.65,13.0,10.53,3.57,0.0,30.65,15.7,13.31,10.31,9.13,27.96,1.27,2.07,1.86
003018.SZ,金富科技,15.18,17.36,1.51,7.64,7.61,7.9,1.88,0.0,27.58,15.93,26.85,14.97,4.44,13.76,1.16,4.54,3.99
601858.SH,中国科传,69.32,48.61,3.9,3.95,4.18,3.17,1.05,0.0,27.95,11.9,-28.91,4.5,1.15,24.8,10.8,24.63,33.17
688272.SH,富吉瑞,103.38,-74.58,3.01,1.86,2.21,1.67,,0.0,41.43,4.76,113.57,6.93,,33.48,扣非亏损,扣非转亏,93.56
301102.SZ,兆讯传媒,53.0,70.32,1.57,1.8,2.22,1.24,0.73,0.0,33.53,13.31,-52.04,7.85,,34.47,8.95,78.31,47.75
301263.SZ,泰恩康,41.8,48.52,3.65,6.37,6.49,6.02,1.84,0.0,61.41,18.35,-13.58,3.05,11.94,20.18,15.89,15.22,12.88
600176.SH,中国巨石,22.32,31.91,1.57,4.01,5.3,3.95,2.8,0.0,23.74,13.64,-28.81,15.02,1.55,42.03,2.12,15.91,8.42
300807.SZ,天迈科技,-35.27,-45.96,5.05,-10.35,-10.2,-8.49,,0.0,42.18,-95.42,1.42,5.35,,25.35,扣非亏损,扣非亏损,亏损
430418.BJ,苏轴股份,21.72,23.21,4.34,15.59,15.69,14.75,1.71,0.0,38.54,21.51,35.88,13.72,,12.9,1.69,2.98,2.77
603031.SH,安孚科技,32.63,41.68,3.59,8.02,8.61,12.51,0.93,0.0,48.51,18.82,44.92,41.44,73.48,42.38,1.01,10.4,7.58
300637.SZ,扬帆新材,-83.17,-26.82,4.43,-4.63,-3.99,-1.61,,0.0,13.77,-5.46,-97.2,14.32,,49.21,扣非亏损,扣非亏损,亏损
688337.SH,普源精电,113.78,176.29,2.89,0.74,2.04,1.63,1.14,0.0,58.44,11.24,-26.96,24.42,10.3,18.07,7.22,477.61,111.55
301138.SZ,华研精机,49.23,46.8,3.31,4.56,4.89,4.47,3.45,0.0,41.88,14.84,9.16,0.77,,29.39,61.02,20.54,20.13
300896.SZ,爱美客,33.23,35.73,9.45,22.21,23.11,24.72,1.42,0.0,94.8,66.73,9.66,62.01,3.67,4.34,0.58,3.22,2.88
000019.SZ,深粮控股,24.21,26.86,1.63,4.69,5.02,4.52,2.65,0.0,17.45,6.4,-13.12,-19.41,,32.93,-1.38,11.44,9.65
300088.SZ,长信科技,50.53,122.29,2.36,3.13,3.51,2.43,1.05,0.0,9.01,3.75,17.35,9.77,2.75,44.34,12.51,78.27,28.79
688693.SH,锴威特,-60.48,-58.94,3.14,-4.61,-3.77,-4.44,0.38,-26.24,44.01,-40.88,-430.25,1.52,,5.76,扣非亏损,扣非亏损,亏损
301012.SZ,扬电科技,50.02,63.92,3.15,4.68,4.76,4.03,0.5,0.0,13.96,5.98,2608.77,10.48,,30.24,6.1,27.34,21.02
002688.SZ,金河生物,23.1,41.01,1.56,4.57,5.09,3.26,2.08,0.0,33.27,6.82,7.89,6.36,19.75,56.3,6.45,17.95,9.08
300219.SZ,鸿利智汇,45.39,104.71,2.13,2.57,3.52,1.99,1.19,0.0,19.09,3.06,-57.2,7.68,0.61,54.25,13.63,81.61,25.79
000506.SZ,*ST中润,-31.17,-32.69,6.16,-11.65,-13.81,-2.48,,0.0,7.46,-61.51,14.37,15.48,,48.06,扣非亏损,扣非亏损,亏损
300649.SZ,杭州园林,-75.07,-66.42,3.22,-3.68,-3.11,-1.89,0.36,0.0,16.2,-11.59,-268.89,-24.11,,48.66,扣非亏损,扣非亏损,亏损
300523.SZ,辰安科技,-32.82,-67.33,4.79,-11.13,-10.37,-3.39,,0.0,32.21,-15.91,-1872.3,14.4,5.39,60.41,扣非亏损,扣非亏损,亏损
000810.SZ,创维数字,50.49,47.63,2.48,3.15,3.68,1.62,0.95,0.0,14.36,3.44,-52.7,8.9,1.43,42.31,5.35,30.29,27.44
002574.SZ,明牌珠宝,265.97,-115.57,0.89,-0.8,0.25,0.5,1.67,0.0,8.59,0.31,-145.13,17.68,0.05,58.52,扣非亏损,扣非亏损,2127.78
000100.SZ,TCL科技,48.02,78.61,1.84,1.38,2.87,0.47,1.86,0.0,11.98,-1.49,43.58,39.91,8.89,65.31,1.97,114.28,33.46
001283.SZ,豪鹏科技,40.01,84.27,1.82,2.4,3.06,1.32,0.92,0.0,19.64,2.05,-36.94,20.55,,71.48,4.1,70.09,26.15
002201.SZ,正威新材,101.65,144.44,3.33,2.16,2.47,2.77,0.07,0.0,27.19,3.01,-10.66,1.72,,57.58,83.9,134.05,82.31
603199.SH,九华旅游,19.52,23.94,2.7,10.07,10.48,11.08,3.04,0.0,51.78,26.99,0.46,40.25,,20.05,0.59,4.75,3.73
000060.SZ,中金岭南,17.81,25.27,1.42,5.68,5.87,3.7,1.3,0.0,5.89,2.16,16.39,30.03,0.82,61.78,0.84,8.89,6.07
300511.SZ,雪榕生物,-9.94,-8.88,1.64,-12.24,-11.12,-1.87,,0.0,2.29,-9.46,-37.87,5.38,,70.74,扣非亏损,扣非亏损,亏损
688325.SH,赛微微电,58.99,44.68,2.79,3.36,3.59,3.36,0.51,0.0,52.84,21.37,16921.03,24.0,,3.32,1.86,26.63,32.86
002482.SZ,广田集团,-32.06,-6.05,12.74,-25.69,-25.93,-6.83,,0.0,6.31,-63.34,80.65,-53.97,,74.22,扣非亏损,扣非亏损,亏损
833427.BJ,华维设计,140.61,276.77,3.92,0.97,2.01,1.48,3.39,0.0,29.0,15.26,-85.61,-9.25,,29.28,-29.92,572.07,139.91
688486.SH,龙迅股份,52.97,71.49,4.82,5.32,6.47,6.65,1.18,0.0,55.98,28.17,53.63,36.45,,4.66,1.96,26.89,16.37
002550.SZ,千红制药,20.52,41.14,3.42,9.26,12.8,12.53,2.04,0.0,54.02,24.73,37.66,4.68,0.45,10.04,8.78,8.88,3.21
002980.SZ,华盛昌,26.16,32.57,3.65,9.8,10.22,8.95,2.19,0.0,46.89,19.7,24.5,-10.08,1.97,22.88,-3.23,6.65,5.12
002063.SZ,远光软件,83.76,41.41,3.53,3.13,3.19,2.48,0.42,0.0,56.99,6.37,-22.94,12.2,0.97,17.94,3.4,26.45,52.51
002470.SZ,金正大,27.22,-7.16,2.96,2.28,8.57,2.76,,0.0,11.68,2.85,109.48,-2.55,0.0,79.48,扣非亏损,扣非转亏,6.35
002189.SZ,中光学,-217.28,-30.6,6.02,-3.12,-2.1,-0.13,,0.0,14.36,-1.76,75.42,-10.13,,65.1,扣非亏损,扣非亏损,亏损
688681.SH,科汇股份,64.44,70.45,2.36,2.37,2.76,2.12,0.65,0.0,46.34,5.44,738.61,1.96,,24.93,36.01,59.53,46.7
301316.SZ,慧博云通,166.27,154.41,8.16,3.27,3.7,2.83,0.34,0.0,24.23,3.44,-24.72,25.74,14.43,32.61,6.0,94.57,89.88
002586.SZ,*ST围海,-22.22,-26.29,0.82,-3.27,-3.0,-0.52,,0.0,7.81,-6.85,10.63,1.01,0.23,58.31,扣非亏损,扣非亏损,亏损
871642.BJ,通易航天,-93.38,-100.3,7.18,-5.84,-5.37,-2.44,0.43,0.0,20.59,-12.36,-291.49,30.43,,46.38,扣非亏损,扣非亏损,亏损
000822.SZ,山东海化,22.94,10.2,1.0,2.61,3.29,2.69,1.46,0.0,14.55,3.56,-77.41,30.39,,37.81,0.34,7.82,13.95
002213.SZ,大为股份,-87.36,-51.47,5.27,-4.57,-4.44,-3.78,,0.0,3.76,-3.33,22.03,35.45,10.84,17.93,扣非亏损,扣非亏损,亏损
301287.SZ,康力源,35.15,41.69,1.81,3.75,3.88,3.03,0.69,0.0,32.92,9.14,-31.75,-3.04,,22.98,-13.72,22.2,18.12
301126.SZ,达嘉维康,53.17,52.99,1.46,2.01,2.06,2.44,0.31,0.0,19.18,1.22,69.09,18.79,61.25,70.63,2.82,52.67,51.62
301151.SZ,冠龙节能,96.42,53.31,1.42,0.82,1.09,0.64,1.95,0.0,31.77,3.93,-66.82,1.84,,23.33,29.02,130.67,176.91
301088.SZ,戎美股份,35.53,69.11,1.23,1.19,2.55,3.0,2.88,0.0,40.99,13.43,-9.68,-2.63,,2.87,-26.25,116.27,27.87
688313.SH,仕佳光子,152.34,3094.91,6.29,1.97,3.15,2.44,,0.0,25.84,4.96,151.4,5.25,0.18,28.26,589.35,3149.23,96.72
601958.SH,金钼股份,12.34,12.82,2.22,13.77,13.68,15.07,4.23,0.0,40.14,24.38,-6.13,15.25,,13.0,0.84,1.86,1.8
603187.SH,海容冷链,12.63,16.23,1.13,6.08,6.78,5.42,3.63,0.0,28.04,12.98,-31.03,20.09,,23.86,0.81,5.34,3.73
002549.SZ,凯美特气,-128.65,8000.05,2.84,0.84,-1.64,-1.46,,0.0,26.44,-7.97,168.69,7.79,,32.02,1027.39,19090.93,亏损
835179.BJ,凯德石英,70.05,77.23,3.8,4.09,4.15,4.26,0.43,0.0,45.0,15.68,-1.91,17.98,2.78,23.02,4.3,37.72,33.76
002190.SZ,成飞集成,-196.82,-146.98,2.42,-0.87,-0.85,0.89,0.06,0.0,10.2,1.28,-235.31,28.53,,37.88,扣非亏损,扣非亏损,亏损
001258.SZ,立新能源,36.63,101.18,2.11,4.38,4.35,2.66,0.99,0.0,55.74,15.86,-34.22,14.7,0.0,76.62,6.88,46.17,16.84
002612.SZ,朗姿股份,29.69,41.28,2.66,5.86,5.96,4.83,2.34,0.0,58.92,5.56,11.29,17.68,46.99,54.17,2.34,14.08,9.96
002979.SZ,雷赛智能,47.16,48.01,6.41,10.4,10.55,7.61,0.56,0.0,38.64,12.77,83.12,14.71,0.54,37.18,3.26,9.23,8.94
834415.BJ,恒拓开源,233.79,315.44,6.08,0.61,1.95,2.06,1.1,0.0,47.58,8.67,0.08,-4.01,8.7,16.0,-78.66,1034.05,239.78
873305.BJ,九菱科技,84.41,89.88,6.21,5.19,5.56,5.03,0.7,0.0,26.76,16.59,15.71,0.34,,20.07,262.39,34.61,30.36
002773.SZ,康弘药业,14.23,15.78,2.19,11.81,11.96,12.31,2.06,0.0,89.88,28.29,19.57,6.73,,8.45,2.35,2.67,2.38
603123.SH,翠微股份,-16.83,-13.88,3.48,-14.48,-14.38,-4.8,,0.0,18.73,-22.75,-592.3,-2.95,,62.48,扣非亏损,扣非亏损,亏损
000007.SZ,全新好,629.94,210.99,20.69,3.22,2.49,0.84,,0.0,18.97,1.06,-40.16,105.62,0.29,57.96,2.0,131.25,505.97
600098.SH,广州发展,10.82,13.95,0.86,5.98,6.09,3.59,4.66,0.0,10.33,4.78,5.08,14.59,5.13,62.39,0.96,4.66,3.55
301511.SZ,德福科技,-40.37,-53.19,2.72,-5.09,-4.92,-0.81,0.24,0.0,1.62,-5.15,-427.61,31.22,,71.13,扣非亏损,扣非亏损,亏损
603610.SH,麒盛科技,17.54,17.16,1.16,5.35,4.74,3.16,8.39,0.0,33.57,6.77,-22.24,12.52,0.47,34.3,1.37,6.41,7.4
600585.SH,海螺水泥,20.15,20.89,0.75,2.63,2.8,2.44,4.26,0.0,19.54,7.7,-40.18,-6.44,0.58,21.46,-3.24,15.87,14.4
300220.SZ,金运激光,1388.26,-122.63,31.08,-2.68,1.69,1.23,,0.0,30.39,1.43,89.63,18.87,,76.38,扣非亏损,扣非亏损,1642.91
600809.SH,山西汾酒,17.9,21.9,8.0,36.8,33.87,32.46,1.89,0.0,76.03,36.23,20.41,31.94,,31.01,0.69,1.19,1.06
873593.BJ,鼎智科技,127.97,162.59,7.93,4.07,4.61,4.1,3.65,0.0,52.67,17.32,-54.82,33.56,,10.12,4.84,79.86,55.52
601005.SH,重庆钢铁,-8.18,-6.52,0.8,-7.07,-7.05,-3.93,,0.0,-5.25,-6.55,-121.62,20.67,1.78,48.62,扣非亏损,扣非亏损,亏损
301024.SZ,霍普股份,-23.36,-13.29,3.91,-11.51,-11.82,-7.7,,0.0,9.63,-71.45,-103.32,-15.16,15.25,26.31,扣非亏损,扣非亏损,亏损
001387.SZ,雪祺电气,37.7,28.7,2.33,5.44,5.58,3.46,,0.0,12.13,3.98,-44.98,7.7,,38.7,3.73,10.55,13.51
688616.SH,西力科技,21.33,25.56,2.63,7.84,9.13,8.13,2.2,0.0,29.57,15.96,35.12,8.98,,21.23,2.85,6.52,4.67
002225.SZ,濮耐股份,26.7,49.0,1.3,2.26,3.61,2.34,1.85,0.0,18.63,2.95,-60.32,9.5,6.78,58.06,5.16,43.33,14.79
600100.SH,同方股份,278.67,-37.01,1.84,-3.89,0.51,1.21,,0.0,27.68,0.23,33.1,4.9,0.45,60.39,扣非亏损,扣非亏损,1092.81
601678.SH,滨化股份,33.12,33.07,0.73,1.63,1.66,1.81,1.19,0.0,10.33,2.5,-30.89,7.21,0.4,49.03,4.59,40.47,39.9
000096.SZ,广聚能源,75.75,76.23,2.45,2.29,2.45,2.41,0.47,0.0,8.65,4.49,42.24,27.67,4.8,6.43,2.75,66.55,61.84
688588.SH,凌志软件,36.78,43.0,4.83,7.52,9.9,8.97,1.68,0.0,30.76,15.29,188.54,3.42,3.38,30.81,12.56,11.43,7.43
000898.SZ,鞍钢股份,-3.42,-3.7,0.47,-9.75,-9.73,-4.92,,0.0,-3.55,-6.38,-138.35,6.11,,48.81,扣非亏损,扣非亏损,亏损
300499.SZ,高澜股份,-233.62,-114.25,3.97,-1.83,-1.27,-1.72,,0.0,27.96,-4.78,-143.32,-6.59,,23.73,扣非亏损,扣非亏损,亏损
601168.SH,西部矿业,11.7,14.32,2.53,17.22,17.01,10.92,3.5,0.0,22.43,12.65,17.84,14.48,0.07,59.61,0.99,1.66,1.38
600387.SH,*ST海越,555.22,-6.08,0.56,0.38,0.02,0.47,,0.0,8.96,-1.06,-70.21,-6.25,,22.89,扣非亏损,扣非转亏,55521.7
600707.SH,彩虹股份,17.5,23.48,1.33,5.23,5.88,3.54,,0.0,22.64,13.62,371.47,10.71,0.45,46.98,2.19,8.99,5.95
002051.SZ,中工国际,25.0,50.74,0.94,2.07,2.86,2.53,1.54,0.0,17.15,3.76,-49.41,16.06,2.06,50.75,3.16,49.09,17.48
688301.SH,奕瑞科技,35.3,37.84,4.24,8.65,8.83,5.26,0.61,0.0,54.28,27.91,-21.57,34.07,1.87,43.94,1.11,8.75,8.0
002177.SZ,御银股份,249.54,291.66,2.46,0.72,0.74,0.3,0.32,0.0,55.88,24.5,83.37,-23.57,,1.61,-12.37,813.21,674.42
688296.SH,和达科技,420.3,-91.78,2.07,-0.54,0.37,-0.74,,0.0,39.16,-0.18,87.43,1.76,,24.8,扣非亏损,扣非亏损,2271.9
600261.SH,阳光照明,21.5,24.65,1.25,3.75,4.28,3.45,3.98,0.0,34.58,6.33,-5.11,-13.87,2.55,32.04,-1.78,13.14,10.05
836239.BJ,长虹能源,28.89,112.53,6.42,16.57,18.31,4.73,,0.0,16.58,5.94,160.16,16.32,9.72,78.83,6.89,13.58,3.16
600378.SH,昊华科技,32.28,51.46,2.94,5.51,7.02,4.99,1.14,0.0,22.73,8.73,-14.6,15.22,0.92,50.56,3.38,18.67,9.2
603833.SH,欧派家居,16.6,19.48,2.49,9.64,10.84,6.15,3.96,0.0,35.54,14.66,-19.88,16.67,,47.16,1.17,4.04,3.06
300674.SZ,宇信科技,49.14,46.03,4.17,5.34,6.37,4.5,1.23,0.0,32.67,11.16,35.18,20.47,0.44,23.5,2.25,17.26,15.43
603111.SH,康尼机电,16.91,15.57,1.46,5.69,6.44,4.24,3.59,0.0,32.5,9.48,18.85,2.12,,38.3,7.33,5.48,5.25
002331.SZ,皖通科技,-137.15,-128.88,2.13,-1.59,-1.16,-0.54,,0.0,27.1,-4.67,63.76,-11.81,5.97,36.74,扣非亏损,扣非亏损,亏损
600810.SH,神马股份,212.94,403.75,1.05,0.11,0.34,1.04,1.84,0.0,11.08,0.67,-83.28,12.99,,60.5,31.08,7171.44,1252.56
300232.SZ,洲明科技,46.08,120.1,1.64,2.82,2.68,1.61,0.57,0.0,30.57,2.13,-39.55,16.1,2.84,55.38,7.46,85.18,34.39
300662.SZ,科锐国际,25.56,35.21,2.4,6.02,7.28,5.04,0.29,0.0,6.75,1.57,-2.77,38.51,8.35,48.8,0.91,11.69,7.02
603530.SH,神马电力,35.88,38.08,6.15,12.69,13.14,11.51,1.25,0.0,44.43,24.08,135.16,13.73,,26.18,2.77,6.0,5.46
300860.SZ,锋尚文化,168.43,121.51,1.56,-0.48,0.67,0.66,1.1,0.0,30.79,6.23,-206.6,9.16,0.88,12.28,13.27,转盈,502.76
002600.SZ,领益智造,33.93,53.16,3.28,6.3,7.46,5.03,0.89,0.0,15.87,4.46,-29.54,6.8,6.7,53.22,7.81,16.87,9.1
603773.SH,沃格光电,-93.66,-78.51,4.66,-5.01,-3.65,0.35,0.18,0.0,16.74,-1.5,-82.91,45.58,13.17,65.83,扣非亏损,扣非亏损,亏损
688182.SH,灿勤科技,119.6,201.88,3.68,1.44,2.33,1.84,0.33,0.0,30.99,17.68,166.41,-19.12,,13.43,-10.56,279.42,102.66
300998.SZ,宁波方正,-102.09,-53.72,1.78,-2.04,-1.04,-0.12,0.43,0.0,15.0,-2.13,-473.05,14.74,0.93,42.24,扣非亏损,扣非亏损,亏损
688169.SH,石头科技,20.99,23.43,3.35,10.02,12.35,8.88,1.98,0.0,53.86,21.01,-5.4,24.32,,26.47,0.96,4.68,3.4
002761.SZ,浙江建投,55.18,-6770.19,1.57,1.85,1.17,0.18,0.49,0.0,4.47,0.45,-68.46,5.73,1.76,91.44,扣非亏损,扣非转亏,94.32
688356.SH,键凯科技,90.95,95.19,3.12,2.02,2.55,2.48,0.54,0.0,67.91,17.58,-73.3,25.29,,5.49,3.76,94.28,71.34
300547.SZ,川环科技,23.2,24.29,3.88,12.45,13.03,11.6,1.64,0.0,25.25,15.76,33.37,17.91,0.02,18.87,1.36,3.9,3.56
002899.SZ,英派斯,26.9,31.86,1.86,5.62,6.42,4.07,0.43,0.0,31.7,9.74,19.2,1.19,,43.16,26.87,11.33,8.38
600635.SH,大众公用,60.97,51.37,1.65,1.81,2.04,2.29,1.16,0.0,16.76,5.93,-62.43,9.67,0.13,56.22,5.31,56.89,59.77
688450.SH,光格科技,-38.36,-392.17,1.59,-3.33,-3.03,-3.55,0.6,0.0,51.55,-36.92,-413.63,4.33,,16.91,扣非亏损,扣非亏损,亏损
002038.SZ,双鹭药业,-355.43,72.2,1.41,1.36,-0.29,-0.71,1.47,0.0,68.41,-3.28,-61.34,-2.47,,4.63,-29.24,105.81,亏损
300057.SZ,万顺新材,-113.56,-49.47,1.01,-0.89,-0.67,0.13,,0.0,5.12,-0.86,-107.03,2.21,4.43,48.58,扣非亏损,扣非亏损,亏损
300487.SZ,蓝晓科技,33.63,33.39,7.53,16.14,16.42,11.92,1.07,0.0,48.65,31.84,15.43,39.94,0.7,35.4,0.84,4.14,4.1
600597.SH,光明乳业,78.36,28.65,1.39,2.41,1.33,-0.28,2.52,0.0,19.28,-0.95,-31.66,2.02,6.83,53.53,14.16,23.74,117.84
600366.SH,宁波韵升,93.78,130.77,1.49,1.06,1.17,0.86,0.64,0.0,13.1,1.82,130.41,36.99,0.02,33.99,3.53,246.81,160.31
600796.SH,钱江生化,25.77,21.92,1.37,3.93,4.03,2.76,0.53,0.0,23.75,8.25,-2.16,2.58,,53.09,8.5,11.15,12.79
688368.SH,晶丰明源,-125.98,-100.71,6.99,-1.72,-4.06,-0.89,,0.0,36.11,-2.72,70.69,25.46,23.78,35.91,扣非亏损,扣非亏损,亏损
300535.SZ,达威股份,39.9,64.89,1.67,2.97,3.17,1.8,0.4,0.0,35.42,3.81,-5.54,19.04,0.22,33.66,3.41,43.73,25.17
002237.SZ,恒邦股份,20.85,16.08,1.42,6.69,4.93,2.95,1.25,0.0,2.68,0.77,38.69,22.25,,61.75,0.72,4.81,8.46
600399.SH,抚顺特钢,34.8,35.43,2.21,4.53,4.84,2.64,0.58,0.0,13.34,4.91,24.16,11.11,,50.29,3.19,15.65,14.38
000948.SZ,南天信息,114.9,113.72,3.23,2.05,2.11,0.64,0.8,0.0,12.78,0.78,8.23,30.54,0.31,68.73,3.72,111.19,108.91
000518.SZ,四环生物,-187.0,-77.01,7.8,-3.44,-3.0,-2.13,,0.0,68.85,-9.96,62.52,-22.15,,23.45,扣非亏损,扣非亏损,亏损
603398.SH,沐邦高科,-42.92,-56.01,7.31,-18.79,-14.19,-4.43,,0.0,-6.6,-50.25,-2523.02,77.43,41.2,62.54,扣非亏损,扣非亏损,亏损
600493.SH,凤竹纺织,17.93,236.2,1.32,0.55,5.52,4.42,1.49,0.0,13.08,8.6,546.31,-0.36,,38.16,-654.37,857.37,6.49
688065.SH,凯赛生物,65.93,78.61,2.66,2.97,3.04,1.74,0.35,0.0,32.2,15.28,31.03,12.22,,18.23,6.43,52.88,43.37
000809.SZ,*ST和展,-21.14,-21.6,0.81,-2.82,-2.8,-1.13,,0.0,5.22,-109.93,7.84,-9.35,,19.4,扣非亏损,扣非亏损,亏损
300767.SZ,震安科技,-38.95,-24.04,2.08,-4.23,-3.65,-1.5,,0.0,34.88,-17.67,-577.01,8.89,,39.48,扣非亏损,扣非亏损,亏损
839167.BJ,同享科技,35.67,31.11,5.15,11.07,11.42,4.72,0.44,0.0,8.18,3.52,-11.59,52.74,,66.81,0.59,5.62,6.25
603237.SH,五芳斋,12.83,31.83,2.0,11.22,11.55,11.27,3.41,0.0,41.16,10.23,-13.61,3.88,,28.52,8.2,5.67,2.22
688170.SH,德龙激光,-101.14,404.73,2.31,-2.56,-1.67,-1.35,0.77,0.0,47.79,-5.13,-123.46,12.3,,30.9,32.9,扣非亏损,亏损
300872.SZ,天阳科技,68.49,116.83,2.75,0.62,3.26,3.01,0.37,0.0,26.19,5.94,20.03,14.75,4.62,39.08,7.92,379.38,42.02
002364.SZ,中恒电气,36.38,62.35,1.77,2.41,3.67,2.43,0.65,0.0,26.35,7.04,525.91,4.01,1.25,29.98,15.57,51.82,19.82
605050.SH,福然德,17.29,15.4,1.11,4.35,4.8,3.63,3.49,0.0,4.73,2.64,-32.33,15.7,0.2,48.83,0.98,7.07,7.21
603959.SH,ST百利,-7.32,-4.8,4.49,-39.05,-37.43,-5.2,,0.0,7.01,-23.19,-105.03,49.22,33.24,87.32,扣非亏损,扣非亏损,亏损
002562.SZ,兄弟科技,114.5,-31.6,1.57,0.8,1.03,1.54,,0.0,15.54,1.25,148.1,16.65,0.85,46.78,扣非亏损,扣非转亏,222.32
300778.SZ,新城市,-15.04,-55.42,2.0,-2.47,-10.35,-8.57,,0.0,39.86,-78.94,-237.62,-8.22,,13.74,扣非亏损,扣非亏损,亏损
300105.SZ,龙源技术,125.95,28.71,2.08,0.76,1.22,0.58,2.21,0.0,18.38,4.06,11.24,35.85,,34.75,0.8,75.32,206.47
300348.SZ,长亮科技,2660.34,436.69,7.03,0.04,0.24,0.31,0.1,0.0,35.11,0.38,112.49,7.68,2.79,32.78,56.86,21353.82,22169.48
605188.SH,国光连锁,327.5,-2446.7,3.19,-0.03,0.73,1.23,0.12,0.0,22.25,0.4,-121.18,2.42,,58.58,扣非亏损,扣非亏损,897.26
002887.SZ,绿茵生态,33.68,67.54,1.05,1.87,2.2,2.04,2.88,0.0,35.43,21.86,-40.56,-23.26,,43.18,-2.9,72.18,30.62
002992.SZ,宝明科技,-130.15,-119.93,17.3,-10.76,-9.6,-2.43,,0.0,9.01,-7.3,19.09,1.9,,67.35,扣非亏损,扣非亏损,亏损
601399.SH,国机重装,44.52,63.18,1.72,2.66,2.94,1.33,,0.0,16.22,5.0,28.86,8.63,,53.03,7.32,47.59,30.29
600822.SH,上海物贸,80.84,212.54,4.1,1.23,3.89,1.57,,0.0,4.98,0.87,-56.46,5.57,,51.96,38.14,344.78,41.56
688207.SH,格灵深瞳,-23.15,-19.22,1.99,-6.56,-6.21,-6.78,,0.0,65.2,-226.67,-574.59,5.19,,5.76,扣非亏损,扣非亏损,亏损
605366.SH,宏柏新材,-216.29,-212.19,2.09,-1.25,-0.69,0.17,0.48,0.0,10.45,-1.32,-171.88,18.96,,49.04,扣非亏损,扣非亏损,亏损
002193.SZ,如意集团,31.8,-2.53,1.05,-5.6,2.52,1.49,,0.0,17.33,9.13,-4.64,-20.54,,60.21,扣非亏损,扣非亏损,25.24
002250.SZ,联化科技,130.16,-15.83,0.9,0.29,0.51,1.38,0.28,0.0,22.71,1.76,-11.51,13.02,0.09,50.33,扣非亏损,扣非转亏,510.45
002571.SZ,德力股份,-44.6,-35.4,1.62,-2.86,-2.7,-0.02,,0.0,13.15,-2.74,43.03,19.28,,65.75,扣非亏损,扣非亏损,亏损
688381.SH,帝奥微,227.63,-97.19,1.98,-0.76,0.62,0.22,0.59,0.0,44.69,4.47,-4.42,26.64,,2.64,扣非亏损,扣非亏损,734.3
001360.SZ,南矿集团,35.2,39.36,2.17,4.13,4.62,3.42,1.29,0.0,33.2,11.52,-23.14,23.65,,31.91,1.66,19.05,15.24
603322.SH,超讯通信,171.99,86.91,18.18,8.0,8.25,1.86,,0.0,8.26,1.43,159.33,19.21,6.07,87.1,4.52,21.72,41.69
600010.SH,包钢股份,-136.49,-156.24,1.83,-1.1,-1.0,0.58,,0.0,7.88,-1.39,-222.56,8.98,,60.3,扣非亏损,扣非亏损,亏损
301073.SZ,君亭酒店,225.37,246.42,5.69,1.73,1.87,2.65,0.66,0.0,30.83,4.61,-23.85,29.26,11.29,60.8,8.42,285.37,241.04
000927.SZ,中国铁物,29.37,37.07,1.84,4.74,4.8,2.59,0.37,0.0,4.8,1.63,-13.88,2.26,0.14,53.24,16.42,15.64,12.24
300045.SZ,华力创通,-495.72,-723.07,11.13,-1.62,-1.67,-1.33,,0.0,35.9,-6.45,-1384.95,15.09,0.95,29.59,扣非亏损,扣非亏损,亏损
300584.SZ,海辰药业,77.94,65.57,2.89,2.91,2.81,2.62,0.21,0.0,83.1,7.8,35.4,-9.58,,29.02,-6.85,45.06,55.48
301130.SZ,西点药业,53.17,70.48,2.69,3.07,3.64,3.6,0.93,0.0,77.84,17.69,25.71,-7.51,,8.03,-9.38,45.9,29.22
301507.SZ,民生健康,44.78,59.69,3.38,5.5,5.73,4.96,0.61,0.0,57.47,16.58,9.3,9.04,,10.8,6.6,21.71,15.63
001222.SZ,源飞宠物,15.83,18.34,1.98,9.3,9.63,8.45,1.36,0.0,22.56,15.17,13.64,22.96,,12.92,0.8,3.94,3.29
000011.SZ,深物业A,1313.11,-15.8,1.4,0.17,0.08,0.13,3.52,0.0,20.24,-0.43,-96.72,-11.7,0.21,72.01,扣非亏损,扣非转亏,32827.8
600468.SH,百利电气,40.41,48.86,2.61,4.58,4.9,3.31,0.49,0.0,24.18,7.74,4.61,-2.35,9.44,41.21,-20.82,21.34,16.49
688690.SH,纳微科技,173.91,260.74,5.68,1.57,2.47,2.19,0.18,0.0,71.06,7.51,27.32,53.01,10.31,17.96,4.92,331.42,140.82
001359.SZ,平安电工,21.88,,2.67,11.2,11.03,10.99,,0.0,36.05,21.08,,10.07,,16.51,,,3.97
300308.SZ,中际旭创,33.05,35.97,9.36,23.29,23.68,18.76,0.4,0.0,33.32,22.36,198.77,15.21,10.38,31.11,2.37,3.09,2.79
300962.SZ,中金辐照,34.3,43.51,4.69,10.08,10.3,9.95,1.87,0.0,64.9,36.68,-1.72,10.7,,14.39,4.07,8.63,6.66
300641.SZ,正丹股份,12.87,17.68,5.35,39.27,39.85,36.35,0.35,0.0,38.64,31.78,3287.47,7.6,,14.52,2.33,0.9,0.65
300102.SZ,乾照光电,191.31,86.81,3.07,0.59,1.19,1.2,,0.0,15.51,2.6,116.51,24.6,,37.12,3.53,294.36,321.53
600732.SH,爱旭股份,-7.91,-5.82,4.88,-48.86,-38.59,-8.5,,0.0,-8.71,-36.1,-296.85,54.76,,82.9,扣非亏损,扣非亏损,亏损
300755.SZ,华致酒行,36.45,53.46,2.26,4.03,4.5,3.35,0.63,0.0,10.02,2.21,-15.24,27.97,,46.0,1.91,26.51,16.2
301129.SZ,瑞纳智能,-68.88,-285.54,2.24,-3.86,-2.39,-2.19,0.56,0.0,53.98,-39.81,-9372.24,5.41,,18.54,扣非亏损,扣非亏损,亏损
002639.SZ,雪人股份,120.45,-178.44,2.19,0.83,1.36,1.7,,0.0,26.0,2.39,156.59,13.0,11.84,44.55,扣非亏损,扣非转亏,177.13
603058.SH,永吉股份,25.04,28.12,3.7,10.34,11.42,8.4,0.88,0.0,41.48,22.25,98.79,24.79,10.38,33.87,1.13,5.44,4.39
301301.SZ,川宁生物,23.88,24.97,4.53,14.79,14.75,12.76,2.67,0.0,35.82,24.14,68.15,11.01,0.02,28.07,2.27,3.38,3.24
600675.SH,中华企业,-26.84,-24.36,1.34,-3.8,-3.63,0.05,0.89,0.0,24.0,-29.98,-221.96,108.52,,71.04,扣非亏损,扣非亏损,亏损
603071.SH,物产环能,10.03,10.04,1.34,9.08,10.05,6.92,4.61,0.0,4.57,2.06,-38.97,23.89,2.69,51.42,0.42,2.21,2.0
603700.SH,宁水集团,46.18,30.61,1.36,1.55,2.22,1.5,2.1,0.0,22.1,3.46,-66.47,4.54,,28.64,6.75,39.48,41.6
301085.SZ,亚康股份,76.83,116.53,5.28,5.04,5.16,3.86,0.49,0.0,13.62,4.77,-32.81,8.71,0.08,45.19,13.39,46.2,29.78
600719.SH,大连热电,-21.56,-21.78,7.69,-24.32,-23.76,-2.03,,0.0,-5.56,-28.67,41.23,-0.48,,83.21,扣非亏损,扣非亏损,亏损
600744.SH,华银电力,164.45,-39.19,6.04,1.34,1.95,1.81,,0.0,7.93,0.68,1329.86,6.58,0.1,92.17,扣非亏损,扣非转亏,168.67
688689.SH,银河微电,55.92,116.5,2.87,2.07,3.43,3.51,0.73,0.0,26.91,6.79,-11.24,6.82,0.05,35.82,17.08,112.46,32.6
300791.SZ,仙乐健康,20.92,20.11,3.01,9.82,9.83,5.88,3.17,0.0,31.21,6.98,28.11,21.11,16.22,51.3,0.95,4.1,4.26
603999.SH,读者传媒,35.97,53.59,1.72,3.06,3.62,2.79,0.76,0.0,21.8,9.34,-1.39,6.23,,21.26,8.61,35.04,19.86
002445.SZ,中南文化,124.96,81.64,2.72,3.01,1.64,1.58,,0.0,24.58,6.28,-5.62,23.54,,19.82,3.47,54.27,152.39
300596.SZ,利安隆,16.3,18.17,1.57,7.13,7.36,4.72,1.16,0.0,21.13,7.23,11.8,29.44,13.73,48.02,0.62,5.1,4.43
301520.SZ,万邦医药,28.91,36.23,1.99,3.76,5.22,5.18,0.9,0.0,43.15,26.52,-21.08,27.3,,5.71,1.33,19.27,11.08
000858.SZ,五粮液,18.02,18.6,4.39,18.68,18.33,19.2,3.33,0.0,77.06,38.2,9.19,13.27,0.0,18.99,1.4,1.99,1.97
300743.SZ,天地数码,26.04,30.37,4.22,11.82,12.08,9.91,2.52,0.0,34.93,13.35,94.48,15.68,8.74,37.86,1.94,5.14,4.31
301117.SZ,佳缘科技,-138.4,-48.82,2.55,-1.9,-1.38,-1.68,,0.0,43.57,-9.9,-192.33,11.9,0.61,8.64,扣非亏损,扣非亏损,亏损
002640.SZ,跨境通,-207.87,-46.07,3.7,-2.4,-1.32,3.2,,0.0,11.65,-0.45,-205.41,-24.28,106.79,65.44,扣非亏损,扣非亏损,亏损
601208.SH,东材科技,25.43,42.01,1.83,3.49,5.16,3.05,1.21,0.0,14.6,6.86,-14.02,28.89,0.04,55.42,1.45,24.06,9.86
603309.SH,维力医疗,18.63,19.95,2.26,8.76,9.08,7.67,3.51,0.0,44.8,16.24,21.18,7.53,15.8,32.34,2.65,4.56,4.1
300949.SZ,奥雅股份,-14.38,-12.29,2.28,-3.51,-11.24,-6.86,,0.0,37.43,-29.76,56.66,0.88,1.44,37.01,扣非亏损,扣非亏损,亏损
603712.SH,七一二,-405.83,332.18,3.21,-1.03,-0.59,-0.66,0.19,0.0,33.92,-0.61,-115.98,8.63,,48.29,38.5,扣非亏损,亏损
002903.SZ,宇环数控,161.06,2106.11,3.64,0.7,1.67,0.92,0.78,0.0,38.88,4.1,-81.39,14.39,,25.93,146.32,6000.3,192.88
601038.SH,一拖股份,12.24,18.94,2.42,15.12,15.45,8.65,2.19,0.0,16.37,10.39,2.15,16.97,,49.56,1.12,2.51,1.58
002181.SZ,粤传媒,-98.68,-72.52,1.2,-1.12,-0.9,-0.33,1.17,0.0,27.61,-9.23,-643.83,3.36,,19.16,扣非亏损,扣非亏损,亏损
601002.SH,晋亿实业,40.68,64.06,1.07,1.97,1.95,2.48,2.07,0.0,18.92,4.78,1284.31,-2.11,0.13,20.67,-30.38,65.12,41.72
600594.SH,益佰制药,-14.54,-12.85,1.24,-6.49,-6.09,-3.6,1.16,0.0,62.2,-10.17,-225.66,-5.7,5.91,33.37,扣非亏损,扣非亏损,亏损
600481.SH,双良节能,-7.38,-9.04,2.47,-23.63,-21.14,-4.22,3.78,0.0,-0.39,-13.0,-213.33,140.93,,82.22,扣非亏损,扣非亏损,亏损
002615.SZ,哈尔斯,13.82,14.98,2.49,14.02,14.06,7.56,1.36,0.0,29.97,9.53,37.73,20.3,1.05,48.89,0.74,2.14,1.97
600022.SH,山东钢铁,-8.85,-10.85,0.87,-7.24,-7.11,-2.03,,0.0,1.64,-2.45,-182.64,2.56,,56.64,扣非亏损,扣非亏损,亏损
300653.SZ,正海生物,26.4,34.25,4.92,11.75,12.99,14.09,2.76,0.0,87.61,42.92,-26.67,13.4,,8.45,2.56,5.83,4.07
603963.SH,*ST大药,-31.56,-29.43,2.3,-6.03,-5.32,-4.01,,0.0,7.74,-41.42,-15.43,-25.53,,19.73,扣非亏损,扣非亏损,亏损
600651.SH,飞乐音响,356.44,-2014.27,4.93,-0.23,1.04,1.01,,0.0,15.48,1.82,-53.88,-21.59,,40.4,扣非亏损,扣非亏损,685.46
835508.BJ,殷图网联,-168.72,-495.7,9.15,-3.93,-3.88,-4.07,1.47,0.0,37.1,-19.27,-233.42,-4.73,,23.39,扣非亏损,扣非亏损,亏损
000401.SZ,冀东水泥,-39.64,-9.23,0.56,-1.72,-1.04,0.35,,0.0,18.13,-2.21,-9.73,-6.93,1.33,50.17,扣非亏损,扣非亏损,亏损
301519.SZ,舜禹股份,128.59,296.25,1.55,-0.1,0.89,1.0,0.97,0.0,32.84,2.93,-103.79,5.1,,47.59,58.1,转盈,288.97
300893.SZ,松原股份,30.6,29.23,6.36,15.8,16.65,9.62,0.68,0.0,29.79,14.56,67.37,33.75,,52.8,0.87,3.7,3.68
301313.SZ,凡拓数创,-14.09,-23.95,2.71,-13.99,-13.14,-9.15,0.42,0.0,29.85,-52.84,-296.68,-3.28,5.66,37.27,扣非亏损,扣非亏损,亏损
301097.SZ,天益医疗,323.57,2922.17,2.29,-0.1,0.51,0.27,0.95,0.0,34.9,0.8,-104.07,0.38,,29.87,7685.19,转盈,1268.89
300033.SZ,同花顺,197.45,137.98,25.27,8.95,9.5,5.66,1.4,0.0,85.69,27.88,-16.74,8.32,0.06,26.9,16.58,30.83,41.57
600903.SH,贵州燃气,59.22,238.71,3.17,3.8,3.93,3.51,0.46,0.0,15.96,3.77,-25.02,13.32,1.85,61.18,17.92,125.76,30.13
603289.SH,泰瑞机器,43.86,53.02,1.85,2.71,3.13,2.21,1.36,0.0,29.54,5.09,-53.82,6.08,,52.25,8.72,39.17,28.02
301211.SZ,亨迪药业,67.47,72.32,2.93,2.73,3.21,1.54,2.21,0.0,30.23,22.35,-54.91,5.06,,5.81,14.29,52.96,42.03
603196.SH,日播时尚,-66.65,-69.94,4.79,-6.1,-5.19,-3.23,0.16,0.0,58.42,-6.49,-534.79,8.45,,34.63,扣非亏损,扣非亏损,亏损
603505.SH,金石资源,49.21,46.11,9.93,15.28,14.81,6.23,1.1,0.0,25.02,14.54,2.04,33.28,,65.95,1.39,6.03,6.64
000595.SZ,宝塔实业,-134.8,-60.3,25.14,-13.76,-13.06,-4.57,,0.0,2.5,-29.93,-13.9,15.85,14.08,53.4,扣非亏损,扣非亏损,亏损
000607.SZ,华媒控股,278.67,148.71,2.55,-0.1,0.68,1.27,0.63,0.0,20.06,1.57,-53.64,2.71,11.85,45.43,54.84,转盈,819.63
002408.SZ,齐翔腾达,59.25,-61.3,1.34,1.49,1.66,1.36,1.34,0.0,6.47,1.12,0.14,5.69,5.25,51.98,扣非亏损,扣非转亏,71.38
300559.SZ,佳发教育,71.78,75.7,3.93,4.09,4.12,2.84,0.97,0.0,56.19,14.02,-56.16,6.9,1.5,12.12,10.97,37.04,34.85
002583.SZ,海能达,121.26,212.43,6.67,3.64,4.2,2.81,,0.0,49.28,5.56,75.85,-2.51,0.9,47.36,-84.52,116.83,57.74
002708.SZ,光洋股份,111.52,-293.46,3.42,2.08,2.35,1.4,,0.0,14.51,1.37,137.0,9.12,,47.06,扣非亏损,扣非转亏,94.91
600285.SH,羚锐制药,16.84,20.33,4.45,19.05,20.44,13.5,4.68,0.0,75.0,20.8,22.54,12.43,,40.61,1.64,2.13,1.65
688576.SH,西山科技,40.34,43.41,1.98,2.35,3.18,2.85,1.04,0.0,70.78,31.78,-18.92,42.36,,6.12,1.02,36.97,25.37
003003.SZ,天元股份,25.49,30.17,1.35,3.21,3.99,3.27,0.87,0.0,18.08,5.52,58.76,12.39,,30.86,2.43,18.82,12.78
000035.SZ,中国天楹,28.8,34.94,1.29,3.29,3.37,3.32,0.43,0.0,33.01,8.98,30.58,-31.29,1.32,62.14,-1.12,21.21,17.09
600801.SH,华新水泥,18.89,18.35,0.99,3.68,3.91,4.06,4.26,0.0,24.02,6.39,-41.69,5.08,2.38,51.52,3.62,9.99,9.66
300950.SZ,德固特,20.59,27.99,3.63,13.64,13.76,10.01,0.93,0.0,39.77,23.32,189.1,7.74,,29.49,3.62,4.1,2.99
600444.SH,国机通用,64.6,43.53,3.64,5.0,4.27,2.1,0.67,0.0,13.85,5.29,159.28,3.18,,49.13,13.67,17.41,30.26
603290.SH,斯达半导,47.13,39.74,4.04,6.34,6.51,5.49,0.88,0.0,31.69,17.73,-34.44,57.05,,29.98,0.7,12.54,14.48
873726.BJ,卓兆点胶,-131.14,-107.07,4.7,-3.67,-2.57,-2.81,1.56,0.0,50.22,-15.89,-133.21,-4.61,,10.1,扣非亏损,扣非亏损,亏损
002340.SZ,格林美,31.89,402.32,2.0,4.21,4.67,3.27,1.47,0.0,13.56,4.27,72.55,36.99,0.23,62.84,10.88,191.16,13.66
300491.SZ,通合科技,104.67,58.21,2.58,1.57,1.86,1.14,0.54,0.0,28.11,2.84,-65.88,46.98,14.79,43.23,1.24,74.31,112.54
002603.SZ,以岭药业,41.29,231.32,2.66,4.42,4.8,4.15,1.3,0.0,53.39,8.63,-69.07,7.13,0.97,30.87,32.42,104.68,17.2
300986.SZ,志特新材,41.75,-194.64,2.46,2.2,3.91,2.74,0.79,0.0,26.38,3.36,204.25,26.19,,68.37,扣非亏损,扣非转亏,21.36
000619.SZ,海螺新材,-66.9,-38.28,0.88,-1.67,-1.08,0.1,,0.0,8.29,-0.59,-73.39,14.3,,41.7,扣非亏损,扣非亏损,亏损
300296.SZ,利亚德,58.05,-218.1,1.7,1.69,2.18,1.72,0.83,0.0,27.67,3.33,-64.49,6.32,8.94,40.94,扣非亏损,扣非转亏,53.26
300665.SZ,飞鹿股份,-16.05,-34.44,3.1,-13.1,-12.67,-2.22,0.58,0.0,12.49,-21.06,-234.63,11.23,3.4,72.05,扣非亏损,扣非亏损,亏损
300126.SZ,锐奇股份,-86.6,-52.22,1.7,-2.5,-1.46,-0.94,0.14,0.0,13.39,-4.88,-918.18,10.19,,15.5,扣非亏损,扣非亏损,亏损
601918.SH,新集能源,8.4,10.52,1.36,12.5,12.76,7.88,2.85,0.0,41.95,22.08,-5.79,17.53,0.02,60.41,0.6,1.68,1.32
000952.SZ,广济药业,-10.19,-8.7,1.8,-13.39,-12.35,-4.3,,0.0,23.01,-37.31,-144.53,2.73,,60.87,扣非亏损,扣非亏损,亏损
600699.SH,均胜电子,19.87,19.59,1.92,7.08,7.07,4.14,1.45,0.0,15.59,3.07,40.25,5.44,29.52,68.56,3.6,5.54,5.62
002343.SZ,慈文传媒,221.99,-115.58,3.45,0.73,1.17,1.34,,0.0,53.32,21.61,315.34,-8.64,,34.36,扣非亏损,扣非转亏,379.47
601107.SH,四川成渝,10.91,14.18,1.02,6.86,7.02,3.53,5.47,0.0,33.86,16.0,5.75,28.56,,71.63,0.5,4.13,3.11
300731.SZ,科创新源,203.1,146.03,4.78,2.07,1.77,1.63,0.48,0.0,21.9,1.46,2159.02,28.01,16.09,42.25,5.21,141.35,229.49
002915.SZ,中欣氟材,-66.14,-20.43,2.63,-3.15,-2.94,-1.01,,0.0,9.4,-4.15,-16.4,12.14,13.48,48.71,扣非亏损,扣非亏损,亏损
301048.SZ,金鹰重工,38.49,26.4,2.1,3.48,4.16,2.59,0.46,0.0,13.48,5.53,-47.31,5.68,,47.71,4.65,15.18,18.51
301223.SZ,中荣股份,22.82,21.81,1.16,3.63,3.83,2.61,1.66,0.0,18.6,5.69,-28.84,6.31,0.5,27.53,3.46,12.01,11.91
300868.SZ,杰美特,314.33,-42.47,2.76,-1.25,0.66,0.7,,0.0,22.48,1.26,63.88,-7.23,,26.36,扣非亏损,扣非亏损,952.52
839792.BJ,东和新材,36.88,47.34,2.3,4.27,4.79,5.54,,0.0,25.72,11.89,-18.53,7.72,0.19,32.48,6.13,22.2,15.4
002274.SZ,华昌化工,10.65,10.0,1.31,8.64,9.43,8.47,3.97,0.0,16.06,8.31,13.61,13.75,,26.0,0.73,2.31,2.26
688117.SH,圣诺生物,47.29,39.68,3.91,5.97,6.31,4.99,0.71,0.0,58.99,16.82,129.64,4.79,,39.88,8.29,13.3,14.99
603228.SH,景旺电子,21.28,24.86,2.37,8.37,9.59,6.06,2.22,0.0,23.77,9.87,20.3,15.85,,40.15,1.57,5.94,4.44
300881.SZ,盛德鑫泰,15.02,16.4,3.69,19.17,19.54,8.18,2.16,0.0,19.31,10.09,161.43,33.02,13.54,58.37,0.5,1.71,1.54
002652.SZ,扬子新材,114.86,-56.79,6.83,-5.24,4.56,3.53,,0.0,6.48,4.52,25.93,-28.24,,41.85,扣非亏损,扣非亏损,50.38
834261.BJ,一诺威,22.74,24.91,2.31,7.17,7.65,4.98,3.0,0.0,5.81,2.22,29.51,11.7,,41.08,2.13,6.95,5.94
688299.SH,长阳科技,212.48,836.85,2.46,0.23,0.86,1.28,0.36,0.0,23.92,1.85,-90.97,7.23,,39.64,115.69,7192.56,494.15
002891.SZ,中宠股份,27.31,34.6,4.18,10.32,12.12,9.08,0.91,0.0,27.55,9.48,42.17,19.05,8.57,38.98,1.82,6.7,4.51
871970.BJ,大禹生物,-38.24,-41.72,2.73,-6.58,-5.21,-3.48,,0.0,24.43,-18.06,-112.65,4.52,,24.97,扣非亏损,扣非亏损,亏损
002339.SZ,积成电子,-29.72,1226.51,2.14,-5.54,-5.24,-1.45,0.28,0.0,30.31,-5.46,-28.83,4.73,0.28,49.77,259.54,扣非亏损,亏损
002878.SZ,元隆雅图,110.2,827.56,2.12,1.23,1.44,1.23,0.27,0.0,16.64,1.4,-45.86,13.53,10.9,33.05,61.14,1345.18,153.06
300008.SZ,天海防务,97.73,117.77,4.94,3.78,3.89,2.86,,0.0,16.0,3.33,-11.41,99.14,,51.18,1.19,62.38,50.25
300021.SZ,大禹节水,95.62,-706.84,2.04,-0.61,1.48,1.26,0.63,0.0,22.98,0.73,-146.32,24.16,4.47,72.17,扣非亏损,扣非亏损,129.21
300560.SZ,中富通,216.18,-55.11,3.49,0.64,1.22,1.18,0.07,0.0,16.08,1.1,-55.72,17.66,11.3,60.64,扣非亏损,扣非转亏,354.39
603565.SH,中谷物流,12.84,21.52,1.84,5.79,10.63,6.77,8.75,0.0,13.31,13.17,-20.07,7.04,,57.76,3.06,7.43,2.42
301207.SZ,华兰疫苗,35.69,31.86,2.09,3.17,4.32,3.81,2.16,0.0,81.05,27.93,-64.65,2.41,,20.25,13.24,20.08,16.52
688458.SH,美芯晟,-97.56,-109.38,2.15,-2.57,-1.67,-2.75,0.13,0.0,23.25,-11.2,-614.57,58.4,,4.46,扣非亏损,扣非亏损,亏损
601577.SH,长沙银行,4.12,4.35,0.52,8.72,9.84,,5.57,0.0,,32.52,5.17,11.28,,93.03,0.39,1.0,0.84
605378.SH,野马电池,21.31,24.38,2.66,8.75,9.38,8.07,2.96,0.0,21.48,12.3,61.87,-2.77,,25.36,-8.79,5.57,4.54
301235.SZ,华康医疗,89.62,46.55,1.32,0.75,1.11,1.22,0.39,0.0,35.05,1.81,-75.38,28.61,,44.17,1.63,124.44,161.49
000571.SZ,新大洲A,-31.93,-29.84,11.14,-20.4,-23.28,-1.5,,0.0,33.19,-14.82,-26.42,7.97,,60.39,扣非亏损,扣非亏损,亏损
300345.SZ,华民股份,-16.83,-15.42,5.98,-23.97,-24.02,-7.21,,0.0,-12.31,-28.94,-62.15,144.23,,81.64,扣非亏损,扣非亏损,亏损
600456.SH,宝钛股份,22.66,38.78,2.26,6.46,7.66,5.51,1.12,0.0,21.45,10.78,-14.27,17.27,,44.08,2.25,12.01,5.92
000059.SZ,华锦股份,-3.36,-5.63,0.68,-14.5,-14.16,-6.09,0.26,0.0,9.13,-7.91,-362.93,15.88,,52.1,扣非亏损,扣非亏损,亏损
300114.SZ,中航电测,345.87,617.4,19.1,3.42,4.19,2.69,,0.0,36.91,8.73,-12.45,-1.17,1.19,38.79,-528.21,361.45,165.09
600391.SH,航发科技,96.42,267.09,4.17,2.37,3.29,2.22,,0.0,17.01,4.15,77.04,18.7,,69.82,14.28,225.34,58.61
002355.SZ,兴民智通,26.27,-13.95,3.94,-14.31,11.9,10.39,,0.0,1.99,22.78,19.65,-15.58,,51.2,扣非亏损,扣非亏损,4.42
688393.SH,安必平,47.3,82.67,1.47,1.79,2.32,1.0,0.6,0.0,68.42,6.57,-35.85,10.17,2.12,9.14,8.13,92.25,40.77
871694.BJ,中裕科技,18.29,18.02,2.34,9.38,9.75,8.09,1.49,0.0,48.36,17.31,-19.72,38.02,,30.18,0.47,3.84,3.75
600638.SH,新黄浦,48.36,-349.66,0.81,1.15,1.25,1.23,0.54,0.0,27.53,7.52,-38.17,63.83,,76.08,扣非亏损,扣非转亏,77.37
600720.SH,中交设计,17.34,10.65,1.43,6.66,7.72,3.87,2.55,0.0,28.56,14.81,-9.2,1.43,,48.44,7.42,3.2,4.49
688722.SH,同益中,28.2,30.57,2.37,6.12,6.46,6.16,0.59,0.0,36.9,19.74,-36.66,35.7,1.41,10.55,0.86,9.99,8.73
600363.SH,联创光电,52.24,65.74,5.48,7.54,8.11,5.52,0.22,0.0,19.0,15.59,9.12,-5.37,,40.62,-12.24,17.44,12.88
000620.SZ,新华联,116.02,-12.69,2.35,0.77,1.54,1.18,,0.0,23.46,1.99,102.17,-14.58,1.93,55.49,扣非亏损,扣非转亏,150.68
600825.SH,新华传媒,529.79,-358.56,2.8,-0.61,0.4,0.56,0.29,0.0,32.33,1.23,-349.58,0.34,,40.73,扣非亏损,扣非亏损,2648.95
688552.SH,航天南湖,-88.24,-1469.45,2.68,-2.3,-2.23,-3.28,0.39,0.0,18.57,-68.04,-376.79,-0.36,,17.7,扣非亏损,扣非亏损,亏损
002664.SZ,信质集团,53.87,35.9,1.81,2.57,2.54,0.96,0.42,0.0,8.85,1.94,-47.02,17.18,,65.67,2.09,27.9,42.42
600103.SH,青山纸业,45.2,70.94,1.33,1.46,2.22,2.06,0.7,0.0,18.89,4.84,0.47,2.76,0.2,28.97,25.7,97.45,40.72
002327.SZ,富安娜,18.34,15.05,1.97,6.97,7.83,7.6,7.26,0.0,55.17,15.54,-15.02,1.95,,18.96,7.7,4.32,4.68
600963.SH,岳阳林纸,-93.13,-113.76,1.42,-0.56,-1.1,-0.01,,0.0,6.9,-1.83,-173.14,7.76,5.37,50.94,扣非亏损,扣非亏损,亏损
688105.SH,诺唯赞,452.91,-131.74,2.78,-0.75,0.45,-0.03,0.31,0.0,70.48,1.73,78.6,15.49,3.31,19.59,扣非亏损,扣非亏损,2012.92
002421.SZ,达实智能,114.67,319.29,2.15,0.99,1.4,1.07,0.62,0.0,27.45,2.18,-60.31,6.26,,62.44,51.0,646.47,163.82
300572.SZ,安车检测,-133.25,-27.9,2.37,-1.86,-1.31,-1.42,0.11,0.0,30.67,-9.99,-319.69,-16.8,17.08,26.68,扣非亏损,扣非亏损,亏损
300478.SZ,杭州高新,-64.5,-39.01,18.22,-20.31,-19.15,-3.09,,0.0,3.36,-6.52,18.65,-1.73,,76.17,扣非亏损,扣非亏损,亏损
605058.SH,澳弘电子,21.98,29.55,1.75,5.15,6.08,4.54,1.31,0.0,21.68,10.65,-14.89,7.55,,31.13,3.91,11.48,7.23
300207.SZ,欣旺达,28.86,30.57,1.98,4.98,5.17,1.26,0.81,0.0,16.02,1.45,90.78,19.07,0.32,62.34,1.6,12.27,11.17
001311.SZ,多利科技,15.44,16.03,1.57,7.66,7.67,7.26,1.66,0.0,22.12,13.68,-10.19,34.07,,19.0,0.47,4.19,4.03
002262.SZ,恩华药业,19.48,22.88,3.72,15.19,15.08,14.75,1.18,0.0,73.75,24.52,16.35,14.53,,12.61,1.57,3.01,2.58
600505.SH,西昌电力,677.15,-221.03,3.68,0.91,0.41,1.88,0.14,0.0,19.38,-0.7,142.79,13.52,,68.48,扣非亏损,扣非转亏,3303.19
600419.SH,天润乳业,107.4,45.42,1.35,3.12,0.93,0.53,1.16,0.0,18.15,0.13,-48.52,15.4,0.08,55.21,2.95,29.14,230.98
688498.SH,源杰科技,-18230.45,-1623.53,6.44,-0.21,-0.03,-0.92,0.07,0.0,29.69,-0.31,-219.46,-9.2,,3.63,扣非亏损,扣非亏损,亏损
000558.SZ,莱茵体育,-334.62,-106.13,3.65,-1.21,-0.82,-0.0,,0.0,31.12,-4.06,35.96,-6.65,0.28,39.08,扣非亏损,扣非亏损,亏损
000701.SZ,厦门信达,-19.21,-3.54,14.72,-12.2,-67.74,0.52,,0.0,2.21,-0.46,42.4,1.67,10.46,82.1,扣非亏损,扣非亏损,亏损
000753.SZ,漳州发展,54.48,-219.09,1.32,0.96,1.81,0.16,0.6,0.0,15.34,3.77,-32.68,6.45,0.06,71.28,扣非亏损,扣非转亏,60.2
600987.SH,航民股份,11.81,10.0,1.23,7.36,7.41,7.02,3.42,0.0,15.19,6.45,10.24,27.74,2.87,33.34,0.36,2.72,3.19
000988.SZ,华工科技,32.94,48.5,4.15,8.12,9.86,5.28,0.5,0.0,20.98,10.44,3.23,22.93,0.0,49.08,2.12,11.94,6.68
603439.SH,贵州三力,23.12,21.4,3.73,12.18,12.54,8.18,1.06,0.0,69.28,13.74,22.16,37.68,29.85,39.26,0.57,3.52,3.69
600127.SH,金健米业,5345.82,1806.85,6.67,-0.41,0.09,0.71,,0.0,4.83,0.04,-118.94,-3.72,,61.44,-486.35,转盈,118795.89
603869.SH,ST智知,123.04,-28.98,0.86,0.21,0.52,-0.26,,0.0,45.34,4.33,32.87,-6.46,15.58,28.25,扣非亏损,扣非转亏,473.22
600557.SH,康缘药业,19.45,19.82,1.8,5.51,6.85,5.83,1.81,0.0,74.2,11.71,-10.16,17.16,1.11,22.7,1.16,7.19,5.68
300901.SZ,中胤时尚,-107.19,-127.29,3.56,-2.2,-2.44,-2.39,1.46,0.0,16.21,-10.17,-183.93,-6.28,,17.75,扣非亏损,扣非亏损,亏损
002367.SZ,康力电梯,14.27,19.97,1.55,7.4,8.12,4.07,4.65,0.0,29.15,9.79,-17.21,6.05,,51.86,3.3,5.4,3.51
002510.SZ,天汽模,63.7,234.51,3.64,3.22,4.19,2.23,0.62,0.0,16.8,4.22,9.3,28.33,,63.78,8.28,145.62,30.41
603009.SH,北特科技,126.51,143.85,6.14,3.07,3.72,2.84,0.39,0.0,19.75,4.34,127.25,8.87,4.87,47.47,16.21,93.78,68.05
688068.SH,热景生物,-54.08,-17.06,0.9,-3.07,-1.24,-1.66,0.49,0.0,52.44,-11.05,-1028.31,275.67,,4.42,扣非亏损,扣非亏损,亏损
688211.SH,中科微至,-275.58,-112.68,1.21,-1.57,-0.33,-0.31,0.22,0.0,22.85,-0.66,9.79,24.26,,45.62,扣非亏损,扣非亏损,亏损
002940.SZ,昂利康,44.18,49.53,1.95,2.58,3.16,3.25,0.97,0.0,40.09,9.52,-54.33,8.11,17.5,42.0,6.11,38.4,27.96
600351.SH,亚宝药业,14.83,23.1,1.57,7.32,8.09,7.51,2.17,0.0,51.75,10.77,10.66,3.87,0.88,19.18,5.97,6.31,3.67
300844.SZ,山水比德,77.69,-30.57,2.82,2.07,2.76,2.21,,0.0,51.68,6.83,132.74,-7.62,1.24,16.3,扣非亏损,扣非转亏,56.3
002802.SZ,洪汇新材,37.52,45.1,3.48,6.01,6.83,6.96,1.95,0.0,29.64,12.88,31.13,-7.11,,9.89,-6.34,15.02,10.99
300414.SZ,中光防雷,549.84,-70.83,2.9,-0.2,0.4,0.02,0.16,0.0,23.17,1.19,-106.0,8.78,,16.7,扣非亏损,扣非亏损,2749.2
002035.SZ,华帝股份,13.19,15.67,1.92,10.55,11.07,6.2,4.83,0.0,40.5,8.79,12.0,13.13,2.77,46.49,1.19,2.97,2.38
301191.SZ,菲菱科思,45.75,54.1,3.73,5.61,6.06,4.28,1.08,0.0,17.87,8.24,-12.29,13.54,,24.55,3.99,19.3,15.1
300832.SZ,新产业,28.58,29.67,6.49,16.99,17.54,18.3,1.28,0.0,72.34,40.52,20.8,21.55,,8.12,1.38,3.49,3.26
836504.BJ,博迅生物,92.1,64.51,5.22,3.65,4.05,3.49,4.79,0.0,39.84,9.71,-48.71,-5.4,,25.29,-11.95,35.33,45.48
300402.SZ,宝色股份,54.03,74.83,2.89,3.66,4.06,2.26,0.5,0.0,18.05,4.45,12.89,16.08,,36.9,4.65,40.85,26.62
301259.SZ,艾布鲁,-176.2,-127.75,9.47,-4.12,-3.95,-2.83,,0.0,34.3,-29.79,-611.01,-21.78,,43.85,扣非亏损,扣非亏损,亏损
833914.BJ,远航精密,32.69,57.82,2.06,4.2,4.79,4.63,0.77,0.0,14.98,6.94,33.89,15.98,,18.12,3.62,27.51,13.65
600975.SH,新五丰,5334.42,-18.86,2.92,-0.21,0.04,1.77,,0.0,5.58,0.29,99.16,29.28,,74.33,扣非亏损,扣非亏损,266721.2
600071.SH,凤凰光学,-266.06,-69.26,16.96,-11.78,-4.67,-0.23,,0.0,14.88,-1.87,14.78,12.76,0.85,70.96,扣非亏损,扣非亏损,亏损
688004.SH,博汇科技,-35.81,-35.09,2.61,-5.66,-5.33,-4.62,,0.0,40.09,-31.62,-9.74,-6.97,,12.09,扣非亏损,扣非亏损,亏损
300706.SZ,阿石创,306.93,630.92,5.34,1.09,1.3,1.25,0.12,0.0,8.51,1.26,30.9,41.38,0.76,57.31,15.25,1160.0,472.19
600545.SH,卓郎智能,-23.7,-24.95,1.18,-3.93,-3.66,-0.9,,0.0,18.71,-4.59,-388.35,8.03,11.69,56.25,扣非亏损,扣非亏损,亏损
002939.SZ,长城证券,24.83,27.54,1.23,3.76,3.77,,1.44,21.25,,38.91,-9.5,-6.37,0.04,75.05,-4.33,7.32,6.59
002952.SZ,亚世光电,204.37,330.39,5.32,1.46,1.96,1.26,0.21,0.0,11.88,2.96,-27.06,17.16,,19.87,19.26,451.14,208.54
300260.SZ,新莱应材,44.45,47.1,6.08,9.9,10.5,5.59,0.2,0.0,25.0,9.15,12.53,28.77,6.21,59.74,1.64,9.51,8.47
300690.SZ,双一科技,51.04,62.95,3.01,3.98,4.46,3.77,1.12,0.0,24.37,10.12,-22.37,-17.48,,21.63,-3.6,31.61,22.89
600115.SH,中国东航,-477.32,-13.99,4.44,-1.33,-0.68,1.45,,0.0,6.32,-0.18,83.13,42.93,22.12,85.22,扣非亏损,扣非亏损,亏损
002522.SZ,浙江众成,66.28,79.58,1.75,1.72,1.98,0.49,0.73,0.0,15.08,-0.56,-53.38,6.85,,33.2,11.62,92.5,66.94
603590.SH,康辰药业,26.89,42.83,1.26,3.37,3.61,3.65,0.79,0.0,89.37,19.11,-23.43,4.44,2.78,11.98,9.64,25.39,14.9
300191.SZ,潜能恒信,-87.01,-65.95,4.46,-3.78,-4.0,-0.69,,0.0,31.86,-11.61,56.99,4.62,,58.2,扣非亏损,扣非亏损,亏损
603160.SH,汇顶科技,72.16,78.05,5.11,4.85,5.44,4.56,0.26,0.0,41.74,13.91,2041.38,-8.36,6.01,14.77,-9.34,32.18,26.53
600058.SH,五矿发展,45.7,-32.77,1.67,-2.55,1.03,1.68,,0.0,2.79,0.29,-273.59,5.61,,72.3,扣非亏损,扣非亏损,88.74
002380.SZ,科远智慧,23.37,26.93,2.32,7.07,7.95,5.17,,0.0,40.82,14.1,88.71,19.38,,41.47,1.39,7.62,5.88
300426.SZ,唐德影视,-40.73,-64.23,64.08,-73.78,-74.38,-1.65,,0.0,77.84,-133.84,-4549.52,36.16,0.0,99.38,扣非亏损,扣非亏损,亏损
833455.BJ,汇隆活塞,45.45,64.2,5.15,5.89,8.47,9.31,5.31,0.0,36.49,28.46,-2.33,1.9,,5.45,33.85,21.79,10.73
688081.SH,兴图新科,-27.41,-21.97,3.26,-8.52,-8.45,-8.78,,0.0,59.25,-62.2,-1.41,-7.65,,20.23,扣非亏损,扣非亏损,亏损
688653.SH,康希通信,-156.43,-188.21,4.44,-2.54,-2.11,-2.77,,0.0,20.81,-8.97,-3048.28,10.88,,5.9,扣非亏损,扣非亏损,亏损
688166.SH,博瑞医药,63.51,87.22,6.6,7.36,7.37,3.99,0.27,0.0,58.0,15.02,-7.5,15.54,0.32,51.99,5.61,23.72,17.23
002733.SZ,雄韬股份,32.76,120.33,1.92,4.18,4.36,3.5,1.0,0.0,19.15,4.54,-11.12,13.84,0.08,48.37,8.69,57.57,15.03
300913.SZ,兆龙互连,80.08,101.88,8.32,6.24,7.98,6.89,0.4,0.0,15.91,6.7,15.04,10.9,,16.51,9.35,32.67,20.07
002099.SZ,海翔药业,628.31,-28.47,1.84,0.33,0.22,-0.3,,0.0,27.33,0.71,-49.5,-3.44,11.05,28.24,扣非亏损,扣非转亏,5711.93
688223.SH,晶科能源,55.65,67.6,2.8,1.41,3.55,1.77,2.53,0.0,9.68,1.72,-92.12,55.96,,71.89,1.21,95.98,31.35
300397.SZ,天和防务,-85.9,-39.52,4.63,-4.03,-3.97,-2.91,,0.0,28.69,-27.52,25.99,-31.53,4.96,38.25,扣非亏损,扣非亏损,亏损
603589.SH,口子窖,15.02,16.08,2.58,12.72,13.12,13.76,3.31,0.0,74.76,30.05,-4.89,14.53,,20.0,1.11,2.53,2.29
300333.SZ,兆日科技,-1065.07,-252.51,7.23,-0.55,-0.51,1.29,,0.0,58.3,3.29,92.92,-11.24,1.06,1.57,扣非亏损,扣非亏损,亏损
000672.SZ,上峰水泥,15.26,18.94,0.94,4.17,4.53,2.86,4.96,0.0,26.71,9.89,-35.33,1.58,1.64,46.72,12.0,9.09,6.74
300689.SZ,澄天伟业,6355.88,-258.23,5.24,-0.89,0.06,-0.12,0.22,0.0,15.67,0.14,-214.33,7.11,,13.05,扣非亏损,扣非亏损,211862.73
301613.SZ,新铝时代,34.54,,4.88,19.36,19.37,8.52,,0.0,24.84,11.7,,25.38,0.01,64.72,,,3.57
603159.SH,上海亚虹,86.57,80.56,4.21,3.12,3.61,3.06,0.67,0.0,20.23,5.18,-22.5,-1.4,,20.58,-57.59,51.69,47.96
300259.SZ,新天科技,29.46,24.78,1.58,3.34,4.02,3.78,3.31,0.0,44.83,19.45,-28.13,-3.08,1.92,14.23,-8.04,14.83,14.66
002023.SZ,海特高新,108.62,194.6,2.1,0.97,1.45,2.0,0.55,0.0,34.1,5.37,631.01,3.48,0.57,41.13,55.84,399.84,149.82
603383.SH,顶点软件,67.71,45.61,6.47,6.21,6.92,4.78,2.23,0.0,70.58,23.6,-15.85,28.99,0.65,15.31,1.57,14.7,19.57
603010.SH,万盛股份,40.67,42.76,1.64,3.1,2.98,1.95,1.71,0.0,17.99,5.18,-17.35,14.59,1.22,40.59,2.93,27.6,27.29
688503.SH,聚和材料,28.02,37.11,3.38,9.04,8.63,6.79,2.11,0.0,8.92,4.28,7.02,63.09,0.5,46.03,0.59,8.21,6.49
300820.SZ,英杰电气,36.12,32.87,6.14,12.98,13.33,9.34,0.7,0.0,42.01,23.89,6.59,63.07,,39.14,0.52,5.07,5.42
002379.SZ,宏创控股,-132.34,-69.58,4.56,-3.12,-2.55,-1.44,,0.0,2.08,-2.0,21.3,7.18,,40.75,扣非亏损,扣非亏损,亏损
301272.SZ,英华特,30.56,33.15,2.2,4.62,5.39,4.68,0.94,0.0,26.01,12.68,-24.64,22.76,,15.65,1.46,14.36,11.34
300613.SZ,富瀚微,50.08,57.42,4.85,6.52,7.05,4.59,0.28,0.0,37.86,12.35,-1.87,63.54,9.49,23.21,0.9,17.61,14.21
002976.SZ,瑞玛精密,-416.02,-150.84,3.87,-1.47,-0.3,-0.42,0.42,0.0,21.01,-0.6,-121.46,39.92,9.15,59.18,扣非亏损,扣非亏损,亏损
688129.SH,东来技术,22.97,37.73,2.35,4.78,7.32,5.34,1.21,0.0,39.13,14.82,981.35,10.86,,46.89,3.47,15.79,6.27
603618.SH,杭电股份,23.51,33.65,1.26,3.86,4.11,2.36,0.94,0.0,13.14,1.96,0.69,8.35,,70.27,4.03,17.42,11.44
000789.SZ,万年青,480.8,-34.06,0.66,-0.43,0.1,0.64,1.31,0.0,14.63,0.47,-110.43,-11.54,0.92,37.08,扣非亏损,扣非亏损,9616.0
600756.SH,浪潮软件,-44.75,963.22,2.55,-4.25,-4.17,-2.46,0.25,0.0,39.75,-9.35,-420.43,24.72,0.22,46.16,38.97,扣非亏损,亏损
600326.SH,西藏天路,-112.69,-30.02,2.62,-2.79,-1.82,0.19,,0.0,16.32,-3.35,41.25,-15.18,1.44,54.65,扣非亏损,扣非亏损,亏损
002286.SZ,保龄宝,20.41,27.44,1.35,4.76,5.03,4.66,0.99,0.0,11.8,5.51,215.92,8.58,,23.99,3.2,11.53,8.12
688410.SH,山外山,52.29,81.91,2.55,3.02,3.63,2.62,1.37,0.0,47.54,14.32,-70.71,42.28,,12.48,1.94,54.32,28.81
873122.BJ,中纺标,216.34,250.69,15.7,4.66,5.33,4.38,0.91,0.0,47.47,11.39,-11.81,5.87,,16.44,42.74,107.58,81.18
688539.SH,高华科技,84.8,76.74,2.92,1.98,2.55,2.23,0.91,0.0,56.41,18.28,-28.16,30.25,,10.32,2.54,77.33,66.51
832175.BJ,东方碳素,-30.29,-63.65,1.78,-4.2,-4.28,-2.38,0.8,0.0,15.99,-14.99,-169.58,23.78,,44.33,扣非亏损,扣非亏损,亏损
600152.SH,维科技术,5273.5,-37.03,2.06,-2.75,0.03,-0.09,,0.0,13.33,-0.16,52.86,0.96,,41.81,扣非亏损,扣非亏损,351566.93
600582.SH,天地科技,8.97,11.02,1.08,8.9,9.19,5.73,5.15,0.0,32.48,12.83,9.4,13.39,0.01,43.38,0.82,2.48,1.95
002546.SZ,新联电子,26.77,29.66,1.16,3.45,3.24,3.09,2.4,0.0,36.0,18.39,39.22,4.68,,10.63,6.34,17.19,16.52
688093.SH,世华科技,21.72,26.58,2.87,9.34,10.14,10.75,1.98,0.0,56.64,34.53,33.56,16.21,,7.07,1.64,5.69,4.28
002116.SZ,中国海诚,18.37,17.32,2.17,8.67,8.99,3.2,2.54,0.0,14.96,4.97,13.13,9.41,,60.43,1.84,4.0,4.09
600768.SH,宁波富邦,-232.51,-153.89,3.36,-1.2,-1.08,-1.03,,-982.26,1.14,-1.49,-50.27,-11.48,,34.72,扣非亏损,扣非亏损,亏损
601606.SH,长城军工,-99.13,-148.79,3.99,-3.43,-3.04,-1.86,0.07,0.0,14.33,-8.07,-1060.66,0.74,,43.77,扣非亏损,扣非亏损,亏损
600338.SH,西藏珠峰,37.63,-118.57,2.98,6.38,6.38,5.65,,0.0,46.28,18.48,162.46,17.2,,36.69,扣非亏损,扣非转亏,11.8
301166.SZ,优宁维,149.81,-251.53,1.35,-0.19,-0.19,0.11,1.22,0.0,18.54,1.7,-120.64,13.65,,9.43,扣非亏损,扣非亏损,转盈
002826.SZ,易明医药,39.8,340.62,3.03,2.21,5.68,5.28,0.25,0.0,67.05,8.31,49.61,5.45,2.26,22.52,62.55,308.12,14.02
603606.SH,东方电缆,30.87,39.97,5.55,12.02,14.37,9.59,1.05,0.0,22.16,13.91,-0.96,16.55,,41.73,2.41,6.65,4.3
603788.SH,宁波高发,16.64,18.25,1.66,7.09,7.45,6.66,4.02,0.0,24.31,14.02,37.7,12.53,,18.52,1.46,5.15,4.47
301596.SZ,瑞迪智驱,63.98,,7.79,11.41,12.24,9.37,,0.0,32.64,16.89,7.04,-0.32,,25.59,,,10.45
300925.SZ,法本信息,82.35,99.15,5.75,5.02,5.29,4.18,0.68,0.0,19.53,3.47,46.03,27.67,,25.28,3.58,39.49,31.13
300073.SZ,当升科技,41.56,38.71,1.96,2.45,3.52,2.55,1.97,0.0,13.13,7.92,-80.35,96.02,0.17,19.13,0.4,31.58,23.62
300321.SZ,同大股份,122.4,-356.52,2.97,1.41,1.84,1.11,,0.0,14.09,4.14,177.45,-4.21,,8.0,扣非亏损,扣非转亏,133.05
600862.SH,中航高科,30.78,33.94,5.47,13.74,13.95,11.28,1.01,0.0,38.52,24.12,12.13,18.35,,28.27,1.85,4.94,4.41
603358.SH,华达科技,49.48,54.17,3.97,6.1,5.94,4.35,1.5,0.0,16.8,6.66,19.71,9.18,2.07,41.85,5.9,17.77,16.66
688677.SH,海泰新光,36.87,41.8,3.74,6.93,7.54,7.54,1.03,0.0,65.74,30.26,-19.6,21.73,,8.24,1.92,12.07,9.78
838163.BJ,方大新材,49.94,51.46,5.3,8.04,7.93,5.59,2.72,0.0,16.36,7.31,10.56,19.32,,45.41,2.66,12.8,12.59
688130.SH,晶华微,-316.02,-63.72,2.38,-1.38,-0.56,-0.72,,0.0,58.28,-7.4,-233.22,-11.31,,1.69,扣非亏损,扣非亏损,亏损
000790.SZ,华神科技,370.95,220.86,2.72,0.5,0.55,1.61,0.2,0.0,47.92,2.3,-81.3,10.71,9.73,48.94,20.62,883.07,1348.89
001298.SZ,好上好,153.34,284.54,3.98,1.65,1.97,3.15,0.67,0.0,4.38,0.57,-53.44,4.61,,45.22,61.69,345.44,155.68
000777.SZ,中核科技,46.65,37.8,3.53,5.09,5.78,3.5,1.29,10.18,21.81,11.29,-2.34,16.81,0.06,41.39,2.25,7.42,8.07
000534.SZ,万泽股份,34.69,56.0,5.2,9.71,10.54,6.08,0.92,0.0,76.87,17.31,9.75,21.12,,61.44,2.65,11.53,6.58
002011.SZ,盾安环境,14.55,15.24,2.46,13.17,13.6,6.75,,0.0,18.19,6.91,0.81,15.97,3.39,55.95,0.95,2.31,2.14
002298.SZ,中电兴发,-8.82,-5.16,1.37,-11.18,-11.02,-5.9,,0.0,24.38,-27.68,-202.89,-6.67,24.9,47.44,扣非亏损,扣非亏损,亏损
001209.SZ,洪兴股份,19.76,43.51,1.47,2.68,5.64,5.63,0.56,0.0,34.28,6.19,-35.02,12.38,0.04,28.87,3.51,32.47,7.01
000883.SZ,湖北能源,9.98,13.37,0.96,7.33,7.38,4.43,2.13,0.0,29.24,18.27,44.66,4.84,2.19,58.34,2.76,3.65,2.71
002497.SZ,雅化集团,66.98,-15.99,1.32,1.08,1.49,1.01,0.27,0.0,16.13,1.18,-85.24,73.12,4.41,21.69,扣非亏损,扣非转亏,89.9
600570.SH,恒生电子,109.47,55.2,7.91,3.29,5.41,3.25,0.45,0.0,69.31,10.68,-50.28,20.67,7.78,33.01,2.67,33.55,40.47
603022.SH,新通联,34.84,30.02,2.0,4.18,4.4,4.22,0.76,0.0,19.73,5.35,4.93,8.23,,28.13,3.65,14.36,15.83
688515.SH,裕太微,-40.46,-39.79,4.54,-9.67,-8.03,-7.61,,0.0,42.9,-52.6,3.24,629.47,,6.88,扣非亏损,扣非亏损,亏损
603882.SH,金域医学,133.12,166.54,2.13,0.96,1.16,0.84,1.41,0.0,35.15,1.49,-77.23,9.88,0.65,27.01,16.86,345.73,229.51
301260.SZ,格力博,579.84,-31.48,1.65,0.48,0.21,-0.11,,0.0,25.45,0.24,112.03,3.11,,50.48,扣非亏损,扣非转亏,5522.3
600569.SH,安阳钢铁,-1.98,-2.0,1.53,-46.15,-45.0,-5.87,,0.0,-3.93,-9.52,-132.81,15.06,,87.33,扣非亏损,扣非亏损,亏损
601618.SH,中国中冶,7.83,13.64,0.7,3.76,4.99,1.43,2.35,0.0,9.04,1.87,-29.26,16.82,0.03,74.71,0.81,7.26,3.14
300601.SZ,康泰生物,49.41,54.16,2.52,3.15,3.6,2.38,1.4,0.0,83.45,17.4,-49.27,19.37,,33.11,2.8,34.34,27.45
601233.SH,桐昆股份,22.51,54.16,0.83,2.3,2.8,1.79,0.28,0.0,5.14,1.34,21.76,22.37,,66.67,2.42,47.19,16.08
835305.BJ,云创数据,-73.11,-38.14,3.8,-3.49,-3.82,-2.02,,0.0,22.88,-19.69,-14.59,-3.77,,23.57,扣非亏损,扣非亏损,亏损
301178.SZ,天亿马,-75.3,-232.8,2.66,-2.46,-2.61,-3.41,0.31,0.0,16.1,-15.97,-236.79,4.9,0.59,24.74,扣非亏损,扣非亏损,亏损
688665.SH,四方光电,39.82,37.23,3.34,6.02,6.28,4.92,1.17,0.0,41.45,11.44,-40.83,34.22,2.76,27.42,1.09,12.37,12.68
688235.SH,百济神州,-42.72,-33.66,10.09,-16.2,,-8.36,,0.0,83.94,-19.27,41.18,122.04,,40.84,扣非亏损,扣非亏损,
600850.SH,电科数字,45.22,34.87,4.02,6.61,6.72,2.95,2.07,0.0,19.54,4.3,10.67,5.27,,55.09,6.62,10.55,13.46
605208.SH,永茂泰,50.25,-339.93,1.15,-0.28,1.71,1.51,0.21,0.0,5.89,1.3,-132.58,9.83,,42.67,扣非亏损,扣非亏损,58.78
002721.SZ,ST金一,10442.4,-35.92,4.16,-0.63,0.03,-0.47,,0.0,22.11,0.22,97.22,-26.62,0.43,6.06,扣非亏损,扣非亏损,696160.13
300085.SZ,银之杰,-444.19,-289.8,61.8,-10.16,-9.88,-4.37,,0.0,24.12,-9.73,-8.62,-9.89,0.64,47.64,扣非亏损,扣非亏损,亏损
002627.SZ,三峡旅游,25.83,40.05,1.25,3.35,3.54,3.2,1.87,0.0,33.7,21.24,7.54,-5.61,0.22,21.32,-7.14,23.87,14.59
600233.SH,圆通速递,14.73,14.81,1.88,9.5,9.8,7.89,2.85,0.0,9.63,5.9,11.02,18.56,1.1,31.58,0.8,3.12,3.01
002104.SZ,恒宝股份,44.59,64.88,2.55,3.2,4.26,4.05,1.69,0.0,34.21,13.4,-42.72,7.01,,8.12,9.26,40.54,20.93
002534.SZ,西子洁能,16.21,61.59,2.24,4.16,10.44,3.34,0.8,0.0,19.6,9.43,1650.5,14.83,1.19,69.58,4.15,29.63,3.11
600663.SH,陆家嘴,38.96,42.72,2.23,4.42,4.52,1.7,1.3,0.0,56.74,18.57,1.97,-9.54,1.81,69.74,-4.48,19.35,17.24
603172.SH,万丰股份,77.46,76.22,1.94,1.85,1.89,1.35,0.57,0.0,21.56,5.4,-32.58,-0.59,,25.07,-129.5,82.58,81.97
000546.SZ,金圆股份,30.36,-6.06,1.11,-3.97,2.76,1.18,,0.0,0.64,1.7,-14.52,-28.38,,16.32,扣非亏损,扣非亏损,22.0
300507.SZ,苏奥传感,39.58,64.57,2.84,3.37,5.54,5.76,0.89,0.0,24.26,16.55,25.03,11.39,0.0,26.14,5.67,38.33,14.29
601326.SH,秦港股份,10.89,12.93,1.01,6.75,7.08,6.03,2.91,0.0,38.84,26.9,1.39,3.01,,27.85,4.29,3.83,3.08
300937.SZ,药易购,168.36,191.22,3.69,1.1,1.63,1.0,0.7,0.0,8.61,0.32,-80.09,16.74,1.96,50.1,11.42,347.37,206.58
603987.SH,康德莱,15.89,16.83,1.4,6.62,6.67,5.02,1.68,0.0,31.3,10.76,-8.72,-1.19,7.13,29.49,-14.09,5.09,4.77
002392.SZ,北京利尔,12.31,13.93,0.94,5.42,5.76,3.86,1.67,0.0,15.12,6.41,4.06,9.9,0.13,40.75,1.41,5.14,4.27
430718.BJ,合肥高科,23.38,25.12,2.79,8.93,9.27,6.64,1.55,0.0,11.95,5.96,17.96,18.8,,34.08,1.34,5.62,5.04
002084.SZ,海鸥住工,-340.61,-8.06,1.29,-0.39,-0.28,0.23,0.76,0.0,15.52,-0.2,-213.29,-2.83,,54.19,扣非亏损,扣非亏损,亏损
300051.SZ,琏升科技,-39.32,-32.82,13.32,-28.96,-22.6,-6.21,,0.0,-4.31,-67.39,-307.48,5.82,,73.21,扣非亏损,扣非亏损,亏损
603156.SH,养元饮品,16.43,21.32,2.73,9.24,11.37,10.78,7.53,0.0,46.53,29.06,-9.32,15.26,,18.49,1.4,4.61,2.89
300292.SZ,吴通控股,72.19,136.69,5.61,6.74,6.01,4.07,,0.0,10.68,2.55,44.61,-0.09,,47.48,-1546.87,40.57,24.02
873527.BJ,夜光明,55.56,77.2,2.18,2.82,2.92,1.86,0.76,0.0,17.9,4.0,97.18,4.92,,35.96,15.69,54.7,38.06
300967.SZ,晓鸣股份,-224.54,-25.25,3.96,-2.91,-1.16,1.18,,0.0,9.98,-1.33,69.29,15.54,,55.12,扣非亏损,扣非亏损,亏损
300177.SZ,中海达,-281.97,-20.51,5.86,-3.71,-1.55,-1.17,,0.0,41.81,-5.7,28.66,-11.77,2.88,48.42,扣非亏损,扣非亏损,亏损
300452.SZ,山河药辅,19.42,24.03,3.63,11.81,13.81,9.6,1.76,0.0,32.19,19.16,-5.12,16.49,4.0,37.17,1.46,4.07,2.81
600726.SH,华电能源,31.7,2069.3,4.71,5.77,11.99,8.19,,0.0,22.05,9.63,175.34,-2.85,4.26,78.09,-726.78,717.04,5.29
605177.SH,东亚药业,37.14,33.0,1.17,1.89,2.24,1.52,1.23,0.0,26.98,4.69,-51.43,20.46,,42.57,1.61,34.97,33.16
688489.SH,三未信安,268.53,176.04,2.78,0.17,0.77,-0.18,0.43,0.0,75.64,6.02,-90.0,21.58,6.15,9.07,8.16,2023.48,700.57
300693.SZ,盛弘股份,22.93,21.68,4.99,16.69,17.4,9.32,1.1,0.0,40.17,12.76,0.32,51.98,,50.46,0.42,2.6,2.64
600313.SH,农发种业,107.01,299.64,4.12,0.35,2.93,2.21,,0.0,8.14,2.73,-89.97,23.67,4.63,43.95,12.66,1730.52,73.05
002599.SZ,盛通股份,6642.17,252.51,2.78,-0.38,0.03,0.39,0.3,0.0,15.9,0.07,79.56,6.0,12.73,38.8,42.11,转盈,442811.13
836208.BJ,青矩技术,27.74,21.54,4.03,10.21,10.95,8.83,6.69,0.0,46.38,17.8,0.13,11.99,3.45,28.38,1.8,4.22,5.07
300578.SZ,会畅通讯,162.95,-11.88,4.26,0.47,1.98,1.39,,0.0,33.4,6.64,131.58,-15.76,5.33,8.72,扣非亏损,扣非转亏,164.59
300853.SZ,申昊科技,-17.64,-10.57,3.24,-12.72,-10.78,-6.49,0.74,0.0,16.66,-162.51,-4467.52,-8.21,,46.92,扣非亏损,扣非亏损,亏损
832419.BJ,路斯股份,19.17,20.7,2.85,11.39,11.57,8.98,0.61,0.0,22.95,10.52,21.66,18.24,,21.71,1.13,3.63,3.31
600439.SH,瑞贝卡,362.48,975.9,1.76,0.32,0.36,1.35,0.37,0.0,33.32,1.12,-24.03,-1.49,0.58,46.9,-654.48,6151.27,2013.79
688776.SH,国光电气,128.73,101.75,3.98,2.08,2.34,1.66,0.21,0.0,35.1,9.53,-20.29,22.86,,22.43,4.45,97.72,110.02
603283.SH,赛腾股份,27.66,23.75,6.08,17.99,19.48,10.55,,0.0,44.69,15.22,18.01,30.81,10.61,52.03,0.77,2.64,2.84
300165.SZ,天瑞仪器,-224.89,-18.48,1.49,-0.55,-0.5,-1.02,,0.0,39.07,-0.7,48.26,6.97,5.27,60.58,扣非亏损,扣非亏损,亏损
300440.SZ,运达科技,63.58,70.52,2.1,2.36,2.5,1.91,0.6,0.0,41.97,8.44,37.73,15.23,11.65,31.76,4.63,59.76,50.86
688363.SH,华熙生物,66.14,83.12,4.55,4.68,5.1,5.01,0.57,0.0,73.93,9.27,-24.58,37.33,3.56,18.82,2.23,35.55,25.94
600841.SH,动力新科,-4.81,-2.97,1.9,-27.19,-25.83,-7.4,,0.0,3.25,-24.13,-16.5,-20.26,,71.88,扣非亏损,扣非亏损,亏损
603385.SH,惠达卫浴,20.59,-15.59,0.69,1.22,2.53,1.89,,0.0,27.4,3.46,144.61,4.73,,32.42,扣非亏损,扣非转亏,16.28
603660.SH,苏州科达,-7.75,-10.99,6.04,-41.94,-39.51,-12.85,,0.0,60.93,-47.83,-10.75,-4.48,,68.86,扣非亏损,扣非亏损,亏损
603798.SH,康普顿,29.26,53.67,1.98,4.08,5.09,5.28,0.62,0.0,19.62,7.81,17.79,14.46,2.58,15.81,3.71,26.33,11.5
002805.SZ,丰元股份,-24.51,-11.25,2.19,-6.73,-6.12,-2.62,,0.0,-11.01,-16.48,10.99,100.3,,51.26,扣非亏损,扣非亏损,亏损
601880.SH,辽港股份,31.29,38.24,0.98,1.95,2.36,2.9,1.32,0.0,23.58,13.76,-26.68,-0.23,0.63,26.61,-162.96,39.13,26.52
002416.SZ,爱施德,29.32,37.31,3.42,7.25,8.74,6.39,4.31,0.0,3.71,1.0,-4.85,15.1,0.87,59.16,2.47,10.3,6.71
300955.SZ,嘉亨家化,556.21,141.64,1.71,-0.09,0.23,0.05,1.58,0.0,20.83,0.32,-103.53,2.35,,46.89,60.37,转盈,4836.63
300313.SZ,ST天山,-40.48,-46.37,109.45,-98.29,-100.67,-10.08,,0.0,-2.28,-38.51,-139.13,5.64,,88.41,扣非亏损,扣非亏损,亏损
688146.SH,中船特气,60.52,73.11,3.47,3.38,4.34,3.95,0.56,0.0,30.48,16.93,8.34,12.5,,10.82,5.85,43.31,27.89
600702.SH,舍得酒业,30.4,24.34,3.82,9.13,9.27,7.89,2.22,0.0,67.9,14.96,-47.96,40.86,,36.25,0.6,5.33,6.56
001286.SZ,陕西能源,11.18,13.31,1.52,10.36,10.42,7.87,4.21,0.0,37.92,22.82,12.33,28.79,0.63,53.16,0.46,2.57,2.15
600738.SH,丽尚国潮,26.72,37.28,1.95,5.47,5.5,4.93,0.75,0.0,67.06,18.62,-12.62,13.77,,42.82,2.71,13.62,9.72
688236.SH,春立医疗,71.18,42.57,2.08,1.55,2.14,1.65,1.38,40.26,69.3,12.0,-72.82,9.06,0.48,19.98,4.7,27.46,33.26
300279.SZ,和晶科技,49.25,77.29,3.57,4.72,5.6,4.06,,0.0,17.75,3.35,23.85,6.64,14.99,55.88,11.64,32.78,17.59
300554.SZ,三超新材,-52.38,-68.75,4.34,-6.38,-5.94,-5.4,0.3,0.0,19.81,-17.55,-317.75,26.04,,28.16,扣非亏损,扣非亏损,亏损
603569.SH,长久物流,56.6,57.04,1.61,2.2,2.07,2.01,0.56,0.0,11.48,2.92,-28.3,-2.16,1.55,47.78,-26.41,51.75,54.69
605189.SH,富春染织,14.61,15.74,1.13,5.66,5.63,3.2,0.93,0.0,13.64,4.73,75.98,19.6,,61.97,0.8,5.56,5.19
300349.SZ,金卡智能,15.5,17.4,1.41,5.95,6.88,5.0,4.03,0.0,42.15,13.65,-1.87,17.97,23.45,36.33,0.97,5.85,4.51
603499.SH,翔港科技,168.72,273.61,9.5,4.28,4.69,4.38,0.51,0.0,22.13,7.7,610.57,13.63,2.33,41.63,20.07,127.92,71.95
300865.SZ,大宏立,115.71,-247.74,3.3,1.68,2.16,1.6,0.24,0.0,29.25,6.24,242.4,-1.52,,17.19,扣非亏损,扣非转亏,107.14
600452.SH,涪陵电力,31.38,35.86,3.34,8.02,8.18,7.12,1.1,0.0,20.71,17.44,-6.18,9.46,,25.6,3.79,8.94,7.67
688110.SH,东芯股份,-64.61,-34.85,3.45,-4.52,-3.84,-4.01,,0.0,14.42,-30.54,2.86,-2.68,,5.28,扣非亏损,扣非亏损,亏损
003042.SZ,中农联合,-30.1,-13.29,1.58,-4.16,-3.87,-0.91,,0.0,11.21,-3.67,32.98,3.18,,63.26,扣非亏损,扣非亏损,亏损
603168.SH,莎普爱思,-79.61,-29.68,1.94,-2.95,-1.8,-0.85,0.16,0.0,50.09,-7.9,-190.1,26.81,21.66,20.36,扣非亏损,扣非亏损,亏损
002060.SZ,广东建工,17.26,12.02,1.13,4.94,4.9,1.09,3.16,0.0,10.17,1.65,-33.29,9.92,0.13,89.09,1.21,4.87,7.04
300828.SZ,锐新科技,47.16,47.35,3.05,4.56,4.81,4.87,3.52,0.0,18.55,8.68,-33.15,25.33,,9.53,1.87,20.78,19.61
002198.SZ,嘉应制药,1002.8,610.67,5.19,-0.25,0.38,0.44,0.69,0.0,57.42,1.11,-108.29,0.37,,6.98,1671.7,转盈,5277.89
300681.SZ,英搏尔,93.69,123.51,3.3,1.37,2.74,1.02,0.16,0.0,16.37,3.18,385.94,78.41,,57.74,1.58,180.25,68.39
600325.SH,华发股份,10.56,-608.13,0.89,5.85,5.93,0.65,5.13,0.0,15.81,5.61,-41.78,11.78,,70.15,扣非亏损,扣非转亏,3.56
600600.SH,青岛啤酒,15.2,26.54,3.39,16.37,17.17,12.64,2.68,0.0,41.76,17.72,1.96,6.93,4.26,39.11,3.83,3.24,1.77
300992.SZ,泰福泵业,81.7,73.5,2.9,1.86,2.43,2.34,0.35,0.0,24.47,3.78,-59.67,20.06,,51.27,3.66,79.2,67.24
002096.SZ,易普力,23.29,24.36,2.23,7.15,7.37,6.17,1.98,0.0,23.58,8.85,8.54,22.9,11.34,30.88,1.06,6.81,6.32
300075.SZ,数字政通,463.26,-206.5,3.2,0.47,0.51,0.1,0.28,0.0,36.51,2.99,-89.15,-4.24,10.6,16.82,扣非亏损,扣非转亏,1816.69
300350.SZ,华鹏飞,120.01,-108.63,3.9,-1.87,2.47,2.16,,0.0,15.27,8.83,40.83,-15.24,,17.82,扣非亏损,扣非亏损,97.18
601777.SH,力帆科技,673.96,-229.1,3.44,0.23,0.38,-0.46,,0.0,9.16,-3.43,-47.36,35.05,2.06,43.6,扣非亏损,扣非转亏,3547.18
601089.SH,福元医药,15.08,16.48,2.33,10.98,10.84,8.9,2.9,0.0,67.09,15.86,3.29,9.73,,23.55,1.69,3.0,2.78
600509.SH,天富能源,15.39,22.01,1.32,5.59,6.44,3.22,2.43,0.0,19.3,7.39,13.85,25.44,0.56,69.67,0.87,7.87,4.78
688981.SH,中芯国际,223.46,252.21,5.58,1.53,1.9,0.59,,0.0,17.64,7.72,-3.19,20.02,,33.44,12.6,329.1,235.22
688788.SH,科思科技,-14.48,-15.62,1.64,-8.17,-8.13,-8.94,,0.0,49.3,-109.96,-5.63,-22.58,0.71,6.36,扣非亏损,扣非亏损,亏损
605566.SH,福莱蒽特,51.5,248.54,1.18,1.53,1.71,0.4,0.48,0.0,14.12,3.29,-35.29,-1.82,1.64,22.73,-136.5,325.79,60.23
301307.SZ,美利信,-99.78,-113.91,2.0,-1.74,-1.48,-0.78,0.35,0.0,10.87,-1.84,-149.67,21.31,0.03,51.54,扣非亏损,扣非亏损,亏损
002059.SZ,云南旅游,32.67,-13.14,3.72,-10.63,8.93,3.82,,0.0,3.58,28.64,-43.62,-16.74,,51.97,扣非亏损,扣非亏损,7.32
002575.SZ,群兴玩具,-291.62,-221.25,4.86,-1.93,-1.27,-1.35,,0.0,7.12,-5.52,-328.85,-1.53,0.03,10.93,扣非亏损,扣非亏损,亏损
688580.SH,伟思医疗,30.83,32.42,1.99,4.21,4.8,4.26,2.36,0.0,71.08,26.79,-24.92,10.72,4.3,9.19,3.02,15.41,12.85
002829.SZ,星网宇达,-139.39,-40.59,2.34,-1.48,-1.25,-1.33,,0.0,38.06,-13.74,-127.0,7.9,5.47,29.82,扣非亏损,扣非亏损,亏损
300141.SZ,和顺电气,-3427.1,508.84,3.71,-0.41,-0.08,0.21,0.11,0.0,22.46,-0.31,-248.04,-11.25,,38.21,-45.24,扣非亏损,亏损
600108.SH,亚盛集团,117.46,150.93,1.34,0.4,0.87,1.59,0.2,0.0,18.26,1.69,-41.74,8.55,,54.11,17.65,752.76,270.03
000153.SZ,丰原药业,15.81,26.88,1.56,6.06,7.55,4.58,1.6,0.0,22.55,4.45,-9.64,8.79,0.39,56.65,3.06,8.87,4.19
603086.SH,先达股份,248.66,-16.48,1.02,-0.13,0.31,0.54,,0.0,14.4,0.39,-121.49,12.51,,46.68,扣非亏损,扣非亏损,1604.27
688399.SH,硕世生物,133.22,-20.04,1.52,-0.49,0.8,0.38,,0.0,65.66,10.11,91.98,21.81,,14.78,扣非亏损,扣非亏损,333.06
600865.SH,百大集团,21.15,48.75,1.58,2.7,5.46,7.24,2.82,0.0,89.92,92.26,-17.51,-3.36,,7.77,-14.5,36.08,7.75
601065.SH,江盐集团,12.58,12.28,1.41,8.21,8.31,7.48,3.06,0.0,36.37,18.48,3.18,33.3,0.22,23.1,0.37,2.99,3.03
836826.BJ,盖世食品,44.83,59.26,5.59,8.01,9.31,7.86,1.37,0.0,17.74,8.09,-2.08,32.56,,33.8,1.82,14.79,9.63
600095.SH,湘财股份,116.94,228.75,1.92,1.12,1.22,0.81,0.47,0.0,1.22,34.68,7.59,50.27,9.88,70.76,4.55,408.19,191.09
300026.SZ,红日药业,59.69,143.41,1.52,1.8,1.92,1.98,0.71,0.0,52.2,4.33,-64.12,-1.07,7.73,21.2,-133.7,158.95,62.18
300301.SZ,*ST长方,-29.75,-12.55,105.03,-161.86,-113.95,-2.36,,0.0,26.05,-9.9,37.56,-19.18,,97.94,扣非亏损,扣非亏损,亏损
603181.SH,皇马科技,17.39,17.92,2.21,9.78,10.0,8.97,1.37,0.0,25.07,16.58,36.18,0.08,,19.04,211.26,3.66,3.48
000923.SZ,河钢资源,13.26,12.15,1.06,6.23,6.13,5.12,3.57,0.0,62.48,16.74,-12.99,1.23,,24.0,9.87,3.9,4.33
688338.SH,赛科希德,28.98,29.1,1.98,5.07,5.13,4.48,0.77,0.0,62.13,36.92,-4.62,7.88,,5.25,3.69,11.48,11.3
688613.SH,奥精医疗,386.21,-102.36,1.77,-0.6,0.35,0.37,0.27,0.0,74.46,-0.55,-119.92,8.23,1.96,7.53,扣非亏损,扣非亏损,2206.93
003029.SZ,吉大正元,-58.5,-35.73,4.56,-6.21,-5.81,-3.75,,0.0,56.7,-21.85,11.89,-7.68,,24.38,扣非亏损,扣非亏损,亏损
688579.SH,山大地纬,104.92,66.13,3.24,1.67,2.3,1.68,0.63,0.0,50.32,9.46,-8.59,6.11,,17.4,10.82,79.32,91.23
300087.SZ,荃银高科,-102.62,85.45,6.56,-5.76,-4.54,-1.12,1.19,0.0,16.49,-5.8,-1253.65,37.8,7.98,69.39,2.26,扣非亏损,亏损
601077.SH,渝农商行,4.52,5.7,0.5,7.91,8.37,,7.07,30.0,,49.15,2.63,-0.05,,91.3,-113.86,0.72,0.54
601339.SH,百隆东方,14.69,63.76,0.84,2.62,4.24,3.64,6.16,0.0,11.39,6.79,138.59,5.18,,34.39,12.3,48.69,6.93
002186.SZ,全聚德,34.76,67.94,3.73,7.72,8.39,5.23,,0.0,20.06,6.61,1.38,32.03,0.38,41.59,2.12,17.61,8.29
600510.SH,黑牡丹,50.81,127.83,0.53,0.77,0.77,0.2,2.21,0.0,23.21,3.76,-78.35,-7.51,0.24,62.75,-17.02,330.49,131.98
300771.SZ,智莱科技,64.27,115.01,1.47,-0.05,1.67,0.59,0.92,0.0,29.03,10.82,97.57,-20.44,,16.44,-5.63,转盈,76.97
300014.SZ,亿纬锂能,25.84,35.44,3.0,7.01,8.9,3.89,1.18,0.0,17.38,9.62,16.0,85.42,0.16,60.35,0.41,10.11,5.81
603119.SH,浙江荣泰,37.38,40.48,4.7,9.05,9.71,8.4,0.79,0.0,35.01,20.59,46.34,23.93,,16.87,1.69,8.95,7.7
300427.SZ,红相股份,-57.08,-7.68,3.07,-5.88,-5.44,-0.7,,0.0,40.41,-12.7,-6.37,-2.51,14.15,50.43,扣非亏损,扣非亏损,亏损
688052.SH,纳芯微,-35.9,-37.51,3.21,-7.18,-6.48,-6.06,,0.0,33.21,-29.85,-40.52,109.5,,12.27,扣非亏损,扣非亏损,亏损
301180.SZ,万祥科技,235.6,-592.88,5.03,0.18,1.61,1.51,0.14,0.0,17.75,2.68,-91.04,-5.8,0.12,23.14,扣非亏损,扣非转亏,292.67
301217.SZ,铜冠铜箔,-73.59,-74.93,1.81,-2.12,-1.82,-1.77,0.51,0.0,-0.37,-3.12,-906.49,19.51,,23.68,扣非亏损,扣非亏损,亏损
300980.SZ,祥源新材,87.31,134.28,2.67,1.34,2.07,1.66,1.96,0.0,31.86,6.29,-50.01,9.34,,37.92,14.38,199.83,84.36
688387.SH,信科移动,-103.57,-45.27,3.68,-3.92,-2.63,-1.36,,0.0,23.39,-4.78,15.94,20.23,,52.74,扣非亏损,扣非亏损,亏损
688662.SH,富信科技,75.86,104.87,4.92,4.68,4.93,3.22,,0.0,26.69,8.48,328.79,-12.26,,29.15,-8.56,44.85,30.78
000510.SZ,新金路,-60.41,-22.29,2.02,-2.93,-2.7,-0.43,,0.0,10.22,-2.1,57.13,7.4,,43.86,扣非亏损,扣非亏损,亏损
300439.SZ,美康生物,14.99,21.5,1.55,6.9,7.97,7.05,1.15,0.0,45.8,15.88,7.16,-5.29,,19.16,-4.06,6.23,3.76
832145.BJ,恒合股份,-67.64,-83.84,3.21,-3.57,-3.5,-5.12,,0.0,21.39,-29.29,-3.41,-18.11,,7.57,扣非亏损,扣非亏损,亏损
600853.SH,龙建股份,12.79,10.44,1.32,7.18,7.98,1.56,0.82,0.0,13.22,2.18,31.81,14.25,0.02,82.59,0.73,2.91,3.2
002200.SZ,ST交投,-29.44,-54.33,77.55,-114.04,-141.6,-1.56,,0.0,14.71,-15.32,-37.4,32.89,,90.8,扣非亏损,扣非亏损,亏损
002817.SZ,黄山胶囊,39.94,43.19,2.36,4.24,4.47,3.78,0.97,0.0,25.62,11.86,-24.02,13.24,,13.96,3.26,20.38,17.87
000911.SZ,广农糖业,-82.34,-44.63,43.0,-59.34,-29.2,1.91,,0.0,11.71,-1.43,-41855.18,-0.83,,95.54,扣非亏损,扣非亏损,亏损
688326.SH,经纬恒润,-21.94,-20.39,2.8,-10.27,-9.02,-5.26,,0.0,23.16,-11.49,-179.2,23.73,,52.15,扣非亏损,扣非亏损,亏损
688601.SH,力芯微,47.24,39.19,4.99,7.25,7.88,6.87,1.15,0.0,45.14,16.94,-14.92,19.09,0.63,7.33,2.05,10.81,11.99
600301.SH,华锡有色,16.88,19.36,3.14,14.13,12.9,14.72,,0.0,41.2,25.03,117.8,-0.69,11.42,36.22,-27.87,2.74,2.62
603659.SH,璞泰来,26.57,32.0,2.38,6.28,6.7,3.67,0.67,0.0,29.09,14.7,-26.48,47.15,0.58,54.27,0.68,10.19,7.93
688592.SH,司南导航,-255.84,145.7,2.72,-2.03,-0.78,-0.76,0.48,0.0,54.64,-4.17,-56.43,19.56,,17.45,7.45,扣非亏损,亏损
300775.SZ,三角防务,52.73,41.36,2.83,3.36,3.99,2.36,0.65,0.0,30.28,19.11,-67.4,61.21,,38.27,0.68,24.63,26.43
300374.SZ,中铁装配,-58.95,-35.57,6.26,-8.82,-7.79,-1.06,,0.0,9.0,-5.58,22.89,42.85,,77.67,扣非亏损,扣非亏损,亏损
688261.SH,东微半导,159.96,1234.05,2.26,0.15,1.06,0.47,0.21,0.0,15.53,4.5,-96.37,61.05,,4.9,20.21,16520.1,301.82
301065.SZ,本立科技,33.08,36.63,1.73,3.78,3.92,3.2,0.44,0.0,18.53,9.36,8.58,4.51,,20.4,8.11,19.4,16.88
300280.SZ,紫天科技,228.42,-1.82,2.11,0.73,0.69,0.62,,0.0,3.96,0.7,-95.82,15.9,9.62,63.78,扣非亏损,扣非转亏,662.09
831768.BJ,拾比佰,-112.12,-133.13,1.58,-1.15,-1.05,-0.43,,0.0,6.83,-0.58,81.42,2.82,,49.21,扣非亏损,扣非亏损,亏损
003030.SZ,祖名股份,-118.29,-241.56,1.88,-1.39,-1.16,0.42,0.69,0.0,23.7,-1.9,-144.92,6.59,,52.13,扣非亏损,扣非亏损,亏损
603107.SH,上海汽配,32.91,33.89,2.92,5.78,6.67,6.48,1.29,0.0,20.38,8.61,-6.42,17.13,,24.83,1.98,11.73,9.87
603098.SH,森特股份,61.78,209.21,2.21,2.1,2.7,1.77,0.37,0.0,19.38,3.82,-10.54,5.82,,52.16,35.94,199.15,45.76
603373.SH,安邦护卫,30.23,27.7,1.98,4.69,4.89,7.25,1.16,0.0,24.28,9.57,10.6,6.36,0.26,23.55,4.35,11.81,12.36
300979.SZ,华利集团,20.99,21.32,4.86,17.81,17.98,17.56,2.28,0.0,27.81,16.24,24.45,13.64,0.77,24.78,1.56,2.39,2.34
603786.SH,科博达,31.32,35.75,4.99,11.67,12.45,10.65,0.84,0.0,29.33,14.92,31.25,17.86,,24.52,2.0,6.13,5.03
301229.SZ,纽泰格,41.51,39.69,2.86,4.95,5.01,3.74,0.38,0.0,24.15,6.61,-9.47,22.44,2.95,42.99,1.77,16.04,16.57
688122.SH,西部超导,40.66,50.22,5.02,8.3,9.26,6.24,1.32,0.0,33.98,20.18,4.04,27.11,,44.15,1.85,12.1,8.78
688739.SH,成大生物,27.24,40.37,1.25,3.26,3.44,3.63,2.46,0.0,82.92,25.31,-27.09,-4.01,,4.82,-10.08,24.78,15.83
000509.SZ,华塑控股,-255.84,-126.41,30.99,-9.32,-8.69,-1.26,,0.0,3.44,-2.07,2.7,224.0,11.53,73.63,扣非亏损,扣非亏损,亏损
000031.SZ,大悦城,-18.14,-2.94,1.08,-12.04,-4.35,1.78,,0.0,24.38,1.44,-187.39,-1.11,0.51,76.38,扣非亏损,扣非亏损,亏损
002404.SZ,嘉欣丝绸,17.04,23.62,1.74,6.84,7.53,5.61,4.97,0.0,12.36,4.5,-12.52,19.41,,37.3,1.22,6.9,4.53
605488.SH,福莱新材,29.24,43.71,2.17,4.8,5.35,2.43,1.2,0.0,15.01,3.7,24.77,19.36,,59.26,2.26,18.23,10.93
002587.SZ,奥拓电子,-163.21,-267.4,3.24,-1.67,-1.45,-2.11,0.7,0.0,36.44,-4.55,-829.24,-5.09,0.52,29.02,扣非亏损,扣非亏损,亏损
601699.SH,潞安环能,12.41,13.35,0.99,5.94,5.89,5.4,7.25,0.0,40.71,12.92,-61.05,24.19,,47.15,0.55,4.5,4.21
300566.SZ,激智科技,22.74,32.85,2.63,7.41,8.95,5.22,0.8,0.0,24.23,10.22,122.74,18.24,1.77,47.77,1.8,8.87,5.08
300841.SZ,康华生物,16.38,14.89,2.57,11.84,11.54,11.17,2.58,0.0,94.27,38.28,14.52,15.14,,12.55,0.98,2.52,2.84
301192.SZ,泰祥股份,32.78,45.87,3.22,6.12,7.52,6.3,0.87,0.0,29.41,13.96,74.24,36.69,1.42,28.99,1.25,15.0,8.72
300153.SZ,科泰电源,79.76,99.55,3.1,2.35,2.95,1.18,,0.0,12.88,3.34,56.46,17.48,,54.32,5.7,84.91,54.08
600522.SH,中天科技,18.89,22.36,1.67,6.26,6.73,4.77,1.76,0.0,15.83,6.71,-3.21,2.84,0.02,38.32,7.88,7.14,5.61
301115.SZ,建科股份,100.38,184.26,1.08,0.09,0.8,0.92,1.96,0.0,35.22,3.12,-94.65,14.71,6.56,26.61,12.53,3975.45,250.94
002739.SZ,万达电影,117.92,-87.68,3.25,1.02,2.08,3.06,,0.0,23.98,1.8,-92.53,42.27,52.64,66.75,扣非亏损,扣非转亏,113.38
688314.SH,康拓医疗,23.98,32.58,3.84,10.84,12.49,12.68,0.97,0.0,80.33,31.65,11.63,19.02,0.94,13.14,1.71,6.01,3.84
000833.SZ,粤桂股份,23.18,28.2,1.98,6.66,6.6,5.37,0.92,0.0,27.11,10.91,406.87,1.98,,35.62,14.28,8.46,7.02
300231.SZ,银信科技,84.28,118.67,3.79,3.36,3.12,2.9,1.94,0.0,22.13,4.4,-55.06,-4.63,,43.47,-25.61,70.7,54.02
600259.SH,广晟有色,-29.94,-42.34,3.25,-8.08,-8.44,-3.55,,0.0,0.66,-3.39,-349.73,29.12,,56.36,扣非亏损,扣非亏损,亏损
600775.SH,南京熊猫,-74.82,-30.49,3.08,-3.44,-3.04,-1.14,,0.0,14.57,-3.54,-147.7,-7.85,,34.18,扣非亏损,扣非亏损,亏损
603737.SH,三棵树,46.56,-178.48,9.19,9.56,15.7,3.64,0.34,0.0,28.66,4.44,-42.82,16.2,2.89,79.98,扣非亏损,扣非转亏,5.93
001213.SZ,中铁特货,25.14,33.41,1.01,2.85,3.04,3.37,1.38,0.0,10.06,7.28,-6.25,8.15,,10.94,4.1,23.46,16.54
600018.SH,上港集团,8.81,11.32,1.06,8.31,9.32,7.29,3.51,13.83,37.6,43.82,-2.9,13.58,0.23,31.07,0.83,1.36,0.95
000959.SZ,首钢股份,94.18,-67.97,0.52,0.0,0.41,0.96,0.87,0.0,3.74,0.38,-99.75,17.59,,59.52,扣非亏损,-28921.86,459.43
603800.SH,洪田股份,45.57,33.28,6.56,6.93,10.45,3.86,0.57,0.0,22.27,10.11,16.61,42.38,33.35,71.95,0.79,9.61,8.72
600906.SH,财达证券,50.93,59.1,2.16,3.17,3.17,,1.33,0.0,,21.7,-32.6,9.74,0.15,76.03,6.07,37.32,32.13
605305.SH,中际联合,19.27,21.28,2.45,8.92,9.9,8.85,1.27,0.0,48.86,25.51,108.27,19.45,,23.32,1.09,4.77,3.89
603611.SH,诺力股份,9.58,10.99,1.62,11.21,13.09,5.08,3.29,0.0,23.23,7.0,-0.19,20.71,22.02,68.27,0.53,1.96,1.46
601155.SH,新城控股,17.47,-131.51,0.55,2.43,2.39,1.29,,0.0,20.19,2.95,-27.63,-4.17,,75.45,扣非亏损,扣非转亏,14.62
600586.SH,金晶科技,22.92,25.2,1.48,4.74,4.96,3.76,1.5,0.0,17.87,5.89,-33.17,18.78,0.5,45.4,1.34,10.63,9.24
688183.SH,生益电子,116.53,179.56,7.16,4.45,4.5,3.13,,0.0,21.68,5.87,746.24,-3.37,,41.87,-53.28,80.64,51.79
002613.SZ,北玻股份,31.31,56.52,2.24,4.67,5.32,4.18,1.32,0.0,27.97,7.59,-5.3,19.39,0.05,32.59,2.92,24.22,11.77
300787.SZ,海能实业,54.19,63.33,2.54,2.56,3.0,1.59,1.66,0.0,28.8,2.84,-54.86,9.11,,55.4,6.95,49.45,36.13
301568.SZ,思泰克,57.81,70.05,4.1,4.46,5.25,5.16,1.49,0.0,50.34,24.25,-45.35,1.86,,11.25,37.62,31.4,22.02
600133.SH,东湖高新,44.28,36.37,1.51,2.06,2.4,1.56,1.39,0.0,30.82,16.94,-23.21,11.57,4.03,48.88,3.14,35.32,36.9
600386.SH,北巴传媒,105.84,152.91,1.98,1.1,1.4,2.33,0.45,0.0,16.32,1.31,260.43,4.57,,56.9,33.48,279.03,151.2
003005.SZ,竞业达,128.45,209.25,2.75,1.28,1.62,1.02,,0.0,50.19,7.95,411.79,-10.12,0.11,18.91,-20.68,326.69,158.58
600598.SH,北大荒,15.34,24.64,3.42,17.34,17.21,12.98,3.68,0.0,38.17,30.78,4.16,15.93,,26.39,1.55,2.84,1.78
000897.SZ,津滨发展,8.66,10.61,1.4,12.88,12.87,7.44,,0.0,32.99,22.27,-24.81,33.71,,44.25,0.31,1.65,1.35
002792.SZ,通宇通讯,124.05,435.28,3.06,0.83,1.91,1.11,1.19,0.0,25.39,6.11,243.17,-4.91,,21.21,-88.72,1051.53,129.89
002900.SZ,哈三联,65.9,112.41,1.66,1.55,1.9,1.13,1.47,0.0,51.1,4.47,3.44,-1.74,0.06,39.64,-64.55,145.4,69.37
601969.SH,海南矿业,20.26,23.93,2.18,6.98,8.16,5.48,1.52,0.0,30.9,17.02,16.73,21.06,,41.53,1.14,6.86,4.97
002727.SZ,一心堂,23.11,22.71,1.17,4.45,3.75,2.61,1.73,0.0,31.73,2.26,-49.44,11.49,25.48,54.06,1.98,10.21,12.32
301368.SZ,丰立智能,302.79,451.96,6.55,1.6,1.63,1.07,0.18,0.0,14.9,4.26,-28.97,8.92,,22.31,50.68,566.4,371.52
688543.SH,国科军工,49.0,54.49,4.37,5.82,6.7,5.16,1.43,0.0,37.25,20.39,43.74,21.94,0.06,24.01,2.48,18.71,14.63
301001.SZ,凯淳股份,326.87,141.31,2.51,0.29,0.57,0.65,0.49,0.0,28.69,1.57,124.48,-10.26,,10.74,-13.78,961.0,1146.93
601028.SH,玉龙股份,24.54,24.52,2.73,9.13,8.87,5.94,0.47,0.0,59.64,21.8,-16.84,-28.72,,63.26,-0.85,5.37,5.53
000718.SZ,苏宁环球,16.46,30.84,0.8,3.63,3.7,3.62,0.77,72.25,59.69,20.26,-10.01,-21.01,1.45,31.69,-1.47,8.5,4.45
600006.SH,东风股份,-109.12,-35.85,2.05,-3.64,-1.39,-0.85,0.52,0.0,3.03,-1.43,-182.39,-3.12,,49.99,扣非亏损,扣非亏损,亏损
002677.SZ,浙江美大,34.14,26.76,2.94,5.77,5.72,4.86,7.42,0.0,43.27,16.04,-70.6,-0.62,,9.91,-43.33,9.28,11.94
600763.SH,通策医疗,37.61,52.17,6.06,12.46,12.49,11.51,0.57,0.0,41.82,26.95,-0.47,11.89,1.62,27.74,4.39,8.37,6.02
603725.SH,天安新材,19.85,23.34,2.87,9.94,11.01,5.1,1.53,0.0,22.16,4.55,32.27,61.58,19.95,69.61,0.38,4.7,3.61
001225.SZ,和泰机电,37.67,34.95,1.51,2.52,2.98,2.1,3.19,0.0,37.62,23.56,-48.89,-0.21,,7.76,-164.06,27.7,25.28
300243.SZ,瑞丰高材,64.76,62.19,2.93,2.89,3.17,3.19,1.02,0.0,14.97,2.48,-48.42,12.76,,50.86,4.88,43.06,40.86
603926.SH,铁流股份,21.7,30.04,1.36,4.06,4.69,3.01,3.04,0.0,17.9,4.31,-1.53,13.7,0.96,42.15,2.19,14.78,9.25
603050.SH,科林电气,32.26,27.53,3.92,7.87,9.13,3.74,2.23,0.0,22.76,5.77,-3.2,31.27,,68.0,0.88,6.99,7.07
000960.SZ,锡业股份,15.18,14.09,1.39,7.54,6.9,5.09,1.82,0.0,11.63,4.61,46.44,-0.59,,41.79,-23.96,3.74,4.4
300918.SZ,南山智尚,25.34,21.15,2.15,5.76,6.04,4.03,1.67,0.0,33.45,10.7,0.86,5.78,,52.61,3.66,7.34,8.39
002493.SZ,荣盛石化,86.62,61.82,2.31,1.56,1.99,1.94,0.97,0.0,12.16,0.74,630.51,45.13,,75.93,1.37,79.21,87.06
688171.SH,纬德信息,251.51,482.96,2.09,0.23,0.62,0.22,0.38,0.0,39.71,8.22,-77.99,-1.56,,3.3,-308.75,4127.87,811.34
600031.SH,三一重工,23.83,32.31,2.18,6.66,6.99,3.94,1.6,0.0,28.27,8.6,9.42,-8.76,0.07,51.87,-3.69,9.7,6.82
600121.SH,郑州煤电,359.59,50.65,3.78,-0.11,0.8,2.31,,0.0,26.47,2.57,98.22,16.81,,79.2,3.01,转盈,898.98
603991.SH,至正股份,-300.74,-99.94,25.05,-7.12,-6.06,-1.45,,0.0,14.94,-6.97,-13.15,9.03,25.08,56.45,扣非亏损,扣非亏损,亏损
600648.SH,外高桥,22.93,27.86,1.07,2.89,3.47,2.25,4.16,0.0,34.55,8.96,-25.96,-8.9,,71.55,-3.13,19.29,13.21
301103.SZ,何氏眼科,179.49,-152.15,2.03,0.74,0.8,1.72,2.02,0.0,40.92,1.22,-84.57,12.7,,16.37,扣非亏损,扣非转亏,448.73
688567.SH,孚能科技,-40.91,-28.69,1.64,-3.1,-2.97,-0.9,,0.0,13.66,-3.3,78.54,161.84,,59.86,扣非亏损,扣非亏损,亏损
300619.SZ,金银河,-313.4,-113.52,2.5,-1.07,-0.59,0.94,0.49,0.0,18.77,-1.36,-117.15,58.5,,60.65,扣非亏损,扣非亏损,亏损
301618.SZ,长联科技,97.0,95.46,7.87,7.06,9.16,6.83,,0.0,33.27,13.55,-7.09,-1.51,,20.78,-63.29,27.03,21.18
002563.SZ,森马服饰,17.1,17.57,1.5,6.4,6.55,5.08,5.2,0.0,44.77,8.01,-5.31,-3.22,,36.75,-5.46,5.49,5.22
301556.SZ,托普云农,74.18,63.95,8.44,11.66,12.25,8.41,,0.0,53.35,22.83,21.86,22.47,1.0,24.5,2.85,10.97,12.11
000632.SZ,三木集团,-15.32,-4.24,1.28,-6.9,-6.07,1.22,,0.0,3.93,-0.61,-1243.99,21.29,3.92,79.27,扣非亏损,扣非亏损,亏损
002351.SZ,漫步者,31.28,32.51,5.35,12.58,12.85,12.1,1.13,0.0,40.18,17.61,20.85,12.29,0.1,20.54,2.65,5.17,4.87
002601.SZ,龙佰集团,13.63,12.99,1.95,10.9,10.63,5.26,5.25,0.0,26.95,12.25,22.89,24.67,23.02,60.3,0.53,2.38,2.57
000598.SZ,兴蓉环境,10.32,11.52,1.26,9.31,9.43,4.88,2.99,0.0,44.76,26.87,9.45,14.76,0.01,59.35,0.78,2.48,2.19
430478.BJ,峆一药业,25.7,31.14,2.72,7.41,8.0,7.58,1.54,0.0,38.39,18.21,28.87,4.84,,9.16,6.44,8.41,6.43
601528.SH,瑞丰银行,5.47,6.52,0.59,7.44,8.35,,3.64,0.0,,43.98,12.1,8.14,,91.42,0.8,1.75,1.31
600636.SH,国新文化,-195.15,-19.3,1.96,-0.78,-0.75,-1.18,0.38,0.0,73.9,-11.53,-134.7,-16.37,26.96,2.74,扣非亏损,扣非亏损,亏损
600959.SH,江苏有线,59.73,-78.15,0.79,-0.4,1.0,0.87,0.67,0.0,23.53,4.67,45.43,1.13,0.2,37.58,扣非亏损,扣非亏损,119.47
831195.BJ,三祥科技,26.39,29.04,2.11,5.71,6.1,5.72,0.9,0.0,35.63,6.47,-20.17,13.55,,45.47,2.14,10.18,8.65
601658.SH,邮储银行,5.05,5.93,0.62,7.61,8.84,,6.0,30.0,,29.19,0.02,6.24,,93.83,0.95,0.78,0.57
002224.SZ,三力士,60.92,677.38,1.28,1.27,1.54,1.15,0.59,0.0,22.69,8.57,-47.89,0.55,0.0,15.49,1241.84,1067.5,79.11
300488.SZ,恒锋工具,31.62,36.32,2.93,5.51,6.54,6.63,0.81,0.0,45.26,22.08,-8.4,13.82,0.9,33.67,2.63,13.19,9.67
601016.SH,节能风电,13.66,14.5,1.25,6.74,6.81,4.47,2.8,0.0,51.82,31.91,-0.59,19.86,,58.43,0.73,4.3,4.01
002866.SZ,传艺科技,81.97,2184.77,2.37,1.88,2.19,0.1,0.07,0.0,23.98,1.57,-43.96,0.44,0.29,51.0,4972.54,2318.92,74.86
301013.SZ,利和兴,167.03,-118.82,4.01,1.45,1.81,1.13,,0.0,20.31,3.45,269.73,5.12,0.02,44.04,扣非亏损,扣非转亏,184.56
000972.SZ,中基健康,-41.98,-48.92,15.24,-25.43,-23.96,-1.49,,0.0,13.97,-14.41,-209.61,298.37,,90.25,扣非亏损,扣非亏损,亏损
002830.SZ,名雕股份,82.24,46.03,2.73,2.34,2.43,1.67,1.61,0.0,31.66,4.36,7.49,-3.23,,50.5,-14.25,39.41,67.69
603938.SH,三孚股份,73.14,95.23,2.04,1.44,2.1,2.02,0.29,0.0,15.62,3.57,-79.07,34.97,,26.49,2.72,132.28,69.66
003017.SZ,大洋生物,24.3,22.61,1.62,4.73,5.13,3.42,3.5,0.0,19.05,7.63,48.36,12.49,,36.24,1.81,9.55,9.47
000935.SZ,四川双马,40.08,24.78,1.77,3.0,3.31,3.3,1.9,0.0,48.8,32.94,-64.94,-5.76,,9.67,-4.31,16.54,24.22
688302.SH,海创药业,-18.31,-16.31,3.05,-12.88,-11.86,-11.06,,0.0,12.04,-140403.81,36.06,,,12.33,扣非亏损,扣非亏损,亏损
300746.SZ,汉嘉设计,593.27,-404.69,2.94,0.06,0.36,0.33,3.38,0.0,19.01,0.89,-93.96,1.12,28.66,52.49,扣非亏损,扣非转亏,3295.96
300002.SZ,神州泰岳,18.2,23.59,3.88,13.22,17.36,16.13,0.68,0.0,61.95,23.95,54.84,18.48,21.16,12.55,1.28,3.57,2.1
002912.SZ,中新赛克,-76.79,-517.14,3.06,-3.04,-2.85,-3.55,1.07,0.0,76.44,-12.96,-204.64,-4.86,,21.38,扣非亏损,扣非亏损,亏损
600960.SH,渤海汽车,-13.61,-11.67,0.76,-4.46,-4.21,-1.62,,0.0,7.5,-5.64,-67.0,0.33,,42.66,扣非亏损,扣非亏损,亏损
603888.SH,新华网,62.95,86.86,3.76,3.76,4.44,2.9,0.84,0.0,36.34,12.87,49.17,13.37,,29.97,6.5,46.16,28.36
300607.SZ,拓斯达,698.33,-190.42,3.44,0.04,0.38,0.43,0.27,0.0,20.31,0.14,-99.25,20.74,3.46,61.64,扣非亏损,扣非转亏,3675.4
301266.SZ,宇邦新材,92.46,86.71,3.72,2.39,2.84,2.03,0.49,0.0,6.06,1.86,-65.76,50.34,,49.93,1.72,72.69,65.11
300722.SZ,新余国科,104.14,117.7,14.75,10.58,10.9,8.87,0.61,0.0,43.44,20.31,3.26,16.89,0.25,26.3,6.97,22.25,19.11
002122.SZ,汇洲智能,66.4,110.16,2.6,2.66,2.98,1.6,,0.0,20.56,9.04,48.61,4.66,0.67,32.29,23.62,82.97,44.57
600624.SH,复旦复华,-89.76,-68.94,4.99,-4.97,-4.08,-1.24,,0.0,37.46,-7.05,-603.23,-9.12,,48.22,扣非亏损,扣非亏损,亏损
000006.SZ,深振业A,-19.32,-10.17,2.09,-7.82,-7.8,-1.88,,0.0,7.66,-13.1,-13054.26,0.33,,67.4,扣非亏损,扣非亏损,亏损
688158.SH,优刻得,-31.58,-28.53,2.81,-7.13,-6.48,-4.59,,0.0,19.55,-15.19,33.7,-12.34,,28.58,扣非亏损,扣非亏损,亏损
002703.SZ,浙江世宝,77.02,78.95,6.03,6.21,6.38,4.32,0.18,0.0,19.7,7.01,345.89,18.6,,35.81,4.24,25.43,24.15
600284.SH,浦东建设,9.97,14.56,0.79,4.96,6.03,1.71,3.41,0.0,8.14,3.33,-6.34,26.23,,74.82,0.56,5.87,3.31
000795.SZ,英洛华,60.57,59.74,6.2,7.27,7.72,5.76,0.44,0.0,19.78,7.17,390.49,17.25,,30.75,3.46,16.44,15.69
002248.SZ,华东数控,242.34,-121.82,41.54,10.39,13.92,2.5,,0.0,18.79,3.55,-0.66,13.52,,86.45,扣非亏损,扣非转亏,34.82
300267.SZ,尔康制药,-202.88,-25.78,1.46,-0.67,-0.54,-0.47,,0.0,30.94,-3.15,-1027.98,-9.05,0.04,12.9,扣非亏损,扣非亏损,亏损
301139.SZ,元道通信,47.06,44.07,1.51,2.54,2.43,2.06,0.17,0.0,15.58,4.22,8.49,15.62,0.08,35.82,2.82,34.64,38.73
600877.SH,电科芯片,236.66,116.45,7.58,1.88,2.0,1.89,,0.0,30.55,8.12,-45.3,-3.82,,14.95,-30.49,124.14,236.66
000586.SZ,汇源通信,-560.53,-252.17,5.9,-1.0,-0.79,0.17,,0.0,30.87,-0.61,-118.27,1.01,,37.72,扣非亏损,扣非亏损,亏损
300591.SZ,万里马,-26.42,-14.95,5.4,-14.33,-14.25,-6.04,,0.0,10.16,-15.13,-1312.85,22.95,,51.46,扣非亏损,扣非亏损,亏损
300816.SZ,艾可蓝,28.74,58.79,2.35,4.82,6.26,4.08,,0.0,23.39,8.22,430.47,16.79,2.71,55.46,3.5,24.38,9.18
000783.SZ,长江证券,21.32,23.33,1.22,3.88,4.02,,2.23,0.0,,29.88,21.06,-2.37,0.14,75.71,-9.86,12.03,10.61
688625.SH,呈和科技,20.41,21.39,4.15,15.07,15.17,6.56,3.44,0.0,45.08,30.53,20.34,20.29,1.49,58.58,1.05,2.84,2.69
600157.SH,永泰能源,19.01,17.35,0.79,2.99,3.12,3.76,0.41,0.0,25.93,8.1,-13.67,12.61,8.8,51.22,1.38,11.62,12.19
301498.SZ,乖宝宠物,41.78,47.41,6.42,11.43,12.04,13.19,0.43,0.0,41.98,12.85,41.75,29.65,,12.08,1.6,8.3,6.94
300476.SZ,胜宏科技,37.72,44.94,4.63,9.76,9.55,5.15,1.03,0.0,21.55,9.93,33.2,13.14,14.27,53.65,3.42,9.21,7.9
600415.SH,小商品城,21.39,25.54,3.36,12.19,12.31,8.48,2.73,0.0,32.0,21.97,6.12,45.51,1.44,44.78,0.56,4.19,3.47
000668.SZ,荣丰控股,-31.44,-21.26,1.35,-4.04,-3.17,-1.23,,0.0,-1.68,-88.87,-19.52,67.24,,38.56,扣非亏损,扣非亏损,亏损
301089.SZ,拓新药业,-1282.48,-54.9,2.89,-0.65,-0.17,-0.72,0.46,0.0,25.69,-0.81,-103.4,19.27,,10.17,扣非亏损,扣非亏损,亏损
002690.SZ,美亚光电,24.64,25.32,5.76,16.51,17.03,14.78,3.56,0.0,50.45,28.52,-20.14,17.51,,18.77,1.45,3.07,2.89
300931.SZ,通用电梯,153.93,191.49,2.49,0.32,1.2,0.45,1.18,0.0,28.6,2.01,-82.91,1.72,,37.51,111.07,1204.34,256.56
600612.SH,老凤祥,11.23,14.18,2.16,14.21,14.65,13.07,2.83,0.0,8.56,4.34,-14.2,11.4,,40.08,1.24,2.0,1.53
301486.SZ,致尚科技,82.11,100.29,2.64,2.17,2.36,3.71,0.83,0.0,35.09,14.06,0.68,1.37,4.0,13.14,73.03,92.32,69.59
002468.SZ,申通快递,19.08,21.59,1.76,7.02,7.17,4.17,0.26,0.0,5.82,1.91,204.77,23.99,8.41,61.52,0.9,6.15,5.32
300502.SZ,新易盛,42.86,49.56,13.28,26.2,26.29,21.87,0.31,0.0,42.34,32.08,287.73,17.65,2.85,27.88,2.81,3.78,3.26
300464.SZ,星徽股份,-42.89,-65.17,4.49,-1.17,-8.02,-0.91,,0.0,21.54,-3.5,-243.81,-33.45,58.62,67.29,扣非亏损,扣非亏损,亏损
601388.SH,怡球资源,58.97,64.32,1.35,1.86,1.75,1.69,0.5,0.0,5.83,1.53,-37.2,9.47,0.35,29.76,6.79,69.17,67.4
601519.SH,大智慧,-67.76,-56.46,12.64,-12.48,-12.76,-9.86,,0.0,58.61,-39.31,-85.62,3.54,20.64,27.43,扣非亏损,扣非亏损,亏损
300128.SZ,锦富技术,-37.79,-21.45,8.68,-15.57,-15.21,-4.13,,0.0,12.45,-14.97,-30.66,13.26,17.12,64.64,扣非亏损,扣非亏损,亏损
600272.SH,开开实业,71.42,2818.03,5.33,0.21,5.68,5.02,0.43,0.0,18.05,5.98,-86.89,8.29,,54.62,339.9,27399.38,25.15
688416.SH,恒烁股份,-22.64,-15.56,2.2,-8.04,-7.08,-6.74,,0.0,15.47,-39.66,-10.39,24.86,,5.67,扣非亏损,扣非亏损,亏损
002072.SZ,凯瑞德,-587.86,-6615.83,39.19,-5.39,-4.88,-2.31,,0.0,2.75,-0.5,-80.71,185.24,,51.86,扣非亏损,扣非亏损,亏损
002842.SZ,翔鹭钨业,-42.21,-12.44,2.51,-7.91,-4.01,0.17,,0.0,5.97,-2.49,-34.47,11.8,0.45,60.86,扣非亏损,扣非亏损,亏损
688428.SH,诺诚健华,-68.69,-73.14,3.71,-3.83,-3.95,-4.47,,0.0,85.95,-40.89,51.27,25456.05,0.05,27.87,扣非亏损,扣非亏损,亏损
002936.SZ,郑州银行,6.5,14.83,0.43,4.14,5.14,,,0.0,,25.32,-18.14,-2.05,,91.48,-7.25,7.17,2.53
002110.SZ,三钢闽光,-5.11,-9.34,0.48,-4.01,-6.74,-2.97,,0.0,3.13,-3.99,-5432.47,1.38,,63.48,扣非亏损,扣非亏损,亏损
300804.SZ,广康生化,59.92,108.98,1.44,0.93,1.83,1.81,2.19,0.0,22.66,4.84,-41.87,6.77,,31.13,16.1,235.27,65.49
002551.SZ,尚荣医疗,148.0,-18.23,1.11,0.13,0.56,0.1,,0.0,15.84,1.85,-59.91,-18.76,0.05,29.45,扣非亏损,扣非转亏,528.56
300337.SZ,银邦股份,115.25,172.19,9.73,6.06,6.5,3.62,0.25,0.0,10.5,2.87,68.76,23.74,2.68,67.89,7.25,56.82,35.46
002715.SZ,登云股份,165.82,111.78,5.83,2.82,2.68,2.76,,0.0,31.04,2.99,11.76,14.03,,58.58,7.97,79.19,123.75
600403.SH,大有能源,-7.55,-5.83,1.32,-12.54,-12.41,-1.9,,0.0,13.34,-18.71,-1173.97,-2.62,,68.89,扣非亏损,扣非亏损,亏损
600751.SH,海航科技,57.83,133.09,1.16,1.38,1.51,0.76,,0.0,6.52,13.36,72.5,64.64,,22.03,2.06,192.48,76.59
603308.SH,应流股份,34.11,34.06,2.26,4.88,4.99,2.8,0.84,0.0,33.89,11.03,11.59,9.59,,56.55,3.55,13.97,13.67
002689.SZ,远大智能,-354.71,-66.92,3.36,-4.12,-0.71,-0.05,,0.0,24.7,-1.11,-408.59,17.4,,38.65,扣非亏损,扣非亏损,亏损
301359.SZ,东南电子,51.18,54.82,2.7,3.67,3.92,3.34,1.88,0.0,28.53,14.91,10.22,2.32,,6.37,23.62,29.86,26.11
002109.SZ,兴化股份,-10.46,-8.8,0.94,-6.35,-5.75,-2.1,,0.0,-2.78,-11.96,-53.93,23.57,,52.53,扣非亏损,扣非亏损,亏损
301090.SZ,华润材料,-35.42,-35.21,1.76,-4.51,-3.6,-2.8,0.36,0.0,-0.46,-1.86,-182.47,10.74,,34.33,扣非亏损,扣非亏损,亏损
832522.BJ,纳科诺尔,31.74,42.76,6.25,15.21,15.81,7.61,1.32,0.0,26.59,17.64,31.97,59.64,,51.38,0.72,5.62,4.02
300255.SZ,常山药业,2245.62,-24.68,12.0,-1.55,0.4,0.9,,0.0,18.06,-3.55,93.0,-11.78,,62.19,扣非亏损,扣非亏损,11228.1
300943.SZ,春晖智控,54.64,52.92,3.0,3.73,4.13,2.88,0.84,0.0,26.05,10.22,19.63,-2.9,2.89,19.75,-18.23,28.35,26.46
301127.SZ,天源环保,32.57,28.21,2.98,6.8,6.65,4.55,1.55,0.0,33.98,15.32,8.38,52.89,0.01,55.29,0.53,8.3,9.79
000821.SZ,京山轻机,16.7,24.23,2.39,9.89,11.25,3.39,0.55,0.0,19.02,7.45,27.46,33.62,15.48,71.69,0.72,4.9,2.97
600889.SH,南京化纤,-12.1,-9.95,3.59,-20.21,-20.04,-10.79,,0.0,-7.65,-41.06,-58.02,10.07,,59.18,扣非亏损,扣非亏损,亏损
301393.SZ,昊帆生物,39.75,48.61,2.28,3.75,4.32,3.71,0.42,0.0,41.63,29.36,16.13,12.95,,4.03,3.75,25.9,18.4
688297.SH,中无人机,-306.38,-732.99,5.98,-1.67,-1.44,-1.78,0.46,0.0,26.31,-22.4,-140.85,37.16,,27.04,扣非亏损,扣非亏损,亏损
834682.BJ,球冠电缆,24.16,21.53,2.6,7.77,8.13,5.03,4.47,0.0,10.59,3.31,14.77,13.49,,58.72,1.6,5.54,5.94
001319.SZ,铭科精技,34.8,35.93,2.82,5.56,6.1,5.37,1.49,0.0,29.01,11.49,13.01,6.72,,22.17,5.35,12.92,11.41
600377.SH,宁沪高速,11.62,14.27,1.73,11.48,11.57,7.31,4.59,0.0,34.99,30.86,7.95,26.42,,44.04,0.54,2.48,2.01
002375.SZ,亚厦股份,16.44,25.7,0.7,2.93,3.2,1.38,0.44,0.0,13.22,3.02,5.78,6.16,2.54,62.17,4.17,17.55,10.28
837174.BJ,宏裕包材,-208.53,-119.5,2.53,-2.07,-0.87,-0.26,3.52,0.0,5.45,-0.92,-146.13,5.6,,47.52,扣非亏损,扣非亏损,亏损
301291.SZ,明阳电气,22.05,21.01,2.88,9.95,9.94,5.81,2.54,0.0,23.05,10.65,38.45,44.75,,47.83,0.47,4.22,4.44
002032.SZ,苏泊尔,22.33,20.66,7.6,23.49,24.46,13.82,5.15,0.0,24.47,8.67,5.26,5.04,,52.87,4.1,1.76,1.83
603861.SH,白云电器,25.21,25.8,1.46,4.01,4.19,2.19,0.86,0.0,18.14,3.51,179.23,13.2,,67.35,1.95,12.86,12.03
000034.SZ,神州数码,21.47,19.96,2.76,9.62,9.99,3.96,1.49,0.0,4.49,1.0,2.1,10.29,13.19,77.64,1.94,4.15,4.3
000709.SZ,河钢股份,30.95,49.23,0.46,0.47,0.73,1.81,1.88,0.0,8.53,0.72,-45.98,6.81,0.0,74.76,7.23,209.52,84.78
002948.SZ,青岛银行,4.7,5.53,0.6,8.26,9.51,,5.25,0.0,,33.95,16.52,5.77,,93.49,0.96,1.34,0.99
002456.SZ,欧菲光,981.46,204.04,17.02,0.76,1.36,1.82,,0.0,11.49,0.68,104.7,-24.71,2.74,79.01,-8.26,536.32,1443.33
603929.SH,亚翔集成,10.79,13.2,3.79,28.31,28.61,13.14,4.18,0.0,12.95,9.91,92.79,60.25,,62.51,0.22,0.93,0.75
003002.SZ,壶化股份,33.41,32.38,3.46,7.05,7.87,6.18,1.65,0.0,40.3,13.67,-30.44,33.19,5.61,27.94,0.98,9.18,8.49
000550.SZ,江铃汽车,16.43,17.96,2.34,10.19,10.86,2.39,3.59,0.0,13.86,3.26,64.96,0.69,,65.42,26.0,3.52,3.03
002547.SZ,春兴精工,-26.33,-14.75,93.54,-142.21,-114.22,-3.14,,0.0,7.68,-11.68,-245.89,-20.45,,98.2,扣非亏损,扣非亏损,亏损
000882.SZ,华联股份,135.83,-4067.4,0.79,0.11,0.42,1.79,,0.0,54.82,3.02,77.26,9.0,0.76,46.45,扣非亏损,扣非转亏,646.82
300492.SZ,华图山鼎,70.66,4262.45,33.47,35.59,47.18,12.2,,0.0,57.9,6.07,1641.05,38.7,,81.74,110.15,239.55,3.0
301118.SZ,恒光股份,-31.06,-22.65,1.67,-5.14,-3.95,-1.83,,0.0,6.41,-6.34,-142.97,16.34,,44.72,扣非亏损,扣非亏损,亏损
605011.SH,杭州热电,42.11,47.08,4.15,6.79,7.55,6.48,0.64,0.0,11.72,8.07,0.38,19.03,,30.94,2.47,13.86,11.15
600640.SH,国脉文化,592.82,682.3,2.64,0.89,0.34,-0.66,0.02,0.0,17.21,1.29,353.51,-17.43,0.0,16.04,-39.14,1531.01,3538.14
600996.SH,贵广网络,-14.0,-7.43,3.84,-20.95,-18.71,-2.73,,0.0,-8.95,-56.54,-48.43,-12.11,0.03,76.16,扣非亏损,扣非亏损,亏损
603528.SH,多伦科技,105.9,-21.89,2.98,-0.55,2.1,1.5,,0.0,36.96,7.83,43.35,-4.07,2.54,16.89,扣非亏损,扣非亏损,100.86
000710.SZ,贝瑞基因,253.77,-12.14,1.88,0.69,0.56,1.16,,0.0,50.61,1.7,111.17,-9.11,0.7,24.86,扣非亏损,扣非转亏,906.31
002857.SZ,三晖电气,-61.58,-108.46,3.6,-5.06,-4.19,-3.31,0.22,0.0,31.86,-15.45,-130.92,19.89,,39.73,扣非亏损,扣非亏损,亏损
002342.SZ,巨力索具,-699.97,-306.66,1.41,-0.44,-0.15,0.71,0.07,0.0,21.03,-0.24,-284.58,2.2,,51.89,扣非亏损,扣非亏损,亏损
601106.SH,中国一重,-94.74,-7.44,2.62,-3.06,-2.05,0.5,,0.0,7.01,-1.53,-5499.86,-2.88,,78.6,扣非亏损,扣非亏损,亏损
300113.SZ,顺网科技,37.35,48.08,4.91,10.0,10.1,9.93,0.57,0.0,41.73,16.82,36.36,11.76,9.99,16.49,4.09,9.61,7.4
600583.SH,海油工程,10.53,16.75,0.95,5.15,6.84,4.32,2.47,0.0,11.77,8.63,20.88,21.29,,41.59,0.79,6.5,3.08
600893.SH,航发动力,124.39,114.15,3.02,1.72,1.82,1.18,0.43,0.0,12.04,3.15,-19.62,15.26,,60.16,7.48,132.61,136.69
603333.SH,尚纬股份,103.06,270.46,1.24,0.88,0.89,1.07,0.18,0.0,19.19,1.57,-13.49,3.65,,34.57,74.19,615.94,231.59
301565.SZ,中仑新材,58.65,,3.83,5.6,6.17,3.76,,0.0,13.12,6.36,-29.76,2.41,0.25,34.98,,,19.01
600136.SH,ST明诚,-110.06,1.1,12.12,-6.03,-7.93,-6.15,,0.0,3.31,-28.06,99.5,4.72,18.11,52.35,0.23,扣非亏损,亏损
002285.SZ,世联行,-251.63,-20.95,2.33,-3.44,-0.69,-0.96,,0.0,4.96,-1.9,-65.09,-19.78,4.32,35.54,扣非亏损,扣非亏损,亏损
301360.SZ,荣旗科技,124.88,65.12,2.66,1.28,1.59,0.47,0.32,0.0,44.67,8.06,390.33,14.95,,16.91,4.36,101.4,157.08
601118.SH,海南橡胶,-40.63,-32.24,2.69,-5.16,-4.82,0.1,0.49,0.0,2.88,-1.82,27.78,47.61,16.42,69.82,扣非亏损,扣非亏损,亏损
000938.SZ,紫光股份,39.16,46.79,6.11,5.85,4.92,2.83,0.72,0.0,17.59,3.44,6.91,8.82,84.54,80.55,5.31,15.99,15.92
300101.SZ,振芯科技,137.64,-646.87,7.47,2.97,4.05,2.71,,0.0,56.28,12.5,-58.58,19.51,0.38,30.42,扣非亏损,扣非转亏,67.97
301278.SZ,快可电子,29.57,28.81,2.8,6.45,7.29,5.37,0.52,0.0,19.23,11.96,-41.74,37.5,,28.48,0.77,8.93,8.11
002869.SZ,金溢科技,142.33,316.76,2.74,0.73,1.46,0.48,0.49,0.0,35.93,8.82,23.24,-4.5,,16.46,-70.36,867.61,194.98
600664.SH,哈药股份,15.35,18.92,2.0,9.46,10.21,5.19,,0.0,28.23,4.47,91.39,12.82,0.66,58.3,1.48,4.0,3.01
002535.SZ,林州重机,17.03,19.67,4.68,22.38,22.95,5.63,,0.0,31.26,10.61,53.81,53.59,,84.43,0.37,1.76,1.48
002628.SZ,成都路桥,-159.05,-207.18,1.48,-0.56,-0.7,0.68,,0.0,2.83,-3.7,-197.48,-18.59,,57.27,扣非亏损,扣非亏损,亏损
603357.SH,设计总院,13.1,12.03,1.54,8.8,8.81,5.68,3.93,0.0,31.16,13.98,-18.28,21.07,,44.5,0.57,2.73,2.98
300709.SZ,精研科技,64.38,88.39,3.99,4.25,4.72,2.72,0.51,0.0,30.35,6.07,-18.94,13.32,,34.58,6.63,41.63,27.28
300137.SZ,ST先河,363.64,-16.39,1.46,0.02,0.3,-0.12,,0.0,38.18,0.74,-98.0,-8.13,8.4,19.53,扣非亏损,扣非转亏,2424.26
300710.SZ,万隆光电,120.39,718.26,3.17,0.9,1.99,2.7,,0.0,29.43,5.35,176.44,-5.88,5.77,21.25,-122.1,1595.25,121.0
002020.SZ,京新药业,14.44,18.75,1.9,8.71,10.11,7.6,2.36,0.0,51.11,18.09,13.16,5.74,5.95,31.73,3.27,4.3,2.86
002261.SZ,拓维信息,2123.52,-1136.94,12.02,0.37,0.43,0.63,,0.0,15.94,0.1,-81.73,30.38,2.93,51.67,扣非亏损,扣非转亏,9876.84
301589.SZ,诺瓦星云,29.55,28.96,5.0,15.47,13.81,10.95,,0.0,55.35,19.43,9.48,40.49,0.54,30.04,0.72,3.74,4.28
600984.SH,建设机械,-5.78,-4.8,1.04,-12.77,-12.69,-2.32,,0.0,-1.56,-31.67,-74.6,-5.54,5.49,73.98,扣非亏损,扣非亏损,亏损
603516.SH,淳中科技,103.51,138.37,5.22,3.92,4.04,3.54,0.45,0.0,53.48,14.95,1363.33,3.13,0.02,7.95,44.25,70.66,51.24
688506.SH,百利天恒,14.34,20.62,18.33,184.01,186.1,103.17,,0.0,96.9,71.79,849.17,-17.72,,39.05,-1.16,0.22,0.15
002297.SZ,博云新材,-187.05,-117.98,2.0,-1.52,-0.8,-0.4,,0.0,15.74,-3.89,-785.46,20.39,,27.47,扣非亏损,扣非亏损,亏损
002572.SZ,索菲亚,14.37,16.02,2.53,12.49,13.18,8.11,6.27,0.0,35.79,12.67,-3.55,12.13,0.26,47.31,1.32,2.56,2.18
600067.SH,冠城大通,-46.36,-11.26,0.69,-1.41,-1.11,1.02,,0.0,11.73,-0.51,26.19,3.8,0.02,60.65,扣非亏损,扣非亏损,亏损
301372.SZ,科净源,-32.19,-26.13,1.93,-4.38,-4.35,-2.42,0.53,0.0,25.21,-22.43,-225.68,-19.93,,41.58,扣非亏损,扣非亏损,亏损
600571.SH,信雅达,-855.56,142.46,5.83,-2.68,-0.49,-2.0,1.89,0.0,22.91,-0.3,-380.73,19.95,1.84,21.28,7.14,扣非亏损,亏损
603321.SH,梅轮电梯,14.24,37.89,1.8,3.4,9.36,5.75,1.76,0.0,29.21,20.18,-19.76,11.97,,38.18,3.16,22.3,3.04
300480.SZ,光力科技,-84.32,-98.13,4.54,-4.29,-3.84,-2.37,0.94,0.0,57.3,-13.8,-189.23,31.25,16.18,30.85,扣非亏损,扣非亏损,亏损
300514.SZ,友讯达,14.65,17.11,3.1,16.22,16.53,13.71,1.23,0.0,40.66,19.34,-4.01,18.88,,29.05,0.91,2.11,1.77
301208.SZ,中亦科技,68.22,41.26,3.29,3.65,3.63,2.36,1.0,0.0,30.07,7.98,-29.91,20.67,,19.91,2.0,22.59,37.58
301106.SZ,骏成科技,34.96,42.54,3.02,6.28,6.61,5.5,0.96,0.0,24.54,12.96,36.12,8.88,0.27,16.16,4.79,13.55,10.58
002354.SZ,天娱数科,-562.5,-5.92,4.61,-4.91,-0.59,0.82,,0.0,21.85,0.04,-2675.13,25.64,40.08,23.13,扣非亏损,扣非亏损,亏损
300616.SZ,尚品宅配,-21.0,-43.39,0.91,-3.75,-3.15,-1.9,5.02,0.0,31.93,-4.18,-539.15,-7.62,,57.19,扣非亏损,扣非亏损,亏损
833429.BJ,康比特,25.27,24.64,2.65,7.95,7.97,6.9,1.44,0.0,40.18,8.48,27.25,33.22,,24.25,0.74,6.2,6.34
600226.SH,亨通股份,30.36,47.69,2.23,4.57,5.56,4.6,,0.0,16.65,18.02,1.05,6.2,,21.93,7.69,20.89,10.92
600639.SH,浦东金桥,24.83,23.32,0.92,2.72,2.79,1.89,5.64,0.0,56.82,18.57,-76.2,22.75,,60.36,1.02,17.17,17.8
603836.SH,海程邦达,24.78,22.72,1.5,4.52,4.58,3.88,1.13,0.0,6.23,1.13,20.43,24.7,7.31,53.58,0.92,10.06,10.82
000010.SZ,美丽生态,-44.83,-9.15,16.24,-23.38,-27.05,-1.63,,0.0,16.57,-25.26,67.1,-30.32,35.74,93.35,扣非亏损,扣非亏损,亏损
301049.SZ,超越科技,-57.74,-26.08,3.78,-5.19,-4.8,-2.25,,0.0,10.04,-15.97,41.53,-2.76,,43.2,扣非亏损,扣非亏损,亏损
920002.BJ,万达轴承,36.78,44.31,3.29,7.29,7.67,7.85,,0.0,32.44,17.17,6.88,1.48,,7.44,29.93,12.16,9.59
002420.SZ,毅昌科技,27.5,-24.41,5.03,10.37,13.25,4.2,,0.0,11.79,3.8,185.05,-7.32,5.41,73.69,扣非亏损,扣非转亏,4.15
300825.SZ,阿尔特,3627.67,-325.28,2.48,0.1,0.05,0.1,,0.0,32.91,-0.66,-91.25,6.66,0.12,25.16,扣非亏损,扣非转亏,145106.64
600467.SH,好当家,96.86,-961.1,1.12,0.18,0.87,1.81,0.43,0.0,17.07,3.19,-77.31,9.39,,50.61,扣非亏损,扣非转亏,222.66
300206.SZ,理邦仪器,27.92,47.01,3.17,7.95,8.66,7.4,2.03,0.0,58.17,12.52,-26.93,-3.91,0.81,11.98,-12.03,11.82,6.45
688276.SH,百克生物,36.82,29.09,2.86,5.96,5.92,5.33,0.27,0.0,85.5,23.82,-24.84,14.28,,20.96,2.04,9.76,12.44
688347.SH,华虹公司,121.52,152.31,2.14,1.07,1.33,-0.56,0.35,0.0,17.2,-3.12,-68.26,27.31,,29.98,5.58,285.24,182.74
688622.SH,禾信仪器,-104.6,-39.82,7.45,-7.86,-5.22,-2.31,,0.0,39.54,-17.2,49.8,13.23,,59.44,扣非亏损,扣非亏损,亏损
871981.BJ,晶赛科技,292.93,515.13,6.48,1.09,1.67,0.99,,0.0,12.99,2.19,131.8,7.42,,37.01,69.44,949.11,350.81
000525.SZ,*ST红阳,164.48,-6.97,6.41,2.01,2.65,2.45,,0.0,25.47,0.78,205.52,1.38,59.49,89.53,扣非亏损,扣非转亏,124.13
000677.SZ,恒天海龙,88.31,106.6,9.24,7.74,8.16,7.67,,0.0,20.31,9.82,-6.63,17.9,,21.61,5.96,27.56,21.65
300479.SZ,神思电子,-27.5,-30.37,9.72,-24.74,-23.48,-8.89,,0.0,22.12,-109.71,-89.74,3.46,,67.11,扣非亏损,扣非亏损,亏损
002068.SZ,黑猫股份,-91.65,-84.22,2.27,-2.93,-1.84,0.27,,0.0,4.04,-0.83,67.75,20.97,2.32,62.07,扣非亏损,扣非亏损,亏损
300995.SZ,奇德新材,200.62,167.47,2.38,1.04,0.88,0.63,0.56,0.0,21.48,2.18,94.56,-6.9,,22.46,-24.29,320.67,455.97
301086.SZ,鸿富瀚,33.01,47.58,2.49,5.19,5.69,4.96,1.95,0.0,37.12,18.29,9.02,1.38,1.31,24.7,34.56,18.35,11.6
002007.SZ,华兰生物,26.43,27.62,2.78,7.09,8.02,7.39,1.36,0.0,61.77,28.97,-9.75,2.8,,14.85,9.87,7.79,6.59
301025.SZ,读客文化,222.19,-353.17,7.14,1.03,2.44,2.28,,0.0,36.14,5.15,-14.91,3.57,,20.39,扣非亏损,扣非转亏,182.12
600676.SH,交运股份,-15.94,-16.14,0.9,-4.94,-4.14,-2.96,,0.0,3.72,-7.63,-84.33,-12.54,,26.19,扣非亏损,扣非亏损,亏损
830896.BJ,旺成科技,60.94,70.64,4.4,5.1,5.41,4.13,1.6,0.0,20.93,8.72,-17.83,7.81,,29.96,9.05,27.7,22.53
873703.BJ,广厦环能,17.85,27.98,2.77,10.9,12.15,11.17,1.82,0.0,45.41,29.58,-13.64,10.34,,15.52,2.71,5.13,2.94
603701.SH,德宏股份,185.62,488.07,4.72,0.14,1.92,1.88,0.16,0.0,15.19,4.12,-87.95,4.52,6.81,29.68,107.88,7002.42,193.36
920016.BJ,中草香料,49.0,67.35,4.56,7.03,13.65,7.41,,0.0,32.04,21.03,-21.74,8.72,,45.84,7.72,19.17,7.18
300604.SZ,长川科技,68.01,86.46,9.83,11.16,11.54,6.5,0.26,0.0,56.06,14.91,422.25,42.46,7.24,43.32,2.04,15.5,11.79
002366.SZ,融发核电,-564.94,-170.28,2.12,-0.52,-0.28,-0.21,,0.0,20.55,-3.67,-447.85,20.6,,36.95,扣非亏损,扣非亏损,亏损
002641.SZ,公元股份,28.51,25.29,1.03,2.48,2.74,1.72,1.99,0.0,19.44,3.18,-47.31,3.23,1.11,34.04,7.82,20.37,20.81
833454.BJ,同心传动,85.19,98.14,5.45,3.99,4.6,4.62,1.14,0.0,30.63,16.59,-11.08,3.13,,17.49,31.37,49.2,37.04
839719.BJ,宁新新材,-17.9,-24.41,1.37,-5.77,-5.51,-0.86,0.64,0.0,16.32,-15.96,-215.14,44.9,,53.72,扣非亏损,扣非亏损,亏损
601818.SH,光大银行,3.98,4.92,0.43,6.78,7.24,,5.97,25.09,,37.69,2.18,0.83,0.22,91.54,5.93,0.72,0.55
000869.SZ,张裕A,55.35,59.69,1.61,1.79,2.12,2.49,2.09,0.0,59.03,10.21,-49.37,9.15,1.0,13.11,6.52,66.58,52.21
000009.SZ,中国宝安,53.01,80.76,2.68,2.37,3.83,2.86,0.38,0.0,27.29,6.26,-58.17,47.97,2.23,59.04,1.68,68.26,27.68
002973.SZ,侨银股份,14.09,14.64,1.93,11.03,10.57,5.89,0.91,0.0,27.33,8.83,2.41,12.06,0.17,68.07,1.21,2.66,2.67
301131.SZ,聚赛龙,49.9,66.38,2.14,2.92,3.23,1.85,0.73,0.0,9.38,1.55,-15.86,10.32,,55.99,6.43,45.47,30.89
000058.SZ,深赛格,236.14,-117.34,5.98,2.06,1.9,2.33,0.42,0.0,25.02,3.82,-37.85,13.45,2.77,50.92,扣非亏损,扣非转亏,248.57
920008.BJ,成电光信,64.59,56.13,9.33,13.2,16.33,9.8,,0.0,42.6,15.37,23.82,27.72,,36.67,2.02,8.51,7.91
603037.SH,凯众股份,33.8,37.55,3.0,6.11,6.6,5.61,2.4,0.0,34.26,11.31,14.92,14.39,0.94,22.95,2.61,12.3,10.24
688425.SH,铁建重工,19.12,19.84,1.54,5.69,6.1,4.34,2.27,0.0,30.88,15.14,-10.68,10.15,,39.18,1.95,6.97,6.27
600148.SH,长春一东,-612.79,499.54,6.34,-0.97,-0.77,0.49,0.18,0.0,14.91,0.63,69.08,-9.13,,51.19,-54.74,扣非亏损,亏损
601609.SH,金田股份,22.73,41.44,1.11,1.58,3.51,3.89,1.77,0.0,2.25,0.31,-55.93,35.73,,68.29,1.16,52.29,12.95
688288.SH,鸿泉物联,-45.79,-25.16,2.6,-4.57,-4.15,-2.83,,0.0,36.38,-8.52,11.56,6.26,1.01,31.68,扣非亏损,扣非亏损,亏损
688360.SH,德马科技,20.74,29.44,2.28,7.29,8.57,5.22,1.25,0.0,29.76,10.35,53.28,28.99,22.53,47.75,1.02,8.07,4.84
002101.SZ,广东鸿图,25.57,26.06,1.19,3.15,3.46,1.9,2.1,0.0,15.62,4.68,-15.12,10.85,10.04,41.73,2.4,16.52,14.78
301037.SZ,保立佳,-17.39,-15.18,2.26,-9.19,-9.09,-1.35,,0.0,10.0,-4.08,-1690.41,8.4,,71.16,扣非亏损,扣非亏损,亏损
870199.BJ,倍益康,60.31,66.67,3.18,3.21,3.99,3.3,1.79,0.0,39.1,10.19,-33.04,54.01,,26.63,1.23,41.5,30.23
002961.SZ,瑞达期货,20.54,22.78,2.73,9.61,9.86,,1.48,0.0,,16.26,58.39,0.5,0.09,81.55,45.27,4.74,4.17
301098.SZ,金埔园林,79.57,-267.42,1.34,1.37,1.37,1.76,0.85,0.0,29.37,4.09,-63.99,2.33,,64.02,扣非亏损,扣非转亏,116.16
002752.SZ,昇兴股份,12.02,14.0,1.66,10.22,10.71,5.45,1.93,0.0,14.34,7.01,20.94,32.42,2.61,57.4,0.43,2.74,2.25
600479.SH,千金药业,21.19,17.16,1.97,6.74,6.98,4.99,3.25,0.0,46.05,7.86,-14.19,1.75,0.46,31.22,9.8,5.09,6.07
600055.SH,万东医疗,80.32,87.29,6.33,2.35,2.45,1.75,0.76,0.0,38.33,10.67,5.87,3.14,,9.08,27.81,74.23,65.57
688518.SH,联赢激光,52.16,64.98,2.14,2.49,3.11,1.53,0.73,0.0,31.6,4.13,-66.26,61.84,,54.72,1.05,52.18,33.54
300620.SZ,光库科技,175.7,250.68,6.81,2.47,3.03,2.46,0.22,0.0,35.88,8.54,39.61,14.18,11.86,29.36,17.68,203.37,115.98
301396.SZ,宏景科技,-75.24,-1135.11,2.49,-3.02,-2.42,-1.52,0.45,0.0,20.92,-13.99,-273.15,11.39,,39.57,扣非亏损,扣非亏损,亏损
688359.SH,三孚新科,-202.07,-98.66,9.53,-6.54,-3.57,0.08,,0.0,40.08,-1.55,6.82,21.49,17.03,52.15,扣非亏损,扣非亏损,亏损
920019.BJ,铜冠矿建,73.96,86.72,6.2,6.61,8.5,5.33,,0.0,13.2,5.49,12.26,0.0,,44.33,57810.94,26.24,17.4
000537.SZ,中绿电,16.76,21.51,1.05,4.58,5.14,1.97,1.87,0.0,59.23,36.79,4.13,-25.24,,72.26,-0.85,9.38,6.52
002378.SZ,章源钨业,44.81,43.13,4.15,7.17,6.95,4.65,1.06,0.0,16.28,5.13,83.29,21.45,,57.82,2.01,12.03,12.9
600787.SH,中储股份,24.89,51.6,0.93,1.18,2.81,2.6,2.51,0.0,2.81,0.93,-31.26,14.59,0.59,37.9,3.54,87.19,17.69
000665.SZ,湖北广电,-11.22,-7.89,1.08,-7.29,-6.92,-2.72,,0.0,3.32,-26.9,2.35,-4.62,6.44,54.98,扣非亏损,扣非亏损,亏损
001201.SZ,东瑞股份,-43.2,-25.9,1.31,-2.26,-2.24,-0.44,,0.0,20.9,-7.27,81.59,-7.37,,44.69,扣非亏损,扣非亏损,亏损
601929.SH,吉视传媒,-16.23,-8.14,1.2,-6.17,-4.83,-1.31,,0.0,14.31,-21.76,-71.86,-6.36,1.54,57.48,扣非亏损,扣非亏损,亏损
600688.SH,上海石化,704.7,-53.75,1.31,0.3,0.14,-0.16,,0.0,16.63,0.06,110.91,8.22,,45.04,扣非亏损,扣非转亏,10139.53
600881.SH,亚泰集团,-3.83,-1.73,1.47,-25.63,-25.25,-0.23,,0.0,23.16,-30.38,3.59,-20.63,11.82,88.14,扣非亏损,扣非亏损,亏损
002081.SZ,金螳螂,15.74,16.27,0.73,2.93,3.47,1.57,2.66,0.0,12.93,3.25,-34.6,-13.43,1.38,60.39,-1.21,11.1,9.07
002845.SZ,同兴达,59.67,59.14,2.1,2.37,2.64,0.35,0.45,0.0,7.49,1.0,668.53,-4.03,0.19,70.59,-14.67,49.83,45.21
300467.SZ,迅游科技,121.44,232.85,5.75,2.91,3.61,2.01,,0.0,59.81,11.91,-31.46,-5.66,,21.92,-41.15,159.81,67.28
300054.SZ,鼎龙股份,56.68,75.18,6.55,7.8,8.25,7.88,,0.0,46.45,19.46,165.26,14.4,11.42,34.79,5.22,19.29,13.74
603713.SH,密尔克卫,14.97,20.5,2.26,10.72,11.7,6.61,1.0,0.0,11.08,5.76,18.1,56.8,30.68,61.59,0.36,3.82,2.56
301577.SZ,美信科技,158.23,115.3,4.28,2.24,2.1,1.49,,0.0,20.35,5.0,-68.5,-10.59,,27.38,-10.89,102.86,150.7
603917.SH,合力科技,656.95,-282.24,1.7,-0.5,0.22,-0.07,1.13,0.0,19.86,0.78,-121.75,-2.14,,16.75,扣非亏损,扣非亏损,5972.29
688195.SH,腾景科技,79.96,90.87,6.32,5.8,6.03,5.01,0.28,0.0,38.33,16.6,116.48,8.3,5.75,24.71,10.95,31.35,26.52
300218.SZ,安利股份,18.7,20.4,2.7,10.45,11.34,7.36,0.96,0.0,25.31,8.42,377.79,10.05,,35.72,2.03,3.9,3.3
603025.SH,大豪科技,25.42,27.53,7.18,21.91,21.81,14.23,2.26,0.0,42.55,27.18,74.32,38.05,15.84,39.62,0.72,2.51,2.33
300906.SZ,日月明,33.45,33.59,2.23,3.88,4.98,4.82,1.98,0.0,60.37,48.12,35.93,11.21,,8.68,3.0,17.32,13.43
300538.SZ,同益股份,404.19,290.64,3.21,0.43,0.58,1.12,0.2,0.0,5.53,0.31,-35.25,14.88,3.94,49.35,19.54,1343.37,1393.74
300813.SZ,泰林生物,168.56,507.35,4.33,1.64,1.71,1.65,0.41,0.0,47.91,4.37,-36.75,15.21,,31.86,33.36,617.52,197.15
002432.SZ,九安医疗,12.81,13.79,1.21,7.15,7.18,7.76,0.8,0.0,71.68,73.3,100.83,309.81,,18.16,0.04,3.86,3.57
605333.SH,沪光股份,26.75,31.6,7.98,24.13,24.87,8.54,0.25,0.0,17.33,7.93,1416.52,38.63,0.04,71.61,0.82,2.62,2.15
002559.SZ,亚威股份,39.58,65.08,3.0,4.78,5.73,1.82,0.87,0.0,26.21,5.91,-12.04,6.3,2.37,60.83,10.33,27.25,13.82
600595.SH,中孚实业,13.4,14.46,0.89,4.88,5.16,4.87,,0.0,11.05,4.79,-8.96,36.14,,34.58,0.4,5.93,5.19
688767.SH,博拓生物,28.18,39.56,1.41,3.39,3.74,2.73,2.64,0.0,48.31,22.28,6.98,12.64,,5.97,3.13,23.36,15.07
001896.SZ,豫能控股,-57.14,-49.39,2.16,-3.78,-2.82,1.75,,0.0,7.48,-0.98,81.48,5.67,,88.88,扣非亏损,扣非亏损,亏损
000758.SZ,中色股份,24.06,31.18,1.92,5.54,6.19,3.61,,0.0,14.65,6.4,6.22,12.03,0.97,54.66,2.59,11.26,7.77
601991.SH,大唐发电,9.24,19.82,1.77,5.74,11.46,3.92,0.31,0.0,14.65,7.07,100.04,8.56,0.68,69.63,2.31,6.91,1.61
301413.SZ,安培龙,59.15,68.2,4.14,5.01,5.29,3.89,0.4,0.0,31.55,9.43,-1.64,22.0,,38.09,3.1,27.21,22.36
300632.SZ,光莆股份,40.73,1266.9,2.11,1.98,3.71,2.89,1.61,0.0,30.92,10.99,-54.14,-1.7,,23.95,-746.6,1276.93,21.96
301356.SZ,天振股份,-68.79,-14.57,1.32,-1.72,-1.42,-2.37,,0.0,4.44,-7.95,43.36,-18.13,,7.18,扣非亏损,扣非亏损,亏损
688039.SH,当虹科技,-36.67,-29.57,2.9,-6.15,-5.74,-5.7,,0.0,36.74,-44.43,25.0,-2.03,,17.06,扣非亏损,扣非亏损,亏损
300575.SZ,中旗股份,86.1,126.4,1.42,1.34,1.22,0.72,1.57,0.0,15.59,1.4,-87.38,11.23,1.34,46.29,11.26,189.06,141.14
300334.SZ,津膜科技,-129.63,-95.51,3.7,-3.5,-2.12,-0.72,,0.0,28.14,-6.98,41.67,-23.92,,34.09,扣非亏损,扣非亏损,亏损
301516.SZ,中远通,-166.09,-201.64,4.06,-2.08,-1.78,-1.67,0.87,0.0,16.97,-4.14,-151.19,-8.51,,18.13,扣非亏损,扣非亏损,亏损
603978.SH,深圳新星,-29.31,-19.94,2.17,-7.46,-6.34,-1.02,,0.0,4.23,-5.34,-72.68,17.97,,61.82,扣非亏损,扣非亏损,亏损
001368.SZ,通达创智,20.91,25.66,1.65,5.27,5.96,5.1,3.19,0.0,27.15,11.73,2.47,7.01,,18.32,3.66,9.73,7.02
603789.SH,星光农机,-23.53,-16.99,7.18,-28.7,-20.54,-5.91,,0.0,-10.3,-42.98,-52.18,16.3,4.07,66.88,扣非亏损,扣非亏损,亏损
301167.SZ,建研设计,154.63,83.21,1.73,-0.2,0.83,0.69,1.28,0.0,24.57,3.92,-106.57,7.06,,27.96,11.79,转盈,372.6
300386.SZ,飞天诚信,-248.82,-77.59,4.91,-2.02,-1.47,-2.33,,0.0,38.24,-4.54,72.49,-5.6,4.6,9.41,扣非亏损,扣非亏损,亏损
605116.SH,奥锐特,25.01,27.19,4.34,13.29,13.75,9.98,0.85,0.0,58.22,26.08,44.5,20.69,,38.55,1.31,4.09,3.64
600185.SH,格力地产,-11.22,-10.86,2.98,-17.5,-15.68,-1.86,,0.0,13.46,-37.82,-165.86,-4.89,,80.65,扣非亏损,扣非亏损,亏损
688372.SH,伟测科技,95.68,103.15,3.11,2.11,2.47,1.98,0.41,0.0,34.38,8.38,-20.98,85.02,,42.01,1.21,97.97,77.47
002150.SZ,通润装备,36.94,44.73,2.98,5.84,6.27,5.1,0.39,0.0,31.73,6.13,171.74,24.11,11.03,56.93,1.86,15.32,11.78
002391.SZ,长青股份,58.12,-27.3,0.77,0.35,0.96,0.95,3.17,0.0,12.18,1.63,-92.99,7.68,,50.83,扣非亏损,扣非转亏,121.08
001316.SZ,润贝航科,28.89,32.2,2.34,6.22,6.13,6.29,1.85,0.0,27.83,10.58,-4.68,8.01,0.77,11.32,4.02,10.36,9.43
001277.SZ,速达股份,18.95,16.05,1.91,9.68,11.69,7.36,,0.0,24.99,13.21,15.48,16.45,,30.81,0.98,3.31,3.24
300295.SZ,三六五网,-346.39,-34.27,3.23,-1.08,-0.69,-0.32,,0.0,71.35,-7.78,-384.21,-29.23,,5.32,扣非亏损,扣非亏损,亏损
605128.SH,上海沿浦,30.88,34.29,3.74,8.35,8.74,5.49,0.65,0.0,16.5,7.17,70.24,25.16,,49.18,1.36,8.21,7.07
603566.SH,普莱柯,33.36,67.98,1.79,3.53,3.95,3.64,3.09,0.0,63.15,13.95,-47.18,10.65,0.67,14.61,6.39,38.57,16.89
836270.BJ,天铭科技,24.17,28.03,3.76,11.28,11.54,10.54,3.11,0.0,42.69,26.4,9.95,11.68,,13.92,2.4,4.97,4.19
688080.SH,映翰通,24.47,26.62,2.75,8.14,8.73,8.72,0.42,0.0,52.82,20.68,24.62,19.4,,15.35,1.37,6.54,5.61
688595.SH,芯海科技,-35.49,-31.43,7.49,-14.15,-13.65,-8.44,,0.0,34.71,-22.27,-15.14,15.16,,44.05,扣非亏损,扣非亏损,亏损
600711.SH,ST盛屯,6.87,8.12,1.03,12.98,11.66,6.51,0.59,0.0,21.53,10.53,670.66,-11.33,5.65,53.72,-0.72,1.25,1.18
000999.SZ,华润三九,16.17,20.2,3.11,13.94,14.99,9.82,3.02,0.0,52.68,16.44,19.48,21.83,19.66,36.07,0.93,2.9,2.16
603790.SH,雅运股份,26.75,58.43,1.91,4.56,5.3,4.66,0.71,0.0,31.94,9.77,10.27,-0.32,,24.01,-180.57,25.61,10.1
300042.SZ,朗科科技,-51.55,-55.15,4.42,-7.11,-6.25,-5.72,,0.0,9.84,-12.41,-74.18,-5.89,,14.78,扣非亏损,扣非亏损,亏损
300398.SZ,飞凯材料,37.8,130.14,2.71,5.24,5.26,4.5,0.51,0.0,35.76,10.45,15.67,15.35,16.3,35.9,8.48,49.62,14.37
600362.SH,江西铜业,11.77,10.85,1.03,8.34,6.96,4.16,3.36,0.0,3.64,1.38,44.28,18.71,1.53,57.69,0.58,2.6,3.38
601298.SH,青岛港,10.51,11.09,1.3,9.41,9.45,8.78,4.74,27.86,35.96,31.01,4.75,10.28,0.06,24.67,1.08,1.18,1.11
920066.BJ,科拜尔,45.7,43.21,5.3,13.37,14.02,12.64,,0.0,17.62,9.43,9.69,26.77,,18.24,1.61,6.46,6.52
002162.SZ,悦心健康,-80.97,-31.39,3.82,-5.96,-3.41,-0.67,,0.0,21.16,-4.02,6.79,2.56,1.96,57.58,扣非亏损,扣非亏损,亏损
300030.SZ,阳普医疗,-40.14,-26.98,3.34,-1.92,-6.06,-2.44,,0.0,40.04,-10.59,-267.62,-11.14,2.74,46.07,扣非亏损,扣非亏损,亏损
300271.SZ,华宇软件,-20.48,-5.61,1.77,-6.28,-6.3,-6.29,,0.0,33.26,-29.89,5.48,-3.43,6.33,17.45,扣非亏损,扣非亏损,亏损
603286.SH,日盈电子,186.36,260.89,2.74,1.02,1.11,1.21,0.12,0.0,19.66,2.08,90.75,15.69,5.67,49.58,16.63,511.45,335.78
688779.SH,五矿新能,-53.78,-29.93,1.75,-2.79,-2.31,-0.05,,0.0,5.2,-4.57,-960.77,120.9,,43.09,扣非亏损,扣非亏损,亏损
835184.BJ,国源科技,104.63,138.68,3.47,2.28,2.52,2.28,,0.0,45.1,7.74,99.53,-6.64,,6.23,-20.88,121.41,83.04
300072.SZ,海新能科,-11.13,-10.06,1.5,-9.35,-9.57,-5.66,,0.0,-0.76,-38.25,-1.39,6.46,0.73,37.94,扣非亏损,扣非亏损,亏损
300322.SZ,硕贝德,1741.62,-446.26,8.17,0.09,0.35,0.94,,0.0,24.8,0.01,100.56,-2.7,3.72,62.79,扣非亏损,扣非转亏,9952.13
001289.SZ,龙源电力,20.89,28.87,2.11,7.13,7.55,4.29,1.12,0.0,35.09,23.34,-15.83,7.84,0.22,64.93,3.68,8.09,5.53
600735.SH,新华锦,37.29,69.67,1.52,2.95,3.08,5.91,0.59,0.0,24.83,6.7,-25.17,24.1,19.97,30.01,2.89,47.19,24.2
002326.SZ,永太科技,-81.64,-15.83,3.18,-3.4,-2.87,0.07,,0.0,17.62,-3.08,42.44,12.15,18.29,71.42,扣非亏损,扣非亏损,亏损
605099.SH,共创草坪,15.44,17.41,3.06,15.11,15.39,13.07,2.68,0.0,30.16,17.42,13.66,10.45,,14.36,1.67,2.3,2.01
300890.SZ,翔丰华,50.1,96.43,2.13,1.99,2.93,2.47,0.94,0.0,20.44,5.29,-52.99,83.7,,52.29,1.15,96.95,34.2
000420.SZ,吉林化纤,118.22,276.24,2.21,1.28,1.41,2.11,,0.0,16.05,2.15,57.21,15.85,,59.12,17.43,430.52,167.7
688118.SH,普元信息,-24.66,-38.06,2.87,-9.73,-8.34,-8.33,0.33,0.0,44.08,-33.46,-54.48,10.47,,13.82,扣非亏损,扣非亏损,亏损
301528.SZ,多浦乐,77.22,80.58,1.92,0.73,1.88,1.81,0.17,0.0,70.58,29.01,-72.88,16.69,,2.44,4.83,221.93,82.15
600546.SH,山煤国际,9.56,10.46,1.6,13.53,12.89,10.56,3.71,0.0,34.67,13.67,-46.13,4.25,,53.24,2.46,1.55,1.48
601568.SH,北元集团,54.41,110.5,1.49,1.89,2.04,1.16,8.44,0.0,12.8,3.2,-47.59,5.44,,21.09,20.32,117.06,53.34
605288.SH,凯迪股份,26.23,29.45,1.13,3.05,3.25,2.15,0.98,0.0,24.46,7.96,-20.15,2.86,,20.54,10.28,19.33,16.14
001872.SZ,招商港口,10.06,13.57,0.82,5.6,6.22,4.89,3.63,0.0,44.73,60.06,11.77,7.68,4.79,35.72,1.77,4.85,3.23
688401.SH,路维光电,38.47,43.42,4.71,7.9,8.59,6.62,0.76,0.0,34.49,20.16,20.3,19.2,,39.37,2.26,10.99,8.96
600804.SH,*ST鹏博,-6.3,-6.07,5.94,-48.32,-49.61,-3.96,,0.0,11.91,-29.69,-1243.29,-20.16,4.99,94.08,扣非亏损,扣非亏损,亏损
300958.SZ,建工修复,181.06,476.5,1.49,-0.01,0.62,0.24,0.68,0.0,21.69,1.01,-100.35,6.58,,53.33,72.37,转盈,584.05
603222.SH,济民健康,105.19,-49.38,2.59,1.71,1.81,1.97,,0.0,43.25,4.89,-32.47,2.74,2.12,31.57,扣非亏损,扣非转亏,116.24
002419.SZ,天虹股份,40.82,92.95,1.56,1.49,2.84,0.77,2.89,0.0,36.5,1.32,-48.66,0.83,1.5,84.45,112.28,124.88,28.74
600197.SH,伊力特,27.52,25.54,2.31,6.18,6.29,6.7,1.79,0.0,52.35,14.76,5.99,9.59,,22.24,2.66,8.26,8.75
002125.SZ,湘潭电化,21.77,23.15,2.42,8.04,8.54,6.1,1.57,0.0,31.08,17.47,5.11,22.29,,38.48,1.04,5.76,5.1
688143.SH,长盈通,-685.11,475.8,2.95,-0.4,-0.31,-0.48,,0.0,44.99,-2.49,70.4,3.84,,16.21,123.76,扣非亏损,亏损
002700.SZ,ST浩源,41.33,54.5,5.46,9.45,10.13,8.36,1.43,0.0,27.0,16.47,-15.02,18.09,,21.14,3.01,11.53,8.16
300551.SZ,古鳌科技,-22.08,-21.05,7.43,-22.53,-22.47,-15.52,,0.0,63.45,-91.69,-286.09,56.79,14.71,31.16,扣非亏损,扣非亏损,亏损
603578.SH,三星新材,61.77,98.81,2.1,2.61,2.56,0.94,0.91,0.0,19.37,1.55,-75.05,17.62,0.91,72.51,5.61,75.75,48.26
300587.SZ,天铁股份,189.34,-10.2,2.38,-1.09,0.98,1.19,,0.0,19.43,1.14,51.87,8.91,6.44,55.06,扣非亏损,扣非亏损,386.4
300644.SZ,南京聚隆,33.97,32.86,2.84,6.08,6.35,3.98,1.2,0.0,14.81,3.74,4.58,18.58,,58.93,1.77,10.81,10.7
688027.SH,国盾量子,-292.56,-168.25,14.74,-4.94,-3.72,-3.71,,0.0,56.94,-57.13,28.9,8.21,0.02,16.02,扣非亏损,扣非亏损,亏损
600455.SH,博通股份,46.75,47.48,4.89,7.93,8.17,3.37,,0.0,51.13,14.88,15.28,8.61,,64.06,5.52,11.98,11.44
300415.SZ,伊之密,18.26,20.18,4.11,17.32,18.87,9.37,2.27,0.0,34.1,13.43,35.97,15.14,,55.93,1.33,2.33,1.94
603966.SH,法兰泰克,17.38,22.02,1.85,7.5,7.94,4.57,2.81,0.0,27.87,8.81,-10.55,16.75,28.39,57.53,1.32,5.87,4.38
920088.BJ,科力股份,56.47,56.3,4.21,5.36,7.39,7.88,,0.0,36.58,14.78,7.73,-19.73,,15.62,-2.85,21.02,15.27
600232.SH,金鹰股份,28.62,38.11,1.96,4.72,5.14,5.11,2.48,0.0,19.72,5.87,82.6,10.74,,43.18,3.55,16.14,11.15
300877.SZ,金春股份,112.58,86.47,1.21,0.67,0.8,0.61,0.52,0.0,8.69,1.63,236.95,-5.4,,14.73,-16.01,256.37,281.46
300084.SZ,海默科技,-35.53,-95.13,2.48,-5.35,-5.13,-1.46,,0.0,41.19,-17.06,-2792.81,14.16,6.42,46.32,扣非亏损,扣非亏损,亏损
300017.SZ,网宿科技,44.03,60.35,2.62,3.16,4.47,3.6,3.18,0.0,30.45,12.06,3.24,-5.29,,18.34,-11.41,38.21,19.7
600161.SH,天坛生物,32.15,35.54,4.24,10.2,10.27,11.39,0.48,0.0,55.33,35.04,18.68,14.85,1.26,10.96,2.39,6.97,6.26
871857.BJ,泓禧科技,77.64,78.67,3.6,3.36,3.42,1.22,1.54,0.0,14.88,3.76,-60.23,2.33,,28.04,33.83,46.82,45.41
600816.SH,建元信托,692.04,167.05,2.82,1.06,0.32,0.21,,0.0,,,139.94,-163.28,,36.82,-1.02,316.37,4325.22
000975.SZ,山金国际,19.76,21.58,3.64,14.84,14.41,14.45,1.87,0.0,25.92,15.89,64.21,1.26,3.15,21.08,17.16,2.91,2.74
688330.SH,宏力达,20.68,22.88,1.11,3.13,4.05,3.91,1.23,0.0,48.2,21.31,35.13,3.74,,12.48,6.12,14.6,10.21
688003.SH,天准科技,-495.09,71.02,5.03,-0.74,-0.74,-1.05,1.6,0.0,39.41,-1.61,-184.71,20.18,4.99,48.63,3.52,扣非亏损,亏损
002882.SZ,金龙羽,46.71,70.95,3.71,5.83,5.97,4.87,1.33,0.0,13.17,4.72,-26.84,9.66,,40.4,7.34,24.36,15.65
688571.SH,杭华股份,21.69,21.69,1.94,6.43,6.84,5.65,2.01,0.0,26.15,10.95,27.18,6.65,1.17,21.71,3.26,6.75,6.34
000407.SZ,胜利股份,20.45,22.61,1.01,3.39,3.76,3.49,1.52,0.0,15.74,3.94,9.58,0.59,36.23,50.35,38.25,13.32,10.88
870508.BJ,丰安股份,25.68,43.34,1.98,4.82,5.84,5.49,1.2,0.0,34.11,24.26,67.54,-6.12,,14.74,-7.08,17.99,8.79
839371.BJ,欧福蛋业,27.58,36.19,3.37,9.1,9.24,9.63,1.63,0.0,19.29,7.56,23.06,16.98,,18.04,2.13,7.96,5.97
300190.SZ,维尔利,177.78,-8.8,0.9,-2.21,0.37,1.36,0.24,0.0,20.07,0.76,-1211.11,-10.14,20.6,56.99,扣非亏损,扣非亏损,960.95
603298.SH,杭叉集团,11.35,12.14,2.45,16.87,17.47,12.4,2.01,0.0,22.67,12.91,22.18,12.97,0.1,33.03,0.94,1.44,1.3
002523.SZ,天桥起重,184.53,107.27,1.87,0.35,0.75,0.19,0.54,0.0,25.41,1.03,177.26,5.61,4.84,47.2,19.11,614.21,492.07
830832.BJ,齐鲁华信,83.58,131.89,1.44,1.07,1.28,1.05,1.39,0.0,15.63,2.66,4.98,-10.56,,28.69,-12.49,246.55,130.6
300983.SZ,尤安设计,-57.45,-123.93,1.11,-1.76,-1.43,-2.36,0.2,0.0,25.91,-28.18,-25.72,-22.97,,3.66,扣非亏损,扣非亏损,亏损
920099.BJ,瑞华技术,26.23,24.49,2.47,12.31,16.17,7.51,,0.0,46.2,27.84,1.09,21.01,,47.4,1.17,3.98,3.24
300310.SZ,宜通世纪,266.17,-241.27,4.45,-0.31,1.28,0.94,,0.0,10.19,1.27,-321.82,6.36,1.63,37.2,扣非亏损,扣非亏损,415.89
836422.BJ,润普食品,104.11,-821.78,2.43,1.37,1.7,1.06,2.25,0.0,10.04,1.98,-61.93,10.65,1.3,14.14,扣非亏损,扣非转亏,122.49
603369.SH,今世缘,14.42,16.6,3.92,21.64,21.4,18.28,2.05,0.0,74.27,31.04,16.59,25.43,,32.41,0.65,1.53,1.35
833781.BJ,瑞奇智造,65.32,76.66,3.36,3.61,3.88,2.48,0.73,0.0,19.45,5.4,-30.65,37.01,,42.5,2.07,42.45,33.67
688015.SH,交控科技,102.18,218.92,1.68,0.19,1.23,1.07,1.07,0.0,31.19,4.9,-62.61,1.28,0.1,53.23,171.16,2304.37,166.15
002056.SZ,横店东磁,19.49,18.87,2.62,9.73,10.3,4.02,2.87,0.0,15.65,6.75,-45.88,37.07,0.0,55.67,0.51,3.88,3.79
002314.SZ,南山控股,-15.56,-29.08,0.73,-3.63,-3.45,0.49,,0.0,23.08,-6.53,-772.8,2.48,0.06,76.7,扣非亏损,扣非亏损,亏损
002870.SZ,香山股份,26.75,26.01,2.82,7.74,8.07,4.03,0.28,0.0,23.52,4.36,-22.99,139.78,29.78,66.97,0.19,6.72,6.63
000419.SZ,通程控股,15.2,27.02,0.87,3.08,4.45,4.1,2.14,0.0,25.39,13.05,-9.12,-2.24,,32.09,-12.07,17.53,6.83
601222.SH,林洋能源,12.9,17.23,0.99,5.49,5.79,4.83,4.74,0.0,32.48,17.74,5.17,7.89,,35.21,2.18,6.27,4.46
300889.SZ,爱克股份,-22.54,-26.55,1.39,-4.75,-4.51,-3.36,0.18,0.0,21.14,-11.61,-3000.67,3.92,6.35,37.84,扣非亏损,扣非亏损,亏损
688212.SH,澳华内镜,147.69,333.34,5.31,1.07,2.66,1.82,0.48,0.0,69.25,7.38,-55.24,37.47,4.26,16.66,8.9,621.67,111.05
002511.SZ,中顺洁柔,136.41,51.52,1.8,0.59,0.98,0.86,0.6,0.0,31.02,0.88,-77.51,8.33,0.01,43.27,6.19,175.2,278.39
603696.SH,安记食品,67.8,70.94,3.44,3.14,3.81,3.74,0.71,0.0,14.28,4.7,-39.42,15.18,,6.72,4.67,45.25,35.59
301332.SZ,德尔玛,36.9,48.7,1.81,3.4,3.68,2.23,0.82,0.0,31.82,4.24,5.21,13.52,6.48,34.31,3.6,28.61,20.05
600350.SH,山东高速,12.82,15.25,1.47,5.78,7.15,3.49,6.05,0.0,27.82,16.0,-4.45,19.11,1.04,64.93,0.8,5.27,3.59
603089.SH,正裕工业,32.02,65.0,1.67,3.42,3.96,2.8,,0.0,24.4,3.52,-35.11,16.85,13.26,57.34,3.86,37.98,16.17
688610.SH,埃科光电,128.65,388.04,1.89,0.1,1.09,0.35,0.39,0.0,40.99,8.73,-52.65,63.09,,4.76,6.15,7549.41,236.05
300029.SZ,ST天龙,-188.63,-230.92,78.62,-31.2,-27.02,-1.42,,0.0,13.55,-4.2,61.62,62.47,,94.25,扣非亏损,扣非亏损,亏损
001965.SZ,招商公路,14.08,15.92,1.21,6.13,6.52,4.05,5.44,0.0,37.96,51.87,-5.43,11.83,0.02,45.42,1.35,5.19,4.32
000513.SZ,丽珠集团,15.92,18.33,2.51,11.57,11.63,9.0,3.86,0.0,65.81,21.43,3.51,5.93,0.84,40.04,3.09,3.17,2.74
300656.SZ,民德电子,-425.38,-135.57,5.18,-0.92,-0.9,0.06,0.12,0.0,36.4,-4.64,-171.79,2.48,7.54,32.13,扣非亏损,扣非亏损,亏损
600337.SH,美克家居,-5.16,-4.17,0.96,-15.55,-12.93,-4.22,,0.0,38.12,-17.71,-94.2,-2.12,2.01,62.62,扣非亏损,扣非亏损,亏损
601789.SH,宁波建工,16.37,17.89,1.09,3.92,4.72,1.58,2.42,0.0,9.55,1.62,-10.29,4.65,3.06,82.22,3.85,9.13,6.94
600173.SH,卧龙地产,21.34,80.0,0.8,3.02,2.84,2.71,1.2,0.0,15.03,4.55,-52.03,21.38,,36.41,3.74,53.01,15.03
000722.SZ,湖南发展,64.05,121.06,1.69,1.94,1.96,2.52,0.52,0.0,55.31,22.72,50.75,3.17,,4.33,38.15,124.92,65.36
300189.SZ,神农种业,-134.14,-126.91,5.19,-1.86,-2.86,-1.15,,0.0,45.98,-9.78,-15.88,10.22,,20.55,扣非亏损,扣非亏损,亏损
603777.SH,来伊份,-63.6,-112.96,2.03,-4.15,-2.36,-0.81,0.38,0.0,40.74,-1.77,-138.91,-0.19,,43.53,扣非亏损,扣非亏损,亏损
300762.SZ,上海瀚讯,-145.58,-73.51,7.37,-4.13,-3.73,-4.74,,0.0,60.98,-57.12,-18.4,-17.74,,32.74,扣非亏损,扣非亏损,亏损
600828.SH,茂业商业,27.52,-413.44,0.79,1.89,2.19,2.27,0.74,0.0,64.37,7.38,20.51,-4.23,15.0,59.55,扣非亏损,扣非转亏,25.13
603116.SH,红蜻蜓,-203.99,-133.17,1.18,-0.78,-0.42,-0.76,3.19,0.0,37.6,-0.95,-215.88,-1.27,0.06,22.47,扣非亏损,扣非亏损,亏损
603848.SH,好太太,22.82,20.42,2.44,8.11,8.1,6.58,1.94,0.0,52.73,17.79,-17.14,14.0,,13.26,1.46,5.03,5.63
301226.SZ,祥明智能,104.67,223.09,3.16,1.61,2.25,1.87,1.01,0.0,18.9,5.38,-63.1,3.8,,12.51,58.69,276.68,93.04
301319.SZ,唯特偶,30.07,37.51,2.6,5.29,6.43,6.05,2.4,0.0,18.03,8.54,-7.95,19.8,0.02,15.22,1.89,14.18,9.35
688329.SH,艾隆科技,-37.46,-28.75,1.86,-4.4,-3.56,-1.92,0.6,0.0,45.99,-13.74,-205.29,8.12,,42.61,扣非亏损,扣非亏损,亏损
002407.SZ,多氟多,511.09,3100.65,1.92,-0.63,0.28,0.52,1.97,0.0,8.4,0.39,-114.02,46.78,0.04,49.29,66.28,转盈,3650.64
002997.SZ,瑞鹄模具,21.59,25.94,3.52,12.21,13.14,5.68,0.9,0.0,24.28,16.52,71.42,27.5,,59.05,0.94,4.25,3.29
301155.SZ,海力风电,121.81,-166.63,2.58,1.48,1.61,0.67,,0.0,6.01,8.06,68.26,-9.31,,36.38,扣非亏损,扣非转亏,151.32
002137.SZ,实益达,102.93,243.35,2.4,1.15,1.77,2.36,,0.0,22.07,8.8,-28.64,-6.68,,16.45,-36.43,423.0,116.31
002208.SZ,合肥城建,64.14,237.37,1.14,1.22,1.33,1.43,1.33,0.0,19.62,5.28,-67.62,30.15,0.0,71.19,7.87,388.37,96.45
430300.BJ,辰光医疗,-58.0,-44.64,4.5,-7.42,-5.65,-3.35,,0.0,41.27,-18.44,-75.03,7.21,,45.12,扣非亏损,扣非亏损,亏损
000987.SZ,越秀资本,18.24,27.72,1.42,4.12,5.92,1.0,2.82,0.0,61.76,84.73,-36.46,233.08,,79.04,0.12,13.47,6.16
872190.BJ,雷神科技,104.51,136.52,3.0,1.98,2.16,2.3,0.33,0.0,9.15,0.9,-22.59,4.81,,52.23,28.4,137.87,96.77
688609.SH,九联科技,-46.29,-36.5,6.96,-10.88,-10.75,-3.28,,0.0,11.82,-6.01,12.14,4.72,0.01,73.33,扣非亏损,扣非亏损,亏损
600558.SH,大西洋,32.8,40.36,1.65,3.11,3.75,3.64,1.35,0.0,13.63,3.74,7.63,4.76,,21.93,8.47,25.99,17.5
300668.SZ,杰恩设计,189.66,223.39,3.49,0.93,1.36,1.77,1.22,0.0,26.3,2.87,-84.84,36.11,,34.16,6.19,481.7,278.91
000628.SZ,高新发展,147.56,134.31,10.92,3.82,5.61,1.8,0.31,0.0,9.85,2.22,-23.56,13.58,7.06,83.65,9.89,70.41,52.61
300096.SZ,ST易联众,-17.74,-16.6,5.62,-21.96,-21.26,-7.86,,0.0,46.38,-23.96,39.96,-2.44,0.21,65.11,扣非亏损,扣非亏损,亏损
300971.SZ,博亚精工,38.71,35.72,1.88,3.21,3.63,2.86,1.0,0.0,44.26,12.74,-11.33,5.53,,20.26,6.47,22.28,21.33
301320.SZ,豪江智能,52.65,80.04,2.94,3.47,4.2,3.2,1.62,0.0,24.45,7.42,-8.39,5.75,,28.64,13.92,46.19,25.07
601001.SH,晋控煤业,8.52,7.7,1.35,12.23,12.3,10.49,6.41,0.0,46.0,26.49,0.88,16.98,,30.04,0.45,1.26,1.39
002044.SZ,美年健康,600.66,81.05,2.58,0.11,0.32,1.68,0.32,0.0,39.67,1.13,-96.43,12.15,56.71,55.68,6.67,1527.82,3754.15
002302.SZ,西部建设,743.62,42.03,1.05,-0.26,-0.15,0.46,1.77,0.0,8.45,0.4,-108.22,-0.3,,69.46,-140.21,转盈,转盈
600080.SH,金花股份,63.32,7271.63,1.71,1.1,1.95,1.56,,0.0,77.98,7.34,-13.23,-4.67,,18.29,-1558.46,13222.34,64.95
603209.SH,兴通股份,12.96,14.51,1.96,11.58,11.87,9.54,0.92,0.0,36.9,24.39,53.35,47.6,1.19,36.67,0.3,2.51,2.18
688396.SH,华润微,111.59,109.79,3.36,2.15,2.28,1.46,0.25,0.0,27.14,5.44,-48.91,13.25,2.18,17.43,8.29,101.94,97.73
301062.SZ,上海艾录,63.09,66.65,4.41,4.8,5.24,2.92,0.46,0.0,24.12,5.64,20.59,13.26,,55.46,5.03,27.76,24.08
002616.SZ,长青集团,20.81,23.68,1.33,3.73,4.59,3.97,1.9,0.0,20.13,4.49,-9.16,4.8,,74.03,4.93,12.71,9.07
603090.SH,宏盛股份,32.05,49.53,3.54,7.86,8.44,7.09,1.28,0.0,27.27,9.37,-20.64,32.39,9.42,29.1,1.53,12.6,7.59
002788.SZ,鹭燕医药,10.3,10.02,1.15,8.62,8.47,4.04,3.34,0.0,7.34,1.67,2.75,8.61,9.33,74.98,1.16,2.32,2.43
873167.BJ,新赣江,45.85,84.5,2.57,1.97,4.25,4.25,0.62,0.0,41.43,17.75,-70.9,5.97,,11.0,14.15,85.7,21.58
300283.SZ,温州宏丰,-172.38,-54.74,3.54,-2.52,-1.34,1.26,0.31,0.0,9.62,-1.3,19.21,20.11,,69.2,扣非亏损,扣非亏损,亏损
002382.SZ,蓝帆医疗,-19.59,-12.85,0.66,-2.71,-2.39,-0.3,,0.0,17.17,-4.88,43.61,-11.99,38.52,41.28,扣非亏损,扣非亏损,亏损
688192.SH,迪哲医药,-26.65,-21.94,46.32,-93.89,-85.92,-40.38,,0.0,97.73,-191.95,29.93,-62.95,,73.38,扣非亏损,扣非亏损,亏损
603970.SH,中农立华,17.62,20.26,2.76,11.43,11.78,4.63,2.93,0.0,6.72,2.22,1.53,18.29,,72.63,1.11,3.55,2.99
300395.SZ,菲利华,74.5,76.09,5.71,4.76,5.89,4.45,0.57,0.0,42.36,18.54,-49.91,34.6,2.63,23.61,2.2,31.95,25.3
002622.SZ,皓宸医疗,157.77,-32.89,6.34,2.95,3.07,4.24,,0.0,47.97,4.52,-8.63,98.66,40.55,68.55,扣非亏损,扣非转亏,102.78
000715.SZ,中兴商业,38.31,29.06,1.5,2.39,3.0,2.28,0.68,0.0,56.13,9.77,-44.24,-0.73,,28.09,-39.74,24.33,25.54
301285.SZ,鸿日达,142.07,184.48,5.27,2.16,2.7,1.64,0.58,0.0,24.16,4.58,136.9,6.51,,46.59,28.36,170.54,105.24
300750.SZ,宁德时代,25.04,26.54,5.07,14.81,17.73,5.89,1.23,0.0,28.18,14.95,19.26,111.05,0.34,64.33,0.24,3.59,2.82
002783.SZ,凯龙股份,29.79,39.31,1.8,4.54,5.18,4.03,0.86,0.0,29.76,6.85,-40.74,23.57,5.13,58.52,1.67,17.32,11.5
300749.SZ,顶固集创,-113.22,-47.7,2.03,-2.23,-1.33,-0.48,0.32,0.0,23.09,-1.2,-176.0,17.05,,47.01,扣非亏损,扣非亏损,亏损
600657.SH,信达地产,-139.34,40.73,0.66,-0.42,-0.35,1.25,,0.0,28.92,-4.31,-5262.08,-23.13,0.33,68.7,-1.76,扣非亏损,亏损
603969.SH,银龙股份,22.31,22.7,2.13,7.25,7.22,6.34,1.17,0.0,21.89,8.14,44.42,4.32,0.03,38.17,5.26,6.26,6.18
002267.SZ,陕天然气,13.15,13.06,1.35,7.81,7.83,5.31,4.09,21.42,14.39,8.81,71.17,-2.18,1.75,45.06,-6.0,1.67,1.68
300508.SZ,维宏股份,30.01,84.12,4.39,6.52,11.52,9.42,0.29,0.0,60.71,24.0,0.24,35.07,12.21,13.83,2.4,25.8,5.21
603053.SH,成都燃气,16.05,18.39,1.95,8.96,9.22,5.52,2.93,0.0,20.32,11.49,-3.91,7.49,1.37,42.31,2.46,4.1,3.48
600909.SH,华安证券,20.18,21.38,1.42,5.29,5.3,,2.05,0.0,,35.86,21.33,3.35,0.02,75.9,6.37,8.08,7.62
002908.SZ,德生科技,367.27,164.23,3.86,0.49,0.78,0.76,0.35,0.0,40.51,2.88,-88.83,15.67,7.9,20.45,10.48,670.62,941.72
300635.SZ,中达安,515.57,2504.33,3.62,0.51,0.53,1.01,0.08,0.0,22.75,1.13,134.74,9.23,29.72,66.59,271.29,9886.82,1945.56
603327.SH,福蓉科技,62.77,85.81,6.3,5.53,7.17,5.35,2.25,0.0,12.49,8.21,-49.67,6.01,,42.01,14.29,31.06,17.51
300383.SZ,光环新网,47.86,63.13,1.82,2.68,2.87,2.59,1.03,0.0,16.53,6.13,-2.63,1.87,8.11,30.93,33.68,47.04,33.36
301009.SZ,可靠股份,86.65,286.33,1.9,1.24,1.62,0.68,0.7,0.0,21.52,2.78,-35.28,-12.1,,25.94,-23.67,461.79,106.98
688558.SH,国盛智科,23.02,26.03,1.9,5.89,6.2,5.17,1.76,0.0,24.17,12.66,-13.73,17.26,,20.76,1.51,8.84,7.43
688420.SH,美腾科技,48.57,44.96,1.56,1.33,2.35,1.44,1.16,0.0,37.0,8.3,-24.33,21.12,,20.45,2.13,67.77,41.34
000876.SZ,新希望,227.35,-70.19,2.18,0.15,0.45,1.31,,0.0,5.67,0.04,100.97,9.06,3.23,70.85,扣非亏损,扣非转亏,1010.45
301399.SZ,英特科技,49.94,40.42,2.14,3.02,3.17,2.35,3.14,0.0,23.57,11.88,-41.79,21.72,,11.52,1.86,26.73,31.51
300796.SZ,贝斯美,1319.39,1363.26,2.3,-0.38,0.14,0.15,0.25,0.0,14.4,0.19,-108.63,22.32,15.31,42.14,61.08,转盈,18848.43
002496.SZ,辉丰股份,2037.21,-9.22,2.36,-6.27,0.09,0.56,,0.0,22.22,0.04,32.3,-41.44,,44.04,扣非亏损,扣非亏损,45271.27
002771.SZ,真视通,-143.87,-111.5,6.85,-3.87,-3.36,-2.31,,0.0,13.26,-12.04,59.95,-11.04,,38.45,扣非亏损,扣非亏损,亏损
600531.SH,豫光金铅,10.51,12.75,1.49,10.2,10.99,6.38,2.64,0.0,7.52,1.91,7.42,17.42,,69.73,0.73,2.5,1.91
002106.SZ,莱宝高科,20.01,21.52,1.54,5.8,5.86,3.46,2.35,0.0,16.11,7.02,4.97,-5.11,,37.34,-4.21,7.42,6.83
605222.SH,起帆电缆,24.58,35.76,1.52,4.3,4.53,3.06,0.83,0.0,5.6,1.29,-39.19,38.78,,66.95,0.92,16.62,10.85
300107.SZ,建新股份,376.32,448.03,4.56,0.78,0.92,-0.16,0.3,0.0,11.24,3.05,39.88,6.09,,9.66,73.51,1146.89,818.09
601020.SH,华钰矿业,57.17,127.13,3.57,4.84,5.15,5.53,0.27,0.0,56.54,23.56,14.73,-15.45,,27.55,-8.23,52.59,22.2
688031.SH,星环科技,-13.04,-14.38,4.39,-24.29,-22.49,-18.09,,0.0,55.75,-140.05,-6.54,23.87,,19.17,扣非亏损,扣非亏损,亏损
000601.SZ,韶能股份,17.46,-37.14,1.02,4.27,4.49,4.0,,0.0,20.57,6.24,473.86,-5.54,,62.22,扣非亏损,扣非转亏,7.78
300222.SZ,科大智能,179.1,-65.92,4.32,-0.66,1.82,0.72,,0.0,25.7,1.17,81.43,4.64,0.5,64.24,扣非亏损,扣非亏损,196.81
603855.SH,华荣股份,16.72,15.54,3.68,15.41,16.38,7.81,5.01,0.0,50.17,13.26,2.99,12.73,1.05,57.72,1.22,2.02,2.04
601158.SH,重庆水务,25.08,160.6,1.44,3.73,4.26,3.3,2.98,0.0,30.62,14.35,-52.61,4.91,0.13,49.59,32.7,86.01,11.77
002394.SZ,联发股份,14.14,14.05,0.62,3.24,3.32,3.01,9.63,0.0,14.83,3.73,1.03,3.29,0.03,32.31,4.28,8.67,8.52
601800.SH,中国交建,8.34,9.09,0.64,4.38,5.6,1.5,3.85,20.0,11.54,3.91,-11.45,6.46,1.16,75.19,1.41,2.08,1.49
688018.SH,乐鑫科技,44.54,54.9,7.32,11.69,12.91,10.2,0.97,0.0,42.81,17.25,237.99,23.73,3.77,17.0,2.31,9.39,6.9
002609.SZ,捷顺科技,97.28,91.97,2.34,1.53,1.76,1.24,1.09,0.0,39.6,4.44,-36.23,6.91,1.63,31.12,13.31,120.58,110.54
002634.SZ,棒杰股份,-7.74,-6.47,2.29,-19.91,-19.47,-5.96,,0.0,1.08,-29.82,-2252.4,7.56,,74.81,扣非亏损,扣非亏损,亏损
603706.SH,东方环宇,20.04,16.07,2.03,7.36,7.35,5.66,5.44,0.0,26.51,16.35,25.25,14.53,7.85,35.24,1.11,4.37,5.45
300898.SZ,熊猫乳品,28.85,33.98,3.13,7.15,8.18,8.19,2.07,0.0,28.06,13.67,-4.65,11.82,,10.38,2.87,9.5,7.05
600956.SH,新天绿能,16.9,15.52,1.57,6.81,6.96,3.79,2.63,0.0,19.91,10.93,0.04,17.35,0.63,67.57,0.89,4.56,4.86
603867.SH,新化股份,19.73,21.66,2.21,7.79,8.05,6.32,1.37,0.0,20.96,9.76,-10.99,3.96,,39.74,5.48,5.56,4.9
000703.SZ,恒逸石化,77.76,-204.91,1.03,0.08,0.92,2.44,1.49,0.0,4.05,0.35,-88.99,18.68,0.72,71.97,扣非亏损,扣非转亏,169.05
300611.SZ,美力科技,23.59,29.56,2.3,7.25,7.57,4.63,0.44,0.0,21.85,6.97,176.01,26.98,0.93,45.4,1.1,8.15,6.23
301010.SZ,晶雪节能,64.42,43.26,1.91,2.2,2.21,1.16,1.07,0.0,17.85,3.29,28.88,14.89,,53.79,2.91,39.3,58.29
688695.SH,中创股份,251.74,,4.16,1.28,1.48,1.48,,0.0,87.75,9.86,,30.94,,3.73,,,340.18
300497.SZ,富祥药业,-84.0,-33.29,2.91,-3.86,-2.53,-0.86,,0.0,9.91,-7.08,-13.53,2.9,,48.65,扣非亏损,扣非亏损,亏损
600129.SH,太极集团,21.85,28.37,3.97,13.13,14.2,5.28,0.65,0.0,42.3,5.29,-30.0,11.54,,71.21,2.46,4.32,3.08
688179.SH,阿拉丁,47.5,44.68,4.65,6.87,6.94,5.93,1.57,0.0,63.08,22.34,37.43,20.27,10.63,35.7,2.2,13.0,13.69
600645.SH,中源协和,60.35,81.43,2.97,3.57,3.66,2.96,,0.0,69.82,10.99,4.18,6.64,19.1,30.31,12.26,45.61,32.98
601019.SH,山东出版,17.16,17.06,1.52,6.1,6.32,5.44,5.97,0.0,36.44,11.36,-23.36,7.64,,36.65,2.23,5.59,5.43
603041.SH,美思德,19.73,21.86,1.36,4.72,5.18,4.75,1.49,0.0,35.62,16.82,-2.68,9.43,,17.04,2.32,9.27,7.62
300647.SZ,超频三,-60.51,-16.47,4.02,-5.23,-4.83,-3.23,,0.0,16.18,-15.43,23.12,16.27,0.72,58.58,扣非亏损,扣非亏损,亏损
002795.SZ,永和智控,-22.11,-11.37,3.02,-9.87,-9.98,-3.71,,0.0,17.96,-13.0,-133.91,16.55,13.44,57.48,扣非亏损,扣非亏损,亏损
000589.SZ,贵州轮胎,10.68,10.76,0.92,6.83,6.98,3.48,3.27,0.0,18.58,7.2,-13.06,12.18,,52.13,0.88,3.15,3.06
835892.BJ,中科美菱,112.05,454.09,2.91,0.44,1.95,1.03,0.78,0.0,39.46,5.5,17.36,-4.38,,16.99,-103.65,2064.52,114.92
000590.SZ,启迪药业,-53.52,-51.36,2.92,-4.49,-4.01,-2.12,,0.0,46.21,-13.06,-1159.85,13.77,18.8,36.77,扣非亏损,扣非亏损,亏损
603556.SH,海兴电力,17.97,17.32,2.76,11.55,12.89,9.85,3.79,0.0,45.97,23.2,24.46,15.27,,24.38,1.13,3.0,2.79
603315.SH,福鞍股份,30.14,30.72,2.07,5.75,5.31,3.9,0.47,0.0,20.16,8.77,62.08,4.95,,45.54,6.2,10.68,11.35
002897.SZ,意华股份,29.55,39.36,3.6,10.11,10.59,5.63,0.27,0.0,19.15,5.32,136.07,16.65,11.13,60.3,2.36,7.79,5.58
301112.SZ,信邦智能,259.2,369.7,2.43,0.58,0.7,0.57,0.4,0.0,18.3,0.42,-68.28,-6.84,0.5,20.37,-54.01,1282.78,740.56
301273.SZ,瑞晨环保,-25.96,-53.12,1.52,-4.35,-4.26,-4.0,0.72,0.0,41.59,-30.97,-1496.4,7.34,0.38,20.82,扣非亏损,扣非亏损,亏损
688180.SH,君实生物,-26.16,-17.22,5.24,-14.11,-13.91,-8.8,,0.0,74.41,-77.78,30.86,30.62,,42.16,扣非亏损,扣非亏损,亏损
301525.SZ,儒竞科技,28.29,41.71,1.77,3.98,4.77,3.85,0.53,0.0,24.42,14.71,-36.69,10.39,,18.88,4.02,20.95,11.86
600166.SH,福田汽车,38.47,100.91,1.53,1.53,3.0,0.93,,0.0,12.59,1.13,-51.17,0.14,0.1,72.42,699.48,131.84,25.65
300234.SZ,开尔新材,50.44,71.5,2.3,0.53,3.47,3.0,1.71,0.0,24.14,13.01,-79.9,18.15,,19.15,3.94,267.58,29.07
002255.SZ,海陆重工,14.74,13.87,1.2,6.06,6.33,3.91,,0.0,25.56,13.05,4.12,12.21,1.59,42.4,1.14,4.58,4.66
300132.SZ,青松股份,63.0,57.87,2.1,2.37,2.48,1.69,,0.0,16.56,2.23,143.68,-19.31,2.02,42.74,-3.0,48.89,50.81
001216.SZ,华瓷股份,15.68,19.15,2.09,9.26,10.27,9.36,1.99,0.0,33.94,17.14,20.95,11.52,,17.51,1.66,4.14,3.05
301148.SZ,嘉戎技术,33.48,92.32,1.34,2.01,2.96,2.39,1.77,0.0,40.58,12.91,9.66,-0.55,,21.58,-166.46,91.64,22.62
688432.SH,有研硅,65.22,107.69,3.94,3.41,4.62,4.66,0.57,0.0,36.57,28.78,-5.13,24.37,,9.6,4.42,63.12,28.24
002507.SZ,涪陵榨菜,19.99,22.64,2.09,7.58,7.92,8.0,2.1,0.0,52.63,34.18,5.6,2.71,0.45,6.01,8.35,5.98,5.05
002484.SZ,江海股份,21.01,23.54,2.42,8.17,8.66,7.65,1.62,0.0,25.05,14.11,-12.82,23.08,2.27,22.17,1.02,5.76,4.85
600543.SH,莫高股份,-55.88,-43.45,2.43,-3.31,-3.17,-2.75,,0.0,19.43,-12.12,-27.95,21.98,,12.92,扣非亏损,扣非亏损,亏损
600130.SH,波导股份,839.15,-589.91,4.78,-0.73,0.42,0.1,,0.0,13.36,3.09,-234.33,-14.63,,9.9,扣非亏损,扣非亏损,3995.95
688282.SH,*ST导航,-58.24,-44.99,2.05,-2.74,-2.57,-3.5,,0.0,27.95,-56.33,-55.93,-40.34,7.16,15.37,扣非亏损,扣非亏损,亏损
002873.SZ,新天药业,30.82,73.57,2.49,3.91,5.82,4.52,0.56,0.0,73.9,9.23,-49.2,9.67,,46.69,7.61,37.6,10.59
835237.BJ,力佳科技,27.31,29.61,3.79,10.22,10.76,8.93,1.73,0.0,34.02,17.43,73.92,19.01,0.0,23.95,1.56,5.79,5.08
002472.SZ,双环传动,27.64,28.23,3.19,8.63,8.98,6.69,0.46,0.0,23.18,11.37,29.21,30.68,0.78,38.54,0.92,6.54,6.16
002758.SZ,浙农股份,22.58,19.68,1.07,2.83,3.54,2.23,2.88,0.0,4.75,0.94,-36.16,13.05,5.63,61.33,1.51,13.93,12.76
603880.SH,南卫股份,-76.37,-8.14,2.97,-2.63,-1.9,-0.45,,0.0,12.41,-2.83,-266.8,-12.46,,63.01,扣非亏损,扣非亏损,亏损
300533.SZ,冰川网络,-7.38,-9.96,4.31,-36.87,-34.48,-18.16,4.33,0.0,92.64,-22.95,-400.48,123.69,,55.3,扣非亏损,扣非亏损,亏损
300886.SZ,华业香料,69.02,165.63,2.93,2.72,3.24,2.9,,0.0,21.22,6.93,780.64,9.52,,8.21,17.4,121.66,42.6
603879.SH,ST永悦,-32.73,-19.7,3.92,-8.54,-8.26,-8.73,,0.0,6.83,-12.89,-9.83,-4.58,,16.33,扣非亏损,扣非亏损,亏损
600567.SH,山鹰国际,114.98,-27.66,0.65,-3.17,0.5,1.62,0.57,0.0,7.75,0.07,-22.77,7.17,3.64,69.49,扣非亏损,扣非亏损,459.93
300485.SZ,赛升药业,-30.24,-84.54,1.19,0.52,-2.9,-3.45,0.21,0.0,65.86,-31.65,-21.27,-23.06,0.65,4.64,扣非亏损,扣非转亏,亏损
000852.SZ,石化机械,51.93,124.14,1.9,2.05,2.79,1.68,,0.0,15.6,1.85,-7.62,10.58,,68.55,11.74,121.26,37.23
000625.SZ,长安汽车,32.1,82.82,2.11,2.33,4.95,1.15,2.04,0.0,14.38,2.44,-48.87,21.48,2.43,59.36,3.86,71.2,12.97
300659.SZ,中孚信息,-23.45,-37.44,4.58,-18.7,-15.5,-10.51,,0.0,61.8,-43.11,21.96,7.08,,28.96,扣非亏损,扣非亏损,亏损
688067.SH,爱威科技,40.14,82.64,2.69,4.09,5.04,4.82,0.42,0.0,59.48,16.41,23.11,4.04,,9.76,20.48,40.46,15.93
000752.SZ,ST西发,65.22,52.28,15.39,13.86,19.41,7.08,,0.0,38.56,19.66,172.52,-3.65,,37.72,-14.34,7.55,6.72
600418.SH,江淮汽车,120.53,-70.74,7.31,-1.71,4.63,1.08,0.13,0.0,11.32,1.46,56.27,2.59,,70.42,扣非亏损,扣非亏损,52.07
300713.SZ,英可瑞,-42.54,-39.81,4.72,-7.98,-7.99,-5.51,,0.0,23.24,-33.2,-106.4,3.1,0.48,39.48,扣非亏损,扣非亏损,亏损
002532.SZ,天山铝业,9.9,11.58,1.54,11.72,12.23,7.25,2.5,0.0,22.06,14.84,122.72,2.43,,54.93,4.76,1.98,1.62
000565.SZ,渝三峡A,128.48,-1802.32,2.06,1.02,1.21,1.14,0.24,0.0,23.82,5.61,173.69,5.18,,15.73,扣非亏损,扣非转亏,212.37
300900.SZ,广联航空,109.28,144.5,5.11,3.07,3.35,2.34,0.41,0.0,40.44,7.3,-47.59,55.5,17.06,64.74,2.6,94.13,65.24
600682.SH,南京新百,31.35,38.46,0.53,1.31,1.28,1.56,0.39,0.0,44.54,6.46,-39.26,4.02,31.9,26.82,9.56,58.69,48.98
000637.SZ,茂化实华,-13.93,-11.01,3.42,-17.32,-16.89,-2.54,,0.0,4.97,-3.88,-111.41,7.73,30.41,69.45,扣非亏损,扣非亏损,亏损
002921.SZ,联诚精密,-49.84,-57.98,1.62,-2.21,-2.16,0.43,0.61,0.0,14.09,-3.05,-2802.12,8.01,,53.96,扣非亏损,扣非亏损,亏损
002885.SZ,京泉华,71.81,-259.59,2.84,2.18,2.97,1.63,0.08,0.0,12.39,2.02,-60.21,27.02,,54.73,扣非亏损,扣非转亏,48.36
603718.SH,海利生物,213.77,-1819.58,4.52,-0.36,1.64,0.65,0.27,0.0,49.08,8.83,-142.1,0.22,18.38,24.51,扣非亏损,扣非亏损,260.7
600968.SH,海油发展,12.05,12.76,1.65,9.83,10.5,7.52,3.86,0.0,14.61,8.23,26.47,14.4,,41.62,0.89,2.6,2.3
000978.SZ,桂林旅游,187.68,-193.77,2.34,0.43,0.94,1.46,,0.0,31.06,0.91,-83.49,69.57,1.48,45.76,扣非亏损,扣非转亏,399.32
600807.SH,济南高新,-63.23,-24.69,22.04,-24.06,-23.59,-1.82,,0.0,17.7,-23.67,4.91,-2.23,29.12,75.03,扣非亏损,扣非亏损,亏损
301297.SZ,富乐德,179.26,228.49,12.97,4.22,5.33,5.39,0.3,0.0,39.56,14.18,27.79,7.59,,15.76,30.11,108.33,67.27
300120.SZ,经纬辉开,87.22,-32.32,2.53,1.73,2.2,2.21,,0.0,11.94,2.51,-15.85,4.99,16.42,35.09,扣非亏损,扣非转亏,79.29
301136.SZ,招标股份,-1631.59,-420.77,2.85,-0.47,-0.13,-0.27,0.16,0.0,39.78,-1.35,-141.26,1.44,0.97,26.69,扣非亏损,扣非亏损,亏损
001228.SZ,永泰运,18.44,32.56,1.28,4.13,5.08,3.46,1.89,0.0,10.12,3.24,-41.34,46.22,12.04,53.93,0.7,15.78,7.26
001389.SZ,广合科技,29.85,32.77,6.82,20.39,19.86,12.37,,0.0,33.3,18.37,51.34,11.02,,43.9,2.97,3.21,3.01
002519.SZ,银河电子,37.49,99.66,2.21,1.59,4.38,2.76,1.62,0.0,29.52,17.38,-51.3,-8.91,3.11,22.03,-11.18,125.13,17.12
002460.SZ,赣锋锂业,-99.1,-41.6,1.92,-0.79,-1.38,-0.43,1.87,0.0,10.34,-7.41,-108.22,118.53,0.27,47.17,扣非亏损,扣非亏损,亏损
603693.SH,江苏新能,16.42,19.88,1.38,5.83,6.45,4.82,1.34,0.0,52.02,33.43,4.3,8.27,,54.05,2.41,6.82,5.09
688419.SH,耐科装备,41.11,53.39,3.15,4.7,5.84,5.05,0.84,0.0,43.25,29.25,90.23,9.73,,15.4,5.48,22.72,14.08
002279.SZ,久其软件,-20.41,-20.68,4.64,-15.73,-15.5,-9.53,,0.0,14.98,-9.06,-135.91,6.9,7.71,40.07,扣非亏损,扣非亏损,亏损
300473.SZ,德尔股份,100.12,176.69,2.07,1.3,1.55,1.97,,0.0,20.52,0.61,469.16,8.29,,60.16,21.3,272.41,129.19
300246.SZ,宝莱特,-110.7,-13.09,1.65,-2.4,-1.06,0.07,,0.0,27.18,-1.39,-175.41,-4.16,3.01,45.87,扣非亏损,扣非亏损,亏损
300521.SZ,爱司凯,-183.04,-158.18,4.81,-2.14,-1.95,-1.42,,0.0,41.87,-7.86,-341.55,7.06,,14.72,扣非亏损,扣非亏损,亏损
603466.SH,风语筑,-34.28,-165.69,2.44,-4.33,-4.95,-2.87,1.39,0.0,21.93,-12.22,-169.77,9.09,,51.7,扣非亏损,扣非亏损,亏损
603818.SH,曲美家居,-11.62,-10.34,1.02,-5.88,-6.43,-0.49,,0.0,33.31,-5.65,36.38,-0.93,44.0,65.55,扣非亏损,扣非亏损,亏损
838275.BJ,驱动力,93.73,121.18,4.97,4.0,4.02,4.19,0.6,0.0,40.48,18.07,62.03,5.44,,2.98,22.28,60.57,46.63
002658.SZ,雪迪龙,40.73,32.55,1.65,2.38,2.97,2.37,3.74,0.0,39.93,9.1,-42.45,7.73,0.72,16.04,4.21,27.4,27.43
002933.SZ,新兴装备,164.14,2893.4,2.48,0.22,1.14,0.81,0.07,0.0,26.22,5.02,-62.5,24.25,,37.38,119.31,26877.87,287.96
600015.SH,华夏银行,4.57,4.19,0.39,5.52,5.79,,6.83,12.77,,26.57,3.56,-0.73,,91.82,-5.7,0.76,0.79
301489.SZ,思泉新材,72.9,71.55,3.96,3.91,4.13,3.31,0.34,0.0,25.39,9.28,8.16,-1.55,1.66,25.35,-46.17,36.59,35.31
002333.SZ,罗普斯金,64.9,93.95,2.07,2.02,2.39,1.9,0.54,0.0,13.91,3.91,7.09,28.84,7.51,39.53,3.26,93.15,54.31
601985.SH,中国核电,15.46,18.19,1.92,9.45,9.57,4.38,2.6,0.0,47.26,28.63,-3.02,12.72,3.19,69.28,1.43,3.85,3.23
600782.SH,新钢股份,-16.26,-7.23,0.49,-4.67,-2.22,-0.68,4.3,0.0,-0.5,-1.82,-644.42,3.7,0.03,49.09,扣非亏损,扣非亏损,亏损
601798.SH,蓝科高新,-83.63,-21.57,1.77,-2.0,-1.6,-0.34,,0.0,15.26,-3.96,55.19,1.09,,42.62,扣非亏损,扣非亏损,亏损
603339.SH,四方科技,17.26,17.46,1.69,6.85,7.25,6.39,2.19,0.0,24.36,12.83,-27.05,27.45,,21.65,0.64,5.09,4.76
600819.SH,耀皮玻璃,39.55,87.18,1.47,2.31,2.82,1.83,0.1,0.0,16.09,2.78,164.96,11.2,0.55,42.46,7.78,75.52,28.05
300725.SZ,药石科技,45.68,74.72,2.89,3.06,4.58,3.78,0.79,0.0,39.72,11.68,-43.89,19.48,12.28,41.0,3.84,48.83,19.95
002520.SZ,日发精机,-50.15,-4.63,4.0,-6.53,-5.55,0.31,,0.0,18.92,-4.53,-25.79,3.14,2.37,71.46,扣非亏损,扣非亏损,亏损
688167.SH,炬光科技,-105.06,-837.73,3.17,-2.44,-2.22,-2.1,0.27,0.0,30.57,-11.3,-355.04,16.63,16.45,26.71,扣非亏损,扣非亏损,亏损
002746.SZ,仙坛股份,36.08,324.13,1.18,1.25,2.44,1.46,2.13,0.0,3.71,3.66,-74.33,23.75,0.01,35.86,13.65,517.36,29.58
600694.SH,大商股份,8.59,11.0,0.7,5.75,6.22,5.07,5.92,0.0,41.35,11.0,24.39,-4.86,,49.14,-2.26,3.83,2.76
300912.SZ,凯龙高科,-11.75,-18.43,2.66,-14.89,-15.41,-7.32,,0.0,8.45,-25.78,-521.85,5.54,,51.2,扣非亏损,扣非亏损,亏损
688079.SH,美迪凯,-46.01,-51.32,2.84,-3.99,-4.51,-2.61,,0.0,20.86,-19.82,-3.38,-8.11,,49.81,扣非亏损,扣非亏损,亏损
300119.SZ,瑞普生物,27.12,29.62,1.94,4.73,5.41,4.57,2.44,0.0,49.39,15.12,-8.38,4.03,6.3,33.32,7.35,12.52,10.03
002957.SZ,科瑞技术,34.58,54.39,2.59,5.13,5.67,4.15,0.9,0.0,38.9,11.45,25.15,15.17,6.54,41.85,3.58,21.2,12.2
600207.SH,安彩高科,-49.43,-30.24,1.96,-3.66,-2.93,-0.35,,0.0,6.44,-3.08,-607.22,31.38,0.41,54.22,扣非亏损,扣非亏损,亏损
688721.SH,龙图光罩,97.66,101.61,7.88,8.19,10.97,8.06,,0.0,57.9,38.28,16.27,35.13,,8.26,2.89,24.83,17.81
000426.SZ,兴业银锡,14.1,13.85,3.19,18.47,18.35,14.26,0.72,0.0,64.31,38.83,130.96,65.05,2.5,31.88,0.21,1.5,1.54
300850.SZ,新强联,-192.35,77.37,1.91,1.22,-0.72,0.36,0.33,0.0,16.74,-1.16,-74.52,11.17,0.99,47.45,6.92,126.94,亏损
600717.SH,天津港,11.98,15.82,0.74,4.6,4.7,4.98,2.48,0.0,29.1,14.83,-4.89,-4.2,0.09,26.75,-3.77,6.87,5.1
831641.BJ,格利尔,786.7,-139.57,3.49,-0.11,0.33,1.13,1.49,0.0,17.43,0.92,-101.98,18.17,,41.86,扣非亏损,扣非亏损,4767.9
300059.SZ,东方财富,55.55,58.45,5.82,7.65,8.14,2.43,0.28,0.0,83.72,269.4,-3.49,11.94,3.83,76.43,4.9,15.28,13.65
600368.SH,五洲交通,8.29,9.59,0.93,8.48,8.7,7.64,2.71,0.0,61.61,46.33,3.55,-1.59,0.02,30.61,-6.03,2.26,1.91
300408.SZ,三环集团,33.74,40.52,3.74,7.66,8.5,7.73,0.95,0.0,42.77,29.8,63.66,16.57,1.22,16.17,2.45,10.58,7.94
300684.SZ,中石科技,38.1,60.95,3.45,5.08,6.85,6.46,1.12,0.0,30.76,11.98,140.11,5.08,0.32,21.1,11.99,24.0,11.12
000541.SZ,佛山照明,26.85,34.23,1.4,3.44,3.94,1.94,1.8,0.0,19.08,4.88,-5.39,45.6,4.22,42.28,0.75,19.93,13.63
301058.SZ,中粮科工,39.9,28.27,3.03,5.12,5.69,2.93,1.37,0.0,26.73,8.53,10.5,6.72,1.1,47.86,4.21,11.03,14.03
600076.SH,康欣新材,-18.24,-10.35,0.72,-2.98,-2.93,-0.94,,0.0,-2.93,-25.48,4.53,-28.83,3.05,37.42,扣非亏损,扣非亏损,亏损
600483.SH,福能股份,10.97,9.44,1.1,7.66,7.89,5.56,3.75,0.0,21.99,20.33,10.6,15.59,0.32,41.7,0.61,2.47,2.78
603280.SH,南方路机,20.41,24.2,1.76,5.35,6.56,4.22,1.27,0.0,26.72,11.31,-11.15,0.34,,34.82,70.24,9.04,6.22
600993.SH,马应龙,18.85,26.06,2.87,11.6,11.77,10.55,1.65,0.0,47.77,16.91,24.62,4.8,0.61,19.4,5.43,4.49,3.2
603101.SH,汇嘉时代,49.58,320.27,2.41,2.8,3.55,2.92,3.81,0.0,33.46,2.72,-74.46,7.77,10.15,67.41,41.21,228.93,27.93
603388.SH,ST元成,-8.48,-4.25,0.86,-5.46,-7.34,-2.87,,0.0,1.11,-87.41,-486.09,-23.18,10.59,56.48,扣非亏损,扣非亏损,亏损
603227.SH,雪峰科技,11.74,13.67,1.94,12.43,12.78,10.49,3.62,0.0,25.35,14.68,-18.81,17.25,0.37,28.57,0.79,2.2,1.84
300569.SZ,天能重工,745.55,101.01,1.05,0.06,0.1,1.16,1.03,0.0,17.26,0.4,-98.38,7.11,0.06,53.57,14.2,3538.15,14911.08
300976.SZ,达瑞电子,24.66,32.35,1.79,4.97,5.56,5.04,0.43,0.0,24.66,10.1,412.89,14.23,1.61,16.74,2.27,13.03,8.87
002041.SZ,登海种业,123.81,74.2,2.69,-0.05,1.63,0.77,0.27,0.0,27.31,9.91,-104.02,19.9,,23.32,3.73,转盈,151.92
605060.SH,联德股份,20.92,21.61,1.79,6.39,6.46,5.74,1.87,0.0,36.31,17.18,-25.42,22.53,0.36,17.45,0.96,6.76,6.48
605007.SH,五洲特纸,12.49,11.47,2.17,12.41,12.88,5.53,1.5,0.0,11.57,6.01,239.35,36.99,,72.06,0.31,1.85,1.94
600495.SH,晋西车轴,619.79,-199.19,1.53,-1.02,0.19,-0.05,0.28,0.0,9.47,0.69,-64.06,4.03,,16.58,扣非亏损,扣非亏损,6524.08
603239.SH,浙江仙通,20.86,20.01,3.21,11.59,12.06,10.06,2.1,0.0,30.38,15.35,34.44,20.06,,21.57,1.0,3.45,3.46
603153.SH,上海建科,43.21,31.37,2.43,3.12,4.13,3.07,1.14,0.0,29.51,5.63,31.72,13.36,6.77,21.09,2.35,20.13,20.93
002459.SZ,晶澳科技,-91.43,-122.28,1.89,-1.78,-1.44,-0.61,2.72,0.0,5.4,-1.58,-108.45,49.42,,72.15,扣非亏损,扣非亏损,亏损
300557.SZ,理工光科,82.34,110.73,3.02,2.48,2.8,1.61,0.57,0.0,32.17,8.07,55.59,12.62,,35.54,8.77,89.25,58.82
001328.SZ,登康口腔,32.24,45.31,3.59,6.56,8.27,6.77,2.3,0.0,49.25,11.2,6.4,10.22,,27.66,4.43,13.81,7.8
300570.SZ,太辰光,90.6,97.73,12.46,9.81,10.33,9.06,1.28,0.0,33.78,16.12,47.09,17.29,,22.1,5.65,19.93,17.54
605186.SH,健麾信息,84.72,742.56,3.38,1.8,3.02,2.36,0.24,0.0,57.35,13.67,-67.89,10.66,,20.13,69.64,826.67,56.1
600729.SH,重庆百货,10.25,12.49,1.78,13.51,13.27,5.56,4.81,0.0,25.94,7.1,-12.12,-3.15,,62.73,-3.96,1.85,1.55
002155.SZ,湖南黄金,21.47,24.56,2.84,10.36,10.32,9.96,1.17,0.0,7.61,3.22,73.55,16.32,0.4,15.87,1.5,4.74,4.16
002945.SZ,华林证券,104.5,120.93,6.36,4.84,4.66,,0.03,0.0,,29.73,86.05,-11.18,0.06,74.33,-10.81,50.01,44.85
603507.SH,振江股份,21.92,21.48,1.93,6.96,6.72,4.88,1.51,0.0,21.34,5.82,32.84,25.87,5.46,59.66,0.83,6.17,6.52
601888.SH,中国中免,29.38,28.78,2.83,7.17,7.23,6.21,1.97,0.0,33.12,10.02,-25.4,11.06,1.37,20.67,2.6,8.03,8.13
002321.SZ,华英农业,111.68,-302.32,5.08,1.17,3.28,4.16,,0.0,6.82,2.23,74.83,6.92,7.95,64.0,扣非亏损,扣非转亏,68.1
000037.SZ,深南电A,-95.61,-78.69,4.11,-3.89,-3.18,-2.1,,0.0,6.44,-13.5,-5.93,-15.5,,32.78,扣非亏损,扣非亏损,亏损
600191.SH,华资实业,51.95,-838.48,1.83,0.39,2.73,2.81,,0.0,7.64,10.5,-74.1,284.91,,13.53,扣非亏损,扣非转亏,38.06
600820.SH,隧道股份,10.84,8.36,0.73,4.29,5.11,2.03,5.73,40.02,11.65,3.77,-8.53,7.58,0.16,76.96,1.1,1.95,2.12
603681.SH,永冠新材,14.82,27.43,1.02,3.08,5.1,2.55,0.99,0.0,8.62,2.81,-17.76,32.84,,61.8,0.84,17.84,5.81
605198.SH,安德利,35.46,39.41,3.58,7.79,7.63,7.29,0.94,0.0,25.53,19.3,3.17,2.66,0.21,4.95,14.81,10.12,9.29
600981.SH,汇鸿集团,-56.72,-26.78,1.34,-3.65,-1.75,1.18,,0.0,3.6,-0.11,-22.26,9.67,2.98,79.31,扣非亏损,扣非亏损,亏损
688509.SH,正元地信,-34.42,-55.59,2.58,-5.89,-5.46,-2.31,,0.0,29.11,-19.77,-37.37,-18.21,,55.11,扣非亏损,扣非亏损,亏损
600064.SH,南京高科,5.65,8.1,0.73,9.56,10.05,5.37,4.64,0.0,21.27,122.38,3.68,21.99,0.04,48.25,0.37,1.7,1.12
688217.SH,睿昂基因,158.58,-99.51,1.3,0.13,0.61,-0.43,0.5,0.0,76.08,0.82,-92.91,2.93,2.57,6.59,扣非亏损,扣非转亏,519.92
300047.SZ,天源迪科,243.93,-271.57,3.14,0.79,0.97,2.12,0.17,0.0,9.31,1.32,20.06,7.99,15.86,43.6,扣非亏损,扣非转亏,502.95
300837.SZ,浙矿股份,19.09,37.17,1.69,6.1,6.27,4.41,1.0,0.0,34.07,17.47,-34.12,7.98,0.11,36.64,4.66,12.19,6.09
000902.SZ,新洋丰,11.31,13.27,1.64,10.75,11.15,8.03,2.63,0.0,16.1,9.04,10.57,15.68,,38.92,0.85,2.47,2.03
688378.SH,奥来德,39.12,83.32,3.0,3.74,5.67,4.57,1.69,0.0,51.22,21.83,-15.5,22.98,,19.33,3.63,44.55,13.8
871396.BJ,常辅股份,35.63,30.3,3.84,7.9,8.28,6.32,1.59,0.0,41.44,14.26,58.99,1.35,,35.45,22.48,7.67,8.61
600705.SH,中航产融,51.79,-1659.31,1.11,1.32,1.54,0.76,0.32,0.0,32.26,21.16,-17.21,2.59,,85.13,扣非亏损,扣非转亏,67.26
300066.SZ,三川智慧,51.6,76.22,1.97,2.3,2.87,1.23,0.99,0.0,14.94,4.63,-43.03,37.1,5.03,15.37,2.05,66.41,35.96
002028.SZ,思源电气,30.6,35.47,5.17,12.69,13.28,8.77,0.77,0.0,31.42,14.6,26.52,19.12,5.39,44.35,1.85,5.59,4.61
300582.SZ,英飞特,59.0,-69.47,2.41,3.16,3.11,2.75,,0.0,31.07,2.31,174.37,38.43,8.93,55.36,扣非亏损,扣非转亏,37.94
301046.SZ,能辉科技,49.94,46.92,4.19,5.84,6.09,3.54,1.11,0.0,17.21,5.75,62.51,20.15,,56.28,2.33,16.07,16.4
300672.SZ,国科微,173.02,308.69,3.96,1.1,1.71,0.16,0.51,0.0,22.61,5.52,33.75,96.76,7.4,47.76,3.19,562.47,202.36
600506.SH,统一股份,77.41,2630.55,6.42,5.2,6.42,4.04,,0.0,19.53,1.46,140.05,227.11,167.5,79.56,11.58,1010.94,24.12
601333.SH,广深铁路,14.81,21.14,0.88,4.45,4.51,4.66,2.7,0.0,9.24,6.04,19.48,17.88,1.03,26.41,1.18,9.5,6.57
002167.SZ,东方锆业,-112.27,-52.33,4.18,-3.18,-2.9,-1.51,,0.0,9.96,-5.33,-352.67,26.52,1.67,57.74,扣非亏损,扣非亏损,亏损
603004.SH,鼎龙科技,33.03,30.73,2.45,5.35,5.49,5.64,0.62,0.0,39.39,22.44,-18.07,3.87,,8.43,7.94,11.49,12.03
300358.SZ,楚天科技,-19.08,-25.8,1.06,-4.52,-3.96,-1.8,0.93,0.0,25.94,-4.62,-174.74,25.32,19.27,65.57,扣非亏损,扣非亏损,亏损
833523.BJ,德瑞锂电,19.64,21.56,5.05,21.29,21.0,17.9,1.26,0.0,42.76,27.63,222.46,25.71,,30.29,0.84,2.03,1.87
000049.SZ,德赛电池,35.25,30.23,1.62,2.74,3.47,0.96,1.66,0.0,9.57,0.96,-52.53,1.78,,61.96,16.97,22.07,20.31
872931.BJ,无锡鼎邦,30.61,28.98,3.22,10.16,9.58,5.5,1.23,0.0,22.73,9.9,-8.96,19.52,,41.99,1.48,5.71,6.39
605122.SH,四方新材,150.82,190.24,0.98,0.21,0.49,0.85,0.14,0.0,14.33,0.68,67.05,19.05,10.14,46.41,9.99,1796.44,615.57
301338.SZ,凯格精机,73.37,89.45,2.99,2.71,3.09,1.1,0.39,0.0,32.38,7.88,28.12,8.89,0.39,35.83,10.07,65.95,47.49
301185.SZ,鸥玛软件,53.06,43.28,2.84,3.98,4.02,3.27,0.98,0.0,61.48,29.63,-8.45,18.59,,3.25,2.33,21.76,26.4
300862.SZ,蓝盾光电,-741.62,1549.25,3.16,-0.54,-0.32,-0.55,0.18,0.0,28.97,-2.47,-383.03,-2.14,0.44,22.55,-725.56,扣非亏损,亏损
600730.SH,中国高科,119.18,-852.75,2.37,0.54,1.5,1.23,,0.0,76.51,31.03,906.96,6.45,3.97,12.95,扣非亏损,扣非转亏,158.91
603165.SH,荣晟环保,9.88,12.39,1.53,9.43,10.95,6.21,4.09,0.0,16.93,14.97,-0.88,12.65,,50.36,0.98,2.63,1.8
688658.SH,悦康药业,35.79,51.09,2.73,5.57,5.77,4.23,0.96,0.0,60.38,6.96,45.9,-0.57,,38.84,-90.22,18.35,12.41
000553.SZ,安道麦A,-6.66,-6.16,0.83,-9.23,-8.71,-0.42,,0.0,22.19,-8.54,-71.39,5.75,25.02,61.61,扣非亏损,扣非亏损,亏损
600356.SH,恒丰纸业,15.68,17.78,0.9,3.78,4.34,4.29,1.71,0.0,16.27,6.14,15.91,12.98,,24.2,1.37,9.42,7.22
603519.SH,立霸股份,23.08,27.33,2.64,7.66,7.99,7.19,15.34,0.0,13.22,8.99,25.23,6.34,,13.38,4.31,7.13,5.78
300545.SZ,联得装备,24.91,26.9,3.58,10.96,11.11,7.99,0.43,0.0,39.94,19.32,68.31,15.71,,39.5,1.71,4.91,4.48
688391.SH,钜泉科技,42.25,102.99,2.29,2.04,4.0,3.04,1.61,0.0,43.51,15.91,-56.42,19.62,,6.78,5.25,100.79,21.13
002982.SZ,湘佳股份,24.0,-1005.94,1.78,5.48,5.22,3.18,,0.0,17.88,3.07,247.44,22.07,,55.31,扣非亏损,扣非转亏,9.19
688683.SH,莱尔科技,90.22,110.14,3.24,2.2,2.72,2.21,0.25,0.0,23.75,7.64,5.08,3.4,2.59,20.24,32.43,100.04,66.34
600868.SH,梅雁吉祥,303.67,-39.54,2.08,0.6,0.05,0.04,,0.0,37.56,-3.6,-56.36,31.76,2.31,22.73,扣非亏损,扣非转亏,11885.44
600518.SH,康美药业,5514.55,-59.62,5.24,-2.55,0.07,0.11,,0.0,14.16,0.21,42.8,-2.0,1.5,50.15,扣非亏损,扣非亏损,157558.46
002292.SZ,奥飞娱乐,116.13,168.94,3.26,2.14,2.12,2.0,,0.0,42.62,3.42,14.34,5.07,43.2,28.59,33.31,157.83,109.55
301314.SZ,科瑞思,118.1,100.3,2.04,0.69,1.29,0.46,0.82,0.0,23.88,11.89,-61.63,1.16,,6.64,86.34,292.38,183.1
603028.SH,赛福天,-55.54,-49.04,3.07,-4.21,-3.9,-3.64,0.31,0.0,1.08,-7.79,-242.33,36.88,8.74,69.45,扣非亏损,扣非亏损,亏损
688230.SH,芯导科技,57.94,105.3,2.85,1.88,3.69,3.87,1.43,0.0,35.61,32.51,68.42,-1.63,,2.34,-64.77,111.97,31.41
600458.SH,时代新材,27.26,30.06,1.85,4.64,5.14,2.48,2.01,0.0,16.19,2.39,-16.21,5.61,0.04,67.76,5.36,12.97,10.61
688055.SH,龙腾光电,-71.83,-66.76,3.72,-4.4,-3.81,-2.96,,0.0,7.1,-6.37,23.0,-1.96,,39.07,扣非亏损,扣非亏损,亏损
002584.SZ,西陇科学,55.05,68.57,2.03,2.69,2.75,2.69,0.2,0.0,6.23,0.99,175.37,11.55,,53.08,5.94,51.06,40.03
603189.SH,网达软件,322.29,-171.14,3.08,0.31,0.7,0.58,0.56,0.0,27.36,4.41,107.68,-2.94,,9.84,扣非亏损,扣非转亏,920.83
300078.SZ,思创医惠,-10.58,-4.31,7.53,-52.77,-56.52,-9.74,,0.0,16.51,-50.61,-11.79,-9.49,1.56,74.74,扣非亏损,扣非亏损,亏损
688229.SH,博睿数据,-25.76,-22.39,4.53,-12.53,-12.5,-12.14,,0.0,72.63,-60.5,18.65,-4.32,,7.92,扣非亏损,扣非亏损,亏损
002821.SZ,凯莱英,35.43,45.84,2.02,3.89,3.98,3.05,1.55,0.0,43.6,16.91,-67.41,48.22,0.88,11.04,0.95,23.56,17.8
002131.SZ,利欧股份,-65.89,141.93,1.09,1.96,-1.19,-1.18,1.32,0.0,8.71,-1.14,20.23,10.46,2.68,43.68,13.57,144.69,亏损
836717.BJ,瑞星股份,69.46,63.78,2.16,1.94,2.33,2.43,2.16,0.0,34.47,9.92,-0.46,-7.12,,17.28,-8.96,65.78,59.63
605258.SH,协和电子,43.16,55.38,2.26,3.56,3.95,3.34,1.26,0.0,19.47,7.25,112.4,6.51,,22.02,8.51,31.15,21.86
688103.SH,国力股份,128.72,160.15,4.2,1.68,2.33,1.38,0.47,0.0,27.88,4.9,-58.89,20.72,,47.37,7.73,190.28,110.49
300035.SZ,中科电气,48.45,36.3,2.6,4.45,3.98,3.7,1.42,0.0,19.41,6.7,899.7,86.1,9.11,54.78,0.42,16.31,24.35
300196.SZ,长海股份,18.88,25.75,1.14,4.03,4.46,3.62,1.38,0.0,23.39,10.62,-31.41,9.83,,33.36,2.62,12.77,8.47
000528.SZ,柳工,13.4,20.44,1.36,7.11,7.84,3.62,2.95,0.0,23.48,5.94,93.89,2.22,0.87,59.49,9.2,5.75,3.42
002423.SZ,中粮资本,24.07,31.17,1.88,6.19,6.19,1.62,1.99,0.0,-8.75,175.5,36.49,80.92,,78.42,0.39,10.07,7.78
603203.SH,快克智能,27.69,39.48,4.4,9.69,11.24,9.4,2.08,0.0,48.31,23.59,2.05,16.44,6.97,27.74,2.4,8.15,4.93
688522.SH,纳睿雷达,403.3,228.0,6.41,1.36,1.18,-0.08,0.27,0.0,76.08,19.1,-2.56,18.45,,10.6,12.36,336.21,683.57
000739.SZ,普洛药业,17.27,19.45,3.04,12.98,13.52,7.71,2.06,0.0,24.23,9.36,0.4,13.41,0.31,50.61,1.45,3.0,2.56
301022.SZ,海泰科,50.7,176.39,2.14,2.17,2.99,2.69,0.94,0.0,21.27,6.03,-18.24,9.64,,45.44,18.3,162.71,33.91
688335.SH,复洁环保,-73.61,28.91,1.25,-1.75,-1.24,-1.38,2.73,0.0,30.06,-14.11,-198.28,36.16,0.43,13.54,0.8,扣非亏损,亏损
000050.SZ,深天马A,-39.0,-11.51,0.9,-4.73,-1.71,0.28,,0.0,13.35,-1.98,56.05,1.55,0.91,63.53,扣非亏损,扣非亏损,亏损
002004.SZ,华邦健康,15.87,48.85,0.95,4.32,4.47,3.24,4.72,0.0,36.81,6.57,-9.78,2.57,16.65,47.03,19.03,22.63,7.1
601007.SH,金陵饭店,50.08,98.19,1.76,2.2,2.63,3.04,1.49,0.0,26.15,5.27,-7.64,17.19,,36.04,5.71,89.42,38.08
603016.SH,新宏泰,70.39,77.43,5.91,5.72,6.1,5.61,1.68,0.0,30.33,11.48,0.42,12.88,,18.11,6.01,27.06,23.08
000926.SZ,福星股份,214.08,85.56,0.39,0.38,0.14,0.61,0.24,0.0,24.8,0.61,-61.05,8.1,,63.74,10.56,450.9,3058.33
301161.SZ,唯万密封,36.71,54.47,2.53,4.58,5.28,6.18,0.3,0.0,39.32,13.4,50.13,-3.01,9.51,27.35,-18.11,23.79,13.91
832802.BJ,保丽洁,65.38,81.03,2.92,2.84,3.35,3.06,1.22,0.0,32.37,10.43,13.29,-1.92,2.83,20.06,-42.26,57.09,39.03
603215.SH,比依股份,24.53,26.52,2.94,8.83,9.06,5.15,2.17,0.0,16.17,6.64,-40.49,12.07,,54.86,2.2,6.0,5.41
002596.SZ,海南瑞泽,-29.28,-6.97,3.76,-10.36,-9.19,-0.09,,0.0,18.74,-8.21,13.94,-15.37,0.03,75.79,扣非亏损,扣非亏损,亏损
871245.BJ,威博液压,35.07,45.64,2.69,5.19,6.0,4.38,1.06,0.0,20.75,7.97,28.23,12.86,,38.03,3.55,17.58,11.69
603177.SH,德创环保,55.28,-73.84,4.79,5.38,6.49,2.74,,0.0,23.61,3.49,277.66,24.47,24.66,76.94,扣非亏损,扣非转亏,17.04
600238.SH,海南椰岛,-294.28,-39.71,16.91,-7.83,-4.22,0.03,,0.0,38.5,-5.58,73.1,-30.99,,72.29,扣非亏损,扣非亏损,亏损
000690.SZ,宝新能源,13.2,12.64,0.86,4.97,4.91,3.78,6.77,0.0,15.21,9.7,-3.25,13.54,,43.95,0.93,5.08,5.38
002970.SZ,锐明技术,30.06,40.05,5.39,13.3,14.82,7.55,1.63,0.0,39.15,11.61,174.52,3.35,0.23,44.66,11.97,6.02,4.06
002808.SZ,ST恒久,-41.03,-31.68,2.91,-6.17,-5.1,-4.33,0.39,0.0,15.29,-14.88,23.37,-29.43,,23.86,扣非亏损,扣非亏损,亏损
600844.SH,丹化科技,-11.02,-7.05,8.59,-44.06,-45.15,-16.73,,0.0,-18.64,-43.23,-7.48,-6.93,,61.16,扣非亏损,扣非亏损,亏损
300988.SZ,津荣天宇,34.73,33.83,2.37,5.01,5.18,3.79,1.53,0.0,21.01,3.34,-8.15,16.31,3.93,45.12,2.07,13.5,13.41
603982.SH,泉峰汽车,-4.99,-4.71,1.42,-17.17,-19.71,-4.64,,0.0,0.11,-24.25,2.24,15.64,,71.12,扣非亏损,扣非亏损,亏损
002203.SZ,海亮股份,16.01,21.71,1.36,4.77,6.13,2.9,1.52,0.0,3.06,1.15,-39.5,18.47,1.92,62.12,1.17,9.1,5.22
000727.SZ,冠捷科技,129.14,65.42,4.82,1.06,2.77,2.54,,0.0,12.01,0.65,-78.91,-7.03,0.37,74.59,-9.3,123.71,93.24
300849.SZ,锦盛新材,1745.4,-116.29,3.27,-1.21,0.14,0.14,,0.0,18.83,0.34,67.03,0.93,,18.42,扣非亏损,扣非亏损,24934.34
688323.SH,瑞华泰,-43.16,-47.25,3.38,-5.05,-4.99,-0.95,,0.0,18.14,-20.35,-315.08,-7.62,,61.77,扣非亏损,扣非亏损,亏损
000062.SZ,深圳华强,99.73,120.07,4.93,3.37,3.7,3.64,2.22,0.0,8.25,1.95,-37.9,10.23,22.71,51.25,11.73,71.2,53.91
603656.SH,泰禾智能,145.68,-385.38,2.98,0.37,1.52,0.95,0.32,0.0,39.45,4.66,65.8,2.65,,21.02,扣非亏损,扣非转亏,191.69
002016.SZ,世荣兆业,182.08,-294.47,1.22,0.48,0.5,0.91,0.41,0.0,38.46,5.79,-90.48,0.64,0.15,27.21,扣非亏损,扣非转亏,728.34
300184.SZ,力源信息,106.95,171.02,3.87,2.5,2.74,2.88,,0.0,9.13,1.79,47.48,-16.09,8.1,37.94,-10.63,136.66,78.07
603843.SH,正平股份,-18.85,-4.47,2.43,-8.93,-9.23,0.12,,0.0,7.14,-11.68,27.82,-22.4,2.64,84.69,扣非亏损,扣非亏损,亏损
688510.SH,航亚科技,39.93,44.11,4.48,8.42,8.66,5.91,1.14,0.0,41.91,17.61,40.82,23.23,,37.53,1.9,10.48,9.22
301221.SZ,光庭信息,338.59,-376.61,2.46,0.27,0.55,-0.06,0.17,0.0,36.58,2.89,318.52,24.14,,9.06,扣非亏损,扣非转亏,1231.23
600052.SH,东望时代,34.58,70.23,1.43,0.31,3.11,2.12,1.0,0.0,29.33,38.82,-86.53,35.03,8.38,9.63,2.0,451.95,22.24
300371.SZ,汇中股份,29.5,29.46,1.94,4.27,4.96,5.37,1.31,0.0,53.06,20.6,-35.76,5.91,,9.32,4.98,13.79,11.9
300696.SZ,爱乐达,-221.99,-93.74,3.0,-1.33,-1.0,-1.26,0.57,0.0,4.6,-9.57,-125.78,18.61,,11.8,扣非亏损,扣非亏损,亏损
300210.SZ,森远股份,-141.38,-40.29,17.3,-12.29,-8.78,-2.68,,0.0,23.48,-39.22,-4.61,-16.86,,56.11,扣非亏损,扣非亏损,亏损
688671.SH,碧兴物联,-110.02,-80.44,1.48,-1.74,-1.0,-1.35,0.26,0.0,28.31,-6.74,-272.01,-21.7,,18.49,扣非亏损,扣非亏损,亏损
430047.BJ,诺思兰德,-95.14,-93.39,12.84,-16.56,-10.35,-7.67,,0.0,55.71,-55.62,18.89,14.41,,18.97,扣非亏损,扣非亏损,亏损
601601.SH,中国太保,6.74,8.11,1.26,14.65,14.6,,4.29,0.0,,12.71,66.43,1.75,0.45,88.83,4.64,1.11,0.92
000888.SZ,峨眉山A,22.8,34.07,2.82,9.51,9.55,8.42,2.24,0.0,53.12,27.21,-6.0,48.48,,25.59,0.7,7.16,4.77
000402.SZ,金融街,-3.35,-3.53,0.35,-7.5,-7.55,-1.01,,0.0,5.72,-23.52,-90.74,-6.84,,72.71,扣非亏损,扣非亏损,亏损
605068.SH,明新旭腾,145.26,231.87,1.37,0.02,0.65,1.32,,0.0,26.42,1.55,-97.36,3.88,,49.3,59.68,24279.07,446.96
002330.SZ,得利斯,330.62,-39.83,1.24,0.19,0.28,0.41,0.18,0.0,9.0,0.16,-83.43,-1.93,,30.49,扣非亏损,扣非转亏,2361.57
600251.SH,冠农股份,13.59,14.51,1.62,9.08,8.74,5.89,5.29,0.0,9.66,12.95,-45.73,27.14,0.6,36.89,0.53,3.2,3.11
688083.SH,中望软件,929.36,-128.93,5.12,-3.59,0.41,-0.43,0.45,0.0,97.35,-0.71,-37.27,23.5,4.87,13.3,扣非亏损,扣非亏损,4533.46
301176.SZ,逸豪新材,-184.93,-102.82,2.24,-0.97,-0.9,-0.63,,0.0,2.89,-1.38,10.94,17.42,,38.43,扣非亏损,扣非亏损,亏损
002215.SZ,诺普信,14.44,25.67,2.43,11.49,12.17,5.04,1.82,0.0,34.03,12.19,66.61,0.1,1.22,64.41,265.35,4.47,2.37
301233.SZ,盛帮股份,25.52,31.28,2.54,6.82,7.61,7.67,1.0,0.0,41.41,23.22,50.69,8.0,,9.91,3.91,9.17,6.71
688655.SH,迅捷兴,871.69,-553.18,2.41,-0.7,0.21,0.31,0.5,0.0,18.45,0.41,-209.72,3.08,0.27,37.55,扣非亏损,扣非亏损,8301.82
002158.SZ,汉钟精机,10.83,11.82,2.56,17.74,18.36,13.03,2.61,0.0,40.74,25.32,6.35,19.57,0.01,31.96,0.6,1.33,1.18
688139.SH,海尔生物,27.85,36.54,2.67,6.47,7.25,5.53,1.27,0.0,48.51,17.9,-5.85,22.0,16.69,19.5,1.66,11.29,7.68
001268.SZ,联合精密,30.4,32.13,2.05,4.98,4.98,4.71,1.0,0.0,21.41,9.28,8.67,15.24,,20.8,2.11,12.91,12.21
002731.SZ,萃华珠宝,14.64,60.16,1.4,7.17,7.41,3.46,0.64,0.0,12.7,2.31,25.18,32.43,25.42,71.91,1.86,16.78,3.95
300343.SZ,联创股份,-309.58,-90.87,3.62,-1.46,-0.85,-0.74,,0.0,9.18,-2.48,-222.0,-10.61,6.64,20.41,扣非亏损,扣非亏损,亏损
300858.SZ,科拓生物,44.5,52.38,2.39,3.49,4.06,3.27,0.78,0.0,54.14,32.55,0.3,-3.4,0.11,4.65,-15.42,29.99,21.92
688311.SH,盟升电子,-37.83,-29.74,4.05,-8.72,-7.77,-6.06,,0.0,45.42,-147.66,-4640.84,-5.91,0.89,32.32,扣非亏损,扣非亏损,亏损
688598.SH,金博股份,-32.92,-25.37,1.1,-3.01,-2.45,-2.5,,0.0,-6.83,-32.92,-393.59,65.33,,12.89,扣非亏损,扣非亏损,亏损
603162.SH,海通发展,16.53,22.62,2.28,9.84,10.81,8.42,0.85,0.0,18.03,15.87,149.54,48.93,,28.05,0.46,4.6,3.06
002674.SZ,兴业科技,20.29,23.06,1.27,4.42,4.61,4.6,4.93,0.0,21.27,7.7,-33.04,23.05,0.94,39.92,1.0,10.44,8.8
300915.SZ,海融科技,26.31,32.42,2.01,4.91,5.65,5.56,1.22,0.0,35.96,11.41,42.09,18.95,,11.62,1.71,13.21,9.31
001313.SZ,粤海饲料,-59.11,-191.92,2.05,-2.9,-2.56,-1.91,0.58,0.0,11.09,-1.58,-197.47,5.81,0.78,47.42,扣非亏损,扣非亏损,亏损
601599.SH,浙文影业,23.66,47.92,2.81,7.84,9.33,5.49,,0.0,16.02,5.33,61.83,20.39,,57.71,2.35,12.23,5.07
600422.SH,昆药集团,23.08,37.97,2.15,5.34,7.12,5.25,0.96,0.0,40.91,7.16,-6.81,0.1,1.61,43.0,371.32,14.21,6.48
688667.SH,菱电电控,216.4,345.52,1.45,0.16,0.51,0.16,0.35,0.0,20.94,0.98,-91.27,12.14,,19.85,28.46,4354.37,848.65
300331.SZ,苏大维格,128.12,-135.16,4.06,0.98,2.38,1.61,,0.0,19.89,2.84,5293.44,7.98,4.29,45.23,扣非亏损,扣非转亏,107.66
001256.SZ,炜冈科技,22.61,26.2,2.13,6.72,7.15,6.09,1.08,0.0,33.25,20.97,41.87,4.01,,19.99,6.54,7.8,6.32
603218.SH,日月股份,20.33,40.68,1.37,2.25,5.1,4.13,2.26,0.0,17.22,15.76,-28.17,-2.95,,20.32,-13.78,36.19,7.97
000767.SZ,晋控电力,-23.82,-13.26,1.69,-3.01,-9.16,1.22,,0.0,6.46,-4.18,-152.94,19.38,0.15,81.91,扣非亏损,扣非亏损,亏损
300091.SZ,金通灵,-24.18,-7.77,2.44,-7.36,-7.29,-2.15,,0.0,14.42,-14.86,-18.19,1.76,23.66,65.85,扣非亏损,扣非亏损,亏损
300687.SZ,赛意信息,64.18,49.0,3.01,3.34,4.0,2.66,0.51,0.0,32.32,5.48,-18.85,18.77,10.82,22.78,2.61,29.37,32.09
002329.SZ,皇氏集团,-166.78,-22.0,1.89,-2.0,-0.9,1.3,,0.0,24.41,-0.86,10.55,5.25,0.98,65.64,扣非亏损,扣非亏损,亏损
600365.SH,ST通葡,-31.23,-151.68,4.32,-7.52,-10.66,-1.94,,0.0,16.49,-5.39,33.49,12.39,11.86,65.29,扣非亏损,扣非亏损,亏损
300274.SZ,阳光电源,17.93,19.08,5.32,23.86,24.52,9.92,1.1,0.0,31.32,15.47,4.31,57.14,,65.77,0.33,1.6,1.46
600778.SH,友好集团,121.5,-28.72,8.09,1.64,5.2,1.82,,0.0,29.55,1.08,103.63,-2.2,,93.66,扣非亏损,扣非转亏,46.73
002662.SZ,京威股份,14.84,13.52,1.49,7.59,7.7,7.11,2.85,0.0,29.63,13.56,-5.03,-1.31,,19.39,-10.34,3.56,3.86
872392.BJ,佳合科技,34.23,81.33,4.4,5.21,9.99,8.35,0.8,0.0,14.82,9.64,-6.95,-8.33,,33.44,-9.76,31.24,6.85
603803.SH,瑞斯康达,-39.55,-16.77,2.04,-5.1,-3.82,-2.12,,0.0,38.79,-6.31,0.36,-0.26,,38.63,扣非亏损,扣非亏损,亏损
605056.SH,咸亨国际,43.32,29.64,3.58,5.89,6.09,4.38,0.96,0.0,27.91,5.03,30.37,14.84,0.01,40.61,2.0,10.06,14.23
603689.SH,皖天然气,11.97,14.03,1.45,8.98,9.02,5.91,4.03,0.0,12.21,6.82,-5.32,8.89,0.07,48.99,1.58,3.13,2.65
301188.SZ,力诺特玻,38.05,48.86,2.47,4.04,4.51,4.19,0.56,0.0,19.68,8.48,46.23,14.13,,29.38,3.46,24.16,16.87
600503.SH,华丽家族,1803.69,108.72,1.12,-0.07,0.05,0.13,0.16,0.0,49.28,0.77,-149.9,-44.91,,14.69,-2.42,转盈,77745.22
002227.SZ,奥特迅,-78.27,-52.55,2.36,-2.99,-2.24,-0.58,,0.0,21.6,-9.45,18.99,3.71,,36.63,扣非亏损,扣非亏损,亏损
300298.SZ,三诺生物,45.53,83.76,5.08,7.41,7.95,5.7,0.66,0.0,55.23,8.54,-31.73,13.01,31.12,39.74,6.44,22.62,11.45
300355.SZ,蒙草生态,171.84,-161.33,2.62,-0.11,1.14,0.76,0.61,0.0,25.87,5.27,-102.38,-7.96,0.11,62.0,扣非亏损,扣非亏损,301.47
300871.SZ,回盛生物,-33.05,-46.92,1.59,-2.21,-3.22,-0.96,1.87,0.0,16.45,-6.01,-2871.45,10.17,,51.13,扣非亏损,扣非亏损,亏损
688152.SH,麒麟信安,-209.59,-169.72,5.31,-3.08,-1.83,-2.39,,0.0,69.72,-15.3,37.44,1.81,,12.53,扣非亏损,扣非亏损,亏损
600446.SH,金证股份,-111.4,109.6,4.6,-3.9,-3.0,-2.12,0.52,0.0,19.17,-3.79,-265.38,3.76,1.32,34.87,29.17,扣非亏损,亏损
601279.SH,英利汽车,115.6,101.93,1.6,0.77,1.04,0.87,0.34,0.0,10.61,1.21,-42.3,2.27,1.15,39.28,44.98,263.97,222.31
601336.SH,新华保险,5.94,8.24,1.8,21.12,21.0,,2.73,15.2,,19.34,116.64,-9.91,,94.54,-0.83,0.39,0.28
831855.BJ,浙江大农,30.37,31.07,1.87,4.61,4.62,3.19,2.11,0.0,28.97,13.21,-21.11,0.87,,18.06,35.75,13.48,13.15
301428.SZ,世纪恒通,39.59,49.56,2.77,3.68,5.23,4.07,0.78,0.0,23.5,6.96,6.83,2.27,0.11,40.13,21.84,26.95,15.14
688496.SH,清越科技,-72.85,-37.62,4.5,-5.0,-4.49,-2.84,,0.0,10.02,-11.83,11.27,17.69,,35.18,扣非亏损,扣非亏损,亏损
300011.SZ,鼎汉技术,230.31,298.64,3.63,0.59,1.19,1.44,,0.0,29.9,1.36,128.88,8.23,,64.6,36.27,1015.45,387.07
600410.SH,华胜天成,-23.21,-23.39,1.62,-2.67,-5.1,-2.05,,0.0,12.37,-6.44,11.76,2.27,1.03,43.76,扣非亏损,扣非亏损,亏损
603231.SH,索宝蛋白,28.18,31.31,1.87,4.36,4.83,4.86,2.13,0.0,11.1,7.94,-29.21,5.53,,9.21,5.66,14.37,11.67
600353.SH,旭光电子,70.94,98.97,4.26,3.99,4.53,2.92,0.44,0.0,22.18,6.29,7.46,13.45,4.52,39.9,7.36,49.58,31.32
002317.SZ,众生药业,61.33,63.01,2.78,4.31,3.41,3.0,1.25,0.0,56.08,7.12,-37.21,11.95,4.59,21.94,5.27,29.24,35.97
300412.SZ,迦南科技,115.68,-55.64,2.26,1.13,1.47,0.8,,0.0,26.29,1.46,-26.24,1.41,2.43,58.97,扣非亏损,扣非转亏,157.39
688095.SH,福昕软件,132.02,-38.6,2.68,-3.75,1.51,1.03,0.57,0.0,93.71,6.58,3.13,9.32,13.67,16.78,扣非亏损,扣非亏损,174.86
601908.SH,京运通,-4.31,-4.61,0.81,-13.74,-13.18,-5.93,0.28,0.0,-13.1,-36.55,-558.94,47.7,,53.39,扣非亏损,扣非亏损,亏损
603677.SH,奇精机械,38.27,45.84,2.4,4.17,4.37,2.82,1.38,0.0,12.64,3.53,-18.02,5.59,,50.78,8.19,21.97,17.52
300927.SZ,江天化学,66.42,66.05,4.29,4.66,4.88,3.59,0.86,0.0,15.41,6.51,-39.01,20.74,,49.88,3.18,28.35,27.22
001301.SZ,尚太科技,25.01,26.26,3.19,9.76,9.85,9.7,2.18,0.0,25.2,15.96,3.69,113.03,,25.83,0.23,5.38,5.08
300834.SZ,星辉环材,42.63,46.95,1.38,2.02,2.4,1.08,0.94,0.0,4.27,5.61,39.24,10.23,,25.86,4.59,46.38,35.52
000779.SZ,甘咨询,16.7,16.46,1.06,4.73,4.84,3.57,0.74,0.0,40.38,13.17,-2.45,-1.17,,29.16,-14.08,6.96,6.9
688058.SH,宝兰德,-42.81,-82.49,4.24,-6.28,-6.89,-6.64,0.55,0.0,93.01,-27.33,-597.04,18.95,,5.57,扣非亏损,扣非亏损,亏损
300675.SZ,建科院,-50.47,-145.27,4.08,-6.43,-5.86,-1.44,0.26,0.0,29.91,-13.04,25.2,-6.22,,56.98,扣非亏损,扣非亏损,亏损
600742.SH,一汽富维,13.25,17.84,0.84,4.11,4.98,2.7,2.62,0.0,10.53,3.94,-8.99,2.14,0.06,55.7,8.32,8.68,5.32
600169.SH,太原重工,91.69,408.55,1.66,0.02,1.26,1.72,,0.0,19.0,2.13,102.32,-0.87,,81.03,-467.18,48636.96,145.53
002305.SZ,南国置业,-12.64,-2.87,15.79,-209.19,-63.81,0.39,,0.0,-12.16,-13.82,23.99,30.69,,91.71,扣非亏损,扣非亏损,亏损
002065.SZ,东华软件,42.06,70.11,2.33,3.22,4.18,2.24,0.81,0.0,23.1,5.16,12.99,8.28,4.69,50.11,8.47,43.53,20.12
870976.BJ,视声智能,29.34,34.3,5.16,11.05,12.62,11.41,3.23,0.0,52.83,20.42,30.98,1.78,,18.14,19.3,6.21,4.65
300594.SZ,朗进科技,-32.0,-36.94,2.12,-4.86,-4.79,-2.36,0.48,0.0,23.6,-7.34,-4927.35,15.62,,54.97,扣非亏损,扣非亏损,亏损
603198.SH,迎驾贡酒,19.94,20.38,5.76,22.69,21.9,22.18,1.96,0.0,74.28,36.48,23.94,24.75,,22.96,0.82,1.8,1.82
600925.SH,苏能股份,22.61,22.08,2.38,7.74,7.83,5.41,7.44,0.0,33.64,13.83,-33.13,8.49,,54.26,2.6,5.71,5.78
000917.SZ,电广传媒,149.57,91.15,1.18,0.43,0.59,1.99,0.36,0.0,27.51,5.66,-17.62,-11.96,4.46,32.83,-7.62,422.7,507.01
300940.SZ,南极光,-1946.39,-19.92,3.79,-1.01,-0.15,-0.87,,0.0,10.34,-0.65,90.14,-23.25,,24.16,扣非亏损,扣非亏损,亏损
600515.SH,海南机场,157.8,-409.47,1.91,0.24,0.92,0.9,,0.0,39.98,6.91,-91.18,6.45,,53.47,扣非亏损,扣非转亏,343.05
000800.SZ,一汽解放,93.2,-438.86,1.73,0.27,1.51,-0.7,1.76,0.0,6.72,0.81,-23.07,-2.53,,65.89,扣非亏损,扣非转亏,123.44
688221.SH,前沿生物,-11.24,-8.97,2.52,-18.7,-15.53,-8.96,,0.0,33.49,-211.1,11.84,43.64,,42.7,扣非亏损,扣非亏损,亏损
002812.SZ,恩捷股份,66.14,47.46,1.54,1.59,1.74,1.39,3.08,0.0,20.96,6.0,-79.71,46.58,1.88,42.78,1.02,59.87,76.03
002240.SZ,盛新锂能,-25.81,-16.98,1.32,-4.68,-3.62,-1.04,1.05,0.0,3.05,-14.55,-223.63,109.65,0.02,41.69,扣非亏损,扣非亏损,亏损
834639.BJ,晨光电缆,33.67,52.9,1.89,4.02,4.25,2.42,1.79,0.0,13.7,2.43,-18.52,-1.01,,55.13,-52.34,26.3,15.84
601231.SH,环旭电子,20.08,22.28,2.06,6.12,7.53,4.33,1.79,0.0,9.81,2.95,-17.28,9.52,3.47,56.7,2.34,7.29,5.33
000686.SZ,东北证券,32.21,38.66,1.09,2.4,2.54,,1.41,0.0,,11.49,-19.1,2.86,0.4,77.4,13.54,32.22,25.36
301323.SZ,新莱福,27.25,30.56,1.9,5.03,5.29,4.41,1.08,0.0,37.39,16.47,5.26,9.99,0.66,6.97,3.06,12.14,10.3
000516.SZ,国际医学,-52.43,-40.19,4.06,-5.81,-5.6,-1.4,,0.0,9.19,-8.16,37.2,48.31,,67.04,扣非亏损,扣非亏损,亏损
688233.SH,神工股份,135.7,-2502.43,2.8,1.47,1.55,1.27,,0.0,32.63,14.06,159.76,26.27,,7.42,扣非亏损,扣非转亏,175.09
600527.SH,江南高纤,88.45,105.8,1.66,1.03,1.37,1.18,2.56,0.0,13.43,7.32,1.73,-9.95,,4.23,-10.64,206.28,129.13
600170.SH,上海建工,13.02,21.21,0.76,1.82,3.04,1.02,2.56,0.0,8.19,0.69,0.21,9.92,0.86,85.78,2.14,23.26,8.57
605388.SH,均瑶健康,54.22,450.35,1.88,1.82,2.58,2.6,0.8,0.0,29.81,4.0,-39.72,26.96,9.47,16.89,16.7,495.0,42.03
300765.SZ,新诺威,208.53,127.21,10.16,3.08,2.82,-0.18,0.87,0.0,42.99,-3.14,-76.26,25.88,,16.97,4.91,82.72,147.89
301269.SZ,华大九天,1036.29,6802.94,16.49,-0.69,1.21,0.39,0.14,0.0,91.86,7.87,-280.88,34.68,0.93,7.17,196.19,转盈,1712.87
603081.SH,大丰实业,62.57,225.33,1.6,1.54,1.82,0.34,0.37,0.0,31.53,4.29,-59.6,-5.95,0.02,62.81,-37.88,293.17,68.75
301311.SZ,昆船智能,-617.77,198.4,2.8,-0.37,-0.34,0.1,0.23,0.0,15.91,-0.48,-118.64,9.03,,62.04,21.97,扣非亏损,亏损
603587.SH,地素时尚,15.24,16.3,1.56,6.45,7.42,7.58,6.1,0.0,74.82,17.29,-32.44,2.06,,20.14,7.9,5.05,4.11
601186.SH,中国铁建,6.18,6.19,0.5,4.68,5.56,1.72,4.6,0.0,9.16,2.63,-19.84,7.78,0.01,76.83,0.8,2.64,2.22
301152.SZ,天力锂能,-22.35,-9.5,2.91,-9.72,-9.0,-5.15,,0.0,0.58,-12.52,-41.38,29.19,0.01,43.63,扣非亏损,扣非亏损,亏损
603985.SH,恒润股份,-62.69,-30.51,1.88,-2.51,-2.2,-1.38,,0.0,2.7,-6.88,-261.74,-7.99,0.0,27.44,扣非亏损,扣非亏损,亏损
603125.SH,常青科技,27.52,29.96,2.5,6.54,6.99,7.28,0.77,0.0,28.75,19.25,-10.23,22.52,,6.27,1.33,9.16,7.87
000333.SZ,美的集团,13.11,15.18,2.65,16.34,18.46,6.73,5.49,0.0,26.76,10.08,13.17,9.67,13.92,61.16,1.57,1.86,1.42
002698.SZ,博实股份,26.24,30.97,4.37,12.1,12.69,8.3,1.65,0.0,34.75,21.94,7.4,12.21,0.01,42.1,2.54,5.12,4.14
002706.SZ,良信股份,19.9,23.18,2.01,6.52,6.47,6.16,2.83,0.0,31.32,9.94,-24.75,15.67,0.46,26.08,1.48,7.11,6.15
300318.SZ,博晖创新,167.13,-219.17,3.79,1.13,1.72,2.04,,0.0,50.65,6.97,29.24,13.15,32.96,42.03,扣非亏损,扣非转亏,194.34
002581.SZ,未名医药,451.63,-26.41,4.21,0.8,0.7,1.13,,0.0,80.24,7.63,-49.02,18.17,,3.96,扣非亏损,扣非转亏,1290.36
600859.SH,王府井,31.94,44.84,0.92,1.81,2.15,2.19,1.25,0.0,40.17,5.17,-39.12,2.81,5.97,49.59,15.97,49.43,29.67
300939.SZ,秋田微,40.84,49.2,2.94,4.67,5.41,4.57,1.06,0.0,25.06,9.26,-25.63,8.11,,14.54,6.07,21.08,15.1
600287.SH,ST舜天,24.34,40.84,0.89,1.69,2.92,3.78,,0.0,14.17,4.16,-41.61,6.44,,33.14,6.34,48.19,16.67
002134.SZ,天津普林,128.2,150.31,11.1,6.04,6.63,2.94,,0.0,17.23,4.64,21.06,15.71,17.52,61.6,9.57,49.79,38.67
603312.SH,西典新能,30.71,30.49,3.66,12.78,9.14,7.95,,0.0,17.67,10.45,2.55,54.55,,34.38,0.56,4.77,6.72
300952.SZ,恒辉安防,23.56,35.1,2.51,6.3,8.18,5.36,1.33,0.0,24.87,11.58,2.44,5.98,0.13,49.27,5.87,11.15,5.76
002800.SZ,天顺股份,78.12,2323.17,3.57,2.93,3.46,2.66,,0.0,5.76,1.97,18.58,-4.35,,55.2,-534.35,1584.43,45.16
688700.SH,东威科技,115.86,188.81,6.1,3.4,3.95,2.8,0.41,0.0,38.75,11.8,-57.34,20.24,,31.29,9.33,110.91,58.66
002718.SZ,友邦吊顶,-36.03,-40.7,1.74,-3.67,-3.48,-1.85,1.18,0.0,24.46,-7.63,-202.11,10.48,,31.72,扣非亏损,扣非亏损,亏损
300380.SZ,安硕信息,1300.84,-477.73,23.45,-0.26,1.36,0.6,,0.0,27.99,-0.21,97.34,10.47,,65.88,扣非亏损,扣非亏损,1913.0
300846.SZ,首都在线,-40.17,-24.0,7.3,-15.32,-13.74,-5.7,,0.0,8.75,-13.24,2.74,7.63,17.14,46.54,扣非亏损,扣非亏损,亏损
600847.SH,万里股份,-47.45,-42.77,2.47,-3.78,-3.84,-3.56,,0.0,5.85,-6.56,-66.89,-2.38,,7.11,扣非亏损,扣非亏损,亏损
688127.SH,蓝特光学,47.38,42.12,5.87,9.26,9.51,7.97,1.5,0.0,38.36,20.63,107.0,28.19,,21.92,1.49,9.1,9.96
603758.SH,秦安股份,23.98,17.82,1.66,5.93,5.09,4.68,4.37,0.0,23.79,10.72,-28.35,27.32,,14.39,0.65,6.01,9.42
000504.SZ,南华生物,-306.06,-85.37,13.8,-5.25,-3.33,-1.13,,0.0,68.03,-9.61,14.35,-4.86,0.66,49.3,扣非亏损,扣非亏损,亏损
002053.SZ,云南能投,14.81,16.19,1.54,7.76,8.01,3.77,1.66,0.0,40.96,21.04,82.73,11.07,,54.27,1.46,4.17,3.7
688586.SH,江航装备,47.74,83.28,3.46,4.23,5.49,4.01,1.17,0.0,37.55,17.26,-34.47,13.52,,28.65,6.16,39.36,17.39
000698.SZ,沈阳化工,-11.64,-16.89,2.12,-4.36,-12.84,-2.79,,0.0,7.64,-5.17,79.52,-15.54,,69.77,扣非亏损,扣非亏损,亏损
002686.SZ,亿利达,59.05,3504.19,2.22,2.66,2.85,2.17,0.3,0.0,24.75,4.32,-13.85,4.13,11.26,41.87,848.43,2636.71,41.44
000411.SZ,英特集团,12.32,12.34,1.33,7.82,8.14,4.35,2.72,0.0,6.67,1.69,24.54,8.7,4.75,69.36,1.42,3.16,3.03
003816.SZ,中国广核,15.25,18.97,1.71,8.41,8.6,5.37,3.02,0.0,36.72,24.89,0.91,5.54,0.25,59.45,3.42,4.51,3.55
301071.SZ,力量钻石,32.71,34.76,1.45,2.43,3.33,3.0,1.55,0.0,34.57,32.84,-39.84,56.11,,18.42,0.62,28.57,19.65
002779.SZ,中坚科技,120.88,214.83,8.96,4.73,5.59,4.05,0.6,0.0,26.39,6.31,-21.47,20.58,,33.32,10.44,90.82,43.25
301509.SZ,金凯生科,75.53,83.55,1.84,1.16,1.82,1.87,1.27,0.0,39.11,10.15,-82.84,18.75,,6.33,4.46,144.45,83.0
301510.SZ,固高科技,298.94,448.79,8.59,1.5,2.25,1.91,0.1,0.0,48.2,9.48,-14.74,9.58,,10.13,46.82,596.87,265.73
603206.SH,嘉环科技,55.15,41.85,2.5,2.98,3.4,1.56,1.07,0.0,13.11,2.42,-29.37,14.25,0.01,66.78,2.94,28.05,32.44
300181.SZ,佐力药业,22.0,24.35,4.76,15.58,15.13,13.01,4.22,0.0,61.61,20.9,47.8,21.69,4.93,31.79,1.12,3.13,2.91
600539.SH,狮头股份,-177.62,-23.61,4.89,-2.92,-2.04,0.04,,0.0,23.5,-1.4,46.48,42.95,12.25,17.69,扣非亏损,扣非亏损,亏损
605081.SH,太和水,-33.17,-6.0,1.25,-2.68,-2.79,-2.26,,0.0,37.93,-37.87,37.49,-28.02,1.19,18.26,扣非亏损,扣非亏损,亏损
300781.SZ,因赛集团,163.87,348.91,11.11,4.87,5.15,4.88,0.11,0.0,23.24,7.19,59.45,27.79,31.75,27.77,12.55,143.41,63.64
603665.SH,康隆达,-31.04,-10.01,2.49,-3.88,-5.71,-0.56,,0.0,24.09,-8.29,-225.4,16.04,27.15,63.42,扣非亏损,扣非亏损,亏损
601677.SH,明泰铝业,8.96,13.16,0.98,7.07,8.52,6.7,1.15,0.0,11.34,5.97,24.85,19.58,0.04,25.17,0.67,3.72,2.1
603093.SH,南华期货,16.57,16.33,2.0,9.28,9.33,,0.55,0.0,,8.04,22.09,-12.5,,91.28,-1.31,3.52,3.55
300699.SZ,光威复材,38.01,40.87,5.66,10.13,11.09,9.29,1.87,0.0,46.76,30.31,10.09,6.61,,28.45,6.19,8.07,6.85
000812.SZ,陕西金叶,44.43,67.28,1.9,2.82,3.24,2.93,0.4,0.0,27.95,6.14,33.35,11.72,19.34,64.5,5.74,47.78,27.43
831961.BJ,创远信科,1301.28,-274.06,4.42,-2.84,0.26,-0.7,0.36,0.0,52.98,0.53,-426.75,-0.38,,36.86,扣非亏损,扣非亏损,10009.82
600088.SH,中视传媒,49.61,588.07,5.33,0.24,8.52,6.33,0.17,0.0,16.9,26.22,-82.29,15.46,,21.68,38.03,4886.31,11.64
603113.SH,金能科技,-121.39,110.25,0.62,-0.83,-0.37,0.73,1.16,0.0,2.35,-0.27,35.89,28.46,,53.86,3.87,扣非亏损,亏损
300306.SZ,远方信息,46.74,50.41,2.27,2.43,3.59,3.04,2.48,0.0,64.35,18.66,1.62,1.85,,10.22,27.22,41.56,26.04
832278.BJ,鹿得医疗,85.31,97.09,5.36,4.5,4.7,3.63,1.15,0.0,25.07,7.84,-32.51,-7.25,,22.62,-13.4,43.2,36.3
002593.SZ,日上集团,65.68,145.2,1.14,0.71,1.3,1.32,1.25,0.0,8.93,1.37,-64.92,10.94,,47.03,13.27,411.61,101.04
000158.SZ,常山北明,-131.85,-133.2,8.98,-6.94,-4.98,-0.81,,0.0,10.14,-6.2,-27.52,-2.63,35.37,66.7,扣非亏损,扣非亏损,亏损
002146.SZ,荣盛发展,-5.13,-9.45,0.44,-5.1,-6.41,0.29,,0.0,12.4,-3.06,-748.5,6.08,0.61,86.08,扣非亏损,扣非亏损,亏损
603300.SH,海南华铁,17.3,19.24,1.86,8.05,8.42,5.03,0.34,0.0,42.96,13.62,-13.01,44.11,2.93,71.42,0.44,4.78,4.11
002239.SZ,奥特佳,88.53,118.46,1.98,1.49,1.65,1.33,0.26,0.0,11.85,1.47,109.21,23.03,30.4,54.65,5.14,158.93,107.31
300753.SZ,爱朋医疗,402.25,879.9,2.95,0.13,0.55,1.34,0.38,0.0,69.02,1.41,-74.25,1.56,7.63,17.03,564.29,14000.05,1462.72
600182.SH,S佳通,23.42,23.45,3.81,12.43,12.46,9.34,1.82,0.0,19.41,8.3,20.44,14.3,,48.78,1.64,3.77,3.76
603599.SH,广信股份,14.01,17.86,1.13,5.69,5.96,3.28,4.14,0.0,31.01,16.32,-56.44,30.38,,38.89,0.59,6.28,4.7
002780.SZ,三夫户外,179.58,74.1,2.94,0.54,1.24,1.26,,0.0,56.23,0.15,-56.38,23.52,0.66,40.81,3.15,273.88,289.65
000792.SZ,盐湖股份,25.57,17.03,3.05,9.17,9.38,7.74,,0.0,54.46,32.51,-44.22,27.9,0.01,23.28,0.61,3.71,5.45
603186.SH,华正新材,-507.14,-46.26,3.0,-0.67,-0.43,0.61,,0.0,10.51,-0.19,76.12,17.19,,74.99,扣非亏损,扣非亏损,亏损
300379.SZ,东方通,-46.84,-16.71,3.27,-5.68,-5.07,-5.18,,0.0,73.84,-62.43,7.21,3.45,19.35,12.38,扣非亏损,扣非亏损,亏损
002848.SZ,高斯贝尔,-18.8,-12.42,15.78,-58.12,-58.83,-15.87,,0.0,3.26,-52.54,-132.18,-6.24,,69.34,扣非亏损,扣非亏损,亏损
301006.SZ,迈拓股份,36.43,33.48,1.8,3.5,3.68,3.36,1.67,0.0,50.61,19.62,-49.5,-2.84,,11.54,-11.79,19.13,19.8
300225.SZ,金力泰,134.49,132.49,4.4,2.23,2.48,1.99,,0.0,31.43,3.55,1053.28,-3.85,,37.28,-34.38,118.72,108.46
300168.SZ,万达信息,-16.56,-10.17,6.97,-29.15,-27.28,-7.38,,0.0,15.67,-42.4,-58.04,-5.06,47.95,73.94,扣非亏损,扣非亏损,亏损
831526.BJ,凯华材料,140.12,206.43,15.06,6.31,8.22,8.37,0.37,0.0,31.09,19.93,1.34,2.91,,6.71,71.06,65.39,34.09
600316.SH,洪都航空,1433.53,1660.07,5.13,0.22,0.27,0.05,0.07,0.0,3.05,0.47,120.61,-1.92,,64.97,-864.35,14802.27,10618.76
000885.SZ,城发环境,7.78,8.68,1.09,10.87,11.0,5.5,2.22,0.0,42.87,20.43,-1.66,26.88,0.08,69.0,0.32,1.6,1.41
603628.SH,清源股份,31.58,33.46,3.15,7.57,7.64,5.02,0.59,0.0,22.87,7.49,-30.03,29.66,,53.32,1.13,8.84,8.27
000025.SZ,特力A,57.37,65.55,4.87,6.02,6.49,5.85,0.19,0.0,8.87,5.39,56.15,68.33,,27.15,0.96,21.78,17.68
002556.SZ,辉隆股份,23.23,-258.83,1.56,1.63,4.99,2.43,3.4,0.0,5.87,1.46,11.66,3.95,2.02,65.48,扣非亏损,扣非转亏,9.31
688549.SH,中巨芯,398.32,-21311.73,5.18,0.53,0.98,0.22,0.12,0.0,14.09,4.1,123.24,26.55,2.06,21.28,扣非亏损,扣非转亏,812.9
600884.SH,杉杉股份,675.64,-51.32,0.95,0.16,0.1,1.11,1.47,0.0,15.09,0.39,-94.52,48.22,3.83,51.74,扣非亏损,扣非转亏,12869.41
000650.SZ,仁和药业,15.84,31.29,1.44,5.01,6.79,8.93,3.02,0.0,37.65,16.34,-35.13,5.81,7.99,10.32,5.38,12.49,4.66
600608.SH,ST沪科,4652.54,-56.21,27.46,0.41,0.44,0.86,,0.0,3.26,-0.41,58.9,-34.48,,66.9,扣非亏损,扣非转亏,21147.91
300793.SZ,佳禾智能,65.66,268.14,2.49,1.8,2.94,1.95,0.69,0.0,16.03,3.71,-65.82,-2.69,,46.99,-99.7,297.95,44.67
002905.SZ,金逸影视,-18.43,-10.47,55.21,-161.34,-106.01,-0.08,,0.0,15.18,-13.11,-812.42,51.17,,98.44,扣非亏损,扣非亏损,亏损
603279.SH,景津装备,12.8,12.49,2.44,14.14,15.03,9.84,4.79,0.0,29.06,14.14,-10.81,23.95,,47.58,0.52,1.77,1.7
603336.SH,宏辉果蔬,113.47,668.58,2.59,1.63,1.68,2.1,,0.0,10.28,2.44,-43.23,4.39,0.04,38.23,152.13,822.31,135.09
600592.SH,龙溪股份,19.43,46.37,1.7,4.1,6.49,4.92,1.1,0.0,21.66,10.11,-10.58,18.14,0.0,29.9,2.56,22.62,5.99
601665.SH,齐鲁银行,5.54,5.49,0.69,7.76,8.97,,5.63,0.0,,36.09,19.6,14.98,,93.21,0.37,1.41,1.24
600661.SH,昂立教育,162.23,-44.08,44.95,4.94,20.4,2.71,,0.0,44.12,2.43,109.17,-12.45,49.57,89.82,扣非亏损,扣非转亏,15.9
000089.SZ,深圳机场,33.78,64.2,1.31,2.22,2.92,2.71,1.56,0.0,21.02,9.43,280.15,15.68,,54.09,4.1,57.84,23.14
300461.SZ,田中精机,-84.61,-120.24,5.97,-5.41,-5.15,-3.42,,0.0,39.01,-26.46,-5256684.46,-4.54,,35.81,扣非亏损,扣非亏损,亏损
600901.SH,江苏金租,10.18,10.74,1.29,10.7,11.87,,6.61,0.0,,56.25,8.73,8.48,,82.31,1.27,2.01,1.72
002836.SZ,新宏泽,30.5,36.77,5.24,11.84,11.86,11.06,1.14,0.0,31.96,17.31,486.24,-3.4,,26.58,-10.82,6.21,5.14
000593.SZ,德龙汇能,38.31,-8.21,2.48,4.55,4.93,3.76,,0.0,12.97,3.52,-26.78,8.19,24.21,52.94,扣非亏损,扣非转亏,15.54
300237.SZ,美晨科技,-14.95,-3.4,27.61,-88.08,-81.38,0.62,,0.0,8.07,-16.28,58.58,-14.41,,96.49,扣非亏损,扣非亏损,亏损
603616.SH,韩建河山,-28.82,-5.17,4.02,-10.61,-10.09,-1.78,,0.0,12.97,-10.32,23.36,-4.12,3.97,78.3,扣非亏损,扣非亏损,亏损
301282.SZ,金禄电子,48.75,88.1,2.21,2.23,3.4,1.97,0.4,0.0,13.95,4.89,79.59,23.09,,40.05,3.82,78.96,28.68
603559.SH,*ST通脉,-17.66,-9.49,58.91,-52.0,-112.49,-7.38,,0.0,5.29,-34.63,25.96,-22.12,,97.57,扣非亏损,扣非亏损,亏损
002568.SZ,百润股份,35.84,39.74,6.27,13.06,13.43,10.2,2.03,0.0,70.11,23.95,-13.57,20.16,,42.54,1.97,6.09,5.34
601997.SH,贵阳银行,4.18,4.25,0.37,6.23,6.81,,5.64,0.0,,37.06,-5.85,-1.98,,90.68,-2.15,1.36,1.23
601137.SH,博威合金,10.28,10.72,1.97,14.24,14.72,8.02,2.9,0.0,15.74,7.52,33.19,32.76,0.16,55.04,0.33,1.51,1.4
688618.SH,三旺通信,61.44,50.79,3.15,2.85,3.8,3.43,0.89,0.0,63.57,13.61,-62.03,28.16,,18.56,1.8,35.63,32.34
300505.SZ,川金诺,31.36,40.8,1.86,4.15,4.5,3.87,0.66,0.0,11.95,5.25,187.01,39.32,,29.91,1.04,19.66,13.94
301586.SZ,佳力奇,52.18,,4.37,5.81,7.51,6.09,,0.0,32.73,18.02,,-21.78,,28.66,,,13.9
605300.SH,佳禾食品,45.15,41.9,2.31,3.3,3.75,3.31,1.79,0.0,16.83,5.01,-59.16,15.41,,22.8,2.72,25.42,24.08
002264.SZ,新华都,17.87,19.55,2.54,11.15,11.29,6.74,,0.0,23.89,6.86,19.45,-16.52,12.07,41.47,-1.18,3.51,3.17
605020.SH,永和股份,36.65,69.23,2.8,5.25,5.4,3.27,0.6,0.0,16.79,4.35,-6.29,30.19,4.81,62.13,2.29,26.37,13.57
603324.SH,盛剑科技,32.68,30.21,2.42,4.9,5.66,2.85,0.89,0.0,29.11,9.25,-14.55,25.56,,55.62,1.18,12.33,11.55
600580.SH,卧龙电驱,24.32,64.51,2.1,5.93,6.59,3.79,0.85,0.0,25.46,5.56,-21.47,9.22,12.92,56.77,6.99,21.76,7.38
603267.SH,鸿远电子,60.67,71.4,2.46,2.94,3.04,2.75,0.7,0.0,36.35,10.91,-49.62,4.15,0.3,16.01,17.2,48.64,39.92
600299.SH,安迪苏,22.6,25.7,1.91,7.14,6.61,6.31,0.75,0.0,30.58,8.82,1918.7,3.9,13.42,28.81,6.6,7.2,6.84
605255.SH,天普股份,79.2,78.47,2.33,2.03,2.19,2.78,1.25,0.0,35.11,7.58,-15.93,4.73,,5.62,16.6,77.33,72.33
002195.SZ,岩山科技,339.09,7969.58,1.96,0.27,0.44,-0.81,0.33,0.0,42.4,-3.68,-91.56,-22.56,14.03,2.69,-353.3,58946.62,1541.34
301270.SZ,汉仪股份,574.36,3954.73,3.87,-0.05,0.49,0.18,0.88,0.0,79.73,2.23,-102.23,3.39,16.38,5.79,1167.44,转盈,2344.31
605599.SH,菜百股份,11.69,13.48,2.26,13.79,14.44,11.81,4.7,0.0,8.95,3.64,-3.14,34.48,,44.05,0.39,1.96,1.62
603068.SH,博通集成,-96.5,-64.02,2.63,-2.1,-2.02,-2.55,0.17,0.0,32.67,-6.42,61.0,-0.22,,22.07,扣非亏损,扣非亏损,亏损
600381.SH,ST春天,-16.74,-7.66,1.77,-7.46,-7.52,-6.63,,0.0,40.98,-44.76,-28.47,20.4,,5.0,扣非亏损,扣非亏损,亏损
605162.SH,新中港,24.48,22.42,2.39,7.0,7.1,7.13,1.96,0.0,27.81,13.69,4.8,19.74,,29.95,1.14,6.41,6.89
000930.SZ,中粮科技,871.29,-34.9,1.06,-0.38,0.09,1.19,,0.0,7.44,0.14,89.24,1.58,3.36,36.56,扣非亏损,扣非亏损,19362.02
002861.SZ,瀛通通讯,-50.51,-24.24,2.6,-4.43,-3.92,-1.26,1.01,0.0,18.19,-5.49,-1.38,-13.35,,52.67,扣非亏损,扣非亏损,亏损
000929.SZ,兰州黄河,-32.7,-33.34,3.08,-4.47,-6.82,-5.72,,0.0,18.45,-33.08,-110.3,-7.49,,17.35,扣非亏损,扣非亏损,亏损
001219.SZ,青岛食品,24.64,34.83,2.8,7.52,8.68,10.36,1.3,0.0,37.41,21.91,20.39,1.07,,7.59,32.65,9.27,5.68
600328.SH,中盐化工,16.56,14.64,1.06,4.5,4.76,5.09,3.5,0.0,20.09,7.46,-36.11,19.16,4.53,30.31,0.76,6.51,6.96
002544.SZ,普天科技,678.18,-290.75,4.42,0.31,0.49,0.09,0.13,0.0,16.39,0.33,-77.01,-3.57,,58.99,扣非亏损,扣非转亏,2768.07
603032.SH,德新科技,193.32,-113.64,3.31,-0.52,1.31,1.88,,0.0,33.03,7.03,-104.23,179.54,40.55,28.09,扣非亏损,扣非亏损,295.14
688525.SH,佰维存储,97.28,421.86,12.07,10.25,9.83,5.35,,0.0,22.51,4.17,146.07,31.21,,66.78,13.52,82.29,19.79
301363.SZ,美好医疗,38.56,51.0,3.91,7.53,7.86,7.56,0.43,0.0,41.78,22.29,-11.15,15.68,,10.27,3.25,13.54,9.81
002487.SZ,大金重工,39.23,59.36,2.08,3.68,3.98,2.97,0.68,0.0,27.19,12.23,-31.66,11.06,,38.78,5.36,32.25,19.71
002917.SZ,金奥博,23.1,27.44,2.13,6.71,6.94,4.85,1.01,0.0,33.8,11.23,35.78,33.82,6.63,40.8,0.81,8.18,6.66
688468.SH,科美诊断,20.47,27.14,2.18,6.77,8.08,6.81,1.16,0.0,76.35,32.62,-8.3,2.37,10.97,23.78,11.44,8.02,5.07
002001.SZ,新和成,13.54,15.84,2.62,14.86,15.22,12.16,2.65,0.0,39.54,25.4,99.03,15.05,0.01,33.56,1.05,2.13,1.78
603839.SH,安正时尚,-53.08,-34.45,1.13,-1.87,-1.57,-0.89,1.39,0.0,47.12,-2.41,-565.71,-14.99,4.88,26.79,扣非亏损,扣非亏损,亏损
002824.SZ,和胜股份,78.84,68.0,3.48,2.83,3.31,2.03,0.93,0.0,12.19,2.47,-48.62,27.89,0.42,52.55,2.44,48.11,47.64
601933.SH,永辉超市,-451.91,-20.73,8.1,-11.28,-1.32,1.62,,0.0,20.84,-0.3,-76.47,-5.36,0.06,87.14,扣非亏损,扣非亏损,亏损
000966.SZ,长源电力,11.4,22.7,1.27,8.61,8.73,4.2,0.88,0.0,13.55,7.17,42.18,13.3,7.49,71.4,1.71,5.27,2.61
603709.SH,中源家居,410.29,-195.51,2.38,0.6,0.42,-0.01,1.0,0.0,21.9,0.22,-85.22,3.69,,60.29,扣非亏损,扣非转亏,1953.78
600036.SH,招商银行,6.28,6.52,0.95,10.14,11.54,,7.09,0.0,,45.13,-0.48,5.49,0.86,90.05,1.19,1.29,1.09
688562.SH,航天软件,-72.2,-109.02,4.56,-6.04,-4.59,-3.69,0.19,0.0,19.7,-15.81,-1266.31,24.1,,48.6,扣非亏损,扣非亏损,亏损
600673.SH,东阳光,58.96,174.14,2.7,3.07,3.13,2.31,4.58,0.0,14.01,3.38,199.23,2.52,0.02,61.44,69.08,113.57,37.67
301018.SZ,申菱环境,34.55,68.34,2.56,5.61,5.66,3.27,0.61,0.0,26.37,6.94,-12.96,19.71,,50.49,3.47,24.35,12.21
605218.SH,伟时电子,151.34,121.41,4.96,2.05,2.4,1.08,1.06,0.0,12.98,2.13,-57.07,12.51,,40.23,9.7,118.33,126.28
600860.SH,京城股份,-276.36,-152.42,5.6,-2.66,-1.52,0.33,,0.0,15.56,-0.75,47.95,9.04,12.26,53.11,扣非亏损,扣非亏损,亏损
870436.BJ,大地电气,-56.03,-82.63,3.9,-5.24,-5.11,-2.06,,0.0,15.78,-4.11,-162.95,10.52,,60.77,扣非亏损,扣非亏损,亏损
002767.SZ,先锋电子,162.05,81.26,2.59,0.76,1.2,0.76,0.1,0.0,32.62,2.04,-71.41,21.13,,27.67,3.85,214.75,270.09
600000.SH,浦发银行,6.04,6.65,0.44,4.69,5.25,,4.85,0.0,,27.49,34.77,-4.01,0.73,92.24,-1.66,2.83,2.3
002637.SZ,赞宇科技,28.9,203.94,1.24,2.45,3.26,2.92,0.93,0.0,7.08,1.46,-13.34,9.8,2.13,53.31,20.82,166.19,17.73
301083.SZ,百胜智能,77.07,135.21,3.3,2.23,3.21,2.54,0.67,0.0,23.01,9.27,-32.16,-7.49,,16.4,-18.04,121.21,48.02
600685.SH,中船防务,148.89,229.39,2.0,0.91,1.04,0.05,0.04,11.55,8.69,1.97,4023.73,12.12,,57.63,18.93,251.25,143.16
002357.SZ,富临运业,17.45,45.91,1.36,4.83,6.0,4.45,0.66,0.0,19.46,13.59,-21.99,11.35,5.6,43.71,4.05,19.02,5.82
300250.SZ,初灵信息,-95.6,-132.43,6.88,-5.46,-5.07,-4.47,,0.0,54.64,-17.1,-404.93,-2.78,1.64,27.85,扣非亏损,扣非亏损,亏损
603997.SH,继峰股份,-24.28,-35.13,3.62,-12.18,-11.81,-0.99,,0.0,14.37,-3.82,-412.89,11.26,32.72,74.81,扣非亏损,扣非亏损,亏损
300716.SZ,泉为科技,-21.26,-13.79,25.49,-63.21,-62.04,-11.09,,0.0,-10.26,-69.48,42.58,-14.3,0.05,88.13,扣非亏损,扣非亏损,亏损
300424.SZ,航新科技,196.18,396.15,6.63,0.74,2.41,2.8,0.08,0.0,25.68,2.11,440.88,9.41,4.65,65.89,42.1,1064.63,162.8
301205.SZ,联特科技,127.5,202.38,7.16,3.77,4.29,2.88,0.05,0.0,27.27,9.69,423.26,8.84,,29.38,22.9,107.5,59.44
688456.SH,有研粉材,64.47,121.43,2.9,2.34,3.41,2.82,0.71,0.0,8.07,1.77,20.02,18.86,0.28,30.96,6.44,103.64,37.81
603137.SH,恒尚节能,17.53,18.4,1.7,6.67,7.44,3.09,1.02,0.0,14.51,5.75,-1.98,10.4,,64.46,1.77,5.52,4.71
002649.SZ,博彦科技,31.47,53.87,1.79,4.06,4.3,3.53,0.21,0.0,24.38,3.44,-14.14,15.79,12.72,26.86,3.41,26.53,14.64
837023.BJ,芭薇股份,37.92,40.38,3.83,7.74,7.97,4.68,1.9,0.0,26.67,6.1,0.59,2.02,,51.29,19.98,10.44,9.52
600409.SH,三友化工,22.48,20.67,0.86,2.68,2.89,3.24,1.51,0.0,16.79,3.43,5.18,8.37,0.02,41.72,2.47,15.45,15.55
000568.SZ,泸州老窖,13.97,15.18,4.75,26.64,25.88,23.79,3.01,0.0,88.43,47.76,10.24,22.0,,31.46,0.69,1.14,1.08
003021.SZ,兆威机电,67.32,81.33,4.53,4.11,5.09,3.9,0.59,0.0,31.55,15.05,49.01,0.37,,20.27,217.0,39.58,26.45
002183.SZ,怡亚通,174.84,273.92,1.59,0.35,0.68,1.61,0.27,0.0,4.19,0.05,-46.77,11.76,2.46,79.97,23.3,1551.5,514.25
002475.SZ,立讯精密,24.83,26.65,4.68,13.42,14.98,5.68,0.87,0.0,11.72,5.52,15.43,37.94,2.37,63.04,0.7,3.97,3.31
601921.SH,浙版传媒,31.34,24.53,1.4,2.5,3.19,1.88,5.1,0.0,25.48,6.16,-53.96,6.22,,42.34,3.94,19.59,19.65
603535.SH,嘉诚国际,17.31,23.6,1.55,6.61,6.56,5.07,0.56,0.0,33.97,16.95,3.59,2.27,,43.77,10.39,7.14,5.28
002930.SZ,宏川智慧,25.04,30.07,2.26,5.46,6.39,4.43,1.29,0.0,50.99,17.75,-37.21,22.28,26.81,66.86,1.35,11.02,7.84
300542.SZ,新晨科技,-368.0,312.02,13.86,-4.31,-2.77,-0.31,0.11,0.0,16.78,-2.76,-31.02,16.23,29.28,55.84,19.22,扣非亏损,亏损
831445.BJ,龙竹科技,55.48,147.49,3.75,2.95,4.89,4.11,3.06,0.0,27.84,8.15,25.32,1.49,,26.22,98.7,99.83,22.69
688176.SH,亚虹医药,-12.91,-10.99,2.24,-12.81,-12.12,-11.61,,0.0,79.44,-195.28,2.65,26537.33,,10.12,扣非亏损,扣非亏损,亏损
002929.SZ,润建股份,22.67,27.85,1.41,4.62,4.75,1.74,0.6,0.0,16.07,3.95,-28.78,29.74,2.96,62.23,0.94,12.06,9.55
600965.SH,福成股份,89.55,-332.83,1.62,1.47,1.35,1.65,0.78,0.0,25.93,3.91,-77.6,-0.38,,17.54,扣非亏损,扣非转亏,132.56
605336.SH,帅丰电器,37.7,28.1,1.16,1.72,2.25,1.18,4.17,0.0,43.07,14.07,-72.94,7.16,,10.63,3.92,32.76,33.51
600791.SH,京能置业,-16.01,-8.0,3.18,-8.79,-12.36,0.99,,0.0,16.8,-1.11,56.8,239.32,,88.34,扣非亏损,扣非亏损,亏损
301095.SZ,广立微,1469.32,236.62,4.93,-0.11,0.25,-1.73,0.59,0.0,62.81,3.88,-107.79,57.91,1.07,6.04,4.09,转盈,11754.54
600105.SH,永鼎股份,95.53,-1264.94,2.58,1.59,1.98,2.33,0.65,0.0,17.96,3.49,-21.85,9.97,4.61,61.85,扣非亏损,扣非转亏,96.49
300144.SZ,宋城演艺,20.22,210.09,3.37,12.98,13.11,12.71,1.01,0.0,71.87,51.64,28.05,96.89,0.02,14.76,2.17,32.36,3.08
688270.SH,臻镭科技,438.34,274.76,3.98,0.2,0.68,-0.12,0.25,0.0,84.11,7.93,-88.89,22.77,,4.62,12.07,2818.1,1289.24
603255.SH,鼎际得,300.58,181.44,2.68,0.61,0.67,0.45,0.12,0.0,15.49,1.19,-78.66,14.79,,31.23,12.27,594.69,897.25
002755.SZ,奥赛康,73.06,125.47,4.14,3.47,4.31,3.01,,0.0,81.82,7.92,145.61,-26.84,,20.97,-4.68,72.32,33.9
000848.SZ,承德露露,16.99,15.51,2.98,13.32,13.24,12.68,5.1,0.0,41.52,19.41,-5.13,17.35,,16.47,0.89,2.33,2.57
600989.SH,宝丰能源,18.88,17.02,2.76,12.28,11.24,7.39,1.9,0.0,33.76,18.69,18.35,23.59,2.72,52.65,0.72,2.77,3.36
002077.SZ,大港股份,200.91,592.91,3.21,1.11,1.21,1.67,,0.0,9.52,17.01,26.47,-18.15,3.98,20.42,-32.66,1070.14,332.09
688631.SH,莱斯信息,846.03,189.87,9.69,-0.24,0.84,-0.16,1.16,0.0,26.97,1.69,-140.74,7.88,,46.85,24.08,转盈,2014.36
301100.SZ,风光股份,-67.96,-45.49,1.82,-2.26,-1.98,-2.01,0.37,0.0,5.89,-5.79,-219.62,2.57,,11.58,扣非亏损,扣非亏损,亏损
603429.SH,集友股份,-55.43,52.2,3.12,5.82,-3.73,-3.03,1.8,0.0,36.6,-13.11,-28.9,16.43,0.61,13.48,3.18,17.93,亏损
300822.SZ,贝仕达克,51.66,67.58,3.22,4.54,4.72,3.26,0.66,0.0,25.33,7.04,48.57,0.4,,18.04,169.96,29.79,21.89
603815.SH,交建股份,33.45,30.1,1.93,4.41,4.35,1.69,1.02,0.0,9.06,3.56,-21.66,9.51,,76.29,3.17,13.64,15.38
003033.SZ,征和工业,17.33,19.77,1.85,7.73,8.07,5.18,1.4,0.0,22.41,7.4,13.77,21.71,4.66,46.13,0.91,5.11,4.29
000090.SZ,天健集团,18.81,11.54,0.74,2.08,2.65,0.85,5.43,0.0,16.23,3.01,-69.59,17.21,0.34,78.35,0.67,11.08,14.2
300063.SZ,天龙集团,118.78,-365.99,4.76,2.75,3.04,3.23,,0.0,6.04,0.98,23.19,-6.48,0.8,43.27,扣非亏损,扣非转亏,78.14
002743.SZ,富煌钢构,28.56,34.23,0.8,2.02,2.1,1.86,1.12,0.0,13.89,2.37,-17.85,7.06,,68.82,4.85,33.84,27.2
600872.SH,中炬高新,24.2,30.33,3.8,11.51,12.15,10.43,1.42,0.0,37.36,16.14,19.25,0.16,0.03,27.11,191.93,5.27,3.98
600498.SH,烽火通信,45.62,45.35,1.89,2.78,2.95,1.66,0.77,0.0,22.13,1.83,24.76,14.31,0.57,64.96,3.17,32.66,30.93
601162.SH,天风证券,-70.28,-75.69,2.18,-2.35,-2.3,,,0.0,,-37.71,-251.96,13.07,0.22,74.46,扣非亏损,扣非亏损,亏损
300903.SZ,科翔股份,-16.64,-13.66,1.92,-9.35,-8.31,-3.17,,0.0,3.97,-7.56,-78.62,23.34,1.05,71.66,扣非亏损,扣非亏损,亏损
600012.SH,皖通高速,13.88,14.27,1.75,9.53,9.44,7.58,5.45,0.0,35.6,24.6,-11.13,31.27,,36.87,0.46,2.99,2.94
002942.SZ,新农股份,24.03,445.53,2.03,5.07,6.39,5.37,1.02,0.0,29.39,9.85,523.41,-9.82,,27.21,-45.36,175.59,7.52
002369.SZ,卓翼科技,-25.64,-11.02,7.57,-20.94,-20.14,-4.35,,0.0,1.04,-10.19,30.62,-20.12,,77.28,扣非亏损,扣非亏损,亏损
300810.SZ,中科海讯,-21.97,-12.89,3.58,-11.55,-11.42,-9.01,0.1,0.0,38.76,-62.82,-96.78,14.96,,35.66,扣非亏损,扣非亏损,亏损
600697.SH,欧亚集团,84.44,733.19,0.85,0.16,0.76,2.57,0.86,0.0,36.62,2.1,62.79,-3.84,1.83,78.57,-190.92,9035.04,222.2
688269.SH,凯立新材,44.24,52.73,3.83,5.87,6.41,4.46,1.35,0.0,11.31,5.6,-38.55,21.44,,44.81,2.46,17.95,13.8
002370.SZ,亚太药业,-496.11,-68.59,4.61,-3.75,-0.58,0.94,,0.0,31.1,-1.13,61.16,-2.55,,53.95,扣非亏损,扣非亏损,亏损
603908.SH,牧高笛,19.12,34.94,4.09,12.4,16.04,9.89,3.22,0.0,28.59,8.56,-34.21,33.52,,48.87,1.04,5.64,2.38
603150.SH,万朗磁塑,16.99,16.85,1.58,7.18,7.36,3.94,,0.0,21.59,4.24,8.37,29.09,5.83,58.98,0.58,4.7,4.62
000755.SZ,山西高速,14.2,16.3,1.37,7.44,7.47,5.26,0.98,0.0,58.87,32.23,-0.54,17.26,,57.71,0.94,4.38,3.8
603722.SH,阿科力,-502.8,-533.28,4.82,-1.18,-0.9,-1.33,0.37,0.0,8.77,-1.94,-146.72,6.63,,24.36,扣非亏损,扣非亏损,亏损
688351.SH,微电生理,186.94,-554.1,6.01,-0.04,2.44,2.17,,0.0,58.79,14.35,95.69,32.65,,7.35,扣非亏损,扣非亏损,153.23
300529.SZ,健帆生物,25.47,35.44,8.48,23.42,23.44,17.56,1.8,0.0,81.31,35.93,86.49,2.48,0.37,41.12,14.31,3.03,2.17
002276.SZ,万马股份,24.75,34.04,1.49,3.82,4.6,2.31,0.54,0.0,11.41,1.97,-45.3,18.31,2.6,62.72,1.86,17.8,10.76
002463.SZ,沪电股份,31.76,33.5,7.15,17.42,17.83,11.39,2.26,0.0,35.86,20.31,105.8,6.35,,42.47,5.28,3.85,3.56
300530.SZ,领湃科技,-20.07,-17.85,55.64,-106.99,-103.5,-6.73,,0.0,13.37,-163.0,8.81,65.94,1.35,93.6,扣非亏损,扣非亏损,亏损
834770.BJ,艾能聚,59.36,80.66,5.52,7.29,7.17,6.37,2.84,0.0,54.06,32.37,-21.04,13.03,,29.07,6.19,22.14,16.56
300623.SZ,捷捷微电,71.74,85.7,7.22,7.19,8.5,5.53,0.37,0.0,38.22,17.5,146.69,31.25,,39.68,2.74,23.82,16.88
301387.SZ,光大同创,381.53,92.7,2.34,0.69,0.45,0.03,1.26,0.0,24.12,0.07,-85.5,6.95,1.07,29.11,13.33,267.56,1695.68
600977.SH,中国电影,76.52,-146.8,1.97,1.28,1.93,1.32,0.58,0.0,23.08,6.55,-64.81,43.35,2.46,41.18,扣非亏损,扣非转亏,79.3
300436.SZ,广生堂,-51.64,-19.3,10.91,-17.41,-14.68,-2.83,,0.0,61.12,-22.6,54.95,4.75,11.9,67.28,扣非亏损,扣非亏损,亏损
603056.SH,德邦股份,21.0,22.73,1.8,4.46,6.56,4.11,0.55,0.0,7.55,1.83,24.65,9.9,,51.65,2.3,10.19,6.4
688071.SH,华依科技,-56.82,-40.44,2.22,-3.18,-2.89,-0.59,,0.0,31.25,-10.01,-4566.33,5.24,3.82,54.44,扣非亏损,扣非亏损,亏损
601068.SH,中铝国际,45.02,-7.84,6.14,1.76,5.42,1.41,,0.0,8.57,1.84,111.99,-1.73,0.01,84.39,扣非亏损,扣非转亏,16.61
002650.SZ,ST加加,-67.18,-25.05,3.0,-3.95,-3.3,-2.59,,0.0,24.53,-6.92,-103.14,-11.01,,19.68,扣非亏损,扣非亏损,亏损
600117.SH,西宁特钢,-16.92,-6.9,1.8,-9.48,-7.79,-3.53,,0.0,-6.88,-14.38,34.8,-17.18,2.15,45.19,扣非亏损,扣非亏损,亏损
300249.SZ,依米康,422.0,-48.81,10.02,0.83,1.8,1.05,,0.0,21.17,1.02,104.41,-13.5,3.6,73.75,扣非亏损,扣非转亏,468.89
601827.SH,三峰环境,10.9,12.43,1.33,9.28,9.36,5.72,3.13,0.0,35.85,23.61,4.59,7.25,0.09,52.08,1.71,2.68,2.33
