证券代码,股票简称,流通市值,PE,扣非PE,PB,扣非ROE,ROE,ROA,股息率,分红比例,扣非净利润增速,营收增速,资产负债率,现金,扣非PEG,扣非市赚率,市赚率,财务健康度
600153.SH,建发股份,274.01,17.89,17.45,0.49,1.37,1.35,0.55,2.16,0.0,-25.34,0.39,74.27,3.81,44.25,25.54,26.51,3.85
600170.SH,上海建工,268.36,16.62,109.94,0.85,0.87,2.52,0.89,,0.0,-46.77,2.27,85.54,3.28,48.34,252.42,13.19,3.28
600918.SH,中泰证券,244.97,28.51,29.53,1.29,3.0,3.11,,,0.0,163.1,-2.29,80.63,3.16,-12.87,19.71,18.33,3.21
600325.SH,华发股份,111.19,81.51,-21.38,0.59,0.42,0.52,0.66,0.47,33.33,-93.54,6.01,69.72,3.12,扣非亏损,危险信号,156.76,3.1
603093.SH,南华期货,129.58,32.53,33.85,3.47,8.27,8.27,,,0.0,-1.16,-17.37,93.13,3.06,-1.95,8.19,7.87,3.18
300999.SZ,金龙鱼,171.48,46.75,62.28,1.78,2.12,2.89,2.09,,0.0,745.88,2.16,56.22,2.94,28.87,58.64,32.35,2.96
601083.SH,锦江航运,23.45,9.9,10.67,1.71,13.15,13.18,13.56,1.79,32.79,70.77,5.89,18.57,2.73,1.81,0.81,0.75,3.96
300226.SZ,上海钢联,84.74,39.46,80.18,4.11,4.9,8.09,1.48,0.2,13.45,-2.03,7.79,85.89,2.44,10.29,16.36,4.88,2.5
002060.SZ,广东建工,65.17,21.03,14.23,1.14,3.99,4.05,0.99,,0.0,-14.84,0.04,89.2,2.29,376.04,7.13,10.38,2.43
600061.SH,国投资本,466.76,12.27,13.73,0.87,5.12,5.3,1.38,,0.0,38.32,24.51,81.31,2.16,0.56,5.37,4.63,2.35
600502.SH,安徽建工,85.83,7.96,7.53,0.77,4.62,5.15,1.36,2.13,0.0,-13.74,10.65,86.36,2.03,0.71,3.26,3.09,2.34
601186.SH,中国铁建,863.89,5.16,4.99,0.37,4.14,4.84,1.43,,0.0,-6.14,1.69,79.14,2.0,2.96,2.41,2.13,2.41
600938.SH,中国海油,1255.8,14.68,16.85,2.54,13.16,13.01,12.79,2.21,45.62,-12.91,23.72,30.09,1.93,0.71,1.28,1.13,2.71
600248.SH,陕建股份,138.59,9.35,33.43,0.48,2.41,4.18,0.91,,0.0,-69.09,-2.67,88.13,1.91,-12.5,27.79,4.48,1.94
600941.SH,中国移动,883.72,13.78,16.39,1.55,7.87,8.3,7.02,2.48,64.17,6.57,7.1,33.96,1.82,2.31,2.08,1.66,2.3
601211.SH,国泰海通,2421.35,10.75,16.05,1.01,6.59,8.1,,0.73,13.51,80.46,1.6,83.13,1.77,10.01,2.44,1.33,2.18
601881.SH,中国银河,1016.98,10.5,10.95,1.31,7.49,8.77,,0.8,23.15,58.05,-0.36,82.3,1.76,-30.64,1.46,1.2,2.45
002314.SZ,南山控股,35.2,16.19,-6.68,0.78,3.85,3.16,2.27,,0.0,194.72,-7.48,73.92,1.71,扣非亏损,危险信号,10.25,1.42
000776.SZ,广发证券,1140.66,10.37,11.51,1.19,7.11,8.18,,0.45,12.66,65.14,-5.73,83.27,1.68,-2.01,1.62,1.27,2.3
000521.SZ,长虹美菱,55.95,10.11,10.49,1.06,7.34,7.86,2.53,,0.0,-12.47,16.46,72.51,1.64,0.64,2.86,2.57,1.99
000031.SZ,大悦城,138.02,-19.42,-4.61,1.36,-5.52,-5.14,1.43,,0.0,64.8,-5.63,75.39,1.63,扣非亏损,扣非亏损,亏损,0.63
601800.SH,中国交建,1001.17,7.6,7.69,0.47,3.64,4.45,1.19,1.43,21.04,-13.45,3.95,76.2,1.62,1.94,2.11,1.71,2.1
601668.SH,中国建筑,2128.0,4.18,5.35,0.44,7.38,8.03,2.28,,0.0,-4.92,5.12,76.07,1.62,1.05,1.45,1.04,2.31
002926.SZ,华西证券,229.95,16.28,15.26,0.94,4.4,4.41,,0.43,20.0,310.39,-5.55,78.52,1.61,-2.75,3.46,3.69,1.9
301559.SZ,中集环科,16.24,81.59,49.96,2.38,1.66,2.14,1.83,,0.0,-57.39,-3.52,14.43,1.59,-14.2,60.05,76.25,1.61
600048.SH,保利发展,773.29,30.07,-51.94,0.4,0.88,0.98,0.94,,0.0,-76.76,3.97,73.27,1.59,扣非亏损,危险信号,61.37,1.58
601390.SH,中国中铁,1216.44,6.29,7.15,0.46,4.19,5.09,1.28,1.52,19.9,-20.04,2.96,77.88,1.57,2.42,1.71,1.24,2.16
600638.SH,新黄浦,43.43,23.8,35.0,0.94,2.48,3.0,1.27,,0.0,120.08,-4.4,77.15,1.56,-7.96,28.18,15.86,1.6
601995.SH,中金公司,998.97,18.84,17.73,1.69,5.62,6.29,,0.26,11.06,128.46,-10.83,84.6,1.55,-1.64,3.16,3.0,1.87
600958.SH,东方证券,729.02,12.17,16.33,1.05,6.15,6.35,,1.1,30.0,57.63,-6.54,81.95,1.5,-2.5,2.66,1.92,1.88
000783.SZ,长江证券,417.52,9.28,10.97,1.17,8.42,9.23,,,0.0,142.04,-6.45,78.23,1.5,-1.7,2.61,2.01,1.88
000906.SZ,浙商中拓,42.71,17.06,-18.03,0.91,-2.17,3.46,2.14,,0.0,-2090.6,4.3,82.12,1.49,扣非亏损,扣非亏损,9.86,0.49
603202.SH,天有为,30.4,14.08,,2.21,15.08,15.36,12.01,1.09,25.38,,57.7,27.58,1.47,,,0.92,2.56
000002.SZ,万科A,452.78,-1.49,-0.97,0.32,-14.0,-14.81,-1.71,,0.0,-83.07,-7.54,73.51,1.45,扣非亏损,扣非亏损,亏损,0.45
601788.SH,光大证券,630.15,20.83,20.6,1.24,3.75,4.0,,0.62,34.22,30.99,-15.58,77.68,1.44,-1.32,5.5,5.21,1.62
601588.SH,北辰实业,50.01,-2.18,-1.52,0.84,-25.69,-25.24,-2.86,,0.0,-120.72,-24.92,77.45,1.44,扣非亏损,扣非亏损,亏损,0.44
600927.SH,永安期货,211.93,33.47,33.6,1.61,3.66,3.66,,0.12,16.67,15.35,-16.12,81.41,1.44,-2.08,9.17,9.15,1.54
688459.SH,哈铁科技,17.0,61.66,35.42,1.37,1.55,1.66,1.26,0.31,42.98,8.96,3.5,14.78,1.43,10.12,22.85,37.15,1.47
000686.SZ,东北证券,201.51,14.17,13.76,1.01,5.37,5.47,,1.07,0.0,135.04,-1.37,81.44,1.43,-10.04,5.12,5.18,1.62
601688.SH,华泰证券,1435.78,10.45,11.55,1.03,6.37,7.21,,0.64,18.75,100.04,4.02,79.97,1.42,2.87,1.81,1.45,1.97
600030.SH,中信证券,3135.46,12.36,13.71,1.36,7.56,8.15,,1.01,32.58,37.41,-5.49,84.17,1.41,-2.5,1.81,1.52,1.96
000069.SZ,华侨城A,171.09,-3.42,-1.85,0.43,-8.73,-9.36,-0.73,,0.0,-77.37,-18.32,77.24,1.38,扣非亏损,扣非亏损,亏损,0.38
601061.SH,中信金属,68.11,21.47,24.1,2.82,9.87,10.26,5.88,0.83,0.0,72.06,4.89,55.25,1.38,4.93,4.88,4.19,1.58
601377.SH,兴业证券,555.29,16.52,17.27,0.99,4.14,4.37,,0.67,0.0,92.81,-9.29,78.75,1.37,-1.86,8.34,7.56,1.49
601375.SH,中原证券,146.52,38.0,43.85,1.38,2.7,2.74,,0.19,14.26,168.08,-22.32,74.65,1.36,-1.96,16.25,13.87,1.42
301584.SZ,建发致新,14.65,39.94,,5.89,12.73,14.38,3.53,,0.0,,21.52,83.52,1.33,,,5.55,1.51
002500.SZ,山西证券,210.0,21.52,23.79,1.15,3.88,4.02,,0.83,33.33,34.81,-7.2,77.18,1.33,-3.31,6.14,5.35,1.49
601878.SH,浙商证券,469.73,18.62,18.55,1.29,5.2,5.26,,0.65,0.0,49.75,-1.01,78.55,1.31,-18.44,7.13,7.08,1.45
600827.SH,百联股份,139.11,39.32,145.65,0.78,0.77,1.49,1.03,,0.0,-3.08,-7.22,60.64,1.29,-20.17,376.07,52.78,1.29
603257.SH,中国瑞林,16.26,66.55,,3.21,3.65,4.02,1.52,,0.0,,8.81,54.04,1.28,,,33.11,1.31
600906.SH,财达证券,142.96,24.67,22.32,1.78,5.48,5.41,,0.45,25.0,80.45,3.85,77.32,1.27,5.8,4.08,4.56,1.52
000166.SZ,申万宏源,1111.0,11.55,13.3,1.11,7.36,7.41,,0.66,20.59,112.51,-6.85,80.67,1.27,-1.94,1.81,1.56,1.82
000539.SZ,粤电力A,135.69,35.81,-614.47,1.19,2.2,2.52,1.63,,0.0,-65.68,9.19,79.45,1.26,扣非亏损,危险信号,28.42,1.26
601686.SH,友发集团,92.68,13.86,13.13,1.38,6.07,7.41,2.46,4.78,0.0,1309.88,-6.28,71.44,1.25,-2.09,4.33,3.74,1.48
600339.SH,中油工程,246.22,35.28,116.68,0.92,1.78,1.96,0.94,0.39,15.44,-20.65,2.59,78.38,1.25,45.1,65.62,18.0,1.27
600057.SH,厦门象屿,182.68,11.39,19.53,1.53,4.23,7.83,2.72,1.17,0.0,302.47,-6.16,71.55,1.25,-3.17,9.23,2.91,1.36
000090.SZ,天健集团,74.55,277.79,25.02,0.66,0.01,-0.07,0.48,,0.0,-99.58,-1.71,76.5,1.24,-14.59,5686.78,-7936.84,1.24
000402.SZ,金融街,81.89,-4.55,-0.95,0.35,-5.05,-5.57,-0.21,,0.0,52.87,-0.69,77.11,1.24,扣非亏损,扣非亏损,亏损,0.24
603049.SH,中策橡胶,45.0,9.61,,1.86,16.49,16.91,8.22,,0.0,,8.7,52.73,1.24,,,1.14,2.12
601669.SH,中国电建,939.84,12.43,12.76,0.86,3.88,4.98,1.51,,0.0,-17.53,3.89,80.19,1.23,3.28,6.58,4.99,1.39
600109.SH,国金证券,326.81,14.42,13.62,0.94,4.79,4.94,,,0.0,94.1,-1.54,75.95,1.19,-8.82,5.69,5.84,1.37
600742.SH,富维股份,77.87,14.88,14.73,0.9,4.26,4.58,2.8,4.2,78.45,7.22,-1.41,56.07,1.19,-10.48,3.45,3.25,1.47
301491.SZ,汉桑科技,15.77,34.15,,3.4,9.86,11.68,7.3,,0.0,,17.15,27.99,1.18,,,5.85,1.35
601901.SH,方正证券,610.0,12.04,13.14,1.21,7.66,7.67,,0.91,21.03,95.91,-3.28,80.39,1.16,-4.01,1.71,1.57,1.74
301656.SZ,联合动力,42.44,57.91,,6.61,10.48,15.01,3.72,,0.0,,77.41,61.94,1.15,,,7.72,1.28
600376.SH,首开股份,144.46,-3.49,-2.1,2.22,-23.66,-19.77,0.13,,0.0,28.92,-26.32,76.83,1.15,扣非亏损,扣非亏损,亏损,0.15
000498.SZ,山东路桥,91.02,5.19,4.45,0.61,5.44,6.72,1.56,0.58,4.38,2.57,4.68,76.28,1.15,0.95,0.82,0.77,2.37
000550.SZ,江铃汽车,92.8,15.47,20.92,1.37,4.14,6.58,3.38,,0.0,-56.95,3.78,65.33,1.15,5.53,10.1,4.7,1.25
600861.SH,北京人力,61.91,7.12,16.91,1.34,6.35,14.68,9.9,,0.0,7.94,0.06,49.91,1.15,306.74,5.33,0.97,1.33
000404.SZ,长虹华意,50.85,10.09,12.81,1.2,7.81,9.08,4.35,,0.0,-5.59,-3.17,62.83,1.14,-4.04,3.28,2.22,1.44
600104.SH,上汽集团,1681.76,15.57,253.37,0.57,2.44,2.77,1.6,,0.0,578.58,-6.61,62.3,1.13,-38.31,207.53,11.24,1.14
301260.SZ,格力博,32.93,-65.55,-218.55,1.74,-1.72,-2.02,-1.61,,0.0,-454.03,3.42,57.22,1.13,扣非亏损,扣非亏损,亏损,0.13
601066.SH,中信建投,1490.11,18.83,17.75,2.17,6.34,7.99,,0.62,31.73,65.28,-10.83,82.52,1.12,-1.64,2.8,2.36,1.47
688755.SH,汉邦科技,7.06,71.57,,2.91,3.14,3.86,2.25,0.25,25.0,,30.14,34.37,1.11,,,18.54,1.16
600729.SH,重庆百货,45.02,7.8,8.06,1.31,12.41,12.76,5.68,0.61,9.03,5.68,-6.48,58.79,1.1,-1.24,0.65,0.61,2.64
688428.SH,诺诚健华,62.42,-477.9,-133.06,6.16,-2.02,-0.96,-1.47,,0.0,49.32,4.91,29.88,1.09,扣非亏损,扣非亏损,亏损,0.09
301287.SZ,康力源,7.31,37.84,33.74,2.47,3.88,4.89,3.22,0.43,40.91,8.63,-0.15,29.06,1.09,-227.24,8.7,7.74,1.21
600999.SH,招商证券,1186.04,11.75,11.49,1.18,6.69,7.18,,0.72,21.25,24.02,-8.72,81.93,1.08,-1.32,1.72,1.64,1.66
601318.SH,中国平安,6523.96,6.26,7.51,1.12,14.84,13.7,,1.39,24.55,26.87,3.49,89.94,1.08,2.15,0.51,0.46,3.05
600704.SH,物产中大,290.62,7.14,9.78,0.71,5.79,7.38,3.46,1.8,0.0,23.57,2.15,73.11,1.07,4.54,3.38,1.94,1.37
000728.SZ,国元证券,347.36,12.93,12.91,0.93,5.42,5.37,,0.96,25.0,29.34,9.96,79.68,1.07,1.3,2.38,2.41,1.48
001979.SZ,招商蛇口,807.75,26.0,31.63,0.87,1.82,2.26,0.95,,0.0,17.11,3.93,67.79,1.05,8.04,34.72,23.01,1.08
603014.SH,威高血净,15.57,36.35,,2.37,5.3,5.44,5.26,0.4,27.17,,7.61,17.55,1.05,,,6.68,1.2
000042.SZ,中洲控股,56.78,69.31,-4.07,1.72,1.03,1.88,1.25,,0.0,107.83,-18.01,91.07,1.05,扣非亏损,危险信号,73.74,0.92
000789.SZ,万年青,45.85,459.4,-116.04,0.71,-0.57,0.11,0.64,,0.0,-30.76,-25.08,37.07,1.05,扣非亏损,扣非亏损,8352.68,0.05
002736.SZ,国信证券,1173.68,10.26,10.04,1.29,7.43,9.05,,0.76,0.0,88.02,-2.6,77.3,1.04,-3.86,2.7,2.27,1.41
600383.SH,金地集团,139.95,-2.34,-2.38,0.26,-7.3,-7.9,-1.16,,0.0,-56.05,-6.74,63.57,1.02,扣非亏损,扣非亏损,亏损,0.02
600853.SH,龙建股份,44.1,12.88,10.31,1.29,6.61,6.71,1.46,,0.0,11.86,6.43,81.38,1.01,1.6,3.12,3.84,1.33
001236.SZ,弘业期货,76.04,3627.75,692.0,5.41,0.11,0.11,,,0.0,-85.82,22.78,85.1,1.01,30.37,13130.91,65959.12,1.01
600820.SH,隧道股份,210.34,13.04,9.17,0.68,2.67,3.61,1.58,1.23,38.1,-24.26,0.08,75.62,1.0,112.07,3.44,3.61,1.29
603418.SH,友升股份,22.18,22.13,,2.4,11.29,16.78,8.3,,0.0,,38.37,30.53,0.99,,,2.64,1.37
601696.SH,中银证券,377.53,33.15,35.75,2.02,4.46,4.64,,0.14,10.2,35.05,-4.55,79.44,0.99,-7.86,8.02,7.14,1.12
002589.SZ,瑞康医药,43.15,293.83,-36.57,0.89,0.12,0.22,0.69,,0.0,184.63,-25.71,64.42,0.98,扣非亏损,危险信号,2671.23,0.98
002244.SZ,滨江集团,291.15,10.56,10.13,1.14,8.36,8.34,2.59,,0.0,60.38,25.73,76.43,0.98,0.39,2.42,2.53,1.39
002061.SZ,浙江交科,110.2,11.9,12.63,0.72,4.5,4.61,1.45,,0.0,-15.17,1.19,76.03,0.98,10.62,5.61,5.16,1.16
000709.SZ,河钢股份,272.85,24.87,64.7,0.53,0.75,1.3,1.78,,0.0,59.39,-6.49,74.84,0.98,-9.96,173.01,38.26,0.98
600390.SH,五矿资本,250.99,24.96,126.91,0.59,1.9,1.28,0.78,0.11,7.5,-25.66,2.2,65.08,0.96,57.81,66.95,19.5,0.98
002761.SZ,浙江建投,92.28,56.17,-19036.87,1.7,0.8,1.31,0.17,,0.0,-53.17,-5.19,91.91,0.96,扣非亏损,危险信号,85.75,0.96
601992.SH,金隅集团,160.02,-10.79,-5.11,0.5,-4.64,-1.97,0.52,,0.0,-51.89,-3.1,66.33,0.95,扣非亏损,扣非亏损,亏损,-0.05
600266.SH,城建发展,112.3,11.01,-10.06,0.58,1.06,3.22,1.57,,0.0,222.16,3.14,76.88,0.95,扣非亏损,危险信号,6.84,0.9
605158.SH,华达新材,40.96,45.74,29.52,1.66,2.03,2.69,0.55,,0.0,-55.71,-6.6,70.59,0.95,-4.47,29.02,34.01,0.98
601456.SH,国联民生,411.94,22.79,31.15,1.03,4.88,3.74,,,0.0,348.81,-2.71,72.26,0.94,-11.5,12.76,12.19,1.02
000750.SZ,国海证券,235.33,27.57,25.98,1.15,3.15,3.16,,0.28,20.0,290.84,-4.51,68.74,0.93,-5.76,8.24,8.72,1.06
601555.SH,东吴证券,461.59,11.8,13.34,1.09,6.96,6.93,,1.52,35.38,59.98,7.75,80.26,0.93,1.72,1.92,1.7,1.45
600606.SH,绿地控股,230.49,-2.58,-1.14,0.4,-9.95,-11.04,-0.17,,0.0,-1584.98,-23.49,89.52,0.93,扣非亏损,扣非亏损,亏损,-0.07
600858.SH,银座股份,31.21,26.69,-530.24,1.15,1.7,3.28,3.12,0.24,7.49,-29.19,-1.45,76.24,0.91,扣非亏损,危险信号,8.14,0.91
002961.SZ,瑞达期货,124.48,24.2,25.15,4.16,12.78,12.64,,0.66,35.29,45.29,12.15,84.6,0.9,2.07,1.97,1.91,1.41
000039.SZ,中集集团,282.61,31.72,20.61,1.36,2.79,3.13,2.84,,0.0,-14.01,5.26,60.62,0.89,3.92,14.77,20.27,0.96
001386.SZ,马可波罗,22.02,18.98,,2.51,9.58,10.42,8.48,1.32,0.0,,-7.47,28.32,0.89,,,3.64,1.16
601618.SH,中国中冶,590.92,12.96,27.1,0.66,1.97,2.56,0.97,,0.0,-45.74,4.15,78.71,0.87,6.54,27.46,10.12,0.91
600814.SH,杭州解百,59.47,23.69,31.3,1.59,4.85,5.1,4.69,0.51,19.52,-20.09,-6.07,43.86,0.87,-5.16,6.46,4.65,1.03
601919.SH,中远海控,1981.37,6.69,6.37,1.04,11.55,11.37,6.9,3.69,50.0,-29.15,-1.55,43.46,0.87,-4.11,0.55,0.59,2.68
600720.SH,中交设计,74.47,16.88,11.83,1.11,4.53,4.94,2.74,,0.0,-22.95,-0.63,48.5,0.86,-18.78,5.23,6.84,1.05
002939.SZ,长城证券,338.29,14.72,15.71,1.2,6.26,6.26,,0.75,22.35,76.44,-10.43,76.4,0.86,-1.51,2.51,2.35,1.26
600621.SH,华鑫股份,163.17,24.21,29.86,1.82,5.61,5.8,,0.26,18.57,61.79,-41.51,84.5,0.86,-0.72,5.32,4.17,1.05
001285.SZ,瑞立科密,21.74,30.47,,2.61,8.3,13.06,6.54,,0.0,,13.65,25.04,0.85,,,4.67,1.06
600675.SH,中华企业,168.69,35.96,38.36,1.15,2.21,2.42,3.04,,0.0,158.25,98.42,66.03,0.85,0.39,34.73,29.72,0.88
600649.SH,城投控股,122.22,31.98,18.83,0.58,1.45,1.37,1.35,,0.0,227.56,63.64,74.45,0.84,0.3,25.97,46.69,0.88
002091.SZ,江苏国泰,151.38,12.37,14.33,0.98,5.53,5.87,4.85,1.88,0.0,3.07,0.08,49.6,0.82,171.17,5.18,4.22,1.01
002183.SZ,怡亚通,134.0,285.57,342.1,1.45,-0.23,0.38,1.42,,0.0,-166.39,4.8,80.49,0.82,71.25,-3003.55,1502.97,0.82
600909.SH,华安证券,308.49,12.29,13.93,1.32,8.14,8.16,,0.59,18.18,64.68,10.23,77.73,0.81,1.36,1.71,1.51,1.4
601108.SH,财通证券,385.43,14.19,13.41,1.04,5.43,5.51,,0.69,0.0,44.37,2.27,74.78,0.8,5.92,4.94,5.15,1.0
601811.SH,新华文轩,108.17,12.94,10.08,1.12,6.35,6.59,3.67,1.42,27.54,1.57,5.65,38.15,0.8,1.78,1.59,1.96,1.43
600612.SH,老凤祥,134.23,11.55,16.06,1.72,10.05,11.15,10.77,0.74,14.15,-24.99,0.08,39.25,0.8,206.4,1.6,1.04,1.42
002746.SZ,仙坛股份,45.99,21.66,20.7,1.22,3.6,4.16,2.51,1.65,62.93,189.15,19.63,39.24,0.79,1.05,5.75,5.21,0.96
000928.SZ,中钢国际,102.58,13.84,14.29,1.21,6.56,6.47,2.52,,0.0,-5.02,8.61,66.04,0.79,1.66,4.36,4.28,1.02
301575.SZ,艾芬达,8.57,33.18,,3.11,8.97,9.16,7.11,,0.0,,10.21,28.29,0.78,,,7.24,0.91
001333.SZ,光华股份,11.97,33.1,29.58,2.03,4.24,4.63,3.48,,0.0,-23.85,9.62,38.81,0.77,3.08,13.97,14.3,0.84
001221.SZ,悍高集团,23.49,40.48,,9.52,21.3,23.01,16.48,0.62,0.0,,25.2,35.65,0.77,,,3.52,1.05
600569.SH,安阳钢铁,77.84,100.08,-7.32,2.85,1.0,2.16,1.47,,0.0,101.21,-15.87,89.48,0.77,扣非亏损,危险信号,92.67,0.7
300621.SZ,维业股份,18.57,-144.16,-67.82,2.22,-2.0,-1.14,1.08,,0.0,-222.54,9.4,94.27,0.76,扣非亏损,扣非亏损,亏损,-0.24
601607.SH,上海医药,482.25,9.34,20.83,0.85,3.66,6.96,4.11,0.67,10.0,-26.79,8.48,62.14,0.76,2.46,5.69,1.34,0.94
301632.SZ,广东建科,17.0,476.15,,3.64,0.54,0.71,0.1,,0.0,,1.44,21.04,0.76,,,1341.28,0.76
603373.SH,安邦护卫,18.71,36.91,34.91,2.45,4.81,5.0,7.27,0.53,37.74,6.55,6.55,24.81,0.76,5.33,7.26,7.38,0.9
600155.SH,华创云信,150.52,55.16,48.04,0.75,0.97,1.03,,,0.0,39.89,-0.85,64.72,0.76,-56.52,99.11,107.1,0.77
002301.SZ,齐心集团,51.98,27.9,142.85,1.66,4.33,4.46,1.33,0.91,58.33,-14.43,12.02,64.21,0.75,11.88,33.01,6.25,0.78
920029.BJ,开发科技,33.33,16.27,17.37,3.36,20.37,17.77,14.55,,0.0,22.62,26.28,21.03,0.75,0.66,1.71,1.83,1.34
002024.SZ,ST易购,139.74,143.08,-6.47,1.11,-15.79,0.59,1.92,,0.0,-135.3,-23.4,90.14,0.75,扣非亏损,扣非亏损,485.03,-0.25
600665.SH,天地源,30.42,-10.39,-2.24,1.15,-8.55,-7.94,0.37,,0.0,-2626.23,18.15,85.82,0.75,扣非亏损,扣非亏损,亏损,-0.25
000797.SZ,中国武夷,47.43,-24.1,-22.52,0.94,-2.98,-2.88,-0.09,,0.0,-326.5,-4.78,76.8,0.75,扣非亏损,扣非亏损,亏损,-0.25
301598.SZ,博科测试,10.94,35.32,32.66,3.88,7.87,7.9,3.94,1.12,86.01,17.35,8.42,52.44,0.74,3.88,4.15,4.47,0.98
300616.SZ,尚品宅配,20.35,-27.82,-15.85,0.94,-2.78,-2.42,-0.97,,0.0,31.75,-19.26,56.35,0.74,扣非亏损,扣非亏损,亏损,-0.26
003038.SZ,鑫铂股份,26.61,448.99,-239.31,1.32,-1.23,0.22,0.4,,0.0,-130.82,49.95,72.64,0.74,扣非亏损,扣非亏损,4081.71,-0.26
920015.BJ,锦华新材,17.29,30.51,31.86,4.0,12.5,16.53,10.13,,0.0,-6.78,3.18,21.46,0.74,10.03,5.1,3.69,0.93
000712.SZ,锦龙股份,100.14,49.37,-180.7,3.95,-2.74,6.15,,,0.0,17.98,49.11,80.12,0.73,扣非亏损,扣非亏损,16.06,-0.27
600369.SH,西南证券,289.73,30.79,32.79,1.12,2.64,2.72,,0.45,16.67,39.64,-0.6,73.14,0.73,-55.08,12.4,11.32,0.81
600835.SH,上海机电,198.24,26.75,35.93,1.8,4.73,5.05,2.56,0.67,41.67,-4.71,-5.76,51.72,0.72,-6.24,7.6,5.3,0.86
300737.SZ,科顺股份,58.09,271.45,-23.11,1.61,-1.22,0.42,0.57,0.91,125.0,-1624.52,-3.92,69.17,0.72,扣非亏损,扣非亏损,646.3,-0.28
600657.SH,信达地产,92.69,-1.31,-1.55,0.5,-24.89,-25.06,-6.09,,0.0,-4963.95,-28.19,70.83,0.71,扣非亏损,扣非亏损,亏损,-0.29
600864.SH,哈投股份,134.4,18.52,22.53,1.02,3.99,4.16,1.54,,0.0,161.12,1.81,72.17,0.71,12.47,11.29,8.9,0.8
605166.SH,聚合顺,34.97,18.79,17.48,1.79,6.91,7.14,2.38,,0.0,-40.29,9.8,61.84,0.71,1.78,5.06,5.26,0.91
600380.SH,健康元,204.9,14.08,15.71,1.38,7.2,7.46,7.22,,0.0,-1.42,-0.42,33.13,0.71,-37.02,4.37,3.78,0.94
002996.SZ,顺博合金,32.5,16.41,26.74,1.67,5.68,7.55,2.69,,0.0,133.71,11.93,77.96,0.7,2.24,9.42,4.35,0.8
688729.SH,屹唐股份,50.76,101.5,,7.94,5.61,7.41,4.97,,0.0,,15.78,24.48,0.69,,,27.4,0.72
600662.SH,外服控股,124.98,18.04,29.21,2.49,7.31,10.16,4.53,,0.0,-6.96,25.04,63.55,0.68,1.17,7.99,3.55,0.81
601868.SH,中国能建,1212.83,37.05,24.73,1.42,2.24,2.68,1.43,,0.0,-7.76,10.68,77.83,0.68,2.31,22.11,27.65,0.73
600998.SH,九州通,267.76,10.17,16.19,1.01,5.3,7.3,3.16,,0.0,-9.8,7.58,68.77,0.67,2.13,6.11,2.79,0.84
600710.SH,苏美达,176.15,11.97,14.79,2.14,13.26,14.0,5.82,,0.0,16.43,-11.32,73.86,0.67,-1.31,2.23,1.71,1.12
000913.SZ,钱江摩托,73.52,19.62,21.19,1.78,5.78,6.61,2.66,3.24,97.48,-37.67,13.21,55.18,0.67,1.6,3.66,2.97,0.94
600755.SH,厦门国贸,137.52,17.92,-13.52,0.7,-1.51,1.11,1.56,1.39,0.0,31.86,-7.43,71.3,0.67,扣非亏损,扣非亏损,32.28,-0.33
601801.SH,皖新传媒,132.94,10.43,17.42,1.09,6.59,8.0,4.44,1.52,0.0,0.76,2.53,37.83,0.67,6.89,5.29,2.61,0.86
920112.BJ,巴兰仕,8.51,19.37,21.86,3.4,16.76,20.51,16.15,1.32,0.0,14.41,14.36,19.96,0.67,1.52,2.61,1.89,1.05
600741.SH,华域汽车,597.76,9.56,10.09,0.92,6.71,7.35,3.39,,0.0,4.07,6.59,65.41,0.67,1.53,3.01,2.6,1.0
000910.SZ,大亚圣象,40.93,41.97,78.54,0.61,0.91,1.09,0.56,,0.0,-48.63,-15.08,29.54,0.67,-5.21,172.45,77.0,0.67
600335.SH,国机汽车,95.43,19.82,23.89,0.82,2.92,3.13,1.29,0.46,21.1,62.3,-1.14,68.87,0.67,-21.02,8.2,6.33,0.79
603341.SH,龙旗科技,110.4,32.04,67.03,3.78,4.77,8.94,1.92,,0.0,-18.35,27.52,78.98,0.67,2.44,28.08,7.17,0.7
000016.SZ,深康佳A,52.69,-6.07,-2.64,6.28,-83.72,-53.45,-1.83,,0.0,11.4,-39.05,96.78,0.66,扣非亏损,扣非亏损,亏损,-0.34
688570.SH,天玛智控,35.34,77.35,65.21,1.9,1.54,1.83,1.22,,0.0,-73.7,7.72,25.78,0.66,8.44,84.63,84.53,0.67
601238.SH,广汽集团,581.1,-13.96,-11.06,0.73,-4.25,-3.84,-2.93,,0.0,-155.3,15.33,45.32,0.65,扣非亏损,扣非亏损,亏损,-0.35
301665.SZ,泰禾股份,11.71,28.12,,3.92,11.09,11.05,10.33,0.71,46.51,,9.28,36.24,0.65,,,2.55,1.05
600623.SH,华谊集团,217.32,46.8,84.5,1.11,1.62,1.59,1.25,,0.0,-24.59,4.15,58.3,0.65,20.35,104.03,58.87,0.66
002673.SZ,西部证券,343.26,20.7,18.08,1.16,4.2,4.25,,0.38,5.69,71.81,1.95,72.96,0.65,9.25,4.3,4.87,0.88
603075.SH,热威股份,9.33,27.74,29.57,4.35,11.49,11.69,8.87,,0.0,9.93,2.58,30.53,0.65,11.45,5.15,4.75,0.84
301668.SZ,昊创瑞通,12.81,49.7,,5.85,12.29,19.11,10.53,1.04,0.0,,32.03,19.01,0.64,,,5.2,0.84
002670.SZ,国盛证券,250.16,92.4,94.07,2.64,2.14,2.16,1.0,,0.0,210.57,46.41,76.83,0.64,2.03,88.0,85.55,0.66
688317.SH,之江生物,38.2,-97.52,-26.13,1.13,-1.06,-0.84,-1.53,,0.0,-92.97,-35.95,8.79,0.64,扣非亏损,扣非亏损,亏损,-0.36
600682.SH,南京新百,83.58,34.1,57.22,0.55,1.02,1.2,1.44,,0.0,-21.28,1.62,26.47,0.64,35.38,112.73,56.84,0.65
600736.SH,苏州高新,74.26,20.0,-28.57,0.99,-1.03,2.74,0.99,,0.0,69.46,-14.73,77.4,0.64,扣非亏损,扣非亏损,14.6,-0.36
920018.BJ,宏远股份,14.73,43.06,46.97,4.67,8.39,12.03,5.51,0.37,0.0,-1.54,28.14,55.52,0.64,1.67,11.2,7.16,0.73
301638.SZ,南网数字,74.86,480.46,132.45,12.62,1.9,1.97,1.79,,0.0,393.62,9.14,35.06,0.64,14.49,139.51,487.78,0.64
601990.SH,南京证券,280.9,27.54,27.53,1.87,5.08,5.07,,0.63,29.41,31.69,7.89,78.13,0.63,3.49,5.42,5.43,0.82
601098.SH,中南传媒,199.89,12.81,11.24,1.27,7.33,7.45,4.48,0.89,17.54,24.35,5.76,38.3,0.63,1.95,1.53,1.72,1.28
000900.SZ,现代投资,66.17,11.45,18.87,0.59,3.38,3.54,2.2,,0.0,6.37,-17.7,76.0,0.63,-1.07,11.16,6.47,0.72
920005.BJ,鼎佳精密,8.46,45.1,46.11,4.73,9.79,11.25,7.9,1.47,0.0,23.56,2.22,21.55,0.63,20.79,9.42,8.02,0.73
603205.SH,健尔康,11.2,41.5,43.06,2.9,5.01,5.3,5.02,,0.0,-19.09,11.84,11.53,0.63,3.64,17.18,15.66,0.68
000800.SZ,一汽解放,340.03,68.53,-43.3,1.29,-0.57,1.41,-0.45,,0.0,-328.1,-1.13,64.91,0.63,扣非亏损,扣非亏损,97.21,-0.37
601162.SH,天风证券,340.48,195.39,55.24,1.45,0.63,0.59,,,0.0,129.33,5.65,69.81,0.62,9.77,174.83,662.34,0.63
001391.SZ,国货航,86.6,28.43,26.39,2.67,7.07,7.19,8.52,,0.0,64.05,-0.81,10.19,0.62,-32.55,7.46,7.91,0.76
600496.SH,精工钢构,86.77,11.04,17.16,0.94,5.38,6.46,2.72,,0.0,14.89,6.74,64.76,0.62,2.55,6.38,3.42,0.78
601789.SH,宁波建工,73.79,42.56,41.9,2.28,3.35,3.7,1.2,,0.0,-15.92,-0.29,83.56,0.62,-145.39,24.98,23.0,0.66
000719.SZ,中原传媒,85.93,13.24,8.8,1.13,6.37,6.46,3.93,,0.0,50.59,2.11,38.14,0.62,4.17,2.76,4.1,0.98
301371.SZ,敷尔佳,18.62,28.72,33.83,2.23,4.51,5.76,6.79,,0.0,-48.2,6.95,3.6,0.62,4.87,15.01,9.97,0.68
000625.SZ,长安汽车,894.5,26.33,36.67,1.39,2.63,3.96,0.22,0.42,21.74,20.08,15.23,57.55,0.62,2.41,13.96,6.65,0.69
301329.SZ,信音电子,14.06,60.92,60.34,2.57,2.87,3.11,2.87,0.49,60.53,-9.58,-5.97,16.68,0.62,-10.11,21.04,19.59,0.66
002483.SZ,润邦股份,69.93,23.44,16.11,1.6,4.99,5.09,2.74,,0.0,-1.49,29.27,60.16,0.62,0.55,6.46,9.21,0.77
601117.SH,中国化学,617.33,10.97,10.96,0.94,6.28,6.62,2.37,1.33,19.61,3.43,10.72,70.14,0.62,1.02,1.75,1.66,1.19
002789.SZ,*ST建艺,17.07,-3.81,-1.46,-1.52,,,-1.9,,0.0,-1845.82,66.1,110.02,0.61,扣非亏损,,,-10.0
002075.SZ,沙钢股份,118.69,38.52,62.9,1.8,2.42,3.56,1.94,0.43,35.26,1934.69,-8.29,57.6,0.61,-7.59,26.04,10.82,0.65
301295.SZ,美硕科技,10.33,129.71,181.22,3.71,2.11,2.14,0.76,,0.0,-24.25,3.68,27.19,0.61,49.25,171.82,121.22,0.61
002307.SZ,北新路桥,65.95,-65.48,-14.89,2.9,-2.93,-2.67,1.42,,0.0,-754.24,-4.07,88.59,0.6,扣非亏损,扣非亏损,亏损,-0.4
600694.SH,大商股份,60.95,10.27,13.43,0.69,4.64,5.07,4.31,,0.0,-16.93,-5.83,47.6,0.6,-2.3,5.78,4.05,0.78
002918.SZ,蒙娜丽莎,27.83,49.74,111.06,1.63,2.03,2.41,2.27,,0.0,-44.8,-12.53,50.54,0.6,-8.87,109.64,41.28,0.61
600708.SH,光明地产,88.12,-9.56,-3.64,0.97,-7.41,-7.3,-0.34,,0.0,-36.5,-39.84,83.45,0.6,扣非亏损,扣非亏损,亏损,-0.4
600373.SH,中文传媒,121.53,22.82,-102.17,0.7,-0.64,2.27,1.58,,0.0,-116.46,-6.84,36.29,0.6,扣非亏损,扣非亏损,20.11,-0.4
000701.SZ,厦门信达,40.2,454.6,-4.53,-7.95,-5.65,-18.14,1.66,,0.0,55.96,-25.36,80.56,0.6,扣非亏损,扣非亏损,强烈警报,-0.4
603082.SH,北自科技,15.2,38.79,38.27,3.82,7.37,7.41,3.0,,0.0,-3.68,15.61,62.83,0.59,2.45,10.39,10.47,0.69
688472.SH,阿特斯,211.18,43.3,39.06,2.43,4.83,4.28,1.64,,0.0,-40.59,22.54,65.96,0.59,1.73,16.18,20.23,0.65
301658.SZ,首航新能,20.74,136.33,,6.57,5.15,3.8,-0.72,,0.0,,33.51,35.59,0.59,,,71.75,0.6
688137.SH,近岸蛋白,13.55,-75.63,-40.6,1.4,-1.56,-1.38,-2.74,,0.0,0.21,-27.15,5.23,0.59,扣非亏损,扣非亏损,亏损,-0.41
002387.SZ,维信诺,118.71,-5.49,-4.19,2.96,-35.49,-34.25,-3.54,,0.0,13.62,11.12,84.36,0.59,扣非亏损,扣非亏损,亏损,-0.41
002116.SZ,中国海诚,52.01,16.79,17.09,1.99,7.69,9.05,3.79,,0.0,-2.17,9.16,59.66,0.59,1.87,4.45,3.71,0.81
601133.SH,柏诚股份,23.42,46.7,46.81,2.83,4.34,4.54,3.13,0.32,31.25,-17.91,25.58,45.52,0.59,1.83,10.78,10.29,0.68
600362.SH,江西铜业,1052.98,21.88,20.49,2.15,7.84,7.55,4.06,0.73,33.06,6.2,5.65,60.88,0.59,3.63,2.61,2.9,0.97
600758.SH,辽宁能源,55.6,-41.42,169.28,1.0,-1.56,-1.83,0.4,,0.0,-165.58,-1.6,57.24,0.58,-105.96,困境反转,亏损,0.61
600939.SH,重庆建工,62.78,-7.53,-5.39,0.84,-8.64,-7.93,-0.01,,0.0,-338.69,-21.02,91.03,0.58,扣非亏损,扣非亏损,亏损,-0.42
600482.SH,中国动力,745.12,46.28,43.57,1.86,2.71,3.04,2.33,0.39,19.9,79.9,14.3,53.8,0.58,3.05,16.07,15.22,0.64
000639.SZ,西王食品,30.76,1038.42,-6.15,1.06,0.24,0.08,1.63,,0.0,-90.48,-7.82,45.23,0.58,扣非亏损,危险信号,25960.47,0.56
688347.SH,华虹公司,485.71,617.83,-841581.0,4.65,0.5,0.57,-0.42,,0.0,-52.84,14.42,28.36,0.58,扣非亏损,危险信号,2167.81,0.58
002647.SZ,*ST仁东,67.37,31.25,263.4,20.0,,,7.74,,0.0,135.62,-10.36,86.42,0.58,-25.42,,,
600727.SH,鲁北化工,43.71,75.56,55.74,1.36,1.27,1.36,1.74,,0.0,-82.46,8.38,59.16,0.58,6.65,88.1,111.12,0.59
002459.SZ,晶澳科技,421.15,-8.9,-5.92,1.86,-13.52,-13.78,-3.41,,0.0,-480.95,24.81,77.9,0.58,扣非亏损,扣非亏损,亏损,-0.42
600925.SH,苏能股份,79.02,135.24,93.74,2.2,1.13,1.18,1.99,,0.0,-85.62,9.0,55.48,0.57,10.41,165.64,229.21,0.58
001367.SZ,海森药业,9.09,29.66,30.25,2.44,6.11,6.35,6.42,,0.0,-1.56,7.11,8.69,0.57,4.25,9.91,9.34,0.67
688783.SH,西安奕材,38.41,-126.66,-130.1,11.66,-6.84,-6.72,-2.49,,0.0,6.34,163.99,53.39,0.57,扣非亏损,扣非亏损,亏损,-0.43
603344.SH,星德胜,15.49,31.27,30.26,2.65,6.19,6.48,5.02,,0.0,-3.06,3.78,31.47,0.57,8.0,9.78,9.65,0.67
000860.SZ,顺鑫农业,104.81,102.11,-197.04,1.5,1.18,1.1,1.25,,0.0,-78.32,-14.87,45.62,0.57,扣非亏损,危险信号,185.66,0.56
000631.SZ,顺发恒能,90.85,113.15,236.23,1.55,0.31,1.03,1.25,,0.0,-4.75,185.01,21.65,0.56,1.28,1513.32,219.71,0.57
603370.SH,华新精科,16.49,45.61,,4.33,9.21,11.39,6.34,,0.0,,20.0,28.49,0.56,,,8.01,0.69
920020.BJ,泰凯英,9.32,22.01,23.41,4.63,16.46,17.11,9.18,,0.0,10.55,15.6,53.82,0.56,1.5,2.84,2.57,0.91
002423.SZ,中粮资本,247.69,18.12,26.11,1.11,4.49,4.73,1.38,,0.0,-56.34,-47.62,80.6,0.56,-0.55,11.64,7.66,0.65
601369.SH,陕鼓动力,196.38,24.09,21.47,2.26,6.76,6.83,2.94,1.6,66.67,-4.16,-0.18,61.4,0.56,-116.03,3.18,3.53,0.87
600037.SH,歌华有线,109.12,4767.22,-85.35,0.86,-0.41,0.01,-0.26,,0.0,-125.37,-3.18,19.51,0.56,扣非亏损,扣非亏损,953443.44,-0.44
600839.SH,四川长虹,446.73,33.25,103.44,2.89,1.3,6.67,2.67,,0.0,7.34,1.53,73.66,0.56,67.46,159.07,9.97,0.56
601006.SH,大秦铁路,1075.86,12.96,16.17,0.65,3.85,3.82,4.33,1.55,38.1,-27.8,-1.55,14.02,0.55,-10.41,4.2,3.39,0.79
603382.SH,海阳科技,10.97,44.19,,3.16,6.1,6.57,3.33,0.62,34.48,,12.98,47.27,0.55,,,6.73,0.7
600540.SH,新赛股份,31.39,-49.83,-10.49,7.2,-16.39,-10.23,-0.29,,0.0,0.97,20.84,89.89,0.55,扣非亏损,扣非亏损,亏损,-0.45
688657.SH,浩辰软件,19.74,56.87,52.18,2.24,2.55,2.95,2.02,,0.0,20.73,7.13,6.31,0.55,7.32,40.99,38.55,0.58
600278.SH,东方创业,68.88,28.7,66.82,0.89,2.16,2.36,1.85,0.38,0.0,-6.51,-6.11,52.8,0.55,-10.93,61.74,24.32,0.57
688638.SH,誉辰智能,10.77,-16.32,-13.3,2.67,-11.92,-11.39,-4.1,,0.0,-49.04,31.07,66.19,0.55,扣非亏损,扣非亏损,亏损,-0.45
600971.SH,恒源煤电,95.4,-71.75,156.34,0.8,-0.96,-0.81,0.2,,0.0,-112.27,2.19,44.21,0.55,71.42,困境反转,亏损,0.56
002110.SZ,三钢闽光,106.88,43.59,55.41,0.54,0.69,0.95,1.02,,0.0,116.87,-9.6,61.52,0.55,-5.77,161.33,91.77,0.56
920703.BJ,广厦环能,11.31,21.59,23.32,2.0,6.1,7.06,6.62,,0.0,-37.87,7.95,17.13,0.55,2.93,7.64,6.12,0.68
600180.SH,瑞茂通,41.73,41.86,-91.75,0.53,0.93,0.95,1.26,0.29,18.94,-73.43,-10.8,74.29,0.55,扣非亏损,危险信号,44.06,0.54
000651.SZ,格力电器,2128.85,7.56,7.32,1.5,14.61,15.16,5.69,2.49,0.0,-2.73,0.42,62.8,0.55,17.37,1.0,1.0,1.54
000597.SZ,东北制药,74.83,32.91,24.79,1.41,2.47,3.22,1.77,,0.0,-4.32,-2.42,58.99,0.55,-10.25,20.05,20.44,0.6
600585.SH,海螺水泥,1013.52,15.97,15.94,0.71,3.14,3.33,2.98,1.1,28.92,21.69,-16.7,20.59,0.55,-0.95,5.08,4.8,0.74
600894.SH,广日股份,79.26,15.09,15.13,0.93,3.84,4.54,2.52,1.08,38.79,-38.82,-2.07,38.23,0.54,-7.32,3.94,3.32,0.8
002051.SZ,中工国际,113.84,34.59,42.71,0.98,2.05,2.14,1.31,,0.0,0.61,12.82,53.68,0.54,3.33,41.74,32.33,0.57
600512.SH,腾达建设,41.11,19.66,182.49,0.66,2.51,2.52,1.53,,0.0,-6.1,-18.2,40.88,0.54,-10.03,145.46,15.6,0.55
600997.SH,开滦股份,109.08,44.23,44.28,0.78,0.91,1.31,1.26,,0.0,-79.54,-2.4,43.06,0.54,-18.43,97.27,67.52,0.55
601008.SH,连云港,63.64,44.95,46.97,1.54,2.4,2.59,2.42,,0.0,-19.96,4.89,60.15,0.54,9.61,39.08,34.71,0.56
002758.SZ,浙农股份,56.43,19.45,13.61,1.18,4.46,4.57,3.41,,0.0,66.16,6.47,63.89,0.53,2.1,6.1,8.51,0.7
300729.SZ,乐歌股份,42.83,20.39,26.61,1.26,3.05,4.68,2.41,,0.0,-19.9,26.23,63.9,0.53,1.01,17.43,8.72,0.59
000626.SZ,远大控股,42.56,99.77,-6.55,1.8,-7.56,1.36,1.42,,0.0,-124.59,2.61,68.91,0.53,扣非亏损,扣非亏损,146.72,-0.47
000950.SZ,重药控股,99.89,19.51,32.84,0.86,3.32,3.35,1.81,0.52,0.0,36.83,9.79,75.67,0.53,3.35,19.8,11.65,0.58
688061.SH,灿瑞科技,15.4,-78.63,-38.15,1.65,-2.39,-1.55,-1.46,,0.0,-16.13,3.8,13.98,0.53,扣非亏损,扣非亏损,亏损,-0.47
600655.SH,豫园股份,193.71,-29.81,-8.11,0.56,-2.72,-1.39,0.24,,0.0,-41.84,-2.35,68.91,0.53,扣非亏损,扣非亏损,亏损,-0.47
688235.SH,百济神州,263.11,232.19,-840.0,12.02,3.62,4.26,3.43,,0.0,124.3,54.79,45.75,0.53,扣非亏损,危险信号,109.01,0.53
601666.SH,平煤股份,224.47,60.2,35.65,0.98,1.26,0.93,1.53,,0.0,-83.54,1.56,63.17,0.53,22.87,56.43,129.45,0.55
600810.SH,神马股份,96.27,-219.63,-55.81,1.43,-0.96,-0.45,0.6,,0.0,-938.39,-2.49,62.49,0.53,扣非亏损,扣非亏损,亏损,-0.47
002513.SZ,蓝丰生化,21.13,-26.68,-18.53,-194.31,-863.53,,-2.58,,0.0,51.38,7.85,95.12,0.53,扣非亏损,扣非亏损,,-0.47
301533.SZ,威马农机,10.09,72.31,65.77,3.08,3.07,3.18,2.44,,0.0,-40.29,7.26,17.85,0.53,9.06,42.79,45.48,0.55
600095.SH,湘财股份,286.49,48.64,57.62,2.34,3.35,3.68,1.54,,0.0,203.07,-40.74,72.49,0.52,-1.41,34.38,26.47,0.55
600981.SH,苏豪汇鸿,74.45,107.62,-58.64,1.47,-0.76,1.03,1.43,,0.0,77.97,4.98,78.87,0.52,扣非亏损,扣非亏损,208.97,-0.48
688298.SH,东方生物,46.73,-16.48,-10.31,0.73,-3.57,-3.26,-3.94,,0.0,33.71,-34.49,13.52,0.52,扣非亏损,扣非亏损,亏损,-0.48
600150.SH,中国船舶,2647.51,33.93,48.29,1.88,4.56,6.2,2.25,,0.0,122.24,10.17,63.88,0.52,4.75,21.16,10.95,0.57
688057.SH,金达莱,36.71,36.48,40.79,1.16,1.89,2.39,1.33,,0.0,-38.51,-22.83,10.2,0.52,-1.79,43.14,30.53,0.54
688623.SH,双元科技,18.97,84.39,117.19,2.78,1.8,2.44,1.69,0.13,20.16,-33.65,15.82,19.67,0.51,7.41,64.92,34.59,0.53
001286.SZ,陕西能源,117.08,12.98,14.32,1.6,9.49,9.47,7.0,,0.0,-2.39,15.33,52.79,0.51,0.93,3.02,2.74,0.84
600123.SH,兰花科创,106.22,757.72,-47.17,0.67,-1.37,0.07,0.19,,0.0,-130.71,-2.82,58.21,0.51,扣非亏损,扣非亏损,21649.07,-0.49
600073.SH,光明肉业,61.61,27.5,-99.3,1.23,2.9,3.39,1.71,,0.0,-50.81,-2.13,50.63,0.51,扣非亏损,危险信号,16.23,0.5
002081.SZ,金螳螂,96.26,19.0,26.71,0.7,2.47,2.78,1.35,,0.0,-14.29,-10.23,58.24,0.51,-2.61,21.64,13.67,0.56
301353.SZ,普莱得,9.34,35.07,52.9,2.22,3.72,4.8,4.03,,0.0,0.34,9.4,15.34,0.51,5.63,28.47,14.61,0.55
301203.SZ,国泰环保,19.16,26.72,29.72,2.45,6.58,6.88,6.66,2.45,0.0,-5.74,-0.91,3.71,0.51,-32.59,9.04,7.77,0.62
301102.SZ,兆讯传媒,46.32,103.9,117.41,1.54,1.0,1.1,0.55,,0.0,-44.02,2.99,26.14,0.51,39.26,233.92,188.9,0.51
000338.SZ,潍柴动力,1245.77,18.32,20.09,2.31,8.82,9.82,3.39,2.08,55.08,3.43,0.83,63.87,0.5,24.1,2.28,1.87,0.94
000513.SZ,丽珠集团,197.25,13.18,14.97,2.21,12.31,12.49,9.42,,0.0,4.98,-0.62,37.37,0.5,-24.14,2.43,2.11,0.91
300577.SZ,开润股份,28.6,13.04,14.98,2.21,11.67,12.41,8.25,0.73,20.05,13.81,23.2,57.62,0.5,0.65,1.28,1.05,1.28
688599.SH,天合光能,446.49,-7.97,-5.27,2.1,-17.86,-17.36,-3.16,,0.0,-303.3,31.77,77.99,0.5,扣非亏损,扣非亏损,亏损,-0.5
000156.SZ,华数传媒,135.65,31.77,39.61,0.99,1.8,2.32,0.9,,0.0,0.2,3.61,48.2,0.5,10.96,44.08,27.39,0.52
601898.SH,中煤能源,1722.41,14.99,14.62,1.59,8.01,8.07,5.64,1.33,28.62,-14.11,-7.46,45.82,0.5,-1.96,1.82,1.86,1.05
300994.SZ,久祺股份,17.83,20.66,22.17,2.97,10.46,10.53,6.12,2.53,108.11,66.02,-4.18,45.78,0.5,-5.3,2.12,1.96,0.97
600685.SH,中船防务,275.59,54.29,60.72,2.64,3.38,3.84,1.26,0.28,21.48,278.78,18.66,61.76,0.5,3.25,17.96,14.14,0.55
000937.SZ,冀中能源,204.63,38.79,48.01,1.1,1.97,2.16,2.35,,0.0,-67.32,-13.61,59.59,0.5,-3.53,48.71,35.92,0.52
688252.SH,天德钰,38.16,32.28,31.43,3.57,8.22,8.61,6.53,,0.0,11.96,27.39,14.11,0.5,1.15,7.65,7.5,0.63
000767.SZ,晋控电力,109.79,27.59,20.66,1.85,2.72,2.07,2.33,,0.0,191.86,4.79,82.08,0.49,4.31,15.21,26.65,0.56
600533.SH,栖霞建设,28.24,201.37,-3.67,0.88,0.27,0.33,0.87,,0.0,104.98,10.08,82.49,0.49,扣非亏损,危险信号,1220.42,0.45
000552.SZ,甘肃能化,105.81,-41.4,-95.63,0.93,-1.98,-1.67,-0.48,,0.0,-134.01,-0.18,50.86,0.49,扣非亏损,扣非亏损,亏损,-0.51
600859.SH,王府井,148.12,89.84,-426.93,0.76,0.15,0.63,1.47,,0.0,-92.06,-3.04,49.37,0.49,扣非亏损,危险信号,285.21,0.49
603400.SH,华之杰,13.47,45.68,,5.35,11.02,13.91,7.49,1.72,0.0,,1.6,31.07,0.49,,,6.57,0.64
600252.SH,中恒集团,83.43,253.93,-26.62,1.44,0.1,0.4,-0.22,,0.0,152.89,-8.91,34.36,0.49,扣非亏损,危险信号,1269.64,0.48
603381.SH,永臻股份,37.55,2146.1,94.65,1.75,0.29,0.06,0.26,,0.0,-91.49,43.78,73.67,0.49,2.16,645.0,71536.53,0.49
600686.SH,金龙汽车,120.68,36.6,179.45,3.69,2.57,7.59,1.15,0.17,18.75,159.25,14.35,85.2,0.48,12.51,69.81,4.82,0.5
002200.SZ,*ST交投,14.76,-36.95,-31.49,-31.55,,,-2.62,,0.0,-46.52,17.41,96.0,0.48,扣非亏损,,,-10.0
003028.SZ,振邦智能,21.3,43.2,30.6,2.49,4.29,4.29,2.41,0.51,33.33,-41.2,3.7,35.84,0.48,8.26,7.13,10.07,0.62
301337.SZ,亚华电子,11.24,-408.08,-169.7,2.89,-0.75,-0.53,-1.4,,0.0,64.39,-5.23,11.88,0.48,扣非亏损,扣非亏损,亏损,-0.52
302132.SZ,中航成飞,427.13,67.33,91.82,9.77,18.81,11.08,4.23,0.79,0.0,2432.1,-2.6,81.14,0.48,-35.36,9.77,12.15,0.58
301309.SZ,万得凯,8.14,38.36,29.63,1.99,4.82,5.29,4.85,,0.0,-31.97,12.45,9.98,0.48,2.38,12.3,14.5,0.56
603207.SH,小方制药,15.34,20.02,21.24,4.3,14.85,14.15,14.41,2.45,93.33,5.09,5.86,19.39,0.48,3.63,1.43,1.41,1.18
301525.SZ,儒竞科技,44.39,47.41,69.67,2.6,3.5,4.16,3.7,0.12,9.09,-9.1,1.58,16.81,0.48,43.97,19.89,11.4,0.53
002231.SZ,*ST奥维,1.85,-0.83,-1.02,2.54,-95.61,-106.79,-63.94,,0.0,-650.56,8.75,64.41,0.48,扣非亏损,扣非亏损,亏损,-0.52
603402.SH,陕西旅游,27.19,22.1,29.18,8.0,30.41,,25.58,,0.0,-26.1,116.44,29.38,0.47,0.25,1.92,,0.99
600697.SH,欧亚集团,20.03,86.43,-48.19,0.89,0.16,0.78,2.55,,0.0,-5.29,-5.28,78.57,0.47,扣非亏损,危险信号,221.62,0.47
002462.SZ,嘉事堂,44.8,23.79,48.8,1.01,2.99,3.23,2.63,0.8,0.0,-23.12,-1.07,51.94,0.47,-45.66,32.67,14.73,0.5
002864.SZ,盘龙药业,24.79,29.65,31.02,2.11,4.97,5.39,4.02,0.32,17.54,2.33,3.25,29.79,0.47,9.55,6.24,5.5,0.63
603303.SH,得邦照明,70.3,26.74,29.55,2.26,5.23,5.68,2.81,4.97,209.89,-25.95,-5.49,51.58,0.47,-5.38,5.66,4.7,0.65
600717.SH,天津港,139.2,13.39,15.29,0.7,4.11,3.97,4.52,,0.0,-7.4,-4.64,24.73,0.47,-3.29,7.43,6.74,0.6
002727.SZ,一心堂,52.45,21.58,48.28,1.06,3.42,3.61,2.74,1.56,46.92,-26.27,7.59,52.85,0.46,6.36,14.12,5.98,0.53
300207.SZ,欣旺达,464.11,26.7,34.34,2.0,4.17,5.77,1.53,0.23,12.75,-12.74,16.14,67.62,0.46,2.13,8.24,4.63,0.58
601001.SH,晋控煤业,303.78,17.85,15.63,1.62,6.83,6.85,6.24,,0.0,-40.47,-6.19,21.17,0.46,-2.53,4.58,5.21,0.68
600511.SH,国药股份,168.55,11.55,11.62,1.27,8.36,8.5,5.47,,0.0,-1.27,2.98,43.26,0.46,3.9,2.78,2.72,0.82
301039.SZ,中集车辆,135.22,21.05,20.34,1.2,4.13,4.31,3.36,,0.0,-26.97,-8.22,34.9,0.46,-2.47,9.84,9.77,0.56
002133.SZ,广宇集团,28.56,22.76,-3.7,0.98,3.14,3.21,2.49,1.47,42.55,160.18,-4.86,58.93,0.46,扣非亏损,危险信号,7.09,-0.39
920022.BJ,世昌股份,4.72,25.26,25.14,4.06,15.13,20.59,10.08,1.93,0.0,16.73,22.51,41.96,0.46,1.12,3.32,2.45,0.76
000028.SZ,国药一致,124.1,11.32,30.1,0.78,5.11,5.29,2.93,,0.0,-9.87,2.92,57.38,0.45,10.32,11.77,4.28,0.54
000652.SZ,泰达股份,60.6,64.95,180.09,1.06,1.02,1.22,1.08,,0.0,12.45,-3.31,84.88,0.45,-54.43,352.62,106.48,0.46
688443.SH,智翔金泰,31.15,-22.08,-15.69,5.48,-18.9,-17.01,-11.0,,0.0,32.78,813.41,41.28,0.45,扣非亏损,扣非亏损,亏损,-0.55
301609.SZ,山大电力,19.27,73.57,,6.96,8.69,11.24,6.46,,0.0,,14.81,30.74,0.45,,,13.09,0.53
000011.SZ,深物业A,45.22,119.16,-3.8,1.51,-0.32,0.95,0.8,,0.0,-240.95,-17.44,78.72,0.45,扣非亏损,扣非亏损,250.87,-0.55
603004.SH,鼎龙科技,14.23,34.84,34.51,2.75,5.63,6.0,6.2,,0.0,11.6,0.72,7.47,0.45,47.81,12.26,11.61,0.53
000725.SZ,京东方A,1584.5,26.33,34.3,1.21,2.38,3.46,1.67,,0.0,37.75,-2.6,52.43,0.45,-13.2,28.78,15.22,0.48
002563.SZ,森马服饰,121.69,20.74,17.17,1.3,4.43,4.59,3.77,2.77,125.0,-29.83,-1.34,36.94,0.45,-12.84,3.88,4.52,0.71
920992.BJ,中科美菱,7.59,88.95,200.1,2.45,1.06,2.07,1.46,,0.0,146.35,-13.49,14.97,0.45,-14.83,376.51,85.94,0.45
601866.SH,中远海发,278.91,20.36,23.16,1.23,4.47,4.53,3.45,0.87,30.18,20.99,2.24,76.41,0.45,10.32,5.18,4.49,0.64
001379.SZ,腾达科技,15.46,54.5,59.97,3.05,4.07,4.26,2.91,0.42,0.0,34.95,6.74,42.16,0.45,8.89,29.47,25.59,0.48
000829.SZ,天音控股,111.32,-146.15,-100.18,3.82,-2.73,-1.93,1.45,,0.0,-14.23,6.78,87.93,0.45,扣非亏损,扣非亏损,亏损,-0.55
300772.SZ,运达股份,146.33,49.22,40.52,2.5,3.61,3.97,0.66,,0.0,32.57,11.28,86.19,0.45,3.59,22.43,24.8,0.49
001332.SZ,锡装股份,29.03,25.1,28.79,2.61,7.56,8.08,6.31,0.53,27.03,-6.8,15.03,27.46,0.45,1.92,3.81,3.11,0.71
688146.SH,中船特气,66.47,74.16,103.13,4.28,3.77,4.37,3.44,,0.0,15.93,4.95,23.73,0.44,20.84,54.71,33.94,0.46
000501.SZ,武商集团,69.06,40.56,46.52,0.63,0.85,1.16,1.23,0.99,47.62,12.74,-1.47,64.71,0.44,-31.6,54.47,34.97,0.46
301399.SZ,英特科技,12.17,140.25,130.24,3.14,1.19,1.67,1.34,,0.0,-60.23,2.7,15.5,0.44,48.16,218.04,167.96,0.45
920068.BJ,天工股份,13.73,166.11,159.66,11.34,5.15,5.56,4.86,0.51,95.24,-57.58,61.04,12.01,0.44,2.62,30.99,29.88,0.47
603124.SH,江南新材,29.34,66.42,,8.14,9.54,9.97,5.59,,0.0,,12.05,60.3,0.44,,,13.32,0.51
600692.SH,亚通股份,20.63,-131.33,-110.11,3.08,-1.82,-1.75,-0.11,,0.0,32.07,-21.34,75.36,0.44,扣非亏损,扣非亏损,亏损,-0.56
301616.SZ,浙江华业,10.15,16.83,,2.84,6.55,14.47,13.84,0.78,58.82,,4.04,21.14,0.44,,,1.16,1.3
600987.SH,航民股份,81.56,12.67,11.73,1.27,7.36,7.3,6.3,1.45,32.47,3.0,6.83,35.84,0.44,1.72,1.59,1.74,1.06
301515.SZ,港通医疗,15.93,-178.53,-98.77,1.99,-1.03,-0.82,-0.74,,0.0,-176.82,3.97,40.94,0.44,扣非亏损,扣非亏损,亏损,-0.56
600166.SH,福田汽车,243.86,16.44,74.48,1.59,5.13,7.5,1.89,,0.0,244.64,-3.24,72.46,0.43,-23.02,29.04,4.38,0.47
301578.SZ,辰奕智能,8.13,100.05,93.62,3.07,1.78,2.28,1.52,,0.0,-46.34,12.57,33.41,0.43,7.45,105.37,87.76,0.44
300873.SZ,海晨股份,42.36,21.48,25.3,1.86,5.85,6.61,4.48,,0.0,3.37,4.83,32.46,0.43,5.24,8.65,6.5,0.55
301552.SZ,科力装备,9.58,23.45,25.97,3.33,10.1,10.16,9.88,1.33,57.47,1.6,28.03,17.53,0.43,0.93,2.57,2.31,0.82
600841.SH,动力新科,94.71,-27.03,-9.75,3.98,-15.06,-10.39,-2.35,,0.0,62.19,-32.46,76.23,0.43,扣非亏损,扣非亏损,亏损,-0.57
601156.SH,东航物流,173.81,10.95,11.92,1.53,10.11,10.9,10.79,,0.0,-4.67,3.37,32.38,0.43,3.54,2.36,2.01,0.85
002745.SZ,木林森,95.5,47.73,84.22,1.0,1.57,1.61,1.49,,0.0,-42.82,-2.89,45.42,0.43,-29.15,107.27,59.29,0.44
600573.SH,惠泉啤酒,31.2,23.74,38.33,2.27,7.18,7.32,5.12,,0.0,28.34,3.62,23.23,0.43,10.57,10.67,6.49,0.52
601059.SH,信达证券,565.58,31.33,30.71,2.78,5.39,6.44,,0.27,15.67,54.69,-4.6,78.77,0.43,-6.68,5.7,4.87,0.61
600707.SH,彩虹股份,231.4,45.76,86.9,1.06,1.48,1.75,1.51,,0.0,-70.59,-3.79,40.86,0.43,-22.95,117.19,52.3,0.44
688552.SH,航天南湖,33.41,259.64,954.03,5.0,1.34,1.46,0.58,,0.0,157.31,-24.76,18.55,0.43,-38.53,1419.26,355.68,0.43
600854.SH,春兰股份,28.26,17.64,23.9,1.15,4.74,4.93,4.09,,0.0,-9.89,-21.99,6.86,0.43,-1.09,10.08,7.15,0.53
600352.SH,浙江龙盛,486.05,26.09,30.14,1.42,2.7,4.04,2.45,1.88,70.13,-19.6,1.1,51.18,0.43,27.41,11.18,6.46,0.52
603600.SH,永艺股份,32.88,14.18,14.29,1.58,8.17,8.36,4.3,1.35,40.0,-17.54,2.84,49.75,0.43,5.03,1.75,1.7,1.0
688560.SH,明冠新材,33.9,-34.44,-26.56,1.28,-2.83,-2.73,-3.73,,0.0,-350.06,-7.62,7.43,0.43,扣非亏损,扣非亏损,亏损,-0.57
600507.SH,方大特钢,157.53,14.98,23.24,1.57,6.78,8.17,4.89,,0.0,326.74,-9.08,53.18,0.42,-2.56,6.86,3.67,0.57
601886.SH,江河集团,100.5,16.47,20.92,1.4,5.27,6.24,2.41,1.84,51.72,19.11,3.28,71.09,0.42,6.39,3.97,2.64,0.68
688420.SH,美腾科技,11.25,279.07,574.74,1.66,0.14,0.44,-0.25,,0.0,-89.74,13.31,23.82,0.42,43.19,8305.43,1268.51,0.42
600683.SH,京投发展,64.89,-13.02,-10.41,-50.19,-7.23,-376.69,-0.42,,0.0,55.5,-4.32,91.13,0.42,扣非亏损,扣非亏损,亏损,-0.58
688581.SH,安杰思,24.16,19.98,20.44,1.9,6.12,6.95,7.84,,0.0,-21.91,27.91,4.17,0.42,0.73,6.68,5.75,0.57
001279.SZ,强邦新材,13.22,87.02,109.71,5.24,3.81,4.56,3.0,0.18,0.0,-44.2,-0.26,39.28,0.42,-428.09,57.62,38.17,0.44
000560.SZ,我爱我家,72.19,133.56,44.6,0.8,0.58,0.45,1.55,,0.0,173.96,1.61,64.14,0.42,27.65,154.59,593.6,0.43
300057.SZ,万顺新材,45.76,-48.79,-21.92,1.09,-1.82,-1.68,-0.17,,0.0,-95.85,7.29,50.95,0.42,扣非亏损,扣非亏损,亏损,-0.58
000726.SZ,鲁泰A,44.77,9.27,13.7,0.64,3.36,5.21,4.31,1.4,22.73,-8.21,6.85,28.92,0.42,2.0,4.08,1.78,0.67
002697.SZ,红旗连锁,64.8,15.09,15.69,1.64,8.03,8.35,6.23,,0.0,3.96,2.73,44.4,0.42,5.75,3.91,3.61,0.68
000848.SZ,承德露露,83.52,16.47,13.55,2.4,10.99,11.0,10.02,,0.0,-8.55,9.22,25.44,0.42,1.47,2.47,3.0,0.83
000505.SZ,京粮控股,46.23,-77.39,-81.75,1.73,-1.91,-1.65,-0.27,,0.0,-457.51,-0.63,59.77,0.42,扣非亏损,扣非亏损,亏损,-0.58
600167.SH,联美控股,152.97,21.12,23.95,1.41,4.28,5.05,3.65,,0.0,-8.15,0.41,27.24,0.42,58.09,11.19,8.36,0.51
002221.SZ,东华能源,137.76,148.06,284.68,1.34,0.46,0.68,1.83,,0.0,-39.12,2.92,68.2,0.42,97.5,1233.99,435.47,0.42
600072.SH,中船科技,146.36,-10.61,-19.36,2.09,-14.29,-13.94,-2.3,,0.0,-208.68,-8.6,77.38,0.42,扣非亏损,扣非亏损,亏损,-0.58
300059.SZ,东方财富,2822.42,27.49,27.24,3.75,10.24,10.74,3.05,,0.0,52.47,-16.78,76.63,0.42,-1.62,5.32,5.12,0.6
601598.SH,中国外运,310.48,12.09,16.26,1.09,5.25,6.56,4.73,2.39,53.56,-19.6,-5.21,48.02,0.42,-3.12,3.1,1.84,0.74
600622.SH,光大嘉宝,41.99,-5.68,-2.42,1.43,-19.44,-17.22,-0.63,,0.0,-9.39,-14.58,79.09,0.42,扣非亏损,扣非亏损,亏损,-0.58
600639.SH,浦东金桥,93.36,27.31,42.21,0.85,2.17,2.31,1.41,,0.0,-17.97,-6.29,62.62,0.41,-6.71,38.96,23.65,0.44
601198.SH,东兴证券,437.67,20.53,19.91,1.48,5.53,5.49,,0.55,30.04,61.02,33.25,74.53,0.41,0.6,3.6,3.74,0.69
000528.SZ,柳工,209.84,10.81,16.86,1.15,7.34,8.15,3.28,,0.0,8.97,1.81,61.07,0.41,9.32,4.59,2.65,0.63
600780.SH,通宝能源,77.85,12.0,13.18,0.95,6.1,6.12,5.64,,0.0,28.91,13.12,26.43,0.41,1.0,4.32,3.92,0.64
600808.SH,马钢股份,252.44,292.13,-20.26,1.35,0.29,0.35,1.05,,0.0,102.59,-10.24,60.56,0.41,扣非亏损,危险信号,1669.31,0.4
688819.SH,天能股份,337.22,18.6,31.49,2.0,6.05,8.3,3.79,,0.0,-2.67,5.51,61.99,0.41,5.72,10.41,4.48,0.51
301208.SZ,中亦科技,24.13,101.93,67.5,2.85,2.11,2.1,1.13,,0.0,-40.48,-0.81,19.15,0.41,-83.51,63.95,97.08,0.43
601828.SH,美凯龙,91.06,-2.62,-6.92,0.25,-2.14,-7.01,-1.49,,0.0,8.83,-19.83,59.43,0.41,扣非亏损,扣非亏损,亏损,-0.59
002073.SZ,软控股份,79.0,19.66,18.87,1.3,4.6,5.06,2.24,0.61,34.87,-9.19,10.24,68.11,0.41,1.84,4.1,3.89,0.65
301636.SZ,泽润新能,12.46,70.58,,4.62,5.55,6.43,3.6,1.02,44.64,,47.15,39.02,0.41,,,10.98,0.5
301560.SZ,众捷汽车,9.14,55.87,,4.66,8.51,8.22,3.45,0.23,19.05,,18.15,46.36,0.41,,,6.8,0.56
301519.SZ,舜禹股份,11.57,-96.14,-110.78,1.75,-1.54,-1.31,0.25,,0.0,-1368.49,0.95,53.42,0.41,扣非亏损,扣非亏损,亏损,-0.59
600617.SH,国新能源,61.43,-542.77,-12.56,1.97,-3.52,-0.77,2.02,,0.0,28.8,8.88,81.24,0.41,扣非亏损,扣非亏损,亏损,-0.59
001228.SZ,永泰运,25.96,26.51,22.77,1.97,5.48,5.63,4.06,1.14,0.0,29.55,30.26,59.59,0.41,0.75,8.31,9.42,0.53
000401.SZ,金隅冀东,135.78,254.92,-19.27,0.5,-0.36,0.15,1.08,,0.0,79.53,-11.21,49.59,0.4,扣非亏损,扣非亏损,3398.94,-0.6
600688.SH,上海石化,238.92,-59.73,-262.59,1.42,-1.6,-1.75,-1.58,,0.0,-625.71,-0.39,41.78,0.4,扣非亏损,扣非亏损,亏损,-0.6
600748.SH,上实发展,92.78,-11.42,-13.04,0.89,-6.0,-5.67,-1.13,,0.0,-110.72,-11.58,58.34,0.4,扣非亏损,扣非亏损,亏损,-0.6
600791.SH,京能置业,38.18,-10.7,-13.9,9.69,-16.82,-14.28,-0.61,,0.0,-158.37,61.16,77.77,0.4,扣非亏损,扣非亏损,亏损,-0.6
600249.SH,两面针,32.23,102.9,-885.4,1.47,0.71,1.07,0.23,,0.0,-44.81,15.93,20.88,0.4,扣非亏损,危险信号,192.34,0.4
600340.SH,华夏幸福,60.35,-0.46,-0.43,-1.28,,,-1.65,,0.0,-32.55,-15.81,96.44,0.4,扣非亏损,,,-10.0
600930.SH,华电新能,218.34,27.45,32.58,2.56,6.48,7.82,2.98,0.48,0.0,1.75,16.07,70.05,0.4,2.03,10.06,7.02,0.5
001278.SZ,一彬科技,19.64,-56.65,-51.83,2.26,-3.18,-2.92,-0.72,,0.0,-210.73,15.73,67.37,0.4,扣非亏损,扣非亏损,亏损,-0.6
001335.SZ,信凯科技,10.68,50.01,,4.45,8.58,7.71,3.23,,0.0,,7.03,47.2,0.4,,,12.97,0.48
000032.SZ,深桑达A,201.87,-54.11,-209.28,3.52,-7.17,-4.73,0.27,,0.0,-32.62,15.22,82.38,0.4,扣非亏损,扣非亏损,亏损,-0.6
000421.SZ,南京公用,40.26,26.06,23.24,1.43,4.04,4.19,2.39,,0.0,942.8,35.05,62.13,0.4,0.66,11.49,12.44,0.48
000529.SZ,广弘控股,34.53,39.51,50.28,1.12,1.52,2.11,1.2,,0.0,-17.53,-13.57,52.84,0.4,-3.7,66.15,37.45,0.41
000957.SZ,中通客车,66.46,18.01,22.93,2.13,8.25,9.01,3.39,0.44,0.0,43.51,10.19,67.04,0.4,2.25,5.56,4.0,0.58
600310.SH,广西能源,63.76,61.13,-20.97,2.1,-1.55,2.57,2.47,,0.0,-125.13,-26.29,77.56,0.4,扣非亏损,扣非亏损,47.58,-0.6
600846.SH,同济科技,86.09,39.22,34.11,2.09,3.92,4.0,1.61,,0.0,-9.84,-6.09,68.71,0.4,-5.6,17.4,19.61,0.45
688275.SH,万润新能,95.26,-30.26,-19.64,2.72,-8.2,-6.49,-1.5,,0.0,27.5,138.13,71.57,0.39,扣非亏损,扣非亏损,亏损,-0.61
301009.SZ,可靠股份,18.46,89.04,109.14,2.49,1.74,2.09,1.19,,0.0,37.81,-3.04,34.37,0.39,-35.91,125.39,85.2,0.4
603284.SH,林平发展,9.1,25.38,28.03,2.55,7.81,7.87,4.99,,0.0,-23.64,,44.7,0.39,,7.17,6.45,0.53
601127.SH,赛力斯,1513.25,24.65,26.54,6.28,23.8,24.05,5.83,0.26,16.58,26.7,138.05,76.36,0.39,0.19,1.12,1.02,1.29
603217.SH,元利科技,50.05,24.62,24.91,1.49,4.48,4.54,3.35,,0.0,1.33,-0.82,33.84,0.39,-30.43,11.13,10.85,0.48
603113.SH,金能科技,69.58,-66.7,-33.02,0.86,-1.82,-0.91,-0.17,5.81,783.33,-113.43,12.73,57.41,0.39,扣非亏损,扣非亏损,亏损,-0.61
600551.SH,时代出版,57.23,15.48,20.27,0.98,3.46,4.73,3.02,1.23,32.47,-12.62,2.1,29.79,0.39,9.67,5.86,3.27,0.56
600121.SH,郑州煤电,68.84,-13.51,-18.95,4.49,-23.37,-22.41,-0.43,,0.0,-22389.13,10.9,78.7,0.39,扣非亏损,扣非亏损,亏损,-0.61
002187.SZ,广百股份,46.75,-113.11,-136.43,1.16,-0.67,-0.77,-0.16,,0.0,-206.22,-1.82,43.0,0.39,扣非亏损,扣非亏损,亏损,-0.61
603711.SH,香飘飘,53.84,-45.26,46.11,1.63,-3.14,-2.6,-2.81,,0.0,-1752.64,-1.06,30.1,0.39,-43.46,困境反转,亏损,0.42
301227.SZ,森鹰窗业,12.73,-131.93,-83.74,2.18,-1.79,-1.23,-1.2,,0.0,32.17,-13.68,24.53,0.39,扣非亏损,扣非亏损,亏损,-0.61
002797.SZ,第一创业,316.86,30.84,30.91,1.86,4.57,4.6,,0.15,8.33,20.33,5.81,67.89,0.39,5.32,6.77,6.7,0.54
603102.SH,百合股份,27.43,20.78,24.24,1.69,5.71,6.0,5.64,,0.0,-16.39,7.23,13.8,0.39,3.35,8.49,6.93,0.51
301356.SZ,天振股份,12.53,43.44,67.87,1.65,2.55,2.87,2.75,,0.0,247.87,29.95,8.04,0.39,2.27,53.19,30.28,0.41
603368.SH,柳药集团,69.55,8.08,9.06,0.91,8.2,8.24,4.27,,0.0,-9.85,7.4,61.59,0.39,1.22,2.21,1.96,0.84
600751.SH,海航科技,101.13,88.25,146.92,1.5,0.9,1.29,0.57,,0.0,-33.45,104.86,23.28,0.39,1.4,325.08,136.82,0.39
000868.SZ,安凯客车,34.1,-378.44,-174.05,5.13,-3.37,-1.01,-0.75,,0.0,50.85,18.41,79.15,0.39,扣非亏损,扣非亏损,亏损,-0.61
000987.SZ,越秀资本,450.3,11.22,25.97,1.42,4.59,9.63,2.19,1.11,29.1,23.14,11.67,77.17,0.38,2.23,5.66,1.17,0.56
605566.SH,福莱蒽特,36.18,62.97,134.71,1.81,2.2,2.17,0.99,,0.0,42.98,-6.17,21.81,0.38,-21.82,122.5,58.04,0.39
688073.SH,毕得医药,24.99,32.9,39.17,2.62,5.09,5.93,6.69,,0.0,41.54,23.14,21.87,0.38,1.69,15.4,11.1,0.45
000779.SZ,甘咨询,43.97,20.91,21.39,1.11,3.99,4.03,3.14,,0.0,-11.56,-8.28,27.27,0.38,-2.58,10.73,10.38,0.48
600332.SH,白云山,357.94,9.38,17.47,1.09,7.78,8.88,5.32,1.55,25.84,0.48,2.85,51.92,0.38,6.12,2.25,1.06,0.83
301332.SZ,德尔玛,25.3,37.26,38.45,1.51,2.77,3.06,1.99,,0.0,-16.36,5.4,35.73,0.38,7.12,27.8,24.35,0.42
600223.SH,福瑞达,71.97,38.08,37.11,1.72,3.14,3.42,2.96,,0.0,-13.7,-24.3,16.16,0.38,-1.53,23.64,22.27,0.42
600567.SH,山鹰国际,108.49,-28.09,-13.32,0.71,-2.71,-1.93,0.7,,0.0,6.32,-3.72,67.69,0.38,扣非亏损,扣非亏损,亏损,-0.62
603406.SH,天富龙,14.17,35.75,,3.32,7.98,8.7,7.55,1.23,0.0,,11.61,7.96,0.38,,,8.22,0.5
920076.BJ,国亮新材,4.6,27.39,31.11,2.52,6.26,7.13,4.52,,0.0,,,48.23,0.38,,9.95,7.68,0.48
603210.SH,泰鸿万立,14.47,33.71,,3.58,10.01,9.86,6.9,,0.0,,19.99,39.1,0.38,,,6.84,0.53
920082.BJ,方正阀门,6.59,31.61,40.15,4.59,9.19,10.97,5.8,0.39,22.58,-12.16,19.38,53.11,0.38,2.07,4.37,2.88,0.61
603275.SH,众辰科技,18.61,35.69,43.18,2.28,3.91,4.86,4.6,,0.0,-18.16,3.69,11.19,0.38,11.71,22.07,14.69,0.43
688009.SH,中国通号,528.47,21.32,20.3,1.41,4.56,4.7,2.67,,0.0,-3.07,-5.13,55.97,0.38,-3.96,8.9,9.07,0.49
603310.SH,巍华新材,33.62,41.35,39.06,1.51,2.45,2.73,2.04,,0.0,-45.8,-5.7,12.31,0.38,-6.85,31.88,30.3,0.41
301327.SZ,华宝新能,47.81,57.52,80.09,1.76,1.19,2.29,2.03,,0.0,-24.16,22.14,17.28,0.38,3.62,134.11,50.23,0.39
600361.SH,创新新材,180.66,19.1,23.82,1.62,5.49,6.46,4.46,,0.0,-21.0,10.95,60.2,0.38,2.18,8.68,5.91,0.49
000541.SZ,佛山照明,75.43,50.07,4834.76,1.4,1.84,2.12,1.08,,0.0,-43.98,1.23,39.36,0.38,3940.63,5263.47,47.24,0.38
601112.SH,振石股份,38.32,46.78,49.63,10.55,18.01,18.63,7.52,,0.0,38.19,-8.05,69.52,0.38,-6.17,5.51,5.02,0.56
002303.SZ,美盈森,37.52,17.13,19.02,1.31,5.53,5.71,4.19,1.64,57.39,6.12,4.56,37.34,0.38,4.17,3.44,3.0,0.67
002140.SZ,东华科技,100.39,20.66,29.14,2.17,5.57,8.1,2.57,0.44,0.0,-12.22,14.11,67.7,0.38,2.06,10.46,5.1,0.47
688802.SH,沐曦股份,93.09,-445.72,-312.84,21.51,-7.33,-4.91,-4.88,,0.0,49.66,6818.03,5.95,0.38,扣非亏损,扣非亏损,亏损,-0.62
688563.SH,航材股份,76.04,54.83,59.71,2.78,3.43,3.84,3.55,0.39,37.17,-6.2,14.86,12.2,0.38,4.02,17.4,14.28,0.43
688739.SH,成大生物,106.94,48.67,72.91,1.14,1.42,1.74,1.84,,0.0,-56.77,-6.96,4.24,0.37,-10.48,102.45,55.94,0.38
603172.SH,万丰股份,11.16,59.84,54.32,2.73,3.39,3.45,2.77,,0.0,89.96,-1.55,28.13,0.37,-35.09,32.07,34.69,0.41
920039.BJ,国义招标,16.44,41.81,38.51,3.08,5.41,5.47,3.23,,0.0,-22.2,-0.83,35.3,0.37,-46.16,14.25,15.29,0.44
688553.SH,汇宇制药,61.05,-111.12,105.36,2.02,2.06,-1.29,-2.17,,0.0,-20.62,-12.66,23.69,0.37,-8.32,102.1,亏损,0.38
600648.SH,外高桥,118.44,64.19,109.62,0.93,0.96,1.16,1.46,,0.0,-62.58,-6.34,65.63,0.37,-17.28,228.23,110.68,0.38
920779.BJ,武汉蓝电,7.68,58.49,60.21,6.58,7.13,7.92,7.8,1.03,94.59,-30.87,18.6,17.07,0.37,3.24,8.45,7.38,0.49
000752.SZ,ST西发,27.25,14.1,26.65,4.43,24.44,68.92,22.72,,0.0,436.9,5.75,16.67,0.37,4.64,2.18,0.41,0.83
002154.SZ,报喜鸟,45.78,18.0,22.03,1.25,4.05,5.3,4.35,,0.0,-49.87,5.6,32.72,0.37,3.94,10.89,6.79,0.47
000055.SZ,方大集团,26.29,197.17,140.54,0.69,0.18,0.26,0.56,,0.0,-92.05,7.59,53.24,0.37,18.51,1529.23,1516.66,0.37
603355.SH,莱克电气,180.96,21.85,20.7,3.31,11.08,11.79,4.51,,0.0,-32.88,3.89,63.39,0.37,5.32,3.74,3.71,0.64
600969.SH,郴电国际,39.67,36.75,-61.27,1.09,1.66,2.25,2.16,,0.0,303.86,8.27,72.03,0.37,扣非亏损,危险信号,32.66,0.36
000419.SZ,通程控股,33.81,20.38,27.91,0.97,3.41,3.56,3.14,,0.0,16.67,-3.72,32.85,0.37,-7.49,16.38,11.45,0.43
000778.SZ,新兴铸管,193.51,21.12,81.68,0.75,2.45,2.72,2.06,,0.0,162.47,-12.05,46.33,0.37,-6.78,66.59,15.53,0.39
600676.SH,交运股份,79.91,-208.25,-21.21,1.56,-4.2,-0.56,-0.14,,0.0,19.4,-16.37,27.33,0.37,扣非亏损,扣非亏损,亏损,-0.63
301017.SZ,漱玉平民,35.25,40.33,-33.94,2.96,0.45,5.58,2.45,,0.0,160.23,22.87,77.74,0.37,扣非亏损,危险信号,14.46,0.36
603708.SH,家家悦,73.66,26.86,47.16,3.12,8.14,8.42,3.14,1.35,55.17,25.83,1.59,81.89,0.37,29.68,5.79,3.19,0.54
000656.SZ,*ST金科,105.02,-1.02,-0.44,-0.4,,,-4.15,,0.0,-96.33,-30.77,115.27,0.37,扣非亏损,,,-10.0
600526.SH,菲达环保,50.98,19.11,19.33,1.16,4.33,4.44,2.51,,0.0,48.09,0.4,61.34,0.37,48.83,8.94,8.61,0.48
600866.SH,星湖科技,101.09,9.88,9.82,1.61,12.13,12.38,8.05,,0.0,28.81,109.55,50.79,0.37,0.09,1.62,1.6,0.99
002242.SZ,九阳股份,79.29,48.2,43.85,2.29,5.54,3.55,0.88,,0.0,48.17,-5.64,49.61,0.37,-7.77,15.84,27.16,0.43
300138.SZ,晨光生物,58.39,17.48,24.79,2.12,7.94,9.4,4.84,,0.0,1659.0,13.37,57.45,0.37,1.85,6.24,3.72,0.53
002763.SZ,汇洁股份,24.11,20.01,48.51,1.74,6.05,6.22,7.79,4.16,103.45,-0.6,3.33,23.85,0.37,14.58,8.01,3.22,0.49
000411.SZ,英特集团,42.33,15.12,13.37,1.39,6.75,6.85,4.02,,0.0,-6.87,7.76,69.03,0.37,1.72,3.96,4.42,0.62
603225.SH,新凤鸣,298.67,25.92,27.23,1.71,4.43,4.92,2.18,,0.0,21.76,14.54,70.29,0.37,1.87,12.3,10.54,0.45
603565.SH,中谷物流,230.8,12.27,14.25,2.34,10.79,13.03,7.84,4.28,84.31,85.51,-2.12,59.34,0.37,-6.74,1.32,0.94,1.12
002042.SZ,华孚时尚,77.38,110.93,-19.9,1.34,-1.67,0.9,1.21,,0.0,-58.56,-13.4,63.2,0.36,扣非亏损,扣非亏损,246.5,-0.64
688289.SH,圣湘生物,105.91,41.52,51.0,1.49,2.18,2.63,1.44,1.39,93.57,3.6,1.09,23.71,0.36,46.81,23.38,15.79,0.41
920158.BJ,长江能科,7.54,64.02,56.6,5.43,7.48,9.0,5.32,,0.0,2.34,21.23,27.37,0.36,2.67,15.13,14.23,0.43
600081.SH,东风科技,65.31,219.06,-558.22,1.42,-0.37,0.49,1.21,,0.0,-213.58,-6.12,45.22,0.36,扣非亏损,扣非亏损,894.11,-0.64
603909.SH,建发合诚,30.47,29.76,29.73,2.71,6.49,7.01,2.24,,0.0,22.1,110.09,76.96,0.36,0.27,9.17,8.49,0.47
300193.SZ,佳士科技,39.74,21.07,20.59,1.96,6.59,7.09,5.48,,0.0,-14.79,0.52,22.39,0.36,39.82,6.24,5.94,0.52
000065.SZ,北方国际,134.35,24.77,20.22,1.57,4.89,4.96,2.72,,0.0,-35.43,17.23,56.87,0.36,1.17,8.26,9.99,0.48
002557.SZ,洽洽食品,113.07,50.59,34.38,2.18,2.08,2.93,2.6,,0.0,-79.46,6.22,39.3,0.36,5.53,33.01,34.53,0.39
000690.SZ,宝新能源,107.42,9.82,12.09,0.86,6.3,6.59,5.09,1.19,19.23,29.47,-4.63,42.79,0.36,-2.61,1.92,1.49,0.88
002100.SZ,天康生物,104.85,19.1,26.47,1.46,5.38,5.76,3.6,,0.0,-29.89,2.91,47.86,0.36,9.09,9.84,6.63,0.46
920035.BJ,精创电气,4.84,36.42,37.2,5.09,11.18,11.06,8.58,,0.0,15.27,7.65,28.08,0.36,4.86,6.66,6.59,0.51
600642.SH,申能股份,449.74,10.18,12.13,1.22,8.03,8.74,5.29,,0.0,7.85,4.75,54.23,0.36,2.55,3.02,2.33,0.69
600271.SH,航天信息,174.73,-28.63,-29.56,1.29,-3.79,-3.32,-3.15,,0.0,-99.32,-28.9,18.58,0.36,扣非亏损,扣非亏损,亏损,-0.64
600177.SH,雅戈尔,349.53,11.16,14.02,0.82,5.33,5.58,3.98,3.16,21.62,-8.58,1.63,41.39,0.36,8.61,2.63,2.0,0.74
601012.SH,隆基绿能,1429.98,-31.51,-21.3,2.51,-7.53,-5.76,-2.86,,0.0,31.15,8.06,62.43,0.36,扣非亏损,扣非亏损,亏损,-0.64
600120.SH,浙江东方,210.39,19.73,42.25,1.28,4.07,4.99,2.1,0.57,0.0,61.95,-19.55,68.22,0.36,-2.16,20.75,7.91,0.41
002145.SZ,钛能化学,203.6,49.32,63.54,1.72,2.26,2.62,1.63,,0.0,-28.75,10.41,37.77,0.36,6.11,56.17,37.65,0.38
688507.SH,索辰科技,45.76,-81.78,247.11,3.01,-2.79,-2.7,-3.51,0.19,-36.54,-4.07,25.62,5.9,0.36,9.64,困境反转,亏损,0.37
605577.SH,龙版传媒,59.29,15.11,26.34,1.49,6.01,7.64,4.7,,0.0,3.03,-3.16,33.93,0.36,-8.32,8.76,3.96,0.47
600051.SH,宁波联合,25.52,28.53,38.49,0.75,1.63,1.98,1.3,,0.0,7.86,-20.33,23.67,0.36,-1.89,47.32,28.82,0.38
002768.SZ,国恩股份,95.2,19.78,22.79,2.95,11.39,11.71,4.35,,0.0,43.61,25.86,61.47,0.36,0.88,4.0,3.38,0.61
002461.SZ,珠江啤酒,216.91,17.23,24.27,1.96,8.34,8.76,6.29,,0.0,17.16,8.1,32.46,0.36,3.0,5.82,3.93,0.53
002328.SZ,新朋股份,40.13,28.72,78.8,1.63,1.99,4.25,4.57,0.39,23.64,-45.99,3.51,32.18,0.36,22.46,39.52,6.76,0.38
600966.SH,博汇纸业,113.63,70.16,97.65,1.54,1.24,1.71,1.81,,0.0,-26.27,5.3,68.97,0.36,18.44,157.45,82.06,0.36
002146.SZ,荣盛发展,61.02,-1.64,-0.67,0.57,-23.74,-23.07,-0.73,,0.0,-171.39,5.55,89.58,0.35,扣非亏损,扣非亏损,亏损,-0.65
689009.SH,九号公司,274.49,14.98,18.56,5.01,27.1,23.12,11.46,0.76,24.33,91.88,16.85,64.95,0.35,1.1,0.68,0.65,1.81
002478.SZ,常宝股份,86.37,20.57,21.13,1.82,6.12,6.83,4.33,,0.0,0.8,13.27,33.96,0.35,1.59,6.9,6.02,0.5
000951.SZ,中国重汽,263.41,18.81,18.09,1.69,6.38,6.71,3.64,1.86,55.26,15.09,1.38,64.78,0.35,13.12,2.83,2.8,0.71
301172.SZ,君逸数码,26.22,200.34,146.85,3.13,1.07,1.17,0.73,,0.0,-47.07,2.78,21.96,0.35,52.88,275.51,342.46,0.36
301100.SZ,风光股份,18.44,-79.14,-57.04,2.11,-2.32,-1.98,-1.73,,0.0,0.58,11.42,12.02,0.35,扣非亏损,扣非亏损,亏损,-0.65
601222.SH,林洋能源,138.24,28.88,47.46,0.89,2.49,2.34,1.75,1.61,0.0,-54.82,10.15,37.41,0.35,4.67,38.11,24.69,0.38
600663.SH,陆家嘴,251.19,28.32,26.61,1.58,4.28,4.25,1.88,0.8,0.0,2.41,2.89,70.03,0.35,9.22,12.42,13.33,0.43
002990.SZ,盛视科技,35.29,84.31,64.66,2.82,2.01,2.53,1.44,,0.0,-44.99,8.17,34.69,0.35,7.92,64.43,66.65,0.37
301310.SZ,鑫宏业,19.47,42.24,52.62,2.32,3.85,4.07,2.34,0.58,60.87,-0.62,30.46,53.55,0.35,1.73,13.68,10.38,0.43
301512.SZ,智信精密,12.07,-47.18,78.02,2.57,-4.3,-3.98,-4.89,,0.0,-24.25,6.46,23.94,0.35,12.07,困境反转,亏损,0.39
000965.SZ,天保基建,44.5,51.66,-31.82,0.81,0.86,1.18,1.2,,0.0,2921.64,1.31,56.95,0.35,扣非亏损,危险信号,87.56,0.34
603280.SH,南方路机,11.37,42.98,69.75,3.25,4.5,5.75,3.64,,0.0,-12.24,-7.91,39.14,0.35,-8.82,30.96,14.95,0.38
301109.SZ,军信股份,41.49,17.59,20.04,1.86,8.06,7.92,7.18,,0.0,55.54,8.23,35.52,0.35,2.44,4.97,4.44,0.55
601518.SH,吉林高速,57.66,10.93,11.04,1.03,7.19,7.18,8.74,,0.0,1.88,5.49,6.37,0.35,2.01,3.07,3.04,0.67
600796.SH,钱江生化,21.96,30.27,57.79,1.78,2.94,4.53,3.17,,0.0,-21.53,-4.3,49.85,0.35,-13.45,39.33,13.36,0.37
601718.SH,际华集团,145.22,-58.62,-3.46,1.18,-2.21,-1.5,-0.86,,0.0,-459.8,-13.32,39.36,0.35,扣非亏损,扣非亏损,亏损,-0.65
603273.SH,天元智能,10.99,161.36,182.19,4.77,1.68,2.22,1.36,0.19,25.0,-27.58,-16.57,31.71,0.35,-11.0,108.23,72.69,0.36
002567.SZ,唐人神,63.7,-13.11,-24.02,1.16,-5.66,-6.4,-0.96,,0.0,-233.63,4.65,65.51,0.35,扣非亏损,扣非亏损,亏损,-0.65
603125.SH,常青科技,18.8,54.98,53.58,3.14,4.07,4.34,4.54,,0.0,-34.05,12.93,6.38,0.35,4.14,26.36,25.34,0.38
300230.SZ,永利股份,33.32,19.87,20.99,1.32,4.79,5.07,4.68,,0.0,-2.34,-9.23,22.06,0.35,-2.27,8.76,7.84,0.46
920080.BJ,奥美森,5.99,33.9,33.85,3.96,10.11,12.54,6.26,1.81,0.0,35.45,5.8,46.58,0.35,5.83,6.69,5.41,0.5
002209.SZ,达意隆,23.7,21.92,24.11,3.68,13.13,13.45,4.04,,0.0,116.72,12.77,75.09,0.34,1.89,3.67,3.26,0.62
688569.SH,铁科轨道,45.42,37.64,27.38,1.58,3.14,3.16,3.92,,0.0,-33.37,2.49,14.39,0.34,10.98,17.45,23.82,0.4
300916.SZ,朗特智能,27.9,37.51,36.13,3.16,5.59,6.37,4.47,,0.0,-20.22,22.97,38.67,0.34,1.57,12.93,11.78,0.42
002594.SZ,比亚迪,3475.73,29.21,26.51,4.13,9.51,10.83,3.05,,0.0,-11.65,55.75,71.35,0.34,0.48,5.57,5.39,0.52
688223.SH,晶科能源,801.07,-20.59,-13.56,2.84,-14.97,-12.92,-4.1,,0.0,-1053.61,41.75,74.48,0.34,扣非亏损,扣非亏损,亏损,-0.66
603587.SH,地素时尚,60.49,19.22,29.74,1.68,5.25,6.42,6.43,,0.0,-19.78,-7.68,14.84,0.34,-3.87,11.32,5.99,0.43
000059.SZ,华锦股份,96.93,-5.22,-4.08,0.96,-13.11,-12.92,-4.32,,0.0,26.99,-1.34,56.13,0.34,扣非亏损,扣非亏损,亏损,-0.66
600188.SH,兖矿能源,1289.64,23.02,23.35,4.19,8.17,8.33,4.3,1.37,38.84,-41.01,-2.82,66.91,0.34,-8.27,2.86,2.76,0.69
600626.SH,申达股份,49.75,-175.06,71.43,1.85,-1.07,-0.79,2.6,,0.0,40.08,3.89,64.58,0.34,18.34,困境反转,亏损,0.35
301459.SZ,丰茂股份,10.18,35.85,38.2,3.26,5.39,6.95,5.14,,0.0,-36.81,19.93,31.15,0.34,1.92,14.18,10.32,0.41
601699.SH,潞安环能,454.69,21.94,50.19,0.97,2.89,3.31,2.55,,0.0,-52.41,-5.88,40.45,0.34,-8.53,34.76,13.26,0.37
603296.SH,华勤技术,517.66,22.28,29.41,3.7,10.46,13.04,3.72,,0.0,46.32,10.49,75.3,0.34,2.8,5.62,3.42,0.52
300389.SZ,艾比森,44.02,28.22,43.48,4.24,10.32,11.72,4.48,1.23,63.57,107.4,18.27,61.31,0.34,2.38,4.21,2.41,0.58
000858.SZ,五粮液,3995.95,13.93,14.07,2.8,15.59,15.37,14.84,2.43,0.0,-13.44,10.46,19.26,0.34,1.34,1.81,1.81,0.9
603176.SH,汇通集团,26.46,-68.85,-83.45,2.51,-2.85,-2.56,1.03,,0.0,-150.64,13.75,78.65,0.34,扣非亏损,扣非亏损,亏损,-0.66
600609.SH,金杯汽车,57.27,23.81,27.94,3.64,8.26,12.15,8.38,,0.0,-28.13,-5.1,55.0,0.34,-5.48,6.76,3.92,0.49
603906.SH,龙蟠科技,105.61,-86.93,-27.92,4.28,-5.66,-3.74,0.37,,0.0,57.18,65.69,79.24,0.34,扣非亏损,扣非亏损,亏损,-0.66
601065.SH,江盐集团,37.55,22.21,21.27,1.31,4.18,4.42,4.06,,0.0,-46.53,11.37,20.97,0.34,1.87,10.18,10.05,0.44
301378.SZ,通达海,15.6,-48.78,-53.64,2.51,-4.22,-3.79,-2.91,,0.0,5.27,0.43,16.54,0.34,扣非亏损,扣非亏损,亏损,-0.66
601101.SH,昊华能源,130.18,17.62,26.93,1.08,4.66,4.61,3.74,,0.0,-49.23,3.37,46.36,0.34,7.98,11.56,7.64,0.42
600262.SH,北方股份,45.78,18.95,19.32,2.6,10.42,10.51,5.05,,0.0,81.37,21.59,63.48,0.34,0.9,3.71,3.61,0.61
603836.SH,海程邦达,28.55,63.87,96.15,1.61,1.2,1.85,2.38,,0.0,-73.37,5.44,48.17,0.34,17.69,159.92,69.05,0.34
300677.SZ,英科医疗,287.7,32.82,38.49,2.23,2.72,5.19,3.18,0.13,4.46,-19.32,-5.67,53.79,0.34,-6.78,14.13,6.32,0.41
001368.SZ,通达创智,8.41,27.81,32.41,2.08,5.26,5.76,4.9,2.44,0.0,-1.2,1.78,17.54,0.34,18.17,12.33,9.66,0.42
300154.SZ,瑞凌股份,27.6,30.51,90.33,2.21,2.73,5.4,4.52,,0.0,-9.06,-1.82,33.54,0.34,-49.52,66.16,11.3,0.35
601727.SH,上海电气,1139.19,98.79,-465.29,2.6,1.14,1.99,1.39,,0.0,106.69,-3.66,75.15,0.34,扣非亏损,危险信号,99.28,0.33
002375.SZ,亚厦股份,55.59,15.88,21.09,0.69,2.73,3.26,1.38,,0.0,-4.54,0.28,61.41,0.34,74.81,15.42,9.74,0.4
601033.SH,永兴股份,39.02,14.72,16.71,1.37,6.75,7.06,4.31,,0.0,16.15,14.57,57.27,0.33,1.15,4.95,4.17,0.54
002045.SZ,国光电器,72.03,282.84,-211.62,1.63,-0.7,0.44,0.13,,0.0,-114.99,18.88,59.23,0.33,扣非亏损,扣非亏损,1285.65,-0.67
002900.SZ,哈三联,19.17,-13.52,-19.78,1.98,-10.36,-10.29,-5.75,,0.0,-735.75,6.52,47.22,0.33,扣非亏损,扣非亏损,亏损,-0.67
000429.SZ,粤高速A,163.44,12.73,17.22,2.42,12.07,14.42,11.62,5.13,0.0,-8.09,-3.49,42.04,0.33,-4.94,2.85,1.77,0.68
920007.BJ,酉立智能,7.15,26.77,28.67,4.8,17.63,21.23,13.01,1.45,53.19,22.63,25.19,34.31,0.33,1.14,1.63,1.26,0.95
600050.SH,中国联通,1559.88,13.55,21.29,0.92,4.53,5.13,3.6,2.18,54.78,10.87,5.93,43.45,0.33,3.59,4.7,2.64,0.55
603116.SH,红蜻蜓,34.28,-49.4,-26.5,1.31,-2.68,-1.9,-1.23,,0.0,-214.07,-4.65,24.47,0.33,扣非亏损,扣非亏损,亏损,-0.67
603053.SH,成都燃气,90.67,16.33,19.4,1.88,8.42,8.69,5.47,,0.0,-1.13,6.43,39.18,0.33,3.02,4.61,3.76,0.55
002962.SZ,五方光电,32.24,92.83,159.81,2.54,1.6,2.01,0.98,,0.0,-51.13,13.74,18.14,0.33,11.63,200.33,92.37,0.34
600936.SH,北投科技,66.84,-14.56,-7.9,6.85,-61.26,-21.65,-1.25,,0.0,21.35,-9.6,68.7,0.33,扣非亏损,扣非亏损,亏损,-0.67
001233.SZ,海安集团,24.38,20.79,21.47,4.52,16.65,17.7,15.2,3.35,0.0,-9.16,50.03,23.47,0.33,0.43,2.58,2.35,0.72
600581.SH,八一钢铁,45.68,-5.99,-4.93,-9.59,,,-0.48,,0.0,58.27,-14.81,101.42,0.33,扣非亏损,,,-10.0
000923.SZ,河钢资源,130.1,18.87,26.15,1.32,5.4,5.4,4.54,,0.0,-8.2,-3.94,24.43,0.33,-6.65,9.68,6.99,0.43
600284.SH,浦东建设,76.65,23.81,28.88,0.97,2.17,3.09,1.18,0.95,0.0,-55.28,16.35,73.77,0.33,1.77,26.6,15.41,0.36
002889.SZ,东方嘉盛,35.51,28.3,39.83,2.13,4.17,5.78,3.71,,0.0,-21.09,9.9,49.85,0.33,4.02,19.11,9.79,0.38
000619.SZ,海螺新材,22.93,-54.96,-21.0,1.1,-2.08,-1.49,-0.34,,0.0,-31.43,3.24,44.95,0.33,扣非亏损,扣非亏损,亏损,-0.67
600875.SH,东方电气,869.13,33.58,59.34,2.99,6.55,7.09,2.46,,0.0,10.43,13.65,71.27,0.33,4.35,18.12,9.47,0.38
603073.SH,彩蝶实业,10.8,29.37,27.97,1.78,4.66,4.59,4.05,,0.0,-12.75,-2.1,19.42,0.33,-13.32,12.0,12.8,0.41
600973.SH,宝胜股份,100.52,126.73,-152.47,2.81,1.34,1.7,1.99,,0.0,312.28,2.64,80.14,0.33,扣非亏损,危险信号,149.09,0.32
002224.SZ,三力士,38.71,117.45,743.08,1.34,0.59,1.1,0.7,,0.0,-47.41,-3.63,22.83,0.32,-204.98,2500.69,213.54,0.33
300804.SZ,广康生化,14.77,85.52,91.49,2.92,2.42,2.6,2.45,,0.0,169.48,7.5,37.8,0.32,12.19,75.74,65.79,0.34
300171.SZ,东富龙,86.82,67.36,134.02,1.5,1.35,1.68,1.08,0.19,49.67,-20.15,7.47,39.19,0.32,17.94,99.49,40.09,0.33
301390.SZ,经纬股份,12.58,117.67,118.07,2.58,1.4,1.62,0.91,,0.0,-45.25,24.19,46.83,0.32,4.88,168.38,145.27,0.33
300915.SZ,海融科技,14.93,-157.79,-592.3,2.12,-1.65,-1.01,-0.94,,0.0,-134.26,13.36,13.56,0.32,扣非亏损,扣非亏损,亏损,-0.68
300351.SZ,永贵电器,47.15,73.32,79.69,2.79,2.66,2.89,2.1,,0.0,-29.61,21.66,46.12,0.32,3.68,59.99,50.74,0.34
301276.SZ,嘉曼服饰,19.3,38.43,33.41,1.66,1.97,3.23,3.34,,0.0,-39.26,-3.23,19.02,0.32,-10.35,33.87,23.79,0.35
688687.SH,凯因科技,35.44,25.93,27.9,1.97,5.51,5.55,4.42,,0.0,-9.05,3.41,36.36,0.32,8.19,10.13,9.34,0.42
688602.SH,康鹏科技,21.39,-812.59,-89.04,1.53,-0.51,-0.14,-0.48,,0.0,76.26,-9.58,15.08,0.32,扣非亏损,扣非亏损,亏损,-0.68
300778.SZ,新城市,27.16,-103.34,-35.54,2.2,-3.15,-1.56,-2.05,,0.0,-15.81,-17.63,13.24,0.32,扣非亏损,扣非亏损,亏损,-0.68
600650.SH,锦江在线,56.63,65.78,65.44,1.87,2.3,2.13,1.63,,0.0,-15.93,-11.98,19.24,0.32,-5.46,56.98,61.76,0.34
600874.SH,创业环保,80.96,11.04,14.78,1.02,6.05,7.1,4.28,,0.0,-3.84,2.12,56.78,0.32,6.99,4.89,3.11,0.53
600185.SH,珠免集团,121.77,-16.16,-8.17,21.27,-60.55,-65.54,1.5,,0.0,41.04,-16.97,82.08,0.32,扣非亏损,扣非亏损,亏损,-0.68
600843.SH,上工申贝,50.72,770.22,-18.49,2.53,-6.67,0.25,1.74,,0.0,-199.8,12.26,51.4,0.32,扣非亏损,扣非亏损,6139.66,-0.68
600219.SH,南山铝业,846.35,16.83,16.12,1.63,7.33,7.39,7.19,5.55,17.39,10.02,6.76,17.56,0.32,2.39,2.2,2.28,0.77
600916.SH,中国黄金,166.49,37.29,42.85,2.31,4.04,4.51,2.95,,0.0,-57.55,6.57,46.82,0.32,6.52,21.21,16.54,0.37
601298.SH,青岛港,490.14,10.59,11.39,1.3,9.08,9.47,8.82,1.76,33.32,2.65,4.43,25.01,0.32,2.57,1.25,1.12,1.11
000012.SZ,南玻A,95.42,98.52,-27.99,1.12,0.38,1.12,0.9,,0.0,-92.75,5.27,56.17,0.32,扣非亏损,危险信号,175.93,0.31
002152.SZ,广电运通,320.69,39.96,45.04,2.52,4.04,4.77,2.61,1.23,0.0,-7.52,17.1,46.77,0.32,2.63,22.3,16.75,0.36
000813.SZ,德展健康,74.85,-92.01,-80.87,1.5,-1.27,-1.2,-2.15,,0.0,-1493.85,-13.79,5.18,0.32,扣非亏损,扣非亏损,亏损,-0.68
000415.SZ,渤海租赁,249.15,-15.61,-8.93,0.99,-6.18,-4.55,2.86,,0.0,-237.52,12.92,83.91,0.32,扣非亏损,扣非亏损,亏损,-0.68
301221.SZ,光庭信息,34.01,84.12,118.47,2.51,1.47,2.26,1.06,,0.0,445.95,12.75,7.25,0.32,9.29,161.52,74.44,0.32
000821.SZ,ST京机,83.38,22.62,47.33,2.0,5.1,6.82,2.56,,0.0,-44.16,29.42,67.38,0.32,1.61,18.57,6.63,0.37
601111.SH,中国国航,860.06,51.72,-97.07,2.78,3.59,4.09,1.47,,0.0,279.95,51.95,87.88,0.31,扣非亏损,危险信号,25.29,0.3
301223.SZ,中荣股份,22.18,21.67,24.73,1.29,4.27,4.48,3.44,,0.0,20.41,3.12,31.19,0.31,7.93,11.59,9.67,0.4
000617.SZ,中油资本,1122.62,21.07,26.87,1.07,3.74,3.87,0.87,0.57,0.0,-2.81,2.9,82.72,0.31,9.26,14.35,10.89,0.38
301305.SZ,朗坤科技,34.34,20.15,24.02,1.77,6.74,6.75,5.27,0.89,32.76,30.59,3.64,36.76,0.31,6.6,3.56,2.99,0.59
600754.SH,锦江酒店,248.89,29.45,39.57,1.85,5.37,4.75,3.65,,0.0,31.43,7.36,64.76,0.31,5.38,14.73,12.4,0.38
002062.SZ,宏润建设,93.69,31.73,38.63,2.03,4.76,4.86,1.92,,0.0,-3.16,-16.56,63.79,0.31,-2.33,16.24,13.06,0.37
002666.SZ,德联集团,30.19,44.52,72.58,1.32,1.87,2.25,2.36,1.65,113.75,-21.19,-0.75,31.6,0.31,-96.2,38.75,19.79,0.34
688186.SH,广大特材,75.03,22.62,27.69,1.57,5.7,6.24,3.48,,0.0,452.92,13.73,63.13,0.31,2.02,9.71,7.25,0.42
600022.SH,山东钢铁,186.16,99.87,-27.28,0.99,0.73,0.74,1.3,,0.0,109.32,-9.51,57.13,0.31,扣非亏损,危险信号,269.91,0.3
000707.SZ,双环科技,37.34,-113.33,-28.2,1.39,-3.23,-0.99,1.78,,0.0,-127.38,1.86,49.01,0.31,扣非亏损,扣非亏损,亏损,-0.69
002092.SZ,中泰化学,219.18,-92.23,-25.6,1.02,-1.01,-0.83,0.85,,0.0,47.62,-20.65,64.71,0.31,扣非亏损,扣非亏损,亏损,-0.69
600739.SH,辽宁成大,186.17,10.23,21.52,0.63,4.59,4.58,4.05,,0.0,92.2,-14.0,31.75,0.31,-1.54,9.38,4.47,0.42
600169.SH,ST太重,83.66,74.07,202.04,1.65,0.29,1.69,1.69,,0.0,1556.83,3.46,82.05,0.31,58.34,1411.85,87.66,0.31
000825.SZ,太钢不锈,282.53,37.3,632.12,0.85,1.43,1.73,1.05,,0.0,157.68,-0.18,46.36,0.31,-3548.58,883.78,43.13,0.31
301222.SZ,浙江恒威,26.43,40.65,34.2,2.32,3.91,4.23,3.93,,0.0,-32.92,8.94,10.9,0.31,3.82,17.49,19.22,0.37
600600.SH,青岛啤酒,449.73,12.3,20.67,2.76,16.3,17.37,13.34,,0.0,5.03,2.28,37.35,0.31,9.07,2.54,1.42,0.71
300070.SZ,碧水源,145.98,-145.06,11053.79,0.57,-0.33,-0.29,0.22,,0.0,-55.11,-3.49,63.03,0.31,-3165.67,困境反转,亏损,0.31
001280.SZ,中国铀业,142.28,116.37,112.8,15.45,10.55,10.56,7.99,,0.0,30.91,25.17,51.9,0.31,4.48,21.39,22.04,0.36
000596.SZ,古井贡酒,464.54,11.38,12.88,2.36,15.59,15.48,12.78,0.75,0.0,-16.85,21.18,30.55,0.31,0.61,1.65,1.47,0.92
002386.SZ,天原股份,83.81,198.37,-30.72,1.12,-0.01,0.42,0.77,,0.0,99.55,-9.62,60.37,0.31,扣非亏损,扣非亏损,944.61,-0.69
603661.SH,恒林股份,46.03,12.38,16.2,1.21,7.15,7.35,3.52,1.72,41.67,1.3,24.38,63.4,0.31,0.66,2.27,1.68,0.75
688790.SH,昂瑞微,15.89,-156.7,-82.38,14.37,-9.48,-6.64,-3.65,,0.0,-121.67,53.8,43.33,0.31,扣非亏损,扣非亏损,亏损,-0.69
002363.SZ,隆基机械,36.96,67.04,81.58,1.74,1.74,1.95,0.99,,0.0,14.39,6.97,30.1,0.31,11.71,93.79,68.76,0.32
688671.SH,碧兴物联,10.97,-34.21,-22.59,1.73,-4.48,-3.73,-3.9,,0.0,-145.84,-16.43,20.01,0.31,扣非亏损,扣非亏损,亏损,-0.69
603281.SH,江瀚新材,120.7,28.09,27.53,2.57,6.26,6.46,5.8,,0.0,-30.01,-1.1,10.3,0.31,-25.03,8.79,8.7,0.42
001387.SZ,雪祺电气,16.02,41.6,28.76,2.06,3.47,3.76,1.89,,0.0,-16.34,-0.7,46.72,0.31,-40.86,16.56,22.13,0.37
601233.SH,桐昆股份,483.25,23.45,34.26,1.28,3.5,4.15,2.2,,0.0,58.07,20.23,66.3,0.31,1.69,19.56,11.3,0.36
300360.SZ,炬华科技,89.65,14.41,18.69,2.18,10.05,11.71,10.38,1.73,0.0,-27.08,18.87,14.42,0.31,0.99,3.72,2.46,0.58
688366.SH,昊海生科,81.23,23.7,30.82,1.71,4.55,5.39,4.2,0.91,43.96,-20.75,15.6,17.33,0.31,1.98,6.77,4.4,0.45
000880.SZ,潍柴重机,66.45,54.5,62.7,6.6,9.0,8.3,2.45,0.33,20.93,44.84,5.52,73.44,0.31,11.36,6.97,6.57,0.45
002037.SZ,保利联合,42.58,-32.18,-38.44,2.27,-5.7,-5.28,0.75,,0.0,-41.83,2.5,83.34,0.31,扣非亏损,扣非亏损,亏损,-0.69
600348.SH,华阳股份,366.16,24.43,23.81,1.33,3.5,4.07,2.86,,0.0,-32.36,-12.87,53.82,0.31,-1.85,13.6,12.0,0.38
000507.SZ,珠海港,51.43,15.83,16.79,0.96,4.08,4.25,3.46,,0.0,24.92,-7.34,54.31,0.3,-2.29,8.22,7.45,0.43
601996.SH,丰林集团,28.13,-35.55,-17.33,1.1,-2.68,-2.3,-1.68,,0.0,-115.14,-0.11,27.93,0.3,扣非亏损,扣非亏损,亏损,-0.7
603233.SH,大参林,217.18,15.07,19.64,3.08,15.2,14.85,6.26,1.93,48.57,25.93,16.75,67.45,0.3,1.17,1.29,1.01,1.08
301126.SZ,达嘉维康,16.74,366.89,-425.98,1.43,0.22,0.29,1.75,0.18,0.0,-89.02,26.55,72.68,0.3,扣非亏损,危险信号,2530.31,0.3
000517.SZ,荣安地产,51.33,-76.58,-3.0,1.14,-1.88,-1.11,-0.08,,0.0,-133.99,14.33,55.13,0.3,扣非亏损,扣非亏损,亏损,-0.7
002208.SZ,合肥城建,124.8,-238.51,-51.73,1.94,-0.96,-0.61,0.91,,0.0,-176.54,15.63,72.77,0.3,扣非亏损,扣非亏损,亏损,-0.7
001230.SZ,劲旅环境,19.53,20.04,22.08,1.73,6.62,6.59,5.53,0.5,18.64,17.23,4.41,38.17,0.3,5.01,3.33,3.04,0.6
601326.SH,秦港股份,173.18,10.97,12.66,1.0,6.98,6.94,6.13,,0.0,8.69,1.4,24.27,0.3,9.06,3.63,3.16,0.58
600664.SH,哈药股份,90.41,20.64,22.35,1.6,5.25,5.96,3.55,,0.0,-38.56,8.15,54.49,0.3,2.74,8.52,6.93,0.42
601003.SH,柳钢股份,137.37,16.06,28.55,1.56,7.26,7.58,3.15,,0.0,285.61,-8.74,65.36,0.3,-3.27,7.87,4.24,0.43
601000.SH,唐山港,258.96,13.99,14.83,1.24,6.59,6.63,7.22,,0.0,-11.1,-1.85,9.45,0.3,-8.02,4.5,4.22,0.52
300768.SZ,迪普科技,72.86,89.35,75.6,3.28,2.41,2.79,1.71,,0.0,-0.21,4.71,12.23,0.3,16.04,62.62,64.05,0.32
600787.SH,中储股份,128.03,21.61,-39.66,0.92,0.87,3.19,2.96,,0.0,-25.86,-5.49,38.08,0.3,扣非亏损,危险信号,13.56,0.29
002614.SZ,奥佳华,29.26,56.11,69.82,0.96,0.95,1.25,0.44,,0.0,497.97,-14.81,41.72,0.3,-4.72,147.18,89.78,0.31
301318.SZ,维海德,25.58,34.02,40.29,2.08,3.76,4.64,4.49,,0.0,-11.68,6.3,8.35,0.3,6.39,21.44,14.66,0.35
300773.SZ,拉卡拉,198.48,46.43,75.5,5.85,6.9,9.69,3.76,0.7,66.67,-53.32,-3.67,67.19,0.3,-20.56,10.95,4.79,0.39
300196.SZ,长海股份,47.93,23.11,24.17,1.7,5.65,5.49,4.05,0.69,23.26,45.54,2.96,36.4,0.3,8.16,4.28,4.21,0.53
300130.SZ,新国都,108.32,26.05,45.19,3.26,8.53,9.32,6.86,1.08,61.22,-32.97,-3.21,29.15,0.3,-14.09,5.3,2.79,0.49
603766.SH,隆鑫通用,313.78,14.92,17.61,3.16,16.0,16.27,10.35,1.24,0.0,81.47,9.69,43.19,0.3,1.82,2.2,1.83,0.75
600004.SH,白云机场,217.74,16.23,21.38,1.24,4.57,5.84,5.41,,0.0,31.1,18.01,30.7,0.3,1.19,9.35,5.56,0.41
600018.SH,上港集团,1204.18,8.02,9.13,0.86,7.68,8.23,7.24,0.92,14.46,-0.64,3.65,29.84,0.3,2.5,1.19,0.98,1.14
000983.SZ,山西焦煤,422.94,22.12,24.8,1.15,3.98,3.93,3.21,0.56,20.16,-47.42,-4.31,56.36,0.3,-5.76,6.23,5.63,0.46
301006.SZ,迈拓股份,16.03,35.92,29.85,2.03,4.21,4.29,3.93,,0.0,24.15,-3.96,12.89,0.3,-7.54,14.19,16.74,0.37
002616.SZ,长青集团,36.37,19.78,16.41,1.86,7.94,6.92,4.37,2.75,92.25,128.42,7.38,71.72,0.3,2.22,2.07,2.86,0.78
920030.BJ,德众汽车,7.0,-104.16,-58.92,2.47,-3.75,-1.74,0.47,,0.0,-939.52,-4.82,67.27,0.3,扣非亏损,扣非亏损,亏损,-0.7
920855.BJ,浙江大农,11.56,29.85,28.42,2.25,5.66,5.71,4.69,,0.0,28.34,-2.8,16.42,0.3,-10.16,10.04,10.45,0.4
601366.SH,利群股份,41.52,226.72,-314.06,1.05,-0.95,0.32,1.7,,0.0,8.7,-2.72,73.28,0.3,扣非亏损,扣非亏损,1416.99,-0.7
601766.SH,中国中车,1561.84,13.87,13.91,1.09,5.37,5.8,2.7,1.61,44.0,51.67,3.02,62.74,0.3,4.61,2.59,2.39,0.68
600587.SH,新华医疗,93.0,16.06,24.06,1.18,4.8,5.65,3.53,1.74,39.06,-38.98,1.95,45.85,0.3,12.36,5.01,2.84,0.5
300284.SZ,苏交科,87.17,87.24,95.33,1.09,0.47,1.0,0.9,0.25,26.49,-68.5,-2.44,43.29,0.3,-39.03,204.54,87.24,0.3
600028.SH,中国石化,5997.83,19.15,22.1,0.92,3.7,3.63,2.45,1.42,49.72,-30.51,4.53,54.69,0.3,4.88,5.97,5.27,0.46
603008.SH,喜临门,70.64,13.27,22.05,1.81,10.25,10.27,5.37,1.37,38.89,7.62,4.05,54.63,0.3,5.44,2.15,1.29,0.76
600386.SH,北巴传媒,33.95,495.43,-1062.6,1.9,-0.56,0.29,1.53,,0.0,-150.59,3.99,55.79,0.3,扣非亏损,扣非亏损,3416.75,-0.7
001872.SZ,招商港口,511.94,10.87,12.64,0.87,5.87,6.08,4.76,,0.0,9.49,1.88,35.02,0.29,6.71,4.31,3.58,0.53
002705.SZ,新宝股份,112.49,10.08,10.27,1.33,9.72,9.98,6.83,1.05,22.33,2.07,4.54,44.43,0.29,2.26,1.06,1.01,1.24
301393.SZ,昊帆生物,21.08,40.86,47.71,2.3,3.52,4.3,4.31,0.27,0.0,-2.79,8.08,7.86,0.29,5.91,27.11,19.0,0.33
600229.SH,城市传媒,41.23,98.58,-128.69,1.3,0.44,0.99,0.63,,0.0,-86.61,0.5,24.68,0.29,扣非亏损,危险信号,199.16,0.29
000655.SZ,金岭矿业,62.21,21.16,26.51,1.77,5.99,6.42,6.14,1.05,19.8,46.05,-4.16,11.92,0.29,-6.37,4.43,3.3,0.52
301296.SZ,新巨丰,35.38,39.02,36.92,1.3,1.88,2.55,3.55,,0.0,-54.94,11.91,53.17,0.29,3.1,39.34,30.6,0.32
601999.SH,出版传媒,39.39,38.46,33.34,1.49,2.12,2.92,1.6,,0.0,127.09,-5.34,37.64,0.29,-6.25,31.47,26.34,0.32
920183.BJ,海菲曼,4.84,28.14,29.66,7.41,19.85,21.46,19.75,,0.0,,,12.78,0.29,,2.99,2.62,0.63
301185.SZ,鸥玛软件,28.04,51.84,46.22,2.87,3.86,4.15,3.63,,0.0,0.11,5.27,2.95,0.29,8.76,23.94,24.98,0.33
601107.SH,四川成渝,137.55,11.22,12.4,1.16,6.6,7.37,3.35,,0.0,16.41,2.66,66.38,0.29,4.66,3.75,3.05,0.56
000034.SZ,神州数码,226.19,30.29,33.39,2.44,6.45,6.45,2.41,,0.0,-23.76,1.69,76.37,0.29,19.81,10.36,9.39,0.39
600428.SH,中远海特,203.45,12.88,14.05,1.38,9.21,8.71,6.45,,0.0,32.19,25.13,57.92,0.29,0.56,3.05,2.96,0.62
002480.SZ,新筑股份,52.2,-92.75,-14.65,5.42,-20.13,-4.26,1.72,,0.0,26.22,15.59,84.15,0.29,扣非亏损,扣非亏损,亏损,-0.71
603258.SH,电魂网络,46.0,-114.26,-55.14,2.14,-1.75,-1.4,-2.05,,0.0,-174.04,-17.9,12.56,0.29,扣非亏损,扣非亏损,亏损,-0.71
688592.SH,司南导航,17.71,-121.79,-60.33,4.0,-3.38,-2.43,-1.88,,0.0,-55.01,13.14,28.02,0.29,扣非亏损,扣非亏损,亏损,-0.71
600597.SH,光明乳业,109.31,94.0,93.05,1.16,1.7,0.91,1.05,,0.0,-24.68,-5.95,50.9,0.29,-15.63,109.67,206.6,0.3
600126.SH,杭钢股份,312.73,233.14,-165.38,1.6,0.37,0.52,0.18,,0.0,112.56,9.87,41.33,0.29,扣非亏损,危险信号,896.7,0.29
688562.SH,航天软件,34.66,-58.57,-54.31,4.9,-8.03,-6.09,-3.7,,0.0,-26.65,-5.36,45.79,0.29,扣非亏损,扣非亏损,亏损,-0.71
000926.SZ,福星股份,35.55,-3.11,-1.42,0.42,-8.51,-9.6,-1.82,,0.0,-1774.65,5.36,65.87,0.29,扣非亏损,扣非亏损,亏损,-0.71
601068.SH,中铝国际,164.07,120.83,-110.09,6.56,0.89,0.83,1.24,,0.0,-38.51,0.29,71.79,0.29,扣非亏损,危险信号,291.16,0.28
600690.SH,海尔智家,1568.26,10.15,11.75,1.97,14.63,14.97,7.25,1.03,20.71,15.03,6.28,56.48,0.29,1.87,0.8,0.68,1.53
002385.SZ,大北农,151.18,53.84,57.25,2.12,2.07,2.97,2.85,0.75,0.0,131.94,-2.46,64.63,0.29,-23.31,55.31,36.25,0.31
605287.SH,德才股份,66.01,100.9,-19.35,4.25,2.1,3.18,1.34,,0.0,-55.64,-4.05,84.71,0.29,扣非亏损,危险信号,63.46,0.23
600667.SH,太极实业,214.17,36.36,46.88,2.47,4.98,5.1,2.04,,0.0,-15.51,15.37,71.69,0.29,3.05,18.81,14.26,0.34
603118.SH,共进股份,98.72,85.81,-190.86,1.96,1.28,1.73,1.18,,0.0,337.06,-7.52,58.74,0.29,扣非亏损,危险信号,99.2,0.28
600128.SH,苏豪弘业,28.08,43.21,139.78,1.33,0.88,2.33,1.42,,0.0,116.27,10.47,56.99,0.29,13.35,319.32,37.15,0.29
301563.SZ,云汉芯城,20.59,88.49,,8.01,7.87,10.32,7.23,,0.0,,-9.48,32.49,0.29,,,17.15,0.35
000632.SZ,三木集团,23.04,-12.65,-4.17,2.62,-13.58,-14.4,0.2,,0.0,-24.24,12.43,84.23,0.29,扣非亏损,扣非亏损,亏损,-0.71
601139.SH,深圳燃气,220.07,17.99,17.1,1.39,5.65,5.78,3.27,,0.0,-11.59,11.64,59.94,0.29,1.47,6.06,6.22,0.45
301097.SZ,天益医疗,17.42,132.45,-4811.12,3.0,0.71,1.7,1.2,,0.0,762.11,0.55,42.92,0.29,扣非亏损,危险信号,155.82,0.29
301151.SZ,冠龙节能,33.3,90.62,45.76,1.62,1.09,1.33,0.92,0.53,0.0,34.24,-3.69,22.86,0.29,-12.42,83.78,136.28,0.3
002022.SZ,科华生物,30.7,-9.9,-4.01,0.99,-7.47,-7.16,-4.63,,0.0,-67.45,-16.38,27.53,0.29,扣非亏损,扣非亏损,亏损,-0.71
002416.SZ,爱施德,164.98,37.16,49.07,2.87,5.26,5.61,4.84,,0.0,-27.57,-10.57,52.18,0.28,-4.64,18.67,13.25,0.34
002743.SZ,富煌钢构,26.77,48.69,120.54,0.81,1.23,1.28,1.59,,0.0,-38.19,-11.57,66.5,0.28,-10.42,195.37,76.08,0.29
301511.SZ,德福科技,147.16,278.84,-84566.2,6.09,0.63,2.64,1.89,,0.0,112.0,27.32,72.42,0.28,扣非亏损,危险信号,211.24,0.28
600807.SH,济高发展,26.37,-27.09,-16.2,67.55,-68.85,-462.45,-3.18,,0.0,9.95,-24.12,87.1,0.28,扣非亏损,扣非亏损,亏损,-0.72
000589.SZ,贵州轮胎,77.09,12.93,16.03,0.87,4.84,5.03,3.07,0.77,0.0,-20.72,13.37,51.0,0.28,1.2,6.63,5.14,0.43
920665.BJ,科强股份,7.82,37.11,38.21,2.2,4.26,4.46,4.28,,0.0,-32.43,7.1,14.46,0.28,5.39,17.96,16.64,0.34
600459.SH,贵研铂业,162.96,24.42,28.81,2.2,5.9,6.86,3.86,,0.0,8.4,7.85,64.02,0.28,3.67,9.76,7.12,0.39
301678.SZ,新恒汇,31.57,98.79,,8.27,6.76,9.4,7.41,0.78,100.0,,15.58,7.02,0.28,,,10.51,0.38
301345.SZ,涛涛车业,60.73,28.18,31.32,6.67,18.25,18.13,14.53,0.6,47.62,104.14,15.92,34.88,0.28,1.97,1.72,1.55,0.87
002651.SZ,利君股份,56.38,88.65,127.15,3.67,2.9,3.12,2.07,,0.0,-30.83,-5.37,19.48,0.28,-23.69,87.8,56.83,0.29
605189.SH,富春染织,28.3,90.9,136.75,1.6,0.67,1.24,1.42,,0.0,-87.98,12.2,63.95,0.28,11.21,409.36,146.61,0.28
688162.SH,巨一科技,45.46,65.48,74.22,1.9,1.26,2.2,0.85,,0.0,165.07,21.83,71.89,0.28,3.4,117.87,59.52,0.29
603190.SH,亚通精工,10.67,23.55,38.52,1.48,3.72,4.79,3.93,0.22,13.64,2.96,6.29,42.29,0.28,6.12,10.35,4.92,0.38
600481.SH,双良节能,153.78,-21.22,-11.51,3.72,-13.22,-12.06,-1.4,,0.0,59.65,98.08,81.91,0.28,扣非亏损,扣非亏损,亏损,-0.72
600470.SH,六国化工,44.49,-16.1,-21.54,2.73,-12.0,-11.99,-1.69,,0.0,-1948.17,2.71,71.46,0.28,扣非亏损,扣非亏损,亏损,-0.72
600420.SH,国药现代,146.99,13.76,17.18,1.08,5.51,5.93,5.48,0.99,19.96,-20.24,-7.77,18.79,0.28,-2.21,3.12,2.32,0.6
600033.SH,福建高速,105.38,9.62,12.75,0.85,6.83,6.83,7.73,1.21,0.0,4.3,1.03,14.01,0.28,12.32,3.73,2.82,0.55
301077.SZ,星华新材,27.42,33.99,34.44,4.27,8.85,9.0,6.0,1.16,63.83,1.5,0.44,36.6,0.28,78.44,3.89,3.78,0.54
600449.SH,宁夏建材,65.18,22.08,30.9,0.88,2.43,3.02,2.67,,0.0,26.89,17.69,25.55,0.28,1.75,25.49,14.62,0.32
688767.SH,博拓生物,54.3,182.92,102.0,2.32,0.64,0.94,0.17,,0.0,-81.4,-15.22,5.44,0.28,-6.7,320.8,389.18,0.28
603613.SH,国联股份,200.24,13.64,14.36,2.26,12.75,13.16,10.4,,0.0,5.52,26.02,46.28,0.28,0.55,2.25,2.07,0.72
601827.SH,三峰环境,155.16,10.54,12.72,1.3,9.21,9.5,6.1,,0.0,6.44,0.67,52.0,0.28,19.02,2.76,2.22,0.64
603185.SH,弘元绿能,172.06,55.16,-15.81,1.43,1.2,1.96,1.26,,0.0,109.9,5.48,54.87,0.28,扣非亏损,危险信号,56.29,0.24
000877.SZ,天山股份,383.26,-24.35,131.96,0.47,-1.91,-1.44,0.62,,0.0,61.85,-20.01,65.96,0.28,-6.6,困境反转,亏损,0.31
002004.SZ,华邦健康,105.94,13.66,-50.2,1.15,5.8,6.38,4.34,4.18,101.57,26.53,-1.78,44.95,0.28,扣非亏损,危险信号,2.14,0.16
002135.SZ,东南网架,76.52,120.45,163.08,1.3,0.44,0.78,1.02,,0.0,-78.7,0.36,69.73,0.28,451.34,735.44,308.84,0.28
300240.SZ,飞力达,27.47,63.47,-150.91,1.9,1.16,2.28,2.18,,0.0,349.08,1.08,58.24,0.28,扣非亏损,危险信号,55.68,0.28
301138.SZ,华研精机,25.55,47.39,40.21,3.81,5.78,6.15,4.79,1.29,0.0,35.26,5.5,31.36,0.28,7.31,13.93,15.41,0.35
003023.SZ,彩虹集团,25.9,44.57,36.68,1.68,2.49,2.82,2.17,,0.0,-44.87,4.47,24.48,0.28,8.21,29.43,31.61,0.31
002206.SZ,海利得,58.69,14.45,14.02,2.04,11.6,10.65,5.95,,0.0,59.99,5.24,48.34,0.28,2.67,2.42,2.71,0.69
002668.SZ,TCL智家,104.07,9.26,9.28,2.94,32.38,33.61,13.17,1.96,0.0,16.11,9.53,68.37,0.28,0.97,0.57,0.55,2.02
002623.SZ,亚玛顿,49.22,-62.1,-25.58,1.74,-2.73,-1.98,-0.55,,0.0,-98.13,16.73,49.96,0.28,扣非亏损,扣非亏损,亏损,-0.72
000828.SZ,东莞控股,113.41,10.18,10.71,1.12,8.33,8.31,6.1,1.39,29.29,38.57,-24.18,37.15,0.28,-0.44,1.29,1.22,1.05
688567.SH,孚能科技,172.81,-33.62,-36.72,1.8,-4.32,-3.97,-1.22,,0.0,-32.88,81.33,60.75,0.28,扣非亏损,扣非亏损,亏损,-0.72
301026.SZ,浩通科技,34.81,30.87,42.38,2.98,6.77,7.6,4.18,,0.0,19.49,6.15,63.41,0.28,6.89,12.52,8.12,0.36
000729.SZ,燕京啤酒,328.26,15.62,25.18,2.33,11.06,11.62,9.25,0.89,0.0,33.59,7.08,32.55,0.28,3.56,4.55,2.69,0.5
601019.SH,山东出版,186.99,11.28,11.11,1.2,7.64,8.25,5.23,0.69,18.75,29.4,2.54,33.41,0.28,4.37,1.46,1.37,0.96
000537.SZ,绿发电力,256.05,23.84,29.18,1.28,4.11,3.97,1.95,0.55,15.0,-3.06,-23.61,72.43,0.28,-1.24,7.09,6.01,0.42
001325.SZ,元创股份,10.98,26.94,27.85,3.24,9.24,9.44,7.39,,0.0,6.77,9.99,33.7,0.28,2.79,6.03,5.71,0.44
002945.SZ,华林证券,439.83,74.96,95.63,6.11,5.76,6.35,,,0.0,27.24,4.71,76.49,0.28,20.29,33.23,23.61,0.31
002955.SZ,鸿合科技,50.95,55.99,330.49,1.87,1.88,2.46,1.75,,0.0,-71.08,-15.21,28.54,0.28,-21.73,352.0,45.52,0.28
003012.SZ,东鹏控股,78.06,16.96,24.15,1.04,4.23,4.64,3.28,,0.0,9.02,-5.92,33.74,0.28,-4.08,11.41,7.31,0.36
000919.SZ,金陵药业,45.82,50.22,76.5,1.21,1.49,1.8,1.37,,0.0,24.09,0.71,19.54,0.27,107.77,102.41,55.8,0.28
300787.SZ,海能实业,23.87,33.42,40.37,2.6,3.99,5.34,2.49,,0.0,54.33,3.57,60.37,0.27,11.3,20.25,12.52,0.32
603018.SH,华设集团,54.16,21.88,16.59,1.03,3.36,3.51,1.79,,0.0,-22.62,-8.44,56.62,0.27,-1.97,9.87,12.47,0.38
920639.BJ,晨光电缆,10.24,39.38,94.78,2.0,3.79,3.89,2.11,,0.0,-4.24,-1.43,59.29,0.27,-66.11,49.96,20.25,0.29
603278.SH,大业股份,38.89,124.79,-62.22,1.94,0.01,0.99,1.3,,0.0,100.17,0.27,75.26,0.27,扣非亏损,危险信号,252.09,0.27
601099.SH,太平洋,271.97,83.04,81.99,2.73,2.47,2.5,,,0.0,93.03,-4.97,50.28,0.27,-16.49,66.28,66.43,0.29
603238.SH,诺邦股份,31.08,24.3,26.69,2.15,6.53,6.73,4.11,,0.0,48.44,13.96,46.42,0.27,1.91,8.17,7.22,0.4
002106.SZ,莱宝高科,89.0,28.82,30.41,1.6,4.2,4.23,2.36,,0.0,-24.58,-7.86,41.9,0.27,-3.87,14.46,13.62,0.34
002941.SZ,新疆交建,121.14,20.22,22.86,2.58,8.18,11.02,2.83,,0.0,93.69,-14.93,69.97,0.27,-1.53,5.59,3.67,0.45
002959.SZ,小熊电器,67.72,21.38,20.22,2.47,7.89,8.49,6.06,,0.0,79.31,9.86,45.49,0.27,2.05,5.12,5.04,0.47
300500.SZ,启迪设计,20.73,37.02,-99.39,1.94,6.27,3.95,1.49,,0.0,341.0,-18.79,57.23,0.27,扣非亏损,危险信号,18.74,0.24
603637.SH,镇海股份,29.38,42.63,34.64,2.85,4.58,5.01,3.88,,0.0,11.26,-19.16,23.12,0.27,-1.81,15.13,17.02,0.34
301080.SZ,百普赛斯,56.52,42.47,44.58,2.84,5.04,5.06,3.73,,0.0,58.77,18.82,10.0,0.27,2.37,17.68,16.79,0.33
600011.SH,华能国际,863.32,6.23,8.49,1.84,9.87,20.29,4.76,,0.0,39.83,6.65,63.78,0.27,1.28,1.72,0.61,0.85
600055.SH,万东医疗,104.97,-289.33,-789.45,2.24,-0.94,-0.58,-0.95,,0.0,-140.11,10.18,15.88,0.27,扣非亏损,扣非亏损,亏损,-0.73
301429.SZ,森泰股份,9.27,43.06,52.56,1.83,2.6,3.22,1.98,0.68,0.0,-16.97,3.33,16.89,0.27,15.79,40.46,26.75,0.29
600023.SH,浙能电力,746.87,8.99,10.86,0.99,8.16,8.34,5.58,1.01,19.23,-5.2,8.07,43.93,0.27,1.35,1.33,1.08,1.02
000736.SZ,*ST中地,40.12,-1.81,-0.74,3.22,,-37.66,-1.41,,0.0,-6.98,34.78,43.67,0.27,扣非亏损,,亏损,-0.73
301170.SZ,锡南科技,10.35,28.9,29.63,1.75,4.22,4.6,4.43,,0.0,18.77,12.06,9.34,0.27,2.46,14.03,12.56,0.34
300272.SZ,开能健康,36.14,37.42,54.85,3.31,6.87,7.5,5.18,1.74,64.46,12.24,3.85,51.89,0.27,14.26,7.99,4.99,0.39
001208.SZ,华菱线缆,55.0,108.47,143.55,4.61,3.39,4.18,2.2,,0.0,11.05,17.82,52.74,0.27,8.05,84.67,51.9,0.28
001326.SZ,联域股份,15.34,178.83,222.69,3.84,1.6,1.6,0.28,,0.0,-77.05,7.38,34.41,0.27,30.18,277.72,223.54,0.27
600009.SH,上海机场,598.95,33.43,39.63,1.73,3.84,3.87,3.76,0.64,50.0,36.29,26.91,36.85,0.27,1.47,10.31,8.64,0.37
600557.SH,康缘药业,80.51,30.24,33.81,1.71,3.47,4.33,3.65,,0.0,-43.85,3.76,27.11,0.27,9.0,19.48,13.97,0.32
601921.SH,浙版传媒,175.33,20.76,13.44,1.29,3.81,4.49,2.42,1.28,32.87,57.91,-0.55,37.46,0.27,-24.6,3.53,4.62,0.55
688549.SH,中巨芯,57.52,428.95,-1031.26,4.73,0.4,0.83,0.09,,0.0,-24.43,22.75,24.1,0.27,扣非亏损,危险信号,1033.62,0.27
002543.SZ,万和电气,64.77,11.39,11.69,1.44,9.81,9.98,6.25,0.2,3.92,-6.58,0.14,39.9,0.27,81.3,1.19,1.14,1.11
300509.SZ,新美星,32.54,36.83,38.86,6.32,12.82,13.07,3.28,,0.0,325.73,14.97,74.9,0.27,2.6,6.06,5.64,0.43
002615.SZ,哈尔斯,26.75,30.53,25.28,2.4,5.87,5.86,3.03,,0.0,-54.28,13.06,55.3,0.27,1.94,8.61,10.42,0.38
600959.SH,江苏有线,201.03,48.2,-142.16,0.88,-0.11,1.38,0.93,,0.0,72.62,2.29,35.49,0.27,扣非亏损,扣非亏损,69.86,-0.73
300271.SZ,华宇软件,58.84,-32.62,-15.36,1.64,-3.87,-3.7,-4.25,,0.0,45.13,-29.89,18.89,0.27,扣非亏损,扣非亏损,亏损,-0.73
601611.SH,中国核建,578.96,39.25,39.2,2.66,3.39,4.55,1.58,0.07,0.0,-28.82,10.85,81.15,0.27,3.61,23.13,17.25,0.31
603818.SH,曲美家居,26.29,-29.46,-17.29,1.21,-5.2,-3.13,1.2,,0.0,7.84,-11.05,65.68,0.27,扣非亏损,扣非亏损,亏损,-0.73
601360.SH,三六零,839.95,-515.35,-161.99,2.86,-0.46,-0.41,-1.3,0.9,-250.0,82.71,-9.89,22.64,0.27,扣非亏损,扣非亏损,亏损,-0.73
301630.SZ,同宇新材,19.61,57.29,,4.69,8.26,10.02,6.37,,0.0,,2.57,31.46,0.27,,,11.44,0.35
301108.SZ,洁雅股份,19.96,38.27,125.48,1.84,3.04,3.64,3.47,0.3,25.0,157.45,-16.99,16.15,0.27,-7.39,41.34,10.51,0.29
600085.SH,同仁堂,410.76,26.16,31.02,3.01,8.66,8.72,6.08,,0.0,-11.95,8.53,32.57,0.27,3.64,7.17,6.0,0.41
002960.SZ,青鸟消防,80.98,29.87,37.33,1.5,3.58,3.84,3.01,,0.0,-26.43,8.72,31.22,0.27,4.28,20.88,15.55,0.31
002790.SZ,瑞尔特,21.09,41.18,36.63,1.6,2.13,2.85,2.23,,0.0,-59.94,8.11,16.1,0.27,4.52,34.34,28.9,0.29
000757.SZ,浩物股份,28.02,49.13,159.47,1.76,2.22,2.72,2.31,,0.0,237.97,-6.41,35.31,0.27,-24.87,143.52,36.13,0.27
688696.SH,极米科技,63.93,60.2,29.4,2.21,2.1,2.74,0.67,,0.0,195.17,-5.16,46.83,0.27,-5.7,28.05,43.94,0.3
600308.SH,华泰股份,63.71,65.83,-49.68,0.69,0.44,0.79,1.38,,0.0,-74.39,-4.15,42.39,0.26,扣非亏损,危险信号,166.65,0.26
001388.SZ,信通电子,14.09,74.9,58.6,5.06,5.54,7.0,4.27,1.4,139.53,-7.93,18.03,30.32,0.26,3.25,10.59,10.7,0.36
301321.SZ,翰博高新,31.86,-343.4,-25.38,4.14,-2.79,-0.86,-0.4,,0.0,73.58,-5.84,79.47,0.26,扣非亏损,扣非亏损,亏损,-0.74
300958.SZ,建工修复,13.24,-23.8,-16.06,1.83,-5.93,-5.6,-2.82,,0.0,-44885.78,-6.81,53.27,0.26,扣非亏损,扣非亏损,亏损,-0.74
600822.SH,上海物贸,40.84,194.39,-913.37,4.17,0.06,1.62,0.92,,0.0,-95.0,-3.15,30.76,0.26,扣非亏损,危险信号,239.99,0.26
600012.SH,皖通高速,176.36,13.12,14.1,2.08,10.66,10.78,8.06,,0.0,12.85,22.37,52.22,0.26,0.63,2.65,2.44,0.64
600798.SH,宁波海运,46.81,-111.3,-245.14,1.2,-0.84,-0.8,0.11,,0.0,-21.79,1.7,27.23,0.26,扣非亏损,扣非亏损,亏损,-0.74
300860.SZ,锋尚文化,28.56,427.12,-290.0,1.56,-0.73,0.27,0.27,,0.0,-47.89,21.87,8.67,0.26,扣非亏损,扣非亏损,3163.86,-0.74
603630.SH,拉芳家化,38.37,229.18,-585.81,2.01,0.22,0.65,0.79,,0.0,-91.58,-6.38,11.38,0.26,扣非亏损,危险信号,705.17,0.26
002203.SZ,海亮股份,316.11,26.56,34.74,1.95,6.38,6.42,2.62,0.79,27.78,46.59,11.54,59.61,0.26,3.01,5.44,4.14,0.45
920579.BJ,机科股份,8.92,884.91,-321.44,4.98,-1.47,0.42,0.33,,0.0,-203.28,4.96,56.99,0.26,扣非亏损,扣非亏损,4213.84,-0.74
000557.SZ,西部创业,75.23,19.15,39.44,1.18,2.15,4.73,4.14,,0.0,-38.99,6.15,8.58,0.26,6.42,36.69,8.1,0.29
603876.SH,鼎胜新材,194.03,47.44,53.66,2.65,4.17,4.37,1.76,0.27,19.05,45.22,11.05,70.72,0.26,4.85,12.86,10.86,0.34
600178.SH,东安动力,54.58,-1246.26,-88.98,2.15,-2.99,-0.17,-0.1,,0.0,4.55,-11.09,54.49,0.26,扣非亏损,扣非亏损,亏损,-0.74
600082.SH,海泰发展,24.3,766.29,42.43,1.39,0.03,0.14,1.78,,0.0,101.08,-26.39,41.0,0.26,-1.61,2886.61,10946.95,0.26
603350.SH,安乃达,15.81,32.69,41.31,3.18,6.26,7.58,4.13,0.79,46.15,0.36,9.21,45.38,0.26,4.48,6.6,4.31,0.41
300795.SZ,米奥会展,21.38,79.87,33.28,6.61,3.57,5.41,5.19,0.49,134.0,-62.14,73.82,34.82,0.26,0.45,9.33,14.76,0.37
688334.SH,西高院,36.65,28.08,30.5,2.59,6.53,6.9,7.05,1.19,55.1,38.84,12.6,16.74,0.26,2.42,4.67,4.07,0.48
600038.SH,中直股份,239.21,59.0,66.39,1.7,1.69,2.4,0.59,,0.0,-12.5,7.04,67.23,0.26,9.44,78.68,49.16,0.27
601778.SH,晶科科技,207.12,43.67,196.13,1.31,1.52,2.21,2.64,,0.0,-14.95,10.27,61.66,0.26,19.09,258.3,39.52,0.26
002674.SZ,兴业科技,40.9,78.14,65.96,1.72,1.4,4.61,2.61,,0.0,-67.88,20.09,42.96,0.26,3.28,94.21,33.9,0.27
000009.SZ,中国宝安,243.95,64.68,-224.37,2.42,0.99,2.82,3.78,,0.0,-58.31,14.71,59.59,0.26,扣非亏损,危险信号,45.87,0.26
001210.SZ,金房能源,21.85,30.03,31.71,2.77,6.84,6.96,4.52,1.17,26.32,50.1,10.71,32.73,0.26,2.96,4.63,4.31,0.47
920943.BJ,优机股份,11.81,34.79,28.81,3.64,7.68,7.99,4.24,,0.0,15.25,11.15,51.65,0.26,2.58,7.5,8.71,0.39
002608.SZ,江苏国信,324.16,7.53,9.27,0.93,9.3,9.51,5.73,,0.0,13.89,8.55,51.25,0.26,1.08,1.99,1.58,0.76
603282.SH,亚光股份,13.9,21.96,28.16,2.19,6.99,7.66,4.48,,0.0,14.83,25.98,45.54,0.26,1.08,8.06,5.73,0.38
301383.SZ,天键股份,21.81,-401.09,343.69,2.51,-1.23,-0.46,-0.37,,0.0,-119.92,20.88,25.14,0.26,16.46,困境反转,亏损,0.26
300140.SZ,节能环境,78.55,20.28,29.79,1.7,6.24,6.35,4.34,0.89,34.13,32.9,-10.93,52.52,0.26,-2.73,4.77,3.19,0.47
301149.SZ,隆华新材,32.76,40.29,44.94,2.64,4.49,5.12,3.48,0.66,0.0,-27.94,14.87,34.01,0.26,3.02,20.03,15.74,0.31
600619.SH,海立股份,141.1,260.13,1106.7,3.13,0.58,0.9,0.78,,0.0,244.49,5.98,66.72,0.26,185.15,3793.97,578.06,0.26
002574.SZ,明牌珠宝,31.57,-22.07,-11.65,1.06,-3.87,-4.33,-0.6,,0.0,-377.44,3.41,57.24,0.26,扣非亏损,扣非亏损,亏损,-0.74
603681.SH,永冠新材,37.12,24.95,110.38,1.43,0.72,4.27,2.53,,0.0,-75.76,17.72,62.1,0.26,6.23,307.09,11.69,0.26
603262.SH,技源集团,10.76,69.24,,7.02,9.13,11.71,8.52,,0.0,,8.23,14.84,0.26,,,11.83,0.34
600054.SH,黄山旅游,69.09,29.05,33.65,2.05,5.23,5.37,7.06,0.62,0.0,-9.23,43.55,15.52,0.26,0.77,12.86,10.82,0.33
301176.SZ,逸豪新材,15.51,-180.32,-98.72,3.07,-1.45,-1.26,-0.72,,0.0,-42.84,4.41,47.27,0.26,扣非亏损,扣非亏损,亏损,-0.74
000553.SZ,安道麦A,146.08,-27.73,-9.64,0.85,-2.79,-2.26,2.25,,0.0,72.87,-0.64,63.04,0.26,扣非亏损,扣非亏损,亏损,-0.74
603982.SH,泉峰汽车,27.88,-9.76,-7.56,1.39,-11.94,-12.25,-2.24,,0.0,34.4,12.76,69.09,0.26,扣非亏损,扣非亏损,亏损,-0.74
603123.SH,翠微股份,85.84,-25.34,-17.24,5.75,-15.68,-15.69,-3.87,,0.0,18.63,-11.14,71.8,0.26,扣非亏损,扣非亏损,亏损,-0.74
301121.SZ,紫建电子,20.16,243.46,496.94,2.37,-0.29,0.73,0.37,,0.0,-110.11,12.87,45.37,0.26,38.62,-3424.81,667.01,0.26
301219.SZ,腾远钴业,141.55,20.35,25.88,2.18,7.99,8.27,7.57,1.46,62.89,19.18,16.29,23.56,0.26,1.59,3.24,2.46,0.56
301548.SZ,崇德科技,19.86,48.39,57.98,4.36,5.96,6.76,6.38,0.36,26.32,24.44,8.27,14.76,0.26,7.01,9.73,7.16,0.36
001914.SZ,招商积余,113.38,16.52,18.77,1.05,6.29,6.44,4.85,2.43,0.0,12.97,17.62,43.07,0.25,1.07,5.97,5.13,0.42
603995.SH,甬金股份,69.17,11.53,10.6,1.21,7.5,7.65,5.15,1.66,36.14,-5.62,10.63,55.69,0.25,1.0,1.41,1.51,0.96
688612.SH,威迈斯,72.96,21.35,25.17,3.47,11.74,12.55,6.51,,0.0,46.35,61.86,55.57,0.25,0.41,4.29,3.4,0.49
600977.SH,中国电影,250.92,283.61,-78.06,2.27,-0.84,0.6,0.59,,0.0,-165.46,6.2,39.34,0.25,扣非亏损,扣非亏损,945.36,-0.75
600628.SH,新世界,58.61,68.17,186.3,1.38,0.96,1.52,1.56,,0.0,-23.55,1.7,25.04,0.25,109.45,387.32,89.7,0.26
000903.SZ,ST云动,52.23,-12.66,-4.54,3.96,-21.06,-21.04,-1.77,,0.0,8.85,-13.81,87.01,0.25,扣非亏损,扣非亏损,亏损,-0.75
000727.SZ,冠捷科技,125.02,-15.59,-23.53,5.4,-20.18,-22.74,-1.97,,0.0,-1847.56,-7.64,78.26,0.25,扣非亏损,扣非亏损,亏损,-0.75
002649.SZ,博彦科技,68.79,30.06,77.98,1.73,3.8,4.36,3.13,,0.0,-4.59,7.83,24.28,0.25,9.95,41.08,13.79,0.28
601005.SH,重庆钢铁,132.19,-48.35,-6.75,0.86,-1.4,-1.32,-0.27,,0.0,82.92,-10.47,53.22,0.25,扣非亏损,扣非亏损,亏损,-0.75
300788.SZ,中信出版,68.51,31.94,38.61,3.03,6.96,7.25,4.52,0.58,25.0,14.42,-4.23,31.55,0.25,-9.13,5.55,4.41,0.43
600491.SH,龙元建设,47.73,-13.96,-5.22,0.49,-4.98,-2.58,1.59,,0.0,-53.79,-20.88,79.17,0.25,扣非亏损,扣非亏损,亏损,-0.75
688358.SH,祥生医疗,35.5,28.38,28.5,2.54,6.17,6.63,5.59,1.0,0.0,-2.69,6.55,11.24,0.25,4.35,9.24,8.56,0.36
600008.SH,首创环保,237.1,12.4,15.15,1.14,4.38,4.65,3.09,1.33,31.6,0.3,-4.23,63.59,0.25,-3.58,3.46,2.67,0.54
003032.SZ,*ST传智,18.56,-238.26,-26.63,2.16,-1.09,-0.68,-0.22,,0.0,77.15,-22.18,29.95,0.25,扣非亏损,扣非亏损,亏损,-0.75
601515.SH,衢州东峰,88.72,-69.68,-24.38,1.76,-1.18,-1.86,-2.6,,0.0,68.48,-25.73,21.79,0.25,扣非亏损,扣非亏损,亏损,-0.75
301590.SZ,优优绿能,16.72,49.5,,4.2,7.62,8.57,5.88,,0.0,,59.18,26.32,0.25,,,11.55,0.34
603135.SH,中重科技,28.55,-1704.77,324.04,2.43,-0.61,-0.11,-0.43,,0.0,-67.49,-18.47,22.25,0.25,-17.55,困境反转,亏损,0.25
605266.SH,健之佳,31.19,23.25,25.05,1.19,3.58,4.03,2.18,,0.0,0.26,22.2,73.05,0.25,1.13,13.99,11.54,0.32
300883.SZ,龙利得,23.54,5139.07,-238.63,1.73,-0.05,0.03,0.7,,0.0,-145.34,3.49,44.53,0.25,扣非亏损,扣非亏损,342604.77,-0.75
301602.SZ,超研股份,43.78,75.85,66.02,6.91,7.48,7.18,7.33,,0.0,-0.03,10.19,7.85,0.25,6.48,17.66,21.13,0.31
600006.SH,东风股份,138.0,101.93,-23.27,1.65,-2.43,1.22,0.62,,0.0,32.38,-10.66,46.97,0.25,扣非亏损,扣非亏损,167.11,-0.75
002401.SZ,中远海科,57.78,326.84,-534.34,3.54,0.25,0.79,0.13,,0.0,-97.02,1.56,41.2,0.25,扣非亏损,危险信号,827.44,0.25
001358.SZ,兴欣新材,15.17,61.52,74.69,2.56,2.34,3.12,3.02,,0.0,-39.06,2.71,9.3,0.25,27.61,63.78,39.44,0.27
600182.SH,S佳通,24.62,30.34,35.1,4.37,10.35,10.33,7.93,1.85,0.0,-22.31,11.93,53.9,0.25,2.94,6.79,5.87,0.4
301551.SZ,无线传媒,48.85,43.69,44.04,4.94,8.56,8.63,6.91,1.19,0.0,20.2,-2.99,6.21,0.25,-14.71,10.29,10.12,0.35
000698.SZ,ST沈化,32.29,28.42,31.76,2.28,4.8,6.23,2.62,,0.0,208.05,-19.14,71.59,0.25,-1.66,13.22,9.12,0.33
600548.SH,深高速,156.01,11.78,18.42,0.99,5.71,6.45,3.62,,0.0,14.64,-5.1,54.14,0.25,-3.61,6.45,3.65,0.4
601155.SH,新城控股,337.67,26.0,84.69,0.55,1.64,1.59,1.35,,0.0,-31.82,-17.82,72.0,0.25,-4.75,103.02,32.71,0.26
301367.SZ,瑞迈特,50.43,26.92,44.05,2.17,4.81,6.2,6.01,,0.0,63.41,22.7,15.08,0.25,1.94,18.31,8.68,0.3
688119.SH,中钢洛耐,63.0,208.33,-87.68,2.11,-0.14,0.76,0.86,,0.0,90.78,-6.06,42.24,0.25,扣非亏损,扣非亏损,548.24,-0.75
000410.SZ,沈阳机床,126.24,13027.28,-122.55,4.72,-3.19,0.05,0.46,,0.0,41.79,-3.87,54.98,0.25,扣非亏损,扣非亏损,521091.05,-0.75
002582.SZ,好想你,38.28,-792.96,-633.61,1.59,0.28,-0.14,0.18,,0.0,114.55,9.78,31.25,0.25,扣非亏损,危险信号,亏损,0.25
000822.SZ,山东海化,60.69,-11.49,-10.2,1.27,-8.43,-7.92,-5.93,,0.0,-409.19,1.0,48.52,0.25,扣非亏损,扣非亏损,亏损,-0.75
688389.SH,普门科技,57.03,26.23,24.0,2.71,7.36,7.84,4.84,,0.0,-37.18,14.36,20.77,0.25,1.67,6.52,6.69,0.4
000925.SZ,众合科技,52.72,-85.94,-1552.21,1.6,-1.76,-1.38,0.49,,0.0,35.12,-11.35,58.92,0.25,扣非亏损,扣非亏损,亏损,-0.75
920985.BJ,海泰新能,18.14,-7.54,-11.21,2.36,-19.7,-19.89,-4.58,,0.0,-269.63,-0.68,79.72,0.25,扣非亏损,扣非亏损,亏损,-0.75
600616.SH,金枫酒业,35.93,-281.06,176.8,1.87,-0.56,-0.49,-1.14,,0.0,66.48,-3.56,11.06,0.25,-49.7,困境反转,亏损,0.25
000932.SZ,华菱钢铁,422.81,12.63,20.07,0.76,4.2,4.56,2.81,,0.0,53.64,-5.46,55.53,0.25,-3.68,9.55,5.54,0.35
300073.SZ,当升科技,281.52,45.17,89.54,2.08,2.79,3.76,2.83,,0.0,20.38,26.28,23.68,0.25,3.41,64.14,24.03,0.26
000151.SZ,中成股份,40.0,-115.83,-23.49,13.17,-7.89,-8.12,-1.16,,0.0,80.7,2.71,89.42,0.25,扣非亏损,扣非亏损,亏损,-0.75
002241.SZ,歌尔股份,790.58,25.89,37.0,2.5,6.0,7.59,3.62,0.52,0.0,1.02,10.16,61.36,0.25,3.64,12.33,6.82,0.33
301283.SZ,聚胶股份,30.71,20.64,27.19,2.38,8.48,9.0,7.68,0.42,19.53,120.56,23.98,34.26,0.25,1.13,3.21,2.29,0.56
301058.SZ,中粮科工,55.33,35.14,24.66,2.53,4.98,5.42,2.74,,0.0,5.03,7.9,49.36,0.25,3.12,9.9,12.97,0.35
300407.SZ,凯发电气,35.88,48.41,53.95,2.32,3.28,4.0,2.58,,0.0,15.62,5.29,43.36,0.25,10.21,32.86,24.21,0.28
920187.BJ,通领科技,8.01,16.18,16.66,2.84,15.43,15.84,10.3,,0.0,,,31.0,0.25,,2.16,2.04,0.71
688485.SH,九州一轨,21.57,-159.13,225.31,2.91,-1.47,-1.36,-1.94,,0.0,35.14,0.29,11.44,0.25,776.83,困境反转,亏损,0.25
688065.SH,凯赛生物,330.13,67.93,73.15,2.32,2.94,2.89,1.9,,0.0,27.83,9.93,9.5,0.25,7.36,49.68,47.01,0.27
600289.SH,ST信通,45.1,-27.57,-28.85,4.5,-16.5,-13.33,-8.9,,0.0,-499.62,1.76,35.64,0.25,扣非亏损,扣非亏损,亏损,-0.75
002872.SZ,ST天圣,11.35,-27.77,-16.38,0.86,-2.64,-2.29,-1.53,,0.0,11.79,-7.94,25.64,0.25,扣非亏损,扣非亏损,亏损,-0.75
002999.SZ,天禾股份,26.88,57.83,70.11,2.27,2.33,2.9,1.37,,0.0,299.3,3.9,76.79,0.25,17.98,60.18,39.88,0.26
301388.SZ,欣灵电气,10.78,169.51,198.73,4.13,1.52,1.83,1.23,,0.0,106.94,-3.19,18.28,0.24,-62.32,262.28,185.25,0.25
002237.SZ,恒邦股份,200.2,32.06,44.45,2.43,5.87,5.59,3.4,,0.0,-6.16,22.52,67.48,0.24,1.97,15.15,11.47,0.31
600691.SH,潞化科技,105.24,-21.7,-15.77,2.91,-10.43,-9.59,-1.24,,0.0,9.91,-16.38,76.25,0.24,扣非亏损,扣非亏损,亏损,-0.76
002489.SZ,浙江永强,69.83,8.75,30.63,1.69,4.9,15.41,9.7,,0.0,81.31,-7.66,36.42,0.24,-4.0,12.5,1.14,0.32
600886.SH,国投电力,1101.73,13.62,17.82,1.79,9.71,10.06,5.27,,0.0,2.35,9.88,61.16,0.24,1.8,3.67,2.71,0.52
600546.SH,山煤国际,245.63,17.61,18.25,1.5,6.62,6.35,6.73,,0.0,-50.23,-14.6,49.71,0.24,-1.25,5.51,5.55,0.42
600805.SH,悦达投资,47.96,47.64,769.97,1.11,0.62,1.7,1.9,0.55,0.0,151.51,-7.4,49.76,0.24,-104.02,2503.15,56.05,0.24
300021.SZ,大禹节水,42.15,334.35,145.42,1.96,0.11,0.53,0.67,,0.0,120.76,8.37,69.49,0.24,17.38,2589.91,1261.69,0.24
688591.SH,泰凌微,64.21,49.27,57.74,3.71,5.37,5.78,4.88,,0.0,111.17,10.3,5.66,0.24,5.61,21.51,17.05,0.29
301315.SZ,威士顿,19.13,158.84,149.22,4.47,1.31,2.06,1.95,,0.0,-8.3,2.42,3.08,0.24,61.65,227.67,154.22,0.25
600500.SH,中化国际,176.54,-9.95,-4.85,1.56,-10.79,-11.12,-1.99,,0.0,5.79,-10.72,67.3,0.24,扣非亏损,扣非亏损,亏损,-0.76
002845.SZ,同兴达,38.96,-248.67,-68.78,2.14,-1.0,-0.56,0.16,,0.0,-139.67,-7.04,73.27,0.24,扣非亏损,扣非亏损,亏损,-0.76
000078.SZ,海王生物,85.36,249.52,-6.4,4.69,-4.29,1.42,2.2,,0.0,-493.21,-9.45,89.57,0.24,扣非亏损,扣非亏损,351.43,-0.76
920374.BJ,云里物里,7.66,163.38,250.42,7.2,2.88,3.29,1.59,,0.0,-64.1,0.39,22.15,0.24,638.24,173.91,99.32,0.25
002129.SZ,TCL中环,410.47,-5.33,-4.1,1.63,-21.53,-20.59,-4.34,,0.0,12.84,-0.22,67.49,0.24,扣非亏损,扣非亏损,亏损,-0.76
002626.SZ,金达威,115.57,24.02,24.89,2.61,7.91,8.24,6.1,,0.0,56.22,-3.08,45.31,0.24,-8.07,6.29,5.83,0.4
002570.SZ,贝因美,61.78,43.59,52.99,3.59,5.25,6.41,3.44,,0.0,76.23,5.81,55.94,0.24,9.12,20.2,13.6,0.29
000063.SZ,中兴通讯,1468.47,31.05,51.75,2.32,5.25,7.2,2.61,1.09,0.0,-43.77,2.01,64.88,0.24,25.69,19.73,8.62,0.29
002731.SZ,ST萃华,18.07,8.7,16.06,1.08,9.75,9.71,5.09,,0.0,54.95,6.68,68.78,0.24,2.4,3.29,1.79,0.55
603129.SH,春风动力,381.67,20.22,21.91,5.3,20.16,19.89,9.51,,0.0,28.61,25.11,59.13,0.24,0.87,2.17,2.03,0.7
002870.SZ,香山股份,48.0,40.72,41.9,2.9,5.27,5.47,2.64,,0.0,-27.66,6.88,67.84,0.24,6.09,15.91,14.89,0.3
600713.SH,南京医药,70.04,13.26,13.91,1.02,5.37,5.79,3.26,,0.0,-14.78,6.07,76.62,0.24,2.29,5.18,4.58,0.43
600448.SH,华纺股份,21.73,-20.67,-13.58,1.93,-6.98,-6.73,-0.4,,0.0,-6116.03,-6.19,69.41,0.24,扣非亏损,扣非亏损,亏损,-0.76
600287.SH,苏豪时尚,25.99,58.83,154.09,1.12,1.28,1.5,2.56,,0.0,-14.34,-4.42,22.51,0.24,-34.86,240.33,78.44,0.25
002507.SZ,涪陵榨菜,149.59,16.74,21.15,1.69,7.0,7.58,7.73,1.55,52.63,-3.43,-1.75,6.62,0.24,-12.1,3.02,2.21,0.57
301381.SZ,赛维时代,39.39,29.07,34.1,3.05,8.62,8.09,4.83,1.21,59.16,35.35,26.16,44.85,0.24,1.3,3.96,3.59,0.49
300784.SZ,利安科技,8.87,51.14,50.4,3.68,5.05,5.26,4.62,0.4,36.17,3.14,3.17,21.28,0.24,15.92,9.98,9.72,0.34
920339.BJ,恒太照明,13.98,37.47,34.35,3.35,6.76,6.71,4.81,,0.0,-10.19,-0.45,24.13,0.24,-77.03,10.16,11.17,0.34
688710.SH,益诺思,52.23,-411.77,-270.19,3.47,-1.47,-0.62,-0.13,,0.0,-128.8,26.2,25.17,0.24,扣非亏损,扣非亏损,亏损,-0.76
600067.SH,冠城新材,58.45,52.81,-11.18,1.04,1.26,1.43,2.18,,0.0,178.61,-2.68,59.73,0.24,扣非亏损,危险信号,73.87,0.18
601399.SH,国机重装,357.07,61.37,97.9,2.41,2.86,2.99,1.45,,0.0,11.66,10.24,55.08,0.24,9.56,68.39,41.05,0.25
000155.SZ,川能动力,279.88,60.41,67.28,2.71,3.25,3.33,2.52,1.46,100.0,-45.59,-14.17,55.09,0.24,-4.75,20.71,18.14,0.29
300732.SZ,设研院,28.17,-38.53,-20.0,0.97,-2.09,-2.12,-0.46,,0.0,61.58,-6.94,54.71,0.24,扣非亏损,扣非亏损,亏损,-0.76
600058.SH,五矿发展,133.99,88.15,-105.19,2.68,-0.43,1.25,1.33,,0.0,83.04,-9.35,70.63,0.24,扣非亏损,扣非亏损,141.03,-0.76
301119.SZ,正强股份,39.65,40.41,45.23,4.81,8.4,8.85,5.36,,0.0,38.75,6.51,31.06,0.24,6.94,10.78,9.13,0.33
002798.SZ,帝欧水华,30.18,-18.47,-6.21,1.83,-7.79,-8.45,-0.32,,0.0,9.67,-22.93,63.49,0.24,扣非亏损,扣非亏损,亏损,-0.76
601975.SH,招商南油,204.53,16.2,16.82,1.78,8.38,8.4,8.42,,0.0,-32.66,21.87,11.74,0.24,0.77,4.01,3.86,0.49
920351.BJ,华光源海,8.42,71.37,64.09,4.29,4.18,4.28,4.1,,0.0,275.44,8.21,55.71,0.24,7.8,30.68,33.35,0.27
300998.SZ,宁波方正,25.77,-111.5,-236.85,2.6,-1.78,-1.74,-0.09,,0.0,14.71,11.82,51.95,0.24,扣非亏损,扣非亏损,亏损,-0.76
300575.SZ,中旗股份,23.82,-17.96,-22.64,1.68,-6.94,-6.78,-2.43,,0.0,-594.17,5.75,56.04,0.24,扣非亏损,扣非亏损,亏损,-0.76
001266.SZ,宏英智能,20.36,239.81,102.43,3.87,0.83,1.14,0.91,,0.0,141.62,24.63,44.97,0.24,4.16,246.68,420.72,0.24
000751.SZ,锌业股份,85.3,142.57,140.14,2.71,1.18,1.44,2.28,,0.0,572.43,-11.58,64.11,0.24,-12.1,237.96,198.01,0.24
301558.SZ,三态股份,18.66,158.09,-413.33,4.95,1.28,2.37,3.08,,0.0,-40.3,-6.62,10.03,0.24,扣非亏损,危险信号,133.41,0.24
600039.SH,四川路桥,865.21,12.24,12.61,1.74,10.58,10.73,3.33,0.32,10.0,11.1,3.37,78.9,0.24,3.74,1.19,1.14,1.08
300194.SZ,福安药业,41.35,22.92,40.97,1.14,3.36,3.73,2.78,0.45,20.0,-47.53,-0.54,25.36,0.24,-75.55,12.21,6.14,0.32
000810.SZ,创维数字,122.94,111.22,151.63,1.99,1.3,1.34,0.07,,0.0,-58.58,-6.33,42.92,0.24,-23.96,233.33,166.0,0.24
603173.SH,福斯达,68.32,14.86,17.63,3.61,19.31,19.54,6.56,,0.0,82.57,18.96,67.37,0.24,0.93,1.83,1.52,0.79
603299.SH,苏盐井神,95.05,21.35,31.16,1.9,4.98,6.72,5.36,,0.0,-51.11,4.87,38.47,0.24,6.4,12.53,6.36,0.32
000915.SZ,华特达因,77.51,14.26,14.22,2.72,13.87,13.79,18.19,1.51,34.72,15.8,2.51,11.99,0.24,5.67,1.03,1.03,1.21
600803.SH,新奥股份,696.05,15.36,17.34,2.96,13.9,14.04,6.8,0.87,23.08,11.39,6.95,54.84,0.24,2.49,1.25,1.09,1.04
603180.SH,金牌家居,31.05,35.99,34.86,1.12,1.06,2.29,1.01,,0.0,-63.42,0.32,53.43,0.24,107.73,65.86,31.43,0.25
003027.SZ,同兴科技,25.71,38.79,42.54,1.88,3.51,3.66,1.84,,0.0,793.57,-7.81,29.96,0.24,-5.45,24.25,21.2,0.28
002825.SZ,纳尔股份,28.09,19.47,31.9,2.31,6.42,9.0,5.88,,0.0,-1.61,3.89,41.09,0.24,8.2,9.93,4.33,0.34
600438.SH,通威股份,869.78,-12.38,-10.24,2.08,-11.87,-11.44,-2.36,,0.0,-35.5,27.83,71.95,0.24,扣非亏损,扣非亏损,亏损,-0.76
600582.SH,天地科技,259.49,8.32,16.01,1.02,5.06,9.29,7.32,,0.0,-39.51,9.16,45.22,0.24,1.75,6.32,1.79,0.39
600419.SH,天润乳业,30.35,-214.46,38.75,1.28,3.18,-0.44,-0.38,,0.0,3.12,10.07,54.93,0.24,3.85,24.35,亏损,0.28
603396.SH,金辰股份,55.27,82.07,116.26,2.13,1.86,1.96,1.62,,0.0,-27.69,16.32,47.93,0.24,7.12,124.9,83.74,0.24
603759.SH,海天股份,47.75,34.45,21.38,1.68,3.22,3.72,3.11,,0.0,-34.99,12.02,65.31,0.24,1.78,13.27,18.52,0.31
920892.BJ,广咨国际,23.44,35.67,26.83,6.93,13.78,13.76,7.54,,0.0,7.13,8.13,53.91,0.24,3.3,3.89,5.18,0.49
001308.SZ,康冠科技,102.81,21.73,20.34,1.78,5.65,6.34,1.84,1.73,65.45,1.09,9.81,51.06,0.24,2.07,3.6,3.43,0.51
603077.SH,和邦生物,289.67,233.34,-283.54,1.6,0.48,0.5,0.74,,0.0,-58.35,-1.64,35.94,0.24,扣非亏损,危险信号,933.34,0.23
688571.SH,杭华股份,34.7,34.27,33.85,2.16,4.36,4.82,3.82,,0.0,-28.32,3.45,24.13,0.24,9.82,15.52,14.22,0.3
600221.SH,海航控股,664.11,17.66,-54.39,12.45,70.6,74.25,3.58,,0.0,44.43,44.99,96.8,0.24,扣非亏损,危险信号,0.48,-0.41
688408.SH,中信博,97.83,60.45,33.07,2.3,2.38,2.8,1.81,,0.0,-74.78,55.71,56.97,0.24,0.59,27.76,43.18,0.27
301591.SZ,肯特股份,15.81,49.75,57.39,4.37,6.4,6.62,6.91,0.32,26.0,-2.86,9.28,8.78,0.23,6.18,8.97,7.51,0.35
000027.SZ,深圳能源,345.39,13.19,23.75,1.06,3.65,5.32,3.6,,0.0,-11.43,8.62,61.85,0.23,2.76,13.02,4.96,0.31
603100.SH,川仪股份,114.69,18.69,19.74,2.47,9.38,10.23,5.67,1.3,0.0,-12.42,11.63,46.24,0.23,1.7,4.21,3.65,0.47
600403.SH,大有能源,164.01,-10.96,-10.91,3.58,-22.47,-21.9,-4.49,,0.0,-44.26,-12.98,73.36,0.23,扣非亏损,扣非亏损,亏损,-0.77
920753.BJ,天纺标,6.9,56.44,60.03,4.39,5.66,5.8,5.55,,0.0,11.21,6.24,15.52,0.23,9.62,21.2,19.46,0.28
002441.SZ,众业达,43.26,24.47,28.78,1.29,3.83,3.95,3.0,2.13,0.0,28.27,-4.1,34.03,0.23,-7.02,15.03,12.39,0.3
688036.SH,传音控股,667.57,23.31,22.07,3.32,8.58,10.48,5.75,1.21,75.47,-46.71,12.77,57.72,0.23,1.73,2.57,2.22,0.62
603128.SH,华贸物流,77.76,19.01,25.92,1.28,5.06,5.04,3.8,,0.0,-34.9,-8.13,46.03,0.23,-3.19,10.24,7.55,0.33
920017.BJ,星昊医药,22.01,19.34,21.94,1.36,4.74,5.47,4.69,,0.0,13.6,4.34,16.36,0.23,5.05,9.25,7.07,0.34
600528.SH,中铁工业,193.72,14.63,14.75,0.78,3.51,3.78,1.76,,0.0,-25.7,2.3,55.87,0.23,6.4,8.4,7.74,0.35
000888.SZ,峨眉山A,72.19,23.12,31.83,2.65,8.69,8.75,7.45,0.61,0.0,-4.68,35.97,25.82,0.23,0.88,7.33,5.28,0.37
002977.SZ,天箭科技,19.11,-101.1,-202.29,3.29,-2.41,-2.38,-2.86,,0.0,-459.65,-15.48,8.89,0.23,扣非亏损,扣非亏损,亏损,-0.77
920870.BJ,恒进感应,10.71,156.07,139.72,4.87,1.16,2.33,2.02,,0.0,-0.13,-6.57,13.2,0.23,-21.26,240.08,133.96,0.24
001239.SZ,永达股份,18.27,40.1,78.53,2.79,3.63,5.36,4.02,,0.0,18.88,-4.97,50.33,0.23,-15.81,43.27,14.96,0.26
001287.SZ,中电港,97.23,49.19,56.6,3.14,4.59,4.85,2.59,,0.0,74.96,11.15,81.7,0.23,5.08,24.67,20.28,0.27
002302.SZ,西部建设,81.93,-31.06,-13.61,0.96,-3.16,-2.44,-0.06,,0.0,-1024.95,-8.95,69.99,0.23,扣非亏损,扣非亏损,亏损,-0.77
000703.SZ,恒逸石化,458.67,149.66,591.46,1.98,0.32,0.94,2.28,,0.0,273.3,-0.35,72.69,0.23,-1699.12,3693.19,318.43,0.23
301500.SZ,飞南资源,33.78,49.34,87.36,2.81,5.03,4.39,2.64,,0.0,-21.06,18.29,62.3,0.23,4.78,34.73,22.48,0.26
000959.SZ,首钢股份,401.71,32.58,34.36,0.82,1.98,1.9,1.38,,0.0,42686.3,-6.55,57.22,0.23,-5.24,34.79,34.29,0.26
603276.SH,恒兴新材,13.48,68.56,120.96,2.12,1.87,2.33,2.68,,0.0,32.55,13.07,8.13,0.23,9.26,129.29,58.85,0.24
300770.SZ,新媒股份,94.48,13.84,12.51,2.42,13.7,13.55,10.14,4.95,66.23,20.2,3.89,22.93,0.23,3.22,0.91,1.02,1.33
000301.SZ,东方盛虹,763.95,453.43,-57.39,2.29,-0.21,0.37,1.55,,0.0,94.87,46.34,82.26,0.23,扣非亏损,扣非亏损,2450.99,-0.77
000006.SZ,深振业A,121.9,-1306.66,-11.53,2.26,-0.23,-0.13,0.75,,0.0,97.65,37.18,64.22,0.23,扣非亏损,扣非亏损,亏损,-0.77
301252.SZ,同星科技,19.67,59.63,66.47,5.44,6.48,7.03,5.76,,0.0,-11.27,13.34,25.74,0.23,4.98,20.53,16.96,0.28
600583.SH,海油工程,316.57,14.79,16.59,1.17,5.27,6.27,3.64,,0.0,7.59,16.82,39.35,0.23,0.99,6.29,4.72,0.39
600970.SH,中材国际,297.23,10.76,11.8,1.34,8.55,9.61,4.21,,0.0,-9.74,4.64,60.73,0.23,2.55,2.76,2.24,0.59
603617.SH,君禾股份,29.46,73.0,65.54,1.99,1.82,2.03,2.0,,0.0,-50.35,9.08,33.88,0.23,7.22,72.0,71.92,0.24
000523.SZ,红棉股份,48.5,77.17,77.63,3.55,4.05,3.33,3.86,,0.0,13.87,-8.66,41.0,0.23,-8.97,38.35,46.35,0.26
000548.SZ,湖南投资,28.9,38.46,62.73,1.4,2.77,2.75,3.15,,0.0,-35.71,49.43,16.06,0.23,1.27,45.22,27.97,0.25
300879.SZ,大叶股份,50.8,30.98,59.47,3.71,7.18,9.61,3.61,,0.0,372.29,14.78,71.87,0.23,4.02,16.57,6.45,0.29
600679.SH,上海凤凰,41.38,40.04,-104.48,2.9,2.49,5.56,3.75,,0.0,8.65,4.1,40.01,0.23,扣非亏损,危险信号,14.41,0.22
600830.SH,香溢融通,43.61,54.31,60.28,1.95,3.11,3.26,2.31,0.19,0.0,25.43,32.0,54.79,0.23,1.88,38.77,33.29,0.26
002084.SZ,海鸥住工,27.65,-33.38,-14.96,1.99,-4.72,-4.32,-1.18,,0.0,-981.92,-11.24,54.34,0.23,扣非亏损,扣非亏损,亏损,-0.77
002216.SZ,三全食品,76.78,20.3,28.69,2.37,6.07,8.76,6.47,,0.0,-13.25,-1.34,40.16,0.23,-21.4,9.46,4.63,0.33
002153.SZ,石基信息,173.41,1048.61,-129.53,4.25,0.02,0.3,-0.7,,0.0,-88.0,-2.04,16.47,0.23,扣非亏损,危险信号,6990.76,0.23
301595.SZ,太力科技,15.59,97.76,,7.78,7.31,7.77,6.09,0.51,53.19,,18.47,28.03,0.23,,,12.58,0.31
603639.SH,海利尔,49.11,18.22,28.46,1.46,5.63,5.96,3.78,,0.0,7.99,2.81,50.39,0.23,10.12,10.12,6.12,0.33
002690.SZ,美亚光电,81.46,23.95,23.74,6.08,18.47,19.17,16.99,,0.0,15.83,8.87,20.12,0.23,2.68,2.57,2.5,0.62
603120.SH,肯特催化,9.85,58.69,,3.35,4.36,4.88,4.95,1.04,76.92,,0.7,13.05,0.23,,,12.03,0.31
002315.SZ,焦点科技,84.69,23.92,27.15,5.07,15.77,15.82,9.64,1.31,64.58,14.6,4.59,38.27,0.23,5.92,1.72,1.51,0.81
300707.SZ,威唐工业,24.11,68.63,159.44,2.59,2.53,2.59,2.3,0.18,0.0,5.64,6.43,38.33,0.23,24.78,126.06,53.0,0.24
000050.SZ,深天马A,230.78,137.88,-40.2,0.85,-1.1,1.14,1.15,,0.0,76.95,-0.15,61.46,0.23,扣非亏损,扣非亏损,241.9,-0.77
002255.SZ,海陆重工,86.13,26.32,25.45,2.53,7.46,7.67,5.11,0.44,23.87,34.91,3.78,34.25,0.23,6.74,3.41,3.43,0.52
603289.SH,泰瑞机器,33.3,37.68,34.73,2.29,4.12,4.58,2.27,,0.0,57.41,2.37,49.93,0.23,14.63,16.87,16.46,0.29
000544.SZ,中原环保,89.38,6.53,8.89,0.99,9.41,11.45,3.96,,0.0,5.43,-9.86,72.07,0.23,-0.9,1.89,1.14,0.76
301065.SZ,本立科技,21.43,35.41,39.69,1.96,4.06,4.2,3.4,,0.0,10.08,5.24,16.7,0.23,7.58,19.55,16.86,0.28
300899.SZ,*ST凯鑫,17.09,64.52,226.57,4.0,4.3,4.76,4.03,1.2,0.0,490.75,-28.68,13.46,0.23,-7.9,105.42,27.11,0.24
688032.SH,禾迈股份,148.85,-188.85,-1189.57,2.55,-1.23,-0.96,-2.56,,0.0,-132.27,41.15,24.92,0.23,扣非亏损,扣非亏损,亏损,-0.77
000680.SZ,山推股份,157.11,14.8,15.61,3.07,14.86,14.94,5.19,1.13,9.24,24.4,13.19,67.37,0.23,1.18,1.05,0.99,1.18
001229.SZ,魅视科技,20.32,73.75,59.53,4.06,3.97,4.05,4.07,,0.0,-19.78,-5.3,6.71,0.23,-11.23,29.95,36.42,0.26
002803.SZ,吉宏股份,52.79,28.64,33.59,3.12,8.51,8.83,8.1,1.1,60.0,70.45,3.65,34.56,0.23,9.2,3.95,3.24,0.48
300805.SZ,电声股份,33.48,110.03,230.29,3.16,1.18,2.17,1.85,,0.0,3668.53,-6.17,29.33,0.23,-37.3,389.63,101.41,0.23
603886.SH,元祖股份,30.65,17.54,41.26,1.97,5.61,8.24,5.82,,0.0,-63.73,-3.37,53.2,0.23,-12.26,14.71,4.26,0.29
920058.BJ,华洋赛车,8.35,26.51,33.53,4.92,12.91,13.52,8.11,0.77,41.14,-5.86,-5.79,53.68,0.23,-5.79,2.6,1.96,0.61
300295.SZ,三六五网,17.42,-222.95,-23.57,1.75,-1.15,-0.59,-0.47,,0.0,1.15,-33.88,7.27,0.23,扣非亏损,扣非亏损,亏损,-0.77
601368.SH,绿城水务,49.09,27.2,71.27,1.01,2.52,2.82,2.15,,0.0,2.4,5.93,80.29,0.23,12.02,56.45,19.29,0.24
920100.BJ,三协电机,10.25,71.93,72.5,9.64,12.36,14.44,9.17,0.68,84.75,21.58,14.67,31.43,0.23,4.94,5.87,4.98,0.4
300079.SZ,数码视讯,74.2,251.52,4978.05,1.96,0.23,0.58,-0.36,,0.0,-63.06,-11.38,9.28,0.23,-437.54,44073.0,867.3,0.23
600508.SH,上海能源,99.66,29.3,29.19,0.78,1.93,1.99,1.61,0.76,32.14,-59.46,-0.76,34.43,0.23,-38.32,15.14,14.72,0.29
301439.SZ,泓淋电力,31.41,35.03,35.13,2.25,4.51,4.88,3.5,,0.0,-1.35,12.94,39.11,0.23,2.71,15.56,14.36,0.29
688015.SH,交控科技,45.47,40.12,40.47,1.75,2.71,3.31,1.99,,0.0,1374.49,-4.67,56.19,0.23,-8.66,29.9,24.24,0.26
920278.BJ,鹿得医疗,6.58,65.71,62.2,4.05,4.15,4.41,2.93,1.12,175.75,-7.39,-4.69,33.25,0.23,-13.27,14.98,14.9,0.29
002120.SZ,韵达股份,197.06,20.85,18.02,1.0,3.18,3.53,3.15,,0.0,-44.15,5.47,42.95,0.23,3.3,11.33,11.81,0.31
002381.SZ,双箭股份,22.75,40.84,50.28,1.38,2.25,2.48,2.25,,0.0,-63.89,12.51,43.18,0.22,4.02,44.63,32.94,0.25
301023.SZ,奕帆传动,18.05,43.4,43.63,3.97,6.58,6.98,6.5,1.62,62.5,-21.72,15.24,8.25,0.22,2.86,6.63,6.22,0.38
603609.SH,禾丰股份,68.3,39.68,80.09,1.05,0.4,1.92,2.02,,0.0,-90.79,3.82,56.83,0.22,20.99,400.45,41.33,0.23
301335.SZ,天元宠物,13.69,45.69,95.63,1.78,2.47,2.97,2.33,0.35,32.51,12.77,15.13,38.8,0.22,6.32,38.74,15.38,0.25
601228.SH,广州港,270.85,27.16,36.87,1.28,3.24,3.55,2.88,,0.0,-17.17,5.4,52.79,0.22,6.82,22.75,15.3,0.27
600346.SH,恒力石化,1616.18,24.13,33.9,2.5,6.54,7.79,3.72,0.36,18.6,-9.54,6.18,76.41,0.22,5.48,5.18,3.1,0.42
920056.BJ,能之光,7.77,37.5,40.08,3.94,8.32,10.05,9.01,,0.0,1.53,4.91,11.77,0.22,8.17,9.63,7.46,0.33
601568.SH,北元集团,187.09,65.65,98.99,1.63,1.94,1.82,1.11,,0.0,1.45,-8.43,17.66,0.22,-11.75,101.81,72.14,0.23
300562.SZ,乐心医疗,22.43,34.52,46.06,2.98,5.93,6.47,4.76,0.98,66.84,19.35,-15.74,30.1,0.22,-2.93,7.76,5.34,0.35
601888.SH,中国中免,1430.97,37.26,45.84,2.72,5.48,5.5,5.04,0.26,0.0,-21.6,-3.96,18.34,0.22,-11.58,16.72,13.55,0.28
000570.SZ,苏常柴A,33.9,72.57,166.37,1.25,0.46,1.31,1.05,,0.0,-63.52,-0.05,33.68,0.22,-3050.73,727.28,110.79,0.22
002194.SZ,武汉凡谷,62.48,-612.15,-445.98,3.36,-0.87,-0.41,-0.56,,0.0,-159.09,-5.74,14.22,0.22,扣非亏损,扣非亏损,亏损,-0.78
688338.SH,赛科希德,34.55,40.14,38.74,2.08,3.67,3.91,3.61,,0.0,-25.98,8.93,4.67,0.22,4.34,21.12,20.53,0.27
603586.SH,金麒麟,35.23,19.81,22.6,1.52,5.68,5.77,5.79,0.52,0.0,91.56,9.14,13.84,0.22,2.47,7.96,6.87,0.35
000400.SZ,许继电气,313.63,26.27,29.38,2.67,7.58,7.76,4.22,0.93,37.95,1.48,12.7,50.47,0.22,2.31,3.88,3.39,0.48
600312.SH,平高电气,312.63,23.87,27.89,2.75,8.94,8.98,5.31,1.08,38.38,15.13,10.47,47.71,0.22,2.66,3.12,2.66,0.54
002309.SZ,中利集团,83.49,-55.77,-5.26,5.61,-11.63,-8.26,-1.92,,0.0,58.36,-37.84,66.72,0.22,扣非亏损,扣非亏损,亏损,-0.78
000798.SZ,中水渔业,39.25,55.13,-54.06,9.59,13.76,13.85,2.98,,0.0,382.69,17.61,71.69,0.22,扣非亏损,危险信号,7.96,0.09
920599.BJ,同力股份,69.9,12.92,10.64,2.8,16.56,16.49,8.33,,0.0,20.58,14.85,56.49,0.22,0.72,1.29,1.57,1.0
601279.SH,英利汽车,68.19,-95.46,-120.49,1.62,-1.48,-1.26,-0.55,,0.0,-290.49,1.16,39.12,0.22,扣非亏损,扣非亏损,亏损,-0.78
002035.SZ,华帝股份,49.03,11.2,12.72,1.37,9.0,9.25,5.63,1.61,0.0,-10.9,4.49,43.81,0.22,2.83,2.83,2.42,0.57
000425.SZ,徐工机械,1018.94,16.67,19.33,2.22,10.07,9.92,4.18,,0.0,22.76,-7.33,65.86,0.22,-2.64,3.84,3.36,0.48
301202.SZ,朗威股份,15.14,74.39,67.65,4.66,3.89,4.59,3.43,0.74,93.75,-16.03,10.13,34.86,0.22,6.68,17.39,16.21,0.28
000600.SZ,建投能源,111.08,8.7,11.68,1.55,13.29,14.08,6.54,1.17,0.0,315.43,15.1,57.34,0.22,0.77,1.76,1.24,0.79
300833.SZ,浩洋股份,29.62,25.76,28.19,1.91,5.17,5.53,5.69,,0.0,-49.14,32.47,9.65,0.22,0.87,10.9,9.32,0.31
000526.SZ,学大教育,41.87,13.86,20.12,4.28,22.95,25.22,8.09,,0.0,29.75,6.69,77.09,0.22,3.01,1.75,1.1,0.79
601700.SH,风范股份,71.74,251.43,-19.97,2.81,-1.0,0.81,0.24,,0.0,-132.11,1.63,63.59,0.22,扣非亏损,扣非亏损,620.81,-0.78
002373.SZ,千方科技,145.75,66.36,-14.95,1.46,0.4,1.67,0.84,0.17,0.0,-25.92,-9.19,33.46,0.22,扣非亏损,危险信号,79.48,0.21
002016.SZ,世荣兆业,47.98,29.0,35.31,0.98,2.55,2.56,2.46,,0.0,439.78,-5.16,35.5,0.22,-6.85,27.75,22.66,0.25
000100.SZ,TCL科技,924.07,24.73,50.27,1.65,4.26,5.68,1.17,,0.0,233.33,0.33,67.58,0.22,152.78,23.62,8.71,0.26
600300.SH,维维股份,60.64,18.85,15.24,1.72,6.63,6.86,6.63,,0.0,37.41,-7.13,23.7,0.22,-2.14,4.6,5.5,0.44
002223.SZ,鱼跃医疗,341.09,18.61,28.23,2.69,8.97,11.25,9.56,1.05,16.6,-8.21,3.39,18.21,0.22,8.33,3.15,1.65,0.54
002393.SZ,力生制药,56.17,11.69,46.83,1.16,2.6,7.68,6.61,1.38,0.0,19.21,7.15,15.5,0.22,6.55,35.99,3.05,0.25
002191.SZ,劲嘉股份,56.76,29.74,-72.56,0.86,1.77,2.18,1.88,,0.0,-55.92,-16.38,19.16,0.22,扣非亏损,危险信号,27.29,0.21
301262.SZ,海看股份,30.21,24.26,29.65,2.69,7.29,8.56,8.53,2.29,8.93,-7.3,0.25,9.76,0.22,119.43,4.07,2.83,0.46
600801.SH,华新建材,308.05,17.87,17.97,1.51,6.26,6.38,5.42,1.39,0.0,82.03,2.0,53.22,0.22,8.97,5.74,5.6,0.39
301265.SZ,华新环保,34.21,84.27,102.77,2.89,2.32,2.59,2.35,,0.0,48.26,-6.3,12.78,0.22,-16.32,88.68,65.08,0.23
002534.SZ,西子洁能,155.96,67.15,126.79,2.96,3.14,4.14,1.78,,0.0,-11.15,0.44,60.74,0.22,287.68,80.67,32.44,0.23
600561.SH,江西长运,20.08,-122.4,-92.93,2.22,-3.45,-1.36,1.12,,0.0,42.15,-4.19,74.96,0.22,扣非亏损,扣非亏损,亏损,-0.78
920167.BJ,同享科技,12.9,137.97,-174.71,3.5,1.78,1.91,1.39,,0.0,-83.72,50.89,74.55,0.22,扣非亏损,危险信号,144.47,0.21
920101.BJ,志高机械,10.7,30.09,29.97,3.35,10.32,13.21,8.62,,0.0,15.83,0.56,25.85,0.22,53.71,5.81,4.56,0.39
000030.SZ,富奥股份,89.56,15.72,14.21,1.13,5.04,5.46,3.39,,0.0,8.42,9.32,48.04,0.22,1.52,5.64,5.76,0.39
001382.SZ,新亚电缆,13.84,89.4,,5.78,5.53,5.23,6.05,,0.0,,-0.47,16.0,0.22,,,34.19,0.25
600510.SH,黑牡丹,92.26,108.47,88.07,0.89,0.58,0.58,0.55,,0.0,-22.48,-17.75,59.29,0.22,-4.96,301.57,374.05,0.22
000417.SZ,合百集团,57.02,24.86,2251.85,1.21,0.59,3.6,2.93,,0.0,-82.82,3.59,53.37,0.22,627.9,7606.33,13.81,0.22
600525.SH,ST长园,73.98,-16.92,-10.51,1.97,-2.59,-8.31,-0.92,,0.0,-34.08,9.94,71.91,0.22,扣非亏损,扣非亏损,亏损,-0.78
601236.SH,红塔证券,374.04,32.45,39.0,1.52,3.47,3.45,,0.61,35.71,30.0,8.13,55.99,0.22,4.79,11.25,9.41,0.31
601599.SH,浙文影业,47.58,26.08,48.76,3.13,8.72,9.02,5.41,,0.0,15.42,7.47,56.33,0.22,6.53,11.18,5.78,0.31
300613.SZ,富瀚微,89.92,87.17,81.46,3.46,2.31,2.92,1.04,,0.0,-61.84,2.5,24.76,0.22,32.54,70.63,59.7,0.23
002069.SZ,獐子岛,27.06,-62.77,-25.18,149.51,-72.11,-91.18,0.61,,0.0,16.53,-8.54,97.56,0.22,扣非亏损,扣非亏损,亏损,-0.78
000524.SZ,岭南控股,87.36,99.98,137.98,3.84,2.66,2.87,2.12,,0.0,4.98,74.08,40.31,0.22,1.86,103.81,69.67,0.23
000791.SZ,甘肃能源,161.62,12.84,16.1,1.86,11.17,11.03,7.91,,0.0,157.9,18.5,53.56,0.22,0.87,2.88,2.33,0.56
300869.SZ,康泰医学,36.08,456.52,-62.18,3.29,-0.19,0.52,0.29,,0.0,47.39,-17.5,36.72,0.22,扣非亏损,扣非亏损,1755.86,-0.78
603980.SH,吉华集团,49.95,259.45,209.93,1.29,-0.61,0.38,-0.26,,0.0,-37.5,-9.95,13.18,0.22,-21.09,-686.17,1365.52,0.22
920159.BJ,农大科技,7.34,20.08,29.28,5.45,21.94,22.68,13.38,,0.0,-6.31,,44.31,0.22,,2.67,1.77,0.59
002722.SZ,物产金轮,34.49,26.49,26.88,1.25,3.3,3.69,3.85,,0.0,-16.1,-7.89,20.96,0.22,-3.4,16.3,14.36,0.28
920807.BJ,奔朗新材,17.07,62.61,112.15,2.66,2.53,3.17,2.82,,0.0,-4.24,-9.19,30.12,0.21,-12.21,88.56,39.5,0.23
002284.SZ,亚太股份,109.54,25.28,32.14,3.46,9.5,10.73,4.62,,0.0,108.4,5.52,59.81,0.21,5.82,6.77,4.71,0.36
688717.SH,艾罗能源,143.21,115.42,193.57,5.08,2.39,3.36,-1.54,1.52,0.0,-17.1,139.85,37.77,0.21,1.38,162.1,68.7,0.22
688468.SH,科美诊断,30.24,54.57,82.07,2.15,2.16,2.93,2.45,,0.0,-67.67,-2.5,20.5,0.21,-32.89,75.95,37.25,0.23
002449.SZ,国星光电,57.15,137.74,-401.71,1.49,0.34,0.81,0.23,,0.0,-63.36,-4.83,37.55,0.21,扣非亏损,危险信号,340.09,0.21
600795.SH,国电电力,907.83,10.05,14.11,1.48,10.96,11.5,3.88,1.98,48.31,37.99,2.12,73.33,0.21,6.65,1.29,0.87,0.99
603808.SH,歌力思,35.84,23.68,-14.34,1.38,2.98,4.45,5.64,,0.0,474.56,9.08,29.24,0.21,扣非亏损,危险信号,10.64,0.11
002074.SZ,国轩高科,672.43,20.8,241.65,2.47,0.31,9.28,3.39,,0.0,49.33,57.23,71.72,0.21,4.22,1540.18,4.48,0.21
688529.SH,豪森智能,31.38,-9.11,-8.91,1.77,-13.46,-13.46,-3.56,,0.0,-2386.28,16.5,74.91,0.21,扣非亏损,扣非亏损,亏损,-0.79
688062.SH,迈威生物,67.6,-16.6,-13.54,17.38,-53.42,-49.68,-11.91,,0.0,12.91,162.73,79.11,0.21,扣非亏损,扣非亏损,亏损,-0.79
301418.SZ,协昌科技,11.64,131.58,-287.49,1.79,-0.14,1.02,0.94,,0.0,-109.72,-13.53,11.68,0.21,扣非亏损,扣非亏损,258.0,-0.79
688133.SH,泰坦科技,37.74,253.44,-398.9,1.35,-0.22,0.4,0.67,,0.0,-169.73,10.27,41.14,0.21,扣非亏损,扣非亏损,1267.21,-0.79
603999.SH,读者传媒,41.99,39.52,68.96,2.05,3.07,3.95,2.76,,0.0,2.44,-6.48,20.9,0.21,-10.65,44.94,20.01,0.24
920866.BJ,绿亨科技,9.92,58.82,35.93,2.06,4.32,2.61,2.39,,0.0,4.71,8.84,21.24,0.21,4.06,16.64,45.07,0.27
301092.SZ,争光股份,23.94,50.34,54.07,2.74,3.87,4.14,3.64,,0.0,16.47,12.1,12.73,0.21,4.47,27.96,24.32,0.25
300305.SZ,裕兴股份,22.02,-10.19,-6.48,1.26,-9.03,-8.95,-5.38,,0.0,-15.55,-2.58,38.61,0.21,扣非亏损,扣非亏损,亏损,-0.79
920856.BJ,浩淼科技,7.69,57.3,42.67,2.92,2.99,3.86,2.83,,0.0,459.22,9.73,31.16,0.21,4.38,28.51,29.69,0.25
000157.SZ,中联重科,647.65,15.16,26.34,1.36,4.58,6.74,3.58,2.32,62.5,20.69,-9.43,53.8,0.21,-2.79,5.75,2.25,0.39
002869.SZ,金溢科技,36.23,-103.06,-962.17,1.9,-2.13,-1.36,-1.87,,0.0,-396.02,27.87,17.37,0.21,扣非亏损,扣非亏损,亏损,-0.79
600196.SH,复星医药,541.27,20.28,33.26,1.42,3.3,5.3,4.01,,0.0,-14.32,2.02,48.52,0.21,16.48,20.15,7.65,0.26
600658.SH,电子城,55.71,-11.09,-3.69,1.0,-7.13,-6.7,-1.12,,0.0,18.83,30.59,64.92,0.21,扣非亏损,扣非亏损,亏损,-0.79
002821.SZ,凯莱英,314.81,33.59,39.2,2.07,4.26,4.63,4.2,,0.0,9.74,23.85,12.35,0.21,1.64,18.41,14.51,0.27
300439.SZ,美康生物,29.82,48.57,67.27,1.33,1.06,2.05,1.4,,0.0,-83.86,-7.1,19.34,0.21,-9.48,127.09,47.38,0.22
301587.SZ,中瑞股份,18.34,109.79,116.11,1.84,0.97,1.24,0.59,0.58,0.0,-62.83,0.17,14.08,0.21,668.86,240.15,177.07,0.22
002824.SZ,和胜股份,37.79,46.5,53.85,2.76,4.62,5.62,2.81,,0.0,92.65,12.01,53.05,0.21,4.48,23.3,16.55,0.25
301186.SZ,超达装备,37.14,26.96,31.43,2.49,7.04,7.2,4.52,0.51,32.47,42.85,18.13,29.91,0.21,1.73,4.46,3.74,0.44
920819.BJ,颖泰生物,48.22,-380.1,-11.58,0.96,-0.76,-0.19,1.07,,0.0,82.0,-6.28,56.1,0.21,扣非亏损,扣非亏损,亏损,-0.79
001359.SZ,平安电工,34.55,51.59,56.59,7.0,10.1,10.55,9.59,,0.0,26.01,6.73,16.52,0.21,8.41,11.21,9.78,0.3
605098.SH,行动教育,66.45,23.2,25.96,6.89,20.82,21.17,10.7,3.59,90.91,8.04,15.61,55.37,0.21,1.66,1.25,1.1,1.01
600566.SH,济川药业,243.61,17.93,17.14,1.77,6.02,7.12,6.89,,0.0,-49.43,2.75,16.18,0.21,6.23,5.69,5.04,0.39
688426.SH,康为世纪,8.75,-25.22,-15.54,1.84,-6.58,-5.35,-5.15,,0.0,14.32,-13.19,9.14,0.21,扣非亏损,扣非亏损,亏损,-0.79
301303.SZ,真兰仪表,16.53,19.93,24.86,1.97,5.97,7.5,6.57,0.66,27.78,22.23,12.2,25.05,0.21,2.04,4.16,2.66,0.45
600618.SH,氯碱化工,112.18,21.18,21.84,1.91,6.88,6.92,5.04,,0.0,1.49,7.44,34.38,0.21,2.94,6.35,6.12,0.37
688707.SH,振华新材,74.02,-16.68,-13.76,1.81,-8.0,-7.83,-4.94,,0.0,-1.04,10.18,40.13,0.21,扣非亏损,扣非亏损,亏损,-0.79
301370.SZ,国科恒泰,36.16,58.53,68.38,2.1,2.32,2.67,1.75,,0.0,-40.96,8.2,59.5,0.21,8.34,59.04,43.84,0.23
002041.SZ,登海种业,99.7,138.5,-383.17,2.75,-0.12,1.5,0.92,,0.0,-131.29,5.92,22.0,0.21,扣非亏损,扣非亏损,184.66,-0.79
002367.SZ,康力电梯,64.84,15.21,18.88,1.8,8.04,8.94,4.74,,0.0,12.39,-7.18,51.39,0.21,-2.63,4.7,3.4,0.42
601512.SH,中新集团,139.1,12.57,20.36,0.92,5.24,5.62,3.84,,0.0,17.96,-9.47,43.81,0.21,-2.15,7.77,4.47,0.34
603551.SH,奥普科技,49.48,20.39,17.5,3.65,12.65,12.74,8.92,2.59,85.71,2.82,-3.0,33.93,0.21,-5.83,1.38,1.6,0.93
000088.SZ,盐田港,146.44,16.86,19.48,1.33,5.95,5.94,4.49,1.98,67.69,6.83,6.05,18.42,0.21,3.22,3.27,2.84,0.51
600731.SH,湖南海利,42.58,16.62,20.65,1.39,4.78,6.14,5.18,,0.0,-18.35,-2.07,25.8,0.21,-10.0,8.64,5.41,0.33
603897.SH,长城科技,65.38,22.81,25.32,2.72,8.34,8.66,4.33,1.1,44.78,12.52,7.06,64.96,0.21,3.59,3.04,2.63,0.54
920027.BJ,交大铁发,8.74,118.84,32.29,3.88,2.7,3.13,1.68,0.56,57.14,-11.65,18.0,44.77,0.21,1.79,11.94,37.97,0.29
600699.SH,均胜电子,344.73,26.41,26.97,2.75,8.05,7.91,4.03,,0.0,19.22,7.06,69.22,0.21,3.82,6.7,6.68,0.36
301190.SZ,善水科技,38.93,46.71,67.22,2.68,4.3,4.37,3.71,,0.0,26.67,-0.64,16.19,0.21,-104.41,31.26,21.38,0.24
002928.SZ,华夏航空,119.0,14.4,30.77,2.98,15.39,16.89,5.04,,0.0,94.3,30.51,83.16,0.21,1.01,4.0,1.71,0.46
301503.SZ,智迪科技,12.37,29.64,24.68,2.86,7.11,7.1,5.07,0.83,46.88,13.68,9.42,38.52,0.21,2.62,3.47,4.18,0.5
688080.SH,映翰通,42.2,30.86,29.43,3.76,9.07,9.43,9.84,,0.0,26.79,12.52,17.07,0.21,2.35,6.49,6.55,0.36
603285.SH,键邦股份,22.04,39.71,47.72,3.38,5.88,6.52,6.76,,0.0,-23.17,-12.85,7.81,0.21,-3.71,16.24,12.18,0.27
600517.SH,国网英大,411.73,13.83,17.78,1.78,9.88,9.95,8.07,0.7,20.9,53.62,9.7,44.03,0.21,1.83,1.8,1.39,0.76
300462.SZ,ST华铭,18.34,-473.58,115.4,1.68,-0.05,-0.26,0.14,,0.0,98.77,1.87,29.32,0.21,61.64,困境反转,亏损,0.21
300246.SZ,宝莱特,31.36,-353.05,-41.51,3.39,-2.4,-0.69,0.28,0.62,0.0,6.24,-0.61,49.09,0.21,扣非亏损,扣非亏损,亏损,-0.79
000705.SZ,浙江震元,25.86,40.99,160.0,1.52,1.44,2.82,1.96,,0.0,-21.76,1.64,33.43,0.21,97.57,222.58,29.07,0.21
920132.BJ,泰鹏智能,4.59,107.36,95.53,5.28,3.69,3.71,2.43,,0.0,15.44,-12.81,35.79,0.21,-7.46,51.82,57.87,0.23
301280.SZ,珠城科技,22.55,35.79,45.95,4.12,6.5,8.8,7.12,,0.0,-6.29,15.88,31.25,0.21,2.89,14.13,8.13,0.28
301251.SZ,威尔高,37.58,100.74,126.02,5.98,4.45,4.54,2.74,,0.0,76.39,6.55,45.2,0.21,19.24,56.62,44.38,0.22
001218.SZ,丽臣实业,24.34,25.45,27.13,1.5,4.19,4.5,3.2,,0.0,32.93,9.93,26.07,0.21,2.73,12.96,11.31,0.28
600483.SH,福能股份,306.93,11.57,10.38,1.17,7.54,7.72,6.04,0.77,15.21,11.4,6.51,38.26,0.21,1.6,1.38,1.5,0.93
002204.SZ,大连重工,140.41,21.5,32.42,1.81,4.97,6.5,2.07,,0.0,33.37,16.19,70.96,0.21,2.0,13.04,6.62,0.28
603107.SH,上海汽配,32.62,28.0,25.46,2.38,6.98,6.42,5.79,,0.0,25.89,15.64,21.69,0.21,1.63,7.29,8.72,0.34
920578.BJ,巨能股份,4.71,571.05,1915.8,5.84,-0.86,0.77,0.77,,0.0,82.19,8.9,30.3,0.21,215.26,-4445.53,1483.25,0.21
000519.SZ,中兵红箭,254.56,-324.58,-72.44,2.49,-0.68,-0.58,-0.59,,0.0,-5.92,-14.95,40.76,0.21,扣非亏损,扣非亏损,亏损,-0.79
000885.SZ,城发环境,93.1,7.65,8.34,1.02,9.89,10.34,5.14,,0.0,2.08,5.51,68.4,0.21,1.51,1.69,1.48,0.8
603187.SH,海容冷链,62.75,15.82,17.43,1.5,6.91,7.14,6.3,1.91,0.0,18.23,2.6,25.82,0.2,6.71,5.04,4.43,0.4
603768.SH,常青股份,27.77,-30.61,-40.8,1.18,-3.06,-2.84,-0.45,,0.0,-222.86,4.25,62.44,0.2,扣非亏损,扣非亏损,亏损,-0.8
002127.SZ,南极电商,60.04,129.5,-23.32,1.77,0.1,1.02,0.89,,0.0,-87.76,-2.93,13.85,0.2,扣非亏损,危险信号,253.93,0.2
002010.SZ,传化智联,173.97,20.54,74.72,0.96,2.14,3.57,3.07,0.86,27.13,12.92,-8.41,50.24,0.2,-8.88,34.86,5.75,0.23
300970.SZ,华绿生物,23.57,139.45,938.75,1.98,1.03,1.08,0.96,,0.0,142.91,22.05,33.93,0.2,42.56,1826.9,258.25,0.21
002236.SZ,大华股份,382.35,12.6,22.48,1.55,6.89,9.55,6.82,0.98,0.0,13.04,-0.54,25.16,0.2,-41.58,6.53,2.64,0.36
301157.SZ,华塑科技,11.82,135.27,143.91,3.14,1.03,1.74,1.6,,0.0,-17.86,5.89,12.18,0.2,24.44,279.2,155.48,0.21
603153.SH,上海建科,68.24,48.66,32.8,1.88,1.08,2.85,2.51,,0.0,30.75,6.6,30.71,0.2,4.97,60.46,34.15,0.22
000869.SZ,张裕A,90.61,52.34,121.78,1.25,1.6,1.77,2.11,,0.0,-12.3,-4.74,12.78,0.2,-25.67,152.4,59.14,0.21
301566.SZ,达利凯普,45.94,52.59,61.64,6.16,8.58,9.02,9.25,0.15,13.64,36.51,0.19,4.88,0.2,318.88,7.18,5.83,0.34
603391.SH,力聚热能,17.11,91.17,38.36,3.27,1.66,2.68,2.01,,0.0,-51.75,11.6,36.41,0.2,3.31,46.15,68.04,0.23
603883.SH,老百姓,108.6,15.41,28.31,1.6,7.39,7.83,4.31,0.95,0.0,-18.55,13.13,64.57,0.2,2.16,7.66,3.94,0.33
603569.SH,长久物流,43.51,67.3,132.64,1.45,0.36,1.62,1.82,4.05,1550.0,-83.62,-2.06,45.8,0.2,-64.44,370.51,41.54,0.21
603109.SH,神驰机电,51.9,23.08,24.53,2.61,7.99,8.62,4.83,,0.0,19.15,2.43,45.55,0.2,10.11,6.14,5.36,0.37
600100.SH,同方股份,299.85,68.27,-153.39,1.86,1.2,1.99,0.89,,0.0,157.36,-12.29,58.44,0.2,扣非亏损,危险信号,68.61,0.2
603126.SH,中材节能,48.6,2304.8,-140.09,2.38,-0.22,0.08,0.06,,0.0,-126.21,-6.49,55.72,0.2,扣非亏损,扣非亏损,57620.07,-0.8
002752.SZ,昇兴股份,61.15,21.18,22.11,1.77,5.72,6.25,3.29,,0.0,-39.98,7.29,57.93,0.2,3.03,7.74,6.78,0.33
002264.SZ,新华都,58.73,27.22,32.04,3.24,8.14,9.09,5.59,1.13,47.62,-17.54,-5.44,41.95,0.2,-5.89,3.94,2.99,0.46
000089.SZ,深圳机场,147.04,23.56,28.9,1.27,3.51,4.07,3.47,,0.0,62.31,16.84,51.85,0.2,1.72,16.45,11.58,0.26
600480.SH,凌云股份,129.69,16.78,21.36,1.69,6.61,7.6,4.41,0.81,27.78,16.37,6.25,50.18,0.2,3.42,3.23,2.21,0.51
300978.SZ,东箭科技,23.27,29.57,35.86,3.13,7.52,7.85,6.28,0.8,25.2,-8.67,10.26,36.54,0.2,3.49,4.77,3.77,0.41
600239.SH,云南城投,36.93,-78.64,-15.45,2.88,-8.74,-2.71,1.62,,0.0,-102.3,-27.56,80.34,0.2,扣非亏损,扣非亏损,亏损,-0.8
688006.SH,杭可科技,169.33,32.94,51.07,3.09,6.78,7.15,2.98,0.23,13.75,6.08,9.58,44.38,0.2,5.33,7.53,4.61,0.34
002773.SZ,康弘药业,188.67,18.38,20.27,2.76,11.49,11.55,12.15,,0.0,6.74,7.76,7.29,0.2,2.61,3.53,3.18,0.49
600730.SH,中国高科,54.27,-295.79,-400.72,3.03,-0.74,-0.76,-1.41,,0.0,-237.66,13.47,11.42,0.2,扣非亏损,扣非亏损,亏损,-0.8
603230.SH,内蒙新华,41.75,15.54,21.09,1.49,6.21,7.21,4.28,,0.0,-27.86,4.52,40.65,0.2,4.67,6.79,4.31,0.35
605567.SH,春雪食品,23.38,51.77,65.9,2.14,2.89,3.11,2.41,,0.0,3379.75,8.23,51.7,0.2,8.01,45.6,33.29,0.22
301218.SZ,华是科技,26.65,-169.36,-338.05,4.73,-2.68,-2.07,-2.05,,0.0,-135.25,-0.6,41.98,0.2,扣非亏损,扣非亏损,亏损,-0.8
600269.SH,赣粤高速,116.77,5.38,10.65,0.59,4.86,8.44,6.56,,0.0,1.64,-1.38,43.06,0.2,-7.71,4.38,1.27,0.43
002593.SZ,日上集团,31.91,44.04,50.31,1.9,3.01,3.22,2.55,,0.0,331.66,-5.32,48.32,0.2,-9.46,33.37,27.36,0.23
000881.SZ,中广核技,76.37,-58.84,-18.7,1.53,-2.44,-1.95,-0.6,,0.0,40.21,-8.2,44.49,0.2,扣非亏损,扣非亏损,亏损,-0.8
600208.SH,衢州发展,297.78,41.28,-1007.03,0.72,2.29,1.3,1.77,,0.0,-65.1,1.86,56.66,0.2,扣非亏损,危险信号,63.51,0.2
600635.SH,大众公用,151.9,26.75,50.81,2.04,3.51,5.9,3.65,,0.0,104.79,4.96,54.06,0.2,10.25,28.93,9.07,0.24
603329.SH,上海雅仕,23.07,81.13,150.22,2.52,0.82,2.32,2.87,,0.0,-60.14,33.46,61.53,0.2,4.49,364.58,69.94,0.2
688646.SH,ST逸飞,30.02,-460.26,-91.71,3.29,-1.73,-0.56,-0.32,,0.0,-172.84,21.5,47.9,0.2,扣非亏损,扣非亏损,亏损,-0.8
002056.SZ,横店东磁,419.91,21.7,18.66,4.1,14.42,13.95,7.46,1.95,59.38,65.64,16.57,57.97,0.2,1.13,1.29,1.56,0.97
600613.SH,神奇制药,30.39,50.49,54.92,1.45,2.04,2.14,2.15,,0.0,-16.48,-3.59,21.93,0.2,-15.31,53.73,47.18,0.22
000599.SZ,青岛双星,55.29,-15.91,-12.05,4.2,-20.59,-17.91,-1.5,,0.0,-43.6,3.93,84.25,0.2,扣非亏损,扣非亏损,亏损,-0.8
002109.SZ,兴化股份,66.11,-11.71,-13.77,1.62,-9.56,-9.87,-5.16,,0.0,-36.37,12.12,54.65,0.2,扣非亏损,扣非亏损,亏损,-0.8
002833.SZ,弘亚数控,53.44,17.36,21.04,2.74,10.28,11.52,9.45,1.83,52.63,-30.48,5.42,27.73,0.2,3.88,2.05,1.51,0.69
002541.SZ,鸿路钢构,112.82,23.71,32.4,1.64,3.69,5.08,3.33,,0.0,0.78,3.9,64.65,0.2,8.31,17.56,9.34,0.26
000758.SZ,中色股份,147.82,23.22,41.85,2.5,5.17,8.23,3.28,,0.0,-0.24,11.7,59.28,0.2,3.58,16.19,5.64,0.26
601956.SH,东贝集团,43.2,31.05,44.69,1.7,2.82,4.12,1.85,,0.0,1.91,1.47,62.19,0.2,30.45,31.75,15.07,0.23
002893.SZ,京能热力,23.34,39.35,32.45,2.49,5.21,4.82,3.23,,0.0,47.33,2.14,45.58,0.2,15.14,12.47,16.33,0.28
001390.SZ,古麒绒材,11.4,24.67,,2.87,10.86,14.1,8.31,,0.0,,17.62,26.1,0.2,,,3.5,0.49
002234.SZ,民和股份,28.18,-10.62,-11.73,1.8,-12.52,-11.98,-5.32,,0.0,-6.58,7.89,51.73,0.2,扣非亏损,扣非亏损,亏损,-0.8
000568.SZ,泸州老窖,1586.9,11.06,12.62,3.2,22.13,22.0,21.22,1.17,0.0,-7.11,15.08,23.93,0.2,0.84,1.14,1.01,1.08
600444.SH,国机通用,27.63,57.67,66.82,3.79,5.06,5.0,2.16,,0.0,5.39,-3.04,51.09,0.2,-21.99,26.4,23.07,0.24
002404.SZ,嘉欣丝绸,32.0,19.38,30.26,1.99,6.72,7.7,5.88,,0.0,-3.5,7.52,41.5,0.2,4.03,9.01,5.03,0.31
600825.SH,新华传媒,64.16,381.86,-116.63,2.62,-1.19,0.51,0.2,,0.0,-92.6,3.81,36.73,0.2,扣非亏损,扣非亏损,1497.49,-0.8
688352.SH,颀中科技,49.58,65.48,68.89,2.68,2.95,3.04,2.94,0.4,62.5,-19.43,14.57,17.51,0.2,4.73,23.32,21.54,0.24
300374.SZ,中铁装配,29.9,-54.28,-57.6,4.63,-7.68,-6.22,-0.77,,0.0,15.36,71.0,81.05,0.2,扣非亏损,扣非亏损,亏损,-0.8
000912.SZ,泸天化,94.39,3850.68,-95.92,1.5,-0.62,0.03,0.13,,0.0,-3576.96,-8.09,33.27,0.2,扣非亏损,扣非亏损,256711.75,-0.8
600643.SH,爱建集团,73.32,29.34,-8.62,0.61,0.04,1.58,1.22,,0.0,-98.2,-12.49,50.05,0.2,扣非亏损,危险信号,37.14,0.2
002304.SZ,洋河股份,771.73,14.56,35.16,1.59,7.5,8.06,8.36,,0.0,-55.26,5.32,18.22,0.2,6.61,9.37,3.61,0.31
603466.SH,风语筑,59.48,84.65,276.31,2.82,1.67,2.41,1.45,,0.0,135.96,-14.83,53.56,0.2,-18.64,329.98,70.25,0.2
603175.SH,超颖电子,35.27,124.17,159.55,16.88,9.67,10.79,4.07,,0.0,-17.78,3.23,72.42,0.2,49.33,33.02,23.02,0.23
300095.SZ,华伍股份,35.19,79.44,-15.48,2.61,2.19,2.44,2.12,,0.0,116.52,-5.51,45.48,0.2,扣非亏损,危险信号,65.12,0.13
300355.SZ,蒙草生态,56.97,67.48,-1040.63,1.56,0.7,1.74,0.85,,0.0,605.38,-8.39,67.24,0.2,扣非亏损,危险信号,77.56,0.2
600137.SH,浪莎股份,22.22,85.05,84.42,4.1,3.7,3.65,1.84,,0.0,33.82,-0.74,20.46,0.2,-114.83,45.66,46.6,0.22
002695.SZ,煌上煌,52.32,42.5,87.45,2.04,3.18,3.65,3.39,,0.0,38.87,-9.2,24.08,0.2,-9.51,54.96,23.29,0.22
300006.SZ,莱美药业,52.58,-85.89,-47.12,2.86,-2.61,-2.48,-1.99,,0.0,13.05,-12.57,32.95,0.2,扣非亏损,扣非亏损,亏损,-0.8
002011.SZ,盾安环境,141.24,13.98,13.81,2.26,12.43,12.98,7.26,,0.0,17.29,8.67,46.22,0.2,1.59,2.22,2.15,0.65
688172.SH,燕东微,315.77,-3240.8,-89.95,3.1,-3.29,-0.09,-0.88,,0.0,-184.45,-5.06,12.73,0.2,扣非亏损,扣非亏损,亏损,-0.8
600929.SH,雪天盐业,105.62,242.78,-237.1,1.4,-0.08,0.43,0.52,,0.0,-102.35,6.02,25.93,0.2,扣非亏损,扣非亏损,1129.21,-0.8
301060.SZ,兰卫医学,37.57,-4692.0,-62.28,2.65,-0.47,-0.04,0.94,,0.0,84.79,26.69,31.28,0.2,扣非亏损,扣非亏损,亏损,-0.8
603395.SH,红四方,21.45,140.37,991.9,6.13,2.92,3.29,2.3,,0.0,-62.76,6.48,36.87,0.2,152.97,678.48,85.33,0.2
301508.SZ,中机认检,18.7,47.97,53.96,3.59,5.23,5.7,5.2,,0.0,18.69,15.84,23.94,0.2,3.41,20.63,16.83,0.25
000826.SZ,启迪环境,33.63,-3.69,-1.7,80.26,-30.4,-157.88,-0.96,,0.0,49.55,-14.37,86.17,0.2,扣非亏损,扣非亏损,亏损,-0.8
600611.SH,大众交通,85.04,98.34,-35.69,1.27,-0.62,0.98,1.43,0.37,66.67,-146.93,20.69,44.87,0.2,扣非亏损,扣非亏损,100.35,-0.8
002672.SZ,东江环保,45.35,-7.42,-6.07,1.82,-14.54,-16.84,-4.57,,0.0,-26.75,-4.34,67.36,0.2,扣非亏损,扣非亏损,亏损,-0.8
603409.SH,汇通控股,13.89,30.98,,3.25,10.12,5.63,7.5,,0.0,,37.38,28.22,0.2,,,11.0,0.29
300314.SZ,戴维医疗,19.81,40.99,80.04,3.26,4.7,6.06,5.37,,0.0,-4.46,4.72,15.59,0.2,16.97,34.07,13.53,0.23
600354.SH,敦煌种业,39.06,78.69,67.14,5.67,4.55,5.55,9.25,,0.0,477.79,8.01,49.4,0.2,8.38,29.49,28.36,0.23
001314.SZ,亿道信息,57.34,706.31,488.43,3.18,0.28,0.34,-0.68,,0.0,-47.47,-0.68,46.64,0.2,-723.28,3486.3,4154.75,0.2
605259.SH,绿田机械,39.81,14.9,16.19,2.22,11.28,11.44,8.28,,0.0,36.73,13.2,28.13,0.2,1.23,2.87,2.61,0.55
002664.SZ,信质集团,86.92,54.4,187.87,2.5,3.35,3.51,1.52,,0.0,32.09,21.06,67.83,0.2,8.92,112.09,31.0,0.21
600458.SH,时代新材,129.76,24.54,27.6,1.81,5.36,6.37,3.05,0.53,18.92,35.34,12.67,68.25,0.2,2.18,5.15,3.85,0.39
002841.SZ,视源股份,182.99,21.13,37.27,1.86,5.29,6.7,4.05,,0.0,-20.95,2.01,47.4,0.2,18.5,14.09,6.31,0.27
002515.SZ,金字火腿,75.18,256.12,304.85,2.88,0.82,0.84,0.31,,0.0,5.45,-10.65,2.16,0.2,-28.64,740.93,609.82,0.2
300837.SZ,浙矿股份,29.64,56.69,94.59,2.84,3.62,3.63,3.1,,0.0,-39.16,6.42,35.53,0.2,14.74,52.27,31.23,0.22
600029.SH,南方航空,847.7,37.05,-58.57,3.08,3.97,6.43,3.03,,0.0,345.77,26.1,83.39,0.2,扣非亏损,危险信号,11.53,0.16
000530.SZ,冰山冷热,38.82,45.32,128.65,1.71,2.51,2.86,1.56,,0.0,11.45,33.01,57.16,0.2,3.9,102.59,31.69,0.21
600116.SH,三峡水利,133.66,28.6,64.35,1.18,2.86,3.13,2.48,0.76,0.0,-7.87,0.7,55.72,0.2,91.63,45.02,18.27,0.22
003017.SZ,大洋生物,22.5,25.57,31.02,2.49,6.98,7.42,4.64,1.0,48.29,55.61,6.99,37.13,0.2,4.44,4.45,3.45,0.42
000927.SZ,中国铁物,185.75,30.79,42.27,1.93,4.64,4.78,2.66,,0.0,1.76,-13.89,47.63,0.2,-3.04,18.22,12.88,0.25
603687.SH,大胜达,54.51,44.96,61.95,1.67,1.83,2.77,3.17,,0.0,4.24,9.11,19.96,0.2,6.8,67.83,32.46,0.21
300446.SZ,航天智造,82.18,21.44,20.82,3.28,11.31,11.68,7.5,,0.0,28.83,21.26,44.92,0.2,0.98,3.68,3.67,0.47
688189.SH,南新制药,21.79,-23.81,-5.93,2.52,-7.38,-7.64,-6.83,,0.0,-15.17,-22.14,22.57,0.2,扣非亏损,扣非亏损,亏损,-0.8
002879.SZ,长缆科技,31.81,99.89,96.88,2.53,1.75,1.94,2.03,,0.0,-43.3,6.02,27.76,0.2,16.09,110.92,102.98,0.21
605077.SH,华康股份,48.0,21.64,21.14,1.61,4.72,5.21,3.5,1.35,44.44,-16.19,21.81,58.51,0.2,0.97,4.48,4.15,0.42
301216.SZ,万凯新材,138.4,141.54,-161.35,2.45,0.98,1.45,0.68,,0.0,182.37,30.31,65.62,0.2,扣非亏损,危险信号,195.23,0.19
300183.SZ,东软载波,65.17,-509.18,-183.0,2.4,-0.72,-0.35,-0.65,,0.0,-133.5,4.38,10.98,0.2,扣非亏损,扣非亏损,亏损,-0.8
920720.BJ,吉冈精密,9.68,56.82,59.41,6.86,9.24,9.02,5.77,,0.0,9.01,15.47,48.17,0.2,3.84,12.86,12.6,0.27
688512.SH,慧智微,39.53,-34.84,-15.88,3.28,-11.63,-6.93,-5.6,,0.0,35.96,6.36,24.86,0.19,扣非亏损,扣非亏损,亏损,-0.81
300796.SZ,贝斯美,36.11,86.91,-8194.31,2.1,1.7,1.81,1.06,,0.0,548.69,41.97,45.47,0.19,扣非亏损,危险信号,96.03,0.19
601336.SH,新华保险,1476.49,5.04,5.91,2.2,32.3,33.1,,0.96,14.14,53.38,15.95,94.52,0.19,0.37,0.18,0.15,5.66
002458.SZ,益生股份,74.06,258.18,46.0,2.6,0.9,0.72,0.52,1.79,1500.0,-87.05,16.87,41.83,0.19,2.73,51.14,358.59,0.21
002511.SZ,中顺洁柔,111.19,36.84,45.42,2.06,4.22,4.16,3.45,0.74,52.5,618.28,-2.94,39.96,0.19,-15.46,10.76,8.86,0.29
600158.SH,中体产业,104.2,-370.93,625.35,4.01,-1.08,-0.8,0.2,,0.0,-217.95,42.27,41.59,0.19,14.79,困境反转,亏损,0.2
605058.SH,澳弘电子,46.28,32.47,33.07,2.65,5.85,6.16,3.71,,0.0,19.41,6.92,39.2,0.19,4.78,11.3,10.54,0.28
300755.SZ,华致酒行,59.39,-22.43,-16.35,2.03,-7.87,-6.54,-3.82,,0.0,-260.03,8.82,40.84,0.19,扣非亏损,扣非亏损,亏损,-0.81
920422.BJ,润普食品,8.12,59.69,63.57,2.56,2.78,3.21,2.99,,0.0,104.05,0.41,20.7,0.19,153.97,45.8,37.19,0.22
688505.SH,复旦张江,57.63,-395.63,-95.71,3.72,-1.69,-0.7,-0.66,,0.0,-170.6,-14.56,8.4,0.19,扣非亏损,扣非亏损,亏损,-0.81
002701.SZ,奥瑞金,137.59,9.6,23.55,1.41,6.02,11.38,7.18,,0.0,-23.74,-0.73,65.67,0.19,-32.17,7.82,1.69,0.32
688522.SH,纳睿雷达,45.36,114.47,90.93,4.91,2.96,3.24,2.11,0.13,26.32,125.09,26.14,13.57,0.19,3.48,30.7,35.33,0.23
000607.SZ,华媒控股,36.91,-54.81,-33.71,2.74,-5.2,-3.68,-1.33,,0.0,-4671.83,-9.73,49.48,0.19,扣非亏损,扣非亏损,亏损,-0.81
600409.SH,三友化工,178.98,110.33,134.41,1.29,0.49,0.88,0.81,,0.0,-81.34,-2.61,42.18,0.19,-51.47,547.39,250.76,0.2
301020.SZ,密封科技,32.93,33.61,36.18,3.41,7.65,7.66,5.95,0.68,42.86,21.13,3.73,19.87,0.19,9.71,4.73,4.39,0.41
301631.SZ,壹连科技,28.96,29.23,34.54,3.45,8.44,8.99,5.65,,0.0,18.09,43.61,52.63,0.19,0.79,8.18,6.5,0.32
301175.SZ,中科环保,44.84,26.66,30.18,2.94,8.2,8.17,5.33,1.02,45.01,13.91,3.9,51.21,0.19,7.74,3.68,3.26,0.46
000997.SZ,新大陆,226.77,18.63,20.66,3.17,13.34,12.92,7.83,,0.0,14.03,1.49,44.76,0.19,13.82,3.1,2.88,0.52
300599.SZ,雄塑科技,22.17,-133.33,-38.82,1.89,-1.52,-1.52,-0.9,,0.0,46.92,-24.05,12.26,0.19,扣非亏损,扣非亏损,亏损,-0.81
000682.SZ,东方电子,189.96,28.78,25.91,3.45,8.92,9.26,3.52,0.31,16.41,22.03,18.95,55.21,0.19,1.37,2.91,3.11,0.54
600516.SH,方大炭素,272.16,180.34,-202.16,1.68,-0.08,0.7,0.48,,0.0,-108.21,-4.57,14.87,0.19,扣非亏损,扣非亏损,517.1,-0.81
000998.SZ,隆平高科,139.4,-17.6,-135.16,2.72,-13.34,-12.46,-3.41,,0.0,19.85,6.87,63.85,0.19,扣非亏损,扣非亏损,亏损,-0.81
002266.SZ,浙富控股,237.49,25.7,36.63,2.16,4.66,6.41,3.51,,0.0,-10.1,13.95,55.21,0.19,2.63,15.71,8.02,0.26
301355.SZ,南王科技,13.12,243.73,363.8,1.69,0.39,0.52,0.25,,0.0,-80.73,6.35,41.7,0.19,57.28,1880.58,937.41,0.19
301509.SZ,金凯生科,21.62,33.28,59.74,2.08,3.88,4.74,5.08,,0.0,238.23,0.77,5.22,0.19,77.65,30.81,14.04,0.22
920363.BJ,莱赛激光,9.05,290.1,-347.66,4.81,0.83,1.25,0.81,,0.0,214.33,-15.01,20.24,0.19,扣非亏损,危险信号,464.16,0.19
600203.SH,福日电子,69.02,59.26,-36.29,3.98,3.74,5.15,2.6,,0.0,134.5,-15.63,78.78,0.19,扣非亏损,危险信号,23.01,0.14
688236.SH,春立医疗,57.8,30.1,33.24,2.58,6.23,6.6,5.77,0.92,0.0,311.07,-8.1,15.65,0.19,-4.1,10.68,9.12,0.29
600537.SH,亿晶光电,40.96,-14.37,-2.37,18.22,-64.17,-65.21,-2.72,,0.0,63.19,22.28,95.24,0.19,扣非亏损,扣非亏损,亏损,-0.81
300750.SZ,宁德时代,16898.86,25.09,28.09,5.37,15.55,17.76,6.38,2.17,14.55,35.56,54.79,61.27,0.19,0.51,1.81,1.41,0.75
000948.SZ,南天信息,62.88,-433.54,236.91,2.35,-0.77,-0.4,0.07,,0.0,-138.45,20.73,67.23,0.19,11.43,困境反转,亏损,0.19
001360.SZ,南矿集团,18.65,61.98,103.13,3.28,3.63,4.01,2.48,,0.0,-11.36,3.36,37.08,0.19,30.7,56.75,30.92,0.21
600848.SH,上海临港,253.75,18.19,19.03,1.37,5.09,5.47,2.68,,0.0,71.34,23.36,60.36,0.19,0.81,7.48,6.65,0.33
000159.SZ,国际实业,32.4,120.84,99.95,1.59,1.0,0.99,1.87,,0.0,-51.53,60.4,43.35,0.19,1.65,200.9,244.11,0.2
000692.SZ,惠天热电,22.49,-5.33,-6.03,-17.41,-1174.21,,-5.49,,0.0,31.02,1.9,103.87,0.19,扣非亏损,扣非亏损,,-0.81
000598.SZ,兴蓉环境,214.8,9.15,10.27,1.1,9.22,9.35,5.02,3.28,0.0,8.29,10.3,57.66,0.19,1.0,2.23,1.96,0.64
603458.SH,勘设股份,31.81,-18.07,-9.15,1.11,-4.62,-4.51,-2.05,,0.0,-42.23,-20.29,48.16,0.19,扣非亏损,扣非亏损,亏损,-0.81
300375.SZ,鹏翎股份,27.41,65.61,91.05,1.78,1.89,2.05,1.01,,0.0,-41.3,14.5,38.12,0.19,6.28,96.56,64.01,0.2
300564.SZ,筑博设计,18.4,-129.82,-46.44,2.17,-4.73,-1.17,-1.11,,0.0,-67.0,-24.27,21.42,0.19,扣非亏损,扣非亏损,亏损,-0.81
605169.SH,洪通燃气,37.54,30.47,40.18,1.92,4.64,4.76,4.34,,0.0,-44.81,32.18,20.19,0.19,1.25,17.32,12.8,0.25
600983.SH,惠而浦,89.14,21.1,20.15,3.21,10.98,11.47,5.85,,0.0,733.68,-9.49,51.26,0.19,-2.12,3.67,3.68,0.46
603321.SH,梅轮电梯,27.74,74.91,80.48,1.95,1.59,2.3,0.9,,0.0,-48.46,-8.37,29.31,0.19,-9.61,101.49,65.14,0.2
601021.SH,春秋航空,471.56,15.14,23.92,2.59,13.01,12.93,7.34,0.72,35.83,-10.89,34.3,60.93,0.19,0.7,1.84,1.17,0.73
601636.SH,旗滨集团,201.48,16.51,393.59,1.48,2.83,6.7,3.46,,0.0,-38.13,2.72,58.44,0.19,144.48,278.21,4.93,0.19
002254.SZ,泰和新材,105.73,215.6,-189.02,1.51,-0.07,0.52,0.66,,0.0,-109.01,-3.36,48.56,0.19,扣非亏损,扣非亏损,829.23,-0.81
603882.SH,金域医学,128.42,-121.81,-32.3,1.89,-1.19,-1.14,-0.83,3.1,0.0,-208.0,-10.35,28.41,0.19,扣非亏损,扣非亏损,亏损,-0.81
300842.SZ,帝科股份,126.66,361.39,89.75,7.96,7.33,1.66,1.82,,0.0,-68.93,82.88,81.75,0.19,1.08,24.5,435.41,0.23
002658.SZ,雪迪龙,36.9,42.53,34.68,2.52,3.83,4.5,4.12,,0.0,61.81,1.12,15.43,0.19,30.88,18.13,18.9,0.25
300481.SZ,濮阳惠成,52.24,36.29,37.63,2.19,4.21,4.46,3.87,1.29,83.33,-27.76,1.1,19.71,0.19,34.31,8.94,8.14,0.3
605050.SH,福然德,62.34,19.21,18.83,1.43,5.46,5.65,3.83,1.48,0.0,29.26,4.61,50.26,0.19,4.08,6.9,6.8,0.33
603578.SH,三星新材,25.81,-51.23,-17.22,2.63,-4.35,-3.79,-0.13,,0.0,-252.1,7.71,79.06,0.19,扣非亏损,扣非亏损,亏损,-0.81
603068.SH,博通集成,51.38,413.56,-161.29,3.05,-1.46,0.56,-0.76,,0.0,30.81,-6.19,16.52,0.19,扣非亏损,扣非亏损,1477.01,-0.81
300919.SZ,中伟新材,492.84,37.94,48.35,2.77,5.06,5.54,2.99,0.6,35.44,-10.24,27.16,61.31,0.19,1.78,9.55,6.85,0.29
603527.SH,众源新材,39.34,29.47,-459.61,1.91,-1.11,4.89,3.37,,0.0,-131.32,11.48,56.31,0.19,扣非亏损,扣非亏损,12.05,-0.81
603268.SH,*ST松发,287.29,45.04,58.82,12.65,17.05,30.51,9.69,,0.0,1226.95,-7.78,81.42,0.19,-7.56,6.9,2.95,0.33
000061.SZ,农产品,156.46,52.02,71.42,2.18,2.94,4.11,3.0,,0.0,-14.47,11.67,54.0,0.19,6.12,48.63,25.31,0.21
301035.SZ,润丰股份,230.61,19.47,22.91,3.16,12.65,12.69,6.18,0.51,17.5,159.21,14.26,55.83,0.19,1.61,1.81,1.53,0.74
688153.SH,唯捷创芯,145.59,1337.48,273429.14,3.84,-0.19,0.22,-0.83,,0.0,87.41,-11.31,13.79,0.19,-24170.6,-2876687.46,12158.9,0.19
002865.SZ,钧达股份,186.39,-46.2,-23.5,5.54,-16.75,-9.95,-1.91,,0.0,2.67,106.4,74.14,0.19,扣非亏损,扣非亏损,亏损,-0.81
600594.SH,益佰制药,31.6,-27.38,-13.86,1.31,-3.45,-3.54,-1.94,,0.0,52.99,-12.69,34.46,0.19,扣非亏损,扣非亏损,亏损,-0.81
605001.SH,威奥股份,31.98,38.2,33.48,1.19,2.11,2.3,1.93,1.31,90.91,581.63,35.71,47.83,0.19,0.94,15.89,16.61,0.25
688775.SH,影石创新,68.85,79.74,,14.7,16.67,18.46,11.53,,0.0,,61.7,37.85,0.19,,,8.64,0.3
301589.SZ,诺瓦星云,60.66,27.4,29.9,4.25,11.1,11.97,9.32,0.34,17.39,-7.05,28.37,32.34,0.19,1.05,2.69,2.29,0.56
300514.SZ,友讯达,23.57,29.37,28.36,2.78,6.41,6.96,5.18,,0.0,-56.06,5.82,27.68,0.19,4.88,8.85,8.44,0.3
688606.SH,奥泰生物,52.47,20.73,22.79,1.34,3.78,4.85,4.89,1.57,59.88,-4.7,5.99,8.03,0.19,3.8,6.03,4.27,0.35
001225.SZ,和泰机电,11.35,84.66,90.29,2.57,1.78,2.23,1.54,,0.0,-30.58,-20.08,10.65,0.19,-4.5,101.25,75.93,0.2
920099.BJ,瑞华技术,16.65,35.34,34.82,3.06,5.65,6.65,4.99,,0.0,-36.38,63.68,37.59,0.19,0.55,12.32,10.63,0.27
300708.SZ,聚灿光电,80.37,46.07,52.19,3.77,6.09,6.31,3.36,,0.0,11.89,11.5,46.26,0.19,4.54,17.13,14.6,0.25
600461.SH,洪城环境,128.93,10.37,10.92,1.34,9.71,9.72,5.45,,0.0,2.6,-3.07,56.37,0.19,-3.55,2.25,2.13,0.63
600295.SH,鄂尔多斯,314.31,19.57,28.63,2.12,7.76,7.81,5.26,,0.0,-3.98,-7.77,45.62,0.19,-3.69,7.38,5.01,0.32
688219.SH,会通股份,63.42,28.63,34.14,2.13,5.71,6.9,3.2,,0.0,12.35,7.59,58.23,0.19,4.5,11.96,8.3,0.27
688023.SH,安恒信息,58.32,-21.21,-51.98,2.57,-9.63,-8.38,-3.97,,0.0,35.19,4.17,46.24,0.19,扣非亏损,扣非亏损,亏损,-0.81
603815.SH,交建股份,41.03,22.46,24.85,1.7,5.86,5.77,2.34,,0.0,37.36,-4.16,74.8,0.19,-5.97,8.49,7.78,0.3
000823.SZ,超声电子,85.06,35.8,35.28,1.81,3.69,3.71,3.06,,0.0,28.97,-4.53,36.19,0.19,-7.78,19.14,19.3,0.24
000551.SZ,创元科技,68.34,23.54,29.81,2.44,7.8,8.02,5.81,,0.0,3.34,4.49,36.61,0.19,6.63,7.64,5.87,0.32
600261.SH,阳光照明,52.73,30.72,84.84,1.52,1.36,3.65,2.83,,0.0,-64.21,-8.93,30.7,0.19,-9.5,124.81,16.83,0.19
301136.SZ,招标股份,44.78,467.54,-1231.7,3.07,0.26,0.49,0.29,,0.0,154.73,-3.62,27.3,0.19,扣非亏损,危险信号,1908.32,0.19
002993.SZ,奥海科技,113.72,27.53,28.61,2.66,5.95,7.26,4.76,1.37,0.0,24.62,15.06,45.54,0.19,1.9,9.62,7.59,0.29
002832.SZ,比音勒芬,65.66,11.65,16.38,1.76,10.96,11.64,10.2,0.13,0.0,-21.36,13.96,25.64,0.19,1.17,2.99,2.0,0.52
002097.SZ,山河智能,116.92,90.9,-67.25,2.5,-2.26,2.08,0.94,,0.0,-115.54,-12.95,76.54,0.19,扣非亏损,扣非亏损,87.4,-0.81
301362.SZ,民爆光电,30.64,54.0,65.73,4.34,5.22,5.98,4.92,,0.0,-18.97,3.18,15.86,0.19,20.66,25.2,18.06,0.23
600711.SH,盛屯矿业,425.89,18.77,23.73,2.52,11.5,10.44,6.96,0.33,0.0,-1.62,-14.34,55.12,0.19,-1.66,4.13,3.6,0.43
920122.BJ,中纺标,11.19,123.03,118.58,8.02,3.96,4.86,4.64,0.32,0.0,-14.98,3.75,13.28,0.19,31.66,59.88,50.63,0.2
000876.SZ,新希望,399.2,39.41,30.87,1.79,2.79,2.88,2.45,,0.0,1788.24,-5.02,69.49,0.19,-6.15,22.12,27.37,0.23
600110.SH,诺德股份,144.71,-115.78,-55.95,2.46,-1.88,-1.62,0.86,,0.0,59.09,6.15,57.33,0.19,扣非亏损,扣非亏损,亏损,-0.81
920375.BJ,派诺科技,11.74,-162.59,156.72,2.45,-1.47,-1.18,-0.89,,0.0,-821.99,6.49,30.97,0.19,24.15,困境反转,亏损,0.19
920957.BJ,汉维科技,5.24,464.09,410.72,3.38,0.43,0.54,0.37,,0.0,-89.37,4.75,42.03,0.19,86.56,1894.46,1718.87,0.19
605088.SH,冠盛股份,68.0,23.02,24.11,2.4,8.05,8.27,3.88,,0.0,4.29,17.6,55.95,0.19,1.37,5.99,5.57,0.35
603269.SH,海鸥股份,50.17,73.46,49.15,5.27,4.95,5.3,2.3,,0.0,22.87,12.54,72.88,0.19,3.92,19.87,27.72,0.24
600138.SH,中青旅,68.48,42.5,112.34,1.07,1.77,1.9,2.55,,0.0,-26.32,9.27,51.82,0.19,12.12,126.7,44.74,0.19
600307.SH,酒钢宏兴,139.05,-14.68,-9.82,2.04,-10.2,-9.89,-0.51,,0.0,62.89,-10.53,86.43,0.19,扣非亏损,扣非亏损,亏损,-0.81
600059.SH,古越龙山,85.5,47.54,55.75,1.47,1.48,2.29,2.34,,0.0,-34.07,7.14,8.07,0.18,7.81,75.21,41.52,0.2
002584.SZ,西陇科学,39.96,-60.55,76.98,2.23,2.33,-2.27,-0.1,,0.0,-15.68,13.28,56.3,0.18,5.8,66.12,亏损,0.2
601616.SH,广电电气,46.87,-459.14,199.54,1.93,-0.25,-0.31,-0.37,,0.0,-114.83,3.95,14.95,0.18,50.47,困境反转,亏损,0.19
301408.SZ,华人健康,42.24,35.32,40.96,3.52,7.38,7.62,4.73,,0.0,51.0,25.08,59.77,0.18,1.63,11.1,9.27,0.27
001283.SZ,豪鹏科技,50.88,27.3,36.4,1.85,5.51,6.9,2.99,,0.0,164.56,15.9,59.67,0.18,2.29,13.22,7.91,0.26
301168.SZ,通灵股份,38.4,81.08,251.96,2.24,1.14,2.09,1.61,,0.0,-59.25,12.22,35.32,0.18,20.61,440.53,77.59,0.19
300892.SZ,品渥食品,18.61,177.85,137.24,2.74,0.88,1.16,0.59,,0.0,190.98,-18.59,16.84,0.18,-7.38,310.39,306.64,0.19
600398.SH,海澜之家,302.57,12.18,14.53,1.68,10.37,10.61,6.86,,0.0,3.86,1.76,44.79,0.18,8.27,2.8,2.3,0.54
600395.SH,盘江股份,131.59,-567.74,-319.47,1.25,-0.55,-0.17,1.03,,0.0,-29.6,-1.39,75.11,0.18,扣非亏损,扣非亏损,亏损,-0.82
002830.SZ,名雕股份,15.18,142.79,74.75,4.64,2.4,2.4,1.8,,0.0,2.38,-8.58,52.86,0.18,-8.71,62.31,118.99,0.2
600210.SH,紫江企业,113.0,8.78,11.78,1.69,10.78,14.99,9.37,,0.0,33.12,4.13,48.25,0.18,2.85,2.19,1.17,0.64
002661.SZ,克明食品,29.88,19.19,30.02,1.36,4.74,4.75,3.4,1.64,0.0,-22.55,-3.44,56.36,0.18,-8.73,12.68,8.08,0.26
301568.SZ,思泰克,27.16,56.8,61.27,5.84,7.28,7.73,7.79,,0.0,64.98,-0.5,12.72,0.18,-123.74,16.82,14.7,0.24
600660.SH,福耀玻璃,1191.98,16.49,17.61,4.38,19.45,19.35,11.43,1.39,48.91,24.7,18.48,49.79,0.18,0.95,0.91,0.85,1.29
688435.SH,英方软件,27.68,-210.29,-152.99,3.75,-2.39,-1.33,-1.47,,0.0,40.17,8.35,6.27,0.18,扣非亏损,扣非亏损,亏损,-0.82
300358.SZ,楚天科技,71.6,64.83,-28.84,1.68,0.65,2.02,0.81,,0.0,113.55,4.64,65.79,0.18,扣非亏损,危险信号,64.19,0.17
605377.SH,华旺科技,56.67,20.59,21.51,1.48,5.21,5.16,3.01,2.69,82.14,-45.69,9.12,29.6,0.18,2.36,4.13,3.99,0.43
300596.SZ,利安隆,105.5,20.77,21.96,2.28,8.34,8.49,4.99,,0.0,27.66,19.11,50.03,0.18,1.15,5.26,4.89,0.37
301488.SZ,豪恩汽电,31.26,144.52,146.31,9.19,4.26,4.77,2.68,,0.0,1.44,12.88,44.94,0.18,11.36,68.73,60.59,0.2
688159.SH,有方科技,40.34,36.33,62.6,4.26,8.76,9.25,5.46,,0.0,-11.22,74.09,62.7,0.18,0.84,14.3,7.86,0.25
000788.SZ,北大医药,36.24,19.99,29.27,2.24,8.06,8.63,7.51,3.24,17.83,-2.66,-2.54,23.09,0.18,-11.52,3.63,2.32,0.46
920110.BJ,雷特科技,5.94,33.64,31.56,4.0,8.51,8.4,8.62,,0.0,14.89,9.87,7.16,0.18,3.2,7.42,8.01,0.32
300945.SZ,曼卡龙,41.7,33.64,46.02,2.75,5.47,6.2,6.72,0.37,20.69,26.47,23.52,15.36,0.18,1.96,8.41,5.43,0.3
600661.SH,昂立教育,29.0,47.35,-79.43,21.55,41.11,62.75,4.76,,0.0,578.42,0.74,86.05,0.18,扣非亏损,危险信号,1.51,-0.08
301027.SZ,华蓝集团,26.29,247.02,275.12,3.43,0.62,1.05,1.13,,0.0,122.43,-19.19,53.95,0.18,-14.34,880.8,470.52,0.18
600455.SH,博通股份,17.92,46.68,46.17,5.42,9.11,9.11,3.34,,0.0,29.55,6.58,67.42,0.18,7.02,10.14,10.25,0.28
300673.SZ,佩蒂股份,26.79,27.18,29.11,2.23,5.72,5.66,4.65,,0.0,-26.08,11.77,32.67,0.18,2.47,10.17,9.6,0.28
688112.SH,鼎阳科技,68.2,45.93,52.37,4.33,7.04,7.13,5.34,,0.0,22.62,18.45,7.57,0.18,2.84,14.88,12.88,0.25
600503.SH,华丽家族,40.86,-117.6,-63.64,1.15,-0.79,-0.73,-0.76,,0.0,-1046.06,11.71,22.35,0.18,扣非亏损,扣非亏损,亏损,-0.82
300501.SZ,海顺新材,16.37,48.47,191.62,2.08,1.22,2.79,3.25,1.31,0.0,-71.84,10.3,38.56,0.18,18.6,313.24,34.74,0.18
301501.SZ,恒鑫生活,14.59,23.67,,2.83,9.43,10.79,9.89,,0.0,,31.4,22.81,0.18,,,4.39,0.41
300771.SZ,智莱科技,26.46,38.44,91.48,1.78,2.02,3.5,2.9,,0.0,4438.57,-24.55,16.33,0.18,-3.73,90.61,21.97,0.19
603456.SH,九洲药业,149.6,15.01,20.74,1.71,8.63,8.57,8.17,1.12,33.9,20.67,9.63,17.67,0.18,2.15,2.4,1.75,0.6
002601.SZ,龙佰集团,388.38,20.87,39.28,1.98,6.96,7.02,3.48,3.06,0.0,-35.97,10.35,59.16,0.18,3.8,11.28,5.95,0.27
603916.SH,苏博特,48.67,39.34,53.93,1.17,1.78,2.19,2.6,,0.0,15.25,-7.39,44.24,0.18,-7.3,60.53,35.92,0.2
601991.SH,大唐发电,587.57,9.8,12.88,2.5,7.99,16.92,4.57,1.58,26.75,52.69,6.13,66.22,0.18,2.1,1.61,0.58,0.8
300384.SZ,三联虹普,40.54,21.75,22.84,2.12,7.54,7.54,6.4,,0.0,-23.08,9.99,20.55,0.18,2.29,6.06,5.77,0.35
002560.SZ,通达股份,48.46,31.97,69.11,2.1,4.95,5.07,3.5,,0.0,98.63,48.72,48.83,0.18,1.42,27.91,12.61,0.22
601163.SH,三角轮胎,119.92,13.18,17.41,0.87,3.86,5.0,3.86,,0.0,-25.28,4.48,28.66,0.18,3.88,9.03,5.27,0.29
001201.SZ,东瑞股份,30.45,252.72,159.67,1.14,0.33,0.34,1.16,,0.0,114.63,15.83,45.21,0.18,10.09,954.11,1486.61,0.18
000759.SZ,中百集团,39.01,-5.1,-5.99,3.25,-32.34,-38.83,-4.91,,0.0,-44.56,-5.49,86.79,0.18,扣非亏损,扣非亏损,亏损,-0.82
603065.SH,宿迁联盛,17.46,313.42,181.51,1.84,0.06,0.44,0.39,0.18,0.0,-56.46,-3.81,41.58,0.18,-47.58,5941.55,1424.63,0.18
920149.BJ,旭杰科技,7.14,-127.82,-19.9,5.66,-6.46,-3.32,1.86,,0.0,-511.74,23.73,78.56,0.18,扣非亏损,扣非亏损,亏损,-0.82
603313.SH,梦百合,51.87,24.18,236.72,1.41,3.95,4.36,3.67,,0.0,191.84,1.31,61.87,0.18,181.09,119.92,11.09,0.19
300105.SZ,龙源技术,40.85,81.36,53.85,2.12,1.86,1.95,0.93,,0.0,145.52,34.13,29.18,0.18,1.58,57.97,83.45,0.2
301166.SZ,优宁维,18.75,-141.99,-69.01,1.41,-1.48,-1.47,-1.1,,0.0,-653.69,0.48,8.89,0.18,扣非亏损,扣非亏损,亏损,-0.82
301288.SZ,*ST清研,14.86,-297.88,-137.59,2.59,-0.97,-0.64,-1.18,,0.0,49.62,-23.07,19.27,0.18,扣非亏损,扣非亏损,亏损,-0.82
603010.SH,万盛股份,71.63,107.26,-2113.29,1.98,0.58,1.38,1.6,,0.0,-83.06,-9.81,46.45,0.18,扣非亏损,危险信号,155.45,0.18
605138.SH,盛泰集团,40.17,77.49,115.44,1.67,1.11,1.52,2.01,,0.0,-16.79,-9.18,60.61,0.18,-12.58,207.42,101.96,0.18
603912.SH,佳力图,52.56,-90.13,-134.83,3.0,-3.01,-2.4,-1.22,,0.0,-18324.76,7.39,49.11,0.18,扣非亏损,扣非亏损,亏损,-0.82
603352.SH,至信股份,18.35,42.55,43.26,5.36,9.31,9.95,5.14,,0.0,25.76,21.52,65.43,0.18,2.01,9.29,8.55,0.29
688369.SH,致远互联,27.32,-9.35,-7.91,3.23,-23.04,-22.69,-15.73,,0.0,-93.79,-5.89,37.72,0.18,扣非亏损,扣非亏损,亏损,-0.82
002978.SZ,安宁股份,139.07,21.05,21.94,2.08,7.7,7.61,5.8,,0.0,-6.13,-6.77,48.53,0.18,-3.24,5.7,5.53,0.35
600163.SH,中闽能源,128.45,29.37,23.51,1.85,4.49,4.78,4.59,,0.0,-20.13,4.03,37.58,0.18,5.84,10.48,12.3,0.27
603194.SH,中力股份,55.4,15.39,16.57,2.67,13.18,13.59,9.53,0.64,0.0,5.49,15.99,37.66,0.18,1.04,2.51,2.27,0.58
002043.SZ,兔宝宝,116.38,15.63,33.13,4.08,10.62,19.31,13.4,1.94,84.85,-22.04,-0.79,44.03,0.18,-41.88,3.12,0.81,0.5
002799.SZ,环球印务,28.61,-106.96,-27.88,2.25,-1.7,-1.57,-0.65,,0.0,-184.3,-21.36,30.57,0.18,扣非亏损,扣非亏损,亏损,-0.82
001213.SZ,中铁特货,192.0,30.46,36.26,1.0,2.43,2.47,2.78,0.49,25.0,-13.4,8.45,9.19,0.18,4.29,14.92,12.33,0.25
002382.SZ,蓝帆医疗,75.88,-20.05,-12.85,0.99,-4.53,-3.56,-1.25,,0.0,-46.25,-4.04,41.01,0.18,扣非亏损,扣非亏损,亏损,-0.82
600279.SH,重庆港,63.73,99.23,-321.53,0.95,0.63,0.72,1.4,,0.0,104.74,-7.17,40.19,0.18,扣非亏损,危险信号,275.63,0.18
603279.SH,景津装备,111.53,19.21,18.09,2.36,9.27,9.51,6.3,2.96,0.0,-34.51,10.08,49.0,0.18,1.8,3.9,4.04,0.43
603091.SH,众鑫股份,25.69,32.31,30.51,4.03,9.25,9.38,8.02,,0.0,-13.07,20.64,24.31,0.18,1.48,6.6,6.89,0.33
920837.BJ,华原股份,19.75,27.7,29.39,3.96,10.81,11.01,7.11,,0.0,38.19,0.86,40.35,0.18,34.22,5.44,5.03,0.36
300937.SZ,药易购,20.28,-268.49,-418.5,3.6,-1.21,-0.99,0.6,,0.0,-208.41,9.07,56.02,0.18,扣非亏损,扣非亏损,亏损,-0.82
300146.SZ,汤臣倍健,130.24,16.25,30.43,1.74,7.39,8.12,8.17,,0.0,2.44,-0.62,18.6,0.18,-49.14,8.23,4.0,0.3
600283.SH,钱江水利,51.8,21.77,27.19,1.72,4.96,5.95,3.68,,0.0,12.77,14.96,60.71,0.18,1.82,10.96,7.32,0.27
003036.SZ,泰坦股份,39.79,70.86,1058.05,2.88,1.39,3.28,2.21,,0.0,-69.87,11.55,52.46,0.18,91.64,1520.74,43.21,0.18
300681.SZ,英搏尔,52.64,35.16,108.36,3.03,2.33,6.79,2.66,,0.0,100.64,42.4,62.49,0.18,2.56,93.14,10.36,0.19
601026.SH,道生天合,24.01,72.17,82.68,7.53,7.18,8.16,4.81,0.75,0.0,46.52,1.4,47.88,0.18,58.92,23.04,17.69,0.22
688727.SH,恒坤新材,25.61,232.45,254.62,14.44,4.05,4.79,2.5,,0.0,-6.5,63.74,47.03,0.18,3.99,125.74,97.06,0.19
002991.SZ,甘源食品,26.43,23.69,21.17,2.97,8.27,8.98,7.99,1.02,70.73,-43.68,20.55,22.42,0.18,1.03,2.56,2.64,0.57
601633.SH,长城汽车,1308.29,15.66,26.37,2.09,6.62,10.36,3.83,,0.0,-34.39,14.51,60.88,0.18,1.82,7.97,3.02,0.3
300118.SZ,东方日升,181.47,-17.94,-6.97,2.12,-10.96,-8.48,-2.29,,0.0,30.44,11.19,70.83,0.18,扣非亏损,扣非亏损,亏损,-0.82
920508.BJ,殷图网联,7.18,-1381.5,121.11,7.02,-0.47,-0.36,-1.29,,0.0,88.27,-3.19,23.63,0.18,-38.02,困境反转,亏损,0.18
688475.SH,萤石网络,221.29,39.3,43.71,3.92,7.02,7.56,4.47,,0.0,6.22,8.8,33.85,0.18,4.96,12.45,10.4,0.26
300172.SZ,中电环保,32.14,35.06,80.04,2.14,3.94,4.65,3.7,,0.0,11.63,-0.48,29.63,0.18,-168.19,40.61,15.08,0.2
300792.SZ,壹网壹创,78.96,67.05,103.2,3.01,3.33,3.41,3.01,,0.0,8.97,5.07,6.13,0.18,20.35,61.9,39.32,0.19
600125.SH,铁龙物流,87.6,12.0,16.71,1.14,7.2,7.28,7.45,0.78,17.24,40.49,-6.24,21.86,0.18,-2.68,2.32,1.65,0.61
001328.SZ,登康口腔,15.84,32.71,38.63,4.06,7.59,9.19,7.38,,0.0,19.78,11.03,26.41,0.18,3.5,10.18,7.12,0.28
603345.SH,安井食品,254.55,22.86,23.6,1.91,6.18,7.23,6.58,1.8,61.69,-13.36,18.13,23.91,0.18,1.3,3.82,3.16,0.44
920242.BJ,建邦科技,9.68,17.86,17.38,2.62,11.3,11.32,11.14,0.68,26.67,-5.69,18.2,22.83,0.18,0.96,1.54,1.58,0.83
920267.BJ,鑫汇科,6.23,600.02,125.9,4.05,0.69,0.5,0.03,,0.0,-81.81,-5.36,60.52,0.18,-23.49,363.83,2400.09,0.18
301135.SZ,瑞德智能,22.87,97.86,70.45,2.44,1.73,1.85,1.25,,0.0,138.57,-0.15,35.13,0.18,-477.76,81.65,105.79,0.19
688559.SH,海目星,142.81,-11.74,-11.18,6.04,-33.23,-32.81,-6.9,,0.0,-798.32,39.37,82.36,0.18,扣非亏损,扣非亏损,亏损,-0.82
600231.SH,凌钢股份,67.82,-6.1,-5.83,1.46,-16.33,-16.19,-5.2,,0.0,25.66,-11.42,68.53,0.18,扣非亏损,扣非亏损,亏损,-0.82
600732.SH,爱旭股份,274.9,-45.35,-11.73,4.97,-16.05,-17.63,-1.43,,0.0,77.74,15.08,77.6,0.18,扣非亏损,扣非亏损,亏损,-0.82
603896.SH,寿仙谷,39.57,38.87,44.84,1.76,1.84,3.3,2.6,,0.0,-54.48,-3.05,26.69,0.18,-14.73,48.84,23.56,0.2
688573.SH,信宇人,11.56,-10.13,-13.38,3.34,-22.1,-21.6,-7.98,,0.0,-97.61,6.06,69.43,0.18,扣非亏损,扣非亏损,亏损,-0.82
300133.SZ,华策影视,126.4,63.4,106.23,2.03,1.17,2.42,2.38,,0.0,-26.85,-19.29,35.25,0.18,-5.51,181.8,52.4,0.18
603357.SH,设计总院,46.39,14.52,11.31,1.22,5.63,6.33,4.18,0.86,21.88,-30.27,14.68,42.78,0.18,0.77,2.01,2.29,0.67
601880.SH,辽港股份,327.75,24.2,29.77,1.04,3.21,3.22,4.0,,0.0,65.18,-3.99,22.93,0.18,-7.46,18.57,15.03,0.23
603758.SH,秦安股份,59.81,34.18,34.75,2.36,4.92,5.34,4.7,,0.0,-19.15,6.24,11.22,0.18,5.57,14.14,12.8,0.25
688026.SH,洁特生物,24.95,32.67,32.47,2.25,4.38,4.72,4.84,,0.0,20.71,-10.72,28.75,0.18,-3.03,14.82,13.84,0.24
920832.BJ,齐鲁华信,9.18,612.15,599.42,1.38,0.02,0.17,0.28,,0.0,-98.43,-6.18,24.55,0.18,-97.02,70937.41,7201.79,0.18
300332.SZ,天壕能源,51.37,41.95,-85.46,1.26,2.11,2.24,2.26,,0.0,-27.45,29.98,43.27,0.18,扣非亏损,危险信号,37.46,0.16
920523.BJ,德瑞锂电,20.69,17.52,16.56,3.85,17.51,17.5,13.56,,0.0,3.56,33.43,31.72,0.18,0.5,1.89,2.0,0.7
300971.SZ,博亚精工,22.48,32.58,51.21,2.73,4.68,6.42,5.34,,0.0,52.3,-0.37,26.83,0.18,-140.11,21.9,10.15,0.22
600416.SH,湘电股份,186.48,77.64,466.47,2.15,0.82,2.65,1.57,,0.0,-48.31,4.43,44.17,0.18,105.24,1143.46,58.6,0.18
601007.SH,金陵饭店,31.4,58.76,97.87,1.98,2.29,2.54,2.36,,0.0,-1.2,11.01,30.79,0.18,8.89,85.62,46.27,0.19
301201.SZ,诚达药业,45.99,293.11,-96.12,3.08,0.18,0.78,0.75,,0.0,-72.96,-6.64,9.98,0.18,扣非亏损,危险信号,751.56,0.17
300543.SZ,朗科智能,26.77,81.79,101.98,2.24,2.19,2.64,1.75,,0.0,-32.48,-9.01,29.07,0.18,-11.32,93.29,61.96,0.19
002756.SZ,永兴材料,271.37,53.1,64.19,3.01,3.74,4.25,4.36,0.55,39.47,-39.79,20.29,11.52,0.18,3.16,17.15,12.49,0.23
600956.SH,新天绿能,225.18,20.82,25.5,1.93,6.74,6.98,3.5,,0.0,4.05,9.89,65.7,0.18,2.58,7.57,5.97,0.31
300676.SZ,华大基因,183.93,-648.54,-21.85,2.0,-0.73,-0.23,-0.91,,0.0,52.04,-15.1,23.82,0.17,扣非亏损,扣非亏损,亏损,-0.83
300219.SZ,鸿利智汇,59.15,58.48,245.02,2.24,1.42,2.9,1.34,1.39,500.0,-44.13,1.67,55.91,0.17,146.94,172.94,20.16,0.18
002493.SZ,荣盛石化,1275.13,114.85,119.01,3.11,2.44,2.03,2.02,,0.0,55.37,23.6,75.45,0.17,5.04,97.45,113.16,0.18
002609.SZ,捷顺科技,41.16,60.4,105.53,2.4,2.71,2.99,2.15,,0.0,75.54,2.32,36.57,0.17,45.44,77.88,40.4,0.19
301275.SZ,汉朔科技,140.02,48.06,,5.04,10.9,8.67,4.53,,0.0,,42.73,33.49,0.17,,,11.09,0.26
300120.SZ,经纬辉开,44.46,-391.89,-126.98,1.62,-0.07,-0.31,0.66,,0.0,-104.14,1.27,35.58,0.17,扣非亏损,扣非亏损,亏损,-0.83
600089.SH,特变电工,1532.01,20.95,40.26,2.23,5.43,8.18,3.91,,0.0,-3.41,13.49,56.13,0.17,2.98,14.82,5.12,0.24
600478.SH,科力远,130.25,74.2,150.44,4.49,2.97,4.67,2.47,,0.0,2352.28,9.37,70.56,0.17,16.05,101.14,31.78,0.18
000921.SZ,海信家电,207.86,8.36,11.86,1.85,14.37,17.09,6.81,,0.0,1.65,11.18,71.31,0.17,1.06,1.65,0.98,0.78
920527.BJ,夜光明,6.44,93.41,57.97,2.78,1.84,2.23,1.31,,0.0,-32.75,-0.63,31.83,0.17,-92.2,63.12,83.77,0.19
603887.SH,城地香江,99.41,2642.96,-41.14,2.82,0.1,0.08,0.87,,0.0,102.9,-16.8,72.98,0.17,扣非亏损,危险信号,66074.08,0.17
301397.SZ,溯联股份,21.4,34.85,48.76,2.4,4.59,4.99,4.37,,0.0,-11.43,19.63,25.16,0.17,2.48,21.24,13.97,0.22
601311.SH,骆驼股份,115.44,13.99,19.59,1.17,4.93,6.36,4.84,,0.0,-0.87,7.95,35.93,0.17,2.46,7.96,4.4,0.3
000731.SZ,四川美丰,44.67,-459.6,670.63,1.11,-0.88,-0.17,0.18,1.53,694.44,-122.58,4.71,15.42,0.17,142.32,困境反转,亏损,0.17
002875.SZ,安奈儿,35.05,-48.93,-40.43,6.37,-9.64,-9.31,-5.85,,0.0,18.65,-18.56,40.19,0.17,扣非亏损,扣非亏损,亏损,-0.83
003011.SZ,海象新材,20.5,22.36,19.48,1.91,6.25,6.31,4.38,1.36,46.88,1598.58,-8.21,34.25,0.17,-2.37,3.12,3.54,0.49
002982.SZ,湘佳股份,19.43,102.01,70.37,1.92,0.96,1.29,1.6,,0.0,-82.09,12.34,58.33,0.17,5.7,145.84,158.16,0.18
001369.SZ,双欣材料,36.75,38.92,,4.19,8.0,8.43,7.33,,0.0,,-7.04,23.67,0.17,,,9.23,0.28
001373.SZ,翔腾新材,13.42,-114.16,-149.94,3.2,-2.11,-2.06,-2.02,,0.0,-266.63,-19.79,10.62,0.17,扣非亏损,扣非亏损,亏损,-0.83
300218.SZ,安利股份,36.31,22.51,21.92,2.36,7.57,8.18,5.47,,0.0,-18.81,6.0,30.67,0.17,3.65,5.79,5.5,0.35
000531.SZ,穗恒运A,65.14,12.73,17.75,1.07,6.48,6.41,3.53,0.94,0.0,143.45,3.96,57.92,0.17,4.48,5.48,3.97,0.36
603023.SH,威帝股份,28.13,2988.94,2168.51,3.65,0.03,0.09,-0.58,,0.0,-92.4,-0.33,14.74,0.17,-6625.45,142197.45,64976.88,0.17
600778.SH,友好集团,21.5,114.2,-187.87,9.36,1.69,6.3,1.49,,0.0,6.39,-4.83,92.91,0.17,扣非亏损,危险信号,36.25,0.17
601601.SH,中国太保,2681.2,6.18,7.43,1.33,15.32,15.8,,,0.0,15.08,8.54,89.74,0.17,0.87,0.97,0.78,1.2
300428.SZ,立中集团,144.24,19.87,22.63,2.14,7.39,8.22,3.46,,0.0,28.63,13.54,65.34,0.17,1.67,6.12,4.83,0.34
301359.SZ,东南电子,14.92,66.38,68.78,3.11,3.18,3.47,3.49,,0.0,-13.3,3.06,7.35,0.17,22.45,43.27,38.26,0.2
601136.SH,首创证券,476.69,44.49,46.61,3.47,5.94,5.94,,0.53,0.0,7.21,7.32,74.14,0.17,6.37,15.7,14.98,0.24
600272.SH,开开实业,20.85,199.47,3412.0,4.41,0.02,2.04,2.37,,0.0,-87.35,18.4,53.45,0.17,185.43,301947.3,195.56,0.17
603191.SH,望变电气,82.99,76.9,102.88,3.32,3.1,3.3,1.69,,0.0,140.77,20.52,64.94,0.17,5.01,66.33,46.61,0.19
002911.SZ,佛燃能源,194.87,30.55,23.67,4.19,5.65,8.86,4.54,2.06,0.0,8.06,32.83,54.43,0.17,0.72,8.38,6.9,0.29
002012.SZ,凯恩股份,33.38,143.94,255.9,2.17,0.6,1.14,1.81,,0.0,-18.47,-31.03,11.44,0.17,-8.25,850.73,252.52,0.17
002556.SZ,辉隆股份,65.72,29.96,149.83,1.82,2.21,4.43,2.45,0.83,0.0,33.63,-6.29,65.41,0.17,-23.82,135.61,13.52,0.18
002407.SZ,多氟多,333.35,352.88,-99.3,4.44,-0.28,0.91,0.55,,0.0,59.12,7.93,55.38,0.17,扣非亏损,扣非亏损,775.55,-0.83
600019.SH,宝钢股份,1548.71,14.59,16.49,0.76,3.97,3.91,3.08,1.61,52.17,46.43,-3.96,40.65,0.17,-4.16,4.15,3.73,0.41
688115.SH,思林杰,28.49,-253.36,-1354.75,2.28,-0.87,-0.67,-1.04,0.34,-95.65,-53492.16,-3.8,11.68,0.17,扣非亏损,扣非亏损,亏损,-0.83
600007.SH,中国国贸,202.16,16.12,17.17,2.13,9.78,9.89,10.54,,0.0,-7.01,3.27,17.54,0.17,5.26,3.51,3.26,0.46
600216.SH,浙江医药,168.97,13.73,14.17,1.54,8.21,8.49,6.82,,0.0,5.3,1.74,20.69,0.17,8.14,3.45,3.23,0.46
002096.SZ,易普力,174.65,20.33,22.27,2.23,8.14,8.37,6.93,,0.0,21.95,24.55,35.55,0.17,0.91,5.47,4.86,0.35
605123.SH,派克新材,127.45,40.25,53.92,2.76,4.9,5.26,2.78,0.48,34.54,-5.4,26.45,43.64,0.17,2.04,11.0,7.65,0.26
001306.SZ,夏厦精密,11.09,133.39,129.2,3.36,1.63,1.9,1.5,,0.0,-48.23,7.79,41.81,0.17,16.59,158.27,140.41,0.18
301662.SZ,宏工科技,25.13,308.24,98.83,8.38,2.29,2.28,0.71,,0.0,-73.89,96.09,68.66,0.17,1.03,86.24,270.38,0.18
000990.SZ,诚志股份,122.25,88.52,83.28,0.68,0.64,0.58,1.41,,0.0,-41.34,-2.91,31.67,0.17,-28.6,262.01,305.24,0.18
600425.SH,青松建化,75.42,18.07,27.84,1.15,4.57,4.85,4.47,,0.0,-16.42,4.02,29.08,0.17,6.93,12.19,7.45,0.25
002551.SZ,尚荣医疗,23.23,-68.6,-94.25,1.24,-1.62,-1.34,-0.91,,0.0,-1336.59,-4.61,23.31,0.17,扣非亏损,扣非亏损,亏损,-0.83
000898.SZ,鞍钢股份,213.26,-9.23,-5.86,0.55,-4.64,-4.37,-1.68,,0.0,57.34,-8.72,52.0,0.17,扣非亏损,扣非亏损,亏损,-0.83
301386.SZ,未来电器,11.77,40.38,48.16,2.59,3.98,4.78,4.99,,0.0,18.66,3.84,11.95,0.17,12.56,24.21,16.9,0.21
000882.SZ,华联股份,50.33,-27.52,-24.02,0.75,-2.29,-2.01,0.34,,0.0,-2469.21,-2.5,46.48,0.17,扣非亏损,扣非亏损,亏损,-0.83
300560.SZ,中富通,28.94,165.66,-26.95,3.67,0.6,1.68,1.61,,0.0,-17.62,7.92,62.82,0.17,扣非亏损,危险信号,197.21,0.16
300232.SZ,洲明科技,73.32,53.66,82.68,1.94,2.76,2.67,0.88,,0.0,-3.12,2.5,57.16,0.17,33.03,59.93,40.2,0.19
301458.SZ,钧崴电子,42.74,63.73,76.77,5.87,8.54,7.36,8.45,,0.0,25.16,5.75,13.98,0.17,13.34,17.98,17.32,0.23
000333.SZ,美的集团,5266.26,11.57,13.75,2.65,16.99,16.79,6.53,0.64,14.66,22.26,6.13,60.54,0.17,2.24,0.81,0.69,1.41
000968.SZ,蓝焰控股,91.53,25.61,25.47,1.48,4.28,4.41,3.49,,0.0,-14.14,5.61,44.46,0.17,4.54,11.89,11.62,0.25
603338.SH,浙江鼎力,267.1,12.56,15.6,2.4,14.71,15.04,10.12,,0.0,4.96,16.57,34.79,0.17,0.94,2.12,1.67,0.64
000930.SZ,中粮科技,147.77,139.96,-209.53,1.39,-0.32,0.75,1.35,,0.0,15.23,-4.91,35.61,0.17,扣非亏损,扣非亏损,373.23,-0.83
000723.SZ,美锦能源,240.43,-24.51,-20.4,1.82,-5.42,-5.25,-1.52,,0.0,-13.01,-2.93,65.32,0.17,扣非亏损,扣非亏损,亏损,-0.83
688580.SH,伟思医疗,59.77,43.89,55.05,3.61,5.7,6.17,6.07,,0.0,37.35,1.69,9.06,0.17,32.67,19.32,14.23,0.22
000036.SZ,华联控股,70.76,149.0,496.66,1.39,0.3,0.7,1.05,,0.0,17.76,-25.36,22.09,0.17,-19.58,3361.49,425.72,0.17
600718.SH,东软集团,112.11,164.6,-63.94,1.19,-0.46,0.54,0.38,,0.0,-145.87,9.8,49.54,0.17,扣非亏损,扣非亏损,609.62,-0.83
002295.SZ,精艺股份,28.81,153.53,505.9,2.13,0.66,1.04,1.33,,0.0,-60.97,-6.57,46.12,0.17,-76.99,1536.98,295.24,0.17
600469.SH,风神股份,53.47,21.88,35.62,1.85,5.82,6.57,3.49,,0.0,-20.94,7.23,55.07,0.17,4.93,12.24,6.66,0.25
301516.SZ,中远通,13.28,-95.76,-48.59,4.12,-3.44,-3.17,-2.43,,0.0,-51.02,-15.63,24.17,0.17,扣非亏损,扣非亏损,亏损,-0.83
603111.SH,康尼机电,58.85,17.12,13.8,1.5,6.82,6.54,3.97,,0.0,22.51,4.34,43.82,0.17,3.18,4.05,5.23,0.42
603201.SH,常润股份,34.86,16.08,15.03,2.02,9.17,9.9,7.39,0.34,10.0,3.85,-0.17,43.26,0.17,-86.31,1.64,1.62,0.78
000739.SZ,普洛药业,208.44,22.33,26.05,3.21,9.78,10.21,6.53,2.14,71.66,-22.14,10.5,46.34,0.17,2.48,2.66,2.19,0.55
300741.SZ,华宝股份,108.95,106.08,-28.47,1.59,1.5,1.13,1.11,0.54,0.0,3.53,-10.89,6.57,0.17,扣非亏损,危险信号,187.75,0.14
300031.SZ,宝通科技,76.5,32.7,63.01,2.24,4.58,5.29,3.93,,0.0,-30.71,6.86,31.27,0.17,9.18,27.49,12.36,0.21
688716.SH,中研股份,25.17,315.08,462.54,3.7,0.4,0.89,0.99,,0.0,-76.22,11.6,12.72,0.17,39.89,2317.92,708.05,0.17
002840.SZ,华统股份,79.26,84.29,113.65,1.98,1.79,2.88,1.89,,0.0,32.68,3.35,60.4,0.17,33.95,127.15,58.54,0.18
002835.SZ,同为股份,21.32,23.51,23.04,2.99,8.57,9.63,8.12,,0.0,-23.47,5.19,20.38,0.17,4.44,5.37,4.88,0.35
300315.SZ,掌趣科技,138.19,141.9,-799.03,2.93,1.54,1.56,-0.07,,0.0,-54.01,-17.76,7.73,0.17,扣非亏损,危险信号,181.93,0.17
603248.SH,锡华科技,19.55,60.21,64.9,9.66,12.8,12.82,9.92,,0.0,58.62,2.95,37.16,0.17,21.98,10.14,9.39,0.27
002331.SZ,皖通科技,34.52,-47.71,-195.09,2.23,-3.75,-3.46,-1.94,,0.0,-139.28,6.75,41.75,0.17,扣非亏损,扣非亏损,亏损,-0.83
002586.SZ,ST围海,55.03,115.72,-147.41,1.94,1.02,1.27,0.93,,0.0,130.37,-0.33,54.6,0.17,扣非亏损,危险信号,182.24,0.17
002215.SZ,诺普信,90.26,14.72,16.71,2.72,15.09,14.39,5.66,,0.0,37.61,6.57,64.95,0.17,2.54,2.22,2.05,0.62
000582.SZ,北部湾港,241.35,26.78,27.93,1.49,3.97,4.32,3.55,0.86,35.06,22.63,5.89,43.75,0.17,4.74,7.04,6.2,0.31
002481.SZ,双塔食品,54.67,131.36,116.39,2.45,1.06,1.33,0.96,0.2,22.68,-53.86,4.26,48.0,0.17,27.32,109.42,98.77,0.18
920491.BJ,奥迪威,28.62,36.68,40.66,3.33,6.48,7.04,6.42,,0.0,7.76,15.52,12.54,0.17,2.62,12.55,10.42,0.25
301479.SZ,弘景光电,20.43,45.86,49.49,7.03,14.98,13.22,10.4,,0.0,8.33,63.92,35.33,0.17,0.77,6.61,6.94,0.32
301051.SZ,信濠光电,34.71,-37.31,-10.07,1.98,-13.44,-3.88,-2.98,,0.0,-29.98,-2.98,47.74,0.17,扣非亏损,扣非亏损,亏损,-0.83
688349.SH,三一重能,345.55,219.34,36.72,2.68,-0.1,0.9,0.02,,0.0,-102.12,20.4,70.64,0.17,1.8,-765.07,487.41,0.17
002452.SZ,长高电新,64.02,28.48,29.09,2.96,7.63,8.1,6.66,0.36,0.0,13.32,6.79,27.15,0.17,4.28,7.63,7.03,0.3
688633.SH,星球石墨,36.19,33.59,33.14,2.25,3.98,4.94,3.8,,0.0,-21.87,9.0,45.51,0.17,3.68,16.64,13.6,0.23
688362.SH,甬矽电子,160.54,190.74,-518.39,6.29,-1.25,2.5,1.28,,0.0,-21.55,22.25,73.39,0.17,扣非亏损,扣非亏损,152.59,-0.83
300206.SZ,理邦仪器,49.88,24.97,37.75,3.99,11.61,12.4,10.68,,0.0,52.21,4.12,14.43,0.17,9.17,6.51,4.03,0.32
003816.SZ,中国广核,1703.21,19.12,23.89,1.77,6.74,7.01,4.52,,0.0,-16.05,2.49,60.83,0.17,9.58,7.09,5.46,0.31
000636.SZ,风华高科,251.07,82.42,82.78,2.01,1.88,1.84,1.24,,0.0,-15.75,0.87,24.11,0.17,95.19,88.14,89.59,0.18
300793.SZ,佳禾智能,59.72,158.92,-183.34,2.04,0.11,0.94,0.61,,0.0,-92.8,-2.45,31.83,0.17,扣非亏损,危险信号,338.12,0.17
002132.SZ,恒星科技,55.84,208.23,-1052.07,1.61,-0.14,0.57,0.86,,0.0,-136.41,14.93,58.06,0.17,扣非亏损,扣非亏损,730.64,-0.83
002285.SZ,世联行,59.08,-107.56,-25.28,2.13,-3.41,-1.47,-0.49,,0.0,7.68,-25.78,28.54,0.17,扣非亏损,扣非亏损,亏损,-0.83
603605.SH,珀莱雅,268.23,19.61,17.33,4.77,18.02,18.25,15.43,1.17,39.6,2.72,32.77,32.61,0.17,0.53,0.96,1.07,1.21
002408.SZ,齐翔腾达,172.22,-91.56,-58.22,1.56,-1.24,-1.26,-0.06,,0.0,-182.2,-10.19,52.86,0.17,扣非亏损,扣非亏损,亏损,-0.83
600075.SH,新疆天业,132.49,1383.06,-165.77,1.48,-0.28,0.08,1.19,,0.0,-11.87,-8.46,56.34,0.17,扣非亏损,扣非亏损,34576.44,-0.83
688429.SH,时创能源,18.63,-18.34,-15.29,4.31,-17.22,-16.27,-5.51,,0.0,48.7,49.86,68.78,0.17,扣非亏损,扣非亏损,亏损,-0.83
601615.SH,明阳智能,500.92,49.06,649.09,1.9,2.21,2.9,1.34,,0.0,-14.47,0.05,69.98,0.17,13166.17,588.35,33.84,0.17
301325.SZ,曼恩斯特,29.02,-152.51,-75.36,2.55,-1.85,-1.24,-0.88,,0.0,-248.8,93.51,40.23,0.17,扣非亏损,扣非亏损,亏损,-0.83
000423.SZ,东阿阿胶,334.73,19.74,21.92,3.37,11.4,12.14,11.3,2.59,100.02,8.23,15.75,21.77,0.17,1.39,1.92,1.63,0.69
688007.SH,光峰科技,70.73,-39.13,-115.68,2.75,-2.02,-5.1,-3.48,,0.0,-235.51,-0.64,35.7,0.17,扣非亏损,扣非亏损,亏损,-0.83
300632.SZ,光莆股份,32.89,76.99,-250.34,2.54,0.09,2.48,2.12,,0.0,-95.66,-6.47,32.48,0.17,扣非亏损,危险信号,62.09,0.17
300289.SZ,利德曼,37.21,-391.72,-35.31,2.25,-0.88,-0.43,-0.42,,0.0,-123.72,-9.75,5.33,0.17,扣非亏损,扣非亏损,亏损,-0.83
301419.SZ,阿莱德,29.03,63.05,63.02,4.63,5.48,5.49,4.9,,0.0,92.2,-1.69,9.18,0.17,-37.3,23.0,22.97,0.21
600749.SH,西藏旅游,37.7,86.84,227.5,3.5,1.99,1.99,2.29,,0.0,104.83,15.39,25.91,0.17,14.79,228.9,87.38,0.17
603408.SH,建霖家居,55.05,11.85,13.87,1.6,8.95,10.31,7.38,1.4,0.0,-18.36,2.63,37.55,0.17,5.27,3.1,2.3,0.49
002344.SZ,海宁皮城,60.48,76.02,96.86,0.72,0.78,0.71,1.02,,0.0,11.84,-10.18,33.13,0.17,-9.52,248.43,214.13,0.17
301289.SZ,国缆检测,44.57,50.96,50.72,4.54,6.7,6.54,6.16,,0.0,25.6,9.18,19.09,0.17,5.53,15.13,15.58,0.23
300639.SZ,凯普生物,42.11,-25.18,-8.17,1.12,-3.41,-3.24,-4.54,,0.0,49.89,0.99,12.93,0.17,扣非亏损,扣非亏损,亏损,-0.83
001222.SZ,源飞宠物,22.32,22.85,23.37,2.78,9.32,9.46,9.02,,0.0,10.43,8.44,12.38,0.17,2.77,5.02,4.83,0.36
002707.SZ,众信旅游,57.35,76.43,140.46,7.37,6.88,7.51,3.15,,0.0,-47.9,209.28,73.95,0.17,0.67,40.81,20.35,0.19
920802.BJ,保丽洁,3.36,61.09,58.1,2.88,3.14,3.56,3.37,,0.0,13.92,0.15,20.04,0.17,390.45,37.06,34.32,0.19
600320.SH,振华重工,179.06,40.66,64.17,1.82,2.27,3.32,1.18,0.39,31.25,175.48,9.98,77.4,0.17,6.43,28.24,12.25,0.2
002171.SZ,楚江新材,200.1,42.5,36.88,2.32,4.0,4.51,3.04,,0.0,1963.68,12.94,57.76,0.17,2.85,18.42,18.85,0.22
601728.SH,中国电信,4797.52,13.78,18.39,1.23,6.3,6.66,4.58,2.88,72.48,0.04,6.47,46.89,0.16,2.84,2.92,2.07,0.51
301037.SZ,保立佳,11.1,240.35,-27.26,3.58,-0.68,1.12,1.43,,0.0,93.8,-9.05,73.95,0.16,扣非亏损,扣非亏损,429.2,-0.84
000422.SZ,湖北宜化,205.01,19.49,54.77,3.58,7.79,14.45,5.45,,0.0,-7.49,-2.17,74.67,0.16,-25.24,14.06,2.7,0.24
603801.SH,志邦家居,41.22,17.85,18.26,1.24,3.49,5.02,2.83,,0.0,-48.92,1.35,46.72,0.16,13.54,10.46,7.11,0.26
600812.SH,华北制药,97.63,46.19,56.22,1.77,2.63,2.9,2.55,,0.0,73.61,-1.66,69.01,0.16,-33.85,42.73,31.88,0.19
601877.SH,正泰电器,823.7,14.78,19.97,1.88,8.87,9.67,5.76,,0.0,13.29,18.34,66.09,0.16,1.09,4.5,3.06,0.39
301600.SZ,慧翰股份,37.45,66.97,73.17,9.65,9.95,10.56,8.95,0.39,0.0,-2.96,34.46,24.25,0.16,2.12,14.71,12.68,0.23
600888.SH,新疆众和,147.23,20.81,21.34,1.3,4.25,4.68,3.24,,0.0,-38.85,-3.15,37.9,0.16,-6.77,10.04,8.89,0.26
603095.SH,越剑智能,49.74,46.19,55.71,2.15,2.7,3.29,2.81,1.68,123.15,-4.9,6.69,22.19,0.16,8.33,20.65,14.04,0.21
300642.SZ,透景生命,24.14,370.05,219.78,1.94,0.09,0.38,-0.01,,0.0,-90.45,-11.45,23.63,0.16,-19.2,4767.46,1947.66,0.16
301387.SZ,光大同创,25.65,170.82,185.15,3.89,1.56,1.71,1.84,,0.0,125.8,7.53,33.83,0.16,24.58,237.47,199.79,0.17
002562.SZ,兄弟科技,48.27,58.13,74.27,2.14,2.91,3.22,2.73,,0.0,298.45,9.84,42.72,0.16,7.55,51.04,36.11,0.18
000922.SZ,佳电股份,95.14,43.1,54.05,2.47,4.34,4.6,3.15,,0.0,-9.74,8.76,46.93,0.16,6.17,24.9,18.74,0.2
600400.SH,红豆股份,51.79,-17.76,-10.59,2.22,-9.21,-8.97,-5.03,,0.0,-1000.09,-5.49,35.17,0.16,扣非亏损,扣非亏损,亏损,-0.84
601600.SH,中国铝业,1854.81,16.66,17.28,3.29,15.03,15.25,10.05,1.01,29.78,23.03,-6.69,46.38,0.16,-2.58,1.15,1.09,1.03
603393.SH,新天然气,178.35,16.43,16.84,1.99,8.65,9.53,6.81,,0.0,-15.52,13.63,48.13,0.16,1.24,3.89,3.45,0.42
301063.SZ,海锅股份,26.67,44.0,54.07,1.84,2.76,3.17,2.23,,0.0,144.63,8.98,39.65,0.16,6.02,39.17,27.76,0.19
600032.SH,浙江新能,216.18,26.44,44.51,1.67,4.63,4.81,2.95,0.5,30.5,-2.0,16.73,67.1,0.16,2.66,9.61,5.5,0.27
603787.SH,新日股份,31.3,20.28,75.8,1.97,6.5,7.42,3.69,0.71,38.46,62.5,-5.4,60.35,0.16,-14.03,11.66,2.73,0.25
688207.SH,格灵深瞳,41.25,-24.3,-18.92,2.15,-6.92,-6.45,-6.56,,0.0,5.87,-20.22,6.96,0.16,扣非亏损,扣非亏损,亏损,-0.84
603889.SH,新澳股份,60.59,12.13,14.26,1.7,10.61,10.75,8.01,,0.0,5.25,12.02,39.98,0.16,1.19,2.69,2.26,0.53
000021.SZ,深科技,485.89,48.23,56.51,3.82,4.68,6.16,2.94,,0.0,-6.58,-3.27,42.49,0.16,-17.3,24.13,15.66,0.2
002394.SZ,联发股份,53.67,15.29,22.37,1.24,4.11,6.24,5.67,,0.0,35.52,2.44,28.09,0.16,9.18,10.89,4.9,0.25
605066.SH,天正电气,43.86,31.42,39.08,2.47,5.43,5.83,3.17,,0.0,-9.33,0.97,44.58,0.16,40.2,14.41,10.78,0.23
688151.SH,华强科技,75.45,1274.6,-97.35,1.8,-1.24,0.11,-0.07,,0.0,-31.9,-16.51,13.37,0.16,扣非亏损,扣非亏损,23174.46,-0.84
301229.SZ,纽泰格,24.15,80.67,93.15,3.51,3.11,3.19,2.78,0.24,0.0,-33.28,21.54,44.63,0.16,4.32,59.97,50.58,0.18
603377.SH,ST东时,26.81,-19.54,-4.63,3.31,-9.29,-11.74,-1.59,,0.0,25.94,-11.62,73.52,0.16,扣非亏损,扣非亏损,亏损,-0.84
300144.SZ,宋城演艺,191.3,21.18,27.84,2.54,8.81,9.06,9.89,,0.0,-26.94,94.96,14.37,0.16,0.29,6.32,4.68,0.32
002111.SZ,威海广泰,50.63,33.12,93.77,1.87,3.7,4.0,2.73,0.76,50.0,-8.27,-0.41,52.42,0.16,-229.62,25.37,8.28,0.2
603429.SH,集友股份,47.52,-596.5,-106.51,3.85,-0.81,-0.48,-0.84,,0.0,-112.15,-11.06,7.17,0.16,扣非亏损,扣非亏损,亏损,-0.84
002263.SZ,大东南,68.37,425.25,148.58,2.47,0.29,0.44,0.21,,0.0,131.26,-7.28,5.77,0.16,-20.41,1024.36,1932.97,0.16
688588.SH,凌志软件,51.84,40.19,58.84,4.21,7.04,7.71,4.0,,0.0,-5.59,22.23,29.54,0.16,2.65,16.71,10.43,0.22
002696.SZ,百洋股份,25.19,54.14,74.26,1.9,2.04,2.63,1.61,,0.0,190.78,2.8,60.04,0.16,26.51,72.81,41.17,0.18
688576.SH,西山科技,16.45,59.37,57.41,2.0,1.98,2.51,1.79,,0.0,-25.58,18.79,8.11,0.16,3.06,57.88,47.31,0.18
603079.SH,圣达生物,34.06,47.9,56.45,2.16,3.35,3.88,3.41,,0.0,393.96,1.92,25.26,0.16,29.4,33.72,24.69,0.19
300568.SZ,星源材质,188.29,136.47,662.89,2.11,0.16,1.17,1.13,,0.0,-94.06,25.65,60.81,0.16,25.85,8219.3,233.28,0.16
000756.SZ,新华制药,76.58,31.3,29.25,2.08,4.71,5.01,3.61,,0.0,-25.62,8.95,40.72,0.16,3.27,12.41,12.5,0.24
920057.BJ,百甲科技,7.93,114.85,-343.05,1.75,1.14,1.15,1.19,,0.0,46.82,-0.43,61.54,0.16,扣非亏损,危险信号,199.74,0.16
002965.SZ,祥鑫科技,65.91,41.48,37.49,2.06,3.45,3.73,2.08,,0.0,-43.91,44.05,50.83,0.16,0.85,21.73,22.24,0.21
603218.SH,日月股份,171.17,29.62,33.41,1.68,3.96,4.26,3.07,,0.0,80.8,-0.06,27.63,0.16,-521.54,16.86,13.91,0.22
603192.SH,汇得科技,36.18,42.78,36.77,2.72,4.66,4.85,3.9,,0.0,6.56,-5.7,29.97,0.16,-6.45,15.79,17.64,0.22
301376.SZ,致欧科技,33.27,19.08,20.52,2.03,8.64,8.17,4.52,1.11,0.0,11.0,12.17,47.04,0.16,1.69,4.75,4.67,0.37
601333.SH,广深铁路,178.61,11.53,24.0,0.79,3.99,5.26,5.1,,0.0,-7.56,11.15,23.89,0.16,2.15,12.03,4.38,0.24
002787.SZ,华源控股,32.01,37.47,50.14,2.29,4.39,4.56,3.83,,0.0,47.0,1.5,30.7,0.16,33.44,22.86,16.43,0.2
601199.SH,江南水务,56.39,15.35,14.37,1.24,5.95,6.13,4.44,0.54,17.08,-4.09,11.28,35.38,0.16,1.27,2.42,2.5,0.57
603727.SH,博迈科,49.86,159.76,330.76,1.57,0.29,0.72,-0.32,,0.0,-91.55,-6.16,28.61,0.16,-53.66,2285.01,441.5,0.16
300106.SZ,西部牧业,22.93,-46.91,-14.16,5.94,-12.33,-4.41,-1.95,,0.0,-2.76,-4.75,50.65,0.16,扣非亏损,扣非亏损,亏损,-0.84
688692.SH,达梦数据,176.57,62.18,56.36,7.81,9.01,9.69,8.3,0.23,33.15,90.97,13.18,13.44,0.16,4.28,6.25,6.42,0.32
300087.SZ,荃银高科,80.97,-35.68,-213.98,4.92,-12.34,-9.63,-2.74,,0.0,-113.23,23.6,69.33,0.16,扣非亏损,扣非亏损,亏损,-0.84
688095.SH,福昕软件,70.15,3744.6,-54.77,2.77,-0.86,0.06,-0.24,,0.0,77.16,9.64,26.08,0.16,扣非亏损,扣非亏损,124820.11,-0.84
920227.BJ,美登科技,11.16,61.53,68.87,6.1,6.62,7.23,8.06,,0.0,-6.09,8.45,5.85,0.16,8.15,20.82,17.02,0.21
002406.SZ,远东传动,46.91,44.75,54.3,1.42,1.78,2.36,2.46,,0.0,47.35,-9.03,17.12,0.16,-6.01,61.14,37.92,0.18
002057.SZ,中钢天源,81.97,27.74,36.1,2.53,6.67,6.94,5.59,0.59,30.99,62.2,1.27,30.87,0.16,28.34,5.41,4.0,0.34
688203.SH,海正生材,26.37,403.13,468.48,1.79,0.25,0.33,0.74,,0.0,-87.35,13.37,28.44,0.16,35.04,3744.82,2443.2,0.16
002421.SZ,达实智能,56.59,-10.82,-31.02,2.01,-5.05,-13.03,-4.44,,0.0,-576.42,0.99,59.88,0.16,扣非亏损,扣非亏损,亏损,-0.84
002749.SZ,国光股份,63.69,17.65,17.87,3.4,13.38,13.82,12.74,5.25,80.0,1.92,13.65,13.26,0.16,1.31,1.34,1.28,0.91
002431.SZ,棕榈股份,49.03,-7.14,-3.54,4.3,-38.1,-36.74,-1.17,,0.0,30.36,-8.0,92.85,0.16,扣非亏损,扣非亏损,亏损,-0.84
920346.BJ,威贸电子,10.17,40.77,42.02,3.98,6.87,7.48,6.79,,0.0,15.63,5.96,12.64,0.16,7.05,12.23,10.9,0.24
920130.BJ,立方控股,13.03,-112.04,-34.28,4.16,-2.97,-2.75,-2.31,,0.0,71.72,-13.06,25.23,0.16,扣非亏损,扣非亏损,亏损,-0.84
300022.SZ,吉峰科技,39.74,-407.42,-675.31,7.47,-2.06,-1.37,1.38,,0.0,57.49,4.52,60.22,0.16,扣非亏损,扣非亏损,亏损,-0.84
002017.SZ,东信和平,119.67,79.88,70.49,6.77,5.96,6.35,3.41,,0.0,-3.9,9.19,40.03,0.16,7.67,23.63,25.16,0.2
600765.SH,中航重机,274.95,45.16,55.49,1.94,3.79,4.31,2.77,0.04,0.0,-44.5,3.26,49.05,0.16,17.04,29.29,20.96,0.19
605136.SH,丽人丽妆,41.17,-84.61,-79.8,1.68,-2.33,-1.48,-2.22,,0.0,-25.35,-24.73,6.0,0.16,扣非亏损,扣非亏损,亏损,-0.84
000488.SZ,ST晨鸣,46.41,-1.01,-0.68,2.54,-94.07,-97.29,-9.15,,0.0,-440.51,-11.5,89.89,0.16,扣非亏损,扣非亏损,亏损,-0.84
603948.SH,建业股份,45.95,19.61,21.71,2.19,7.99,8.36,7.62,,0.0,9.05,-5.0,18.17,0.16,-4.34,5.43,4.69,0.34
002495.SZ,佳隆股份,19.48,175.09,127.03,2.37,0.95,1.0,1.12,,0.0,-28.58,0.78,8.26,0.16,162.34,267.42,350.19,0.16
002475.SZ,立讯精密,3585.93,23.4,27.4,4.51,12.76,15.24,5.52,0.28,0.0,17.55,21.1,67.01,0.16,1.3,4.3,3.07,0.39
600824.SH,益民集团,45.96,179.38,-1780.38,1.91,0.35,0.8,0.99,,0.0,-76.57,-2.73,14.87,0.16,扣非亏损,危险信号,448.44,0.16
001318.SZ,阳光乳业,40.48,34.74,34.6,2.81,6.14,5.96,5.22,,0.0,-2.85,-6.16,5.1,0.16,-5.62,11.26,11.66,0.25
300519.SZ,新光药业,18.5,42.91,47.74,3.13,5.24,5.45,4.72,,0.0,25.86,-4.85,7.33,0.16,-9.85,18.21,15.75,0.21
300376.SZ,易事特,174.32,138.74,105.79,2.6,2.16,1.39,1.42,,0.0,4.13,-5.48,48.66,0.16,-19.29,98.03,199.63,0.17
301499.SZ,维科精密,12.19,104.92,105.75,3.81,2.41,2.73,2.43,0.17,29.41,43.1,7.49,15.8,0.16,14.13,43.96,38.43,0.18
300062.SZ,中能电气,42.13,849.27,-86.26,4.79,0.51,0.41,0.63,,0.0,167.57,7.69,57.88,0.16,扣非亏损,危险信号,4142.8,0.15
002641.SZ,公元股份,50.35,90.41,410.8,1.0,-0.09,0.83,0.52,,0.0,-103.76,-9.38,32.83,0.16,-43.78,-8891.7,217.84,0.16
301586.SZ,佳力奇,24.56,68.02,65.03,3.02,3.22,3.36,2.62,,0.0,-33.07,17.32,23.48,0.16,3.75,40.38,40.49,0.18
003016.SZ,欣贺股份,34.8,257.44,-86.11,1.33,-0.05,0.39,0.19,,0.0,96.15,-12.09,22.48,0.16,扣非亏损,扣非亏损,1320.18,-0.84
001338.SZ,永顺泰,69.04,20.47,21.63,1.85,6.84,6.84,6.13,,0.0,17.6,14.17,13.38,0.16,1.53,6.32,5.99,0.31
002884.SZ,凌霄泵业,49.89,13.95,14.82,2.83,14.47,15.05,15.71,,0.0,3.41,-6.13,6.85,0.16,-2.42,2.05,1.85,0.64
001288.SZ,运机集团,50.08,54.19,50.93,3.53,4.09,4.59,2.76,,0.0,15.37,25.68,53.92,0.16,1.98,24.9,23.61,0.2
600251.SH,冠农股份,92.0,19.88,45.94,2.42,8.75,9.17,5.78,1.08,25.91,-4.16,10.21,32.77,0.16,4.5,5.25,2.17,0.35
688063.SH,派能科技,192.61,301.88,-598.66,2.11,-0.18,0.52,-0.43,,0.0,-31.4,35.73,28.28,0.16,扣非亏损,扣非亏损,1161.09,-0.84
001206.SZ,依依股份,23.75,19.77,21.46,2.21,7.37,8.33,9.22,1.55,43.64,0.79,12.79,14.97,0.16,1.68,2.91,2.37,0.5
300933.SZ,中辰股份,49.46,119.81,-438.24,2.4,0.61,1.79,1.97,,0.0,-71.66,6.94,51.28,0.16,扣非亏损,危险信号,133.87,0.16
301008.SZ,宏昌科技,36.32,122.25,205.47,2.74,1.16,1.99,1.5,,0.0,-55.64,10.25,31.65,0.16,20.04,355.65,122.86,0.16
002929.SZ,润建股份,105.7,1661.74,-3528.37,2.26,0.71,0.1,0.1,,0.0,-84.21,11.99,70.6,0.16,扣非亏损,危险信号,33234.72,0.16
301507.SZ,民生健康,16.25,34.47,56.67,3.25,5.58,7.24,6.67,,0.0,6.79,9.44,14.92,0.16,6.01,20.3,9.52,0.21
600372.SH,中航机载,687.12,52.07,90.67,1.79,2.4,2.61,1.71,0.16,0.0,-7.7,0.22,50.63,0.16,420.03,75.67,39.9,0.17
603271.SH,永杰新材,43.5,21.99,,3.21,13.71,12.72,7.67,0.44,16.67,,9.71,41.56,0.16,,,1.73,0.73
301110.SZ,青木科技,39.62,52.83,62.13,3.85,5.2,5.47,4.9,,0.0,19.49,9.91,16.05,0.16,6.27,23.9,19.32,0.2
301173.SZ,毓恬冠佳,13.69,25.27,,2.65,9.3,8.9,6.03,0.51,0.0,,13.08,42.08,0.16,,,5.68,0.33
301311.SZ,昆船智能,43.68,-78.85,-121.81,2.44,-2.42,-2.29,-0.77,,0.0,-551.6,1.61,57.28,0.16,扣非亏损,扣非亏损,亏损,-0.84
300989.SZ,蕾奥规划,22.92,213.48,-189.11,3.23,0.41,1.14,1.02,,0.0,111.2,-13.55,19.63,0.16,扣非亏损,危险信号,374.52,0.15
601118.SH,海南橡胶,337.22,-91.91,-79.13,3.48,-3.4,-2.79,0.31,,0.0,31.39,59.35,67.85,0.16,扣非亏损,扣非亏损,亏损,-0.84
000060.SZ,中金岭南,318.87,28.44,29.46,2.0,5.38,5.63,3.21,,0.0,7.5,11.41,65.43,0.16,2.58,10.96,10.1,0.25
300987.SZ,川网传媒,31.34,271.13,162.59,3.95,1.06,1.08,0.49,,0.0,-14.39,15.26,27.92,0.16,10.66,306.37,502.09,0.16
603611.SH,诺力股份,61.13,11.57,15.1,1.95,10.46,12.87,4.32,,0.0,2.69,5.99,66.61,0.16,2.52,2.89,1.8,0.5
301032.SZ,新柴股份,22.3,42.58,40.92,2.79,4.56,4.97,2.08,,0.0,28.31,-2.49,57.62,0.15,-16.46,17.93,17.14,0.21
002334.SZ,英威腾,72.38,41.15,35.18,2.7,4.34,4.96,3.23,,0.0,-18.58,14.12,48.92,0.15,2.49,16.23,16.59,0.22
002972.SZ,科安达,16.58,37.83,41.45,2.52,4.63,4.82,4.26,1.26,71.06,-9.42,-3.76,14.65,0.15,-11.02,8.96,7.85,0.27
688793.SH,倍轻松,18.66,-21.32,-23.58,6.75,-20.62,-18.99,-8.46,,0.0,-826.41,0.91,58.87,0.15,扣非亏损,扣非亏损,亏损,-0.85
600021.SH,上海电力,598.1,14.71,24.69,2.83,9.63,13.91,4.26,,0.0,22.42,11.94,69.8,0.15,2.07,5.13,2.11,0.35
000581.SZ,威孚高科,189.26,15.0,16.07,1.15,5.47,5.74,4.08,0.48,13.89,-11.75,-6.38,27.81,0.15,-2.52,2.94,2.61,0.49
600881.SH,亚泰集团,55.59,-4.38,-1.89,3.28,-44.12,-41.29,0.35,,0.0,24.75,-28.23,95.24,0.15,扣非亏损,扣非亏损,亏损,-0.85
601088.SH,中国神华,8067.42,18.67,18.41,2.34,9.18,9.35,9.12,2.42,79.03,-15.92,0.29,24.36,0.15,64.49,2.0,2.0,0.65
603486.SH,科沃斯,365.22,19.51,25.09,4.29,16.15,18.2,8.89,,0.0,141.99,8.32,47.18,0.15,3.01,3.11,2.14,0.48
600168.SH,武汉控股,54.54,49.32,71.95,1.02,1.04,1.55,1.72,,0.0,33.96,10.0,73.05,0.15,7.2,137.76,63.64,0.16
300951.SZ,博硕科技,57.47,33.52,35.26,2.76,5.89,6.12,5.08,,0.0,-8.28,20.55,19.69,0.15,1.72,11.96,10.95,0.24
600336.SH,澳柯玛,65.28,-540.43,-77.43,2.69,-1.24,-0.37,-0.03,0.12,21.1,-38.68,-2.61,65.13,0.15,扣非亏损,扣非亏损,亏损,-0.85
920964.BJ,润农节水,9.87,-147.03,-76.84,1.99,-1.1,-1.01,-0.46,,0.0,-155.2,18.95,35.93,0.15,扣非亏损,扣非亏损,亏损,-0.85
920429.BJ,康比特,16.01,90.25,50.04,2.12,1.52,1.7,1.97,,0.0,-80.21,28.61,33.23,0.15,1.75,65.76,106.17,0.17
301577.SZ,美信科技,13.31,209.43,114.74,4.17,1.4,1.48,0.89,,0.0,-18.53,-3.04,31.04,0.15,-37.7,164.13,283.02,0.16
002772.SZ,众兴菌业,71.86,26.59,34.44,2.14,5.49,6.11,3.43,1.03,0.0,181.09,8.28,48.13,0.15,4.16,12.56,8.7,0.23
920895.BJ,花溪科技,5.38,11412.52,-621.74,5.33,0.03,0.04,-0.09,,0.0,-96.05,-19.74,13.83,0.15,扣非亏损,危险信号,570626.0,0.15
000985.SZ,大庆华科,26.45,149.98,-615.42,4.3,1.9,2.15,2.24,0.08,21.46,-63.1,0.32,15.68,0.15,扣非亏损,危险信号,69.76,0.15
605090.SH,九丰能源,302.06,18.29,23.35,2.88,11.67,12.61,8.78,0.93,29.78,-4.44,7.82,32.31,0.15,2.99,2.0,1.45,0.65
601096.SH,宏盛华源,106.63,46.01,54.81,3.79,6.01,6.26,3.81,0.57,32.08,88.93,12.5,53.83,0.15,4.38,9.12,7.35,0.26
002783.SZ,凯龙股份,47.0,28.25,24.99,1.94,4.63,5.25,4.46,,0.0,29.82,10.64,55.44,0.15,2.35,10.79,10.76,0.25
920471.BJ,美邦科技,7.87,-157.27,-42.94,2.35,-1.15,-1.11,-1.35,,0.0,-139.71,0.89,34.41,0.15,扣非亏损,扣非亏损,亏损,-0.85
001400.SZ,江顺科技,20.16,92.41,,6.56,6.59,6.39,4.7,1.03,80.72,,15.4,34.59,0.15,,,14.46,0.22
603020.SH,爱普股份,42.12,28.17,65.2,1.27,1.79,3.4,4.71,,0.0,-18.01,-6.97,6.91,0.15,-9.35,72.81,16.57,0.17
600326.SH,西藏天路,147.42,489.22,-236.66,3.76,-0.73,0.58,0.8,,0.0,72.52,-16.73,52.94,0.15,扣非亏损,扣非亏损,1686.96,-0.85
301015.SZ,百洋医药,117.41,18.49,25.79,4.93,16.87,20.25,10.52,,0.0,-32.87,1.75,63.59,0.15,14.7,3.06,1.83,0.48
603713.SH,密尔克卫,99.15,14.17,17.37,2.13,10.83,11.69,5.34,,0.0,8.45,14.14,73.63,0.15,1.23,3.21,2.42,0.46
603628.SH,清源股份,41.04,31.12,51.49,3.07,7.33,7.47,2.72,,0.0,0.17,25.02,61.89,0.15,2.06,14.05,8.33,0.22
301365.SZ,矩阵股份,26.23,50.73,161.87,2.67,2.84,3.87,3.55,1.47,159.09,58.45,-14.54,19.63,0.15,-11.13,57.09,13.11,0.17
002539.SZ,云图控股,139.85,21.3,24.08,2.07,7.33,7.5,3.71,,0.0,13.46,12.47,63.29,0.15,1.93,6.57,5.68,0.3
688092.SH,爱科科技,25.38,51.11,48.78,3.91,5.63,5.79,4.38,0.4,31.25,-26.1,13.34,21.79,0.15,3.66,8.66,8.83,0.27
300527.SZ,ST应急,85.1,795.94,-1144.97,2.92,0.16,0.29,0.03,,0.0,204.97,8.84,21.77,0.15,扣非亏损,危险信号,5489.24,0.15
301556.SZ,托普云农,27.51,65.39,68.92,8.06,8.49,9.42,7.52,0.24,38.52,12.53,13.95,17.59,0.15,4.94,8.11,6.94,0.28
603657.SH,春光科技,38.14,591.76,378.65,4.04,0.34,0.51,0.68,,0.0,29.35,19.92,65.53,0.15,19.01,2206.61,2320.63,0.15
300800.SZ,力合科技,29.93,103.12,109.94,1.51,0.76,1.09,0.43,,0.0,69.96,0.63,18.28,0.15,173.65,288.56,189.21,0.15
300422.SZ,博世科,26.7,-9.85,-2.71,2.52,-18.41,-17.56,-0.67,,0.0,-97.51,-15.59,86.53,0.15,扣非亏损,扣非亏损,亏损,-0.85
300197.SZ,节能铁汉,56.64,-4.84,-2.04,5.77,-37.19,-90.63,-2.33,,0.0,-41.7,-23.55,91.21,0.15,扣非亏损,扣非亏损,亏损,-0.85
300474.SZ,景嘉微,262.74,-349.31,-113.69,4.85,-1.23,-1.03,-1.54,,0.0,-1437.78,-22.42,10.32,0.15,扣非亏损,扣非亏损,亏损,-0.85
002947.SZ,恒铭达,92.77,22.69,22.85,3.78,12.31,12.7,11.17,,0.0,30.05,30.39,23.71,0.15,0.75,3.71,3.57,0.42
301292.SZ,海科新源,54.85,-84.16,-78.15,5.31,-4.89,-4.59,-1.39,,0.0,38.74,5.7,64.55,0.15,扣非亏损,扣非亏损,亏损,-0.85
300209.SZ,行云科技,66.06,-466.57,-98.85,8.7,-2.3,-1.51,-1.66,,0.0,54.2,-37.62,18.71,0.15,扣非亏损,扣非亏损,亏损,-0.85
600604.SH,市北高新,72.91,-38.89,-82.02,1.56,-3.8,-2.96,0.08,,0.0,-156.07,48.97,60.24,0.15,扣非亏损,扣非亏损,亏损,-0.85
000812.SZ,陕西金叶,32.72,208.05,-453.94,1.82,0.4,0.65,1.9,,0.0,-85.98,4.25,67.8,0.15,扣非亏损,危险信号,640.17,0.15
600575.SH,淮河能源,153.12,28.15,37.36,2.29,6.23,6.33,4.46,,0.0,-4.22,9.62,41.61,0.15,3.89,12.0,8.89,0.23
600522.SH,中天科技,1015.35,32.57,39.69,2.77,5.98,6.43,4.43,,0.0,0.61,1.81,40.49,0.15,21.88,13.27,10.13,0.23
688029.SH,南微医学,139.08,20.48,22.95,3.42,12.86,12.75,11.12,0.61,25.77,13.89,12.59,18.27,0.15,1.82,1.78,1.61,0.71
601188.SH,龙江交通,47.52,22.78,28.64,1.02,3.44,3.35,3.65,,0.0,1.27,19.67,9.7,0.15,1.46,16.63,13.6,0.21
688199.SH,久日新材,43.27,1193.27,-114.02,1.69,-0.29,0.11,0.58,,0.0,77.25,6.9,35.99,0.15,扣非亏损,扣非亏损,21695.8,-0.85
688211.SH,中科微至,43.3,-18.08,-15.4,1.28,-5.94,-5.2,-2.73,,0.0,-259.56,5.25,51.49,0.15,扣非亏损,扣非亏损,亏损,-0.85
002970.SZ,锐明技术,89.05,35.7,41.59,6.78,13.65,14.93,9.37,0.82,34.78,21.62,22.35,39.42,0.15,1.86,3.05,2.39,0.48
600056.SH,中国医药,158.36,26.13,51.27,1.34,3.33,3.72,2.37,0.19,10.01,-3.47,-1.67,61.36,0.15,-30.65,15.39,7.02,0.21
002174.SZ,游族网络,101.84,100.09,-63.01,2.06,0.9,1.67,1.68,,0.0,242.19,-22.63,14.19,0.15,扣非亏损,危险信号,119.87,0.14
603869.SH,ST智知,48.72,98.87,2050.78,1.3,0.84,0.99,0.78,,0.0,292.36,-6.83,19.8,0.15,-300.47,4869.47,199.74,0.15
300559.SZ,佳发教育,35.84,71.0,160.44,3.8,3.64,4.01,3.34,,0.0,-10.75,9.74,23.17,0.15,16.48,88.11,35.41,0.16
603619.SH,中曼石油,168.71,27.91,34.41,3.88,10.35,10.86,7.57,0.87,26.32,-31.78,33.82,63.51,0.15,1.02,3.32,2.57,0.45
300572.SZ,安车检测,48.62,-214.61,-24.91,3.42,-1.66,-1.19,-1.37,,0.0,21.15,-1.73,27.31,0.15,扣非亏损,扣非亏损,亏损,-0.85
600052.SH,东望时代,35.54,40.36,-16.18,1.31,-0.25,2.49,1.88,0.42,25.0,-171.35,29.83,8.85,0.15,扣非亏损,扣非亏损,16.21,-0.85
600975.SH,新五丰,72.11,-410.7,2245.55,2.39,-0.82,-0.44,1.36,,0.0,-291.8,46.46,73.22,0.15,48.33,困境反转,亏损,0.15
001965.SZ,招商公路,686.3,12.83,14.7,1.03,5.5,5.87,3.72,,0.0,-4.55,14.7,44.26,0.15,1.0,5.34,4.37,0.34
002312.SZ,川发龙蟒,251.11,43.2,47.71,2.61,4.65,4.57,3.08,,0.0,3.74,11.24,53.83,0.15,4.24,20.54,18.91,0.2
301106.SZ,骏成科技,33.81,32.18,38.77,2.64,5.98,6.31,5.29,,0.0,1.04,15.62,21.82,0.15,2.48,12.97,10.2,0.23
601678.SH,滨化股份,115.04,45.16,90.48,1.01,0.84,1.69,2.57,0.24,20.0,-48.58,6.03,52.37,0.15,15.0,107.74,26.72,0.16
002422.SZ,科伦药业,425.59,32.53,32.5,2.2,4.97,5.18,4.38,0.43,20.0,-53.12,7.94,28.63,0.15,4.09,6.54,6.28,0.3
603515.SH,欧普照明,137.84,18.09,19.7,2.09,6.9,8.59,6.85,,0.0,-8.03,-6.52,28.16,0.15,-3.02,5.71,4.21,0.32
688049.SH,炬芯科技,86.59,42.82,48.89,4.37,7.6,7.84,5.89,0.19,18.87,205.21,9.85,14.41,0.15,4.96,6.43,5.46,0.3
301197.SZ,工大科雅,25.32,-97.54,132.32,2.18,-2.61,-1.61,-1.24,,0.0,-89.0,0.84,23.86,0.15,158.41,困境反转,亏损,0.16
002390.SZ,信邦制药,64.97,32.25,44.59,0.97,2.33,2.25,2.68,0.93,53.1,-10.5,-2.26,18.83,0.15,-19.75,19.13,14.34,0.2
001216.SZ,华瓷股份,50.36,20.5,23.93,2.86,10.29,10.59,9.76,,0.0,19.92,4.22,17.04,0.15,5.67,4.65,3.87,0.36
000573.SZ,粤宏远A,27.53,28.07,-49.05,1.69,-2.58,4.55,4.47,,0.0,-10.1,-15.22,23.39,0.15,扣非亏损,扣非亏损,12.34,-0.85
603086.SH,先达股份,37.48,14.35,24.74,1.73,9.06,9.48,5.96,,0.0,7318.54,6.32,45.51,0.15,3.92,5.46,3.03,0.33
601330.SH,绿色动力,86.84,15.04,17.91,1.53,7.57,7.57,4.92,1.49,37.04,24.55,-12.39,59.83,0.15,-1.45,2.37,1.99,0.57
002554.SZ,惠博普,53.87,383.9,-44.27,2.28,-0.25,0.45,0.97,,0.0,93.36,25.36,58.49,0.15,扣非亏损,扣非亏损,1706.21,-0.85
603833.SH,欧派家居,326.14,13.35,14.4,1.72,8.91,9.42,5.23,2.38,0.0,-2.9,-1.87,45.21,0.15,-7.69,3.23,2.83,0.46
600370.SH,三房巷,106.38,-17.09,-18.98,2.15,-8.32,-8.52,-1.86,,0.0,-55.02,7.62,73.14,0.15,扣非亏损,扣非亏损,亏损,-0.85
301236.SZ,软通动力,358.68,358.41,2825.82,4.56,-0.57,0.94,0.32,,0.0,-1498.79,28.36,60.64,0.15,99.64,-9951.83,762.58,0.15
002105.SZ,信隆健康,25.88,-64.71,-47.47,3.09,-3.96,-3.51,-1.33,,0.0,-1078.18,-18.11,43.36,0.15,扣非亏损,扣非亏损,亏损,-0.85
688484.SH,南芯科技,114.85,65.28,86.27,4.07,4.03,4.77,3.56,,0.0,-39.93,37.74,15.55,0.15,2.29,42.81,27.37,0.17
601949.SH,中国出版,125.28,39.45,23.86,1.3,1.35,2.46,1.47,,0.0,-43.11,-1.05,33.2,0.15,-22.83,35.42,32.08,0.18
300494.SZ,盛天网络,48.76,146.65,-24.11,4.17,1.16,2.11,2.37,,0.0,361.55,0.48,8.68,0.15,扣非亏损,危险信号,139.0,0.12
000014.SZ,沙河股份,34.73,-80.85,-55.44,2.18,-2.0,-2.0,-1.88,,0.0,-168.11,8.89,29.14,0.15,扣非亏损,扣非亏损,亏损,-0.85
000717.SZ,中南股份,68.83,-76.78,-15.13,0.88,-1.48,-0.85,-0.03,,0.0,87.26,-11.51,60.81,0.15,扣非亏损,扣非亏损,亏损,-0.85
600101.SH,明星电力,60.21,25.36,41.36,1.94,5.76,5.82,4.79,0.43,0.0,-19.11,14.02,25.76,0.15,2.95,14.37,8.71,0.22
600590.SH,泰豪科技,122.32,189.24,-18.56,3.87,1.64,1.55,2.2,,0.0,132.08,-9.0,64.71,0.15,扣非亏损,危险信号,244.18,0.1
002332.SZ,仙琚制药,89.4,16.56,22.96,1.5,6.14,6.8,6.34,1.11,32.09,-30.3,-2.77,17.04,0.15,-8.28,3.74,2.44,0.41
600433.SH,冠豪高新,64.59,-21.27,-23.08,1.53,-2.12,-2.08,-0.91,,0.0,-392.95,1.12,49.33,0.15,扣非亏损,扣非亏损,亏损,-0.85
002337.SZ,赛象科技,39.75,60.06,96.67,3.02,3.65,3.84,2.43,,0.0,11.51,6.4,32.78,0.15,15.11,53.02,31.28,0.16
301187.SZ,欧圣电气,57.13,32.85,30.6,3.77,8.11,8.59,4.13,,0.0,-31.26,12.48,60.75,0.15,2.45,7.55,7.65,0.28
002184.SZ,海得控制,29.97,612.69,-30.29,3.75,-1.41,0.47,0.63,,0.0,87.52,2.02,54.93,0.15,扣非亏损,扣非亏损,2607.19,-0.85
603810.SH,丰山集团,28.47,50.41,120.15,1.86,2.25,2.65,1.77,,0.0,252.88,-10.06,41.16,0.15,-11.94,106.73,38.05,0.16
002986.SZ,宇新股份,49.44,-72.86,-431.72,1.62,-1.48,-1.61,-0.13,,0.0,-123.99,39.22,59.19,0.15,扣非亏损,扣非亏损,亏损,-0.85
002282.SZ,博深股份,39.59,19.9,23.95,1.14,4.11,4.35,4.61,,0.0,-3.34,2.33,9.56,0.15,10.3,11.65,9.15,0.23
688301.SH,奕瑞科技,233.95,39.34,50.12,4.24,8.21,9.75,4.93,,0.0,14.0,16.35,46.41,0.15,3.07,12.22,8.07,0.23
300401.SZ,花园生物,85.22,27.76,31.47,2.74,6.67,7.09,4.94,,0.0,9.06,5.9,42.19,0.15,5.34,9.44,7.83,0.25
001220.SZ,世盟股份,9.43,26.45,24.93,4.11,11.93,12.42,12.35,,0.0,-12.11,,16.14,0.15,,4.18,4.26,0.38
002330.SZ,得利斯,32.39,449.7,-60.37,1.41,-0.0,0.23,0.61,,0.0,-100.16,-1.77,35.41,0.15,扣非亏损,402489.67,3910.41,-0.85
002733.SZ,雄韬股份,100.96,74.14,227.53,3.83,2.94,3.9,2.76,,0.0,-29.44,6.04,47.65,0.15,37.67,154.7,38.02,0.15
301061.SZ,匠心家居,124.55,21.38,22.14,4.66,16.41,17.05,15.19,0.53,25.13,59.36,13.33,21.32,0.15,1.66,1.35,1.25,0.89
600782.SH,新钢股份,129.29,27.26,25.26,0.49,0.45,2.48,0.92,,0.0,109.79,-25.0,44.41,0.15,-1.01,111.54,21.98,0.15
601038.SH,一拖股份,111.44,12.91,24.15,2.18,12.06,13.02,7.64,0.48,10.0,-14.82,10.36,48.14,0.15,2.33,2.0,0.99,0.64
605333.SH,沪光股份,117.36,22.01,19.33,3.65,14.55,17.66,6.46,,0.0,-2.94,51.24,61.33,0.15,0.38,2.66,2.49,0.52
301601.SZ,惠通科技,22.94,127.38,102.3,3.01,1.85,1.81,1.08,,0.0,-76.58,15.96,39.45,0.14,6.41,110.73,140.75,0.15
601857.SH,中国石油,19511.61,13.1,13.37,1.42,8.26,8.1,6.79,2.11,47.83,-6.36,4.79,38.38,0.14,2.79,1.62,1.62,0.76
688005.SH,容百科技,223.68,-82.39,-341.81,2.76,-2.67,-2.46,-0.3,,0.0,-348.89,45.14,65.67,0.14,扣非亏损,扣非亏损,亏损,-0.86
600475.SH,华光环能,204.13,45.08,44.29,2.38,3.52,3.84,2.81,0.55,0.0,34.85,3.71,60.72,0.14,11.93,25.18,23.48,0.18
300546.SZ,雄帝科技,31.7,180.21,150.84,3.93,1.25,1.66,1.32,,0.0,236.61,10.41,20.63,0.14,14.5,240.54,217.13,0.15
603983.SH,丸美生物,110.03,33.84,35.01,3.31,6.39,7.17,5.7,0.75,58.14,-5.42,19.62,30.03,0.14,1.78,5.48,4.72,0.33
301555.SZ,惠柏新材,19.95,47.32,55.25,3.39,5.28,5.52,3.24,0.66,0.0,636.74,-4.73,59.8,0.14,-11.67,20.93,17.15,0.19
000897.SZ,津滨发展,36.23,149.32,23.26,1.18,0.59,0.57,0.61,,0.0,-94.99,23.71,29.31,0.14,0.98,78.44,523.92,0.16
002432.SZ,九安医疗,242.48,12.14,13.67,1.16,7.35,7.39,5.74,,0.0,14.6,296.77,22.64,0.14,0.05,3.72,3.29,0.41
600733.SH,北汽蓝谷,380.09,-10.83,-7.87,23.71,-91.46,-90.21,-12.4,,0.0,22.99,20.42,83.81,0.14,扣非亏损,扣非亏损,亏损,-0.86
600211.SH,西藏药业,141.21,15.06,16.2,3.72,17.89,17.89,14.14,4.13,50.06,-2.67,10.56,32.25,0.14,1.53,0.91,0.84,1.25
601966.SH,玲珑轮胎,216.89,13.94,21.04,0.93,4.55,5.18,1.8,1.69,18.97,-26.74,6.5,51.18,0.14,3.24,4.62,2.69,0.36
920806.BJ,云星宇,37.77,114.75,46.21,2.53,0.82,1.65,0.69,,0.0,-63.05,-5.61,56.45,0.14,-8.24,112.55,139.09,0.15
603583.SH,捷昌驱动,129.73,25.84,38.95,2.81,7.9,8.47,5.94,,0.0,36.44,11.77,31.86,0.14,3.31,9.86,6.1,0.25
002968.SZ,新大正,26.6,20.4,26.17,2.23,7.76,8.34,6.54,1.23,0.0,-0.03,17.7,35.05,0.14,1.48,6.74,4.89,0.29
605398.SH,新炬网络,48.02,354.39,25164.51,4.66,0.51,0.99,0.6,,0.0,-75.77,-2.92,11.12,0.14,-8606.39,98241.31,715.95,0.14
600984.SH,建设机械,55.56,-4.43,-4.23,1.67,-21.93,-24.69,-5.22,,0.0,-49.34,-16.74,71.84,0.14,扣非亏损,扣非亏损,亏损,-0.86
600159.SH,大龙地产,25.98,-184.68,-13.1,1.51,-0.78,-0.61,-0.26,,0.0,14.26,-20.41,44.75,0.14,扣非亏损,扣非亏损,亏损,-0.86
002912.SZ,中新赛克,48.8,-362.36,59.02,3.14,-0.92,-0.64,-1.67,,0.0,69.11,4.5,17.08,0.14,13.11,困境反转,亏损,0.14
601089.SH,福元医药,110.5,22.08,25.05,3.0,10.01,10.35,8.6,,0.0,-4.85,6.81,22.82,0.14,3.68,5.01,4.27,0.34
300190.SZ,维尔利,40.26,376.77,-5.49,1.39,-0.03,0.29,1.39,,0.0,98.82,-12.1,56.67,0.14,扣非亏损,扣非亏损,2598.38,-0.86
603229.SH,奥翔药业,78.55,28.45,52.55,3.35,7.93,8.86,7.58,,0.0,-13.83,12.8,23.3,0.14,4.11,13.25,6.42,0.22
300203.SZ,聚光科技,64.92,-78.18,-186.5,2.28,-3.17,-2.05,0.07,,0.0,-240.0,-0.74,64.89,0.14,扣非亏损,扣非亏损,亏损,-0.86
603444.SH,吉比特,274.69,16.97,18.62,5.1,23.56,22.86,23.48,2.97,73.74,97.48,-6.28,21.96,0.14,-2.97,0.79,0.74,1.41
603888.SH,新华网,140.28,51.71,52.37,3.81,4.8,5.66,3.68,,0.0,32.24,7.57,25.31,0.14,6.92,21.84,18.27,0.19
001380.SZ,华纬科技,19.4,21.9,22.72,3.22,10.93,11.53,8.51,,0.0,34.61,37.77,32.35,0.14,0.6,4.16,3.8,0.38
300026.SZ,红日药业,98.59,100.43,-140.89,1.25,1.03,0.93,1.38,,0.0,-43.81,-8.93,18.24,0.14,扣非亏损,危险信号,215.98,0.14
601339.SH,百隆东方,113.07,15.42,23.89,1.23,5.42,5.79,4.6,2.59,57.69,99.55,1.23,32.27,0.14,19.42,4.41,2.66,0.37
301103.SZ,何氏眼科,25.48,45.65,-2883.07,1.73,2.24,2.87,3.63,,0.0,186.89,5.26,15.26,0.14,扣非亏损,危险信号,31.81,0.14
300845.SZ,捷安高科,18.44,570.03,54.31,3.28,0.03,0.42,0.01,,0.0,-94.22,12.78,19.58,0.14,4.25,3223.19,2714.41,0.14
605366.SH,宏柏新材,72.69,-102.35,-80.39,3.52,-3.78,-3.49,-1.59,,0.0,-212.62,6.86,47.36,0.14,扣非亏损,扣非亏损,亏损,-0.86
603221.SH,爱丽家居,30.21,106.02,49.21,1.9,1.24,1.36,-0.25,,0.0,-80.23,10.86,32.01,0.14,4.53,79.53,155.91,0.16
920305.BJ,*ST云创,6.0,-23.21,-5.48,1.63,-5.17,-5.14,-4.76,,0.0,-15.44,-41.81,26.83,0.14,扣非亏损,扣非亏损,亏损,-0.86
603927.SH,中科软,149.92,64.86,64.67,4.77,5.19,5.33,2.02,0.26,38.82,-40.67,2.11,55.97,0.14,30.72,12.46,12.17,0.22
300769.SZ,德方纳米,116.61,-17.89,-12.4,2.5,-9.82,-10.13,-3.51,,0.0,38.27,91.8,62.0,0.14,扣非亏损,扣非亏损,亏损,-0.86
301001.SZ,凯淳股份,15.49,5034.95,491.43,3.15,-0.42,0.05,-0.18,,0.0,-239.4,-19.45,6.81,0.14,-25.26,-2358.67,201397.82,0.14
688084.SH,晶品特装,57.85,398.86,-180.38,3.69,-0.14,0.69,0.11,,0.0,94.05,-26.83,15.79,0.14,扣非亏损,扣非亏损,1156.13,-0.86
603081.SH,大丰实业,52.31,42.6,59.1,1.64,2.66,2.96,0.22,,0.0,82.38,-13.55,59.96,0.14,-4.36,44.39,28.78,0.17
301446.SZ,福事特,13.17,48.63,60.16,3.65,4.54,5.73,5.31,0.31,21.06,15.05,-2.0,15.76,0.14,-30.12,13.25,8.49,0.22
000559.SZ,万向钱潮,561.82,54.5,59.71,5.98,7.94,8.42,3.89,,0.0,1.09,-3.32,61.02,0.14,-18.0,15.04,12.95,0.21
002238.SZ,天威视讯,62.2,-109.54,-68.22,2.93,-3.05,-1.91,-1.56,,0.0,-148.81,-9.69,45.62,0.14,扣非亏损,扣非亏损,亏损,-0.86
002605.SZ,姚记科技,77.8,18.52,20.06,2.62,10.48,10.66,9.73,,0.0,-6.31,-3.73,28.1,0.14,-5.37,3.83,3.48,0.4
002568.SZ,百润股份,135.59,26.86,31.33,4.14,10.8,11.41,9.13,,0.0,-7.93,6.4,41.65,0.14,4.89,5.8,4.71,0.31
600359.SH,新农开发,29.34,204.46,-306.25,4.38,2.0,1.61,1.32,,0.0,-60.92,-5.52,54.8,0.14,扣非亏损,危险信号,253.99,0.14
603890.SH,春秋电子,64.52,20.95,26.85,2.13,6.33,7.72,5.64,,0.0,423.01,0.73,49.72,0.14,36.82,8.49,5.43,0.26
002687.SZ,乔治白,21.75,83.46,39.03,1.78,1.77,1.62,0.98,,0.0,-3.92,-0.21,23.05,0.14,-186.39,44.12,103.04,0.16
002858.SZ,力盛体育,22.61,85.87,-45.69,4.63,3.12,4.1,5.04,,0.0,41.67,19.2,35.63,0.14,扣非亏损,危险信号,41.89,0.11
300582.SZ,英飞特,35.0,-44.91,-38.35,3.56,-6.0,-5.64,-0.67,,0.0,-277.51,27.41,61.46,0.14,扣非亏损,扣非亏损,亏损,-0.86
301518.SZ,长华化学,24.37,65.33,66.64,4.5,5.18,5.24,3.86,,0.0,168.81,2.03,43.98,0.14,32.79,25.71,24.94,0.18
300703.SZ,创源股份,35.85,35.89,31.33,4.09,8.29,8.58,6.43,,0.0,34.46,13.71,50.61,0.14,2.29,7.56,8.37,0.27
688757.SH,胜科纳米,9.46,144.33,,12.07,7.1,6.79,4.06,0.19,55.56,,37.99,49.55,0.14,,,21.26,0.19
000035.SZ,中国天楹,184.81,45.67,95.61,1.75,2.79,2.89,2.62,,0.0,-14.84,-27.2,65.62,0.14,-3.52,68.47,31.6,0.16
603369.SH,今世缘,366.56,10.79,12.86,2.22,15.92,15.7,13.58,,0.0,-17.23,21.83,32.56,0.14,0.59,1.62,1.37,0.76
002249.SZ,大洋电机,184.4,21.79,26.21,2.5,7.8,9.0,5.44,0.92,40.0,15.48,6.57,45.21,0.14,3.99,3.36,2.42,0.44
600179.SH,安通控股,174.57,21.61,18.94,1.67,5.25,5.98,6.01,,0.0,1542.32,0.19,22.39,0.14,101.32,7.22,7.23,0.28
002243.SZ,力合科创,119.93,76.82,3986.07,1.66,-0.46,1.6,1.29,,0.0,-147.31,-8.21,50.01,0.14,-485.5,-17185.04,96.02,0.15
920036.BJ,觅睿科技,7.26,38.24,38.89,8.87,17.3,17.62,10.51,,0.0,-13.33,,37.15,0.14,,4.5,4.34,0.36
300968.SZ,格林精密,52.54,203.58,210.95,2.77,0.89,1.02,0.1,,0.0,-63.2,-3.18,18.99,0.14,-66.28,472.93,399.17,0.14
603106.SH,恒银科技,51.27,216.03,67.97,3.92,1.05,1.35,0.92,,0.0,126.82,-14.24,21.24,0.14,-4.77,129.18,320.04,0.15
301266.SZ,宇邦新材,51.47,77.13,128.73,3.01,2.74,2.86,2.59,,0.0,29.34,39.42,44.69,0.14,3.27,94.03,53.94,0.15
002172.SZ,澳洋健康,32.68,61.13,113.63,18.72,20.72,25.95,4.54,,0.0,-10.61,-11.09,91.97,0.14,-10.25,10.97,4.71,0.23
600586.SH,金晶科技,88.58,-24.64,-16.26,1.61,-5.23,-4.73,-2.97,,0.0,-204.31,-1.48,41.51,0.14,扣非亏损,扣非亏损,亏损,-0.86
002521.SZ,齐峰新材,33.95,33.24,52.86,1.16,2.12,2.56,2.44,1.2,90.91,-9.99,-1.94,27.75,0.14,-27.27,24.99,12.98,0.18
605080.SH,浙江自然,33.91,14.06,21.11,1.55,6.67,8.6,8.44,,0.0,-6.15,7.02,10.8,0.14,3.01,6.33,3.27,0.3
002067.SZ,景兴纸业,71.03,143.74,-150.07,1.22,-0.92,0.7,1.16,,0.0,-838.18,-3.97,28.08,0.14,扣非亏损,扣非亏损,410.7,-0.86
300745.SZ,欣锐科技,36.49,-51.76,-32.3,1.92,-3.44,-2.75,-1.34,,0.0,25.03,37.83,48.31,0.14,扣非亏损,扣非亏损,亏损,-0.86
920166.BJ,海圣医疗,7.09,26.19,27.96,4.52,12.9,13.34,12.72,,0.0,22.49,,15.35,0.14,,4.34,3.93,0.37
603725.SH,天安新材,28.38,23.21,26.7,3.65,11.98,12.32,5.45,,0.0,31.07,15.3,67.44,0.14,1.74,4.46,3.77,0.36
601619.SH,嘉泽新能,157.04,23.69,27.21,2.34,7.95,8.62,4.48,1.35,31.58,8.73,19.52,66.53,0.14,1.39,3.42,2.75,0.43
002479.SZ,富春环保,48.07,14.85,23.28,1.14,4.42,5.84,5.69,,0.0,22.35,5.22,46.58,0.14,4.46,10.54,5.09,0.24
301098.SZ,金埔园林,14.03,-13.42,-19.3,1.44,-7.53,-7.54,-2.2,,0.0,-699.41,-1.71,61.95,0.14,扣非亏损,扣非亏损,亏损,-0.86
301132.SZ,满坤科技,37.57,43.17,50.63,3.23,5.22,5.68,3.68,,0.0,40.88,2.86,38.9,0.14,17.7,19.4,15.2,0.19
600857.SH,宁波中百,28.22,46.0,150.68,3.17,1.87,5.34,6.05,,0.0,26.47,3.16,8.98,0.14,47.62,161.04,17.23,0.15
600351.SH,亚宝药业,46.09,16.07,23.53,1.65,6.94,7.52,7.29,3.08,0.0,-9.03,-0.77,17.52,0.14,-30.73,6.78,4.27,0.29
600133.SH,东湖高新,102.68,101.76,30.24,1.17,0.64,0.86,1.18,,0.0,-68.41,-18.98,47.77,0.14,-1.59,93.93,236.65,0.15
600241.SH,时代万恒,27.28,1219.29,-8910.58,2.33,-0.01,0.15,-0.41,,0.0,-100.75,-16.32,9.78,0.14,扣非亏损,扣非亏损,16257.18,-0.86
300976.SZ,达瑞电子,50.11,25.32,25.56,2.21,6.26,6.69,6.25,,0.0,33.02,33.23,18.29,0.14,0.77,8.17,7.57,0.26
600488.SH,津药药业,46.08,49.7,52.1,1.52,4.46,2.25,2.39,,0.0,-26.06,-4.68,32.19,0.14,-11.12,23.34,44.17,0.18
600429.SH,三元股份,81.77,26.06,45.02,1.57,4.39,4.64,3.23,,0.0,206.82,-7.23,42.69,0.14,-6.23,20.52,11.24,0.19
300625.SZ,三雄极光,21.09,-259.83,-59.37,1.83,-1.59,-1.56,-0.77,,0.0,-186.51,-8.06,31.08,0.14,扣非亏损,扣非亏损,亏损,-0.86
300406.SZ,九强生物,53.31,20.27,17.55,1.93,6.64,6.73,6.22,3.83,100.0,-27.21,1.66,24.55,0.14,10.55,2.64,3.01,0.52
301048.SZ,金鹰重工,59.73,35.79,28.83,2.18,4.56,4.65,2.9,,0.0,40.18,0.59,51.04,0.14,49.12,12.64,15.39,0.22
688396.SH,华润微,661.11,94.35,116.28,2.89,1.75,2.32,1.55,0.05,10.17,-15.98,3.13,17.62,0.14,37.18,66.54,40.64,0.15
920717.BJ,瑞星股份,4.46,232.73,221.51,2.05,0.51,0.66,0.88,,0.0,-73.42,-5.41,15.55,0.14,-40.91,865.62,705.25,0.14
600106.SH,重庆路桥,79.34,29.98,78.98,1.53,1.93,3.85,3.73,,0.0,-28.08,-11.11,24.75,0.14,-7.11,81.7,15.58,0.15
601890.SH,亚星锚链,109.47,38.86,43.45,2.96,4.25,5.66,4.57,0.39,33.5,10.65,15.08,29.18,0.14,2.88,10.21,6.87,0.24
002036.SZ,联创电子,108.19,159.65,-19.8,5.06,-1.53,2.35,1.52,,0.0,65.12,-0.89,84.44,0.14,扣非亏损,扣非亏损,135.87,-0.86
000555.SZ,神州信息,172.42,-121.56,-35.02,3.12,-2.29,-1.91,-1.36,,0.0,4.95,-3.63,59.05,0.14,扣非亏损,扣非亏损,亏损,-0.86
301231.SZ,荣信文化,22.85,-433.85,-95.58,3.5,-1.03,-0.6,-0.92,,0.0,68.37,-10.96,11.61,0.14,扣非亏损,扣非亏损,亏损,-0.86
300818.SZ,耐普矿机,44.2,81.76,140.9,3.76,3.27,3.69,3.15,,0.0,-52.49,5.33,41.12,0.14,26.45,86.23,44.31,0.15
600356.SH,恒丰纸业,27.99,15.62,19.58,1.15,5.03,5.63,4.92,,0.0,38.29,11.35,25.64,0.14,1.72,7.78,5.55,0.27
600556.SH,天下秀,114.07,239.93,795.68,2.97,0.87,0.93,0.73,,0.0,-41.26,-3.31,26.7,0.14,-240.09,1831.67,515.99,0.14
002739.SZ,万达电影,210.62,22.43,-37.16,2.76,8.39,9.72,5.37,,0.0,641.09,4.32,66.53,0.14,扣非亏损,危险信号,4.61,0.03
000650.SZ,仁和药业,78.82,16.39,26.85,1.3,4.42,6.02,7.91,,0.0,-8.59,-5.66,13.08,0.14,-4.75,12.15,5.45,0.22
301581.SZ,黄山谷捷,24.18,59.3,59.86,3.94,4.46,4.95,4.87,,0.0,-44.57,49.0,14.49,0.14,1.22,26.82,23.96,0.18
002300.SZ,太阳电缆,75.33,66.47,154.82,3.98,3.34,4.41,2.2,,0.0,-27.51,7.13,65.93,0.14,21.7,92.77,30.14,0.15
603901.SH,永创智能,63.59,40.44,145.93,2.79,4.68,5.0,2.26,,0.0,61.13,9.79,68.03,0.14,14.91,62.37,16.18,0.15
600282.SH,南钢股份,364.36,12.56,15.0,1.35,6.85,8.12,4.14,2.25,49.98,15.74,-6.61,59.21,0.14,-2.27,2.19,1.55,0.6
688176.SH,亚虹医药,66.44,-26.24,-22.34,4.99,-14.37,-13.44,-11.71,,0.0,6.69,18146.74,19.2,0.14,扣非亏损,扣非亏损,亏损,-0.86
301122.SZ,采纳股份,26.12,383.74,-409.41,2.36,-0.1,0.46,0.35,,0.0,-104.65,-4.01,6.99,0.14,扣非亏损,扣非亏损,1668.45,-0.86
600327.SH,大东方,36.45,49.12,-351.45,1.15,1.18,1.61,2.87,,0.0,282.63,-12.89,37.58,0.14,扣非亏损,危险信号,61.02,0.14
002275.SZ,桂林三金,78.21,16.0,20.44,2.53,11.28,12.27,10.79,1.42,0.0,1.7,8.13,24.53,0.14,2.51,3.62,2.61,0.41
601225.SH,陕西煤业,2543.97,15.01,15.6,2.69,12.42,13.74,10.56,0.18,4.94,-31.95,4.48,42.17,0.14,3.48,1.26,1.09,0.93
603519.SH,立霸股份,36.59,23.21,22.68,3.08,9.14,9.26,9.03,,0.0,9.73,3.02,23.92,0.14,7.5,4.96,5.01,0.34
301528.SZ,多浦乐,20.55,82.62,101.07,2.61,1.42,2.39,2.26,,0.0,101.31,4.89,3.59,0.14,20.66,142.7,69.14,0.14
002613.SZ,北玻股份,31.59,317.77,-161.12,2.06,0.11,0.49,0.73,,0.0,-96.98,-0.87,24.8,0.14,扣非亏损,危险信号,1297.02,0.14
002863.SZ,今飞凯达,35.37,36.56,125.13,1.25,1.24,2.61,2.22,,0.0,19.03,7.43,68.74,0.14,16.83,201.98,28.02,0.14
300239.SZ,东宝生物,35.09,54.67,57.02,2.09,2.43,2.81,2.21,,0.0,-28.96,16.07,32.5,0.14,3.55,46.86,38.91,0.16
600217.SH,中再资环,67.47,-13.57,-15.78,2.19,-11.78,-11.44,-4.43,,0.0,-804.28,5.75,53.67,0.14,扣非亏损,扣非亏损,亏损,-0.86
920168.BJ,通宝光电,6.84,22.79,23.01,3.36,10.46,10.58,5.62,,0.0,,,54.27,0.14,,4.4,4.31,0.36
600515.SH,海南机场,356.95,517.99,-121.58,1.89,-0.21,0.27,0.96,,0.0,-188.16,4.11,51.34,0.14,扣非亏损,扣非亏损,3836.98,-0.86
002457.SZ,青龙管业,40.8,60.03,22.04,1.65,1.76,2.06,1.12,0.37,0.0,-58.26,7.49,44.51,0.14,2.94,25.0,58.29,0.18
301363.SZ,美好医疗,106.85,58.67,53.2,4.4,5.66,5.79,5.19,0.33,0.0,-17.85,12.71,11.43,0.14,4.19,18.79,20.27,0.19
600536.SH,中国软件,346.07,-276.13,-115.27,10.87,-3.79,-4.09,0.4,,0.0,69.72,-19.94,40.94,0.14,扣非亏损,扣非亏损,亏损,-0.86
002510.SZ,天汽模,78.08,113.63,-385.18,3.16,-0.06,2.08,1.24,,0.0,-102.15,14.53,60.81,0.14,扣非亏损,扣非亏损,109.26,-0.86
002455.SZ,百川股份,79.44,1418.67,-464.05,5.22,-1.23,0.24,0.53,,0.0,-131.4,10.35,82.59,0.14,扣非亏损,扣非亏损,11822.28,-0.86
603063.SH,禾望电气,147.58,33.11,33.37,2.98,6.67,7.18,4.72,,0.0,17.36,22.2,44.37,0.14,1.5,10.01,9.22,0.24
002671.SZ,龙泉股份,32.17,20.23,31.19,1.85,6.9,7.1,6.04,,0.0,54.95,-4.3,43.1,0.14,-7.25,9.03,5.7,0.25
002226.SZ,江南化工,166.88,18.84,22.04,1.63,6.45,6.78,5.9,,0.0,-6.43,9.67,39.93,0.14,2.28,6.84,5.56,0.28
920195.BJ,三祥科技,14.81,19.22,21.7,2.57,9.45,10.29,7.43,,0.0,82.48,16.4,44.73,0.14,1.32,4.59,3.74,0.35
920765.BJ,美之高,8.76,-246.56,-436.51,4.68,-1.78,-1.35,-2.0,,0.0,-139.27,4.09,28.79,0.14,扣非亏损,扣非亏损,亏损,-0.86
002454.SZ,松芝股份,55.8,19.71,33.59,1.38,4.67,5.29,3.29,1.72,0.0,70.65,6.71,44.22,0.14,5.01,14.38,7.45,0.21
688293.SH,奥浦迈,54.41,94.32,231.27,2.96,1.78,2.34,2.43,0.47,69.7,118.8,14.42,7.59,0.14,16.04,129.91,40.31,0.14
600993.SH,马应龙,113.04,16.95,21.37,2.63,11.19,11.85,11.03,,0.0,4.27,4.0,17.03,0.14,5.34,3.82,2.86,0.4
301171.SZ,易点天下,180.46,82.09,154.07,5.95,3.08,5.57,3.39,,0.0,-39.16,-6.97,39.85,0.14,-22.12,100.2,29.48,0.15
002852.SZ,道道全,33.86,14.18,16.55,1.84,9.34,9.83,6.48,1.67,33.21,159.22,4.49,49.05,0.14,3.69,1.77,1.44,0.7
002157.SZ,正邦科技,241.62,2803.37,-137.52,2.63,-1.63,0.07,0.3,,0.0,36.4,-31.47,47.5,0.14,扣非亏损,扣非亏损,80096.32,-0.86
001330.SZ,博纳影业,99.79,-6.75,-5.76,2.38,-24.46,-23.44,-9.71,,0.0,-190.08,-21.59,65.03,0.14,扣非亏损,扣非亏损,亏损,-0.86
600309.SH,万华化学,2645.25,21.67,22.94,2.52,9.11,9.26,4.16,,0.0,-16.72,7.83,64.57,0.14,2.93,5.04,4.68,0.33
603533.SH,掌阅科技,111.57,-38.62,-74.97,4.83,-9.51,-8.82,-6.93,,0.0,-352.08,8.42,20.6,0.14,扣非亏损,扣非亏损,亏损,-0.86
002396.SZ,星网锐捷,178.13,38.95,41.47,2.59,4.58,5.07,5.2,,0.0,30.5,7.53,38.33,0.14,5.51,18.12,15.37,0.19
002064.SZ,华峰化学,529.5,27.25,34.99,1.97,5.03,5.46,4.28,0.45,25.0,-29.62,-1.58,26.78,0.14,-22.12,6.96,4.99,0.28
603799.SH,华友钴业,1259.13,22.55,26.6,2.66,9.48,10.79,5.18,,0.0,31.92,25.2,59.44,0.14,1.06,5.61,4.18,0.31
002588.SZ,史丹利,101.49,12.53,15.23,1.86,10.66,11.48,6.76,0.45,8.49,31.16,17.9,45.28,0.14,0.85,1.43,1.09,0.84
300244.SZ,迪安诊断,101.29,166.98,-26.37,1.95,0.55,0.87,2.44,,0.0,-73.5,4.03,41.25,0.14,扣非亏损,危险信号,383.86,0.13
002778.SZ,中晟高科,25.9,31.15,-20.95,8.29,4.38,22.16,7.98,,0.0,128.8,-21.55,54.98,0.14,扣非亏损,危险信号,2.81,0.03
920427.BJ,华维设计,6.68,261.66,283.76,4.11,1.0,1.16,-0.65,,0.0,0.96,-23.2,27.4,0.14,-12.23,567.3,451.15,0.14
300388.SZ,节能国祯,60.37,17.83,18.01,1.3,5.62,5.59,3.1,0.81,0.0,-10.62,-4.92,70.91,0.14,-3.66,6.41,6.38,0.29
600027.SH,华电国际,490.27,7.2,9.62,1.27,9.07,12.73,5.17,1.81,27.27,20.74,2.74,60.41,0.14,3.51,1.06,0.57,1.08
300803.SZ,指南针,625.13,276.3,365.66,22.58,1.91,4.97,0.79,0.06,0.0,141.31,11.63,81.08,0.14,31.43,383.37,111.19,0.14
688448.SH,磁谷科技,28.82,361.52,118.25,4.26,0.61,0.87,0.24,,0.0,-53.41,15.44,28.92,0.14,7.66,386.83,831.09,0.14
688185.SH,康希诺,80.05,898.05,-65.78,3.51,-1.68,0.29,0.38,,0.0,68.28,-1.47,32.46,0.13,扣非亏损,扣非亏损,6193.44,-0.87
600186.SH,莲花控股,107.35,32.07,37.39,5.67,13.95,13.86,10.59,,0.0,51.91,14.46,46.97,0.13,2.59,5.36,4.63,0.32
605368.SH,蓝天燃气,61.03,17.46,19.47,1.9,7.45,7.18,6.11,5.18,137.93,-41.53,7.35,43.38,0.13,2.65,2.61,2.43,0.52
300068.SZ,南都电源,138.3,-49.58,-7.17,3.79,-6.49,-6.0,0.16,,0.0,-699.29,-7.19,79.01,0.13,扣非亏损,扣非亏损,亏损,-0.87
600790.SH,轻纺城,57.17,26.23,70.84,0.99,2.68,2.69,1.73,,0.0,-20.46,1.26,48.29,0.13,56.37,52.85,19.5,0.15
920088.BJ,科力股份,24.55,166.59,154.06,10.04,4.03,4.58,4.53,,0.0,8.0,6.54,13.46,0.13,23.56,76.39,72.78,0.15
300908.SZ,仲景食品,34.01,19.66,23.3,2.29,8.69,8.8,8.43,,0.0,4.36,10.84,11.09,0.13,2.15,5.36,4.47,0.32
603558.SH,健盛集团,44.51,10.99,13.29,1.9,9.75,12.3,9.27,5.34,62.5,-7.25,8.15,39.52,0.13,1.63,1.36,0.89,0.87
600716.SH,凤凰股份,43.25,361.57,-30.51,0.86,0.17,0.18,0.56,,0.0,129.78,24.98,29.67,0.13,扣非亏损,危险信号,4017.41,0.13
301235.SZ,华康洁净,35.62,64.71,49.82,2.9,3.38,3.39,2.36,,0.0,365.18,26.49,54.02,0.13,1.88,29.48,38.18,0.17
301330.SZ,熵基科技,73.67,52.19,51.04,2.63,3.42,3.8,3.42,,0.0,8.97,0.63,19.39,0.13,81.49,29.82,27.47,0.17
600968.SH,海油发展,490.97,12.91,11.78,1.72,10.26,10.15,7.34,,0.0,14.54,11.02,39.3,0.13,1.07,2.3,2.54,0.57
001207.SZ,联科科技,61.04,22.89,23.23,2.85,10.76,11.78,8.69,3.15,0.0,15.18,16.49,26.57,0.13,1.41,4.32,3.89,0.37
601900.SH,南方传媒,123.21,10.86,10.31,1.43,9.47,9.97,5.43,,0.0,46.46,2.62,48.94,0.13,3.94,2.18,2.18,0.59
000543.SZ,皖能电力,201.52,7.93,8.51,1.17,11.45,11.64,5.84,,0.0,20.69,10.56,63.0,0.13,0.81,1.49,1.36,0.81
002669.SZ,康达新材,46.47,41.56,-25.09,1.72,1.55,3.09,2.04,,0.0,152.59,10.95,66.01,0.13,扣非亏损,危险信号,26.9,0.1
600770.SH,综艺股份,77.35,63.89,-331.5,2.26,-0.27,2.72,2.04,,0.0,58.92,-1.87,20.24,0.13,扣非亏损,扣非亏损,46.98,-0.87
600596.SH,新安股份,177.2,186.2,-118.22,1.42,-0.29,0.57,0.78,,0.0,-1039.91,-5.92,37.86,0.13,扣非亏损,扣非亏损,653.33,-0.87
603311.SH,金海高科,37.13,36.37,61.2,2.7,3.82,5.69,5.13,,0.0,8.18,1.6,23.72,0.13,38.3,32.0,12.78,0.16
000635.SZ,英力特,33.86,-11.03,-7.29,2.36,-19.19,-23.75,-8.21,,0.0,3.44,-6.48,48.44,0.13,扣非亏损,扣非亏损,亏损,-0.87
605222.SH,起帆电缆,95.22,31.96,76.82,2.04,4.31,4.71,3.25,,0.0,2.27,6.65,68.3,0.13,11.55,35.68,13.57,0.16
002573.SZ,清新环境,58.06,223.42,-13.17,0.98,0.13,0.33,1.49,,0.0,-79.49,8.39,69.45,0.13,扣非亏损,危险信号,1354.06,0.13
300039.SZ,上海凯宝,58.59,26.8,21.3,1.47,3.99,10.79,4.1,0.5,0.0,-18.47,12.19,8.32,0.13,1.75,10.67,4.97,0.23
600423.SH,柳化股份,32.91,352.28,328.75,5.89,1.22,1.26,-0.25,,0.0,-77.69,14.05,9.56,0.13,23.39,537.3,559.17,0.13
601016.SH,节能风电,262.29,28.46,32.56,1.63,4.09,4.22,3.17,1.19,36.27,-37.34,8.39,58.69,0.13,3.88,7.96,6.74,0.26
301449.SZ,天溯计量,11.57,43.74,45.23,8.84,16.3,16.4,14.34,,0.0,11.68,17.45,20.21,0.13,2.59,5.55,5.33,0.31
688981.SH,中芯国际,2140.73,168.27,236.45,5.67,2.12,2.6,1.6,,0.0,44.44,19.36,33.08,0.13,12.21,222.82,129.44,0.14
300228.SZ,富瑞特装,60.37,27.84,24.5,2.72,7.41,7.56,6.99,,0.0,41.6,33.27,37.4,0.13,0.74,6.61,7.36,0.28
600323.SH,瀚蓝环境,250.96,11.73,13.98,1.77,11.12,11.51,5.5,0.87,21.01,12.39,0.5,71.06,0.13,27.73,1.26,1.02,0.93
603223.SH,恒通股份,66.13,28.19,29.07,1.68,4.43,4.56,3.87,0.48,28.12,77.1,-33.67,25.95,0.13,-0.86,6.56,6.18,0.28
000722.SZ,湖南发展,63.4,74.27,124.45,2.01,2.05,2.05,2.15,,0.0,5.58,-9.74,9.51,0.13,-12.78,121.3,72.46,0.14
603365.SH,水星家纺,54.19,17.68,16.41,1.82,6.17,7.77,7.13,0.95,0.0,0.08,3.65,20.42,0.13,4.5,5.32,4.55,0.32
300296.SZ,利亚德,209.45,67.19,-29.61,3.1,2.91,3.46,2.43,,0.0,65.95,-6.87,40.16,0.13,扣非亏损,危险信号,38.84,0.08
002506.SZ,协鑫集成,316.77,-42.84,-51.56,17.82,-27.8,-27.0,-1.93,,0.0,-1780.27,56.84,90.76,0.13,扣非亏损,扣非亏损,亏损,-0.87
000099.SZ,中信海直,156.71,48.04,44.35,2.87,4.54,4.53,4.76,0.3,31.87,26.97,8.79,28.4,0.13,5.05,9.76,10.6,0.23
300381.SZ,溢多利,35.18,145.46,329.67,1.36,0.72,0.69,0.54,,0.0,33.65,-22.12,8.95,0.13,-14.9,913.47,421.63,0.13
000514.SZ,渝开发,41.6,19.34,-29.46,1.1,-1.53,4.35,2.98,,0.0,20.71,-15.62,43.86,0.13,扣非亏损,扣非亏损,8.89,-0.87
003043.SZ,华亚智能,41.33,100.84,103.66,3.82,2.7,2.75,2.73,,0.0,-23.88,9.11,31.55,0.13,11.38,76.69,73.34,0.14
300872.SZ,天阳科技,73.39,110.21,-1131.61,2.33,0.17,1.67,1.38,,0.0,-63.03,0.15,16.68,0.13,扣非亏损,危险信号,131.98,0.13
002185.SZ,华天科技,445.75,61.62,463.15,2.54,0.65,3.19,1.91,,0.0,131.47,7.11,50.7,0.13,65.18,1430.59,38.64,0.13
002677.SZ,浙江美大,45.57,230.7,269.9,3.73,1.04,1.14,0.87,,0.0,-84.72,-23.86,8.69,0.13,-11.31,521.0,404.74,0.13
300695.SZ,兆丰股份,75.42,18.69,65.8,2.65,2.81,11.1,10.92,,0.0,-9.23,2.91,12.78,0.13,22.64,46.88,3.37,0.15
301178.SZ,天亿马,25.24,610.41,-140.78,4.42,0.61,0.55,0.9,,0.0,123.22,-19.36,48.03,0.13,扣非亏损,危险信号,2219.67,0.13
600833.SH,第一医药,28.11,39.58,323.11,2.42,0.84,4.64,3.19,,0.0,23.36,21.24,42.37,0.13,15.22,769.78,17.06,0.13
002476.SZ,宝莫股份,37.69,74.67,187.22,3.93,3.41,4.01,3.67,,0.0,98.52,-1.8,15.24,0.13,-103.87,109.9,37.24,0.14
002590.SZ,万安科技,67.36,35.8,42.83,2.35,4.17,4.95,2.84,,0.0,1.6,17.08,48.4,0.13,2.51,20.53,14.46,0.18
603312.SH,西典新能,24.94,27.87,27.89,4.56,12.28,12.03,8.64,0.85,46.51,42.51,42.34,41.04,0.13,0.66,2.27,2.32,0.57
002611.SZ,东方精工,169.57,30.27,41.25,3.77,6.69,9.64,7.78,0.68,0.0,-7.28,11.01,33.64,0.13,3.75,12.34,6.28,0.21
603259.SH,药明康德,2247.47,16.84,21.13,3.82,14.7,19.26,17.41,0.77,11.63,42.51,23.87,24.45,0.13,0.89,1.44,0.87,0.83
601808.SH,中海油服,523.71,19.73,21.52,1.84,7.06,7.1,5.79,,0.0,27.98,18.44,44.26,0.13,1.17,6.1,5.56,0.29
603076.SH,乐惠国际,32.02,71.48,875.48,2.47,1.29,2.58,1.37,,0.0,17.58,16.37,62.97,0.13,53.48,1357.96,55.41,0.13
600757.SH,长江传媒,110.91,9.68,9.53,1.12,8.53,8.82,5.44,,0.0,24.84,5.51,31.47,0.13,1.73,2.23,2.2,0.58
000755.SZ,山西高速,81.88,15.72,17.31,1.5,7.23,7.21,5.16,,0.0,2.56,-2.29,55.03,0.13,-7.57,4.79,4.36,0.34
300003.SZ,乐普医疗,278.99,24.88,76.06,2.06,6.02,6.25,4.98,1.03,43.42,28.18,-16.26,30.71,0.13,-4.68,12.62,3.98,0.21
300258.SZ,精锻科技,81.1,67.96,90.88,1.76,1.51,2.4,2.01,0.24,30.76,-31.73,13.22,36.04,0.13,6.88,60.26,28.31,0.15
601231.SH,环旭电子,962.81,57.16,63.05,5.18,6.13,6.86,4.13,,0.0,7.23,4.15,55.09,0.13,15.18,20.56,16.67,0.18
600715.SH,文投控股,61.54,1780.05,-16.7,7.77,-1.25,0.33,0.2,,0.0,93.8,-18.54,30.7,0.13,扣非亏损,扣非亏损,10788.19,-0.87
605337.SH,李子园,44.63,22.63,23.74,2.84,7.82,8.56,6.05,2.02,96.0,-12.93,-1.23,49.74,0.13,-19.34,3.04,2.64,0.46
600375.SH,汉马科技,82.2,166.29,-13.03,2.69,-1.63,1.22,1.12,,0.0,87.74,-4.52,59.77,0.13,扣非亏损,扣非亏损,272.61,-0.87
300048.SZ,合康新能,89.63,91.03,211.51,4.9,2.4,4.22,2.11,,0.0,451.42,81.09,61.56,0.13,2.61,175.91,43.14,0.14
688695.SH,中创股份,14.38,-88.02,1207.23,2.94,-3.31,-2.45,-2.9,,0.0,-449.55,17.75,4.85,0.13,68.02,困境反转,亏损,0.14
300847.SZ,中船汉光,50.85,44.28,44.62,3.47,5.95,5.97,6.0,,0.0,-6.99,5.65,8.6,0.13,7.9,15.0,14.83,0.2
002950.SZ,奥美医疗,51.08,15.39,17.54,1.92,8.63,9.72,8.21,,0.0,26.46,10.02,29.98,0.13,1.75,4.07,3.17,0.38
605588.SH,冠石科技,39.74,-158.82,-65.07,3.89,-2.94,-1.82,-0.56,,0.0,-592.84,4.0,65.4,0.13,扣非亏损,扣非亏损,亏损,-0.87
920163.BJ,方大新材,9.33,51.94,52.24,4.14,6.26,6.11,4.74,,0.0,-17.62,25.28,45.64,0.13,2.07,16.68,17.0,0.19
002576.SZ,通达动力,30.91,37.85,41.08,2.41,4.55,4.87,2.88,,0.0,42.69,-5.72,39.61,0.13,-7.18,18.06,15.54,0.18
300981.SZ,中红医疗,61.98,-703.51,-37.44,1.26,-0.69,-0.13,-0.36,,0.0,-20229.69,-5.8,28.02,0.13,扣非亏损,扣非亏损,亏损,-0.87
603689.SH,皖天然气,44.87,12.94,14.68,1.36,7.83,7.81,5.24,0.62,13.16,-6.27,6.01,47.71,0.13,2.44,1.88,1.66,0.66
688779.SH,五矿新能,229.58,-856.54,-56.8,3.42,-0.78,-0.29,0.68,,0.0,73.5,24.69,50.27,0.13,扣非亏损,扣非亏损,亏损,-0.87
603693.SH,江苏新能,132.56,25.48,36.06,1.9,5.44,5.71,4.07,,0.0,-2.93,4.21,53.69,0.13,8.57,13.26,8.92,0.2
603922.SH,金鸿顺,38.21,182.42,627.05,3.68,1.37,1.53,1.38,,0.0,178.34,25.72,22.74,0.13,24.38,914.8,238.46,0.13
603599.SH,广信股份,143.55,20.69,22.88,1.44,4.72,5.34,2.94,,0.0,-13.99,2.39,33.91,0.13,9.59,9.7,7.75,0.23
002003.SZ,伟星股份,102.82,15.38,18.35,2.6,12.77,12.94,11.41,0.94,31.25,-6.02,11.82,32.86,0.13,1.55,1.44,1.19,0.83
300129.SZ,泰胜风能,111.76,59.71,69.38,3.76,4.59,4.8,2.84,,0.0,51.28,11.87,55.25,0.13,5.85,30.2,24.88,0.16
603037.SH,凯众股份,39.47,50.93,57.98,4.08,4.71,5.95,4.2,,0.0,-17.62,11.16,40.36,0.13,5.2,24.64,17.12,0.17
002228.SZ,合兴包装,49.94,23.55,45.96,1.57,4.97,4.95,2.8,2.16,0.0,12.42,-13.08,55.8,0.13,-3.51,18.48,9.51,0.18
688616.SH,西力科技,26.14,29.55,28.11,3.08,7.4,7.87,7.22,,0.0,-1.85,13.37,18.24,0.13,2.1,7.6,7.51,0.26
301139.SZ,元道通信,14.11,95.83,196.47,1.15,0.93,0.91,1.35,,0.0,-62.92,-4.57,37.16,0.13,-43.03,421.28,210.62,0.13
603926.SH,铁流股份,46.03,45.95,55.08,2.71,3.73,4.49,2.27,,0.0,-5.86,8.55,43.14,0.13,6.45,29.51,20.47,0.16
002882.SZ,金龙羽,74.66,93.57,117.96,6.19,4.68,4.89,3.53,,0.0,-18.92,-7.0,54.75,0.13,-16.85,50.39,38.27,0.15
600218.SH,全柴动力,47.18,50.99,88.9,1.45,1.39,2.15,1.25,0.19,0.0,18.78,-10.11,47.0,0.13,-8.79,128.28,47.43,0.14
001313.SZ,粤海饲料,53.13,152.3,-557.1,2.09,0.65,1.01,0.96,1.54,1130.0,121.56,-3.87,48.61,0.13,扣非亏损,危险信号,150.79,0.13
300841.SZ,康华生物,73.21,31.73,35.05,2.28,5.27,5.43,5.48,,0.0,-55.57,3.91,10.94,0.13,8.95,13.3,11.69,0.2
002410.SZ,广联达,198.51,49.78,77.95,3.47,4.63,5.22,3.71,,0.0,49.15,4.15,36.52,0.13,18.79,33.7,19.07,0.16
300205.SZ,*ST天喻,23.52,-14.18,-7.93,2.39,-11.78,-11.91,-6.91,,0.0,0.0,-10.01,42.9,0.13,扣非亏损,扣非亏损,亏损,-0.87
002015.SZ,协鑫能科,361.68,35.59,71.14,2.93,5.62,6.33,4.24,,0.0,46.39,-6.16,65.37,0.13,-11.54,25.31,11.25,0.17
600017.SH,日照港,100.88,14.42,20.79,0.72,3.4,3.76,2.86,1.1,27.5,-24.26,5.12,59.13,0.13,4.06,6.12,3.83,0.29
300338.SZ,ST开元,13.76,-18.74,-8.4,-41.02,,,-10.63,,0.0,-87.72,-42.46,108.31,0.13,扣非亏损,,,-10.0
600135.SH,乐凯胶片,58.82,-51.07,-46.69,2.47,-4.18,-3.56,-2.63,,0.0,-39.19,-13.42,12.72,0.13,扣非亏损,扣非亏损,亏损,-0.87
301328.SZ,维峰电子,57.0,52.39,59.11,2.93,4.13,4.21,4.4,0.42,40.0,17.89,9.55,10.87,0.13,6.19,14.33,12.44,0.2
600439.SH,瑞贝卡,30.9,197.97,-26.18,1.17,0.45,0.45,1.65,,0.0,35.12,-7.04,41.95,0.13,扣非亏损,危险信号,879.85,0.12
688631.SH,莱斯信息,42.93,-162.76,195.7,5.97,-2.97,-2.65,-2.27,,0.0,-1153.95,-0.08,44.2,0.13,-2407.14,困境反转,亏损,0.14
920786.BJ,骑士乳业,13.41,37.82,58.61,2.63,7.15,4.99,2.98,,0.0,-9.26,14.64,60.26,0.13,4.0,16.38,15.16,0.19
600313.SH,农发种业,89.28,115.94,-886.1,4.86,1.2,3.19,2.2,,0.0,255.05,16.84,40.65,0.13,扣非亏损,危险信号,72.69,0.13
300531.SZ,优博讯,56.1,51.79,-78.97,4.15,6.07,6.15,4.43,,0.0,383.99,-4.74,33.88,0.13,扣非亏损,危险信号,16.84,0.09
002362.SZ,汉王科技,42.22,-40.9,-35.66,4.73,-9.08,-8.32,-4.17,,0.0,-21.39,5.22,37.91,0.13,扣非亏损,扣非亏损,亏损,-0.87
688693.SH,锴威特,17.8,-51.82,-28.52,3.98,-6.38,-5.6,-5.47,,0.0,-21.66,-12.03,12.08,0.13,扣非亏损,扣非亏损,亏损,-0.87
300590.SZ,移为通信,42.35,66.89,77.5,3.01,2.86,3.33,2.64,,0.0,-57.36,1.8,10.71,0.13,43.15,54.2,40.17,0.15
688772.SH,珠海冠宇,191.11,37.05,43.91,2.68,3.63,5.25,0.98,,0.0,47.84,3.75,68.85,0.13,11.7,24.18,14.11,0.17
920368.BJ,连城数控,93.81,77.73,-409.61,2.34,1.33,2.26,1.11,,0.0,-83.79,46.15,50.25,0.13,扣非亏损,危险信号,68.79,0.13
603162.SH,海通发展,39.29,38.77,34.34,3.02,5.91,5.99,5.06,0.42,0.0,-33.23,41.97,36.02,0.13,0.82,11.62,12.94,0.21
605339.SH,南侨食品,73.27,180.18,198.74,2.14,0.75,0.84,0.43,0.15,0.0,-81.69,3.27,18.13,0.13,60.74,532.82,428.99,0.13
601677.SH,明泰铝业,201.58,10.99,14.07,1.1,6.55,7.9,6.38,0.68,0.0,1.42,10.1,30.43,0.13,1.39,4.3,2.78,0.36
600726.SH,华电能源,319.2,94.78,-177.97,8.21,4.54,6.83,4.93,,0.0,-18.36,-1.36,81.15,0.13,扣非亏损,危险信号,27.75,0.11
001259.SZ,利仁科技,16.42,457.68,528.56,3.56,0.57,0.58,-0.37,,0.0,-57.99,-15.17,14.31,0.13,-34.83,1861.77,1578.2,0.13
300949.SZ,奥雅股份,14.0,-63.99,-12.38,3.66,-5.21,-4.21,-2.66,,0.0,-9.67,-11.87,42.56,0.13,扣非亏损,扣非亏损,亏损,-0.87
600982.SH,宁波能源,57.78,17.93,20.68,1.31,4.83,5.33,2.9,,0.0,46.21,-12.03,61.25,0.13,-1.72,8.55,6.73,0.24
002775.SZ,文科股份,25.49,164.43,-6.34,10.73,-57.83,5.75,1.91,,0.0,-670.76,-24.28,93.82,0.13,扣非亏损,扣非亏损,57.19,-0.87
920212.BJ,智新电子,6.74,143.78,1551.08,3.31,-0.51,1.73,1.17,,0.0,-115.11,3.97,23.54,0.13,390.69,-6077.88,166.22,0.13
301071.SZ,力量钻石,98.27,213.04,786.77,2.48,0.19,0.87,0.53,,0.0,-92.07,18.69,21.21,0.13,42.09,8111.07,489.74,0.13
002791.SZ,坚朗五金,48.92,360.13,182.59,1.43,-0.05,0.3,-0.08,,0.0,-301.04,-8.69,38.68,0.13,-21.01,-7836.52,2400.85,0.13
002399.SZ,海普瑞,142.56,22.72,44.54,1.36,4.5,4.51,2.81,,0.0,28.69,-4.83,27.46,0.13,-9.22,19.79,10.08,0.18
605369.SH,拱东医疗,40.02,41.71,36.73,2.33,4.68,4.2,3.72,,0.0,-42.49,1.25,18.49,0.13,29.45,15.69,19.86,0.19
688796.SH,百奥赛图,27.71,226.73,193.96,35.36,6.38,12.61,7.42,,0.0,159.48,40.54,59.9,0.13,4.78,60.76,35.96,0.14
002415.SZ,海康威视,2889.43,23.56,23.17,3.73,11.28,11.43,8.42,1.34,65.04,10.06,4.37,33.8,0.13,5.31,2.05,2.06,0.61
300557.SZ,理工光科,46.16,88.56,116.02,4.69,3.54,3.97,2.25,,0.0,47.32,13.55,41.52,0.13,8.56,65.56,44.62,0.14
600509.SH,天富能源,136.07,27.27,148.52,1.75,4.58,4.9,2.45,,0.0,-17.5,9.84,71.09,0.13,15.09,64.87,11.13,0.14
600873.SH,梅花生物,359.22,8.91,12.19,2.23,13.16,19.73,13.77,,0.0,14.15,3.61,38.0,0.13,3.38,1.85,0.9,0.67
600578.SH,京能电力,378.92,8.96,11.1,1.59,10.79,13.32,5.37,,0.0,123.46,17.15,61.84,0.13,0.65,2.06,1.35,0.61
301153.SZ,中科江南,70.92,-88.72,260.77,4.52,-3.91,-3.74,-4.16,,0.0,-1588.32,8.09,21.8,0.13,32.24,困境反转,亏损,0.15
688382.SH,益方生物,109.37,-45.22,-84.87,6.57,-11.04,-10.42,-10.94,,0.0,38.72,-9.02,5.61,0.13,扣非亏损,扣非亏损,亏损,-0.87
002305.SZ,*ST南置,37.46,-2.14,-1.13,-1.22,,,-4.42,,0.0,-71.79,97.07,110.06,0.13,扣非亏损,,,-10.0
301333.SZ,诺思格,62.53,49.15,48.47,3.26,4.33,5.08,4.6,,0.0,22.47,7.02,17.02,0.13,6.9,22.37,19.35,0.17
300685.SZ,艾德生物,82.24,23.61,30.46,4.22,13.17,13.79,12.79,,0.0,18.05,7.34,12.79,0.13,4.15,4.62,3.42,0.34
002555.SZ,三七互娱,376.4,16.66,17.51,3.87,17.14,17.38,12.61,2.67,32.81,20.43,2.48,36.29,0.13,7.07,1.02,0.96,1.11
301141.SZ,中科磁业,24.15,149.78,201.02,5.26,2.21,2.68,2.11,,0.0,237.45,1.52,26.36,0.13,132.53,182.21,111.77,0.13
603506.SH,南都物业,24.71,12.0,58.74,1.98,7.03,13.21,8.05,,0.0,1.53,4.57,53.71,0.13,12.86,16.71,1.82,0.19
605599.SH,菜百股份,186.98,21.68,25.12,4.49,14.36,15.76,11.76,,0.0,11.53,26.15,51.68,0.13,0.96,3.5,2.75,0.41
600288.SH,大恒科技,65.83,71.82,329.12,3.46,2.59,3.68,2.83,,0.0,516.64,-10.82,30.54,0.13,-30.42,253.93,39.03,0.13
000811.SZ,冰轮环境,187.75,33.37,39.53,3.1,6.58,7.12,4.85,,0.0,-8.69,8.24,47.98,0.13,4.8,12.02,9.37,0.21
920239.BJ,长虹能源,58.3,25.12,29.72,5.8,15.85,18.15,5.63,,0.0,17.66,7.62,76.54,0.13,3.9,3.75,2.77,0.39
002486.SZ,嘉麟杰,25.52,36.98,49.45,2.37,4.67,4.89,4.79,,0.0,318.59,3.4,16.2,0.13,14.52,21.17,15.12,0.17
002121.SZ,科陆电子,134.11,51.47,-182.21,21.49,27.24,37.41,4.62,,0.0,176.45,11.61,90.59,0.13,扣非亏损,危险信号,2.75,0.05
600750.SH,华润江中,159.06,17.65,20.78,4.24,16.72,17.03,12.94,2.16,60.98,3.98,14.35,35.46,0.13,1.45,1.24,1.04,0.93
002598.SZ,山东章鼓,27.86,37.4,114.01,2.52,4.24,4.88,2.51,,0.0,-41.01,7.19,56.59,0.13,15.86,53.79,15.33,0.14
000761.SZ,本钢板材,136.46,-5.12,-3.61,1.74,-21.3,-20.54,-3.97,,0.0,31.1,-12.95,78.0,0.13,扣非亏损,扣非亏损,亏损,-0.87
002397.SZ,梦洁股份,26.63,90.25,122.6,2.58,2.01,2.22,1.6,,0.0,97.25,-10.62,52.08,0.13,-11.55,121.75,81.31,0.13
002559.SZ,亚威股份,51.67,41.4,104.51,3.19,5.0,5.87,1.81,,0.0,2.97,1.2,63.09,0.13,86.98,41.81,14.11,0.15
688187.SH,时代电气,485.72,20.93,20.02,1.85,6.33,6.56,4.51,0.86,36.36,30.92,17.85,35.94,0.13,1.12,3.16,3.19,0.44
300143.SZ,盈康生命,85.81,86.61,107.96,3.97,3.45,3.5,3.42,,0.0,12.53,13.1,38.53,0.12,8.24,62.62,49.49,0.14
920262.BJ,太湖雪,7.0,50.28,41.99,4.53,7.6,6.95,6.12,,0.0,100.66,14.8,33.22,0.12,2.84,11.05,14.47,0.22
600452.SH,涪陵电力,234.32,59.4,61.71,4.28,5.32,5.46,5.01,0.37,31.82,-30.23,0.14,14.63,0.12,441.4,11.6,10.88,0.21
002572.SZ,索菲亚,85.54,13.92,13.46,1.76,9.83,9.23,5.88,,0.0,-17.56,0.58,45.1,0.12,23.16,2.74,3.02,0.49
920000.BJ,安徽凤凰,10.23,22.23,25.7,2.51,8.34,8.73,6.95,0.36,19.44,4.52,7.05,18.63,0.12,3.65,3.08,2.55,0.45
301258.SZ,富士莱,30.7,32.29,503.94,1.65,0.13,3.83,3.9,,0.0,119.8,-5.73,11.27,0.12,-87.9,7618.1,16.86,0.12
688658.SH,悦康药业,80.91,-41.01,-31.28,2.36,-4.78,-4.22,-2.82,,0.0,-182.95,-8.68,34.4,0.12,扣非亏损,扣非亏损,亏损,-0.88
603908.SH,牧高笛,23.27,47.63,128.58,4.33,5.3,6.61,4.21,,0.0,-58.82,15.5,52.09,0.12,8.3,48.53,14.41,0.15
300633.SZ,开立医疗,113.15,253.25,234.79,3.63,0.77,1.07,-0.7,,0.0,-72.14,12.43,24.22,0.12,18.89,609.44,473.36,0.13
001331.SZ,胜通能源,91.41,259.63,-712.58,10.15,0.92,2.97,1.84,,0.0,-20.77,3.37,11.23,0.12,扣非亏损,危险信号,174.83,0.12
601865.SH,福莱特,307.78,44.62,95.76,1.75,2.85,2.91,2.55,,0.0,-49.72,34.49,46.81,0.12,2.78,67.14,30.67,0.14
000967.SZ,盈峰环境,284.89,45.35,84.1,1.67,2.53,2.69,2.3,,0.0,-27.03,3.4,46.7,0.12,24.74,66.51,33.72,0.14
000970.SZ,中科三环,163.76,135.97,150.99,2.52,0.98,1.39,1.34,,0.0,202.47,0.92,29.37,0.12,163.98,307.27,195.64,0.13
920799.BJ,艾融软件,47.93,119.9,239.94,20.14,4.76,12.44,4.94,0.21,27.78,-53.47,14.73,65.22,0.12,16.29,50.38,9.64,0.14
605122.SH,四方新材,23.85,-50.02,-10.1,1.19,-2.72,-1.76,-0.74,,0.0,-1272.17,4.57,43.09,0.12,扣非亏损,扣非亏损,亏损,-0.88
301687.SZ,新广益,18.9,69.57,75.56,12.03,13.15,13.87,12.94,,0.0,13.89,10.82,17.25,0.12,6.98,11.49,10.03,0.21
600162.SH,香江控股,61.77,-88.71,-41.66,1.07,-2.44,-0.89,0.51,,0.0,-590.39,-8.47,66.12,0.12,扣非亏损,扣非亏损,亏损,-0.88
002910.SZ,庄园牧场,20.1,-35.57,-19.27,2.2,-6.39,-4.54,-1.82,,0.0,46.64,-4.35,55.07,0.12,扣非亏损,扣非亏损,亏损,-0.88
688391.SH,钜泉科技,36.04,60.69,100.45,1.94,1.24,2.38,1.67,,0.0,-41.91,8.42,5.83,0.12,11.93,162.06,51.0,0.13
600079.SH,ST人福,294.9,13.85,24.3,1.65,9.12,9.2,7.76,,0.0,9.5,7.4,40.53,0.12,3.28,5.33,3.01,0.31
000782.SZ,恒申新材,31.53,-53.89,-46.04,2.38,-3.51,-3.26,-1.9,,0.0,-320.77,-0.02,43.39,0.12,扣非亏损,扣非亏损,亏损,-0.88
601918.SH,新集能源,214.5,10.9,10.3,1.31,9.27,9.19,5.44,1.51,0.0,-17.05,0.74,62.11,0.12,13.98,2.22,2.37,0.57
603305.SH,旭升集团,176.25,44.08,51.61,2.57,3.92,4.39,2.81,,0.0,-5.83,15.68,47.33,0.12,3.29,26.35,20.08,0.16
300820.SZ,英杰电气,57.48,44.41,58.01,4.55,7.47,7.81,5.31,,0.0,-37.43,44.31,35.05,0.12,1.31,15.54,11.37,0.19
603136.SH,天目湖,32.01,28.84,32.44,2.36,6.0,6.06,6.84,,0.0,-2.58,14.69,11.66,0.12,2.21,10.81,9.52,0.22
920108.BJ,宏海科技,8.68,69.69,68.35,4.16,4.97,5.15,3.32,,0.0,-60.94,34.96,49.53,0.12,1.95,27.49,27.06,0.16
688566.SH,吉贝尔,59.73,22.75,30.12,2.53,6.66,8.46,8.66,0.87,34.67,-9.85,21.36,10.22,0.12,1.41,4.52,2.69,0.34
300756.SZ,金马游乐,55.79,55.58,79.37,4.58,6.21,6.34,3.38,,0.0,1749.6,13.54,37.82,0.12,5.86,25.57,17.53,0.16
600184.SH,光电股份,100.29,304.94,-48.95,2.96,0.6,0.97,0.5,,0.0,275.78,-25.87,33.15,0.12,扣非亏损,危险信号,626.11,0.12
300445.SZ,康斯特,29.55,35.13,36.39,3.48,7.19,7.59,7.4,,0.0,7.59,17.67,8.47,0.12,2.06,10.12,9.26,0.22
600479.SH,千金药业,45.87,21.6,23.82,2.16,6.84,7.53,6.02,,0.0,4.74,-0.07,33.8,0.12,-346.52,6.97,5.74,0.27
000733.SZ,振华科技,276.38,33.27,33.08,1.81,3.84,4.15,3.89,,0.0,-0.38,0.89,18.2,0.12,37.08,17.23,16.03,0.18
000683.SZ,博源化工,311.79,24.44,24.59,2.38,7.77,7.22,5.49,,0.0,-37.08,3.4,50.17,0.12,7.22,6.33,6.77,0.28
301083.SZ,百胜智能,16.45,80.85,319.76,4.09,1.35,3.8,3.15,,0.0,-38.39,-8.02,18.6,0.12,-39.87,473.44,42.55,0.13
605111.SH,新洁能,171.62,38.48,46.33,4.03,7.09,8.14,8.01,,0.0,-10.6,8.41,9.42,0.12,5.51,13.07,9.45,0.2
002726.SZ,龙大美食,42.16,-17.67,-13.21,3.91,-13.8,-15.4,-2.09,,0.0,-451.13,-17.41,74.52,0.12,扣非亏损,扣非亏损,亏损,-0.88
688388.SH,嘉元科技,198.86,486.49,-201.51,2.84,0.16,0.59,1.1,,0.0,106.53,34.61,49.98,0.12,扣非亏损,危险信号,1649.11,0.12
688053.SH,ST思科瑞,39.2,3612.72,-145.71,2.44,-0.13,0.05,-0.27,,0.0,-74.3,-12.43,7.8,0.12,扣非亏损,扣非亏损,144508.87,-0.88
000933.SZ,神火股份,828.88,17.83,19.38,3.46,15.68,15.34,10.63,,0.0,4.87,4.63,51.06,0.12,4.18,2.47,2.32,0.53
301297.SZ,富乐德,126.82,92.38,159.3,4.96,4.03,5.24,6.82,0.29,0.0,123.85,10.98,21.96,0.12,14.51,79.13,35.26,0.14
688543.SH,国科军工,78.48,74.15,80.0,6.15,5.51,6.29,4.7,,0.0,-3.71,21.51,25.98,0.12,3.72,29.03,23.58,0.16
300840.SZ,酷特智能,32.48,80.02,103.82,3.44,4.94,3.24,3.19,,0.0,-20.18,6.67,18.89,0.12,15.58,42.03,49.39,0.15
301428.SZ,世纪恒通,20.94,53.18,165.12,2.65,2.17,3.8,2.59,,0.0,-40.59,10.59,53.47,0.12,15.6,152.41,27.99,0.13
000920.SZ,沃顿科技,66.02,25.35,27.5,3.32,10.03,9.89,8.34,0.48,22.81,30.57,8.26,23.54,0.12,3.33,2.74,2.56,0.49
300556.SZ,丝路视觉,20.51,-14.26,-8.26,5.25,-25.14,-23.24,-7.79,,0.0,41.04,-18.38,69.81,0.12,扣非亏损,扣非亏损,亏损,-0.88
300983.SZ,尤安设计,36.81,-226.04,-26.3,1.9,-0.95,-0.63,-0.81,,0.0,49.74,-38.58,3.2,0.12,扣非亏损,扣非亏损,亏损,-0.88
002635.SZ,安洁科技,59.94,74.62,117.83,1.71,0.81,1.72,1.09,,0.0,-72.24,7.29,29.91,0.12,16.17,289.65,86.77,0.13
600535.SH,天士力,213.04,16.23,24.14,1.73,6.85,8.06,7.61,1.39,40.49,-15.59,2.15,16.43,0.12,11.21,3.52,2.01,0.41
000554.SZ,泰山石油,33.69,29.6,26.29,3.86,10.66,10.33,9.24,0.96,32.6,111.85,6.35,35.54,0.12,4.14,2.47,2.86,0.53
000938.SZ,紫光股份,737.9,39.42,48.3,5.1,10.5,10.09,3.09,,0.0,5.15,5.37,81.61,0.12,9.0,9.2,7.81,0.23
600955.SH,维远股份,103.24,-43.16,-49.41,1.23,-2.06,-2.11,-1.29,,0.0,-322.75,2.14,35.98,0.12,扣非亏损,扣非亏损,亏损,-0.88
920062.BJ,科润智控,15.98,84.11,114.27,3.01,0.69,2.75,1.84,,0.0,-78.3,27.74,61.65,0.12,4.12,330.84,61.17,0.12
301608.SZ,博实结,34.77,32.19,39.35,3.66,7.82,8.67,7.64,0.56,41.75,28.57,2.74,21.4,0.12,14.35,5.03,3.71,0.32
603825.SH,ST华扬,22.8,-6.4,-3.95,13.87,-91.82,-91.07,-9.55,,0.0,-22.54,-44.68,94.14,0.12,扣非亏损,扣非亏损,亏损,-0.88
688517.SH,金冠电气,26.61,33.74,35.76,3.33,6.47,7.3,5.22,,0.0,-13.09,7.79,40.09,0.12,4.59,11.05,9.24,0.21
600228.SH,*ST返利,24.84,-41.66,-50.59,6.01,-9.75,-10.3,-8.47,,0.0,-771.18,-19.0,28.07,0.12,扣非亏损,扣非亏损,亏损,-0.88
603325.SH,博隆技术,26.04,14.2,14.18,2.26,12.04,12.56,5.93,0.77,0.0,119.21,6.17,52.28,0.12,2.3,2.35,2.26,0.55
002099.SZ,海翔药业,119.24,1228.98,-33.78,2.33,0.1,0.14,0.12,,0.0,-72.75,-7.2,29.77,0.12,扣非亏损,危险信号,17556.84,0.12
002545.SZ,东方铁塔,309.55,30.86,37.74,3.61,8.84,9.01,7.4,,0.0,76.1,15.17,32.42,0.12,2.49,8.54,6.85,0.24
603035.SH,常熟汽饰,54.62,11.77,19.25,1.03,5.44,6.55,3.62,,0.0,-22.9,29.47,53.82,0.12,0.65,7.08,3.59,0.26
601010.SH,文峰股份,44.54,196.55,54.69,1.04,-0.04,0.39,1.03,0.73,100.0,-102.92,-8.49,32.1,0.12,-6.44,-1251.45,503.98,0.12
600195.SH,中牧股份,82.51,27.46,85.6,1.44,2.0,4.02,2.99,,0.0,43.84,4.73,28.26,0.12,18.1,85.5,13.66,0.13
003020.SZ,立方制药,33.19,28.42,36.04,2.55,5.05,6.79,5.29,0.77,0.0,-20.23,-10.99,25.11,0.12,-3.28,14.26,8.37,0.19
300767.SZ,震安科技,49.23,-190.61,-52.73,3.51,-1.74,-1.38,-0.75,,0.0,56.26,-9.57,29.72,0.12,扣非亏损,扣非亏损,亏损,-0.88
688283.SH,坤恒顺维,52.57,150.54,167.87,5.44,1.6,2.68,1.34,,0.0,58.15,13.23,15.93,0.12,12.68,210.15,112.34,0.13
300267.SZ,尔康制药,58.6,161.04,-28.19,1.9,0.79,0.89,0.66,,0.0,209.65,-19.03,15.2,0.12,扣非亏损,危险信号,361.9,0.11
000958.SZ,电投产融,366.61,143.92,175.3,5.83,2.97,3.06,2.6,1.7,129.11,-20.83,-10.38,40.83,0.12,-16.89,59.08,47.03,0.14
300972.SZ,万辰集团,346.63,33.18,38.3,18.52,51.34,54.26,26.6,0.07,0.0,955.27,622.08,66.35,0.12,0.06,1.49,1.22,0.79
920128.BJ,胜业电气,10.46,85.64,74.88,4.31,3.61,3.64,2.84,,0.0,-47.89,12.48,35.56,0.12,6.0,41.49,47.05,0.15
002419.SZ,天虹股份,65.91,79.25,666.54,1.62,0.6,1.53,0.48,1.27,0.0,-60.52,-1.32,84.51,0.12,-503.57,2225.13,103.59,0.12
000718.SZ,苏宁环球,51.8,51.57,-81.93,0.74,1.23,1.07,1.56,1.31,66.37,-66.56,-10.13,29.55,0.12,扣非亏损,危险信号,48.2,0.11
301210.SZ,金杨精密,17.56,103.12,133.84,2.51,1.47,1.84,1.58,0.55,0.0,-24.15,5.73,30.61,0.12,23.35,182.41,112.08,0.13
002271.SZ,东方雨虹,311.76,36.02,-188.88,1.87,3.36,3.54,2.75,6.81,385.42,-29.99,-3.88,50.22,0.12,扣非亏损,危险信号,10.18,0.1
000637.SZ,茂化实华,18.38,-20.97,-14.63,4.72,-18.09,-15.58,-3.17,,0.0,7.18,-11.21,68.65,0.12,扣非亏损,扣非亏损,亏损,-0.88
001215.SZ,千味央厨,34.34,48.08,62.63,1.85,2.91,2.91,2.81,,0.0,-34.15,14.28,23.22,0.12,4.39,43.11,33.04,0.14
920694.BJ,中裕科技,12.4,25.7,27.02,3.0,8.79,9.0,7.62,,0.0,3.42,22.79,31.64,0.12,1.19,6.15,5.71,0.28
600132.SH,重庆啤酒,282.78,22.97,23.81,20.54,76.67,76.69,26.69,4.79,72.63,-6.4,3.8,67.92,0.12,6.27,0.31,0.3,3.34
600605.SH,汇通能源,60.3,250.01,340.23,4.25,1.43,1.88,1.8,0.13,0.0,-7.24,6.99,6.54,0.12,48.7,476.31,265.97,0.12
002139.SZ,拓邦股份,137.09,28.47,32.0,2.26,5.76,6.12,3.27,,0.0,-26.58,10.79,48.32,0.12,2.97,11.11,9.3,0.21
603001.SH,奥康国际,36.85,-13.2,-11.99,1.55,-9.11,-8.32,-6.46,,0.0,-25.34,-4.2,23.85,0.12,扣非亏损,扣非亏损,亏损,-0.88
300457.SZ,赢合科技,158.61,40.09,53.85,2.46,4.34,4.49,3.36,,0.0,-40.78,22.97,62.12,0.12,2.34,24.8,17.86,0.16
300525.SZ,博思软件,70.61,873.28,33.83,3.42,0.13,0.29,-0.05,,0.0,-84.88,11.34,30.33,0.12,2.98,508.75,6022.59,0.12
301565.SZ,中仑新材,29.93,104.97,188.1,3.88,2.36,2.81,1.82,,0.0,-49.25,7.59,36.98,0.12,24.78,159.25,74.71,0.13
002370.SZ,亚太药业,48.92,37.75,-78.74,4.36,-5.41,9.21,9.56,,0.0,-150.47,9.15,7.64,0.12,扣非亏损,扣非亏损,8.2,-0.88
002123.SZ,梦网科技,77.05,-110.93,-104.3,4.99,-5.05,-3.36,-0.35,,0.0,-769.11,13.66,46.53,0.12,扣非亏损,扣非亏损,亏损,-0.88
688161.SH,威高骨科,125.76,45.48,51.12,3.09,4.84,5.19,4.83,0.36,28.57,22.06,-12.88,19.76,0.12,-3.97,10.55,8.76,0.21
600267.SH,海正药业,126.47,20.58,21.99,1.49,5.82,5.47,4.35,,0.0,41.96,-3.49,42.84,0.12,-6.3,7.55,7.52,0.25
600826.SH,兰生股份,80.32,33.26,39.44,1.87,2.77,4.27,4.56,0.57,75.0,-15.85,27.7,26.24,0.12,1.42,14.26,7.79,0.19
300412.SZ,迦南科技,26.9,212.57,153.4,2.77,0.26,0.96,0.79,,0.0,-76.78,10.37,56.51,0.12,14.79,1192.84,442.86,0.12
001896.SZ,豫能控股,235.58,61.41,99.27,6.83,8.57,8.78,3.05,,0.0,333.57,0.87,87.78,0.12,113.76,23.18,13.99,0.16
300785.SZ,值得买,60.68,550.05,132.08,5.22,0.48,0.71,0.12,,0.0,46.27,3.42,20.54,0.12,38.6,555.3,1549.44,0.12
300463.SZ,迈克生物,56.36,140.07,-77.81,1.1,1.01,0.58,0.59,,0.0,-77.95,-13.69,20.15,0.12,扣非亏损,危险信号,483.0,0.11
003037.SZ,三和管桩,45.17,42.1,71.09,1.61,2.06,2.89,2.19,,0.0,8652.55,-8.44,59.23,0.12,-8.42,68.99,29.13,0.13
688608.SH,恒玄科技,300.76,44.97,48.35,4.34,6.9,7.47,6.86,,0.0,96.43,26.87,7.59,0.12,1.8,14.01,12.04,0.19
920685.BJ,新芝生物,7.55,45.61,44.86,2.32,2.87,3.82,4.41,,0.0,-1.23,0.51,11.69,0.12,88.33,31.28,23.88,0.15
000837.SZ,秦川机床,122.2,195.7,-412.35,2.54,-0.03,0.98,0.76,0.23,0.0,92.4,-8.16,44.03,0.12,扣非亏损,扣非亏损,399.38,-0.88
920249.BJ,利尔达,15.5,225.81,-112.94,7.19,1.87,2.44,1.75,,0.0,123.76,-2.76,63.83,0.12,扣非亏损,危险信号,185.09,0.11
301167.SZ,建研设计,12.92,105.78,210.91,2.16,0.58,1.54,1.33,,0.0,389.73,-0.23,28.3,0.12,-933.5,730.04,137.37,0.12
603318.SH,水发燃气,39.39,-78.5,-118.49,3.35,0.04,-3.19,2.37,,0.0,-98.78,4.89,58.26,0.12,扣非亏损,危险信号,亏损,0.12
688728.SH,格科微,355.84,553.4,344.89,4.74,-0.08,0.64,1.11,,0.0,84.92,-0.06,66.66,0.12,-5966.9,-8250.88,1729.37,0.12
603031.SH,安孚科技,115.02,62.15,65.37,5.12,6.88,8.77,12.44,0.54,0.0,13.92,45.59,39.74,0.12,1.43,18.99,14.17,0.17
688466.SH,金科环境,22.5,41.97,38.72,1.95,3.19,3.54,2.37,,0.0,-10.27,4.34,46.58,0.12,8.92,24.31,23.71,0.16
002095.SZ,生意宝,45.36,-1216.49,-140.88,5.14,-1.74,-0.31,-1.46,,0.0,37.78,7.37,29.94,0.12,扣非亏损,扣非亏损,亏损,-0.88
920564.BJ,天润科技,10.57,-178.64,332.4,7.45,-3.9,-3.02,-2.93,,0.0,30.48,-0.8,24.04,0.12,-415.76,困境反转,亏损,0.13
301191.SZ,菲菱科思,62.35,133.03,209.83,4.98,1.94,2.7,0.92,,0.0,-65.32,-8.11,44.71,0.12,-25.86,216.2,98.54,0.12
688677.SH,海泰新光,47.47,26.11,27.39,3.6,10.18,10.4,10.02,,0.0,49.53,15.59,17.71,0.12,1.76,5.38,5.02,0.3
300233.SZ,金城医药,56.57,138.77,92.08,1.6,0.59,0.85,0.99,0.71,90.91,-84.16,2.66,27.69,0.12,34.66,155.86,163.26,0.12
300802.SZ,矩子科技,40.23,53.38,74.09,3.97,5.0,5.29,4.79,,0.0,45.22,5.45,20.93,0.12,13.6,29.62,20.18,0.15
002392.SZ,北京利尔,87.28,19.58,44.07,1.58,3.81,6.3,4.28,,0.0,-26.66,9.15,42.54,0.12,4.82,23.13,6.22,0.16
920190.BJ,雷神科技,24.56,92.42,131.51,2.88,2.15,2.31,2.6,,0.0,10.57,4.29,54.89,0.12,30.67,122.35,80.02,0.13
600884.SH,杉杉股份,267.01,86.55,-56.23,1.49,1.02,1.31,1.9,,0.0,512.94,-3.11,48.93,0.12,扣非亏损,危险信号,132.35,0.11
002831.SZ,裕同科技,176.6,20.21,20.28,2.76,10.3,10.15,6.16,1.51,70.49,4.86,5.08,47.59,0.12,3.99,1.97,1.99,0.63
600062.SH,华润双鹤,188.21,10.52,12.89,1.67,11.9,12.34,9.64,0.55,10.55,2.9,3.0,28.52,0.12,4.29,1.08,0.85,1.04
603979.SH,金诚信,388.99,16.64,17.51,3.73,17.81,17.92,14.22,,0.0,59.85,30.48,45.89,0.12,0.57,1.97,1.86,0.63
300597.SZ,吉大通信,26.7,-71.31,-76.12,2.84,-3.22,-2.94,-1.28,,0.0,-472.0,1.33,38.35,0.12,扣非亏损,扣非亏损,亏损,-0.88
300523.SZ,辰安科技,53.05,-28.48,-16.69,5.03,-13.12,-12.42,-2.51,,0.0,7.99,4.0,66.61,0.12,扣非亏损,扣非亏损,亏损,-0.88
600785.SH,新华百货,43.59,30.41,46.3,1.9,3.99,4.71,3.06,0.74,26.32,-8.9,2.35,76.1,0.12,19.69,11.6,6.46,0.2
300735.SZ,光弘科技,173.3,66.2,58.26,3.55,3.7,4.02,3.15,,0.0,49.84,24.21,44.35,0.12,2.41,31.5,32.93,0.15
002136.SZ,安纳达,31.2,-50.6,-42.66,2.77,-4.43,-4.03,-4.12,,0.0,-227.59,-0.08,36.06,0.12,扣非亏损,扣非亏损,亏损,-0.88
600819.SH,耀皮玻璃,59.64,47.2,60.43,2.2,3.18,3.53,2.2,0.35,31.11,41.23,6.88,43.77,0.12,8.78,18.98,13.37,0.17
920261.BJ,一诺威,26.33,20.51,21.32,2.77,9.64,10.12,6.99,,0.0,45.86,-4.07,42.08,0.12,-5.24,4.42,4.05,0.34
603013.SH,亚普股份,115.92,20.85,21.09,2.58,9.47,9.51,7.18,0.2,8.93,11.08,0.18,34.77,0.12,117.96,2.23,2.19,0.57
603615.SH,茶花股份,48.75,621.68,-276.05,4.26,0.49,0.52,0.05,,0.0,130.29,-10.98,31.37,0.12,扣非亏损,危险信号,2391.09,0.12
301118.SZ,恒光股份,29.62,-1408.25,-152.94,2.32,-0.84,-0.12,0.39,,0.0,83.92,11.44,47.59,0.12,扣非亏损,扣非亏损,亏损,-0.88
002857.SZ,三晖电气,33.52,-89.63,463.65,6.57,-6.13,-5.59,-3.14,,0.0,-25.02,54.91,48.23,0.12,8.44,困境反转,亏损,0.15
300827.SZ,上能电气,154.1,53.72,53.91,9.23,13.14,13.66,4.54,,0.0,0.22,73.93,73.01,0.12,0.73,8.2,7.86,0.24
603518.SH,锦泓集团,31.41,20.72,13.01,0.87,2.93,3.15,3.76,,0.0,-25.02,1.14,37.05,0.12,11.37,8.89,13.16,0.23
300409.SZ,道氏技术,207.97,42.72,61.26,2.95,5.34,5.48,4.08,,0.0,205.95,5.68,38.57,0.12,10.79,22.95,15.59,0.16
000809.SZ,和展能源,31.18,-46.85,-41.55,1.17,-2.01,-1.85,-1.85,,0.0,30.87,504.76,7.85,0.12,扣非亏损,扣非亏损,亏损,-0.88
002700.SZ,万憬能源,18.42,34.17,43.5,2.11,3.83,4.71,4.66,,0.0,-32.08,6.02,12.82,0.12,7.23,22.71,14.51,0.16
001356.SZ,富岭股份,23.98,67.98,54.45,3.45,4.43,3.92,4.4,,0.0,-54.06,18.53,18.47,0.12,2.94,24.56,34.69,0.16
603028.SH,赛福天,26.57,1416.46,-17.25,5.24,-0.53,0.28,-0.18,,0.0,90.86,22.1,84.89,0.12,扣非亏损,扣非亏损,10117.56,-0.88
002685.SZ,华东重机,70.13,131.48,-58.57,4.46,2.29,2.58,1.04,,0.0,124.87,-19.05,41.44,0.12,扣非亏损,危险信号,101.92,0.1
688285.SH,高铁电气,34.43,71.08,61.71,2.06,1.99,2.19,1.77,0.09,10.6,92.15,-10.06,43.9,0.12,-6.13,30.98,32.46,0.15
688180.SH,君实生物,237.58,-40.07,-32.16,5.12,-11.09,-10.07,-5.75,,0.0,28.73,-10.28,46.14,0.12,扣非亏损,扣非亏损,亏损,-0.88
300942.SZ,易瑞生物,38.6,160.64,326.59,4.56,0.42,2.05,1.73,,0.0,137.78,-19.93,38.55,0.12,-16.38,1556.69,156.72,0.12
301030.SZ,仕净科技,26.03,-8.67,-2.03,3.1,-31.55,-23.83,-1.91,,0.0,-335.65,60.08,90.85,0.12,扣非亏损,扣非亏损,亏损,-0.88
603255.SH,鼎际得,18.48,338.1,-290.43,2.58,0.49,0.57,0.33,,0.0,-20.06,3.03,65.78,0.12,扣非亏损,危险信号,1186.33,0.12
920809.BJ,安达科技,33.88,-13.65,-10.95,2.8,-14.67,-14.38,-4.78,,0.0,53.12,70.66,65.61,0.12,扣非亏损,扣非亏损,亏损,-0.88
002732.SZ,燕塘乳业,27.45,38.83,35.37,1.83,3.57,3.58,3.29,,0.0,-33.29,-4.23,23.55,0.12,-8.36,19.8,21.69,0.17
300823.SZ,建科智能,14.9,93.57,104.82,2.45,1.49,1.94,1.91,,0.0,-48.85,-1.94,24.3,0.12,-53.98,141.1,96.46,0.12
002801.SZ,微光股份,40.97,20.95,26.48,4.42,12.99,16.57,15.23,0.42,20.0,1.96,8.25,15.71,0.12,3.21,2.04,1.26,0.61
300979.SZ,华利集团,550.12,16.94,15.82,3.53,15.14,14.13,13.15,4.18,69.93,-10.83,11.63,33.76,0.12,1.36,1.04,1.2,1.07
000999.SZ,华润三九,484.18,15.45,18.99,2.3,10.66,11.47,7.14,1.58,41.28,-20.56,21.59,33.92,0.12,0.88,1.78,1.35,0.68
600764.SH,中国海防,189.88,92.37,160.39,2.3,1.43,1.88,1.65,0.26,0.0,5.76,-13.3,27.44,0.12,-12.06,225.08,98.26,0.12
603006.SH,联明股份,34.73,44.59,69.76,2.66,3.46,4.07,3.13,2.9,271.43,20.25,-12.61,23.61,0.12,-5.53,20.16,10.96,0.17
002663.SZ,普邦股份,29.87,-76.48,-7.73,1.68,-3.42,-1.62,-0.85,,0.0,-176.42,-9.64,46.47,0.12,扣非亏损,扣非亏损,亏损,-0.88
688680.SH,海优新材,43.33,-15.64,-9.1,3.5,-13.96,-13.82,-5.12,,0.0,16.73,5.3,51.11,0.12,扣非亏损,扣非亏损,亏损,-0.88
002349.SZ,精华制药,62.45,27.06,30.28,2.35,6.43,7.0,6.57,,0.0,9.17,1.57,11.28,0.12,19.34,9.41,7.73,0.22
603027.SH,千禾味业,119.09,36.69,30.76,3.73,7.28,7.08,6.39,1.02,59.07,-25.93,18.0,23.79,0.12,1.71,4.22,5.18,0.35
688589.SH,力合微,34.06,114.16,79.27,3.56,1.12,2.09,2.16,,0.0,-73.26,16.55,30.09,0.12,4.79,141.62,109.24,0.12
002102.SZ,能特科技,80.61,15.21,-167.34,2.77,16.64,13.29,6.25,,0.0,433.36,-2.76,48.29,0.12,扣非亏损,危险信号,2.29,0.07
601968.SH,宝钢包装,71.83,30.65,38.03,1.57,3.81,3.88,2.59,0.84,0.0,14.36,6.79,51.07,0.12,5.6,19.96,15.8,0.17
920436.BJ,大地电气,14.25,-83.13,-28.2,3.96,-4.32,-3.54,-1.24,,0.0,26.71,8.64,74.43,0.12,扣非亏损,扣非亏损,亏损,-0.88
300471.SZ,厚普股份,56.34,-2133.22,795.68,4.64,3.61,-0.22,0.12,,0.0,243.03,-6.64,44.0,0.12,-119.88,440.87,亏损,0.12
002101.SZ,广东鸿图,78.54,28.15,23.13,1.01,2.51,2.68,1.48,,0.0,-18.55,10.34,43.97,0.12,2.24,18.45,21.01,0.17
603559.SH,ST通脉,29.77,-34.39,-11.48,3.13,-6.18,-6.6,-4.2,,0.0,-54.94,-10.78,35.99,0.12,扣非亏损,扣非亏损,亏损,-0.88
300667.SZ,必创科技,29.81,-221.36,-21.79,3.12,-1.46,-1.06,-0.85,,0.0,-94.68,-1.56,20.86,0.11,扣非亏损,扣非亏损,亏损,-0.89
002580.SZ,圣阳股份,61.11,28.72,33.93,2.63,6.52,7.07,3.98,,0.0,4.69,13.85,40.19,0.11,2.45,10.41,8.12,0.21
600276.SH,恒瑞医药,3515.47,47.7,51.15,6.15,10.64,11.09,10.26,,0.0,21.08,4.01,12.14,0.11,12.77,9.61,8.6,0.22
600641.SH,先导基电,171.05,687.23,-204.73,2.1,-0.29,0.23,-0.17,,0.0,-587.45,-8.28,28.72,0.11,扣非亏损,扣非亏损,5975.93,-0.89
920478.BJ,峆一药业,8.33,22.66,25.53,2.72,8.74,9.06,8.41,,0.0,26.63,10.29,15.81,0.11,2.48,5.84,5.0,0.29
000685.SZ,中山公用,147.22,10.72,11.3,0.96,6.79,6.9,4.15,,0.0,40.0,35.18,48.13,0.11,0.32,3.33,3.11,0.42
301085.SZ,亚康股份,35.63,1453.61,-200.25,4.89,0.29,0.25,0.05,,0.0,-94.38,6.37,40.43,0.11,扣非亏损,危险信号,11628.84,0.11
002883.SZ,中设股份,15.79,-45.78,-56.16,2.48,-4.09,-3.97,-2.75,,0.0,-260.84,1.44,23.94,0.11,扣非亏损,扣非亏损,亏损,-0.89
300550.SZ,和仁科技,33.68,195.35,69.07,3.02,0.98,1.16,0.41,,0.0,1124.98,-2.68,22.73,0.11,-25.77,140.8,336.81,0.12
300674.SZ,宇信科技,152.55,41.05,37.85,3.45,6.3,6.4,4.49,,0.0,24.81,4.17,25.74,0.11,9.08,12.02,12.83,0.2
300920.SZ,润阳科技,22.2,105.59,115.52,3.38,2.38,2.41,0.9,,0.0,52.9,-5.65,25.34,0.11,-20.45,97.28,87.62,0.12
002866.SZ,传艺科技,35.8,62.26,-67.71,2.75,2.37,3.37,0.88,,0.0,21.68,1.01,49.27,0.11,扣非亏损,危险信号,36.95,0.1
688410.SH,山外山,50.94,36.57,50.86,2.87,5.44,6.04,5.33,,0.0,84.1,32.57,18.91,0.11,1.56,18.7,12.11,0.17
600499.SH,科达制造,339.08,22.13,25.18,2.7,8.83,9.61,8.14,,0.0,66.96,10.25,47.58,0.11,2.46,5.71,4.61,0.29
300132.SZ,青松股份,45.47,31.31,46.13,3.28,5.57,8.18,5.79,,0.0,146.48,-18.34,36.14,0.11,-2.52,16.55,7.66,0.17
002403.SZ,爱仕达,34.02,-49.59,-50.68,2.43,-4.61,-3.62,-0.53,,0.0,-128.32,-4.52,66.91,0.11,扣非亏损,扣非亏损,亏损,-0.89
600487.SH,亨通光电,1214.77,38.69,45.25,3.98,7.89,7.99,4.21,,0.0,5.97,13.68,53.69,0.11,3.31,11.47,9.68,0.2
300155.SZ,安居宝,17.07,-65.48,-33.28,2.36,-3.8,-2.67,-3.24,,0.0,-63.18,-34.18,10.05,0.11,扣非亏损,扣非亏损,亏损,-0.89
000409.SZ,云鼎科技,64.48,109.55,125.7,4.7,3.15,3.28,2.44,,0.0,-24.32,45.88,31.21,0.11,2.74,79.82,66.8,0.13
603968.SH,醋化股份,29.81,-92.28,-54.09,1.65,-2.28,-1.33,-0.27,,0.0,60.26,0.56,44.36,0.11,扣非亏损,扣非亏损,亏损,-0.89
920792.BJ,东和新材,12.61,31.04,37.93,2.04,4.91,5.0,4.38,,0.0,20.33,4.16,43.88,0.11,9.11,15.46,12.42,0.18
603060.SH,国检集团,54.75,99.62,42.76,2.77,0.72,2.0,1.62,,0.0,-70.33,5.82,53.26,0.11,7.35,119.36,99.62,0.12
300373.SZ,扬杰科技,418.54,32.31,35.0,4.54,9.98,10.55,7.15,0.62,37.5,37.5,11.52,41.18,0.11,3.04,3.51,3.06,0.4
603016.SH,新宏泰,47.31,74.21,76.64,5.74,5.19,5.72,5.03,,0.0,-8.73,4.58,18.72,0.11,16.72,29.56,25.95,0.15
000096.SZ,广聚能源,56.4,142.53,141.57,2.09,0.69,1.1,1.13,,0.0,-69.34,9.56,16.32,0.11,14.81,412.73,259.15,0.12
000677.SZ,恒天海龙,43.37,1183.82,754.0,8.54,0.01,0.54,5.56,,0.0,-99.87,-0.27,43.99,0.11,-2818.68,155463.1,4384.52,0.11
601106.SH,中国一重,325.06,-310.17,-8.83,6.16,-3.64,-1.48,0.95,,0.0,29.36,-9.35,82.54,0.11,扣非亏损,扣非亏损,亏损,-0.89
300088.SZ,长信科技,169.26,44.68,51.91,1.95,3.1,3.33,2.11,,0.0,1.69,17.06,49.56,0.11,3.04,33.46,26.84,0.14
300906.SZ,日月明,23.97,54.65,79.7,2.95,2.85,4.01,4.09,,0.0,-23.83,10.66,10.18,0.11,7.48,55.92,27.25,0.13
600367.SH,红星发展,79.85,59.09,67.14,3.42,4.32,4.41,5.1,0.17,13.04,93.4,-3.55,16.63,0.11,-18.89,15.53,13.4,0.18
301373.SZ,凌玮科技,26.4,54.08,59.71,4.51,5.54,6.34,6.5,0.62,33.33,2.3,5.65,10.24,0.11,10.56,10.78,8.53,0.21
002353.SZ,杰瑞股份,729.5,44.69,38.65,4.86,8.23,8.31,5.63,0.21,12.3,27.62,15.98,39.51,0.11,2.42,4.69,5.38,0.33
688018.SH,乐鑫科技,236.64,50.24,59.32,5.85,10.77,15.93,10.0,,0.0,50.77,14.82,12.74,0.11,4.0,11.02,6.31,0.2
300080.SZ,易成新能,113.75,-32.23,-18.39,2.36,-5.89,-5.29,-0.9,,0.0,52.74,5.72,61.47,0.11,扣非亏损,扣非亏损,亏损,-0.89
601022.SH,宁波远洋,123.14,17.33,19.33,2.05,8.42,8.9,8.19,0.95,30.0,29.49,12.23,31.15,0.11,1.58,2.3,1.95,0.55
002444.SZ,巨星科技,382.65,13.87,16.56,2.11,11.53,12.2,10.75,0.73,23.46,5.31,12.51,17.28,0.11,1.32,1.44,1.14,0.81
600371.SH,万向德农,27.68,107.32,157.46,5.04,3.15,3.44,2.29,,0.0,-64.76,16.41,17.45,0.11,9.6,100.01,62.39,0.12
002612.SZ,朗姿股份,44.73,5.89,36.95,2.28,5.56,30.4,15.74,,0.0,-4.11,8.45,52.95,0.11,4.37,13.3,0.39,0.19
300993.SZ,玉马科技,31.59,27.44,24.96,2.64,7.14,7.42,7.72,,0.0,-14.88,14.13,5.96,0.11,1.77,6.99,7.4,0.26
301331.SZ,恩威医药,28.34,58.22,61.52,2.62,2.98,3.42,2.88,1.32,0.0,55.91,6.24,27.6,0.11,9.86,41.34,34.05,0.14
600097.SH,开创国际,28.43,35.23,28.13,1.23,2.35,2.65,2.44,,0.0,340.06,5.58,29.18,0.11,5.04,23.99,26.59,0.15
301078.SZ,孩子王,112.13,40.44,61.58,2.71,3.83,5.01,3.74,0.19,17.48,68.34,1.19,64.26,0.11,51.86,16.06,8.07,0.17
300310.SZ,宜通世纪,46.15,1300.06,-76.97,3.08,-0.27,0.18,-0.04,,0.0,14.76,2.53,40.64,0.11,扣非亏损,扣非亏损,14445.06,-0.89
920926.BJ,鸿智科技,12.98,51.5,42.23,5.28,7.49,7.6,5.96,,0.0,-7.08,4.42,26.77,0.11,9.54,11.27,13.55,0.2
300578.SZ,会畅科技,42.14,311.29,1028.49,3.55,0.37,0.86,0.46,,0.0,-19.91,-11.25,9.78,0.11,-91.44,5538.46,723.94,0.11
002682.SZ,龙洲股份,33.8,-26.51,-8.19,3.14,-10.33,-8.12,-0.34,,0.0,-44.24,-14.77,82.74,0.11,扣非亏损,扣非亏损,亏损,-0.89
002165.SZ,红宝丽,92.85,187.83,912.02,4.59,0.3,1.84,1.81,,0.0,-79.35,-6.16,62.1,0.11,-148.17,6086.25,204.17,0.11
002054.SZ,德美化工,35.9,41.59,56.0,1.78,2.99,3.28,2.46,,0.0,48.37,19.08,53.41,0.11,2.93,37.4,25.36,0.14
300243.SZ,瑞丰高材,29.54,117.13,374.07,3.54,2.18,2.13,2.92,,0.0,-24.88,2.73,50.92,0.11,137.2,343.8,109.98,0.12
000768.SZ,中航西飞,746.36,56.5,75.42,3.43,4.46,5.43,1.51,,0.0,7.94,9.8,70.58,0.11,7.69,33.79,20.81,0.14
688691.SH,灿芯股份,76.16,-101.5,-96.46,10.2,-8.12,-7.21,-7.29,,0.0,-251.34,6.88,25.19,0.11,扣非亏损,扣非亏损,亏损,-0.89
920670.BJ,数字人,12.4,241.45,493.91,7.92,-0.89,0.54,0.08,0.36,0.0,84.86,5.66,14.74,0.11,87.25,-1113.28,894.27,0.11
000049.SZ,德赛电池,104.17,34.64,30.46,1.56,2.67,3.4,1.14,,0.0,1.57,2.6,61.86,0.11,11.72,22.84,20.38,0.16
603659.SH,璞泰来,692.41,29.35,31.2,3.39,8.34,8.89,5.01,0.84,0.0,39.82,19.59,54.36,0.11,1.59,7.48,6.6,0.25
301291.SZ,明阳电气,104.32,32.32,29.55,4.1,9.58,9.62,5.64,0.17,7.14,6.51,47.31,47.55,0.11,0.62,3.09,3.36,0.44
600728.SH,佳都科技,132.86,52.75,358.0,1.69,0.31,2.45,1.25,,0.0,134.45,10.03,48.33,0.11,35.71,2333.03,43.06,0.11
600418.SH,江淮汽车,1070.38,-57.77,-25.85,11.13,-16.56,-13.47,-3.32,,0.0,-662.63,2.54,77.45,0.11,扣非亏损,扣非亏损,亏损,-0.89
603698.SH,航天工程,165.25,92.15,89.2,4.79,3.86,3.9,2.75,0.14,30.56,5.59,12.18,38.73,0.11,7.32,23.08,23.63,0.16
002849.SZ,威星智能,39.74,41.97,138.42,2.93,5.18,5.36,4.15,,0.0,11.43,6.01,48.0,0.11,23.01,53.47,15.66,0.13
002333.SZ,罗普斯金,38.66,66.74,91.52,2.05,2.16,2.32,1.98,,0.0,8.35,5.54,39.17,0.11,16.52,84.64,57.53,0.12
600031.SH,三一重工,1804.2,20.58,25.06,2.67,9.78,9.69,5.03,1.47,50.2,53.55,-8.96,52.49,0.11,-2.8,2.56,2.12,0.5
300298.SZ,三诺生物,76.18,33.62,38.86,2.96,5.4,6.28,3.65,,0.0,-22.13,10.44,41.19,0.11,3.72,14.38,10.71,0.18
000591.SZ,太阳能,245.61,16.37,25.47,1.01,4.45,4.7,3.68,1.42,0.0,-15.63,-0.65,53.76,0.11,-38.91,11.44,6.97,0.2
601113.SH,华鼎股份,51.9,20.73,22.7,1.31,4.28,4.84,3.27,,0.0,-43.0,-6.07,37.66,0.11,-3.74,10.6,8.57,0.21
300545.SZ,联得装备,42.55,51.24,49.54,3.09,4.74,4.82,4.63,,0.0,-49.84,16.46,27.41,0.11,3.01,20.89,21.26,0.16
688360.SH,德马科技,49.07,35.04,59.9,3.49,7.17,7.7,4.51,,0.0,2.47,-0.35,57.27,0.11,-170.88,16.7,9.1,0.17
002533.SZ,金杯电工,97.81,18.2,20.2,2.61,10.27,11.23,5.78,,0.0,11.72,11.42,59.58,0.11,1.77,3.93,3.24,0.37
002159.SZ,三特索道,28.12,19.54,31.36,2.46,9.72,9.76,10.36,,0.0,-13.41,45.31,19.28,0.11,0.69,6.45,4.0,0.27
301090.SZ,华润材料,125.47,-98.87,-34.43,1.97,-2.56,-1.48,-1.77,,0.0,47.78,11.8,25.11,0.11,扣非亏损,扣非亏损,亏损,-0.89
002160.SZ,常铝股份,57.62,117.98,145.93,1.55,0.88,0.99,1.52,,0.0,-32.36,8.11,57.07,0.11,18.0,331.73,238.34,0.11
600871.SH,石化油服,448.41,70.33,238.28,6.57,6.02,7.46,2.28,,0.0,31.07,5.3,87.8,0.11,44.94,79.14,18.86,0.12
603108.SH,润达医疗,87.96,-40.55,-49.04,2.13,-4.18,-3.81,1.0,,0.0,-647.82,-1.17,61.6,0.11,扣非亏损,扣非亏损,亏损,-0.89
001277.SZ,速达股份,18.09,30.16,33.28,1.96,4.43,4.94,4.56,,0.0,-39.94,13.49,24.27,0.11,2.47,15.04,12.21,0.18
601628.SH,中国人寿,8731.31,5.3,6.96,1.89,29.58,29.27,,0.52,16.41,60.45,9.38,91.39,0.11,0.74,0.24,0.18,4.36
603177.SH,德创环保,25.01,143.12,-291.78,6.58,1.43,3.44,2.05,,0.0,-73.12,14.53,79.63,0.11,扣非亏损,危险信号,83.21,0.11
603298.SH,杭叉集团,336.75,14.41,15.61,2.96,15.91,16.24,11.49,0.75,0.0,10.98,4.51,35.88,0.11,3.46,1.96,1.77,0.62
920768.BJ,拾比佰,9.29,22.05,27.86,1.93,6.77,6.78,3.89,,0.0,706.93,8.98,50.23,0.11,3.1,8.23,6.5,0.23
301156.SZ,美农生物,18.47,53.42,52.72,4.01,5.23,5.6,5.69,0.57,0.0,39.0,-3.34,7.33,0.11,-15.77,20.16,19.08,0.16
920679.BJ,前进科技,7.25,56.96,59.5,2.18,2.42,2.86,2.07,,0.0,-24.46,-9.58,8.3,0.11,-6.21,49.12,39.83,0.13
300569.SZ,天能重工,79.43,71.08,-45.93,1.54,1.58,1.59,1.8,0.17,14.71,2497.97,-6.85,57.16,0.11,扣非亏损,危险信号,44.71,0.08
603137.SH,恒尚节能,10.44,41.27,55.79,2.08,3.62,3.84,2.0,,0.0,-43.27,1.81,60.73,0.11,30.87,30.83,21.5,0.14
300393.SZ,中来股份,103.43,-22.22,-11.87,3.98,-13.42,-12.58,-2.51,,0.0,-21.68,14.1,76.4,0.11,扣非亏损,扣非亏损,亏损,-0.89
600838.SH,上海九百,42.97,113.39,102.3,2.73,1.77,1.85,1.56,,0.0,0.64,0.96,7.36,0.11,106.87,115.3,122.58,0.12
301389.SZ,隆扬电子,45.85,141.08,152.8,6.91,3.27,3.65,3.3,0.49,78.95,46.72,-11.04,25.82,0.11,-13.84,46.66,38.65,0.13
603235.SH,天新药业,123.76,20.16,21.42,2.59,9.17,9.76,9.08,,0.0,-7.84,-3.21,19.36,0.11,-6.68,4.67,4.13,0.32
000605.SZ,渤海股份,25.85,146.86,3029.72,1.21,0.1,0.62,1.3,,0.0,-11.99,-0.85,66.09,0.11,-3543.68,61206.56,473.73,0.11
600268.SH,国电南自,153.04,54.77,35.81,4.48,5.89,6.18,4.45,,0.0,103.88,15.39,61.82,0.11,2.33,12.16,17.72,0.19
002276.SZ,万马股份,158.84,29.04,35.63,2.61,6.31,7.02,3.38,,0.0,75.44,11.81,63.02,0.11,3.02,11.3,8.27,0.2
002686.SZ,亿利达,36.75,82.95,-304.88,2.43,0.84,2.19,1.69,,0.0,-68.28,-4.97,42.14,0.11,扣非亏损,危险信号,75.75,0.11
000738.SZ,航发控制,309.33,57.86,60.9,2.47,3.17,3.21,2.76,,0.0,-35.58,9.86,19.28,0.11,6.18,38.48,36.05,0.14
300496.SZ,中科创达,246.94,101.07,124.31,3.06,2.01,2.3,1.69,,0.0,57.58,10.31,21.06,0.11,12.05,123.39,87.89,0.12
688648.SH,中邮科技,42.88,9.35,-52.84,3.76,-4.15,35.5,26.68,,0.0,1.18,-19.15,31.23,0.11,扣非亏损,扣非亏损,0.53,-0.89
301087.SZ,可孚医疗,118.07,34.21,42.66,2.61,4.67,5.29,4.63,4.03,73.17,1.46,10.4,27.37,0.11,4.1,9.14,6.47,0.22
603885.SH,吉祥航空,262.3,18.06,44.44,2.67,10.42,11.63,4.62,,0.0,-17.9,41.49,80.33,0.11,1.07,8.53,3.11,0.23
000420.SZ,吉林化纤,118.48,272.27,-43096.7,2.68,0.67,0.74,1.81,,0.0,-47.25,2.75,64.07,0.11,扣非亏损,危险信号,735.85,0.11
002688.SZ,金河生物,47.69,26.55,46.37,2.1,5.44,6.07,4.06,,0.0,21.82,4.54,53.45,0.11,10.22,17.06,8.75,0.17
688370.SH,丛麟科技,35.57,173.11,-3176.64,1.35,-0.23,0.58,0.84,,0.0,-112.63,-3.22,14.79,0.11,扣非亏损,扣非亏损,596.93,-0.89
603130.SH,云中马,56.83,84.44,90.52,4.16,3.08,3.74,2.14,,0.0,-29.5,15.38,51.82,0.11,5.89,58.75,45.16,0.13
600860.SH,京城股份,67.32,-225.46,-399.11,10.75,-4.69,-2.58,-0.01,,0.0,-53.93,11.92,58.23,0.11,扣非亏损,扣非亏损,亏损,-0.89
000026.SZ,飞亚达,55.05,70.17,73.66,1.84,3.54,3.68,4.26,0.73,0.0,-37.25,-8.59,13.78,0.11,-8.57,41.64,38.14,0.13
920075.BJ,柏星龙,8.3,47.42,63.92,3.84,5.6,6.02,5.04,,0.0,-35.49,11.61,35.85,0.11,5.51,22.82,15.76,0.15
688220.SH,翱捷科技,289.48,-75.14,-45.61,5.95,-8.72,-5.85,-4.79,,0.0,-2.66,17.29,19.68,0.11,扣非亏损,扣非亏损,亏损,-0.89
601212.SH,白银有色,670.87,-234.16,114.83,4.35,-0.01,-1.38,3.02,,0.0,99.44,6.78,65.91,0.11,16.95,困境反转,亏损,0.11
920682.BJ,球冠电缆,17.74,29.11,24.79,2.68,6.87,7.01,4.19,,0.0,-6.6,10.43,58.55,0.11,2.38,7.22,8.31,0.25
000672.SZ,上峰水泥,135.13,19.2,22.39,1.52,5.56,5.9,4.09,,0.0,35.34,-13.12,42.65,0.11,-1.71,8.06,6.51,0.23
300122.SZ,智飞生物,228.83,-24.08,-28.1,1.32,-4.08,-3.99,-2.68,,0.0,-157.25,4.13,36.18,0.11,扣非亏损,扣非亏损,亏损,-0.89
300647.SZ,超频三,30.87,1060.47,-8.2,5.4,-1.68,-1.6,0.8,,0.0,81.0,11.62,73.44,0.11,扣非亏损,扣非亏损,-1325.59,-0.89
301360.SZ,荣旗科技,18.39,553.18,165.47,3.33,-0.07,0.45,-0.25,,0.0,-105.47,8.93,25.84,0.11,18.53,-4768.6,2458.59,0.11
920271.BJ,邦德股份,8.86,18.49,23.56,3.25,10.71,13.87,13.98,,0.0,-4.05,16.35,13.5,0.11,1.44,4.4,2.67,0.34
920419.BJ,路斯股份,14.28,24.48,23.86,2.53,7.8,8.2,5.64,,0.0,-21.71,19.38,19.17,0.11,1.23,6.11,5.97,0.27
301115.SZ,联检科技,34.47,87.57,-591.54,1.61,0.37,1.36,1.44,,0.0,292.0,7.57,29.77,0.11,扣非亏损,危险信号,128.78,0.11
601121.SH,宝地矿业,67.76,50.19,124.16,2.47,3.34,3.74,3.54,,0.0,-33.95,11.59,42.39,0.11,10.71,74.39,26.84,0.12
920946.BJ,森萱医药,44.04,31.88,33.85,3.56,8.3,8.51,8.34,,0.0,15.37,-1.23,6.29,0.11,-27.49,8.16,7.49,0.23
603160.SH,汇顶科技,333.13,36.93,45.58,3.57,6.34,7.5,6.06,0.19,15.96,43.22,-3.75,14.86,0.11,-12.15,7.19,4.92,0.25
300306.SZ,远方信息,20.74,53.86,51.33,2.41,2.45,3.25,3.0,0.81,86.15,0.69,-1.2,6.22,0.11,-42.69,20.91,16.57,0.16
920496.BJ,许昌智能,15.08,51.24,39.68,2.9,4.2,4.31,2.51,1.0,333.33,15.26,14.98,45.13,0.11,2.65,9.45,11.89,0.21
300668.SZ,杰恩设计,27.46,140.67,-508.15,4.23,2.23,2.32,3.12,,0.0,137.55,21.38,31.89,0.11,扣非亏损,危险信号,121.27,0.11
603039.SH,泛微网络,110.49,82.86,58.88,4.91,3.87,4.53,1.82,0.14,30.0,31.93,5.91,42.98,0.11,9.96,15.2,18.29,0.17
688450.SH,光格科技,17.25,-39.12,-27.47,2.43,-4.87,-4.52,-3.41,,0.0,-34.75,-10.47,24.27,0.11,扣非亏损,扣非亏损,亏损,-0.89
001319.SZ,铭科精技,21.44,27.98,28.52,2.76,7.31,7.46,6.37,,0.0,39.13,4.19,23.61,0.11,6.8,7.8,7.5,0.24
001219.SZ,青岛食品,28.39,23.54,31.84,2.74,8.39,8.85,10.0,0.7,30.3,17.08,6.78,17.33,0.11,4.7,3.8,2.66,0.37
603967.SH,中创物流,45.1,16.37,18.42,1.93,8.37,8.72,8.22,,0.0,0.87,5.98,37.84,0.11,3.08,4.4,3.76,0.34
688785.SH,恒运昌,40.73,177.43,204.11,28.03,11.75,12.61,11.01,,0.0,-21.1,85.96,12.64,0.11,2.37,34.74,28.14,0.14
600547.SH,山东黄金,1681.08,40.65,44.27,7.05,9.59,13.6,5.41,0.45,30.64,88.43,35.09,62.93,0.11,1.26,4.62,2.99,0.32
002468.SZ,申通快递,207.32,21.47,19.04,2.1,7.55,7.56,4.28,,0.0,18.71,23.38,63.1,0.11,0.81,5.04,5.68,0.31
600192.SH,长城电工,43.73,-20.69,-14.69,4.31,-16.06,-14.44,-2.43,,0.0,-26.26,-6.09,77.77,0.11,扣非亏损,扣非亏损,亏损,-0.89
603966.SH,法兰泰克,48.2,21.2,24.89,2.39,8.46,9.46,5.18,,0.0,31.0,10.37,53.41,0.11,2.4,5.89,4.48,0.28
603878.SH,武进不锈,50.17,43.36,212.52,1.92,3.04,3.31,2.16,,0.0,-49.89,1.5,37.06,0.11,141.86,139.63,26.2,0.12
601985.SH,中国核电,1744.82,17.81,24.81,1.64,7.02,7.11,3.63,0.23,7.27,-10.24,7.31,68.94,0.11,3.39,3.53,2.51,0.39
600995.SH,南网储能,497.62,26.04,32.54,2.22,6.54,6.52,4.75,0.41,20.0,35.3,-7.18,53.29,0.11,-4.53,4.98,3.99,0.31
300715.SZ,凯伦股份,45.88,147.4,-10.2,2.79,0.5,1.45,1.56,,0.0,117.79,-0.37,65.03,0.11,扣非亏损,危险信号,203.32,0.08
920023.BJ,田野股份,11.34,39.25,-4364.17,1.13,1.87,2.18,2.38,,0.0,-21.85,2.49,23.78,0.11,扣非亏损,危险信号,36.01,0.11
002376.SZ,新北洋,58.99,75.23,104.86,1.62,1.44,1.56,1.78,,0.0,135.53,-3.08,29.98,0.11,-34.03,145.55,96.45,0.11
002351.SZ,漫步者,60.86,25.97,26.93,3.61,9.96,10.45,10.34,,0.0,-13.44,9.01,16.51,0.11,2.99,5.41,4.97,0.29
688660.SH,电气风电,206.0,-21.12,-19.07,4.69,-15.83,-15.4,-1.89,,0.0,-55.66,-20.55,87.03,0.11,扣非亏损,扣非亏损,亏损,-0.89
600794.SH,保税科技,47.89,61.27,88.88,1.82,1.55,2.24,2.77,,0.0,-75.75,-18.85,8.55,0.11,-4.72,114.57,54.71,0.12
300365.SZ,恒华科技,35.16,416.63,-25.17,2.19,0.12,0.4,0.26,,0.0,-64.13,7.17,22.12,0.11,扣非亏损,危险信号,2083.15,0.1
002180.SZ,纳思达,262.51,-57.57,-48.82,2.85,-2.35,-3.64,1.47,,0.0,-133.81,5.43,44.35,0.11,扣非亏损,扣非亏损,亏损,-0.89
603529.SH,爱玛科技,244.01,9.82,11.47,2.63,19.32,19.29,8.41,2.11,43.61,26.78,12.98,63.34,0.11,0.88,0.59,0.51,1.79
603288.SH,海天味业,2101.35,31.16,33.45,5.59,14.64,15.46,13.8,1.51,37.14,11.72,2.62,15.38,0.11,12.78,2.29,2.02,0.54
600094.SH,大名城,93.13,29.65,-4.4,0.98,2.51,2.51,2.21,,0.0,12.55,-3.13,35.66,0.11,扣非亏损,危险信号,23.63,-0.18
688130.SH,晶华微,14.22,-69.32,-55.43,2.29,-3.28,-2.45,-2.45,,0.0,-135.39,-5.14,7.39,0.11,扣非亏损,扣非亏损,亏损,-0.89
300607.SZ,拓斯达,91.81,200.48,-61.36,4.63,1.27,1.75,1.05,,0.0,3969.23,1.93,50.97,0.11,扣非亏损,危险信号,229.13,0.1
002352.SZ,顺丰控股,1816.23,17.31,20.89,1.95,7.12,8.65,5.65,1.2,39.66,0.52,11.93,49.99,0.11,1.75,2.93,2.0,0.45
600255.SH,鑫科材料,65.02,249.19,343.68,4.49,0.83,1.36,1.14,,0.0,-60.59,7.47,59.24,0.11,46.02,825.06,366.46,0.11
002940.SZ,昂利康,56.51,59.4,95.76,3.86,3.57,4.99,3.76,0.3,30.3,39.7,3.96,37.51,0.11,24.19,26.83,11.9,0.14
000977.SZ,浪潮信息,906.36,45.92,44.2,4.31,6.5,7.24,1.75,,0.0,16.43,24.18,80.42,0.11,1.83,13.6,12.68,0.18
920662.BJ,方盛股份,7.32,91.89,107.52,5.18,3.74,4.24,3.36,,0.0,-18.0,5.9,23.95,0.11,18.23,57.53,43.34,0.12
000407.SZ,胜利股份,44.58,27.98,37.75,1.47,3.96,4.0,3.73,0.3,14.93,20.21,-2.27,44.22,0.11,-16.61,9.52,6.99,0.21
300266.SZ,兴源环境,43.48,-57.36,-11.67,128.03,-250.04,-90.59,0.78,,0.0,1.31,-14.83,92.86,0.11,扣非亏损,扣非亏损,亏损,-0.89
301116.SZ,益客食品,49.21,-12.8,-13.96,3.34,-19.5,-17.96,-4.99,,0.0,-340.33,8.72,70.38,0.11,扣非亏损,扣非亏损,亏损,-0.89
301211.SZ,亨迪药业,51.24,183.58,514.04,2.27,0.02,0.92,0.61,,0.0,-99.14,-2.91,5.92,0.11,-176.36,43196.85,399.09,0.11
002811.SZ,郑中设计,42.41,25.54,43.15,3.29,9.68,11.72,7.1,1.68,78.12,59.23,-11.38,45.54,0.11,-3.79,4.46,2.18,0.33
301618.SZ,长联科技,16.37,98.87,109.78,4.72,2.91,3.6,3.47,0.21,36.6,-48.64,-1.53,19.44,0.11,-71.67,37.67,27.46,0.13
300815.SZ,玉禾田,89.36,15.87,18.63,2.07,9.71,10.03,7.09,,0.0,-15.28,14.24,49.95,0.11,1.31,3.84,3.16,0.37
688173.SH,希荻微,61.71,-61.03,-35.32,4.3,-5.44,-5.23,-6.04,,0.0,60.99,9.93,16.68,0.11,扣非亏损,扣非亏损,亏损,-0.89
300881.SZ,盛德鑫泰,26.76,25.36,27.76,4.69,14.22,13.44,6.18,,0.0,-19.18,35.34,63.91,0.11,0.79,3.9,3.77,0.36
002627.SZ,三峡旅游,66.62,58.8,79.3,2.17,3.0,2.77,2.57,,0.0,-10.96,-27.4,18.81,0.11,-2.89,52.9,42.45,0.12
920974.BJ,凯大催化,11.29,42.04,47.28,2.22,4.04,4.05,3.4,,0.0,178.83,-14.44,23.66,0.11,-3.27,23.43,20.76,0.15
002675.SZ,东诚药业,98.65,55.04,174.66,2.5,3.02,3.37,3.05,,0.0,-11.06,-9.8,41.35,0.11,-17.82,115.66,32.66,0.11
688584.SH,上海合晶,72.29,100.54,120.39,3.41,2.44,2.54,2.34,0.46,0.0,45.33,-4.66,12.44,0.11,-25.82,98.7,79.16,0.12
600207.SH,安彩高科,61.11,-12.82,-9.07,2.56,-14.34,-13.9,-5.34,,0.0,-228.7,10.62,61.89,0.11,扣非亏损,扣非亏损,亏损,-0.89
601116.SH,三江购物,80.4,52.66,76.63,2.5,2.75,3.56,2.7,,0.0,-10.32,-0.92,36.61,0.11,-83.48,55.74,29.61,0.12
301301.SZ,川宁生物,70.8,31.35,27.44,3.22,7.68,7.63,7.44,,0.0,-43.44,21.28,23.03,0.11,1.29,7.14,8.22,0.25
605011.SH,杭州热电,84.7,43.77,48.5,3.51,5.49,6.11,5.54,0.29,21.43,-14.2,4.1,30.39,0.11,11.82,8.83,7.16,0.22
300160.SZ,秀强股份,45.42,20.2,24.17,1.76,6.18,6.64,6.34,,0.0,-8.41,3.05,17.0,0.11,7.92,7.82,6.08,0.23
600368.SH,五洲交通,65.35,9.64,11.22,0.91,7.02,7.25,6.42,,0.0,-10.82,-4.54,32.85,0.11,-2.47,3.2,2.66,0.42
600829.SH,人民同泰,58.8,39.42,50.48,1.96,3.76,3.81,2.43,,0.0,-42.68,2.66,57.38,0.11,18.99,26.85,20.69,0.14
300195.SZ,长荣股份,27.81,423.07,269.82,1.4,0.21,0.25,0.68,,0.0,198.78,4.68,54.91,0.11,57.63,2609.51,3384.52,0.11
601609.SH,金田股份,182.03,23.2,29.94,1.83,4.32,6.85,4.28,,0.0,205.69,15.41,63.81,0.11,1.94,13.85,6.77,0.18
002860.SZ,星帅尔,46.89,20.44,32.18,2.12,7.78,8.42,6.04,,0.0,16.98,20.76,36.45,0.11,1.55,8.27,4.85,0.23
600531.SH,豫光金铅,186.23,22.5,22.86,3.22,10.18,10.72,5.64,,0.0,12.17,13.93,73.83,0.11,1.64,4.49,4.2,0.33
688496.SH,清越科技,15.61,-51.07,-40.4,3.01,-4.89,-4.26,-2.69,,0.0,9.78,9.22,40.01,0.11,扣非亏损,扣非亏损,亏损,-0.89
603899.SH,晨光股份,239.54,18.95,21.62,2.68,9.0,10.59,7.34,,0.0,-13.59,11.37,42.9,0.11,1.9,4.81,3.58,0.31
000875.SZ,电投绿能,267.73,27.84,84.1,1.66,4.47,4.56,2.97,0.73,10.0,-42.26,1.51,69.11,0.11,55.54,18.8,6.11,0.16
601002.SH,晋亿实业,52.49,24.19,25.18,1.24,3.78,3.83,3.55,,0.0,95.15,-5.96,15.46,0.11,-4.22,13.33,12.63,0.18
300074.SZ,华平股份,25.44,-40.37,-36.9,2.6,-5.06,-4.76,-3.58,,0.0,33.94,4.35,33.62,0.11,扣非亏损,扣非亏损,亏损,-0.89
002340.SZ,格林美,452.24,30.76,34.67,2.2,4.1,5.54,3.04,,0.0,2.65,21.63,64.96,0.11,1.6,16.92,11.1,0.16
300304.SZ,云意电气,119.72,27.86,31.65,3.67,9.69,10.39,9.23,0.26,11.54,10.1,25.83,22.14,0.1,1.23,3.27,2.68,0.41
603339.SH,四方科技,41.65,30.21,28.87,1.6,3.72,4.05,3.2,,0.0,-43.8,5.46,26.33,0.1,5.29,15.53,14.92,0.17
601158.SH,重庆水务,223.68,21.52,34.07,1.3,3.89,4.42,3.46,0.58,26.0,5.83,-1.0,51.37,0.1,-34.11,8.75,4.87,0.22
301300.SZ,远翔新材,18.37,35.39,38.5,3.75,8.02,7.96,7.08,1.65,62.33,97.44,5.87,15.48,0.1,6.55,4.8,4.45,0.31
300697.SZ,电工合金,32.4,40.94,41.52,5.67,10.84,10.58,7.71,,0.0,45.86,6.23,43.14,0.1,6.66,7.66,7.74,0.24
920656.BJ,海昇药业,5.51,26.04,30.26,2.49,6.84,7.33,7.95,,0.0,38.7,-14.37,3.26,0.1,-2.11,8.85,7.11,0.22
603939.SH,益丰药房,298.13,18.26,18.71,2.72,10.85,11.05,6.97,1.38,41.1,8.8,16.62,54.42,0.1,1.13,1.73,1.65,0.68
603209.SH,兴通股份,49.45,19.35,19.3,1.5,6.48,6.69,5.33,,0.0,-29.45,39.51,36.02,0.1,0.49,5.96,5.79,0.27
688455.SH,科捷智能,26.89,-48.76,-50.21,4.45,-7.48,-6.35,-2.25,,0.0,-3.51,6.94,77.59,0.1,扣非亏损,扣非亏损,亏损,-0.9
002225.SZ,濮耐股份,57.77,54.35,95.18,1.67,1.95,2.67,1.36,,0.0,-4.63,6.16,52.79,0.1,15.44,97.43,40.71,0.11
603917.SH,合力科技,28.46,86.57,-310.04,1.69,0.68,1.46,0.87,,0.0,261.9,-5.81,18.87,0.1,扣非亏损,危险信号,118.59,0.1
600722.SH,金牛化工,115.25,239.91,269.44,9.33,2.59,2.96,4.85,,0.0,-3.89,-2.88,8.03,0.1,-93.71,208.18,162.04,0.11
688118.SH,普元信息,29.45,-50.18,169.18,3.57,-6.47,-5.3,-5.72,,0.0,32.02,-0.73,11.04,0.1,-231.03,困境反转,亏损,0.16
600378.SH,昊华科技,368.96,27.02,34.62,2.47,6.92,7.01,5.39,,0.0,109.93,1.63,39.69,0.1,21.21,10.01,7.71,0.2
002391.SZ,长青股份,31.19,62.61,-45.13,1.02,1.05,1.23,1.2,,0.0,180.42,-1.53,54.01,0.1,扣非亏损,危险信号,101.8,0.09
600415.SH,小商品城,759.47,16.48,18.56,3.42,15.89,15.96,10.43,,0.0,48.59,37.95,50.86,0.1,0.49,2.34,2.06,0.53
300686.SZ,智动力,40.0,-46.86,-33.04,4.28,-6.27,-6.32,-3.15,,0.0,27.39,-9.59,51.84,0.1,扣非亏损,扣非亏损,亏损,-0.9
601969.SH,海南矿业,267.47,64.86,55.01,3.84,4.04,4.44,3.41,0.25,21.43,-40.04,0.34,45.91,0.1,161.43,13.63,14.61,0.18
301588.SZ,美新科技,18.47,79.06,67.96,3.2,2.96,3.03,3.24,,0.0,-34.52,6.24,46.77,0.1,10.89,45.94,52.18,0.13
300645.SZ,正元智慧,26.32,294.92,705.68,2.6,0.57,0.62,0.99,,0.0,4.64,8.32,55.42,0.1,84.84,2478.68,951.35,0.1
920675.BJ,秉扬科技,9.09,31.78,43.07,3.19,7.49,7.65,5.85,,0.0,-8.16,27.49,39.35,0.1,1.57,11.5,8.31,0.19
603538.SH,美诺华,54.85,43.73,67.25,2.49,3.83,4.26,3.11,,0.0,64.66,4.05,49.05,0.1,16.6,35.1,20.53,0.13
603042.SH,华脉科技,32.62,-67.23,-87.12,3.78,-5.05,-4.13,-1.78,,0.0,-150.1,-8.45,40.16,0.1,扣非亏损,扣非亏损,亏损,-0.9
300822.SZ,贝仕达克,44.62,111.68,175.07,3.82,2.56,2.56,1.87,0.19,0.0,-43.89,-7.54,19.66,0.1,-23.22,136.75,87.25,0.11
002040.SZ,南京港,52.16,27.9,32.2,1.55,4.09,4.23,4.64,,0.0,16.99,4.88,25.06,0.1,6.6,15.73,13.19,0.17
688082.SH,盛美上海,669.76,52.79,60.41,5.47,10.57,15.25,8.73,0.35,0.0,49.48,52.36,27.08,0.1,1.15,11.43,6.92,0.19
301220.SZ,亚香股份,33.84,30.4,57.16,2.8,4.39,7.16,6.25,,0.0,69.86,9.78,28.86,0.1,5.84,26.03,8.49,0.14
603987.SH,康德莱,40.23,15.59,16.96,1.51,7.24,7.34,6.11,,0.0,16.06,-9.48,28.0,0.1,-1.79,4.68,4.25,0.32
603903.SH,中持股份,30.46,48.0,-36.93,1.95,2.94,3.09,2.23,,0.0,620.08,-8.09,60.69,0.1,扣非亏损,危险信号,31.07,0.06
688605.SH,先锋精科,67.39,58.34,63.3,7.8,10.35,10.47,8.89,,0.0,-8.48,44.42,25.85,0.1,1.42,12.23,11.14,0.19
300019.SZ,硅宝科技,82.41,28.8,31.54,3.29,7.75,8.74,6.46,,0.0,37.56,7.79,34.27,0.1,4.05,8.14,6.59,0.23
000796.SZ,凯撒旅业,70.66,-238.53,-78.42,10.27,-6.18,-3.65,0.05,,0.0,-91.5,11.59,50.16,0.1,扣非亏损,扣非亏损,亏损,-0.9
000715.SZ,中兴商业,32.77,36.02,33.81,1.67,2.95,3.52,2.94,,0.0,29.28,-3.02,27.1,0.1,-11.2,22.96,20.47,0.15
600301.SH,华锡有色,161.21,56.2,62.09,8.24,11.41,11.64,12.74,,0.0,-7.09,33.25,35.03,0.1,1.87,10.88,9.66,0.2
002581.SZ,ST未名,31.46,-56.45,-24.35,2.77,-4.48,-3.62,-4.79,,0.0,-613.23,-2.37,10.0,0.1,扣非亏损,扣非亏损,亏损,-0.9
603351.SH,威尔药业,35.54,23.37,24.84,2.02,6.38,6.55,5.7,,0.0,6.97,7.61,31.69,0.1,3.27,7.78,7.14,0.23
688179.SH,阿拉丁,59.31,102.82,71.28,5.57,5.37,5.03,4.91,0.56,0.0,-19.78,23.48,51.06,0.1,3.04,26.57,40.88,0.14
002107.SZ,沃华医药,38.05,40.16,41.74,5.31,8.82,8.77,6.69,4.26,150.0,187.87,-6.25,27.21,0.1,-6.68,4.73,4.58,0.31
688373.SH,盟科药业,35.73,-15.0,-10.87,15.03,-57.6,-55.57,-23.74,,0.0,33.93,220.38,64.57,0.1,扣非亏损,扣非亏损,亏损,-0.9
920826.BJ,盖世食品,7.28,34.38,38.78,4.35,9.14,10.03,7.36,,0.0,25.57,16.47,33.06,0.1,2.35,8.49,6.86,0.22
300877.SZ,金春股份,37.33,37.91,213.37,2.24,0.98,4.6,4.44,,0.0,48.22,5.67,14.14,0.1,37.61,436.71,16.48,0.11
301629.SZ,矽电股份,29.39,351.86,,10.09,2.34,2.46,1.74,,0.0,,9.09,16.32,0.1,,,286.07,0.11
300075.SZ,数字政通,69.89,-121.01,-16.65,2.42,-1.84,-1.49,-1.72,,0.0,-439.1,-19.55,14.19,0.1,扣非亏损,扣非亏损,亏损,-0.9
920098.BJ,科隆新材,15.65,33.61,35.81,2.45,5.19,5.55,5.27,,0.0,-26.31,16.3,17.2,0.1,2.2,13.81,12.11,0.18
301081.SZ,严牌股份,27.75,153.22,243.51,2.69,1.05,1.35,1.03,,0.0,-72.57,3.61,52.61,0.1,67.41,465.95,227.0,0.11
300922.SZ,天秦装备,26.12,89.38,85.18,3.56,2.95,3.0,2.47,,0.0,0.91,5.01,10.87,0.1,17.02,57.74,59.59,0.12
688251.SH,井松智能,33.49,313.44,347.49,4.03,0.39,0.96,0.62,,0.0,-89.34,16.0,49.54,0.1,21.72,1769.29,653.0,0.1
300402.SZ,宝色股份,51.87,78.51,103.71,3.51,3.05,3.4,1.68,,0.0,-14.09,11.06,38.19,0.1,9.38,67.99,46.18,0.12
301323.SZ,新莱福,36.0,40.34,42.84,2.6,4.52,4.89,4.25,0.18,15.38,-5.53,4.72,6.49,0.1,9.08,9.48,8.25,0.21
601058.SH,赛轮轮胎,470.53,12.29,12.76,2.23,13.91,13.93,8.52,0.93,26.79,-9.73,20.91,50.26,0.1,0.61,0.92,0.88,1.19
603610.SH,麒盛科技,70.25,35.84,41.43,2.23,4.8,4.72,3.95,,0.0,-11.89,0.54,31.48,0.1,77.34,17.27,15.19,0.16
001323.SZ,慕思股份,82.17,18.45,19.16,2.6,8.2,10.12,7.17,1.73,49.45,-25.29,-4.64,42.62,0.1,-4.13,2.34,1.82,0.53
300992.SZ,泰福泵业,25.43,139.26,3301.16,3.62,1.24,1.9,0.36,,0.0,-26.83,10.57,49.32,0.1,312.2,5324.45,146.59,0.1
300349.SZ,金卡智能,54.47,22.3,26.74,1.39,4.07,4.66,3.3,,0.0,-29.98,10.5,38.24,0.1,2.55,13.16,9.57,0.18
920896.BJ,旺成科技,8.28,31.05,33.06,4.41,10.57,10.8,8.56,,0.0,118.73,-1.28,27.52,0.1,-25.8,6.25,5.75,0.26
688511.SH,*ST天微,29.67,86.91,152.3,3.51,3.51,4.32,4.07,1.05,0.0,4452.61,-21.25,11.26,0.1,-7.17,86.68,40.24,0.11
300487.SZ,蓝晓科技,238.53,45.37,48.91,9.84,15.79,15.71,12.07,0.29,20.45,10.56,30.98,34.5,0.1,1.58,3.1,2.89,0.42
920608.BJ,丰安股份,7.2,31.4,39.84,2.4,4.87,5.68,5.53,,0.0,5.45,4.7,13.88,0.1,8.48,16.35,11.06,0.16
300608.SZ,思特奇,34.28,-16.76,-53.83,2.96,-12.49,-12.19,-6.71,,0.0,-15.16,-1.09,40.55,0.1,扣非亏损,扣非亏损,亏损,-0.9
300791.SZ,仙乐健康,53.1,18.35,18.96,2.6,9.47,10.07,5.74,,0.0,3.42,22.09,53.22,0.1,0.86,4.0,3.64,0.35
601015.SH,陕西黑猫,107.03,-10.76,-8.3,1.9,-13.39,-12.41,-3.62,,0.0,-20.04,-6.22,62.02,0.1,扣非亏损,扣非亏损,亏损,-0.9
000792.SZ,盐湖股份,2095.45,34.9,35.98,5.1,11.58,12.46,11.32,,0.0,46.37,16.13,13.97,0.1,2.23,6.22,5.6,0.26
003000.SZ,劲仔食品,32.81,20.84,22.49,3.61,10.31,12.01,8.76,0.88,39.81,-25.01,29.88,39.14,0.1,0.75,2.18,1.74,0.56
920504.BJ,博迅生物,4.13,91.98,76.92,5.24,3.55,4.34,3.8,,0.0,-0.87,-8.31,21.57,0.1,-9.25,43.39,42.39,0.12
000887.SZ,中鼎股份,253.54,14.57,20.06,1.8,8.41,9.61,6.72,0.22,8.06,20.14,13.66,46.34,0.1,1.47,2.38,1.52,0.52
001223.SZ,欧克科技,48.95,39.92,95.5,2.51,4.46,4.82,4.91,,0.0,90.34,-4.14,22.25,0.1,-23.09,42.85,16.57,0.13
603929.SH,亚翔集成,300.47,33.68,34.26,13.04,23.88,23.06,11.84,2.77,133.33,0.8,36.93,62.21,0.1,0.93,1.43,1.46,0.8
003001.SZ,中岩大地,20.07,109.11,75.81,2.76,1.65,1.89,1.19,,0.0,-47.24,-15.57,30.59,0.1,-4.87,92.16,115.46,0.11
002755.SZ,奥赛康,136.07,45.7,64.83,4.25,5.93,7.13,4.82,,0.0,81.89,-13.16,26.25,0.1,-4.93,21.87,12.82,0.15
300826.SZ,测绘股份,28.69,111.86,509.14,2.21,0.96,1.47,1.04,,0.0,23.63,-4.16,44.24,0.1,-122.31,1065.49,152.2,0.1
002469.SZ,三维化学,63.52,32.03,23.71,2.5,5.71,5.7,4.82,1.2,53.91,6.86,-0.96,21.05,0.1,-24.7,4.15,5.62,0.34
300078.SZ,思创智联,48.43,-765.84,-15.57,8.42,-27.25,-0.82,1.0,,0.0,45.03,-8.44,41.42,0.1,扣非亏损,扣非亏损,亏损,-0.9
002522.SZ,浙江众成,55.84,87.89,80.96,2.42,1.67,2.08,0.77,,0.0,-0.76,-1.47,35.6,0.1,-55.06,96.96,84.51,0.11
003013.SZ,地铁设计,58.39,14.27,12.3,2.26,12.06,12.26,6.61,,0.0,15.91,4.91,51.05,0.1,2.51,2.04,2.33,0.59
301557.SZ,常友科技,19.15,62.96,,4.72,6.55,6.0,4.36,,0.0,,19.23,48.57,0.1,,,20.99,0.15
002689.SZ,ST远智,40.05,71.85,82.87,3.28,1.77,3.49,2.4,,0.0,144.5,15.15,35.79,0.1,5.47,93.38,41.17,0.11
002033.SZ,丽江股份,51.76,20.23,23.67,2.04,7.62,7.56,8.62,,0.0,0.23,47.3,10.82,0.1,0.5,6.21,5.35,0.26
601168.SH,西部矿业,715.38,18.22,23.22,4.05,16.68,16.94,11.37,0.14,0.0,4.83,8.85,57.92,0.1,2.62,2.78,2.15,0.46
002211.SZ,ST宏达,16.04,-112.95,-128.01,118.26,-18.58,-56.38,-2.86,,0.0,66.27,-7.25,96.43,0.1,扣非亏损,扣非亏损,亏损,-0.9
003042.SZ,中农联合,23.37,-43.78,-22.93,1.99,-3.5,-3.36,-0.54,,0.0,22.57,8.57,66.39,0.1,扣非亏损,扣非亏损,亏损,-0.9
600035.SH,楚天高速,64.73,8.54,10.57,0.73,5.94,6.45,4.39,,0.0,-17.61,12.07,51.45,0.1,0.88,3.56,2.65,0.38
002980.SZ,华盛昌,35.63,76.92,74.2,6.17,5.7,5.93,4.48,,0.0,-39.92,4.48,26.09,0.1,16.57,26.01,25.94,0.14
603051.SH,鹿山新材,36.29,232.93,-151.05,2.25,-0.34,0.75,0.86,,0.0,-129.82,12.45,36.46,0.1,扣非亏损,扣非亏损,621.14,-0.9
603997.SH,继峰股份,166.54,49.74,63.6,3.23,5.52,5.13,2.15,,0.0,150.06,9.99,75.63,0.1,6.37,23.06,19.39,0.14
603041.SH,美思德,24.83,41.24,110.68,1.65,2.5,3.01,3.04,,0.0,-46.36,7.07,15.16,0.1,15.65,88.41,27.4,0.11
688131.SH,皓元医药,139.67,44.26,51.24,4.63,7.45,7.92,5.63,0.11,11.11,72.26,33.1,48.38,0.1,1.55,6.88,5.59,0.25
002053.SZ,云南能投,116.38,38.47,36.82,1.57,2.79,3.06,2.18,,0.0,-62.48,11.73,50.85,0.1,3.14,26.42,25.14,0.14
300145.SZ,南方泵业,100.89,26.76,49.26,3.45,8.82,10.23,3.96,,0.0,24.33,-0.76,60.87,0.1,-65.18,11.17,5.23,0.19
600869.SH,远东股份,296.95,132.83,-209.27,6.97,2.88,3.85,2.16,,0.0,209.31,7.79,79.77,0.1,扣非亏损,危险信号,69.0,0.09
920016.BJ,中草香料,6.58,66.99,96.56,3.9,3.3,4.43,3.97,,0.0,-39.51,14.26,40.38,0.1,6.77,58.46,30.24,0.12
002587.SZ,奥拓电子,38.14,220.89,2833.02,3.51,1.3,1.2,0.26,,0.0,175.44,-7.78,31.55,0.1,-364.13,4356.48,368.15,0.1
300417.SZ,南华仪器,12.57,-8046.41,-519.34,4.21,-0.31,-0.04,-0.41,,0.0,89.22,-10.43,9.87,0.1,扣非亏损,扣非亏损,亏损,-0.9
603270.SH,金帝股份,17.77,38.05,50.16,2.45,4.45,4.92,3.2,0.74,14.29,36.29,14.28,47.38,0.1,3.51,11.27,7.73,0.19
603071.SH,物产环能,82.35,13.65,12.76,1.46,7.76,8.03,6.25,0.76,0.0,-9.03,-8.88,42.12,0.1,-1.44,3.29,3.4,0.4
605155.SH,西大门,33.01,28.83,29.69,2.55,6.24,6.75,7.05,,0.0,-4.66,21.04,6.89,0.1,1.41,9.52,8.54,0.21
001322.SZ,箭牌家居,67.41,191.22,215.71,1.76,0.22,0.67,0.44,,0.0,923.23,-5.08,48.68,0.1,-42.48,1979.86,570.79,0.1
920266.BJ,生物谷,10.49,-23.18,-9.35,1.23,-4.38,-3.91,-2.95,,0.0,-1443.16,-2.45,17.25,0.1,扣非亏损,扣非亏损,亏损,-0.9
300002.SZ,神州泰岳,195.23,21.53,20.59,2.74,9.53,9.9,10.31,,0.0,-16.42,14.56,11.09,0.1,1.41,4.32,4.35,0.33
301320.SZ,豪江智能,12.2,135.27,241.68,3.07,1.15,1.71,1.51,,0.0,-66.44,3.4,30.07,0.1,71.18,418.82,158.21,0.1
002714.SZ,牧原股份,1896.4,14.59,12.5,3.79,20.78,19.26,9.25,1.83,47.32,37.9,23.82,55.5,0.1,0.52,0.6,0.76,1.76
301456.SZ,盘古智能,19.81,60.96,100.69,2.24,2.12,2.8,2.79,,0.0,9.24,13.99,8.96,0.1,7.2,94.97,43.54,0.11
601086.SH,国芳集团,59.54,73.31,96.74,3.74,2.94,3.82,3.05,,0.0,-18.96,-5.15,42.76,0.1,-18.8,65.88,38.38,0.12
000676.SZ,智度股份,102.99,64.79,89.24,2.41,2.32,2.83,2.5,,0.0,50.44,-10.02,13.27,0.1,-8.91,77.06,45.79,0.11
300705.SZ,九典制药,54.3,13.59,16.45,2.79,15.03,14.85,13.1,,0.0,-6.47,22.5,26.58,0.1,0.73,2.19,1.83,0.56
300694.SZ,蠡湖股份,28.09,116.19,90.38,2.03,1.34,1.31,0.96,,0.0,-58.56,3.13,30.99,0.1,28.84,135.05,177.39,0.11
000952.SZ,广济药业,25.94,-20.15,-11.22,2.71,-10.0,-9.54,-2.66,,0.0,40.89,-6.46,62.67,0.1,扣非亏损,扣非亏损,亏损,-0.9
601216.SH,君正集团,540.03,14.47,17.35,1.87,9.42,9.97,7.58,,0.0,25.75,10.72,30.22,0.1,1.62,3.68,2.9,0.37
605299.SH,舒华体育,51.73,57.98,59.54,4.06,2.62,2.74,2.03,1.74,0.0,-3.78,-2.87,38.12,0.1,-20.76,45.39,42.32,0.12
000905.SZ,厦门港务,86.79,42.19,56.34,1.71,3.14,3.89,3.04,0.65,28.92,119.66,-2.0,51.54,0.1,-28.21,17.94,10.84,0.16
301617.SZ,博苑股份,32.78,46.76,48.03,4.89,7.77,7.93,8.07,0.26,26.99,-22.45,36.73,9.93,0.1,1.31,6.18,5.9,0.26
603055.SH,台华新材,90.12,16.2,28.73,1.76,4.74,8.15,5.2,,0.0,-53.74,20.34,54.71,0.1,1.41,12.13,3.97,0.18
688101.SH,三达膜,57.8,14.55,15.58,1.33,6.9,7.1,6.03,2.55,0.0,45.74,6.84,28.59,0.1,2.28,4.51,4.1,0.32
600232.SH,金鹰股份,32.02,285.2,-143.6,3.41,0.76,0.88,1.24,,0.0,-85.27,2.8,47.43,0.1,扣非亏损,危险信号,645.97,0.1
605336.SH,帅丰电器,26.25,668.29,335.76,1.4,-0.34,0.15,-0.62,,0.0,-119.54,-21.24,7.83,0.1,-15.81,-1958.92,8910.6,0.1
605305.SH,中际联合,93.79,16.04,19.96,3.29,15.25,15.91,14.06,0.89,30.08,93.26,15.43,22.34,0.1,1.29,1.31,1.01,0.86
600173.SH,卧龙新能,55.19,54.65,-521.87,1.44,1.39,1.91,2.69,,0.0,-62.76,21.84,44.74,0.1,扣非亏损,危险信号,57.23,0.1
600792.SH,云煤能源,54.72,-22.58,-9.44,1.92,-7.87,-6.2,-1.26,,0.0,27.7,4.0,66.17,0.1,扣非亏损,扣非亏损,亏损,-0.9
002517.SZ,恺英网络,364.03,19.5,22.39,4.03,18.14,20.78,15.16,,0.0,18.65,30.43,22.43,0.1,0.74,2.47,1.88,0.5
920519.BJ,万德股份,8.08,76.81,93.56,2.24,1.52,2.18,2.03,,0.0,-63.79,1.46,10.71,0.1,64.2,122.97,70.47,0.11
002938.SZ,鹏鼎控股,1180.79,36.92,30.81,3.63,6.93,7.47,5.63,,0.0,16.37,2.28,31.42,0.1,13.52,8.89,9.89,0.21
000630.SZ,铜陵有色,774.44,39.48,53.65,2.58,4.98,5.18,6.4,0.83,45.45,-35.29,3.89,52.18,0.1,13.79,10.78,7.62,0.19
301056.SZ,森赫股份,27.02,55.41,64.59,4.99,5.95,6.57,4.03,1.19,0.0,-34.44,7.82,37.35,0.1,8.26,21.71,16.87,0.15
000612.SZ,焦作万方,166.19,15.52,15.37,2.31,13.73,13.68,13.81,2.95,0.0,67.04,10.97,14.03,0.1,1.4,2.24,2.27,0.55
300566.SZ,激智科技,46.61,24.18,34.4,2.55,7.07,8.05,5.43,,0.0,3.3,4.55,43.13,0.1,7.56,9.74,6.01,0.2
300935.SZ,盈建科,19.61,-40.88,-36.88,3.26,-6.59,-5.81,-6.64,,0.0,-16.4,-16.01,5.47,0.1,扣非亏损,扣非亏损,亏损,-0.9
300341.SZ,麦克奥迪,82.1,42.89,47.87,4.28,7.23,7.72,4.99,,0.0,16.31,-0.76,25.14,0.1,-63.15,13.23,11.11,0.17
688266.SH,泽璟制药,208.99,-167.79,-111.59,18.19,-10.04,-7.78,-4.1,,0.0,-15.42,41.52,61.87,0.1,扣非亏损,扣非亏损,亏损,-0.9
002644.SZ,佛慈制药,45.3,89.21,145.95,2.49,1.32,2.0,1.59,,0.0,-5.45,6.84,26.86,0.1,21.35,221.41,89.21,0.1
688458.SH,美芯晟,32.28,307.54,-95.26,2.28,-0.17,0.55,-0.04,,0.0,94.0,3.74,5.98,0.1,扣非亏损,扣非亏损,1118.34,-0.9
002708.SZ,光洋股份,65.67,84.26,121.47,4.22,3.36,3.81,2.12,,0.0,58.93,13.64,54.31,0.1,8.9,72.28,44.23,0.11
301131.SZ,聚赛龙,17.36,48.3,50.99,2.87,4.15,4.45,2.65,0.41,44.23,49.41,9.7,56.36,0.1,5.26,12.28,10.85,0.18
000949.SZ,新乡化纤,124.4,70.05,93.83,1.88,1.44,2.03,1.84,,0.0,-51.42,-5.45,50.42,0.1,-17.23,130.67,69.02,0.11
600789.SH,鲁抗医药,79.62,49.19,46.78,2.34,3.12,3.57,2.5,,0.0,-7.95,8.31,53.44,0.1,5.63,29.99,27.56,0.13
002885.SZ,京泉华,68.58,83.97,158.29,5.47,3.69,5.0,2.51,,0.0,71.55,17.27,56.32,0.1,9.17,85.81,33.59,0.11
688105.SH,诺唯赞,79.98,906.83,-82.68,2.08,-1.11,0.17,-0.26,,0.0,-45.37,11.39,23.28,0.1,扣非亏损,扣非亏损,10668.56,-0.9
603307.SH,扬州金泉,26.75,23.7,27.26,1.95,5.33,6.11,5.62,1.02,41.24,-29.27,6.2,14.96,0.1,4.39,5.11,3.88,0.29
688056.SH,莱伯泰科,25.56,58.89,85.42,3.18,3.4,4.0,3.65,,0.0,-3.65,5.12,11.55,0.1,16.69,50.31,29.45,0.12
002660.SZ,茂硕电源,32.14,-43.27,-84.47,2.78,-5.25,-4.57,-4.37,,0.0,-318.8,-7.17,38.76,0.1,扣非亏损,扣非亏损,亏损,-0.9
600629.SH,华建集团,207.21,100.3,138.48,3.98,1.76,2.98,1.21,,0.0,-59.39,-1.64,62.99,0.1,-84.66,157.65,67.32,0.1
920405.BJ,海希通讯,26.68,53.02,62.76,4.2,6.0,6.02,3.82,0.43,20.33,33.45,33.99,51.93,0.1,1.85,10.45,8.81,0.19
301667.SZ,纳百川,19.07,121.83,96.85,13.76,7.92,8.86,3.43,,0.0,22.93,45.02,63.47,0.1,2.15,24.47,27.5,0.14
003031.SZ,中瓷电子,285.05,63.95,65.81,6.01,6.81,7.15,6.45,,0.0,35.28,11.41,18.35,0.1,5.77,19.31,17.89,0.15
002443.SZ,金洲管道,49.71,39.85,27.24,1.46,2.47,2.7,2.7,,0.0,-8.57,-12.95,21.67,0.1,-2.1,22.08,29.52,0.14
688114.SH,华大智造,222.87,-140.57,-58.46,2.9,-2.92,-1.53,-2.26,,0.0,54.17,-6.67,23.69,0.1,扣非亏损,扣非亏损,亏损,-0.9
301225.SZ,恒勃股份,34.39,94.73,94.05,7.76,5.82,6.28,5.49,,0.0,8.65,10.97,22.92,0.1,8.57,32.33,30.17,0.13
002233.SZ,塔牌集团,113.1,14.44,27.82,0.94,2.59,4.91,5.49,,0.0,26.82,-17.59,8.99,0.1,-1.58,21.44,5.88,0.14
603718.SH,海利生物,31.54,116.88,100.6,2.07,1.06,1.29,2.2,,0.0,471.11,-6.93,5.88,0.1,-14.52,188.98,181.21,0.1
920627.BJ,力王股份,10.84,111.52,80.29,4.85,3.24,3.27,1.89,,0.0,-17.93,15.24,42.28,0.1,5.27,49.6,68.21,0.12
603189.SH,网达软件,51.65,645.7,-3450.15,3.43,0.07,0.4,0.1,,0.0,-77.23,-2.03,6.09,0.1,扣非亏损,危险信号,3228.51,0.1
300775.SZ,三角防务,196.95,40.52,48.85,3.47,5.91,6.36,4.71,,0.0,31.65,17.03,30.02,0.1,2.87,16.53,12.74,0.16
000663.SZ,永安林业,21.93,-91.43,-33.36,2.41,-2.29,-1.96,-1.37,,0.0,53.36,-4.11,29.8,0.1,扣非亏损,扣非亏损,亏损,-0.9
301622.SZ,英思特,41.35,46.71,55.24,4.89,7.02,8.1,5.87,,0.0,-14.43,25.85,36.16,0.1,2.14,15.75,11.53,0.16
002251.SZ,步步高,98.58,40.95,-17.74,1.5,-0.35,2.81,2.12,,0.0,91.06,-29.26,61.07,0.1,扣非亏损,扣非亏损,29.15,-0.9
300033.SZ,同花顺,996.38,53.37,56.06,18.02,15.13,16.1,11.69,1.61,10.75,85.5,6.34,34.49,0.1,8.85,3.71,3.31,0.37
600233.SH,圆通速递,708.47,18.47,18.66,2.12,8.53,8.8,6.96,,0.0,-1.7,15.33,34.48,0.1,1.22,4.38,4.2,0.33
600882.SH,妙可蓝多,105.68,45.05,101.2,2.29,2.65,3.9,3.5,,0.0,92.44,-5.77,45.4,0.1,-17.54,76.34,23.1,0.11
688225.SH,亚信安全,80.96,-15.18,-76.75,4.56,-15.44,-20.24,-4.35,,0.0,-41.64,40.07,49.57,0.1,扣非亏损,扣非亏损,亏损,-0.9
603860.SH,中公高科,21.88,338.13,51.31,2.74,0.56,0.6,0.2,,0.0,15.41,8.75,12.62,0.1,5.86,182.47,1127.11,0.1
002984.SZ,森麒麟,136.31,14.62,14.12,1.46,7.27,7.36,6.33,1.42,46.15,-42.18,18.23,24.92,0.1,0.77,1.94,1.99,0.61
002564.SZ,天沃科技,60.55,78.81,70.93,30.77,40.76,34.4,2.86,,0.0,269.45,-27.62,91.84,0.1,-2.57,3.48,4.58,0.38
300619.SZ,金银河,62.01,470.76,-113.56,4.7,0.56,0.75,1.44,,0.0,149.41,16.33,62.2,0.1,扣非亏损,危险信号,1255.36,0.1
688076.SH,ST诺泰,101.39,17.11,20.69,3.26,15.15,15.41,8.99,,0.0,23.2,39.02,53.15,0.1,0.53,2.73,2.22,0.46
601179.SH,中国西电,904.72,72.3,79.46,4.0,4.14,4.2,2.71,0.52,39.17,18.17,14.98,46.26,0.1,5.31,19.21,17.2,0.15
300717.SZ,华信新材,22.82,42.3,41.52,3.18,5.56,5.7,4.63,0.53,0.0,19.07,-0.38,25.98,0.1,-108.44,14.95,14.84,0.16
002246.SZ,北化股份,132.43,52.72,77.03,4.42,5.56,6.47,4.29,0.14,0.0,277.19,-9.43,35.56,0.1,-8.17,27.69,16.3,0.13
300885.SZ,海昌新材,38.53,100.77,93.64,6.51,4.48,4.88,4.73,,0.0,-7.23,1.46,6.45,0.1,64.15,41.76,41.3,0.12
000062.SZ,深圳华强,273.88,56.94,107.98,3.99,4.85,5.15,4.28,1.62,88.77,38.43,-0.85,53.25,0.1,-126.57,22.28,11.06,0.14
688302.SH,海创药业,40.99,-31.01,-24.1,3.72,-10.46,-8.65,-7.66,,0.0,28.35,,19.24,0.1,扣非亏损,扣非亏损,亏损,-0.9
300982.SZ,苏文电能,51.96,413.62,-317.02,1.91,0.14,0.34,0.47,0.5,58.82,-90.23,4.36,32.45,0.1,扣非亏损,危险信号,1216.54,0.1
300451.SZ,创业慧康,76.03,-47.34,-20.07,1.79,-3.26,-2.8,-2.01,,0.0,-382.12,-8.58,20.27,0.1,扣非亏损,扣非亏损,亏损,-0.9
300592.SZ,华凯易佰,44.8,78.82,499.38,2.25,1.51,2.1,0.92,,0.0,-81.12,66.29,41.69,0.1,7.53,660.47,75.06,0.1
600917.SH,重庆燃气,89.45,47.97,42.75,1.56,2.22,2.45,2.08,0.2,16.18,-50.65,9.25,42.97,0.1,4.62,19.28,19.58,0.15
300706.SZ,阿石创,42.2,-138.56,-72.18,8.11,-4.04,-4.31,-1.05,,0.0,-449.68,25.07,64.85,0.1,扣非亏损,扣非亏损,亏损,-0.9
688596.SH,正帆科技,90.45,95.14,45.13,2.53,0.6,1.97,0.86,,0.0,-93.11,43.89,67.85,0.1,1.03,151.43,96.58,0.1
688667.SH,菱电电控,51.59,51.78,74.53,3.0,3.9,4.48,3.43,,0.0,2456.57,15.17,18.35,0.1,4.91,38.2,23.12,0.12
002460.SZ,赣锋锂业,848.32,4315.19,-99.77,3.53,-2.26,0.06,0.56,,0.0,-163.43,70.29,57.59,0.1,扣非亏损,扣非亏损,143839.55,-0.9
000708.SZ,中信特钢,877.2,15.19,15.88,2.11,10.34,10.29,5.43,1.22,36.36,14.71,3.82,60.28,0.1,4.16,1.54,1.48,0.75
002793.SZ,罗欣药业,52.23,171.13,-10.93,3.6,0.35,1.62,2.36,,0.0,101.73,-22.25,61.65,0.1,扣非亏损,危险信号,211.27,0.08
002472.SZ,双环传动,288.49,27.09,28.53,3.37,9.19,9.77,6.53,0.38,26.47,19.22,17.89,44.92,0.1,1.59,3.1,2.77,0.42
002891.SZ,中宠股份,132.16,29.74,28.28,4.57,12.15,12.38,8.85,0.39,29.24,33.5,15.75,42.05,0.1,1.8,2.33,2.4,0.53
002523.SZ,天桥起重,61.54,54.37,81.56,2.47,2.21,3.49,1.82,,0.0,567.17,1.88,44.47,0.1,43.27,73.88,31.16,0.11
002008.SZ,大族激光,657.27,61.45,110.91,4.17,3.43,5.02,2.85,,0.0,51.46,-3.13,50.71,0.1,-35.46,64.6,24.48,0.11
605167.SH,利柏特,78.0,32.87,36.55,3.95,8.98,9.28,5.37,,0.0,-8.12,27.63,55.91,0.1,1.32,8.14,7.08,0.22
301072.SZ,中捷精工,16.46,-69.97,-59.9,3.44,-3.43,-3.62,-2.8,,0.0,-420.73,6.28,43.29,0.1,扣非亏损,扣非亏损,亏损,-0.9
603508.SH,思维列控,99.89,18.9,16.27,2.6,9.23,8.51,9.37,7.55,262.5,19.89,13.07,7.21,0.1,1.24,1.76,2.22,0.66
300654.SZ,世纪天鸿,39.45,119.15,143.45,4.8,2.38,3.03,3.04,,0.0,-26.26,9.03,26.66,0.1,15.89,120.67,78.64,0.1
600960.SH,渤海汽车,51.8,18.49,-4.58,1.4,-1.49,5.86,4.46,,0.0,73.36,-0.91,41.55,0.1,扣非亏损,扣非亏损,6.31,-0.9
301585.SZ,蓝宇股份,20.56,49.59,52.72,3.25,4.48,4.95,4.68,,0.0,-45.7,20.73,16.68,0.1,2.54,23.53,20.03,0.14
920118.BJ,太湖远大,7.37,41.26,30.0,2.12,3.65,3.61,2.31,,0.0,-53.31,14.67,57.76,0.1,2.04,16.42,22.86,0.16
600010.SH,包钢股份,900.63,419.14,182.03,2.5,0.36,0.45,1.13,,0.0,132.67,-7.33,60.46,0.1,-24.83,1016.63,1862.87,0.1
301380.SZ,挖金客,27.45,96.77,63.78,4.74,3.27,3.67,3.5,,0.0,-24.75,14.69,45.13,0.1,4.34,38.98,52.74,0.12
002026.SZ,山东威达,61.05,19.93,21.44,1.62,5.28,6.16,4.1,0.33,0.0,13.52,-11.9,19.74,0.1,-1.8,8.12,6.47,0.22
603072.SH,天和磁材,50.43,66.09,82.87,4.93,4.77,5.74,3.88,,0.0,-4.46,15.87,32.19,0.1,5.22,34.72,23.03,0.12
603719.SH,良品铺子,42.55,-26.09,-19.54,2.11,-6.86,-5.72,-3.36,,0.0,-4546.37,-8.18,45.46,0.1,扣非亏损,扣非亏损,亏损,-0.9
688287.SH,*ST观典,14.71,-15.31,-13.93,1.92,-7.36,-8.98,-8.9,,0.0,8.54,-19.36,10.77,0.1,扣非亏损,扣非亏损,亏损,-0.9
603956.SH,威派格,34.88,-35.51,-22.73,1.76,-4.54,-3.86,-2.59,,0.0,50.53,1.73,36.2,0.1,扣非亏损,扣非亏损,亏损,-0.9
002905.SZ,金逸影视,34.59,147.19,-29.72,39.23,-23.8,22.34,2.93,,0.0,87.67,-1.16,96.42,0.1,扣非亏损,扣非亏损,13.18,-0.9
002578.SZ,闽发铝业,36.51,-367.89,-169.43,2.62,-0.67,-0.53,-0.3,,0.0,-146.79,1.51,39.4,0.1,扣非亏损,扣非亏损,亏损,-0.9
920641.BJ,格利尔,9.02,68.43,-200.51,4.18,0.3,4.62,3.84,,0.0,359.94,6.15,41.65,0.1,扣非亏损,危险信号,29.62,0.09
300443.SZ,金雷股份,79.8,25.87,31.73,1.67,4.74,4.94,4.87,0.36,16.94,117.02,6.08,9.69,0.1,5.22,6.69,5.24,0.25
301633.SZ,港迪技术,16.84,63.54,50.78,4.02,4.02,4.7,3.58,,0.0,-34.91,12.06,23.35,0.1,4.21,25.27,27.04,0.14
300041.SZ,回天新材,65.94,23.55,56.05,2.34,6.24,7.43,4.72,,0.0,60.37,11.0,53.71,0.1,5.1,17.96,6.34,0.15
002324.SZ,普利特,130.88,43.27,78.99,4.1,7.27,7.29,3.42,,0.0,68.28,21.03,62.68,0.1,3.76,21.74,11.87,0.14
002662.SZ,峰璟股份,60.45,22.26,26.06,1.37,4.55,4.7,4.72,,0.0,-37.66,-3.82,23.58,0.1,-6.83,11.45,9.47,0.18
002470.SZ,金正大,105.8,-269.22,-31.37,5.15,-1.59,-1.44,0.67,,0.0,-48.56,-3.27,81.72,0.1,扣非亏损,扣非亏损,亏损,-0.9
688663.SH,新风光,87.86,79.36,63.93,6.43,5.75,6.03,2.65,,0.0,-29.79,27.16,59.16,0.1,2.35,22.24,26.32,0.14
603798.SH,康普顿,35.83,49.07,71.85,3.1,4.28,4.71,4.74,,0.0,6.44,3.96,12.34,0.1,18.15,33.58,20.84,0.13
301307.SZ,美利信,45.41,-30.64,-25.32,3.07,-7.71,-7.24,-3.32,,0.0,-306.9,18.1,62.19,0.1,扣非亏损,扣非亏损,亏损,-0.9
000850.SZ,华茂股份,50.28,21.98,240.42,1.1,0.54,3.79,3.24,,0.0,-64.29,-1.43,36.64,0.1,-167.92,885.87,11.6,0.1
605081.SH,*ST太和,10.79,-9.82,-2.83,1.21,-8.09,-8.83,-5.56,,0.0,-118.41,-36.6,31.85,0.1,扣非亏损,扣非亏损,亏损,-0.9
000058.SZ,深赛格,83.6,84.4,166.34,5.02,3.9,4.54,3.64,,0.0,92.93,-4.64,50.14,0.1,-35.83,85.26,37.18,0.11
603043.SH,广州酒家,93.96,15.81,20.62,2.39,11.26,11.44,7.81,0.57,0.0,1.73,9.81,44.67,0.1,2.1,3.66,2.76,0.37
603579.SH,荣泰健康,44.57,30.17,43.7,1.62,2.75,5.24,4.15,,0.0,-48.28,-14.88,17.81,0.1,-2.94,31.74,11.51,0.13
600559.SH,老白干酒,135.97,25.63,23.47,2.59,6.86,7.42,5.7,,0.0,-29.99,10.14,40.16,0.1,2.31,6.84,6.91,0.24
301193.SZ,家联科技,36.34,-52.04,-55.9,3.36,-4.8,-3.99,-0.88,,0.0,-446.07,27.45,65.99,0.09,扣非亏损,扣非亏损,亏损,-0.91
301127.SZ,武汉天源,112.99,63.46,42.04,3.59,4.09,4.13,2.62,,0.0,-26.63,40.81,61.79,0.09,1.03,20.58,30.73,0.14
002583.SZ,海能达,142.64,81.5,163.54,7.92,5.86,7.53,1.4,,0.0,-33.53,2.5,74.69,0.09,65.43,55.85,21.65,0.11
688818.SH,电科蓝天,82.06,714.28,355.73,29.71,2.36,3.18,1.49,,0.0,19.68,,50.03,0.09,,301.1,449.23,0.1
002283.SZ,天润工业,92.12,27.99,32.73,1.74,4.35,4.66,3.58,0.8,29.41,3.42,-5.18,26.75,0.09,-6.31,7.52,6.01,0.23
600703.SH,三安光电,905.01,766.08,-185.15,2.56,-0.91,0.24,0.6,,0.0,6.33,8.69,39.21,0.09,扣非亏损,扣非亏损,6384.01,-0.91
688234.SH,天岳先进,356.27,26908.45,-4444.15,5.43,-0.47,0.02,0.24,,0.0,-121.94,75.24,23.89,0.09,扣非亏损,扣非亏损,2690844.57,-0.91
300512.SZ,中亚股份,31.97,66.48,289.62,2.49,1.9,2.82,2.09,0.11,12.5,7.92,-1.07,39.29,0.09,-271.59,152.68,23.57,0.1
000753.SZ,漳州发展,69.11,99.55,179.76,2.52,1.3,1.16,-0.06,0.06,0.0,66.23,3.87,67.89,0.09,46.45,277.31,171.63,0.1
301042.SZ,安联锐视,62.26,325.13,817.98,6.25,1.28,19.62,0.81,,0.0,-80.92,-7.16,10.94,0.09,-114.26,1281.1,33.14,0.1
688261.SH,东微半导,104.28,161.73,568.76,3.55,0.7,1.66,1.33,,0.0,374.48,11.0,6.84,0.09,51.69,1632.01,194.85,0.1
002339.SZ,积成电子,57.12,-59.23,151.93,3.49,-4.59,-4.31,-1.16,,0.0,15.71,8.43,50.38,0.09,18.02,困境反转,亏损,0.13
000700.SZ,模塑科技,113.93,22.78,28.35,2.84,9.22,10.0,6.91,2.27,0.0,-25.12,-0.22,45.7,0.09,-127.11,6.15,4.56,0.26
920906.BJ,舜宇精工,8.67,34.42,-240.95,2.9,2.18,6.49,3.45,,0.0,396.09,0.47,53.75,0.09,扣非亏损,危险信号,10.61,0.09
920037.BJ,广信科技,26.12,40.4,43.84,10.07,22.36,22.91,22.32,0.78,46.52,85.23,35.77,19.09,0.09,1.23,1.96,1.76,0.6
002624.SZ,完美世界,351.84,42.08,-97.96,5.27,6.98,9.61,7.97,,0.0,207.77,-12.29,36.04,0.09,扣非亏损,危险信号,8.76,0.06
002247.SZ,聚力文化,19.56,46.01,60.14,3.89,5.4,6.54,4.7,,0.0,45.85,-9.91,29.6,0.09,-6.07,22.27,14.07,0.14
300709.SZ,精研科技,63.86,39.61,51.95,3.47,6.37,6.75,4.66,,0.0,58.36,-5.13,44.16,0.09,-10.13,16.32,11.74,0.16
603092.SH,德力佳,25.18,35.85,39.3,8.54,19.05,19.68,9.59,,0.0,61.13,34.33,58.77,0.09,1.14,4.13,3.64,0.34
688533.SH,上声电子,53.39,29.67,31.82,3.24,7.72,8.17,3.8,,0.0,-14.33,28.9,50.13,0.09,1.1,8.24,7.26,0.22
603993.SH,洛阳钼业,3450.26,22.2,22.13,5.44,19.42,18.65,14.16,,0.0,69.98,7.18,48.57,0.09,3.08,2.28,2.38,0.53
002535.SZ,林州重机,28.14,31.81,-181.91,4.27,9.78,10.59,3.89,,0.0,-51.94,67.39,82.59,0.09,扣非亏损,危险信号,6.01,0.07
300751.SZ,迈为股份,477.93,78.1,93.2,8.79,7.67,8.54,2.85,0.24,35.46,-13.98,50.18,63.92,0.09,1.86,12.15,9.15,0.18
002526.SZ,山东矿机,67.12,46.2,222.37,2.1,1.12,3.46,2.98,,0.0,-62.18,1.87,38.35,0.09,118.85,398.73,26.71,0.1
605033.SH,美邦股份,31.61,65.5,157.04,2.76,2.61,3.18,1.89,0.25,0.0,-5.57,3.79,39.77,0.09,41.42,120.44,41.19,0.1
605228.SH,神通科技,59.83,39.79,101.0,3.69,6.94,7.18,4.99,0.18,0.0,666.65,1.02,44.1,0.09,99.25,29.1,11.08,0.13
300111.SZ,向日葵,55.35,3178.2,1288.28,8.05,-0.01,0.13,-0.61,,0.0,-104.98,3.79,14.76,0.09,340.31,-189452.54,48895.36,0.09
002817.SZ,黄山胶囊,24.71,38.95,45.27,2.67,5.09,5.25,4.4,0.43,0.0,23.74,7.7,14.1,0.09,5.88,17.78,14.84,0.15
920145.BJ,恒合股份,8.46,-146.04,-164.85,4.71,-2.71,-2.39,-3.79,,0.0,26.32,2.76,6.45,0.09,扣非亏损,扣非亏损,亏损,-0.91
605218.SH,伟时电子,40.57,142.89,134.22,3.5,1.07,1.85,0.46,,0.0,-46.12,19.29,49.26,0.09,6.96,250.25,154.47,0.1
300635.SZ,中达安,16.45,1463.49,-38.88,5.07,0.24,0.26,1.16,,0.0,-57.87,4.89,70.44,0.09,扣非亏损,危险信号,11257.63,0.09
300952.SZ,恒辉安防,40.95,61.7,73.76,3.98,4.97,5.75,3.84,0.2,22.22,-2.52,11.13,37.98,0.09,6.62,14.84,10.73,0.16
300538.SZ,同益股份,19.14,294.51,-30.18,2.99,0.56,0.76,1.52,,0.0,17.22,2.47,58.14,0.09,扣非亏损,危险信号,775.02,0.08
300973.SZ,立高食品,43.01,18.91,20.51,2.55,9.21,9.35,7.06,0.47,0.0,26.63,11.05,39.79,0.09,1.86,4.45,4.05,0.32
688479.SH,友车科技,22.0,187.52,268.13,2.75,0.36,1.09,0.45,,0.0,-82.21,1.46,10.41,0.09,184.11,1480.14,344.08,0.09
600681.SH,百川能源,60.16,23.87,23.11,1.71,3.65,5.17,4.29,2.08,73.35,-11.23,3.35,53.56,0.09,6.9,6.32,4.62,0.25
300413.SZ,芒果超媒,226.61,30.63,34.31,1.79,3.47,4.45,2.26,,0.0,-35.5,-3.28,29.55,0.09,-10.46,19.8,13.77,0.14
002553.SZ,南方精工,63.4,18.28,74.89,6.1,7.69,27.86,25.07,,0.0,13.44,9.87,18.43,0.09,7.59,19.48,1.31,0.14
603237.SH,五芳斋,33.73,14.54,35.17,1.92,9.52,9.91,9.84,,0.0,-17.0,-7.47,26.45,0.09,-4.71,7.39,2.94,0.23
003022.SZ,联泓新科,283.17,91.46,106.08,3.84,3.18,3.16,1.73,,0.0,55.14,-5.61,64.84,0.09,-18.91,66.71,57.89,0.11
600933.SH,爱柯迪,172.02,15.19,17.31,1.94,9.6,10.46,6.36,,0.0,24.74,28.65,42.26,0.09,0.6,3.61,2.9,0.37
600143.SH,金发科技,469.53,33.08,45.62,2.46,5.34,5.57,2.87,,0.0,55.76,15.13,66.32,0.09,3.02,17.08,11.88,0.15
002638.SZ,勤上股份,55.46,-24.74,-23.93,2.86,-2.74,-8.31,-7.41,,0.0,-8.45,-24.33,11.47,0.09,扣非亏损,扣非亏损,亏损,-0.91
300126.SZ,锐奇股份,18.43,-116.68,-62.28,2.55,-2.74,-1.63,-1.35,,0.0,-6.77,-9.34,17.13,0.09,扣非亏损,扣非亏损,亏损,-0.91
002681.SZ,奋达科技,90.73,623.27,-218.93,4.66,0.38,0.53,0.77,,0.0,-93.03,-7.23,50.54,0.09,扣非亏损,危险信号,2351.98,0.09
301603.SZ,乔锋智能,27.24,23.63,27.18,3.75,12.32,12.6,8.94,0.13,0.0,83.12,11.04,36.89,0.09,2.46,4.41,3.75,0.32
301045.SZ,天禄科技,30.92,158.3,195.88,5.2,2.05,2.51,1.59,,0.0,14.19,-8.54,20.65,0.09,-22.94,191.16,126.14,0.1
000878.SZ,云南铜业,449.81,24.53,48.09,3.31,8.82,10.3,5.45,,0.0,-9.31,12.08,65.48,0.09,3.98,10.91,4.76,0.18
301212.SZ,联盛化学,29.18,203.05,234.52,2.51,0.77,0.92,0.68,,0.0,-4.78,-5.3,20.98,0.09,-44.26,610.09,441.41,0.09
300168.SZ,万达信息,87.21,-16.06,-14.19,7.08,-30.74,-28.39,-5.95,,0.0,26.07,-16.72,79.65,0.09,扣非亏损,扣非亏损,亏损,-0.91
300650.SZ,太龙股份,28.87,72.34,73.49,2.91,2.72,3.04,2.31,0.12,25.0,41.58,-18.52,38.48,0.09,-3.97,27.05,23.8,0.13
920651.BJ,天罡股份,5.33,30.55,26.31,4.14,9.66,10.26,8.72,,0.0,42.34,7.47,27.39,0.09,3.52,5.45,5.96,0.28
002737.SZ,葵花药业,74.11,-165.73,-37.6,1.83,-1.93,-0.77,-0.19,,0.0,-117.68,-4.89,17.4,0.09,扣非亏损,扣非亏损,亏损,-0.91
920489.BJ,佳先股份,14.21,394.66,-286.23,4.57,0.16,0.83,1.05,,0.0,-95.03,6.7,57.32,0.09,扣非亏损,危险信号,950.99,0.09
603871.SH,嘉友国际,211.36,18.14,20.04,3.66,15.33,14.86,12.81,1.43,48.78,-19.14,31.4,25.91,0.09,0.64,1.31,1.22,0.86
300532.SZ,今天国际,49.44,17.7,27.8,2.79,10.63,12.3,5.39,1.7,48.78,-26.68,18.37,60.02,0.09,1.51,2.62,1.44,0.47
002163.SZ,海南发展,109.28,-23.62,-21.6,16.32,-42.82,-41.11,-5.34,,0.0,-58.58,-2.66,84.49,0.09,扣非亏损,扣非亏损,亏损,-0.91
601899.SH,紫金矿业,7368.94,18.84,22.61,5.67,22.08,25.45,13.05,0.64,25.09,43.71,10.71,53.01,0.09,2.11,1.02,0.74,1.07
920002.BJ,万达轴承,28.97,65.05,79.15,5.73,5.85,6.81,7.15,0.19,0.0,-5.71,-0.79,8.68,0.09,-100.61,27.05,19.11,0.13
603017.SH,中衡设计,36.26,48.34,276.54,2.45,2.91,3.77,2.18,1.81,95.24,-14.53,-8.82,55.77,0.09,-31.37,95.16,12.82,0.1
002048.SZ,宁波华翔,207.26,200.88,17.78,2.11,9.42,0.76,1.73,,0.0,63.89,14.17,51.7,0.09,1.25,3.78,528.62,0.36
601933.SH,永辉超市,363.91,-38.45,-11.2,9.86,-36.94,-17.38,-0.57,,0.0,-126.96,-9.28,88.96,0.09,扣非亏损,扣非亏损,亏损,-0.91
300467.SZ,迅游科技,50.01,255.97,587.3,9.44,2.3,2.8,1.29,,0.0,-18.6,-13.46,20.15,0.09,-43.64,511.32,182.84,0.09
301366.SZ,一博科技,25.54,306.35,720.92,3.28,0.38,0.79,0.94,,0.0,-87.67,7.9,23.66,0.09,91.26,3788.33,775.56,0.09
920180.BJ,爱得科技,4.96,28.35,31.45,3.78,10.04,11.13,10.54,,0.0,,,17.15,0.09,,6.26,5.09,0.25
301029.SZ,怡合达,129.65,31.99,36.8,4.18,9.78,9.88,9.68,0.57,34.09,26.41,13.66,12.29,0.09,2.69,3.76,3.24,0.36
000561.SZ,烽火电子,75.01,-77.37,-47.97,2.87,-4.21,-3.4,-1.37,,0.0,-172.01,-6.63,50.45,0.09,扣非亏损,扣非亏损,亏损,-0.91
301053.SZ,远信工业,28.35,157.3,119.78,4.54,1.89,2.07,2.17,,0.0,-54.29,3.5,47.6,0.09,34.2,126.71,151.99,0.1
300497.SZ,富祥药业,68.82,-100.5,-28.09,3.91,-4.11,-2.92,-0.77,,0.0,5.52,-4.63,51.15,0.09,扣非亏损,扣非亏损,亏损,-0.91
000713.SZ,国投丰乐,43.84,-47.12,172.54,2.99,-4.91,-4.63,-2.77,,0.0,-23.94,4.14,43.75,0.09,41.72,困境反转,亏损,0.14
600630.SH,龙头股份,35.52,90.62,3323.32,4.61,0.54,3.82,2.98,,0.0,-77.82,-15.0,52.18,0.09,-221.54,12279.04,47.44,0.09
603105.SH,芯能科技,53.5,21.56,28.2,2.51,8.22,8.32,6.52,,0.0,3.16,17.32,50.98,0.09,1.63,6.86,5.18,0.24
300324.SZ,旋极信息,95.76,-41.85,-31.36,3.51,-6.22,-6.09,-3.31,,0.0,-13.5,-3.19,46.18,0.09,扣非亏损,扣非亏损,亏损,-0.91
000969.SZ,安泰科技,234.14,63.37,91.81,4.2,4.58,5.12,2.85,,0.0,11.39,6.7,44.0,0.09,13.7,40.05,24.76,0.12
920304.BJ,迪尔化工,19.73,40.7,47.57,4.75,7.71,8.83,7.13,,0.0,-45.91,19.44,38.12,0.09,2.45,12.35,9.22,0.17
300094.SZ,国联水产,39.14,-3.74,-2.71,3.88,-56.66,-55.81,-19.9,,0.0,-752.8,-6.58,66.88,0.09,扣非亏损,扣非亏损,亏损,-0.91
002329.SZ,皇氏集团,24.97,-48.68,-5.84,3.58,-8.26,-5.41,0.69,,0.0,-130.6,-5.19,78.44,0.09,扣非亏损,扣非亏损,亏损,-0.91
600250.SH,南京商旅,35.53,140.43,1354.68,5.69,3.03,3.09,5.35,,0.0,-14.0,-1.87,53.9,0.09,-724.16,893.35,90.89,0.09
002268.SZ,电科网安,162.04,-57.0,154.66,3.01,-4.21,-3.86,-4.39,,0.0,1.28,-4.66,20.1,0.09,-33.2,困境反转,亏损,0.13
600608.SH,*ST沪科,9.65,703.72,-163.18,25.62,-0.62,2.77,1.65,,0.0,-231.31,-44.71,65.94,0.09,扣非亏损,扣非亏损,508.1,-0.91
301277.SZ,新天地,48.58,39.64,43.3,3.19,5.46,6.02,5.74,,0.0,-36.65,12.48,12.74,0.09,3.47,15.86,13.17,0.15
688387.SH,信科移动,294.45,-226.86,-131.63,8.2,-3.33,-2.66,-1.59,,0.0,18.8,6.09,51.65,0.09,扣非亏损,扣非亏损,亏损,-0.91
301257.SZ,普蕊斯,46.69,42.04,54.03,3.91,5.74,7.2,6.63,0.13,0.0,11.48,17.32,16.69,0.09,3.12,18.81,11.68,0.14
002712.SZ,思美传媒,29.59,-151.03,-59.75,2.18,-1.25,-1.08,0.36,,0.0,-95.58,12.65,53.73,0.09,扣非亏损,扣非亏损,亏损,-0.91
603029.SH,天鹅股份,26.21,37.52,50.14,2.82,2.89,5.74,2.56,,0.0,-13.97,14.15,60.18,0.09,3.54,34.72,13.07,0.12
300464.SZ,星徽股份,26.9,965.47,-9.93,24.96,17.95,2.11,1.78,,0.0,468.65,-24.58,89.24,0.09,扣非亏损,危险信号,915.14,-0.81
002876.SZ,三利谱,41.59,80.93,120.42,2.04,1.59,1.9,2.14,,0.0,-48.49,4.91,62.49,0.09,24.55,151.03,85.18,0.1
003025.SZ,思进智能,34.14,27.69,30.63,3.45,9.31,9.53,8.92,,0.0,17.8,10.14,19.39,0.09,3.02,6.58,5.81,0.24
002953.SZ,日丰股份,27.22,33.95,38.66,3.24,6.65,7.33,4.48,,0.0,1.14,8.55,46.06,0.09,4.52,11.63,9.26,0.18
603707.SH,健友股份,158.98,27.76,25.73,2.37,5.8,6.47,5.47,,0.0,-29.95,2.13,34.5,0.09,12.06,8.87,8.58,0.2
605303.SH,园林股份,27.81,-19.18,-11.74,3.03,-11.57,-11.17,-5.26,,0.0,-49.61,-6.96,53.44,0.09,扣非亏损,扣非亏损,亏损,-0.91
000661.SZ,长春高新,359.65,23.64,29.17,1.6,5.52,5.03,3.76,,0.0,-55.33,8.43,17.55,0.09,3.46,10.58,9.4,0.19
605358.SH,立昂微,244.78,-170.05,-65.98,3.49,-1.94,-1.48,-0.12,,0.0,-291.77,7.32,57.68,0.09,扣非亏损,扣非亏损,亏损,-0.91
605555.SH,德昌股份,78.13,36.18,30.51,2.59,4.96,5.27,3.02,,0.0,-47.87,19.65,42.42,0.09,1.55,12.31,13.73,0.17
688126.SH,沪硅产业,528.3,-75.94,-44.95,5.67,-6.98,-5.35,-2.81,,0.0,-27.74,13.58,42.49,0.09,扣非亏损,扣非亏损,亏损,-0.91
002643.SZ,万润股份,151.22,37.66,64.52,2.13,4.11,4.3,3.74,,0.0,14.02,-4.3,26.28,0.09,-14.99,31.4,17.52,0.12
301050.SZ,雷电微力,103.56,58.24,117.8,3.93,4.64,5.05,4.5,0.27,29.58,-60.03,17.73,17.77,0.09,6.64,25.36,11.53,0.13
603596.SH,伯特利,294.04,24.74,23.26,4.02,12.2,12.52,7.07,,0.0,21.24,42.16,51.29,0.09,0.55,3.82,3.95,0.35
603385.SH,惠达卫浴,27.41,134.88,-109.92,0.73,-1.26,0.4,0.23,,0.0,-205.29,-3.57,24.94,0.09,扣非亏损,扣非亏损,674.38,-0.91
688550.SH,瑞联新材,78.77,21.04,23.14,2.43,8.83,8.95,8.82,,0.0,59.26,-0.2,10.29,0.09,-113.06,5.24,4.7,0.28
920121.BJ,江天科技,4.75,22.19,25.07,5.15,18.23,19.12,15.56,,0.0,,16.28,28.76,0.09,1.54,2.75,2.32,0.45
603776.SH,永安行,56.85,-61.45,-34.65,1.59,-2.15,-2.15,-1.08,,0.0,-31.23,-19.32,16.27,0.09,扣非亏损,扣非亏损,亏损,-0.91
600446.SH,金证股份,131.97,-175.07,-72.75,3.58,-2.29,-1.54,-0.96,,0.0,43.56,-10.35,28.76,0.09,扣非亏损,扣非亏损,亏损,-0.91
920425.BJ,乐创技术,13.37,52.37,67.12,6.22,8.89,9.11,8.91,,0.0,76.56,-8.22,6.51,0.09,-8.16,15.11,11.5,0.16
688719.SH,爱科赛博,35.25,-76.19,-269.61,2.67,-2.94,-2.6,-2.87,,0.0,-297.69,23.92,27.47,0.09,扣非亏损,扣非亏损,亏损,-0.91
301538.SZ,骏鼎达,26.07,35.78,34.48,4.77,10.06,10.4,10.64,,0.0,19.45,23.16,14.54,0.09,1.49,6.85,6.88,0.24
603656.SH,泰禾智能,41.13,107.18,138.91,3.12,1.99,2.21,1.76,,0.0,447.04,3.13,37.47,0.09,44.4,139.76,96.99,0.1
300659.SZ,中孚信息,28.17,-19.26,-34.12,3.21,-13.21,-11.76,-8.01,,0.0,20.53,-7.07,31.7,0.09,扣非亏损,扣非亏损,亏损,-0.91
300084.SZ,海默科技,37.38,-68.02,-23.65,4.38,-4.64,-4.72,-2.54,,0.0,-5.05,0.76,36.87,0.09,扣非亏损,扣非亏损,亏损,-0.91
300040.SZ,九洲集团,40.2,86.96,-8.71,1.99,1.95,1.78,2.44,,0.0,170.88,2.51,64.75,0.09,扣非亏损,危险信号,97.71,-0.02
603158.SH,腾龙股份,62.82,32.99,41.3,2.7,6.06,6.28,3.88,,0.0,-19.93,17.88,48.17,0.09,2.31,13.64,10.51,0.16
600096.SH,云天化,786.26,12.47,14.39,3.25,19.83,20.03,12.26,0.6,13.29,6.32,-0.04,47.38,0.09,-351.8,0.73,0.62,1.47
603390.SH,通达电气,42.69,58.53,76.16,2.65,3.02,3.41,2.98,0.38,55.56,473.73,8.19,14.71,0.09,9.3,25.22,17.16,0.13
601138.SH,工业富联,10423.57,29.54,30.49,6.25,13.78,14.38,7.05,1.58,54.1,46.99,12.46,63.82,0.09,2.45,2.21,2.05,0.54
300947.SZ,德必集团,27.0,201.63,-633.68,2.16,0.13,0.79,2.39,,0.0,-90.4,13.14,75.95,0.09,扣非亏损,危险信号,510.45,0.09
002494.SZ,华斯股份,16.58,-370.96,168.25,1.78,-0.54,-0.36,-0.22,,0.0,-452.29,9.29,19.14,0.09,18.11,困境反转,亏损,0.09
603012.SH,创力集团,53.08,45.22,33.81,1.4,1.87,2.33,1.77,,0.0,-47.75,6.39,49.41,0.09,5.29,36.23,38.82,0.12
300888.SZ,稳健医疗,201.62,20.68,25.29,1.76,6.0,6.38,5.14,1.19,53.26,43.93,7.67,33.87,0.09,3.3,4.22,3.24,0.33
300317.SZ,珈伟新能,44.02,-80.42,-17.03,2.83,-3.13,-2.6,-0.62,,0.0,39.96,4.5,45.34,0.09,扣非亏损,扣非亏损,亏损,-0.91
605151.SH,西上海,26.63,2321.54,-4298.17,1.95,0.16,0.06,1.36,,0.0,-94.29,15.22,48.1,0.09,扣非亏损,危险信号,77384.81,0.09
002405.SZ,四维图新,256.79,-27.36,-19.3,3.14,-8.48,-8.4,-6.74,,0.0,-44.08,5.11,23.08,0.09,扣非亏损,扣非亏损,亏损,-0.91
001339.SZ,智微智能,87.44,105.81,126.92,8.2,4.98,6.05,5.63,,0.0,54.28,14.42,57.49,0.09,8.8,50.99,34.98,0.11
600388.SH,龙净环保,243.98,23.45,26.67,2.29,7.09,7.52,3.48,,0.0,26.19,-3.72,62.01,0.09,-7.17,7.52,6.24,0.22
301379.SZ,天山电子,34.02,35.58,35.92,3.75,7.24,8.02,5.47,,0.0,13.62,10.85,34.5,0.09,3.31,9.92,8.87,0.19
920208.BJ,青矩技术,23.61,24.0,17.66,3.26,9.99,10.2,8.04,,0.0,6.06,6.19,29.23,0.09,2.85,3.54,4.71,0.37
002820.SZ,桂发祥,23.3,1713.97,-255.63,2.61,0.07,0.11,0.23,,0.0,-98.1,23.3,9.83,0.09,扣非亏损,危险信号,31163.08,0.09
300142.SZ,沃森生物,187.65,88.51,-428.45,1.99,0.74,1.72,0.53,0.27,109.89,-68.5,-1.22,17.42,0.09,扣非亏损,危险信号,51.46,0.09
300359.SZ,全通教育,33.75,-45.22,-28.23,6.15,-10.25,-9.88,-7.54,,0.0,-32.3,-13.51,18.86,0.09,扣非亏损,扣非亏损,亏损,-0.91
688138.SH,清溢光电,89.25,46.56,50.94,3.27,6.18,6.54,5.96,0.32,31.03,20.88,27.24,29.02,0.09,1.87,8.24,7.12,0.21
300211.SZ,*ST亿通,26.2,-107.8,-70.93,5.78,-4.93,-3.94,-2.56,,0.0,29.53,-18.36,26.48,0.09,扣非亏损,扣非亏损,亏损,-0.91
300032.SZ,金龙机电,47.23,119.41,-117.14,6.84,-0.01,4.39,2.76,,0.0,99.9,9.81,58.54,0.09,扣非亏损,扣非亏损,54.4,-0.91
301302.SZ,华如科技,39.65,-23.94,-18.68,2.83,-8.85,-8.46,-9.04,,0.0,46.84,-22.1,16.1,0.09,扣非亏损,扣非亏损,亏损,-0.91
300950.SZ,德固特,20.82,36.36,55.67,4.42,8.51,9.41,7.19,,0.0,-31.86,23.29,35.98,0.09,2.39,13.08,7.73,0.17
002202.SZ,金风科技,1057.15,38.53,54.87,3.46,6.08,6.67,2.59,,0.0,36.15,4.09,73.11,0.09,13.43,18.05,11.55,0.14
002262.SZ,恩华药业,199.5,15.55,18.77,2.83,14.39,14.31,13.91,,0.0,7.59,13.17,11.06,0.09,1.42,2.61,2.17,0.47
601500.SH,通用股份,70.92,48.49,82.51,1.16,1.52,1.83,1.73,,0.0,-74.9,19.04,58.04,0.09,4.33,108.67,53.0,0.1
002706.SZ,良信股份,108.24,32.76,50.08,3.26,6.83,6.85,6.09,,0.0,2.23,1.98,31.49,0.09,25.26,14.67,9.56,0.16
002642.SZ,荣联科技,54.18,634.53,-3438.34,4.61,0.19,0.55,0.37,,0.0,-77.99,-15.67,54.1,0.09,扣非亏损,危险信号,2307.39,0.09
002602.SZ,世纪华通,1141.87,21.31,29.8,4.13,15.89,16.1,13.31,,0.0,140.98,22.4,30.76,0.09,1.33,3.75,2.65,0.36
000601.SZ,韶能股份,67.8,29.89,362.61,1.64,3.1,4.13,3.45,,0.0,-29.74,3.85,66.12,0.09,94.18,234.28,14.47,0.09
920663.BJ,明阳科技,9.88,28.54,28.16,5.54,14.48,14.02,12.51,1.24,93.6,0.09,23.59,26.33,0.09,1.19,1.94,2.04,0.6
300824.SZ,北鼎股份,34.24,31.94,32.68,4.9,11.13,11.64,9.02,0.75,49.39,132.46,-3.01,29.36,0.09,-10.86,2.94,2.74,0.43
000852.SZ,石化机械,75.75,834.05,2528.91,2.44,-0.38,0.22,0.7,,0.0,-118.86,5.18,70.46,0.09,487.95,-13440.94,7582.3,0.09
300483.SZ,首华燃气,81.88,-5079.59,-12.6,4.0,-0.3,-0.08,1.86,,0.0,92.46,-2.49,56.87,0.09,扣非亏损,扣非亏损,亏损,-0.91
600558.SH,大西洋,56.55,29.86,28.81,2.38,5.53,5.95,6.31,0.82,49.95,86.05,1.15,19.93,0.09,25.0,5.21,5.02,0.28
300848.SZ,美瑞新材,42.12,91.52,93.23,4.61,3.5,3.98,1.69,,0.0,11.06,8.7,60.93,0.09,10.72,53.22,45.99,0.11
603855.SH,华荣股份,67.95,17.11,15.79,3.27,13.49,14.1,7.06,,0.0,-5.14,9.86,55.83,0.09,1.6,2.34,2.43,0.52
002150.SZ,正泰电源,120.22,66.38,65.56,5.97,5.85,6.94,4.18,,0.0,14.81,23.75,56.25,0.09,2.76,22.41,19.13,0.13
605177.SH,东亚药业,25.44,-26.86,-11.87,1.53,-4.45,-3.93,-2.17,,0.0,-315.27,22.98,46.46,0.09,扣非亏损,扣非亏损,亏损,-0.91
603816.SH,顾家家居,275.89,13.6,18.97,2.7,13.77,14.97,11.47,,0.0,13.9,0.35,39.77,0.09,54.07,2.76,1.82,0.45
920185.BJ,贝特瑞,346.02,34.42,40.11,2.83,5.22,6.12,4.19,,0.0,-5.09,33.09,57.58,0.09,1.21,15.36,11.25,0.15
300263.SZ,隆华科技,108.38,47.79,81.26,2.74,4.33,5.42,3.53,,0.0,19.12,7.08,40.75,0.09,11.47,37.57,17.64,0.12
603829.SH,洛凯股份,53.27,55.94,48.3,4.85,6.29,6.18,2.7,,0.0,-6.13,18.09,60.38,0.09,2.67,15.35,18.1,0.15
002098.SZ,浔兴股份,33.94,15.25,17.48,2.33,11.82,12.0,8.97,,0.0,-5.27,6.2,34.26,0.09,2.82,2.96,2.54,0.43
688590.SH,新致软件,39.6,127.65,-508.49,2.62,1.08,2.08,1.75,0.19,0.0,-18.62,16.35,53.13,0.09,扣非亏损,危险信号,122.74,0.09
002532.SZ,天山铝业,766.34,19.39,18.99,2.97,11.45,11.89,7.65,1.85,44.44,8.08,-0.15,48.1,0.09,-128.64,1.66,1.63,0.69
002050.SZ,三花智控,1742.63,46.04,50.35,6.29,12.11,13.67,9.24,0.22,21.05,37.15,20.7,34.25,0.09,2.43,4.16,3.37,0.33
301468.SZ,博盈特焊,40.34,126.11,309.57,3.06,1.11,1.8,1.53,,0.0,-48.64,-8.62,11.23,0.09,-35.93,555.83,140.12,0.09
000807.SZ,云铝股份,1205.1,20.55,24.32,3.73,14.44,14.51,13.82,0.97,40.0,18.93,10.58,23.21,0.09,2.3,1.68,1.42,0.68
688722.SH,同益中,40.61,32.82,30.28,2.88,6.39,6.98,6.37,,0.0,14.0,30.52,26.59,0.09,0.99,9.48,9.4,0.19
300601.SZ,康泰生物,126.86,240.11,-528.67,1.73,0.29,0.51,0.17,,0.0,-90.82,-9.05,32.01,0.09,扣非亏损,危险信号,941.6,0.09
301357.SZ,北方长龙,29.11,773.74,1509.4,10.24,0.75,1.0,0.77,,0.0,156.49,-26.39,8.86,0.09,-57.19,3999.99,1547.49,0.09
603005.SH,晶方科技,197.48,53.43,60.16,4.29,5.58,6.1,6.01,0.43,0.0,57.68,-5.11,12.8,0.09,-11.78,21.56,17.52,0.13
002827.SZ,高争民爆,98.75,58.98,69.71,9.77,11.72,13.08,5.91,0.19,0.0,15.7,22.5,57.23,0.09,3.1,11.9,9.02,0.17
301255.SZ,通力科技,10.0,90.5,122.96,3.81,2.61,3.17,2.54,,0.0,-31.01,-2.8,29.07,0.09,-43.93,94.26,57.1,0.1
002006.SZ,精工科技,101.78,52.74,53.82,4.23,5.15,6.11,4.09,,0.0,97.05,4.65,42.47,0.09,11.57,20.92,17.26,0.14
603206.SH,嘉环科技,48.77,66.09,152.05,2.15,1.9,2.47,0.98,,0.0,-35.61,8.08,71.89,0.09,18.82,160.44,53.51,0.09
300679.SZ,电连技术,134.57,32.0,29.62,3.16,7.41,7.56,5.65,,0.0,-16.85,15.28,34.53,0.09,1.94,8.0,8.47,0.21
688411.SH,海博思创,344.14,56.31,53.19,10.43,14.71,15.12,5.97,,0.0,80.92,132.58,68.17,0.09,0.4,7.23,7.45,0.23
301105.SZ,鸿铭股份,9.05,-218.9,-88.81,3.3,-1.58,-1.13,-1.67,,0.0,-521.48,-12.57,10.85,0.09,扣非亏损,扣非亏损,亏损,-0.91
301004.SZ,嘉益股份,69.45,15.21,13.44,4.29,18.76,18.63,15.05,1.92,47.39,-32.57,71.93,34.13,0.09,0.19,0.72,0.82,1.48
002933.SZ,新兴装备,39.06,103.5,714.2,2.63,0.61,1.92,1.77,,0.0,190.5,35.56,36.19,0.09,20.08,2328.66,107.81,0.09
920871.BJ,派特尔,6.69,66.13,68.92,4.61,5.21,5.28,4.32,,0.0,-43.34,-0.25,16.9,0.09,-273.46,26.45,25.05,0.13
920873.BJ,中设咨询,9.24,-26.4,-15.26,4.12,-11.61,-11.18,-8.89,,0.0,44.09,-28.04,22.58,0.09,扣非亏损,扣非亏损,亏损,-0.91
000902.SZ,新洋丰,210.16,12.6,15.42,2.0,11.97,12.37,9.22,,0.0,23.87,10.97,38.86,0.09,1.41,2.58,2.04,0.48
300662.SZ,科锐国际,49.44,16.92,26.96,2.28,7.58,10.61,8.45,,0.0,40.2,19.26,46.63,0.09,1.4,7.12,3.19,0.23
603517.SH,ST绝味,73.39,19.64,377.0,1.15,3.8,4.41,5.44,,0.0,-43.27,-1.02,24.38,0.09,-369.36,198.36,8.91,0.09
002465.SZ,海格通信,396.46,-170.01,-103.75,3.3,-1.84,-1.41,-1.22,,0.0,-374.65,-2.1,40.46,0.09,扣非亏损,扣非亏损,亏损,-0.91
600684.SH,珠江股份,42.59,112.81,370.14,11.11,4.32,7.67,3.7,,0.0,-38.78,-35.66,70.57,0.09,-10.38,171.41,29.42,0.09
300387.SZ,富邦科技,29.99,27.9,39.35,2.02,5.41,5.68,5.57,,0.0,-13.23,21.87,24.69,0.09,1.8,14.54,9.82,0.16
301086.SZ,鸿富瀚,59.17,103.33,149.21,5.82,4.12,4.17,3.23,,0.0,-20.32,4.19,35.46,0.09,35.59,72.5,49.56,0.1
001298.SZ,好上好,50.59,119.73,123.78,5.57,2.93,3.08,2.89,0.24,0.0,83.19,3.01,55.73,0.09,41.09,84.42,77.74,0.1
002597.SZ,金禾实业,144.65,27.82,32.8,1.92,4.64,5.14,4.35,,0.0,-6.48,-0.95,26.34,0.09,-34.42,14.13,10.82,0.16
601137.SH,博威合金,184.8,15.75,16.11,2.1,10.17,10.16,5.58,,0.0,-16.73,23.66,55.54,0.09,0.68,3.17,3.1,0.4
300001.SZ,特锐德,318.24,35.62,33.94,4.06,7.5,8.78,3.8,,0.0,50.8,23.3,64.45,0.09,1.46,9.06,8.11,0.2
600467.SH,好当家,38.86,107.82,176.79,1.14,0.44,0.82,2.02,,0.0,149.57,5.6,47.61,0.09,31.58,796.18,262.99,0.09
300434.SZ,金石亚药,34.9,31.76,37.5,1.63,3.18,3.89,3.65,,0.0,51.82,2.14,16.02,0.09,17.51,23.57,16.33,0.13
600880.SH,博瑞传播,55.96,535.04,-423.98,1.84,0.01,0.26,0.44,,0.0,-95.71,-4.15,21.07,0.09,扣非亏损,危险信号,4115.72,0.09
688789.SH,宏华数科,137.08,26.51,30.36,4.0,10.89,11.69,9.88,0.37,21.43,20.07,25.93,25.4,0.09,1.17,2.79,2.27,0.45
920547.BJ,无锡晶海,9.17,29.46,32.0,2.71,7.32,7.07,6.48,,0.0,55.28,-3.82,17.89,0.09,-8.39,8.74,8.33,0.2
920821.BJ,则成电子,16.46,157.72,198.55,5.95,2.22,2.82,2.08,,0.0,-37.04,6.72,36.65,0.09,29.57,178.98,111.86,0.09
300612.SZ,宣亚国际,28.26,-110.9,-89.57,5.78,-4.17,-3.88,-1.35,,0.0,8.82,-6.48,30.94,0.09,扣非亏损,扣非亏损,亏损,-0.91
603501.SH,豪威集团,1352.28,32.92,36.85,5.13,11.79,12.32,8.42,0.32,0.0,33.45,3.47,37.34,0.09,10.63,6.25,5.34,0.25
603556.SH,海兴电力,192.8,19.75,21.67,2.61,9.67,10.02,6.46,,0.0,-10.16,20.73,24.69,0.09,1.05,4.48,3.94,0.31
002297.SZ,博云新材,67.57,168.71,-138.92,3.21,0.67,1.45,1.18,,0.0,143.53,14.36,31.11,0.09,扣非亏损,危险信号,232.71,0.08
600460.SH,士兰微,475.26,102.11,116.77,3.98,2.45,2.84,1.49,,0.0,110.69,16.01,48.97,0.09,7.29,95.41,71.91,0.1
300866.SZ,安克创新,298.51,20.2,25.18,5.26,15.73,20.27,12.09,0.61,31.88,13.82,25.78,49.52,0.09,0.98,1.6,1.0,0.71
003030.SZ,祖名股份,16.46,60.35,-133.69,2.54,-1.04,3.16,2.41,,0.0,26.86,7.74,55.3,0.09,扣非亏损,扣非亏损,38.19,-0.91
600963.SH,岳阳林纸,97.9,-41.66,-34.79,1.29,1.73,2.07,1.43,,0.0,388.73,-1.54,61.12,0.09,扣非亏损,危险信号,危险信号,0.06
301398.SZ,星源卓镁,19.42,97.24,92.31,5.21,3.63,4.04,3.63,,0.0,-20.92,23.24,13.66,0.09,3.97,50.84,48.14,0.11
688128.SH,中国电研,117.3,23.09,25.58,3.44,10.87,11.37,5.58,0.86,0.0,21.84,9.9,56.78,0.09,2.58,4.71,4.06,0.3
600396.SH,华电辽能,57.14,1289.2,221.09,4.23,-0.21,0.25,2.85,,0.0,-119.37,-10.85,68.62,0.09,-20.37,-2111.66,10313.57,0.09
002380.SZ,科远智慧,53.38,31.23,31.49,3.71,8.59,9.3,5.85,,0.0,38.15,14.23,38.44,0.09,2.21,7.33,6.72,0.22
002738.SZ,中矿资源,546.51,203.65,179.3,4.62,1.01,1.68,2.66,,0.0,-70.6,65.5,32.35,0.09,2.74,355.26,242.44,0.09
300335.SZ,迪森股份,30.27,42.29,99.62,1.94,3.31,3.5,4.6,,0.0,5.74,-2.44,29.19,0.09,-40.8,60.14,24.17,0.1
603919.SH,金徽酒,98.51,22.82,26.67,2.9,9.47,9.52,8.69,0.98,0.0,-5.61,19.24,31.46,0.09,1.39,5.63,4.79,0.26
300357.SZ,我武生物,122.03,28.71,34.5,5.01,13.63,13.8,13.33,0.35,0.0,28.92,4.9,5.6,0.09,7.04,5.06,4.16,0.28
002232.SZ,启明信息,72.6,-193.7,-44339.7,5.37,-2.48,-2.05,-1.76,,0.0,10.93,-0.69,25.61,0.09,扣非亏损,扣非亏损,亏损,-0.91
301282.SZ,金禄电子,38.24,59.98,67.21,2.87,3.18,3.6,1.91,0.52,0.0,44.94,7.3,44.51,0.09,9.2,42.26,33.32,0.11
000538.SZ,云南白药,998.08,15.77,20.89,2.53,11.58,11.92,10.5,1.8,0.0,6.68,3.29,25.36,0.09,6.36,3.61,2.65,0.36
600422.SH,昆药集团,91.97,25.61,37.24,1.73,2.22,5.07,3.35,,0.0,-59.52,-2.33,42.9,0.09,-15.99,33.58,10.1,0.12
300831.SZ,派瑞股份,35.75,836.61,-3834.96,6.75,-0.53,0.6,0.27,0.08,17.33,-107.68,16.24,9.86,0.09,扣非亏损,扣非亏损,1394.36,-0.91
300752.SZ,隆利科技,30.7,72.22,70.89,3.66,3.1,3.86,2.31,,0.0,-45.19,-8.68,44.44,0.09,-8.17,45.73,37.42,0.11
002327.SZ,富安娜,34.51,27.67,15.17,1.7,3.94,4.21,4.39,,0.0,-44.35,-1.79,23.89,0.09,-8.48,7.69,13.15,0.22
300957.SZ,贝泰妮,182.57,50.36,220.8,3.0,3.03,4.48,4.15,0.76,0.0,-46.17,12.89,24.15,0.09,17.14,145.74,22.48,0.09
600702.SH,舍得酒业,167.14,26.57,81.0,2.36,6.61,6.64,5.0,,0.0,-29.69,4.79,40.99,0.09,16.9,24.49,8.0,0.13
002258.SZ,利尔化学,132.9,26.18,28.37,1.71,4.97,4.86,3.82,1.53,59.17,229.26,8.89,43.47,0.09,3.19,5.71,5.39,0.26
301096.SZ,百诚医药,43.29,699.46,-27.0,2.21,-0.54,0.24,0.54,,0.0,-111.13,36.2,34.49,0.09,扣非亏损,扣非亏损,5828.86,-0.91
600363.SH,联创光电,259.04,48.52,106.51,5.85,8.49,9.33,6.23,,0.0,16.79,-4.67,41.7,0.09,-22.82,25.1,10.4,0.13
002034.SZ,旺能环境,81.49,11.14,13.63,1.18,7.94,7.87,5.73,1.26,22.22,4.43,2.11,49.43,0.09,6.45,1.72,1.42,0.67
600345.SH,长江通信,89.13,626.05,229.46,3.94,-1.42,0.47,0.19,,0.0,-5917.78,51.28,23.36,0.09,4.48,-323.02,2664.04,0.09
001231.SZ,农心科技,12.67,47.8,43.57,2.56,3.69,4.06,3.05,,0.0,4.68,6.4,31.67,0.09,6.8,23.63,23.55,0.13
920982.BJ,锦波生物,102.29,28.29,28.16,11.64,33.15,32.25,29.78,0.43,29.33,9.61,84.01,25.26,0.09,0.34,0.85,0.88,1.26
002694.SZ,顾地科技,22.5,-5.91,-29.61,22.71,-5.86,-118.03,-25.55,,0.0,83.2,-16.88,91.05,0.09,扣非亏损,扣非亏损,亏损,-0.91
000936.SZ,华西股份,69.54,15.83,39.5,1.3,3.65,6.19,6.8,0.24,10.53,37.81,10.94,25.4,0.09,3.61,10.81,2.56,0.18
300274.SZ,阳光电源,2788.19,22.95,24.57,8.09,28.06,28.31,12.27,0.56,25.47,55.63,51.34,60.06,0.09,0.48,0.88,0.81,1.23
688209.SH,英集芯,91.57,60.0,69.15,4.39,5.05,5.57,4.21,,0.0,26.65,22.98,10.03,0.09,3.01,27.4,21.55,0.12
920726.BJ,朱老六,10.84,93.41,129.73,4.36,3.35,3.55,4.17,0.74,0.0,-12.0,-4.67,6.48,0.09,-27.8,77.49,52.63,0.1
003039.SZ,顺控发展,104.36,37.5,40.68,3.71,7.19,7.47,5.7,,0.0,1.58,11.75,51.21,0.09,3.46,11.32,10.04,0.17
603348.SH,文灿股份,63.21,2011.03,424.43,1.46,-0.06,0.06,1.18,,0.0,-103.08,15.73,52.44,0.09,26.98,-14585.22,67034.42,0.09
600212.SH,绿能慧充,40.26,299.26,181.01,9.89,2.34,2.55,0.78,,0.0,305.96,67.04,74.09,0.09,2.7,154.69,234.72,0.09
601958.SH,金钼股份,705.98,23.16,23.18,3.91,12.96,12.65,13.71,,0.0,4.54,19.4,14.9,0.09,1.19,3.58,3.66,0.37
600568.SH,ST中珠,51.07,-135.37,-10.67,3.55,-2.54,-1.95,-1.35,,0.0,54.38,-1.69,17.18,0.09,扣非亏损,扣非亏损,亏损,-0.91
002440.SZ,闰土股份,126.72,50.16,52.51,1.58,2.06,2.39,2.73,,0.0,60.93,1.18,15.32,0.09,44.33,50.94,41.97,0.11
603970.SH,中农立华,37.04,18.37,21.51,2.39,9.48,9.73,4.28,,0.0,-13.15,7.77,73.87,0.09,2.77,4.54,3.78,0.31
300447.SZ,全信股份,40.21,148.15,-641.74,3.12,1.63,1.58,1.23,,0.0,-43.12,-0.36,21.68,0.09,扣非亏损,危险信号,187.54,0.08
600633.SH,浙数文化,163.58,22.94,38.55,1.6,3.37,5.24,4.56,0.62,26.67,5.87,9.74,11.54,0.09,3.96,11.44,4.38,0.17
002725.SZ,跃岭股份,35.34,161.81,191.26,4.14,0.88,1.94,1.25,,0.0,205.74,-8.21,22.49,0.09,-23.3,434.54,166.82,0.09
300634.SZ,彩讯股份,113.12,44.86,58.47,4.03,5.93,6.98,5.24,0.14,11.67,-9.38,23.43,14.1,0.09,2.49,9.86,6.43,0.19
920050.BJ,爱舍伦,6.62,25.26,26.7,3.05,9.13,10.0,7.04,,0.0,,6.86,35.77,0.09,3.89,5.85,5.05,0.26
603066.SH,音飞储存,31.07,37.33,-525.86,2.16,3.9,4.42,2.27,,0.0,-44.59,15.53,52.29,0.09,扣非亏损,危险信号,16.89,0.08
300692.SZ,中赋科技,33.85,33.53,61.95,1.7,3.38,3.68,3.07,,0.0,7.98,2.53,62.25,0.09,24.49,36.71,18.22,0.11
002815.SZ,崇达技术,123.33,46.84,57.31,2.21,3.88,4.31,3.42,,0.0,29.53,1.66,26.59,0.09,34.49,29.51,21.74,0.12
300948.SZ,冠中生态,32.48,-339.42,-45.02,4.51,-1.47,-0.99,0.41,,0.0,11.91,-21.84,49.58,0.08,扣非亏损,扣非亏损,亏损,-0.92
600867.SH,通化东宝,176.66,11.02,99.75,2.48,4.76,17.77,18.73,,0.0,137.92,-12.98,12.46,0.08,-7.68,41.94,1.24,0.11
300843.SZ,胜蓝股份,91.4,69.45,82.55,6.01,6.67,6.55,4.09,0.19,19.61,22.01,-0.13,46.18,0.08,-627.13,12.38,10.6,0.17
300121.SZ,阳谷华泰,60.45,29.42,35.24,1.8,4.37,4.51,4.78,0.55,25.0,-6.27,9.18,21.45,0.08,3.84,8.06,6.52,0.21
300148.SZ,天舟文化,37.21,51.62,57.59,3.74,5.43,5.78,3.91,,0.0,262.34,-1.1,21.4,0.08,-52.16,21.21,17.86,0.13
603103.SH,横店影视,148.72,93.41,175.54,12.01,12.04,16.21,6.58,0.84,0.0,309.59,3.68,65.15,0.08,47.7,29.16,11.52,0.12
600078.SH,澄星股份,90.51,248.36,-68.41,5.33,-1.63,1.67,3.61,,0.0,72.36,4.23,61.79,0.08,扣非亏损,扣非亏损,297.44,-0.92
600775.SH,南京熊猫,109.11,-124.06,-78.86,4.91,-3.19,-2.92,-0.83,,0.0,12.58,-15.79,34.88,0.08,扣非亏损,扣非亏损,亏损,-0.92
002544.SZ,普天科技,189.92,811.38,-1854.86,5.08,0.18,0.47,0.21,,0.0,-43.06,-7.93,59.14,0.08,扣非亏损,危险信号,3452.7,0.08
002029.SZ,七匹狼,68.54,13.52,113.84,1.06,0.16,6.03,3.96,,0.0,-47.54,-3.43,31.94,0.08,-33.23,1427.43,4.48,0.09
002771.SZ,真视通,26.39,-45.08,-127.33,5.15,-8.21,-8.02,-5.79,,0.0,-107.91,-3.36,31.47,0.08,扣非亏损,扣非亏损,亏损,-0.92
301199.SZ,迈赫股份,17.06,33.86,52.34,2.31,4.49,5.23,3.61,0.3,0.0,60.32,12.43,36.85,0.08,4.21,23.32,12.95,0.13
688620.SH,安凯微,26.39,-40.61,-37.28,3.3,-6.04,-5.9,-5.88,,0.0,-210.18,1.14,14.61,0.08,扣非亏损,扣非亏损,亏损,-0.92
300724.SZ,捷佳伟创,352.36,11.9,13.83,3.19,20.15,21.95,10.14,,0.0,26.68,60.23,50.1,0.08,0.23,1.37,1.08,0.81
301361.SZ,众智科技,13.17,53.43,56.25,4.16,5.44,5.99,5.87,0.25,0.0,57.84,5.61,4.51,0.08,10.03,20.67,17.84,0.13
300437.SZ,清水源,36.09,-139.91,-123.19,3.66,-2.76,-2.58,-1.06,,0.0,-133.23,-10.24,40.9,0.08,扣非亏损,扣非亏损,亏损,-0.92
301112.SZ,信邦智能,39.27,819.42,-881.13,3.24,-0.19,0.3,-0.93,,0.0,-132.07,10.17,15.99,0.08,扣非亏损,扣非亏损,5462.81,-0.92
603150.SH,万朗磁塑,47.97,39.48,39.81,2.83,5.38,5.56,2.64,0.39,19.74,-16.72,32.55,64.38,0.08,1.22,7.4,7.1,0.22
300816.SZ,艾可蓝,38.44,54.94,100.86,5.98,6.5,8.56,5.51,0.05,4.46,41.61,4.3,60.77,0.08,23.47,15.52,6.42,0.15
301234.SZ,五洲医疗,15.27,104.76,111.11,3.4,1.95,2.43,2.41,,0.0,-45.3,-2.11,12.32,0.08,-52.59,114.22,86.22,0.09
300134.SZ,大富科技,79.22,-37.74,-19.07,2.24,-4.95,-4.37,-3.2,,0.0,18.41,-1.62,31.6,0.08,扣非亏损,扣非亏损,亏损,-0.92
300533.SZ,冰川网络,52.55,11.16,11.2,4.21,31.54,33.05,20.01,2.88,69.93,196.27,113.35,38.31,0.08,0.1,0.36,0.34,2.9
300844.SZ,山水比德,33.91,-70.15,-67.78,4.79,-6.44,-5.0,-3.67,,0.0,-411.56,-1.77,23.86,0.08,扣非亏损,扣非亏损,亏损,-0.92
301592.SZ,六九一二,26.97,-269.41,130.15,9.22,-2.6,-2.4,-1.63,,0.0,-282.63,40.28,37.21,0.08,3.23,困境反转,亏损,0.09
301052.SZ,果麦文化,27.72,212.59,118.44,4.75,1.39,1.68,1.25,,0.0,-43.51,8.47,29.94,0.08,13.98,170.33,253.08,0.09
603367.SH,辰欣药业,77.38,15.19,23.0,1.26,4.53,6.22,5.33,1.09,36.86,-24.6,2.16,18.72,0.08,10.67,5.08,2.44,0.28
600740.SH,山西焦化,128.36,-192.34,-230.05,0.84,-0.43,-0.33,0.51,,0.0,-128.89,-11.4,41.0,0.08,扣非亏损,扣非亏损,亏损,-0.92
002044.SZ,美年健康,239.81,350.4,94.52,3.06,0.15,0.66,1.85,,0.0,50.13,5.76,55.42,0.08,16.42,1222.78,1061.83,0.08
688307.SH,中润光学,49.11,92.96,99.21,5.55,4.11,4.55,3.07,0.23,43.48,9.55,5.23,33.35,0.08,18.98,24.13,20.43,0.13
920418.BJ,苏轴股份,40.98,27.04,29.56,4.8,13.2,13.84,11.92,,0.0,-3.32,10.42,14.91,0.08,2.84,4.48,3.91,0.31
002579.SZ,中京电子,71.35,219.41,449.44,3.1,0.6,1.06,1.13,,0.0,114.89,0.46,60.47,0.08,982.17,1493.91,413.98,0.08
002239.SZ,奥特佳,104.19,70.5,74.15,1.9,1.91,2.02,1.61,,0.0,28.63,16.68,49.2,0.08,4.45,77.65,69.8,0.1
300505.SZ,川金诺,84.55,26.34,29.98,3.87,10.96,11.3,9.75,,0.0,187.1,29.99,26.34,0.08,1.0,5.47,4.66,0.27
300940.SZ,南极光,38.41,36.98,43.43,4.57,9.15,9.71,7.06,,0.0,1076.01,-20.45,28.34,0.08,-2.12,9.49,7.62,0.19
301082.SZ,久盛电气,41.83,104.12,-157.78,4.37,3.05,3.15,1.83,,0.0,57.67,-0.65,73.09,0.08,扣非亏损,危险信号,66.11,0.07
600724.SH,宁波富达,94.21,41.81,56.65,3.3,5.04,5.82,5.17,1.22,0.0,0.33,-3.3,21.14,0.08,-17.17,22.48,14.36,0.13
600382.SH,广东明珠,60.27,19.34,25.97,2.12,8.54,8.39,9.88,2.81,0.0,487.53,-36.8,16.17,0.08,-0.71,6.08,4.61,0.25
300618.SZ,寒锐钴业,130.8,46.78,74.38,2.67,3.16,4.3,3.41,,0.0,-14.93,11.78,37.83,0.08,6.32,47.04,21.76,0.1
600243.SH,*ST海华,15.01,-176.04,-23.17,2.37,-1.91,-1.0,-0.82,,0.0,39.35,-28.6,33.44,0.08,扣非亏损,扣非亏损,亏损,-0.92
601018.SH,宁波港,819.03,15.85,19.45,1.03,4.52,4.89,4.81,0.83,23.08,9.06,7.23,25.77,0.08,2.69,4.3,3.24,0.32
001258.SZ,立新能源,87.55,49.47,182.88,2.88,4.31,4.46,1.81,,0.0,-1.54,6.5,76.13,0.08,28.15,84.85,22.18,0.09
603333.SH,尚纬股份,53.7,-156.78,-131.34,2.6,-1.49,-1.24,-0.58,,0.0,-265.91,-8.64,27.88,0.08,扣非亏损,扣非亏损,亏损,-0.92
600381.SH,*ST春天,15.32,-405.82,-19.71,1.49,-0.57,-0.27,0.33,,0.0,93.43,28.42,4.2,0.08,扣非亏损,扣非亏损,亏损,-0.92
002937.SZ,兴瑞科技,80.12,50.85,55.82,5.27,7.03,7.31,5.53,0.42,35.71,-40.5,16.5,36.92,0.08,3.38,7.94,6.96,0.21
688136.SH,科兴制药,59.35,40.01,72.86,3.46,4.21,6.66,4.21,,0.0,190.65,3.27,49.69,0.08,22.27,34.63,12.01,0.11
600576.SH,祥源文旅,42.07,32.25,37.37,2.26,4.95,5.4,5.3,,0.0,33.47,19.08,36.57,0.08,1.96,15.08,11.94,0.15
920931.BJ,无锡鼎邦,3.85,101.57,81.06,3.21,1.85,2.35,1.59,,0.0,-75.52,9.77,47.39,0.08,8.29,87.57,86.45,0.09
688315.SH,诺禾致源,59.56,39.57,39.93,2.29,3.54,4.43,3.1,,0.0,-19.35,4.2,29.29,0.08,9.51,22.56,17.87,0.13
002788.SZ,鹭燕医药,55.36,19.23,18.29,1.74,6.88,6.71,3.33,,0.0,-15.14,5.35,74.98,0.08,3.42,5.32,5.73,0.27
688156.SH,路德科技,22.7,-105.57,-31.02,2.77,-2.27,-1.95,-0.79,,0.0,-255.42,-9.58,49.5,0.08,扣非亏损,扣非亏损,亏损,-0.92
603803.SH,瑞斯康达,58.42,-93.06,-49.76,3.72,-3.55,-2.95,-1.66,,0.0,35.23,-7.74,36.48,0.08,扣非亏损,扣非亏损,亏损,-0.92
000710.SZ,贝瑞基因,37.4,-57.25,-15.5,2.48,-3.26,-3.18,-1.62,,0.0,-519.85,-8.67,29.63,0.08,扣非亏损,扣非亏损,亏损,-0.92
003004.SZ,*ST声迅,21.31,-501.5,-83.12,3.95,-0.67,-0.52,0.28,,0.0,83.58,-0.36,45.81,0.08,扣非亏损,扣非亏损,亏损,-0.92
688621.SH,阳光诺和,69.13,31.75,59.13,5.95,13.57,14.95,8.48,,0.0,-23.89,30.18,47.3,0.08,1.96,8.72,4.25,0.2
002259.SZ,升达林业,43.64,167.06,95.48,16.07,13.8,7.45,4.07,,0.0,-12.86,-13.86,69.91,0.08,-6.89,13.84,44.85,0.15
000856.SZ,冀东装备,24.79,229.01,481.89,5.91,0.03,1.93,0.46,,0.0,-95.17,-10.18,80.49,0.08,-47.33,32125.72,237.31,0.08
603867.SH,新化股份,73.64,30.1,32.82,3.04,7.38,7.59,6.24,,0.0,3.1,5.34,37.2,0.08,6.15,8.9,7.93,0.2
688501.SH,青达环保,33.12,20.01,19.29,3.1,11.84,12.2,5.62,,0.0,309.23,28.03,60.85,0.08,0.69,3.26,3.28,0.39
300631.SZ,久吾高科,34.21,54.86,54.41,2.71,2.67,3.8,2.55,,0.0,112.66,3.3,34.11,0.08,16.49,40.8,28.87,0.11
600967.SH,内蒙一机,270.59,52.55,52.48,2.28,3.27,3.28,1.94,,0.0,9.31,-9.52,44.13,0.08,-5.51,32.09,32.04,0.11
000532.SZ,华金资本,49.99,36.33,23.14,3.2,6.53,6.74,6.71,,0.0,202.83,-4.65,32.46,0.08,-4.97,7.09,10.78,0.22
300583.SZ,赛托生物,27.72,-30.6,-15.58,1.6,-4.02,-3.84,-1.75,0.07,-3.57,-1414.42,-5.84,37.15,0.08,扣非亏损,扣非亏损,亏损,-0.92
600599.SH,*ST熊猫,8.45,46.73,-1.72,7.29,10.1,12.42,9.03,,0.0,-47.44,13.44,71.53,0.08,扣非亏损,危险信号,7.52,-2.85
002765.SZ,蓝黛科技,65.01,31.29,48.99,2.71,5.54,6.7,3.51,,0.0,129.27,5.06,55.9,0.08,9.69,17.7,9.34,0.14
600831.SH,广电网络,29.43,-3.66,-2.7,2.0,-34.12,-34.07,-4.12,,0.0,-5.38,-18.74,86.02,0.08,扣非亏损,扣非亏损,亏损,-0.92
300690.SZ,双一科技,42.44,32.87,44.4,4.01,7.37,9.36,7.95,,0.0,96.83,0.52,18.59,0.08,86.02,12.05,7.02,0.17
600620.SH,天宸股份,45.46,128.78,75.46,3.06,1.4,1.75,1.41,,0.0,157.48,173.27,47.75,0.08,0.44,107.5,147.18,0.09
600887.SH,伊利股份,1681.11,12.15,22.22,3.0,18.45,18.6,7.26,1.68,0.0,18.73,1.88,60.55,0.08,11.8,2.41,1.31,0.5
600131.SH,国网信通,263.46,56.39,38.18,4.23,4.45,4.36,2.93,0.31,0.0,-1.05,-0.63,54.19,0.08,-60.2,17.15,25.87,0.14
300288.SZ,朗玛信息,34.77,254.26,-8.39,4.21,1.2,1.25,0.74,,0.0,-67.9,-1.57,17.27,0.08,扣非亏损,危险信号,406.82,0.01
301120.SZ,新特电气,55.18,186.37,-150.36,6.08,-0.08,2.48,2.51,,0.0,-275.02,-1.98,8.17,0.08,扣非亏损,扣非亏损,150.3,-0.92
002487.SZ,大金重工,508.84,46.62,47.77,6.21,11.69,11.53,7.04,0.33,10.0,247.77,-4.23,43.42,0.08,-11.29,4.09,4.04,0.33
600130.SH,*ST波导,34.28,731.37,-293.07,3.57,-0.51,0.37,0.17,,0.0,31.83,-22.55,13.41,0.08,扣非亏损,扣非亏损,3953.35,-0.92
301487.SZ,盟固利,64.9,1013.61,-135.18,5.8,0.56,0.39,0.15,,0.0,76.92,-12.2,46.32,0.08,扣非亏损,危险信号,5197.98,0.08
002267.SZ,陕天然气,90.41,14.3,17.02,1.37,7.11,7.3,4.61,,0.0,-11.52,5.6,50.7,0.08,3.04,4.79,3.92,0.29
600189.SH,泉阳泉,58.43,177.61,-94.63,4.73,-0.21,2.02,2.8,,0.0,79.62,-6.18,66.48,0.08,扣非亏损,扣非亏损,175.85,-0.92
002372.SZ,伟星新材,172.38,25.94,23.47,3.85,9.86,10.77,9.66,0.96,58.82,-19.94,-0.39,23.42,0.08,-60.48,2.38,2.41,0.5
600222.SH,太龙药业,42.01,124.41,108.86,2.64,1.31,1.59,2.17,0.21,0.0,6.38,7.19,55.88,0.08,15.15,166.34,156.49,0.09
002299.SZ,圣农发展,225.63,14.89,24.09,2.03,5.8,10.62,5.92,1.81,0.0,71.72,8.87,51.58,0.08,2.72,8.31,2.8,0.2
601717.SH,中创智领,353.0,8.41,10.25,1.76,13.99,16.01,9.38,,0.0,13.77,8.26,50.22,0.08,1.24,1.47,1.05,0.76
002867.SZ,周大生,131.87,11.29,13.22,2.12,13.52,13.6,13.59,2.05,45.45,1.85,17.74,23.65,0.08,0.75,0.98,0.83,1.1
605183.SH,确成股份,95.27,18.13,17.24,2.65,11.49,11.35,11.3,,0.0,8.33,13.75,11.74,0.08,1.25,3.0,3.19,0.41
002466.SZ,天齐锂业,799.16,385.19,-43.69,2.18,0.17,0.43,3.73,,0.0,101.24,120.07,30.5,0.08,扣非亏损,危险信号,1791.6,0.08
000911.SZ,广农糖业,28.34,-483.98,-116.79,23.61,-14.76,-3.6,1.86,,0.0,63.54,0.99,93.59,0.08,扣非亏损,扣非亏损,亏损,-0.92
603045.SH,福达合金,42.37,57.25,166.36,4.16,4.02,5.57,3.66,,0.0,58.45,13.35,64.71,0.08,12.46,82.87,20.56,0.09
603387.SH,基蛋生物,42.35,19.78,22.63,1.57,5.07,6.0,3.96,1.08,42.86,-9.96,-3.27,26.98,0.08,-6.93,4.47,3.3,0.31
688350.SH,富淼科技,40.92,86.27,-3808.39,2.99,1.91,2.5,1.95,,0.0,73.52,2.98,45.01,0.08,扣非亏损,危险信号,69.01,0.08
688376.SH,美埃科技,76.77,40.87,50.41,3.98,6.11,7.56,4.76,,0.0,-18.24,14.62,49.16,0.08,3.45,16.49,10.81,0.14
003019.SZ,宸展光电,54.35,26.98,51.87,3.37,8.31,9.74,6.93,,0.0,-12.43,6.44,38.81,0.08,8.05,12.48,5.54,0.16
301068.SZ,大地海洋,34.58,-207.71,-738.23,6.13,-5.35,-1.87,0.69,,0.0,-206.11,23.28,50.36,0.08,扣非亏损,扣非亏损,亏损,-0.92
300936.SZ,中英科技,28.46,-470.62,-429.95,4.51,-0.96,-0.71,-0.93,,0.0,-148.25,8.37,13.32,0.08,扣非亏损,扣非亏损,亏损,-0.92
300636.SZ,同和药业,29.83,30.57,41.16,1.44,3.26,3.56,2.41,,0.0,-18.02,8.99,27.09,0.08,4.58,25.27,17.17,0.12
300702.SZ,天宇股份,47.74,26.71,42.24,2.11,5.82,6.12,3.95,,0.0,130.13,1.22,43.32,0.08,34.72,14.51,8.73,0.15
600060.SH,海信视像,290.2,13.41,14.3,1.43,6.03,8.08,4.79,,0.0,22.17,8.04,42.27,0.08,1.78,4.74,3.32,0.29
002430.SZ,杭氧股份,309.72,30.69,32.18,3.2,7.68,8.05,4.88,0.33,20.53,16.27,4.93,56.28,0.08,6.52,4.19,3.81,0.32
000883.SZ,湖北能源,323.98,11.36,37.73,1.02,4.74,6.82,4.87,,0.0,-33.33,-3.68,56.27,0.08,-10.25,15.9,3.33,0.14
600298.SH,安琪酵母,360.77,24.54,28.19,3.16,8.62,9.9,6.45,,0.0,15.02,12.64,48.85,0.08,2.23,6.54,4.96,0.23
688345.SH,博力威,41.4,74.94,104.44,3.73,4.06,4.52,1.92,0.64,0.0,274.07,-5.52,63.23,0.08,-18.91,51.43,33.16,0.1
301192.SZ,泰祥股份,13.67,50.72,81.28,4.6,6.2,6.99,5.7,,0.0,5.57,47.36,26.77,0.08,1.72,26.21,14.51,0.12
002795.SZ,永和智控,33.28,-41.97,-12.47,7.38,-10.84,-12.38,-5.41,,0.0,30.27,-6.41,73.24,0.08,扣非亏损,扣非亏损,亏损,-0.92
002156.SZ,通富微电,695.9,60.66,81.15,4.58,5.21,5.73,3.77,,0.0,43.69,15.56,63.04,0.08,5.21,31.16,21.17,0.11
688516.SH,奥特维,239.15,46.07,55.83,6.6,8.74,9.5,3.19,1.1,51.02,-70.19,65.64,72.78,0.08,0.85,6.39,4.85,0.24
002368.SZ,太极股份,123.78,2304.46,59.68,2.4,-0.06,0.08,0.51,,0.0,91.61,-9.04,63.48,0.08,-6.6,-2101.28,57611.6,0.08
600645.SH,中源协和,138.41,96.24,157.67,3.73,2.68,2.96,2.36,,0.0,-24.89,1.08,29.26,0.08,145.82,117.65,65.03,0.09
002878.SZ,元隆雅图,39.16,363.0,-21.05,3.38,0.43,0.71,0.6,,0.0,114.99,8.86,38.53,0.08,扣非亏损,危险信号,1022.53,0.07
002942.SZ,新农股份,29.76,24.54,49.62,2.75,7.45,8.84,7.27,,0.0,53.09,-3.22,27.43,0.08,-15.42,13.32,5.55,0.16
301040.SZ,中环海陆,38.63,-46.49,-25.33,5.61,-8.03,-7.76,-3.28,,0.0,11.36,-16.65,47.18,0.08,扣非亏损,扣非亏损,亏损,-0.92
601777.SH,千里科技,462.51,651.06,-172.46,4.42,-1.68,0.51,-0.35,,0.0,-826.19,33.25,53.01,0.08,扣非亏损,扣非亏损,2553.18,-0.92
002606.SZ,大连电瓷,55.59,37.67,38.99,3.19,5.8,6.52,4.37,0.13,10.0,-23.63,25.64,43.1,0.08,1.52,6.72,5.78,0.23
688292.SH,浩瀚深度,42.98,-351.04,-210.68,4.24,-1.58,-0.86,-1.37,,0.0,-155.93,3.49,29.97,0.08,扣非亏损,扣非亏损,亏损,-0.92
920571.BJ,国航远洋,29.63,21386.78,-90.73,4.24,-2.09,0.01,1.83,1.02,0.0,-151.52,-12.49,65.92,0.08,扣非亏损,扣非亏损,4277356.36,-0.92
002920.SZ,德赛西威,650.36,28.52,28.99,4.54,14.2,18.1,7.91,1.04,0.0,19.02,42.94,45.73,0.08,0.68,4.08,3.15,0.33
002995.SZ,天地在线,25.32,-67.57,-49.03,4.5,-5.11,-4.87,-3.19,,0.0,-43.35,-30.64,24.43,0.08,扣非亏损,扣非亏损,亏损,-0.92
300553.SZ,集智股份,32.35,100.6,203.02,5.01,2.52,3.96,2.52,,0.0,49.47,6.0,38.31,0.08,33.86,161.23,50.81,0.09
002369.SZ,卓翼科技,44.16,-21.24,-20.57,14.27,-40.31,-40.23,-5.97,,0.0,-20.1,-10.71,87.38,0.08,扣非亏损,扣非亏损,亏损,-0.92
605018.SH,长华集团,54.81,67.46,76.5,2.02,1.82,2.23,1.74,,0.0,-37.18,15.25,19.97,0.08,5.02,84.25,60.51,0.09
920184.BJ,国源科技,15.49,129.73,249.54,3.7,2.28,2.17,2.24,,0.0,1.81,0.62,5.29,0.08,402.72,219.14,119.57,0.09
301348.SZ,蓝箭电子,40.91,-179.11,-487.81,4.25,-1.8,-1.76,-2.19,,0.0,-739.19,-1.02,25.65,0.08,扣非亏损,扣非亏损,亏损,-0.92
002175.SZ,东方智造,44.3,2501.88,-219.85,5.48,-0.23,0.2,0.18,,0.0,-105.02,11.97,18.02,0.08,扣非亏损,扣非亏损,25018.83,-0.92
001366.SZ,播恩集团,25.32,-190.66,-98.95,3.15,-1.36,-1.23,-0.72,,0.0,34.24,-16.22,29.93,0.08,扣非亏损,扣非亏损,亏损,-0.92
600099.SH,林海股份,24.74,127.74,153.29,4.62,2.19,2.74,1.22,,0.0,13.63,11.05,52.93,0.08,13.87,139.97,93.24,0.09
688147.SH,微导纳米,330.51,99.75,127.8,11.44,6.67,9.06,3.28,,0.0,62.57,88.7,70.0,0.08,1.44,38.35,22.02,0.11
605507.SH,国邦医药,163.46,18.29,20.03,1.98,7.59,8.24,7.32,,0.0,9.59,10.2,21.78,0.08,1.96,5.28,4.44,0.27
600584.SH,长电科技,813.83,64.0,62.11,2.89,2.81,3.41,2.75,0.08,11.54,-23.25,6.59,43.1,0.08,9.42,22.11,18.77,0.13
600201.SH,生物股份,167.87,78.05,945.16,3.07,2.13,3.0,2.09,,0.0,-21.65,-10.28,16.06,0.08,-91.95,887.51,52.03,0.08
688425.SH,铁建重工,295.48,22.07,20.92,1.63,5.29,5.61,4.11,,0.0,-1.32,1.86,33.92,0.08,11.23,7.9,7.87,0.21
688332.SH,中科蓝讯,150.75,53.53,60.06,3.68,4.49,5.22,4.32,,0.0,3.92,18.61,7.85,0.08,3.23,26.77,20.51,0.12
920001.BJ,纬达光电,17.43,246.7,271.19,3.98,1.02,1.2,0.98,0.51,0.0,-64.88,-5.59,10.6,0.08,-48.48,533.31,411.18,0.08
603231.SH,索宝蛋白,19.89,18.33,21.07,1.83,7.39,7.66,8.01,0.38,0.0,74.37,0.01,9.67,0.08,1951.16,5.7,4.78,0.26
603507.SH,振江股份,68.29,119.32,59.43,2.86,4.68,1.78,2.22,,0.0,-32.93,18.26,68.63,0.08,3.26,25.41,134.07,0.12
688184.SH,ST帕瓦,10.65,-6.2,-3.3,1.06,-11.06,-11.47,-8.44,,0.0,54.99,16.07,20.95,0.08,扣非亏损,扣非亏损,亏损,-0.92
300176.SZ,鸿特科技,29.28,79.38,198.42,3.07,2.56,2.94,1.99,,0.0,-11.51,10.53,59.01,0.08,18.84,154.95,54.0,0.09
300891.SZ,惠云钛业,34.7,-279.34,-187.9,3.29,-0.97,-0.84,0.18,,0.0,-197.25,2.37,56.45,0.08,扣非亏损,扣非亏损,亏损,-0.92
603677.SH,奇精机械,32.59,46.39,49.93,2.8,4.34,4.56,2.7,,0.0,3.24,0.43,48.11,0.08,115.78,23.04,20.35,0.12
301188.SZ,力诺药包,47.61,70.17,169.61,3.14,2.25,3.27,3.06,,0.0,-43.6,7.27,37.36,0.08,23.32,150.58,42.92,0.09
605399.SH,晨光新材,49.97,-111.16,-62.65,2.33,-3.1,-1.55,-1.06,,0.0,-412.1,-8.64,34.61,0.08,扣非亏损,扣非亏损,亏损,-0.92
301267.SZ,华厦眼科,114.84,25.73,35.79,2.48,7.18,7.36,7.63,0.5,0.0,1.65,9.99,23.95,0.08,3.58,9.97,6.99,0.18
301278.SZ,快可电子,23.47,153.91,302.95,2.88,0.69,1.49,1.32,,0.0,-88.22,12.2,34.2,0.08,24.84,877.99,206.59,0.08
688593.SH,新相微,109.87,1435.21,-15023.44,10.09,0.35,0.52,-0.62,,0.0,93.31,4.22,14.28,0.08,扣非亏损,危险信号,5520.03,0.08
300868.SZ,杰美特,30.95,-146.54,-85.02,3.25,-3.25,-1.66,-1.05,,0.0,-157.72,2.41,27.37,0.08,扣非亏损,扣非亏损,亏损,-0.92
920198.BJ,微创光电,6.97,-28.3,97.98,3.99,-10.34,-10.04,-6.85,,0.0,22.18,17.41,40.84,0.08,5.63,困境反转,亏损,0.26
300452.SZ,山河药辅,30.35,20.27,30.92,3.84,12.8,13.69,10.0,,0.0,14.02,12.84,36.45,0.08,2.41,4.83,2.96,0.29
600498.SH,烽火通信,665.82,104.03,90.57,4.7,3.37,3.59,1.63,,0.0,35.75,3.26,61.42,0.08,27.81,53.69,57.96,0.1
688518.SH,联赢激光,87.62,60.79,61.05,2.74,2.79,3.4,1.29,,0.0,16.77,38.58,59.06,0.08,1.58,43.78,35.76,0.1
920396.BJ,常辅股份,19.09,75.35,71.19,7.77,7.6,7.99,4.8,,0.0,6.92,4.32,43.25,0.08,16.46,18.73,18.86,0.13
688515.SH,裕太微,64.37,-60.8,-49.87,6.88,-9.26,-8.2,-7.52,,0.0,14.66,23.78,9.5,0.08,扣非亏损,扣非亏损,亏损,-0.92
300456.SZ,赛微电子,286.95,16.74,-110.64,5.17,-4.34,26.99,19.54,,0.0,-99.9,14.24,20.24,0.08,扣非亏损,扣非亏损,1.24,-0.92
600985.SH,淮北矿业,382.17,26.78,24.46,0.92,2.39,2.53,1.68,,0.0,-75.48,0.45,48.7,0.08,54.1,20.48,21.17,0.13
300760.SZ,迈瑞医疗,2164.99,21.45,25.57,5.51,19.86,19.64,14.85,2.14,31.31,-28.5,13.45,25.34,0.08,1.9,1.29,1.09,0.86
301596.SZ,瑞迪智驱,21.62,50.38,53.85,6.27,8.95,9.11,7.94,0.51,43.22,6.88,2.83,24.86,0.08,19.02,6.02,5.53,0.25
603767.SH,中马传动,59.54,176.61,654.24,4.28,1.81,1.79,1.52,,0.0,-48.05,-6.0,17.29,0.08,-108.97,721.84,197.33,0.08
000153.SZ,丰原药业,30.61,23.18,46.31,1.47,3.64,4.85,2.84,,0.0,-36.39,5.54,57.21,0.08,8.36,25.47,9.56,0.12
002540.SZ,亚太科技,62.07,22.69,23.51,1.64,4.95,5.25,4.34,1.41,59.38,-18.92,7.35,32.38,0.08,3.2,4.75,4.32,0.29
600793.SH,宜宾纸业,33.72,167.63,-33.64,14.17,1.23,6.57,5.18,,0.0,101.93,-9.01,87.33,0.08,扣非亏损,危险信号,51.03,0.06
002997.SZ,瑞鹄模具,68.39,14.45,15.67,2.78,14.78,15.32,7.28,0.4,0.0,48.65,33.89,59.28,0.08,0.46,2.12,1.89,0.55
920204.BJ,沪江材料,8.45,69.01,82.03,3.26,3.53,3.59,3.03,,0.0,-17.84,-3.24,22.23,0.08,-25.31,46.53,38.45,0.1
300416.SZ,苏试试验,84.86,40.86,37.82,3.21,5.64,5.86,4.31,,0.0,13.92,11.05,42.5,0.08,3.42,13.42,13.94,0.15
688077.SH,大地熊,36.86,64.02,232.29,3.39,2.01,3.98,2.04,,0.0,69.13,-4.07,59.57,0.08,-57.05,230.77,32.17,0.08
603359.SH,东珠生态,28.86,-71.58,-4.47,1.09,-1.13,-1.14,-0.18,,0.0,-322.29,-47.37,58.93,0.08,扣非亏损,扣非亏损,亏损,-0.92
603002.SH,宏昌电子,121.23,370.89,360.12,3.52,0.62,0.71,0.53,,0.0,-29.18,-20.76,33.62,0.08,-17.35,1157.39,1044.75,0.08
002103.SZ,广博股份,33.37,28.31,30.63,3.94,9.4,11.37,6.09,,0.0,10.67,-0.36,45.32,0.08,-84.61,6.52,4.98,0.23
603585.SH,苏利股份,40.49,22.31,36.3,1.63,5.24,5.45,4.17,,0.0,1764.7,4.75,39.75,0.08,7.65,13.86,8.19,0.15
002861.SZ,瀛通通讯,27.65,-72.14,-43.94,3.11,-3.67,-3.15,-1.66,,0.0,-13.82,-6.21,30.97,0.08,扣非亏损,扣非亏损,亏损,-0.92
301322.SZ,绿通科技,31.17,49.67,145.79,1.63,1.34,2.48,2.27,,0.0,-66.0,-1.66,24.23,0.08,-87.73,216.94,40.06,0.08
300603.SZ,立昂技术,39.37,-61.27,-46.06,3.49,-4.29,-4.18,-2.62,,0.0,-1146.27,-5.76,35.39,0.08,扣非亏损,扣非亏损,亏损,-0.92
301298.SZ,东利机械,18.22,32.26,35.38,2.63,6.11,6.17,4.42,,0.0,8.87,8.96,26.9,0.08,3.95,11.58,10.46,0.16
688226.SH,威腾电气,83.02,455.73,-2100.56,4.97,0.61,0.82,1.26,,0.0,-90.42,42.25,64.95,0.08,扣非亏损,危险信号,1111.54,0.08
301011.SZ,华立科技,33.35,41.09,44.51,3.91,8.05,8.7,6.02,,0.0,-1.29,18.69,37.59,0.08,2.38,11.06,9.44,0.17
001311.SZ,多利科技,46.56,41.53,44.92,2.31,3.84,4.2,3.47,,0.0,-47.7,9.82,28.44,0.08,4.58,23.42,19.78,0.12
603375.SH,盛景微,24.8,152.48,310.41,2.48,0.85,1.22,1.06,,0.0,24.06,28.27,11.13,0.08,10.98,726.62,249.96,0.08
603062.SH,麦加芯彩,20.87,27.57,29.4,2.98,6.97,7.9,6.32,1.44,65.38,24.32,13.16,31.08,0.08,2.23,4.22,3.49,0.32
300058.SZ,蓝色光标,521.31,206.13,-237.76,6.78,2.93,2.55,1.09,,0.0,85.53,16.84,67.32,0.08,扣非亏损,危险信号,161.67,0.07
002826.SZ,易明医药,37.99,38.11,98.79,5.18,5.18,10.54,10.28,,0.0,144.5,-2.11,24.24,0.08,-46.91,38.11,7.23,0.1
001238.SZ,浙江正特,51.49,90.71,8722.75,4.89,4.01,4.17,3.05,,0.0,23.4,1.26,39.16,0.08,6948.92,4346.49,43.51,0.08
600961.SH,株冶集团,151.87,18.94,18.74,5.91,21.45,24.76,11.74,,0.0,82.27,-2.64,48.55,0.08,-7.1,1.75,1.53,0.65
603789.SH,*ST星农,13.96,-16.29,-6.18,8.24,-68.73,-31.9,-2.91,,0.0,-29.14,-9.66,79.47,0.08,扣非亏损,扣非亏损,亏损,-0.92
605006.SH,山东玻纤,57.3,-20104.85,-109.83,2.28,-0.51,-0.01,0.89,,0.0,89.08,-9.52,65.87,0.08,扣非亏损,扣非亏损,亏损,-0.92
300602.SZ,飞荣达,138.11,53.27,64.69,5.12,6.31,7.37,4.11,,0.0,110.29,18.67,53.2,0.08,3.47,20.51,14.45,0.13
603096.SH,新经典,28.69,31.74,52.28,1.54,3.2,3.63,4.16,,0.0,-46.48,-3.7,4.71,0.08,-14.12,32.7,17.49,0.11
002762.SZ,*ST金比,14.82,-23.57,-26.35,3.22,-7.29,-9.63,-9.01,,0.0,-447.61,-8.26,15.92,0.08,扣非亏损,扣非亏损,亏损,-0.92
603489.SH,八方股份,77.75,87.17,151.09,2.89,2.01,2.5,2.24,,0.0,23.52,-17.39,15.9,0.08,-8.69,150.71,69.73,0.08
300638.SZ,广和通,144.12,57.96,69.6,6.66,8.16,8.65,4.63,,0.0,-34.05,26.73,50.53,0.08,2.6,17.05,13.4,0.14
300852.SZ,四会富仕,76.87,45.62,61.68,4.48,6.7,7.86,5.82,,0.0,6.85,10.49,36.61,0.08,5.88,18.42,11.61,0.13
001316.SZ,润贝航科,53.54,35.23,44.35,4.43,9.22,9.57,9.27,0.88,51.53,55.19,12.57,11.69,0.08,3.53,4.81,3.68,0.29
603936.SH,博敏电子,97.27,181.8,-38.01,2.22,0.5,0.94,0.92,,0.0,45.25,-1.68,55.91,0.08,扣非亏损,危险信号,386.8,0.07
300107.SZ,建新股份,28.55,580.57,487.49,3.07,0.32,0.4,-0.24,,0.0,-58.26,-0.39,9.72,0.08,-1243.49,3025.06,2902.85,0.08
300444.SZ,双杰电气,101.42,78.15,82.47,7.32,7.36,7.35,2.35,,0.0,1.92,46.04,78.16,0.08,1.79,22.42,21.27,0.12
301448.SZ,开创电气,20.19,-313.55,-4009.65,6.45,-2.19,-1.51,-1.13,,0.0,-130.98,5.01,22.79,0.08,扣非亏损,扣非亏损,亏损,-0.92
920706.BJ,铁拓机械,11.5,44.73,60.53,4.29,6.07,7.34,5.79,,0.0,-14.25,24.11,30.17,0.08,2.51,19.95,12.19,0.13
603602.SH,纵横通信,31.75,77.83,12592.08,2.99,0.91,2.91,2.44,0.14,40.0,-35.78,23.55,57.25,0.08,534.67,13779.91,26.75,0.08
001336.SZ,楚环科技,12.88,84.65,111.55,2.81,1.89,2.49,1.75,0.12,17.65,-16.7,-11.58,39.76,0.08,-9.63,59.12,33.99,0.09
920751.BJ,惠同新材,19.06,38.72,45.52,5.06,9.71,10.0,10.05,,0.0,22.15,5.98,8.45,0.08,7.61,9.37,7.74,0.18
601319.SH,中国人保,3003.11,5.99,7.0,1.19,16.06,16.0,,0.84,12.5,29.04,6.92,77.98,0.08,1.01,0.44,0.37,2.37
920221.BJ,易实精密,9.5,28.22,33.3,4.37,11.46,11.56,10.27,,0.0,4.92,29.24,20.85,0.08,1.14,5.81,4.88,0.25
301628.SZ,强达电路,36.59,65.83,70.25,7.37,8.57,8.54,7.33,,0.0,31.04,3.89,24.98,0.08,18.06,16.39,15.42,0.14
300563.SZ,神宇股份,42.66,85.3,91.58,5.57,4.99,4.97,4.23,0.11,21.05,111.36,1.98,24.64,0.08,46.24,18.37,17.16,0.13
605003.SH,众望布艺,33.69,48.23,62.51,2.34,2.98,3.63,3.13,,0.0,-33.73,0.35,7.56,0.08,180.38,41.98,26.57,0.1
600855.SH,航天长峰,83.61,-81.27,-34.45,5.47,-5.45,-4.92,-2.17,,0.0,22.74,-24.9,53.62,0.08,扣非亏损,扣非亏损,亏损,-0.92
300889.SZ,爱克股份,39.91,-77.76,-78.18,4.22,-2.27,-2.11,-1.2,,0.0,54.81,-5.84,45.9,0.08,扣非亏损,扣非亏损,亏损,-0.92
002218.SZ,拓日新能,83.54,-58.37,-54.8,2.09,-2.81,-2.64,-0.9,,0.0,-372.91,-1.54,39.04,0.08,扣非亏损,扣非亏损,亏损,-0.92
002620.SZ,ST瑞和,22.45,-35.82,-12.46,-121.99,-709.89,,0.58,,0.0,37.35,-38.75,93.48,0.08,扣非亏损,扣非亏损,,-0.92
300747.SZ,锐科激光,160.37,107.84,666.9,5.24,2.01,3.69,2.22,0.12,0.0,-4.74,-1.4,35.65,0.08,-477.58,664.38,58.45,0.08
600202.SH,哈空调,24.76,-77.97,-75.35,3.07,-4.94,-2.9,-0.09,,0.0,-229.7,19.07,69.96,0.08,扣非亏损,扣非亏损,亏损,-0.92
600149.SH,廊坊发展,23.84,1628.51,169.2,10.22,0.4,0.47,2.65,,0.0,128.09,30.39,42.63,0.08,5.57,852.39,6929.84,0.08
920834.BJ,三维装备,8.55,32.45,38.26,5.47,12.27,12.58,11.34,0.33,27.78,47.16,-1.4,20.12,0.08,-27.38,3.12,2.58,0.4
603115.SH,海星股份,77.67,39.59,43.5,3.76,6.24,7.13,5.62,,0.0,32.75,5.47,31.51,0.08,7.96,13.95,11.11,0.15
600979.SH,广安爱众,66.91,33.95,75.87,1.48,2.67,3.28,2.31,,0.0,-44.78,10.35,61.25,0.08,7.33,56.93,20.7,0.09
603668.SH,天马科技,69.03,73.15,4252.21,2.98,2.67,3.11,2.24,,0.0,-11.93,4.28,69.73,0.08,994.18,3188.52,47.04,0.08
002922.SZ,伊戈尔,152.55,72.74,76.95,4.57,4.75,5.47,2.83,0.33,0.0,-12.71,27.66,54.72,0.08,2.78,32.37,26.6,0.11
000816.SZ,智慧农业,54.3,400.12,-61.06,2.67,-0.54,0.5,1.15,,0.0,-150.89,-9.35,27.23,0.08,扣非亏损,扣非亏损,1600.47,-0.92
300589.SZ,江龙船艇,40.02,-132.8,-153.14,8.3,-4.34,-4.51,-2.01,,0.0,-263.29,39.55,62.7,0.08,扣非亏损,扣非亏损,亏损,-0.92
300887.SZ,谱尼测试,40.82,-23.2,-18.32,2.14,-6.81,-6.7,-5.32,,0.0,17.99,5.18,16.1,0.08,扣非亏损,扣非亏损,亏损,-0.92
300975.SZ,商络电子,80.8,59.85,73.32,4.95,6.28,6.36,3.39,,0.0,182.28,7.97,68.85,0.08,9.2,23.34,18.82,0.12
300188.SZ,国投智能,118.92,-24.51,-20.75,3.86,-11.63,-11.08,-7.49,,0.0,-0.17,-11.29,35.47,0.08,扣非亏损,扣非亏损,亏损,-0.92
600152.SH,维科技术,51.69,-65.32,-46.66,3.04,-4.12,-3.43,-2.19,,0.0,-43.94,-8.23,39.47,0.08,扣非亏损,扣非亏损,亏损,-0.92
920475.BJ,三友科技,8.15,-150.64,-336.26,4.15,-2.28,-2.04,-1.33,,0.0,-181.84,13.71,34.43,0.08,扣非亏损,扣非亏损,亏损,-0.92
301505.SZ,苏州规划,19.0,249.98,230.76,3.02,0.39,0.89,0.7,0.13,75.0,-69.49,-6.71,27.94,0.08,-34.38,596.28,280.87,0.08
300520.SZ,科大国创,114.26,-75.22,-118.4,6.78,-6.96,-6.55,-3.66,,0.0,-75.67,6.63,59.37,0.08,扣非亏损,扣非亏损,亏损,-0.92
300670.SZ,大烨智能,16.16,-24.08,-18.54,4.0,-10.89,-11.72,-3.24,,0.0,-28.39,-2.01,68.92,0.08,扣非亏损,扣非亏损,亏损,-0.92
920414.BJ,欧普泰,7.75,-93.14,-41.21,3.92,-3.58,-3.11,-2.67,,0.0,-243.85,-4.04,32.0,0.08,扣非亏损,扣非亏损,亏损,-0.92
603788.SH,宁波高发,35.74,17.21,20.81,1.73,7.06,7.44,6.42,,0.0,1.61,15.84,21.55,0.08,1.31,5.89,4.63,0.25
300552.SZ,万集科技,40.52,-40.48,-21.38,3.49,-7.37,-6.26,-3.61,,0.0,44.42,-0.38,34.57,0.08,扣非亏损,扣非亏损,亏损,-0.92
300748.SZ,金力永磁,383.41,67.87,91.26,6.65,6.04,7.19,4.14,0.53,81.82,381.94,23.36,50.18,0.08,3.91,15.11,9.44,0.14
601226.SH,华电科工,127.15,79.41,113.2,2.91,2.71,2.77,1.35,,0.0,37.38,-9.34,59.25,0.08,-12.12,83.66,57.33,0.09
301395.SZ,仁信新材,21.14,93.33,79.22,2.59,1.96,2.07,2.04,,0.0,37.64,12.17,23.55,0.08,6.51,80.76,90.17,0.09
603588.SH,高能环境,231.99,27.68,29.21,2.4,6.44,6.9,4.25,1.3,0.0,29.03,23.24,61.57,0.08,1.26,9.07,8.03,0.19
300150.SZ,世纪瑞尔,26.78,61.34,92.92,2.16,2.41,2.68,2.36,,0.0,18.13,-1.88,21.51,0.08,-49.46,77.09,45.77,0.09
603612.SH,索通发展,170.8,19.59,25.69,3.04,11.9,12.05,7.05,0.89,20.0,373.83,24.62,60.63,0.08,1.04,2.16,1.63,0.54
000993.SZ,闽东电力,62.22,32.08,45.16,2.43,5.55,5.86,5.37,,0.0,24.91,23.67,27.79,0.08,1.91,16.27,10.95,0.14
603700.SH,宁水集团,28.59,28.45,61.32,1.76,1.98,4.67,3.51,,0.0,29.1,-3.51,32.03,0.08,-17.48,61.98,12.19,0.09
600883.SH,博闻科技,20.66,69.63,64.61,2.11,1.91,2.26,2.06,,0.0,-58.07,37.87,5.8,0.08,1.71,67.54,61.66,0.09
300149.SZ,睿智医药,48.12,534.04,-27.89,4.03,-1.16,0.58,1.0,,0.0,79.22,-16.83,35.77,0.08,扣非亏损,扣非亏损,1841.51,-0.92
002901.SZ,大博医疗,129.79,32.9,44.31,5.58,10.79,12.83,10.93,,0.0,63.99,6.04,24.53,0.08,7.34,8.22,5.13,0.2
603328.SH,依顿电子,126.4,25.86,30.16,3.0,8.52,8.78,7.21,,0.0,-1.07,6.47,35.63,0.08,4.66,7.08,5.89,0.22
301279.SZ,金道科技,28.33,55.18,66.19,2.78,3.59,3.83,3.17,,0.0,48.2,-0.95,23.18,0.08,-69.6,36.82,28.82,0.1
601200.SH,上海环境,120.76,17.39,21.34,1.04,4.42,4.56,3.08,,0.0,2.99,-4.35,57.14,0.08,-4.91,9.65,7.63,0.18
002808.SZ,*ST恒久,6.72,-33.29,-22.19,4.19,-9.27,-9.02,-5.25,,0.0,-23.7,-10.79,42.42,0.08,扣非亏损,扣非亏损,亏损,-0.92
002485.SZ,ST雪发,27.91,-45.79,-36.48,2.37,-3.45,-3.8,-1.79,,0.0,-54.22,-10.46,34.63,0.08,扣非亏损,扣非亏损,亏损,-0.92
688267.SH,中触媒,54.53,23.63,29.62,1.92,6.03,6.14,6.49,1.06,0.0,55.84,7.79,7.32,0.08,3.8,9.82,7.7,0.18
301066.SZ,万事利,35.08,132.01,137.43,2.82,2.01,2.49,1.26,0.25,50.0,-19.9,1.53,24.44,0.08,90.09,68.45,53.02,0.09
603215.SH,比依股份,36.58,38.15,35.9,3.02,5.53,6.05,2.32,,0.0,-33.39,9.27,61.63,0.08,3.87,12.97,12.61,0.15
002998.SZ,优彩资源,24.26,47.28,101.15,2.1,2.76,3.0,1.88,1.59,100.0,-50.91,14.64,36.54,0.08,6.91,36.67,15.76,0.1
301152.SZ,天力锂能,20.94,-30.12,-9.37,2.67,-6.48,-6.43,-2.64,,0.0,50.97,7.51,50.5,0.08,扣非亏损,扣非亏损,亏损,-0.92
300400.SZ,劲拓股份,55.54,48.9,54.97,7.19,11.04,10.3,7.67,2.07,0.0,46.63,-9.27,36.37,0.08,-5.93,9.95,9.49,0.18
002347.SZ,泰尔股份,43.96,-62.82,-72.74,3.93,-5.4,-4.54,-2.26,,0.0,-78.65,0.5,51.2,0.08,扣非亏损,扣非亏损,亏损,-0.92
300907.SZ,康平科技,28.13,42.65,42.23,3.52,6.16,6.37,4.34,,0.0,-24.33,1.47,39.18,0.08,28.65,13.72,13.39,0.15
002395.SZ,双象股份,50.39,20.73,25.34,3.35,11.39,12.63,8.72,,0.0,127.39,18.26,37.14,0.08,1.39,4.45,3.28,0.3
301206.SZ,三元生物,35.79,61.85,69.35,1.29,1.3,1.53,1.56,1.9,0.0,-28.11,-14.33,3.73,0.08,-4.84,106.89,80.85,0.09
002115.SZ,三维通信,96.73,2722.85,-39.96,5.03,-0.51,0.14,1.69,,0.0,76.67,3.09,43.93,0.08,扣非亏损,扣非亏损,38897.83,-0.92
002843.SZ,泰嘉股份,58.61,76.21,200.4,4.16,3.84,4.14,1.95,,0.0,-21.27,56.05,43.22,0.08,3.58,104.34,36.82,0.09
300217.SZ,东方电热,68.95,41.42,56.14,1.98,2.95,4.25,2.9,,0.0,-53.3,11.64,32.63,0.08,4.82,38.1,19.49,0.1
600333.SH,长春燃气,35.2,-46.7,-81.1,1.88,-3.98,-2.98,0.05,,0.0,20.64,9.03,71.06,0.08,扣非亏损,扣非亏损,亏损,-0.92
920060.BJ,万源通,32.81,42.18,44.67,4.89,8.91,9.6,6.63,1.52,0.0,4.49,1.08,39.13,0.08,41.4,10.03,8.79,0.18
603363.SH,傲农生物,92.2,20.42,-28.79,3.37,-2.07,13.96,5.47,,0.0,93.0,-15.04,58.62,0.08,扣非亏损,扣非亏损,2.93,-0.92
600148.SH,长春一东,26.89,246.79,3221.11,5.66,0.71,1.74,0.92,,0.0,172.92,-8.46,50.72,0.08,-380.54,9112.06,283.67,0.08
300943.SZ,春晖智控,44.86,125.81,142.89,6.87,3.52,4.14,3.25,,0.0,-3.24,-1.07,20.51,0.08,-133.9,81.22,60.78,0.09
920089.BJ,禾昌聚合,17.19,17.52,20.82,2.44,10.0,11.04,7.81,,0.0,33.13,18.33,40.04,0.08,1.14,4.17,3.17,0.32
600064.SH,南京高科,153.83,4.73,8.49,0.78,10.07,12.73,6.77,,0.0,10.95,-20.54,48.21,0.08,-0.41,1.69,0.74,0.67
688272.SH,富吉瑞,26.65,-41.73,-53.43,5.86,-10.47,-10.0,-6.31,,0.0,-642.95,22.68,38.08,0.08,扣非亏损,扣非亏损,亏损,-0.92
605179.SH,一鸣食品,72.38,116.97,204.2,6.42,3.99,4.18,2.42,0.12,31.13,16.33,5.92,61.43,0.08,34.49,51.15,28.01,0.09
000762.SZ,西藏矿业,153.95,-1599.83,-196.73,5.23,-0.66,-0.24,-0.13,,0.0,-114.42,52.23,48.61,0.08,扣非亏损,扣非亏损,亏损,-0.92
300682.SZ,朗新科技,190.93,141.44,-63.37,2.94,1.22,1.54,0.91,,0.0,-30.62,-1.09,26.23,0.08,扣非亏损,危险信号,183.68,0.07
002850.SZ,科达利,324.09,28.45,28.32,3.6,9.27,9.48,7.45,,0.0,14.53,43.2,40.73,0.08,0.66,6.11,6.0,0.24
003010.SZ,若羽臣,66.35,65.33,60.46,11.63,10.76,10.3,6.27,0.86,92.0,79.01,11.99,56.52,0.08,5.04,5.62,6.34,0.25
600903.SH,贵州燃气,78.89,134.14,-284.67,2.63,0.98,1.41,2.66,0.22,17.79,-74.64,9.88,63.93,0.07,扣非亏损,危险信号,95.13,0.07
301238.SZ,瑞泰新材,153.12,97.46,314.89,2.11,1.59,1.57,1.78,0.49,0.0,-22.42,-21.65,20.54,0.07,-14.54,395.44,124.16,0.08
688210.SH,统联精密,73.22,953.93,346.73,5.59,0.22,0.45,0.67,,0.0,-94.67,32.94,44.25,0.07,10.52,3154.97,4239.69,0.08
688171.SH,纬德信息,47.0,808.19,714.45,5.7,0.27,0.53,0.67,,0.0,12.3,-17.79,7.5,0.07,-40.15,5353.69,3049.78,0.07
603757.SH,大元泵业,91.5,49.01,49.55,4.34,6.77,8.14,5.48,1.13,81.97,-15.59,8.87,28.73,0.07,5.59,7.32,6.02,0.21
688090.SH,瑞松科技,66.97,-820.86,-1385.82,7.56,-0.99,-0.68,-0.35,,0.0,-353.37,-1.23,46.41,0.07,扣非亏损,扣非亏损,亏损,-0.93
603918.SH,金桥信息,52.94,-66.58,-106.26,5.28,-5.67,-5.79,-4.74,,0.0,22.27,-13.37,30.88,0.07,扣非亏损,扣非亏损,亏损,-0.93
300257.SZ,开山股份,301.3,77.35,82.07,4.74,4.54,4.67,3.52,,0.0,41.67,6.79,60.23,0.07,12.09,36.12,33.13,0.1
002179.SZ,中航光电,745.52,32.52,29.79,3.17,7.18,7.31,5.19,,0.0,-30.63,17.63,38.75,0.07,1.69,8.29,8.9,0.2
300921.SZ,南凌科技,29.96,161.76,253.06,5.8,1.39,2.69,2.45,,0.0,352.56,1.46,14.09,0.07,172.81,365.01,120.27,0.08
002648.SZ,卫星化学,951.03,19.01,15.36,2.97,13.6,11.46,7.3,,0.0,3.65,17.25,54.02,0.07,0.89,2.26,3.32,0.52
603421.SH,鼎信通讯,61.18,-13.64,-11.02,2.18,-11.46,-11.33,-7.64,,0.0,-1055.58,4.0,27.66,0.07,扣非亏损,扣非亏损,亏损,-0.93
600572.SH,康恩贝,112.33,14.46,21.54,1.59,6.21,8.05,6.9,,0.0,1.61,0.11,29.33,0.07,196.49,6.93,3.59,0.22
601126.SH,四方股份,385.56,41.48,49.66,8.23,14.61,15.03,6.58,,0.0,14.49,17.42,60.1,0.07,2.85,6.8,5.52,0.22
300432.SZ,富临精工,298.38,69.63,91.01,6.58,5.92,7.33,4.82,,0.0,4.79,67.34,63.65,0.07,1.35,30.76,19.0,0.11
002769.SZ,普路通,41.67,86.89,1346.14,3.52,3.88,3.0,3.11,,0.0,193.8,-33.22,64.85,0.07,-40.52,693.51,57.93,0.08
002547.SZ,春兴精工,38.89,-14.89,-18.89,-26.14,,,-3.7,,0.0,22.73,-6.15,102.99,0.07,扣非亏损,,,-10.0
300880.SZ,迦南智能,45.62,50.14,58.1,4.35,5.74,6.36,4.69,,0.0,-63.65,14.94,26.06,0.07,3.89,20.26,15.77,0.12
600817.SH,宇通重工,63.77,25.75,34.51,2.64,4.58,7.55,5.79,0.88,45.45,14.15,2.4,37.37,0.07,14.39,7.54,3.41,0.21
600845.SH,宝信软件,484.43,44.52,48.74,5.93,9.15,9.85,5.44,,0.0,-45.67,5.23,48.26,0.07,9.32,10.66,9.04,0.17
688103.SH,国力电子,57.9,77.94,119.97,5.16,4.27,4.84,3.24,,0.0,159.13,16.96,54.98,0.07,7.07,56.14,32.21,0.09
300213.SZ,佳讯飞鸿,48.15,-264.03,325.35,2.36,-0.74,-0.67,0.03,,0.0,-147.89,3.9,28.5,0.07,83.46,困境反转,亏损,0.08
300223.SZ,北京君正,501.11,168.61,294.42,4.64,1.65,2.1,1.48,,0.0,-36.69,-6.9,8.22,0.07,-42.69,357.65,160.58,0.08
300595.SZ,欧普康视,104.62,23.77,34.17,2.83,8.13,9.13,9.46,0.38,20.07,-17.21,12.02,15.48,0.07,2.84,4.2,2.6,0.31
002122.SZ,ST汇洲,60.04,80.61,-15.45,2.77,2.6,2.68,1.59,,0.0,-13.24,4.94,37.12,0.07,扣非亏损,危险信号,60.16,-0.01
688016.SH,心脉医疗,132.2,23.11,49.69,3.34,9.61,10.95,10.85,1.42,50.98,-25.8,21.66,15.85,0.07,2.29,5.17,2.11,0.27
300119.SZ,瑞普生物,65.92,18.93,27.23,1.96,5.89,7.93,5.97,,0.0,25.8,8.35,33.04,0.07,3.26,9.25,4.78,0.18
600468.SH,百利电气,96.81,87.73,-71.59,4.82,4.0,4.21,2.64,,0.0,-17.83,-5.67,44.77,0.07,扣非亏损,危险信号,41.68,0.05
002520.SZ,日发精机,47.42,-13.94,-4.53,19.29,-126.62,-68.55,-8.25,,0.0,-536.96,-6.03,89.64,0.07,扣非亏损,扣非亏损,亏损,-0.93
920357.BJ,雅葆轩,10.88,30.13,32.55,5.07,12.58,12.19,9.69,,0.0,61.0,26.37,39.26,0.07,1.23,5.18,4.94,0.27
300611.SZ,美力科技,40.58,37.09,42.86,4.7,9.62,9.95,6.33,,0.0,49.74,25.4,45.23,0.07,1.69,8.91,7.46,0.19
301338.SZ,凯格精机,111.24,123.76,142.15,12.78,7.64,7.98,4.48,,0.0,199.57,2.82,41.22,0.07,50.47,37.2,31.02,0.1
600187.SH,国中水务,33.08,-153.73,-257.66,1.04,-0.59,-0.51,-0.32,,0.0,-899.87,-23.25,8.17,0.07,扣非亏损,扣非亏损,亏损,-0.93
688595.SH,芯海科技,48.06,-57.23,-37.86,6.68,-8.54,-8.4,-3.85,,0.0,45.53,8.68,50.76,0.07,扣非亏损,扣非亏损,亏损,-0.93
600392.SH,盛和资源,443.47,42.23,49.91,3.33,7.02,8.55,5.33,0.23,23.26,825.82,9.38,32.59,0.07,5.32,7.11,4.94,0.21
603823.SH,百合花,70.28,38.92,45.38,2.89,5.34,5.67,5.16,,0.0,-2.61,-0.6,21.39,0.07,-75.95,17.01,13.73,0.13
300383.SZ,光环新网,272.2,142.41,183.77,2.14,1.1,1.13,1.59,,0.0,-58.6,-1.56,38.09,0.07,-117.83,333.62,252.06,0.08
603026.SH,石大胜华,169.87,-204.82,-268.83,3.51,-1.51,-1.52,-0.91,,0.0,-2687.63,-5.32,50.55,0.07,扣非亏损,扣非亏损,亏损,-0.93
002038.SZ,双鹭药业,52.31,33.53,187.28,1.11,0.52,2.5,2.58,,0.0,-62.39,-17.24,5.44,0.07,-10.86,719.21,26.82,0.07
600988.SH,赤峰黄金,680.71,28.33,28.92,6.21,19.83,19.23,15.26,,0.0,95.14,35.3,33.85,0.07,0.82,2.92,2.95,0.42
002322.SZ,理工能科,50.46,28.6,23.43,1.89,4.57,4.73,4.46,2.33,90.32,-23.32,-0.44,10.07,0.07,-53.83,5.13,6.05,0.27
600080.SH,金花股份,32.1,69.82,147.54,2.03,1.61,2.19,1.63,,0.0,45.96,3.21,19.09,0.07,45.98,183.01,63.77,0.08
301526.SZ,国际复材,169.37,124.97,-55027.43,5.54,3.07,3.38,2.28,,0.0,214.27,-3.79,57.54,0.07,扣非亏损,危险信号,73.95,0.07
688232.SH,新点软件,78.31,-55.08,178.32,1.48,-2.86,-1.97,-1.45,,0.0,-81.35,-8.19,16.39,0.07,-21.77,困境反转,亏损,0.09
002313.SZ,日海智能,34.37,-47.04,-31.4,256.89,-135.08,-140.22,0.3,,0.0,24.66,-13.1,99.72,0.07,扣非亏损,扣非亏损,亏损,-0.93
603326.SH,我乐家居,30.99,16.88,20.69,2.7,10.19,11.58,7.65,1.69,51.87,109.71,-5.67,43.37,0.07,-3.65,2.03,1.46,0.57
002646.SZ,天佑德酒,40.64,140.68,1973.68,1.43,0.65,0.77,1.24,,0.0,-66.29,6.72,13.58,0.07,293.87,6102.92,365.39,0.07
600280.SH,中央商场,38.48,-53.9,-21.45,6.25,-7.35,-8.19,1.84,,0.0,-124.69,-7.13,94.04,0.07,扣非亏损,扣非亏损,亏损,-0.93
301207.SZ,华兰疫苗,116.89,66.3,1112.53,2.06,1.48,2.2,1.86,3.22,1714.29,-56.02,-7.14,20.96,0.07,-155.91,753.74,30.14,0.07
003018.SZ,金富科技,27.47,58.52,64.46,4.58,5.57,5.91,6.06,,0.0,-23.99,10.7,18.38,0.07,6.03,23.14,19.8,0.12
605007.SH,五洲特纸,66.66,32.73,43.71,2.3,4.76,5.07,2.99,,0.0,-46.38,29.46,70.06,0.07,1.48,18.39,12.91,0.13
920091.BJ,大鹏工业,9.82,103.57,91.4,12.66,7.52,9.61,8.42,,0.0,,18.17,19.61,0.07,5.03,24.3,21.55,0.11
600489.SH,中金黄金,1491.52,30.41,29.09,5.11,14.89,12.86,9.84,,0.0,60.92,5.36,45.19,0.07,5.43,3.91,4.73,0.33
300438.SZ,鹏辉能源,233.4,190.32,-90.85,5.58,0.31,2.16,0.93,,0.0,18.04,16.85,73.62,0.07,扣非亏损,危险信号,176.22,0.07
300253.SZ,卫宁健康,168.06,-63.4,-83.06,3.62,-3.89,-4.1,-3.23,,0.0,-259.86,0.9,31.31,0.07,扣非亏损,扣非亏损,亏损,-0.93
920885.BJ,星辰科技,18.79,101.62,123.08,9.08,6.77,6.84,4.79,,0.0,175.62,1.75,32.26,0.07,70.26,36.34,29.71,0.1
002497.SZ,雅化集团,260.4,63.67,83.3,2.61,2.72,1.84,2.78,,0.0,156.87,40.99,23.3,0.07,2.03,61.35,69.2,0.09
300162.SZ,雷曼光电,32.92,341.37,-76.0,4.51,-0.02,1.0,0.41,,0.0,99.73,-0.53,43.68,0.07,扣非亏损,扣非亏损,682.73,-0.93
688339.SH,亿华通,64.08,-18.96,-13.39,3.48,-12.91,-12.95,-7.96,,0.0,-12.37,-9.48,39.22,0.07,扣非亏损,扣非亏损,亏损,-0.93
002973.SZ,侨银股份,42.99,28.17,25.75,2.24,6.55,5.98,4.63,,0.0,-35.47,5.89,66.86,0.07,4.37,7.87,9.42,0.2
603690.SH,至纯科技,100.91,89.36,-49.61,2.01,0.69,1.72,1.76,,0.0,-81.08,21.35,64.88,0.07,扣非亏损,危险信号,103.9,0.07
600797.SH,浙大网新,100.08,240.63,-103.53,2.87,-2.24,0.93,1.55,,0.0,0.42,-7.82,37.11,0.07,扣非亏损,扣非亏损,517.48,-0.93
600026.SH,中远海能,768.27,33.28,38.82,3.23,6.78,7.33,5.41,,0.0,-25.85,22.52,50.45,0.07,1.72,11.45,9.08,0.16
002871.SZ,伟隆股份,28.42,34.95,35.76,4.32,9.78,10.59,8.51,0.28,17.86,13.23,12.37,20.55,0.07,2.89,3.65,3.3,0.35
600389.SH,江山股份,135.87,23.97,36.7,3.32,8.58,10.86,5.97,1.78,56.96,103.62,-1.17,53.73,0.07,-31.29,4.28,2.21,0.31
603881.SH,数据港,255.17,159.67,190.2,7.73,3.05,3.66,3.16,0.08,20.0,7.09,11.47,58.78,0.07,16.59,62.44,43.63,0.09
688099.SH,晶晨股份,383.6,41.23,46.66,5.35,9.28,10.26,8.55,,0.0,13.71,7.76,13.71,0.07,6.01,10.05,8.04,0.17
002828.SZ,贝肯能源,26.87,72.11,68.36,4.01,2.78,4.22,3.19,,0.0,-17.78,0.7,62.46,0.07,97.0,49.13,34.18,0.09
920274.BJ,宏裕包材,20.02,99.05,110.01,4.11,2.33,3.12,2.27,,0.0,210.41,3.15,46.02,0.07,34.97,94.27,63.49,0.08
002676.SZ,顺威股份,51.62,65.91,79.11,3.96,4.46,4.62,2.84,,0.0,31.95,8.46,61.81,0.07,9.35,35.51,28.53,0.1
002429.SZ,兆驰股份,540.21,40.53,46.58,3.29,5.49,6.1,4.53,,0.0,-32.41,-0.23,39.46,0.07,-203.58,16.97,13.29,0.13
000565.SZ,渝三峡A,35.64,162.09,591.59,2.86,0.81,1.33,1.16,,0.0,-20.83,-9.14,22.53,0.07,-64.69,1465.07,243.74,0.07
601965.SH,中国汽研,184.9,20.92,21.16,2.48,8.44,9.2,7.62,0.6,0.0,3.41,7.41,27.72,0.07,2.86,5.01,4.55,0.27
600330.SH,天通股份,227.32,297.45,-269.51,2.83,0.06,0.72,0.59,,0.0,-95.07,-8.19,30.61,0.07,扣非亏损,危险信号,826.25,0.07
002125.SZ,湘潭电化,95.05,45.31,61.19,3.12,4.63,5.17,3.86,,0.0,-38.6,1.21,39.94,0.07,50.6,26.42,17.53,0.11
300294.SZ,博雅生物,105.14,22.99,59.96,1.37,2.77,4.5,3.84,0.66,33.33,-37.55,-11.46,12.08,0.07,-5.23,21.65,5.11,0.12
601388.SH,怡球资源,89.15,68.57,1705.79,1.95,1.71,2.18,2.67,,0.0,-6.53,-5.27,27.11,0.07,-323.73,1998.35,62.91,0.07
603733.SH,仙鹤股份,170.14,16.4,19.32,2.05,8.31,8.93,4.7,,0.0,-7.05,19.75,66.46,0.07,0.98,4.65,3.67,0.29
301062.SZ,上海艾录,27.23,-59.07,-64.94,2.59,-3.09,-3.2,-1.43,0.49,0.0,-179.49,2.29,49.54,0.07,扣非亏损,扣非亏损,亏损,-0.93
920174.BJ,五新隧装,37.01,104.53,119.68,10.98,7.91,8.27,6.14,,0.0,-29.9,12.82,27.78,0.07,9.34,30.25,25.28,0.11
603222.SH,济民健康,46.42,-45.12,-28.64,3.32,-5.32,-5.36,-3.04,,0.0,-385.1,-10.07,40.38,0.07,扣非亏损,扣非亏损,亏损,-0.93
001209.SZ,洪兴股份,19.75,117.72,161.81,2.1,0.82,1.33,1.54,,0.0,-69.27,11.59,34.34,0.07,13.96,396.94,177.02,0.07
300664.SZ,鹏鹞环保,47.77,13.33,46.26,1.09,3.88,6.23,5.16,0.93,20.3,-1.79,-2.59,42.36,0.07,-17.84,11.92,2.14,0.16
603161.SH,科华控股,29.47,27.57,62.56,2.01,3.25,5.54,3.08,,0.0,-38.58,8.52,48.95,0.07,7.34,38.54,9.95,0.1
300259.SZ,新天科技,60.35,28.38,38.26,2.0,3.42,5.34,5.19,1.13,0.0,5.68,-9.07,14.74,0.07,-4.22,22.34,10.63,0.12
300166.SZ,东方国信,109.6,-104.93,-87.91,2.35,-2.14,-1.65,-0.93,,0.0,-388.93,4.66,38.11,0.07,扣非亏损,扣非亏损,亏损,-0.93
002019.SZ,亿帆医药,121.59,33.99,,1.99,3.64,4.44,3.7,,0.0,25.17,6.63,33.55,0.07,,,15.31,0.14
002887.SZ,绿茵生态,23.27,39.02,39.28,1.6,2.39,2.89,2.81,,0.0,28.78,-10.4,38.29,0.07,-3.78,32.85,27.0,0.1
001268.SZ,联合精密,19.57,42.28,40.59,3.27,5.75,5.85,4.82,,0.0,19.14,5.02,33.07,0.07,8.09,14.11,14.46,0.14
301070.SZ,开勒股份,37.06,195.35,-754.79,7.16,1.43,2.76,1.83,,0.0,2067.24,-0.1,17.21,0.07,扣非亏损,危险信号,141.56,0.07
300326.SZ,ST凯利,43.96,46.72,-77.42,1.59,1.89,2.59,2.65,,0.0,18.07,-7.71,14.69,0.07,扣非亏损,危险信号,36.08,0.06
300513.SZ,恒实科技,28.37,-26.9,-2.85,2.34,-10.25,-4.15,-1.82,,0.0,-176.26,-2.52,57.55,0.07,扣非亏损,扣非亏损,亏损,-0.93
003009.SZ,中天火箭,102.04,-347.34,-263.17,6.41,-2.21,-1.83,-0.84,0.02,74.8,-330.09,-1.47,46.51,0.07,扣非亏损,扣非亏损,亏损,-0.93
002014.SZ,永新股份,73.63,18.1,16.82,3.18,11.8,12.51,8.84,2.35,93.33,1.06,5.29,42.62,0.07,3.18,1.43,1.45,0.77
603036.SH,如通股份,39.14,32.48,39.28,2.85,5.58,6.52,6.81,,0.0,23.35,15.01,10.65,0.07,2.62,14.09,9.96,0.14
002250.SZ,联化科技,147.58,35.24,36.88,2.23,4.56,4.69,2.94,,0.0,1504.44,-3.52,48.57,0.07,-10.48,16.16,15.03,0.13
688312.SH,燕麦科技,72.2,56.15,64.72,4.88,6.07,6.59,5.16,,0.0,48.48,9.8,18.21,0.07,6.61,21.34,17.04,0.12
300458.SZ,全志科技,254.19,83.64,122.79,9.93,8.04,9.13,7.04,,0.0,125.73,6.85,18.02,0.07,17.92,30.54,18.32,0.1
002907.SZ,华森制药,42.29,60.95,135.7,3.49,3.12,4.31,4.26,0.24,27.09,-13.03,-2.36,14.4,0.07,-57.44,43.52,14.14,0.09
300854.SZ,中兰环保,19.5,-87.2,-79.06,2.5,-3.21,-2.12,-1.23,,0.0,-607.42,-1.23,37.38,0.07,扣非亏损,扣非亏损,亏损,-0.93
603633.SH,徕木股份,35.68,210.55,220.74,1.84,0.36,0.65,0.98,,0.0,-89.0,29.11,51.7,0.07,7.58,1223.62,647.85,0.07
003003.SZ,天元股份,16.57,37.56,40.51,1.92,3.61,3.86,3.34,,0.0,14.66,-2.82,28.09,0.07,-14.35,22.47,19.46,0.12
920225.BJ,利通科技,21.95,38.16,36.97,4.71,7.78,9.39,8.22,,0.0,-16.23,14.08,20.96,0.07,2.63,9.5,8.13,0.18
002558.SZ,巨人网络,673.37,47.53,36.74,4.44,10.61,10.23,9.26,0.35,35.71,16.5,13.13,16.4,0.07,2.8,3.46,4.65,0.36
920476.BJ,海能技术,17.96,78.68,60.57,4.41,2.81,3.94,2.8,,0.0,185.63,8.67,19.91,0.07,6.99,43.07,39.94,0.09
600636.SH,*ST国化,37.33,81.37,-9.2,1.81,0.85,1.67,0.97,0.12,62.89,191.66,-12.98,5.46,0.07,扣非亏损,危险信号,48.73,-0.02
300279.SZ,和晶科技,50.11,57.64,99.22,4.86,5.15,6.52,4.12,,0.0,15.99,0.39,46.39,0.07,255.86,38.54,17.68,0.1
000963.SZ,华东医药,612.33,16.72,17.19,2.54,11.41,11.39,8.42,0.89,34.0,8.53,6.66,38.65,0.07,2.58,1.51,1.47,0.74
002086.SZ,东方海洋,35.9,-31.64,-19.29,3.35,-8.09,-7.64,-5.96,,0.0,-38.31,3.02,19.54,0.07,扣非亏损,扣非亏损,亏损,-0.93
688268.SH,华特气体,94.49,59.61,58.54,5.14,5.86,6.02,4.74,,0.0,-10.04,3.34,41.84,0.07,17.52,19.98,19.8,0.12
605009.SH,豪悦护理,63.8,23.53,22.58,1.88,5.81,6.0,4.7,,0.0,-32.55,6.15,35.2,0.07,3.67,7.78,7.84,0.2
300801.SZ,泰和科技,39.05,52.8,58.43,2.49,2.41,3.6,3.19,,0.0,-22.66,3.75,23.48,0.07,15.58,48.5,29.33,0.09
920123.BJ,芭薇股份,8.71,38.92,38.97,3.77,6.32,7.28,4.44,,0.0,-7.34,20.28,53.41,0.07,1.92,12.33,10.69,0.15
603216.SH,梦天家居,79.83,106.35,153.2,4.46,2.06,3.14,2.66,,0.0,-0.02,-9.66,21.44,0.07,-15.85,148.39,67.74,0.08
301046.SZ,能辉科技,35.76,150.41,225.43,5.76,2.54,2.75,2.03,,0.0,-56.51,34.97,54.28,0.07,6.45,177.69,109.39,0.08
301239.SZ,普瑞眼科,52.91,242.7,-67.08,2.49,1.17,0.77,3.17,,0.0,34.71,18.99,53.52,0.07,扣非亏损,危险信号,630.38,0.06
001395.SZ,亚联机械,20.02,20.04,22.93,3.24,14.56,12.75,7.76,,0.0,10.72,20.11,46.25,0.07,1.14,3.15,3.14,0.39
603098.SH,森特股份,91.11,71.09,143.08,3.23,2.71,3.43,2.42,,0.0,31.95,0.47,46.91,0.07,306.35,105.54,41.45,0.08
300042.SZ,朗科科技,76.14,-200.65,-228.09,7.6,-2.77,-2.8,-2.76,,0.0,63.86,-23.24,22.3,0.07,扣非亏损,扣非亏损,亏损,-0.93
600322.SH,津投城开,25.98,-2.47,-2.19,-3.37,,,-3.07,,0.0,-131.23,-16.1,102.58,0.07,扣非亏损,,,-10.0
605180.SH,华生科技,26.8,82.05,98.18,2.34,2.01,2.14,2.31,,0.0,-51.08,-7.83,7.1,0.07,-12.54,97.48,76.68,0.08
603277.SH,银都股份,92.74,14.99,22.92,3.28,12.99,15.78,11.27,2.08,61.4,-19.86,3.89,39.21,0.07,5.89,1.76,0.95,0.64
603500.SH,祥和实业,38.63,26.48,26.51,3.82,10.84,11.01,8.74,,0.0,186.82,11.34,30.35,0.07,2.34,4.89,4.81,0.28
301169.SZ,零点有数,41.36,-57.43,-67.23,9.45,-12.06,-11.65,-9.0,,0.0,20.11,-3.23,27.0,0.07,扣非亏损,扣非亏损,亏损,-0.93
920469.BJ,富恒新材,10.57,-351.7,-89.46,3.15,-1.04,-0.66,1.04,,0.0,-112.51,26.36,65.15,0.07,扣非亏损,扣非亏损,亏损,-0.93
300181.SZ,佐力药业,98.09,16.78,18.98,3.66,17.28,18.05,14.3,,0.0,22.51,21.39,31.46,0.07,0.89,2.2,1.86,0.53
603080.SH,新疆火炬,32.71,15.56,18.01,2.15,10.43,10.05,8.16,,0.0,21.9,19.45,29.94,0.07,0.93,3.45,3.1,0.36
300159.SZ,*ST新研,56.24,-31.41,-27.48,-19.98,,,-6.04,,0.0,-24.77,-10.44,119.64,0.07,扣非亏损,,,-10.0
301196.SZ,唯科科技,72.11,37.22,46.1,3.33,6.33,6.88,5.98,0.74,0.0,60.94,19.42,20.05,0.07,2.37,14.58,10.82,0.14
688538.SH,和辉光电,144.38,-18.98,-15.96,4.0,-15.01,-14.65,-3.36,,0.0,22.82,13.31,68.44,0.07,扣非亏损,扣非亏损,亏损,-0.93
301003.SZ,江苏博云,38.66,46.09,41.15,4.5,7.11,6.89,7.22,0.67,51.72,-13.06,-0.33,5.07,0.07,-124.09,5.79,6.69,0.24
920026.BJ,卓兆点胶,13.03,52.98,78.97,4.71,6.49,6.82,7.61,0.62,66.67,275.76,-20.52,22.29,0.07,-3.85,12.17,7.77,0.15
300363.SZ,博腾股份,105.06,107.41,-2302.17,2.15,1.02,1.52,1.3,,0.0,125.14,20.27,35.99,0.07,扣非亏损,危险信号,141.33,0.07
605060.SH,联德股份,133.52,56.71,63.14,5.56,7.29,7.45,6.6,,0.0,19.66,13.02,20.4,0.07,4.85,17.32,15.22,0.13
000045.SZ,深纺织A,59.23,82.82,120.42,2.21,1.61,2.01,2.12,,0.0,-32.1,12.87,18.94,0.07,9.36,149.9,82.41,0.08
605300.SH,佳禾食品,51.53,148.63,610.42,1.8,0.42,0.99,0.88,,0.0,-85.6,-0.16,20.17,0.07,-3935.64,2931.88,300.27,0.07
002007.SZ,华兰生物,240.15,26.66,30.78,2.45,6.39,6.55,5.97,3.3,177.05,-9.17,0.69,18.55,0.07,44.79,4.82,4.07,0.28
002913.SZ,奥士康,144.51,40.37,44.24,3.44,6.14,6.38,3.81,,0.0,1.52,1.08,45.79,0.07,41.15,14.41,12.65,0.14
301150.SZ,中一科技,113.63,230.77,-667.34,3.34,0.25,1.09,0.93,,0.0,108.38,29.97,47.37,0.07,扣非亏损,危险信号,423.43,0.07
300746.SZ,汉嘉数智,28.61,85.45,-7.54,3.76,4.25,3.33,2.32,,0.0,4563.88,-24.43,68.88,0.07,扣非亏损,危险信号,51.32,-0.21
002491.SZ,通鼎互联,132.35,-158.52,622.81,5.58,0.85,-2.6,0.49,,0.0,-35.34,-0.19,55.8,0.07,-3197.19,1472.2,亏损,0.07
603015.SH,弘讯科技,55.78,130.54,115.84,4.0,1.77,2.3,2.22,,0.0,-52.02,-2.1,33.66,0.07,-55.13,130.8,113.51,0.08
600800.SH,渤海化学,58.37,-7.56,-8.05,4.91,-39.25,-39.33,-13.73,,0.0,-5.98,14.69,69.82,0.07,扣非亏损,扣非亏损,亏损,-0.93
301270.SZ,汉仪股份,33.96,298.02,394.63,3.69,0.57,0.91,0.81,,0.0,1105.18,-4.43,6.58,0.07,-89.04,1386.87,654.99,0.07
002818.SZ,富森美,35.47,13.98,15.36,1.61,7.73,8.27,8.33,3.24,83.72,-18.97,-2.3,13.45,0.07,-6.67,1.99,1.69,0.57
920533.BJ,骏创科技,18.43,119.94,146.34,9.34,4.41,5.83,3.41,,0.0,-65.18,32.3,59.43,0.07,4.53,66.33,41.15,0.09
603679.SH,华体科技,27.76,-36.71,-28.3,3.69,-6.71,-7.08,-3.44,,0.0,-56.94,-8.4,47.42,0.07,扣非亏损,扣非亏损,亏损,-0.93
688193.SH,仁度生物,21.19,226.58,-87.87,2.31,-0.84,0.77,0.63,0.31,0.0,-143.68,-11.36,7.25,0.07,扣非亏损,扣非亏损,588.52,-0.93
002023.SZ,海特高新,83.2,52.44,95.85,1.9,2.01,2.74,2.81,,0.0,109.45,16.17,35.87,0.07,5.93,95.33,38.27,0.08
000917.SZ,电广传媒,141.32,80.24,92.74,1.36,1.23,1.28,2.41,,0.0,186.76,-3.13,30.82,0.07,-29.59,150.61,125.37,0.08
600577.SH,精达股份,318.52,52.98,57.97,5.26,7.15,7.59,5.28,0.24,21.43,9.78,7.48,55.86,0.07,7.75,8.1,6.98,0.19
300386.SZ,飞天诚信,39.12,471.15,-125.4,4.42,0.49,0.71,-0.56,,0.0,123.52,-2.35,9.38,0.07,扣非亏损,危险信号,1327.17,0.07
605056.SH,咸亨国际,97.62,57.96,38.23,5.9,7.47,7.55,5.49,0.48,0.0,36.94,22.53,48.19,0.07,1.7,10.23,15.35,0.17
300743.SZ,天地数码,24.77,24.2,27.83,4.74,13.54,14.33,9.27,,0.0,16.91,12.19,42.88,0.07,2.28,4.11,3.38,0.31
002298.SZ,中电鑫龙,78.95,243.31,-7.6,3.88,0.76,1.34,1.74,,0.0,104.31,-10.97,54.83,0.07,扣非亏损,危险信号,363.15,0.02
000892.SZ,欢瑞世纪,44.64,-131.89,-28.87,7.29,-5.5,-4.06,-2.06,,0.0,12.85,8.22,51.81,0.07,扣非亏损,扣非亏损,亏损,-0.93
603183.SH,建研院,24.01,373.66,52.32,1.51,0.27,0.3,0.48,,0.0,-80.35,0.55,24.07,0.07,95.93,383.97,2491.09,0.07
002439.SZ,启明星辰,107.28,-62.28,-66.39,1.6,-2.53,-1.91,-1.96,,0.0,-93.29,-7.9,14.89,0.07,扣非亏损,扣非亏损,亏损,-0.93
002066.SZ,瑞泰科技,44.7,1625.89,455.87,6.43,-0.12,0.29,1.53,,0.0,-102.6,-1.25,69.94,0.07,-365.75,-7693.96,11213.03,0.07
000004.SZ,*ST国华,7.78,-22.58,-5.9,22.07,-93.26,-53.65,-11.98,,0.0,-41.92,-28.88,83.02,0.07,扣非亏损,扣非亏损,亏损,-0.93
605365.SH,立达信,102.11,60.16,47.1,2.74,2.45,3.38,1.99,,0.0,-60.87,2.32,42.87,0.07,20.3,38.5,35.6,0.1
002766.SZ,索菱股份,45.5,22144.24,703.11,3.99,-0.46,0.02,-0.58,,0.0,-111.53,23.92,15.6,0.07,29.39,-3078.42,2214423.78,0.07
002240.SZ,盛新锂能,368.54,-36.84,-32.25,3.52,-7.42,-6.71,-2.36,,0.0,-42.28,74.23,50.34,0.07,扣非亏损,扣非亏损,亏损,-0.93
688229.SH,博睿数据,44.31,-79.59,-46.84,10.59,-10.14,-10.33,-9.51,,0.0,34.24,2.53,12.38,0.07,扣非亏损,扣非亏损,亏损,-0.93
600885.SH,宏发股份,463.19,23.64,26.84,4.59,14.14,14.69,10.7,,0.0,17.57,12.39,36.54,0.07,2.17,3.8,3.22,0.33
600756.SH,浪潮软件,57.14,-21.9,-62.26,2.93,-9.51,-9.51,-5.13,,0.0,-118.2,3.22,49.03,0.07,扣非亏损,扣非亏损,亏损,-0.93
601882.SH,海天精工,114.06,25.34,27.35,3.99,11.08,12.19,7.35,,0.0,-15.01,7.27,44.53,0.07,3.76,4.94,4.16,0.27
002853.SZ,皮阿诺,34.96,-495.14,-12.59,5.33,-2.0,-0.8,-0.51,,0.0,-74.95,-20.81,37.31,0.07,扣非亏损,扣非亏损,亏损,-0.93
300014.SZ,亿纬锂能,1364.27,37.69,54.44,3.58,5.0,7.27,3.46,0.37,31.41,-22.51,49.62,63.47,0.07,1.1,10.88,5.18,0.16
688615.SH,合合信息,182.74,56.53,66.53,9.43,11.33,12.8,10.29,,0.0,11.09,21.31,23.14,0.07,3.12,11.74,8.83,0.15
600258.SH,首旅酒店,189.49,18.83,25.35,1.57,5.69,6.32,5.0,,0.0,2.15,11.76,51.11,0.07,2.16,8.92,5.96,0.18
600654.SH,中安科,80.88,38.13,-123.35,5.82,0.03,12.14,6.13,,0.0,101.54,6.68,52.78,0.07,扣非亏损,危险信号,6.28,0.07
600477.SH,杭萧钢构,82.8,41.73,-75.88,1.63,1.64,2.97,1.9,0.88,48.15,-55.64,-4.64,65.13,0.07,扣非亏损,危险信号,14.04,0.05
920019.BJ,铜冠矿建,33.78,69.69,71.9,4.61,4.87,4.97,3.8,,0.0,-8.62,11.19,48.11,0.07,6.43,29.55,28.02,0.1
600761.SH,安徽合力,180.01,12.04,16.67,1.67,9.57,10.63,7.38,0.48,11.24,0.56,4.47,41.03,0.07,3.73,1.74,1.13,0.64
003005.SZ,竞业达,24.81,-100.9,-250.11,2.52,-2.03,-1.82,-1.44,,0.0,-294.35,-7.41,16.75,0.07,扣非亏损,扣非亏损,亏损,-0.93
300813.SZ,泰林生物,19.6,159.1,346.33,3.95,1.62,1.82,0.97,0.41,90.91,21.83,11.17,15.41,0.07,31.01,213.68,87.42,0.07
002001.SZ,新和成,1174.35,16.75,16.33,3.69,17.34,17.32,13.9,0.79,17.09,37.37,14.88,28.25,0.07,1.1,0.94,0.97,1.13
002683.SZ,广东宏大,298.95,52.32,38.9,5.13,9.77,10.35,5.89,0.42,29.91,5.49,16.79,53.67,0.07,2.32,3.98,5.06,0.32
688597.SH,煜邦电力,33.47,69.03,47.06,4.0,2.98,4.05,2.52,,0.0,-47.87,38.9,54.54,0.07,1.21,31.55,34.09,0.1
600237.SH,铜峰电子,63.59,60.26,63.41,3.34,3.81,4.29,4.05,,0.0,27.63,9.02,26.22,0.07,7.03,33.27,28.09,0.1
603170.SH,宝立食品,54.84,21.44,23.12,3.89,13.0,13.5,13.49,0.98,48.28,14.27,19.11,28.44,0.07,1.21,1.78,1.59,0.63
301314.SZ,科瑞思,7.85,191.99,337.51,2.55,0.43,0.97,0.29,,0.0,-37.33,-23.23,9.12,0.07,-14.53,1578.62,395.86,0.07
300396.SZ,迪瑞医疗,34.31,-29.53,-23.14,1.81,-4.76,-4.41,-4.01,,0.0,-149.88,12.01,31.92,0.07,扣非亏损,扣非亏损,亏损,-0.93
300740.SZ,水羊股份,74.96,44.95,57.69,3.93,6.16,6.42,5.04,,0.0,21.56,-5.43,50.62,0.07,-10.62,18.74,14.0,0.12
301113.SZ,雅艺科技,15.01,1044.48,802.24,3.61,0.02,0.25,0.2,0.38,0.0,-95.87,5.63,5.34,0.07,142.6,70064.76,8355.87,0.07
002774.SZ,快意电梯,30.99,53.35,56.56,3.09,2.63,4.25,2.85,,0.0,-53.77,-5.92,42.13,0.07,-9.55,42.98,25.11,0.09
002434.SZ,万里扬,114.48,25.23,53.59,1.93,3.97,5.81,4.22,,0.0,-2.69,3.51,41.71,0.07,15.28,27.01,8.68,0.11
002630.SZ,ST华西,24.01,55.28,-7.01,11.4,15.19,17.04,2.48,,0.0,-58.46,37.61,95.88,0.07,扣非亏损,危险信号,6.49,-1.01
603324.SH,盛剑科技,35.9,87.69,69.67,2.14,1.46,1.83,1.24,,0.0,-69.09,8.22,52.4,0.07,8.48,95.4,95.83,0.08
300398.SZ,飞凯材料,157.71,40.89,52.94,3.22,5.92,6.43,5.69,0.18,10.26,29.09,3.82,27.41,0.07,13.86,8.95,6.36,0.18
603297.SH,永新光学,128.31,63.83,66.49,6.43,6.45,7.49,6.57,,0.0,7.13,3.9,17.12,0.07,17.04,20.63,17.05,0.12
688509.SH,正元地信,18.47,-44.04,-22.63,2.98,-5.17,-4.94,-1.93,,0.0,22.32,-24.71,58.61,0.07,扣非亏损,扣非亏损,亏损,-0.93
688314.SH,康拓医疗,34.82,34.04,43.5,5.06,10.82,12.16,11.63,0.6,29.41,7.8,14.86,12.72,0.07,2.93,4.02,2.8,0.32
002897.SZ,意华股份,118.34,35.0,84.38,4.58,9.73,10.52,5.93,,0.0,16.67,11.03,60.34,0.07,7.65,17.35,6.65,0.13
688139.SH,海尔生物,101.28,38.29,46.24,2.34,3.98,4.56,3.29,,0.0,-37.2,4.83,18.85,0.07,9.57,23.21,16.79,0.11
603511.SH,爱慕股份,59.4,44.27,75.07,1.37,1.63,2.31,2.29,,0.0,-31.25,-3.35,14.33,0.07,-22.39,92.3,38.33,0.08
688217.SH,睿昂基因,16.67,-222.4,-51.04,1.84,-1.35,-0.62,-1.83,0.65,283.33,-1107.18,0.18,4.17,0.07,扣非亏损,扣非亏损,亏损,-0.93
600651.SH,飞乐音响,182.26,385.16,7270.75,7.31,0.29,1.43,1.12,,0.0,230.75,-22.77,38.62,0.07,-319.33,49393.66,538.68,0.07
002873.SZ,新天药业,24.82,117.67,395.4,2.01,1.1,1.35,1.44,,0.0,-67.93,-3.42,39.64,0.07,-115.72,717.03,174.33,0.07
002467.SZ,二六三,93.49,93.05,204.65,4.82,2.17,3.94,3.58,,0.0,-21.59,-0.89,15.34,0.07,-230.45,188.42,47.23,0.07
001300.SZ,三柏硕,41.17,-671.29,-378.64,3.97,-1.03,-0.44,-0.77,,0.0,-192.81,-9.43,18.12,0.07,扣非亏损,扣非亏损,亏损,-0.93
002537.SZ,海联金汇,100.08,37.57,90.8,2.38,3.17,4.88,3.14,,0.0,-27.1,1.55,53.19,0.07,58.71,57.33,15.4,0.09
301099.SZ,雅创电子,38.11,56.42,54.48,4.8,6.29,6.26,4.88,,0.0,22.87,37.88,64.7,0.07,1.44,17.32,18.02,0.13
603000.SH,人民网,224.34,500.14,112.61,6.11,0.6,0.91,0.72,,0.0,-60.23,-1.25,23.05,0.07,-90.13,377.08,1099.21,0.07
688469.SH,芯联集成,310.53,-95.18,-48.6,4.45,-6.84,-3.78,-4.24,,0.0,18.67,55.14,42.24,0.07,扣非亏损,扣非亏损,亏损,-0.93
603331.SH,百达精工,32.25,40.48,42.75,2.43,4.6,4.58,2.55,,0.0,275.06,8.03,59.34,0.07,5.32,18.58,17.68,0.12
002805.SZ,丰元股份,50.14,-10.1,-8.33,5.11,-27.8,-25.68,-6.52,,0.0,-178.77,43.26,61.82,0.07,扣非亏损,扣非亏损,亏损,-0.93
000975.SZ,山金国际,828.49,30.63,30.03,6.1,17.85,17.87,18.48,1.97,0.0,36.96,19.01,19.16,0.07,1.58,3.36,3.43,0.37
002899.SZ,英派斯,47.83,70.68,71.42,2.75,2.52,2.95,2.35,,0.0,-47.18,13.18,38.51,0.07,5.42,56.67,47.92,0.09
600257.SH,大湖股份,31.81,-4218.19,-54.82,3.99,-0.13,-0.07,3.29,,0.0,94.82,-6.25,46.35,0.07,扣非亏损,扣非亏损,亏损,-0.93
688030.SH,山石网科,30.64,-31.55,-21.79,3.68,-8.21,-8.22,-2.98,,0.0,12.47,0.22,57.29,0.07,扣非亏损,扣非亏损,亏损,-0.93
920033.BJ,康普化学,13.92,40.43,60.26,2.63,4.08,5.03,4.61,,0.0,-61.28,18.82,14.1,0.07,3.2,29.55,16.08,0.1
001696.SZ,宗申动力,197.62,25.13,32.41,4.63,13.56,14.31,7.49,,0.0,92.63,5.66,53.32,0.07,5.73,4.78,3.51,0.28
688626.SH,翔宇医疗,115.65,197.21,208.46,5.71,1.47,2.09,1.11,,0.0,-53.54,15.2,37.63,0.07,13.71,283.05,188.72,0.07
300890.SZ,翔丰华,35.81,147.38,-1229.44,1.91,0.23,0.92,1.27,,0.0,-86.84,21.55,53.72,0.07,扣非亏损,危险信号,320.39,0.07
603717.SH,天域生物,21.53,-1002.34,-14.79,4.16,-6.59,-0.31,1.43,,0.0,-1885.17,12.86,76.41,0.07,扣非亏损,扣非亏损,亏损,-0.93
002747.SZ,埃斯顿,171.66,549.07,-29.25,10.94,0.11,1.55,1.81,,0.0,101.91,11.51,80.54,0.07,扣非亏损,危险信号,708.47,0.07
600746.SH,江苏索普,107.98,64.41,83.21,1.98,2.26,2.31,1.93,,0.0,-39.46,-5.6,20.04,0.07,-14.86,73.54,55.77,0.08
603379.SH,三美股份,418.73,19.74,23.52,5.5,22.48,22.33,23.63,0.53,19.63,188.03,2.96,17.43,0.07,7.94,1.05,0.88,1.02
301022.SZ,海泰科,21.97,41.56,109.98,2.3,3.56,5.84,2.48,,0.0,95.69,5.82,35.97,0.07,18.89,61.79,14.23,0.08
300932.SZ,三友联众,36.25,60.71,74.07,2.9,3.5,3.59,2.23,,0.0,25.6,8.89,47.3,0.07,8.34,42.35,33.82,0.09
002317.SZ,众生药业,138.01,46.1,-75.82,3.82,6.18,6.3,5.27,,0.0,30.36,0.75,20.16,0.07,扣非亏损,危险信号,14.63,0.03
002316.SZ,亚联发展,19.08,357.01,939.89,28.64,6.44,7.92,2.87,,0.0,-33.26,-26.06,84.21,0.07,-36.07,291.75,90.15,0.07
300450.SZ,先导智能,809.34,54.93,90.83,6.82,9.74,9.74,3.51,,0.0,101.35,9.82,67.47,0.07,9.25,18.66,11.28,0.12
300391.SZ,*ST长药,3.22,-1.15,-0.54,-0.5,,,-11.03,,0.0,-16.99,-49.38,134.71,0.07,扣非亏损,,,-10.0
600456.SH,宝钛股份,177.11,46.2,66.22,2.51,2.88,4.08,3.19,,0.0,-53.43,8.99,48.03,0.07,7.36,45.99,22.64,0.09
000066.SZ,中国长城,529.32,2471.05,-39.2,4.77,-5.21,0.14,0.6,,0.0,18.22,-6.55,61.62,0.07,扣非亏损,扣非亏损,34083.38,-0.93
688795.SH,摩尔线程,161.45,-267.72,-170.06,65.58,-18.66,,-10.0,,0.0,12.72,211.33,41.59,0.07,扣非亏损,扣非亏损,,-0.93
301539.SZ,宏鑫科技,15.23,51.64,54.37,3.68,5.13,5.46,2.34,,0.0,13.94,2.84,56.71,0.07,19.16,21.2,18.92,0.11
300598.SZ,诚迈科技,87.31,-96.66,-70.29,5.89,-5.14,-4.47,-3.29,,0.0,19.71,12.25,46.07,0.07,扣非亏损,扣非亏损,亏损,-0.93
300286.SZ,安科瑞,64.18,30.22,42.97,3.47,9.53,9.86,8.93,0.43,18.18,20.67,1.7,15.4,0.07,25.35,4.51,3.07,0.29
920790.BJ,联迪信息,16.58,259.63,518.04,7.43,1.96,2.12,0.77,0.45,117.19,-26.08,-0.64,5.68,0.07,-814.58,264.5,122.47,0.07
301059.SZ,金三江,30.97,48.77,50.67,5.67,8.72,8.92,8.02,,0.0,40.87,24.67,26.28,0.07,2.05,11.62,10.93,0.15
605099.SH,共创草坪,164.07,23.95,26.32,5.48,17.64,17.84,15.07,,0.0,30.9,8.96,23.87,0.07,2.94,2.98,2.68,0.4
300241.SZ,瑞丰光电,43.74,76.51,363.83,2.34,1.63,2.36,1.95,,0.0,-6.96,2.0,38.14,0.07,182.17,447.6,64.84,0.07
301369.SZ,联动科技,49.16,494.98,823.8,6.35,0.5,0.97,-0.44,0.11,88.24,-28.87,0.36,6.23,0.07,2305.41,1643.66,510.29,0.07
603726.SH,朗迪集团,46.55,19.96,29.96,3.33,8.86,13.04,8.34,,0.0,2.99,1.85,47.4,0.07,16.21,6.76,3.06,0.21
603777.SH,来伊份,43.14,-25.81,-28.54,2.72,-8.21,-7.54,-3.14,,0.0,-81.33,-6.49,47.32,0.07,扣非亏损,扣非亏损,亏损,-0.93
301606.SZ,绿联科技,169.3,51.53,55.53,10.21,14.79,15.39,12.54,,0.0,43.82,21.65,30.53,0.07,2.56,7.51,6.7,0.2
002279.SZ,久其软件,69.26,-196.8,263.44,5.4,-2.46,-2.05,-1.94,,0.0,85.21,14.35,35.98,0.07,18.36,困境反转,亏损,0.07
002345.SZ,潮宏基,89.33,21.66,47.88,2.58,8.88,8.82,7.53,0.8,27.03,1.25,13.1,41.91,0.07,3.65,5.39,2.46,0.25
600637.SH,东方明珠,349.64,48.41,268.04,1.17,1.32,1.8,1.47,0.51,48.83,-25.16,-3.53,18.32,0.07,-75.84,202.71,26.93,0.07
002917.SZ,金奥博,36.55,27.53,33.78,2.9,8.0,8.15,5.81,,0.0,26.33,27.0,39.81,0.07,1.25,8.45,6.76,0.19
601952.SH,苏垦农发,145.93,36.0,29.28,2.15,3.59,4.42,3.41,0.66,40.0,-39.93,-0.94,51.41,0.07,-31.25,8.17,8.15,0.19
002659.SZ,凯文教育,33.62,2636.22,-236.41,1.55,0.01,0.04,0.98,,0.0,100.93,11.38,28.06,0.07,扣非亏损,危险信号,131811.0,0.07
600076.SH,康欣新材,47.87,-18.95,-11.83,1.26,-5.0,-4.84,-1.97,,0.0,-53.04,10.75,42.52,0.07,扣非亏损,扣非亏损,亏损,-0.93
300448.SZ,浩云科技,55.2,-184.46,-77.54,4.74,-2.42,-1.88,-2.84,0.19,-64.66,-551.55,-14.95,4.94,0.07,扣非亏损,扣非亏损,亏损,-0.93
688679.SH,通源环境,56.49,-252.3,-1858.45,5.03,-1.51,-1.49,-0.07,,0.0,-467.63,18.93,59.59,0.07,扣非亏损,扣非亏损,亏损,-0.93
688330.SH,宏力达,73.09,37.85,44.55,1.89,2.81,3.79,3.99,,0.0,-6.5,-4.69,7.63,0.07,-9.5,31.76,19.98,0.1
600602.SH,云赛智联,220.77,145.16,179.91,5.83,2.58,3.02,1.52,,0.0,-10.8,4.57,39.0,0.07,39.34,139.48,96.07,0.07
688255.SH,凯尔达,32.54,191.36,732.7,3.07,0.6,1.21,0.62,,0.0,-71.09,3.53,15.15,0.07,207.58,2451.73,316.3,0.07
000595.SZ,*ST宝实,74.13,47.18,-56.36,14.57,-8.89,10.52,4.16,,0.0,41.38,13.93,88.0,0.07,扣非亏损,扣非亏损,8.97,-0.93
600119.SH,长江投资,22.76,-116.98,-47.85,19.07,-12.91,-11.64,-1.34,,0.0,39.63,-19.28,53.73,0.07,扣非亏损,扣非亏损,亏损,-0.93
300337.SZ,银邦股份,92.77,125.71,-726.03,6.2,2.52,3.73,3.15,,0.0,-57.69,18.84,73.44,0.07,扣非亏损,危险信号,67.41,0.06
600760.SH,中航沈飞,1460.01,80.68,50.72,6.71,6.69,7.48,2.49,0.25,0.0,-27.17,7.91,62.6,0.07,6.41,15.17,21.57,0.13
605198.SH,安德利,102.8,33.58,37.76,4.65,10.25,9.94,9.76,,0.0,37.67,22.11,6.24,0.07,1.71,7.37,6.76,0.2
603773.SH,沃格光电,92.12,-103.25,-62.35,7.9,-6.46,-5.53,0.18,,0.0,-15.65,28.47,68.67,0.07,扣非亏损,扣非亏损,亏损,-0.93
600640.SH,国脉文化,100.66,385.46,299.6,2.53,0.71,0.49,-0.45,,0.0,-20.58,-22.08,17.31,0.07,-13.57,848.38,1564.68,0.07
600490.SH,鹏欣资源,172.76,61.48,84.6,3.02,3.55,3.77,4.32,,0.0,233.25,-14.3,22.21,0.07,-5.92,47.68,32.61,0.09
002365.SZ,永安药业,35.39,124.91,-765.7,2.15,0.26,1.28,0.73,,0.0,-86.17,-17.94,10.93,0.07,扣非亏损,危险信号,195.17,0.07
300925.SZ,法本信息,68.62,74.29,86.78,3.83,3.65,3.93,3.05,,0.0,-24.33,11.89,27.03,0.07,7.3,47.49,37.81,0.09
603309.SH,维力医疗,45.39,17.76,19.36,2.35,9.65,10.0,8.58,1.47,0.0,15.22,10.81,33.03,0.07,1.79,4.01,3.55,0.32
002055.SZ,ST得润,36.53,38.44,-2.07,2.6,3.67,5.23,3.48,,0.0,133.92,-11.37,72.34,0.07,扣非亏损,危险信号,14.7,-0.82
603089.SH,正裕工业,31.47,17.89,30.3,2.1,5.87,9.85,5.33,,0.0,98.02,13.32,55.26,0.07,2.28,10.33,3.63,0.16
600624.SH,ST复华,34.71,-144.51,-28.67,5.58,-3.7,-2.87,-0.34,,0.0,40.52,-14.38,56.99,0.07,扣非亏损,扣非亏损,亏损,-0.93
688449.SH,联芸科技,134.87,176.22,262.84,11.5,3.5,5.07,4.48,,0.0,141.76,30.98,19.02,0.07,8.48,150.13,69.52,0.07
600737.SH,中粮糖业,336.65,30.98,25.33,2.99,6.51,7.01,5.19,,0.0,-32.85,9.25,45.45,0.07,2.74,7.79,8.84,0.19
300231.SZ,银信科技,49.71,70.77,-42.27,3.06,3.17,3.18,3.06,,0.0,-2.66,-11.27,24.4,0.07,扣非亏损,危险信号,44.51,0.03
300008.SZ,天海防务,137.71,46.79,50.04,6.18,10.33,10.48,6.66,,0.0,206.56,45.93,57.26,0.07,1.09,9.69,8.93,0.17
603011.SH,合锻智能,133.15,-225.28,-87.12,6.34,-2.38,-2.09,-0.2,,0.0,-1791.64,21.02,53.55,0.07,扣非亏损,扣非亏损,亏损,-0.93
300640.SZ,德艺文创,16.78,120.6,216.82,2.82,1.45,1.76,1.82,,0.0,-36.68,5.22,27.51,0.07,41.52,300.04,137.05,0.07
603380.SH,易德龙,58.24,24.82,26.71,3.81,11.27,11.53,8.43,,0.0,27.35,7.51,33.64,0.07,3.56,4.74,4.31,0.28
688280.SH,精进电动,55.96,56.96,-66.06,9.53,-5.99,13.41,3.31,,0.0,91.33,24.71,78.23,0.07,扣非亏损,扣非亏损,8.49,-0.93
002492.SZ,恒基达鑫,32.74,47.34,71.16,1.93,2.45,3.09,2.94,,0.0,-13.77,-5.8,24.69,0.07,-12.28,58.1,30.64,0.08
603212.SH,赛伍技术,62.39,-40.0,-20.34,2.44,-4.58,-2.23,-3.08,,0.0,-20.84,3.24,38.93,0.07,扣非亏损,扣非亏损,亏损,-0.93
600986.SH,浙文互联,153.65,91.01,-224.19,2.94,0.36,2.45,1.83,,0.0,-78.62,-17.43,45.0,0.07,扣非亏损,危险信号,74.29,0.07
002286.SZ,保龄宝,37.51,21.62,25.14,1.75,5.91,6.32,6.05,,0.0,31.12,-4.56,19.47,0.07,-5.51,8.51,6.84,0.18
300127.SZ,银河磁体,76.54,55.32,61.61,7.23,9.66,9.78,9.95,,0.0,26.37,-1.59,6.3,0.07,-38.69,12.76,11.31,0.14
688503.SH,聚和材料,177.17,66.97,87.6,4.4,5.7,4.99,2.88,,0.0,-37.42,35.83,59.07,0.07,2.44,30.71,26.84,0.1
300821.SZ,东岳硅材,157.41,4133.46,-1723.04,3.22,0.24,0.06,-0.14,,0.0,-87.6,11.33,19.39,0.07,扣非亏损,危险信号,137781.99,0.07
301317.SZ,鑫磊股份,29.91,17.8,-702.24,6.7,-1.62,30.74,18.66,0.93,12.1,-156.04,5.05,42.63,0.07,扣非亏损,扣非亏损,0.58,-0.93
001202.SZ,炬申股份,20.71,37.41,45.25,3.53,6.76,7.58,5.49,,0.0,-18.34,13.84,55.2,0.07,3.27,13.39,9.87,0.14
600493.SH,凤竹纺织,21.0,100.08,-105.06,1.87,0.62,1.4,1.11,,0.0,13.5,-10.58,36.92,0.07,扣非亏损,危险信号,142.64,0.06
601567.SH,三星医疗,427.75,21.0,24.68,3.44,10.44,12.47,6.87,2.11,55.75,-26.81,27.64,47.57,0.07,0.89,2.36,1.68,0.49
300371.SZ,汇中股份,19.64,30.58,51.35,2.43,5.5,6.13,6.14,,0.0,33.95,-9.19,8.33,0.07,-5.59,18.66,9.98,0.12
301232.SZ,飞沃科技,79.66,218.6,-414.23,9.5,3.31,3.3,2.24,,0.0,160.86,16.83,67.6,0.07,扣非亏损,危险信号,132.48,0.06
002161.SZ,远望谷,56.17,30.56,-58.51,3.51,-0.64,9.05,6.46,,0.0,77.25,4.49,40.18,0.07,扣非亏损,扣非亏损,6.75,-0.93
002453.SZ,华软科技,38.05,-30.37,-16.63,5.5,-12.76,-12.71,-7.7,,0.0,-29.71,-39.23,41.04,0.07,扣非亏损,扣非亏损,亏损,-0.93
603155.SH,新亚强,53.34,50.73,81.61,2.46,2.39,3.42,3.26,0.88,78.95,-32.58,-1.63,7.75,0.07,-49.92,34.13,14.83,0.09
000785.SZ,居然智家,166.31,33.07,33.9,0.85,2.17,1.95,2.38,,0.0,-45.61,-0.22,53.51,0.07,-155.15,31.18,33.92,0.1
300011.SZ,鼎汉技术,45.86,320.53,-1318.16,4.08,0.48,0.96,1.13,,0.0,-17.85,5.35,65.57,0.07,扣非亏损,危险信号,667.77,0.07
603267.SH,鸿远电子,127.37,42.96,67.24,2.9,4.87,5.14,4.96,0.18,12.5,70.76,-13.29,18.88,0.07,-5.06,13.8,8.36,0.14
000833.SZ,粤桂股份,127.13,37.98,45.56,5.76,11.76,11.9,9.03,,0.0,93.16,4.7,34.88,0.07,9.7,7.75,6.38,0.19
300790.SZ,宇瞳光学,85.93,39.52,44.86,3.82,7.43,7.52,4.34,0.17,17.24,49.29,11.21,55.99,0.07,4.0,6.04,5.26,0.23
300345.SZ,华民股份,37.01,-32.71,-19.58,8.6,-20.45,-18.94,-2.05,,0.0,39.71,138.23,87.11,0.07,扣非亏损,扣非亏损,亏损,-0.93
605288.SH,凯迪股份,75.68,199.17,224.3,3.43,0.95,1.29,0.87,,0.0,-68.2,-6.09,21.97,0.07,-36.84,470.18,308.8,0.07
688291.SH,金橙子,42.61,87.52,135.12,4.48,3.33,3.87,3.51,0.23,37.04,55.97,1.71,9.45,0.07,78.84,40.54,22.61,0.09
688218.SH,江苏北人,25.93,-57.51,718.14,2.91,-3.96,-3.67,-3.2,,0.0,-5637.66,7.74,54.75,0.07,92.78,困境反转,亏损,0.1
301117.SZ,佳缘科技,41.67,-531.21,395.82,5.19,-0.82,-0.73,-0.82,,0.0,56.19,5.85,12.09,0.06,67.67,困境反转,亏损,0.07
002409.SZ,雅克科技,284.03,39.98,45.14,5.43,10.62,10.6,7.26,0.43,29.13,5.19,22.9,40.42,0.06,1.97,4.25,3.77,0.3
600151.SH,航天机电,197.78,-60.11,-64.91,4.26,-5.69,-5.2,-3.54,,0.0,-103.0,0.89,33.57,0.06,扣非亏损,扣非亏损,亏损,-0.94
603608.SH,天创时尚,48.1,-690.33,-67.64,4.55,-1.04,-0.5,0.27,,0.0,70.33,-15.86,28.6,0.06,扣非亏损,扣非亏损,亏损,-0.94
002383.SZ,合众思壮,78.63,752.26,-40.99,4.64,-0.98,0.47,1.4,,0.0,79.68,-16.18,42.4,0.06,扣非亏损,扣非亏损,3201.1,-0.94
002484.SZ,江海股份,250.9,36.47,38.76,4.24,8.62,8.71,7.44,,0.0,12.64,11.26,29.29,0.06,3.44,8.99,8.37,0.18
301233.SZ,盛帮股份,15.38,31.12,35.04,2.91,6.64,7.18,7.4,,0.0,2.72,9.41,9.83,0.06,3.72,10.56,8.67,0.16
688557.SH,兰剑智能,35.72,28.58,28.73,2.91,6.68,7.79,4.37,,0.0,48.68,27.32,46.91,0.06,1.05,8.6,7.34,0.18
301607.SZ,富特科技,53.62,40.8,54.42,6.54,12.37,12.8,4.96,,0.0,89.07,29.23,67.17,0.06,1.86,8.8,6.38,0.18
001296.SZ,长江材料,19.86,25.5,28.44,2.17,6.32,6.5,6.57,0.76,0.0,23.84,3.9,18.92,0.06,7.29,9.0,7.85,0.18
300192.SZ,科德教育,62.17,51.13,47.85,6.43,9.6,9.41,9.17,0.47,0.0,-12.4,-2.4,25.19,0.06,-19.98,9.97,10.87,0.16
600895.SH,张江高科,576.73,70.15,55.61,4.32,4.03,4.39,1.97,0.16,31.3,21.76,-1.64,67.93,0.06,-33.84,13.79,15.98,0.14
300484.SZ,蓝海华腾,30.16,59.57,66.95,5.56,7.59,7.02,5.73,,0.0,234.27,-10.6,28.93,0.06,-6.31,17.63,16.97,0.12
688551.SH,科威尔,39.92,58.02,240.01,3.06,1.74,3.95,2.74,0.27,0.0,-49.67,27.66,23.84,0.06,8.68,275.08,29.38,0.07
603985.SH,恒润股份,79.49,92.7,736.18,2.47,2.04,2.0,1.68,,0.0,178.97,-8.93,42.01,0.06,-82.46,722.31,92.7,0.07
688121.SH,卓然股份,26.0,37.75,161.09,1.15,-1.28,2.31,2.53,,0.0,-210.31,-9.34,66.88,0.06,-17.24,-251.35,32.68,0.1
603336.SH,宏辉果蔬,55.82,388.37,595.18,3.91,0.87,0.91,1.66,0.06,0.0,-40.13,3.87,31.74,0.06,153.92,1367.14,853.56,0.07
600066.SH,宇通客车,678.57,15.46,16.91,5.06,19.49,24.2,12.09,1.53,57.47,26.3,18.5,56.99,0.06,0.91,0.87,0.64,1.22
300897.SZ,山科智能,22.67,104.28,86.56,3.71,2.41,2.66,1.97,,0.0,-59.25,11.35,20.81,0.06,7.63,71.95,78.41,0.08
001226.SZ,拓山重工,15.48,154.59,189.61,4.67,1.91,2.24,1.8,,0.0,133.62,-9.46,37.87,0.06,-20.04,198.17,138.02,0.07
688100.SH,威胜信息,205.57,30.85,31.8,5.81,13.87,14.26,10.47,1.4,40.32,13.02,14.72,38.82,0.06,2.16,2.29,2.16,0.5
920014.BJ,特瑞斯,10.43,64.59,48.77,2.37,2.48,2.7,2.02,,0.0,-44.23,3.46,31.67,0.06,14.1,39.29,47.84,0.09
688087.SH,英科再生,74.13,25.6,32.61,2.81,5.83,8.51,4.81,0.32,12.82,-17.37,13.94,61.02,0.06,2.34,5.59,3.01,0.24
603366.SH,日出东方,83.91,171.54,67.79,2.02,-0.24,0.88,0.74,,0.0,-180.16,7.27,44.29,0.06,9.33,-567.03,389.87,0.07
688050.SH,爱博医疗,106.49,27.52,29.15,3.79,10.71,10.96,9.09,,0.0,-8.14,48.73,22.93,0.06,0.6,5.44,5.02,0.25
301336.SZ,趣睡科技,16.93,77.14,101.97,2.68,1.73,2.63,2.24,,0.0,27.65,-7.78,11.19,0.06,-13.11,118.05,58.66,0.07
600379.SH,宝光股份,43.06,65.27,63.25,5.55,6.2,6.48,3.21,0.29,30.0,-27.16,13.33,54.27,0.06,4.75,10.21,10.08,0.16
600818.SH,中路股份,22.08,-118.47,-83.8,5.34,-3.15,-3.28,-2.3,,0.0,-403.93,11.22,52.12,0.06,扣非亏损,扣非亏损,亏损,-0.94
603676.SH,卫信康,47.17,16.14,27.14,3.09,11.64,15.01,14.19,1.4,0.0,-14.01,9.39,20.06,0.06,2.89,4.66,2.15,0.28
688045.SH,必易微,32.15,-863.41,-917.95,2.32,-0.98,-0.2,-0.8,0.14,0.0,68.17,-3.91,7.51,0.06,扣非亏损,扣非亏损,亏损,-0.94
920407.BJ,驰诚股份,7.13,68.06,95.95,6.39,6.31,7.16,6.39,,0.0,25.78,15.48,31.1,0.06,6.2,30.41,19.01,0.1
002976.SZ,瑞玛精密,18.05,144.56,-614.31,4.87,1.96,2.29,0.5,,0.0,231.61,34.35,64.32,0.06,扣非亏损,危险信号,126.25,0.06
603648.SH,畅联股份,37.29,30.65,35.07,2.04,4.34,4.91,4.99,,0.0,-22.92,-1.48,23.34,0.06,-23.72,16.17,12.48,0.13
603477.SH,巨星农牧,96.91,67.8,29.76,3.26,2.67,3.27,2.9,,0.0,-68.64,28.43,66.62,0.06,1.05,22.26,41.47,0.11
600744.SH,华银电力,169.6,35.66,144.44,11.92,20.06,18.89,2.56,,0.0,1422.71,-4.19,91.98,0.06,-34.45,14.4,3.78,0.13
300643.SZ,万通智控,52.47,31.01,33.73,4.15,9.87,10.4,9.51,,0.0,49.27,1.96,17.72,0.06,17.25,6.83,5.96,0.21
002599.SZ,盛通股份,29.45,340.83,-20.7,3.18,0.25,0.7,0.73,,0.0,156.25,-4.84,41.98,0.06,扣非亏损,危险信号,973.8,0.06
920402.BJ,硅烷科技,27.81,-60.07,-63.03,2.69,-3.45,-3.28,-2.26,,0.0,-168.37,4.22,19.49,0.06,扣非亏损,扣非亏损,亏损,-0.94
002734.SZ,利民股份,93.17,19.63,25.89,2.85,12.03,12.14,7.74,,0.0,1014.94,-3.2,45.34,0.06,-8.1,4.31,3.23,0.3
300015.SZ,爱尔眼科,808.26,22.81,30.51,4.22,14.46,14.32,12.09,0.73,0.0,0.2,12.28,33.53,0.06,2.48,4.22,3.19,0.3
300853.SZ,申昊科技,23.88,-18.51,-11.42,5.22,-18.06,-16.12,-5.65,,0.0,-5.31,-36.55,54.19,0.06,扣非亏损,扣非亏损,亏损,-0.94
002025.SZ,航天电器,249.18,128.4,393.97,3.84,2.01,2.25,1.46,,0.0,-65.48,0.35,37.88,0.06,1141.84,391.18,114.13,0.07
301520.SZ,万邦医药,9.63,64.86,343.44,1.89,0.56,2.21,1.84,,0.0,-84.89,21.84,4.93,0.06,15.73,1230.08,58.7,0.06
688290.SH,景业智能,51.6,-269.93,1130.46,4.08,-1.56,-1.12,-1.84,0.08,83.33,-174.21,-1.34,24.53,0.06,-841.18,困境反转,亏损,0.07
600273.SH,嘉化能源,139.49,12.72,14.86,1.39,7.22,7.97,7.22,2.29,46.5,-1.18,2.5,25.91,0.06,5.95,2.06,1.6,0.55
603960.SH,克来机电,59.18,194.47,184.32,5.29,1.45,2.04,1.86,0.11,31.43,-47.65,2.49,9.92,0.06,73.96,126.75,95.33,0.07
300177.SZ,中海达,56.63,-113.38,-65.5,4.6,-5.1,-3.0,-2.31,,0.0,-26.76,-11.27,48.58,0.06,扣非亏损,扣非亏损,亏损,-0.94
300092.SZ,科新机电,36.85,65.37,66.05,2.96,3.05,3.4,2.35,,0.0,-64.14,11.27,29.01,0.06,5.86,43.28,38.45,0.09
603618.SH,杭电股份,131.22,-44.87,-54.75,4.84,-7.93,-7.63,-1.09,,0.0,-298.97,6.68,72.74,0.06,扣非亏损,扣非亏损,亏损,-0.94
920370.BJ,新安洁,10.09,-22.89,-24.24,1.9,-5.66,-6.02,-4.62,,0.0,-22.12,-8.06,23.69,0.06,扣非亏损,扣非亏损,亏损,-0.94
300964.SZ,本川智能,35.3,109.07,138.39,4.69,3.0,3.27,2.39,0.18,36.02,142.98,2.99,31.99,0.06,46.29,46.15,33.36,0.08
688273.SH,麦澜德,49.17,38.41,66.99,3.59,5.96,7.13,6.69,0.71,0.0,-9.74,8.44,9.52,0.06,7.94,22.5,10.78,0.11
002932.SZ,明德生物,29.2,241.42,-26.43,0.78,-1.11,0.24,-0.11,,0.0,-62.07,41.98,6.13,0.06,扣非亏损,扣非亏损,2011.79,-0.94
603977.SH,国泰集团,88.28,34.85,72.3,2.64,5.19,5.77,3.88,,0.0,-10.23,6.33,39.16,0.06,11.43,27.87,12.08,0.1
688726.SH,拉普拉斯,144.16,33.89,47.76,6.61,12.58,15.29,6.71,,0.0,-9.35,449.84,60.17,0.06,0.11,7.59,4.43,0.19
300334.SZ,津膜科技,24.68,1380.22,-121.38,4.06,-3.04,0.23,0.99,,0.0,8.37,-14.64,35.02,0.06,扣非亏损,扣非亏损,12001.94,-0.94
002527.SZ,新时达,78.49,1696.86,-33.77,7.86,-1.8,0.35,0.67,,0.0,68.13,-6.29,68.33,0.06,扣非亏损,扣非亏损,9696.37,-0.94
002653.SZ,海思科,223.93,131.81,227.62,12.28,7.37,7.08,4.91,,0.0,44.49,10.3,41.43,0.06,22.09,61.75,37.23,0.08
600834.SH,申通地铁,41.1,87.0,105.33,2.4,1.94,2.07,2.66,0.21,31.36,-22.16,3.04,13.27,0.06,34.7,54.19,42.03,0.08
603171.SH,税友股份,219.71,149.38,297.04,8.71,3.91,4.39,2.09,,0.0,-7.64,6.63,37.98,0.06,44.81,151.89,68.05,0.07
300665.SZ,飞鹿股份,17.62,-20.11,-12.92,3.2,-14.34,-11.89,-2.29,,0.0,-1.8,-2.23,67.56,0.06,扣非亏损,扣非亏损,亏损,-0.94
000628.SZ,高新发展,103.14,148.79,3365.0,8.62,3.3,4.42,1.35,,0.0,-12.99,3.42,82.33,0.06,984.39,2041.31,67.32,0.06
000895.SZ,双汇发展,967.55,18.33,19.54,4.78,18.45,18.5,13.49,2.46,96.94,3.78,-3.67,49.68,0.06,-5.33,1.06,0.99,1.01
300251.SZ,光线传媒,456.27,15.49,22.97,4.49,23.46,23.95,24.3,,0.0,428.21,23.99,12.63,0.06,0.96,1.96,1.29,0.57
920833.BJ,美心翼申,11.49,40.25,49.83,2.47,4.22,4.55,4.63,1.53,100.0,53.15,-7.05,20.01,0.06,-7.07,11.81,8.85,0.15
002757.SZ,南兴股份,59.17,50.63,-20.53,3.11,4.17,4.55,3.83,0.77,74.11,-58.11,7.0,43.13,0.06,扣非亏损,危险信号,11.13,-0.14
002108.SZ,沧州明珠,83.69,44.94,82.15,1.67,2.51,2.74,2.34,,0.0,3.28,-1.52,39.63,0.06,-53.93,65.51,32.8,0.08
603937.SH,丽岛新材,28.12,-142.31,-51.09,1.82,-1.35,-0.94,0.11,,0.0,-225.88,-2.71,39.32,0.06,扣非亏损,扣非亏损,亏损,-0.94
002027.SZ,分众传媒,992.18,17.55,19.33,6.03,23.91,23.74,21.45,2.04,54.2,13.11,-2.39,29.26,0.06,-8.1,0.81,0.74,1.3
603181.SH,皇马科技,97.37,21.64,23.91,2.92,9.67,10.27,9.56,,0.0,10.83,1.12,18.46,0.06,21.32,4.94,4.22,0.26
300096.SZ,ST易联众,36.38,71.91,-211.48,10.38,-11.59,11.46,3.52,,0.0,45.03,-6.72,54.45,0.06,扣非亏损,扣非亏损,12.55,-0.94
000801.SZ,四川九洲,153.36,117.58,155.48,5.21,1.63,3.22,1.98,,0.0,-35.07,5.77,55.3,0.06,26.96,190.29,73.03,0.07
688152.SH,麒麟信安,38.24,-155.67,-148.63,3.05,-3.78,-1.49,-1.77,,0.0,-23.58,11.5,13.74,0.06,扣非亏损,扣非亏损,亏损,-0.94
600129.SH,太极集团,92.58,41.85,-24.94,2.62,2.58,4.64,2.47,,0.0,-81.85,1.84,74.16,0.06,扣非亏损,危险信号,18.04,0.01
002552.SZ,宝鼎科技,69.68,106.2,-544.63,5.14,3.75,3.51,2.18,1.21,400.0,28.02,118.63,59.4,0.06,扣非亏损,危险信号,30.26,0.06
600199.SH,金种子酒,58.87,-43.94,-22.3,2.85,-5.12,-4.74,-2.97,,0.0,2.45,-5.07,34.76,0.06,扣非亏损,扣非亏损,亏损,-0.94
300510.SZ,金冠股份,40.16,-42.7,-9.81,1.81,-3.93,-3.13,-2.1,,0.0,-161.12,1.2,28.43,0.06,扣非亏损,扣非亏损,亏损,-0.94
300331.SZ,苏大维格,91.4,237.32,-106.84,7.22,0.32,2.3,1.82,,0.0,-69.12,2.01,45.49,0.06,扣非亏损,危险信号,206.36,0.06
603900.SH,莱绅通灵,27.34,29.78,-51.18,1.39,4.21,3.55,2.96,1.18,0.0,295.72,5.34,12.63,0.06,扣非亏损,危险信号,16.78,0.02
002550.SZ,千红制药,70.69,18.81,30.82,3.49,10.29,14.5,14.97,,0.0,18.76,-4.75,8.48,0.06,-6.49,5.99,2.59,0.23
603399.SH,永杉锂业,56.3,-25.87,-26.48,3.39,-9.82,-9.62,-4.8,,0.0,-420.18,22.14,51.82,0.06,扣非亏损,扣非亏损,亏损,-0.94
301550.SZ,斯菱智驱,205.27,180.51,180.95,18.34,7.5,7.85,6.17,0.14,0.0,4.77,2.75,18.08,0.06,65.72,48.28,45.99,0.08
300537.SZ,广信材料,36.18,423.65,-85.14,5.48,1.02,1.09,1.51,,0.0,-76.96,-5.17,31.5,0.06,扣非亏损,危险信号,777.34,0.06
601799.SH,星宇股份,388.52,25.54,25.13,3.51,10.49,10.78,7.18,0.16,8.03,19.9,19.28,39.26,0.06,1.3,2.4,2.37,0.48
603334.SH,丰倍生物,17.08,50.46,51.41,9.02,14.31,14.4,9.87,,0.0,48.68,15.25,39.06,0.06,3.37,7.19,7.01,0.2
688327.SH,云从科技,120.35,-36.33,-25.22,15.8,-38.71,-30.08,-16.83,,0.0,24.18,-22.81,59.29,0.06,扣非亏损,扣非亏损,亏损,-0.94
920718.BJ,合肥高科,6.05,25.82,21.24,2.16,6.0,6.42,4.62,0.66,0.0,-26.09,11.79,36.06,0.06,1.8,7.08,8.04,0.2
300200.SZ,高盟新材,48.36,32.22,38.94,3.0,6.9,7.1,5.19,,0.0,10.69,2.79,31.57,0.06,13.98,11.28,9.08,0.15
600495.SH,晋西车轴,57.63,195.45,463.76,1.76,0.03,0.68,0.34,,0.0,102.98,2.85,17.76,0.06,162.49,30712.6,574.86,0.06
603577.SH,汇金通,38.36,34.96,34.76,1.98,3.34,4.26,2.93,,0.0,-28.14,12.85,68.66,0.06,2.7,20.79,16.42,0.11
002437.SZ,誉衡药业,70.95,23.21,34.51,3.5,8.67,11.93,9.18,,0.0,24.69,-7.92,28.13,0.06,-4.36,7.96,3.89,0.19
300878.SZ,维康药业,42.5,-25.86,-13.61,4.21,-11.25,-11.4,-6.84,,0.0,-157.75,-16.96,30.8,0.06,扣非亏损,扣非亏损,亏损,-0.94
002321.SZ,华英农业,50.77,-118.62,-122.54,5.49,-4.34,-3.41,2.48,,0.0,-460.07,15.43,63.44,0.06,扣非亏损,扣非亏损,亏损,-0.94
000019.SZ,深粮控股,31.59,26.94,28.66,1.75,4.53,4.89,4.5,,0.0,-1.01,-18.91,28.82,0.06,-1.52,12.67,11.02,0.14
600360.SH,*ST华微,88.92,44.64,54.51,2.59,4.23,4.38,3.71,0.43,30.91,76.26,-1.44,38.24,0.06,-37.91,12.9,10.19,0.14
300261.SZ,雅本化学,68.53,-764.64,-32.41,3.51,-1.24,-0.34,-0.25,,0.0,62.05,-15.17,48.53,0.06,扣非亏损,扣非亏损,亏损,-0.94
300390.SZ,天华新能,354.09,998.13,-167.96,4.01,-0.88,0.3,0.67,,0.0,-116.2,108.62,26.4,0.06,扣非亏损,扣非亏损,6654.23,-0.94
603817.SH,海峡环保,43.9,17.1,22.08,1.38,6.06,6.32,4.11,0.47,14.67,14.78,11.23,53.24,0.06,1.97,3.64,2.71,0.34
603722.SH,阿科力,36.44,-170.26,-113.83,3.9,-2.05,-1.78,-1.67,,0.0,-119.09,-18.95,21.54,0.06,扣非亏损,扣非亏损,亏损,-0.94
605168.SH,三人行,74.8,38.83,32.5,2.79,5.83,5.37,4.32,,0.0,-3.09,10.47,35.24,0.06,3.1,11.15,14.46,0.15
300170.SZ,汉得信息,228.74,123.57,150.39,4.34,2.55,2.75,1.64,,0.0,19.22,4.88,16.34,0.06,30.8,117.82,89.87,0.07
603291.SH,联合水务,14.93,59.53,68.05,2.74,2.94,3.43,2.87,,0.0,-30.97,3.26,51.78,0.06,20.89,46.37,34.71,0.08
300554.SZ,三超新材,20.24,-113.21,-24.93,4.57,-3.39,-2.98,-2.68,,0.0,55.87,18.16,28.68,0.06,扣非亏损,扣非亏损,亏损,-0.94
000901.SZ,航天科技,187.81,148.44,1693.31,4.35,-0.22,2.24,1.93,,0.0,58.77,6.03,36.84,0.06,280.8,-15657.03,132.54,0.07
300378.SZ,鼎捷数智,115.77,171.22,88.21,5.13,1.79,2.29,2.41,,0.0,-12.07,9.29,31.99,0.06,9.5,98.62,149.54,0.07
600644.SH,乐山电力,72.98,75.16,576.91,3.45,3.35,3.58,2.18,,0.0,9.65,7.56,49.02,0.06,76.27,344.42,41.99,0.06
300250.SZ,初灵信息,35.23,604.88,-245.47,9.12,0.91,1.13,0.26,,0.0,115.08,-18.92,29.26,0.06,扣非亏损,危险信号,1070.59,0.06
002730.SZ,电光科技,66.44,76.57,89.99,4.27,3.16,4.2,2.77,,0.0,-22.77,10.68,41.68,0.06,8.42,56.99,36.46,0.08
603151.SH,邦基科技,32.81,23.18,27.52,2.41,8.21,8.17,5.79,0.28,0.0,178.75,11.71,53.35,0.06,2.35,6.7,5.67,0.21
605128.SH,上海沿浦,73.9,43.79,47.36,3.55,6.64,6.46,4.81,,0.0,20.88,40.33,32.03,0.06,1.17,14.26,13.56,0.13
002094.SZ,青岛金王,49.02,54.4,215.83,3.17,4.18,4.5,4.05,,0.0,4.38,-16.64,51.22,0.06,-12.97,103.36,24.18,0.07
300660.SZ,江苏雷利,205.61,58.29,67.39,5.93,7.06,7.56,4.62,0.27,36.01,2.01,6.61,40.2,0.06,10.2,9.55,7.71,0.17
300859.SZ,西域旅游,57.16,43.49,83.05,7.06,12.44,12.46,10.81,,0.0,-14.74,55.46,27.64,0.06,1.5,13.35,6.98,0.14
603557.SH,ST起步,25.0,-22.91,-22.93,31.92,-153.74,-97.45,-14.2,,0.0,-81.8,-25.04,88.95,0.06,扣非亏损,扣非亏损,亏损,-0.94
300713.SZ,英可瑞,16.91,-50.58,-35.25,5.9,-8.52,-8.39,-4.41,,0.0,8.67,2.31,52.03,0.06,扣非亏损,扣非亏损,亏损,-0.94
600529.SH,山东药玻,130.07,18.86,19.75,1.57,6.39,6.65,6.31,2.31,50.06,-25.13,9.97,17.54,0.06,1.98,3.09,2.84,0.38
002921.SZ,联诚精密,32.41,-245.35,-93.57,2.84,-2.25,-0.98,0.58,,0.0,-7.08,-3.75,41.92,0.06,扣非亏损,扣非亏损,亏损,-0.94
002104.SZ,恒宝股份,103.63,246.13,712.15,5.71,0.93,1.73,1.77,,0.0,-70.68,0.44,10.34,0.06,1621.22,1530.18,284.54,0.06
688249.SH,晶合集成,382.01,87.99,145.76,3.02,1.08,2.6,1.39,,0.0,27.01,28.3,49.33,0.06,5.15,270.4,67.68,0.06
301498.SZ,乖宝宠物,104.39,34.06,35.85,5.21,11.43,11.72,12.66,0.38,26.6,11.26,26.84,18.78,0.06,1.34,3.14,2.91,0.38
002760.SZ,凤形股份,25.25,110.82,-43.94,3.05,1.11,2.09,1.32,,0.0,300.65,-14.62,32.94,0.06,扣非亏损,危险信号,106.04,0.05
300988.SZ,津荣天宇,31.26,34.58,35.98,3.18,7.04,7.1,5.62,,0.0,48.39,11.29,44.46,0.06,3.19,10.22,9.74,0.16
601100.SH,恒立液压,1444.06,51.9,56.44,8.47,12.24,12.34,10.51,0.27,28.04,15.78,0.72,18.55,0.06,78.01,4.61,4.21,0.28
600115.SH,中国东航,800.17,37.02,-34.14,6.34,3.41,12.42,1.93,,0.0,361.64,43.48,84.86,0.06,扣非亏损,危险信号,5.96,0.01
300173.SZ,ST福能,34.53,-130.05,76.01,3.57,-3.01,-2.04,-0.08,,0.0,14.28,5.5,71.27,0.06,13.83,困境反转,亏损,0.07
300534.SZ,陇神戎发,29.42,81.98,55.03,4.28,4.25,3.97,3.82,0.21,21.69,31.14,24.95,42.84,0.06,2.21,12.96,20.65,0.14
600579.SH,中化装备,43.88,-122.01,-4.1,2.68,-3.1,-1.62,-0.06,,0.0,96.17,-0.02,55.35,0.06,扣非亏损,扣非亏损,亏损,-0.94
688499.SH,利元亨,93.24,147.24,-17.79,4.07,1.49,2.07,1.7,,0.0,107.03,16.27,71.83,0.06,扣非亏损,危险信号,142.26,0.02
002577.SZ,雷柏科技,47.12,431.46,-967.84,3.98,-0.43,0.7,0.82,,0.0,-121.91,-3.29,12.89,0.06,扣非亏损,扣非亏损,1232.74,-0.94
300020.SZ,ST银江,35.96,-5.14,-2.83,1.39,-18.54,-18.43,-9.29,,0.0,-224.7,-33.18,47.3,0.06,扣非亏损,扣非亏损,亏损,-0.94
002126.SZ,银轮股份,364.58,43.41,50.03,5.77,9.88,10.28,4.63,,0.0,17.17,17.9,62.57,0.06,2.79,10.13,8.44,0.16
002320.SZ,海峡股份,211.85,83.42,120.04,5.26,3.92,2.96,11.85,,0.0,-40.06,50.6,38.14,0.06,2.37,61.29,56.36,0.08
300733.SZ,西菱动力,38.11,51.14,64.27,3.02,4.1,4.55,3.33,,0.0,118.0,33.42,47.45,0.06,1.92,31.38,22.48,0.09
300109.SZ,新开源,82.35,33.17,40.2,2.39,4.94,5.42,5.56,,0.0,-43.5,9.92,13.01,0.06,4.05,16.27,12.24,0.12
688575.SH,亚辉龙,82.22,102.06,45.54,3.04,3.7,2.17,1.81,,0.0,-51.42,62.5,37.65,0.06,0.73,24.64,94.07,0.1
300712.SZ,永福股份,58.26,118.31,244.21,4.54,2.63,3.02,1.34,,0.0,21.94,10.97,68.59,0.06,22.26,185.43,78.35,0.07
603819.SH,神力股份,27.61,120.81,195.25,3.44,1.26,2.15,2.09,,0.0,120.03,-3.61,49.17,0.06,-54.13,309.01,112.39,0.06
002892.SZ,科力尔,57.09,145.51,221.9,6.75,3.45,3.44,2.25,,0.0,-35.76,6.61,51.11,0.06,33.56,128.76,84.6,0.07
300229.SZ,拓尔思,172.86,-81.04,-51.75,4.36,-4.43,-3.96,-3.74,,0.0,-1045.87,-8.75,7.46,0.06,扣非亏损,扣非亏损,亏损,-0.94
002915.SZ,中欣氟材,64.01,714.2,-61.53,5.7,0.38,0.6,1.05,,0.0,110.87,-2.21,54.92,0.06,扣非亏损,危险信号,2380.66,0.06
002281.SZ,光迅科技,693.27,74.84,84.04,7.34,7.18,7.67,5.03,,0.0,49.29,10.25,39.94,0.06,8.2,23.4,19.52,0.1
600521.SH,华海药业,237.02,46.74,64.61,2.56,2.93,4.01,3.46,,0.0,-73.85,13.28,54.62,0.06,4.86,44.04,23.31,0.08
688106.SH,金宏气体,128.21,82.91,148.58,4.33,3.22,3.75,2.74,,0.0,-41.07,13.47,57.07,0.06,11.03,92.32,44.22,0.07
600161.SH,天坛生物,317.17,29.06,24.82,2.77,7.1,7.16,8.31,0.92,46.88,-23.07,13.88,9.69,0.06,1.79,3.49,4.06,0.35
688329.SH,艾隆科技,20.27,-1585.65,-130.92,2.61,-1.5,-0.13,0.15,,0.0,66.35,-3.92,42.74,0.06,扣非亏损,扣非亏损,亏损,-0.94
688348.SH,昱能科技,91.61,103.35,431.6,2.53,1.06,1.83,-0.34,,0.0,-72.36,44.03,19.97,0.06,9.8,816.34,112.95,0.06
002902.SZ,铭普光磁,39.22,-26.01,-18.24,6.15,-14.63,-14.96,-5.05,,0.0,10.86,-9.44,66.36,0.06,扣非亏损,扣非亏损,亏损,-0.94
600476.SH,湘邮科技,20.6,-55.63,-128.25,18.13,-21.42,-21.78,-1.69,,0.0,-159.81,11.86,90.6,0.06,扣非亏损,扣非亏损,亏损,-0.94
603087.SH,甘李药业,346.6,34.01,45.7,3.29,6.2,7.21,7.15,,0.0,122.83,5.5,7.09,0.06,8.31,14.74,9.43,0.13
688212.SH,澳华内镜,53.31,-71.28,-59.77,4.28,-5.22,-4.38,-4.66,,0.0,-559.74,30.38,31.01,0.06,扣非亏损,扣非亏损,亏损,-0.94
002925.SZ,盈趣科技,160.17,71.22,64.59,3.63,3.61,3.76,2.92,,0.0,16.43,-19.02,34.57,0.06,-3.4,35.78,37.88,0.09
300828.SZ,锐新科技,25.23,90.37,77.67,4.32,3.34,3.63,3.5,,0.0,-26.26,4.56,13.09,0.06,17.04,46.53,49.79,0.08
002566.SZ,益盛药业,19.47,86.41,143.09,1.25,0.56,1.08,1.26,,0.0,-37.81,-8.1,22.08,0.06,-17.66,508.33,160.02,0.06
603520.SH,司太立,43.31,112.7,-139.32,1.67,1.05,1.1,1.41,0.53,71.43,531.19,5.54,55.44,0.06,扣非亏损,危险信号,102.46,0.05
300721.SZ,怡达股份,22.19,-22.08,-28.17,2.34,-7.68,-7.37,-4.14,,0.0,-696.14,7.11,55.91,0.06,扣非亏损,扣非亏损,亏损,-0.94
300005.SZ,探路者,128.61,292.1,647.79,6.14,1.37,1.68,1.41,,0.0,-70.46,9.4,26.79,0.06,68.91,944.57,347.74,0.06
301055.SZ,张小泉,32.25,63.68,73.79,4.93,5.7,5.88,5.07,,0.0,126.07,6.27,30.61,0.06,11.77,25.9,21.66,0.1
301502.SZ,华阳智能,10.67,78.71,93.66,3.1,2.41,2.97,2.59,,0.0,-10.17,-0.92,23.36,0.06,-101.33,77.67,53.0,0.07
000620.SZ,盈新发展,140.62,-27.28,-14.21,3.95,-10.6,-10.39,-3.54,,0.0,-1281.42,-28.87,58.49,0.06,扣非亏损,扣非亏损,亏损,-0.94
920371.BJ,欧福蛋业,20.26,24.35,37.38,3.59,10.88,11.49,11.68,,0.0,26.95,2.42,19.51,0.06,15.47,6.87,4.24,0.2
002981.SZ,朝阳科技,30.28,47.27,50.13,3.27,8.54,9.17,6.11,0.58,0.0,25.88,10.09,38.13,0.06,4.97,11.74,10.31,0.14
300939.SZ,秋田微,45.1,53.07,63.63,3.25,4.22,4.62,3.91,,0.0,-8.03,-0.51,21.4,0.06,-124.3,30.12,22.97,0.09
002162.SZ,悦心健康,45.74,1113.71,-36.22,5.58,-1.98,0.38,0.88,,0.0,71.59,-1.21,58.31,0.06,扣非亏损,扣非亏损,5861.66,-0.94
603330.SH,天洋新材,31.84,-221.32,-16.27,2.09,-0.8,-0.7,0.52,,0.0,66.91,8.66,32.87,0.06,扣非亏损,扣非亏损,亏损,-0.94
001324.SZ,长青科技,17.16,59.29,71.59,2.56,2.91,3.26,2.64,0.33,22.5,-19.03,-0.98,16.79,0.06,-73.0,24.61,18.19,0.1
300016.SZ,北陆药业,59.58,101.29,264.57,2.7,1.74,2.46,2.6,,0.0,33.53,5.26,26.47,0.06,50.27,304.72,82.35,0.06
300311.SZ,ST任子行,29.83,-36.42,-92.69,6.32,-14.03,-12.52,-6.22,,0.0,10.04,-8.93,47.51,0.06,扣非亏损,扣非亏损,亏损,-0.94
605116.SH,奥锐特,104.39,22.15,25.37,4.14,14.04,14.37,10.61,,0.0,21.46,22.54,37.53,0.06,1.13,3.62,3.08,0.34
300137.SZ,先河环保,71.18,976.61,-49.42,4.42,0.76,0.34,0.45,,0.0,2804.2,-4.95,17.96,0.06,扣非亏损,危险信号,5744.74,0.05
600653.SH,申华控股,37.37,-31.47,-26.77,5.11,-12.02,-11.47,-2.34,,0.0,-8.55,-16.07,70.67,0.06,扣非亏损,扣非亏损,亏损,-0.94
603088.SH,宁波精达,55.7,63.16,54.89,5.84,7.67,7.92,5.11,,0.0,-36.42,15.39,42.38,0.06,3.57,14.32,15.95,0.13
688506.SH,百利天恒,1031.89,-161.13,-108.14,14.82,-10.41,-13.59,-2.36,,0.0,-114.24,301.49,41.79,0.06,扣非亏损,扣非亏损,亏损,-0.94
600588.SH,用友网络,451.39,-24.21,-22.19,6.09,-18.91,-19.0,-5.96,,0.0,0.28,0.97,58.29,0.06,扣非亏损,扣非亏损,亏损,-0.94
688088.SH,虹软科技,179.2,94.84,94.06,6.73,4.19,5.19,3.88,0.44,100.0,44.53,13.49,12.05,0.06,6.97,22.47,18.27,0.1
002721.SZ,金一文化,83.24,-165.08,729.21,4.06,0.33,-1.83,-1.29,,0.0,153.21,-43.62,9.12,0.06,-16.72,4356.1,亏损,0.06
605117.SH,德业股份,1219.17,38.96,40.63,13.06,24.26,24.33,14.2,1.29,65.95,9.38,39.44,56.51,0.06,1.03,1.67,1.6,0.66
603721.SH,*ST天择,26.77,-179.16,-107.57,5.82,-3.73,-2.27,-1.4,,0.0,-140.12,5.44,39.4,0.06,扣非亏损,扣非亏损,亏损,-0.94
002571.SZ,德力股份,36.84,-40.43,-29.28,4.96,-7.78,-8.8,-1.14,,0.0,-129.67,25.17,67.42,0.06,扣非亏损,扣非亏损,亏损,-0.94
688709.SH,成都华微,102.0,350.95,395.0,10.19,1.57,2.2,1.69,,0.0,-23.19,10.6,23.68,0.06,37.27,503.93,319.04,0.06
600735.SH,ST新华锦,28.63,131.64,-16.46,2.37,0.49,1.36,4.16,,0.0,-85.04,4.88,23.48,0.06,扣非亏损,危险信号,194.28,0.04
000048.SZ,京基智农,109.54,27.79,23.62,2.61,6.91,6.85,3.38,2.16,88.54,-51.96,47.07,59.2,0.06,0.5,3.42,4.06,0.35
603219.SH,富佳股份,94.65,60.61,75.48,5.88,6.01,7.35,4.82,,0.0,-29.63,1.33,49.16,0.06,56.68,25.12,16.49,0.1
301159.SZ,三维天地,24.76,-36.02,-23.87,6.19,-12.18,-12.09,-9.28,,0.0,29.49,1.94,23.77,0.06,扣非亏损,扣非亏损,亏损,-0.94
600303.SH,曙光股份,22.97,-7.86,-6.9,2.07,-17.84,-18.0,-5.74,,0.0,1.98,-14.27,65.17,0.06,扣非亏损,扣非亏损,亏损,-0.94
301133.SZ,金钟股份,43.37,136.52,112.78,4.67,2.08,2.31,1.1,,0.0,-63.57,27.39,50.76,0.06,4.12,108.44,118.19,0.07
300112.SZ,万讯自控,20.67,-138.77,-24.15,2.52,-1.83,-1.28,-0.14,,0.0,-332.57,3.33,35.77,0.06,扣非亏损,扣非亏损,亏损,-0.94
001396.SZ,誉帆科技,10.95,51.54,41.36,6.09,8.92,9.27,6.52,,0.0,10.32,13.76,39.59,0.06,3.01,9.27,11.12,0.17
300480.SZ,光力科技,75.69,221.58,-261.29,8.42,1.6,2.76,2.6,0.3,0.0,134.56,3.39,32.67,0.06,扣非亏损,危险信号,160.56,0.06
002482.SZ,广田集团,67.01,-52.77,-58.1,13.99,-18.43,-18.09,-3.18,,0.0,44.88,-50.65,81.27,0.06,扣非亏损,扣非亏损,亏损,-0.94
301213.SZ,观想科技,37.24,5662.35,-328.49,7.34,0.02,0.1,0.28,,0.0,-93.93,5.95,19.98,0.06,扣非亏损,危险信号,113246.98,0.06
300540.SZ,蜀道装备,46.62,199.8,162.15,4.69,1.45,1.77,1.14,,0.0,-29.43,51.12,47.61,0.06,3.17,223.79,225.77,0.06
688331.SH,荣昌生物,182.66,-86.1,-66.17,27.25,-25.32,-26.7,-8.61,,0.0,50.31,17.64,61.18,0.06,扣非亏损,扣非亏损,亏损,-0.94
603699.SH,纽威股份,454.28,31.28,32.89,11.12,25.62,25.54,13.64,1.12,69.88,33.33,17.18,58.05,0.06,1.91,1.28,1.22,0.84
600103.SH,青山纸业,80.53,94.13,270.05,2.05,1.04,1.64,1.56,,0.0,-27.37,-3.11,27.64,0.06,-86.8,517.09,114.79,0.06
002810.SZ,山东赫达,61.97,36.02,46.64,3.0,5.72,6.11,4.46,0.67,30.3,-27.86,8.82,43.0,0.06,5.29,8.15,5.9,0.18
603822.SH,ST嘉澳,89.96,-265.97,-34.64,20.14,-5.09,-4.86,2.01,,0.0,80.08,-0.54,81.06,0.06,扣非亏损,扣非亏损,亏损,-0.94
688123.SH,聚辰股份,203.27,47.66,57.8,8.14,12.24,13.62,13.46,,0.0,43.87,32.71,6.21,0.06,1.77,9.44,7.0,0.16
600098.SH,广州发展,275.91,9.59,28.78,1.0,3.28,7.96,4.31,1.53,0.0,-43.12,9.07,62.83,0.06,3.17,17.55,2.41,0.12
300966.SZ,共同药业,16.21,-56.59,-53.6,3.16,-3.59,-3.61,-0.69,,0.0,-118.1,-3.09,66.47,0.06,扣非亏损,扣非亏损,亏损,-0.94
688222.SH,成都先导,103.3,83.42,79.34,7.02,6.29,6.47,5.24,,0.0,420.3,11.2,22.56,0.06,7.08,25.22,25.79,0.1
603197.SH,保隆科技,72.86,27.6,41.64,2.27,4.09,6.03,3.33,0.87,50.79,-36.95,21.71,69.9,0.06,1.92,10.18,4.58,0.16
920086.BJ,科马材料,9.07,31.57,35.65,4.54,10.82,11.39,11.41,,0.0,20.56,4.78,9.25,0.06,7.46,6.59,5.54,0.21
002908.SZ,德生科技,30.67,698.4,345.46,3.72,0.22,0.39,0.45,,0.0,-57.13,-2.32,22.45,0.06,-148.98,3169.38,3581.55,0.06
600809.SH,山西汾酒,1943.04,12.78,15.79,5.01,31.04,31.82,28.5,,0.0,0.53,21.95,28.0,0.06,0.72,1.02,0.8,1.04
300856.SZ,科思股份,61.83,61.57,55.76,2.39,2.29,2.81,2.56,,0.0,-86.75,30.89,28.23,0.06,1.81,48.65,43.82,0.08
300928.SZ,华安鑫创,17.51,-33.6,-26.3,2.38,-5.31,-5.18,-5.78,,0.0,-39.52,12.81,14.83,0.06,扣非亏损,扣非亏损,亏损,-0.94
002692.SZ,远程股份,44.71,67.94,94.73,3.68,3.0,4.15,2.65,,0.0,-16.44,15.18,62.06,0.06,6.24,63.14,32.74,0.07
603163.SH,圣晖集成,108.0,84.69,79.45,9.7,8.59,8.59,5.44,0.22,24.19,29.25,6.32,49.71,0.06,12.56,9.25,9.86,0.17
300542.SZ,新晨科技,41.43,-165.18,-56.3,9.23,-4.42,-4.1,-0.49,,0.0,11.22,11.38,56.29,0.06,扣非亏损,扣非亏损,亏损,-0.94
688113.SH,联测科技,26.85,26.67,26.57,2.72,7.77,7.87,6.13,0.63,30.24,39.43,14.11,33.63,0.06,1.88,3.42,3.39,0.35
300490.SZ,华自科技,69.72,-28.15,-15.25,3.21,-8.86,-8.24,-2.85,,0.0,-27.92,-0.96,68.57,0.06,扣非亏损,扣非亏损,亏损,-0.94
300303.SZ,聚飞光电,138.24,52.38,66.51,3.93,3.67,5.62,3.7,,0.0,-13.83,9.33,40.14,0.06,7.13,36.29,18.64,0.09
920914.BJ,远航精密,26.16,47.9,45.6,2.74,4.25,4.38,3.81,,0.0,7.81,-1.58,26.95,0.06,-28.95,21.48,21.87,0.1
600851.SH,海欣股份,65.26,55.58,71.78,2.29,3.09,3.28,2.88,,0.0,3.68,-18.43,16.91,0.06,-3.89,46.54,33.9,0.08
603686.SH,福龙马,82.8,54.82,63.75,2.44,3.2,3.35,3.71,,0.0,4.43,-3.9,44.15,0.06,-16.36,39.79,32.73,0.08
688395.SH,正弦电气,23.56,59.87,74.0,3.02,3.16,3.16,3.32,,0.0,9.31,-5.44,17.47,0.06,-13.61,46.9,37.89,0.08
002631.SZ,德尔未来,63.09,-67.05,-39.17,2.9,-3.17,-3.24,-1.65,,0.0,-166.52,-8.71,33.21,0.06,扣非亏损,扣非亏损,亏损,-0.94
688513.SH,苑东生物,101.33,34.52,56.3,3.54,6.22,7.93,6.82,,0.0,3.1,10.23,19.47,0.06,5.5,18.11,8.71,0.11
688651.SH,盛邦安全,14.42,-46.48,-148.72,3.61,-6.16,-5.66,-5.8,,0.0,-35.26,13.55,13.68,0.06,扣非亏损,扣非亏损,亏损,-0.94
920087.BJ,秋乐种业,29.58,-138.43,-550.79,5.73,-5.67,-2.98,-2.11,,0.0,-507.18,8.19,34.16,0.06,扣非亏损,扣非亏损,亏损,-0.94
002548.SZ,金新农,51.24,-41.99,-37.17,3.7,-7.89,-6.42,0.14,,0.0,-640.38,-1.26,72.86,0.06,扣非亏损,扣非亏损,亏损,-0.94
300910.SZ,瑞丰新材,108.49,20.21,20.76,4.22,15.4,16.32,14.73,,0.0,13.69,62.11,23.0,0.06,0.33,2.7,2.48,0.43
002516.SZ,旷达科技,89.12,49.71,53.16,2.4,3.46,3.68,3.79,,0.0,36.26,6.98,18.22,0.06,7.61,30.75,27.02,0.09
688089.SH,嘉必优,33.48,19.41,21.99,2.06,7.4,8.07,8.28,,0.0,79.65,17.01,10.06,0.06,1.29,5.95,4.81,0.23
300222.SZ,科大智能,79.92,102.82,135.47,5.72,2.7,4.27,1.66,,0.0,514.97,-1.1,61.22,0.06,-123.68,100.36,48.16,0.07
600776.SH,东方通信,154.01,41.66,-258.93,5.35,1.04,9.99,8.03,,0.0,330.06,-1.4,19.89,0.06,扣非亏损,危险信号,8.34,0.06
601798.SH,蓝科高新,33.25,74.88,-66.37,2.62,2.02,2.66,1.73,,0.0,197.65,-2.22,47.46,0.06,扣非亏损,危险信号,56.3,0.04
603568.SH,伟明环保,492.14,17.32,18.53,3.4,14.85,15.13,9.41,,0.0,2.03,19.12,44.87,0.06,0.97,2.5,2.29,0.46
688181.SH,八亿时空,45.66,75.14,98.18,2.2,2.1,2.21,2.23,,0.0,-26.3,-5.61,36.14,0.06,-17.49,93.46,68.0,0.07
603536.SH,惠发食品,24.25,-46.72,-83.08,5.91,-9.48,-9.09,-1.82,,0.0,-28.55,6.16,65.25,0.06,扣非亏损,扣非亏损,亏损,-0.94
002446.SZ,盛路通信,89.19,85.91,-12.74,3.79,2.69,3.35,2.28,,0.0,17.53,7.49,33.39,0.06,扣非亏损,危险信号,51.29,-0.05
300967.SZ,晓鸣股份,25.36,15.62,16.45,4.65,20.89,21.35,12.37,,0.0,925.04,10.39,43.7,0.06,1.58,1.57,1.46,0.69
300215.SZ,电科院,48.89,-236.65,-221.26,3.74,-1.41,-1.18,-0.23,,0.0,-250.78,-9.82,20.95,0.06,扣非亏损,扣非亏损,亏损,-0.94
920270.BJ,天铭科技,14.75,40.75,41.74,4.66,7.87,8.23,7.64,,0.0,-28.87,11.95,14.16,0.06,3.49,10.6,9.9,0.15
300321.SZ,同大股份,32.82,223.45,487.48,5.18,1.57,1.75,1.44,,0.0,12.16,-8.8,6.5,0.06,-55.41,620.56,255.37,0.06
000790.SZ,华神科技,25.96,-19.95,-27.99,2.79,-7.37,-10.01,-3.81,,0.0,-1489.9,-2.51,48.98,0.06,扣非亏损,扣非亏损,亏损,-0.94
300468.SZ,四方精创,190.36,213.77,242.63,11.58,3.93,4.06,3.47,,0.0,26.25,4.96,5.79,0.06,48.97,123.5,105.31,0.07
301073.SZ,君亭酒店,52.4,433.1,472.65,5.99,0.75,1.01,2.22,0.29,250.0,-57.18,35.32,61.11,0.06,13.38,633.75,428.81,0.06
000909.SZ,ST数源,26.13,-29.05,-17.82,2.63,-7.01,-6.48,-0.72,,0.0,-7.3,-31.29,55.57,0.06,扣非亏损,扣非亏损,亏损,-0.94
300110.SZ,华仁药业,39.09,53.77,-2.75,2.89,3.44,4.11,2.84,,0.0,-49.18,-4.17,58.02,0.06,扣非亏损,危险信号,26.17,-0.57
688196.SH,卓越新能,95.27,45.25,48.67,3.48,5.59,5.87,4.18,,0.0,83.78,10.78,21.2,0.06,4.51,17.4,15.42,0.11
300696.SZ,爱乐达,77.59,137.23,-818.18,4.52,1.72,2.51,2.04,,0.0,229.58,-20.06,12.57,0.06,扣非亏损,危险信号,109.35,0.06
688299.SH,长阳科技,52.22,-733.83,-79.54,2.51,-0.56,-0.26,0.38,,0.0,-333.76,1.41,38.15,0.06,扣非亏损,扣非亏损,亏损,-0.94
002009.SZ,天奇股份,91.89,116.5,-64.14,5.21,1.02,3.41,1.81,,0.0,118.32,-6.62,63.57,0.06,扣非亏损,危险信号,68.33,0.05
300652.SZ,雷迪克,54.95,33.36,41.43,4.05,8.39,9.46,7.53,,0.0,48.87,7.92,26.39,0.06,5.23,9.87,7.05,0.16
300904.SZ,威力传动,14.96,-85.75,-33.51,7.53,-10.84,-8.24,-1.71,,0.0,-70.75,-17.14,78.99,0.06,扣非亏损,扣非亏损,亏损,-0.94
002549.SZ,凯美特气,138.33,138.2,298.76,6.72,3.18,3.71,2.69,,0.0,289.0,-0.79,28.17,0.06,-379.59,187.79,74.5,0.06
603195.SH,公牛集团,788.69,19.94,21.97,5.06,17.14,18.26,16.89,,0.0,-4.87,10.8,26.34,0.06,2.04,2.56,2.18,0.45
603315.SH,福鞍股份,52.32,91.46,112.21,3.08,2.83,2.54,2.33,,0.0,-47.23,9.63,46.84,0.06,11.65,79.36,72.01,0.07
002128.SZ,电投能源,753.39,13.72,15.56,2.02,11.22,11.43,11.44,1.07,0.0,-5.95,6.67,25.18,0.06,2.33,2.77,2.4,0.42
000978.SZ,桂林旅游,33.85,70.97,-17.78,3.06,0.86,3.28,3.0,,0.0,7996.9,69.17,51.37,0.06,扣非亏损,危险信号,43.27,0.03
600020.SH,中原高速,94.16,7.35,9.53,0.79,6.15,7.48,3.43,,0.0,18.11,10.44,71.03,0.06,0.91,3.1,1.96,0.38
600318.SH,新力金融,44.61,83.91,122.14,4.08,3.61,3.7,3.61,,0.0,19.85,-6.7,52.47,0.06,-18.23,67.67,45.36,0.07
002456.SZ,欧菲光,321.05,-358.67,-185.56,8.25,-3.58,-1.81,0.83,,0.0,-608.37,-0.06,77.86,0.06,扣非亏损,扣非亏损,亏损,-0.94
688208.SH,道通科技,228.06,23.32,27.98,6.76,20.15,22.13,11.52,1.58,79.45,61.81,21.66,50.23,0.06,1.29,1.39,1.05,0.78
300700.SZ,岱勒新材,38.02,-43.42,-21.46,6.44,-10.99,-10.59,-5.83,,0.0,-15.37,37.25,49.23,0.06,扣非亏损,扣非亏损,亏损,-0.94
002356.SZ,赫美集团,59.01,85.52,-88.12,9.5,-5.35,8.76,5.96,,0.0,18.1,32.28,12.25,0.06,扣非亏损,扣非亏损,19.52,-0.94
920526.BJ,凯华材料,11.44,134.33,152.9,8.05,4.39,4.5,4.7,,0.0,-26.82,-4.92,7.58,0.06,-31.07,69.73,59.7,0.07
688247.SH,宣泰医药,44.06,52.08,53.21,3.37,4.18,4.9,4.65,0.26,25.0,-36.64,23.41,10.19,0.06,2.27,12.75,10.63,0.13
002030.SZ,达安基因,86.87,-46.04,-12.16,1.12,-4.16,-1.81,-2.13,,0.0,24.99,-20.26,12.09,0.06,扣非亏损,扣非亏损,亏损,-0.94
603439.SH,三力制药,47.05,44.23,32.34,3.22,4.42,5.37,3.24,,0.0,-64.49,31.73,45.64,0.06,1.02,14.64,16.47,0.12
002777.SZ,久远银海,73.99,130.87,96.43,4.52,1.89,2.58,1.69,,0.0,492.73,0.89,32.76,0.06,108.06,101.89,101.45,0.07
301246.SZ,宏源药业,34.89,-5944.69,-424.79,2.01,-0.56,-0.03,0.2,,0.0,-549.79,5.51,26.53,0.06,扣非亏损,扣非亏损,亏损,-0.94
301326.SZ,捷邦科技,38.41,-609.92,-247.83,7.98,-1.57,-0.99,1.76,,0.0,-68.13,-4.74,46.93,0.06,扣非亏损,扣非亏损,亏损,-0.94
688750.SH,金天钛业,46.42,145.79,141.66,3.76,1.37,1.94,1.52,,0.0,-68.22,12.55,31.13,0.06,11.29,207.42,150.3,0.06
300918.SZ,南山智尚,77.64,49.63,43.46,2.04,3.82,3.83,2.87,0.22,22.22,-3.27,2.81,24.71,0.06,15.48,11.38,12.96,0.14
002809.SZ,红墙股份,19.53,-350.41,-249.45,1.91,-1.15,-0.4,0.12,,0.0,-160.53,-23.23,38.72,0.06,扣非亏损,扣非亏损,亏损,-0.94
000020.SZ,深华发A,26.25,144.7,98.91,9.66,4.27,5.13,3.45,,0.0,34.23,2.85,43.59,0.06,34.75,46.34,56.41,0.08
600580.SH,卧龙电驱,630.37,57.92,80.83,5.91,6.93,7.87,4.25,,0.0,25.66,5.88,55.24,0.06,13.75,23.33,14.72,0.1
600292.SH,电投水电,114.47,859.62,-3345.31,12.33,0.95,1.08,1.42,,0.0,-43.26,2.32,44.38,0.06,扣非亏损,危险信号,1591.88,0.06
600935.SH,华塑股份,113.99,-73.08,-32.55,1.95,-2.29,-2.02,-0.84,,0.0,38.73,-8.51,39.6,0.06,扣非亏损,扣非亏损,亏损,-0.94
301391.SZ,卡莱特,71.38,409.37,-923.21,3.52,-0.61,0.64,0.23,,0.0,52.32,9.94,18.41,0.06,扣非亏损,扣非亏损,1279.29,-0.94
603022.SH,新通联,22.56,46.25,40.26,2.75,4.51,4.56,4.8,,0.0,12.11,6.4,29.77,0.06,6.29,17.86,20.28,0.11
605319.SH,无锡振华,74.1,20.29,19.62,3.32,12.44,12.46,8.01,1.33,34.57,27.9,14.28,52.58,0.06,1.37,1.58,1.63,0.69
600206.SH,有研新材,186.83,57.11,102.98,4.41,4.0,6.06,4.48,,0.0,70.62,-16.52,35.17,0.06,-6.23,51.54,18.85,0.08
688653.SH,康希通信,43.0,-141.73,-55.55,4.01,-3.28,-2.09,-1.57,,0.0,-18.81,15.91,18.19,0.06,扣非亏损,扣非亏损,亏损,-0.94
600523.SH,贵航股份,59.07,37.54,39.19,1.89,3.04,3.8,3.25,0.92,0.0,-5.91,0.1,21.3,0.06,377.08,25.79,19.76,0.09
300829.SZ,金丹科技,32.25,26.3,91.49,1.92,5.5,6.51,4.67,,0.0,41.92,1.66,32.06,0.06,55.18,33.29,8.08,0.09
603856.SH,东宏股份,39.46,17.01,28.94,1.46,6.45,6.89,5.64,0.3,9.74,2.46,5.48,25.54,0.06,5.28,4.49,2.47,0.28
688489.SH,三未信安,47.3,-91.6,-132.21,2.62,-2.64,-2.14,-3.13,,0.0,-1597.93,21.06,8.89,0.06,扣非亏损,扣非亏损,亏损,-0.94
688200.SH,华峰测控,340.38,65.98,73.9,8.77,9.23,10.41,9.84,,0.0,53.99,5.82,7.21,0.06,12.69,16.02,12.68,0.12
600862.SH,中航高科,341.58,31.77,33.42,4.58,10.98,11.09,9.41,0.94,0.0,-11.09,10.13,26.73,0.06,3.3,6.08,5.73,0.22
300571.SZ,平治信息,34.98,425.93,-43.65,2.9,0.72,0.51,1.73,,0.0,114.59,-24.0,68.13,0.06,扣非亏损,危险信号,1670.33,0.05
605055.SH,迎丰股份,41.58,-73.07,-192.89,3.98,-3.44,-3.82,-1.47,,0.0,-239.38,6.76,63.77,0.06,扣非亏损,扣非亏损,亏损,-0.94
002427.SZ,尤夫股份,68.83,266.34,1422.02,7.27,1.8,2.07,1.63,,0.0,144.95,-7.17,61.54,0.06,-198.42,1578.18,257.34,0.06
688178.SH,万德斯,22.39,-45.44,-19.31,2.25,-3.96,-3.64,-1.68,,0.0,-1548.96,-15.66,50.59,0.06,扣非亏损,扣非亏损,亏损,-0.94
002585.SZ,双星新材,67.73,-29.34,-18.85,1.01,-2.98,-2.54,-2.08,,0.0,4.57,0.39,31.08,0.06,扣非亏损,扣非亏损,亏损,-0.94
301155.SZ,海力风电,105.36,40.18,67.6,3.23,5.32,6.22,4.49,,0.0,271.67,-28.83,41.33,0.06,-2.34,25.41,12.92,0.1
600850.SH,电科数字,175.22,51.57,35.53,3.6,5.01,5.27,2.5,0.2,38.24,-18.74,4.2,55.86,0.06,8.45,7.09,9.79,0.2
688282.SH,理工导航,67.19,-2358.52,332.93,5.25,-0.56,-0.17,-1.01,,0.0,80.16,186.86,17.97,0.06,1.78,困境反转,亏损,0.06
001299.SZ,美能能源,30.49,38.34,39.17,2.87,4.63,4.98,4.58,1.02,70.62,20.65,11.64,25.62,0.06,3.37,8.46,7.7,0.17
301263.SZ,泰恩康,88.13,294.99,519.02,7.12,1.79,1.79,1.03,,0.0,-72.38,3.91,24.84,0.06,132.63,579.14,329.59,0.06
300245.SZ,天玑科技,36.65,-64.19,-40.04,2.95,-3.94,-3.42,-3.28,,0.0,-10.27,-5.59,19.98,0.06,扣非亏损,扣非亏损,亏损,-0.94
600197.SH,伊力特,61.13,33.4,32.9,1.6,3.8,3.53,4.49,,0.0,-38.7,6.65,33.44,0.06,4.95,17.33,18.92,0.11
603877.SH,太平鸟,72.51,193.16,94.03,1.7,-1.25,0.64,1.13,,0.0,-467.3,-14.45,42.62,0.06,-6.51,-150.01,603.63,0.06
688777.SH,中控技术,559.93,97.79,78.09,5.52,3.3,4.2,2.39,,0.0,-48.37,27.57,44.0,0.06,2.83,47.34,46.57,0.08
920300.BJ,辰光医疗,9.04,-45.26,-16.9,5.59,-9.84,-8.85,-5.1,,0.0,-3.01,-14.74,48.48,0.06,扣非亏损,扣非亏损,亏损,-0.94
920693.BJ,阿为特,10.87,192.52,303.96,6.12,2.04,2.39,1.7,,0.0,-50.84,3.24,19.11,0.06,93.7,297.8,161.1,0.06
601816.SH,京沪高铁,2495.21,18.17,19.11,1.22,5.06,5.04,5.22,0.75,29.87,2.91,26.67,21.01,0.06,0.72,3.77,3.6,0.32
601566.SH,九牧王,62.64,15.14,34.18,1.54,2.11,7.71,5.99,,0.0,-17.38,2.21,28.58,0.06,15.48,32.4,3.93,0.09
300930.SZ,屹通新材,15.31,53.61,58.49,3.54,4.93,5.05,3.94,,0.0,11.95,1.18,41.29,0.06,49.68,23.72,21.23,0.1
688399.SH,硕世生物,53.37,1269.99,-55.15,1.8,-1.33,0.1,0.24,4.96,6800.0,-151.4,-3.68,18.67,0.06,扣非亏损,扣非亏损,12699.86,-0.94
920395.BJ,朗鸿科技,11.34,30.86,32.65,7.26,17.59,19.06,17.49,,0.0,-4.4,6.1,12.31,0.06,5.35,3.71,3.24,0.32
002448.SZ,中原内配,73.71,21.91,31.2,2.55,8.83,9.01,7.28,,0.0,55.76,11.34,31.59,0.06,2.75,7.06,4.86,0.2
002713.SZ,*ST东易,57.02,-132.64,-17.54,-8.84,,,-3.38,,0.0,86.18,-26.92,172.4,0.06,扣非亏损,,,-10.0
300541.SZ,先进数通,59.03,57.17,86.28,3.81,4.18,5.12,3.91,,0.0,119.0,-16.55,48.33,0.06,-5.21,41.26,22.33,0.08
603990.SH,麦迪科技,45.85,100.34,-42.09,5.5,0.87,4.2,1.85,,0.0,102.83,21.25,32.41,0.06,扣非亏损,危险信号,47.78,0.04
688539.SH,高华科技,40.65,104.12,243.43,4.15,1.29,2.99,2.7,,0.0,-36.02,15.62,11.22,0.06,15.58,378.73,69.65,0.06
688188.SH,柏楚电子,430.61,35.71,44.26,7.16,14.7,15.7,16.33,0.49,30.0,21.96,26.1,4.94,0.06,1.7,3.01,2.27,0.39
002565.SZ,顺灏股份,139.81,155.76,1558.6,7.5,1.18,3.58,3.34,,0.0,-61.12,-0.48,22.33,0.06,-3237.65,2645.51,87.02,0.06
001376.SZ,百通能源,46.53,56.85,63.62,8.58,10.7,11.65,10.95,0.3,22.73,-10.86,13.88,30.53,0.05,4.58,5.95,4.88,0.22
920522.BJ,纳科诺尔,74.77,118.87,149.32,8.44,4.99,5.37,3.09,,0.0,-63.77,43.57,53.32,0.05,3.43,59.85,44.27,0.07
301392.SZ,汇成真空,50.2,522.73,424.73,16.97,2.37,2.39,1.47,0.08,23.26,-65.87,-0.67,38.87,0.05,-631.5,178.92,218.72,0.06
002561.SZ,徐家汇,35.14,-1272.49,-467.1,1.62,-0.53,-0.09,0.23,,0.0,-366.14,-9.61,14.71,0.05,扣非亏损,扣非亏损,亏损,-0.95
003029.SZ,吉大正元,40.97,-46.65,-31.23,4.24,-6.98,-6.82,-3.69,,0.0,-4.25,-19.03,37.06,0.05,扣非亏损,扣非亏损,亏损,-0.95
002698.SZ,博实股份,127.01,27.23,33.48,3.89,10.27,10.83,7.53,,0.0,-7.4,10.88,38.63,0.05,3.08,6.52,5.03,0.21
603110.SH,东方材料,34.13,801.75,1697.98,4.9,0.27,0.46,0.76,,0.0,-83.34,3.43,12.73,0.05,495.13,12709.46,3485.87,0.05
688639.SH,华恒生物,90.34,40.42,50.59,3.37,6.36,6.37,3.75,,0.0,0.8,32.56,52.96,0.05,1.55,15.9,12.69,0.12
000623.SZ,吉林敖东,222.72,7.42,9.48,0.73,6.68,7.56,7.02,1.02,18.32,65.2,6.81,10.87,0.05,1.39,1.42,0.98,0.76
002498.SZ,汉缆股份,312.72,49.51,67.85,3.64,4.93,5.67,4.54,,0.0,-20.87,1.2,32.85,0.05,56.7,27.53,17.46,0.09
601579.SH,会稽山,82.42,53.17,44.35,2.27,2.94,3.09,3.8,,0.0,8.28,9.59,16.16,0.05,4.63,30.18,34.41,0.09
600980.SH,北矿科技,43.34,38.72,43.88,2.99,5.16,5.9,3.55,0.2,15.68,0.14,12.09,48.77,0.05,3.63,8.5,6.56,0.17
002085.SZ,万丰奥威,332.72,34.23,50.35,4.38,8.29,10.02,6.3,0.62,41.67,20.78,10.34,43.79,0.05,4.87,6.07,3.42,0.22
002767.SZ,先锋电子,30.78,127.45,107.92,4.17,2.06,2.48,1.78,,0.0,182.28,9.56,31.1,0.05,11.29,104.56,102.78,0.06
000008.SZ,神州高铁,81.22,-69.84,-14.58,2.77,-3.55,-2.93,0.24,,0.0,49.69,1.54,66.86,0.05,扣非亏损,扣非亏损,亏损,-0.95
920839.BJ,万通液压,23.24,33.23,33.43,6.78,15.56,15.89,13.58,,0.0,36.08,25.62,24.24,0.05,1.3,4.3,4.18,0.29
003033.SZ,征和工业,48.18,27.85,34.18,3.49,8.11,10.0,6.3,0.64,0.0,14.98,10.56,44.57,0.05,3.24,8.43,5.57,0.17
002886.SZ,沃特股份,48.99,153.66,194.31,3.42,1.1,1.68,1.34,,0.0,24.7,7.78,51.46,0.05,24.97,352.56,182.93,0.06
300710.SZ,万隆光电,22.74,-220.88,-13.69,6.56,-2.12,-2.2,-0.89,,0.0,-265.23,-20.99,23.54,0.05,扣非亏损,扣非亏损,亏损,-0.95
300579.SZ,数字认证,76.19,-51.41,-92.12,10.03,-14.44,-13.57,-8.66,,0.0,-287.95,3.67,45.34,0.05,扣非亏损,扣非亏损,亏损,-0.95
920119.BJ,美德乐,14.01,23.61,26.52,5.73,19.61,20.16,11.46,,0.0,,,52.71,0.05,,2.7,2.34,0.42
300977.SZ,深圳瑞捷,18.93,84.04,-89.73,2.19,0.73,1.98,2.06,,0.0,18.67,-14.99,8.6,0.05,扣非亏损,危险信号,84.89,0.05
002196.SZ,方正电机,70.12,388.2,-252.63,5.03,0.56,0.99,0.89,,0.0,400.79,9.82,68.1,0.05,扣非亏损,危险信号,784.24,0.05
300082.SZ,奥克股份,72.5,-831.04,-124.15,2.66,-1.09,-0.24,0.97,,0.0,79.44,-12.0,46.67,0.05,扣非亏损,扣非亏损,亏损,-0.95
688309.SH,恒誉环保,43.32,224.67,140.63,5.78,1.79,1.94,1.81,,0.0,461.73,29.72,18.62,0.05,4.73,157.33,231.62,0.06
688669.SH,聚石化学,33.26,432.41,-15.21,2.54,-1.88,0.44,1.84,,0.0,-105.98,19.58,72.1,0.05,扣非亏损,扣非亏损,1958.39,-0.95
920260.BJ,中寰股份,11.49,36.48,35.48,2.79,5.27,5.75,4.57,,0.0,-25.49,11.61,25.42,0.05,3.06,13.47,12.69,0.13
000590.SZ,古汉医药,28.82,-145.91,-18.18,4.94,-3.5,-2.51,-1.07,,0.0,35.13,5.6,38.04,0.05,扣非亏损,扣非亏损,亏损,-0.95
301158.SZ,德石股份,39.3,31.6,32.53,2.9,6.54,7.18,5.98,0.63,0.0,43.78,14.48,26.18,0.05,2.25,9.95,8.8,0.15
920570.BJ,坤博精工,8.19,279.21,-470.78,4.92,1.09,1.32,1.88,,0.0,-62.77,7.72,11.09,0.05,扣非亏损,危险信号,423.05,0.05
688678.SH,福立旺,72.53,160.51,662.28,3.91,1.37,1.92,1.09,,0.0,-53.91,21.39,53.52,0.05,30.96,964.01,167.2,0.05
001282.SZ,三联锻造,17.74,41.35,39.22,3.11,5.55,5.79,3.67,0.33,0.0,-11.17,19.04,38.23,0.05,2.06,14.13,14.28,0.12
603986.SH,兆易创新,1858.81,135.11,150.67,10.73,6.01,6.3,4.78,,0.0,34.04,-1.97,11.35,0.05,-76.36,50.16,42.89,0.07
603535.SH,嘉诚国际,46.34,23.36,24.95,1.76,5.46,5.54,4.45,,0.0,-11.83,2.14,44.51,0.05,11.66,9.14,8.44,0.16
600227.SH,赤天化,55.83,-36.3,-37.63,3.08,-6.22,-6.18,-2.28,,0.0,-196.32,3.53,46.75,0.05,扣非亏损,扣非亏损,亏损,-0.95
688343.SH,云天励飞,232.35,-79.5,-60.26,8.14,-8.72,-7.67,-5.15,,0.0,31.86,23.5,31.63,0.05,扣非亏损,扣非亏损,亏损,-0.95
002903.SZ,宇环数控,33.09,1191.39,-783.7,6.07,-0.32,0.38,1.26,,0.0,-146.87,3.83,31.53,0.05,扣非亏损,扣非亏损,6270.46,-0.95
301273.SZ,瑞晨环保,18.43,-46.33,-75.66,2.6,-4.36,-4.11,-4.11,,0.0,3.83,-10.63,22.87,0.05,扣非亏损,扣非亏损,亏损,-0.95
688392.SH,骄成超声,130.77,104.31,101.25,7.26,4.36,5.39,4.18,0.18,0.0,673.31,17.6,22.94,0.05,5.75,46.41,38.7,0.08
000697.SZ,ST炼石,70.54,-64.55,-66.49,-454.24,-528.42,,-3.53,,0.0,23.12,21.15,100.75,0.05,扣非亏损,扣非亏损,,-0.95
688213.SH,思特威,274.21,36.56,43.93,6.91,15.12,15.32,8.87,0.13,0.0,126.19,38.76,52.83,0.05,1.13,5.81,4.77,0.23
920925.BJ,锦好医疗,10.97,83.1,80.17,5.24,4.17,4.85,4.19,,0.0,373.34,-0.77,25.22,0.05,-103.88,38.43,34.27,0.08
300927.SZ,江天化学,50.66,474.16,382.25,5.39,0.6,0.85,0.5,,0.0,-82.02,-0.97,53.18,0.05,-395.68,1266.78,1115.68,0.05
603811.SH,诚意药业,38.26,20.11,23.85,2.89,10.87,10.99,9.8,,0.0,31.4,1.1,21.44,0.05,21.76,4.39,3.66,0.28
601928.SH,凤凰传媒,252.71,11.14,10.97,1.26,7.93,8.28,4.77,1.0,16.05,19.96,2.9,35.45,0.05,3.79,1.38,1.35,0.78
688326.SH,经纬恒润,138.41,-148.64,-55.79,3.77,-3.03,-1.87,-1.17,,0.0,74.09,19.35,58.13,0.05,扣非亏损,扣非亏损,亏损,-0.95
000886.SZ,海南高速,59.65,-425.58,-143.88,1.99,-0.38,-0.35,0.0,,0.0,-125.4,31.41,22.31,0.05,扣非亏损,扣非亏损,亏损,-0.95
300184.SZ,力源信息,111.63,59.08,84.18,2.99,3.87,4.09,3.85,,0.0,65.81,-5.83,38.94,0.05,-14.43,43.51,28.89,0.08
603169.SH,兰石重装,167.21,1120.04,-4474.49,5.05,-0.46,0.33,0.71,,0.0,-118.73,13.06,71.92,0.05,扣非亏损,扣非亏损,6788.12,-0.95
300024.SZ,机器人,253.78,-121.31,-79.5,6.01,-4.68,-3.66,-1.1,,0.0,-25.95,7.89,61.76,0.05,扣非亏损,扣非亏损,亏损,-0.95
920415.BJ,恒拓开源,15.29,253.82,322.42,3.7,0.43,1.1,1.25,,0.0,-28.22,-2.21,13.31,0.05,-146.18,1515.11,461.5,0.05
603378.SH,亚士创能,26.7,-6.43,-4.07,2.68,-29.06,-26.99,-5.47,,0.0,-813.77,-22.67,81.35,0.05,扣非亏损,扣非亏损,亏损,-0.95
603739.SH,蔚蓝生物,40.59,49.27,163.58,2.29,1.31,3.55,4.04,,0.0,-1.47,4.77,37.49,0.05,34.3,250.49,27.76,0.06
002975.SZ,博杰股份,79.46,85.35,152.72,5.36,2.94,5.06,4.19,0.12,0.0,680.26,3.6,26.45,0.05,42.43,103.84,33.74,0.06
600905.SH,三峡能源,1266.43,22.02,26.86,1.42,4.26,4.88,2.35,,0.0,-26.36,22.8,71.25,0.05,1.18,12.61,9.03,0.13
688008.SH,澜起科技,1679.51,82.27,97.21,14.6,12.4,13.6,11.5,0.17,19.61,67.93,21.59,10.87,0.05,4.5,7.84,6.05,0.18
300099.SZ,尤洛卡,54.01,89.18,85.69,3.0,1.92,2.37,2.09,0.69,99.43,-28.01,-7.21,19.37,0.05,-11.89,44.55,37.63,0.08
300719.SZ,安达维尔,31.79,5951.09,878.51,4.34,-0.1,0.05,0.16,,0.0,-220.2,22.46,41.21,0.05,39.11,-16992.45,238043.66,0.05
300687.SZ,赛意信息,66.23,224.73,223.94,2.99,0.56,1.02,0.9,,0.0,-82.81,7.63,28.13,0.05,29.34,799.2,440.64,0.05
688561.SH,奇安信,229.03,-27.84,-18.46,2.81,-11.02,-7.3,-3.93,,0.0,28.47,-7.28,44.55,0.05,扣非亏损,扣非亏损,亏损,-0.95
300429.SZ,强力新材,55.65,-233.64,-43.04,4.35,-1.48,-1.29,0.57,,0.0,47.04,-2.94,45.76,0.05,扣非亏损,扣非亏损,亏损,-0.95
600560.SH,金自天正,35.78,72.08,76.25,3.71,3.85,3.9,2.28,,0.0,1.47,3.68,58.36,0.05,20.71,39.58,36.97,0.08
300347.SZ,泰格医药,312.04,34.88,164.34,2.24,1.56,4.89,4.52,,0.0,-63.46,9.85,14.16,0.05,16.69,210.99,14.26,0.06
002637.SZ,赞宇科技,70.26,37.14,47.03,1.98,3.63,3.99,3.56,,0.0,49.93,-0.62,54.82,0.05,-75.37,25.92,18.62,0.09
688798.SH,艾为电子,97.26,45.44,78.15,4.01,4.78,6.81,5.26,,0.0,42.27,8.93,20.45,0.05,8.75,32.72,13.34,0.08
603978.SH,深圳新星,56.93,-69.06,-22.53,3.76,-4.14,-3.75,-0.53,,0.0,43.23,25.58,60.31,0.05,扣非亏损,扣非亏损,亏损,-0.95
600505.SH,西昌电力,53.99,327.64,288.78,4.43,0.92,1.02,1.62,,0.0,1.99,10.55,67.09,0.05,27.38,625.95,642.43,0.05
688085.SH,三友医疗,65.31,82.68,159.31,3.29,2.48,3.08,2.53,,0.0,1737.69,-7.05,10.57,0.05,-22.6,128.69,53.69,0.06
600673.SH,东阳光,1045.14,86.8,127.04,10.76,8.34,9.75,5.27,,0.0,171.77,-1.15,65.52,0.05,-110.58,30.47,17.8,0.09
603730.SH,岱美股份,195.52,32.97,25.15,4.28,12.72,9.37,7.47,,0.0,-3.09,14.99,36.58,0.05,1.68,3.95,7.04,0.31
002400.SZ,省广集团,156.22,123.14,203.21,3.16,1.55,1.93,1.45,0.12,0.0,20.05,16.79,54.45,0.05,12.1,262.07,127.6,0.06
603806.SH,福斯特,455.75,49.71,65.63,2.87,3.84,4.2,3.62,,0.0,-48.29,17.08,19.74,0.05,3.84,34.2,23.67,0.08
300212.SZ,易华录,79.77,-11.53,-2.99,30.23,-107.04,-115.84,-3.18,,0.0,12.02,-37.38,88.38,0.05,扣非亏损,扣非亏损,亏损,-0.95
603933.SH,睿能科技,44.66,82.21,360.57,3.38,2.86,3.11,2.51,,0.0,-30.91,-2.1,45.64,0.05,-172.06,251.91,52.87,0.06
300997.SZ,欢乐家,80.52,650.18,130.61,8.98,0.74,0.99,1.52,,0.0,-90.43,8.44,41.06,0.05,15.48,354.24,1313.49,0.06
300594.SZ,朗进科技,28.63,-160.55,-55.88,3.5,-1.78,-1.62,-0.1,,0.0,66.05,9.58,56.92,0.05,扣非亏损,扣非亏损,亏损,-0.95
003002.SZ,壶化股份,49.37,27.83,30.33,3.6,9.88,10.1,8.0,,0.0,52.78,16.92,30.75,0.05,1.79,6.14,5.51,0.22
600668.SH,尖峰集团,45.58,5.26,350.29,0.79,-0.46,11.85,9.2,,0.0,-142.92,-8.58,24.6,0.05,-40.81,-1529.3,0.89,1.18
603669.SH,灵康药业,33.03,-71.8,-22.66,4.9,-7.5,-4.59,-1.57,,0.0,37.87,0.02,38.79,0.05,扣非亏损,扣非亏损,亏损,-0.95
688486.SH,龙迅股份,89.63,53.99,63.94,5.94,7.03,8.6,8.16,,0.0,38.55,26.98,4.75,0.05,2.37,18.19,12.56,0.11
300649.SZ,杭州园林,16.01,212.9,-84.27,4.0,0.83,1.41,0.91,,0.0,121.5,-32.52,44.54,0.05,扣非亏损,危险信号,301.98,0.05
603839.SH,安正时尚,29.99,-205.15,-23.59,1.66,-1.35,-0.59,-0.62,,0.0,33.53,-12.28,32.37,0.05,扣非亏损,扣非亏损,亏损,-0.95
688586.SH,江航装备,108.97,192.78,328.49,4.42,1.4,1.83,0.58,,0.0,-67.09,5.29,31.56,0.05,62.11,469.0,210.69,0.05
688768.SH,容知日新,42.45,119.37,33.52,4.07,2.4,2.56,1.09,,0.0,1111.57,15.34,21.75,0.05,2.19,27.95,93.26,0.09
920689.BJ,克莱特,12.56,37.73,46.43,5.0,9.62,10.1,6.74,,0.0,1.18,10.75,43.14,0.05,4.32,9.65,7.47,0.16
300758.SZ,七彩化学,55.49,62.87,68.92,3.43,4.55,4.19,2.96,,0.0,-27.43,6.42,49.69,0.05,10.74,30.27,30.01,0.09
300353.SZ,东土科技,120.88,-69.97,2573.59,6.96,-8.0,-7.11,-3.48,,0.0,-2.38,3.72,47.06,0.05,691.54,困境反转,亏损,0.1
920580.BJ,科创新材,7.84,88.3,111.55,3.99,3.06,3.41,3.43,,0.0,56.08,-1.55,12.05,0.05,-71.97,73.0,51.79,0.07
300609.SZ,汇纳科技,43.51,-91.28,-124.05,4.37,-3.89,-3.54,-3.39,,0.0,-0.4,-2.09,17.41,0.05,扣非亏损,扣非亏损,亏损,-0.95
605016.SH,百龙创园,102.02,28.91,32.03,5.43,14.62,14.61,13.55,0.46,12.5,50.41,21.13,27.16,0.05,1.52,2.19,1.98,0.51
002398.SZ,垒知集团,31.65,29.84,143.35,1.08,2.2,2.67,2.09,,0.0,0.29,-18.89,36.37,0.05,-7.59,130.36,22.35,0.06
002622.SZ,皓宸医疗,24.11,-68.46,-39.26,6.62,-6.43,-6.86,0.2,,0.0,-288.77,87.61,71.72,0.05,扣非亏损,扣非亏损,亏损,-0.95
600246.SH,万通发展,204.73,-797.06,-43.13,4.01,-2.33,-0.36,0.34,,0.0,8.04,-10.37,32.01,0.05,扣非亏损,扣非亏损,亏损,-0.95
300517.SZ,海波重科,15.26,-221.64,-265.06,2.44,-1.32,-0.79,-0.17,,0.0,-377.5,-25.59,26.27,0.05,扣非亏损,扣非亏损,亏损,-0.95
688097.SH,博众精工,293.71,66.52,90.52,6.21,4.44,7.23,3.62,0.25,25.55,3.46,9.56,59.68,0.05,9.47,20.39,9.2,0.1
300414.SZ,中光防雷,44.65,203.2,844.53,4.67,0.99,1.73,1.21,,0.0,611.07,-9.81,17.75,0.05,-86.13,1705.27,234.92,0.05
600486.SH,扬农化工,339.35,24.19,27.92,3.02,9.57,9.63,6.59,0.35,12.02,5.76,-0.99,39.43,0.05,-28.18,2.92,2.51,0.39
600399.SH,抚顺特钢,134.1,-18.3,-17.46,2.33,-9.43,-9.07,-4.06,,0.0,-293.43,4.69,54.7,0.05,扣非亏损,扣非亏损,亏损,-0.95
002471.SZ,中超控股,115.46,-353.39,-289.9,6.75,-1.54,-1.44,0.78,,0.0,11.52,-2.03,66.72,0.05,扣非亏损,扣非亏损,亏损,-0.95
603112.SH,华翔股份,87.65,17.32,20.09,2.17,9.8,10.51,7.47,1.24,36.61,20.36,5.58,29.45,0.05,3.6,2.05,1.65,0.54
002906.SZ,华阳集团,158.84,21.23,22.06,2.35,8.16,8.47,4.89,,0.0,19.65,31.51,48.4,0.05,0.7,5.4,5.01,0.24
300054.SZ,鼎龙股份,340.69,63.22,70.63,8.84,10.44,10.8,8.47,,0.0,44.02,12.89,41.11,0.05,5.48,13.53,11.71,0.13
002065.SZ,东华软件,256.77,60.57,97.42,2.32,2.6,2.88,2.14,,0.0,-16.25,7.24,50.99,0.05,13.46,75.07,42.06,0.07
603703.SH,盛洋科技,55.32,581.49,-128.69,6.69,0.57,0.88,1.36,,0.0,-9.93,-3.33,56.24,0.05,扣非亏损,危险信号,1321.57,0.05
688239.SH,航宇科技,116.95,60.13,70.5,5.94,6.78,7.58,4.24,,0.0,-4.65,27.33,57.86,0.05,2.58,20.8,15.86,0.1
000819.SZ,岳阳兴长,58.19,-138.74,-139.29,2.77,-1.52,-1.49,-0.22,,0.0,-150.37,28.28,34.21,0.05,扣非亏损,扣非亏损,亏损,-0.95
002930.SZ,宏川智慧,60.75,-126.33,-94.34,2.75,-1.88,-1.49,1.88,,0.0,-133.09,10.77,68.18,0.05,扣非亏损,扣非亏损,亏损,-0.95
300789.SZ,唐源电气,21.51,60.02,60.14,2.94,3.36,3.72,2.59,,0.0,-28.64,23.59,29.78,0.05,2.55,35.85,32.27,0.08
600305.SH,恒顺醋业,86.58,45.96,68.63,2.59,3.56,4.23,3.95,,0.0,12.4,5.23,18.49,0.05,13.12,38.58,21.73,0.08
300411.SZ,金盾股份,34.65,235.32,4514.28,4.7,0.72,1.51,0.85,,0.0,-48.04,2.79,32.2,0.05,1619.38,12534.44,311.69,0.05
920493.BJ,并行科技,72.92,886.75,825.32,23.57,2.03,2.18,1.79,,0.0,974.15,44.22,80.36,0.05,18.67,814.53,813.53,0.05
688398.SH,赛特新材,41.35,121.86,127.19,4.02,1.87,2.21,2.35,,0.0,-64.2,10.84,45.17,0.05,11.74,135.75,110.28,0.06
300600.SZ,国瑞科技,38.6,-76.23,-74.54,3.16,-3.89,-3.55,-3.67,,0.0,-88.03,12.55,13.01,0.05,扣非亏损,扣非亏损,亏损,-0.95
300153.SZ,科泰电源,107.05,211.43,253.52,11.84,3.9,4.29,2.0,,0.0,74.94,11.08,56.18,0.05,22.88,129.86,98.57,0.06
600992.SH,贵绳股份,32.65,-39.76,-39.92,2.34,-4.83,-4.33,-1.55,,0.0,-168.89,-5.31,59.28,0.05,扣非亏损,扣非亏损,亏损,-0.95
002678.SZ,珠江钢琴,71.68,-24.65,-22.37,2.21,-6.58,-6.52,-6.1,,0.0,-62.97,-29.95,15.41,0.05,扣非亏损,扣非亏损,亏损,-0.95
300030.SZ,阳普医疗,22.87,81.01,-99.39,4.12,4.91,3.89,2.68,,0.0,325.04,-10.09,38.48,0.05,扣非亏损,危险信号,41.65,0.03
603056.SH,德邦股份,190.68,-51.66,-252.33,2.37,-4.38,-3.35,-1.58,,0.0,-202.79,8.98,50.11,0.05,扣非亏损,扣非亏损,亏损,-0.95
002923.SZ,润都股份,41.14,-73.21,-78.81,5.1,-6.01,-4.96,-2.0,,0.0,-353.15,0.33,49.5,0.05,扣非亏损,扣非亏损,亏损,-0.95
301069.SZ,凯盛新材,97.05,66.77,141.76,6.55,4.69,6.85,6.57,0.18,0.0,120.41,2.19,29.18,0.05,64.71,60.41,19.49,0.07
300528.SZ,幸福蓝海,62.0,-1129.2,-34.29,11.73,-5.01,-0.78,1.21,,0.0,70.8,0.26,73.63,0.05,扣非亏损,扣非亏损,亏损,-0.95
920403.BJ,康农种业,14.54,-311.46,48.72,5.15,-2.6,-1.23,-0.73,,0.0,-468.35,34.05,49.52,0.05,1.43,困境反转,亏损,0.05
600714.SH,金瑞矿业,71.61,117.58,122.11,9.32,6.12,6.0,6.08,0.37,35.71,95.56,0.56,9.36,0.05,219.91,19.94,19.6,0.1
000665.SZ,湖北广电,57.99,-11.22,-6.81,1.44,-9.67,-9.22,-3.11,,0.0,-10.45,-9.51,59.56,0.05,扣非亏损,扣非亏损,亏损,-0.95
002083.SZ,孚日股份,108.01,27.37,35.26,2.36,6.6,6.52,6.26,,0.0,-8.96,1.21,36.43,0.05,29.11,10.68,8.4,0.14
002728.SZ,特一药业,42.01,65.78,72.45,3.17,3.52,3.65,3.31,,0.0,2508.06,0.59,18.81,0.05,123.54,41.15,36.04,0.08
002442.SZ,龙星科技,34.04,42.76,41.73,1.9,3.05,3.29,2.26,,0.0,-48.58,9.42,59.11,0.05,4.43,27.36,26.0,0.09
603828.SH,ST柯利达,39.69,-30.11,-23.41,6.16,-20.66,-14.25,-1.18,,0.0,-1403.79,-0.16,83.32,0.05,扣非亏损,扣非亏损,亏损,-0.95
300036.SZ,超图软件,74.63,146.43,-33.83,3.11,1.06,1.61,0.73,,0.0,96.77,-5.07,31.18,0.05,扣非亏损,危险信号,181.91,0.04
603590.SH,康辰药业,60.27,35.52,103.64,1.89,4.2,4.04,3.73,,0.0,25.9,0.97,13.92,0.05,107.37,49.41,17.59,0.07
603680.SH,今创集团,109.56,16.68,19.4,1.96,9.63,8.87,6.25,0.97,31.91,84.52,6.48,38.37,0.05,2.99,2.01,1.88,0.55
603101.SH,汇嘉时代,40.69,37.95,65.65,2.87,5.29,5.73,3.41,1.04,0.0,86.65,2.35,71.26,0.05,27.95,24.83,13.25,0.09
301161.SZ,唯万密封,25.08,41.9,55.69,4.23,7.02,7.43,7.19,,0.0,52.76,28.87,26.13,0.05,1.93,15.85,11.28,0.11
002292.SZ,奥飞娱乐,85.3,183.85,-39.66,4.2,1.57,1.68,1.84,,0.0,-34.75,0.9,29.62,0.05,扣非亏损,危险信号,218.87,0.03
603566.SH,普莱柯,47.9,22.86,40.05,1.86,5.14,5.96,5.68,1.61,58.82,41.35,-1.05,16.6,0.05,-38.12,7.8,3.84,0.18
001234.SZ,泰慕士,25.89,67.2,98.97,3.39,3.06,3.89,2.84,,0.0,-49.32,2.21,21.23,0.05,44.84,64.65,34.55,0.07
300408.SZ,三环集团,1024.47,40.21,47.7,5.0,8.35,9.53,8.76,,0.0,18.74,7.6,17.24,0.05,6.27,11.42,8.44,0.14
603070.SH,万控智造,64.12,79.96,74.23,2.98,2.53,2.79,1.89,,0.0,-12.39,-1.84,31.76,0.05,-40.27,58.58,57.32,0.07
688603.SH,天承科技,39.67,130.4,159.72,8.95,4.56,5.16,5.6,,0.0,6.56,0.85,9.11,0.05,188.02,70.0,50.54,0.07
002252.SZ,上海莱士,413.33,21.09,22.9,1.27,4.6,4.55,4.69,0.24,0.0,-14.6,25.7,14.3,0.05,0.89,9.95,9.27,0.15
300675.SZ,建科院,23.91,-25.65,-69.11,4.48,-12.82,-12.27,-4.08,,0.0,-91.12,-9.92,58.37,0.05,扣非亏损,扣非亏损,亏损,-0.95
002718.SZ,友邦吊顶,56.25,513.32,-120.01,8.44,1.03,1.24,0.45,,0.0,125.01,-11.68,26.6,0.05,扣非亏损,危险信号,827.93,0.05
688662.SH,富信科技,53.74,123.17,130.36,7.48,4.44,4.65,3.53,,0.0,-1.58,-6.43,22.41,0.05,-20.27,58.76,52.97,0.07
688271.SH,联影医疗,983.06,65.82,61.46,4.72,5.17,5.5,3.93,0.1,10.74,126.94,13.71,30.08,0.05,4.48,11.88,11.97,0.13
688488.SH,艾迪药业,67.45,-739.55,-80.78,6.9,-1.9,-0.7,1.99,,0.0,77.73,21.84,41.35,0.05,扣非亏损,扣非亏损,亏损,-0.95
300588.SZ,熙菱信息,45.18,-90.9,-56.71,17.85,-16.51,-13.66,-6.8,,0.0,-36.83,4.77,56.52,0.05,扣非亏损,扣非亏损,亏损,-0.95
300410.SZ,正业科技,33.04,107.55,-33.04,13.72,2.92,10.09,2.43,,0.0,105.33,-20.62,84.16,0.05,扣非亏损,危险信号,21.32,0.01
000610.SZ,西安旅游,21.93,-20.58,-8.65,14.1,-40.92,-40.88,-2.86,,0.0,7.81,5.12,93.55,0.05,扣非亏损,扣非亏损,亏损,-0.95
688800.SH,瑞可达,178.77,57.55,63.28,7.8,9.98,10.6,6.23,,0.0,119.26,43.73,50.43,0.05,1.45,12.68,10.86,0.13
002402.SZ,和而泰,258.57,36.55,50.99,5.59,11.43,12.14,5.7,,0.0,70.13,18.06,53.02,0.05,2.82,8.92,6.02,0.16
001301.SZ,尚太科技,161.23,23.83,23.38,3.34,11.2,10.95,9.1,,0.0,27.69,38.54,38.64,0.05,0.61,4.17,4.35,0.29
601519.SH,大智慧,223.38,-566.72,-329.8,16.47,-4.53,-2.16,-1.89,,0.0,67.68,-1.97,23.47,0.05,扣非亏损,扣非亏损,亏损,-0.95
920252.BJ,天宏锂电,19.92,330.77,715.49,11.48,0.81,2.57,1.47,0.1,58.0,-14.77,4.6,46.19,0.05,155.44,888.15,128.7,0.05
688306.SH,均普智能,120.37,-166.14,-1768.43,6.65,-3.32,-3.04,-0.57,,0.0,13.95,8.43,65.17,0.05,扣非亏损,扣非亏损,亏损,-0.95
002640.SZ,跨境通,57.29,-256.97,-15.33,6.76,-2.07,-1.97,3.88,,0.0,44.98,-13.36,75.96,0.05,扣非亏损,扣非亏损,亏损,-0.95
600230.SH,沧州大化,87.84,138.34,162.81,2.18,1.25,1.18,0.86,,0.0,127.92,21.84,27.91,0.05,7.46,259.89,234.61,0.05
300641.SZ,正丹股份,117.41,13.05,11.45,3.71,22.21,22.0,24.49,1.7,25.0,-19.29,38.53,2.25,0.05,0.3,0.52,0.59,1.99
603057.SH,紫燕食品,125.12,48.34,86.28,6.24,8.25,9.63,7.2,,0.0,-45.22,3.26,48.35,0.05,26.47,20.92,10.04,0.1
605186.SH,健麾信息,28.87,256.2,468.13,2.67,0.75,0.79,0.66,,0.0,-57.54,-11.75,26.52,0.05,-39.83,1243.53,648.62,0.05
300283.SZ,温州宏丰,31.64,263.38,-84.24,3.61,0.5,1.3,2.02,,0.0,121.3,11.56,66.8,0.05,扣非亏损,危险信号,405.2,0.05
300644.SZ,南京聚隆,27.23,25.7,28.48,3.44,9.85,10.42,5.57,,0.0,84.05,13.52,58.57,0.05,2.11,5.79,4.93,0.22
603958.SH,哈森股份,44.09,-179.0,-58.89,6.4,-2.97,-2.65,0.63,,0.0,56.08,-5.16,57.37,0.05,扣非亏损,扣非亏损,亏损,-0.95
300047.SZ,天源迪科,70.24,159.22,-1789.19,2.49,0.83,1.18,1.62,,0.0,3.76,13.65,45.87,0.05,扣非亏损,危险信号,269.86,0.05
603208.SH,江山欧派,25.21,-45.57,-16.67,2.09,-6.93,-3.24,-0.58,,0.0,-165.86,-0.54,62.07,0.05,扣非亏损,扣非亏损,亏损,-0.95
000638.SZ,*ST万方,5.09,-44.57,-35.83,3.66,-6.29,-5.86,-3.47,,0.0,-1872.23,29.61,48.67,0.05,扣非亏损,扣非亏损,亏损,-0.95
600157.SH,永泰能源,423.26,160.43,238.88,0.9,0.33,0.42,1.92,,0.0,-88.92,3.22,51.91,0.05,74.1,1453.92,763.95,0.05
002272.SZ,川润股份,72.27,-314.01,-83.93,6.08,-1.7,-1.0,0.45,,0.0,40.34,1.62,58.43,0.05,扣非亏损,扣非亏损,亏损,-0.95
300404.SZ,博济医药,28.94,133.9,-6477.97,3.83,1.5,2.21,1.27,,0.0,-57.06,31.79,33.62,0.05,扣非亏损,危险信号,121.18,0.05
000795.SZ,英洛华,111.89,41.8,62.41,4.31,6.03,7.37,5.2,1.38,105.18,-17.4,2.17,36.51,0.05,28.71,10.35,5.67,0.15
603858.SH,步长制药,178.54,15.42,5095.93,1.69,8.23,8.23,5.69,2.49,65.72,138.26,-11.16,48.53,0.05,-456.82,619.47,1.87,0.05
688328.SH,深科达,42.02,113.07,-93.43,5.07,2.95,3.37,2.69,,0.0,157.81,-16.45,47.27,0.05,扣非亏损,危险信号,67.1,0.03
002989.SZ,中天精装,51.61,-68.6,-14.81,3.79,-5.34,-4.29,-2.07,,0.0,25.07,-45.71,33.35,0.05,扣非亏损,扣非亏损,亏损,-0.95
000960.SZ,锡业股份,607.0,26.08,24.65,3.04,9.21,8.75,6.43,0.39,0.0,35.87,-7.63,37.03,0.05,-3.23,5.35,5.96,0.24
603300.SH,海南华铁,142.41,20.16,25.25,2.18,7.45,8.23,4.48,,0.0,1.36,25.89,74.68,0.05,0.98,6.78,4.9,0.2
300909.SZ,汇创达,50.56,93.09,87.92,3.55,2.81,2.87,2.33,,0.0,-21.22,24.19,38.01,0.05,3.63,62.65,64.87,0.07
000803.SZ,山高环能,44.92,64.95,58.86,3.1,3.41,3.62,2.94,,0.0,317.52,34.31,71.52,0.05,1.72,34.51,35.88,0.08
301368.SZ,丰立智能,36.32,4916.01,12592.36,7.01,0.04,0.11,0.05,,0.0,-97.35,-2.29,35.22,0.05,-5493.97,595383.24,89382.01,0.05
000536.SZ,华映科技,135.11,-14.06,-13.49,23.65,-77.59,-77.23,-10.14,,0.0,16.1,-13.54,89.1,0.05,扣非亏损,扣非亏损,亏损,-0.95
002158.SZ,汉钟精机,129.82,24.91,25.67,2.98,8.74,9.16,7.4,,0.0,-45.61,7.63,29.97,0.05,3.36,5.87,5.44,0.22
300605.SZ,恒锋信息,18.04,179.26,-45.21,5.22,1.8,2.11,1.65,,0.0,133.22,-24.97,61.76,0.05,扣非亏损,危险信号,169.92,0.03
002144.SZ,宏达高科,21.82,35.38,2775.84,1.32,2.35,2.85,2.88,,0.0,-21.0,1.43,7.17,0.05,1937.4,2365.64,24.83,0.05
000838.SZ,财信发展,24.76,-103.98,-11.25,6.3,-4.45,-4.54,-0.29,,0.0,-190.05,-33.53,82.25,0.05,扣非亏损,扣非亏损,亏损,-0.95
300917.SZ,特发服务,58.8,48.52,53.22,5.06,7.06,7.94,5.94,,0.0,6.94,19.21,39.8,0.05,2.77,15.08,12.22,0.12
603266.SH,天龙股份,40.0,36.27,40.04,2.55,5.17,5.36,4.31,,0.0,3.8,4.87,25.9,0.05,8.22,15.47,13.53,0.11
300247.SZ,融捷健康,38.08,42.96,60.08,3.37,5.42,6.05,8.06,,0.0,67.97,10.79,17.13,0.05,5.57,22.18,14.2,0.09
300158.SZ,振东制药,58.91,217.08,-8.99,1.61,0.01,0.56,0.98,,0.0,101.67,-15.87,19.57,0.05,扣非亏损,危险信号,775.3,0.05
002645.SZ,华宏科技,95.86,41.08,-53.48,2.7,4.54,5.73,4.27,,0.0,298.05,-4.24,38.19,0.05,扣非亏损,危险信号,14.34,0.01
920770.BJ,艾能聚,14.84,35.72,50.93,3.79,8.42,8.19,6.6,,0.0,22.12,-16.29,32.66,0.05,-3.13,12.09,8.72,0.13
688046.SH,药康生物,61.95,42.28,64.05,2.81,4.28,5.05,4.33,0.2,17.65,29.21,20.67,22.23,0.05,3.1,14.97,8.37,0.12
688238.SH,和元生物,48.6,-22.76,-16.52,3.32,-10.07,-10.15,-7.08,,0.0,19.03,1.91,30.03,0.05,扣非亏损,扣非亏损,亏损,-0.95
603737.SH,三棵树,368.24,37.14,79.64,11.34,19.03,24.92,7.2,1.08,0.0,126.37,2.09,75.79,0.05,38.11,8.37,2.98,0.17
002724.SZ,海洋王,42.36,78.78,-30.69,2.12,0.68,2.07,2.0,,0.0,7.21,-6.36,17.42,0.05,扣非亏损,危险信号,76.11,0.04
605008.SH,长鸿高科,81.91,382.51,-2920.27,4.07,0.14,0.8,1.45,,0.0,-96.28,51.05,67.95,0.05,扣非亏损,危险信号,956.28,0.05
002634.SZ,棒杰股份,30.63,-2.61,-2.42,-5.19,,,-35.8,,0.0,-339.81,23.15,138.88,0.05,扣非亏损,,,-10.0
301067.SZ,显盈科技,20.92,-2165.66,-645.91,3.84,-0.76,-0.13,0.14,,0.0,-1020.52,15.96,30.8,0.05,扣非亏损,扣非亏损,亏损,-0.95
301028.SZ,鼎熔岩,37.27,22.5,28.0,3.49,11.32,12.33,8.34,0.69,30.3,4.69,9.5,40.87,0.05,2.95,2.47,1.83,0.45
301268.SZ,铭利达,81.38,-191.14,-21.92,5.62,-3.3,-1.95,0.15,,0.0,43.67,21.49,71.46,0.05,扣非亏损,扣非亏损,亏损,-0.95
002979.SZ,雷赛智能,85.04,56.68,57.87,7.36,9.92,10.23,7.1,,0.0,9.16,9.64,40.9,0.05,6.0,11.67,11.08,0.13
002278.SZ,神开股份,41.75,96.8,135.7,4.15,2.44,3.28,2.9,,0.0,144.42,-0.14,32.33,0.05,-975.77,111.34,59.02,0.06
002032.SZ,苏泊尔,361.01,19.83,18.25,6.52,22.06,23.32,12.99,,0.0,-6.06,1.45,55.89,0.05,12.62,1.65,1.7,0.65
688286.SH,敏芯股份,39.63,81.34,98.83,3.7,2.96,3.49,2.96,,0.0,170.32,15.42,14.11,0.05,6.41,66.78,46.61,0.06
000818.SZ,航锦科技,155.14,768.13,-15.14,6.74,0.11,0.66,2.71,,0.0,-92.68,-4.16,67.96,0.05,扣非亏损,危险信号,2327.66,0.05
002274.SZ,华昌化工,67.43,-606.65,-247.37,1.26,-0.42,-0.15,-0.36,,0.0,-104.82,-5.52,29.68,0.05,扣非亏损,扣非亏损,亏损,-0.95
603178.SH,圣龙股份,38.84,-39.93,-58.93,3.2,-6.54,-5.8,-2.85,,0.0,-59.42,2.82,46.24,0.05,扣非亏损,扣非亏损,亏损,-0.95
301226.SZ,祥明智能,38.01,145.6,198.62,4.17,2.07,2.16,1.05,,0.0,29.27,-11.49,13.22,0.05,-17.29,191.64,134.81,0.05
603666.SH,亿嘉和,57.96,-102.73,-33.68,2.74,-2.3,-1.98,-1.15,,0.0,45.9,-19.29,33.27,0.05,扣非亏损,扣非亏损,亏损,-0.95
001378.SZ,德冠新材,17.01,44.32,52.35,1.87,2.61,3.15,2.99,0.85,0.0,-30.66,5.8,19.47,0.05,9.02,40.05,28.14,0.07
920392.BJ,佳合科技,8.34,79.69,92.03,5.17,4.78,4.9,6.23,,0.0,-3.53,32.53,35.03,0.05,2.83,38.52,32.53,0.07
301010.SZ,晶雪节能,25.29,186.66,132.23,3.05,1.22,1.21,0.74,,0.0,-44.44,7.79,44.74,0.05,16.96,217.13,308.53,0.05
000571.SZ,新大洲A,58.77,-44.5,-51.57,42.7,-51.1,-56.11,-3.02,,0.0,-39.25,-9.7,65.95,0.05,扣非亏损,扣非亏损,亏损,-0.95
600872.SH,中炬高新,142.94,28.5,28.72,2.54,6.79,6.7,5.72,,0.0,-30.45,2.67,27.36,0.05,10.75,8.46,8.51,0.17
603308.SH,应流股份,419.78,107.12,125.47,8.55,5.73,6.17,2.96,,0.0,26.17,7.23,62.5,0.05,17.36,43.81,34.72,0.07
300424.SZ,航新科技,43.59,185.6,-40.59,5.74,2.04,2.0,3.13,,0.0,168.07,13.76,67.86,0.05,扣非亏损,危险信号,185.6,0.02
920378.BJ,泰德股份,10.99,69.28,94.2,4.02,3.89,4.36,3.39,,0.0,-36.13,7.1,38.23,0.05,13.27,48.47,31.78,0.07
002656.SZ,*ST摩登,20.57,-46.95,-23.13,5.1,-12.59,-10.86,-6.05,,0.0,-290.55,-13.2,42.89,0.05,扣非亏损,扣非亏损,亏损,-0.95
605499.SH,东鹏饮料,1181.47,25.59,31.0,14.58,42.94,43.35,20.18,0.93,54.74,32.92,31.65,63.24,0.05,0.98,0.72,0.59,1.43
301313.SZ,凡拓数创,23.99,-25.58,-20.85,4.57,-13.09,-12.56,-7.21,,0.0,25.36,-18.93,46.52,0.05,扣非亏损,扣非亏损,亏损,-0.95
601177.SH,杭齿前进,63.53,23.43,29.01,2.32,6.58,7.61,4.48,,0.0,9.79,3.52,45.99,0.05,8.24,8.82,6.16,0.16
000931.SZ,中关村,38.98,59.23,107.71,2.39,2.71,3.07,3.19,,0.0,8.99,9.02,51.09,0.05,11.94,79.62,38.59,0.06
688807.SH,优迅股份,35.17,192.4,254.73,23.04,8.08,9.49,8.06,,0.0,8.55,11.73,7.43,0.05,21.71,63.08,40.55,0.06
300187.SZ,永清环保,35.9,27.4,96.27,3.2,4.51,8.87,4.3,1.58,0.0,243.98,-6.89,67.25,0.05,-13.97,42.66,6.18,0.07
002310.SZ,东方新能,114.21,-5923.98,-5.42,10.62,-0.43,-0.13,1.41,,0.0,99.66,-32.24,54.47,0.05,扣非亏损,扣非亏损,亏损,-0.95
300037.SZ,新宙邦,319.82,44.77,46.55,4.46,7.14,7.41,4.98,,0.0,1.26,7.1,41.81,0.05,6.56,13.05,12.08,0.12
600366.SH,宁波韵升,143.75,39.08,50.19,2.35,4.18,4.59,3.02,,0.0,302.29,16.13,40.22,0.05,3.11,24.03,17.03,0.09
603319.SH,美湖股份,121.08,70.61,85.42,4.88,5.4,4.86,4.06,0.1,0.0,-4.25,7.08,38.44,0.05,12.06,31.63,29.06,0.08
300629.SZ,新劲刚,57.7,446.97,365.27,3.93,0.62,0.66,1.1,,0.0,-90.6,10.75,16.31,0.05,33.98,1178.28,1354.46,0.05
000504.SZ,*ST生物,33.93,487.72,-219.06,14.04,0.17,2.18,-0.46,,0.0,103.0,-1.84,56.93,0.05,扣非亏损,危险信号,447.45,0.05
300504.SZ,天邑股份,38.7,-65.25,-36.26,2.27,-2.98,-2.57,-2.53,,0.0,-257.6,-6.89,14.69,0.05,扣非亏损,扣非亏损,亏损,-0.95
600615.SH,鑫源智造,28.54,421.2,394.39,3.89,0.41,0.7,0.15,,0.0,-39.7,6.74,33.35,0.05,58.48,1919.64,1212.07,0.05
000989.SZ,九芝堂,62.89,38.38,79.64,2.12,3.54,4.11,4.06,,0.0,-39.62,-14.05,22.77,0.05,-5.67,45.05,18.68,0.07
301047.SZ,义翘神州,85.12,58.94,136.82,1.64,1.13,1.9,2.14,5.92,718.78,75.3,-11.01,3.67,0.05,-12.42,121.42,31.02,0.06
002967.SZ,广电计量,127.12,44.23,37.97,4.12,6.43,7.01,4.27,0.68,88.24,31.86,12.61,45.98,0.05,3.01,5.91,6.31,0.22
300385.SZ,雪浪环境,39.04,-21.28,-9.35,54.29,-101.81,-97.79,-5.19,,0.0,-6.16,-27.65,93.57,0.05,扣非亏损,扣非亏损,亏损,-0.95
002657.SZ,中科金财,82.55,-55.98,-92.59,4.8,-6.22,-6.28,-4.87,,0.0,-35.12,-8.51,23.35,0.05,扣非亏损,扣非亏损,亏损,-0.95
002988.SZ,豪美新材,84.15,44.1,47.37,3.14,5.23,5.31,3.45,,0.0,-16.33,6.24,59.42,0.05,7.59,18.1,16.61,0.1
300962.SZ,中金辐照,50.0,41.76,55.64,5.0,8.11,9.2,8.93,,0.0,-15.35,5.11,13.46,0.05,10.89,13.72,9.08,0.12
300254.SZ,仟源医药,27.07,103.06,198.14,10.43,5.5,8.1,6.13,,0.0,-35.73,-2.85,62.76,0.05,-69.44,72.04,25.45,0.06
301107.SZ,瑜欣电子,18.32,32.18,43.83,3.31,7.15,7.74,5.98,,0.0,58.71,-5.26,23.26,0.05,-8.33,12.26,8.32,0.13
300753.SZ,爱朋医疗,30.6,-286.55,-490.5,6.45,-2.07,-1.66,-2.12,,0.0,-1740.29,-1.26,18.29,0.05,扣非亏损,扣非亏损,亏损,-0.95
300529.SZ,健帆生物,96.5,24.88,32.45,4.54,12.96,13.74,10.67,,0.0,-41.87,3.18,38.07,0.05,10.19,5.01,3.62,0.25
002296.SZ,辉煌科技,45.23,23.41,16.77,2.11,6.89,6.79,5.62,,0.0,22.12,24.6,24.33,0.05,0.68,4.86,6.89,0.25
300850.SZ,新强联,160.2,24.92,32.93,3.21,9.73,12.07,8.03,,0.0,846.59,5.95,38.37,0.05,5.53,6.77,4.13,0.2
300307.SZ,慈星股份,55.2,34.55,51.38,1.72,2.98,3.77,2.8,,0.0,-25.45,1.75,27.11,0.05,29.32,34.49,18.33,0.08
002361.SZ,神剑股份,102.35,297.59,292.56,5.44,1.17,1.36,0.88,,0.0,54.29,-2.23,51.62,0.05,-131.28,499.54,437.63,0.05
002451.SZ,摩恩电气,48.53,517.96,611.77,6.28,0.69,0.92,2.07,,0.0,109.27,6.28,56.8,0.05,97.37,1766.33,1126.01,0.05
688758.SH,赛分科技,56.71,63.74,72.83,6.0,7.05,7.29,7.41,0.15,19.77,57.26,27.09,6.8,0.05,2.69,10.32,8.74,0.14
603416.SH,信捷电气,72.41,34.02,38.51,3.1,6.76,7.13,5.66,1.07,67.82,5.92,9.66,27.27,0.05,3.99,5.7,4.77,0.22
603193.SH,润本股份,23.13,25.53,31.81,4.17,11.81,12.25,13.57,0.83,43.48,-1.79,31.78,5.81,0.05,1.0,2.69,2.08,0.42
002188.SZ,中天服务,18.17,77.11,86.81,7.12,6.62,7.17,5.66,,0.0,2.92,9.85,37.73,0.05,8.81,26.21,21.51,0.09
002318.SZ,久立特材,314.18,19.11,18.9,3.94,14.93,15.95,10.97,,0.0,17.65,22.64,37.4,0.05,0.83,2.53,2.4,0.44
001317.SZ,三羊马,38.82,-247.09,-218.36,4.52,-1.62,-1.39,0.73,,0.0,-283.16,9.89,50.97,0.05,扣非亏损,扣非亏损,亏损,-0.95
002625.SZ,光启技术,934.23,115.65,132.94,9.79,6.39,6.56,5.78,,0.0,11.28,22.7,16.12,0.05,5.86,41.61,35.26,0.07
920976.BJ,视声智能,14.47,39.41,43.26,8.38,15.65,16.62,13.74,1.11,0.0,42.98,2.97,20.75,0.05,14.58,5.53,4.74,0.23
300083.SZ,创世纪,127.36,30.61,37.53,2.62,6.5,6.63,3.77,,0.0,106.81,-1.84,52.52,0.05,-20.42,11.55,9.23,0.13
300252.SZ,金信诺,79.24,892.45,-660.92,4.3,-0.82,0.36,0.44,,0.0,65.64,-7.11,57.43,0.05,扣非亏损,扣非亏损,4958.07,-0.95
300323.SZ,华灿光电,114.92,-81.31,-34.69,3.12,-4.57,-2.85,-1.19,,0.0,28.12,13.34,50.42,0.05,扣非亏损,扣非亏损,亏损,-0.95
300163.SZ,先锋新材,22.05,17.82,-88.3,3.93,-3.97,18.21,15.46,,0.0,-78.67,-5.03,8.35,0.05,扣非亏损,扣非亏损,1.96,-0.95
300167.SZ,ST迪威迅,22.61,-261.12,-70.16,85.36,-25.46,-21.84,0.53,,0.0,70.55,11.74,83.36,0.05,扣非亏损,扣非亏损,亏损,-0.95
001217.SZ,华尔泰,44.06,151.83,240.38,1.98,0.67,0.98,1.03,,0.0,-79.93,-4.06,35.26,0.05,-59.21,715.95,309.87,0.05
603682.SH,锦和商管,32.89,-27.67,-15.11,4.41,0.02,8.54,4.5,5.01,68.75,106.78,3.91,79.93,0.05,扣非亏损,危险信号,危险信号,0.05
920021.BJ,流金科技,24.83,-190.21,-95.85,4.96,-2.27,-1.94,-1.3,,0.0,-76.9,-9.19,35.56,0.05,扣非亏损,扣非亏损,亏损,-0.95
603709.SH,中源家居,22.71,-98.39,-35.44,4.41,-4.18,-3.33,-1.04,,0.0,-730.4,22.88,59.28,0.05,扣非亏损,扣非亏损,亏损,-0.95
603025.SH,大豪科技,178.69,22.46,25.3,6.9,24.66,24.31,15.55,,0.0,25.45,19.27,40.38,0.05,1.31,2.05,1.85,0.53
002802.SZ,洪汇新材,21.1,62.3,61.76,4.03,4.34,4.85,5.23,,0.0,-29.97,-12.23,7.07,0.05,-5.05,28.43,25.69,0.08
300224.SZ,正海磁材,152.33,50.4,158.04,3.03,4.6,4.97,2.83,,0.0,21.59,24.93,41.63,0.05,6.34,68.72,20.28,0.06
603228.SH,景旺电子,606.33,48.41,61.09,4.79,6.44,8.2,5.45,,0.0,-6.36,10.1,43.05,0.05,6.05,18.97,11.81,0.1
600784.SH,鲁银投资,50.13,23.29,26.08,1.54,4.82,5.04,4.11,,0.0,-37.75,4.91,40.77,0.05,5.31,10.83,9.24,0.14
920725.BJ,惠丰钻石,15.02,-195.97,-156.26,5.38,-2.49,-2.02,-2.38,,0.0,-1456.76,18.4,11.77,0.05,扣非亏损,扣非亏损,亏损,-0.95
688737.SH,中自科技,34.27,-95.36,-47.52,1.9,-2.55,-1.49,-0.83,,0.0,-8.41,64.31,46.35,0.05,扣非亏损,扣非亏损,亏损,-0.95
603392.SH,万泰生物,502.6,-217.36,-93.93,4.16,-2.53,-1.42,-1.4,,0.0,-850.36,-5.16,14.6,0.05,扣非亏损,扣非亏损,亏损,-0.95
002078.SZ,太阳纸业,452.72,13.67,14.62,1.51,8.41,8.44,5.81,0.63,0.0,-4.64,8.7,47.67,0.05,1.68,3.48,3.24,0.33
603786.SH,科博达,241.55,28.03,29.63,4.43,12.19,11.64,9.09,,0.0,12.05,28.76,32.12,0.05,1.03,4.86,4.82,0.25
688530.SH,欧莱新材,21.84,-189.72,-401.38,6.24,-2.92,-2.42,-1.94,,0.0,-456.5,5.24,34.68,0.05,扣非亏损,扣非亏损,亏损,-0.95
002806.SZ,华锋股份,26.73,-246.42,-191.12,2.83,-1.5,-0.99,0.28,,0.0,-393.46,16.07,44.25,0.05,扣非亏损,扣非亏损,亏损,-0.95
301261.SZ,恒工精密,30.14,67.8,303.42,4.5,4.05,5.05,3.45,0.34,46.59,-15.68,5.83,40.31,0.05,52.04,74.88,13.43,0.06
603290.SH,斯达半导,256.0,50.28,58.24,3.7,5.37,5.61,3.84,,0.0,-11.58,28.83,33.94,0.05,2.02,21.69,17.93,0.09
605286.SH,同力天启,81.98,31.89,36.86,3.86,9.7,9.34,8.28,0.15,8.7,-8.95,3.29,51.31,0.05,11.22,3.8,3.41,0.31
002360.SZ,同德化工,21.91,-202.87,-21.09,1.34,-1.22,-0.05,1.03,,0.0,-171.05,-9.07,56.39,0.05,扣非亏损,扣非亏损,亏损,-0.95
300433.SZ,蓝思科技,1565.79,43.88,42.77,3.09,5.27,5.77,3.7,0.33,43.48,28.72,16.04,35.47,0.05,2.67,8.11,7.6,0.17
603069.SH,海汽集团,60.67,-94.58,-40.21,7.5,-6.99,-6.11,-1.12,,0.0,-153.72,4.77,69.17,0.05,扣非亏损,扣非亏损,亏损,-0.95
300415.SZ,伊之密,122.92,16.9,18.72,4.08,18.28,18.07,9.13,,0.0,18.7,13.03,61.6,0.05,1.44,2.05,1.87,0.53
300953.SZ,震裕科技,213.03,54.02,62.86,6.94,10.95,11.38,4.66,,0.0,153.42,37.55,64.43,0.05,1.67,11.48,9.49,0.13
300049.SZ,福瑞医科,123.94,94.28,106.33,7.38,6.1,6.2,7.74,,0.0,15.02,14.52,26.94,0.05,7.32,34.85,30.41,0.07
920445.BJ,龙竹科技,11.37,50.67,164.05,4.96,4.26,7.34,5.53,1.29,0.0,32.85,-2.89,30.11,0.05,-56.7,77.1,13.81,0.06
603337.SH,杰克科技,213.18,23.59,26.29,4.37,13.13,14.38,9.22,,0.0,10.17,0.74,37.05,0.05,35.63,4.0,3.28,0.3
688625.SH,呈和科技,114.27,37.62,43.1,7.8,15.35,16.08,7.77,0.56,29.49,11.69,15.33,53.39,0.05,2.81,2.81,2.34,0.4
920876.BJ,慧为智能,10.82,594.01,-577.79,7.14,0.46,0.91,0.81,,0.0,-61.41,0.11,33.74,0.05,扣非亏损,危险信号,1305.52,0.05
300838.SZ,浙江力诺,16.66,162.18,366.85,2.29,1.03,1.05,0.74,,0.0,-51.3,13.6,48.8,0.05,26.98,710.54,308.92,0.05
600293.SH,三峡新材,41.53,-52.04,-30.12,2.47,-7.11,-3.49,-1.34,,0.0,-1753.42,-14.79,44.72,0.05,扣非亏损,扣非亏损,亏损,-0.95
002735.SZ,王子新材,48.72,362.4,-100.0,3.71,0.88,1.02,1.09,,0.0,0.74,4.79,42.52,0.05,扣非亏损,危险信号,710.59,0.04
600405.SH,动力源,36.49,-17.68,-8.86,17.68,-55.19,-54.51,-6.86,,0.0,2.77,-12.82,86.95,0.05,扣非亏损,扣非亏损,亏损,-0.95
603353.SH,和顺石油,67.74,235.02,4069.19,4.14,0.66,1.32,1.75,0.37,0.0,-65.95,-10.2,15.27,0.05,-398.87,12360.84,356.1,0.05
920781.BJ,瑞奇智造,9.12,-77.41,-162.2,3.49,-3.45,-3.33,-1.74,,0.0,-196.82,15.86,46.09,0.05,扣非亏损,扣非亏损,亏损,-0.95
603976.SH,正川股份,30.45,139.78,266.78,2.58,0.84,1.35,1.48,,0.0,-78.86,0.67,36.42,0.05,398.1,637.32,207.08,0.05
688132.SH,邦彦技术,19.39,-28.59,-22.18,1.97,-5.88,-5.01,-3.87,,0.0,-548.24,20.28,18.43,0.05,扣非亏损,扣非亏损,亏损,-0.95
688432.SH,有研硅,190.67,91.6,161.4,4.29,2.26,3.56,3.97,,0.0,-31.16,6.88,8.5,0.05,23.46,142.98,51.46,0.05
688610.SH,埃科光电,30.36,66.88,102.86,3.37,3.68,3.82,2.72,0.32,37.04,3473.22,18.25,12.68,0.05,5.63,27.97,17.51,0.08
688681.SH,科汇股份,21.98,46.66,46.78,3.64,5.74,5.98,4.68,,0.0,152.24,5.68,30.46,0.05,8.24,16.3,15.6,0.11
301469.SZ,恒达新材,15.65,41.55,50.9,2.21,3.46,3.99,3.77,,0.0,-0.91,10.97,17.19,0.05,4.64,29.4,20.83,0.08
605296.SH,神农集团,156.53,25.77,24.98,3.04,8.61,9.25,6.9,1.33,52.0,-12.56,26.72,27.07,0.05,0.94,2.9,2.79,0.39
600562.SH,国睿科技,328.84,66.21,53.07,5.06,5.81,6.06,4.82,0.34,0.0,1.13,-0.22,33.62,0.05,-241.36,18.27,21.85,0.1
300863.SZ,卡倍亿,94.97,53.89,61.46,6.92,9.5,9.18,5.04,,0.0,2.41,17.59,65.55,0.05,3.49,12.93,11.74,0.12
002717.SZ,ST岭南,28.1,-11.52,-3.67,3.69,-21.0,-21.45,-0.88,,0.0,41.89,-40.98,92.56,0.05,扣非亏损,扣非亏损,亏损,-0.95
300072.SZ,海新能科,138.48,180.64,-40.03,2.31,-0.42,0.96,0.4,,0.0,95.91,-9.84,29.8,0.05,扣非亏损,扣非亏损,376.32,-0.95
688165.SH,埃夫特,98.93,-37.05,-29.78,6.6,-15.51,-12.87,-7.39,,0.0,-66.84,10.21,56.16,0.05,扣非亏损,扣非亏损,亏损,-0.95
600738.SH,丽尚国潮,38.49,24.93,31.04,1.89,5.87,5.84,5.45,,0.0,9.05,3.25,35.35,0.05,9.56,10.57,8.54,0.14
603182.SH,嘉华股份,26.15,23.86,22.97,2.39,7.52,7.41,7.67,1.9,78.95,10.9,7.86,16.25,0.05,2.92,3.05,3.22,0.37
688192.SH,迪哲医药,222.19,-28.98,-24.1,15.56,-77.18,-63.34,-23.97,,0.0,-5.19,294.24,51.15,0.05,扣非亏损,扣非亏损,亏损,-0.95
301130.SZ,西点药业,18.67,54.76,67.85,2.64,3.27,3.63,3.42,,0.0,3.19,-2.86,10.04,0.05,-23.69,41.49,30.17,0.07
603589.SH,口子窖,161.55,16.33,15.12,1.54,6.91,7.06,7.12,,0.0,-42.77,6.37,16.77,0.05,2.37,4.38,4.63,0.27
001211.SZ,双枪科技,19.24,183.79,376.87,2.39,0.56,0.97,1.1,,0.0,-24.23,13.02,52.91,0.05,28.95,1358.1,378.94,0.05
920942.BJ,恒立钻具,11.94,62.76,68.56,3.54,3.86,4.25,3.56,,0.0,-32.12,-2.7,20.94,0.05,-25.37,35.56,29.54,0.07
300651.SZ,金陵体育,24.09,82.65,228.07,3.59,2.44,3.71,3.44,0.49,0.0,109.75,-10.77,18.71,0.05,-21.18,187.17,44.56,0.05
002542.SZ,中化岩土,57.69,-15.03,-4.05,11.33,-44.44,-44.12,-4.16,,0.0,-61.02,-27.1,90.12,0.05,扣非亏损,扣非亏损,亏损,-0.95
000546.SZ,金圆股份,44.38,-36.48,-12.68,1.22,-5.85,-5.84,-2.32,,0.0,-43.86,16.96,19.57,0.05,扣非亏损,扣非亏损,亏损,-0.95
300693.SZ,盛弘股份,128.46,40.52,35.32,7.6,14.06,14.67,7.65,,0.0,2.47,46.02,51.14,0.05,0.77,5.02,5.52,0.24
002131.SZ,利欧股份,452.18,66.67,451.87,3.95,1.65,4.5,3.32,0.09,0.0,-17.42,1.45,39.75,0.05,311.28,549.08,29.63,0.05
600518.SH,康美药业,259.86,1490.47,-66.36,3.62,-0.53,0.18,0.23,,0.0,78.87,7.91,47.2,0.05,扣非亏损,扣非亏损,16560.74,-0.95
603898.SH,好莱客,44.55,106.57,1349.58,1.42,0.51,1.03,0.84,,0.0,-75.23,-17.24,17.78,0.05,-78.29,5288.32,206.93,0.05
002350.SZ,北京科锐,73.38,194.05,126.56,4.54,1.47,1.75,1.6,,0.0,543.43,-4.13,41.62,0.05,-30.61,172.02,221.77,0.05
688357.SH,建龙微纳,36.94,38.09,47.55,2.13,3.82,3.97,2.65,,0.0,31.97,-2.92,38.36,0.05,-16.31,24.9,19.19,0.09
301163.SZ,宏德股份,17.7,58.53,117.75,2.32,1.9,3.01,2.12,,0.0,12.56,-4.44,23.44,0.05,-26.51,123.95,38.89,0.05
688659.SH,元琛科技,17.26,236.76,-25.35,3.22,0.41,1.02,1.3,,0.0,-6.69,8.66,58.8,0.05,扣非亏损,危险信号,464.24,0.04
002782.SZ,可立克,122.79,40.41,42.74,5.84,10.78,11.25,5.9,,0.0,51.73,47.19,54.55,0.05,0.91,7.93,7.18,0.17
603992.SH,松霖科技,138.67,65.56,56.32,4.27,3.93,4.87,3.59,0.27,50.0,-57.31,0.57,25.57,0.05,99.53,14.34,13.46,0.11
300648.SZ,星云股份,76.71,-215.98,-115.28,7.4,-4.64,-3.18,-0.51,,0.0,16.88,16.36,49.63,0.05,扣非亏损,扣非亏损,亏损,-0.95
300783.SZ,三只松鼠,53.56,35.83,69.87,2.58,1.97,5.55,3.49,,0.0,-78.57,7.17,43.7,0.05,9.75,70.92,12.91,0.06
600435.SH,北方导航,243.34,146.57,98.76,8.35,4.11,4.36,1.24,,0.0,231.12,-11.3,54.6,0.05,-8.74,48.01,67.23,0.07
600350.SH,山东高速,476.69,13.65,15.61,1.61,5.81,7.31,3.4,,0.0,5.83,13.35,63.83,0.05,1.17,5.37,3.73,0.23
603685.SH,晨丰科技,54.52,208.14,3395.62,5.44,0.59,2.09,1.71,,0.0,-13.16,-5.38,62.62,0.05,-630.87,11483.33,199.18,0.05
300292.SZ,吴通控股,55.13,54.16,61.33,4.73,6.68,6.51,4.74,,0.0,3.88,1.86,40.71,0.05,32.89,18.35,16.64,0.1
300256.SZ,星星科技,83.45,-1118.13,-17.89,9.09,-6.14,-0.65,0.7,,0.0,62.29,-9.44,48.98,0.04,扣非亏损,扣非亏损,亏损,-0.96
301571.SZ,国科天成,69.45,62.28,57.85,5.33,6.55,6.68,5.73,,0.0,19.7,43.66,34.86,0.04,1.32,17.66,18.65,0.1
003026.SZ,中晶科技,32.86,98.0,112.52,6.76,4.76,5.19,3.01,,0.0,181.0,0.57,47.78,0.04,198.38,47.32,37.77,0.07
300749.SZ,顶固集创,59.39,495.4,-46.09,13.65,-0.14,2.19,1.25,,0.0,95.23,-5.91,55.37,0.04,扣非亏损,扣非亏损,452.42,-0.96
603007.SH,*ST花王,50.46,-28.16,-17.89,22.26,-8.55,-4.0,-1.68,,0.0,48.4,-14.44,68.84,0.04,扣非亏损,扣非亏损,亏损,-0.96
603920.SH,世运电路,396.54,47.57,54.53,5.94,8.21,9.47,7.08,0.62,0.0,15.26,10.33,30.48,0.04,5.28,13.29,10.05,0.12
002949.SZ,华阳国际,22.04,30.22,40.32,1.97,3.86,4.52,3.4,,0.0,-41.19,-25.52,45.25,0.04,-1.58,20.89,13.37,0.09
300798.SZ,锦鸡股份,37.26,-225.7,-178.06,2.73,-1.17,-0.88,0.19,,0.0,-361.46,0.79,35.57,0.04,扣非亏损,扣非亏损,亏损,-0.96
300929.SZ,华骐环保,16.0,-678.57,-52.38,2.07,-0.37,-0.23,0.77,,0.0,77.93,-23.67,54.43,0.04,扣非亏损,扣非亏损,亏损,-0.96
002189.SZ,中光学,54.87,-21.5,-9.78,10.43,-32.5,-30.9,-6.22,,0.0,-496.06,-24.05,78.07,0.04,扣非亏损,扣非亏损,亏损,-0.96
300688.SZ,创业黑马,45.3,-153.74,-57.37,12.78,-7.51,-6.14,-6.77,,0.0,32.94,-12.63,28.86,0.04,扣非亏损,扣非亏损,亏损,-0.96
300100.SZ,双林股份,174.75,33.77,41.59,5.88,12.19,14.54,6.9,,0.0,45.57,10.4,54.58,0.04,4.0,6.82,4.65,0.19
300161.SZ,华中数控,62.24,-79.95,-34.28,4.13,-8.02,-3.79,-0.83,,0.0,-6.79,4.41,62.48,0.04,扣非亏损,扣非亏损,亏损,-0.96
301111.SZ,粤万年青,31.82,-293.6,-128.45,4.25,-1.76,-1.07,-1.49,,0.0,-370.41,-6.84,18.72,0.04,扣非亏损,扣非亏损,亏损,-0.96
300435.SZ,中泰股份,103.97,24.31,254.71,3.28,10.27,11.27,8.49,,0.0,76.69,6.01,26.85,0.04,42.41,49.62,4.31,0.06
600329.SH,达仁堂,235.91,11.16,40.16,3.56,9.71,25.38,22.28,5.37,0.0,6.7,2.65,22.11,0.04,15.13,8.27,0.88,0.17
600171.SH,上海贝岭,214.17,78.64,80.34,4.77,3.86,4.59,3.92,,0.0,-8.67,12.47,12.88,0.04,6.44,41.62,34.26,0.07
002603.SZ,以岭药业,232.96,21.19,-84.81,2.64,9.24,9.34,8.48,1.76,74.96,90.53,-10.22,24.77,0.04,扣非亏损,危险信号,2.27,-0.06
002600.SZ,领益智造,1033.76,40.54,54.02,4.53,6.99,9.42,5.56,0.13,15.38,26.67,14.0,55.03,0.04,3.86,7.72,4.3,0.17
605108.SH,同庆楼,45.71,113.52,105.7,2.05,1.14,1.34,2.15,,0.0,-66.52,17.59,62.4,0.04,6.01,186.16,169.44,0.05
688685.SH,迈信林,69.23,92.15,140.48,8.38,6.41,7.12,4.74,,0.0,59.35,18.0,69.71,0.04,7.8,43.85,25.88,0.07
603127.SH,昭衍新药,204.3,225.69,146.23,2.99,0.36,1.0,0.49,,0.0,125.6,13.08,14.81,0.04,11.18,815.55,451.39,0.05
002957.SZ,科瑞技术,109.9,33.49,83.57,3.44,5.12,7.9,5.06,,0.0,5.2,7.96,45.74,0.04,10.5,32.62,8.48,0.07
002935.SZ,天奥电子,80.03,402.84,147.47,5.17,0.58,0.96,0.49,,0.0,-37.54,-1.78,44.76,0.04,-82.65,508.43,839.25,0.05
300179.SZ,四方达,92.75,151.68,237.94,10.08,3.28,4.91,-0.1,,0.0,-53.02,8.53,33.45,0.04,27.89,145.03,61.78,0.05
603528.SH,多伦科技,60.85,-230.4,-129.19,3.2,-1.65,-1.02,-1.12,,0.0,-191.58,-8.77,15.13,0.04,扣非亏损,扣非亏损,亏损,-0.96
300898.SZ,熊猫乳品,28.76,32.51,36.44,3.17,6.4,7.26,7.59,,0.0,-7.62,-3.01,9.87,0.04,-12.11,11.38,8.96,0.13
002530.SZ,金财互联,66.04,96.52,245.67,5.59,4.1,4.44,4.13,,0.0,2403.87,1.77,32.27,0.04,138.49,119.73,43.48,0.05
300627.SZ,华测导航,231.18,42.73,45.66,7.05,12.07,13.04,9.86,,0.0,32.49,19.55,25.0,0.04,2.34,7.56,6.55,0.18
688202.SH,美迪西,87.11,-220.1,-33.41,4.22,-2.61,-1.41,-1.31,,0.0,61.31,0.14,26.1,0.04,扣非亏损,扣非亏损,亏损,-0.96
300185.SZ,通裕重工,156.06,146.8,280.66,2.47,1.16,1.22,1.35,0.21,30.0,81.77,2.35,53.36,0.04,119.66,242.54,120.33,0.05
603356.SH,华菱精工,26.03,-25.95,-15.26,6.79,-17.93,-18.04,-5.49,,0.0,-36.61,-20.25,65.88,0.04,扣非亏损,扣非亏损,亏损,-0.96
300234.SZ,开尔新材,21.02,111.96,-224.56,2.66,0.27,1.79,1.63,,0.0,-49.6,-16.53,15.51,0.04,扣非亏损,危险信号,125.09,0.04
300093.SZ,*ST金刚,49.91,-18.08,-12.1,-8.1,,,-9.24,,0.0,-15.62,-1.58,141.46,0.04,扣非亏损,,,-10.0
603050.SH,科林电气,90.91,31.37,44.23,4.97,10.89,12.38,5.14,,0.0,50.44,27.49,62.58,0.04,1.61,8.13,5.07,0.17
600256.SH,广汇能源,480.04,35.58,25.44,2.02,3.69,3.8,3.74,,0.0,-52.83,33.89,56.78,0.04,0.75,13.77,18.73,0.12
001389.SZ,广合科技,181.65,52.83,56.51,14.03,20.98,21.81,13.21,,0.0,46.71,22.23,46.34,0.04,2.54,5.39,4.84,0.23
600513.SH,联环药业,61.4,-131.34,-336.04,4.6,1.63,-2.57,0.65,,0.0,-75.34,9.79,57.72,0.04,扣非亏损,危险信号,亏损,0.04
300723.SZ,一品红,134.7,-80.28,-30.88,8.32,-9.87,-7.52,-2.59,,0.0,-4916.67,-9.53,60.26,0.04,扣非亏损,扣非亏损,亏损,-0.96
688253.SH,英诺特,53.52,30.6,50.5,2.63,5.56,6.5,6.54,,0.0,-49.96,24.55,5.76,0.04,2.06,18.16,9.41,0.1
603386.SH,骏亚科技,46.04,159.02,-38.39,3.38,0.63,1.61,1.55,,0.0,126.09,-4.87,61.75,0.04,扣非亏损,危险信号,197.55,0.04
300678.SZ,中科信息,91.32,1540.6,4339.87,10.96,0.23,0.53,0.63,,0.0,-19.0,1.44,33.24,0.04,3018.69,37477.3,5813.57,0.04
688175.SH,高凌信息,46.5,-107.34,-61.22,2.67,-2.94,-1.84,-2.44,,0.0,21.53,-17.29,8.36,0.04,扣非亏损,扣非亏损,亏损,-0.96
301421.SZ,波长光电,42.81,311.42,440.83,8.96,1.7,2.17,2.13,0.05,41.67,-25.15,10.41,12.95,0.04,42.36,259.58,143.51,0.05
688231.SH,隆达股份,83.31,88.07,127.2,2.99,2.42,2.59,1.94,0.69,85.71,46.6,24.41,31.92,0.04,5.21,52.55,34.01,0.06
300427.SZ,红相股份,69.46,84.56,-25.16,5.49,1.93,5.0,3.99,,0.0,139.84,-15.46,26.61,0.04,扣非亏损,危险信号,33.82,0.01
600538.SH,国发股份,32.03,-623.71,-41.53,4.15,-0.53,-0.5,0.06,,0.0,75.96,-6.41,18.57,0.04,扣非亏损,扣非亏损,亏损,-0.96
688619.SH,罗普特,28.93,-22.76,-14.92,3.62,-11.19,-11.29,-6.74,,0.0,9.24,8.08,42.6,0.04,扣非亏损,扣非亏损,亏损,-0.96
002384.SZ,东山精密,1537.85,124.57,211.36,9.54,5.34,6.17,3.22,,0.0,6.22,5.05,58.82,0.04,41.83,79.2,40.38,0.06
600549.SH,厦门钨业,969.65,41.7,49.39,5.9,10.49,10.8,6.78,0.45,30.05,39.63,7.48,49.23,0.04,6.61,4.71,3.86,0.26
300666.SZ,江丰电子,320.46,71.95,115.13,7.9,6.25,8.53,5.38,,0.0,11.59,32.08,53.42,0.04,3.59,36.83,16.87,0.07
002088.SZ,鲁阳节能,56.65,41.67,23.45,2.21,3.65,3.74,3.27,,0.0,-70.65,1.68,19.58,0.04,13.94,12.87,22.28,0.12
688733.SH,壹石通,63.73,-345.72,-117.7,2.94,-1.88,-0.63,-0.43,,0.0,-283.37,9.43,37.14,0.04,扣非亏损,扣非亏损,亏损,-0.96
301057.SZ,汇隆新材,30.03,103.77,152.92,5.59,2.78,4.04,2.28,,0.0,-13.89,11.75,52.27,0.04,13.02,110.13,51.37,0.05
603236.SH,移远通信,206.66,23.24,25.23,5.03,16.23,16.69,5.71,0.58,30.56,113.27,19.3,69.3,0.04,1.31,1.55,1.39,0.69
920179.BJ,凯德石英,25.82,109.32,129.26,4.29,2.96,2.99,3.17,,0.0,-24.27,23.48,20.08,0.04,5.51,87.21,73.12,0.05
603931.SH,格林达,61.04,49.61,55.5,3.78,5.05,5.78,5.99,,0.0,-24.12,-4.96,8.31,0.04,-11.18,21.96,17.17,0.09
002388.SZ,新亚制程,26.22,1173.72,-11.39,2.7,-1.05,0.17,0.65,,0.0,-253.99,0.81,57.03,0.04,扣非亏损,扣非亏损,13808.44,-0.96
688069.SH,德林海,29.23,48.04,-34.48,2.35,2.93,3.62,2.8,0.89,-666.67,66.45,1.67,23.78,0.04,扣非亏损,危险信号,26.54,0.0
600235.SH,民丰特纸,25.19,101.34,138.32,1.66,0.49,1.24,1.17,,0.0,-87.89,-1.16,50.63,0.04,-118.75,566.98,163.45,0.04
688401.SH,路维光电,98.67,43.08,44.96,6.5,10.41,11.58,8.59,,0.0,41.63,21.65,45.12,0.04,2.08,8.64,7.44,0.16
300901.SZ,中胤时尚,39.67,-241.53,-190.54,4.1,-1.68,-1.26,-1.62,,0.0,26.29,-14.26,14.98,0.04,扣非亏损,扣非亏损,亏损,-0.96
300174.SZ,元力股份,62.33,27.25,25.59,1.81,5.04,5.05,4.06,0.65,0.0,-5.46,6.02,17.38,0.04,4.25,10.15,10.79,0.14
300061.SZ,旗天科技,57.36,-163.39,-27.07,11.6,-5.32,-5.19,-1.07,,0.0,-26.5,-12.99,58.07,0.04,扣非亏损,扣非亏损,亏损,-0.96
000403.SZ,派林生物,134.15,28.46,26.66,1.69,4.05,4.45,4.03,,0.0,-35.1,10.93,16.25,0.04,2.44,13.15,12.79,0.12
601608.SH,中信重工,325.15,85.58,79.81,3.52,2.84,3.11,1.56,0.5,0.0,14.01,3.08,52.51,0.04,25.89,56.24,55.03,0.06
300956.SZ,英力股份,33.97,265.08,368.46,2.53,0.57,0.7,1.0,0.6,0.0,-3.36,5.49,59.49,0.04,67.14,1286.75,757.38,0.04
000558.SZ,天府文旅,61.21,-248.96,-191.51,5.84,-1.87,-1.75,0.36,,0.0,-50.6,13.8,52.86,0.04,扣非亏损,扣非亏损,亏损,-0.96
603800.SH,洪田股份,80.5,96.68,123.0,9.34,5.15,7.46,3.93,,0.0,-22.13,16.65,62.79,0.04,7.39,47.81,25.92,0.06
002474.SZ,榕基软件,43.58,-117.7,-48.67,3.74,-2.59,-2.35,-1.03,,0.0,-50.6,-7.22,45.96,0.04,扣非亏损,扣非亏损,亏损,-0.96
300479.SZ,神思电子,40.15,-28.52,267.22,9.13,-22.29,-21.46,-9.27,,0.0,7.54,44.25,56.63,0.04,6.04,困境反转,亏损,0.42
605598.SH,上海港湾,116.94,111.45,201.51,6.48,4.29,4.36,3.8,,0.0,-25.54,22.11,21.25,0.04,9.11,93.98,51.12,0.05
600299.SH,安迪苏,414.62,41.24,38.94,2.4,6.08,6.11,5.98,1.68,0.0,-10.57,7.16,32.69,0.04,5.44,12.82,13.5,0.12
300522.SZ,世名科技,31.89,158.6,821.98,4.86,1.75,2.31,1.45,,0.0,-51.11,1.51,26.32,0.04,545.7,938.17,137.32,0.04
002655.SZ,共达电声,60.67,72.11,65.95,8.29,9.38,9.03,5.02,,0.0,14.83,7.78,61.74,0.04,8.47,14.06,15.97,0.11
300265.SZ,通光线缆,86.45,201.91,727.74,3.82,1.1,1.43,1.18,,0.0,-45.57,8.42,35.16,0.04,86.39,1324.13,282.39,0.04
002090.SZ,金智科技,48.27,78.82,87.13,3.2,2.38,3.06,1.33,0.21,31.85,7.68,2.87,51.92,0.04,30.33,36.65,25.76,0.07
920367.BJ,新赣江,8.71,132.7,229.95,3.09,1.03,1.75,1.39,,0.0,-48.12,-8.3,12.69,0.04,-27.72,447.77,151.66,0.04
300530.SZ,领湃科技,44.55,-31.99,-12.8,90.37,-108.15,-103.9,-6.89,,0.0,19.9,44.63,92.68,0.04,扣非亏损,扣非亏损,亏损,-0.96
300473.SZ,德尔股份,54.49,59.17,77.28,3.67,4.61,4.87,4.23,,0.0,271.27,7.22,58.72,0.04,10.7,33.52,24.3,0.07
002124.SZ,天邦食品,51.08,16.63,23.07,1.46,3.3,6.82,3.88,,0.0,-5.62,-2.58,70.27,0.04,-8.93,13.97,4.88,0.11
688598.SH,金博股份,54.31,-15.07,-5.63,1.11,-6.2,-5.46,-4.28,,0.0,-75.49,-22.54,17.72,0.04,扣非亏损,扣非亏损,亏损,-0.96
600593.SH,大连圣亚,49.74,57.28,892.01,23.58,48.37,36.43,8.22,,0.0,-14.73,60.84,81.4,0.04,14.66,36.88,3.14,0.07
920748.BJ,路桥信息,14.07,-64.87,-111.59,12.27,-13.86,-12.98,-8.58,,0.0,-288.48,7.68,47.9,0.04,扣非亏损,扣非亏损,亏损,-0.96
002343.SZ,慈文传媒,31.31,-85.68,-95.08,3.25,-3.95,-2.8,-1.37,,0.0,-642.23,-2.22,45.9,0.04,扣非亏损,扣非亏损,亏损,-0.96
300849.SZ,锦盛新材,25.23,-246.69,-84.15,5.29,-2.13,-1.59,-1.24,,0.0,-68.32,6.0,15.99,0.04,扣非亏损,扣非亏损,亏损,-0.96
603186.SH,华正新材,107.57,128.86,-183.49,7.34,3.34,4.21,1.96,,0.0,578.15,2.68,75.9,0.04,扣非亏损,危险信号,61.22,0.03
603636.SH,南威软件,58.5,-43.62,-20.82,2.6,-4.95,-4.36,-1.93,,0.0,30.83,-19.43,57.86,0.04,扣非亏损,扣非亏损,亏损,-0.96
688004.SH,博汇科技,18.6,-98.67,-84.31,3.15,-2.83,-2.35,-1.77,,0.0,53.81,-10.79,18.35,0.04,扣非亏损,扣非亏损,亏损,-0.96
300492.SZ,华图山鼎,129.51,38.99,83.72,32.61,67.84,77.57,15.2,0.67,0.0,127.53,391.58,83.58,0.04,0.21,2.47,1.01,0.45
300248.SZ,新开普,48.36,-1008.98,60.55,2.65,-0.28,-0.19,-0.47,,0.0,-197.58,-0.94,19.4,0.04,-64.14,困境反转,亏损,0.04
300141.SZ,和顺电气,36.58,-146.17,-77.57,5.6,-3.28,-2.9,-1.89,,0.0,-681.13,10.34,38.6,0.04,扣非亏损,扣非亏损,亏损,-0.96
603790.SH,雅运股份,45.39,51.94,85.36,3.6,5.05,5.27,4.69,,0.0,12.2,-1.95,26.65,0.04,-43.78,33.83,19.71,0.07
600693.SH,东百集团,106.27,90.62,159.31,3.01,2.2,2.49,2.92,0.28,60.75,-0.6,-0.89,69.72,0.04,-179.2,72.54,36.39,0.06
688371.SH,菲沃泰,68.87,178.26,273.39,3.5,0.6,1.51,1.75,,0.0,-35.23,9.9,5.67,0.04,27.62,914.04,236.1,0.04
600863.SH,华能蒙电,350.49,14.29,20.48,2.43,12.02,12.72,8.55,,0.0,-8.24,6.15,38.22,0.04,3.33,3.41,2.25,0.34
003006.SZ,百亚股份,79.76,24.52,30.1,5.44,16.3,16.91,13.58,,0.0,5.15,31.65,29.91,0.04,0.95,3.69,2.9,0.31
605378.SH,野马电池,55.27,75.85,67.57,4.42,3.74,4.29,3.66,,0.0,-56.37,4.66,21.79,0.04,14.51,36.17,35.36,0.07
300819.SZ,聚杰微纤,66.57,105.32,127.51,8.48,5.93,5.94,5.92,0.29,35.71,-13.61,8.9,13.26,0.04,14.33,21.5,17.73,0.09
600745.SH,闻泰科技,412.1,20.42,-16.26,1.21,2.23,4.34,3.49,,0.0,993.41,11.93,33.86,0.04,扣非亏损,危险信号,9.41,-0.03
300931.SZ,通用电梯,23.73,-261.22,-47.08,4.81,-1.98,-1.41,-1.42,,0.0,-667.53,4.53,33.16,0.04,扣非亏损,扣非亏损,亏损,-0.96
688613.SH,奥精医疗,32.99,177.49,-195.21,2.3,0.22,0.98,0.8,,0.0,137.11,-4.26,6.22,0.04,扣非亏损,危险信号,362.23,0.04
920066.BJ,科拜尔,4.89,53.74,47.75,3.92,5.35,5.56,5.12,,0.0,-30.56,20.23,11.57,0.04,2.36,17.86,19.33,0.1
300227.SZ,光韵达,56.0,-102.92,-56.74,4.7,-3.68,-3.27,-0.78,,0.0,-351.48,6.37,56.18,0.04,扣非亏损,扣非亏损,亏损,-0.96
300493.SZ,润欣科技,88.2,145.24,197.08,7.67,4.0,4.09,2.85,0.07,25.0,31.26,12.03,43.45,0.04,16.38,49.26,35.51,0.06
688093.SH,世华科技,89.11,22.55,24.75,3.37,12.77,15.11,14.31,1.09,0.0,69.41,24.89,5.15,0.04,0.99,3.87,2.98,0.3
688078.SH,龙软科技,19.72,-115.65,-66.47,2.75,-1.52,-1.75,-1.47,,0.0,-122.66,5.65,16.18,0.04,扣非亏损,扣非亏损,亏损,-0.96
002822.SZ,ST中装,36.19,-9.77,-4.4,4.77,-39.1,-58.4,-6.41,,0.0,38.31,-27.61,76.77,0.04,扣非亏损,扣非亏损,亏损,-0.96
603199.SH,九华旅游,47.12,19.56,22.91,2.91,11.2,11.56,12.72,,0.0,20.16,33.86,15.52,0.04,0.68,4.09,3.38,0.29
300316.SZ,晶盛机电,581.42,51.46,207.68,3.54,4.43,5.31,3.55,,0.0,-74.12,48.41,33.57,0.04,4.29,93.78,19.38,0.05
300980.SZ,祥源新材,34.91,90.43,142.29,3.48,2.35,2.87,2.78,,0.0,144.97,2.53,8.89,0.04,56.18,120.97,63.01,0.05
603696.SH,安记食品,39.28,126.88,119.71,6.77,3.26,4.01,4.12,,0.0,7.66,3.63,5.4,0.04,32.97,73.53,63.28,0.06
300624.SZ,万兴科技,125.77,-172.92,-63.5,13.15,-7.41,-5.6,-4.05,,0.0,-321.02,12.46,33.55,0.04,扣非亏损,扣非亏损,亏损,-0.96
000735.SZ,罗牛山,87.7,2350.94,-190.07,2.08,0.32,0.07,0.36,,0.0,-95.7,24.94,53.93,0.04,扣非亏损,危险信号,67169.67,0.04
688439.SH,振华风光,114.1,93.94,82.57,2.29,1.55,1.88,1.8,,0.0,-66.39,34.52,9.28,0.04,2.39,106.23,99.93,0.05
002800.SZ,天顺股份,34.88,-152.23,-142.06,7.37,-1.88,-2.47,-0.3,,0.0,-162.75,10.96,50.62,0.04,扣非亏损,扣非亏损,亏损,-0.96
300691.SZ,联合光电,38.92,-145.99,-172.47,2.94,-2.11,-1.52,-0.76,,0.0,-255.34,5.21,48.47,0.04,扣非亏损,扣非亏损,亏损,-0.96
920541.BJ,铁大科技,12.45,42.3,29.52,4.39,7.82,7.88,5.69,,0.0,57.83,11.58,34.11,0.04,2.55,7.55,10.74,0.17
300115.SZ,长盈精密,470.97,75.71,78.41,5.7,5.45,5.76,3.3,,0.0,19.19,17.1,61.3,0.04,4.59,28.8,26.29,0.08
600768.SH,宁波富邦,23.26,108.09,462.26,6.01,3.47,4.21,4.64,,0.0,371.9,6.09,53.83,0.04,75.93,266.37,51.35,0.05
688337.SH,普源精电,81.77,157.27,222.35,2.71,0.07,1.28,0.91,,0.0,-89.85,17.45,15.48,0.04,12.74,6219.59,245.74,0.04
301162.SZ,国能日新,64.31,99.47,92.27,6.54,5.16,5.99,4.67,0.45,60.53,59.97,22.39,33.81,0.04,4.12,17.87,16.61,0.1
300839.SZ,博汇股份,39.46,-46.64,-15.82,5.33,-19.93,-14.85,-1.13,,0.0,31.26,16.23,56.84,0.04,扣非亏损,扣非亏损,亏损,-0.96
300460.SZ,ST惠伦,26.34,-25.95,-9.95,4.72,-14.23,-12.75,-3.39,,0.0,-264.96,3.6,63.71,0.04,扣非亏损,扣非亏损,亏损,-0.96
003007.SZ,直真科技,30.73,-68.57,211.53,5.19,-5.63,-5.49,-2.66,,0.0,-10.07,10.5,64.37,0.04,20.15,困境反转,亏损,0.08
300961.SZ,深水海纳,20.83,-75.25,-11.16,3.3,-4.3,-3.24,-0.71,,0.0,-479.86,-11.9,70.8,0.04,扣非亏损,扣非亏损,亏损,-0.96
920970.BJ,大禹生物,5.37,-59.4,-33.58,3.0,-5.36,-3.72,-1.98,,0.0,24.18,-11.23,37.96,0.04,扣非亏损,扣非亏损,亏损,-0.96
920111.BJ,聚星科技,18.97,35.14,38.87,4.36,8.6,9.44,7.24,,0.0,-9.43,23.75,34.41,0.04,1.64,9.04,7.45,0.15
300959.SZ,线上线下,42.2,1385.72,-3458.79,5.78,-0.32,0.31,-0.02,,0.0,-253.05,-1.29,14.83,0.04,扣非亏损,扣非亏损,8940.1,-0.96
000679.SZ,大连友谊,24.88,-32.68,-31.85,12.6,-21.27,-25.27,-3.69,,0.0,-81.59,40.65,88.61,0.04,扣非亏损,扣非亏损,亏损,-0.96
300622.SZ,博士眼镜,45.58,56.93,70.77,7.86,9.82,10.92,9.27,,0.0,7.82,10.97,35.3,0.04,6.45,14.41,10.43,0.11
002229.SZ,鸿博股份,83.0,273.84,-59.38,6.57,1.11,1.81,2.18,,0.0,116.82,-3.04,44.14,0.04,扣非亏损,危险信号,302.59,0.03
603650.SH,彤程新材,338.45,51.51,63.97,9.89,13.63,14.49,6.68,,0.0,32.55,12.19,59.85,0.04,5.25,9.38,7.11,0.15
300871.SZ,回盛生物,50.93,20.33,27.98,2.42,9.3,10.35,7.54,0.48,15.1,611.92,6.69,28.4,0.04,4.18,3.01,1.96,0.37
000863.SZ,三湘印象,65.28,673.75,-418.33,1.47,0.13,0.16,0.56,,0.0,-90.45,-21.25,31.25,0.04,扣非亏损,危险信号,8421.84,0.04
920273.BJ,一致魔芋,17.98,32.49,33.27,4.16,8.8,9.86,9.49,,0.0,-2.94,8.38,14.28,0.04,3.97,7.56,6.59,0.17
002213.SZ,大为股份,58.62,-431.44,-719.24,12.38,-1.47,-1.34,-0.9,,0.0,69.76,9.36,19.69,0.04,扣非亏损,扣非亏损,亏损,-0.96
920553.BJ,凯腾精工,8.99,50.82,132.6,3.98,1.48,5.97,5.69,,0.0,-42.54,4.05,32.16,0.04,32.73,179.26,17.03,0.05
000572.SZ,海马汽车,101.16,-102.08,-33.74,6.03,-6.7,-4.33,-2.44,,0.0,47.86,3.9,53.1,0.04,扣非亏损,扣非亏损,亏损,-0.96
600877.SH,电科芯片,206.74,1561.2,-1084.28,8.37,-0.39,0.4,0.23,,0.0,-121.12,-13.17,16.44,0.04,扣非亏损,扣非亏损,7805.98,-0.96
605277.SH,新亚电子,73.17,35.24,36.46,4.61,9.79,10.34,5.52,,0.0,53.71,38.06,53.46,0.04,0.96,7.45,6.82,0.18
301091.SZ,深城交,129.61,225.7,390.14,5.47,1.01,1.83,1.3,,0.0,-37.91,4.75,27.81,0.04,82.06,769.95,246.67,0.04
688022.SH,瀚川智能,28.3,48.83,-3.73,4.09,4.56,6.44,2.97,,0.0,109.91,1.12,73.23,0.04,扣非亏损,危险信号,15.16,-0.57
920207.BJ,众诚科技,18.35,-229.07,-143.85,10.46,-3.97,-3.37,-1.58,0.67,0.0,63.7,-12.7,59.24,0.04,扣非亏损,扣非亏损,亏损,-0.96
300960.SZ,通业科技,32.79,101.97,84.25,6.0,4.15,4.22,3.0,,0.0,-13.73,13.37,40.04,0.04,6.3,40.62,48.33,0.07
688281.SH,华秦科技,221.87,68.48,72.47,4.76,4.62,5.25,3.88,0.26,24.53,-27.87,30.66,27.01,0.04,2.36,15.69,13.04,0.1
601858.SH,中国科传,183.08,44.24,34.08,3.34,5.52,5.66,3.34,,0.0,47.32,3.97,23.18,0.04,8.59,12.35,15.63,0.12
301228.SZ,实朴检测,50.94,-96.48,-74.74,7.41,-5.79,-5.65,-4.14,,0.0,-3.68,2.45,30.49,0.04,扣非亏损,扣非亏损,亏损,-0.96
002812.SZ,恩捷股份,600.44,-622.88,-64.33,2.9,-0.34,-0.35,0.59,,0.0,-120.24,12.59,44.78,0.04,扣非亏损,扣非亏损,亏损,-0.96
301285.SZ,鸿日达,61.86,-653.16,-287.91,15.98,-2.4,-1.82,-0.95,,0.0,-206.34,10.87,51.68,0.04,扣非亏损,扣非亏损,亏损,-0.96
002371.SZ,北方华创,3316.21,48.52,51.81,9.21,15.2,15.31,7.19,,0.0,19.47,45.71,50.9,0.04,1.13,6.82,6.34,0.19
000070.SZ,特发信息,151.88,1443.22,-37.15,10.21,0.11,0.53,2.84,,0.0,103.26,-0.53,71.02,0.04,扣非亏损,危险信号,5446.12,0.04
300382.SZ,斯莱克,80.52,412.77,-67.0,3.5,0.27,0.71,1.32,,0.0,119.06,19.82,56.7,0.04,扣非亏损,危险信号,1162.73,0.04
300865.SZ,大宏立,15.99,195.7,-180.61,3.13,0.58,1.21,0.95,,0.0,-65.79,-16.88,19.22,0.04,扣非亏损,危险信号,323.47,0.04
920175.BJ,东方碳素,9.38,-16.82,-14.92,1.96,-8.61,-8.37,-5.1,,0.0,-85.03,-1.33,41.01,0.04,扣非亏损,扣非亏损,亏损,-0.96
301123.SZ,奕东电子,93.28,346.78,-333.29,4.58,0.7,1.01,0.16,0.14,0.0,77.36,4.86,27.01,0.04,扣非亏损,危险信号,686.7,0.04
300453.SZ,三鑫医疗,36.63,21.55,23.6,3.85,12.34,13.5,10.25,1.15,45.31,10.09,9.16,36.12,0.04,2.58,1.91,1.6,0.56
603601.SH,再升科技,132.63,122.42,335.3,6.04,2.14,3.73,3.19,0.16,33.9,-25.87,-3.0,27.06,0.04,-111.74,156.44,32.82,0.05
605199.SH,ST葫芦娃,27.29,-182.5,-12.9,3.96,-6.6,-1.61,0.94,,0.0,71.29,3.05,73.72,0.04,扣非亏损,扣非亏损,亏损,-0.96
688246.SH,嘉和美康,30.71,-13.27,-7.8,2.22,-12.0,-11.82,-7.93,,0.0,-300.67,-2.64,40.12,0.04,扣非亏损,扣非亏损,亏损,-0.96
300236.SZ,上海新阳,232.42,86.97,95.41,5.07,3.95,3.43,3.49,0.75,0.0,53.01,13.57,24.7,0.04,7.03,48.25,50.71,0.06
003015.SZ,日久光电,42.26,46.81,57.55,4.41,7.22,7.48,7.08,,0.0,44.74,6.65,10.69,0.04,8.66,15.95,12.52,0.1
603660.SH,苏州科达,54.29,-11.68,-26.84,6.6,-37.02,-39.0,-15.41,,0.0,2.69,-17.07,60.02,0.04,扣非亏损,扣非亏损,亏损,-0.96
002046.SZ,国机精工,249.59,92.1,108.42,5.85,4.03,5.0,4.06,,0.0,-2.44,-6.76,28.19,0.04,-16.05,53.81,36.84,0.06
000520.SZ,凤凰航运,44.94,-60.6,-82.28,11.16,1.66,-12.91,-8.34,,0.0,125.35,-1.23,36.2,0.04,扣非亏损,危险信号,亏损,0.03
300477.SZ,ST合纵,28.44,-17.07,-5.46,3.12,-11.93,-12.83,-4.51,,0.0,32.35,3.77,92.24,0.04,扣非亏损,扣非亏损,亏损,-0.96
600689.SH,上海三毛,20.5,133.15,360.23,5.72,1.62,3.26,0.88,,0.0,-37.14,11.31,54.94,0.04,31.86,443.88,81.69,0.04
002488.SZ,金固股份,111.61,215.58,467.36,3.44,1.0,1.18,2.1,,0.0,39.13,7.3,54.94,0.04,64.03,931.84,365.39,0.04
300986.SZ,志特新材,106.24,67.66,103.17,4.99,5.12,6.49,3.67,,0.0,181.98,19.71,61.8,0.04,5.23,40.33,20.85,0.07
300902.SZ,国安达,23.23,1254.52,-203.89,4.24,-0.07,0.25,0.1,,0.0,96.01,9.21,13.31,0.04,扣非亏损,扣非亏损,10036.18,-0.96
300683.SZ,海特生物,42.06,-21.4,-21.13,2.02,-7.78,-6.84,-6.3,,0.0,-156.4,2.41,14.91,0.04,扣非亏损,扣非亏损,亏损,-0.96
605389.SH,长龄液压,95.14,68.31,96.24,4.78,4.97,5.19,5.64,0.54,91.3,17.04,-0.53,10.7,0.04,-181.34,19.36,13.16,0.09
603283.SH,赛腾股份,122.52,22.92,27.82,3.71,11.64,12.15,8.83,,0.0,-17.91,23.09,42.03,0.04,1.2,4.78,3.77,0.25
002068.SZ,黑猫股份,74.6,-26.47,-42.79,2.78,-8.23,-7.37,-1.92,,0.0,-165.34,9.16,66.52,0.04,扣非亏损,扣非亏损,亏损,-0.96
300348.SZ,长亮科技,95.81,-721.25,-5802.5,5.18,-0.72,-0.54,-0.35,,0.0,-2189.53,4.07,31.22,0.04,扣非亏损,扣非亏损,亏损,-0.96
300369.SZ,绿盟科技,77.9,-29.89,-29.44,3.18,-8.43,-7.94,-3.43,,0.0,38.3,1.66,43.98,0.04,扣非亏损,扣非亏损,亏损,-0.96
300862.SZ,蓝盾光电,35.17,-54.47,-67.34,2.15,-3.01,-2.99,-2.86,0.02,-2.63,-457.61,-10.96,16.58,0.04,扣非亏损,扣非亏损,亏损,-0.96
301093.SZ,华兰股份,134.43,197.86,321.7,6.47,1.85,2.37,2.35,,0.0,13.66,-9.35,13.48,0.04,-34.39,348.26,166.97,0.04
688310.SH,迈得医疗,27.74,235.46,-99.58,3.44,-0.16,1.1,0.02,,0.0,-526.58,1.33,29.86,0.04,扣非亏损,扣非亏损,428.1,-0.96
000802.SZ,北京文化,29.76,-7.32,-7.91,3.82,-29.19,-32.76,-12.05,,0.0,-472.41,111.85,61.78,0.04,扣非亏损,扣非亏损,亏损,-0.96
600136.SH,ST明诚,35.17,-430.18,-41.26,15.53,-4.6,-2.67,0.99,,0.0,48.78,-37.8,68.78,0.04,扣非亏损,扣非亏损,亏损,-0.96
688108.SH,赛诺医疗,89.36,317.35,357.66,9.92,1.57,2.39,2.78,,0.0,148.63,36.95,30.4,0.04,9.68,454.64,265.57,0.04
688037.SH,芯源微,347.81,-2595.79,-575.65,12.85,-3.47,-0.37,0.02,,0.0,-333.93,31.08,54.77,0.04,扣非亏损,扣非亏损,亏损,-0.96
688778.SH,厦钨新能,386.49,52.49,63.21,4.29,5.7,6.12,3.84,0.26,32.79,48.2,5.86,45.86,0.04,10.79,11.08,8.58,0.13
600355.SH,*ST精伦,4.48,-12.38,-10.34,4.25,-23.21,-23.03,-10.11,,0.0,7.71,-17.44,58.61,0.04,扣非亏损,扣非亏损,亏损,-0.96
688500.SH,慧辰股份,38.02,-67.86,-41.12,5.48,-6.46,-5.94,-4.24,,0.0,19.11,0.29,27.7,0.04,扣非亏损,扣非亏损,亏损,-0.96
300896.SZ,爱美客,296.41,29.5,32.63,5.82,12.86,14.18,15.09,0.85,45.8,-36.2,29.12,8.2,0.04,1.12,2.54,2.08,0.43
688351.SH,微电生理,110.07,196.93,368.16,6.14,1.36,2.37,1.97,,0.0,3297.94,29.65,8.73,0.04,12.42,540.5,166.19,0.04
002703.SZ,浙江世宝,133.33,93.78,116.36,9.16,6.46,7.5,4.63,,0.0,22.9,32.32,43.71,0.04,3.6,36.01,25.01,0.07
601595.SH,上海电影,115.19,61.96,131.16,6.65,6.78,8.16,8.22,0.17,40.0,160.8,7.42,31.44,0.04,17.67,19.34,7.59,0.09
001256.SZ,炜冈科技,24.21,29.85,37.16,2.67,6.64,6.9,5.96,,0.0,3.78,3.56,23.75,0.04,10.43,11.2,8.65,0.13
002170.SZ,芭田股份,114.24,15.38,15.88,3.84,19.86,19.55,15.83,1.31,33.76,240.7,10.21,35.74,0.04,1.56,0.8,0.79,1.29
603915.SH,国茂股份,107.29,43.41,57.94,2.91,4.23,4.97,3.86,0.65,75.0,-12.06,-4.14,30.07,0.04,-13.99,13.7,8.73,0.11
002114.SZ,罗平锌电,30.79,-23.98,-30.1,3.64,-8.33,-10.75,-3.21,,0.0,-494.27,-10.68,62.5,0.04,扣非亏损,扣非亏损,亏损,-0.96
300124.SZ,汇川技术,1745.92,34.74,41.15,5.73,12.47,14.23,7.02,,0.0,24.03,27.4,46.76,0.04,1.5,6.6,4.88,0.19
688702.SH,盛科通信,379.59,6137.38,-1892.5,32.27,-1.58,0.4,0.18,,0.0,64.56,35.6,11.85,0.04,扣非亏损,扣非亏损,30686.92,-0.96
002985.SZ,北摩高科,66.97,74.39,216.1,4.83,4.93,4.98,3.92,,0.0,71.08,-19.96,29.63,0.04,-10.82,87.63,29.87,0.05
920237.BJ,力佳科技,18.82,46.42,49.1,3.74,5.51,6.09,4.81,,0.0,-40.65,10.54,25.54,0.04,4.66,17.83,15.24,0.1
688718.SH,唯赛勃,28.17,78.33,79.6,3.62,2.85,3.43,2.98,0.89,128.89,-13.59,1.21,15.4,0.04,65.83,27.9,22.84,0.08
002792.SZ,通宇通讯,136.18,626.59,-911.4,7.58,0.06,1.0,0.49,,0.0,-93.09,-4.77,19.75,0.04,扣非亏损,危险信号,1253.18,0.04
688528.SH,秦川物联,19.69,-21.13,-19.76,3.97,-13.71,-13.63,-7.49,,0.0,-64.3,2.42,41.54,0.04,扣非亏损,扣非亏损,亏损,-0.96
300442.SZ,润泽科技,1360.34,21.77,83.4,10.08,11.51,38.72,14.61,0.76,78.33,-9.47,31.07,62.53,0.04,2.68,7.25,0.56,0.18
002881.SZ,美格智能,81.47,89.63,95.73,8.04,6.45,6.49,4.24,,0.0,15.74,15.74,41.02,0.04,6.08,29.69,27.62,0.07
001205.SZ,盛航股份,24.71,29.81,43.77,1.4,3.42,3.5,3.28,,0.0,-42.54,35.29,50.04,0.04,1.24,25.6,17.04,0.08
603606.SH,东方电缆,462.14,37.92,45.43,6.03,12.42,12.5,7.92,,0.0,13.68,5.68,45.13,0.04,8.0,7.32,6.07,0.18
603376.SH,大明电子,11.3,56.63,52.55,11.56,16.19,16.59,8.15,,0.0,-1.17,22.64,58.59,0.04,2.32,6.49,6.83,0.19
688075.SH,安旭生物,50.17,58.47,138.76,0.97,0.34,1.23,1.61,,0.0,-8.98,67.85,8.59,0.04,2.05,815.5,95.07,0.04
300098.SZ,高新兴,87.73,116.69,-63.07,3.64,1.56,2.37,1.35,,0.0,139.8,-18.95,42.13,0.04,扣非亏损,危险信号,98.47,0.03
688609.SH,九联科技,42.85,-26.81,-31.31,4.82,-12.99,-13.48,-3.2,,0.0,-10.78,-2.72,73.51,0.04,扣非亏损,扣非亏损,亏损,-0.96
920092.BJ,汉鑫科技,11.3,-76.84,-185.12,5.73,-5.78,-5.42,-3.01,,0.0,-94734.16,23.41,43.32,0.04,扣非亏损,扣非亏损,亏损,-0.96
600543.SH,莫高股份,17.05,-25.64,-23.46,2.24,-6.38,-6.36,-5.04,,0.0,-76.45,41.93,22.53,0.04,扣非亏损,扣非亏损,亏损,-0.96
300010.SZ,豆神教育,111.61,113.33,403.14,7.78,2.58,5.4,3.45,,0.0,-59.97,-11.83,26.76,0.04,-34.08,312.36,41.97,0.04
600876.SH,凯盛新能,43.13,-8.85,-6.89,2.06,-17.51,-16.03,-4.37,,0.0,-140.05,13.17,71.38,0.04,扣非亏损,扣非亏损,亏损,-0.96
688135.SH,利扬芯片,59.1,5873.23,-106.32,5.42,-0.17,0.07,0.89,,0.0,84.06,7.96,55.25,0.04,扣非亏损,扣非亏损,167806.48,-0.96
688168.SH,安博通,53.0,-30.53,-31.21,5.33,-12.46,-12.15,-8.7,,0.0,-56.72,23.7,29.42,0.04,扣非亏损,扣非亏损,亏损,-0.96
603969.SH,银龙股份,83.54,23.31,24.84,3.18,10.72,10.81,8.87,,0.0,63.8,0.3,40.2,0.04,83.83,4.63,4.31,0.25
002983.SZ,芯瑞达,32.85,45.6,44.6,4.18,6.86,6.82,5.06,0.65,0.0,44.38,13.37,27.82,0.04,3.34,13.0,13.37,0.12
688665.SH,四方光电,48.29,33.99,33.0,4.31,9.2,9.92,7.82,,0.0,69.87,17.03,31.8,0.04,1.94,7.18,6.85,0.18
002823.SZ,凯中精密,35.73,22.45,23.54,2.64,9.3,8.91,6.09,1.14,48.21,66.79,7.74,43.63,0.04,3.04,2.53,2.52,0.43
300426.SZ,华智数媒,34.24,-7.91,-12.07,26.18,-284.97,-151.52,-17.56,,0.0,-393.05,-24.88,94.66,0.04,扣非亏损,扣非亏损,亏损,-0.96
300870.SZ,欧陆通,287.42,97.26,88.44,10.88,8.67,9.01,4.7,0.2,33.38,48.53,14.53,52.2,0.04,6.09,10.2,10.79,0.14
688390.SH,固德威,240.83,222.66,-147.88,8.87,-0.04,2.91,0.82,,0.0,96.95,41.21,66.28,0.04,扣非亏损,扣非亏损,153.03,-0.96
000899.SZ,赣能股份,135.72,11.69,14.29,2.15,14.46,14.32,5.7,,0.0,42.88,40.74,64.6,0.04,0.35,1.98,1.63,0.54
002020.SZ,京新药业,116.49,18.05,20.05,2.45,9.26,10.1,7.64,,0.0,8.92,6.28,28.74,0.04,3.19,4.33,3.57,0.27
600160.SH,巨化股份,1045.34,24.14,26.68,5.12,16.74,16.87,13.69,0.47,0.0,170.13,11.34,32.97,0.04,2.35,3.19,2.86,0.35
688400.SH,凌云光,199.1,117.02,218.94,5.13,2.83,3.34,1.83,,0.0,33.97,-2.17,32.98,0.04,-100.95,154.82,70.07,0.05
301312.SZ,智立方,48.51,104.08,155.63,7.88,4.61,5.78,5.01,,0.0,99.92,2.17,19.08,0.04,71.68,67.5,36.01,0.05
688305.SH,科德数控,82.79,97.64,86.44,4.43,2.61,3.46,3.09,,0.0,-15.02,33.88,17.28,0.04,2.55,66.36,56.44,0.05
605178.SH,时空科技,67.17,-43.37,-28.0,5.5,-9.11,-9.11,-6.26,,0.0,13.96,-8.72,25.13,0.04,扣非亏损,扣非亏损,亏损,-0.96
688158.SH,优刻得,174.39,-176.44,-92.27,8.16,-6.07,-3.52,-2.19,,0.0,19.98,-18.67,32.99,0.04,扣非亏损,扣非亏损,亏损,-0.96
601689.SH,拓普集团,1096.92,41.83,43.5,4.71,8.48,8.95,5.73,,0.0,-10.22,32.58,44.05,0.04,1.34,10.26,9.35,0.14
603085.SH,天成自控,44.44,66.22,4142.45,4.98,4.77,5.75,1.99,,0.0,70.8,13.35,74.59,0.04,310.39,1735.49,23.03,0.04
300825.SZ,阿尔特,45.05,-23.03,-15.4,2.2,-7.19,-6.96,-5.31,,0.0,-6298.86,-7.27,29.19,0.04,扣非亏损,扣非亏损,亏损,-0.96
605208.SH,永茂泰,43.32,64.75,56.11,1.99,2.25,2.34,1.75,,0.0,905.26,7.81,53.83,0.04,7.19,49.93,55.35,0.06
688333.SH,铂力特,262.86,126.58,174.35,5.33,2.24,3.17,2.1,,0.0,1966.73,35.62,42.68,0.04,4.89,155.61,79.86,0.04
002178.SZ,延华智能,46.55,485.52,-129.98,10.68,-2.14,1.66,0.77,,0.0,53.89,-11.42,60.0,0.04,扣非亏损,扣非亏损,584.97,-0.96
688117.SH,圣诺生物,59.13,34.92,50.1,5.73,12.93,12.94,8.82,0.08,0.0,134.97,5.72,45.95,0.04,8.76,7.75,5.4,0.17
300516.SZ,久之洋,109.55,377.82,369.34,8.43,1.59,1.68,0.84,,0.0,24.37,-8.36,32.0,0.04,-44.18,464.37,449.79,0.04
000972.SZ,*ST中基,28.38,-14.77,-6.05,-16.55,,,-7.73,,0.0,-348.55,63.01,113.43,0.04,扣非亏损,,,-10.0
300946.SZ,恒而达,36.31,127.22,149.0,6.19,3.63,3.68,3.44,0.22,42.86,-43.75,8.75,29.4,0.04,17.02,41.01,34.57,0.06
301038.SZ,深水规院,49.37,234.21,76.7,5.52,1.43,1.77,0.65,,0.0,464.15,-2.22,51.62,0.04,-34.6,107.42,264.64,0.05
600328.SH,中盐化工,148.68,192.81,-97.78,1.24,0.34,0.48,0.81,,0.0,-92.42,-0.25,49.0,0.04,扣非亏损,危险信号,805.9,0.04
300882.SZ,万胜智能,62.85,30.86,42.0,5.15,12.26,13.28,10.06,,0.0,46.73,23.62,36.34,0.04,1.78,6.85,4.65,0.18
300867.SZ,圣元环保,36.83,18.54,24.73,1.35,5.25,5.6,4.7,,0.0,29.85,-11.55,55.85,0.04,-2.14,9.43,6.62,0.14
688143.SH,长盈通,75.02,192.32,204.93,6.5,2.05,2.6,2.14,,0.0,618.46,13.4,26.79,0.04,15.3,199.85,147.94,0.04
688012.SH,中微公司,1959.4,121.33,134.07,9.13,4.3,5.87,4.22,,0.0,9.01,43.12,28.02,0.04,3.11,62.3,41.34,0.05
688377.SH,迪威尔,85.52,71.49,73.95,4.6,4.84,4.9,3.79,,0.0,59.49,34.05,34.26,0.04,2.17,30.55,29.18,0.07
600844.SH,金煤科技,34.31,-35.8,-21.09,30.34,-49.11,-48.16,-7.26,,0.0,53.28,-10.84,79.39,0.04,扣非亏损,扣非亏损,亏损,-0.96
605289.SH,罗曼股份,144.41,516.83,-478.31,11.35,1.53,1.66,1.55,,0.0,94.69,16.85,53.06,0.04,扣非亏损,危险信号,622.69,0.04
002490.SZ,山东墨龙,60.67,1234.02,-91.15,17.95,-1.43,1.1,2.88,,0.0,96.79,-25.12,80.3,0.04,扣非亏损,扣非亏损,2243.66,-0.96
300911.SZ,亿田智能,69.46,-50.28,-81.34,6.33,-9.36,-8.27,-4.18,,0.0,-495.49,-14.26,42.42,0.04,扣非亏损,扣非亏损,亏损,-0.96
605162.SH,新中港,38.86,31.73,29.6,3.05,6.64,6.85,7.31,,0.0,-1.47,5.14,27.47,0.04,5.76,8.92,9.27,0.15
688141.SH,杰华特,229.17,-37.37,-36.42,13.22,-27.26,-24.35,-10.22,,0.0,2.72,19.34,57.91,0.04,扣非亏损,扣非亏损,亏损,-0.96
300894.SZ,火星人,33.76,-16.03,-19.47,4.24,-17.41,-16.68,-8.34,,0.0,-2673.63,-14.51,45.04,0.04,扣非亏损,扣非亏损,亏损,-0.96
002987.SZ,京北方,149.05,47.22,48.77,5.26,8.06,8.49,6.91,,0.0,4.58,15.01,16.77,0.04,3.25,12.1,11.12,0.12
002219.SZ,新里程,80.82,-163.12,526.94,4.25,-1.69,-1.95,1.23,,0.0,-163.99,5.06,69.13,0.04,104.18,困境反转,亏损,0.04
300165.SZ,ST天瑞,23.68,-1717.99,-28.39,2.18,-0.51,-0.1,-1.05,,0.0,13.86,-18.15,60.52,0.04,扣非亏损,扣非亏损,亏损,-0.96
002617.SZ,露笑科技,166.07,51.44,65.88,2.64,3.68,3.95,3.28,,0.0,15.24,3.67,39.49,0.04,17.94,35.76,26.05,0.07
601869.SH,长飞光纤,982.93,319.8,585.38,16.93,2.41,3.98,2.51,,0.0,-8.15,10.98,53.61,0.04,53.34,485.45,160.7,0.04
002039.SZ,黔源电力,81.36,12.38,17.72,1.87,11.9,11.89,7.74,0.55,33.62,83.32,-0.19,51.61,0.04,-90.91,1.49,1.04,0.71
688565.SH,力源科技,22.03,347.66,221.96,4.48,0.78,0.97,0.89,,0.0,111.36,12.1,43.82,0.04,18.34,567.74,716.82,0.04
300139.SZ,晓程科技,149.96,171.73,258.91,15.87,5.81,7.36,11.52,,0.0,195.01,23.08,18.09,0.04,11.22,89.12,46.67,0.05
600601.SH,方正科技,438.71,106.51,128.36,10.09,7.08,8.45,4.35,,0.0,85.88,-11.67,49.85,0.04,-11.0,36.28,25.21,0.07
300680.SZ,隆盛科技,74.41,34.37,59.43,4.86,6.66,10.34,6.64,,0.0,-13.53,37.95,49.47,0.04,1.57,17.83,6.65,0.09
603755.SH,日辰股份,29.43,34.31,43.98,3.93,8.67,8.68,7.15,1.36,55.17,21.99,6.75,31.85,0.04,6.52,5.08,3.95,0.24
002342.SZ,巨力索具,126.31,861.01,-333.86,5.22,0.26,0.45,1.07,,0.0,158.13,-3.21,54.48,0.04,扣非亏损,危险信号,3826.73,0.04
688323.SH,瑞华泰,40.64,-48.6,-56.97,5.37,-6.91,-6.88,-1.09,,0.0,-27.84,2.99,65.42,0.04,扣非亏损,扣非亏损,亏损,-0.96
300423.SZ,昇辉科技,34.27,592.95,-245.75,3.79,1.97,0.48,0.42,,0.0,51.15,-18.28,50.46,0.04,扣非亏损,危险信号,2470.63,0.03
605500.SH,森林包装,37.25,92.46,45.05,1.46,0.98,1.18,-0.72,,0.0,-80.16,-7.0,37.3,0.04,-6.43,91.62,156.72,0.05
688170.SH,德龙激光,51.68,-229.87,-104.11,4.25,-2.52,-1.38,-0.82,,0.0,5.66,9.59,33.22,0.04,扣非亏损,扣非亏损,亏损,-0.96
000503.SZ,国新健康,83.63,-45.31,-46.17,6.6,-10.34,-10.36,-6.45,,0.0,-27.09,12.47,37.02,0.04,扣非亏损,扣非亏损,亏损,-0.96
603301.SH,振德医疗,245.58,90.65,89.59,4.31,3.22,3.57,3.44,,0.0,-18.79,-2.97,28.78,0.04,-30.21,55.6,50.78,0.06
601908.SH,京运通,100.69,-33.21,-8.8,1.14,-2.32,-2.55,0.05,,0.0,85.93,16.86,52.93,0.04,扣非亏损,扣非亏损,亏损,-0.96
002946.SZ,新乳业,152.36,18.56,21.45,4.3,19.2,18.34,8.53,0.38,15.22,27.62,6.16,59.98,0.04,3.49,1.12,1.01,0.93
300018.SZ,中元股份,59.8,43.04,51.89,4.67,7.89,8.46,7.47,,0.0,61.86,10.02,16.58,0.04,5.18,13.16,10.18,0.11
688058.SH,宝兰德,23.55,-19.08,-21.48,3.7,-15.4,-13.56,-12.89,,0.0,-109.59,13.35,7.55,0.04,扣非亏损,扣非亏损,亏损,-0.96
688628.SH,优利德,45.95,25.51,28.52,3.6,10.34,10.63,8.54,0.94,33.71,-10.25,10.37,22.94,0.04,2.75,2.76,2.4,0.4
300886.SZ,华业香料,13.1,67.78,79.84,3.84,4.16,4.29,4.07,0.19,17.77,59.96,12.42,13.13,0.04,6.43,19.2,15.8,0.09
301041.SZ,金百泽,22.95,330.96,174.22,4.65,0.11,1.02,0.68,,0.0,-94.61,-0.63,24.05,0.04,-276.14,3153.27,648.94,0.04
600105.SH,永鼎股份,403.66,91.99,125.39,12.23,10.05,10.21,4.48,0.14,16.06,613.65,1.84,61.66,0.04,68.08,12.48,9.01,0.12
002080.SZ,中材科技,771.6,39.11,61.39,3.93,6.28,7.75,3.57,,0.0,269.72,0.62,56.6,0.04,99.17,19.55,10.09,0.09
000428.SZ,华天酒店,39.43,-18.93,-15.26,2.83,-11.17,-10.61,-2.66,,0.0,-28.45,4.24,81.18,0.04,扣非亏损,扣非亏损,亏损,-0.96
300425.SZ,中建环能,36.47,-1227.03,148.4,1.56,-0.34,-0.09,0.38,,0.0,-146.31,2.27,43.78,0.04,65.48,困境反转,亏损,0.04
301248.SZ,杰创智能,58.03,261.52,-555.78,5.2,1.0,1.47,0.89,0.06,16.67,123.99,-10.33,48.3,0.04,扣非亏损,危险信号,177.9,0.04
600868.SH,梅雁吉祥,78.96,-191.98,-62.47,4.08,-1.57,-1.53,-2.03,,0.0,-337.9,5.91,32.03,0.04,扣非亏损,扣非亏损,亏损,-0.96
600025.SH,华能水电,1888.2,19.44,22.63,2.84,9.76,11.62,5.14,,0.0,4.62,-0.43,61.28,0.04,-52.94,4.64,3.35,0.25
603078.SH,江化微,89.54,85.25,114.68,4.62,3.72,4.1,3.56,0.17,24.08,-15.93,11.65,26.09,0.04,9.84,30.84,20.79,0.07
603138.SH,海量数据,58.53,-59.32,-56.66,7.78,-10.34,-9.58,-7.93,,0.0,-58.1,0.24,26.26,0.04,扣非亏损,扣非亏损,亏损,-0.96
603168.SH,莎普爱思,26.97,73.52,-51.88,1.67,0.27,1.72,1.54,,0.0,108.6,-6.78,24.08,0.04,扣非亏损,危险信号,85.49,0.03
601218.SH,吉鑫科技,67.25,44.22,70.99,2.27,3.59,3.93,4.49,0.2,11.88,352.43,-12.94,20.36,0.04,-5.49,19.8,11.24,0.09
300814.SZ,中富电路,186.07,501.02,767.99,11.32,1.77,1.98,0.58,,0.0,-0.81,1.54,48.34,0.04,500.25,867.05,506.08,0.04
300727.SZ,润禾材料,55.17,48.32,51.06,4.73,8.06,8.29,6.47,,0.0,45.27,6.7,25.95,0.04,7.62,12.66,11.66,0.12
301019.SZ,宁波色母,23.01,32.99,38.38,3.35,6.33,7.48,7.67,,0.0,14.46,0.26,10.01,0.04,150.31,12.12,8.82,0.12
688526.SH,科前生物,74.44,16.53,20.52,1.78,6.77,8.26,7.46,,0.0,22.7,-4.81,12.21,0.04,-4.27,6.06,4.0,0.2
300585.SZ,奥联电子,28.13,633.82,-324.95,3.95,-0.36,0.47,-0.02,,0.0,56.03,0.24,19.99,0.04,扣非亏损,扣非亏损,2697.12,-0.96
002412.SZ,汉森制药,34.4,31.6,21.03,1.54,3.46,3.69,4.45,,0.0,-37.24,4.05,11.77,0.04,5.19,12.17,17.13,0.12
300123.SZ,亚光科技,70.63,-54.72,-7.64,4.9,-7.37,-6.51,0.33,,0.0,15.0,-13.22,66.1,0.04,扣非亏损,扣非亏损,亏损,-0.96
603712.SH,七一二,141.66,-51.56,-30.23,3.39,-5.34,-4.82,-2.81,,0.0,-379.15,-12.07,52.01,0.04,扣非亏损,扣非亏损,亏损,-0.96
002786.SZ,银宝山新,38.79,-260.08,-41.23,16.95,-14.9,-4.95,1.52,,0.0,76.04,-5.94,94.6,0.04,扣非亏损,扣非亏损,亏损,-0.96
600777.SH,*ST新潮,316.4,19.05,19.89,1.44,5.8,5.78,4.67,,0.0,-27.07,27.71,34.61,0.04,0.72,6.86,6.59,0.18
603099.SH,长白山,101.97,52.29,71.16,8.07,12.21,11.92,12.97,,0.0,-3.73,79.88,22.77,0.04,0.89,11.66,8.77,0.12
002354.SZ,天娱数科,99.34,177.55,-113.78,7.87,2.8,3.44,4.06,,0.0,149.41,-3.51,32.83,0.04,扣非亏损,危险信号,103.23,0.02
301075.SZ,多瑞医药,68.74,-64.66,-52.18,11.52,-13.34,-12.95,-6.57,,0.0,-331.52,-22.98,55.73,0.04,扣非亏损,扣非亏损,亏损,-0.96
300725.SZ,药石科技,76.04,58.01,50.53,1.23,1.74,2.48,2.42,,0.0,0.49,12.92,8.28,0.04,3.91,58.1,46.78,0.05
600285.SH,羚锐制药,124.77,14.41,17.71,3.85,19.15,20.4,13.97,,0.0,11.77,9.16,42.96,0.04,1.93,1.85,1.41,0.58
300004.SZ,南风股份,61.01,136.77,85.62,3.43,1.81,1.89,1.7,,0.0,2.85,6.83,17.5,0.04,12.54,94.43,144.73,0.05
605488.SH,福莱新材,104.65,132.79,306.97,7.45,3.59,4.28,2.17,,0.0,-13.75,14.05,55.98,0.04,21.85,171.21,62.05,0.04
002166.SZ,莱茵生物,69.55,74.27,64.38,2.27,1.98,2.27,2.64,,0.0,-41.21,19.41,36.56,0.04,3.32,64.96,65.44,0.05
688556.SH,高测股份,136.41,-125.33,-33.82,3.5,-3.58,-2.23,-0.57,,0.0,-185.77,57.82,49.59,0.04,扣非亏损,扣非亏损,亏损,-0.96
301160.SZ,翔楼新材,47.99,36.49,33.93,4.24,8.83,8.91,8.1,,0.0,10.54,11.81,22.66,0.04,2.87,7.68,8.19,0.17
301522.SZ,上大股份,96.5,124.88,152.44,6.74,2.98,4.1,2.43,,0.0,-45.32,40.82,50.71,0.04,3.73,102.15,60.92,0.05
300327.SZ,中颖电子,88.27,116.91,89.84,5.08,3.16,3.22,0.81,,0.0,-36.99,-2.76,18.59,0.04,-32.55,56.94,72.62,0.05
688655.SH,迅捷兴,35.82,-165.08,-167.65,5.33,-2.83,-2.42,-0.96,,0.0,-294.45,-4.85,53.12,0.04,扣非亏损,扣非亏损,亏损,-0.96
920593.BJ,鼎智科技,47.9,160.93,205.97,7.94,3.49,3.91,3.41,,0.0,-10.98,10.63,8.68,0.04,19.38,118.11,82.32,0.04
600259.SH,中稀有色,302.89,178.09,232.9,8.67,4.6,3.01,2.33,,0.0,155.41,-2.15,53.82,0.04,-108.56,101.35,118.33,0.05
688265.SH,南模生物,33.98,95.21,125.66,2.0,0.61,1.58,1.42,,0.0,131.85,11.69,10.38,0.04,10.75,413.89,120.52,0.04
300614.SZ,百川畅银,24.27,-23.85,-9.53,2.29,-5.81,-6.1,-2.22,,0.0,-2.07,-8.91,43.05,0.04,扣非亏损,扣非亏损,亏损,-0.96
300832.SZ,新产业,358.43,25.66,27.03,4.71,13.11,13.81,13.94,,0.0,-14.68,21.36,8.69,0.04,1.27,4.12,3.72,0.28
603665.SH,康隆达,51.4,29.17,-14.68,7.26,7.02,19.87,6.84,,0.0,207.72,13.85,69.59,0.04,扣非亏损,危险信号,2.94,-0.2
300661.SZ,圣邦股份,431.11,98.22,103.66,9.16,4.86,7.15,5.38,,0.0,-7.06,17.47,22.41,0.04,5.93,42.68,27.47,0.06
688321.SH,微芯生物,123.97,142.71,-151.16,8.79,3.61,4.37,2.48,,0.0,201.17,15.86,54.42,0.04,扣非亏损,危险信号,65.31,0.02
600774.SH,汉商集团,27.92,224.7,-48.89,1.67,-1.85,0.56,1.3,,0.0,-163.24,-7.07,46.72,0.04,扣非亏损,扣非亏损,802.52,-0.96
301567.SZ,贝隆精密,9.86,142.08,159.33,4.47,1.61,2.37,1.94,,0.0,-46.77,6.26,18.57,0.04,25.47,198.49,119.9,0.04
600156.SH,华升股份,33.58,-163.05,-46.33,8.5,-12.9,-3.82,-2.72,0.12,0.0,-57.59,-1.39,53.28,0.04,扣非亏损,扣非亏损,亏损,-0.96
688019.SH,安集科技,399.12,49.21,58.67,12.02,17.81,20.2,15.87,,0.0,40.16,40.0,30.16,0.04,1.47,6.59,4.87,0.19
920701.BJ,豪声电子,17.13,31.92,36.29,2.82,6.52,6.76,5.22,,0.0,336.61,2.59,29.68,0.04,14.04,11.13,9.44,0.13
300035.SZ,中科电气,133.53,29.29,28.48,3.2,8.59,8.37,5.38,,0.0,99.84,48.9,60.16,0.04,0.58,6.63,7.0,0.19
600847.SH,万里股份,23.77,-53.78,-49.96,4.62,-6.3,-6.24,-5.61,,0.0,-35.8,1.38,8.84,0.04,扣非亏损,扣非亏损,亏损,-0.96
000629.SZ,钒钛股份,362.32,-182.82,-553.25,2.95,-1.24,-1.2,-1.11,,0.0,-193.36,-1.84,14.3,0.04,扣非亏损,扣非亏损,亏损,-0.96
603607.SH,京华激光,43.83,44.75,50.39,4.34,6.36,7.18,4.58,,0.0,1.08,2.01,43.25,0.04,25.1,15.84,12.46,0.1
301349.SZ,信德新材,54.16,132.22,-2788.73,1.99,0.4,1.13,1.53,,0.0,124.81,24.69,17.04,0.04,扣非亏损,危险信号,234.02,0.04
002971.SZ,和远气体,50.68,86.64,112.82,4.18,2.55,3.65,2.24,,0.0,-17.58,17.03,69.97,0.04,6.62,88.64,47.47,0.05
300658.SZ,延江股份,59.94,156.08,446.19,6.59,2.19,3.19,3.05,0.2,37.5,6.95,6.1,50.77,0.04,73.14,204.07,48.93,0.04
600331.SH,宏达股份,357.02,-745.45,-515.7,14.59,-2.78,-3.56,-0.88,,0.0,-193.14,5.58,14.55,0.04,扣非亏损,扣非亏损,亏损,-0.96
688816.SH,易思维,13.33,-722.35,99.54,14.68,-2.78,-1.51,-1.43,,0.0,36.34,,41.93,0.04,,困境反转,亏损,0.04
688712.SH,北芯生命,14.91,160.31,360.27,21.03,9.0,10.64,10.01,,0.0,256.07,,19.69,0.04,,80.09,30.13,0.05
000566.SZ,海南海药,71.97,-22.29,-5.92,25.87,-67.79,-60.17,-2.25,,0.0,-8.82,-21.16,94.43,0.04,扣非亏损,扣非亏损,亏损,-0.96
300135.SZ,宝利国际,41.84,-309.82,-53.72,4.43,-5.28,-1.06,0.16,,0.0,-92.83,-4.37,42.79,0.04,扣非亏损,扣非亏损,亏损,-0.96
002270.SZ,华明装备,284.55,40.09,42.43,9.06,17.87,17.9,14.63,2.44,48.57,19.88,14.9,29.65,0.04,2.85,2.37,2.24,0.46
920344.BJ,三元基因,25.26,-142.1,-455.4,4.46,-2.52,-2.33,-0.92,,0.0,-252.02,10.92,49.66,0.04,扣非亏损,扣非亏损,亏损,-0.96
600976.SH,健民集团,48.73,12.8,16.92,1.89,10.19,11.42,7.3,,0.0,-5.58,3.09,40.05,0.04,5.48,3.32,2.24,0.34
300050.SZ,世纪鼎利,33.6,163.29,-57.3,8.2,1.29,3.84,2.17,,0.0,126.0,-6.88,32.04,0.04,扣非亏损,危险信号,85.04,0.02
605589.SH,圣泉集团,286.15,28.35,28.25,2.8,7.21,7.57,5.81,,0.0,34.08,4.55,34.39,0.04,6.21,7.84,7.49,0.16
688096.SH,京源环保,20.8,-411.43,-92.05,2.31,-0.61,-0.44,0.93,,0.0,61.92,6.35,52.07,0.04,扣非亏损,扣非亏损,亏损,-0.96
603950.SH,长源东谷,144.91,39.73,46.06,5.01,8.99,9.86,5.59,,0.0,64.74,10.96,49.43,0.04,4.2,10.25,8.06,0.13
600552.SH,凯盛科技,127.33,74.22,152.64,3.0,2.0,3.04,2.27,,0.0,23212.75,-9.21,60.65,0.04,-16.57,152.97,48.83,0.04
688419.SH,耐科装备,28.03,61.09,86.82,5.27,5.69,6.5,5.84,,0.0,24.71,5.76,14.91,0.04,15.07,30.52,18.8,0.07
300151.SZ,昌红科技,64.97,145.29,167.77,6.05,2.07,2.94,2.44,,0.0,-46.77,-1.22,38.72,0.04,-137.02,162.34,98.84,0.04
300320.SZ,海达股份,53.77,29.98,31.93,2.7,6.87,6.95,5.5,0.21,11.1,43.65,9.71,32.72,0.04,3.29,4.65,4.31,0.25
300586.SZ,美联新材,53.94,-144.67,-214.88,3.83,-1.45,-1.96,-1.75,,0.0,-169.65,-0.67,39.14,0.04,扣非亏损,扣非亏损,亏损,-0.96
603320.SH,迪贝电气,34.51,39.82,47.6,2.96,5.92,6.09,4.79,,0.0,12.3,-1.83,15.89,0.04,-25.94,16.07,13.08,0.1
300518.SZ,新迅达,42.09,-113.9,-14.21,5.6,-5.03,-3.62,-3.41,,0.0,45.48,-26.54,11.3,0.04,扣非亏损,扣非亏损,亏损,-0.96
600771.SH,广誉远,83.16,79.07,104.97,5.04,4.72,4.9,5.03,,0.0,16.16,4.04,32.06,0.04,25.97,44.52,32.27,0.06
605388.SH,均瑶健康,39.69,-1256.7,-38.02,2.31,-0.66,-0.13,-0.69,,0.0,-133.11,20.96,15.81,0.04,扣非亏损,扣非亏损,亏损,-0.96
300291.SZ,百纳千成,68.32,-76.77,-16.37,2.26,-2.95,-2.18,-3.16,,0.0,-25.69,7.19,23.48,0.04,扣非亏损,扣非亏损,亏损,-0.96
301529.SZ,福赛科技,48.25,63.62,64.93,6.62,7.59,8.15,5.64,0.11,15.79,133.35,30.97,39.99,0.04,2.1,8.55,7.81,0.15
002895.SZ,川恒股份,252.73,20.02,20.87,3.49,13.89,14.29,9.63,0.82,30.33,46.09,32.76,36.93,0.04,0.64,1.5,1.4,0.7
300834.SZ,星辉环材,49.49,94.44,86.66,1.69,1.24,1.34,0.08,0.22,35.71,-38.92,-4.62,25.98,0.04,-18.76,69.73,70.48,0.05
600108.SH,亚盛集团,121.88,259.33,230.93,2.82,0.55,0.82,1.41,,0.0,38.86,7.97,56.9,0.04,28.97,846.69,632.51,0.04
601698.SH,中国卫通,1505.57,395.18,672.5,9.49,1.74,1.82,1.29,,0.0,-2.73,-1.13,12.56,0.04,-594.61,774.19,434.98,0.04
002052.SZ,同洲电子,81.55,28.79,26.88,26.74,113.22,112.45,25.51,,0.0,5476.87,76.86,55.93,0.04,0.35,0.47,0.51,2.14
688701.SH,卓锦股份,13.25,-19.06,-14.86,9.03,-28.59,-30.18,-8.59,,0.0,-15.58,-9.83,69.65,0.04,扣非亏损,扣非亏损,亏损,-0.96
688379.SH,华光新材,45.38,21.56,60.42,4.0,7.23,14.78,7.86,0.27,10.49,3.68,17.42,59.1,0.04,3.47,8.36,1.46,0.16
002205.SZ,国统股份,25.78,-88.16,-43.82,7.16,-5.38,-5.92,1.25,,0.0,37.24,0.33,87.86,0.04,扣非亏损,扣非亏损,亏损,-0.96
603629.SH,利通电子,158.48,56.22,157.99,8.67,8.16,12.2,5.56,0.3,40.0,204.05,8.14,69.87,0.04,19.4,19.36,4.61,0.09
002741.SZ,光华科技,87.83,79.48,-116.84,4.98,4.69,4.59,3.05,,0.0,1392.29,1.88,47.09,0.04,扣非亏损,危险信号,34.63,0.02
920857.BJ,泓禧科技,19.24,-169.21,-290.64,5.18,-2.54,-2.24,-5.55,,0.0,-173.63,-3.16,27.98,0.04,扣非亏损,扣非亏损,亏损,-0.96
300699.SZ,光威复材,313.87,57.43,64.93,5.75,6.81,7.49,6.0,,0.0,-32.22,-2.04,36.03,0.04,-31.84,19.06,15.33,0.09
300055.SZ,万邦达,67.97,269.68,1544.42,1.74,0.23,0.48,0.34,,0.0,164.19,11.95,36.63,0.04,129.19,13149.56,1123.68,0.04
000786.SZ,北新建材,440.62,12.87,14.7,1.65,9.64,9.88,8.16,,0.0,-17.52,6.97,23.75,0.04,2.11,3.05,2.61,0.36
300063.SZ,天龙集团,73.37,60.06,91.8,5.11,4.92,6.59,5.13,,0.0,89.79,-11.81,45.37,0.04,-7.77,37.35,18.23,0.06
920634.BJ,新威凌,9.6,75.08,79.96,5.35,4.86,5.51,3.84,,0.0,-38.68,21.32,26.98,0.04,3.75,32.92,27.25,0.07
603360.SH,百傲化学,185.24,111.15,95.79,12.3,7.09,7.34,4.63,,0.0,-52.13,10.92,43.15,0.04,8.77,27.04,30.29,0.07
002729.SZ,好利科技,34.06,68.31,92.78,6.41,6.79,7.29,6.64,0.17,0.0,11.35,19.95,15.65,0.04,4.65,27.32,18.74,0.07
600893.SH,航发动力,1435.97,997.73,809.79,3.61,0.17,0.27,0.58,,0.0,-90.02,12.05,62.6,0.04,67.2,9471.21,7390.59,0.04
600088.SH,中视传媒,59.97,-422.2,1697.42,4.75,-1.3,-0.83,-0.64,,0.0,-624.72,-1.41,18.88,0.04,-1204.45,困境反转,亏损,0.04
688067.SH,爱威科技,19.49,49.99,94.44,3.76,4.98,5.76,5.31,0.22,0.0,24.92,-1.1,15.22,0.04,-85.92,37.93,17.36,0.06
002639.SZ,雪人集团,134.74,306.41,402.62,6.38,1.41,1.58,0.98,,0.0,71.14,4.56,48.61,0.04,88.36,571.7,387.86,0.04
000799.SZ,酒鬼酒,153.78,-1176.29,-291.9,4.09,-0.23,-0.25,-0.48,,0.0,-117.32,-20.4,19.03,0.04,扣非亏损,扣非亏损,亏损,-0.96
002846.SZ,英联股份,38.01,131.69,-389.42,4.4,1.92,2.54,2.25,,0.0,1737.5,3.86,60.53,0.04,扣非亏损,危险信号,103.69,0.03
600111.SH,北方稀土,1837.18,89.4,91.97,7.69,5.88,6.66,5.87,,0.0,412.02,3.62,36.82,0.04,25.43,31.27,26.85,0.07
301286.SZ,侨源股份,77.83,80.07,100.64,10.11,9.37,9.86,11.2,,0.0,39.19,7.25,8.0,0.04,13.88,21.47,16.24,0.08
002291.SZ,遥望科技,59.27,-11.53,-6.34,2.11,-12.85,-12.86,-7.09,,0.0,5.77,20.31,39.02,0.04,扣非亏损,扣非亏损,亏损,-0.96
603989.SH,艾华集团,72.7,24.64,36.09,1.89,5.39,5.83,4.49,,0.0,14.81,6.79,34.33,0.03,5.32,13.39,8.45,0.11
603220.SH,中贝通信,113.86,124.02,171.7,7.06,4.03,4.11,2.58,,0.0,-42.59,4.21,72.68,0.03,40.82,85.13,60.35,0.05
300711.SZ,广哈通信,64.27,136.43,96.17,8.71,2.0,4.73,3.6,,0.0,-12.7,16.34,38.87,0.03,5.89,95.94,57.69,0.05
688325.SH,赛微微电,99.79,127.32,139.11,6.12,3.33,3.62,3.35,,0.0,0.99,13.77,7.74,0.03,10.1,83.44,70.34,0.05
002508.SZ,老板电器,194.37,12.75,13.65,1.72,9.38,9.98,7.43,2.58,66.67,-1.37,3.46,31.4,0.03,3.95,1.46,1.28,0.72
603038.SH,华立股份,42.42,67.97,127.25,3.05,3.28,3.39,3.04,,0.0,98.13,0.76,42.98,0.03,168.27,77.56,40.1,0.05
300421.SZ,力星股份,58.02,107.56,137.25,5.84,3.72,4.09,3.11,,0.0,-4.98,2.37,35.47,0.03,57.84,73.87,52.59,0.05
300615.SZ,欣天科技,18.8,150.31,262.6,5.44,2.21,2.72,2.28,,0.0,152.13,16.97,29.97,0.03,15.47,237.38,110.52,0.04
688035.SH,德邦科技,95.73,102.93,98.06,4.14,2.91,3.02,2.41,0.21,31.25,26.31,28.16,26.82,0.03,3.48,33.71,34.08,0.06
000716.SZ,黑芝麻,42.26,473.64,256.53,1.69,-0.25,0.27,1.01,,0.0,-114.28,-14.75,40.85,0.03,-17.4,-2072.94,3508.42,0.04
688689.SH,银河微电,47.81,77.46,88.2,3.96,2.5,3.45,3.25,,0.0,22.64,4.94,38.53,0.03,17.86,70.68,44.9,0.05
002650.SZ,ST加加,71.74,-298.3,-33.54,3.87,-1.58,-1.0,-0.6,,0.0,63.75,-9.4,14.85,0.03,扣非亏损,扣非亏损,亏损,-0.97
300912.SZ,凯龙高科,22.82,-84.47,-14.27,6.19,-8.9,-5.27,-2.07,,0.0,59.3,-0.55,60.89,0.03,扣非亏损,扣非亏损,亏损,-0.97
002186.SZ,全聚德,33.47,96.04,-102.93,3.87,1.89,3.07,2.28,,0.0,-75.14,24.34,41.52,0.03,扣非亏损,危险信号,62.57,0.03
001260.SZ,坤泰股份,26.93,54.09,65.72,3.25,4.32,4.63,3.8,,0.0,-13.5,13.26,22.5,0.03,4.96,30.46,23.36,0.07
000158.SZ,常山北明,320.6,-155.82,-71.5,6.19,-3.99,-2.93,0.2,,0.0,46.67,-6.84,69.72,0.03,扣非亏损,扣非亏损,亏损,-0.97
603697.SH,有友食品,48.16,20.78,27.57,2.74,8.7,9.6,9.5,1.88,92.0,46.99,0.23,24.23,0.03,122.26,3.17,2.16,0.35
002169.SZ,智光电气,117.82,-177.83,-51.67,4.61,-2.0,-1.93,0.72,,0.0,56.75,11.9,70.26,0.03,扣非亏损,扣非亏损,亏损,-0.97
600063.SH,皖维高新,160.15,31.61,31.71,1.87,4.27,4.43,2.19,1.36,0.0,101.02,0.52,44.2,0.03,60.56,14.86,14.27,0.1
601872.SH,招商轮船,1258.01,28.59,27.18,3.09,7.18,8.11,6.27,0.78,26.92,-11.78,2.83,46.74,0.03,9.6,3.79,3.53,0.3
300549.SZ,优德精密,18.59,215.65,590.7,4.45,0.64,1.54,1.25,,0.0,-58.52,-3.53,24.12,0.03,-167.26,1855.5,280.06,0.04
605258.SH,协和电子,31.43,52.73,51.29,2.63,3.28,3.72,2.99,,0.0,-5.83,7.07,25.82,0.03,7.25,31.26,28.35,0.07
002389.SZ,航天彩虹,235.95,2919.66,-4779.5,2.95,-0.07,0.08,0.38,,0.0,29.86,-1.25,20.76,0.03,扣非亏损,扣非亏损,72991.42,-0.97
301007.SZ,德迈仕,52.48,102.94,103.93,7.67,5.19,5.64,3.71,,0.0,-2.16,10.5,34.56,0.03,9.9,40.08,36.5,0.06
601702.SH,华峰铝业,215.68,18.06,17.88,3.52,14.77,15.32,11.77,,0.0,0.4,19.44,33.66,0.03,0.92,2.42,2.36,0.45
600706.SH,曲江文旅,25.89,-78.47,-85.0,4.1,-12.86,-3.84,0.02,,0.0,54.68,5.79,76.61,0.03,扣非亏损,扣非亏损,亏损,-0.97
603998.SH,方盛制药,52.29,14.62,21.53,3.13,12.91,15.71,9.78,2.67,38.46,30.54,4.8,42.2,0.03,4.49,1.67,0.93,0.63
688215.SH,瑞晟智能,40.08,339.15,262.08,8.74,1.58,1.91,1.46,,0.0,212.98,26.3,49.0,0.03,9.97,331.42,355.13,0.04
688244.SH,永信至诚,32.59,-44.56,-143.88,3.37,-5.94,-5.5,-4.85,,0.0,-53.28,4.34,12.89,0.03,扣非亏损,扣非亏损,亏损,-0.97
301095.SZ,广立微,127.49,296.47,200.82,4.67,0.35,1.18,0.16,,0.0,433.2,42.76,8.83,0.03,4.7,1134.9,502.49,0.04
688799.SH,华纳药厂,56.99,20.64,55.55,2.86,5.21,11.01,7.94,,0.0,-26.52,7.4,28.36,0.03,7.51,21.33,3.75,0.08
688155.SH,先惠技术,102.96,37.61,45.12,4.86,9.65,9.97,7.05,0.5,24.59,11.91,33.36,54.55,0.03,1.35,4.68,3.77,0.25
688010.SH,福光股份,47.38,-75.62,-83.54,2.82,-4.18,-2.82,-1.91,,0.0,-41.43,-1.08,37.43,0.03,扣非亏损,扣非亏损,亏损,-0.97
920556.BJ,雅达股份,12.88,65.42,80.87,3.4,3.17,3.91,3.07,,0.0,5.09,-0.4,18.22,0.03,-202.3,50.98,33.46,0.05
300007.SZ,汉威科技,134.93,137.87,804.0,5.37,1.33,2.95,1.87,,0.0,56.27,-1.23,46.59,0.03,-651.12,1207.93,93.47,0.04
688456.SH,有研粉材,61.04,88.61,143.12,4.89,3.04,4.17,3.34,,0.0,35.23,5.62,41.19,0.03,25.49,94.01,42.5,0.04
920978.BJ,开特股份,26.93,27.65,27.98,6.4,17.97,18.11,12.68,0.46,0.0,50.98,29.52,41.18,0.03,0.95,3.11,3.05,0.36
300990.SZ,同飞股份,67.95,62.46,58.69,7.42,9.0,9.29,7.45,0.22,0.0,167.28,40.56,25.0,0.03,1.45,13.04,13.45,0.11
002151.SZ,北斗星通,202.37,1027.7,-75.45,4.81,-0.45,0.35,-0.05,,0.0,79.22,-19.07,17.69,0.03,扣非亏损,扣非亏损,5872.58,-0.97
301024.SZ,霍普股份,24.07,-59.23,-28.29,6.22,-7.88,-7.58,-4.87,,0.0,42.78,-18.97,32.38,0.03,扣非亏损,扣非亏损,亏损,-0.97
002856.SZ,美芝股份,16.91,-31.3,-6.74,22.23,-54.51,-52.58,-2.45,,0.0,13.46,38.8,95.41,0.03,扣非亏损,扣非亏损,亏损,-0.97
688150.SH,莱特光电,158.28,66.0,78.41,8.78,9.46,9.79,9.55,0.67,58.06,46.51,15.44,17.75,0.03,5.08,8.29,6.74,0.15
920505.BJ,九菱科技,15.99,159.97,154.08,8.64,3.68,4.05,3.87,,0.0,-25.96,-0.4,14.13,0.03,-383.45,83.65,79.0,0.05
300782.SZ,卓胜微,356.76,-187.03,-166.24,4.25,-2.03,-1.69,-1.03,,0.0,-149.54,0.3,31.97,0.03,扣非亏损,扣非亏损,亏损,-0.97
300808.SZ,久量股份,34.99,-74.28,-101.78,4.86,-4.26,-4.82,-4.51,,0.0,-171.43,-11.61,17.4,0.03,扣非亏损,扣非亏损,亏损,-0.97
605268.SH,王力安防,59.47,38.01,37.35,3.59,6.3,7.09,3.38,,0.0,43.88,8.02,61.16,0.03,4.66,11.86,10.72,0.12
603030.SH,全筑股份,34.5,-28.76,-33.7,3.9,-7.54,-9.83,-2.35,,0.0,-27.1,-41.11,54.59,0.03,扣非亏损,扣非亏损,亏损,-0.97
002859.SZ,洁美科技,172.87,78.3,93.68,6.27,5.71,5.83,3.29,0.36,43.48,-1.8,2.1,56.59,0.03,44.58,16.4,13.43,0.09
688652.SH,京仪装备,132.46,107.56,149.74,8.45,5.16,6.03,3.15,,0.0,7.15,27.5,51.63,0.03,5.44,57.99,35.67,0.05
300214.SZ,日科化学,31.68,681.52,-252.73,1.51,0.02,0.17,0.5,,0.0,101.08,10.04,48.83,0.03,扣非亏损,危险信号,8017.89,0.03
300628.SZ,亿联网络,248.19,16.59,18.35,4.99,20.92,21.39,21.91,1.4,50.98,-3.86,16.75,11.34,0.03,1.1,0.88,0.78,1.17
300985.SZ,致远新能,48.87,79.51,-22.5,4.84,3.34,4.65,3.2,,0.0,-17.87,292.78,59.65,0.03,扣非亏损,危险信号,34.2,-0.04
300567.SZ,精测电子,306.29,282.78,-347.15,10.68,1.39,2.74,2.18,,0.0,7542.53,2.64,55.38,0.03,扣非亏损,危险信号,206.41,0.03
300017.SZ,网宿科技,409.34,53.14,77.32,4.31,3.48,6.05,5.29,,0.0,14.73,2.83,15.23,0.03,27.31,44.46,17.57,0.06
688182.SH,灿勤科技,114.68,99.74,151.74,5.13,3.32,3.91,3.57,0.13,0.0,135.5,7.24,15.1,0.03,20.96,91.54,51.02,0.04
300617.SZ,安靠智电,85.99,104.21,113.62,3.48,1.69,2.53,2.35,,0.0,-56.01,11.05,22.55,0.03,10.28,134.1,82.38,0.04
603306.SH,华懋科技,290.52,126.31,124.61,9.36,4.35,5.1,3.92,,0.0,-4.16,22.99,39.72,0.03,5.42,57.31,49.53,0.05
600071.SH,凤凰光学,56.82,144.9,1205.83,11.28,1.85,6.0,2.64,,0.0,117.97,2.33,65.91,0.03,517.6,1304.16,48.3,0.03
300466.SZ,赛摩智能,43.09,-408.54,-59.72,7.13,-1.63,-1.3,-0.79,,0.0,45.01,2.24,46.49,0.03,扣非亏损,扣非亏损,亏损,-0.97
300657.SZ,弘信电子,147.95,126.16,1618.99,12.1,6.95,7.51,3.49,,0.0,829.48,26.89,79.55,0.03,60.21,465.88,33.6,0.04
600879.SH,航天电子,769.4,275.91,561.91,3.71,0.82,1.01,0.7,,0.0,-15.17,-2.43,49.99,0.03,-231.37,1365.84,546.9,0.03
688311.SH,盟升电子,68.85,-108.6,-37.77,4.35,-3.49,-2.95,-2.38,,0.0,60.69,-29.37,29.99,0.03,扣非亏损,扣非亏损,亏损,-0.97
301510.SZ,固高科技,93.8,225.93,238.77,9.54,2.84,3.18,3.11,,0.0,101.3,7.51,12.27,0.03,31.79,168.38,142.09,0.04
002130.SZ,沃尔核材,292.77,32.68,36.74,5.8,13.6,13.97,9.77,,0.0,28.45,8.99,44.73,0.03,4.09,5.4,4.68,0.22
000720.SZ,新能泰山,52.27,-988.07,-67.99,2.22,-0.51,-0.17,-0.02,,0.0,72.03,-29.51,52.85,0.03,扣非亏损,扣非亏损,亏损,-0.97
688303.SH,大全能源,510.56,-35.68,-19.98,1.31,-2.76,-2.71,-2.73,,0.0,6.54,27.93,8.2,0.03,扣非亏损,扣非亏损,亏损,-0.97
688558.SH,国盛智科,41.47,25.91,30.4,2.47,6.86,7.22,6.02,,0.0,20.72,-2.93,24.94,0.03,-10.36,8.86,7.18,0.15
300991.SZ,创益通,54.82,4217.99,360.82,13.42,0.17,0.24,0.96,,0.0,118.7,13.09,52.72,0.03,27.57,4168.9,35149.91,0.03
688523.SH,航天环宇,62.82,385.83,340.64,15.73,2.1,3.11,2.04,,0.0,6.7,18.74,30.49,0.03,18.17,325.08,248.12,0.04
688363.SH,华熙生物,217.24,64.56,-642.88,3.08,2.67,3.63,3.26,,0.0,-43.2,4.16,16.29,0.03,扣非亏损,危险信号,35.57,0.03
002748.SZ,世龙实业,30.46,56.5,65.47,2.22,3.08,2.97,2.52,,0.0,45.93,-1.74,42.01,0.03,-37.67,42.47,38.05,0.06
603227.SH,雪峰科技,97.52,18.58,21.63,1.92,7.68,7.86,6.94,,0.0,-33.8,4.19,27.61,0.03,5.16,5.63,4.73,0.21
300380.SZ,安硕信息,46.85,290.89,428.87,13.16,1.14,3.41,0.93,,0.0,554.19,9.56,65.49,0.03,44.86,752.81,170.61,0.03
300340.SZ,科恒股份,33.8,-18.56,-14.17,-40.42,,,-3.18,,0.0,4.55,-11.51,103.43,0.03,扣非亏损,,,-10.0
603203.SH,快克智能,97.79,37.63,45.74,6.82,12.24,13.1,10.64,,0.0,32.56,7.55,31.12,0.03,6.06,7.47,5.74,0.17
002290.SZ,禾盛新材,156.6,81.75,99.92,16.55,16.41,16.36,8.88,,0.0,67.42,3.89,51.18,0.03,25.7,12.18,9.99,0.12
002058.SZ,*ST威尔,30.34,11.68,-399.4,76.01,-0.24,39.56,35.97,,0.0,98.27,-9.95,75.43,0.03,扣非亏损,扣非亏损,0.59,-0.97
688759.SH,必贝特,18.22,-123.18,,81.96,-47.67,-42.51,-36.89,,0.0,9.43,,14.04,0.03,,,亏损,0.21
301517.SZ,陕西华达,55.29,-446.63,-769.45,6.36,-1.18,-1.06,-0.25,,0.0,-149.4,-4.57,36.69,0.03,扣非亏损,扣非亏损,亏损,-0.97
300884.SZ,狄耐克,28.31,-1762.27,-72.37,2.97,-1.18,-0.13,-0.71,,0.0,-6269.25,-8.07,27.22,0.03,扣非亏损,扣非亏损,亏损,-0.97
688416.SH,恒烁股份,74.87,-58.9,-45.21,5.9,-8.06,-7.24,-6.65,,0.0,10.89,-10.81,9.06,0.03,扣非亏损,扣非亏损,亏损,-0.97
688033.SH,天宜新材,56.22,-11.36,-4.26,1.7,-10.02,-10.65,-4.8,,0.0,44.0,32.34,42.57,0.03,扣非亏损,扣非亏损,亏损,-0.97
920566.BJ,梓橦宫,12.55,21.72,21.87,2.01,6.21,7.0,6.97,,0.0,-0.41,-0.53,12.04,0.03,-41.14,7.04,6.21,0.18
688720.SH,艾森股份,37.61,127.88,150.26,5.82,3.2,3.48,2.48,,0.0,86.8,11.4,24.96,0.03,13.18,94.06,73.5,0.04
603052.SH,可川科技,109.54,329.88,355.25,10.07,1.89,2.26,1.2,,0.0,-55.47,2.94,35.72,0.03,120.84,375.07,291.93,0.04
300238.SZ,冠昊生物,42.69,119.83,168.74,7.46,4.63,4.79,4.56,,0.0,27.6,-7.44,36.28,0.03,-22.68,72.83,50.03,0.05
300260.SZ,新莱应材,145.4,106.46,113.66,9.92,6.87,7.16,3.68,,0.0,-24.65,12.03,61.75,0.03,9.45,33.09,29.74,0.06
002992.SZ,宝明科技,83.73,-1430.39,-1282.34,13.07,-0.75,-0.69,0.46,,0.0,93.36,13.37,66.72,0.03,扣非亏损,扣非亏损,亏损,-0.97
688169.SH,石头科技,344.02,24.86,27.11,2.5,6.27,7.78,4.54,,0.0,-29.63,27.38,28.67,0.03,0.99,8.65,6.39,0.15
600506.SH,统一股份,43.32,66.03,100.9,9.03,9.83,10.66,4.27,,0.0,110.17,163.31,58.05,0.03,0.62,20.54,12.39,0.08
002679.SZ,福建金森,26.57,-84.29,156.68,3.62,-3.18,-3.15,0.35,,0.0,16.05,-7.14,62.17,0.03,-21.94,困境反转,亏损,0.05
600527.SH,江南高纤,45.03,169.18,200.67,2.18,0.75,0.94,0.51,,0.0,-29.7,-13.46,4.06,0.03,-14.91,537.78,359.95,0.03
002819.SZ,东方中科,63.54,-73.9,-38.94,2.01,-3.47,-2.96,-2.56,,0.0,-1.46,20.44,30.16,0.03,扣非亏损,扣非亏损,亏损,-0.97
002355.SZ,兴民智通,45.74,-20.47,-33.49,4.04,0.25,-14.68,-10.8,,0.0,101.87,-15.65,50.44,0.03,扣非亏损,危险信号,亏损,0.03
605196.SH,华通线缆,277.28,81.78,97.36,8.5,7.59,7.85,5.01,,0.0,-9.92,13.24,64.68,0.03,7.35,25.65,20.84,0.07
688536.SH,思瑞浦,240.78,145.68,-843.62,4.22,1.49,2.29,2.01,,0.0,149.03,2.45,13.72,0.03,扣非亏损,危险信号,127.24,0.03
688120.SH,华海清科,606.62,57.49,62.9,8.42,10.57,11.55,7.12,,0.0,17.61,64.26,42.44,0.03,0.98,11.9,9.95,0.12
300593.SZ,新雷能,122.02,-122.71,-30.78,6.16,-4.22,-3.71,-1.45,,0.0,29.27,-11.87,41.41,0.03,扣非亏损,扣非亏损,亏损,-0.97
920455.BJ,汇隆活塞,7.94,49.43,59.89,4.43,6.31,6.61,6.86,,0.0,8.33,4.13,12.74,0.03,14.49,18.99,14.96,0.09
300774.SZ,倍杰特,43.17,64.12,118.59,6.01,6.19,7.06,5.04,,0.0,-35.83,18.29,36.17,0.03,6.48,38.32,18.16,0.06
002943.SZ,宇晶股份,78.98,369.94,-28.42,12.48,1.03,1.82,1.63,,0.0,-61.19,39.23,67.94,0.03,扣非亏损,危险信号,406.52,0.01
603159.SH,上海亚虹,37.13,-659.76,990.59,7.41,-1.1,-0.83,-0.65,,0.0,-135.73,-10.2,16.97,0.03,-97.09,困境反转,亏损,0.03
603097.SH,江苏华辰,59.7,64.0,65.83,5.72,6.09,6.73,3.07,,0.0,13.02,23.24,63.07,0.03,2.83,21.61,19.02,0.08
002265.SZ,建设工业,230.57,577.77,301.76,6.32,0.15,0.82,0.3,,0.0,-95.15,-1.23,52.33,0.03,-244.69,4047.8,1409.18,0.03
002077.SZ,大港股份,91.81,113.85,328.06,2.74,1.32,1.82,2.08,,0.0,20.36,-21.0,17.8,0.03,-15.62,497.02,125.11,0.03
920139.BJ,华岭股份,49.47,-135.0,-122.96,4.82,-2.75,-2.64,-2.88,,0.0,0.18,-0.35,18.48,0.03,扣非亏损,扣非亏损,亏损,-0.97
600501.SH,航天晨光,103.53,-68.6,-28.95,6.01,-6.94,-6.36,-2.35,,0.0,28.74,-14.3,60.1,0.03,扣非亏损,扣非亏损,亏损,-0.97
001337.SZ,四川黄金,225.67,45.85,52.87,13.03,23.43,23.06,20.77,,0.0,99.07,8.23,23.98,0.03,6.42,4.51,3.98,0.25
688228.SH,开普云,78.14,-1619.79,416.77,5.86,-0.88,-0.28,-0.59,,0.0,46.22,11.51,24.8,0.03,36.22,困境反转,亏损,0.03
600743.SH,华远控股,45.98,-94.48,-6.28,7.27,-6.29,-5.61,0.77,,0.0,94.82,-14.99,63.65,0.03,扣非亏损,扣非亏损,亏损,-0.97
300441.SZ,鲍斯股份,48.81,23.4,25.78,2.03,6.08,6.23,5.54,,0.0,-39.23,2.75,27.57,0.03,9.36,8.47,7.51,0.15
000988.SZ,华工科技,1192.82,67.74,97.28,10.94,10.47,12.55,6.62,,0.0,42.52,5.57,51.23,0.03,17.47,18.57,10.8,0.09
002273.SZ,水晶光电,376.24,29.3,36.55,4.01,9.95,10.46,9.15,0.4,27.03,11.5,18.18,18.62,0.03,2.01,3.67,2.8,0.3
603188.SH,亚邦股份,30.56,111.08,-14.56,3.98,-1.33,2.73,1.99,,0.0,56.52,-3.31,55.48,0.03,扣非亏损,扣非亏损,81.38,-0.97
603272.SH,联翔股份,24.83,848.68,123.35,4.45,0.26,0.39,0.26,,0.0,114.7,-4.12,14.2,0.03,-29.9,945.23,4352.21,0.03
920045.BJ,蘅东光,77.29,87.49,96.84,36.18,35.72,36.43,17.4,,0.0,135.64,54.39,53.55,0.03,1.78,5.42,4.8,0.22
301129.SZ,瑞纳智能,18.45,-60.92,81.69,2.24,-3.64,-2.74,-2.47,0.31,-148.0,1.71,-3.97,20.5,0.03,-20.57,困境反转,亏损,0.05
603214.SH,爱婴室,23.4,33.53,26.77,2.03,3.35,4.51,3.92,0.76,38.53,65.9,10.86,54.36,0.03,2.47,7.99,7.44,0.16
002079.SZ,苏州固锝,83.41,100.17,153.89,2.71,0.69,2.04,1.75,,0.0,26.14,31.67,19.73,0.03,4.86,443.88,98.2,0.03
000681.SZ,视觉中国,149.52,156.33,146.95,4.27,1.98,2.06,2.21,0.05,17.6,-10.17,7.32,17.32,0.03,20.08,74.19,75.89,0.05
688433.SH,华曙高科,187.19,1976.24,1996.81,19.39,0.31,0.74,-0.05,,0.0,-85.56,16.86,23.56,0.03,118.41,13029.75,5341.2,0.03
002759.SZ,天际股份,184.3,-136.34,-14.49,5.94,-3.24,-3.24,-1.57,,0.0,46.1,2.01,41.83,0.03,扣非亏损,扣非亏损,亏损,-0.97
603332.SH,苏州龙杰,29.51,40.54,81.91,2.31,3.03,4.27,3.81,,0.0,-25.27,18.13,15.07,0.03,4.52,54.04,18.99,0.05
920394.BJ,民士达,75.61,62.66,65.48,9.81,11.69,11.96,10.07,,0.0,38.16,23.33,22.03,0.03,2.81,11.2,10.48,0.12
688510.SH,航亚科技,93.69,90.24,120.59,7.89,5.6,6.65,4.59,,0.0,-27.93,31.76,38.77,0.03,3.8,43.06,27.12,0.06
688166.SH,博瑞医药,189.21,282.01,356.64,7.93,1.91,2.01,1.07,,0.0,-73.41,7.11,52.77,0.03,50.13,374.05,280.61,0.03
688116.SH,天奈科技,162.59,62.18,69.43,4.4,5.19,5.72,4.52,,0.0,-1.79,6.3,34.44,0.03,11.02,26.77,21.74,0.07
002198.SZ,嘉应制药,39.94,137.45,109.21,5.63,2.75,2.97,3.15,,0.0,1171.96,-11.29,8.48,0.03,-9.67,79.55,92.56,0.04
300025.SZ,华星创业,29.67,-56.04,-37.3,5.53,-7.04,-7.13,-4.06,,0.0,6.42,-1.12,39.88,0.03,扣非亏损,扣非亏损,亏损,-0.97
688335.SH,复洁科技,61.6,1904.75,-122.7,5.38,-1.02,0.21,0.1,,0.0,45.07,19.21,21.32,0.03,扣非亏损,扣非亏损,18140.5,-0.97
688001.SH,华兴源创,147.35,72.92,-47.28,4.25,4.09,4.34,3.11,,0.0,277.17,-2.34,38.59,0.03,扣非亏损,危险信号,33.6,-0.01
000603.SZ,盛达资源,295.36,71.05,76.74,9.29,10.45,10.09,8.59,,0.0,71.51,7.99,46.91,0.03,9.6,14.68,14.08,0.1
002192.SZ,融捷股份,147.96,77.23,96.94,4.29,3.72,4.21,3.87,,0.0,-21.87,37.29,21.8,0.03,2.6,52.17,36.69,0.05
603496.SH,恒为科技,94.14,180.98,-405.33,6.75,2.5,2.83,2.09,0.02,8.99,-56.89,19.52,28.48,0.03,扣非亏损,危险信号,63.95,0.03
300507.SZ,苏奥传感,69.05,62.36,85.73,3.37,2.74,4.08,3.46,,0.0,-14.61,25.89,38.27,0.03,3.31,62.64,30.57,0.05
002628.SZ,成都路桥,39.12,-103.91,-48.75,1.37,-1.11,-0.98,0.52,,0.0,-92.77,-22.86,57.75,0.03,扣非亏损,扣非亏损,亏损,-0.97
000567.SZ,海德股份,107.05,47.09,-226.95,1.99,2.86,3.22,4.18,,0.0,-68.94,15.07,37.38,0.03,扣非亏损,危险信号,29.25,0.03
301198.SZ,喜悦智行,23.78,-416.19,-98.29,2.83,-0.8,-0.51,-0.19,,0.0,-315.14,0.99,23.39,0.03,扣非亏损,扣非亏损,亏损,-0.97
300276.SZ,三丰智能,81.4,213.51,421.59,5.44,1.02,1.93,0.88,,0.0,105.27,11.75,53.29,0.03,35.87,828.68,221.26,0.03
300491.SZ,通合科技,44.58,184.24,289.35,4.27,1.37,1.76,0.93,,0.0,-9.61,43.16,48.64,0.03,6.7,421.29,209.37,0.03
300547.SZ,川环科技,58.69,39.1,38.65,5.59,10.72,11.05,9.63,,0.0,-5.69,20.67,19.83,0.03,1.87,7.21,7.08,0.17
300076.SZ,GQY视讯,31.25,-74.25,-43.89,3.47,-3.96,-3.45,-3.41,,0.0,-12.66,3.4,10.31,0.03,扣非亏损,扣非亏损,亏损,-0.97
300131.SZ,英唐智控,152.38,477.39,752.92,9.39,1.44,1.48,2.25,,0.0,-44.74,-4.9,50.02,0.03,-153.73,1043.91,645.12,0.03
603893.SH,瑞芯微,703.69,67.72,74.02,16.61,19.42,19.59,17.16,0.17,0.0,120.11,8.92,17.08,0.03,8.3,7.62,6.91,0.16
300780.SZ,德恩精工,24.2,-76.25,-21.34,3.22,-4.88,-3.12,-1.29,,0.0,-15.24,-1.92,44.16,0.03,扣非亏损,扣非亏损,亏损,-0.97
600176.SH,中国巨石,1044.82,30.51,32.2,3.31,8.47,8.32,6.36,0.99,40.34,125.91,-5.76,39.4,0.03,-5.59,3.8,3.67,0.29
300081.SZ,恒信东方,30.84,-15.28,-9.29,2.9,-13.63,-13.32,-8.53,,0.0,-7.48,-4.27,54.45,0.03,扣非亏损,扣非亏损,亏损,-0.97
600337.SH,美克家居,36.64,-12.49,-4.58,1.46,-17.12,-8.37,-1.48,,0.0,15.33,-13.53,63.25,0.03,扣非亏损,扣非亏损,亏损,-0.97
300405.SZ,科隆股份,16.02,-53.61,-29.64,4.97,-9.34,-6.72,-1.27,,0.0,-3.06,-14.53,58.29,0.03,扣非亏损,扣非亏损,亏损,-0.97
688683.SH,莱尔科技,57.96,146.41,166.2,5.87,2.79,3.04,2.19,,0.0,26.7,5.54,36.41,0.03,30.01,119.12,96.32,0.04
688355.SH,明志科技,27.11,46.05,79.8,2.54,2.29,4.01,1.99,,0.0,-1.71,-2.91,23.09,0.03,-27.45,69.76,22.97,0.05
300851.SZ,交大思诺,16.86,87.3,56.41,2.11,1.54,1.8,1.47,,0.0,40.54,-0.85,11.5,0.03,-66.27,73.15,97.0,0.05
301613.SZ,新铝时代,42.04,29.42,35.63,4.54,11.07,11.88,7.38,,0.0,11.15,54.07,55.59,0.03,0.66,6.44,4.95,0.19
688708.SH,佳驰科技,81.11,68.79,55.21,6.9,6.82,7.74,7.27,,0.0,-27.56,23.38,13.02,0.03,2.36,16.18,17.78,0.09
600127.SH,金健米业,47.17,281.8,768.71,6.94,0.87,1.86,1.13,,0.0,305.5,-13.55,58.86,0.03,-56.71,1770.62,303.01,0.03
300322.SZ,硕贝德,123.41,190.66,-685.04,12.93,4.62,5.1,2.86,,0.0,4893.25,-0.53,69.12,0.03,扣非亏损,危险信号,74.77,0.03
300113.SZ,顺网科技,139.56,42.63,61.2,7.28,12.25,13.6,13.25,,0.0,39.56,18.1,14.99,0.03,3.38,9.99,6.27,0.13
600712.SH,南宁百货,34.53,9010.02,-40.16,4.38,-4.33,0.04,0.75,,0.0,-4780.48,-8.12,41.8,0.03,扣非亏损,扣非亏损,450501.08,-0.97
600698.SH,湖南天雁,64.03,4784.98,-240.89,10.69,-0.27,0.17,0.03,,0.0,79.52,-1.88,36.2,0.03,扣非亏损,扣非亏损,56293.9,-0.97
300403.SZ,汉宇集团,54.15,33.99,33.74,3.58,7.98,8.13,7.5,0.35,25.71,-5.82,0.46,15.21,0.03,72.62,4.23,4.18,0.27
002418.SZ,康盛股份,56.25,304.99,-65.34,3.91,0.79,0.97,1.04,,0.0,179.75,6.43,50.05,0.03,扣非亏损,危险信号,628.85,0.03
300587.SZ,天铁科技,69.11,-110.3,-93.91,3.56,-2.9,-2.36,-0.74,,0.0,-159.57,9.91,59.71,0.03,扣非亏损,扣非亏损,亏损,-0.97
002855.SZ,捷荣技术,30.43,-8.07,-7.4,9.31,-62.91,-61.35,-13.25,,0.0,-57.68,-23.49,84.61,0.03,扣非亏损,扣非亏损,亏损,-0.97
301372.SZ,科净源,11.59,90.64,-22.16,2.45,1.21,2.04,1.54,,0.0,124.07,-25.49,44.91,0.03,扣非亏损,危险信号,88.86,0.0
301413.SZ,安培龙,73.52,126.29,158.22,9.84,5.03,5.89,4.07,,0.0,5.52,23.31,42.05,0.03,6.79,62.9,42.88,0.05
688600.SH,皖仪科技,35.78,104.16,75.58,4.71,1.33,3.37,2.25,,0.0,126.44,10.22,41.47,0.03,7.39,113.77,61.81,0.04
300761.SZ,立华股份,137.66,47.94,27.55,2.04,3.24,3.12,2.12,0.48,55.74,-74.36,17.17,43.23,0.03,1.6,8.51,15.37,0.15
603678.SH,火炬电子,176.91,41.42,67.22,2.88,5.27,5.43,5.07,0.45,28.07,44.11,-15.47,24.78,0.03,-4.34,12.75,7.63,0.11
603033.SH,三维股份,105.51,-70.64,-34.17,3.69,-3.89,-3.78,0.25,,0.0,-351.31,16.0,71.36,0.03,扣非亏损,扣非亏损,亏损,-0.97
002654.SZ,万润科技,130.51,352.63,1176.34,8.34,0.56,1.73,1.34,,0.0,-42.09,4.35,65.32,0.03,270.64,4231.43,407.66,0.03
300606.SZ,金太阳,39.94,167.9,-295.62,6.96,3.2,3.1,2.6,,0.0,11.58,6.19,43.64,0.03,扣非亏损,危险信号,108.33,0.03
003035.SZ,南网能源,377.65,82.73,410.82,5.42,5.06,5.05,2.91,0.15,12.41,134.8,6.44,66.29,0.03,63.75,81.26,16.38,0.04
603658.SH,安图生物,199.08,17.37,20.24,2.28,9.39,9.86,8.18,,0.0,-12.36,6.2,24.57,0.03,3.26,4.31,3.52,0.26
688027.SH,国盾量子,531.27,-1926.49,-1265.95,21.16,-1.99,-0.82,-1.04,,0.0,12.19,17.79,9.66,0.03,扣非亏损,扣非亏损,亏损,-0.97
605318.SH,法狮龙,92.41,-4810.48,-623.06,14.3,-0.7,-0.22,-0.66,,0.0,74.68,-2.09,26.23,0.03,扣非亏损,扣非亏损,亏损,-0.97
000056.SZ,皇庭国际,17.71,-0.71,-3.4,-1.11,,,-58.19,,0.0,-23.01,6.91,201.63,0.03,扣非亏损,,,-10.0
002176.SZ,江特电机,170.77,-113.45,-29.32,5.03,-6.61,-3.27,-1.44,,0.0,-17.88,12.7,43.39,0.03,扣非亏损,扣非亏损,亏损,-0.97
688367.SH,工大高科,30.77,487.9,611.13,5.22,0.08,0.8,0.42,,0.0,-97.09,8.53,19.65,0.03,71.67,15730.47,1219.76,0.03
002723.SZ,小崧股份,31.55,-34.88,-14.21,3.51,-8.27,-7.31,-1.58,,0.0,-100.53,6.3,61.16,0.03,扣非亏损,扣非亏损,亏损,-0.97
688297.SH,中无人机,363.49,805.61,645.8,6.35,0.39,0.59,0.16,,0.0,123.39,-22.07,39.26,0.03,-29.27,3271.55,2730.87,0.03
300576.SZ,容大感光,87.85,104.9,120.31,8.17,6.45,6.11,5.8,,0.0,1.34,7.02,17.51,0.03,17.14,37.3,34.34,0.06
688788.SH,科思科技,94.23,-37.59,-32.11,4.86,-9.41,-9.06,-9.07,,0.0,-0.69,-20.44,8.06,0.03,扣非亏损,扣非亏损,亏损,-0.97
300278.SZ,华昌达,73.85,466.36,-244.19,4.18,-0.25,0.65,0.84,,0.0,-109.15,12.35,52.93,0.03,扣非亏损,扣非亏损,1434.94,-0.97
688052.SH,纳芯微,233.75,-142.38,-138.46,4.54,-3.0,-2.38,-1.88,,0.0,59.85,40.59,23.48,0.03,扣非亏损,扣非亏损,亏损,-0.97
300759.SZ,康龙化成,394.63,33.56,37.58,3.49,7.33,8.05,5.96,,0.0,32.04,18.9,41.16,0.03,1.99,10.26,8.34,0.13
002838.SZ,道恩股份,109.41,71.46,79.95,3.46,3.62,3.87,2.82,0.12,15.79,46.07,7.76,45.54,0.03,10.31,22.06,18.47,0.08
002742.SZ,*ST三圣,24.0,-13.22,-4.13,-5.16,,,-1.35,,0.0,-11.75,-19.97,120.54,0.03,扣非亏损,,,-10.0
920950.BJ,迅安科技,6.29,31.19,31.83,4.2,9.62,8.57,9.08,,0.0,-30.85,2.57,17.91,0.03,12.41,6.62,7.28,0.18
003040.SZ,楚天龙,78.12,-134.51,-84487.64,5.63,-3.45,-3.07,-2.58,,0.0,-58.48,-4.14,26.38,0.03,扣非亏损,扣非亏损,亏损,-0.97
300012.SZ,华测检测,217.2,23.57,27.59,3.38,10.59,11.57,9.49,0.37,17.9,9.26,12.1,21.08,0.03,2.28,2.61,2.04,0.41
300720.SZ,海川智能,85.89,260.26,261.51,16.37,4.41,4.4,4.08,,0.0,-23.69,-1.1,8.6,0.03,-238.65,118.47,118.3,0.04
300485.SZ,赛升药业,29.85,75.93,-524.48,1.54,-0.12,1.53,1.63,,0.0,-124.06,-25.94,4.75,0.03,扣非亏损,扣非亏损,99.25,-0.97
605068.SH,明新旭腾,46.32,-87.95,-18.7,3.08,-3.19,-2.39,-0.22,,0.0,-14971.46,13.44,56.49,0.03,扣非亏损,扣非亏损,亏损,-0.97
002311.SZ,海大集团,939.49,17.02,18.09,3.72,16.99,16.67,10.04,0.36,12.58,18.71,10.4,47.78,0.03,1.74,1.06,1.02,0.97
300191.SZ,潜能恒信,97.81,-583.48,-463.88,13.32,-1.69,-2.0,0.17,,0.0,56.85,6.46,71.15,0.03,扣非亏损,扣非亏损,亏损,-0.97
300565.SZ,科信技术,31.13,-36.64,-22.99,6.05,-11.72,-11.63,-3.97,,0.0,46.98,-3.85,61.64,0.03,扣非亏损,扣非亏损,亏损,-0.97
300539.SZ,横河精密,62.99,155.02,167.2,6.67,3.85,6.4,3.23,,0.0,51.09,2.75,34.63,0.03,60.85,86.91,48.44,0.04
300201.SZ,海伦哲,109.0,46.59,47.97,6.49,9.53,10.86,8.1,,0.0,18.82,3.73,35.89,0.03,12.85,10.07,8.58,0.13
301189.SZ,奥尼电子,46.86,-40.66,-33.56,2.32,-4.34,-4.23,-4.59,,0.0,-129.17,-15.33,28.05,0.03,扣非亏损,扣非亏损,亏损,-0.97
920046.BJ,亿能电力,20.9,202.2,274.23,13.23,4.91,4.94,3.81,,0.0,1.07,-3.33,44.08,0.03,-82.31,111.68,81.86,0.04
300739.SZ,明阳电路,96.12,105.33,242.64,4.02,2.65,3.05,2.66,,0.0,224.13,-5.1,27.59,0.03,-47.57,183.37,69.07,0.04
002909.SZ,集泰股份,27.66,-492.57,-748.39,3.15,-0.76,-0.47,0.71,,0.0,-164.14,-8.38,60.11,0.03,扣非亏损,扣非亏损,亏损,-0.97
920061.BJ,西磁科技,10.57,445.69,610.47,6.84,0.49,1.13,0.89,,0.0,-84.88,6.5,9.17,0.03,93.85,2500.37,788.83,0.03
002851.SZ,麦格米特,538.74,241.3,568.92,10.91,1.9,3.46,2.24,,0.0,-67.85,25.37,51.3,0.03,22.42,599.12,139.48,0.03
603683.SH,晶华新材,79.38,93.93,117.04,5.01,4.2,4.39,2.69,,0.0,8.62,10.85,46.06,0.03,10.79,55.78,42.77,0.05
002862.SZ,实丰文化,21.32,-36.2,-41.59,7.09,-8.55,-13.65,-7.59,,0.0,-12929.06,8.13,43.45,0.03,扣非亏损,扣非亏损,亏损,-0.97
002164.SZ,宁波东力,61.22,87.12,121.38,4.74,3.91,4.17,2.59,,0.0,35.89,-3.16,43.48,0.03,-38.36,62.01,41.79,0.05
603638.SH,艾迪精密,183.75,43.61,50.72,5.22,8.19,8.9,6.0,0.53,0.0,15.23,2.58,44.26,0.03,19.67,12.38,9.8,0.11
002636.SZ,金安国纪,210.41,91.72,205.33,6.07,4.41,5.04,2.28,,0.0,541.35,-9.28,44.11,0.03,-22.13,93.2,36.4,0.04
920981.BJ,晶赛科技,11.22,216.6,1395.77,4.54,0.97,1.56,1.0,,0.0,-10.68,6.74,39.03,0.03,207.19,2878.77,277.69,0.03
002357.SZ,富临运业,49.22,23.72,42.89,2.86,7.01,9.41,6.52,0.47,0.0,60.91,7.41,38.92,0.03,5.79,12.24,5.04,0.11
688617.SH,惠泰医疗,331.35,39.87,44.96,11.09,21.88,22.41,21.66,,0.0,18.5,35.88,12.24,0.03,1.25,4.11,3.56,0.27
301299.SZ,卓创资讯,40.36,61.12,65.92,6.8,7.45,8.02,6.06,1.29,50.85,-0.24,5.56,39.87,0.03,11.87,8.85,7.62,0.14
301489.SZ,思泉新材,84.9,170.13,198.07,13.29,5.84,6.0,4.55,,0.0,56.54,16.0,31.77,0.03,12.38,67.84,56.71,0.04
603488.SH,展鹏科技,30.48,-42.05,-52.65,3.38,-6.49,-5.79,-5.68,,0.0,-211.45,-1.03,33.84,0.03,扣非亏损,扣非亏损,亏损,-0.97
603121.SH,华培动力,66.62,181.59,1719.88,5.59,1.68,2.26,1.33,,0.0,-69.6,11.98,44.2,0.03,143.58,2043.95,160.7,0.03
301319.SZ,唯特偶,43.09,61.84,72.65,4.89,5.35,6.02,5.55,,0.0,3.51,13.02,23.43,0.03,5.58,27.16,20.55,0.07
002536.SZ,飞龙股份,204.54,56.48,54.92,6.25,8.94,8.57,5.17,,0.0,16.66,15.2,39.88,0.03,3.61,12.28,13.18,0.11
300034.SZ,钢研高纳,155.09,97.07,131.9,4.23,3.13,3.35,3.46,,0.0,-48.86,21.85,44.46,0.03,6.04,84.28,57.96,0.04
603959.SH,百利科技,30.01,-19.5,-8.63,126.32,-154.94,-141.68,-4.25,,0.0,28.98,44.1,98.16,0.03,扣非亏损,扣非亏损,亏损,-0.97
000678.SZ,襄阳轴承,56.76,-158.51,-86.47,7.12,-4.21,-3.36,-1.01,,0.0,-11.08,4.5,64.36,0.03,扣非亏损,扣非亏损,亏损,-0.97
600802.SH,福建水泥,27.95,-277.09,-139.14,2.53,-1.79,-0.69,-0.01,,0.0,88.67,-21.53,70.65,0.03,扣非亏损,扣非亏损,亏损,-0.97
603167.SH,渤海轮渡,44.76,12.35,20.17,1.27,5.54,7.51,10.07,4.24,181.82,2.75,10.99,11.93,0.03,1.84,3.64,1.64,0.3
603955.SH,大千生态,37.68,-76.58,-159.62,2.47,-2.41,-2.39,-2.62,,0.0,-344.15,-38.08,31.22,0.03,扣非亏损,扣非亏损,亏损,-0.97
600545.SH,卓郎智能,68.48,-21.5,-27.71,2.14,-7.71,-7.55,-1.59,,0.0,-90.36,-7.29,56.77,0.03,扣非亏损,扣非亏损,亏损,-0.97
002293.SZ,罗莱生活,84.31,18.76,18.52,2.12,7.26,8.12,6.13,1.95,89.61,23.21,-7.31,38.6,0.03,-2.53,2.55,2.31,0.42
605338.SH,巴比食品,60.97,22.73,25.55,2.69,7.73,8.94,8.59,,0.0,19.4,6.77,19.34,0.03,3.78,6.61,5.08,0.18
600141.SH,兴发集团,490.07,27.88,31.1,2.25,5.74,6.0,4.55,,0.0,-1.89,6.65,52.98,0.03,4.68,10.83,9.29,0.12
300858.SZ,科拓生物,32.98,43.68,50.3,2.43,3.71,4.2,3.82,,0.0,9.79,-5.5,5.9,0.03,-9.14,27.12,20.8,0.07
000615.SZ,*ST美谷,30.26,-35.39,-18.28,-23.08,,,-3.48,,0.0,-25.6,-10.34,102.72,0.03,扣非亏损,,,-10.0
300777.SZ,中简科技,171.1,45.93,45.52,3.97,6.25,6.44,7.2,,0.0,28.93,36.36,9.22,0.03,1.25,14.58,14.26,0.1
300812.SZ,易天股份,35.46,115.84,-80.56,6.84,3.91,4.48,2.53,,0.0,311.28,-3.14,46.5,0.03,扣非亏损,危险信号,51.71,0.01
300786.SZ,国林科技,22.74,-120.98,-71.0,2.58,-2.17,-1.61,-0.91,,0.0,37.18,6.33,33.28,0.03,扣非亏损,扣非亏损,亏损,-0.97
300893.SZ,松原安全,54.64,29.37,32.58,5.32,15.31,18.04,9.3,,0.0,35.91,38.72,47.4,0.03,0.84,4.26,3.26,0.26
000576.SZ,甘化科工,43.82,42.64,990.18,2.67,0.56,4.75,5.11,,0.0,2.72,-7.43,24.3,0.03,-133.23,3564.36,17.95,0.03
603019.SH,中科曙光,1303.27,101.2,77.41,6.19,3.65,4.67,2.73,0.08,0.0,70.17,5.79,40.67,0.03,13.36,42.39,43.34,0.05
688786.SH,悦安新材,48.89,59.71,67.84,6.55,7.89,8.43,7.24,,0.0,10.65,1.88,28.87,0.03,36.08,17.19,14.17,0.09
000973.SZ,佛塑科技,165.62,376.12,431.62,14.47,2.64,2.91,2.36,,0.0,1.24,-2.7,29.58,0.03,-159.57,327.45,258.5,0.03
300995.SZ,奇德新材,21.88,156.24,166.99,4.84,2.0,2.04,1.57,0.47,72.74,90.61,4.28,25.23,0.03,39.03,83.31,76.59,0.04
002753.SZ,永东股份,19.89,53.85,47.36,1.53,1.94,2.09,2.27,,0.0,-44.37,4.59,30.74,0.03,10.31,48.78,51.54,0.05
688383.SH,新益昌,74.54,715.33,-296.25,5.45,0.53,0.57,1.03,,0.0,-88.37,-7.81,53.55,0.03,扣非亏损,危险信号,2509.94,0.03
300726.SZ,宏达电子,101.69,44.76,67.93,3.89,5.65,6.31,7.72,,0.0,27.75,-6.71,11.56,0.03,-10.13,24.03,14.19,0.07
600315.SH,上海家化,140.36,25.97,-19.3,1.99,3.36,5.92,4.52,0.17,9.75,92.35,-9.38,32.65,0.03,扣非亏损,危险信号,4.39,-0.14
600519.SH,贵州茅台,17702.59,20.54,19.64,6.89,26.39,24.64,29.41,1.74,0.0,6.42,17.2,12.81,0.03,1.14,1.49,1.67,0.7
601208.SH,东材科技,335.28,88.87,170.81,5.57,4.4,5.91,3.44,0.37,0.0,45.06,11.45,45.35,0.03,14.91,77.7,30.08,0.04
603122.SH,合富中国,64.13,-388.29,-192.77,5.8,-1.03,-1.06,-1.0,,0.0,-153.91,-7.07,27.18,0.03,扣非亏损,扣非亏损,亏损,-0.97
300013.SZ,新宁物流,18.46,-342.61,-36.24,11.8,-13.91,-2.55,0.98,,0.0,29.97,-15.3,62.04,0.03,扣非亏损,扣非亏损,亏损,-0.97
002702.SZ,海欣食品,26.84,-86.51,-63.1,3.11,-3.33,-2.66,-0.58,,0.0,-29.06,3.29,45.35,0.03,扣非亏损,扣非亏损,亏损,-0.97
605133.SH,嵘泰股份,80.74,40.96,52.35,2.15,3.96,4.43,3.41,,0.0,14.59,26.67,41.02,0.03,1.96,26.45,18.49,0.07
000068.SZ,华控赛格,34.73,-26.03,-45.93,5.71,-7.59,-14.96,-2.03,,0.0,32.26,3.72,75.18,0.03,扣非亏损,扣非亏损,亏损,-0.97
605100.SH,华丰股份,71.2,420.2,243.04,4.01,0.56,0.7,0.05,0.22,125.0,-79.26,1.44,20.2,0.03,168.76,434.47,600.29,0.03
603728.SH,鸣志电器,257.7,387.8,376.52,8.69,1.5,1.7,1.12,,0.0,2.5,-3.34,32.74,0.03,-112.63,501.99,456.24,0.03
600763.SH,通策医疗,198.73,29.03,38.87,4.58,12.16,11.8,11.49,,0.0,2.98,1.14,25.1,0.03,34.01,6.39,4.92,0.19
300905.SZ,宝丽迪,45.52,54.93,43.19,3.02,5.41,5.53,5.86,0.62,0.0,44.72,22.52,12.71,0.03,1.92,15.96,19.87,0.09
603090.SH,宏盛股份,67.46,78.59,99.79,11.0,10.58,10.85,7.77,,0.0,41.05,9.2,30.85,0.03,10.85,18.86,14.49,0.08
000955.SZ,欣龙控股,28.37,9241.64,-397.01,4.38,-0.71,0.04,0.05,,0.0,75.87,-19.52,17.82,0.03,扣非亏损,扣非亏损,462081.99,-0.97
002591.SZ,恒大高新,16.79,-734.28,-62.04,3.42,-1.9,-0.35,-0.12,,0.0,-14.51,-4.07,24.8,0.03,扣非亏损,扣非亏损,亏损,-0.97
301306.SZ,西测测试,63.45,-65.0,-54.09,10.04,-11.09,-10.97,-5.87,,0.0,-9.76,17.72,40.51,0.03,扣非亏损,扣非亏损,亏损,-0.97
002424.SZ,ST百灵,62.84,95.57,-83.51,2.22,0.66,1.77,2.64,,0.0,-16.72,7.98,47.78,0.03,扣非亏损,危险信号,107.99,0.02
300319.SZ,麦捷科技,113.19,36.48,46.6,2.53,3.93,5.29,3.85,,0.0,-16.68,-1.63,34.65,0.03,-28.6,23.74,13.79,0.07
300067.SZ,安诺其,45.66,-114.13,-100.25,2.25,-1.67,-1.47,-1.01,,0.0,-468.78,-0.19,28.87,0.03,扣非亏损,扣非亏损,亏损,-0.97
600962.SH,国投中鲁,53.57,140.78,95.32,5.68,2.74,3.09,2.99,,0.0,1371.69,12.95,50.47,0.03,7.36,69.65,91.12,0.04
603061.SH,金海通,141.01,79.88,82.44,8.73,8.51,8.95,7.82,0.27,0.0,222.43,0.0,21.32,0.03,28103.26,19.38,17.85,0.08
688163.SH,赛伦生物,26.01,30.37,75.68,2.31,5.08,5.71,6.43,0.55,40.0,12.15,-1.62,3.14,0.03,-46.63,14.89,5.32,0.1
301272.SZ,英华特,14.38,100.32,90.97,2.65,1.44,1.96,1.4,0.19,0.0,-68.26,16.13,19.21,0.03,5.64,126.15,102.37,0.04
920438.BJ,戈碧迦,55.8,201.07,197.78,5.88,2.13,2.24,1.79,,0.0,-62.55,23.28,37.89,0.03,8.5,185.9,179.53,0.03
002716.SZ,湖南白银,314.32,180.54,202.66,11.34,4.34,4.32,4.23,,0.0,88.91,61.26,53.79,0.03,3.31,93.38,83.58,0.04
603213.SH,镇洋发展,60.55,89.62,68.06,3.26,2.61,2.66,2.6,,0.0,-65.49,13.56,41.46,0.03,5.02,52.18,67.38,0.05
000518.SZ,*ST四环,29.96,-176.97,-37.74,8.35,-4.03,-3.48,-2.35,,0.0,9.61,-16.48,24.29,0.03,扣非亏损,扣非亏损,亏损,-0.97
603058.SH,永吉股份,52.53,39.99,70.9,4.22,5.2,7.89,7.98,,0.0,-44.84,28.57,29.46,0.03,2.48,27.26,10.14,0.07
300941.SZ,创识科技,22.99,216.73,104.78,3.47,1.17,1.19,1.26,0.03,23.33,-43.96,-19.92,8.28,0.03,-5.26,89.62,182.12,0.04
002197.SZ,证通电子,44.48,-58.19,-15.56,2.47,-3.21,-3.12,0.03,,0.0,-2.22,-8.35,62.21,0.03,扣非亏损,扣非亏损,亏损,-0.97
688013.SH,天臣医疗,33.03,34.43,44.38,5.51,11.21,12.52,10.58,1.04,83.33,71.85,8.42,11.3,0.03,5.27,3.96,2.75,0.28
603132.SH,金徽股份,172.42,37.37,36.51,5.47,10.17,10.48,7.03,1.36,76.92,-7.29,7.48,59.41,0.03,4.88,3.59,3.57,0.31
688072.SH,拓荆科技,957.21,129.0,127.83,15.7,8.05,9.78,3.52,,0.0,599.67,78.44,67.72,0.03,1.63,31.74,26.38,0.06
000516.SZ,国际医学,115.75,-30.02,-31.01,3.52,-8.89,-8.37,-2.44,,0.0,-41.94,22.48,68.8,0.03,扣非亏损,扣非亏损,亏损,-0.97
300855.SZ,图南股份,117.86,96.74,123.43,8.07,6.12,6.23,5.06,0.31,41.67,-53.64,24.3,31.06,0.03,5.08,20.18,15.53,0.08
300515.SZ,三德科技,38.84,25.8,23.8,4.59,12.57,14.49,10.05,,0.0,46.11,14.84,35.31,0.03,1.6,3.79,3.56,0.29
603567.SH,珍宝岛,71.41,-14.38,-20.12,0.98,-5.33,-4.9,-2.87,,0.0,-212.93,-12.42,38.22,0.03,扣非亏损,扣非亏损,亏损,-0.97
000545.SZ,金浦钛业,38.82,-12.53,-9.2,4.26,-22.74,-22.6,-9.31,,0.0,-301.94,-6.62,53.12,0.03,扣非亏损,扣非亏损,亏损,-0.97
300535.SZ,达威股份,17.0,65.56,85.67,2.46,2.54,2.86,2.56,,0.0,-15.91,8.98,30.7,0.03,9.54,67.34,45.85,0.04
605028.SH,世茂能源,46.18,29.56,37.89,3.38,5.73,8.55,8.59,1.02,76.92,-29.51,-2.28,11.66,0.03,-16.59,6.61,3.46,0.18
688418.SH,震有科技,77.48,-123.16,-145.27,8.88,-6.94,-5.3,-1.86,,0.0,-27120.79,29.46,44.63,0.03,扣非亏损,扣非亏损,亏损,-0.97
300281.SZ,金明精机,29.28,258.72,-138.59,2.44,-0.55,0.71,0.59,0.24,0.0,-545.08,-3.35,14.89,0.03,扣非亏损,扣非亏损,728.79,-0.97
300343.SZ,ST联创,71.97,328.68,-915.11,3.75,0.36,0.84,0.66,,0.0,124.44,-17.83,19.84,0.03,扣非亏损,危险信号,782.57,0.03
600897.SH,厦门空港,68.71,13.41,18.26,1.46,7.26,8.33,9.43,,0.0,13.9,20.07,17.21,0.03,0.91,5.03,3.22,0.23
301031.SZ,中熔电气,94.93,42.02,44.46,9.64,18.65,18.92,11.15,0.06,5.04,102.55,56.85,49.17,0.03,0.78,2.38,2.22,0.45
300573.SZ,兴齐眼药,134.59,21.91,26.76,9.42,34.55,32.91,30.47,1.0,51.47,105.76,23.81,23.24,0.03,1.12,0.77,0.67,1.32
688601.SH,力芯微,72.73,189.83,236.23,5.86,1.4,2.28,0.43,,0.0,-80.93,1.19,9.76,0.03,199.08,338.64,166.52,0.03
000657.SZ,中钨高新,814.66,113.29,166.13,12.94,8.96,9.51,5.98,,0.0,407.52,4.44,48.62,0.03,37.38,37.06,23.82,0.06
603139.SH,康惠股份,27.89,-15.78,-17.56,3.85,-17.23,-15.76,-6.83,,0.0,-206.44,10.46,60.48,0.03,扣非亏损,扣非亏损,亏损,-0.97
300655.SZ,晶瑞电材,172.13,101.18,-159.58,6.79,1.96,5.01,4.19,0.06,15.2,528.19,-6.61,26.65,0.03,扣非亏损,危险信号,20.2,0.02
603895.SH,天永智能,31.08,192.02,-20.73,16.04,5.44,6.47,1.69,,0.0,149.48,-1.14,90.73,0.03,扣非亏损,危险信号,59.36,-0.1
000430.SZ,ST张家界,27.68,-202.53,-11.02,22.59,-11.81,-8.03,0.21,,0.0,49.86,62.15,87.24,0.03,扣非亏损,扣非亏损,亏损,-0.97
300136.SZ,信维通信,528.8,95.66,111.33,8.08,5.73,6.48,4.5,,0.0,4.69,5.67,43.43,0.03,19.63,38.88,29.52,0.05
688248.SH,南网科技,396.42,103.7,114.23,12.39,8.95,9.23,6.67,0.29,41.94,0.73,29.91,32.46,0.03,3.82,12.77,11.23,0.11
920010.BJ,凯添燃气,22.3,82.63,91.62,4.37,3.92,4.01,3.64,,0.0,-21.32,6.3,31.35,0.03,14.54,46.79,41.21,0.05
300763.SZ,锦浪科技,331.75,35.59,50.74,4.51,9.21,9.93,5.15,,0.0,27.32,29.54,54.48,0.03,1.72,11.02,7.17,0.12
000586.SZ,汇源通信,30.6,155.46,803.96,9.04,3.54,4.46,3.35,,0.0,454.14,-1.5,43.66,0.03,-536.4,453.68,69.71,0.03
600815.SH,厦工股份,55.71,-664.73,-73.86,3.67,-3.14,-0.41,0.4,,0.0,-35.07,-23.48,23.81,0.03,扣非亏损,扣非亏损,亏损,-0.97
300046.SZ,台基股份,78.5,103.87,178.29,6.87,3.69,5.03,4.92,,0.0,-7.91,2.86,8.46,0.03,62.25,96.71,41.3,0.04
600530.SH,交大昂立,43.4,1834.36,2413.21,13.63,-1.21,0.55,1.83,,0.0,-3521.34,-2.56,49.38,0.03,-943.52,-3978.58,6670.39,0.03
688385.SH,复旦微电,377.46,130.89,150.68,9.33,5.02,5.45,3.61,,0.0,-21.21,12.92,26.66,0.03,11.66,60.01,48.03,0.04
002230.SZ,科大讯飞,1134.03,-1347.05,376.06,6.73,-1.9,-0.38,-0.28,,0.0,27.83,8.66,56.41,0.03,43.44,困境反转,亏损,0.03
600550.SH,保变电气,315.64,162.22,321.81,40.32,12.05,21.11,2.97,,0.0,9.16,6.88,87.83,0.03,46.78,53.43,15.37,0.05
301293.SZ,三博脑科,141.28,162.16,200.95,7.74,3.67,3.59,3.56,,0.0,-4.85,8.5,29.57,0.03,23.63,109.64,90.34,0.04
600410.SH,华胜天成,313.49,65.61,605.89,6.61,-0.73,7.83,5.42,,0.0,70.32,4.0,42.94,0.03,151.43,-1665.92,16.76,0.09
002245.SZ,蔚蓝锂芯,195.66,30.41,28.25,2.81,7.54,7.13,5.8,,0.0,131.86,2.18,34.05,0.03,12.95,7.5,8.53,0.16
300762.SZ,上海瀚讯,229.08,-356.77,-196.86,9.81,-2.85,-2.05,-3.38,,0.0,33.53,-18.01,38.41,0.03,扣非亏损,扣非亏损,亏损,-0.97
301181.SZ,标榜股份,39.64,42.12,50.4,3.55,5.17,6.27,6.15,0.45,37.74,11.0,2.8,12.29,0.03,18.0,9.76,6.72,0.13
688083.SH,中望软件,99.16,-182.06,-76.13,3.82,-5.07,-1.54,-1.52,,0.0,-41.01,14.05,17.72,0.03,扣非亏损,扣非亏损,亏损,-0.97
002063.SZ,远光软件,127.87,84.1,45.68,3.68,3.29,3.32,2.58,,0.0,12.86,7.92,14.29,0.03,5.77,27.79,50.66,0.06
300738.SZ,奥飞数据,223.38,115.21,164.75,6.36,4.18,4.19,3.05,,0.0,27.88,24.96,75.83,0.03,6.6,78.87,54.99,0.04
000688.SZ,国城矿业,431.36,71.82,-122.51,12.93,-6.3,13.97,7.9,,0.0,-446.18,9.39,58.82,0.03,扣非亏损,扣非亏损,10.28,-0.97
002028.SZ,思源电气,1290.47,56.58,65.89,11.44,15.17,16.11,10.17,,0.0,44.87,21.16,45.94,0.03,3.11,8.69,7.02,0.14
301137.SZ,哈焊华通,105.91,304.42,261.77,7.72,1.23,1.9,1.56,,0.0,397.16,-2.77,39.67,0.03,-94.56,424.51,320.44,0.03
603598.SH,引力传媒,52.94,195.22,-321.74,25.43,10.08,10.41,2.02,,0.0,4.28,6.97,87.83,0.03,扣非亏损,危险信号,37.51,0.01
920199.BJ,倍益康,17.7,712.1,947.21,6.05,-0.29,0.64,0.48,,0.0,-109.22,-2.85,26.56,0.03,-332.15,-6448.01,2225.3,0.03
002167.SZ,东方锆业,105.66,209.53,-441.89,6.17,2.23,2.23,1.8,,0.0,182.78,6.25,21.76,0.03,扣非亏损,危险信号,187.92,0.02
688607.SH,康众医疗,48.03,10351.87,-2113.16,5.59,-0.51,0.01,0.28,,0.0,-212.39,0.84,13.17,0.03,扣非亏损,扣非亏损,2070374.08,-0.97
605188.SH,国光连锁,85.65,559.3,-1141.41,7.26,0.23,1.0,1.56,,0.0,828.0,7.88,57.75,0.03,扣非亏损,危险信号,1118.6,0.03
000669.SZ,ST金鸿,33.07,-53.65,-27.72,-297.88,-271.38,,-0.59,,0.0,63.26,-10.73,96.66,0.03,扣非亏损,扣非亏损,,-0.97
300397.SZ,天和防务,52.84,-61.02,-52.59,4.69,-5.69,-5.6,-3.2,,0.0,-29.91,-8.51,46.0,0.03,扣非亏损,扣非亏损,亏损,-0.97
920008.BJ,成电光信,10.1,267.63,88.53,6.12,1.51,1.73,1.5,,0.0,-84.39,32.07,36.19,0.03,2.76,117.5,309.4,0.04
603716.SH,塞力医疗,51.08,-43.91,-24.15,4.83,-10.13,-9.71,-1.84,,0.0,-292.71,-11.35,49.61,0.03,扣非亏损,扣非亏损,亏损,-0.97
002155.SZ,湖南黄金,515.32,37.57,41.1,6.75,14.5,14.16,14.34,,0.0,57.3,12.08,15.16,0.03,3.4,5.67,5.31,0.2
603358.SH,华达科技,217.88,43.44,184.59,5.94,3.52,10.5,6.47,0.3,0.0,-37.85,2.85,45.88,0.03,64.71,104.73,8.27,0.04
300175.SZ,ST朗源,30.6,-299.97,-173.54,5.93,-2.06,-1.48,-0.99,,0.0,67.27,0.29,12.51,0.03,扣非亏损,扣非亏损,亏损,-0.97
000025.SZ,特力A,66.77,44.47,50.99,4.05,6.6,6.98,5.97,,0.0,17.35,75.57,25.57,0.03,0.67,15.45,12.74,0.09
688409.SH,富创精密,278.93,558.09,1603.69,6.06,0.44,0.82,1.07,,0.0,-88.51,54.69,47.78,0.03,29.32,7352.98,1361.2,0.03
600114.SH,东睦股份,190.46,35.24,37.66,6.02,13.29,14.07,7.9,0.98,0.0,53.14,13.53,49.55,0.03,2.78,5.67,5.01,0.2
603580.SH,*ST艾艾,19.68,110.99,444.72,4.67,3.03,3.15,1.8,,0.0,193.95,-11.38,37.08,0.03,-39.08,293.21,70.47,0.03
002531.SZ,天顺风能,221.93,240.12,-560.18,2.48,0.65,0.78,1.42,,0.0,-80.35,-13.3,61.71,0.03,扣非亏损,危险信号,615.68,0.03
002134.SZ,天津普林,52.43,260.28,328.82,10.33,2.72,3.1,1.22,,0.0,-52.01,22.94,62.92,0.03,14.34,241.95,167.93,0.03
301089.SZ,拓新药业,25.76,-89.08,-67.78,2.35,-2.34,-1.96,-2.12,,0.0,-247.54,4.37,9.89,0.03,扣非亏损,扣非亏损,亏损,-0.97
002632.SZ,道明光学,77.27,34.65,48.04,3.87,7.63,8.24,6.61,1.04,71.19,27.26,3.99,28.95,0.03,12.03,6.3,4.21,0.19
300835.SZ,龙磁科技,69.32,56.51,77.69,8.41,10.48,11.79,6.48,,0.0,34.99,13.33,50.47,0.03,5.83,14.83,9.59,0.09
300903.SZ,科翔股份,132.41,-109.99,-58.14,10.18,-7.4,-6.69,-1.79,,0.0,32.9,14.68,73.61,0.03,扣非亏损,扣非亏损,亏损,-0.97
301012.SZ,扬电科技,61.79,133.62,131.84,5.3,2.82,3.0,2.57,,0.0,-38.12,48.85,24.87,0.03,2.7,93.47,89.08,0.04
300269.SZ,联建光电,45.21,194.23,629.22,43.94,6.66,18.68,2.38,,0.0,149.47,-10.83,85.29,0.03,-58.09,188.87,20.8,0.03
300285.SZ,国瓷材料,319.54,58.03,62.63,5.4,6.96,7.09,6.71,0.18,15.15,5.28,8.96,21.41,0.03,6.99,9.0,8.18,0.14
002366.SZ,融发核电,164.31,-189.09,-244.78,4.05,-1.41,-1.59,-0.87,,0.0,-167.7,34.72,36.12,0.03,扣非亏损,扣非亏损,亏损,-0.97
002952.SZ,亚世光电,35.75,267.89,950.19,5.13,0.79,1.44,1.28,,0.0,-45.77,9.67,22.46,0.03,98.25,2402.51,372.07,0.03
300164.SZ,通源石油,115.71,155.74,351.75,8.01,2.15,3.96,3.75,,0.0,-28.94,17.65,27.74,0.03,19.93,327.34,78.66,0.03
300043.SZ,星辉娱乐,73.0,20.42,-31362.66,4.25,13.85,16.99,7.81,,0.0,189.14,0.19,50.46,0.03,扣非亏损,危险信号,2.4,0.03
300626.SZ,华瑞股份,35.01,192.37,-481.52,6.62,2.1,2.61,2.02,,0.0,-22.2,-6.49,39.86,0.03,扣非亏损,危险信号,147.41,0.02
600198.SH,大唐电信,114.31,-173.14,-337.03,41.74,-17.58,-0.25,1.62,,0.0,58.66,-10.23,77.89,0.03,扣非亏损,扣非亏损,亏损,-0.97
605005.SH,合兴股份,79.76,39.19,35.94,3.91,7.47,7.62,6.53,,0.0,-17.72,6.5,19.85,0.03,5.53,9.62,10.29,0.13
688296.SH,和达科技,16.72,-34.74,-32.78,2.64,-6.12,-5.37,-5.21,,0.0,-975.2,1.8,33.06,0.03,扣非亏损,扣非亏损,亏损,-0.97
603626.SH,科森科技,129.29,-84.48,-36.39,6.06,-8.17,-5.22,-1.67,,0.0,26.95,-3.78,58.34,0.03,扣非亏损,扣非亏损,亏损,-0.97
603848.SH,好太太,67.04,35.11,34.63,2.68,5.63,5.76,4.45,,0.0,-26.59,3.78,15.94,0.03,9.17,12.31,12.19,0.11
603505.SH,金石资源,175.91,55.99,73.53,9.76,13.59,13.82,6.24,0.37,0.0,-8.05,42.12,66.61,0.03,1.75,10.82,8.1,0.12
002005.SZ,ST德豪,52.21,43.45,-27.47,14.15,-15.45,33.87,7.3,,0.0,27.07,-27.63,63.53,0.03,扣非亏损,扣非亏损,2.57,-0.97
002364.SZ,中恒电气,183.39,191.38,192.57,7.66,2.85,3.0,1.56,,0.0,23.21,3.76,37.26,0.03,51.28,134.94,127.59,0.03
300807.SZ,天迈科技,26.15,-167.38,-127.86,7.29,-4.11,-3.21,-2.15,,0.0,63.44,-5.77,24.42,0.03,扣非亏损,扣非亏损,亏损,-0.97
688269.SH,凯立新材,59.17,53.41,51.55,5.75,8.63,8.16,4.94,,0.0,51.96,2.58,49.02,0.03,19.96,11.94,13.09,0.11
301358.SZ,湖南裕能,603.62,70.25,82.91,4.92,5.31,5.4,2.65,,0.0,33.32,152.25,66.66,0.03,0.54,31.22,26.02,0.06
688025.SH,杰普特,213.86,78.71,100.41,9.7,9.39,9.66,7.6,,0.0,117.15,6.97,29.18,0.03,14.41,21.38,16.3,0.07
002519.SZ,银河电子,91.4,-171.88,-10.39,4.01,-2.18,-1.73,-1.16,,0.0,-199.38,-25.02,31.24,0.03,扣非亏损,扣非亏损,亏损,-0.97
300125.SZ,*ST聆达,31.72,-34.32,-12.03,-8.8,,,-10.39,,0.0,76.64,-30.75,172.63,0.03,扣非亏损,,,-10.0
600406.SH,国电南瑞,2339.18,36.24,30.49,4.77,9.42,9.68,6.15,0.65,39.73,7.04,10.57,43.18,0.03,2.89,3.24,3.74,0.34
300350.SZ,华鹏飞,30.79,546.33,-889.7,3.97,0.53,0.55,0.57,,0.0,128.78,-14.04,32.28,0.03,扣非亏损,危险信号,1986.64,0.03
688021.SH,奥福科技,21.3,-23488.19,-92.3,2.48,-0.47,-0.01,0.35,,0.0,88.37,0.02,26.25,0.03,扣非亏损,扣非亏损,亏损,-0.97
300965.SZ,恒宇信通,31.27,98.14,176.41,2.74,1.24,2.07,1.74,0.33,77.73,38.4,57.3,16.8,0.03,3.08,142.05,47.41,0.03
603866.SH,桃李面包,85.58,21.53,23.02,1.64,5.58,5.77,6.03,,0.0,-30.33,-1.1,28.59,0.03,-20.84,8.26,7.46,0.15
920592.BJ,华信永道,16.45,-59.76,292.93,7.68,-9.24,-8.99,-8.17,,0.0,10.13,-3.28,27.88,0.03,-89.38,困境反转,亏损,0.1
002253.SZ,*ST智胜,21.43,-26.95,-19.01,2.18,-6.42,-5.89,-6.61,,0.0,-109.53,-17.77,27.71,0.03,扣非亏损,扣非亏损,亏损,-0.97
688129.SH,东来技术,29.84,32.59,55.42,3.16,4.76,7.84,5.43,,0.0,4.79,8.9,43.3,0.03,6.23,23.29,8.31,0.07
002149.SZ,西部材料,212.49,230.15,393.77,7.29,1.66,2.33,1.38,0.22,79.81,-50.8,7.94,52.32,0.03,49.58,236.66,98.78,0.03
603059.SH,倍加洁,32.72,31.84,-52.3,3.11,7.03,7.46,5.05,0.27,18.6,86.36,8.15,49.75,0.03,扣非亏损,危险信号,4.27,-0.11
002528.SZ,ST英飞拓,38.96,-44.99,-10.88,43.95,-68.37,-53.61,-3.0,,0.0,7.07,-31.25,95.8,0.03,扣非亏损,扣非亏损,亏损,-0.97
603616.SH,韩建河山,26.21,205.06,-14.66,10.63,3.11,4.12,1.14,,0.0,117.26,-6.67,85.3,0.03,扣非亏损,危险信号,99.54,-0.08
600172.SH,黄河旋风,131.71,-21.35,-13.82,15.07,-41.77,-41.86,-3.96,,0.0,-17.61,-20.39,86.73,0.03,扣非亏损,扣非亏损,亏损,-0.97
688478.SH,晶升股份,34.52,-307.62,-201.79,3.01,-1.75,-0.72,-0.99,,0.0,-204.65,33.79,9.57,0.03,扣非亏损,扣非亏损,亏损,-0.97
601069.SH,西部黄金,313.18,81.45,60.89,7.06,8.81,5.02,3.94,,0.0,134.59,11.88,68.49,0.03,5.13,13.83,32.45,0.1
300689.SZ,澄天伟业,49.47,341.22,487.74,8.18,0.91,1.82,1.74,,0.0,204.03,-2.84,12.86,0.03,-171.86,1069.61,374.97,0.03
300511.SZ,雪榕生物,40.6,-55.89,-8.62,3.2,-7.11,-5.35,-0.29,,0.0,52.75,2.45,62.55,0.03,扣非亏损,扣非亏损,亏损,-0.97
301486.SZ,致尚科技,120.13,98.04,2411.06,8.16,-0.07,6.41,6.82,,0.0,-103.42,24.97,14.31,0.03,96.57,-66238.02,30.59,0.06
300465.SZ,高伟达,73.75,259.11,300.15,10.99,2.27,3.23,2.16,,0.0,-23.47,-18.53,45.54,0.03,-16.2,263.92,160.44,0.03
688102.SH,斯瑞新材,284.4,209.1,226.29,16.59,6.96,9.29,4.99,0.1,0.0,41.39,11.35,40.34,0.03,19.93,65.01,45.02,0.04
688765.SH,禾元生物,28.97,-156.31,-143.31,50.86,-23.94,-22.43,-9.29,,0.0,-7.89,12.5,66.06,0.03,扣非亏损,扣非亏损,亏损,-0.97
300377.SZ,赢时胜,133.35,-251.58,-60.32,5.75,-1.98,-1.7,-2.12,,0.0,-245.56,11.18,7.96,0.03,扣非亏损,扣非亏损,亏损,-0.97
301036.SZ,双乐股份,21.41,46.1,43.18,1.83,2.91,3.01,3.23,,0.0,-46.95,5.94,10.48,0.03,7.28,29.69,30.63,0.06
600226.SH,亨通股份,179.06,71.19,210.63,4.96,3.43,5.37,4.5,,0.0,-20.86,33.99,25.54,0.03,6.2,122.93,26.51,0.03
002951.SZ,金时科技,66.35,-145.72,-103.67,3.99,-2.04,-1.88,-1.93,,0.0,-5.22,291.49,15.7,0.03,扣非亏损,扣非亏损,亏损,-0.97
920284.BJ,灵鸽科技,24.12,387.42,-119.26,11.87,1.86,2.32,1.49,,0.0,150.44,5.25,53.98,0.03,扣非亏损,危险信号,333.98,0.02
920223.BJ,荣亿精密,14.38,-198.47,-135.05,11.05,-4.1,-4.08,-2.63,,0.0,54.4,3.76,56.92,0.03,扣非亏损,扣非亏损,亏损,-0.97
301382.SZ,蜂助手,61.52,55.61,57.47,5.38,7.33,7.42,5.41,,0.0,46.6,29.2,44.96,0.03,1.97,15.68,14.99,0.09
603032.SH,德新科技,43.18,87.83,-32.46,3.82,2.92,3.33,3.88,,0.0,604.7,25.32,24.44,0.03,扣非亏损,危险信号,52.75,-0.02
000547.SZ,航天发展,493.1,-76.1,-30.74,10.55,-10.43,-9.89,-5.15,,0.0,13.25,-21.02,46.33,0.03,扣非亏损,扣非亏损,亏损,-0.97
688295.SH,中复神鹰,405.18,482.86,-672.66,8.64,1.06,1.35,0.87,,0.0,165.88,17.39,50.31,0.03,扣非亏损,危险信号,715.35,0.02
600113.SH,浙江东日,229.25,162.9,188.21,9.19,4.47,4.52,4.08,0.21,0.0,7.28,6.77,25.63,0.03,27.81,84.14,72.08,0.04
300776.SZ,帝尔激光,138.96,34.25,37.56,6.06,12.67,13.46,8.37,,0.0,31.52,17.35,41.57,0.03,2.16,5.93,5.09,0.19
688125.SH,安达智能,220.97,-171.81,-200.88,11.92,-4.59,-5.24,-5.66,,0.0,-734.51,8.92,22.44,0.03,扣非亏损,扣非亏损,亏损,-0.97
920729.BJ,永顺生物,6.82,60.12,80.94,3.66,3.25,4.57,4.38,,0.0,-4.43,-9.45,16.22,0.03,-8.56,49.79,26.31,0.05
688578.SH,艾力斯,425.3,19.74,23.6,6.54,24.64,27.92,28.15,0.38,17.09,43.62,93.55,10.48,0.03,0.25,0.96,0.71,1.07
688375.SH,国博电子,667.48,202.58,158.93,10.77,3.92,3.97,2.98,,0.0,-18.93,4.55,20.88,0.03,34.93,81.16,102.06,0.04
688697.SH,纽威数控,73.72,26.8,28.41,4.22,10.46,11.62,5.59,,0.0,-9.8,13.2,59.92,0.03,2.15,5.43,4.61,0.21
688661.SH,和林微纳,140.5,286.49,433.99,11.35,2.72,3.01,2.35,,0.0,276.1,25.38,20.35,0.03,17.1,318.56,190.36,0.03
603166.SH,福达股份,92.46,31.55,34.54,3.64,8.33,8.95,5.86,,0.0,77.68,1.18,45.07,0.03,29.27,8.3,7.05,0.15
002199.SZ,*ST东晶,19.26,-36.91,-25.73,10.1,-21.34,-18.61,-7.69,,0.0,8.65,-6.47,57.5,0.03,扣非亏损,扣非亏损,亏损,-0.97
920245.BJ,威博液压,10.37,62.78,94.59,3.9,3.95,4.72,3.3,,0.0,-22.06,2.51,41.36,0.03,37.63,47.86,26.6,0.05
600497.SH,驰宏锌锗,497.99,28.21,37.48,2.97,7.84,7.91,6.53,0.41,16.38,-5.02,-4.57,25.8,0.03,-8.2,4.78,3.57,0.23
301195.SZ,北路智控,29.78,32.12,29.63,1.86,3.9,4.37,3.53,,0.0,-21.78,25.37,13.52,0.03,1.17,15.21,14.7,0.09
000793.SZ,*ST华闻,56.08,-42.27,-11.14,49.87,-69.26,-61.31,-1.58,,0.0,-0.43,-24.29,80.79,0.02,扣非亏损,扣非亏损,亏损,-0.98
600721.SH,百花医药,35.46,81.38,92.4,4.47,3.92,4.21,3.39,,0.0,40.18,11.45,29.16,0.02,8.07,47.15,38.66,0.05
300781.SZ,因赛集团,45.05,167.2,-102.15,9.14,3.96,4.21,4.43,,0.0,-24.52,17.65,25.56,0.02,扣非亏损,危险信号,79.43,0.01
600539.SH,狮头股份,27.81,-127.29,-116.81,9.27,-1.56,-1.23,0.02,,0.0,50.91,3.01,24.05,0.02,扣非亏损,扣非亏损,亏损,-0.98
603179.SH,新泉股份,386.53,46.56,41.88,6.21,10.28,10.61,4.36,,0.0,-6.95,42.75,63.08,0.02,0.98,8.15,8.78,0.15
300470.SZ,中密控股,75.65,21.49,21.44,2.87,9.5,9.95,9.32,1.33,54.91,2.43,11.49,19.54,0.02,1.87,2.26,2.16,0.47
603938.SH,三孚股份,104.07,121.7,170.23,4.19,2.27,2.61,2.34,,0.0,61.26,9.72,24.42,0.02,17.52,149.68,93.26,0.03
688353.SH,华盛锂电,180.25,-131.28,-107.62,5.46,-3.44,-3.04,-3.06,,0.0,26.07,-19.3,19.31,0.02,扣非亏损,扣非亏损,亏损,-0.98
688583.SH,思看科技,40.97,111.51,114.31,10.18,7.43,7.31,7.96,0.16,23.44,-10.16,27.4,9.57,0.02,4.17,15.39,15.25,0.09
600734.SH,实达集团,88.86,-76.12,-84.49,28.64,-21.07,-24.73,-7.4,,0.0,-78.23,-17.21,72.4,0.02,扣非亏损,扣非亏损,亏损,-0.98
300482.SZ,万孚生物,82.98,50.61,46.86,1.67,1.5,2.47,2.25,,0.0,-78.67,9.51,16.42,0.02,4.93,62.69,40.98,0.04
002112.SZ,三变科技,66.15,138.66,100.07,8.52,4.35,5.42,2.59,,0.0,-56.71,28.21,62.07,0.02,3.55,45.98,51.17,0.05
688079.SH,美迪凯,54.97,-51.32,-46.61,4.29,-6.3,-6.13,-2.39,,0.0,-47.26,7.68,58.88,0.02,扣非亏损,扣非亏损,亏损,-0.98
600302.SH,标准股份,35.5,-57.9,-22.95,5.98,-7.68,-7.48,-6.34,,0.0,14.18,-33.28,36.6,0.02,扣非亏损,扣非亏损,亏损,-0.98
603706.SH,东方环宇,38.6,20.94,20.49,2.33,7.55,8.05,6.81,,0.0,5.4,13.59,30.9,0.02,1.51,5.43,5.2,0.21
301290.SZ,东星医疗,19.9,-41.24,-63.83,1.37,-3.18,-2.44,-1.74,,0.0,-263.18,-0.83,10.77,0.02,扣非亏损,扣非亏损,亏损,-0.98
688378.SH,奥来德,92.43,239.86,-371.52,6.02,-0.36,1.84,0.87,,0.0,-109.25,9.59,29.22,0.02,扣非亏损,扣非亏损,260.72,-0.98
000820.SZ,*ST节能,9.83,-191.74,-101.16,14.37,-5.75,-5.67,-3.15,,0.0,45.07,3.06,60.71,0.02,扣非亏损,扣非亏损,亏损,-0.98
002963.SZ,豪尔赛,19.45,-67.75,-15.33,1.84,-2.4,-1.97,-2.17,,0.0,-317.9,-10.28,25.22,0.02,扣非亏损,扣非亏损,亏损,-0.98
300623.SZ,捷捷微电,230.45,54.02,51.98,4.23,5.91,5.94,5.01,,0.0,23.13,17.81,31.09,0.02,2.92,17.6,18.19,0.08
000509.SZ,华塑控股,42.28,-321.75,-290.85,34.02,-9.43,-7.63,0.1,,0.0,7.86,74.39,76.45,0.02,扣非亏损,扣非亏损,亏损,-0.98
300672.SZ,国科微,338.2,3535.38,-620.94,8.58,-0.56,0.18,-0.42,,0.0,-150.69,6.46,46.64,0.02,扣非亏损,扣非亏损,39282.01,-0.98
600520.SH,三佳科技,42.81,634.38,741.78,11.03,0.86,1.32,0.55,,0.0,-60.42,-10.14,49.53,0.02,-73.17,1732.31,961.19,0.02
301377.SZ,鼎泰高科,128.41,196.93,232.64,27.9,10.23,10.75,8.56,0.29,0.0,79.94,9.22,34.45,0.02,25.22,45.48,36.64,0.05
600674.SH,川投能源,766.29,13.61,17.89,1.73,9.73,9.54,7.03,,0.0,-4.16,8.45,32.83,0.02,2.12,3.68,2.85,0.3
603196.SH,日播时尚,65.67,200.69,-100.45,17.07,0.42,6.59,5.16,,0.0,105.9,-4.97,36.07,0.02,扣非亏损,危险信号,60.91,0.02
300103.SZ,达刚控股,24.63,-72.5,-21.66,5.07,-5.09,-5.1,-3.11,,0.0,16.32,-45.1,35.6,0.02,扣非亏损,扣非亏损,亏损,-0.98
300430.SZ,诚益通,54.31,63.1,94.33,2.49,2.84,3.0,1.86,,0.0,-30.49,2.87,39.65,0.02,32.87,66.35,42.07,0.04
300663.SZ,科蓝软件,69.5,-516.54,-13.44,9.61,-1.71,-1.3,0.76,,0.0,-18.87,-12.65,64.6,0.02,扣非亏损,扣非亏损,亏损,-0.98
600592.SH,龙溪股份,87.38,56.04,223.31,3.44,3.35,4.56,3.86,0.16,27.76,-17.05,7.88,26.57,0.02,28.33,66.68,12.29,0.04
002877.SZ,智能自控,23.31,152.59,1313.0,2.84,1.19,1.43,2.36,,0.0,-55.53,14.32,49.72,0.02,91.71,2206.17,213.42,0.02
301018.SZ,申菱环境,201.03,134.3,233.61,10.13,5.53,5.75,3.41,,0.0,1.85,18.9,54.52,0.02,12.36,84.45,46.71,0.04
000737.SZ,北方铜业,290.63,31.63,40.15,4.37,10.54,10.67,6.16,,0.0,23.05,50.36,65.81,0.02,0.8,7.61,5.93,0.16
002956.SZ,西麦食品,56.32,31.98,37.92,3.61,8.25,8.45,7.24,,0.0,42.65,18.04,25.89,0.02,2.1,9.19,7.57,0.13
688322.SH,奥比中光,257.11,224.71,559.24,10.87,2.35,3.69,2.83,,0.0,167.53,11.15,12.38,0.02,50.14,476.64,121.8,0.03
920953.BJ,国子软件,20.54,97.79,73.87,7.75,4.54,5.99,5.57,,0.0,10.93,12.64,12.23,0.02,5.84,32.54,32.65,0.05
002898.SZ,*ST赛隆,11.7,-37.74,-29.43,4.41,-8.26,-8.43,-4.16,,0.0,-876.87,3.12,42.26,0.02,扣非亏损,扣非亏损,亏损,-0.98
002420.SZ,毅昌科技,31.8,64.48,-432.13,5.32,4.69,6.36,2.66,,0.0,-47.08,-8.51,73.91,0.02,扣非亏损,危险信号,20.28,0.02
600773.SH,西藏城投,173.66,-115.77,-63.3,3.68,-2.39,-2.35,-0.61,,0.0,23.22,-18.47,58.23,0.02,扣非亏损,扣非亏损,亏损,-0.98
300809.SZ,华辰装备,52.28,152.43,901.17,5.35,1.52,2.66,2.02,0.05,0.0,-25.52,5.9,25.71,0.02,152.84,1185.75,114.61,0.02
300354.SZ,东华测试,31.47,39.65,44.55,6.5,12.55,13.0,13.82,,0.0,0.11,26.21,11.31,0.02,1.7,7.1,6.1,0.16
600769.SH,祥龙电业,53.55,233.35,1415.31,44.56,6.54,15.43,5.69,,0.0,-31.4,13.48,69.24,0.02,105.01,432.53,30.25,0.03
920090.BJ,同辉信息,10.38,-27.94,-18.46,23.81,-48.32,-48.44,-21.51,,0.0,-41.12,-25.14,68.85,0.02,扣非亏损,扣非亏损,亏损,-0.98
300169.SZ,天晟新材,20.16,-19.65,-13.71,-71.11,-826.01,,-6.57,,0.0,-1239.07,-10.82,104.52,0.02,扣非亏损,扣非亏损,,-0.98
600990.SH,四创电子,67.25,-56.35,-20.58,3.76,-5.14,-4.88,-1.05,,0.0,-42.66,-19.81,69.11,0.02,扣非亏损,扣非亏损,亏损,-0.98
002210.SZ,飞马国际,77.83,408.0,501.19,8.18,1.88,2.45,2.48,,0.0,661.75,0.31,32.23,0.02,1636.46,533.84,333.06,0.03
600426.SH,华鲁恒升,877.67,27.78,27.76,2.69,7.39,7.45,7.06,0.8,33.83,-22.98,9.59,29.6,0.02,2.89,3.75,3.73,0.29
301016.SZ,雷尔伟,49.61,87.7,91.71,5.24,3.74,5.87,4.22,,0.0,5.11,-9.75,13.44,0.02,-9.41,49.08,29.88,0.04
300449.SZ,汉邦高科,32.31,-45.04,-32.19,10.41,-15.64,-16.32,-10.57,,0.0,-79.89,-13.08,33.72,0.02,扣非亏损,扣非亏损,亏损,-0.98
601020.SH,华钰矿业,261.32,24.46,54.7,6.11,9.78,21.23,11.88,,0.0,151.12,26.57,38.11,0.02,2.06,11.18,2.3,0.11
603383.SH,顶点软件,66.15,48.04,37.47,4.53,6.01,7.01,5.46,0.55,0.0,-2.18,10.84,13.8,0.02,3.46,12.48,13.71,0.1
002927.SZ,泰永长征,45.41,103.53,1396.88,4.44,3.02,3.21,2.23,,0.0,-37.86,-1.41,36.81,0.02,-990.81,923.68,64.5,0.02
300486.SZ,东杰智能,115.77,1039.79,-59.22,6.91,-1.05,0.59,0.88,,0.0,82.73,-14.39,42.36,0.02,扣非亏损,扣非亏损,3524.72,-0.98
600595.SH,中孚实业,343.48,21.7,33.72,2.06,7.12,7.51,6.77,,0.0,61.8,14.51,31.03,0.02,2.32,9.48,5.78,0.13
688776.SH,国光电气,121.66,-228.11,-305.86,6.7,-2.52,-2.18,-1.96,,0.0,-219.61,2.72,24.79,0.02,扣非亏损,扣非亏损,亏损,-0.98
300551.SZ,古鳌科技,63.3,-28.99,-22.89,14.5,-32.28,-32.3,-27.4,,0.0,12.85,54.46,20.66,0.02,扣非亏损,扣非亏损,亏损,-0.98
301209.SZ,联合化学,87.22,161.48,172.95,13.37,6.14,6.29,5.42,,0.0,4.02,0.68,21.18,0.02,255.07,56.32,51.34,0.04
688020.SH,方邦股份,79.09,-222.29,-78.66,5.72,-3.25,-1.89,-1.06,,0.0,21.46,5.71,22.51,0.02,扣非亏损,扣非亏损,亏损,-0.98
002335.SZ,科华数据,291.26,71.88,90.36,5.22,5.46,7.11,2.72,,0.0,36.85,18.5,54.39,0.02,4.88,33.1,20.22,0.05
688003.SH,天准科技,113.85,-562.92,123.53,6.1,-1.29,-0.8,-1.07,,0.0,-77.88,8.97,51.38,0.02,13.77,困境反转,亏损,0.02
603200.SH,上海洗霸,119.24,74.86,20558.94,10.98,3.12,11.77,7.45,,0.0,-29.86,-2.75,35.93,0.02,-7464.94,13161.51,12.72,0.02
300806.SZ,斯迪克,165.91,393.75,1657.11,10.48,1.13,2.02,1.68,,0.0,-21.76,12.05,71.2,0.02,137.51,2928.52,389.85,0.02
300249.SZ,依米康,65.13,208.4,-120.76,22.99,7.74,8.51,2.26,,0.0,643.27,-1.78,81.1,0.02,扣非亏损,危险信号,48.98,-0.01
301002.SZ,崧盛股份,34.41,593.54,-150.77,6.9,-0.19,0.86,0.62,,0.0,-130.8,-4.69,45.07,0.02,扣非亏损,扣非亏损,1380.33,-0.98
300420.SZ,五洋自控,45.32,87.66,-51.19,1.92,0.24,1.66,1.59,,0.0,122.11,-12.9,24.83,0.02,扣非亏损,危险信号,105.62,0.02
688122.SH,西部超导,506.74,58.5,65.97,7.33,8.66,9.46,6.09,,0.0,10.39,17.9,48.2,0.02,3.69,15.24,12.37,0.09
002137.SZ,实益达,35.13,126.61,264.97,3.38,1.71,2.02,2.57,,0.0,46.07,-12.51,17.52,0.02,-21.17,309.45,125.36,0.03
300225.SZ,*ST金泰,26.08,111.21,125.34,3.02,1.72,2.04,1.66,,0.0,-20.5,-3.53,38.94,0.02,-35.55,145.44,109.03,0.03
000426.SZ,兴业银锡,832.57,45.79,51.91,9.09,16.06,15.88,11.98,,0.0,5.01,32.25,43.94,0.02,1.61,6.46,5.77,0.18
603119.SH,浙江荣泰,170.16,112.02,122.79,15.5,9.92,10.69,8.63,,0.0,21.14,29.89,34.77,0.02,4.11,24.76,20.96,0.06
688262.SH,国芯科技,121.36,-71.48,-51.42,5.89,-7.59,-5.99,-5.23,,0.0,-8.03,13.41,36.48,0.02,扣非亏损,扣非亏损,亏损,-0.98
002261.SZ,拓维信息,422.75,332.53,-443.11,17.83,0.24,4.13,2.1,,0.0,-37.56,23.84,36.21,0.02,扣非亏损,危险信号,161.03,0.02
688721.SH,龙图光罩,23.13,83.62,82.75,4.79,4.19,4.31,4.08,,0.0,-28.98,30.05,13.81,0.02,2.75,39.53,38.8,0.05
300861.SZ,美畅股份,74.33,56.51,-393.21,1.87,1.89,2.45,2.36,,0.0,-50.51,23.89,9.56,0.02,扣非亏损,危险信号,46.13,0.02
600696.SH,*ST岩石,5.72,-3.83,-3.65,1.99,-19.5,-32.59,-5.26,,0.0,9.24,15.89,76.35,0.02,扣非亏损,扣非亏损,亏损,-0.98
300604.SZ,长川科技,607.9,68.29,91.81,18.33,20.77,22.96,10.86,,0.0,128.89,48.18,51.23,0.02,1.91,8.84,5.95,0.14
002836.SZ,新宏泽,32.95,61.37,60.45,8.72,10.26,10.89,9.04,,0.0,-10.76,43.05,28.48,0.02,1.4,11.78,11.27,0.11
688480.SH,赛恩斯,101.64,102.96,94.32,9.29,6.64,6.72,4.71,,0.0,-10.78,34.9,41.57,0.02,2.7,28.43,30.64,0.06
002785.SZ,万里石,85.72,3742.98,-175.96,11.31,-0.34,0.23,0.88,,0.0,36.03,3.62,41.96,0.02,扣非亏损,扣非亏损,32547.67,-0.98
600358.SH,ST联合,32.01,-75.6,-49.08,43.69,-40.36,-46.62,-4.39,,0.0,-18.62,-24.15,84.36,0.02,扣非亏损,扣非亏损,亏损,-0.98
300558.SZ,贝达药业,181.39,43.06,47.21,3.11,5.91,5.5,4.76,,0.0,-6.74,8.97,38.97,0.02,5.26,15.98,15.66,0.09
600779.SH,水井坊,177.6,40.86,38.04,3.53,5.19,6.29,4.94,,0.0,-76.11,4.07,39.26,0.02,9.35,14.67,12.99,0.09
688627.SH,精智达,167.68,394.04,334.09,12.81,2.21,2.37,1.46,,0.0,-8.8,20.82,25.44,0.02,16.05,302.81,332.52,0.03
300731.SZ,科创新源,86.17,251.9,378.06,14.67,3.91,4.42,3.88,,0.0,89.78,23.47,45.32,0.02,16.11,193.3,113.98,0.03
600821.SH,金开新能,202.72,27.09,36.71,2.1,5.49,5.9,3.32,1.96,45.45,-26.07,24.68,71.49,0.02,1.49,6.69,4.59,0.17
002235.SZ,安妮股份,58.18,-3293.56,-616.74,8.1,-0.42,-0.19,-1.03,,0.0,-124.3,-4.3,36.33,0.02,扣非亏损,扣非亏损,亏损,-0.98
002059.SZ,云南旅游,50.04,-29.26,-16.72,4.01,-9.98,-9.75,-4.27,,0.0,16.96,-17.0,57.44,0.02,扣非亏损,扣非亏损,亏损,-0.98
920247.BJ,华密新材,25.86,107.02,125.62,7.73,4.87,5.45,4.92,,0.0,-23.69,4.77,24.3,0.02,26.35,51.6,39.27,0.04
002117.SZ,东港股份,57.7,35.16,35.0,4.09,8.53,8.73,7.4,,0.0,63.19,-0.17,26.56,0.02,-210.53,8.21,8.05,0.14
000593.SZ,德龙汇能,53.88,163.16,-1794.28,6.16,2.87,2.88,2.6,,0.0,-36.61,4.97,49.84,0.02,扣非亏损,危险信号,113.3,0.02
002436.SZ,兴森科技,361.61,232.09,-1215.21,7.55,2.88,2.55,0.48,,0.0,1195.59,4.96,60.98,0.02,扣非亏损,危险信号,182.03,0.02
688690.SH,纳微科技,104.99,73.07,78.16,5.6,5.26,5.94,5.36,,0.0,254.66,24.87,13.2,0.02,3.14,29.7,24.6,0.06
688520.SH,神州细胞,175.46,-52.5,-93.2,-24.23,-432.22,,-5.19,,0.0,-143.32,259.64,101.46,0.02,扣非亏损,扣非亏损,,-0.98
600236.SH,桂冠电力,775.63,24.04,28.68,4.35,12.58,13.69,7.12,0.64,34.08,12.84,6.16,55.24,0.02,4.66,2.28,1.76,0.46
920735.BJ,德源药业,35.36,16.87,17.49,3.06,13.22,13.64,13.31,1.18,0.0,42.26,19.24,19.71,0.02,0.91,2.65,2.47,0.4
002076.SZ,*ST星光,22.51,561.05,-81.02,7.6,-3.62,1.08,0.49,,0.0,-31.12,8.08,61.75,0.02,扣非亏损,扣非亏损,1038.98,-0.98
002691.SZ,冀凯股份,27.25,-45.1,-59.09,3.25,-5.93,-5.26,-4.1,,0.0,-31.78,2.79,22.61,0.02,扣非亏损,扣非亏损,亏损,-0.98
002269.SZ,美邦服饰,45.22,-49.17,-14.47,24.06,-32.08,-31.99,-2.58,,0.0,-29.22,-33.68,89.9,0.02,扣非亏损,扣非亏损,亏损,-0.98
001203.SZ,大中矿业,519.55,76.48,89.73,9.45,9.01,9.08,5.28,,0.0,-8.65,-8.27,61.06,0.02,-10.85,19.93,16.85,0.07
300077.SZ,国民技术,131.5,-137.71,-77.27,14.08,-9.0,-7.42,-0.75,,0.0,19.01,5.61,72.62,0.02,扣非亏损,扣非亏损,亏损,-0.98
603667.SH,五洲新春,264.36,201.33,329.55,8.86,3.1,3.34,2.68,,0.0,7.0,11.41,41.67,0.02,28.88,212.65,120.55,0.03
605020.SH,永和股份,142.78,23.18,25.82,2.57,10.75,15.36,8.05,,0.0,223.74,15.82,28.48,0.02,1.63,4.8,3.02,0.23
603861.SH,白云电器,98.42,50.81,55.0,2.53,3.56,4.1,2.12,0.37,28.46,13.52,12.91,60.61,0.02,4.26,15.43,12.39,0.09
920124.BJ,南特科技,13.5,23.19,24.41,3.47,11.59,11.91,7.38,,0.0,18.35,11.93,58.04,0.02,2.05,4.21,3.89,0.26
301580.SZ,爱迪特,62.14,48.72,56.65,4.41,6.2,6.94,6.21,,0.0,14.09,17.94,11.74,0.02,3.16,18.27,14.04,0.08
688258.SH,卓易信息,143.2,240.81,332.21,16.36,3.92,5.18,3.75,0.13,0.0,511.02,11.24,44.36,0.02,29.55,169.42,92.98,0.03
688766.SH,普冉股份,361.24,458.82,457.87,15.9,1.65,2.64,1.61,,0.0,-83.7,21.91,13.29,0.02,20.89,554.46,347.59,0.02
301536.SZ,星宸科技,138.49,101.17,123.86,9.64,5.4,6.64,4.74,0.5,0.0,0.57,-3.34,32.93,0.02,-37.09,45.88,30.47,0.04
301180.SZ,万祥科技,34.8,658.64,-502.67,6.43,0.48,0.74,1.12,,0.0,166.72,-4.24,33.5,0.02,扣非亏损,危险信号,1780.1,0.02
600610.SH,中毅达,76.26,191.66,201.85,101.55,67.88,50.17,8.28,,0.0,449.83,-7.51,89.08,0.02,-26.87,5.95,7.64,0.19
920879.BJ,基康技术,30.77,54.41,47.49,6.6,8.87,8.89,8.44,0.7,68.18,23.31,11.29,17.79,0.02,4.21,5.35,6.12,0.21
002538.SZ,司尔特,67.17,32.44,31.77,1.25,2.73,2.92,3.16,,0.0,-37.22,3.99,15.82,0.02,7.96,23.27,22.22,0.06
002119.SZ,康强电子,80.01,62.24,119.0,5.51,4.99,6.85,4.72,,0.0,17.37,-2.5,42.9,0.02,-47.55,47.73,18.17,0.04
603286.SH,日盈电子,68.93,-287.52,-229.99,8.33,-2.83,-2.1,-0.47,,0.0,-375.58,18.94,55.27,0.02,扣非亏损,扣非亏损,亏损,-0.98
301281.SZ,科源制药,34.16,128.03,132.84,3.92,1.66,2.3,1.93,,0.0,-15.84,3.3,14.6,0.02,40.29,160.11,111.33,0.03
000929.SZ,*ST兰黄,19.43,133.35,-21.4,4.16,-7.96,2.25,-2.32,,0.0,-49.81,-11.94,30.13,0.02,扣非亏损,扣非亏损,118.54,-0.98
688277.SH,天智航,109.39,-71.93,-56.11,8.76,-11.13,-9.06,-6.62,,0.0,-21.97,6.58,27.29,0.02,扣非亏损,扣非亏损,亏损,-0.98
603239.SH,浙江仙通,59.37,29.36,31.46,4.73,12.33,12.74,10.96,,0.0,17.14,15.89,24.2,0.02,1.98,5.1,4.61,0.22
300969.SZ,恒帅股份,68.47,88.66,93.78,11.04,8.66,9.67,8.14,,0.0,-25.34,18.54,30.12,0.02,5.06,21.66,18.34,0.07
002546.SZ,新联电子,85.49,12.48,62.48,2.37,3.33,15.12,16.3,,0.0,8.1,19.04,8.21,0.02,3.28,37.49,1.65,0.05
688081.SH,兴图新科,39.58,-66.34,-46.16,10.12,-10.84,-10.82,-7.88,,0.0,-5.13,-0.63,29.73,0.02,扣非亏损,扣非亏损,亏损,-0.98
688167.SH,炬光科技,296.09,9885.83,-184.34,13.47,-1.66,0.1,-1.01,,0.0,37.86,9.39,28.16,0.02,扣非亏损,扣非亏损,197716.51,-0.98
000608.SZ,*ST阳光,28.03,-12.92,-12.51,1.36,-3.36,-3.17,0.33,,0.0,-158.22,-22.77,42.09,0.02,扣非亏损,扣非亏损,亏损,-0.98
300620.SZ,光库科技,407.73,267.42,465.55,19.8,4.24,5.76,3.4,,0.0,89.72,15.8,41.03,0.02,29.46,219.85,92.85,0.03
920047.BJ,诺思兰德,45.12,-140.0,-127.88,23.31,-12.04,-11.76,-7.4,,0.0,8.03,8.95,24.41,0.02,扣非亏损,扣非亏损,亏损,-0.98
300797.SZ,钢研纳克,61.01,46.41,53.24,4.88,5.99,8.08,4.59,,0.0,11.61,16.09,41.13,0.02,3.31,17.76,11.49,0.08
600107.SH,ST尔雅,20.66,-43.43,-36.72,4.53,-9.18,-7.52,-4.48,,0.0,22.3,-11.01,37.4,0.02,扣非亏损,扣非亏损,亏损,-0.98
300701.SZ,森霸传感,30.34,42.13,68.08,3.54,3.66,6.41,6.48,,0.0,-6.88,16.54,10.15,0.02,4.12,37.21,13.14,0.05
688629.SH,华丰科技,193.69,165.14,250.74,29.17,12.82,14.19,7.19,,0.0,377.64,10.34,54.43,0.02,24.24,39.12,23.28,0.05
002512.SZ,ST达华,49.91,-37.1,-21.93,13.06,-30.0,-23.33,-3.3,,0.0,-323.54,-3.71,82.55,0.02,扣非亏损,扣非亏损,亏损,-0.98
688618.SH,三旺通信,35.85,77.21,254.7,4.09,2.13,4.01,3.71,,0.0,-26.07,14.78,16.32,0.02,17.23,239.33,38.51,0.03
920961.BJ,创远信科,25.85,679.95,-211.84,4.72,-2.91,0.52,-0.39,,0.0,-4.0,-17.82,40.64,0.02,扣非亏损,扣非亏损,2615.18,-0.98
002049.SZ,紫光国微,626.4,37.21,51.77,4.77,9.05,9.79,7.38,,0.0,32.34,4.09,27.02,0.02,12.65,11.44,7.6,0.11
688071.SH,华依科技,29.08,-74.49,-59.4,2.75,-3.03,-1.79,-1.42,,0.0,4.86,9.95,53.59,0.02,扣非亏损,扣非亏损,亏损,-0.98
300926.SZ,博俊科技,86.68,15.12,14.53,3.86,21.39,22.58,10.15,,0.0,70.27,74.06,59.66,0.02,0.2,1.36,1.34,0.76
920810.BJ,春光智能,7.65,214.47,-37.33,5.07,1.03,1.79,1.21,,0.0,114.79,-18.31,49.89,0.02,扣非亏损,危险信号,239.64,0.01
920169.BJ,七丰精工,16.42,69.01,168.21,7.8,3.4,8.68,8.76,,0.0,44.33,-5.11,17.76,0.02,-32.9,98.85,15.9,0.03
603327.SH,福蓉科技,103.19,94.93,117.15,5.16,3.56,3.91,3.28,,0.0,-30.76,8.94,42.91,0.02,13.11,65.78,48.56,0.04
301316.SZ,慧博云通,189.28,193.52,396.32,17.36,2.04,7.03,3.79,,0.0,-36.23,23.99,39.24,0.02,16.52,389.19,55.06,0.02
603048.SH,浙江黎明,32.23,54.07,57.29,2.52,3.14,3.5,2.73,0.33,35.0,26.93,3.49,19.85,0.02,16.41,18.25,15.45,0.08
002212.SZ,天融信,98.72,-31.78,-747.04,1.07,-2.7,-2.53,-3.54,,0.0,-36.43,-5.28,13.75,0.02,扣非亏损,扣非亏损,亏损,-0.98
688531.SH,日联科技,79.67,74.11,99.21,3.72,2.93,3.79,3.39,,0.0,41.54,29.04,16.04,0.02,3.42,67.69,39.11,0.04
300069.SZ,金利华电,22.77,235.4,109.55,8.06,1.21,2.6,1.98,,0.0,-74.09,18.63,54.13,0.02,5.88,180.76,181.07,0.03
688039.SH,当虹科技,51.02,-176.8,-82.74,4.59,-2.52,-1.91,-2.4,,0.0,61.67,-9.4,25.97,0.02,扣非亏损,扣非亏损,亏损,-0.98
000702.SZ,正虹科技,18.85,-175.38,-38.28,6.96,-3.65,-2.93,-0.68,,0.0,52.86,-7.23,41.99,0.02,扣非亏损,扣非亏损,亏损,-0.98
688206.SH,概伦电子,148.22,264.74,-225.84,7.35,-0.98,2.12,1.71,,0.0,55.0,29.72,17.24,0.02,扣非亏损,扣非亏损,249.75,-0.98
300846.SZ,首都在线,125.85,-121.67,-61.24,18.95,-13.04,-11.16,-3.42,,0.0,21.89,4.74,56.55,0.02,扣非亏损,扣非亏损,亏损,-0.98
300053.SZ,航宇微,114.02,-126.31,-38.5,7.18,-4.7,-4.17,-2.74,,0.0,-10.7,-31.95,30.68,0.02,扣非亏损,扣非亏损,亏损,-0.98
688403.SH,汇成股份,133.12,80.36,88.55,3.87,3.06,3.73,3.36,,0.0,19.04,23.7,28.25,0.02,3.74,57.91,43.09,0.04
600865.SH,百大集团,45.0,140.81,76.99,1.96,1.82,1.01,1.72,,0.0,-32.53,-9.84,6.49,0.02,-7.83,84.56,278.83,0.03
002919.SZ,名臣健康,60.92,108.24,-703.77,7.47,5.01,5.07,3.36,,0.0,-57.03,28.18,29.92,0.02,扣非亏损,危险信号,42.7,0.02
603778.SH,国晟科技,131.72,-66.81,-52.85,18.49,-19.07,-19.17,-5.94,,0.0,0.39,174.4,70.52,0.02,扣非亏损,扣非亏损,亏损,-0.98
688318.SH,财富趋势,294.18,119.77,113.42,7.94,2.67,4.97,4.93,,0.0,-10.87,7.74,4.76,0.02,14.65,84.87,48.2,0.03
300498.SZ,温氏股份,1037.53,16.55,14.49,2.69,11.53,12.4,6.55,1.78,0.0,-24.6,17.64,49.41,0.02,0.82,2.51,2.67,0.42
300180.SZ,华峰超纤,116.12,93.95,4042.16,2.53,1.35,2.04,1.54,,0.0,-29.49,3.48,25.29,0.02,1161.43,5989.28,92.11,0.02
001269.SZ,欧晶科技,49.06,-42.21,-12.57,5.62,-9.02,-8.56,-3.39,,0.0,60.37,39.17,53.05,0.02,扣非亏损,扣非亏损,亏损,-0.98
300584.SZ,海辰药业,36.83,123.52,130.97,5.16,2.86,3.16,2.7,,0.0,1.64,-4.4,27.65,0.02,-29.75,91.6,78.18,0.03
002201.SZ,九鼎新材,70.68,75.97,86.97,6.57,6.22,6.65,4.44,0.09,0.0,199.85,-0.57,63.25,0.02,-153.49,27.95,22.85,0.06
002438.SZ,江苏神通,90.31,31.29,33.68,2.66,6.14,6.51,4.62,,0.0,7.11,3.98,39.06,0.02,8.45,10.97,9.61,0.11
688699.SH,明微电子,52.2,-147.66,-113.26,4.31,-3.36,-2.16,-2.24,,0.0,-181.59,-18.97,21.01,0.02,扣非亏损,扣非亏损,亏损,-0.98
688270.SH,臻镭科技,317.91,229.81,430.0,14.3,3.75,4.61,4.34,,0.0,1551.91,16.94,7.07,0.02,25.38,229.27,99.7,0.02
002195.SZ,岩山科技,585.33,243.44,341.45,5.94,1.86,1.85,1.04,,0.0,595.37,-8.89,3.32,0.02,-38.39,367.82,263.18,0.02
300875.SZ,捷强装备,40.49,-148.91,-15.2,4.88,-3.02,-2.43,-1.41,,0.0,-64.53,-3.17,27.25,0.02,扣非亏损,扣非亏损,亏损,-0.98
600117.SH,西宁特钢,95.37,-12.73,-9.23,2.37,-13.25,-13.09,-4.3,,0.0,-15.42,-19.06,53.81,0.02,扣非亏损,扣非亏损,亏损,-0.98
301088.SZ,戎美股份,28.4,59.7,81.85,1.37,0.71,1.69,2.26,0.77,0.0,-40.31,-6.85,2.32,0.02,-11.94,229.37,70.66,0.02
600391.SH,航发科技,143.61,367.35,331.29,8.18,1.29,1.72,1.9,,0.0,-42.79,4.18,63.48,0.02,79.22,514.79,427.15,0.02
920433.BJ,大唐药业,9.67,-26.68,-28.24,3.46,-10.19,-8.84,-7.8,,0.0,-755.74,-1.19,27.41,0.02,扣非亏损,扣非亏损,亏损,-0.98
002287.SZ,奇正藏药,138.69,24.61,31.79,2.89,6.36,9.88,7.55,0.93,32.56,4.21,9.94,26.92,0.02,3.2,5.0,2.49,0.22
920719.BJ,宁新新材,9.22,-8.15,-3.59,2.31,-18.99,-19.2,-4.82,,0.0,-112.39,9.51,70.01,0.02,扣非亏损,扣非亏损,亏损,-0.98
603813.SH,*ST原尚,35.46,-65.61,-52.38,6.5,-7.92,-7.14,-1.78,,0.0,-49.3,-13.63,60.08,0.02,扣非亏损,扣非亏损,亏损,-0.98
300346.SZ,南大光电,330.77,86.82,152.77,10.12,6.68,8.47,6.79,0.42,60.0,18.13,35.47,37.3,0.02,4.31,22.86,10.25,0.06
300955.SZ,嘉亨家化,36.81,-93.59,-65.03,4.19,-3.38,-3.25,-1.18,,0.0,-3249.08,-7.33,54.19,0.02,扣非亏损,扣非亏损,亏损,-0.98
002890.SZ,弘宇股份,26.21,173.78,242.36,4.58,1.56,1.99,1.65,,0.0,-6.95,-7.7,18.87,0.02,-31.46,310.76,174.66,0.02
002829.SZ,星网宇达,36.8,102.35,-18.07,3.05,-4.63,2.26,0.74,,0.0,-178.41,-11.17,26.56,0.02,扣非亏损,扣非亏损,90.57,-0.98
301183.SZ,东田微,86.03,109.98,124.21,12.58,8.77,8.9,6.47,,0.0,100.94,20.13,30.7,0.02,6.17,28.31,24.71,0.06
300128.SZ,锦富技术,88.63,-40.37,-21.24,13.42,-22.41,-22.98,-4.63,,0.0,-0.14,24.0,78.16,0.02,扣非亏损,扣非亏损,亏损,-0.98
301021.SZ,英诺激光,85.69,291.14,252.12,8.58,1.63,2.22,1.48,,0.0,296.08,6.08,17.61,0.02,41.44,308.42,262.28,0.02
002524.SZ,光正眼科,23.91,10430.36,-13.84,19.78,-7.82,0.15,2.57,,0.0,68.82,-1.13,89.56,0.02,扣非亏损,扣非亏损,139071.48,-0.98
688276.SH,百克生物,77.81,-36.88,-39.95,1.97,-4.4,-3.86,-3.91,,0.0,-173.4,8.93,24.04,0.02,扣非亏损,扣非亏损,亏损,-0.98
000564.SZ,供销大集,320.79,408.05,-64.11,2.5,-0.9,0.46,1.18,,0.0,53.58,-4.73,50.47,0.02,扣非亏损,扣非亏损,1774.15,-0.98
300147.SZ,ST香雪,62.45,-13.02,-6.79,9.07,-35.59,-41.0,-1.77,,0.0,-51.66,-13.47,85.08,0.02,扣非亏损,扣非亏损,亏损,-0.98
301033.SZ,迈普医学,37.7,44.26,47.22,5.96,10.03,10.43,10.52,,0.0,57.94,21.94,11.04,0.02,2.15,9.41,8.49,0.13
300580.SZ,贝斯特,103.4,34.9,39.91,3.38,6.98,7.41,7.1,0.11,10.11,6.06,9.08,14.72,0.02,4.39,5.72,4.71,0.2
003008.SZ,开普检测,18.72,32.43,32.49,2.38,5.09,5.39,6.07,2.32,76.92,9.88,15.58,4.16,0.02,2.09,6.38,6.02,0.18
300499.SZ,高澜股份,103.87,255.92,-1685.92,8.44,1.94,2.5,1.36,,0.0,204.09,-11.97,34.34,0.02,扣非亏损,危险信号,204.74,0.02
002326.SZ,永太科技,194.85,513.87,-64.79,8.19,-0.24,1.21,1.33,,0.0,93.81,6.04,73.94,0.02,扣非亏损,扣非亏损,849.38,-0.98
688098.SH,申联生物,37.0,9979.9,-97.53,2.62,-0.36,0.02,-0.09,,0.0,67.18,-5.31,8.94,0.02,扣非亏损,扣非亏损,997990.02,-0.98
920454.BJ,同心传动,9.34,53.71,60.85,4.82,5.6,6.71,6.07,,0.0,45.78,1.15,19.98,0.02,52.99,21.74,16.01,0.07
920699.BJ,海达尔,9.09,28.56,25.56,6.01,15.94,15.94,11.71,,0.0,5.49,18.35,35.86,0.02,1.39,3.21,3.58,0.33
300684.SZ,中石科技,109.87,48.0,51.41,7.69,11.46,12.14,11.06,,0.0,142.37,10.38,20.3,0.02,4.95,8.98,7.91,0.13
300810.SZ,中科海讯,41.13,-41.53,-335.81,5.72,-9.97,-9.88,-7.41,,0.0,16.69,9.65,38.74,0.02,扣非亏损,扣非亏损,亏损,-0.98
300489.SZ,光智科技,59.64,-499.17,148.03,9.45,1.53,-1.44,2.38,,0.0,114.1,27.05,78.25,0.02,5.47,192.92,亏损,0.03
688686.SH,奥普特,117.16,48.11,73.93,3.84,5.49,6.09,5.67,,0.0,34.99,3.22,13.0,0.02,22.94,26.93,15.8,0.06
300570.SZ,太辰光,245.81,83.69,81.0,17.5,15.32,16.35,13.84,,0.0,80.08,31.65,20.15,0.02,2.56,10.58,10.24,0.11
603809.SH,豪能股份,107.67,30.41,32.13,2.95,7.55,7.98,5.53,,0.0,8.56,18.46,46.51,0.02,1.74,8.51,7.62,0.14
301535.SZ,浙江华远,18.29,115.83,,10.58,6.29,7.46,6.49,0.46,0.0,,14.68,21.69,0.02,,,31.05,0.05
688259.SH,创耀科技,43.02,46.94,116.83,2.73,1.76,4.45,2.54,0.48,0.0,-23.31,1.98,13.21,0.02,58.99,132.97,21.1,0.03
300091.SZ,*ST金灵,47.26,-22.96,-8.59,19.81,-39.88,-48.94,-4.98,,0.0,-54.26,-5.81,93.1,0.02,扣非亏损,扣非亏损,亏损,-0.98
000966.SZ,长源电力,161.45,37.87,248.82,1.25,1.98,2.48,2.09,,0.0,-69.64,13.14,65.27,0.02,18.93,250.89,30.54,0.02
300506.SZ,ST名家汇,37.54,-48.16,-32.12,-428.06,-301.77,,-12.68,,0.0,-161.58,-22.48,102.52,0.02,扣非亏损,扣非亏损,,-0.98
301076.SZ,新瀚新材,44.66,103.53,129.89,6.07,3.66,4.41,4.46,0.2,38.46,18.05,7.37,7.92,0.02,17.63,35.53,23.48,0.05
688002.SH,睿创微纳,477.02,50.62,64.92,7.94,11.47,11.99,8.17,0.08,10.39,50.83,34.8,36.9,0.02,1.87,5.66,4.22,0.2
600828.SH,茂业商业,105.09,188.94,-87.37,1.5,0.62,0.6,1.41,,0.0,-67.55,-13.19,58.22,0.02,扣非亏损,危险信号,629.81,0.02
603260.SH,合盛硅业,579.64,-135.25,-1277.31,1.81,-0.84,-0.98,0.46,,0.0,-120.61,7.8,62.89,0.02,扣非亏损,扣非亏损,亏损,-0.98
688545.SH,兴福电子,91.85,82.28,100.41,6.23,6.49,6.01,5.15,,0.0,18.41,29.98,29.77,0.02,3.35,30.94,27.38,0.05
002463.SZ,沪电股份,1560.94,43.11,45.73,11.2,20.76,21.07,12.78,,0.0,48.17,22.95,46.78,0.02,1.99,4.41,4.09,0.25
688257.SH,新锐股份,191.81,86.98,96.94,8.28,6.83,7.33,5.52,0.12,9.92,35.9,27.8,45.63,0.02,3.49,14.2,11.87,0.09
688051.SH,佳华科技,27.18,-30.32,-17.92,4.17,-10.78,-9.8,-7.04,,0.0,-68.41,-9.9,31.54,0.02,扣非亏损,扣非亏损,亏损,-0.98
001289.SZ,龙源电力,929.23,26.31,31.49,2.03,5.76,5.88,3.44,0.66,24.77,-16.03,-2.74,65.88,0.02,-11.48,5.47,4.47,0.2
002780.SZ,三夫户外,20.29,90.79,-202.53,3.73,2.81,3.13,3.41,,0.0,408.49,15.43,44.96,0.02,扣非亏损,危险信号,58.01,0.01
688157.SH,松井股份,60.77,181.18,166.38,4.49,1.68,1.89,1.5,,0.0,-65.46,14.26,22.13,0.02,11.67,198.42,191.72,0.02
600965.SH,福成股份,48.79,68.04,71.01,2.24,2.48,2.49,2.68,,0.0,70.58,-6.76,17.34,0.02,-10.51,57.31,54.72,0.04
300459.SZ,汤姆猫,154.17,-281.45,-16.76,7.87,-2.01,-1.92,1.56,,0.0,-165.46,-16.18,43.51,0.02,扣非亏损,扣非亏损,亏损,-0.98
301128.SZ,强瑞技术,93.7,71.07,85.35,12.35,12.69,13.08,8.4,,0.0,48.62,40.94,54.31,0.02,2.08,13.45,10.87,0.09
300293.SZ,蓝英装备,51.78,-149.26,-121.43,6.69,-3.71,-3.75,-0.84,,0.0,-1477.64,7.57,53.33,0.02,扣非亏损,扣非亏损,亏损,-0.98
300913.SZ,兆龙互连,131.73,95.79,101.07,13.25,10.52,10.82,9.45,,0.0,93.2,8.09,20.32,0.02,12.49,19.21,17.71,0.07
605118.SH,力鼎光电,169.77,59.57,67.21,11.55,13.59,14.01,13.07,1.0,94.7,88.5,7.58,15.36,0.02,8.87,4.95,4.25,0.22
688070.SH,纵横股份,48.61,-184.01,-2677.21,8.07,-3.74,-3.51,-1.23,,0.0,62.74,25.65,39.12,0.02,扣非亏损,扣非亏损,亏损,-0.98
688177.SH,百奥泰,92.22,-30.9,-21.46,19.05,-46.73,-37.55,-9.56,,0.0,31.12,4.9,78.27,0.02,扣非亏损,扣非亏损,亏损,-0.98
002425.SZ,凯撒文化,33.46,-23.34,-7.16,1.16,-3.52,-3.66,-3.25,,0.0,-5.45,-19.56,11.06,0.02,扣非亏损,扣非亏损,亏损,-0.98
300765.SZ,新诺威,421.24,-1313.69,-264.56,11.42,-1.75,-0.65,-4.68,,0.0,-147.4,5.09,32.94,0.02,扣非亏损,扣非亏损,亏损,-0.98
688805.SH,健信超导,14.73,123.4,121.56,15.54,9.23,9.81,7.91,,0.0,45.93,9.99,26.1,0.02,12.17,26.35,25.16,0.06
002715.SZ,登云股份,21.98,-614.82,-268.26,4.66,0.89,-0.56,1.31,,0.0,-64.24,1.89,43.89,0.02,扣非亏损,危险信号,亏损,0.02
300555.SZ,ST路通,26.11,-54.55,-43.35,5.55,-7.91,-7.35,-7.8,,0.0,1.51,-2.14,12.8,0.02,扣非亏损,扣非亏损,亏损,-0.98
300766.SZ,每日互动,145.88,-222.46,-427.69,10.24,-3.12,-3.49,-3.97,,0.0,-700.16,-7.09,10.73,0.02,扣非亏损,扣非亏损,亏损,-0.98
001212.SZ,中旗新材,94.3,2209.36,-1291.56,6.34,0.03,0.21,0.03,,0.0,-98.36,-9.05,20.58,0.02,扣非亏损,危险信号,21041.51,0.02
600598.SH,北大荒,310.74,17.18,28.55,3.79,16.88,16.84,13.72,,0.0,0.05,13.87,25.66,0.02,2.06,3.38,2.04,0.31
603797.SH,联泰环保,29.58,19.51,22.11,0.9,3.58,3.47,3.22,,0.0,-33.6,-1.14,65.34,0.02,-19.47,12.37,11.25,0.1
300237.SZ,ST美晨,35.47,-14.29,-12.06,-20.32,,,-1.9,,0.0,51.68,-3.36,101.14,0.02,扣非亏损,,,-10.0
600892.SH,*ST大晟,20.3,-22.12,-17.8,268.85,-164.52,-164.01,-18.81,,0.0,-289.73,-6.75,96.57,0.02,扣非亏损,扣非亏损,亏损,-0.98
300318.SZ,博晖创新,49.75,-113.55,-230.74,3.78,-1.37,-2.47,-0.81,,0.0,-219.63,8.06,47.1,0.02,扣非亏损,扣非亏损,亏损,-0.98
300637.SZ,扬帆新材,28.7,70.31,257.18,3.92,3.94,4.4,3.23,,0.0,187.72,0.98,44.11,0.02,261.39,130.58,31.96,0.03
688809.SH,强一股份,82.19,131.29,124.48,31.74,19.86,20.02,19.62,,0.0,100.13,83.98,15.68,0.02,1.48,12.54,13.12,0.1
300157.SZ,新锦动力,52.31,53.17,-63.64,-27.98,-44.6,,5.76,,0.0,41.69,11.98,89.33,0.02,扣非亏损,扣非亏损,,-0.98
688066.SH,航天宏图,57.82,-11.83,-3.68,13.79,-55.68,-52.88,-7.45,,0.0,-45.21,9.32,80.05,0.02,扣非亏损,扣非亏损,亏损,-0.98
300722.SZ,新余国科,85.88,133.67,131.01,13.53,8.0,7.62,6.47,,0.0,-20.34,14.92,24.98,0.02,8.78,32.77,35.08,0.05
603131.SH,上海沪工,75.94,-2886.39,-139.0,6.33,-1.13,-0.16,0.89,,0.0,-137.29,-5.24,41.51,0.02,扣非亏损,扣非亏损,亏损,-0.98
000007.SZ,全新好,47.43,1040.72,629.8,25.96,1.45,1.89,1.38,,0.0,-36.1,21.27,46.81,0.02,29.61,871.21,1101.3,0.02
000859.SZ,国风新材,96.85,-110.73,-136.38,3.55,-2.65,-2.0,-1.43,,0.0,9.75,7.73,40.25,0.02,扣非亏损,扣非亏损,亏损,-0.98
000830.SZ,鲁西化工,375.88,27.55,28.53,1.97,4.9,5.41,3.7,,0.0,-41.05,-1.21,46.62,0.02,-23.65,11.64,10.19,0.1
600570.SH,恒生电子,516.91,85.18,60.24,5.72,3.29,5.17,3.46,,0.0,8.9,6.89,31.42,0.02,8.75,36.65,32.95,0.05
002182.SZ,宝武镁业,166.96,164.1,298.16,3.56,1.32,1.62,1.49,,0.0,-43.02,4.54,56.67,0.02,65.73,452.42,202.59,0.02
300221.SZ,银禧科技,47.98,44.08,52.18,3.47,6.07,6.13,4.31,,0.0,111.92,-2.16,35.76,0.02,-24.16,17.2,14.38,0.08
000659.SZ,珠海中富,49.89,-69.77,-36.34,29.34,-25.49,-27.34,1.75,,0.0,-83.02,-11.1,95.55,0.02,扣非亏损,扣非亏损,亏损,-0.98
300653.SZ,正海生物,36.56,40.68,57.03,4.18,6.71,7.61,7.5,,0.0,-45.34,-2.82,9.37,0.02,-20.25,16.99,10.69,0.08
920690.BJ,捷众科技,12.03,26.02,26.35,3.17,9.22,9.21,9.27,,0.0,50.48,18.4,13.8,0.02,1.43,5.72,5.65,0.19
601929.SH,吉视传媒,110.28,-23.87,-22.4,2.2,-6.71,-6.69,-1.71,,0.0,7.0,-5.54,60.16,0.02,扣非亏损,扣非亏损,亏损,-0.98
688288.SH,鸿泉技术,27.03,49.37,46.52,3.49,4.33,5.48,3.78,,0.0,198.06,19.23,33.77,0.02,2.42,21.5,18.02,0.06
300811.SZ,铂科新材,201.18,62.68,65.4,8.46,11.09,10.94,10.48,,0.0,2.97,33.02,23.19,0.02,1.98,11.79,11.46,0.1
002413.SZ,雷科防务,179.29,-151.13,-49.94,5.45,-3.05,-2.67,-1.49,,0.0,27.68,-8.33,33.37,0.02,扣非亏损,扣非亏损,亏损,-0.98
002428.SZ,云南锗业,283.16,1170.33,1936.85,19.46,0.15,1.24,1.98,,0.0,-83.79,11.95,56.74,0.02,162.05,25268.78,1887.63,0.02
001255.SZ,博菲电气,29.54,377.0,1292.15,4.9,0.58,0.99,0.77,,0.0,-54.84,-3.25,47.4,0.02,-397.53,4472.66,761.63,0.02
603322.SH,超讯通信,55.86,69.98,-203.92,19.39,21.44,23.19,2.66,,0.0,124.47,7.61,85.56,0.02,扣非亏损,危险信号,6.04,-0.03
000831.SZ,中国稀土,562.66,219.58,221.96,11.64,3.89,4.06,4.18,,0.0,186.01,-0.72,14.04,0.02,-307.5,114.23,108.17,0.03
300548.SZ,长芯博创,427.75,138.96,170.13,24.75,13.23,14.35,12.91,,0.0,859.5,10.27,31.28,0.02,16.56,25.73,19.37,0.06
688568.SH,中科星图,554.18,283.77,274.47,14.33,0.84,3.81,2.94,,0.0,-53.71,46.88,45.1,0.02,5.85,652.11,148.96,0.02
600319.SH,亚星化学,34.0,-17.72,-17.62,8.44,-30.22,-43.49,-3.03,,0.0,-34.86,115.72,85.15,0.02,扣非亏损,扣非亏损,亏损,-0.98
603198.SH,迎驾贡酒,283.84,14.09,13.89,2.79,14.74,14.82,14.78,,0.0,-26.16,16.7,22.17,0.02,0.83,1.88,1.9,0.55
688381.SH,帝奥微,56.48,-174.45,-44.24,2.18,-2.11,-0.91,-1.16,,0.0,-151.07,4.27,6.5,0.02,扣非亏损,扣非亏损,亏损,-0.98
002021.SZ,中捷资源,41.12,2528.96,-16543.65,6.61,0.03,0.2,0.2,,0.0,-98.48,0.21,27.56,0.02,扣非亏损,危险信号,25289.58,0.02
300876.SZ,蒙泰高新,23.44,-46.08,-32.16,4.01,-6.95,-6.6,-1.67,,0.0,-126.12,7.67,48.63,0.02,扣非亏损,扣非亏损,亏损,-0.98
000893.SZ,亚钾国际,561.69,35.18,36.76,4.9,10.83,10.97,9.21,,0.0,164.56,105.49,32.61,0.02,0.35,6.79,6.41,0.17
605069.SH,正和生态,29.72,-105.04,-15.4,3.49,-2.44,-2.46,0.1,,0.0,-607.18,-1.48,69.48,0.02,扣非亏损,扣非亏损,亏损,-0.98
603021.SH,ST华鹏,23.0,-17.96,-14.7,-56.18,-1362.28,,-2.8,,0.0,2.42,-20.49,103.58,0.02,扣非亏损,扣非亏损,,-0.98
300475.SZ,香农芯创,683.88,148.99,297.04,21.1,11.28,11.56,7.3,0.02,10.29,-15.29,48.94,63.27,0.02,6.07,26.34,12.89,0.06
300488.SZ,恒锋工具,46.84,48.82,47.53,3.27,5.85,6.98,6.44,,0.0,17.07,6.11,26.39,0.02,7.78,16.25,13.99,0.08
688380.SH,中微半导,190.09,93.62,159.11,6.24,3.5,4.96,4.8,,0.0,36.56,-0.92,13.48,0.02,-172.66,90.9,37.75,0.03
920299.BJ,灿能电力,12.58,120.79,100.47,9.1,5.32,5.7,5.24,,0.0,17.98,8.93,15.08,0.02,11.24,37.8,42.38,0.04
301043.SZ,绿岛风,31.05,45.19,54.49,4.44,6.0,7.12,6.0,0.89,92.06,-24.35,3.93,31.69,0.02,13.85,9.08,6.35,0.13
301259.SZ,艾布鲁,34.82,-550.57,-195.94,6.56,-1.29,-0.89,-0.53,,0.0,69.41,-22.55,42.64,0.02,扣非亏损,扣非亏损,亏损,-0.98
301256.SZ,华融化学,73.97,104.46,147.85,4.33,1.9,3.08,3.02,0.29,57.14,-9.71,27.79,24.37,0.02,5.32,77.85,33.92,0.03
300418.SZ,昆仑万维,633.64,-71.48,-38.0,4.52,-4.76,-4.75,-4.61,,0.0,-3.88,5.55,19.64,0.02,扣非亏损,扣非亏损,亏损,-0.98
000408.SZ,藏格矿业,1252.08,34.14,31.06,8.29,19.03,18.3,18.56,2.96,86.76,49.27,17.39,7.79,0.02,1.79,1.63,1.87,0.63
002374.SZ,中锐股份,36.79,-29.22,-13.74,4.37,-10.77,-10.61,-2.01,,0.0,-7.56,-0.93,75.56,0.02,扣非亏损,扣非亏损,亏损,-0.98
603165.SH,荣晟环保,44.11,19.35,34.02,2.17,4.79,7.3,4.54,7.75,136.36,-49.94,-2.3,56.74,0.02,-14.78,7.1,2.65,0.16
002148.SZ,北纬科技,35.99,-12194.53,2579.28,3.66,-0.46,-0.02,-0.17,,0.0,-221.92,8.91,12.85,0.02,289.62,困境反转,亏损,0.02
920230.BJ,欧康医药,5.72,222.62,225.53,3.0,0.7,1.0,1.05,,0.0,-84.22,2.49,19.34,0.02,90.74,641.98,445.24,0.02
000953.SZ,河化股份,26.95,254.75,261.24,17.48,5.04,5.3,2.89,,0.0,576.51,9.51,36.88,0.02,27.47,103.67,96.13,0.03
920146.BJ,华阳变速,7.99,3197.76,-91.61,4.56,-3.95,0.11,0.27,,0.0,42.69,31.45,61.46,0.02,扣非亏损,扣非亏损,58141.07,-0.98
300610.SZ,晨化股份,20.7,39.21,72.12,2.39,2.73,4.48,3.87,,0.0,-33.63,-8.45,27.72,0.02,-8.54,52.84,17.5,0.04
605580.SH,恒盛能源,64.2,50.31,62.81,6.65,8.26,7.94,7.47,,0.0,0.85,2.42,49.49,0.02,25.97,15.2,12.67,0.08
301200.SZ,大族数控,629.64,110.2,139.67,12.83,8.85,9.14,7.06,,0.0,181.89,10.5,38.58,0.02,13.3,31.56,24.11,0.05
002847.SZ,盐津铺子,151.62,21.03,24.31,7.94,28.61,30.11,19.01,0.59,0.0,30.54,32.64,46.67,0.02,0.74,1.7,1.4,0.61
300220.SZ,金运激光,22.76,1703.26,-611.26,36.17,-5.2,1.61,1.03,,0.0,-100.55,-6.54,74.74,0.02,扣非亏损,扣非亏损,2115.85,-0.98
688233.SH,神工股份,129.72,136.7,158.05,6.99,3.82,3.89,4.11,,0.0,168.06,18.77,7.21,0.02,8.42,82.68,70.28,0.03
301049.SZ,超越科技,10.43,-19.6,-18.35,3.84,-14.21,-13.71,-6.59,,0.0,-138.54,9.47,49.86,0.02,扣非亏损,扣非亏损,亏损,-0.98
300857.SZ,协创数据,854.5,92.09,106.04,21.81,19.13,19.23,7.36,,0.0,25.03,37.8,78.33,0.02,2.81,11.08,9.58,0.11
002496.SZ,*ST辉丰,23.7,-746.21,-19.14,2.42,-2.07,-0.24,0.48,,0.0,70.62,-22.68,43.56,0.02,扣非亏损,扣非亏损,亏损,-0.98
300370.SZ,安控科技,44.5,-51.54,-41.75,8.77,-13.84,-12.25,-2.91,,0.0,-33.71,-10.33,56.75,0.02,扣非亏损,扣非亏损,亏损,-0.98
002294.SZ,信立泰,583.92,75.43,91.24,6.66,6.49,6.67,5.96,,0.0,14.07,9.91,18.69,0.02,9.21,28.12,22.62,0.05
002173.SZ,创新医疗,132.01,2221.4,-242.62,7.86,-1.66,0.27,0.26,,0.0,6.05,4.85,17.84,0.02,扣非亏损,扣非亏损,16454.8,-0.98
688316.SH,青云科技,36.6,-54.92,-43.29,95.9,-81.5,-80.93,-8.6,,0.0,26.16,-12.31,90.14,0.02,扣非亏损,扣非亏损,亏损,-0.98
002813.SZ,路畅科技,31.57,-34.1,-36.29,12.66,-25.51,-24.64,-13.44,,0.0,-71.07,-2.24,50.84,0.02,扣非亏损,扣非亏损,亏损,-0.98
002709.SZ,天赐材料,733.72,72.83,72.95,5.56,2.82,3.2,2.92,0.76,0.0,30.13,17.17,45.94,0.02,4.25,51.66,45.52,0.04
000839.SZ,国安股份,142.68,1267.13,-43.2,9.3,-7.18,0.58,2.0,,0.0,-58.27,8.59,85.17,0.02,扣非亏损,扣非亏损,4369.42,-0.98
002047.SZ,*ST宝鹰,88.39,-196.45,-25.43,-277.13,,,-1.28,,0.0,90.64,-19.5,102.68,0.02,扣非亏损,,,-10.0
688670.SH,金迪克,22.89,-19.85,-16.86,1.92,-7.38,-7.01,-7.28,,0.0,-48.08,-38.84,17.75,0.02,扣非亏损,扣非亏损,亏损,-0.98
002346.SZ,柘中股份,81.02,19.37,59.55,3.15,2.58,12.18,12.62,,0.0,-30.1,15.48,28.24,0.02,3.85,46.22,3.18,0.04
300364.SZ,中文在线,178.11,-28.32,-33.78,41.56,-71.29,-71.75,-30.77,,0.0,-149.06,0.31,66.56,0.02,扣非亏损,扣非亏损,亏损,-0.98
600678.SH,四川金顶,40.06,93.73,415.44,14.21,8.87,13.48,4.55,,0.0,471.66,-1.21,77.84,0.02,-343.68,93.71,13.91,0.03
688711.SH,宏微科技,64.63,903.43,-271.96,6.22,0.01,0.5,0.66,,0.0,100.72,39.72,57.72,0.02,扣非亏损,危险信号,3613.71,0.02
301165.SZ,锐捷网络,731.34,80.61,89.86,14.74,13.74,14.21,8.11,,0.0,76.41,8.84,47.15,0.02,10.16,13.08,11.35,0.09
300996.SZ,普联软件,40.03,2439.36,52.71,3.83,-0.54,0.12,-0.76,,0.0,-190.41,12.9,11.57,0.02,4.09,-196.6,40656.06,0.02
300399.SZ,天利科技,48.35,623.24,-268.81,9.42,-2.76,1.11,1.01,,0.0,0.42,0.95,6.9,0.02,扣非亏损,扣非亏损,1122.96,-0.98
002414.SZ,高德红外,479.88,77.72,3803.28,8.7,8.08,8.78,9.07,,0.0,1996.15,-7.12,34.23,0.02,-533.98,941.14,17.7,0.02
000691.SZ,*ST亚太,27.19,-80.2,-38.16,-39.65,,,-5.23,,0.0,-0.68,-2.7,95.98,0.02,扣非亏损,,,-10.0
002181.SZ,粤传媒,119.81,79.08,91.0,2.88,1.45,2.74,2.82,,0.0,230.22,3.04,15.9,0.02,29.89,125.68,57.72,0.02
300656.SZ,民德电子,31.04,-267.65,-21.6,4.08,-6.34,-1.13,-3.69,,0.0,-501.95,-8.52,53.99,0.02,扣非亏损,扣非亏损,亏损,-0.98
688525.SH,佰维存储,979.58,2415.61,-556.81,20.95,-0.52,0.85,0.96,,0.0,-108.18,40.39,64.18,0.02,扣非亏损,扣非亏损,5683.78,-0.98
600353.SH,旭光电子,132.61,98.53,117.72,7.1,5.29,5.47,3.46,,0.0,37.81,16.41,44.68,0.02,7.18,44.54,36.03,0.04
600996.SH,贵广网络,101.36,-9.32,-7.78,4.33,-32.68,-30.1,-3.68,,0.0,-14.31,-10.11,80.62,0.02,扣非亏损,扣非亏损,亏损,-0.98
300302.SZ,同有科技,71.99,755.45,-30.8,8.72,0.82,0.87,1.72,,0.0,-71.2,-1.37,38.57,0.02,扣非亏损,危险信号,1736.66,0.0
603040.SH,新坐标,117.17,42.21,49.27,8.1,14.05,14.69,13.6,0.6,29.13,33.88,16.43,13.32,0.02,3.0,3.51,2.87,0.3
300436.SZ,广生堂,151.99,-119.01,-75.76,46.22,-31.74,-36.66,-5.57,,0.0,-40.81,6.05,69.18,0.02,扣非亏损,扣非亏损,亏损,-0.98
603988.SH,中电电机,63.95,122.31,234.76,9.53,3.3,5.97,3.92,,0.0,89.8,-6.33,39.34,0.02,-37.07,142.18,40.97,0.02
603156.SH,养元饮品,385.64,25.85,26.54,4.29,10.09,11.08,11.03,1.74,84.7,-0.81,-3.96,20.56,0.02,-6.69,2.63,2.33,0.4
002217.SZ,合力泰,187.81,812.6,-18.53,10.31,1.32,0.96,1.75,,0.0,101.99,-53.03,24.23,0.02,扣非亏损,危险信号,1692.92,-0.02
002377.SZ,国创高新,31.32,-93.72,-76.54,7.43,-6.1,-6.0,-1.59,,0.0,40.81,-38.59,58.01,0.02,扣非亏损,扣非亏损,亏损,-0.98
300730.SZ,科创信息,24.61,-39.13,-50.16,12.25,-21.06,-21.06,-6.95,,0.0,5.94,-5.61,66.55,0.02,扣非亏损,扣非亏损,亏损,-0.98
300454.SZ,深信服,337.82,-474.95,86.21,5.6,-1.48,-0.88,-1.61,,0.0,79.14,3.48,38.13,0.02,24.78,困境反转,亏损,0.02
920971.BJ,天马新材,24.59,211.28,140.82,6.76,2.21,2.39,2.53,,0.0,-53.44,8.65,20.17,0.02,16.27,127.49,176.8,0.02
301179.SZ,泽宇智能,54.94,120.86,120.28,3.86,0.18,2.42,1.91,,0.0,-94.89,24.23,35.83,0.02,4.96,1323.21,99.88,0.02
603317.SH,天味食品,131.49,23.08,25.87,2.9,7.97,8.82,8.7,4.39,0.0,-8.13,20.09,19.83,0.02,1.29,6.49,5.23,0.17
300009.SZ,安科生物,117.73,21.75,26.19,3.84,12.52,13.59,12.73,,0.0,-6.56,6.31,14.81,0.02,4.15,4.19,3.2,0.25
000029.SZ,深深房A,183.95,107.86,-378.79,5.7,3.68,4.04,3.21,,0.0,1305.95,-30.54,31.94,0.02,扣非亏损,危险信号,53.4,0.01
000766.SZ,通化金马,203.15,610.65,399.12,8.83,0.85,1.1,2.1,,0.0,18.01,-4.34,49.17,0.02,-92.04,940.31,1110.28,0.02
301025.SZ,读客文化,31.18,517.96,-2337.11,7.28,0.05,1.06,0.85,,0.0,-95.09,-7.71,9.9,0.02,扣非亏损,危险信号,977.27,0.02
600408.SH,安泰集团,41.58,-20.01,-21.03,3.06,-10.51,-10.86,-1.5,,0.0,50.36,-18.91,67.54,0.02,扣非亏损,扣非亏损,亏损,-0.98
688237.SH,超卓航科,43.42,292.34,-1287.22,3.59,0.47,0.92,0.49,,0.0,-68.84,47.21,23.71,0.02,扣非亏损,危险信号,635.51,0.02
300102.SZ,乾照光电,298.18,255.38,586.1,7.07,0.92,2.1,1.51,,0.0,59.24,10.96,34.31,0.02,53.48,1268.21,243.22,0.02
688579.SH,地纬智能,47.96,114.13,88.48,3.48,1.73,2.28,1.77,,0.0,6.14,-2.4,15.3,0.02,-36.9,102.43,100.12,0.03
002779.SZ,中坚科技,151.38,562.44,445.88,22.29,2.56,3.0,0.5,,0.0,-42.68,23.53,41.51,0.02,18.95,348.48,374.96,0.02
002072.SZ,凯瑞德,27.23,-122.82,-193.06,11.57,-31.99,-51.7,-24.39,,0.0,-367.03,87.5,69.44,0.02,扣非亏损,扣非亏损,亏损,-0.98
600759.SH,洲际油气,290.89,262.95,123.37,3.31,1.11,0.95,2.35,,0.0,-43.74,1.73,28.74,0.02,71.44,221.66,553.57,0.02
605298.SH,必得科技,91.19,136.2,119.67,8.81,4.88,4.89,4.69,,0.0,334.91,22.25,19.49,0.02,5.38,49.09,55.71,0.04
688372.SH,伟测科技,203.22,75.29,102.09,7.17,5.26,7.41,4.46,,0.0,173.31,31.78,58.7,0.02,3.21,38.82,20.32,0.04
002358.SZ,森源电气,80.89,42.21,80.14,2.41,4.4,4.35,3.55,,0.0,18.06,18.47,52.1,0.02,4.34,36.44,19.41,0.04
920509.BJ,同惠电子,27.82,90.23,86.91,15.4,12.18,12.32,12.16,,0.0,62.57,10.74,11.37,0.02,8.1,14.27,14.65,0.09
600377.SH,宁沪高速,470.33,12.18,13.65,1.55,9.5,9.64,6.3,,0.0,-7.79,20.09,43.65,0.02,0.68,2.87,2.53,0.36
300502.SZ,新易盛,3488.82,46.43,52.31,26.97,55.15,55.2,40.42,,0.0,283.27,62.18,31.99,0.02,0.84,1.9,1.68,0.54
300235.SZ,方直科技,26.61,351.29,5055.3,4.73,0.47,1.0,0.87,,0.0,-75.71,-6.12,1.77,0.02,-826.07,21534.82,702.58,0.02
688278.SH,特宝生物,288.96,32.53,31.43,9.6,24.2,23.82,21.32,,0.0,15.91,35.51,20.52,0.02,0.89,2.6,2.73,0.4
000815.SZ,美利云,117.92,273.44,-462.79,8.73,2.21,2.42,2.33,,0.0,416.99,-9.37,40.3,0.02,扣非亏损,危险信号,225.98,0.01
301205.SZ,联特科技,151.58,265.35,364.03,18.25,4.1,5.24,4.7,,0.0,16.29,12.88,42.55,0.02,28.27,177.57,101.28,0.02
000037.SZ,深南电A,33.52,-224.19,-100.77,4.06,-1.86,-1.35,-0.41,,0.0,50.72,-16.08,25.31,0.02,扣非亏损,扣非亏损,亏损,-0.98
603662.SH,柯力传感,168.69,49.79,82.16,6.13,6.33,9.08,7.33,,0.0,8.0,8.25,30.16,0.02,9.96,25.96,10.97,0.05
301101.SZ,明月镜片,69.53,36.92,44.48,4.27,7.7,8.77,9.34,,0.0,10.99,10.43,12.26,0.02,4.26,11.56,8.42,0.1
300339.SZ,润和软件,349.18,341.33,361.18,9.93,1.76,2.23,1.89,0.14,0.0,26.88,7.23,38.64,0.02,49.98,410.04,306.13,0.02
002518.SZ,科士达,303.42,52.59,71.78,6.72,9.32,9.89,6.65,,0.0,27.7,18.97,35.05,0.02,3.78,15.4,10.63,0.08
603838.SH,*ST四通,30.34,-63.31,-47.07,3.24,-4.59,-3.77,-3.82,,0.0,-89.65,-1.8,8.07,0.02,扣非亏损,扣非亏损,亏损,-0.98
603843.SH,*ST正平,46.87,-35.24,-8.05,16.75,-58.06,-13.26,0.3,,0.0,-128.37,-32.88,92.49,0.02,扣非亏损,扣非亏损,亏损,-0.98
688031.SH,星环科技,265.92,-93.53,-91.04,29.73,-22.94,-21.31,-16.59,,0.0,27.71,6.68,23.76,0.02,扣非亏损,扣非亏损,亏损,-0.98
688700.SH,东威科技,143.89,126.41,171.38,8.01,4.62,4.84,3.22,,0.0,38.1,-0.64,42.91,0.02,-269.84,74.17,52.24,0.03
600900.SH,长江电力,6709.19,17.85,20.5,3.03,13.08,13.01,7.19,0.77,0.0,0.79,5.04,59.04,0.02,4.07,3.14,2.74,0.33
002842.SZ,翔鹭钨业,92.43,163.18,-1086.56,10.09,4.91,5.89,4.02,,0.0,172.16,4.83,51.91,0.02,扣非亏损,危险信号,55.41,0.01
002888.SZ,惠威科技,15.04,223.79,171.48,7.8,2.21,2.61,2.23,,0.0,23.04,-0.56,14.91,0.02,-305.92,155.33,171.49,0.02
603083.SH,剑桥科技,324.4,120.07,151.76,16.46,10.56,10.66,4.39,0.03,10.04,91.93,9.84,62.37,0.02,15.42,14.36,11.26,0.08
300287.SZ,飞利信,62.35,-50.41,-33.17,6.32,-9.78,-8.98,-4.49,,0.0,13.56,-30.02,49.52,0.02,扣非亏损,扣非亏损,亏损,-0.98
603701.SH,德宏股份,61.16,414.65,366.2,7.62,1.23,1.38,1.66,,0.0,827.22,7.96,41.94,0.02,46.02,593.28,600.94,0.02
603738.SH,泰晶科技,88.79,190.14,385.21,5.04,1.39,2.01,1.55,,0.0,-61.5,-12.02,17.14,0.02,-32.05,555.38,189.2,0.02
920576.BJ,天力复合,73.92,250.93,263.09,16.77,4.2,4.98,3.28,,0.0,-52.74,4.53,36.97,0.02,58.07,125.37,100.77,0.02
000525.SZ,红太阳,78.27,-25.34,-6.43,3.51,-11.8,-9.64,-3.38,,0.0,-1889.9,-6.42,60.52,0.02,扣非亏损,扣非亏损,亏损,-0.98
300830.SZ,金现代,43.52,-118.8,2331.58,4.27,-3.43,-3.09,-2.63,,0.0,10.22,-9.27,7.85,0.02,-251.46,困境反转,亏损,0.03
600118.SH,中国卫星,1033.14,5231.48,3022.62,16.27,0.09,0.23,-0.18,,0.0,122.87,-8.77,43.53,0.02,-344.53,70130.31,45491.13,0.02
300299.SZ,富春股份,45.01,-366.91,-42.75,10.49,-2.51,-2.13,-0.28,,0.0,75.34,-19.92,55.79,0.02,扣非亏损,扣非亏损,亏损,-0.98
002277.SZ,友阿股份,98.99,116.21,-241.7,1.47,0.75,0.95,1.92,,0.0,-43.12,-19.8,53.3,0.02,扣非亏损,危险信号,244.66,0.01
300045.SZ,华力创通,122.16,1252.56,-138.99,9.76,0.56,0.59,0.52,,0.0,131.89,6.42,32.61,0.02,扣非亏损,危险信号,4245.97,0.01
300591.SZ,万里马,26.32,-34.71,-21.8,11.99,-22.9,-23.43,-8.35,,0.0,0.79,21.68,60.32,0.02,扣非亏损,扣非亏损,亏损,-0.98
603949.SH,雪龙集团,46.46,57.22,72.09,4.4,5.15,5.89,6.1,,0.0,83.1,-4.26,7.67,0.02,-16.93,28.01,19.43,0.05
920924.BJ,广脉科技,13.94,120.07,128.65,7.27,4.6,4.61,2.82,,0.0,-33.4,3.08,62.96,0.02,41.77,55.96,52.09,0.03
688611.SH,杭州柯林,92.8,11509.65,252.38,10.67,-0.32,0.07,0.24,,0.0,-109.29,50.88,19.38,0.01,4.96,-1554.53,328847.2,0.01
688508.SH,芯朋微,82.73,34.89,148.06,3.05,2.77,6.87,5.77,0.74,0.0,8.02,9.2,18.27,0.01,16.1,106.93,10.16,0.02
603316.SH,诚邦股份,41.78,-34.93,-36.35,7.9,-1.27,0.46,0.06,,0.0,54.02,-35.16,72.67,0.01,扣非亏损,扣非亏损,危险信号,-0.99
688160.SH,步科股份,103.46,174.26,213.82,8.17,3.61,4.98,3.58,,0.0,41.03,0.79,21.8,0.01,270.15,118.57,69.98,0.02
688320.SH,禾川科技,49.43,-40.45,-24.92,3.95,-9.13,-7.82,-4.85,,0.0,-29.55,5.5,38.16,0.01,扣非亏损,扣非亏损,亏损,-0.99
688698.SH,伟创电气,152.73,50.99,61.87,6.6,9.66,10.15,6.63,0.15,22.39,3.53,26.79,35.5,0.01,2.31,6.4,5.02,0.17
300270.SZ,中威电子,28.88,-58.04,-52.47,5.95,-7.58,-7.4,-5.46,,0.0,14.29,2.37,29.33,0.01,扣非亏损,扣非亏损,亏损,-0.99
002592.SZ,ST八菱,26.27,22.75,28.21,2.89,8.75,10.04,7.77,2.41,0.0,98.47,3.6,24.62,0.01,7.85,6.45,4.53,0.17
920640.BJ,富士达,69.6,97.03,98.75,7.87,6.17,6.25,4.55,,0.0,77.53,9.47,36.98,0.01,10.42,32.01,31.05,0.05
301611.SZ,珂玛科技,157.61,143.79,142.4,27.15,15.0,15.04,12.09,,0.0,10.66,38.79,29.75,0.01,3.67,18.98,19.12,0.07
002595.SZ,豪迈科技,720.75,30.43,32.09,6.37,16.2,16.68,15.61,,0.0,27.83,13.81,17.04,0.01,2.32,3.96,3.65,0.27
301308.SZ,江波龙,894.99,143.88,920.38,18.16,6.84,10.19,5.87,,0.0,-3.62,26.49,58.93,0.01,34.74,269.03,28.24,0.02
300895.SZ,铜牛信息,79.84,-104.33,-64.52,10.4,-7.88,-7.2,-6.43,,0.0,0.68,3.43,14.59,0.01,扣非亏损,扣非亏损,亏损,-0.99
600666.SH,奥瑞德,100.66,29.52,-63.4,10.13,-1.75,29.55,16.74,,0.0,62.88,-16.91,29.1,0.01,扣非亏损,扣非亏损,2.0,-0.99
002633.SZ,申科股份,28.63,350.76,698.71,6.75,1.06,1.45,1.51,,0.0,-22.21,15.31,34.3,0.01,45.64,1318.08,483.8,0.02
300698.SZ,万马科技,43.44,112.67,139.83,9.54,6.39,6.56,2.85,,0.0,4.01,4.06,54.95,0.01,34.45,43.75,34.35,0.04
688279.SH,峰岹科技,157.52,86.92,105.0,3.9,4.04,5.34,4.41,,0.0,-2.24,23.69,2.86,0.01,4.43,51.92,32.55,0.03
300836.SZ,佰奥智能,34.96,75.75,92.73,8.99,8.53,8.94,4.26,,0.0,153.36,5.14,55.13,0.01,18.06,21.75,16.95,0.06
300242.SZ,佳云科技,32.55,-82.46,-27.06,12.32,-14.71,-10.55,-8.76,,0.0,-4.77,-7.9,27.62,0.01,扣非亏损,扣非亏损,亏损,-0.99
300071.SZ,福石控股,49.25,-70.15,-30.93,35.8,-34.7,-45.84,-4.38,,0.0,-38.02,6.47,85.1,0.01,扣非亏损,扣非亏损,亏损,-0.99
688676.SH,金盘科技,432.11,66.73,69.23,9.16,9.95,10.58,5.79,,0.0,19.05,29.23,53.99,0.01,2.37,13.91,12.61,0.09
300395.SZ,菲利华,582.75,133.69,156.76,13.07,7.04,7.79,5.28,,0.0,60.61,15.14,20.51,0.01,10.35,44.55,34.32,0.04
920932.BJ,科达自控,14.78,603.17,216.07,2.57,0.04,0.32,0.99,,0.0,-98.45,18.76,56.6,0.01,11.52,12207.25,3769.84,0.01
300328.SZ,宜安科技,133.84,29442.31,-694.85,12.29,-1.14,0.03,-0.28,,0.0,39.02,17.83,58.52,0.01,扣非亏损,扣非亏损,1962820.44,-0.99
600436.SH,片仔癀,943.71,33.24,42.57,6.52,13.16,14.31,14.26,0.83,58.58,-30.38,10.44,13.95,0.01,4.08,3.24,2.32,0.32
688059.SH,华锐精密,109.59,63.89,71.18,8.83,9.81,9.9,7.17,0.76,0.0,79.83,17.17,47.98,0.01,4.15,14.51,12.91,0.08
688368.SH,晶丰明源,111.34,357.94,399.81,9.5,1.13,1.96,1.53,,0.0,159.35,-5.67,40.63,0.01,-70.54,707.94,365.25,0.02
002093.SZ,国脉科技,106.09,40.6,101.1,2.76,3.07,5.28,5.54,0.35,26.21,16.68,4.59,17.24,0.01,22.05,32.91,7.69,0.04
688230.SH,芯导科技,80.94,76.25,117.5,3.56,2.12,3.26,3.41,0.59,0.0,14.22,-7.95,2.63,0.01,-14.78,110.6,46.78,0.02
300066.SZ,三川智慧,71.92,38.76,-1745.68,2.84,2.72,5.61,5.8,,0.0,21.89,26.06,15.75,0.01,扣非亏损,危险信号,13.82,0.01
000506.SZ,招金黄金,168.47,153.84,565.74,26.32,8.67,14.05,6.79,,0.0,166.77,-16.55,54.54,0.01,-34.19,130.45,21.9,0.02
300051.SZ,琏升科技,34.08,-28.49,-24.21,21.38,-43.68,-45.78,-7.37,,0.0,-3.66,50.11,77.04,0.01,扣非亏损,扣非亏损,亏损,-0.99
002378.SZ,章源钨业,441.24,174.98,195.32,19.81,8.96,8.68,5.35,,0.0,31.69,11.47,59.1,0.01,17.03,43.59,40.32,0.04
688630.SH,芯碁微装,236.21,89.11,85.48,10.67,9.01,9.2,7.14,0.52,0.0,30.45,24.89,27.82,0.01,3.43,18.97,19.37,0.07
688148.SH,芳源股份,42.96,-26.68,-10.14,14.83,-23.99,-24.01,-1.76,,0.0,13.52,5.42,84.32,0.01,扣非亏损,扣非亏损,亏损,-0.99
688221.SH,前沿生物,71.17,-33.4,-25.46,7.25,-17.45,-15.06,-9.32,,0.0,20.5,52.46,40.06,0.01,扣非亏损,扣非亏损,亏损,-0.99
000609.SZ,ST中迪,30.3,-15.44,-12.0,-365.79,-198.95,,-2.35,,0.0,-34.13,99.23,100.44,0.01,扣非亏损,扣非亏损,,-0.99
300204.SZ,舒泰神,115.64,-297.62,-69.72,13.99,-3.82,-3.41,-2.74,,0.0,-158.27,-16.84,31.98,0.01,扣非亏损,扣非亏损,亏损,-0.99
600316.SH,洪都航空,277.88,1755.14,1172.45,5.18,0.17,0.22,0.11,,0.0,-21.46,-2.39,67.08,0.01,-490.37,13437.8,15955.81,0.01
920077.BJ,吉林碳谷,58.32,62.4,82.26,4.19,5.03,5.18,3.45,,0.0,143.97,16.29,59.73,0.01,5.05,32.69,24.09,0.04
000510.SZ,新金路,102.1,-104.29,-100.24,8.84,-6.4,-6.16,-1.91,,0.0,-111.7,-11.36,46.88,0.01,扣非亏损,扣非亏损,亏损,-0.99
301626.SZ,苏州天脉,128.63,148.77,155.46,17.95,8.95,9.26,8.84,,0.0,2.24,10.22,12.37,0.01,15.2,34.74,32.13,0.04
001309.SZ,德明利,514.88,105.48,108.64,22.21,-2.05,-1.1,0.87,0.17,0.0,-112.55,76.05,73.28,0.01,1.43,-106.11,-191.77,0.01
601011.SH,宝泰隆,72.8,108.42,-22.76,1.26,-1.97,0.87,0.95,,0.0,58.24,-20.39,47.03,0.01,扣非亏损,扣非亏损,249.25,-0.99
300419.SZ,ST浩丰,28.17,-138.05,-116.03,6.53,-3.94,-3.48,-1.83,,0.0,-867.27,2.75,34.95,0.01,扣非亏损,扣非亏损,亏损,-0.99
300476.SZ,胜宏科技,2384.37,56.3,56.41,14.61,26.96,29.06,15.36,0.7,0.0,317.75,14.0,50.44,0.01,4.03,4.19,3.87,0.25
688319.SH,欧林生物,126.93,200.66,246.39,13.23,4.25,5.02,3.53,,0.0,12157.47,7.23,50.21,0.01,34.07,115.96,79.94,0.02
300779.SZ,惠城环保,165.28,561.49,1405.73,15.62,1.43,2.05,1.63,,0.0,-44.33,76.53,74.11,0.01,18.37,1966.06,547.8,0.01
000017.SZ,深中华A,31.47,119.29,125.71,13.15,8.33,8.62,9.32,,0.0,400.48,66.32,17.68,0.01,1.9,30.19,27.68,0.05
603499.SH,翔港科技,73.23,57.53,59.89,8.38,10.97,11.2,8.14,,0.0,212.86,11.53,38.55,0.01,5.19,10.92,10.27,0.1
002256.SZ,兆新股份,77.26,1206.66,-101.84,6.98,-2.01,0.44,1.78,,0.0,1.4,1.04,31.83,0.01,扣非亏损,扣非亏损,5484.8,-0.99
688365.SH,光云科技,85.16,-424.92,-254.33,8.99,-1.7,-1.58,-1.07,,0.0,70.98,-4.23,46.93,0.01,扣非亏损,扣非亏损,亏损,-0.99
300864.SZ,南大环境,34.77,21.98,25.25,2.64,8.31,9.0,6.64,,0.0,-6.66,17.38,27.93,0.01,1.45,6.08,4.88,0.18
300521.SZ,爱司凯,44.83,-169.42,-376.38,8.51,-3.9,-4.02,-3.19,,0.0,-88.59,9.33,16.2,0.01,扣非亏损,扣非亏损,亏损,-0.99
000592.SZ,平潭发展,211.23,511.7,-372.5,11.11,1.48,1.64,0.54,,0.0,29.73,1.62,40.09,0.01,扣非亏损,危险信号,624.02,0.01
002426.SZ,胜利精密,138.15,-141.74,-18.34,5.73,-3.9,-3.0,-0.02,,0.0,29.3,-12.54,63.52,0.01,扣非亏损,扣非亏损,亏损,-0.99
688216.SH,气派科技,31.73,-33.52,-25.54,5.88,-14.3,-12.43,-3.32,,0.0,-17.26,-3.47,68.03,0.01,扣非亏损,扣非亏损,亏损,-0.99
300308.SZ,中际旭创,5992.03,63.33,71.4,22.82,31.12,31.22,25.9,0.07,10.99,90.54,53.03,29.47,0.01,1.35,2.29,2.03,0.45
301339.SZ,通行宝,80.17,36.43,38.86,2.94,6.08,6.1,3.22,1.03,0.0,6.53,15.19,51.12,0.01,2.56,12.79,11.94,0.09
300817.SZ,双飞集团,24.11,68.48,73.06,4.13,4.24,4.36,3.66,0.38,55.1,-9.51,-1.13,18.67,0.01,-64.41,17.24,15.71,0.07
300461.SZ,田中精机,85.2,1479.28,-78.19,17.51,0.34,0.9,0.44,,0.0,105.04,-7.07,33.9,0.01,扣非亏损,危险信号,3287.28,0.01
002969.SZ,嘉美包装,289.13,556.89,200.12,12.62,1.46,1.62,2.08,0.16,96.62,-51.94,-2.13,44.23,0.01,-93.99,137.37,343.76,0.02
000862.SZ,银星能源,47.54,21.95,58.91,1.55,5.3,5.44,3.96,,0.0,38.73,-6.72,48.54,0.01,-8.76,22.24,8.07,0.06
301217.SZ,铜冠铜箔,340.97,407.71,-2132.9,6.3,0.89,1.16,1.28,0.06,50.0,141.1,5.76,27.94,0.01,扣非亏损,危险信号,351.47,0.01
300938.SZ,信测标准,83.68,46.79,54.62,5.33,9.63,10.31,8.63,,0.0,8.93,23.15,13.28,0.01,2.36,11.34,9.08,0.1
301396.SZ,宏景科技,116.4,163.84,406.91,18.22,8.38,8.7,4.15,0.08,12.73,373.02,-3.09,72.37,0.01,-131.8,48.56,18.83,0.03
002667.SZ,威领股份,71.24,-451.02,-27.16,22.34,-25.62,-3.64,0.39,,0.0,26.73,120.29,84.15,0.01,扣非亏损,扣非亏损,亏损,-0.99
688308.SH,欧科亿,148.27,217.51,-2499.82,5.75,1.05,1.98,1.56,,0.0,-54.43,4.54,32.83,0.01,扣非亏损,危险信号,219.7,0.01
600238.SH,*ST椰岛,24.13,-264.85,-17.42,23.94,-15.24,-6.56,0.34,,0.0,14.77,-39.36,85.19,0.01,扣非亏损,扣非亏损,亏损,-0.99
000935.SZ,四川双马,211.24,53.97,128.31,2.72,4.28,3.85,3.75,,0.0,46.89,-4.08,15.6,0.01,-31.45,59.97,28.04,0.03
300455.SZ,航天智装,171.06,-82.06,-132.46,10.27,-9.03,-8.92,-5.14,,0.0,-713.41,1.15,43.03,0.01,扣非亏损,扣非亏损,亏损,-0.99
002338.SZ,奥普光电,122.45,241.36,319.48,8.99,2.22,2.83,3.42,,0.0,-18.73,11.47,31.63,0.01,27.86,288.1,170.57,0.02
603859.SH,能科科技,99.84,45.36,49.5,3.27,4.92,5.55,5.62,,0.0,30.55,9.82,31.96,0.01,5.04,20.12,16.35,0.06
300101.SZ,振芯科技,129.06,104.67,428.94,7.02,4.11,5.08,3.74,,0.0,44.79,4.87,33.04,0.01,88.01,208.86,41.21,0.02
920510.BJ,丰光精密,14.85,-248.59,-207.31,7.27,-3.2,-2.19,-1.62,,0.0,-160.94,-3.51,26.22,0.01,扣非亏损,扣非亏损,亏损,-0.99
300027.SZ,华谊兄弟,42.24,-31.06,-9.44,17.92,-52.23,-37.4,-2.24,,0.0,-255.75,-11.94,87.69,0.01,扣非亏损,扣非亏损,亏损,-0.99
603655.SH,朗博科技,42.4,97.69,108.54,7.64,5.68,5.86,6.34,0.22,48.91,86.79,6.82,7.23,0.01,15.91,19.11,16.67,0.06
002379.SZ,宏桥控股,360.34,-1825.98,-2046.14,230.82,-9.5,-9.05,-5.19,,0.0,-185.24,5.5,40.55,0.01,扣非亏损,扣非亏损,亏损,-0.99
688498.SH,源杰科技,745.99,535.26,842.61,34.8,4.56,4.97,4.69,0.05,55.56,2322.6,15.85,9.08,0.01,53.15,184.8,107.7,0.02
300044.SZ,ST赛为,54.44,-81.21,-27.81,80.83,-18.64,-56.16,-6.53,,0.0,32.74,-38.19,94.23,0.01,扣非亏损,扣非亏损,亏损,-0.99
688787.SH,海天瑞声,91.71,1645.66,1162.07,12.55,0.13,0.57,0.13,,0.0,150.58,10.48,13.73,0.01,110.87,17474.8,5774.26,0.01
688356.SH,键凯科技,61.8,113.82,241.98,4.76,2.48,3.17,3.32,,0.0,23.57,-11.52,5.92,0.01,-21.0,195.27,71.81,0.02
002719.SZ,麦趣尔,15.25,-37.18,-8.45,8.54,-21.14,-15.85,-2.7,,0.0,39.35,-17.48,83.04,0.01,扣非亏损,扣非亏损,亏损,-0.99
002227.SZ,奥特迅,24.03,-36.66,-40.01,2.54,-5.6,-5.18,-2.88,,0.0,-75.76,6.9,36.65,0.01,扣非亏损,扣非亏损,亏损,-0.99
920106.BJ,林泰新材,30.18,27.51,29.25,7.25,20.51,21.43,20.56,,0.0,118.43,34.16,16.75,0.01,0.86,2.85,2.57,0.36
301125.SZ,腾亚精工,30.76,1930.92,597.96,5.74,0.03,0.22,-0.45,,0.0,-94.94,9.39,38.09,0.01,63.68,36684.62,17553.85,0.01
002168.SZ,*ST惠程,31.21,-54.16,-27.49,137.71,,56.54,0.25,,0.0,57.78,-14.77,93.66,0.01,扣非亏损,,危险信号,-0.51
300536.SZ,农尚环境,24.58,-24.1,-23.08,5.49,-15.82,-15.74,-11.4,,0.0,-72.83,56.27,43.81,0.01,扣非亏损,扣非亏损,亏损,-0.99
300900.SZ,广联航空,97.51,537.35,-104.96,9.66,-1.17,1.24,1.8,,0.0,-134.86,77.57,68.12,0.01,扣非亏损,扣非亏损,866.69,-0.99
300718.SZ,长盛轴承,141.8,87.29,96.53,13.05,10.61,11.15,10.41,0.2,40.0,8.88,4.95,15.26,0.01,19.51,9.09,7.83,0.12
688028.SH,沃尔德,159.28,167.3,186.43,8.12,3.43,3.63,3.54,0.19,41.59,-5.29,28.41,12.9,0.01,6.56,54.32,46.09,0.03
002796.SZ,世嘉科技,131.43,-214.15,-215.95,17.01,-6.62,-5.82,-3.59,,0.0,-1455.59,-9.46,42.64,0.01,扣非亏损,扣非亏损,亏损,-0.99
300923.SZ,研奥股份,22.28,66.79,51.01,2.02,1.99,2.24,2.19,,0.0,49.82,4.98,11.46,0.01,10.25,51.34,59.63,0.03
603880.SH,南卫股份,21.24,-63.92,-10.42,8.35,-10.64,-2.43,-0.88,,0.0,-133.11,4.62,73.87,0.01,扣非亏损,扣非亏损,亏损,-0.99
002222.SZ,福晶科技,293.77,101.53,120.11,16.87,12.37,13.09,12.92,0.18,0.0,17.17,8.44,19.51,0.01,14.22,19.42,15.51,0.06
603688.SH,石英股份,262.23,145.52,440.92,4.52,1.31,2.32,2.37,,0.0,-73.9,94.64,4.52,0.01,4.66,673.99,125.45,0.01
000534.SZ,万泽股份,202.84,91.24,104.3,13.19,10.7,11.58,5.13,,0.0,31.79,18.17,60.01,0.01,5.74,19.5,15.76,0.06
600783.SH,鲁信创投,160.56,37.52,97.85,3.39,6.63,6.8,5.37,,0.0,0.96,-13.46,48.72,0.01,-7.27,29.5,11.03,0.05
300561.SZ,*ST汇科,30.69,2062.19,-362.45,6.96,0.51,0.25,-0.06,,0.0,185.12,-17.64,11.36,0.01,扣非亏损,危险信号,16497.55,0.01
300440.SZ,运达科技,71.67,134.68,212.04,4.42,1.76,2.47,2.32,,0.0,-23.9,4.57,28.17,0.01,46.43,240.3,109.05,0.02
002141.SZ,贤丰控股,41.57,74.75,-36.6,5.07,-0.79,5.12,2.82,,0.0,71.21,90.17,29.23,0.01,扣非亏损,扣非亏损,29.2,-0.99
001267.SZ,汇绿生态,261.86,491.88,520.7,21.44,2.74,3.29,3.24,,0.0,64.42,-7.78,52.37,0.01,-66.92,380.49,299.01,0.01
600183.SH,生益科技,1519.07,47.31,56.21,9.92,15.64,15.7,11.05,0.56,67.8,81.25,1.28,45.39,0.01,43.81,3.59,3.01,0.29
603398.SH,*ST沐邦,42.45,-8.95,-3.06,6.61,-37.71,-43.36,-9.02,,0.0,1.54,61.58,82.22,0.01,扣非亏损,扣非亏损,亏损,-0.99
688201.SH,信安世纪,47.38,254.5,414.41,3.82,0.86,1.13,1.12,,0.0,121.87,0.01,11.56,0.01,29957.66,962.75,450.44,0.01
002880.SZ,卫光生物,69.06,32.81,28.66,2.97,6.86,6.97,5.94,,0.0,-12.67,15.11,30.56,0.01,1.9,8.36,9.41,0.13
688313.SH,仕佳光子,368.55,92.22,114.43,24.97,22.17,22.34,14.34,,0.0,1210.13,12.15,42.08,0.01,9.42,10.32,8.26,0.11
603009.SH,北特科技,176.48,146.2,201.72,10.52,5.01,5.52,3.7,,0.0,69.38,5.33,50.36,0.01,37.81,80.47,53.0,0.02
603530.SH,神马电力,283.75,77.58,78.62,17.55,16.03,15.11,12.31,,0.0,29.45,23.71,39.43,0.01,3.32,9.81,10.27,0.11
300097.SZ,ST智云,21.82,-15.67,-9.03,6.14,-27.19,-25.61,-13.67,,0.0,-1068.69,-14.12,49.05,0.01,扣非亏损,扣非亏损,亏损,-0.99
600719.SH,大连热电,27.35,-18.22,-19.05,9.28,-32.97,-32.48,-1.97,,0.0,3.82,0.03,88.13,0.01,扣非亏损,扣非亏损,亏损,-0.99
300366.SZ,ST创意,32.84,-14.17,-9.7,2.29,-11.52,-11.44,-7.01,,0.0,-0.7,-8.7,46.8,0.01,扣非亏损,扣非亏损,亏损,-0.99
688256.SH,寒武纪,4585.54,224.46,261.14,39.05,16.96,25.21,16.78,0.11,0.0,264.52,21.32,10.12,0.01,12.25,30.8,17.81,0.04
688060.SH,云涌科技,28.78,-224.37,-52.96,3.2,-1.47,-1.06,-0.94,,0.0,-614.27,-0.88,8.44,0.01,扣非亏损,扣非亏损,亏损,-0.99
301148.SZ,嘉戎技术,30.91,77.35,192.38,3.45,2.31,3.37,2.74,,0.0,15.04,-4.82,20.18,0.01,-39.88,166.89,45.91,0.02
300342.SZ,天银机电,169.49,531.55,434.56,10.97,1.55,1.54,1.27,,0.0,-56.01,1.82,24.45,0.01,238.61,560.51,690.33,0.01
603067.SH,振华股份,266.68,48.83,50.69,7.68,12.39,12.29,9.37,,0.0,11.93,10.89,35.74,0.01,4.65,8.18,7.95,0.13
688521.SH,芯原股份,1096.64,-237.23,-166.66,30.88,-15.39,-13.18,-5.3,,0.0,-3.46,3.94,45.19,0.01,扣非亏损,扣非亏损,亏损,-0.99
920263.BJ,中航泰达,12.24,64.81,59.0,2.91,3.29,3.43,2.57,,0.0,-56.47,-13.41,46.31,0.01,-4.4,35.83,37.79,0.04
301230.SZ,泓博医药,49.73,119.27,208.1,5.39,2.69,3.3,2.7,0.57,38.89,353.43,6.76,21.4,0.01,30.78,77.31,36.14,0.02
600563.SH,法拉电子,265.16,22.4,23.28,4.63,15.74,16.12,12.39,,0.0,15.35,20.21,30.86,0.01,1.15,2.96,2.78,0.35
600193.SH,*ST创兴,19.52,-189.62,-10.08,21.92,-22.9,-15.04,-0.95,,0.0,-3.49,-67.33,83.76,0.01,扣非亏损,扣非亏损,亏损,-0.99
002138.SZ,顺络电子,289.59,30.23,31.55,4.55,11.48,12.39,8.09,2.25,0.0,23.01,9.5,45.92,0.01,3.32,5.5,4.88,0.19
000777.SZ,中核科技,102.91,69.18,50.15,4.5,4.37,5.16,3.13,0.08,10.5,-5.54,6.27,38.23,0.01,7.99,11.49,13.41,0.1
000962.SZ,东方钽业,244.36,88.56,101.5,8.94,7.3,7.75,6.35,0.15,17.33,34.01,17.34,22.74,0.01,5.85,13.91,11.43,0.08
688519.SH,南亚新材,312.25,148.13,232.41,11.22,5.53,6.2,3.41,,0.0,282.1,-6.18,51.73,0.01,-37.59,84.13,47.78,0.02
688038.SH,中科通达,25.23,-275.27,-85.13,4.26,-1.51,-1.15,-0.97,,0.0,-1059.84,1.24,44.59,0.01,扣非亏损,扣非亏损,亏损,-0.99
920006.BJ,晟楠科技,12.27,135.66,-184.73,7.15,3.27,3.97,2.8,,0.0,37.04,-3.13,36.42,0.01,扣非亏损,危险信号,68.34,0.0
688502.SH,茂莱光学,174.12,285.82,357.02,14.47,3.28,3.82,3.06,0.03,20.86,109.45,15.51,23.28,0.01,23.01,108.94,74.82,0.02
688041.SH,海光信息,5479.39,209.52,253.96,25.02,8.62,9.3,8.76,0.04,0.0,23.18,63.84,24.12,0.01,3.98,58.92,45.06,0.03
300469.SZ,信息发展,181.23,-174.15,-130.96,47.56,-19.56,-18.58,-8.34,,0.0,-14.77,-11.66,61.91,0.01,扣非亏损,扣非亏损,亏损,-0.99
688393.SH,安必平,24.05,-167.5,-94.54,1.96,-1.37,-0.86,-1.57,,0.0,-174.5,2.75,8.64,0.01,扣非亏损,扣非亏损,亏损,-0.99
603595.SH,ST东尼,39.58,-203.28,-287.52,2.56,-1.78,-0.94,-0.23,,0.0,72.03,15.38,65.55,0.01,扣非亏损,扣非亏损,亏损,-0.99
603868.SH,飞科电器,161.22,26.45,41.44,4.93,12.93,14.34,14.52,,0.0,8.13,2.28,16.02,0.01,18.17,6.41,3.69,0.17
000721.SZ,西安饮食,42.83,-42.47,-36.33,22.04,-33.59,-32.58,-5.0,,0.0,3.96,13.21,82.56,0.01,扣非亏损,扣非亏损,亏损,-0.99
600989.SH,宝丰能源,2544.68,22.42,22.09,5.26,20.17,19.67,12.34,3.57,35.9,82.85,12.57,49.1,0.01,1.76,1.1,1.14,0.92
300268.SZ,*ST佳沃,19.11,-4.42,-3.67,-2.44,,,-5.77,,0.0,37.39,-7.47,11.32,0.01,扣非亏损,,,-10.0
688227.SH,品高股份,78.31,-178.86,-135.08,6.05,-2.94,-2.5,-1.98,,0.0,26.48,3.54,34.65,0.01,扣非亏损,扣非亏损,亏损,-0.99
603729.SH,龙韵股份,16.75,-19.31,-27.37,5.48,-20.1,-19.19,-8.26,,0.0,-3091.42,-22.25,58.29,0.01,扣非亏损,扣非亏损,亏损,-0.99
601606.SH,长城军工,316.63,-1336.6,-98.44,14.31,-1.43,-0.78,-0.31,,0.0,64.0,-5.39,49.78,0.01,扣非亏损,扣非亏损,亏损,-0.99
300199.SZ,翰宇药业,131.91,164.23,-164.04,24.07,8.28,11.62,5.57,,0.0,154.32,-2.08,78.99,0.01,扣非亏损,危险信号,28.27,-0.01
688682.SH,霍莱沃,45.88,488.76,-1191.71,7.13,0.06,1.08,0.8,,0.0,-94.58,-4.16,26.88,0.01,扣非亏损,危险信号,905.12,0.01
301177.SZ,迪阿股份,118.28,86.57,-276.41,1.9,0.08,1.63,2.17,,0.0,106.53,-31.05,18.91,0.01,扣非亏损,危险信号,106.23,0.01
688068.SH,热景生物,115.09,-79.22,-41.41,3.92,-4.94,-3.67,-3.92,,0.0,-45.99,-41.76,8.67,0.01,扣非亏损,扣非亏损,亏损,-0.99
300394.SZ,天孚通信,2521.52,129.32,140.84,51.8,32.32,31.3,31.32,0.25,43.18,50.44,48.55,16.45,0.01,2.9,4.36,4.13,0.24
688260.SH,昀冢科技,35.58,-18.3,-17.84,28.86,-87.91,-83.13,-10.65,,0.0,-10.09,3.1,93.26,0.01,扣非亏损,扣非亏损,亏损,-0.99
000533.SZ,顺钠股份,116.16,109.14,120.82,12.36,8.34,8.87,4.66,,0.0,8.96,18.39,61.14,0.01,6.57,28.97,24.61,0.04
603232.SH,格尔软件,54.05,-62.72,-676.37,4.06,-5.49,-4.73,-4.01,,0.0,-45.57,-4.22,14.74,0.01,扣非亏损,扣非亏损,亏损,-0.99
301182.SZ,凯旺科技,55.84,-82.59,-51.32,7.32,-6.87,-6.44,-3.29,,0.0,1.17,-0.21,56.57,0.01,扣非亏损,扣非亏损,亏损,-0.99
300333.SZ,兆日科技,33.48,-390.18,-152.37,5.79,-1.36,-1.11,0.94,,0.0,-128.18,-12.94,2.61,0.01,扣非亏损,扣非亏损,亏损,-0.99
600463.SH,空港股份,32.22,-37.96,-30.01,3.5,-7.25,-6.47,-2.02,,0.0,-5.98,-21.06,64.68,0.01,扣非亏损,扣非亏损,亏损,-0.99
600571.SH,信雅达,66.28,225.33,-806.85,5.63,-3.85,1.86,1.29,,0.0,-48.34,10.29,27.3,0.01,扣非亏损,扣非亏损,242.29,-0.99
002445.SZ,中南文化,106.25,97.33,341.66,4.71,1.94,3.72,3.32,,0.0,-33.69,24.63,20.21,0.01,13.87,352.92,52.33,0.01
603117.SH,万林物流,31.22,166.23,-454.07,3.03,0.42,1.38,1.5,,0.0,-68.26,-20.06,23.55,0.01,扣非亏损,危险信号,240.92,0.01
688183.SH,生益电子,671.61,45.19,53.25,13.02,23.58,23.06,13.7,0.31,46.15,526.11,10.9,54.02,0.01,4.89,2.26,1.96,0.45
600084.SH,中信尼雅,78.77,39516.79,3302.98,6.09,-0.5,0.01,0.2,,0.0,-19.08,-3.93,12.42,0.01,-840.27,-13091.47,6813239.84,0.01
605255.SH,天普股份,153.51,644.96,485.5,19.02,2.1,2.12,2.44,0.03,93.75,0.53,3.85,6.76,0.01,125.99,230.71,304.23,0.01
603211.SH,晋拓股份,61.46,82.48,125.48,5.0,3.58,4.61,3.62,,0.0,2.12,8.84,35.25,0.01,14.2,70.09,35.78,0.02
300189.SZ,神农种业,73.2,1121.76,-349.78,11.59,1.11,0.77,1.86,,0.0,158.97,3.42,37.4,0.01,扣非亏损,危险信号,2913.67,0.01
301269.SZ,华大九天,510.91,4229.27,-1118.95,9.83,-0.43,0.18,-0.46,,0.0,33.99,28.45,8.0,0.01,扣非亏损,扣非亏损,46991.94,-0.99
002529.SZ,*ST海源,18.17,-15.08,-9.87,9.4,-29.05,-37.32,-9.76,,0.0,11.15,-3.5,75.72,0.01,扣非亏损,扣非亏损,亏损,-0.99
300290.SZ,荣科科技,99.58,-235.74,-247.31,12.83,-4.79,-3.97,-1.55,,0.0,-115.44,-1.46,41.79,0.01,扣非亏损,扣非亏损,亏损,-0.99
301000.SZ,肇民科技,75.15,55.57,57.88,6.4,8.35,8.9,8.69,,0.0,9.31,9.98,14.65,0.01,5.8,13.87,12.49,0.08
002837.SZ,英维克,826.56,178.43,198.19,28.66,12.31,12.97,6.81,,0.0,14.76,27.32,53.9,0.01,7.26,32.19,27.51,0.04
300210.SZ,森远股份,43.49,386.91,-197.32,10.54,0.85,2.07,1.72,,0.0,106.48,2.79,58.7,0.01,扣非亏损,危险信号,373.83,0.01
300581.SZ,晨曦航空,79.49,-136.17,-198.33,8.32,-4.52,-4.48,-4.06,,0.0,-35.27,-11.9,19.89,0.01,扣非亏损,扣非亏损,亏损,-0.99
600603.SH,广汇物流,96.06,22.63,24.45,1.31,3.89,4.48,3.36,,0.0,-23.38,19.0,63.75,0.01,1.29,12.58,10.1,0.09
600234.SH,科新发展,39.17,94.48,370.61,7.83,1.0,6.49,3.92,,0.0,103.52,104.35,39.11,0.01,3.55,740.33,29.12,0.01
002248.SZ,华东数控,43.48,141.04,234.19,45.65,25.28,28.0,4.99,,0.0,204.55,3.4,80.7,0.01,68.88,18.53,10.07,0.06
603516.SH,淳中科技,296.63,-760.89,-3283.95,21.31,-2.44,-2.06,-2.65,,0.0,-172.64,3.86,8.19,0.01,扣非亏损,扣非亏损,亏损,-0.99
000980.SZ,众泰汽车,134.84,-45.52,-10.66,1074.01,-140.4,-179.96,-4.88,,0.0,53.78,-11.78,99.41,0.01,扣非亏损,扣非亏损,亏损,-0.99
300671.SZ,富满微,88.63,-112.1,-34.53,5.64,-5.05,-3.63,-1.71,,0.0,3.24,-18.52,36.43,0.01,扣非亏损,扣非亏损,亏损,-0.99
300329.SZ,海伦钢琴,34.29,-64.72,-28.61,5.07,-5.69,-5.71,-4.1,,0.0,-21.47,-31.79,37.06,0.01,扣非亏损,扣非亏损,亏损,-0.99
300085.SZ,银之杰,256.83,-351.44,-198.88,55.58,-14.15,-11.39,-5.47,,0.0,-13.88,-10.04,48.87,0.01,扣非亏损,扣非亏损,亏损,-0.99
688582.SH,芯动联科,155.16,78.25,78.57,10.27,9.67,9.96,9.65,0.24,40.0,84.89,34.64,3.13,0.01,2.27,8.12,7.86,0.13
300275.SZ,梅安森,32.77,70.42,75.23,3.95,3.94,4.33,3.39,,0.0,-16.3,17.44,29.27,0.01,4.31,38.22,32.53,0.04
002214.SZ,*ST大立,86.59,-65.89,-41.32,7.66,-9.02,-8.36,-5.62,,0.0,48.72,-26.25,34.35,0.01,扣非亏损,扣非亏损,亏损,-0.99
600191.SH,华资实业,62.8,82.24,710.3,3.71,1.02,3.44,3.3,,0.0,171.37,275.44,27.08,0.01,2.58,1392.6,47.82,0.01
920152.BJ,昆工科技,16.09,-27.34,-28.25,6.07,-16.4,-15.62,-3.78,,0.0,-190.43,4.23,73.04,0.01,扣非亏损,扣非亏损,亏损,-0.99
920642.BJ,通易航天,13.71,-62.36,-65.59,6.03,-7.5,-7.09,-4.39,,0.0,-30.45,23.09,43.21,0.01,扣非亏损,扣非亏损,亏损,-0.99
301013.SZ,利和兴,44.24,-62.21,-73.94,7.12,-8.12,-8.16,-4.93,,0.0,-632.95,15.61,50.5,0.01,扣非亏损,扣非亏损,亏损,-0.99
002190.SZ,成飞集成,124.3,-270.1,-245.56,2.37,-0.87,-1.31,0.02,,0.0,-31.02,23.49,31.62,0.01,扣非亏损,扣非亏损,亏损,-0.99
300344.SZ,*ST立方,11.99,-14.47,-8.84,5.31,-25.74,-25.73,-17.0,,0.0,-20.73,-14.01,42.63,0.01,扣非亏损,扣非亏损,亏损,-0.99
688205.SH,德科立,288.71,539.89,596.48,12.66,1.21,1.77,1.51,0.07,55.56,-48.17,5.03,16.81,0.01,118.67,493.33,305.02,0.01
002693.SZ,*ST双成,31.52,-945.32,-84.48,8.14,-1.5,-0.64,-0.05,,0.0,85.31,-18.17,49.32,0.01,扣非亏损,扣非亏损,亏损,-0.99
002816.SZ,*ST和科,23.86,265.75,-82.69,10.31,-1.19,2.96,0.8,,0.0,92.68,-24.28,48.45,0.01,扣非亏损,扣非亏损,179.56,-0.99
600816.SH,建元信托,148.21,388.02,311.56,1.92,1.04,0.37,0.11,,0.0,1.39,,35.7,0.01,,601.17,2097.41,0.01
000010.SZ,美丽生态,38.42,-122.43,119.6,15.95,-11.91,-9.94,0.72,,0.0,29.47,20.78,86.35,0.01,5.76,困境反转,亏损,0.05
688361.SH,中科飞测,406.58,-2925.77,-413.5,22.5,-5.61,-0.59,0.01,,0.0,-11.61,57.04,51.02,0.01,扣非亏损,扣非亏损,亏损,-0.99
301215.SZ,中汽股份,87.28,40.98,46.81,2.99,4.66,5.33,5.4,0.55,0.0,38.71,10.35,17.5,0.01,4.52,20.08,15.38,0.06
003021.SZ,兆威机电,236.85,126.44,141.68,8.97,4.83,5.51,4.18,,0.0,24.95,10.72,19.58,0.01,13.22,58.65,45.89,0.03
002931.SZ,锋龙股份,164.18,621.29,829.1,18.76,2.24,2.37,1.92,,0.0,2900.07,-11.38,15.92,0.01,-72.86,741.29,524.3,0.01
688656.SH,浩欧博,87.63,250.95,321.14,10.57,2.04,3.19,2.77,,0.0,-33.93,8.65,14.11,0.01,37.11,315.16,157.33,0.01
000995.SZ,皇台酒业,27.48,-288.82,-6675.61,18.64,-5.29,-4.77,-0.25,,0.0,-355.28,24.87,69.39,0.01,扣非亏损,扣非亏损,亏损,-0.99
920116.BJ,星图测控,148.03,183.75,241.52,28.09,7.25,11.91,9.28,,0.0,10.39,41.17,22.87,0.01,5.87,66.63,30.86,0.02
688577.SH,浙海德曼,76.43,185.58,215.27,7.66,2.67,3.05,2.1,,0.0,177.54,12.38,39.7,0.01,17.38,161.23,121.69,0.01
688055.SH,龙腾光电,147.33,-61.44,-63.49,3.59,-4.27,-4.28,-2.91,,0.0,7.61,-15.49,37.88,0.01,扣非亏损,扣非亏损,亏损,-0.99
002207.SZ,准油股份,29.13,-68.89,-87.8,82.63,-64.11,-62.05,-6.85,,0.0,-98.71,22.12,90.79,0.01,扣非亏损,扣非亏损,亏损,-0.99
688386.SH,泛亚微透,78.81,71.32,76.68,10.66,11.58,11.8,9.16,,0.0,34.24,17.71,43.04,0.01,4.33,13.24,12.09,0.08
688127.SH,蓝特光学,237.57,71.29,78.56,11.74,12.65,12.93,11.25,,0.0,55.79,42.33,25.23,0.01,1.86,12.42,11.03,0.09
688622.SH,禾信仪器,54.15,-112.2,-77.96,14.77,-10.59,-9.72,-4.91,,0.0,-19.05,-17.89,57.31,0.01,扣非亏损,扣非亏损,亏损,-0.99
000695.SZ,滨海能源,32.01,-50.73,-42.27,30.89,-37.87,-37.37,-2.25,,0.0,-5152.66,3.58,90.45,0.01,扣非亏损,扣非亏损,亏损,-0.99
920808.BJ,曙光数创,154.06,-170.11,-978.45,24.34,-10.74,-10.19,-4.95,,0.0,-105.31,10.16,56.97,0.01,扣非亏损,扣非亏损,亏损,-0.99
000670.SZ,盈方微,64.6,-114.88,-95.55,239.17,-115.71,-115.47,0.39,,0.0,-16.2,12.26,81.19,0.01,扣非亏损,扣非亏损,亏损,-0.99
688107.SH,安路科技,116.65,-45.75,-43.58,11.38,-19.58,-17.07,-14.93,,0.0,-14.13,4.61,12.73,0.01,扣非亏损,扣非亏损,亏损,-0.99
002082.SZ,万邦德,102.41,1900.67,-416.65,4.23,-1.38,0.17,0.54,,0.0,-952.19,-9.18,39.09,0.01,扣非亏损,扣非亏损,22360.86,-0.99
002319.SZ,乐通股份,26.32,-4391.58,-907.08,15.17,-0.62,-0.27,1.07,,0.0,95.36,0.98,70.12,0.01,扣非亏损,扣非亏损,亏损,-0.99
600053.SH,九鼎投资,71.75,-107.77,-25.65,2.79,-1.93,-1.92,-2.11,,0.0,-3863.84,31.71,8.09,0.01,扣非亏损,扣非亏损,亏损,-0.99
300503.SZ,昊志机电,115.96,91.5,161.75,11.03,7.66,9.65,5.81,,0.0,102.52,6.0,55.66,0.01,26.94,42.22,18.96,0.03
605086.SH,龙高股份,64.08,60.1,66.61,5.01,5.49,6.26,7.11,0.2,30.0,-22.08,6.23,4.93,0.01,10.68,12.13,9.6,0.09
600589.SH,大位科技,160.56,317.96,-165.63,22.67,-10.27,5.52,3.44,,0.0,-20.78,-16.13,76.41,0.01,扣非亏损,扣非亏损,115.2,-0.99
603928.SH,兴业股份,40.96,41.48,56.14,2.64,4.56,4.8,4.72,0.5,47.06,88.52,-8.84,13.75,0.01,-6.35,12.32,8.64,0.09
000890.SZ,法尔胜,46.52,-153.27,-53.26,-839.3,-395.74,,-1.74,,0.0,44.58,-20.88,95.07,0.01,扣非亏损,扣非亏损,,-0.99
002514.SZ,宝馨科技,26.87,-48.1,-5.71,28.35,-34.27,-36.19,-2.04,,0.0,67.72,-16.48,92.76,0.01,扣非亏损,扣非亏损,亏损,-0.99
002652.SZ,扬子新材,28.21,-135.59,-75.02,11.25,-6.22,-6.04,-2.12,,0.0,-15.71,-19.39,44.01,0.01,扣非亏损,扣非亏损,亏损,-0.99
603335.SH,迪生力,27.1,-52.6,-14.77,12.53,-36.62,-16.26,-3.04,,0.0,-23.98,-2.95,73.4,0.01,扣非亏损,扣非亏损,亏损,-0.99
300065.SZ,海兰信,172.5,356.98,3611.81,10.8,0.98,2.3,1.63,,0.0,236.7,-21.58,21.83,0.01,-167.37,7340.33,310.41,0.01
688109.SH,品茗科技,104.31,161.53,184.88,13.1,5.14,5.99,5.19,0.24,75.0,681.12,-1.89,12.88,0.01,-97.85,35.99,26.97,0.04
301237.SZ,和顺科技,40.1,-159.13,-95.12,3.72,-1.94,-1.73,-1.69,,0.0,15.39,-6.07,28.21,0.01,扣非亏损,扣非亏损,亏损,-0.99
600281.SH,华阳新材,30.81,33.55,-20.05,23.59,-57.27,71.86,9.6,,0.0,37.4,14.2,86.5,0.01,扣非亏损,扣非亏损,0.93,-0.99
688110.SH,东芯股份,588.19,-301.77,-274.14,18.91,-5.28,-4.65,-4.58,,0.0,-9.03,-10.62,5.21,0.01,扣非亏损,扣非亏损,亏损,-0.99
300984.SZ,金沃股份,54.21,151.84,198.85,7.28,3.52,3.7,3.11,,0.0,61.07,9.08,33.03,0.01,21.9,113.03,82.07,0.02
603779.SH,威龙股份,22.55,-146.43,1119.31,4.12,-2.16,-2.11,-0.01,,0.0,-455.26,-0.65,47.84,0.01,-1728.22,困境反转,亏损,0.01
002596.SZ,海南瑞泽,46.55,-43.04,-16.51,6.97,-13.72,-11.45,-0.1,,0.0,0.93,-21.9,80.32,0.01,扣非亏损,扣非亏损,亏损,-0.99
688336.SH,三生国健,350.77,66.1,92.21,5.96,6.14,6.95,5.03,0.06,10.65,62.39,9.81,33.51,0.01,9.4,15.01,9.51,0.07
688535.SH,华海诚科,66.25,453.6,630.77,11.79,1.81,1.92,1.83,,0.0,-44.28,-0.71,28.07,0.01,-883.47,695.29,472.5,0.01
002193.SZ,如意集团,16.51,-10.32,-2.71,3.02,-19.42,-19.74,-3.8,,0.0,-67.08,-10.76,79.46,0.01,扣非亏损,扣非亏损,亏损,-0.99
002896.SZ,中大力德,151.15,198.15,265.19,12.65,3.77,4.83,3.94,,0.0,-2.82,1.69,33.97,0.01,156.58,140.82,82.05,0.01
600753.SH,*ST海钦,29.09,84.96,-17.62,130.81,207.8,273.19,16.49,,0.0,127.89,-30.33,92.11,0.01,扣非亏损,危险信号,0.62,-5.89
600215.SH,派斯林,32.9,-29.16,-30.32,1.62,-4.32,-4.24,-2.64,,0.0,-204.34,18.66,36.33,0.01,扣非亏损,扣非亏损,亏损,-0.99
920171.BJ,志晟信息,13.37,-378.95,-42.01,9.44,-5.34,-1.85,-0.28,,0.0,65.01,-16.98,39.84,0.01,扣非亏损,扣非亏损,亏损,-0.99
688017.SH,绿的谐波,362.99,290.65,522.93,10.35,2.18,2.7,2.82,,0.0,44.21,-3.59,9.83,0.01,-145.47,478.72,215.3,0.01
002607.SZ,中公教育,160.47,146.86,1799.94,22.06,11.55,11.94,3.88,,0.0,-43.67,-27.04,86.35,0.01,-66.57,311.62,24.6,0.01
300255.SZ,常山药业,383.69,-643.04,-125.62,25.33,-3.1,-2.91,0.25,,0.0,-69.41,-29.28,68.26,0.01,扣非亏损,扣非亏损,亏损,-0.99
300029.SZ,*ST天龙,9.98,-51.11,-26.73,-56.7,,,-6.61,,0.0,-174.56,-9.99,106.02,0.01,扣非亏损,,,-10.0
300757.SZ,罗博特科,584.31,-652.25,-569.5,39.04,-7.91,-5.75,-2.26,,0.0,-248.35,9.19,53.49,0.01,扣非亏损,扣非亏损,亏损,-0.99
600365.SH,ST通葡,13.8,-22.65,-26.87,5.6,-14.41,-17.72,-4.19,,0.0,-71.88,8.96,66.11,0.01,扣非亏损,扣非亏损,亏损,-0.99
300963.SZ,中洲特材,63.27,139.67,153.28,9.08,4.15,5.0,3.56,,0.0,-35.71,16.97,40.09,0.01,9.03,73.93,55.87,0.02
300508.SZ,维宏股份,33.45,44.58,68.91,5.25,5.72,9.42,7.59,,0.0,-2.64,4.37,20.37,0.01,15.75,24.08,9.47,0.05
001270.SZ,*ST铖昌,227.74,191.46,267.19,15.66,6.2,6.4,5.72,,0.0,310.06,2.92,7.24,0.01,91.56,86.18,59.83,0.02
603261.SH,*ST立航,25.29,-42.72,-23.53,3.74,-6.54,-6.0,-4.56,,0.0,-23.44,2.73,35.69,0.01,扣非亏损,扣非亏损,亏损,-0.99
688091.SH,上海谊众,109.41,161.98,518.38,7.49,3.37,3.54,2.6,,0.0,55.38,1895.87,5.36,0.01,0.27,307.62,91.51,0.01
603226.SH,菲林格尔,138.64,-297.19,-258.47,15.27,-4.19,-3.78,-3.61,,0.0,-30.54,-24.16,28.14,0.01,扣非亏损,扣非亏损,亏损,-0.99
300182.SZ,捷成股份,139.15,57.96,503.13,1.95,1.84,2.55,2.15,,0.0,-57.94,-7.05,27.24,0.01,-71.4,547.39,45.46,0.01
688191.SH,智洋创新,118.03,192.67,257.46,13.51,4.06,5.21,3.53,0.31,0.0,25.66,14.28,41.18,0.01,18.03,126.91,73.96,0.01
688300.SH,联瑞新材,219.74,74.9,84.41,13.45,12.92,14.05,12.05,,0.0,19.72,16.14,26.38,0.01,5.23,13.07,10.66,0.08
688359.SH,三孚新科,83.59,-215.83,-277.88,13.44,-5.77,-5.0,-2.94,,0.0,-3.6,19.46,44.18,0.01,扣非亏损,扣非亏损,亏损,-0.99
603879.SH,永悦科技,22.06,-178.8,-17.53,8.6,-3.65,-3.57,-3.76,,0.0,72.42,-0.53,11.85,0.01,扣非亏损,扣非亏损,亏损,-0.99
000633.SZ,合金投资,27.96,288.91,185.92,14.23,3.51,3.77,3.94,,0.0,134.1,19.95,32.92,0.01,9.32,106.03,153.27,0.02
300198.SZ,ST纳川,27.5,-19.13,-9.87,149.41,-123.47,-148.88,-5.02,,0.0,-21.21,-35.82,99.31,0.01,扣非亏损,扣非亏损,亏损,-0.99
600343.SH,航天动力,206.27,-141.6,-109.62,15.21,-6.44,-7.75,-3.95,,0.0,-9.65,-7.53,52.46,0.01,扣非亏损,扣非亏损,亏损,-0.99
300368.SZ,汇金股份,62.79,-91.21,-26.38,33.7,-30.82,-33.33,-6.78,,0.0,35.16,-50.24,50.33,0.01,扣非亏损,扣非亏损,亏损,-0.99
688190.SH,云路股份,128.76,38.66,38.65,4.8,9.31,9.68,8.66,0.82,21.28,-4.27,28.11,22.26,0.01,1.37,4.15,3.99,0.25
000889.SZ,中嘉博创,30.1,-82.82,-84.24,45.64,-30.41,-34.26,-3.04,,0.0,-9.82,-8.55,92.0,0.01,扣非亏损,扣非亏损,亏损,-0.99
000908.SZ,*ST景峰,44.43,-149.54,-66.38,238.24,-57.56,-74.84,-2.61,,0.0,-0.7,-18.3,104.3,0.01,扣非亏损,扣非亏损,亏损,-0.99
300300.SZ,海峡创新,87.88,-382.39,-60.93,61.95,-50.81,-10.8,1.43,,0.0,-17.4,-17.98,85.15,0.01,扣非亏损,扣非亏损,亏损,-0.99
300313.SZ,*ST天山,15.12,-117.75,-43.9,53.4,-97.61,-76.43,-0.17,,0.0,63.24,16.96,83.93,0.01,扣非亏损,扣非亏损,亏损,-0.99
300277.SZ,海联讯,158.08,5967.38,7011.99,63.88,0.21,0.8,1.24,,0.0,141.12,-0.55,27.33,0.01,-12780.06,65902.18,14918.45,0.01
600265.SH,ST景谷,25.56,-9.0,-10.59,294.16,-218.6,-410.21,-44.49,,0.0,-579.02,126.46,95.51,0.01,扣非亏损,扣非亏损,亏损,-0.99
003041.SZ,真爱美家,95.57,32.75,130.44,6.87,4.19,15.95,12.16,0.74,29.26,43.37,-1.85,30.8,0.01,-70.64,31.16,2.05,0.04
300472.SZ,*ST新元,19.31,-18.42,-4.52,-36.47,,,-6.37,,0.0,22.1,-35.94,108.2,0.01,扣非亏损,,,-10.0
688548.SH,广钢气体,176.47,125.94,142.68,5.69,2.99,3.4,2.98,0.25,41.11,3.86,21.51,33.28,0.01,6.63,47.71,37.04,0.03
603863.SH,松炀资源,42.4,-36.66,-20.88,11.65,-21.08,-20.55,-5.5,,0.0,18.66,12.12,67.89,0.01,扣非亏损,扣非亏损,亏损,-0.99
300352.SZ,北信源,90.64,-46.47,-38.97,8.35,-12.67,-12.63,-8.82,,0.0,-246.05,-6.05,39.01,0.01,扣非亏损,扣非亏损,亏损,-0.99
300736.SZ,百邦科技,26.84,-119.77,-152.84,33.47,-19.02,-19.97,-13.12,,0.0,16.63,32.16,37.81,0.01,扣非亏损,扣非亏损,亏损,-0.99
000981.SZ,山子高科,400.51,72.27,-34.26,25.0,-30.71,34.0,4.83,,0.0,27.23,9.97,79.94,0.01,扣非亏损,扣非亏损,4.25,-0.99
688668.SH,鼎通科技,186.71,79.3,99.17,9.82,9.0,7.72,8.39,0.16,24.1,134.46,26.74,20.76,0.01,3.71,11.02,10.27,0.1
002916.SZ,深南电路,1663.55,52.03,54.74,9.94,14.17,15.14,9.59,1.03,0.0,58.56,9.81,43.65,0.01,5.58,7.73,6.87,0.13
000668.SZ,*ST荣控,19.76,-54.09,-5.46,2.8,-3.98,-3.81,-1.86,,0.0,34.58,28.46,44.26,0.01,扣非亏损,扣非亏损,亏损,-0.99
600397.SH,江钨装备,158.0,-38.63,-35.44,101.62,-164.16,-93.99,-5.93,,0.0,-80.58,-16.42,55.98,0.0,扣非亏损,扣非亏损,亏损,-1.0
300669.SZ,沪宁股份,60.64,327.02,429.89,7.33,1.3,1.67,1.44,,0.0,-45.68,-7.03,12.46,0.0,-61.14,663.51,391.64,0.01
603663.SH,三祥新材,211.79,203.99,260.82,16.04,5.9,5.8,4.55,,0.0,12.33,10.62,34.65,0.0,24.56,88.43,70.34,0.02
300052.SZ,ST中青宝,35.53,-97.66,-81.56,9.4,-7.5,-6.96,-2.15,,0.0,23.39,-12.12,55.0,0.0,扣非亏损,扣非亏损,亏损,-1.0
300086.SZ,康芝药业,37.99,-30.46,-23.03,3.74,-9.01,-8.85,-5.09,,0.0,30.24,-11.33,42.86,0.0,扣非亏损,扣非亏损,亏损,-1.0
688585.SH,上纬新材,500.21,619.61,664.39,37.5,4.2,4.6,3.96,,0.0,-8.48,-9.43,40.37,0.0,-70.48,316.14,269.39,0.01
300301.SZ,ST长方,24.8,-22.53,-27.81,15.84,-93.19,-45.4,-8.56,,0.0,-71.13,-28.87,81.08,0.0,扣非亏损,扣非亏损,亏损,-1.0
600421.SH,*ST华嵘,15.63,-550.45,-349.72,253.53,-35.1,-29.5,0.14,,0.0,27.86,-3.49,91.55,0.0,扣非亏损,扣非亏损,亏损,-1.0
300056.SZ,中创环保,35.82,-57.53,-23.86,24.29,-29.76,-27.48,-6.43,,0.0,-15.68,-23.4,90.24,0.0,扣非亏损,扣非亏损,亏损,-1.0
600671.SH,天目药业,25.96,137.11,90.47,39.01,18.29,23.89,3.44,,0.0,238.38,21.44,78.06,0.0,4.22,9.89,11.48,0.11
600725.SH,云维股份,64.33,-278.63,-89.25,22.96,-6.19,-5.99,-4.84,,0.0,-96.06,-23.25,18.87,0.0,扣非亏损,扣非亏损,亏损,-1.0
688111.SH,金山办公,1291.74,82.21,75.35,10.65,9.78,9.97,7.62,,0.0,15.94,16.04,27.08,0.0,4.7,15.4,16.49,0.07
002848.SZ,*ST高斯,21.16,-38.27,-19.14,18.58,-35.06,-31.62,-8.34,,0.0,35.77,-36.96,73.59,0.0,扣非亏损,扣非亏损,亏损,-1.0
300478.SZ,杭州高新,32.38,-146.51,-129.33,63.04,-27.99,-27.79,-3.53,,0.0,2.38,-0.19,83.7,0.0,扣非亏损,扣非亏损,亏损,-1.0
002323.SZ,雅博股份,53.86,-66.99,-31.32,15.41,-14.16,-15.88,-5.23,,0.0,16.68,137.98,63.63,0.0,扣非亏损,扣非亏损,亏损,-1.0
920575.BJ,康乐卫士,17.04,-8.34,-8.06,7.87,-52.49,-52.3,-14.27,,0.0,16.99,178.36,78.36,0.0,扣非亏损,扣非亏损,亏损,-1.0
600889.SH,南京化纤,58.8,-172.04,-20.59,24.05,-33.81,-13.08,-3.29,,0.0,16.07,13.88,71.26,0.0,扣非亏损,扣非亏损,亏损,-1.0
920275.BJ,驱动力,10.84,248.99,190.83,5.63,1.62,1.67,1.76,,0.0,-58.84,-18.53,3.2,0.0,-10.3,235.86,298.2,0.01
688195.SH,腾景科技,307.36,361.3,413.52,31.83,6.49,6.78,5.8,,0.0,14.96,14.47,27.87,0.0,28.58,127.36,106.58,0.01
603256.SH,宏和科技,620.91,344.97,462.58,40.22,8.57,9.14,6.68,,0.0,5339.23,3.33,44.32,0.0,138.87,107.95,75.49,0.01
002177.SZ,御银股份,61.22,442.9,1014.43,4.04,0.54,0.69,0.11,0.06,14.29,-24.9,-7.45,1.49,0.0,-136.09,1887.31,641.89,0.0
688048.SH,长光华芯,305.05,1092.46,-457.1,10.15,-0.81,0.7,-0.07,,0.0,76.56,-13.64,9.61,0.0,扣非亏损,扣非亏损,3121.32,-1.0
600165.SH,ST宁科,26.9,-17.72,-37.19,-33.1,,,-11.79,,0.0,53.67,37.06,101.86,0.0,扣非亏损,,,-10.0
603826.SH,坤彩科技,162.36,199.38,448.72,8.32,2.9,3.18,2.15,,0.0,4.71,3.31,60.44,0.0,135.73,309.47,125.4,0.01
688011.SH,新光光电,65.48,-211.49,-90.0,6.14,-3.26,-2.16,-1.89,,0.0,21.0,6.15,13.22,0.0,扣非亏损,扣非亏损,亏损,-1.0
300716.SZ,ST泉为,23.71,-30.24,-22.43,-2255.84,-419.77,,-10.4,,0.0,20.01,-40.84,109.06,0.0,扣非亏损,扣非亏损,,-1.0
603991.SH,至正股份,75.11,-391.09,-316.8,77.65,-14.48,-13.92,-4.94,0.01,0.0,-73.34,46.07,58.14,0.0,扣非亏损,扣非亏损,亏损,-1.0
603389.SH,*ST亚振,114.03,-272.27,-122.62,48.75,-13.6,-12.73,-2.78,,0.0,40.85,-9.46,76.52,0.0,扣非亏损,扣非亏损,亏损,-1.0
688197.SH,首药控股,24.07,-27.11,-24.14,8.55,-23.08,-21.15,-18.44,,0.0,1.87,25.2,14.12,0.0,扣非亏损,扣非亏损,亏损,-1.0
300264.SZ,佳创视讯,37.82,-186.23,-69.15,452.08,-130.64,-97.06,-6.4,,0.0,36.44,3.63,96.23,0.0,扣非亏损,扣非亏损,亏损,-1.0
301005.SZ,超捷股份,193.92,518.92,2099.05,25.57,3.01,3.74,2.68,,0.0,9.76,17.34,37.8,0.0,121.07,1394.49,277.49,0.0
002031.SZ,巨轮智能,137.26,-130.52,-49.39,7.33,-4.78,-4.12,-1.1,,0.0,-4980.24,-17.24,46.71,0.0,扣非亏损,扣非亏损,亏损,-1.0
002868.SZ,*ST绿康,43.35,-45.21,-45.7,99.65,,,-2.7,,0.0,48.13,24.19,107.55,0.0,扣非亏损,,,
002348.SZ,高乐股份,78.7,-530.1,-147.97,18.53,-6.99,-2.59,-0.47,,0.0,2.62,-8.52,37.76,0.0,扣非亏损,扣非亏损,亏损,-1.0
605376.SH,博迁新材,244.57,121.01,167.94,14.85,8.9,9.46,9.1,,0.0,105.08,2.16,16.82,0.0,77.73,37.75,25.58,0.03
688047.SH,龙芯中科,582.05,-110.85,-80.23,22.77,-15.71,-14.34,-12.13,,0.0,-16.4,-23.44,18.43,0.0,扣非亏损,扣非亏损,亏损,-1.0
605089.SH,味知香,36.16,51.26,60.1,2.95,3.58,4.24,4.39,,0.0,-33.53,-3.8,11.95,0.0,-15.82,33.57,24.18,0.03
002306.SZ,*ST云网,18.8,-74.76,-105.69,-52.7,,,-2.7,,0.0,43.2,14.09,91.09,0.0,扣非亏损,,,-10.0
002575.SZ,群兴玩具,46.31,-171.26,-153.18,5.88,-2.84,-2.6,-3.14,,0.0,-49.5,177.49,11.06,0.0,扣非亏损,扣非亏损,亏损,-1.0
688636.SH,智明达,72.15,68.47,72.14,6.39,6.84,7.2,5.36,,0.0,661.58,2.99,35.79,0.0,24.1,21.11,19.02,0.05
002629.SZ,仁智股份,26.41,-94.28,-1828.49,74.25,-44.98,-45.83,-6.11,,0.0,-186.79,36.89,80.97,0.0,扣非亏损,扣非亏损,亏损,-1.0
002289.SZ,*ST宇顺,76.18,-482.94,-433.02,34.85,-5.74,-5.27,-0.98,,0.0,22.83,10.1,45.77,0.0,扣非亏损,扣非亏损,亏损,-1.0
002569.SZ,*ST步森,20.83,-283.71,-48.79,74.27,-14.62,-17.9,-2.67,,0.0,60.78,-18.42,86.21,0.0,扣非亏损,扣非亏损,亏损,-1.0
688198.SH,佰仁医疗,139.66,113.0,83.68,11.21,6.41,7.39,6.49,,0.0,44.84,26.06,17.09,0.0,3.21,26.09,30.58,0.04
600338.SH,西藏珠峰,168.21,28.9,35.48,3.86,10.89,10.87,6.9,,0.0,99.54,-5.87,33.9,0.0,-6.04,6.52,5.32,0.15
002501.SZ,利源股份,68.8,-58.41,-11.21,26.12,-29.21,-28.77,-8.14,,0.0,25.42,0.75,72.12,0.0,扣非亏损,扣非亏损,亏损,-1.0
301079.SZ,邵阳液压,26.82,1279.8,-329.54,8.89,0.03,0.52,0.49,,0.0,-99.06,-0.28,45.99,0.0,扣非亏损,危险信号,4922.32,0.0
300152.SZ,ST新动力,17.67,-183.32,-30.37,7.51,-5.16,-3.04,-0.61,,0.0,-575.72,2.74,68.44,0.0,扣非亏损,扣非亏损,亏损,-1.0
000711.SZ,ST京蓝,109.08,-97.0,-91.0,23.41,-16.41,-16.85,-9.75,,0.0,-40.97,17.22,49.29,0.0,扣非亏损,扣非亏损,亏损,-1.0
000001.SZ,平安银行,2121.03,4.15,4.89,0.47,7.56,8.28,,2.07,20.0,-3.72,-4.39,91.02,,-1.11,0.65,0.5,1.54
000563.SZ,陕国投A,182.57,12.74,12.77,0.96,5.44,5.46,4.92,2.61,7.05,7.43,17.01,34.34,,0.75,2.35,2.33,0.43
001227.SZ,兰州银行,99.53,6.7,7.31,0.44,3.75,4.27,,2.16,34.25,2.39,0.21,92.2,,34.0,1.95,1.57,0.51
002142.SZ,宁波银行,2055.86,6.87,7.09,0.94,9.26,10.36,,1.07,13.39,8.22,8.09,92.9,,0.88,0.77,0.66,1.31
002807.SZ,江阴银行,114.79,6.74,5.38,0.6,6.52,6.79,,2.19,0.0,14.94,5.68,90.68,,0.95,1.65,1.99,0.61
002839.SZ,张家港行,112.58,5.38,5.72,0.61,7.86,8.15,,2.19,27.03,8.44,0.8,90.72,,7.19,0.73,0.66,1.37
002936.SZ,郑州银行,135.67,5.77,9.15,0.38,4.14,5.06,,,0.0,2.66,-4.41,92.25,,-2.07,4.42,2.28,0.23
002948.SZ,青岛银行,166.52,5.85,6.54,0.78,8.8,9.87,,,0.0,17.54,6.63,93.84,,0.99,1.49,1.19,0.67
002958.SZ,青农商行,172.43,3.98,6.23,0.48,7.44,8.69,,,0.0,5.89,2.42,90.75,,2.57,1.68,0.92,0.6
002966.SZ,苏州银行,364.89,6.22,6.95,0.74,7.94,9.02,,2.53,31.82,7.27,4.17,92.09,,1.67,0.88,0.69,1.14
301680.SZ,固德电材,19.74,54.31,55.17,12.6,,,11.87,,0.0,1.87,,30.87,,,,,
600000.SH,浦发银行,3417.18,6.6,6.95,0.49,4.96,5.67,,,0.0,14.54,-3.61,91.5,,-1.92,2.8,2.33,0.36
600015.SH,华夏银行,1101.73,4.75,4.22,0.37,4.88,5.41,,1.46,15.15,-3.65,0.48,91.88,,8.82,0.86,0.88,1.16
600016.SH,民生银行,1404.3,4.56,5.66,0.31,4.33,4.61,,3.55,30.22,-5.47,-6.66,91.1,,-0.85,1.31,0.99,0.76
600036.SH,招商银行,8202.07,6.61,6.74,0.92,9.12,10.47,,2.41,35.05,0.61,0.65,89.92,,10.32,0.74,0.63,1.35
600901.SH,江苏金租,375.8,11.53,12.11,1.5,9.88,9.92,,2.12,48.15,10.17,10.23,84.28,,1.18,1.22,1.16,0.82
600908.SH,无锡银行,118.76,5.34,5.64,0.58,7.69,8.25,,1.85,17.74,6.75,2.81,91.18,,2.01,0.73,0.65,1.36
600919.SH,江苏银行,1972.77,4.84,5.8,0.77,9.55,11.9,,3.18,32.13,9.08,8.24,92.97,,0.7,0.61,0.41,1.65
600926.SH,杭州银行,1243.93,5.87,6.61,0.94,10.53,12.68,,2.49,21.71,15.01,9.37,92.9,,0.71,0.63,0.46,1.59
600928.SH,西安银行,165.88,6.15,6.22,0.48,5.64,5.98,,,0.0,6.57,4.85,92.82,,1.28,2.21,2.06,0.45
601009.SH,南京银行,1382.25,5.76,6.48,0.76,8.92,10.53,,2.68,27.1,8.39,7.19,92.73,,0.9,0.73,0.55,1.38
601077.SH,渝农商行,616.03,5.55,6.68,0.6,7.93,8.14,,3.15,30.35,7.11,-2.83,91.56,,-2.36,0.84,0.68,1.19
601128.SH,常熟银行,238.79,5.33,5.71,0.8,11.31,11.26,,2.13,25.42,12.22,12.55,91.9,,0.46,0.51,0.47,1.98
601166.SH,兴业银行,3984.97,4.74,5.17,0.51,7.09,7.55,,2.68,29.58,0.42,-1.34,91.54,,-3.87,0.73,0.63,1.37
601169.SH,北京银行,1160.75,4.13,4.41,0.42,5.67,7.4,,,0.0,-0.03,1.82,92.09,,2.42,1.56,1.12,0.64
601187.SH,厦门银行,194.87,7.55,7.49,0.74,6.04,6.64,,1.91,34.15,0.05,2.91,92.52,,2.57,1.24,1.14,0.81
601229.SH,上海银行,1402.43,5.82,5.77,0.58,7.04,7.53,,2.97,32.26,3.95,-1.85,92.12,,-3.12,0.82,0.77,1.22
601288.SH,农业银行,21133.97,7.87,8.03,0.85,7.06,7.85,,1.56,32.3,3.27,0.99,93.4,,8.09,1.14,1.0,0.88
601328.SH,交通银行,1785.96,6.49,6.43,0.53,5.74,6.36,,2.16,26.49,2.07,0.84,91.67,,7.69,1.12,1.02,0.89
601398.SH,工商银行,19412.08,7.13,7.01,0.67,6.62,6.98,,1.78,30.74,0.67,-2.96,92.06,,-2.37,1.06,1.02,0.94
601528.SH,瑞丰银行,97.13,5.4,5.88,0.57,7.57,7.98,,,0.0,12.87,9.89,91.5,,0.59,1.55,1.35,0.64
601577.SH,长沙银行,394.03,4.51,4.81,0.56,8.26,9.36,,2.06,18.52,5.91,7.54,93.31,,0.64,0.58,0.48,1.72
601658.SH,邮储银行,3409.82,5.98,7.03,0.6,7.0,8.0,,2.26,28.6,1.54,3.05,93.73,,2.3,1.0,0.75,1.0
601665.SH,齐鲁银行,356.31,6.74,6.57,0.74,7.74,8.8,,2.11,22.41,15.75,7.13,93.22,,0.92,0.85,0.77,1.18
601818.SH,光大银行,1545.35,3.99,4.82,0.4,6.27,6.62,,3.01,27.63,-2.78,-3.9,91.62,,-1.24,0.77,0.6,1.3
601825.SH,沪农商行,825.89,6.03,6.9,0.67,8.42,8.36,,2.59,33.01,4.68,3.33,91.64,,2.07,0.82,0.72,1.22
601838.SH,成都银行,726.89,5.74,5.46,0.86,10.09,11.4,,,0.0,5.57,8.75,92.65,,0.62,1.08,1.01,0.92
601860.SH,紫金银行,101.22,6.5,7.05,0.52,5.95,5.96,,1.81,20.0,-10.43,-0.28,92.86,,-24.88,1.18,1.09,0.84
601916.SH,浙商银行,667.88,5.47,5.98,0.48,5.96,6.62,,,0.0,-7.51,7.54,93.9,,0.79,2.01,1.65,0.5
601939.SH,建设银行,877.82,6.98,7.11,0.7,7.38,7.74,,2.0,28.58,0.46,-1.52,91.94,,-4.69,0.96,0.9,1.04
601963.SH,重庆银行,212.39,6.02,7.09,0.71,7.84,8.71,,1.55,0.0,11.16,-1.86,93.55,,-3.81,1.81,1.38,0.55
601988.SH,中国银行,11360.26,7.33,7.27,0.65,6.0,6.74,,1.91,30.39,1.25,3.21,91.38,,2.27,1.21,1.09,0.83
601997.SH,贵阳银行,215.72,4.13,4.27,0.34,5.79,6.26,,,0.0,-0.85,-0.11,90.57,,-38.59,1.48,1.32,0.68
601998.SH,中信银行,3061.3,5.87,6.02,0.58,6.57,7.05,,2.44,30.32,2.69,1.5,91.49,,4.01,0.92,0.83,1.09
603323.SH,苏农银行,102.34,4.49,5.18,0.55,9.23,9.02,,1.78,15.52,5.72,2.89,91.75,,1.79,0.56,0.5,1.78
920003.BJ,中诚咨询,4.05,18.48,21.05,4.72,,,,1.2,38.1,,13.46,,,1.56,,,
920009.BJ,丹娜生物,5.4,44.03,52.84,,,,14.41,,0.0,,2.51,9.62,,21.02,,,
920160.BJ,北矿检测,6.2,37.49,44.8,8.61,,,,,0.0,,17.12,,,2.62,,,
920078.BJ,族兴新材,,,,,6.72,7.58,7.23,,0.0,,,17.27,,,,,
920028.BJ,新恒泰,,,,,9.78,10.61,8.16,,0.0,,,33.74,,,,,
920188.BJ,悦龙科技,,,,,17.14,17.24,15.5,,0.0,,,20.49,,,,,
301683.SZ,慧谷新材,,,,,14.75,,13.61,,0.0,53.09,,18.74,,,,,
301682.SZ,宏明电子,,,,,,,,,0.0,,,33.65,,,,,
001257.SZ,盛龙股份,,,,,15.48,,15.04,,0.0,22.58,,26.07,,,,,
688813.SH,泰金新能,,,,,21.43,,4.36,,0.0,10.6,,78.91,,,,,
688781.SH,视涯科技,,,,,-9.57,,-4.24,,0.0,,,57.15,,,,,
